stnId,stnNm,tm,avgTa,minTa,minTaHrmt,maxTa,maxTaHrmt,mi10MaxRn,mi10MaxRnHrmt,hr1MaxRn,hr1MaxRnHrmt,sumRnDur,sumRn,maxInsWs,maxInsWsWd,maxInsWsHrmt,maxWs,maxWsWd,maxWsHrmt,avgWs,hr24SumRws,maxWd,avgTd,minRhm,minRhmHrmt,avgRhm,avgPv,avgPa,maxPs,maxPsHrmt,minPs,minPsHrmt,avgPs,ssDur,sumSsHr,hr1MaxIcsrHrmt,hr1MaxIcsr,sumGsr,ddMefs,ddMefsHrmt,ddMes,ddMesHrmt,sumDpthFhsc,avgTca,avgLmac,avgTs,minTg,avgCm5Te,avgCm10Te,avgCm20Te,avgCm30Te,avgM05Te,avgM10Te,avgM15Te,avgM30Te,avgM50Te,sumLrgEv,sumSmlEv,n99Rn,iscs,sumFogDur,year,month,week,doy,is_spring,cold_stress,warm_day,rain_day
257,양산시,2019-01-01,1.5,-1.7,0527,5.7,1551,,,,,,,11.3,250,0118,5.3,320,1313,2.5,2153,290,-9.6,32,0223,43.8,3.0,1030.2,1033.7,0313,1029.6,1419,1032.1,9.8,8.1,1200,1.28,7.3,,,,,,2.5,1.3,0.3,-5.4,0.6,1.8,2.5,3.2,,,,,,1.5,2.2,,,,2019,1,1,1,0,0,0,0
257,양산시,2019-01-02,1.1,-2.5,0717,7.2,1449,,,,,,,13.2,250,0410,5.2,320,1359,2.4,2064,320,-12.0,22,1638,37.8,2.5,1031.1,1034.9,0921,1030.6,1421,1033.0,9.8,8.3,1200,1.26,7.41,,,,,,0.0,0.0,0.0,-7.3,0.3,1.7,2.5,3.4,,,,,,1.7,2.5,,,,2019,1,1,2,0,0,0,0
257,양산시,2019-01-03,1.8,-3.0,2331,9.0,1530,,,,,,,6.2,320,1514,3.6,320,1522,1.7,1463,200,-14.4,16,1544,30.5,2.0,1032.1,1035.5,1042,1032.7,1416,1034.0,9.8,8.3,1200,1.28,7.52,,,,,,0.0,0.0,-0.1,-7.7,0.1,1.5,2.3,3.3,,,,,,1.4,2.1,,,,2019,1,1,3,0,0,0,0
257,양산시,2019-01-04,2.7,-4.7,0517,8.4,1447,,,,,,,4.9,230,1148,3.5,250,1153,1.3,1139,250,-11.3,21,1437,37.5,2.6,1028.4,1034.9,0046,1026.4,2346,1030.3,9.9,4.5,1100,1.17,4.79,,,,,,3.6,1.3,-0.6,-8.9,0.0,1.0,2.0,3.1,,,,,,1.5,2.1,,,,2019,1,1,4,0,0,0,0
257,양산시,2019-01-05,4.9,-1.9,2357,12.2,1446,,,,,,,7.9,290,0623,4.6,320,1420,2.1,1826,320,-9.4,18,1611,36.3,3.1,1023.2,1026.6,0026,1022.6,1358,1025.1,9.9,5.8,1200,1.18,5.9,,,,,,5.1,2.8,3.6,-7.3,3.4,3.7,3.7,3.8,,,,,,1.7,2.4,,,,2019,1,1,5,0,0,0,0
257,양산시,2019-01-06,2.2,-2.5,0026,10.0,1513,,,,,,,5.8,320,1659,3.3,320,1600,1.1,922,250,-9.3,26,1514,43.3,3.1,1025.4,1028.7,1002,1025.2,1431,1027.3,9.9,7.3,1200,1.21,6.51,,,,,,4.5,2.4,1.6,-7.5,1.6,2.6,3.4,4.1,,,,,,1.2,1.8,,,,2019,1,1,6,0,0,0,0
257,양산시,2019-01-07,2.9,-3.5,0348,9.7,1455,,,,,,,7.1,320,1632,4.4,340,1636,1.7,1447,200,-11.3,20,1107,36.1,2.6,1025.2,1029.0,0933,1025.3,1443,1027.1,9.9,8.1,1200,1.12,6.57,,,,,,3.6,2.3,0.9,-7.9,1.0,2.0,2.9,3.8,,,,,,1.7,2.4,,,,2019,1,2,7,0,0,0,0
257,양산시,2019-01-08,3.0,-1.1,2332,8.4,1435,,,,,,,9.9,320,1935,4.9,320,1549,2.3,1998,320,-9.7,24,2043,40.0,3.0,1024.7,1030.0,2359,1023.7,1430,1026.6,9.9,8.4,1200,1.17,6.65,,,,,,4.5,1.5,1.2,-6.3,1.9,2.8,3.3,3.8,,,,,,1.8,2.5,,,,2019,1,2,8,0,0,0,0
257,양산시,2019-01-09,1.2,-2.8,0710,6.7,1543,,,,,,,7.7,340,0117,3.7,20,0016,1.8,1571,290,-10.0,33,1415,43.5,2.9,1030.2,1034.9,1011,1028.9,2400,1032.1,9.9,6.1,1100,1.16,5.89,,,,,,7.4,1.1,0.6,-6.3,1.4,2.4,3.2,3.9,,,,,,1.3,1.8,,,,2019,1,2,9,0,0,0,0
257,양산시,2019-01-10,4.4,-1.1,0111,9.7,1447,,,,,,,11.2,360,2024,5.1,320,1240,2.6,2263,200,-7.2,22,1135,44.4,3.6,1023.0,1029.0,0006,1022.4,1348,1024.9,9.9,6.6,1200,1.16,6.38,,,,,,4.1,2.3,3.4,-3.0,2.9,3.4,3.7,4.1,,,,,,1.7,2.4,,,,2019,1,2,10,0,0,0,0
257,양산시,2019-01-11,5.2,-2.3,0651,11.6,1451,,,,,,,8.9,290,0021,4.8,320,0003,1.6,1376,200,-2.5,40,1401,58.5,5.2,1023.3,1028.6,1009,1022.4,2356,1025.2,10.0,6.2,1200,1.12,5.77,,,,,,6.1,4.1,3.6,-7.0,3.3,3.7,4.0,4.4,,,,,,1.1,1.5,,,,2019,1,2,11,0,0,0,0
257,양산시,2019-01-12,5.9,4.3,0600,7.8,1424,,,,,,2.0,5.6,320,1327,3.3,320,1327,1.0,857,230,3.9,65,0001,87.8,8.1,1020.2,1023.2,2207,1020.2,1411,1022.0,10.0,0.0,1200,0.68,2.35,,,,,,7.6,4.8,5.4,3.6,5.7,5.6,5.5,5.4,,,,,,0.5,0.7,,,,2019,1,2,12,0,0,0,1
257,양산시,2019-01-13,4.5,-0.9,0746,12.5,1515,,,,,,,5.0,20,1504,2.7,340,1509,1.0,892,160,0.2,44,1555,75.9,6.2,1022.6,1025.9,2237,1023.1,0011,1024.5,10.0,5.9,1200,1.15,5.79,,,,,,2.0,1.5,3.1,-4.9,4.3,5.2,5.6,5.9,,,,,,0.9,1.3,,,,2019,1,2,13,0,0,0,0
257,양산시,2019-01-14,3.7,-2.1,0741,12.2,1430,,,,,,,5.1,250,1539,3.3,230,1544,1.1,977,250,-2.1,29,1613,69.1,5.2,1023.3,1027.6,0914,1023.6,2314,1025.2,10.0,7.6,1200,1.19,7.1,,,,,,3.4,0.5,2.0,-7.5,2.9,4.1,4.8,5.5,,,,,,1.3,1.8,,,,2019,1,3,14,0,0,0,0
257,양산시,2019-01-15,5.0,-0.2,0011,10.3,1435,,,,,,,9.7,320,2036,5.4,340,2349,2.5,2180,320,-4.9,31,1641,50.4,4.3,1020.3,1023.8,2352,1020.3,1612,1022.2,10.0,8.0,1200,1.11,6.28,,,,,,7.0,2.0,3.1,-4.1,3.6,4.3,4.8,5.3,,,,,,1.8,2.5,,,,2019,1,3,15,0,0,0,0
257,양산시,2019-01-16,0.7,-4.5,0723,6.2,1547,,,,,,,10.4,360,0315,6.0,360,0315,2.4,2096,320,-14.7,18,1623,31.9,2.0,1023.2,1027.4,0949,1023.3,1421,1025.1,10.1,8.6,1200,1.38,8.05,,,,,,1.6,0.0,0.4,-8.1,1.4,3.2,4.3,5.1,,,,,,1.7,2.4,,,,2019,1,3,16,0,0,0,0
257,양산시,2019-01-17,3.0,-2.4,0323,8.4,1612,,,,,,,9.8,320,1508,6.1,320,1517,2.5,2169,230,-7.6,36,1545,46.3,3.5,1022.0,1027.2,2359,1020.6,1401,1023.9,10.1,8.6,1200,1.29,7.83,,,,,,1.3,0.6,0.7,-5.7,1.5,2.7,3.5,4.4,,,,,,1.7,2.5,,,,2019,1,3,17,0,0,0,0
257,양산시,2019-01-18,4.2,-0.7,0725,11.3,1437,,,,,,,6.9,340,0159,4.0,340,0205,1.9,1637,180,-8.2,27,1236,41.4,3.4,1025.5,1029.7,0801,1025.5,1417,1027.4,10.1,8.6,1200,1.3,7.85,,,,,,2.9,0.1,1.5,-6.2,2.4,3.3,3.8,4.4,,,,,,1.5,2.2,,,,2019,1,3,18,0,0,0,0
257,양산시,2019-01-19,6.0,-0.9,0412,13.3,1319,,,,,,0.5,6.6,230,1506,4.5,230,1506,1.5,1328,230,-1.4,27,1248,62.1,5.7,1021.2,1027.2,0001,1017.9,2359,1023.1,10.1,4.9,1200,1.27,5.96,,,,,,7.9,3.1,4.3,-4.7,4.4,4.4,4.5,4.7,,,,,,1.4,2.0,,,,2019,1,3,19,0,0,0,1
257,양산시,2019-01-20,6.0,-0.1,2229,10.4,1418,,,,,,0.1,11.3,290,1404,6.3,320,1411,2.7,2303,320,-5.8,24,1631,46.6,4.4,1017.8,1023.5,2355,1017.0,0431,1019.6,10.1,8.6,1200,1.25,7.03,,,,,,2.5,2.4,4.1,-6.0,5.0,5.8,6.0,6.0,,,,,,2.2,3.1,,,,2019,1,3,20,0,0,0,1
257,양산시,2019-01-21,3.0,-2.1,0724,8.8,1601,,,,,,,8.0,320,1347,5.1,270,1156,2.4,2078,250,-9.9,26,0001,38.9,3.0,1019.8,1024.6,1038,1018.9,1821,1021.7,10.2,8.8,1200,1.36,8.31,,,,,,0.0,0.0,0.7,-6.1,2.2,3.5,4.4,5.2,,,,,,1.6,2.2,,,,2019,1,4,21,0,0,0,0
257,양산시,2019-01-22,3.9,-2.4,0709,11.1,1439,,,,,,,7.2,250,1633,4.5,230,1639,2.1,1824,200,-5.3,26,1430,53.0,4.2,1018.5,1022.4,0901,1018.3,1732,1020.3,10.2,8.7,1200,1.37,8.02,,,,,,0.0,0.0,1.4,-6.3,2.5,3.6,4.2,4.8,,,,,,1.6,2.3,,,,2019,1,4,22,0,0,0,0
257,양산시,2019-01-23,4.5,-0.9,0758,11.9,1546,,,,,,,6.9,320,1232,3.9,340,1214,1.5,1294,230,-3.8,35,1541,56.5,4.6,1018.3,1022.0,2350,1018.3,1449,1020.1,10.2,8.4,1200,1.23,7.17,,,,,,0.0,0.0,2.1,-6.2,2.9,3.8,4.3,4.8,,,,,,1.3,1.9,,,,2019,1,4,23,0,0,0,0
257,양산시,2019-01-24,2.9,-2.7,0552,11.3,1538,,,,,,,7.8,50,0119,3.0,20,0013,1.3,1096,230,-8.6,19,1635,44.9,3.2,1022.2,1025.9,1008,1021.9,0002,1024.0,10.2,8.8,1200,1.32,8.01,,,,,,0.0,0.0,1.4,-8.0,2.1,3.3,4.1,4.7,,,,,,1.6,2.3,,,,2019,1,4,24,0,0,0,0
257,양산시,2019-01-25,2.3,-2.6,0605,7.5,1524,,,,,,,9.9,50,2114,6.7,360,2155,2.4,2037,230,-10.2,24,2132,41.0,2.9,1020.6,1024.7,0150,1019.3,1658,1022.5,10.3,0.9,1100,0.67,3.56,,,,,,5.8,2.6,0.6,-7.1,1.5,2.4,3.4,4.4,,,,,,1.6,2.3,,,,2019,1,4,25,0,0,0,0
257,양산시,2019-01-26,1.1,-2.6,0728,6.4,1551,,,,,,,9.1,340,1126,5.6,320,1130,2.7,2349,320,-14.8,20,1610,29.9,1.9,1024.3,1029.5,2358,1023.1,0002,1026.2,10.3,8.8,1200,1.43,8.75,,,,,,0.0,0.0,0.7,-8.2,1.0,2.3,3.1,4.0,,,,,,1.8,2.6,,,,2019,1,4,26,0,0,0,0
257,양산시,2019-01-27,1.4,-6.0,0625,9.9,1441,,,,,,,7.7,320,1517,4.4,200,1425,1.8,1573,200,-11.8,18,1501,39.1,2.5,1025.3,1031.0,0848,1023.5,2334,1027.2,10.3,8.8,1200,1.46,8.91,,,,,,0.8,0.0,0.2,-11.1,0.2,1.7,2.6,3.6,,,,,,1.9,2.7,,,,2019,1,4,27,0,0,0,0
257,양산시,2019-01-28,4.6,-1.8,0250,11.8,1446,,,,,,,9.8,270,1205,6.1,270,1223,2.8,2453,270,-8.5,22,1803,40.3,3.3,1020.2,1025.9,2356,1018.2,1414,1022.0,10.3,8.5,1200,1.26,7.25,,,,,,4.6,1.6,2.8,-6.5,2.5,2.9,3.2,3.7,,,,,,2.1,3.0,,,,2019,1,5,28,0,0,0,0
257,양산시,2019-01-29,2.6,-3.8,0659,11.1,1435,,,,,,,5.4,230,1711,3.2,250,1425,1.2,1028,110,-6.2,34,1135,54.4,4.0,1026.2,1030.4,1046,1025.9,0001,1028.1,10.4,8.9,1200,1.38,8.37,,,,,,1.5,0.0,1.9,-8.7,2.0,3.0,3.5,4.0,,,,,,1.4,2.0,,,,2019,1,5,29,0,0,0,0
257,양산시,2019-01-30,6.8,-0.2,0030,13.9,1549,,,,,,,6.2,230,1626,4.2,230,1627,1.9,1670,230,-4.8,19,1552,47.5,4.3,1022.6,1028.1,0002,1021.5,2339,1024.4,10.4,7.3,1300,1.34,7.68,,,,,,7.6,4.4,6.0,-5.4,4.6,4.7,4.4,4.5,,,,,,1.9,2.6,,,,2019,1,5,30,0,0,0,0
257,양산시,2019-01-31,2.6,-1.7,2348,9.1,0204,,,,,,10.0,8.4,320,1634,4.6,320,1642,1.7,1491,180,-2.0,30,0019,75.1,5.5,1017.4,1021.8,0050,1016.8,1516,1019.2,10.4,0.8,1600,0.3,1.11,,,,,,7.0,4.4,2.7,-4.0,3.5,4.2,5.0,5.5,,,,,,0.6,0.8,,,,2019,1,5,31,0,0,0,1
257,양산시,2019-02-01,1.0,-3.1,0640,6.0,1425,,,,,,,10.0,320,1018,5.5,360,0453,2.6,2251,290,-8.2,38,0305,50.6,3.4,1021.9,1025.1,1018,1021.8,0003,1023.8,10.5,9.0,1200,1.48,9.18,,,,,,2.3,1.1,0.8,-5.2,1.0,2.3,3.3,4.3,,,,,,1.4,2.0,,,,2019,2,5,32,1,1,0,0
257,양산시,2019-02-02,3.1,-3.1,0722,8.6,1418,,,,,,,6.8,230,1518,4.8,230,1546,1.9,1678,230,-3.9,38,1419,61.0,4.7,1022.3,1026.6,1014,1022.1,1648,1024.2,10.5,9.0,1200,1.46,9.04,,,,,,1.9,1.3,1.6,-6.7,2.1,2.8,3.3,4.0,,,,,,1.2,1.7,,,,2019,2,5,33,1,1,0,0
257,양산시,2019-02-03,10.1,3.4,0121,16.1,1312,,,,,,11.5,10.3,230,1322,7.2,230,1322,2.4,2054,230,8.2,66,2111,89.3,11.3,1011.4,1022.2,0001,1008.4,1557,1013.2,10.5,1.0,1300,0.9,2.75,,,,,,8.6,3.6,7.5,3.4,7.4,6.5,5.7,5.2,,,,,,1.3,1.8,,,,2019,2,5,34,1,0,0,1
257,양산시,2019-02-04,6.8,3.3,2359,10.7,1336,,,,,,,12.7,20,0826,7.5,360,1001,3.0,2610,320,-9.5,18,1223,31.6,3.1,1022.3,1027.1,2304,1015.2,0004,1024.2,10.5,8.9,1200,1.51,8.89,,,,,,4.0,2.6,4.3,-1.9,5.5,6.3,6.6,6.6,,,,,,2.2,3.2,,,,2019,2,6,35,1,0,0,0
257,양산시,2019-02-05,5.1,-2.2,0729,13.6,1426,,,,,,,5.6,250,1708,3.7,230,1507,1.1,928,230,-4.9,22,1432,51.4,4.4,1021.3,1026.6,0002,1019.7,2353,1023.1,10.6,9.0,1300,1.41,8.93,,,,,,3.9,1.0,4.1,-6.4,4.3,5.1,5.6,6.0,,,,,,1.5,2.2,,,,2019,2,6,36,1,1,0,0
257,양산시,2019-02-06,7.9,0.2,0745,16.4,1503,,,,,,,8.1,230,1628,5.4,230,1636,1.6,1344,230,-1.3,20,1422,56.9,5.6,1015.6,1019.8,0001,1014.7,1409,1017.5,10.6,8.7,1200,1.42,8.97,,,,,,5.5,0.3,5.6,-4.7,5.8,6.2,6.3,6.4,,,,,,2.0,2.8,,,,2019,2,6,37,1,0,0,0
257,양산시,2019-02-07,7.5,-0.5,2358,14.1,1216,,,,,,,8.9,290,1122,5.2,320,1223,2.4,2087,320,-3.7,19,1735,48.0,5.2,1016.7,1023.4,2355,1015.3,0607,1018.5,10.7,4.3,1100,1.35,6.08,,,,,,7.6,1.0,5.2,-6.1,6.3,6.9,7.1,7.0,,,,,,2.0,2.8,,,,2019,2,6,38,1,1,0,0
257,양산시,2019-02-08,3.0,-1.3,0235,8.7,1456,,,,,,,6.8,180,1708,3.9,160,1704,1.9,1615,20,-8.6,31,0609,43.1,3.3,1021.9,1026.3,0810,1021.4,1727,1023.8,10.7,8.0,1200,1.46,8.35,,,,,,5.9,1.9,3.6,-6.2,3.8,4.9,5.7,6.4,,,,,,1.6,2.3,,,,2019,2,6,39,1,1,0,0
257,양산시,2019-02-09,2.8,0.1,2037,5.7,1324,,,,,,,9.5,340,1515,5.6,320,1517,2.3,1998,20,-12.3,22,0823,33.3,2.5,1023.1,1028.6,2216,1021.8,0051,1025.0,10.7,7.9,1200,1.44,8.54,,,,,,7.4,4.1,3.7,-4.6,3.8,4.9,5.7,6.2,,,,,,1.9,2.7,,,,2019,2,6,40,1,0,0,0
257,양산시,2019-02-10,3.6,-2.2,0555,9.2,1410,,,,,,,5.6,70,1457,3.6,70,1828,1.8,1540,70,-6.5,31,0023,47.8,4.0,1026.7,1031.3,0826,1026.6,1432,1028.6,10.8,5.9,1200,1.41,6.87,,,,,,8.0,3.1,3.7,-6.1,4.2,4.8,5.2,5.8,,,,,,1.5,2.2,,,,2019,2,6,41,1,1,0,0
257,양산시,2019-02-11,3.0,-0.4,0615,7.3,1512,,,,,,,8.3,340,1159,5.3,320,1222,2.4,2040,320,-11.6,21,1626,35.3,2.6,1028.1,1034.0,2323,1026.0,0201,1030.0,10.8,9.2,1200,1.55,9.68,,,,,,2.4,0.1,3.6,-6.1,4.2,5.3,5.8,6.1,,,,,,2.0,2.9,,,,2019,2,7,42,1,1,0,0
257,양산시,2019-02-12,3.7,-1.0,0302,9.1,1502,,,,,,,7.4,320,1209,4.2,320,1214,1.7,1477,320,-9.3,28,1448,38.6,3.1,1031.6,1036.5,1038,1031.4,1441,1033.5,10.8,8.6,1200,1.46,9.26,,,,,,4.6,1.5,3.8,-6.1,3.6,4.5,5.1,5.7,,,,,,1.6,2.3,,,,2019,2,7,43,1,1,0,0
257,양산시,2019-02-13,4.1,-1.3,0648,9.4,1418,,,,,,,8.0,290,1230,4.6,320,1234,1.8,1584,320,-9.1,26,1356,39.4,3.1,1029.3,1032.8,0834,1028.8,1401,1031.1,10.9,9.5,1200,1.45,9.2,,,,,,3.5,0.3,4.4,-6.1,4.5,5.3,5.7,5.9,,,,,,2.2,3.1,,,,2019,2,7,44,1,1,0,0
257,양산시,2019-02-14,4.6,-0.5,0055,10.0,1508,,,,,,,8.5,140,1250,5.2,90,1223,3.1,2649,70,-3.0,39,0409,58.6,5.0,1029.3,1033.1,0849,1029.0,2351,1031.2,10.9,6.1,1200,1.5,7.64,,,,,,7.1,2.1,5.9,-6.0,5.0,5.5,5.8,6.1,,,,,,1.4,2.0,,,,2019,2,7,45,1,1,0,0
257,양산시,2019-02-15,5.9,1.8,0234,12.3,1519,,,,,,0.5,6.9,320,2159,4.5,20,0002,2.1,1850,200,-0.8,37,1331,65.8,5.9,1021.0,1029.6,0012,1019.3,1722,1022.9,10.9,3.4,1300,1.17,5.99,,,,,,8.6,1.6,6.0,-0.7,5.8,6.1,6.3,6.5,,,,,,1.5,2.2,,,,2019,2,7,46,1,0,0,1
257,양산시,2019-02-16,3.7,-0.5,2229,8.5,1354,,,,,,,8.5,320,1554,4.8,320,1451,2.4,2060,320,-7.2,30,1458,45.6,3.6,1020.3,1024.0,2319,1020.2,1353,1022.2,10.9,8.9,1200,1.56,9.93,,,,,,6.8,1.6,5.0,-5.7,5.2,6.1,6.5,6.7,,,,,,1.8,2.6,,,,2019,2,7,47,1,1,0,0
257,양산시,2019-02-17,3.2,-2.1,0602,9.8,1554,,,,,,,7.4,340,1624,4.3,320,1625,2.0,1771,200,-11.9,19,1443,33.4,2.5,1023.0,1026.4,2351,1023.2,1510,1024.9,11.0,9.7,1200,1.67,10.93,,,,,,2.5,0.0,3.7,-6.8,3.7,4.9,5.7,6.3,,,,,,2.2,3.1,,,,2019,2,7,48,1,1,0,0
257,양산시,2019-02-18,5.2,-0.1,0157,9.8,1445,,,,,,0.0,4.8,250,1442,3.2,250,1455,1.3,1131,230,-8.4,20,1408,39.0,3.4,1023.9,1028.0,0912,1023.8,2359,1025.7,11.0,0.6,1200,0.88,4.6,,,,,,9.4,2.8,3.9,-5.2,4.3,4.7,5.3,5.9,,,,,,1.2,1.7,,,,2019,2,8,49,1,1,0,0
257,양산시,2019-02-19,6.3,4.2,0226,8.4,1436,,,,,,27.0,7.5,20,0848,5.6,50,0854,1.8,1596,50,5.4,61,0004,94.6,9.0,1016.4,1024.0,0200,1014.2,1326,1018.2,11.0,0.0,1300,0.43,1.84,,,,,,8.3,3.0,6.0,-0.4,6.5,6.5,6.5,6.5,,,,,,0.5,0.7,,,,2019,2,8,50,1,0,0,1
257,양산시,2019-02-20,5.3,0.7,0644,10.9,1436,,,,,,,10.8,320,1448,5.4,320,1452,2.0,1750,20,-2.2,34,1633,60.8,5.2,1022.6,1027.5,2341,1020.9,0030,1024.4,11.1,9.4,1200,1.63,10.4,,,,,,1.9,0.0,4.7,-3.2,5.2,6.0,6.5,6.7,,,,,,1.7,2.4,,,,2019,2,8,51,1,0,0,0
257,양산시,2019-02-21,5.8,-1.0,0654,12.7,1452,,,,,,,6.0,140,1555,3.5,160,1557,1.3,1148,70,-0.4,42,1411,66.4,6.0,1024.7,1028.7,0827,1024.6,1449,1026.6,11.1,8.6,1200,1.5,9.31,,,,,,4.5,,5.4,-5.6,5.7,6.1,6.4,6.7,,,,,,1.4,2.1,,,,2019,2,8,52,1,1,0,0
257,양산시,2019-02-22,8.0,1.8,0529,14.7,1340,,,,,,,5.7,200,1537,3.8,230,1536,1.3,1157,70,1.5,41,1335,65.9,6.8,1019.6,1025.5,0001,1018.4,1650,1021.4,11.2,4.9,1100,1.39,6.99,,,,,,7.9,3.3,6.3,-1.9,7.0,7.3,7.4,7.3,,,,,,1.4,2.0,,,,2019,2,8,53,1,0,0,0
257,양산시,2019-02-23,7.6,1.2,0528,14.6,1245,,,,,,,9.7,140,1407,5.7,90,1409,2.7,2345,50,1.1,39,1246,65.4,6.6,1022.6,1027.2,2204,1020.9,0001,1024.4,11.2,7.1,1200,1.56,7.82,,,,,,4.8,1.5,5.9,-3.3,6.6,7.1,7.4,7.6,,,,,,1.9,2.7,,,,2019,2,8,54,1,0,0,0
257,양산시,2019-02-24,7.1,-0.3,0656,15.5,1351,,,,,,,7.4,230,1444,5.1,230,1636,1.9,1683,230,0.6,33,1355,66.4,6.4,1021.7,1027.4,0636,1020.2,1533,1023.6,11.2,9.8,1200,1.67,10.87,,,,,,1.8,0.0,6.1,-5.0,6.8,7.5,7.6,7.6,,,,,,1.9,2.7,,,,2019,2,8,55,1,1,0,0
257,양산시,2019-02-25,9.7,2.0,0632,17.7,1318,,,,,,,8.1,140,1607,4.7,140,1716,2.0,1747,230,1.1,23,1303,59.9,6.7,1018.9,1022.6,2245,1018.2,1521,1020.7,11.3,8.9,1200,1.58,10.31,,,,,,3.3,0.6,8.3,-3.5,8.2,8.4,8.2,8.0,,,,,,2.2,3.1,,,,2019,2,9,56,1,0,0,0
257,양산시,2019-02-26,9.6,2.6,0649,16.7,1541,,,,,,,7.8,90,1921,4.0,140,1639,1.7,1428,140,2.6,26,1549,65.3,7.4,1021.9,1025.2,0937,1021.5,1528,1023.7,11.3,9.0,1200,1.53,9.62,,,,,,3.9,0.9,9.1,-1.9,8.9,9.1,8.9,8.7,,,,,,2.1,3.0,,,,2019,2,9,57,1,0,0,0
257,양산시,2019-02-27,11.0,8.7,0723,14.6,1501,,,,,,0.0,7.8,70,0256,4.4,70,0304,2.2,1883,70,3.4,45,1321,59.9,7.8,1020.4,1025.5,0019,1019.1,2235,1022.2,11.3,1.1,1100,1.02,4.71,,,,,,9.8,6.8,10.1,7.0,10.0,10.0,9.7,9.4,,,,,,1.2,1.7,,,,2019,2,9,58,1,0,0,0
257,양산시,2019-02-28,10.1,4.8,0645,15.4,1320,,,,,,0.1,7.5,50,1105,5.0,20,1106,1.4,1198,140,4.3,42,1509,69.4,8.3,1016.8,1020.5,2323,1016.4,1327,1018.6,11.4,5.3,1100,1.3,7.3,,,,,,7.4,1.6,9.5,0.3,9.7,10.0,9.9,9.6,,,,,,1.5,2.1,,,,2019,2,9,59,1,0,0,1
257,양산시,2019-03-01,9.6,3.4,0638,16.8,1531,,,,,,,7.0,110,1808,3.8,110,1809,1.6,1404,90,0.2,21,1555,57.4,6.3,1019.8,1023.3,0757,1019.8,1401,1021.6,11.4,9.2,1200,1.64,10.56,,,,,,2.6,0.0,9.5,-1.7,9.4,9.9,9.8,9.6,,,,,,2.3,3.3,,,,2019,3,9,60,1,0,0,0
257,양산시,2019-03-02,9.6,2.4,0538,16.2,1223,,,,,,,8.5,160,1255,4.9,160,1258,2.1,1802,20,2.2,39,1226,61.8,7.2,1018.5,1023.1,0803,1017.9,2349,1020.4,11.5,6.2,1200,1.58,8.27,,,,,,5.8,3.8,8.6,-2.2,9.2,9.6,9.7,9.6,,,,,,2.1,3.0,,,,2019,3,9,61,1,0,0,0
257,양산시,2019-03-03,11.9,8.2,0348,16.5,1409,,,,,,,8.6,50,1144,5.2,70,1812,2.4,2091,70,2.5,34,1358,53.8,7.3,1011.8,1018.0,0001,1010.9,1808,1013.6,11.5,3.2,1300,1.09,6.55,,,,,,9.0,3.6,11.3,4.5,11.0,10.9,10.5,10.1,,,,,,2.1,3.0,,,,2019,3,9,62,1,0,0,0
257,양산시,2019-03-04,11.4,6.7,2343,18.2,1449,,,,,,,7.8,90,1040,4.2,70,1031,2.0,1721,50,2.6,31,1436,56.8,7.4,1012.6,1020.1,2254,1010.4,0301,1014.4,11.5,7.2,1200,1.73,10.01,,,,,,5.1,3.0,13.5,1.6,12.4,12.2,11.5,10.8,,,,,,2.1,2.9,,,,2019,3,10,63,1,0,0,0
257,양산시,2019-03-05,10.5,2.8,0636,16.8,1315,,,,,,,7.5,230,1600,4.9,230,1538,1.9,1654,230,3.6,33,1431,66.0,8.0,1019.4,1022.9,0940,1020.0,1713,1021.3,11.6,6.0,1100,1.26,7.71,,,,,,6.4,0.4,9.8,-2.0,10.0,10.4,10.6,10.7,,,,,,1.9,2.7,,,,2019,3,10,64,1,0,0,0
257,양산시,2019-03-06,10.1,6.4,2211,13.8,1637,,,,,,2.0,4.9,360,1532,2.8,20,1533,1.0,898,70,5.9,59,1633,76.3,9.3,1014.4,1020.9,0001,1013.0,1708,1016.2,11.6,2.9,1500,0.98,4.42,,,,,,7.1,3.8,10.6,2.5,10.5,10.8,11.0,10.9,,,,,,0.8,1.1,,,,2019,3,10,65,1,0,0,1
257,양산시,2019-03-07,8.7,5.3,0535,13.9,1357,,,,,,,9.1,20,1246,5.4,70,1249,1.8,1523,70,2.4,41,1406,67.3,7.3,1017.3,1024.1,2304,1014.3,0001,1019.1,11.6,6.4,1000,1.3,8.35,,,,,,4.5,2.4,9.8,0.9,9.5,9.9,10.3,10.5,,,,,,1.6,2.2,,,,2019,3,10,66,1,0,0,0
257,양산시,2019-03-08,8.6,2.0,0656,15.5,1525,,,,,,,8.1,230,1641,5.3,230,1647,1.9,1630,230,3.0,45,1134,70.4,7.6,1023.9,1027.4,0842,1024.0,0030,1025.8,11.7,8.6,1400,1.4,9.78,,,,,,0.6,0.1,8.5,-2.8,8.8,9.5,9.9,10.2,,,,,,1.8,2.5,,,,2019,3,10,67,1,0,0,0
257,양산시,2019-03-09,10.0,1.9,0642,16.4,1336,,,,,,,8.8,200,1510,5.5,230,1402,2.3,2006,230,4.5,42,1014,71.1,8.5,1021.1,1026.6,0014,1019.9,2400,1022.9,11.7,9.1,1200,1.47,10.32,,,,,,5.1,3.3,9.2,-2.9,9.4,9.8,10.0,10.0,,,,,,2.0,2.9,,,,2019,3,10,68,1,0,0,0
257,양산시,2019-03-10,8.4,6.7,2343,11.2,0028,,,,,,43.5,10.5,50,1038,5.9,70,1043,3.2,2762,70,6.7,66,0001,89.4,9.8,1011.8,1020.1,0156,1009.8,1838,1013.6,11.7,0.0,1500,0.2,1.53,,,,,,8.9,3.1,8.2,3.8,8.8,9.4,10.1,10.4,,,,,,0.6,0.8,,,,2019,3,10,69,1,0,0,1
257,양산시,2019-03-11,9.6,3.4,0540,15.8,1357,,,,,,0.0,9.4,320,1958,4.9,230,1510,2.2,1933,200,3.2,29,1338,68.3,7.7,1008.0,1012.1,0735,1007.3,1659,1009.8,11.8,7.9,1200,1.75,10.25,,,,,,3.8,0.4,8.7,-0.9,9.2,9.5,9.7,9.8,,,,,,2.1,3.1,,,,2019,3,11,70,1,0,0,0
257,양산시,2019-03-12,9.5,4.7,0504,15.5,1443,,,,,,1.5,14.1,340,2056,8.4,360,2119,3.1,2690,230,1.5,32,1341,59.5,6.9,1009.8,1014.9,2359,1008.9,1623,1011.6,11.8,8.5,1200,1.76,11.1,,,,,,3.6,0.5,8.9,0.5,9.5,10.0,10.2,10.2,,,,,,2.8,4.0,,,,2019,3,11,71,1,0,0,1
257,양산시,2019-03-13,6.0,0.1,0619,11.8,1630,,,,,,,12.5,270,1301,7.0,270,1301,3.3,2828,290,-8.4,22,1647,35.3,3.3,1019.0,1024.5,2351,1015.0,0001,1020.9,11.8,9.6,1300,1.87,11.96,,,,,,1.8,0.5,4.1,-4.2,6.2,7.8,9.0,9.6,,,,,,2.8,4.0,,,,2019,3,11,72,1,0,0,0
257,양산시,2019-03-14,7.0,0.7,0500,14.2,1544,,,,,,,7.5,230,1629,5.1,230,1632,2.1,1856,200,-6.9,19,1143,39.1,3.8,1022.7,1026.6,0858,1022.3,1605,1024.6,11.9,10.0,1200,1.84,13.01,,,,,,1.3,0.0,6.6,-4.8,7.1,8.1,8.6,8.9,,,,,,2.6,3.8,,,,2019,3,11,73,1,0,0,0
257,양산시,2019-03-15,6.8,1.2,0421,14.2,1403,,,,,,4.5,11.0,290,1612,5.8,320,1614,2.0,1770,230,0.7,40,1422,67.5,6.5,1017.5,1024.6,0001,1014.7,2030,1019.4,11.9,5.6,1200,1.8,8.28,,,,,,5.5,0.8,7.3,-2.9,7.9,8.7,9.0,9.2,,,,,,1.8,2.6,,,,2019,3,11,74,1,0,0,1
257,양산시,2019-03-16,7.7,2.8,0607,13.8,1344,,,,,,,9.8,320,0303,5.9,320,0252,2.6,2238,230,-0.6,29,1355,57.5,5.9,1018.9,1024.1,0859,1016.6,0001,1020.7,12.0,9.7,1200,1.75,12.11,,,,,,1.1,0.0,7.3,-0.2,7.8,8.4,8.8,9.1,,,,,,2.2,3.2,,,,2019,3,11,75,1,0,0,0
257,양산시,2019-03-17,9.1,3.6,0537,15.9,1621,,,,,,,8.2,340,1430,5.0,320,1431,1.9,1676,320,-0.3,28,1550,54.5,6.0,1021.7,1025.4,2031,1020.5,0001,1023.6,12.0,9.9,1200,1.84,12.94,,,,,,0.8,0.0,8.7,-1.0,9.0,9.6,9.6,9.5,,,,,,2.3,3.2,,,,2019,3,11,76,1,0,0,0
257,양산시,2019-03-18,10.1,2.8,0528,15.7,1224,,,,,,,9.6,230,1333,6.5,230,1320,2.3,2017,230,3.0,36,1233,64.0,7.6,1019.2,1025.3,0042,1018.0,2349,1021.1,12.0,5.9,1200,1.48,8.74,,,,,,8.3,2.9,9.3,-1.4,9.3,9.6,9.8,9.9,,,,,,2.2,3.1,,,,2019,3,12,77,1,0,0,0
257,양산시,2019-03-19,13.2,6.6,0624,23.3,1510,,,,,,,7.8,340,1440,5.4,230,1615,1.9,1672,200,3.5,23,1249,56.6,7.9,1015.1,1019.1,2334,1014.8,1413,1016.9,12.1,9.7,1200,1.74,11.85,,,,,,1.2,,12.5,3.8,12.6,12.4,11.5,10.7,,,,,,2.7,3.9,,,,2019,3,12,78,1,0,0,0
257,양산시,2019-03-20,12.6,6.3,0531,19.8,1238,,,,,,21.0,9.3,250,2154,5.6,250,1739,1.8,1584,230,8.3,31,1700,77.4,11.2,1012.3,1019.4,0124,1005.4,2400,1014.1,12.1,0.9,1200,0.98,4.73,,,,,,9.9,2.0,11.0,2.7,11.1,11.3,11.4,11.3,,,,,,1.4,2.1,,,,2019,3,12,79,1,0,0,1
257,양산시,2019-03-21,17.0,11.2,2358,22.7,1301,,,,,,7.0,11.1,200,0102,7.0,230,0049,3.9,3377,290,8.7,31,2224,60.5,12.0,1004.3,1013.6,2349,1001.9,0511,1006.0,12.2,8.5,1200,1.62,10.91,,,,,,7.9,1.9,16.5,9.8,16.1,15.4,14.1,12.7,,,,,,3.1,4.5,,,,2019,3,12,80,1,0,0,1
257,양산시,2019-03-22,10.0,5.9,0630,16.4,1526,,,,,,,8.4,340,0126,5.3,320,0128,2.0,1763,250,-0.8,24,1629,48.4,5.8,1015.6,1020.4,2328,1013.5,0049,1017.4,12.2,9.6,1200,1.88,13.04,,,,,,4.5,1.4,11.1,4.4,12.0,12.8,13.1,13.0,,,,,,2.8,4.0,,,,2019,3,12,81,1,0,0,0
257,양산시,2019-03-23,8.0,4.4,2327,14.3,1456,,,,,,0.0,12.2,20,1614,7.1,340,1614,3.1,2693,340,-5.7,20,1413,38.8,4.1,1019.0,1023.3,2349,1016.5,1551,1020.8,12.2,8.0,1200,1.93,12.5,,,,,,4.6,1.6,9.6,1.4,10.6,11.7,12.2,12.3,,,,,,3.0,4.3,,,,2019,3,12,82,1,0,0,0
257,양산시,2019-03-24,7.2,0.6,0639,14.1,1503,,,,,,,9.1,200,1732,6.3,230,1624,2.7,2334,180,-4.3,24,1438,46.0,4.6,1020.1,1024.9,0900,1018.5,1657,1022.0,12.3,9.9,1200,1.95,14.0,,,,,,0.1,0.0,8.1,-3.4,9.3,10.3,10.9,11.4,,,,,,2.8,3.9,,,,2019,3,12,83,1,0,0,0
257,양산시,2019-03-25,8.8,2.6,0636,15.0,1308,,,,,,,9.4,200,1544,6.1,200,1547,2.7,2311,200,-0.7,34,1543,52.6,5.8,1017.2,1020.9,0136,1017.1,1611,1019.0,12.3,4.3,1100,1.33,8.53,,,,,,7.1,1.4,8.3,0.2,9.2,10.0,10.6,11.0,,,,,,2.2,3.2,,,,2019,3,13,84,1,0,0,0
257,양산시,2019-03-26,12.3,4.9,0348,21.0,1443,,,,,,,16.8,340,1401,6.9,320,1404,2.1,1839,230,0.5,20,1451,50.3,6.4,1016.5,1020.2,2301,1016.8,0339,1018.3,12.3,9.8,1200,1.83,13.12,,,,,,0.1,0.0,11.8,0.9,11.8,12.0,11.5,11.2,,,,,,3.2,4.6,,,,2019,3,13,85,1,0,0,0
257,양산시,2019-03-27,13.5,5.7,0509,20.8,1258,,,,,,,13.6,250,1344,8.3,230,1327,3.9,3378,230,2.4,24,1318,48.8,7.3,1013.7,1020.3,0003,1011.8,1703,1015.4,12.4,9.5,1300,1.74,12.43,,,,,,3.1,0.0,12.4,1.0,12.5,12.6,12.3,12.0,,,,,,4.1,5.9,,,,2019,3,13,86,1,0,0,0
257,양산시,2019-03-28,13.1,11.0,0459,19.1,1317,,,,,,,8.7,180,1336,5.1,160,1342,2.2,1914,70,6.9,44,1301,66.9,10.0,1012.5,1015.9,2327,1012.7,0040,1014.3,12.4,5.2,1100,1.65,9.1,,,,,,8.4,3.0,13.6,7.9,13.9,14.0,13.6,12.9,,,,,,1.7,2.5,,,,2019,3,13,87,1,0,0,0
257,양산시,2019-03-29,13.8,8.6,0510,19.0,1342,,,,,,,8.8,230,1658,5.6,230,1718,2.0,1695,230,8.8,50,1229,73.1,11.4,1012.3,1015.9,0943,1012.3,1507,1014.0,12.4,6.9,1300,1.42,9.92,,,,,,7.4,5.4,15.2,4.8,14.8,14.5,13.9,13.3,,,,,,2.0,2.8,,,,2019,3,13,88,1,0,0,0
257,양산시,2019-03-30,12.1,6.0,2333,17.8,1410,,,,,,4.5,12.2,320,2031,7.7,320,2025,2.9,2539,270,4.0,34,1800,60.4,8.6,1010.7,1015.9,2354,1009.0,1717,1012.5,12.5,6.6,1200,1.77,9.83,,,,,,5.4,1.0,13.4,4.0,13.9,14.4,14.4,13.9,,,,,,2.7,3.8,,,,2019,3,13,89,1,0,0,1
257,양산시,2019-03-31,8.3,4.6,0617,13.4,1456,,,,,,,10.0,360,1752,5.8,320,0930,3.2,2757,290,-4.2,27,1532,42.4,4.6,1017.5,1023.0,2335,1015.8,0003,1019.3,12.5,9.0,1100,1.75,12.39,,,,,,4.8,1.1,9.9,2.2,10.5,11.6,12.4,12.9,,,,,,3.0,4.2,,,,2019,3,13,90,1,0,0,0
257,양산시,2019-04-01,8.1,2.2,0632,13.9,1425,,,,,,,10.8,340,1331,6.0,340,1332,2.7,2375,320,-6.3,23,1251,36.3,3.8,1021.2,1024.9,0803,1021.2,1541,1023.0,12.6,8.8,1200,2.0,12.84,,,,,,1.6,1.3,8.0,-1.3,9.5,10.8,11.4,11.9,,,,,,2.9,4.1,,,,2019,4,14,91,1,0,0,0
257,양산시,2019-04-02,8.7,1.7,0552,15.9,1435,,,,,,,8.4,230,1710,5.7,230,1736,2.2,1925,230,-3.3,22,1329,45.3,4.9,1021.0,1025.0,0736,1019.6,1642,1022.8,12.6,9.8,1200,1.96,14.41,,,,,,0.5,0.1,10.2,-2.8,11.0,11.7,11.7,11.8,,,,,,3.0,4.3,,,,2019,4,14,92,1,0,0,0
257,양산시,2019-04-03,9.1,1.4,0619,16.1,1401,,,,,,,9.3,250,1546,6.0,230,1549,2.1,1836,230,-3.9,20,1307,42.8,4.6,1021.7,1026.6,0646,1020.7,1805,1023.5,12.6,10.0,1200,1.97,14.46,,,,,,0.0,0.0,10.3,-3.0,11.1,12.0,12.1,12.1,,,,,,3.5,5.0,,,,2019,4,14,93,1,0,0,0
257,양산시,2019-04-04,12.8,5.2,0411,20.7,1410,,,,,,,10.7,200,1609,6.7,230,1528,3.1,2673,230,-2.0,21,1411,37.4,5.5,1016.5,1022.5,0047,1014.3,1713,1018.3,12.7,10.0,1200,1.96,14.31,,,,,,2.1,0.0,12.4,1.0,12.8,13.1,12.8,12.5,,,,,,4.0,5.7,,,,2019,4,14,94,1,0,0,0
257,양산시,2019-04-05,14.8,6.1,0515,21.6,1719,,,,,,,10.2,200,1439,6.5,230,1527,2.9,2512,230,1.6,28,0939,41.8,7.0,1008.6,1015.3,0001,1006.5,1543,1010.4,12.7,9.4,1200,1.8,12.72,,,,,,2.0,0.0,14.4,0.8,14.3,14.4,13.8,13.3,,,,,,3.5,4.9,,,,2019,4,14,95,1,0,0,0
257,양산시,2019-04-06,13.6,5.8,0540,20.5,1228,,,,,,,9.2,230,1454,5.8,230,1316,2.1,1821,230,3.1,24,1005,51.9,7.8,1010.8,1014.9,0815,1010.0,1725,1012.5,12.7,10.1,1100,1.83,13.63,,,,,,0.0,0.0,13.6,0.8,14.1,14.6,14.3,13.8,,,,,,3.1,4.5,,,,2019,4,14,96,1,0,0,0
257,양산시,2019-04-07,12.6,7.8,0501,19.3,1337,0.3,1739,0.5,1709,,0.5,8.3,160,1446,4.5,140,1414,1.5,1258,250,7.4,49,1338,73.1,10.4,1009.5,1012.5,0859,1009.4,1438,1011.3,12.8,0.2,1100,1.19,5.25,,,,,,7.6,4.1,13.1,4.5,13.3,13.8,14.0,13.9,,,,,,1.4,2.0,,,,2019,4,14,97,1,0,0,1
257,양산시,2019-04-08,14.0,8.5,0632,23.0,1446,,,,,,,10.5,110,1830,7.1,110,1836,2.8,2462,110,5.0,22,1449,60.6,9.0,1013.8,1021.8,2359,1011.4,0309,1015.5,12.8,9.2,1200,1.84,13.18,,,,,,3.4,1.3,15.5,4.3,15.4,15.5,14.8,14.1,,,,,,4.0,5.7,,,,2019,4,15,98,1,0,0,0
257,양산시,2019-04-09,11.3,7.8,2232,16.7,1139,1.5,2300,5.5,2259,,13.0,17.2,70,1245,10.8,110,2012,4.8,4184,70,3.0,37,1234,59.0,7.7,1016.6,1022.7,0928,1010.7,2324,1018.4,12.8,6.3,1100,1.77,10.09,,,,,,6.4,2.6,12.0,6.9,13.2,14.4,14.6,14.5,,,,,,2.5,3.6,,,,2019,4,15,99,1,0,0,1
257,양산시,2019-04-10,9.8,7.4,0009,12.9,1330,1.0,2,3.0,1,,8.0,16.0,70,0227,9.3,70,0227,4.6,3966,70,5.6,63,1511,75.6,9.1,1009.4,1016.0,2313,1007.8,0203,1011.2,12.9,0.4,1300,1.22,6.03,,,,,,7.8,4.4,10.5,6.9,11.0,11.9,12.8,13.4,,,,,,1.5,2.1,,,,2019,4,15,100,1,0,0,1
257,양산시,2019-04-11,10.3,4.5,0540,15.2,1323,,,,,,,6.4,70,0858,3.6,70,0917,1.6,1404,140,3.8,42,1257,66.0,8.0,1014.7,1017.8,2211,1015.2,1453,1016.5,12.9,3.0,1000,1.2,7.98,,,,,,7.1,3.9,9.8,1.0,10.5,11.4,12.2,12.7,,,,,,1.6,2.3,,,,2019,4,15,101,1,0,0,0
257,양산시,2019-04-12,11.8,7.3,0624,18.7,1408,0.5,343,1.3,308,,1.5,7.7,110,1456,4.9,140,1445,1.6,1377,160,5.1,31,1411,67.0,8.8,1017.6,1022.1,2339,1017.5,0143,1019.4,13.0,7.4,1000,1.72,11.33,,,,,,5.8,3.0,11.5,5.6,12.4,12.9,13.0,12.9,,,,,,2.1,3.1,,,,2019,4,15,102,1,0,0,1
257,양산시,2019-04-13,12.3,5.0,0547,19.0,1459,,,,,,,8.4,250,1658,5.5,230,1518,2.0,1717,230,4.3,37,1514,61.1,8.3,1019.6,1023.3,0716,1019.4,1636,1021.4,13.0,6.2,1400,1.48,10.32,,,,,,6.1,4.1,12.9,1.2,12.6,12.7,12.9,13.1,,,,,,2.6,3.6,,,,2019,4,15,103,1,0,0,0
257,양산시,2019-04-14,12.6,7.4,2357,17.1,1705,0.1,,0.2,,,0.2,9.1,200,1248,5.8,230,1244,2.5,2203,230,4.9,42,2139,60.4,8.8,1014.0,1020.3,0001,1012.4,1704,1015.8,13.0,2.4,1500,0.92,5.75,,,,,,6.1,2.1,11.1,2.8,12.0,12.4,13.0,13.1,,,,,,2.0,2.8,,,,2019,4,15,104,1,0,0,1
257,양산시,2019-04-15,12.1,3.5,0559,23.1,1428,,,,,,,9.1,230,1545,5.9,230,1553,1.8,1575,160,1.0,22,1413,50.9,6.7,1017.7,1021.1,2319,1016.9,0001,1019.5,13.1,10.1,1100,1.93,14.71,,,,,,0.1,0.0,12.8,-1.0,13.2,13.4,13.1,12.8,,,,,,3.2,4.6,,,,2019,4,16,105,1,0,0,0
257,양산시,2019-04-16,14.5,5.0,0459,25.1,1313,,,,,,,9.6,230,1552,6.0,230,1345,1.9,1671,200,3.5,19,1309,53.5,7.9,1016.7,1021.0,0001,1016.1,1631,1018.5,13.1,9.1,1100,1.92,13.18,,,,,,5.0,0.6,14.3,0.8,14.2,14.4,14.1,13.6,,,,,,3.7,5.4,,,,2019,4,16,106,1,0,1,0
257,양산시,2019-04-17,17.0,11.3,0335,25.0,1435,,,,,,,8.4,230,1534,5.3,230,1515,2.1,1796,230,5.8,26,1546,50.0,9.3,1012.0,1016.9,0001,1010.9,1527,1013.8,13.1,8.6,1200,1.95,14.02,,,,,,5.8,3.0,19.2,7.9,18.4,17.6,16.2,15.0,,,,,,3.7,5.3,,,,2019,4,16,107,1,0,1,0
257,양산시,2019-04-18,16.5,10.2,0612,23.5,1343,,,,,,,11.3,200,1242,7.0,230,1628,3.4,2915,230,9.2,37,1350,64.3,11.7,1011.0,1014.5,2325,1010.8,1538,1012.8,13.2,10.1,1200,1.98,14.51,,,,,,3.8,0.0,18.0,7.2,17.6,17.5,16.8,16.0,,,,,,3.7,5.2,,,,2019,4,16,108,1,0,0,0
257,양산시,2019-04-19,13.7,10.2,2329,16.7,0452,,,,,,,9.9,110,0646,5.6,110,0645,3.3,2841,90,7.0,53,1605,64.8,10.1,1016.8,1020.4,1126,1014.5,0001,1018.6,13.2,2.3,0900,1.3,7.21,,,,,,7.8,7.4,16.2,8.4,15.8,16.3,16.5,16.2,,,,,,1.9,2.7,,,,2019,4,16,109,1,0,0,0
257,양산시,2019-04-20,14.9,7.8,0615,21.6,1310,,,,,,,8.5,230,1616,5.5,230,1551,2.1,1781,230,7.6,38,0937,63.3,10.5,1014.4,1019.9,0001,1012.3,1717,1016.1,13.2,10.0,1200,1.94,14.72,,,,,,1.3,1.1,17.5,4.4,17.0,17.0,16.5,15.9,,,,,,2.9,4.2,,,,2019,4,16,110,1,0,0,0
257,양산시,2019-04-21,17.6,10.6,0604,24.4,1410,,,,,,,6.7,230,1540,4.4,230,1526,1.8,1523,200,11.5,51,1352,69.3,13.6,1011.9,1015.6,2317,1011.7,1540,1013.6,13.3,2.5,1200,1.27,7.97,,,,,,7.6,1.1,18.2,8.4,17.7,17.4,16.9,16.5,,,,,,2.0,2.8,,,,2019,4,16,111,1,0,0,0
257,양산시,2019-04-22,18.4,12.1,0545,25.9,1343,,,,,,,9.8,140,1608,5.3,140,1608,2.4,2070,110,10.9,42,1510,63.8,13.1,1015.6,1019.2,2113,1015.4,0049,1017.3,13.3,10.1,1200,1.9,13.96,,,,,,3.6,0.0,21.5,8.7,20.0,19.7,18.4,17.3,,,,,,3.4,4.9,,,,2019,4,17,112,1,0,1,0
257,양산시,2019-04-23,16.5,12.9,0606,21.8,1203,0.5,1519,0.9,1429,,3.0,7.0,50,0040,4.6,50,0040,1.9,1643,50,11.8,43,1142,76.1,14.1,1013.6,1019.0,0015,1012.2,2311,1015.4,13.3,0.0,0900,0.74,4.42,,,,,,8.6,1.9,16.8,10.1,17.2,17.7,17.9,17.7,,,,,,1.1,1.5,,,,2019,4,17,113,1,0,0,1
257,양산시,2019-04-24,18.5,15.9,0013,23.3,1644,1.0,2239,3.0,2215,,9.0,6.5,230,1809,4.1,230,1810,1.6,1380,230,17.3,72,1658,93.3,19.8,1005.8,1012.2,0001,1005.3,1606,1007.5,13.4,0.7,1400,0.76,4.66,,,,,,5.6,4.1,18.7,15.7,18.7,18.4,17.8,17.3,,,,,,1.2,1.8,,,,2019,4,17,114,1,0,0,1
257,양산시,2019-04-25,14.6,11.8,2400,18.5,0029,0.2,,0.3,1,,0.5,12.4,110,0602,6.5,70,0540,3.9,3354,70,9.7,54,1318,73.8,12.2,1007.9,1010.8,2037,1007.5,0253,1009.7,13.4,0.0,1300,0.72,4.04,,,,,,7.5,6.1,15.3,11.5,16.0,16.7,17.3,17.4,,,,,,1.4,2.0,,,,2019,4,17,115,1,0,0,1
257,양산시,2019-04-26,11.3,8.9,2356,15.3,1151,0.5,847,1.5,1705,,4.5,11.1,70,1211,6.1,70,1331,3.2,2764,70,9.2,71,1207,87.5,11.7,1010.9,1018.1,2355,1008.5,0513,1012.7,13.4,0.1,1200,0.89,3.6,,,,,,9.0,5.3,12.4,6.8,13.2,14.4,15.4,16.1,,,,,,1.2,1.6,,,,2019,4,17,116,1,0,0,1
257,양산시,2019-04-27,12.4,7.6,0516,19.0,1317,,,,,,,8.0,20,0927,4.5,20,0931,2.2,1863,50,5.0,36,1331,62.5,8.7,1020.6,1024.3,2313,1018.1,0001,1022.4,13.5,7.7,1200,1.99,12.95,,,,,,5.1,2.4,13.4,4.2,13.6,14.2,14.8,15.1,,,,,,2.4,3.4,,,,2019,4,17,117,1,0,0,0
257,양산시,2019-04-28,13.2,9.0,0308,19.6,1606,,,,,,,5.0,230,1655,3.0,230,1656,1.1,964,140,6.4,40,1510,65.8,9.6,1020.3,1024.9,1035,1019.4,1907,1022.1,13.5,4.4,1400,1.78,8.92,,,,,,6.9,4.6,15.6,7.1,15.1,15.1,15.2,15.4,,,,,,1.7,2.5,,,,2019,4,17,118,1,0,0,0
257,양산시,2019-04-29,12.8,11.1,0032,14.2,2211,2.0,1726,8.5,1723,,33.5,9.7,70,2101,5.5,70,2048,3.0,2623,50,11.0,65,0629,89.6,13.3,1013.3,1021.0,0017,1010.4,2015,1015.1,13.5,0.0,0900,0.21,1.16,,,,,,8.6,5.0,12.5,10.5,12.9,13.6,14.5,15.1,,,,,,0.6,0.9,,,,2019,4,18,119,1,0,0,1
257,양산시,2019-04-30,16.0,12.3,2333,21.2,1438,,,,,,,7.8,70,0803,4.2,20,0056,1.9,1629,70,12.8,61,1438,82.8,14.8,1007.9,1011.6,0005,1007.4,1717,1009.6,13.6,2.6,1400,1.22,7.43,,,,,,6.3,4.9,17.0,9.4,16.3,15.8,15.3,15.0,,,,,,1.4,1.9,,,,2019,4,18,120,1,0,0,0
257,양산시,2019-05-01,17.4,12.2,0006,25.6,1540,,,,,,,9.4,320,1607,5.6,230,1638,1.6,1389,230,12.3,33,1609,75.4,14.4,1004.7,1009.4,0001,1003.2,1615,1006.5,13.6,5.8,1200,1.67,11.08,,,,,,6.5,4.1,18.9,9.5,18.2,17.7,16.9,16.2,,,,,,2.4,3.5,,,,2019,5,18,121,1,0,1,0
257,양산시,2019-05-02,16.7,9.8,0524,23.9,1207,,,,,,,10.3,200,1517,7.4,200,1520,2.1,1791,230,9.2,41,1156,65.0,11.6,1010.4,1015.5,2345,1007.9,0001,1012.2,13.6,10.3,1200,1.96,15.23,,,,,,0.0,0.0,17.4,7.0,17.5,17.8,17.5,16.9,,,,,,3.2,4.6,,,,2019,5,18,122,1,0,0,0
257,양산시,2019-05-03,17.9,8.5,0523,27.7,1311,,,,,,,8.2,200,1323,4.8,230,1330,1.5,1314,,8.2,23,1300,59.1,10.9,1015.7,1019.6,2203,1015.5,0001,1017.4,13.7,10.7,1200,1.98,15.19,,,,,,0.0,0.0,18.0,4.9,18.3,18.6,18.0,17.3,,,,,,3.7,5.2,,,,2019,5,18,123,1,0,1,0
257,양산시,2019-05-04,18.4,9.7,0459,27.9,1343,,,,,,,7.2,230,1558,4.1,250,1602,1.5,1294,250,9.2,32,1229,59.1,11.7,1017.2,1020.2,0811,1017.4,1556,1019.0,13.7,10.2,1100,1.84,13.59,,,,,,3.9,0.3,18.4,6.3,18.9,19.2,18.8,18.0,,,,,,3.3,4.7,,,,2019,5,18,124,1,0,1,0
257,양산시,2019-05-05,19.4,12.6,0525,26.7,1501,,,,,,,9.5,200,1401,5.7,230,1409,2.3,1998,230,10.1,34,1327,57.9,12.4,1015.3,1019.9,0711,1014.1,1729,1017.0,13.7,9.8,1300,1.84,13.86,,,,,,5.4,0.3,20.5,10.4,20.2,20.1,19.4,18.6,,,,,,3.8,5.5,,,,2019,5,18,125,1,0,1,0
257,양산시,2019-05-06,15.6,10.9,0533,23.3,1244,0.0,,0.0,,,0.0,10.6,110,1342,6.1,90,1619,2.8,2432,70,8.1,39,1107,62.6,10.9,1014.3,1019.1,2159,1014.4,0334,1016.0,13.8,8.1,1200,2.03,12.51,,,,,,3.0,1.5,18.7,7.4,19.1,19.5,19.3,18.8,,,,,,3.0,4.3,,,,2019,5,19,126,1,0,0,0
257,양산시,2019-05-07,14.8,7.8,0607,23.2,1348,,,,,,,8.4,250,1543,5.2,230,1515,2.1,1788,250,5.2,25,1351,56.3,8.9,1015.7,1019.6,0806,1014.8,1615,1017.5,13.8,10.4,1100,1.96,15.56,,,,,,1.0,0.8,18.0,3.9,18.4,19.1,19.1,18.7,,,,,,3.5,5.0,,,,2019,5,19,127,1,0,0,0
257,양산시,2019-05-08,16.5,7.5,0512,25.0,1256,,,,,,,8.7,230,1413,5.7,230,1416,2.2,1883,230,4.3,22,1148,48.8,8.3,1012.3,1017.8,0001,1010.9,1617,1014.0,13.8,8.0,1100,1.78,12.73,,,,,,5.9,2.6,16.7,3.9,17.8,18.5,18.7,18.5,,,,,,3.9,5.6,,,,2019,5,19,128,1,0,1,0
257,양산시,2019-05-09,18.8,13.0,2359,26.9,1427,,,,,,,8.5,250,1719,5.3,230,1723,2.2,1922,230,5.1,21,1448,44.0,8.9,1008.9,1012.5,2355,1008.3,1605,1010.7,13.9,9.0,1000,1.78,14.25,,,,,,5.0,3.4,21.7,8.3,21.0,20.7,20.0,19.1,,,,,,4.0,5.7,,,,2019,5,19,129,1,0,1,0
257,양산시,2019-05-10,18.5,10.5,0222,27.9,1322,,,,,,,7.0,230,1521,4.3,230,1431,1.6,1353,90,6.4,28,1240,49.0,9.6,1011.9,1015.0,2353,1012.0,0116,1013.6,13.9,9.8,1200,1.95,14.43,,,,,,4.8,0.0,21.2,6.5,20.8,21.0,20.4,19.5,,,,,,3.7,5.3,,,,2019,5,19,130,1,0,1,0
257,양산시,2019-05-11,19.1,9.9,0338,28.6,1325,,,,,,,7.0,250,1427,4.4,250,1623,1.5,1306,250,7.0,23,1113,49.9,10.0,1013.2,1016.5,2316,1013.3,1541,1014.9,13.9,10.3,1100,1.94,15.56,,,,,,2.3,0.3,21.3,6.0,21.2,21.5,20.9,20.0,,,,,,4.1,5.9,,,,2019,5,19,131,1,0,1,0
257,양산시,2019-05-12,20.2,13.1,0535,28.4,1242,,,,,,,9.3,90,1756,5.4,20,2304,2.9,2471,90,8.6,23,1506,51.1,11.3,1015.6,1019.4,2244,1016.1,0419,1017.3,13.9,10.1,1200,1.96,15.47,,,,,,2.6,0.0,23.0,9.5,22.3,22.4,21.7,20.7,,,,,,4.9,7.0,,,,2019,5,19,132,1,0,1,0
257,양산시,2019-05-13,19.7,13.5,0538,26.7,1359,,,,,,,9.1,70,0648,5.4,50,0236,2.7,2371,250,11.8,39,1141,62.6,14.0,1014.8,1018.8,0031,1014.8,1535,1016.6,14.0,8.5,1100,1.81,13.77,,,,,,7.0,2.5,23.0,11.5,22.6,22.6,21.9,21.1,,,,,,3.1,4.4,,,,2019,5,20,133,1,0,1,0
257,양산시,2019-05-14,21.8,17.3,0001,28.5,1411,0.0,,0.0,,,0.0,7.9,200,1416,5.0,230,1423,1.8,1563,200,15.6,44,1414,69.4,17.7,1012.6,1015.4,0853,1012.4,1536,1014.3,14.0,8.6,1100,2.03,13.93,,,,,,7.5,1.4,25.8,15.6,25.1,24.5,23.1,21.9,,,,,,3.0,4.3,,,,2019,5,20,134,1,0,1,0
257,양산시,2019-05-15,21.8,16.2,0440,29.2,1536,,,,,,,8.2,230,1433,4.2,250,1451,1.6,1341,230,13.8,39,1715,63.3,15.9,1012.6,1015.6,0829,1012.7,1529,1014.4,14.0,9.8,1300,1.9,14.43,,,,,,6.5,2.3,26.2,13.5,25.2,24.9,23.7,22.5,,,,,,3.3,4.8,,,,2019,5,20,135,1,0,1,0
257,양산시,2019-05-16,22.3,15.1,0316,31.2,1437,,,,,,,7.6,230,1500,4.0,180,1504,1.2,1036,140,11.6,31,1139,54.3,13.7,1012.1,1015.1,2316,1012.4,1544,1013.8,14.0,9.9,1200,1.91,14.9,,,,,,5.3,0.3,26.0,12.1,25.1,24.9,24.0,22.8,,,,,,3.7,5.3,,,,2019,5,20,136,1,0,1,0
257,양산시,2019-05-17,22.0,15.1,0518,28.0,1140,0.0,,0.0,,,0.0,10.0,110,2133,5.0,110,2156,2.2,1891,140,13.6,47,1000,60.0,15.6,1012.9,1015.9,0707,1013.7,1521,1014.6,14.1,6.4,1000,1.81,12.16,,,,,,6.9,1.6,23.6,12.0,23.8,23.9,23.7,22.9,,,,,,3.3,4.7,,,,2019,5,20,137,1,0,1,0
257,양산시,2019-05-18,18.6,17.4,1759,22.2,0002,0.5,504,2.5,1719,,14.5,10.8,90,2223,6.5,90,2232,3.8,3282,70,15.7,58,0012,84.1,17.8,1012.4,1015.2,0903,1012.6,0342,1014.1,14.1,0.0,1200,0.46,3.08,,,,,,9.4,2.4,19.1,16.8,19.9,20.8,21.8,22.2,,,,,,1.4,2.0,,,,2019,5,20,138,1,0,0,1
257,양산시,2019-05-19,20.3,18.8,0132,23.2,0830,1.0,1652,2.5,1616,,5.0,8.4,140,0758,5.3,20,0410,2.5,2172,20,17.2,64,0839,83.4,19.7,1010.3,1014.7,0043,1008.9,2355,1012.0,14.1,0.8,0800,0.76,3.84,,,,,,,,19.7,17.9,20.0,20.1,20.4,20.6,,,,,,1.0,1.4,,,,2019,5,20,139,1,0,0,1
257,양산시,2019-05-20,19.5,15.4,2258,24.1,1355,3.0,50,5.0,54,,7.5,9.8,320,1525,5.5,320,1607,2.6,2257,230,12.2,30,1628,67.0,15.4,1004.1,1009.0,2354,1003.1,1628,1005.8,14.1,4.3,1500,1.45,8.14,,,,,,,,19.6,10.3,20.3,20.5,20.7,20.6,,,,,,2.6,3.7,,,,2019,5,21,140,1,0,0,1
257,양산시,2019-05-21,18.6,10.4,0305,26.5,1454,,,,,,,9.7,200,1725,5.6,200,1734,2.4,2071,230,6.4,27,1500,47.5,9.7,1006.3,1010.1,0656,1005.3,1610,1008.1,14.2,10.7,1200,2.05,16.84,,,,,,,,19.5,7.0,19.4,19.7,19.8,19.9,,,,,,4.1,5.9,,,,2019,5,21,141,1,0,1,0
257,양산시,2019-05-22,19.9,10.6,0522,27.7,1515,,,,,,,9.6,230,1503,6.1,230,1430,2.3,1946,230,8.8,25,1619,52.8,11.4,1006.7,1009.9,2321,1006.4,1623,1008.4,14.2,10.5,1200,2.05,16.73,,,,,,0.0,0.0,21.1,7.8,20.9,21.0,20.8,20.3,,,,,,4.5,6.5,,,,2019,5,21,142,1,0,1,0
257,양산시,2019-05-23,21.5,13.6,0602,31.0,1459,,,,,,,8.3,230,1649,5.2,230,1655,2.2,1904,230,12.4,29,1459,59.5,14.5,1008.2,1011.8,2326,1007.9,1453,1010.0,14.2,10.6,1200,1.99,15.78,,,,,,0.4,0.1,23.3,11.3,22.7,22.6,21.9,21.0,,,,,,4.0,5.8,,,,2019,5,21,143,1,0,1,0
257,양산시,2019-05-24,22.6,13.6,0507,31.3,1252,,,,,,,8.4,250,1543,5.7,230,1604,2.2,1861,230,14.4,36,1240,62.9,16.5,1011.2,1014.2,0952,1011.4,1627,1012.9,14.2,10.6,1200,1.92,15.32,,,,,,0.0,0.0,24.1,11.1,23.6,23.5,22.8,21.8,,,,,,4.1,5.8,,,,2019,5,21,144,1,0,1,0
257,양산시,2019-05-25,24.7,17.9,0517,33.2,1608,,,,,,,6.5,270,1310,3.8,200,1907,2.1,1818,230,13.8,25,1613,55.1,15.9,1014.0,1017.8,2131,1013.2,0204,1015.7,14.2,8.4,1100,1.46,12.45,,,,,,7.1,0.4,24.7,15.7,24.6,24.3,23.6,22.6,,,,,,3.9,5.6,,,,2019,5,21,145,1,0,1,0
257,양산시,2019-05-26,23.8,17.1,0540,30.2,1102,,,,,,,9.3,230,1454,5.6,230,1439,2.6,2276,200,12.8,22,1115,53.5,15.0,1015.5,1019.0,0728,1015.9,1822,1017.2,14.3,8.9,1200,2.04,15.66,,,,,,6.0,0.8,25.9,14.6,25.4,25.2,24.3,23.2,,,,,,4.5,6.4,,,,2019,5,21,146,1,0,1,0
257,양산시,2019-05-27,20.3,18.9,1244,22.8,0001,3.0,1257,14.5,1245,,70.0,16.4,230,1237,9.1,250,1238,4.2,3647,230,19.3,61,0001,94.4,22.4,1007.4,1016.0,0001,1005.6,1931,1009.1,14.3,0.0,1100,0.18,1.26,,,,,,10.0,,20.0,18.6,20.8,21.5,22.3,22.7,,,,,,0.8,1.1,,,,2019,5,22,147,1,0,0,1
257,양산시,2019-05-28,19.1,13.6,2356,25.4,1522,,,,,,,7.8,320,0426,4.1,320,0432,1.8,1586,250,11.4,40,1534,63.0,13.5,1009.0,1012.0,1210,1006.4,0001,1010.7,14.3,6.6,0900,1.5,11.79,,,,,,7.4,,20.5,11.4,20.6,20.9,21.4,21.4,,,,,,2.7,3.8,,,,2019,5,22,148,1,0,1,0
257,양산시,2019-05-29,20.4,10.8,0353,28.6,1430,,,,,,,9.7,200,1606,5.6,230,1626,2.1,1818,230,10.2,31,1302,56.5,12.6,1009.1,1013.2,0642,1007.4,1749,1010.8,14.3,10.6,1200,2.01,16.45,,,,,,0.3,0.0,21.7,9.0,21.4,21.6,21.5,21.2,,,,,,4.4,6.2,,,,2019,5,22,149,1,0,1,0
257,양산시,2019-05-30,22.2,12.5,0505,29.7,1343,,,,,,,8.6,200,1508,5.5,230,1453,2.2,1863,230,9.1,27,1145,45.6,11.6,1010.2,1014.1,0733,1010.2,1621,1011.9,14.4,6.8,1100,1.96,13.75,,,,,,6.1,4.1,21.5,9.8,22.1,22.3,22.1,21.6,,,,,,4.2,5.9,,,,2019,5,22,150,1,0,1,0
257,양산시,2019-05-31,18.8,15.1,0700,23.1,0018,0.2,,0.3,501,,0.5,9.1,230,1418,5.4,230,1202,2.7,2307,230,12.1,37,0138,65.9,14.1,1010.2,1014.5,0704,1009.0,1734,1011.9,14.4,7.5,1200,2.1,12.46,,,,,,6.1,1.8,22.1,13.1,22.0,22.4,22.4,22.0,,,,,,3.0,4.2,,,,2019,5,22,151,1,0,0,1
257,양산시,2019-06-01,20.3,13.3,0435,27.7,1317,,,,,,,7.3,230,1719,4.4,200,1617,1.8,1535,200,12.1,35,1302,62.6,14.1,1009.3,1012.7,0422,1009.7,1610,1011.0,14.4,7.2,1000,1.72,13.23,,,,,,7.5,2.9,22.6,11.4,22.5,22.4,22.2,21.8,,,,,,3.1,4.5,,,,2019,6,22,152,0,0,1,0
257,양산시,2019-06-02,20.9,14.5,0525,28.8,1312,,,,,,,8.3,230,1410,5.1,230,1418,1.6,1409,230,12.1,35,1229,59.8,14.2,1006.7,1011.0,0009,1006.6,1804,1008.4,14.4,8.3,1200,1.93,13.65,,,,,,5.4,0.8,21.9,12.5,22.7,23.3,23.1,22.3,,,,,,3.3,4.7,,,,2019,6,22,153,0,0,1,0
257,양산시,2019-06-03,22.1,14.1,0457,30.1,1428,,,,,,,7.8,230,1531,4.9,230,1520,1.9,1639,230,14.1,42,1406,63.3,16.2,1007.6,1010.9,2242,1008.2,1429,1009.3,14.4,10.5,1200,1.99,15.7,,,,,,1.4,0.0,25.0,12.3,24.4,24.2,23.5,22.7,,,,,,3.8,5.5,,,,2019,6,23,154,0,0,1,0
257,양산시,2019-06-04,24.0,16.4,0255,31.4,1228,,,,,,,7.7,250,1329,4.6,230,1329,1.9,1639,230,16.8,41,1102,67.3,19.3,1008.2,1011.2,0621,1008.1,1722,1009.9,14.4,10.6,1200,1.94,15.85,,,,,,0.0,0.0,26.9,14.0,26.1,25.7,24.8,23.6,,,,,,3.7,5.2,,,,2019,6,23,155,0,0,1,0
257,양산시,2019-06-05,25.0,18.9,0512,32.7,1123,,,,,,,6.7,200,1357,3.4,230,1144,1.6,1417,200,16.6,36,1103,63.3,18.9,1010.8,1014.5,2140,1009.7,0158,1012.5,14.4,10.6,1200,1.93,15.76,,,,,,2.0,0.0,28.2,16.8,27.6,27.2,26.1,24.6,,,,,,3.8,5.4,,,,2019,6,23,156,0,0,1,0
257,양산시,2019-06-06,22.7,16.9,2340,29.4,1206,2.5,2331,7.5,2244,,13.0,7.7,250,1926,4.4,230,1256,2.0,1689,230,17.8,49,1118,75.9,20.4,1009.8,1014.9,0514,1005.3,2400,1011.5,14.5,6.9,1300,1.64,11.44,,,,,,7.1,0.9,26.4,15.8,26.3,26.2,25.7,24.9,,,,,,2.6,3.8,,,,2019,6,23,157,0,0,1,1
257,양산시,2019-06-07,19.9,17.5,0014,22.1,1436,2.0,1,7.0,1,,20.5,10.5,70,1815,5.4,70,0200,3.4,2945,70,17.6,75,1946,87.0,20.1,1001.3,1008.0,2356,1000.0,0856,1003.0,14.5,0.2,1400,0.6,3.28,,,,,,9.0,5.5,21.0,17.4,21.4,22.0,22.9,23.6,,,,,,1.2,1.8,,,,2019,6,23,158,0,0,0,1
257,양산시,2019-06-08,21.2,16.8,0451,26.8,1222,,,,,,,6.6,70,2250,4.3,70,2255,1.7,1457,110,15.8,54,1146,72.6,18.0,1008.1,1011.0,0708,1008.0,0001,1009.8,14.5,8.0,1400,1.73,12.97,,,,,,7.5,2.8,23.8,15.4,23.1,22.9,22.9,22.7,,,,,,2.7,3.9,,,,2019,6,23,159,0,0,1,0
257,양산시,2019-06-09,19.8,16.5,0444,24.6,1345,,,,,,,9.4,110,1643,5.6,110,1647,3.2,2764,90,13.7,51,1208,68.8,15.7,1006.2,1009.6,0643,1006.0,1829,1007.9,14.5,9.1,1300,2.15,14.95,,,,,,6.0,2.4,23.9,14.5,23.3,23.4,23.3,23.0,,,,,,3.4,4.8,,,,2019,6,23,160,0,0,0,0
257,양산시,2019-06-10,19.7,16.1,0514,24.6,1147,,,,,,,9.2,90,1808,4.9,90,1402,2.9,2542,70,12.8,51,1148,65.4,14.8,1006.4,1010.2,2309,1006.7,1706,1008.1,14.5,5.7,1400,1.6,11.24,,,,,,6.4,2.4,22.2,13.9,22.5,22.7,22.8,22.8,,,,,,2.9,4.1,,,,2019,6,24,161,0,0,0,0
257,양산시,2019-06-11,19.9,16.4,0601,24.2,1451,,,,,,,6.5,20,0807,3.7,50,0807,2.0,1727,70,13.5,51,1027,67.5,15.5,1008.4,1011.7,2325,1008.7,1619,1010.1,14.5,3.9,0900,1.67,9.17,,,,,,7.9,5.8,22.0,13.6,21.6,21.9,22.3,22.4,,,,,,2.2,3.2,,,,2019,6,24,162,0,0,0,0
257,양산시,2019-06-12,20.3,15.9,2355,26.4,1512,,,,,,,6.6,140,1529,3.7,110,1538,1.9,1611,90,14.5,54,1132,70.4,16.5,1010.3,1013.6,2259,1010.7,1705,1012.1,14.5,7.0,1000,1.91,12.09,,,,,,3.1,2.3,23.8,14.3,23.0,23.0,22.9,22.5,,,,,,2.5,3.6,,,,2019,6,24,163,0,0,1,0
257,양산시,2019-06-13,21.1,14.3,0438,29.6,1418,,,,,,,6.4,140,1521,4.0,270,1607,1.6,1348,230,13.7,33,1347,66.5,15.7,1010.0,1013.6,0001,1009.6,1706,1011.7,14.5,10.6,1200,2.05,16.56,,,,,,3.5,0.0,25.0,12.5,24.3,24.4,23.7,22.9,,,,,,3.3,4.8,,,,2019,6,24,164,0,0,1,0
257,양산시,2019-06-14,18.9,16.9,2314,23.7,1324,1.0,1525,3.0,1642,,12.5,6.5,70,2203,3.5,70,2203,1.4,1227,70,16.5,66,1019,87.4,18.9,1005.1,1011.0,0001,1003.9,2359,1006.8,14.5,0.0,1200,0.5,2.72,,,,,,9.8,3.3,19.7,16.1,20.7,21.7,22.7,23.0,,,,,,0.9,1.3,,,,2019,6,24,165,0,0,0,1
257,양산시,2019-06-15,21.8,17.0,0547,29.4,1459,2.0,2235,3.8,2156,,4.0,8.5,230,1610,4.9,230,1612,1.9,1610,50,16.4,44,1434,74.4,18.7,998.6,1003.8,0001,997.4,1500,1000.3,14.5,7.8,1000,1.74,12.63,,,,,,7.4,4.8,24.6,17.1,23.4,23.0,22.6,22.3,,,,,,2.8,4.0,,,,2019,6,24,166,0,0,1,1
257,양산시,2019-06-16,20.7,16.3,0517,26.5,1215,,,,,,,7.9,90,1349,4.0,140,1638,1.7,1453,110,16.1,50,1016,76.9,18.3,1007.1,1013.7,2251,1002.6,0004,1008.8,14.5,5.1,1100,1.94,10.18,,,,,,6.6,4.4,21.6,15.3,21.8,22.3,22.9,22.8,,,,,,2.2,3.2,,,,2019,6,24,167,0,0,1,0
257,양산시,2019-06-17,21.9,16.7,0449,26.8,1455,,,,,,,8.1,200,1321,5.0,230,1540,2.2,1941,230,17.1,59,1209,75.3,19.5,1011.7,1014.8,0700,1011.7,1642,1013.4,14.5,7.8,1100,2.11,14.24,,,,,,6.3,1.8,24.7,16.0,24.2,23.9,23.5,22.9,,,,,,2.9,4.1,,,,2019,6,25,168,0,0,1,0
257,양산시,2019-06-18,22.3,18.2,0153,27.9,1541,0.1,,0.2,,,0.2,6.5,230,1612,4.3,200,1647,1.9,1622,230,18.4,56,1443,79.6,21.1,1009.6,1013.5,0002,1009.1,1755,1011.3,14.5,3.7,1300,1.78,8.72,,,,,,7.9,2.0,24.0,17.2,24.1,23.7,23.4,23.2,,,,,,2.1,3.0,,,,2019,6,25,169,0,0,1,1
257,양산시,2019-06-19,23.3,19.0,0537,30.8,1333,0.0,,0.0,,,0.0,6.0,160,1458,3.6,230,1351,1.4,1173,230,18.5,51,1321,76.1,21.3,1005.9,1010.5,0001,1006.0,1747,1007.6,14.5,5.9,1000,1.56,9.83,,,,,,4.9,1.5,23.8,17.7,24.2,24.4,24.2,23.5,,,,,,2.2,3.1,,,,2019,6,25,170,0,0,1,0
257,양산시,2019-06-20,24.7,18.4,0429,31.6,1304,,,,,,,9.3,230,1432,5.4,230,1436,1.9,1678,230,18.8,43,1236,72.0,21.8,1005.6,1008.6,0629,1005.9,1539,1007.3,14.6,8.9,1100,1.96,14.81,,,,,,4.0,0.3,27.1,16.9,26.3,26.0,25.1,24.0,,,,,,3.5,5.0,,,,2019,6,25,171,0,0,1,0
257,양산시,2019-06-21,25.0,20.5,0456,31.0,1107,0.2,,0.2,,,0.3,9.0,50,1812,5.1,230,1205,2.6,2217,230,19.3,43,1323,72.9,22.4,1004.6,1008.1,2222,1003.9,1630,1006.3,14.6,10.0,1100,1.94,15.67,,,,,,4.4,1.3,28.6,19.1,27.8,27.5,26.5,25.1,,,,,,4.1,5.8,,,,2019,6,25,172,0,0,1,1
257,양산시,2019-06-22,22.4,19.3,0446,28.0,1404,,,,,,,9.0,140,1804,5.0,110,1726,3.4,2979,110,15.5,49,1444,65.8,17.6,1006.5,1009.5,2220,1006.8,1719,1008.2,14.5,9.5,1100,1.94,15.05,,,,,,6.8,3.5,28.3,16.9,27.1,27.0,26.4,25.5,,,,,,3.4,4.9,,,,2019,6,25,173,0,0,1,0
257,양산시,2019-06-23,21.8,17.7,0427,27.0,1606,,,,,,,10.0,70,1211,5.7,70,1257,2.9,2491,70,14.4,44,1658,64.4,16.4,1008.1,1011.7,2359,1008.5,0208,1009.8,14.5,8.0,1000,1.8,13.8,,,,,,4.6,2.6,26.1,15.5,25.5,25.9,25.9,25.4,,,,,,3.6,5.1,,,,2019,6,25,174,0,0,1,0
257,양산시,2019-06-24,21.7,16.9,0421,26.5,1108,,,,,,,7.8,250,1114,4.8,230,1131,1.5,1302,140,16.6,54,1102,74.4,19.0,1012.9,1017.7,2320,1011.7,0001,1014.6,14.5,6.4,0900,1.59,10.52,,,,,,3.5,2.0,22.8,15.2,23.7,24.5,25.0,24.8,,,,,,2.2,3.1,,,,2019,6,26,175,0,0,1,0
257,양산시,2019-06-25,23.0,17.2,0448,30.2,1320,,,,,,,7.5,160,1453,4.0,140,1453,1.5,1261,90,16.8,52,1649,70.1,19.3,1014.6,1017.6,0040,1014.7,1752,1016.3,14.6,10.4,1200,1.93,15.06,,,,,,2.8,0.4,27.1,15.3,26.2,26.3,25.7,24.8,,,,,,3.1,4.4,,,,2019,6,26,176,0,0,1,0
257,양산시,2019-06-26,20.5,17.6,0356,22.4,0846,5.5,1132,23.5,1112,,106.0,7.4,50,1603,4.4,20,1802,1.7,1472,50,18.6,65,0845,90.0,21.8,1009.2,1016.1,0001,1006.5,2400,1010.9,14.5,0.0,1500,0.23,1.72,,,,,,9.4,3.1,20.8,15.3,21.5,22.3,23.5,24.2,,,,,,0.4,0.6,,,,2019,6,26,177,0,0,0,1
257,양산시,2019-06-27,24.4,22.3,0001,27.1,1140,4.5,46,11.5,46,,25.0,9.4,230,0234,4.7,230,0243,1.5,1339,230,23.2,83,1142,93.6,28.4,1000.6,1006.5,0001,1000.5,1500,1002.3,14.5,0.2,1100,1.05,5.27,,,,,,7.9,4.6,24.4,22.2,24.4,24.2,23.8,23.3,,,,,,1.2,1.8,,,,2019,6,26,178,0,0,1,1
257,양산시,2019-06-28,24.5,22.2,2129,28.6,1334,,,,,,,8.0,110,1157,4.7,140,1046,1.5,1309,20,21.0,64,1331,82.4,24.9,1002.3,1005.1,1101,1002.6,1623,1004.0,14.5,3.3,1200,1.64,10.12,,,,,,7.9,7.3,26.7,21.9,26.3,25.7,25.1,24.4,,,,,,1.9,2.8,,,,2019,6,26,179,0,0,1,0
257,양산시,2019-06-29,22.0,20.5,1023,24.3,2259,6.0,1743,18.0,1723,,71.5,10.1,230,2108,6.4,230,2116,1.3,1151,230,21.5,85,0815,97.5,25.7,998.1,1004.3,0001,995.2,2117,999.8,14.5,0.0,1000,0.24,2.02,,,,,,9.6,4.5,22.9,20.9,23.0,23.5,24.1,24.3,,,,,,0.7,1.0,,,,2019,6,26,180,0,0,0,1
257,양산시,2019-06-30,25.1,21.0,0542,30.2,1237,0.1,,0.1,,,0.1,7.8,230,1528,4.7,230,1522,2.0,1704,230,21.8,61,1207,83.6,26.1,1000.0,1005.2,2333,996.2,0001,1001.7,14.5,4.5,1000,1.83,10.97,,,,,,7.5,1.6,26.3,20.2,25.6,25.2,24.7,24.1,,,,,,2.3,3.3,,,,2019,6,26,181,0,0,1,1
257,양산시,2019-07-01,24.8,20.8,0437,28.7,1022,0.0,,0.0,,,0.0,5.4,200,1403,3.2,230,1405,1.6,1393,200,21.8,65,1026,84.5,26.1,1004.8,1008.8,2332,1004.5,0412,1006.5,14.5,0.9,0900,1.21,5.75,,,,,,9.0,2.0,24.8,20.0,24.8,24.7,24.8,24.6,,,,,,1.6,2.3,,,,2019,7,27,182,0,0,1,0
257,양산시,2019-07-02,25.4,21.3,2331,31.2,1239,,,,,,,8.0,230,1712,4.6,230,1420,1.8,1576,230,20.0,44,1125,74.3,23.4,1007.8,1011.0,2312,1008.4,0224,1009.5,14.5,8.5,1100,1.87,13.28,,,,,,6.8,0.5,26.1,19.7,26.0,26.1,25.6,24.9,,,,,,2.9,4.2,,,,2019,7,27,183,0,0,1,0
257,양산시,2019-07-03,24.1,20.1,0508,29.7,1150,,,,,,,5.5,230,1358,3.4,160,1634,1.3,1110,230,20.4,54,1153,81.5,24.0,1006.9,1010.8,0447,1006.4,1632,1008.6,14.5,2.3,1100,1.15,8.8,,,,,,8.0,1.0,25.7,19.4,25.5,25.5,25.4,25.1,,,,,,2.0,2.9,,,,2019,7,27,184,0,0,1,0
257,양산시,2019-07-04,25.6,20.3,0423,33.1,1242,,,,,,,6.1,140,1509,3.4,160,1526,1.6,1408,200,19.1,35,1158,70.9,22.2,1005.4,1008.1,0001,1006.1,1426,1007.1,14.5,7.7,1100,1.94,12.48,,,,,,4.6,0.3,25.5,19.1,25.9,26.3,26.0,25.1,,,,,,2.9,4.1,,,,2019,7,27,185,0,0,1,0
257,양산시,2019-07-05,25.7,20.3,0533,32.1,1409,,,,,,,8.2,140,2106,4.4,110,2115,1.8,1516,110,17.8,39,1359,64.3,20.5,1002.9,1006.9,0001,1002.6,1701,1004.6,14.5,7.6,1300,1.52,11.46,,,,,,5.9,0.3,27.8,18.3,26.9,26.8,26.3,25.5,,,,,,3.5,5.0,,,,2019,7,27,186,0,0,1,0
257,양산시,2019-07-06,25.4,20.7,0239,31.3,1342,,,,,,,11.0,110,1631,5.5,90,1259,3.6,3088,90,17.2,40,1310,61.9,19.7,1004.3,1008.8,2346,1004.1,0306,1006.0,14.5,10.4,1200,2.03,16.29,,,,,,1.6,0.8,28.1,16.1,27.5,27.6,26.8,25.8,,,,,,4.7,6.8,,,,2019,7,27,187,0,0,1,0
257,양산시,2019-07-07,24.0,21.4,2345,28.9,1319,,,,,,,10.0,50,0951,5.0,90,0525,3.7,3234,90,16.6,47,1531,63.9,18.8,1007.4,1010.6,2227,1008.0,0058,1009.1,14.5,8.0,1300,2.0,14.31,,,,,,7.8,4.1,29.1,19.2,28.0,28.1,27.5,26.4,,,,,,3.7,5.3,,,,2019,7,27,188,0,0,1,0
257,양산시,2019-07-08,22.9,20.1,1856,28.5,1219,0.5,1733,1.4,1738,,2.0,9.3,90,1526,5.1,90,1424,3.1,2673,70,17.8,55,1220,73.9,20.4,1006.9,1009.8,0242,1007.4,1331,1008.6,14.4,4.6,1200,1.79,10.55,,,,,,8.8,3.3,27.7,18.9,27.1,27.3,27.0,26.5,,,,,,2.8,4.0,,,,2019,7,28,189,0,0,1,1
257,양산시,2019-07-09,23.0,20.7,0242,27.0,1340,,,,,,,10.0,50,1759,5.7,50,1722,3.4,2929,70,17.3,61,1249,70.5,19.7,1006.2,1009.0,2258,1007.1,1649,1007.9,14.4,1.8,1100,1.11,6.87,,,,,,8.0,5.5,23.3,18.4,23.8,24.7,25.4,25.5,,,,,,2.3,3.3,,,,2019,7,28,190,0,0,1,0
257,양산시,2019-07-10,22.0,21.0,1133,23.3,2103,1.5,1421,6.5,2244,,31.5,15.5,90,1941,5.8,70,2022,3.7,3195,70,20.2,73,0001,90.1,23.7,1004.6,1008.7,0712,1002.7,2339,1006.3,14.4,0.0,1200,0.52,2.78,,,,,,9.6,4.1,22.4,19.6,22.6,23.1,23.9,24.4,,,,,,0.7,1.0,,,,2019,7,28,191,0,0,0,1
257,양산시,2019-07-11,24.6,22.1,2346,29.4,1601,0.8,5,2.0,1,,4.0,7.9,230,1736,4.8,230,1738,2.4,2061,200,22.0,69,1602,86.4,26.4,1002.4,1006.8,2354,1001.5,0341,1004.1,14.4,2.9,1000,1.42,8.43,,,,,,7.5,4.8,24.7,20.0,25.1,25.1,24.8,24.4,,,,,,2.1,3.1,,,,2019,7,28,192,0,0,1,1
257,양산시,2019-07-12,25.4,20.7,0238,32.0,1515,0.0,,0.0,,,0.0,7.4,230,1641,4.6,230,1645,1.5,1309,200,20.1,47,1435,74.9,23.6,1005.4,1008.8,0736,1005.7,1615,1007.1,14.4,7.1,1200,1.9,13.06,,,,,,7.5,4.3,27.9,19.2,26.7,26.5,25.8,25.1,,,,,,2.7,3.9,,,,2019,7,28,193,0,0,1,0
257,양산시,2019-07-13,22.5,20.5,2350,24.5,1019,1.5,1230,4.5,1154,,6.0,4.8,230,1346,2.9,250,1348,1.0,834,230,20.8,77,1755,90.9,24.6,1001.7,1006.8,0002,1001.2,1716,1003.4,14.4,0.2,1000,0.48,3.7,,,,,,9.4,3.5,23.7,19.7,23.9,24.5,25.2,25.3,,,,,,0.9,1.3,,,,2019,7,28,194,0,0,0,1
257,양산시,2019-07-14,24.6,19.8,0514,30.2,1411,,,,,,,7.5,140,1416,3.7,110,1418,1.5,1331,90,20.1,57,1451,78.0,23.6,1002.4,1007.5,2306,1001.6,0323,1004.1,14.4,5.7,1200,1.49,10.47,,,,,,6.6,2.8,26.0,18.9,25.7,25.3,25.1,24.7,,,,,,2.4,3.4,,,,2019,7,28,195,0,0,1,0
257,양산시,2019-07-15,24.4,22.2,2239,29.1,1434,0.0,,0.0,,,0.0,7.0,140,1703,3.8,160,1704,1.8,1559,50,19.6,62,1424,75.1,22.8,1007.6,1012.1,2355,1007.0,0207,1009.3,14.3,2.1,1400,1.15,6.8,,,,,,7.4,4.5,25.1,19.8,25.1,25.2,25.2,25.1,,,,,,1.8,2.6,,,,2019,7,29,196,0,0,1,0
257,양산시,2019-07-16,25.2,20.4,0513,30.2,1459,,,,,,,8.0,110,2037,4.4,140,1629,2.2,1906,110,20.1,57,1538,75.0,23.5,1010.8,1014.6,2259,1010.9,0301,1012.5,14.3,9.0,1300,1.63,12.97,,,,,,5.5,1.6,27.9,18.6,26.9,26.5,25.8,25.1,,,,,,3.1,4.4,,,,2019,7,29,197,0,0,1,0
257,양산시,2019-07-17,25.5,21.3,0550,31.9,1616,0.3,2351,0.3,2301,,0.3,8.1,110,0932,4.0,110,1124,2.2,1890,70,20.1,49,1526,73.3,23.5,1011.7,1014.4,0024,1011.3,1659,1013.4,14.3,9.3,1100,1.88,13.63,,,,,,7.5,1.5,28.6,19.3,27.8,27.5,26.8,25.8,,,,,,2.7,3.8,,,,2019,7,29,198,0,0,1,1
257,양산시,2019-07-18,22.8,21.2,0814,24.8,1526,6.5,110,13.5,101,,46.0,6.1,70,0921,4.1,50,0926,1.1,967,90,22.3,87,1529,97.3,26.9,1009.7,1014.6,0121,1009.2,1902,1011.4,14.3,0.0,1500,0.41,3.04,,,,,,10.0,6.0,24.1,21.5,24.2,24.7,25.4,25.6,,,,,,0.6,0.9,,,,2019,7,29,199,0,0,0,1
257,양산시,2019-07-19,24.0,22.9,0433,25.2,2002,5.5,755,12.5,715,,37.5,8.8,230,1217,3.6,360,1245,1.4,1190,70,23.7,92,1218,98.9,29.3,1007.8,1010.7,0001,1008.8,1353,1009.5,14.2,0.0,1200,0.21,1.15,,,,,,10.0,5.6,24.0,22.9,24.1,24.4,24.7,24.8,,,,,,0.5,0.7,,,,2019,7,29,200,0,0,1,1
257,양산시,2019-07-20,25.1,23.9,0110,26.4,1317,7.0,612,23.0,531,,214.5,14.1,200,0938,8.2,160,1312,4.1,3572,160,24.3,86,1317,95.6,30.4,1002.3,1009.4,0001,1001.9,1543,1004.0,14.2,0.1,1300,0.53,2.81,,,,,,9.6,7.1,24.6,23.5,24.6,24.8,24.9,24.8,,,,,,0.8,1.1,,,,2019,7,29,201,0,0,1,1
257,양산시,2019-07-21,24.8,23.3,2317,27.4,1744,2.0,524,5.5,453,,19.0,13.6,230,0122,7.7,230,0055,4.2,3668,230,23.7,83,1647,94.5,29.4,1004.4,1008.9,2148,1003.2,0342,1006.1,14.2,0.6,1200,0.53,3.04,,,,,,7.8,5.3,24.3,22.0,24.5,24.7,24.9,24.8,,,,,,1.0,1.4,,,,2019,7,29,202,0,0,1,1
257,양산시,2019-07-22,27.4,22.5,0520,32.8,1520,,,,,,,8.1,230,1742,5.1,230,1331,2.8,2396,230,24.4,59,1246,85.4,30.6,1006.0,1008.8,0042,1005.9,1524,1007.7,14.2,8.7,1200,1.86,13.48,,,,,,5.9,1.5,28.2,21.2,27.4,26.9,26.1,25.2,,,,,,3.0,4.3,,,,2019,7,30,203,0,0,1,0
257,양산시,2019-07-23,27.9,25.2,0504,33.5,1350,,,,,,,8.5,200,1443,5.2,230,1439,2.7,2367,230,24.8,62,1352,84.0,31.3,1005.3,1008.4,0652,1004.9,1646,1007.0,14.2,7.1,1300,1.86,12.38,,,,,,6.8,3.3,29.9,23.9,29.2,28.7,27.8,26.6,,,,,,2.8,4.0,,,,2019,7,30,204,0,0,1,0
257,양산시,2019-07-24,27.4,25.2,0240,32.1,1302,,,,,,,8.9,230,1357,5.5,230,1504,3.1,2695,230,24.6,65,1255,85.6,30.9,1005.3,1008.2,2335,1006.1,1405,1007.0,14.1,3.5,1200,1.88,10.25,,,,,,8.0,3.6,28.5,23.4,28.7,28.8,28.1,27.2,,,,,,2.4,3.4,,,,2019,7,30,205,0,0,1,0
257,양산시,2019-07-25,26.7,25.8,0357,28.4,1126,,,,,,,6.8,230,1159,4.3,230,1201,2.7,2370,230,25.5,86,1127,93.6,32.7,1006.3,1008.8,0816,1006.9,1704,1008.0,14.1,0.0,1100,0.43,2.73,,,,,,8.6,5.5,26.6,25.4,26.9,27.1,27.3,27.0,,,,,,0.8,1.2,,,,2019,7,30,206,0,0,1,0
257,양산시,2019-07-26,27.0,25.6,0105,29.0,1149,0.4,1422,0.4,1332,,0.5,9.2,230,1244,5.6,230,1305,3.0,2570,230,25.9,84,1151,94.3,33.4,1005.4,1008.6,0001,1005.8,1653,1007.1,14.1,0.7,1100,0.91,4.67,,,,,,7.8,4.4,27.1,25.1,27.1,27.0,27.0,26.6,,,,,,1.0,1.5,,,,2019,7,30,207,0,0,1,1
257,양산시,2019-07-27,27.0,25.6,2040,28.9,1402,8.0,1807,19.5,1922,,35.0,6.7,200,0913,4.3,230,0920,2.1,1793,230,26.2,89,1034,96.4,34.1,1007.0,1010.9,2321,1006.6,0229,1008.7,14.1,0.1,0800,0.5,4.0,,,,,,9.3,4.0,27.5,24.3,27.4,27.1,26.9,26.6,,,,,,1.0,1.4,,,,2019,7,30,208,0,0,1,1
257,양산시,2019-07-28,28.1,25.9,0438,31.9,1525,0.0,,0.0,,,0.0,9.3,250,1526,5.6,230,1450,3.4,2901,230,25.6,60,1542,87.1,32.7,1010.3,1013.5,2340,1010.3,0254,1012.0,14.0,7.2,1300,1.65,11.1,,,,,,7.4,3.6,29.1,24.8,28.4,27.9,27.5,26.9,,,,,,2.4,3.4,,,,2019,7,30,209,0,0,1,0
257,양산시,2019-07-29,27.9,24.6,0412,33.3,1432,0.3,731,0.3,701,,0.5,8.5,230,1410,5.1,230,1607,2.7,2295,230,25.3,63,1430,86.5,32.2,1010.5,1013.4,0823,1010.7,1552,1012.2,14.0,6.6,1200,1.86,10.52,,,,,,6.9,2.3,29.4,23.4,28.9,28.4,27.9,27.2,,,,,,2.6,3.7,,,,2019,7,31,210,0,0,1,1
257,양산시,2019-07-30,28.7,25.7,0158,32.5,1304,,,,,,,10.2,230,1540,6.1,230,1548,3.6,3078,230,25.5,68,1055,84.1,32.7,1009.1,1012.0,0755,1009.2,1801,1010.8,14.0,7.9,1200,1.58,11.91,,,,,,5.1,3.4,29.8,24.0,29.4,29.0,28.4,27.5,,,,,,3.1,4.4,,,,2019,7,31,211,0,0,1,0
257,양산시,2019-07-31,29.5,26.9,2351,33.9,1356,,,,,,,9.1,200,1433,5.6,230,1510,3.7,3209,230,25.3,59,1400,79.3,32.2,1010.3,1013.5,2349,1010.6,1647,1012.0,14.0,9.7,1200,2.02,14.69,,,,,,3.8,1.9,31.8,25.1,31.1,30.8,29.6,28.3,,,,,,3.6,5.1,,,,2019,7,31,212,0,0,1,0
257,양산시,2019-08-01,29.3,24.9,0503,34.3,1359,,,,,,,7.9,200,1505,4.6,230,1533,2.1,1789,230,24.8,58,1119,78.0,31.3,1011.2,1014.5,0813,1011.2,1728,1012.9,13.9,10.1,1200,1.91,14.9,,,,,,2.0,0.0,31.6,23.1,31.5,31.4,30.4,29.1,,,,,,3.5,4.9,,,,2019,8,31,213,0,0,1,0
257,양산시,2019-08-02,30.2,26.0,0540,36.2,1228,,,,,,,5.9,200,1250,3.8,230,1250,1.4,1196,160,24.8,55,1213,74.4,31.2,1010.8,1014.0,0626,1010.4,1659,1012.4,13.9,7.7,1200,1.96,12.04,,,,,,3.0,0.9,30.9,24.3,31.0,31.5,31.0,29.7,,,,,,2.9,4.2,,,,2019,8,31,214,0,0,1,0
257,양산시,2019-08-03,30.6,25.6,0228,36.1,1503,,,,,,,6.3,110,0953,3.4,50,0415,2.0,1738,50,23.3,50,1320,66.9,28.7,1010.7,1013.5,2348,1011.3,1616,1012.4,13.9,9.7,1200,1.89,14.43,,,,,,3.8,0.4,33.3,23.4,32.5,32.4,31.3,30.1,,,,,,3.6,5.1,,,,2019,8,31,215,0,0,1,0
257,양산시,2019-08-04,29.8,24.7,0550,36.9,1344,,,,,,,5.3,110,1842,2.5,50,0331,1.2,1042,70,23.1,46,1336,68.8,28.4,1010.1,1013.4,0001,1010.1,1736,1011.8,13.9,7.7,1100,1.69,11.37,,,,,,3.6,0.6,31.3,22.8,31.6,32.0,31.4,30.4,,,,,,2.8,4.0,,,,2019,8,31,216,0,0,1,0
257,양산시,2019-08-05,30.2,24.5,0527,36.8,1217,,,,,,,8.2,70,2359,4.6,110,1619,2.2,1889,110,22.1,46,1414,63.9,26.8,1008.9,1012.5,0725,1008.8,1530,1010.6,13.8,8.8,1200,1.83,13.65,,,,,,4.3,0.1,32.9,22.6,32.1,32.3,31.5,30.4,,,,,,4.3,6.2,,,,2019,8,32,217,0,0,1,0
257,양산시,2019-08-06,26.2,23.5,1912,29.4,1220,5.8,1650,24.1,1637,,67.3,10.2,20,1840,5.1,70,0902,3.4,2979,70,24.0,65,0001,88.8,29.9,1004.3,1009.8,0001,1002.1,1839,1006.0,13.8,0.0,1100,0.56,3.23,,,,,,8.3,3.4,26.7,23.2,27.2,28.4,29.3,29.5,,,,,,1.0,1.4,,,,2019,8,32,218,0,0,1,1
257,양산시,2019-08-07,28.1,24.1,0143,32.6,1346,0.3,106,0.5,16,,0.5,9.4,250,1535,5.6,230,1601,3.2,2736,230,25.3,66,1440,85.9,32.2,1006.2,1009.7,2322,1004.1,0001,1007.9,13.8,7.5,1200,1.94,11.43,,,,,,3.9,2.0,29.1,23.8,28.7,28.4,28.1,27.7,,,,,,2.7,3.8,,,,2019,8,32,219,0,0,1,1
257,양산시,2019-08-08,29.1,24.4,0545,35.4,1512,,,,,,,6.5,200,1523,3.8,230,1547,1.4,1239,230,25.0,56,1513,80.5,31.7,1007.9,1010.6,0957,1008.2,1603,1009.6,13.7,7.9,1200,1.95,12.19,,,,,,6.0,2.6,30.7,23.6,30.3,30.0,29.5,28.6,,,,,,2.9,4.1,,,,2019,8,32,220,0,0,1,0
257,양산시,2019-08-09,29.5,24.2,0537,35.3,1354,,,,,,,5.6,230,1508,3.4,230,1509,1.2,1006,200,24.9,56,1348,78.1,31.5,1007.0,1010.0,0001,1006.9,1624,1008.7,13.7,8.5,1300,1.72,12.11,,,,,,6.3,0.1,31.0,23.3,30.9,30.8,30.2,29.2,,,,,,2.8,3.9,,,,2019,8,32,221,0,0,1,0
257,양산시,2019-08-10,28.7,24.9,0209,33.8,1231,,,,,,,11.3,70,1322,5.2,90,1319,2.6,2285,70,23.9,55,1254,76.8,29.7,1006.4,1009.3,0600,1006.7,1758,1008.1,13.7,9.2,1200,1.94,12.25,,,,,,6.4,1.4,30.1,23.3,30.1,30.6,30.4,29.6,,,,,,3.4,4.9,,,,2019,8,32,222,0,0,1,0
257,양산시,2019-08-11,29.6,27.5,0613,33.4,1346,,,,,,,9.2,90,2108,5.1,90,2109,2.7,2312,90,24.0,57,1424,72.8,29.8,1003.7,1008.1,0001,1003.8,1627,1005.4,13.6,8.8,1300,2.04,13.21,,,,,,7.0,1.9,32.6,25.2,31.6,31.6,30.8,29.8,,,,,,3.0,4.3,,,,2019,8,32,223,0,0,1,0
257,양산시,2019-08-12,29.7,26.4,0356,33.9,1517,,,,,,,10.2,250,1253,5.8,230,1304,2.0,1715,250,25.6,57,1531,80.0,32.8,1002.3,1005.2,2117,1003.1,1444,1004.0,13.6,9.5,1200,1.99,14.41,,,,,,5.6,2.6,33.9,25.4,33.0,32.8,31.8,30.6,,,,,,3.4,4.9,,,,2019,8,33,224,0,0,1,0
257,양산시,2019-08-13,30.6,25.9,0224,36.6,1249,,,,,,,8.9,70,1558,4.9,70,2114,2.8,2432,70,24.6,51,1451,72.1,30.9,1002.0,1004.9,0001,1002.3,1532,1003.7,13.6,9.8,1200,1.9,14.28,,,,,,4.0,0.6,33.8,24.4,32.9,33.1,32.3,31.0,,,,,,4.1,5.9,,,,2019,8,33,225,0,0,1,0
257,양산시,2019-08-14,29.1,26.0,2235,32.1,1213,0.5,2149,1.5,2143,,2.0,10.3,70,1045,6.0,70,1853,4.1,3538,70,25.1,68,1129,80.0,31.9,997.8,1003.7,0001,995.9,2344,999.5,13.6,4.8,1000,1.31,8.67,,,,,,8.1,6.6,31.1,25.8,31.2,31.8,31.8,31.1,,,,,,2.5,3.5,,,,2019,8,33,226,0,0,1,1
257,양산시,2019-08-15,27.3,26.2,2344,28.8,1057,0.5,937,0.5,847,,2.5,9.2,70,0610,4.8,50,0343,2.5,2129,50,26.2,87,2043,93.9,33.9,988.6,995.9,0001,988.0,1749,990.2,13.5,0.0,1000,0.54,3.65,,,,,,8.8,2.9,28.1,25.4,28.4,29.1,29.8,30.0,,,,,,1.0,1.5,,,,2019,8,33,227,0,0,1,1
257,양산시,2019-08-16,28.7,25.6,0341,34.3,1414,0.0,,0.0,,,0.0,8.4,320,1131,5.0,230,1651,2.3,1955,230,24.2,53,1353,78.0,30.2,995.2,1001.5,2356,990.7,0002,996.9,13.5,6.5,1300,1.93,10.62,,,,,,5.1,2.8,29.3,24.0,29.3,29.8,29.6,29.2,,,,,,2.7,3.8,,,,2019,8,33,228,0,0,1,0
257,양산시,2019-08-17,27.9,23.2,0407,33.1,1404,,,,,,,8.3,230,1515,5.0,230,1613,2.4,2075,230,22.5,52,1140,74.5,27.3,1002.2,1006.1,2324,1001.4,0003,1003.9,13.5,10.2,1200,1.89,14.41,,,,,,1.4,0.0,30.4,21.2,29.9,30.3,29.9,29.3,,,,,,3.5,5.0,,,,2019,8,33,229,0,0,1,0
257,양산시,2019-08-18,27.7,23.9,0534,33.8,1222,,,,,,,6.9,230,1712,4.1,250,1625,1.7,1435,230,24.0,59,1146,81.9,29.8,1005.7,1009.0,2323,1005.8,0021,1007.4,13.4,8.6,1300,1.55,11.42,,,,,,4.0,0.8,31.4,22.5,30.8,30.8,30.3,29.6,,,,,,2.6,3.7,,,,2019,8,33,230,0,0,1,0
257,양산시,2019-08-19,27.9,24.3,0527,32.9,1148,,,,,,,7.4,140,1631,4.2,160,1503,1.8,1597,20,23.6,58,1149,79.3,29.2,1008.4,1011.4,2147,1008.9,0001,1010.1,13.4,5.8,1300,1.33,9.8,,,,,,7.5,0.9,30.6,23.1,30.1,30.4,30.2,29.7,,,,,,2.6,3.7,,,,2019,8,34,231,0,0,1,0
257,양산시,2019-08-20,27.3,25.3,0228,32.6,1232,,,,,,,10.7,50,0818,5.8,70,0811,3.1,2713,70,21.8,50,1232,73.1,26.2,1009.5,1012.4,0923,1010.5,1646,1011.2,13.4,3.4,1100,1.88,7.82,,,,,,7.0,4.3,28.2,23.5,28.9,29.7,29.9,29.4,,,,,,2.5,3.5,,,,2019,8,34,232,0,0,1,0
257,양산시,2019-08-21,26.7,25.4,2038,30.4,1412,3.5,2010,5.0,1948,,10.0,6.9,250,1640,3.4,50,0141,1.4,1206,70,24.7,75,1410,89.8,31.3,1008.7,1011.4,0934,1009.7,1442,1010.4,13.3,0.4,1200,0.9,5.1,,,,,,9.3,4.5,28.8,25.0,28.6,28.7,29.0,28.8,,,,,,1.0,1.5,,,,2019,8,34,233,0,0,1,1
257,양산시,2019-08-22,26.8,25.4,0107,31.0,1701,11.5,828,21.0,638,,59.5,9.6,200,0923,5.7,230,0634,2.4,2052,230,26.2,73,1650,97.0,34.0,1005.6,1010.1,0001,1005.2,1348,1007.3,13.3,1.8,1600,0.89,3.02,,,,,,8.8,4.3,26.6,24.7,26.8,27.1,27.6,27.6,,,,,,0.7,1.0,,,,2019,8,34,234,0,0,1,1
257,양산시,2019-08-23,25.5,21.4,2341,29.4,1708,0.0,,0.0,,,0.0,4.3,230,1408,2.3,230,1409,1.0,902,180,22.6,61,1653,85.8,27.5,1008.0,1011.3,2208,1007.8,0052,1009.7,13.3,2.4,1400,1.12,5.58,,,,,,7.1,3.6,26.6,20.4,26.9,27.0,27.3,27.3,,,,,,1.4,2.0,,,,2019,8,34,235,0,0,1,0
257,양산시,2019-08-24,24.3,19.4,0513,30.0,1218,0.0,,0.0,,,0.0,7.7,320,1250,4.1,320,1251,1.3,1090,140,19.7,52,1220,77.6,22.9,1010.3,1013.2,2355,1010.9,0141,1012.0,13.2,5.2,1200,1.48,10.1,,,,,,6.9,1.9,24.9,17.7,25.4,26.0,26.6,26.7,,,,,,2.2,3.2,,,,2019,8,34,236,0,0,1,0
257,양산시,2019-08-25,24.0,19.4,0259,29.8,1452,0.0,,0.0,,,0.0,6.3,200,1501,3.6,230,1503,1.4,1242,230,19.9,54,1408,80.0,23.2,1012.6,1015.4,1052,1013.0,0034,1014.3,13.2,4.1,1400,1.62,9.0,,,,,,6.3,1.8,26.2,17.9,25.5,25.9,26.3,26.4,,,,,,2.1,3.1,,,,2019,8,34,237,0,0,1,0
257,양산시,2019-08-26,25.2,19.4,0557,32.2,1329,,,,,,,7.0,270,1635,4.3,250,1638,1.4,1229,180,20.6,46,1511,78.3,24.3,1012.1,1015.5,0827,1012.2,1455,1013.8,13.2,9.1,1300,2.04,13.75,,,,,,4.8,2.4,27.7,17.7,27.1,27.3,27.0,26.5,,,,,,2.9,4.1,,,,2019,8,35,238,0,0,1,0
257,양산시,2019-08-27,23.6,22.2,0410,25.2,1633,1.5,214,2.5,144,,7.0,6.7,50,0635,4.4,50,0644,1.6,1345,50,23.2,84,0005,98.1,28.4,1007.2,1013.3,0001,1006.7,1635,1008.9,13.1,0.1,1600,0.44,2.44,,,,,,9.6,6.5,24.6,22.1,24.9,25.7,26.5,26.7,,,,,,0.5,0.7,,,,2019,8,35,239,0,0,1,1
257,양산시,2019-08-28,24.6,22.6,0021,29.3,1352,0.5,120,0.5,1,,1.5,4.6,200,1742,2.8,200,1744,1.0,907,20,23.7,72,1353,95.4,29.3,1006.6,1010.0,1007,1007.1,0453,1008.3,13.1,0.7,1300,1.23,4.82,,,,,,7.3,3.9,25.7,21.7,26.0,26.2,26.3,26.2,,,,,,1.0,1.5,,,,2019,8,35,240,0,0,1,1
257,양산시,2019-08-29,23.2,21.2,2251,24.9,1312,0.5,820,1.0,806,,2.0,6.1,320,0737,3.5,200,1537,1.5,1290,200,22.6,90,1213,97.0,27.5,1006.9,1010.2,0833,1006.8,1605,1008.6,13.1,0.0,1200,0.36,2.4,,,,,,9.8,2.3,24.0,20.0,24.5,25.0,25.7,25.9,,,,,,0.7,1.0,,,,2019,8,35,241,0,0,0,1
257,양산시,2019-08-30,24.5,19.6,0456,31.0,1550,,,,,,,7.4,320,1222,3.8,230,1704,1.8,1534,180,19.9,46,1546,78.0,23.2,1008.4,1013.0,2340,1008.5,1517,1010.1,13.0,9.3,1300,1.81,13.68,,,,,,4.4,0.6,25.6,17.8,25.4,25.6,25.7,25.5,,,,,,3.0,4.2,,,,2019,8,35,242,0,0,1,0
257,양산시,2019-08-31,24.0,18.2,0546,30.5,1457,,,,,,,6.3,320,1534,3.5,270,1225,1.6,1357,200,18.6,47,1442,73.9,21.4,1013.2,1017.0,2342,1012.6,0057,1014.9,13.0,8.7,1200,1.72,11.93,,,,,,5.4,1.3,26.6,16.7,25.7,26.0,26.0,25.8,,,,,,2.6,3.7,,,,2019,8,35,243,0,0,1,0
257,양산시,2019-09-01,23.3,20.3,0609,28.4,1338,0.5,1817,1.0,1758,,2.0,3.6,20,0941,1.8,20,1053,0.8,666,140,20.8,61,1320,87.9,24.7,1016.8,1019.6,2121,1016.9,0001,1018.5,12.9,0.2,1100,0.82,4.8,,,,,,9.3,2.1,24.4,19.3,24.7,25.2,25.7,25.8,,,,,,1.0,1.5,,,,2019,9,35,244,0,0,1,1
257,양산시,2019-09-02,21.8,20.7,0001,23.5,1626,2.5,1157,4.0,846,,16.5,7.4,70,1224,4.3,50,1904,2.0,1767,50,21.5,92,1628,98.9,25.6,1016.5,1019.7,1005,1016.8,1532,1018.2,12.9,0.0,1600,0.36,2.5,,,,,,8.8,4.9,22.7,21.3,23.1,23.9,24.6,25.1,,,,,,0.5,0.8,,,,2019,9,36,245,0,0,0,1
257,양산시,2019-09-03,23.7,21.2,0319,27.9,1307,6.0,935,14.5,900,,20.0,6.1,20,0838,3.6,50,0838,1.6,1424,20,22.8,74,1323,95.4,27.9,1015.0,1019.3,0949,1013.8,1518,1016.7,12.9,0.6,1200,1.34,5.22,,,,,,9.9,3.3,24.5,21.1,24.6,24.8,24.8,24.6,,,,,,1.1,1.5,,,,2019,9,36,246,0,0,1,1
257,양산시,2019-09-04,25.0,22.6,0348,28.6,1118,1.0,331,1.3,301,,1.5,6.9,70,0508,3.9,50,0509,1.7,1445,50,23.5,77,1314,92.0,28.9,1013.5,1016.5,0001,1013.9,1708,1015.2,12.8,0.1,1000,0.73,4.23,,,,,,9.3,4.3,24.8,21.9,25.0,25.2,25.3,25.0,,,,,,1.0,1.5,,,,2019,9,36,247,0,0,1,1
257,양산시,2019-09-05,26.5,22.2,0325,32.1,1538,0.1,,0.1,,,0.1,6.1,110,1436,2.8,140,1456,1.0,854,140,23.6,61,1539,85.9,29.2,1011.9,1015.3,0712,1011.7,1641,1013.6,12.8,6.0,0900,1.08,8.49,,,,,,7.4,2.3,26.6,21.1,26.2,26.2,26.0,25.5,,,,,,1.7,2.5,,,,2019,9,36,248,0,0,1,1
257,양산시,2019-09-06,27.8,23.7,0245,29.9,1054,0.0,,0.0,,,0.0,12.7,180,2240,6.0,140,2248,2.4,2093,110,24.2,69,2247,81.4,30.2,1008.7,1013.3,0001,1007.7,2353,1010.4,12.8,1.3,1000,0.72,4.48,,,,,,9.0,5.3,26.1,22.6,26.2,26.2,26.3,25.9,,,,,,1.7,2.5,,,,2019,9,36,249,0,0,1,0
257,양산시,2019-09-07,27.2,24.6,2258,29.5,1230,2.0,334,6.5,258,,11.5,16.1,200,1221,7.6,200,1132,4.5,3927,230,24.5,70,0001,85.9,30.8,1004.3,1009.2,2357,1003.8,0608,1006.0,12.7,1.3,1100,0.76,5.44,,,,,,7.9,5.5,26.1,23.1,26.2,26.2,26.3,26.0,,,,,,1.4,2.1,,,,2019,9,36,250,0,0,1,1
257,양산시,2019-09-08,26.1,22.4,0424,31.5,1638,0.1,,0.1,,,0.2,5.0,200,1821,2.9,200,1853,1.0,904,200,23.7,63,1612,88.1,29.3,1007.8,1010.9,2128,1007.9,1523,1009.5,12.7,3.1,1500,1.26,7.48,,,,,,8.5,4.6,27.3,21.2,26.9,26.5,26.3,25.9,,,,,,1.6,2.2,,,,2019,9,36,251,0,0,1,1
257,양산시,2019-09-09,28.2,23.5,0549,34.2,1315,,,,,,,6.0,110,1405,3.3,140,1357,1.0,896,160,24.1,57,1521,80.4,30.1,1009.6,1013.3,2123,1009.7,1502,1011.3,12.7,6.7,1100,1.32,10.0,,,,,,7.0,4.4,28.6,22.6,27.9,27.8,27.4,26.6,,,,,,2.2,3.1,,,,2019,9,37,252,0,0,1,0
257,양산시,2019-09-10,27.5,24.8,2254,30.6,1020,,,,,,,8.1,230,1156,5.1,230,0954,2.1,1805,230,25.0,70,1446,87.4,31.6,1012.9,1016.1,2330,1012.8,0103,1014.6,12.6,3.4,0900,1.44,8.81,,,,,,7.9,5.3,27.9,23.5,27.7,27.8,27.7,27.1,,,,,,2.0,2.9,,,,2019,9,37,253,0,0,1,0
257,양산시,2019-09-11,25.6,23.4,2043,31.5,1232,0.5,422,0.5,401,,0.5,10.7,90,2300,5.6,70,2048,2.2,1867,70,23.2,64,1257,87.1,28.5,1014.4,1018.3,2234,1014.6,1328,1016.1,12.6,0.5,1200,0.94,5.28,,,,,,8.4,4.1,25.9,22.7,26.5,27.1,27.3,27.0,,,,,,1.7,2.4,,,,2019,9,37,254,0,0,1,1
257,양산시,2019-09-12,22.3,20.8,1816,24.4,0121,0.5,432,0.5,413,,1.0,9.9,50,1006,5.8,70,1014,3.8,3277,70,18.2,61,1856,78.0,21.0,1015.9,1018.9,0940,1016.3,2350,1017.6,12.5,0.0,1300,0.49,2.58,,,,,,8.8,3.9,22.0,18.9,22.8,24.0,25.2,25.8,,,,,,1.8,2.6,,,,2019,9,37,255,0,0,0,1
257,양산시,2019-09-13,23.6,20.0,2326,28.6,1426,0.0,,0.0,,,0.0,8.9,110,1104,4.7,90,1106,3.1,2715,70,17.1,50,1346,68.3,19.5,1013.1,1016.3,0001,1013.3,1533,1014.8,12.5,8.1,1100,1.67,11.02,,,,,,4.3,2.0,24.1,17.1,23.8,24.6,24.8,24.8,,,,,,2.7,3.8,,,,2019,9,37,256,0,0,1,0
257,양산시,2019-09-14,23.8,17.2,0518,31.7,1427,,,,,,,6.3,250,1517,3.7,230,1522,1.3,1106,230,18.6,42,1431,76.3,21.5,1010.6,1014.3,0001,1010.3,1437,1012.3,12.5,9.4,1100,1.79,12.78,,,,,,3.5,0.9,25.9,15.5,24.9,25.6,25.4,25.0,,,,,,2.7,3.8,,,,2019,9,37,257,0,0,1,0
257,양산시,2019-09-15,24.9,21.1,0512,31.5,1305,,,,,,,9.8,70,2024,5.4,70,2041,2.5,2181,70,20.5,55,1258,77.5,24.2,1009.6,1012.3,2238,1009.7,1436,1011.3,12.4,6.3,0900,1.45,9.58,,,,,,6.6,1.5,25.7,19.5,25.7,26.3,26.2,25.7,,,,,,2.7,3.9,,,,2019,9,37,258,0,0,1,0
257,양산시,2019-09-16,23.4,20.1,0532,29.4,1313,,,,,,,9.9,50,1642,5.1,50,1558,3.1,2636,70,16.8,47,1551,67.8,19.2,1010.0,1013.8,2358,1010.1,1522,1011.7,12.4,8.2,1200,1.86,11.37,,,,,,3.9,2.4,25.1,17.3,24.7,25.7,26.0,25.7,,,,,,3.2,4.5,,,,2019,9,38,259,0,0,1,0
257,양산시,2019-09-17,23.3,20.0,0332,29.1,1507,,,,,,,9.9,70,1152,5.7,90,1103,3.2,2751,70,15.8,36,1429,64.8,18.0,1013.5,1016.8,2145,1013.0,0156,1015.2,12.4,9.1,1200,1.83,12.61,,,,,,1.9,0.1,25.2,16.3,24.6,25.7,25.8,25.6,,,,,,3.4,4.9,,,,2019,9,38,260,0,0,1,0
257,양산시,2019-09-18,23.3,16.6,0450,31.7,1446,,,,,,,8.5,110,1824,4.5,70,2053,1.9,1641,70,15.3,27,1338,65.5,17.5,1014.3,1018.0,2323,1014.0,1439,1016.0,12.3,8.3,1300,1.72,12.11,,,,,,3.9,2.1,26.2,14.1,25.1,26.0,26.0,25.6,,,,,,3.5,4.9,,,,2019,9,38,261,0,0,1,0
257,양산시,2019-09-19,22.0,18.2,2346,27.2,1221,,,,,,,8.8,90,0419,5.1,90,0406,3.3,2816,70,13.9,43,1149,61.8,15.9,1017.1,1020.7,0939,1017.8,1503,1018.8,12.3,9.4,1200,1.98,13.34,,,,,,3.5,0.4,24.9,15.3,24.5,25.9,26.2,25.9,,,,,,3.4,4.9,,,,2019,9,38,262,0,0,1,0
257,양산시,2019-09-20,21.8,15.9,0325,26.9,1125,0.0,,0.0,,,0.0,10.5,70,1000,6.0,70,1541,3.5,3018,70,14.9,50,1119,66.1,17.0,1016.1,1019.0,2052,1016.8,1426,1017.9,12.3,4.6,1100,1.88,9.05,,,,,,8.5,2.5,23.8,13.5,23.5,24.5,25.2,25.4,,,,,,2.7,3.9,,,,2019,9,38,263,0,0,1,0
257,양산시,2019-09-21,18.5,16.9,1459,22.1,0003,2.5,1917,6.0,2015,,40.0,13.8,70,2230,8.6,70,2230,4.3,3755,70,17.6,72,0001,94.9,20.2,1016.7,1020.6,0916,1016.6,2359,1018.5,12.2,0.0,1100,0.35,1.65,,,,,,10.0,2.4,19.1,16.3,20.0,21.7,23.3,24.4,,,,,,0.6,0.8,,,,2019,9,38,264,0,0,0,1
257,양산시,2019-09-22,19.1,17.5,0156,20.5,0909,2.0,118,7.5,2051,,88.5,17.9,50,2106,10.2,90,0811,6.6,5689,70,18.2,87,0907,95.0,20.9,1005.2,1017.5,0017,998.1,2213,1006.9,12.2,0.0,1200,0.21,1.21,,,,,,10.0,,18.3,17.2,18.6,19.5,20.6,21.5,,,,,,0.6,0.9,,,,2019,9,38,265,0,0,0,1
257,양산시,2019-09-23,18.6,15.4,2357,22.5,1214,0.5,29,0.5,1,,3.0,14.2,70,0021,7.6,70,0002,1.7,1455,230,16.8,64,1223,90.6,19.1,1012.9,1019.0,2134,1000.3,0003,1014.7,12.1,0.0,1200,0.77,4.55,,,,,,2.9,1.8,19.7,13.9,19.9,20.3,20.6,20.9,,,,,,1.0,1.4,,,,2019,9,39,266,0,0,0,1
257,양산시,2019-09-24,19.1,14.3,0502,27.3,1341,,,,,,,8.7,70,1420,4.0,70,1428,1.2,1029,90,14.2,34,1416,77.8,16.3,1017.9,1021.8,2200,1018.0,1526,1019.7,12.1,8.7,1200,1.79,12.42,,,,,,1.9,0.9,20.1,12.5,20.2,21.2,21.5,21.5,,,,,,2.4,3.4,,,,2019,9,39,267,0,0,1,0
257,양산시,2019-09-25,19.6,11.7,0632,27.0,1329,,,,,,,8.6,90,1427,3.7,90,1830,1.8,1560,90,15.0,51,1122,76.9,17.2,1021.4,1024.8,2043,1021.7,0020,1023.1,12.1,6.8,1300,1.48,9.93,,,,,,6.4,1.5,18.8,10.6,19.4,20.4,21.1,21.6,,,,,,2.4,3.4,,,,2019,9,39,268,0,0,1,0
257,양산시,2019-09-26,23.4,19.7,0019,29.3,1325,,,,,,,8.1,70,1552,4.4,70,1554,2.8,2448,50,18.1,52,1326,73.0,20.7,1023.0,1025.9,2111,1023.7,1330,1024.7,12.0,8.2,1200,1.66,11.22,,,,,,6.6,4.5,23.1,17.3,22.6,23.0,22.7,22.3,,,,,,2.8,4.1,,,,2019,9,39,269,0,0,1,0
257,양산시,2019-09-27,22.8,20.9,0415,27.7,1307,1.0,1651,2.5,1716,,4.0,7.5,110,1507,4.3,110,1507,2.6,2221,50,19.8,66,1304,84.4,23.2,1021.8,1025.2,0915,1021.8,2315,1023.5,12.0,1.8,1100,1.06,5.31,,,,,,8.6,4.5,22.5,18.6,22.8,23.0,23.1,22.9,,,,,,1.3,1.8,,,,2019,9,39,270,0,0,1,1
257,양산시,2019-09-28,23.5,21.4,0443,27.8,1132,0.5,12,0.5,1,,2.0,5.5,110,1302,3.8,20,0208,1.1,964,180,22.7,73,1143,96.3,27.7,1017.7,1022.0,0001,1017.7,1537,1019.4,12.0,1.7,1000,1.38,4.81,,,,,,8.8,5.5,23.7,21.0,23.7,23.9,23.8,23.3,,,,,,1.0,1.4,,,,2019,9,39,271,0,0,1,1
257,양산시,2019-09-29,24.3,21.5,0525,31.0,1349,,,,,,,6.2,250,1624,3.8,230,1632,1.2,1049,230,22.3,61,1333,90.3,27.0,1015.2,1018.4,0001,1015.0,1535,1016.9,11.9,6.1,1300,1.59,8.83,,,,,,6.4,3.0,25.9,20.1,25.3,25.2,24.7,24.0,,,,,,1.7,2.4,,,,2019,9,39,272,0,0,1,0
257,양산시,2019-09-30,24.5,21.5,0012,30.1,1417,1.0,1050,1.0,1001,,1.0,6.0,270,1357,3.7,250,1413,1.3,1110,230,22.3,61,1411,89.1,27.0,1016.2,1019.2,2214,1016.6,1516,1017.9,11.9,5.0,1100,1.57,8.08,,,,,,6.5,2.6,25.4,20.1,25.3,25.3,25.0,24.5,,,,,,1.5,2.2,,,,2019,9,40,273,0,0,1,1
257,양산시,2019-10-01,22.1,20.3,2040,24.1,1317,1.0,1012,3.5,948,,6.0,6.0,360,0956,3.6,50,2110,1.1,989,50,21.9,90,2302,99.5,26.4,1018.1,1022.4,0956,1018.5,0145,1019.8,11.9,0.0,1200,0.38,1.45,,,,,,9.8,3.8,22.3,20.1,22.9,23.5,24.1,24.3,,,,,,0.4,0.6,,,,2019,10,40,274,0,0,0,1
257,양산시,2019-10-02,23.2,20.8,0047,26.1,2312,16.5,2129,48.0,2045,,136.0,14.5,230,2321,7.9,200,2218,2.9,2547,50,22.7,82,2312,97.5,27.5,1010.0,1019.7,0028,1002.2,2354,1011.7,11.8,0.0,0900,0.21,1.12,,,,,,10.0,2.6,22.3,20.8,22.5,22.9,23.2,23.4,,,,,,0.7,1.0,,,,2019,10,40,275,0,0,1,1
257,양산시,2019-10-03,24.2,19.5,2350,29.4,1525,0.5,138,0.9,101,,1.0,16.6,230,0307,9.2,230,0308,3.4,2948,230,20.5,55,1525,81.9,24.2,1003.5,1011.8,2350,998.5,0251,1005.2,11.8,5.4,1200,1.74,7.91,,,,,,4.9,2.6,24.4,17.8,24.2,24.5,24.3,23.7,,,,,,1.9,2.7,,,,2019,10,40,276,0,0,1,1
257,양산시,2019-10-04,22.3,17.6,0640,28.7,1256,,,,,,,6.4,200,1422,3.9,230,1348,1.3,1080,230,18.9,54,1158,83.3,21.9,1012.8,1016.2,2118,1011.6,0020,1014.5,11.8,7.9,1200,1.69,9.87,,,,,,4.6,2.3,22.0,15.6,22.5,23.3,23.8,23.7,,,,,,2.0,2.8,,,,2019,10,40,277,0,0,1,0
257,양산시,2019-10-05,22.1,18.4,2358,28.5,1416,0.5,1741,1.0,1703,,1.0,10.5,70,2011,6.2,50,1954,2.3,2011,70,18.4,52,1416,81.5,21.3,1014.6,1021.0,2358,1013.6,1428,1016.3,11.7,3.0,1200,1.03,6.59,,,,,,8.0,4.3,23.3,16.4,23.4,23.8,24.0,23.9,,,,,,2.1,3.1,,,,2019,10,40,278,0,0,1,1
257,양산시,2019-10-06,18.6,16.3,2252,23.9,1423,,,,,,,10.1,70,1044,5.3,70,0408,3.7,3193,70,11.8,48,1359,65.3,13.8,1022.5,1025.8,0836,1020.9,0001,1024.3,11.7,8.2,1100,1.59,10.14,,,,,,7.0,2.3,18.9,13.5,19.7,21.4,22.5,23.0,,,,,,2.6,3.6,,,,2019,10,40,279,0,0,0,0
257,양산시,2019-10-07,18.1,16.3,0007,22.5,1313,0.5,1827,2.0,1828,,2.5,5.9,70,0058,3.5,70,0110,1.9,1618,70,15.1,63,1315,83.6,17.3,1016.9,1024.6,0029,1015.3,1706,1018.6,11.6,0.4,1200,0.84,3.13,,,,,,9.0,5.5,18.4,13.8,19.0,20.0,21.0,21.9,,,,,,1.0,1.4,,,,2019,10,41,280,0,0,0,1
257,양산시,2019-10-08,18.4,11.8,2355,24.6,1526,,,,,,,8.5,320,1255,4.4,320,1227,1.5,1327,160,12.5,48,1404,70.4,14.7,1016.2,1020.6,2356,1015.7,0002,1017.9,11.6,8.2,1200,1.63,10.22,,,,,,3.9,3.1,19.9,8.3,19.8,20.8,21.3,21.6,,,,,,2.1,3.0,,,,2019,10,41,281,0,0,0,0
257,양산시,2019-10-09,15.0,8.0,0643,24.3,1531,,,,,,,4.9,270,1624,2.7,320,1601,1.1,976,90,8.1,28,1617,67.0,10.9,1018.1,1022.6,0841,1017.7,1457,1019.9,11.6,9.1,1100,1.7,11.46,,,,,,0.3,0.0,16.0,5.6,16.5,18.5,19.9,20.9,,,,,,2.1,3.1,,,,2019,10,41,282,0,0,0,0
257,양산시,2019-10-10,16.9,9.1,0604,26.2,1451,,,,,,,4.7,340,1600,2.6,320,1540,1.0,907,90,11.8,40,1452,76.0,13.9,1014.8,1019.1,0001,1014.2,1422,1016.6,11.5,9.1,1100,1.68,11.1,,,,,,1.4,0.4,17.2,6.8,17.3,18.9,19.7,20.3,,,,,,2.1,3.0,,,,2019,10,41,283,0,0,1,0
257,양산시,2019-10-11,20.1,13.3,0430,26.2,1208,,,,,,,10.6,90,2332,5.7,20,1431,2.5,2194,70,13.4,40,1456,68.8,15.4,1012.7,1015.9,0912,1012.6,1418,1014.4,11.5,9.1,1100,1.61,10.92,,,,,,4.0,0.8,19.1,11.1,19.0,20.3,20.7,20.7,,,,,,3.5,5.1,,,,2019,10,41,284,0,0,1,0
257,양산시,2019-10-12,20.2,17.2,2339,23.7,1301,,,,,,,16.3,90,1426,8.4,50,1651,5.1,4364,50,12.1,50,1051,60.0,14.1,1013.6,1019.6,2357,1013.0,0501,1015.3,11.5,8.7,1200,1.56,9.72,,,,,,3.5,2.1,19.4,14.1,19.6,20.8,21.2,21.2,,,,,,3.6,5.2,,,,2019,10,41,285,0,0,0,0
257,양산시,2019-10-13,18.1,14.8,2329,23.1,1412,,,,,,,10.6,110,1056,6.2,90,1103,3.2,2807,50,10.3,45,1229,61.3,12.5,1021.2,1025.0,2239,1019.6,0001,1023.0,11.4,9.0,1200,1.68,10.39,,,,,,2.3,0.9,18.1,10.5,18.4,19.9,20.6,20.8,,,,,,2.6,3.7,,,,2019,10,41,286,0,0,0,0
257,양산시,2019-10-14,16.9,10.2,0525,25.6,1435,,,,,,,6.1,340,1637,3.5,20,1602,1.1,990,70,11.6,41,1516,74.1,13.7,1022.7,1026.4,2315,1022.0,1449,1024.5,11.4,9.6,1100,1.6,10.74,,,,,,1.1,0.3,17.8,7.6,17.9,19.5,20.2,20.5,,,,,,2.3,3.3,,,,2019,10,42,287,0,0,1,0
257,양산시,2019-10-15,15.7,12.4,2352,18.9,1533,0.0,,0.0,,,0.0,10.1,70,0911,5.5,70,0831,3.6,3090,70,10.8,58,1535,73.8,13.0,1027.2,1030.3,1051,1026.3,0001,1029.0,11.4,3.4,1100,0.9,5.97,,,,,,6.3,2.5,17.1,9.5,17.6,18.8,19.8,20.4,,,,,,1.5,2.2,,,,2019,10,42,288,0,0,0,0
257,양산시,2019-10-16,15.0,9.0,0400,22.4,1459,,,,,,,5.4,140,1650,2.8,360,1248,1.2,1009,50,10.2,43,1319,76.1,12.4,1025.3,1029.6,0138,1024.5,1659,1027.1,11.3,8.9,1200,1.66,10.0,,,,,,4.8,0.6,16.4,6.7,16.4,18.1,19.0,19.6,,,,,,1.8,2.6,,,,2019,10,42,289,0,0,0,0
257,양산시,2019-10-17,16.3,10.4,0616,20.4,1409,,,,,,,9.1,90,1751,5.3,70,1757,2.3,2007,70,11.5,57,1410,75.1,13.6,1023.2,1026.2,0001,1023.7,1739,1025.0,11.3,1.8,0900,0.72,4.8,,,,,,8.6,5.3,15.8,8.0,16.6,17.5,18.4,19.3,,,,,,1.8,2.5,,,,2019,10,42,290,0,0,0,0
257,양산시,2019-10-18,17.0,16.0,0846,18.2,0441,1.5,824,5.0,1402,,29.0,12.5,160,0954,6.7,90,0957,4.1,3538,70,15.3,72,0001,90.9,17.5,1019.3,1024.6,0051,1018.6,1532,1021.1,11.2,0.0,0900,0.2,1.07,,,,,,8.9,4.1,15.6,14.1,16.3,17.2,18.2,18.9,,,,,,0.5,0.8,,,,2019,10,42,291,0,0,0,1
257,양산시,2019-10-19,19.0,14.8,0718,25.1,1534,,,,,,,7.5,90,0910,4.2,70,1002,1.9,1630,20,15.1,54,1535,80.0,17.2,1018.7,1022.6,2207,1018.7,0259,1020.5,11.2,9.1,1300,1.64,10.59,,,,,,4.0,2.5,18.5,12.3,18.6,19.2,19.1,19.0,,,,,,1.9,2.8,,,,2019,10,42,292,0,0,1,0
257,양산시,2019-10-20,17.3,11.9,0611,24.7,1418,,,,,,,6.9,140,1621,4.1,110,1627,1.2,1076,50,13.8,45,1420,82.5,15.8,1020.4,1024.6,0931,1020.3,1459,1022.1,11.2,7.6,1100,1.52,8.88,,,,,,3.8,0.9,16.7,9.2,17.5,18.6,19.2,19.5,,,,,,1.6,2.3,,,,2019,10,42,293,0,0,0,0
257,양산시,2019-10-21,17.9,11.4,0704,23.5,1249,,,,,,,9.8,90,1215,5.4,90,1136,2.4,2047,90,12.5,44,1502,73.9,14.5,1017.1,1021.1,0001,1017.0,1537,1018.8,11.1,9.4,1200,1.51,10.34,,,,,,1.5,0.8,16.7,8.3,16.9,18.1,18.9,19.3,,,,,,2.6,3.7,,,,2019,10,43,294,0,0,0,0
257,양산시,2019-10-22,18.9,14.8,0545,23.9,1348,,,,,,,9.3,110,1355,5.4,110,1359,2.8,2384,70,13.6,55,1351,72.3,15.6,1016.3,1019.3,2052,1016.9,1511,1018.1,11.1,8.3,1100,1.61,10.12,,,,,,7.4,2.9,18.4,11.5,18.4,19.2,19.4,19.4,,,,,,2.4,3.5,,,,2019,10,43,295,0,0,0,0
257,양산시,2019-10-23,18.5,16.5,0619,20.9,1345,0.2,,0.4,2101,,0.4,9.9,70,1351,5.4,90,1355,3.1,2647,70,13.7,67,1404,73.8,15.7,1017.2,1020.4,2147,1017.0,1359,1019.0,11.1,0.5,1300,0.48,3.09,,,,,,9.3,4.0,17.2,13.5,17.8,18.5,19.2,19.6,,,,,,1.7,2.4,,,,2019,10,43,296,0,0,0,1
257,양산시,2019-10-24,18.7,16.9,2358,20.3,1201,0.0,,0.0,,,0.0,9.7,90,0904,5.7,70,1602,3.3,2849,70,14.9,64,0339,78.6,17.0,1016.0,1019.8,0147,1016.3,1457,1017.8,11.0,0.1,1100,0.57,2.96,,,,,,8.8,4.6,17.7,13.7,17.9,18.2,18.7,19.2,,,,,,1.0,1.4,,,,2019,10,43,297,0,0,0,0
257,양산시,2019-10-25,19.5,15.1,0205,25.2,1355,,,,,,,9.0,70,1111,4.7,70,1116,1.2,1064,200,15.5,53,1506,79.4,17.6,1015.3,1018.4,2113,1015.3,1535,1017.0,11.0,5.4,1100,1.47,7.13,,,,,,8.1,4.0,19.1,12.6,19.1,19.4,19.4,19.3,,,,,,1.6,2.3,,,,2019,10,43,298,0,0,1,0
257,양산시,2019-10-26,17.3,12.9,2253,22.6,1320,,,,,,,7.8,320,0959,3.6,290,1003,1.7,1427,320,9.3,34,1518,61.5,12.1,1015.2,1018.6,2248,1015.3,1300,1017.0,11.0,8.6,1200,1.55,9.68,,,,,,6.4,3.0,18.1,8.5,18.1,19.3,19.8,19.8,,,,,,2.3,3.2,,,,2019,10,43,299,0,0,0,0
257,양산시,2019-10-27,12.4,7.1,2327,20.4,1355,,,,,,,6.3,340,1416,3.2,160,0848,1.5,1276,200,3.4,26,1502,57.5,7.8,1017.5,1020.9,2314,1017.6,1415,1019.3,10.9,8.3,1300,1.51,8.25,,,,,,2.5,0.0,12.7,3.4,13.5,16.0,17.7,18.7,,,,,,1.7,2.4,,,,2019,10,43,300,0,0,0,0
257,양산시,2019-10-28,12.4,4.8,0545,20.3,1408,,,,,,,7.7,200,1449,4.6,250,1515,1.6,1351,200,6.9,38,1356,72.6,10.1,1016.6,1020.9,0005,1015.7,1728,1018.4,10.9,9.1,1200,1.52,9.47,,,,,,4.4,0.0,12.6,1.6,12.8,14.9,16.2,17.4,,,,,,1.8,2.6,,,,2019,10,44,301,0,0,0,0
257,양산시,2019-10-29,14.3,8.3,0624,21.6,1404,,,,,,,7.4,230,1253,4.1,270,1259,1.3,1122,270,8.4,42,1248,71.4,11.0,1014.9,1019.5,2345,1014.8,1430,1016.7,10.9,8.4,1200,1.27,7.94,,,,,,0.3,0.0,13.7,5.4,14.1,15.6,16.6,17.3,,,,,,1.7,2.5,,,,2019,10,44,302,0,0,0,0
257,양산시,2019-10-30,12.8,7.2,0705,20.9,1422,,,,,,,5.9,270,1223,3.2,250,1253,1.5,1263,250,5.8,34,1615,66.5,9.3,1019.9,1023.1,2306,1019.4,0007,1021.7,10.8,9.6,1200,1.55,10.01,,,,,,0.0,0.0,12.7,3.7,13.2,15.2,16.4,17.1,,,,,,2.0,2.9,,,,2019,10,44,303,0,0,0,0
257,양산시,2019-10-31,14.1,7.5,0351,22.9,1419,,,,,,,5.1,250,1602,3.3,200,2030,1.9,1679,200,8.0,38,1414,69.9,10.8,1019.9,1023.7,0750,1019.5,1441,1021.6,10.8,9.5,1200,1.49,9.6,,,,,,0.5,0.0,13.1,3.4,13.6,15.2,16.2,16.8,,,,,,1.9,2.8,,,,2019,10,44,304,0,0,0,0
257,양산시,2019-11-01,16.0,8.7,0439,24.6,1500,,,,,,,7.4,110,1643,3.6,140,1538,2.1,1805,230,9.5,35,1427,69.5,11.8,1020.5,1023.9,2229,1020.2,1344,1022.3,10.8,8.9,1200,1.41,8.62,,,,,,1.3,0.0,15.2,5.2,15.0,16.1,16.6,17.0,,,,,,2.0,2.8,,,,2019,11,44,305,0,0,0,0
257,양산시,2019-11-02,15.5,9.6,0649,22.8,1428,,,,,,,5.0,340,1632,2.9,70,1136,1.0,850,180,11.1,43,1429,77.8,13.2,1019.5,1023.8,0856,1019.1,1535,1021.3,10.7,6.3,1100,1.22,6.78,,,,,,6.1,2.1,14.9,5.3,15.5,16.5,16.9,17.3,,,,,,1.3,1.9,,,,2019,11,44,306,0,0,0,0
257,양산시,2019-11-03,15.4,11.0,0301,22.1,1513,,,,,,1.0,8.3,90,1732,5.1,50,1747,1.8,1576,70,11.7,51,1229,80.6,13.7,1018.2,1022.6,2240,1017.5,1333,1020.0,10.7,5.7,1200,1.1,5.93,,,,,,6.3,2.3,15.3,7.3,15.6,16.5,16.9,17.3,,,,,,1.5,2.2,,,,2019,11,44,307,0,0,0,1
257,양산시,2019-11-04,14.1,8.7,2353,18.8,1449,,,,,,,7.4,90,1113,4.0,50,0022,2.5,2156,70,8.0,48,1541,68.1,10.7,1021.4,1024.6,0859,1022.3,1450,1023.2,10.7,2.1,1100,0.84,5.16,,,,,,4.3,2.8,13.9,4.7,14.5,15.6,16.5,17.3,,,,,,1.4,1.9,,,,2019,11,45,308,0,0,0,0
257,양산시,2019-11-05,12.2,6.5,0606,20.9,1421,,,,,,,4.6,270,1430,2.7,200,0946,1.0,895,90,7.3,37,1516,76.1,10.2,1018.1,1023.2,0001,1017.6,1524,1019.9,10.6,9.1,1200,1.43,9.05,,,,,,0.0,0.0,12.5,2.9,12.9,14.7,15.6,16.5,,,,,,1.6,2.3,,,,2019,11,45,309,0,0,0,0
257,양산시,2019-11-06,12.2,6.1,0509,21.4,1407,,,,,,,5.9,230,1601,3.5,230,1608,1.1,976,230,6.2,33,1539,71.6,9.5,1015.5,1020.0,0822,1015.2,1452,1017.3,10.6,8.9,1100,1.42,8.79,,,,,,2.6,0.8,12.1,1.5,12.7,14.5,15.3,16.2,,,,,,1.8,2.6,,,,2019,11,45,310,0,0,0,0
257,양산시,2019-11-07,13.1,8.1,2351,20.3,1425,,,,,,,8.0,340,1120,4.5,320,1228,1.3,1151,230,5.4,36,1414,62.8,9.0,1015.3,1019.7,2359,1015.3,0321,1017.1,10.6,7.4,1100,1.35,7.49,,,,,,4.5,2.8,13.1,3.5,13.4,14.7,15.4,16.2,,,,,,1.6,2.2,,,,2019,11,45,311,0,0,0,0
257,양산시,2019-11-08,11.0,6.1,0701,19.4,1344,,,,,,,6.0,320,1303,2.8,320,1328,1.1,959,90,4.2,26,1637,66.5,8.3,1018.3,1021.4,0850,1018.2,1451,1020.1,10.5,8.9,1200,1.35,8.37,,,,,,0.1,0.0,11.2,1.4,11.9,13.7,14.9,15.9,,,,,,1.6,2.3,,,,2019,11,45,312,0,0,0,0
257,양산시,2019-11-09,10.4,3.6,0650,20.5,1438,,,,,,,7.0,320,1612,3.9,340,1617,1.1,957,90,1.7,24,1457,59.6,7.0,1019.4,1023.0,0837,1019.1,1509,1021.2,10.5,8.7,1200,1.38,8.52,,,,,,0.3,0.0,9.9,-1.1,10.9,12.8,14.1,15.3,,,,,,1.7,2.5,,,,2019,11,45,313,0,0,0,0
257,양산시,2019-11-10,11.2,3.8,0526,18.0,1359,,,,,,6.5,12.7,250,2250,7.9,270,2258,1.0,856,250,5.9,40,1221,72.4,9.6,1012.9,1020.9,0001,1006.8,2234,1014.7,10.5,2.9,1000,0.85,4.61,,,,,,6.7,1.0,10.8,0.0,11.2,12.2,13.4,14.7,,,,,,1.1,1.6,,,,2019,11,45,314,0,0,0,1
257,양산시,2019-11-11,13.6,9.3,2304,20.1,1438,,,,,,0.3,8.9,270,1048,5.2,270,1219,2.1,1819,270,7.1,42,1438,66.9,10.1,1010.2,1017.7,2320,1008.0,0135,1012.0,10.5,7.4,1100,1.0,6.18,,,,,,2.0,1.1,11.7,4.5,12.5,13.3,14.1,14.8,,,,,,1.5,2.2,,,,2019,11,46,315,0,0,0,1
257,양산시,2019-11-12,11.4,6.0,0704,19.4,1421,,,,,,,4.5,270,1327,2.7,200,1347,1.0,850,160,5.3,36,1509,70.4,8.9,1019.6,1022.8,0921,1017.8,0001,1021.4,10.4,8.3,1100,1.23,7.73,,,,,,3.0,2.3,10.3,1.0,11.3,12.5,13.5,14.5,,,,,,1.4,2.0,,,,2019,11,46,316,0,0,0,0
257,양산시,2019-11-13,11.7,4.7,0658,16.5,1433,,,,,,,6.7,200,1710,4.0,230,1717,1.5,1326,250,5.6,37,1831,69.8,9.2,1016.6,1022.9,0134,1014.7,1615,1018.4,10.4,0.3,1200,0.69,3.31,,,,,,5.6,5.0,10.0,0.5,10.8,11.6,12.7,14.1,,,,,,1.7,2.5,,,,2019,11,46,317,0,0,0,0
257,양산시,2019-11-14,6.7,0.3,2350,14.4,0008,,,,,,,10.7,320,0327,4.6,320,0036,2.3,1982,340,-6.5,21,1352,40.1,3.9,1021.8,1025.3,0940,1017.2,0001,1023.7,10.4,8.7,1100,1.44,9.01,,,,,,0.0,0.0,6.4,-3.4,8.3,10.6,12.3,13.7,,,,,,1.9,2.8,,,,2019,11,46,318,0,0,0,0
257,양산시,2019-11-15,7.9,0.5,0328,16.7,1343,,,,,,,7.6,230,1405,4.7,200,1454,2.1,1817,230,0.3,28,1218,62.1,6.6,1020.0,1024.6,0001,1019.7,1456,1021.9,10.3,8.5,1100,1.35,8.18,,,,,,0.0,0.0,6.2,-3.4,7.4,9.1,10.7,12.4,,,,,,1.6,2.3,,,,2019,11,46,319,0,0,0,0
257,양산시,2019-11-16,11.4,4.4,0612,19.9,1338,,,,,,,6.1,200,1501,3.8,230,1503,1.1,940,200,8.2,47,1338,84.0,11.0,1019.9,1023.7,2203,1019.7,1332,1021.7,10.3,7.6,1200,1.24,6.78,,,,,,1.9,0.5,9.2,0.1,10.0,11.1,11.8,12.5,,,,,,1.3,1.8,,,,2019,11,46,320,0,0,0,0
257,양산시,2019-11-17,14.6,7.8,0432,19.1,1412,,,,,,5.0,6.6,320,2225,3.6,250,2335,1.2,1014,90,11.9,63,1333,85.3,14.1,1018.9,1024.0,0802,1015.0,2343,1020.7,10.3,0.2,1100,0.55,2.08,,,,,,7.5,3.6,12.0,3.5,12.2,12.3,12.5,13.1,,,,,,0.8,1.1,,,,2019,11,46,321,0,0,0,1
257,양산시,2019-11-18,13.7,7.4,2349,19.3,0255,,,,,,18.5,13.9,320,0454,6.7,230,0301,3.1,2667,230,6.4,45,2356,63.3,10.6,1014.9,1022.1,2342,1010.8,0421,1016.7,10.3,2.9,1100,1.1,4.48,,,,,,9.0,4.5,14.1,5.0,14.5,14.9,14.9,14.6,,,,,,1.6,2.2,,,,2019,11,47,322,0,0,0,1
257,양산시,2019-11-19,6.5,3.0,0555,10.4,1246,,,,,,,9.5,360,1142,4.9,290,1232,2.0,1760,290,-3.8,33,1522,48.8,4.7,1023.3,1029.2,2344,1021.9,0456,1025.1,10.2,7.7,1200,1.44,7.7,,,,,,2.9,1.3,7.1,-0.8,8.4,10.4,12.2,13.7,,,,,,1.9,2.7,,,,2019,11,47,323,0,0,0,0
257,양산시,2019-11-20,5.7,0.7,2344,12.4,1430,,,,,,,7.6,360,0154,3.7,360,0201,1.5,1305,90,-6.6,20,1413,42.9,3.7,1029.1,1033.2,2339,1028.7,0136,1031.0,10.2,8.7,1200,1.43,8.6,,,,,,0.3,0.0,4.7,-3.5,6.2,8.4,10.2,12.1,,,,,,1.6,2.3,,,,2019,11,47,324,0,0,0,0
257,양산시,2019-11-21,8.2,-1.3,0657,17.0,1320,,,,,,,8.0,110,1651,4.1,110,1520,1.6,1402,90,-0.3,26,1040,56.8,6.2,1030.7,1034.6,0907,1030.3,1357,1032.5,10.2,8.2,1200,1.32,7.84,,,,,,3.6,3.0,5.9,-4.7,6.9,8.4,9.6,11.1,,,,,,1.7,2.5,,,,2019,11,47,325,0,0,0,0
257,양산시,2019-11-22,13.1,5.2,0534,20.7,1347,,,,,,,6.8,50,2134,4.1,50,2121,2.2,1860,90,7.2,42,1326,69.1,10.2,1026.8,1031.6,0001,1026.8,1425,1028.7,10.2,8.4,1100,1.39,7.9,,,,,,3.5,1.6,9.9,1.1,10.4,11.2,11.4,11.7,,,,,,1.7,2.5,,,,2019,11,47,326,0,0,0,0
257,양산시,2019-11-23,12.7,6.5,0630,21.2,1245,,,,,,,6.5,160,1617,3.9,160,1622,1.1,978,110,8.9,46,1249,80.9,11.4,1023.5,1028.4,0837,1022.4,1506,1025.3,10.1,8.7,1200,1.3,7.58,,,,,,3.3,0.1,10.4,2.0,11.0,12.0,12.4,12.6,,,,,,1.4,2.0,,,,2019,11,47,327,0,0,0,0
257,양산시,2019-11-24,14.3,10.7,0001,19.1,1453,,,,,,0.4,4.6,250,2313,2.8,230,2313,1.1,921,230,12.8,73,1457,91.5,14.8,1017.9,1023.5,0001,1016.8,1602,1019.7,10.1,0.7,1400,0.44,1.95,,,,,,7.0,2.4,12.7,8.3,12.8,13.0,13.0,13.2,,,,,,0.7,0.9,,,,2019,11,47,328,0,0,0,1
257,양산시,2019-11-25,11.7,9.0,0720,16.7,0008,,,,,,,12.1,70,1130,7.0,50,1136,3.2,2751,70,5.1,38,0943,64.9,8.9,1024.7,1030.5,2201,1019.5,0008,1026.5,10.1,4.9,1100,1.12,5.64,,,,,,7.0,1.4,10.6,4.3,11.3,12.2,12.9,13.4,,,,,,1.8,2.5,,,,2019,11,48,329,0,0,0,0
257,양산시,2019-11-26,11.5,8.6,2347,16.2,1324,,,,,,,9.4,70,1056,5.1,70,0901,3.4,2925,70,3.8,38,1337,60.9,8.1,1028.0,1031.9,0948,1027.7,2248,1029.8,10.1,8.6,1100,1.31,7.99,,,,,,5.1,2.4,9.7,6.6,10.5,11.6,12.4,13.0,,,,,,1.9,2.7,,,,2019,11,48,330,0,0,0,0
257,양산시,2019-11-27,9.6,5.7,0629,13.0,1338,,,,,,,6.1,340,1445,3.4,340,1447,1.1,982,50,3.3,55,1521,65.9,7.8,1024.4,1028.5,0049,1024.4,1457,1026.2,10.1,0.3,1000,0.42,2.59,,,,,,9.1,3.3,8.7,1.8,9.5,10.5,11.6,12.7,,,,,,1.1,1.5,,,,2019,11,48,331,0,0,0,0
257,양산시,2019-11-28,9.1,3.8,2359,12.2,1217,,,,,,,8.9,70,0537,5.3,70,0930,2.9,2544,50,4.1,56,0029,71.8,8.2,1026.8,1030.6,2333,1025.6,0310,1028.6,10.0,2.2,1000,0.81,3.76,,,,,,4.9,2.5,8.3,-0.9,9.1,10.2,11.2,12.3,,,,,,1.0,1.4,,,,2019,11,48,332,0,0,0,0
257,양산시,2019-11-29,6.4,1.4,0555,14.8,1452,,,,,,,7.5,320,1410,4.1,320,1415,1.5,1278,90,-4.4,16,1358,54.0,4.7,1028.7,1032.2,2304,1028.5,1434,1030.6,10.0,8.5,1200,1.35,8.07,,,,,,0.0,0.0,5.0,-3.4,6.3,8.4,10.0,11.4,,,,,,1.9,2.7,,,,2019,11,48,333,0,0,0,0
257,양산시,2019-11-30,8.1,1.6,0259,15.1,1513,,,,,,0.0,3.8,200,0544,2.6,200,0543,1.0,868,230,0.5,44,1747,59.8,6.5,1027.3,1032.2,0641,1026.4,2325,1029.2,10.0,4.1,1400,0.86,4.33,,,,,,6.3,3.8,6.3,-2.5,6.9,8.0,9.2,10.8,,,,,,0.9,1.2,,,,2019,11,48,334,0,0,0,0
257,양산시,2019-12-01,8.2,7.1,1816,10.4,1037,,,,,,19.0,9.9,70,1907,6.8,50,1914,1.7,1470,50,7.4,71,0027,95.5,10.3,1019.4,1026.5,0001,1015.6,2356,1021.2,10.0,0.0,1200,0.42,1.33,,,,,,9.9,3.0,8.6,7.0,9.0,9.6,10.2,11.0,,,,,,0.6,0.8,,,,2019,12,48,335,0,0,0,1
257,양산시,2019-12-02,7.1,3.1,2356,10.7,1340,,,,,,0.5,10.6,360,1257,6.2,340,1300,2.5,2159,320,-3.1,31,1321,50.5,5.2,1018.2,1025.4,2357,1015.1,0037,1020.0,10.0,8.3,1200,1.23,7.17,,,,,,2.6,1.8,5.5,-0.2,7.1,8.6,9.8,10.8,,,,,,1.8,2.5,,,,2019,12,49,336,0,0,0,1
257,양산시,2019-12-03,4.0,-1.3,0657,9.8,1440,,,,,,,8.0,70,0022,4.1,270,1401,1.7,1443,200,-3.6,37,1442,59.0,4.7,1025.0,1028.7,0853,1025.2,0002,1026.9,9.9,6.8,1200,1.28,7.15,,,,,,2.1,1.8,3.2,-5.0,4.7,6.4,8.0,9.7,,,,,,1.3,1.8,,,,2019,12,49,337,0,0,0,0
257,양산시,2019-12-04,4.7,0.1,2348,11.1,1430,,,,,,,6.8,20,1343,3.6,360,1237,1.4,1210,230,-1.7,37,1447,65.8,5.4,1027.7,1031.5,2317,1028.0,0423,1029.6,9.9,8.1,1100,1.17,6.0,,,,,,1.8,0.0,3.3,-4.6,4.6,6.2,7.7,9.2,,,,,,1.1,1.5,,,,2019,12,49,338,0,0,0,0
257,양산시,2019-12-05,3.3,-1.0,0236,8.9,1241,,,,,,,9.0,250,1155,4.9,20,2330,2.0,1750,290,-7.6,25,1551,51.0,3.7,1031.7,1036.3,2318,1031.3,0001,1033.6,9.9,8.3,1200,1.28,7.36,,,,,,2.6,0.0,1.9,-5.3,3.4,5.3,6.9,8.6,,,,,,1.9,2.7,,,,2019,12,49,339,0,0,0,0
257,양산시,2019-12-06,0.3,-3.4,0635,6.0,1508,,,,,,,6.7,340,0009,3.9,360,0012,1.6,1346,200,-16.0,16,1511,29.6,1.8,1032.3,1037.6,0903,1031.7,2331,1034.2,9.9,5.1,1300,0.79,4.73,,,,,,5.0,0.1,0.3,-8.2,1.7,3.4,5.3,7.7,,,,,,1.4,2.0,,,,2019,12,49,340,0,0,0,0
257,양산시,2019-12-07,3.5,-2.2,0447,10.3,1413,,,,,,,8.5,50,1542,4.8,360,1522,1.6,1370,180,-8.3,23,0126,43.3,3.4,1027.5,1032.0,0006,1027.3,1430,1029.3,9.9,8.2,1200,1.28,7.52,,,,,,0.0,0.0,0.8,-7.4,2.0,3.5,4.9,6.8,,,,,,1.3,1.9,,,,2019,12,49,341,0,0,0,0
257,양산시,2019-12-08,2.8,-2.3,0652,11.0,1507,,,,,,,4.4,180,0155,2.5,250,1447,1.1,920,230,-4.6,24,1343,61.3,4.3,1026.7,1030.7,0915,1026.9,1459,1028.6,9.9,8.2,1200,1.26,7.3,,,,,,0.0,0.0,1.7,-7.6,2.8,4.2,5.3,6.8,,,,,,1.1,1.6,,,,2019,12,49,342,0,0,0,0
257,양산시,2019-12-09,3.2,-3.2,0516,12.5,1530,,,,,,,5.0,320,1631,2.7,290,1627,1.1,934,200,-3.5,24,1537,65.4,4.7,1024.0,1028.3,0005,1023.6,1451,1025.9,9.9,8.2,1200,1.25,7.31,,,,,,0.0,0.0,1.8,-7.6,2.9,4.2,5.3,6.7,,,,,,1.2,1.7,,,,2019,12,50,343,0,0,0,0
257,양산시,2019-12-10,6.6,-0.9,0432,16.6,1354,,,,,,,7.4,250,1525,4.7,230,1413,1.3,1128,230,2.8,47,1354,79.3,7.6,1020.5,1025.7,0001,1020.4,1417,1022.3,9.9,6.8,1200,1.1,5.78,,,,,,4.5,0.8,4.0,-5.0,4.8,5.6,6.1,7.0,,,,,,1.1,1.6,,,,2019,12,50,344,0,0,0,0
257,양산시,2019-12-11,10.0,3.7,0151,18.0,1451,,,,,,,12.4,290,2324,6.0,320,2324,2.3,1948,270,2.0,30,2243,63.6,7.4,1016.1,1021.3,2359,1013.8,1505,1017.9,9.8,7.0,1200,1.04,5.81,,,,,,3.5,0.5,6.6,-0.5,7.1,7.7,7.7,8.0,,,,,,2.1,3.0,,,,2019,12,50,345,0,0,0,0
257,양산시,2019-12-12,4.4,-1.3,2357,9.4,1459,,,,,,,9.4,320,0002,4.5,320,0030,1.9,1632,320,-10.8,14,1504,34.0,2.7,1026.3,1031.1,2308,1021.2,0005,1028.1,9.8,8.1,1200,1.31,7.6,,,,,,0.0,0.0,2.5,-6.7,4.1,6.0,7.2,8.3,,,,,,1.6,2.3,,,,2019,12,50,346,0,0,0,0
257,양산시,2019-12-13,3.0,-3.0,0410,10.3,1352,,,,,,,4.6,270,1447,2.9,270,1452,1.3,1089,180,-7.3,23,1309,48.8,3.6,1026.5,1031.2,0254,1025.4,2329,1028.4,9.8,5.9,1100,1.08,5.35,,,,,,4.0,0.9,1.7,-7.7,2.9,4.2,5.6,7.3,,,,,,1.2,1.8,,,,2019,12,50,347,0,0,0,0
257,양산시,2019-12-14,5.5,0.5,0306,12.7,1434,,,,,,,8.6,320,1242,4.0,320,1335,1.9,1628,230,-4.2,20,1529,53.1,4.6,1025.7,1031.0,2218,1024.1,0436,1027.6,9.8,8.1,1200,1.14,6.61,,,,,,2.5,0.5,2.8,-3.6,4.0,5.2,6.0,7.0,,,,,,1.6,2.3,,,,2019,12,50,348,0,0,0,0
257,양산시,2019-12-15,7.8,2.4,0711,14.4,1246,,,,,,,8.3,90,1137,4.6,90,1142,2.1,1790,70,1.2,44,1206,64.5,6.7,1028.6,1032.3,0954,1029.1,2356,1030.4,9.8,7.2,1200,1.25,6.18,,,,,,6.1,0.1,4.8,-2.0,5.6,6.4,6.8,7.5,,,,,,1.3,1.9,,,,2019,12,50,349,0,0,0,0
257,양산시,2019-12-16,7.5,1.3,0639,15.4,1348,,,,,,,4.0,230,1430,2.6,230,1526,0.8,725,250,3.5,47,1356,78.6,7.9,1023.1,1029.2,0235,1021.3,2351,1025.0,9.8,5.9,1200,1.14,5.88,,,,,,4.8,2.8,5.4,-3.6,6.0,6.9,7.3,7.9,,,,,,1.0,1.4,,,,2019,12,51,350,0,0,0,0
257,양산시,2019-12-17,10.4,3.1,0626,17.0,1454,,,,,,,6.1,340,2346,2.7,200,1442,1.3,1097,230,7.1,61,1410,82.0,10.3,1014.3,1021.3,0001,1013.0,1440,1016.1,9.8,3.4,1300,0.73,3.44,,,,,,6.4,4.4,8.1,-1.4,8.0,8.1,8.0,8.4,,,,,,1.1,1.5,,,,2019,12,51,351,0,0,0,0
257,양산시,2019-12-18,9.6,5.2,2146,15.5,1408,,,,,,,7.5,320,0251,4.1,340,0149,1.5,1283,200,-1.0,26,1513,49.4,5.7,1019.0,1022.8,1022,1015.9,0001,1020.8,9.8,7.2,1300,1.12,6.14,,,,,,4.6,1.6,7.1,-0.1,8.1,9.1,9.3,9.3,,,,,,1.6,2.3,,,,2019,12,51,352,0,0,0,0
257,양산시,2019-12-19,7.2,4.4,2358,12.0,1331,,,,,,,10.2,340,1105,5.2,320,1117,2.5,2137,320,-10.8,17,1129,28.0,2.8,1021.7,1028.4,2358,1020.9,1322,1023.5,9.8,6.2,1200,1.23,6.05,,,,,,6.8,3.1,5.1,-0.3,6.2,7.5,8.3,9.1,,,,,,2.3,3.3,,,,2019,12,51,353,0,0,0,0
257,양산시,2019-12-20,4.2,-0.5,0622,9.0,1258,,,,,,,7.7,320,1330,4.0,290,1345,1.5,1295,200,-6.5,29,0012,45.8,3.8,1027.3,1031.6,2216,1027.3,1619,1029.2,9.8,7.1,1200,1.17,6.25,,,,,,3.6,0.5,3.0,-6.0,4.1,5.8,7.0,8.3,,,,,,1.3,1.8,,,,2019,12,51,354,0,0,0,0
257,양산시,2019-12-21,2.4,-0.4,2357,6.3,1400,,,,,,,4.0,200,0729,2.7,230,0733,1.2,1049,230,-5.6,37,1405,56.8,4.0,1026.4,1030.4,0950,1025.8,2351,1028.3,9.8,0.3,1000,0.56,2.64,,,,,,6.9,2.0,1.2,-5.3,2.9,4.5,6.1,7.7,,,,,,0.7,1.0,,,,2019,12,51,355,0,0,0,0
257,양산시,2019-12-22,3.2,-1.1,2352,9.0,1606,,,,,,,3.9,230,1420,2.9,230,1426,0.9,757,230,-2.2,46,1626,69.4,5.2,1020.0,1026.2,0313,1018.8,1457,1021.9,9.8,1.3,1100,0.37,2.08,,,,,,6.3,3.1,2.3,-5.8,3.1,4.2,5.4,6.9,,,,,,0.5,0.7,,,,2019,12,51,356,0,0,0,0
257,양산시,2019-12-23,4.5,-1.6,0623,12.3,1220,,,,,,,9.3,360,1300,4.4,360,1302,1.3,1163,230,-0.9,40,1556,70.5,5.7,1020.1,1025.4,2325,1019.9,0321,1022.0,9.8,7.9,1200,1.06,6.18,,,,,,2.1,0.1,2.5,-6.1,3.4,4.6,5.5,6.6,,,,,,1.1,1.6,,,,2019,12,52,357,0,0,0,0
257,양산시,2019-12-24,4.9,-0.1,0746,12.7,1419,,,,,,,4.4,250,1433,2.7,250,1429,0.9,789,230,-0.8,42,1309,68.8,5.8,1025.0,1028.7,0950,1025.2,0035,1026.9,9.8,7.8,1200,1.13,5.92,,,,,,3.1,0.1,3.0,-5.3,3.9,5.1,5.8,6.7,,,,,,0.9,1.3,,,,2019,12,52,358,0,0,0,0
257,양산시,2019-12-25,7.7,-0.4,0524,16.3,1510,,,,,,,6.1,20,2352,3.7,50,2347,1.1,978,200,-0.6,20,1657,62.8,5.9,1021.4,1027.4,0007,1019.0,2344,1023.3,9.8,8.0,1200,1.15,6.52,,,,,,3.9,2.6,4.5,-5.2,4.9,5.7,6.1,6.9,,,,,,1.5,2.2,,,,2019,12,52,359,0,0,0,0
257,양산시,2019-12-26,7.2,4.7,2400,10.7,1114,,,,,,0.6,9.8,320,2318,4.5,340,2103,1.7,1490,340,-0.5,38,0008,58.3,6.0,1013.4,1019.3,0001,1012.4,1704,1015.2,9.8,0.0,1000,0.37,1.31,,,,,,8.3,5.6,4.9,0.4,6.0,6.7,7.2,7.7,,,,,,1.1,1.6,,,,2019,12,52,360,0,0,0,1
257,양산시,2019-12-27,3.5,-0.3,2218,9.4,1509,,,,,,,11.3,340,0306,5.5,340,0702,2.6,2207,320,-10.5,18,1420,36.3,2.8,1022.0,1028.2,2309,1016.9,0002,1023.8,9.8,8.2,1200,1.28,7.47,,,,,,0.0,0.0,1.8,-6.5,3.2,4.9,6.1,7.3,,,,,,1.7,2.4,,,,2019,12,52,361,0,0,0,0
257,양산시,2019-12-28,2.4,-3.0,0707,9.2,1428,,,,,,,5.7,140,1002,2.7,250,1342,1.1,975,180,-9.8,20,1518,42.4,2.9,1027.9,1031.6,2313,1027.8,0058,1029.8,9.8,8.1,1200,1.25,7.17,,,,,,0.0,0.0,1.0,-8.6,1.9,3.6,4.8,6.4,,,,,,1.3,1.8,,,,2019,12,52,362,0,0,0,0
257,양산시,2019-12-29,3.7,-2.2,0253,8.5,1452,,,,,,6.5,6.2,20,2008,4.6,20,1955,1.1,922,50,-2.0,40,1256,69.4,5.6,1025.8,1031.5,0112,1022.7,2359,1027.7,9.8,0.0,1300,0.32,1.79,,,,,,7.0,3.1,2.4,-7.3,3.0,3.6,4.4,5.9,,,,,,0.5,0.7,,,,2019,12,52,363,0,0,0,1
257,양산시,2019-12-30,8.2,4.8,0458,14.0,1353,,,,,,1.0,8.3,320,2307,4.7,320,2307,2.0,1711,200,4.8,53,2356,80.8,8.7,1020.3,1023.9,1051,1020.1,1326,1022.1,9.8,3.5,1200,1.13,4.3,,,,,,5.9,4.4,6.8,2.8,7.0,7.2,6.9,6.8,,,,,,1.3,1.8,,,,2019,12,1,364,0,0,0,1
257,양산시,2019-12-31,0.5,-2.3,2400,7.4,0001,,,,,,,10.5,320,0443,5.6,320,0112,3.2,2725,320,-16.0,17,1556,28.8,1.9,1029.0,1034.0,1015,1022.6,0011,1030.9,9.8,8.1,1200,1.34,7.76,,,,,,0.0,0.0,0.3,-7.2,2.5,4.3,5.7,7.1,,,,,,1.9,2.8,,,,2019,12,1,365,0,0,0,0
257,양산시,2020-01-01,2.4,-2.9,0035,7.8,1408,,,,,,,8.4,320,0204,4.8,360,0513,2.1,1793,200,-8.4,18,0211,46.0,3.4,1029.3,1032.9,0916,1029.8,1439,1031.2,9.8,8.1,1200,1.26,7.25,,,,,,1.3,0.0,0.4,-8.4,1.5,2.9,4.1,5.7,,,,,,1.3,1.9,,,,2020,1,1,1,0,0,0,0
257,양산시,2020-01-02,3.8,-0.3,0523,10.0,1452,,,,,,,5.4,270,1335,3.2,250,1338,1.4,1247,180,-4.2,37,1405,57.4,4.5,1027.3,1031.6,0911,1027.0,1417,1029.1,9.8,8.0,1200,1.14,6.43,,,,,,1.7,0.0,1.5,-5.8,2.7,3.7,4.4,5.5,,,,,,1.2,1.7,,,,2020,1,1,2,0,0,0,0
257,양산시,2020-01-03,5.6,-0.7,0421,11.1,1453,,,,,,,7.7,320,1313,4.5,340,1317,2.0,1706,180,-6.1,28,1206,45.3,3.9,1024.1,1028.6,0029,1024.0,1531,1026.0,9.8,8.1,1200,1.18,6.95,,,,,,1.8,,1.9,-6.2,3.0,4.0,4.7,5.7,,,,,,1.8,2.5,,,,2020,1,1,3,0,0,0,0
257,양산시,2020-01-04,4.1,-0.9,0420,10.6,1548,,,,,,,8.5,290,1501,4.2,320,1138,2.0,1711,230,-7.0,30,0657,45.5,3.6,1023.7,1028.4,2338,1023.0,1412,1025.5,9.9,6.8,1200,1.14,6.02,,,,,,2.5,0.5,1.9,-6.7,2.8,3.9,4.7,5.7,,,,,,1.4,2.0,,,,2020,1,1,4,0,0,0,0
257,양산시,2020-01-05,3.8,-3.1,0544,12.4,1535,,,,,,,3.8,230,1156,2.4,200,1205,0.9,781,20,-3.2,33,1531,62.8,4.9,1029.2,1032.8,0933,1028.3,0005,1031.0,9.9,8.0,1200,1.23,7.07,,,,,,1.5,0.5,1.9,-8.5,2.7,3.8,4.5,5.5,,,,,,1.1,1.5,,,,2020,1,1,5,0,0,0,0
257,양산시,2020-01-06,5.0,0.1,0216,8.8,2357,,,,,,9.0,5.9,90,2354,3.3,20,2359,1.0,838,200,3.6,76,0533,90.8,8.1,1026.1,1031.8,0024,1023.1,2358,1028.0,9.9,0.0,1100,0.17,0.79,,,,,,9.6,4.4,3.4,-5.2,3.8,4.3,4.8,5.7,,,,,,0.3,0.4,,,,2020,1,2,6,0,0,0,1
257,양산시,2020-01-07,12.1,7.8,0858,19.3,2103,,,,,,22.0,19.0,250,2205,12.1,230,2207,3.3,2879,230,11.0,58,2325,94.0,13.4,1011.5,1023.1,0001,1002.0,2159,1013.3,9.9,0.0,1400,0.1,0.48,,,,,,9.8,,9.9,7.8,9.1,8.3,7.3,6.8,,,,,,1.1,1.6,,,,2020,1,2,7,0,0,0,1
257,양산시,2020-01-08,9.5,4.8,2243,15.5,0032,,,,,,,13.6,290,0723,8.0,250,0031,3.8,3323,270,2.0,48,1308,60.1,7.1,1011.8,1021.5,2357,1001.7,0116,1013.6,9.9,2.6,1300,0.7,3.22,,,,,,6.8,4.6,7.6,1.1,8.5,9.1,9.2,8.7,,,,,,1.3,1.8,,,,2020,1,2,8,0,0,0,0
257,양산시,2020-01-09,5.6,0.6,2355,9.8,1355,,,,,,,9.6,320,1258,5.2,320,1304,2.2,1860,290,-4.5,32,1457,50.0,4.5,1020.6,1024.3,2218,1020.8,0337,1022.5,9.9,7.3,1200,1.18,6.36,,,,,,6.0,0.1,3.7,-5.0,4.8,6.0,7.0,7.9,,,,,,1.4,2.0,,,,2020,1,2,9,0,0,0,0
257,양산시,2020-01-10,3.0,-2.3,0515,11.0,1511,,,,,,,4.5,230,1612,2.7,250,1517,1.1,939,90,-4.5,34,1531,59.9,4.4,1021.3,1025.9,0928,1020.9,1405,1023.1,9.9,8.3,1100,1.13,6.86,,,,,,3.9,1.5,2.2,-7.6,3.1,4.5,5.6,6.8,,,,,,1.2,1.7,,,,2020,1,2,10,0,0,0,0
257,양산시,2020-01-11,4.6,0.0,0039,11.5,1456,,,,,,,6.3,340,1552,3.7,340,1431,1.6,1344,230,-4.6,28,1457,53.9,4.4,1017.2,1021.4,0931,1016.8,1433,1019.0,10.0,8.5,1200,1.24,7.3,,,,,,4.1,1.1,2.7,-4.5,3.4,4.6,5.4,6.4,,,,,,1.4,2.0,,,,2020,1,2,11,0,0,0,0
257,양산시,2020-01-12,5.0,1.7,0804,9.1,1453,,,,,,,11.0,290,1546,5.2,320,1347,2.2,1915,320,-6.3,29,1412,44.3,3.8,1015.2,1019.9,2359,1014.5,1513,1017.0,10.0,8.4,1200,1.26,7.3,,,,,,3.5,1.5,3.0,-2.9,3.7,5.0,5.7,6.5,,,,,,1.7,2.4,,,,2020,1,2,12,0,0,0,0
257,양산시,2020-01-13,3.0,-1.6,0626,8.3,1515,,,,,,,7.7,360,1404,4.0,320,1406,1.8,1533,250,-6.2,36,1439,51.8,3.9,1020.6,1025.3,2318,1019.2,0110,1022.5,10.0,7.8,1300,1.13,6.46,,,,,,2.6,0.8,1.8,-6.7,2.5,3.8,4.9,6.1,,,,,,1.4,2.0,,,,2020,1,3,13,0,0,0,0
257,양산시,2020-01-14,2.3,-1.9,2322,6.8,1404,,,,,,,6.1,320,0626,3.9,320,0632,1.4,1215,200,-9.6,29,1300,42.5,3.0,1023.5,1027.5,2359,1022.9,1416,1025.4,10.0,2.9,1200,0.83,3.8,,,,,,5.8,3.6,1.4,-7.0,2.6,3.6,4.5,5.7,,,,,,1.0,1.4,,,,2020,1,3,14,0,0,0,0
257,양산시,2020-01-15,2.0,-3.1,0354,7.6,1403,,,,,,,7.0,320,1644,4.2,320,1702,1.6,1354,180,-9.2,26,1459,44.8,3.1,1025.7,1029.3,1000,1025.3,1451,1027.6,10.0,8.6,1200,1.32,7.92,,,,,,1.8,0.0,0.6,-8.7,1.5,2.9,3.9,5.3,,,,,,1.4,2.0,,,,2020,1,3,15,0,0,0,0
257,양산시,2020-01-16,2.4,-3.1,0337,8.4,1510,,,,,,,4.2,250,0556,2.7,250,0555,1.1,921,20,-9.7,25,1517,42.0,3.0,1024.3,1028.4,0830,1023.9,1636,1026.2,10.1,6.1,1300,1.14,6.03,,,,,,7.0,4.1,0.9,-8.8,1.7,2.7,3.6,5.0,,,,,,1.1,1.6,,,,2020,1,3,16,0,0,0,0
257,양산시,2020-01-17,5.0,0.6,2315,11.9,1405,,,,,,,4.9,340,1721,2.6,20,1507,1.0,891,50,-5.3,34,1246,48.5,4.2,1020.0,1024.6,0001,1019.6,1456,1021.9,10.1,7.4,1300,1.0,6.19,,,,,,7.1,6.1,3.2,-5.1,3.8,4.4,4.7,5.3,,,,,,1.2,1.7,,,,2020,1,3,17,0,0,0,0
257,양산시,2020-01-18,5.1,0.9,2400,9.7,1507,,,,,,1.5,6.4,320,1637,3.7,320,1545,1.4,1195,160,-0.5,43,1532,69.9,6.0,1018.4,1021.5,2129,1018.8,1404,1020.2,10.1,1.0,1200,0.87,3.93,,,,,,5.8,3.1,4.6,-4.2,5.2,5.6,5.6,5.9,,,,,,0.9,1.3,,,,2020,1,3,18,0,0,0,1
257,양산시,2020-01-19,4.0,-1.0,0256,9.9,1515,,,,,,,7.1,320,1615,4.3,270,1510,1.6,1371,230,-5.0,38,1451,53.3,4.3,1018.2,1021.3,0944,1017.5,1452,1020.0,10.1,4.8,1200,1.19,5.31,,,,,,3.8,1.9,2.4,-5.9,3.4,4.5,5.2,6.0,,,,,,1.1,1.6,,,,2020,1,3,19,0,0,0,0
257,양산시,2020-01-20,4.1,-1.1,0754,10.3,1444,,,,,,,8.8,270,1414,4.2,270,1420,1.6,1386,200,-4.7,34,1441,54.4,4.3,1020.9,1026.2,2359,1020.5,1422,1022.8,10.1,8.6,1300,1.21,7.39,,,,,,1.3,0.0,1.8,-6.3,3.1,4.2,4.9,5.7,,,,,,1.4,2.1,,,,2020,1,4,20,0,0,0,0
257,양산시,2020-01-21,3.7,-2.4,0821,10.5,1443,,,,,,,6.4,340,0326,3.2,340,0329,1.2,1011,250,-6.2,26,1156,50.9,4.0,1028.3,1032.5,1038,1026.0,0012,1030.2,10.2,8.7,1200,1.39,8.27,,,,,,1.6,1.0,0.9,-8.7,2.6,3.8,4.6,5.5,,,,,,1.3,1.8,,,,2020,1,4,21,0,0,0,0
257,양산시,2020-01-22,6.1,1.8,0052,8.8,2147,,,,,,6.5,8.8,50,2200,5.9,20,2114,1.7,1501,50,2.6,63,1052,78.9,7.6,1023.7,1030.5,0025,1021.5,2356,1025.6,10.2,0.0,1000,0.15,0.87,,,,,,9.0,4.6,4.4,-3.0,4.5,4.7,5.0,5.7,,,,,,0.5,0.7,,,,2020,1,4,22,0,0,0,1
257,양산시,2020-01-23,8.7,6.1,2400,10.4,1349,,,,,,3.0,9.1,50,0439,5.0,50,0002,2.3,1979,50,6.9,79,1532,89.3,10.0,1021.2,1026.2,2215,1020.0,0437,1023.0,10.2,0.0,1300,0.31,1.48,,,,,,7.4,3.8,7.6,2.3,7.6,7.5,7.0,6.7,,,,,,0.4,0.6,,,,2020,1,4,23,0,0,0,1
257,양산시,2020-01-24,8.5,3.1,0307,14.6,1457,,,,,,0.0,8.2,50,2244,4.7,70,1736,2.1,1845,90,4.0,42,1634,76.8,8.2,1027.7,1032.1,2343,1025.9,0003,1029.5,10.2,6.4,1200,1.28,6.71,,,,,,6.4,3.6,6.7,-0.8,7.1,7.6,7.4,7.3,,,,,,1.6,2.3,,,,2020,1,4,24,0,0,0,0
257,양산시,2020-01-25,9.2,8.0,0246,11.6,1321,,,,,,,7.8,70,0013,4.7,70,0032,3.0,2607,70,2.9,54,1317,65.1,7.5,1028.1,1031.9,0001,1028.6,2101,1029.9,10.3,0.1,1200,0.57,3.07,,,,,,9.5,4.4,7.2,5.9,7.7,7.9,8.0,8.0,,,,,,1.2,1.7,,,,2020,1,4,25,0,0,0,0
257,양산시,2020-01-26,9.3,6.6,0450,11.8,1126,,,,,,0.1,11.9,70,2309,7.3,70,2309,3.7,3173,70,3.2,57,1141,66.0,7.7,1024.6,1029.0,0003,1024.2,2301,1026.4,10.3,2.9,1100,0.93,3.96,,,,,,9.4,5.6,6.8,3.8,7.4,7.7,7.9,8.0,,,,,,1.6,2.3,,,,2020,1,4,26,0,0,0,1
257,양산시,2020-01-27,7.1,4.3,1822,10.3,0038,,,,,,61.0,17.4,90,1151,10.2,70,1157,5.4,4692,70,4.7,66,0008,85.5,8.6,1015.2,1024.5,0016,1013.5,1522,1017.0,10.3,0.0,1300,0.08,0.34,,,,,,10.0,2.9,6.1,3.9,6.6,7.1,7.6,8.0,,,,,,0.6,0.9,,,,2020,1,5,27,0,0,0,1
257,양산시,2020-01-28,8.8,5.7,2228,11.5,1423,,,,,,0.3,11.8,90,1309,6.9,70,1258,3.4,2978,50,3.4,57,1517,69.5,7.8,1014.8,1018.9,2158,1014.5,0320,1016.6,10.3,3.5,1200,1.12,5.1,,,,,,7.0,4.1,7.2,0.8,7.4,7.6,7.5,7.5,,,,,,1.3,1.8,,,,2020,1,5,28,0,0,0,1
257,양산시,2020-01-29,8.3,5.4,0359,12.0,1231,,,,,,0.3,9.2,50,0935,5.1,70,0936,2.1,1794,70,0.6,43,1233,59.5,6.4,1013.8,1018.1,0001,1014.1,1514,1015.6,10.4,3.2,1100,1.08,4.78,,,,,,6.8,3.8,6.4,3.6,7.2,7.6,7.8,7.9,,,,,,1.6,2.2,,,,2020,1,5,29,0,0,0,1
257,양산시,2020-01-30,7.2,4.8,2346,12.4,1320,,,,,,0.0,7.3,50,1020,4.7,70,1049,2.7,2290,70,-1.9,33,1142,52.8,5.3,1013.1,1018.0,2343,1013.2,1405,1014.9,10.4,5.7,1200,1.43,6.84,,,,,,6.8,3.8,5.4,1.9,6.6,7.5,7.9,8.1,,,,,,1.7,2.4,,,,2020,1,5,30,0,0,0,0
257,양산시,2020-01-31,5.2,0.2,0613,11.4,1333,,,,,,,6.5,320,1302,3.5,340,1412,1.2,1031,200,-2.6,29,1319,59.4,5.1,1018.3,1023.0,2353,1017.7,0108,1020.2,10.4,6.9,1200,1.36,7.23,,,,,,4.5,0.9,4.3,-4.9,5.3,6.4,7.1,7.7,,,,,,1.2,1.8,,,,2020,1,5,31,0,0,0,0
257,양산시,2020-02-01,4.1,-0.8,0553,10.5,1426,,,,,,,8.5,340,1505,4.8,320,1514,1.8,1522,230,-3.3,34,1414,61.5,4.8,1022.9,1026.2,2359,1022.8,0017,1024.7,10.5,8.6,1200,1.41,8.35,,,,,,1.0,0.0,3.6,-6.3,4.1,5.5,6.3,7.2,,,,,,1.4,2.0,,,,2020,2,5,32,1,1,0,0
257,양산시,2020-02-02,4.3,-1.6,0610,12.2,1538,,,,,,,5.1,200,1505,3.2,230,1415,1.1,913,250,-2.9,25,1606,64.1,5.0,1023.5,1027.9,0834,1023.2,1625,1025.3,10.5,9.0,1200,1.39,8.3,,,,,,2.6,0.3,4.0,-6.4,4.3,5.5,6.2,6.9,,,,,,1.5,2.1,,,,2020,2,5,33,1,1,0,0
257,양산시,2020-02-03,4.2,-0.1,2310,9.8,1449,,,,,,,8.0,320,1454,3.9,290,1300,1.6,1340,200,-4.9,31,1627,52.6,4.3,1024.0,1028.2,2334,1023.7,0001,1025.9,10.5,9.0,1200,1.31,8.12,,,,,,1.9,0.0,3.6,-6.0,4.1,5.4,6.1,6.9,,,,,,1.4,2.0,,,,2020,2,6,34,1,1,0,0
257,양산시,2020-02-04,3.0,-3.1,0713,10.2,1448,,,,,,,6.3,320,1454,3.6,320,1527,1.3,1090,230,-9.2,17,1528,45.0,3.1,1024.4,1029.0,0849,1023.4,1639,1026.2,10.5,9.1,1200,1.52,9.55,,,,,,0.0,0.0,2.8,-9.0,3.1,4.5,5.4,6.5,,,,,,1.9,2.7,,,,2020,2,6,35,1,1,0,0
257,양산시,2020-02-05,1.2,-2.8,2341,4.5,1427,,,,,,,9.6,340,1452,5.7,320,1500,2.7,2298,360,-16.8,12,1715,29.1,2.0,1026.5,1032.3,2252,1024.3,0348,1028.4,10.6,9.2,1200,1.59,10.02,,,,,,0.0,0.0,1.8,-8.1,2.3,4.0,5.0,6.1,,,,,,2.4,3.4,,,,2020,2,6,36,1,1,0,0
257,양산시,2020-02-06,0.7,-6.3,0753,6.8,1526,,,,,,,5.9,320,0305,3.5,320,0307,1.5,1278,70,-13.0,18,0010,37.6,2.5,1031.0,1035.1,0959,1031.4,1624,1032.9,10.6,8.2,1200,1.5,8.79,,,,,,3.3,1.4,1.2,-10.1,1.4,2.9,3.9,5.4,,,,,,1.3,1.9,,,,2020,2,6,37,1,1,0,0
257,양산시,2020-02-07,4.3,-0.5,0246,10.3,1452,,,,,,,6.0,320,1956,3.9,290,1445,1.6,1352,200,-7.5,20,1332,44.4,3.5,1026.1,1031.9,0001,1025.0,1729,1028.0,10.6,7.7,1100,1.31,7.55,,,,,,5.6,0.0,3.4,-4.7,3.6,4.5,4.9,5.4,,,,,,1.7,2.5,,,,2020,2,6,38,1,1,0,0
257,양산시,2020-02-08,4.6,0.1,0151,9.8,1430,,,,,,,8.9,290,1336,5.7,320,1520,2.3,2008,320,-8.1,27,1540,40.0,3.4,1024.0,1027.8,2335,1023.0,1446,1025.8,10.7,9.2,1200,1.47,9.33,,,,,,0.1,0.0,4.0,-5.3,3.7,4.9,5.3,5.8,,,,,,1.9,2.7,,,,2020,2,6,39,1,0,0,0
257,양산시,2020-02-09,2.8,-3.0,0703,9.7,1505,,,,,,,6.4,270,1607,4.1,270,1612,1.4,1213,180,-8.6,21,1555,44.5,3.2,1023.4,1028.7,0226,1021.9,1739,1025.3,10.7,9.4,1200,1.52,9.64,,,,,,0.0,0.0,3.4,-8.4,3.3,4.6,5.1,5.8,,,,,,1.6,2.3,,,,2020,2,6,40,1,1,0,0
257,양산시,2020-02-10,4.7,-1.1,0155,12.7,1530,,,,,,,7.3,340,1414,4.0,230,1258,1.4,1185,230,-5.1,28,1616,50.5,4.2,1023.1,1028.7,2359,1022.7,0059,1025.0,10.7,9.3,1200,1.42,8.72,,,,,,1.8,1.1,4.4,-6.5,4.1,5.1,5.4,5.9,,,,,,1.4,2.0,,,,2020,2,7,41,1,1,0,0
257,양산시,2020-02-11,7.5,-1.0,0708,14.3,1305,,,,,,,5.9,250,1446,4.4,250,1447,1.1,927,200,1.1,41,1332,66.1,6.7,1027.5,1031.5,0935,1027.3,2357,1029.3,10.8,7.9,1100,1.26,7.22,,,,,,5.0,1.9,5.6,-6.5,5.3,5.8,5.9,6.2,,,,,,1.3,1.8,,,,2020,2,7,42,1,1,0,0
257,양산시,2020-02-12,10.4,7.3,0154,12.7,1850,,,,,,19.5,6.4,200,2159,4.4,200,2208,1.4,1176,230,9.7,71,0001,95.8,12.2,1016.8,1027.5,0001,1013.7,1614,1018.6,10.8,0.0,1400,0.19,0.77,,,,,,9.5,5.8,8.5,4.5,8.3,8.2,7.7,7.4,,,,,,0.4,0.5,,,,2020,2,7,43,1,0,0,1
257,양산시,2020-02-13,,6.5,2249,14.0,1021,,,,,,,6.8,270,0040,3.9,250,0047,1.5,1259,,,65,1028,,,,1020.8,2219,,0001,,10.8,1.8,0900,0.87,1.31,,,,,,3.8,,6.9,3.2,,,,,,,,,,,,,,,2020,2,7,44,1,0,0,0
257,양산시,2020-02-14,11.7,6.4,0434,19.6,1527,,,,,,,7.3,140,1630,3.7,140,1631,1.5,1305,50,6.6,25,1337,74.1,9.7,1019.1,1024.4,2215,1018.5,1440,1020.9,10.9,8.5,1200,2.53,15.52,,,,,,3.9,2.8,10.9,0.0,10.5,9.9,9.3,9.3,,,,,,2.9,4.2,,,,2020,2,7,45,1,0,0,0
257,양산시,2020-02-15,13.5,8.3,0049,19.2,1329,,,,,,,9.7,20,1145,4.4,50,1116,2.5,2156,50,7.4,39,1408,68.1,10.3,1018.0,1024.7,0822,1013.1,2358,1019.8,10.9,5.3,1200,2.43,13.03,,,,,,7.1,4.8,12.0,5.9,11.7,10.9,10.1,10.1,,,,,,2.2,3.2,,,,2020,2,7,46,1,0,0,0
257,양산시,2020-02-16,7.0,0.8,2349,12.5,0001,,,,,,4.4,13.5,270,1735,8.1,270,1655,3.5,3024,270,0.7,36,1558,65.9,7.2,1009.7,1016.4,2245,1007.0,0633,1011.5,10.9,4.9,1200,2.33,11.81,,,,,,7.3,4.4,8.9,-0.4,9.6,10.3,10.4,10.5,,,,,,2.4,3.4,,,,2020,2,7,47,1,0,0,1
257,양산시,2020-02-17,0.5,-2.5,2353,3.5,1541,,,,,,,15.2,270,1114,9.1,270,1409,5.2,4463,270,-9.8,34,1452,46.6,3.0,1015.0,1021.1,2345,1014.4,1548,1016.9,11.0,8.3,1300,2.48,16.12,,,,,,4.0,1.5,2.6,-3.7,3.6,5.1,6.5,7.0,,,,,,2.4,3.4,,,,2020,2,8,48,1,1,0,0
257,양산시,2020-02-18,1.3,-3.7,0559,8.1,1539,,,,,,,11.1,50,0032,6.6,320,0048,2.8,2460,290,-11.4,19,1701,40.0,2.6,1024.3,1029.2,2339,1021.0,0020,1026.2,11.0,9.7,1200,2.77,18.15,,,,,,0.0,0.0,3.2,-4.7,3.8,4.3,5.0,5.3,,,,,,2.8,4.0,,,,2020,2,8,49,1,1,0,0
257,양산시,2020-02-19,5.7,-2.5,0327,12.9,1501,,,,,,,6.7,250,1632,4.3,230,1637,1.9,1614,200,-5.8,24,1447,45.9,4.1,1027.9,1030.9,0914,1027.9,1456,1029.8,11.0,9.2,1300,2.56,17.12,,,,,,4.8,1.3,5.5,-4.2,5.8,5.5,5.5,5.6,,,,,,2.6,3.7,,,,2020,2,8,50,1,1,0,0
257,양산시,2020-02-20,6.7,0.1,0650,15.6,1450,,,,,,,7.0,110,1712,4.0,230,1547,1.1,909,250,-1.9,22,1352,58.8,5.4,1032.1,1036.8,2337,1030.6,0044,1034.0,11.1,9.3,1200,2.63,16.52,,,,,,1.6,0.3,7.0,-2.7,7.5,7.2,6.8,6.9,,,,,,2.9,4.1,,,,2020,2,8,51,1,0,0,0
257,양산시,2020-02-21,9.1,0.8,0717,16.3,1241,,,,,,0.9,8.5,200,1109,4.5,250,1604,1.6,1374,250,2.7,28,1223,68.3,7.6,1030.1,1037.3,0216,1025.0,2344,1031.9,11.1,9.4,1300,2.52,16.23,,,,,,6.0,1.5,8.7,-2.3,8.5,7.9,7.4,7.4,,,,,,2.7,3.9,,,,2020,2,8,52,1,0,0,1
257,양산시,2020-02-22,9.6,5.2,2344,13.6,1337,,,,,,0.2,15.0,250,1237,7.6,270,1238,3.5,3033,270,-1.8,21,1252,50.1,5.9,1022.8,1028.5,2400,1021.3,0446,1024.6,11.1,9.5,1200,2.69,17.11,,,,,,2.0,1.1,9.6,2.9,9.7,9.3,8.9,9.0,,,,,,4.2,6.1,,,,2020,2,8,53,1,0,0,1
257,양산시,2020-02-23,6.0,0.2,0755,12.0,1436,,,,,,,7.9,340,0101,4.4,270,1233,2.5,2137,200,-6.5,22,1630,41.5,3.8,1027.7,1032.9,0908,1027.2,1701,1029.5,11.2,9.8,1200,2.86,18.95,,,,,,0.0,0.0,6.6,-2.0,7.4,7.5,7.7,7.8,,,,,,2.9,4.1,,,,2020,2,8,54,1,0,0,0
257,양산시,2020-02-24,9.1,1.1,0739,17.0,1511,,,,,,,8.7,200,1552,5.6,230,1554,3.0,2626,200,-1.0,16,1417,53.1,5.9,1023.6,1028.6,0813,1023.0,2346,1025.5,11.2,7.9,1200,2.77,16.59,,,,,,4.9,1.5,8.2,0.1,8.3,7.9,7.7,7.8,,,,,,3.0,4.3,,,,2020,2,9,55,1,0,0,0
257,양산시,2020-02-25,8.4,7.8,1439,10.0,0015,,,,,,37.2,12.5,50,0847,6.9,50,0853,3.9,3379,70,7.4,67,0001,93.6,10.3,1016.1,1023.0,0001,1014.2,1624,1017.9,11.3,0.0,1200,0.19,0.87,,,,,,9.6,4.8,8.1,7.1,8.3,8.6,8.6,8.8,,,,,,0.6,0.8,,,,2020,2,9,56,1,0,0,1
257,양산시,2020-02-26,9.5,6.5,2340,13.7,1504,,,,,,6.9,8.2,50,0025,4.4,50,0027,2.8,2442,70,6.0,58,1547,79.6,9.3,1021.3,1026.1,2257,1019.0,0001,1023.1,11.3,2.5,1500,1.89,8.53,,,,,,9.1,7.1,11.2,6.1,10.1,9.4,8.8,8.9,,,,,,1.4,2.0,,,,2020,2,9,57,1,0,0,1
257,양산시,2020-02-27,6.4,3.6,2323,10.0,1313,,,,,,0.4,9.2,70,0442,4.5,50,0923,2.9,2491,70,0.7,49,1315,68.1,6.5,1027.8,1031.3,2222,1026.0,0003,1029.6,11.3,2.3,1000,2.46,10.69,,,,,,7.0,5.8,6.8,2.0,7.7,8.4,8.8,8.9,,,,,,1.5,2.2,,,,2020,2,9,58,1,0,0,1
257,양산시,2020-02-28,5.6,2.7,0621,9.3,1230,,,,,,0.5,5.3,50,1338,3.4,50,1347,1.0,878,180,2.7,56,1237,82.6,7.5,1023.3,1030.5,0001,1021.0,2352,1025.2,11.4,0.0,1100,0.65,3.28,,,,,,5.9,2.5,6.0,1.0,6.5,7.0,7.5,7.7,,,,,,0.7,1.0,,,,2020,2,9,59,1,0,0,1
257,양산시,2020-02-29,8.2,3.5,0052,12.8,1604,,,,,,,5.7,110,1952,3.0,110,1959,1.7,1463,50,4.4,57,1730,78.6,8.4,1017.1,1021.1,0001,1016.5,1534,1018.9,11.4,0.9,1100,1.11,8.22,,,,,,7.8,5.1,8.0,1.5,7.9,7.9,7.9,8.0,,,,,,1.2,1.8,,,,2020,2,9,60,1,0,0,0
257,양산시,2020-03-01,10.0,5.0,0730,16.3,1414,,,,,,,7.3,110,1536,3.6,140,1609,1.5,1316,140,5.1,46,1429,73.6,8.8,1017.4,1021.2,0717,1017.1,1530,1019.2,11.4,5.0,1300,2.61,13.55,,,,,,6.5,4.3,9.8,3.5,9.9,9.3,8.7,8.7,,,,,,2.4,3.4,,,,2020,3,9,61,1,0,0,0
257,양산시,2020-03-02,9.1,5.4,0702,15.4,1608,,,,,,,9.7,110,1836,5.0,290,0242,2.8,2376,320,-2.2,18,1446,48.1,5.3,1020.6,1027.1,2344,1018.0,0024,1022.4,11.5,9.2,1200,2.99,18.85,,,,,,5.0,1.5,10.8,2.9,10.7,10.1,9.6,9.6,,,,,,3.6,5.2,,,,2020,3,10,62,1,0,0,0
257,양산시,2020-03-03,8.9,5.6,0442,15.2,1351,,,,,,,9.6,70,1121,4.8,50,0907,2.9,2536,70,2.3,44,1346,64.4,7.2,1023.8,1028.4,0823,1023.4,2317,1025.6,11.5,5.4,1200,2.68,14.84,,,,,,8.3,4.5,9.8,4.4,9.7,9.7,9.5,9.6,,,,,,2.1,3.1,,,,2020,3,10,63,1,0,0,0
257,양산시,2020-03-04,7.4,2.2,2354,13.5,1300,,,,,,,12.2,250,1427,7.2,270,1801,3.1,2672,290,-3.8,21,1522,49.9,5.0,1019.0,1023.7,0001,1017.5,1549,1020.8,11.5,7.8,1200,2.92,17.94,,,,,,4.5,1.9,10.3,0.8,10.1,10.1,9.8,9.8,,,,,,3.8,5.4,,,,2020,3,10,64,1,0,0,0
257,양산시,2020-03-05,4.7,-0.6,0658,12.0,1559,,,,,,,10.1,290,0256,4.9,320,0330,2.2,1933,290,-7.9,19,1757,42.8,3.4,1022.9,1027.1,0748,1022.7,1709,1024.8,11.6,9.9,1200,2.96,19.87,,,,,,0.0,0.0,6.7,-2.1,7.7,8.1,8.5,8.6,,,,,,2.8,4.0,,,,2020,3,10,65,1,1,0,0
257,양산시,2020-03-06,5.6,-2.0,0640,13.6,1403,,,,,,,8.2,230,1448,5.4,230,1442,1.8,1537,230,-2.1,34,1027,59.4,5.3,1021.4,1025.8,0917,1020.5,1725,1023.2,11.6,9.8,1200,2.94,19.84,,,,,,1.4,0.0,6.2,-4.5,7.3,7.7,8.0,8.1,,,,,,2.9,4.1,,,,2020,3,10,66,1,1,0,0
257,양산시,2020-03-07,6.9,1.3,0500,13.2,1232,,,,,,2.5,4.9,140,1738,2.8,250,1336,1.0,829,160,3.1,54,1511,78.8,7.8,1017.4,1022.1,0141,1016.3,1654,1019.2,11.7,0.1,1200,1.61,5.91,,,,,,7.9,6.5,6.8,-1.0,7.4,7.8,8.0,8.2,,,,,,1.0,1.4,,,,2020,3,10,67,1,0,0,1
257,양산시,2020-03-08,9.4,2.4,0711,17.9,1525,,,,,,,9.3,140,1710,4.9,110,1715,1.9,1599,50,4.4,40,1442,74.9,8.4,1018.0,1022.0,0847,1017.9,1457,1019.8,11.7,9.8,1200,2.95,19.42,,,,,,0.8,0.1,9.2,-0.1,9.4,9.1,8.7,8.8,,,,,,2.8,4.0,,,,2020,3,10,68,1,0,0,0
257,양산시,2020-03-09,9.8,3.8,0601,15.6,1332,,,,,,6.7,7.7,70,2212,3.9,50,2320,1.8,1593,50,6.6,60,1334,82.3,9.9,1013.4,1020.5,0040,1009.6,2358,1015.2,11.7,0.0,1200,1.21,6.16,,,,,,9.4,4.9,9.4,1.1,9.3,9.2,9.1,9.2,,,,,,1.1,1.6,,,,2020,3,11,69,1,0,0,1
257,양산시,2020-03-10,10.5,8.1,2400,12.7,1018,,,,,,13.0,10.6,340,2043,5.6,50,0147,3.0,2556,290,7.3,56,2022,81.8,10.4,1004.0,1011.0,2351,1002.9,1435,1005.8,11.8,0.0,1000,0.69,3.55,,,,,,7.6,3.5,10.3,7.0,10.2,10.2,10.0,10.1,,,,,,1.2,1.7,,,,2020,3,11,70,1,0,0,1
257,양산시,2020-03-11,7.0,1.4,0636,13.4,1422,,,,,,,10.2,290,1447,5.5,290,1435,2.7,2302,270,-5.6,20,1526,43.3,4.1,1015.7,1023.1,2359,1011.0,0001,1017.6,11.8,10.1,1200,3.15,21.67,,,,,,0.0,0.0,7.3,-0.5,8.4,8.8,9.1,9.2,,,,,,3.9,5.6,,,,2020,3,11,71,1,0,0,0
257,양산시,2020-03-12,8.3,0.5,0719,15.9,1530,,,,,,,9.5,230,1619,6.0,230,1607,2.5,2121,200,-4.7,17,1135,42.6,4.5,1021.5,1025.4,0857,1021.0,1507,1023.3,11.8,10.0,1200,3.08,21.26,,,,,,1.4,0.0,7.4,-2.0,8.5,8.4,8.5,8.6,,,,,,4.4,6.2,,,,2020,3,11,72,1,0,0,0
257,양산시,2020-03-13,10.6,3.7,0158,18.1,1444,,,,,,,7.4,230,1733,4.8,200,1757,1.9,1640,230,0.9,29,2252,53.3,6.6,1018.2,1023.7,0146,1016.7,1646,1020.0,11.9,8.1,1200,2.89,18.4,,,,,,7.4,3.9,11.7,1.4,11.1,10.4,9.7,9.7,,,,,,3.8,5.4,,,,2020,3,11,73,1,0,0,0
257,양산시,2020-03-14,8.4,5.0,0804,12.4,1440,,,,,,,10.3,290,1206,6.1,320,1232,2.8,2423,290,-11.5,12,0423,23.6,2.6,1013.5,1017.9,0029,1013.3,1440,1015.3,11.9,10.0,1200,3.24,22.44,,,,,,2.3,1.9,10.4,3.2,10.7,10.7,10.4,10.4,,,,,,4.3,6.2,,,,2020,3,11,74,1,0,0,0
257,양산시,2020-03-15,7.4,2.4,0508,13.6,1310,,,,,,0.0,15.9,90,1817,7.5,320,1822,3.4,2913,290,-4.6,23,1211,44.1,4.4,1010.3,1016.1,2358,1008.0,1644,1012.2,11.9,7.0,1100,3.01,16.21,,,,,,3.3,1.9,6.0,-0.5,7.6,8.8,9.4,9.6,,,,,,3.6,5.2,,,,2020,3,11,75,1,0,0,0
257,양산시,2020-03-16,6.6,0.7,0550,12.8,1458,,,,,,,9.8,360,0128,5.6,200,1718,3.0,2569,230,-5.1,20,1246,45.0,4.3,1020.1,1024.4,0953,1016.2,0001,1022.0,12.0,10.2,1200,3.24,22.39,,,,,,1.6,0.0,8.5,-1.1,9.0,9.0,9.0,9.1,,,,,,3.8,5.5,,,,2020,3,12,76,1,0,0,0
257,양산시,2020-03-17,10.5,2.4,0647,16.7,1441,,,,,,,11.4,230,1256,7.2,230,1454,3.4,2973,230,1.1,30,1053,53.4,6.7,1015.1,1021.7,0001,1013.3,1605,1016.9,12.0,9.7,1200,3.06,20.71,,,,,,1.9,0.0,10.3,0.7,10.3,10.0,9.6,9.7,,,,,,3.8,5.4,,,,2020,3,12,77,1,0,0,0
257,양산시,2020-03-18,10.9,3.1,0609,18.6,1418,,,,,,,9.0,230,1555,5.9,230,1557,2.0,1689,230,1.0,14,1332,55.6,6.7,1014.3,1018.9,0927,1014.0,2346,1016.1,12.1,9.9,1200,3.22,22.06,,,,,,0.1,0.0,11.5,-0.5,11.5,11.3,10.7,10.7,,,,,,4.3,6.2,,,,2020,3,12,78,1,0,0,0
257,양산시,2020-03-19,12.1,6.6,0543,20.5,1503,,,,,,,19.3,270,1621,9.0,250,1136,4.7,4027,230,0.8,16,1651,51.9,7.2,1007.1,1014.2,2347,1001.6,1445,1008.8,12.1,9.4,1200,2.94,19.35,,,,,,1.9,0.6,12.2,4.5,12.0,11.9,11.4,11.5,,,,,,4.9,7.1,,,,2020,3,12,79,1,0,0,0
257,양산시,2020-03-20,10.7,3.9,0633,17.4,1442,,,,,,,9.5,250,1628,6.1,250,1634,2.9,2486,230,-3.1,19,1354,39.6,5.0,1013.7,1017.5,0903,1013.8,1529,1015.5,12.1,10.0,1200,3.18,22.12,,,,,,0.0,0.0,11.8,1.8,11.6,11.4,11.1,11.2,,,,,,4.7,6.7,,,,2020,3,12,80,1,0,0,0
257,양산시,2020-03-21,13.2,5.1,0454,20.1,1449,,,,,,,10.1,200,1417,6.8,200,1420,3.5,3000,230,5.7,38,1028,62.0,9.6,1012.4,1016.8,0850,1011.9,1621,1014.2,12.2,9.6,1200,2.98,20.35,,,,,,1.1,0.0,13.3,2.9,12.8,12.3,11.7,11.8,,,,,,3.7,5.2,,,,2020,3,12,81,1,0,0,0
257,양산시,2020-03-22,14.3,10.8,0653,21.4,1414,,,,,,,11.6,110,1658,5.7,140,1551,2.5,2163,140,8.2,41,1337,68.3,10.9,1011.7,1017.1,2332,1010.9,0241,1013.5,12.2,7.8,1300,2.74,18.11,,,,,,4.9,3.0,17.2,9.2,15.8,14.7,13.3,13.3,,,,,,3.4,4.8,,,,2020,3,12,82,1,0,0,0
257,양산시,2020-03-23,12.2,4.5,0642,20.6,1357,,,,,,,10.7,70,2103,6.1,230,1624,2.6,2206,230,1.5,20,1342,52.4,6.9,1015.8,1019.8,0810,1014.1,1628,1017.5,12.3,9.9,1200,3.2,22.29,,,,,,0.0,0.0,13.6,1.2,13.7,13.8,13.4,13.4,,,,,,4.7,6.7,,,,2020,3,13,83,1,0,0,0
257,양산시,2020-03-24,11.1,6.6,0701,17.5,1213,,,,,,,9.0,140,1618,4.8,140,1603,2.3,1999,50,2.2,39,1213,55.4,7.2,1020.4,1024.3,2346,1019.5,0005,1022.2,12.3,5.1,1200,2.16,13.08,,,,,,2.6,1.6,10.6,3.6,11.6,12.3,12.6,12.8,,,,,,2.3,3.3,,,,2020,3,13,84,1,0,0,0
257,양산시,2020-03-25,11.7,3.8,0555,20.0,1445,,,,,,,8.2,230,1554,5.7,250,1620,1.7,1455,230,3.1,29,1533,59.6,7.7,1021.0,1024.9,0916,1020.8,1514,1022.8,12.3,9.9,1200,3.12,21.95,,,,,,1.9,1.5,13.2,0.8,12.9,12.7,12.2,12.3,,,,,,3.7,5.3,,,,2020,3,13,85,1,0,0,0
257,양산시,2020-03-26,13.0,7.8,0148,15.5,2357,,,,,,22.6,3.5,110,2339,2.1,50,2330,0.6,548,250,10.3,66,0843,84.6,12.9,1016.6,1021.9,0006,1013.2,2339,1018.4,12.4,0.0,1100,0.74,3.52,,,,,,9.9,5.9,12.7,5.4,12.4,12.3,12.3,12.5,,,,,,0.6,0.9,,,,2020,3,13,86,1,0,0,1
257,양산시,2020-03-27,15.5,10.2,2252,20.3,1500,,,,,,2.2,8.9,70,2316,4.7,50,1855,2.3,2028,70,14.5,78,1503,94.3,16.8,1010.6,1018.7,2348,1009.6,0854,1012.4,12.4,0.1,1400,0.89,3.99,,,,,,8.3,5.9,17.1,9.6,15.6,14.8,13.9,13.9,,,,,,1.0,1.4,,,,2020,3,13,87,1,0,0,1
257,양산시,2020-03-28,9.6,8.0,2344,12.8,1046,,,,,,,9.8,70,1435,5.0,70,1203,2.7,2306,70,3.7,52,1531,67.4,8.0,1018.8,1022.2,2329,1018.1,0027,1020.6,12.4,0.0,1000,1.44,9.06,,,,,,8.5,4.5,10.9,6.7,11.5,12.1,12.7,12.9,,,,,,1.8,2.6,,,,2020,3,13,88,1,0,0,0
257,양산시,2020-03-29,10.0,4.3,0627,15.4,1234,,,,,,,10.6,110,1545,4.8,50,0900,2.5,2157,70,2.7,42,1237,61.8,7.4,1021.1,1024.3,0650,1021.2,1546,1022.9,12.5,5.0,1000,2.68,15.98,,,,,,7.6,4.0,10.2,2.0,10.6,10.9,11.4,11.5,,,,,,2.6,3.8,,,,2020,3,13,89,1,0,0,0
257,양산시,2020-03-30,12.0,8.0,0537,18.6,1217,,,,,,,9.4,160,1737,4.8,140,1448,2.5,2160,50,4.4,38,1219,61.6,8.4,1020.0,1023.2,0829,1019.7,1508,1021.8,12.5,8.6,1200,2.92,19.87,,,,,,5.6,3.3,12.1,7.1,12.5,12.7,12.3,12.3,,,,,,3.3,4.7,,,,2020,3,14,90,1,0,0,0
257,양산시,2020-03-31,13.0,5.1,0529,21.1,1433,,,,,,,7.8,110,1608,4.0,140,1631,1.8,1592,140,4.2,32,1223,59.5,8.3,1016.2,1022.1,0031,1014.8,1549,1018.0,12.6,9.6,1200,3.17,22.47,,,,,,3.0,0.9,14.3,2.7,14.1,13.6,12.9,13.0,,,,,,4.0,5.7,,,,2020,3,14,91,1,0,0,0
257,양산시,2020-04-01,12.9,9.3,0253,19.9,1448,0.1,,0.2,,,0.5,10.9,50,2320,5.8,250,1638,1.9,1648,50,5.1,29,1352,63.4,8.9,1011.9,1017.8,2350,1011.3,1314,1013.7,12.6,4.2,1400,2.51,12.56,,,,,,6.4,3.0,14.5,7.4,14.3,13.9,13.5,13.6,,,,,,2.9,4.2,,,,2020,4,14,92,1,0,0,1
257,양산시,2020-04-02,10.7,4.1,0518,18.0,1334,,,,,,,8.8,230,1405,5.6,230,1410,2.0,1771,230,-0.3,20,1243,50.0,6.0,1020.7,1024.2,0928,1017.8,0001,1022.5,12.6,8.8,1200,3.29,22.0,,,,,,1.9,0.3,12.0,1.8,12.7,13.1,13.0,13.1,,,,,,4.0,5.8,,,,2020,4,14,93,1,0,0,0
257,양산시,2020-04-03,12.7,5.9,0625,21.2,1425,,,,,,,9.0,230,1607,6.1,200,1644,2.6,2247,200,0.6,17,1149,47.6,6.4,1018.9,1023.4,0723,1017.9,1510,1020.7,12.7,9.9,1300,3.19,23.29,,,,,,2.3,1.3,14.7,4.8,14.2,13.9,13.3,13.3,,,,,,5.3,7.6,,,,2020,4,14,94,1,0,0,0
257,양산시,2020-04-04,12.6,6.3,0443,23.1,1459,,,,,,,14.2,110,1813,6.9,110,1752,2.7,2371,90,0.4,15,1511,48.8,6.4,1016.9,1021.9,2356,1014.3,1524,1018.6,12.7,9.6,1200,3.35,23.64,,,,,,0.0,0.0,15.2,3.9,14.5,14.2,13.7,13.8,,,,,,5.4,7.7,,,,2020,4,14,95,1,0,0,0
257,양산시,2020-04-05,8.7,2.9,0616,16.3,1306,,,,,,,9.3,200,1451,5.9,250,1735,1.9,1655,230,-2.0,21,1253,50.8,5.3,1020.6,1023.9,0842,1020.0,1540,1022.5,12.7,9.7,1200,3.46,24.77,,,,,,0.0,0.0,12.1,0.6,12.9,13.6,13.6,13.7,,,,,,4.3,6.2,,,,2020,4,14,96,1,0,0,0
257,양산시,2020-04-06,10.3,1.6,0505,17.0,1358,,,,,,,9.3,200,1533,5.7,200,1535,2.2,1890,200,0.8,23,1053,55.0,6.6,1019.1,1023.7,0036,1017.9,1819,1020.9,12.8,8.9,1200,3.33,23.39,,,,,,3.3,0.0,12.1,-1.2,12.5,12.9,12.8,13.0,,,,,,4.2,6.0,,,,2020,4,15,97,1,0,0,0
257,양산시,2020-04-07,14.1,6.4,0610,22.4,1428,,,,,,,9.7,340,1454,5.8,230,1703,2.3,1954,230,1.9,24,1125,47.5,7.1,1013.9,1018.6,0001,1013.0,1648,1015.6,12.8,9.6,1200,3.12,22.06,,,,,,2.1,0.5,15.7,4.0,15.1,14.7,13.9,14.0,,,,,,4.8,6.9,,,,2020,4,15,98,1,0,0,0
257,양산시,2020-04-08,13.6,8.4,0319,21.0,1445,,,,,,,11.3,20,1349,6.0,230,1555,2.5,2174,290,-0.2,14,1338,44.6,6.3,1015.8,1022.1,2225,1014.8,0239,1017.6,12.8,9.7,1200,3.4,24.58,,,,,,1.3,0.0,15.9,5.2,15.3,15.1,14.6,14.6,,,,,,5.4,7.7,,,,2020,4,15,99,1,0,0,0
257,양산시,2020-04-09,11.5,4.5,0611,19.2,1523,,,,,,,9.8,110,1904,5.2,230,1702,2.2,1873,290,-0.1,17,1423,51.3,6.2,1020.7,1026.1,2347,1019.7,1522,1022.5,12.9,9.5,1200,3.25,22.92,,,,,,1.4,0.0,14.9,1.7,14.7,14.7,14.4,14.5,,,,,,4.7,6.7,,,,2020,4,15,100,1,0,0,0
257,양산시,2020-04-10,10.4,8.3,0616,14.0,1511,0.0,,0.0,,,0.0,8.0,50,0307,4.0,140,1720,2.2,1869,70,1.8,41,1336,56.0,7.0,1024.8,1028.2,1059,1025.3,1623,1026.6,12.9,0.5,1200,1.4,8.99,,,,,,9.3,7.5,12.1,6.4,12.7,13.3,13.8,14.0,,,,,,1.7,2.5,,,,2020,4,15,101,1,0,0,0
257,양산시,2020-04-11,10.4,6.2,0332,15.0,1214,0.2,,0.7,2101,,1.8,7.0,200,1341,4.3,200,1326,1.7,1465,230,5.4,49,1151,73.5,9.1,1019.0,1026.3,0002,1017.0,2345,1020.8,13.0,0.8,1100,1.74,11.28,,,,,,8.4,5.1,12.6,4.1,12.6,13.0,13.2,13.4,,,,,,1.8,2.6,,,,2020,4,15,102,1,0,0,1
257,양산시,2020-04-12,9.1,7.3,0452,14.1,1541,0.7,1242,1.7,1239,,7.2,13.3,110,1551,6.0,90,1556,3.1,2680,50,5.7,46,1720,80.3,9.2,1010.9,1017.0,0001,1010.2,1545,1012.7,13.0,1.7,1200,1.91,11.17,,,,,,9.4,3.9,11.3,6.4,11.8,12.3,12.7,12.9,,,,,,1.9,2.7,,,,2020,4,15,103,1,0,0,1
257,양산시,2020-04-13,9.9,5.3,2400,16.4,1624,0.1,,0.1,,,0.1,11.4,70,1753,6.0,320,1227,3.3,2825,50,-0.8,22,1705,50.1,5.8,1011.2,1017.3,2340,1010.3,0301,1013.0,13.0,3.7,1300,1.98,13.4,,,,,,5.5,3.1,9.7,2.5,10.6,11.1,11.6,11.8,,,,,,3.0,4.3,,,,2020,4,16,104,1,0,0,1
257,양산시,2020-04-14,13.0,2.1,0609,23.9,1441,,,,,,,8.7,200,1703,5.3,200,1710,2.3,1963,200,0.8,16,1208,51.6,6.6,1015.0,1018.9,0827,1014.0,1715,1016.7,13.1,9.7,1200,3.53,25.63,,,,,,1.4,0.0,13.2,0.1,13.4,12.9,12.1,12.1,,,,,,5.8,8.2,,,,2020,4,16,105,1,0,0,0
257,양산시,2020-04-15,13.4,7.1,0304,20.6,1246,,,,,,,8.1,200,1459,5.3,200,1508,2.4,2079,200,2.4,18,1217,51.4,7.4,1013.7,1017.5,2352,1013.8,1454,1015.5,13.1,6.3,1200,2.58,17.86,,,,,,6.9,0.6,13.8,4.9,13.8,13.8,13.4,13.5,,,,,,3.9,5.5,,,,2020,4,16,106,1,0,0,0
257,양산시,2020-04-16,14.1,10.8,0449,20.2,1313,,,,,,,14.4,110,1725,6.9,110,1754,3.3,2846,70,6.1,37,1314,60.3,9.4,1018.4,1022.7,2128,1017.5,0001,1020.2,13.1,9.5,1200,3.14,22.73,,,,,,3.9,0.8,16.6,8.6,15.9,15.3,14.4,14.4,,,,,,3.9,5.6,,,,2020,4,16,107,1,0,0,0
257,양산시,2020-04-17,11.9,10.9,0915,13.1,2152,2.8,1251,7.3,1211,,24.2,8.3,70,0312,4.5,50,0256,2.0,1750,50,10.2,69,0001,90.5,12.5,1014.1,1021.7,0005,1011.2,2202,1015.9,13.2,0.0,1000,0.48,2.78,,,,,,8.5,4.9,12.3,9.5,12.7,13.2,13.7,13.9,,,,,,0.8,1.1,,,,2020,4,16,108,1,0,0,1
257,양산시,2020-04-18,14.4,9.8,0414,21.9,1435,,,,,,,8.4,320,1007,5.5,360,1103,2.3,2006,320,8.9,39,1415,72.9,11.4,1014.6,1021.4,2331,1011.4,0132,1016.4,13.2,6.5,1200,3.49,22.26,,,,,,5.6,3.0,16.2,8.2,15.8,15.1,14.1,14.2,,,,,,3.6,5.1,,,,2020,4,16,109,1,0,0,0
257,양산시,2020-04-19,12.0,9.5,0108,15.2,1119,1.3,1938,5.0,1650,,25.7,11.2,20,1507,4.9,50,2321,2.6,2272,70,9.1,62,1141,83.6,11.6,1013.7,1021.2,0035,1007.3,2329,1015.5,13.2,0.0,1100,1.18,5.13,,,,,,9.9,5.9,12.4,7.4,12.7,13.2,13.7,13.9,,,,,,1.2,1.7,,,,2020,4,16,110,1,0,0,1
257,양산시,2020-04-20,14.7,10.3,0326,20.6,1350,0.0,,0.0,,,0.0,10.5,200,1557,6.4,200,1457,2.8,2461,270,8.5,46,1346,68.4,11.2,1009.2,1013.5,2352,1007.4,0016,1010.9,13.3,7.0,1200,3.6,21.18,,,,,,5.9,4.6,14.9,9.6,15.2,14.7,14.0,14.0,,,,,,4.2,5.9,,,,2020,4,17,111,1,0,0,0
257,양산시,2020-04-21,12.8,8.0,2357,19.4,1339,,,,,,,14.4,250,1324,7.7,270,1440,4.0,3435,270,-3.6,17,1735,33.6,4.8,1012.9,1017.8,2357,1010.5,1515,1014.7,13.3,9.8,1200,3.54,26.72,,,,,,4.8,0.9,15.2,6.3,15.3,15.3,14.8,14.8,,,,,,6.4,9.1,,,,2020,4,17,112,1,0,0,0
257,양산시,2020-04-22,9.7,4.3,0542,16.5,1511,,,,,,,14.7,270,1302,7.6,270,1250,3.5,3058,270,-5.8,17,1513,34.4,4.0,1014.7,1019.1,0658,1012.5,1604,1016.5,13.3,9.7,1200,3.54,26.52,,,,,,1.5,0.1,13.4,2.4,13.7,14.0,14.1,14.2,,,,,,5.2,7.4,,,,2020,4,17,113,1,0,0,0
257,양산시,2020-04-23,10.6,4.0,0510,17.0,1646,,,,,,,14.2,320,1408,6.3,290,1122,2.9,2518,320,-2.8,26,1441,40.4,5.0,1014.6,1018.2,0001,1013.6,1738,1016.4,13.4,10.1,1200,3.59,26.22,,,,,,1.4,0.0,13.7,1.9,13.7,13.8,13.8,13.9,,,,,,5.0,7.1,,,,2020,4,17,114,1,0,0,0
257,양산시,2020-04-24,11.1,4.1,0550,17.3,1356,,,,,,,12.8,200,1454,7.2,230,1407,3.0,2559,230,-1.6,23,1227,43.1,5.6,1015.0,1018.4,0832,1013.8,1557,1016.8,13.4,10.0,1200,3.5,25.83,,,,,,0.9,0.4,13.5,2.1,13.7,14.0,14.0,14.1,,,,,,5.0,7.2,,,,2020,4,17,115,1,0,0,0
257,양산시,2020-04-25,14.6,6.0,0530,21.2,1446,,,,,,,16.1,230,1357,9.4,230,1535,4.8,4112,230,7.3,32,1208,64.0,10.4,1012.1,1018.2,0012,1010.3,1541,1013.9,13.4,10.2,1200,3.33,25.04,,,,,,0.0,0.0,16.7,4.1,15.8,15.2,14.5,14.6,,,,,,5.2,7.4,,,,2020,4,17,116,1,0,0,0
257,양산시,2020-04-26,14.1,8.3,0533,21.6,1447,,,,,,,14.0,110,1623,6.7,140,1607,2.5,2127,320,4.5,21,1514,57.8,8.6,1015.8,1021.7,2331,1013.8,0139,1017.6,13.5,10.2,1200,3.5,26.05,,,,,,1.4,0.0,18.2,5.8,17.1,16.7,15.8,15.8,,,,,,4.7,6.8,,,,2020,4,17,117,1,0,0,0
257,양산시,2020-04-27,13.4,5.4,0532,20.9,1343,,,,,,,10.0,70,2137,5.4,290,1219,2.2,1942,230,4.3,23,1321,60.1,8.4,1018.8,1021.8,2315,1018.4,1737,1020.5,13.5,7.1,1100,3.46,21.66,,,,,,3.0,2.1,15.4,3.0,15.8,16.1,15.8,15.8,,,,,,4.2,6.0,,,,2020,4,18,118,1,0,0,0
257,양산시,2020-04-28,14.1,6.2,0543,22.2,1525,,,,,,,9.7,200,1750,5.7,230,1643,2.3,1951,200,3.9,22,1416,56.5,8.2,1019.3,1023.9,0923,1018.4,1712,1021.1,13.5,10.2,1200,3.45,26.06,,,,,,0.6,0.4,17.9,3.5,17.0,16.7,16.1,16.2,,,,,,5.4,7.7,,,,2020,4,18,119,1,0,0,0
257,양산시,2020-04-29,15.8,8.0,0509,25.4,1329,,,,,,,8.6,230,1434,5.4,230,1450,2.6,2220,230,4.7,21,1310,51.6,8.6,1018.4,1022.1,0835,1018.8,1425,1020.1,13.6,10.0,1200,3.38,25.62,,,,,,0.3,0.0,18.3,6.8,17.7,17.5,16.7,16.8,,,,,,5.6,8.1,,,,2020,4,18,120,1,0,1,0
257,양산시,2020-04-30,17.0,7.8,0542,23.6,1513,,,,,,,11.6,230,1542,6.9,230,1559,3.6,3141,230,10.5,42,1027,67.5,13.1,1016.3,1021.2,0615,1015.4,1715,1018.1,13.6,10.1,1200,3.49,26.63,,,,,,1.6,0.3,18.9,5.7,18.2,17.8,17.2,17.2,,,,,,5.0,7.1,,,,2020,4,18,121,1,0,0,0
257,양산시,2020-05-01,20.5,17.0,0351,26.2,1432,,,,,,,11.4,200,1419,6.7,230,1222,4.3,3743,200,15.7,55,1350,75.1,17.8,1013.8,1017.2,0755,1013.4,1732,1015.6,13.6,8.8,1300,3.19,23.11,,,,,,3.5,1.0,23.2,15.8,21.4,20.4,18.9,18.8,,,,,,4.4,6.2,,,,2020,5,18,122,1,0,1,0
257,양산시,2020-05-02,19.5,15.5,0521,24.2,1233,0.2,,0.2,,,0.2,9.4,200,1455,5.4,200,1458,2.9,2517,230,16.1,64,1159,81.9,18.3,1011.9,1015.8,0725,1011.9,1712,1013.7,13.7,4.0,1100,2.62,15.94,,,,,,8.8,3.0,20.9,13.8,20.2,20.0,19.3,19.3,,,,,,2.7,3.8,,,,2020,5,18,123,1,0,0,1
257,양산시,2020-05-03,17.0,14.4,0211,18.6,1614,1.7,1952,3.8,205,,11.7,5.7,50,1804,3.6,50,1837,1.3,1108,50,16.1,83,1058,95.3,18.3,1007.1,1012.6,0001,1006.4,1833,1008.8,13.7,0.0,1300,0.47,3.59,,,,,,9.1,6.1,18.1,14.4,18.2,18.4,18.4,18.5,,,,,,0.9,1.3,,,,2020,5,18,124,1,0,0,1
257,양산시,2020-05-04,21.2,16.2,0332,29.6,1419,,,,,,,10.6,70,2029,5.1,200,1447,2.4,2052,50,16.6,49,1414,77.3,19.0,1006.9,1013.1,2318,1006.0,0222,1008.6,13.7,9.5,1200,3.38,23.94,,,,,,5.5,3.5,22.3,15.5,21.7,20.9,19.4,19.4,,,,,,4.7,6.7,,,,2020,5,19,125,1,0,1,0
257,양산시,2020-05-05,17.5,14.2,2357,21.6,1316,,,,,,,9.4,20,0328,4.9,50,0459,2.6,2253,50,12.9,60,1217,75.0,14.9,1011.5,1014.8,0749,1011.4,1831,1013.2,13.7,0.8,1100,2.08,12.11,,,,,,8.0,6.6,19.0,13.0,19.4,19.7,19.5,19.6,,,,,,2.2,3.2,,,,2020,5,19,126,1,0,0,0
257,양산시,2020-05-06,18.8,13.1,0357,27.0,1306,,,,,,,13.5,50,1658,6.5,110,1602,2.9,2525,90,10.8,39,1110,62.5,13.1,1013.0,1019.0,2311,1012.2,0251,1014.7,13.8,10.3,1200,3.49,26.56,,,,,,2.5,1.9,21.7,11.6,20.9,20.5,19.6,19.5,,,,,,6.0,8.6,,,,2020,5,19,127,1,0,1,0
257,양산시,2020-05-07,17.1,12.8,0533,22.9,1327,,,,,,,11.5,20,1405,5.7,110,1209,3.4,2959,70,3.9,21,1503,44.5,8.3,1018.5,1021.7,2237,1018.3,0227,1020.3,13.8,10.0,1100,3.61,27.08,,,,,,4.4,0.0,20.3,11.1,19.7,19.9,19.6,19.7,,,,,,6.3,8.9,,,,2020,5,19,128,1,0,0,0
257,양산시,2020-05-08,18.2,11.5,0550,23.9,1210,,,,,,,8.9,50,0154,5.6,290,0209,2.8,2440,50,10.3,43,1147,61.0,12.7,1015.8,1021.0,0017,1015.4,2358,1017.5,13.8,7.7,1100,3.46,23.83,,,,,,6.8,1.9,20.9,10.5,20.1,20.0,19.5,19.5,,,,,,3.9,5.6,,,,2020,5,19,129,1,0,0,0
257,양산시,2020-05-09,17.0,15.5,0742,19.4,0217,1.2,345,5.9,1431,,36.0,8.3,230,1906,4.7,230,1754,1.9,1600,230,16.2,68,0217,95.5,18.5,1007.7,1015.4,0001,1005.2,1820,1009.5,13.9,0.0,1200,0.54,2.94,,,,,,9.6,5.3,17.7,15.6,18.2,18.7,19.0,19.1,,,,,,0.9,1.2,,,,2020,5,19,130,1,0,0,1
257,양산시,2020-05-10,18.5,15.0,2335,25.5,1449,,,,,,,10.4,200,0358,5.1,200,0010,2.7,2309,230,14.4,56,1359,78.0,16.4,,,,,,,13.9,4.8,1100,3.43,19.64,,,,,,6.0,3.8,20.3,12.7,20.3,19.8,19.0,19.1,,,,,,0.3,0.4,,,,2020,5,19,131,1,0,1,0
257,양산시,2020-05-11,21.0,13.3,0551,29.8,1501,,,,,,,9.8,270,1518,4.8,270,1524,2.0,1710,200,10.9,24,1528,56.5,13.1,,,,1005.8,1712,,13.9,9.9,1200,3.61,26.96,,,,,,1.8,0.5,22.2,11.4,21.4,20.8,19.8,19.7,,,,,,6.0,8.6,,,,2020,5,20,132,1,0,1,0
257,양산시,2020-05-12,19.5,16.0,0559,24.9,1338,,,,,,,11.6,230,1536,7.2,200,1410,3.5,3007,230,9.3,32,1208,53.4,11.9,1004.2,1010.8,2358,1003.5,1532,1005.9,14.0,9.8,1200,3.47,26.31,,,,,,0.9,0.6,21.7,13.3,21.5,21.4,20.7,20.7,,,,,,5.6,8.0,,,,2020,5,20,133,1,0,0,0
257,양산시,2020-05-13,18.6,11.3,0446,26.4,1616,,,,,,,9.3,230,1647,6.0,200,1655,2.3,1944,290,7.0,25,1316,48.9,10.0,1014.5,1019.1,2257,1010.6,0010,1016.2,14.0,10.1,1200,3.66,27.83,,,,,,0.0,0.0,22.1,8.8,21.1,20.9,20.4,20.4,,,,,,6.0,8.6,,,,2020,5,20,134,1,0,1,0
257,양산시,2020-05-14,18.8,11.4,0531,26.5,1310,,,,,,,8.3,230,1328,5.1,230,1411,2.1,1774,230,7.3,26,1155,50.3,10.2,1016.4,1020.7,0726,1016.1,1645,1018.2,14.0,7.8,1100,3.35,23.58,,,,,,6.0,2.6,22.5,9.1,21.4,21.1,20.6,20.6,,,,,,4.9,7.1,,,,2020,5,20,135,1,0,1,0
257,양산시,2020-05-15,16.4,15.1,1408,17.5,0956,0.6,755,1.9,754,,7.1,8.5,200,1511,4.2,140,1016,1.6,1361,70,13.8,57,0052,86.0,15.9,1010.9,1017.3,0021,1009.7,2350,1012.7,14.0,0.0,1000,0.46,3.2,,,,,,9.5,5.1,17.4,14.8,18.0,18.8,19.5,19.7,,,,,,0.8,1.2,,,,2020,5,20,136,1,0,0,1
257,양산시,2020-05-16,20.3,15.9,0255,28.0,1446,0.1,,0.1,,,0.2,7.3,110,1529,3.6,230,1504,1.4,1180,200,17.3,58,1447,84.3,19.8,1005.6,1010.0,0005,1004.7,1529,1007.3,14.1,4.1,1200,3.6,20.06,,,,,,9.3,6.0,24.0,15.8,22.9,21.6,20.1,20.0,,,,,,3.3,4.8,,,,2020,5,20,137,1,0,1,1
257,양산시,2020-05-17,19.9,16.6,2219,24.4,1440,,,,,,,7.7,200,1349,4.4,230,1228,1.9,1636,230,16.4,66,1131,81.1,18.7,1005.7,1009.3,0838,1005.9,1735,1007.4,14.1,7.3,1100,3.02,22.07,,,,,,7.4,4.4,24.1,15.2,23.4,22.7,21.6,21.6,,,,,,3.5,5.0,,,,2020,5,20,138,1,0,0,0
257,양산시,2020-05-18,18.4,15.4,0540,22.1,1646,3.8,1119,9.7,1052,,10.0,7.4,110,0801,4.3,50,1324,1.7,1437,50,16.7,76,1646,90.4,19.0,1000.9,1007.0,0001,998.9,2355,1002.6,14.1,0.0,1400,1.29,6.55,,,,,,8.4,5.8,20.4,14.1,20.4,20.5,20.5,20.6,,,,,,1.4,2.0,,,,2020,5,21,139,1,0,0,1
257,양산시,2020-05-19,16.3,12.3,0440,19.5,1030,0.8,204,1.3,142,,1.6,11.3,230,1117,6.0,230,1222,2.9,2526,230,10.7,52,1744,70.8,12.9,999.0,1006.4,2257,997.6,0148,1000.7,14.1,2.9,0900,2.79,13.78,,,,,,5.3,2.6,16.7,10.7,17.6,18.4,19.1,19.3,,,,,,2.6,3.7,,,,2020,5,21,140,1,0,0,1
257,양산시,2020-05-20,15.5,10.3,0552,23.0,1305,,,,,,,10.4,110,1421,5.4,140,1423,2.1,1814,140,9.4,39,1223,69.4,11.8,1010.3,1016.2,2319,1006.4,0021,1012.0,14.2,5.7,1200,3.73,21.36,,,,,,4.6,3.9,16.6,8.6,17.5,18.1,18.4,18.5,,,,,,3.7,5.2,,,,2020,5,21,141,1,0,0,0
257,양산시,2020-05-21,15.6,13.5,2330,20.3,1342,,,,,,,8.4,110,1901,4.1,230,1421,1.7,1443,140,10.6,58,1219,72.9,12.8,1015.7,1019.0,2047,1015.5,0205,1017.4,14.2,1.0,1200,2.97,13.16,,,,,,9.1,8.4,18.6,11.9,18.8,19.0,18.9,18.9,,,,,,2.5,3.5,,,,2020,5,21,142,1,0,0,0
257,양산시,2020-05-22,16.5,12.3,0507,23.0,1610,,,,,,,9.6,110,2254,4.8,50,0645,2.7,2353,70,11.0,48,1619,71.4,13.2,1014.3,1018.7,0001,1013.5,1735,1016.1,14.2,6.2,1300,2.63,20.42,,,,,,5.8,1.4,20.2,10.6,19.4,19.2,18.8,18.9,,,,,,3.6,5.1,,,,2020,5,21,143,1,0,0,0
257,양산시,2020-05-23,18.1,13.2,0512,25.4,1325,,,,,,,7.6,50,0035,4.2,230,1426,2.5,2149,70,12.5,45,1343,71.3,14.5,1012.0,1015.8,0054,1011.2,1718,1013.7,14.2,9.8,1200,3.58,27.33,,,,,,3.0,0.0,22.6,11.5,21.3,20.9,20.0,20.0,,,,,,4.5,6.4,,,,2020,5,21,144,1,0,1,0
257,양산시,2020-05-24,19.9,12.9,0153,26.4,1229,,,,,,,11.5,200,1142,6.4,200,1210,2.9,2536,200,15.5,55,1230,77.9,17.7,1009.4,1013.9,0008,1009.4,1355,1011.2,14.2,6.0,1200,3.04,20.43,,,,,,7.5,2.0,20.9,10.5,20.8,21.0,20.6,20.6,,,,,,3.9,5.5,,,,2020,5,21,145,1,0,1,0
257,양산시,2020-05-25,20.7,16.3,0527,27.0,1223,,,,,,,6.2,200,1441,3.6,200,1341,1.4,1244,200,15.5,40,1241,74.9,17.7,1010.0,1012.8,0538,1010.4,1915,1011.7,14.3,3.5,1000,2.62,16.71,,,,,,9.1,4.3,22.8,14.4,21.8,21.8,21.3,21.3,,,,,,3.1,4.4,,,,2020,5,22,146,1,0,1,0
257,양산시,2020-05-26,19.6,15.6,0515,25.4,1510,,,,,,,6.9,200,1739,4.5,200,1708,1.5,1314,230,14.5,51,1427,74.1,16.5,1007.6,1011.6,0001,1007.1,1655,1009.3,14.3,3.7,1400,2.72,15.3,,,,,,8.0,1.6,24.2,14.4,22.5,21.7,21.1,21.1,,,,,,3.4,4.9,,,,2020,5,22,147,1,0,1,0
257,양산시,2020-05-27,19.9,14.6,2357,27.8,1304,,,,,,,9.7,160,1419,4.8,140,1449,1.7,1456,140,11.3,30,1320,60.9,13.5,1007.5,1011.0,2322,1007.5,0218,1009.2,14.3,9.4,1100,3.59,27.41,,,,,,4.8,0.1,25.2,12.3,23.6,23.1,22.0,21.9,,,,,,5.2,7.5,,,,2020,5,22,148,1,0,1,0
257,양산시,2020-05-28,20.2,12.6,0524,28.2,1256,,,,,,,8.4,200,1449,5.1,200,1614,1.9,1674,230,11.1,25,1234,59.1,13.2,1008.2,1012.2,2353,,1404,1010.0,14.3,9.4,1200,3.61,26.25,,,,,,3.3,1.1,23.1,10.4,22.9,23.0,22.4,22.3,,,,,,5.5,7.9,,,,2020,5,22,149,1,0,1,0
257,양산시,2020-05-29,21.1,13.3,0528,28.5,1236,,,,,,,8.4,110,1553,4.6,160,1410,2.0,1771,50,10.8,33,1122,54.4,13.0,1014.1,1019.4,2347,1012.2,0001,1015.9,14.3,8.4,1200,3.71,26.23,,,,,,3.0,0.0,25.5,11.0,23.8,23.6,22.9,22.8,,,,,,5.5,7.9,,,,2020,5,22,150,1,0,1,0
257,양산시,2020-05-30,20.9,14.5,0451,27.0,1503,,,,,,,6.0,110,1234,3.3,50,0933,1.2,994,70,10.4,33,1338,53.0,12.6,1016.9,1020.5,0657,1017.0,1748,1018.6,14.4,2.8,1100,2.07,17.97,,,,,,9.1,0.3,25.2,12.7,23.4,23.1,22.8,22.8,,,,,,3.5,5.0,,,,2020,5,22,151,1,0,1,0
257,양산시,2020-05-31,20.6,14.7,0531,26.3,1438,0.3,519,0.5,507,,0.5,6.8,250,1652,4.6,250,1659,1.5,1328,250,15.2,48,1136,72.8,17.4,1011.6,1017.6,0005,1010.9,1613,1013.4,14.4,2.1,1100,2.43,16.58,,,,,,7.9,6.1,25.1,14.5,23.8,23.4,22.7,22.7,,,,,,3.3,4.7,,,,2020,5,22,152,1,0,1,1
257,양산시,2020-06-01,23.9,17.8,2334,31.2,1403,,,,,,,9.0,270,1322,5.4,270,1258,2.2,1901,270,13.6,27,1635,57.5,16.0,1008.0,1011.7,0801,1006.8,1713,1009.7,14.4,9.1,1300,3.23,25.34,,,,,,4.1,1.1,29.3,13.5,26.5,25.4,24.1,24.0,,,,,,6.1,8.7,,,,2020,6,23,153,0,0,1,0
257,양산시,2020-06-02,21.9,14.9,0538,29.0,1336,,,,,,,8.5,230,1741,5.1,230,1758,2.4,2063,230,9.4,25,1337,47.1,11.9,1007.3,1011.6,0710,1006.4,1724,1009.0,14.4,9.4,1200,3.67,27.26,,,,,,3.9,1.4,26.4,11.1,24.8,24.7,24.2,24.1,,,,,,6.5,9.2,,,,2020,6,23,154,0,0,1,0
257,양산시,2020-06-03,21.8,16.7,0207,28.5,1418,,,,,,,9.7,200,1547,5.7,230,1600,2.7,2353,230,17.3,55,1419,76.6,20.0,1004.0,1008.1,0005,1003.7,1740,1005.7,14.4,4.5,1300,3.52,20.45,,,,,,7.3,1.0,27.0,14.4,25.6,25.1,24.2,24.1,,,,,,3.9,5.6,,,,2020,6,23,155,0,0,1,0
257,양산시,2020-06-04,24.9,19.4,0400,31.0,1528,,,,,,,8.4,200,1733,5.3,230,1603,2.6,2271,230,19.5,52,1346,73.9,22.7,1003.2,1006.8,2305,1003.4,1742,1004.9,14.4,9.0,1100,3.35,26.56,,,,,,4.4,0.6,29.8,17.6,27.5,26.7,25.4,25.3,,,,,,5.4,7.7,,,,2020,6,23,156,0,0,1,0
257,양산시,2020-06-05,24.9,18.9,0507,31.2,1346,,,,,,,10.7,230,1321,4.1,250,1420,1.7,1508,230,18.3,48,1351,69.0,21.0,1006.2,1010.3,2304,1005.9,0300,1007.9,14.5,6.8,1300,2.44,21.02,,,,,,4.6,0.4,29.0,16.8,27.4,26.9,25.8,25.2,,,,,,4.3,6.2,,,,2020,6,23,157,0,0,1,0
257,양산시,2020-06-06,22.7,19.9,0346,28.4,1547,,,,,,,11.4,110,1722,5.2,110,1624,3.3,2865,50,15.1,44,2217,63.3,17.3,1009.1,1012.8,2321,1008.8,1524,1010.8,14.5,5.6,1300,3.06,20.54,,,,,,7.5,3.5,29.8,18.8,27.5,27.1,25.7,25.3,,,,,,4.9,7.0,,,,2020,6,23,158,0,0,1,0
257,양산시,2020-06-07,23.2,17.6,0417,31.5,1254,,,,,,,8.7,160,1417,4.7,140,1431,2.3,1956,50,10.9,28,1634,48.0,13.1,1011.7,1014.9,2212,1011.9,1727,1013.4,14.5,9.8,1200,3.53,27.66,,,,,,0.8,0.6,29.5,15.4,27.5,27.6,25.9,25.3,,,,,,5.9,8.4,,,,2020,6,23,159,0,0,1,0
257,양산시,2020-06-08,23.9,15.7,0442,31.8,1208,,,,,,,7.8,250,1605,4.6,250,1540,1.5,1307,230,11.3,30,1658,47.6,13.5,1014.3,1017.3,2236,1014.7,1422,1016.0,14.5,10.0,1200,3.49,27.29,,,,,,0.3,0.1,29.6,13.0,27.5,27.7,26.1,25.6,,,,,,6.2,8.8,,,,2020,6,24,160,0,0,1,0
257,양산시,2020-06-09,25.5,16.3,0521,33.8,1306,,,,,,,7.2,200,1330,4.4,230,1334,1.8,1581,230,14.5,24,1156,54.4,16.7,1014.0,1017.3,0014,1014.0,1631,1015.7,14.5,10.2,1200,3.55,27.85,,,,,,0.3,0.0,30.6,13.4,28.1,28.5,26.6,26.0,,,,,,6.7,9.5,,,,2020,6,24,161,0,0,1,0
257,양산시,2020-06-10,25.8,19.6,0503,32.6,1411,,,,,,,8.9,160,1309,5.4,160,1309,2.0,1733,230,18.4,45,1102,65.3,21.2,1009.0,1015.5,0001,1007.6,2353,1010.7,14.5,10.0,1100,3.36,26.94,,,,,,5.0,2.0,33.3,16.5,29.8,29.4,27.4,26.7,,,,,,5.2,7.4,,,,2020,6,24,162,0,0,1,0
257,양산시,2020-06-11,25.0,21.8,0746,30.2,1250,2.2,503,4.3,452,,12.0,6.1,230,0422,3.7,230,0430,2.0,1700,230,22.4,65,1251,86.8,27.0,1002.9,1007.6,0001,1002.8,1601,1004.6,14.5,2.9,1100,3.4,15.53,,,,,,7.4,5.5,26.3,21.4,27.0,27.5,27.3,26.9,,,,,,2.8,4.0,,,,2020,6,24,163,0,0,1,1
257,양산시,2020-06-12,25.0,22.3,0224,30.6,1350,0.4,2333,0.7,2301,,0.7,7.8,200,1631,4.6,230,1627,2.0,1706,230,22.1,66,1251,84.8,26.6,1004.6,1007.7,1004,1004.8,1543,1006.3,14.5,3.6,1200,3.64,18.53,,,,,,7.9,5.3,27.5,21.0,28.2,28.1,26.9,26.4,,,,,,3.4,4.9,,,,2020,6,24,164,0,0,1,1
257,양산시,2020-06-13,23.2,20.8,0321,28.1,1546,3.2,441,11.0,359,,40.0,7.4,200,1615,4.1,50,0144,2.0,1721,230,21.9,70,1550,93.1,26.3,1005.0,1007.9,1123,1004.4,0320,1006.7,14.5,0.2,1300,1.97,10.13,,,,,,10.0,5.0,25.3,20.5,25.5,25.7,25.7,25.8,,,,,,1.8,2.5,,,,2020,6,24,165,0,0,1,1
257,양산시,2020-06-14,24.7,22.0,2316,28.4,1803,2.0,1031,6.2,951,,13.1,9.8,230,1244,5.3,200,1202,3.1,2704,200,22.4,66,2049,88.0,27.2,1003.4,1007.0,0001,1003.5,1657,1005.1,14.5,0.4,1500,1.31,7.21,,,,,,8.8,4.3,24.8,19.6,25.2,25.3,25.0,25.0,,,,,,2.1,3.1,,,,2020,6,24,166,0,0,1,1
257,양산시,2020-06-15,25.2,19.5,0546,32.2,1614,,,,,,,7.3,230,1904,4.5,230,1809,2.1,1808,250,16.8,36,1619,61.9,19.2,1005.1,1008.8,0717,1004.7,1606,1006.8,14.5,11.7,1200,3.33,28.6,,,,,,4.3,0.1,27.1,16.9,26.5,26.3,25.2,24.9,,,,,,6.1,8.7,,,,2020,6,25,167,0,0,1,0
257,양산시,2020-06-16,24.6,19.8,0604,31.5,1208,,,,,,,10.2,110,1622,5.7,160,1344,2.5,2150,200,14.8,35,1150,57.0,16.9,1005.3,1009.2,2152,1005.7,1258,1007.0,14.5,10.7,1100,3.57,28.98,,,,,,5.1,0.6,28.0,18.1,27.0,27.1,26.1,25.6,,,,,,6.2,8.8,,,,2020,6,25,168,0,0,1,0
257,양산시,2020-06-17,23.0,17.7,0537,28.8,1311,0.1,,0.1,,,0.1,4.7,230,1537,3.1,230,1543,1.2,1068,200,14.9,37,1017,62.9,17.1,1005.4,1008.5,0001,1005.8,1716,1007.1,14.5,3.3,1200,2.17,16.7,,,,,,9.4,2.5,25.6,15.7,25.4,25.7,25.4,25.3,,,,,,3.1,4.4,,,,2020,6,25,169,0,0,1,1
257,양산시,2020-06-18,18.5,17.0,0704,20.2,0010,1.5,1747,4.7,1656,,29.5,10.4,50,2048,4.2,50,0959,2.5,2156,50,17.7,85,0025,95.4,20.3,1002.5,1006.7,0001,1002.0,1823,1004.2,14.5,0.0,1100,0.78,4.0,,,,,,9.8,4.4,20.4,17.0,21.5,22.4,23.4,23.9,,,,,,1.1,1.6,,,,2020,6,25,170,0,0,0,1
257,양산시,2020-06-19,23.1,19.2,0044,28.4,1528,0.0,,0.0,,,0.0,10.3,70,1220,5.3,50,1149,3.1,2721,70,17.1,49,1420,70.6,19.5,1005.3,1012.0,2342,1002.0,0101,1007.0,14.6,7.5,1100,3.43,25.38,,,,,,4.5,2.6,24.5,17.9,24.3,24.1,23.2,23.0,,,,,,5.2,7.4,,,,2020,6,25,171,0,0,1,0
257,양산시,2020-06-20,23.1,19.6,2358,28.6,1517,,,,,,,8.4,110,1236,3.8,140,1205,2.1,1802,70,17.2,53,1451,70.6,19.7,1010.5,1013.8,0726,1010.4,1749,1012.2,14.6,6.6,1300,3.15,24.66,,,,,,6.6,2.3,27.8,17.5,26.6,26.2,24.8,24.3,,,,,,4.6,6.6,,,,2020,6,25,172,0,0,1,0
257,양산시,2020-06-21,22.6,17.8,0456,28.9,1417,,,,,,,9.9,70,1155,4.4,90,1115,2.6,2251,70,15.9,39,1548,68.3,18.1,1008.3,1012.0,0001,1008.0,1722,1010.0,14.5,11.7,1100,3.89,30.32,,,,,,2.0,0.9,28.9,15.9,26.6,26.5,25.5,24.9,,,,,,5.6,8.1,,,,2020,6,25,173,0,0,1,0
257,양산시,2020-06-22,23.4,15.8,0522,30.6,1518,,,,,,,6.2,230,1557,3.8,230,1445,1.5,1326,230,16.6,41,1520,68.4,18.9,1008.6,1011.9,2304,1009.2,0338,1010.3,14.5,12.1,1200,3.56,29.83,,,,,,0.1,0.0,30.1,13.6,27.3,27.2,26.1,25.5,,,,,,5.6,8.0,,,,2020,6,26,174,0,0,1,0
257,양산시,2020-06-23,24.9,18.1,0257,32.1,1435,,,,,,,6.9,230,1203,3.9,230,1211,1.6,1407,230,17.2,33,1348,65.9,19.7,1009.3,1012.3,0621,1010.1,1718,1011.0,14.5,11.3,1200,3.63,29.01,,,,,,4.3,0.1,31.7,15.6,28.3,28.1,27.0,26.3,,,,,,6.0,8.6,,,,2020,6,26,175,0,0,1,0
257,양산시,2020-06-24,23.1,19.4,0511,27.4,1303,2.1,2116,6.6,2057,,17.8,6.3,20,1914,3.1,250,1557,1.4,1212,50,19.2,54,1039,80.3,22.3,1005.9,1010.8,0001,1004.8,2359,1007.6,14.6,1.0,,,,,,,,,9.3,2.4,26.1,17.3,25.9,26.2,26.3,26.2,,,,,,,,,,,2020,6,26,176,0,0,1,1
257,양산시,2020-06-25,22.9,20.9,0001,24.9,1108,3.0,1418,9.3,1411,,28.1,6.5,200,1456,4.1,200,1457,1.9,1641,200,22.3,87,1154,97.1,27.0,1002.3,1005.1,2251,1003.0,0356,1004.0,14.5,0.0,,,,,,,,,9.5,3.9,23.6,21.0,24.0,24.4,24.6,24.7,,,,,,,,,,,2020,6,26,177,0,0,0,1
257,양산시,2020-06-26,25.5,21.5,0356,32.0,1455,,,,,,,8.3,230,1608,4.9,230,1610,2.5,2117,230,20.0,47,1443,73.8,23.5,1005.5,1009.3,2219,1004.6,0104,1007.2,14.5,10.2,1200,3.59,28.49,,,,,,2.5,,28.2,20.4,27.1,26.7,25.5,24.9,,,,,,5.3,7.6,,,,2020,6,26,178,0,0,1,0
257,양산시,2020-06-27,25.4,20.5,0446,31.6,1359,,,,,,,5.8,230,1705,3.4,200,1636,1.5,1271,230,20.3,49,1228,75.4,23.8,1004.2,1009.0,0001,1004.2,1753,1005.9,14.5,5.3,1100,3.26,20.35,,,,,,6.8,0.4,27.6,18.9,27.4,27.3,26.3,25.8,,,,,,4.0,5.8,,,,2020,6,26,179,0,0,1,0
257,양산시,2020-06-28,25.2,20.4,0504,33.7,1324,,,,,,,8.7,160,1405,4.0,140,1436,1.5,1266,140,20.3,40,1338,75.3,23.8,1003.3,1008.1,2215,1003.1,1352,1005.0,14.5,8.2,1300,3.5,23.95,,,,,,3.4,1.5,28.4,18.5,27.6,27.8,26.8,26.2,,,,,,4.6,6.5,,,,2020,6,26,180,0,0,1,0
257,양산시,2020-06-29,22.4,19.5,1805,27.5,1228,6.7,1804,16.1,2300,,70.4,9.4,20,2007,6.2,70,2012,1.9,1667,50,20.1,63,1308,88.0,23.6,1003.4,1008.5,0607,995.4,2359,1005.1,14.5,0.0,1200,1.73,9.72,,,,,,8.8,3.4,24.8,18.9,25.2,25.7,25.9,25.9,,,,,,1.8,2.5,,,,2020,6,27,181,0,0,1,1
257,양산시,2020-06-30,23.1,20.4,2351,26.0,1604,2.4,7,5.6,1,,5.9,16.6,200,0034,8.2,230,0054,4.4,3777,230,19.4,65,1738,80.4,22.5,992.2,999.1,2257,990.6,0557,993.9,14.5,0.3,1400,0.93,6.52,,,,,,8.4,6.4,22.6,18.1,23.0,23.4,23.7,24.0,,,,,,2.1,3.0,,,,2020,6,27,182,0,0,1,1
257,양산시,2020-07-01,22.7,20.0,2307,27.6,1223,,,,,,,6.8,200,1408,4.3,200,1409,1.9,1642,200,18.0,52,1225,76.0,20.7,1003.6,1009.8,2236,999.1,0001,1005.3,14.5,1.8,1100,3.42,15.45,,,,,,6.0,4.3,23.9,17.9,24.0,24.1,23.9,23.8,,,,,,3.2,4.6,,,,2020,7,27,183,0,0,1,0
257,양산시,2020-07-02,23.1,18.3,0501,28.8,1152,,,,,,,9.2,110,1338,4.9,110,1344,1.8,1591,50,17.2,53,1514,71.6,19.7,1010.9,1015.0,2331,1009.8,0001,1012.6,14.5,4.9,1000,2.56,18.73,,,,,,7.5,3.5,24.6,16.2,24.4,24.4,24.2,24.0,,,,,,3.7,5.3,,,,2020,7,27,184,0,0,1,0
257,양산시,2020-07-03,21.1,18.8,2324,23.0,0953,0.9,2235,3.4,2206,,5.1,8.9,50,1043,4.1,50,0108,2.5,2199,70,17.7,70,0330,81.4,20.2,1010.2,1014.7,0019,1009.3,1817,1011.9,14.5,0.0,1400,0.86,6.9,,,,,,8.8,4.1,22.2,18.3,22.5,23.0,23.3,23.5,,,,,,1.6,2.3,,,,2020,7,27,185,0,0,0,1
257,양산시,2020-07-04,21.5,18.8,0002,25.2,1102,,,,,,,7.7,50,0822,4.3,70,0831,1.9,1677,70,18.2,63,1059,82.4,20.8,1006.7,1009.8,0005,1007.5,0258,1008.4,14.5,0.8,1000,2.45,11.02,,,,,,8.8,6.0,22.8,17.6,22.7,22.9,22.9,22.9,,,,,,2.2,3.2,,,,2020,7,27,186,0,0,1,0
257,양산시,2020-07-05,23.5,19.7,0435,28.7,1522,,,,,,,6.2,250,1633,3.7,230,1629,1.7,1507,230,19.1,57,1326,77.4,22.1,1004.4,1008.7,0001,1004.2,1847,1006.1,14.5,5.0,1400,2.69,22.02,,,,,,7.9,4.6,27.1,18.9,25.7,25.2,24.1,23.6,,,,,,3.7,5.3,,,,2020,7,27,187,0,0,1,0
257,양산시,2020-07-06,23.4,20.2,0203,28.4,1041,0.0,,0.0,,,0.0,6.1,360,1043,3.4,50,1052,1.4,1222,230,21.2,69,1045,88.1,25.2,1001.4,1004.5,0010,1001.2,1037,1003.1,14.5,0.4,1000,1.87,6.78,,,,,,9.7,7.8,24.1,18.7,24.3,24.6,24.3,24.2,,,,,,1.5,2.1,,,,2020,7,28,188,0,0,1,0
257,양산시,2020-07-07,25.0,22.6,0001,30.2,1153,,,,,,,10.3,230,1305,6.2,230,1314,2.9,2498,230,21.9,61,1156,84.5,26.3,1003.2,1006.2,0856,1003.5,0038,1004.9,14.4,7.0,1100,3.45,23.39,,,,,,5.9,3.5,28.9,21.6,27.5,27.1,25.6,24.9,,,,,,4.4,6.3,,,,2020,7,28,189,0,0,1,0
257,양산시,2020-07-08,25.5,21.5,0415,31.2,1210,,,,,,,6.7,110,1744,3.4,160,1802,1.6,1350,230,20.5,53,1133,75.4,24.1,1004.2,1007.4,2252,1004.7,1516,1005.9,14.4,6.8,1100,3.41,21.47,,,,,,5.0,2.3,29.2,19.5,27.6,27.5,26.5,25.9,,,,,,3.9,5.5,,,,2020,7,28,190,0,0,1,0
257,양산시,2020-07-09,23.7,20.7,0401,29.2,1319,0.2,,0.5,1956,,1.2,7.1,110,1745,3.4,50,1625,1.8,1559,70,20.7,64,1216,84.4,24.4,1004.8,1007.5,0918,1005.7,1539,1006.5,14.4,1.5,0900,2.23,12.35,,,,,,8.1,6.0,26.7,19.0,26.2,26.6,26.3,25.9,,,,,,2.1,3.0,,,,2020,7,28,191,0,0,1,1
257,양산시,2020-07-10,23.3,21.4,0803,27.5,1703,8.4,1016,25.9,935,,80.4,8.7,50,0849,5.0,50,0650,2.5,2135,50,22.6,79,1706,96.5,27.5,1001.2,1006.3,0001,1000.2,1509,1002.9,14.4,0.4,1400,1.38,5.72,,,,,,9.2,,24.8,21.0,24.2,24.3,24.5,24.6,,,,,,1.2,1.7,,,,2020,7,28,192,0,0,1,1
257,양산시,2020-07-11,24.5,22.3,2309,30.5,1157,,,,,,,9.0,110,2015,4.7,140,1504,2.2,1924,140,21.8,69,1113,85.5,26.2,1006.6,1012.5,2355,1004.1,0016,1008.3,14.4,2.6,1000,2.93,14.55,,,,,,,,25.5,21.6,25.6,25.7,25.1,24.8,,,,,,2.9,4.1,,,,2020,7,28,193,0,0,1,0
257,양산시,2020-07-12,20.9,18.9,2202,22.4,1346,2.3,2128,8.0,2103,,23.7,14.0,50,2312,4.9,70,2203,3.0,2608,70,19.0,82,0001,89.3,22.0,1010.6,1014.2,1024,1010.0,2312,1012.3,14.4,0.0,1300,0.61,4.59,,,,,,,,22.0,18.5,22.5,23.2,23.8,24.1,,,,,,0.9,1.3,,,,2020,7,28,194,0,0,0,1
257,양산시,2020-07-13,19.6,18.9,1024,20.4,1358,3.7,115,15.0,950,,83.5,14.5,70,0429,6.5,70,1020,3.5,3035,70,18.8,92,0237,95.8,21.8,1002.9,1010.8,0009,1003.0,1303,1004.6,14.4,0.0,1300,0.54,2.79,,,,,,7.7,,20.2,18.2,20.3,20.9,21.5,22.0,,,,,,0.7,1.0,,,,2020,7,29,195,0,0,0,1
257,양산시,2020-07-14,20.3,19.2,0139,22.5,1436,0.1,,0.3,125,,0.5,8.0,70,1231,3.7,50,0028,2.5,2128,70,18.3,78,1243,89.3,21.1,1002.7,1006.7,2309,1002.6,0321,1004.4,14.3,0.0,1200,1.36,8.65,,,,,,8.9,5.0,21.5,18.7,21.5,21.7,21.6,21.6,,,,,,1.7,2.4,,,,2020,7,29,196,0,0,0,1
257,양산시,2020-07-15,20.4,19.1,0949,22.9,1511,0.2,,0.6,943,,1.0,6.4,110,1659,3.6,50,0848,2.3,2011,50,17.5,75,1515,83.8,20.0,1005.6,1008.8,2159,1005.7,0259,1007.3,14.3,0.0,1200,1.81,9.76,,,,,,8.3,6.4,22.1,18.7,21.8,22.0,21.9,21.9,,,,,,2.1,2.9,,,,2020,7,29,197,0,0,0,1
257,양산시,2020-07-16,22.6,18.4,0401,28.5,1316,,,,,,,6.8,110,1929,3.4,140,1629,1.7,1476,50,17.4,52,1233,74.1,19.9,1006.8,1010.3,2343,1007.2,1432,1008.5,14.3,7.2,1200,3.82,24.76,,,,,,5.0,1.9,25.3,16.7,24.5,24.3,23.2,22.7,,,,,,4.5,6.5,,,,2020,7,29,198,0,0,1,0
257,양산시,2020-07-17,22.9,17.1,0508,29.1,1251,,,,,,,8.3,140,1452,4.2,140,1452,2.2,1907,70,18.1,53,1154,75.9,20.8,1008.6,1011.8,2216,1008.8,1440,1010.3,14.3,11.3,1200,3.64,29.09,,,,,,1.1,0.4,27.3,15.0,25.5,25.5,24.3,23.7,,,,,,5.2,7.4,,,,2020,7,29,199,0,0,1,0
257,양산시,2020-07-18,22.8,17.9,0538,26.9,1510,,,,,,,5.9,110,1744,3.3,140,1902,1.7,1469,50,18.6,63,1107,78.0,21.4,1009.7,1012.6,2320,1010.1,1524,1011.4,14.3,3.0,0900,2.13,15.14,,,,,,7.1,4.3,26.2,16.0,24.8,24.8,24.4,24.3,,,,,,2.5,3.6,,,,2020,7,29,200,0,0,1,0
257,양산시,2020-07-19,24.0,20.9,0029,25.7,1914,0.1,,0.2,,,0.2,9.0,250,2202,4.7,250,2208,1.8,1513,50,22.6,81,0833,92.3,27.6,1008.3,1012.0,0001,1008.9,1511,1010.0,14.2,0.0,1300,0.57,4.55,,,,,,8.0,6.6,24.7,19.5,24.5,24.6,24.2,24.1,,,,,,0.9,1.3,,,,2020,7,29,201,0,0,1,1
257,양산시,2020-07-20,26.0,24.0,2311,29.0,1632,0.1,,0.2,,,0.3,9.7,230,1013,5.3,230,0441,3.8,3247,230,24.2,80,1632,90.5,30.2,1007.5,1011.4,2350,1008.0,1634,1009.2,14.2,0.3,1500,1.47,7.82,,,,,,8.9,5.4,26.5,23.1,25.8,25.6,24.8,24.4,,,,,,2.0,2.8,,,,2020,7,30,202,0,0,1,1
257,양산시,2020-07-21,27.0,22.9,0512,31.9,1434,2.1,341,4.2,318,,6.2,6.4,230,1527,4.3,230,1536,1.6,1420,200,22.8,55,1214,79.9,27.7,1010.8,1014.0,2254,1010.9,0031,1012.5,14.2,7.2,1200,3.48,22.81,,,,,,8.1,4.6,28.4,22.2,27.7,27.3,25.9,25.2,,,,,,3.8,5.4,,,,2020,7,30,203,0,0,1,1
257,양산시,2020-07-22,23.4,22.0,0503,26.9,1217,12.0,331,20.8,452,,82.1,6.5,20,0350,3.5,50,0404,1.2,1028,50,22.9,80,1225,97.5,27.9,1009.7,1013.7,0036,1010.1,1733,1011.4,14.2,0.0,1200,1.55,7.05,,,,,,10.0,5.6,24.8,21.9,25.2,25.8,25.7,25.5,,,,,,1.3,1.8,,,,2020,7,30,204,0,0,1,1
257,양산시,2020-07-23,22.5,21.7,2310,23.3,1745,14.3,2306,36.1,2245,,96.5,11.8,50,1417,5.2,110,2242,2.3,2009,70,21.9,89,1415,96.9,26.3,1006.7,1012.9,0653,1001.4,2248,1008.4,14.1,0.0,1000,0.88,5.8,,,,,,10.0,6.3,23.7,21.4,23.8,24.4,24.6,24.7,,,,,,1.2,1.7,,,,2020,7,30,205,0,0,0,1
257,양산시,2020-07-24,22.3,20.6,2151,25.5,1258,0.4,2253,1.1,2059,,2.1,11.1,230,1114,6.1,230,1115,2.5,2168,230,20.7,75,1259,91.0,24.4,998.4,1001.4,0001,999.2,1602,1000.1,14.1,0.5,1200,2.31,9.64,,,,,,5.9,3.5,23.9,20.5,23.6,23.8,23.7,23.7,,,,,,1.8,2.5,,,,2020,7,30,206,0,0,1,1
257,양산시,2020-07-25,22.5,20.7,0145,26.4,1414,0.6,144,1.2,137,,1.5,6.2,250,1439,3.7,230,1441,1.9,1609,230,21.0,75,1411,91.5,24.8,1002.2,1008.2,2314,999.8,0001,1003.9,14.1,0.0,1300,1.88,8.41,,,,,,8.4,4.6,24.4,20.5,24.2,24.2,23.7,23.7,,,,,,1.8,2.6,,,,2020,7,30,207,0,0,1,1
257,양산시,2020-07-26,24.8,20.0,0544,29.9,1317,,,,,,,6.7,230,1318,4.2,250,1646,1.9,1626,230,20.9,58,1147,80.6,24.7,1007.5,1010.6,2311,1008.0,0211,1009.2,14.1,9.6,1200,3.42,26.54,,,,,,5.5,1.6,26.9,19.0,26.3,26.0,24.9,24.3,,,,,,4.6,6.6,,,,2020,7,30,208,0,0,1,0
257,양산시,2020-07-27,23.6,22.0,2224,27.0,1254,3.7,1759,10.6,1748,,37.5,7.7,50,1952,4.4,50,1732,2.1,1828,50,22.4,79,1205,93.5,27.0,1008.4,1011.2,1119,1009.2,0350,1010.1,14.1,0.0,1200,1.2,5.52,,,,,,9.9,5.6,24.5,21.2,24.6,25.0,25.0,24.9,,,,,,1.0,1.5,,,,2020,7,31,209,0,0,1,1
257,양산시,2020-07-28,22.8,21.8,0636,23.9,1156,2.6,525,9.2,524,,19.1,8.4,50,1047,4.2,50,1038,1.5,1266,70,22.3,89,1207,97.3,26.9,1010.7,1014.3,2316,1009.7,0012,1012.4,14.0,0.0,0900,0.43,3.32,,,,,,9.5,7.3,23.7,21.8,23.6,23.9,23.9,24.0,,,,,,0.8,1.2,,,,2020,7,31,210,0,0,0,1
257,양산시,2020-07-29,24.4,21.9,0147,29.7,1119,3.7,1230,11.5,1215,,16.7,4.0,230,1134,2.6,230,1218,0.8,681,20,23.7,78,1119,96.9,29.4,1012.9,1015.8,2226,1013.5,0315,1014.6,14.0,0.2,1000,1.5,8.33,,,,,,9.4,4.9,25.9,21.9,25.3,25.2,24.6,24.3,,,,,,1.4,2.0,,,,2020,7,31,211,0,0,1,1
257,양산시,2020-07-30,23.0,21.1,1220,30.1,1125,16.2,1201,25.9,1200,,38.1,19.2,20,1155,8.4,50,1204,1.4,1215,230,22.6,77,1038,97.8,27.5,1014.4,1019.3,1158,1015.2,0226,1016.1,14.0,1.0,1000,2.12,8.85,,,,,,9.6,2.8,25.5,21.1,25.1,25.2,25.0,24.8,,,,,,1.6,2.3,,,,2020,7,31,212,0,0,1,1
257,양산시,2020-07-31,26.5,21.3,0233,32.7,1621,,,,,,,4.4,270,1635,2.9,250,1626,1.7,1445,230,23.8,58,1623,86.8,29.6,1013.3,1017.1,0810,1013.3,1717,1015.0,13.9,5.0,1400,2.78,18.69,,,,,,8.1,2.4,28.2,20.7,27.3,26.8,25.5,25.0,,,,,,3.5,4.9,,,,2020,7,31,213,0,0,1,0
257,양산시,2020-08-01,27.6,24.3,0425,32.6,1425,,,,,,,9.0,230,1344,5.3,230,1353,2.2,1859,230,24.3,59,1650,83.5,30.3,1011.3,1014.5,0104,1011.7,1911,1013.0,13.9,6.2,1400,3.08,21.23,,,,,,8.1,3.0,29.7,23.6,28.9,28.4,27.1,26.4,,,,,,4.1,5.8,,,,2020,8,31,214,0,0,1,0
257,양산시,2020-08-02,28.0,25.4,0409,32.7,1404,,,,,,,9.5,200,1438,5.4,230,1438,3.2,2745,230,24.8,61,1414,83.5,31.3,1010.0,1012.9,0001,1010.4,1622,1011.7,13.9,5.2,1200,2.83,18.85,,,,,,7.9,2.5,29.9,23.8,28.9,28.6,27.6,26.9,,,,,,4.1,5.9,,,,2020,8,31,215,0,0,1,0
257,양산시,2020-08-03,28.1,25.8,0107,31.1,1032,,,,,,,9.5,230,1331,5.1,230,1005,3.4,2899,230,24.6,70,1034,81.9,30.9,1010.1,1012.8,2355,1011.3,0237,1011.8,13.9,2.7,1000,3.55,17.9,,,,,,8.3,3.9,29.7,25.1,28.9,28.8,27.9,27.4,,,,,,3.6,5.1,,,,2020,8,32,216,0,0,1,0
257,양산시,2020-08-04,27.6,25.2,0604,31.2,1033,,,,,,,10.3,230,1342,5.7,230,1411,3.0,2590,230,25.1,71,1025,86.8,31.9,1012.7,1016.3,2338,1012.6,0023,1014.4,13.8,4.9,1000,2.7,19.02,,,,,,6.8,2.5,31.8,23.9,29.3,29.2,28.2,27.7,,,,,,3.4,4.9,,,,2020,8,32,217,0,0,1,0
257,양산시,2020-08-05,27.8,25.4,0242,31.2,1251,,,,,,,11.1,230,1326,6.6,230,1134,3.3,2875,230,25.8,74,1340,89.4,33.2,1013.5,1016.4,0809,1013.9,2359,1015.2,13.8,3.7,1200,3.05,18.29,,,,,,7.4,5.0,30.6,23.9,29.8,29.8,28.7,28.1,,,,,,3.5,5.0,,,,2020,8,32,218,0,0,1,0
257,양산시,2020-08-06,27.2,25.7,0512,29.3,1225,3.7,413,5.0,350,,7.0,12.1,250,1047,6.5,250,1103,4.2,3598,230,25.4,77,1104,90.3,32.4,1008.4,1013.9,0001,1008.4,1724,1010.1,13.8,0.0,1000,1.07,5.83,,,,,,9.4,6.3,28.0,25.2,27.5,27.9,28.0,27.8,,,,,,1.6,2.3,,,,2020,8,32,219,0,0,1,1
257,양산시,2020-08-07,26.0,24.0,2019,28.3,1047,17.7,1806,44.8,1742,,53.1,7.9,250,1802,4.6,250,1805,2.4,2061,230,24.9,82,1105,93.9,31.4,1006.9,1010.1,0053,1006.7,1738,1008.6,13.8,0.0,1000,1.32,4.87,,,,,,10.0,4.4,26.8,23.8,26.8,27.0,27.0,26.9,,,,,,0.9,1.3,,,,2020,8,32,220,0,0,1,1
257,양산시,2020-08-08,25.5,24.0,0104,27.0,1216,9.1,409,21.1,322,,95.0,11.1,230,0407,6.0,200,0536,2.6,2266,230,25.1,91,1927,98.3,31.8,1004.5,1008.2,2243,1005.1,1350,1006.2,13.7,0.0,1100,0.51,3.16,,,,,,9.9,4.8,25.7,23.8,25.7,26.0,25.9,26.0,,,,,,0.9,1.2,,,,2020,8,32,221,0,0,1,1
257,양산시,2020-08-09,26.5,24.3,0305,30.8,1210,2.4,2201,3.9,2142,,7.3,11.4,230,1726,6.5,230,1702,3.5,3059,230,24.9,72,1211,91.6,31.4,1006.4,1009.3,2336,1007.2,0348,1008.1,13.7,4.9,1300,3.55,19.5,,,,,,7.3,3.8,29.6,23.7,27.9,27.7,26.8,26.3,,,,,,3.6,5.2,,,,2020,8,32,222,0,0,1,1
257,양산시,2020-08-10,26.6,24.3,0108,31.7,1034,3.6,1650,4.3,1610,,11.6,10.1,230,1821,6.0,200,1828,2.6,2227,230,25.5,68,1034,94.3,32.6,1004.8,1009.3,0022,998.2,1633,1006.5,13.6,1.4,1000,2.07,10.5,,,,,,7.4,6.0,27.9,23.9,27.4,27.5,27.1,26.9,,,,,,1.8,2.6,,,,2020,8,33,223,0,0,1,1
257,양산시,2020-08-11,26.8,25.0,0044,31.8,1154,8.6,12,9.5,1,,11.0,8.1,180,1158,4.9,230,1139,2.6,2272,230,25.3,70,1158,92.4,32.3,1010.6,1014.7,2204,1009.1,0008,1012.3,13.6,3.0,1100,3.08,12.91,,,,,,7.6,4.8,27.5,24.1,27.3,27.6,27.2,26.9,,,,,,2.4,3.5,,,,2020,8,33,224,0,0,1,1
257,양산시,2020-08-12,26.9,25.4,2358,30.1,1645,7.0,1022,20.4,1008,,27.0,7.3,200,1012,4.7,200,1018,2.2,1872,230,25.9,81,1707,94.8,33.4,1012.8,1016.5,1054,1013.3,1650,1014.5,13.6,1.1,1500,2.02,7.82,,,,,,8.1,2.5,28.1,24.3,27.5,27.5,27.1,26.9,,,,,,1.7,2.4,,,,2020,8,33,225,0,0,1,1
257,양산시,2020-08-13,28.7,24.7,0532,33.8,1325,,,,,,,9.2,230,1525,5.6,200,1413,3.0,2581,230,25.4,62,1326,83.6,32.4,1010.3,1014.5,0036,1009.8,1747,1012.0,13.6,8.9,1300,3.37,22.54,,,,,,5.9,2.5,32.3,23.7,29.2,28.9,27.9,27.3,,,,,,4.6,6.5,,,,2020,8,33,226,0,0,1,0
257,양산시,2020-08-14,29.3,27.0,0205,32.9,1318,,,,,,,9.7,200,1419,5.8,200,1000,3.8,3313,200,25.6,67,1225,81.0,32.7,1007.3,1010.4,0044,1007.3,1613,1009.0,13.5,10.5,1200,3.31,25.27,,,,,,5.0,2.0,32.8,25.7,30.0,29.8,28.7,28.1,,,,,,5.2,7.4,,,,2020,8,33,227,0,0,1,0
257,양산시,2020-08-15,29.6,25.9,0439,34.4,1236,,,,,,,7.6,230,1732,4.6,200,1526,2.7,2371,230,25.6,64,1237,80.0,32.8,1008.8,1012.3,2257,1009.0,0140,1010.4,13.5,10.0,1200,3.21,23.55,,,,,,3.9,1.4,34.1,24.5,30.6,30.4,29.3,28.7,,,,,,4.7,6.7,,,,2020,8,33,228,0,0,1,0
257,양산시,2020-08-16,29.2,24.5,0444,35.1,1212,,,,,,,8.2,200,1640,5.2,200,1724,2.4,2039,230,24.9,55,1131,79.5,31.5,1010.5,1013.4,2255,1010.4,1617,1012.2,13.5,11.4,1100,3.38,27.06,,,,,,4.3,0.0,34.2,22.4,31.2,31.1,29.9,29.3,,,,,,5.4,7.8,,,,2020,8,33,229,0,0,1,0
257,양산시,2020-08-17,29.8,25.4,0549,36.4,1417,,,,,,,5.5,270,1428,3.3,230,1553,1.5,1330,200,25.1,45,1524,78.0,31.8,1012.2,1015.0,0850,1012.6,1512,1013.9,13.4,10.7,1100,3.25,25.34,,,,,,3.1,0.5,36.3,23.6,32.2,32.0,30.7,30.0,,,,,,5.0,7.2,,,,2020,8,34,230,0,0,1,0
257,양산시,2020-08-18,29.3,24.3,0350,36.0,1534,,,,,,,6.6,200,1628,4.2,200,1630,1.5,1311,200,24.5,47,1505,77.8,30.7,1011.3,1015.0,0708,1011.0,1633,1013.0,13.4,11.2,1200,3.37,25.61,,,,,,1.4,0.0,35.8,22.5,32.2,32.2,31.1,30.4,,,,,,5.3,7.5,,,,2020,8,34,231,0,0,1,0
257,양산시,2020-08-19,29.4,24.7,0613,36.6,1413,,,,,,,6.8,200,1458,4.7,200,1531,1.8,1560,230,24.7,46,1403,78.0,31.1,1009.5,1012.7,0656,1008.8,1650,1011.1,13.4,11.2,1200,3.37,25.81,,,,,,0.5,0.0,35.2,23.0,32.4,32.4,31.3,30.7,,,,,,5.4,7.8,,,,2020,8,34,232,0,0,1,0
257,양산시,2020-08-20,30.2,25.2,0321,37.8,1315,,,,,,,8.6,140,1638,4.1,140,1557,1.8,1540,200,23.5,40,1244,69.6,29.0,1010.9,1014.6,2319,1010.9,1513,1012.6,13.3,11.1,1200,3.36,25.17,,,,,,0.8,0.0,35.3,22.9,32.7,32.7,31.6,31.0,,,,,,5.4,7.8,,,,2020,8,34,233,0,0,1,0
257,양산시,2020-08-21,27.9,23.4,0614,33.9,1357,,,,,,,7.3,110,2338,3.6,50,0919,2.0,1709,90,23.0,56,1256,75.5,28.1,1013.6,1016.4,0917,1013.7,1532,1015.3,13.3,7.3,1200,3.15,20.51,,,,,,4.1,1.6,32.0,21.9,31.3,31.8,31.3,30.9,,,,,,4.1,5.9,,,,2020,8,34,234,0,0,1,0
257,양산시,2020-08-22,27.5,24.2,0452,32.1,1523,,,,,,,7.3,50,0538,4.0,50,0539,2.4,2058,50,22.5,58,1507,75.1,27.2,1012.0,1016.2,0009,1011.7,1638,1013.7,13.3,5.2,1200,2.57,18.1,,,,,,7.4,3.9,33.8,22.3,30.7,31.0,30.7,30.4,,,,,,3.6,5.2,,,,2020,8,34,235,0,0,1,0
257,양산시,2020-08-23,27.7,24.1,0401,33.2,1244,,,,,,,7.4,200,1600,4.1,200,1552,1.7,1431,200,22.9,56,1246,76.1,27.9,1007.7,1012.2,0005,1007.3,1525,1009.4,13.2,7.5,1200,3.46,21.13,,,,,,7.3,5.1,32.7,22.5,31.5,31.6,30.8,30.3,,,,,,4.3,6.2,,,,2020,8,34,236,0,0,1,0
257,양산시,2020-08-24,28.2,23.3,0507,34.5,1558,,,,,,,6.8,230,1715,3.8,230,1710,1.3,1119,230,22.8,47,1451,74.8,27.8,1005.4,1009.0,0001,1005.0,1528,1007.1,13.2,10.8,1100,3.21,24.29,,,,,,3.8,1.1,35.5,21.6,32.1,32.2,31.2,30.6,,,,,,4.8,6.9,,,,2020,8,35,237,0,0,1,0
257,양산시,2020-08-25,29.8,23.7,0553,36.2,1408,,,,,,,9.3,140,1832,4.7,140,1843,1.7,1434,140,24.0,47,1415,73.0,29.9,1004.9,1007.9,2318,1005.5,1527,1006.6,13.2,10.5,1200,3.27,24.0,,,,,,3.6,1.3,36.7,21.6,32.8,32.7,31.6,31.0,,,,,,5.4,7.7,,,,2020,8,35,238,0,0,1,0
257,양산시,2020-08-26,29.8,28.3,0603,32.9,1235,0.0,,0.0,,,0.0,12.2,160,2234,5.4,140,1213,3.0,2615,140,25.0,64,1241,76.1,31.8,1003.7,1007.2,0001,1003.7,1653,1005.4,13.1,2.6,1200,2.78,15.38,,,,,,8.5,5.4,34.6,25.8,32.6,32.6,31.9,31.4,,,,,,3.6,5.1,,,,2020,8,35,239,0,0,1,0
257,양산시,2020-08-27,26.5,24.1,0748,29.3,0128,3.6,538,7.5,515,,23.3,12.0,200,0403,6.6,230,0410,1.9,1660,230,25.4,74,0052,94.4,32.5,1005.1,1009.1,2157,1003.4,0232,1006.8,13.1,0.1,1400,0.78,4.63,,,,,,9.1,5.5,28.1,23.7,28.6,29.3,30.0,30.2,,,,,,1.1,1.5,,,,2020,8,35,240,0,0,1,1
257,양산시,2020-08-28,27.3,25.2,0614,31.7,1330,5.7,530,11.1,451,,18.5,6.2,250,1852,3.7,230,1900,1.3,1099,230,25.3,70,1340,89.5,32.3,1007.8,1011.4,2315,1008.0,1621,1009.5,13.1,2.4,1200,3.14,13.8,,,,,,8.8,5.3,28.7,0.0,29.3,29.6,29.3,29.2,,,,,,2.6,3.8,,,,2020,8,35,241,0,0,1,1
257,양산시,2020-08-29,28.0,24.6,0540,32.9,1515,1.6,1143,1.6,1138,,1.6,8.7,270,1139,5.0,250,1144,2.1,1790,230,25.4,65,1458,86.9,32.5,1009.5,1012.4,2135,1010.1,1444,1011.2,13.0,6.9,1400,2.85,20.71,,,,,,6.3,2.0,32.6,24.0,30.1,30.1,29.5,29.3,,,,,,4.1,5.9,,,,2020,8,35,242,0,0,1,1
257,양산시,2020-08-30,27.5,24.9,0523,34.9,1335,5.4,1439,11.3,1432,,15.0,11.9,50,1426,6.4,70,1434,1.8,1584,70,24.8,56,1105,86.8,31.3,1010.6,1014.2,2154,1010.6,1355,1012.2,13.0,6.7,1300,3.31,18.92,,,,,,6.3,2.8,28.1,23.9,28.9,29.8,29.7,29.4,,,,,,3.8,5.4,,,,2020,8,35,243,0,0,1,1
257,양산시,2020-08-31,25.9,24.3,2338,28.3,1531,0.0,,0.0,,,0.0,10.4,50,1006,5.0,50,0821,3.1,2640,70,22.0,71,1528,79.8,26.5,1012.1,1014.5,1021,1012.6,1528,1013.8,12.9,0.3,1400,1.15,8.25,,,,,,6.6,4.9,27.2,23.4,27.0,27.7,28.3,28.5,,,,,,2.1,3.0,,,,2020,8,36,244,0,0,1,0
257,양산시,2020-09-01,26.1,23.5,0556,29.9,1125,,,,,,,9.2,50,0318,4.7,70,0313,3.1,2665,50,22.6,69,1127,81.5,27.5,1008.7,1013.8,0005,1008.7,1617,1010.4,12.9,0.7,1100,2.43,9.46,,,,,,6.8,4.1,26.0,22.4,26.1,26.7,27.1,27.3,,,,,,2.1,3.0,,,,2020,9,36,245,0,0,1,0
257,양산시,2020-09-02,27.2,24.8,0638,30.7,1227,7.5,2342,18.7,624,,62.4,21.7,70,2103,8.6,50,2331,3.9,3399,70,24.4,69,1220,85.6,30.6,997.6,1009.0,0002,981.2,2357,999.2,12.9,0.4,1100,1.86,8.93,,,,,,9.9,4.9,26.8,24.0,26.7,27.2,27.2,27.2,,,,,,2.8,3.9,,,,2020,9,36,246,0,0,1,1
257,양산시,2020-09-03,26.7,23.1,2353,31.0,1448,12.7,159,56.1,124,,133.0,24.0,110,0151,12.4,200,0305,5.6,4840,230,21.4,46,1510,74.1,25.6,995.6,1011.8,2344,959.2,0240,997.2,12.8,5.8,1200,2.99,17.84,,,,,,4.9,3.4,28.7,20.2,26.8,27.0,26.7,26.6,,,,,,4.2,6.0,,,,2020,9,36,247,0,0,1,1
257,양산시,2020-09-04,23.7,18.0,0544,29.8,1453,,,,,,,5.2,230,1746,3.1,230,1424,1.7,1458,230,18.9,51,1329,76.9,21.9,1012.9,1015.8,2338,1011.8,0001,1014.6,12.8,10.8,1200,3.19,23.54,,,,,,1.4,0.0,26.6,15.1,25.8,26.2,26.2,26.3,,,,,,4.2,6.0,,,,2020,9,36,248,0,0,1,0
257,양산시,2020-09-05,19.5,17.9,2001,21.2,0506,2.1,1704,5.0,2212,,30.9,9.7,50,1621,5.1,50,2114,2.2,1861,50,18.7,82,0506,95.5,21.6,1013.6,1017.3,1025,1013.9,2357,1015.3,12.8,0.0,1200,0.64,2.8,,,,,,9.6,2.9,20.9,17.1,22.3,23.4,24.8,25.4,,,,,,0.8,1.2,,,,2020,9,36,249,0,0,0,1
257,양산시,2020-09-06,20.6,18.8,0002,21.6,1002,1.4,2130,3.0,2037,,6.4,16.2,70,2349,8.1,50,1909,4.6,3937,70,18.8,84,0728,89.8,21.7,1004.5,1014.0,0006,996.5,2355,1006.2,12.7,0.0,0800,0.74,4.58,,,,,,9.6,8.1,21.3,18.0,21.5,22.2,23.0,23.5,,,,,,1.1,1.5,,,,2020,9,36,250,0,0,0,1
257,양산시,2020-09-07,22.4,19.6,0136,25.4,0915,10.9,757,53.4,708,,195.5,23.5,50,0808,10.7,70,0753,6.2,5315,230,20.2,74,2138,88.1,23.8,988.6,1006.9,2359,961.6,0839,990.3,12.7,0.6,1600,0.53,4.0,,,,,,7.9,5.0,22.1,18.9,21.7,21.9,22.1,22.5,,,,,,1.8,2.6,,,,2020,9,37,251,0,0,1,1
257,양산시,2020-09-08,24.9,21.5,0226,29.2,1408,,,,,,,12.2,230,1349,6.2,230,1351,3.8,3265,230,21.2,58,1312,80.9,25.1,1011.0,1015.2,2048,1006.9,0001,1012.7,12.7,9.4,1100,3.06,21.89,,,,,,5.5,1.9,25.9,19.0,24.3,24.1,23.3,23.1,,,,,,4.0,5.7,,,,2020,9,37,252,0,0,1,0
257,양산시,2020-09-09,23.8,20.5,0628,28.7,1349,0.0,,0.0,,,0.0,11.1,320,0907,6.0,320,0911,2.2,1939,230,20.8,56,1409,84.5,24.5,1010.3,1014.8,0025,1009.4,1535,1012.0,12.6,5.3,1100,2.9,16.54,,,,,,5.1,1.0,26.5,18.5,25.0,25.0,24.4,24.2,,,,,,3.2,4.5,,,,2020,9,37,253,0,0,1,0
257,양산시,2020-09-10,24.1,20.3,0137,28.8,1329,,,,,,,5.6,250,1424,3.4,230,1421,1.5,1297,250,20.4,59,1355,81.1,24.0,1008.7,1012.5,2339,1009.3,1528,1010.4,12.6,5.6,1000,2.48,15.54,,,,,,8.1,4.4,25.6,17.9,25.1,25.1,24.7,24.5,,,,,,2.9,4.1,,,,2020,9,37,254,0,0,1,0
257,양산시,2020-09-11,22.9,19.7,2353,28.1,1352,8.5,1536,12.4,1523,,14.0,9.7,140,1522,4.9,110,1532,2.9,2495,70,20.0,65,1355,84.3,23.4,1012.6,1016.1,2227,1012.3,0256,1014.3,12.6,0.6,1300,1.93,8.1,,,,,,10.0,3.3,24.1,19.3,24.1,24.5,24.5,24.5,,,,,,1.9,2.7,,,,2020,9,37,255,0,0,1,1
257,양산시,2020-09-12,21.7,19.3,0304,25.7,1212,0.7,105,1.5,15,,2.2,13.0,50,1637,6.4,50,1638,4.2,3669,70,17.9,69,1212,79.8,20.6,1012.7,1016.7,2023,1012.7,0451,1014.4,12.5,4.0,1100,3.09,16.41,,,,,,8.1,4.1,23.0,18.5,23.0,23.5,23.8,23.9,,,,,,3.3,4.8,,,,2020,9,37,256,0,0,1,1
257,양산시,2020-09-13,21.0,19.0,2351,25.3,1223,,,,,,,10.2,50,0047,5.3,50,0004,1.9,1654,70,17.2,59,1218,79.4,19.6,1014.9,1017.6,2235,1015.7,1414,1016.6,12.5,1.0,1100,2.21,10.84,,,,,,8.0,6.1,22.2,17.1,22.5,23.0,23.4,23.6,,,,,,2.0,2.9,,,,2020,9,37,257,0,0,1,0
257,양산시,2020-09-14,22.3,17.9,0322,28.5,1333,,,,,,,6.4,200,1513,4.2,230,1518,1.5,1287,230,18.8,54,1328,82.1,21.7,1013.6,1017.0,0033,1013.1,1551,1015.3,12.4,6.6,1200,3.15,19.51,,,,,,5.8,2.6,24.7,15.7,24.5,24.6,24.1,23.8,,,,,,3.6,5.2,,,,2020,9,38,258,0,0,1,0
257,양산시,2020-09-15,23.2,18.9,0551,29.4,1248,,,,,,,7.9,160,1612,4.0,140,1528,1.7,1469,140,18.7,50,1110,77.4,21.5,1012.6,1015.8,0935,1013.0,1511,1014.3,12.4,5.7,1200,3.3,16.74,,,,,,7.1,2.0,23.5,17.3,23.8,24.2,24.3,24.2,,,,,,3.3,4.7,,,,2020,9,38,259,0,0,1,0
257,양산시,2020-09-16,21.8,20.5,1212,23.2,1600,0.6,1209,1.3,1132,,1.3,6.9,50,0956,3.9,50,1005,1.6,1349,50,20.1,73,0837,90.4,23.6,1009.7,1013.8,0001,1009.4,1821,1011.4,12.4,0.0,0900,0.79,4.46,,,,,,7.6,5.4,22.9,19.6,23.1,23.5,23.8,23.9,,,,,,0.9,1.2,,,,2020,9,38,260,0,0,0,1
257,양산시,2020-09-17,21.0,18.1,2339,24.0,1155,0.4,1355,1.2,1344,,5.4,3.6,140,1426,2.4,140,1423,1.2,1035,200,19.9,84,1233,93.8,23.3,1009.9,1013.1,1031,1009.9,0110,1011.6,12.3,0.0,1100,0.87,4.46,,,,,,9.8,3.1,22.6,17.7,23.0,23.4,23.6,23.7,,,,,,0.8,1.2,,,,2020,9,38,261,0,0,0,1
257,양산시,2020-09-18,19.7,16.3,2359,24.2,1521,0.2,,0.4,647,,0.9,5.2,250,1514,3.2,270,1447,1.4,1173,230,17.1,61,1441,87.0,19.6,1013.4,1017.5,2356,1012.0,0008,1015.1,12.3,0.7,1400,1.51,9.6,,,,,,8.3,2.6,22.5,13.2,22.4,22.7,23.0,23.2,,,,,,1.9,2.7,,,,2020,9,38,262,0,0,0,1
257,양산시,2020-09-19,20.4,13.6,0624,27.5,1405,,,,,,,6.1,230,1653,3.5,200,1655,1.4,1225,200,14.9,36,1301,75.1,17.0,1015.7,1019.2,0718,1015.6,1536,1017.4,12.3,8.0,1100,2.9,19.56,,,,,,3.1,0.0,21.3,10.4,21.8,22.1,22.4,22.6,,,,,,3.6,5.1,,,,2020,9,38,263,0,0,1,0
257,양산시,2020-09-20,20.1,13.8,0404,27.8,1501,,,,,,,10.7,50,1208,4.8,50,1212,1.9,1612,200,12.8,32,1224,68.1,14.9,1015.8,1019.5,2355,1015.8,1515,1017.6,12.2,10.0,1200,3.14,22.17,,,,,,0.1,0.0,21.1,10.5,21.5,22.0,22.3,22.5,,,,,,4.4,6.4,,,,2020,9,38,264,0,0,1,0
257,양산시,2020-09-21,19.2,12.1,0610,25.8,1421,,,,,,,9.1,110,1747,4.2,110,1726,1.8,1541,70,12.9,39,1203,70.4,14.9,1017.3,1020.4,2307,1017.2,1454,1019.1,12.2,8.7,1200,2.46,18.29,,,,,,4.3,0.8,19.9,8.4,20.5,21.1,21.7,22.0,,,,,,3.6,5.2,,,,2020,9,39,265,0,0,1,0
257,양산시,2020-09-22,19.8,17.6,0436,23.7,1500,,,,,,,11.3,110,1529,5.4,70,1420,3.1,2694,70,13.8,49,1508,69.5,15.8,1017.0,1020.1,0001,1017.2,1518,1018.7,12.2,4.9,1400,2.19,13.7,,,,,,6.0,1.8,20.9,15.0,20.8,21.1,21.5,21.8,,,,,,3.1,4.4,,,,2020,9,39,266,0,0,0,0
257,양산시,2020-09-23,20.2,18.2,0001,23.4,1213,,,,,,,11.0,20,1326,5.5,50,1652,3.4,2954,70,15.6,64,1214,75.4,17.8,1015.5,1018.0,0905,1016.0,1459,1017.2,12.1,0.5,1200,1.26,8.43,,,,,,9.3,6.8,20.6,16.1,20.5,20.9,21.2,21.5,,,,,,2.2,3.2,,,,2020,9,39,267,0,0,0,0
257,양산시,2020-09-24,21.3,19.0,0433,26.0,1405,,,,,,,12.0,50,2145,6.0,50,1820,4.0,3430,70,15.8,57,1406,71.1,17.9,1012.5,1017.0,0001,1012.1,2358,1014.2,12.1,2.7,1100,1.87,12.8,,,,,,7.8,6.1,22.4,17.7,21.7,21.8,21.7,21.7,,,,,,2.9,4.1,,,,2020,9,39,268,0,0,1,0
257,양산시,2020-09-25,20.9,17.2,0535,25.4,1512,,,,,,,13.6,50,1318,6.0,50,0935,3.1,2674,70,15.5,56,1450,72.0,17.7,1010.2,1014.3,2124,1010.6,0439,1011.9,12.0,4.7,1400,2.21,13.89,,,,,,4.5,1.6,22.2,14.2,21.5,21.7,21.8,21.9,,,,,,3.2,4.6,,,,2020,9,39,269,0,0,1,0
257,양산시,2020-09-26,20.9,16.9,0357,25.6,1219,,,,,,,11.3,70,1228,5.5,70,1422,3.3,2850,70,13.6,45,1531,64.5,15.6,1014.0,1017.9,2306,1013.6,0034,1015.7,12.0,9.0,1200,3.08,20.12,,,,,,5.5,1.8,22.7,13.3,22.0,22.3,22.0,21.9,,,,,,4.2,6.0,,,,2020,9,39,270,0,0,1,0
257,양산시,2020-09-27,19.9,16.7,2326,24.9,1215,0.0,,0.0,,,0.0,11.6,70,0126,5.2,70,0903,2.9,2541,70,14.5,51,1443,72.6,16.5,1017.4,1020.4,2034,1017.7,0001,1019.1,12.0,5.5,1400,2.26,14.95,,,,,,5.1,2.6,22.2,13.4,21.6,22.1,22.1,22.1,,,,,,3.1,4.4,,,,2020,9,39,271,0,0,0,0
257,양산시,2020-09-28,19.5,14.5,0430,25.5,1404,,,,,,,7.9,110,1305,4.2,110,1506,2.4,2079,50,13.2,43,1405,69.5,15.2,1016.0,1020.3,0055,1015.8,1627,1017.8,11.9,8.6,1200,2.95,19.76,,,,,,2.8,0.5,21.8,11.1,21.5,22.0,21.9,21.9,,,,,,3.7,5.3,,,,2020,9,40,272,0,0,1,0
257,양산시,2020-09-29,19.0,12.5,0606,26.9,1339,,,,,,,6.0,110,1220,3.5,70,2042,1.3,1134,50,12.9,37,1237,71.8,14.9,1010.5,1016.2,0001,1009.0,1546,1012.2,11.9,8.5,1200,2.88,18.77,,,,,,3.9,0.0,20.9,8.3,21.0,21.7,21.7,21.8,,,,,,3.4,4.8,,,,2020,9,40,273,0,0,1,0
257,양산시,2020-09-30,19.9,14.2,0408,27.0,1345,,,,,,,8.4,110,1751,4.2,90,1756,2.0,1759,50,13.9,39,1334,70.9,15.9,1009.6,1013.7,2400,1009.4,1420,1011.3,11.9,7.5,1200,3.0,18.35,,,,,,4.0,1.4,22.7,11.0,22.0,22.3,22.0,21.9,,,,,,3.6,5.1,,,,2020,9,40,274,0,0,1,0
257,양산시,2020-10-01,19.3,13.3,0609,26.4,1354,,,,,,,7.9,160,1548,3.8,140,1708,1.7,1484,50,14.9,49,1355,77.6,17.0,1013.5,1017.1,2221,1013.5,0117,1015.3,11.8,7.9,1200,3.0,17.57,,,,,,3.5,1.6,21.2,9.8,21.6,22.2,22.0,22.0,,,,,,3.2,4.5,,,,2020,10,40,275,0,0,1,0
257,양산시,2020-10-02,19.9,13.7,0610,26.1,1403,,,,,,,6.6,230,1428,4.0,230,1430,1.4,1225,200,15.8,50,1225,79.3,18.0,1014.8,1018.1,0819,1014.7,1446,1016.5,11.8,8.6,1200,2.83,18.12,,,,,,3.4,1.9,22.1,10.1,21.8,22.2,22.0,22.0,,,,,,3.1,4.4,,,,2020,10,40,276,0,0,1,0
257,양산시,2020-10-03,22.0,18.6,0128,28.1,1425,,,,,,,6.1,250,1650,3.5,250,1718,1.3,1107,200,17.6,48,1421,77.9,20.1,1014.1,1018.0,1016,1013.7,1503,1015.8,11.8,4.6,1300,2.41,14.04,,,,,,8.4,3.0,24.9,17.1,23.7,23.7,22.9,22.6,,,,,,2.6,3.7,,,,2020,10,40,277,0,0,1,0
257,양산시,2020-10-04,21.5,18.4,2328,26.8,1421,0.1,,0.1,,,0.1,6.9,340,1652,3.6,320,1814,1.9,1642,200,16.7,54,1403,75.4,19.1,1010.4,1015.3,0057,1009.1,1434,1012.1,11.7,1.5,1000,2.56,9.85,,,,,,9.1,4.0,23.4,16.3,23.1,23.4,23.2,23.0,,,,,,2.8,4.1,,,,2020,10,40,278,0,0,1,1
257,양산시,2020-10-05,16.8,12.2,2311,22.4,1537,,,,,,,11.5,20,1050,6.2,20,1047,2.4,2115,50,4.6,27,1237,46.8,8.6,1015.2,1020.3,2350,1012.6,0002,1017.0,11.7,9.6,1200,2.98,20.48,,,,,,2.9,0.4,20.7,7.8,20.9,21.8,22.2,22.3,,,,,,4.3,6.2,,,,2020,10,41,279,0,0,0,0
257,양산시,2020-10-06,16.7,9.4,0614,24.6,1507,,,,,,,7.8,50,2332,4.2,110,1556,1.7,1479,90,8.5,35,1156,61.0,11.2,1020.1,1025.1,2228,1019.6,1432,1021.9,11.6,8.6,1200,2.9,19.12,,,,,,2.9,0.9,20.4,5.2,20.1,20.7,21.0,21.3,,,,,,3.9,5.6,,,,2020,10,41,280,0,0,0,0
257,양산시,2020-10-07,19.0,15.1,0431,23.7,1311,,,,,,,12.7,110,1215,5.0,70,2200,3.2,2738,70,10.8,33,1431,60.6,13.0,1023.3,1026.6,0913,1023.4,1517,1025.1,11.6,8.7,1200,2.88,18.96,,,,,,6.3,3.5,22.1,13.1,21.2,21.6,21.4,21.4,,,,,,4.3,6.1,,,,2020,10,41,281,0,0,0,0
257,양산시,2020-10-08,19.0,17.2,0605,23.0,1056,,,,,,,15.1,110,1409,5.9,70,1041,3.9,3347,70,9.9,41,1106,56.3,12.2,1023.5,1027.0,1040,1023.8,2344,1025.3,11.6,6.0,1100,2.82,16.89,,,,,,4.1,3.1,21.2,14.5,21.1,21.8,21.8,21.8,,,,,,4.6,6.5,,,,2020,10,41,282,0,0,0,0
257,양산시,2020-10-09,19.4,17.5,0019,23.0,1120,,,,,,,17.6,70,0854,6.5,50,1546,3.9,3369,70,10.5,45,1122,57.1,12.7,1020.3,1024.8,0115,1020.0,2340,1022.0,11.5,4.1,1000,2.42,14.03,,,,,,6.6,5.3,20.8,15.5,20.5,21.1,21.3,21.5,,,,,,3.7,5.3,,,,2020,10,41,283,0,0,0,0
257,양산시,2020-10-10,18.3,15.6,2356,21.1,1632,,,,,,,12.5,50,0347,6.2,50,1416,3.7,3173,70,12.0,58,1550,67.0,14.0,1017.7,1020.3,0718,1017.7,1632,1019.5,11.5,0.3,1300,1.19,7.11,,,,,,7.3,5.0,20.7,12.7,20.3,20.9,21.2,21.4,,,,,,1.9,2.7,,,,2020,10,41,284,0,0,0,0
257,양산시,2020-10-11,17.0,13.3,2358,22.2,1528,,,,,,,7.2,20,0957,3.8,50,0958,1.6,1369,50,12.2,54,1258,74.6,14.2,1015.3,1019.9,0001,1014.9,1601,1017.1,11.5,0.9,1100,1.64,8.75,,,,,,7.8,4.1,19.2,9.8,19.2,19.9,20.4,20.7,,,,,,1.7,2.4,,,,2020,10,41,285,0,0,0,0
257,양산시,2020-10-12,17.5,12.3,0253,26.1,1454,,,,,,,8.3,90,1455,4.2,320,1539,1.6,1419,200,12.1,34,1455,74.8,14.2,1013.7,1017.1,2351,1012.9,1406,1015.4,11.4,7.6,1200,2.58,16.19,,,,,,5.1,1.6,20.4,8.4,20.0,20.4,20.3,20.4,,,,,,3.1,4.4,,,,2020,10,42,286,0,0,1,0
257,양산시,2020-10-13,16.6,11.5,0517,24.3,1500,,,,,,,6.4,200,1338,3.4,320,1442,1.3,1114,90,7.9,23,1527,61.9,10.8,1018.2,1023.4,2310,1017.0,0042,1020.0,11.4,8.0,1200,2.78,17.44,,,,,,3.5,0.3,19.9,6.7,19.6,20.2,20.3,20.4,,,,,,3.4,4.9,,,,2020,10,42,287,0,0,0,0
257,양산시,2020-10-14,15.2,9.1,0540,22.7,1521,,,,,,,5.7,320,1721,3.4,360,1726,1.2,1035,110,6.5,29,1351,59.3,9.7,1022.7,1026.2,0913,1022.1,1544,1024.5,11.4,5.9,1200,2.49,13.35,,,,,,4.5,3.0,18.6,4.5,18.4,19.1,19.5,19.9,,,,,,3.0,4.3,,,,2020,10,42,288,0,0,0,0
257,양산시,2020-10-15,15.9,9.6,0206,22.9,1427,,,,,,,6.6,70,1036,3.9,50,1212,1.7,1437,70,8.0,38,0929,61.8,10.8,1022.9,1026.4,0743,1022.7,1344,1024.7,11.3,8.3,1200,2.73,16.73,,,,,,6.1,3.8,18.6,5.9,18.4,19.0,19.2,19.4,,,,,,3.2,4.6,,,,2020,10,42,289,0,0,0,0
257,양산시,2020-10-16,15.8,11.6,0507,19.9,1138,,,,,,,6.0,50,0836,3.5,50,0938,1.4,1249,50,11.8,61,1139,77.9,13.8,1022.0,1025.3,0807,1021.8,1648,1023.8,11.3,0.0,1100,1.01,5.54,,,,,,8.3,4.9,17.5,7.7,17.7,18.4,19.0,19.4,,,,,,1.3,1.8,,,,2020,10,42,290,0,0,0,0
257,양산시,2020-10-17,15.8,9.9,0641,22.7,1408,,,,,,,6.4,270,1323,3.1,320,1332,1.4,1227,70,9.5,37,1228,69.5,11.9,1021.5,1024.8,2149,1021.1,1503,1023.2,11.2,8.9,1200,2.56,16.74,,,,,,2.0,1.0,18.7,5.3,18.4,19.0,18.9,19.1,,,,,,3.0,4.3,,,,2020,10,42,291,0,0,0,0
257,양산시,2020-10-18,15.5,9.3,0625,23.1,1452,,,,,,,5.0,250,1118,2.9,270,1501,1.0,867,230,7.8,24,1602,66.9,10.8,1022.1,1025.8,0909,1021.3,1515,1023.9,11.2,9.2,1200,2.72,17.15,,,,,,4.1,0.0,18.1,4.6,18.0,18.6,18.9,19.1,,,,,,3.3,4.8,,,,2020,10,42,292,0,0,0,0
257,양산시,2020-10-19,15.5,8.4,0632,23.1,1356,,,,,,,7.9,110,1704,3.9,110,1738,1.5,1276,90,8.2,30,1149,66.3,11.0,1023.4,1027.5,2310,1023.1,1444,1025.2,11.2,8.3,1000,2.37,15.27,,,,,,4.1,0.3,17.5,3.1,17.7,18.3,18.6,18.9,,,,,,2.9,4.2,,,,2020,10,43,293,0,0,0,0
257,양산시,2020-10-20,15.9,9.2,0602,23.7,1201,,,,,,,9.6,110,1701,4.4,110,1750,1.7,1474,110,10.0,37,1202,71.9,12.3,1024.9,1029.0,0820,1024.7,2352,1026.7,11.2,9.0,1200,2.53,15.81,,,,,,0.5,0.1,17.1,4.3,17.5,18.2,18.4,18.7,,,,,,3.0,4.3,,,,2020,10,43,294,0,0,0,0
257,양산시,2020-10-21,15.8,11.8,0620,21.1,1242,0.8,2136,4.2,2131,,10.7,3.7,20,0006,2.7,70,0011,1.0,836,200,12.6,58,1228,83.3,14.7,1018.7,1025.5,0030,1016.9,2354,1020.5,11.1,0.3,1100,1.38,6.27,,,,,,9.3,4.1,16.8,8.3,17.3,17.9,18.4,18.7,,,,,,1.1,1.5,,,,2020,10,43,295,0,0,0,1
257,양산시,2020-10-22,15.9,14.5,0246,19.5,1513,1.7,49,6.7,49,,16.7,8.6,320,2349,4.1,290,2350,1.2,1005,290,12.2,41,2351,81.1,14.5,1011.1,1016.8,0001,1010.4,1631,1012.8,11.1,0.0,1400,0.76,4.46,,,,,,8.9,3.1,16.9,12.3,17.3,17.8,18.1,18.5,,,,,,1.5,2.2,,,,2020,10,43,296,0,0,0,1
257,양산시,2020-10-23,12.6,8.6,2104,18.8,1522,,,,,,,10.2,290,1119,4.8,290,1423,2.4,2096,290,1.4,22,1525,48.1,6.8,1011.9,1015.3,2358,1010.5,1425,1012.7,11.0,9.6,1100,2.68,17.62,,,,,,0.9,0.0,11.9,4.3,14.6,15.6,16.6,17.2,,,,,,3.6,5.1,,,,2020,10,43,297,0,0,0,0
257,양산시,2020-10-24,12.3,7.3,0600,18.5,1514,,,,,,,9.5,110,1123,5.0,320,1040,2.4,2097,270,0.1,25,1601,44.4,6.2,1016.2,1019.3,2331,1015.0,1420,1017.0,11.0,9.6,1100,2.64,17.16,,,,,,0.0,0.0,10.4,3.5,13.1,13.9,14.9,15.8,,,,,,3.7,5.3,,,,2020,10,43,298,0,0,0,0
257,양산시,2020-10-25,14.4,9.1,0625,21.7,1430,,,,,,,6.2,200,0334,4.4,250,0441,2.0,1696,200,5.1,30,1419,56.4,8.9,1017.9,1020.5,0945,1016.7,1714,1018.6,11.0,8.7,1100,2.65,16.77,,,,,,2.3,0.9,12.4,4.8,14.0,14.5,14.7,15.3,,,,,,3.1,4.4,,,,2020,10,43,299,0,0,0,0
257,양산시,2020-10-26,13.2,6.2,0635,22.3,1432,,,,,,,6.6,230,1547,4.2,230,1548,0.9,820,90,6.5,32,1401,68.5,9.7,1018.5,1021.1,0836,1017.0,1416,1019.3,10.9,9.1,1100,2.49,15.8,,,,,,1.6,0.0,12.7,1.7,14.2,14.8,15.1,15.5,,,,,,2.8,4.0,,,,2020,10,44,300,0,0,0,0
257,양산시,2020-10-27,13.8,7.4,0616,22.5,1448,,,,,,,3.7,250,1415,2.5,230,1015,0.9,767,230,8.1,35,1344,72.8,10.8,1019.7,1022.2,0834,1018.7,1427,1020.5,10.9,9.0,1200,2.34,14.26,,,,,,2.8,1.0,13.2,3.0,14.3,14.9,15.1,15.5,,,,,,2.5,3.6,,,,2020,10,44,301,0,0,0,0
257,양산시,2020-10-28,15.0,9.8,2347,22.5,1407,,,,,,,5.5,270,1510,3.3,230,1437,1.4,1187,230,9.4,39,1506,71.8,11.8,1020.2,1022.3,0936,1018.8,1358,1020.9,10.9,3.9,1300,1.99,9.37,,,,,,4.8,2.9,14.7,5.5,15.4,15.8,15.8,16.0,,,,,,2.0,2.8,,,,2020,10,44,302,0,0,0,0
257,양산시,2020-10-29,13.7,5.7,0554,21.4,1450,,,,,,,6.6,110,1716,3.5,140,1709,1.4,1182,70,6.5,37,1421,64.6,9.8,1021.6,1024.3,0912,1019.9,1433,1022.3,10.8,8.5,1100,2.36,14.45,,,,,,2.8,1.3,13.1,0.3,14.2,14.8,15.1,15.5,,,,,,2.7,3.9,,,,2020,10,44,303,0,0,0,0
257,양산시,2020-10-30,14.1,7.8,0634,20.6,1303,,,,,,,10.9,110,1530,5.4,50,1019,2.4,2062,70,7.5,42,1304,66.6,10.4,1024.0,1027.6,2253,1022.3,0001,1024.8,10.8,8.2,1100,2.37,13.95,,,,,,3.1,1.0,13.1,3.6,14.2,14.8,15.1,15.5,,,,,,2.6,3.7,,,,2020,10,44,304,0,0,0,0
257,양산시,2020-10-31,13.3,7.0,0634,20.2,1441,,,,,,,5.5,70,0427,3.0,290,1353,1.3,1085,50,7.3,41,1444,70.0,10.2,1024.7,1028.4,0812,1022.5,1637,1025.5,10.8,8.4,1100,2.4,14.61,,,,,,0.7,0.0,12.9,2.4,14.1,14.7,14.9,15.2,,,,,,2.4,3.4,,,,2020,10,44,305,0,0,0,0
257,양산시,2020-11-01,13.6,8.7,0121,17.1,1336,,,,,,0.6,3.6,270,1604,2.5,200,0920,1.0,868,230,10.2,60,1619,81.1,12.5,1020.4,1024.1,0151,1019.2,2150,1021.2,10.7,0.0,1300,0.93,4.07,,,,,,9.9,8.8,13.6,4.4,14.0,14.4,14.8,15.2,,,,,,0.8,1.1,,,,2020,11,44,306,0,0,0,1
257,양산시,2020-11-02,13.0,6.4,2400,18.9,1507,,,,,,3.0,4.6,320,1550,2.8,320,1312,1.2,1025,160,8.2,36,1604,76.1,11.1,1018.8,1021.0,0937,1017.7,1543,1019.6,10.7,2.1,1300,1.13,7.36,,,,,,7.3,1.5,13.9,2.1,14.7,15.2,15.3,15.5,,,,,,1.5,2.1,,,,2020,11,45,307,0,0,0,1
257,양산시,2020-11-03,8.5,3.8,0414,13.0,1324,,,,,,,11.5,270,1546,6.2,290,1307,2.5,2146,320,-1.7,24,1213,53.3,5.6,1018.7,1022.5,2309,1017.5,1411,1019.5,10.7,8.8,1200,2.52,15.56,,,,,,0.0,0.0,8.1,-0.5,10.9,12.1,13.3,14.2,,,,,,3.2,4.6,,,,2020,11,45,308,0,0,0,0
257,양산시,2020-11-04,7.0,1.7,0403,15.5,1417,,,,,,,8.1,320,1201,4.8,320,1144,1.7,1441,180,-4.2,18,1324,49.5,4.6,1023.4,1026.1,2348,1021.9,1306,1024.2,10.6,8.7,1200,2.52,15.76,,,,,,0.0,0.0,6.7,-3.1,9.3,10.4,11.6,12.6,,,,,,2.9,4.1,,,,2020,11,45,309,0,0,0,0
257,양산시,2020-11-05,9.6,-0.1,0555,17.6,1443,,,,,,,4.9,250,1324,3.0,200,0239,1.2,1011,230,-0.9,25,1430,50.9,5.8,1026.2,1029.0,0920,1025.5,1644,1027.0,10.6,7.1,1100,2.28,13.95,,,,,,5.9,3.5,8.5,-4.5,9.9,10.4,10.9,11.8,,,,,,2.5,3.5,,,,2020,11,45,310,0,0,0,0
257,양산시,2020-11-06,14.2,9.1,0704,18.4,1500,,,,,,,3.5,230,0241,2.5,200,1031,1.2,1017,200,7.0,45,1055,62.9,10.1,1021.4,1026.9,0006,1019.2,2345,1022.2,10.6,0.0,1000,0.92,5.77,,,,,,9.6,8.3,13.5,6.4,12.9,12.9,12.7,12.9,,,,,,1.5,2.1,,,,2020,11,45,311,0,0,0,0
257,양산시,2020-11-07,16.6,12.2,2337,22.6,1455,,,,,,,6.8,290,2200,4.0,200,1651,2.2,1877,200,8.8,36,2022,62.0,11.6,1016.5,1019.2,0001,1014.4,1514,1017.2,10.6,4.4,1300,1.91,10.08,,,,,,5.3,4.0,15.0,7.0,15.4,15.4,14.5,14.3,,,,,,2.2,3.1,,,,2020,11,45,312,0,0,0,0
257,양산시,2020-11-08,12.4,4.9,0627,19.9,1512,,,,,,,8.9,50,2113,5.2,50,2332,2.0,1724,50,-1.3,11,2117,45.3,6.0,1019.3,1022.8,2348,1017.4,1446,1020.1,10.5,8.6,1200,2.24,13.74,,,,,,0.0,0.0,10.8,0.4,12.5,13.4,13.7,14.1,,,,,,3.9,5.6,,,,2020,11,45,313,0,0,0,0
257,양산시,2020-11-09,9.2,4.0,0533,14.9,1436,,,,,,,13.8,50,0007,6.3,340,1215,2.4,2056,320,-7.2,16,0957,32.9,3.6,1023.3,1026.0,2236,1022.2,1513,1024.1,10.5,8.6,1200,2.41,15.01,,,,,,0.0,0.0,8.0,-1.7,10.3,11.4,12.2,13.0,,,,,,3.4,4.9,,,,2020,11,46,314,0,0,0,0
257,양산시,2020-11-10,9.3,4.2,2352,17.0,1445,,,,,,,5.1,340,1120,3.2,250,1208,1.7,1506,200,0.0,23,1450,55.8,6.2,1026.4,1029.7,2349,1025.4,0415,1027.2,10.5,8.7,1200,2.35,14.41,,,,,,0.1,0.1,8.9,-1.2,10.6,11.3,11.7,12.3,,,,,,2.6,3.7,,,,2020,11,46,315,0,0,0,0
257,양산시,2020-11-11,9.3,1.5,0650,17.9,1410,,,,,,,6.6,110,1633,2.9,110,1634,1.0,835,90,2.2,34,1212,64.9,7.3,1030.9,1033.1,0903,1029.7,0001,1031.7,10.4,8.6,1200,2.18,13.38,,,,,,0.0,0.0,8.4,-3.9,10.0,10.8,11.2,11.9,,,,,,2.1,3.0,,,,2020,11,46,316,0,0,0,0
257,양산시,2020-11-12,10.8,4.5,0601,19.6,1335,,,,,,,4.6,230,1512,2.9,230,1426,1.0,879,230,6.7,46,1305,79.4,9.9,1029.1,1032.5,0001,1027.7,1529,1029.9,10.4,8.6,1200,2.19,13.35,,,,,,0.0,0.0,9.9,-0.6,11.2,11.6,11.7,12.0,,,,,,2.1,3.0,,,,2020,11,46,317,0,0,0,0
257,양산시,2020-11-13,12.2,3.9,0717,21.1,1457,,,,,,,6.0,70,2205,3.4,50,2152,1.3,1085,50,5.6,32,1214,69.4,9.1,1026.7,1029.0,2340,1025.1,1429,1027.5,10.4,8.4,1200,2.11,12.57,,,,,,0.6,0.0,10.3,-1.5,11.4,11.9,11.9,12.3,,,,,,2.4,3.4,,,,2020,11,46,318,0,0,0,0
257,양산시,2020-11-14,13.7,6.5,0631,20.7,1327,,,,,,,7.6,50,1859,3.7,110,1642,1.9,1648,70,8.8,53,1327,74.1,11.3,1028.6,1031.0,0855,1028.4,1323,1029.3,10.3,3.5,1000,1.86,9.18,,,,,,4.7,3.6,12.3,1.6,12.5,12.8,12.6,12.8,,,,,,1.8,2.5,,,,2020,11,46,319,0,0,0,0
257,양산시,2020-11-15,12.6,7.6,0641,20.7,1334,,,,,,,5.6,320,1500,3.7,320,1547,1.1,976,230,7.3,38,1322,73.6,10.2,1026.1,1029.2,0824,1024.8,1543,1026.8,10.3,8.3,1300,2.29,13.25,,,,,,2.6,1.5,11.7,2.7,12.9,13.3,13.1,13.2,,,,,,2.3,3.2,,,,2020,11,46,320,0,0,0,0
257,양산시,2020-11-16,14.0,5.6,0539,22.2,1431,,,,,,,9.2,110,1649,4.8,110,1656,2.0,1730,50,7.5,31,1357,69.5,10.4,1025.0,1027.2,2227,1023.8,1401,1025.8,10.3,8.4,1100,2.07,12.42,,,,,,5.5,0.6,12.0,0.5,12.8,13.0,12.8,13.1,,,,,,3.0,4.3,,,,2020,11,47,321,0,0,0,0
257,양산시,2020-11-17,17.4,13.8,2307,22.8,1414,,,,,,0.0,8.2,50,0432,4.4,50,0433,2.0,1686,50,13.2,59,1414,77.6,15.3,1024.2,1027.1,0842,1023.1,1425,1025.0,10.3,3.3,1200,1.55,8.35,,,,,,7.9,5.5,16.7,10.1,16.1,15.7,14.6,14.3,,,,,,1.5,2.2,,,,2020,11,47,322,0,0,0,0
257,양산시,2020-11-18,18.6,13.5,0230,24.5,1335,,,,,,0.7,8.7,270,1412,5.1,250,1418,1.3,1084,230,16.0,58,1334,86.0,18.2,1018.7,1024.2,0019,1015.3,2400,1019.4,10.2,3.4,1300,1.75,9.01,,,,,,7.5,3.6,17.7,9.8,17.0,16.8,15.8,15.4,,,,,,1.8,2.6,,,,2020,11,47,323,0,0,0,1
257,양산시,2020-11-19,20.1,15.4,2353,23.0,0712,,,,,,69.4,19.2,200,0711,10.6,250,1326,4.6,3969,230,17.5,67,1908,86.0,20.3,1008.4,1015.5,0028,1004.8,1504,1009.1,10.2,0.0,1000,0.56,2.09,,,,,,7.5,2.4,18.6,12.9,18.5,18.5,17.6,17.0,,,,,,1.0,1.4,,,,2020,11,47,324,0,0,0,1
257,양산시,2020-11-20,12.5,6.1,2318,16.4,1429,,,,,,,9.1,340,1059,5.2,290,1250,2.7,2310,290,5.2,48,1538,62.3,8.9,1014.8,1022.5,2358,1010.2,0001,1015.6,10.2,7.9,1200,2.16,12.35,,,,,,3.4,0.8,12.1,2.2,14.4,15.2,15.9,16.2,,,,,,2.5,3.6,,,,2020,11,47,325,0,0,0,0
257,양산시,2020-11-21,10.0,4.8,0137,15.0,1305,,,,,,,8.5,70,1309,4.6,50,1318,2.1,1775,70,4.8,58,1306,71.1,8.7,1022.6,1025.4,0850,1022.1,2358,1023.4,10.2,1.8,1300,1.48,7.15,,,,,,5.5,4.6,9.1,1.2,10.7,11.8,13.1,13.9,,,,,,1.3,1.9,,,,2020,11,47,326,0,0,0,0
257,양산시,2020-11-22,11.0,9.0,0313,12.9,1448,,,,,,1.1,7.4,290,2113,4.0,290,1517,1.6,1381,270,7.3,62,2254,78.9,10.3,1019.7,1022.5,2359,1018.2,1416,1020.5,10.1,0.0,1300,0.57,2.63,,,,,,7.5,5.0,11.2,5.8,11.8,12.5,13.0,13.4,,,,,,1.0,1.4,,,,2020,11,47,327,0,0,0,1
257,양산시,2020-11-23,8.0,3.4,0715,13.2,1514,,,,,,,8.9,340,0200,4.8,320,0208,1.9,1607,290,-2.4,32,1531,48.4,5.1,1024.5,1026.9,0844,1022.4,0002,1025.3,10.1,8.5,1200,2.16,12.97,,,,,,0.4,0.0,6.8,-0.8,9.7,10.7,11.7,12.5,,,,,,2.0,2.9,,,,2020,11,48,328,0,0,0,0
257,양산시,2020-11-24,7.3,2.3,0515,15.0,1434,,,,,,,4.0,230,1426,2.6,230,1427,1.1,971,90,-0.3,33,1335,60.6,6.1,1025.7,1028.9,0848,1024.5,1414,1026.5,10.1,5.9,1100,2.13,10.57,,,,,,5.8,1.9,6.7,-1.6,8.9,9.7,10.4,11.2,,,,,,1.7,2.5,,,,2020,11,48,329,0,0,0,0
257,양산시,2020-11-25,8.8,4.5,0545,15.5,1348,,,,,,,7.0,320,1608,3.8,320,1411,1.4,1208,230,-0.4,25,1344,57.4,6.0,1024.3,1027.1,0843,1023.6,1353,1025.1,10.1,8.3,1200,2.11,12.58,,,,,,3.5,1.6,6.8,0.0,9.1,9.8,10.3,10.9,,,,,,2.5,3.5,,,,2020,11,48,330,0,0,0,0
257,양산시,2020-11-26,9.7,5.6,0615,15.3,1500,,,,,,,6.7,110,1359,3.1,110,1352,1.4,1219,50,3.1,47,1533,64.5,7.7,1024.6,1027.4,0924,1023.2,1444,1025.4,10.1,3.2,1300,1.76,7.0,,,,,,6.6,3.6,8.1,1.7,9.5,9.9,10.1,10.7,,,,,,1.4,2.0,,,,2020,11,48,331,0,0,0,0
257,양산시,2020-11-27,9.7,5.4,2359,14.4,1222,,,,,,,9.7,320,1409,5.6,320,1422,2.4,2066,290,2.1,39,1312,61.4,7.3,1022.3,1025.7,2351,1020.0,1408,1023.1,10.0,4.2,1100,1.91,9.39,,,,,,5.6,3.8,8.6,1.9,10.0,10.5,10.7,11.0,,,,,,2.2,3.2,,,,2020,11,48,332,0,0,0,0
257,양산시,2020-11-28,5.4,1.8,2351,9.7,1343,,,,,,,9.0,360,1016,4.9,70,0710,2.2,1918,320,-7.2,24,1535,41.1,3.6,1025.4,1027.6,0834,1024.2,1515,1026.2,10.0,7.1,1100,1.85,10.65,,,,,,6.3,1.4,3.7,-2.9,6.7,7.9,9.2,10.1,,,,,,2.1,3.0,,,,2020,11,48,333,0,0,0,0
257,양산시,2020-11-29,5.1,1.0,0122,9.8,1434,,,,,,,8.1,320,1312,5.0,290,1323,2.0,1745,180,-3.9,40,1427,52.5,4.6,1027.0,1030.4,2350,1025.9,1345,1027.8,10.0,8.2,1200,2.1,12.37,,,,,,2.3,1.8,3.2,-4.1,5.9,6.9,7.9,8.9,,,,,,2.1,3.0,,,,2020,11,48,334,0,0,0,0
257,양산시,2020-11-30,5.3,1.1,2322,10.2,1443,,,,,,,12.4,20,0923,5.2,50,0928,1.9,1670,20,-6.6,26,1535,43.5,3.8,1031.6,1033.9,2111,1030.4,0001,1032.4,10.0,8.2,1200,2.13,12.52,,,,,,0.0,0.0,2.6,-4.8,5.6,6.4,7.4,8.3,,,,,,2.2,3.1,,,,2020,11,49,335,0,0,0,0
257,양산시,2020-12-01,4.5,-2.3,0651,11.8,1347,,,,,,,4.7,320,1342,3.1,290,1412,1.3,1113,70,-4.3,35,1121,54.3,4.5,1032.3,1035.9,0830,1030.9,1555,1033.1,10.0,7.7,1200,1.99,11.37,,,,,,2.5,0.0,2.8,-7.0,5.0,5.9,6.7,7.6,,,,,,1.8,2.5,,,,2020,12,49,336,0,0,0,0
257,양산시,2020-12-02,5.6,0.5,0602,13.8,1330,,,,,,,5.8,20,0916,4.0,320,1413,1.3,1146,50,-2.7,30,1611,57.8,5.0,1027.2,1031.4,0001,1025.3,1445,1028.0,9.9,5.4,1200,1.97,9.74,,,,,,3.8,2.1,4.1,-4.4,5.6,6.4,7.1,7.7,,,,,,1.9,2.7,,,,2020,12,49,337,0,0,0,0
257,양산시,2020-12-03,6.3,1.7,0406,11.2,1326,,,,,,,10.7,20,1045,4.7,20,1053,2.1,1775,180,-6.1,29,1450,41.1,3.9,1026.1,1028.6,2330,1024.9,1507,1026.9,9.9,8.1,1200,2.0,11.65,,,,,,2.0,0.0,3.2,-3.5,5.6,6.2,6.9,7.6,,,,,,2.2,3.2,,,,2020,12,49,338,0,0,0,0
257,양산시,2020-12-04,3.8,-2.3,0711,10.2,1436,,,,,,,9.0,320,1554,3.7,320,1602,1.5,1279,180,-8.8,21,1525,40.9,3.1,1027.0,1029.8,0941,1025.7,1534,1027.8,9.9,7.7,1200,2.03,11.95,,,,,,1.8,1.1,2.0,-6.8,4.3,5.3,6.2,7.1,,,,,,2.1,3.0,,,,2020,12,49,339,0,0,0,0
257,양산시,2020-12-05,4.7,0.3,0423,11.3,1420,,,,,,,7.9,340,0634,4.5,340,1234,1.6,1421,160,-3.7,36,1257,56.6,4.7,1027.9,1030.9,0925,1027.1,1456,1028.7,9.9,8.0,1200,2.0,11.37,,,,,,0.4,0.4,2.1,-4.6,4.5,5.1,5.8,6.7,,,,,,1.7,2.4,,,,2020,12,49,340,0,0,0,0
257,양산시,2020-12-06,5.0,0.4,0034,12.0,1533,,,,,,,5.5,250,1438,3.5,270,1443,1.6,1388,230,-1.3,38,1404,66.4,5.6,1026.6,1029.2,0858,1025.3,1552,1027.4,9.9,8.1,1200,2.01,11.77,,,,,,0.9,0.6,2.7,-5.2,5.0,5.5,6.0,6.6,,,,,,1.8,2.5,,,,2020,12,49,341,0,0,0,0
257,양산시,2020-12-07,4.8,-1.2,0616,12.3,1436,,,,,,,6.0,290,1452,3.6,270,1458,1.2,1052,180,-0.4,43,1444,71.1,6.0,1025.6,1028.4,0934,1024.0,1435,1026.4,9.9,3.5,1300,1.34,7.41,,,,,,3.1,2.3,3.9,-6.1,5.0,5.5,6.0,6.7,,,,,,1.3,1.9,,,,2020,12,50,342,0,0,0,0
257,양산시,2020-12-08,3.7,-1.3,2358,8.8,1416,,,,,,,11.8,20,0840,6.5,20,0847,1.9,1656,320,-6.1,32,1527,49.4,3.9,1026.5,1028.7,1007,1025.1,1356,1027.3,9.9,7.3,1100,2.05,11.4,,,,,,1.8,1.0,1.8,-7.1,4.4,5.2,5.9,6.6,,,,,,1.7,2.5,,,,2020,12,50,343,0,0,0,0
257,양산시,2020-12-09,2.8,-3.3,0703,11.1,1443,,,,,,,3.5,250,1355,2.7,230,1442,0.9,820,230,-6.4,23,1310,53.5,3.8,1024.6,1028.3,0209,1022.7,1718,1025.4,9.9,8.0,1200,2.0,11.54,,,,,,0.1,0.0,1.0,-8.2,3.3,4.1,4.9,5.8,,,,,,1.9,2.7,,,,2020,12,50,344,0,0,0,0
257,양산시,2020-12-10,5.0,0.1,0039,11.4,1525,,,,,,,3.7,200,0445,2.7,200,0533,1.2,1048,230,-2.4,34,0636,60.3,5.2,1021.0,1023.5,0001,1019.8,1451,1021.8,9.8,1.3,1400,0.92,4.17,,,,,,6.4,3.5,3.0,-4.9,4.4,4.8,5.3,5.9,,,,,,0.8,1.1,,,,2020,12,50,345,0,0,0,0
257,양산시,2020-12-11,6.9,0.0,0413,13.3,1328,,,,,,,8.0,320,1445,4.1,290,1451,1.4,1177,200,1.5,44,1310,71.8,6.9,1018.3,1022.0,0001,1016.8,1551,1019.1,9.8,7.1,1200,1.89,10.32,,,,,,7.5,1.1,4.7,-4.7,5.7,5.9,5.7,6.1,,,,,,1.8,2.6,,,,2020,12,50,346,0,0,0,0
257,양산시,2020-12-12,5.9,-0.2,2240,11.3,1414,,,,,,,8.9,290,1507,4.7,270,1349,1.7,1446,250,-3.0,26,1454,57.9,5.2,1016.6,1018.7,2155,1015.9,1427,1017.4,9.8,6.8,1200,1.94,10.67,,,,,,4.3,0.5,4.9,-5.6,6.2,6.6,6.6,7.0,,,,,,1.9,2.7,,,,2020,12,50,347,0,0,0,0
257,양산시,2020-12-13,5.0,-1.6,0740,11.2,1359,,,,,,,15.0,320,2331,7.6,320,2336,2.6,2219,230,-4.2,28,2334,52.9,4.6,1016.8,1020.5,0659,1013.0,1555,1017.6,9.8,6.9,1300,1.64,8.67,,,,,,6.8,2.0,3.2,-5.8,4.7,5.3,5.7,6.3,,,,,,2.4,3.4,,,,2020,12,50,348,0,0,0,0
257,양산시,2020-12-14,-0.6,-3.3,2335,2.5,0002,,,,,,,13.0,320,1420,6.8,290,1301,3.3,2853,290,-16.8,17,1417,29.0,1.7,1024.7,1028.8,2158,1020.2,0001,1025.5,9.8,7.5,1200,1.8,10.42,,,,,,4.4,1.6,0.1,-6.0,2.7,4.0,5.1,6.0,,,,,,2.1,3.0,,,,2020,12,51,349,0,0,0,0
257,양산시,2020-12-15,-2.1,-5.2,0720,0.8,1530,,,,,,,10.4,290,1420,5.1,290,1607,2.8,2400,290,-16.5,17,1338,33.6,1.7,1028.0,1030.6,0914,1027.7,1519,1028.8,9.8,8.0,1200,2.1,12.21,,,,,,0.0,0.0,-2.2,-9.0,0.8,1.8,3.2,4.5,,,,,,1.9,2.8,,,,2020,12,51,350,0,0,0,0
257,양산시,2020-12-16,-1.6,-5.0,0515,2.1,1450,,,,,,,12.7,270,1236,6.8,270,1224,3.0,2609,290,-13.7,23,1622,40.4,2.1,1027.8,1030.1,2343,1026.9,1438,1028.6,9.8,8.0,1200,2.05,11.9,,,,,,0.0,0.0,-2.0,-9.2,0.5,1.3,2.4,3.6,,,,,,1.8,2.5,,,,2020,12,51,351,0,0,0,0
257,양산시,2020-12-17,-0.1,-5.9,0300,4.9,1355,,,,,,,9.3,20,2247,5.0,290,1540,2.6,2224,290,-12.1,30,1450,40.8,2.4,1028.0,1030.4,0048,1027.5,1658,1028.8,9.8,8.1,1200,2.03,11.86,,,,,,1.9,0.0,-1.8,-10.3,0.4,1.0,2.0,3.1,,,,,,1.9,2.7,,,,2020,12,51,352,0,0,0,0
257,양산시,2020-12-18,2.5,-2.5,0344,8.0,1451,,,,,,,8.5,250,1237,4.4,270,1243,2.2,1909,200,-6.2,38,0033,52.9,3.9,1026.2,1028.7,0924,1024.1,1657,1027.0,9.8,5.6,1100,1.77,9.0,,,,,,5.3,0.6,0.3,-7.1,1.4,1.8,2.3,3.1,,,,,,1.6,2.3,,,,2020,12,51,353,0,0,0,0
257,양산시,2020-12-19,1.8,-0.5,0739,5.3,1252,,,,,,,12.2,320,1407,7.4,360,1245,3.1,2674,290,-17.4,11,1241,24.3,1.7,1028.7,1031.4,2255,1027.9,0053,1029.5,9.8,8.1,1200,2.11,12.3,,,,,,4.4,2.8,0.1,-3.4,1.9,2.4,2.8,3.5,,,,,,2.8,4.1,,,,2020,12,51,354,0,0,0,0
257,양산시,2020-12-20,2.0,-1.1,2342,7.0,1322,,,,,,,10.8,50,0036,5.6,290,1425,2.3,1976,160,-10.3,22,1201,41.1,2.8,1029.6,1031.6,0807,1028.2,1336,1030.4,9.8,8.1,1200,2.04,12.12,,,,,,3.4,2.3,0.7,-6.1,2.1,2.6,2.8,3.5,,,,,,2.1,3.1,,,,2020,12,51,355,0,0,0,0
257,양산시,2020-12-21,1.7,-2.7,2357,6.8,1443,,,,,,,7.2,290,1450,4.4,230,1048,2.1,1839,230,-6.0,41,0032,58.1,4.0,1027.9,1031.1,0101,1026.9,1643,1028.7,9.8,6.9,1300,1.75,9.6,,,,,,1.0,0.6,0.0,-7.4,1.7,2.2,2.6,3.4,,,,,,1.3,1.8,,,,2020,12,52,356,0,0,0,0
257,양산시,2020-12-22,2.6,-3.2,0205,8.8,1519,,,,,,,8.9,90,1847,5.0,290,1323,2.2,1887,230,-3.1,44,1301,68.4,4.9,1025.6,1028.0,0131,1024.1,1444,1026.4,9.8,6.5,1200,1.72,9.37,,,,,,0.6,0.4,0.2,-8.2,1.6,2.2,2.6,3.3,,,,,,1.4,1.9,,,,2020,12,52,357,0,0,0,0
257,양산시,2020-12-23,4.1,-2.0,0622,9.3,1324,,,,,,,6.6,230,1427,4.6,230,1429,2.1,1843,230,-1.3,47,1605,69.4,5.6,1022.8,1027.3,0843,1019.3,2400,1023.6,9.8,4.8,1200,1.33,7.69,,,,,,5.0,1.8,1.8,-5.2,2.4,2.8,3.1,3.6,,,,,,1.2,1.7,,,,2020,12,52,358,0,0,0,0
257,양산시,2020-12-24,6.9,2.9,0137,12.9,1456,,,,,,,9.0,320,2333,4.8,270,1720,2.5,2200,230,-2.8,27,1806,53.4,5.2,1015.5,1019.3,0001,1014.0,1447,1016.3,9.8,5.8,1200,1.79,8.71,,,,,,4.5,2.1,3.9,-0.4,4.9,4.9,4.3,4.5,,,,,,2.2,3.1,,,,2020,12,52,359,0,0,0,0
257,양산시,2020-12-25,2.5,-2.6,2348,7.3,1543,,,,,,,9.8,290,1221,5.5,290,1229,2.2,1935,290,-7.7,30,1545,48.3,3.4,1021.9,1026.5,2319,1018.2,0047,1022.7,9.8,8.1,1200,2.0,11.47,,,,,,0.4,0.0,0.9,-7.5,3.0,3.6,4.0,4.6,,,,,,1.6,2.3,,,,2020,12,52,360,0,0,0,0
257,양산시,2020-12-26,2.4,-3.7,0254,10.2,1423,,,,,,,5.5,250,1346,3.1,290,1515,1.0,890,200,-4.4,37,1425,63.1,4.5,1025.1,1028.5,0921,1023.6,1510,1025.9,9.8,7.9,1200,1.88,10.87,,,,,,4.3,0.6,0.7,-8.6,2.4,2.9,3.2,3.9,,,,,,1.5,2.1,,,,2020,12,52,361,0,0,0,0
257,양산시,2020-12-27,4.9,1.0,0003,9.8,1413,,,,,,2.7,3.4,200,1451,2.4,250,1054,0.9,787,180,1.2,45,1325,79.3,6.8,1021.9,1025.0,0217,1020.7,1429,1022.7,9.8,1.0,1000,0.88,4.63,,,,,,9.3,7.3,3.6,-2.3,3.8,4.0,4.0,4.3,,,,,,0.7,1.0,,,,2020,12,52,362,0,0,0,1
257,양산시,2020-12-28,5.6,2.2,2348,13.4,1512,,,,,,,3.7,200,1105,2.8,230,1202,1.1,969,200,3.6,56,1513,89.3,7.9,1022.4,1024.8,0952,1021.5,0004,1023.2,9.8,6.8,1200,1.95,10.69,,,,,,4.0,3.8,4.8,-2.8,6.0,6.0,5.4,5.3,,,,,,1.3,1.8,,,,2020,12,53,363,0,0,0,0
257,양산시,2020-12-29,5.8,0.3,0407,13.8,1322,,,,,,4.0,8.0,320,2305,5.0,320,2306,1.3,1145,320,2.7,53,1738,83.3,7.5,1017.2,1024.0,0001,1013.5,1542,1018.0,9.8,2.4,1200,1.89,7.06,,,,,,8.8,3.9,4.7,-4.2,5.3,5.6,5.4,5.6,,,,,,1.1,1.6,,,,2020,12,53,364,0,0,0,1
257,양산시,2020-12-30,-2.6,-6.5,2313,2.7,0001,,,,,,0.3,17.2,290,1232,9.3,290,1256,4.4,3822,320,-12.5,29,1306,48.9,2.7,1017.3,1022.9,2338,1013.4,0201,1018.1,9.8,7.7,1200,2.17,12.36,,,,,,3.5,1.6,0.3,-8.0,2.5,3.6,4.7,5.4,,,,,,1.8,2.6,,,,2020,12,53,365,0,0,0,1
257,양산시,2020-12-31,-2.3,-8.2,0659,2.8,1552,,,,,,,11.1,20,0037,7.0,320,0116,3.2,2763,290,-12.3,34,0755,47.0,2.5,1023.4,1025.8,0932,1022.0,1617,1024.2,9.8,8.0,1200,2.11,12.3,,,,,,1.4,1.3,-2.8,-11.1,-0.4,0.6,2.2,3.4,,,,,,1.5,2.1,,,,2020,12,53,366,0,0,0,0
257,양산시,2021-01-01,-0.2,-6.0,0820,4.8,1415,,,,,,,8.1,230,1443,4.5,200,1239,1.8,1553,200,-7.4,42,1419,59.0,3.5,1025.1,1028.7,0840,1024.1,1441,1025.9,9.8,6.5,1200,2.02,10.92,,,,,,1.9,1.6,-1.2,-9.8,-0.2,0.5,1.6,2.5,,,,,,1.3,1.8,,,,2021,1,53,1,0,0,0,0
257,양산시,2021-01-02,0.5,-3.5,0719,4.7,1512,,,,,,,9.4,320,1421,4.6,360,1410,1.8,1541,290,-8.9,24,1924,52.6,3.3,1026.4,1029.7,2357,1024.6,0042,1027.2,9.8,7.4,1100,1.85,10.64,,,,,,2.6,2.3,-0.6,-8.0,0.5,0.9,1.5,2.3,,,,,,1.7,2.5,,,,2021,1,53,2,0,0,0,0
257,양산시,2021-01-03,0.9,-2.4,0006,4.7,1316,,,,,,,10.4,50,1407,4.7,50,0953,2.2,1919,200,-12.9,23,1251,35.3,2.3,1030.9,1033.2,1024,1029.6,0016,1031.7,9.9,5.8,1200,2.04,10.51,,,,,,7.8,3.5,-0.6,-6.2,0.2,0.7,1.4,2.2,,,,,,1.7,2.5,,,,2021,1,53,3,0,0,0,0
257,양산시,2021-01-04,1.3,-3.7,0732,8.4,1450,,,,,,,5.1,180,0316,3.2,230,0237,1.6,1356,230,-7.0,35,1247,55.9,3.7,1029.5,1033.1,0757,1028.0,1647,1030.3,9.9,8.0,1200,1.93,11.09,,,,,,2.5,0.3,-0.3,-7.6,1.2,1.3,1.6,2.2,,,,,,1.5,2.1,,,,2021,1,1,4,0,0,0,0
257,양산시,2021-01-05,1.3,-2.2,0644,6.3,1354,,,,,,,8.4,290,1214,5.1,270,2326,2.2,1934,230,-9.0,19,2155,51.0,3.4,1025.7,1028.5,0007,1023.8,1407,1026.5,9.9,2.2,1100,1.4,6.72,,,,,,6.0,0.5,0.3,-5.9,0.8,1.4,1.8,2.4,,,,,,1.6,2.4,,,,2021,1,1,5,0,0,0,0
257,양산시,2021-01-06,-1.7,-6.0,0747,2.2,1514,,,,,,,9.8,290,1343,5.5,290,1231,2.4,2104,290,-12.4,28,0001,44.6,2.4,1022.4,1027.0,0204,1018.1,2358,1023.2,9.9,7.8,1300,2.03,11.67,,,,,,3.3,0.6,-2.1,-9.4,-0.2,0.5,1.4,2.2,,,,,,1.6,2.3,,,,2021,1,1,6,0,0,0,0
257,양산시,2021-01-07,-5.9,-9.6,2336,0.3,0124,,,,,,,15.7,290,1303,7.7,320,1218,4.4,3794,290,-18.8,21,1226,37.0,1.6,1021.8,1025.2,2148,1017.0,0126,1022.6,9.9,8.1,1200,2.2,12.37,,,,,,2.6,1.1,-3.1,-11.2,-1.0,0.1,1.0,1.8,,,,,,1.7,2.4,,,,2021,1,1,7,0,0,0,0
257,양산시,2021-01-08,-7.5,-10.9,0346,-2.6,1530,,,,,,,11.5,290,1253,6.5,290,1301,3.3,2882,290,-18.8,31,1332,40.1,1.4,1022.0,1025.1,0907,1020.2,1501,1022.8,9.9,8.1,1200,2.19,12.81,,,,,,0.0,0.0,-5.6,-13.0,-2.6,-1.1,0.2,1.1,,,,,,1.5,2.1,,,,2021,1,1,8,0,0,0,0
257,양산시,2021-01-09,-5.2,-10.8,0739,-0.4,1430,,,,,,,10.3,290,1204,5.3,290,1204,2.8,2455,270,-16.5,30,1219,41.3,1.7,1022.0,1025.1,2218,1019.9,1516,1022.8,9.9,8.0,1200,2.16,12.65,,,,,,0.1,0.0,-5.1,-14.1,-2.6,-1.4,-0.3,0.6,,,,,,1.6,2.3,,,,2021,1,1,9,0,0,0,0
257,양산시,2021-01-10,-3.6,-8.8,0651,2.7,1516,,,,,,,9.4,290,1327,4.6,320,1336,2.0,1740,200,-10.7,38,1318,59.3,2.7,1026.1,1028.8,0954,1024.8,0001,1026.9,10.0,8.2,1200,2.11,12.44,,,,,,0.5,0.1,-3.9,-13.5,-2.0,-1.3,-0.5,0.4,,,,,,1.3,1.9,,,,2021,1,1,10,0,0,0,0
257,양산시,2021-01-11,-1.0,-5.9,0054,3.0,1428,,,,,,,5.8,340,1818,4.0,320,1825,1.6,1347,250,-7.8,45,1320,60.6,3.4,1024.4,1029.3,0512,1020.8,2357,1025.2,10.0,1.4,1100,1.21,6.55,,,,,,7.5,2.9,-1.8,-11.5,-1.4,-0.8,-0.4,0.3,,,,,,0.9,1.3,,,,2021,1,2,11,0,0,0,0
257,양산시,2021-01-12,-0.8,-5.6,0737,5.3,1445,,,,,,,7.8,270,1530,4.5,270,1531,2.1,1806,200,-7.4,40,1449,62.4,3.5,1018.0,1020.9,0010,1016.4,1552,1018.8,10.0,8.2,1200,2.09,12.39,,,,,,0.5,0.1,-1.7,-7.7,-0.6,-0.4,-0.2,0.4,,,,,,1.4,2.0,,,,2021,1,2,12,0,0,0,0
257,양산시,2021-01-13,3.9,-5.4,0500,12.4,1418,,,,,,,11.3,270,1442,6.7,270,1410,2.3,2020,230,-2.0,37,1340,68.1,5.4,1016.4,1019.0,0632,1014.3,1454,1017.2,10.0,7.9,1200,1.87,11.08,,,,,,0.0,0.0,-0.3,-10.2,-0.1,-0.3,-0.2,0.5,,,,,,1.9,2.7,,,,2021,1,2,13,0,0,0,0
257,양산시,2021-01-14,5.7,-1.8,0721,14.6,1458,,,,,,,5.0,200,0026,2.8,180,0027,1.3,1084,230,-1.2,27,1423,66.0,5.6,1021.0,1023.6,0938,1018.4,0005,1021.8,10.0,8.1,1200,2.03,11.89,,,,,,1.3,1.1,1.4,-7.4,1.9,0.5,0.0,0.6,,,,,,1.8,2.6,,,,2021,1,2,14,0,0,0,0
257,양산시,2021-01-15,9.6,0.9,0657,16.9,1304,,,,,,,11.7,250,1311,7.5,250,1404,2.6,2261,230,4.8,50,1611,73.9,8.8,1015.8,1022.0,0004,1013.2,1517,1016.6,10.1,5.4,1300,2.02,9.85,,,,,,7.9,4.8,4.5,-3.8,4.2,2.7,1.1,1.3,,,,,,2.2,3.1,,,,2021,1,2,15,0,0,0,0
257,양산시,2021-01-16,5.8,0.5,2350,12.4,0036,,,,,,,9.9,320,0420,5.0,290,1258,2.5,2166,290,-7.1,27,1527,40.3,3.8,1019.8,1025.6,2356,1014.0,0213,1020.6,10.1,8.0,1200,2.08,11.9,,,,,,4.0,0.0,3.3,-1.8,4.6,4.4,3.8,3.6,,,,,,2.5,3.6,,,,2021,1,2,16,0,0,0,0
257,양산시,2021-01-17,-0.8,-4.7,2348,3.3,1234,,,,,,,10.7,320,0405,5.6,290,1418,2.8,2387,290,-15.4,17,1239,34.0,1.9,1025.4,1027.8,1018,1024.6,1542,1026.2,10.1,8.5,1200,2.3,13.92,,,,,,3.4,1.5,0.6,-9.5,1.8,2.6,2.7,3.3,,,,,,1.8,2.6,,,,2021,1,2,17,0,0,0,0
257,양산시,2021-01-18,0.8,-5.2,0101,6.0,1232,,,,,,,13.8,290,1629,8.5,270,1636,3.0,2593,270,-7.0,28,2258,56.6,3.7,1020.5,1025.8,0001,1016.9,1551,1021.3,10.1,5.2,1200,1.86,9.03,,,,,,3.1,1.5,-0.3,-9.6,0.6,1.1,1.7,2.4,,,,,,1.6,2.3,,,,2021,1,3,18,0,0,0,0
257,양산시,2021-01-19,-0.2,-5.6,0739,5.9,1447,,,,,,,8.3,20,0134,4.1,50,0031,1.6,1414,70,-12.7,16,1420,40.4,2.3,1029.8,1033.1,2142,1025.0,0001,1030.6,10.1,8.6,1200,2.24,13.36,,,,,,0.5,0.0,-0.2,-10.0,1.1,1.4,1.6,2.2,,,,,,1.8,2.6,,,,2021,1,3,19,0,0,0,0
257,양산시,2021-01-20,1.9,-4.8,0453,11.3,1541,,,,,,,4.2,200,1528,2.9,250,1546,0.9,785,230,-4.5,35,1251,64.5,4.6,1029.2,1032.8,0141,1027.8,1505,1030.0,10.2,8.5,1200,2.13,12.71,,,,,,0.6,0.0,0.6,-9.4,1.4,1.5,1.5,2.1,,,,,,1.4,2.1,,,,2021,1,3,20,0,0,0,0
257,양산시,2021-01-21,5.8,-2.5,0656,12.9,1534,,,,,,1.8,5.8,200,1529,3.8,230,1502,1.5,1285,230,2.7,52,1236,83.3,7.7,1023.3,1028.5,0001,1020.4,2357,1024.1,10.2,4.5,1100,1.97,9.74,,,,,,5.5,3.5,3.1,-7.0,3.0,2.8,2.3,2.5,,,,,,1.2,1.8,,,,2021,1,3,21,0,0,0,1
257,양산시,2021-01-22,9.7,6.6,0311,11.9,1611,,,,,,2.3,8.0,70,2323,4.3,70,2056,1.4,1247,70,8.3,78,1730,92.4,11.0,1017.7,1020.4,0001,1016.9,1629,1018.5,10.2,0.0,1200,0.55,2.75,,,,,,9.6,7.6,7.9,6.0,6.9,6.4,5.1,4.5,,,,,,0.8,1.1,,,,2021,1,3,22,0,0,0,1
257,양산시,2021-01-23,10.7,9.1,2345,12.1,1304,,,,,,2.9,15.7,70,1731,6.1,70,1758,4.2,3626,70,7.0,64,1830,79.0,10.1,1017.5,1020.6,2248,1016.6,1430,1018.3,10.2,0.0,1200,0.59,2.68,,,,,,10.0,5.4,8.7,8.0,8.3,8.1,6.9,6.3,,,,,,1.2,1.7,,,,2021,1,3,23,0,0,0,1
257,양산시,2021-01-24,9.3,8.5,0727,10.9,1252,,,,,,0.0,9.8,20,1110,4.9,50,1132,3.2,2752,50,4.1,59,1253,70.3,8.2,1024.1,1027.8,1846,1020.1,0048,1024.9,10.3,0.1,1100,0.83,4.26,,,,,,9.1,7.8,7.5,6.9,7.6,7.6,7.1,6.8,,,,,,1.2,1.8,,,,2021,1,3,24,0,0,0,0
257,양산시,2021-01-25,9.6,7.8,0534,13.4,1405,,,,,,,9.6,50,1018,4.9,70,1340,3.2,2779,70,3.4,52,1406,65.8,7.8,1025.6,1029.0,0209,1022.8,2343,1026.4,10.3,5.8,1300,2.07,11.18,,,,,,6.4,3.9,7.8,5.2,8.3,8.1,7.2,7.0,,,,,,2.0,2.8,,,,2021,1,4,25,0,0,0,0
257,양산시,2021-01-26,7.1,4.9,2134,9.0,0050,,,,,,11.3,6.3,50,0041,4.0,50,0035,1.7,1440,230,5.4,73,0008,89.6,9.0,1017.7,1022.7,0001,1015.5,1531,1018.5,10.3,0.0,1100,0.4,2.3,,,,,,8.5,4.8,6.6,0.4,6.9,7.4,7.2,7.2,,,,,,0.5,0.6,,,,2021,1,4,26,0,0,0,1
257,양산시,2021-01-27,6.3,0.9,0533,12.8,1423,,,,,,,7.4,110,1826,4.1,110,1846,1.7,1446,50,-1.5,27,1230,62.9,5.6,1020.2,1022.9,1010,1018.3,0001,1021.0,10.3,8.3,1200,2.34,14.01,,,,,,3.6,0.4,5.2,-3.4,6.2,6.5,6.2,6.5,,,,,,2.4,3.4,,,,2021,1,4,27,0,0,0,0
257,양산시,2021-01-28,3.5,-2.5,2358,12.0,1406,,,,,,,18.4,320,1505,9.4,320,1525,3.5,2996,290,-4.6,29,1410,57.9,4.6,1014.5,1020.5,0001,1009.0,1432,1015.3,10.4,5.6,1200,2.15,11.05,,,,,,5.6,1.5,3.6,-4.0,4.8,5.6,5.8,6.1,,,,,,2.6,3.8,,,,2021,1,4,28,0,0,0,0
257,양산시,2021-01-29,-2.2,-5.6,0753,2.0,1537,,,,,,,15.9,290,0525,7.3,290,1254,3.9,3382,270,-15.9,26,1632,34.4,1.8,1023.0,1027.3,2231,1019.1,0001,1023.8,10.4,8.9,1200,2.45,15.06,,,,,,0.0,0.0,-0.3,-7.2,1.3,2.5,3.6,4.6,,,,,,2.1,2.9,,,,2021,1,4,29,0,0,0,0
257,양산시,2021-01-30,2.2,-5.2,0521,9.8,1451,,,,,,,9.8,290,1554,5.7,290,1602,2.5,2177,250,-5.9,40,0005,56.1,4.2,1025.8,1028.8,2356,1023.4,1343,1026.6,10.4,7.5,1200,2.13,12.38,,,,,,1.4,0.3,0.6,-8.7,1.7,2.2,2.6,3.4,,,,,,1.7,2.4,,,,2021,1,4,30,0,0,0,0
257,양산시,2021-01-31,5.2,-3.3,0652,12.9,1358,,,,,,,6.4,250,1636,3.9,250,1629,1.1,980,230,-3.0,19,1204,62.3,5.0,1027.7,1031.6,0858,1024.2,2358,1028.5,10.5,8.6,1200,2.3,14.38,,,,,,2.8,2.4,3.8,-8.1,3.6,3.7,3.2,3.6,,,,,,2.1,3.0,,,,2021,1,4,31,0,0,0,0
257,양산시,2021-02-01,9.8,5.5,0121,12.1,1206,,,,,,26.6,7.5,200,1528,4.7,200,1434,2.2,1942,230,7.7,65,0010,88.0,10.7,1015.5,1024.1,0001,1013.6,1531,1016.3,10.5,0.0,1100,0.67,2.81,,,,,,9.4,4.5,7.5,5.0,7.0,6.8,5.7,5.3,,,,,,1.1,1.6,,,,2021,2,5,32,1,0,0,1
257,양산시,2021-02-02,2.4,-2.2,2354,9.4,0001,,,,,,,10.3,320,1109,6.1,290,1124,3.4,2907,290,-12.0,21,1230,34.6,2.6,1021.6,1025.5,2235,1016.3,0001,1022.4,10.5,8.8,1200,2.55,15.94,,,,,,0.0,0.0,3.5,-5.6,4.2,5.1,5.3,5.6,,,,,,2.4,3.5,,,,2021,2,5,33,1,1,0,0
257,양산시,2021-02-03,-0.1,-4.6,0549,5.5,1605,,,,,,,7.7,250,1308,4.1,250,1308,1.8,1590,270,-10.7,22,1427,48.5,2.8,1025.0,1028.7,0853,1023.5,2352,1025.8,10.5,8.8,1200,2.51,15.33,,,,,,0.0,0.0,1.6,-8.0,2.2,3.0,3.5,4.2,,,,,,2.2,3.1,,,,2021,2,5,34,1,1,0,0
257,양산시,2021-02-04,3.9,-1.9,0034,9.3,1418,,,,,,,9.8,270,0638,4.6,290,0658,2.2,1937,270,-8.1,20,1317,45.1,3.5,1023.4,1026.0,2107,1022.1,0453,1024.2,10.6,9.0,1200,2.52,15.73,,,,,,1.9,0.0,3.4,-6.0,3.4,3.7,3.5,3.9,,,,,,2.7,3.8,,,,2021,2,5,35,1,1,0,0
257,양산시,2021-02-05,3.6,-3.2,0444,9.5,1427,,,,,,,7.6,200,1508,4.9,200,1511,2.2,1875,230,-6.3,25,1212,50.4,3.9,1021.1,1026.1,0117,1018.4,2207,1021.9,10.6,5.8,1100,2.35,12.09,,,,,,7.8,0.0,2.6,-7.9,3.0,3.4,3.5,4.0,,,,,,2.1,3.0,,,,2021,2,5,36,1,1,0,0
257,양산시,2021-02-06,6.2,-1.4,0533,14.8,1420,,,,,,,5.9,230,1543,4.1,230,1504,1.9,1614,230,-0.4,35,1422,66.3,6.1,1015.5,1018.7,0001,1014.2,1509,1016.3,10.6,8.9,1200,2.31,14.37,,,,,,0.3,0.0,4.6,-5.4,4.9,4.9,4.4,4.4,,,,,,2.3,3.3,,,,2021,2,5,37,1,1,0,0
257,양산시,2021-02-07,8.3,2.3,0121,15.5,1453,,,,,,,6.5,200,1731,4.4,200,1652,2.0,1697,230,1.5,32,1429,66.5,6.9,1017.8,1020.4,0929,1016.5,0001,1018.6,10.7,8.2,1200,2.31,13.59,,,,,,2.8,0.0,6.0,-3.0,6.1,6.1,5.3,5.2,,,,,,3.1,4.4,,,,2021,2,5,38,1,0,0,0
257,양산시,2021-02-08,3.3,-0.7,2334,9.0,0001,,,,,,,14.3,320,1525,7.0,290,1532,3.6,3104,290,-14.4,18,1346,26.4,2.0,1023.5,1028.1,2337,1019.8,0001,1024.3,10.7,9.2,1200,2.61,16.68,,,,,,0.0,0.0,3.4,-3.8,4.4,5.2,5.3,5.5,,,,,,3.2,4.6,,,,2021,2,6,39,1,1,0,0
257,양산시,2021-02-09,2.3,-2.9,0444,9.3,1553,,,,,,,8.7,20,0027,5.3,320,0235,2.7,2375,200,-11.1,23,1534,37.9,2.7,1026.1,1028.8,1012,1024.9,1618,1026.9,10.7,9.3,1200,2.6,16.68,,,,,,0.0,0.0,3.0,-5.6,3.2,3.9,4.0,4.6,,,,,,2.6,3.8,,,,2021,2,6,40,1,1,0,0
257,양산시,2021-02-10,4.3,-2.5,0647,12.9,1622,,,,,,,7.1,270,1225,4.4,290,1257,2.1,1839,200,-5.4,24,1603,52.1,4.1,1023.5,1026.5,0234,1021.7,1429,1024.3,10.8,9.1,1200,2.37,14.8,,,,,,2.3,0.0,3.5,-6.4,3.7,4.1,4.0,4.3,,,,,,2.3,3.3,,,,2021,2,6,41,1,1,0,0
257,양산시,2021-02-11,6.9,0.2,0717,13.7,1305,,,,,,,8.6,110,1536,3.7,20,1137,1.9,1607,50,0.1,33,1230,64.1,6.3,1024.2,1027.0,0830,1022.9,1530,1025.0,10.8,3.4,1100,1.93,10.39,,,,,,8.8,0.0,4.5,-4.3,4.8,4.9,4.6,4.7,,,,,,1.6,2.3,,,,2021,2,6,42,1,0,0,0
257,양산시,2021-02-12,8.2,3.0,0728,16.2,1438,,,,,,,6.4,230,1559,3.8,230,1606,1.1,927,230,2.4,38,1328,70.3,7.2,1023.3,1025.1,0831,1022.3,1534,1024.1,10.8,7.2,1300,2.3,13.13,,,,,,6.0,0.0,8.0,-1.7,7.3,7.0,6.0,5.8,,,,,,2.1,3.0,,,,2021,2,6,43,1,0,0,0
257,양산시,2021-02-13,10.1,1.5,0716,20.3,1521,,,,,,,5.3,230,1402,3.7,230,1653,1.1,952,230,1.6,19,1525,62.4,6.9,1022.7,1025.9,0757,1021.0,1625,1023.4,10.9,9.4,1200,2.49,15.78,,,,,,3.1,0.0,8.3,-3.6,7.8,7.8,6.8,6.5,,,,,,2.9,4.1,,,,2021,2,6,44,1,0,0,0
257,양산시,2021-02-14,8.8,3.5,0541,12.7,1652,,,,,,12.5,4.7,250,1303,3.4,250,1308,0.7,606,230,7.9,72,0003,94.4,10.9,1014.6,1021.8,0001,1009.8,2356,1015.4,10.9,0.1,1200,0.79,4.3,,,,,,8.3,0.0,8.0,-1.3,7.5,7.6,7.1,7.0,,,,,,0.6,0.9,,,,2021,2,6,45,1,0,0,1
257,양산시,2021-02-15,8.1,1.3,2352,13.3,1300,,,,,,0.2,18.1,250,1417,10.3,270,1410,4.0,3460,270,0.3,25,1552,63.0,7.4,1006.8,1013.1,2354,1004.0,1339,1007.6,10.9,6.6,1300,2.43,13.6,,,,,,3.1,0.0,8.6,-0.5,8.8,9.0,8.4,8.0,,,,,,3.1,4.4,,,,2021,2,7,46,1,0,0,1
257,양산시,2021-02-16,2.3,-2.4,0711,7.3,1524,,,,,,,14.8,340,1902,8.0,290,1850,3.7,3213,230,-8.3,28,1321,46.1,3.3,1013.8,1017.9,0832,1009.9,1719,1014.6,11.0,8.9,1200,2.67,17.14,,,,,,3.4,0.0,3.5,-5.0,4.6,5.5,5.9,6.5,,,,,,3.0,4.3,,,,2021,2,7,47,1,1,0,0
257,양산시,2021-02-17,-2.8,-5.0,2346,0.9,1440,,,,,,,17.0,270,1126,9.1,270,1140,4.5,3850,290,-15.8,27,1523,36.1,1.8,1015.3,1018.3,2329,1013.3,1421,1016.1,11.0,9.1,1200,2.98,17.84,,,,,,0.8,,1.2,-7.3,2.3,3.6,4.5,5.3,,,,,,2.4,3.4,,,,2021,2,7,48,1,1,0,0
257,양산시,2021-02-18,-2.1,-6.4,0647,2.8,1452,,,,,,,12.8,290,1129,5.9,290,1138,3.0,2607,290,-12.2,32,1348,46.5,2.4,1019.0,1022.2,2218,1017.9,0013,1019.8,11.0,9.6,1200,2.74,17.89,,,,,,0.4,,1.0,-7.8,1.4,2.2,3.0,3.9,,,,,,2.1,3.0,,,,2021,2,7,49,1,1,0,0
257,양산시,2021-02-19,4.9,-2.7,0517,12.0,1453,,,,,,,9.1,200,1622,5.4,230,1540,3.5,3017,230,-5.9,27,1402,47.3,4.2,1017.0,1022.2,0115,1014.6,1651,1017.8,11.1,9.6,1200,2.77,18.25,,,,,,0.0,,4.2,-4.9,3.6,3.7,3.3,3.7,,,,,,3.1,4.4,,,,2021,2,7,50,1,1,0,0
257,양산시,2021-02-20,9.8,1.5,0714,18.6,1507,,,,,,,10.9,200,1425,7.0,200,1254,3.3,2856,230,4.5,45,1519,72.1,8.5,1010.7,1014.6,0001,1008.6,1431,1011.5,11.1,9.3,1200,2.51,15.83,,,,,,0.0,,7.3,-1.2,6.7,6.4,5.3,5.0,,,,,,2.8,4.0,,,,2021,2,7,51,1,0,0,0
257,양산시,2021-02-21,12.9,2.9,0709,21.4,1431,,,,,,,11.7,200,1507,7.5,200,1526,4.0,3467,200,6.2,37,1322,67.4,9.5,1011.7,1014.1,0845,1010.2,1438,1012.5,11.1,9.5,1200,2.65,17.08,,,,,,0.0,,10.0,-1.2,8.8,8.3,7.0,6.5,,,,,,3.8,5.5,,,,2021,2,7,52,1,0,0,0
257,양산시,2021-02-22,14.9,7.6,0746,20.6,1436,,,,,,,12.0,230,1443,6.4,200,1456,3.4,2948,200,5.6,14,2237,58.8,9.9,1011.7,1017.8,2358,1008.4,1509,1012.4,11.2,9.3,1200,2.55,16.29,,,,,,0.1,,12.2,2.9,11.1,10.6,9.0,8.3,,,,,,4.1,5.8,,,,2021,2,8,53,1,0,0,0
257,양산시,2021-02-23,7.7,3.2,0633,14.0,1512,,,,,,,7.2,320,1623,4.2,290,1631,1.8,1535,50,-8.5,13,1446,34.5,3.4,1021.4,1024.1,2243,1017.8,0001,1022.2,11.2,7.0,1300,2.6,14.64,,,,,,4.8,,7.6,-3.4,8.0,8.6,8.4,8.3,,,,,,2.8,4.0,,,,2021,2,8,54,1,0,0,0
257,양산시,2021-02-24,6.9,2.0,0115,12.8,1402,,,,,,,11.1,110,1811,6.2,110,1733,2.8,2377,50,-3.5,26,0911,50.9,5.1,1023.9,1026.5,0923,1023.4,1450,1024.7,11.3,1.7,1200,1.93,10.83,,,,,,6.5,,6.4,-3.8,6.8,7.4,7.4,7.5,,,,,,1.9,2.7,,,,2021,2,8,55,1,0,0,0
257,양산시,2021-02-25,7.7,3.0,0703,11.9,1507,,,,,,0.4,9.2,50,2305,4.8,50,2253,2.0,1755,50,3.7,56,1514,77.0,8.0,1022.4,1025.0,0002,1021.1,1705,1023.2,11.3,0.7,1100,0.98,5.32,,,,,,8.3,,6.8,-0.4,6.9,7.3,7.2,7.3,,,,,,1.0,1.5,,,,2021,2,8,56,1,0,0,1
257,양산시,2021-02-26,9.5,6.9,0220,13.2,1240,,,,,,5.1,13.3,90,1147,5.6,90,1326,3.8,3293,70,3.5,47,1322,68.3,7.9,1021.7,1025.5,2336,1020.0,0350,1022.5,11.3,2.5,1200,2.43,10.86,,,,,,9.4,,8.5,5.7,8.6,8.6,8.0,7.7,,,,,,2.4,3.4,,,,2021,2,8,57,1,0,0,1
257,양산시,2021-02-27,7.8,5.8,2338,9.7,1303,,,,,,,15.8,50,1211,6.2,70,1515,4.3,3702,70,0.5,53,1452,60.3,6.3,1028.8,1031.5,1134,1025.2,0004,1029.6,11.4,1.6,1400,1.18,7.58,,,,,,6.8,,6.9,3.9,7.5,7.8,7.8,7.8,,,,,,1.8,2.6,,,,2021,2,8,58,1,0,0,0
257,양산시,2021-02-28,11.0,5.5,0025,16.5,1409,,,,,,,11.3,360,0220,7.1,20,0227,2.4,2097,50,4.9,51,1358,67.3,8.7,1025.7,1030.2,0017,1023.4,2346,1026.5,11.4,2.5,1200,2.68,12.45,,,,,,7.6,,9.4,3.3,9.1,8.9,8.0,7.7,,,,,,1.8,2.6,,,,2021,2,8,59,1,0,0,0
257,양산시,2021-03-01,10.6,4.4,2349,16.1,1936,,,,,,58.0,18.1,70,2103,9.1,70,2106,2.8,2458,250,9.1,78,0014,91.0,11.9,1014.2,1023.4,0004,1007.7,2003,1015.0,11.4,0.0,1200,0.37,2.15,,,,,,9.1,,10.5,3.8,10.6,10.6,9.5,9.0,,,,,,0.6,0.8,,,,2021,3,9,60,1,0,0,1
257,양산시,2021-03-02,4.2,1.5,2348,7.4,1451,,,,,,6.6,14.4,50,0151,7.4,50,0143,3.7,3211,70,-0.1,57,1433,74.3,6.1,1022.7,1030.0,2246,1011.2,0003,1023.5,11.5,1.1,1100,1.85,9.06,,,,,,8.5,,5.6,-1.7,6.8,7.8,8.4,8.8,,,,,,1.2,1.8,,,,2021,3,9,61,1,0,0,1
257,양산시,2021-03-03,5.2,-1.6,0702,11.5,1525,,,,,,,6.0,50,1120,3.5,230,1627,1.3,1136,70,-0.5,40,1417,69.3,5.9,1029.4,1033.4,0848,1027.9,1619,1030.2,11.5,8.9,1200,2.51,17.53,,,,,,5.1,,5.7,-5.9,6.4,7.0,7.0,7.4,,,,,,2.1,3.0,,,,2021,3,9,62,1,1,0,0
257,양산시,2021-03-04,8.3,2.3,0328,14.3,1614,,,,,,2.5,6.2,50,2357,4.0,50,2316,1.0,897,20,5.1,59,1303,82.3,9.0,1023.6,1029.0,0001,1021.1,2317,1024.4,11.5,0.2,1300,1.25,7.98,,,,,,9.0,,8.5,-1.7,8.0,8.1,7.7,7.7,,,,,,1.2,1.7,,,,2021,3,9,63,1,0,0,1
257,양산시,2021-03-05,12.2,8.7,0648,19.0,1345,,,,,,1.5,8.7,50,0043,4.7,50,0050,1.9,1662,50,9.1,54,1342,82.8,11.5,1018.1,1021.1,0001,1015.9,1607,1018.9,11.6,4.5,1300,2.43,13.94,,,,,,7.3,,13.5,4.8,12.1,11.5,9.9,9.2,,,,,,2.0,2.9,,,,2021,3,9,64,1,0,0,1
257,양산시,2021-03-06,7.6,4.8,2335,12.3,0915,,,,,,,12.6,110,1510,5.2,50,2255,3.1,2678,90,4.0,66,0902,79.0,8.2,1026.4,1031.6,2302,1020.5,0001,1027.2,11.6,1.1,0900,1.31,6.14,,,,,,6.6,,7.9,2.1,8.6,9.2,9.5,9.6,,,,,,1.2,1.8,,,,2021,3,9,65,1,0,0,0
257,양산시,2021-03-07,6.8,4.6,2400,11.5,1641,,,,,,,9.1,50,0020,4.7,50,0434,2.7,2310,50,1.0,48,1352,67.5,6.6,1027.8,1031.2,0912,1026.0,1628,1028.6,11.6,4.5,1300,2.59,12.5,,,,,,8.0,,8.7,0.6,8.8,9.0,8.6,8.7,,,,,,1.7,2.4,,,,2021,3,9,66,1,0,0,0
257,양산시,2021-03-08,7.2,0.8,0642,15.2,1259,,,,,,,11.9,110,1637,5.7,110,1725,2.2,1862,90,2.2,41,1233,72.5,7.2,1026.4,1028.7,0849,1025.3,1452,1027.2,11.7,6.4,1200,2.76,16.87,,,,,,3.5,,7.5,-3.2,8.4,8.8,8.5,8.6,,,,,,2.4,3.4,,,,2021,3,10,67,1,0,0,0
257,양산시,2021-03-09,9.2,4.1,0630,15.5,1504,,,,,,,8.1,200,1648,5.1,200,1750,1.7,1471,200,3.0,40,1530,67.4,7.6,1023.5,1027.2,0843,1021.4,1552,1024.3,11.7,7.1,1200,2.56,16.29,,,,,,7.4,,10.7,1.0,9.8,9.8,9.1,8.9,,,,,,2.5,3.5,,,,2021,3,10,68,1,0,0,0
257,양산시,2021-03-10,9.6,3.4,0630,15.7,1258,,,,,,,11.3,110,1400,6.0,110,1545,3.1,2691,50,2.0,39,1607,61.4,7.1,1027.6,1031.3,2258,1023.6,0030,1028.4,11.8,9.9,1200,2.99,20.37,,,,,,0.0,,10.4,-1.9,10.0,10.1,9.5,9.3,,,,,,3.6,5.1,,,,2021,3,10,69,1,0,0,0
257,양산시,2021-03-11,10.5,2.9,0530,17.5,1533,,,,,,,5.9,50,0124,4.0,50,0008,1.7,1472,230,3.8,29,1227,65.9,8.2,1025.7,1030.4,0840,1023.4,1714,1026.5,11.8,7.1,1100,2.4,16.05,,,,,,8.9,,11.5,-1.0,10.2,10.2,9.6,9.5,,,,,,2.4,3.5,,,,2021,3,10,70,1,0,0,0
257,양산시,2021-03-12,9.9,9.0,0816,11.2,0001,,,,,,27.6,12.8,50,1032,6.1,50,1904,3.4,2960,70,8.4,73,2319,91.0,11.1,1018.2,1023.6,0001,1015.7,1424,1019.0,11.8,0.0,1100,0.49,2.76,,,,,,7.8,,9.9,8.5,10.1,10.4,10.1,10.0,,,,,,1.0,1.4,,,,2021,3,10,71,1,0,0,1
257,양산시,2021-03-13,11.5,8.3,2358,16.9,1458,,,,,,,9.9,70,0921,5.1,50,0922,2.5,2158,50,4.8,40,1205,65.3,8.6,1019.6,1022.5,0912,1018.8,1522,1020.4,11.9,9.4,1200,2.9,20.04,,,,,,3.3,,11.8,4.4,11.4,11.2,10.2,9.9,,,,,,2.9,4.2,,,,2021,3,10,72,1,0,0,0
257,양산시,2021-03-14,11.2,4.7,0523,18.5,1559,,,,,,,8.5,270,1416,4.1,320,1425,1.6,1361,200,5.3,35,1600,71.5,8.9,1018.4,1021.2,0938,1017.1,1628,1019.2,11.9,9.6,1300,2.94,20.47,,,,,,2.6,,11.7,0.0,11.6,11.7,10.9,10.6,,,,,,3.2,4.5,,,,2021,3,10,73,1,0,0,0
257,양산시,2021-03-15,12.2,5.0,0605,17.9,1509,,,,,,,10.2,230,1427,6.1,230,1417,2.5,2149,230,6.4,36,1357,70.4,9.6,1016.7,1020.4,0715,1014.4,2358,1017.5,11.9,9.4,1200,2.69,18.17,,,,,,5.1,,12.1,0.1,11.5,11.7,11.1,10.8,,,,,,3.1,4.4,,,,2021,3,11,74,1,0,0,0
257,양산시,2021-03-16,15.7,8.4,2356,23.0,1525,,,,,,1.2,9.6,290,1321,4.7,290,1257,2.1,1779,290,5.9,15,1801,60.3,10.1,1011.7,1015.7,2400,1010.6,1459,1012.4,12.0,8.5,1200,2.89,18.62,,,,,,3.6,,15.8,3.2,14.8,14.4,12.9,12.0,,,,,,4.2,6.0,,,,2021,3,11,75,1,0,0,1
257,양산시,2021-03-17,12.0,8.0,0648,18.6,1408,,,,,,,12.4,140,1524,6.0,110,1512,3.0,2597,70,4.6,44,1323,61.4,8.5,1018.1,1021.6,2337,1015.6,0001,1018.9,12.0,9.1,1200,3.0,20.08,,,,,,4.0,,12.6,3.6,12.7,12.9,12.3,12.0,,,,,,3.4,4.8,,,,2021,3,11,76,1,0,0,0
257,양산시,2021-03-18,12.4,8.8,0650,18.3,1408,,,,,,,10.7,110,1919,6.1,110,1905,3.5,3062,50,5.3,42,1343,63.5,8.9,1019.8,1022.2,0926,1018.0,1457,1020.6,12.1,9.2,1200,3.07,21.09,,,,,,4.4,,14.4,6.4,13.3,13.3,12.4,12.0,,,,,,3.7,5.3,,,,2021,3,11,77,1,0,0,0
257,양산시,2021-03-19,12.5,9.5,0014,17.5,1240,,,,,,,13.5,50,0931,6.3,110,1313,3.8,3314,70,4.9,45,1352,60.8,8.7,1019.4,1022.0,0817,1018.7,1439,1020.2,12.1,7.3,1200,2.96,20.11,,,,,,6.6,,14.6,7.1,13.6,13.6,12.7,12.3,,,,,,3.5,5.0,,,,2021,3,11,78,1,0,0,0
257,양산시,2021-03-20,11.0,9.2,0524,11.9,2306,,,,,,4.6,,,,,,,2.4,2041,50,9.5,66,0001,91.6,12.0,1011.6,1019.5,0001,1009.2,1531,1012.4,12.1,0.0,1100,0.53,2.59,,,,,,9.7,,11.6,8.1,11.8,12.2,12.2,12.2,,,,,,0.7,1.0,,,,2021,3,11,79,1,0,0,1
257,양산시,2021-03-21,11.0,6.3,2339,14.8,1321,,,,,,,12.3,180,1600,6.0,340,1356,3.0,2634,290,1.6,34,1559,55.0,7.2,1011.4,1017.9,2400,1008.9,0406,1012.2,12.2,7.6,1200,2.85,18.35,,,,,,6.8,,12.0,4.4,12.4,12.7,12.3,12.1,,,,,,3.6,5.2,,,,2021,3,11,80,1,0,0,0
257,양산시,2021-03-22,8.8,4.7,0553,14.1,1521,,,,,,,12.1,340,0431,6.0,320,1440,3.4,2977,320,-5.3,21,1500,38.0,4.1,1018.9,1022.1,2346,1017.8,0006,1019.7,12.2,10.5,1200,3.32,23.62,,,,,,2.4,,9.9,2.1,10.2,10.8,10.9,11.1,,,,,,4.1,5.9,,,,2021,3,12,81,1,0,0,0
257,양산시,2021-03-23,10.5,3.1,0634,16.9,1507,,,,,,,11.4,180,1450,6.6,200,1450,2.9,2490,200,0.8,31,1119,53.4,6.6,1020.7,1024.2,1016,1018.9,1646,1021.5,12.2,10.3,1200,3.14,22.36,,,,,,0.0,,10.8,0.0,10.8,11.2,10.9,10.9,,,,,,4.0,5.7,,,,2021,3,12,82,1,0,0,0
257,양산시,2021-03-24,12.1,4.6,0621,17.4,1514,,,,,,,8.7,230,1207,5.5,230,1214,2.8,2408,230,5.9,38,1230,67.6,9.4,1020.2,1023.9,0911,1018.6,1703,1021.0,12.3,6.1,1200,2.45,16.82,,,,,,6.8,,13.3,0.4,12.0,12.0,11.4,11.3,,,,,,2.9,4.2,,,,2021,3,12,83,1,0,0,0
257,양산시,2021-03-25,13.8,6.7,0639,22.3,1444,,,,,,,7.7,230,1512,4.9,250,1751,2.0,1714,200,5.0,26,1250,60.6,8.8,1019.3,1021.8,0918,1018.4,1501,1020.1,12.3,10.3,1200,3.22,22.74,,,,,,1.4,,15.5,1.5,14.4,14.3,12.9,12.2,,,,,,4.5,6.5,,,,2021,3,12,84,1,0,0,0
257,양산시,2021-03-26,14.5,6.7,0613,22.9,1214,,,,,,,10.4,110,1718,4.9,140,1644,1.9,1650,140,5.3,23,1330,57.9,8.9,1020.7,1023.5,0931,1020.0,1716,1021.5,12.3,9.5,1200,3.09,21.6,,,,,,5.4,,14.6,2.2,14.3,14.4,13.4,13.0,,,,,,4.1,5.9,,,,2021,3,12,85,1,0,0,0
257,양산시,2021-03-27,14.2,7.5,0508,18.9,1604,,,,,,37.3,17.7,230,2115,8.7,230,2312,2.9,2524,200,10.7,57,0932,80.5,13.3,1012.9,1021.5,0001,1005.6,2334,1013.6,12.4,0.6,0900,1.07,7.02,,,,,,7.9,,13.0,3.5,13.2,13.4,13.1,13.0,,,,,,1.4,2.0,,,,2021,3,12,86,1,0,0,1
257,양산시,2021-03-28,16.8,12.1,2249,21.7,1537,,,,,,22.4,11.3,230,0014,6.8,250,0004,3.5,3021,230,11.0,45,1614,71.6,13.3,1002.5,1006.3,0010,1000.6,0451,1003.2,12.4,7.7,1200,3.3,20.34,,,,,,4.0,,17.7,9.0,16.9,16.6,14.9,14.1,,,,,,4.0,5.8,,,,2021,3,12,87,1,0,0,1
257,양산시,2021-03-29,15.8,11.4,0341,20.7,1523,,,,,,,9.5,290,0816,5.3,270,0824,2.9,2465,200,6.0,27,1638,55.0,9.5,1006.0,1008.8,2319,1004.8,0246,1006.7,12.5,7.8,1200,2.71,18.78,,,,,,4.1,,15.1,8.5,15.2,15.3,14.6,14.2,,,,,,3.8,5.4,,,,2021,3,13,88,1,0,0,0
257,양산시,2021-03-30,14.6,9.2,2325,22.6,1555,,,,,,,5.7,160,1353,3.2,140,1741,1.4,1210,200,1.1,19,1156,44.0,6.8,1010.5,1014.4,2231,1008.7,0001,1011.2,12.5,7.8,1300,3.2,19.86,,,,,,4.3,,16.3,4.1,15.4,15.5,14.6,14.1,,,,,,4.2,5.9,,,,2021,3,13,89,1,0,0,0
257,양산시,2021-03-31,13.9,5.9,0548,22.4,1420,,,,,,,9.9,110,1733,5.4,110,1746,2.0,1734,90,6.3,33,1338,63.0,9.6,1014.4,1017.2,2128,1012.7,1532,1015.2,12.5,10.1,1200,3.17,22.8,,,,,,4.5,,15.5,0.8,14.8,15.1,14.4,14.0,,,,,,4.2,6.1,,,,2021,3,13,90,1,0,0,0
257,양산시,2021-04-01,14.9,11.7,0248,20.7,1303,,,,,,,18.8,70,1347,8.3,110,1202,4.6,3939,70,5.6,33,1300,55.6,9.2,1018.9,1021.3,2213,1016.5,0013,1019.7,12.6,5.7,1200,3.27,18.78,,,,,,7.4,,15.2,8.9,15.0,15.3,14.7,14.3,,,,,,4.5,6.4,,,,2021,4,13,91,1,0,0,0
257,양산시,2021-04-02,16.2,13.1,0435,21.7,1529,,,,,,,14.5,110,0206,7.3,20,2218,4.4,3768,50,9.5,49,1530,65.3,11.9,1019.7,1022.1,0331,1018.6,1706,1020.4,12.6,3.3,1200,3.03,16.78,,,,,,8.1,,18.8,12.2,16.7,16.6,15.4,14.8,,,,,,3.1,4.5,,,,2021,4,13,92,1,0,0,0
257,양산시,2021-04-03,16.4,12.8,0437,21.8,1204,2.5,2022,8.1,1934,,34.8,9.0,50,0003,5.2,50,0002,1.5,1337,20,14.1,60,1212,87.5,16.3,1013.2,1020.1,0001,1009.8,2400,1013.9,12.7,0.6,1000,1.65,7.47,,,,,,6.0,,16.2,11.1,16.0,16.2,15.7,15.3,,,,,,1.3,1.8,,,,2021,4,13,93,1,0,0,1
257,양산시,2021-04-04,11.1,9.1,2358,17.7,0146,3.7,449,6.6,403,,22.2,13.5,50,0903,7.1,50,1446,4.7,4048,70,7.7,61,1752,80.9,10.9,1013.5,1020.0,2256,1008.3,0334,1014.3,12.7,0.0,1100,1.16,5.76,,,,,,9.7,,12.5,8.6,13.7,14.5,14.8,14.9,,,,,,1.6,2.3,,,,2021,4,13,94,1,0,0,1
257,양산시,2021-04-05,11.4,6.6,0506,16.8,1256,,,,,,,11.2,50,1130,6.4,50,1341,3.5,3009,50,1.9,36,1204,53.6,7.0,1020.8,1022.7,0729,1019.6,0003,1021.6,12.7,10.7,1200,3.45,25.04,,,,,,0.6,,11.7,3.9,12.5,13.1,13.1,13.2,,,,,,4.3,6.2,,,,2021,4,14,95,1,0,0,0
257,양산시,2021-04-06,12.1,4.3,0511,21.5,1533,,,,,,,9.7,110,1623,4.9,20,1617,1.7,1471,230,4.0,23,1602,61.6,8.2,1018.5,1022.4,0001,1015.8,1703,1019.2,12.8,7.2,1300,3.2,20.66,,,,,,2.0,,14.8,0.3,13.7,13.9,13.2,13.1,,,,,,3.8,5.5,,,,2021,4,14,96,1,0,0,0
257,양산시,2021-04-07,15.7,8.6,0617,22.7,1322,,,,,,,9.3,160,0236,5.2,320,0256,2.0,1709,200,3.6,26,1214,47.3,8.0,1017.7,1020.0,0926,1016.5,1559,1018.4,12.8,10.9,1200,3.37,24.59,,,,,,1.8,,16.4,3.2,15.2,15.2,14.3,13.8,,,,,,4.8,6.9,,,,2021,4,14,97,1,0,0,0
257,양산시,2021-04-08,13.6,8.6,0616,21.3,1225,,,,,,,9.1,110,1501,5.0,140,1501,2.5,2170,200,6.2,25,1214,64.6,9.6,1016.7,1019.9,2358,1015.4,1552,1017.4,12.8,10.4,1200,3.37,23.72,,,,,,5.1,,16.1,6.7,15.9,16.1,15.1,14.6,,,,,,4.2,6.0,,,,2021,4,14,98,1,0,0,0
257,양산시,2021-04-09,10.8,6.8,0603,17.4,1058,,,,,,,12.5,110,1554,6.8,50,1314,2.9,2475,90,5.1,48,1033,69.8,8.9,1025.0,1030.8,2222,1019.5,0119,1025.8,12.9,5.3,1000,2.98,17.73,,,,,,4.6,,12.7,2.4,13.3,14.2,14.5,14.5,,,,,,2.8,4.0,,,,2021,4,14,99,1,0,0,0
257,양산시,2021-04-10,10.9,4.8,0457,17.6,1329,,,,,,,10.0,110,1536,5.6,160,1529,2.8,2400,50,3.5,40,1331,62.4,7.8,1030.8,1033.5,0928,1029.9,1513,1031.6,12.9,10.8,1300,3.22,23.96,,,,,,1.5,,13.6,1.7,13.9,14.3,13.9,13.8,,,,,,3.7,5.3,,,,2021,4,14,100,1,0,0,0
257,양산시,2021-04-11,13.1,4.0,0453,21.6,1331,,,,,,,7.7,110,1843,4.3,160,1520,1.8,1527,50,2.4,18,1930,54.4,7.4,1029.8,1033.0,0915,1027.9,1720,1030.6,12.9,10.9,1200,3.42,25.19,,,,,,1.5,,16.1,-0.7,15.0,15.3,14.4,14.1,,,,,,4.6,6.6,,,,2021,4,14,101,1,0,0,0
257,양산시,2021-04-12,13.8,10.0,0309,16.7,2109,1.3,2240,5.3,2202,,19.8,11.8,230,2356,6.6,230,2356,1.8,1569,50,11.6,59,0025,87.4,14.0,1020.1,1029.3,0001,1013.1,2333,1020.9,13.0,0.0,1100,0.85,4.96,,,,,,10.0,,14.1,7.6,14.2,14.6,14.5,14.4,,,,,,1.0,1.4,,,,2021,4,15,102,1,0,0,1
257,양산시,2021-04-13,17.0,11.2,2356,22.3,1527,1.1,56,5.4,17,,14.4,12.5,230,0003,6.8,230,0004,3.1,2674,270,9.8,36,1847,65.9,12.7,1009.7,1014.2,2330,1007.9,0412,1010.4,13.0,6.9,1100,3.27,19.64,,,,,,6.8,,17.7,9.3,17.3,17.2,15.9,15.1,,,,,,4.0,5.7,,,,2021,4,15,103,1,0,0,1
257,양산시,2021-04-14,11.5,6.8,2347,18.2,1540,,,,,,,10.6,340,0922,5.2,340,0534,2.7,2292,320,-0.7,20,1228,46.5,5.9,1016.3,1019.9,2217,1014.1,0001,1017.1,13.1,9.2,1200,3.64,24.78,,,,,,3.4,,15.5,2.4,15.2,15.6,15.2,15.0,,,,,,4.7,6.7,,,,2021,4,15,104,1,0,0,0
257,양산시,2021-04-15,10.9,3.2,0510,18.6,1429,,,,,,,7.0,200,1322,4.0,230,1329,1.4,1244,230,1.2,29,1150,56.0,6.7,1018.6,1021.0,0639,1017.6,1741,1019.4,13.1,8.4,1100,3.1,20.52,,,,,,3.8,,12.9,-1.6,13.6,14.3,14.3,14.3,,,,,,3.3,4.8,,,,2021,4,15,105,1,0,0,0
257,양산시,2021-04-16,13.8,5.2,0532,19.7,1343,,,,,,,10.2,200,1640,6.2,230,1422,2.7,2297,230,10.1,53,1052,80.5,12.7,1016.0,1019.3,0002,1014.9,1547,1016.8,13.1,7.7,1400,2.79,21.27,,,,,,4.9,,16.6,1.3,15.2,15.1,14.4,14.1,,,,,,3.3,4.8,,,,2021,4,15,106,1,0,0,0
257,양산시,2021-04-17,15.2,9.5,2307,20.8,1514,0.0,,0.0,,,0.0,13.7,270,1527,7.2,270,1535,2.7,2349,290,4.6,21,1649,53.8,9.4,1012.1,1016.3,0002,1007.8,1506,1012.8,13.2,5.6,1200,3.31,17.64,,,,,,5.1,,17.5,6.3,16.6,16.7,16.0,15.4,,,,,,4.0,5.8,,,,2021,4,15,107,1,0,0,0
257,양산시,2021-04-18,12.0,5.6,0354,19.1,1605,,,,,,,10.3,290,0958,5.1,290,1054,2.2,1927,290,1.5,29,1544,51.0,6.9,1014.4,1017.1,2349,1013.0,1715,1015.1,13.2,9.3,1200,3.57,24.99,,,,,,2.4,,16.3,1.6,15.2,15.6,15.0,14.8,,,,,,4.6,6.5,,,,2021,4,15,108,1,0,0,0
257,양산시,2021-04-19,14.6,6.6,0441,24.3,1517,,,,,,,8.8,270,1151,5.0,230,1658,2.3,2015,200,2.9,20,1506,50.4,7.7,1015.3,1017.7,0622,1013.2,1618,1016.1,13.2,11.1,1200,3.52,27.18,,,,,,0.1,,17.5,3.2,16.4,16.6,15.7,15.2,,,,,,6.0,8.5,,,,2021,4,16,109,1,0,0,0
257,양산시,2021-04-20,17.6,11.1,0033,26.9,1345,,,,,,,9.7,20,1405,5.3,140,1516,2.0,1733,110,2.8,21,1331,39.9,7.5,1018.8,1022.3,2334,1017.1,0053,1019.6,13.3,9.5,1200,3.41,23.72,,,,,,3.4,,17.6,7.5,17.3,17.6,16.7,16.0,,,,,,5.0,7.2,,,,2021,4,16,110,1,0,1,0
257,양산시,2021-04-21,18.3,8.7,0529,28.8,1413,,,,,,,9.2,250,1508,5.7,250,1508,1.3,1134,250,6.5,22,1406,50.1,9.7,1021.1,1023.4,0824,1020.2,1544,1021.9,13.3,9.3,1200,3.29,24.19,,,,,,4.9,,21.1,5.4,19.2,19.0,17.5,16.7,,,,,,5.2,7.4,,,,2021,4,16,111,1,0,1,0
257,양산시,2021-04-22,20.9,14.8,0534,27.6,1318,,,,,,,11.4,110,2225,5.3,50,0403,2.5,2194,90,6.1,23,1216,39.8,9.5,1019.1,1022.5,0009,1018.1,1658,1019.8,13.3,3.4,1100,3.14,17.69,,,,,,8.8,,21.7,12.7,20.1,20.0,18.7,17.8,,,,,,5.5,7.9,,,,2021,4,16,112,1,0,1,0
257,양산시,2021-04-23,17.2,14.7,2355,21.4,1337,,,,,,,14.7,50,0708,7.3,70,0712,3.8,3251,70,7.3,37,0312,53.0,10.3,1019.0,1021.3,2124,1017.5,0220,1019.7,13.4,0.2,1300,2.02,11.74,,,,,,9.6,,20.3,14.1,18.9,19.0,18.4,17.9,,,,,,3.4,4.9,,,,2021,4,16,113,1,0,0,0
257,양산시,2021-04-24,17.5,13.3,2315,24.5,1452,,,,,,,11.0,70,0014,5.5,70,0030,2.5,2188,70,10.4,45,1442,64.8,12.7,1018.8,1021.6,0806,1017.7,1501,1019.6,13.4,8.1,1100,3.37,24.04,,,,,,5.9,,22.9,11.1,20.4,20.2,18.6,17.8,,,,,,4.1,5.8,,,,2021,4,16,114,1,0,0,0
257,양산시,2021-04-25,15.5,10.9,2400,21.1,1032,,,,,,,13.0,110,1239,6.3,110,1240,2.8,2460,70,7.9,43,1326,62.1,10.7,1019.6,1023.8,2343,1017.4,0401,1020.4,13.4,8.9,1000,3.38,24.54,,,,,,4.8,,21.8,8.7,20.1,20.3,19.2,18.5,,,,,,4.8,6.9,,,,2021,4,16,115,1,0,0,0
257,양산시,2021-04-26,13.9,8.3,0605,19.9,1230,,,,,,,9.6,110,1616,5.3,160,1440,2.6,2252,50,4.0,32,1408,53.4,8.1,1022.0,1024.1,0930,1021.5,1544,1022.8,13.5,11.4,1200,3.47,26.93,,,,,,2.3,,18.9,6.7,18.2,18.8,18.4,18.1,,,,,,4.6,6.6,,,,2021,4,17,116,1,0,0,0
257,양산시,2021-04-27,14.9,7.7,0558,21.6,1200,,,,,,,8.3,200,1536,5.0,200,1414,2.0,1755,230,9.0,38,1207,70.4,11.8,1018.6,1022.8,0022,1017.1,1659,1019.4,13.5,4.8,1100,3.19,19.02,,,,,,8.4,,17.7,5.0,17.6,18.2,18.1,17.8,,,,,,3.3,4.7,,,,2021,4,17,117,1,0,0,0
257,양산시,2021-04-28,17.9,12.4,0601,24.3,1214,,,,,,,8.4,230,1403,5.1,200,1355,2.2,1867,230,11.8,40,1228,70.3,13.8,1014.9,1018.3,0001,1013.2,1721,1015.6,13.5,10.0,1100,3.19,24.01,,,,,,7.0,,22.3,9.7,20.4,20.3,19.0,18.3,,,,,,4.0,5.8,,,,2021,4,17,118,1,0,0,0
257,양산시,2021-04-29,17.0,13.4,0500,23.2,1236,,,,,,,9.0,230,1627,5.5,250,1711,2.1,1808,230,9.2,34,1044,63.5,11.7,1005.9,1013.7,0012,1003.8,1607,1006.6,13.6,7.5,1200,3.07,21.27,,,,,,6.6,,21.9,10.1,20.5,20.7,19.7,19.0,,,,,,4.7,6.8,,,,2021,4,17,119,1,0,0,0
257,양산시,2021-04-30,18.3,13.9,0005,24.2,1444,,,,,,,11.4,250,0147,6.6,250,0154,3.7,3172,230,5.0,17,1717,45.1,9.0,1003.5,1008.6,2222,1001.4,0447,1004.2,13.6,10.0,1200,3.46,25.93,,,,,,5.3,,22.8,12.3,21.2,21.0,19.8,19.1,,,,,,5.8,8.3,,,,2021,4,17,120,1,0,0,0
257,양산시,2021-05-01,12.8,10.3,0423,17.8,1548,0.9,212,3.6,211,,8.2,10.4,270,2216,5.7,230,0017,2.8,2377,290,7.2,46,1639,71.3,10.2,1004.2,1008.7,2327,1001.8,0505,1005.0,13.6,3.3,1000,2.48,13.99,,,,,,7.4,,16.2,8.7,16.4,17.4,18.4,18.6,,,,,,2.8,3.9,,,,2021,5,17,121,1,0,0,1
257,양산시,2021-05-02,12.8,8.5,2329,19.8,1424,0.1,,0.1,,,0.1,7.9,180,0933,4.5,290,0851,2.2,1897,230,6.4,40,1156,67.5,9.6,1014.3,1019.9,2300,1008.6,0103,1015.1,13.7,5.3,1100,3.73,19.21,,,,,,4.4,,14.7,5.1,15.5,16.3,16.6,16.8,,,,,,3.2,4.5,,,,2021,5,17,122,1,0,0,1
257,양산시,2021-05-03,15.0,7.3,0423,21.6,1147,,,,,,,10.6,200,1603,6.3,200,1320,2.9,2492,230,8.0,30,1152,67.3,10.8,1017.8,1020.6,0738,1016.2,1616,1018.5,13.7,11.4,1200,3.59,28.11,,,,,,2.6,,19.2,3.7,17.5,17.7,17.0,16.7,,,,,,5.0,7.1,,,,2021,5,18,123,1,0,0,0
257,양산시,2021-05-04,16.5,11.4,0417,19.3,1843,2.7,2311,12.8,2300,,34.7,15.4,230,2231,7.4,230,2231,3.4,2896,230,14.4,76,0909,88.0,16.6,1012.2,1018.6,0017,1005.8,2354,1013.0,13.7,0.1,0900,1.05,5.98,,,,,,9.3,,16.9,9.2,17.0,17.2,17.2,17.1,,,,,,1.4,2.0,,,,2021,5,18,124,1,0,0,1
257,양산시,2021-05-05,19.6,14.1,2400,24.9,1328,1.2,2,5.1,1,,5.3,12.7,290,1303,7.9,270,1310,3.5,2982,270,6.4,17,1526,47.9,10.5,1010.9,1018.0,2358,1003.3,0259,1011.6,13.7,10.4,1200,3.62,27.63,,,,,,4.3,,20.3,10.7,19.7,19.5,18.3,17.5,,,,,,6.7,9.5,,,,2021,5,18,125,1,0,0,1
257,양산시,2021-05-06,15.9,7.2,0553,22.7,1221,,,,,,,7.4,200,1538,4.5,230,1543,2.0,1765,200,4.2,27,1037,48.4,8.3,1016.3,1020.3,0757,1014.0,2339,1017.0,13.8,6.1,1100,3.23,21.46,,,,,,5.9,,17.5,4.4,16.8,17.4,17.5,17.3,,,,,,4.3,6.2,,,,2021,5,18,126,1,0,0,0
257,양산시,2021-05-07,17.8,12.1,0519,23.5,1330,,,,,,,13.4,230,1338,7.2,230,1413,3.5,3055,230,9.9,30,2116,61.5,12.8,1007.1,1014.1,0001,1003.6,1557,1007.9,13.8,7.3,1300,3.49,24.0,,,,,,6.1,,21.6,9.8,19.8,19.7,18.4,17.7,,,,,,4.6,6.5,,,,2021,5,18,127,1,0,0,0
257,양산시,2021-05-08,16.9,8.6,0430,23.2,1347,,,,,,,11.4,200,1527,6.8,230,1522,3.4,2938,200,6.5,32,1359,51.8,9.9,1004.7,1009.0,0531,1001.9,1849,1005.4,13.8,11.2,1200,3.5,27.72,,,,,,2.6,,20.3,5.5,18.8,19.1,18.4,18.0,,,,,,5.9,8.4,,,,2021,5,18,128,1,0,0,0
257,양산시,2021-05-09,18.3,12.6,0548,26.1,1440,,,,,,,10.1,230,1446,5.6,230,1454,2.2,1936,200,6.0,22,1119,47.8,9.5,1008.1,1011.6,2324,1004.6,0001,1008.8,13.9,11.5,1300,3.36,28.68,,,,,,0.6,,22.8,9.9,20.6,20.6,19.4,18.6,,,,,,5.9,8.4,,,,2021,5,18,129,1,0,1,0
257,양산시,2021-05-10,17.1,12.1,0047,22.1,1530,,,,,,,7.8,110,1544,3.8,140,1605,1.5,1281,50,6.7,33,1506,53.0,9.9,1012.4,1016.0,1037,1011.2,1831,1013.1,13.9,1.8,1200,2.06,13.38,,,,,,8.4,,20.0,9.3,19.4,19.5,19.0,18.7,,,,,,3.0,4.3,,,,2021,5,19,130,1,0,0,0
257,양산시,2021-05-11,17.1,14.7,0121,19.8,1444,,,,,,,10.3,50,1809,4.7,70,1809,3.1,2711,70,8.7,43,1506,58.9,11.3,1014.2,1016.3,1008,1013.6,0110,1015.0,13.9,0.0,1200,1.32,9.09,,,,,,10.0,,18.9,13.9,18.5,18.8,18.6,18.3,,,,,,3.2,4.5,,,,2021,5,19,131,1,0,0,0
257,양산시,2021-05-12,18.8,15.9,0517,24.0,1346,,,,,,,11.8,50,1119,5.3,50,0152,3.5,2997,50,10.8,45,1250,60.0,13.0,1012.0,1014.6,0001,1011.2,1441,1012.7,14.0,5.0,1200,3.17,18.43,,,,,,7.3,,22.5,15.7,20.3,20.1,18.9,18.2,,,,,,4.1,5.8,,,,2021,5,19,132,1,0,0,0
257,양산시,2021-05-13,21.3,15.5,0222,29.3,1446,,,,,,,8.9,250,1556,4.4,250,1604,2.1,1811,50,13.7,37,0845,64.1,16.0,1011.1,1013.4,2354,1010.0,1512,1011.8,14.0,10.8,1200,3.53,27.5,,,,,,3.1,,27.0,14.7,23.5,22.9,20.9,19.6,,,,,,4.8,6.8,,,,2021,5,19,133,1,0,1,0
257,양산시,2021-05-14,21.5,14.9,0418,29.4,1312,,,,,,,8.3,110,1713,4.4,110,1730,1.6,1368,90,15.5,44,1314,70.6,17.6,1011.7,1013.9,0609,1011.3,1741,1012.4,14.0,9.2,1200,3.15,24.14,,,,,,7.1,,26.4,12.9,23.7,23.5,22.0,20.9,,,,,,4.2,6.0,,,,2021,5,19,134,1,0,1,0
257,양산시,2021-05-15,19.9,18.1,0644,21.4,1457,2.1,926,4.9,1141,,13.7,6.1,50,0236,3.9,50,0241,1.9,1620,50,19.1,75,0023,95.8,22.2,1007.7,1012.1,0020,1005.7,1722,1008.4,14.0,0.0,1300,0.78,4.28,,,,,,8.5,5.5,21.1,18.2,21.3,21.7,21.4,20.9,,,,,,0.7,1.0,,,,2021,5,19,135,1,0,0,1
257,양산시,2021-05-16,20.4,17.1,2349,22.8,1027,4.8,1140,11.3,1140,,25.4,9.6,230,1349,5.6,230,1352,2.5,2203,230,20.3,94,1035,100.0,23.8,1002.7,1007.5,0001,1000.6,1649,1003.4,14.1,0.0,1000,0.51,2.72,,,,,,9.9,8.5,21.3,17.4,21.2,21.3,20.8,20.3,,,,,,0.6,0.8,,,,2021,5,19,136,1,0,0,1
257,양산시,2021-05-17,16.0,15.1,2203,18.1,1315,0.3,1223,0.8,2023,,2.9,7.5,50,0906,4.6,50,0907,1.7,1461,50,15.5,88,1152,96.9,17.6,1006.5,1010.5,2305,1003.1,0231,1007.2,14.1,0.0,1200,0.96,4.13,,,,,,8.8,7.1,18.2,15.5,18.7,19.3,19.6,19.5,,,,,,0.7,1.1,,,,2021,5,20,137,1,0,0,1
257,양산시,2021-05-18,17.2,14.8,0345,20.2,1222,0.1,,0.2,,,0.2,6.1,20,0525,3.7,50,0426,1.9,1608,50,16.2,80,1224,94.4,18.4,1010.0,1011.6,1952,1009.3,0101,1010.7,14.1,0.9,1200,1.58,8.3,,,,,,8.1,4.6,18.4,15.0,18.6,19.0,18.9,18.7,,,,,,1.6,2.4,,,,2021,5,20,138,1,0,0,1
257,양산시,2021-05-19,20.8,15.8,0150,28.3,1312,,,,,,,6.6,200,1450,4.1,230,1453,1.6,1377,230,15.6,47,1216,74.6,17.8,1010.5,1012.7,2055,1009.3,1726,1011.2,14.1,9.3,1100,3.56,26.72,,,,,,6.5,0.8,23.4,14.6,22.0,21.6,20.3,19.4,,,,,,4.3,6.2,,,,2021,5,20,139,1,0,1,0
257,양산시,2021-05-20,16.5,15.5,2313,17.8,1326,2.1,1152,6.2,1122,,14.5,11.0,50,1602,5.7,70,1622,2.5,2137,70,15.0,64,0507,91.5,17.1,1004.2,1012.1,0002,1000.4,1754,1004.9,14.2,0.0,1300,0.54,3.3,,,,,,9.4,5.4,17.5,14.7,18.1,18.8,19.4,19.4,,,,,,1.0,1.5,,,,2021,5,20,140,1,0,0,1
257,양산시,2021-05-21,19.3,15.5,0002,23.7,1441,0.1,,0.1,,,0.1,9.9,270,1514,5.2,270,1516,2.2,1877,270,13.8,51,1541,72.3,15.9,1004.6,1009.2,2320,1000.8,0048,1005.3,14.2,4.7,1300,2.62,19.4,,,,,,6.8,4.3,20.8,14.6,20.2,20.0,19.2,18.8,,,,,,3.6,5.1,,,,2021,5,20,141,1,0,0,1
257,양산시,2021-05-22,20.2,13.9,0508,27.8,1434,,,,,,,8.6,250,1515,4.9,200,1544,1.9,1656,230,14.3,43,1343,70.8,16.4,1008.3,1010.6,2335,1006.9,1530,1009.0,14.2,11.5,1200,3.6,29.2,,,,,,1.1,0.6,24.4,12.2,22.7,22.3,20.7,19.7,,,,,,4.9,7.1,,,,2021,5,20,142,1,0,1,0
257,양산시,2021-05-23,22.3,13.9,0452,30.6,1412,,,,,,,7.5,230,1620,4.5,200,1648,1.6,1345,230,15.9,35,1346,69.6,18.1,1009.2,1011.6,0656,1008.5,1527,1009.9,14.2,8.2,1100,3.14,24.5,,,,,,5.9,3.8,25.8,11.6,23.7,23.3,21.8,20.8,,,,,,4.4,6.3,,,,2021,5,20,143,1,0,1,0
257,양산시,2021-05-24,19.6,16.0,2400,24.6,1444,0.3,749,0.5,732,,0.6,8.6,200,1626,4.9,230,1632,1.8,1589,230,16.0,56,1412,80.9,18.2,1006.8,1009.2,2305,1004.8,1518,1007.5,14.2,4.9,1300,3.45,15.32,,,,,,6.9,3.6,23.1,14.1,23.1,23.1,22.0,21.3,,,,,,2.9,4.1,,,,2021,5,21,144,1,0,0,1
257,양산시,2021-05-25,18.5,12.0,0448,25.9,1425,,,,,,,12.8,320,1458,6.3,320,1503,2.3,1949,270,8.2,20,1655,56.3,11.2,1006.5,1010.8,2349,1003.6,1340,1007.2,14.3,7.4,1300,3.16,21.9,,,,,,4.5,2.0,21.9,9.7,21.8,22.0,21.2,20.6,,,,,,5.0,7.1,,,,2021,5,21,145,1,0,1,0
257,양산시,2021-05-26,18.0,12.4,0225,23.3,1340,0.0,,0.0,,,0.0,10.1,230,2209,5.7,230,2211,1.9,1638,230,8.8,30,1200,57.5,11.6,1009.5,1013.0,0712,1007.9,1645,1010.2,14.3,2.8,1000,2.86,16.48,,,,,,9.6,2.9,21.6,10.4,20.3,20.8,20.4,20.3,,,,,,3.4,4.8,,,,2021,5,21,146,1,0,0,0
257,양산시,2021-05-27,17.6,13.8,0356,23.3,1716,0.3,120,0.6,236,,1.0,9.0,230,1456,5.7,200,1532,2.0,1742,230,14.6,54,1812,83.8,16.7,1002.1,1008.0,0001,1000.4,1542,1002.8,14.3,2.6,1500,1.85,11.93,,,,,,5.6,4.1,19.4,11.0,20.2,20.3,20.2,20.2,,,,,,2.4,3.5,,,,2021,5,21,147,1,0,0,1
257,양산시,2021-05-28,17.4,10.5,0504,23.8,1310,7.4,1637,13.4,1619,,13.4,16.4,230,1253,8.9,230,1255,2.5,2122,230,14.2,60,1051,82.9,16.3,1001.5,1006.6,0301,997.9,1613,1002.2,14.3,7.6,1200,3.6,21.43,,,,,,1.4,1.3,20.1,7.0,19.8,19.9,19.8,19.8,,,,,,3.7,5.2,,,,2021,5,21,148,1,0,0,1
257,양산시,2021-05-29,19.6,12.5,0452,26.2,1308,,,,,,,9.0,200,1443,5.5,200,1527,2.0,1758,200,12.3,39,1300,65.8,14.3,1005.4,1008.6,2354,1001.7,0001,1006.1,14.3,10.6,1200,3.62,28.94,,,,,,3.0,1.4,22.2,9.7,20.9,21.0,20.1,19.9,,,,,,5.2,7.5,,,,2021,5,21,149,1,0,1,0
257,양산시,2021-05-30,20.1,13.8,0508,27.1,1354,,,,,,,7.8,140,1354,3.4,250,1349,1.3,1149,160,12.8,40,1153,66.3,14.8,1009.1,1011.8,2140,1008.3,1353,1009.8,14.4,11.2,1200,3.58,28.68,,,,,,2.1,1.3,24.6,10.9,22.7,22.8,21.6,21.0,,,,,,4.8,6.8,,,,2021,5,21,150,1,0,1,0
257,양산시,2021-05-31,20.9,14.7,0331,28.2,1503,0.6,646,1.3,623,,1.3,6.7,70,1841,3.6,70,1846,1.7,1472,230,13.0,39,1409,63.1,15.0,1011.6,1015.0,2152,1010.3,1525,1012.3,14.4,7.2,1400,3.12,23.41,,,,,,5.5,2.4,23.7,12.9,22.9,23.0,22.0,21.6,,,,,,5.0,7.2,,,,2021,5,22,151,1,0,1,1
257,양산시,2021-06-01,22.3,15.1,0535,29.1,1358,,,,,,,8.4,20,0239,4.3,50,0244,1.8,1533,230,13.1,35,1339,58.9,15.1,1013.9,1016.0,0714,1013.2,1622,1014.6,14.4,9.8,1300,3.35,26.73,,,,,,5.4,0.3,26.6,13.5,24.2,24.3,22.7,22.1,,,,,,5.1,7.2,,,,2021,6,22,152,0,0,1,0
257,양산시,2021-06-02,21.9,16.8,0427,28.9,1309,,,,,,,6.6,200,1439,4.2,230,1456,1.4,1247,230,14.7,42,1120,66.0,16.7,1013.0,1015.8,0729,1012.0,1805,1013.7,14.4,4.2,1200,3.05,18.81,,,,,,8.1,0.4,25.3,14.6,24.2,24.4,23.4,22.8,,,,,,3.5,5.1,,,,2021,6,22,153,0,0,1,0
257,양산시,2021-06-03,19.1,16.4,0456,20.8,1409,1.0,1030,3.1,1016,,16.8,4.3,230,2258,2.6,50,1726,0.8,674,50,18.3,78,0657,95.5,21.2,1003.9,1012.6,0001,998.7,2018,1004.6,14.4,0.0,1300,0.72,4.17,,,,,,9.4,4.5,20.8,14.1,21.4,21.6,21.8,21.9,,,,,,1.0,1.5,,,,2021,6,22,154,0,0,0,1
257,양산시,2021-06-04,21.5,16.9,0635,27.7,1454,0.3,518,0.8,457,,1.8,7.7,320,1327,4.1,200,1731,1.9,1645,230,14.7,36,1541,68.9,16.9,1000.8,1003.4,2216,999.2,0125,1001.5,14.4,7.8,1300,3.63,25.17,,,,,,6.1,2.5,24.5,16.0,23.4,23.5,22.2,21.7,,,,,,4.9,7.0,,,,2021,6,22,155,0,0,1,1
257,양산시,2021-06-05,20.9,14.6,0417,26.8,1307,,,,,,,9.6,230,1620,6.0,200,1352,3.2,2760,230,16.1,49,1004,76.0,18.4,1002.6,1005.2,2244,1001.7,1519,1003.3,14.5,10.1,1300,3.39,27.99,,,,,,4.8,0.3,24.5,12.9,23.2,23.3,22.5,22.0,,,,,,5.0,7.1,,,,2021,6,22,156,0,0,1,0
257,양산시,2021-06-06,22.3,17.1,0445,28.3,1404,,,,,,,8.6,230,1445,5.0,230,1310,2.7,2363,230,17.4,52,1405,75.6,19.9,1007.6,1012.2,2355,1005.0,0001,1008.3,14.5,9.7,1200,3.39,26.69,,,,,,2.8,0.8,26.4,15.3,24.7,24.8,23.3,22.6,,,,,,4.9,6.9,,,,2021,6,22,157,0,0,1,0
257,양산시,2021-06-07,23.3,16.2,0524,30.6,1208,,,,,,,8.4,230,1322,4.9,230,1322,2.1,1819,230,16.9,37,1217,69.6,19.3,1013.1,1015.4,2216,1012.2,0001,1013.8,14.5,9.0,1100,3.39,25.52,,,,,,2.4,1.0,26.0,13.8,25.0,25.1,24.0,23.3,,,,,,4.9,7.0,,,,2021,6,23,158,0,0,1,0
257,양산시,2021-06-08,24.9,18.5,0446,31.4,1417,,,,,,,6.7,110,1515,3.7,250,1435,1.8,1598,230,15.9,28,1113,59.4,18.2,1014.8,1016.2,2150,1014.6,0136,1015.5,14.5,10.7,1200,3.41,27.68,,,,,,5.3,3.0,29.0,16.9,26.5,26.7,24.9,24.0,,,,,,5.6,8.0,,,,2021,6,23,159,0,0,1,0
257,양산시,2021-06-09,24.7,18.3,0457,32.4,1304,,,,,,,8.0,50,2235,4.4,140,1547,1.7,1466,90,14.9,37,1306,56.4,17.0,1015.2,1017.4,0704,1014.2,1521,1015.9,14.5,10.6,1200,3.4,27.37,,,,,,4.1,2.1,29.3,15.9,27.3,27.4,25.8,24.8,,,,,,5.8,8.3,,,,2021,6,23,160,0,0,1,0
257,양산시,2021-06-10,23.7,17.7,0356,29.5,1215,0.0,,0.0,,,0.0,6.3,200,1227,3.4,230,1342,1.6,1364,230,17.3,42,0955,68.4,20.0,1013.3,1015.9,0001,1012.3,2351,1014.0,14.5,4.8,1100,3.0,18.49,,,,,,8.1,1.4,26.9,15.5,25.9,26.1,25.4,24.9,,,,,,3.3,4.7,,,,2021,6,23,161,0,0,1,0
257,양산시,2021-06-11,21.1,20.0,0544,23.1,0001,2.5,1906,9.1,1840,,48.8,8.4,200,0951,4.2,230,0956,1.2,1029,230,20.9,84,0001,99.3,24.8,1011.3,1013.1,2239,1011.1,0436,1012.0,14.5,0.0,1300,0.59,3.98,,,,,,7.3,4.3,23.1,20.5,23.6,23.8,24.1,24.1,,,,,,0.8,1.1,,,,2021,6,23,162,0,0,0,1
257,양산시,2021-06-12,22.6,21.5,2239,24.8,1317,1.5,517,5.9,442,,15.8,6.3,50,0930,3.5,50,0938,1.6,1362,50,21.8,83,1327,95.8,26.1,1011.2,1013.3,0844,1010.4,2024,1011.9,14.5,0.0,1400,0.93,7.82,,,,,,6.6,5.4,24.2,21.0,23.7,23.8,23.3,23.1,,,,,,1.5,2.1,,,,2021,6,23,163,0,0,0,1
257,양산시,2021-06-13,24.4,21.1,0527,30.1,1338,,,,,,,7.2,160,1652,3.7,160,1655,1.3,1163,160,21.5,62,1349,84.9,25.6,1007.8,1011.4,0001,1006.1,1721,1008.5,14.5,3.1,1300,3.29,17.27,,,,,,5.8,4.3,27.5,20.2,25.7,25.8,24.1,23.5,,,,,,3.1,4.4,,,,2021,6,23,164,0,0,1,0
257,양산시,2021-06-14,23.1,19.7,0515,27.4,1301,,,,,,,7.9,110,1810,3.6,50,0658,1.5,1307,90,19.9,64,1303,83.3,23.3,1006.2,1008.3,0620,1005.7,1738,1006.9,14.5,0.6,1200,1.74,12.06,,,,,,7.8,3.6,24.1,18.5,24.4,24.5,24.0,23.7,,,,,,2.3,3.3,,,,2021,6,24,165,0,0,1,0
257,양산시,2021-06-15,21.8,19.3,2314,24.5,1233,1.1,2140,3.5,2118,,9.7,11.6,110,2345,4.9,70,2350,2.4,2114,50,19.6,74,1156,88.1,22.8,1004.0,1006.8,0001,1003.4,1615,1004.7,14.5,0.0,1200,0.79,6.45,,,,,,8.0,4.8,22.8,18.7,23.1,23.2,23.2,23.0,,,,,,1.3,1.9,,,,2021,6,24,166,0,0,0,1
257,양산시,2021-06-16,20.2,18.2,0101,23.9,1335,3.4,56,8.1,42,,13.0,11.5,50,1043,5.2,70,0433,3.6,3130,70,18.3,74,1318,89.6,21.1,1004.1,1007.4,2321,1002.6,0332,1004.8,14.5,0.4,1000,1.99,10.31,,,,,,7.5,4.5,21.7,18.3,21.9,22.0,22.2,22.1,,,,,,1.9,2.7,,,,2021,6,24,167,0,0,0,1
257,양산시,2021-06-17,20.2,18.0,0425,24.9,1341,0.2,,0.2,,,0.5,8.0,50,0832,4.0,50,0743,2.3,2027,70,17.6,68,1343,85.8,20.2,1006.2,1008.1,0545,1005.9,2358,1006.9,14.5,0.4,1300,2.26,12.67,,,,,,9.3,5.8,22.7,17.5,22.5,22.5,21.9,21.8,,,,,,2.1,3.0,,,,2021,6,24,168,0,0,0,1
257,양산시,2021-06-18,21.4,18.6,0217,25.3,1441,0.6,508,1.7,428,,2.6,6.9,200,1609,4.3,230,1640,1.6,1408,230,19.6,75,1318,90.4,22.8,1001.4,1005.9,0001,1000.1,1754,1002.1,14.5,0.5,1200,2.09,13.38,,,,,,9.1,3.8,23.8,18.9,23.2,23.3,22.5,22.1,,,,,,2.7,3.8,,,,2021,6,24,169,0,0,1,1
257,양산시,2021-06-19,23.9,18.7,0534,29.8,1256,,,,,,,6.6,140,1342,3.7,110,1350,1.6,1376,200,17.5,43,1204,71.0,20.1,1000.1,1002.8,2300,999.6,1313,1000.8,14.5,9.2,1100,3.59,24.9,,,,,,2.0,0.0,25.4,16.8,24.2,24.2,23.3,22.7,,,,,,4.6,6.5,,,,2021,6,24,170,0,0,1,0
257,양산시,2021-06-20,23.9,17.1,0523,29.9,1333,,,,,,,7.5,230,1540,4.8,230,1624,1.9,1677,200,18.6,50,1307,74.1,21.4,1001.5,1003.5,0756,1001.1,1710,1002.2,14.6,10.8,1200,3.52,28.47,,,,,,5.1,0.1,27.5,15.6,25.9,25.9,24.4,23.6,,,,,,5.4,7.7,,,,2021,6,24,171,0,0,1,0
257,양산시,2021-06-21,24.0,18.7,0328,32.8,1403,,,,,,,9.9,140,1735,5.4,110,1551,2.4,2059,200,17.4,35,1350,69.3,19.9,1003.6,1008.2,2318,1001.7,0356,1004.3,14.6,9.5,1200,3.68,27.4,,,,,,4.6,0.5,28.0,16.9,26.8,27.0,25.3,24.5,,,,,,5.7,8.2,,,,2021,6,25,172,0,0,1,0
257,양산시,2021-06-22,22.4,18.6,0512,28.0,1456,0.0,,0.0,,,0.0,7.4,70,0118,3.9,50,0337,2.3,1978,70,17.1,56,1443,72.6,19.5,1009.1,1011.9,2349,1008.0,0200,1009.8,14.5,8.2,1100,3.73,26.13,,,,,,6.3,3.1,28.3,17.4,26.7,26.8,25.5,24.8,,,,,,4.3,6.2,,,,2021,6,25,173,0,0,1,0
257,양산시,2021-06-23,21.5,19.0,0258,26.2,1430,,,,,,,8.3,110,1632,4.1,110,1632,2.5,2146,50,17.0,60,1513,76.4,19.4,1010.9,1013.2,2201,1010.4,0102,1011.6,14.5,2.6,1100,2.55,17.94,,,,,,7.4,5.3,25.8,18.3,25.4,25.6,25.0,24.6,,,,,,3.4,4.9,,,,2021,6,25,174,0,0,1,0
257,양산시,2021-06-24,22.5,19.2,2346,27.6,1331,,,,,,,6.2,200,1412,4.0,230,1407,1.8,1579,50,17.7,56,1332,75.0,20.2,1011.4,1013.3,0754,1010.6,1715,1012.1,14.5,3.3,1100,3.47,20.4,,,,,,7.1,5.5,27.1,18.4,26.2,26.4,25.2,24.6,,,,,,3.8,5.5,,,,2021,6,25,175,0,0,1,0
257,양산시,2021-06-25,23.3,17.6,0513,29.3,1258,,,,,,,6.1,250,1338,3.6,230,1602,1.4,1197,230,18.5,57,1205,76.8,21.4,1010.6,1012.6,0650,1009.5,1656,1011.3,14.6,8.6,1100,3.52,23.99,,,,,,6.9,4.1,27.0,16.5,26.3,26.5,25.6,25.0,,,,,,3.9,5.6,,,,2021,6,25,176,0,0,1,0
257,양산시,2021-06-26,23.3,19.5,2345,29.7,1433,0.1,,0.1,,,0.1,5.6,200,1546,3.3,250,1618,1.0,892,110,18.5,49,1308,76.4,21.3,1009.9,1012.6,0831,1009.2,1509,1010.6,14.5,3.2,1200,3.08,18.68,,,,,,8.1,1.9,27.8,18.4,26.9,27.1,25.9,25.3,,,,,,4.0,5.7,,,,2021,6,25,177,0,0,1,1
257,양산시,2021-06-27,24.3,17.6,0453,30.6,1351,,,,,,,9.4,110,1717,4.4,50,0624,2.3,2023,70,18.3,49,1354,70.6,21.1,1006.9,1010.3,0001,1005.3,1742,1007.6,14.5,9.4,1400,3.12,26.23,,,,,,5.1,0.5,29.0,16.7,27.3,27.4,26.1,25.4,,,,,,5.3,7.5,,,,2021,6,25,178,0,0,1,0
257,양산시,2021-06-28,24.9,22.0,0521,30.1,1337,,,,,,,11.2,110,1536,5.0,110,1543,2.8,2418,90,18.7,53,1148,69.9,21.6,1004.4,1007.1,0015,1003.3,1737,1005.1,14.5,7.2,1000,3.21,24.89,,,,,,6.4,1.9,30.1,21.7,28.2,28.3,26.9,26.1,,,,,,5.0,7.2,,,,2021,6,26,179,0,0,1,0
257,양산시,2021-06-29,24.9,20.7,0416,31.0,1405,,,,,,,8.7,160,1559,5.0,160,1607,2.3,1964,50,18.9,52,1133,70.4,21.9,1005.3,1007.9,2313,1005.1,0259,1006.0,14.5,7.7,1100,3.29,23.67,,,,,,5.3,4.0,30.1,19.7,28.1,28.3,26.9,26.3,,,,,,4.4,6.2,,,,2021,6,26,180,0,0,1,0
257,양산시,2021-06-30,24.7,20.6,0228,30.9,1309,,,,,,,10.1,110,1717,5.6,110,1753,2.3,1944,90,19.4,53,1312,73.8,22.6,1006.7,1008.6,1000,1006.4,1728,1007.4,14.5,5.1,1200,3.08,23.0,,,,,,6.9,1.6,30.1,20.0,28.8,29.0,27.4,26.6,,,,,,4.8,6.9,,,,2021,6,26,181,0,0,1,0
257,양산시,2021-07-01,25.8,20.9,0306,33.2,1332,,,,,,,7.9,50,2339,4.1,50,0702,2.6,2259,50,18.7,51,1333,66.0,21.8,1006.0,1007.9,0222,1004.8,1735,1006.7,14.5,4.4,1300,3.17,20.67,,,,,,6.1,2.4,30.5,21.5,29.0,29.2,27.5,26.8,,,,,,4.6,6.5,,,,2021,7,26,182,0,0,1,0
257,양산시,2021-07-02,24.6,21.5,0421,27.9,1423,,,,,,,9.9,50,1845,5.3,50,1900,3.2,2733,50,19.5,57,0001,73.6,22.7,1008.6,1011.3,2207,1007.3,0006,1009.3,14.5,1.2,1200,2.04,14.23,,,,,,7.0,5.1,28.3,21.4,27.6,27.7,27.0,26.6,,,,,,3.1,4.5,,,,2021,7,26,183,0,0,1,0
257,양산시,2021-07-03,23.7,21.9,1534,26.4,0958,1.7,1502,6.9,1502,,19.0,11.1,90,1439,4.6,50,1913,2.8,2414,70,21.4,70,0932,87.9,25.6,1007.8,1011.5,0040,1005.1,2400,1008.5,14.5,0.0,0900,1.38,5.68,,,,,,8.6,,25.0,22.8,25.4,25.5,25.8,25.8,,,,,,1.1,1.5,,,,2021,7,26,184,0,0,1,1
257,양산시,2021-07-04,25.5,22.6,2330,30.1,1230,7.5,37,17.6,26,,59.4,15.1,230,0429,7.4,230,0056,4.7,4082,200,23.2,66,1332,88.0,28.4,1005.3,1010.3,2215,1002.1,0354,1006.0,14.5,4.1,1200,3.5,18.35,,,,,,8.1,2.9,26.3,22.9,26.4,26.6,25.6,25.1,,,,,,3.6,5.2,,,,2021,7,26,185,0,0,1,1
257,양산시,2021-07-05,23.2,21.6,0630,25.3,2344,4.0,2207,7.7,2210,,23.4,10.4,230,2349,5.8,230,2400,1.5,1333,230,22.4,76,1636,95.9,27.2,1009.7,1012.0,0950,1008.2,2350,1010.4,14.5,0.0,1200,1.13,5.6,,,,,,10.0,4.3,24.8,22.7,24.8,25.0,24.9,24.8,,,,,,0.9,1.3,,,,2021,7,27,186,0,0,1,1
257,양산시,2021-07-06,23.5,21.2,1225,25.3,0008,11.1,558,43.5,551,,200.5,12.1,230,0011,6.2,230,0007,2.4,2096,230,23.3,96,1317,99.8,28.7,1007.7,1009.9,1851,1006.7,0809,1008.4,14.5,0.0,1300,0.86,2.63,,,,,,10.0,7.8,24.4,23.0,24.3,24.5,24.1,24.0,,,,,,0.7,0.9,,,,2021,7,27,187,0,0,1,1
257,양산시,2021-07-07,24.6,22.3,2146,28.4,1044,7.9,1308,23.4,1301,,63.2,8.7,340,1312,4.3,320,1316,2.0,1709,200,24.0,85,1048,97.5,30.0,1007.7,1009.9,1302,1006.9,1856,1008.4,14.4,0.0,1000,0.79,3.0,,,,,,9.8,5.4,24.6,23.5,24.6,24.7,24.3,24.1,,,,,,0.7,1.0,,,,2021,7,27,188,0,0,1,1
257,양산시,2021-07-08,24.9,22.3,0321,30.4,1235,10.1,1854,17.8,1837,,25.1,9.0,20,1843,4.3,50,1846,1.1,963,250,23.8,69,1222,94.9,29.6,1005.3,1007.3,0001,1004.8,0410,1006.0,14.4,1.6,1000,2.8,10.53,,,,,,9.6,5.5,26.0,23.6,25.4,25.5,24.8,24.4,,,,,,1.9,2.7,,,,2021,7,27,189,0,0,1,1
257,양산시,2021-07-09,24.5,22.1,0220,29.1,1238,7.5,1358,11.7,1358,,25.8,4.7,140,1537,3.0,50,1433,0.9,757,50,23.9,77,1233,97.4,29.6,1005.2,1007.6,2314,1004.4,0426,1005.9,14.4,0.5,1100,2.07,9.16,,,,,,8.8,5.1,25.4,23.6,25.5,25.7,25.1,24.7,,,,,,1.9,2.6,,,,2021,7,27,190,0,0,1,1
257,양산시,2021-07-10,26.5,23.1,0517,30.5,1321,,,,,,,9.7,230,1533,5.8,230,1537,2.2,1889,230,23.7,68,1318,86.1,29.4,1008.0,1011.2,2305,1007.1,0251,1008.7,14.4,6.3,1100,3.06,23.0,,,,,,6.4,3.5,28.0,23.7,27.4,27.5,26.1,25.5,,,,,,4.4,6.2,,,,2021,7,27,191,0,0,1,0
257,양산시,2021-07-11,27.9,24.1,0337,32.1,1347,,,,,,,8.7,230,1040,5.3,230,1302,2.9,2546,230,24.4,63,1208,82.9,30.6,1009.9,1012.0,0923,1009.3,1644,1010.6,14.4,8.7,1300,3.49,26.28,,,,,,5.4,2.5,29.6,24.4,28.7,28.7,27.1,26.3,,,,,,4.7,6.7,,,,2021,7,27,192,0,0,1,0
257,양산시,2021-07-12,28.4,25.5,0618,33.7,1348,,,,,,,8.5,230,1644,4.9,230,1540,2.3,1949,230,25.4,65,1349,84.6,32.4,1009.9,1011.6,0616,1009.4,1550,1010.6,14.4,8.4,1200,3.46,25.34,,,,,,5.9,2.1,32.2,26.3,30.3,30.5,28.4,27.3,,,,,,4.9,7.0,,,,2021,7,28,193,0,0,1,0
257,양산시,2021-07-13,28.0,24.5,0435,31.8,1548,,,,,,,8.6,200,1310,5.5,200,1251,2.7,2312,230,25.0,69,1519,84.9,31.6,1010.8,1012.7,2325,1010.4,1540,1011.5,14.4,9.6,1300,3.34,25.74,,,,,,5.5,2.1,32.2,25.2,30.5,30.7,29.0,28.1,,,,,,4.9,7.1,,,,2021,7,28,194,0,0,1,0
257,양산시,2021-07-14,28.5,24.2,0550,32.9,1231,,,,,,,8.4,230,1549,4.8,230,1507,2.4,2057,230,25.1,67,1429,82.9,31.8,1012.4,1014.3,2354,1011.9,1720,1013.1,14.3,9.1,1100,3.71,26.18,,,,,,4.5,1.4,33.3,24.1,30.9,31.2,29.5,28.6,,,,,,5.1,7.3,,,,2021,7,28,195,0,0,1,0
257,양산시,2021-07-15,28.4,24.7,0553,33.7,1122,0.0,,0.0,,,0.0,6.6,250,1327,4.3,230,1330,1.7,1483,230,24.5,54,1056,80.9,30.8,1014.3,1016.0,2356,1014.0,1649,1015.0,14.3,6.8,1100,3.54,19.66,,,,,,4.4,1.1,30.9,24.6,30.4,30.6,29.6,28.9,,,,,,3.8,5.4,,,,2021,7,28,196,0,0,1,0
257,양산시,2021-07-16,27.5,23.8,2225,32.8,1249,0.0,,0.0,,,0.0,9.2,140,1427,4.5,160,1333,1.9,1684,50,23.6,59,1251,81.0,29.2,1014.1,1016.5,0644,1013.1,1514,1014.8,14.3,8.0,1200,3.42,24.61,,,,,,6.6,2.1,32.6,23.8,31.0,31.3,29.8,28.9,,,,,,4.5,6.4,,,,2021,7,28,197,0,0,1,0
257,양산시,2021-07-17,25.6,23.1,0244,29.5,1609,8.3,111,21.0,37,,33.1,8.4,160,1252,3.9,140,1307,2.0,1737,70,23.0,70,1610,86.4,28.2,1012.1,1014.3,0001,1012.0,1530,1012.8,14.3,1.8,1200,2.28,14.38,,,,,,7.0,4.0,27.1,23.5,27.8,27.9,28.2,28.2,,,,,,2.8,3.9,,,,2021,7,28,198,0,0,1,1
257,양산시,2021-07-18,27.0,23.7,0535,31.9,1426,,,,,,,7.5,110,1233,3.6,90,0218,2.1,1772,50,22.8,61,1453,78.5,27.7,1011.5,1013.3,2239,1011.2,1418,1012.2,14.3,3.0,1400,3.2,16.2,,,,,,7.4,5.5,28.9,23.8,28.2,28.3,27.5,27.3,,,,,,3.2,4.5,,,,2021,7,28,199,0,0,1,0
257,양산시,2021-07-19,27.3,23.4,0510,31.9,1617,0.2,,0.4,443,,0.5,5.7,50,2335,3.2,70,2133,1.3,1097,50,23.7,61,1625,81.5,29.3,1013.0,1014.9,2332,1012.6,0118,1013.7,14.2,0.7,1200,2.1,13.68,,,,,,9.5,6.0,28.0,24.3,28.0,28.1,27.6,27.2,,,,,,3.0,4.3,,,,2021,7,29,200,0,0,1,1
257,양산시,2021-07-20,29.5,25.9,0534,34.1,1507,,,,,,,7.0,50,1253,3.5,110,1552,2.2,1866,50,23.4,52,1329,71.0,28.8,1013.6,1015.8,0756,1012.7,1729,1014.3,14.2,10.3,1100,3.21,25.25,,,,,,6.3,1.9,31.3,25.3,29.8,30.1,28.4,27.7,,,,,,5.3,7.6,,,,2021,7,29,201,0,0,1,0
257,양산시,2021-07-21,28.8,25.1,0452,33.2,1408,,,,,,,9.7,110,1411,4.5,110,1418,2.7,2369,90,22.6,55,1214,70.0,27.4,1012.0,1014.1,0001,1011.1,1700,1012.7,14.2,7.9,1200,3.07,22.61,,,,,,8.3,0.3,30.5,24.4,29.8,30.1,28.8,28.1,,,,,,4.8,6.9,,,,2021,7,29,202,0,0,1,0
257,양산시,2021-07-22,28.6,25.8,0324,33.4,1328,,,,,,,9.6,70,1244,3.7,70,1245,2.4,2116,70,23.1,57,1258,73.0,28.3,1010.5,1013.0,0001,1010.1,1503,1011.2,14.2,6.5,1200,3.59,22.14,,,,,,7.1,1.5,31.4,24.6,30.1,30.4,29.1,28.4,,,,,,4.5,6.5,,,,2021,7,29,203,0,0,1,0
257,양산시,2021-07-23,28.7,25.3,0520,34.1,1255,,,,,,,8.5,110,2205,3.3,50,0007,2.3,1984,90,23.4,58,1300,74.0,28.7,1008.9,1011.0,0001,1008.3,1832,1009.6,14.2,6.5,1100,3.21,22.08,,,,,,7.6,1.3,31.6,24.7,30.4,30.7,29.4,28.7,,,,,,4.6,6.6,,,,2021,7,29,204,0,0,1,0
257,양산시,2021-07-24,28.7,25.8,0429,33.8,1441,,,,,,,7.3,140,2034,3.9,110,1749,2.4,2108,110,23.4,58,1312,74.3,28.8,1008.1,1010.1,0735,1007.6,1605,1008.8,14.1,8.4,1200,3.27,23.19,,,,,,7.3,1.4,33.4,25.7,31.3,31.5,30.0,29.2,,,,,,4.7,6.7,,,,2021,7,29,205,0,0,1,0
257,양산시,2021-07-25,28.5,25.5,0519,32.9,1608,,,,,,,7.3,50,1144,3.8,50,0717,2.2,1924,50,22.4,52,1302,71.1,27.1,1006.8,1008.8,0553,1006.2,1607,1007.5,14.1,5.5,1200,2.6,19.82,,,,,,7.8,3.0,32.8,25.3,30.7,30.9,30.0,29.3,,,,,,4.3,6.1,,,,2021,7,29,206,0,0,1,0
257,양산시,2021-07-26,28.4,24.9,0432,33.0,1203,,,,,,,8.1,110,1233,4.0,50,0015,2.1,1829,50,22.2,51,1508,70.3,26.7,1004.5,1007.4,0001,1004.1,1741,1005.2,14.1,8.7,1100,3.51,24.89,,,,,,2.4,1.3,33.0,23.7,31.2,31.5,30.2,29.4,,,,,,5.3,7.5,,,,2021,7,30,207,0,0,1,0
257,양산시,2021-07-27,28.8,23.8,0517,34.7,1330,,,,,,,10.0,140,1454,5.1,140,1448,2.5,2117,50,23.3,55,1317,73.6,28.7,1002.6,1004.9,0001,1001.7,1614,1003.3,14.1,10.6,1300,3.56,28.88,,,,,,3.8,1.3,34.5,22.7,32.1,32.3,30.8,29.9,,,,,,5.8,8.3,,,,2021,7,30,208,0,0,1,0
257,양산시,2021-07-28,28.2,22.8,0546,34.3,1339,,,,,,,8.1,160,1410,4.5,160,1418,1.7,1449,110,22.9,56,1140,74.3,28.0,1002.5,1004.5,0805,1001.7,1707,1003.2,14.0,8.7,1300,3.13,23.3,,,,,,3.5,0.5,33.7,22.3,31.7,31.8,30.7,30.1,,,,,,4.7,6.7,,,,2021,7,30,209,0,0,1,0
257,양산시,2021-07-29,28.0,23.0,0426,33.8,1209,,,,,,,6.7,250,1307,3.9,270,1756,1.4,1232,180,22.8,57,1150,74.9,27.8,1001.8,1003.9,0436,1001.0,1712,1002.5,14.0,7.1,1000,2.63,20.42,,,,,,5.3,1.5,31.9,22.1,31.1,31.3,30.5,29.9,,,,,,4.1,5.8,,,,2021,7,30,210,0,0,1,0
257,양산시,2021-07-30,28.6,23.8,0509,34.9,1401,,,,,,,7.7,200,1515,4.3,230,1517,2.1,1851,200,22.8,47,1428,72.8,27.8,1000.7,1002.6,0628,1000.3,1446,1001.4,14.0,10.7,1300,3.58,26.12,,,,,,6.4,0.1,35.0,23.1,32.1,32.3,30.8,30.0,,,,,,5.3,7.5,,,,2021,7,30,211,0,0,1,0
257,양산시,2021-07-31,29.3,24.8,0244,34.1,1130,0.1,,0.1,,,0.1,7.2,200,1353,4.1,230,1402,1.6,1352,230,25.0,64,1131,78.9,31.9,1000.0,1002.5,0810,999.2,1555,1000.7,13.9,5.6,1100,3.13,20.06,,,,,,6.4,2.6,34.4,24.2,32.1,32.2,31.1,30.4,,,,,,4.2,6.0,,,,2021,7,30,212,0,0,1,1
257,양산시,2021-08-01,29.2,26.2,2337,35.3,1123,2.4,1626,3.7,1536,,3.7,8.0,340,1626,4.5,290,1633,1.2,1025,70,26.1,60,1249,84.6,33.8,999.9,1002.0,2300,998.8,1534,1000.6,13.9,6.2,1100,3.31,20.14,,,,,,5.9,2.6,35.9,26.0,32.4,32.5,31.5,30.8,,,,,,3.8,5.5,,,,2021,8,30,213,0,0,1,1
257,양산시,2021-08-02,29.3,25.5,0519,34.3,1422,,,,,,,8.5,250,1454,5.2,250,1500,1.8,1598,230,24.4,50,1718,76.6,30.6,1003.0,1006.4,2350,1001.8,0210,1003.7,13.9,9.3,1200,3.4,24.34,,,,,,5.6,1.9,33.6,25.2,32.1,32.3,31.0,30.4,,,,,,5.1,7.3,,,,2021,8,31,214,0,0,1,0
257,양산시,2021-08-03,28.6,24.0,0449,34.6,1407,,,,,,,6.8,200,1526,4.0,230,1529,1.3,1149,140,23.6,52,1436,75.6,29.1,1007.6,1010.2,2325,1005.8,0144,1008.3,13.9,5.7,1300,3.37,20.49,,,,,,6.5,,33.5,23.5,32.1,32.3,31.0,30.3,,,,,,4.3,6.2,,,,2021,8,31,215,0,0,1,0
257,양산시,2021-08-04,29.8,24.2,0534,36.4,1359,,,,,,,5.3,160,1717,3.3,140,1722,1.2,1059,140,23.1,48,1228,68.9,28.3,1008.2,1010.4,0724,1006.9,1638,1008.9,13.8,10.0,1300,3.55,25.27,,,,,,4.3,2.1,34.2,23.5,33.0,33.2,31.6,30.7,,,,,,5.3,7.6,,,,2021,8,31,216,0,0,1,0
257,양산시,2021-08-05,30.5,24.2,0535,36.9,1206,,,,,,,8.1,160,1325,4.5,160,1327,1.5,1329,140,23.2,44,1642,67.4,28.5,1005.2,1008.6,0001,1003.7,1731,1005.9,13.8,11.0,1100,3.36,26.25,,,,,,2.8,0.0,36.5,23.5,33.3,33.4,32.0,31.2,,,,,,5.7,8.2,,,,2021,8,31,217,0,0,1,0
257,양산시,2021-08-06,31.1,24.3,0547,37.8,1503,,,,,,,6.9,110,1311,3.5,50,0920,1.6,1424,50,23.8,44,1508,67.9,29.5,1002.0,1005.2,0001,1000.4,1639,1002.7,13.8,11.2,1200,3.46,27.15,,,,,,2.0,0.0,37.3,23.2,33.7,34.0,32.4,31.5,,,,,,6.0,8.6,,,,2021,8,31,218,0,0,1,0
257,양산시,2021-08-07,30.6,26.7,0310,36.6,1359,0.0,,0.0,,,0.0,7.8,110,1310,4.0,110,1319,1.9,1632,50,24.6,50,1350,71.5,30.9,1001.6,1003.7,2121,1000.8,1713,1002.3,13.8,7.2,1100,3.3,20.9,,,,,,7.3,2.1,34.2,26.1,33.7,33.8,32.7,31.8,,,,,,4.5,6.5,,,,2021,8,31,219,0,0,1,0
257,양산시,2021-08-08,25.7,23.3,2245,30.3,1051,2.2,205,4.8,126,,6.6,8.4,20,1301,4.4,50,1257,2.3,1994,70,23.9,72,1148,90.3,29.6,1001.3,1003.6,0001,999.6,2342,1002.0,13.7,0.0,1000,1.22,6.28,,,,,,9.6,4.0,27.2,23.7,29.3,29.3,30.5,30.6,,,,,,1.4,2.0,,,,2021,8,31,220,0,0,1,1
257,양산시,2021-08-09,27.4,23.0,0534,33.6,1430,2.3,129,5.6,108,,6.4,7.7,340,1055,3.6,50,0047,1.7,1498,50,22.6,49,1538,77.4,27.4,1001.6,1006.6,2345,998.6,0349,1002.3,13.7,4.6,1400,3.08,18.62,,,,,,8.6,4.3,29.9,24.0,29.1,29.2,28.7,28.7,,,,,,4.0,5.8,,,,2021,8,32,221,0,0,1,1
257,양산시,2021-08-10,26.4,23.3,0212,31.3,1418,1.1,1247,1.5,1201,,1.5,7.9,50,0134,4.2,50,0134,2.1,1849,70,22.2,63,1520,78.6,26.9,1008.5,1011.1,2356,1006.4,0010,1009.2,13.7,2.4,1400,2.01,14.05,,,,,,8.5,5.4,27.6,23.0,28.5,28.4,28.4,28.4,,,,,,2.7,3.9,,,,2021,8,32,222,0,0,1,1
257,양산시,2021-08-11,26.3,23.1,0346,32.5,1348,,,,,,,8.8,250,1427,5.4,230,1418,1.4,1246,230,22.6,50,1347,81.3,27.5,1010.1,1011.8,2147,1009.2,1545,1010.8,13.6,6.7,1300,3.36,21.0,,,,,,6.0,2.8,29.8,22.5,29.2,29.3,28.5,28.2,,,,,,4.2,6.0,,,,2021,8,32,223,0,0,1,0
257,양산시,2021-08-12,26.6,22.7,0301,32.3,1326,0.4,2024,0.4,2015,,0.4,7.6,110,1758,3.5,110,1607,1.9,1677,50,22.4,58,1110,79.3,27.2,1008.8,1011.5,0001,1008.3,1717,1009.5,13.6,4.1,1300,2.34,17.15,,,,,,7.8,3.4,29.2,22.3,28.7,28.7,28.4,28.2,,,,,,3.3,4.7,,,,2021,8,32,224,0,0,1,1
257,양산시,2021-08-13,26.2,24.3,0307,29.4,1502,0.0,,0.0,,,0.0,9.0,20,1748,4.3,110,1619,2.4,2116,70,22.4,65,1507,80.6,27.1,1005.3,1008.3,0001,1004.3,1723,1006.0,13.6,0.0,1400,1.47,9.72,,,,,,10.0,5.5,27.8,23.8,27.7,27.8,27.8,27.8,,,,,,2.1,3.0,,,,2021,8,32,225,0,0,1,0
257,양산시,2021-08-14,23.8,22.0,2254,27.1,1730,1.9,1053,4.8,1036,,16.7,7.9,50,0417,4.4,50,0422,2.2,1870,70,21.7,68,1743,88.8,26.0,1006.2,1010.0,2349,1004.6,0451,1006.9,13.5,1.1,1600,1.2,6.78,,,,,,9.7,2.6,25.2,22.0,25.9,25.9,26.6,26.8,,,,,,1.7,2.4,,,,2021,8,32,226,0,0,1,1
257,양산시,2021-08-15,24.4,22.4,0006,29.4,1142,0.6,1415,0.8,1532,,1.4,9.6,50,0813,4.3,70,0817,2.6,2245,70,20.9,63,1140,82.0,24.8,1013.0,1016.0,2054,1009.9,0001,1013.7,13.5,4.2,1100,2.37,14.12,,,,,,8.0,1.4,24.9,21.1,25.7,25.6,25.9,25.9,,,,,,2.7,3.9,,,,2021,8,32,227,0,0,1,1
257,양산시,2021-08-16,25.3,22.3,0459,29.9,1403,,,,,,,9.4,110,1323,4.4,50,2313,2.9,2468,50,20.1,53,1404,73.6,23.5,1013.3,1016.0,0140,1012.0,2400,1014.0,13.5,5.9,1200,3.04,19.52,,,,,,8.5,,26.7,21.4,26.3,26.4,26.0,25.8,,,,,,3.9,5.6,,,,2021,8,33,228,0,0,1,0
257,양산시,2021-08-17,24.0,21.1,1120,27.8,1506,8.3,953,32.6,929,,58.8,10.1,50,1758,5.4,50,1807,2.6,2228,70,20.9,68,1508,83.8,24.7,1007.8,1012.0,0001,1006.7,1608,1008.5,13.4,1.3,1500,1.91,8.3,,,,,,6.0,,25.1,21.8,25.1,25.1,25.3,25.4,,,,,,1.9,2.7,,,,2021,8,33,229,0,0,1,1
257,양산시,2021-08-18,23.9,22.0,0532,26.9,1613,0.0,,0.0,,,0.0,9.5,70,1254,4.8,50,1301,2.4,2106,70,20.5,69,1430,81.5,24.1,1008.2,1010.0,2034,1007.7,1613,1008.9,13.4,0.2,1200,1.34,9.33,,,,,,7.8,4.1,24.2,20.4,24.7,24.8,24.7,24.8,,,,,,2.3,3.3,,,,2021,8,33,230,0,0,1,0
257,양산시,2021-08-19,24.6,21.3,2343,31.2,1421,2.9,1704,8.0,1702,,16.4,9.3,70,0956,4.9,50,1021,2.2,1859,50,21.1,57,1422,82.6,25.1,1010.4,1014.2,2228,1008.6,0501,1011.1,13.4,3.5,1200,2.84,16.78,,,,,,7.5,3.4,26.5,21.6,25.8,25.9,25.2,24.9,,,,,,3.1,4.5,,,,2021,8,33,231,0,0,1,1
257,양산시,2021-08-20,25.4,20.8,0555,31.1,1441,0.0,,0.0,,,0.0,6.0,160,1302,3.5,140,1255,1.3,1087,230,21.9,58,1357,82.6,26.2,1012.5,1014.6,0813,1011.7,1701,1013.2,13.3,6.9,1300,2.8,19.35,,,,,,4.4,2.0,27.9,20.6,26.6,26.8,25.8,25.5,,,,,,3.4,4.8,,,,2021,8,33,232,0,0,1,0
257,양산시,2021-08-21,23.8,21.9,1551,26.3,1054,16.8,1456,48.7,1416,,160.2,14.0,200,1123,7.8,200,1127,2.4,2031,200,23.2,83,1510,96.8,28.5,1006.7,1012.7,0001,1003.6,1443,1007.4,13.3,0.0,1000,0.31,1.55,,,,,,8.9,5.9,23.9,22.3,24.6,24.7,25.0,25.0,,,,,,0.7,1.0,,,,2021,8,33,233,0,0,1,1
257,양산시,2021-08-22,26.5,23.2,0557,30.9,1436,2.6,143,3.9,1,,6.6,7.3,180,1514,4.1,200,1504,1.8,1520,200,23.5,65,1338,84.9,28.9,1008.0,1011.0,2342,1006.2,0419,1008.7,13.3,5.1,1100,2.07,15.93,,,,,,7.6,3.0,27.1,22.4,26.0,26.1,25.1,24.7,,,,,,2.9,4.1,,,,2021,8,33,234,0,0,1,1
257,양산시,2021-08-23,24.3,22.4,2229,27.8,1201,13.1,2351,44.5,2301,,74.8,10.8,110,2332,5.2,50,1910,2.0,1737,50,23.3,80,1212,94.9,28.6,1008.3,1012.0,1000,1001.1,2359,1009.0,13.2,0.0,1100,1.0,5.19,,,,,,9.9,5.3,24.7,22.5,25.3,25.4,25.4,25.2,,,,,,1.0,1.4,,,,2021,8,34,235,0,0,1,1
257,양산시,2021-08-24,25.7,23.0,0818,28.2,1636,18.6,37,55.6,1,,75.8,18.1,200,0100,9.2,230,0134,3.3,2879,230,24.6,83,0959,94.1,31.0,1001.6,1005.1,2357,997.5,0044,1002.3,13.2,0.1,1600,0.76,3.24,,,,,,8.6,4.6,25.3,22.9,25.0,25.1,24.6,24.4,,,,,,0.9,1.3,,,,2021,8,34,236,0,0,1,1
257,양산시,2021-08-25,25.3,24.2,0447,26.7,1104,8.5,2227,15.7,2204,,21.2,5.5,200,0237,3.5,250,2124,1.6,1359,230,24.9,85,1344,97.9,31.4,1007.1,1009.4,2224,1005.1,0001,1007.8,13.2,0.0,1300,0.89,4.94,,,,,,9.0,4.1,25.9,23.9,25.7,25.8,25.1,24.8,,,,,,1.0,1.5,,,,2021,8,34,237,0,0,1,1
257,양산시,2021-08-26,27.1,21.9,2330,33.4,1404,,,,,,,6.5,200,1658,4.1,230,1701,1.4,1245,230,22.9,40,1356,79.8,28.1,1011.8,1014.6,2104,1008.6,0105,1012.5,13.1,8.6,1100,3.28,21.89,,,,,,4.5,1.5,28.6,21.2,27.7,27.8,26.3,25.6,,,,,,4.3,6.1,,,,2021,8,34,238,0,0,1,0
257,양산시,2021-08-27,26.2,21.0,0301,32.1,1523,1.3,1100,2.2,1011,,2.5,9.8,230,1352,5.2,250,1510,2.3,2006,200,23.2,65,1501,84.6,28.5,1011.8,1014.2,0001,1010.6,1600,1012.5,13.1,4.7,1200,2.72,17.23,,,,,,7.0,3.9,27.8,20.3,27.0,27.2,26.3,25.9,,,,,,3.4,4.9,,,,2021,8,34,239,0,0,1,1
257,양산시,2021-08-28,27.5,24.2,2353,33.2,1504,0.1,,0.1,,,0.1,5.4,250,1618,3.6,290,1556,1.7,1435,200,22.8,47,1505,77.9,27.9,1012.4,1014.4,0826,1012.2,0029,1013.1,13.1,9.2,1200,3.27,24.04,,,,,,5.9,2.9,29.8,23.3,28.7,28.9,27.4,26.7,,,,,,4.5,6.5,,,,2021,8,34,240,0,0,1,1
257,양산시,2021-08-29,26.4,23.2,0343,31.0,1355,0.0,,0.0,,,0.0,7.2,230,1404,4.1,230,1436,1.8,1553,230,24.0,74,1356,87.3,29.9,1012.3,1014.1,2341,1011.6,1440,1013.0,13.0,1.7,1300,2.04,9.05,,,,,,7.1,4.8,27.2,22.6,27.5,27.5,27.0,26.7,,,,,,1.9,2.7,,,,2021,8,34,241,0,0,1,0
257,양산시,2021-08-30,27.2,23.7,2359,32.8,1409,0.1,,0.2,,,0.2,5.6,290,1415,3.1,290,1441,1.2,1058,230,23.3,53,1423,80.5,28.5,1014.2,1016.2,2137,1013.8,0129,1014.9,13.0,5.3,1000,2.86,19.59,,,,,,7.1,2.8,29.6,23.6,28.6,28.7,27.4,26.8,,,,,,3.6,5.2,,,,2021,8,35,242,0,0,1,1
257,양산시,2021-08-31,26.1,23.7,0007,30.6,1158,0.1,,0.1,,,0.1,7.2,110,1225,3.3,110,1230,1.2,1050,50,23.3,68,1159,85.4,28.7,1013.8,1016.3,0703,1012.8,2359,1014.5,13.0,1.7,1000,2.35,10.45,,,,,,8.1,4.8,27.4,23.3,27.3,27.4,27.2,27.0,,,,,,1.9,2.8,,,,2021,8,35,243,0,0,1,1
257,양산시,2021-09-01,24.9,20.7,2113,30.3,1516,13.9,2106,44.4,2056,,64.9,10.7,50,1913,5.2,70,1855,2.2,1912,230,23.2,76,1523,90.8,28.5,1008.8,1012.8,0001,1007.0,1653,1009.5,12.9,1.0,1500,1.86,6.13,,,,,,9.5,5.9,25.4,20.8,26.0,26.0,26.3,26.3,,,,,,1.4,2.0,,,,2021,9,35,244,0,0,1,1
257,양산시,2021-09-02,22.3,20.9,0738,25.6,1344,0.7,422,1.0,335,,2.3,9.3,50,0959,4.5,70,1002,2.9,2478,50,19.6,70,1341,84.9,22.8,1009.5,1011.5,0942,1009.3,1453,1010.2,12.9,0.0,1100,1.36,8.39,,,,,,8.4,5.0,23.6,20.0,24.0,24.0,24.4,24.6,,,,,,1.9,2.7,,,,2021,9,35,245,0,0,1,1
257,양산시,2021-09-03,22.1,20.2,0414,25.1,1138,0.0,,0.0,,,0.0,10.2,50,1949,5.8,50,1014,3.3,2860,50,18.7,75,1458,81.4,21.5,1008.7,1012.1,2341,1007.8,0446,1009.4,12.8,0.7,1100,2.08,10.07,,,,,,7.9,5.0,23.1,19.4,23.5,23.6,24.0,24.1,,,,,,2.2,3.1,,,,2021,9,35,246,0,0,1,0
257,양산시,2021-09-04,23.2,20.0,0547,27.7,1352,0.1,,0.1,,,0.1,8.6,140,1716,4.2,110,1719,2.3,2008,70,18.6,57,1535,76.4,21.4,1014.1,1017.5,2152,1011.9,0121,1014.8,12.8,1.9,1400,1.82,13.61,,,,,,9.3,5.4,24.4,19.8,24.3,24.4,24.1,24.0,,,,,,3.0,4.3,,,,2021,9,35,247,0,0,1,1
257,양산시,2021-09-05,23.0,21.4,0510,27.1,1056,0.0,,0.0,,,0.0,9.3,70,0947,4.2,50,0725,2.4,2047,70,18.6,59,1057,76.6,21.5,1017.2,1019.3,2302,1016.1,0334,1017.9,12.8,1.9,1000,2.65,10.04,,,,,,9.8,5.8,23.2,20.0,23.7,23.7,24.0,24.0,,,,,,2.1,3.0,,,,2021,9,35,248,0,0,1,0
257,양산시,2021-09-06,22.9,20.9,0622,25.5,1045,0.4,1956,0.6,1935,,0.7,10.1,110,1525,4.6,110,1543,2.7,2296,70,19.5,69,1713,82.0,22.7,1016.4,1019.2,0126,1015.2,2353,1017.1,12.7,0.0,1000,1.25,8.03,,,,,,9.8,3.3,23.7,20.3,23.7,23.8,23.8,23.8,,,,,,1.8,2.6,,,,2021,9,36,249,0,0,1,1
257,양산시,2021-09-07,24.7,21.3,0239,28.0,1222,0.0,,0.0,,,0.0,7.8,230,1439,4.4,90,0359,2.8,2404,200,22.1,72,1158,85.9,26.7,1009.0,1015.2,0001,1006.8,1833,1009.7,12.7,0.0,1100,1.33,7.21,,,,,,9.4,6.0,24.5,20.2,24.3,24.4,24.0,23.8,,,,,,1.7,2.4,,,,2021,9,36,250,0,0,1,0
257,양산시,2021-09-08,24.8,21.5,2339,30.1,1437,,,,,,,5.6,110,1927,3.1,140,1515,1.5,1263,250,20.5,58,1443,78.0,24.1,1009.0,1012.9,2323,1006.8,0325,1009.7,12.7,2.8,1200,2.85,14.85,,,,,,7.9,3.3,27.1,19.7,25.8,26.0,24.8,24.4,,,,,,2.7,3.9,,,,2021,9,36,251,0,0,1,0
257,양산시,2021-09-09,23.8,19.4,0510,30.2,1508,,,,,,,5.8,230,1628,3.4,250,1627,0.8,720,160,19.7,48,1517,79.8,22.9,1013.0,1014.7,1005,1012.4,1451,1013.7,12.6,3.9,1400,2.44,16.77,,,,,,6.8,3.4,26.1,17.5,25.5,25.7,24.9,24.6,,,,,,2.9,4.1,,,,2021,9,36,252,0,0,1,0
257,양산시,2021-09-10,22.4,20.3,2311,26.0,1614,0.4,1018,0.5,949,,0.7,4.8,200,1617,3.0,230,1454,0.9,744,230,20.0,65,1616,87.3,23.4,1013.3,1015.2,0904,1012.9,1802,1014.0,12.6,0.9,1500,1.64,7.8,,,,,,8.8,4.8,24.0,18.8,24.3,24.4,24.5,24.5,,,,,,1.2,1.7,,,,2021,9,36,253,0,0,1,1
257,양산시,2021-09-11,24.4,19.2,0612,31.1,1404,,,,,,,5.5,200,1609,3.1,230,1615,0.9,773,230,20.2,51,1216,80.0,23.7,1011.8,1014.3,0031,1010.3,1556,1012.5,12.6,10.5,1200,3.17,22.89,,,,,,1.8,0.0,26.1,17.6,25.5,25.7,24.7,24.3,,,,,,3.8,5.4,,,,2021,9,36,254,0,0,1,0
257,양산시,2021-09-12,24.5,18.8,0539,31.3,1415,,,,,,,9.4,50,2323,4.5,50,2323,1.8,1542,70,19.8,47,1323,77.0,23.1,1012.4,1016.1,2321,1011.0,0448,1013.1,12.5,6.1,1100,2.35,16.11,,,,,,8.3,0.3,25.7,16.2,25.3,25.5,24.9,24.7,,,,,,2.8,4.0,,,,2021,9,36,255,0,0,1,0
257,양산시,2021-09-13,24.4,22.6,2317,27.2,1259,,,,,,,9.8,50,0704,4.6,50,0257,3.1,2670,70,18.8,60,1237,71.5,21.8,1016.3,1018.8,1026,1015.6,0152,1017.0,12.5,0.9,1100,1.81,12.08,,,,,,9.9,3.3,25.5,21.6,25.0,25.2,24.8,24.7,,,,,,2.7,3.9,,,,2021,9,37,256,0,0,1,0
257,양산시,2021-09-14,21.9,20.8,1841,23.4,0204,0.6,1306,1.9,1222,,4.3,10.9,50,2214,5.3,70,1055,3.2,2771,70,19.3,71,0025,85.6,22.4,1014.2,1016.8,0001,1013.4,1537,1014.9,12.5,0.0,1100,0.55,3.86,,,,,,10.0,6.1,22.6,19.8,23.4,23.5,23.9,24.1,,,,,,1.6,2.3,,,,2021,9,37,257,0,0,0,1
257,양산시,2021-09-15,23.7,21.6,0552,27.5,1246,,,,,,,14.5,50,1349,6.0,90,1026,4.1,3539,70,16.6,50,1509,65.0,18.9,1014.5,1016.4,2113,1014.3,0240,1015.2,12.4,8.7,1000,3.2,22.05,,,,,,4.3,2.0,24.3,19.6,24.0,24.2,23.6,23.5,,,,,,5.3,7.6,,,,2021,9,37,258,0,0,1,0
257,양산시,2021-09-16,23.5,21.2,0155,26.8,1004,0.3,2244,0.3,2201,,0.3,11.7,50,2013,4.6,70,1240,3.3,2878,70,18.4,63,1005,73.4,21.1,1011.6,1015.6,0002,1010.4,2355,1012.3,12.4,2.5,0900,2.14,10.82,,,,,,8.4,3.6,23.4,21.0,23.0,23.2,23.3,23.4,,,,,,2.3,3.3,,,,2021,9,37,259,0,0,1,1
257,양산시,2021-09-17,20.6,19.6,1310,22.5,0001,4.8,735,11.6,700,,35.5,15.1,70,1632,7.0,70,1554,4.5,3848,70,18.6,72,2257,89.1,21.5,1006.7,1010.5,0002,1003.4,1520,1007.4,12.3,0.0,0900,0.45,2.9,,,,,,9.1,4.3,20.8,20.3,21.6,21.7,22.4,22.7,,,,,,1.4,2.0,,,,2021,9,37,260,0,0,0,1
257,양산시,2021-09-18,23.5,20.1,0126,28.9,1451,,,,,,,9.2,20,1040,4.2,50,1047,2.3,1952,50,17.3,53,1207,69.0,19.7,1013.4,1016.8,2115,1010.3,0001,1014.1,12.3,8.4,1200,2.8,20.37,,,,,,5.8,2.9,23.0,19.7,22.9,23.0,22.5,22.3,,,,,,4.0,5.7,,,,2021,9,37,261,0,0,1,0
257,양산시,2021-09-19,22.8,17.6,0531,29.3,1435,,,,,,,8.6,110,1740,4.1,50,0909,2.0,1770,70,17.5,50,1353,74.1,19.9,1015.3,1017.3,0946,1014.5,1427,1016.0,12.3,7.4,1200,3.24,19.11,,,,,,3.8,2.0,23.2,17.3,23.3,23.4,23.0,22.8,,,,,,3.9,5.5,,,,2021,9,37,262,0,0,1,0
257,양산시,2021-09-20,23.6,20.2,0559,27.3,1201,,,,,,,8.3,110,1543,4.2,250,0715,2.5,2136,50,19.3,61,1005,77.5,22.4,1012.2,1016.1,0001,1011.0,1810,1012.9,12.2,3.7,0900,2.43,13.81,,,,,,7.4,6.0,23.4,19.6,23.2,23.3,23.1,23.0,,,,,,2.4,3.5,,,,2021,9,38,263,0,0,1,0
257,양산시,2021-09-21,23.2,20.5,2357,26.6,0854,6.8,1043,9.3,1041,,9.9,11.6,230,1141,5.8,230,1147,2.1,1797,230,21.9,79,0826,93.1,26.3,1006.9,1011.3,0001,1005.5,1501,1007.6,12.2,0.1,1300,0.98,4.42,,,,,,7.9,4.1,23.8,18.9,23.5,23.6,23.3,23.2,,,,,,1.0,1.4,,,,2021,9,38,264,0,0,1,1
257,양산시,2021-09-22,22.6,18.9,0525,29.1,1240,4.8,1302,5.2,1239,,5.2,18.2,250,1300,6.8,250,1302,2.0,1763,230,19.3,56,1511,83.9,22.5,1008.9,1012.1,2347,1007.6,0101,1009.6,12.2,8.4,1000,2.61,18.07,,,,,,1.3,0.3,23.3,17.3,23.1,23.3,23.0,23.0,,,,,,3.3,4.7,,,,2021,9,38,265,0,0,1,1
257,양산시,2021-09-23,22.2,16.8,0554,28.2,1536,,,,,,,9.5,290,1152,4.6,270,1008,1.7,1495,290,15.5,41,1223,68.9,17.7,1015.6,1020.1,2338,1012.1,0001,1016.3,12.1,9.4,1200,3.26,21.42,,,,,,3.4,0.9,22.6,15.1,23.1,23.3,23.0,22.9,,,,,,4.4,6.2,,,,2021,9,38,266,0,0,1,0
257,양산시,2021-09-24,21.3,16.1,0547,27.7,1211,,,,,,,9.5,90,1254,4.3,110,1258,1.9,1680,50,16.9,51,1214,77.4,19.3,1021.4,1023.1,2341,1020.1,0001,1022.1,12.1,4.4,1100,2.37,14.28,,,,,,5.1,2.4,21.2,14.9,22.4,22.5,22.6,22.7,,,,,,2.8,3.9,,,,2021,9,38,267,0,0,1,0
257,양산시,2021-09-25,22.5,19.8,0539,25.9,1227,0.8,901,0.8,811,,1.3,10.5,50,1949,4.3,110,1533,2.9,2501,50,18.6,64,1357,79.4,21.5,1021.2,1023.5,1018,1021.0,1532,1021.9,12.1,1.6,1000,1.83,10.83,,,,,,6.2,,22.3,18.9,22.6,22.7,22.6,22.6,,,,,,2.5,3.6,,,,2021,9,38,268,0,0,1,1
257,양산시,2021-09-26,22.0,19.7,2227,25.7,1141,,,,,,,9.3,50,0945,4.5,50,0958,2.8,2421,50,16.4,53,1330,71.0,18.7,1019.2,1022.4,0020,1018.2,2400,1019.9,12.0,1.5,0900,1.87,11.02,,,,,,7.4,5.0,21.2,18.1,22.2,22.3,22.5,22.5,,,,,,2.5,3.5,,,,2021,9,38,269,0,0,1,0
257,양산시,2021-09-27,21.9,19.4,0736,25.8,1207,,,,,,,9.0,110,1718,3.8,50,1257,2.6,2239,70,16.6,58,1524,72.8,19.0,1015.3,1018.2,0001,1014.6,1454,1016.0,12.0,3.4,1100,2.71,12.69,,,,,,7.1,3.9,21.9,18.4,22.4,22.5,22.3,22.3,,,,,,2.8,4.1,,,,2021,9,39,270,0,0,1,0
257,양산시,2021-09-28,23.0,20.3,0130,26.8,1218,0.0,,0.0,,,0.0,7.3,50,0600,3.9,50,2232,2.3,1975,50,18.2,63,1219,74.6,21.0,1012.5,1015.1,0001,1011.7,2350,1013.2,11.9,0.5,1200,2.25,9.18,,,,,,7.4,,23.2,18.5,22.9,23.1,22.5,22.3,,,,,,1.3,1.9,,,,2021,9,39,271,0,0,1,0
257,양산시,2021-09-29,24.2,21.3,0432,28.2,1039,9.2,2019,28.6,2006,,36.8,7.6,230,1603,4.5,230,1348,1.9,1626,230,22.0,74,1041,88.1,26.5,1008.2,1011.8,0001,1006.7,1537,1008.9,11.9,0.5,1000,1.74,8.28,,,,,,9.4,5.5,24.3,20.7,23.7,23.9,23.2,23.0,,,,,,1.7,2.4,,,,2021,9,39,272,0,0,1,1
257,양산시,2021-09-30,22.2,19.1,2137,27.5,1536,2.4,235,2.6,223,,9.1,8.8,70,0934,4.5,50,0711,2.1,1821,70,19.6,59,1532,86.5,23.0,1007.3,1009.3,2232,1006.6,0400,1008.0,11.9,2.0,1300,2.73,9.84,,,,,,6.1,2.9,23.2,17.6,23.8,23.9,23.4,23.2,,,,,,2.1,3.0,,,,2021,9,39,273,0,0,1,1
257,양산시,2021-10-01,21.7,15.7,0617,29.4,1444,,,,,,,6.1,250,1613,3.8,250,1615,1.2,1061,200,17.9,51,1139,81.8,20.6,1008.0,1011.2,2356,1006.4,1454,1008.7,11.8,9.4,1200,2.86,19.23,,,,,,0.1,0.0,22.1,13.4,22.8,22.9,22.7,22.6,,,,,,3.4,4.9,,,,2021,10,39,274,0,0,1,0
257,양산시,2021-10-02,22.3,17.8,0559,30.1,1447,,,,,,,6.0,290,1339,3.7,290,1341,1.1,960,250,18.0,41,1539,80.3,20.6,1013.2,1018.0,2320,1010.3,0220,1013.9,11.8,9.4,1200,2.87,18.99,,,,,,0.0,0.0,22.9,15.7,23.3,23.5,22.9,22.8,,,,,,3.7,5.2,,,,2021,10,39,275,0,0,1,0
257,양산시,2021-10-03,21.8,16.6,0536,30.4,1409,,,,,,,4.8,200,1458,2.9,230,1424,0.9,820,230,17.5,41,1636,79.5,20.0,1020.0,1022.9,2255,1017.9,0001,1020.7,11.8,9.5,1200,2.79,18.75,,,,,,0.9,0.0,22.4,13.9,23.1,23.2,22.9,22.7,,,,,,3.4,4.8,,,,2021,10,39,276,0,0,1,0
257,양산시,2021-10-04,23.4,17.4,0219,28.8,1343,,,,,,,10.4,230,1250,6.0,230,1251,2.7,2307,230,20.7,66,1341,85.9,24.5,1021.1,1023.3,0900,1020.4,1454,1021.8,11.7,5.1,1100,2.46,14.43,,,,,,5.8,2.0,23.5,15.2,23.3,23.4,22.9,22.7,,,,,,2.9,4.2,,,,2021,10,40,277,0,0,1,0
257,양산시,2021-10-05,24.3,19.6,0607,30.4,1343,,,,,,,7.5,200,1409,4.5,230,1409,2.0,1758,200,20.7,52,1216,82.3,24.4,1020.2,1022.9,0026,1018.9,1515,1020.9,11.7,8.8,1100,2.57,17.1,,,,,,2.6,1.0,24.3,17.9,24.0,24.2,23.4,23.1,,,,,,3.5,5.1,,,,2021,10,40,278,0,0,1,0
257,양산시,2021-10-06,23.9,21.1,2345,29.5,1345,,,,,,,7.3,50,1757,4.0,50,1619,2.4,2113,70,19.5,52,1306,77.8,22.7,1018.6,1021.7,0732,1016.9,1618,1019.3,11.7,8.5,1200,2.81,17.39,,,,,,6.5,3.3,24.5,20.3,24.4,24.6,23.8,23.5,,,,,,3.1,4.5,,,,2021,10,40,279,0,0,1,0
257,양산시,2021-10-07,22.8,17.7,0510,28.5,1230,,,,,,,6.7,200,1328,3.9,230,1329,1.3,1165,200,18.7,51,1347,80.0,21.6,1016.1,1018.4,0001,1015.1,1540,1016.8,11.6,6.5,1100,2.81,15.28,,,,,,4.1,2.9,23.8,16.0,23.7,23.9,23.5,23.3,,,,,,3.0,4.3,,,,2021,10,40,280,0,0,1,0
257,양산시,2021-10-08,22.7,21.5,0041,26.2,1433,0.0,,0.0,,,0.0,8.7,50,1551,4.4,50,1417,2.6,2263,70,19.7,68,1435,83.9,23.0,1019.5,1022.3,2234,1017.8,0001,1020.2,11.6,1.6,1300,1.93,9.97,,,,,,7.5,4.6,24.3,21.2,23.8,24.1,23.5,23.3,,,,,,2.0,2.9,,,,2021,10,40,281,0,0,1,0
257,양산시,2021-10-09,24.2,20.9,0550,29.2,1340,0.0,,0.0,,,0.0,8.4,110,1123,3.4,50,0210,2.3,1976,50,20.7,61,1338,81.8,24.4,1021.1,1023.3,0834,1020.2,1519,1021.8,11.5,4.9,1300,2.06,12.84,,,,,,6.0,2.0,25.1,20.5,24.4,24.6,23.6,23.3,,,,,,2.7,3.9,,,,2021,10,40,282,0,0,1,0
257,양산시,2021-10-10,24.8,19.0,0618,30.3,1429,,,,,,,8.1,230,1417,4.8,200,1455,2.0,1713,230,21.2,58,1356,81.9,25.2,1017.5,1021.2,0001,1016.0,1613,1018.2,11.5,8.6,1100,2.62,17.12,,,,,,5.1,2.1,25.7,17.3,24.7,25.0,24.0,23.6,,,,,,3.4,4.9,,,,2021,10,40,283,0,0,1,0
257,양산시,2021-10-11,20.0,17.0,1752,25.3,0008,0.9,1956,2.5,1943,,8.7,10.8,70,0901,5.6,50,2021,3.1,2636,70,18.9,81,1055,93.8,21.9,1018.1,1021.3,2235,1015.8,0431,1018.8,11.5,0.0,0900,0.5,2.94,,,,,,8.5,4.6,21.6,17.3,22.9,22.9,23.5,23.6,,,,,,0.8,1.2,,,,2021,10,41,284,0,0,1,1
257,양산시,2021-10-12,18.4,17.1,0702,20.5,1245,0.2,,0.4,132,,0.5,13.4,70,0352,6.2,50,0325,4.4,3782,70,15.2,73,1249,82.0,17.3,1023.3,1025.6,2150,1020.6,0110,1024.0,11.4,0.0,1200,1.25,6.18,,,,,,7.6,3.1,18.7,16.8,20.3,20.3,21.2,21.7,,,,,,1.8,2.6,,,,2021,10,41,285,0,0,0,1
257,양산시,2021-10-13,20.1,17.8,0024,22.9,1134,0.0,,0.0,,,0.0,10.4,50,1051,4.9,70,0936,3.2,2751,70,15.5,68,1336,75.0,17.6,1023.0,1025.3,0158,1022.3,1726,1023.7,11.4,2.2,1000,2.19,11.15,,,,,,7.8,7.0,19.9,16.9,20.2,20.3,20.7,20.9,,,,,,2.2,3.1,,,,2021,10,41,286,0,0,0,0
257,양산시,2021-10-14,20.6,15.2,0640,27.0,1453,,,,,,,5.8,290,1337,3.6,290,1344,1.5,1278,50,16.6,52,1353,80.3,18.9,1018.3,1022.5,0106,1016.3,1655,1019.0,11.4,9.2,1100,2.66,17.58,,,,,,3.8,0.6,20.8,13.5,21.4,21.5,21.1,21.0,,,,,,3.0,4.2,,,,2021,10,41,287,0,0,1,0
257,양산시,2021-10-15,20.7,15.7,0610,27.6,1401,0.0,,0.0,,,0.0,8.3,70,1749,4.0,50,1740,1.8,1514,70,16.8,47,1056,80.1,19.1,1015.8,1017.8,0937,1014.7,1459,1016.5,11.3,5.7,1100,2.57,13.32,,,,,,6.6,2.3,21.0,14.3,21.3,21.4,21.3,21.3,,,,,,2.4,3.4,,,,2021,10,41,288,0,0,1,0
257,양산시,2021-10-16,15.5,11.3,2337,19.4,0010,0.7,841,1.7,823,,8.3,9.2,20,1918,4.3,320,0850,1.6,1416,70,9.7,24,1946,73.9,13.4,1017.8,1022.1,2356,1015.5,0350,1018.6,11.3,0.0,1100,0.51,2.94,,,,,,9.8,5.0,17.4,10.6,19.7,19.7,20.7,21.0,,,,,,1.4,2.0,,,,2021,10,41,289,0,0,0,1
257,양산시,2021-10-17,9.5,4.6,0620,16.2,1453,,,,,,,8.8,20,1140,4.6,50,1109,1.9,1605,50,0.9,32,1428,57.9,6.6,1023.8,1026.2,0913,1021.8,0015,1024.6,11.3,9.7,1200,2.82,18.86,,,,,,0.6,0.0,11.8,3.3,15.6,15.7,17.4,18.4,,,,,,3.0,4.3,,,,2021,10,41,290,0,0,0,0
257,양산시,2021-10-18,11.2,4.0,0614,19.5,1509,,,,,,,6.7,250,1430,3.3,200,1421,1.2,1010,90,4.6,34,1417,66.6,8.5,1022.3,1025.8,0825,1021.0,1646,1023.1,11.2,9.7,1200,2.72,18.06,,,,,,2.1,1.8,12.0,2.7,14.9,15.0,16.1,17.0,,,,,,3.1,4.4,,,,2021,10,42,291,0,0,0,0
257,양산시,2021-10-19,13.3,8.2,0425,20.6,1425,,,,,,,7.3,50,1910,3.8,290,1254,1.6,1397,140,5.3,33,1426,61.3,9.0,1017.4,1021.5,0001,1014.9,1419,1018.2,11.2,7.2,1200,2.65,16.3,,,,,,4.4,3.4,13.6,6.5,15.9,16.0,16.5,16.9,,,,,,3.0,4.2,,,,2021,10,42,292,0,0,0,0
257,양산시,2021-10-20,12.8,6.3,0649,19.2,1504,,,,,,,5.9,270,1408,3.0,250,1544,1.5,1298,250,6.2,35,1500,66.9,9.5,1019.4,1022.2,0940,1018.3,1504,1020.2,11.2,8.7,1200,2.69,16.79,,,,,,5.9,2.1,13.1,3.8,15.3,15.5,16.1,16.6,,,,,,2.8,4.0,,,,2021,10,42,293,0,0,0,0
257,양산시,2021-10-21,12.5,9.7,2359,15.9,1257,0.4,823,0.8,825,,1.1,6.7,70,0029,3.4,50,0032,1.6,1393,50,9.8,69,0016,84.4,12.1,1017.8,1020.3,0838,1017.3,1439,1018.6,11.1,0.0,1200,1.04,4.37,,,,,,7.1,4.0,12.9,7.3,15.1,15.1,16.0,16.5,,,,,,0.9,1.3,,,,2021,10,42,294,0,0,0,1
257,양산시,2021-10-22,12.5,7.1,0626,19.1,1317,,,,,,,10.1,50,1858,4.5,50,1904,1.7,1468,90,6.4,40,1518,70.6,9.7,1019.4,1025.0,2354,1017.8,0204,1020.2,11.1,8.3,1200,2.5,15.27,,,,,,2.3,1.5,12.6,4.5,14.7,14.8,15.6,16.0,,,,,,2.6,3.7,,,,2021,10,42,295,0,0,0,0
257,양산시,2021-10-23,13.1,6.7,0628,21.5,1346,,,,,,,7.0,20,1135,3.9,110,1614,1.4,1212,110,7.6,32,1527,73.6,10.4,1026.6,1028.6,0823,1024.8,0059,1027.4,11.0,8.3,1100,2.49,16.02,,,,,,1.9,1.0,12.8,3.6,14.8,15.0,15.4,15.8,,,,,,2.7,3.9,,,,2021,10,42,296,0,0,0,0
257,양산시,2021-10-24,13.3,7.1,0545,21.4,1420,,,,,,,3.9,200,1329,2.5,230,1333,0.9,748,90,8.1,32,1429,75.0,10.8,1024.9,1028.4,0001,1023.3,1511,1025.7,11.0,8.7,1100,2.17,13.6,,,,,,6.0,1.0,12.9,4.0,14.7,14.9,15.3,15.7,,,,,,2.2,3.2,,,,2021,10,42,297,0,0,0,0
257,양산시,2021-10-25,14.2,7.8,0608,22.5,1514,,,,,,,4.7,290,1201,3.1,160,1611,1.0,895,90,8.5,32,1259,73.9,11.2,1020.7,1024.2,0043,1019.7,1522,1021.5,11.0,9.0,1200,2.57,16.55,,,,,,2.9,0.0,13.7,4.3,15.5,15.7,15.6,15.8,,,,,,2.8,4.0,,,,2021,10,43,298,0,0,0,0
257,양산시,2021-10-26,13.1,7.0,0526,21.3,1451,,,,,,,4.5,250,1501,2.6,270,1503,1.0,885,110,7.0,27,1354,71.4,10.0,1018.7,1021.9,0800,1017.7,1643,1019.5,10.9,9.3,1200,2.53,16.06,,,,,,2.5,0.8,12.8,3.6,15.0,15.3,15.5,15.8,,,,,,2.7,3.8,,,,2021,10,43,299,0,0,0,0
257,양산시,2021-10-27,14.5,9.0,2348,22.4,1442,,,,,,,5.7,320,1222,3.5,290,1137,1.3,1087,250,8.6,40,1604,71.1,11.2,1017.7,1019.6,0831,1016.4,1431,1018.4,10.9,9.1,1200,2.29,14.93,,,,,,2.8,2.3,14.7,5.3,15.7,16.0,15.8,15.9,,,,,,2.7,3.8,,,,2021,10,43,300,0,0,0,0
257,양산시,2021-10-28,15.0,6.4,0547,22.4,1304,,,,,,,9.8,50,1607,4.4,50,1501,2.0,1748,50,7.2,40,1343,62.1,10.2,1021.3,1024.8,2242,1019.3,0011,1022.1,10.9,9.1,1200,2.49,16.2,,,,,,0.1,0.1,13.2,2.6,15.1,15.4,15.5,15.8,,,,,,3.4,4.9,,,,2021,10,43,301,0,0,0,0
257,양산시,2021-10-29,15.4,10.8,2356,20.2,1134,,,,,,,8.9,50,1213,4.9,50,1317,2.3,1963,50,7.7,45,1156,61.6,10.5,1024.1,1026.3,0823,1023.4,1623,1024.8,10.9,3.0,1100,1.85,10.78,,,,,,5.8,4.5,14.1,7.7,15.3,15.5,15.8,15.9,,,,,,2.1,3.0,,,,2021,10,43,302,0,0,0,0
257,양산시,2021-10-30,13.9,8.6,0341,21.2,1358,,,,,,,3.9,340,1458,2.6,290,1622,0.9,741,50,9.4,46,1534,76.4,11.8,1023.0,1024.9,0835,1022.5,1327,1023.8,10.8,2.4,1200,1.54,8.98,,,,,,7.4,3.1,14.7,5.6,15.3,15.5,15.6,15.8,,,,,,1.6,2.2,,,,2021,10,43,303,0,0,0,0
257,양산시,2021-10-31,13.9,7.7,0635,22.9,1441,,,,,,,4.4,250,1659,2.7,230,1700,0.9,781,230,8.5,35,1444,74.4,11.1,1022.8,1025.2,0813,1021.2,1508,1023.6,10.8,8.9,1200,2.43,15.25,,,,,,0.8,0.0,13.8,4.2,15.4,15.7,15.5,15.7,,,,,,2.6,3.7,,,,2021,10,43,304,0,0,0,0
257,양산시,2021-11-01,14.1,9.5,0526,22.1,1334,,,,,,,6.4,50,1505,3.5,320,1407,1.2,1029,70,8.7,35,1353,73.5,11.3,1021.7,1024.2,0857,1020.2,1523,1022.5,10.7,8.5,1200,2.22,13.15,,,,,,3.3,0.0,14.2,6.5,15.4,15.6,15.6,15.7,,,,,,2.6,3.7,,,,2021,11,44,305,0,0,0,0
257,양산시,2021-11-02,12.7,7.8,0641,20.3,1429,,,,,,,5.1,320,1623,3.0,320,1627,1.0,903,90,7.0,40,1430,71.6,10.0,1019.5,1022.4,0001,1017.9,1402,1020.3,10.7,8.0,1200,2.37,14.16,,,,,,2.3,0.0,13.2,3.9,14.6,14.9,15.1,15.4,,,,,,2.3,3.3,,,,2021,11,44,306,0,0,0,0
257,양산시,2021-11-03,12.8,6.6,0432,21.0,1426,,,,,,,4.7,320,1646,2.9,320,1639,0.9,750,50,7.9,42,1523,74.9,10.6,1017.4,1019.8,0046,1015.6,1442,1018.1,10.7,8.0,1200,2.31,14.41,,,,,,2.9,1.1,12.8,3.2,14.3,14.6,14.7,15.1,,,,,,2.5,3.5,,,,2021,11,44,307,0,0,0,0
257,양산시,2021-11-04,13.3,7.4,0348,21.7,1432,,,,,,,4.5,290,1311,2.7,200,0659,1.2,1028,200,7.4,36,1330,71.0,10.3,1018.5,1021.8,2327,1017.4,1428,1019.2,10.7,8.4,1200,2.29,14.06,,,,,,1.6,1.0,13.0,4.1,14.6,14.8,14.9,15.1,,,,,,2.6,3.7,,,,2021,11,44,308,0,0,0,0
257,양산시,2021-11-05,14.4,6.9,0634,21.0,1254,,,,,,,5.3,50,1838,3.0,50,2020,1.1,987,50,7.7,35,1242,67.8,10.5,1020.0,1022.7,0810,1018.8,1457,1020.8,10.6,6.2,1100,2.18,11.34,,,,,,3.8,2.0,13.6,3.3,14.2,14.4,14.6,14.9,,,,,,2.0,2.8,,,,2021,11,44,309,0,0,0,0
257,양산시,2021-11-06,15.3,8.7,0649,21.8,1236,,,,,,,11.2,50,1522,4.4,50,2131,1.9,1678,70,8.7,41,1419,67.9,11.3,1019.4,1021.2,2225,1018.5,1306,1020.1,10.6,7.0,1200,2.26,12.27,,,,,,2.9,0.4,13.7,5.6,14.9,15.1,15.0,15.2,,,,,,2.8,4.0,,,,2021,11,44,310,0,0,0,0
257,양산시,2021-11-07,17.1,13.8,0345,21.9,1234,,,,,,0.0,11.5,110,1411,4.3,110,1619,2.4,2071,50,10.9,43,1430,68.4,13.1,1019.3,1022.8,0900,1016.7,2323,1020.0,10.6,3.5,1200,1.72,8.3,,,,,,6.5,3.6,15.5,11.1,15.6,16.0,15.6,15.5,,,,,,1.9,2.7,,,,2021,11,44,311,0,0,0,0
257,양산시,2021-11-08,13.7,8.5,2358,21.7,0943,,,,,,30.1,12.1,200,1045,6.8,230,1130,2.4,2065,200,9.7,54,2125,78.0,12.7,1011.2,1016.8,0005,1008.1,1055,1011.9,10.5,0.4,0900,0.55,2.27,,,,,,6.5,1.3,13.0,5.8,14.3,14.5,15.3,15.6,,,,,,1.1,1.5,,,,2021,11,45,312,0,0,0,1
257,양산시,2021-11-09,10.0,5.8,0541,14.0,1219,,,,,,,8.7,270,1300,4.8,270,1305,2.4,2113,270,2.5,44,1125,60.8,7.3,1010.7,1014.2,0222,1009.1,1454,1011.5,10.5,5.1,1100,2.22,10.44,,,,,,3.4,1.8,9.1,2.4,11.4,11.6,12.9,13.7,,,,,,2.0,2.8,,,,2021,11,45,313,0,0,0,0
257,양산시,2021-11-10,9.7,5.0,0334,13.8,1450,,,,,,,11.5,290,1311,5.8,270,1359,2.5,2180,270,2.8,48,1436,62.9,7.5,1007.2,1009.7,2331,1005.7,1442,1008.0,10.5,3.7,1100,1.72,9.53,,,,,,3.9,2.4,9.4,1.9,11.0,11.2,12.2,12.9,,,,,,1.9,2.7,,,,2021,11,45,314,0,0,0,0
257,양산시,2021-11-11,10.1,5.9,2316,14.9,1325,,,,,,,8.2,270,1139,4.8,270,1203,2.1,1774,290,2.7,41,1328,61.1,7.4,1010.4,1013.1,2211,1009.4,1352,1011.2,10.4,4.8,1100,2.09,9.97,,,,,,2.3,1.8,8.9,2.5,10.9,11.1,11.9,12.5,,,,,,1.8,2.6,,,,2021,11,45,315,0,0,0,0
257,양산시,2021-11-12,8.5,4.2,0651,13.1,1347,,,,,,,9.5,250,1350,5.2,270,1356,2.1,1821,290,0.7,38,1133,59.1,6.4,1016.0,1018.9,2342,1013.0,0001,1016.8,10.4,4.9,1100,2.27,11.13,,,,,,,,7.7,0.7,9.8,10.0,11.1,11.8,,,,,,2.0,2.8,,,,2021,11,45,316,0,0,0,0
257,양산시,2021-11-13,8.7,2.8,0404,15.5,1528,,,,,,,6.3,270,1352,3.9,270,1421,1.7,1435,200,3.3,46,1334,71.4,7.8,1018.4,1020.7,0750,1017.2,1500,1019.2,10.4,8.5,1200,2.26,13.98,,,,,,0.0,0.0,7.7,-0.2,9.9,10.2,10.7,11.3,,,,,,2.0,2.9,,,,2021,11,45,317,0,0,0,0
257,양산시,2021-11-14,9.9,3.7,0705,18.2,1349,,,,,,,6.0,270,1318,3.6,270,1335,1.3,1121,230,5.9,43,1352,80.3,9.3,1018.3,1020.7,0824,1017.2,1508,1019.1,10.4,8.3,1100,2.1,12.46,,,,,,0.9,0.3,8.9,0.8,10.5,10.8,11.1,11.4,,,,,,1.9,2.7,,,,2021,11,45,318,0,0,0,0
257,양산시,2021-11-15,9.7,4.2,0540,18.4,1332,,,,,,,5.1,230,1346,3.0,230,1349,0.9,791,230,5.0,37,1251,77.3,8.8,1020.3,1022.5,0817,1019.5,1458,1021.1,10.3,8.0,1200,2.19,12.41,,,,,,0.9,0.0,8.9,0.4,10.5,10.8,11.2,11.5,,,,,,2.0,2.8,,,,2021,11,46,319,0,0,0,0
257,양산시,2021-11-16,10.4,4.9,2400,18.6,1432,,,,,,,4.6,200,1247,2.6,230,1046,0.8,705,200,2.8,30,1457,64.8,7.6,1022.2,1024.7,2323,1021.0,1350,1023.0,10.3,8.3,1100,2.09,11.93,,,,,,2.9,0.3,8.9,1.0,10.7,10.9,11.2,11.6,,,,,,1.9,2.7,,,,2021,11,46,320,0,0,0,0
257,양산시,2021-11-17,9.0,1.9,0637,17.5,1349,,,,,,,4.7,320,1447,3.1,290,1455,0.9,799,230,1.8,29,1357,65.0,7.0,1022.0,1025.7,0827,1020.2,1514,1022.8,10.3,8.4,1200,2.1,12.5,,,,,,2.6,0.6,7.5,-2.2,9.7,10.0,10.6,11.2,,,,,,2.1,3.1,,,,2021,11,46,321,0,0,0,0
257,양산시,2021-11-18,10.1,5.0,0648,18.3,1332,,,,,,,6.8,230,1436,4.3,230,1443,1.5,1291,230,4.2,37,1127,69.8,8.3,1018.5,1021.3,0815,1017.3,1521,1019.3,10.2,8.4,1200,2.02,12.15,,,,,,1.5,0.1,8.5,1.3,10.3,10.6,10.8,11.2,,,,,,2.0,2.9,,,,2021,11,46,322,0,0,0,0
257,양산시,2021-11-19,10.8,3.5,0515,20.2,1359,,,,,,,5.2,270,1405,3.4,270,1414,1.0,883,230,5.3,31,1331,75.3,9.0,1017.3,1019.4,0908,1015.9,1507,1018.1,10.2,8.5,1200,2.13,12.54,,,,,,0.4,0.0,8.3,-0.7,10.1,10.5,10.7,11.0,,,,,,2.2,3.1,,,,2021,11,46,323,0,0,0,0
257,양산시,2021-11-20,11.4,5.1,0521,20.4,1340,,,,,,,3.9,250,1437,2.5,230,1443,0.8,719,250,7.9,50,1335,82.3,10.7,1019.4,1021.7,2221,1018.7,1429,1020.2,10.2,7.7,1200,1.85,10.67,,,,,,1.3,0.0,9.5,1.1,10.6,11.0,11.0,11.3,,,,,,1.7,2.4,,,,2021,11,46,324,0,0,0,0
257,양산시,2021-11-21,12.7,7.5,0444,19.1,1343,,,,,,,4.2,230,1443,2.5,230,1444,0.8,676,180,9.8,59,1320,84.1,12.1,1016.0,1021.1,0041,1011.9,2400,1016.7,10.2,1.8,1200,1.44,6.92,,,,,,8.4,4.4,11.4,4.2,11.6,11.9,11.6,11.7,,,,,,1.4,2.0,,,,2021,11,46,325,0,0,0,0
257,양산시,2021-11-22,10.2,4.4,2357,14.7,0259,,,,,,0.0,13.5,340,1438,5.7,290,1441,2.7,2375,320,0.6,32,1657,52.3,6.9,1012.0,1017.7,2347,1008.5,0528,1012.8,10.1,1.6,1000,1.25,6.23,,,,,,6.4,3.3,9.2,1.4,11.1,11.4,12.0,12.2,,,,,,1.7,2.5,,,,2021,11,47,326,0,0,0,0
257,양산시,2021-11-23,5.6,0.8,0359,10.0,1432,,,,,,,14.0,270,1505,8.2,270,1510,2.9,2520,270,-2.5,40,1421,56.6,5.1,1016.0,1018.5,0912,1014.6,1427,1016.8,10.1,6.4,1100,2.33,11.55,,,,,,1.8,1.4,4.6,-2.9,8.0,8.1,9.6,10.5,,,,,,2.0,2.9,,,,2021,11,47,327,0,0,0,0
257,양산시,2021-11-24,8.7,3.7,0104,14.0,1345,,,,,,,10.6,270,1537,5.8,270,1542,2.4,2067,270,0.4,38,1351,57.5,6.3,1017.1,1020.0,0840,1015.8,1422,1017.9,10.1,6.7,1200,2.16,10.71,,,,,,1.8,1.3,6.8,-0.3,8.9,9.0,9.4,9.9,,,,,,2.1,3.0,,,,2021,11,47,328,0,0,0,0
257,양산시,2021-11-25,9.4,2.6,0655,17.1,1524,,,,,,,9.6,270,1439,5.1,270,1312,1.8,1521,200,2.3,36,1535,64.3,7.3,1016.9,1020.8,2347,1015.2,1414,1017.7,10.1,7.5,1100,1.75,10.19,,,,,,0.9,0.3,6.6,-1.4,8.6,8.8,9.4,9.9,,,,,,1.9,2.8,,,,2021,11,47,329,0,0,0,0
257,양산시,2021-11-26,8.2,2.6,0413,13.9,1359,,,,,,,8.3,20,1520,4.4,50,1523,1.6,1413,290,-3.6,22,1348,46.6,4.7,1024.2,1028.5,2343,1020.8,0001,1025.0,10.1,8.2,1200,2.16,12.83,,,,,,0.0,0.0,5.3,-1.7,8.1,8.3,9.0,9.5,,,,,,2.6,3.7,,,,2021,11,47,330,0,0,0,0
257,양산시,2021-11-27,6.4,0.9,0508,14.1,1453,,,,,,,3.4,230,0559,2.6,200,1605,1.0,834,200,-2.8,19,1504,56.1,5.0,1032.3,1036.3,2344,1028.4,0001,1033.1,10.0,8.2,1200,2.12,12.57,,,,,,0.0,0.0,4.3,-2.7,7.6,7.8,8.4,9.1,,,,,,2.0,2.8,,,,2021,11,47,331,0,0,0,0
257,양산시,2021-11-28,6.3,-0.2,0715,15.6,1517,,,,,,,3.3,200,1044,2.5,200,1052,0.8,662,180,-0.3,23,1308,67.9,6.0,1032.8,1036.2,0001,1031.1,1615,1033.6,10.0,8.0,1200,2.11,12.21,,,,,,3.0,0.0,4.5,-4.4,7.1,7.2,8.0,8.6,,,,,,1.9,2.6,,,,2021,11,47,332,0,0,0,0
257,양산시,2021-11-29,8.2,0.8,0639,16.6,1358,,,,,,,5.1,200,1437,3.6,230,1437,1.5,1335,200,1.5,32,1344,66.4,6.8,1026.0,1031.4,0001,1023.5,2259,1026.8,10.0,8.0,1200,2.07,12.24,,,,,,3.4,2.0,5.8,-3.6,7.8,8.0,8.2,8.6,,,,,,2.0,2.9,,,,2021,11,48,333,0,0,0,0
257,양산시,2021-11-30,8.9,4.1,0215,13.1,1556,,,,,,35.2,12.1,340,2001,6.3,270,2340,1.7,1435,270,5.8,51,2327,82.8,9.7,1011.2,1023.7,0001,1005.3,1421,1012.0,10.0,0.0,1300,0.15,0.71,,,,,,6.5,2.0,7.0,0.3,8.2,8.5,8.8,9.1,,,,,,1.0,1.5,,,,2021,11,48,334,0,0,0,1
257,양산시,2021-12-01,4.1,-0.5,2307,7.0,1407,,,,,,,13.8,320,1030,6.5,290,1514,3.2,2796,290,-8.3,30,1916,40.4,3.4,1017.9,1023.4,2242,1011.9,0010,1018.7,10.0,7.8,1200,2.04,12.07,,,,,,1.6,0.8,2.9,-3.9,6.2,6.4,7.7,8.4,,,,,,2.1,3.1,,,,2021,12,48,335,0,0,0,0
257,양산시,2021-12-02,3.1,-1.4,0532,8.5,1445,,,,,,,6.9,250,1325,4.1,270,1332,2.1,1801,200,-5.3,35,0115,55.8,4.2,1019.2,1023.1,0011,1017.8,1618,1020.0,9.9,8.1,1200,2.11,12.44,,,,,,0.0,0.0,1.6,-4.4,4.8,5.0,6.0,6.9,,,,,,1.7,2.5,,,,2021,12,48,336,0,0,0,0
257,양산시,2021-12-03,6.3,0.2,0001,12.5,1329,,,,,,,9.8,90,2254,5.3,320,1108,2.3,2000,320,-2.0,41,1408,57.9,5.4,1016.6,1021.5,2331,1014.9,1416,1017.4,9.9,6.0,1200,1.92,10.16,,,,,,3.8,3.1,4.1,-2.9,5.6,6.0,6.4,6.9,,,,,,2.2,3.2,,,,2021,12,48,337,0,0,0,0
257,양산시,2021-12-04,4.2,-0.4,0731,10.9,1424,,,,,,,11.4,140,0045,6.6,320,0053,1.8,1558,200,-4.8,32,1218,54.6,4.4,1024.7,1028.1,2315,1021.4,0008,1025.5,9.9,7.4,1100,1.95,11.09,,,,,,1.0,0.9,2.4,-3.6,5.3,5.5,6.2,6.9,,,,,,1.6,2.3,,,,2021,12,48,338,0,0,0,0
257,양산시,2021-12-05,5.3,-1.8,0721,13.3,1444,,,,,,,3.9,70,2245,2.7,270,1512,0.7,642,200,0.8,47,1356,74.3,6.6,1027.8,1030.7,1013,1027.3,1456,1028.6,9.9,4.2,1300,1.65,8.24,,,,,,3.3,2.1,3.1,-5.6,5.2,5.5,6.0,6.6,,,,,,1.2,1.7,,,,2021,12,48,339,0,0,0,0
257,양산시,2021-12-06,7.2,2.0,0420,14.9,1350,,,,,,,3.0,20,0001,2.1,340,0002,0.6,510,50,4.4,56,1153,85.1,8.4,1025.1,1027.8,0937,1024.4,1438,1025.9,9.9,2.5,1100,1.94,7.26,,,,,,3.9,2.0,5.9,-1.4,6.7,6.9,6.9,7.2,,,,,,0.9,1.4,,,,2021,12,49,340,0,0,0,0
257,양산시,2021-12-07,9.4,2.5,0640,16.3,1415,,,,,,,10.1,50,2221,4.7,70,2155,1.9,1673,50,4.3,41,1549,74.4,8.3,1025.7,1029.1,2339,1024.5,1346,1026.5,9.9,7.3,1200,1.94,10.61,,,,,,1.8,0.0,6.1,-1.6,7.3,7.5,7.3,7.5,,,,,,2.2,3.2,,,,2021,12,49,341,0,0,0,0
257,양산시,2021-12-08,8.8,3.6,0735,14.4,1414,,,,,,,10.3,20,1017,5.2,50,1251,2.1,1786,50,3.1,45,1415,69.4,7.6,1030.5,1032.7,2234,1028.9,0012,1031.3,9.9,5.9,1300,1.82,9.94,,,,,,1.8,1.6,6.1,-0.7,7.7,7.9,7.8,8.0,,,,,,1.8,2.5,,,,2021,12,49,342,0,0,0,0
257,양산시,2021-12-09,10.0,3.4,0512,16.2,1313,,,,,,,7.6,50,1259,3.7,70,1324,1.1,913,90,5.0,49,1309,73.4,8.7,1028.2,1031.9,0001,1026.3,2357,1029.0,9.8,3.3,1000,1.54,7.99,,,,,,8.4,6.4,7.9,-0.8,7.9,8.0,7.9,8.1,,,,,,1.3,1.8,,,,2021,12,49,343,0,0,0,0
257,양산시,2021-12-10,9.6,3.9,0712,17.4,1343,,,,,,,5.9,200,1413,3.4,230,1414,1.0,901,250,6.7,53,1330,85.3,9.9,1023.8,1026.3,0001,1022.2,1452,1024.6,9.8,4.9,1200,1.71,8.66,,,,,,4.1,2.0,7.7,-0.4,8.4,8.6,8.5,8.6,,,,,,1.3,1.8,,,,2021,12,49,344,0,0,0,0
257,양산시,2021-12-11,9.3,3.9,0732,15.5,1426,,,,,,,3.8,250,1542,2.5,250,1301,1.2,1028,230,4.9,47,1436,77.5,8.7,1023.4,1027.1,1006,1022.1,2335,1024.2,9.8,7.7,1200,1.89,10.18,,,,,,5.8,2.8,7.2,-0.1,8.4,8.7,8.5,8.7,,,,,,1.7,2.5,,,,2021,12,49,345,0,0,0,0
257,양산시,2021-12-12,9.0,2.8,2356,12.9,1226,,,,,,,10.2,320,1518,5.5,320,1513,2.5,2148,230,-1.4,28,2307,49.3,5.8,1020.9,1024.6,2317,1019.4,1437,1021.7,9.8,4.6,1400,1.27,7.06,,,,,,5.8,2.5,6.9,0.2,8.4,8.7,8.8,9.0,,,,,,2.0,2.9,,,,2021,12,49,346,0,0,0,0
257,양산시,2021-12-13,3.0,-1.3,0755,8.3,1456,,,,,,,11.9,320,0405,4.9,320,0442,2.1,1841,200,-14.2,15,1242,28.1,2.1,1024.3,1027.3,0826,1023.7,1441,1025.1,9.8,8.0,1200,2.08,12.24,,,,,,0.0,0.0,1.2,-4.9,5.2,5.4,6.7,7.6,,,,,,2.5,3.6,,,,2021,12,50,347,0,0,0,0
257,양산시,2021-12-14,3.2,-1.8,0458,9.4,1423,,,,,,,7.9,270,1414,4.0,270,1214,1.8,1583,200,-5.3,25,0005,55.3,4.2,1021.5,1024.7,0001,1019.4,1455,1022.3,9.8,8.0,1200,1.99,11.55,,,,,,0.1,0.0,1.3,-5.8,4.3,4.5,5.4,6.2,,,,,,1.7,2.5,,,,2021,12,50,348,0,0,0,0
257,양산시,2021-12-15,5.1,-1.5,0600,14.6,1518,,,,,,,7.2,230,1530,4.3,230,1538,1.3,1144,230,1.9,53,1453,82.3,7.2,1020.9,1023.8,0836,1019.8,1540,1021.7,9.8,5.5,1300,1.66,8.02,,,,,,1.3,1.1,2.8,-5.5,4.8,5.1,5.5,6.0,,,,,,1.1,1.6,,,,2021,12,50,349,0,0,0,0
257,양산시,2021-12-16,7.1,2.2,0147,10.5,1521,,,,,,3.2,3.6,200,2320,2.5,200,0722,1.0,849,200,5.8,75,2342,92.1,9.3,1017.0,1021.3,0045,1014.4,2149,1017.8,9.8,0.5,1400,0.67,3.18,,,,,,10.0,5.4,6.2,-1.9,6.1,6.4,6.4,6.6,,,,,,0.8,1.1,,,,2021,12,50,350,0,0,0,1
257,양산시,2021-12-17,2.7,-3.6,2339,8.3,0341,,,,,,,17.3,290,1219,8.4,290,1213,3.9,3367,290,-9.1,23,1255,44.1,3.6,1018.3,1026.3,2346,1013.3,0421,1019.1,9.8,7.3,1200,2.09,11.52,,,,,,3.4,0.9,2.2,-5.3,5.3,5.8,6.5,6.9,,,,,,2.4,3.4,,,,2021,12,50,351,0,0,0,0
257,양산시,2021-12-18,-2.1,-6.0,0619,3.5,1537,,,,,,,10.5,320,1105,5.6,290,0933,2.6,2224,290,-15.1,17,1247,38.6,2.0,1024.6,1028.1,0944,1022.8,2357,1025.4,9.8,8.0,1200,2.11,12.06,,,,,,0.0,0.0,-2.0,-7.8,1.9,2.1,3.9,5.0,,,,,,1.9,2.7,,,,2021,12,50,352,0,0,0,0
257,양산시,2021-12-19,2.4,-3.1,0027,7.8,1459,,,,,,,9.5,290,1622,5.2,290,1611,2.0,1712,140,-6.4,30,1605,54.9,3.8,1021.1,1023.7,2330,1019.5,0606,1021.9,9.8,7.9,1200,2.02,11.38,,,,,,1.0,0.6,-0.3,-6.3,2.3,2.7,3.4,4.2,,,,,,1.7,2.5,,,,2021,12,50,353,0,0,0,0
257,양산시,2021-12-20,4.4,-3.5,0541,13.5,1517,,,,,,,9.6,250,1323,5.3,230,1310,1.7,1481,200,-1.5,41,1504,68.5,5.6,1018.6,1023.7,0001,1016.3,1532,1019.4,9.8,7.6,1300,1.86,10.96,,,,,,0.9,0.0,1.4,-6.6,3.3,3.5,3.7,4.2,,,,,,1.7,2.5,,,,2021,12,51,354,0,0,0,0
257,양산시,2021-12-21,6.0,-0.4,0602,15.6,1512,,,,,,,5.6,250,1453,2.8,270,1454,0.9,798,230,1.7,39,1429,77.6,6.9,1015.8,1018.4,2206,1013.9,1442,1016.6,9.8,8.0,1200,1.84,10.22,,,,,,0.1,0.0,2.9,-4.5,4.5,4.7,4.6,4.9,,,,,,1.5,2.2,,,,2021,12,51,355,0,0,0,0
257,양산시,2021-12-22,5.9,0.1,0631,14.6,1444,,,,,,,4.2,360,0736,3.0,50,0737,1.0,874,230,-2.1,19,1254,62.9,5.3,1020.3,1023.5,2108,1017.8,0020,1021.1,9.8,8.0,1200,1.97,11.28,,,,,,0.0,0.0,2.4,-5.4,4.6,4.9,5.0,5.3,,,,,,1.9,2.7,,,,2021,12,51,356,0,0,0,0
257,양산시,2021-12-23,4.5,-2.1,0640,13.4,1513,,,,,,,4.7,200,1109,3.1,200,1113,1.1,924,200,-4.1,23,1328,58.8,4.5,1022.5,1024.9,0952,1022.0,1453,1023.3,9.8,8.0,1200,1.84,10.62,,,,,,1.8,0.4,1.7,-7.0,4.0,4.2,4.6,5.1,,,,,,1.7,2.4,,,,2021,12,51,357,0,0,0,0
257,양산시,2021-12-24,5.3,-0.9,0519,11.0,1412,,,,,,,6.4,290,2333,3.5,290,2342,1.0,865,200,-2.0,36,1422,61.1,5.3,1018.9,1023.0,0001,1016.7,1422,1019.7,9.8,2.9,1100,1.42,6.78,,,,,,5.8,3.8,2.7,-5.0,4.0,4.1,4.7,5.0,,,,,,1.5,2.2,,,,2021,12,51,358,0,0,0,0
257,양산시,2021-12-25,-1.1,-6.0,2400,6.1,0001,,,,,,,13.7,200,0903,7.1,50,0848,3.5,3021,320,-17.1,16,1438,30.5,1.8,1024.9,1030.6,2326,1019.3,0044,1025.7,9.8,8.0,1200,2.11,12.27,,,,,,0.0,0.0,-0.6,-7.6,3.1,3.4,4.2,4.8,,,,,,2.4,3.4,,,,2021,12,51,359,0,0,0,0
257,양산시,2021-12-26,-4.3,-7.9,0705,-0.7,1438,,,,,,,11.2,230,1448,5.8,320,0805,3.3,2849,320,-19.5,18,1316,30.1,1.3,1030.0,1032.7,1008,1029.1,1444,1030.8,9.8,4.0,,,,,,,,,0.0,0.0,-3.4,-9.7,0.5,0.6,2.4,3.1,,,,,,1.4,2.0,,,,2021,12,51,360,0,0,0,0
257,양산시,2021-12-27,-1.8,-6.7,0651,3.8,1518,,,,,,,11.0,290,1210,5.0,320,0003,2.2,1886,290,-12.7,25,1307,44.8,2.4,1028.5,1030.8,0001,1027.6,1433,1029.3,9.8,8.0,1200,2.08,11.92,,,,,,0.1,0.0,-2.4,-9.9,0.2,0.3,1.7,2.3,,,,,,1.4,2.1,,,,2021,12,52,361,0,0,0,0
257,양산시,2021-12-28,1.8,-2.8,0023,8.8,1405,,,,,,,5.0,230,1230,3.4,200,1238,2.0,1741,200,-4.1,42,1401,66.6,4.5,1026.2,1029.7,0745,1024.4,2159,1027.0,9.8,6.7,1200,1.91,10.43,,,,,,2.3,0.0,-0.5,-6.7,1.0,1.2,1.7,2.1,,,,,,1.4,1.9,,,,2021,12,52,362,0,0,0,0
257,양산시,2021-12-29,4.9,-1.9,0406,10.8,1512,,,,,,,8.0,270,2352,5.1,270,2355,2.2,1904,230,-2.6,41,1519,60.9,5.1,1019.0,1024.5,0008,1016.6,1507,1019.8,9.8,4.3,1200,1.81,8.22,,,,,,4.5,0.0,0.9,-5.0,2.3,2.6,2.5,2.5,,,,,,1.9,2.7,,,,2021,12,52,363,0,0,0,0
257,양산시,2021-12-30,3.2,0.9,2350,6.3,1539,,,,,,,13.2,270,1700,5.8,290,1134,3.5,3065,290,-8.8,23,1229,42.3,3.2,1021.3,1024.7,2352,1018.4,0001,1022.1,9.8,8.0,1200,2.04,11.77,,,,,,2.1,0.0,0.8,-1.1,2.8,3.0,3.1,3.1,,,,,,2.5,3.6,,,,2021,12,52,364,0,0,0,0
257,양산시,2021-12-31,0.2,-2.6,0633,5.1,1458,,,,,,,12.6,50,0232,6.0,290,1210,3.2,2734,290,-16.9,14,1631,27.4,1.7,1026.8,1029.5,2142,1024.3,0001,1027.6,9.8,8.0,1200,2.12,12.33,,,,,,1.3,0.0,-1.0,-5.5,2.0,2.2,2.7,2.9,,,,,,2.5,3.5,,,,2021,12,52,365,0,0,0,0
257,양산시,2022-01-01,-0.2,-6.4,0749,7.5,1504,,,,,,,4.9,70,0548,2.8,230,1440,1.3,1122,200,-15.3,13,1316,33.1,1.9,1028.2,1031.7,1008,1027.2,1550,1029.0,9.8,8.0,1200,2.17,12.24,,,,,,3.6,0.0,-1.4,-10.0,1.2,1.4,2.1,2.4,,,,,,1.9,2.7,,,,2022,1,52,1,0,0,0,0
257,양산시,2022-01-02,1.3,-4.1,0802,10.6,1517,,,,,,,6.7,340,1418,3.6,320,1451,1.7,1432,200,-7.4,26,1122,54.5,3.6,1024.5,1027.4,0001,1023.1,1500,1025.3,9.8,8.0,1200,1.96,11.35,,,,,,0.9,0.0,-0.6,-7.0,1.5,1.7,2.0,2.3,,,,,,1.6,2.3,,,,2022,1,52,2,0,0,0,0
257,양산시,2022-01-03,1.4,-5.6,0755,9.4,1411,,,,,,,5.9,270,1513,3.3,290,1520,1.3,1108,200,-10.2,15,1356,49.0,2.9,1023.6,1026.4,0940,1021.6,1536,1024.4,9.9,8.0,1200,2.07,12.52,,,,,,1.3,0.0,-1.3,-10.4,1.3,1.4,1.9,2.2,,,,,,2.1,2.9,,,,2022,1,1,3,0,0,0,0
257,양산시,2022-01-04,1.9,-3.8,0747,9.5,1454,,,,,,,7.1,270,1235,4.7,270,1235,1.3,1162,230,-7.9,26,1614,50.0,3.4,1024.8,1027.0,1015,1023.7,1344,1025.6,9.9,7.9,1200,1.93,11.01,,,,,,1.3,,-0.4,-7.5,1.5,1.7,2.0,2.1,,,,,,1.7,2.5,,,,2022,1,1,4,0,0,0,0
257,양산시,2022-01-05,4.1,-1.4,0446,9.4,1445,,,,,,0.2,9.9,50,2006,4.8,50,2028,2.2,1882,50,-4.4,34,0249,56.1,4.8,1025.0,1027.6,0834,1023.7,1448,1025.8,9.9,0.0,1100,0.98,5.33,,,,,,9.3,,1.8,-4.5,2.0,2.3,2.3,2.3,,,,,,1.0,1.4,,,,2022,1,1,5,0,0,0,1
257,양산시,2022-01-06,4.6,-1.4,2354,11.0,1327,,,,,,0.0,7.6,290,1200,4.1,320,1506,1.6,1387,320,-6.5,17,1305,51.9,4.2,1024.7,1028.8,2258,1023.5,0405,1025.5,9.9,7.9,1200,2.1,12.0,,,,,,2.4,,2.4,-6.2,4.0,4.2,3.8,3.4,,,,,,2.3,3.2,,,,2022,1,1,6,0,0,0,0
257,양산시,2022-01-07,1.8,-3.3,0745,10.8,1505,,,,,,,5.5,250,1419,3.1,290,1441,1.0,874,200,-7.7,20,1640,52.0,3.4,1027.2,1030.5,0915,1026.0,1542,1028.0,9.9,8.0,1200,2.04,11.94,,,,,,0.0,0.0,-0.2,-7.8,2.4,2.6,2.9,3.1,,,,,,2.0,2.9,,,,2022,1,1,7,0,0,0,0
257,양산시,2022-01-08,1.8,-3.6,0740,10.7,1503,,,,,,,4.9,250,1328,3.3,250,1548,1.6,1367,200,-8.1,20,1340,51.9,3.3,1022.3,1026.5,0001,1020.2,1442,1023.1,9.9,8.0,1200,2.1,12.19,,,,,,0.0,0.0,-0.6,-7.9,1.9,2.1,2.4,2.7,,,,,,1.8,2.6,,,,2022,1,1,8,0,0,0,0
257,양산시,2022-01-09,3.1,-1.4,0012,9.8,1531,,,,,,,3.9,230,1547,2.5,230,0253,1.2,1018,230,-2.6,43,1529,68.0,5.0,1020.6,1022.6,0001,1019.6,1409,1021.4,9.9,5.7,1100,1.61,8.41,,,,,,4.3,0.0,1.0,-5.5,2.1,2.3,2.6,2.7,,,,,,1.1,1.6,,,,2022,1,1,9,0,0,0,0
257,양산시,2022-01-10,4.7,-1.8,0430,11.7,1459,,,,,,,3.8,250,1604,2.7,250,1549,1.1,941,230,-0.5,46,1321,71.0,5.9,1017.8,1022.3,0905,1014.2,2356,1018.6,10.0,6.2,1200,1.79,9.62,,,,,,4.9,,2.4,-6.4,3.1,3.3,3.1,2.9,,,,,,1.7,2.4,,,,2022,1,2,10,0,0,0,0
257,양산시,2022-01-11,2.0,-2.5,2340,6.2,0139,,,,,,,14.8,290,1323,7.5,290,1325,3.5,3041,320,-10.4,21,1351,41.1,3.1,1014.9,1020.7,2118,1011.8,0440,1015.7,10.0,6.3,1200,2.15,10.94,,,,,,2.7,2.4,1.7,-4.9,3.4,3.6,3.7,3.6,,,,,,2.2,3.1,,,,2022,1,2,11,0,0,0,0
257,양산시,2022-01-12,-0.5,-4.6,0657,4.3,1511,,,,,,,7.6,270,1039,4.2,230,0856,2.5,2136,230,-15.1,21,1420,32.9,1.9,1018.9,1021.9,0907,1018.0,1519,1019.7,10.0,8.2,1200,2.23,13.21,,,,,,2.3,0.8,-1.2,-7.0,1.3,1.4,2.3,2.6,,,,,,2.2,3.1,,,,2022,1,2,12,0,0,0,0
257,양산시,2022-01-13,-0.5,-3.5,0737,2.3,1516,,,,,,,13.4,290,1411,7.9,320,1220,3.6,3081,290,-13.8,25,1557,36.3,2.1,1017.7,1021.6,2350,1016.1,1425,1018.5,10.0,8.2,1200,2.16,12.44,,,,,,1.6,0.9,-0.7,-6.9,1.2,1.4,1.9,2.2,,,,,,2.1,3.0,,,,2022,1,2,13,0,0,0,0
257,양산시,2022-01-14,-0.7,-5.4,0618,6.4,1557,,,,,,,7.5,320,0228,4.6,320,1155,2.3,1988,320,-15.2,16,1602,34.4,1.9,1023.0,1025.9,0925,1021.6,0001,1023.8,10.0,8.2,1200,2.25,13.38,,,,,,2.3,0.3,-1.4,-8.5,0.6,0.7,1.5,1.8,,,,,,2.1,3.0,,,,2022,1,2,14,0,0,0,0
257,양산시,2022-01-15,1.5,-3.2,0346,9.6,1537,,,,,,,4.9,250,1401,2.9,200,0959,1.7,1437,200,-10.4,19,1501,43.3,2.8,1021.5,1024.3,2107,1019.6,1446,1022.3,10.0,5.3,1400,1.73,9.85,,,,,,4.4,3.1,0.0,-6.9,1.1,1.4,1.5,1.7,,,,,,1.7,2.4,,,,2022,1,2,15,0,0,0,0
257,양산시,2022-01-16,3.0,-2.9,0110,10.5,1357,,,,,,,7.9,270,1120,4.8,270,1417,2.3,1962,200,-7.3,27,1748,49.5,3.6,1021.1,1024.5,2217,1019.8,1313,1021.9,10.1,7.7,1200,1.99,11.11,,,,,,1.4,0.1,0.7,-6.8,1.8,2.0,1.9,1.9,,,,,,2.2,3.1,,,,2022,1,2,16,0,0,0,0
257,양산시,2022-01-17,1.2,-2.9,0707,5.5,1504,,,,,,,9.1,290,1749,5.2,270,1751,2.4,2113,290,-10.9,28,1237,40.9,2.7,1023.8,1027.6,0931,1022.6,1734,1024.6,10.1,7.9,1200,2.15,12.3,,,,,,4.5,1.0,0.2,-6.6,1.7,1.9,2.0,2.1,,,,,,2.2,3.1,,,,2022,1,3,17,0,0,0,0
257,양산시,2022-01-18,-1.1,-5.2,2344,5.7,1600,,,,,,,9.5,20,0155,5.0,360,0320,2.0,1769,290,-17.0,14,1457,30.8,1.6,1025.3,1028.4,1039,1024.2,0001,1026.1,10.1,8.5,1200,2.3,13.79,,,,,,0.4,0.0,-0.9,-10.6,1.3,1.4,1.8,2.0,,,,,,2.0,2.9,,,,2022,1,3,18,0,0,0,0
257,양산시,2022-01-19,0.5,-7.0,0406,7.2,1521,,,,,,,6.6,270,2143,3.7,290,2151,1.3,1166,230,-10.1,24,1423,47.1,2.9,1021.9,1025.9,0013,1019.5,1721,1022.7,10.1,8.3,1200,2.03,12.26,,,,,,3.0,1.6,-0.8,-11.3,0.2,0.4,1.2,1.5,,,,,,1.8,2.6,,,,2022,1,3,19,0,0,0,0
257,양산시,2022-01-20,1.2,-3.3,0702,7.4,1458,,,,,,,11.2,50,1051,5.7,50,0136,2.3,1949,50,-9.1,24,1523,49.3,3.1,1025.2,1029.1,2335,1020.3,0016,1026.0,10.1,8.6,1200,2.26,13.52,,,,,,0.0,0.0,0.0,-7.2,1.6,1.9,1.6,1.6,,,,,,1.9,2.7,,,,2022,1,3,20,0,0,0,0
257,양산시,2022-01-21,1.3,-5.1,0718,9.3,1428,,,,,,,5.0,250,1456,3.0,230,1459,1.0,881,200,-5.2,33,1239,65.1,4.2,1028.8,1031.6,0922,1028.4,1646,1029.6,10.2,8.3,1200,2.2,13.71,,,,,,1.9,0.0,0.0,-10.5,1.4,1.6,1.6,1.8,,,,,,1.7,2.5,,,,2022,1,3,21,0,0,0,0
257,양산시,2022-01-22,4.1,-2.9,0714,12.8,1512,,,,,,,5.2,250,1651,3.1,250,1653,1.0,822,230,-0.9,43,1309,72.5,5.8,1025.3,1029.1,0024,1023.4,1600,1026.1,10.2,4.9,1200,2.0,11.04,,,,,,6.8,3.9,2.4,-6.9,2.4,2.5,2.2,2.1,,,,,,1.4,2.0,,,,2022,1,3,22,0,0,0,0
257,양산시,2022-01-23,7.9,2.7,0538,13.0,1419,,,,,,,11.0,50,2318,5.0,50,2224,1.7,1470,50,2.3,45,1423,69.8,7.2,1019.3,1024.4,0001,1017.1,1651,1020.1,10.2,0.5,1200,1.33,7.04,,,,,,9.0,5.1,5.9,0.0,4.5,4.7,3.8,3.3,,,,,,1.5,2.2,,,,2022,1,3,23,0,0,0,0
257,양산시,2022-01-24,5.9,2.7,2338,7.9,0001,,,,,,0.0,9.8,50,0013,5.0,50,1521,3.3,2836,70,-0.3,48,1256,65.1,6.1,1020.9,1023.2,1036,1019.5,0010,1021.7,10.2,0.0,1300,0.58,3.67,,,,,,6.3,5.8,4.7,-0.5,5.1,5.3,4.9,4.5,,,,,,1.1,1.5,,,,2022,1,4,24,0,0,0,0
257,양산시,2022-01-25,6.0,2.8,0233,9.2,1159,,,,,,,4.2,70,0019,3.1,320,1049,1.1,983,230,-0.3,50,1155,64.9,6.0,1020.1,1022.9,0006,1019.6,1537,1020.9,10.3,0.2,1100,1.29,4.71,,,,,,6.6,6.3,4.6,0.4,4.8,5.0,4.8,4.4,,,,,,0.9,1.3,,,,2022,1,4,25,0,0,0,0
257,양산시,2022-01-26,4.9,0.6,0743,10.0,1432,,,,,,,6.1,290,1322,3.8,320,1306,1.5,1298,180,-3.4,35,1318,56.3,4.8,1022.0,1024.3,0900,1020.4,0039,1022.8,10.3,8.5,1200,2.15,12.77,,,,,,2.7,0.0,3.4,-3.6,4.7,4.9,4.8,4.5,,,,,,1.8,2.6,,,,2022,1,4,26,0,0,0,0
257,양산시,2022-01-27,4.2,-1.6,0741,11.8,1551,,,,,,,4.8,230,1357,2.8,230,1404,1.0,867,230,-6.2,21,1522,50.1,3.9,1021.2,1024.1,0921,1019.5,1550,1022.0,10.3,8.4,1200,2.21,13.19,,,,,,3.0,0.3,2.9,-5.6,4.4,4.6,4.5,4.3,,,,,,2.3,3.3,,,,2022,1,4,27,0,0,0,0
257,양산시,2022-01-28,4.7,-0.6,0239,10.1,1437,,,,,,,8.4,320,1209,4.5,320,1215,2.1,1847,250,-13.9,15,1355,26.1,2.1,1020.4,1023.3,0858,1019.5,1507,1021.2,10.4,8.8,1200,2.39,14.56,,,,,,5.1,2.5,3.5,-5.2,4.1,4.3,4.3,4.2,,,,,,3.2,4.6,,,,2022,1,4,28,0,0,0,0
257,양산시,2022-01-29,3.8,0.9,2138,8.5,1545,,,,,,,8.3,320,1109,5.2,320,1109,2.5,2194,320,-15.2,14,1506,23.8,1.9,1018.0,1020.9,0014,1016.5,1630,1018.8,10.4,7.1,1100,1.95,11.96,,,,,,6.8,0.0,3.3,-3.1,3.9,4.1,4.2,4.1,,,,,,2.5,3.6,,,,2022,1,4,29,0,0,0,0
257,양산시,2022-01-30,2.6,-2.4,0801,9.2,1433,,,,,,,5.6,340,1609,3.3,320,1513,1.5,1256,160,-13.9,15,1634,29.3,2.1,1018.4,1021.4,2339,1017.1,1512,1019.2,10.4,8.8,1300,2.18,13.63,,,,,,4.3,1.0,2.7,-6.9,3.6,3.8,3.9,3.8,,,,,,2.3,3.3,,,,2022,1,4,30,0,0,0,0
257,양산시,2022-01-31,1.9,-4.2,0736,9.5,1601,,,,,,,5.7,70,0018,3.5,360,0020,1.6,1381,180,-12.6,16,1408,35.3,2.3,1022.1,1024.6,0925,1021.2,1454,1022.9,10.5,8.9,1200,2.43,15.11,,,,,,0.0,0.0,1.6,-8.5,2.9,3.1,3.3,3.4,,,,,,2.6,3.7,,,,2022,1,5,31,0,0,0,0
257,양산시,2022-02-01,2.9,-2.0,0047,7.5,1409,,,,,,,13.4,320,1447,6.9,320,1504,3.0,2569,200,-7.6,29,1413,46.8,3.5,1023.0,1027.1,2349,1021.7,1408,1023.8,10.5,8.4,1200,2.34,13.45,,,,,,2.1,0.8,2.4,-5.9,2.8,3.1,3.2,3.2,,,,,,2.3,3.2,,,,2022,2,5,32,1,1,0,0
257,양산시,2022-02-02,1.9,-1.9,0725,6.1,1523,,,,,,,9.6,320,1308,4.9,290,1316,2.0,1722,200,-9.0,28,2322,45.4,3.1,1025.1,1027.9,0948,1023.7,1605,1025.9,10.5,6.2,1300,2.37,12.37,,,,,,6.4,2.1,2.1,-5.9,2.8,2.9,3.3,3.2,,,,,,1.8,2.5,,,,2022,2,5,33,1,1,0,0
257,양산시,2022-02-03,2.3,-2.2,0648,8.0,1555,,,,,,,8.0,340,0016,4.0,290,1317,2.1,1782,200,-11.5,19,1516,37.1,2.6,1023.8,1026.5,0842,1022.0,1532,1024.6,10.5,8.9,1200,2.49,15.61,,,,,,5.9,0.6,2.8,-6.0,3.0,3.3,3.3,3.2,,,,,,2.7,3.8,,,,2022,2,5,34,1,1,0,0
257,양산시,2022-02-04,1.8,-2.8,0541,6.9,1519,,,,,,,11.8,200,2253,6.1,290,1125,3.1,2690,290,-11.3,26,0139,37.5,2.6,1021.6,1024.3,0225,1019.6,1652,1022.4,10.6,8.9,1200,2.37,14.87,,,,,,1.3,1.3,2.8,-6.8,3.2,3.4,3.3,3.3,,,,,,2.5,3.6,,,,2022,2,5,35,1,1,0,0
257,양산시,2022-02-05,-0.7,-3.7,0439,2.7,1623,,,,,,,12.9,290,1148,7.2,290,1223,3.3,2817,290,-13.2,23,1419,39.6,2.3,1022.8,1025.2,2359,1022.2,1531,1023.6,10.6,8.8,1200,2.55,15.35,,,,,,0.8,0.0,0.9,-7.8,2.1,2.3,2.8,3.0,,,,,,2.4,3.4,,,,2022,2,5,36,1,1,0,0
257,양산시,2022-02-06,0.5,-4.4,0808,6.1,1547,,,,,,,10.2,70,1342,5.6,360,1512,2.7,2322,270,-11.5,28,1610,41.0,2.6,1025.9,1029.1,0850,1023.9,1619,1026.7,10.6,9.0,1200,2.54,15.77,,,,,,0.5,0.0,1.5,-7.2,2.2,2.4,2.5,2.6,,,,,,2.3,3.3,,,,2022,2,5,37,1,1,0,0
257,양산시,2022-02-07,2.2,-2.8,0604,7.1,1416,,,,,,,6.3,290,0231,3.6,320,1325,1.9,1620,200,-13.2,20,1220,32.9,2.2,1025.4,1028.2,0809,1024.1,1527,1026.2,10.7,6.2,1100,2.07,12.27,,,,,,5.5,3.6,2.0,-6.3,2.6,2.8,2.7,2.7,,,,,,2.0,2.9,,,,2022,2,6,38,1,1,0,0
257,양산시,2022-02-08,3.1,-1.9,0627,9.1,1541,,,,,,,8.6,290,1357,4.2,290,1358,1.5,1278,50,-11.2,22,1238,35.1,2.6,1024.8,1027.1,0949,1024.2,1535,1025.6,10.7,9.1,1200,2.48,14.78,,,,,,4.0,2.3,4.6,-6.6,3.9,4.2,3.7,3.4,,,,,,2.3,3.2,,,,2022,2,6,39,1,1,0,0
257,양산시,2022-02-09,4.5,-3.5,0558,11.9,1336,,,,,,,6.5,140,1730,3.5,140,1724,1.3,1102,20,-5.1,24,1241,52.0,4.3,1023.4,1027.8,0830,1021.4,1735,1024.2,10.7,7.4,1200,2.25,13.36,,,,,,5.5,4.1,4.3,-7.9,3.8,4.1,3.7,3.5,,,,,,2.0,2.9,,,,2022,2,6,40,1,1,0,0
257,양산시,2022-02-10,5.8,0.7,2324,13.0,1408,,,,,,,6.6,110,1727,3.8,320,1050,1.3,1156,320,-4.4,19,1658,50.9,4.5,1020.0,1023.1,2400,1018.3,1508,1020.8,10.8,7.9,1200,2.41,14.38,,,,,,3.3,1.9,6.9,-4.9,5.9,6.2,5.2,4.7,,,,,,2.4,3.4,,,,2022,2,6,41,1,0,0,0
257,양산시,2022-02-11,4.6,-3.1,0711,13.4,1450,,,,,,,5.2,250,1301,3.5,250,1702,1.0,875,250,-6.1,20,1403,49.6,4.0,1023.9,1026.7,0919,1022.9,0059,1024.7,10.8,9.3,1200,2.51,15.59,,,,,,1.6,0.6,4.8,-8.3,4.7,5.0,4.8,4.6,,,,,,2.5,3.5,,,,2022,2,6,42,1,1,0,0
257,양산시,2022-02-12,6.8,0.8,0317,14.7,1402,,,,,,,11.9,50,1816,4.7,140,1559,1.6,1414,70,-2.2,20,1258,56.8,5.3,1023.2,1025.8,0806,1021.7,1552,1024.0,10.8,8.7,1200,2.45,15.01,,,,,,4.8,2.9,6.2,-3.0,5.8,6.0,5.3,4.9,,,,,,2.8,4.0,,,,2022,2,6,43,1,0,0,0
257,양산시,2022-02-13,8.8,6.1,0315,13.7,1346,,,,,,,10.8,50,1506,5.4,50,1508,2.9,2484,50,2.2,43,1405,64.0,7.2,1019.6,1023.1,0001,1018.2,1328,1020.4,10.9,3.9,1100,2.24,10.95,,,,,,8.9,4.6,9.4,4.9,7.4,7.6,6.6,5.9,,,,,,1.8,2.6,,,,2022,2,6,44,1,0,0,0
257,양산시,2022-02-14,9.0,6.1,0429,13.7,1359,,,,,,,7.8,50,0127,4.4,200,1457,2.4,2032,70,2.8,32,2234,66.3,7.5,1018.0,1021.0,0827,1016.5,1632,1018.8,10.9,,,,,,,,,,5.9,4.4,9.8,2.2,7.9,8.1,7.4,6.8,,,,,,,,,,,2022,2,7,45,1,0,0,0
257,양산시,2022-02-15,3.1,-1.6,2355,8.1,1320,,,,,,,9.8,250,1506,5.7,270,1702,3.5,2984,270,-8.8,23,1353,42.4,3.2,1017.2,1020.3,2235,1015.6,1416,1018.0,10.9,,,,,,,,,,0.0,0.0,5.8,-4.1,6.7,6.9,6.8,6.6,,,,,,,,,,,2022,2,7,46,1,1,0,0
257,양산시,2022-02-16,-1.3,-4.1,0657,3.8,1310,,,,,,,11.6,270,1316,6.2,270,1320,3.4,2934,290,-14.2,25,1433,37.5,2.1,1020.0,1022.5,2358,1017.9,1611,1020.8,11.0,4.7,1300,2.84,8.18,,,,,,0.3,0.0,2.2,-6.5,4.1,4.3,5.1,5.3,,,,,,1.9,2.7,,,,2022,2,7,47,1,1,0,0
257,양산시,2022-02-17,-2.3,-6.4,0655,3.4,1538,,,,,,,8.8,290,0044,4.5,320,0138,2.4,2046,320,-17.2,19,1435,32.0,1.6,1025.3,1029.6,2340,1022.4,0001,1026.1,11.0,9.6,1200,2.81,17.45,,,,,,0.9,0.0,1.4,-8.8,3.0,3.2,3.9,4.2,,,,,,2.2,3.1,,,,2022,2,7,48,1,1,0,0
257,양산시,2022-02-18,2.2,-6.2,0653,9.6,1507,,,,,,,7.7,160,1655,4.1,160,1656,1.6,1365,50,-7.2,31,1352,50.8,3.8,1028.1,1032.5,0831,1025.2,2334,1028.9,11.0,9.6,1200,2.67,17.0,,,,,,6.6,1.8,4.1,-10.0,3.6,3.9,3.8,3.8,,,,,,2.2,3.2,,,,2022,2,7,49,1,1,0,0
257,양산시,2022-02-19,5.3,2.9,0001,10.0,1221,,,,,,,7.3,320,1250,4.5,320,1252,1.9,1658,200,-4.3,29,1907,51.3,4.5,1019.9,1025.7,0202,1017.7,1706,1020.7,11.1,2.6,1200,2.01,10.26,,,,,,7.6,3.8,6.6,1.0,5.6,5.8,5.4,4.9,,,,,,2.1,2.9,,,,2022,2,7,50,1,0,0,0
257,양산시,2022-02-20,0.0,-3.3,0743,4.0,1524,,,,,,,12.5,290,0536,7.4,290,1156,3.6,3145,320,-16.4,14,1632,30.4,1.8,1022.4,1026.6,2342,1019.3,0001,1023.2,11.1,9.7,1200,2.86,18.92,,,,,,1.3,0.4,3.2,-6.9,4.3,4.5,4.9,4.9,,,,,,2.8,4.0,,,,2022,2,7,51,1,1,0,0
257,양산시,2022-02-21,1.9,-5.3,0649,7.4,1538,,,,,,,9.6,320,0155,5.1,270,1458,2.6,2254,270,-11.5,25,0001,37.3,2.6,1026.8,1030.9,0902,1024.8,1721,1027.6,11.1,9.7,1200,2.8,18.02,,,,,,1.1,0.0,3.6,-9.7,3.7,4.0,4.1,4.1,,,,,,2.9,4.2,,,,2022,2,8,52,1,1,0,0
257,양산시,2022-02-22,2.0,-1.5,0746,5.7,1535,,,,,,,11.0,340,1321,6.3,320,1242,2.8,2436,320,-13.7,19,1214,31.5,2.2,1028.5,1031.7,0905,1027.3,0001,1029.3,11.2,9.2,1200,2.85,18.23,,,,,,2.4,0.0,3.4,-4.4,4.2,4.4,4.5,4.4,,,,,,2.7,3.9,,,,2022,2,8,53,1,1,0,0
257,양산시,2022-02-23,0.4,-3.1,2344,5.3,1551,,,,,,,8.7,290,1041,5.3,320,1048,2.6,2221,320,-16.1,13,1534,30.0,1.8,1028.8,1032.0,0923,1027.2,1626,1029.6,11.2,7.5,1300,2.47,15.43,,,,,,4.5,0.1,4.3,-8.6,4.1,4.3,4.5,4.4,,,,,,2.7,3.9,,,,2022,2,8,54,1,1,0,0
257,양산시,2022-02-24,2.2,-4.7,0651,9.0,1606,,,,,,,10.0,270,0350,4.1,320,1044,2.4,2084,320,-15.0,17,1404,27.3,1.9,1027.6,1031.2,0821,1025.4,1701,1028.4,11.2,9.8,1200,2.92,19.52,,,,,,0.0,0.0,3.4,-7.8,3.7,3.9,4.0,4.0,,,,,,3.1,4.4,,,,2022,2,8,55,1,1,0,0
257,양산시,2022-02-25,5.1,-0.8,0529,12.3,1540,,,,,,,8.0,230,1735,4.8,230,1737,2.3,2009,200,-7.7,22,1650,40.5,3.5,1025.2,1029.0,0910,1023.5,1715,1026.0,11.3,9.8,1200,2.8,18.53,,,,,,0.0,0.0,5.7,-5.2,4.9,5.2,4.7,4.4,,,,,,2.9,4.2,,,,2022,2,8,56,1,1,0,0
257,양산시,2022-02-26,6.8,-1.8,0704,14.1,1520,,,,,,,12.0,230,1958,6.3,230,1343,3.4,2923,230,-2.2,27,1437,55.1,5.3,1018.6,1024.7,0001,1013.9,2343,1019.4,11.3,8.8,1200,2.59,16.65,,,,,,0.9,0.0,7.1,-4.2,5.8,6.1,5.5,5.1,,,,,,3.5,5.0,,,,2022,2,8,57,1,1,0,0
257,양산시,2022-02-27,7.0,1.0,2400,14.3,1524,,,,,,,13.9,270,0303,8.3,290,0308,2.8,2378,250,-8.7,14,1427,34.4,3.2,1020.0,1023.6,2340,1014.3,0001,1020.8,11.3,9.8,1200,2.92,19.67,,,,,,0.0,0.0,8.9,-4.3,7.4,7.7,6.7,6.1,,,,,,3.7,5.2,,,,2022,2,8,58,1,0,0,0
257,양산시,2022-02-28,6.8,-2.3,0647,16.0,1347,,,,,,,7.1,200,1429,4.8,230,1431,1.7,1494,230,-5.2,16,1449,47.5,4.2,1020.6,1024.7,0847,1018.2,2339,1021.4,11.4,7.5,1300,2.5,14.71,,,,,,3.9,3.4,6.6,-7.4,6.7,6.9,6.4,6.1,,,,,,2.9,4.1,,,,2022,2,9,59,1,1,0,0
257,양산시,2022-03-01,10.3,5.0,0104,17.2,1522,,,,,,1.8,7.3,200,1656,4.5,230,1648,2.1,1796,230,4.2,46,2058,68.8,8.5,1012.3,1018.3,0004,1009.8,1423,1013.1,11.4,3.6,1100,1.87,10.78,,,,,,5.8,2.9,10.3,1.3,8.6,8.8,7.8,7.1,,,,,,2.0,2.9,,,,2022,3,9,60,1,0,0,1
257,양산시,2022-03-02,7.5,1.6,0709,13.8,1524,,,,,,,6.7,320,0047,4.2,320,1611,2.2,1870,250,-5.5,21,1440,42.5,4.2,1014.8,1017.7,0926,1013.4,1624,1015.6,11.5,9.9,1100,2.86,19.47,,,,,,0.6,0.1,8.4,-2.0,8.0,8.3,7.8,7.4,,,,,,3.5,5.0,,,,2022,3,9,61,1,0,0,0
257,양산시,2022-03-03,6.7,0.1,0336,15.6,1430,,,,,,,8.7,230,1727,5.4,230,1715,2.2,1863,230,-3.9,20,1432,50.3,4.6,1017.1,1020.7,0915,1015.8,1643,1017.9,11.5,9.8,1200,2.94,19.73,,,,,,0.0,0.0,8.4,-4.5,7.7,8.0,7.5,7.1,,,,,,3.4,4.9,,,,2022,3,9,62,1,0,0,0
257,양산시,2022-03-04,8.5,-0.2,0451,15.7,1520,,,,,,,13.8,250,1640,8.5,250,1616,2.9,2523,230,1.8,32,1452,65.6,7.1,1013.5,1018.7,0201,1010.3,2341,1014.3,11.5,5.8,1300,2.48,14.71,,,,,,3.5,0.4,9.0,-5.0,8.0,8.2,7.6,7.2,,,,,,3.2,4.6,,,,2022,3,9,63,1,1,0,0
257,양산시,2022-03-05,9.1,3.5,2356,13.7,1443,,,,,,,12.3,250,1039,7.4,270,0953,4.0,3425,270,-8.0,15,1238,32.1,3.7,1011.5,1017.5,2308,1008.4,0411,1012.3,11.6,9.9,1200,3.03,20.16,,,,,,0.8,0.0,10.6,1.6,9.7,10.0,8.9,8.1,,,,,,5.1,7.3,,,,2022,3,9,64,1,0,0,0
257,양산시,2022-03-06,5.2,-1.0,0707,12.5,1605,,,,,,,9.1,290,0157,4.9,290,0144,2.6,2270,50,-10.8,11,1509,33.0,2.8,1018.8,1021.6,0902,1017.2,1557,1019.6,11.6,9.9,1200,3.08,21.24,,,,,,1.0,0.0,7.4,-4.0,8.0,8.2,8.0,7.8,,,,,,3.8,5.4,,,,2022,3,9,65,1,1,0,0
257,양산시,2022-03-07,5.9,1.0,0612,12.2,1402,,,,,,,7.2,200,1443,4.3,200,1446,1.8,1568,200,-2.5,35,1216,56.9,5.2,1018.9,1022.0,0831,1017.2,1614,1019.7,11.6,7.7,1200,2.42,15.17,,,,,,5.4,0.8,8.1,-1.7,8.2,8.4,8.1,7.8,,,,,,2.1,3.0,,,,2022,3,10,66,1,0,0,0
257,양산시,2022-03-08,7.0,-0.7,0619,16.2,1418,,,,,,,8.8,200,1556,5.4,200,1547,1.4,1250,200,-2.9,20,1330,55.5,5.0,1017.4,1019.7,0838,1016.4,1446,1018.2,11.7,9.8,1200,2.89,19.19,,,,,,2.1,1.0,8.2,-5.7,8.4,8.5,8.1,7.7,,,,,,3.2,4.6,,,,2022,3,10,67,1,1,0,0
257,양산시,2022-03-09,8.4,0.2,0651,17.9,1300,,,,,,,9.3,140,1737,5.3,160,1507,1.6,1390,140,0.9,24,1301,62.9,6.7,1020.4,1023.8,2152,1018.2,0015,1021.2,11.7,9.6,1200,2.89,18.93,,,,,,0.4,0.0,9.3,-3.4,9.1,9.3,8.6,8.1,,,,,,,,,,,2022,3,10,68,1,0,0,0
257,양산시,2022-03-10,10.0,2.3,0629,17.8,1228,,,,,,,9.8,180,1229,6.0,200,1338,2.2,1861,200,4.4,39,1312,71.4,8.4,1020.3,1023.5,0840,1018.9,1620,1021.1,11.8,5.9,1200,2.66,14.87,,,,,,5.0,0.8,9.7,-1.8,9.5,9.7,9.2,8.6,,,,,,2.6,3.7,,,,2022,3,10,69,1,0,0,0
257,양산시,2022-03-11,12.1,3.6,0609,19.0,1513,,,,,,,8.4,230,1712,5.0,200,1359,2.0,1689,200,8.1,52,1001,78.3,11.0,1017.4,1020.2,0812,1015.8,1633,1018.1,11.8,4.2,1000,1.88,12.38,,,,,,4.8,2.3,11.7,-0.7,10.3,10.5,9.8,9.1,,,,,,2.0,2.9,,,,2022,3,10,70,1,0,0,0
257,양산시,2022-03-12,15.4,8.0,0517,22.7,1329,,,,,,,10.7,230,1741,6.3,230,1742,2.4,2070,230,11.6,52,1329,80.5,13.7,1015.9,1019.3,0906,1014.4,2357,1016.7,11.8,5.9,1300,2.84,16.49,,,,,,6.5,3.4,15.9,4.5,13.0,13.3,11.4,10.3,,,,,,3.0,4.3,,,,2022,3,10,71,1,0,0,0
257,양산시,2022-03-13,15.3,11.9,2349,18.0,0500,,,,,,17.0,10.7,20,2357,6.1,230,1340,3.4,2903,230,14.4,74,0515,95.3,16.4,1011.6,1014.4,0005,1009.9,1428,1012.3,11.9,0.0,1400,0.39,1.98,,,,,,8.6,4.5,14.7,11.9,13.7,13.9,12.6,11.7,,,,,,0.5,0.7,,,,2022,3,10,72,1,0,0,1
257,양산시,2022-03-14,11.7,10.1,0237,13.7,2221,,,,,,0.0,10.1,70,0239,6.1,50,0016,2.8,2462,50,9.8,71,2327,88.5,12.1,1011.6,1016.3,0816,1008.1,1735,1012.4,11.9,0.0,1300,0.75,3.98,,,,,,8.9,5.5,11.9,8.9,12.3,12.4,12.0,11.4,,,,,,1.0,1.4,,,,2022,3,11,73,1,0,0,0
257,양산시,2022-03-15,11.9,5.2,0720,19.2,1412,,,,,,,9.0,250,0238,4.6,230,1452,1.8,1594,230,4.4,36,1434,62.0,8.4,1012.6,1015.9,0945,1010.4,0001,1013.4,11.9,9.7,1200,3.02,20.63,,,,,,2.4,1.8,11.9,2.3,11.9,12.1,11.4,10.9,,,,,,3.2,4.6,,,,2022,3,11,74,1,0,0,0
257,양산시,2022-03-16,13.0,4.6,0631,22.8,1326,,,,,,,7.7,200,1528,4.4,230,1525,1.8,1540,230,4.0,18,1315,59.3,8.1,1014.4,1018.2,2230,1013.0,0249,1015.2,12.0,9.5,1200,3.06,21.08,,,,,,1.1,0.0,12.3,1.9,12.3,12.5,11.6,11.0,,,,,,4.0,5.7,,,,2022,3,11,75,1,0,0,0
257,양산시,2022-03-17,10.8,8.2,2004,14.3,0100,,,,,,7.1,14.1,110,1838,5.6,70,1722,4.1,3543,70,6.2,39,0107,74.5,9.5,1018.6,1021.6,1120,1016.4,2400,1019.4,12.0,0.0,1200,1.15,4.91,,,,,,9.9,6.0,9.9,7.7,11.2,11.3,11.4,11.1,,,,,,1.2,1.7,,,,2022,3,11,76,1,0,0,1
257,양산시,2022-03-18,7.5,5.5,2101,9.9,1241,,,,,,13.1,14.5,110,0036,6.5,90,0200,4.7,4043,70,4.5,70,2307,81.6,8.5,1009.1,1016.4,0002,1008.0,1436,1009.9,12.1,0.1,1200,1.27,6.64,,,,,,8.9,,8.1,4.8,9.7,9.8,10.2,10.0,,,,,,1.2,1.7,,,,2022,3,11,77,1,0,0,1
257,양산시,2022-03-19,5.8,3.9,2344,11.2,1447,,,,,,5.8,11.3,70,1500,6.9,50,1503,2.0,1722,50,3.0,57,1725,84.0,7.6,1008.6,1015.3,2244,1006.2,1134,1009.4,12.1,1.0,1400,2.4,7.53,,,,,,8.4,3.8,7.9,1.7,8.9,9.0,9.1,9.1,,,,,,1.1,1.5,,,,2022,3,11,78,1,0,0,1
257,양산시,2022-03-20,7.1,2.7,0244,11.7,1514,,,,,,,5.8,200,1527,4.0,200,1308,1.6,1355,200,2.6,55,1520,74.8,7.4,1017.6,1020.9,2250,1015.0,0001,1018.4,12.1,1.1,1000,1.9,10.86,,,,,,8.3,4.0,7.8,0.3,8.5,8.6,8.8,8.7,,,,,,1.6,2.3,,,,2022,3,11,79,1,0,0,0
257,양산시,2022-03-21,8.9,3.4,0637,15.3,1315,,,,,,,7.8,110,1524,4.8,140,1546,1.6,1412,140,1.0,26,1202,60.9,6.7,1021.9,1025.7,0823,1020.6,0001,1022.7,12.2,7.3,1100,3.01,18.28,,,,,,7.5,3.3,9.1,1.1,9.4,9.6,9.2,8.8,,,,,,2.9,4.1,,,,2022,3,12,80,1,0,0,0
257,양산시,2022-03-22,9.6,5.2,0650,16.0,1410,,,,,,,12.2,110,1600,6.4,110,1607,2.3,1946,50,1.0,26,1152,57.6,6.6,1019.9,1021.9,0932,1019.3,0437,1020.7,12.2,9.2,1200,3.08,20.81,,,,,,6.9,2.8,11.2,3.1,10.8,11.0,10.2,9.6,,,,,,3.4,4.8,,,,2022,3,12,81,1,0,0,0
257,양산시,2022-03-23,8.2,3.7,0356,15.2,1525,,,,,,,7.2,250,1559,4.3,290,1602,1.4,1179,250,1.5,35,1456,64.9,6.8,1016.9,1021.4,0028,1014.8,1516,1017.7,12.2,2.9,1400,2.66,11.88,,,,,,6.1,3.4,10.2,1.7,9.8,10.0,9.8,9.5,,,,,,2.0,2.8,,,,2022,3,12,82,1,0,0,0
257,양산시,2022-03-24,10.1,2.5,0643,18.7,1433,,,,,,,9.0,230,1555,6.0,200,1610,1.9,1605,200,2.1,29,1424,60.3,7.2,1019.5,1023.4,2253,1017.5,0001,1020.3,12.3,10.1,1200,3.01,21.53,,,,,,1.1,0.0,11.8,-0.2,10.6,10.8,10.0,9.5,,,,,,3.8,5.5,,,,2022,3,12,83,1,0,0,0
257,양산시,2022-03-25,12.8,5.8,0614,18.6,1257,,,,,,1.2,8.9,250,1103,5.3,230,1129,1.8,1548,230,8.5,55,1258,76.1,11.4,1017.6,1023.1,0033,1009.7,2400,1018.4,12.3,4.6,1200,2.97,13.46,,,,,,8.1,2.4,12.2,3.2,11.4,11.6,10.9,10.3,,,,,,2.0,2.9,,,,2022,3,12,84,1,0,0,1
257,양산시,2022-03-26,16.1,11.0,2359,21.8,1453,,,,,,56.7,11.6,230,0712,6.7,230,0740,3.4,2954,230,,50,1715,,,1001.9,1010.6,2344,997.0,1004,1002.6,12.3,4.7,1400,2.59,14.95,,,,,,7.9,3.8,16.9,8.7,14.6,14.8,13.0,11.9,,,,,,3.0,4.2,,,,2022,3,12,85,1,0,0,1
257,양산시,2022-03-27,14.1,8.2,0647,20.0,1338,,,,,,,10.3,230,1517,6.2,230,1613,2.8,2400,200,2.7,20,1306,51.6,7.6,1012.9,1019.4,2400,1010.1,0017,1013.7,12.4,10.4,1100,3.18,23.3,,,,,,4.3,0.0,13.2,6.5,13.5,13.6,12.9,12.2,,,,,,5.5,7.8,,,,2022,3,12,86,1,0,0,0
257,양산시,2022-03-28,9.9,4.8,0519,14.1,1327,,,,,,,10.6,160,1502,4.3,70,0912,2.6,2240,50,-1.9,28,0044,44.4,5.4,1024.8,1028.4,2218,1019.4,0001,1025.6,12.4,7.7,1000,2.28,17.39,,,,,,7.6,1.0,10.3,1.0,11.5,11.7,11.9,11.6,,,,,,2.9,4.2,,,,2022,3,13,87,1,0,0,0
257,양산시,2022-03-29,10.3,2.7,0616,18.8,1506,,,,,,,6.9,230,1544,4.1,230,1519,1.6,1418,230,2.8,29,1339,63.1,7.5,1024.2,1027.9,0037,1022.1,1630,1025.0,12.5,10.7,1200,3.33,23.98,,,,,,1.8,0.0,12.6,-0.6,12.1,12.3,11.6,11.2,,,,,,3.9,5.6,,,,2022,3,13,88,1,0,0,0
257,양산시,2022-03-30,13.1,6.0,0438,19.6,1441,,,,,,,8.0,200,1241,5.2,200,1314,2.3,2020,230,10.1,68,0945,83.0,12.8,1019.9,1023.6,0001,1017.6,1522,1020.7,12.5,3.9,1200,3.05,14.86,,,,,,6.4,4.0,14.1,1.9,13.0,13.2,12.3,11.7,,,,,,2.1,2.9,,,,2022,3,13,89,1,0,0,0
257,양산시,2022-03-31,11.5,8.7,2346,14.2,0158,,,,,,0.0,10.5,50,1717,5.7,50,1149,3.3,2851,70,6.6,66,2400,71.8,9.8,1022.2,1027.0,2341,1018.4,0331,1023.0,12.5,1.3,1000,1.67,9.39,,,,,,9.3,,13.4,8.4,13.3,13.4,13.0,12.4,,,,,,,,,,,2022,3,13,90,1,0,0,0
257,양산시,2022-04-01,9.8,5.1,2349,15.2,1216,,,,,,,9.4,160,1639,4.7,50,0835,2.8,2407,70,0.6,32,1207,54.8,6.4,1027.8,1030.1,0952,1026.8,0001,1028.6,12.6,7.2,1100,3.21,19.17,,,,,,4.6,,11.7,1.9,12.0,12.1,12.2,11.8,,,,,,,,,,,2022,4,13,91,1,0,0,0
257,양산시,2022-04-02,9.4,2.3,0632,17.1,1356,,,,,,,8.8,250,1650,5.6,250,1654,1.7,1472,200,1.9,28,1216,62.3,7.0,1026.3,1029.9,0040,1023.9,1533,1027.1,12.6,10.8,1200,3.55,25.37,,,,,,1.6,,12.9,-1.1,12.4,12.6,12.0,11.5,,,,,,,,,,,2022,4,13,92,1,0,0,0
257,양산시,2022-04-03,10.9,3.9,0515,18.6,1319,,,,,,,8.6,140,1749,4.3,140,1724,1.6,1404,110,3.8,28,1252,64.5,8.0,1026.3,1028.9,2320,1025.3,1543,1027.1,12.6,10.1,1200,3.35,23.5,,,,,,1.6,,12.8,0.4,13.2,13.4,12.6,12.0,,,,,,,,,,,2022,4,13,93,1,0,0,0
257,양산시,2022-04-04,11.9,4.3,0548,20.5,1343,,,,,,,9.0,230,1512,5.4,250,1617,1.5,1335,230,3.8,27,1339,62.8,8.1,1026.0,1029.2,0722,1024.5,1641,1026.8,12.7,10.9,1200,3.37,24.77,,,,,,0.0,,14.6,0.6,13.9,14.1,13.2,12.5,,,,,,4.2,6.0,,,,2022,4,14,94,1,0,0,0
257,양산시,2022-04-05,13.0,4.8,0436,21.0,1244,,,,,,,9.3,230,1519,5.8,230,1330,2.6,2266,230,1.7,15,1252,51.8,7.0,1020.4,1025.5,0001,1017.3,1614,1021.1,12.7,8.3,1000,2.96,20.71,,,,,,6.3,0.9,14.0,0.7,13.6,13.7,13.3,12.7,,,,,,4.4,6.3,,,,2022,4,14,95,1,0,0,0
257,양산시,2022-04-06,14.9,7.5,0540,22.7,1357,,,,,,,7.2,250,1415,4.9,230,1421,1.8,1540,200,2.2,28,1419,44.5,7.2,1018.8,1021.2,0619,1017.3,1629,1019.5,12.8,10.7,1200,3.13,22.65,,,,,,1.0,0.1,17.3,3.4,15.2,15.5,14.2,13.3,,,,,,4.4,6.3,,,,2022,4,14,96,1,0,0,0
257,양산시,2022-04-07,15.1,7.4,0440,22.5,1608,0.0,,0.0,,,0.0,9.5,320,1338,6.5,270,1344,2.0,1693,200,3.4,26,1819,47.8,7.9,1015.4,1018.9,2349,1012.8,1554,1016.2,12.8,7.8,1300,3.13,19.91,,,,,,2.0,0.4,17.6,4.0,15.4,15.6,14.5,13.7,,,,,,4.0,5.8,,,,2022,4,14,97,1,0,0,0
257,양산시,2022-04-08,14.1,7.2,0606,21.0,1248,,,,,,,9.1,230,1458,5.7,200,1635,2.2,1861,230,4.3,27,1052,54.4,8.5,1018.6,1022.1,0742,1017.1,1546,1019.4,12.8,11.1,1200,3.38,25.1,,,,,,0.1,0.1,16.8,3.4,15.7,15.9,14.8,14.0,,,,,,4.7,6.8,,,,2022,4,14,98,1,0,0,0
257,양산시,2022-04-09,16.2,8.4,0515,23.6,1401,,,,,,,11.8,230,1536,7.1,200,1350,3.5,2990,230,7.2,27,1552,59.1,10.1,1015.9,1018.1,0732,1014.8,1640,1016.6,12.9,10.8,1200,3.24,24.17,,,,,,0.1,0.1,18.2,6.1,16.5,16.7,15.4,14.5,,,,,,5.7,8.1,,,,2022,4,14,99,1,0,0,0
257,양산시,2022-04-10,17.3,10.3,0526,24.1,1246,,,,,,,10.0,200,1621,6.3,230,1556,3.3,2885,200,11.0,41,1247,68.3,13.2,1016.6,1018.7,0726,1015.3,1618,1017.3,12.9,10.5,1200,3.27,23.76,,,,,,4.8,0.8,19.6,7.5,17.3,17.5,16.1,15.1,,,,,,4.4,6.3,,,,2022,4,14,100,1,0,0,0
257,양산시,2022-04-11,16.9,12.9,0531,23.3,1157,0.3,1506,0.3,1416,,0.3,8.4,230,1426,5.4,230,1430,2.0,1685,200,14.2,59,1158,85.8,16.2,1014.1,1017.8,0004,1012.4,1901,1014.8,12.9,1.5,1100,2.26,9.83,,,,,,5.5,0.9,16.4,9.8,16.8,16.9,16.4,15.6,,,,,,1.9,2.8,,,,2022,4,15,101,1,0,0,1
257,양산시,2022-04-12,19.0,14.6,0223,25.3,1428,,,,,,,9.5,200,1121,6.1,230,1139,2.7,2361,230,16.1,57,1416,85.4,18.3,1010.4,1014.0,0008,1008.7,1651,1011.1,13.0,10.4,1200,3.34,24.28,,,,,,3.9,0.8,22.4,12.1,19.1,19.3,17.3,16.0,,,,,,3.9,5.5,,,,2022,4,15,102,1,0,1,0
257,양산시,2022-04-13,13.0,10.9,2249,17.0,0058,,,,,,,12.6,50,1754,6.5,50,2049,3.6,3139,70,9.7,71,1422,80.8,12.1,1014.9,1018.3,2314,1011.1,0001,1015.7,13.0,0.0,1300,0.81,5.53,,,,,,9.0,1.0,16.0,11.1,16.7,16.8,16.8,16.3,,,,,,1.4,2.0,,,,2022,4,15,103,1,0,0,0
257,양산시,2022-04-14,11.1,10.0,0814,12.8,1451,,,,,,,15.7,50,1107,8.0,70,1426,5.2,4492,70,7.1,70,1326,76.5,10.1,1016.7,1019.5,2141,1015.7,1559,1017.5,13.0,0.0,1400,1.25,7.57,,,,,,9.1,1.0,13.8,9.9,14.3,14.4,14.8,14.6,,,,,,1.9,2.7,,,,2022,4,15,104,1,0,0,0
257,양산시,2022-04-15,12.9,10.1,0105,18.9,1442,,,,,,,12.0,110,1723,5.8,70,0850,3.9,3351,70,4.6,38,1443,58.6,8.5,1015.8,1018.7,0001,1013.0,1608,1016.6,13.1,10.5,1200,3.32,25.29,,,,,,6.8,0.9,18.2,9.0,16.1,16.3,15.1,14.4,,,,,,4.4,6.3,,,,2022,4,15,105,1,0,0,0
257,양산시,2022-04-16,12.7,6.8,0551,19.9,1404,,,,,,,7.7,50,0037,4.6,230,1510,2.2,1891,200,2.9,26,1333,54.3,7.6,1016.5,1019.2,1016,1014.9,1657,1017.3,13.1,11.2,1200,3.57,25.8,,,,,,3.4,0.8,18.0,3.6,16.6,16.8,15.8,15.0,,,,,,4.6,6.6,,,,2022,4,15,106,1,0,0,0
257,양산시,2022-04-17,13.8,7.0,0652,23.4,1429,,,,,,,9.4,180,1200,5.7,200,1540,2.4,2057,200,2.0,16,1401,51.4,7.2,1016.7,1018.7,0743,1015.2,1550,1017.5,13.1,11.0,1200,3.61,27.3,,,,,,2.8,0.5,18.1,5.1,17.1,17.2,16.2,15.4,,,,,,5.8,8.3,,,,2022,4,15,107,1,0,0,0
257,양산시,2022-04-18,15.8,9.1,0322,25.5,1236,,,,,,,8.7,270,1444,5.1,250,1453,1.5,1264,230,2.6,15,1259,45.6,7.4,1016.0,1018.7,0012,1014.1,1601,1016.7,13.2,7.3,1000,3.01,20.42,,,,,,7.0,1.3,19.1,0.0,17.6,17.7,16.8,15.9,,,,,,4.5,6.4,,,,2022,4,16,108,1,0,1,0
257,양산시,2022-04-19,15.9,7.8,0553,26.1,1245,,,,,,,8.1,230,1436,4.8,230,1440,1.5,1260,230,3.0,17,1205,46.6,7.6,1015.7,1017.9,0028,1014.3,1542,1016.5,13.2,10.1,1200,3.55,24.75,,,,,,3.3,1.9,19.6,3.6,18.1,18.3,17.2,16.3,,,,,,5.4,7.7,,,,2022,4,16,109,1,0,1,0
257,양산시,2022-04-20,16.3,6.7,0537,25.1,1155,,,,,,,10.0,200,1325,6.2,230,1334,2.3,1966,230,3.4,20,1148,46.9,7.8,1015.1,1017.7,0808,1013.1,1618,1015.8,13.2,11.1,1200,3.42,26.41,,,,,,0.0,0.0,19.4,2.5,18.1,18.3,17.3,16.5,,,,,,6.3,9.1,,,,2022,4,16,110,1,0,1,0
257,양산시,2022-04-21,13.1,10.3,0501,17.1,1132,0.4,1425,1.3,1408,,4.4,5.2,230,1316,2.9,230,1323,1.1,990,230,9.3,48,0048,79.8,12.1,1013.0,1015.9,0001,1011.5,1756,1013.8,13.3,0.2,1100,0.87,5.25,,,,,,8.5,2.5,14.6,6.9,15.9,16.0,16.4,16.2,,,,,,0.9,1.3,,,,2022,4,16,111,1,0,0,1
257,양산시,2022-04-22,16.8,9.8,0436,23.2,1504,,,,,,,11.4,230,1351,6.6,200,1420,3.5,3028,230,11.5,45,1427,74.6,13.6,1011.2,1014.3,0739,1009.3,1636,1012.0,13.3,9.7,1200,3.43,24.93,,,,,,4.5,2.3,18.6,8.5,17.0,17.2,16.1,15.4,,,,,,5.0,7.1,,,,2022,4,16,112,1,0,0,0
257,양산시,2022-04-23,17.2,13.3,0434,23.1,1434,,,,,,,10.5,110,1119,4.6,140,1651,1.9,1650,110,10.7,45,1436,68.0,13.0,1012.0,1014.6,0816,1010.9,0312,1012.7,13.4,1.1,1300,2.32,15.66,,,,,,7.9,0.5,19.8,11.1,18.2,18.3,17.2,16.3,,,,,,3.2,4.6,,,,2022,4,16,113,1,0,0,0
257,양산시,2022-04-24,20.1,13.8,0002,28.0,1420,,,,,,,9.4,230,1621,5.7,200,1600,1.9,1611,230,13.6,44,1257,68.9,15.7,1009.6,1012.8,0001,1007.0,1537,1010.3,13.4,11.1,1200,3.47,26.35,,,,,,1.9,1.0,23.6,12.3,20.4,20.6,18.5,17.2,,,,,,4.9,7.0,,,,2022,4,16,114,1,0,1,0
257,양산시,2022-04-25,20.7,13.3,0538,28.9,1243,1.3,2350,3.1,2301,,3.1,8.7,250,1335,4.7,230,1340,1.6,1403,230,14.9,38,1323,72.6,17.0,1010.4,1013.7,0720,1006.9,2359,1011.1,13.4,7.7,1200,3.32,21.58,,,,,,5.9,1.6,23.0,9.7,20.9,21.0,19.5,18.4,,,,,,3.8,5.4,,,,2022,4,17,115,1,0,1,1
257,양산시,2022-04-26,18.6,16.8,0113,20.8,1011,9.4,148,30.0,59,,63.8,9.7,50,0110,5.7,50,0117,2.2,1915,200,17.7,90,1130,95.8,20.3,1002.1,1007.3,0147,1000.7,1343,1002.8,13.4,0.0,0800,0.47,2.58,,,,,,8.6,5.9,19.2,15.9,18.9,19.1,18.8,18.3,,,,,,0.7,1.0,,,,2022,4,17,116,1,0,0,1
257,양산시,2022-04-27,17.1,13.4,0600,22.1,1308,,,,,,,11.0,110,1037,5.4,110,1209,2.6,2210,90,9.8,39,1414,65.3,12.3,1013.6,1018.8,2335,1006.2,0104,1014.4,13.5,8.0,1200,3.3,22.69,,,,,,5.1,0.3,18.9,11.6,18.8,19.0,18.4,17.7,,,,,,4.4,6.3,,,,2022,4,17,117,1,0,0,0
257,양산시,2022-04-28,16.9,11.1,0549,23.2,1413,,,,,,,13.8,70,2355,5.3,70,2339,2.9,2536,90,6.6,31,1713,54.3,9.9,1016.0,1019.4,0829,1014.5,1413,1016.8,13.5,8.3,1200,3.38,24.15,,,,,,4.9,3.3,18.3,10.1,18.4,18.5,17.9,17.3,,,,,,4.7,6.8,,,,2022,4,17,118,1,0,0,0
257,양산시,2022-04-29,11.5,9.7,0812,14.8,0001,2.3,723,9.3,653,,21.1,15.2,50,1154,6.6,50,1137,3.9,3394,70,7.5,60,0206,77.1,10.4,1014.7,1020.7,2156,1010.2,0715,1015.5,13.6,1.2,1100,3.18,10.5,,,,,,8.5,5.3,13.8,9.7,15.5,15.6,16.4,16.5,,,,,,1.8,2.6,,,,2022,4,17,119,1,0,0,1
257,양산시,2022-04-30,13.9,10.2,0402,19.1,1445,,,,,,,5.9,50,0001,3.6,50,0002,1.5,1284,70,7.3,44,1425,66.0,10.3,1016.5,1020.9,0637,1014.1,1745,1017.3,13.6,1.6,1400,2.36,16.02,,,,,,9.3,6.0,16.7,9.4,16.2,16.3,15.8,15.5,,,,,,2.8,4.0,,,,2022,4,17,120,1,0,0,0
257,양산시,2022-05-01,14.8,9.7,2336,21.9,1419,,,,,,,13.4,200,1445,4.7,230,1446,1.6,1411,180,3.5,17,1401,51.3,8.0,1012.3,1014.8,0001,1011.0,1425,1013.1,13.6,11.1,1200,3.65,28.26,,,,,,2.5,1.3,18.1,6.6,17.6,17.7,16.8,16.1,,,,,,5.3,7.6,,,,2022,5,17,121,1,0,0,0
257,양산시,2022-05-02,13.6,7.8,0511,21.9,1405,2.2,2029,5.2,2025,,9.5,10.3,110,1956,4.9,70,1946,2.4,2039,200,4.0,24,1406,56.6,8.3,1013.2,1018.3,2145,1011.5,1421,1013.9,13.6,8.0,1200,3.67,23.49,,,,,,3.5,3.0,16.3,4.5,17.1,17.1,16.8,16.2,,,,,,4.3,6.2,,,,2022,5,18,122,1,0,0,1
257,양산시,2022-05-03,13.7,6.3,0519,20.3,1423,,,,,,,9.3,230,1559,5.4,200,1455,2.5,2163,200,6.5,36,1233,65.8,9.7,1018.8,1021.1,0843,1017.9,0001,1019.6,13.7,11.4,1200,3.59,28.06,,,,,,1.8,0.1,16.5,3.9,16.5,16.6,16.4,16.0,,,,,,5.0,7.2,,,,2022,5,18,123,1,0,0,0
257,양산시,2022-05-04,16.1,9.4,0542,23.3,1315,,,,,,,9.4,230,1345,5.6,200,1359,2.9,2547,230,7.3,27,1138,60.1,10.3,1019.0,1020.9,0821,1018.3,1549,1019.7,13.7,11.4,1200,3.69,28.77,,,,,,2.3,0.0,18.3,7.6,17.5,17.6,16.9,16.3,,,,,,5.8,8.3,,,,2022,5,18,124,1,0,0,0
257,양산시,2022-05-05,17.2,9.7,0540,24.8,1341,,,,,,,8.3,180,1414,5.3,230,1430,2.6,2263,200,10.3,33,1402,66.8,12.6,1018.7,1021.1,0659,1017.4,1646,1019.4,13.7,11.4,1200,3.63,28.99,,,,,,0.0,0.0,20.5,7.6,18.9,19.0,17.9,17.0,,,,,,5.4,7.7,,,,2022,5,18,125,1,0,0,0
257,양산시,2022-05-06,19.2,11.1,0524,26.8,1337,,,,,,,8.2,250,1647,4.7,250,1652,1.8,1547,230,12.2,37,1452,67.4,14.2,1015.5,1018.8,0003,1014.2,1546,1016.2,13.8,11.2,1200,3.44,27.62,,,,,,0.1,0.0,22.6,8.2,20.4,20.6,19.1,18.0,,,,,,5.3,7.6,,,,2022,5,18,126,1,0,1,0
257,양산시,2022-05-07,19.6,14.5,0534,27.9,1502,,,,,,,9.3,70,2314,4.8,290,1056,2.5,2129,90,11.6,32,1316,63.1,13.7,1015.6,1020.6,2354,1013.5,1515,1016.3,13.8,8.6,1100,3.51,24.72,,,,,,6.0,3.4,24.2,12.6,21.7,21.8,20.2,19.0,,,,,,5.5,7.8,,,,2022,5,18,127,1,0,1,0
257,양산시,2022-05-08,16.8,13.7,0525,21.2,1518,,,,,,,10.7,50,0219,5.0,70,0227,3.1,2717,70,7.1,33,1217,53.9,10.1,1018.2,1021.6,0838,1016.4,1759,1019.0,13.8,9.9,1100,3.2,24.45,,,,,,7.3,3.6,22.2,12.6,21.0,21.2,20.3,19.4,,,,,,4.5,6.4,,,,2022,5,18,128,1,0,0,0
257,양산시,2022-05-09,17.1,13.6,2350,22.8,1335,,,,,,,10.6,50,1603,5.0,70,1616,2.9,2465,70,4.9,26,1425,46.0,8.6,1017.4,1019.5,2223,1017.1,1545,1018.2,13.9,7.8,1300,3.47,22.94,,,,,,6.3,2.6,21.8,10.7,21.0,21.1,20.1,19.2,,,,,,5.6,8.0,,,,2022,5,19,129,1,0,0,0
257,양산시,2022-05-10,17.6,13.4,0206,23.3,1408,,,,,,,10.3,50,1055,4.5,110,1401,2.9,2472,70,6.0,23,1447,48.3,9.4,1016.2,1019.0,0001,1015.1,1551,1017.0,13.9,5.4,1300,3.31,21.56,,,,,,9.0,3.6,22.0,10.7,20.6,20.8,19.7,19.0,,,,,,4.4,6.3,,,,2022,5,19,130,1,0,0,0
257,양산시,2022-05-11,20.0,14.9,0532,26.8,1338,0.0,,0.0,,,0.0,7.0,50,0022,3.6,50,0010,1.4,1231,230,11.8,27,0946,61.0,14.1,1014.1,1016.2,0001,1013.3,1508,1014.8,13.9,4.2,1000,3.12,20.32,,,,,,8.0,6.3,24.8,14.5,22.1,22.4,20.7,19.6,,,,,,3.8,5.4,,,,2022,5,19,131,1,0,1,0
257,양산시,2022-05-12,20.6,16.6,2353,25.6,1102,,,,,,,9.2,70,2010,4.3,70,2222,2.0,1730,70,14.2,56,1532,67.8,16.3,1010.3,1013.7,0005,1009.1,1551,1011.0,13.9,0.8,1000,1.81,13.17,,,,,,8.9,6.3,23.2,15.8,22.1,22.2,21.3,20.3,,,,,,3.0,4.3,,,,2022,5,19,132,1,0,1,0
257,양산시,2022-05-13,17.9,14.7,2228,22.3,1337,0.3,2213,0.3,2203,,0.3,9.6,50,0134,5.5,50,0143,2.8,2456,50,13.3,61,1342,75.6,15.3,1007.0,1010.6,0001,1005.3,1611,1007.7,14.0,0.0,1300,1.63,10.22,,,,,,9.8,7.0,21.0,14.5,20.9,21.0,20.4,19.8,,,,,,2.2,3.2,,,,2022,5,19,133,1,0,0,1
257,양산시,2022-05-14,19.4,12.0,0544,26.4,1613,0.0,,0.0,,,0.0,11.6,270,1406,5.5,200,1656,2.1,1823,290,5.3,17,1617,46.8,9.4,1009.8,1013.0,2350,1007.7,0008,1010.5,14.0,9.9,1200,3.73,28.78,,,,,,4.3,0.9,25.0,9.2,22.0,22.2,20.7,19.7,,,,,,6.9,9.9,,,,2022,5,19,134,1,0,1,0
257,양산시,2022-05-15,17.4,13.6,0624,22.6,1411,,,,,,,8.6,50,0224,4.4,70,0232,2.0,1700,180,3.9,20,0029,43.0,8.4,1012.4,1014.9,0727,1010.9,1743,1013.1,14.0,10.0,1200,3.61,27.06,,,,,,8.1,2.0,24.7,10.3,22.6,22.8,21.5,20.5,,,,,,5.2,7.5,,,,2022,5,19,135,1,0,0,0
257,양산시,2022-05-16,18.0,11.4,0447,25.4,1426,,,,,,,9.4,230,1548,5.3,230,1522,2.1,1774,200,4.8,21,1413,45.9,8.7,1011.4,1014.1,0019,1009.4,1634,1012.1,14.1,10.1,1200,3.7,28.92,,,,,,3.9,0.5,25.4,8.2,22.7,22.8,21.6,20.7,,,,,,6.5,9.3,,,,2022,5,20,136,1,0,1,0
257,양산시,2022-05-17,19.1,10.3,0523,27.4,1203,,,,,,,10.1,230,1512,5.9,230,1506,2.2,1920,230,6.9,19,1554,50.9,10.1,1013.7,1017.0,2342,1013.1,0019,1014.4,14.1,10.5,1200,3.63,28.6,,,,,,2.5,0.6,25.0,6.2,22.5,22.7,21.7,20.8,,,,,,6.4,9.1,,,,2022,5,20,137,1,0,1,0
257,양산시,2022-05-18,20.5,11.7,0448,28.3,1222,,,,,,,10.0,200,1531,5.9,200,1428,2.5,2119,200,8.5,28,1154,49.6,11.1,1016.8,1018.9,2310,1015.5,1618,1017.5,14.1,11.1,1200,3.41,27.45,,,,,,0.1,0.0,25.9,7.7,23.2,23.4,22.2,21.2,,,,,,6.6,9.4,,,,2022,5,20,138,1,0,1,0
257,양산시,2022-05-19,20.0,12.7,0509,27.0,1437,,,,,,,9.1,200,1508,5.5,200,1352,2.3,2002,200,7.8,25,1430,48.8,10.6,1016.8,1019.1,0647,1015.8,1644,1017.5,14.1,4.0,1200,2.61,19.02,,,,,,7.6,0.4,23.7,9.0,22.6,22.8,22.0,21.2,,,,,,4.9,7.0,,,,2022,5,20,139,1,0,1,0
257,양산시,2022-05-20,20.0,15.0,0510,26.3,1349,,,,,,,7.9,230,1619,4.8,230,1620,2.0,1739,230,10.7,30,1350,57.8,13.0,1012.6,1016.6,0001,1010.8,1816,1013.3,14.1,4.3,1100,2.74,19.43,,,,,,7.1,3.9,25.1,12.3,22.8,23.0,22.0,21.1,,,,,,4.3,6.1,,,,2022,5,20,140,1,0,1,0
257,양산시,2022-05-21,21.6,14.7,0444,30.6,1252,,,,,,,6.9,230,1342,4.3,230,1347,1.9,1659,230,12.7,29,1309,60.5,14.7,1007.0,1011.4,0002,1005.4,1835,1007.7,14.2,10.0,1200,3.46,25.87,,,,,,1.0,0.4,25.9,12.1,23.6,23.8,22.6,21.5,,,,,,5.6,7.9,,,,2022,5,20,141,1,0,1,0
257,양산시,2022-05-22,23.8,16.6,0240,33.0,1404,,,,,,,10.2,50,2238,5.8,230,1434,2.7,2311,250,12.3,27,1400,51.8,14.3,1005.9,1009.2,2358,1004.0,1713,1006.6,14.2,11.0,1200,3.49,27.68,,,,,,0.6,0.1,28.7,13.4,25.0,25.3,23.6,22.3,,,,,,6.9,9.9,,,,2022,5,20,142,1,0,1,0
257,양산시,2022-05-23,22.1,15.3,0535,28.8,1243,,,,,,,9.6,50,0052,4.3,70,0002,1.8,1548,230,13.3,36,1328,59.8,15.4,1011.5,1014.1,2347,1009.2,0001,1012.2,14.2,8.1,1100,3.29,23.97,,,,,,3.6,0.3,27.1,12.2,25.6,25.4,24.0,23.2,,,,,,4.9,7.0,,,,2022,5,21,143,1,0,1,0
257,양산시,2022-05-24,24.0,16.6,0525,32.6,1410,,,,,,,8.6,250,1532,4.1,250,1554,1.6,1402,200,14.0,31,1202,57.5,16.0,1011.9,1014.6,0733,1010.7,1533,1012.6,14.2,11.1,1200,3.36,26.96,,,,,,0.6,0.0,28.8,12.5,26.7,26.6,24.5,24.3,,,,,,5.7,8.2,,,,2022,5,21,144,1,0,1,0
257,양산시,2022-05-25,23.2,16.6,0430,30.0,1237,,,,,,,10.2,230,1533,5.4,230,1419,2.5,2138,230,14.2,40,1217,58.9,16.2,1007.7,1011.8,0001,1005.7,1630,1008.4,14.2,10.0,1200,3.46,27.09,,,,,,2.8,0.0,29.1,12.0,26.5,26.5,24.9,24.8,,,,,,5.9,8.4,,,,2022,5,21,145,1,0,1,0
257,양산시,2022-05-26,23.0,17.4,2305,30.0,1503,,,,,,,8.5,230,1649,5.2,200,1655,2.0,1715,250,11.5,15,1443,53.0,13.9,1002.7,1006.2,0001,1001.2,1616,1003.4,14.3,10.6,1200,3.73,28.05,,,,,,4.1,0.9,30.5,13.1,27.7,27.4,25.4,25.1,,,,,,6.8,9.7,,,,2022,5,21,146,1,0,1,0
257,양산시,2022-05-27,23.4,14.3,0259,31.8,1431,,,,,,,12.6,270,1502,7.0,270,1504,3.0,2594,270,7.8,19,1536,41.6,10.7,1000.2,1004.4,2322,998.1,1508,1000.9,14.3,11.1,1200,3.61,29.33,,,,,,0.6,0.3,29.3,10.6,26.9,26.4,25.1,25.1,,,,,,8.7,12.4,,,,2022,5,21,147,1,0,1,0
257,양산시,2022-05-28,23.2,15.6,0442,32.2,1436,,,,,,,9.4,200,1558,5.9,230,1551,2.4,2047,200,9.3,22,1342,43.5,11.8,1005.2,1007.9,2318,1004.0,0155,1005.9,14.3,9.4,1200,2.8,23.24,,,,,,5.1,0.3,28.2,11.2,26.7,26.3,25.0,25.1,,,,,,6.2,8.8,,,,2022,5,21,148,1,0,1,0
257,양산시,2022-05-29,23.1,14.3,0532,30.5,1313,0.0,,0.0,,,0.0,8.4,230,1424,4.8,230,1456,2.2,1916,200,9.8,22,1302,45.6,12.2,1005.0,1007.8,0001,1004.1,1654,1005.7,14.3,11.6,1200,3.76,29.96,,,,,,3.4,1.8,29.8,11.0,27.2,26.6,25.1,25.1,,,,,,7.1,10.1,,,,2022,5,21,149,1,0,1,0
257,양산시,2022-05-30,23.5,19.3,0454,29.9,1217,0.0,,0.0,,,0.0,7.6,250,1610,4.3,200,1504,1.7,1472,230,13.0,35,1218,52.6,15.0,1000.4,1004.1,0001,998.5,1602,1001.1,14.4,5.2,1200,3.29,21.33,,,,,,7.5,4.5,31.3,18.4,29.3,27.9,25.8,25.7,,,,,,5.3,7.5,,,,2022,5,22,150,1,0,1,0
257,양산시,2022-05-31,23.3,17.8,0559,31.8,1339,,,,,,,9.6,270,1052,5.0,250,1648,2.0,1751,230,8.3,16,1302,42.4,11.1,1006.5,1009.9,2330,1002.6,0026,1007.2,14.4,11.4,1200,3.68,29.64,,,,,,1.5,0.0,31.0,14.9,27.6,27.6,26.0,25.9,,,,,,7.1,10.2,,,,2022,5,22,151,1,0,1,0
257,양산시,2022-06-01,23.5,17.6,0248,31.2,1321,,,,,,,7.6,230,1343,4.1,230,1345,2.0,1726,230,9.5,18,1203,45.1,12.2,1005.9,1010.0,0006,1003.9,1644,1006.6,14.4,10.2,1200,3.39,27.0,,,,,,5.3,0.6,30.5,15.9,28.3,27.8,26.1,26.1,,,,,,6.7,9.5,,,,2022,6,22,152,0,0,1,0
257,양산시,2022-06-02,22.4,16.6,0500,29.4,1252,,,,,,,10.0,230,1510,6.2,230,1516,2.7,2336,230,14.4,27,1359,62.9,16.4,1006.0,1007.8,0738,1005.2,1444,1006.7,14.4,11.4,1200,3.6,29.25,,,,,,0.8,0.0,29.9,14.5,27.7,27.6,26.2,26.2,,,,,,6.3,9.0,,,,2022,6,22,153,0,0,1,0
257,양산시,2022-06-03,23.7,17.1,0511,32.1,1153,,,,,,,10.3,110,1714,5.6,110,1723,2.4,2098,110,14.4,34,1143,59.1,16.4,1009.3,1013.4,2252,1007.3,0254,1010.0,14.4,10.2,1100,3.37,26.35,,,,,,1.4,0.0,31.0,14.6,28.1,27.7,26.3,26.3,,,,,,5.9,8.5,,,,2022,6,22,154,0,0,1,0
257,양산시,2022-06-04,22.2,18.6,0431,28.5,1230,,,,,,,9.9,70,2358,4.8,50,2400,3.0,2607,50,13.5,37,1231,59.8,15.5,1011.0,1013.9,0727,1009.5,1802,1011.7,14.4,6.5,1100,3.1,21.75,,,,,,6.4,3.3,26.0,18.2,25.8,26.5,26.0,26.2,,,,,,4.6,6.6,,,,2022,6,22,155,0,0,1,0
257,양산시,2022-06-05,18.6,17.1,2226,20.0,0829,1.4,1936,6.6,1920,,42.5,10.3,70,2145,5.5,50,0242,3.3,2821,70,16.2,66,0415,87.3,18.5,1002.9,1010.1,0008,997.5,2354,1003.6,14.5,0.0,1200,0.5,3.11,,,,,,9.9,4.4,19.2,17.6,20.5,22.4,23.8,24.9,,,,,,1.1,1.5,,,,2022,6,22,156,0,0,0,1
257,양산시,2022-06-06,19.4,16.4,2349,25.4,1358,0.6,225,2.3,148,,4.0,14.5,70,1652,6.7,70,1655,2.8,2418,70,15.1,56,1347,77.5,17.3,999.4,1006.2,2335,996.8,0027,1000.1,14.5,2.9,1200,2.12,15.31,,,,,,6.4,4.3,20.7,15.6,20.4,21.5,21.9,22.7,,,,,,3.1,4.4,,,,2022,6,23,157,0,0,1,1
257,양산시,2022-06-07,17.8,15.1,2351,22.0,1058,0.5,2314,1.6,2253,,1.6,7.7,110,1546,3.8,110,1535,2.5,2149,70,12.4,55,0950,71.8,14.4,1007.9,1011.8,2246,1005.6,0145,1008.6,14.5,1.2,1000,2.0,12.28,,,,,,7.4,6.3,20.8,15.0,19.9,20.4,20.9,21.9,,,,,,2.4,3.5,,,,2022,6,23,158,0,0,0,1
257,양산시,2022-06-08,18.4,15.1,0206,23.1,1404,0.0,,0.0,,,0.0,7.8,110,1934,3.9,110,1831,2.5,2159,50,13.0,55,1405,71.8,15.0,1011.9,1014.6,2247,1010.9,0202,1012.6,14.5,2.5,1300,2.28,18.57,,,,,,7.6,3.9,21.2,14.8,20.5,20.9,20.8,21.5,,,,,,3.5,5.0,,,,2022,6,23,159,0,0,0,0
257,양산시,2022-06-09,20.7,13.9,0520,27.8,1403,,,,,,,6.4,250,1326,3.3,230,1610,1.9,1651,50,13.5,39,1427,65.6,15.5,1013.0,1015.0,2209,1012.1,1637,1013.7,14.5,9.2,1300,3.67,28.11,,,,,,3.6,1.1,23.3,12.7,22.2,22.7,21.5,21.9,,,,,,4.9,7.0,,,,2022,6,23,160,0,0,1,0
257,양산시,2022-06-10,21.0,14.5,0516,28.1,1233,,,,,,,7.1,250,1337,3.6,230,1333,1.4,1171,230,14.6,47,1112,68.5,16.6,1013.4,1015.2,0655,1012.9,1833,1014.1,14.5,7.0,1100,3.28,21.99,,,,,,6.3,0.5,23.4,12.8,22.5,23.0,22.3,22.6,,,,,,3.7,5.4,,,,2022,6,23,161,0,0,1,0
257,양산시,2022-06-11,21.8,17.6,0056,27.9,1159,,,,,,,10.8,50,2048,5.3,70,2158,2.5,2163,70,15.4,52,1351,68.0,17.5,1011.6,1013.4,0001,1010.3,1737,1012.3,14.5,2.7,1100,2.57,15.85,,,,,,6.6,3.5,22.3,16.1,22.2,22.9,22.5,22.8,,,,,,4.0,5.8,,,,2022,6,23,162,0,0,1,0
257,양산시,2022-06-12,21.6,18.3,0215,27.4,1259,,,,,,,9.4,110,1848,4.9,50,0837,2.8,2455,70,14.8,46,1311,66.1,16.8,1012.6,1015.1,0722,1011.8,1646,1013.3,14.5,6.9,1000,3.16,23.91,,,,,,6.8,2.1,24.2,16.3,22.9,23.4,22.7,22.9,,,,,,4.4,6.2,,,,2022,6,23,163,0,0,1,0
257,양산시,2022-06-13,20.4,18.5,0408,24.3,1255,0.1,,0.1,,,0.1,13.4,110,1417,5.1,70,1317,3.2,2751,70,14.5,52,1258,69.5,16.5,1009.7,1013.5,0045,1008.6,1622,1010.4,14.5,0.5,1200,2.43,10.51,,,,,,10.0,6.4,21.6,17.7,21.4,22.1,22.3,22.8,,,,,,2.5,3.6,,,,2022,6,24,164,0,0,0,1
257,양산시,2022-06-14,17.4,16.5,1459,19.2,0001,1.2,1311,3.0,1229,,8.3,13.4,110,0539,5.3,50,1313,3.6,3089,70,15.6,77,0539,89.6,17.7,1007.3,1009.9,0001,1006.9,2355,1008.0,14.5,0.0,1200,0.49,2.73,,,,,,8.5,3.8,18.4,16.5,18.9,19.7,20.8,21.7,,,,,,0.8,1.2,,,,2022,6,24,165,0,0,0,1
257,양산시,2022-06-15,20.7,16.2,0451,26.4,1450,0.3,441,0.7,336,,1.0,9.3,70,0141,5.2,200,1600,2.5,2124,230,17.3,61,1443,81.9,19.8,1006.8,1008.5,0948,1005.7,0120,1007.5,14.5,1.8,1500,2.24,13.43,,,,,,6.3,4.9,22.6,16.5,21.3,21.3,20.4,20.9,,,,,,3.0,4.2,,,,2022,6,24,166,0,0,1,1
257,양산시,2022-06-16,23.7,20.0,2254,30.0,1413,,,,,,,9.0,230,1226,5.3,200,1631,2.8,2418,200,17.7,44,1416,70.6,20.3,1006.9,1008.9,2329,1006.0,1657,1007.6,14.5,8.3,1100,3.31,24.86,,,,,,3.6,1.8,24.9,18.2,24.0,24.0,22.2,22.2,,,,,,4.7,6.8,,,,2022,6,24,167,0,0,1,0
257,양산시,2022-06-17,23.8,18.4,0504,28.8,1220,,,,,,,9.2,200,1335,5.2,230,1327,2.6,2215,230,19.0,57,1141,75.8,21.9,1007.7,1009.6,0817,1006.9,1717,1008.4,14.5,9.6,1200,3.45,26.4,,,,,,4.6,3.5,26.0,16.5,24.7,24.9,23.3,23.3,,,,,,4.9,7.0,,,,2022,6,24,168,0,0,1,0
257,양산시,2022-06-18,25.7,22.0,0303,30.5,1423,,,,,,,9.6,200,1534,5.7,200,1539,2.5,2165,230,20.4,55,1430,73.6,24.0,1006.2,1008.5,2310,1005.0,1723,1006.9,14.5,10.0,1200,3.5,28.13,,,,,,3.5,2.3,29.5,20.6,27.4,27.5,25.0,24.7,,,,,,5.3,7.6,,,,2022,6,24,169,0,0,1,0
257,양산시,2022-06-19,25.2,21.3,0413,30.2,1452,,,,,,,8.2,230,1629,4.7,230,1509,2.6,2209,230,20.8,58,1234,77.9,24.5,1006.6,1009.2,0625,1005.5,1551,1007.3,14.5,8.7,1200,3.48,25.91,,,,,,3.3,1.1,30.0,20.4,27.6,27.9,25.8,25.6,,,,,,5.1,7.3,,,,2022,6,24,170,0,0,1,0
257,양산시,2022-06-20,26.0,21.7,0304,31.4,1309,,,,,,,7.0,250,1512,4.0,230,1521,1.9,1630,230,21.1,57,1426,75.8,25.0,1003.9,1006.7,0001,1003.1,1519,1004.6,14.6,7.5,1300,2.85,23.17,,,,,,6.1,1.6,30.4,20.5,28.0,28.2,26.3,26.1,,,,,,4.3,6.2,,,,2022,6,25,171,0,0,1,0
257,양산시,2022-06-21,26.6,23.3,2258,31.4,1606,,,,,,,7.6,160,1818,3.8,140,1647,1.7,1443,90,21.1,55,1607,72.4,25.0,1003.2,1006.4,2326,1002.7,1618,1003.9,14.6,3.9,1600,2.0,16.58,,,,,,3.5,3.1,28.6,20.9,27.6,28.0,26.6,26.6,,,,,,3.6,5.2,,,,2022,6,25,172,0,0,1,0
257,양산시,2022-06-22,26.6,21.9,0512,32.2,1203,,,,,,,8.8,230,1638,5.6,230,1316,2.8,2426,230,21.7,58,1227,76.1,26.0,1006.5,1009.1,2251,1006.1,0224,1007.2,14.5,9.9,1200,3.39,27.23,,,,,,3.4,0.3,32.0,20.3,29.0,29.0,27.0,26.8,,,,,,5.1,7.3,,,,2022,6,25,173,0,0,1,0
257,양산시,2022-06-23,25.2,23.4,0619,27.3,1415,0.0,,0.0,,,0.0,10.6,230,2315,5.7,230,1439,3.4,2917,230,22.7,80,1416,86.6,27.7,1003.5,1008.7,0001,1000.7,2351,1004.2,14.5,0.0,1400,1.38,7.05,,,,,,7.5,5.1,28.5,22.6,26.9,27.1,26.4,26.7,,,,,,1.6,2.3,,,,2022,6,25,174,0,0,1,0
257,양산시,2022-06-24,25.0,23.3,0850,28.6,1542,7.3,317,11.1,312,,24.8,11.6,200,1707,6.1,200,0323,4.4,3771,200,22.8,73,1542,88.5,27.8,999.2,1002.9,2319,997.0,0404,999.9,14.5,1.9,1500,2.06,12.42,,,,,,7.9,3.5,25.4,22.2,25.3,25.8,25.5,25.8,,,,,,2.7,3.9,,,,2022,6,25,175,0,0,1,1
257,양산시,2022-06-25,25.2,22.1,0546,30.0,1427,,,,,,,10.2,250,1947,5.5,230,1515,3.4,2918,230,22.3,68,1115,84.4,26.9,1006.3,1010.0,2109,1002.8,0001,1007.0,14.6,2.3,1300,2.29,16.45,,,,,,6.8,4.9,25.7,20.3,25.9,26.3,25.2,25.4,,,,,,3.0,4.3,,,,2022,6,25,176,0,0,1,0
257,양산시,2022-06-26,25.5,23.7,0806,28.2,1438,0.1,,0.1,,,0.1,8.5,230,1317,5.2,230,1756,3.2,2804,230,23.6,79,1439,89.8,29.2,1011.1,1013.9,2240,1008.8,0417,1011.8,14.5,1.0,1600,1.52,9.55,,,,,,7.0,5.9,26.5,23.7,25.8,25.9,25.1,25.4,,,,,,1.8,2.6,,,,2022,6,25,177,0,0,1,1
257,양산시,2022-06-27,25.0,24.3,0436,26.3,1037,2.1,1954,3.4,1912,,14.4,11.6,230,1417,6.1,250,1418,4.0,3455,230,24.6,95,1039,97.9,30.9,1010.6,1013.5,0001,1010.3,2315,1011.3,14.5,0.0,1000,0.93,4.4,,,,,,8.9,8.3,25.5,24.3,25.1,25.4,24.9,25.3,,,,,,1.0,1.4,,,,2022,6,26,178,0,0,1,1
257,양산시,2022-06-28,25.5,24.6,0602,27.5,1342,0.8,2050,3.1,2156,,6.0,13.5,200,1426,7.2,230,1350,5.2,4487,230,24.4,85,1343,94.4,30.6,1007.6,1010.3,0001,1007.1,1554,1008.3,14.5,0.7,1000,1.71,12.91,,,,,,7.9,5.4,26.2,24.3,25.8,25.9,25.0,25.2,,,,,,2.2,3.1,,,,2022,6,26,179,0,0,1,1
257,양산시,2022-06-29,25.3,24.4,0314,27.5,1035,1.0,312,3.0,247,,10.1,11.7,230,0902,6.3,230,0916,4.8,4159,230,24.5,84,1037,96.1,30.8,1008.1,1011.3,2337,1006.9,0419,1008.8,14.5,0.1,1000,1.45,8.02,,,,,,8.0,6.3,25.6,24.0,25.3,25.6,25.0,25.3,,,,,,1.6,2.2,,,,2022,6,26,180,0,0,1,1
257,양산시,2022-06-30,26.9,24.4,0606,31.4,1432,0.1,,0.1,,,0.3,9.1,200,1516,5.4,200,1505,3.3,2851,230,24.0,62,1441,85.4,29.8,1012.0,1015.1,2301,1011.0,0354,1012.7,14.5,6.0,1200,3.37,20.39,,,,,,4.1,2.8,28.1,22.7,27.3,27.4,25.6,25.6,,,,,,4.3,6.1,,,,2022,6,26,181,0,0,1,1
257,양산시,2022-07-01,27.7,22.6,0547,33.4,1509,,,,,,,7.2,200,1350,4.5,230,1433,1.9,1642,200,22.8,51,1313,76.5,27.7,1014.1,1016.1,0821,1013.5,1739,1014.8,14.5,11.7,1100,3.55,29.44,,,,,,0.9,0.0,29.5,21.1,28.6,28.6,26.7,26.5,,,,,,5.7,8.1,,,,2022,7,26,182,0,0,1,0
257,양산시,2022-07-02,28.7,21.8,0426,35.8,1313,,,,,,,6.3,160,1617,4.3,160,1626,1.3,1136,180,20.8,42,1735,65.3,24.6,1011.9,1014.8,0139,1010.5,1835,1012.6,14.5,10.7,1200,3.48,28.01,,,,,,3.3,0.6,30.9,19.7,29.3,29.4,27.5,27.3,,,,,,5.6,8.0,,,,2022,7,26,183,0,0,1,0
257,양산시,2022-07-03,29.3,23.4,0519,34.7,1348,,,,,,,6.8,250,1418,3.9,230,1358,1.8,1562,230,22.6,45,1549,68.5,27.5,1008.2,1011.6,0001,1006.9,1734,1008.9,14.5,9.2,1100,3.64,26.02,,,,,,6.9,4.1,32.4,22.1,30.7,30.7,28.5,28.1,,,,,,5.6,8.1,,,,2022,7,26,184,0,0,1,0
257,양산시,2022-07-04,29.0,25.8,0445,33.4,1551,0.0,,0.0,,,0.0,6.8,110,1255,4.1,140,1258,1.5,1301,140,22.7,53,1555,70.3,27.7,1005.1,1008.0,0005,1003.7,1718,1005.8,14.5,6.4,1200,2.78,18.81,,,,,,7.5,3.5,32.8,24.4,30.8,30.9,28.9,28.7,,,,,,4.2,6.0,,,,2022,7,27,185,0,0,1,0
257,양산시,2022-07-05,28.1,25.0,0410,33.8,1257,0.0,,0.0,,,0.0,7.4,250,1349,4.0,230,1329,1.5,1280,140,23.3,53,1308,76.1,28.5,1004.7,1008.3,2257,1004.0,0231,1005.4,14.5,3.5,0900,2.39,14.67,,,,,,7.1,4.6,30.5,23.5,29.4,29.8,28.6,28.6,,,,,,3.0,4.2,,,,2022,7,27,186,0,0,1,0
257,양산시,2022-07-06,28.8,24.6,0141,33.4,1246,,,,,,,6.3,200,1229,3.9,200,1329,1.5,1311,230,24.2,61,1226,77.3,30.2,1008.2,1010.3,2214,1007.7,0035,1008.9,14.5,3.3,1200,3.58,21.2,,,,,,8.8,5.1,32.6,23.4,30.8,30.9,28.8,28.6,,,,,,4.2,6.0,,,,2022,7,27,187,0,0,1,0
257,양산시,2022-07-07,29.2,26.2,0509,32.5,1230,,,,,,,8.6,200,1432,4.7,230,1439,2.4,2064,230,25.3,63,1603,81.0,32.3,1007.8,1010.4,0744,1006.6,2348,1008.5,14.4,4.5,1200,2.71,18.95,,,,,,7.3,3.6,34.5,24.9,30.7,30.9,29.3,29.2,,,,,,3.7,5.2,,,,2022,7,27,188,0,0,1,0
257,양산시,2022-07-08,27.6,25.2,2345,31.6,1430,0.9,1803,1.3,1713,,1.8,7.9,200,1504,4.8,230,1511,2.7,2325,230,25.5,71,1431,88.6,32.5,1002.4,1006.6,0001,1001.1,1719,1003.1,14.4,0.7,1300,2.26,10.68,,,,,,7.6,4.3,30.3,24.0,29.7,30.0,28.8,28.9,,,,,,2.6,3.7,,,,2022,7,27,189,0,0,1,1
257,양산시,2022-07-09,28.4,24.2,0540,34.4,1221,,,,,,,5.8,270,1128,3.3,290,1133,1.5,1306,200,23.5,51,1234,76.1,28.9,1001.0,1004.6,2349,1000.2,1343,1001.7,14.4,5.6,1000,2.77,18.35,,,,,,6.3,3.8,30.7,22.5,28.8,29.0,28.3,28.4,,,,,,3.5,5.1,,,,2022,7,27,190,0,0,1,0
257,양산시,2022-07-10,27.5,24.5,0425,32.9,1300,,,,,,,8.1,160,1504,4.3,140,1505,1.4,1197,140,23.0,59,1242,77.5,28.1,1005.1,1006.9,2137,1003.9,0250,1005.8,14.4,1.4,1200,2.42,14.72,,,,,,6.3,4.6,30.5,22.5,29.4,29.7,28.4,28.5,,,,,,2.8,4.0,,,,2022,7,27,191,0,0,1,0
257,양산시,2022-07-11,25.3,23.7,0356,27.9,1500,3.1,914,6.5,1119,,14.6,4.3,270,1719,2.5,270,1722,0.5,468,140,24.0,81,0752,92.8,29.8,1005.7,1008.2,2337,1005.3,1449,1006.4,14.4,0.0,1400,1.13,5.58,,,,,,8.8,3.6,27.3,22.2,27.1,27.5,27.3,27.9,,,,,,1.4,1.9,,,,2022,7,28,192,0,0,1,1
257,양산시,2022-07-12,26.0,24.1,2400,30.5,1249,,,,,,,8.9,110,1454,4.4,110,1456,2.5,2172,70,21.0,61,1252,74.1,24.8,1008.2,1010.2,2247,1007.6,0227,1008.9,14.4,1.9,1100,3.25,16.14,,,,,,9.3,4.5,27.3,22.8,27.1,27.5,26.9,27.3,,,,,,3.3,4.7,,,,2022,7,28,193,0,0,1,0
257,양산시,2022-07-13,25.3,22.3,0222,28.5,1249,0.0,,0.0,,,0.0,6.1,50,0638,3.2,140,1441,1.1,964,270,21.3,65,1250,78.8,25.3,1005.3,1009.7,0001,1002.5,2400,1006.0,14.4,0.0,1200,1.36,9.02,,,,,,9.6,6.8,26.0,20.3,26.2,26.5,26.2,26.8,,,,,,1.9,2.7,,,,2022,7,28,194,0,0,1,0
257,양산시,2022-07-14,28.7,24.8,2400,35.7,1615,,,,,,,6.5,200,1029,3.9,200,1116,2.0,1692,230,24.2,50,1609,78.4,30.3,998.6,1002.5,0001,997.9,1441,999.3,14.3,4.2,1100,2.86,16.24,,,,,,7.1,5.0,30.5,23.1,29.1,29.1,27.1,27.1,,,,,,3.6,5.2,,,,2022,7,28,195,0,0,1,0
257,양산시,2022-07-15,28.3,23.1,0540,34.9,1251,,,,,,,6.5,200,1541,4.2,200,1549,1.6,1344,230,21.8,39,1313,71.0,26.2,998.1,1000.6,0003,996.8,1817,998.8,14.3,8.2,1100,3.32,24.66,,,,,,4.4,0.9,31.3,21.0,29.8,30.1,28.2,28.0,,,,,,5.2,7.5,,,,2022,7,28,196,0,0,1,0
257,양산시,2022-07-16,28.1,23.1,0608,34.1,1314,0.0,,0.0,,,0.0,8.0,230,1530,4.5,230,1536,1.9,1639,230,21.2,44,1130,68.6,25.1,997.3,999.9,2212,996.7,1705,998.0,14.3,10.7,1200,3.48,26.87,,,,,,4.4,0.8,33.7,20.7,30.8,30.8,28.8,28.7,,,,,,5.6,8.0,,,,2022,7,28,197,0,0,1,0
257,양산시,2022-07-17,27.9,22.9,0506,34.1,1414,,,,,,,7.5,200,1601,4.3,200,1606,1.6,1363,200,21.4,45,1407,69.5,25.5,999.7,1002.4,2213,999.0,1436,1000.4,14.3,4.0,1200,3.01,17.95,,,,,,8.4,3.5,31.7,21.2,30.1,30.4,28.8,28.8,,,,,,3.8,5.4,,,,2022,7,28,198,0,0,1,0
257,양산시,2022-07-18,23.2,21.5,0833,27.3,0012,4.4,2258,10.4,732,,64.1,9.8,50,1421,4.2,50,1622,1.8,1555,50,22.2,70,0306,95.3,26.8,999.7,1003.6,0633,998.1,1643,1000.4,14.3,0.0,1100,0.38,2.57,,,,,,9.9,5.9,24.2,21.4,25.2,25.8,26.6,27.5,,,,,,0.6,0.8,,,,2022,7,29,199,0,0,1,1
257,양산시,2022-07-19,26.1,23.3,0003,32.1,1407,0.2,,0.4,1,,0.4,7.9,250,1605,4.7,200,1522,1.6,1354,230,23.6,63,1359,87.6,29.2,1001.3,1005.5,2320,998.2,0336,1002.0,14.2,4.8,1200,3.4,16.24,,,,,,5.9,3.4,28.0,22.6,27.5,27.7,26.2,26.5,,,,,,3.5,5.0,,,,2022,7,29,200,0,0,1,1
257,양산시,2022-07-20,28.0,23.2,0433,33.6,1335,,,,,,,6.6,230,1432,4.2,230,1413,1.8,1518,200,22.6,49,1307,74.8,27.5,1005.2,1007.1,0636,1004.9,1544,1005.9,14.2,10.1,1300,3.14,24.79,,,,,,6.4,3.0,29.9,21.7,28.7,28.8,27.2,27.3,,,,,,4.5,6.5,,,,2022,7,29,201,0,0,1,0
257,양산시,2022-07-21,27.3,21.8,0451,33.1,1651,3.5,623,6.5,536,,10.4,10.2,230,1131,6.0,230,1332,2.6,2235,230,22.5,58,1653,76.8,27.4,1000.9,1005.7,0006,997.9,1456,1001.6,14.2,5.3,1200,3.66,20.79,,,,,,8.9,4.3,29.3,21.9,28.6,28.8,27.7,27.9,,,,,,,,,,,2022,7,29,202,0,0,1,1
257,양산시,2022-07-22,26.0,22.7,0515,30.8,1111,,,,,,,6.7,70,0927,2.9,290,0809,1.4,1238,70,20.3,48,1102,71.9,23.9,1004.5,1007.2,2219,1003.5,0136,1005.2,14.2,5.0,1000,2.13,15.59,,,,,,7.8,4.6,25.9,20.6,26.5,27.0,27.0,27.4,,,,,,3.1,4.4,,,,2022,7,29,203,0,0,1,0
257,양산시,2022-07-23,25.2,22.6,0502,28.9,1301,0.3,437,0.3,,,0.7,4.5,230,1639,2.6,230,1608,0.8,692,230,21.7,62,1304,82.0,26.0,1005.8,1007.7,0734,1005.1,2359,1006.5,14.2,0.0,1100,1.47,9.77,,,,,,9.6,5.9,27.5,22.6,26.7,27.0,26.5,27.0,,,,,,1.8,2.5,,,,2022,7,29,204,0,0,1,1
257,양산시,2022-07-24,26.5,23.4,0008,31.1,1248,9.0,609,26.1,540,,32.7,7.7,200,1453,4.6,200,1220,2.0,1766,230,23.8,67,1249,86.5,29.4,1002.5,1005.6,2352,1001.5,1227,1003.2,14.1,3.5,1100,2.97,13.26,,,,,,5.9,2.9,26.6,22.2,26.7,27.0,26.4,26.8,,,,,,2.9,4.1,,,,2022,7,29,205,0,0,1,1
257,양산시,2022-07-25,27.0,23.4,0357,32.5,1342,,,,,,,7.2,110,1415,3.6,250,1331,1.5,1253,200,23.6,61,1212,83.0,29.1,1007.6,1010.2,2249,1005.6,0001,1008.3,14.1,4.6,1200,3.56,19.83,,,,,,4.4,3.4,28.5,21.5,28.4,28.6,27.1,27.1,,,,,,3.8,5.4,,,,2022,7,30,206,0,0,1,0
257,양산시,2022-07-26,26.7,23.8,0213,33.0,1334,,,,,,,8.9,110,1802,4.6,110,1732,1.8,1515,50,22.4,53,1400,78.4,27.1,1009.5,1011.5,0755,1008.6,1723,1010.2,14.1,4.7,1200,2.9,17.82,,,,,,4.5,3.6,29.1,21.6,28.3,28.6,27.4,27.6,,,,,,3.6,5.1,,,,2022,7,30,207,0,0,1,0
257,양산시,2022-07-27,26.6,22.9,0456,31.5,1252,,,,,,,9.0,50,2100,4.0,70,2116,2.3,1976,70,21.5,60,1220,74.4,25.7,1010.0,1011.8,2233,1009.6,1813,1010.7,14.1,4.3,1000,3.18,19.29,,,,,,7.9,5.0,27.9,20.4,27.6,28.1,27.3,27.5,,,,,,4.3,6.1,,,,2022,7,30,208,0,0,1,0
257,양산시,2022-07-28,27.4,24.7,0637,31.6,1628,0.0,,0.0,,,0.0,7.3,50,0849,4.5,50,0854,2.6,2259,50,23.6,68,1632,80.3,29.2,1011.1,1013.3,2314,1010.7,0304,1011.8,14.0,2.4,1500,1.97,12.54,,,,,,6.6,4.3,28.4,23.6,28.0,28.4,27.3,27.5,,,,,,2.8,3.9,,,,2022,7,30,209,0,0,1,0
257,양산시,2022-07-29,29.8,25.7,0505,34.4,1418,,,,,,,10.3,110,2006,4.7,110,1958,2.8,2402,90,23.8,57,1422,71.3,29.4,1011.5,1013.5,0715,1010.5,1712,1012.2,14.0,9.4,1300,3.22,25.19,,,,,,4.4,1.8,34.5,23.6,30.6,30.6,28.2,28.1,,,,,,5.4,7.8,,,,2022,7,30,210,0,0,1,0
257,양산시,2022-07-30,28.7,26.7,0313,31.1,1132,0.0,,0.0,,,0.0,10.7,50,0744,4.1,70,0231,2.6,2234,70,23.5,63,1454,74.1,29.0,1008.9,1011.5,0005,1008.5,1803,1009.6,14.0,0.1,1100,1.2,8.78,,,,,,7.8,3.6,30.1,24.7,28.9,29.1,28.2,28.5,,,,,,2.1,3.0,,,,2022,7,30,211,0,0,1,0
257,양산시,2022-07-31,28.4,25.9,0431,30.1,1441,2.4,145,2.8,55,,3.3,9.4,110,1626,4.4,140,1614,2.1,1814,50,24.9,68,1322,82.5,31.5,1007.2,1008.8,0009,1007.3,1740,1007.9,14.0,0.1,0900,1.37,8.41,,,,,,9.9,5.3,28.1,25.3,27.9,28.2,27.5,27.9,,,,,,2.5,3.6,,,,2022,7,30,212,0,0,1,1
257,양산시,2022-08-01,29.5,27.1,0525,33.9,1104,0.0,,0.0,,,0.0,12.6,200,1657,7.0,200,1702,3.1,2637,200,24.3,59,1048,74.1,30.4,1007.8,1009.7,2250,1007.5,0342,1008.5,13.9,4.0,1000,2.95,15.94,,,,,,8.0,6.1,29.5,25.0,29.0,29.1,27.8,27.9,,,,,,3.7,5.3,,,,2022,8,31,213,0,0,1,0
257,양산시,2022-08-02,28.1,26.4,2345,30.8,1504,1.9,1805,2.7,1759,,5.4,11.7,230,0205,6.5,230,0138,4.1,3503,230,26.4,77,0004,90.8,34.3,1010.5,1012.2,2119,1009.1,0039,1011.2,13.9,1.8,1200,2.21,12.57,,,,,,8.1,5.0,30.3,25.9,28.7,28.8,27.7,28.0,,,,,,2.5,3.6,,,,2022,8,31,214,0,0,1,1
257,양산시,2022-08-03,29.0,26.1,0042,32.9,1257,3.0,317,4.1,230,,8.4,9.5,230,1409,5.8,200,1411,3.1,2653,200,25.8,66,1156,83.6,33.2,1010.2,1012.5,0815,1009.4,1810,1010.9,13.9,3.9,1200,3.31,18.08,,,,,,7.6,4.3,29.8,25.5,29.6,29.7,28.0,28.1,,,,,,3.7,5.2,,,,2022,8,31,215,0,0,1,1
257,양산시,2022-08-04,30.0,26.7,1350,35.2,1243,2.5,1345,2.9,1301,,2.9,7.7,320,1328,4.3,200,1345,1.7,1498,230,25.8,56,1244,79.4,33.2,1008.4,1011.1,0741,1007.2,1833,1009.1,13.8,7.7,1100,3.26,20.86,,,,,,5.1,2.1,31.7,25.5,30.2,30.3,28.7,28.7,,,,,,4.3,6.2,,,,2022,8,31,216,0,0,1,1
257,양산시,2022-08-05,30.0,26.5,0437,35.3,1338,,,,,,,7.1,200,1756,4.2,230,1818,2.0,1713,230,25.6,53,1345,78.8,32.9,1005.7,1008.3,0608,1004.3,1824,1006.4,13.8,6.5,1300,3.09,20.18,,,,,,4.3,2.5,31.8,25.1,30.6,30.8,29.1,29.2,,,,,,4.2,6.0,,,,2022,8,31,217,0,0,1,0
257,양산시,2022-08-06,30.5,26.8,0341,35.5,1327,,,,,,,6.2,200,1703,4.0,230,1810,2.0,1728,230,26.0,55,1319,78.1,33.5,1005.1,1007.2,2351,1004.3,1541,1005.8,13.8,8.6,1200,2.88,22.33,,,,,,3.6,2.3,34.5,25.6,31.4,31.5,29.6,29.5,,,,,,4.5,6.4,,,,2022,8,31,218,0,0,1,0
257,양산시,2022-08-07,30.2,27.2,0322,34.8,1239,,,,,,,10.1,230,1553,6.3,230,1618,2.8,2415,230,26.4,62,1213,81.0,34.3,1006.8,1008.5,2320,1006.4,1539,1007.5,13.8,8.3,1300,3.17,22.88,,,,,,4.6,1.5,35.4,26.0,32.1,32.3,30.2,30.1,,,,,,5.2,7.4,,,,2022,8,31,219,0,0,1,0
257,양산시,2022-08-08,30.0,28.1,0524,33.2,1308,,,,,,,9.1,230,1645,4.8,230,1631,3.5,3045,230,24.4,61,1219,73.0,30.6,1008.0,1009.5,2140,1007.7,1813,1008.7,13.7,2.2,1200,2.24,16.06,,,,,,8.1,1.0,32.7,26.1,31.0,31.2,30.0,30.1,,,,,,4.0,5.7,,,,2022,8,32,220,0,0,1,0
257,양산시,2022-08-09,29.6,27.7,0122,32.9,1327,,,,,,,8.7,230,1549,4.6,230,1412,3.4,2931,230,24.4,59,1327,74.3,30.5,1007.8,1009.6,0734,1007.0,1627,1008.5,13.7,1.1,1300,2.01,13.17,,,,,,9.6,,31.9,25.6,30.2,30.4,29.4,29.6,,,,,,3.4,4.9,,,,2022,8,32,221,0,0,1,0
257,양산시,2022-08-10,28.9,27.5,2303,32.3,1033,0.0,,0.0,,,0.0,7.7,200,0544,4.3,200,0427,3.0,2600,230,24.7,62,1030,78.6,31.2,1006.8,1008.8,2137,1006.8,0437,1007.5,13.7,0.8,1000,2.24,9.02,,,,,,9.8,5.5,29.8,25.9,29.1,29.5,28.9,29.2,,,,,,2.4,3.4,,,,2022,8,32,222,0,0,1,0
257,양산시,2022-08-11,28.0,26.4,2143,30.1,1117,0.3,1744,0.8,1654,,1.3,7.3,200,1239,4.0,200,1246,2.6,2220,230,25.3,73,1110,85.9,32.3,1005.4,1007.7,0001,1005.2,1855,1006.1,13.6,0.0,1100,0.8,5.49,,,,,,9.8,3.9,28.9,25.6,28.3,28.7,28.2,28.7,,,,,,1.5,2.2,,,,2022,8,32,223,0,0,1,1
257,양산시,2022-08-12,30.2,26.4,0054,35.4,1400,,,,,,,6.3,200,1714,3.8,270,1402,1.8,1528,230,26.2,53,1357,80.4,33.9,1004.6,1006.8,2350,1003.6,1716,1005.3,13.6,5.9,1200,2.95,19.6,,,,,,6.4,2.4,33.8,25.3,30.8,30.8,28.8,28.7,,,,,,3.9,5.6,,,,2022,8,32,224,0,0,1,0
257,양산시,2022-08-13,28.3,25.8,1907,34.0,1350,1.5,2250,1.9,1640,,4.8,8.6,230,1426,4.8,200,1318,1.8,1565,230,25.9,63,1326,87.6,33.3,1005.5,1007.6,2248,1004.7,1411,1006.2,13.6,3.3,1300,2.88,15.08,,,,,,8.3,4.1,31.8,24.6,30.4,30.7,29.4,29.5,,,,,,3.2,4.6,,,,2022,8,32,225,0,0,1,1
257,양산시,2022-08-14,29.6,25.9,0545,34.8,1421,0.0,,0.0,,,0.0,7.7,230,1747,4.6,230,1647,2.3,1952,230,25.3,59,1415,79.6,32.3,1006.1,1007.6,2156,1006.0,1456,1006.8,13.6,6.3,1100,2.95,19.11,,,,,,6.6,2.8,30.9,25.2,30.3,30.5,29.3,29.4,,,,,,4.3,6.2,,,,2022,8,32,226,0,0,1,0
257,양산시,2022-08-15,30.5,27.7,0228,34.8,1309,,,,,,,11.3,230,1729,6.2,230,1733,3.9,3340,230,24.8,56,1406,72.8,31.3,1003.7,1007.5,0001,1002.4,1806,1004.4,13.5,6.0,1200,3.29,19.68,,,,,,8.3,4.6,33.1,25.7,30.8,30.9,29.5,29.6,,,,,,4.9,7.0,,,,2022,8,33,227,0,0,1,0
257,양산시,2022-08-16,27.0,24.2,2207,29.3,0748,10.7,937,11.2,929,,21.6,17.6,320,0933,6.5,290,0938,2.5,2131,200,24.9,73,0056,89.4,31.6,1004.0,1007.4,2352,1002.1,0208,1004.7,13.5,0.0,1100,0.57,4.04,,,,,,9.9,3.3,28.3,24.0,28.3,28.7,28.7,29.2,,,,,,0.9,1.3,,,,2022,8,33,228,0,0,1,1
257,양산시,2022-08-17,24.9,22.9,0222,27.0,1715,2.8,350,4.8,1,,14.8,5.6,50,0557,3.3,50,0559,1.2,1052,70,23.4,76,1247,92.3,28.8,1005.8,1007.7,2307,1005.2,1708,1006.5,13.4,0.0,0900,0.77,5.43,,,,,,8.1,5.9,26.2,22.4,26.3,26.8,27.0,27.7,,,,,,1.3,1.8,,,,2022,8,33,229,0,0,1,1
257,양산시,2022-08-18,25.9,21.4,0455,32.0,1320,,,,,,,7.4,200,1537,4.1,250,1657,1.4,1227,250,21.5,51,1256,79.3,25.6,1007.0,1009.0,0814,1006.3,0248,1007.7,13.4,9.8,1200,3.5,25.16,,,,,,5.8,1.1,28.7,19.8,28.1,28.3,27.3,27.6,,,,,,4.8,6.9,,,,2022,8,33,230,0,0,1,0
257,양산시,2022-08-19,27.6,22.2,0503,32.4,1228,,,,,,,8.8,230,1417,5.5,230,1423,2.6,2214,200,23.7,62,1150,80.8,29.5,1003.8,1007.9,0001,1002.5,1625,1004.5,13.4,4.0,1000,2.58,15.66,,,,,,7.6,2.8,27.1,20.7,27.3,27.7,27.3,27.8,,,,,,3.3,4.8,,,,2022,8,33,231,0,0,1,0
257,양산시,2022-08-20,26.9,25.4,2359,29.5,1130,4.2,1411,13.0,1344,,19.9,7.3,70,2249,4.2,200,0206,2.0,1707,230,25.5,83,0001,92.3,32.7,1002.0,1004.0,2142,1001.1,0346,1002.7,13.3,0.0,0900,0.7,4.07,,,,,,8.0,4.5,26.8,24.3,27.1,27.5,27.3,27.8,,,,,,1.4,2.0,,,,2022,8,33,232,0,0,1,1
257,양산시,2022-08-21,27.4,23.2,2357,33.0,1404,,,,,,,8.6,110,1809,4.4,50,0837,2.8,2445,70,19.8,38,1324,65.3,23.2,1004.5,1006.5,2126,1003.5,0022,1005.2,13.3,10.4,1300,3.23,25.0,,,,,,3.5,1.4,29.0,20.4,28.1,28.4,27.3,27.6,,,,,,5.6,8.0,,,,2022,8,33,233,0,0,1,0
257,양산시,2022-08-22,25.9,18.6,0607,33.2,1400,,,,,,,6.0,200,1739,3.4,230,1725,1.7,1484,230,18.9,43,1300,67.4,22.0,1004.1,1006.1,0001,1003.1,1534,1004.8,13.3,10.5,1200,3.26,24.1,,,,,,4.3,0.0,29.0,16.6,27.2,27.7,27.0,27.4,,,,,,4.8,6.8,,,,2022,8,34,234,0,0,1,0
257,양산시,2022-08-23,27.2,23.9,2400,33.3,1257,0.4,2223,0.4,,,0.6,6.5,50,2359,3.1,230,1446,1.7,1476,200,22.6,53,1259,77.0,27.4,1005.0,1007.4,2247,1004.3,0332,1005.7,13.3,2.5,1200,2.53,13.73,,,,,,9.4,4.5,28.2,22.4,27.7,28.1,27.5,27.8,,,,,,2.8,3.9,,,,2022,8,34,235,0,0,1,1
257,양산시,2022-08-24,23.0,20.7,2356,24.7,1335,1.6,9,4.6,9,,7.9,14.0,70,1025,6.1,70,1034,3.4,2958,70,19.9,68,1521,83.4,23.3,1007.3,1009.3,1116,1006.9,0311,1008.0,13.2,0.0,1200,1.16,5.75,,,,,,7.9,4.4,23.8,18.9,24.6,25.3,26.1,27.0,,,,,,1.7,2.5,,,,2022,8,34,236,0,0,0,1
257,양산시,2022-08-25,25.1,19.6,0128,31.5,1512,,,,,,,6.5,200,1738,3.8,200,1716,1.6,1368,180,20.0,47,1533,75.8,23.4,1006.2,1008.4,0001,1004.9,1546,1006.9,13.2,8.9,1100,3.14,22.83,,,,,,6.6,3.8,27.3,17.7,26.4,26.6,25.7,26.2,,,,,,4.5,6.5,,,,2022,8,34,237,0,0,1,0
257,양산시,2022-08-26,25.7,22.0,2345,31.4,1404,,,,,,,7.0,160,1459,4.2,160,1502,1.5,1276,160,18.1,36,1320,64.4,20.8,1005.6,1007.9,2312,1004.7,1541,1006.3,13.2,8.1,1200,3.26,22.93,,,,,,4.0,1.5,29.4,19.5,27.7,28.0,26.8,27.0,,,,,,4.3,6.2,,,,2022,8,34,238,0,0,1,0
257,양산시,2022-08-27,24.2,20.3,0325,30.4,1435,,,,,,,6.6,70,1355,3.4,290,1258,1.6,1409,70,17.1,37,1745,67.0,19.7,1008.0,1011.7,2357,1007.0,1525,1008.7,13.1,5.7,1300,2.9,16.95,,,,,,5.3,1.6,27.6,17.1,26.4,27.0,26.4,26.9,,,,,,3.9,5.6,,,,2022,8,34,239,0,0,1,0
257,양산시,2022-08-28,23.3,19.6,0156,28.9,1239,,,,,,,10.2,110,1830,3.9,110,1816,2.6,2268,70,14.7,44,1241,59.4,16.7,1013.9,1016.1,2129,1011.7,0001,1014.6,13.1,7.4,1100,3.14,20.56,,,,,,5.9,0.5,27.4,16.0,25.3,26.0,25.7,26.3,,,,,,4.5,6.4,,,,2022,8,34,240,0,0,1,0
257,양산시,2022-08-29,24.6,20.2,0612,30.0,1233,,,,,,,6.3,50,0136,3.6,50,0108,2.3,1955,50,18.6,54,1313,70.1,21.5,1014.0,1015.6,2115,1014.1,1423,1014.7,13.0,2.3,1100,2.67,13.83,,,,,,9.4,3.6,26.0,17.0,25.3,25.9,25.6,26.1,,,,,,3.1,4.5,,,,2022,8,35,241,0,0,1,0
257,양산시,2022-08-30,23.5,21.6,1759,27.7,0919,4.3,1711,10.4,1642,,17.4,10.5,50,1327,4.6,50,1351,2.6,2254,50,20.7,66,0920,85.3,24.5,1009.7,1014.7,0001,1007.4,2342,1010.4,13.0,0.4,0900,1.52,5.44,,,,,,8.8,6.8,25.1,21.1,24.6,25.1,25.2,26.0,,,,,,1.1,1.6,,,,2022,8,35,242,0,0,1,1
257,양산시,2022-08-31,22.6,21.3,1204,23.8,1545,4.9,845,15.5,840,,30.9,8.3,70,1127,4.5,70,1130,1.8,1552,70,20.8,77,2153,90.5,24.7,1006.9,1010.3,2400,1005.7,0400,1007.6,13.0,0.0,1500,0.62,3.13,,,,,,9.6,8.1,23.3,20.4,23.5,24.0,24.1,25.1,,,,,,1.1,1.5,,,,2022,8,35,243,0,0,0,1
257,양산시,2022-09-01,22.8,21.3,0415,24.8,1522,0.3,1028,0.6,1026,,1.0,7.7,50,2314,4.0,50,2140,2.1,1847,70,19.3,73,0859,81.1,22.4,1012.1,1014.9,2233,1009.5,0230,1012.8,12.9,0.0,1300,0.64,4.39,,,,,,9.8,5.0,22.7,18.8,22.9,23.3,23.5,24.4,,,,,,1.2,1.7,,,,2022,9,35,244,0,0,0,1
257,양산시,2022-09-02,21.8,20.3,1828,23.7,1105,1.2,2114,2.5,1738,,15.6,13.7,70,1041,5.3,70,1050,2.9,2504,70,20.5,81,0003,93.3,24.2,1014.5,1016.4,2053,1014.0,1552,1015.2,12.9,0.0,1200,0.56,3.67,,,,,,9.9,3.9,22.2,19.5,22.4,22.9,23.1,24.0,,,,,,0.9,1.3,,,,2022,9,35,245,0,0,0,1
257,양산시,2022-09-03,22.9,21.5,0638,25.1,1111,1.9,2303,5.0,2300,,8.5,12.9,70,0702,5.2,70,1008,3.3,2873,70,21.6,81,1136,93.0,25.9,1013.4,1015.4,0042,1013.1,1853,1014.1,12.9,0.1,1100,1.89,8.18,,,,,,7.9,4.4,23.4,20.3,23.2,23.5,23.2,23.8,,,,,,1.4,2.0,,,,2022,9,35,246,0,0,1,1
257,양산시,2022-09-04,26.0,22.0,0118,32.2,1606,0.5,432,0.7,342,,1.4,8.3,50,0249,4.3,70,0257,1.9,1667,70,23.6,62,1608,87.4,29.1,1009.7,1014.0,0001,1008.2,1701,1010.4,12.8,2.0,1100,1.82,11.85,,,,,,7.5,3.9,26.3,21.0,25.5,25.5,24.2,24.5,,,,,,2.2,3.1,,,,2022,9,35,247,0,0,1,1
257,양산시,2022-09-05,26.9,23.9,0427,29.6,1302,5.0,2243,22.0,2219,,50.4,18.0,160,2059,6.7,140,2104,2.0,1743,110,24.6,70,1300,88.6,31.0,1003.2,1008.7,0001,995.6,2357,1003.9,12.8,0.0,1200,0.78,4.46,,,,,,10.0,6.5,26.0,22.7,25.6,25.7,24.9,25.3,,,,,,1.3,1.9,,,,2022,9,36,248,0,0,1,1
257,양산시,2022-09-06,24.8,17.9,2400,30.0,1528,13.5,439,60.6,418,,153.9,21.6,50,0402,10.2,70,0613,3.3,2891,290,19.5,49,1649,75.0,23.2,997.9,1012.9,2352,967.9,0558,998.6,12.8,5.9,1200,2.99,16.32,,,,,,5.5,3.4,25.7,15.2,25.3,25.7,25.1,25.4,,,,,,3.5,5.1,,,,2022,9,36,249,0,0,1,1
257,양산시,2022-09-07,22.9,16.0,0257,31.7,1353,,,,,,,6.3,340,1313,3.7,320,1300,1.4,1228,200,15.7,24,1430,69.1,17.9,1015.2,1017.8,2312,1012.9,0001,1015.9,12.7,10.5,1200,3.12,23.17,,,,,,1.6,0.0,24.4,13.6,24.0,24.5,24.2,24.8,,,,,,5.2,7.4,,,,2022,9,36,250,0,0,1,0
257,양산시,2022-09-08,23.0,16.0,0545,29.9,1409,,,,,,,10.2,110,1238,4.6,50,1631,2.0,1726,50,15.2,34,1203,64.9,17.3,1016.4,1018.6,0734,1015.2,1527,1017.1,12.7,8.8,1200,3.2,21.4,,,,,,5.1,0.1,24.3,13.5,23.6,24.1,23.9,24.5,,,,,,4.8,6.9,,,,2022,9,36,251,0,0,1,0
257,양산시,2022-09-09,24.0,20.0,0410,29.5,1305,,,,,,,9.4,110,1510,4.1,70,0955,2.6,2254,70,17.8,47,1325,69.4,20.4,1016.2,1018.1,2039,1015.5,1447,1016.9,12.6,6.8,1300,3.06,20.58,,,,,,6.4,3.1,26.6,16.5,24.8,25.2,24.1,24.5,,,,,,,,,,,2022,9,36,252,0,0,1,0
257,양산시,2022-09-10,23.4,21.6,0035,27.0,1255,,,,,,,9.9,90,1326,4.4,50,0005,2.8,2438,70,17.9,59,1257,71.5,20.5,1016.1,1018.1,0744,1015.4,1604,1016.8,12.6,1.3,1000,1.82,10.51,,,,,,9.1,5.6,24.0,19.0,23.4,23.9,23.9,24.6,,,,,,2.5,3.6,,,,2022,9,36,253,0,0,1,0
257,양산시,2022-09-11,24.6,21.6,0615,29.8,1317,,,,,,,7.9,110,1539,3.8,50,1146,2.3,2022,70,19.8,60,1342,75.1,23.1,1013.8,1016.6,0001,1013.0,1546,1014.5,12.6,3.0,1100,2.74,14.28,,,,,,8.0,4.1,24.7,18.9,24.6,25.1,24.2,24.6,,,,,,3.1,4.5,,,,2022,9,36,254,0,0,1,0
257,양산시,2022-09-12,24.9,22.0,0403,28.4,1302,,,,,,,7.6,50,0700,4.0,50,0757,2.5,2144,70,20.6,67,1601,77.3,24.3,1013.0,1014.4,0719,1012.2,1602,1013.7,12.5,0.5,1000,1.82,10.64,,,,,,9.8,7.5,25.2,19.6,24.6,25.0,24.4,24.9,,,,,,2.5,3.6,,,,2022,9,37,255,0,0,1,0
257,양산시,2022-09-13,25.4,23.3,2318,29.7,1219,,,,,,,12.0,50,1558,6.3,50,1603,3.8,3260,70,18.8,51,2101,67.8,21.9,1014.1,1016.6,2041,1013.1,0354,1014.8,12.5,3.9,0900,1.79,13.54,,,,,,8.8,4.8,26.0,20.7,25.3,25.6,24.8,25.2,,,,,,3.8,5.4,,,,2022,9,37,256,0,0,1,0
257,양산시,2022-09-14,25.4,22.9,0450,30.1,1413,,,,,,,12.3,50,2344,5.8,70,0116,3.9,3360,70,18.7,52,1353,66.9,21.5,1014.5,1016.8,0850,1013.8,1519,1015.2,12.5,5.6,1100,2.97,17.22,,,,,,7.8,5.1,27.3,20.9,26.1,26.6,25.1,25.3,,,,,,4.4,6.3,,,,2022,9,37,257,0,0,1,0
257,양산시,2022-09-15,25.3,23.2,2120,28.7,1523,,,,,,,11.8,50,0145,4.8,70,0002,3.5,3029,70,18.8,58,0945,68.0,21.8,1011.6,1014.6,0001,1010.6,1509,1012.3,12.4,7.0,0900,2.9,18.54,,,,,,6.1,5.6,28.4,21.5,26.3,26.6,25.6,25.8,,,,,,4.1,5.8,,,,2022,9,37,258,0,0,1,0
257,양산시,2022-09-16,25.6,22.7,0516,30.3,1543,,,,,,,8.9,50,0448,5.5,50,0512,3.2,2740,50,21.7,65,1544,79.5,26.1,1008.7,1011.3,0001,1008.0,1555,1009.4,12.4,2.5,1400,1.79,10.82,,,,,,6.3,4.5,27.4,21.7,26.4,26.7,25.5,25.9,,,,,,2.3,3.4,,,,2022,9,37,259,0,0,1,0
257,양산시,2022-09-17,26.6,22.6,0625,32.0,1113,0.0,,0.0,,,0.0,6.0,70,2310,3.6,50,0004,2.1,1821,50,22.1,56,1115,77.6,26.6,1006.7,1009.4,0756,1005.9,2357,1007.4,12.4,3.4,1000,2.41,11.36,,,,,,7.6,3.6,25.6,20.2,25.8,26.2,25.6,26.0,,,,,,2.9,4.1,,,,2022,9,37,260,0,0,1,0
257,양산시,2022-09-18,26.8,23.9,2335,30.6,1315,1.2,2334,5.7,2245,,14.5,14.9,50,1756,7.9,70,1802,4.1,3569,70,21.9,63,0430,76.0,26.4,998.7,1005.8,0001,993.1,2303,999.4,12.3,1.7,1100,1.99,11.4,,,,,,9.3,5.9,27.2,22.5,26.4,26.7,25.8,26.1,,,,,,2.8,4.0,,,,2022,9,37,261,0,0,1,1
257,양산시,2022-09-19,24.5,19.0,2354,30.5,1426,0.9,423,3.8,344,,16.7,17.6,50,0927,7.6,50,1031,4.3,3739,70,19.4,52,1641,74.9,23.0,994.5,1007.0,2354,988.0,0359,995.2,12.3,3.2,1300,2.03,12.47,,,,,,7.0,4.6,24.9,15.5,24.9,25.4,25.0,25.6,,,,,,,,,,,2022,9,38,262,0,0,1,1
257,양산시,2022-09-20,20.3,17.3,2356,24.3,1117,,,,,,,11.5,110,1249,5.0,90,1059,2.7,2309,90,11.4,41,1205,57.8,13.5,1012.2,1016.1,2358,1007.0,0001,1012.9,12.2,7.9,1000,2.68,18.94,,,,,,7.1,3.4,21.1,14.2,21.8,22.4,23.3,24.3,,,,,,3.9,5.5,,,,2022,9,38,263,0,0,0,0
257,양산시,2022-09-21,18.9,13.8,0629,24.2,1224,,,,,,,9.7,110,1148,4.9,110,1154,2.6,2212,50,10.9,38,1357,61.5,13.0,1016.7,1018.5,1026,1015.9,0026,1017.4,12.2,8.7,1200,2.76,19.98,,,,,,4.5,0.1,20.0,11.1,20.7,21.5,22.3,23.3,,,,,,4.1,5.9,,,,2022,9,38,264,0,0,0,0
257,양산시,2022-09-22,20.7,14.0,0558,27.0,1400,,,,,,,7.0,110,1427,3.5,50,0223,1.9,1628,50,14.7,49,1422,70.0,16.9,1014.1,1017.5,0001,1012.5,1526,1014.8,12.2,5.3,1300,2.4,15.16,,,,,,7.4,3.8,21.8,11.3,21.7,22.2,21.9,22.7,,,,,,,,,,,2022,9,38,265,0,0,1,0
257,양산시,2022-09-23,22.7,17.2,0628,29.3,1538,,,,,,,7.7,360,2224,4.1,50,2231,1.6,1366,230,14.4,39,1324,62.9,16.7,1010.9,1013.6,2348,1009.0,1554,1011.6,12.1,7.9,1200,2.94,19.44,,,,,,5.4,3.1,24.6,12.8,23.4,23.9,22.9,23.3,,,,,,4.4,6.2,,,,2022,9,38,266,0,0,1,0
257,양산시,2022-09-24,20.2,14.6,0442,27.3,1526,,,,,,,5.9,270,1410,3.5,290,1411,1.5,1334,180,9.5,28,1333,52.6,11.9,1014.6,1016.8,0918,1013.4,0116,1015.4,12.1,8.3,1200,3.02,20.91,,,,,,5.9,1.5,22.6,9.3,21.9,22.7,22.6,23.3,,,,,,4.0,5.6,,,,2022,9,38,267,0,0,1,0
257,양산시,2022-09-25,19.9,16.3,0611,23.7,1149,,,,,,,6.6,110,1227,2.6,90,1231,1.2,1021,90,14.3,56,1222,71.1,16.4,1015.2,1017.5,0853,1014.6,1705,1015.9,12.1,0.1,1100,1.13,6.98,,,,,,10.0,7.1,21.0,13.8,21.1,21.7,22.1,23.0,,,,,,1.5,2.1,,,,2022,9,38,268,0,0,0,0
257,양산시,2022-09-26,20.0,17.3,0558,23.3,1315,0.0,,0.0,,,0.0,4.4,20,2251,2.7,50,2256,0.9,783,50,15.8,63,1316,77.4,17.9,1015.6,1017.7,1025,1015.2,1425,1016.3,12.0,0.0,1100,0.91,5.68,,,,,,9.8,4.4,20.9,15.6,21.0,21.5,21.7,22.5,,,,,,1.2,1.7,,,,2022,9,39,269,0,0,0,0
257,양산시,2022-09-27,21.8,17.5,0246,27.9,1530,0.0,,0.0,,,0.0,7.4,50,2108,3.9,50,2048,1.7,1501,50,16.7,50,1551,74.4,19.1,1014.4,1016.8,0001,1013.2,1633,1015.1,12.0,3.7,1400,2.14,11.87,,,,,,6.3,3.5,23.6,15.5,22.3,22.7,21.9,22.5,,,,,,2.6,3.7,,,,2022,9,39,270,0,0,1,0
257,양산시,2022-09-28,21.5,16.4,0608,28.4,1219,,,,,,,5.3,50,1223,3.0,200,1549,1.1,921,70,17.4,49,1333,79.9,19.9,1012.6,1015.0,0001,1011.5,1518,1013.3,12.0,4.1,1200,2.95,13.32,,,,,,7.4,1.9,22.7,13.5,22.4,22.9,22.3,22.8,,,,,,2.5,3.6,,,,2022,9,39,271,0,0,1,0
257,양산시,2022-09-29,21.3,15.3,0538,29.7,1357,0.0,,0.0,,,0.0,4.0,250,1530,2.6,230,1533,1.0,832,230,16.1,35,1251,76.5,18.3,1013.2,1015.5,2140,1012.1,1434,1013.9,11.9,9.5,1200,2.86,19.57,,,,,,0.4,0.0,23.6,11.0,22.8,23.4,22.6,23.0,,,,,,3.8,5.4,,,,2022,9,39,272,0,0,1,0
257,양산시,2022-09-30,21.6,15.7,0621,29.9,1424,,,,,,,5.5,230,1628,3.2,230,1527,1.0,896,200,16.8,38,1341,77.8,19.2,1014.8,1016.7,0728,1013.8,1553,1015.5,11.9,9.5,1200,2.8,19.17,,,,,,0.6,0.0,23.6,11.2,22.9,23.5,22.7,23.1,,,,,,3.7,5.3,,,,2022,9,39,273,0,0,1,0
257,양산시,2022-10-01,22.1,15.2,0634,31.1,1423,,,,,,,4.5,200,1730,3.0,230,1735,1.0,837,230,15.3,30,1442,70.8,17.5,1016.4,1018.4,0941,1015.4,1543,1017.1,11.9,9.2,1200,2.9,18.83,,,,,,3.8,0.4,22.7,10.7,22.6,23.2,22.7,23.2,,,,,,4.0,5.8,,,,2022,10,39,274,0,0,1,0
257,양산시,2022-10-02,23.0,15.4,0618,30.1,1345,,,,,,,6.0,250,1450,3.4,230,1412,1.1,917,250,16.3,39,1421,69.0,18.7,1017.0,1019.7,0847,1016.4,2338,1017.7,11.8,7.6,1200,2.82,17.86,,,,,,7.3,2.9,25.0,11.6,23.7,24.1,23.0,23.5,,,,,,3.4,4.8,,,,2022,10,39,275,0,0,1,0
257,양산시,2022-10-03,24.9,22.9,0013,26.9,1343,0.3,849,0.7,851,,1.0,10.2,200,1415,6.2,230,1415,2.7,2310,230,22.4,80,2326,86.5,27.1,1014.3,1017.4,0925,1012.9,2356,1015.0,11.8,0.2,1300,1.16,5.05,,,,,,8.1,4.9,24.0,20.8,24.0,24.3,23.5,24.0,,,,,,1.5,2.2,,,,2022,10,40,276,0,0,1,1
257,양산시,2022-10-04,22.1,16.8,2327,26.2,0851,6.5,1013,10.9,1007,,20.3,11.2,50,1554,5.6,250,0858,3.5,3007,70,20.1,77,0402,88.9,24.1,1011.6,1017.6,2346,1009.0,1156,1012.3,11.7,0.0,1300,0.57,2.53,,,,,,8.9,6.3,22.9,15.9,22.8,23.2,23.2,23.8,,,,,,1.1,1.5,,,,2022,10,40,277,0,0,1,1
257,양산시,2022-10-05,18.3,16.3,0603,22.6,1445,0.0,,0.0,,,0.0,9.4,50,0536,4.8,50,0559,3.1,2707,70,13.6,59,1445,74.9,15.6,1018.3,1020.5,0923,1017.1,0324,1019.0,11.7,3.5,1400,2.12,12.38,,,,,,8.9,4.6,20.3,14.5,20.5,21.0,21.4,22.3,,,,,,2.3,3.3,,,,2022,10,40,278,0,0,0,0
257,양산시,2022-10-06,18.3,16.2,0711,21.9,1203,0.3,740,0.8,650,,1.1,6.9,50,0406,3.8,50,0350,1.6,1357,50,14.5,57,1258,79.3,16.5,1017.3,1020.2,0104,1015.8,1733,1018.0,11.7,0.7,1100,1.76,7.61,,,,,,9.5,3.5,19.3,14.9,19.7,20.2,20.7,21.6,,,,,,1.4,2.1,,,,2022,10,40,279,0,0,0,1
257,양산시,2022-10-07,18.1,15.5,2150,23.1,1241,0.0,,0.0,,,0.0,12.7,50,1651,5.5,50,1659,2.6,2234,70,11.6,43,1144,67.1,13.7,1017.1,1022.6,2309,1015.4,0535,1017.9,11.6,4.0,1100,2.57,11.75,,,,,,8.3,2.9,19.5,13.4,19.5,20.0,20.5,21.3,,,,,,2.9,4.2,,,,2022,10,40,280,0,0,0,0
257,양산시,2022-10-08,17.6,14.5,0632,22.6,1202,,,,,,,10.7,70,1412,4.6,70,0910,3.1,2702,70,9.4,41,1433,59.5,11.8,1023.0,1024.9,0941,1022.1,0017,1023.7,11.6,8.8,1200,3.01,19.06,,,,,,5.5,1.1,18.3,11.5,18.7,19.4,19.6,20.6,,,,,,3.9,5.5,,,,2022,10,40,281,0,0,0,0
257,양산시,2022-10-09,17.3,15.0,0613,19.8,1430,0.1,,0.2,,,0.3,7.5,50,1104,4.1,270,0614,2.3,2006,50,12.5,60,0014,74.0,14.6,1016.0,1024.4,0040,1011.4,2126,1016.8,11.5,0.0,1400,0.82,4.61,,,,,,8.9,4.4,17.6,12.3,17.8,18.3,19.0,20.1,,,,,,1.6,2.3,,,,2022,10,40,282,0,0,0,1
257,양산시,2022-10-10,15.6,12.6,2149,19.1,1214,0.0,,0.0,,,0.0,15.7,250,1519,6.5,270,1306,3.5,2988,290,4.7,32,1516,49.3,8.6,1012.8,1015.7,2112,1011.0,0037,1013.6,11.5,8.2,1200,2.85,17.7,,,,,,4.0,2.1,16.8,8.7,17.3,18.2,18.8,19.7,,,,,,3.9,5.6,,,,2022,10,41,283,0,0,0,0
257,양산시,2022-10-11,14.6,9.9,0553,21.8,1356,,,,,,,10.2,290,0103,5.4,250,0002,1.6,1360,320,7.0,35,1349,63.4,10.0,1018.9,1023.6,2359,1015.0,0002,1019.6,11.5,9.5,1200,2.78,18.67,,,,,,0.5,0.1,16.7,5.2,16.7,17.5,17.9,18.9,,,,,,3.3,4.7,,,,2022,10,41,284,0,0,0,0
257,양산시,2022-10-12,15.9,7.6,0521,23.8,1409,,,,,,,9.7,110,1516,4.0,50,1256,1.8,1595,50,9.9,41,1341,69.4,12.2,1024.7,1026.2,0927,1023.6,0001,1025.5,11.4,6.0,1300,2.33,14.85,,,,,,3.9,2.6,16.1,3.4,16.5,17.3,17.6,18.7,,,,,,3.1,4.5,,,,2022,10,41,285,0,0,0,0
257,양산시,2022-10-13,19.1,15.6,2356,24.4,1448,,,,,,,9.9,50,1158,4.3,70,1030,2.8,2396,50,10.7,41,1327,59.3,12.8,1022.8,1026.1,0012,1021.6,1607,1023.6,11.4,8.5,1300,2.52,16.54,,,,,,4.8,2.8,19.5,11.4,18.9,19.3,18.5,19.2,,,,,,3.5,4.9,,,,2022,10,41,286,0,0,0,0
257,양산시,2022-10-14,18.4,11.8,0411,25.5,1416,,,,,,,8.0,110,1840,3.4,50,2056,1.7,1432,90,12.6,46,1314,71.4,14.7,1018.5,1022.1,0001,1016.8,1517,1019.2,11.4,7.0,1200,2.5,15.32,,,,,,5.5,2.3,19.6,7.5,19.0,19.5,18.8,19.4,,,,,,3.0,4.3,,,,2022,10,41,287,0,0,1,0
257,양산시,2022-10-15,18.7,12.1,0449,26.0,1438,,,,,,,8.5,110,1801,4.0,110,1639,1.7,1467,50,13.3,45,1433,73.9,15.3,1018.0,1020.0,0834,1017.0,1522,1018.7,11.3,8.8,1100,2.72,16.77,,,,,,4.6,0.5,19.7,7.5,19.3,19.8,19.1,19.7,,,,,,3.3,4.7,,,,2022,10,41,288,0,0,1,0
257,양산시,2022-10-16,19.2,12.8,0514,26.5,1501,,,,,,,4.2,250,1453,2.6,50,0019,0.6,509,160,14.3,44,1325,76.3,16.3,1016.4,1019.2,0001,1014.9,1512,1017.1,11.3,8.9,1200,2.74,16.81,,,,,,5.6,3.1,20.6,8.5,20.0,20.4,19.4,20.0,,,,,,3.3,4.7,,,,2022,10,41,289,0,0,1,0
257,양산시,2022-10-17,17.6,11.2,2316,25.0,1413,,,,,,,10.5,70,2002,5.4,70,1929,2.2,1926,290,5.7,19,1932,51.5,10.2,1014.7,1018.2,2257,1012.5,1440,1015.4,11.3,9.4,1200,2.43,16.07,,,,,,2.1,0.6,19.3,6.2,19.2,19.9,19.6,20.2,,,,,,4.4,6.2,,,,2022,10,42,290,0,0,1,0
257,양산시,2022-10-18,12.3,7.7,2349,19.9,1400,,,,,,,6.2,320,1706,3.4,320,1654,1.4,1197,140,0.7,26,1553,47.0,6.4,1019.7,1022.6,2310,1017.7,0031,1020.5,11.2,9.6,1200,2.67,17.79,,,,,,0.1,0.0,15.7,1.9,16.1,17.1,18.0,19.1,,,,,,3.5,4.9,,,,2022,10,42,291,0,0,0,0
257,양산시,2022-10-19,11.9,4.8,0557,20.4,1544,,,,,,,5.1,290,1605,3.2,270,1507,1.2,1021,90,0.7,22,1148,50.3,6.5,1023.6,1026.9,2239,1022.5,0001,1024.4,11.2,9.6,1200,2.69,17.87,,,,,,0.0,0.0,14.5,-0.5,15.0,15.9,16.8,18.0,,,,,,3.5,5.0,,,,2022,10,42,292,0,0,0,0
257,양산시,2022-10-20,12.7,4.4,0621,22.5,1525,,,,,,,4.5,230,1236,2.6,200,0949,0.9,751,230,3.9,23,1503,60.3,8.2,1026.2,1029.2,0846,1024.8,1542,1027.0,11.2,9.5,1200,2.64,17.53,,,,,,1.0,0.5,14.5,-0.6,14.9,15.7,16.3,17.4,,,,,,3.3,4.7,,,,2022,10,42,293,0,0,0,0
257,양산시,2022-10-21,15.7,8.1,0123,22.5,1332,0.0,,0.0,,,0.0,5.6,290,1132,3.0,290,1157,1.0,898,200,8.5,37,1123,64.5,11.2,1023.2,1026.5,0857,1021.7,2400,1024.0,11.1,5.1,1100,1.96,11.66,,,,,,7.6,4.8,15.6,3.3,15.7,16.2,16.5,17.5,,,,,,2.1,3.0,,,,2022,10,42,294,0,0,0,0
257,양산시,2022-10-22,18.1,11.5,2355,25.5,1443,0.0,,0.0,,,0.0,8.0,340,1126,3.8,270,1231,1.1,976,230,9.9,30,1619,61.4,12.3,1018.3,1021.7,0019,1016.7,1639,1019.0,11.1,7.8,1200,2.61,14.54,,,,,,5.0,2.8,18.4,6.6,18.6,19.0,18.0,18.4,,,,,,2.8,4.0,,,,2022,10,42,295,0,0,1,0
257,양산시,2022-10-23,16.0,9.7,0513,24.0,1445,,,,,,,8.3,70,1720,4.2,70,1725,1.0,906,70,9.4,38,1438,68.3,11.8,1015.9,1018.3,2244,1014.2,1458,1016.6,11.1,8.9,1200,2.45,15.78,,,,,,2.9,1.1,17.6,5.2,17.5,18.0,17.7,18.5,,,,,,2.8,4.1,,,,2022,10,42,296,0,0,0,0
257,양산시,2022-10-24,13.5,9.5,0406,19.3,1358,,,,,,,9.9,320,1419,5.3,70,1457,1.6,1347,70,3.5,27,1419,54.5,8.0,1018.2,1022.5,2332,1016.7,1319,1019.0,11.0,9.0,1100,2.52,16.37,,,,,,1.5,0.3,14.7,3.2,16.0,16.8,17.3,18.2,,,,,,3.7,5.3,,,,2022,10,43,297,0,0,0,0
257,양산시,2022-10-25,13.7,9.2,0611,19.0,1252,,,,,,,10.3,360,1308,5.1,50,1310,2.8,2441,70,3.9,36,1455,52.8,8.1,1025.7,1028.7,2211,1022.4,0009,1026.5,11.0,8.0,1100,2.51,15.14,,,,,,2.6,1.4,14.4,2.9,15.0,15.6,16.4,17.5,,,,,,2.9,4.1,,,,2022,10,43,298,0,0,0,0
257,양산시,2022-10-26,13.8,6.7,0534,20.9,1222,,,,,,,6.1,110,1358,2.8,50,0100,1.3,1083,50,8.1,47,1223,70.1,10.8,1026.1,1029.1,0840,1025.1,1811,1026.8,11.0,4.3,1000,2.18,10.9,,,,,,5.6,1.9,14.3,1.7,14.7,15.2,16.0,17.1,,,,,,1.9,2.7,,,,2022,10,43,299,0,0,0,0
257,양산시,2022-10-27,15.9,10.9,2349,23.6,1353,,,,,,,4.8,270,1209,2.6,250,1421,0.8,694,270,8.6,27,1457,66.6,11.2,1023.2,1025.4,0001,1021.7,1452,1024.0,10.9,8.8,1200,2.39,15.3,,,,,,3.1,1.5,17.0,5.7,17.1,17.5,16.8,17.5,,,,,,2.8,4.0,,,,2022,10,43,300,0,0,0,0
257,양산시,2022-10-28,16.0,8.4,0627,24.1,1243,,,,,,,9.6,50,1736,4.7,70,1737,1.7,1510,70,9.8,32,1419,70.4,12.2,1024.3,1026.7,2311,1023.2,1446,1025.1,10.9,8.0,1200,2.36,14.13,,,,,,3.0,1.3,16.2,3.4,16.6,17.0,16.7,17.5,,,,,,2.8,4.0,,,,2022,10,43,301,0,0,0,0
257,양산시,2022-10-29,15.8,12.9,0646,21.1,1240,,,,,,,8.8,110,1538,4.1,110,1451,2.5,2141,70,10.6,51,1150,72.3,12.8,1025.3,1027.2,0819,1024.8,1423,1026.1,10.9,3.2,1300,1.59,8.95,,,,,,6.1,1.3,15.9,9.4,16.5,17.0,17.0,17.8,,,,,,1.7,2.5,,,,2022,10,43,302,0,0,0,0
257,양산시,2022-10-30,14.8,11.0,0129,18.8,1303,0.1,,0.1,,,0.1,8.2,70,2007,4.0,70,2015,1.9,1624,70,10.6,60,1305,76.8,12.8,1024.7,1026.3,0831,1024.4,1352,1025.5,10.8,0.4,1200,1.08,5.34,,,,,,6.4,3.8,15.4,6.5,15.7,16.0,16.6,17.5,,,,,,1.5,2.1,,,,2022,10,43,303,0,0,0,1
257,양산시,2022-10-31,14.9,10.1,0715,21.4,1304,,,,,,,7.3,70,1056,3.5,50,0456,2.1,1776,50,8.5,41,1226,67.9,11.1,1022.9,1025.7,0019,1021.9,1511,1023.7,10.8,6.9,1000,2.09,12.25,,,,,,3.5,1.8,14.5,6.2,15.2,15.8,16.1,17.1,,,,,,2.2,3.2,,,,2022,10,44,304,0,0,0,0
257,양산시,2022-11-01,14.5,8.7,0655,23.4,1400,,,,,,,4.2,290,1406,2.4,320,1239,0.7,568,110,8.6,31,1619,72.1,11.1,1019.6,1022.5,0835,1017.7,1504,1020.4,10.8,8.8,1200,2.27,14.28,,,,,,0.4,0.0,14.9,3.5,15.7,16.2,16.0,16.9,,,,,,2.5,3.6,,,,2022,11,44,305,0,0,0,0
257,양산시,2022-11-02,13.8,7.4,0604,22.6,1404,,,,,,,4.8,250,1429,2.7,200,1720,0.7,645,270,8.4,36,1502,74.1,11.0,1018.7,1022.0,0844,1017.2,1558,1019.5,10.7,8.7,1200,2.25,13.63,,,,,,0.0,0.0,14.1,1.6,15.0,15.6,15.7,16.7,,,,,,2.4,3.4,,,,2022,11,44,306,0,0,0,0
257,양산시,2022-11-03,13.6,7.0,0522,22.7,1414,,,,,,,6.6,320,1513,3.6,320,1517,1.1,923,180,5.9,31,1258,65.0,9.3,1016.3,1018.7,0835,1014.7,1341,1017.1,10.7,8.5,1200,2.23,13.93,,,,,,2.9,1.4,13.8,0.9,14.7,15.3,15.4,16.4,,,,,,3.0,4.3,,,,2022,11,44,307,0,0,0,0
257,양산시,2022-11-04,11.2,6.2,2322,17.2,1404,,,,,,,7.6,320,0955,4.1,320,1033,1.8,1558,290,-4.2,17,1414,36.6,4.7,1018.8,1021.9,2343,1017.2,0014,1019.6,10.7,8.7,1200,2.42,15.34,,,,,,2.9,0.8,11.9,-1.3,13.5,14.3,14.9,16.0,,,,,,3.7,5.2,,,,2022,11,44,308,0,0,0,0
257,양산시,2022-11-05,9.0,2.8,0655,18.5,1514,,,,,,,5.4,340,0005,2.7,320,1636,1.1,921,160,-6.3,15,1314,36.9,3.9,1022.4,1024.7,0857,1021.4,1417,1023.2,10.6,8.8,1200,2.45,15.42,,,,,,0.3,0.0,9.7,-3.5,11.7,12.6,13.6,15.0,,,,,,3.1,4.4,,,,2022,11,44,309,0,0,0,0
257,양산시,2022-11-06,9.3,1.6,0726,19.0,1351,,,,,,,5.1,250,1322,2.4,270,1331,0.6,559,50,-0.4,24,1229,55.0,6.0,1023.2,1026.3,0900,1021.7,1526,1024.0,10.6,8.6,1200,2.38,14.86,,,,,,0.5,0.0,9.5,-5.4,11.3,12.0,12.8,14.2,,,,,,2.5,3.6,,,,2022,11,44,310,0,0,0,0
257,양산시,2022-11-07,10.4,3.9,0458,19.6,1421,,,,,,,4.7,250,1145,2.3,200,1001,0.7,614,250,3.2,30,1422,65.8,7.7,1021.9,1024.4,0853,1020.2,1453,1022.7,10.6,8.6,1100,2.14,13.41,,,,,,0.0,0.0,10.6,-2.3,11.9,12.4,12.9,14.0,,,,,,2.4,3.5,,,,2022,11,45,311,0,0,0,0
257,양산시,2022-11-08,11.7,4.5,0554,21.5,1310,,,,,,,4.8,200,1343,2.7,230,1134,0.8,648,250,4.2,27,1459,65.9,8.3,1023.5,1025.8,0919,1022.6,1401,1024.3,10.5,8.6,1200,2.23,13.83,,,,,,0.0,0.0,11.2,-1.0,12.5,13.0,13.1,14.1,,,,,,2.5,3.5,,,,2022,11,45,312,0,0,0,0
257,양산시,2022-11-09,11.8,4.9,0630,21.1,1357,,,,,,,5.5,230,1501,3.4,230,1453,1.1,934,200,5.3,31,1213,69.1,8.9,1023.7,1026.5,0823,1022.3,1435,1024.4,10.5,8.2,1100,2.16,13.11,,,,,,2.3,0.0,11.2,-1.2,12.4,12.9,13.1,14.2,,,,,,2.4,3.4,,,,2022,11,45,313,0,0,0,0
257,양산시,2022-11-10,13.7,6.2,0633,23.0,1448,,,,,,,6.4,20,1908,3.8,70,1938,1.2,1055,230,6.5,31,1336,65.5,9.7,1023.3,1025.7,2228,1021.8,1412,1024.1,10.5,6.1,1200,2.06,10.92,,,,,,3.0,1.3,12.9,1.1,13.7,13.8,13.4,14.3,,,,,,2.2,3.2,,,,2022,11,45,314,0,0,0,0
257,양산시,2022-11-11,16.0,10.3,0622,23.1,1352,,,,,,,7.6,110,1541,3.5,90,2000,1.4,1223,90,10.6,47,1203,72.4,12.8,1024.9,1027.3,0918,1024.3,1431,1025.6,10.4,7.0,1100,2.02,10.8,,,,,,5.5,2.0,14.3,5.6,14.7,14.8,14.3,14.9,,,,,,2.0,2.9,,,,2022,11,45,315,0,0,0,0
257,양산시,2022-11-12,17.8,10.3,0621,24.3,1227,,,,,,7.5,8.2,250,2356,4.5,250,2358,1.3,1088,230,14.7,53,1228,84.1,16.9,1017.8,1024.7,0001,1012.1,2356,1018.5,10.4,5.7,1200,2.01,10.37,,,,,,3.3,2.1,15.9,5.5,15.8,15.9,15.0,15.6,,,,,,1.8,2.6,,,,2022,11,45,316,0,0,0,1
257,양산시,2022-11-13,18.5,13.5,2359,23.3,1028,,,,,,26.2,9.7,50,2050,5.1,70,2026,3.2,2751,70,13.1,34,1529,72.6,15.8,1011.9,1018.8,2345,1008.1,0546,1012.7,10.4,6.5,1200,1.91,10.43,,,,,,8.3,4.8,17.8,11.7,18.1,18.2,17.0,17.2,,,,,,2.6,3.8,,,,2022,11,45,317,0,0,0,1
257,양산시,2022-11-14,13.0,8.6,2240,17.6,1243,,,,,,,7.2,50,0030,3.5,70,0012,1.8,1543,70,6.5,50,1236,65.9,9.7,1016.3,1019.2,0243,1015.3,1656,1017.1,10.4,0.4,1200,1.26,5.23,,,,,,5.5,4.4,13.2,3.3,14.1,14.6,15.5,16.5,,,,,,1.3,1.8,,,,2022,11,46,318,0,0,0,0
257,양산시,2022-11-15,10.6,6.0,0726,17.3,1440,,,,,,,6.8,290,1045,3.8,290,1341,1.6,1406,320,1.2,27,1305,56.5,6.8,1015.8,1018.8,2221,1014.5,1419,1016.5,10.3,8.7,1200,2.23,13.57,,,,,,0.1,0.0,9.9,0.1,12.0,12.6,13.6,14.9,,,,,,2.4,3.4,,,,2022,11,46,319,0,0,0,0
257,양산시,2022-11-16,10.6,4.6,0522,17.5,1425,,,,,,,5.4,250,1333,3.1,270,1341,1.2,996,50,4.1,34,1503,67.6,8.2,1019.2,1022.1,2342,1018.4,1553,1020.0,10.3,8.6,1200,2.02,12.24,,,,,,1.6,0.5,9.9,0.0,11.5,12.0,12.8,13.9,,,,,,2.2,3.2,,,,2022,11,46,320,0,0,0,0
257,양산시,2022-11-17,10.6,6.3,2357,18.4,1433,,,,,,,3.6,250,1245,2.4,250,1254,0.6,552,250,2.2,22,1413,60.8,7.2,1022.6,1025.5,2247,1021.3,0110,1023.4,10.3,7.3,1100,2.14,12.09,,,,,,4.6,2.1,10.2,0.6,11.5,11.9,12.4,13.6,,,,,,2.0,2.9,,,,2022,11,46,321,0,0,0,0
257,양산시,2022-11-18,12.2,4.1,0707,21.4,1408,,,,,,,6.4,110,1756,3.3,70,2340,1.0,844,50,4.5,26,1410,64.0,8.4,1024.5,1027.0,0956,1023.2,1449,1025.3,10.3,8.7,1200,2.11,12.88,,,,,,0.0,0.0,9.3,-1.8,11.1,11.5,11.9,13.1,,,,,,,,,,,2022,11,46,322,0,0,0,0
257,양산시,2022-11-19,15.5,9.1,0607,21.5,1256,,,,,,0.0,8.9,110,1413,4.2,50,0711,2.6,2214,90,8.8,40,1212,66.0,11.4,1021.2,1025.0,0001,1019.7,1513,1022.0,10.2,4.8,1100,2.21,10.28,,,,,,6.1,3.1,12.2,4.8,12.7,12.8,12.5,13.4,,,,,,2.3,3.3,,,,2022,11,46,323,0,0,0,0
257,양산시,2022-11-20,15.1,11.0,2359,19.9,1200,,,,,,0.0,5.8,50,0637,3.4,50,0642,1.4,1220,50,9.7,49,1155,71.9,12.0,1018.6,1020.8,0014,1017.0,1435,1019.4,10.2,1.9,1000,1.26,5.85,,,,,,6.9,3.5,13.0,5.7,13.5,13.7,13.6,14.3,,,,,,1.1,1.6,,,,2022,11,46,324,0,0,0,0
257,양산시,2022-11-21,12.8,7.4,0656,19.4,1358,,,,,,,4.0,270,1419,2.2,200,1025,0.5,455,230,9.0,47,1417,80.3,11.5,1019.9,1022.5,0916,1018.6,1451,1020.6,10.2,5.3,1100,1.76,8.68,,,,,,4.6,1.8,11.2,2.0,12.2,12.6,13.1,14.0,,,,,,1.3,1.9,,,,2022,11,47,325,0,0,0,0
257,양산시,2022-11-22,14.4,10.9,0349,18.1,1546,,,,,,1.5,7.8,20,0848,3.5,70,1254,1.3,1094,70,10.3,55,1111,78.4,12.6,1018.1,1022.0,0731,1015.5,2347,1018.9,10.2,0.0,0900,0.58,3.65,,,,,,9.5,4.9,12.8,7.4,12.9,13.1,13.1,14.0,,,,,,0.9,1.3,,,,2022,11,47,326,0,0,0,1
257,양산시,2022-11-23,14.1,8.7,2400,20.0,1344,,,,,,0.3,9.3,340,1431,5.1,70,1506,1.5,1257,200,9.5,47,1602,76.1,12.0,1014.3,1018.3,2327,1012.8,1252,1015.0,10.1,5.2,1300,1.93,9.37,,,,,,5.1,1.6,13.2,3.1,14.1,14.3,13.8,14.4,,,,,,1.8,2.6,,,,2022,11,47,327,0,0,0,1
257,양산시,2022-11-24,10.6,5.6,2400,18.7,1416,,,,,,,3.9,320,1505,2.2,320,1459,0.7,589,50,3.5,30,1537,65.8,7.9,1019.4,1022.9,2357,1017.9,0130,1020.2,10.1,7.1,1300,1.47,9.8,,,,,,4.0,0.5,10.0,-0.4,11.5,11.9,12.7,13.8,,,,,,1.5,2.2,,,,2022,11,47,328,0,0,0,0
257,양산시,2022-11-25,11.9,3.6,0637,19.3,1452,,,,,,,7.7,250,1741,4.1,230,1320,1.6,1357,230,6.3,38,1523,72.3,9.7,1017.9,1023.0,0011,1015.6,2346,1018.7,10.1,7.2,1200,1.75,9.6,,,,,,2.8,0.1,9.0,-2.0,10.4,10.8,11.6,12.8,,,,,,1.7,2.5,,,,2022,11,47,329,0,0,0,0
257,양산시,2022-11-26,12.5,5.7,2355,20.2,1249,,,,,,,8.3,290,1521,5.2,290,1529,1.6,1341,200,4.1,26,1504,62.0,8.5,1015.1,1019.1,2339,1013.8,1432,1015.8,10.1,8.0,1200,1.93,11.33,,,,,,0.0,0.0,9.9,-1.0,11.5,11.8,11.9,12.9,,,,,,2.5,3.5,,,,2022,11,47,330,0,0,0,0
257,양산시,2022-11-27,10.2,2.9,0619,18.5,1343,,,,,,,3.8,200,1556,2.6,200,1603,0.8,663,20,-1.6,18,1127,47.1,5.6,1019.8,1022.0,0915,1018.8,0011,1020.6,10.0,7.0,1200,1.99,11.06,,,,,,4.5,0.3,7.8,-3.8,9.4,9.9,10.8,12.1,,,,,,1.9,2.7,,,,2022,11,47,331,0,0,0,0
257,양산시,2022-11-28,16.7,8.3,0707,23.2,1308,,,,,,3.0,10.4,250,1342,6.4,250,1349,1.7,1466,230,11.8,53,1238,74.0,14.3,1015.7,1021.7,0001,1010.3,2352,1016.5,10.0,2.6,1200,1.81,6.99,,,,,,8.3,5.8,13.6,3.4,13.0,12.9,11.9,12.6,,,,,,1.6,2.2,,,,2022,11,48,332,0,0,0,1
257,양산시,2022-11-29,16.1,11.0,2357,19.1,0402,,,,,,15.4,9.9,200,2140,4.8,320,2106,2.1,1845,290,9.2,20,2242,69.4,13.7,1010.6,1019.5,2350,1006.4,0456,1011.4,10.0,0.1,1100,0.8,2.78,,,,,,9.0,6.0,15.0,9.0,14.9,15.1,14.3,14.6,,,,,,2.0,2.8,,,,2022,11,48,333,0,0,0,1
257,양산시,2022-11-30,3.9,0.6,2353,11.1,0002,,,,,,,12.6,360,1030,6.6,340,1034,2.9,2517,290,-15.3,16,1056,23.6,2.0,1025.8,1030.4,2043,1019.6,0001,1026.6,10.0,4.4,1200,1.7,8.97,,,,,,9.4,4.4,6.7,-1.0,8.5,9.3,11.6,13.1,,,,,,2.5,3.6,,,,2022,11,48,334,0,0,0,0
257,양산시,2022-12-01,2.2,-0.3,0123,6.2,1417,,,,,,,12.0,320,0130,6.1,320,0130,2.4,2048,320,-14.6,17,1422,28.3,2.0,1028.2,1030.4,1008,1027.1,1456,1029.0,10.0,5.3,1200,2.03,10.29,,,,,,6.5,3.4,3.9,-5.0,5.9,6.6,9.0,10.7,,,,,,1.9,2.7,,,,2022,12,48,335,0,0,0,0
257,양산시,2022-12-02,2.4,-1.2,0731,7.7,1431,,,,,,,6.6,230,1151,3.9,250,1140,1.6,1414,270,-9.0,27,1547,44.0,3.1,1028.5,1031.9,0926,1027.3,1546,1029.3,9.9,8.1,1200,2.08,12.29,,,,,,2.9,0.3,2.6,-6.6,5.3,6.0,7.7,9.4,,,,,,1.8,2.5,,,,2022,12,48,336,0,0,0,0
257,양산시,2022-12-03,4.7,-0.8,0256,10.7,1534,,,,,,,6.8,230,1449,4.2,230,1455,1.4,1231,230,-2.0,44,1447,63.0,5.4,1024.4,1028.3,0007,1022.3,1526,1025.2,9.9,2.7,0900,1.17,6.13,,,,,,5.9,1.3,4.3,-5.3,5.3,5.8,7.2,8.8,,,,,,0.9,1.3,,,,2022,12,48,337,0,0,0,0
257,양산시,2022-12-04,,4.3,2400,10.3,1307,,,,,,,6.9,320,1636,3.6,320,1643,1.7,1489,,,17,1435,,,,1028.2,1928,1025.8,1430,,9.9,1.4,1400,1.02,1.91,,,,,,7.4,,7.4,0.2,,,,,,,,,,,,,,,2022,12,48,338,0,0,0,0
257,양산시,2022-12-05,4.0,0.7,2355,8.9,1333,,,,,,,6.6,340,1604,3.8,320,1449,1.7,1475,320,-13.9,17,1631,26.0,2.1,1024.8,1027.4,0158,1023.4,1450,1025.6,9.9,5.1,1300,1.72,8.68,,,,,,5.1,3.5,3.9,-6.1,5.7,6.3,7.6,8.9,,,,,,2.1,2.9,,,,2022,12,49,339,0,0,0,0
257,양산시,2022-12-06,4.1,-0.8,0753,10.0,1412,,,,,,,8.9,270,1613,5.2,270,1434,2.0,1713,180,-6.8,28,0033,46.1,3.8,1022.7,1025.6,0200,1020.8,1517,1023.5,9.9,7.9,1100,1.84,11.04,,,,,,1.1,0.3,2.3,-6.1,4.3,5.0,6.3,7.9,,,,,,1.9,2.7,,,,2022,12,49,340,0,0,0,0
257,양산시,2022-12-07,5.5,0.8,0206,12.5,1452,,,,,,,8.6,270,1251,4.6,270,1148,1.5,1274,270,-2.8,29,1549,58.6,5.0,1022.6,1025.3,2328,1021.2,1443,1023.4,9.9,7.5,1200,1.82,10.1,,,,,,2.3,0.0,3.2,-4.8,5.0,5.5,6.3,7.6,,,,,,1.7,2.4,,,,2022,12,49,341,0,0,0,0
257,양산시,2022-12-08,5.1,-1.2,0706,13.9,1433,,,,,,,5.4,200,1419,2.9,200,0958,0.8,701,200,-2.6,23,1514,63.0,5.1,1024.2,1027.2,0953,1023.4,1503,1025.0,9.9,8.1,1200,1.94,10.89,,,,,,3.3,1.4,3.2,-7.1,5.1,5.6,6.2,7.5,,,,,,1.7,2.4,,,,2022,12,49,342,0,0,0,0
257,양산시,2022-12-09,5.9,0.4,0509,14.7,1443,,,,,,,4.2,250,1126,2.6,200,1506,0.8,671,200,-1.3,30,1344,62.4,5.6,1021.4,1024.5,0253,1020.1,1432,1022.2,9.8,4.0,1300,1.64,7.64,,,,,,4.5,2.4,5.1,-6.0,6.1,6.4,6.6,7.6,,,,,,1.3,1.9,,,,2022,12,49,343,0,0,0,0
257,양산시,2022-12-10,7.1,0.1,0644,12.0,1309,,,,,,0.0,5.3,270,2323,2.9,270,2329,0.8,677,50,-0.1,42,1302,63.5,6.1,1017.8,1020.9,0001,1016.0,1617,1018.6,9.9,3.4,1100,1.63,6.9,,,,,,4.4,2.9,4.6,-6.1,5.4,5.8,6.6,7.7,,,,,,1.3,1.8,,,,2022,12,49,344,0,0,0,0
257,양산시,2022-12-11,7.9,2.9,0718,12.8,1517,,,,,,,7.3,50,2330,3.8,320,1558,1.7,1436,70,-4.1,26,1232,43.6,4.6,1019.5,1023.0,2141,1017.8,0043,1020.3,9.8,7.8,1200,1.85,10.96,,,,,,3.8,1.1,4.6,-2.9,6.5,6.9,7.2,8.1,,,,,,2.1,3.0,,,,2022,12,49,345,0,0,0,0
257,양산시,2022-12-12,7.1,2.1,0651,13.9,1344,,,,,,1.3,5.8,290,1844,3.3,290,1851,1.3,1098,200,2.0,49,1346,71.4,7.1,1018.1,1023.3,0654,1015.8,2046,1018.9,9.8,2.5,1100,1.69,6.19,,,,,,5.9,2.4,5.5,-3.6,6.3,6.7,7.1,8.1,,,,,,1.1,1.6,,,,2022,12,50,346,0,0,0,1
257,양산시,2022-12-13,6.6,2.9,0511,10.6,1345,,,,,,0.0,12.3,250,2318,6.8,270,2303,3.0,2556,270,-3.1,30,1507,52.3,4.9,1016.6,1019.4,2357,1015.6,1424,1017.4,9.8,5.2,1100,1.65,8.14,,,,,,2.5,1.0,4.1,-3.1,5.4,5.8,6.8,8.0,,,,,,2.2,3.1,,,,2022,12,50,347,0,0,0,0
257,양산시,2022-12-14,-0.1,-3.8,2353,4.7,0001,,,,,,0.0,12.5,320,0144,6.9,270,0149,2.8,2419,270,-11.1,28,1439,44.1,2.7,1024.3,1027.3,2206,1018.9,0041,1025.1,9.8,8.0,1200,1.94,11.36,,,,,,0.9,0.5,1.0,-9.0,3.6,4.2,5.8,7.2,,,,,,1.6,2.2,,,,2022,12,50,348,0,0,0,0
257,양산시,2022-12-15,0.7,-5.8,0713,6.6,1424,,,,,,,6.2,250,1241,3.5,250,1436,1.5,1296,230,-7.5,34,1419,55.5,3.6,1024.5,1028.1,0910,1022.9,2155,1025.3,9.8,7.9,1200,1.91,11.03,,,,,,1.9,0.8,0.2,-10.0,2.3,2.8,4.2,5.9,,,,,,1.6,2.3,,,,2022,12,50,349,0,0,0,0
257,양산시,2022-12-16,3.8,1.1,0721,7.2,1446,,,,,,,7.5,320,1316,4.2,320,1229,1.5,1257,270,-13.1,12,1129,34.3,2.7,1025.6,1029.1,0956,1023.5,0040,1026.4,9.8,6.8,1100,1.93,9.93,,,,,,7.6,4.4,2.0,-4.1,3.5,3.8,4.5,5.8,,,,,,2.5,3.5,,,,2022,12,50,350,0,0,0,0
257,양산시,2022-12-17,1.3,-2.8,2351,5.2,1503,,,,,,,11.9,250,1703,6.0,270,1708,2.7,2373,270,-13.3,14,0649,35.8,2.4,1022.0,1026.8,0001,1020.1,1419,1022.8,9.8,3.2,1200,1.45,7.31,,,,,,6.3,2.9,1.6,-6.0,2.9,3.4,4.6,5.9,,,,,,1.6,2.2,,,,2022,12,50,351,0,0,0,0
257,양산시,2022-12-18,-3.0,-6.0,0820,0.6,1337,,,,,,,8.3,250,1335,5.1,270,1431,2.4,2065,320,-15.4,29,1303,38.1,1.8,1021.2,1023.8,2353,1019.3,1421,1022.0,9.8,8.0,1200,1.99,11.52,,,,,,0.3,0.0,-1.5,-11.0,1.0,1.6,3.4,5.0,,,,,,1.4,1.9,,,,2022,12,50,352,0,0,0,0
257,양산시,2022-12-19,-2.2,-6.9,0634,4.6,1502,,,,,,,5.2,250,1340,2.9,270,1347,0.8,661,230,-11.1,28,1400,52.5,2.6,1025.2,1027.6,0948,1023.7,0007,1026.0,9.8,8.0,1200,1.95,11.15,,,,,,0.0,0.0,-1.8,-11.9,0.3,0.8,2.5,4.1,,,,,,1.2,1.7,,,,2022,12,51,353,0,0,0,0
257,양산시,2022-12-20,1.1,-4.7,0122,8.3,1456,,,,,,,6.4,270,1201,3.7,250,1253,1.3,1084,200,-7.1,30,1452,56.8,3.6,1024.8,1029.1,1012,1021.6,2319,1025.6,9.8,8.0,1200,1.96,11.16,,,,,,2.3,0.0,-0.8,-10.9,1.2,1.5,2.3,3.8,,,,,,1.6,2.3,,,,2022,12,51,354,0,0,0,0
257,양산시,2022-12-21,3.3,-0.3,0005,7.7,1545,,,,,,10.0,7.1,320,2040,3.2,290,2046,1.1,939,230,1.2,55,0433,87.5,6.9,1011.3,1022.3,0007,1007.6,2350,1012.1,9.8,0.9,1500,0.64,2.73,,,,,,6.9,4.3,2.2,-4.8,2.2,2.5,3.0,4.1,,,,,,0.5,0.7,,,,2022,12,51,355,0,0,0,1
257,양산시,2022-12-22,0.4,-3.8,2308,3.6,1103,,,,,,,13.2,270,1440,7.6,270,1445,3.1,2671,270,-7.9,29,1525,55.9,3.6,1006.6,1008.8,2008,1004.6,1506,1007.4,9.8,6.0,1300,1.62,9.64,,,,,,4.9,2.6,0.5,-6.1,2.2,2.6,3.3,4.5,,,,,,1.8,2.6,,,,2022,12,51,356,0,0,0,0
257,양산시,2022-12-23,-2.8,-5.3,0706,0.2,1428,,,,,,,17.0,290,1433,7.6,320,1441,4.2,3628,290,-14.6,29,1523,40.1,2.0,1008.9,1012.8,2326,1007.1,1516,1009.7,9.8,7.9,1200,1.92,10.84,,,,,,0.9,0.4,-2.1,-9.2,0.0,0.5,2.3,3.8,,,,,,1.8,2.6,,,,2022,12,51,357,0,0,0,0
257,양산시,2022-12-24,-1.2,-5.7,0706,4.3,1550,,,,,,,7.9,360,0011,4.6,290,0046,1.6,1410,200,-11.3,32,1351,46.9,2.6,1015.9,1018.9,2322,1012.6,0001,1016.7,9.8,8.0,1200,1.95,11.24,,,,,,0.6,0.0,-2.0,-9.1,-0.2,0.1,1.6,3.1,,,,,,1.4,1.9,,,,2022,12,51,358,0,0,0,0
257,양산시,2022-12-25,1.1,-5.2,0615,8.4,1507,,,,,,,12.2,320,1705,5.8,320,1712,2.2,1875,200,-10.4,18,1510,44.9,2.8,1019.5,1022.6,2332,1018.0,1352,1020.3,9.8,8.0,1200,2.0,11.59,,,,,,0.0,0.0,-1.5,-10.1,0.2,0.4,1.4,2.9,,,,,,2.0,2.8,,,,2022,12,51,359,0,0,0,0
257,양산시,2022-12-26,1.3,-3.7,0333,9.1,1516,,,,,,,6.1,290,1400,3.4,200,0940,1.5,1265,200,-9.7,19,1429,48.1,3.0,1022.6,1025.3,2344,1021.9,1423,1023.4,9.8,7.0,1100,1.64,9.72,,,,,,1.5,0.6,-0.9,-10.2,0.2,0.4,1.4,2.8,,,,,,1.5,2.1,,,,2022,12,52,360,0,0,0,0
257,양산시,2022-12-27,1.6,-4.7,0624,10.3,1503,,,,,,,5.4,320,1620,3.2,320,1632,1.0,840,180,-9.7,19,1423,47.0,3.0,1025.7,1028.0,0826,1024.5,1501,1026.5,9.8,7.9,1200,1.97,11.29,,,,,,0.0,0.0,-1.0,-10.8,0.6,0.7,1.4,2.8,,,,,,1.8,2.6,,,,2022,12,52,361,0,0,0,0
257,양산시,2022-12-28,2.2,-3.5,0644,8.3,1448,,,,,,,6.6,20,1851,3.6,50,1858,1.5,1330,230,-6.9,35,1357,52.5,3.6,1027.0,1030.6,2338,1025.3,1416,1027.8,9.8,6.9,1200,1.75,9.11,,,,,,2.8,0.9,-0.6,-8.5,0.8,1.0,1.5,2.8,,,,,,1.6,2.3,,,,2022,12,52,362,0,0,0,0
257,양산시,2022-12-29,1.7,-2.1,0721,6.6,1403,,,,,,,7.5,290,0339,4.1,290,1418,1.6,1393,200,-8.6,33,1257,46.9,3.2,1030.1,1032.4,2022,1029.1,1338,1030.9,9.8,7.9,1200,1.94,11.19,,,,,,3.0,0.0,-0.7,-7.8,1.0,1.2,1.5,2.8,,,,,,1.6,2.3,,,,2022,12,52,363,0,0,0,0
257,양산시,2022-12-30,1.3,-2.6,0722,7.0,1529,,,,,,,7.0,320,1245,3.7,320,1218,1.2,1000,200,-5.9,38,1517,60.3,3.9,1029.9,1032.7,0946,1028.7,1414,1030.7,9.8,7.8,1200,1.93,10.31,,,,,,1.8,0.3,-0.6,-7.9,0.9,1.2,1.6,2.9,,,,,,1.3,1.9,,,,2022,12,52,364,0,0,0,0
257,양산시,2022-12-31,2.6,-2.3,0429,8.0,1417,,,,,,,9.0,270,1239,4.7,290,1259,1.7,1493,290,-6.8,33,1406,51.3,3.7,1028.2,1030.7,0948,1027.2,1446,1029.0,9.8,8.0,1200,1.94,11.23,,,,,,0.8,0.0,-0.5,-8.5,1.2,1.4,1.6,2.9,,,,,,1.8,2.6,,,,2022,12,52,365,0,0,0,0
257,양산시,2023-01-01,2.9,-1.9,523,9.5,1505,,,,,,,6.2,296,1429,3.6,270,1431,1.5,132120,230,-6.3,32.0,2329.0,53.0,3.9,1027.6,1030.2,951,1025.9,1544,1028.4,9.7,7.8,1300.0,1.78,9.86,,,,,,2.5,1.1,-0.1,-7.7,1.4,1.6,1.7,2.9,,,,,,,,,,,2023,1,52,1,0,0,0,0
257,양산시,2023-01-02,3.5,-0.3,2253,7.3,1510,,,,,,,8.1,300,1523,5.1,320,1335,2.6,222840,290,-18.2,10.0,1321.0,20.0,1.5,1027.5,1030.2,1000,1025.8,1514,1028.3,9.7,7.4,1300.0,2.05,11.59,,,,,,4.1,1.9,-0.1,-6.3,1.8,2.0,1.9,3.1,,,,,,,,,,,2023,1,1,2,0,0,0,0
257,양산시,2023-01-03,2.3,-1.7,2141,7.7,1508,,,,,,,8.8,328,1157,4.9,320,1204,2.1,185400,290,-15.5,14.0,1335.0,27.0,1.9,1026.2,1028.4,1019,1025.1,1452,1027.0,9.7,8.0,1300.0,2.11,12.24,,,,,,1.3,0.1,-1.1,-9.4,1.4,1.6,1.8,3.1,,,,,,,,,,,2023,1,1,3,0,0,0,0
257,양산시,2023-01-04,2.5,-2.4,233,9.0,1503,,,,,,,10.0,33,507,6.4,320,508,1.9,166320,320,-9.5,22.0,442.0,42.0,3.1,1028.1,1030.6,2301,1027.2,1502,1028.9,9.7,8.0,1300.0,1.95,11.18,,,,,,0.3,0.0,-0.7,-8.6,1.2,1.4,1.6,2.9,,,,,,,,,,,2023,1,1,4,0,0,0,0
257,양산시,2023-01-05,2.5,-2.3,624,9.4,1421,,,,,,,6.5,290,1435,3.8,290,1436,1.4,1224,230,-5.3,35.0,1527.0,58.3,4.1,1028.6,1031.8,1040,1027.5,1413,1029.4,9.9,7.1,1200.0,1.57,8.98,,,,,,4.1,0.0,0.2,-7.7,1.3,1.5,1.7,2.8,,,,,,1.3,1.9,,,,2023,1,1,5,0,0,0,0
257,양산시,2023-01-06,2.9,-2.8,714,11.1,1528,,,,,,,5.4,270,1406,3.3,250,1413,1.2,1048,230,-5.5,18.0,1620.0,58.8,4.1,1021.3,1028.0,1,1016.1,2400,1022.1,9.9,7.4,1200.0,1.91,10.9,,,,,,3.0,1.4,0.9,-8.6,2.3,2.4,2.0,3.0,,,,,,1.7,2.5,,,,2023,1,1,6,0,0,0,0
257,양산시,2023-01-07,4.9,-0.6,2252,9.9,1447,,,,,,0.0,11.4,340,1512,5.6,320,1519,1.9,1631,320,-4.2,29.0,1500.0,53.4,4.5,1017.2,1022.9,2319,1013.9,413,1018.0,9.9,6.5,1300.0,1.58,8.89,,,,,,1.6,0.9,1.5,-7.4,2.5,2.7,2.5,3.4,,,,,,1.6,2.3,,,,2023,1,1,7,0,0,0,0
257,양산시,2023-01-08,3.5,-1.4,321,12.5,1433,,,,,,,6.3,230,1514,3.7,200,3,1.7,1466,200,-5.8,21.0,1420.0,54.4,4.0,1023.5,1026.5,1008,1022.3,1422,1024.3,9.9,7.9,1200.0,2.01,11.63,,,,,,0.1,0.0,0.9,-8.2,2.6,2.8,2.5,3.6,,,,,,1.9,2.7,,,,2023,1,1,8,0,0,0,0
257,양산시,2023-01-09,6.3,-2.0,436,15.3,1330,,,,,,,6.4,270,1342,4.2,270,1344,1.5,1276,200,-1.6,42.0,2041.0,58.8,5.6,1021.6,1025.3,2354,1019.1,1438,1022.4,9.9,7.9,1200.0,1.72,9.97,,,,,,1.6,0.0,2.4,-6.7,3.4,3.5,2.9,3.8,,,,,,1.8,2.6,,,,2023,1,2,9,0,0,0,0
257,양산시,2023-01-10,5.0,-1.4,630,13.4,1350,,,,,,,4.6,270,1358,2.9,230,1615,0.9,775,230,-0.8,40.0,1331.0,69.0,5.8,1026.7,1029.7,858,1025.2,1,1027.5,9.9,7.8,1200.0,1.96,11.35,,,,,,2.1,0.5,2.5,-7.7,3.8,3.9,3.4,4.2,,,,,,1.6,2.3,,,,2023,1,2,10,0,0,0,0
257,양산시,2023-01-11,5.3,-0.8,520,14.8,1439,,,,,,,5.5,250,1308,3.2,250,1317,1.3,1116,200,-1.6,22.0,1617.0,67.1,5.5,1024.3,1027.1,1,1022.9,1619,1025.1,10.0,8.1,1200.0,1.92,11.25,,,,,,0.8,0.0,2.4,-6.7,4.0,4.1,3.7,4.5,,,,,,1.8,2.5,,,,2023,1,2,11,0,0,0,0
257,양산시,2023-01-12,8.2,-1.2,713,16.8,1340,,,,,,0.7,6.3,200,1425,4.4,200,1433,1.0,841,230,3.8,26.0,1242.0,76.1,8.4,1022.0,1025.5,1004,1019.7,2358,1022.8,10.0,7.7,1200.0,2.02,11.5,,,,,,2.3,1.5,4.4,-7.4,4.9,4.8,3.9,4.7,,,,,,1.6,2.3,,,,2023,1,2,12,0,0,0,0
257,양산시,2023-01-13,14.4,10.9,1,17.8,1619,,,,,,70.7,7.4,180,821,3.9,340,1039,0.8,717,250,14.3,96.0,1644.0,99.9,16.4,1010.9,1019.8,22,1007.3,1407,1011.6,10.0,0.0,1400.0,0.35,1.67,,,,,,8.5,5.3,11.8,9.6,10.3,9.9,7.9,7.7,,,,,,0.4,0.6,,,,2023,1,2,13,0,0,1,1
257,양산시,2023-01-14,10.8,8.5,2253,14.2,136,,,,,,0.1,10.7,50,1108,5.3,50,1557,3.6,3127,70,9.0,80.0,1138.0,89.1,11.6,1011.6,1015.7,2234,1009.2,448,1012.4,10.0,0.0,1000.0,0.37,1.67,,,,,,7.1,5.4,10.1,7.6,9.8,9.9,9.0,9.2,,,,,,0.7,1.0,,,,2023,1,2,14,0,0,1,0
257,양산시,2023-01-15,6.8,2.7,2336,8.7,18,,,,,,1.0,8.4,70,33,4.6,320,2227,2.0,1729,70,4.3,63.0,2350.0,84.6,8.5,1014.1,1016.1,929,1012.4,1410,1014.9,10.0,0.0,1400.0,0.27,1.14,,,,,,6.4,4.1,7.0,-0.5,7.4,7.8,7.8,8.5,,,,,,0.6,0.9,,,,2023,1,2,15,0,0,0,1
257,양산시,2023-01-16,1.9,-1.3,2348,7.1,1354,,,,,,,7.7,250,59,4.0,320,105,2.0,1763,290,-7.5,32.0,1704.0,50.8,3.5,1020.3,1024.4,2225,1016.0,17,1021.1,10.1,8.3,1200.0,2.11,12.41,,,,,,0.9,0.6,2.4,-6.8,4.4,4.9,5.7,6.9,,,,,,1.6,2.3,,,,2023,1,3,16,0,0,0,0
257,양산시,2023-01-17,1.5,-3.0,729,7.7,1436,,,,,,,8.4,320,1548,4.9,320,1557,1.7,1455,200,-10.5,18.0,1602.0,42.8,2.8,1023.2,1025.9,427,1021.1,1414,1024.0,10.1,7.1,1100.0,1.7,10.69,,,,,,2.3,0.8,1.8,-6.9,2.8,3.2,4.1,5.6,,,,,,1.6,2.3,,,,2023,1,3,17,0,0,0,0
257,양산시,2023-01-18,2.6,-1.1,227,7.4,1324,,,,,,,7.8,270,1515,4.4,290,1522,1.6,1424,320,-5.2,39.0,1242.0,58.0,4.1,1024.0,1026.8,927,1022.8,1440,1024.8,10.1,8.1,1200.0,1.94,11.35,,,,,,1.4,0.1,1.7,-7.1,2.8,3.2,3.7,4.9,,,,,,1.5,2.2,,,,2023,1,3,18,0,0,0,0
257,양산시,2023-01-19,1.9,-2.4,609,7.9,1417,,,,,,,6.2,200,1212,3.7,250,1457,1.7,1493,200,-5.2,33.0,1509.0,62.1,4.2,1022.9,1025.9,850,1021.4,1536,1023.7,10.1,8.3,1200.0,2.12,12.67,,,,,,0.9,0.0,1.4,-8.7,2.7,3.1,3.4,4.6,,,,,,1.8,2.6,,,,2023,1,3,19,0,0,0,0
257,양산시,2023-01-20,2.6,-2.2,2347,8.4,1305,,,,,,,11.3,50,1333,7.1,270,1102,2.9,2471,270,-10.1,18.0,1802.0,42.9,3.1,1023.7,1029.0,2127,1021.4,1300,1024.5,10.1,8.6,1200.0,2.05,12.1,,,,,,1.0,1.0,1.4,-8.8,2.7,3.1,3.4,4.5,,,,,,2.4,3.5,,,,2023,1,3,20,0,0,0,0
257,양산시,2023-01-21,-0.5,-6.3,739,6.6,1449,,,,,,,4.7,250,1341,3.0,360,1501,1.2,1012,250,-15.0,11.0,1441.0,35.3,2.0,1028.2,1030.6,945,1027.2,1632,1029.0,10.2,8.6,1200.0,2.28,13.81,,,,,,1.1,0.0,-0.6,-12.0,1.5,1.9,2.6,4.0,,,,,,2.0,2.9,,,,2023,1,3,21,0,0,0,0
257,양산시,2023-01-22,2.5,-3.3,401,8.6,1355,,,,,,,5.5,50,1437,3.1,50,1339,1.0,833,50,-7.2,33.0,218.0,49.9,3.7,1024.6,1028.8,12,1022.7,2337,1025.4,10.2,0.2,1300.0,1.03,5.35,,,,,,8.6,4.9,1.4,-8.9,1.8,2.1,2.4,3.6,,,,,,0.9,1.2,,,,2023,1,3,22,0,0,0,0
257,양산시,2023-01-23,5.0,-2.1,745,12.6,1524,,,,,,,6.9,320,2400,3.7,320,2322,0.6,560,320,-4.4,22.0,1512.0,55.6,4.5,1019.3,1023.4,328,1016.8,1539,1020.1,10.2,7.1,1200.0,2.13,12.5,,,,,,4.1,0.3,2.8,-7.9,3.7,3.8,3.2,4.0,,,,,,2.2,3.1,,,,2023,1,4,23,0,0,0,0
257,양산시,2023-01-24,-4.8,-9.5,2343,5.8,1,,,,,,,19.4,270,1522,8.8,320,1120,5.0,4291,320,-20.2,20.0,1424.0,29.6,1.4,1022.0,1028.3,2259,1017.3,346,1022.8,10.2,8.8,1200.0,2.35,14.23,,,,,,3.8,0.6,-1.5,-12.3,1.2,1.9,2.9,4.2,,,,,,1.9,2.7,,,,2023,1,4,24,0,0,0,0
257,양산시,2023-01-25,-5.6,-10.6,626,0.4,1525,,,,,,,8.0,320,441,5.0,320,1213,2.2,1929,270,-22.4,14.0,1435.0,26.8,1.0,1027.2,1031.0,848,1025.4,2349,1028.0,10.3,8.8,1200.0,2.37,14.49,,,,,,0.1,0.0,-4.0,-14.8,-0.8,-0.3,1.2,2.8,,,,,,1.9,2.7,,,,2023,1,4,25,0,0,0,0
257,양산시,2023-01-26,-1.2,-8.3,619,4.7,1430,,,,,,,4.9,250,2345,3.0,230,1217,1.0,823,200,-11.7,28.0,15.0,44.8,2.7,1022.7,1027.2,118,1019.5,2210,1023.5,10.3,0.4,1300.0,1.16,5.87,,,,,,7.6,3.9,-1.3,-14.0,-0.5,-0.1,0.8,2.2,,,,,,1.0,1.5,,,,2023,1,4,26,0,0,0,0
257,양산시,2023-01-27,-0.1,-4.2,2345,3.4,1340,,,,,,,15.5,340,1429,7.6,360,2400,3.4,2932,320,-15.8,17.0,1258.0,30.9,1.9,1018.1,1020.9,2049,1016.0,1243,1018.9,10.3,8.8,1200.0,2.33,14.08,,,,,,2.4,0.8,-0.2,-6.8,0.5,0.6,1.0,2.2,,,,,,2.7,3.8,,,,2023,1,4,27,0,0,0,0
257,양산시,2023-01-28,-1.8,-6.2,529,2.3,1402,,,,,,,14.7,340,911,8.5,320,930,2.8,2395,290,-14.7,18.0,1103.0,39.3,2.1,1020.1,1023.2,943,1019.6,1426,1020.9,10.3,8.8,1200.0,2.31,14.07,,,,,,1.3,0.0,-1.4,-9.8,-0.2,0.1,0.9,2.2,,,,,,1.7,2.4,,,,2023,1,4,28,0,0,0,0
257,양산시,2023-01-29,1.0,-5.3,802,7.4,1513,,,,,,,8.4,270,1530,5.2,270,1531,1.3,1132,230,-7.6,30.0,1521.0,54.1,3.4,1018.9,1022.6,937,1017.5,1637,1019.7,10.4,8.7,1200.0,2.28,14.04,,,,,,0.3,0.3,-0.3,-11.6,0.3,0.4,0.9,2.1,,,,,,1.9,2.7,,,,2023,1,4,29,0,0,0,0
257,양산시,2023-01-30,2.2,-2.5,2331,7.8,1424,,,,,,,8.9,320,525,4.6,290,1456,1.8,1571,290,-12.3,16.0,1416.0,36.5,2.5,1020.9,1024.0,1008,1017.8,38,1021.7,10.4,8.8,1200.0,2.36,14.55,,,,,,0.0,0.0,0.6,-9.6,1.4,1.5,1.2,2.3,,,,,,2.2,3.1,,,,2023,1,5,30,0,0,0,0
257,양산시,2023-01-31,2.2,-5.3,636,10.6,1518,,,,,,,7.9,200,1502,5.1,200,1432,1.6,1386,200,-8.4,20.0,1137.0,50.1,3.3,1018.9,1023.3,214,1016.8,1609,1019.7,10.4,8.9,1200.0,2.24,13.98,,,,,,0.1,0.1,0.6,-11.4,1.1,1.3,1.3,2.5,,,,,,2.3,3.3,,,,2023,1,5,31,0,0,0,0
257,양산시,2023-02-01,7.2,-1.2,37,15.3,1459,,,,,,,10.0,320,1451,6.0,290,1509,2.9,2531,200,-5.8,15.0,1501.0,46.5,4.3,1015.4,1021.5,2400,1011.8,1435,1016.2,10.5,6.7,1200.0,1.98,11.29,,,,,,6.1,0.0,3.4,-6.7,3.5,3.4,2.5,3.1,,,,,,2.9,4.2,,,,2023,2,5,32,1,0,0,0
257,양산시,2023-02-02,3.6,-1.5,731,9.5,1422,,,,,,,5.3,320,1302,3.1,290,1305,1.0,831,180,-7.3,25.0,1613.0,45.6,3.6,1023.1,1026.0,947,1021.5,1,1023.9,10.5,7.9,1200.0,2.01,11.81,,,,,,5.9,1.5,2.8,-7.0,3.1,3.4,3.1,3.9,,,,,,1.6,2.4,,,,2023,2,5,33,1,0,0,0
257,양산시,2023-02-03,3.9,-0.4,200,10.6,1452,,,,,,,4.3,50,7,2.8,50,422,0.8,716,20,-6.6,32.0,1241.0,47.1,3.8,1019.9,1022.9,2,1018.4,1709,1020.7,10.5,3.1,1300.0,1.46,8.97,,,,,,5.4,3.8,3.2,-7.2,3.5,3.6,3.4,4.1,,,,,,1.5,2.2,,,,2023,2,5,34,1,0,0,0
257,양산시,2023-02-04,2.8,-2.0,2337,8.7,1541,,,,,,,7.3,320,1058,4.4,290,1230,1.6,1378,320,-11.9,19.0,942.0,35.4,2.5,1022.3,1025.4,2250,1020.2,1,1023.1,10.6,8.8,1300.0,1.96,13.14,,,,,,0.8,0.0,2.1,-9.6,2.6,2.9,3.0,4.0,,,,,,2.0,2.8,,,,2023,2,5,35,1,0,0,0
257,양산시,2023-02-05,2.8,-4.3,707,12.0,1516,,,,,,,6.1,340,1211,3.9,200,1735,1.3,1150,230,-8.6,13.0,1328.0,49.4,3.3,1023.3,1026.1,734,1021.6,1637,1024.1,10.6,9.0,1200.0,2.4,15.36,,,,,,0.0,0.0,2.2,-11.5,2.6,2.9,2.6,3.6,,,,,,2.6,3.7,,,,2023,2,5,36,1,0,0,0
257,양산시,2023-02-06,4.7,-3.9,419,12.9,1420,,,,,,,4.6,50,2318,2.7,250,1136,0.4,336,50,-8.1,12.0,1429.0,45.0,3.4,1020.5,1024.3,718,1018.3,1719,1021.3,10.6,6.2,1300.0,2.16,10.84,,,,,,5.6,3.3,2.5,-10.7,3.0,3.2,2.7,3.6,,,,,,1.4,2.0,,,,2023,2,6,37,1,0,0,0
257,양산시,2023-02-07,7.4,0.4,650,15.7,1343,,,,,,,9.1,110,1909,4.4,110,1818,1.6,1363,50,0.3,33.0,1457.0,63.4,6.3,1018.5,1021.2,2255,1017.1,1440,1019.3,10.6,7.1,1300.0,2.14,11.83,,,,,,4.0,0.1,5.2,-5.8,5.1,5.1,4.0,4.5,,,,,,2.0,2.8,,,,2023,2,6,38,1,0,0,0
257,양산시,2023-02-08,6.7,0.2,714,14.7,1528,,,,,,,8.3,340,1401,4.1,320,1335,1.3,1145,320,-4.7,15.0,1800.0,55.3,4.7,1023.3,1027.0,2353,1021.0,11,1024.1,10.7,9.0,1300.0,2.22,14.28,,,,,,2.5,0.0,4.7,-6.2,5.1,5.3,4.7,5.3,,,,,,2.7,3.9,,,,2023,2,6,39,1,0,0,0
257,양산시,2023-02-09,6.6,-0.8,504,13.3,1203,,,,,,3.4,13.1,110,1558,5.1,110,1622,2.2,1941,70,-1.7,41.0,1109.0,57.0,5.7,1025.8,1030.2,908,1021.8,2356,1026.6,10.7,3.5,1100.0,1.96,8.11,,,,,,7.6,4.9,4.3,-7.6,4.1,4.3,4.3,5.1,,,,,,1.5,2.2,,,,2023,2,6,40,1,0,0,1
257,양산시,2023-02-10,5.8,1.7,2348,12.2,1522,,,,,,24.9,9.4,50,49,4.8,70,49,2.2,1915,50,2.8,53.0,1525.0,83.4,7.5,1017.7,1021.8,5,1015.7,1345,1018.5,10.8,5.4,1200.0,2.45,11.61,,,,,,5.9,2.4,6.6,-4.1,6.3,6.4,5.4,5.8,,,,,,1.5,2.1,,,,2023,2,6,41,1,0,0,1
257,양산시,2023-02-11,5.7,-0.2,714,12.6,1429,,,,,,,3.8,20,544,2.3,50,546,0.3,273,320,1.4,50.0,1431.0,76.9,6.8,1021.9,1024.2,2222,1021.2,533,1022.7,10.8,2.7,1300.0,1.51,8.91,,,,,,5.4,2.5,4.7,-4.9,5.1,5.3,5.1,5.8,,,,,,1.1,1.5,,,,2023,2,6,42,1,0,0,0
257,양산시,2023-02-12,6.9,-0.1,644,13.3,1423,,,,,,0.3,9.8,50,2148,4.9,50,2242,2.0,1760,70,1.8,30.0,1423.0,74.6,7.0,1019.5,1024.0,20,1016.3,1831,1020.3,10.8,2.4,1200.0,1.45,7.86,,,,,,7.3,1.9,4.5,-5.6,5.0,5.2,5.1,5.9,,,,,,1.4,2.1,,,,2023,2,6,43,1,0,0,0
257,양산시,2023-02-13,7.8,5.7,2346,10.0,1430,,,,,,0.4,13.8,50,923,6.8,50,857,3.8,3325,70,3.1,53.0,1431.0,73.0,7.7,1015.6,1018.8,2241,1014.3,559,1016.4,10.9,0.2,1400.0,1.09,4.91,,,,,,5.0,4.9,7.2,3.2,6.8,6.9,6.1,6.6,,,,,,1.2,1.7,,,,2023,2,7,44,1,0,0,0
257,양산시,2023-02-14,6.3,1.9,725,12.7,1523,,,,,,,10.5,50,1747,5.3,50,1722,1.9,1626,70,-0.6,31.0,1447.0,64.4,5.9,1020.1,1024.7,2359,1018.3,6,1020.9,10.9,6.3,1100.0,2.13,13.46,,,,,,6.9,3.8,7.1,-3.3,6.6,6.6,6.0,6.6,,,,,,2.2,3.1,,,,2023,2,7,45,1,0,0,0
257,양산시,2023-02-15,4.4,2.8,554,8.2,1155,,,,,,0.0,9.7,70,124,5.0,50,239,3.4,2898,70,-0.9,51.0,1242.0,68.6,5.7,1028.0,1031.9,2315,1024.5,15,1028.8,10.9,2.6,1100.0,1.96,9.68,,,,,,7.0,4.8,4.4,0.1,5.2,5.6,5.8,6.6,,,,,,1.4,2.0,,,,2023,2,7,46,1,0,0,0
257,양산시,2023-02-16,5.7,1.7,2344,10.5,1253,,,,,,,6.6,70,22,3.6,50,28,1.4,1229,50,1.0,46.0,1259.0,73.0,6.6,1029.3,1032.0,857,1028.3,2306,1030.1,10.9,0.9,1100.0,1.35,7.49,,,,,,3.9,2.8,5.1,-4.2,5.4,5.7,5.7,6.5,,,,,,1.0,1.5,,,,2023,2,7,47,1,0,0,0
257,양산시,2023-02-17,5.8,0.0,627,10.9,1604,,,,,,0.0,3.2,200,1546,2.6,250,1541,0.5,391,180,0.1,26.0,1600.0,72.0,6.2,1026.2,1029.6,906,1025.2,1549,1027.0,11.0,1.3,1000.0,1.24,6.39,,,,,,7.4,5.1,4.6,-5.8,4.9,5.1,5.3,6.2,,,,,,1.0,1.4,,,,2023,2,7,48,1,0,0,0
257,양산시,2023-02-18,8.3,5.3,220,11.7,1221,,,,,,2.6,4.6,250,1200,3.0,230,1209,1.0,831,200,7.7,74.0,119.0,96.3,10.5,1018.6,1025.4,17,1014.9,2354,1019.4,11.0,0.0,1100.0,1.11,4.29,,,,,,8.1,5.8,8.0,4.9,7.4,7.4,6.6,7.0,,,,,,0.6,0.9,,,,2023,2,7,49,1,0,0,1
257,양산시,2023-02-19,10.0,4.4,2358,14.8,1507,,,,,,1.0,11.5,50,2242,6.1,270,1153,2.5,2200,290,1.0,21.0,2250.0,58.9,7.3,1014.9,1020.5,2343,1012.8,456,1015.7,11.0,6.1,1300.0,2.37,13.0,,,,,,4.1,2.0,10.1,-0.8,9.4,9.3,7.9,8.1,,,,,,3.4,4.9,,,,2023,2,7,50,1,0,1,1
257,양산시,2023-02-20,5.1,0.7,724,10.2,1318,,,,,,,11.8,20,240,6.2,20,1823,3.2,2777,20,-12.0,12.0,1924.0,28.3,2.5,1022.8,1028.1,2357,1020.5,1,1023.6,11.1,7.9,1100.0,2.48,14.11,,,,,,0.9,0.6,2.6,-4.6,4.8,5.4,6.3,7.3,,,,,,2.8,4.0,,,,2023,2,8,51,1,0,0,0
257,양산시,2023-02-21,3.0,-3.1,713,9.3,1501,,,,,,,8.2,110,1800,4.2,140,1650,2.0,1767,50,-9.3,19.0,1221.0,42.3,3.1,1031.8,1034.5,2238,1028.1,1,1032.6,11.1,9.7,1200.0,2.74,17.83,,,,,,1.3,0.0,4.1,-8.5,4.4,4.8,5.0,6.1,,,,,,2.7,3.8,,,,2023,2,8,52,1,0,0,0
257,양산시,2023-02-22,5.5,-2.1,626,11.9,1350,,,,,,,6.1,250,1414,3.3,230,1310,1.4,1183,200,-2.8,29.0,1302.0,57.9,5.0,1028.5,1034.4,17,1024.6,2327,1029.3,11.2,7.9,1200.0,2.69,16.4,,,,,,5.3,1.8,5.8,-8.2,5.3,5.6,5.2,5.9,,,,,,2.3,3.3,,,,2023,2,8,53,1,0,0,0
257,양산시,2023-02-23,8.9,4.3,626,15.7,1515,,,,,,0.1,6.9,200,1631,4.4,200,1637,1.4,1208,270,0.5,23.0,1545.0,59.5,6.4,1020.8,1024.8,20,1019.3,1450,1021.6,11.2,8.6,1200.0,2.66,17.03,,,,,,5.0,1.4,8.8,0.0,8.1,8.2,6.8,7.2,,,,,,3.0,4.3,,,,2023,2,8,54,1,0,0,0
257,양산시,2023-02-24,9.4,4.5,2328,15.6,1528,,,,,,,9.3,360,1618,5.0,360,1624,2.0,1696,50,-5.6,16.0,1222.0,37.3,4.2,1020.6,1024.9,2319,1019.4,331,1021.4,11.2,8.0,1300.0,2.53,14.91,,,,,,4.6,3.9,8.9,-1.5,8.5,8.6,7.5,7.9,,,,,,3.2,4.6,,,,2023,2,8,55,1,0,0,0
257,양산시,2023-02-25,5.2,-0.3,514,11.0,1259,,,,,,,6.9,340,1735,4.2,340,1605,1.4,1232,200,-6.3,21.0,1502.0,47.8,3.9,1028.0,1033.2,2355,1024.9,1,1028.8,11.3,9.8,1200.0,2.75,18.17,,,,,,0.9,0.0,5.7,-7.4,6.3,6.7,6.7,7.5,,,,,,2.7,3.8,,,,2023,2,8,56,1,0,0,0
257,양산시,2023-02-26,4.7,-2.3,631,12.8,1507,,,,,,,6.8,230,1557,4.2,230,1600,1.0,849,250,-7.2,19.0,1519.0,45.5,3.6,1034.3,1036.8,851,1033.1,1521,1035.1,11.3,9.8,1200.0,2.75,18.21,,,,,,0.0,0.0,5.5,-9.4,5.8,6.2,6.2,7.0,,,,,,2.6,3.8,,,,2023,2,8,57,1,0,0,0
257,양산시,2023-02-27,5.9,-1.6,546,15.3,1405,,,,,,,8.1,230,1514,5.4,200,1524,1.4,1223,200,-3.4,21.0,1318.0,57.8,4.8,1032.5,1036.2,803,1030.9,2358,1033.3,11.3,9.8,1200.0,2.8,18.93,,,,,,0.0,0.0,5.7,-8.4,6.0,6.4,6.2,6.9,,,,,,3.3,4.7,,,,2023,2,9,58,1,0,0,0
257,양산시,2023-02-28,8.5,0.4,626,16.9,1503,,,,,,,10.1,200,1330,6.0,230,1632,2.9,2499,230,-0.1,28.0,1158.0,58.6,6.2,1025.8,1030.9,1,1023.4,2334,1026.6,11.4,9.8,1200.0,2.79,18.68,,,,,,1.4,0.0,7.3,-6.3,7.1,7.3,6.5,7.1,,,,,,3.3,4.7,,,,2023,2,9,59,1,0,0,0
257,양산시,2023-03-01,9.4,6.0,101,13.5,1456,,,,,,0.6,10.6,320,2237,5.1,320,2034,1.6,1401,230,3.3,27.0,2342.0,69.0,8.3,1019.0,1023.5,1,1015.4,1715,1019.8,11.4,0.2,1400.0,0.92,4.93,,,,,,6.8,3.4,8.1,0.2,7.9,8.0,7.4,8.0,,,,,,1.7,2.4,,,,2023,3,9,60,1,0,0,0
257,양산시,2023-03-02,5.6,0.5,2353,10.8,1553,,,,,,,10.2,290,928,4.7,340,957,1.9,1619,320,-12.0,14.0,1449.0,29.3,2.5,1024.4,1027.2,2248,1021.5,1,1025.2,11.5,9.9,1200.0,2.89,19.53,,,,,,0.0,0.0,6.0,-7.1,6.6,7.0,6.9,7.6,,,,,,3.2,4.5,,,,2023,3,9,61,1,1,0,0
257,양산시,2023-03-03,7.2,-0.3,113,15.7,1455,,,,,,,7.2,270,1433,4.3,270,1236,1.4,1252,230,-8.4,16.0,1330.0,34.5,3.3,1025.4,1028.2,913,1023.4,1629,1026.2,11.5,9.7,1200.0,2.85,19.11,,,,,,0.8,0.0,6.4,-7.4,6.3,6.7,6.4,7.2,,,,,,3.3,4.7,,,,2023,3,9,62,1,1,0,0
257,양산시,2023-03-04,9.2,1.0,642,18.1,1458,,,,,,,9.8,110,1724,4.6,140,1519,1.6,1362,70,-0.9,25.0,1416.0,52.0,5.8,1026.5,1028.7,2222,1025.1,1455,1027.3,11.5,5.5,1200.0,2.52,14.32,,,,,,4.3,0.3,9.3,-5.0,8.3,8.2,7.2,7.7,,,,,,2.7,3.8,,,,2023,3,9,63,1,1,0,0
257,양산시,2023-03-05,8.8,2.3,709,17.4,1240,,,,,,,7.4,110,1646,3.7,140,1648,0.9,740,140,2.7,29.0,1318.0,68.4,7.4,1026.2,1029.6,835,1024.3,1628,1027.0,11.6,9.4,1200.0,2.84,18.57,,,,,,1.6,0.9,9.4,-3.8,9.0,9.2,8.1,8.5,,,,,,2.7,3.9,,,,2023,3,9,64,1,1,0,0
257,양산시,2023-03-06,9.9,2.7,645,18.5,1242,,,,,,,9.7,270,1243,5.7,200,1431,1.6,1422,200,2.1,21.0,1302.0,64.4,7.2,1022.3,1026.0,1,1020.0,1632,1023.1,11.6,9.8,1200.0,2.71,17.95,,,,,,0.0,0.0,9.7,-3.2,9.2,9.4,8.5,8.9,,,,,,3.4,4.8,,,,2023,3,10,65,1,1,0,0
257,양산시,2023-03-07,11.3,3.4,551,19.8,1415,,,,,,,10.1,200,1438,6.0,200,1340,2.0,1771,200,3.9,31.0,1223.0,64.0,8.2,1020.7,1023.6,902,1019.1,1634,1021.5,11.6,8.9,1200.0,2.49,16.28,,,,,,0.5,0.4,10.5,-3.0,9.8,9.9,8.9,9.2,,,,,,3.3,4.7,,,,2023,3,10,66,1,1,1,0
257,양산시,2023-03-08,12.8,4.9,504,20.1,1410,,,,,,,10.2,230,1327,6.3,230,1329,2.6,2227,230,4.3,24.0,1320.0,60.9,8.3,1019.6,1022.6,842,1018.6,1825,1020.4,11.7,9.3,1100.0,2.48,16.81,,,,,,2.4,0.0,11.4,-1.4,10.5,10.5,9.5,9.8,,,,,,3.7,5.2,,,,2023,3,10,67,1,1,1,0
257,양산시,2023-03-09,14.3,7.9,423,21.2,1326,,,,,,,10.4,230,1201,6.1,230,1347,2.2,1877,230,10.6,57.0,1506.0,79.8,12.9,1014.9,1019.3,1,1012.6,1447,1015.7,11.7,5.7,1300.0,2.34,13.13,,,,,,4.5,2.3,13.6,3.2,12.3,12.2,10.4,10.6,,,,,,2.2,3.2,,,,2023,3,10,68,1,0,1,0
257,양산시,2023-03-10,14.5,8.7,304,23.3,1344,,,,,,,7.0,250,1502,4.5,230,1551,1.3,1141,230,7.9,25.0,1342.0,70.3,10.7,1019.3,1022.1,2301,1017.2,1,1020.1,11.7,9.6,1200.0,2.75,18.41,,,,,,1.0,0.8,14.0,2.7,13.0,13.0,11.3,11.4,,,,,,3.4,4.9,,,,2023,3,10,69,1,0,1,0
257,양산시,2023-03-11,15.0,7.3,614,22.6,1349,,,,,,,8.0,200,1524,5.5,200,1531,2.3,1950,230,8.0,32.0,1419.0,67.8,10.8,1021.5,1023.9,928,1021.0,1442,1022.3,11.8,9.2,1300.0,2.42,16.78,,,,,,4.4,0.0,14.1,3.4,13.2,13.2,11.7,11.9,,,,,,3.2,4.6,,,,2023,3,10,70,1,0,1,0
257,양산시,2023-03-12,11.8,4.7,2355,18.1,944,,,,,,17.6,16.0,20,1620,7.5,290,1533,2.8,2441,230,7.8,41.0,2400.0,78.8,11.6,1017.4,1022.4,124,1012.6,1511,1018.2,11.8,1.1,900.0,1.42,5.67,,,,,,7.3,3.9,11.6,2.0,11.8,12.0,11.8,12.2,,,,,,1.7,2.4,,,,2023,3,10,71,1,1,1,1
257,양산시,2023-03-13,6.4,1.0,629,12.3,1514,,,,,,,13.1,320,230,5.9,290,4,2.4,2043,270,-9.0,17.0,1232.0,34.5,3.3,1021.0,1024.4,837,1019.3,1721,1021.8,11.9,10.1,1200.0,3.08,21.23,,,,,,1.8,0.8,7.5,-4.2,8.2,8.7,9.3,10.4,,,,,,3.3,4.7,,,,2023,3,11,72,1,1,0,0
257,양산시,2023-03-14,9.4,4.4,349,15.7,1434,,,,,,,8.8,230,1349,5.5,200,1338,2.4,2065,230,0.8,22.0,1227.0,58.3,6.6,1019.7,1021.7,842,1018.8,1534,1020.5,11.9,8.3,1200.0,3.03,19.6,,,,,,4.0,4.0,11.0,-0.9,10.4,10.5,9.7,10.2,,,,,,3.1,4.5,,,,2023,3,11,73,1,1,0,0
257,양산시,2023-03-15,12.7,3.6,325,19.1,1454,,,,,,0.0,11.4,230,1739,7.2,230,1730,3.2,2750,200,9.0,59.0,1037.0,79.0,11.9,1019.9,1022.2,842,1018.9,1455,1020.7,11.9,4.1,1400.0,2.16,12.49,,,,,,5.1,2.4,12.1,-2.0,11.0,10.9,10.0,10.5,,,,,,2.2,3.1,,,,2023,3,11,74,1,1,1,0
257,양산시,2023-03-16,13.0,9.2,2337,19.4,1430,,,,,,,7.5,230,1552,4.5,230,1608,1.9,1631,250,1.6,12.0,1413.0,55.9,7.7,1023.7,1026.6,949,1020.7,319,1024.5,12.0,7.7,1200.0,2.96,19.08,,,,,,6.6,2.3,14.2,5.5,13.4,13.3,11.6,11.7,,,,,,4.0,5.7,,,,2023,3,11,75,1,0,1,0
257,양산시,2023-03-17,10.9,8.8,607,15.3,1156,,,,,,,10.3,110,1647,4.5,110,1302,3.0,2605,50,2.6,40.0,1100.0,57.4,7.4,1021.8,1025.5,1,1019.0,2356,1022.6,12.0,3.3,1000.0,2.28,12.18,,,,,,9.0,5.3,10.6,5.9,11.1,11.4,11.2,11.7,,,,,,2.3,3.3,,,,2023,3,11,76,1,0,1,0
257,양산시,2023-03-18,11.4,7.2,2307,18.7,1421,,,,,,,7.3,230,1542,4.3,230,1534,1.3,1094,70,3.6,31.0,1402.0,60.9,7.9,1016.6,1019.0,1,1014.8,1534,1017.4,12.0,4.3,1300.0,3.01,15.4,,,,,,4.1,3.3,14.0,1.2,12.9,13.0,11.5,11.7,,,,,,2.6,3.7,,,,2023,3,11,77,1,0,1,0
257,양산시,2023-03-19,10.8,4.0,523,19.7,1448,,,,,,,8.0,250,1636,5.1,200,1617,1.2,1073,230,0.8,17.0,1423.0,57.4,6.6,1018.0,1021.3,921,1016.4,1609,1018.8,12.1,10.3,1200.0,3.09,21.4,,,,,,0.6,0.0,12.2,-2.0,11.9,12.2,11.4,11.8,,,,,,3.9,5.6,,,,2023,3,11,78,1,1,1,0
257,양산시,2023-03-20,11.6,3.2,606,18.7,1412,,,,,,,8.5,200,1425,5.1,230,1614,1.7,1458,200,3.2,24.0,1040.0,59.0,7.7,1015.0,1018.4,1,1013.2,1746,1015.8,12.1,9.6,1200.0,3.01,20.36,,,,,,3.5,0.0,12.1,-2.7,11.8,12.1,11.3,11.8,,,,,,3.6,5.1,,,,2023,3,12,79,1,1,1,0
257,양산시,2023-03-21,15.6,8.8,143,23.5,1349,,,,,,,8.9,160,1502,4.5,160,1446,1.9,1609,140,5.2,26.0,1309.0,53.5,9.2,1011.3,1015.1,2,1009.6,1526,1012.1,12.2,7.1,1200.0,2.94,16.53,,,,,,6.9,4.3,15.5,4.6,14.2,14.3,12.5,12.5,,,,,,3.8,5.5,,,,2023,3,12,80,1,0,1,0
257,양산시,2023-03-22,17.9,13.9,405,23.1,1328,,,,,,3.9,7.6,110,1957,3.6,20,733,1.8,1577,90,13.3,54.0,1329.0,76.5,15.4,1009.6,1012.7,1,1007.8,2349,1010.3,12.2,0.5,1300.0,1.79,9.89,,,,,,8.1,6.1,17.6,10.4,16.3,16.1,14.0,13.9,,,,,,1.7,2.5,,,,2023,3,12,81,1,0,1,1
257,양산시,2023-03-23,15.9,15.2,2339,16.9,1543,,,,,,43.1,9.9,50,1346,5.3,20,825,2.8,2398,50,14.7,79.0,1649.0,93.9,16.8,1004.8,1010.3,2315,1002.7,1117,1005.5,12.2,0.0,1200.0,0.72,3.35,,,,,,9.5,5.5,15.6,13.6,15.2,15.3,14.3,14.6,,,,,,0.8,1.2,,,,2023,3,12,82,1,0,1,1
257,양산시,2023-03-24,13.5,9.2,2125,16.5,1129,,,,,,1.5,11.0,110,1317,4.8,50,1204,3.0,2556,70,9.1,55.0,1314.0,76.3,11.8,1014.5,1019.3,2108,1009.9,8,1015.2,12.3,0.1,1100.0,1.48,7.67,,,,,,9.6,7.8,14.1,8.2,14.2,14.5,14.0,14.4,,,,,,1.8,2.6,,,,2023,3,12,83,1,0,1,1
257,양산시,2023-03-25,12.1,10.1,616,16.9,1504,,,,,,,10.0,50,925,5.2,50,735,2.8,2423,70,6.1,50.0,1622.0,67.5,9.4,1018.0,1021.1,935,1016.8,1708,1018.8,12.3,3.5,1200.0,2.05,14.27,,,,,,8.0,6.5,13.7,8.5,13.3,13.4,13.0,13.5,,,,,,2.3,3.3,,,,2023,3,12,84,1,0,1,0
257,양산시,2023-03-26,12.4,9.6,538,18.1,1314,,,,,,0.0,6.9,230,1412,4.5,230,1420,1.1,927,50,7.2,45.0,1307.0,72.5,10.2,1015.0,1018.2,2332,1013.3,1532,1015.8,12.3,2.6,1100.0,2.47,12.73,,,,,,7.3,5.3,13.3,5.9,13.3,13.6,13.1,13.5,,,,,,2.1,3.0,,,,2023,3,12,85,1,0,1,0
257,양산시,2023-03-27,11.5,7.0,649,18.4,1608,,,,,,,7.7,140,1701,4.3,140,1706,1.0,861,250,-1.9,11.0,1524.0,47.3,5.8,1019.1,1022.7,2359,1017.2,301,1019.9,12.4,9.9,1200.0,3.34,23.42,,,,,,2.0,0.3,13.6,1.6,13.5,13.9,13.1,13.5,,,,,,4.2,6.0,,,,2023,3,13,86,1,0,1,0
257,양산시,2023-03-28,11.5,3.6,617,19.2,1409,,,,,,,8.8,180,1640,5.4,200,1640,1.4,1228,230,1.6,22.0,1206.0,56.1,7.0,1022.5,1026.0,929,1021.2,1741,1023.3,12.4,10.4,1200.0,3.12,22.22,,,,,,0.1,0.0,12.8,-2.2,12.8,13.2,12.7,13.2,,,,,,3.8,5.4,,,,2023,3,13,87,1,1,1,0
257,양산시,2023-03-29,12.6,5.7,613,20.3,1255,,,,,,,6.3,250,1332,4.0,230,1425,1.2,1004,230,4.8,28.0,1233.0,62.5,8.6,1021.1,1023.7,744,1019.8,1644,1021.8,12.4,9.9,1200.0,2.57,18.65,,,,,,1.9,0.1,13.0,0.1,12.9,13.3,12.8,13.3,,,,,,3.1,4.5,,,,2023,3,13,88,1,0,1,0
257,양산시,2023-03-30,14.1,6.3,559,23.4,1353,,,,,,,7.7,200,1423,4.8,230,1426,1.3,1088,230,3.9,24.0,1652.0,56.0,8.2,1018.1,1021.6,1,1016.5,1702,1018.9,12.5,6.9,1100.0,2.48,16.01,,,,,,5.0,0.0,13.7,1.2,13.5,13.7,13.0,13.4,,,,,,3.1,4.5,,,,2023,3,13,89,1,0,1,0
257,양산시,2023-03-31,17.2,9.0,628,26.6,1315,,,,,,,10.2,110,1644,5.1,140,1547,1.8,1530,140,2.5,13.0,1153.0,43.3,7.5,1016.4,1018.7,724,1015.3,1418,1017.2,12.5,10.6,1200.0,3.16,22.69,,,,,,2.0,0.0,16.5,3.3,15.4,15.5,13.9,14.0,,,,,,5.7,8.2,,,,2023,3,13,90,1,0,1,0
257,양산시,2023-04-01,16.2,7.7,449,24.3,1343,,,,,,,11.8,110,1538,5.2,110,1428,2.0,1687,90,5.4,22.0,1503.0,53.0,9.0,1015.6,1017.8,144,1014.2,1611,1016.4,12.6,9.9,1100.0,2.86,20.84,,,,,,3.3,0.1,16.3,1.9,15.4,15.6,14.4,14.6,,,,,,4.9,7.1,,,,2023,4,13,91,1,0,1,0
257,양산시,2023-04-02,15.9,12.4,624,21.9,1243,,,,,,,13.8,110,1245,5.8,90,1533,3.8,3293,70,5.1,25.0,1119.0,52.0,8.9,1018.2,1022.2,2119,1016.5,245,1018.9,12.6,10.6,1200.0,3.22,23.36,,,,,,0.9,0.0,17.0,9.2,16.0,16.3,14.9,15.1,,,,,,5.4,7.7,,,,2023,4,13,92,1,0,1,0
257,양산시,2023-04-03,15.5,12.0,115,21.6,1425,,,,,,,11.6,50,1419,5.4,70,1350,3.2,2765,70,4.7,23.0,1437.0,52.1,8.7,1022.4,1024.7,1110,1020.6,313,1023.2,12.6,9.8,1200.0,3.18,22.92,,,,,,2.4,0.4,17.7,8.7,16.2,16.5,15.2,15.3,,,,,,5.1,7.2,,,,2023,4,14,93,1,0,1,0
257,양산시,2023-04-04,16.6,11.5,555,22.5,1314,0.2,,0.2,,,0.2,9.7,50,139,5.2,250,1503,2.4,2114,70,9.4,41.0,1304.0,64.0,11.9,1020.0,1024.2,1,1018.5,2337,1020.8,12.7,4.5,1200.0,3.04,16.6,,,,,,9.1,2.9,18.8,8.2,16.8,16.9,15.5,15.7,,,,,,3.0,4.4,,,,2023,4,14,94,1,0,1,0
257,양산시,2023-04-05,16.4,14.6,407,17.9,535,2.4,1552.0,11.1,1538.0,,42.6,15.2,250,1540,7.3,250,1603,3.7,3176,230,14.6,64.0,530.0,90.0,16.7,1011.6,1018.7,7,1008.3,2011,1012.3,12.7,0.0,1200.0,0.29,2.0,,,,,,9.8,7.3,15.3,13.4,15.3,15.6,15.3,15.8,,,,,,0.7,1.1,,,,2023,4,14,95,1,0,1,1
257,양산시,2023-04-06,14.4,11.8,636,19.1,1451,0.8,2350.0,3.2,2300.0,,3.2,9.4,230,1255,5.6,200,1252,3.3,2874,230,10.1,58.0,1351.0,76.3,12.4,1009.2,1011.4,823,1007.6,1605,1009.9,12.7,5.0,1100.0,2.87,16.36,,,,,,7.8,5.4,16.0,10.6,15.4,15.7,15.2,15.5,,,,,,2.8,4.0,,,,2023,4,14,96,1,0,1,1
257,양산시,2023-04-07,14.4,9.0,606,20.4,1648,0.9,2.0,2.1,3.0,,4.5,11.1,20,1413,5.2,320,1417,2.4,2060,290,3.2,24.0,1121.0,51.4,7.9,1011.1,1014.7,2352,1009.5,1636,1011.8,12.8,9.9,1200.0,3.2,22.28,,,,,,3.5,0.9,16.1,6.4,15.4,15.7,15.0,15.3,,,,,,5.1,7.3,,,,2023,4,14,97,1,0,1,1
257,양산시,2023-04-08,11.8,5.0,630,17.9,1558,,,,,,,11.9,290,401,5.6,320,1343,2.7,2342,320,-6.0,15.0,1430.0,29.5,4.0,1017.4,1020.5,948,1014.7,1,1018.1,12.8,11.1,1200.0,3.41,25.37,,,,,,0.6,0.3,12.8,-0.1,13.4,13.8,13.9,14.7,,,,,,5.2,7.4,,,,2023,4,14,98,1,0,1,0
257,양산시,2023-04-09,12.9,4.9,553,21.5,1440,,,,,,,9.7,230,1628,5.2,230,1644,2.2,1860,200,-1.6,16.0,1510.0,41.3,5.6,1018.0,1021.6,715,1015.9,1745,1018.8,12.8,11.0,1200.0,3.47,26.05,,,,,,0.0,0.0,14.3,-0.4,13.9,14.3,13.8,14.3,,,,,,5.6,8.1,,,,2023,4,14,99,1,0,1,0
257,양산시,2023-04-10,14.1,6.9,644,20.8,1433,,,,,,,10.3,200,1549,6.3,230,1125,3.1,2719,230,4.6,34.0,1412.0,56.3,8.6,1016.2,1019.1,651,1014.8,1637,1016.9,12.9,10.7,1200.0,3.22,23.99,,,,,,1.4,0.0,15.5,2.8,14.8,15.1,14.3,14.7,,,,,,4.7,6.7,,,,2023,4,15,100,1,0,1,0
257,양산시,2023-04-11,18.0,10.3,125,23.5,1216,0.0,,,,,0.0,15.7,250,1550,8.3,250,1433,4.2,3627,200,12.4,47.0,1217.0,71.1,14.6,1011.8,1016.6,24,1009.7,1527,1012.5,12.9,2.6,1000.0,2.52,13.08,,,,,,7.9,5.8,16.8,5.1,15.9,16.0,14.9,15.2,,,,,,4.1,5.9,,,,2023,4,15,101,1,0,1,0
257,양산시,2023-04-12,15.5,8.6,2400,22.4,1539,,,,,,,11.7,50,633,5.3,20,530,2.4,2098,320,-4.1,10.0,1102.0,31.4,5.0,1014.9,1018.5,2354,1011.3,14,1015.6,13.0,10.7,1200.0,3.35,25.43,,,,,,0.9,0.4,18.1,2.8,17.1,17.4,16.0,16.0,,,,,,6.3,9.0,,,,2023,4,15,102,1,0,1,0
257,양산시,2023-04-13,15.3,7.8,615,22.2,1320,,,,,,,9.2,230,1443,5.8,200,1450,2.1,1828,230,-2.1,13.0,1202.0,33.1,5.6,1016.5,1019.3,53,1014.5,1553,1017.3,13.0,10.2,1200.0,3.16,23.11,,,,,,2.6,0.9,17.5,0.4,16.0,16.4,15.6,15.9,,,,,,5.1,7.3,,,,2023,4,15,103,1,0,1,0
257,양산시,2023-04-14,14.0,8.2,602,19.5,1533,0.4,1930.0,1.0,1832.0,,2.4,6.4,20,2333,4.3,50,2340,1.0,887,200,10.2,48.0,815.0,79.4,12.9,1013.1,1017.0,32,1009.5,2351,1013.9,13.0,0.3,1300.0,1.12,6.47,,,,,,7.9,3.1,14.9,2.7,14.7,15.0,14.8,15.6,,,,,,1.1,1.5,,,,2023,4,15,104,1,0,1,1
257,양산시,2023-04-15,13.3,8.5,2356,17.4,1559,0.6,421.0,2.2,356.0,,3.4,8.0,360,1734,4.1,360,1743,1.4,1212,50,11.4,63.0,1735.0,89.4,13.6,1003.1,1009.9,3,1001.2,1617,1003.9,13.1,0.0,1500.0,0.69,4.94,,,,,,6.0,2.1,14.3,3.9,14.5,14.9,14.8,15.4,,,,,,0.9,1.3,,,,2023,4,15,105,1,0,1,1
257,양산시,2023-04-16,10.9,7.2,2348,19.8,1221,1.6,1444.0,4.7,1401.0,,5.3,10.7,110,1335,5.5,110,1340,0.8,675,90,8.2,50.0,1224.0,85.3,10.9,1004.6,1012.1,2357,1001.6,1335,1005.3,13.1,2.4,1200.0,2.13,10.68,,,,,,6.5,2.4,11.5,3.0,12.4,13.1,13.8,14.6,,,,,,1.7,2.5,,,,2023,4,15,106,1,0,1,1
257,양산시,2023-04-17,12.9,5.0,548,20.6,1249,,,,,,,9.0,200,1502,5.1,230,1617,2.0,1745,230,5.6,25.0,1243.0,66.8,9.1,1015.5,1018.6,2137,1012.0,1,1016.2,13.1,10.5,1200.0,3.23,23.62,,,,,,0.0,0.0,14.4,0.2,13.9,14.2,13.6,14.2,,,,,,3.9,5.6,,,,2023,4,16,107,1,0,1,0
257,양산시,2023-04-18,17.0,10.1,151,20.8,1456,0.1,,0.1,,,0.1,8.2,230,1528,4.5,200,1551,1.9,1652,200,14.3,74.0,846.0,85.0,16.7,1011.6,1018.4,1,1009.3,1549,1012.3,13.2,0.0,1200.0,0.51,2.45,,,,,,7.6,6.4,15.0,6.8,14.7,14.8,14.2,14.7,,,,,,0.9,1.2,,,,2023,4,16,108,1,0,1,0
257,양산시,2023-04-19,18.4,16.8,2354,20.7,1707,0.0,,0.0,,,0.0,8.1,110,1218,3.7,50,1607,1.2,1053,70,15.5,66.0,1753.0,84.0,17.6,1009.7,1011.9,1149,1008.7,1705,1010.4,13.2,0.0,1500.0,0.82,5.27,,,,,,6.9,5.9,17.6,14.0,16.8,16.8,15.4,15.6,,,,,,1.3,1.9,,,,2023,4,16,109,1,0,1,0
257,양산시,2023-04-20,21.0,15.5,520,28.7,1257,,,,,,,8.5,230,1416,5.6,200,1422,1.8,1541,230,15.4,46.0,1251.0,72.6,17.5,1007.8,1010.9,49,1005.5,1655,1008.5,13.2,11.0,1200.0,3.12,23.48,,,,,,3.0,0.5,21.4,11.7,19.8,19.7,17.2,16.8,,,,,,4.8,6.8,,,,2023,4,16,110,1,0,1,0
257,양산시,2023-04-21,17.5,14.0,2103,22.8,1041,,,,,,,14.6,110,1634,6.5,110,1603,3.6,3069,70,7.1,39.0,856.0,52.5,10.4,1011.0,1016.0,2359,1007.5,334,1011.7,13.3,9.7,1000.0,2.97,22.44,,,,,,3.5,0.8,19.8,11.8,18.8,19.2,17.8,17.9,,,,,,5.0,7.2,,,,2023,4,16,111,1,0,1,0
257,양산시,2023-04-22,15.0,12.2,549,19.2,1425,,,,,,,13.8,110,1414,5.6,70,1325,3.4,2964,70,2.6,24.0,1234.0,45.3,7.4,1019.0,1022.4,2108,1015.9,30,1019.8,13.3,10.3,1200.0,3.2,23.44,,,,,,3.3,0.3,18.2,8.7,17.2,17.8,17.0,17.4,,,,,,5.0,7.2,,,,2023,4,16,112,1,0,1,0
257,양산시,2023-04-23,14.4,11.3,443,19.6,1228,,,,,,,9.5,50,806,4.3,50,730,2.9,2546,70,4.4,33.0,1053.0,52.3,8.4,1022.6,1024.4,838,1021.8,229,1023.4,13.3,2.3,1100.0,2.35,14.65,,,,,,7.6,4.5,15.8,8.1,15.9,16.4,16.4,16.9,,,,,,3.3,4.7,,,,2023,4,16,113,1,0,1,0
257,양산시,2023-04-24,14.0,11.5,2244,18.0,1039,,,,,,,10.7,90,1014,4.8,110,1012,2.9,2516,50,5.6,44.0,1415.0,57.8,9.1,1023.3,1025.5,1110,1022.5,2337,1024.1,13.4,0.2,1000.0,1.74,8.97,,,,,,9.4,3.9,15.3,7.6,15.3,15.8,15.7,16.4,,,,,,2.3,3.3,,,,2023,4,17,114,1,0,1,0
257,양산시,2023-04-25,11.1,9.7,1943,12.7,954,0.5,1938.0,1.5,1848.0,,9.8,7.3,50,335,4.0,50,332,2.1,1797,50,8.9,61.0,155.0,87.9,11.5,1014.1,1022.6,1,1010.8,1935,1014.9,13.4,0.0,1000.0,0.67,4.46,,,,,,8.8,4.5,12.9,8.6,13.2,13.8,14.5,15.4,,,,,,1.0,1.4,,,,2023,4,17,115,1,0,1,1
257,양산시,2023-04-26,14.3,8.0,609,21.2,1605,,,,,,,12.1,270,1326,6.5,270,1358,2.3,1954,290,5.9,31.0,1443.0,61.4,9.3,1011.7,1017.5,2351,1009.9,1419,1012.4,13.4,10.8,1200.0,3.41,26.04,,,,,,0.9,0.5,15.9,4.4,15.0,15.3,14.6,15.1,,,,,,4.4,6.3,,,,2023,4,17,116,1,0,1,0
257,양산시,2023-04-27,14.5,7.0,547,22.2,1427,,,,,,,8.5,230,1736,4.5,230,1741,1.8,1596,200,8.0,43.0,1549.0,67.4,10.7,1019.6,1021.7,820,1017.4,6,1020.4,13.5,11.1,1200.0,3.62,26.57,,,,,,2.4,0.0,16.9,3.2,16.3,16.6,15.5,15.8,,,,,,4.3,6.2,,,,2023,4,17,117,1,0,1,0
257,양산시,2023-04-28,16.9,8.6,600,22.7,1433,,,,,,,9.8,200,1450,5.8,230,1608,2.9,2485,200,11.8,47.0,1543.0,73.8,14.1,1016.6,1021.3,1,1014.2,2359,1017.3,13.5,10.5,1200.0,3.46,26.54,,,,,,3.5,1.5,19.0,4.1,17.5,17.8,16.3,16.5,,,,,,4.1,5.9,,,,2023,4,17,118,1,0,1,0
257,양산시,2023-04-29,16.9,11.9,2400,20.8,1317,1.1,1707.0,3.8,345.0,,15.4,10.2,230,746,5.3,250,753,2.9,2483,250,15.7,60.0,2240.0,93.0,18.1,1006.4,1014.2,22,1003.3,1636,1007.1,13.5,0.0,1200.0,0.75,2.6,,,,,,8.1,4.8,16.9,8.3,17.2,17.5,17.1,17.4,,,,,,1.2,1.7,,,,2023,4,17,119,1,0,1,1
257,양산시,2023-04-30,15.9,8.8,508,23.3,1342,,,,,,,9.6,230,1531,5.8,200,1451,2.4,2035,200,7.0,28.0,1255.0,58.4,10.1,1009.2,1012.1,2241,1007.4,14,1010.0,13.6,11.3,1200.0,3.47,26.99,,,,,,1.0,0.0,17.0,4.3,16.8,17.0,16.3,16.7,,,,,,5.0,7.2,,,,2023,4,17,120,1,0,1,0
257,양산시,2023-05-01,16.4,9.3,527,24.7,1529,,,,,,,8.7,20,1437,4.6,200,1632,2.1,1776,230,5.0,16.0,1447.0,53.6,9.0,1015.6,1021.6,2333,1011.6,220,1016.3,13.6,11.3,1200.0,3.48,27.27,,,,,,0.6,0.0,18.8,4.6,17.6,18.0,16.9,17.1,,,,,,5.8,8.2,,,,2023,5,18,121,0,0,1,0
257,양산시,2023-05-02,16.2,8.0,448,25.3,1511,,,,,,,7.7,230,1355,4.2,230,1533,1.5,1269,50,5.9,26.0,1511.0,56.0,9.4,1022.5,1024.7,949,1021.3,22,1023.2,13.6,10.0,1200.0,3.33,24.92,,,,,,5.8,0.3,19.0,2.8,18.0,18.4,17.3,17.5,,,,,,4.7,6.7,,,,2023,5,18,122,0,0,1,0
257,양산시,2023-05-03,17.5,10.7,416,22.7,1430,,,,,,,9.0,200,1239,5.3,200,1233,2.0,1714,230,10.8,43.0,1601.0,66.3,13.0,1021.6,1024.3,755,1020.3,1923,1022.3,13.7,0.8,1200.0,1.84,13.37,,,,,,8.4,6.3,18.1,6.7,17.5,17.8,17.2,17.7,,,,,,2.8,4.0,,,,2023,5,18,123,0,0,1,0
257,양산시,2023-05-04,18.8,16.5,417,23.3,1202,0.3,2029.0,0.9,2259.0,,1.7,9.8,250,1143,5.4,250,1408,2.3,1992,250,14.9,52.0,1102.0,79.9,17.0,1015.8,1021.2,1,1013.1,2340,1016.5,13.7,1.3,1100.0,2.22,11.79,,,,,,9.8,5.4,19.8,14.4,19.0,19.2,17.8,18.0,,,,,,2.2,3.1,,,,2023,5,18,124,0,0,1,1
257,양산시,2023-05-05,18.7,17.4,244,20.8,2352,6.0,532.0,14.9,444.0,,81.6,11.5,230,2324,6.3,250,1859,3.4,2965,250,18.2,92.0,1050.0,97.1,20.9,1006.1,1013.2,1,1003.2,2350,1006.8,13.7,0.0,1300.0,0.21,1.47,,,,,,9.5,6.4,17.8,17.0,17.7,18.0,17.5,18.0,,,,,,0.5,0.7,,,,2023,5,18,125,0,0,1,1
257,양산시,2023-05-06,15.1,12.6,2253,20.4,1,5.6,643.0,19.7,626.0,,85.1,13.9,70,1729,6.2,70,756,4.2,3647,70,13.8,82.0,2318.0,92.9,16.2,1005.8,1011.1,2359,1001.9,403,1006.5,13.8,0.0,1300.0,0.46,2.95,,,,,,9.9,6.0,15.5,12.0,16.0,16.5,16.8,17.6,,,,,,1.0,1.5,,,,2023,5,18,126,0,0,1,1
257,양산시,2023-05-07,13.1,11.4,2353,14.8,950,0.3,1223.0,0.8,1219.0,,2.2,13.5,70,439,6.0,50,48,3.9,3403,70,8.7,62.0,2049.0,75.6,11.3,1009.5,1012.6,2338,1008.8,1545,1010.3,13.8,0.0,1300.0,0.45,3.95,,,,,,9.5,4.1,12.6,8.2,13.6,14.2,15.0,16.0,,,,,,1.5,2.2,,,,2023,5,18,127,0,0,1,1
257,양산시,2023-05-08,14.6,7.4,539,22.4,1409,,,,,,,10.7,50,851,5.9,50,842,2.6,2242,50,3.9,24.0,1705.0,54.9,8.2,1015.1,1018.1,2350,1012.7,1,1015.8,13.8,10.7,1200.0,3.31,25.94,,,,,,3.9,0.3,14.8,2.7,15.1,15.4,14.8,15.4,,,,,,5.0,7.1,,,,2023,5,19,128,0,0,1,0
257,양산시,2023-05-09,16.3,6.0,539,26.6,1508,,,,,,,6.4,200,1548,3.8,230,1604,1.5,1260,230,7.5,21.0,1301.0,61.8,10.4,1014.9,1018.5,642,1012.9,1540,1015.7,13.9,11.1,1200.0,3.58,27.36,,,,,,1.4,0.1,18.9,1.9,17.1,17.3,16.1,16.3,,,,,,4.9,7.1,,,,2023,5,19,129,0,0,1,0
257,양산시,2023-05-10,18.6,10.3,522,27.7,1211,,,,,,,7.9,250,1251,5.1,230,1254,1.5,1266,200,10.1,24.0,1220.0,62.9,12.4,1014.9,1017.9,2235,1014.0,1648,1015.7,13.9,9.5,1100.0,3.33,24.4,,,,,,4.1,0.1,19.7,5.9,18.6,19.0,17.5,17.6,,,,,,4.8,6.9,,,,2023,5,19,130,0,0,1,0
257,양산시,2023-05-11,19.0,13.0,234,24.9,1418,,,,,,,10.4,110,1727,4.8,50,723,3.1,2699,50,8.5,22.0,1834.0,54.6,11.5,1018.2,1020.3,1022,1017.6,145,1018.9,13.9,9.8,1200.0,3.42,26.08,,,,,,3.4,1.1,21.8,8.1,19.7,20.1,18.5,18.6,,,,,,5.2,7.5,,,,2023,5,19,131,0,0,1,0
257,양산시,2023-05-12,18.0,9.5,557,27.7,1610,0.1,,0.1,,,0.1,7.1,230,2019,4.3,230,1618,2.0,1711,230,9.7,34.0,1017.0,61.6,12.4,1016.6,1019.8,8,1015.1,1643,1017.3,13.9,8.1,1300.0,2.76,21.57,,,,,,7.5,5.3,21.6,5.7,19.6,19.9,18.6,18.9,,,,,,3.7,5.3,,,,2023,5,19,132,0,0,1,0
257,양산시,2023-05-13,15.4,13.1,2359,18.6,1427,0.7,654.0,3.1,656.0,,8.3,4.8,50,1047,3.1,50,1052,1.0,876,50,14.1,75.0,1600.0,92.8,16.1,1012.6,1017.4,1,1010.5,1730,1013.4,14.0,0.0,1400.0,1.01,5.33,,,,,,7.6,4.3,17.3,9.6,17.7,18.2,18.2,18.8,,,,,,1.1,1.6,,,,2023,5,19,133,0,0,1,1
257,양산시,2023-05-14,17.9,11.2,529,26.1,1457,,,,,,,7.4,200,1506,4.0,200,1535,1.5,1276,230,13.1,46.0,1500.0,77.3,15.2,1008.3,1011.3,15,1007.0,1600,1009.0,14.0,10.4,1200.0,3.47,26.5,,,,,,3.0,0.6,20.0,7.6,19.3,19.5,18.1,18.4,,,,,,4.3,6.2,,,,2023,5,19,134,0,0,1,0
257,양산시,2023-05-15,19.5,12.5,506,26.9,1357,,,,,,,8.2,200,1453,5.0,200,1553,2.0,1708,200,14.0,42.0,1342.0,73.6,16.0,1008.5,1010.8,2332,1007.5,1613,1009.2,14.0,11.0,1200.0,3.15,25.69,,,,,,1.0,0.3,21.8,8.9,20.4,20.7,19.2,19.3,,,,,,4.8,6.8,,,,2023,5,20,135,0,0,1,0
257,양산시,2023-05-16,20.9,14.6,539,28.0,1249,,,,,,,8.6,200,1457,5.4,200,1422,2.3,2008,230,16.2,55.0,1250.0,76.6,18.5,1010.9,1014.1,2347,1009.7,1556,1011.6,14.0,10.9,1200.0,3.35,25.91,,,,,,0.8,0.0,24.1,10.9,21.9,22.3,20.2,20.2,,,,,,4.6,6.6,,,,2023,5,20,136,0,0,1,0
257,양산시,2023-05-17,21.9,14.6,454,28.3,1421,,,,,,,9.9,200,1530,5.6,200,1621,2.7,2313,230,16.9,47.0,1120.0,76.3,19.3,1013.7,1016.0,809,1012.7,1557,1014.4,14.1,11.0,1200.0,3.46,27.27,,,,,,4.5,0.0,25.4,10.1,22.7,23.1,21.0,21.0,,,,,,4.9,7.0,,,,2023,5,20,137,0,0,1,0
257,양산시,2023-05-18,18.9,16.9,2048,21.7,1224,1.8,2012.0,5.4,1922.0,,24.3,9.5,50,1908,3.5,20,1752,1.7,1489,70,17.8,73.0,1229.0,94.1,20.4,1010.0,1014.1,1,1007.8,2357,1010.7,14.1,0.0,1200.0,0.93,4.8,,,,,,9.6,3.1,19.4,15.1,19.9,20.6,20.5,21.0,,,,,,1.0,1.4,,,,2023,5,20,138,0,0,1,1
257,양산시,2023-05-19,18.6,16.7,29,22.3,1621,0.5,109.0,1.3,32.0,,2.5,11.8,50,1544,5.6,50,1720,3.0,2598,50,15.6,64.0,1622.0,83.4,17.7,1007.9,1011.4,2135,1005.9,455,1008.6,14.1,1.4,1600.0,1.78,9.7,,,,,,6.6,4.0,18.8,15.2,18.9,19.4,19.1,19.7,,,,,,2.3,3.3,,,,2023,5,20,139,0,0,1,1
257,양산시,2023-05-20,19.9,13.6,500,26.2,1250,,,,,,,6.7,230,1632,3.7,230,1632,2.1,1800,230,14.6,53.0,1201.0,72.9,16.6,1010.1,1012.8,722,1009.2,1656,1010.8,14.1,11.0,1200.0,3.54,27.63,,,,,,2.6,0.1,21.6,10.2,20.9,21.1,19.6,19.8,,,,,,4.6,6.6,,,,2023,5,20,140,0,0,1,0
257,양산시,2023-05-21,21.9,15.3,501,29.0,1356,,,,,,,8.6,230,1537,5.4,200,1535,2.1,1847,200,16.6,44.0,1257.0,74.8,19.0,1006.9,1010.3,6,1005.5,1717,1007.6,14.2,11.0,1200.0,3.33,25.9,,,,,,4.3,0.1,25.0,12.8,22.6,23.0,20.9,20.9,,,,,,4.8,6.8,,,,2023,5,20,141,0,0,1,0
257,양산시,2023-05-22,17.8,13.2,2356,22.6,1004,0.1,,0.1,,,0.1,6.0,50,1238,2.9,50,1729,1.1,990,70,12.7,48.0,1032.0,73.6,14.8,1007.0,1008.9,2257,1006.5,247,1007.7,14.2,0.0,900.0,0.85,6.58,,,,,,7.8,3.1,18.6,10.2,19.5,20.2,20.3,20.9,,,,,,1.7,2.5,,,,2023,5,21,142,0,0,1,0
257,양산시,2023-05-23,18.4,11.6,501,26.0,1350,0.0,,0.0,,,0.0,9.2,110,1313,4.3,50,857,1.7,1443,180,10.7,31.0,1340.0,64.9,12.9,1009.5,1013.5,2333,1008.0,337,1010.2,14.2,9.1,1100.0,3.48,24.95,,,,,,1.3,0.6,19.9,8.9,19.4,20.0,19.4,19.8,,,,,,4.7,6.7,,,,2023,5,21,143,0,0,1,0
257,양산시,2023-05-24,19.1,11.9,429,26.4,1154,,,,,,,6.6,180,1333,4.1,230,1345,1.3,1127,250,12.1,33.0,1134.0,66.6,14.1,1014.3,1016.8,2304,1013.2,12,1015.0,14.2,6.9,1100.0,3.07,20.73,,,,,,4.8,2.0,22.2,11.2,20.3,21.0,19.9,20.2,,,,,,3.8,5.4,,,,2023,5,21,144,0,0,1,0
257,양산시,2023-05-25,19.8,14.1,344,26.5,1425,,,,,,,7.4,230,1447,4.1,230,1450,1.7,1477,230,10.7,26.0,1640.0,57.4,12.9,1016.2,1018.1,2147,1015.6,1608,1016.9,14.2,9.1,1200.0,3.53,27.12,,,,,,5.9,4.3,25.3,13.5,22.4,22.8,20.9,20.9,,,,,,5.3,7.6,,,,2023,5,21,145,0,0,1,0
257,양산시,2023-05-26,20.8,16.5,443,25.2,1025,0.1,,0.1,,,0.1,8.0,230,1335,4.4,230,1341,1.8,1582,230,17.0,57.0,1242.0,79.8,19.5,1018.3,1019.8,2149,1017.2,214,1019.0,14.3,2.0,1000.0,2.29,13.36,,,,,,9.0,5.1,23.6,17.3,21.5,22.1,21.2,21.5,,,,,,2.3,3.2,,,,2023,5,21,146,0,0,1,0
257,양산시,2023-05-27,22.8,18.9,115,27.0,1459,,,,,,,9.5,230,1711,5.6,230,1323,2.1,1840,230,18.2,54.0,1617.0,77.1,21.0,1017.7,1020.1,745,1016.8,1636,1018.4,14.3,5.1,1100.0,2.86,19.45,,,,,,7.3,3.5,28.0,18.5,23.7,23.9,21.7,21.8,,,,,,3.6,5.2,,,,2023,5,21,147,0,0,1,0
257,양산시,2023-05-28,21.5,20.4,623,22.5,2109,0.4,1439.0,1.1,1357.0,,4.0,7.5,230,1345,4.2,230,1358,2.7,2323,230,20.6,77.0,1.0,95.0,24.3,1013.3,1017.4,1,1012.1,2352,1014.0,14.3,0.0,1100.0,0.63,3.48,,,,,,9.5,6.6,20.8,20.1,21.5,22.1,21.5,21.9,,,,,,0.6,0.9,,,,2023,5,21,148,0,0,1,1
257,양산시,2023-05-29,21.2,19.2,2147,22.9,1013,4.3,1257.0,15.6,1253.0,,84.4,8.4,50,1829,4.3,50,1816,2.7,2362,200,21.0,98.0,1157.0,99.4,24.9,1010.0,1012.4,2128,1009.5,1128,1010.7,14.3,0.0,1000.0,0.37,2.08,,,,,,10.0,2.9,20.4,19.2,20.9,21.5,21.0,21.4,,,,,,0.7,1.0,,,,2023,5,22,149,0,0,1,1
257,양산시,2023-05-30,20.7,18.9,2252,23.1,1430,0.0,,0.0,,,0.0,9.3,70,1948,4.3,70,1949,2.2,1886,70,17.6,70.0,1624.0,83.5,20.2,1010.3,1012.3,2206,1009.9,1601,1011.0,14.4,0.1,1400.0,1.23,8.89,,,,,,8.8,7.4,22.3,17.6,21.0,21.5,20.6,21.0,,,,,,2.3,3.2,,,,2023,5,22,150,0,0,1,0
257,양산시,2023-05-31,21.6,16.9,2332,27.3,1430,,,,,,,8.9,20,1041,4.1,110,1230,2.6,2251,70,11.9,35.0,1636.0,55.9,14.0,1010.6,1012.8,932,1010.0,1652,1011.3,14.4,9.0,1200.0,3.55,27.17,,,,,,1.4,0.8,26.1,16.1,22.4,22.7,21.1,21.2,,,,,,5.3,7.6,,,,2023,5,22,151,0,0,1,0
257,양산시,2023-06-01,17.3,13.6,459,21.1,1035,1.2,1130.0,2.8,1106.0,,5.3,4.8,320,1114,2.9,50,15,0.6,500,230,15.0,54.0,1036.0,87.4,17.4,1006.5,1011.5,1,1003.9,2357,1007.2,14.4,0.0,900.0,0.88,5.33,,,,,,9.3,4.0,18.7,14.5,19.1,19.8,20.1,20.9,,,,,,1.3,1.9,,,,2023,6,22,152,0,0,1,1
257,양산시,2023-06-02,24.5,18.6,1,33.5,1443,0.3,308.0,0.5,218.0,,1.4,7.6,110,1745,3.7,140,1742,1.7,1466,180,17.7,29.0,1439.0,70.1,20.4,999.9,1004.1,2346,997.9,1442,1000.6,14.4,10.8,1200.0,3.49,28.38,,,,,,4.5,0.8,28.9,19.1,23.9,24.0,21.6,21.4,,,,,,5.8,8.3,,,,2023,6,22,153,0,0,1,1
257,양산시,2023-06-03,22.1,15.7,526,28.9,1217,,,,,,,7.8,230,1609,4.7,200,1410,1.9,1633,230,15.2,41.0,1035.0,67.3,17.3,1006.4,1009.8,2251,1004.1,1,1007.1,14.4,10.7,1200.0,3.5,27.64,,,,,,1.5,0.1,25.8,16.4,23.6,24.1,22.5,22.5,,,,,,5.4,7.8,,,,2023,6,22,154,0,0,1,0
257,양산시,2023-06-04,22.3,15.2,440,30.5,1429,,,,,,,7.6,230,1704,5.0,200,1625,1.6,1357,230,13.1,29.0,1243.0,61.4,15.2,1009.4,1011.6,808,1008.1,1656,1010.1,14.4,9.2,1200.0,3.55,26.41,,,,,,5.5,0.6,27.1,15.8,24.2,24.6,22.8,22.8,,,,,,5.5,7.8,,,,2023,6,22,155,0,0,1,0
257,양산시,2023-06-05,22.4,18.4,437,28.4,1639,,,,,,,4.8,250,1756,2.8,200,234,1.6,1400,200,14.4,42.0,1309.0,62.4,16.5,1009.4,1011.4,751,1008.9,1726,1010.1,14.4,1.2,1000.0,1.6,14.26,,,,,,8.1,4.4,23.4,17.9,22.9,23.4,22.5,22.9,,,,,,3.1,4.5,,,,2023,6,23,156,0,0,1,0
257,양산시,2023-06-06,21.8,18.0,357,26.8,1415,,,,,,,6.4,200,1542,4.2,270,1719,2.2,1881,230,16.1,52.0,1043.0,71.4,18.3,1006.2,1009.7,10,1004.2,1658,1006.9,14.5,8.9,1200.0,3.58,26.18,,,,,,4.3,1.8,27.3,17.7,24.5,24.9,23.0,23.0,,,,,,4.6,6.6,,,,2023,6,23,157,0,0,1,0
257,양산시,2023-06-07,22.8,16.6,502,28.9,1237,,,,,,,7.3,200,1803,4.5,230,1400,2.2,1894,230,16.9,48.0,1327.0,71.9,19.3,1008.0,1009.8,756,1007.5,1611,1008.7,14.5,7.5,1000.0,2.77,22.08,,,,,,5.9,0.3,26.0,16.5,24.2,24.7,23.3,23.4,,,,,,4.3,6.1,,,,2023,6,23,158,0,0,1,0
257,양산시,2023-06-08,22.7,18.5,503,28.3,1459,,,,,,,6.8,180,1557,4.4,230,1030,2.0,1740,230,16.9,41.0,1558.0,71.5,19.3,1004.9,1008.8,1,1002.8,1740,1005.6,14.5,6.3,1400.0,2.89,20.55,,,,,,6.3,2.9,27.8,18.8,25.2,25.4,23.6,23.7,,,,,,4.2,5.9,,,,2023,6,23,159,0,0,1,0
257,양산시,2023-06-09,22.8,17.2,411,29.1,1422,,,,,,,7.8,200,1522,4.6,230,1507,2.2,1919,230,18.4,56.0,1314.0,78.0,21.2,1003.7,1006.8,2213,1003.3,323,1004.4,14.5,10.9,1200.0,3.48,27.57,,,,,,1.9,0.3,28.6,17.2,25.9,26.1,24.1,24.0,,,,,,5.0,7.2,,,,2023,6,23,160,0,0,1,0
257,양산시,2023-06-10,24.0,18.9,516,29.6,1435,,,,,,,7.4,250,1547,4.0,250,1543,2.0,1733,230,18.8,52.0,1622.0,74.3,21.7,1005.5,1007.2,1015,1004.9,1657,1006.2,14.5,10.6,1200.0,3.4,26.52,,,,,,4.9,1.3,29.6,18.6,26.8,26.9,24.8,24.7,,,,,,4.7,6.7,,,,2023,6,23,161,0,0,1,0
257,양산시,2023-06-11,23.4,19.7,336,29.0,1503,0.3,716.0,0.4,636.0,,0.4,6.3,250,1653,3.8,250,1700,1.7,1477,250,20.1,61.0,1501.0,82.9,23.6,1004.9,1007.1,2220,1004.3,1641,1005.6,14.5,3.9,1300.0,3.31,17.76,,,,,,6.1,1.9,29.5,19.7,26.6,26.8,25.0,25.0,,,,,,3.3,4.8,,,,2023,6,23,162,0,0,1,0
257,양산시,2023-06-12,23.8,20.0,448,30.1,1341,0.0,,0.0,,,0.0,7.7,110,1350,3.9,230,1330,1.2,1020,140,20.5,59.0,1104.0,82.8,24.1,1004.4,1006.8,2,1003.3,1809,1005.1,14.5,4.1,1200.0,3.32,17.78,,,,,,6.6,5.3,25.7,19.8,25.9,26.4,25.1,25.2,,,,,,3.3,4.7,,,,2023,6,24,163,0,0,1,0
257,양산시,2023-06-13,24.2,20.9,300,29.4,1418,,,,,,,7.6,250,1559,4.6,250,1559,1.7,1478,230,19.7,55.0,1418.0,77.5,22.9,1003.3,1005.4,1,1002.6,1728,1004.0,14.5,5.2,1000.0,2.97,20.42,,,,,,7.6,2.5,29.6,21.2,27.3,27.2,25.2,25.3,,,,,,3.9,5.6,,,,2023,6,24,164,0,0,1,0
257,양산시,2023-06-14,23.0,19.0,2359,30.0,1334,1.5,2252.0,1.5,2202.0,,1.5,11.0,320,1643,4.8,290,1645,1.5,1334,70,18.6,48.0,1347.0,78.0,21.4,1004.9,1008.5,2202,1003.3,233,1005.6,14.5,,,,,,,,,,7.9,,28.3,18.9,26.5,26.8,25.1,25.3,,,,,,1.6,2.2,,,,2023,6,24,165,0,0,1,1
257,양산시,2023-06-15,21.8,16.5,508,28.2,1303,,,,,,,10.0,110,1422,4.7,230,1343,1.3,1129,250,17.4,52.0,1254.0,78.3,19.9,1007.8,1010.8,2220,1006.8,1338,1008.5,14.5,7.4,1200.0,3.56,22.43,,,,,,4.9,1.3,23.7,17.8,24.6,25.4,24.8,25.0,,,,,,3.8,5.5,,,,2023,6,24,166,0,0,1,0
257,양산시,2023-06-16,24.8,18.2,426,32.2,1259,,,,,,,7.8,200,1752,4.5,200,1731,2.0,1744,230,18.3,39.0,1308.0,70.1,21.1,1011.5,1013.6,2150,1010.5,1641,1012.2,14.5,10.4,1200.0,3.48,27.25,,,,,,1.4,0.4,29.3,18.0,27.3,27.3,25.3,25.2,,,,,,5.8,8.3,,,,2023,6,24,167,0,0,1,0
257,양산시,2023-06-17,25.4,19.9,456,31.6,1145,,,,,,,9.0,200,1315,5.6,200,1401,2.6,2261,230,18.1,47.0,1037.0,65.6,20.8,1011.0,1013.8,654,1009.8,1647,1011.7,14.5,9.2,1200.0,3.4,26.19,,,,,,5.6,0.1,27.4,19.2,27.8,28.0,26.1,26.0,,,,,,5.5,7.8,,,,2023,6,24,168,0,0,1,0
257,양산시,2023-06-18,26.4,21.5,448,34.0,1407,,,,,,,8.6,160,1649,5.0,160,1656,1.7,1497,230,18.4,43.0,1242.0,63.5,21.2,1006.0,1010.1,1,1004.0,1613,1006.7,14.5,9.0,1200.0,3.44,25.33,,,,,,4.4,0.4,32.7,21.3,29.6,29.3,26.8,26.6,,,,,,5.8,8.3,,,,2023,6,24,169,0,0,1,0
257,양산시,2023-06-19,26.1,20.8,114,32.4,1300,,,,,,,10.2,50,1317,4.9,70,803,2.5,2154,90,18.0,38.0,1632.0,62.8,20.6,1006.3,1008.8,2203,1004.8,1519,1007.0,14.5,9.5,1200.0,3.37,26.73,,,,,,5.1,1.0,31.1,20.5,29.3,29.0,27.1,27.0,,,,,,5.9,8.5,,,,2023,6,25,170,0,0,1,0
257,양산시,2023-06-20,24.4,20.4,2355,31.7,1329,0.6,2349.0,0.6,2301.0,,0.6,10.1,70,738,4.9,70,758,2.6,2270,70,16.8,40.0,1159.0,64.9,19.2,1005.2,1008.2,11,1004.2,1708,1005.9,14.6,7.4,1200.0,3.39,22.75,,,,,,6.8,2.6,28.9,20.3,28.9,28.7,27.0,27.0,,,,,,4.2,6.0,,,,2023,6,25,171,0,0,1,0
257,양산시,2023-06-21,22.0,19.5,534,24.9,1412,1.1,236.0,4.1,148.0,,12.5,7.1,230,1525,3.6,230,1531,1.5,1312,230,21.2,88.0,1420.0,96.0,25.3,1001.3,1005.0,8,1000.2,1727,1002.0,14.6,0.0,1300.0,0.75,3.86,,,,,,7.1,4.5,23.0,21.2,24.2,24.8,25.2,26.0,,,,,,1.1,1.6,,,,2023,6,25,172,0,0,1,1
257,양산시,2023-06-22,24.6,21.8,452,29.8,1317,0.0,,0.0,,,0.0,6.1,270,1538,3.5,230,1437,1.4,1198,230,20.2,50.0,1327.0,78.3,23.8,1002.0,1004.7,2353,1001.6,1507,1002.7,14.5,3.4,1500.0,2.35,17.19,,,,,,7.0,4.3,30.2,22.1,26.0,26.0,24.8,25.2,,,,,,3.6,5.1,,,,2023,6,25,173,0,0,1,0
257,양산시,2023-06-23,24.3,19.9,502,30.2,1209,,,,,,,7.7,110,1839,3.6,110,1902,1.4,1223,140,18.8,51.0,1112.0,73.4,21.7,1008.8,1013.8,2255,1004.6,29,1009.5,14.5,5.3,1000.0,3.03,18.54,,,,,,5.6,2.4,28.5,20.1,25.0,25.2,24.8,25.2,,,,,,3.3,4.8,,,,2023,6,25,174,0,0,1,0
257,양산시,2023-06-24,24.2,19.1,400,31.3,1342,,,,,,,6.4,110,1206,3.1,110,1209,1.2,1048,140,19.0,50.0,1344.0,74.4,21.9,1013.9,1015.9,2211,1013.5,156,1014.6,14.5,6.4,1200.0,3.48,22.67,,,,,,8.4,0.6,30.4,19.4,26.9,27.0,25.1,25.2,,,,,,4.1,5.9,,,,2023,6,25,175,0,0,1,0
257,양산시,2023-06-25,23.5,19.6,446,28.6,1358,3.3,2021.0,12.1,1955.0,,23.8,5.8,270,1357,2.9,270,1344,1.1,923,140,19.7,49.0,1505.0,81.5,23.0,1012.9,1016.0,36,1011.8,2334,1013.6,14.6,0.9,1100.0,2.13,13.59,,,,,,9.4,2.8,27.9,20.1,25.2,25.8,25.0,25.4,,,,,,2.4,3.4,,,,2023,6,25,176,0,0,1,1
257,양산시,2023-06-26,24.4,21.7,1,25.7,1602,3.4,158.0,4.9,157.0,,17.6,11.2,230,2313,5.8,230,2310,2.9,2487,230,24.0,93.0,1629.0,98.4,29.9,1009.1,1012.0,1,1008.8,1801,1009.8,14.5,0.0,1100.0,0.44,3.58,,,,,,9.6,8.4,23.7,22.5,24.1,24.6,24.2,24.7,,,,,,0.9,1.3,,,,2023,6,26,177,0,0,1,1
257,양산시,2023-06-27,25.7,21.6,2358,30.5,1309,2.8,2351.0,6.5,2301.0,,11.4,11.9,230,118,6.6,200,1354,4.1,3515,230,23.6,71.0,1310.0,88.6,29.1,1009.4,1013.0,2400,1008.0,307,1010.1,14.5,4.4,1300.0,3.71,19.85,,,,,,9.3,4.5,27.7,22.5,26.3,26.8,25.0,25.0,,,,,,3.5,5.0,,,,2023,6,26,178,0,0,1,1
257,양산시,2023-06-28,24.2,20.9,657,28.5,1406,4.7,15.0,15.0,1.0,,31.7,8.6,230,1414,5.0,200,1326,2.6,2246,230,22.0,67.0,1335.0,88.6,26.5,1008.9,1013.1,6,1007.3,1750,1009.6,14.5,2.6,1200.0,3.15,16.91,,,,,,8.0,3.4,27.1,21.6,25.3,25.9,24.8,25.2,,,,,,3.2,4.6,,,,2023,6,26,179,0,0,1,1
257,양산시,2023-06-29,25.6,23.9,47,28.6,957,2.1,1916.0,3.2,1825.0,,5.2,9.9,200,1720,5.3,200,1924,3.2,2776,230,24.7,79.0,1003.0,94.9,31.0,1003.5,1007.7,1,1001.0,1844,1004.2,14.5,0.1,900.0,1.3,6.32,,,,,,8.9,4.4,25.8,24.0,25.2,25.8,24.9,25.2,,,,,,1.0,1.5,,,,2023,6,26,180,0,0,1,1
257,양산시,2023-06-30,24.9,23.5,2125,27.6,1255,1.5,651.0,4.3,645.0,,11.4,9.1,200,118,5.1,230,1319,2.7,2329,230,23.4,81.0,1644.0,92.4,28.9,1000.8,1003.5,2400,1000.1,1432,1001.5,14.5,0.1,1200.0,1.43,6.11,,,,,,10.0,4.8,24.6,23.5,24.8,25.4,24.6,25.0,,,,,,1.4,2.0,,,,2023,6,26,181,0,0,1,1
257,양산시,2023-07-01,25.4,22.3,2332,30.6,1337,,,,,,,7.0,230,1620,3.9,230,1621,1.8,1529,230,21.9,63.0,1207.0,82.4,26.3,1005.5,1008.6,2118,1002.7,214,1006.2,14.5,2.2,1100.0,3.36,15.33,,,,,,6.8,4.3,26.3,22.4,25.6,26.2,24.9,25.1,,,,,,3.1,4.4,,,,2023,7,26,182,0,0,1,0
257,양산시,2023-07-02,26.3,21.8,40,33.2,1424,,,,,,,7.9,200,1540,4.6,230,1542,2.0,1719,230,23.0,61.0,1416.0,83.5,28.2,1007.7,1009.7,853,1006.5,1643,1008.4,14.5,6.2,1300.0,3.03,22.08,,,,,,6.9,3.9,31.9,22.2,27.4,27.7,25.6,25.6,,,,,,4.1,5.9,,,,2023,7,26,183,0,0,1,0
257,양산시,2023-07-03,27.3,22.5,433,32.3,1426,,,,,,,5.3,110,1258,2.9,50,803,1.3,1083,160,23.2,59.0,1414.0,79.8,28.4,1005.5,1008.8,1,1004.3,1651,1006.2,14.5,2.9,900.0,2.24,15.99,,,,,,6.5,4.8,29.5,22.7,26.8,27.3,26.0,26.1,,,,,,3.0,4.2,,,,2023,7,27,184,0,0,1,0
257,양산시,2023-07-04,25.4,23.1,437,30.4,1241,0.5,1501.0,1.6,1501.0,,4.1,5.6,230,1304,3.1,230,1401,0.9,789,230,23.2,64.0,1253.0,88.9,28.5,1002.1,1005.8,4,999.3,2355,1002.8,14.5,0.6,1200.0,1.94,9.71,,,,,,9.1,6.4,26.9,23.3,26.2,26.8,25.9,26.1,,,,,,1.7,2.5,,,,2023,7,27,185,0,0,1,1
257,양산시,2023-07-05,27.6,23.2,2358,33.6,1517,6.3,520.0,11.5,503.0,,22.4,12.7,270,1339,6.3,270,1247,3.0,2561,230,23.1,45.0,1741.0,79.6,28.4,995.4,1000.9,2317,993.4,1409,996.1,14.5,6.3,1300.0,3.49,21.5,,,,,,4.9,3.3,32.2,23.4,27.3,27.8,26.0,26.1,,,,,,4.7,6.8,,,,2023,7,27,186,0,0,1,1
257,양산시,2023-07-06,26.5,21.8,515,33.4,1421,,,,,,,6.2,230,1719,3.6,230,1716,2.0,1704,230,21.8,49.0,1356.0,77.6,26.2,1002.5,1004.8,2357,1000.8,9,1003.2,14.5,3.9,1400.0,2.61,19.2,,,,,,7.3,1.0,31.3,21.7,26.8,27.4,26.1,26.3,,,,,,3.7,5.3,,,,2023,7,27,187,0,0,1,0
257,양산시,2023-07-07,22.9,19.9,1757,26.4,947,11.2,1739.0,27.0,1717.0,,56.5,10.2,70,1844,5.8,50,1625,1.9,1681,50,21.5,77.0,951.0,92.1,25.6,1003.0,1005.1,705,1001.9,1809,1003.7,14.5,0.0,1200.0,0.63,3.95,,,,,,10.0,5.8,23.5,20.4,24.0,24.8,25.0,25.7,,,,,,0.9,1.2,,,,2023,7,27,188,0,0,1,1
257,양산시,2023-07-08,23.1,20.9,6,24.7,1337,0.5,40.0,1.3,1417.0,,3.1,3.4,50,1431,2.1,20,1843,0.7,562,50,22.9,93.0,929.0,99.3,28.0,1002.8,1005.6,2321,1002.3,424,1003.5,14.4,0.0,900.0,0.51,3.31,,,,,,8.4,5.8,23.6,21.8,23.3,24.0,23.6,24.3,,,,,,0.8,1.1,,,,2023,7,27,189,0,0,1,1
257,양산시,2023-07-09,25.9,22.6,20,30.4,1254,0.1,,0.2,,,0.2,8.5,200,1434,5.4,200,1439,1.8,1545,230,24.4,75.0,1237.0,92.5,30.7,1003.6,1005.5,1,1003.1,1457,1004.3,14.4,1.4,1100.0,2.12,12.09,,,,,,8.0,6.0,26.7,23.6,25.3,25.9,24.6,24.8,,,,,,2.4,3.4,,,,2023,7,27,190,0,0,1,0
257,양산시,2023-07-10,27.6,24.4,207,31.8,1301,0.0,,0.0,,,0.0,8.1,200,1542,4.9,200,1147,2.9,2530,230,24.6,62.0,1321.0,84.9,31.0,1004.9,1007.7,2319,1004.2,429,1005.6,14.4,4.6,1200.0,3.44,19.96,,,,,,6.3,3.9,29.8,24.1,26.9,27.4,25.8,25.7,,,,,,3.9,5.5,,,,2023,7,28,191,0,0,1,0
257,양산시,2023-07-11,25.7,22.9,1539,30.1,916,17.7,1442.0,24.5,1421.0,,44.0,9.5,230,1430,4.8,250,1434,2.4,2041,230,24.7,77.0,917.0,94.6,31.1,1006.4,1008.8,1437,1005.9,1921,1007.1,14.4,0.7,900.0,1.47,7.33,,,,,,8.1,5.5,26.4,23.9,25.3,26.1,25.7,26.1,,,,,,1.2,1.6,,,,2023,7,28,192,0,0,1,1
257,양산시,2023-07-12,26.4,23.5,534,29.6,1159,6.0,535.0,8.6,449.0,,22.6,8.0,230,443,4.5,230,1335,2.4,2044,230,24.7,74.0,1204.0,91.0,31.1,1005.6,1007.6,530,1005.2,1603,1006.3,14.4,1.3,1100.0,3.05,11.11,,,,,,7.9,4.4,26.9,23.7,25.7,26.3,25.3,25.6,,,,,,2.1,3.1,,,,2023,7,28,193,0,0,1,1
257,양산시,2023-07-13,26.5,24.8,1000,28.4,1426,1.6,1003.0,3.5,815.0,,6.5,7.3,230,2348,4.1,230,1659,2.4,2073,230,25.5,85.0,1422.0,94.5,32.6,1005.9,1007.7,930,1005.8,2357,1006.6,14.4,0.0,1300.0,1.12,6.09,,,,,,9.9,5.8,26.8,25.6,25.9,26.6,25.6,25.9,,,,,,1.1,1.6,,,,2023,7,28,194,0,0,1,1
257,양산시,2023-07-14,25.9,24.9,754,26.7,1136,1.3,832.0,5.0,658.0,,18.0,12.3,230,941,6.5,230,1053,4.8,4180,230,25.2,90.0,2304.0,96.1,32.0,1002.6,1005.7,1,1002.4,1843,1003.3,14.4,0.0,1100.0,1.12,5.02,,,,,,10.0,5.0,24.6,24.9,25.0,25.8,25.2,25.7,,,,,,1.3,1.8,,,,2023,7,28,195,0,0,1,1
257,양산시,2023-07-15,26.6,23.9,2349,28.5,1451,2.5,2214.0,3.7,2201.0,,5.1,9.8,200,32,5.7,230,30,3.7,3177,230,25.3,85.0,418.0,93.3,32.3,1003.1,1006.6,2308,1002.1,214,1003.8,14.3,0.0,1500.0,0.87,6.34,,,,,,9.3,5.4,26.6,24.8,25.5,26.1,25.2,25.5,,,,,,1.3,1.8,,,,2023,7,28,196,0,0,1,1
257,양산시,2023-07-16,24.3,22.9,423,26.4,1316,10.5,1139.0,34.8,1530.0,,137.1,4.8,230,311,3.0,230,311,1.1,928,230,24.1,96.0,300.0,99.5,30.1,1008.5,1012.1,2243,1006.1,21,1009.2,14.3,0.0,1200.0,0.84,5.17,,,,,,9.0,3.6,24.1,23.5,24.8,25.5,24.9,25.3,,,,,,1.0,1.4,,,,2023,7,28,197,0,0,1,1
257,양산시,2023-07-17,27.1,23.7,438,31.5,1404,3.9,205.0,9.2,116.0,,11.8,10.0,230,1436,5.6,230,1209,2.4,2039,230,25.7,74.0,1531.0,93.0,33.1,1012.1,1014.4,2139,1011.4,20,1012.8,14.3,4.5,1200.0,3.31,20.81,,,,,,7.6,1.9,31.0,24.3,27.3,27.8,25.7,25.8,,,,,,3.6,5.1,,,,2023,7,29,198,0,0,1,1
257,양산시,2023-07-18,25.6,24.5,2355,28.7,1026,11.3,1900.0,27.0,2012.0,,117.0,9.0,200,2031,4.2,230,1618,1.3,1135,200,25.2,82.0,1031.0,98.3,32.1,1009.7,1013.9,9,1006.5,2356,1010.4,14.3,0.0,900.0,1.04,4.94,,,,,,9.8,4.1,25.4,25.0,25.5,26.4,25.9,26.4,,,,,,1.1,1.6,,,,2023,7,29,199,0,0,1,1
257,양산시,2023-07-19,25.8,23.3,2323,29.5,1139,,,,,,,8.2,110,734,3.8,70,745,1.5,1313,70,23.3,69.0,1141.0,87.1,28.6,1006.6,1008.8,2334,1005.7,119,1007.3,14.2,2.5,1500.0,1.96,13.48,,,,,,5.6,4.6,27.6,24.2,25.9,26.6,25.7,26.0,,,,,,2.5,3.5,,,,2023,7,29,200,0,0,1,0
257,양산시,2023-07-20,26.2,22.5,507,32.5,1210,,,,,,,6.5,200,1522,3.4,230,1525,1.5,1302,230,23.5,64.0,1211.0,86.5,29.0,1008.4,1011.0,2347,1008.0,1337,1009.1,14.2,5.8,1200.0,3.46,21.53,,,,,,5.9,2.6,29.2,23.9,27.2,27.9,26.5,26.6,,,,,,3.9,5.5,,,,2023,7,29,201,0,0,1,0
257,양산시,2023-07-21,27.1,23.1,447,33.1,1424,,,,,,,7.5,50,2157,3.9,50,2153,1.6,1375,70,22.5,51.0,1657.0,77.8,27.3,1012.1,1015.0,2350,1010.9,1,1012.8,14.2,7.3,1200.0,3.19,22.75,,,,,,2.8,1.4,31.6,23.8,28.0,28.9,27.1,27.1,,,,,,4.7,6.7,,,,2023,7,29,202,0,0,1,0
257,양산시,2023-07-22,25.9,22.7,244,29.5,1434,0.3,1151.0,0.3,1101.0,,0.5,7.5,20,525,4.5,50,533,1.8,1530,50,22.5,64.0,1450.0,82.4,27.3,1013.7,1015.5,134,1013.2,1706,1014.4,14.2,1.8,1000.0,1.62,12.31,,,,,,7.8,4.4,28.5,22.8,26.3,27.1,26.5,26.9,,,,,,2.1,3.0,,,,2023,7,29,203,0,0,1,0
257,양산시,2023-07-23,27.4,24.5,16,31.3,1223,1.6,1926.0,2.6,1836.0,,4.1,11.6,230,1202,6.2,230,1126,3.0,2607,230,25.9,74.0,1227.0,92.8,33.5,1010.1,1014.0,1,1008.9,1750,1010.8,14.2,1.4,1100.0,3.02,15.31,,,,,,8.5,5.8,27.8,25.3,27.2,28.0,26.8,27.0,,,,,,2.9,4.1,,,,2023,7,29,204,0,0,1,1
257,양산시,2023-07-24,26.9,24.9,2358,31.9,1233,11.1,1446.0,13.1,1423.0,,18.7,11.4,230,1319,6.5,230,1442,3.0,2607,230,26.0,73.0,1349.0,95.8,33.7,1009.6,1012.3,2141,1009.0,342,1010.3,14.1,3.1,1100.0,2.94,16.1,,,,,,7.4,4.6,26.7,25.6,27.0,28.1,27.3,27.3,,,,,,3.0,4.2,,,,2023,7,30,205,0,0,1,1
257,양산시,2023-07-25,27.4,24.7,56,31.8,1204,1.0,1240.0,1.6,1342.0,,2.6,9.9,230,1213,5.5,230,1222,2.0,1743,230,25.0,68.0,1041.0,87.8,31.7,1013.1,1015.4,2255,1011.6,5,1013.8,14.1,5.6,1100.0,3.12,17.79,,,,,,5.9,2.8,28.1,25.3,27.1,28.0,27.2,27.4,,,,,,3.2,4.6,,,,2023,7,30,206,0,0,1,1
257,양산시,2023-07-26,28.7,24.8,57,33.3,1400,,,,,,,7.5,200,1237,4.4,230,1314,1.8,1591,230,25.2,62.0,1140.0,82.9,32.1,1014.4,1016.8,800,1013.2,1748,1015.1,14.1,8.8,1200.0,3.36,24.58,,,,,,6.5,2.4,32.7,25.6,29.1,29.8,27.8,27.9,,,,,,4.9,7.0,,,,2023,7,30,207,0,0,1,0
257,양산시,2023-07-27,29.5,25.1,448,35.4,1455,,,,,,,5.6,230,1558,3.2,230,1606,1.4,1232,230,24.4,54.0,1258.0,76.1,30.6,1013.5,1015.4,1,1012.6,1600,1014.2,14.1,10.5,1200.0,3.24,25.63,,,,,,3.3,0.4,32.8,25.6,29.6,30.5,28.6,28.5,,,,,,5.1,7.3,,,,2023,7,30,208,0,0,1,0
257,양산시,2023-07-28,29.9,25.5,342,35.6,1433,,,,,,,5.1,250,1334,3.2,200,1516,1.2,1065,230,24.8,53.0,1435.0,76.1,31.4,1013.3,1015.0,647,1012.6,1723,1014.0,14.0,9.7,1200.0,3.13,24.05,,,,,,5.6,0.1,33.7,26.1,30.0,31.1,29.1,29.0,,,,,,5.0,7.2,,,,2023,7,30,209,0,0,1,0
257,양산시,2023-07-29,30.3,24.8,517,36.5,1445,,,,,,,5.7,250,1723,3.5,250,1718,1.1,983,230,24.0,44.0,1226.0,71.6,29.8,1013.4,1015.0,3,1012.4,1559,1014.1,14.0,11.0,1200.0,3.35,26.21,,,,,,2.1,0.5,33.1,25.5,30.4,31.5,29.5,29.4,,,,,,5.5,7.9,,,,2023,7,30,210,0,0,1,0
257,양산시,2023-07-30,29.5,24.6,516,35.2,1404,,,,,,,8.3,250,1450,4.2,250,1554,1.5,1339,250,23.4,49.0,1345.0,71.6,28.7,1012.6,1014.7,824,1011.5,1747,1013.3,14.0,10.7,1200.0,3.42,26.24,,,,,,3.9,0.9,32.9,25.6,30.6,31.8,29.9,29.8,,,,,,5.5,7.8,,,,2023,7,30,211,0,0,1,0
257,양산시,2023-07-31,29.3,24.2,549,36.3,1432,,,,,,,6.9,140,1549,3.4,160,1551,1.2,1057,200,23.0,44.0,1425.0,70.5,28.1,1011.3,1013.9,1,1010.4,1542,1012.0,14.0,9.1,1300.0,3.22,21.57,,,,,,5.4,1.4,32.9,25.7,30.5,31.7,29.9,29.9,,,,,,4.5,6.4,,,,2023,7,31,212,0,0,1,0
257,양산시,2023-08-01,29.9,24.9,439,35.6,1432,,,,,,,7.3,110,1429,3.2,180,1201,1.5,1337,50,22.6,42.0,1433.0,66.8,27.4,1010.0,1012.2,859,1009.0,1711,1010.7,13.9,10.1,1200.0,3.39,25.25,,,,,,5.0,0.5,32.0,25.9,30.9,32.0,30.1,30.0,,,,,,5.2,7.5,,,,2023,8,31,213,0,0,1,0
257,양산시,2023-08-02,29.9,24.4,534,36.0,1450,,,,,,,5.7,230,1612,3.4,200,1644,1.3,1121,230,23.8,45.0,1628.0,71.5,29.4,1007.1,1009.9,1,1005.4,1811,1007.8,13.9,9.1,1200.0,3.01,21.93,,,,,,5.6,0.0,33.9,26.0,31.0,32.0,30.2,30.2,,,,,,4.6,6.6,,,,2023,8,31,214,0,0,1,0
257,양산시,2023-08-03,31.0,25.8,551,36.9,1329,,,,,,,6.8,230,1432,3.9,250,1527,1.6,1408,200,23.9,47.0,1420.0,68.1,29.6,1005.3,1007.1,1,1004.8,1732,1006.0,13.9,10.7,1100.0,3.11,25.01,,,,,,4.1,0.3,34.4,26.8,31.6,32.6,30.7,30.5,,,,,,5.4,7.7,,,,2023,8,31,215,0,0,1,0
257,양산시,2023-08-04,30.8,25.5,526,37.4,1316,,,,,,,5.8,230,1605,3.4,230,1703,1.4,1231,230,24.2,46.0,1321.0,70.3,30.2,1003.5,1005.9,214,1002.5,1756,1004.2,13.9,10.0,1200.0,3.55,22.84,,,,,,4.4,0.1,34.6,26.9,32.1,32.9,31.0,30.8,,,,,,5.0,7.2,,,,2023,8,31,216,0,0,1,0
257,양산시,2023-08-05,31.0,25.7,449,37.0,1347,,,,,,,8.6,110,1537,3.8,140,1500,1.6,1351,50,24.6,52.0,1838.0,70.4,31.0,999.2,1002.8,1,997.7,1745,999.9,13.8,10.6,1200.0,3.2,25.19,,,,,,2.9,1.4,34.0,26.8,32.4,33.2,31.2,31.1,,,,,,5.3,7.6,,,,2023,8,31,217,0,0,1,0
257,양산시,2023-08-06,31.3,27.3,359,36.9,1439,,,,,,,9.9,50,1930,4.0,70,1933,2.3,1979,50,23.9,48.0,1505.0,66.0,29.6,997.1,999.4,9,995.9,1556,997.8,13.8,7.2,1400.0,2.72,20.2,,,,,,4.3,1.3,35.0,27.8,32.2,33.0,31.3,31.3,,,,,,5.1,7.3,,,,2023,8,31,218,0,0,1,0
257,양산시,2023-08-07,30.8,27.8,2347,36.0,1211,,,,,,,10.2,50,844,5.1,50,912,3.0,2609,70,24.3,54.0,1212.0,69.5,30.5,998.0,1000.6,2357,997.3,1514,998.7,13.8,7.8,1000.0,3.02,20.69,,,,,,4.4,3.9,33.7,28.2,31.9,32.6,31.2,31.2,,,,,,4.9,6.9,,,,2023,8,32,219,0,0,1,0
257,양산시,2023-08-08,29.1,26.8,2310,34.2,1402,,,,,,,12.6,50,1726,5.8,50,1217,3.9,3388,70,23.4,57.0,1342.0,72.3,28.8,1000.8,1002.9,2236,1000.1,246,1001.5,13.7,7.2,1200.0,3.42,23.54,,,,,,6.6,4.8,32.3,27.7,32.3,32.9,31.2,31.2,,,,,,5.2,7.5,,,,2023,8,32,220,0,0,1,0
257,양산시,2023-08-09,25.4,24.3,1033,26.8,1,9.5,2259.0,24.5,2225.0,,70.0,12.9,50,2341,5.5,50,2119,3.9,3350,70,23.9,78.0,1.0,92.1,29.7,999.8,1002.8,2,996.2,2351,1000.5,13.7,0.0,1100.0,0.42,2.34,,,,,,9.8,4.6,24.3,24.6,27.2,28.4,29.2,30.1,,,,,,0.6,0.8,,,,2023,8,32,221,0,0,1,1
257,양산시,2023-08-10,26.0,24.3,2300,27.7,800,9.8,834.0,42.0,831.0,,229.3,21.3,50,635,8.6,50,638,4.4,3806,230,23.9,77.0,1748.0,89.4,29.9,991.0,999.5,2354,982.2,951,991.7,13.7,0.0,900.0,0.64,4.54,,,,,,8.1,6.0,24.2,23.9,24.8,25.8,25.7,26.6,,,,,,1.7,2.4,,,,2023,8,32,222,0,0,1,1
257,양산시,2023-08-11,27.4,22.6,529,32.3,1313,,,,,,,8.4,250,1606,4.5,250,1609,2.2,1934,230,23.0,58.0,1124.0,77.9,28.0,1001.5,1004.0,2122,999.5,1,1002.2,13.6,10.2,1200.0,3.35,24.63,,,,,,4.6,0.8,30.0,23.0,27.2,28.0,26.5,26.9,,,,,,4.5,6.5,,,,2023,8,32,223,0,0,1,0
257,양산시,2023-08-12,27.9,23.6,2342,33.1,1351,0.1,,0.1,,,0.1,5.7,230,1353,3.1,250,1313,1.2,1035,230,22.7,54.0,1304.0,75.1,27.7,1003.0,1005.0,2310,1002.4,1505,1003.7,13.6,8.0,1200.0,3.32,23.19,,,,,,6.8,1.0,31.8,24.5,29.0,29.6,27.8,28.0,,,,,,4.6,6.6,,,,2023,8,32,224,0,0,1,0
257,양산시,2023-08-13,27.8,22.0,451,34.1,1422,,,,,,,6.4,110,1202,3.0,50,826,1.4,1246,50,22.5,50.0,1348.0,74.3,27.3,1004.0,1006.1,2352,1003.3,1451,1004.7,13.6,7.3,1300.0,2.9,20.06,,,,,,5.9,2.4,30.9,23.0,28.5,29.1,27.9,28.2,,,,,,4.1,5.8,,,,2023,8,32,225,0,0,1,0
257,양산시,2023-08-14,28.5,24.9,532,33.4,1250,,,,,,,8.2,50,1452,3.6,50,1458,2.2,1863,70,22.7,53.0,1215.0,71.8,27.6,1004.6,1006.3,1033,1004.1,1659,1005.3,13.6,5.4,1200.0,2.95,18.35,,,,,,7.1,4.4,29.8,24.5,28.3,29.4,28.1,28.4,,,,,,4.1,5.8,,,,2023,8,33,226,0,0,1,0
257,양산시,2023-08-15,28.7,25.4,304,33.9,1359,,,,,,,10.1,70,1818,5.4,70,1819,2.7,2301,70,21.7,50.0,1257.0,67.1,26.0,1003.1,1005.5,1,1001.6,1604,1003.8,13.5,9.7,1200.0,3.29,24.61,,,,,,4.8,2.4,31.8,24.2,29.3,30.4,28.6,28.7,,,,,,5.1,7.3,,,,2023,8,33,227,0,0,1,0
257,양산시,2023-08-16,27.3,24.9,242,31.1,1205,0.0,,0.0,,,0.0,6.3,230,1234,3.6,230,1259,1.4,1210,230,23.1,67.0,1206.0,78.4,28.3,1003.4,1005.4,2237,1003.2,1631,1004.1,13.5,0.8,1100.0,2.2,12.58,,,,,,7.4,4.6,29.7,24.9,28.4,29.5,28.6,28.9,,,,,,2.8,4.0,,,,2023,8,33,228,0,0,1,0
257,양산시,2023-08-17,26.8,24.7,535,30.2,1622,,,,,,,6.7,110,1016,3.5,50,1615,1.9,1645,70,22.9,67.0,1615.0,79.8,27.9,1004.6,1006.3,2338,1004.2,1707,1005.3,13.5,1.5,1600.0,1.65,10.37,,,,,,9.1,5.0,28.1,23.9,27.5,28.6,28.0,28.5,,,,,,2.0,2.9,,,,2023,8,33,229,0,0,1,0
257,양산시,2023-08-18,26.8,24.4,556,30.6,1627,1.2,546.0,1.8,509.0,,2.5,6.8,50,1134,3.8,50,2358,2.1,1779,70,24.1,70.0,1628.0,86.3,30.1,1006.0,1008.9,2249,1005.6,320,1006.7,13.4,1.9,1600.0,1.73,9.66,,,,,,7.9,5.0,27.5,24.1,26.7,27.8,27.5,28.1,,,,,,2.0,2.9,,,,2023,8,33,230,0,0,1,1
257,양산시,2023-08-19,27.3,25.4,408,30.1,1347,2.5,1825.0,5.9,259.0,,17.0,6.3,70,224,3.7,50,2,1.2,1047,50,26.1,78.0,1002.0,93.8,33.9,1009.0,1011.0,2344,1008.4,49,1009.7,13.4,0.4,1300.0,1.62,7.68,,,,,,6.9,4.6,27.2,25.0,27.2,28.2,27.4,27.9,,,,,,1.5,2.2,,,,2023,8,33,231,0,0,1,1
257,양산시,2023-08-20,29.5,26.1,2358,35.1,1243,1.4,226.0,3.4,140.0,,5.2,6.8,200,1349,3.8,230,1430,1.5,1277,200,26.0,62.0,1210.0,83.4,33.6,1010.3,1012.1,907,1009.8,1726,1011.0,13.4,9.8,1200.0,3.51,23.89,,,,,,4.4,0.8,32.3,25.9,29.3,30.3,28.4,28.5,,,,,,4.7,6.8,,,,2023,8,33,232,0,0,1,1
257,양산시,2023-08-21,29.2,25.2,228,34.6,1311,,,,,,,6.6,200,1508,3.6,230,1456,1.4,1189,230,24.6,55.0,1333.0,78.0,30.9,1008.3,1011.2,1,1007.4,1653,1009.0,13.3,10.6,1100.0,3.18,23.42,,,,,,3.8,0.6,32.0,25.1,29.3,30.4,28.9,29.1,,,,,,4.6,6.5,,,,2023,8,34,233,0,0,1,0
257,양산시,2023-08-22,29.0,24.9,343,33.7,1350,,,,,,,9.1,230,1427,5.5,200,1246,2.0,1742,230,24.5,52.0,1431.0,78.0,30.7,1005.5,1008.3,1,1004.5,1535,1006.2,13.3,9.0,1200.0,3.29,23.83,,,,,,5.0,2.6,31.8,24.9,29.6,30.7,29.1,29.2,,,,,,5.2,7.5,,,,2023,8,34,234,0,0,1,0
257,양산시,2023-08-23,29.3,25.5,2231,33.8,1514,9.8,2258.0,28.6,2206.0,,29.2,8.0,250,1737,4.6,250,1546,1.9,1635,230,24.8,56.0,1110.0,78.9,31.4,1005.5,1007.8,2207,1004.5,1522,1006.2,13.3,9.8,1100.0,3.16,23.92,,,,,,5.3,2.0,32.5,24.9,29.9,31.0,29.4,29.5,,,,,,4.6,6.5,,,,2023,8,34,235,0,0,1,1
257,양산시,2023-08-24,26.3,24.0,2324,31.0,1233,17.3,258.0,32.9,454.0,,112.8,9.1,200,2347,4.7,200,2349,1.5,1334,200,25.7,73.0,1240.0,97.0,32.9,1006.3,1008.0,810,1006.0,1740,1007.0,13.2,0.3,1200.0,2.01,6.83,,,,,,10.0,5.1,25.3,23.5,26.5,27.9,27.7,28.5,,,,,,1.6,2.3,,,,2023,8,34,236,0,0,1,1
257,양산시,2023-08-25,27.7,24.0,558,33.1,1442,3.6,4.0,6.0,1.0,,6.0,6.9,200,5,4.5,200,12,1.7,1429,230,23.5,51.0,1438.0,79.6,28.9,1006.8,1008.9,2307,1006.0,353,1007.5,13.2,8.8,1300.0,3.29,22.44,,,,,,5.9,2.1,31.8,23.7,27.9,29.0,27.7,28.1,,,,,,4.4,6.3,,,,2023,8,34,237,0,0,1,1
257,양산시,2023-08-26,27.6,23.6,539,33.7,1420,,,,,,,6.4,180,1309,3.5,140,1312,1.4,1172,50,22.6,51.0,1309.0,75.9,27.4,1007.8,1009.9,654,1006.7,1549,1008.5,13.2,8.6,1100.0,2.82,21.02,,,,,,2.8,1.0,28.1,23.6,27.7,29.0,28.1,28.5,,,,,,4.3,6.2,,,,2023,8,34,238,0,0,1,0
257,양산시,2023-08-27,27.9,24.2,449,33.1,1352,,,,,,,10.0,110,1419,5.0,110,1422,2.6,2242,50,22.5,57.0,1357.0,73.3,27.2,1007.3,1008.8,1,1006.5,1455,1008.0,13.1,8.2,1300.0,2.68,20.85,,,,,,5.0,1.0,30.7,22.9,27.8,29.0,28.0,28.4,,,,,,4.4,6.4,,,,2023,8,34,239,0,0,1,0
257,양산시,2023-08-28,27.3,25.6,217,30.7,1255,,,,,,,9.3,50,730,4.5,50,724,2.3,1976,70,23.3,65.0,1048.0,79.4,28.6,1007.1,1008.7,2258,1006.9,1449,1007.8,13.1,2.2,900.0,1.7,11.61,,,,,,7.1,5.5,27.1,23.9,26.5,27.9,27.6,28.2,,,,,,2.5,3.6,,,,2023,8,35,240,0,0,1,0
257,양산시,2023-08-29,27.3,24.8,538,31.5,1012,6.8,1246.0,11.3,1740.0,,18.7,12.9,180,1223,6.4,230,1241,2.4,2055,230,25.2,66.0,1008.0,89.0,32.0,1006.9,1008.8,2125,1006.4,1519,1007.6,13.0,1.7,1000.0,2.23,9.47,,,,,,8.6,5.4,26.8,24.1,26.4,27.7,27.4,27.9,,,,,,1.8,2.6,,,,2023,8,35,241,0,0,1,1
257,양산시,2023-08-30,27.1,24.6,628,29.5,1616,10.5,623.0,13.8,840.0,,24.6,10.9,250,619,5.0,230,626,0.8,734,140,25.3,76.0,1501.0,90.1,32.2,1007.9,1009.9,850,1007.5,1643,1008.6,13.0,0.0,1100.0,1.14,4.92,,,,,,8.5,4.1,26.3,24.2,26.2,27.5,27.0,27.6,,,,,,1.2,1.7,,,,2023,8,35,242,0,0,1,1
257,양산시,2023-08-31,27.3,24.6,2130,32.4,1259,2.6,2103.0,6.6,2013.0,,16.0,6.2,70,2235,3.4,50,2142,1.5,1288,230,25.1,62.0,1203.0,89.1,31.8,1008.4,1010.6,2059,1007.8,430,1009.1,13.0,4.2,1100.0,3.4,16.36,,,,,,7.0,2.4,28.0,24.9,27.5,28.7,27.5,27.8,,,,,,2.9,4.2,,,,2023,8,35,243,0,0,1,1
257,양산시,2023-09-01,24.9,24.0,632,26.8,1259,5.1,1918.0,11.0,1854.0,,27.8,6.6,50,37,3.6,50,37,1.1,964,50,24.5,87.0,1301.0,98.1,30.8,1010.1,1011.9,1040,1009.0,220,1010.8,12.9,0.0,900.0,0.55,4.39,,,,,,9.9,3.8,24.8,24.0,25.5,26.9,26.9,27.5,,,,,,0.9,1.3,,,,2023,9,35,244,0,0,1,1
257,양산시,2023-09-02,24.9,23.0,2038,30.9,1235,4.1,1452.0,8.1,1427.0,,25.1,6.8,70,1157,3.5,180,1450,1.3,1145,70,23.6,64.0,1224.0,93.8,29.2,1011.0,1012.8,2045,1010.7,1422,1011.7,12.9,1.5,1200.0,2.2,10.22,,,,,,6.9,3.0,24.5,23.4,25.5,27.0,26.5,27.1,,,,,,2.2,3.1,,,,2023,9,35,245,0,0,1,1
257,양산시,2023-09-03,27.1,22.6,534,33.1,1353,,,,,,,6.5,50,2316,3.1,50,2323,1.4,1252,50,23.5,58.0,1345.0,81.9,29.0,1011.5,1013.0,657,1010.8,1536,1012.2,12.9,6.2,1100.0,3.16,17.61,,,,,,5.9,2.5,26.3,22.5,26.3,27.7,26.8,27.2,,,,,,3.4,4.9,,,,2023,9,35,246,0,0,1,0
257,양산시,2023-09-04,27.8,24.2,411,32.4,1530,0.0,,0.0,,,0.0,8.7,70,1623,3.9,50,1542,2.4,2040,70,22.9,61.0,1115.0,75.9,27.9,1010.6,1012.4,37,1009.9,1539,1011.3,12.8,7.8,1000.0,2.48,18.32,,,,,,4.5,2.1,29.6,23.0,26.4,27.8,27.1,27.5,,,,,,3.9,5.6,,,,2023,9,36,247,0,0,1,0
257,양산시,2023-09-05,27.0,23.6,517,31.7,1341,,,,,,,11.7,20,1514,5.3,70,1102,3.1,2665,50,20.0,47.0,1330.0,66.9,23.4,1009.8,1011.6,932,1009.2,1502,1010.5,12.8,9.1,1300.0,2.91,20.09,,,,,,3.6,0.5,27.0,22.2,25.8,27.5,26.9,27.4,,,,,,4.7,6.7,,,,2023,9,36,248,0,0,1,0
257,양산시,2023-09-06,27.1,24.6,541,31.0,1440,,,,,,,12.0,50,1223,5.5,50,1241,3.3,2862,70,20.7,53.0,1523.0,68.6,24.4,1010.1,1012.7,2150,1009.4,113,1010.8,12.8,7.7,1200.0,2.89,19.62,,,,,,5.8,2.1,28.0,22.3,26.0,27.6,26.7,27.2,,,,,,4.6,6.5,,,,2023,9,36,249,0,0,1,0
257,양산시,2023-09-07,25.4,22.3,545,30.2,1504,,,,,,,10.8,50,1107,5.3,70,1145,2.9,2526,70,18.6,50.0,1507.0,67.0,21.5,1012.6,1014.3,2138,1012.3,158,1013.3,12.7,5.9,1000.0,2.33,16.1,,,,,,1.0,0.9,25.7,20.0,24.5,26.2,26.2,26.9,,,,,,3.8,5.4,,,,2023,9,36,250,0,0,1,0
257,양산시,2023-09-08,25.2,21.4,2336,30.4,1412,,,,,,,8.2,50,1032,3.9,50,1615,2.2,1885,70,17.8,40.0,1602.0,65.5,20.5,1011.5,1013.9,1,1010.6,1637,1012.2,12.7,7.9,1400.0,2.83,19.51,,,,,,2.9,1.6,26.3,20.1,25.2,26.9,26.1,26.7,,,,,,4.3,6.1,,,,2023,9,36,251,0,0,1,0
257,양산시,2023-09-09,24.0,18.2,504,31.2,1424,,,,,,,7.7,110,1638,4.0,110,1705,1.6,1421,50,18.2,45.0,1221.0,72.5,20.9,1010.5,1012.1,706,1009.3,1613,1011.2,12.7,10.3,1200.0,3.16,23.24,,,,,,0.0,0.0,25.7,18.1,25.3,27.0,26.1,26.6,,,,,,4.6,6.6,,,,2023,9,36,252,0,0,1,0
257,양산시,2023-09-10,25.1,19.2,341,31.1,1148,,,,,,,6.4,110,1842,3.4,160,1436,1.6,1380,50,19.8,52.0,1150.0,73.9,23.2,1009.7,1011.9,1,1008.6,1551,1010.4,12.6,7.5,1100.0,3.04,17.85,,,,,,4.9,2.8,25.4,18.8,25.0,26.6,26.2,26.7,,,,,,3.5,5.0,,,,2023,9,36,253,0,0,1,0
257,양산시,2023-09-11,26.1,20.7,524,32.2,1232,,,,,,,6.5,200,1519,3.1,230,1422,1.2,1026,50,21.0,48.0,1225.0,75.6,24.9,1008.4,1010.8,2358,1007.3,1432,1009.1,12.6,9.5,1200.0,3.18,22.1,,,,,,4.8,1.0,28.5,20.2,26.4,28.1,26.9,27.1,,,,,,4.1,5.9,,,,2023,9,37,254,0,0,1,0
257,양산시,2023-09-12,26.2,22.2,559,32.2,1245,,,,,,,4.3,160,1404,2.8,160,1411,0.9,764,160,21.6,51.0,1318.0,77.4,25.8,1009.8,1011.6,2139,1008.7,1606,1010.5,12.5,4.1,1000.0,2.13,15.72,,,,,,8.4,1.9,27.7,21.5,26.7,28.3,27.3,27.6,,,,,,2.9,4.2,,,,2023,9,37,255,0,0,1,0
257,양산시,2023-09-13,26.5,23.5,2333,31.1,1325,0.9,2305.0,0.9,2301.0,,0.9,7.4,50,2349,4.0,50,2359,1.5,1268,70,22.7,62.0,1333.0,80.4,27.6,1009.4,1011.5,58,1008.3,1551,1010.1,12.5,0.2,1300.0,1.58,9.22,,,,,,9.6,4.5,26.7,22.6,26.2,27.9,27.1,27.6,,,,,,1.9,2.7,,,,2023,9,37,256,0,0,1,0
257,양산시,2023-09-14,24.1,22.0,400,26.4,1355,15.6,317.0,39.8,308.0,,42.7,8.3,70,35,4.1,50,257,2.6,2205,50,21.9,79.0,1203.0,88.3,26.3,1011.3,1014.6,2055,1008.3,251,1012.0,12.5,0.0,1000.0,0.75,4.76,,,,,,9.6,4.6,21.7,21.1,23.6,25.4,25.7,26.5,,,,,,1.5,2.2,,,,2023,9,37,257,0,0,1,1
257,양산시,2023-09-15,25.1,23.7,427,28.4,1408,1.0,1139.0,1.0,1131.0,,1.2,8.6,50,529,4.3,70,814,2.4,2092,50,22.7,73.0,1012.0,87.1,27.7,1012.4,1014.7,15,1011.8,1637,1013.1,12.4,1.2,800.0,1.55,8.42,,,,,,7.1,4.0,25.0,22.1,23.9,25.7,25.3,26.0,,,,,,1.5,2.1,,,,2023,9,37,258,0,0,1,1
257,양산시,2023-09-16,24.1,23.0,458,26.3,836,10.8,1022.0,19.0,942.0,,49.2,8.4,20,1151,4.7,70,1154,0.9,793,50,23.7,86.0,841.0,98.0,29.2,1012.0,1014.2,1017,1011.3,1535,1012.7,12.4,0.1,1300.0,0.95,2.75,,,,,,7.6,4.3,22.4,22.5,23.6,25.4,25.1,25.8,,,,,,0.5,0.7,,,,2023,9,37,259,0,0,1,1
257,양산시,2023-09-17,24.3,22.5,2247,27.4,1202,19.4,513.0,76.9,513.0,,108.3,6.3,250,1539,3.6,230,1524,0.9,818,200,23.8,83.0,731.0,97.8,29.6,1010.3,1012.2,2306,1009.3,345,1011.0,12.4,0.2,1100.0,1.4,4.69,,,,,,8.6,3.9,23.0,21.4,23.1,24.8,24.3,24.9,,,,,,1.0,1.5,,,,2023,9,37,260,0,0,1,1
257,양산시,2023-09-18,25.7,22.2,131,31.4,1432,0.4,430.0,0.7,350.0,,0.7,6.5,200,1358,4.0,230,1505,1.3,1142,230,22.8,63.0,1409.0,85.8,27.8,1011.7,1013.6,1008,1011.1,1507,1012.4,12.3,7.8,1200.0,3.07,19.31,,,,,,5.6,2.8,27.1,21.7,24.9,26.6,25.1,25.4,,,,,,3.6,5.2,,,,2023,9,38,261,0,0,1,0
257,양산시,2023-09-19,25.7,21.9,2329,31.9,1402,0.0,,0.0,,,0.0,6.4,230,1535,3.8,230,1540,1.7,1431,230,21.4,43.0,1439.0,80.0,25.6,1012.7,1014.5,905,1012.0,1540,1013.4,12.3,8.1,1200.0,2.94,18.37,,,,,,5.1,0.3,25.5,21.6,24.9,26.8,25.7,26.1,,,,,,3.4,4.9,,,,2023,9,38,262,0,0,1,0
257,양산시,2023-09-20,23.9,21.0,400,27.0,2332,8.2,1723.0,15.9,1710.0,,38.8,15.0,250,2356,6.4,250,2332,1.6,1382,70,22.1,68.0,1520.0,90.5,26.7,1008.9,1014.0,1,1003.1,2400,1009.6,12.3,0.0,1000.0,0.83,4.67,,,,,,8.9,3.9,22.0,20.8,23.1,24.9,25.0,25.8,,,,,,1.1,1.6,,,,2023,9,38,263,0,0,1,1
257,양산시,2023-09-21,21.8,19.5,1951,27.0,6,12.5,43.0,29.6,31.0,,41.1,12.5,230,10,6.5,230,5,3.5,2998,70,18.5,68.0,1358.0,82.0,21.6,1009.0,1014.0,2332,1002.9,106,1009.7,12.2,0.0,1300.0,1.05,6.43,,,,,,8.4,4.8,21.1,19.3,22.1,23.9,24.1,24.9,,,,,,1.9,2.7,,,,2023,9,38,264,0,0,1,1
257,양산시,2023-09-22,22.3,19.0,629,27.7,1517,,,,,,,7.5,110,1637,3.9,110,1640,2.0,1751,50,16.9,55.0,1506.0,72.0,19.2,1014.3,1017.2,2349,1013.5,1510,1015.0,12.2,5.4,1300.0,2.52,15.08,,,,,,4.4,2.9,24.4,18.4,21.8,23.6,23.5,24.2,,,,,,2.7,3.8,,,,2023,9,38,265,0,0,1,0
257,양산시,2023-09-23,21.3,16.0,511,27.6,1356,,,,,,,11.3,110,1055,5.0,90,1430,2.2,1921,70,14.9,39.0,1328.0,70.1,17.0,1017.9,1019.9,2144,1016.9,24,1018.6,12.1,5.5,1100.0,2.8,15.86,,,,,,6.5,1.0,20.3,16.3,21.1,22.8,23.1,23.9,,,,,,4.1,5.8,,,,2023,9,38,266,0,0,1,0
257,양산시,2023-09-24,22.9,20.3,530,27.4,1252,,,,,,,10.7,110,1318,4.7,110,1344,3.0,2630,70,15.1,37.0,1154.0,63.1,17.3,1017.9,1020.3,948,1017.1,2356,1018.6,12.1,6.3,1100.0,2.89,16.89,,,,,,4.5,2.8,22.8,17.5,21.1,22.9,22.9,23.7,,,,,,3.7,5.4,,,,2023,9,38,267,0,0,1,0
257,양산시,2023-09-25,24.0,20.9,103,28.4,1257,,,,,,,8.7,50,903,4.3,50,1524,2.7,2362,70,18.2,59.0,1057.0,70.4,20.9,1014.7,1017.2,3,1014.1,1417,1015.4,12.1,2.7,1100.0,2.36,13.67,,,,,,9.4,4.3,24.6,18.5,22.0,23.8,23.2,23.8,,,,,,2.9,4.1,,,,2023,9,39,268,0,0,1,0
257,양산시,2023-09-26,23.0,21.9,854,25.2,1136,0.7,842.0,1.0,754.0,,1.7,6.4,50,102,3.7,50,303,1.5,1302,50,21.2,75.0,303.0,90.6,25.3,1012.1,1014.8,1,1011.7,1718,1012.8,12.0,0.0,1100.0,0.94,3.39,,,,,,8.0,3.8,20.7,20.7,21.8,23.6,23.4,24.1,,,,,,0.9,1.3,,,,2023,9,39,269,0,0,1,1
257,양산시,2023-09-27,25.3,21.9,605,30.9,1359,,,,,,,6.2,250,1324,3.1,270,1301,1.3,1125,230,21.5,55.0,1336.0,80.8,25.7,1010.0,1012.0,748,1008.8,1524,1010.7,12.0,4.6,1000.0,2.48,14.88,,,,,,7.9,5.3,26.3,20.7,23.7,25.4,24.1,24.4,,,,,,2.9,4.2,,,,2023,9,39,270,0,0,1,0
257,양산시,2023-09-28,24.7,20.1,2356,30.4,1556,,,,,,,5.8,50,1145,3.4,50,1154,1.4,1209,320,19.1,48.0,1548.0,73.0,22.1,1011.6,1014.0,2341,1010.8,127,1012.3,12.0,8.6,1200.0,2.83,19.2,,,,,,3.0,1.9,27.5,19.6,24.2,26.1,24.9,25.2,,,,,,4.0,5.8,,,,2023,9,39,271,0,0,1,0
257,양산시,2023-09-29,23.1,17.2,621,30.6,1406,,,,,,,5.4,230,1528,3.1,230,1523,1.0,878,50,16.6,25.0,1309.0,71.3,19.0,1012.5,1015.4,717,1011.5,2346,1013.2,11.9,8.7,1200.0,2.9,19.34,,,,,,4.0,2.1,23.8,16.9,22.8,24.8,24.3,24.8,,,,,,3.7,5.2,,,,2023,9,39,272,0,0,1,0
257,양산시,2023-09-30,20.6,17.8,2323,24.9,1535,0.4,933.0,0.6,838.0,,0.8,5.6,340,738,2.8,290,739,1.5,1296,200,16.7,53.0,1441.0,79.8,19.1,1009.7,1012.2,927,1008.5,1611,1010.4,11.9,2.4,1400.0,2.08,7.97,,,,,,6.6,3.1,22.1,17.3,21.8,23.7,23.8,24.5,,,,,,1.8,2.5,,,,2023,9,39,273,0,0,1,0
257,양산시,2023-10-01,20.0,14.2,2350,26.6,1510,,,,,,,8.7,50,1031,3.4,70,1107,1.6,1357,230,12.1,30.0,1516.0,65.1,14.3,1012.3,1016.3,2326,1010.4,416,1013.0,11.9,8.3,1200.0,2.91,19.04,,,,,,2.8,0.5,19.1,14.5,20.9,22.9,22.9,23.6,,,,,,4.1,5.8,,,,2023,10,39,274,0,0,1,0
257,양산시,2023-10-02,18.8,12.5,428,27.0,1515,,,,,,,7.3,110,1750,3.6,110,1757,1.3,1106,70,9.7,23.0,1457.0,59.9,12.1,1016.5,1019.0,2323,1015.1,1502,1017.2,11.8,8.4,1200.0,2.77,18.94,,,,,,3.4,0.1,18.4,13.0,20.0,22.1,22.1,22.9,,,,,,3.9,5.6,,,,2023,10,40,275,0,0,1,0
257,양산시,2023-10-03,18.6,15.0,207,23.6,1140,0.5,1718.0,1.1,1719.0,,1.4,5.7,50,1032,3.2,90,939,1.2,1074,50,14.7,54.0,1122.0,79.9,17.0,1016.2,1019.2,27,1015.4,1530,1016.9,11.8,0.1,900.0,1.13,6.05,,,,,,7.1,2.4,17.8,14.2,18.8,20.7,21.5,22.5,,,,,,1.4,2.0,,,,2023,10,40,276,0,0,1,1
257,양산시,2023-10-04,20.6,15.9,100,27.3,1350,,,,,,,5.4,320,1529,2.9,290,1531,1.3,1141,180,14.4,38.0,1708.0,70.8,16.5,1012.1,1015.9,16,1010.3,1624,1012.8,11.8,8.9,1100.0,2.79,18.41,,,,,,6.3,,22.8,15.6,20.2,22.2,21.7,22.2,,,,,,3.4,4.8,,,,2023,10,40,277,0,0,1,0
257,양산시,2023-10-05,18.1,12.9,2151,23.3,1601,,,,,,,8.8,50,721,4.9,70,726,1.8,1569,320,4.7,21.0,1620.0,43.9,8.8,1013.0,1016.7,2230,1010.5,306,1013.7,11.7,7.1,1200.0,2.91,18.2,,,,,,4.8,0.1,19.2,13.0,19.7,21.9,21.8,21.6,,,,,,3.9,5.6,,,,2023,10,40,278,0,0,1,0
257,양산시,2023-10-06,17.5,10.7,338,24.2,1447,,,,,,,4.7,230,1619,3.1,230,1630,1.1,989,50,8.2,32.0,1404.0,56.5,10.9,1017.1,1019.3,2354,1015.7,1529,1017.8,11.7,7.1,1200.0,2.51,16.65,,,,,,7.4,2.1,18.9,11.9,18.5,20.7,20.8,20.8,,,,,,3.0,4.3,,,,2023,10,40,279,0,0,1,0
257,양산시,2023-10-07,19.4,15.6,607,24.2,1340,0.0,,0.0,,,0.0,7.7,110,1432,3.9,90,1447,1.9,1603,70,12.3,46.0,1341.0,64.5,14.3,1020.5,1023.2,2111,1019.2,1,1021.2,11.6,1.8,1000.0,1.94,10.22,,,,,,9.8,3.3,19.8,16.0,19.2,21.2,21.1,21.0,,,,,,2.7,3.8,,,,2023,10,40,280,0,0,1,0
257,양산시,2023-10-08,19.5,18.3,1632,22.2,1456,0.0,,0.0,,,0.0,10.3,70,816,4.0,70,1613,2.5,2156,70,12.6,52.0,947.0,65.3,14.6,1020.6,1022.8,916,1019.7,1514,1021.3,11.6,0.2,1400.0,0.75,4.65,,,,,,8.5,3.6,18.9,16.7,18.5,20.4,20.8,20.8,,,,,,1.7,2.4,,,,2023,10,40,281,0,0,1,0
257,양산시,2023-10-09,19.7,16.7,2336,23.5,1228,,,,,,,9.9,70,953,4.5,70,1009,2.2,1891,70,14.9,59.0,1339.0,75.0,17.0,1017.5,1020.3,12,1016.9,1651,1018.2,11.6,1.5,900.0,1.69,9.84,,,,,,7.5,3.6,19.5,16.4,19.0,20.8,20.7,20.5,,,,,,2.0,2.9,,,,2023,10,41,282,0,0,1,0
257,양산시,2023-10-10,19.1,13.9,612,24.9,1425,,,,,,,8.8,50,1445,4.4,50,1547,1.7,1447,50,11.3,38.0,1141.0,64.4,13.5,1018.6,1021.9,2316,1017.4,42,1019.3,11.5,8.0,1200.0,2.77,17.6,,,,,,4.6,0.3,17.7,13.8,19.0,21.1,20.8,20.6,,,,,,3.7,5.3,,,,2023,10,41,283,0,0,1,0
257,양산시,2023-10-11,19.5,14.0,2342,25.0,1254,,,,,,,9.8,110,1255,3.8,70,1423,2.2,1903,70,9.0,30.0,1352.0,53.5,11.6,1022.6,1024.7,2339,1021.7,1,1023.3,11.5,9.0,1100.0,2.65,17.36,,,,,,1.4,0.8,20.3,13.8,18.9,21.0,20.7,20.6,,,,,,3.8,5.5,,,,2023,10,41,284,0,0,1,0
257,양산시,2023-10-12,17.3,10.9,637,24.8,1353,,,,,,,9.2,110,1406,3.6,110,1408,1.2,1073,50,9.9,37.0,1442.0,64.9,12.2,1022.7,1025.6,826,1021.3,1509,1023.4,11.5,8.1,1100.0,2.38,15.2,,,,,,3.1,1.0,17.1,11.4,17.7,19.7,20.1,20.1,,,,,,3.0,4.2,,,,2023,10,41,285,0,0,1,0
257,양산시,2023-10-13,18.9,13.3,125,25.4,1329,,,,,,,5.9,110,1356,3.1,110,1313,1.4,1192,50,12.0,42.0,1331.0,66.0,14.0,1016.5,1022.4,10,1014.0,2351,1017.2,11.4,5.2,1300.0,2.31,12.96,,,,,,9.0,4.8,20.2,13.4,18.5,20.5,20.2,20.0,,,,,,2.5,3.6,,,,2023,10,41,286,0,0,1,0
257,양산시,2023-10-14,18.4,14.2,2329,25.2,1316,,,,,,,7.2,230,1514,3.9,230,1539,1.1,942,50,12.8,43.0,1415.0,71.8,14.8,1008.9,1014.0,1,1006.7,1644,1009.6,11.4,4.8,1000.0,2.23,10.9,,,,,,5.8,4.0,18.9,9.9,18.7,20.6,20.5,20.3,,,,,,2.3,3.2,,,,2023,10,41,287,0,0,1,0
257,양산시,2023-10-15,17.7,12.7,626,24.5,1453,,,,,,,11.1,290,1359,4.3,270,1422,1.7,1500,200,10.6,37.0,1457.0,66.3,12.8,1009.1,1012.5,2352,1007.8,338,1009.8,11.4,9.0,1100.0,2.6,16.84,,,,,,2.3,0.5,19.9,8.8,18.4,20.1,20.2,20.1,,,,,,3.3,4.7,,,,2023,10,41,288,0,0,1,0
257,양산시,2023-10-16,17.3,11.9,2358,24.3,1303,,,,,,,6.3,250,1223,3.6,270,1214,1.7,1434,230,10.2,36.0,1518.0,66.1,12.4,1013.0,1015.5,2249,1012.0,1428,1013.7,11.3,9.6,1200.0,2.61,17.23,,,,,,0.0,0.0,19.1,6.9,17.9,19.9,20.0,20.0,,,,,,3.4,4.9,,,,2023,10,42,289,0,0,1,0
257,양산시,2023-10-17,15.6,10.5,325,24.1,1533,,,,,,,4.4,110,1033,2.7,290,1613,1.1,921,200,7.2,30.0,1234.0,62.1,10.2,1017.2,1020.5,2212,1015.5,1,1018.0,11.3,9.6,1200.0,2.66,17.71,,,,,,0.0,0.0,17.1,4.9,16.9,19.0,19.5,19.6,,,,,,3.3,4.7,,,,2023,10,42,290,0,0,1,0
257,양산시,2023-10-18,16.3,8.9,618,25.0,1319,,,,,,,8.6,230,1432,4.6,230,1438,1.6,1380,230,10.7,36.0,1314.0,72.4,12.9,1018.8,1021.7,755,1017.2,1646,1019.5,11.2,9.7,1100.0,2.53,16.54,,,,,,2.8,0.0,16.4,4.2,16.8,18.7,19.1,19.2,,,,,,3.2,4.6,,,,2023,10,42,291,0,0,1,0
257,양산시,2023-10-19,18.2,11.6,457,24.6,1439,,,,,,,4.8,200,1206,2.9,270,1353,1.3,1121,230,13.0,42.0,1339.0,74.0,15.0,1014.9,1019.0,1,1012.5,2341,1015.6,11.2,4.7,1300.0,2.05,11.79,,,,,,7.5,3.0,20.2,7.1,17.9,19.4,19.3,19.2,,,,,,2.1,3.0,,,,2023,10,42,292,0,0,1,0
257,양산시,2023-10-20,15.3,10.3,2216,20.2,1425,0.5,212.0,1.0,125.0,,1.2,12.1,320,1301,5.1,290,1314,2.2,1864,50,4.0,22.0,1338.0,51.0,8.5,1013.7,1018.0,2304,1012.4,1327,1014.4,11.2,7.1,1200.0,2.67,14.61,,,,,,3.6,1.1,15.7,5.0,16.9,19.0,19.5,19.4,,,,,,4.3,6.2,,,,2023,10,42,293,0,0,1,1
257,양산시,2023-10-21,13.3,8.8,2352,19.5,1456,,,,,,,11.4,320,330,6.2,20,301,2.4,2074,270,1.2,26.0,814.0,47.8,7.1,1019.2,1022.2,2356,1017.8,11,1020.0,11.1,9.1,1200.0,2.61,16.39,,,,,,0.6,0.3,13.1,3.9,14.3,16.6,17.9,18.2,,,,,,3.0,4.3,,,,2023,10,42,294,0,0,1,0
257,양산시,2023-10-22,12.7,6.2,552,18.9,1551,,,,,,,5.3,250,1343,3.0,250,1246,1.3,1123,230,5.7,32.0,1224.0,67.0,9.2,1021.9,1023.8,824,1021.1,1334,1022.6,11.1,5.3,1100.0,1.92,11.18,,,,,,5.5,1.1,11.1,1.6,13.5,15.6,17.1,17.4,,,,,,2.1,3.0,,,,2023,10,42,295,0,0,1,0
257,양산시,2023-10-23,15.1,8.7,632,23.2,1531,,,,,,,6.1,200,1650,4.1,200,1654,1.3,1118,200,9.1,33.0,1547.0,71.1,11.6,1021.4,1024.4,804,1020.3,1616,1022.2,11.1,9.6,1200.0,2.5,16.14,,,,,,0.8,0.0,15.4,3.8,15.0,17.0,17.2,17.2,,,,,,2.8,4.0,,,,2023,10,43,296,0,0,1,0
257,양산시,2023-10-24,14.8,9.3,653,22.7,1225,,,,,,,4.3,270,1436,2.8,290,1443,1.0,838,200,9.4,32.0,1411.0,74.8,11.8,1019.0,1022.5,816,1017.3,1604,1019.8,11.0,5.5,1100.0,2.47,12.91,,,,,,4.0,1.4,13.8,4.7,15.0,16.9,17.4,17.4,,,,,,2.3,3.3,,,,2023,10,43,297,0,0,1,0
257,양산시,2023-10-25,16.3,9.9,528,25.0,1418,,,,,,,4.8,180,1731,2.8,230,1714,1.2,1070,230,11.3,39.0,1353.0,76.0,13.4,1016.5,1019.0,829,1015.2,1437,1017.2,11.0,9.5,1200.0,2.39,15.25,,,,,,0.1,0.0,16.8,4.9,15.8,17.8,17.6,17.5,,,,,,2.7,3.9,,,,2023,10,43,298,0,0,1,0
257,양산시,2023-10-26,17.0,11.5,636,25.3,1358,,,,,,,4.6,250,1322,3.2,200,817,1.6,1388,200,11.4,35.0,1417.0,73.5,13.5,1013.4,1017.0,13,1012.1,1656,1014.2,11.0,9.2,1100.0,2.2,14.63,,,,,,2.0,0.0,17.1,6.6,16.1,18.1,17.9,17.8,,,,,,2.7,3.9,,,,2023,10,43,299,0,0,1,0
257,양산시,2023-10-27,16.1,11.6,2357,23.1,1303,,,,,,,9.7,20,1545,5.1,70,1552,2.0,1740,70,9.6,37.0,1123.0,69.0,12.0,1012.3,1016.9,2338,1010.9,1434,1013.1,10.9,7.4,1200.0,2.41,13.35,,,,,,1.6,1.4,16.2,6.2,15.9,18.0,18.1,17.9,,,,,,2.6,3.7,,,,2023,10,43,300,0,0,1,0
257,양산시,2023-10-28,15.5,8.9,617,22.8,1401,,,,,,,7.0,140,1647,3.3,110,1707,1.2,1076,50,8.8,36.0,1345.0,67.9,11.4,1017.2,1020.1,2236,1015.8,1427,1018.0,10.9,8.2,1200.0,2.44,14.85,,,,,,3.4,0.8,16.2,3.8,15.3,17.6,17.7,17.7,,,,,,2.7,3.9,,,,2023,10,43,301,0,0,1,0
257,양산시,2023-10-29,15.9,10.4,727,22.5,1345,,,,,,,7.4,110,1712,3.7,140,1644,1.4,1244,50,9.1,35.0,1231.0,67.8,11.6,1020.7,1022.9,2224,1019.8,1452,1021.4,10.9,9.0,1200.0,2.47,15.19,,,,,,1.6,0.0,16.3,5.2,15.3,17.7,17.8,17.8,,,,,,2.8,4.0,,,,2023,10,43,302,0,0,1,0
257,양산시,2023-10-30,15.3,9.5,618,23.4,1347,,,,,,,6.3,230,1609,4.0,200,1615,1.0,882,250,10.7,44.0,1347.0,77.1,12.8,1021.0,1023.1,846,1019.6,1448,1021.8,10.8,8.9,1200.0,2.32,14.37,,,,,,1.3,0.8,15.7,4.6,15.0,17.5,17.7,17.6,,,,,,2.5,3.6,,,,2023,10,44,303,0,0,1,0
257,양산시,2023-10-31,15.7,9.4,720,25.7,1351,,,,,,,5.9,230,1657,3.6,200,1700,1.5,1279,200,8.9,22.0,1621.0,70.3,11.5,1020.6,1023.3,817,1019.3,1455,1021.4,10.8,8.9,1200.0,2.35,14.88,,,,,,0.0,0.0,15.3,4.0,14.8,17.3,17.5,17.5,,,,,,3.1,4.4,,,,2023,10,44,304,0,0,1,0
257,양산시,2023-11-01,16.6,8.9,604,24.3,1357,,,,,,,8.7,230,1415,4.8,200,1533,2.1,1824,230,12.3,41.0,1234.0,78.6,14.5,1018.5,1021.2,813,1017.2,1415,1019.2,10.8,8.7,1100.0,2.19,13.88,,,,,,0.5,0.0,15.3,3.2,14.9,17.3,17.3,17.3,,,,,,2.6,3.7,,,,2023,11,44,305,0,0,1,0
257,양산시,2023-11-02,18.8,14.1,730,27.3,1334,,,,,,,6.7,200,1551,4.7,200,1551,2.0,1739,230,14.1,38.0,1431.0,78.3,16.1,1017.1,1019.6,840,1015.9,1509,1017.8,10.7,8.9,1200.0,2.27,14.13,,,,,,0.0,0.0,18.0,9.0,16.8,18.7,18.1,17.8,,,,,,3.0,4.2,,,,2023,11,44,306,0,0,1,0
257,양산시,2023-11-03,19.3,13.8,647,26.9,1320,,,,,,,9.5,250,1308,5.3,250,1309,2.2,1894,230,13.9,36.0,1306.0,75.1,16.0,1015.4,1017.7,1,1014.1,1352,1016.1,10.7,8.5,1200.0,2.25,14.17,,,,,,2.3,0.1,19.0,9.2,17.3,18.8,18.3,18.1,,,,,,3.2,4.6,,,,2023,11,44,307,0,0,1,0
257,양산시,2023-11-04,19.6,15.1,533,26.1,1134,,,,,,6.0,8.4,50,901,4.6,50,930,1.6,1395,50,15.9,53.0,1131.0,80.5,18.1,1019.5,1022.8,2258,1017.2,18,1020.2,10.7,2.5,1100.0,1.83,6.99,,,,,,8.0,3.6,18.0,11.5,17.4,18.8,18.6,18.4,,,,,,1.6,2.3,,,,2023,11,44,308,0,0,1,1
257,양산시,2023-11-05,21.2,18.4,419,25.0,1329,,,,,,0.4,7.3,20,701,4.5,50,739,2.3,1976,50,17.1,62.0,1331.0,77.9,19.5,1017.8,1022.3,58,1012.7,2355,1018.5,10.6,0.7,1100.0,1.35,7.07,,,,,,8.6,4.3,19.0,17.0,18.7,19.7,18.9,18.6,,,,,,1.6,2.2,,,,2023,11,44,309,0,0,1,0
257,양산시,2023-11-06,19.6,13.8,2214,23.2,544,,,,,,44.4,18.9,230,715,9.3,200,754,4.5,3907,270,12.4,38.0,2000.0,66.0,16.0,1007.8,1013.7,2351,1004.1,1226,1008.5,10.6,1.7,1400.0,0.96,4.44,,,,,,7.1,3.4,16.9,10.2,18.0,19.4,19.4,19.0,,,,,,3.0,4.3,,,,2023,11,45,310,0,0,1,1
257,양산시,2023-11-07,13.0,7.5,2348,18.5,1448,,,,,,,13.3,290,45,7.6,270,47,3.0,2562,270,0.2,27.0,1508.0,42.4,6.3,1017.6,1021.8,2206,1013.4,31,1018.4,10.6,8.7,1200.0,2.35,14.31,,,,,,0.0,0.0,11.3,2.4,14.0,15.3,16.9,17.2,,,,,,3.0,4.3,,,,2023,11,45,311,0,0,1,0
257,양산시,2023-11-08,12.5,4.0,705,21.1,1329,,,,,,,6.2,140,1548,3.5,110,1553,1.3,1154,110,4.4,28.0,1129.0,60.4,8.7,1021.2,1023.9,811,1020.2,1521,1022.0,10.5,8.8,1200.0,2.25,14.24,,,,,,2.5,1.3,10.5,0.3,12.7,14.0,15.2,15.6,,,,,,2.5,3.5,,,,2023,11,45,312,0,0,1,0
257,양산시,2023-11-09,16.1,9.6,702,22.5,1252,,,,,,,7.5,200,1333,4.5,230,1350,1.4,1172,230,11.6,51.0,1324.0,76.5,13.8,1018.8,1022.4,7,1017.4,2348,1019.6,10.5,6.6,1100.0,2.15,11.59,,,,,,6.4,3.4,14.1,5.8,14.2,15.3,15.4,15.5,,,,,,2.0,2.9,,,,2023,11,45,313,0,0,1,0
257,양산시,2023-11-10,13.7,5.5,2338,19.3,1351,,,,,,1.0,9.2,290,1540,5.3,320,1543,1.7,1483,320,3.9,16.0,1425.0,57.3,9.4,1018.8,1024.8,2246,1015.5,551,1019.6,10.5,5.0,1200.0,2.23,10.94,,,,,,7.1,3.9,13.4,0.7,14.8,16.2,16.3,16.2,,,,,,2.9,4.1,,,,2023,11,45,314,0,0,1,1
257,양산시,2023-11-11,8.9,3.9,433,15.8,1256,,,,,,,5.8,320,1456,3.1,320,1532,1.4,1248,140,-1.1,30.0,2333.0,50.6,5.8,1024.3,1027.0,901,1023.4,1348,1025.1,10.5,6.8,1100.0,2.17,11.83,,,,,,4.9,1.4,8.2,0.2,11.0,12.5,14.3,14.8,,,,,,2.4,3.4,,,,2023,11,45,315,0,0,0,0
257,양산시,2023-11-12,7.5,4.6,2316,11.6,1539,,,,,,,9.3,270,1405,5.0,290,1429,2.3,2020,320,-6.4,26.0,34.0,37.0,3.8,1023.3,1026.0,837,1021.6,1503,1024.1,10.4,7.1,1200.0,2.3,13.25,,,,,,2.6,1.5,6.2,-0.1,10.0,11.3,13.1,13.7,,,,,,2.9,4.1,,,,2023,11,45,316,0,0,0,0
257,양산시,2023-11-13,6.9,2.2,708,12.7,1442,,,,,,,9.0,70,132,4.4,360,431,2.3,1946,320,-7.7,17.0,1527.0,36.8,3.5,1024.3,1026.8,1045,1023.8,1424,1025.1,10.4,8.9,1200.0,2.33,14.49,,,,,,0.0,0.0,5.0,-2.5,8.4,9.7,11.7,12.4,,,,,,3.0,4.3,,,,2023,11,46,317,0,0,0,0
257,양산시,2023-11-14,8.4,3.3,330,15.4,1447,,,,,,,6.5,250,1052,3.4,270,1057,1.7,1432,200,-1.7,32.0,1348.0,50.4,5.5,1024.2,1026.5,823,1022.8,1536,1025.0,10.4,8.8,1200.0,2.24,13.88,,,,,,1.6,0.9,5.9,-2.7,8.4,9.7,11.1,11.6,,,,,,2.4,3.5,,,,2023,11,46,318,0,0,0,0
257,양산시,2023-11-15,9.1,4.3,708,16.7,1455,,,,,,,4.8,270,1432,2.9,250,1406,1.3,1111,180,2.0,32.0,1328.0,64.1,7.1,1025.8,1028.0,802,1025.1,1430,1026.6,10.3,8.7,1200.0,2.14,13.04,,,,,,0.1,0.0,7.5,-1.2,9.2,10.4,11.3,11.6,,,,,,2.1,3.0,,,,2023,11,46,319,0,0,0,0
257,양산시,2023-11-16,8.8,3.9,234,14.4,1301,,,,,,9.7,8.4,290,1937,3.6,320,1836,1.2,1070,160,5.5,57.0,1242.0,80.6,9.1,1018.8,1027.0,10,1014.3,1857,1019.6,10.3,0.0,1100.0,0.86,4.28,,,,,,8.3,2.1,6.9,-1.1,9.0,10.4,11.3,11.6,,,,,,0.9,1.3,,,,2023,11,46,320,0,0,0,1
257,양산시,2023-11-17,7.6,3.9,2359,12.4,1410,,,,,,,10.0,250,1717,5.7,270,1717,2.4,2095,270,0.1,33.0,1243.0,61.9,6.3,1011.7,1015.4,4,1009.6,1647,1012.5,10.3,6.3,1200.0,2.19,11.71,,,,,,3.0,1.5,6.3,-0.3,8.4,10.0,11.1,11.4,,,,,,2.2,3.1,,,,2023,11,46,321,0,0,0,0
257,양산시,2023-11-18,5.2,0.5,450,10.7,1551,,,,,,0.7,13.4,270,1148,6.4,290,1234,3.1,2682,290,-4.4,29.0,1621.0,51.3,4.4,1014.6,1019.0,2206,1010.6,332,1015.4,10.3,8.7,1200.0,2.18,13.26,,,,,,1.3,0.8,3.5,-3.0,7.0,8.1,9.8,10.5,,,,,,2.4,3.4,,,,2023,11,46,322,0,0,0,0
257,양산시,2023-11-19,9.1,2.6,725,14.9,1414,,,,,,,9.8,270,1557,5.4,270,1605,2.1,1779,250,0.9,39.0,1328.0,58.0,6.7,1016.3,1019.7,840,1014.9,1437,1017.1,10.2,8.4,1200.0,2.13,12.97,,,,,,0.1,0.0,6.2,-2.1,7.7,8.7,9.5,9.9,,,,,,2.2,3.1,,,,2023,11,46,323,0,0,0,0
257,양산시,2023-11-20,8.8,3.6,626,17.5,1425,,,,,,,5.3,290,922,2.7,270,1319,1.0,853,160,0.9,19.0,1335.0,66.8,6.8,1021.4,1024.3,2023,1017.2,4,1022.2,10.2,8.6,1200.0,2.18,13.05,,,,,,0.0,0.0,7.2,-1.7,8.3,9.4,10.0,10.2,,,,,,2.3,3.3,,,,2023,11,47,324,0,0,0,0
257,양산시,2023-11-21,9.3,2.6,318,18.6,1437,,,,,,,5.4,230,1258,3.5,200,1303,1.7,1497,200,3.3,27.0,1403.0,70.6,7.7,1020.3,1023.9,1,1018.5,1527,1021.0,10.2,8.5,1200.0,2.11,12.68,,,,,,0.0,0.0,6.4,-2.3,8.3,9.2,9.9,10.2,,,,,,2.3,3.3,,,,2023,11,47,325,0,0,0,0
257,양산시,2023-11-22,12.4,4.8,728,20.0,1342,,,,,,,9.7,230,1427,5.6,230,1436,2.2,1883,200,8.0,48.0,1511.0,76.9,10.8,1016.0,1020.1,1,1013.9,1650,1016.8,10.2,8.4,1200.0,2.06,12.23,,,,,,2.1,0.0,9.0,1.2,9.4,10.4,10.4,10.5,,,,,,2.2,3.2,,,,2023,11,47,326,0,0,1,0
257,양산시,2023-11-23,16.4,10.8,203,21.6,1352,,,,,,,10.4,270,2325,6.0,200,1241,2.8,2458,230,8.5,25.0,2040.0,63.1,11.7,1011.3,1014.9,4,1008.6,1414,1012.0,10.1,7.6,1200.0,1.81,10.07,,,,,,2.6,0.6,11.9,7.3,11.6,12.4,11.8,11.5,,,,,,3.1,4.5,,,,2023,11,47,327,0,0,1,0
257,양산시,2023-11-24,6.5,2.2,2354,13.1,1,,,,,,,10.2,290,1356,5.9,290,1125,3.1,2687,290,-9.4,19.0,1509.0,31.6,3.1,1023.8,1029.9,2400,1014.3,1,1024.6,10.1,8.2,1200.0,2.16,12.96,,,,,,0.1,0.0,4.8,-2.5,8.5,9.7,11.2,11.5,,,,,,3.0,4.3,,,,2023,11,47,328,0,0,0,0
257,양산시,2023-11-25,3.5,-1.7,605,10.0,1519,,,,,,,7.6,320,46,3.7,290,2,1.3,1087,250,-9.3,15.0,1240.0,42.0,3.2,1029.3,1032.8,917,1028.7,1709,1030.1,10.1,8.2,1200.0,2.14,12.79,,,,,,0.5,0.0,1.8,-6.3,5.7,7.1,9.0,9.6,,,,,,2.0,2.8,,,,2023,11,47,329,0,0,0,0
257,양산시,2023-11-26,5.6,0.4,502,11.1,1450,,,,,,,3.4,230,1047,2.4,200,1050,0.8,679,200,-3.4,30.0,1245.0,54.8,4.8,1023.3,1028.9,1,1020.4,2352,1024.1,10.1,3.9,1100.0,1.25,7.17,,,,,,4.3,1.8,3.2,-3.8,5.9,7.0,8.4,8.8,,,,,,1.1,1.6,,,,2023,11,47,330,0,0,0,0
257,양산시,2023-11-27,9.6,3.9,145,15.9,1428,,,,,,,8.7,230,1501,5.1,200,1459,1.2,1016,250,3.6,53.0,1334.0,66.9,8.0,1013.7,1020.4,1,1010.8,1444,1014.5,10.1,0.6,1100.0,0.74,4.26,,,,,,5.6,3.1,6.0,0.1,7.5,8.4,8.8,9.0,,,,,,1.3,1.9,,,,2023,11,48,331,0,0,0,0
257,양산시,2023-11-28,8.6,3.1,2338,12.8,1235,,,,,,,12.0,268,1055,6.5,270,1011,2.6,224640,270,-3.9,20.0,1512.0,43.0,4.7,1018.4,1022.8,2351,1014.2,1,1019.2,10.7,7.9,1300.0,2.08,11.88,,,,,,1.0,0.0,5.3,-2.7,7.5,8.5,9.2,9.3,,,,,,,,,,,2023,11,48,332,0,0,0,0
257,양산시,2023-11-29,6.7,2.2,150,9.3,1838,,,,,,,8.8,273,2356,5.1,270,0,1.8,157320,270,-1.6,40.0,1905.0,56.0,5.5,1022.2,1024.9,928,1021.6,1500,1023.0,10.7,0.0,1200.0,0.95,5.29,,,,,,8.0,5.6,3.8,-3.2,6.4,7.4,8.5,8.8,,,,,,,,,,,2023,11,48,333,0,0,0,0
257,양산시,2023-11-30,3.1,0.3,810,8.2,1,,,,,,,10.3,270,119,5.4,290,27,2.9,2495,290,-11.6,19.0,1323.0,34.3,2.6,1024.2,1027.6,1005,1022.0,8,1025.0,10.0,8.0,1200.0,2.14,12.43,,,,,,2.4,0.0,1.7,-4.7,5.1,6.5,8.1,8.5,,,,,,2.3,3.3,,,,2023,11,48,334,0,0,0,0
257,양산시,2023-12-01,2.8,-1.0,736,7.9,1334,,,,,,,10.2,290,1222,5.4,320,1320,2.2,1917,290,-8.4,29.0,1601.0,44.3,3.3,1023.2,1026.1,2358,1021.8,1356,1024.0,10.0,8.0,1200.0,2.05,12.03,,,,,,0.5,0.0,0.7,-6.0,3.6,5.1,6.9,7.5,,,,,,2.0,2.8,,,,2023,12,48,335,0,0,0,0
257,양산시,2023-12-02,5.4,-0.9,208,11.0,1337,,,,,,,6.3,250,1517,3.9,270,1418,1.9,1652,230,-3.2,35.0,1338.0,55.1,4.9,1024.3,1027.8,909,1023.3,2242,1025.1,10.0,8.0,1200.0,2.03,11.89,,,,,,2.0,2.0,1.5,-6.5,3.5,5.2,6.4,6.9,,,,,,2.0,2.9,,,,2023,12,48,336,0,0,0,0
257,양산시,2023-12-03,5.5,0.4,2344,12.6,1534,,,,,,,5.3,290,1117,3.0,290,1124,1.1,946,200,-1.3,31.0,1518.0,65.0,5.6,1023.7,1026.1,953,1023.1,324,1024.5,9.9,7.9,1200.0,1.93,11.28,,,,,,0.1,0.0,2.2,-5.2,5.0,6.3,7.1,7.3,,,,,,1.7,2.4,,,,2023,12,48,337,0,0,0,0
257,양산시,2023-12-04,5.6,-1.6,610,14.1,1515,,,,,,,4.2,250,1251,2.7,200,1026,1.1,957,230,-2.2,26.0,1556.0,61.6,5.2,1020.1,1025.0,1,1017.6,1549,1020.9,9.9,7.9,1200.0,1.96,11.5,,,,,,2.4,1.8,2.8,-7.1,4.8,5.8,6.7,7.1,,,,,,1.8,2.6,,,,2023,12,49,338,0,0,0,0
257,양산시,2023-12-05,6.9,1.7,727,15.7,1501,,,,,,,3.5,230,1425,2.3,200,1425,0.8,722,250,-1.7,21.0,1442.0,58.6,5.5,1015.9,1019.1,152,1014.4,1443,1016.7,9.9,7.2,1200.0,1.99,10.01,,,,,,4.8,2.6,3.5,-3.9,5.8,6.8,7.2,7.4,,,,,,1.7,2.4,,,,2023,12,49,339,0,0,0,0
257,양산시,2023-12-06,8.5,-0.2,455,14.7,1444,,,,,,0.8,11.0,290,2306,5.9,320,2312,2.1,1818,230,2.4,38.0,1139.0,68.0,7.6,1010.1,1016.3,4,1005.6,2058,1010.8,9.9,4.1,1200.0,1.63,7.84,,,,,,4.4,0.9,4.7,-5.8,5.4,6.5,7.1,7.3,,,,,,2.0,2.8,,,,2023,12,49,340,0,0,0,0
257,양산시,2023-12-07,8.1,2.4,2354,13.1,1355,,,,,,,9.7,290,640,5.3,270,225,2.3,1988,200,-3.4,23.0,1031.0,47.0,4.8,1015.0,1019.5,2227,1007.6,1,1015.8,9.9,8.0,1200.0,1.93,11.12,,,,,,0.0,0.0,4.6,-3.4,6.5,7.5,8.0,7.9,,,,,,2.1,3.0,,,,2023,12,49,341,0,0,0,0
257,양산시,2023-12-08,,1.4,210,19.3,1509,,,,,,,9.7,200,1326,5.7,230,1307,1.8,1540,230,,52.0,1415.0,,,1016.4,1019.5,9,1014.5,1408,,9.9,5.9,1200.0,1.85,9.08,,,,,,3.3,1.0,6.3,-3.8,6.9,7.7,7.6,7.7,,,,,,1.7,2.5,,,,2023,12,49,342,0,0,0,0
257,양산시,2023-12-09,14.4,8.4,2356,20.5,1425,,,,,,,7.7,200,152,4.4,230,43,1.9,1684,200,10.0,52.0,1413.0,77.0,12.3,1017.4,1021.2,2320,1015.9,148,1018.1,9.9,2.6,1100.0,1.09,6.75,,,,,,4.6,0.9,11.4,3.3,10.2,11.0,9.9,9.4,,,,,,1.3,1.8,,,,2023,12,49,343,0,0,1,0
257,양산시,2023-12-10,13.7,6.6,726,20.2,1401,,,,,,,8.6,110,1530,4.2,50,2026,1.9,1617,50,9.0,50.0,1346.0,75.8,11.5,1021.4,1024.0,934,1020.6,109,1022.2,9.9,6.9,1200.0,1.65,9.03,,,,,,4.4,0.4,9.7,1.5,9.2,10.5,10.0,9.8,,,,,,2.0,2.8,,,,2023,12,49,344,0,0,1,0
257,양산시,2023-12-11,14.9,13.5,531,17.3,1035,,,,,,27.0,12.8,110,1745,4.6,140,1155,2.5,2198,50,13.0,64.0,7.0,89.0,15.1,1013.7,1022.4,1,1008.5,1840,1014.4,9.8,0.0,1300.0,0.15,0.81,,,,,,7.5,1.9,11.0,11.0,10.0,12.0,11.1,10.7,,,,,,0.7,1.0,,,,2023,12,50,345,0,0,1,1
257,양산시,2023-12-12,10.2,9.6,1754,14.4,1,,,,,,0.0,16.5,50,107,7.9,50,331,4.7,4059,70,5.9,69.0,1633.0,75.0,9.3,1018.1,1025.7,2357,1009.3,1,1018.9,9.8,0.0,1200.0,0.63,3.3,,,,,,6.4,3.4,7.9,6.7,8.9,11.0,11.2,11.0,,,,,,1.1,1.6,,,,2023,12,50,346,0,0,1,0
257,양산시,2023-12-13,10.5,4.7,742,15.9,1246,,,,,,,8.4,70,43,4.5,70,101,2.1,1851,70,5.2,52.0,1247.0,71.4,8.9,1026.9,1029.0,2334,1025.7,1,1027.7,9.8,3.8,1100.0,1.9,7.79,,,,,,5.3,3.5,7.9,0.1,8.7,9.8,10.2,10.2,,,,,,1.7,2.4,,,,2023,12,50,347,0,0,1,0
257,양산시,2023-12-14,11.8,10.5,2,13.5,1047,,,,,,21.1,10.5,20,2041,7.5,50,2200,3.7,3177,50,8.7,65.0,342.0,82.4,11.4,1022.0,1028.6,1,1015.6,2351,1022.8,9.8,0.0,900.0,0.32,1.58,,,,,,7.3,4.0,9.4,8.8,9.5,10.4,10.3,10.2,,,,,,0.5,0.8,,,,2023,12,50,348,0,0,1,1
257,양산시,2023-12-15,11.0,7.4,2327,17.5,1253,,,,,,35.3,13.7,50,1451,7.2,50,1644,2.3,1999,50,10.7,92.0,1854.0,98.4,13.0,1010.8,1015.6,1,1007.1,1357,1011.6,9.8,0.0,1200.0,0.11,0.48,,,,,,9.0,5.6,10.3,7.2,10.3,11.4,11.0,10.7,,,,,,0.4,0.6,,,,2023,12,50,349,0,0,1,1
257,양산시,2023-12-16,4.5,-1.3,2400,9.4,435,,,,,,0.9,15.0,270,1548,8.4,320,1139,3.6,3133,270,-3.7,34.0,1526.0,57.4,5.2,1017.8,1025.8,2342,1013.2,646,1018.6,9.8,2.0,1300.0,1.1,6.4,,,,,,6.3,2.0,4.9,-3.6,7.3,8.6,9.9,10.1,,,,,,1.7,2.4,,,,2023,12,50,350,0,0,0,0
257,양산시,2023-12-17,-2.2,-4.7,733,0.7,1316,,,,,,,9.3,270,1422,5.6,290,1212,3.1,2655,290,-14.6,28.0,1756.0,38.6,2.0,1030.0,1034.4,2245,1025.7,1,1030.8,9.8,7.7,1200.0,2.03,11.78,,,,,,1.5,0.0,-2.0,-7.0,2.4,4.2,6.8,7.5,,,,,,1.9,2.7,,,,2023,12,50,351,0,0,0,0
257,양산시,2023-12-18,-0.1,-4.2,626,3.1,1337,,,,,,,8.7,320,117,5.1,290,2,2.2,1936,290,-13.5,29.0,1202.0,35.9,2.2,1031.4,1034.9,935,1030.1,1614,1032.2,9.8,5.6,1100.0,1.66,9.04,,,,,,8.1,4.6,-0.8,-6.1,1.9,3.1,5.1,5.7,,,,,,1.4,2.0,,,,2023,12,51,352,0,0,0,0
257,양산시,2023-12-19,2.1,-1.0,600,7.6,1514,,,,,,,5.2,360,1852,3.2,320,1621,1.3,1100,200,-8.1,18.0,1539.0,49.4,3.4,1025.9,1030.8,218,1024.3,1537,1026.7,9.8,3.7,1200.0,1.68,7.59,,,,,,7.8,4.8,1.9,-4.3,3.4,4.3,5.1,5.4,,,,,,1.3,1.8,,,,2023,12,51,353,0,0,0,0
257,양산시,2023-12-20,0.4,-3.8,2357,3.9,1328,,,,,,,12.1,320,1942,5.2,290,1457,2.6,2280,290,-8.2,35.0,1632.0,53.9,3.4,1022.8,1025.6,2315,1021.7,1415,1023.6,9.8,5.3,1400.0,1.5,8.29,,,,,,4.9,1.8,0.7,-5.3,2.9,3.9,5.1,5.5,,,,,,1.5,2.1,,,,2023,12,51,354,0,0,0,0
257,양산시,2023-12-21,-4.1,-7.1,607,-0.3,1451,,,,,,,10.9,290,1214,6.3,290,1223,2.8,2418,290,-16.2,24.0,1618.0,39.6,1.8,1027.1,1031.3,2351,1025.5,408,1027.9,9.8,7.8,1200.0,2.01,11.54,,,,,,0.0,0.0,-2.6,-10.3,0.7,2.0,4.1,4.6,,,,,,1.5,2.2,,,,2023,12,51,355,0,0,0,0
257,양산시,2023-12-22,-3.9,-7.1,625,0.0,1423,,,,,,,10.9,270,1309,5.7,290,1550,2.7,2342,270,-16.9,24.0,1530.0,36.8,1.6,1032.4,1036.3,2356,1030.5,135,1033.2,9.8,7.8,1200.0,2.02,11.64,,,,,,0.1,0.0,-2.8,-11.3,-0.4,0.9,3.0,3.5,,,,,,1.8,2.5,,,,2023,12,51,356,0,0,0,0
257,양산시,2023-12-23,-1.2,-5.1,144,4.0,1443,,,,,,,9.8,270,10,4.4,270,11,2.3,1975,200,-13.1,22.0,1446.0,41.6,2.3,1034.3,1036.7,849,1033.8,1442,1035.1,9.8,7.3,1200.0,1.74,10.38,,,,,,3.9,0.3,-1.2,-8.3,-0.5,0.5,2.3,2.9,,,,,,1.5,2.1,,,,2023,12,51,357,0,0,0,0
257,양산시,2023-12-24,1.1,-3.1,16,7.1,1450,,,,,,,7.3,250,1359,4.3,290,1501,1.2,1070,230,-6.6,37.0,1553.0,57.5,3.7,1029.2,1034.2,1,1027.7,1553,1030.0,9.8,5.7,1200.0,1.88,9.34,,,,,,4.4,3.1,1.0,-7.7,0.4,1.3,2.3,2.7,,,,,,1.3,1.8,,,,2023,12,51,358,0,0,0,0
257,양산시,2023-12-25,0.6,-3.6,620,7.0,1415,,,,,,,7.8,320,1322,4.4,340,1254,1.9,1614,200,-5.7,38.0,1408.0,64.9,4.0,1027.7,1029.7,2050,1026.8,1409,1028.5,9.8,7.3,1200.0,1.87,10.27,,,,,,0.0,0.0,-0.7,-8.1,0.5,1.4,2.5,2.9,,,,,,1.3,1.8,,,,2023,12,52,359,0,0,0,0
257,양산시,2023-12-26,2.7,-2.3,630,9.6,1509,,,,,,,5.8,250,1526,3.3,270,1535,1.5,1339,200,-3.5,38.0,1444.0,65.9,4.7,1028.1,1030.1,2242,1026.9,1357,1028.9,9.8,7.5,1200.0,1.88,10.58,,,,,,3.5,1.6,1.5,-6.9,1.1,1.9,2.6,2.9,,,,,,1.4,2.0,,,,2023,12,52,360,0,0,0,0
257,양산시,2023-12-27,4.9,1.3,341,12.6,1530,,,,,,,4.1,250,1614,2.7,250,1431,1.0,837,230,-2.2,22.0,1546.0,63.5,5.2,1028.8,1031.5,913,1028.5,1412,1029.6,9.8,7.6,1200.0,1.87,10.37,,,,,,4.0,3.5,2.9,-4.1,2.6,3.2,3.3,3.4,,,,,,1.6,2.2,,,,2023,12,52,361,0,0,0,0
257,양산시,2023-12-28,4.6,-1.2,621,13.2,1409,,,,,,,5.0,340,1414,2.9,200,1020,0.9,811,200,-1.7,28.0,1415.0,68.3,5.4,1025.7,1028.6,1,1024.3,1501,1026.5,9.8,7.7,1200.0,1.83,10.59,,,,,,0.3,0.0,2.6,-5.9,2.8,3.6,3.9,4.0,,,,,,1.7,2.4,,,,2023,12,52,362,0,0,0,0
257,양산시,2023-12-29,4.0,-1.7,801,10.9,1358,,,,,,,5.5,200,1504,3.7,200,1509,1.5,1264,200,-3.3,32.0,1506.0,61.8,4.8,1024.7,1028.1,954,1023.1,2348,1025.5,9.8,7.7,1200.0,1.87,10.61,,,,,,1.6,0.0,1.4,-7.3,2.7,3.6,4.0,4.1,,,,,,1.6,2.3,,,,2023,12,52,363,0,0,0,0
257,양산시,2023-12-30,5.4,-1.7,706,12.3,1444,,,,,,1.4,4.0,180,1059,2.8,230,19,1.2,1030,200,-0.1,35.0,1446.0,72.4,6.2,1016.9,1023.1,1,1013.1,2333,1017.7,9.8,5.5,1200.0,1.67,8.58,,,,,,4.8,1.9,2.8,-7.1,2.9,4.1,4.2,4.2,,,,,,1.1,1.6,,,,2023,12,52,364,0,0,0,1
257,양산시,2023-12-31,7.0,2.1,2314,12.0,1508,,,,,,0.7,11.6,290,1509,5.7,50,1551,2.1,1788,160,2.6,43.0,1510.0,76.1,7.5,1014.9,1024.7,2354,1009.4,510,1015.7,9.8,2.1,1400.0,1.52,5.25,,,,,,3.4,2.6,6.0,-3.8,4.8,5.8,5.5,5.3,,,,,,1.3,1.8,,,,2023,12,52,365,0,0,0,0
257,양산시,2024-01-01,7.1,1.4,203,13.2,1338,,,,,,,7.3,50,1032,3.8,50,1040,1.7,1508,50,0.2,38.0,1339.0,62.9,6.2,1025.6,1028.9,1013,1024.7,1,1026.4,9.8,5.5,1300.0,1.98,9.97,,,,,,4.0,2.1,2.3,-4.4,3.2,5.3,5.3,5.3,,,,,,1.6,2.3,,,,2024,1,1,1,0,0,0,0
257,양산시,2024-01-02,7.7,4.3,9,12.1,1417,,,,,,,6.8,110,1425,3.9,320,1449,1.4,1169,200,0.8,42.0,1414.0,63.8,6.5,1019.6,1025.1,1,1017.9,1508,1020.4,9.8,7.5,1200.0,1.8,10.03,,,,,,6.9,3.8,5.6,0.0,5.0,6.3,6.0,5.9,,,,,,1.6,2.4,,,,2024,1,1,2,0,0,0,0
257,양산시,2024-01-03,6.3,3.8,2244,9.1,1457,,,,,,,11.2,230,1516,5.2,320,1247,2.1,1840,320,-1.5,40.0,1553.0,58.6,5.5,1016.6,1019.9,2330,1014.7,1335,1017.4,9.8,5.0,1200.0,1.74,8.25,,,,,,4.9,3.1,4.4,-1.6,4.9,6.1,6.2,6.1,,,,,,1.5,2.1,,,,2024,1,1,3,0,0,0,0
257,양산시,2024-01-04,4.5,0.0,813,10.6,1437,,,,,,,5.6,50,301,3.6,290,340,1.9,1662,200,-6.9,20.0,1544.0,45.9,3.7,1020.7,1023.6,924,1019.7,1,1021.5,9.9,7.7,1200.0,2.01,11.72,,,,,,0.0,0.0,2.1,-5.2,2.7,4.6,5.4,5.6,,,,,,2.0,2.9,,,,2024,1,1,4,0,0,0,0
257,양산시,2024-01-05,5.8,-0.7,256,13.3,1437,,,,,,,7.9,250,1214,5.1,270,1221,1.9,1676,200,-0.1,42.0,1452.0,67.9,6.1,1019.4,1022.2,932,1018.3,1522,1020.2,9.9,7.5,1200.0,1.83,10.38,,,,,,0.3,0.0,2.8,-6.1,3.0,4.5,5.0,5.1,,,,,,1.6,2.3,,,,2024,1,1,5,0,0,0,0
257,양산시,2024-01-06,4.1,-0.8,2312,12.7,1452,,,,,,,6.3,320,1517,4.0,320,1518,1.2,1040,230,-5.5,14.0,1402.0,59.9,4.4,1019.1,1021.6,2305,1018.1,1343,1019.9,9.9,6.3,1200.0,2.01,10.69,,,,,,1.1,0.5,3.4,-6.8,3.1,4.4,5.0,5.1,,,,,,2.1,3.0,,,,2024,1,1,6,0,0,0,0
257,양산시,2024-01-07,1.9,-1.7,2307,5.5,1348,,,,,,,9.8,290,1506,5.4,320,1439,2.3,1962,290,-11.0,18.0,1500.0,40.5,2.8,1022.6,1026.2,2310,1021.0,250,1023.4,9.9,7.6,1200.0,2.0,11.69,,,,,,0.1,0.0,0.7,-8.0,1.6,3.2,4.3,4.6,,,,,,2.0,2.9,,,,2024,1,1,7,0,0,0,0
257,양산시,2024-01-08,-0.1,-6.0,727,6.6,1431,,,,,,,6.6,200,1735,4.2,200,1741,1.7,1427,230,-14.4,11.0,1350.0,36.1,2.1,1024.6,1028.3,850,1022.9,2347,1025.4,9.9,7.6,1200.0,2.11,12.3,,,,,,0.8,0.0,0.6,-11.7,1.0,2.1,3.4,3.8,,,,,,2.0,2.9,,,,2024,1,2,8,0,0,0,0
257,양산시,2024-01-09,1.9,-3.6,638,6.0,1524,,,,,,4.4,3.7,250,1632,2.6,200,308,1.4,1221,200,-5.1,42.0,1311.0,61.4,4.4,1018.8,1023.3,37,1016.2,2141,1019.6,9.9,0.5,1300.0,0.85,4.6,,,,,,5.8,4.1,0.4,-8.2,1.1,2.2,2.9,3.2,,,,,,0.7,1.0,,,,2024,1,2,9,0,0,0,1
257,양산시,2024-01-10,4.2,0.8,2254,9.6,1436,,,,,,0.2,10.5,70,1133,5.4,50,1502,1.8,1544,50,0.7,50.0,1443.0,79.9,6.5,1016.8,1019.5,2141,1015.0,142,1017.6,9.9,5.3,1200.0,1.87,9.68,,,,,,3.9,2.8,3.3,-4.9,3.0,4.0,3.9,3.8,,,,,,1.3,1.9,,,,2024,1,2,10,0,0,0,0
257,양산시,2024-01-11,4.0,-1.2,443,10.2,1505,,,,,,,6.2,270,1510,3.2,180,619,1.6,1376,230,-3.9,23.0,1350.0,62.3,4.7,1016.2,1019.2,33,1014.7,1633,1017.0,10.0,7.6,1200.0,2.11,12.12,,,,,,0.0,0.0,2.2,-6.2,2.3,3.6,4.1,4.1,,,,,,1.8,2.6,,,,2024,1,2,11,0,0,0,0
257,양산시,2024-01-12,3.8,-1.6,656,11.6,1425,,,,,,,6.1,250,1305,3.4,270,1312,1.2,1041,200,-2.3,31.0,1507.0,68.0,5.2,1016.2,1018.8,2349,1015.3,1533,1017.0,10.0,7.6,1200.0,1.93,11.07,,,,,,0.0,0.0,2.4,-6.4,2.7,3.7,4.0,4.1,,,,,,1.5,2.2,,,,2024,1,2,12,0,0,0,0
257,양산시,2024-01-13,3.2,-1.9,709,10.6,1526,,,,,,,8.3,20,1211,4.4,340,1211,1.7,1467,270,-7.1,16.0,1420.0,53.0,3.7,1023.0,1027.1,2054,1018.7,4,1023.8,10.0,7.7,1200.0,2.08,12.16,,,,,,0.0,0.0,1.5,-7.8,2.1,3.2,3.8,3.9,,,,,,2.1,3.1,,,,2024,1,2,13,0,0,0,0
257,양산시,2024-01-14,6.8,-2.6,441,15.1,1332,,,,,,,10.2,230,1512,5.4,250,1506,2.0,1699,230,1.5,47.0,1336.0,70.5,7.1,1019.8,1026.2,25,1016.8,1614,1020.6,10.0,6.4,1200.0,1.98,10.79,,,,,,2.3,1.1,2.7,-7.1,2.6,3.7,3.8,3.8,,,,,,1.8,2.6,,,,2024,1,2,14,0,0,0,0
257,양산시,2024-01-15,5.0,0.3,724,11.0,3,,,,,,,9.3,320,1508,5.4,320,1509,1.9,1611,320,-9.2,15.0,2141.0,39.3,3.3,1022.8,1027.2,2344,1017.1,1,1023.6,10.0,7.8,1200.0,2.11,12.46,,,,,,0.0,0.0,2.1,-6.0,3.1,4.4,4.7,4.6,,,,,,2.4,3.5,,,,2024,1,3,15,0,0,0,0
257,양산시,2024-01-16,3.2,-3.1,646,11.1,1423,,,,,,,6.6,70,1125,3.6,50,1126,1.4,1182,50,-6.1,24.0,15.0,53.4,4.1,1030.1,1032.5,1940,1026.9,20,1030.9,10.1,7.4,1200.0,2.03,12.26,,,,,,2.5,0.4,1.5,-9.3,2.3,3.2,3.9,4.1,,,,,,1.8,2.6,,,,2024,1,3,16,0,0,0,0
257,양산시,2024-01-17,6.2,-0.3,103,9.9,1509,,,,,,0.4,4.5,200,821,3.0,200,712,1.4,1203,200,1.7,58.0,1204.0,73.9,7.0,1024.9,1031.2,33,1020.8,2400,1025.7,10.1,0.0,1100.0,0.82,3.47,,,,,,8.6,8.0,3.3,-5.7,3.2,4.0,4.0,4.0,,,,,,0.9,1.2,,,,2024,1,3,17,0,0,0,0
257,양산시,2024-01-18,10.6,7.0,128,15.4,557,,,,,,10.6,12.3,50,1552,5.8,50,1513,3.0,2567,70,7.9,71.0,559.0,84.4,10.9,1020.3,1025.6,2313,1018.1,532,1021.1,10.1,0.0,900.0,0.24,1.2,,,,,,8.9,4.3,7.8,6.1,6.1,6.9,5.8,5.3,,,,,,0.8,1.1,,,,2024,1,3,18,0,0,1,1
257,양산시,2024-01-19,7.4,6.5,2112,8.9,1233,,,,,,0.1,11.4,50,1322,5.3,50,1248,3.7,3226,70,2.4,57.0,1225.0,71.4,7.3,1026.4,1029.1,1027,1025.5,4,1027.2,10.1,0.1,1200.0,1.06,4.85,,,,,,8.1,5.8,6.2,5.8,6.1,6.9,6.4,6.2,,,,,,1.2,1.7,,,,2024,1,3,19,0,0,0,0
257,양산시,2024-01-20,7.4,5.8,1951,9.3,1027,,,,,,14.6,13.4,50,1630,5.9,70,1705,4.1,3565,70,5.3,74.0,1026.0,86.6,8.9,1021.9,1027.0,1,1019.9,1842,1022.7,10.1,0.0,1000.0,0.35,1.91,,,,,,9.8,3.6,5.9,5.1,5.9,6.9,6.6,6.4,,,,,,0.7,1.0,,,,2024,1,3,20,0,0,0,1
257,양산시,2024-01-21,7.7,6.4,2348,10.1,1313,,,,,,0.0,12.6,50,431,5.5,50,911,3.4,2924,70,3.3,60.0,1315.0,74.4,7.8,1021.5,1024.4,2005,1019.3,210,1022.3,10.2,0.3,1200.0,1.49,6.97,,,,,,5.3,5.0,7.2,5.3,6.5,7.3,6.7,6.5,,,,,,1.2,1.7,,,,2024,1,3,21,0,0,0,0
257,양산시,2024-01-22,1.7,-4.1,2356,6.9,33,,,,,,0.2,14.8,70,1254,6.7,320,1256,3.4,2947,290,-7.7,29.0,1446.0,52.8,4.0,1021.9,1025.1,2059,1020.7,1336,1022.7,10.2,7.8,1100.0,1.98,12.11,,,,,,3.0,1.4,3.5,-6.0,4.8,5.9,6.6,6.6,,,,,,2.0,2.9,,,,2024,1,4,22,0,0,0,0
257,양산시,2024-01-23,-3.9,-6.8,810,0.3,1508,,,,,,,13.2,270,1540,6.2,270,1521,3.3,2860,290,-16.0,29.0,1302.0,39.0,1.8,1021.4,1024.9,155,1018.7,1508,1022.2,10.2,8.5,1200.0,2.26,13.74,,,,,,1.0,0.8,-1.7,-9.2,1.0,2.3,4.3,4.7,,,,,,1.9,2.7,,,,2024,1,4,23,0,0,0,0
257,양산시,2024-01-24,-2.2,-5.9,751,2.1,1440,,,,,,,14.1,20,213,6.7,270,31,3.3,2849,290,-15.0,23.0,1441.0,37.1,1.9,1021.9,1025.5,2333,1020.7,143,1022.7,10.2,8.6,1200.0,2.27,13.77,,,,,,0.0,0.0,-1.2,-8.5,-0.3,1.2,2.9,3.4,,,,,,1.9,2.7,,,,2024,1,4,24,0,0,0,0
257,양산시,2024-01-25,-0.9,-5.9,635,4.4,1607,,,,,,,8.7,50,122,4.9,50,110,2.1,1844,290,-14.1,20.0,1659.0,37.3,2.1,1025.4,1027.6,908,1024.6,1623,1026.2,10.3,8.7,1200.0,2.15,12.21,,,,,,0.9,0.4,0.1,-9.5,-0.2,0.9,2.3,2.7,,,,,,1.9,2.7,,,,2024,1,4,25,0,0,0,0
257,양산시,2024-01-26,2.8,-1.4,2314,9.6,1506,,,,,,,6.6,290,1327,4.1,250,641,2.1,1814,200,-9.8,21.0,1300.0,41.8,3.0,1025.8,1027.7,809,1024.8,1354,1026.6,10.3,8.7,1200.0,2.25,13.56,,,,,,1.0,0.3,2.9,-7.2,0.7,1.5,2.2,2.5,,,,,,2.4,3.4,,,,2024,1,4,26,0,0,0,0
257,양산시,2024-01-27,3.6,-1.8,526,10.6,1440,,,,,,,4.9,270,1147,2.9,230,1148,1.5,1270,230,-5.9,27.0,1406.0,52.5,4.0,1024.3,1027.0,734,1023.1,1529,1025.1,10.3,8.8,1200.0,2.21,13.4,,,,,,1.6,0.6,3.9,-7.5,1.5,2.3,2.5,2.7,,,,,,2.0,2.9,,,,2024,1,4,27,0,0,0,0
257,양산시,2024-01-28,3.2,-1.5,2342,9.1,1552,,,,,,,8.8,320,1112,5.6,320,1115,1.8,1521,320,-7.4,24.0,1554.0,48.1,3.5,1025.6,1029.7,2327,1023.5,443,1026.4,10.3,8.8,1200.0,2.25,13.69,,,,,,2.0,1.3,4.0,-7.1,1.9,2.7,3.0,3.1,,,,,,2.0,2.8,,,,2024,1,4,28,0,0,0,0
257,양산시,2024-01-29,2.3,-3.1,532,9.8,1527,,,,,,,4.7,250,1504,2.8,270,1401,1.2,1042,230,-5.0,35.0,1645.0,60.6,4.2,1028.3,1030.4,832,1027.3,1443,1029.1,10.4,8.7,1200.0,2.15,13.1,,,,,,0.0,0.0,2.4,-8.1,1.9,2.8,3.1,3.2,,,,,,1.6,2.3,,,,2024,1,5,29,0,0,0,0
257,양산시,2024-01-30,5.0,-2.9,715,12.8,1423,,,,,,,5.6,140,1656,3.1,230,1609,0.9,762,20,-1.2,41.0,1417.0,66.0,5.7,1027.5,1031.2,917,1025.3,2356,1028.3,10.4,7.2,1200.0,2.14,12.09,,,,,,3.0,2.9,3.6,-8.1,2.7,3.4,3.3,3.3,,,,,,1.5,2.2,,,,2024,1,5,30,0,0,0,0
257,양산시,2024-01-31,9.0,5.8,652,15.4,1558,,,,,,0.8,5.5,230,1653,3.9,200,1659,1.1,909,200,5.9,53.0,1550.0,82.5,9.3,1021.8,1025.6,30,1019.3,1552,1022.6,10.4,3.3,1300.0,1.86,9.1,,,,,,7.4,5.5,8.5,2.0,5.7,6.3,5.0,4.6,,,,,,1.3,1.9,,,,2024,1,5,31,0,0,0,0
257,양산시,2024-02-01,7.4,4.9,2351,10.3,1353,,,,,,1.4,10.0,70,2159,5.2,70,2159,2.2,1881,70,4.6,54.0,1349.0,84.0,8.5,1022.5,1026.0,2200,1020.6,331,1023.3,10.5,0.0,1300.0,0.84,3.31,,,,,,9.9,5.0,6.2,3.8,5.9,6.8,6.1,5.8,,,,,,1.0,1.4,,,,2024,2,5,32,1,0,0,1
257,양산시,2024-02-02,6.7,4.5,56,10.5,1448,,,,,,0.0,10.1,50,22,5.3,50,30,3.0,2589,50,2.1,56.0,1451.0,73.6,7.1,1025.9,1028.6,2135,1024.9,331,1026.7,10.5,1.1,1300.0,1.21,7.27,,,,,,8.4,5.9,6.4,2.8,5.7,6.5,6.1,5.9,,,,,,1.3,1.9,,,,2024,2,5,33,1,0,0,0
257,양산시,2024-02-03,7.2,5.2,2312,10.1,1343,,,,,,4.5,9.0,70,1009,4.4,70,1009,2.8,2447,70,3.3,63.0,1400.0,77.4,7.8,1026.1,1029.4,736,1025.0,1600,1026.9,10.5,0.3,1100.0,1.14,6.06,,,,,,9.1,4.0,6.2,2.5,5.7,6.6,6.3,6.1,,,,,,1.0,1.4,,,,2024,2,5,34,1,0,0,1
257,양산시,2024-02-04,8.0,5.4,1,12.0,1215,,,,,,3.6,13.1,50,2350,4.9,70,2158,3.1,2637,70,4.6,62.0,1217.0,80.4,8.5,1023.7,1026.5,1059,1021.7,2336,1024.5,10.5,2.9,1200.0,2.0,9.64,,,,,,9.1,7.6,7.3,4.6,6.5,7.5,6.8,6.5,,,,,,1.4,2.1,,,,2024,2,5,35,1,0,0,1
257,양산시,2024-02-05,7.0,4.4,2357,8.7,628,,,,,,11.9,19.5,110,508,8.0,90,548,4.3,3734,90,4.1,75.0,1412.0,82.6,8.3,1017.4,1023.6,2346,1014.2,718,1018.2,10.6,0.0,1300.0,0.62,3.96,,,,,,9.9,5.0,5.9,3.6,6.2,7.3,7.1,6.8,,,,,,0.9,1.2,,,,2024,2,6,36,1,0,0,1
257,양산시,2024-02-06,5.3,3.3,706,8.0,1327,,,,,,,8.3,70,15,4.2,50,11,2.2,1880,70,1.0,59.0,1359.0,74.5,6.6,1022.6,1025.3,1051,1022.1,1455,1023.4,10.6,0.0,1200.0,1.02,5.12,,,,,,9.4,6.8,4.8,1.8,5.4,6.7,6.6,6.5,,,,,,0.8,1.2,,,,2024,2,6,37,1,0,0,0
257,양산시,2024-02-07,4.7,-0.3,644,10.9,1445,,,,,,,6.7,110,1738,3.8,110,1739,1.6,1393,70,-1.8,35.0,1449.0,63.0,5.4,1020.4,1023.1,753,1019.2,1547,1021.2,10.6,7.9,1300.0,2.35,14.46,,,,,,3.6,,5.9,-5.4,5.1,6.3,6.3,6.2,,,,,,0.9,1.3,,,,2024,2,6,38,1,0,0,0
257,양산시,2024-02-08,4.9,-0.6,638,11.0,1420,,,,,,,4.4,290,1233,2.7,290,1514,1.1,989,50,-1.9,37.0,1800.0,65.3,5.4,1019.0,1021.9,817,1017.9,1505,1019.8,10.7,8.3,1200.0,2.24,13.72,,,,,,4.3,,4.6,-5.4,4.5,5.9,6.2,6.1,,,,,,1.7,2.4,,,,2024,2,6,39,1,0,0,0
257,양산시,2024-02-09,5.0,0.5,636,10.9,1505,,,,,,,5.5,290,1516,3.4,270,1525,1.2,1040,160,-2.7,29.0,1754.0,59.9,5.1,1019.3,1021.9,2325,1018.0,1527,1020.1,10.7,4.4,1400.0,1.96,10.18,,,,,,3.6,3.4,5.8,-4.4,4.8,5.9,6.0,6.0,,,,,,1.7,2.5,,,,2024,2,6,40,1,0,0,0
257,양산시,2024-02-10,4.9,0.6,2359,11.0,1528,,,,,,,8.6,270,1320,4.8,320,1024,1.8,1579,200,-5.6,26.0,1518.0,48.3,4.1,1021.8,1024.1,904,1021.0,1520,1022.6,10.7,8.7,1200.0,2.36,14.69,,,,,,1.1,0.1,5.5,-5.0,3.9,5.2,5.6,5.6,,,,,,2.0,2.8,,,,2024,2,6,41,1,0,0,0
257,양산시,2024-02-11,4.5,-1.4,328,10.7,1545,,,,,,,8.5,340,1308,5.2,270,1619,2.1,1801,200,-4.8,30.0,1105.0,53.9,4.3,1022.4,1026.4,2344,1020.2,1511,1023.2,10.8,9.1,1200.0,2.27,14.15,,,,,,0.5,0.5,3.3,-6.7,3.6,4.8,5.2,5.3,,,,,,2.3,3.2,,,,2024,2,6,42,1,0,0,0
257,양산시,2024-02-12,5.0,-2.1,718,12.5,1340,,,,,,,8.7,200,1527,5.9,200,1528,2.0,1764,200,-3.6,25.0,1329.0,57.1,4.8,1028.7,1031.6,914,1026.4,1,1029.5,10.8,9.4,1200.0,2.49,15.8,,,,,,0.0,0.0,4.4,-7.4,3.9,5.0,5.2,5.2,,,,,,2.5,3.6,,,,2024,2,7,43,1,0,0,0
257,양산시,2024-02-13,9.1,0.1,709,17.6,1404,,,,,,,13.1,200,1338,7.2,250,1303,3.2,2781,230,3.3,47.0,1448.0,68.3,7.9,1026.1,1029.5,1,1024.6,1551,1026.9,10.8,6.2,1400.0,2.07,11.64,,,,,,0.8,0.5,7.1,-3.9,5.1,6.0,5.5,5.4,,,,,,2.4,3.4,,,,2024,2,7,44,1,0,0,0
257,양산시,2024-02-14,12.3,7.0,359,17.1,1524,,,,,,1.6,6.5,200,1606,4.3,200,1615,1.4,1241,250,10.7,73.0,6.0,90.6,13.1,1021.6,1025.8,30,1020.1,1508,1022.4,10.9,0.1,1400.0,1.02,4.17,,,,,,7.8,3.5,10.1,1.9,7.3,8.2,6.9,6.5,,,,,,0.7,1.0,,,,2024,2,7,45,1,0,1,1
257,양산시,2024-02-15,12.0,5.1,2400,20.6,1305,,,,,,,11.0,340,1716,6.4,320,1732,2.6,2266,200,7.8,47.0,1945.0,77.5,11.1,1015.7,1023.7,2332,1010.0,1432,1016.5,10.9,2.6,1000.0,1.58,8.57,,,,,,5.4,4.1,10.9,4.9,9.3,10.3,8.8,8.1,,,,,,2.1,3.1,,,,2024,2,7,46,1,0,1,0
257,양산시,2024-02-16,5.8,2.2,2353,11.6,1541,,,,,,,10.0,50,312,4.9,50,118,2.3,1995,70,-2.1,32.0,1546.0,58.3,5.2,1023.2,1026.4,814,1021.9,1601,1024.0,10.9,9.5,1300.0,2.61,17.02,,,,,,1.8,0.5,8.4,-3.8,6.6,8.0,8.2,8.0,,,,,,2.3,3.3,,,,2024,2,7,47,1,0,0,0
257,양산시,2024-02-17,6.2,-0.8,650,15.2,1449,,,,,,,6.6,200,1521,4.2,230,1604,1.3,1138,230,0.8,36.0,1240.0,72.6,6.5,1021.3,1023.8,805,1019.8,1518,1022.1,11.0,9.6,1200.0,2.63,17.08,,,,,,0.0,0.0,7.6,-6.2,5.7,7.1,7.2,7.2,,,,,,2.3,3.3,,,,2024,2,7,48,1,0,0,0
257,양산시,2024-02-18,9.3,0.1,706,15.5,1226,,,,,,12.2,4.6,360,2348,2.9,20,2352,0.7,628,20,7.4,60.0,1146.0,89.3,10.8,1019.6,1023.2,802,1015.6,2357,1020.4,11.0,1.4,1000.0,1.47,6.25,,,,,,6.9,5.3,5.8,-5.2,5.7,7.1,7.1,7.0,,,,,,0.9,1.3,,,,2024,2,7,49,1,0,0,1
257,양산시,2024-02-19,16.7,12.7,2356,22.9,1435,,,,,,87.2,7.5,200,751,4.6,250,733,2.2,1925,200,14.8,62.0,1442.0,89.6,16.8,1010.1,1015.8,15,1007.8,1419,1010.9,11.0,2.2,1400.0,1.84,7.26,,,,,,6.6,2.8,14.8,8.7,12.5,13.3,10.6,9.6,,,,,,1.3,1.9,,,,2024,2,8,50,1,0,1,1
257,양산시,2024-02-20,9.5,7.1,2235,13.5,311,,,,,,3.1,14.0,50,2003,6.0,70,2147,3.7,3181,70,7.3,73.0,1315.0,87.0,10.4,1020.8,1024.2,2039,1014.4,10,1021.6,11.1,0.0,1300.0,0.5,2.42,,,,,,9.1,5.1,8.6,6.3,9.4,10.8,10.7,10.3,,,,,,0.9,1.2,,,,2024,2,8,51,1,0,0,1
257,양산시,2024-02-21,7.3,5.5,2351,8.6,1233,,,,,,2.2,15.0,110,1019,6.2,90,1026,4.4,3839,70,5.0,74.0,1308.0,85.6,8.7,1019.2,1023.2,5,1017.7,1442,1020.0,11.1,0.0,1200.0,0.59,3.16,,,,,,9.8,4.4,6.3,4.7,7.3,8.7,9.0,9.0,,,,,,0.8,1.1,,,,2024,2,8,52,1,0,0,1
257,양산시,2024-02-22,4.6,3.7,2018,5.6,1,,,,,,0.8,14.0,70,1754,6.1,70,756,4.7,4047,70,1.7,72.0,1403.0,82.0,6.9,1023.8,1026.8,2215,1019.7,28,1024.6,11.2,0.0,1200.0,0.6,3.39,,,,,,9.9,5.5,4.0,2.9,5.6,7.1,7.9,7.9,,,,,,0.9,1.3,,,,2024,2,8,53,1,0,0,0
257,양산시,2024-02-23,4.5,3.4,552,7.0,1249,,,,,,0.0,12.2,70,1046,6.2,50,1052,4.3,3718,70,-0.4,61.0,1234.0,70.6,5.9,1027.7,1031.9,2118,1025.3,331,1028.5,11.2,0.4,1200.0,1.71,8.8,,,,,,10.0,7.5,4.6,3.0,5.2,6.6,7.0,7.1,,,,,,1.5,2.2,,,,2024,2,8,54,1,0,0,0
257,양산시,2024-02-24,5.3,3.7,513,8.1,1302,,,,,,0.0,10.6,50,5,5.3,70,10,3.1,2659,70,-1.1,52.0,1306.0,63.9,5.7,1026.9,1031.3,323,1023.4,2324,1027.7,11.2,0.1,1100.0,1.1,5.81,,,,,,9.8,8.3,4.1,2.6,5.1,6.4,6.7,6.7,,,,,,1.1,1.6,,,,2024,2,8,55,1,0,0,0
257,양산시,2024-02-25,6.7,3.6,2359,11.0,1241,,,,,,2.3,8.7,20,1138,4.2,50,1100,2.1,1801,70,2.9,56.0,1244.0,78.3,7.5,1020.5,1023.7,32,1019.3,1355,1021.3,11.3,1.5,1100.0,2.11,9.13,,,,,,7.8,6.9,6.9,-1.4,6.2,7.4,7.1,6.9,,,,,,1.3,1.9,,,,2024,2,8,56,1,0,0,1
257,양산시,2024-02-26,6.0,0.6,641,12.1,1356,,,,,,,10.4,20,1305,6.1,50,1312,2.4,2107,70,0.2,39.0,1335.0,68.6,6.2,1025.5,1029.1,2344,1023.4,7,1026.3,11.3,5.9,1200.0,2.78,14.78,,,,,,4.9,1.8,3.7,-3.7,5.6,6.9,7.2,7.1,,,,,,2.3,3.3,,,,2024,2,9,57,1,0,0,0
257,양산시,2024-02-27,5.3,3.1,2359,8.6,1527,,,,,,,9.6,70,552,4.2,50,1529,2.6,2274,70,-2.4,40.0,1540.0,58.1,5.2,1029.7,1031.5,924,1028.9,26,1030.5,11.3,0.7,1500.0,1.25,6.42,,,,,,6.4,5.3,3.3,-1.2,4.7,6.0,6.7,6.7,,,,,,1.4,2.0,,,,2024,2,9,58,1,0,0,0
257,양산시,2024-02-28,7.2,-0.2,621,14.0,1358,,,,,,,10.0,110,1736,4.6,110,1808,2.3,1994,50,-0.3,35.0,1411.0,60.8,6.0,1027.4,1031.5,55,1025.9,2339,1028.2,11.4,9.3,1100.0,2.56,17.07,,,,,,4.3,1.5,5.8,-4.1,5.1,6.5,6.4,6.3,,,,,,2.7,3.9,,,,2024,2,9,59,1,0,0,0
257,양산시,2024-02-29,6.2,3.8,2319,8.7,1001,,,,,,9.1,8.8,50,1552,4.3,50,1606,2.3,1985,50,3.4,63.0,10.0,82.9,7.8,1019.9,1026.6,133,1017.4,1701,1020.7,11.4,0.0,1300.0,0.36,2.35,,,,,,9.1,7.3,4.8,0.0,5.6,6.9,7.0,6.9,,,,,,0.7,1.0,,,,2024,2,9,60,1,0,0,1
257,양산시,2024-03-01,3.2,-1.4,2347,6.8,1442,,,,,,,13.5,320,1156,7.3,290,1151,3.2,2766,320,-11.2,16.0,1620.0,37.3,2.9,1018.6,1023.1,2227,1017.1,1638,1019.4,11.4,9.5,1200.0,2.79,18.6,,,,,,3.8,0.3,3.6,-4.4,4.2,5.6,6.2,6.3,,,,,,3.2,4.5,,,,2024,3,9,61,1,1,0,0
257,양산시,2024-03-02,1.3,-4.3,649,6.8,1646,,,,,,,9.8,230,1700,5.9,230,1709,2.6,2247,230,-11.3,20.0,1552.0,40.3,2.7,1020.9,1024.8,840,1018.8,1712,1021.7,11.5,9.8,1200.0,2.93,19.54,,,,,,0.0,0.0,2.6,-7.1,2.4,4.2,5.0,5.3,,,,,,2.6,3.7,,,,2024,3,9,62,1,1,0,0
257,양산시,2024-03-03,5.8,-1.3,446,12.3,1437,,,,,,,8.1,230,1531,4.5,230,1531,2.0,1746,230,-1.5,36.0,1433.0,60.9,5.5,1018.0,1020.0,835,1016.6,1557,1018.8,11.5,5.3,1100.0,2.19,12.54,,,,,,1.9,1.3,4.0,-6.3,3.8,5.1,5.1,5.1,,,,,,2.0,2.8,,,,2024,3,9,63,1,1,0,0
257,양산시,2024-03-04,9.1,1.2,701,15.8,1307,,,,,,,6.9,180,1524,3.8,230,1509,1.7,1468,230,0.6,20.0,1351.0,59.3,6.4,1019.8,1023.4,818,1018.5,2356,1020.6,11.5,6.2,1200.0,2.73,14.72,,,,,,7.0,3.3,6.3,-3.6,5.7,6.8,6.0,5.8,,,,,,2.5,3.6,,,,2024,3,10,64,1,1,0,0
257,양산시,2024-03-05,7.8,6.1,337,10.6,5,,,,,,16.2,12.0,50,1529,5.4,50,901,4.2,3609,70,6.1,57.0,3.0,89.9,9.4,1011.9,1018.6,6,1009.6,1546,1012.7,11.6,0.0,1100.0,0.39,2.43,,,,,,9.9,4.8,6.1,5.5,6.1,7.4,7.1,6.8,,,,,,0.8,1.1,,,,2024,3,10,65,1,0,0,1
257,양산시,2024-03-06,8.1,6.0,2348,12.0,1218,,,,,,0.0,13.5,50,1052,6.5,50,1234,4.0,3498,70,2.9,55.0,1432.0,70.4,7.6,1014.2,1018.6,2314,1010.8,306,1015.0,11.6,2.8,1200.0,2.09,11.71,,,,,,8.4,6.5,7.5,4.7,6.8,7.9,7.4,7.1,,,,,,1.9,2.7,,,,2024,3,10,66,1,0,0,0
257,양산시,2024-03-07,7.7,3.8,2333,11.8,1236,,,,,,0.0,9.3,50,248,4.3,70,320,2.4,2086,70,1.8,43.0,2353.0,67.6,7.1,1015.2,1019.3,840,1013.0,1619,1016.0,11.7,1.7,1200.0,2.14,10.16,,,,,,6.9,4.4,6.4,-1.6,6.8,7.9,7.5,7.2,,,,,,1.9,2.7,,,,2024,3,10,67,1,1,0,0
257,양산시,2024-03-08,6.8,2.1,729,11.7,1452,,,,,,,10.5,320,1159,5.6,340,1515,3.0,2629,290,-9.0,21.0,1545.0,31.8,3.1,1015.2,1019.4,2359,1013.7,1508,1016.0,11.7,9.8,1200.0,2.9,19.34,,,,,,0.0,0.0,6.7,-2.8,5.5,6.8,7.0,7.0,,,,,,3.5,5.0,,,,2024,3,10,68,1,1,0,0
257,양산시,2024-03-09,4.7,-0.5,634,11.5,1511,,,,,,,9.3,20,55,5.4,320,106,2.0,1771,180,-7.0,20.0,1501.0,45.0,3.7,1022.2,1026.1,2321,1019.4,1,1023.0,11.7,9.9,1200.0,2.97,20.33,,,,,,0.0,0.0,6.6,-5.1,5.1,6.5,6.6,6.6,,,,,,2.8,4.1,,,,2024,3,10,69,1,1,0,0
257,양산시,2024-03-10,6.4,-1.7,618,14.0,1559,,,,,,,6.4,290,1406,4.2,250,1343,1.7,1486,200,-3.2,18.0,1651.0,56.5,5.0,1026.5,1029.4,919,1025.4,1740,1027.3,11.8,10.0,1200.0,3.03,20.77,,,,,,1.0,0.0,8.3,-7.0,5.3,6.7,6.6,6.5,,,,,,3.5,5.1,,,,2024,3,10,70,1,1,0,0
257,양산시,2024-03-11,8.2,1.2,709,13.8,1300,,,,,,0.8,9.8,250,1301,5.9,250,1308,2.0,1690,230,2.9,39.0,1039.0,72.1,7.7,1019.7,1027.1,1,1015.4,2358,1020.5,11.8,3.7,1100.0,1.93,11.37,,,,,,8.6,2.1,6.6,-3.8,5.8,7.2,7.1,6.9,,,,,,1.9,2.7,,,,2024,3,11,71,1,1,0,0
257,양산시,2024-03-12,7.9,5.0,346,15.2,1156,,,,,,0.2,9.2,50,1849,4.8,50,1905,1.6,1381,90,4.3,44.0,1342.0,80.0,8.4,1013.3,1018.2,2351,1011.5,1334,1014.1,11.8,4.6,1100.0,2.77,12.35,,,,,,3.9,2.4,7.0,-0.4,7.1,8.5,8.0,7.6,,,,,,1.7,2.4,,,,2024,3,11,72,1,0,0,0
257,양산시,2024-03-13,8.0,0.7,611,15.7,1437,,,,,,,9.0,200,1640,5.4,200,1756,2.1,1804,200,0.9,24.0,1420.0,65.3,6.6,1019.0,1022.0,817,1017.1,1638,1019.8,11.9,10.0,1200.0,3.03,20.41,,,,,,0.6,0.0,7.8,-3.8,7.2,8.4,8.0,7.7,,,,,,3.8,5.4,,,,2024,3,11,73,1,1,0,0
257,양산시,2024-03-14,9.7,3.8,154,18.0,1613,,,,,,,7.3,270,1546,4.6,230,1748,1.9,1644,230,-1.9,20.0,1456.0,48.0,5.4,1019.9,1022.3,2331,1018.4,1626,1020.7,11.9,7.8,1300.0,2.88,17.87,,,,,,4.1,0.9,11.7,-1.7,7.9,9.0,8.4,8.1,,,,,,3.6,5.1,,,,2024,3,11,74,1,1,0,0
257,양산시,2024-03-15,11.3,2.0,553,21.1,1504,,,,,,,8.5,250,1346,5.0,270,1332,2.0,1740,230,-1.0,12.0,1343.0,50.3,5.8,1021.4,1024.3,909,1019.4,1613,1022.1,12.0,10.3,1200.0,3.08,21.36,,,,,,0.0,0.0,11.1,-3.5,7.9,9.3,8.7,8.4,,,,,,5.0,7.1,,,,2024,3,11,75,1,1,1,0
257,양산시,2024-03-16,13.7,5.2,645,22.0,1229,,,,,,0.0,8.4,250,1519,5.9,250,1519,2.1,1783,230,2.2,22.0,1227.0,48.0,7.3,1019.6,1023.7,853,1017.6,2345,1020.3,12.0,9.6,1200.0,2.86,19.41,,,,,,4.3,2.0,13.8,-1.3,9.5,10.6,9.5,9.1,,,,,,4.1,5.8,,,,2024,3,11,76,1,0,1,0
257,양산시,2024-03-17,15.0,9.2,2356,22.2,1421,,,,,,0.0,11.5,90,1437,6.2,320,1438,3.0,2581,320,2.2,13.0,1821.0,46.6,7.6,1012.8,1018.5,2355,1009.2,1505,1013.6,12.0,7.7,1100.0,2.74,17.06,,,,,,5.0,1.5,15.8,6.0,11.3,12.3,11.0,10.3,,,,,,4.3,6.1,,,,2024,3,11,77,1,0,1,0
257,양산시,2024-03-18,10.3,5.7,640,15.6,1305,,,,,,,7.7,230,1558,4.6,230,1601,2.0,1729,70,0.0,26.0,1241.0,49.9,6.2,1020.0,1023.6,901,1018.4,1,1020.8,12.1,9.8,1200.0,2.96,20.74,,,,,,3.5,0.3,13.2,0.6,10.0,11.3,10.8,10.4,,,,,,3.4,4.9,,,,2024,3,12,78,1,0,1,0
257,양산시,2024-03-19,11.3,7.4,2353,17.3,1312,,,,,,0.0,11.9,340,2141,6.8,230,1416,3.3,2872,230,-0.2,26.0,1215.0,47.0,6.2,1014.4,1020.1,22,1010.2,1712,1015.2,12.1,3.6,1300.0,2.89,13.64,,,,,,6.3,2.6,11.0,4.8,10.6,11.6,10.9,10.6,,,,,,4.0,5.7,,,,2024,3,12,79,1,0,1,0
257,양산시,2024-03-20,7.7,3.2,2400,12.5,1308,,,,,,,12.7,290,1245,6.6,290,35,3.2,2780,290,-6.2,15.0,1340.0,40.3,4.0,1017.0,1019.5,908,1014.5,153,1017.8,12.1,9.7,1300.0,3.27,21.18,,,,,,0.9,0.9,9.9,-2.5,8.5,9.8,10.1,10.0,,,,,,3.9,5.5,,,,2024,3,12,80,1,1,0,0
257,양산시,2024-03-21,7.2,1.7,545,13.9,1549,,,,,,,7.1,340,1600,4.3,360,1558,1.9,1670,200,-5.3,20.0,1624.0,42.9,4.2,1017.3,1019.5,2346,1015.6,1711,1018.1,12.2,10.5,1200.0,3.06,21.88,,,,,,0.0,0.0,10.3,-4.1,8.2,9.4,9.5,9.4,,,,,,3.3,4.8,,,,2024,3,12,81,1,1,0,0
257,양산시,2024-03-22,11.0,3.6,434,16.2,1340,,,,,,4.7,10.3,250,1412,6.2,250,1646,2.6,2246,230,4.9,32.0,1341.0,68.5,9.2,1015.4,1019.9,114,1011.1,2358,1016.2,12.2,6.3,1300.0,2.67,16.7,,,,,,8.6,4.8,11.4,-1.6,9.3,10.4,9.8,9.5,,,,,,2.9,4.2,,,,2024,3,12,82,1,1,1,1
257,양산시,2024-03-23,18.0,12.6,648,25.2,1324,,,,,,1.1,11.0,250,312,5.6,250,318,2.7,2290,230,11.1,24.0,1322.0,66.9,13.3,1012.9,1017.9,2318,1009.1,404,1013.6,12.3,9.1,1200.0,3.09,20.78,,,,,,5.0,2.5,18.0,8.5,13.4,14.3,12.1,11.2,,,,,,4.2,6.1,,,,2024,3,12,83,1,0,1,1
257,양산시,2024-03-24,12.1,10.5,1841,14.5,1139,,,,,,2.1,12.3,50,708,5.5,50,1542,3.8,3272,50,8.1,62.0,1205.0,77.4,10.8,1016.7,1019.0,914,1016.1,1718,1017.5,12.3,0.0,1100.0,0.97,3.92,,,,,,9.9,6.0,10.8,9.6,11.3,12.5,12.4,12.0,,,,,,1.3,1.9,,,,2024,3,12,84,1,0,1,1
257,양산시,2024-03-25,10.9,8.8,2024,12.9,1258,,,,,,11.7,17.7,50,2352,6.0,90,2321,3.8,3308,70,7.9,68.0,1138.0,82.4,10.6,1014.3,1017.5,734,1012.5,1731,1015.1,12.3,0.0,1000.0,0.46,3.18,,,,,,9.3,5.6,9.9,8.1,10.2,11.3,11.3,11.1,,,,,,0.9,1.3,,,,2024,3,13,85,1,0,1,1
257,양산시,2024-03-26,9.1,6.4,2356,12.6,1554,,,,,,10.8,15.1,110,223,6.0,50,1404,3.6,3133,70,5.1,51.0,1607.0,77.9,8.9,1016.3,1023.7,2358,1008.3,353,1017.1,12.4,1.2,1200.0,2.1,11.83,,,,,,8.3,5.1,10.1,2.6,9.9,10.9,10.6,10.4,,,,,,1.8,2.6,,,,2024,3,13,86,1,0,0,1
257,양산시,2024-03-27,10.0,2.8,541,16.9,1305,,,,,,,7.2,250,1509,4.7,250,1516,1.3,1113,230,4.9,43.0,1323.0,73.0,8.7,1022.5,1025.8,701,1020.3,2358,1023.3,12.4,6.5,1200.0,2.91,18.01,,,,,,5.9,1.1,8.9,-1.6,9.6,10.6,10.3,10.1,,,,,,2.5,3.5,,,,2024,3,13,87,1,1,1,0
257,양산시,2024-03-28,11.5,9.4,202,13.9,1936,,,,,,53.1,8.6,320,2241,5.2,290,2249,1.1,987,70,10.2,71.0,714.0,92.8,12.6,1008.3,1020.3,8,1000.8,2002,1009.1,12.4,0.0,1000.0,0.17,1.36,,,,,,9.3,5.9,10.0,7.2,10.1,11.2,10.9,10.5,,,,,,0.6,0.8,,,,2024,3,13,88,1,0,1,1
257,양산시,2024-03-29,14.1,7.2,444,19.1,1459,,,,,,,13.0,200,1452,7.5,230,1422,3.6,3088,230,6.9,23.0,2354.0,66.1,10.4,1006.8,1011.1,2354,1004.8,1,1007.5,12.5,9.1,1200.0,2.96,20.78,,,,,,0.9,0.0,13.4,1.9,11.4,12.2,11.2,10.8,,,,,,3.9,5.6,,,,2024,3,13,89,1,0,1,0
257,양산시,2024-03-30,13.2,4.9,552,18.7,1322,,,,,,,8.9,320,39,5.3,230,1405,2.1,1855,200,5.2,22.0,6.0,62.0,9.6,1010.9,1015.3,553,1007.7,1726,1011.6,12.5,4.2,1000.0,2.2,12.16,,,,,,3.0,2.1,9.9,-0.2,10.6,11.6,11.3,11.0,,,,,,2.4,3.4,,,,2024,3,13,90,1,1,1,0
257,양산시,2024-03-31,13.5,8.9,2357,21.0,1258,,,,,,,7.4,50,633,4.2,250,1517,1.5,1336,250,6.9,18.0,1226.0,70.3,10.2,1010.2,1014.1,932,1008.7,1537,1011.0,12.6,5.6,1200.0,2.94,17.1,,,,,,4.0,0.0,12.2,3.9,11.6,12.7,11.8,11.4,,,,,,2.9,4.1,,,,2024,3,13,91,1,0,1,0
257,양산시,2024-04-01,13.9,6.3,600,23.3,1322,,,,,,,10.5,200,1612,6.4,200,1613,1.7,1474,200,4.7,18.0,1305.0,60.8,8.6,1012.7,1015.1,1058,1010.5,1,1013.4,12.6,10.7,1200.0,3.23,23.1,,,,,,0.3,0.0,13.5,1.4,12.2,13.1,12.1,11.7,,,,,,4.8,6.9,,,,2024,4,14,92,1,0,1,0
257,양산시,2024-04-02,15.2,7.2,459,22.6,1321,0.8,2207.0,2.7,2145.0,,4.2,7.5,230,1539,4.8,230,1519,1.5,1307,230,7.8,30.0,1148.0,66.1,10.8,1013.2,1016.2,831,1012.1,2342,1014.0,12.6,3.9,1100.0,2.16,14.81,,,,,,9.0,2.9,14.5,2.9,12.3,13.3,12.5,12.0,,,,,,2.8,3.9,,,,2024,4,14,93,1,0,1,1
257,양산시,2024-04-03,13.1,11.4,2111,14.5,1,1.5,208.0,6.7,129.0,,39.7,11.8,50,1236,6.5,50,754,3.7,3219,50,12.6,88.0,1951.0,97.0,14.6,1005.5,1012.2,1,1002.5,1457,1006.2,12.7,0.0,1200.0,0.55,2.65,,,,,,9.9,5.1,11.9,10.8,12.2,13.5,13.0,12.6,,,,,,0.8,1.1,,,,2024,4,14,94,1,0,1,1
257,양산시,2024-04-04,13.9,11.1,343,19.2,1548,,,,,,,11.0,70,723,5.0,50,959,2.9,2478,70,6.4,31.0,1756.0,63.1,9.9,1014.5,1019.7,2139,1008.9,251,1015.3,12.7,2.2,1300.0,1.86,13.88,,,,,,8.5,6.5,13.6,8.4,12.6,13.5,12.7,12.3,,,,,,2.9,4.1,,,,2024,4,14,95,1,0,1,0
257,양산시,2024-04-05,14.6,10.0,2328,21.8,1403,,,,,,,8.4,110,1514,3.9,140,1656,2.4,2085,50,6.0,35.0,1241.0,58.3,9.4,1018.1,1020.4,948,1016.1,1558,1018.8,12.7,8.4,1200.0,3.2,21.09,,,,,,4.9,2.9,15.3,5.9,13.8,14.5,13.3,12.8,,,,,,3.8,5.4,,,,2024,4,14,96,1,0,1,0
257,양산시,2024-04-06,14.0,7.7,450,21.7,1233,,,,,,,6.6,200,1431,4.0,200,1431,1.3,1093,230,8.2,40.0,1139.0,71.6,10.9,1017.1,1020.0,7,1014.8,1849,1017.9,12.8,5.1,1100.0,2.76,15.52,,,,,,5.0,0.5,12.2,4.0,12.6,13.8,13.4,13.0,,,,,,2.7,3.9,,,,2024,4,14,97,1,0,1,0
257,양산시,2024-04-07,16.3,8.6,605,25.1,1242,,,,,,,7.1,250,1448,3.8,230,1330,1.5,1267,230,8.2,30.0,1205.0,64.4,10.9,1015.5,1017.8,43,1014.0,1614,1016.2,12.8,9.6,1200.0,3.15,21.09,,,,,,4.1,0.3,16.1,3.9,13.7,14.7,13.6,13.2,,,,,,4.0,5.7,,,,2024,4,14,98,1,0,1,0
257,양산시,2024-04-08,17.4,10.8,615,24.2,1246,,,,,,,5.6,230,1323,3.3,230,1324,1.1,952,230,8.2,30.0,1241.0,57.8,10.9,1013.8,1016.7,15,1012.5,1527,1014.5,12.8,1.8,1100.0,1.95,11.96,,,,,,8.9,4.8,16.3,6.9,14.1,15.1,14.2,13.7,,,,,,3.2,4.6,,,,2024,4,15,99,1,0,1,0
257,양산시,2024-04-09,13.8,9.1,2345,18.1,1319,,,,,,,14.2,50,620,6.8,50,706,4.1,3535,70,4.7,38.0,1306.0,55.0,8.6,1020.7,1026.4,2212,1014.0,9,1021.4,12.9,10.6,1200.0,3.3,24.15,,,,,,1.1,0.3,17.8,6.9,14.2,15.2,14.5,14.0,,,,,,4.3,6.1,,,,2024,4,15,100,1,0,1,0
257,양산시,2024-04-10,13.2,6.8,548,20.2,1423,,,,,,,6.9,250,1522,4.6,250,1531,1.8,1562,50,5.9,36.0,1254.0,63.3,9.4,1024.6,1028.0,814,1023.3,1517,1025.4,12.9,10.1,1200.0,3.18,22.69,,,,,,5.3,1.0,16.8,3.3,13.6,14.7,14.0,13.7,,,,,,3.6,5.1,,,,2024,4,15,101,1,0,1,0
257,양산시,2024-04-11,14.8,9.4,525,21.4,1513,,,,,,,7.0,230,1902,4.1,200,1242,1.5,1283,200,9.2,49.0,1404.0,70.9,11.7,1020.8,1024.9,1,1019.2,1654,1021.6,13.0,0.9,1200.0,1.99,11.56,,,,,,7.5,5.1,16.7,6.7,14.3,15.2,14.4,13.9,,,,,,2.2,3.1,,,,2024,4,15,102,1,0,1,0
257,양산시,2024-04-12,17.2,9.4,547,25.9,1448,,,,,,,6.6,270,1520,3.9,250,1555,1.5,1309,200,10.8,36.0,1302.0,70.0,13.0,1016.9,1020.7,1,1014.6,1629,1017.6,13.0,9.5,1100.0,3.17,22.92,,,,,,4.0,0.1,21.2,5.1,15.6,16.3,14.9,14.3,,,,,,4.1,5.9,,,,2024,4,15,103,1,0,1,0
257,양산시,2024-04-13,18.0,10.2,605,27.7,1440,,,,,,,7.4,110,1508,5.0,250,1653,1.4,1240,180,9.5,23.0,1526.0,63.3,11.9,1016.4,1018.7,2345,1015.3,1458,1017.1,13.0,10.7,1200.0,3.27,24.82,,,,,,1.6,0.0,22.0,5.7,16.9,17.5,16.0,15.2,,,,,,5.1,7.3,,,,2024,4,15,104,1,0,1,0
257,양산시,2024-04-14,18.7,9.7,524,27.5,1210,,,,,,,8.7,110,1316,4.8,140,1327,1.4,1225,140,9.2,26.0,1406.0,59.8,11.7,1017.3,1019.5,645,1016.4,2347,1018.0,13.1,8.8,1100.0,3.11,21.89,,,,,,4.1,0.1,20.9,4.9,16.8,17.5,16.4,15.7,,,,,,4.4,6.2,,,,2024,4,15,105,1,0,1,0
257,양산시,2024-04-15,16.6,14.6,310,20.0,1010,1.4,1624.0,5.1,1322.0,,17.9,6.0,50,130,3.2,50,132,1.0,875,50,14.9,59.0,1015.0,91.0,17.1,1011.4,1016.4,1,1010.0,1752,1012.1,13.1,0.0,1300.0,0.46,2.95,,,,,,7.6,2.9,16.3,11.8,15.9,16.7,16.2,15.8,,,,,,0.8,1.1,,,,2024,4,16,106,1,0,1,1
257,양산시,2024-04-16,18.4,12.0,2349,25.9,1623,,,,,,,9.9,270,1547,5.3,270,1525,2.0,1692,230,12.4,24.0,1713.0,72.5,14.7,1009.9,1012.4,2358,1007.7,1552,1010.6,13.1,6.9,1200.0,3.17,20.04,,,,,,1.3,1.1,19.8,8.0,18.0,18.3,16.6,15.8,,,,,,3.7,5.3,,,,2024,4,16,107,1,0,1,0
257,양산시,2024-04-17,16.6,8.9,544,23.5,1250,,,,,,,6.7,230,1407,3.8,230,1407,1.3,1140,230,7.5,26.0,1245.0,58.8,10.4,1009.9,1012.6,808,1008.7,1735,1010.6,13.2,7.9,1200.0,3.04,20.49,,,,,,5.9,0.3,17.0,4.8,16.3,16.9,16.3,15.9,,,,,,3.8,5.5,,,,2024,4,16,108,1,0,1,0
257,양산시,2024-04-18,17.9,11.0,550,25.8,1312,,,,,,,7.1,230,1418,4.2,250,1418,1.5,1257,250,9.5,30.0,1253.0,61.5,11.9,1008.5,1012.3,2354,1006.9,1559,1009.3,13.2,10.1,1200.0,3.13,23.05,,,,,,0.8,0.0,20.9,7.4,17.1,17.7,16.5,16.0,,,,,,4.4,6.3,,,,2024,4,16,109,1,0,1,0
257,양산시,2024-04-19,18.7,11.7,609,27.2,1224,,,,,,,8.8,200,1427,5.6,230,1430,2.3,2012,230,10.6,26.0,1219.0,63.3,12.9,1011.0,1013.3,727,1009.6,1556,1011.7,13.2,9.6,1200.0,3.27,23.63,,,,,,3.9,0.1,21.4,8.5,17.7,18.2,17.0,16.4,,,,,,4.5,6.5,,,,2024,4,16,110,1,0,1,0
257,양산시,2024-04-20,16.0,14.0,424,19.4,1059,0.4,1131.0,0.7,1119.0,,2.1,10.5,140,1651,4.9,50,2346,1.7,1484,50,12.8,63.0,1110.0,82.3,14.9,1009.6,1012.7,1,1007.9,2351,1010.3,13.3,0.0,1100.0,0.63,4.05,,,,,,9.3,4.1,15.5,11.1,16.0,16.9,16.7,16.4,,,,,,0.9,1.4,,,,2024,4,16,111,1,0,1,1
257,양산시,2024-04-21,16.8,15.1,2,21.6,1327,,,,,,,11.2,50,1706,5.4,50,1736,3.8,3281,70,14.0,69.0,1329.0,84.1,16.0,1008.7,1011.5,2204,1007.5,226,1009.4,13.3,0.4,1300.0,2.07,9.95,,,,,,9.3,7.6,17.0,14.5,16.4,17.0,16.2,15.8,,,,,,2.0,2.9,,,,2024,4,16,112,1,0,1,0
257,양산시,2024-04-22,16.1,14.8,2355,18.7,1614,,,,,,,10.5,50,1008,5.4,50,857,3.6,3072,70,11.3,59.0,1551.0,73.9,13.4,1012.2,1015.1,2205,1010.8,146,1012.9,13.3,0.4,900.0,1.3,9.7,,,,,,8.8,6.9,16.7,12.9,15.8,16.3,16.1,15.7,,,,,,2.2,3.2,,,,2024,4,17,113,1,0,1,0
257,양산시,2024-04-23,15.5,12.5,2058,20.2,1133,1.1,2037.0,5.1,2034.0,,9.3,13.8,50,1050,5.2,90,1332,3.0,2603,70,10.3,48.0,1134.0,73.0,12.5,1010.4,1014.6,141,1008.2,2133,1011.2,13.4,4.1,1000.0,2.77,16.39,,,,,,8.0,5.6,19.0,11.3,15.6,16.2,15.8,15.5,,,,,,2.8,4.0,,,,2024,4,17,114,1,0,1,1
257,양산시,2024-04-24,15.2,10.9,2359,21.9,1700,0.0,,0.0,,,0.0,8.3,50,209,4.7,200,1125,1.8,1580,230,10.5,38.0,1723.0,75.9,12.8,1006.6,1009.5,2357,1005.3,1545,1007.4,13.4,3.6,1300.0,1.79,12.12,,,,,,5.1,4.1,15.4,7.2,15.8,16.3,15.7,15.3,,,,,,2.3,3.3,,,,2024,4,17,115,1,0,1,0
257,양산시,2024-04-25,17.5,10.1,204,26.3,1335,,,,,,,7.8,230,1601,4.8,200,1624,2.0,1695,230,10.8,35.0,1342.0,68.6,13.0,1008.8,1010.8,717,1007.3,1527,1009.6,13.4,10.7,1200.0,3.31,25.89,,,,,,1.3,0.0,18.2,6.0,16.6,17.0,15.8,15.4,,,,,,4.6,6.6,,,,2024,4,17,116,1,0,1,0
257,양산시,2024-04-26,16.9,12.8,504,22.8,1339,,,,,,,7.9,200,1501,4.5,200,1501,1.4,1229,230,12.8,53.0,1409.0,78.8,14.8,1009.0,1010.8,1010,1007.8,1701,1009.7,13.5,2.2,1500.0,1.99,13.09,,,,,,6.0,2.6,16.3,9.6,16.7,17.3,16.5,16.0,,,,,,2.5,3.6,,,,2024,4,17,117,1,0,1,0
257,양산시,2024-04-27,19.5,11.3,546,29.0,1353,,,,,,,7.2,230,1505,4.3,200,1519,1.4,1193,230,13.1,39.0,1214.0,70.8,15.1,1009.2,1012.5,2228,1007.5,1528,1009.9,13.5,10.9,1200.0,3.44,25.78,,,,,,0.0,0.0,21.9,7.6,18.3,18.7,17.1,16.4,,,,,,,,,,,2024,4,17,118,1,0,1,0
257,양산시,2024-04-28,19.5,12.0,448,27.7,1247,,,,,,,8.3,160,1611,4.6,160,1607,1.7,1505,50,13.0,42.0,1126.0,68.3,15.1,1012.4,1014.4,910,1011.7,1501,1013.1,13.5,9.6,1200.0,3.33,22.32,,,,,,5.3,0.3,21.8,8.3,19.0,19.4,18.0,17.3,,,,,,4.2,6.0,,,,2024,4,17,119,1,0,1,0
257,양산시,2024-04-29,15.1,14.0,925,17.0,1,2.7,923.0,7.3,918.0,,33.0,12.9,50,1746,5.9,50,1216,4.1,3534,70,13.1,66.0,1.0,88.6,15.1,1007.8,1013.5,1,1005.7,1658,1008.5,13.6,0.0,1000.0,0.39,3.11,,,,,,9.9,5.5,14.3,13.8,15.6,16.7,17.2,17.0,,,,,,0.8,1.1,,,,2024,4,18,120,1,0,1,1
257,양산시,2024-04-30,17.8,14.8,2333,24.2,1349,,,,,,,9.6,50,2339,5.0,50,2340,2.2,1873,70,14.1,61.0,1123.0,79.6,16.2,1005.5,1009.6,2211,1003.6,1442,1006.2,13.6,3.0,1100.0,2.99,17.21,,,,,,9.1,6.9,19.3,14.1,18.1,18.4,16.9,16.3,,,,,,3.0,4.4,,,,2024,4,18,121,1,0,1,0
257,양산시,2024-05-01,14.6,11.1,2400,19.9,1343,0.1,,0.1,,,0.1,11.9,70,525,5.3,70,456,3.3,2853,70,8.1,41.0,1431.0,67.1,10.9,1011.6,1017.2,2159,1008.2,120,1012.4,13.6,1.4,1200.0,2.28,13.19,,,,,,7.1,5.0,14.9,7.1,16.4,17.1,16.9,16.6,,,,,,3.0,4.3,,,,2024,5,18,122,0,0,1,0
257,양산시,2024-05-02,15.7,8.8,604,24.4,1349,,,,,,,7.6,50,1322,3.9,70,1329,1.7,1467,70,7.6,25.0,1250.0,63.6,10.5,1017.2,1019.9,845,1015.7,1549,1017.9,13.7,10.7,1300.0,3.41,27.1,,,,,,2.5,0.1,19.4,5.7,16.9,17.3,16.5,16.1,,,,,,4.7,6.8,,,,2024,5,18,123,0,0,1,0
257,양산시,2024-05-03,17.2,9.2,500,26.2,1424,,,,,,,7.0,250,1253,4.2,250,1600,1.3,1100,230,8.7,33.0,1455.0,62.0,11.3,1017.0,1019.2,735,1015.6,1513,1017.8,13.7,10.7,1200.0,3.44,27.26,,,,,,0.0,0.0,20.8,5.7,17.7,18.2,17.3,16.7,,,,,,5.3,7.6,,,,2024,5,18,124,0,0,1,0
257,양산시,2024-05-04,18.4,7.5,518,26.9,1421,,,,,,,6.8,230,1800,3.7,200,1650,1.5,1275,230,10.0,39.0,1024.0,60.5,12.5,1016.4,1019.0,643,1015.2,1600,1017.1,13.7,10.8,1200.0,3.52,27.02,,,,,,3.3,1.4,21.6,3.0,18.2,18.7,17.7,17.1,,,,,,4.9,6.9,,,,2024,5,18,125,0,0,1,0
257,양산시,2024-05-05,18.9,17.5,1657,21.2,902,2.6,2129.0,9.3,2042.0,,47.7,9.9,250,1833,4.6,250,2150,1.9,1619,230,16.7,66.0,42.0,88.3,19.1,1012.4,1017.0,1,1008.7,2328,1013.1,13.7,0.0,1100.0,0.59,3.42,,,,,,9.9,4.8,18.2,15.6,18.0,18.8,18.2,17.8,,,,,,0.9,1.2,,,,2024,5,18,126,0,0,1,1
257,양산시,2024-05-06,19.9,17.6,2350,24.9,1358,5.2,137.0,16.4,129.0,,40.2,10.8,200,1340,6.2,230,1339,3.3,2891,230,16.3,56.0,1348.0,81.4,18.7,1006.5,1009.2,152,1005.8,1544,1007.2,13.8,3.3,1300.0,3.41,17.43,,,,,,8.1,4.4,20.0,16.8,19.3,19.6,18.1,17.6,,,,,,3.4,4.8,,,,2024,5,19,127,0,0,1,1
257,양산시,2024-05-07,16.0,12.2,2351,22.9,1150,0.5,1600.0,1.2,2259.0,,4.4,10.4,50,1358,4.5,50,1337,2.5,2194,70,12.6,47.0,1153.0,82.5,14.7,1010.3,1014.9,2332,1008.0,351,1011.0,13.8,2.4,1100.0,2.74,11.93,,,,,,9.1,4.5,18.1,11.8,17.6,18.5,18.3,17.9,,,,,,2.1,3.0,,,,2024,5,19,128,0,0,1,1
257,양산시,2024-05-08,14.0,10.1,2343,19.6,1114,0.1,,0.1,,,0.1,12.8,50,1533,5.6,50,1349,3.0,2634,50,8.4,42.0,1118.0,70.8,11.0,1016.2,1018.8,2149,1014.3,108,1017.0,13.8,5.2,1000.0,3.04,18.41,,,,,,5.6,4.4,15.1,7.1,16.0,16.9,17.1,16.9,,,,,,3.2,4.6,,,,2024,5,19,129,0,0,1,0
257,양산시,2024-05-09,16.0,7.5,341,23.5,1238,,,,,,,8.8,200,1528,5.4,200,1428,2.1,1814,200,10.3,41.0,1241.0,71.4,12.6,1017.0,1019.7,727,1015.3,1711,1017.7,13.9,10.5,1200.0,3.48,27.27,,,,,,0.0,0.0,17.9,4.5,16.8,17.3,16.7,16.4,,,,,,4.4,6.3,,,,2024,5,19,130,0,0,1,0
257,양산시,2024-05-10,19.2,11.4,522,26.1,1543,,,,,,,9.8,230,1538,5.8,200,1511,2.6,2252,230,9.7,16.0,1548.0,59.3,12.1,1017.3,1019.0,2203,1016.2,1558,1018.0,13.9,10.5,1200.0,3.4,26.95,,,,,,0.5,0.0,20.7,7.9,18.3,18.7,17.7,17.1,,,,,,5.8,8.3,,,,2024,5,19,131,0,0,1,0
257,양산시,2024-05-11,19.1,13.7,408,22.4,1632,0.9,2340.0,2.1,2259.0,,4.2,12.0,230,1434,6.7,230,1532,3.9,3394,230,16.4,70.0,1.0,85.1,18.9,1013.6,1018.7,1,1010.7,2350,1014.3,13.9,1.1,800.0,1.76,11.31,,,,,,7.1,3.8,19.5,10.5,18.1,18.5,17.9,17.4,,,,,,1.8,2.6,,,,2024,5,19,132,0,0,1,1
257,양산시,2024-05-12,19.6,13.5,2351,25.5,1459,1.7,158.0,7.0,146.0,,15.8,10.5,230,30,5.5,230,36,1.6,1386,320,14.2,30.0,1433.0,75.3,16.7,1007.7,1010.7,2359,1006.0,1536,1008.4,14.0,3.0,1400.0,2.9,15.52,,,,,,7.9,2.9,21.6,10.6,19.7,20.1,18.6,17.9,,,,,,3.3,4.7,,,,2024,5,19,133,0,0,1,1
257,양산시,2024-05-13,17.6,10.9,507,26.5,1336,,,,,,,9.1,160,1552,4.6,140,1536,1.5,1326,140,8.2,27.0,1106.0,59.9,11.0,1012.6,1016.0,2349,1010.7,1,1013.4,14.0,10.3,1200.0,3.56,28.13,,,,,,0.1,0.0,20.7,8.1,19.0,19.5,18.6,18.0,,,,,,5.6,8.0,,,,2024,5,20,134,0,0,1,0
257,양산시,2024-05-14,18.7,9.1,520,28.0,1351,,,,,,,8.0,200,1558,4.4,230,1527,1.5,1258,230,9.1,26.0,1315.0,59.1,11.6,1014.3,1016.8,724,1013.1,1714,1015.0,14.0,10.4,1200.0,3.55,28.4,,,,,,0.0,0.0,22.0,6.1,19.3,19.7,18.7,18.2,,,,,,5.9,8.4,,,,2024,5,20,135,0,0,1,0
257,양산시,2024-05-15,18.7,12.0,2359,26.5,1120,0.9,2055.0,1.0,2005.0,,1.4,11.7,320,2106,5.2,230,1206,2.6,2257,230,12.0,31.0,1446.0,69.5,14.1,1008.5,1014.8,1,1004.3,2019,1009.3,14.0,10.4,1200.0,3.48,28.18,,,,,,2.6,1.1,23.3,9.9,20.1,20.6,19.4,18.8,,,,,,5.8,8.3,,,,2024,5,20,136,0,0,1,1
257,양산시,2024-05-16,16.6,10.2,441,24.3,1512,0.7,12.0,2.0,258.0,,4.8,14.2,270,1409,6.4,270,1405,2.6,2266,270,6.3,24.0,1659.0,55.4,9.6,1007.5,1011.5,2349,1004.6,159,1008.2,14.1,8.7,1200.0,3.62,25.97,,,,,,2.8,0.9,18.9,9.5,18.8,19.5,19.1,18.7,,,,,,6.2,8.8,,,,2024,5,20,137,0,0,1,1
257,양산시,2024-05-17,19.1,12.1,503,26.6,1207,,,,,,,11.0,230,1347,6.6,200,1348,2.8,2430,230,9.5,25.0,1212.0,57.1,12.0,1014.1,1017.3,2329,1011.6,1,1014.8,14.1,9.9,1100.0,3.49,25.27,,,,,,3.6,0.3,20.6,8.5,19.0,19.5,18.8,18.4,,,,,,5.5,7.9,,,,2024,5,20,138,0,0,1,0
257,양산시,2024-05-18,20.3,12.6,458,27.6,1339,,,,,,,9.1,200,1451,5.7,200,1500,2.4,2079,200,11.0,31.0,1437.0,59.0,13.2,1015.7,1017.9,908,1014.4,1612,1016.4,14.1,10.4,1200.0,3.47,28.07,,,,,,0.5,0.0,23.5,9.5,20.1,20.6,19.4,18.8,,,,,,6.1,8.7,,,,2024,5,20,139,0,0,1,0
257,양산시,2024-05-19,21.5,12.3,417,31.6,1349,,,,,,,7.0,230,1620,3.9,230,1626,1.6,1351,230,10.9,22.0,1351.0,55.3,13.1,1012.8,1016.0,1,1011.1,1547,1013.6,14.1,10.3,1100.0,3.53,28.34,,,,,,0.4,0.0,25.6,9.0,21.2,21.7,20.2,19.5,,,,,,6.3,8.9,,,,2024,5,20,140,0,0,1,0
257,양산시,2024-05-20,22.5,14.2,518,31.8,1454,,,,,,,6.2,70,2345,3.2,250,1615,1.5,1338,50,13.2,18.0,1422.0,61.0,15.3,1013.2,1017.1,2311,1011.8,420,1013.9,14.2,10.2,1200.0,3.52,27.15,,,,,,2.1,0.0,27.7,11.1,22.3,22.9,21.2,20.4,,,,,,5.8,8.2,,,,2024,5,21,141,0,0,1,0
257,양산시,2024-05-21,19.5,16.3,547,25.9,1337,,,,,,,9.8,20,845,4.6,50,849,3.1,2679,70,13.6,51.0,1323.0,70.0,15.6,1018.3,1020.4,850,1017.1,1,1019.0,14.2,10.0,1200.0,3.45,27.32,,,,,,2.3,0.1,26.7,13.8,22.3,23.0,21.7,20.9,,,,,,4.7,6.7,,,,2024,5,21,142,0,0,1,0
257,양산시,2024-05-22,20.2,13.5,355,27.6,1346,,,,,,,6.1,230,1458,3.8,230,1530,1.7,1485,200,13.4,47.0,1513.0,67.3,15.4,1014.7,1019.6,1,1012.7,1807,1015.4,14.2,8.2,1200.0,3.35,24.22,,,,,,7.4,0.9,24.7,10.8,22.3,22.8,21.5,20.9,,,,,,4.5,6.4,,,,2024,5,21,143,0,0,1,0
257,양산시,2024-05-23,23.5,17.1,125,30.9,1314,,,,,,,8.1,200,1500,5.1,200,1502,2.2,1884,200,16.2,43.0,1155.0,66.0,18.5,1008.3,1013.2,1,1006.3,1732,1009.0,14.2,10.7,1200.0,3.49,27.49,,,,,,2.8,1.0,28.0,13.9,23.9,24.1,22.2,21.4,,,,,,5.5,7.9,,,,2024,5,21,144,0,0,1,0
257,양산시,2024-05-24,22.2,16.3,454,30.3,1213,,,,,,,10.4,110,1752,5.4,110,1618,2.2,1942,70,14.2,36.0,1043.0,63.0,16.3,1011.0,1015.9,2209,1008.1,406,1011.7,14.2,10.8,1200.0,3.41,27.27,,,,,,1.0,0.4,27.6,12.3,24.0,24.5,22.9,22.1,,,,,,6.1,8.8,,,,2024,5,21,145,0,0,1,0
257,양산시,2024-05-25,20.7,17.6,304,25.4,1408,,,,,,,8.9,160,1432,4.1,50,948,2.8,2457,70,9.7,28.0,1237.0,51.3,12.1,1015.7,1018.0,831,1015.3,1823,1016.4,14.3,7.2,1200.0,3.08,23.74,,,,,,6.6,5.3,25.5,15.3,23.8,24.2,22.8,22.2,,,,,,5.0,7.1,,,,2024,5,21,146,0,0,1,0
257,양산시,2024-05-26,20.1,14.4,433,25.3,1231,1.5,2229.0,4.7,2209.0,,11.3,12.0,230,2102,5.7,230,2102,2.8,2379,230,10.5,52.0,813.0,65.3,15.5,1007.2,1015.4,1,1001.2,2358,1007.9,14.3,2.5,1200.0,2.18,14.21,,,,,,6.9,6.0,22.6,10.7,22.1,22.7,22.2,21.7,,,,,,2.6,3.7,,,,2024,5,21,147,0,0,1,1
257,양산시,2024-05-27,23.0,19.5,2354,27.6,1356,0.2,37.0,0.6,6.0,,0.6,9.4,250,118,4.7,200,55,2.2,1936,290,14.0,32.0,1302.0,60.9,16.6,1000.9,1003.6,2241,999.0,340,1001.6,14.3,7.2,1300.0,2.95,22.91,,,,,,7.8,3.9,26.8,17.4,23.1,23.5,22.2,21.6,,,,,,4.8,6.9,,,,2024,5,22,148,0,0,1,0
257,양산시,2024-05-28,19.9,13.4,2359,25.8,1400,,,,,,,11.5,20,1510,5.6,70,1430,2.6,2288,70,10.0,37.0,1428.0,54.1,12.3,1004.1,1010.3,2357,1002.1,1012,1004.8,14.3,7.0,1200.0,3.32,24.17,,,,,,5.1,1.4,24.4,10.0,22.0,22.6,22.0,21.6,,,,,,5.2,7.4,,,,2024,5,22,149,0,0,1,0
257,양산시,2024-05-29,19.2,10.6,349,27.5,1315,,,,,,,7.4,230,1413,4.5,230,1525,1.8,1519,230,11.6,42.0,1243.0,63.3,13.8,1011.7,1014.0,915,1010.3,1,1012.5,14.4,10.8,1200.0,3.57,27.95,,,,,,1.3,0.3,22.8,7.9,21.4,22.0,21.4,21.0,,,,,,4.8,6.8,,,,2024,5,22,150,0,0,1,0
257,양산시,2024-05-30,20.5,14.3,254,27.8,1609,0.0,,0.0,,,0.0,5.0,230,1652,3.3,230,1659,1.1,912,200,12.7,29.0,1329.0,62.9,14.7,1010.2,1013.1,1,1008.7,1525,1010.9,14.4,0.6,1200.0,2.02,13.49,,,,,,9.3,4.9,21.6,11.7,21.4,21.9,21.4,21.0,,,,,,3.1,4.4,,,,2024,5,22,151,0,0,1,0
257,양산시,2024-05-31,22.7,17.1,415,30.9,1455,0.1,,0.1,,,0.2,8.0,230,1536,4.3,230,1544,1.7,1449,250,14.5,33.0,1411.0,63.1,16.5,1007.7,1010.6,6,1006.1,1639,1008.4,14.4,9.2,1200.0,3.47,26.33,,,,,,4.5,3.3,28.2,15.5,23.9,24.1,22.2,21.4,,,,,,5.3,7.6,,,,2024,5,22,152,0,0,1,0
257,양산시,2024-06-01,22.1,17.7,440,29.6,1248,,,,,,,10.3,110,1732,4.2,140,1409,1.9,1684,140,14.2,33.0,1301.0,63.5,16.2,1008.0,1009.8,2204,1007.3,1312,1008.7,14.4,6.7,1100.0,3.24,21.28,,,,,,6.1,2.5,27.9,14.9,23.4,23.9,22.9,22.2,,,,,,4.4,6.3,,,,2024,6,22,153,0,0,1,0
257,양산시,2024-06-02,20.0,14.7,523,26.6,1230,,,,,,,7.9,110,1807,3.9,110,1305,1.7,1447,140,13.6,37.0,1155.0,68.8,15.6,1008.8,1010.9,2246,1007.9,1305,1009.5,14.4,5.7,1000.0,2.71,19.18,,,,,,5.6,3.4,25.1,11.7,22.6,23.2,22.5,22.0,,,,,,3.5,5.0,,,,2024,6,22,154,0,0,1,0
257,양산시,2024-06-03,19.8,15.6,310,26.0,1331,,,,,,,10.5,110,1643,5.1,110,1707,1.9,1630,90,13.5,48.0,1305.0,67.8,15.5,1010.4,1013.9,2300,1009.6,1425,1011.1,14.4,6.0,1300.0,3.43,22.09,,,,,,3.9,2.9,25.7,12.5,23.3,23.8,22.5,21.9,,,,,,4.2,6.1,,,,2024,6,23,155,0,0,1,0
257,양산시,2024-06-04,20.2,13.9,502,27.2,1505,,,,,,,9.6,110,1747,4.9,110,1751,1.9,1667,70,12.3,34.0,1509.0,63.8,14.4,1014.9,1018.4,2400,1013.5,220,1015.6,14.4,9.3,1200.0,3.31,27.12,,,,,,0.9,0.4,30.2,10.8,23.3,23.7,22.6,22.0,,,,,,5.3,7.5,,,,2024,6,23,156,0,0,1,0
257,양산시,2024-06-05,21.5,13.3,532,29.3,1412,,,,,,,7.1,140,1730,3.8,110,1514,1.6,1359,90,11.4,32.0,1507.0,56.3,13.5,1017.6,1019.4,639,1016.8,1512,1018.3,14.5,9.4,1100.0,3.46,27.14,,,,,,4.9,0.1,28.9,9.7,23.6,24.2,23.0,22.3,,,,,,5.1,7.3,,,,2024,6,23,157,0,0,1,0
257,양산시,2024-06-06,21.3,17.1,530,27.1,1153,,,,,,,6.4,230,1637,3.7,230,1644,1.5,1282,230,15.0,41.0,1236.0,68.9,17.1,1015.9,1018.6,39,1014.8,1729,1016.6,14.5,2.4,1100.0,3.19,16.28,,,,,,8.9,4.6,25.6,15.3,23.7,24.2,23.2,22.7,,,,,,3.5,4.9,,,,2024,6,23,158,0,0,1,0
257,양산시,2024-06-07,23.1,16.1,520,29.7,1503,,,,,,,7.1,230,1346,4.2,230,1350,1.5,1331,230,14.0,37.0,1414.0,60.3,16.1,1012.8,1015.7,4,1011.6,1631,1013.5,14.5,8.7,1100.0,3.06,24.57,,,,,,4.5,1.6,29.6,12.3,24.4,24.7,23.4,22.7,,,,,,4.8,6.8,,,,2024,6,23,159,0,0,1,0
257,양산시,2024-06-08,19.8,18.0,315,24.4,941,0.9,1240.0,3.1,1330.0,,15.9,5.8,270,207,3.1,290,216,0.9,770,230,18.8,58.0,109.0,94.4,21.7,1009.6,1013.1,215,1008.1,2400,1010.3,14.5,0.1,900.0,1.14,5.12,,,,,,10.0,4.9,21.3,17.0,21.9,23.1,23.0,22.6,,,,,,1.0,1.4,,,,2024,6,23,160,0,0,1,1
257,양산시,2024-06-09,22.4,19.2,226,28.1,1600,0.1,,0.2,,,0.3,5.7,230,1718,3.1,230,1723,1.6,1394,70,19.6,62.0,1602.0,85.0,22.8,1006.6,1008.7,2325,1005.7,1645,1007.3,14.5,1.4,1100.0,2.21,13.8,,,,,,7.1,3.6,24.4,18.9,22.7,23.3,22.4,21.9,,,,,,2.5,3.6,,,,2024,6,23,161,0,0,1,0
257,양산시,2024-06-10,24.4,20.9,1,31.5,1322,,,,,,,8.2,200,1522,4.8,230,1512,2.2,1923,230,19.4,50.0,1229.0,75.5,22.6,1006.6,1009.1,809,1005.4,1711,1007.3,14.5,9.5,1200.0,3.33,26.02,,,,,,2.6,1.4,26.9,18.6,24.8,25.1,23.4,22.6,,,,,,5.0,7.2,,,,2024,6,24,162,0,0,1,0
257,양산시,2024-06-11,25.3,19.3,333,33.8,1254,,,,,,,9.9,230,1541,5.3,230,1501,2.0,1742,230,18.5,38.0,1250.0,68.6,21.3,1005.8,1008.5,714,1004.8,1306,1006.5,14.5,8.8,1200.0,3.41,26.0,,,,,,2.6,0.1,28.2,17.3,25.1,25.6,24.1,23.3,,,,,,5.4,7.7,,,,2024,6,24,163,0,0,1,0
257,양산시,2024-06-12,25.9,19.9,441,32.7,1313,,,,,,,8.3,200,1447,5.1,200,1423,2.0,1713,230,18.6,45.0,1516.0,66.3,21.5,1003.7,1006.2,610,1002.9,1542,1004.4,14.5,9.7,1200.0,3.34,27.0,,,,,,2.3,0.0,29.0,17.4,26.1,26.5,24.8,23.9,,,,,,5.5,7.9,,,,2024,6,24,164,0,0,1,0
257,양산시,2024-06-13,26.6,20.8,547,34.6,1320,,,,,,,8.1,160,1430,4.6,160,1430,1.6,1349,180,18.2,32.0,1513.0,63.8,21.0,1002.9,1005.5,2152,1002.2,1443,1003.6,14.5,10.1,1300.0,3.29,26.17,,,,,,0.5,0.1,29.8,17.6,26.8,27.3,25.6,24.7,,,,,,5.8,8.2,,,,2024,6,24,165,0,0,1,0
257,양산시,2024-06-14,26.0,18.1,517,33.3,1241,,,,,,,6.9,250,1442,3.8,230,1325,1.7,1427,230,17.2,35.0,1236.0,61.9,19.6,1004.4,1007.0,707,1003.6,1417,1005.1,14.5,10.3,1200.0,3.53,28.04,,,,,,2.4,0.0,30.9,15.4,26.9,27.4,25.8,25.0,,,,,,6.3,9.0,,,,2024,6,24,166,0,0,1,0
257,양산시,2024-06-15,26.7,20.8,512,33.9,1233,0.6,2144.0,1.4,2132.0,,1.7,9.2,200,1628,5.7,200,1646,2.0,1724,230,19.8,41.0,1255.0,69.1,23.1,1001.7,1005.2,1,999.6,1610,1002.4,14.5,10.1,1200.0,3.43,26.19,,,,,,4.8,2.4,32.7,18.3,28.0,28.4,26.5,25.5,,,,,,5.5,7.9,,,,2024,6,24,167,0,0,1,1
257,양산시,2024-06-16,26.4,21.6,320,33.1,1456,,,,,,,8.0,20,1041,4.4,230,1645,1.9,1601,200,18.8,29.0,1442.0,67.3,21.9,1004.2,1007.7,2250,1002.5,156,1004.9,14.5,9.3,1200.0,3.62,26.34,,,,,,3.9,0.9,30.9,19.4,27.6,28.3,26.8,25.9,,,,,,5.2,7.5,,,,2024,6,24,168,0,0,1,0
257,양산시,2024-06-17,23.6,19.4,448,29.2,1343,,,,,,,5.5,230,1626,3.3,230,1604,1.3,1163,200,17.0,43.0,1348.0,68.4,19.4,1006.4,1009.0,622,1005.4,1749,1007.1,14.5,0.5,1300.0,2.09,12.98,,,,,,7.6,1.8,25.4,16.6,25.7,26.4,25.9,25.4,,,,,,3.2,4.6,,,,2024,6,25,169,0,0,1,0
257,양산시,2024-06-18,26.1,18.9,456,35.7,1417,,,,,,,8.0,230,1535,4.6,230,1437,1.8,1523,230,16.5,27.0,1330.0,59.9,18.8,1004.6,1007.5,2318,1003.5,1434,1005.3,14.5,11.0,1200.0,3.48,28.2,,,,,,1.5,0.5,33.7,16.5,27.2,27.4,25.7,24.9,,,,,,6.2,8.9,,,,2024,6,25,170,0,0,1,0
257,양산시,2024-06-19,27.1,20.0,322,34.3,1425,,,,,,,8.1,230,1621,4.6,230,1514,1.8,1598,230,17.8,36.0,1140.0,59.3,20.4,1007.3,1009.2,651,1006.8,1638,1008.0,14.6,8.8,1400.0,2.96,23.12,,,,,,7.1,0.1,33.9,16.7,28.2,28.1,26.4,25.6,,,,,,5.1,7.2,,,,2024,6,25,171,0,0,1,0
257,양산시,2024-06-20,23.8,20.5,431,27.2,1433,0.0,,0.0,,,0.0,5.5,110,2132,2.8,50,2253,1.4,1225,200,17.5,43.0,1310.0,68.8,20.1,1004.7,1008.2,1,1002.9,2259,1005.4,14.6,0.0,1300.0,1.18,8.17,,,,,,9.5,2.9,25.7,16.9,25.4,26.0,25.6,25.3,,,,,,,,,,,2024,6,25,172,0,0,1,0
257,양산시,2024-06-21,25.7,22.7,514,30.7,1342,,,,,,,7.4,200,1819,4.5,230,1821,1.8,1559,230,19.9,53.0,1333.0,71.1,23.2,1002.3,1005.0,2138,1001.8,1717,1003.0,14.5,5.1,1300.0,3.26,17.12,,,,,,7.1,4.4,32.3,20.8,26.9,26.8,25.3,24.7,,,,,,,,,,,2024,6,25,173,0,0,1,0
257,양산시,2024-06-22,24.1,23.0,905,25.1,2235,4.3,1505.0,7.2,1425.0,,33.2,10.6,230,1752,5.0,250,1734,1.9,1676,250,23.3,77.0,2.0,95.9,28.8,998.9,1004.6,1,995.8,1716,999.6,14.5,0.0,1000.0,0.55,3.37,,,,,,9.1,6.4,23.5,21.0,24.1,25.4,25.1,24.7,,,,,,0.9,1.3,,,,2024,6,25,174,0,0,1,1
257,양산시,2024-06-23,25.7,23.1,2357,31.2,1636,0.0,,0.0,,,0.0,8.5,200,216,5.5,200,216,2.8,2391,200,22.9,60.0,1700.0,85.1,27.8,997.9,1002.3,2350,996.5,242,998.6,14.5,0.6,1600.0,1.52,9.06,,,,,,8.6,4.1,25.0,21.0,24.6,25.3,24.4,24.0,,,,,,2.1,3.0,,,,2024,6,25,175,0,0,1,0
257,양산시,2024-06-24,25.4,22.5,30,29.3,1144,,,,,,,10.3,200,1457,5.9,230,1341,2.9,2537,230,22.0,66.0,1021.0,82.4,26.5,1003.1,1005.6,2332,1001.9,19,1003.8,14.6,6.3,1200.0,3.41,22.72,,,,,,7.8,1.8,26.5,20.5,25.1,25.8,24.7,24.1,,,,,,4.2,6.1,,,,2024,6,26,176,0,0,1,0
257,양산시,2024-06-25,24.6,20.7,2353,29.5,1548,,,,,,,6.9,230,1751,3.8,230,1752,1.6,1424,180,16.4,34.0,1552.0,63.3,19.0,1009.2,1013.3,2338,1005.5,1,1009.9,14.5,1.7,1200.0,2.24,15.45,,,,,,8.5,0.1,25.3,17.7,24.7,25.3,24.6,24.1,,,,,,3.5,5.0,,,,2024,6,26,177,0,0,1,0
257,양산시,2024-06-26,24.0,18.8,309,30.0,1341,,,,,,,5.2,200,1559,2.8,230,1310,1.3,1110,200,15.5,38.0,1437.0,62.3,17.6,1013.8,1015.7,2229,1013.0,1448,1014.5,14.5,8.5,1300.0,3.02,22.81,,,,,,7.0,0.4,27.7,16.3,24.6,25.2,24.3,23.8,,,,,,4.7,6.6,,,,2024,6,26,178,0,0,1,0
257,양산시,2024-06-27,22.4,18.1,524,26.5,1350,0.0,,0.0,,,0.0,3.9,160,2043,2.3,230,1557,0.9,748,200,16.3,53.0,1314.0,69.3,18.5,1011.2,1015.4,1,1008.9,2346,1011.9,14.5,0.0,1300.0,1.36,8.85,,,,,,9.9,3.0,22.8,15.7,23.0,23.8,23.7,23.4,,,,,,2.2,3.2,,,,2024,6,26,179,0,0,1,0
257,양산시,2024-06-28,25.3,20.2,518,31.3,1333,0.0,,0.0,,,0.0,8.0,200,1557,4.5,230,1511,2.0,1712,230,19.6,55.0,1135.0,72.5,22.9,1006.6,1009.0,1,1005.4,1355,1007.3,14.5,11.0,1200.0,3.51,28.45,,,,,,4.8,0.6,30.3,18.0,25.8,26.1,24.3,23.6,,,,,,,,,,,2024,6,26,180,0,0,1,0
257,양산시,2024-06-29,24.6,21.7,341,28.1,1159,9.4,2139.0,31.3,2049.0,,69.9,13.6,230,2053,7.4,230,2055,2.3,1964,230,22.8,69.0,1045.0,90.8,27.8,1005.4,1009.0,712,1002.1,2022,1006.1,14.5,1.5,1100.0,1.97,10.43,,,,,,9.3,4.3,24.9,19.8,24.1,25.2,24.8,24.3,,,,,,1.6,2.2,,,,2024,6,26,181,0,0,1,1
257,양산시,2024-06-30,25.2,24.3,2021,26.6,1735,7.0,1011.0,14.7,930.0,,39.6,10.2,230,26,5.6,200,940,3.8,3282,230,24.4,86.0,1702.0,95.8,30.5,999.3,1002.5,1,998.6,1441,1000.0,14.5,0.0,1100.0,1.03,5.53,,,,,,10.0,5.8,24.3,23.6,23.8,24.8,24.1,23.7,,,,,,1.4,1.9,,,,2024,6,26,182,0,0,1,1
257,양산시,2024-07-01,27.1,23.7,253,32.2,1311,0.0,,0.0,,,0.0,7.6,200,1648,4.4,230,1539,2.1,1840,230,23.5,62.0,1314.0,82.1,28.9,1002.7,1006.4,2323,1001.7,1,1003.4,14.5,7.2,1200.0,3.37,23.6,,,,,,6.1,4.0,27.5,20.8,25.7,26.9,25.0,24.2,,,,,,4.1,5.8,,,,2024,7,27,183,0,0,1,0
257,양산시,2024-07-02,24.7,23.1,900,26.4,1636,6.9,430.0,22.9,403.0,,73.4,10.0,230,2329,5.4,230,2333,2.2,1885,230,24.4,87.0,3.0,98.6,30.5,1006.4,1008.9,2146,1005.1,523,1007.1,14.5,0.0,1600.0,0.53,3.02,,,,,,9.6,7.5,22.0,21.1,21.7,25.1,24.6,24.3,,,,,,0.7,1.0,,,,2024,7,27,184,0,0,1,1
257,양산시,2024-07-03,26.7,25.0,2347,30.6,1444,0.2,,0.5,737.0,,0.8,10.5,230,13,5.7,200,1308,4.0,3424,230,24.7,72.0,1448.0,89.8,31.2,1008.5,1011.0,2148,1007.7,616,1009.2,14.5,4.4,1300.0,3.04,15.34,,,,,,5.8,4.3,24.2,21.4,22.9,26.3,24.8,24.2,,,,,,,,,,,2024,7,27,185,0,0,1,0
257,양산시,2024-07-04,27.8,23.9,520,34.0,1422,,,,,,,9.3,200,1639,6.0,200,1557,3.2,2732,230,23.7,52.0,1428.0,80.3,29.3,1007.2,1010.5,1,1005.6,1717,1007.9,14.5,10.9,1200.0,3.39,27.34,,,,,,1.6,0.0,27.2,20.4,25.5,27.4,25.7,24.9,,,,,,5.2,7.5,,,,2024,7,27,186,0,0,1,0
257,양산시,2024-07-05,27.7,24.9,214,32.7,1348,0.2,,0.2,,,0.2,9.8,230,1540,6.0,230,1614,3.8,3257,230,23.9,61.0,1337.0,81.0,29.7,1003.9,1006.8,1,1003.5,1451,1004.6,14.5,5.0,1300.0,3.45,20.15,,,,,,4.1,3.6,28.3,24.1,27.3,27.9,26.3,25.5,,,,,,4.5,6.4,,,,2024,7,27,187,0,0,1,0
257,양산시,2024-07-06,26.9,24.3,530,29.8,1308,,,,,,,10.6,230,1506,6.2,230,1413,3.6,3075,230,24.2,72.0,1141.0,85.5,30.1,1005.6,1007.7,1029,1005.3,256,1006.3,14.5,3.9,1200.0,2.48,18.62,,,,,,6.8,5.3,28.5,23.3,27.0,27.6,26.3,25.6,,,,,,3.4,4.9,,,,2024,7,27,188,0,0,1,0
257,양산시,2024-07-07,27.8,25.9,2348,32.2,1233,,,,,,,8.7,200,1241,5.6,200,1404,3.3,2874,230,24.8,67.0,1145.0,84.5,31.3,1005.1,1006.7,822,1005.0,1511,1005.8,14.4,2.4,1100.0,2.64,15.55,,,,,,8.0,7.5,29.0,25.7,27.5,28.1,26.6,25.9,,,,,,3.3,4.7,,,,2024,7,27,189,0,0,1,0
257,양산시,2024-07-08,26.9,25.5,2210,28.8,1303,,,,,,,8.6,230,2335,4.5,200,645,3.0,2611,230,24.9,79.0,1305.0,89.0,31.5,1003.9,1005.9,803,1003.2,2400,1004.6,14.4,0.0,1000.0,0.88,5.73,,,,,,9.5,6.4,26.6,25.4,26.3,27.1,26.3,25.8,,,,,,1.5,2.1,,,,2024,7,28,190,0,0,1,0
257,양산시,2024-07-09,26.6,25.4,1135,27.7,1220,6.2,1131.0,12.7,1041.0,,27.3,10.2,250,53,5.1,200,311,2.2,1902,230,25.6,85.0,1225.0,94.5,32.8,1004.8,1007.2,1632,1002.1,316,1005.5,14.4,0.0,1200.0,0.87,4.44,,,,,,10.0,5.0,26.3,24.7,25.6,26.6,25.8,25.3,,,,,,0.9,1.3,,,,2024,7,28,191,0,0,1,1
257,양산시,2024-07-10,25.4,22.6,2349,30.1,1309,6.3,734.0,21.3,720.0,,38.4,14.6,200,451,7.0,230,511,3.5,3008,230,24.0,74.0,1526.0,92.9,29.9,999.9,1005.7,1,998.6,1258,1000.6,14.4,1.1,1300.0,2.06,8.58,,,,,,9.4,5.8,25.4,22.1,24.8,26.3,25.4,25.0,,,,,,1.9,2.8,,,,2024,7,28,192,0,0,1,1
257,양산시,2024-07-11,24.7,22.4,435,29.0,1430,,,,,,,6.1,230,1517,3.7,230,1500,1.4,1215,230,22.5,69.0,1416.0,88.1,27.2,1001.1,1003.2,846,1000.9,1808,1001.8,14.4,0.6,1400.0,2.22,13.09,,,,,,9.5,5.1,26.4,22.0,25.4,26.2,25.2,24.8,,,,,,2.3,3.3,,,,2024,7,28,193,0,0,1,0
257,양산시,2024-07-12,26.1,21.9,406,33.1,1327,,,,,,,7.4,230,1354,4.5,230,1354,1.4,1248,230,22.4,54.0,1242.0,82.0,27.2,1001.5,1004.2,2127,1000.3,240,1002.2,14.4,8.3,1200.0,3.46,24.75,,,,,,1.5,0.9,27.4,20.2,26.3,27.4,25.9,25.1,,,,,,5.0,7.1,,,,2024,7,28,194,0,0,1,0
257,양산시,2024-07-13,26.0,21.5,453,29.7,1214,0.0,,0.0,,,0.0,5.6,230,1326,3.3,250,1542,1.2,1020,230,21.8,63.0,936.0,78.9,26.1,1005.8,1009.7,2234,1003.6,234,1006.5,14.4,3.4,900.0,2.38,14.24,,,,,,6.3,2.9,26.1,19.2,25.5,26.5,25.9,25.4,,,,,,2.3,3.3,,,,2024,7,28,195,0,0,1,0
257,양산시,2024-07-14,24.1,22.8,319,26.7,1143,2.7,1608.0,7.3,1559.0,,32.2,6.7,50,1011,3.6,200,1252,1.8,1554,50,23.1,79.0,18.0,95.3,28.3,1009.4,1012.2,2134,1007.8,705,1010.1,14.3,0.0,1000.0,1.13,5.72,,,,,,9.1,5.1,24.4,22.2,24.3,25.5,25.2,24.9,,,,,,1.3,1.8,,,,2024,7,28,196,0,0,1,1
257,양산시,2024-07-15,25.4,22.9,327,28.7,1655,0.1,,0.2,,,0.2,8.0,70,528,4.0,50,531,2.1,1850,50,22.6,71.0,1332.0,85.1,27.3,1011.3,1013.2,2138,1010.9,248,1012.0,14.3,0.3,1300.0,1.76,10.76,,,,,,7.5,7.4,26.1,21.8,24.8,25.7,24.9,24.4,,,,,,1.9,2.8,,,,2024,7,29,197,0,0,1,0
257,양산시,2024-07-16,24.5,23.4,438,26.9,1041,0.9,540.0,2.9,609.0,,12.9,5.9,200,1758,3.7,200,1807,1.4,1207,250,24.2,85.0,939.0,98.6,30.1,1011.5,1013.4,741,1010.9,1643,1012.2,14.3,0.1,900.0,1.28,6.11,,,,,,9.5,4.5,24.9,22.6,24.4,25.6,25.0,24.6,,,,,,1.2,1.7,,,,2024,7,29,198,0,0,1,1
257,양산시,2024-07-17,27.0,23.8,1,31.6,1534,,,,,,,9.7,230,1527,5.5,200,1716,2.8,2393,230,25.3,67.0,1535.0,91.1,32.2,1009.8,1012.4,2,1009.1,1647,1010.5,14.3,0.6,1500.0,1.64,10.25,,,,,,9.3,3.9,26.1,22.7,25.0,26.1,25.0,24.5,,,,,,2.0,2.9,,,,2024,7,29,199,0,0,1,0
257,양산시,2024-07-18,27.2,26.0,119,28.4,1031,0.1,,0.1,,,0.1,10.7,270,1040,5.5,230,1043,3.5,3011,230,25.7,84.0,2141.0,92.0,33.0,1005.2,1009.2,1,1003.6,1628,1005.9,14.3,0.0,1000.0,0.98,6.31,,,,,,9.4,6.8,26.2,24.8,25.2,26.4,25.4,24.8,,,,,,1.3,1.8,,,,2024,7,29,200,0,0,1,0
257,양산시,2024-07-19,26.1,24.3,2356,29.0,1036,2.0,358.0,5.2,308.0,,10.7,7.1,200,900,4.3,200,902,2.2,1865,230,24.5,78.0,1044.0,91.4,30.7,1005.5,1008.4,2328,1004.8,559,1006.2,14.2,0.8,1400.0,1.5,7.86,,,,,,8.4,5.0,25.6,22.5,24.8,26.1,25.3,24.8,,,,,,1.8,2.6,,,,2024,7,29,201,0,0,1,1
257,양산시,2024-07-20,27.4,23.5,348,33.0,1541,3.7,1202.0,3.9,,,3.9,12.9,290,1153,5.9,290,1201,2.4,2111,230,24.6,60.0,1415.0,85.5,30.9,1008.3,1011.9,1159,1007.7,1701,1009.0,14.2,5.4,1300.0,3.46,18.54,,,,,,6.6,5.1,28.1,21.6,25.9,27.2,25.6,24.9,,,,,,3.7,5.2,,,,2024,7,29,202,0,0,1,1
257,양산시,2024-07-21,29.6,26.3,700,33.9,1257,0.7,605.0,1.1,559.0,,1.3,10.4,200,358,5.4,200,1600,3.1,2688,230,25.2,60.0,1229.0,78.8,32.1,1007.7,1009.7,2209,1006.8,251,1008.4,14.2,6.0,1000.0,2.73,20.1,,,,,,3.5,1.9,28.5,25.0,27.0,28.4,26.7,25.9,,,,,,4.4,6.3,,,,2024,7,29,203,0,0,1,1
257,양산시,2024-07-22,29.2,27.2,147,33.2,1322,,,,,,,9.9,200,1247,5.7,200,1630,3.3,2827,230,25.9,64.0,1152.0,82.9,33.3,1007.3,1010.2,129,1006.2,1738,1008.0,14.2,5.7,1300.0,2.66,20.31,,,,,,5.3,4.3,28.6,25.2,27.5,28.6,27.1,26.4,,,,,,4.0,5.7,,,,2024,7,30,204,0,0,1,0
257,양산시,2024-07-23,29.9,27.1,47,33.9,1131,0.0,,0.0,,,0.0,9.6,230,1334,5.2,230,1446,3.3,2883,230,26.1,62.0,1141.0,80.9,33.8,1005.2,1007.1,152,1004.2,1702,1005.9,14.1,2.7,1100.0,3.4,16.62,,,,,,9.0,2.9,28.6,25.5,28.0,28.9,27.4,26.6,,,,,,3.5,5.0,,,,2024,7,30,205,0,0,1,0
257,양산시,2024-07-24,27.1,24.0,249,30.4,1151,1.0,109.0,1.6,213.0,,4.6,13.4,200,111,6.2,200,119,2.2,1859,230,25.2,72.0,1515.0,89.9,32.0,1005.1,1007.2,1010,1004.5,1551,1005.8,14.1,2.5,1100.0,3.01,13.05,,,,,,6.3,2.8,27.9,23.5,27.0,28.0,27.2,26.6,,,,,,2.5,3.6,,,,2024,7,30,206,0,0,1,1
257,양산시,2024-07-25,29.6,25.5,536,34.7,1416,0.0,,0.0,,,0.0,6.8,200,1104,4.2,230,1110,1.7,1503,230,25.6,56.0,1516.0,80.5,32.8,1006.5,1009.7,2259,1006.0,306,1007.2,14.1,7.9,1100.0,3.31,23.82,,,,,,5.4,1.0,30.7,23.8,28.8,29.4,27.5,26.7,,,,,,4.9,6.9,,,,2024,7,30,207,0,0,1,0
257,양산시,2024-07-26,29.2,26.1,533,34.0,1113,2.7,1845.0,4.3,1833.0,,4.7,10.1,230,1518,5.7,230,1418,1.8,1536,200,25.4,59.0,1030.0,81.8,32.5,1011.2,1015.5,2235,1008.7,107,1011.9,14.1,6.2,1000.0,2.65,19.93,,,,,,7.6,3.5,30.1,24.9,28.6,29.5,28.1,27.4,,,,,,3.9,5.6,,,,2024,7,30,208,0,0,1,1
257,양산시,2024-07-27,29.4,26.5,5,32.4,1220,0.6,1449.0,0.6,1401.0,,0.6,9.7,200,1155,5.8,230,1300,2.9,2483,230,26.8,72.0,1204.0,86.9,35.2,1015.6,1017.7,2233,1014.6,44,1016.3,14.1,5.2,1100.0,3.26,18.09,,,,,,6.5,4.3,28.8,26.1,28.5,29.4,28.2,27.5,,,,,,3.6,5.2,,,,2024,7,30,209,0,0,1,0
257,양산시,2024-07-28,30.3,27.3,415,34.7,1403,,,,,,,9.6,230,1414,5.2,230,1218,3.1,2646,230,25.7,55.0,1411.0,78.3,33.1,1013.3,1017.4,1,1012.2,1729,1014.0,14.0,9.2,1100.0,3.54,25.67,,,,,,0.8,0.4,32.3,26.1,29.7,30.4,28.6,27.7,,,,,,5.6,8.0,,,,2024,7,30,210,0,0,1,0
257,양산시,2024-07-29,30.9,26.7,527,36.5,1445,,,,,,,8.5,200,1830,5.3,200,1831,2.6,2283,270,25.6,50.0,1603.0,75.3,32.9,1008.1,1012.7,13,1006.3,1742,1008.8,14.0,9.5,1300.0,3.41,25.52,,,,,,0.0,0.0,34.3,24.8,30.1,30.8,29.1,28.2,,,,,,5.7,8.2,,,,2024,7,31,211,0,0,1,0
257,양산시,2024-07-30,31.5,25.6,520,37.7,1550,,,,,,,7.6,340,1359,4.0,290,1403,1.6,1421,290,25.2,47.0,1441.0,71.5,32.0,1005.8,1008.1,715,1004.7,1704,1006.5,14.0,10.4,1200.0,3.39,26.89,,,,,,0.0,0.0,35.7,23.8,30.8,31.7,29.8,28.9,,,,,,5.7,8.2,,,,2024,7,31,212,0,0,1,0
257,양산시,2024-07-31,31.0,26.7,520,36.7,1358,,,,,,,6.8,200,1414,4.2,200,1853,2.2,1926,230,25.6,51.0,1305.0,74.5,32.8,1005.3,1007.8,713,1004.5,1739,1006.0,13.9,10.4,1200.0,3.36,26.53,,,,,,0.1,0.0,36.2,24.6,31.6,32.4,30.5,29.5,,,,,,5.8,8.2,,,,2024,7,31,213,0,0,1,0
257,양산시,2024-08-01,30.7,26.3,553,36.1,1510,,,,,,,8.2,200,1259,4.7,200,1143,2.3,1945,230,25.9,55.0,1506.0,77.0,33.4,1004.1,1006.4,801,1003.1,1656,1004.8,13.9,7.1,900.0,2.49,20.12,,,,,,1.6,0.9,35.2,24.6,30.9,31.6,30.4,29.6,,,,,,4.4,6.3,,,,2024,8,31,214,0,0,1,0
257,양산시,2024-08-02,31.2,27.0,547,35.9,1328,,,,,,,7.7,180,1248,4.5,200,1539,2.2,1915,230,26.3,57.0,1356.0,76.5,34.3,1003.7,1005.9,2321,1002.8,1435,1004.4,13.9,9.5,1300.0,3.01,24.22,,,,,,1.6,0.6,36.5,25.3,32.0,32.3,30.5,29.6,,,,,,5.1,7.3,,,,2024,8,31,215,0,0,1,0
257,양산시,2024-08-03,32.0,28.4,545,39.3,1356,0.0,,0.0,,,0.0,7.4,110,1409,4.0,110,1414,1.6,1365,200,26.9,46.0,1353.0,76.0,35.4,1005.6,1007.8,2324,1004.6,1710,1006.3,13.9,7.3,1300.0,3.51,21.48,,,,,,4.5,1.8,35.5,26.8,32.7,33.2,31.1,30.1,,,,,,4.5,6.4,,,,2024,8,31,216,0,0,1,0
257,양산시,2024-08-04,31.4,28.5,547,36.6,1225,0.0,,0.0,,,0.0,8.0,110,1615,4.1,140,1550,1.8,1540,50,25.7,52.0,1528.0,73.3,33.1,1006.9,1008.6,2307,1006.3,1537,1007.6,13.8,5.0,1200.0,3.22,17.29,,,,,,5.0,3.5,36.1,27.2,32.3,32.7,31.2,30.3,,,,,,4.3,6.1,,,,2024,8,31,217,0,0,1,0
257,양산시,2024-08-05,31.1,27.7,454,36.7,1328,,,,,,,7.7,160,1527,4.0,140,1534,2.0,1768,50,25.1,51.0,1220.0,71.9,31.9,1006.9,1008.8,535,1005.7,1609,1007.6,13.8,7.4,1100.0,3.09,20.42,,,,,,5.1,3.4,37.6,26.2,32.5,32.6,31.0,30.2,,,,,,4.4,6.3,,,,2024,8,32,218,0,0,1,0
257,양산시,2024-08-06,29.1,24.9,1545,35.8,1413,10.7,1505.0,29.0,1459.0,,29.2,6.7,50,1533,3.8,50,1539,1.0,902,50,25.7,55.0,1154.0,83.1,33.1,1006.4,1008.3,1,1005.9,1409,1007.1,13.8,6.9,1000.0,2.82,16.7,,,,,,5.3,1.8,29.1,21.9,31.9,31.5,30.8,29.9,,,,,,3.2,4.6,,,,2024,8,32,219,0,0,1,1
257,양산시,2024-08-07,29.4,24.6,2201,36.7,1239,9.7,1840.0,9.7,,,9.7,10.5,70,1827,4.4,70,1835,1.2,1061,230,25.5,53.0,1240.0,81.4,32.6,1004.8,1007.3,756,1003.4,1639,1005.5,13.8,7.7,1100.0,3.38,20.83,,,,,,3.6,1.1,26.8,21.2,32.3,30.1,29.5,29.0,,,,,,4.1,5.9,,,,2024,8,32,220,0,0,1,1
257,양산시,2024-08-08,29.1,25.2,1,37.6,1339,7.4,1654.0,12.8,1611.0,,13.1,6.1,70,1508,3.4,230,1413,1.0,891,200,25.3,46.0,1330.0,83.0,32.2,1003.1,1005.2,1,1002.2,1413,1003.8,13.7,6.6,1200.0,3.08,19.69,,,,,,6.3,0.6,29.0,21.7,34.2,30.2,29.3,28.8,,,,,,4.0,5.7,,,,2024,8,32,221,0,0,1,1
257,양산시,2024-08-09,28.9,24.8,457,35.5,1354,5.4,1557.0,7.9,1535.0,,7.9,5.7,160,1501,3.5,160,1503,1.0,883,110,25.1,54.0,1226.0,81.9,31.9,1002.9,1004.5,719,1002.6,1432,1003.6,13.7,6.4,1000.0,2.89,19.21,,,,,,3.9,2.3,28.4,23.0,34.3,29.8,29.0,28.5,,,,,,3.7,5.3,,,,2024,8,32,222,0,0,1,1
257,양산시,2024-08-10,29.6,25.0,432,35.3,1329,,,,,,,9.6,110,1840,5.0,110,1847,1.7,1473,70,24.2,52.0,1333.0,74.9,30.2,1002.9,1004.7,736,1002.2,1608,1003.6,13.6,10.3,1200.0,3.43,25.22,,,,,,4.3,0.8,29.3,23.0,34.3,30.1,29.1,28.5,,,,,,5.2,7.5,,,,2024,8,32,223,0,0,1,0
257,양산시,2024-08-11,29.3,25.4,529,35.0,1325,,,,,,,8.1,110,1547,3.6,110,1553,2.0,1690,50,23.6,48.0,1329.0,73.0,29.1,1002.5,1004.2,942,1001.9,1540,1003.2,13.6,8.1,1200.0,3.38,23.15,,,,,,2.3,0.5,28.9,23.3,34.6,29.9,29.1,28.5,,,,,,,,,,,2024,8,32,224,0,0,1,0
257,양산시,2024-08-12,29.2,23.8,529,34.8,1455,,,,,,,10.5,110,1816,5.0,110,1820,2.2,1915,110,23.3,51.0,1201.0,72.3,28.5,1003.9,1006.5,2323,1003.4,1448,1004.6,13.6,10.9,1200.0,3.41,26.02,,,,,,1.1,0.0,29.7,21.4,34.5,29.9,29.0,28.4,,,,,,5.6,8.0,,,,2024,8,33,225,0,0,1,0
257,양산시,2024-08-13,29.4,25.1,601,35.1,1243,,,,,,,9.8,160,1455,4.8,140,1456,2.1,1841,90,22.6,47.0,1318.0,68.3,27.4,1006.9,1008.4,800,1006.3,1,1007.6,13.6,10.4,1200.0,3.48,25.6,,,,,,3.0,1.4,31.0,22.2,34.8,30.5,29.5,28.6,,,,,,5.5,7.8,,,,2024,8,33,226,0,0,1,0
257,양산시,2024-08-14,29.7,25.6,553,35.3,1333,,,,,,,8.8,110,1551,3.5,110,1430,2.3,1952,70,23.7,52.0,1237.0,71.8,29.4,1007.0,1008.7,139,1006.2,1629,1007.7,13.5,10.1,1200.0,3.47,25.4,,,,,,3.9,0.6,32.6,23.0,35.8,31.3,30.2,29.1,,,,,,5.5,7.9,,,,2024,8,33,227,0,0,1,0
257,양산시,2024-08-15,29.6,27.2,611,35.4,1330,,,,,,,9.0,110,1600,3.9,90,1601,2.3,2007,70,23.9,52.0,1355.0,72.6,29.7,1006.6,1008.4,1,1005.8,1458,1007.3,13.5,7.9,1200.0,3.42,22.24,,,,,,4.9,2.6,33.1,25.4,36.3,31.8,30.7,29.5,,,,,,5.1,7.2,,,,2024,8,33,228,0,0,1,0
257,양산시,2024-08-16,29.7,25.2,458,35.4,1353,,,,,,,10.1,110,1655,4.3,110,1654,1.9,1648,90,23.5,49.0,1306.0,70.5,28.9,1007.6,1010.0,2355,1006.7,1530,1008.3,13.5,7.9,1100.0,3.34,21.09,,,,,,5.3,1.3,32.8,23.3,36.2,31.5,30.5,29.5,,,,,,4.7,6.7,,,,2024,8,33,229,0,0,1,0
257,양산시,2024-08-17,30.1,26.7,521,34.9,1333,,,,,,,8.3,160,1522,4.1,160,1531,1.8,1557,70,23.6,53.0,1142.0,69.4,29.2,1009.2,1010.9,850,1008.5,1534,1009.9,13.4,8.8,1200.0,3.19,23.09,,,,,,5.0,3.6,34.3,24.2,36.5,31.9,30.8,29.7,,,,,,4.8,6.9,,,,2024,8,33,230,0,0,1,0
257,양산시,2024-08-18,29.8,25.9,540,34.5,1440,,,,,,,7.6,140,1842,4.2,110,1654,2.0,1759,70,23.1,48.0,1443.0,68.9,28.3,1008.8,1010.9,735,1007.8,1652,1009.5,13.4,9.5,1300.0,3.15,22.51,,,,,,4.5,0.9,34.2,23.4,36.4,31.8,30.8,29.8,,,,,,4.9,7.0,,,,2024,8,33,231,0,0,1,0
257,양산시,2024-08-19,30.3,26.3,451,35.6,1424,0.0,,0.0,,,0.0,7.5,160,1651,3.8,160,1659,2.1,1779,50,25.1,53.0,1332.0,75.1,32.0,1007.7,1009.7,1,1006.5,1634,1008.4,13.4,7.1,1300.0,2.64,18.03,,,,,,4.8,2.8,33.8,24.2,36.2,31.6,30.6,29.7,,,,,,3.5,5.0,,,,2024,8,34,232,0,0,1,0
257,양산시,2024-08-20,29.2,26.5,829,33.6,1504,5.8,413.0,13.7,338.0,,25.1,10.4,230,2011,4.8,230,1456,1.9,1603,230,26.6,68.0,1455.0,86.6,34.8,1009.3,1011.9,2143,1007.8,515,1010.0,13.3,2.0,1400.0,2.59,11.61,,,,,,8.0,5.4,29.1,22.0,33.7,30.4,29.6,29.2,,,,,,2.3,3.3,,,,2024,8,34,233,0,0,1,1
257,양산시,2024-08-21,29.0,26.0,437,32.6,1420,5.2,248.0,6.2,240.0,,14.3,10.5,230,5,5.8,230,14,2.4,2108,230,27.1,73.0,1444.0,90.4,35.9,1009.1,1012.3,11,1008.6,1720,1009.8,13.3,2.3,1300.0,2.11,11.74,,,,,,8.3,3.9,27.7,23.2,33.3,29.5,28.7,28.4,,,,,,2.8,4.0,,,,2024,8,34,234,0,0,1,1
257,양산시,2024-08-22,30.2,27.2,454,33.9,1159,0.5,2110.0,0.7,2034.0,,0.7,13.5,230,1615,7.0,230,1515,3.1,2654,230,27.4,66.0,1118.0,85.9,36.4,1006.2,1009.1,1,1004.9,1742,1006.9,13.3,6.6,1100.0,3.11,20.63,,,,,,6.1,2.8,28.1,22.6,32.7,29.7,28.9,28.3,,,,,,4.1,5.9,,,,2024,8,34,235,0,0,1,0
257,양산시,2024-08-23,30.5,26.7,628,36.0,1439,0.0,,0.0,,,0.0,7.3,200,1510,4.5,200,1516,1.7,1477,200,25.1,42.0,1409.0,74.8,31.8,1007.4,1009.7,2305,1006.7,129,1008.1,13.2,10.8,1200.0,3.22,24.04,,,,,,2.1,0.8,29.2,24.0,33.7,30.4,29.4,28.5,,,,,,5.0,7.2,,,,2024,8,34,236,0,0,1,0
257,양산시,2024-08-24,29.9,26.0,429,36.4,1423,,,,,,,6.1,200,1507,3.5,200,1514,1.7,1495,200,25.0,41.0,1413.0,76.5,31.6,1008.7,1011.2,924,1007.8,1655,1009.4,13.2,10.2,1200.0,3.15,22.8,,,,,,1.8,0.8,30.0,23.9,34.3,30.4,29.4,28.7,,,,,,4.7,6.7,,,,2024,8,34,237,0,0,1,0
257,양산시,2024-08-25,29.8,25.3,601,34.8,1347,,,,,,,6.9,270,1441,4.2,250,1459,1.5,1334,200,24.8,56.0,1318.0,75.9,31.3,1007.7,1009.9,708,1006.7,1741,1008.4,13.2,9.0,1100.0,2.89,20.2,,,,,,2.3,0.9,27.6,21.7,31.7,30.1,29.3,28.7,,,,,,4.1,5.8,,,,2024,8,34,238,0,0,1,0
257,양산시,2024-08-26,29.6,25.5,445,35.3,1349,,,,,,,7.5,110,1635,3.9,140,1553,1.2,1064,90,24.9,57.0,1332.0,77.4,31.6,1005.6,1008.3,1,1004.7,1509,1006.3,13.1,5.7,1300.0,3.29,17.04,,,,,,5.6,1.5,29.1,20.0,32.5,30.4,29.4,28.7,,,,,,3.5,5.0,,,,2024,8,35,239,0,0,1,0
257,양산시,2024-08-27,28.2,26.1,431,32.6,1156,,,,,,,11.0,70,1950,4.8,70,1658,2.6,2278,70,23.6,63.0,1853.0,76.6,29.3,1004.8,1007.5,2136,1004.2,524,1005.5,13.1,1.8,1000.0,2.0,12.97,,,,,,8.9,2.6,29.1,24.6,33.7,29.3,28.8,28.6,,,,,,3.1,4.4,,,,2024,8,35,240,0,0,1,0
257,양산시,2024-08-28,26.6,25.4,540,29.2,1535,0.3,2313.0,0.3,2223.0,,0.4,10.1,110,1535,4.5,70,32,3.2,2724,70,23.4,74.0,1008.0,82.6,28.7,1006.3,1008.2,946,1006.1,2400,1007.0,13.1,0.3,1500.0,0.9,5.05,,,,,,7.9,5.0,26.5,23.4,31.7,27.6,27.3,27.7,,,,,,1.7,2.4,,,,2024,8,35,241,0,0,1,0
257,양산시,2024-08-29,28.8,25.3,356,33.1,1355,2.8,1916.0,5.0,440.0,,10.7,16.5,50,1047,5.8,70,1044,3.7,3197,50,23.9,56.0,1358.0,76.3,29.7,1001.7,1006.1,1,1000.4,1636,1002.4,13.0,4.8,1200.0,2.75,17.81,,,,,,8.0,5.8,27.9,23.8,32.1,28.2,27.4,27.1,,,,,,4.4,6.3,,,,2024,8,35,242,0,0,1,1
257,양산시,2024-08-30,29.7,26.4,553,35.6,1616,0.0,,0.0,,,0.0,11.5,70,1053,5.3,70,1038,3.0,2617,70,22.9,48.0,1537.0,68.3,27.9,1001.0,1003.6,2339,1000.0,206,1001.7,13.0,7.8,1200.0,3.05,21.69,,,,,,5.1,3.1,28.0,22.8,32.8,28.8,28.0,27.4,,,,,,5.0,7.2,,,,2024,8,35,243,0,0,1,0
257,양산시,2024-08-31,27.8,22.5,610,34.7,1334,,,,,,,9.5,160,1424,4.7,140,1425,1.6,1414,90,21.4,39.0,1311.0,70.6,25.5,1005.3,1008.4,2356,1003.3,8,1006.0,12.9,9.2,1200.0,3.21,22.93,,,,,,1.0,1.0,27.9,20.1,32.7,28.6,27.9,27.4,,,,,,,,,,,2024,8,35,244,0,0,1,0
257,양산시,2024-09-01,27.7,22.6,435,34.0,1319,,,,,,,7.5,230,1338,4.3,230,1342,1.6,1350,230,22.1,43.0,1150.0,73.6,26.6,1006.4,1008.4,1,1005.4,1518,1007.1,12.9,9.5,1300.0,3.49,22.66,,,,,,3.0,1.3,29.6,20.5,33.1,28.8,28.0,27.4,,,,,,4.6,6.6,,,,2024,9,35,245,0,0,1,0
257,양산시,2024-09-02,27.7,24.1,539,33.1,1102,,,,,,,8.7,50,1936,3.9,110,1511,1.7,1490,70,22.9,51.0,1319.0,76.5,28.0,1007.9,1010.9,2400,1006.8,351,1008.6,12.9,3.8,1000.0,2.8,14.11,,,,,,7.8,3.4,27.9,22.0,32.9,28.4,27.8,27.5,,,,,,3.0,4.2,,,,2024,9,36,246,0,0,1,0
257,양산시,2024-09-03,25.6,23.6,535,30.3,1531,1.2,457.0,1.9,429.0,,1.9,9.8,50,903,4.4,70,2135,2.5,2159,70,20.5,51.0,1534.0,74.8,24.3,1011.1,1013.7,923,1010.6,116,1011.8,12.8,2.3,1400.0,2.11,11.29,,,,,,6.6,3.9,26.8,20.9,31.7,27.4,27.0,27.1,,,,,,3.0,4.3,,,,2024,9,36,247,0,0,1,1
257,양산시,2024-09-04,26.5,22.3,447,31.9,1406,,,,,,,8.8,110,1647,4.0,110,1733,2.1,1780,50,19.8,46.0,1526.0,68.4,23.1,1009.2,1011.6,31,1008.0,1619,1009.9,12.8,10.0,1200.0,3.22,22.31,,,,,,1.9,1.1,28.4,18.9,31.8,27.5,26.8,26.4,,,,,,4.6,6.5,,,,2024,9,36,248,0,0,1,0
257,양산시,2024-09-05,27.4,20.3,520,33.5,1323,,,,,,,8.0,200,1430,4.9,200,1430,1.7,1498,230,20.6,37.0,1332.0,69.1,24.4,1006.9,1009.5,2,1005.5,1538,1007.6,12.8,10.5,1200.0,3.09,23.0,,,,,,2.5,0.1,29.5,18.1,32.4,28.2,27.3,26.7,,,,,,5.2,7.4,,,,2024,9,36,249,0,0,1,0
257,양산시,2024-09-06,27.5,25.2,152,32.9,1207,0.0,,0.0,,,0.0,7.3,70,2019,3.9,50,2249,2.0,1698,70,23.4,58.0,1159.0,79.4,28.8,1010.1,1013.2,2219,1007.9,1,1010.8,12.7,0.2,1100.0,1.66,7.7,,,,,,9.1,5.5,27.7,22.6,32.3,27.9,27.4,27.0,,,,,,2.0,2.8,,,,2024,9,36,250,0,0,1,0
257,양산시,2024-09-07,28.3,25.0,549,33.4,1321,0.0,,0.0,,,0.0,6.2,70,51,3.7,50,13,1.7,1508,50,23.8,58.0,1325.0,77.4,29.4,1012.4,1014.3,926,1011.8,1519,1013.1,12.7,2.6,1200.0,2.86,14.86,,,,,,7.5,4.9,30.3,23.4,33.4,28.9,27.9,27.0,,,,,,3.1,4.5,,,,2024,9,36,251,0,0,1,0
257,양산시,2024-09-08,28.6,25.1,534,34.1,1147,0.0,,0.0,,,0.0,7.3,70,2246,3.4,50,2302,1.4,1242,110,24.4,57.0,1114.0,78.8,30.6,1012.3,1014.2,724,1011.4,1529,1013.0,12.7,4.7,1100.0,2.75,14.55,,,,,,6.0,3.5,30.0,22.8,33.9,29.4,28.5,27.5,,,,,,3.3,4.7,,,,2024,9,36,252,0,0,1,0
257,양산시,2024-09-09,29.1,26.7,338,34.0,1355,,,,,,,8.7,110,1523,3.8,110,1557,2.6,2242,50,23.5,55.0,1357.0,72.4,28.9,1012.1,1013.9,836,1011.4,1515,1012.8,12.6,7.1,1300.0,2.91,18.37,,,,,,3.6,2.0,33.0,24.9,31.6,30.2,29.0,27.8,,,,,,4.4,6.3,,,,2024,9,37,253,0,0,1,0
257,양산시,2024-09-10,29.9,25.7,606,35.9,1333,,,,,,,7.9,160,1556,4.4,140,1605,2.1,1838,70,23.5,46.0,1422.0,70.3,29.0,1012.4,1014.5,2248,1011.8,1526,1013.1,12.6,9.4,1100.0,2.94,20.68,,,,,,2.3,0.3,33.0,23.0,28.6,30.4,29.2,28.1,,,,,,4.1,5.9,,,,2024,9,37,254,0,0,1,0
257,양산시,2024-09-11,29.0,26.4,303,33.9,1353,1.1,852.0,3.4,838.0,,4.7,8.2,50,2146,3.9,50,2152,1.1,931,50,25.6,62.0,1348.0,82.5,32.8,1015.0,1017.1,955,1014.0,122,1015.7,12.6,2.6,1200.0,3.29,13.03,,,,,,9.0,5.1,29.2,24.4,28.1,30.0,29.1,28.2,,,,,,2.8,4.0,,,,2024,9,37,255,0,0,1,1
257,양산시,2024-09-12,28.4,26.0,2359,34.7,1202,0.0,,0.0,,,0.0,6.9,110,1414,3.8,50,1506,1.2,1068,50,25.2,56.0,1205.0,83.9,32.0,1013.8,1016.4,1,1013.0,1435,1014.5,12.5,3.4,1000.0,2.7,12.38,,,,,,6.5,3.0,28.3,24.1,27.0,29.1,28.4,28.0,,,,,,2.6,3.7,,,,2024,9,37,256,0,0,1,0
257,양산시,2024-09-13,29.5,24.8,535,35.9,1319,,,,,,,6.5,230,1542,3.7,230,1602,1.2,995,230,24.5,47.0,1317.0,76.5,30.7,1008.4,1013.0,1,1006.6,1527,1009.1,12.5,10.1,1200.0,3.12,21.43,,,,,,2.1,0.4,32.3,22.8,27.9,29.8,28.8,27.8,,,,,,4.4,6.2,,,,2024,9,37,257,0,0,1,0
257,양산시,2024-09-14,29.7,24.8,510,36.0,1253,,,,,,,8.9,140,1644,4.8,140,1457,1.5,1275,70,24.1,48.0,1608.0,74.1,30.0,1005.1,1007.4,2,1003.7,1459,1005.8,12.4,9.5,1200.0,3.19,20.83,,,,,,1.0,0.1,32.1,22.2,28.2,30.2,29.2,28.2,,,,,,4.7,6.7,,,,2024,9,37,258,0,0,1,0
257,양산시,2024-09-15,28.4,26.8,2159,32.4,1024,0.0,,0.0,,,0.0,11.4,70,1608,5.5,50,1707,3.2,2802,70,24.5,65.0,1029.0,80.0,30.8,1008.7,1013.4,2356,1006.4,406,1009.4,12.4,3.3,1500.0,1.62,12.69,,,,,,6.9,5.8,30.4,24.9,27.8,29.6,28.9,28.3,,,,,,2.8,4.0,,,,2024,9,37,259,0,0,1,0
257,양산시,2024-09-16,27.2,25.2,447,31.7,1302,0.1,,0.1,,,0.1,10.2,70,833,4.5,70,1011,3.2,2726,70,23.8,65.0,1247.0,82.3,29.5,1014.4,1016.5,2112,1013.0,204,1015.1,12.4,1.8,1200.0,2.23,12.88,,,,,,7.0,4.4,29.0,23.2,26.8,29.1,28.4,27.9,,,,,,2.8,4.0,,,,2024,9,38,260,0,0,1,0
257,양산시,2024-09-17,30.0,25.3,610,36.1,1514,0.8,1403.0,0.8,1351.0,,0.8,5.4,50,17,3.3,50,2,1.2,1051,50,25.2,55.0,1307.0,76.9,32.1,1013.4,1015.9,1,1012.1,1528,1014.1,12.3,6.7,1000.0,2.58,16.68,,,,,,4.4,3.3,30.9,23.7,27.6,29.8,28.9,28.0,,,,,,3.5,4.9,,,,2024,9,38,261,0,0,1,0
257,양산시,2024-09-18,30.2,26.1,527,37.2,1347,,,,,,,6.5,200,1506,3.7,180,1543,1.4,1211,50,24.0,47.0,1421.0,71.3,30.1,1012.8,1015.2,2126,1011.8,1457,1013.5,12.3,7.1,1300.0,2.9,17.67,,,,,,4.9,2.3,33.9,23.7,28.5,30.4,29.3,28.2,,,,,,4.0,5.7,,,,2024,9,38,262,0,0,1,0
257,양산시,2024-09-19,30.1,24.9,336,37.7,1412,,,,,,,6.5,180,1321,3.0,140,1515,1.0,893,140,23.7,45.0,1633.0,70.5,29.3,1013.1,1015.4,849,1011.8,1634,1013.8,12.3,8.4,1200.0,2.89,19.56,,,,,,5.1,1.4,34.0,22.2,28.9,30.8,29.7,28.5,,,,,,3.9,5.6,,,,2024,9,38,263,0,0,1,0
257,양산시,2024-09-20,27.5,25.6,1617,30.8,1025,6.9,2317.0,15.1,2301.0,,46.6,10.1,250,1556,4.4,250,1604,1.2,1025,230,25.6,71.0,1035.0,89.9,32.8,1010.4,1014.0,1,1008.3,2356,1011.1,12.2,0.0,900.0,0.43,2.62,,,,,,9.6,4.1,27.2,20.6,25.9,28.7,28.3,28.3,,,,,,0.6,0.9,,,,2024,9,38,264,0,0,1,1
257,양산시,2024-09-21,22.1,20.8,720,26.8,1,18.6,1038.0,51.1,1007.0,,336.0,12.0,50,1920,5.9,70,1936,3.0,2592,70,21.9,91.0,2334.0,99.3,26.4,1005.2,1008.9,855,1001.7,1931,1005.9,12.2,0.0,1200.0,0.23,0.96,,,,,,9.6,7.1,20.0,16.6,18.4,23.5,23.5,24.4,,,,,,0.5,0.7,,,,2024,9,38,265,0,0,1,1
257,양산시,2024-09-22,22.6,20.4,2335,25.3,1501,0.2,,0.4,607.0,,0.4,12.6,50,1034,5.5,50,1526,3.2,2728,70,19.2,69.0,1504.0,81.9,22.3,1009.9,1015.1,2244,1004.6,22,1010.6,12.2,0.4,1500.0,1.19,7.59,,,,,,9.3,5.1,20.1,15.6,17.7,22.5,22.1,22.6,,,,,,2.2,3.1,,,,2024,9,38,266,0,0,1,0
257,양산시,2024-09-23,21.2,18.7,2218,26.4,1232,,,,,,,10.6,50,1159,4.7,50,917,2.9,2526,70,14.1,44.0,1530.0,64.8,16.1,1016.4,1018.3,919,1014.9,1,1017.1,12.1,6.0,1100.0,2.83,16.91,,,,,,4.3,2.9,19.5,14.5,18.9,22.1,22.0,22.6,,,,,,3.5,5.0,,,,2024,9,39,267,0,0,1,0
257,양산시,2024-09-24,22.5,18.5,25,27.8,1203,,,,,,,9.3,70,812,4.9,50,1304,2.5,2186,70,17.1,54.0,1203.0,72.3,19.6,1014.8,1017.7,12,1014.1,1711,1015.5,12.1,4.7,1100.0,3.01,15.82,,,,,,5.1,2.1,20.1,14.3,18.8,22.0,21.8,22.3,,,,,,3.2,4.5,,,,2024,9,39,268,0,0,1,0
257,양산시,2024-09-25,24.4,20.6,526,30.0,1249,,,,,,,7.7,110,1550,4.0,50,336,2.5,2154,50,18.5,44.0,1509.0,71.4,21.3,1013.1,1014.8,1,1012.2,1531,1013.8,12.0,4.6,1200.0,2.47,14.92,,,,,,5.4,4.1,23.4,18.3,20.5,23.4,22.8,22.7,,,,,,3.2,4.5,,,,2024,9,39,269,0,0,1,0
257,양산시,2024-09-26,24.7,18.8,557,31.0,1355,,,,,,,4.8,20,150,2.7,230,1645,1.0,850,160,19.6,43.0,1343.0,76.3,22.9,1011.7,1014.1,30,1010.4,1636,1012.4,12.0,8.3,1100.0,2.69,17.53,,,,,,5.3,0.4,23.6,16.3,21.0,23.9,23.3,23.1,,,,,,3.2,4.5,,,,2024,9,39,270,0,0,1,0
257,양산시,2024-09-27,25.0,20.8,559,31.6,1233,,,,,,,8.4,110,1740,4.1,50,2137,1.8,1581,70,20.6,52.0,1214.0,78.0,24.3,1011.4,1013.8,2252,1010.2,1408,1012.1,12.0,5.9,1200.0,2.66,15.82,,,,,,6.8,1.8,23.9,18.1,21.6,24.8,24.1,23.7,,,,,,3.3,4.7,,,,2024,9,39,271,0,0,1,0
257,양산시,2024-09-28,23.8,22.2,2149,28.5,1308,0.1,,0.1,,,0.2,9.0,50,1358,4.1,70,1627,2.7,2293,70,19.9,60.0,1326.0,79.5,23.2,1016.1,1019.7,2149,1013.4,19,1016.8,11.9,1.6,1300.0,1.92,9.04,,,,,,4.6,3.0,22.8,19.2,20.9,24.0,23.6,23.7,,,,,,2.2,3.1,,,,2024,9,39,272,0,0,1,0
257,양산시,2024-09-29,23.7,21.4,2249,27.9,1333,,,,,,,11.4,50,1251,5.0,90,1213,3.0,2594,70,16.6,41.0,1454.0,66.5,19.0,1018.3,1020.7,921,1017.7,1520,1019.0,11.9,8.0,1300.0,2.93,18.5,,,,,,3.1,1.5,23.4,17.7,20.8,24.0,23.5,23.4,,,,,,4.1,5.9,,,,2024,9,39,273,0,0,1,0
257,양산시,2024-09-30,23.4,19.5,715,29.9,1320,,,,,,,6.0,50,235,3.1,50,255,1.6,1365,140,18.4,45.0,1403.0,75.0,21.2,1014.1,1018.8,1,1012.4,1642,1014.8,11.9,6.3,1300.0,2.71,15.92,,,,,,2.4,0.9,22.2,15.7,20.7,23.9,23.4,23.3,,,,,,2.9,4.2,,,,2024,9,40,274,0,0,1,0
257,양산시,2024-10-01,23.9,18.8,414,30.5,1316,0.0,,0.0,,,0.0,7.8,320,2356,4.0,290,2400,1.7,1486,290,16.6,32.0,2217.0,67.3,19.4,1009.2,1013.0,1,1006.6,1527,1009.9,11.8,6.2,1200.0,2.74,16.19,,,,,,6.8,2.3,23.8,15.6,21.1,24.1,23.6,23.3,,,,,,4.0,5.7,,,,2024,10,40,275,0,0,1,0
257,양산시,2024-10-02,20.0,16.2,453,24.6,1259,0.0,,0.0,,,0.0,9.6,20,2158,4.2,290,4,2.3,2024,70,6.2,24.0,1244.0,42.6,9.8,1014.8,1018.3,2220,1011.4,49,1015.5,11.8,7.8,1100.0,2.87,17.95,,,,,,7.6,4.4,21.6,12.1,19.9,23.0,22.9,23.2,,,,,,4.4,6.3,,,,2024,10,40,276,0,0,1,0
257,양산시,2024-10-03,18.4,15.3,2310,21.2,1404,5.0,2145.0,6.3,2132.0,,10.7,11.6,50,1443,5.8,70,1448,3.2,2723,70,14.0,58.0,951.0,77.4,16.1,1017.7,1021.0,2156,1016.8,1438,1018.5,11.8,0.0,1200.0,0.88,5.31,,,,,,10.0,4.4,19.3,13.9,18.1,21.3,21.4,22.3,,,,,,1.5,2.1,,,,2024,10,40,277,0,0,1,1
257,양산시,2024-10-04,19.0,13.5,629,25.3,1243,0.1,,0.2,,,0.2,7.7,110,1041,3.4,50,23,1.7,1438,70,13.4,44.0,1415.0,72.9,15.4,1021.9,1023.9,931,1019.0,8,1022.6,11.7,8.4,1100.0,2.6,18.34,,,,,,1.5,1.1,19.0,10.5,17.6,20.7,20.5,21.2,,,,,,3.4,4.9,,,,2024,10,40,278,0,0,1,0
257,양산시,2024-10-05,19.6,12.6,614,26.2,1334,,,,,,,7.8,70,1147,3.6,70,1007,1.5,1274,90,14.3,49.0,1338.0,73.4,16.4,1020.9,1023.5,131,1019.7,1553,1021.6,11.7,5.8,1000.0,2.28,14.5,,,,,,5.1,3.0,17.9,9.9,17.0,20.2,20.0,20.8,,,,,,2.8,3.9,,,,2024,10,40,279,0,0,1,0
257,양산시,2024-10-06,20.1,16.6,328,24.5,1200,0.7,1617.0,1.5,1542.0,,4.1,7.7,50,815,3.9,50,902,1.6,1346,50,16.8,60.0,1217.0,83.1,19.3,1017.8,1020.4,27,1016.9,1457,1018.5,11.6,0.2,1200.0,1.33,5.72,,,,,,8.8,5.8,16.6,10.4,15.6,20.4,20.2,20.7,,,,,,1.2,1.6,,,,2024,10,40,280,0,0,1,1
257,양산시,2024-10-07,18.1,16.6,2017,20.7,1308,0.4,239.0,1.1,1837.0,,4.4,4.4,50,1528,2.3,50,1533,0.8,712,180,16.1,61.0,1449.0,89.4,18.4,1015.2,1017.4,854,1014.3,1433,1015.9,11.6,0.0,1200.0,1.2,6.52,,,,,,10.0,4.0,19.0,15.9,17.2,20.6,20.3,20.6,,,,,,1.2,1.7,,,,2024,10,41,281,0,0,1,1
257,양산시,2024-10-08,20.3,16.0,504,26.5,1528,,,,,,,9.0,70,1738,4.2,70,1745,1.7,1474,70,15.7,46.0,1518.0,77.3,17.8,1014.3,1016.4,2235,1012.9,1449,1015.0,11.6,7.8,1100.0,2.74,17.36,,,,,,6.8,5.0,20.2,14.4,17.8,21.2,20.7,20.7,,,,,,3.5,5.0,,,,2024,10,41,282,0,0,1,0
257,양산시,2024-10-09,19.8,17.3,2247,24.7,1253,,,,,,,10.0,50,937,4.8,50,1000,2.8,2376,70,13.3,51.0,1531.0,67.3,15.3,1014.6,1016.7,735,1014.2,1531,1015.3,11.5,3.9,1200.0,2.15,11.54,,,,,,3.9,2.0,17.6,13.4,17.1,20.4,20.2,20.7,,,,,,2.5,3.6,,,,2024,10,41,283,0,0,1,0
257,양산시,2024-10-10,19.5,13.9,448,26.2,1514,0.0,,0.0,,,0.0,5.5,20,52,3.3,50,40,1.3,1099,70,13.5,40.0,1516.0,70.9,15.5,1013.6,1015.5,2236,1012.3,1416,1014.3,11.5,6.6,1200.0,2.53,14.48,,,,,,5.3,3.8,18.5,10.4,16.5,20.1,19.7,20.1,,,,,,2.7,3.9,,,,2024,10,41,284,0,0,1,0
257,양산시,2024-10-11,19.1,13.7,622,27.2,1323,,,,,,,6.1,110,1656,2.6,180,1446,0.8,693,140,14.3,35.0,1212.0,77.3,16.4,1016.7,1020.4,2340,1015.3,3,1017.4,11.5,7.6,1200.0,2.79,16.68,,,,,,1.3,0.5,18.8,9.2,16.6,20.2,19.8,20.0,,,,,,3.0,4.3,,,,2024,10,41,285,0,0,1,0
257,양산시,2024-10-12,19.7,14.0,608,27.7,1324,,,,,,,6.1,250,1518,3.2,250,1526,0.8,716,50,14.0,34.0,1313.0,74.1,16.0,1021.1,1023.5,2316,1020.2,12,1021.9,11.4,9.4,1100.0,2.65,17.48,,,,,,0.6,0.0,19.0,10.0,16.8,20.1,19.7,20.0,,,,,,3.0,4.3,,,,2024,10,41,286,0,0,1,0
257,양산시,2024-10-13,20.8,14.1,629,26.7,1245,,,,,,,9.1,110,1936,4.3,110,1103,1.9,1649,50,15.6,43.0,1133.0,74.6,17.8,1021.7,1024.1,736,1021.1,2351,1022.5,11.4,5.7,1200.0,2.62,14.08,,,,,,6.0,2.4,18.6,10.4,16.8,20.0,19.6,20.0,,,,,,3.0,4.3,,,,2024,10,41,287,0,0,1,0
257,양산시,2024-10-14,22.2,20.1,2315,25.7,1215,4.2,2155.0,13.6,2153.0,,29.0,6.9,70,333,3.5,290,522,1.7,1453,50,19.2,66.0,1228.0,84.1,22.3,1017.9,1021.5,36,1016.9,1527,1018.6,11.4,0.0,1200.0,0.89,4.94,,,,,,9.6,3.9,19.0,17.3,17.1,21.2,20.6,20.4,,,,,,1.0,1.5,,,,2024,10,42,288,0,0,1,1
257,양산시,2024-10-15,22.4,20.0,111,26.2,1308,1.1,1.0,3.8,1.0,,7.4,3.7,200,1026,2.3,200,1031,0.8,670,180,21.0,78.0,1347.0,92.4,25.0,1015.7,1018.6,2347,1015.1,1301,1016.4,11.3,0.3,1100.0,1.22,5.5,,,,,,9.5,5.1,21.0,16.7,18.1,22.0,21.2,20.8,,,,,,1.1,1.6,,,,2024,10,42,289,0,0,1,1
257,양산시,2024-10-16,21.8,17.4,635,27.1,1259,,,,,,,9.0,50,1021,3.8,70,1021,1.8,1552,50,17.2,54.0,1551.0,77.1,19.6,1020.2,1022.5,2139,1018.4,33,1020.9,11.3,7.3,1200.0,2.54,14.32,,,,,,3.5,0.9,19.9,13.3,17.8,21.5,21.0,20.9,,,,,,2.8,4.1,,,,2024,10,42,290,0,0,1,0
257,양산시,2024-10-17,21.6,18.5,609,24.3,1231,,,,,,,8.7,70,1433,3.8,70,1434,2.4,2111,50,16.7,62.0,1429.0,74.6,19.0,1020.7,1023.2,944,1019.6,1430,1021.4,11.2,0.7,1100.0,1.13,7.83,,,,,,7.1,2.8,19.1,15.5,17.4,20.9,20.4,20.7,,,,,,2.0,2.8,,,,2024,10,42,291,0,0,1,0
257,양산시,2024-10-18,23.5,20.8,9,26.2,1242,15.7,1748.0,27.8,1715.0,,64.7,12.0,250,2000,5.7,230,2000,2.7,2326,50,21.2,70.0,1138.0,87.5,25.4,1013.4,1020.1,1,1009.7,1952,1014.1,11.2,0.2,1100.0,1.44,5.59,,,,,,9.0,5.9,20.3,17.9,17.6,21.8,21.1,20.8,,,,,,1.2,1.7,,,,2024,10,42,292,0,0,1,1
257,양산시,2024-10-19,19.7,14.3,2343,27.8,951,1.1,1452.0,2.9,1435.0,,3.5,12.9,50,1943,6.0,50,1301,3.0,2626,70,17.7,71.0,950.0,88.9,21.0,1015.9,1026.9,2356,1009.0,324,1016.7,11.2,3.8,1000.0,2.28,8.5,,,,,,7.1,4.1,15.9,10.1,14.7,21.7,21.4,21.4,,,,,,2.0,2.9,,,,2024,10,42,293,0,0,1,1
257,양산시,2024-10-20,16.4,14.2,12,18.2,1315,,,,,,,12.2,50,1956,5.3,70,2000,3.5,2983,70,8.3,50.0,1021.0,59.3,11.0,1027.8,1030.7,826,1026.4,2357,1028.6,11.1,0.9,1100.0,1.29,7.63,,,,,,8.9,7.3,13.3,8.8,13.2,17.9,18.2,19.5,,,,,,2.4,3.5,,,,2024,10,42,294,0,0,1,0
257,양산시,2024-10-21,19.7,16.3,527,23.4,1344,0.0,,0.0,,,0.0,10.5,50,307,4.6,50,111,2.5,2176,50,14.7,57.0,22.0,73.4,16.9,1021.9,1026.5,9,1020.4,2353,1022.6,11.1,1.0,1300.0,1.28,7.56,,,,,,8.9,5.9,16.7,13.5,14.7,18.8,18.3,18.8,,,,,,1.4,2.0,,,,2024,10,43,295,0,0,1,0
257,양산시,2024-10-22,20.5,18.3,35,22.2,1513,2.2,516.0,10.8,513.0,,71.7,11.7,110,943,4.4,140,946,2.0,1752,50,20.1,90.0,1.0,97.8,23.5,1013.2,1020.7,9,1009.3,2347,1013.9,11.1,0.0,1500.0,0.59,2.4,,,,,,9.9,4.5,15.8,14.3,13.3,19.7,19.1,19.1,,,,,,0.9,1.3,,,,2024,10,43,296,0,0,1,1
257,양산시,2024-10-23,18.4,12.6,2355,22.3,1310,,,,,,,10.9,270,707,5.0,290,1108,2.3,1955,270,11.2,43.0,1534.0,64.9,13.7,1013.3,1018.3,2258,1009.0,111,1014.1,11.0,9.3,1200.0,2.56,16.49,,,,,,2.4,1.0,15.7,7.9,14.1,19.7,19.3,19.4,,,,,,3.4,4.9,,,,2024,10,43,297,0,0,1,0
257,양산시,2024-10-24,15.9,8.7,610,23.6,1530,,,,,,,7.4,50,2054,3.6,50,2059,1.3,1138,50,9.5,37.0,1559.0,69.0,12.0,1019.4,1022.9,2257,1017.9,1337,1020.1,11.0,9.5,1200.0,2.56,16.53,,,,,,0.0,0.0,13.9,5.0,13.2,17.0,17.1,18.1,,,,,,3.5,5.0,,,,2024,10,43,298,0,0,1,0
257,양산시,2024-10-25,19.2,15.6,605,23.4,1301,,,,,,,9.7,50,921,5.3,50,929,2.9,2520,50,13.6,54.0,1303.0,70.8,15.7,1022.9,1025.0,845,1022.2,7,1023.6,11.0,4.2,1000.0,1.87,9.97,,,,,,6.0,2.1,14.7,10.7,13.3,17.5,17.2,17.8,,,,,,2.3,3.2,,,,2024,10,43,299,0,0,1,0
257,양산시,2024-10-26,19.6,14.8,2358,24.6,1349,,,,,,,9.7,70,1104,3.9,70,1010,2.7,2299,50,13.4,47.0,1413.0,69.8,15.4,1019.5,1022.5,1,1018.1,2316,1020.2,10.9,9.1,1100.0,2.53,16.0,,,,,,1.3,0.3,16.4,10.5,14.8,18.7,18.1,18.1,,,,,,3.4,4.9,,,,2024,10,43,300,0,0,1,0
257,양산시,2024-10-27,16.2,12.7,637,19.4,1059,0.8,2055.0,0.9,2022.0,,2.2,4.2,200,656,2.8,180,658,0.9,750,200,14.6,68.0,1110.0,91.3,16.7,1013.1,1018.6,126,1011.2,1616,1013.8,10.9,1.4,900.0,1.17,5.44,,,,,,8.0,4.1,14.3,8.8,13.7,17.3,17.2,17.8,,,,,,0.9,1.3,,,,2024,10,43,301,0,0,1,1
257,양산시,2024-10-28,17.1,13.5,625,20.8,1047,0.0,,0.0,,,0.0,11.0,50,1631,4.7,70,1838,2.2,1894,70,13.5,61.0,1052.0,80.9,15.6,1013.2,1017.6,2358,1010.7,418,1013.9,10.9,2.5,1000.0,1.48,6.5,,,,,,8.6,5.0,15.1,9.5,13.8,17.4,17.2,17.7,,,,,,1.9,2.7,,,,2024,10,44,302,0,0,1,0
257,양산시,2024-10-29,17.3,12.6,2356,22.0,1530,,,,,,,9.9,50,331,4.7,70,923,2.6,2285,70,11.6,55.0,937.0,70.6,13.7,1016.9,1019.3,2206,1016.1,1335,1017.6,10.8,3.8,900.0,1.78,10.68,,,,,,6.9,3.3,14.3,7.0,13.2,17.2,16.9,17.4,,,,,,2.1,3.0,,,,2024,10,44,303,0,0,1,0
257,양산시,2024-10-30,16.6,10.7,636,24.7,1441,,,,,,,6.7,110,1625,3.2,110,1557,1.0,898,50,11.1,34.0,1518.0,74.4,13.3,1020.5,1024.0,2306,1019.1,58,1021.3,10.8,8.8,1200.0,2.34,14.52,,,,,,3.4,0.0,13.4,4.8,12.3,16.8,16.5,17.0,,,,,,2.9,4.2,,,,2024,10,44,304,0,0,1,0
257,양산시,2024-10-31,18.0,12.7,154,23.5,1317,,,,,,,7.6,110,1606,3.7,50,921,1.7,1481,50,12.8,54.0,1410.0,72.8,14.8,1021.3,1023.9,236,1020.3,1549,1022.1,10.8,2.4,1300.0,1.9,8.88,,,,,,8.5,1.3,15.0,8.7,13.4,17.1,16.7,17.0,,,,,,1.6,2.3,,,,2024,10,44,305,0,0,1,0
257,양산시,2024-11-01,15.4,14.4,1209,16.3,2144,,,,,,41.0,10.1,50,2215,4.9,70,2216,1.6,1399,50,14.9,87.0,2.0,97.3,17.0,1017.8,1023.1,1024,1012.9,2316,1018.6,10.7,0.0,1300.0,0.41,1.67,,,,,,10.0,3.4,13.9,11.5,12.8,16.6,16.4,16.9,,,,,,0.5,0.7,,,,2024,11,44,306,0,0,1,1
257,양산시,2024-11-02,18.0,15.7,2359,21.8,1346,,,,,,22.2,15.3,50,902,7.1,70,904,3.1,2699,50,15.2,63.0,1350.0,84.5,17.2,1014.7,1022.1,2317,1009.4,640,1015.4,10.7,1.5,1300.0,1.52,6.77,,,,,,6.0,4.8,15.4,10.8,13.5,17.2,16.6,16.6,,,,,,1.5,2.1,,,,2024,11,44,307,0,0,1,1
257,양산시,2024-11-03,16.1,11.5,2354,23.2,1420,,,,,,,8.1,50,1105,3.5,50,906,1.2,1064,70,11.9,45.0,1350.0,78.8,13.9,1021.1,1024.0,820,1020.2,1540,1021.8,10.7,7.8,1200.0,2.26,13.11,,,,,,0.8,0.8,14.2,7.0,13.0,16.6,16.2,16.5,,,,,,2.4,3.5,,,,2024,11,44,308,0,0,1,0
257,양산시,2024-11-04,15.6,10.5,538,23.0,1506,,,,,,,4.9,250,1439,2.6,290,1535,1.0,884,270,12.5,51.0,1451.0,84.3,14.5,1018.5,1021.1,1,1017.0,1547,1019.3,10.6,6.4,1300.0,2.04,11.62,,,,,,3.6,2.4,14.0,6.3,12.4,16.0,15.7,16.2,,,,,,2.0,2.9,,,,2024,11,45,309,0,0,1,0
257,양산시,2024-11-05,14.3,10.4,633,19.9,1417,,,,,,,7.3,20,2129,3.2,70,1951,1.2,1008,250,7.3,43.0,1946.0,64.8,10.4,1017.6,1020.2,816,1015.7,1527,1018.4,10.6,3.9,1300.0,1.89,9.49,,,,,,4.0,3.0,13.1,5.4,12.1,15.7,15.5,16.1,,,,,,2.4,3.4,,,,2024,11,45,310,0,0,1,0
257,양산시,2024-11-06,11.3,5.5,719,17.5,1404,,,,,,,7.5,320,1428,3.7,320,1429,1.7,1501,320,-3.3,14.0,1332.0,38.9,4.9,1023.0,1027.8,2308,1019.6,1,1023.8,10.6,8.7,1200.0,2.45,15.31,,,,,,0.0,0.0,8.9,-0.6,9.5,13.0,13.4,14.9,,,,,,3.5,5.0,,,,2024,11,45,311,0,0,1,0
257,양산시,2024-11-07,12.0,4.2,518,20.7,1304,,,,,,,7.0,110,1513,3.4,110,1515,1.0,890,50,6.7,48.0,1158.0,71.8,10.2,1027.5,1029.8,807,1026.9,1407,1028.3,10.6,5.6,1200.0,2.45,11.27,,,,,,3.4,0.8,8.5,-0.2,8.6,12.1,12.4,13.7,,,,,,1.8,2.6,,,,2024,11,45,312,0,0,1,0
257,양산시,2024-11-08,14.3,9.4,643,20.4,1213,,,,,,,6.0,110,1541,3.1,110,1435,0.9,751,50,10.4,50.0,1306.0,80.0,12.6,1026.5,1029.2,3,1025.5,1331,1027.3,10.5,6.3,1200.0,1.98,10.03,,,,,,5.5,2.1,11.8,5.0,10.6,13.8,13.5,14.0,,,,,,1.7,2.4,,,,2024,11,45,313,0,0,1,0
257,양산시,2024-11-09,15.3,8.9,701,21.7,1346,,,,,,,8.1,50,1015,4.1,50,1126,1.7,1450,70,10.4,45.0,1506.0,75.3,12.7,1024.5,1026.8,125,1024.0,1416,1025.3,10.5,5.3,1000.0,1.93,10.28,,,,,,4.8,0.3,11.5,4.1,10.5,13.9,13.7,14.2,,,,,,2.0,2.8,,,,2024,11,45,314,0,0,1,0
257,양산시,2024-11-10,15.2,11.5,456,20.9,1433,,,,,,,4.8,70,4,2.9,50,9,0.8,711,50,12.1,57.0,1222.0,83.4,14.2,1020.5,1024.2,1,1018.8,1521,1021.2,10.5,0.2,1200.0,0.94,5.4,,,,,,8.6,3.9,12.4,6.1,10.7,14.8,14.4,14.6,,,,,,1.0,1.4,,,,2024,11,45,315,0,0,1,0
257,양산시,2024-11-11,15.4,8.8,606,23.5,1310,,,,,,,8.2,70,1239,3.4,70,1241,1.0,868,90,11.3,45.0,1503.0,80.3,13.5,1018.2,1021.0,905,1017.1,1514,1018.9,10.4,6.1,1100.0,2.12,11.37,,,,,,1.8,1.3,11.6,2.3,10.3,14.5,14.2,14.6,,,,,,1.9,2.7,,,,2024,11,46,316,0,0,1,0
257,양산시,2024-11-12,14.5,9.7,2354,22.6,1421,,,,,,,5.9,320,1249,3.2,290,1249,1.1,988,320,9.9,39.0,1633.0,77.9,12.3,1017.1,1020.2,2353,1015.7,1345,1017.8,10.4,8.5,1200.0,2.04,12.37,,,,,,0.6,0.0,12.3,3.4,11.0,14.6,14.3,14.7,,,,,,2.3,3.2,,,,2024,11,46,317,0,0,1,0
257,양산시,2024-11-13,14.5,8.7,422,21.6,1241,,,,,,,9.4,160,1417,3.6,90,1259,1.5,1255,90,9.2,50.0,1225.0,73.1,11.7,1021.2,1023.4,2006,1020.2,1,1022.0,10.4,6.0,1000.0,1.93,10.42,,,,,,3.1,1.8,10.4,3.9,10.1,13.9,13.7,14.4,,,,,,2.1,3.0,,,,2024,11,46,318,0,0,1,0
257,양산시,2024-11-14,15.0,9.2,657,21.7,1325,,,,,,,7.2,50,1036,3.2,360,944,0.9,817,70,10.5,49.0,1230.0,76.5,12.7,1019.6,1023.1,23,1018.2,1644,1020.4,10.3,2.8,1200.0,1.79,9.09,,,,,,7.1,4.8,11.9,3.2,10.4,14.4,14.0,14.3,,,,,,1.6,2.3,,,,2024,11,46,319,0,0,1,0
257,양산시,2024-11-15,17.2,13.6,5,21.4,1337,,,,,,0.0,8.7,50,2253,3.3,50,2050,1.3,1100,50,12.7,48.0,1339.0,76.0,14.7,1017.5,1019.6,1023,1016.7,1447,1018.2,10.3,0.5,1300.0,1.06,4.79,,,,,,9.1,4.4,14.1,10.0,12.2,15.5,15.0,14.9,,,,,,1.4,2.0,,,,2024,11,46,320,0,0,1,0
257,양산시,2024-11-16,18.8,14.4,2316,24.6,1449,,,,,,,5.8,50,1005,3.3,230,1625,1.6,1379,50,13.7,46.0,1503.0,74.0,15.7,1014.9,1018.6,251,1012.4,1516,1015.6,10.3,6.8,1300.0,1.82,10.88,,,,,,3.1,2.3,15.6,9.7,13.2,16.7,15.9,15.5,,,,,,2.2,3.1,,,,2024,11,46,321,0,0,1,0
257,양산시,2024-11-17,14.6,9.4,2215,20.1,1106,,,,,,,8.7,320,1219,4.2,320,1228,1.7,1442,320,5.6,29.0,1915.0,58.9,10.0,1017.3,1023.3,2327,1013.3,114,1018.1,10.3,0.1,1100.0,0.9,3.76,,,,,,7.8,4.3,12.0,4.9,11.6,15.1,15.0,15.5,,,,,,1.8,2.6,,,,2024,11,46,322,0,0,1,0
257,양산시,2024-11-18,8.7,3.3,725,12.8,1308,,,,,,,9.6,50,2228,4.6,70,1452,2.3,2009,70,-3.6,25.0,1406.0,43.3,4.8,1027.6,1030.9,2210,1023.2,1,1028.4,10.2,8.1,1200.0,2.21,13.45,,,,,,0.0,0.0,6.6,-4.1,8.1,11.4,11.9,13.7,,,,,,3.0,4.2,,,,2024,11,47,323,0,0,0,0
257,양산시,2024-11-19,10.5,7.3,555,14.5,1252,,,,,,,8.1,50,201,3.5,50,1025,2.0,1736,70,3.9,50.0,1242.0,64.5,8.1,1027.7,1031.8,830,1025.6,2345,1028.5,10.2,3.3,1000.0,1.74,9.18,,,,,,5.5,3.8,7.6,1.5,7.6,11.1,11.2,12.5,,,,,,1.4,2.1,,,,2024,11,47,324,0,0,1,0
257,양산시,2024-11-20,10.0,4.7,620,17.2,1249,,,,,,,4.5,270,1403,2.8,270,1403,1.0,880,160,2.7,29.0,1345.0,64.1,7.5,1021.6,1025.7,1,1020.0,1422,1022.4,10.2,7.1,1200.0,2.53,11.94,,,,,,3.5,1.8,7.8,-0.4,7.8,11.2,11.2,12.3,,,,,,2.2,3.2,,,,2024,11,47,325,0,0,1,0
257,양산시,2024-11-21,10.6,6.4,2358,17.5,1341,,,,,,,7.1,290,1435,3.7,290,1444,1.5,1286,200,4.5,37.0,1503.0,69.4,8.4,1018.9,1021.4,908,1017.8,1357,1019.6,10.2,7.5,1200.0,2.01,11.8,,,,,,0.3,0.3,7.7,-0.6,7.2,11.0,11.1,12.0,,,,,,2.2,3.1,,,,2024,11,47,326,0,0,1,0
257,양산시,2024-11-22,9.5,4.4,647,16.3,1459,,,,,,,6.4,320,1315,3.5,320,1253,1.4,1170,290,0.6,20.0,1607.0,60.4,6.6,1020.0,1023.8,2328,1018.9,458,1020.8,10.1,7.9,1200.0,2.1,12.3,,,,,,0.0,0.0,5.1,-2.2,5.3,10.1,10.4,11.5,,,,,,2.6,3.8,,,,2024,11,47,327,0,0,0,0
257,양산시,2024-11-23,10.6,7.6,503,15.9,1328,,,,,,,9.5,50,1645,4.2,50,1648,2.7,2367,70,2.6,41.0,1344.0,59.0,7.4,1025.1,1027.8,2252,1023.7,1,1025.9,10.1,6.9,1100.0,2.0,11.68,,,,,,3.9,1.5,6.4,0.6,6.1,10.2,10.1,11.1,,,,,,2.4,3.4,,,,2024,11,47,328,0,0,1,0
257,양산시,2024-11-24,10.9,6.3,2315,16.5,1424,,,,,,,6.7,50,31,3.5,50,37,1.6,1412,50,5.3,45.0,1305.0,70.4,8.9,1027.7,1029.7,2105,1026.8,1434,1028.5,10.1,3.2,1000.0,1.56,8.35,,,,,,3.6,3.4,7.6,-0.4,7.3,10.9,10.8,11.4,,,,,,1.3,1.8,,,,2024,11,47,329,0,0,1,0
257,양산시,2024-11-25,11.3,4.6,633,17.3,1111,,,,,,0.0,8.5,50,1614,4.0,50,1743,1.4,1192,50,6.1,47.0,1504.0,73.0,9.5,1024.4,1029.4,149,1017.9,2357,1025.2,10.1,4.9,1100.0,2.06,9.53,,,,,,5.8,2.0,7.4,-1.5,6.5,10.3,10.4,11.2,,,,,,1.7,2.4,,,,2024,11,48,330,0,0,1,0
257,양산시,2024-11-26,11.6,7.1,2349,15.4,333,,,,,,25.7,12.4,250,1344,7.1,270,1228,2.7,2358,270,4.9,34.0,1351.0,66.9,9.5,1011.0,1018.1,4,1008.1,619,1011.8,10.1,4.0,1300.0,2.04,7.66,,,,,,6.6,2.4,9.0,1.8,8.1,12.0,11.6,11.9,,,,,,2.1,3.0,,,,2024,11,48,331,0,0,1,1
257,양산시,2024-11-27,6.2,3.3,2238,9.5,1049,,,,,,0.0,12.4,250,1734,6.2,270,1301,2.5,2178,270,-1.2,42.0,1749.0,59.8,5.6,1011.9,1014.5,2252,1010.3,1425,1012.7,10.0,2.2,1000.0,1.46,6.75,,,,,,6.9,5.1,3.8,-1.9,4.7,8.4,9.1,10.7,,,,,,1.4,2.0,,,,2024,11,48,332,0,0,0,0
257,양산시,2024-11-28,6.5,1.1,603,11.6,1414,,,,,,0.0,11.8,270,1239,6.0,270,1247,2.6,2237,270,-1.1,41.0,1149.0,59.8,5.6,1010.5,1014.5,1,1008.9,1513,1011.3,10.0,4.8,1100.0,1.45,8.58,,,,,,2.9,1.6,3.2,-3.8,4.2,7.1,7.7,9.3,,,,,,1.9,2.7,,,,2024,11,48,333,0,0,0,0
257,양산시,2024-11-29,6.6,4.2,726,9.9,1513,,,,,,,8.6,270,1607,4.7,270,1544,2.1,1851,270,-0.4,44.0,1515.0,61.1,5.9,1010.8,1013.4,2155,1009.6,1534,1011.6,10.0,3.4,1000.0,1.49,7.26,,,,,,6.1,4.3,4.4,-1.3,4.8,7.1,7.5,8.9,,,,,,1.4,2.0,,,,2024,11,48,334,0,0,0,0
257,양산시,2024-11-30,8.4,2.7,410,14.3,1421,,,,,,,10.0,320,805,4.1,290,808,1.8,1531,290,-0.6,31.0,1213.0,56.0,5.9,1014.1,1016.8,2357,1012.8,235,1014.9,10.0,7.0,1200.0,2.04,11.9,,,,,,0.6,0.3,4.2,-2.4,4.4,7.5,7.6,8.6,,,,,,2.0,2.9,,,,2024,11,48,335,0,0,0,0
257,양산시,2024-12-01,8.6,1.9,706,16.6,1503,,,,,,,4.6,200,1350,2.7,270,1433,1.0,877,180,3.5,34.0,1422.0,73.9,7.9,1015.5,1018.2,952,1014.6,1545,1016.3,10.0,7.4,1100.0,1.85,10.56,,,,,,2.5,0.5,5.2,-4.0,4.8,8.0,7.9,8.7,,,,,,1.7,2.5,,,,2024,12,48,336,0,0,0,0
257,양산시,2024-12-02,11.1,4.0,636,19.4,1441,,,,,,,8.7,230,1352,4.7,200,1235,1.6,1356,200,6.3,37.0,1451.0,76.3,9.6,1014.9,1016.9,845,1013.4,1412,1015.6,9.9,7.1,1200.0,1.92,10.52,,,,,,0.0,0.0,6.4,-1.1,5.7,9.1,8.7,9.2,,,,,,2.1,3.1,,,,2024,12,49,337,0,0,1,0
257,양산시,2024-12-03,9.0,5.6,2357,13.9,1328,,,,,,,8.1,20,2028,3.7,50,2040,1.8,1581,290,-5.5,16.0,1436.0,41.0,4.5,1019.0,1023.0,2353,1016.8,1,1019.8,9.9,5.7,1200.0,2.02,10.53,,,,,,5.6,0.3,5.2,-1.0,5.5,8.7,8.7,9.4,,,,,,2.6,3.7,,,,2024,12,49,338,0,0,0,0
257,양산시,2024-12-04,5.8,2.2,2328,11.6,1449,,,,,,,7.2,290,1203,4.0,290,1149,1.6,1412,200,-2.9,31.0,2.0,54.4,5.0,1019.2,1023.1,13,1017.5,1543,1020.0,9.9,7.6,1200.0,1.94,11.29,,,,,,1.4,0.0,0.1,-4.5,,,,8.6,,,,,,1.8,2.6,,,,2024,12,49,339,0,0,0,0
257,양산시,2024-12-05,7.2,2.4,1,11.6,1406,,,,,,,12.6,270,1449,6.9,270,1456,2.6,2263,270,-1.1,40.0,1503.0,55.8,5.6,1015.5,1018.5,1,1014.7,1338,1016.3,9.9,5.5,1400.0,1.63,9.12,,,,,,3.3,1.3,2.2,-4.4,6.4,6.6,6.4,8.0,,,,,,2.0,2.9,,,,2024,12,49,340,0,0,0,0
257,양산시,2024-12-06,8.0,4.0,539,11.9,1149,,,,,,,9.2,270,1347,5.0,270,1349,2.0,1760,270,-2.3,36.0,1828.0,48.6,5.2,1017.7,1021.6,2332,1015.8,56,1018.5,9.9,6.5,1100.0,1.76,9.58,,,,,,3.3,1.4,2.2,-3.0,6.7,6.8,6.6,7.9,,,,,,1.9,2.7,,,,2024,12,49,341,0,0,0,0
257,양산시,2024-12-07,5.6,1.8,711,9.7,1356,,,,,,,8.0,290,1419,4.7,270,1443,1.9,1647,270,-4.5,36.0,1402.0,48.4,4.4,1021.1,1024.3,950,1020.4,1449,1021.9,9.9,6.8,1200.0,1.94,11.03,,,,,,3.9,1.1,1.7,-4.7,6.6,5.9,5.9,7.5,,,,,,2.1,2.9,,,,2024,12,49,342,0,0,0,0
257,양산시,2024-12-08,4.4,0.7,2316,9.7,1441,,,,,,,8.8,320,1307,4.7,290,1304,2.1,1811,290,-9.8,17.0,1543.0,36.5,3.0,1022.3,1024.8,2149,1021.3,18,1023.1,9.9,7.5,1200.0,2.03,11.81,,,,,,0.0,0.0,-0.1,-5.0,5.1,4.9,4.9,6.9,,,,,,2.3,3.3,,,,2024,12,49,343,0,0,0,0
257,양산시,2024-12-09,4.8,-1.1,725,10.3,1404,,,,,,,6.1,320,1156,3.3,320,1210,1.5,1304,160,-5.2,32.0,1503.0,49.3,4.2,1022.0,1025.1,700,1020.6,1541,1022.8,9.9,7.5,1200.0,1.97,11.15,,,,,,3.0,0.3,0.1,-5.8,4.4,4.4,4.3,6.2,,,,,,1.8,2.6,,,,2024,12,50,344,0,0,0,0
257,양산시,2024-12-10,5.6,0.8,2334,12.5,1422,,,,,,,6.4,250,1332,2.7,250,1102,1.2,1028,160,-4.0,23.0,1455.0,53.3,4.6,1020.5,1023.0,851,1019.7,1437,1021.3,9.8,7.5,1200.0,1.98,11.39,,,,,,1.8,0.5,1.1,-5.6,5.7,5.0,4.8,6.2,,,,,,1.8,2.6,,,,2024,12,50,345,0,0,0,0
257,양산시,2024-12-11,6.0,0.4,340,12.9,1453,,,,,,,6.4,70,1954,2.9,320,1408,1.2,1069,70,-1.5,36.0,1244.0,60.3,5.5,1019.2,1021.9,28,1016.9,1426,1020.0,9.8,6.9,1200.0,1.84,9.52,,,,,,4.3,2.3,2.9,-4.3,6.8,5.3,4.9,6.1,,,,,,1.5,2.1,,,,2024,12,50,346,0,0,0,0
257,양산시,2024-12-12,5.1,0.5,435,12.0,1359,,,,,,,6.8,290,1502,3.7,290,1508,1.4,1236,200,-6.3,15.0,1456.0,50.4,4.1,1020.7,1023.2,944,1018.9,1344,1021.5,9.8,7.1,1200.0,1.96,10.75,,,,,,2.4,0.8,1.1,-4.8,5.7,5.1,4.9,6.2,,,,,,2.2,3.2,,,,2024,12,50,347,0,0,0,0
257,양산시,2024-12-13,5.2,0.6,634,9.4,1527,,,,,,,8.9,320,2330,4.1,320,1759,1.8,1532,320,-9.4,23.0,228.0,34.8,3.1,1018.4,1021.6,131,1015.7,1529,1019.2,9.8,3.6,1300.0,1.43,7.07,,,,,,4.8,3.1,1.6,-4.9,6.1,4.7,4.5,6.0,,,,,,1.8,2.6,,,,2024,12,50,348,0,0,0,0
257,양산시,2024-12-14,3.7,0.0,715,7.8,1457,,,,,,,9.9,320,1226,5.6,290,1413,2.5,2117,290,-10.0,21.0,1519.0,36.8,2.9,1021.6,1025.0,927,1020.5,1605,1022.4,9.8,7.7,1200.0,1.99,11.55,,,,,,0.0,0.0,-0.5,-4.9,4.1,3.7,3.7,5.5,,,,,,2.0,2.8,,,,2024,12,50,349,0,0,0,0
257,양산시,2024-12-15,4.4,-1.3,536,9.5,1408,,,,,,,10.3,250,1437,6.0,270,1511,2.3,1954,270,-2.9,37.0,1402.0,60.3,5.0,1019.1,1022.7,1,1017.9,1615,1019.9,9.8,4.6,1300.0,1.42,8.27,,,,,,4.1,2.5,-0.4,-6.9,3.4,3.7,3.5,5.0,,,,,,1.7,2.5,,,,2024,12,50,350,0,0,0,0
257,양산시,2024-12-16,4.2,0.1,708,10.2,1509,,,,,,,8.5,290,1203,4.7,290,1204,1.5,1330,160,-5.3,28.0,1446.0,52.4,4.2,1020.1,1022.9,949,1019.2,1421,1020.9,9.8,7.7,1200.0,1.97,11.25,,,,,,0.4,0.3,1.0,-5.5,5.1,4.2,4.0,5.2,,,,,,1.8,2.6,,,,2024,12,51,351,0,0,0,0
257,양산시,2024-12-17,3.5,-1.2,2359,9.9,1408,,,,,,,7.4,290,1317,4.3,270,1309,1.2,1035,320,-5.6,25.0,1152.0,56.0,4.1,1022.3,1024.8,950,1021.6,1,1023.1,9.8,7.7,1200.0,1.98,11.23,,,,,,2.1,0.4,1.1,-6.3,4.8,3.7,3.5,5.0,,,,,,2.0,2.8,,,,2024,12,51,352,0,0,0,0
257,양산시,2024-12-18,1.8,-2.2,330,6.8,1415,,,,,,,8.5,70,1825,4.7,290,1148,1.9,1637,290,-8.9,24.0,1533.0,49.0,3.2,1022.0,1024.9,2356,1020.0,1426,1022.8,9.8,7.7,1200.0,1.99,11.45,,,,,,0.0,0.0,-1.0,-7.4,3.2,2.8,2.6,4.5,,,,,,2.2,3.1,,,,2024,12,51,353,0,0,0,0
257,양산시,2024-12-19,2.5,-1.8,743,9.7,1454,,,,,,,5.0,290,1323,3.2,270,1316,1.4,1203,180,-8.2,25.0,1411.0,46.8,3.3,1026.0,1029.4,948,1024.6,32,1026.8,9.8,7.7,1200.0,1.96,11.26,,,,,,2.8,0.9,-0.8,-6.2,2.9,2.6,2.3,4.1,,,,,,1.7,2.4,,,,2024,12,51,354,0,0,0,0
257,양산시,2024-12-20,4.3,-0.6,710,11.4,1249,,,,,,,7.4,90,1405,4.2,320,1358,1.5,1291,200,-5.0,25.0,1530.0,53.6,4.2,1020.8,1025.9,1,1019.0,1517,1021.6,9.8,3.6,1100.0,1.76,7.58,,,,,,7.0,2.0,0.0,-6.1,3.0,3.0,2.8,4.1,,,,,,1.3,1.8,,,,2024,12,51,355,0,0,0,0
257,양산시,2024-12-21,3.5,-0.8,333,8.3,1256,,,,,,,11.6,320,1354,6.9,270,1115,2.8,2459,290,-4.1,35.0,1253.0,58.9,4.6,1016.0,1019.8,2347,1014.1,1308,1016.8,9.8,3.2,1200.0,1.68,6.89,,,,,,6.3,3.1,-0.6,-5.8,3.1,3.2,3.0,4.3,,,,,,1.8,2.5,,,,2024,12,51,356,0,0,0,0
257,양산시,2024-12-22,2.2,-1.5,702,7.8,1439,,,,,,,9.5,20,1749,5.0,50,1745,2.8,2396,320,-13.2,15.0,1434.0,32.1,2.2,1022.5,1025.2,2207,1019.5,51,1023.3,9.8,7.8,1200.0,2.04,11.8,,,,,,1.1,0.0,-0.7,-6.2,3.5,2.5,2.3,4.0,,,,,,2.8,4.0,,,,2024,12,51,357,0,0,0,0
257,양산시,2024-12-23,4.8,-0.3,333,10.3,1341,,,,,,,13.5,20,729,6.9,320,744,2.8,2462,320,-7.2,29.0,559.0,42.6,3.7,1023.5,1026.3,902,1022.4,1331,1024.3,9.8,7.7,1100.0,1.9,10.89,,,,,,3.8,0.6,0.9,-6.4,4.1,2.9,2.6,3.7,,,,,,2.0,2.8,,,,2024,12,52,358,0,0,0,0
257,양산시,2024-12-24,3.5,-1.6,705,10.9,1514,,,,,,,5.5,290,1017,3.2,250,929,1.4,1231,230,-7.6,18.0,1437.0,48.4,3.5,1025.2,1028.3,2124,1024.3,112,1026.0,9.8,7.8,1200.0,1.99,11.48,,,,,,0.4,0.0,0.5,-8.0,4.2,2.9,2.6,3.9,,,,,,1.9,2.7,,,,2024,12,52,359,0,0,0,0
257,양산시,2024-12-25,4.8,-1.3,28,10.6,1520,,,,,,,6.7,270,1150,4.3,270,1311,1.6,1408,200,-4.1,30.0,1451.0,54.1,4.5,1023.3,1028.0,6,1020.6,1553,1024.1,9.8,7.3,1200.0,1.87,10.53,,,,,,5.6,0.8,1.7,-6.7,4.4,3.3,2.9,3.8,,,,,,1.8,2.5,,,,2024,12,52,360,0,0,0,0
257,양산시,2024-12-26,5.6,1.3,704,10.5,1402,,,,,,,8.7,270,1422,4.9,320,2354,2.3,1985,290,-4.9,23.0,1628.0,49.9,4.4,1020.4,1022.8,2311,1018.3,1454,1021.2,9.8,5.9,1200.0,1.56,8.62,,,,,,3.3,0.0,1.4,-4.4,4.6,3.8,3.5,4.3,,,,,,2.1,3.1,,,,2024,12,52,361,0,0,0,0
257,양산시,2024-12-27,2.5,-0.4,2134,6.0,1506,,,,,,,10.1,290,1118,5.9,290,1113,2.7,2352,290,-9.0,27.0,1304.0,43.3,3.1,1022.4,1026.1,1022,1020.8,2350,1023.2,9.8,7.7,1200.0,1.97,11.1,,,,,,1.1,0.8,-1.1,-6.8,2.9,2.7,2.7,4.1,,,,,,2.0,2.8,,,,2024,12,52,362,0,0,0,0
257,양산시,2024-12-28,1.9,-0.8,734,5.3,1532,,,,,,,12.4,290,1427,6.2,290,1434,2.7,2326,290,-8.5,27.0,1556.0,47.6,3.3,1020.9,1023.6,2353,1020.1,1508,1021.7,9.8,7.5,1200.0,1.97,11.15,,,,,,1.3,0.4,-1.1,-6.0,2.8,2.4,2.2,3.6,,,,,,1.9,2.8,,,,2024,12,52,363,0,0,0,0
257,양산시,2024-12-29,2.8,-2.3,616,9.6,1445,,,,,,,7.8,110,1412,4.0,270,1519,1.8,1515,230,-4.5,38.0,1406.0,60.0,4.4,1023.9,1026.4,845,1023.1,1620,1024.7,9.8,7.7,1200.0,1.95,11.24,,,,,,2.3,0.0,-0.4,-6.7,3.0,2.3,2.0,3.3,,,,,,1.5,2.1,,,,2024,12,52,364,0,0,0,0
257,양산시,2024-12-30,6.8,-0.8,126,12.7,1428,,,,,,,7.7,290,1244,4.7,290,1324,2.1,1812,230,-0.3,40.0,1431.0,62.4,6.0,1018.6,1024.2,51,1015.1,2356,1019.4,9.8,5.1,1200.0,1.81,8.7,,,,,,7.4,3.0,3.1,-5.4,4.8,3.7,3.2,3.7,,,,,,1.8,2.6,,,,2024,12,1,365,0,0,0,0
257,양산시,2024-12-31,5.8,-0.9,2248,9.9,1347,,,,,,,12.7,320,925,5.5,290,1548,2.4,2063,290,-10.9,12.0,1344.0,32.8,3.0,1016.9,1021.2,2352,1013.8,355,1017.7,9.8,7.7,1200.0,2.06,11.85,,,,,,0.0,0.0,2.3,-7.9,5.8,4.6,4.2,4.7,,,,,,2.8,4.0,,,,2024,12,1,366,0,0,0,0
257,양산시,2025-01-01,3.0,-2.7,518,10.5,1400,,,,,,,6.1,250,1415,3.9,290,1512,1.4,1210,200,-7.0,31.0,1310.0,50.8,3.7,1021.0,1023.6,911,1019.9,1436,1021.8,9.8,7.7,1200.0,1.97,11.37,,,,,,0.0,0.0,0.5,-8.9,4.1,2.7,2.4,3.9,,,,,,1.7,2.5,,,,2025,1,1,1,0,0,0,0
257,양산시,2025-01-02,4.1,-1.2,508,12.0,1446,,,,,,,4.6,320,1700,2.4,230,244,1.2,1065,230,-6.7,18.0,1253.0,50.8,3.8,1021.4,1023.5,919,1020.3,1416,1022.2,9.8,7.5,1200.0,1.91,10.92,,,,,,1.5,0.5,1.1,-6.9,4.2,2.8,2.5,3.6,,,,,,2.0,2.9,,,,2025,1,1,2,0,0,0,0
257,양산시,2025-01-03,2.0,-1.9,2132,6.0,1512,,,,,,,10.3,340,956,4.9,340,1024,1.9,1683,200,-12.9,13.0,1225.0,34.1,2.3,1023.5,1025.7,2148,1022.2,58,1024.3,9.9,7.5,1200.0,2.07,11.92,,,,,,1.6,1.0,0.2,-7.9,3.8,2.4,2.2,3.6,,,,,,1.9,2.7,,,,2025,1,1,3,0,0,0,0
257,양산시,2025-01-04,1.0,-4.0,617,8.4,1441,,,,,,,6.5,320,1256,3.7,320,1304,1.4,1177,200,-8.0,22.0,1408.0,54.9,3.4,1024.7,1026.6,1959,1024.4,1356,1025.5,9.9,7.5,1200.0,2.02,11.74,,,,,,0.0,0.0,0.1,-8.9,3.4,1.7,1.4,3.1,,,,,,1.7,2.4,,,,2025,1,1,4,0,0,0,0
257,양산시,2025-01-05,3.4,-3.1,150,8.9,1341,,,,,,0.1,4.7,180,1328,2.7,200,1330,0.9,813,230,-2.9,36.0,1231.0,65.3,5.2,1020.5,1025.3,3,1017.3,2359,1021.3,9.9,0.6,1300.0,1.05,4.42,,,,,,9.3,6.0,0.5,-8.7,2.9,2.1,1.7,2.8,,,,,,0.7,1.0,,,,2025,1,1,5,0,0,0,0
257,양산시,2025-01-06,4.4,-0.6,701,10.9,1332,,,,,,,11.2,320,2105,5.9,270,1419,2.0,1759,320,-1.9,38.0,2041.0,67.8,5.5,1013.9,1017.3,1,1011.4,1406,1014.7,9.9,6.2,1300.0,1.62,9.01,,,,,,2.1,1.5,1.5,-5.9,4.2,3.8,3.4,3.6,,,,,,1.9,2.7,,,,2025,1,2,6,0,0,0,0
257,양산시,2025-01-07,1.9,-0.9,2352,6.6,1450,,,,,,,10.4,50,206,5.9,270,1647,3.2,2741,270,-9.8,28.0,1245.0,42.4,3.0,1016.4,1019.3,2351,1014.8,1427,1017.2,9.9,5.9,1200.0,2.04,10.69,,,,,,1.5,1.1,-0.8,-7.1,2.5,2.6,2.4,3.6,,,,,,1.8,2.6,,,,2025,1,2,7,0,0,0,0
257,양산시,2025-01-08,2.5,-2.7,401,7.8,1356,,,,,,0.0,10.1,290,1556,5.9,270,1605,2.4,2058,270,-5.5,32.0,1336.0,57.5,4.1,1017.9,1021.1,838,1016.1,1618,1018.7,9.9,5.5,1200.0,2.01,9.89,,,,,,3.8,2.3,-1.8,-8.1,1.7,2.3,2.0,3.2,,,,,,2.0,2.8,,,,2025,1,2,8,0,0,0,0
257,양산시,2025-01-09,-3.2,-8.0,2400,1.1,1,,,,,,,13.5,20,1830,6.2,320,1634,3.4,2953,290,-15.5,23.0,1558.0,39.1,1.9,1021.8,1027.0,2359,1018.4,59,1022.6,9.9,7.1,1400.0,1.84,11.23,,,,,,3.0,2.6,-2.8,-10.1,1.3,1.4,1.3,3.1,,,,,,1.7,2.4,,,,2025,1,2,9,0,0,0,0
257,양산시,2025-01-10,-3.4,-9.2,311,2.5,1441,,,,,,,8.7,160,1205,4.8,290,1525,2.6,2228,200,-16.8,23.0,1427.0,35.4,1.7,1028.4,1030.4,2308,1026.9,4,1029.2,10.0,7.6,1200.0,2.12,12.45,,,,,,0.0,0.0,-4.6,-12.2,0.3,-0.4,-0.3,2.0,,,,,,1.7,2.4,,,,2025,1,2,10,0,0,0,0
257,양산시,2025-01-11,0.5,-3.3,202,4.4,1507,,,,,,,10.1,20,418,5.5,340,419,2.3,2003,290,-9.8,32.0,1501.0,46.5,2.9,1026.1,1030.0,1,1024.6,1945,1026.9,10.0,6.6,1200.0,2.1,11.7,,,,,,3.0,0.9,-3.2,-8.5,-0.1,-0.2,-0.3,1.6,,,,,,1.7,2.4,,,,2025,1,2,11,0,0,0,0
257,양산시,2025-01-12,1.7,-3.2,656,5.8,1510,,,,,,,10.1,290,1328,6.2,290,1408,2.6,2217,180,-9.8,24.0,1550.0,43.8,2.9,1021.5,1024.6,1,1019.1,1432,1022.3,10.0,7.7,1200.0,2.06,12.14,,,,,,0.1,0.0,-2.2,-8.0,0.7,0.2,0.0,1.6,,,,,,2.0,2.8,,,,2025,1,2,12,0,0,0,0
257,양산시,2025-01-13,1.9,-2.4,2358,8.3,1507,,,,,,,7.2,320,1042,3.9,320,1041,1.8,1541,200,-8.1,22.0,1213.0,50.9,3.4,1024.2,1027.0,1027,1023.6,1415,1025.0,10.0,7.7,1200.0,2.11,12.21,,,,,,0.0,0.0,-1.8,-7.9,1.1,1.2,0.6,1.8,,,,,,1.7,2.5,,,,2025,1,3,13,0,0,0,0
257,양산시,2025-01-14,4.1,-3.7,649,12.7,1511,,,,,,,8.3,270,1436,5.0,270,1437,1.7,1488,230,-3.4,29.0,1556.0,60.9,4.8,1022.6,1026.3,156,1020.8,1528,1023.4,10.0,7.6,1200.0,1.85,10.57,,,,,,0.5,0.0,-0.3,-8.6,1.8,1.6,1.1,2.0,,,,,,2.1,3.0,,,,2025,1,3,14,0,0,0,0
257,양산시,2025-01-15,2.1,-1.3,2357,6.3,5,,,,,,,10.3,320,743,5.7,290,1336,2.9,2497,290,-14.1,16.0,1231.0,30.5,2.2,1024.4,1027.1,945,1022.8,345,1025.2,10.1,7.7,1200.0,2.2,13.06,,,,,,1.1,0.1,0.5,-7.5,3.0,2.1,1.8,2.6,,,,,,2.3,3.3,,,,2025,1,3,15,0,0,0,0
257,양산시,2025-01-16,1.8,-2.3,426,7.9,1600,,,,,,,10.0,290,1242,5.0,270,1334,2.2,1911,270,-7.5,34.0,7.0,51.3,3.5,1022.8,1026.7,1,1020.6,1435,1023.6,10.1,7.2,1200.0,2.13,12.35,,,,,,0.0,0.0,0.4,-7.0,2.8,1.5,1.0,2.3,,,,,,1.6,2.3,,,,2025,1,3,16,0,0,0,0
257,양산시,2025-01-17,1.6,-4.0,639,9.7,1512,,,,,,,4.2,200,1343,2.5,230,1349,0.8,680,230,-5.4,31.0,1425.0,63.6,4.1,1024.3,1026.6,858,1023.4,1420,1025.1,10.1,7.7,1200.0,2.02,12.16,,,,,,0.0,0.0,-0.3,-9.6,2.2,1.5,1.1,2.3,,,,,,1.5,2.2,,,,2025,1,3,17,0,0,0,0
257,양산시,2025-01-18,3.5,-3.0,740,12.8,1505,,,,,,,6.1,200,1601,3.8,230,1533,1.5,1337,200,-5.1,17.0,1504.0,58.5,4.2,1021.9,1025.7,1,1019.8,2341,1022.7,10.1,7.0,1200.0,2.09,12.15,,,,,,2.9,0.0,1.3,-8.1,3.0,2.0,1.5,2.4,,,,,,1.9,2.8,,,,2025,1,3,18,0,0,0,0
257,양산시,2025-01-19,3.4,-2.8,738,13.2,1448,,,,,,,4.4,340,1521,2.9,340,1530,1.1,949,230,-6.7,17.0,1456.0,55.0,3.8,1015.5,1020.0,1,1013.7,1614,1016.3,10.1,7.4,1200.0,1.94,11.74,,,,,,1.1,0.0,0.9,-8.3,3.4,2.5,2.1,2.7,,,,,,1.8,2.6,,,,2025,1,3,19,0,0,0,0
257,양산시,2025-01-20,3.3,-3.3,705,12.0,1502,,,,,,,4.2,250,1321,2.7,270,1618,0.8,651,230,-3.2,34.0,1456.0,65.1,4.9,1014.5,1017.4,2325,1012.9,1422,1015.3,10.2,7.7,1200.0,1.87,11.02,,,,,,0.0,0.0,1.2,-8.4,3.1,2.4,2.0,2.8,,,,,,1.4,2.0,,,,2025,1,4,20,0,0,0,0
257,양산시,2025-01-21,3.4,-2.0,658,12.0,1345,,,,,,,4.6,270,1516,2.9,320,1512,0.8,722,250,-2.9,28.0,1502.0,67.8,5.0,1019.7,1022.7,2312,1017.4,1,1020.5,10.2,,1200.0,1.87,,,,,,,0.0,0.0,,-7.8,,2.6,2.4,3.1,,,,,,1.2,1.7,,,,2025,1,4,21,0,0,0,0
257,양산시,2025-01-22,4.7,-2.7,725,12.7,1355,,,,,,,4.2,230,1358,2.9,230,1406,0.9,783,230,-3.8,24.0,1419.0,58.4,4.6,1022.2,1025.2,1003,1021.2,1454,1023.0,10.2,6.2,1200.0,1.79,9.96,,,,,,4.3,0.4,,,,2.7,2.7,3.3,,,,,,1.5,2.1,,,,2025,1,4,22,0,0,0,0
257,양산시,2025-01-23,5.4,-1.1,648,14.8,1514,,,,,,,4.1,270,1400,2.1,320,1438,0.7,594,230,-4.3,14.0,1445.0,56.5,4.5,1022.0,1024.6,930,1020.6,1512,1022.8,10.2,7.1,1200.0,1.95,10.84,,,,,,1.6,0.9,,,,3.7,3.7,3.8,,,,,,1.8,2.5,,,,2025,1,4,23,0,0,0,0
257,양산시,2025-01-24,6.2,-1.4,614,14.0,1309,,,,,,,7.7,70,1709,3.8,160,1510,1.5,1286,70,-1.5,33.0,1346.0,59.4,5.5,1023.3,1025.5,2127,1022.0,1431,1024.1,10.3,7.6,1200.0,2.09,11.81,,,,,,1.3,0.1,,,,3.9,3.8,4.0,,,,,,1.9,2.7,,,,2025,1,4,24,0,0,0,0
257,양산시,2025-01-25,6.0,3.6,429,10.7,1328,,,,,,,10.5,110,1247,4.8,70,621,3.0,2585,50,1.3,45.0,1327.0,72.9,6.7,1026.1,1028.2,2018,1025.2,6,1026.9,10.3,3.4,1200.0,2.35,10.32,,,,,,6.0,3.9,6.4,-1.8,5.6,5.5,5.2,4.8,,,,,,1.6,2.2,,,,2025,1,4,25,0,0,0,0
257,양산시,2025-01-26,6.2,3.9,305,9.3,1448,,,,,,,9.6,70,804,4.4,50,2253,2.0,1701,70,-1.0,44.0,905.0,60.5,5.7,1023.1,1028.0,1,1018.7,2354,1023.9,10.3,2.1,900.0,1.08,5.27,,,,,,8.3,6.0,4.9,0.5,5.2,5.3,5.3,5.4,,,,,,1.0,1.5,,,,2025,1,4,26,0,0,0,0
257,양산시,2025-01-27,3.3,-0.4,2300,7.5,1432,,,,,,3.0,12.0,340,1721,6.2,320,1724,2.4,2107,270,-2.7,35.0,1739.0,67.3,5.3,1013.9,1018.8,4,1011.5,1425,1014.7,10.3,2.6,1400.0,1.99,7.53,,,,,,6.0,4.0,5.9,-2.6,5.0,5.1,5.2,5.5,,,,,,1.3,1.9,,,,2025,1,5,27,0,0,0,1
257,양산시,2025-01-28,1.2,-1.8,540,5.4,1304,,,,,,,13.4,250,1745,7.2,270,1426,3.8,3313,270,-7.5,34.0,1307.0,53.0,3.5,1015.0,1018.4,2349,1013.4,1408,1015.8,10.4,5.8,1100.0,1.95,10.69,,,,,,2.8,1.5,1.2,-4.8,1.9,2.4,2.8,4.4,,,,,,1.9,2.8,,,,2025,1,5,28,0,0,0,0
257,양산시,2025-01-29,1.0,-1.6,2326,5.6,1436,,,,,,,10.9,270,1328,6.7,270,1331,3.3,2810,270,-9.4,30.0,1401.0,46.5,3.0,1021.3,1025.6,2356,1018.4,1,1022.1,10.4,8.1,1200.0,2.47,13.91,,,,,,0.9,0.6,2.3,-5.4,2.0,2.3,2.5,3.7,,,,,,2.0,2.9,,,,2025,1,5,29,0,0,0,0
257,양산시,2025-01-30,0.4,-4.9,555,8.3,1524,,,,,,,8.1,270,1111,5.0,270,1233,1.5,1334,250,-7.5,34.0,1526.0,57.3,3.5,1025.9,1028.4,1019,1025.3,1613,1026.7,10.4,8.8,1200.0,2.24,13.73,,,,,,0.9,0.3,2.3,-8.8,1.5,1.7,1.9,3.3,,,,,,1.6,2.2,,,,2025,1,5,30,0,0,0,0
257,양산시,2025-01-31,3.5,-3.7,522,10.7,1434,,,,,,0.1,4.9,230,1642,3.1,230,1716,1.0,843,200,-2.5,35.0,1340.0,67.9,5.2,1025.4,1028.6,1044,1023.8,1635,1026.2,10.5,4.8,1300.0,1.86,10.1,,,,,,6.1,3.4,3.9,-7.4,3.0,2.9,2.7,3.2,,,,,,1.3,1.8,,,,2025,1,5,31,0,0,0,0
257,양산시,2025-02-01,5.0,3.8,300,6.3,2005,,,,,,10.5,9.8,50,2232,4.5,50,2013,2.3,1953,70,3.9,78.0,25.0,92.9,8.1,1018.5,1024.0,1,1016.6,2309,1019.3,10.5,0.0,1000.0,0.2,1.37,,,,,,9.8,5.0,4.0,1.2,4.2,4.3,4.4,4.4,,,,,,0.4,0.6,,,,2025,2,5,32,1,0,0,1
257,양산시,2025-02-02,4.7,0.5,704,10.9,1429,,,,,,,8.2,50,3,3.4,50,1,1.3,1090,250,1.2,49.0,1623.0,80.0,6.7,1015.3,1018.7,227,1013.7,2127,1016.1,10.5,5.1,1300.0,2.18,10.92,,,,,,7.1,1.3,5.7,-2.9,5.4,5.4,5.2,4.8,,,,,,1.4,2.0,,,,2025,2,5,33,1,0,0,0
257,양산시,2025-02-03,2.0,-2.4,2349,5.6,1250,,,,,,,14.5,270,1058,7.7,290,1538,3.7,3154,320,-10.1,18.0,1254.0,43.8,3.1,1014.7,1018.0,2340,1013.2,1507,1015.5,10.5,7.4,1200.0,2.4,13.63,,,,,,2.1,0.6,3.1,-3.9,3.1,3.5,3.8,4.8,,,,,,2.6,3.7,,,,2025,2,6,34,1,0,0,0
257,양산시,2025-02-04,-2.7,-4.9,729,1.6,1610,,,,,,,11.9,320,1231,6.6,320,1237,3.3,2855,290,-15.7,22.0,1551.0,36.9,1.8,1015.0,1017.9,1,1012.8,1504,1015.8,10.6,9.0,1200.0,2.5,15.67,,,,,,0.0,0.0,0.2,-7.9,0.0,0.7,1.6,3.5,,,,,,1.9,2.8,,,,2025,2,6,35,1,0,0,0
257,양산시,2025-02-05,-2.7,-7.3,703,2.4,1517,,,,,,,11.5,290,1608,5.5,270,1358,2.6,2234,270,-14.4,26.0,1317.0,41.0,2.0,1015.4,1019.3,2353,1013.2,1538,1016.2,10.6,7.7,1200.0,2.46,14.17,,,,,,0.9,0.5,-0.8,-10.4,-0.5,0.0,0.7,2.5,,,,,,2.0,2.8,,,,2025,2,6,36,1,0,0,0
257,양산시,2025-02-06,-1.7,-5.9,722,2.9,1606,,,,,,,9.0,50,1426,4.3,270,1109,2.2,1887,270,-13.7,23.0,1607.0,40.3,2.1,1019.7,1023.0,941,1019.1,1636,1020.5,10.6,7.3,1400.0,1.94,13.13,,,,,,4.8,0.1,-0.3,-8.9,-0.6,-0.2,0.4,2.0,,,,,,1.5,2.1,,,,2025,2,6,37,1,0,0,0
257,양산시,2025-02-07,-3.1,-6.6,2400,4.4,1050,,,,,,0.0,14.3,360,1354,7.8,270,1157,3.1,2644,270,-13.6,26.0,1201.0,45.3,2.2,1017.1,1022.9,2326,1012.9,1045,1017.9,10.7,5.1,1200.0,2.15,10.14,,,,,,2.6,1.6,-1.3,-8.0,-0.6,-0.2,0.4,1.8,,,,,,1.5,2.2,,,,2025,2,6,38,1,0,0,0
257,양산시,2025-02-08,-3.0,-8.5,536,3.0,1504,,,,,,,10.6,320,12,6.1,320,1346,3.1,2640,320,-14.7,23.0,1558.0,41.8,2.0,1023.8,1026.4,2159,1022.7,1,1024.6,10.7,9.2,1200.0,2.58,16.49,,,,,,0.0,0.0,-0.7,-10.9,-1.1,-0.7,-0.2,1.4,,,,,,2.1,3.0,,,,2025,2,6,39,1,0,0,0
257,양산시,2025-02-09,-0.8,-5.8,418,5.1,1441,,,,,,,6.5,320,1145,4.1,320,1150,2.2,1873,230,-11.5,25.0,1558.0,45.5,2.6,1023.9,1026.7,821,1022.0,1617,1024.7,10.7,9.3,1200.0,2.57,16.45,,,,,,0.0,0.0,0.5,-9.0,-0.6,-0.4,-0.1,1.1,,,,,,2.2,3.1,,,,2025,2,6,40,1,0,0,0
257,양산시,2025-02-10,0.8,-3.6,714,5.9,1522,,,,,,,10.1,290,1434,5.4,320,1304,2.3,2021,290,-10.1,28.0,1427.0,45.1,2.9,1024.5,1027.4,2339,1023.1,1505,1025.3,10.8,9.4,1200.0,2.52,16.17,,,,,,0.0,0.0,1.1,-7.5,-0.1,-0.1,0.0,1.2,,,,,,2.2,3.1,,,,2025,2,7,41,1,0,0,0
257,양산시,2025-02-11,2.1,-3.3,710,10.6,1520,,,,,,,6.8,250,1624,4.1,250,1624,1.5,1262,200,-9.3,15.0,1507.0,46.6,3.1,1026.9,1031.1,945,1023.8,2328,1027.7,10.8,9.4,1200.0,2.52,15.9,,,,,,0.0,0.0,2.0,-7.7,0.6,0.4,0.5,1.4,,,,,,2.3,3.3,,,,2025,2,7,42,1,0,0,0
257,양산시,2025-02-12,3.0,-0.9,21,5.8,1523,,,,,,9.8,10.0,340,2321,4.5,320,2229,1.4,1213,180,,,,,,1014.4,1024.9,1,1009.1,1541,1015.2,10.8,0.0,1500.0,0.92,2.63,,,,,,8.4,5.5,1.8,-4.7,1.0,1.2,1.3,1.9,,,,,,,,,,,2025,2,7,43,1,0,0,1
257,양산시,2025-02-13,2.1,-1.6,2314,7.8,1522,,,,,,,12.3,360,225,6.8,340,227,2.9,2539,290,,,,,,1020.9,1023.9,811,1015.9,1,1021.7,10.9,9.5,1200.0,2.66,17.24,,,,,,0.0,0.0,3.1,-5.2,2.0,2.2,2.3,2.5,,,,,,,,,,,2025,2,7,44,1,0,0,0
257,양산시,2025-02-14,3.6,-2.8,639,12.2,1604,,,,,,,6.1,250,1242,3.5,270,1250,1.8,1596,200,,,,,,1020.2,1023.2,829,1018.5,1721,1021.0,10.9,9.5,1200.0,2.56,16.33,,,,,,0.0,0.0,3.5,-5.8,2.6,2.9,2.9,2.8,,,,,,,,,,,2025,2,7,45,1,0,0,0
257,양산시,2025-02-15,3.2,-3.0,544,9.5,1403,,,,,,,5.4,200,1428,3.1,230,1428,1.1,945,230,,,,,,1016.4,1020.3,58,1014.7,1540,1017.2,10.9,0.6,1100.0,0.99,5.68,,,,,,7.0,3.4,1.8,-7.0,2.2,2.5,2.7,3.1,,,,,,,,,,,2025,2,7,46,1,0,0,0
257,양산시,2025-02-16,7.3,-1.3,708,15.1,1545,,,,,,,8.1,230,1710,4.9,200,1715,2.4,2109,200,,,,,,1013.5,1016.3,19,1011.8,1620,1014.3,11.0,9.3,1200.0,2.46,15.88,,,,,,0.8,0.0,5.4,-5.2,4.4,4.4,4.1,3.6,,,,,,,,,,,2025,2,7,47,1,0,0,0
257,양산시,2025-02-17,4.7,1.7,2334,8.5,1508,,,,,,,14.9,290,703,7.0,290,1338,3.4,2919,290,,,,,,1019.2,1022.5,2257,1014.6,1,1020.0,11.0,9.6,1200.0,2.7,17.64,,,,,,2.8,0.0,3.8,-2.0,3.8,4.1,4.2,4.3,,,,,,,,,,,2025,2,8,48,1,0,0,0
257,양산시,2025-02-18,1.6,-1.7,657,6.0,1509,,,,,,,10.8,290,1510,5.6,290,1538,2.6,2257,290,-15.4,15.0,1324.0,28.1,1.9,1022.2,1025.2,819,1021.1,1536,1023.0,11.0,9.5,1200.0,2.74,17.71,,,,,,2.1,0.4,2.9,-5.4,2.5,2.8,3.1,3.8,,,,,,2.9,4.1,,,,2025,2,8,49,1,0,0,0
257,양산시,2025-02-19,1.1,-3.1,340,6.5,1543,,,,,,,9.5,290,1118,5.1,290,1124,2.3,2005,290,-14.7,19.0,1328.0,31.0,2.0,1024.6,1027.2,2333,1023.6,1551,1025.4,11.1,9.6,1200.0,2.73,17.98,,,,,,0.9,0.0,2.6,-7.9,2.0,2.2,2.5,3.4,,,,,,2.9,4.1,,,,2025,2,8,50,1,0,0,0
257,양산시,2025-02-20,1.4,-2.3,633,6.7,1455,,,,,,,8.5,340,446,4.8,320,422,2.2,1904,320,-15.6,15.0,1416.0,28.1,1.8,1026.2,1029.0,842,1024.5,1513,1027.0,11.1,9.3,1200.0,2.7,17.59,,,,,,4.4,0.8,3.3,-7.6,2.2,2.3,2.5,3.2,,,,,,2.8,4.0,,,,2025,2,8,51,1,0,0,0
257,양산시,2025-02-21,1.1,-2.1,2349,6.1,1542,,,,,,,8.0,320,933,4.9,320,939,2.5,2168,290,-14.2,16.0,1706.0,32.0,2.0,1027.1,1029.5,844,1025.8,1502,1027.9,11.1,8.6,1300.0,2.43,15.29,,,,,,4.3,3.9,3.6,-7.4,2.3,2.5,2.6,3.2,,,,,,2.3,3.3,,,,2025,2,8,52,1,0,0,0
257,양산시,2025-02-22,1.2,-3.7,602,7.1,1524,,,,,,,7.4,320,1238,4.3,360,956,1.9,1625,270,-13.7,17.0,1629.0,33.6,2.2,1028.7,1031.3,903,1027.8,1504,1029.5,11.2,9.6,1200.0,2.77,18.29,,,,,,0.9,0.3,3.3,-8.6,2.3,2.4,2.5,3.2,,,,,,2.5,3.6,,,,2025,2,8,53,1,0,0,0
257,양산시,2025-02-23,0.7,-2.6,638,5.5,1523,,,,,,,12.5,320,1150,6.6,320,1157,2.9,2528,320,-13.3,19.0,1318.0,35.3,2.2,1027.0,1030.1,844,1025.1,1509,1027.8,11.2,8.7,1200.0,2.82,18.08,,,,,,1.5,0.3,2.8,-6.8,1.8,2.0,2.3,3.1,,,,,,2.8,4.0,,,,2025,2,8,54,1,0,0,0
257,양산시,2025-02-24,1.3,-3.8,444,8.3,1609,,,,,,,11.3,320,651,5.9,320,636,2.6,2225,320,-14.3,15.0,1648.0,31.8,2.0,1028.1,1030.6,832,1026.8,1648,1028.9,11.3,9.8,1200.0,2.83,18.95,,,,,,0.0,0.0,3.2,-7.3,2.0,2.2,2.3,2.9,,,,,,2.9,4.1,,,,2025,2,9,55,1,0,0,0
257,양산시,2025-02-25,4.1,-3.3,626,11.6,1426,,,,,,,8.9,200,1622,5.4,200,1613,2.7,2368,200,-9.2,13.0,1404.0,39.0,3.2,1024.7,1029.4,1,1022.0,1701,1025.5,11.3,8.3,1200.0,2.73,16.52,,,,,,3.8,2.9,3.4,-8.8,3.0,2.9,2.8,3.1,,,,,,3.0,4.3,,,,2025,2,9,56,1,0,0,0
257,양산시,2025-02-26,6.1,-0.3,708,12.2,1345,,,,,,,8.8,230,1520,5.3,200,1525,2.1,1776,200,-3.8,25.0,1310.0,50.6,4.6,1021.7,1024.8,918,1020.1,1702,1022.5,11.3,9.6,1200.0,2.71,17.45,,,,,,0.3,0.0,5.3,-5.5,4.9,4.9,4.6,4.0,,,,,,2.9,4.1,,,,2025,2,9,57,1,0,0,0
257,양산시,2025-02-27,6.9,-2.0,527,14.1,1412,,,,,,0.0,6.4,200,1610,4.3,200,1611,1.7,1447,230,-8.0,14.0,1446.0,37.3,3.4,1021.4,1025.4,840,1019.7,2317,1022.2,11.4,7.1,1200.0,2.02,13.2,,,,,,6.4,2.4,5.2,-7.1,4.7,4.7,4.6,4.4,,,,,,2.7,3.9,,,,2025,2,9,58,1,0,0,0
257,양산시,2025-02-28,10.9,5.8,2342,18.1,1356,,,,,,0.0,8.9,290,1328,5.1,270,1336,1.9,1610,230,3.2,37.0,2.0,61.6,7.9,1018.2,1020.1,902,1017.3,1603,1019.0,11.4,7.9,1200.0,2.73,16.86,,,,,,3.4,2.9,11.9,0.2,9.5,8.9,8.0,6.0,,,,,,2.8,4.0,,,,2025,2,9,59,1,0,1,0
257,양산시,2025-03-01,9.7,2.8,703,15.6,1208,,,,,,1.0,6.7,200,1148,4.5,200,1240,1.1,917,200,8.2,60.0,1134.0,91.6,11.1,1016.9,1020.4,657,1015.5,1701,1017.7,11.4,2.1,1100.0,1.6,7.26,,,,,,6.4,4.5,8.0,-1.8,7.6,7.6,7.4,6.8,,,,,,1.0,1.5,,,,2025,3,9,60,1,1,0,1
257,양산시,2025-03-02,11.1,7.1,2237,17.8,1123,,,,,,4.3,15.9,110,2158,6.4,90,2205,2.8,2400,70,9.1,54.0,1530.0,88.4,11.8,1014.1,1016.3,827,1013.6,1556,1014.9,11.5,0.3,1000.0,1.37,5.01,,,,,,9.5,4.5,10.6,6.0,10.0,9.8,9.5,8.0,,,,,,1.2,1.7,,,,2025,3,9,61,1,0,1,1
257,양산시,2025-03-03,4.6,2.8,627,7.8,57,,,,,,9.1,17.8,70,105,6.9,70,240,4.9,4222,70,1.1,64.0,1531.0,78.4,6.6,1019.3,1023.8,2158,1012.6,127,1020.1,11.5,0.0,1200.0,1.02,5.3,,,,,,9.9,5.9,5.7,2.4,6.3,6.7,7.1,7.6,,,,,,1.1,1.6,,,,2025,3,10,62,1,1,0,1
257,양산시,2025-03-04,3.9,2.5,316,5.3,1609,,,,,,9.6,16.1,50,558,7.3,70,725,4.7,4049,70,1.9,76.0,49.0,87.4,7.0,1017.8,1023.1,32,1015.5,1549,1018.6,11.5,0.1,1500.0,1.16,5.15,,,,,,9.9,5.4,4.4,1.4,4.7,5.1,5.5,6.4,,,,,,0.8,1.1,,,,2025,3,10,63,1,1,0,1
257,양산시,2025-03-05,6.7,4.7,408,11.0,1331,,,,,,,12.1,50,1222,5.8,50,1225,3.0,2619,70,1.8,52.0,1334.0,71.6,7.0,1019.7,1023.1,2349,1017.9,1,1020.5,11.6,2.5,1200.0,2.77,11.84,,,,,,9.0,7.1,6.9,3.2,6.7,6.7,6.6,6.3,,,,,,1.8,2.5,,,,2025,3,10,64,1,1,0,0
257,양산시,2025-03-06,6.5,3.7,2353,11.8,1141,,,,,,0.0,8.0,110,1733,4.3,110,1734,2.2,1872,70,-0.3,37.0,1144.0,64.0,6.0,1023.6,1027.5,2326,1022.2,118,1024.4,11.6,4.1,1100.0,2.99,11.98,,,,,,6.6,3.8,7.1,0.9,6.9,6.9,7.0,6.9,,,,,,1.8,2.6,,,,2025,3,10,65,1,1,0,0
257,양산시,2025-03-07,5.9,-0.4,642,11.3,1157,,,,,,,8.2,160,1427,4.2,110,1545,1.8,1581,50,-1.1,34.0,1202.0,64.3,5.6,1026.7,1029.8,729,1025.8,1558,1027.5,11.6,5.4,1000.0,2.37,14.06,,,,,,5.4,4.4,4.9,-4.9,5.6,5.9,6.2,6.6,,,,,,2.1,3.1,,,,2025,3,10,66,1,1,0,0
257,양산시,2025-03-08,7.5,2.8,2354,12.8,1233,,,,,,0.0,6.9,360,519,4.7,50,545,1.7,1497,50,1.2,39.0,1237.0,65.9,6.7,1024.7,1027.3,34,1023.6,1528,1025.5,11.7,3.8,1100.0,2.56,12.31,,,,,,5.9,4.9,7.1,-2.1,7.2,7.3,7.4,7.0,,,,,,1.8,2.5,,,,2025,3,10,67,1,1,0,0
257,양산시,2025-03-09,7.3,0.0,527,15.4,1401,,,,,,,9.8,110,1646,5.2,110,1654,1.7,1464,50,0.0,23.0,1404.0,65.8,6.2,1027.9,1030.4,839,1026.8,1,1028.7,11.7,9.0,1200.0,2.92,19.25,,,,,,0.9,0.1,6.8,-4.8,7.0,7.2,7.2,7.1,,,,,,3.1,4.4,,,,2025,3,10,68,1,1,0,0
257,양산시,2025-03-10,7.6,0.6,550,15.0,1340,,,,,,,5.5,200,1525,3.4,200,1525,1.3,1120,230,1.6,38.0,1218.0,69.3,6.9,1025.3,1029.6,119,1023.3,2342,1026.1,11.8,5.4,1000.0,2.34,14.2,,,,,,4.5,1.8,6.4,-4.0,7.0,7.2,7.3,7.3,,,,,,2.1,3.0,,,,2025,3,11,69,1,1,0,0
257,양산시,2025-03-11,9.6,1.4,552,18.7,1420,,,,,,,7.0,230,1527,4.4,230,1508,1.3,1162,230,1.3,20.0,1234.0,62.6,6.8,1018.8,1023.3,1,1016.6,1741,1019.6,11.8,9.8,1200.0,2.95,19.79,,,,,,1.0,0.0,8.5,-3.7,8.1,8.2,8.1,7.6,,,,,,3.3,4.8,,,,2025,3,11,70,1,1,0,0
257,양산시,2025-03-12,11.2,3.8,353,20.1,1422,,,,,,,10.6,270,1440,5.6,270,1357,2.1,1832,200,2.2,27.0,1200.0,58.5,7.2,1013.8,1018.0,10,1011.9,1626,1014.6,11.8,7.7,1300.0,2.85,16.62,,,,,,5.6,0.3,10.3,-1.4,9.2,9.1,8.9,8.2,,,,,,3.2,4.6,,,,2025,3,11,71,1,1,1,0
257,양산시,2025-03-13,11.2,6.4,333,19.2,1405,,,,,,,9.2,110,1658,4.3,110,1706,1.8,1580,50,-2.1,13.0,1154.0,44.9,5.4,1019.7,1023.8,2326,1016.2,1,1020.5,11.9,7.0,1400.0,2.36,15.77,,,,,,6.8,3.0,10.7,1.9,10.1,9.8,9.5,8.8,,,,,,3.7,5.2,,,,2025,3,11,72,1,0,1,0
257,양산시,2025-03-14,11.1,4.1,642,18.2,1321,,,,,,,13.4,50,2248,6.5,70,2308,3.0,2582,70,-1.9,15.0,1439.0,45.5,5.6,1023.7,1026.1,1002,1023.2,23,1024.5,11.9,9.8,1200.0,3.04,21.06,,,,,,5.1,2.3,11.7,0.0,10.4,10.3,9.8,9.0,,,,,,4.8,6.9,,,,2025,3,11,73,1,1,1,0
257,양산시,2025-03-15,8.0,6.3,2131,10.5,49,,,,,,7.8,15.4,70,48,5.8,70,26,3.5,3064,70,4.7,60.0,650.0,80.6,8.5,1020.1,1025.4,812,1016.6,2400,1020.9,11.9,0.0,1000.0,0.69,3.87,,,,,,10.0,5.3,8.3,5.7,8.7,9.0,9.2,9.3,,,,,,0.8,1.1,,,,2025,3,11,74,1,0,0,1
257,양산시,2025-03-16,6.1,1.1,2358,11.5,1143,,,,,,2.9,13.3,290,2218,6.9,290,2219,2.6,2273,70,0.8,34.0,2224.0,71.1,7.0,1010.7,1016.6,1,1008.4,1410,1011.5,12.0,0.7,1100.0,1.37,6.67,,,,,,6.8,3.4,7.5,-0.9,7.9,8.2,8.5,8.8,,,,,,1.7,2.5,,,,2025,3,11,75,1,1,0,1
257,양산시,2025-03-17,4.8,0.7,229,11.3,1418,,,,,,,12.8,290,122,5.7,290,131,2.7,2343,270,-7.5,19.0,1751.0,43.0,3.5,1014.2,1017.0,2157,1011.7,102,1015.0,12.0,10.0,1300.0,3.11,21.28,,,,,,2.1,2.0,5.2,-3.4,6.3,6.8,7.0,7.6,,,,,,2.9,4.2,,,,2025,3,12,76,1,1,0,0
257,양산시,2025-03-18,3.7,-0.2,222,7.1,1309,,,,,,0.0,11.6,270,1420,7.9,270,1428,3.0,2571,290,-3.3,34.0,1212.0,61.6,4.8,1013.4,1019.6,2341,1010.8,1315,1014.2,12.1,5.3,1000.0,2.47,14.57,,,,,,7.8,4.8,5.6,-4.1,5.5,5.9,6.4,7.4,,,,,,2.1,3.1,,,,2025,3,12,77,1,1,0,0
257,양산시,2025-03-19,4.6,-0.4,615,10.2,1616,,,,,,,7.7,200,1701,4.8,200,1643,2.0,1755,200,-4.9,26.0,1555.0,51.8,4.3,1021.6,1024.5,923,1019.6,1,1022.4,12.1,8.9,1100.0,2.97,18.18,,,,,,1.3,0.4,4.6,-4.1,5.9,6.3,6.6,7.1,,,,,,2.6,3.7,,,,2025,3,12,78,1,1,0,0
257,양산시,2025-03-20,8.4,-0.4,639,16.6,1502,,,,,,,10.3,230,1515,5.8,200,1534,2.5,2189,200,-0.6,30.0,1413.0,55.9,6.1,1018.1,1023.1,1,1015.6,1629,1018.9,12.1,10.3,1200.0,3.05,21.23,,,,,,0.0,0.0,7.4,-4.9,7.4,7.4,7.3,7.1,,,,,,3.5,5.1,,,,2025,3,12,79,1,1,0,0
257,양산시,2025-03-21,13.0,5.0,556,19.3,1548,,,,,,,11.5,200,1430,7.7,200,1542,3.4,2936,230,3.8,38.0,1545.0,55.4,8.1,1011.8,1016.2,2,1008.6,1628,1012.5,12.2,10.1,1200.0,2.99,20.73,,,,,,0.0,0.0,10.8,0.0,10.0,9.8,9.3,8.3,,,,,,4.4,6.3,,,,2025,3,12,80,1,0,1,0
257,양산시,2025-03-22,16.2,6.9,639,25.7,1432,,,,,,,11.0,290,1414,6.8,200,1536,3.2,2735,230,2.8,20.0,1317.0,44.0,7.5,1009.2,1012.4,825,1006.8,1607,1009.9,12.2,10.0,1200.0,3.01,20.76,,,,,,0.0,0.0,13.6,2.2,12.4,11.9,11.2,9.5,,,,,,5.2,7.4,,,,2025,3,12,81,1,0,1,0
257,양산시,2025-03-23,15.9,6.3,641,24.9,1323,,,,,,,9.4,200,1527,5.8,200,1541,2.4,2050,230,3.4,21.0,1438.0,47.6,7.8,1009.3,1012.6,847,1008.0,1554,1010.1,12.2,9.9,1200.0,3.01,20.37,,,,,,2.0,0.0,13.8,1.2,12.7,12.5,12.0,10.5,,,,,,4.7,6.7,,,,2025,3,12,82,1,0,1,0
257,양산시,2025-03-24,15.6,12.3,630,20.5,1241,,,,,,,11.6,200,1310,7.1,200,1317,3.3,2870,230,8.9,40.0,1147.0,66.3,11.5,1004.2,1009.1,1,1001.9,1613,1004.9,12.3,7.2,1200.0,2.89,16.91,,,,,,3.5,1.3,15.1,9.0,14.1,13.8,13.1,11.4,,,,,,3.4,4.8,,,,2025,3,13,83,1,0,1,0
257,양산시,2025-03-25,16.4,8.7,457,23.2,1354,,,,,,,12.9,200,1644,7.5,200,1236,3.4,2943,230,7.6,30.0,1406.0,60.4,10.5,1000.7,1004.1,13,996.7,1638,1001.4,12.3,9.9,1200.0,2.96,19.85,,,,,,0.0,0.0,15.6,4.6,14.1,13.8,13.3,11.9,,,,,,5.0,7.2,,,,2025,3,13,84,1,0,1,0
257,양산시,2025-03-26,17.0,8.0,628,23.5,1423,,,,,,0.0,10.8,320,119,6.6,320,150,2.4,2040,250,5.0,20.0,1400.0,52.5,9.9,1005.4,1008.9,940,1002.3,4,1006.2,12.4,10.2,1200.0,2.98,21.36,,,,,,2.3,2.3,17.7,2.1,15.4,14.9,14.2,12.4,,,,,,4.0,5.7,,,,2025,3,13,85,1,0,1,0
257,양산시,2025-03-27,16.5,13.4,2331,19.9,1300,,,,,,10.2,8.8,230,800,5.1,200,1734,2.8,2386,230,16.0,88.0,2338.0,97.3,18.2,999.5,1004.3,1,996.0,1606,1000.2,12.4,0.0,1200.0,1.16,3.52,,,,,,8.0,5.8,16.8,12.5,16.3,16.0,15.4,13.6,,,,,,0.9,1.2,,,,2025,3,13,86,1,0,1,1
257,양산시,2025-03-28,11.5,7.5,2346,16.0,1159,,,,,,0.1,9.7,290,1441,5.4,320,1427,2.5,2135,320,3.3,31.0,1338.0,60.9,8.0,1010.3,1018.2,2335,1003.9,12,1011.1,12.4,5.5,1300.0,2.56,16.6,,,,,,9.0,2.9,13.9,6.3,13.6,13.6,13.6,13.3,,,,,,3.3,4.7,,,,2025,3,13,87,1,0,1,0
257,양산시,2025-03-29,8.2,4.0,2358,12.6,1246,,,,,,,11.5,320,1443,6.9,270,1508,3.1,2645,290,-8.9,15.0,2311.0,30.1,3.2,1019.2,1024.9,2357,1017.4,1524,1020.0,12.5,6.5,1200.0,2.88,18.26,,,,,,6.3,0.8,8.4,0.0,9.5,10.0,10.6,11.8,,,,,,4.3,6.1,,,,2025,3,13,88,1,1,0,0
257,양산시,2025-03-30,5.3,1.5,616,10.8,1547,,,,,,,11.6,360,1020,5.9,50,1028,2.3,2021,20,-11.4,14.0,1401.0,31.6,2.7,1026.5,1029.9,944,1024.8,1,1027.3,12.5,8.2,1100.0,3.25,21.01,,,,,,7.0,0.3,8.4,-1.7,8.3,8.7,9.1,10.3,,,,,,3.2,4.5,,,,2025,3,13,89,1,1,0,0
257,양산시,2025-03-31,6.7,-0.3,523,14.0,1536,,,,,,,7.5,290,1114,4.0,230,1555,1.4,1249,230,-1.9,30.0,1401.0,57.0,5.4,1024.9,1028.3,733,1022.7,1611,1025.7,12.5,9.6,1200.0,3.15,21.39,,,,,,2.6,0.3,9.6,-4.5,9.1,9.3,9.4,9.8,,,,,,2.9,4.2,,,,2025,3,14,90,1,1,0,0
257,양산시,2025-04-01,9.6,2.0,547,17.0,1358,,,,,,,12.2,110,1726,4.4,110,1642,2.1,1823,110,-1.8,21.0,1425.0,50.0,5.5,1021.0,1024.8,1,1019.6,1624,1021.8,12.6,9.8,1200.0,3.18,22.4,,,,,,2.0,0.0,12.3,-2.8,11.0,11.0,10.7,10.3,,,,,,4.4,6.3,,,,2025,4,14,91,1,0,0,0
257,양산시,2025-04-02,10.5,2.6,604,19.0,1307,0.0,,0.0,,,0.0,9.2,230,1338,5.1,230,1343,2.0,1758,70,2.1,17.0,1320.0,59.5,7.2,1017.3,1020.3,11,1015.1,1630,1018.1,12.6,9.8,1200.0,3.31,23.24,,,,,,2.8,2.0,13.0,-1.8,11.9,11.9,11.6,10.9,,,,,,4.0,5.7,,,,2025,4,14,92,1,0,1,0
257,양산시,2025-04-03,9.8,3.6,539,16.5,1314,,,,,,,9.6,50,909,4.4,50,918,2.0,1697,70,2.8,33.0,1505.0,64.8,7.5,1018.8,1021.1,2341,1017.9,1553,1019.6,12.7,8.0,1300.0,3.33,22.1,,,,,,2.3,0.9,14.4,-0.7,12.6,12.6,12.4,11.5,,,,,,3.5,5.0,,,,2025,4,14,93,1,0,0,0
257,양산시,2025-04-04,10.1,3.5,541,18.1,1351,0.0,,0.0,,,0.0,8.6,200,1542,5.0,230,1551,1.8,1539,180,1.8,28.0,1231.0,60.1,7.0,1018.8,1021.3,449,1017.5,1534,1019.6,12.7,7.6,1300.0,3.04,18.62,,,,,,2.4,1.0,11.3,-1.0,11.4,11.8,11.8,11.6,,,,,,3.0,4.3,,,,2025,4,14,94,1,0,1,0
257,양산시,2025-04-05,11.1,5.9,128,15.3,1314,0.2,,0.2,,,0.2,14.4,270,1627,8.4,270,1630,2.5,2175,200,6.0,54.0,914.0,71.8,9.5,1012.6,1018.8,1,1010.3,1619,1013.4,12.7,0.0,1100.0,1.41,8.06,,,,,,7.1,2.9,10.5,1.9,10.9,11.0,11.1,11.4,,,,,,1.9,2.7,,,,2025,4,14,95,1,0,1,0
257,양산시,2025-04-06,12.8,6.2,517,20.8,1428,,,,,,,12.9,270,1431,5.5,200,1550,2.2,1889,230,1.7,18.0,1515.0,50.3,7.0,1013.2,1016.9,2345,1010.9,14,1014.0,12.8,9.9,1200.0,3.28,23.87,,,,,,0.6,0.6,15.5,1.6,13.4,13.2,12.8,11.6,,,,,,4.3,6.1,,,,2025,4,14,96,1,0,1,0
257,양산시,2025-04-07,13.7,4.1,629,21.6,1152,,,,,,,9.9,230,1653,5.9,200,1401,2.4,2085,230,1.5,15.0,1124.0,47.4,6.9,1016.1,1018.9,941,1014.9,1632,1016.9,12.8,10.1,1200.0,3.37,24.05,,,,,,2.3,0.0,15.2,-0.7,13.5,13.4,13.1,12.2,,,,,,5.4,7.7,,,,2025,4,15,97,1,0,1,0
257,양산시,2025-04-08,17.5,12.1,39,26.7,1357,,,,,,,12.0,270,1300,6.6,200,1555,3.6,3088,200,5.1,17.0,1354.0,45.6,8.9,1011.3,1016.2,10,1008.0,1540,1012.0,12.8,10.3,1200.0,3.17,22.83,,,,,,1.5,0.0,20.0,8.4,16.8,16.3,15.6,13.4,,,,,,5.5,7.9,,,,2025,4,15,98,1,0,1,0
257,양산시,2025-04-09,14.5,7.3,602,21.9,1254,0.0,,0.0,,,0.0,7.9,200,1455,4.5,250,1534,2.4,2081,50,7.0,31.0,1314.0,63.6,10.3,1010.7,1014.8,4,1008.0,2400,1011.4,12.9,8.7,1200.0,2.99,20.92,,,,,,5.3,1.0,18.3,3.3,16.1,15.8,15.5,14.1,,,,,,3.7,5.3,,,,2025,4,15,99,1,0,1,0
257,양산시,2025-04-10,16.1,11.4,610,22.5,1310,0.0,,0.0,,,0.0,10.0,200,1413,5.9,200,1345,2.6,2250,230,10.3,49.0,1248.0,69.8,12.6,1004.3,1008.1,1,1001.5,1621,1005.1,12.9,10.1,1200.0,3.03,22.01,,,,,,2.3,1.6,21.2,8.1,18.1,17.7,17.0,14.9,,,,,,3.9,5.6,,,,2025,4,15,100,1,0,1,0
257,양산시,2025-04-11,15.5,8.2,503,24.2,1238,,,,,,,8.8,230,1247,4.9,230,1253,1.5,1322,90,6.4,25.0,1201.0,60.5,9.7,1009.6,1013.5,2353,1007.8,124,1010.3,12.9,10.2,1200.0,3.33,24.29,,,,,,0.8,0.0,19.9,4.2,17.4,17.3,16.9,15.4,,,,,,4.5,6.4,,,,2025,4,15,101,1,0,1,0
257,양산시,2025-04-12,13.7,8.1,504,20.4,1327,0.5,2227.0,2.0,2300.0,,7.0,12.1,110,2235,4.5,160,2256,1.5,1271,250,8.5,39.0,1117.0,74.1,11.3,1007.3,1013.5,1,998.4,2356,1008.0,13.0,2.8,900.0,1.99,11.94,,,,,,8.9,3.1,16.0,3.7,15.3,15.5,15.5,15.2,,,,,,2.4,3.4,,,,2025,4,15,102,1,0,1,1
257,양산시,2025-04-13,10.0,6.0,547,14.2,1132,2.5,252.0,9.5,202.0,,19.6,18.6,320,306,9.6,320,312,4.1,3501,250,0.1,33.0,1023.0,52.6,6.4,999.7,1004.4,2258,992.5,244,1000.5,13.0,7.7,1000.0,2.92,20.12,,,,,,3.4,2.9,12.5,4.1,13.2,13.5,13.7,14.3,,,,,,3.4,4.9,,,,2025,4,15,103,1,0,1,1
257,양산시,2025-04-14,7.8,3.7,704,13.2,1205,2.0,1313.0,3.1,549.0,,10.5,8.9,250,1255,4.4,250,1301,1.8,1571,230,4.3,46.0,7.0,79.6,8.4,997.9,1004.0,11,994.7,1616,998.7,13.1,2.4,900.0,2.16,10.41,,,,,,8.0,3.3,9.3,1.8,10.1,10.7,11.4,12.8,,,,,,1.7,2.4,,,,2025,4,16,104,1,0,0,1
257,양산시,2025-04-15,11.6,6.2,606,17.7,1526,0.0,,0.0,,,0.0,10.1,250,1549,6.0,290,1039,2.9,2467,270,1.6,29.0,1413.0,53.3,6.9,1003.9,1008.2,2358,999.6,1,1004.6,13.1,10.6,1200.0,3.51,26.1,,,,,,1.3,1.3,14.4,4.1,13.1,12.9,12.7,12.5,,,,,,4.3,6.1,,,,2025,4,16,105,1,0,1,0
257,양산시,2025-04-16,14.7,6.4,608,21.1,1525,,,,,,,9.4,200,1408,5.7,200,1330,2.9,2486,200,7.3,36.0,1057.0,63.0,10.5,1008.4,1010.7,2346,1007.2,1628,1009.1,13.1,9.5,1200.0,3.14,21.95,,,,,,3.5,0.3,14.2,3.5,13.9,13.8,13.6,13.1,,,,,,3.9,5.6,,,,2025,4,16,106,1,0,1,0
257,양산시,2025-04-17,17.5,14.3,226,19.0,1439,0.0,,0.0,,,0.0,9.8,230,1005,5.4,230,958,3.3,2858,230,15.0,73.0,27.0,85.9,17.2,1008.7,1010.7,48,1007.8,1619,1009.4,13.2,0.0,1300.0,0.49,2.74,,,,,,7.5,6.9,15.6,10.9,15.2,14.9,14.6,13.8,,,,,,1.1,1.5,,,,2025,4,16,107,1,0,1,0
257,양산시,2025-04-18,19.8,17.1,508,24.7,1351,,,,,,,10.0,230,1252,6.1,200,1250,3.7,3161,230,15.9,56.0,1200.0,80.0,18.1,1009.3,1012.3,2147,1007.8,433,1010.0,13.2,9.5,1200.0,2.96,21.68,,,,,,1.9,0.9,21.1,15.0,19.1,18.3,17.5,15.0,,,,,,3.7,5.3,,,,2025,4,16,108,1,0,1,0
257,양산시,2025-04-19,19.3,16.0,557,23.5,1117,0.0,,0.0,,,0.0,9.9,180,1422,5.6,200,1624,3.4,2967,230,16.5,63.0,1118.0,84.8,18.8,1009.6,1012.1,805,1008.1,1637,1010.3,13.2,2.5,1000.0,1.99,13.0,,,,,,7.5,7.0,19.9,13.6,18.8,18.2,17.6,16.1,,,,,,2.3,3.3,,,,2025,4,16,109,1,0,1,0
257,양산시,2025-04-20,16.2,14.3,1009,18.9,236,0.0,,0.0,,,0.0,10.6,50,920,5.6,50,922,3.0,2596,50,13.0,71.0,2340.0,81.5,15.1,1012.2,1016.8,2359,1008.8,433,1012.9,13.3,0.0,1100.0,0.74,5.39,,,,,,9.1,8.0,17.0,13.2,17.1,16.9,16.7,16.1,,,,,,1.5,2.1,,,,2025,4,16,110,1,0,1,0
257,양산시,2025-04-21,18.1,13.5,2344,25.7,1414,,,,,,,7.5,50,953,4.0,50,749,2.0,1689,50,10.8,38.0,1424.0,65.0,12.9,1014.7,1017.9,757,1012.9,1601,1015.4,13.3,10.1,1200.0,3.26,24.39,,,,,,3.8,2.9,22.1,10.9,19.4,18.9,18.2,16.1,,,,,,4.0,5.8,,,,2025,4,17,111,1,0,1,0
257,양산시,2025-04-22,16.1,13.0,52,19.3,1320,0.9,1349.0,3.7,1525.0,,18.0,8.5,230,1429,3.9,230,1157,1.2,1067,70,15.2,82.0,139.0,94.8,17.4,1005.1,1013.5,1,1000.8,1901,1005.8,13.3,0.0,900.0,0.86,4.23,,,,,,9.4,6.8,16.8,10.8,16.9,17.0,16.8,16.5,,,,,,1.1,1.6,,,,2025,4,17,112,1,0,1,1
257,양산시,2025-04-23,15.6,11.9,2136,21.7,1430,0.0,,0.0,,,0.0,12.3,50,816,5.3,70,818,3.0,2599,70,9.6,39.0,1411.0,69.8,12.0,1005.4,1008.4,2059,1002.0,2,1006.1,13.4,7.0,1200.0,3.38,21.08,,,,,,6.1,3.1,18.4,10.7,17.9,17.6,17.1,16.3,,,,,,3.6,5.1,,,,2025,4,17,113,1,0,1,0
257,양산시,2025-04-24,17.4,12.4,214,22.9,1318,,,,,,,10.2,290,2345,5.0,230,1644,2.7,2350,230,11.5,39.0,2228.0,70.4,13.7,1006.1,1009.3,654,1004.6,1602,1006.8,13.4,9.5,1200.0,3.31,23.95,,,,,,7.0,2.8,21.0,12.3,19.0,18.5,18.0,16.6,,,,,,4.7,6.7,,,,2025,4,17,114,1,0,1,0
257,양산시,2025-04-25,15.3,9.9,604,22.1,1555,,,,,,,10.1,50,250,5.4,320,244,2.2,1918,200,-1.7,17.0,957.0,33.1,5.5,1012.7,1016.2,2352,1007.8,1,1013.4,13.4,10.3,1300.0,3.33,24.44,,,,,,3.1,0.1,19.8,6.2,17.7,17.6,17.5,16.8,,,,,,6.0,8.6,,,,2025,4,17,115,1,0,1,0
257,양산시,2025-04-26,15.0,7.1,619,24.6,1359,,,,,,,10.3,230,1454,5.5,200,1428,2.2,1915,230,-0.1,16.0,1330.0,39.0,6.3,1017.1,1020.0,839,1015.9,1715,1017.9,13.5,10.9,1200.0,3.51,27.23,,,,,,0.5,0.0,19.6,3.7,16.9,17.0,16.9,16.3,,,,,,6.1,8.8,,,,2025,4,17,116,1,0,1,0
257,양산시,2025-04-27,18.1,10.7,525,25.4,1219,,,,,,,10.3,230,1538,5.7,200,1526,2.7,2375,200,4.8,24.0,1251.0,44.9,8.6,1013.5,1018.8,5,1011.7,1648,1014.2,13.5,7.8,1100.0,3.3,22.46,,,,,,7.1,3.0,21.0,7.8,18.0,17.9,17.6,16.7,,,,,,5.3,7.6,,,,2025,4,17,117,1,0,1,0
257,양산시,2025-04-28,19.2,14.0,2358,24.4,1419,,,,,,,10.7,50,2138,5.6,200,1340,2.5,2157,200,6.8,18.0,2124.0,48.4,10.5,1006.6,1012.3,14,1002.6,1652,1007.3,13.5,8.5,1200.0,3.4,23.43,,,,,,3.8,1.6,23.7,12.1,20.4,20.0,19.5,17.5,,,,,,5.2,7.5,,,,2025,4,18,118,1,0,1,0
257,양산시,2025-04-29,14.5,8.8,601,19.9,1153,,,,,,,10.3,200,1414,6.2,200,1414,2.5,2169,230,5.5,28.0,1113.0,57.6,9.2,1012.2,1015.1,2400,1010.2,1,1012.9,13.6,10.9,1200.0,3.39,26.47,,,,,,0.0,0.0,21.4,5.6,18.1,18.3,18.3,17.6,,,,,,4.4,6.3,,,,2025,4,18,119,1,0,1,0
257,양산시,2025-04-30,16.3,9.7,502,24.9,1240,,,,,,,8.5,200,1330,4.6,230,1459,2.3,2021,230,7.4,33.0,1307.0,59.8,10.4,1014.3,1016.2,738,1013.7,1635,1015.0,13.6,10.9,1200.0,3.4,26.49,,,,,,0.0,0.0,22.9,7.0,19.1,19.0,18.8,17.6,,,,,,5.1,7.2,,,,2025,4,18,120,1,0,1,0
257,양산시,2025-05-01,16.3,10.0,225,23.8,1329,3.0,1759.0,11.0,1710.0,,22.7,11.6,250,1333,6.3,230,1815,2.4,2096,230,13.2,62.0,1.0,83.1,15.4,1008.7,1015.4,1,1005.1,1914,1009.4,13.6,1.9,1300.0,2.5,12.22,,,,,,6.8,4.1,19.1,6.9,18.3,18.2,18.1,17.7,,,,,,2.5,3.5,,,,2025,5,18,121,0,0,1,1
257,양산시,2025-05-02,16.4,9.5,631,23.4,1558,,,,,,,8.8,270,1330,4.3,270,1338,1.9,1669,270,6.9,27.0,1551.0,56.1,10.1,1007.6,1010.1,2158,1005.2,142,1008.3,13.7,9.9,1200.0,3.53,27.02,,,,,,2.8,2.3,20.9,8.3,18.7,18.4,18.1,17.4,,,,,,4.4,6.2,,,,2025,5,18,122,0,0,1,0
257,양산시,2025-05-03,13.3,10.5,2144,16.3,1124,0.6,1314.0,1.2,1321.0,,2.6,9.8,250,1055,4.7,250,1111,1.3,1141,250,9.9,61.0,1.0,80.4,12.3,1006.2,1009.9,6,1003.6,1331,1007.0,13.7,1.2,1700.0,1.12,4.84,,,,,,8.0,4.4,14.2,8.3,15.4,15.9,16.2,17.1,,,,,,1.2,1.7,,,,2025,5,18,123,0,0,1,1
257,양산시,2025-05-04,15.0,7.3,544,23.7,1550,,,,,,,8.9,200,1718,5.0,200,1746,2.0,1705,200,6.1,22.0,1450.0,59.9,9.4,1011.0,1015.0,2343,1009.6,52,1011.8,13.7,10.8,1200.0,3.51,27.32,,,,,,0.0,0.0,18.5,4.4,16.7,16.4,16.3,16.0,,,,,,5.2,7.4,,,,2025,5,18,124,0,0,1,0
257,양산시,2025-05-05,14.3,7.0,534,22.5,1142,0.4,2207.0,1.0,2145.0,,2.0,6.4,110,1910,3.0,140,1258,1.4,1176,90,6.3,26.0,1144.0,64.1,9.7,1010.6,1015.2,108,1007.9,1921,1011.4,13.7,4.2,1100.0,3.05,16.12,,,,,,7.8,3.1,16.3,3.8,15.3,15.5,15.7,16.2,,,,,,2.9,4.2,,,,2025,5,19,125,0,0,1,1
257,양산시,2025-05-06,12.8,9.2,2355,16.4,1517,2.0,1738.0,6.2,1736.0,,7.3,7.3,70,121,3.5,70,137,2.1,1778,70,9.9,65.0,946.0,83.8,12.2,1005.7,1010.4,2214,1003.6,1516,1006.4,13.8,0.0,1400.0,0.87,5.93,,,,,,8.1,7.4,15.0,7.2,15.1,15.1,15.1,15.7,,,,,,1.3,1.9,,,,2025,5,19,126,0,0,1,1
257,양산시,2025-05-07,14.6,8.1,342,23.1,1405,,,,,,,8.0,200,1457,4.6,230,1450,1.6,1368,230,9.7,40.0,1258.0,75.8,12.1,1012.3,1016.7,2334,1010.1,1,1013.1,13.8,10.3,1200.0,3.6,27.29,,,,,,2.5,1.5,18.2,5.7,17.1,16.8,16.5,15.6,,,,,,4.4,6.3,,,,2025,5,19,127,0,0,1,0
257,양산시,2025-05-08,17.3,9.3,330,24.8,1503,,,,,,,6.9,230,1252,4.1,250,1353,1.2,1064,230,7.3,24.0,1501.0,57.9,10.4,1016.4,1018.6,751,1015.7,1542,1017.1,13.8,9.4,1200.0,3.45,26.07,,,,,,4.0,1.3,21.9,6.9,18.4,18.0,17.7,16.7,,,,,,4.5,6.4,,,,2025,5,19,128,0,0,1,0
257,양산시,2025-05-09,16.0,12.2,530,18.1,2313,2.1,1521.0,7.4,1502.0,,24.3,11.4,110,1316,5.4,200,2331,1.7,1509,50,13.8,50.0,17.0,88.8,16.1,1005.9,1017.4,1,998.9,2400,1006.6,13.9,0.0,1100.0,0.52,3.36,,,,,,9.5,5.6,16.4,11.9,16.6,16.6,16.6,16.9,,,,,,0.8,1.2,,,,2025,5,19,129,0,0,1,1
257,양산시,2025-05-10,16.9,15.4,2307,21.5,1100,0.0,,0.0,,,0.0,11.0,200,1221,5.6,230,1230,3.4,2963,230,11.5,52.0,1557.0,71.8,13.7,1000.6,1006.9,2149,997.5,334,1001.3,13.9,1.7,1000.0,2.74,10.96,,,,,,7.9,7.8,16.6,13.4,17.1,17.0,17.0,16.6,,,,,,2.5,3.5,,,,2025,5,19,130,0,0,1,0
257,양산시,2025-05-11,15.0,10.9,2330,21.0,1347,2.8,1709.0,3.5,1628.0,,3.5,10.5,320,1704,5.4,290,1709,2.0,1712,230,11.4,50.0,1341.0,80.9,13.5,1005.4,1007.6,2339,1003.2,1625,1006.2,13.9,3.0,1300.0,2.62,15.26,,,,,,6.9,2.0,17.6,8.4,17.5,17.3,17.1,16.5,,,,,,2.6,3.7,,,,2025,5,19,131,0,0,1,1
257,양산시,2025-05-12,17.0,9.8,538,25.3,1313,,,,,,,8.8,200,1633,4.9,230,1617,2.4,2031,230,9.4,31.0,1300.0,67.0,11.9,1009.5,1013.6,2323,1007.6,1,1010.3,14.0,10.5,1200.0,3.5,27.1,,,,,,0.0,0.0,19.7,7.7,18.0,17.8,17.5,16.6,,,,,,5.4,7.7,,,,2025,5,20,132,0,0,1,0
257,양산시,2025-05-13,17.6,10.6,538,24.5,1133,,,,,,,8.6,200,1253,5.5,200,1441,2.3,1990,230,13.1,51.0,1042.0,77.3,15.2,1014.7,1016.5,2207,1013.5,1,1015.4,14.0,7.1,1200.0,3.32,23.04,,,,,,4.4,0.3,20.2,8.0,18.5,18.4,18.1,17.3,,,,,,3.9,5.6,,,,2025,5,20,133,0,0,1,0
257,양산시,2025-05-14,18.5,12.0,327,24.6,1113,,,,,,,9.5,200,1349,5.2,200,1250,2.5,2172,200,13.2,50.0,1124.0,73.4,15.2,1016.1,1018.8,702,1015.6,1637,1016.8,14.0,9.8,1100.0,3.41,25.63,,,,,,4.4,1.3,22.2,9.0,19.5,19.3,19.0,17.9,,,,,,4.1,5.8,,,,2025,5,20,134,0,0,1,0
257,양산시,2025-05-15,19.3,16.4,14,20.1,1412,0.0,,0.0,,,0.0,8.4,230,1037,4.5,200,1235,2.4,2037,230,18.0,82.0,32.0,92.8,20.7,1015.5,1017.0,1036,1015.0,333,1016.2,14.0,0.0,1200.0,0.44,2.65,,,,,,9.6,6.4,18.7,14.9,18.8,18.7,18.5,18.2,,,,,,0.7,1.0,,,,2025,5,20,135,0,0,1,0
257,양산시,2025-05-16,19.5,17.2,2329,22.2,1318,2.1,1658.0,10.1,2022.0,,34.5,13.6,110,2147,6.0,140,2151,2.2,1873,230,18.7,82.0,1328.0,95.4,21.6,1011.7,1016.7,2,1004.0,2305,1012.4,14.1,0.0,1300.0,0.67,4.48,,,,,,10.0,5.4,20.3,16.8,19.6,19.2,19.0,18.1,,,,,,1.0,1.5,,,,2025,5,20,136,0,0,1,1
257,양산시,2025-05-17,20.7,16.6,2305,27.2,1410,0.2,,0.2,,,0.4,8.3,230,1610,4.6,230,1511,2.4,2060,200,17.9,60.0,1335.0,85.3,20.5,1003.9,1006.6,2138,1001.8,313,1004.6,14.1,6.0,1300.0,3.31,22.0,,,,,,6.3,2.1,23.2,16.0,22.0,21.4,20.6,18.7,,,,,,3.8,5.4,,,,2025,5,20,137,0,0,1,0
257,양산시,2025-05-18,19.0,13.0,2315,25.7,1251,,,,,,,8.1,140,1315,4.2,160,1317,1.6,1396,290,11.7,37.0,1151.0,66.4,14.0,1008.2,1011.8,2310,1005.8,118,1009.0,14.1,8.1,1200.0,3.47,24.52,,,,,,5.6,1.8,22.7,10.7,21.5,21.3,20.9,19.6,,,,,,4.5,6.5,,,,2025,5,20,138,0,0,1,0
257,양산시,2025-05-19,19.7,12.7,104,24.6,1347,0.0,,0.0,,,0.0,11.6,250,2150,6.0,200,1304,3.0,2598,230,14.1,45.0,1418.0,71.9,16.2,1007.3,1011.9,134,1005.2,1647,1008.0,14.1,9.5,1100.0,3.19,26.2,,,,,,4.5,3.9,24.1,10.7,21.2,20.8,20.5,19.5,,,,,,5.1,7.3,,,,2025,5,21,139,0,0,1,0
257,양산시,2025-05-20,23.4,19.6,544,27.8,1230,,,,,,,10.3,200,1449,6.1,200,1518,3.7,3216,230,20.3,66.0,1118.0,83.5,23.9,1008.5,1010.5,809,1007.6,3,1009.2,14.2,10.1,1200.0,3.43,27.09,,,,,,3.8,0.8,28.4,18.2,24.8,23.9,23.3,20.8,,,,,,4.5,6.4,,,,2025,5,21,140,0,0,1,0
257,양산시,2025-05-21,24.2,20.2,537,28.9,1008,0.0,,0.0,,,0.0,7.2,50,2258,3.6,200,117,1.8,1596,230,20.2,58.0,1010.0,79.5,23.7,1005.5,1010.0,204,1003.3,1820,1006.2,14.2,3.1,900.0,2.22,13.65,,,,,,8.0,3.1,26.9,18.0,24.4,23.8,23.3,21.8,,,,,,2.8,3.9,,,,2025,5,21,141,0,0,1,0
257,양산시,2025-05-22,18.2,16.1,2354,21.7,1111,0.0,,0.0,,,0.0,11.5,50,1206,6.2,50,1138,3.6,3148,70,13.7,63.0,1110.0,75.3,15.7,1007.2,1011.4,2148,1004.3,105,1007.9,14.2,0.7,1000.0,2.15,12.48,,,,,,8.6,6.5,21.4,15.5,21.0,21.0,21.2,21.1,,,,,,2.8,4.0,,,,2025,5,21,142,0,0,1,0
257,양산시,2025-05-23,18.4,14.7,423,21.7,1424,,,,,,,11.2,70,1713,4.6,90,2012,2.9,2534,70,7.5,37.0,1400.0,50.4,10.5,1010.6,1012.6,1004,1010.3,1716,1011.3,14.2,2.3,1300.0,1.82,14.09,,,,,,9.1,5.6,21.7,12.8,19.8,19.6,19.7,19.8,,,,,,3.5,5.0,,,,2025,5,21,143,0,0,1,0
257,양산시,2025-05-24,14.5,13.1,2138,17.5,12,0.4,604.0,1.3,527.0,,2.5,13.4,50,1422,6.5,50,1506,3.8,3258,70,11.6,52.0,6.0,83.5,13.7,1007.0,1011.3,4,1005.0,1511,1007.8,14.2,0.0,1300.0,0.7,4.33,,,,,,9.6,5.1,15.8,12.7,16.7,17.1,17.6,18.8,,,,,,1.2,1.8,,,,2025,5,21,144,0,0,1,1
257,양산시,2025-05-25,16.8,12.6,152,24.2,1357,0.0,,0.0,,,0.0,7.6,270,1553,4.0,230,1541,1.6,1407,250,11.9,44.0,1342.0,74.6,13.9,1012.9,1017.3,2315,1010.2,12,1013.7,14.3,7.7,1300.0,3.5,24.91,,,,,,3.9,1.6,23.0,10.1,20.1,19.8,19.5,18.3,,,,,,4.0,5.7,,,,2025,5,21,145,0,0,1,0
257,양산시,2025-05-26,18.0,11.5,240,25.9,1230,,,,,,,7.7,230,1345,4.8,230,1347,1.8,1556,230,12.6,43.0,1219.0,74.0,14.7,1016.6,1018.7,2146,1015.9,1627,1017.3,14.3,10.3,1200.0,3.61,26.37,,,,,,2.4,0.3,24.9,8.9,21.3,21.1,20.7,19.4,,,,,,4.7,6.7,,,,2025,5,22,146,0,0,1,0
257,양산시,2025-05-27,18.9,11.9,450,26.7,1357,,,,,,,8.4,230,1611,4.1,230,1453,1.6,1340,230,11.5,33.0,1223.0,66.3,13.5,1017.2,1019.5,721,1015.7,1552,1017.9,14.3,10.2,1200.0,3.36,26.23,,,,,,0.6,0.0,25.9,9.3,22.3,22.0,21.6,20.2,,,,,,5.0,7.1,,,,2025,5,22,147,0,0,1,0
257,양산시,2025-05-28,20.4,13.1,506,27.7,1513,,,,,,,6.7,50,2354,3.7,230,1351,1.5,1283,230,12.8,39.0,1520.0,64.3,14.8,1016.5,1018.6,557,1015.1,1622,1017.2,14.3,10.0,1200.0,3.14,24.18,,,,,,0.9,0.4,27.2,10.3,23.1,22.7,22.3,20.9,,,,,,4.5,6.5,,,,2025,5,22,148,0,0,1,0
257,양산시,2025-05-29,19.6,13.1,450,27.8,1228,0.0,,0.0,,,0.0,7.7,110,1604,3.7,110,1738,1.5,1310,50,13.0,40.0,1229.0,67.8,15.0,1013.5,1017.6,1,1011.9,1623,1014.3,14.3,8.5,1100.0,3.27,23.29,,,,,,2.3,1.1,27.2,10.6,23.0,22.8,22.5,21.3,,,,,,4.4,6.3,,,,2025,5,22,149,0,0,1,0
257,양산시,2025-05-30,19.4,14.2,534,27.0,1431,,,,,,,9.1,70,825,4.3,50,705,2.7,2342,70,11.2,27.0,1356.0,61.5,13.3,1011.4,1013.7,715,1010.2,1522,1012.1,14.4,10.5,1200.0,3.6,28.76,,,,,,0.0,0.0,29.3,12.0,23.5,23.3,23.0,21.6,,,,,,5.5,7.8,,,,2025,5,22,150,0,0,1,0
257,양산시,2025-05-31,20.0,12.0,531,29.1,1513,,,,,,,7.6,160,1650,4.1,140,1558,1.4,1175,50,10.2,31.0,1523.0,56.6,12.4,1009.6,1013.1,659,1007.5,1733,1010.3,14.4,9.9,1200.0,3.2,25.27,,,,,,4.4,0.1,29.2,9.1,23.2,23.0,22.9,21.9,,,,,,4.8,6.8,,,,2025,5,22,151,0,0,1,0
257,양산시,2025-06-01,20.8,13.0,503,28.4,1415,,,,,,,8.1,200,1259,4.4,230,1304,1.5,1311,230,13.9,42.0,1155.0,67.0,16.0,1008.2,1011.1,719,1007.2,1622,1008.9,14.4,9.7,1200.0,3.41,26.2,,,,,,3.5,0.1,29.9,9.9,24.5,24.0,23.6,22.1,,,,,,4.6,6.6,,,,2025,6,22,152,0,0,1,0
257,양산시,2025-06-02,19.2,16.3,2347,23.0,1057,0.3,2052.0,0.4,2254.0,,1.0,5.6,270,1352,3.1,230,1450,1.4,1177,230,15.8,56.0,1543.0,81.8,18.0,1002.9,1007.4,1,999.6,2400,1003.6,14.4,0.0,1300.0,1.16,8.64,,,,,,9.6,4.6,23.3,14.0,22.2,22.1,22.1,22.0,,,,,,1.8,2.6,,,,2025,6,23,153,0,0,1,1
257,양산시,2025-06-03,21.4,15.8,744,26.5,1315,0.5,153.0,2.2,153.0,,3.5,8.2,230,1513,4.6,200,1552,2.0,1756,230,14.3,31.0,2354.0,68.0,16.8,997.7,1001.3,2312,996.4,1735,998.4,14.4,6.3,1300.0,3.28,22.14,,,,,,5.8,2.5,26.8,15.9,23.5,23.0,22.6,21.6,,,,,,4.6,6.6,,,,2025,6,23,154,0,0,1,1
257,양산시,2025-06-04,22.2,12.9,511,29.1,1718,,,,,,,10.8,230,1204,5.9,200,1203,2.5,2146,200,6.7,20.0,1727.0,39.8,9.9,1002.9,1007.5,2348,1000.6,1524,1003.6,14.4,10.8,1200.0,3.55,28.99,,,,,,0.0,0.0,28.7,9.0,23.7,23.4,23.1,21.9,,,,,,7.4,10.6,,,,2025,6,23,155,0,0,1,0
257,양산시,2025-06-05,21.5,15.3,454,29.7,1303,,,,,,,9.0,200,1423,4.8,230,1413,2.0,1766,230,10.5,28.0,1304.0,51.8,12.7,1009.1,1011.3,656,1007.4,1,1009.8,14.5,10.0,1200.0,3.66,28.47,,,,,,2.4,0.0,30.0,10.7,24.6,24.3,24.0,22.5,,,,,,5.7,8.2,,,,2025,6,23,156,0,0,1,0
257,양산시,2025-06-06,21.2,16.1,319,28.3,1325,0.0,,0.0,,,0.0,8.8,230,1613,5.3,200,1501,2.1,1848,230,13.2,38.0,1236.0,62.3,15.2,1008.6,1010.1,1,1007.7,1837,1009.3,14.5,2.7,1200.0,2.45,14.53,,,,,,8.6,3.9,25.2,12.7,23.9,23.7,23.4,22.7,,,,,,3.6,5.2,,,,2025,6,23,157,0,0,1,0
257,양산시,2025-06-07,22.7,15.7,435,29.7,1205,,,,,,,9.6,230,1436,5.6,200,1439,2.6,2278,200,13.8,32.0,1649.0,59.9,15.9,1007.7,1009.7,45,1006.6,1628,1008.4,14.5,9.5,1100.0,3.41,26.53,,,,,,6.6,0.1,31.4,12.8,25.5,24.8,24.3,22.7,,,,,,5.9,8.4,,,,2025,6,23,158,0,0,1,0
257,양산시,2025-06-08,23.4,19.0,515,30.5,1320,,,,,,,7.6,200,1646,4.3,230,1430,1.8,1553,230,17.7,46.0,1624.0,71.6,20.4,1007.2,1009.3,2330,1006.3,1549,1007.9,14.5,5.4,1200.0,3.16,21.12,,,,,,5.8,0.8,30.3,15.9,27.1,26.4,25.7,23.7,,,,,,3.9,5.6,,,,2025,6,23,159,0,0,1,0
257,양산시,2025-06-09,23.5,18.9,2321,29.7,1402,,,,,,,5.8,250,1438,2.6,200,1846,1.2,1075,250,17.9,41.0,1705.0,73.5,20.5,1006.1,1009.0,1,1004.8,1659,1006.8,14.5,3.6,1100.0,2.69,18.06,,,,,,6.5,1.0,29.2,15.4,26.4,26.0,25.6,24.1,,,,,,3.6,5.2,,,,2025,6,24,160,0,0,1,0
257,양산시,2025-06-10,24.3,17.8,303,30.7,1336,,,,,,,9.2,200,1406,5.6,200,1422,2.3,2003,230,18.8,49.0,1323.0,73.8,21.7,1004.5,1007.1,50,1003.6,1734,1005.2,14.5,7.2,1200.0,3.25,23.04,,,,,,4.8,0.4,31.4,14.3,27.0,26.5,25.9,24.2,,,,,,5.0,7.1,,,,2025,6,24,161,0,0,1,0
257,양산시,2025-06-11,24.8,19.9,2354,33.4,1606,,,,,,,8.5,110,1336,4.0,230,1630,1.8,1529,290,13.1,25.0,1408.0,51.9,15.3,1008.9,1013.1,2327,1006.1,122,1009.6,14.5,10.0,1200.0,3.4,26.64,,,,,,6.5,0.1,34.6,16.5,28.7,28.0,27.3,25.1,,,,,,5.8,8.2,,,,2025,6,24,162,0,0,1,0
257,양산시,2025-06-12,22.8,17.9,2326,30.1,1359,,,,,,,6.4,230,1859,3.6,200,1845,1.3,1129,230,15.3,44.0,1151.0,64.6,17.5,1013.7,1016.2,2136,1012.6,225,1014.4,14.5,1.6,1000.0,2.1,16.6,,,,,,8.6,0.9,29.2,14.2,26.7,26.4,26.1,25.2,,,,,,3.2,4.6,,,,2025,6,24,163,0,0,1,0
257,양산시,2025-06-13,21.5,16.7,441,26.1,1255,10.8,2323.0,23.1,2255.0,,27.2,8.4,20,2226,4.2,50,2235,1.0,878,70,17.2,50.0,1440.0,78.1,19.8,1012.3,1015.9,1,1008.8,2313,1013.0,14.5,0.0,1300.0,1.42,9.92,,,,,,9.9,5.3,25.7,13.4,24.2,24.3,24.2,24.2,,,,,,1.7,2.4,,,,2025,6,24,164,0,0,1,1
257,양산시,2025-06-14,,19.8,7,25.1,1711,6.4,19.0,20.3,511.0,,96.5,8.4,230,825,4.4,250,833,1.6,1361,230,,83.0,700.0,99.3,,1000.8,1009.2,16,998.2,1710,,14.5,0.1,1500.0,0.88,4.79,,,,,,9.3,6.0,23.4,19.5,23.1,22.8,22.5,22.5,,,,,,,,,,,2025,6,24,165,0,0,0,1
257,양산시,2025-06-15,24.3,21.8,251,29.4,1442,0.6,1941.0,1.7,2300.0,,3.0,8.0,230,1542,4.9,200,1536,2.3,2007,230,22.4,65.0,1437.0,90.4,27.0,999.6,1002.0,519,998.7,2352,1000.3,14.5,5.1,1200.0,3.42,21.15,,,,,,8.4,6.1,28.3,21.6,27.0,26.1,25.3,23.4,,,,,,3.5,5.0,,,,2025,6,24,166,0,0,1,1
257,양산시,2025-06-16,23.5,20.8,2235,28.5,1705,1.2,951.0,3.0,941.0,,6.0,8.7,230,1413,4.7,230,1001,2.7,2360,230,21.8,64.0,1708.0,90.6,26.1,999.3,1004.3,2343,997.3,354,1000.0,14.5,1.4,1600.0,1.82,9.45,,,,,,6.8,4.0,24.1,19.2,24.7,24.7,24.5,23.9,,,,,,2.0,2.9,,,,2025,6,25,167,0,0,1,1
257,양산시,2025-06-17,24.0,20.3,119,28.5,1429,,,,,,,8.3,200,1227,4.7,230,1254,2.9,2481,230,21.0,67.0,1427.0,84.4,24.9,1005.8,1008.6,2230,1004.3,1,1006.5,14.5,7.3,1000.0,3.02,23.23,,,,,,6.5,4.3,26.8,19.2,26.0,25.3,24.8,23.7,,,,,,4.0,5.7,,,,2025,6,25,168,0,0,1,0
257,양산시,2025-06-18,24.6,20.9,2341,30.0,1436,,,,,,,9.4,200,1447,5.2,200,1448,2.4,2053,230,19.9,57.0,1651.0,77.1,23.3,1010.0,1013.2,2357,1008.3,244,1010.7,14.5,9.7,1200.0,3.41,26.89,,,,,,1.8,1.1,28.5,19.0,27.2,26.7,26.1,24.5,,,,,,5.1,7.3,,,,2025,6,25,169,0,0,1,0
257,양산시,2025-06-19,26.1,19.2,438,32.3,1159,,,,,,,9.4,200,1427,4.9,230,1430,2.3,2006,200,20.7,42.0,1203.0,74.5,24.6,1012.4,1014.5,703,1011.9,1739,1013.1,14.6,9.2,1200.0,3.49,25.35,,,,,,5.1,1.3,28.5,16.9,27.3,26.8,26.2,24.7,,,,,,4.6,6.6,,,,2025,6,25,170,0,0,1,0
257,양산시,2025-06-20,24.5,23.6,2330,27.2,1052,0.2,,0.6,2156.0,,1.1,10.3,200,1138,5.3,230,1545,3.4,2925,230,23.8,86.0,13.0,96.6,29.5,1008.5,1012.7,1,1007.4,1657,1009.2,14.6,0.0,1000.0,1.47,7.26,,,,,,9.5,7.8,25.5,23.1,25.7,25.6,25.4,25.0,,,,,,1.3,1.8,,,,2025,6,25,171,0,0,1,1
257,양산시,2025-06-21,23.5,21.2,2320,24.9,1207,1.2,2018.0,2.9,1930.0,,9.6,9.7,230,607,4.9,200,705,3.2,2762,230,23.2,88.0,801.0,98.3,28.4,1003.8,1007.5,1,1002.3,2341,1004.5,14.6,0.0,1200.0,0.45,3.21,,,,,,9.8,7.4,24.1,21.2,24.3,24.3,24.2,24.1,,,,,,0.7,1.0,,,,2025,6,25,172,0,0,1,1
257,양산시,2025-06-22,22.0,18.8,542,29.2,1545,5.9,16.0,13.5,3.0,,17.2,7.1,230,1702,4.2,200,1703,1.5,1290,230,18.7,43.0,1540.0,83.5,21.5,1005.1,1007.3,2237,1002.6,10,1005.8,14.5,2.2,1300.0,3.31,15.7,,,,,,9.3,1.1,24.6,17.7,24.8,24.4,24.0,23.4,,,,,,3.3,4.7,,,,2025,6,25,173,0,0,1,1
257,양산시,2025-06-23,24.6,17.5,442,32.1,1415,,,,,,,7.9,110,1736,4.0,140,1642,1.6,1347,200,17.9,44.0,1215.0,69.5,20.5,1006.1,1008.0,2234,1005.1,1534,1006.8,14.5,10.0,1300.0,3.6,27.01,,,,,,1.8,0.1,26.2,15.1,25.8,25.3,24.8,23.8,,,,,,5.0,7.2,,,,2025,6,26,174,0,0,1,0
257,양산시,2025-06-24,21.1,19.1,208,24.5,857,4.2,1304.0,14.2,1300.0,,30.9,8.9,50,1324,4.9,50,1319,2.7,2345,50,19.0,61.0,843.0,88.8,22.0,1007.4,1009.0,1025,1007.1,1631,1008.1,14.5,0.0,900.0,0.43,3.7,,,,,,9.5,5.3,21.0,16.6,21.8,22.0,22.2,23.2,,,,,,0.9,1.3,,,,2025,6,26,175,0,0,1,1
257,양산시,2025-06-25,23.4,20.5,2357,27.5,1501,6.6,18.0,8.0,1.0,,8.0,9.5,230,1601,5.1,200,1709,2.4,2091,200,20.6,67.0,1205.0,85.6,24.3,1006.6,1008.5,2301,1006.4,605,1007.3,14.6,6.4,1300.0,3.35,22.34,,,,,,6.6,3.0,26.6,18.4,25.2,24.5,24.0,22.7,,,,,,4.3,6.1,,,,2025,6,26,176,0,0,1,1
257,양산시,2025-06-26,25.1,18.9,416,32.1,1306,,,,,,,7.8,200,1536,4.8,230,1545,2.1,1821,200,19.4,45.0,1253.0,73.6,22.6,1006.9,1008.5,2,1006.3,1444,1007.6,14.5,8.5,1200.0,3.42,25.63,,,,,,4.8,1.4,26.6,17.2,25.7,25.4,25.0,23.7,,,,,,5.1,7.3,,,,2025,6,26,177,0,0,1,0
257,양산시,2025-06-27,26.5,21.1,506,33.0,1305,,,,,,,6.3,230,1419,3.9,230,1354,1.8,1513,200,21.5,51.0,1307.0,75.9,25.7,1006.8,1008.7,2223,1006.1,1639,1007.5,14.5,9.4,1300.0,3.26,24.82,,,,,,4.8,0.1,28.3,19.0,27.5,27.0,26.4,24.6,,,,,,4.8,6.9,,,,2025,6,26,178,0,0,1,0
257,양산시,2025-06-28,27.4,21.4,521,33.3,1251,,,,,,,7.7,230,1453,4.7,200,1358,2.0,1760,230,23.4,59.0,1145.0,80.3,28.9,1006.3,1008.3,1,1005.3,1718,1007.0,14.5,10.2,1200.0,3.36,26.35,,,,,,2.3,0.1,32.1,20.7,29.4,28.8,28.1,25.8,,,,,,5.0,7.1,,,,2025,6,26,179,0,0,1,0
257,양산시,2025-06-29,,21.9,459,33.6,1156,,,,,,,8.1,230,1538,4.6,230,1540,2.3,2030,230,,58.0,1326.0,79.6,,1006.7,1009.0,2301,1006.4,224,,14.5,10.0,1200.0,3.44,27.2,,,,,,0.0,0.0,33.9,22.1,30.8,30.3,29.6,27.0,,,,,,,,,,,2025,6,26,180,0,0,0,0
257,양산시,2025-06-30,,25.3,2333,32.5,1533,,,,,,,8.9,230,1448,5.4,200,1456,2.5,2141,230,,59.0,1158.0,77.6,,1009.8,1011.9,2302,1009.9,1557,,14.5,10.7,1200.0,3.38,27.51,,,,,,1.4,0.1,34.4,21.9,31.1,30.6,30.0,27.8,,,,,,,,,,,2025,6,27,181,0,0,0,0
257,양산시,2025-07-01,28.5,23.7,505,33.3,1221,,,,,,,7.4,200,1447,4.5,200,1514,2.2,1942,230,24.6,62.0,1052.0,81.1,31.0,1011.6,1013.6,733,1011.0,1823,1012.3,14.5,8.7,1100.0,3.2,23.23,,,,,,3.6,0.4,32.8,21.8,30.4,30.0,29.7,28.1,,,,,,4.5,6.4,,,,2025,7,27,182,0,0,1,0
257,양산시,2025-07-02,29.9,25.8,311,35.2,1419,,,,,,,7.2,200,1317,4.2,230,1325,2.0,1752,200,25.4,58.0,1115.0,78.4,32.4,1010.9,1013.4,835,1009.7,1730,1011.6,14.5,9.1,1100.0,3.28,24.82,,,,,,0.8,0.5,35.1,23.9,32.2,31.6,30.9,28.6,,,,,,5.1,7.4,,,,2025,7,27,183,0,0,1,0
257,양산시,2025-07-03,29.9,25.5,425,36.3,1202,,,,,,,8.1,230,1447,4.8,200,1322,2.3,1958,230,24.3,50.0,1203.0,73.9,30.4,1008.6,1011.3,1,1007.2,1700,1009.3,14.5,,1300.0,3.28,,,,,,,2.3,0.3,36.5,23.6,32.8,32.0,31.4,29.3,,,,,,,,,,,2025,7,27,184,0,0,1,0
257,양산시,2025-07-04,28.7,24.2,455,33.6,1336,,,,,,,9.2,200,1457,5.8,200,1506,2.8,2441,200,23.4,49.0,948.0,74.9,28.8,1006.2,1009.0,14,1005.1,1633,1006.9,14.5,7.6,1300.0,2.81,22.42,,,,,,5.6,1.3,34.3,21.9,31.7,30.9,30.4,29.0,,,,,,4.9,7.1,,,,2025,7,27,185,0,0,1,0
257,양산시,2025-07-05,29.1,24.4,538,34.0,1102,,,,,,,9.5,200,1714,5.9,200,1624,2.7,2370,230,23.7,45.0,1046.0,74.3,29.3,1004.2,1006.6,1,1003.3,1530,1004.9,14.5,10.9,1200.0,3.45,27.94,,,,,,0.9,0.6,36.4,22.5,32.6,31.7,31.1,29.2,,,,,,5.8,8.3,,,,2025,7,27,186,0,0,1,0
257,양산시,2025-07-06,30.1,25.3,313,37.4,1513,,,,,,,7.0,200,1730,4.2,200,1558,2.2,1923,230,24.4,44.0,1514.0,73.9,30.5,1003.0,1005.1,836,1001.6,1704,1003.7,14.5,9.8,1200.0,3.33,26.03,,,,,,2.5,1.3,37.4,23.4,33.6,32.6,31.9,29.8,,,,,,5.6,8.0,,,,2025,7,27,187,0,0,1,0
257,양산시,2025-07-07,31.2,25.9,520,37.8,1247,,,,,,,7.9,160,1455,4.9,160,1452,1.6,1421,230,24.9,50.0,1250.0,70.5,31.4,1003.7,1006.4,2307,1003.3,1437,1004.4,14.4,8.4,1200.0,3.26,23.18,,,,,,1.9,0.9,36.9,23.5,33.3,32.6,32.1,30.3,,,,,,5.3,7.5,,,,2025,7,28,188,0,0,1,0
257,양산시,2025-07-08,29.5,26.3,530,33.8,1650,,,,,,,9.4,70,1014,4.0,70,1402,2.6,2229,70,23.1,57.0,1651.0,69.1,28.4,1006.8,1009.3,2251,1006.2,1728,1007.5,14.4,6.5,1000.0,3.24,20.27,,,,,,3.0,1.4,33.9,24.7,31.9,31.7,31.5,30.3,,,,,,4.7,6.7,,,,2025,7,28,189,0,0,1,0
257,양산시,2025-07-09,29.5,25.5,353,34.8,1403,,,,,,,9.9,110,1718,4.4,110,1719,2.9,2464,90,20.3,46.0,1058.0,58.5,23.9,1008.1,1010.3,2344,1007.6,1642,1008.8,14.4,9.9,1300.0,3.35,26.76,,,,,,4.0,2.1,37.1,23.2,32.9,32.1,31.6,30.1,,,,,,6.4,9.2,,,,2025,7,28,190,0,0,1,0
257,양산시,2025-07-10,28.2,25.5,532,33.4,1215,,,,,,,11.2,50,1638,5.8,70,1603,3.0,2635,70,20.1,48.0,1215.0,62.4,23.6,1009.5,1011.6,2208,1009.0,1604,1010.2,14.4,7.8,1100.0,3.47,24.41,,,,,,4.4,2.4,35.0,24.2,31.9,31.4,31.2,30.1,,,,,,5.7,8.2,,,,2025,7,28,191,0,0,1,0
257,양산시,2025-07-11,27.6,24.8,414,33.1,1342,,,,,,,11.0,50,256,4.5,70,137,3.3,2860,70,19.2,46.0,1314.0,61.1,22.3,1010.7,1012.6,2238,1010.3,325,1011.4,14.4,9.7,1200.0,3.52,26.26,,,,,,4.4,1.8,35.3,23.3,31.7,31.1,30.8,29.5,,,,,,5.9,8.4,,,,2025,7,28,192,0,0,1,0
257,양산시,2025-07-12,27.2,24.0,429,32.4,1535,,,,,,,9.5,50,1120,4.2,70,547,2.9,2474,70,19.0,44.0,1636.0,62.0,21.9,1008.1,1012.3,3,1006.3,2353,1008.8,14.4,7.6,1300.0,3.42,22.05,,,,,,5.8,1.6,35.5,22.2,31.5,30.3,29.7,28.9,,,,,,5.0,7.1,,,,2025,7,28,193,0,0,1,0
257,양산시,2025-07-13,26.6,21.9,2335,32.8,1334,12.6,2244.0,43.1,2218.0,,114.3,9.7,160,1822,4.6,140,1825,1.5,1274,110,21.7,53.0,852.0,76.3,26.1,999.7,1006.2,1,995.8,2358,1000.4,14.4,2.5,1300.0,2.53,13.45,,,,,,8.6,4.9,31.9,21.6,29.9,28.7,28.5,28.5,,,,,,2.5,3.6,,,,2025,7,28,194,0,0,1,1
257,양산시,2025-07-14,24.5,19.6,2030,32.8,1550,7.3,2017.0,16.2,29.0,,39.3,9.9,50,1946,4.9,70,1953,1.5,1311,110,20.9,51.0,1209.0,83.4,24.7,991.9,995.8,1,990.7,1535,992.6,14.3,6.9,1100.0,3.39,22.49,,,,,,6.9,3.4,28.2,19.3,26.7,25.4,25.3,25.6,,,,,,4.3,6.1,,,,2025,7,29,195,0,0,1,1
257,양산시,2025-07-15,23.7,19.0,352,28.4,1059,0.5,1339.0,0.5,1249.0,,0.5,8.6,230,1751,4.9,230,1758,1.7,1492,230,21.5,67.0,1104.0,88.0,25.6,995.3,1001.1,2341,992.4,25,996.0,14.3,2.2,800.0,1.7,10.36,,,,,,6.9,4.5,24.8,18.2,25.1,24.2,24.3,25.2,,,,,,1.9,2.7,,,,2025,7,29,196,0,0,1,0
257,양산시,2025-07-16,24.5,22.5,253,27.4,1134,0.4,1356.0,0.6,1313.0,,0.6,11.3,200,1158,5.7,230,1200,1.6,1424,230,22.8,77.0,1132.0,90.8,27.7,1003.5,1005.9,2109,1001.0,7,1004.2,14.3,0.0,1000.0,0.95,5.35,,,,,,9.6,4.5,24.8,21.1,25.3,24.1,24.0,24.5,,,,,,1.1,1.6,,,,2025,7,29,197,0,0,1,0
257,양산시,2025-07-17,24.9,22.5,1904,29.3,1418,6.1,1757.0,9.4,627.0,,21.3,12.7,250,1703,5.6,230,1531,1.9,1682,230,24.3,78.0,1704.0,96.9,30.5,1006.1,1009.0,2113,1005.2,1325,1006.8,14.3,0.0,1300.0,0.97,6.06,,,,,,8.5,6.1,25.7,22.1,25.8,24.6,24.3,24.3,,,,,,1.4,2.0,,,,2025,7,29,198,0,0,1,1
257,양산시,2025-07-18,24.9,22.1,217,28.4,1243,6.9,204.0,13.2,202.0,,30.2,7.7,200,1439,3.9,200,1455,1.3,1153,250,24.2,85.0,1256.0,96.8,30.3,1007.2,1009.9,2305,1005.7,443,1007.9,14.3,0.4,1200.0,1.45,7.96,,,,,,9.8,4.3,26.0,21.9,25.9,24.8,24.5,24.3,,,,,,1.3,1.8,,,,2025,7,29,199,0,0,1,1
257,양산시,2025-07-19,23.1,21.5,1422,27.0,1105,20.3,250.0,54.0,208.0,,127.9,14.8,200,531,6.4,230,540,1.4,1237,230,22.9,84.0,1144.0,99.5,28.0,1011.0,1013.9,1408,1008.4,205,1011.7,14.2,0.1,1000.0,0.63,3.88,,,,,,9.6,6.6,24.4,21.2,24.3,23.5,23.3,24.0,,,,,,1.0,1.4,,,,2025,7,29,200,0,0,1,1
257,양산시,2025-07-20,27.0,21.2,320,32.5,1530,,,,,,,4.8,230,1424,2.6,230,1424,1.0,858,180,23.6,60.0,1523.0,83.8,29.3,1012.4,1014.6,2319,1011.8,311,1013.1,14.2,6.0,1300.0,2.64,18.93,,,,,,7.0,1.9,28.5,20.7,27.6,26.2,25.4,24.2,,,,,,3.6,5.1,,,,2025,7,29,201,0,0,1,0
257,양산시,2025-07-21,27.0,24.1,418,32.0,1321,4.2,1416.0,4.2,1401.0,,4.5,8.6,230,1027,5.1,230,1027,1.7,1469,230,25.3,69.0,1303.0,91.1,32.2,1013.5,1015.0,942,1013.5,1704,1014.2,14.2,3.9,1000.0,2.93,16.71,,,,,,5.3,3.1,28.8,23.3,28.0,26.9,26.4,25.4,,,,,,3.1,4.4,,,,2025,7,30,202,0,0,1,1
257,양산시,2025-07-22,28.8,23.6,437,34.6,1251,,,,,,,6.2,200,1325,3.6,230,1521,1.7,1426,200,24.2,53.0,1254.0,78.6,30.2,1012.9,1015.2,752,1012.1,1622,1013.6,14.2,9.8,1200.0,3.51,25.68,,,,,,1.4,0.0,30.6,22.3,29.6,28.4,27.8,26.3,,,,,,5.2,7.4,,,,2025,7,30,203,0,0,1,0
257,양산시,2025-07-23,29.0,23.9,458,35.6,1245,,,,,,,5.4,230,1306,2.8,140,1511,1.2,1058,140,24.5,56.0,1217.0,78.6,30.7,1011.2,1013.6,734,1009.8,1730,1011.9,14.2,6.8,1200.0,3.57,21.26,,,,,,1.0,0.6,29.9,22.3,29.5,28.6,28.2,27.1,,,,,,4.3,6.1,,,,2025,7,30,204,0,0,1,0
257,양산시,2025-07-24,28.6,21.8,352,35.0,1323,,,,,,,7.0,110,1346,3.7,160,1745,1.3,1094,70,21.6,38.0,1457.0,68.6,25.8,1009.4,1011.9,702,1008.4,1607,1010.1,14.1,10.2,1200.0,3.48,27.81,,,,,,0.5,0.0,31.9,19.7,29.7,28.9,28.4,27.3,,,,,,5.7,8.1,,,,2025,7,30,205,0,0,1,0
257,양산시,2025-07-25,29.8,26.0,353,34.0,1449,,,,,,,8.6,110,1325,4.3,160,1301,2.1,1804,50,23.2,50.0,1552.0,69.1,28.5,1008.2,1009.9,1032,1007.6,1645,1008.9,14.1,8.5,1200.0,3.58,25.2,,,,,,1.1,1.0,34.9,23.7,31.2,30.2,29.6,27.9,,,,,,5.3,7.5,,,,2025,7,30,206,0,0,1,0
257,양산시,2025-07-26,29.9,25.4,550,34.4,1433,,,,,,,7.3,160,1627,3.8,180,1242,1.9,1649,50,23.5,53.0,1531.0,70.0,28.9,1006.8,1009.2,1,1005.8,1744,1007.5,14.1,8.1,1200.0,3.4,24.35,,,,,,1.9,1.3,35.0,23.9,32.1,31.1,30.4,28.6,,,,,,5.3,7.6,,,,2025,7,30,207,0,0,1,0
257,양산시,2025-07-27,29.9,25.9,552,34.3,1408,,,,,,,8.5,110,1709,4.1,160,1232,2.0,1762,70,22.9,50.0,1438.0,67.6,27.9,1005.2,1007.5,1,1004.5,1740,1005.9,14.1,9.5,1200.0,3.5,25.72,,,,,,1.3,0.8,36.1,23.8,32.5,31.5,30.9,29.1,,,,,,5.3,7.6,,,,2025,7,30,208,0,0,1,0
257,양산시,2025-07-28,29.5,24.0,505,36.4,1336,,,,,,,6.2,160,1548,3.8,160,1556,1.1,968,140,22.6,48.0,1801.0,68.5,27.5,1002.2,1005.5,42,1000.6,1645,1002.9,14.0,9.8,1100.0,3.32,25.06,,,,,,0.3,0.0,35.6,20.8,32.2,31.5,31.0,29.6,,,,,,5.1,7.3,,,,2025,7,31,209,0,0,1,0
257,양산시,2025-07-29,29.0,23.0,211,35.4,1315,,,,,,,7.8,160,1625,4.5,160,1630,1.6,1414,50,21.7,48.0,1357.0,66.8,26.0,1000.4,1002.5,727,999.2,1705,1001.1,14.0,10.3,1200.0,3.44,27.15,,,,,,0.0,0.0,35.8,20.4,32.1,31.2,30.7,29.4,,,,,,6.0,8.6,,,,2025,7,31,210,0,0,1,0
257,양산시,2025-07-30,28.9,23.9,507,34.6,1416,,,,,,,7.8,50,1017,2.9,90,1546,1.7,1434,50,22.2,45.0,1311.0,69.1,26.7,1000.4,1002.6,2253,999.8,1519,1001.1,14.0,10.0,1200.0,3.44,26.88,,,,,,2.3,0.3,36.1,21.8,32.4,31.4,30.8,29.5,,,,,,5.7,8.1,,,,2025,7,31,211,0,0,1,0
257,양산시,2025-07-31,29.6,23.9,529,35.2,1448,,,,,,,6.5,160,1637,3.2,110,1628,1.7,1507,50,22.6,42.0,1243.0,68.5,27.5,1001.9,1003.8,2309,1001.4,1643,1002.6,13.9,10.4,1100.0,3.33,26.36,,,,,,0.9,0.4,37.0,21.8,33.1,31.8,31.1,29.7,,,,,,5.6,8.0,,,,2025,7,31,212,0,0,1,0
257,양산시,2025-08-01,30.0,23.9,437,37.3,1415,,,,,,,6.4,20,1500,3.1,50,107,1.4,1169,140,24.7,46.0,1331.0,74.8,31.2,1001.5,1003.6,1,1000.8,1500,1002.2,13.9,9.0,1200.0,3.36,24.37,,,,,,1.5,0.3,37.0,21.5,33.6,32.4,31.7,30.2,,,,,,5.0,7.1,,,,2025,8,31,213,0,0,1,0
257,양산시,2025-08-02,30.3,27.0,602,37.7,1324,,,,,,,12.9,70,1544,5.2,70,1552,1.5,1322,70,25.3,45.0,1312.0,76.1,32.3,1001.2,1003.3,25,1000.5,1446,1001.9,13.9,8.6,1200.0,3.33,24.62,,,,,,3.4,1.1,38.8,26.1,34.7,33.3,32.6,30.7,,,,,,4.7,6.8,,,,2025,8,31,214,0,0,1,0
257,양산시,2025-08-03,29.0,26.0,452,34.5,1400,4.5,2236.0,9.8,2149.0,,9.9,7.9,250,2242,3.6,230,2243,1.4,1247,230,24.8,44.0,1358.0,79.9,31.4,1000.8,1002.7,718,1000.6,1458,1001.5,13.9,1.1,1300.0,2.49,12.81,,,,,,9.1,4.1,35.2,24.3,32.8,31.4,31.0,30.3,,,,,,2.7,3.9,,,,2025,8,31,215,0,0,1,1
257,양산시,2025-08-04,29.4,26.8,402,32.9,1600,5.6,327.0,9.7,323.0,,17.1,11.8,200,313,6.1,230,326,3.4,2938,230,27.0,71.0,1109.0,87.6,35.5,1000.4,1004.1,2255,998.5,314,1001.1,13.8,1.8,1500.0,2.24,12.04,,,,,,8.4,5.0,30.3,25.9,30.1,28.1,28.0,28.1,,,,,,2.8,4.0,,,,2025,8,32,216,0,0,1,1
257,양산시,2025-08-05,29.0,26.9,1151,32.3,1616,5.9,1148.0,6.2,1058.0,,6.8,7.7,180,1116,4.4,200,1121,2.6,2213,230,26.9,73.0,1620.0,89.1,35.4,1004.0,1006.0,2246,1003.6,351,1004.7,13.8,2.4,1500.0,2.07,11.13,,,,,,7.3,3.6,31.1,26.2,29.9,27.8,27.7,27.6,,,,,,2.1,3.0,,,,2025,8,32,217,0,0,1,1
257,양산시,2025-08-06,28.8,26.8,621,32.7,1029,1.9,616.0,2.7,549.0,,3.0,11.1,250,1301,6.1,230,1049,3.3,2848,200,26.2,67.0,1031.0,86.6,34.1,1001.9,1005.8,1,1000.0,1937,1002.6,13.8,2.5,1000.0,2.54,13.35,,,,,,8.1,5.5,28.7,26.2,29.5,27.7,27.4,27.2,,,,,,2.9,4.2,,,,2025,8,32,218,0,0,1,1
257,양산시,2025-08-07,28.9,25.4,513,34.8,1451,1.4,135.0,1.4,124.0,,2.0,6.6,250,1358,3.6,200,11,1.5,1272,180,24.5,54.0,1453.0,79.3,30.7,1000.8,1003.1,2137,1000.5,23,1001.5,13.8,5.4,1400.0,2.44,18.12,,,,,,7.5,0.6,30.9,24.0,30.2,28.6,28.1,27.5,,,,,,3.7,5.3,,,,2025,8,32,219,0,0,1,1
257,양산시,2025-08-08,27.2,23.4,537,32.6,1258,,,,,,,5.4,230,1425,3.1,230,1643,1.4,1230,230,23.2,52.0,1250.0,80.4,28.5,1003.1,1005.7,2124,1002.3,104,1003.8,13.7,4.3,1100.0,2.93,17.27,,,,,,7.3,0.8,28.2,22.3,28.6,27.6,27.5,27.6,,,,,,3.1,4.5,,,,2025,8,32,220,0,0,1,0
257,양산시,2025-08-09,24.6,21.9,2250,29.7,1142,0.5,1855.0,1.4,1656.0,,3.2,9.4,200,1352,5.7,230,1359,0.9,757,230,22.8,65.0,1153.0,90.6,27.8,1003.0,1005.2,1,1002.4,2008,1003.7,13.7,0.3,900.0,1.09,6.65,,,,,,10.0,4.9,26.6,21.8,27.2,26.6,26.6,27.2,,,,,,1.3,1.8,,,,2025,8,32,221,0,0,1,1
257,양산시,2025-08-10,23.8,20.6,650,29.4,1454,6.6,300.0,19.7,256.0,,42.2,7.9,50,613,3.7,70,622,1.4,1228,50,22.2,68.0,1428.0,92.3,26.8,1001.1,1004.2,2400,1000.0,1446,1001.8,13.7,0.8,1300.0,2.4,9.95,,,,,,8.8,4.8,26.8,20.4,26.1,25.4,25.2,25.7,,,,,,2.0,2.9,,,,2025,8,32,222,0,0,1,1
257,양산시,2025-08-11,23.6,19.6,536,31.7,1241,0.8,1801.0,2.1,1920.0,,4.8,7.3,140,1317,4.0,140,1323,1.5,1306,50,21.0,58.0,1131.0,87.3,25.0,1004.3,1006.4,2101,1003.9,1302,1005.0,13.6,4.8,1000.0,2.96,15.5,,,,,,6.9,2.8,24.5,18.5,25.3,24.9,25.1,25.6,,,,,,2.6,3.7,,,,2025,8,33,223,0,0,1,1
257,양산시,2025-08-12,22.7,20.3,151,24.6,1550,4.6,1428.0,11.4,910.0,,46.9,5.5,90,1555,2.9,50,1204,1.0,843,50,22.6,83.0,545.0,100.0,27.6,1010.2,1013.2,2359,1005.8,1,1010.9,13.6,0.0,1500.0,0.57,3.45,,,,,,9.9,5.3,24.1,20.2,24.2,23.7,23.8,24.7,,,,,,0.9,1.2,,,,2025,8,33,224,0,0,1,1
257,양산시,2025-08-13,27.7,23.6,321,32.4,1516,1.4,19.0,1.6,1.0,,1.6,9.0,270,1454,4.9,250,1503,1.9,1619,230,25.3,64.0,1458.0,87.9,32.2,1013.2,1015.1,2333,1012.9,1752,1013.9,13.6,5.6,1000.0,2.3,17.1,,,,,,7.4,2.8,29.5,23.0,27.8,26.5,26.0,25.1,,,,,,3.4,4.8,,,,2025,8,33,225,0,0,1,1
257,양산시,2025-08-14,28.8,24.1,554,34.2,1528,0.0,,0.0,,,0.0,7.7,200,1115,4.3,230,1647,1.9,1676,230,25.4,60.0,1406.0,83.8,32.5,1013.9,1015.4,646,1013.1,1614,1014.6,13.5,7.7,1400.0,2.54,19.24,,,,,,3.6,1.4,32.0,22.6,29.6,28.1,27.4,26.3,,,,,,3.9,5.5,,,,2025,8,33,226,0,0,1,0
257,양산시,2025-08-15,29.6,24.9,411,36.4,1413,,,,,,,6.0,200,1513,3.3,200,1508,1.5,1292,200,25.3,51.0,1435.0,79.9,32.2,1013.1,1015.3,722,1012.5,1816,1013.8,13.5,9.0,1300.0,3.29,22.68,,,,,,2.4,1.0,33.4,23.3,30.7,29.4,28.8,27.3,,,,,,4.4,6.3,,,,2025,8,33,227,0,0,1,0
257,양산시,2025-08-16,29.1,24.3,535,34.5,1123,,,,,,,7.1,180,1617,4.0,200,1414,1.5,1297,230,25.2,60.0,1415.0,81.3,32.1,1011.8,1013.6,840,1011.2,1823,1012.5,13.5,9.1,1100.0,3.04,20.65,,,,,,0.8,0.3,32.3,23.2,30.3,28.9,28.3,27.4,,,,,,4.3,6.1,,,,2025,8,33,228,0,0,1,0
257,양산시,2025-08-17,29.7,24.9,519,35.9,1531,,,,,,,5.1,250,1245,3.1,270,1259,1.5,1290,200,24.3,42.0,1401.0,75.6,30.3,1012.6,1014.7,2327,1012.0,1554,1013.3,13.4,10.9,1200.0,3.32,25.76,,,,,,1.8,0.0,33.7,23.0,31.2,29.9,29.2,27.8,,,,,,5.2,7.4,,,,2025,8,33,229,0,0,1,0
257,양산시,2025-08-18,29.3,24.6,441,35.9,1313,,,,,,,7.7,200,1545,4.8,200,1635,1.9,1662,230,24.6,46.0,1255.0,77.4,31.0,1012.9,1015.3,638,1011.7,1746,1013.6,13.4,9.6,1200.0,3.09,23.34,,,,,,4.5,2.8,33.8,23.0,31.7,30.4,29.7,28.3,,,,,,4.9,7.0,,,,2025,8,34,230,0,0,1,0
257,양산시,2025-08-19,29.2,25.7,521,34.1,1228,,,,,,,8.5,200,1400,5.4,200,1335,2.4,2073,200,24.7,57.0,1056.0,78.0,31.2,1010.7,1013.3,1,1009.3,1650,1011.4,13.4,10.0,1200.0,3.01,22.27,,,,,,4.0,1.8,33.1,24.4,31.8,30.5,29.9,28.6,,,,,,4.8,6.8,,,,2025,8,34,231,0,0,1,0
257,양산시,2025-08-20,29.1,24.7,515,33.8,1129,,,,,,,7.7,200,1334,4.4,200,1304,2.0,1763,230,24.5,57.0,1050.0,77.8,30.8,1009.1,1011.2,656,1007.9,1722,1009.8,13.3,10.9,1200.0,3.2,24.22,,,,,,2.5,0.5,34.3,22.9,32.0,30.9,30.4,29.1,,,,,,4.9,7.1,,,,2025,8,34,232,0,0,1,0
257,양산시,2025-08-21,29.3,24.2,550,36.3,1308,,,,,,,6.2,200,1432,3.7,230,1432,1.5,1317,200,23.9,51.0,1254.0,74.8,29.7,1008.8,1010.9,229,1007.9,1503,1009.5,13.3,9.2,1200.0,3.39,22.65,,,,,,3.3,1.3,32.5,22.4,32.0,30.6,30.0,28.8,,,,,,4.6,6.6,,,,2025,8,34,233,0,0,1,0
257,양산시,2025-08-22,29.7,24.3,556,35.6,1233,,,,,,,7.7,230,1445,4.5,230,1526,1.5,1280,230,25.1,56.0,1137.0,78.1,31.9,1007.6,1009.6,1,1006.7,1510,1008.3,13.3,10.2,1200.0,3.24,23.08,,,,,,4.8,1.3,35.7,22.7,32.8,31.3,30.6,29.2,,,,,,4.7,6.7,,,,2025,8,34,234,0,0,1,0
257,양산시,2025-08-23,30.1,26.4,600,36.8,1407,,,,,,,6.5,200,1521,4.0,230,1545,1.9,1672,200,25.0,43.0,1343.0,76.8,31.8,1008.6,1011.0,2346,1008.0,1451,1009.3,13.2,10.4,1200.0,3.22,23.34,,,,,,1.4,0.1,35.8,24.8,33.2,31.9,31.2,29.7,,,,,,4.9,7.0,,,,2025,8,34,235,0,0,1,0
257,양산시,2025-08-24,30.0,25.4,457,36.4,1316,,,,,,,7.6,200,1617,4.3,200,1617,1.9,1629,200,25.5,49.0,1324.0,78.4,32.6,1010.0,1012.0,813,1009.4,1533,1010.7,13.2,10.2,1100.0,3.11,22.95,,,,,,2.5,0.1,36.0,23.6,33.4,32.2,31.5,30.1,,,,,,4.8,6.8,,,,2025,8,34,236,0,0,1,0
257,양산시,2025-08-25,29.9,25.9,555,35.4,1226,,,,,,,8.8,200,1620,5.0,200,1621,2.2,1935,230,25.2,55.0,1227.0,77.9,32.1,1009.6,1011.9,728,1008.5,1631,1010.3,13.2,8.4,1000.0,2.44,19.06,,,,,,2.8,1.3,35.2,24.2,32.6,31.7,31.4,30.6,,,,,,4.1,5.9,,,,2025,8,35,237,0,0,1,0
257,양산시,2025-08-26,29.8,26.1,251,35.3,1610,,,,,,,10.6,200,1447,5.5,230,1440,2.7,2356,200,25.3,50.0,1612.0,77.9,32.2,1008.0,1010.0,13,1006.3,1421,1008.7,13.1,7.5,1200.0,3.16,19.9,,,,,,4.0,1.8,35.9,24.0,33.0,31.8,31.2,30.1,,,,,,4.4,6.2,,,,2025,8,35,238,0,0,1,0
257,양산시,2025-08-27,28.6,25.6,417,34.0,1137,,,,,,,8.2,160,1508,4.2,160,1420,1.8,1589,70,23.1,47.0,1126.0,74.1,28.4,1009.9,1013.1,2106,1008.5,220,1010.6,13.1,5.6,1100.0,2.81,16.76,,,,,,5.5,2.4,32.2,23.6,31.6,30.9,30.8,30.2,,,,,,3.8,5.4,,,,2025,8,35,239,0,0,1,0
257,양산시,2025-08-28,28.4,24.9,614,34.5,1342,,,,,,,5.8,50,721,3.4,200,1600,2.0,1716,50,23.4,54.0,1317.0,75.5,28.7,1011.8,1013.6,721,1011.1,1420,1012.5,13.1,5.1,1300.0,2.82,18.14,,,,,,6.0,0.9,35.1,23.2,32.3,30.9,30.3,29.4,,,,,,3.8,5.4,,,,2025,8,35,240,0,0,1,0
257,양산시,2025-08-29,29.4,24.5,532,35.5,1215,,,,,,,7.9,200,1654,4.8,200,1407,2.2,1874,230,24.5,50.0,1145.0,76.9,30.8,1012.5,1014.4,914,1011.7,1542,1013.2,13.0,9.1,1100.0,3.06,20.97,,,,,,3.1,0.6,33.0,22.4,32.3,31.3,30.8,29.7,,,,,,4.6,6.6,,,,2025,8,35,241,0,0,1,0
257,양산시,2025-08-30,30.0,25.6,548,35.8,1317,,,,,,,7.2,200,1526,3.9,230,1442,1.9,1624,200,24.4,50.0,1432.0,74.1,30.6,1012.4,1015.0,703,1011.4,1733,1013.1,13.0,10.0,1100.0,3.03,22.26,,,,,,4.3,0.4,35.6,23.5,33.1,32.4,32.0,30.7,,,,,,4.8,6.8,,,,2025,8,35,242,0,0,1,0
257,양산시,2025-08-31,27.9,25.0,554,32.7,1044,1.3,1256.0,3.3,1206.0,,3.7,6.6,230,1134,3.8,230,1126,1.6,1340,230,24.8,62.0,932.0,84.1,31.3,1009.8,1012.6,348,1008.4,2325,1010.5,13.0,3.4,1400.0,1.83,12.38,,,,,,7.0,1.5,30.7,23.1,30.4,29.6,29.7,29.8,,,,,,2.3,3.3,,,,2025,8,35,243,0,0,1,1
257,양산시,2025-09-01,27.0,25.6,355,29.6,926,2.6,4.0,3.5,1.0,,6.2,7.4,230,1459,4.0,230,1459,2.1,1774,200,25.9,78.0,927.0,93.9,33.4,1006.9,1008.7,1,1006.3,1706,1007.6,12.9,0.6,,,,,,,,,8.1,3.6,28.1,23.8,28.6,27.4,27.3,27.9,,,,,,1.0,1.5,,,,2025,9,36,244,0,0,1,1
257,양산시,2025-09-02,26.9,24.6,1258,30.4,1010,18.4,1252.0,25.3,1216.0,,28.4,9.2,290,1248,4.6,200,1151,1.5,1308,230,25.6,72.0,1717.0,93.6,32.9,1008.0,1011.3,2243,1006.7,158,1008.7,12.9,2.7,1500.0,1.54,8.66,,,,,,6.9,2.8,27.0,23.5,27.2,25.8,25.4,26.2,,,,,,1.7,2.4,,,,2025,9,36,245,0,0,1,1
257,양산시,2025-09-03,28.0,23.2,600,33.0,1227,,,,,,,9.6,140,1601,4.0,110,1716,2.0,1740,90,23.6,60.0,1217.0,78.4,29.1,1010.1,1011.9,910,1009.1,1538,1010.8,12.8,,,,,,,,,,3.0,,28.6,21.2,28.6,26.9,26.1,25.8,,,,,,1.9,2.7,,,,2025,9,36,246,0,0,1,0
257,양산시,2025-09-04,28.7,25.6,354,33.8,1118,0.0,,0.0,,,0.0,10.1,70,2004,4.4,70,2005,2.7,2294,70,24.4,60.0,1115.0,78.6,30.7,1007.7,1011.2,1,1006.3,1628,1008.4,12.8,4.9,900.0,2.13,14.69,,,,,,4.9,3.3,28.6,23.3,28.4,26.8,26.1,26.1,,,,,,3.3,4.7,,,,2025,9,36,247,0,0,1,0
257,양산시,2025-09-05,28.4,25.4,605,34.2,1312,0.0,,0.0,,,0.0,8.4,20,953,3.5,50,945,1.8,1574,50,22.9,53.0,1301.0,73.1,27.9,1009.2,1011.9,2142,1007.2,38,1009.9,12.8,5.9,1200.0,3.04,16.4,,,,,,4.0,2.3,27.8,22.8,28.2,27.1,26.4,26.3,,,,,,3.5,5.0,,,,2025,9,36,248,0,0,1,0
257,양산시,2025-09-06,28.4,23.4,609,33.1,1614,0.0,,0.0,,,0.0,8.7,230,1408,4.7,230,1353,2.2,1928,200,24.6,64.0,1604.0,80.6,31.0,1008.4,1011.7,6,1007.4,1640,1009.1,12.7,6.1,1300.0,2.67,15.55,,,,,,3.5,1.4,28.3,21.3,28.5,27.2,26.4,26.1,,,,,,3.4,4.9,,,,2025,9,36,249,0,0,1,0
257,양산시,2025-09-07,28.6,24.7,1709,34.6,1309,15.9,1712.0,35.8,1630.0,,38.0,8.6,200,1049,4.5,230,1041,1.9,1655,230,25.5,61.0,1002.0,85.1,32.7,1006.5,1008.9,2331,1005.6,1425,1007.2,12.7,3.9,1000.0,1.99,12.76,,,,,,7.9,3.3,29.9,23.6,28.8,27.3,26.4,26.2,,,,,,2.6,3.7,,,,2025,9,36,250,0,0,1,1
257,양산시,2025-09-08,28.0,25.0,350,33.9,1301,,,,,,,6.4,250,1422,3.1,250,1426,1.3,1150,200,23.8,48.0,1314.0,80.1,29.6,1008.6,1010.7,2132,1008.3,312,1009.3,12.7,4.4,1000.0,2.51,15.35,,,,,,6.9,3.1,28.6,23.0,28.5,27.1,26.3,25.9,,,,,,2.9,4.1,,,,2025,9,37,251,0,0,1,0
257,양산시,2025-09-09,23.2,21.6,2001,26.1,1,2.5,435.0,6.2,432.0,,13.0,8.8,20,1717,4.2,110,1722,1.9,1684,70,21.1,66.0,1102.0,88.5,25.0,1010.7,1012.8,956,1009.7,401,1011.4,12.6,0.1,900.0,1.28,5.63,,,,,,9.9,5.8,24.7,20.3,25.3,24.6,24.4,25.5,,,,,,1.4,2.0,,,,2025,9,37,252,0,0,1,1
257,양산시,2025-09-10,24.6,22.2,344,29.4,1232,,,,,,,10.6,70,1904,4.4,70,1348,2.7,2311,70,20.7,65.0,1341.0,79.4,24.4,1010.7,1013.2,2204,1010.0,1310,1011.4,12.6,1.9,1200.0,3.11,11.88,,,,,,6.4,4.9,24.3,20.0,25.1,24.2,23.7,24.3,,,,,,2.8,4.0,,,,2025,9,37,253,0,0,1,0
257,양산시,2025-09-11,26.0,22.3,215,31.0,1319,0.0,,0.0,,,0.0,10.9,50,1801,4.3,70,1518,3.0,2594,70,21.3,60.0,1311.0,76.3,25.4,1013.7,1015.6,926,1012.9,35,1014.4,12.6,5.8,1200.0,3.34,18.92,,,,,,4.4,2.8,26.2,19.2,26.0,24.9,24.2,24.3,,,,,,4.2,5.9,,,,2025,9,37,254,0,0,1,0
257,양산시,2025-09-12,26.1,24.5,10,29.4,1039,0.0,,0.0,,,0.0,10.0,50,1023,5.1,50,831,3.1,2673,70,22.4,68.0,1040.0,80.8,27.2,1011.4,1014.8,1,1008.9,2354,1012.1,12.5,1.3,1000.0,2.34,11.89,,,,,,9.4,3.8,26.2,22.5,25.9,24.9,24.2,24.4,,,,,,2.3,3.3,,,,2025,9,37,255,0,0,1,0
257,양산시,2025-09-13,26.6,23.4,2146,32.0,1408,7.5,651.0,14.3,628.0,,16.8,10.4,50,2054,6.0,50,2051,2.2,1937,230,24.8,73.0,1409.0,90.1,31.4,1006.3,1009.9,2235,1004.9,1223,1007.0,12.5,1.2,1200.0,2.23,8.35,,,,,,8.9,6.3,26.5,21.4,27.0,25.8,24.9,24.5,,,,,,2.0,2.8,,,,2025,9,37,256,0,0,1,1
257,양산시,2025-09-14,26.2,23.3,8,31.5,1343,0.0,,0.0,,,0.0,8.3,50,8,4.5,50,15,1.8,1559,50,23.0,62.0,1345.0,83.4,28.2,1010.5,1013.3,2314,1009.3,45,1011.2,12.5,3.1,1200.0,2.62,13.01,,,,,,8.0,7.3,26.6,22.1,26.9,25.8,25.0,24.7,,,,,,2.6,3.7,,,,2025,9,37,257,0,0,1,0
257,양산시,2025-09-15,27.5,24.1,616,32.5,1259,0.0,,0.0,,,0.0,5.5,180,1425,3.3,230,1443,1.2,1015,180,24.5,60.0,1252.0,84.9,30.7,1013.6,1015.3,1009,1012.7,357,1014.3,12.4,3.4,1000.0,2.41,13.4,,,,,,7.0,2.1,27.5,22.4,27.4,26.4,25.6,25.2,,,,,,2.6,3.7,,,,2025,9,38,258,0,0,1,0
257,양산시,2025-09-16,28.4,24.2,507,33.2,1457,0.0,,0.0,,,0.0,8.3,200,1704,4.5,200,1530,1.9,1671,230,25.1,65.0,1118.0,84.0,31.9,1011.5,1015.2,1,1009.8,1452,1012.2,12.4,6.1,1000.0,2.56,14.65,,,,,,2.5,1.1,28.2,22.5,27.5,26.4,25.7,25.3,,,,,,3.1,4.4,,,,2025,9,38,259,0,0,1,0
257,양산시,2025-09-17,27.1,24.6,2036,33.7,1420,10.3,1555.0,12.9,1511.0,,12.9,9.9,50,1449,4.4,270,1452,1.9,1632,230,24.8,60.0,1118.0,88.0,31.2,1009.1,1011.3,1,1007.3,1431,1009.8,12.3,5.2,1100.0,2.39,14.07,,,,,,5.5,2.6,27.2,22.6,27.7,26.6,25.8,25.4,,,,,,2.9,4.1,,,,2025,9,38,260,0,0,1,1
257,양산시,2025-09-18,23.2,21.8,1941,25.4,846,0.0,,0.0,,,0.0,10.0,70,1307,5.0,70,1137,2.4,2060,70,19.3,65.0,1604.0,79.4,22.6,1014.2,1018.0,2059,1009.4,155,1014.9,12.3,0.9,800.0,1.56,6.69,,,,,,8.5,5.9,24.1,19.6,24.3,23.8,23.6,24.7,,,,,,1.9,2.7,,,,2025,9,38,261,0,0,1,0
257,양산시,2025-09-19,23.7,21.6,511,26.8,1254,,,,,,,9.6,50,1149,4.2,70,1152,2.6,2265,70,17.8,57.0,1258.0,70.0,20.4,1014.9,1018.7,750,1011.3,2351,1015.6,12.3,2.0,1200.0,1.8,11.53,,,,,,9.0,4.5,23.2,19.0,23.5,22.8,22.5,23.5,,,,,,2.4,3.4,,,,2025,9,38,262,0,0,1,0
257,양산시,2025-09-20,24.5,19.9,2312,31.3,1547,6.6,521.0,10.0,433.0,,12.1,7.1,200,951,3.9,200,945,1.7,1489,290,21.3,53.0,1545.0,83.5,25.5,1007.1,1011.6,2400,1005.0,1402,1007.8,12.2,1.6,1500.0,1.86,7.84,,,,,,6.5,4.0,25.4,17.4,24.7,23.7,23.0,23.3,,,,,,1.9,2.7,,,,2025,9,38,263,0,0,1,1
257,양산시,2025-09-21,22.1,17.7,543,26.6,1219,,,,,,,10.7,110,1721,4.9,50,915,2.4,2060,70,17.4,57.0,1641.0,75.8,19.9,1015.1,1019.5,2357,1011.6,1,1015.8,12.2,4.2,1100.0,2.23,13.47,,,,,,6.6,2.0,22.1,15.4,22.3,22.0,21.8,22.9,,,,,,3.2,4.5,,,,2025,9,38,264,0,0,1,0
257,양산시,2025-09-22,22.9,20.8,2252,26.8,1046,0.0,,0.0,,,0.0,11.0,110,1435,4.8,70,1117,3.1,2651,70,15.5,53.0,1047.0,63.6,17.6,1018.6,1020.1,856,1018.1,1456,1019.3,12.2,4.1,1000.0,2.42,15.04,,,,,,7.8,1.3,22.2,17.8,22.3,21.8,21.4,22.2,,,,,,3.5,5.0,,,,2025,9,39,265,0,0,1,0
257,양산시,2025-09-23,23.8,20.8,114,28.2,1407,,,,,,,11.0,110,1306,4.5,70,1349,2.8,2410,70,16.5,50.0,1401.0,64.5,18.8,1017.2,1019.8,2,1016.6,1607,1017.9,12.1,6.5,1200.0,2.88,17.92,,,,,,7.0,5.3,24.6,18.6,23.8,22.8,22.1,22.2,,,,,,3.8,5.4,,,,2025,9,39,266,0,0,1,0
257,양산시,2025-09-24,25.4,21.9,925,30.0,1421,1.3,913.0,1.7,838.0,,1.8,8.4,70,18,3.8,230,1439,1.9,1628,50,23.1,74.0,1.0,87.8,28.4,1013.7,1017.0,5,1012.7,1512,1014.4,12.1,1.1,1200.0,2.1,8.62,,,,,,8.4,5.0,25.1,21.0,24.8,23.9,23.1,22.7,,,,,,1.6,2.3,,,,2025,9,39,267,0,0,1,1
257,양산시,2025-09-25,25.1,23.5,153,27.5,1410,0.1,,0.4,1030.0,,0.4,4.2,230,1839,2.4,230,1535,1.0,905,200,24.2,77.0,1407.0,95.3,30.2,1015.8,1017.9,1022,1014.6,116,1016.5,12.1,0.0,1100.0,0.82,4.81,,,,,,9.0,4.1,25.0,21.6,25.1,24.2,23.4,23.2,,,,,,1.0,1.5,,,,2025,9,39,268,0,0,1,0
257,양산시,2025-09-26,25.2,21.9,610,31.4,1346,,,,,,,5.8,50,2037,3.3,230,1524,1.4,1190,50,20.1,43.0,1329.0,75.8,23.6,1016.9,1018.8,2202,1016.0,1532,1017.6,12.0,7.6,1200.0,2.93,17.93,,,,,,6.4,1.6,26.0,19.4,25.5,24.6,23.8,23.3,,,,,,3.7,5.3,,,,2025,9,39,269,0,0,1,0
257,양산시,2025-09-27,25.0,21.4,427,29.4,1243,0.0,,0.0,,,0.0,7.8,160,1316,3.5,140,1321,2.4,2046,50,19.0,51.0,1412.0,70.6,22.0,1016.0,1018.7,1,1014.8,2349,1016.7,12.0,7.2,1200.0,2.94,18.35,,,,,,7.1,3.8,26.9,19.2,25.6,24.6,23.7,23.4,,,,,,3.8,5.4,,,,2025,9,39,270,0,0,1,0
257,양산시,2025-09-28,23.7,21.5,1218,27.4,1519,3.1,1215.0,4.2,1127.0,,4.8,7.5,230,1458,4.3,200,1217,1.6,1384,200,21.0,69.0,925.0,85.8,25.0,1009.4,1014.9,1,1007.0,1614,1010.1,11.9,0.6,1300.0,1.2,7.55,,,,,,8.3,4.9,24.3,19.5,24.4,23.6,22.9,23.2,,,,,,1.4,2.0,,,,2025,9,39,271,0,0,1,1
257,양산시,2025-09-29,23.3,20.6,525,28.8,1407,,,,,,,7.4,110,1559,3.5,140,1742,1.6,1343,50,17.4,47.0,1401.0,70.3,19.8,1010.6,1013.2,2144,1008.7,6,1011.3,11.9,3.5,1300.0,2.62,12.73,,,,,,6.8,5.9,24.0,18.3,24.3,23.5,22.9,22.9,,,,,,2.6,3.8,,,,2025,9,40,272,0,0,1,0
257,양산시,2025-09-30,21.8,17.1,605,27.5,1503,,,,,,,4.4,200,1608,2.6,180,1614,1.0,841,50,17.6,53.0,1505.0,78.9,20.1,1011.4,1014.1,827,1010.2,1451,1012.1,11.9,2.5,1100.0,2.1,11.57,,,,,,5.9,2.9,23.4,15.1,22.7,22.2,21.7,22.4,,,,,,2.1,2.9,,,,2025,9,40,273,0,0,1,0
257,양산시,2025-10-01,22.2,17.4,617,30.3,1442,,,,,,,4.8,50,1616,2.7,250,1139,1.0,845,230,16.6,36.0,1636.0,73.5,18.9,1011.7,1015.1,2232,1010.3,1504,1012.4,11.8,8.7,1200.0,2.77,18.29,,,,,,2.0,0.8,23.8,14.4,23.2,22.5,21.9,22.1,,,,,,3.4,4.8,,,,2025,10,40,274,0,0,1,0
257,양산시,2025-10-02,22.0,17.5,409,26.8,1406,0.0,,0.0,,,0.0,5.2,50,1207,2.6,50,2317,1.0,834,70,17.2,53.0,1448.0,75.8,19.7,1016.1,1018.1,2056,1014.4,320,1016.8,11.8,0.5,1100.0,1.2,7.23,,,,,,8.9,2.9,22.6,14.7,22.3,21.6,21.0,21.8,,,,,,1.5,2.1,,,,2025,10,40,275,0,0,1,0
257,양산시,2025-10-03,19.9,18.5,753,22.5,1,3.1,655.0,8.7,633.0,,38.6,9.2,50,1936,5.0,90,1936,2.5,2174,70,19.7,82.0,1.0,99.3,22.9,1015.1,1018.7,710,1012.7,2400,1015.8,11.8,0.0,1200.0,0.41,2.06,,,,,,9.9,3.5,20.3,17.1,20.7,20.4,20.2,21.3,,,,,,0.5,0.7,,,,2025,10,40,276,0,0,1,1
257,양산시,2025-10-04,23.1,20.1,630,28.1,1258,0.6,910.0,1.6,820.0,,4.2,6.6,50,27,3.2,50,1927,1.6,1384,50,21.3,74.0,1254.0,90.1,25.4,1012.0,1013.9,2113,1011.3,1459,1012.7,11.7,1.9,1100.0,2.65,9.27,,,,,,8.8,5.9,22.7,19.2,22.8,22.0,21.2,21.0,,,,,,1.8,2.6,,,,2025,10,40,277,0,0,1,1
257,양산시,2025-10-05,23.3,19.7,523,29.8,1307,0.3,2006.0,1.0,1958.0,,2.3,6.1,50,2300,3.2,50,2317,1.5,1290,50,21.0,59.0,1246.0,88.5,24.9,1012.7,1014.8,922,1011.5,1450,1013.4,11.7,3.9,1200.0,2.85,12.88,,,,,,8.8,5.0,23.7,17.3,23.9,23.1,22.4,21.9,,,,,,2.3,3.3,,,,2025,10,40,278,0,0,1,1
257,양산시,2025-10-06,21.5,20.5,2257,22.6,1522,0.5,1026.0,1.2,811.0,,3.8,8.0,50,2127,3.9,50,2144,2.3,2016,70,20.4,87.0,1552.0,94.0,24.0,1014.3,1016.1,1044,1013.6,314,1015.0,11.6,0.0,1100.0,0.54,3.22,,,,,,9.6,3.8,21.8,18.9,22.1,21.7,21.2,21.8,,,,,,0.8,1.1,,,,2025,10,41,279,0,0,1,1
257,양산시,2025-10-07,22.7,20.1,21,26.5,1019,0.2,,0.4,708.0,,0.9,8.6,50,912,4.6,50,921,2.4,2092,70,21.3,73.0,1020.0,92.5,25.4,1013.4,1015.5,1,1012.4,1553,1014.1,11.6,0.6,1000.0,1.52,5.69,,,,,,9.1,5.1,22.3,18.7,22.2,21.6,21.1,21.4,,,,,,1.2,1.7,,,,2025,10,41,280,0,0,1,0
257,양산시,2025-10-08,23.4,21.5,2129,26.4,1105,,,,,,,8.7,70,941,4.1,50,918,2.6,2250,70,19.8,68.0,1408.0,80.6,23.1,1014.1,1016.8,2230,1013.2,318,1014.8,11.6,1.1,900.0,1.75,9.27,,,,,,7.4,5.5,22.8,19.1,22.9,22.2,21.6,21.6,,,,,,2.1,3.0,,,,2025,10,41,281,0,0,1,0
257,양산시,2025-10-09,22.2,19.8,2226,25.7,1333,0.2,,0.3,418.0,,0.4,10.4,110,1551,4.7,70,1532,2.6,2255,70,17.5,56.0,1520.0,75.5,20.1,1017.5,1019.9,2046,1016.4,37,1018.2,11.5,3.1,1300.0,2.41,10.59,,,,,,6.8,4.3,22.3,17.5,22.3,21.6,21.0,21.3,,,,,,2.5,3.5,,,,2025,10,41,282,0,0,1,0
257,양산시,2025-10-10,22.6,19.0,438,27.2,1325,,,,,,,8.5,110,1732,3.7,50,108,2.7,2331,50,16.8,53.0,1308.0,70.9,19.2,1016.6,1019.3,1,1015.9,1454,1017.3,11.5,8.1,1200.0,2.82,16.7,,,,,,4.1,1.4,21.6,16.7,22.1,21.3,20.7,21.0,,,,,,3.4,4.9,,,,2025,10,41,283,0,0,1,0
257,양산시,2025-10-11,23.7,18.6,655,31.1,1459,,,,,,,5.2,50,112,3.4,200,1640,1.3,1130,50,19.4,48.0,1315.0,79.3,22.5,1011.2,1016.1,1,1009.3,1513,1011.9,11.5,8.1,1200.0,2.54,15.97,,,,,,1.0,0.1,23.5,16.6,23.2,22.3,21.6,21.3,,,,,,2.9,4.2,,,,2025,10,41,284,0,0,1,0
257,양산시,2025-10-12,21.5,19.2,1853,27.4,1111,0.5,1822.0,0.5,1732.0,,0.7,9.5,70,1239,5.0,50,1329,2.1,1839,70,19.3,68.0,1110.0,88.1,22.3,1011.5,1014.7,2103,1009.7,304,1012.2,11.4,3.8,1200.0,2.44,11.11,,,,,,6.5,4.9,21.5,17.0,21.6,21.3,20.9,21.3,,,,,,2.2,3.1,,,,2025,10,41,285,0,0,1,0
257,양산시,2025-10-13,20.8,18.6,2025,24.4,1359,0.0,,0.0,,,0.0,9.9,70,2210,5.2,50,1941,2.9,2507,50,18.4,76.0,1401.0,86.3,21.2,1013.7,1015.4,946,1013.5,1337,1014.4,11.4,0.4,1300.0,1.44,4.99,,,,,,9.5,7.6,20.8,17.5,21.4,21.0,20.5,21.1,,,,,,1.2,1.7,,,,2025,10,42,286,0,0,1,0
257,양산시,2025-10-14,20.0,17.9,902,21.3,1558,1.7,827.0,8.9,827.0,,16.8,10.4,50,734,5.2,50,722,2.9,2508,70,18.0,83.0,1442.0,88.6,20.6,1014.9,1019.0,2357,1013.0,337,1015.6,11.4,0.0,1400.0,0.48,2.38,,,,,,9.1,6.3,19.2,16.9,19.7,19.5,19.1,20.2,,,,,,1.0,1.4,,,,2025,10,42,287,0,0,1,1
257,양산시,2025-10-15,22.2,19.9,307,26.4,1146,0.0,,0.0,,,0.0,9.2,110,1153,4.0,70,358,2.5,2168,70,18.0,63.0,1147.0,78.0,20.7,1017.2,1020.0,820,1015.1,2400,1017.9,11.3,3.3,1100.0,2.81,11.0,,,,,,7.5,2.8,20.5,17.6,20.7,20.1,19.6,19.9,,,,,,2.1,3.0,,,,2025,10,42,288,0,0,1,0
257,양산시,2025-10-16,21.5,19.9,2255,26.4,1230,4.4,454.0,9.9,456.0,,14.6,10.4,20,1609,5.0,50,1609,2.1,1802,70,19.3,74.0,1232.0,87.5,22.4,1016.2,1022.3,2329,1012.7,417,1016.9,11.3,0.5,1200.0,1.46,6.85,,,,,,7.3,4.5,21.0,17.7,21.3,20.9,20.3,20.4,,,,,,1.6,2.3,,,,2025,10,42,289,0,0,1,1
257,양산시,2025-10-17,21.7,19.6,628,26.2,1314,0.0,,0.0,,,0.0,7.2,110,1153,3.6,50,335,2.3,1993,50,17.3,54.0,1318.0,77.0,19.7,1019.5,1023.3,845,1016.3,2400,1020.2,11.3,3.1,1300.0,1.81,9.34,,,,,,6.0,3.6,21.5,17.3,20.9,20.2,19.5,19.9,,,,,,1.9,2.6,,,,2025,10,42,290,0,0,1,0
257,양산시,2025-10-18,20.4,18.8,2351,24.3,1015,0.8,136.0,0.9,101.0,,1.3,9.1,50,2051,4.4,70,2157,1.7,1433,70,18.8,82.0,1023.0,91.1,21.8,1016.3,1021.6,2339,1013.7,413,1017.0,11.2,0.0,900.0,0.55,3.12,,,,,,9.4,5.3,20.6,17.3,20.7,20.1,19.5,19.9,,,,,,1.0,1.5,,,,2025,10,42,291,0,0,1,1
257,양산시,2025-10-19,19.1,16.9,2322,22.0,1453,,,,,,,9.8,50,42,4.1,70,43,2.1,1779,70,15.6,66.0,1457.0,80.8,17.7,1020.6,1023.0,920,1019.5,1419,1021.3,11.2,0.2,1000.0,1.16,7.58,,,,,,9.8,3.8,19.9,15.3,19.7,19.1,18.5,19.3,,,,,,1.4,2.0,,,,2025,10,42,292,0,0,1,0
257,양산시,2025-10-20,17.2,14.1,646,22.3,1326,,,,,,,11.7,50,1635,5.9,50,1510,2.6,2235,70,13.1,58.0,1157.0,77.8,15.1,1022.8,1025.6,2118,1021.0,48,1023.5,11.2,7.7,1200.0,2.66,15.13,,,,,,4.0,0.9,17.9,11.0,18.0,18.0,17.6,18.8,,,,,,2.9,4.1,,,,2025,10,43,293,0,0,1,0
257,양산시,2025-10-21,16.8,15.0,118,19.1,1442,,,,,,,8.6,50,2201,3.9,70,953,2.6,2219,70,12.8,70.0,1316.0,77.6,14.8,1024.5,1026.2,837,1023.7,1411,1025.3,11.1,0.1,1000.0,0.64,5.02,,,,,,9.6,5.9,16.4,12.7,16.8,16.5,16.2,17.8,,,,,,1.4,2.0,,,,2025,10,43,294,0,0,1,0
257,양산시,2025-10-22,17.2,15.5,523,22.2,1254,0.5,1926.0,0.9,1910.0,,1.2,11.1,50,204,4.9,50,1056,2.9,2494,70,13.8,62.0,1252.0,81.3,15.8,1024.8,1026.5,2226,1024.3,1353,1025.5,11.1,4.6,1200.0,2.94,13.24,,,,,,8.1,3.9,17.6,13.4,17.7,17.3,16.8,17.5,,,,,,2.2,3.1,,,,2025,10,43,295,0,0,1,1
257,양산시,2025-10-23,17.8,15.1,2353,22.5,1305,0.0,,0.0,,,0.0,9.1,70,1752,4.0,50,1639,2.3,1974,70,13.4,52.0,1410.0,77.0,15.4,1024.4,1026.3,839,1023.4,1459,1025.1,11.0,5.7,1300.0,2.31,13.18,,,,,,3.9,1.1,18.3,12.4,17.8,17.5,16.9,17.6,,,,,,2.7,3.8,,,,2025,10,43,296,0,0,1,0
257,양산시,2025-10-24,16.8,14.4,310,21.8,1228,1.9,1544.0,5.7,1506.0,,7.6,11.3,110,1319,4.5,110,1441,2.0,1744,50,14.5,65.0,1132.0,87.4,16.6,1023.0,1025.5,4,1022.4,1419,1023.7,11.0,3.1,1000.0,1.82,8.56,,,,,,5.9,2.6,15.6,11.5,16.4,16.3,16.1,17.2,,,,,,1.5,2.2,,,,2025,10,43,297,0,0,1,1
257,양산시,2025-10-25,18.2,14.5,657,24.2,1347,,,,,,,7.0,140,1249,3.3,50,1051,1.4,1252,50,14.4,52.0,1349.0,80.3,16.4,1018.3,1022.7,1,1016.9,1654,1019.0,11.0,6.7,1200.0,2.45,13.68,,,,,,6.3,3.1,18.6,12.3,18.0,17.5,16.9,17.3,,,,,,2.1,3.0,,,,2025,10,43,298,0,0,1,0
257,양산시,2025-10-26,15.5,10.9,2323,20.9,1513,0.0,,0.0,,,0.0,5.0,360,1528,2.7,50,1555,0.9,747,180,11.1,45.0,1632.0,77.0,13.3,1015.0,1017.7,5,1013.9,1426,1015.8,10.9,3.0,1400.0,1.75,7.71,,,,,,5.6,3.8,17.4,8.3,16.9,16.6,16.1,17.2,,,,,,1.7,2.4,,,,2025,10,43,299,0,0,1,0
257,양산시,2025-10-27,11.7,5.8,2332,17.3,1153,,,,,,,9.0,290,1159,4.6,290,1252,1.7,1495,200,1.8,19.0,1326.0,57.3,7.5,1018.2,1023.1,2346,1016.1,218,1019.0,10.9,7.8,1200.0,2.62,14.97,,,,,,0.0,0.0,13.3,3.1,13.6,14.0,13.9,15.9,,,,,,3.3,4.7,,,,2025,10,44,300,0,0,1,0
257,양산시,2025-10-28,9.7,4.8,625,17.1,1454,,,,,,,5.1,270,1428,2.9,270,1435,1.3,1095,320,-0.5,20.0,1524.0,54.1,6.0,1025.3,1028.8,2319,1022.9,36,1026.1,10.9,8.3,1200.0,2.57,15.23,,,,,,0.0,0.0,10.5,2.1,11.3,11.9,11.9,14.4,,,,,,2.6,3.8,,,,2025,10,44,301,0,0,0,0
257,양산시,2025-10-29,10.9,3.3,520,19.1,1318,,,,,,,7.5,50,1335,3.2,70,1148,1.1,935,50,4.7,37.0,1049.0,69.6,8.7,1027.3,1030.3,815,1026.3,1422,1028.1,10.9,8.1,1200.0,2.42,14.16,,,,,,0.4,0.0,10.6,0.2,11.2,11.6,11.4,13.4,,,,,,2.4,3.5,,,,2025,10,44,302,0,0,1,0
257,양산시,2025-10-30,13.2,6.4,641,20.4,1308,,,,,,,4.4,110,1437,2.0,50,1403,0.8,692,70,8.8,47.0,1244.0,77.6,11.4,1023.4,1027.1,755,1021.7,1430,1024.2,10.8,5.7,1000.0,1.92,10.8,,,,,,6.0,0.8,11.9,3.0,12.4,12.5,12.2,13.5,,,,,,1.6,2.3,,,,2025,10,44,303,0,0,1,0
257,양산시,2025-10-31,14.3,10.4,2336,21.6,1335,,,,,,,6.4,50,1224,3.5,50,1225,1.2,1033,70,10.3,49.0,1119.0,79.6,12.6,1014.5,1022.0,19,1011.2,2345,1015.3,10.8,4.8,1200.0,2.12,10.54,,,,,,4.6,1.6,15.1,6.7,14.5,14.2,13.5,14.1,,,,,,1.9,2.8,,,,2025,10,44,304,0,0,1,0
257,양산시,2025-11-01,14.6,9.8,46,20.6,1428,,,,,,0.1,10.2,290,1222,5.0,290,1232,1.7,1511,230,7.0,34.0,1226.0,64.6,10.2,1011.0,1014.9,2233,1009.9,1443,1011.8,10.7,7.5,1200.0,2.31,12.86,,,,,,1.4,1.0,14.2,6.5,13.6,13.6,13.2,14.2,,,,,,2.5,3.5,,,,2025,11,44,305,0,0,1,0
257,양산시,2025-11-02,13.2,9.1,404,19.3,1241,,,,,,,12.7,250,1244,5.9,270,1304,2.3,1988,270,3.8,27.0,1519.0,56.1,8.3,1015.7,1021.8,2350,1013.6,1359,1016.4,10.7,7.4,1200.0,2.32,12.95,,,,,,1.5,1.5,12.3,5.2,12.6,12.8,12.6,13.9,,,,,,2.9,4.2,,,,2025,11,44,306,0,0,1,0
257,양산시,2025-11-03,11.0,3.8,614,17.4,1311,,,,,,,8.6,110,1500,3.9,70,1256,1.9,1638,70,3.5,44.0,200.0,61.3,8.1,1025.4,1027.5,837,1021.8,4,1026.2,10.7,5.2,1100.0,2.46,11.09,,,,,,2.6,0.8,8.6,0.8,10.4,10.9,11.0,12.9,,,,,,2.0,2.8,,,,2025,11,45,307,0,0,1,0
257,양산시,2025-11-04,12.7,6.7,647,21.0,1417,,,,,,,4.6,250,1537,2.7,270,1545,0.7,647,50,8.2,40.0,1335.0,77.6,10.9,1024.2,1026.9,130,1022.9,1526,1024.9,10.7,6.4,1100.0,2.07,11.39,,,,,,3.0,0.8,11.9,3.2,12.0,12.0,11.6,12.7,,,,,,1.8,2.6,,,,2025,11,45,308,0,0,1,0
257,양산시,2025-11-05,14.8,7.9,658,21.8,1259,,,,,,,5.8,110,1729,2.9,50,2149,1.2,1060,50,10.3,48.0,1301.0,77.3,12.5,1021.5,1024.2,146,1019.8,1539,1022.2,10.6,7.4,1100.0,2.11,11.7,,,,,,2.8,0.0,13.2,4.5,13.0,12.8,12.3,13.0,,,,,,2.0,2.8,,,,2025,11,45,309,0,0,1,0
257,양산시,2025-11-06,15.4,9.2,650,23.3,1504,,,,,,,7.0,70,1851,3.2,50,2038,0.9,817,50,10.3,36.0,1529.0,75.1,12.5,1021.2,1023.6,915,1020.0,1450,1022.0,10.6,7.5,1100.0,2.08,11.93,,,,,,0.6,0.0,14.2,5.3,13.8,13.6,13.0,13.4,,,,,,2.1,2.9,,,,2025,11,45,310,0,0,1,0
257,양산시,2025-11-07,15.5,9.2,651,21.9,1310,,,,,,,8.6,110,1638,3.6,110,1641,1.4,1192,50,10.3,49.0,1221.0,73.6,12.5,1023.1,1025.3,910,1022.2,1401,1023.8,10.6,2.7,1100.0,1.85,8.8,,,,,,3.0,2.4,13.8,5.5,13.8,13.6,13.1,13.6,,,,,,2.0,2.8,,,,2025,11,45,311,0,0,1,0
257,양산시,2025-11-08,16.0,13.5,205,20.6,1220,,,,,,6.5,10.0,160,1223,4.4,140,1230,1.8,1551,50,11.4,51.0,1222.0,76.5,13.6,1020.6,1025.0,830,1017.8,2358,1021.4,10.5,0.7,1200.0,1.53,6.16,,,,,,8.1,4.3,15.1,10.9,14.7,14.1,13.5,13.8,,,,,,1.2,1.7,,,,2025,11,45,312,0,0,1,1
257,양산시,2025-11-09,15.2,12.3,246,21.4,1251,,,,,,14.7,6.7,290,1413,3.2,290,1417,1.4,1236,70,10.2,38.0,2232.0,75.1,12.7,1013.3,1017.9,3,1012.0,1356,1014.1,10.5,5.4,1100.0,2.07,10.07,,,,,,3.8,1.6,15.0,8.7,15.3,14.8,14.1,14.2,,,,,,2.1,3.0,,,,2025,11,45,313,0,0,1,1
257,양산시,2025-11-10,10.8,5.0,2400,17.2,1451,,,,,,,10.9,50,835,4.6,50,840,1.5,1326,50,-0.1,21.0,1248.0,53.1,6.3,1016.4,1018.9,905,1014.6,7,1017.2,10.5,8.3,1100.0,2.31,13.18,,,,,,0.0,0.0,9.8,2.0,11.5,11.8,11.7,13.3,,,,,,3.0,4.3,,,,2025,11,46,314,0,0,1,0
257,양산시,2025-11-11,11.2,4.7,26,19.0,1449,,,,,,,4.6,320,1156,2.4,200,413,1.1,945,50,1.4,26.0,1126.0,54.9,6.9,1019.5,1023.1,2302,1018.0,36,1020.3,10.4,7.9,1100.0,2.14,12.6,,,,,,3.3,2.4,9.6,1.8,10.7,10.7,10.4,12.1,,,,,,2.1,3.0,,,,2025,11,46,315,0,0,1,0
257,양산시,2025-11-12,10.8,4.7,445,16.1,1316,,,,,,,3.2,180,1342,2.1,200,1537,0.8,706,180,6.7,54.0,1321.0,77.4,9.9,1020.4,1023.7,731,1019.0,1451,1021.2,10.4,0.7,1100.0,1.1,6.15,,,,,,7.4,0.8,9.4,1.6,10.1,10.1,9.9,11.5,,,,,,1.1,1.6,,,,2025,11,46,316,0,0,1,0
257,양산시,2025-11-13,11.8,6.8,2352,18.9,1455,,,,,,,4.2,230,1506,2.6,200,237,1.1,968,200,5.8,36.0,1507.0,70.4,9.2,1016.3,1019.8,37,1014.8,1445,1017.1,10.4,2.6,1400.0,1.51,7.9,,,,,,4.8,0.0,11.3,3.1,11.7,11.4,11.0,11.8,,,,,,1.4,2.1,,,,2025,11,46,317,0,0,1,0
257,양산시,2025-11-14,10.3,4.7,626,19.3,1455,,,,,,,4.3,230,1106,2.3,230,1131,0.9,780,200,4.8,34.0,1638.0,72.8,8.6,1017.8,1021.6,2358,1016.4,1,1018.6,10.4,7.7,1100.0,1.98,11.02,,,,,,0.0,0.0,8.9,0.9,9.9,10.1,9.8,11.3,,,,,,1.8,2.5,,,,2025,11,46,318,0,0,1,0
257,양산시,2025-11-15,10.7,3.8,557,19.6,1514,,,,,,,3.6,250,1256,2.1,250,1301,0.8,712,250,5.0,38.0,1206.0,72.1,8.8,1024.5,1027.1,2135,1021.6,1,1025.2,10.3,7.8,1100.0,2.12,11.66,,,,,,1.0,0.0,8.5,-0.4,9.5,9.6,9.3,10.7,,,,,,1.9,2.6,,,,2025,11,46,319,0,0,1,0
257,양산시,2025-11-16,12.4,5.6,706,20.6,1340,,,,,,,6.6,230,1603,3.8,200,1442,1.4,1181,200,8.8,46.0,1304.0,82.1,11.4,1023.9,1027.1,813,1022.5,1514,1024.6,10.3,6.8,1100.0,2.26,11.13,,,,,,2.0,0.5,9.7,2.0,10.5,10.4,10.0,10.8,,,,,,1.9,2.8,,,,2025,11,46,320,0,0,1,0
257,양산시,2025-11-17,10.4,4.9,2352,16.2,1202,,,,,,,9.5,70,1847,4.2,290,1112,2.2,1909,290,-1.5,16.0,1255.0,51.0,6.3,1022.5,1025.3,2300,1021.6,1346,1023.3,10.3,5.8,1200.0,2.01,9.95,,,,,,4.1,3.0,8.4,1.8,9.7,9.9,9.7,11.0,,,,,,2.7,3.8,,,,2025,11,47,321,0,0,1,0
257,양산시,2025-11-18,5.6,2.1,2400,9.9,1551,,,,,,,11.0,50,931,4.8,290,1307,2.2,1909,290,-5.4,29.0,1117.0,46.4,4.1,1023.3,1025.9,835,1022.4,1519,1024.1,10.2,7.4,1100.0,2.16,11.67,,,,,,1.0,0.5,4.5,-1.2,6.5,7.2,7.2,9.7,,,,,,2.0,2.8,,,,2025,11,47,322,0,0,0,0
257,양산시,2025-11-19,5.7,1.0,727,11.8,1508,,,,,,,6.2,250,1433,3.2,270,1132,1.2,1046,180,-1.0,36.0,1313.0,64.0,5.7,1023.2,1026.1,835,1022.2,1502,1024.0,10.2,7.1,1100.0,2.08,11.0,,,,,,2.0,1.6,5.0,-1.9,6.2,6.7,6.6,8.7,,,,,,1.6,2.4,,,,2025,11,47,323,0,0,0,0
257,양산시,2025-11-20,10.1,1.8,245,16.3,1458,,,,,,,6.7,290,1205,3.8,270,2058,1.9,1633,250,2.3,42.0,1329.0,60.1,7.3,1021.4,1024.4,909,1020.3,1657,1022.2,10.2,7.0,1100.0,2.0,10.44,,,,,,0.8,0.0,6.5,-1.6,7.3,7.2,6.8,8.3,,,,,,1.9,2.8,,,,2025,11,47,324,0,0,1,0
257,양산시,2025-11-21,8.5,3.3,711,14.8,1501,,,,,,,6.3,320,1332,3.2,320,1346,1.3,1135,160,0.5,28.0,1419.0,61.9,6.4,1022.6,1025.3,2225,1021.6,1,1023.4,10.2,7.1,1100.0,2.1,10.8,,,,,,0.0,0.0,6.4,-1.2,7.4,7.7,7.4,8.7,,,,,,1.9,2.8,,,,2025,11,47,325,0,0,0,0
257,양산시,2025-11-22,7.9,1.6,530,16.6,1454,,,,,,,4.9,290,1333,2.8,290,1338,1.2,996,200,2.7,38.0,1558.0,73.4,7.5,1023.5,1026.3,853,1022.8,1528,1024.3,10.1,7.1,1200.0,2.0,10.25,,,,,,0.0,0.0,6.0,-2.0,7.0,7.2,6.9,8.3,,,,,,1.6,2.3,,,,2025,11,47,326,0,0,0,0
257,양산시,2025-11-23,9.4,1.9,703,17.4,1458,,,,,,,4.9,290,1407,2.8,290,1407,1.1,936,230,3.8,32.0,1400.0,72.8,8.1,1020.9,1024.0,812,1019.6,1603,1021.7,10.1,6.9,1200.0,1.93,9.92,,,,,,3.5,1.6,6.9,-2.1,7.4,7.3,7.0,8.2,,,,,,1.7,2.5,,,,2025,11,47,327,0,0,0,0
257,양산시,2025-11-24,12.5,8.1,27,19.4,1423,,,,,,,6.9,230,1500,4.2,200,1541,1.6,1346,200,7.3,44.0,1424.0,73.0,10.2,1016.5,1020.4,206,1013.7,2332,1017.3,10.1,6.4,1200.0,1.9,9.62,,,,,,4.5,3.4,10.2,4.3,10.4,9.8,9.0,9.0,,,,,,1.8,2.6,,,,2025,11,48,328,0,0,1,0
257,양산시,2025-11-25,10.1,6.3,638,15.7,1202,,,,,,0.0,13.2,270,1834,5.7,290,1437,2.1,1796,230,3.8,38.0,1458.0,69.4,8.3,1013.3,1019.6,2356,1011.0,1223,1014.1,10.1,4.6,1400.0,1.36,7.78,,,,,,1.5,0.9,7.6,2.9,8.6,8.7,8.4,9.4,,,,,,1.9,2.7,,,,2025,11,48,329,0,0,1,0
257,양산시,2025-11-26,9.3,5.0,640,15.2,1420,,,,,,,4.0,200,227,2.5,230,1414,1.3,1129,180,3.6,47.0,1342.0,69.1,7.9,1021.7,1024.8,944,1019.7,1,1022.5,10.1,6.5,1200.0,1.78,9.14,,,,,,0.5,0.4,7.1,1.1,8.1,8.1,7.8,8.9,,,,,,1.4,2.0,,,,2025,11,48,330,0,0,0,0
257,양산시,2025-11-27,10.2,5.7,24,14.5,1235,,,,,,2.0,10.6,270,2257,4.8,200,1225,2.4,2098,200,3.6,46.0,1604.0,65.1,8.0,1014.3,1021.4,1,1010.5,1313,1015.1,10.0,4.1,1200.0,1.47,6.64,,,,,,2.1,1.3,7.5,2.2,8.4,8.3,8.0,8.9,,,,,,1.7,2.4,,,,2025,11,48,331,0,0,1,1
257,양산시,2025-11-28,6.2,2.0,2259,12.5,1452,,,,,,,6.8,290,1021,3.6,270,56,1.5,1333,160,-4.2,24.0,1528.0,49.1,4.5,1018.2,1020.8,2151,1016.2,1,1019.0,10.0,7.1,1200.0,2.04,10.13,,,,,,0.0,0.0,4.1,-2.3,5.9,6.4,6.4,8.3,,,,,,1.6,2.3,,,,2025,11,48,332,0,0,0,0
257,양산시,2025-11-29,7.6,-0.5,540,15.5,1346,,,,,,,8.6,230,1406,4.8,230,1434,1.6,1425,200,1.7,41.0,1107.0,68.5,7.3,1017.1,1020.6,44,1015.5,1519,1017.9,10.0,6.8,1100.0,1.88,9.45,,,,,,0.0,0.0,3.9,-3.7,5.4,5.7,5.5,7.2,,,,,,1.6,2.3,,,,2025,11,48,333,0,0,0,0
257,양산시,2025-11-30,13.2,5.0,630,21.1,1315,,,,,,,11.5,230,1347,5.6,230,1511,2.0,1704,230,8.7,46.0,1336.0,77.6,11.3,1014.4,1017.4,825,1013.5,1350,1015.2,10.0,6.2,1100.0,1.9,9.24,,,,,,0.0,0.0,8.7,1.5,9.1,8.5,7.8,7.8,,,,,,2.0,2.9,,,,2025,11,48,334,0,0,1,0
257,양산시,2025-12-01,10.8,3.6,2400,17.3,1519,,,,,,,4.8,320,1043,3.0,290,1112,1.3,1136,200,2.9,18.0,1707.0,61.4,7.9,1015.5,1017.9,1920,1014.3,203,1016.3,10.0,4.4,1400.0,1.23,7.22,,,,,,1.6,0.0,7.9,-0.6,8.9,8.8,8.4,8.9,,,,,,1.6,2.3,,,,2025,12,49,335,0,0,1,0
257,양산시,2025-12-02,7.8,3.2,215,13.1,1250,,,,,,,9.4,290,2322,4.4,90,1444,1.9,1623,290,-7.0,17.0,1218.0,36.8,3.7,1018.3,1021.1,2138,1017.2,204,1019.1,9.9,5.2,1100.0,1.85,8.84,,,,,,5.0,1.0,5.1,-0.9,6.4,6.6,6.4,8.0,,,,,,2.5,3.6,,,,2025,12,49,336,0,0,0,0
257,양산시,2025-12-03,2.3,-1.1,2400,6.3,1446,,,,,,,11.2,50,2015,4.9,320,1407,2.8,2387,290,-10.8,28.0,1326.0,37.8,2.7,1021.2,1025.4,2359,1019.1,1455,1022.0,9.9,6.9,1100.0,2.03,9.79,,,,,,2.1,1.1,1.5,-4.3,3.6,4.4,4.5,7.0,,,,,,1.9,2.7,,,,2025,12,49,337,0,0,0,0
257,양산시,2025-12-04,1.4,-3.4,715,7.0,1452,,,,,,,8.8,270,1133,4.4,290,1142,1.6,1398,160,-7.6,30.0,1534.0,52.1,3.5,1023.6,1026.5,705,1022.3,2354,1024.4,9.9,6.8,1100.0,1.96,9.46,,,,,,1.3,0.6,0.3,-6.3,1.9,2.6,2.6,5.5,,,,,,1.6,2.2,,,,2025,12,49,338,0,0,0,0
257,양산시,2025-12-05,3.0,-0.3,2303,7.8,1454,,,,,,,9.9,180,436,4.5,290,553,2.0,1699,290,-11.0,19.0,1430.0,37.0,2.7,1023.8,1027.4,1019,1022.2,102,1024.6,9.9,6.9,1100.0,2.03,9.78,,,,,,0.0,0.0,0.8,-5.0,2.3,2.8,2.7,4.9,,,,,,2.0,2.8,,,,2025,12,49,339,0,0,0,0
257,양산시,2025-12-06,4.1,-2.2,736,10.9,1459,,,,,,,6.3,270,1409,3.6,230,1614,2.1,1776,200,-5.9,27.0,1332.0,50.0,4.0,1020.6,1023.8,1,1019.3,1511,1021.4,9.9,6.9,1100.0,1.92,9.35,,,,,,0.0,0.0,0.8,-5.4,2.0,2.3,2.1,4.3,,,,,,1.7,2.4,,,,2025,12,49,340,0,0,0,0
257,양산시,2025-12-07,8.3,1.9,414,15.4,1457,,,,,,,5.0,200,1412,3.2,200,1353,1.7,1454,230,4.2,46.0,1248.0,78.0,8.3,1019.1,1022.0,851,1018.6,1505,1019.9,9.9,6.3,1100.0,1.6,8.3,,,,,,1.3,0.4,3.9,-1.8,4.6,4.4,3.9,4.7,,,,,,1.5,2.2,,,,2025,12,49,341,0,0,0,0
257,양산시,2025-12-08,7.1,-0.8,2400,12.9,1334,,,,,,,9.6,70,721,4.1,70,834,1.7,1481,230,-6.8,13.0,1357.0,42.5,4.1,1022.7,1026.2,2255,1018.7,117,1023.5,9.9,5.0,1200.0,1.75,8.66,,,,,,4.1,0.9,4.8,-4.9,5.6,5.6,5.1,5.7,,,,,,2.0,2.9,,,,2025,12,50,342,0,0,0,0
257,양산시,2025-12-09,3.6,-1.8,222,11.1,1443,,,,,,,4.9,160,1055,2.9,320,1423,1.2,996,290,-6.4,22.0,1304.0,51.4,3.8,1024.7,1026.9,927,1023.3,1419,1025.5,9.8,6.9,1200.0,1.94,9.45,,,,,,0.4,0.0,0.7,-5.8,2.4,2.9,2.7,4.9,,,,,,1.7,2.4,,,,2025,12,50,343,0,0,0,0
257,양산시,2025-12-10,6.4,-0.1,241,13.5,1332,,,,,,,3.5,230,1400,2.4,200,2044,0.9,776,230,-2.2,28.0,1441.0,57.6,5.2,1023.5,1026.9,702,1020.9,2345,1024.3,9.8,5.3,1200.0,1.83,8.43,,,,,,7.4,3.6,3.2,-3.8,3.7,3.7,3.3,4.5,,,,,,1.4,1.9,,,,2025,12,50,344,0,0,0,0
257,양산시,2025-12-11,9.4,3.1,608,17.4,1502,,,,,,0.1,7.8,290,1401,3.9,290,1628,1.7,1461,290,1.0,21.0,2123.0,59.0,7.1,1017.9,1024.7,2347,1014.4,1300,1018.6,9.8,4.4,1200.0,1.67,7.22,,,,,,2.6,1.9,7.0,-1.0,6.8,6.1,5.5,5.5,,,,,,1.7,2.4,,,,2025,12,50,345,0,0,0,0
257,양산시,2025-12-12,6.5,2.2,109,10.7,1346,,,,,,0.0,10.7,50,946,5.5,70,1015,2.9,2494,70,1.7,37.0,1.0,72.0,7.0,1027.8,1030.3,1924,1024.6,1,1028.6,9.8,4.2,1200.0,1.79,7.88,,,,,,4.0,2.6,4.4,-2.7,5.0,5.2,4.9,5.8,,,,,,1.2,1.7,,,,2025,12,50,346,0,0,0,0
257,양산시,2025-12-13,7.9,1.1,703,13.7,1217,,,,,,2.8,8.8,110,913,4.6,320,2235,1.9,1662,50,4.3,54.0,1203.0,79.3,8.4,1019.2,1029.2,20,1012.4,2342,1020.0,9.8,3.0,1100.0,1.68,6.5,,,,,,6.1,4.0,5.8,-2.5,6.1,5.8,5.3,5.8,,,,,,1.2,1.8,,,,2025,12,50,347,0,0,0,1
257,양산시,2025-12-14,4.9,1.8,2354,8.5,1501,,,,,,,10.5,340,1423,5.6,290,1644,2.8,2439,290,-2.9,35.0,1533.0,57.6,5.0,1016.5,1021.8,2302,1012.8,10,1017.3,9.8,4.6,1200.0,1.7,7.44,,,,,,1.8,1.1,3.1,-2.0,4.4,4.7,4.6,6.1,,,,,,1.6,2.2,,,,2025,12,50,348,0,0,0,0
257,양산시,2025-12-15,4.2,-0.3,607,10.6,1419,,,,,,,5.1,230,119,2.9,230,720,1.5,1270,200,-2.5,38.0,1245.0,64.1,5.1,1022.4,1025.1,926,1021.5,5,1023.2,9.8,6.9,1200.0,1.9,8.72,,,,,,0.5,0.0,2.3,-3.5,3.1,3.3,3.1,4.9,,,,,,1.3,1.9,,,,2025,12,51,349,0,0,0,0
257,양산시,2025-12-16,5.7,-1.5,727,12.3,1338,,,,,,0.0,3.7,250,1225,2.5,250,1202,0.7,640,230,1.0,43.0,1256.0,74.9,6.6,1021.7,1025.3,921,1020.2,2355,1022.5,9.8,3.9,1100.0,1.57,6.53,,,,,,4.8,2.6,3.3,-5.1,3.8,3.6,3.2,4.4,,,,,,1.0,1.4,,,,2025,12,51,350,0,0,0,0
257,양산시,2025-12-17,8.0,3.7,2350,13.6,1448,,,,,,0.9,8.3,270,1200,5.0,290,1200,1.9,1632,200,1.5,28.0,1558.0,67.4,7.0,1019.5,1024.3,2244,1017.3,541,1020.3,9.8,6.4,1200.0,1.73,8.32,,,,,,2.6,0.6,5.9,-1.0,6.4,6.1,5.5,5.6,,,,,,1.6,2.3,,,,2025,12,51,351,0,0,0,0
257,양산시,2025-12-18,4.9,0.0,602,13.5,1450,,,,,,,3.8,250,1150,2.4,230,1150,1.0,869,230,-2.9,22.0,1540.0,61.9,5.0,1024.0,1026.9,918,1023.3,1711,1024.8,9.8,7.0,1200.0,1.93,8.64,,,,,,0.4,0.0,2.9,-3.2,3.6,3.9,3.7,5.2,,,,,,1.5,2.1,,,,2025,12,51,352,0,0,0,0
257,양산시,2025-12-19,7.9,0.3,231,16.4,1526,,,,,,0.0,2.8,200,922,1.8,200,1023,0.7,569,200,4.2,54.0,1124.0,79.0,8.5,1020.4,1024.3,1,1019.0,1512,1021.2,9.8,2.6,1000.0,0.97,5.15,,,,,,3.5,2.9,5.1,-3.0,5.1,4.6,4.1,4.8,,,,,,0.8,1.2,,,,2025,12,51,353,0,0,0,0
257,양산시,2025-12-20,11.1,4.9,722,19.2,1353,,,,,,0.0,3.7,230,1349,2.4,250,1416,0.9,740,250,9.3,63.0,1352.0,89.9,11.9,1016.7,1020.0,1,1014.8,1526,1017.5,9.8,1.5,1300.0,1.13,5.61,,,,,,5.0,3.8,8.7,1.4,8.2,7.3,6.5,5.9,,,,,,1.3,1.9,,,,2025,12,51,354,0,0,1,0
257,양산시,2025-12-21,5.9,-1.4,2328,14.1,59,,,,,,0.0,8.7,360,817,4.3,70,826,2.3,2025,320,-9.9,19.0,1037.0,33.1,3.3,1023.2,1028.2,2336,1016.5,115,1024.0,9.8,2.0,1400.0,1.13,5.44,,,,,,4.8,3.6,5.4,-5.2,6.3,6.4,6.2,6.9,,,,,,1.6,2.2,,,,2025,12,51,355,0,0,0,0
257,양산시,2025-12-22,4.3,-3.2,428,11.7,1329,,,,,,,7.3,110,1603,3.5,110,1536,1.5,1331,50,-4.3,40.0,9.0,54.6,4.7,1027.7,1030.5,812,1026.8,1520,1028.5,9.8,7.1,1200.0,1.9,8.34,,,,,,2.3,0.0,1.9,-6.4,2.7,2.9,2.8,4.9,,,,,,1.4,2.0,,,,2025,12,52,356,0,0,0,0
257,양산시,2025-12-23,6.7,0.3,443,11.4,1433,,,,,,0.1,5.2,250,1348,3.1,200,1327,1.0,895,180,2.9,56.0,1433.0,78.4,7.6,1021.0,1028.8,150,1016.4,2312,1021.8,9.8,1.0,1100.0,1.19,5.8,,,,,,7.4,4.5,4.0,-3.3,4.4,4.2,3.8,4.6,,,,,,0.9,1.2,,,,2025,12,52,357,0,0,0,0
257,양산시,2025-12-24,8.5,7.2,2351,10.0,2011,,,,,,8.5,4.7,50,1401,2.5,50,1407,0.9,791,200,8.0,83.0,424.0,97.1,10.7,1013.0,1016.4,1,1012.0,1402,1013.8,9.8,0.0,1400.0,0.2,0.97,,,,,,9.6,8.1,7.7,5.7,7.5,6.9,6.2,5.9,,,,,,0.5,0.7,,,,2025,12,52,358,0,0,0,1
257,양산시,2025-12-25,3.8,-1.7,2356,7.3,18,,,,,,,17.0,110,913,7.7,340,900,3.3,2881,290,-8.0,22.0,1337.0,44.4,3.6,1014.4,1019.0,2334,1012.8,450,1015.2,9.8,5.6,1200.0,1.94,8.73,,,,,,3.3,1.4,4.0,-3.6,4.6,4.8,4.6,6.0,,,,,,2.3,3.3,,,,2025,12,52,359,0,0,0,0
257,양산시,2025-12-26,-2.1,-5.8,726,1.6,1502,,,,,,,10.6,270,4,5.6,320,858,2.8,2420,290,-19.8,12.0,1526.0,25.3,1.3,1022.5,1024.9,2124,1018.8,3,1023.3,9.8,7.0,1200.0,2.06,9.3,,,,,,0.0,0.0,-1.7,-8.0,-0.2,0.7,1.1,3.9,,,,,,2.0,2.9,,,,2025,12,52,360,0,0,0,0
257,양산시,2025-12-27,0.9,-3.9,426,7.6,1526,,,,,,,7.5,320,230,5.1,290,208,2.0,1759,180,-9.2,18.0,114.0,49.9,3.3,1023.5,1025.9,931,1022.1,1441,1024.3,9.8,6.6,1200.0,1.86,8.52,,,,,,2.8,0.1,-0.6,-6.5,-0.5,0.0,0.2,2.7,,,,,,1.2,1.7,,,,2025,12,52,361,0,0,0,0
257,양산시,2025-12-28,2.7,-2.6,724,10.4,1450,,,,,,,4.2,270,1532,2.3,200,1030,0.7,638,180,-2.0,39.0,1524.0,73.1,5.3,1021.2,1024.8,941,1019.7,2400,1022.0,9.8,2.8,1400.0,1.38,6.61,,,,,,4.5,3.9,1.3,-5.3,0.7,0.7,0.4,2.2,,,,,,1.0,1.4,,,,2025,12,52,362,0,0,0,0
257,양산시,2025-12-29,6.4,1.9,412,14.2,1439,,,,,,0.0,7.1,270,1225,3.3,270,1226,1.4,1169,230,2.1,43.0,1433.0,77.1,7.1,1016.6,1019.8,23,1015.4,1423,1017.4,9.8,5.2,1100.0,1.5,7.37,,,,,,1.8,0.8,3.2,-1.5,3.2,2.9,2.3,2.7,,,,,,1.3,1.9,,,,2025,12,1,363,0,0,0,0
257,양산시,2025-12-30,3.9,-1.3,2335,10.9,1326,,,,,,,7.2,320,1624,4.2,320,1515,1.3,1149,50,-6.8,14.0,1332.0,53.0,4.0,1020.6,1023.7,2212,1017.9,13,1021.4,9.8,5.7,1200.0,1.95,8.35,,,,,,2.0,0.0,2.2,-4.5,2.4,2.5,2.2,3.2,,,,,,2.0,2.9,,,,2025,12,1,364,0,0,0,0
257,양산시,2025-12-31,1.4,-2.0,2358,5.6,1149,,,,,,,9.2,290,1300,5.0,290,1517,2.2,1923,320,-14.8,13.0,1328.0,33.0,2.2,1022.5,1024.9,952,1021.5,1418,1023.3,9.8,6.1,1200.0,2.07,9.41,,,,,,4.1,1.1,0.8,-5.1,1.2,1.3,1.2,2.8,,,,,,2.3,3.2,,,,2025,12,1,365,0,0,0,0
257,양산시,2026-01-01,-0.8,-3.2,526,2.5,1408,,,,,,,9.0,290,1918,5.4,270,126,3.1,2645,290,-18.5,13.0,1522.0,25.4,1.4,1021.4,1023.7,1,1021.0,1421,1022.2,9.8,5.6,1200.0,1.3,7.77,,,,,,3.6,1.0,-1.7,-5.7,-0.4,0.0,0.1,2.1,,,,,,1.9,2.7,,,,2026,1,1,1,0,0,0,0
257,양산시,2026-01-02,-1.9,-5.4,823,2.1,1500,,,,,,,9.9,180,701,5.3,320,717,2.3,2002,290,-15.7,18.0,1527.0,35.1,1.8,1020.8,1023.1,2333,1020.0,1401,1021.6,9.8,6.8,1200.0,2.04,9.52,,,,,,0.0,0.0,-2.1,-8.1,-1.2,-0.7,-0.6,1.4,,,,,,1.6,2.3,,,,2026,1,1,2,0,0,0,0
257,양산시,2026-01-03,0.6,-4.6,121,6.5,1504,,,,,,,9.3,250,1513,5.1,320,1518,2.2,1873,180,-10.8,18.0,1347.0,44.9,2.8,1023.3,1025.9,1009,1023.0,106,1024.1,9.9,6.8,1200.0,2.04,9.34,,,,,,0.0,0.0,-1.3,-7.9,-1.2,-0.9,-1.0,1.0,,,,,,1.7,2.4,,,,2026,1,1,3,0,0,0,0
257,양산시,2026-01-04,3.4,-2.6,718,9.7,1459,,,,,,,6.8,290,1316,3.9,270,1322,1.8,1556,250,-3.5,38.0,1506.0,62.1,4.7,1020.4,1024.3,1014,1018.9,2357,1021.2,9.9,6.6,1200.0,1.86,8.57,,,,,,2.9,1.1,0.2,-6.2,-0.5,-0.5,-0.8,0.8,,,,,,1.4,2.0,,,,2026,1,1,4,0,0,0,0
257,양산시,2026-01-05,4.5,-2.1,2314,9.8,1406,,,,,,,9.0,270,1113,5.3,320,1226,2.2,1930,200,-10.3,17.0,1416.0,35.4,2.9,1017.7,1021.3,2305,1016.2,1335,1018.5,9.9,5.1,1100.0,1.81,8.78,,,,,,4.6,3.4,1.1,-6.4,1.0,0.3,-0.1,1.0,,,,,,1.9,2.6,,,,2026,1,2,5,0,0,0,0
257,양산시,2026-01-06,2.1,-4.8,812,10.6,1442,,,,,,,5.1,270,1404,3.1,250,1507,1.2,1078,230,-12.3,13.0,1255.0,38.1,2.4,1019.6,1023.1,837,1018.5,1948,1020.4,9.9,6.7,1200.0,2.06,9.6,,,,,,2.8,0.6,-0.3,-8.1,-0.4,-0.2,-0.3,1.1,,,,,,2.1,3.0,,,,2026,1,2,6,0,0,0,0
257,양산시,2026-01-07,4.3,-0.9,358,10.3,1333,,,,,,,10.0,250,1232,5.5,250,1152,2.6,2271,230,-8.3,23.0,107.0,40.0,3.4,1016.9,1020.2,2325,1015.3,1409,1017.7,9.9,6.0,1200.0,1.69,8.58,,,,,,0.3,0.1,0.9,-5.0,0.4,0.4,0.1,1.1,,,,,,2.1,3.0,,,,2026,1,2,7,0,0,0,0
257,양산시,2026-01-08,-0.2,-4.1,2356,4.8,1402,,,,,,,10.2,20,358,4.9,320,1048,2.3,1995,320,-15.3,15.0,1517.0,32.9,1.9,1022.7,1025.1,2152,1020.0,35,1023.5,9.9,7.0,1200.0,2.09,10.0,,,,,,0.0,0.0,-0.8,-7.8,-0.2,-0.1,-0.1,1.2,,,,,,1.7,2.4,,,,2026,1,2,8,0,0,0,0
257,양산시,2026-01-09,1.3,-5.4,653,7.9,1449,,,,,,,6.0,270,1343,3.7,290,1358,1.9,1650,200,-8.9,27.0,1310.0,48.3,3.3,1020.0,1024.8,204,1015.9,2356,1020.8,9.9,6.8,1200.0,2.07,9.72,,,,,,1.3,1.0,-0.9,-9.2,-1.0,-0.7,-0.7,0.8,,,,,,1.7,2.4,,,,2026,1,2,9,0,0,0,0
257,양산시,2026-01-10,7.2,1.3,22,13.7,1215,,,,,,,22.3,250,1402,10.5,250,1442,4.7,4049,270,-3.6,16.0,1407.0,49.4,4.9,1011.1,1016.7,2344,1007.4,1423,1011.9,10.0,4.6,1400.0,1.45,7.32,,,,,,2.9,1.6,2.5,-1.3,2.0,1.4,0.7,1.0,,,,,,3.1,4.4,,,,2026,1,2,10,0,0,0,0
257,양산시,2026-01-11,-0.5,-3.3,2400,2.7,1447,,,,,,,11.9,230,1322,6.5,290,1259,3.2,2732,290,-15.7,15.0,1214.0,32.4,1.9,1020.7,1024.8,2253,1016.7,1,1021.5,10.0,6.9,1200.0,2.12,10.35,,,,,,0.0,0.0,-0.3,-7.0,0.0,0.2,0.2,1.4,,,,,,2.0,2.8,,,,2026,1,2,11,0,0,0,0
257,양산시,2026-01-12,0.1,-6.6,746,5.3,1454,,,,,,,7.4,290,1304,4.7,270,1305,1.7,1467,200,-8.0,35.0,1358.0,56.1,3.5,1017.8,1024.7,1,1011.2,2359,1018.6,10.0,6.6,1200.0,2.05,9.46,,,,,,2.1,1.5,-1.1,-9.1,-0.9,-0.6,-0.6,0.8,,,,,,1.5,2.2,,,,2026,1,3,12,0,0,0,0
257,양산시,2026-01-13,5.9,-0.6,2400,9.9,1214,,,,,,0.0,11.2,290,1227,6.6,270,1622,3.0,2568,270,-6.8,22.0,1447.0,42.9,4.0,1013.0,1020.1,2345,1009.0,225,1013.8,10.0,7.0,1200.0,1.92,9.71,,,,,,0.0,0.0,2.1,-5.0,1.4,0.9,0.3,0.9,,,,,,2.2,3.1,,,,2026,1,3,13,0,0,0,0
257,양산시,2026-01-14,2.7,-3.4,742,8.5,1503,,,,,,,5.6,200,1349,3.5,250,1333,1.5,1258,230,-8.9,17.0,1123.0,45.1,3.4,1020.8,1024.7,951,1018.1,2353,1021.6,10.0,6.8,1200.0,1.89,9.38,,,,,,2.1,2.0,0.3,-7.2,0.0,0.1,0.0,1.1,,,,,,1.6,2.3,,,,2026,1,3,14,0,0,0,0
257,양산시,2026-01-15,11.4,4.1,129,18.3,1500,,,,,,0.0,10.2,200,1408,5.8,200,1426,2.4,2102,230,3.3,38.0,2213.0,58.6,8.0,1012.9,1018.2,1,1009.9,1532,1013.7,10.0,5.2,1200.0,1.74,8.43,,,,,,3.0,1.8,6.6,1.1,5.4,4.2,3.1,2.0,,,,,,1.9,2.8,,,,2026,1,3,15,0,0,1,0
257,양산시,2026-01-16,6.9,-0.2,715,16.8,1514,,,,,,,5.6,230,1442,3.5,200,1441,1.1,924,250,-2.0,18.0,1550.0,58.3,5.3,1016.0,1018.5,814,1015.3,1650,1016.8,10.1,7.1,1200.0,1.99,9.97,,,,,,0.0,0.0,3.8,-4.5,3.8,3.6,3.2,3.2,,,,,,1.9,2.8,,,,2026,1,3,16,0,0,0,0
257,양산시,2026-01-17,6.4,-0.1,614,15.6,1503,,,,,,,4.4,230,1629,2.7,290,1254,0.9,800,250,-0.5,26.0,1443.0,66.0,5.9,1017.1,1019.9,2139,1015.6,37,1017.9,10.1,6.8,1200.0,1.95,9.89,,,,,,0.0,0.0,3.7,-3.9,3.5,3.3,2.8,3.1,,,,,,1.6,2.3,,,,2026,1,3,17,0,0,0,0
257,양산시,2026-01-18,7.1,0.3,735,15.3,1531,,,,,,,5.2,250,1505,2.7,230,1644,0.9,766,230,3.0,44.0,1335.0,78.1,7.6,1018.6,1021.5,903,1017.1,1517,1019.4,10.1,6.8,1200.0,1.86,9.6,,,,,,0.0,0.0,4.3,-3.6,4.0,3.7,3.1,3.2,,,,,,1.4,2.0,,,,2026,1,3,18,0,0,0,0
257,양산시,2026-01-19,5.7,2.4,2358,10.7,1325,,,,,,,9.1,200,2258,5.2,320,1556,1.9,1623,290,-2.6,16.0,2358.0,61.5,5.7,1017.2,1020.4,2355,1015.2,1504,1018.0,10.1,0.4,1100.0,1.16,4.98,,,,,,7.5,5.0,3.9,-1.5,4.1,3.9,3.5,3.6,,,,,,1.8,2.6,,,,2026,1,4,19,0,0,0,0
257,양산시,2026-01-20,1.7,-1.1,2244,7.1,1526,,,,,,,8.3,320,133,4.8,320,134,2.3,1947,290,-15.5,16.0,25.0,27.0,1.9,1020.9,1023.8,944,1019.7,1454,1021.7,10.1,6.7,1200.0,2.08,10.53,,,,,,4.8,1.8,3.0,-5.2,2.8,2.9,2.7,3.5,,,,,,2.2,3.1,,,,2026,1,4,20,0,0,0,0
257,양산시,2026-01-21,-1.6,-4.5,743,1.9,1507,,,,,,,11.2,20,527,6.2,290,1400,3.1,2661,290,-19.8,14.0,416.0,23.8,1.3,1021.9,1024.4,2215,1020.6,1355,1022.7,10.2,7.2,1200.0,2.22,11.51,,,,,,1.3,0.4,0.1,-7.7,-0.2,0.4,0.6,2.5,,,,,,2.1,3.0,,,,2026,1,4,21,0,0,0,0
257,양산시,2026-01-22,-3.0,-6.9,744,0.9,1356,,,,,,,12.0,110,1523,6.3,290,1421,3.0,2583,290,-18.9,16.0,1400.0,28.9,1.4,1023.5,1025.8,940,1023.0,1558,1024.3,10.2,7.1,1200.0,2.29,11.68,,,,,,0.0,0.0,-1.5,-10.0,-1.3,-0.5,-0.3,1.7,,,,,,2.0,2.9,,,,2026,1,4,22,0,0,0,0
257,양산시,2026-01-23,0.5,-5.9,754,5.3,1433,,,,,,,9.5,290,318,4.1,290,25,2.4,2062,270,-10.0,31.0,27.0,45.8,3.0,1023.3,1026.6,904,1021.8,2342,1024.1,10.2,7.0,1200.0,2.06,10.72,,,,,,1.8,1.4,-0.2,-8.8,-1.0,-0.6,-0.6,1.1,,,,,,1.6,2.3,,,,2026,1,4,23,0,0,0,0
257,양산시,2026-01-24,1.8,-0.6,2323,4.8,1515,,,,,,,13.4,270,1106,7.2,290,1254,3.1,2657,290,-12.9,15.0,1534.0,36.9,2.5,1021.3,1025.2,2313,1020.2,506,1022.1,10.2,6.9,1200.0,2.29,11.49,,,,,,0.0,0.0,1.2,-4.4,0.2,0.1,-0.1,1.0,,,,,,2.6,3.7,,,,2026,1,4,24,0,0,0,0
257,양산시,2026-01-25,0.3,-3.8,2338,5.7,1530,,,,,,,9.6,290,539,4.8,320,547,2.1,1836,290,-17.7,12.0,1231.0,26.8,1.6,1026.1,1028.4,2053,1025.0,24,1026.9,10.3,7.3,1200.0,2.3,12.16,,,,,,0.8,0.0,0.1,-8.2,-0.3,-0.2,-0.3,0.9,,,,,,2.1,3.0,,,,2026,1,4,25,0,0,0,0
257,양산시,2026-01-26,1.3,-5.8,718,6.3,1235,,,,,,,5.1,290,1819,3.7,320,1826,1.4,1229,20,-12.8,21.0,2310.0,35.3,2.3,1022.7,1028.2,116,1020.5,1625,1023.5,10.3,3.1,1100.0,1.88,8.22,,,,,,6.8,4.9,-0.6,-9.5,-0.8,-0.6,-0.7,0.6,,,,,,1.6,2.3,,,,2026,1,5,26,0,0,0,0
257,양산시,2026-01-27,2.7,-1.1,2132,7.9,1444,,,,,,,9.2,290,1105,5.4,290,1107,2.2,1936,290,-13.7,13.0,1454.0,31.6,2.3,1020.9,1023.3,2241,1020.0,1428,1021.7,10.3,7.9,1200.0,2.27,12.55,,,,,,1.8,0.1,2.2,-6.1,1.2,0.9,0.3,0.8,,,,,,2.8,4.0,,,,2026,1,5,27,0,0,0,0
257,양산시,2026-01-28,1.7,-2.5,2350,6.9,1448,,,,,,,10.3,230,1304,5.1,320,1114,2.6,2209,320,-18.4,11.0,1358.0,21.5,1.5,1024.1,1027.1,2329,1022.9,1414,1024.9,10.4,5.9,1200.0,2.16,11.79,,,,,,3.9,3.3,2.2,-6.7,1.1,0.9,0.5,1.2,,,,,,2.7,3.8,,,,2026,1,5,28,0,0,0,0
257,양산시,2026-01-29,1.8,-3.0,627,6.1,1432,,,,,,,12.0,340,1848,6.1,320,1325,2.6,2269,290,-13.4,22.0,1742.0,32.1,2.2,1025.9,1028.4,910,1025.0,1519,1026.7,10.4,7.5,1200.0,2.12,11.5,,,,,,1.1,0.0,0.9,-6.8,0.0,0.1,-0.1,1.0,,,,,,2.3,3.4,,,,2026,1,5,29,0,0,0,0
257,양산시,2026-01-30,-0.5,-3.4,428,3.4,1433,,,,,,,6.2,290,610,4.1,290,1021,1.9,1671,290,-17.5,14.0,1423.0,27.0,1.6,1026.2,1029.0,714,1025.1,1538,1027.0,10.4,0.8,1200.0,1.53,7.33,,,,,,7.0,4.6,-0.3,-7.9,-0.1,-0.2,-0.2,0.8,,,,,,1.5,2.2,,,,2026,1,5,30,0,0,0,0
257,양산시,2026-01-31,1.5,-4.7,218,8.7,1541,,,,,,,6.5,320,1523,3.7,290,1624,1.5,1265,230,-15.9,10.0,1324.0,29.1,1.8,1023.7,1026.6,202,1022.1,1602,1024.5,10.5,8.0,1200.0,2.27,12.67,,,,,,2.8,0.0,0.7,-8.5,-0.2,-0.2,-0.4,0.7,,,,,,2.6,3.7,,,,2026,1,5,31,0,0,0,0
257,양산시,2026-02-01,0.7,-3.7,547,7.1,1609,,,,,,,7.5,290,32,4.0,360,1409,1.5,1335,290,-10.4,21.0,1556.0,45.1,2.8,1023.5,1025.6,2240,1021.8,1620,1024.3,10.5,6.7,1200.0,1.96,11.56,,,,,,0.9,0.6,1.4,-7.8,0.1,0.0,-0.3,0.7,,,,,,1.7,2.4,,,,2026,2,5,32,1,0,0,0
257,양산시,2026-02-02,0.5,-5.0,435,5.8,1210,,,,,,,12.3,290,1253,5.9,320,1344,2.2,1905,290,-10.2,28.0,1437.0,46.8,2.9,1023.8,1028.0,2341,1021.8,1330,1024.6,10.5,6.7,1200.0,2.47,12.53,,,,,,2.8,2.3,1.5,-8.5,0.3,0.2,-0.2,0.7,,,,,,2.1,3.1,,,,2026,2,6,33,1,0,0,0
257,양산시,2026-02-03,2.4,-4.2,642,9.6,1547,,,,,,,6.3,270,1451,3.6,250,1310,2.0,1744,250,-11.3,18.0,1405.0,37.5,2.6,1025.5,1029.5,705,1023.3,2359,1026.3,10.5,8.2,1200.0,2.42,13.65,,,,,,2.8,0.0,1.7,-8.5,0.3,0.2,-0.1,0.8,,,,,,2.4,3.4,,,,2026,2,6,34,1,0,0,0
257,양산시,2026-02-04,4.3,-1.0,626,12.5,1550,,,,,,,7.8,290,1425,4.5,290,1429,1.9,1624,200,-5.9,23.0,1357.0,49.6,4.0,1019.8,1023.5,240,1017.9,1639,1020.6,10.6,7.9,1200.0,2.32,13.77,,,,,,2.0,1.0,3.4,-4.2,2.7,2.2,1.5,1.2,,,,,,2.4,3.5,,,,2026,2,6,35,1,0,0,0
257,양산시,2026-02-05,7.0,0.0,41,15.0,1522,,,,,,,6.9,200,1629,4.1,200,1657,2.0,1722,230,0.4,42.0,1159.0,64.4,6.5,1015.5,1018.7,1,1013.3,1627,1016.3,10.6,6.4,1100.0,1.93,10.29,,,,,,6.5,0.0,4.2,-4.1,3.5,3.1,2.4,2.1,,,,,,1.9,2.7,,,,2026,2,6,36,1,0,0,0
257,양산시,2026-02-06,6.2,2.9,343,10.6,1506,,,,,,,8.2,320,1429,5.1,320,1418,2.1,1813,70,-13.3,8.0,1545.0,28.5,2.6,1017.3,1020.0,856,1016.1,1,1018.1,10.6,7.6,1200.0,2.25,13.21,,,,,,6.8,0.1,5.7,-1.5,4.4,4.0,3.4,2.9,,,,,,3.6,5.1,,,,2026,2,6,37,1,0,0,0
257,양산시,2026-02-07,1.0,-3.9,2357,5.0,1459,,,,,,0.0,13.5,340,1442,7.4,290,1433,3.3,2812,320,-18.5,8.0,1602.0,24.3,1.5,1018.3,1021.8,2324,1016.6,1431,1019.1,10.7,7.2,1200.0,2.48,13.68,,,,,,3.5,2.0,3.6,-6.0,2.8,2.9,2.6,3.1,,,,,,3.3,4.8,,,,2026,2,6,38,1,0,0,0
257,양산시,2026-02-08,-2.7,-6.9,801,1.3,1514,,,,,,,11.8,290,536,6.1,320,637,3.4,2969,290,-18.5,14.0,1546.0,29.4,1.4,1023.6,1027.5,2239,1021.4,433,1024.4,10.7,8.6,1200.0,2.52,14.79,,,,,,0.0,0.0,-0.1,-8.8,-0.4,-0.1,0.1,2.0,,,,,,2.4,3.4,,,,2026,2,6,39,1,0,0,0
257,양산시,2026-02-09,2.1,-4.0,534,10.1,1619,,,,,,,7.3,270,303,4.5,270,308,2.3,2001,230,-12.3,19.0,1525.0,35.5,2.5,1024.5,1028.3,858,1022.4,1641,1025.3,10.7,8.4,1200.0,2.52,14.89,,,,,,1.9,0.0,2.1,-7.7,0.6,0.6,0.1,1.3,,,,,,2.6,3.8,,,,2026,2,7,40,1,0,0,0
257,양산시,2026-02-10,4.3,-0.6,131,7.6,1440,,,,,,0.0,6.0,230,1115,3.3,230,1129,1.6,1387,230,-1.7,37.0,1028.0,65.5,5.5,1019.0,1023.8,1,1016.9,1642,1019.8,10.8,0.0,1200.0,0.93,4.1,,,,,,9.3,5.8,2.6,-4.5,2.4,1.9,1.4,1.6,,,,,,0.9,1.3,,,,2026,2,7,41,1,0,0,0
257,양산시,2026-02-11,7.1,2.1,2351,12.0,1506,,,,,,,11.2,270,1400,5.2,290,1408,2.1,1820,320,-1.9,36.0,1434.0,54.3,5.3,1017.6,1020.0,2349,1016.2,446,1018.4,10.8,6.9,1200.0,2.27,13.01,,,,,,2.5,1.8,6.0,-2.4,4.9,4.3,3.6,2.8,,,,,,2.3,3.3,,,,2026,2,7,42,1,0,0,0
257,양산시,2026-02-12,5.4,-0.2,639,13.4,1339,,,,,,,8.1,270,1508,4.2,290,1501,1.9,1672,200,-7.5,15.0,1431.0,44.1,3.5,1019.2,1022.1,831,1018.6,1652,1020.0,10.8,8.7,1200.0,2.52,14.88,,,,,,0.0,0.0,4.7,-5.0,3.9,3.7,3.2,3.2,,,,,,3.1,4.4,,,,2026,2,7,43,1,0,0,0
257,양산시,2026-02-13,5.8,-1.0,121,15.4,1530,,,,,,,9.1,270,1432,5.1,270,1436,2.0,1706,200,-5.6,18.0,1521.0,48.0,4.0,1017.4,1020.3,825,1016.1,1527,1018.2,10.9,8.5,1200.0,2.29,13.82,,,,,,0.1,0.0,5.0,-5.8,4.1,3.8,3.2,3.2,,,,,,2.8,4.0,,,,2026,2,7,44,1,0,0,0
257,양산시,2026-02-14,7.6,-0.2,441,16.8,1351,,,,,,,6.5,270,1522,4.0,250,1527,1.5,1255,230,1.7,37.0,1433.0,69.1,7.2,1014.9,1018.7,101,1013.3,1612,1015.7,10.9,4.1,1200.0,1.69,10.28,,,,,,5.5,0.4,5.2,-4.5,4.9,4.5,3.9,3.6,,,,,,1.7,2.4,,,,2026,2,7,45,1,0,0,0
257,양산시,2026-02-15,10.6,2.2,346,20.3,1427,,,,,,,6.3,290,1511,3.7,320,1637,1.6,1371,230,2.0,29.0,2311.0,60.5,7.2,1015.1,1017.9,2258,1013.7,1625,1015.9,10.9,8.2,1200.0,2.4,14.23,,,,,,1.4,0.0,8.4,-2.6,7.1,6.3,5.4,4.4,,,,,,3.0,4.3,,,,2026,2,7,46,1,0,1,0
257,양산시,2026-02-16,7.3,3.0,420,13.5,1337,,,,,,0.0,13.8,70,1659,6.3,50,1705,2.4,2042,70,-0.6,29.0,1014.0,58.6,6.0,1019.3,1022.6,2213,1017.3,26,1020.1,11.0,5.6,1300.0,2.25,12.46,,,,,,6.8,1.1,7.8,-2.2,6.5,6.1,5.5,5.2,,,,,,2.1,3.0,,,,2026,2,8,47,1,0,0,0
257,양산시,2026-02-17,6.7,0.2,701,13.8,1550,,,,,,,8.9,320,1254,4.8,320,1440,1.7,1455,250,-3.0,20.0,1735.0,55.5,5.1,1018.8,1022.6,107,1016.3,1636,1019.6,11.0,8.4,1300.0,2.55,14.49,,,,,,1.8,0.5,7.1,-4.2,6.0,5.7,5.2,5.1,,,,,,2.8,4.0,,,,2026,2,8,48,1,0,0,0
257,양산시,2026-02-18,6.3,-0.9,645,12.5,1427,,,,,,,10.0,270,1340,5.6,270,1343,2.2,1882,290,-7.4,21.0,412.0,38.9,3.7,1018.8,1022.6,2359,1017.5,1534,1019.6,11.0,8.0,1200.0,2.47,14.26,,,,,,1.3,0.4,4.7,-6.0,4.8,4.7,4.4,4.7,,,,,,2.5,3.6,,,,2026,2,8,49,1,0,0,0
257,양산시,2026-02-19,6.1,-1.6,706,14.0,1501,,,,,,,9.2,230,1535,4.9,200,1539,1.6,1371,200,-3.6,17.0,1406.0,54.9,4.8,1020.8,1024.5,836,1018.8,1714,1021.6,11.1,8.6,1200.0,2.59,15.99,,,,,,2.6,0.4,6.3,-6.2,5.3,5.0,4.5,4.6,,,,,,2.9,4.1,,,,2026,2,8,50,1,0,0,0
257,양산시,2026-02-20,7.8,1.3,549,16.2,1437,,,,,,,9.5,200,1536,5.2,200,1520,2.2,1940,200,-4.5,19.0,1246.0,45.4,4.5,1016.4,1019.8,26,1014.2,1519,1017.2,11.1,8.4,1200.0,2.55,15.42,,,,,,2.0,0.0,7.4,-3.1,6.5,6.0,5.3,4.9,,,,,,3.2,4.5,,,,2026,2,8,51,1,0,0,0
257,양산시,2026-02-21,9.5,0.1,553,18.0,1409,,,,,,,10.8,230,1426,5.6,230,1214,2.3,1947,230,3.5,39.0,1402.0,69.1,8.0,1013.0,1016.8,7,1011.2,1617,1013.8,11.1,8.3,1200.0,2.54,15.35,,,,,,0.3,0.0,8.2,-4.5,7.0,6.4,5.7,5.3,,,,,,2.8,4.1,,,,2026,2,8,52,1,0,0,0
257,양산시,2026-02-22,14.7,6.9,143,21.6,1429,,,,,,,14.0,200,1613,7.5,200,1653,3.6,3101,230,3.3,13.0,2058.0,54.0,9.3,1008.4,1016.2,2358,1004.1,1522,1009.1,11.2,7.5,1200.0,2.43,14.23,,,,,,0.8,0.8,12.2,1.7,10.7,9.4,8.2,6.6,,,,,,4.4,6.3,,,,2026,2,8,53,1,0,1,0
257,양산시,2026-02-23,7.5,2.2,539,14.9,1508,,,,,,,13.2,270,10,5.7,290,112,2.1,1776,320,-10.7,8.0,1510.0,29.5,2.9,1021.5,1024.4,1005,1016.1,1,1022.3,11.2,8.2,1200.0,2.66,15.9,,,,,,2.5,0.3,8.0,-2.0,7.7,7.5,7.1,6.9,,,,,,3.6,5.1,,,,2026,2,9,54,1,0,0,0
257,양산시,2026-02-24,5.1,2.7,557,10.0,1108,,,,,,27.4,11.9,50,2221,6.9,50,2155,3.1,2664,70,-1.1,18.0,814.0,70.9,6.1,1020.7,1024.1,943,1020.1,2155,1021.5,11.2,0.0,1200.0,0.28,1.73,,,,,,9.3,4.3,3.8,-2.0,4.6,4.7,4.7,6.0,,,,,,0.7,1.1,,,,2026,2,9,55,1,0,0,1
257,양산시,2026-02-25,9.6,5.2,1,13.6,1239,,,,,,0.3,12.7,20,1534,6.4,50,1538,4.0,3413,70,3.6,46.0,1433.0,67.8,7.9,1019.9,1022.5,2028,1018.8,403,1020.7,11.3,5.9,1000.0,2.68,15.59,,,,,,7.9,6.9,9.1,4.0,8.4,7.3,6.5,5.7,,,,,,2.7,3.9,,,,2026,2,9,56,1,0,0,0
257,양산시,2026-02-26,10.3,9.3,1930,11.9,1239,,,,,,,9.5,50,1947,4.9,50,2015,3.1,2641,70,5.0,62.0,1107.0,70.5,8.8,1017.4,1021.7,1,1016.0,1836,1018.2,11.3,0.0,1200.0,0.51,3.14,,,,,,9.4,9.4,8.3,8.1,8.4,7.6,7.0,6.6,,,,,,1.0,1.5,,,,2026,2,9,57,1,0,1,0
257,양산시,2026-02-27,8.5,6.6,2355,10.8,1555,,,,,,7.0,10.5,70,1142,5.3,50,1727,3.4,2946,70,5.3,70.0,1557.0,81.3,8.9,1014.0,1017.1,2352,1012.8,1349,1014.8,11.3,0.0,1500.0,0.99,5.09,,,,,,7.4,2.9,8.0,4.0,8.1,7.6,7.0,6.8,,,,,,1.0,1.5,,,,2026,2,9,58,1,0,0,1
257,양산시,2026-02-28,8.1,3.3,616,11.5,1512,,,,,,,10.9,20,1334,4.0,50,1247,2.4,2069,70,2.4,54.0,1510.0,67.9,7.3,1020.6,1024.2,2206,1017.1,1,1021.4,11.4,1.5,900.0,1.52,8.39,,,,,,5.6,5.6,6.1,-0.2,6.5,6.1,5.7,6.2,,,,,,1.8,2.5,,,,2026,2,9,59,1,0,0,0
257,양산시,2026-03-01,10.0,8.7,306,13.2,1140,,,,,,,12.9,110,1017,5.9,110,1018,3.5,3048,70,2.6,51.0,1129.0,60.6,7.4,1022.4,1024.8,206,1021.9,2354,1023.2,11.4,4.1,1100.0,2.74,13.32,,,,,,9.3,6.8,8.9,7.0,8.8,8.0,7.3,6.7,,,,,,2.6,3.6,,,,2026,3,9,60,1,0,1,0
257,양산시,2026-03-02,8.3,6.3,2304,10.0,357,,,,,,17.7,17.6,50,1517,6.8,70,1449,4.8,4167,70,5.0,57.0,6.0,80.8,8.7,1017.5,1022.5,136,1014.4,1755,1018.3,11.5,0.0,1500.0,0.46,2.57,,,,,,10.0,4.8,7.1,5.0,7.5,7.1,6.6,6.9,,,,,,0.8,1.1,,,,2026,3,10,61,1,0,0,1
257,양산시,2026-03-03,8.6,6.1,10,11.8,1514,,,,,,0.8,15.4,70,1526,6.2,70,1007,4.2,3647,70,3.9,54.0,1629.0,73.1,8.1,1018.3,1023.4,2328,1014.6,205,1019.1,11.5,2.9,1400.0,2.49,9.0,,,,,,6.9,5.0,9.2,4.4,8.2,7.3,6.6,6.6,,,,,,1.6,2.2,,,,2026,3,10,62,1,0,0,0
257,양산시,2026-03-04,9.1,3.8,702,15.3,1513,,,,,,,8.3,110,1756,3.9,110,1729,1.7,1510,70,2.7,38.0,1553.0,66.8,7.4,1022.0,1024.2,2308,1020.8,1612,1022.8,11.5,8.3,1200.0,3.02,18.46,,,,,,2.1,1.9,9.3,0.7,8.9,8.1,7.4,6.8,,,,,,2.6,3.7,,,,2026,3,10,63,1,1,0,0
257,양산시,2026-03-05,9.3,3.4,505,15.5,1358,,,,,,,9.2,110,1447,3.8,140,1631,1.5,1301,70,4.2,48.0,1359.0,72.8,8.2,1021.6,1025.3,937,1018.6,2400,1022.4,11.6,2.8,1300.0,2.02,11.51,,,,,,5.6,5.6,9.2,0.1,8.6,7.9,7.3,7.2,,,,,,1.8,2.6,,,,2026,3,10,64,1,1,0,0
257,양산시,2026-03-06,8.6,4.0,2359,12.9,1524,,,,,,0.2,10.0,290,1335,5.4,270,1825,2.5,2203,320,0.7,34.0,1526.0,60.4,6.7,1017.2,1021.3,2355,1015.6,517,1018.0,11.6,3.6,1300.0,2.51,11.36,,,,,,5.4,2.4,8.5,0.8,9.2,8.6,8.0,7.6,,,,,,2.3,3.3,,,,2026,3,10,65,1,1,0,0
257,양산시,2026-03-07,4.9,0.4,457,11.7,1553,,,,,,,8.8,290,936,4.7,320,1342,2.6,2241,290,-7.6,18.0,1610.0,42.4,3.5,1023.2,1026.9,2344,1021.3,1,1024.0,11.6,8.3,1200.0,2.92,18.17,,,,,,1.6,0.6,6.5,-3.0,6.3,6.2,5.9,6.8,,,,,,2.9,4.2,,,,2026,3,10,66,1,1,0,0
257,양산시,2026-03-08,5.3,-1.7,655,12.3,1352,,,,,,,8.5,200,1547,5.4,200,1555,1.8,1559,200,-4.9,17.0,1302.0,49.3,4.3,1024.8,1027.8,901,1023.0,1730,1025.6,11.7,8.2,1200.0,2.86,18.27,,,,,,3.5,0.3,5.8,-4.4,5.8,5.8,5.4,6.1,,,,,,2.9,4.2,,,,2026,3,10,67,1,1,0,0
257,양산시,2026-03-09,6.6,1.6,321,12.5,1340,,,,,,,10.5,360,1854,6.3,50,1900,2.3,1967,290,-4.8,31.0,1341.0,45.9,4.3,1023.3,1026.1,2400,1021.5,1558,1024.1,11.7,8.1,1200.0,2.95,18.32,,,,,,1.9,1.3,7.2,-2.0,6.8,6.5,6.0,6.2,,,,,,3.1,4.4,,,,2026,3,11,68,1,1,0,0
257,양산시,2026-03-10,5.9,-0.5,629,13.0,1450,,,,,,,8.1,200,1708,4.6,200,1612,1.5,1303,230,-1.6,26.0,1416.0,62.5,5.5,1024.3,1027.4,822,1022.9,1551,1025.1,11.8,8.9,1200.0,2.81,18.4,,,,,,0.0,0.0,7.0,-4.2,6.6,6.5,6.0,6.3,,,,,,2.6,3.7,,,,2026,3,11,69,1,1,0,0
257,양산시,2026-03-11,7.3,0.1,624,15.2,1445,,,,,,,6.4,230,1622,3.7,250,1635,1.1,951,230,-0.9,27.0,1354.0,61.3,5.8,1022.7,1025.1,855,1020.8,1538,1023.5,11.8,8.6,1200.0,2.72,17.59,,,,,,1.8,0.0,8.3,-3.6,7.5,7.1,6.5,6.4,,,,,,2.7,3.9,,,,2026,3,11,70,1,1,0,0
257,양산시,2026-03-12,7.8,1.7,634,13.8,1114,,,,,,0.4,12.3,50,2115,5.5,50,2121,2.4,2099,70,1.5,36.0,1600.0,67.3,6.8,1023.5,1027.1,2345,1022.5,1610,1024.3,11.8,5.6,1300.0,2.34,13.48,,,,,,3.8,2.5,6.9,-2.2,7.1,6.9,6.5,6.7,,,,,,2.4,3.5,,,,2026,3,11,71,1,1,0,0
257,양산시,2026-03-13,6.3,4.4,708,11.3,1256,,,,,,0.0,14.3,70,1142,6.6,50,1012,3.3,2828,70,0.4,43.0,1257.0,66.5,6.3,1027.7,1029.8,2305,1026.5,340,1028.5,11.9,6.9,1200.0,3.04,17.94,,,,,,2.8,1.5,6.9,1.1,7.7,7.4,6.9,6.9,,,,,,2.3,3.3,,,,2026,3,11,72,1,1,0,0
257,양산시,2026-03-14,7.5,0.5,543,15.5,1432,,,,,,,6.9,250,1601,4.4,250,1701,1.4,1221,70,0.1,29.0,1418.0,62.1,6.2,1026.3,1029.8,821,1024.7,1518,1027.1,11.9,8.8,1200.0,2.92,19.24,,,,,,3.4,1.5,9.0,-3.1,8.1,7.7,7.1,6.9,,,,,,2.8,4.0,,,,2026,3,11,73,1,1,0,0
257,양산시,2026-03-15,9.7,4.3,301,16.7,1407,,,,,,,6.1,270,1347,3.8,270,1425,1.2,1028,70,1.0,24.0,1354.0,59.4,6.6,1022.5,1025.6,922,1020.6,1600,1023.3,11.9,2.7,1300.0,2.69,12.07,,,,,,7.5,7.3,10.2,0.8,9.8,9.1,8.2,7.5,,,,,,2.3,3.3,,,,2026,3,11,74,1,1,0,0
257,양산시,2026-03-16,10.1,5.1,556,17.0,1307,,,,,,,8.8,140,1336,4.9,160,1334,1.8,1519,50,3.7,44.0,1153.0,66.4,8.0,1021.0,1023.6,831,1020.0,1711,1021.8,12.0,5.0,1100.0,2.63,14.33,,,,,,6.8,2.9,10.3,1.8,9.9,9.3,8.7,8.1,,,,,,2.3,3.3,,,,2026,3,12,75,1,0,1,0
257,양산시,2026-03-17,10.8,4.8,618,17.8,1258,,,,,,,6.9,230,1354,3.9,230,1402,1.3,1130,230,5.0,42.0,1221.0,70.1,8.7,1019.6,1022.3,748,1018.6,1613,1020.4,12.0,8.5,1200.0,2.92,18.49,,,,,,3.1,0.6,11.8,0.8,10.8,10.2,9.5,8.6,,,,,,2.7,3.9,,,,2026,3,12,76,1,1,1,0
257,양산시,2026-03-18,9.7,7.3,105,11.0,2252,,,,,,4.8,5.8,320,2300,3.6,290,2307,1.1,953,50,8.2,72.0,2358.0,91.1,10.9,1012.0,1019.2,1,1008.8,1500,1012.8,12.1,0.0,1200.0,0.48,2.34,,,,,,10.0,4.3,9.3,3.5,9.4,9.0,8.6,8.7,,,,,,0.6,0.9,,,,2026,3,12,77,1,0,0,1
257,양산시,2026-03-19,10.0,3.5,653,16.9,1343,,,,,,,7.8,230,1517,4.3,200,1509,1.5,1289,200,3.1,30.0,1306.0,65.0,7.7,1014.4,1017.8,2340,1012.0,1,1015.2,12.1,9.3,1200.0,3.03,20.25,,,,,,0.0,0.0,10.2,0.7,10.2,9.7,9.0,8.5,,,,,,3.3,4.7,,,,2026,3,12,78,1,1,1,0
257,양산시,2026-03-20,11.2,5.5,458,18.7,1607,,,,,,,9.7,320,1544,5.5,290,1510,2.1,1796,290,-4.7,12.0,1517.0,38.0,4.6,1017.8,1022.0,2358,1016.4,432,1018.6,12.1,9.1,1200.0,3.21,21.93,,,,,,2.9,1.6,11.8,1.7,10.6,10.0,9.3,8.8,,,,,,5.0,7.1,,,,2026,3,12,79,1,0,1,0
257,양산시,2026-03-21,11.9,5.5,645,19.2,1337,,,,,,,9.0,200,1503,5.6,200,1529,2.1,1841,230,4.2,27.0,1250.0,62.5,8.3,1021.1,1023.7,830,1020.2,1536,1021.9,12.2,9.6,1200.0,3.09,21.03,,,,,,0.0,0.0,12.0,2.5,11.3,10.6,9.9,9.1,,,,,,3.7,5.3,,,,2026,3,12,80,1,0,1,0
257,양산시,2026-03-22,10.9,5.6,254,18.8,1518,,,,,,,6.2,230,1807,3.5,200,1811,1.1,989,230,3.9,35.0,1445.0,65.9,8.1,1017.3,1021.5,1,1015.3,1722,1018.1,12.2,3.6,1400.0,2.09,11.22,,,,,,5.5,2.5,12.1,1.9,11.0,10.3,9.7,9.4,,,,,,2.1,3.0,,,,2026,3,12,81,1,0,1,0
257,양산시,2026-03-23,12.1,3.8,607,21.9,1246,,,,,,,11.3,110,1944,5.4,110,1813,2.1,1834,90,2.4,15.0,1150.0,57.6,7.3,1017.5,1021.2,2334,1016.4,1411,1018.3,12.2,9.4,1200.0,3.08,20.57,,,,,,1.4,0.5,12.7,-0.2,11.5,10.8,10.0,9.4,,,,,,4.3,6.1,,,,2026,3,13,82,1,1,1,0
257,양산시,2026-03-24,,7.6,640,17.6,1611,,,,,,,8.0,50,7,4.6,140,1644,2.7,2347,50,,38.0,1605.0,,,1016.8,1021.1,1,1015.2,1633,,12.3,5.8,1300.0,2.43,16.03,,,,,,5.8,5.0,14.8,5.7,13.0,12.0,11.0,10.0,,,,,,1.0,1.5,,,,2026,3,13,83,1,0,0,0
257,양산시,2026-03-25,12.4,7.6,2400,16.7,1313,,,,,,0.0,9.5,50,1323,3.6,70,1329,1.4,1174,90,6.0,37.0,1325.0,67.4,9.4,1012.1,1015.3,2,1010.7,1707,1012.9,12.3,1.1,1600.0,1.07,6.99,,,,,,6.3,3.0,11.8,3.6,11.9,11.4,10.8,10.4,,,,,,1.4,2.0,,,,2026,3,13,84,1,0,1,0
257,양산시,2026-03-26,13.1,5.1,623,23.0,1245,,,,,,,9.2,230,1407,5.1,230,1350,1.3,1135,230,5.5,28.0,1226.0,65.8,9.1,1012.5,1015.1,914,1010.7,1455,1013.2,12.3,9.6,1200.0,2.96,19.92,,,,,,1.4,0.0,14.1,1.2,12.7,11.8,11.0,10.0,,,,,,3.6,5.1,,,,2026,3,13,85,1,0,1,0
257,양산시,2026-03-27,14.6,5.5,606,24.7,1418,,,,,,,8.3,200,1532,5.4,200,1606,1.7,1501,200,6.0,29.0,1359.0,60.5,9.3,1010.9,1014.3,731,1008.6,1600,1011.7,12.4,8.9,1100.0,2.49,18.02,,,,,,3.6,0.1,14.8,1.3,13.6,12.5,11.7,10.7,,,,,,3.7,5.3,,,,2026,3,13,86,1,0,1,0
257,양산시,2026-03-28,15.2,9.0,603,23.8,1245,,,,,,,7.8,250,1444,4.6,250,1314,1.5,1253,140,6.1,19.0,1140.0,60.0,9.5,1013.1,1016.7,2357,1011.1,2,1013.8,12.4,9.7,1200.0,3.09,21.67,,,,,,1.5,0.0,16.7,5.4,15.2,14.1,13.2,11.5,,,,,,3.9,5.5,,,,2026,3,13,87,1,0,1,0
257,양산시,2026-03-29,14.3,8.8,504,22.3,1400,,,,,,,6.7,230,1357,3.8,230,1343,1.4,1243,230,7.2,27.0,1553.0,66.6,10.2,1015.1,1017.4,755,1013.9,1522,1015.9,12.5,7.9,1200.0,2.96,19.32,,,,,,4.3,0.9,17.1,5.7,15.2,14.1,13.3,12.0,,,,,,3.3,4.7,,,,2026,3,13,88,1,0,1,0
257,양산시,2026-03-30,14.1,8.5,513,22.3,1333,,,,,,16.2,10.1,50,2243,5.8,50,2246,1.5,1323,70,9.2,28.0,1407.0,77.6,11.9,1011.2,1016.7,841,1003.2,2357,1011.9,12.5,1.3,1000.0,2.08,9.68,,,,,,9.0,2.5,13.8,5.3,13.8,13.1,12.5,12.1,,,,,,1.9,2.8,,,,2026,3,14,89,1,0,1,1
257,양산시,2026-03-31,13.9,12.2,350,18.2,1058,,,,,,9.4,15.3,110,55,5.7,110,103,3.1,2699,70,9.7,60.0,1057.0,76.9,12.1,1007.3,1013.7,2031,999.4,431,1008.1,12.5,1.6,1000.0,2.81,10.61,,,,,,8.3,6.3,13.3,10.8,13.7,13.1,12.5,12.1,,,,,,2.0,2.9,,,,2026,3,14,90,1,0,1,1
257,양산시,2026-04-01,14.1,11.7,609,17.3,1028,1.0,2124.0,1.8,2118.0,,1.8,5.2,70,908,3.0,50,1029,1.6,1385,50,10.0,61.0,1504.0,77.5,12.3,1011.3,1014.0,44,1009.4,1634,1012.1,12.6,0.5,1000.0,1.67,7.3,,,,,,9.8,7.8,14.6,10.1,13.7,12.6,11.9,11.7,,,,,,1.4,2.0,,,,2026,4,14,91,1,0,1,1
257,양산시,2026-04-02,14.7,9.0,708,22.8,1535,,,,,,,8.4,320,1159,4.6,320,1205,1.9,1634,200,6.0,24.0,1451.0,61.4,9.5,1012.3,1015.6,2250,1010.9,1624,1013.1,12.6,10.1,1200.0,3.27,23.3,,,,,,0.5,0.5,15.2,6.3,14.9,13.9,13.1,12.0,,,,,,4.5,6.4,,,,2026,4,14,92,1,0,1,0
257,양산시,2026-04-03,15.8,8.9,604,25.3,1349,0.4,2330.0,1.3,2253.0,,1.5,8.2,230,1524,4.9,230,1248,2.0,1695,230,6.5,15.0,1310.0,58.5,9.9,1012.8,1016.6,722,1010.2,2358,1013.6,12.7,6.7,1300.0,3.44,19.98,,,,,,7.5,3.4,15.3,6.2,15.2,14.0,13.2,12.2,,,,,,4.0,5.7,,,,2026,4,14,93,1,0,1,1
257,양산시,2026-04-04,15.8,12.9,126,20.1,1725,1.4,556.0,6.8,641.0,,35.3,12.9,50,537,4.7,200,1051,2.0,1751,270,13.4,62.0,1800.0,87.3,15.4,998.6,1010.2,1,993.3,956,999.3,12.7,2.1,1400.0,2.82,8.26,,,,,,6.5,2.8,17.2,10.9,16.1,14.8,13.8,12.9,,,,,,1.2,1.7,,,,2026,4,14,94,1,0,1,1
257,양산시,2026-04-05,,9.4,543,21.5,1224,,,,,,,7.9,212,1437,5.1,230,1438,2.2,190440,230,,48.0,1226.0,,,,1010.2,2356,1004.4,1,,12.5,8.0,1200.0,2.96,19.55,,,,,,2.4,-999.0,,6.8,14.9,14.0,13.3,12.9,,,,,,,,,,,2026,4,14,95,1,0,0,0
257,양산시,2026-04-06,15.4,9.9,56,20.3,1504,0.6,1421.0,0.6,1331.0,,0.7,9.0,230,1656,5.0,200,1727,2.4,2091,230,11.9,61.0,2357.0,80.8,14.3,1007.5,1011.6,910,1004.8,1630,1008.3,12.8,0.5,1200.0,1.28,7.18,,,,,,7.4,5.3,15.0,7.1,14.2,13.3,12.6,12.4,,,,,,2.1,3.0,,,,2026,4,15,96,1,0,1,0
257,양산시,2026-04-07,11.8,6.3,658,17.6,1450,,,,,,,12.0,160,200,5.0,50,248,2.1,1819,290,-5.5,15.0,1519.0,32.4,4.2,1013.1,1017.8,2358,1008.8,4,1013.9,12.8,10.2,1200.0,3.46,25.53,,,,,,1.6,0.0,13.3,3.0,13.5,12.9,12.5,12.4,,,,,,4.6,6.5,,,,2026,4,15,97,1,0,1,0
