stnId,stnNm,tm,avgTa,minTa,minTaHrmt,maxTa,maxTaHrmt,mi10MaxRn,mi10MaxRnHrmt,hr1MaxRn,hr1MaxRnHrmt,sumRnDur,sumRn,maxInsWs,maxInsWsWd,maxInsWsHrmt,maxWs,maxWsWd,maxWsHrmt,avgWs,hr24SumRws,maxWd,avgTd,minRhm,minRhmHrmt,avgRhm,avgPv,avgPa,maxPs,maxPsHrmt,minPs,minPsHrmt,avgPs,ssDur,sumSsHr,hr1MaxIcsrHrmt,hr1MaxIcsr,sumGsr,ddMefs,ddMefsHrmt,ddMes,ddMesHrmt,sumDpthFhsc,avgTca,avgLmac,avgTs,minTg,avgCm5Te,avgCm10Te,avgCm20Te,avgCm30Te,avgM05Te,avgM10Te,avgM15Te,avgM30Te,avgM50Te,sumLrgEv,sumSmlEv,n99Rn,iscs,sumFogDur,year,month,week,doy,is_spring,cold_stress,warm_day,rain_day
108,서울,2019-01-01,-5.0,-8.2,0631,-0.6,1525,,,,,,,8.6,290,1238,4.3,270,1340,2.1,1810,290,-14.1,34,2038,49.5,2.1,1022.6,1035.8,0306,1031.3,1357,1033.8,9.6,7.5,1200,1.42,7.84,,,,,,3.4,2.6,-3.9,-12.8,-2.8,-1.4,-0.1,0.9,2.6,6.1,9.1,14.9,17.1,1.0,1.4,,,,2019,1,1,1,0,0,0,0
108,서울,2019-01-02,-4.9,-8.8,0802,0.2,1458,,,,,,,6.7,320,1547,3.6,320,1214,1.7,1458,270,-16.1,20,1406,42.8,1.7,1023.4,1036.6,0927,1033.1,1405,1034.6,9.6,8.7,1200,1.81,10.48,,,,,,0.0,0.0,-3.3,-15.7,-3.0,-1.5,-0.2,0.8,2.4,5.9,8.9,14.7,17.1,1.3,1.9,,,,2019,1,1,2,0,0,0,0
108,서울,2019-01-03,-3.5,-8.4,0726,3.2,1436,,,,,,,5.3,290,1310,2.9,270,1233,1.4,1175,290,-16.3,18,1425,38.8,1.8,1024.2,1037.1,1011,1033.7,1549,1035.4,9.7,8.7,1200,1.79,10.28,,,,,,0.1,0.0,-2.6,-14.5,-2.5,-1.3,-0.3,0.7,2.3,5.8,8.8,14.7,17.0,1.4,2.0,,,,2019,1,1,3,0,0,0,0
108,서울,2019-01-04,-1.1,-6.2,0757,4.1,1504,,,,,,,6.3,180,1433,3.0,200,1435,1.2,1020,20,-9.3,34,1114,55.5,3.3,1019.5,1035.5,0001,1026.7,2400,1030.4,9.7,3.9,1300,1.27,6.2,,,,,,5.5,4.1,-1.4,-11.6,-1.9,-1.0,-0.2,0.6,2.2,5.7,8.7,14.5,17.0,0.9,1.3,,{연무}1410-{연무}{강도0}1500-{연무}{강도0}1800-{연무}{강도0}2100-2215. {박무}2210-{박무}{강도1}2400-,,2019,1,1,4,0,0,0,0
108,서울,2019-01-05,-2.8,-5.5,2358,1.1,1521,,,,,,,7.1,250,0155,4.3,320,0915,2.2,1863,290,-15.5,20,1500,40.3,2.0,1016.6,1029.5,1027,1025.9,1643,1027.6,9.7,8.6,1200,1.78,10.05,,,,,,0.5,0.0,-1.2,-12.1,-1.3,-0.6,-0.1,0.7,2.2,5.5,8.6,14.5,16.9,1.4,2.0,,-{박무}-{박무}{강도1}0300-0340. {연무}0335-{연무}{강도0}0600-0740.,,2019,1,1,5,0,0,0,0
108,서울,2019-01-06,-2.8,-6.3,0154,2.7,1512,,,,,,,6.2,290,1531,3.2,270,1532,1.2,1055,290,-16.5,19,1514,35.0,1.7,1017.6,1029.7,0941,1027.5,1425,1028.7,9.7,7.7,1200,1.79,9.64,,,,,,3.1,0.0,-1.2,-12.4,-1.7,-0.9,-0.1,0.6,2.0,5.4,8.4,14.3,16.9,1.3,1.9,,,,2019,1,1,6,0,0,0,0
108,서울,2019-01-07,-1.9,-6.2,0658,3.1,1436,,,,,,,7.8,320,1348,4.7,320,1349,1.4,1193,290,-12.2,28,1341,46.4,2.4,1017.4,1030.1,0946,1027.1,1644,1028.4,9.7,7.0,1200,1.59,8.71,,,,,,4.0,0.0,-2.0,-12.5,-1.8,-1.0,-0.1,0.6,2.0,5.3,8.3,14.3,16.9,1.3,1.8,,{연무}1355-{연무}{강도0}1500-1610. {연무}1930-{연무}{강도0}2100-2250.,,2019,1,2,7,0,0,0,0
108,서울,2019-01-08,-3.5,-7.2,2238,0.5,1507,,,,,,,12.0,340,1910,6.5,320,1959,2.6,2256,290,-18.6,20,1500,31.0,1.4,1018.2,1033.4,2356,1027.0,1355,1029.2,9.7,8.7,1200,1.82,10.46,,,,,,0.0,0.0,-2.0,-14.3,-1.6,-0.8,-0.1,0.6,1.9,5.2,8.2,14.2,16.8,1.7,2.4,,,,2019,1,2,8,0,0,0,0
108,서울,2019-01-09,-4.7,-9.4,0630,1.3,1525,,,,,,,6.0,360,0004,3.5,340,0016,1.3,1109,50,-20.3,17,1511,28.8,1.2,1022.0,1036.6,0948,1029.5,2400,1033.2,9.7,7.4,1300,1.3,8.47,,,,,,4.9,1.1,-4.1,-16.3,-2.8,-1.4,-0.2,0.6,1.8,5.1,8.1,14.1,16.8,1.2,1.7,,{채운}1050-1115.,,2019,1,2,9,0,0,0,0
108,서울,2019-01-10,-0.6,-4.5,0619,3.0,1222,,,,,,,6.8,270,1436,3.8,290,1440,1.3,1152,290,-10.8,27,1132,48.8,3.0,1015.5,1029.6,0004,1024.6,1350,1026.5,9.8,3.1,1100,1.47,5.92,,,,,,8.1,8.1,-0.7,-8.8,-1.2,-0.7,-0.2,0.5,1.8,5.1,8.0,14.0,16.8,0.9,1.2,,{연무}1945-{연무}{강도0}2100-{연무}{강도0}2400-,,2019,1,2,10,0,0,0,0
108,서울,2019-01-11,2.4,-0.4,0802,7.2,1413,,,,,,,4.8,20,1037,2.6,290,1904,1.0,827,20,-5.2,39,1440,58.8,4.2,1014.2,1027.3,0948,1022.2,2354,1025.0,9.8,6.9,1200,1.64,8.53,,,,,,6.1,6.1,1.2,-4.4,0.3,-0.1,-0.1,0.5,1.8,4.9,7.9,14.0,16.7,1.1,1.5,,-{연무}-{연무}{강도0}0300-{연무}{강도0}0600-{연무}{강도0}0900-{연무}{강도0}1200-{연무}{강도0}1500-{연무}{강도0}1800-{연무}{강도0}2100-{연무}{강도0}2400-,,2019,1,2,11,0,0,0,0
108,서울,2019-01-12,2.8,-0.6,2359,8.0,1437,,,,,,,5.9,270,1354,3.5,290,1822,1.3,1104,290,-7.4,32,1433,47.6,3.5,1012.1,1024.4,2356,1020.9,1420,1022.9,9.8,6.0,1200,1.41,7.71,,,,,,3.9,3.0,2.6,-8.8,0.9,0.0,-0.1,0.5,1.8,4.8,7.8,13.8,16.6,1.3,1.8,,-{연무}-{연무}{강도0}0300-{연무}{강도0}0600-{연무}{강도0}0900-{연무}{강도0}1200-{연무}{강도0}1500-{연무}{강도0}1800-{연무}{강도0}2100-{연무}{강도0}2400-,,2019,1,2,12,0,0,0,0
108,서울,2019-01-13,1.2,-3.0,0605,7.6,1419,,,,,,,5.8,270,1431,3.2,270,1438,1.4,1218,270,-7.8,21,1432,54.3,3.5,1014.8,1026.7,1008,1024.4,0001,1025.7,9.8,8.6,1200,1.72,9.97,,,,,,0.0,0.0,0.5,-9.5,0.1,0.0,0.0,0.6,1.8,4.8,7.7,13.8,16.6,1.4,2.1,,-{연무}-{연무}{강도0}0300-{연무}{강도0}0600-{연무}{강도0}0900-{연무}{강도0}1200-{연무}{강도0}1500-{연무}{강도0}1800-{연무}{강도1}2100-{연무}{강도1}2400-,,2019,1,2,13,0,0,0,0
108,서울,2019-01-14,1.4,-2.4,0719,5.3,1452,,,,,,,4.3,320,1606,2.5,270,1925,0.9,782,290,-3.8,50,1434,68.6,4.6,1014.8,1028.1,1028,1023.3,2342,1025.6,9.8,0.4,1100,1.08,6.03,,,,,,4.5,2.5,-0.3,-9.6,-0.3,-0.1,0.0,0.6,1.8,4.7,7.6,13.7,16.6,0.8,1.1,,{박무}0210-{박무}{강도1}0300-{박무}{강도1}0600-{박무}{강도1}0900-1020. -{연무}-0215. {연무}1015-{연무}{강도1}1200-{연무}{강도1}1500-{연무}{강도2}1800-{연무}{강도1}2100-{연무}{강도2}2400-,,2019,1,3,14,0,0,0,0
108,서울,2019-01-15,-1.7,-7.2,2345,2.6,1456,,,,,1.0,0.0,11.1,290,1524,6.1,270,1547,2.7,2366,290,-9.2,30,1558,58.8,3.3,1013.2,1027.8,2309,1021.7,1452,1024.2,9.9,4.7,1400,1.32,6.93,,,,,,3.8,3.0,0.7,-10.1,0.1,0.0,0.1,0.6,1.8,4.7,7.5,13.6,16.5,1.2,1.7,0.0,-{연무}-{연무}{강도2}0300-0455. {박무}0450-{박무}{강도2}0600-{박무}{강도1}0900-0955. {연무}0950-{연무}{강도1}1200-{연무}{강도0}1500-1520. {눈}1155-{눈}{강도0}1200-1255.,,2019,1,3,15,0,0,0,0
108,서울,2019-01-16,-5.2,-10.1,0724,-1.1,1542,,,,,3.75,0.0,7.5,340,0058,4.3,340,0018,2.3,1952,270,-15.8,17,1408,45.9,1.9,1015.9,1029.4,1047,1024.7,2359,1027.0,9.9,8.6,1200,1.87,10.36,,,,,,4.1,2.5,-1.8,-13.4,-1.9,-0.5,0.1,0.7,1.8,4.6,7.4,13.5,16.5,1.2,1.7,0.0,{눈}2015-{눈}{강도0}2100-{눈}{강도0}2400-,,2019,1,3,16,0,0,0,0
108,서울,2019-01-17,-0.3,-3.2,0731,4.0,1559,,,,,2.83,0.0,9.1,270,1224,5.0,320,1432,1.7,1510,290,-11.9,19,1353,45.8,2.6,1013.4,1027.7,2337,1022.3,0558,1024.3,9.9,8.7,1200,1.91,11.07,,,,,,1.8,1.8,0.7,-11.8,-0.3,-0.2,0.2,0.7,1.8,4.6,7.3,13.4,16.4,1.8,2.6,,-{눈}-0250.,,2019,1,3,17,0,0,0,0
108,서울,2019-01-18,0.6,-4.6,0737,6.7,1441,,,,,,,7.2,270,1540,4.5,290,1549,1.3,1089,290,-10.8,21,1247,44.0,2.9,1016.7,1029.7,0841,1026.0,1428,1027.5,9.9,8.5,1200,1.79,10.4,,,,,,3.0,1.1,-0.3,-12.9,-0.6,-0.3,0.2,0.7,1.7,4.5,7.3,13.3,16.4,1.5,2.1,,{연무}1455-{연무}{강도0}1500-{연무}{강도0}1800-{연무}{강도0}2100-{연무}{강도0}2400-,,2019,1,3,18,0,0,0,0
108,서울,2019-01-19,3.6,0.0,0327,8.5,1442,,,,,,,5.1,320,2050,3.0,290,2058,1.2,1067,50,-3.6,44,1611,59.8,4.7,1011.7,1026.8,0038,1018.6,2302,1022.4,9.9,2.9,1300,1.27,6.27,,,,,,7.8,6.5,2.1,-4.5,0.8,-0.1,0.2,0.7,1.8,4.5,7.2,13.2,16.4,1.1,1.6,,-{연무}-{연무}{강도0}0300-{연무}{강도0}0600-{연무}{강도0}0900-{연무}{강도0}1200-{연무}{강도0}1500-1630. {연무}1725-{연무}{강도0}1800-{연무}{강도0}2100-{연무}{강도0}2400-,,2019,1,3,19,0,0,0,0
108,서울,2019-01-20,-1.4,-5.5,2327,4.0,0001,,,,,,,10.3,250,1243,5.5,320,0901,3.2,2785,290,-14.6,19,1629,38.5,2.2,1011.7,1026.2,2359,1018.1,0141,1022.6,10.0,8.8,1200,1.94,11.56,,,,,,1.1,1.1,1.0,-8.9,0.6,0.0,0.2,0.7,1.7,4.5,7.2,13.2,16.3,1.8,2.6,,-{연무}-{연무}{강도1}0300-0540.,,2019,1,3,20,0,0,0,0
108,서울,2019-01-21,-1.2,-6.7,0326,4.2,1612,,,,,2.75,0.0,9.3,200,1535,4.3,250,1557,1.6,1383,270,-8.5,40,0001,57.8,3.4,1010.7,1026.2,0001,1018.6,1638,1021.6,10.0,1.0,1000,0.52,3.07,,,,,,4.1,4.1,-2.6,-15.1,-1.1,-0.1,0.2,0.7,1.7,4.4,7.1,13.1,16.3,0.7,1.0,0.0,{눈}1105-{눈}{강도0}1200-1350. {연무}1635-{연무}{강도0}1800-1925.,,2019,1,4,21,0,0,0,0
108,서울,2019-01-22,1.7,-3.3,0706,7.1,1327,,,,,,,8.5,250,1328,4.4,270,1528,1.7,1469,20,-4.9,42,1247,62.0,4.3,1008.6,1020.7,0256,1018.0,1614,1019.4,10.0,8.5,1200,1.72,9.85,,,,,,1.1,1.1,-0.7,-10.4,-0.5,-0.2,0.3,0.8,1.7,4.4,7.0,13.0,16.2,1.3,1.9,,{연무}1055-1130. {연무}1730-{연무}{강도0}1800-{연무}{강도0}2100-{연무}{강도0}2400-,,2019,1,4,22,0,0,0,0
108,서울,2019-01-23,2.0,-0.8,0712,7.0,1557,,,,,,,9.8,320,1443,5.1,320,1449,2.3,1994,270,-9.7,17,1734,48.9,3.3,1009.6,1023.8,2359,1017.7,0459,1020.3,10.0,8.6,1200,1.86,10.85,,,,,,0.9,0.0,1.3,-8.9,0.5,-0.1,0.3,0.8,1.7,4.3,7.0,12.9,16.2,2.2,3.2,,{박무}0250-{박무}{강도0}0300-{박무}{강도1}0600-{박무}{강도1}0900-1040. -{연무}-0255. {연무}1035-{연무}{강도0}1200-1230.,,2019,1,4,23,0,0,0,0
108,서울,2019-01-24,0.1,-4.6,0806,6.5,1446,,,,,,,6.3,290,1557,3.5,270,1530,1.7,1492,270,-14.5,11,1525,34.9,2.0,1013.7,1026.1,1017,1023.4,1443,1024.6,10.1,8.8,1200,1.96,11.71,,,,,,2.1,0.0,0.2,-12.7,-0.1,-0.1,0.3,0.8,1.7,4.3,6.9,12.9,16.1,2.1,3.0,,,,2019,1,4,24,0,0,0,0
108,서울,2019-01-25,-1.2,-3.8,0825,2.6,1433,,,,,,,9.6,270,1110,5.5,320,1541,2.6,2208,290,-17.9,18,1539,27.6,1.6,1013.4,1026.3,2321,1022.0,1507,1024.3,10.1,8.7,1200,1.94,11.56,,,,,,1.3,0.0,0.0,-9.0,-0.3,-0.1,0.4,0.8,1.7,4.2,6.9,12.7,16.1,2.2,3.1,,,,2019,1,4,25,0,0,0,0
108,서울,2019-01-26,-2.5,-6.5,0816,2.4,1544,,,,,,,8.0,320,0713,4.4,290,0040,2.4,2070,320,-17.7,20,1500,30.9,1.5,1017.5,1030.4,0948,1026.1,0002,1028.5,10.1,8.8,1200,2.03,12.29,,,,,,0.0,0.0,-0.6,-11.4,-0.8,-0.1,0.4,0.8,1.6,4.2,6.8,12.7,16.0,1.7,2.5,,,,2019,1,4,26,0,0,0,0
108,서울,2019-01-27,-0.1,-6.6,0749,5.1,1448,,,,,,,7.0,200,1328,3.7,200,1622,1.7,1502,230,-9.0,28,1116,52.5,3.3,1015.9,1031.1,0914,1021.1,2400,1026.8,10.2,6.7,1200,1.93,10.31,,,,,,4.3,2.4,-0.4,-15.0,-0.7,-0.2,0.4,0.8,1.6,4.2,6.7,12.6,16.0,1.4,2.0,0.0,{연무}0355-0410.,,2019,1,4,27,0,0,0,0
108,서울,2019-01-28,1.2,-2.4,2357,4.5,1523,,,,,1.5,0.0,11.7,320,1210,6.8,320,1237,3.1,2708,290,-12.4,17,1522,40.4,2.7,1011.6,1026.6,2259,1018.7,0531,1022.4,10.2,8.7,1200,1.98,11.76,,,,,,1.3,1.3,2.1,-7.3,1.0,0.0,0.4,0.9,1.6,4.1,6.7,12.5,15.9,2.3,3.3,,{비}0105-0235. {연무}0425-{연무}{강도0}0600-{연무}{강도0}0900-0955.,,2019,1,5,28,0,0,0,0
108,서울,2019-01-29,-0.2,-5.6,0737,7.0,1508,,,,,,,6.7,320,1812,3.7,270,1729,1.5,1287,290,-14.1,18,1559,35.5,2.1,1016.9,1029.6,1043,1025.9,1622,1027.9,10.2,8.7,1200,2.0,11.87,,,,,,2.1,0.0,0.3,-12.1,-0.1,0.0,0.5,0.8,1.6,4.1,6.7,12.5,15.9,1.8,2.6,,,,2019,1,5,29,0,0,0,0
108,서울,2019-01-30,1.8,-2.8,0746,6.6,1414,,,,,,,7.9,250,1641,3.8,270,1648,1.5,1295,290,-6.6,39,1007,54.6,3.9,1014.9,1028.5,0240,1022.9,2358,1025.7,10.3,7.7,1200,1.54,9.13,,,,,,6.9,2.5,1.6,-9.1,0.4,0.1,0.6,0.9,1.6,4.1,6.6,12.4,15.8,1.5,2.1,,{연무}2220-{연무}{강도0}2400-,,2019,1,5,30,0,0,0,0
108,서울,2019-01-31,-2.0,-6.2,2355,2.3,0001,,,,,,,7.8,290,1548,4.7,290,1925,2.9,2545,290,-18.4,18,1420,29.0,1.6,1010.5,1024.0,2349,1019.0,1425,1021.4,10.3,3.4,1400,1.38,5.97,,,,,,7.0,5.1,0.6,-9.0,0.1,0.2,0.7,1.0,1.7,4.1,6.6,12.3,15.8,1.5,2.2,,-{연무}-{연무}{강도0}0300-0305.,,2019,1,5,31,0,0,0,0
108,서울,2019-02-01,-2.1,-7.4,0333,2.8,1320,,,,,2.25,0.3,9.1,230,1456,4.9,290,1254,1.7,1477,270,-11.9,27,1114,47.6,2.6,1013.0,1025.2,1104,1022.7,1755,1023.9,10.3,5.7,1200,2.04,9.71,0.2,1855,0.2,1855,0.2,3.0,3.0,-2.0,-14.5,-0.9,0.0,0.6,1.0,1.6,4.1,6.5,12.3,15.7,1.2,1.8,0.3,{눈}1650-{눈}{강도0}1800-1905.,,2019,2,5,32,1,1,0,1
108,서울,2019-02-02,1.4,-3.2,0434,6.1,1643,,,,,0.42,0.0,5.7,90,2347,1.8,50,1411,1.0,903,70,-5.6,46,1623,60.0,4.0,1011.2,1024.2,0226,1018.8,2353,1022.0,10.3,1.6,1500,0.83,4.48,,,0.2,0001,,7.5,7.0,-0.2,-12.6,-0.2,0.1,0.6,1.0,1.6,4.0,6.5,12.2,15.7,0.8,1.1,9.0,{연무}1135-{연무}{강도0}1200-{연무}{강도0}1500-{연무}{강도0}1800-{연무}{강도0}2100-{연무}{강도0}2400- {비}2335-{비}{강도0}2400-,,2019,2,5,33,1,1,0,0
108,서울,2019-02-03,3.3,2.0,0352,4.9,1435,,,,,19.67,16.0,9.1,270,2119,4.0,320,1717,1.7,1497,90,2.2,53,0001,92.9,7.2,1002.2,1018.8,0001,1008.0,1421,1012.8,10.4,0.0,1400,0.1,0.54,,,,,,9.3,7.8,2.2,-0.3,1.2,0.7,0.8,1.1,1.7,4.0,6.5,12.2,15.7,0.5,0.7,7.0,-{진눈깨비}-{진눈깨비}0010-{비}0135-{비}{강도0}0300-{비}{강도0}0600-{비}{강도0}0900-{비}{강도0}1200-{비}{강도0}1500-{비}{강도0}1800-1940. {박무}0205-{박무}{강도1}0300-{박무}{강도1}0600-{박무}{강도1}0900-{박무}{강도1}1200-{시정(미만)}{1km}{안개}1425-{안개}{강도0}1500-{시정(이상)}{1km}{박무}1530-{박무}{강도1}1800-{박무}{강도1}2100-{박무}{강도1}2400- -{연무}-0210.,1.08,2019,2,5,34,1,0,0,1
108,서울,2019-02-04,-0.6,-3.3,0806,3.0,1533,,,,,,,10.0,270,0032,4.9,290,0041,2.1,1787,290,-13.0,17,1558,40.4,2.3,1014.7,1028.2,1010,1018.5,0001,1025.7,10.4,8.6,1200,2.16,12.74,,,,,,2.4,0.0,1.4,-6.9,1.0,1.1,1.3,1.4,1.6,4.0,6.4,12.1,15.6,1.8,2.5,,{연무}0020-{연무}{강도0}0300-{연무}{강도0}0600-{연무}{강도0}0900-1040. -{박무}-0025.,,2019,2,6,35,1,1,0,0
108,서울,2019-02-05,2.8,-3.6,0458,10.1,1500,,,,,,,5.9,200,1506,2.9,200,1413,1.0,889,50,-11.3,17,1357,37.1,2.6,1010.6,1026.2,0230,1018.2,1654,1021.3,10.5,7.8,1200,2.05,11.81,,,,,,3.9,1.0,1.9,-7.5,1.0,0.9,1.2,1.4,1.5,3.9,6.4,12.0,15.5,1.9,2.8,,{연무}2150-{연무}{강도0}2400-,,2019,2,6,36,1,1,0,0
108,서울,2019-02-06,5.1,0.1,0715,9.3,1354,,,,,,,6.5,230,1634,3.1,200,1614,1.3,1157,20,-3.7,34,1129,54.9,5.0,1005.6,1018.7,0034,1014.3,1431,1016.1,10.5,3.3,1100,1.49,6.87,,,,,,8.1,5.1,2.5,-5.5,2.0,1.5,1.4,1.5,1.5,3.9,6.3,12.0,15.5,1.2,1.7,0.5,-{연무}-{연무}{강도0}0300-0410. {연무}0510-{연무}{강도0}0600-0725. {박무}2110-{박무}{강도0}2400-,,2019,2,6,37,1,0,0,0
108,서울,2019-02-07,-2.1,-8.2,2339,6.3,0001,,,,,4.17,0.5,10.0,290,1254,5.5,320,1616,3.5,3014,290,-13.6,18,1331,45.5,2.7,1011.9,1028.6,2327,1015.6,0005,1022.8,10.5,8.7,1300,2.21,13.09,0.0,,0.0,,0.0,4.3,1.9,2.4,-9.3,2.5,2.5,2.3,2.1,1.6,3.9,6.3,11.9,15.4,1.9,2.8,,{비}0245-{비}{강도0}0300-{진눈깨비}0450-{눈}0515-{눈}{강도0}0600-0655. -{박무}-{박무}{강도0}0300-{박무}{강도1}0600-0755. {연무}0750-{연무}{강도0}0900-0910.,,2019,2,6,38,1,1,0,1
108,서울,2019-02-08,-6.1,-10.2,0741,-1.3,1354,,,,,,,8.3,320,0004,4.7,340,0004,2.3,2012,290,-20.4,18,1344,31.5,1.2,1015.3,1029.4,0934,1023.8,2350,1026.4,10.6,8.4,1100,1.97,12.08,,,,,,6.1,1.1,-2.4,-11.0,-0.8,0.4,1.3,1.8,1.5,3.9,6.2,11.8,15.4,1.6,2.3,,,,2019,2,6,39,1,1,0,0
108,서울,2019-02-09,-5.4,-8.6,0742,-1.9,1534,,,,,,,8.6,320,0408,4.9,320,0448,2.7,2331,320,-20.6,20,1510,30.0,1.2,1017.4,1032.3,2355,1024.0,0008,1028.5,10.6,9.3,1200,2.24,13.27,,,,,,4.4,1.3,-2.2,-10.9,-0.9,0.0,0.8,1.3,1.5,3.8,6.2,11.8,15.4,1.6,2.3,,,,2019,2,6,40,1,1,0,0
108,서울,2019-02-10,-5.0,-9.1,0634,-1.9,1506,,,,,,,6.7,290,0036,3.6,290,0027,1.7,1508,290,-19.5,22,1325,31.3,1.3,1019.8,1032.9,0022,1029.3,1449,1031.0,10.6,2.2,1100,1.57,7.83,,,,,,7.5,5.0,-2.6,-13.4,-1.5,-0.3,0.5,1.1,1.6,3.9,6.2,11.7,15.3,1.3,1.8,,,,2019,2,6,41,1,1,0,0
108,서울,2019-02-11,-3.0,-7.5,0641,2.0,1622,,,,,,,9.7,290,1325,4.9,320,1326,2.3,1945,270,-16.7,19,1641,34.9,1.7,1020.7,1034.3,2252,1029.6,0413,1031.8,10.7,9.4,1200,2.32,14.53,,,,,,0.4,0.4,-0.6,-11.7,-1.3,-0.4,0.4,0.9,1.6,3.8,6.2,11.6,15.3,1.9,2.7,0.0,,,2019,2,7,42,1,1,0,0
108,서울,2019-02-12,-0.6,-4.1,0117,3.7,1432,,,,,2.25,0.0,7.5,290,2134,4.3,340,2031,1.9,1626,290,-14.5,22,1741,35.5,2.1,1023.0,1036.2,0831,1032.0,1530,1034.0,10.7,8.5,1200,1.97,12.34,,,,,,5.6,2.4,1.2,-10.5,-0.4,-0.2,0.4,0.9,1.6,3.8,6.1,11.6,15.2,2.0,2.9,,{눈}0405-{눈}{강도0}0600-0620. {연무}0745-{연무}{강도0}0900-{연무}{강도0}1200-1340.,,2019,2,7,43,1,1,0,0
108,서울,2019-02-13,-2.1,-5.7,0710,2.5,1559,,,,,,,8.4,320,1314,5.1,290,1445,2.4,2086,290,-19.1,15,1314,26.6,1.4,1022.0,1035.0,0907,1031.1,1512,1033.1,10.7,9.2,1200,2.26,14.15,,,,,,1.8,0.0,0.4,-10.4,-0.6,-0.2,0.4,0.9,1.7,3.8,6.1,11.6,15.2,2.2,3.1,,,,2019,2,7,44,1,1,0,0
108,서울,2019-02-14,-0.5,-5.9,0743,6.3,1600,,,,,,,5.8,160,1406,3.2,270,1643,1.4,1216,250,-18.7,16,1359,24.3,1.4,1019.9,1034.0,0846,1027.2,1756,1030.9,10.8,9.2,1200,2.34,14.39,,,,,,5.3,1.3,1.2,-9.3,-0.3,-0.2,0.4,0.8,1.6,3.8,6.1,11.5,15.1,2.1,3.1,1.4,,,2019,2,7,45,1,1,0,0
108,서울,2019-02-15,-0.8,-2.9,0710,0.9,1834,,,,,14.83,2.2,7.9,340,2047,4.0,290,2055,1.9,1641,290,-5.5,30,0303,72.8,4.2,1012.9,1028.3,0001,1020.9,1731,1023.8,10.8,0.0,1200,0.78,3.57,2.4,0955,2.4,0955,2.9,9.1,8.0,-0.2,-4.6,0.0,-0.1,0.4,0.9,1.7,3.8,6.1,11.5,15.1,0.6,0.9,1.0,{눈}0330-{눈}{강도0}0600-{눈}{강도0}0900-{눈}{강도0}1200-{눈}{강도0}1500-{눈}{강도0}1800-1820. {박무}1320-{박무}{강도0}1500-{박무}{강도1}1800-1945.,,2019,2,7,46,1,1,0,1
108,서울,2019-02-16,-2.7,-5.1,0808,1.5,1558,,,,,3.42,0.2,8.1,340,1401,4.6,320,1235,2.6,2268,320,-9.7,38,1533,59.0,2.9,1013.5,1025.7,0939,1022.3,0001,1024.4,10.9,8.8,1300,2.25,13.19,0.3,0355,0.7,0355,0.3,2.4,2.4,1.1,-7.9,-0.2,0.0,0.4,0.9,1.6,3.8,6.0,11.4,15.1,1.4,2.0,,{눈}0110-{눈}{강도0}0300-0435. {연무}0430-{연무}{강도0}0600-{연무}{강도0}0900-{연무}{강도0}1200-{연무}{강도0}1500-{연무}{강도0}1800-{연무}{강도0}2100-2105.,,2019,2,7,47,1,1,0,1
108,서울,2019-02-17,-1.8,-6.8,0734,4.6,1603,,,,,,,7.3,160,1314,4.2,270,1541,1.9,1630,270,-12.1,23,1322,47.4,2.5,1015.5,1027.8,2257,1024.9,1644,1026.4,10.9,9.8,1200,2.44,16.08,,,,,,0.1,0.0,0.0,-12.8,-0.7,-0.1,0.5,0.9,1.6,3.7,6.0,11.3,15.0,2.0,2.9,,{연무}0105-0250.,,2019,2,7,48,1,1,0,0
108,서울,2019-02-18,0.9,-4.7,0618,5.9,1350,,,,,,,5.0,270,1505,2.8,200,1437,1.3,1136,290,-10.7,27,1251,43.5,2.7,1014.7,1027.8,0755,1023.2,2357,1025.6,10.9,5.6,1100,2.0,10.19,,,,,,7.4,5.0,-0.6,-10.9,-0.3,-0.1,0.5,0.9,1.6,3.7,6.0,11.3,15.0,1.5,2.1,1.4,{햇무리}1140-1420.,,2019,2,8,49,1,1,0,0
108,서울,2019-02-19,1.4,0.2,0510,3.0,1710,,,,,11.58,4.6,7.7,270,1812,3.9,290,1459,1.4,1240,70,-1.7,36,0056,80.8,5.5,1008.7,1023.3,0001,1016.6,1407,1019.4,11.0,0.6,1400,0.85,3.43,3.3,1155,3.3,1155,3.3,9.4,7.9,0.0,-4.4,0.2,0.0,0.5,0.9,1.7,3.7,6.0,11.3,15.0,0.6,0.8,3.2,{눈}0235-{눈}{강도0}0300-{눈}{강도0}0600-{눈}{강도0}0900-{시정(미만)}{1km}{눈}0925-{시정(이상)}{1km}{눈}1130-{눈}{강도0}1200-{진눈깨비}1225-1410. {박무}1405-{박무}{강도0}1500-1720.,,2019,2,8,50,1,0,0,1
108,서울,2019-02-20,1.7,-0.1,2359,4.5,1647,,,,,2.33,0.0,7.9,290,1128,4.1,320,1526,2.1,1806,270,-3.7,48,1556,67.8,4.7,1014.5,1027.8,2310,1021.3,0022,1025.3,11.0,2.2,1200,1.32,6.26,,,0.4,0001,,6.5,6.0,1.8,-4.7,0.4,0.1,0.6,0.9,1.6,3.7,5.9,11.2,14.9,1.0,1.4,0.0,{연무}0040-{연무}{강도0}0300-0310. {눈}0250-{눈}{강도0}0300-0425. {박무}0355-0430. {연무}0725-{연무}{강도0}0900-{연무}{강도0}1200-{연무}{강도0}1500-{연무}{강도0}1800-{연무}{강도0}2100-{연무}{강도1}2400- {눈}1050-1135.,,2019,2,8,51,1,1,0,0
108,서울,2019-02-21,2.4,-2.6,0703,9.0,1540,,,,,,,5.8,270,1919,3.4,200,1336,1.5,1326,270,-5.3,32,1550,59.4,4.2,1015.9,1028.5,0847,1024.8,1557,1026.7,11.0,9.6,1300,2.28,14.6,,,,,,0.0,0.0,3.1,-7.3,1.4,0.7,1.0,1.2,1.6,3.7,5.9,11.2,14.8,1.9,2.7,,-{연무}-{연무}{강도1}0300-{연무}{강도0}0600-{연무}{강도0}0900-{연무}{강도0}1200-{연무}{강도0}1500-{연무}{강도0}1800-{연무}{강도0}2100-{연무}{강도0}2400-,,2019,2,8,52,1,1,0,0
108,서울,2019-02-22,4.0,-1.6,0606,10.8,1603,,,,,,,6.9,290,1412,3.7,270,1432,1.5,1292,200,-4.7,28,1352,56.1,4.3,1011.3,1025.3,0034,1018.9,1647,1022.0,11.1,9.5,1300,2.34,15.33,,,,,,5.4,0.0,4.0,-7.1,2.8,2.2,1.9,1.7,1.6,3.6,5.9,11.1,14.8,2.3,3.2,,-{연무}-{연무}{강도0}0300-{연무}{강도0}0600-{연무}{강도0}0900-{연무}{강도0}1200-1320. {연무}2020-{연무}{강도0}2100-{연무}{강도0}2400-,,2019,2,8,53,1,1,0,0
108,서울,2019-02-23,6.8,0.5,0640,14.5,1522,,,,,,,8.0,50,1209,2.9,70,1217,1.1,937,20,-7.3,15,1611,41.0,3.6,1012.8,1024.9,0855,1021.0,0045,1023.4,11.1,9.1,1200,2.54,16.04,,,,,,2.9,0.0,5.2,-5.3,4.2,3.5,2.9,2.4,1.7,3.6,5.8,11.0,14.7,3.0,4.2,,-{연무}-{연무}{강도0}0300-{연무}{강도0}0600-{연무}{강도0}0900-1010.,,2019,2,8,54,1,0,0,0
108,서울,2019-02-24,6.3,1.2,0648,13.7,1500,,,,,,,8.1,180,1406,4.9,290,1824,1.8,1555,290,-5.7,20,1422,45.0,4.1,1012.1,1025.5,0847,1020.0,1724,1022.7,11.2,10.0,1200,2.42,16.07,,,,,,1.6,0.0,5.0,-5.2,4.5,4.0,3.5,3.1,2.0,3.7,5.8,11.0,14.7,2.8,4.0,,{연무}1010-{연무}{강도0}1200-{연무}{강도0}1500-1550. {연무}1755-{연무}{강도0}1800-{연무}{강도0}2100-{연무}{강도1}2400-,,2019,2,8,55,1,0,0,0
108,서울,2019-02-25,4.7,1.3,0725,10.2,1540,,,,,,,8.1,270,2129,4.8,320,2138,2.3,1968,290,-4.6,26,1513,55.8,4.5,1011.1,1023.2,0946,1019.9,1557,1021.7,11.2,8.0,1200,2.32,14.21,,,,,,4.8,2.3,5.7,-3.3,4.8,4.5,4.1,3.7,2.7,3.8,5.8,11.0,14.7,2.4,3.5,,{박무}0005-{박무}{강도2}0300-{박무}{강도1}0600-{박무}{강도1}0900-1040. -{연무}-0010. {연무}1035-{연무}{강도0}1200-{연무}{강도0}1500-1720.,,2019,2,9,56,1,0,0,0
108,서울,2019-02-26,5.2,-1.5,0656,12.0,1514,,,,,,,8.2,250,1337,4.9,180,1344,1.6,1420,270,-10.7,16,1435,32.8,2.8,1013.4,1026.3,0845,1021.8,1659,1024.1,11.2,9.5,1100,2.39,16.25,,,,,,3.6,2.3,5.3,-8.1,4.5,4.2,4.0,3.8,3.3,4.0,5.8,10.9,14.6,2.9,4.2,,,,2019,2,9,57,1,1,0,0
108,서울,2019-02-27,7.8,4.7,0754,14.0,1400,,,,,,,8.3,180,1703,4.3,290,1527,1.6,1389,290,-8.3,21,1645,31.3,3.3,1010.7,1024.0,0146,1018.6,1838,1021.3,11.3,7.8,1300,2.14,12.84,,,,,,7.5,3.9,6.5,-0.1,6.2,5.7,5.0,4.4,3.8,4.1,5.8,10.9,14.6,2.5,3.6,,{연무}1410- {연무}{강도0}1500-1630. {연무}1850-1920.,,2019,2,9,58,1,0,0,0
108,서울,2019-02-28,6.6,2.0,0653,12.8,1446,,,,,,,8.4,270,1546,4.7,270,1726,2.0,1771,290,-6.5,24,1418,39.5,3.8,1008.4,1020.3,0839,1016.6,1350,1019.0,11.3,8.1,1300,2.21,14.07,,,,,,3.3,0.0,5.9,-3.9,5.4,5.4,5.1,4.8,4.4,4.4,5.9,10.8,14.6,2.8,4.0,,{연무}0850-{연무}{강도0}0900-{연무}{강도0}1200-{연무}{강도0}1500-{연무}{강도0}1800-1940. {연무}2015-{연무}{강도0}2100-{연무}{강도0}2400-,,2019,2,9,59,1,0,0,0
108,서울,2019-03-01,6.6,1.2,0725,13.0,1451,,,,,,,8.6,320,1525,4.4,290,1528,2.1,1772,290,-5.9,22,1435,42.3,4.0,1011.2,1023.3,0835,1020.2,0001,1021.8,11.3,9.9,1200,2.31,15.38,,,,,,0.3,0.0,6.1,-6.5,5.4,5.4,5.2,4.9,4.7,4.7,6.0,10.8,14.5,2.8,4.0,,-{연무}-{연무}{강도0}0300-{연무}{강도0}0600-{연무}{강도0}0900-{연무}{강도0}1200-{연무}{강도0}1500-{연무}{강도0}1800-{연무}{강도0}2100-{연무}{강도0}2400-,,2019,3,9,60,1,0,0,0
108,서울,2019-03-02,7.8,1.3,0735,14.7,1503,,,,,,,5.4,270,1755,3.3,290,1803,1.1,949,290,-6.6,19,1322,37.6,3.7,1008.7,1022.0,0141,1016.5,1709,1019.2,11.4,7.5,1200,2.17,13.57,,,,,,5.8,0.0,5.9,-5.8,5.6,5.5,5.2,5.0,4.8,4.9,6.1,10.7,14.5,2.4,3.4,,-{연무}-{연무}{강도0}0300-{연무}{강도0}0600-{연무}{강도0}0900-{연무}{강도0}1200-{연무}{강도0}1500-{연무}{강도0}1800-{연무}{강도0}2100-{연무}{강도0}2400-,,2019,3,9,61,1,0,0,0
108,서울,2019-03-03,9.4,2.5,0731,16.1,1417,,,,,,,6.4,200,1306,3.3,320,1942,1.5,1272,20,-5.6,15,1414,36.4,4.1,1002.5,1017.0,0048,1010.1,1703,1012.9,11.4,7.9,1200,2.55,15.37,,,,,,4.8,1.9,7.7,-4.8,6.8,6.3,5.7,5.2,5.1,5.1,6.2,10.7,14.4,3.1,4.4,,-{연무}-{연무}{강도0}0300-{연무}{강도0}0600-{연무}{강도0}0900-{연무}{강도0}1200-1305. {연무}1435-{연무}{강도0}1500-{연무}{강도0}1800-{연무}{강도1}2100-{연무}{강도1}2400-,,2019,3,9,62,1,0,0,0
108,서울,2019-03-04,9.9,5.0,0710,16.3,1452,,,,,,,7.6,270,1640,4.7,270,1659,1.9,1600,270,-2.2,19,1450,46.1,5.3,1003.2,1018.3,2354,1010.1,0313,1013.6,11.5,9.2,1200,2.3,14.87,,,,,,2.3,0.3,10.5,-1.4,8.3,7.7,6.8,6.0,5.7,5.3,6.3,10.6,14.4,3.0,4.3,,-{연무}-{연무}{강도1}0300-{연무}{강도1}0600-{연무}{강도1}0900-{연무}{강도0}1200-{연무}{강도0}1500-{연무}{강도1}1800-{연무}{강도1}2100-{연무}{강도2}2400-,,2019,3,10,63,1,0,0,0
108,서울,2019-03-05,8.4,5.6,0232,12.9,1350,,,,,,,7.3,250,1621,3.9,270,1725,2.0,1707,250,2.1,40,1529,66.3,7.1,1009.6,1021.4,0909,1018.3,0001,1020.1,11.5,2.5,1100,1.81,9.21,,,,,,8.6,6.4,8.7,3.1,8.0,7.6,7.1,6.5,6.2,5.6,6.5,10.6,14.3,1.7,2.4,,{박무}0030-{박무}{강도2}0300-{박무}{강도2}0600-{박무}{강도2}0900-1020. -{연무}-0035. {연무}1015-{연무}{강도2}1200-{연무}{강도1}1500-{연무}{강도1}1800-{연무}{강도1}2100-{연무}{강도1}2400-,,2019,3,10,64,1,0,0,0
108,서울,2019-03-06,8.4,5.7,0727,12.4,1555,,,,,,,7.2,270,1730,4.3,290,1732,2.0,1691,290,-0.2,43,1538,55.0,6.1,1005.6,1019.7,0001,1013.4,1556,1016.1,11.5,3.0,1100,1.61,10.39,,,,,,6.3,6.0,9.1,-1.2,7.6,7.5,7.2,6.7,6.5,5.9,6.6,10.6,14.3,1.9,2.7,,-{연무}-{연무}{강도1}0300-{연무}{강도1}0600-{연무}{강도1}0900-{연무}{강도1}1200-{연무}{강도1}1500-{연무}{강도0}1800-{연무}{강도1}2100-{연무}{강도1}2400-,,2019,3,10,65,1,0,0,0
108,서울,2019-03-07,7.0,3.1,0625,12.7,1455,,,,,,,8.9,320,1505,5.1,320,1510,2.2,1867,270,-2.9,26,1603,51.1,5.0,1009.1,1023.5,2358,1015.3,0001,1019.6,11.6,10.1,1300,2.45,15.76,,,,,,1.5,1.5,9.9,-3.9,7.5,7.4,7.1,6.7,6.6,6.1,6.7,10.6,14.2,2.9,4.2,,-{연무}-{연무}{강도0}0300-0450.,,2019,3,10,66,1,0,0,0
108,서울,2019-03-08,6.1,0.6,0712,13.4,1438,,,,,,,8.0,200,1300,4.2,200,1301,1.9,1643,290,-7.2,17,1708,39.4,3.6,1014.3,1026.3,0929,1023.3,0040,1024.9,11.6,10.7,1200,2.71,18.67,,,,,,0.1,0.0,8.2,-6.1,6.5,7.0,6.9,6.7,6.6,6.3,6.9,10.5,14.2,3.4,4.8,,,,2019,3,10,67,1,0,0,0
108,서울,2019-03-09,7.2,-0.4,0712,14.9,1522,,,,,,,6.3,290,1529,3.0,290,1601,1.3,1149,290,-10.1,10,1650,31.8,2.9,1011.2,1025.5,0001,1019.1,1715,1021.7,11.7,9.7,1100,1.91,14.44,,,,,,5.4,0.9,8.4,-6.7,5.9,6.3,6.5,6.4,6.5,6.5,7.0,10.5,14.2,2.9,4.2,,,,2019,3,10,68,1,1,0,0
108,서울,2019-03-10,10.1,6.7,0725,15.3,1514,,,,,,,5.8,70,1307,2.9,340,1840,1.2,1003,50,-9.5,12,1142,26.4,3.1,1003.2,1019.3,0001,1010.0,1751,1013.5,11.7,0.3,1300,1.62,8.91,,,,,,7.1,7.1,10.1,-1.5,8.0,7.5,7.0,6.7,6.7,6.6,7.2,10.5,14.1,2.2,3.2,,,,2019,3,10,69,1,0,0,0
108,서울,2019-03-11,6.6,3.5,0710,10.0,1513,,,,,1.5,0.0,7.5,200,1550,4.3,290,1818,1.8,1531,230,-0.7,38,1234,61.0,5.9,998.7,1011.4,0001,1007.5,1610,1009.1,11.8,3.6,1100,1.51,9.72,,,,,,4.9,1.8,8.1,-3.2,6.2,6.6,6.7,6.6,6.7,6.7,7.3,10.5,14.1,1.5,2.2,0.0,{연무}0650-{연무}{강도0}0900-{연무}{강도0}1200-1230. {연무}1520-{연무}{강도0}1800-1830. {비}1815-1945. {박무}1825-{박무}{강도0}2100-{박무}{강도1}2400-,,2019,3,11,70,1,0,0,0
108,서울,2019-03-12,3.9,-0.3,2354,7.9,1314,,,,,0.92,0.0,11.0,270,1328,6.0,270,2031,2.7,2369,270,-5.8,21,1705,55.1,4.6,1000.8,1017.0,2357,1008.8,1324,1011.4,11.8,1.8,1200,1.16,5.15,,,,,,4.9,4.8,3.3,-4.8,4.9,5.8,6.3,6.4,6.7,6.8,7.4,10.5,14.1,1.7,2.4,0.0,-{박무}-{박무}{강도1}0300-{박무}{강도1}0600-{박무}{강도2}0900-{박무}{강도2}1200-1230. {비}1045-1140. {연무}1225-1330.,,2019,3,11,71,1,1,0,0
108,서울,2019-03-13,3.5,-0.4,0239,8.5,1456,,,,,0.58,0.0,14.9,340,1357,7.2,320,1359,3.3,2850,270,-10.0,14,1345,38.5,2.9,1009.3,1024.3,2351,1017.0,0001,1020.0,11.8,10.1,1300,2.8,17.87,,,,,,1.8,1.8,6.6,-5.1,4.3,4.8,5.2,5.6,6.1,6.8,7.5,10.5,14.0,3.2,4.5,0.0,{눈}0910-0945.,,2019,3,11,72,1,1,0,0
108,서울,2019-03-14,5.0,-1.7,0517,10.0,1307,,,,,0.5,0.0,7.3,200,2239,3.8,180,2016,1.9,1603,200,-6.8,18,1335,45.3,3.9,1011.9,1025.1,0206,1020.1,1748,1022.5,11.9,7.0,1200,2.34,14.02,,,,,,5.5,4.0,5.9,-8.4,5.0,5.2,5.3,5.5,5.9,6.8,7.5,10.5,13.9,2.2,3.2,0.0,{비}2015-2045. {연무}2220-{연무}{강도0}2400-,,2019,3,11,73,1,1,0,0
108,서울,2019-03-15,5.5,1.6,2357,11.3,1508,,,,,4.58,3.5,9.8,270,1650,5.4,200,1641,1.6,1355,270,0.0,24,1505,72.8,6.3,1006.8,1021.4,0006,1011.2,1619,1017.3,11.9,2.8,1400,1.58,9.93,,,,,,7.4,5.3,10.9,-0.9,6.7,6.6,6.4,6.0,6.2,6.7,7.6,10.5,14.0,1.5,2.2,3.5,{박무}0010-{박무}{강도1}0300-{박무}{강도1}0600-{박무}{강도1}0900-0930. -{연무}-0015. {연무}0925-{연무}{강도0}1200-1240. {비}1630-{소나기}1645-{진눈깨비}1655-{소나기}1710-{비}1730-1755. {소나기}1820-{싸락우박}1835-{비}1845-{비}{강도0}2100-2130. {박무}1850-{박무}{강도0}2100-{박무}{강도0}2400-,,2019,3,11,74,1,0,0,1
108,서울,2019-03-16,4.3,0.2,0546,9.2,1326,,,,,,,8.1,200,1340,5.1,270,1524,1.8,1564,290,-1.1,38,1323,69.9,5.6,1009.9,1022.2,1010,1017.9,0002,1020.5,12.0,5.0,1300,2.39,11.76,,,,,,5.5,4.9,5.3,-4.2,5.5,5.8,5.9,6.0,6.3,6.8,7.7,10.5,13.9,1.6,2.4,,-{박무}-{박무}{강도0}0300-{박무}{강도1}0600-{박무}{강도0}0900-1040. {연무}1035-{연무}{강도0}1200-1220.,,2019,3,11,75,1,0,0,0
108,서울,2019-03-17,6.3,2.6,0503,12.4,1617,,,,,,,9.0,250,1457,4.4,270,1501,2.0,1718,290,-3.0,24,1400,55.4,5.0,1012.6,1024.7,0947,1020.9,0037,1023.2,12.0,9.9,1200,2.87,19.62,,,,,,2.0,2.0,8.8,-3.5,7.2,6.9,6.6,6.2,6.4,6.9,7.7,10.5,13.8,3.1,4.4,,{연무}0145-{연무}{강도0}0300-0405. {박무}0355-{박무}{강도0}0600-0850.,,2019,3,11,76,1,0,0,0
108,서울,2019-03-18,7.1,1.4,0658,14.4,1440,,,,,,,7.8,320,1520,4.7,270,1520,1.4,1224,270,-5.6,20,1354,43.8,4.1,1009.4,1024.2,0024,1017.0,2357,1019.9,12.0,8.7,1200,2.55,16.33,,,,,,6.3,0.0,8.3,-4.7,6.9,7.1,7.0,6.7,6.7,6.9,7.7,10.4,13.8,2.8,4.0,,{햇무리}1240-1710.,,2019,3,12,77,1,0,0,0
108,서울,2019-03-19,10.0,3.4,0654,16.7,1456,,,,,,,6.7,290,1948,3.3,270,1839,1.4,1246,20,-0.2,20,1107,52.0,6.5,1006.5,1018.4,2313,1014.7,1701,1016.8,12.1,8.3,1300,2.3,15.01,,,,,,1.4,1.1,10.3,-1.4,8.5,7.9,7.4,7.0,7.0,7.0,7.8,10.5,13.8,2.5,3.5,,{연무}1310-{연무}{강도0}1500-{연무}{강도0}1800-{연무}{강도0}2100-2310. {박무}2305-{박무}{강도1}2400-,,2019,3,12,78,1,0,0,0
108,서울,2019-03-20,10.3,7.1,0555,14.6,1415,,,,,9.92,16.5,7.9,270,1421,3.9,230,1430,1.4,1176,90,6.4,42,1409,79.0,9.7,999.8,1018.3,0032,1000.4,2354,1010.1,12.1,0.0,0900,0.78,4.38,,,,,,8.8,4.8,8.6,1.6,8.4,8.2,7.9,7.5,7.6,7.2,7.8,10.5,13.7,0.9,1.3,19.8,-{박무}-{박무}{강도1}0300-{박무}{강도1}0600-0855. {연무}0850-{연무}{강도1}0900-{연무}{강도0}1200-{연무}{강도0}1500-1550. {비}1405-{비}{강도0}1500-{비}{강도0}1800-{비}{강도0}2100-{비}{강도0}2400- {박무}1545-{박무}{강도1}1800-{박무}{강도2}2100-{박무}{강도2}2400-,,2019,3,12,79,1,0,0,1
108,서울,2019-03-21,7.1,1.9,2355,11.1,1304,,,,,6.5,3.3,11.3,290,1543,5.5,270,1548,2.9,2483,270,3.2,49,1625,77.4,8.1,998.1,1016.9,2355,999.6,0048,1008.5,12.2,3.9,1400,1.33,7.51,,,,,,7.9,5.9,8.3,-0.4,8.8,8.8,8.4,7.9,7.9,7.4,7.9,10.5,13.8,1.5,2.1,,-{안개}-{시정(미만)}{1km}{안개}0250-{안개}{강도0}0300-{시정(이상)}{1km}{박무}0325-{박무}{강도0}0600-{시정(미만)}{1km}{안개}0817-{안개}{강도0}0900-{시정(이상)}{1km}{박무}0906-{박무}{강도0}1200-1215. -{비}-{비}{강도0}0300-{비}{강도0}0600-0630. {연무}1340-1420.,1.4,2019,3,12,80,1,0,0,1
108,서울,2019-03-22,3.3,-0.7,0613,8.3,1548,,,,,,,9.5,290,1616,5.0,290,1657,2.8,2427,290,-9.5,20,1603,40.9,3.0,1009.4,1022.7,2302,1016.9,0001,1020.0,12.2,11.1,1200,3.05,21.87,,,,,,0.8,0.0,5.5,-3.2,6.1,6.8,7.2,7.3,7.7,7.5,8.0,10.5,13.7,3.3,4.7,,,,2019,3,12,81,1,1,0,0
108,서울,2019-03-23,3.3,-0.4,0549,8.2,1537,,,,,1.75,1.7,12.8,320,1635,6.3,290,1641,2.4,2109,320,-7.3,25,1650,46.9,3.7,1010.4,1023.2,2304,1018.2,1541,1021.1,12.2,7.9,1400,2.05,12.62,,,,,,3.0,2.8,4.1,-7.0,4.4,5.5,6.4,6.9,7.4,7.6,8.1,10.5,13.7,2.1,3.0,1.7,{비}1120-{소낙눈}1145-{진눈깨비}1150-{싸락우박}1155-{싸락우박}{강도0}1200-{눈}1210-{진눈깨비}1215-{소나기}1225-1240. {진눈깨비}1310-{비}1315-1335.,,2019,3,12,82,1,1,0,1
108,서울,2019-03-24,4.3,-0.8,0656,9.7,1423,,,,,,,10.6,270,1614,4.9,290,1235,2.3,1974,230,-6.9,27,1053,45.4,3.7,1010.6,1023.3,0847,1018.8,1732,1021.2,12.3,11.3,1200,2.98,22.16,,,,,,0.1,0.1,5.7,-7.7,5.5,5.9,6.1,6.3,6.8,7.6,8.2,10.5,13.6,3.2,4.6,,,,2019,3,12,83,1,1,0,0
108,서울,2019-03-25,7.3,2.9,0256,11.5,1636,,,,,,,8.8,270,1449,5.1,230,1556,2.0,1690,230,-1.0,43,1805,56.1,5.7,1006.6,1020.6,0001,1015.0,1642,1017.1,12.3,1.7,0900,1.05,7.53,,,,,,6.6,6.6,5.9,-1.8,6.0,6.3,6.6,6.6,7.1,7.6,8.2,10.5,13.6,1.7,2.4,,{연무}1210-{연무}{강도0}1500-{연무}{강도0}1800-1805.,,2019,3,13,84,1,0,0,0
108,서울,2019-03-26,11.4,7.4,0424,17.6,1602,,,,,,,8.9,270,1214,4.7,290,1219,2.0,1698,270,0.4,23,1659,51.1,6.4,1006.8,1018.8,1057,1015.8,0423,1017.1,12.4,9.9,1200,2.96,20.42,,,,,,2.6,2.3,13.1,1.4,10.6,9.3,8.0,7.2,7.2,7.6,8.3,10.5,13.6,3.9,5.6,,{박무}0210-{박무}{강도0}0300-{박무}{강도1}0600-{박무}{강도0}0900-0910. {연무}0905-1155. {연무}2350-{연무}{강도0}2400-,,2019,3,13,85,1,0,0,0
108,서울,2019-03-27,11.6,8.9,0018,16.2,1240,,,,,,,12.0,250,1555,6.4,200,1447,3.0,2613,200,5.2,44,0126,66.4,8.9,1002.2,1017.0,0006,1009.0,1719,1012.5,12.4,3.4,1100,2.08,10.84,,,,,,8.5,5.8,11.6,0.5,10.5,9.9,9.1,8.4,8.2,7.7,8.3,10.5,13.6,2.3,3.2,,-{연무}-{연무}{강도0}0300-{연무}{강도1}0600-{연무}{강도0}0900-{연무}{강도0}1200-{연무}{강도0}1500-{연무}{강도0}1800-{연무}{강도1}2100-2335. {박무}2330-{박무}{강도1}2400-,,2019,3,13,86,1,0,0,0
108,서울,2019-03-28,9.4,5.6,0648,14.6,1523,,,,,,,7.9,200,1338,4.8,270,1703,2.6,2249,270,-1.9,16,1326,49.9,5.6,1003.4,1015.6,2236,1011.5,1602,1013.7,12.4,9.9,1200,2.79,18.21,,,,,,6.1,3.3,12.3,3.2,10.9,10.5,9.7,8.9,8.7,7.9,8.3,10.5,13.5,3.7,5.3,,-{박무}-{박무}{강도2}0300-{박무}{강도1}0600-0835. {연무}0830-{연무}{강도0}0900-{연무}{강도0}1200-1250.,,2019,3,13,87,1,0,0,0
108,서울,2019-03-29,9.2,5.5,0602,15.1,1406,,,,,,,7.9,230,1414,4.7,290,1632,2.1,1809,320,-6.5,17,1407,33.1,3.8,1003.5,1015.1,0037,1012.1,1528,1013.9,12.5,10.5,1200,3.01,21.22,,,,,,4.6,4.0,13.3,3.8,11.2,10.8,10.0,9.3,9.0,8.1,8.4,10.5,13.5,3.9,5.5,1.6,,,2019,3,13,88,1,0,0,0
108,서울,2019-03-30,5.2,3.5,2017,8.4,1426,,,,,14.67,1.8,13.0,290,1803,6.3,250,1524,2.9,2548,270,0.2,35,1512,72.0,6.3,1002.1,1015.0,0103,1010.0,1426,1012.7,12.5,3.0,1500,1.34,6.76,,,,,,9.4,8.1,6.9,2.1,8.0,9.0,9.5,9.4,9.4,8.4,8.5,10.6,13.5,1.5,2.1,0.2,{비}0015-{비}{강도0}0300-0440. {박무}0045-{박무}{강도0}0300-{박무}{강도0}0600-{박무}{강도0}0900-1130. {안개비}0640-0815. {비}1025-1050. {비}1110-{비}{강도0}1200-1420. {연무}1125-{연무}{강도0}1200-1210. {박무}1205-1350. {소나기}1620-{싸락우박}1625-1630. {비}1735-{소나기}1750-{싸락우박}1755-{싸락우박}{강도0}1800-1825. {비}1845-1945. {비}2055-{비}{강도0}2100-{비}{강도0}2400-,,2019,3,13,89,1,0,0,1
108,서울,2019-03-31,4.4,2.6,2356,8.4,1537,,,,,3.67,0.0,10.0,340,1507,5.5,270,0008,3.2,2750,290,-7.1,20,1637,46.0,3.8,1008.7,1022.9,2332,1014.0,0003,1019.3,12.6,3.2,1500,2.02,8.22,,,,,,5.1,5.1,5.3,-1.9,5.9,7.1,7.9,8.3,8.8,8.6,8.7,10.6,13.4,2.1,3.0,,-{비}-{비}{강도0}0300-0340.,,2019,3,13,90,1,0,0,0
108,서울,2019-04-01,5.5,0.3,0555,11.3,1456,,,,,,,11.6,270,1715,5.8,320,1334,2.5,2144,270,-8.4,15,1242,39.8,3.4,1011.8,1024.3,0807,1020.5,1527,1022.4,12.6,11.7,1200,3.23,23.42,,,,,,1.3,0.6,8.1,-6.7,6.6,7.0,7.3,7.5,8.1,8.5,8.8,10.5,13.4,3.9,5.6,,,,2019,4,14,91,1,0,0,0
108,서울,2019-04-02,6.7,1.3,0538,13.0,1611,,,,,,,9.9,180,1353,6.1,270,1711,2.2,1888,290,-8.0,15,1519,36.9,3.4,1012.2,1024.2,0929,1020.0,1612,1022.7,12.6,11.7,1200,3.08,22.96,,,,,,0.3,0.3,9.7,-5.3,7.9,8.2,8.0,7.8,8.0,8.5,8.8,10.6,13.4,4.1,5.9,,,,2019,4,14,92,1,0,0,0
108,서울,2019-04-03,7.6,1.9,0604,13.6,1446,,,,,,,10.4,200,1420,5.0,230,1610,2.3,1982,290,-7.3,14,1546,36.1,3.6,1012.7,1025.1,0718,1021.1,1821,1023.2,12.7,11.7,1300,3.0,22.61,,,,,,0.3,0.3,11.1,-4.9,8.9,8.9,8.6,8.3,8.2,8.4,8.9,10.6,13.4,4.3,6.1,,,,2019,4,14,93,1,0,0,0
108,서울,2019-04-04,9.2,3.0,0535,15.7,1511,,,,,,,10.0,290,1445,5.0,230,1734,2.5,2188,270,-3.7,21,1511,43.0,4.7,1007.2,1023.1,0042,1013.2,2325,1017.6,12.7,11.7,1200,3.06,22.72,,,,,,0.0,0.0,12.4,-3.8,10.0,9.6,9.1,8.7,8.5,8.5,8.9,10.6,13.3,4.3,6.1,0.0,,,2019,4,14,94,1,0,0,0
108,서울,2019-04-05,11.4,7.0,0305,17.2,1521,0.0,,0.0,,2.83,0.0,11.5,290,1314,5.4,230,1432,2.9,2511,230,-4.1,13,1249,41.0,5.1,999.4,1013.6,0001,1007.0,1511,1009.7,12.8,9.3,1200,3.03,20.11,,,,,,3.0,2.4,14.2,1.0,11.8,11.3,10.3,9.5,9.0,8.6,9.0,10.6,13.4,4.9,6.9,,{박무}0515-{박무}{강도0}0600-{박무}{강도1}0900-0945. {비}0540-{비}{강도0}0600-{안개비}0630-0830. {연무}0940-1110.,,2019,4,14,95,1,0,0,0
108,서울,2019-04-06,9.3,5.9,0541,12.2,1234,0.5,1616,0.6,1530,4.0,0.8,7.1,50,1758,2.8,70,1741,1.1,988,50,-4.5,21,0001,39.9,4.7,1001.7,1013.9,1021,1009.9,1805,1012.0,12.8,0.5,0900,0.91,4.48,,,,,,8.5,6.8,8.9,-1.4,8.8,9.3,9.7,9.7,9.5,8.8,9.1,10.6,13.3,1.4,2.0,0.8,{비}1515-1755. {비}1840-1850. {비}2140-{소나기}2155-{비}2225-2250.,,2019,4,14,96,1,0,0,1
108,서울,2019-04-07,12.6,5.6,0650,20.3,1505,,,,,,,8.4,270,1916,4.8,290,1923,1.7,1491,290,-2.1,12,1536,43.1,5.6,1000.2,1012.9,0814,1007.3,1549,1010.4,12.8,11.4,1200,2.99,21.77,,,,,,4.4,1.4,15.1,-1.3,12.4,11.2,10.1,9.4,9.2,8.9,9.1,10.6,13.3,4.8,6.9,,{박무}0350-{박무}{강도0}0600-0840. {연무}0835-{연무}{강도0}0900-0930. {햇무리}1415-1750.,,2019,4,14,97,1,0,0,0
108,서울,2019-04-08,11.6,7.6,0640,17.2,1611,,,,,,,9.8,290,1447,5.2,270,1433,2.5,2141,290,-8.0,10,1612,25.6,3.4,1004.7,1018.9,2359,1011.3,0327,1015.0,12.9,10.9,1200,3.25,23.74,,,,,,3.3,0.3,15.4,0.7,12.7,12.1,11.2,10.4,9.9,9.1,9.2,10.7,13.3,5.5,7.9,,,,2019,4,15,98,1,0,0,0
108,서울,2019-04-09,9.2,4.7,2233,13.9,1425,0.9,1754,3.8,1735,8.42,17.4,12.5,50,1718,4.4,70,1800,2.4,2039,70,-3.4,16,1427,49.1,5.2,1005.6,1019.3,1000,1011.8,2355,1016.0,12.9,0.8,0900,1.22,5.64,,,,,,9.4,6.9,10.3,2.2,9.9,10.4,10.7,10.6,10.2,9.2,9.3,10.7,13.2,1.7,2.5,21.6,{비}1355-1425. {비}1605-{비}{강도0}1800-{비}{강도0}2100-{비}{강도0}2400- {박무}1735-{박무}{강도0}1800-{박무}{강도0}2100-2120. {박무}2250-{박무}{강도0}2400-,,2019,4,15,99,1,0,0,1
108,서울,2019-04-10,7.1,4.7,0017,10.2,1813,0.6,-2357,1.9,-2331,15.5,5.6,7.6,50,0123,3.1,320,1111,1.8,1559,90,3.5,61,1810,78.4,7.9,1002.4,1015.8,2330,1010.7,0331,1012.8,12.9,1.1,1300,1.14,6.98,,,,,,8.3,7.0,8.6,0.8,8.5,9.0,9.2,9.4,9.7,9.4,9.5,10.7,13.3,1.1,1.6,1.4,-{박무}-0020. -{비}-{비}{강도0}0300-{비}{강도0}0600-{비}{강도0}0900-{비}{강도0}1200-{안개비}1410-{안개비}{강도0}1500-1530.,,2019,4,15,100,1,0,0,1
108,서울,2019-04-11,9.5,4.3,0529,15.7,1320,,,,,,,8.8,320,1409,4.7,320,1411,1.9,1601,290,0.8,17,1532,58.0,6.5,1004.8,1016.6,0934,1013.2,1600,1015.2,13.0,9.8,1200,3.1,20.94,,,,,,4.6,2.4,10.3,-0.8,10.5,10.1,9.6,9.3,9.4,9.4,9.5,10.7,13.2,3.7,5.3,,{박무}0145-0210. {햇무리}0750-0820.,,2019,4,15,101,1,0,0,0
108,서울,2019-04-12,11.4,5.5,0627,18.4,1426,,,,,,,9.2,320,1829,5.1,290,1836,2.2,1876,290,-0.4,19,1336,48.5,6.0,1007.7,1020.4,2355,1016.0,0220,1018.1,13.0,11.4,1200,3.17,23.73,,,,,,1.8,0.1,14.3,-0.3,12.3,11.6,10.8,10.1,9.9,9.4,9.6,10.7,13.2,4.7,6.8,,{연무}0335-0520. -{박무}-{박무}0515-{박무}{강도0}0600-0830. {연무}0825-{연무}{강도0}0900-1005. {연무}2340-{연무}{강도0}2400-,,2019,4,15,102,1,0,0,0
108,서울,2019-04-13,11.8,6.2,0551,17.9,1509,,,,,,,9.6,270,1529,5.0,250,1535,1.8,1576,270,-5.4,14,1410,34.0,4.2,1009.2,1021.6,0840,1017.8,1600,1019.5,13.1,10.8,1200,3.06,22.96,,,,,,5.6,0.4,14.7,-0.2,12.5,12.2,11.5,10.8,10.4,9.6,9.6,10.7,13.1,5.1,7.2,0.1,-{연무}-{연무}{강도0}0300-{연무}{강도0}0600-{연무}{강도0}0900-1015. {햇무리}0645-0910.,,2019,4,15,103,1,0,0,0
108,서울,2019-04-14,9.6,6.9,2347,13.6,1557,0.4,952,1.3,945,6.25,1.7,12.8,320,1729,7.3,320,1737,2.2,1894,270,-2.9,20,1838,45.5,5.4,1004.8,1018.1,0001,1011.5,1604,1015.1,13.1,5.0,1400,1.89,8.35,,,,,,6.0,5.5,9.5,-1.1,10.3,10.8,11.1,10.9,10.9,9.8,9.8,10.8,13.2,2.1,3.0,1.6,{비}0540-{비}{강도0}0600-{비}{강도0}0900-{안개비}1115-1155. {박무}0920-{박무}{강도1}1200-1320. {연무}1620-1710.,,2019,4,15,104,1,0,0,1
108,서울,2019-04-15,11.6,3.9,0603,18.1,1408,,,,,,,10.4,270,1418,4.7,290,1307,1.8,1548,270,-6.2,13,1354,30.9,3.9,1008.3,1019.8,2359,1017.4,0001,1018.7,13.2,12.1,1200,3.09,24.07,,,,,,0.0,0.0,13.4,-3.8,11.2,10.8,10.4,10.2,10.3,9.9,9.8,10.7,13.1,5.3,7.6,,,,2019,4,16,105,1,0,0,0
108,서울,2019-04-16,14.9,6.8,0630,22.6,1418,,,,,,,7.3,320,1656,4.1,270,1721,1.6,1406,290,-6.6,10,1456,26.3,3.9,1006.8,1020.0,0037,1014.5,1622,1017.0,13.2,11.5,1200,3.28,23.58,,,,,,4.8,0.0,15.9,0.0,13.6,12.7,11.7,10.9,10.6,10.0,9.9,10.8,13.1,5.8,8.2,,{햇무리}1340-1620.,,2019,4,16,106,1,0,0,0
108,서울,2019-04-17,15.3,9.1,0543,21.8,1222,,,,,,,10.2,200,1301,4.9,290,1526,1.9,1669,270,0.0,16,0948,37.5,6.6,1002.4,1015.7,0008,1010.2,1653,1012.5,13.2,12.2,1200,3.23,24.94,,,,,,3.9,0.0,18.0,1.6,14.9,14.0,12.8,11.8,11.2,10.1,10.0,10.7,13.0,5.2,7.4,,,,2019,4,16,107,1,0,0,0
108,서울,2019-04-18,12.6,10.4,2358,16.2,1315,0.0,,0.0,,0.92,0.0,10.4,270,1457,5.3,200,1324,2.0,1756,270,7.9,55,1309,74.4,10.8,1001.8,1014.4,2356,1010.1,0503,1012.0,13.3,1.5,1300,1.05,5.88,,,,,,6.3,4.8,12.5,4.9,12.9,12.9,12.8,12.3,11.9,10.4,10.2,10.8,13.1,1.3,1.9,0.0,{연무}0750-{연무}{강도0}0900-0920. {박무}1540-{박무}{강도0}1800-{박무}{강도1}2100-{박무}{강도1}2400- {안개비}1910-2005.,,2019,4,16,108,1,0,0,0
108,서울,2019-04-19,13.8,9.6,0321,19.7,1611,,,,,,,7.5,50,0803,3.2,70,0805,1.6,1352,70,4.7,31,1718,57.5,8.6,1005.9,1018.2,1018,1014.3,0001,1016.1,13.3,5.9,1300,2.96,15.84,,,,,,4.8,3.6,17.1,5.1,13.9,13.0,12.3,11.8,11.7,10.6,10.3,10.9,13.1,3.1,4.4,,-{박무}-{박무}{강도1}0300-{박무}{강도0}0600-0650.,,2019,4,16,109,1,0,0,0
108,서울,2019-04-20,14.3,9.7,0419,19.1,1503,0.2,,0.7,2243,4.25,1.2,9.4,290,1205,4.5,290,1338,1.9,1616,290,7.8,40,1431,66.9,10.8,1004.7,1017.4,0030,1012.9,1454,1014.9,13.3,5.0,1400,2.55,14.63,,,,,,7.1,6.1,17.5,5.0,14.9,14.0,13.1,12.3,12.0,10.7,10.4,10.9,13.0,2.6,3.7,1.5,{연무}0855-{연무}{강도0}0900-1130. {연무}1835-1955. {비}1945-{비}{강도0}2100-{안개비}2240-{안개비}{강도0}2400- {박무}1950-{박무}{강도0}2100-{박무}{강도2}2400-,,2019,4,16,110,1,0,0,1
108,서울,2019-04-21,14.8,12.2,0428,20.2,1610,0.2,,0.2,,3.33,0.3,7.4,270,1739,4.2,270,1738,1.9,1625,290,10.6,53,1651,77.8,12.9,1003.4,1015.3,2355,1011.7,1535,1013.5,13.4,4.1,1400,2.5,13.42,,,,,,7.9,5.8,18.1,9.1,16.1,15.2,14.1,13.1,12.6,10.9,10.5,10.9,13.1,2.6,3.7,,-{안개비}-{안개비}{강도0}0300-0320. -{박무}-{박무}{강도1}0300-{박무}{강도0}0600-{박무}{강도0}0900-1120. {연무}1225-{연무}{강도0}1500-{연무}{강도0}1800-1810. {박무}2305-{박무}{강도0}2400-,,2019,4,16,111,1,0,0,1
108,서울,2019-04-22,19.3,10.7,0537,28.2,1611,,,,,,,6.8,290,1726,4.2,290,1726,1.4,1194,270,7.2,18,1333,50.6,10.2,1004.7,1016.5,0951,1012.1,1554,1014.7,13.4,11.1,1200,3.09,23.42,,,,,,2.3,0.0,21.6,5.4,18.0,16.5,14.9,13.7,13.0,11.1,10.6,10.9,13.0,5.1,7.3,,-{박무}-{박무}{강도0}0300-{박무}{강도0}0600-0810. {연무}0805-{연무}{강도0}0900-{연무}{강도0}1200-1310. {연무}1720-{연무}{강도0}1800-2045. {연무}2125-{연무}{강도0}2400-,,2019,4,17,112,1,0,1,0
108,서울,2019-04-23,20.4,15.3,0557,25.5,1422,0.0,,0.0,,0.75,0.0,7.5,180,1837,3.8,200,1840,1.3,1151,270,9.8,36,1405,52.0,12.2,1002.2,1015.6,0001,1009.5,1638,1012.1,13.4,4.2,1100,2.16,13.14,,,,,,8.4,5.8,20.3,9.8,18.4,17.4,16.1,14.9,13.9,11.4,10.7,10.9,12.9,2.7,3.9,4.1,-{연무}-{연무}{강도0}0300-{연무}{강도0}0600-{연무}{강도0}0900-0930. {연무}1540-1730. {연무}1830-{연무}{강도0}2100-{연무}{강도0}2400- {비}2315-{비}{강도0}2400-,,2019,4,17,113,1,0,1,0
108,서울,2019-04-24,19.5,15.8,0558,25.9,1531,0.5,246,1.9,211,7.67,4.1,8.1,290,1622,4.5,290,1624,1.6,1361,290,13.4,42,1503,70.4,15.4,996.3,1010.7,0001,1003.6,1559,1006.2,13.5,8.0,1300,2.74,18.91,,,,,,5.0,3.1,21.0,11.6,19.8,18.5,16.8,15.5,14.5,11.8,11.0,11.0,13.0,3.8,5.5,,{박무}0110-{박무}{강도2}0300-{박무}{강도2}0600-{박무}{강도0}0900-1125. -{연무}-0115. -{비}-{비}{강도0}0300-{비}{강도0}0600-0740. {연무}1120-{연무}{강도0}1200-{연무}{강도0}1500-1720. {연무}2250-{연무}{강도0}2400-,,2019,4,17,114,1,0,1,1
108,서울,2019-04-25,13.2,9.4,2355,17.2,0419,1.2,1958,2.7,2045,12.5,11.3,8.1,50,1143,3.6,70,0914,2.0,1696,70,8.5,51,0949,75.9,11.2,996.9,1008.1,2356,1005.7,0327,1007.0,13.5,0.0,0900,0.69,3.48,,,,,,9.4,8.6,14.0,8.9,14.9,15.8,16.1,15.7,15.3,12.2,11.2,11.0,13.0,0.9,1.3,15.3,-{연무}-{연무}{강도0}0300-0350. {비}1030-1055. {비}1155-{비}{강도0}1200-{비}{강도0}1500-{비}{강도0}1800-{비}{강도0}2100-{안개비}2350-{안개비}{강도0}2400- {박무}1450-{박무}{강도0}1500-{박무}{강도0}1800-{박무}{강도1}2100-{박무}{강도0}2400-,,2019,4,17,115,1,0,0,1
108,서울,2019-04-26,8.4,6.2,2345,9.9,1312,0.6,345,1.9,310,14.17,4.9,7.2,50,1346,3.5,200,0135,1.5,1290,20,5.4,65,2339,82.1,9.1,1003.1,1019.7,2353,1007.8,0154,1013.5,13.6,0.0,1300,0.48,3.51,,,,,,8.0,6.8,10.2,0.3,11.5,12.7,13.5,13.9,14.3,12.6,11.4,11.1,13.0,1.0,1.4,0.9,-{안개비}-0030. {비}0115-{비}{강도0}0300-{비}{강도0}0600-{안개비}0620-{안개비}{강도0}0900-0915. -{박무}-{박무}{강도0}0300-0550. {비}1315-{비}{강도0}1500-{비}{강도0}1800-1840. {비}1905-1920.,,2019,4,17,116,1,0,0,1
108,서울,2019-04-27,11.6,4.1,0514,18.2,1511,,,,,,,7.5,290,1524,3.6,200,1559,1.7,1451,290,1.3,25,1453,52.6,6.7,1010.9,1023.7,0940,1019.1,1840,1021.2,13.6,10.3,1100,3.24,23.24,,,,,,4.8,1.4,14.1,0.1,13.1,12.7,12.6,12.7,13.0,12.5,11.6,11.1,12.9,3.7,5.3,0.0,{햇무리}1350-1630.,,2019,4,17,117,1,0,0,0
108,서울,2019-04-28,12.9,9.9,2352,16.6,1448,0.0,,0.0,,1.75,0.0,7.7,200,1457,3.7,230,1459,1.6,1385,290,2.0,33,1445,48.8,7.1,1010.2,1023.1,0950,1018.4,1818,1020.5,13.6,3.4,1100,2.56,12.09,,,,,,8.1,4.4,13.9,3.9,14.1,14.1,13.8,13.4,13.5,12.5,11.8,11.2,13.0,2.6,3.8,,{비}0535-{비}{강도0}0600-0720.,,2019,4,17,118,1,0,0,0
108,서울,2019-04-29,13.0,8.3,0552,17.3,1742,,,,,,,4.8,20,0954,2.0,50,0924,0.9,774,50,3.3,36,1746,52.9,7.8,1004.0,1019.6,0015,1010.5,1841,1014.2,13.7,3.3,0900,1.35,9.81,,,,,,5.8,2.5,12.3,3.6,12.6,13.0,13.2,13.1,13.4,12.5,11.9,11.2,12.9,1.9,2.7,,{햇무리}0740-1020.,,2019,4,18,119,1,0,0,0
108,서울,2019-04-30,15.5,9.0,0547,22.5,1538,,,,,,,7.4,290,1509,4.2,270,1936,1.6,1386,270,5.2,29,1413,52.8,8.8,998.7,1011.2,0001,1006.2,1708,1008.7,13.7,11.2,1300,2.67,21.75,,,,,,4.4,0.8,18.1,4.1,15.6,14.5,13.6,13.1,13.1,12.5,11.9,11.2,12.9,4.2,6.0,,{햇무리}0720-1120.,,2019,4,18,120,1,0,0,0
108,서울,2019-05-01,16.4,11.2,0603,22.2,1409,,,,,,,10.8,250,1434,4.8,230,1451,2.3,1954,270,5.1,28,2119,48.9,9.0,996.4,1008.1,0008,1003.6,1721,1006.4,13.7,10.9,1200,3.15,24.41,,,,,,1.9,1.9,20.2,6.4,17.5,16.5,15.2,14.2,13.7,12.6,12.0,11.3,12.9,5.1,7.3,,{연무}1030-{연무}{강도0}1200-1255. {연무}1415-{연무}{강도0}1500-1725.,,2019,5,18,121,1,0,0,0
108,서울,2019-05-02,17.1,10.6,0555,25.3,1454,,,,,,,9.7,290,1648,5.1,290,1600,2.3,2009,290,-2.0,14,1436,28.5,5.3,1001.6,1014.6,2310,1007.6,0002,1011.7,13.8,12.7,1200,3.4,27.27,,,,,,0.0,0.0,21.3,3.7,18.0,17.1,16.0,15.0,14.3,12.7,12.0,11.2,12.9,6.7,9.6,,,,2019,5,18,122,1,0,1,0
108,서울,2019-05-03,17.9,10.1,0550,26.1,1413,,,,,,,9.1,270,1525,4.4,270,1509,1.6,1420,290,2.0,17,1606,37.5,7.2,1006.4,1017.9,0842,1014.5,1729,1016.4,13.8,12.4,1200,3.19,25.59,,,,,,0.0,0.0,21.9,3.9,18.3,17.5,16.4,15.5,14.6,12.9,12.1,11.3,12.8,5.9,8.4,,{연무}1355-1435. {연무}1815-{연무}{강도0}2100-{연무}{강도0}2400-,,2019,5,18,123,1,0,1,0
108,서울,2019-05-04,19.5,12.0,0601,27.4,1456,,,,,,,7.4,290,1655,4.1,290,1810,1.7,1473,290,4.2,18,1716,40.4,8.3,1007.8,1019.7,0747,1015.7,1558,1017.8,13.8,10.7,1200,2.85,22.12,,,,,,4.9,0.0,22.3,6.0,19.1,18.2,17.0,16.0,15.1,13.1,12.3,11.4,12.9,5.1,7.3,,-{연무}-{연무}{강도0}0300-{연무}{강도0}0600-{연무}{강도0}0900-{연무}{강도0}1200-{연무}{강도0}1500-1630. {연무}2305-{연무}{강도0}2400-,,2019,5,18,124,1,0,1,0
108,서울,2019-05-05,19.2,13.6,0603,26.5,1306,,,,,,,10.6,290,1516,5.3,290,1543,2.2,1880,270,1.8,12,1500,35.8,7.2,1005.8,1018.1,0745,1013.2,1755,1015.8,13.9,11.1,1200,3.29,25.14,,,,,,5.1,0.6,23.9,6.6,19.8,18.8,17.6,16.5,15.6,13.4,12.4,11.4,12.9,7.1,10.1,0.0,-{연무}-{연무}{강도0}0300-{연무}{강도0}0600-{연무}{강도0}0900-1140.,,2019,5,18,125,1,0,1,0
108,서울,2019-05-06,14.5,9.8,0601,19.8,1554,0.0,,0.0,,0.17,0.0,10.2,270,1728,5.3,340,0638,3.1,2704,290,-5.3,12,1224,27.1,4.3,1006.4,1018.6,0800,1014.0,1647,1016.6,13.9,12.8,1200,3.46,28.25,,,,,,0.3,0.0,22.8,3.5,18.7,18.5,17.7,16.8,15.9,13.7,12.6,11.5,12.9,6.6,9.4,,{비}0030-0040.,,2019,5,19,126,1,0,0,0
108,서울,2019-05-07,15.0,8.4,0602,21.9,1434,,,,,,,10.9,160,1421,5.0,250,1602,2.3,1990,250,-1.5,16,1345,33.4,5.5,1005.7,1018.2,0812,1013.2,1621,1015.9,13.9,12.9,1200,3.36,27.02,,,,,,0.0,0.0,22.1,-0.2,18.0,17.8,17.2,16.6,15.8,13.9,12.7,11.5,12.9,6.2,8.8,,,,2019,5,19,127,1,0,0,0
108,서울,2019-05-08,15.6,10.1,0537,21.3,1536,,,,,,,8.8,200,1450,5.1,270,1809,2.3,2030,200,4.3,31,1536,48.3,8.4,1002.1,1015.8,0012,1009.4,1722,1012.3,14.0,12.2,1200,3.12,23.39,,,,,,6.1,0.0,21.3,2.3,18.1,17.8,17.2,16.6,15.9,14.1,12.9,11.6,12.9,4.5,6.4,,{연무}2155-{연무}{강도0}2400-,,2019,5,19,128,1,0,0,0
108,서울,2019-05-09,16.6,11.7,0532,22.9,1527,,,,,,,9.5,270,1634,4.5,250,1254,2.2,1901,270,2.3,19,1328,43.3,7.5,1000.8,1012.8,2340,1009.0,1522,1010.8,14.0,12.1,1200,3.17,25.46,,,,,,3.1,0.0,23.9,5.1,19.5,18.8,17.7,16.8,16.2,14.2,13.1,11.6,12.9,5.8,8.3,,-{연무}-{연무}{강도0}0300-{연무}{강도0}0600-0640.,,2019,5,19,129,1,0,0,0
108,서울,2019-05-10,17.8,10.3,0543,26.8,1518,,,,,,,7.8,290,1718,4.1,270,1720,1.9,1619,270,5.7,28,1442,48.0,9.2,1003.1,1014.3,0549,1011.2,1536,1013.1,14.0,12.3,1200,3.2,25.19,,,,,,3.5,0.0,24.4,2.8,19.8,19.0,18.0,17.1,16.4,14.4,13.2,11.7,12.8,5.2,7.4,,{연무}0215-{연무}{강도0}0300-{연무}{강도0}0600-0705. {연무}1045-{연무}{강도0}1200-{연무}{강도0}1500-1635.,,2019,5,19,130,1,0,1,0
108,서울,2019-05-11,20.3,13.2,0545,28.3,1430,,,,,,,7.3,290,1520,3.9,250,1457,1.8,1579,290,5.2,22,1410,39.0,9.0,1003.7,1015.2,0713,1011.7,1850,1013.6,14.1,12.7,1200,3.19,25.19,,,,,,2.0,0.0,26.4,6.7,21.5,20.1,18.7,17.6,16.8,14.6,13.3,11.7,12.8,6.0,8.6,,{연무}0645-{연무}{강도0}0900-{연무}{강도0}1200-1210. {연무}1440-{연무}{강도0}1500-1505.,,2019,5,19,131,1,0,1,0
108,서울,2019-05-12,21.6,14.7,0506,28.9,1524,,,,,,,6.6,180,1546,3.1,180,1457,1.5,1271,270,5.3,24,1506,36.0,9.0,1004.8,1015.9,0843,1013.0,1635,1014.7,14.1,12.0,1200,2.61,21.82,,,,,,4.3,0.9,26.8,7.1,21.9,20.6,19.2,18.1,17.4,14.8,13.5,11.8,12.9,5.2,7.4,,{햇무리}1130-1330. {연무}1345-{연무}{강도0}1500-{연무}{강도0}1800-{연무}{강도0}2100-2140.,,2019,5,19,132,1,0,1,0
108,서울,2019-05-13,18.7,15.5,2332,22.8,1244,0.0,,0.0,,0.17,0.0,8.6,340,1852,4.9,290,1833,1.6,1346,290,5.5,29,0906,43.4,9.1,1004.4,1015.8,0845,1012.6,1651,1014.4,14.1,1.0,1200,0.97,8.51,,,,,,8.3,3.5,19.2,9.0,19.1,19.2,18.9,18.2,17.8,15.2,13.7,11.9,12.9,2.5,3.6,0.0,{연무}0730-{연무}{강도0}0900-0905. {햇무리}0750-0920. {연무}0955-1135. {연무}1330-{연무}{강도0}1500-1525. {비}1845-1855.,,2019,5,20,133,1,0,0,0
108,서울,2019-05-14,19.6,12.9,0517,26.9,1429,,,,,,,8.1,320,1631,4.1,320,1631,1.6,1393,270,6.4,24,1312,44.5,9.7,1003.0,1014.4,0759,1011.1,1522,1012.9,14.2,13.0,1200,3.25,25.35,,,,,,1.6,0.0,25.8,7.0,21.1,19.9,18.6,17.7,17.3,15.4,13.9,11.9,12.8,5.4,7.6,,,,2019,5,20,134,1,0,1,0
108,서울,2019-05-15,20.7,14.8,0529,28.0,1542,,,,,,,6.9,270,1659,3.9,320,1637,1.7,1440,290,8.6,23,1355,48.1,11.2,1002.9,1014.7,0551,1010.7,1619,1012.9,14.2,8.4,1300,2.93,21.24,,,,,,4.5,0.1,26.8,10.0,22.0,20.7,19.4,18.4,17.9,15.5,14.1,12.0,12.9,4.8,6.9,,{연무}0115-{연무}{강도0}0300-0515. {연무}0735-{연무}{강도0}0900-{연무}{강도0}1200-{연무}{강도0}1500-1540. {연무}1850-2010. {연무}2305-{연무}{강도0}2400-,,2019,5,20,135,1,0,1,0
108,서울,2019-05-16,23.5,16.7,0539,30.0,1450,,,,,,,7.3,290,1350,4.1,290,1533,1.5,1321,270,9.5,25,1447,43.8,11.9,1001.9,1012.9,2358,1009.8,1745,1011.7,14.2,12.5,1200,3.06,25.19,,,,,,2.5,0.0,29.9,12.1,23.9,22.0,20.2,18.9,18.2,15.6,14.2,12.0,12.8,5.7,8.1,,-{연무}-{연무}{강도0}0300-{연무}{강도0}0600-{연무}{강도0}0900-{연무}{강도0}1200-1410.,,2019,5,20,136,1,0,1,0
108,서울,2019-05-17,23.6,17.6,0543,28.3,1528,,,,,,,5.6,20,1118,3.2,200,1712,1.2,1047,70,10.4,31,1126,44.9,12.7,1002.2,1014.2,0747,1010.2,1551,1012.0,14.2,4.2,1000,1.96,14.72,,,,,,7.5,0.3,26.1,11.7,22.9,21.8,20.6,19.5,18.8,15.9,14.4,12.0,12.8,3.6,5.1,,{연무}0235-{연무}{강도0}0300-0530. {햇무리}0850-1050. {연무}1810-{연무}{강도0}2100-2130.,,2019,5,20,137,1,0,1,0
108,서울,2019-05-18,22.8,19.1,0607,25.9,1631,0.0,,0.0,,0.25,0.0,9.9,160,1058,4.8,160,1254,2.1,1793,110,10.6,38,0946,46.8,12.8,1001.8,1012.6,1159,1010.2,1746,1011.6,14.3,4.3,1400,1.99,16.28,,,,,,8.5,5.6,28.2,15.3,22.8,21.8,20.6,19.5,19.1,16.2,14.6,12.2,12.9,3.7,5.2,5.1,{연무}0350-{연무}{강도0}0600-0720. {비}2250-2305.,,2019,5,20,138,1,0,1,0
108,서울,2019-05-19,19.4,17.9,0542,21.6,0001,1.3,1744,4.2,1656,18.08,22.0,6.4,110,0027,2.7,110,0031,1.2,994,70,18.1,55,0001,93.0,20.9,998.8,1012.4,0003,1004.7,2359,1008.7,14.3,0.0,1300,1.1,5.22,,,,,,10.0,8.0,20.4,16.6,20.8,20.8,20.3,19.6,19.3,16.5,14.8,12.3,13.0,1.2,1.7,25.6,{비}0210-{비}{강도0}0300-0550. {박무}0240-{박무}{강도1}0300-0340. {비}0650-{비}{강도0}0900-{비}{강도0}1200-{비}{강도0}1500-{비}{강도1}1800-{비}{강도0}2100-2115. {박무}0840-{박무}{강도1}0900-1155. {박무}1215-{박무}{강도0}1500-{박무}{강도1}1800-{박무}{강도0}2100-2220.,,2019,5,20,139,1,0,0,1
108,서울,2019-05-20,16.4,13.0,2352,20.2,0043,2.2,202,6.1,140,3.67,8.7,12.3,290,1349,6.1,230,1213,3.4,2909,270,8.8,33,1238,63.6,11.8,994.9,1007.8,2351,1003.0,0432,1004.9,14.3,10.5,1200,3.59,24.95,,,,,,4.5,3.5,18.6,10.1,20.3,20.5,20.0,19.3,19.1,16.7,15.0,12.4,12.9,4.8,6.9,,{비}0105-{비}{강도1}0300-0445. {박무}0120-{박무}{강도1}0300-{박무}{강도0}0600-0710.,,2019,5,21,140,1,0,0,1
108,서울,2019-05-21,17.2,11.7,0507,23.8,1449,,,,,,,12.0,230,1424,5.9,230,1502,2.9,2514,200,6.2,22,1420,52.0,9.6,995.2,1007.8,0001,1002.8,1724,1005.2,14.3,13.1,1200,3.46,28.89,,,,,,0.0,0.0,21.8,8.4,19.9,19.6,19.3,18.9,18.7,16.8,15.1,12.4,12.9,6.1,8.7,,{연무}2235-{연무}{강도0}2400-,,2019,5,21,141,1,0,0,0
108,서울,2019-05-22,19.5,12.3,0559,26.5,1539,,,,,,,10.2,200,1239,5.4,200,1320,2.4,2108,230,6.2,19,1418,46.0,9.6,995.3,1006.3,0709,1003.2,1532,1005.2,14.4,12.6,1200,3.42,27.5,,,,,,1.4,0.0,25.1,7.4,21.0,20.4,19.7,19.0,18.7,16.8,15.2,12.4,12.9,6.7,9.6,,-{연무}-{연무}{강도0}0300-0310.,,2019,5,21,142,1,0,1,0
108,서울,2019-05-23,22.1,15.0,0543,29.2,1607,,,,,,,7.9,290,1645,3.5,270,1636,1.7,1490,270,8.1,16,1727,45.0,11.0,998.4,1010.0,2311,1006.2,0004,1008.2,14.4,13.2,1200,3.29,27.36,,,,,,0.0,0.0,28.5,9.7,22.6,21.7,20.5,19.5,18.9,16.9,15.4,12.5,12.9,6.4,9.1,,{연무}0315-{연무}{강도0}0600-{연무}{강도0}0900-{연무}{강도0}1200-1250. {연무}1310-1450.,,2019,5,21,143,1,0,1,0
108,서울,2019-05-24,24.2,16.2,0520,33.4,1622,,,,,,,7.0,290,2030,4.1,270,1937,1.7,1503,290,11.4,27,1455,46.4,13.6,1000.8,1012.0,2325,1008.5,1555,1010.5,14.4,12.7,1200,3.21,26.13,,,,,,1.4,0.0,30.6,10.8,24.2,22.9,21.5,20.3,19.4,17.0,15.5,12.6,12.9,6.0,8.5,,{연무}1215-{연무}{강도0}1500-{연무}{강도0}1800-{연무}{강도0}2100-{연무}{강도0}2400-,,2019,5,21,144,1,0,1,0
108,서울,2019-05-25,23.4,18.4,0604,28.6,1538,,,,,,,8.3,180,1446,4.2,270,1353,1.6,1413,200,9.7,15,1331,45.6,12.3,1005.0,1015.9,2111,1012.0,0001,1014.8,14.4,7.1,1300,2.45,18.83,,,,,,7.9,0.0,26.7,13.0,23.5,23.0,22.0,20.9,20.1,17.2,15.6,12.7,12.9,4.9,7.0,,-{연무}-{연무}{강도1}0300-{연무}{강도1}0600-{연무}{강도0}0900-1110.,,2019,5,21,145,1,0,1,0
108,서울,2019-05-26,24.5,18.6,0613,31.1,1342,,,,,,,8.5,270,1726,4.5,270,1811,1.8,1529,270,8.6,21,1205,39.0,11.3,1003.7,1016.2,0158,1011.0,1640,1013.5,14.5,11.0,1100,3.22,25.81,,,,,,6.0,1.8,30.5,13.0,24.8,23.6,22.2,21.0,20.2,17.5,15.7,12.7,12.9,5.9,8.5,3.6,,,2019,5,21,146,1,0,1,0
108,서울,2019-05-27,17.8,14.3,2356,22.3,0221,0.7,604,1.7,751,13.83,7.1,11.1,230,1340,5.3,200,1356,2.4,2039,140,14.2,42,0003,80.9,16.5,994.5,1011.2,0001,999.8,1302,1004.4,14.5,0.0,1200,0.34,2.33,,,,,,8.6,6.5,18.2,10.2,20.4,21.4,21.6,21.2,20.9,17.8,16.0,12.9,13.0,1.3,1.8,3.5,{비}0215-{비}{강도0}0300-{비}{강도0}0600-{비}{강도0}0900-{비}{강도0}1200-{안개비}1240-{비}1315-{비}{강도0}1500-1530. {박무}0605-{박무}{강도0}0900-{박무}{강도0}1200-{박무}{강도1}1500-{박무}{강도0}1800-1845. {비}1715-1750.,,2019,5,22,147,1,0,0,1
108,서울,2019-05-28,18.1,11.9,0515,24.6,1444,,,,,,,11.6,320,1931,4.9,270,1558,2.6,2205,270,5.2,20,1755,45.9,8.9,1000.7,1012.7,0758,1008.2,0001,1010.7,14.5,13.0,1200,3.51,28.01,,,,,,2.1,0.0,21.8,7.2,20.4,20.1,19.8,19.6,19.6,17.9,16.1,12.9,12.9,6.3,9.0,,,,2019,5,22,148,1,0,0,0
108,서울,2019-05-29,20.3,13.3,0517,26.5,1459,,,,,,,9.5,180,1325,4.9,290,1541,2.0,1764,290,7.7,21,1447,48.4,10.6,999.7,1010.9,0214,1007.7,1528,1009.6,14.5,13.3,1200,3.42,28.48,,,,,,0.4,0.0,26.2,8.1,22.1,21.5,20.7,19.9,19.6,17.9,16.2,12.9,12.9,6.4,9.2,,,,2019,5,22,149,1,0,1,0
108,서울,2019-05-30,19.6,14.6,0511,24.5,1123,0.0,,0.0,,3.33,0.0,10.3,250,2308,5.4,230,2313,2.4,2069,200,7.8,31,1052,48.0,10.7,1000.7,1012.1,2300,1008.4,1550,1010.6,14.5,7.0,1000,2.83,18.28,,,,,,7.9,2.5,23.8,8.0,21.3,21.2,20.8,20.2,19.9,17.9,16.4,13.0,13.0,4.7,6.7,0.0,{햇무리}0830-0935. {비}1950-{비}{강도0}2100-2310.,,2019,5,22,150,1,0,0,0
108,서울,2019-05-31,19.1,16.1,2355,23.3,1448,,,,,,,9.9,360,1411,5.4,270,1521,2.8,2402,290,8.0,35,1236,49.6,10.7,1000.3,1011.7,2221,1008.3,1714,1010.2,14.6,12.3,1100,3.42,27.46,,,,,,2.3,2.0,26.5,12.4,23.1,22.3,21.2,20.3,19.9,18.0,16.5,13.1,12.9,5.5,7.9,,,,2019,5,22,151,1,0,0,0
108,서울,2019-06-01,18.9,14.8,0321,23.7,1714,,,,,,,8.2,200,1153,4.2,200,1215,1.9,1671,270,10.7,40,1516,60.5,12.9,1000.1,1011.6,0001,1008.7,1740,1010.1,14.6,9.4,1100,2.54,21.1,,,,,,5.5,2.5,24.8,8.8,22.1,22.0,21.3,20.6,20.3,18.1,16.6,13.2,13.0,4.1,5.9,,{박무}0230-{박무}{강도0}0300-{박무}{강도0}0600-0710. {연무}0805-{연무}{강도0}0900-{연무}{강도0}1200-1220.,,2019,6,22,152,0,0,0,0
108,서울,2019-06-02,21.1,14.1,0524,27.8,1438,,,,,,,8.0,270,1557,4.6,270,1559,1.7,1482,290,6.2,22,1200,42.1,9.6,997.6,1009.9,0011,1005.5,1541,1007.5,14.6,13.0,1100,3.26,26.48,,,,,,0.6,0.0,27.8,7.3,23.3,22.5,21.5,20.6,20.2,18.2,16.6,13.2,12.9,5.9,8.4,,,,2019,6,22,153,0,0,1,0
108,서울,2019-06-03,23.1,16.0,0545,29.5,1633,,,,,,,9.9,320,1150,5.0,290,1152,1.8,1559,160,9.4,27,1543,42.9,11.9,997.9,1009.8,1147,1004.6,1617,1007.7,14.6,12.3,1100,3.08,25.57,,,,,,0.6,0.4,30.1,9.7,24.6,23.4,22.1,21.1,20.6,18.4,16.8,13.3,13.0,5.7,8.2,,,,2019,6,23,154,0,0,1,0
108,서울,2019-06-04,22.6,17.6,0517,29.0,1414,,,,,,,9.1,290,1430,4.4,270,1431,2.2,1930,290,12.8,34,1102,56.4,14.9,999.3,1010.9,2325,1007.3,1558,1009.1,14.6,12.8,1200,3.15,26.21,,,,,,3.0,1.1,29.9,11.2,25.6,24.4,22.9,21.7,21.1,18.5,16.9,13.4,13.0,5.5,7.9,,{박무}2115-{박무}{강도0}2400-,,2019,6,23,155,0,0,1,0
108,서울,2019-06-05,23.0,17.8,0236,29.6,1406,,,,,,,7.5,270,1531,4.3,270,1520,1.8,1548,270,15.3,38,1257,63.8,17.3,1001.8,1012.4,0854,1009.7,0403,1011.6,14.6,8.9,1200,3.23,24.14,,,,,,5.4,4.1,31.4,13.1,26.5,25.2,23.6,22.3,21.7,18.8,17.0,13.5,13.0,5.0,7.2,,-{박무}-{박무}{강도0}0300-{박무}{강도0}0600-0755. {연무}0750-{연무}{강도0}0900-{연무}{강도0}1200-{연무}{강도0}1500-{연무}{강도0}1800-{연무}{강도0}2100-2140. {채운}1740-1820. {박무}2220-{박무}{강도0}2400-,,2019,6,23,156,0,0,1,0
108,서울,2019-06-06,21.2,18.6,0345,25.1,1336,1.3,1943,3.4,1928,9.58,7.5,8.5,50,1831,4.1,50,1838,1.2,1073,90,16.5,56,1243,75.9,18.8,999.9,1013.0,0405,1004.3,2400,1009.7,14.7,0.0,0900,0.82,5.33,,,,,,9.1,3.5,22.4,13.3,22.9,23.3,23.1,22.5,22.2,19.1,17.1,13.6,13.1,1.2,1.7,42.1,-{박무}-{박무}{강도0}0300-{박무}{강도0}0600-0755. {연무}0750-{연무}{강도0}0900-{연무}{강도0}1200-{연무}{강도0}1500-1525. {비}1425-{비}{강도0}1500-{비}{강도0}1800-{비}{강도0}2100-{비}{강도0}2400- {박무}1520-{박무}{강도0}1800-{박무}{강도0}2100-2310.,,2019,6,23,157,0,0,1,1
108,서울,2019-06-07,20.0,17.0,0515,24.7,1742,3.9,252,12.1,234,12.75,35.3,8.7,70,1224,3.5,90,0602,1.9,1613,50,15.4,50,1823,77.3,17.6,993.5,1007.8,2309,1000.2,0559,1003.3,14.7,3.7,1300,2.06,13.41,,,,,,7.4,6.1,21.0,13.6,21.1,21.2,21.2,21.1,21.4,19.3,17.4,13.7,13.2,3.1,4.4,0.7,{박무}0010-{박무}{강도2}0300-{박무}{강도0}0600-0650. -{비}-{비}{강도1}0300-{소나기}0320-{비}0340-{비}{강도0}0600-{비}{강도0}0900-{비}{강도0}1200-1245. {박무}0825-{박무}{강도0}0900-1020.,,2019,6,23,158,0,0,0,1
108,서울,2019-06-08,21.9,16.0,0504,27.6,1434,,,,,,,7.7,270,1628,4.0,270,1540,1.4,1226,50,12.5,28,1329,57.5,14.5,997.9,1009.5,0625,1006.6,1450,1007.8,14.7,9.3,1200,2.67,21.14,,,,,,5.9,0.0,22.8,12.3,22.3,21.8,21.3,20.9,20.9,19.2,17.4,13.7,13.1,4.1,5.8,,{햇무리}1240-1530.,,2019,6,23,159,0,0,1,0
108,서울,2019-06-09,21.6,17.1,2324,26.5,1302,0.9,2123,1.6,2055,3.5,2.5,7.7,70,2057,4.0,270,1608,1.8,1597,290,14.7,47,1059,66.1,16.8,995.5,1007.4,0618,1002.8,1712,1005.3,14.7,4.2,1100,2.6,16.87,,,,,,8.9,6.8,23.7,15.2,23.4,22.9,22.0,21.3,21.1,19.2,17.6,13.8,13.1,3.2,4.6,12.0,{연무}0110-{연무}{강도0}0300-{연무}{강도0}0600-0850. {비}1615-1640. {비}2055-{비}{강도0}2100-{소나기}2105-{비}2220-{비}{강도0}2400-,,2019,6,23,160,0,0,1,1
108,서울,2019-06-10,18.4,15.7,0359,21.9,1639,1.1,251,3.5,106,8.92,9.5,6.4,140,2400,2.4,70,1324,1.6,1344,70,12.4,49,1739,70.3,14.5,997.3,1008.9,2331,1005.4,0002,1007.3,14.7,0.6,1300,1.32,11.01,,,,,,8.0,5.6,19.7,14.9,20.6,21.1,21.3,21.2,21.4,19.4,17.8,13.9,13.2,2.6,3.7,,{박무}0115-{박무}{강도0}0300-0310. -{비}-{비}{강도0}0300-{비}{강도0}0600-0855.,,2019,6,24,161,0,0,0,1
108,서울,2019-06-11,20.5,15.5,0553,26.1,1604,,,,,,,7.1,90,0137,3.0,320,2142,1.4,1217,50,9.7,32,1532,51.1,12.1,998.8,1010.0,0805,1007.1,1732,1008.7,14.7,10.7,1100,3.07,21.58,,,,,,3.5,2.8,21.9,13.5,21.4,21.2,21.0,20.7,20.7,19.3,17.7,13.8,13.1,4.3,6.1,,,,2019,6,24,162,0,0,1,0
108,서울,2019-06-12,21.5,16.1,0538,26.4,1404,,,,,,,8.2,290,1505,4.6,290,1529,1.8,1565,290,12.2,40,1630,57.1,14.2,1000.3,1011.0,0822,1009.0,1703,1010.2,14.7,13.0,1000,2.83,25.26,,,,,,1.1,0.9,24.4,11.7,22.9,22.4,21.6,21.0,20.8,19.2,17.8,13.9,13.1,5.1,7.3,,,,2019,6,24,163,0,0,1,0
108,서울,2019-06-13,23.0,16.6,0534,28.8,1549,,,,,,,7.0,290,1507,4.0,270,1924,1.7,1492,290,11.9,33,1549,51.9,13.9,999.7,1011.4,0743,1007.4,1716,1009.5,14.7,12.3,1200,3.27,27.4,,,,,,3.1,0.0,27.2,11.5,24.6,23.7,22.6,21.7,21.1,19.3,17.9,14.0,13.1,5.7,8.2,,,,2019,6,24,164,0,0,1,0
108,서울,2019-06-14,23.0,19.1,0528,28.4,1506,,,,,,,7.3,340,1911,4.2,290,1541,1.8,1560,290,12.8,30,1459,54.8,14.8,995.3,1008.5,0001,1002.4,1728,1005.1,14.8,6.1,1300,3.14,19.46,,,,,,6.1,1.5,27.0,15.6,24.8,24.1,23.2,22.3,21.8,19.5,18.0,14.1,13.2,5.0,7.2,,{연무}0345-0455. {연무}0635-0710.,,2019,6,24,165,0,0,1,0
108,서울,2019-06-15,21.9,17.9,2359,27.4,1613,1.9,1829,2.1,1815,0.58,2.1,9.7,270,1743,5.3,270,1643,2.4,2079,290,13.7,37,1542,61.5,15.7,990.5,1003.3,0001,996.7,1625,1000.2,14.8,12.2,1200,3.34,25.94,,,,,,3.1,3.1,26.0,13.0,24.8,24.5,23.5,22.6,21.8,19.6,18.0,14.1,13.2,5.2,7.5,2.1,{소나기}1815-1850.,,2019,6,24,166,0,0,1,1
108,서울,2019-06-16,22.0,16.1,0526,27.2,1619,,,,,,,8.3,290,1553,4.7,320,1852,1.6,1397,50,12.0,34,1438,55.4,14.1,996.7,1009.8,2313,1002.6,0001,1006.6,14.8,11.1,0900,2.57,22.45,,,,,,3.9,1.5,24.7,12.4,23.7,23.5,23.1,22.6,22.0,19.7,18.1,14.2,13.2,4.6,6.5,0.0,,,2019,6,24,167,0,0,1,0
108,서울,2019-06-17,21.7,18.1,0614,26.2,1515,0.0,,0.0,,0.33,0.0,7.9,270,1554,4.1,270,1628,2.3,1976,290,13.0,35,1642,59.1,15.0,1001.8,1012.6,0900,1009.7,0001,1011.6,14.8,12.7,1000,2.92,25.36,,,,,,4.5,2.5,28.2,15.5,24.8,24.4,23.5,22.6,22.0,19.9,18.2,14.3,13.3,4.6,6.6,9.9,{박무}0335-0510. {비}0350-0410.,,2019,6,25,168,0,0,1,0
108,서울,2019-06-18,20.8,17.0,0722,24.8,1345,4.7,637,7.8,559,11.33,13.8,7.4,270,1907,4.0,270,1909,1.5,1299,250,16.7,54,1139,78.6,19.0,1000.3,1013.4,0729,1008.3,1731,1010.1,14.8,2.0,1100,1.92,11.26,,,,,,9.5,5.8,22.5,14.7,23.0,23.4,23.3,22.8,22.4,20.2,18.5,14.5,13.5,2.2,3.2,4.1,{비}0130-0240. {박무}0150-{박무}{강도0}0300-{박무}{강도0}0600-{박무}{강도0}0900-0945. {비}0350-0405. {소나기}0445-{소나기}{강도0}0600-{비}0720-0745. {연무}1250-1455. {비}1435-{비}{강도0}1500-1625. {박무}1450-{박무}{강도0}1500-1645. {비}1825-{비}{강도0}2100-2330. {박무}1930-{박무}{강도1}2100-{박무}{강도0}2400-,,2019,6,25,169,0,0,0,1
108,서울,2019-06-19,21.4,18.9,0428,25.4,1417,0.2,,0.2,,2.08,0.2,7.7,270,2111,4.1,270,2117,1.9,1643,270,17.2,55,1410,77.8,19.6,997.8,1009.1,0533,1005.9,1621,1007.6,14.8,0.9,1200,2.16,11.24,,,,,,9.4,8.5,23.0,18.1,23.2,23.0,22.7,22.3,22.2,20.2,18.5,14.5,13.4,2.5,3.5,0.0,-{박무}-{박무}{강도0}0300-{박무}{강도0}0600-{박무}{강도0}0900-1005. {안개비}0345-{비}0425-0455. {안개비}0545-{안개비}{강도0}0600-0605. {비}1740-{비}{강도0}1800-1815. {박무}1815-2050. {박무}2145-{박무}{강도0}2400-,,2019,6,25,170,0,0,1,1
108,서울,2019-06-20,22.7,19.8,0525,27.8,1602,,,,,,,7.7,250,1725,4.2,290,1806,1.9,1609,270,16.7,45,1424,70.6,19.0,997.1,1008.1,0805,1005.0,1706,1006.9,14.8,6.9,1300,3.04,20.91,,,,,,8.0,5.1,25.9,17.6,24.9,24.1,23.2,22.4,22.1,20.2,18.6,14.5,13.4,3.9,5.6,,-{박무}-{박무}{강도0}0300-{박무}{강도0}0600-0850. {박무}2135-{박무}{강도0}2400-,,2019,6,25,171,0,0,1,0
108,서울,2019-06-21,22.1,19.4,0220,26.1,1503,0.2,,0.2,,0.92,0.2,6.9,290,1707,3.7,270,1626,1.7,1496,290,16.9,55,1451,72.9,19.2,996.1,1007.3,0001,1004.1,1723,1005.8,14.8,3.4,1400,2.4,12.51,,,,,,7.3,7.3,25.2,16.6,24.0,23.7,23.3,22.8,22.6,20.3,18.7,14.6,13.4,3.0,4.3,0.2,-{박무}-{박무}{강도0}0300-{박무}{강도0}0600-{박무}{강도0}0900-1145. {연무}1140-{연무}{강도0}1200-{연무}{강도0}1500-1510. {비}1915-2010.,,2019,6,25,172,0,0,1,1
108,서울,2019-06-22,24.2,17.7,0501,30.6,1523,,,,,,,6.8,20,1930,2.9,290,1611,1.5,1305,70,9.8,25,1449,42.3,12.1,996.5,1007.2,0008,1004.3,1703,1006.2,14.8,13.0,1200,3.44,27.01,,,,,,2.1,2.1,28.8,14.9,25.7,24.7,23.6,22.8,22.4,20.4,18.7,14.7,13.4,5.9,8.5,,,,2019,6,25,173,0,0,1,0
108,서울,2019-06-23,25.0,19.1,0554,31.0,1603,,,,,,,8.3,320,1758,4.4,290,1807,1.8,1540,50,10.2,28,1408,40.4,12.5,998.2,1009.2,2224,1006.2,1619,1007.9,14.8,12.9,1400,3.15,26.05,,,,,,3.0,3.0,30.7,14.3,26.3,25.4,24.4,23.5,22.7,20.5,18.8,14.7,13.4,5.9,8.4,,,,2019,6,25,174,0,0,1,0
108,서울,2019-06-24,25.2,20.9,0548,30.9,1440,,,,,,,8.1,270,1547,4.1,290,1909,2.0,1703,270,12.6,28,1303,46.9,14.6,1001.9,1014.7,2354,1009.1,0008,1011.7,14.8,13.6,1200,3.35,27.57,,,,,,1.6,1.6,32.4,16.5,27.6,26.5,25.2,24.0,23.1,20.6,18.9,14.8,13.4,6.2,8.8,,,,2019,6,26,175,0,0,1,0
108,서울,2019-06-25,25.6,19.5,0517,32.8,1532,,,,,,,7.7,270,1626,4.2,270,1635,1.6,1381,290,13.2,24,1432,49.1,15.3,1004.2,1016.1,0705,1011.8,1619,1013.9,14.8,13.4,1200,3.21,27.13,,,,,,1.3,0.3,32.6,13.8,27.8,26.7,25.5,24.5,23.5,20.8,19.0,14.8,13.4,5.9,8.4,,{연무}0410-{연무}{강도0}0600-0740.,,2019,6,26,176,0,0,1,0
108,서울,2019-06-26,25.5,20.7,0531,29.5,1533,0.0,,0.0,,1.67,0.0,7.9,90,1519,3.1,160,1447,1.3,1088,50,14.9,34,1532,52.6,17.0,998.4,1013.3,0001,1003.8,2359,1008.1,14.8,1.1,1400,1.57,12.11,,,,,,9.5,4.4,29.3,14.8,26.2,25.9,25.3,24.6,23.9,21.1,19.1,14.9,13.5,2.7,3.9,1.4,{비}1235-1310. {비}2055-{비}{강도0}2100-2110. {비}2305-2355.,,2019,6,26,177,0,0,1,0
108,서울,2019-06-27,25.5,21.9,0525,31.2,1410,0.5,46,1.3,33,3.33,1.4,7.1,270,1535,3.5,270,1701,1.4,1230,50,19.3,39,1412,70.5,22.4,990.9,1003.8,0001,998.3,1435,1000.5,14.8,3.9,1400,2.17,14.79,,,,,,8.3,6.5,29.5,20.2,27.1,26.2,25.2,24.4,23.9,21.3,19.3,15.0,13.6,3.3,4.7,,{비}0025-0210. {박무}0050-0155. {비}0355-0530. {연무}1550-1630. {연무}2005-{연무}{강도0}2100-{연무}{강도0}2400-,,2019,6,26,178,0,0,1,1
108,서울,2019-06-28,24.7,22.3,2357,29.0,1546,0.0,,0.0,,2.75,0.0,6.8,270,1647,3.8,270,1744,1.7,1505,290,18.1,49,2236,67.3,20.9,991.9,1002.6,0742,1000.4,1530,1001.6,14.8,2.4,1400,2.31,10.92,,,,,,8.5,6.1,29.6,18.5,26.5,25.7,25.1,24.4,24.1,21.4,19.5,15.1,13.6,2.4,3.4,1.5,-{연무}-{연무}{강도0}0300-{연무}{강도0}0600-0650. {연무}0810-{연무}{강도0}0900-{연무}{강도0}1200-1255. {안개비}1250-1325. {박무}1250-1310. {연무}1305-{연무}{강도0}1500-1510. {비}1840-1930. {비}2240-{비}{강도0}2400-,,2019,6,26,179,0,0,1,0
108,서울,2019-06-29,23.1,19.6,0726,27.7,1639,0.3,418,0.5,341,8.75,1.5,6.2,160,1416,3.2,160,1410,1.2,1033,50,17.5,44,1610,72.0,20.0,988.3,1001.9,0018,994.3,1716,998.0,14.8,4.1,1200,2.48,12.49,,,,,,8.1,5.5,24.4,18.0,25.0,25.0,24.6,24.1,23.9,21.6,19.6,15.2,13.7,2.8,4.1,,{박무}0225-{박무}{강도0}0300-{박무}{강도0}0600-{박무}{강도0}0900-1150. -{비}-{비}{강도0}0300-{비}{강도0}0600-0845. {연무}1140-{연무}{강도0}1200-1335.,,2019,6,26,180,0,0,1,1
108,서울,2019-06-30,23.9,20.9,0525,28.5,1248,0.0,,0.0,,0.17,0.0,8.0,180,1625,4.5,200,1500,2.3,1995,200,18.6,47,1147,73.5,21.5,990.7,1003.2,2350,996.8,0001,1000.4,14.7,5.2,1200,2.98,16.32,,,,,,6.9,3.8,28.3,16.6,25.8,25.2,24.4,23.8,23.6,21.5,19.7,15.2,13.6,3.3,4.8,0.0,{박무}0110-{박무}{강도0}0300-{박무}{강도0}0600-0835. {연무}0830-{연무}{강도0}0900-0930. {연무}1450-{연무}{강도0}1500-{연무}{강도0}1800-1925. {박무}1920-{박무}{강도0}2100-{박무}{강도0}2400- {비}2005-2015.,,2019,6,26,181,0,0,1,0
108,서울,2019-07-01,23.9,20.6,0417,28.9,1551,,,,,,,8.8,340,1925,5.2,290,1927,2.3,1983,270,16.2,36,1547,64.4,18.5,995.4,1007.3,2348,1002.9,0215,1005.1,14.7,10.9,1200,2.36,20.33,,,,,,4.9,3.0,29.6,17.5,26.4,25.8,24.8,24.1,23.7,21.6,19.8,15.3,13.7,4.5,6.5,,-{박무}-{박무}{강도0}0300-{박무}{강도0}0600-0820. {연무}0815-{연무}{강도0}0900-{연무}{강도0}1200-1250. {연무}2135-{연무}{강도0}2400-,,2019,7,27,182,0,0,1,0
108,서울,2019-07-02,24.4,20.8,0541,30.1,1428,,,,,,,8.3,200,1600,4.3,320,1902,2.3,1966,270,16.4,33,1423,63.5,18.7,998.8,1009.8,2328,1007.1,0011,1008.5,14.7,11.9,1300,2.7,21.13,,,,,,4.0,4.0,30.0,17.7,27.2,26.3,25.1,24.3,23.9,21.7,19.9,15.4,13.7,4.7,6.7,,{박무}0025-{박무}{강도0}0300-{박무}{강도0}0600-0730. -{연무}-0030. {연무}0725-{연무}{강도0}0900-0910. {연무}2350-{연무}{강도0}2400-,,2019,7,27,183,0,0,1,0
108,서울,2019-07-03,24.1,21.2,0435,27.4,1140,,,,,,,6.5,270,1755,3.8,270,1906,1.7,1504,290,16.6,46,1728,64.6,19.0,998.1,1010.4,0503,1005.9,1611,1007.8,14.7,3.3,1000,2.38,12.62,,,,,,6.4,4.9,26.9,15.9,25.9,25.8,25.2,24.6,24.1,21.7,19.9,15.4,13.7,3.1,4.4,,{박무}0105-{박무}{강도0}0300-{박무}{강도0}0600-0830. -{연무}-0110.,,2019,7,27,184,0,0,1,0
108,서울,2019-07-04,25.4,20.0,0535,32.8,1426,,,,,,,8.6,270,1453,4.5,270,1500,1.9,1635,290,15.5,27,1352,59.6,17.9,996.5,1008.2,0717,1004.3,1514,1006.2,14.7,12.7,1200,3.32,27.41,,,,,,2.4,0.1,32.8,14.6,28.0,26.6,25.2,24.3,23.9,21.8,20.0,15.5,13.7,6.4,9.2,,{박무}0135-{박무}{강도0}0300-{박무}{강도0}0600-0830. {연무}0825-{연무}{강도0}0900-0910. {연무}2235-{연무}{강도0}2400-,,2019,7,27,185,0,0,1,0
108,서울,2019-07-05,27.6,20.2,0448,35.0,1526,0.0,,0.0,,0.83,0.0,7.9,320,1547,4.3,320,1555,1.5,1317,20,12.9,24,1437,42.1,15.0,993.2,1006.0,0001,1000.2,1743,1002.7,14.7,11.8,1200,3.21,24.78,,,,,,3.8,1.5,32.0,13.6,28.7,27.6,26.1,25.0,24.4,21.9,20.1,15.5,13.7,6.1,8.7,0.0,-{연무}-0120. {소나기}2155-2225. {소나기}2330-2350.,,2019,7,27,186,0,0,1,0
108,서울,2019-07-06,29.7,24.6,0546,36.1,1535,,,,,,,8.7,160,0849,3.9,160,1518,1.7,1426,90,14.2,24,1415,40.9,16.2,994.1,1006.8,2400,1001.5,0021,1003.6,14.7,11.8,1200,3.31,25.87,,,,,,3.4,3.4,37.1,19.2,30.9,29.0,27.1,25.8,25.0,22.1,20.2,15.6,13.7,6.7,9.5,,,,2019,7,27,187,0,0,1,0
108,서울,2019-07-07,26.7,22.7,2350,32.5,1520,,,,,,,7.9,140,1924,3.3,70,1857,2.2,1916,90,12.7,28,1436,43.3,14.7,997.5,1008.3,2359,1005.6,1348,1007.2,14.7,9.8,1400,3.03,22.4,,,,,,7.5,1.5,33.8,21.0,29.3,28.6,27.4,26.3,25.6,22.4,20.4,15.7,13.9,5.6,8.0,,,,2019,7,27,188,0,0,1,0
108,서울,2019-07-08,25.1,21.2,0502,31.0,1459,,,,,,,7.8,90,1907,3.3,70,1702,2.0,1718,70,12.6,32,1451,46.6,14.6,997.9,1009.0,0353,1005.8,1731,1007.6,14.6,9.3,1400,2.83,20.54,,,,,,6.0,4.8,32.9,19.8,28.2,27.8,26.9,26.1,25.6,22.7,20.6,15.9,13.9,5.5,7.8,,,,2019,7,28,189,0,0,1,0
108,서울,2019-07-09,25.0,19.7,0530,30.0,1326,,,,,,,8.0,50,2046,3.1,70,2313,1.8,1590,90,12.3,32,1256,46.4,14.3,996.7,1007.9,0622,1004.6,1606,1006.4,14.6,7.7,1000,2.65,18.2,,,,,,4.9,4.8,29.8,15.7,27.2,27.1,26.4,25.8,25.4,22.7,20.6,15.9,13.9,4.6,6.5,,,,2019,7,28,190,0,0,1,0
108,서울,2019-07-10,22.7,19.3,2216,27.3,1147,0.7,2019,2.7,2019,10.83,8.5,8.2,90,1734,3.3,70,1042,2.0,1770,70,14.9,41,1132,64.1,17.1,997.3,1008.0,0738,1006.1,2355,1007.1,14.6,3.1,1100,2.63,13.4,,,,,,8.4,3.0,26.8,18.4,25.7,26.1,25.9,25.5,25.3,22.9,20.8,16.0,13.9,2.7,3.8,11.4,{비}1310-{비}{강도0}1500-{비}{강도0}1800-{비}{강도0}2100-{비}{강도0}2400- {박무}2135-2250.,,2019,7,28,191,0,0,1,1
108,서울,2019-07-11,21.9,19.5,0001,25.9,1320,0.5,538,1.6,534,10.92,2.9,6.1,320,1609,2.8,340,1635,1.3,1117,50,17.4,58,1311,76.9,19.9,995.2,1006.5,2156,1003.9,1441,1005.0,14.6,0.0,1200,1.47,8.59,,,,,,9.9,7.0,23.2,18.5,23.7,24.3,24.5,24.5,24.7,23.0,21.0,16.1,14.0,2.0,2.8,0.0,-{비}-{비}{강도0}0300-{비}{강도0}0600-{비}{강도0}0900-0930. {박무}0545-{박무}{강도0}0600-0640. {안개비}1615-1655. {안개비}2055-{안개비}{강도0}2100-2125. {안개비}2310-2325.,,2019,7,28,192,0,0,1,1
108,서울,2019-07-12,23.6,20.0,0353,28.7,1524,,,,,,,8.7,200,1541,4.4,270,1616,2.0,1747,290,16.5,44,1445,65.5,18.7,996.3,1007.8,0856,1004.3,1645,1006.1,14.6,7.0,1300,2.87,18.43,,,,,,6.8,6.0,26.1,19.1,25.6,25.1,24.4,24.1,24.2,22.9,21.0,16.1,14.0,3.8,5.4,0.0,,,2019,7,28,193,0,0,1,0
108,서울,2019-07-13,24.9,22.1,0522,29.7,1514,0.0,,0.0,,0.33,0.0,7.3,180,1740,3.9,250,1734,1.7,1491,290,18.1,43,1514,67.3,20.7,992.0,1005.0,0026,998.8,1713,1001.6,14.6,4.1,1300,2.86,15.0,,,,,,6.4,5.5,28.3,19.1,26.4,25.9,25.1,24.5,24.4,22.8,21.1,16.2,14.1,3.4,4.9,,{박무}0110-{박무}{강도0}0300-{박무}{강도0}0600-{박무}{강도0}0900-0920. {비}0650-0710. {연무}0915-{연무}{강도0}1200-{연무}{강도0}1500-{연무}{강도0}1800-{연무}{강도0}2100-{연무}{강도0}2400-,,2019,7,28,194,0,0,1,0
108,서울,2019-07-14,25.9,21.2,0455,31.6,1356,,,,,,,7.6,20,1552,3.8,290,1538,1.6,1393,290,18.1,38,1334,64.6,20.8,992.6,1005.0,2354,1000.6,1713,1002.2,14.5,7.8,1200,3.33,20.36,,,,,,4.5,4.5,29.4,17.8,27.4,26.9,25.7,24.8,24.5,22.7,21.1,16.3,14.1,4.2,6.1,,{박무}0045-{박무}{강도0}0300-{박무}{강도1}0600-0855. -{연무}-0050. {연무}0850-{연무}{강도0}0900-{연무}{강도0}1200-{연무}{강도0}1500-1650. {연무}1725-{연무}{강도0}1800-{연무}{강도0}2100-{연무}{강도0}2400-,,2019,7,28,195,0,0,1,0
108,서울,2019-07-15,23.8,22.1,2001,27.4,1152,2.5,1644,4.3,1614,6.83,7.7,5.8,290,1354,3.0,250,1356,1.1,911,50,19.9,59,1104,80.0,23.3,997.2,1009.4,2313,1004.6,0143,1006.9,14.5,0.1,1000,1.14,7.32,,,,,,7.5,5.5,24.6,18.2,25.3,25.7,25.6,25.1,25.0,22.8,21.1,16.3,14.1,1.5,2.1,12.1,-{연무}-{연무}{강도0}0300-0355. {박무}0350-{박무}{강도0}0600-{박무}{강도0}0900-0910. {연무}0905-{연무}{강도0}1200-1450. {비}1225-{소나기}1445-{소나기}{강도0}1500-{비}1545-{소나기}1640-1745. {박무}1445-{박무}{강도0}1500-{박무}{강도0}1800-{박무}{강도0}2100-{박무}{강도1}2400- {소나기}2205-2335.,,2019,7,29,196,0,0,1,1
108,서울,2019-07-16,24.7,21.4,0402,28.8,1644,3.9,202,4.4,130,2.0,6.3,6.6,270,1906,3.4,290,1923,1.3,1152,50,20.5,52,1536,79.0,24.1,1000.7,1011.7,2358,1009.3,0002,1010.5,14.5,4.0,1400,2.08,13.41,,,,,,7.3,5.9,25.7,20.7,25.5,25.2,24.8,24.4,24.5,22.9,21.3,16.5,14.2,2.7,3.9,1.9,{소나기}0130-0240. -{박무}-{박무}{강도0}0300-{박무}{강도0}0600-{박무}{강도0}0900-1030. {연무}1025-{연무}{강도0}1200-1255. {소나기}1250-1340. {박무}1250-1430. {연무}1425-{연무}{강도0}1500-{연무}{강도0}1800-{연무}{강도0}2100-2110. {박무}2105-{박무}{강도1}2400-,,2019,7,29,197,0,0,1,1
108,서울,2019-07-17,25.6,22.3,0555,29.2,1546,0.6,1136,0.7,1125,0.42,0.7,5.6,270,1243,2.9,270,1637,1.2,994,270,20.4,54,1518,73.9,23.9,1001.2,1012.2,0525,1009.4,1648,1010.9,14.5,1.0,1400,1.68,11.19,,,,,,9.0,2.9,26.4,19.8,25.9,25.5,25.0,24.6,24.7,22.9,21.3,16.6,14.3,2.2,3.2,0.7,-{박무}-{박무}{강도1}0300-{박무}{강도1}0600-{박무}{강도0}0900-0945. {연무}0940-1140. {소나기}1125-1150. {박무}1135-{박무}{강도1}1200-1235. {연무}1230-{연무}{강도1}1500-{연무}{강도0}1800-{연무}{강도1}2100-{연무}{강도1}2400-,,2019,7,29,198,0,0,1,1
108,서울,2019-07-18,26.9,23.3,0505,32.1,1515,,,,,,,5.5,290,1804,3.2,290,1811,1.2,1059,290,19.5,41,1514,65.0,22.6,998.7,1010.5,0004,1005.9,1750,1008.4,14.5,3.2,1200,2.38,12.78,,,,,,6.4,5.5,26.5,20.6,27.0,26.3,25.4,24.7,24.7,22.8,21.3,16.5,14.2,3.3,4.7,,-{연무}-{연무}{강도1}0300-0310. {박무}0305-{박무}{강도1}0600-{박무}{강도1}0900-0925. {연무}0920-{연무}{강도1}1200-{연무}{강도0}1500-{연무}{강도0}1800-{연무}{강도0}2100-{연무}{강도0}2400-,,2019,7,29,199,0,0,1,0
108,서울,2019-07-19,28.6,22.8,0546,35.0,1450,0.0,,0.0,,0.25,0.0,8.5,180,1727,4.6,160,1736,1.5,1294,90,19.9,37,1432,61.3,23.2,996.4,1008.3,0001,1004.2,1522,1006.0,14.4,9.8,1100,3.11,21.8,,,,,,4.6,2.3,30.9,19.2,28.5,27.5,26.3,25.3,24.8,22.8,21.3,16.6,14.2,4.8,6.9,1.0,-{연무}-{연무}{강도0}0300-0535. {박무}0530-{박무}{강도1}0600-0740. {연무}0735-{연무}{강도0}0900-1040. {소나기}1840-1855.,,2019,7,29,200,0,0,1,0
108,서울,2019-07-20,28.0,25.1,0846,31.9,1527,0.3,812,0.8,756,7.33,1.1,9.5,50,1313,3.6,70,0815,2.1,1850,90,21.0,50,1531,66.9,25.0,990.8,1005.6,0001,997.7,1641,1000.4,14.4,1.2,1200,1.77,10.92,,,,,,9.5,4.8,28.4,22.9,27.6,27.4,26.7,26.0,25.7,23.2,21.6,16.9,14.5,2.7,3.9,4.3,{비}0540-{비}{강도0}0600-{비}{강도0}0900-1155. {비}1620-1640. {비}1825-1850. {비}2340-{비}{강도0}2400-,,2019,7,29,201,0,0,1,1
108,서울,2019-07-21,25.1,24.2,0546,27.0,0003,0.8,1333,1.6,1310,12.33,6.2,9.4,180,2225,4.4,230,1705,2.2,1929,230,22.7,74,1820,87.1,27.7,991.8,1005.6,2324,997.8,0241,1001.4,14.4,0.6,1500,1.14,6.18,,,,,,9.4,8.0,26.6,23.3,26.2,26.3,26.0,25.6,25.5,23.2,21.5,16.8,14.4,1.6,2.2,2.1,{박무}0140-{박무}{강도0}0300-{박무}{강도0}0600-0820. -{비}-{비}{강도0}0300-{비}{강도0}0600-{비}{강도0}0900-0945. {비}1210-1425. {박무}1320-1450. {비}1605-1625. {박무}2005-{박무}{강도0}2100-{박무}{강도0}2400-,,2019,7,29,202,0,0,1,1
108,서울,2019-07-22,26.7,24.2,0355,31.0,1709,0.1,,0.1,,1.25,0.1,7.2,180,0616,3.6,200,1625,2.2,1872,200,21.6,54,1704,74.6,25.7,996.3,1007.0,0818,1004.4,1723,1006.0,14.4,6.1,1200,2.49,13.12,,,,,,7.5,5.6,26.9,22.5,27.2,26.6,25.8,25.2,25.2,23.3,21.5,16.9,14.4,2.9,4.2,,-{박무}-{박무}{강도1}0300-{박무}{강도1}0600-{박무}{강도0}0900-1150. {안개비}0345-0420. {안개비}0705-0745. {연무}1145-{연무}{강도0}1200-{연무}{강도0}1500-{연무}{강도0}1800-1810. {박무}2035-{박무}{강도0}2100-{박무}{강도0}2400-,,2019,7,30,203,0,0,1,1
108,서울,2019-07-23,28.1,24.4,0158,32.9,1613,,,,,,,7.7,290,1330,3.6,250,1800,1.7,1433,230,22.0,48,1526,70.8,26.4,995.3,1006.9,0013,1002.0,1625,1004.9,14.4,4.0,1300,2.1,13.34,,,,,,8.6,7.3,29.3,20.9,28.0,27.3,26.3,25.6,25.4,23.3,21.6,16.9,14.4,3.1,4.4,0.7,-{박무}-{박무}{강도0}0300-{박무}{강도0}0600-{박무}{강도0}0900-1030.,,2019,7,30,204,0,0,1,0
108,서울,2019-07-24,26.5,25.2,0851,27.2,0002,0.2,,0.6,747,11.75,1.0,6.1,180,0305,3.4,180,1059,1.6,1366,200,23.1,75,0001,82.3,28.2,994.5,1005.3,0913,1003.1,0340,1004.1,14.3,0.0,1300,0.58,3.17,,,,,,9.6,7.9,26.5,24.0,26.7,26.7,26.4,25.9,25.7,23.4,21.7,17.0,14.5,1.0,1.4,2.7,{비}0210-{비}{강도0}0300-0315. {안개비}0335-{안개비}{강도0}0600-0605. {박무}0440-0520. {비}0645-{비}{강도0}0900-1115. {박무}0730-{박무}{강도1}0900-1045. {박무}1220-{박무}{강도0}1500-{박무}{강도0}1800-{박무}{강도0}2100-{박무}{강도0}2400- {비}1225-1330. {비}1405-{비}{강도0}1500-1640.,,2019,7,30,205,0,0,1,1
108,서울,2019-07-25,26.3,25.6,0552,27.4,1425,2.8,1821,5.1,1731,12.38,9.7,6.8,180,1811,3.4,160,0921,1.2,1074,200,24.5,79,0001,90.1,30.8,994.6,1005.2,0921,1003.3,1733,1004.3,14.3,0.0,1000,0.62,3.47,,,,,,9.9,9.1,26.6,24.7,26.6,26.3,25.9,25.5,25.6,23.4,21.7,17.1,14.5,0.8,1.2,42.8,-{박무}-{박무}{강도0}0300-{박무}{강도2}0600-{박무}{강도0}0900-{박무}{강도0}1200-{박무}{강도0}1500-{박무}{강도0}1800-{박무}{강도1}2100-{박무}{강도0}2400- {비}0302-{비}{강도0}0600-0730. {안개비}1115-{안개비}{강도0}1200-1340. {비}1540-1650. {비}1720-{비}{강도0}1800-{안개비}2020-{안개비}{강도0}2100-2140.,,2019,7,30,206,0,0,1,1
108,서울,2019-07-26,25.1,23.7,0927,25.9,0001,7.4,913,20.7,829,19.0,60.0,8.9,230,0521,4.5,200,0524,1.7,1488,200,24.2,91,1557,95.3,30.2,993.9,1004.8,2257,1002.6,0245,1003.6,14.3,0.0,1400,0.51,2.35,,,,,,9.9,7.9,25.4,23.2,25.5,25.5,25.3,25.2,25.5,23.6,21.9,17.3,14.6,0.8,1.1,25.1,{비}0140-{비}{강도0}0300-{비}{강도0}0600-{소나기}0650-{비}0740-{비}{강도1}0900-{소나기}1055-{비}1120-{비}{강도0}1200-1420. -{박무}-{박무}{강도2}0300-{박무}{강도0}0600-{박무}{강도1}0900-1120. {박무}1355-1410. {비}1615-{비}{강도0}1800-2045. {박무}1805-{박무}{강도0}2100-{박무}{강도0}2400- {안개비}2210-{안개비}{강도0}2400-,,2019,7,30,207,0,0,1,1
108,서울,2019-07-27,28.4,24.9,0442,33.4,1523,0.4,435,0.6,349,3.5,0.6,6.6,270,1637,3.9,270,1643,1.3,1088,140,23.5,48,1442,76.6,29.0,995.7,1006.8,2304,1004.2,0157,1005.3,14.3,4.7,1200,2.34,15.31,,,,,,7.6,6.9,29.6,24.1,28.3,27.1,25.9,25.2,25.1,23.5,21.8,17.2,14.5,3.2,4.5,12.6,-{안개비}-0120. -{박무}-{박무}{강도0}0300-{박무}{강도1}0600-0830. {안개비}0310-{비}0435-0520.,,2019,7,30,208,0,0,1,1
108,서울,2019-07-28,26.1,25.0,1128,28.2,0001,7.1,806,11.3,804,15.42,25.6,9.9,180,1728,4.8,200,1729,2.2,1862,200,23.9,77,0016,88.3,29.7,998.2,1009.7,2325,1006.1,0158,1007.9,14.2,0.0,1400,0.82,2.87,,,,,,9.8,7.1,26.4,24.1,26.5,26.6,26.3,25.9,25.9,23.6,21.9,17.3,14.6,1.1,1.5,13.5,{비}0015-{소나기}0202-0215. {비}0310-0510. {박무}0350-0420. {비}0655-{소나기}0750-{비}0845-{비}{강도1}0900-{비}{강도1}1200-1330. {박무}1005-{박무}{강도1}1200-1250. {비}1510-{비}{강도0}1800-1810. {비}2130-2320.,,2019,7,30,209,0,0,1,1
108,서울,2019-07-29,27.5,25.6,0539,30.0,1552,0.4,43,0.5,25,0.75,0.5,9.3,250,1807,5.0,200,1701,2.6,2248,200,22.5,63,1718,74.5,27.2,999.2,1010.0,0823,1007.2,1729,1008.8,14.2,2.6,1400,1.62,9.43,,,,,,8.0,7.1,27.5,24.0,27.0,26.5,26.0,25.6,25.7,23.8,22.0,17.2,14.6,2.8,4.0,0.3,{비}0025-0110.,,2019,7,31,210,0,0,1,1
108,서울,2019-07-30,28.1,26.3,0721,30.8,1332,0.8,1624,0.8,1620,3.08,1.2,11.8,180,1229,5.9,200,1126,3.4,2945,200,23.2,64,1159,75.3,28.5,997.1,1008.2,0001,1005.3,1658,1006.7,14.2,1.6,1100,1.9,8.26,,,,,,8.8,8.5,27.2,24.3,27.2,26.9,26.2,25.8,25.8,23.9,22.1,17.4,14.7,2.4,3.5,39.8,{소나기}0350-0355. {소나기}0440-0450. {소나기}0645-0820. {소나기}1620-1645. {소나기}2240-2330.,,2019,7,31,211,0,0,1,1
108,서울,2019-07-31,25.8,24.0,0950,27.5,0002,11.9,754,26.3,724,14.92,62.3,11.2,200,0028,5.3,200,0032,2.2,1892,200,24.2,79,0016,91.1,30.1,999.3,1011.3,2329,1007.2,0112,1009.0,14.1,0.0,1200,0.54,3.01,,,,,,9.8,7.4,25.7,23.3,26.0,26.0,25.9,25.7,26.0,23.9,22.3,17.5,14.7,0.8,1.2,49.6,{소나기}0020-0240. {박무}0135-0220. {비}0330-0345. {박무}0350-0420. {비}0550-{비}{강도0}0600-{소나기}0715-{소나기}{강도1}0900-{비}1015-1110. {박무}0715-{박무}{강도0}0900-1020. {비}1210-1240. {비}1325-{비}{강도0}1500-1650. {박무}1510-1635. {박무}1745-{박무}{강도0}1800-1945. {비}2055-{비}{강도0}2100-{비}{강도0}2400- {박무}2145-2355.,,2019,7,31,212,0,0,1,1
108,서울,2019-08-01,26.3,23.5,0906,30.1,1626,4.4,159,11.3,115,8.75,26.9,8.8,290,0847,4.6,270,1505,1.7,1437,270,23.7,66,1137,86.4,29.3,1002.0,1012.9,0854,1010.2,1758,1011.7,14.1,4.9,1100,2.22,13.55,,,,,,7.8,6.8,26.7,22.8,27.2,26.9,26.2,25.7,25.9,24.6,23.4,18.5,14.9,2.6,3.8,0.7,{박무}0005-{박무}{강도0}0300-0355. -{소나기}-{소나기}0110-{비}0250-{비}{강도1}0300-0530. {비}0825-{비}{강도0}0900-0935. {박무}0850-{박무}{강도0}0900-0915. {비}1235-1440.,,2019,8,31,213,0,0,1,1
108,서울,2019-08-02,28.4,24.7,0432,33.1,1715,,,,,,,6.1,250,1927,3.0,270,1801,1.2,998,270,23.1,48,1455,74.6,28.3,1001.8,1013.3,0700,1009.1,1701,1011.5,14.1,8.3,1200,2.55,15.74,,,,,,3.5,3.0,28.8,22.1,28.3,27.9,26.9,26.3,26.1,24.4,23.4,19.0,14.8,3.6,5.1,,{박무}0115-{박무}{강도0}0300-0515.,,2019,8,31,214,0,0,1,0
108,서울,2019-08-03,29.4,25.6,0536,36.0,1411,2.7,1547,3.0,1540,1.08,3.0,7.5,320,1717,4.5,320,1717,1.3,1086,50,22.7,39,1406,69.0,27.6,1001.0,1011.6,0001,1008.9,1516,1010.6,14.0,10.6,1300,3.03,21.04,,,,,,3.6,1.9,30.5,22.6,29.9,29.0,27.8,26.9,26.3,24.3,23.1,18.6,14.7,4.4,6.3,3.0,{소나기}1540-1625. {박무}1550-1610. {소나기}1910-1930.,,2019,8,31,215,0,0,1,1
108,서울,2019-08-04,28.3,25.0,0544,34.4,1442,3.5,1710,8.3,1650,1.67,8.6,6.5,200,1607,3.3,270,1554,1.2,1038,50,23.2,48,1443,75.9,28.6,1000.9,1011.6,0951,1009.1,1617,1010.6,14.0,8.6,1000,2.63,17.53,,,,,,5.8,2.4,29.6,22.8,29.6,28.9,28.1,27.4,26.9,24.4,23.0,18.4,14.8,3.6,5.1,8.6,{소나기}1650-1830. {박무}2120-{박무}{강도0}2400-,,2019,8,31,216,0,0,1,1
108,서울,2019-08-05,30.5,25.6,0528,35.9,1530,,,,,,,6.7,340,1658,3.2,340,1848,1.1,986,340,22.7,38,1339,65.5,27.6,999.7,1011.5,0808,1007.1,1755,1009.2,14.0,11.2,1300,2.83,20.66,,,,,,2.5,0.9,30.5,23.1,30.4,29.4,28.4,27.7,27.1,24.6,23.0,18.3,14.9,4.6,6.6,,-{박무}-{박무}{강도0}0300-{박무}{강도1}0600-0850. {연무}0845-{연무}{강도0}0900-0915.,,2019,8,32,217,0,0,1,0
108,서울,2019-08-06,31.6,27.9,0539,36.8,1450,,,,,,,8.5,110,1856,2.8,110,1656,1.5,1287,70,19.8,31,1452,51.4,23.2,996.9,1008.8,0703,1004.2,1630,1006.4,13.9,9.9,1400,2.9,22.91,,,,,,6.8,0.9,31.7,24.8,31.3,30.4,29.1,28.3,27.5,24.7,23.0,18.2,14.9,5.2,7.4,7.4,,,2019,8,32,218,0,0,1,0
108,서울,2019-08-07,26.9,23.9,0756,30.3,1801,0.6,657,2.3,640,10.42,8.0,5.2,250,0756,2.8,270,0738,1.2,1008,290,22.6,51,0001,78.1,27.4,995.6,1007.0,2354,1003.8,0213,1005.2,13.9,1.9,1500,1.3,6.91,,,,,,8.0,5.1,27.5,23.0,27.8,28.4,28.3,28.2,27.9,25.1,23.2,18.4,15.0,1.6,2.2,0.6,{비}0140-{비}{강도0}0300-{비}{강도0}0600-{비}{강도0}0900-{비}{강도0}1200-1205. {박무}0555-{박무}{강도0}0600-0840. {연무}2310-2355. {박무}2350-{박무}{강도0}2400-,,2019,8,32,219,0,0,1,1
108,서울,2019-08-08,28.9,25.9,0602,32.7,1504,0.0,,0.0,,0.25,0.0,7.9,270,1412,3.6,290,1431,1.6,1358,290,22.9,52,1347,71.4,27.9,998.3,1009.0,1033,1006.6,1531,1007.9,13.9,7.5,1000,2.5,15.87,,,,,,6.6,5.0,29.7,23.5,28.9,28.5,27.8,27.5,27.3,25.1,23.2,18.3,15.0,3.6,5.2,0.0,-{박무}-{박무}{강도1}0300-{박무}{강도1}0600-{박무}{강도0}0900-0925. {연무}0920-1150. {소나기}1235-1250. {연무}1240-1310.,,2019,8,32,220,0,0,1,0
108,서울,2019-08-09,29.8,26.0,0601,34.6,1704,,,,,,,7.7,320,1724,4.1,320,1453,1.3,1147,290,23.2,46,1551,69.0,28.4,997.7,1008.6,0017,1005.4,1749,1007.2,13.9,10.8,1100,2.48,19.37,,,,,,4.9,3.1,30.3,23.5,29.8,29.2,28.3,27.7,27.3,25.1,23.2,18.3,15.0,4.2,6.0,,{박무}0125-{박무}{강도0}0300-{박무}{강도0}0600-0710.,,2019,8,32,221,0,0,1,0
108,서울,2019-08-10,31.5,26.6,0545,36.5,1450,,,,,,,8.2,160,1649,3.4,140,1653,1.5,1307,90,21.6,40,1623,57.9,25.9,996.0,1007.6,0007,1002.9,1707,1005.5,13.8,11.6,1200,3.05,22.69,,,,,,5.1,0.8,33.1,24.4,31.0,30.1,28.9,28.2,27.5,25.1,23.2,18.2,15.0,5.7,8.1,,{햇무리}0920-1120. {채운}1250-1320.,,2019,8,32,222,0,0,1,0
108,서울,2019-08-11,30.4,26.3,0600,35.7,1546,1.8,2356,5.7,2313,4.08,6.7,10.5,90,1155,4.1,110,1143,2.5,2143,90,19.4,34,1547,53.6,22.6,992.2,1005.7,0001,998.6,1612,1001.7,13.8,9.8,1200,3.15,21.52,,,,,,6.8,3.5,33.2,23.4,30.4,29.9,29.1,28.6,27.8,25.2,23.3,18.2,15.0,5.2,7.4,43.8,{햇무리}0905-0940. {비}1755-{비}{강도0}1800-2015. {비}2215-{비}{강도1}2400- {박무}2230-{박무}{강도0}2400-,,2019,8,32,223,0,0,1,1
108,서울,2019-08-12,26.6,24.8,0127,28.5,1638,4.0,2131,12.3,1,17.92,56.2,6.4,70,0139,2.3,70,0113,1.3,1114,70,25.0,79,0452,91.8,31.8,990.7,1002.1,2129,998.2,0337,1000.3,13.7,0.3,1600,0.9,4.8,,,,,,8.9,6.1,26.8,23.2,27.2,27.8,27.9,28.0,27.7,25.4,23.5,18.4,15.2,1.1,1.6,19.1,-{박무}-0210. -{비}-{비}{강도0}0300-{비}{강도1}0600-{비}{강도1}0900-1140. {박무}0550-{박무}{강도1}0600-{박무}{강도0}0900-1130. {비}1240-{비}{강도0}1500-1715. {박무}1305-{박무}{강도1}1500-1610. {비}2055-{비}{강도0}2100-2235. {박무}2130-2230.,,2019,8,33,224,0,0,1,1
108,서울,2019-08-13,29.2,25.1,0658,35.3,1604,6.4,2210,6.4,,0.25,6.4,9.5,250,2212,4.7,200,2215,1.5,1259,270,24.3,43,1555,76.9,30.4,992.7,1003.4,0644,1000.7,1605,1002.3,13.7,7.3,1400,2.52,16.91,,,,,,7.4,7.0,30.7,24.4,29.5,28.8,27.9,27.6,27.4,25.7,24.0,18.6,15.2,3.9,5.6,6.4,{박무}0455-{박무}{강도0}0600-{박무}{강도0}0900-0910. {소나기}2210-2225.,,2019,8,33,225,0,0,1,1
108,서울,2019-08-14,30.4,25.9,0549,35.7,1345,,,,,,,8.1,70,2209,3.1,160,1448,1.5,1333,70,22.2,42,1337,63.9,26.8,990.2,1003.1,0001,997.2,1812,999.7,13.7,9.2,1300,3.25,20.99,,,,,,4.0,3.3,30.5,23.8,30.3,29.8,28.8,28.3,27.7,25.6,24.0,19.0,15.1,4.7,6.7,0.1,{박무}0125-{박무}{강도0}0300-0405.,,2019,8,33,226,0,0,1,0
108,서울,2019-08-15,25.9,23.9,2334,28.6,0001,2.3,1247,8.1,1237,9.75,16.2,6.7,50,0529,2.7,270,1910,1.3,1109,50,22.3,61,0202,82.0,27.1,983.8,997.3,0001,990.8,1823,993.3,13.7,0.1,1400,0.8,5.51,,,,,,9.1,5.5,27.0,22.4,27.3,27.9,28.0,28.2,28.1,25.9,24.2,19.1,15.3,1.1,1.6,16.2,{비}0810-{비}{강도0}0900-{비}{강도0}1200-{비}{강도0}1500-1755. {박무}1110-{박무}{강도0}1200-1340.,,2019,8,33,227,0,0,1,1
108,서울,2019-08-16,25.9,23.0,0526,29.5,1414,0.1,,0.1,,1.5,0.1,11.5,290,1654,5.0,230,1457,2.2,1893,270,20.8,59,1813,74.5,24.6,985.6,999.7,2400,991.4,0121,995.1,13.6,7.5,1400,2.09,14.1,,,,,,6.3,5.6,27.3,21.6,27.2,27.3,27.1,27.3,27.4,25.9,24.2,19.1,15.3,3.4,4.8,0.0,{비}0655-0740. {비}1010-1055.,,2019,8,33,228,0,0,1,1
108,서울,2019-08-17,25.9,23.4,2357,28.8,1539,0.0,,0.0,,0.25,0.0,7.9,270,1518,4.6,270,1552,2.5,2199,270,19.6,45,1746,69.5,23.0,991.5,1004.2,2348,999.5,0126,1001.1,13.6,8.1,1500,1.74,13.25,,,,,,5.0,4.4,26.9,20.3,26.7,27.0,26.9,27.0,27.2,25.8,24.3,19.2,15.3,3.2,4.6,0.0,{박무}0540-{박무}{강도0}0600-0650. {비}1140-1155.,,2019,8,33,229,0,0,1,0
108,서울,2019-08-18,25.6,22.6,0549,30.7,1558,,,,,,,5.9,290,1050,3.2,270,1032,1.7,1465,270,18.4,37,1402,66.5,21.2,996.9,1008.4,2345,1004.2,0001,1006.5,13.5,10.7,1300,2.54,18.61,,,,,,4.5,3.1,28.1,19.0,26.7,26.8,26.5,26.6,26.8,25.7,24.3,19.2,15.4,4.0,5.7,,,,2019,8,33,230,0,0,1,0
108,서울,2019-08-19,26.3,21.2,0552,31.3,1532,,,,,,,5.1,320,1655,2.7,340,1918,1.1,909,50,17.5,35,1631,60.6,20.0,999.7,1010.4,0907,1008.1,1608,1009.5,13.5,11.1,1300,2.56,18.16,,,,,,4.6,1.8,27.2,17.6,26.9,26.9,26.5,26.6,26.6,25.6,24.2,19.2,15.4,3.8,5.4,,,,2019,8,34,231,0,0,1,0
108,서울,2019-08-20,28.2,23.2,0555,32.8,1450,,,,,,,6.2,50,0950,3.2,160,1716,1.5,1272,70,18.3,39,1443,56.3,21.1,999.9,1011.3,0646,1007.7,1706,1009.5,13.5,10.5,1300,2.8,21.06,,,,,,2.6,1.5,30.2,20.5,28.1,27.7,26.9,26.7,26.5,25.5,24.2,19.2,15.4,4.5,6.4,,,,2019,8,34,232,0,0,1,0
108,서울,2019-08-21,27.0,24.4,0633,30.4,1159,0.3,2056,0.5,1750,4.92,1.3,5.9,270,1437,3.2,340,1801,1.2,1062,50,20.1,49,1059,67.3,23.7,998.5,1009.3,0935,1007.1,1739,1008.2,13.4,3.2,1100,2.2,11.43,,,,,,7.6,5.6,29.2,21.3,27.5,27.6,27.2,27.1,26.9,25.4,24.2,19.2,15.5,2.5,3.6,1.3,{연무}1150-{연무}{강도0}1200-1220. {연무}1630-1710. {비}1640-{비}{강도0}1800-{비}{강도0}2100-2135. {박무}1730-{박무}{강도0}1800-{박무}{강도0}2100-{박무}{강도0}2400-,,2019,8,34,233,0,0,1,1
108,서울,2019-08-22,26.9,23.0,0444,31.4,1355,,,,,,,7.9,290,1706,4.4,270,1806,1.7,1463,270,19.5,36,1353,66.5,22.7,996.5,1008.0,0001,1004.6,1443,1006.2,13.4,10.7,1200,3.07,23.16,,,,,,6.3,3.1,31.5,20.0,28.3,27.9,27.1,26.9,26.7,25.4,24.1,19.2,15.5,5.1,7.2,,-{박무}-{박무}{강도0}0300-{박무}{강도0}0600-0835. {연무}0830-{연무}{강도0}0900-0930. {연무}1050-1105. {박무}2030-{박무}{강도0}2100-2120.,,2019,8,34,234,0,0,1,0
108,서울,2019-08-23,26.2,22.7,0628,30.5,1433,,,,,,,8.1,290,1754,4.4,270,1638,2.1,1847,270,16.8,28,1321,58.4,19.3,998.4,1009.4,2303,1006.8,0005,1008.1,13.4,12.0,1200,3.22,23.84,,,,,,4.4,2.1,31.7,18.4,28.6,28.3,27.5,27.3,26.9,25.4,24.1,19.3,15.6,5.5,7.9,,{박무}0350-0410.,,2019,8,34,235,0,0,1,0
108,서울,2019-08-24,24.1,21.5,0433,27.3,1504,,,,,,,6.5,290,1647,3.5,270,1646,1.5,1255,270,15.9,46,1843,60.9,18.2,1000.6,1011.6,2143,1009.2,0026,1010.4,13.3,3.0,1400,1.41,8.25,,,,,,5.5,0.9,26.7,16.6,25.6,26.4,26.6,26.9,26.9,25.5,24.2,19.4,15.7,2.2,3.2,,,,2019,8,34,236,0,0,1,0
108,서울,2019-08-25,25.0,20.2,0543,29.9,1445,,,,,,,7.4,270,1604,4.0,290,1530,1.5,1295,50,17.9,43,1335,66.6,20.5,1002.8,1013.6,0955,1011.2,0048,1012.6,13.3,9.9,1400,2.71,17.85,,,,,,3.4,3.4,30.9,16.2,26.2,26.2,25.9,26.1,26.1,25.4,24.2,19.4,15.7,3.9,5.6,,,,2019,8,34,237,0,0,1,0
108,서울,2019-08-26,26.4,21.5,0619,32.1,1537,,,,,,,6.0,180,1146,4.0,200,1406,1.2,1047,50,18.4,34,1557,63.8,21.2,1002.0,1013.7,0704,1009.4,1718,1011.7,13.2,9.2,1300,2.9,18.4,,,,,,6.4,3.6,31.5,17.9,27.6,27.1,26.3,26.3,26.1,25.3,24.2,19.5,15.8,3.6,5.1,20.0,,,2019,8,35,238,0,0,1,0
108,서울,2019-08-27,25.7,22.2,0622,29.3,1643,5.8,439,16.7,416,6.17,20.0,5.1,20,1128,2.5,270,2354,1.0,888,290,19.5,44,1646,71.1,22.9,997.7,1010.7,0001,1004.9,1727,1007.4,13.2,5.6,1200,1.85,13.22,,,,,,8.1,3.8,26.4,20.7,26.8,26.9,26.5,26.4,26.3,25.3,24.2,19.5,15.8,2.8,4.0,,{비}0130-{비}{강도0}0300-{비}{강도1}0600-0740. {박무}0215-{박무}{강도0}0300-{박무}{강도0}0600-0855.,,2019,8,35,239,0,0,1,1
108,서울,2019-08-28,26.1,23.6,0621,30.2,1509,,,,,,,7.3,160,2024,4.3,180,1836,1.9,1622,270,18.9,37,1514,66.2,21.9,996.6,1007.4,0957,1004.5,1649,1006.2,13.2,,,,,,,,,,5.9,4.1,27.7,21.3,27.0,26.8,26.4,26.4,26.2,25.2,24.1,19.5,15.8,2.0,2.9,,,,2019,8,35,240,0,0,1,0
108,서울,2019-08-29,23.4,20.1,1113,26.4,1635,7.6,1037,29.4,1027,3.33,36.9,12.1,200,1039,7.5,200,1040,2.2,1902,160,19.0,54,1722,77.1,22.0,995.9,1007.2,1059,1004.2,1831,1005.7,13.1,4.9,1500,1.94,,,,,,,5.6,3.8,25.9,17.9,25.0,25.3,25.5,26.0,26.3,25.2,24.1,19.6,15.9,2.2,3.2,36.9,{박무}0120-{박무}{강도0}0300-{박무}{강도0}0600-{박무}{강도0}0900-0955. {소나기}1010-{소나기}{강도1}1200-1240. {박무}1015-{박무}{강도1}1200-1230. {비}1315-1340. {박무}1320-1420. {소나기}1840-1905.,,2019,8,35,241,0,0,1,1
108,서울,2019-08-30,22.6,19.5,0528,27.0,1427,0.2,,0.2,,2.0,0.2,8.6,200,1620,5.0,200,1624,2.4,2060,200,15.6,42,1258,66.3,17.8,998.8,1011.1,2328,1006.7,0002,1008.6,13.1,8.8,1100,2.62,17.84,,,,,,5.3,5.3,24.1,15.8,24.5,24.7,24.7,25.1,25.5,25.1,24.1,19.6,15.9,4.0,5.7,0.2,{비}0535-0545. {소나기}1620-1750. {소나기}1915-1935.,,2019,8,35,242,0,0,1,1
108,서울,2019-08-31,23.5,18.5,0614,28.9,1617,,,,,,,7.5,270,1335,4.7,250,1340,1.9,1673,230,16.1,38,1625,65.0,18.3,1003.4,1015.6,2313,1011.0,0002,1013.2,13.1,12.1,1300,2.72,21.07,,,,,,2.3,1.8,25.0,15.0,24.9,25.0,24.7,25.0,25.2,25.0,24.1,19.6,16.0,4.3,6.1,,,,2019,8,35,243,0,0,1,0
108,서울,2019-09-01,23.7,19.2,0602,27.8,1538,,,,,,,5.6,110,1200,2.9,90,1037,1.4,1193,340,15.9,37,1359,64.0,18.1,1006.8,1017.8,0857,1015.4,1836,1016.7,13.0,6.9,1000,2.34,15.17,,,,,,6.1,2.4,23.8,15.9,24.5,24.9,24.8,25.1,25.3,24.9,24.0,19.7,16.0,3.1,4.4,,,,2019,9,35,244,0,0,1,0
108,서울,2019-09-02,24.4,19.4,0642,29.7,1432,,,,,,,6.4,270,1725,3.5,290,1707,1.6,1346,320,14.7,34,1358,56.6,16.7,1006.5,1017.8,0624,1014.2,1628,1016.3,13.0,7.4,1000,2.57,16.85,,,,,,6.1,2.1,24.8,15.9,25.1,25.2,24.8,25.0,25.2,24.8,24.0,19.8,16.0,3.7,5.3,0.0,,,2019,9,36,245,0,0,1,0
108,서울,2019-09-03,24.1,22.0,0632,28.0,1504,0.0,,0.0,,2.33,0.0,7.4,340,2219,3.8,360,2136,2.3,1986,360,17.5,50,1259,67.6,20.0,1005.3,1016.4,0943,1013.4,1458,1015.1,12.9,2.9,1200,1.96,11.6,,,,,,8.5,5.6,26.3,19.0,25.3,25.3,25.0,25.1,25.3,24.7,24.0,19.9,16.2,2.9,4.1,1.8,{비}0520-{비}{강도0}0600-0610. {비}0735-0750. {채운}0850-0940. {햇무리}1050-1440. {비}1840-1955.,,2019,9,36,246,0,0,1,0
108,서울,2019-09-04,22.8,21.2,0821,25.5,1609,2.3,1830,6.8,1801,11.58,22.7,7.8,340,1115,4.5,20,1137,2.5,2174,360,20.7,73,0547,89.0,24.6,1003.1,1014.9,0001,1011.4,1443,1012.9,12.9,1.1,1500,1.57,5.68,,,,,,9.3,5.1,23.5,20.1,23.9,24.6,24.6,24.9,25.4,24.8,24.0,20.0,16.3,1.1,1.6,21.9,{비}0250-{비}{강도0}0300-0305. {비}0610-{비}{강도0}0900-{비}{강도1}1200-{비}{강도0}1500-1525. {박무}0755-0815. {박무}1035-{박무}{강도0}1200-1230. {박무}1430-{박무}{강도0}1500-1505. {비}1740-{비}{강도0}1800-{소나기}1820-1945. {박무}1815-1950.,,2019,9,36,247,0,0,1,1
108,서울,2019-09-05,23.0,21.5,1700,27.6,1221,6.0,1431,18.4,1345,9.17,36.4,8.4,360,1731,5.0,360,1732,2.0,1752,360,21.3,66,1209,91.4,25.4,1001.9,1013.0,0714,1010.1,1728,1011.7,12.9,1.5,0900,1.53,6.07,,,,,,9.0,5.8,23.7,20.4,24.0,24.6,24.5,24.8,25.1,24.6,23.9,19.9,16.2,1.4,1.9,35.4,{비}0455-{비}{강도0}0600-0830. {비}1255-{소나기}1325-{비}1440-{비}{강도2}1500-{소나기}1505-{비}1525-{비}{강도0}1800-1830. {박무}1305-{박무}{강도1}1500-1530. {박무}1625-1710. {무지개}1840-1900.,,2019,9,36,248,0,0,1,1
108,서울,2019-09-06,25.3,21.6,0001,29.1,1358,1.8,2059,2.1,2051,7.08,2.4,6.5,340,1129,3.4,360,2359,2.1,1843,360,21.4,63,1348,79.8,25.6,999.2,1011.6,0001,1006.3,2354,1008.9,12.8,0.4,1300,1.59,9.29,,,,,,10.0,6.1,25.5,20.6,25.4,25.0,24.4,24.6,24.9,24.7,24.2,20.4,16.3,2.6,3.7,2.9,{비}0205-{비}{강도0}0300-0420. {비}1910-{비}{강도0}2100-{비}{강도0}2400-,,2019,9,36,249,0,0,1,1
108,서울,2019-09-07,25.7,22.6,2011,29.5,1152,0.3,1231,0.6,1458,17.92,2.8,28.3,140,1503,11.8,110,1511,6.0,5161,360,20.2,58,1035,72.9,23.7,987.7,1006.3,0001,987.7,1314,997.3,12.8,0.0,1100,0.78,2.95,,,,,,10.0,7.1,24.1,21.5,24.6,24.9,24.7,24.8,25.2,24.5,24.1,20.7,16.4,2.3,3.3,2.3,-{비}-{비}{강도0}0300-0430. {비}0540-{비}{강도0}0600-0650. {비}1050-{비}{강도0}1200-{비}{강도0}1500-{비}{강도0}1800-2055. {박무}1530-1605. {박무}1740-{박무}{강도0}1800-1850. {비}2110-2145. {비}2225-{비}{강도0}2400-,,2019,9,36,250,0,0,1,1
108,서울,2019-09-08,24.7,22.9,0632,27.3,1403,0.0,,0.0,,0.58,0.0,8.8,160,0007,4.8,140,0012,1.9,1680,160,20.2,62,1025,76.9,23.6,998.3,1010.1,2258,1005.5,0001,1008.0,12.7,1.4,1000,1.83,9.31,,,,,,9.3,4.0,25.1,21.1,25.0,24.8,24.4,24.6,25.0,24.5,24.1,20.5,16.4,1.9,2.8,0.0,-{비}-0035. {박무}0525-{박무}{강도0}0600-{박무}{강도0}0900-0955. {연무}1520-{연무}{강도0}1800-1920. {박무}1915-{박무}{강도0}2100-{박무}{강도0}2400-,,2019,9,36,251,0,0,1,0
108,서울,2019-09-09,25.1,22.4,0605,28.0,1225,0.0,,0.0,,2.17,0.0,6.4,110,1301,3.6,90,1304,1.7,1510,340,20.0,55,1534,74.3,23.4,1000.6,1011.5,0857,1008.9,1438,1010.4,12.7,2.0,1100,2.1,10.04,,,,,,9.3,4.5,25.2,20.6,25.4,25.3,24.8,24.8,25.1,24.5,23.9,20.5,16.5,2.3,3.3,32.3,-{박무}-{박무}{강도0}0300-{박무}{강도0}0600-{박무}{강도0}0900-1120. {비}0625-0710. {연무}1115-{연무}{강도0}1200-1210. {비}1445-{비}{강도0}1500-1505. {비}1940-2045.,,2019,9,37,252,0,0,1,0
108,서울,2019-09-10,23.8,22.1,0644,26.5,1235,6.0,2140,11.0,443,19.0,63.2,8.8,70,2305,4.0,70,2240,2.4,2056,360,22.5,73,0001,93.4,27.3,1001.7,1013.2,0939,1010.2,1708,1011.5,12.7,1.0,1000,1.68,5.74,,,,,,9.8,7.1,24.4,21.5,24.8,25.0,24.8,24.9,25.3,24.4,23.9,20.4,16.5,1.3,1.9,38.5,{비}0025-{비}{강도0}0300-{소나기}0355-{비}0440-{비}{강도1}0600-0840. {박무}0230-{박무}{강도0}0300-{박무}{강도1}0600-0650. {비}0925-0955. {비}1250-{비}{강도1}1500-{비}{강도1}1800-1955. {박무}1415-{박무}{강도0}1500-1530. {박무}1610-{박무}{강도0}1800-{박무}{강도0}2100-{박무}{강도0}2400- {소나기}2050-{소나기}{강도0}2100-{비}2155-{비}{강도0}2400-,,2019,9,37,253,0,0,1,1
108,서울,2019-09-11,24.3,20.4,0621,28.7,1323,0.9,203,2.6,14,6.67,7.6,9.4,20,2200,4.7,360,1928,3.1,2656,360,18.4,54,1304,71.4,21.3,1004.6,1016.3,2226,1011.1,0149,1014.4,12.6,6.9,1000,2.7,16.56,,,,,,7.9,6.4,24.9,19.7,25.5,25.4,24.9,24.9,25.1,24.5,24.1,21.4,16.5,4.1,5.9,,-{비}-{비}{강도0}0300-{안개비}0345-{안개비}{강도0}0600-0640. -{박무}-{박무}{강도1}0300-0330.,,2019,9,37,254,0,0,1,1
108,서울,2019-09-12,21.0,18.7,2122,22.9,0002,0.4,1802,1.4,1740,10.5,3.9,8.8,20,0625,4.8,360,0056,2.6,2253,360,15.5,56,1049,72.3,17.7,1006.6,1017.9,1014,1015.5,1537,1016.6,12.6,0.0,1000,0.81,4.09,,,,,,9.8,5.9,21.9,17.3,22.9,23.8,24.3,24.8,25.3,24.6,24.2,21.6,16.7,1.8,2.6,4.0,{비}1150-{비}{강도0}1200-1330. {비}1510-{비}{강도0}1800-{비}{강도0}2100-{비}{강도0}2400- {박무}1750-{박무}{강도0}1800-1820.,,2019,9,37,255,0,0,0,1
108,서울,2019-09-13,23.3,18.3,0453,29.3,1555,0.1,,0.1,,0.83,0.1,7.5,20,0753,3.5,360,0749,1.7,1503,360,14.6,34,1538,60.4,16.7,1003.6,1015.9,0001,1011.4,1507,1013.5,12.5,10.9,1100,2.9,21.35,,,,,,4.3,3.3,24.4,17.2,24.4,24.1,23.7,24.0,24.5,24.4,24.0,21.2,16.7,3.9,5.6,,-{비}-0050.,,2019,9,37,256,0,0,1,1
108,서울,2019-09-14,22.4,20.8,2353,24.1,1138,0.3,1448,0.3,1358,3.0,0.3,5.0,140,1246,2.9,140,1254,1.2,1071,320,18.5,61,1108,80.0,21.5,1001.6,1012.4,2152,1009.8,1545,1011.4,12.5,0.2,1000,0.73,3.34,,,,,,8.8,6.0,22.9,17.4,23.5,24.1,24.1,24.4,24.9,24.5,24.1,21.2,16.9,1.1,1.6,0.3,{안개비}1315-{안개비}{강도0}1500-1535. {박무}1350-{박무}{강도0}1500-{박무}{강도0}1800-{박무}{강도0}2100-{박무}{강도1}2400- {비}1805-1820. {비}2005-2030.,,2019,9,37,257,0,0,0,1
108,서울,2019-09-15,24.2,19.5,0638,30.0,1636,,,,,,,6.7,290,1818,4.1,270,1818,1.7,1503,340,18.1,40,1540,70.4,20.8,1000.8,1012.6,0932,1008.2,1656,1010.6,12.5,10.6,1100,2.58,18.19,,,,,,5.5,4.9,25.2,15.9,25.1,24.7,24.1,24.2,24.4,24.2,23.8,20.9,16.8,3.6,5.1,,-{박무}-{박무}{강도0}0300-{박무}{강도0}0600-0650.,,2019,9,37,258,0,0,1,0
108,서울,2019-09-16,24.5,20.7,0630,30.5,1608,,,,,,,8.3,320,1100,4.5,340,1107,2.1,1813,360,13.4,28,1410,53.0,15.6,1001.0,1012.8,2343,1009.3,1520,1010.8,12.4,9.4,1200,2.92,19.91,,,,,,3.6,2.8,27.4,14.6,25.5,25.5,24.8,24.7,24.7,24.2,23.8,20.8,16.8,5.6,8.0,,,,2019,9,38,259,0,0,1,0
108,서울,2019-09-17,23.5,18.0,0611,29.0,1549,,,,,,,7.6,360,0936,4.4,270,1803,2.1,1834,360,9.3,24,1411,41.6,11.7,1004.7,1016.2,0911,1012.7,0001,1014.5,12.4,10.6,1200,3.02,20.01,,,,,,6.4,2.5,25.4,13.9,24.1,24.4,24.3,24.5,24.6,24.1,23.7,20.6,16.8,4.8,6.8,,,,2019,9,38,260,0,0,1,0
108,서울,2019-09-18,21.0,16.0,2358,25.4,1328,,,,,,,8.6,200,1515,4.9,250,1422,3.1,2655,230,8.3,27,1623,46.0,11.3,1006.7,1018.7,2358,1014.4,0058,1016.6,12.4,11.7,1200,3.0,21.9,,,,,,1.1,0.9,25.4,9.4,23.7,24.3,24.2,24.3,24.4,24.0,23.6,20.6,16.8,5.6,8.1,,,,2019,9,38,261,0,0,1,0
108,서울,2019-09-19,19.5,13.6,0445,26.0,1554,,,,,,,7.5,230,1503,4.3,250,1512,1.9,1638,270,7.5,32,1609,46.5,10.5,1008.2,1020.4,0837,1016.3,1700,1018.2,12.3,10.2,1200,2.74,19.83,,,,,,3.5,0.6,23.3,8.0,22.0,22.9,23.2,23.7,23.8,24.0,23.6,20.6,16.9,4.1,5.9,,,,2019,9,38,262,0,0,1,0
108,서울,2019-09-20,19.6,15.8,0439,24.2,1341,,,,,,,6.5,320,1319,3.5,340,1246,2.1,1778,360,9.6,39,1336,52.8,12.0,1007.5,1019.4,2145,1016.3,1454,1017.5,12.3,1.3,1200,1.72,8.64,,,,,,9.4,8.4,21.5,9.6,21.1,22.1,22.5,23.2,23.5,23.9,23.6,20.6,17.0,2.7,3.9,,,,2019,9,38,263,0,0,0,0
108,서울,2019-09-21,19.6,18.3,0530,22.1,1242,,,,,,,6.4,340,1357,3.7,90,1632,2.0,1722,360,11.6,48,1210,60.3,13.7,1009.1,1020.1,0910,1017.6,1435,1019.1,12.2,0.0,1200,1.06,4.44,,,,,,9.6,9.1,20.8,15.9,20.8,21.6,22.1,22.7,23.2,23.7,23.5,20.7,17.1,1.9,2.7,0.2,,,2019,9,38,264,0,0,0,0
108,서울,2019-09-22,18.6,17.3,0558,19.6,1117,0.1,,0.2,,6.33,0.4,12.7,320,1827,6.4,340,1925,3.8,3246,360,11.4,54,2321,63.4,13.5,1003.2,1019.5,0001,1009.9,2325,1013.1,12.2,0.0,0900,0.43,3.2,,,,,,9.4,5.5,18.5,14.4,19.6,20.7,21.4,22.2,22.9,23.6,23.5,20.7,17.1,2.6,3.6,0.2,{비}0505-{비}{강도0}0600-0640. {비}1325-{비}{강도0}1500-{비}{강도0}1800-1810.,,2019,9,38,265,0,0,0,1
108,서울,2019-09-23,20.0,16.9,0636,24.6,1655,,,,,,,8.6,320,0052,5.0,320,0136,2.2,1882,290,9.2,33,1308,51.1,11.7,1004.4,1017.4,2256,1009.8,0007,1014.3,12.2,9.0,1100,2.94,16.92,,,,,,3.1,2.9,20.2,10.2,20.9,21.3,21.2,21.6,22.2,23.2,23.3,20.5,17.0,3.4,4.9,,,,2019,9,39,266,0,0,0,0
108,서울,2019-09-24,19.8,13.9,0625,26.5,1443,,,,,,,6.3,230,1328,3.5,230,1625,1.8,1586,230,11.4,31,1412,61.3,13.5,1008.6,1020.3,2335,1017.1,0030,1018.6,12.1,11.4,1200,2.84,20.17,,,,,,0.0,0.0,23.0,8.8,21.1,21.4,21.4,21.7,22.0,23.0,23.1,20.5,17.0,4.2,6.0,,,,2019,9,39,267,0,0,1,0
108,서울,2019-09-25,20.9,14.8,0617,27.4,1433,,,,,,,4.7,320,1206,3.0,200,1817,1.4,1221,340,13.4,34,1425,64.4,15.5,1011.7,1023.4,2239,1020.2,0001,1021.7,12.1,8.8,1100,2.51,16.44,,,,,,5.9,0.0,23.4,9.5,21.7,21.9,21.7,21.9,22.1,22.8,23.0,20.6,17.1,3.1,4.4,,,,2019,9,39,268,0,0,1,0
108,서울,2019-09-26,22.9,17.7,0618,29.0,1407,,,,,,,6.0,20,1446,3.3,340,1110,1.9,1599,340,13.7,31,1408,59.3,15.8,1013.6,1024.9,0833,1022.3,1552,1023.5,12.0,8.1,1200,2.44,15.5,,,,,,8.4,1.8,25.1,13.0,23.0,22.8,22.2,22.3,22.3,22.7,23.0,20.6,17.2,3.5,5.0,,,,2019,9,39,269,0,0,1,0
108,서울,2019-09-27,22.9,19.6,0609,27.0,1421,,,,,,,5.1,360,1052,3.1,290,1716,1.9,1601,360,13.6,35,1324,57.5,15.6,1012.1,1024.1,0900,1019.7,1622,1022.0,12.0,3.5,1000,1.7,10.42,,,,,,8.6,4.6,24.4,14.4,22.9,23.0,22.6,22.6,22.6,22.7,22.8,20.6,17.2,2.8,4.0,,,,2019,9,39,270,0,0,1,0
108,서울,2019-09-28,23.7,19.4,0656,29.2,1410,,,,,,,5.6,270,1455,3.3,250,1503,1.7,1466,230,14.7,35,1345,58.9,16.8,1008.1,1020.1,0002,1015.9,1557,1018.0,12.0,10.1,1200,2.64,15.97,,,,,,3.8,1.8,25.8,14.4,23.7,23.4,22.7,22.7,22.6,22.6,22.6,20.4,17.1,3.3,4.8,,,,2019,9,39,271,0,0,1,0
108,서울,2019-09-29,22.6,17.9,0623,28.6,1502,,,,,,,7.6,200,1233,4.0,270,1317,1.7,1476,230,13.7,28,1621,60.6,15.8,1006.7,1017.9,0900,1014.6,1616,1016.6,11.9,11.1,1200,2.73,18.83,,,,,,0.3,0.0,24.7,11.3,23.2,23.3,22.8,22.8,22.8,22.6,22.6,20.4,17.2,4.3,6.2,,{박무}0630-0815. {연무}0810-{연무}{강도0}0900-1005. {연무}1950-{연무}{강도0}2100-{연무}{강도0}2400-,,2019,9,39,272,0,0,1,0
108,서울,2019-09-30,22.4,16.4,0631,29.9,1445,,,,,,,5.5,110,1248,3.4,200,1823,1.6,1351,230,13.6,29,1336,61.0,15.7,1006.8,1017.8,2332,1015.2,1533,1016.7,11.9,10.5,1200,2.69,18.37,,,,,,0.0,0.0,24.3,10.3,23.0,23.1,22.7,22.8,22.7,22.6,22.6,20.4,17.2,4.0,5.7,,{박무}0025-{박무}{강도0}0300-{박무}{강도0}0600-0810. -{연무}-0030. {연무}0805-{연무}{강도0}0900-0910. {연무}1615-{연무}{강도0}1800-{연무}{강도1}2100-{연무}{강도0}2400-,,2019,9,40,273,0,0,1,0
108,서울,2019-10-01,23.1,17.6,0622,28.2,1536,,,,,,,6.9,140,1950,4.4,140,1953,1.8,1587,320,16.4,46,1123,67.1,18.7,1007.9,1019.4,0959,1016.8,2350,1017.8,11.8,7.5,1100,1.93,13.05,,,,,,6.8,3.4,24.5,12.3,23.2,23.1,22.8,22.9,22.8,22.7,22.6,20.5,17.3,2.8,3.9,4.6,-{연무}-{연무}{강도0}0300-0515. {박무}0510-{박무}{강도0}0600-0815. {연무}0810-{연무}{강도0}0900-1040. {햇무리}1210-1440. {연무}1310-1410. {연무}1850-{연무}{강도0}2100-2310. {박무}2305-{박무}{강도0}2400-,,2019,10,40,274,0,0,1,0
108,서울,2019-10-02,21.6,20.0,2330,24.2,1112,1.9,359,4.6,330,14.17,23.1,9.0,20,2120,5.5,360,2124,3.0,2607,360,19.4,66,1107,88.0,22.5,1001.7,1017.1,0107,1004.1,2358,1011.5,11.8,0.0,1000,0.58,3.4,,,,,,9.9,5.8,22.2,18.4,22.5,23.1,23.1,23.2,23.3,22.9,22.7,20.7,17.5,1.0,1.5,23.1,-{박무}-{박무}{강도0}0300-{박무}{강도1}0600-{박무}{강도0}0900-0950. {비}0330-0450. {비}1110-{비}{강도0}1200-{비}{강도0}1500-{비}{강도0}1800-{비}{강도0}2400- {박무}1430-{박무}{강도0}1500-1750. {박무}1855-1930. {박무}2050-{박무}{강도0}2100-2310.,,2019,10,40,275,0,0,0,1
108,서울,2019-10-03,22.4,19.8,0452,27.3,1435,0.5,23,2.0,11,8.33,4.6,9.6,340,0029,4.9,290,1453,2.8,2423,340,17.0,45,1624,73.4,19.4,996.4,1010.9,2350,1002.0,0339,1006.2,11.8,6.0,1300,1.95,10.14,,,,,,6.3,4.4,22.6,15.9,22.7,22.7,22.4,22.6,22.9,22.8,22.7,20.6,17.5,2.6,3.7,,-{비}-{비}{강도0}0300-{비}{강도0}0600-0820.,,2019,10,40,276,0,0,1,1
108,서울,2019-10-04,22.4,18.0,0636,27.8,1442,,,,,,,7.1,180,1616,3.9,180,1653,2.1,1833,360,16.8,50,1537,71.5,19.1,1002.4,1013.5,1018,1010.8,0018,1012.3,11.7,9.9,1200,2.33,16.23,,,,,,3.6,2.8,22.9,14.7,22.9,22.8,22.5,22.6,22.8,22.7,22.5,20.5,17.4,3.1,4.5,0.6,{연무}1355-{연무}{강도0}1500-1515. {연무}1920-2055. {박무}2050-{박무}{강도1}2100-{박무}{강도1}2400-,,2019,10,40,277,0,0,1,0
108,서울,2019-10-05,18.7,14.7,2358,21.9,1439,0.5,713,0.5,702,3.13,0.6,9.4,20,1948,4.6,360,1916,2.9,2483,360,13.5,59,1439,72.6,15.8,1006.1,1021.3,2342,1012.7,0559,1016.1,11.7,2.3,1200,1.66,8.24,,,,,,7.0,5.8,20.8,12.2,21.7,22.4,22.5,22.8,23.2,22.8,22.7,20.7,17.6,2.5,3.6,0.0,-{박무}-{박무}{강도0}0300-{박무}{강도0}0600-{박무}{강도1}0900-{박무}{강도0}1200-1220. {비}0702-{비}{강도0}0900-0920. {연무}1215-1340. {비}1550-1640.,,2019,10,40,278,0,0,0,1
108,서울,2019-10-06,18.1,13.2,0604,22.7,1444,,,,,,,8.5,360,0826,4.8,360,0842,2.9,2465,360,8.2,38,1321,53.4,11.0,1012.3,1024.5,0923,1021.1,0002,1022.4,11.6,9.4,1000,2.36,16.17,,,,,,6.1,2.9,19.1,10.6,19.6,20.4,21.0,21.7,22.5,22.7,22.5,20.5,17.5,3.1,4.4,10.4,,,2019,10,40,279,0,0,0,0
108,서울,2019-10-07,14.8,13.3,2309,17.9,0001,1.2,853,5.6,853,17.17,25.4,5.9,360,0500,3.6,20,0901,1.8,1598,360,13.4,58,0024,92.0,15.4,1007.9,1021.2,0001,1015.7,1738,1018.1,11.6,0.0,1200,0.28,1.49,,,,,,9.5,7.0,16.7,10.3,17.9,19.2,20.2,21.2,22.6,23.0,23.0,20.9,18.0,0.6,0.8,15.0,{비}0045-{비}{강도0}0300-{비}{강도0}0600-{비}{강도1}0900-{비}{강도0}1200-{비}{강도0}1500-1755. {박무}0610-{박무}{강도0}0900-{박무}{강도0}1200-1240. {박무}1310-{박무}{강도0}1500-1650. {달코로나}2050-2120.,,2019,10,41,280,0,0,0,1
108,서울,2019-10-08,14.7,10.6,2331,19.8,1442,,,,,,,9.1,250,1426,6.2,250,1156,2.6,2205,250,5.5,26,1345,58.8,9.5,1008.2,1022.2,2226,1016.0,0329,1018.4,11.6,10.3,1200,2.69,16.78,,,,,,2.6,2.0,16.7,4.7,17.5,18.4,19.0,21.6,21.0,22.3,22.4,20.4,17.5,3.9,5.6,,{박무}0005-{박무}{강도0}0300-0405. {박무}0545-{박무}{강도0}0600-0850.,,2019,10,41,281,0,0,0,0
108,서울,2019-10-09,13.6,7.7,0704,20.4,1441,,,,,,,6.5,200,1200,3.8,200,1256,1.7,1431,230,2.2,23,1324,48.3,7.2,1009.5,1022.2,0005,1016.9,1646,1019.7,11.5,10.6,1200,2.63,17.42,,,,,,1.9,0.0,14.1,2.5,15.8,17.0,18.1,21.4,20.3,21.9,22.3,20.3,17.5,3.4,4.9,,,,2019,10,41,282,0,0,0,0
108,서울,2019-10-10,15.2,10.7,0215,19.8,1508,,,,,,,5.3,250,2340,2.8,270,2329,1.3,1122,320,7.4,39,1321,60.9,10.4,1006.3,1018.5,0001,1014.5,1423,1016.5,11.5,1.1,1300,1.78,8.06,,,,,,9.0,6.0,16.0,5.3,16.4,17.1,17.8,20.8,19.0,21.7,22.3,20.4,17.6,1.7,2.4,,,,2019,10,41,283,0,0,0,0
108,서울,2019-10-11,18.8,13.0,0659,26.1,1548,,,,,,,8.7,50,2015,4.9,360,2136,1.9,1664,360,10.2,30,1542,60.0,12.5,1005.2,1017.0,2334,1013.1,1425,1015.2,11.4,10.3,1200,2.45,16.44,,,,,,0.9,0.0,18.4,8.6,18.4,18.4,18.4,20.2,,,,,,3.8,5.5,,{박무}0655-0850. {연무}0910-1110.,,2019,10,41,284,0,0,1,0
108,서울,2019-10-12,17.9,13.3,2346,23.3,1319,,,,,,,14.5,340,1132,6.7,360,1140,3.5,3006,360,6.7,34,1319,49.3,9.8,1008.0,1020.8,2240,1016.1,0318,1018.1,11.4,10.5,1200,2.54,17.37,,,,,,0.6,0.6,18.2,7.9,18.2,18.7,18.9,21.0,20.0,21.2,21.9,20.2,17.8,4.7,6.7,,,,2019,10,41,285,0,0,0,0
108,서울,2019-10-13,17.2,12.1,0413,23.8,1517,,,,,,,7.4,360,0813,4.1,360,0950,1.9,1605,360,7.0,32,1450,52.6,10.0,1012.2,1023.6,0854,1020.6,0042,1022.4,11.4,10.6,1100,2.47,16.52,,,,,,2.1,1.3,17.8,7.2,17.8,18.2,18.5,20.7,19.9,21.1,21.8,20.2,17.7,3.2,4.6,,{달코로나}2050-2120.,,2019,10,41,286,0,0,0,0
108,서울,2019-10-14,14.4,9.5,2358,19.6,1410,,,,,,,9.0,270,0827,5.1,270,0835,2.5,2117,250,5.3,33,1606,56.9,9.2,1014.8,1028.0,2257,1023.0,0308,1025.1,11.3,10.1,1200,2.35,14.54,,,,,,1.9,0.8,17.1,4.0,17.1,17.9,18.3,20.1,19.8,21.0,21.6,20.2,17.8,3.3,4.8,,{연무}0950-1010.,,2019,10,42,287,0,0,0,0
108,서울,2019-10-15,14.5,8.8,0155,20.4,1355,,,,,,,9.0,340,0856,4.3,360,0900,1.6,1413,360,5.4,38,1401,55.6,9.1,1017.6,1029.6,0834,1026.3,1713,1027.9,11.3,7.7,1100,2.48,14.07,,,,,,3.0,3.0,14.5,3.6,16.0,17.0,17.6,19.0,19.3,20.8,21.5,20.2,17.7,2.5,3.6,,,,2019,10,42,288,0,0,0,0
108,서울,2019-10-16,14.6,9.0,0656,20.8,1450,,,,,,,6.4,200,1520,3.6,200,1525,1.6,1387,230,5.7,32,1427,58.3,9.2,1016.0,1028.4,0151,1024.2,1552,1026.3,11.2,9.8,1200,2.52,15.6,,,,,,5.3,2.3,16.3,4.0,16.1,16.9,17.4,19.6,18.9,20.6,21.4,20.2,17.7,3.0,4.3,,,,2019,10,42,289,0,0,0,0
108,서울,2019-10-17,15.4,11.2,0600,21.6,1532,,,,,,,6.9,70,1652,3.5,70,1548,1.7,1494,360,6.1,31,1533,56.0,9.4,1014.1,1025.5,0007,1022.7,1742,1024.3,11.2,7.4,1000,1.86,12.02,,,,,,4.8,4.0,17.2,6.4,16.6,17.2,17.5,20.1,18.8,20.4,21.3,20.2,17.8,2.8,3.9,,,,2019,10,42,290,0,0,0,0
108,서울,2019-10-18,17.0,12.0,0419,22.7,1336,,,,,,,8.3,20,1306,4.3,20,1312,2.4,2075,360,8.5,43,1302,58.3,11.2,1011.9,1025.2,0148,1019.7,1621,1022.0,11.2,8.0,1200,2.01,12.08,,,,,,7.1,4.4,17.4,7.2,16.9,17.3,17.4,20.0,18.7,20.2,21.1,20.1,17.7,2.9,4.1,,,,2019,10,42,291,0,0,0,0
108,서울,2019-10-19,17.0,12.1,0710,23.1,1546,,,,,,,6.3,250,1418,3.7,230,1253,1.8,1513,230,9.5,38,1524,63.8,12.0,1010.4,1021.6,0854,1019.2,1512,1020.5,11.1,10.2,1100,2.3,15.17,,,,,,0.8,0.8,17.5,6.4,17.5,17.8,17.8,19.0,18.7,20.0,20.9,20.0,17.7,2.8,4.0,,{박무}2305-{박무}{강도0}2400-,,2019,10,42,292,0,0,0,0
108,서울,2019-10-20,16.5,12.0,0642,22.9,1438,,,,,,,5.6,230,1756,3.0,140,1314,1.3,1149,320,10.5,38,1538,70.3,12.7,1011.4,1023.8,0858,1019.8,1628,1021.6,11.1,9.3,1200,2.29,14.67,,,,,,0.6,0.6,18.1,6.3,17.5,17.9,17.9,18.2,18.7,19.9,20.8,20.0,17.7,2.6,3.7,,-{박무}-{박무}{강도0}0300-{박무}{강도0}0600-{박무}{강도0}0900-0950. {연무}0945-{연무}{강도0}1200-1310. {연무}1810-1940.,,2019,10,42,293,0,0,0,0
108,서울,2019-10-21,17.1,10.9,0637,24.6,1443,,,,,,,4.2,340,1353,2.4,320,1650,1.0,901,320,8.6,28,1443,61.0,11.3,1008.5,1020.9,0001,1016.3,1643,1018.6,11.1,9.6,1100,2.2,14.4,,,,,,2.1,0.0,15.9,5.1,16.7,17.3,17.6,18.8,18.7,19.8,20.7,20.0,17.7,2.9,4.1,,{박무}0310-{박무}{강도0}0600-0835. {연무}0830-{연무}{강도0}0900-1145. {연무}1230-1310. {연무}1620-1735. {연무}2250-{연무}{강도0}2400-,,2019,10,43,294,0,0,0,0
108,서울,2019-10-22,18.1,13.3,0700,24.4,1431,,,,,,,6.3,50,1141,3.3,70,1142,1.6,1403,70,8.8,35,1346,56.1,11.3,1007.5,1019.1,0849,1015.9,1419,1017.6,11.0,9.1,1200,2.15,13.66,,,,,,4.4,0.6,18.3,8.1,17.9,18.0,17.8,18.6,18.7,19.7,20.6,20.0,17.8,2.7,3.9,,-{연무}-{연무}{강도0}0300-0445.,,2019,10,43,295,0,0,0,0
108,서울,2019-10-23,17.0,14.3,0649,20.7,1414,,,,,,,7.6,50,2232,4.4,70,2233,2.4,2033,70,8.2,42,1332,57.3,10.9,1008.9,1020.4,2147,1017.8,0029,1019.0,11.0,0.7,1300,1.33,8.08,,,,,,8.0,0.3,17.3,8.3,17.2,17.7,17.8,18.7,18.9,19.7,20.5,20.0,17.8,2.4,3.4,,,,2019,10,43,296,0,0,0,0
108,서울,2019-10-24,18.3,15.3,0217,23.8,1504,,,,,,,9.7,140,1302,5.1,70,1310,2.7,2301,70,6.7,33,1445,47.6,9.8,1009.1,1020.9,0829,1017.0,1450,1019.2,10.9,6.6,1200,2.24,11.56,,,,,,4.5,4.5,19.4,8.8,17.9,17.9,17.7,18.6,18.8,19.7,20.5,20.1,17.9,3.5,5.0,,,,2019,10,43,297,0,0,0,0
108,서울,2019-10-25,16.7,13.1,2357,22.0,1228,0.0,,0.0,,1.08,0.0,9.5,290,2226,5.6,270,2050,2.4,2107,70,7.9,34,1215,58.0,10.8,1007.4,1019.1,0816,1015.8,1424,1017.5,10.9,7.1,1200,2.11,12.29,,,,,,6.6,4.3,17.2,6.6,17.5,17.7,17.7,18.5,18.6,19.5,20.2,19.8,17.7,2.9,4.1,0.0,{비}1915-2020. {박무}1950-2030.,,2019,10,43,298,0,0,0,0
108,서울,2019-10-26,10.0,6.6,0732,14.9,1327,,,,,,,9.4,250,0437,5.2,320,0157,2.5,2193,270,2.3,39,1312,60.0,7.2,1008.5,1020.6,0914,1017.5,1628,1018.9,10.9,8.7,1100,2.39,13.08,,,,,,2.3,0.4,12.6,2.9,15.3,16.6,17.2,18.3,18.5,19.5,20.2,19.8,17.8,2.2,3.2,,,,2019,10,43,299,0,0,0,0
108,서울,2019-10-27,11.0,4.7,0729,17.4,1515,,,,,,,7.6,320,1303,4.2,290,1557,1.6,1404,290,2.7,34,1059,59.0,7.5,1009.1,1021.0,0942,1017.9,1723,1019.4,10.8,9.8,1200,2.31,14.45,,,,,,0.9,0.9,12.0,-0.5,13.7,15.0,15.9,17.1,17.7,19.3,20.2,19.8,17.8,2.6,3.7,,,,2019,10,43,300,0,0,0,0
108,서울,2019-10-28,12.9,7.4,0532,17.7,1236,0.7,2124,1.1,2044,2.87,1.7,9.8,180,1831,4.7,230,1258,2.5,2201,200,6.1,39,1132,65.9,9.5,1005.3,1019.5,0001,1012.4,2019,1015.5,10.8,7.3,1200,2.18,11.62,,,,,,5.6,3.9,13.0,2.0,14.3,15.1,15.6,16.7,17.1,19.1,20.1,19.8,17.8,2.3,3.3,1.8,{박무}0650-0830. {비}2035-{비}{강도0}2100-2157. {박무}2130-{박무}{강도0}2400- {비}2230-{비}{강도0}2400-,,2019,10,44,301,0,0,0,1
108,서울,2019-10-29,12.5,8.2,2400,17.6,1300,0.2,,0.3,-2331,0.92,0.1,8.8,250,1217,5.2,290,1501,2.3,2011,270,4.5,32,1530,61.0,8.6,1005.5,1020.0,2329,1013.1,0443,1015.7,10.8,9.0,1100,2.12,12.41,,,,,,1.6,1.6,12.4,3.1,14.2,15.3,15.8,16.8,17.0,18.9,20.0,19.7,17.8,2.7,3.8,,-{비}-0055. -{박무}-{박무}{강도0}0300-{박무}{강도0}0600-0750.,,2019,10,44,302,0,0,0,1
108,서울,2019-10-30,11.2,5.0,0706,17.7,1336,,,,,,,7.0,270,1143,3.8,270,1140,1.6,1350,270,3.3,37,1509,60.3,7.8,1011.1,1022.9,0935,1019.8,0048,1021.5,10.7,9.6,1100,2.24,14.08,,,,,,0.3,0.3,11.2,-0.3,12.6,13.9,14.8,16.0,16.6,18.6,19.8,19.7,17.8,2.4,3.5,,,,2019,10,44,303,0,0,0,0
108,서울,2019-10-31,14.8,8.4,0644,19.7,1430,,,,,,,10.0,180,1542,5.2,230,1324,2.3,2002,230,9.9,55,1211,73.8,12.5,1010.1,1022.2,0202,1018.6,1623,1020.3,10.7,8.0,1100,1.98,10.34,,,,,,4.6,4.6,14.2,3.6,14.1,14.5,14.8,15.8,16.2,18.4,19.7,19.7,17.8,1.9,2.7,,{연무}1450-{연무}{강도0}1500- {황사}1620-1625.{황사}{강도0}1800-{황사}{강도0}2100-{황사}{강도0}2400- {박무}2050-{박무}{강도0}2100-{박무}{강도1}2400-,,2019,10,44,304,0,0,0,0
108,서울,2019-11-01,14.9,11.4,2352,20.5,1413,,,,,,,6.3,290,1011,3.9,320,1028,1.8,1565,290,5.2,25,1503,57.9,9.4,1011.3,1022.7,0835,1019.8,0001,1021.6,10.7,9.5,1200,2.18,13.85,,,,,,1.9,0.9,14.8,5.5,15.5,15.8,15.7,16.4,16.4,18.2,19.5,19.6,17.8,2.9,4.2,,-{박무}-{박무}{강도1}0300-{박무}{강도1}0600-{박무}{강도1}0900-0920. -{황사}-{황사}{강도0}0300-{황사}{강도0}0600-{황사}{강도0}0900-1010.,,2019,11,44,305,0,0,0,0
108,서울,2019-11-02,13.6,8.3,0626,18.7,1451,,,,,,,4.6,270,1549,2.9,290,2348,1.5,1298,290,5.1,45,1456,57.3,8.9,1009.9,1022.4,0827,1018.4,1633,1020.2,10.6,3.3,1000,1.22,7.69,,,,,,8.1,2.3,13.5,3.7,13.7,14.5,15.1,16.1,16.4,18.1,19.5,19.7,17.9,1.6,2.2,,{연무}0845-{연무}{강도0}0900-{연무}{강도0}1200-{연무}{강도0}1500-{연무}{강도0}1800-{연무}{강도0}2100-{연무}{강도0}2400- {햇무리}0950-1140.,,2019,11,44,306,0,0,0,0
108,서울,2019-11-03,14.7,9.4,0721,22.1,1455,,,,,,,8.6,50,1802,4.7,70,1757,2.1,1811,70,5.9,36,1452,57.8,9.3,1009.6,1022.2,2228,1017.7,1414,1019.8,10.6,7.8,1200,2.04,12.51,,,,,,4.0,1.8,15.1,4.4,15.0,15.2,15.3,16.0,16.3,18.0,19.3,19.6,17.9,3.1,4.5,,-{연무}-{연무}{강도0}0300-0415. {박무}0410-{박무}{강도0}0600-0835. {연무}0830-{연무}{강도0}0900-{연무}{강도0}1200-1250.,,2019,11,44,307,0,0,0,0
108,서울,2019-11-04,13.8,9.2,0650,20.3,1506,,,,,,,6.0,50,0116,3.7,320,2010,2.1,1777,70,5.1,33,1454,57.8,8.8,1011.5,1023.8,0904,1020.1,1529,1021.8,10.6,9.7,1200,2.16,13.83,,,,,,0.0,0.0,13.7,4.4,14.7,15.1,15.3,16.1,16.3,17.8,19.2,19.5,17.8,2.6,3.7,,,,2019,11,45,308,0,0,0,0
108,서울,2019-11-05,12.4,8.4,0653,18.4,1440,,,,,,,6.8,320,1108,3.8,320,1117,1.6,1367,20,5.6,35,1513,65.1,9.1,1009.0,1021.2,0016,1017.7,1523,1019.3,10.5,8.0,1100,1.96,11.04,,,,,,1.4,0.6,12.4,2.4,13.6,14.4,14.9,15.8,16.1,17.8,19.0,19.5,17.8,2.0,2.9,,{박무}2315-{박무}{강도0}2400-,,2019,11,45,309,0,0,0,0
108,서울,2019-11-06,11.0,6.3,0710,16.5,1422,,,,,,,7.0,320,1814,4.4,320,1814,1.8,1566,290,3.8,29,1422,63.6,8.0,1006.6,1019.2,0851,1014.8,1727,1016.9,10.5,7.5,1200,1.89,10.63,,,,,,5.0,0.3,11.0,0.0,12.6,13.6,14.3,15.3,15.8,17.6,19.0,19.5,17.8,2.0,2.9,,-{박무}-{박무}{강도0}0300-{박무}{강도0}0600-{박무}{강도0}0900-0935. {연무}0930-{연무}{강도0}1200-1405.,,2019,11,45,310,0,0,0,0
108,서울,2019-11-07,9.2,5.0,2357,13.6,1320,,,,,,,8.0,320,1910,5.3,340,1910,2.7,2334,320,-4.1,19,1422,42.8,4.9,1007.5,1020.8,2243,1015.4,0406,1017.9,10.4,9.5,1200,2.15,13.4,,,,,,1.6,0.0,10.3,1.2,12.1,13.2,14.0,15.0,15.4,17.5,18.8,19.4,17.9,3.5,5.0,,,,2019,11,45,311,0,0,0,0
108,서울,2019-11-08,6.8,1.1,0724,13.0,1443,,,,,,,7.3,320,0053,4.4,320,1515,1.9,1624,290,-9.7,14,1233,31.4,3.0,1011.1,1023.2,0901,1020.2,1436,1021.7,10.4,9.7,1200,2.24,13.98,,,,,,0.0,0.0,7.3,-5.9,10.0,11.7,12.9,14.2,14.8,17.3,18.7,19.4,17.9,3.0,4.3,,,,2019,11,45,312,0,0,0,0
108,서울,2019-11-09,9.5,3.5,0657,17.2,1455,,,,,,,6.3,320,1424,4.2,320,1426,1.6,1367,290,-3.7,20,1347,41.4,4.9,1011.0,1023.8,0851,1019.5,1526,1021.5,10.4,9.7,1200,2.1,13.15,,,,,,0.3,0.3,8.6,-2.8,10.3,11.4,12.4,13.5,14.0,17.0,18.6,19.3,17.9,3.0,4.3,,,,2019,11,45,313,0,0,0,0
108,서울,2019-11-10,10.0,6.2,0419,15.3,1524,,,,,3.08,11.8,8.1,140,1607,3.8,180,1703,2.1,1818,70,1.7,31,1419,59.6,7.1,1001.2,1019.6,0001,1005.3,2127,1011.5,10.3,3.3,1400,1.29,6.6,,,,,,8.9,2.5,10.5,0.8,10.6,11.5,12.3,13.4,13.8,16.7,18.5,19.3,17.9,1.5,2.2,12.9,{비}1815-{소나기}1840-{비}2035-{비}{강도1}2100-2110. {박무}1915-{박무}{강도0}2100-2155. {비}2350-{비}{강도0}2400- {박무}2350-{박무}{강도0}2400-,,2019,11,45,314,0,0,0,1
108,서울,2019-11-11,11.2,7.9,2359,15.1,1406,,,,,4.08,1.1,8.5,270,1347,4.8,270,1428,2.4,2108,290,5.9,47,1435,71.6,9.4,1000.8,1017.4,2359,1004.7,0336,1011.1,10.3,7.2,1300,1.7,8.97,,,,,,5.9,5.1,11.4,1.5,12.1,12.5,12.8,13.6,13.8,16.6,18.4,19.4,18.0,1.7,2.5,,-{비}-0045. {비}0240-{비}{강도0}0300-0515. -{박무}-{박무}{강도0}0300-{박무}{강도1}0600-{박무}{강도0}0900-0950. {비}0645-0730.,,2019,11,46,315,0,0,0,1
108,서울,2019-11-12,9.3,4.8,0728,14.5,1419,,,,,,,4.5,360,1555,2.7,340,1556,1.4,1179,20,2.3,38,1415,63.6,7.2,1010.5,1022.3,2353,1017.4,0001,1020.9,10.3,5.7,1100,1.35,8.06,,,,,,3.6,0.8,8.5,-0.7,10.0,11.1,12.0,13.1,13.7,16.3,18.1,19.3,17.9,1.4,2.0,,{박무}0650-{박무}{강도0}0900-0910. {연무}0905-1150.,,2019,11,46,316,0,0,0,0
108,서울,2019-11-13,7.2,3.0,2357,11.3,1343,,,,,5.83,7.5,11.0,340,1614,6.0,230,1532,2.8,2426,50,2.4,51,2355,72.3,7.6,1007.2,1022.4,0056,1010.0,1523,1017.7,10.2,0.0,1000,0.33,1.25,,,,,,8.5,5.8,7.7,0.6,9.0,10.2,11.4,12.6,13.5,16.2,18.0,19.3,18.0,1.2,1.8,7.5,{연무}0005-0130. {연무}0350-0420. {연무}0505-{연무}{강도0}0600-{연무}{강도0}0900-{연무}{강도0}1200-1235. {비}1045-1135. {비}1215-{비}{강도0}1500-1715. {박무}1230-{박무}{강도1}1500-1620.,,2019,11,46,317,0,0,0,1
108,서울,2019-11-14,1.3,-2.5,0739,5.0,1521,,,,,,,11.8,320,0131,5.8,290,0204,2.9,2469,290,-14.4,21,0551,30.6,2.1,1013.7,1027.5,0822,1021.8,0001,1024.5,10.2,9.7,1200,2.16,13.15,,,,,,1.0,1.0,2.6,-4.4,5.9,7.9,9.7,11.2,12.6,15.9,17.8,19.2,18.0,2.1,2.9,11.1,,,2019,11,46,318,0,0,0,0
108,서울,2019-11-15,5.6,1.4,0001,7.6,1515,,,,,12.33,18.8,6.2,140,0406,3.5,20,0559,2.0,1693,70,3.3,39,0017,87.4,8.1,1007.6,1022.7,0001,1016.6,1500,1018.2,10.2,0.1,0900,0.33,1.92,,,,,,8.1,6.6,6.2,1.3,6.7,7.6,8.8,10.1,11.7,15.5,17.7,19.1,18.0,0.3,0.5,7.7,{진눈깨비}0150-{비}0240-{비}{강도0}0300-0315. {비}0510-{비}{강도0}0600-{소나기}0605-{비}0640-{소나기}0710-{비}0740-0820. {박무}0550-{박무}{강도0}0600-{박무}{강도0}0900-{박무}{강도1}1200-{박무}{강도0}1500-{박무}{강도1}1800-{박무}{강도0}2100-{박무}{강도0}2400- {비}0935-0940. {비}1015-{소나기}1105-{비}1135-{비}{강도0}1200-{소나기}1225-{비}1250-1335. {비}1405-1425. {비}1540-{비}{강도0}1800-1940.,,2019,11,46,319,0,0,0,1
108,서울,2019-11-16,6.8,3.8,0553,12.7,1557,,,,,,,5.2,70,1012,3.0,70,1015,1.6,1354,50,3.5,46,1529,81.3,7.9,1010.1,1022.3,2135,1018.5,0402,1020.7,10.2,5.6,1200,1.95,8.92,,,,,,5.5,4.4,7.6,0.1,8.3,8.8,9.4,10.3,11.2,15.1,17.5,19.1,18.0,1.4,2.0,,-{박무}-{박무}{강도2}0300-{시정(미만)}{1km}{안개}0335-{시정(미만)}{0.5km}{안개}0342-{시정(이상)}{0.5km}{안개}0430-{시정(미만)}{0.5km}{안개}0505-{안개}{강도1}0600-{시정(이상)}{0.5km}{안개}0745-{시정(이상)}{1km}{박무}0855-{박무}{강도2}0900-{박무}{강도0}1200-1335.{박무}2215-{박무}{강도0}2400- {연무}1330-1410. {연무}1835-1915. {연무}2015-{연무}{강도0}2100-2220.,5.33,2019,11,46,320,0,0,0,0
108,서울,2019-11-17,8.3,5.6,0004,10.5,2400,,,,,13.58,21.1,10.5,90,1639,6.4,70,1553,3.1,2714,70,4.6,55,0918,79.4,8.7,1006.9,1022.6,0323,1010.1,2311,1017.4,10.1,0.0,0800,0.32,1.32,,,,,,9.3,6.1,7.6,2.5,8.0,8.6,9.4,10.5,11.3,14.6,17.2,19.0,18.0,0.7,0.9,35.8,-{박무}-0035. {비}0955-{비}{강도0}1200-{비}{강도1}1500-{비}{강도0}1800-{비}{강도0}2100-2215. {연무}1145-{연무}{강도0}1200-1210. {박무}1205-{박무}{강도1}1500-1530. {박무}1605-{박무}{강도0}1800-{박무}{강도0}2100-{박무}{강도1}2400- {비}2245-{비}{강도1}2400-,,2019,11,46,321,0,0,0,1
108,서울,2019-11-18,4.6,0.4,2103,12.7,0120,,,,,6.25,14.7,12.1,340,0532,7.0,270,0418,3.9,3386,270,-2.9,30,1238,59.8,5.4,1008.7,1023.0,1907,1009.5,0124,1019.3,10.1,8.0,1100,1.92,10.26,,,,,,7.1,3.9,6.9,-1.8,8.5,9.4,9.8,10.6,11.1,14.1,17.0,19.0,18.0,1.9,2.6,0.0,-{박무}-0255. -{비}-{비}{강도1}0300-0355. {황사}1055-{황사}{강도0}1200-{황사}{강도0}1500-1740. {눈}2140-{눈}{강도0}2400-,,2019,11,47,322,0,0,0,1
108,서울,2019-11-19,0.2,-3.5,0729,4.0,1416,,,,,0.5,0.0,10.3,290,1334,5.8,320,1425,2.8,2446,290,-9.7,31,0933,48.0,3.0,1015.5,1030.5,2400,1022.0,0106,1026.3,10.1,9.4,1200,2.03,11.93,,,,,,1.4,1.4,2.4,-7.8,4.9,6.7,8.3,9.6,10.7,13.8,16.4,19.0,18.0,1.7,2.4,,-{눈}-0030.,,2019,11,47,323,0,0,0,0
108,서울,2019-11-20,0.5,-4.6,0722,6.3,1514,,,,,,,6.5,320,1254,4.6,290,1336,1.8,1519,290,-13.7,18,1447,35.5,2.2,1020.9,1033.3,2301,1030.3,0028,1031.8,10.1,9.4,1200,2.06,12.18,,,,,,0.0,0.0,2.0,-8.1,3.6,5.4,7.1,8.5,9.8,13.6,16.1,18.9,17.9,2.0,2.9,,,,2019,11,47,324,0,0,0,0
108,서울,2019-11-21,4.2,-2.3,0649,9.0,1336,,,,,,,7.1,70,2350,4.2,70,2355,1.9,1673,50,-9.3,26,1259,37.4,3.1,1021.4,1034.5,0829,1029.9,2338,1032.2,10.0,5.7,1100,1.57,7.4,,,,,,6.1,4.0,2.9,-6.1,4.1,5.3,6.6,7.9,9.1,13.3,15.9,18.9,18.0,2.0,2.8,,,,2019,11,47,325,0,0,0,0
108,서울,2019-11-22,9.7,3.0,0714,17.3,1538,,,,,,,7.3,90,0024,4.8,70,0028,2.1,1842,70,-6.0,16,1351,34.1,4.0,1017.0,1030.1,0812,1025.0,1605,1027.5,10.0,9.0,1200,1.95,11.2,,,,,,1.4,1.4,6.3,-1.6,7.0,7.0,7.5,8.3,9.1,13.0,15.8,18.8,18.0,2.9,4.2,,,,2019,11,47,326,0,0,0,0
108,서울,2019-11-23,12.1,7.7,0254,17.7,1503,,,,,,,5.8,70,1026,3.6,70,1027,1.8,1519,70,2.4,39,1450,52.0,7.3,1013.4,1026.8,0616,1021.3,1914,1023.8,10.0,8.0,1300,1.29,8.5,,,,,,6.1,2.5,8.7,2.3,8.7,8.4,8.5,9.1,9.4,12.7,15.5,18.7,17.9,1.7,2.4,,,,2019,11,47,327,0,0,0,0
108,서울,2019-11-24,9.8,4.6,2354,15.6,1220,,,,,7.58,3.8,10.0,320,2343,6.0,320,1641,2.2,1861,50,5.3,49,1053,74.6,9.1,1010.1,1026.1,2355,1016.7,1459,1020.5,9.9,1.8,1000,1.15,3.84,,,,,,7.1,5.5,8.7,3.2,9.1,9.3,9.4,10.0,10.1,12.6,15.3,18.6,17.9,1.1,1.6,3.8,{비}1240-{비}{강도0}1500-{비}{강도0}1800-2015. {박무}1355-{박무}{강도0}1500-1735.,,2019,11,47,328,0,0,0,1
108,서울,2019-11-25,1.9,-1.2,0733,6.0,1541,,,,,,,9.9,340,0303,5.9,320,0708,2.7,2316,290,-4.7,48,1241,62.1,4.4,1019.1,1031.8,2217,1026.1,0001,1030.0,9.9,5.8,1200,1.51,7.87,,,,,,4.4,2.5,3.8,-3.1,5.9,7.5,8.7,9.6,10.2,12.5,15.1,18.5,17.9,1.1,1.6,,,,2019,11,48,329,0,0,0,0
108,서울,2019-11-26,6.6,1.2,0241,13.7,1303,,,,,,,6.7,270,1644,4.5,320,2343,2.0,1742,290,0.0,42,1439,64.0,6.1,1018.6,1031.5,0103,1026.9,1504,1029.3,9.9,7.9,1200,1.88,9.78,,,,,,3.9,3.3,5.7,-2.6,6.6,7.2,7.9,8.8,9.7,12.5,15.0,18.5,17.9,1.7,2.5,,,,2019,11,48,330,0,0,0,0
108,서울,2019-11-27,3.1,0.3,2355,6.8,1423,,,,,,,7.2,290,1252,4.6,290,1055,2.7,2318,320,-6.5,33,1427,50.8,3.8,1017.7,1029.9,0850,1026.6,1451,1028.5,9.9,8.3,1200,1.95,10.43,,,,,,4.0,0.4,3.7,-3.6,5.8,7.0,8.0,8.9,9.6,12.4,14.8,18.4,17.9,1.8,2.6,,{연무}0040-0250.,,2019,11,48,331,0,0,0,0
108,서울,2019-11-28,3.5,-0.6,0245,10.4,1330,,,,,,,7.8,320,1742,4.3,340,1901,2.0,1698,290,-5.5,35,1152,52.4,4.1,1019.1,1031.0,0907,1028.2,1444,1029.9,9.8,9.0,1200,1.88,11.21,,,,,,1.8,1.8,3.8,-4.8,5.4,6.4,7.3,8.3,9.2,12.2,14.7,18.3,17.9,1.9,2.7,,,,2019,11,48,332,0,0,0,0
108,서울,2019-11-29,1.5,-3.4,0745,6.9,1556,,,,,,,6.2,320,1445,4.0,290,1346,2.0,1769,290,-10.4,21,1409,42.8,2.8,1020.9,1033.2,1019,1030.7,0001,1031.8,9.8,9.3,1200,1.91,11.4,,,,,,0.9,0.0,2.4,-7.9,4.1,5.5,6.8,7.9,8.8,12.0,14.5,18.2,17.8,2.0,2.8,,,,2019,11,48,333,0,0,0,0
108,서울,2019-11-30,4.1,-1.4,0552,9.3,1301,,,,,,,6.3,320,1709,3.4,90,0848,1.7,1498,70,-7.7,22,1409,42.6,3.4,1018.0,1032.0,0036,1026.5,2104,1028.7,9.8,5.3,1200,1.88,8.01,,,,,,6.0,4.9,3.2,-6.7,4.1,5.1,6.1,7.2,8.3,11.9,14.5,18.1,17.9,1.5,2.2,0.1,,,2019,11,48,334,0,0,0,0
108,서울,2019-12-01,4.6,2.3,2354,6.2,1212,,,,,22.0,3.3,7.2,320,2048,4.1,320,2051,1.6,1366,50,1.3,51,0001,79.4,6.8,1011.4,1026.5,0001,1019.3,1959,1022.1,9.8,0.0,1100,0.56,1.89,,,,,,9.3,6.9,5.2,-0.4,5.8,6.4,6.9,7.7,8.3,11.7,14.4,18.1,17.9,0.6,0.8,3.2,{비}0025-{비}{강도0}0300-{비}{강도0}0600-{비}{강도0}0900-{비}{강도0}1200-{비}{강도0}1500-{비}{강도0}1800-{비}{강도0}2100-2225. {박무}0820-{박무}{강도0}0900-{박무}{강도0}1200-{박무}{강도2}1500-{박무}{강도1}1800-{박무}{강도0}2100-{박무}{강도0}2400-,,2019,12,48,335,0,0,0,1
108,서울,2019-12-02,-0.1,-3.2,2355,2.8,1404,,,,,,,10.9,340,1311,6.2,320,1424,3.1,2694,290,-10.4,25,1158,48.0,2.9,1011.8,1026.3,2350,1019.5,0115,1022.7,9.8,8.8,1200,1.91,10.42,,,,,,2.4,1.5,2.0,-6.8,3.9,5.4,6.5,7.5,8.3,11.4,14.0,17.9,17.8,1.7,2.4,,-{박무}-0110.,,2019,12,49,336,0,0,0,0
108,서울,2019-12-03,0.5,-5.0,0520,4.2,1501,,,,,6.42,0.6,5.7,180,1945,3.6,200,1915,1.6,1367,20,-6.2,41,0022,61.3,4.1,1014.4,1026.4,0006,1023.7,1433,1025.3,9.8,3.1,1300,0.95,5.01,,,,,,6.3,5.5,1.4,-9.8,1.9,3.5,5.2,6.5,7.8,11.3,14.0,17.9,17.8,0.9,1.3,0.6,{비}1735-{비}{강도0}1800-{비}{강도0}2100-{비}{강도0}2400- {박무}2210-{박무}{강도0}2400-,,2019,12,49,337,0,0,0,1
108,서울,2019-12-04,2.0,-2.0,0757,7.2,1403,,,,,0.92,0.0,8.3,320,2153,4.4,340,2159,1.8,1574,290,-10.2,21,1113,41.6,2.9,1018.5,1032.7,2359,1026.0,0004,1029.3,9.7,8.7,1200,1.84,10.18,,,,,,1.0,1.0,2.5,-7.4,3.7,4.5,5.3,6.3,7.3,11.0,13.8,17.8,17.8,2.0,2.9,,-{박무}-0010. -{비}-0055.,,2019,12,49,338,0,0,0,0
108,서울,2019-12-05,-4.4,-8.5,2335,-0.2,0003,,,,,,,10.5,290,1324,6.0,320,1330,3.2,2777,320,-18.9,17,1008,31.9,1.4,1025.3,1039.5,2338,1032.7,0001,1036.4,9.7,9.2,1200,1.95,11.34,,,,,,0.0,0.0,-0.4,-10.6,1.4,3.2,4.7,5.9,7.2,10.9,13.7,17.8,17.9,1.7,2.4,,,,2019,12,49,339,0,0,0,0
108,서울,2019-12-06,-5.9,-10.6,0753,-1.0,1524,,,,,,,6.0,340,0024,3.8,340,0025,1.7,1457,290,-19.4,19,1203,34.5,1.4,1025.0,1039.4,0001,1033.0,2359,1036.3,9.7,9.3,1200,1.95,11.24,,,,,,0.6,0.6,-2.9,-15.2,-0.6,1.4,3.4,4.8,6.3,10.5,13.4,17.6,17.8,1.4,2.0,0.0,,,2019,12,49,340,0,0,0,0
108,서울,2019-12-07,-2.4,-5.5,0154,1.2,1603,,,,,3.75,0.1,5.7,50,0957,3.1,50,1000,1.7,1441,50,-8.2,48,0009,65.0,3.4,1018.9,1033.1,0001,1028.1,1520,1029.9,9.7,1.1,1500,0.55,2.86,0.0,,0.0,,0.0,6.6,6.5,-1.3,-9.7,-0.3,1.0,2.8,4.1,5.7,10.2,13.2,17.6,17.8,0.5,0.7,0.1,{눈}0830-{눈}{강도0}0900-{눈}{강도0}1200-1215. {연무}1050-1115. {박무}1110-{박무}{강도0}1200-1230. {연무}1510-{연무}{강도0}1800-{연무}{강도0}2100-,,2019,12,49,341,0,0,0,1
108,서울,2019-12-08,-0.9,-5.5,0743,4.9,1445,,,,,,,5.6,320,1503,3.2,70,1007,1.4,1225,70,-7.0,30,1347,65.1,3.6,1018.0,1030.9,0850,1027.5,1637,1028.9,9.7,8.9,1200,1.75,10.65,,,,,,1.1,0.0,-1.0,-10.0,-0.4,0.9,2.5,3.7,5.3,9.9,13.0,17.5,17.8,1.4,2.0,,{박무}0245-{박무}{강도0}0300-{박무}{강도1}0600-{박무}{강도1}0900-1025. -{연무}-0250. {연무}1020-{연무}{강도0}1200-1330. {연무}2210-{연무}{강도0}2400-,,2019,12,49,342,0,0,0,0
108,서울,2019-12-09,3.2,-1.3,0301,8.0,2311,,,,,0.33,0.0,7.0,160,2304,3.9,70,0230,2.5,2168,70,-4.6,48,1439,56.8,4.5,1012.4,1027.7,0001,1020.5,2350,1023.1,9.7,1.4,1000,0.83,3.46,,,,,,7.9,7.6,0.7,-4.2,0.5,1.3,2.5,3.6,5.0,9.5,12.8,17.3,17.7,0.9,1.3,1.7,-{연무}-{연무}{강도0}0300-{연무}{강도0}0600-{연무}{강도0}0900-{연무}{강도0}1200-{연무}{강도0}1500-{연무}{강도0}1800-{연무}{강도0}2100-{연무}{강도0}2400- {비}1715-1735.,,2019,12,50,343,0,0,0,0
108,서울,2019-12-10,8.1,6.0,0825,10.8,1532,,,,,2.08,1.7,5.8,180,0032,3.5,290,0236,1.2,1034,50,5.1,65,0001,82.3,8.8,1008.4,1021.4,1008,1017.2,2318,1018.9,9.7,2.0,1100,1.19,5.03,,,,,,8.9,8.6,5.9,1.0,5.2,4.5,4.2,4.8,5.1,9.2,12.6,17.3,17.7,0.8,1.2,0.2,{비}0210-{비}{강도0}0300-0415. {박무}0215-{박무}{강도2}0300-{박무}{강도2}0600-{박무}{강도2}0900-{박무}{강도2}1200-1335. -{연무}-0220. {연무}1330-{연무}{강도2}1500-{연무}{강도1}1800-2045. {박무}2040-{박무}{강도2}2100-{박무}{강도2}2400-,,2019,12,50,344,0,0,0,1
108,서울,2019-12-11,6.3,0.1,2357,9.8,0647,,,,,1.25,0.2,11.8,270,1702,7.2,270,1250,3.4,2931,270,-0.8,36,1243,62.0,6.3,1007.1,1023.8,2352,1014.3,0556,1017.6,9.6,5.2,1300,1.3,5.75,,,,,,5.9,5.6,5.8,-2.4,6.0,5.9,5.7,6.1,6.0,9.0,12.3,17.2,17.6,1.6,2.3,,-{박무}-{박무}{강도1}0300-{박무}{강도1}0600-{박무}{강도2}0900-1055. {비}0540-{비}{강도0}0600-0655. {연무}1050-{연무}{강도1}1200-{연무}{강도0}1500-1520.,,2019,12,50,345,0,0,0,1
108,서울,2019-12-12,-0.7,-3.5,0813,3.4,1458,,,,,,,8.7,320,0353,4.2,290,0309,1.8,1584,290,-11.4,23,1515,45.4,2.6,1018.0,1031.0,2153,1023.7,0023,1029.0,9.6,9.1,1200,1.84,10.73,,,,,,0.0,0.0,0.6,-8.0,2.3,3.5,4.7,5.7,6.3,9.0,12.1,17.1,17.6,1.4,2.0,,,,2019,12,50,346,0,0,0,0
108,서울,2019-12-13,2.1,-3.7,0629,5.9,2209,,,,,2.17,1.0,7.3,250,2340,4.3,200,1631,2.0,1738,50,-6.6,35,1219,53.6,3.9,1015.7,1030.7,0241,1021.7,2351,1026.5,9.6,3.4,1100,1.45,6.07,,,,,,6.8,3.8,1.1,-8.2,1.5,2.5,3.8,4.8,5.8,9.0,11.9,17.0,17.6,1.2,1.7,1.0,{비}2150-{비}{강도0}2400- {박무}2245-2330.,,2019,12,50,347,0,0,0,1
108,서울,2019-12-14,2.7,-0.1,0812,6.4,1424,,,,,1.17,0.0,9.3,290,0508,5.3,290,0511,2.3,1977,290,-5.1,36,1526,58.3,4.3,1017.3,1030.6,2007,1021.6,0003,1028.1,9.6,8.3,1200,1.78,10.07,,,,,,3.0,1.3,3.1,-5.0,3.8,4.0,4.4,5.1,5.7,8.9,11.8,16.9,17.6,1.5,2.2,,{박무}0045-{박무}{강도0}0300-0450. -{비}-0110. {연무}0445-{연무}{강도0}0600-0850.,,2019,12,50,348,0,0,0,0
108,서울,2019-12-15,5.3,0.4,0225,11.0,1453,,,,,,,6.8,70,0413,3.6,70,0420,2.0,1728,90,-3.9,36,1417,52.5,4.6,1018.2,1031.3,0954,1026.6,2313,1028.9,9.6,7.3,1200,1.68,8.91,,,,,,2.9,1.6,3.1,-4.1,3.7,4.0,4.4,5.2,5.7,8.7,11.6,16.8,17.5,1.3,1.9,,{연무}0630-0805.,,2019,12,50,349,0,0,0,0
108,서울,2019-12-16,7.8,2.1,0517,12.9,1531,,,,,,,5.5,90,1248,3.2,70,1251,1.9,1646,70,0.0,41,1410,58.9,6.2,1012.1,1026.8,0001,1017.4,2358,1022.6,9.6,6.6,1200,1.61,7.71,,,,,,6.1,4.8,4.6,-3.1,5.0,4.8,4.9,5.5,5.8,8.7,11.5,16.7,17.6,1.5,2.2,9.7,,,2019,12,51,350,0,0,0,0
108,서울,2019-12-17,7.7,3.2,2356,10.2,0001,,,,,6.75,9.8,8.5,340,2305,4.5,320,2312,2.3,1988,290,4.5,57,0001,81.4,8.6,1005.4,1020.2,2350,1013.1,1208,1015.9,9.6,0.0,1400,0.33,1.17,,,,,,8.6,7.4,6.9,0.4,7.0,6.7,6.4,6.7,6.4,8.6,11.4,16.6,17.5,0.6,0.8,0.1,{비}0305-{비}{강도0}0600-{비}{강도0}0900-0950. {박무}0355-{박무}{강도0}0600-{박무}{강도2}0900-{시정(미만)}{1km}{안개}1115-{시정(이상)}{1km}{박무}1155-{박무}{강도2}1200-1440. {박무}1955-{박무}{강도0}2100-{박무}{강도0}2400-,0.67,2019,12,51,351,0,0,0,1
108,서울,2019-12-18,0.8,-1.7,0815,5.2,1339,,,,,,,8.0,320,0020,4.2,290,0506,2.5,2169,270,-5.2,46,1442,64.6,4.2,1013.2,1026.1,1041,1020.1,0029,1024.1,9.6,8.4,1200,1.77,9.83,,,,,,3.5,0.6,2.4,-3.4,4.1,5.0,5.8,6.5,6.9,8.7,11.3,16.5,17.5,1.4,1.9,,-{박무}-{박무}{강도0}0300-0450. {연무}1950-2020. {연무}2115-2350.,,2019,12,51,352,0,0,0,0
108,서울,2019-12-19,-0.8,-4.5,0740,3.1,1506,,,,,1.42,0.0,7.3,320,1013,4.8,320,1018,2.4,2102,290,-10.8,29,1357,47.8,2.7,1015.3,1027.8,2209,1025.0,0027,1026.3,9.6,8.5,1200,1.78,9.96,,,,,,1.8,1.0,0.5,-8.1,2.1,3.4,4.6,5.6,6.4,8.8,11.3,16.5,17.5,1.5,2.1,0.0,{눈}2235-{눈}{강도0}2400-,,2019,12,51,353,0,0,0,0
108,서울,2019-12-20,-1.1,-3.5,2352,2.0,1422,,,,,0.83,0.0,7.3,320,1233,3.9,320,1357,2.3,2013,340,-12.2,19,1447,45.3,2.5,1018.6,1031.3,1055,1027.3,0008,1029.6,9.6,8.9,1200,1.86,10.45,,,,,,1.4,0.9,0.3,-8.5,1.7,2.7,3.9,4.8,5.8,8.7,11.2,16.4,17.4,1.5,2.2,,-{눈}-0050. {연무}0845-{연무}{강도0}0900-0910.,,2019,12,51,354,0,0,0,0
108,서울,2019-12-21,-1.2,-5.1,0603,1.5,1344,,,,,3.25,0.6,5.2,50,2207,2.9,70,0840,1.7,1480,50,-6.6,42,1105,68.1,4.0,1016.4,1031.0,0001,1024.2,2347,1027.4,9.6,1.9,1000,1.03,3.35,,,,,,5.5,5.0,-1.4,-10.6,0.0,1.5,3.0,4.2,5.2,8.5,11.1,16.2,17.3,0.6,0.9,0.6,{눈}1310-{눈}{강도0}1500-1625. {박무}1425-{박무}{강도1}1500-{박무}{강도0}1800-{박무}{강도0}2100-{박무}{강도0}2400-,,2019,12,51,355,0,0,0,1
108,서울,2019-12-22,4.1,0.3,0703,8.4,1513,,,,,1.08,0.3,5.9,90,0818,3.5,70,1034,1.7,1482,70,-2.4,47,1525,63.4,5.1,1010.1,1025.4,0057,1016.9,2218,1020.7,9.6,5.2,1200,1.47,7.2,,,,,,7.8,5.1,2.2,-2.9,1.8,2.2,2.9,3.8,4.8,8.4,11.0,16.2,17.4,1.1,1.5,3.2,-{박무}-{박무}{강도0}0300-{박무}{강도0}0600-{박무}{강도0}0900-0925. {연무}0920-{연무}{강도0}1200-{연무}{강도0}1500-{연무}{강도0}1800-{연무}{강도0}2100-{연무}{강도0}2400- {비}2255-{비}{강도0}2400-,,2019,12,51,356,0,0,0,1
108,서울,2019-12-23,3.4,0.3,2351,5.2,0001,,,,,3.58,2.9,7.9,180,0050,4.2,290,1300,2.0,1754,320,0.3,57,1628,80.4,6.3,1011.5,1026.8,2248,1017.2,0132,1022.2,9.6,2.4,1100,1.13,5.1,,,,,,6.1,6.1,3.4,-5.8,4.0,4.0,4.1,4.7,5.0,8.0,10.9,16.1,17.3,0.7,1.0,0.0,{박무}0005-{박무}{강도2}0300-{박무}{강도2}0600-{박무}{강도1}0900-{박무}{강도0}1200-1315. -{연무}-0010. -{비}-0240. {안개비}0845-{안개비}{강도0}0900-0940. {연무}1310-{연무}{강도0}1500-1555. {연무}1725-{연무}{강도0}1800-{연무}{강도0}2100-2225. {박무}2220-{박무}{강도1}2400-,,2019,12,52,357,0,0,0,1
108,서울,2019-12-24,0.8,-2.9,0658,6.5,1451,,,,,,,4.7,90,0428,3.1,70,0430,1.4,1197,50,-4.8,43,1509,67.9,4.3,1016.6,1029.6,0920,1026.0,1451,1027.5,9.6,8.0,1200,1.65,9.43,,,,,,0.8,0.0,1.4,-7.9,2.2,3.0,3.9,4.7,5.3,8.0,10.8,16.0,17.3,1.1,1.6,,-{박무}-{박무}{강도1}0300-{박무}{강도1}0600-{박무}{강도1}0900-1025. {연무}1020-{연무}{강도0}1200-{연무}{강도0}1500-{연무}{강도0}1800-{연무}{강도0}2100-{연무}{강도0}2400-,,2019,12,52,358,0,0,0,0
108,서울,2019-12-25,2.0,-2.7,0539,6.6,1453,,,,,,,5.3,270,1557,3.2,270,1600,1.0,885,50,-5.2,34,1330,60.8,4.2,1013.1,1026.9,1022,1021.0,2319,1023.8,9.6,3.3,1100,1.42,6.64,,,,,,5.9,4.5,1.5,-6.9,1.6,2.5,3.4,4.3,5.0,7.9,10.6,16.0,17.3,0.8,1.1,0.1,-{연무}-{연무}{강도0}0300-0410. {박무}0405-{박무}{강도1}0600-{박무}{강도0}0900-1010. {연무}1005-{연무}{강도0}1200-{연무}{강도0}1500-1540. {연무}1650-1710.,,2019,12,52,359,0,0,0,0
108,서울,2019-12-26,2.0,-2.4,2354,4.1,1439,,,,,5.08,0.3,9.0,290,2045,5.2,290,2023,2.4,2116,290,-5.4,42,1440,59.0,4.2,1007.2,1021.2,0001,1015.1,1406,1017.9,9.6,1.3,1400,0.77,3.72,,,,,,5.4,4.6,2.4,-4.5,2.9,3.3,3.8,4.5,5.1,7.9,10.6,15.9,17.3,1.0,1.5,0.2,{연무}0305-{연무}{강도0}0600-0820. {비}0725-{비}{강도0}0900-{비}{강도0}1200-1230. {박무}0815-{박무}{강도0}0900-{박무}{강도1}1200-1215. {연무}1210-{연무}{강도0}1500-1535. {연무}1845-1910.,,2019,12,52,360,0,0,0,1
108,서울,2019-12-27,-1.7,-4.6,0724,2.6,1442,,,,,,,7.7,290,1651,4.3,290,1055,2.1,1792,340,-12.4,23,1441,45.4,2.4,1014.1,1027.9,2314,1019.8,0001,1025.1,9.6,9.0,1200,1.78,10.36,,,,,,0.0,0.0,-0.9,-8.9,0.8,2.0,3.1,4.1,5.0,7.8,10.5,15.8,17.2,1.5,2.2,,{연무}0350-{연무}{강도0}0600-{연무}{강도0}0900-0940.,,2019,12,52,361,0,0,0,0
108,서울,2019-12-28,1.1,-3.6,0336,6.1,1347,,,,,,,5.8,70,1042,3.7,70,0726,2.0,1710,70,-9.0,34,1343,47.6,3.1,1017.7,1029.4,0942,1027.4,1332,1028.5,9.6,5.8,1200,1.63,8.09,,,,,,3.5,2.5,-0.7,-7.9,0.3,1.4,2.5,3.4,4.5,7.6,10.3,15.6,17.1,1.4,2.0,,,,2019,12,52,362,0,0,0,0
108,서울,2019-12-29,3.8,1.1,0043,6.2,1525,,,,,6.75,1.4,6.6,110,0638,4.4,70,0645,2.9,2500,70,-5.4,37,1408,52.5,4.2,1015.0,1029.2,0001,1022.8,2250,1025.7,9.6,0.0,1200,0.55,3.28,,,,,,9.0,5.4,1.7,-3.5,1.8,2.0,2.7,3.5,4.3,7.5,10.2,15.6,17.2,1.1,1.6,1.5,{비}1550-1630. {비}1755-{비}{강도0}1800-{비}{강도0}2100-{비}{강도0}2400- {박무}2110-{박무}{강도0}2400-,,2019,12,52,363,0,0,0,1
108,서울,2019-12-30,2.7,-5.7,2359,6.8,1131,,,,,5.08,0.4,13.1,320,2357,7.4,320,2358,2.9,2465,320,-2.3,43,2118,70.3,5.5,1013.0,1029.6,2359,1020.8,0427,1023.8,9.6,0.0,1000,0.43,2.24,,,,,,7.5,7.0,3.3,-5.9,3.5,3.6,3.7,4.2,4.5,7.3,10.0,15.5,17.1,0.9,1.3,0.3,-{비}-0140. -{박무}-0145. {비}0240-{비}{강도0}0300-0310. {박무}0415-{박무}{강도0}0600-{박무}{강도0}0900-{박무}{강도0}1200-{박무}{강도0}1500-1640. {비}0720-0735. {비}1225-1435. {연무}1635-{연무}{강도0}1800-1810. {눈}2330-{눈}{강도0}2400-,,2019,12,1,364,0,0,0,1
108,서울,2019-12-31,-7.9,-10.9,0734,-4.5,1526,,,,,1.58,0.0,10.8,340,0003,7.5,340,0002,3.1,2686,290,-19.5,26,1556,39.3,1.3,1023.7,1037.3,1010,1029.5,0009,1035.0,9.6,9.1,1200,1.91,11.11,,,,,,1.3,1.3,-3.5,-12.3,-0.5,1.4,2.8,3.8,4.6,7.2,9.9,15.4,17.1,1.0,1.4,0.0,-{눈}-0040. {눈}2305-{눈}{강도0}2400-,,2019,12,1,365,0,0,0,0
108,서울,2020-01-01,-2.2,-6.5,0001,0.3,1457,,,,,9.83,0.1,4.8,50,0906,2.6,50,0904,0.6,509,50,-8.1,37,0002,64.4,3.4,1021.1,1034.0,0952,1031.2,1418,1032.1,9.6,0.8,1100,1.0,4.53,0.0,,0.0,,0.0,8.9,8.9,-0.9,-6.6,-0.4,0.5,1.9,2.9,4.1,7.2,9.8,15.3,17.0,0.4,0.6,0.1,-{눈}-0230. {눈}0335-0440. {눈}0520-{눈}{강도0}0600-{눈}{강도0}0900-1135. {연무}0845-{연무}{강도0}0900-0910. {박무}0905-1135. {연무}2010-{연무}{강도0}2100-{연무}{강도0}2400-,,2020,1,1,1,0,0,0,1
108,서울,2020-01-02,1.0,-0.7,0001,3.8,1500,,,,,,,6.7,250,1437,4.0,290,1525,1.2,996,50,-4.8,54,1212,65.4,4.3,1018.7,1031.3,0001,1028.2,1355,1029.6,9.6,0.0,1200,0.67,3.47,,,,,,7.9,7.9,0.1,-7.0,0.0,0.7,1.7,2.6,3.7,7.0,9.7,15.2,17.0,0.7,1.0,,-{연무}-{연무}{강도0}0300-{연무}{강도0}0600-{연무}{강도0}0900-{연무}{강도0}1200-{연무}{강도0}1500-{연무}{강도0}1800-{연무}{강도0}2100-{연무}{강도0}2400-,,2020,1,1,2,0,0,0,0
108,서울,2020-01-03,-0.1,-3.4,0807,4.6,1547,,,,,,,5.8,270,1122,3.5,270,1422,1.7,1508,290,-8.4,26,1430,56.9,3.3,1016.4,1029.0,0954,1025.8,1438,1027.3,9.7,8.8,1300,1.7,10.1,,,,,,0.0,0.0,-0.4,-9.0,0.3,1.0,1.8,2.7,3.6,6.8,9.6,15.1,16.9,1.4,1.9,,{박무}0110-{박무}{강도1}0300-{박무}{강도1}0600-{박무}{강도0}0900-0920. -{연무}-0115. {연무}0915-1050. {연무}1110-{연무}{강도0}1200-1310. {연무}2350-{연무}{강도0}2400-,,2020,1,1,3,0,0,0,0
108,서울,2020-01-04,1.2,-2.8,0512,6.1,1450,,,,,,,8.5,340,1206,4.5,320,1228,1.9,1623,50,-8.2,32,1457,50.8,3.3,1015.4,1028.4,2339,1024.4,1410,1026.2,9.7,7.9,1200,1.68,9.29,,,,,,2.1,2.1,0.0,-8.8,0.4,1.1,1.9,2.7,3.6,6.7,9.5,15.1,16.9,1.5,2.1,,-{연무}-{연무}{강도0}0300-{연무}{강도0}0600-{연무}{강도0}0900-{연무}{강도0}1200-1250.,,2020,1,1,4,0,0,0,0
108,서울,2020-01-05,1.3,-3.2,0821,6.6,1453,,,,,,,4.4,180,1312,2.9,70,2335,1.1,985,50,-9.5,28,1518,45.6,3.0,1019.7,1032.6,0958,1028.1,0010,1030.6,9.7,7.1,1100,1.66,9.1,,,,,,3.9,0.0,-0.5,-9.9,0.2,1.0,1.8,2.6,3.5,6.5,9.3,15.0,16.9,1.5,2.1,,{연무}0810-{연무}{강도0}0900-1140. {연무}1250-1320.,,2020,1,1,5,0,0,0,0
108,서울,2020-01-06,3.1,0.6,0053,4.6,1158,,,,,14.33,1.8,8.8,70,1505,5.4,70,1739,3.1,2705,70,-3.5,39,0430,65.4,5.0,1015.3,1030.3,0032,1020.5,2400,1026.0,9.7,0.0,1100,0.64,2.03,,,,,,9.8,7.5,1.0,-3.4,1.0,1.3,1.9,2.6,3.4,6.4,9.2,14.9,16.8,0.7,1.0,17.8,{눈}0940-{진눈깨비}0955-{눈}1010-{진눈깨비}1055-{비}1115-{눈}1145-{눈}{강도0}1200-{진눈깨비}1225-{비}1240-{비}{강도0}1500-{비}{강도0}1800-{비}{강도0}2100-{비}{강도0}2400- {박무}1530-{박무}{강도0}1800-{박무}{강도1}2100-{박무}{강도1}2400-,,2020,1,2,6,0,0,0,1
108,서울,2020-01-07,6.3,4.2,0001,7.7,2350,,,,,24.0,46.3,9.5,90,2015,6.3,70,1846,4.0,3413,70,5.5,93,1031,95.0,9.1,999.3,1020.5,0001,997.8,2347,1009.7,9.7,0.0,1100,0.17,0.75,,,,,,10.0,7.6,5.1,3.6,4.5,3.8,3.3,3.6,3.7,6.4,9.2,15.0,16.9,0.3,0.5,41.9,-{비}-{비}{강도0}0300-{비}{강도0}0600-{비}{강도0}0900-{비}{강도0}1200-{비}{강도0}1500-{비}{강도0}1800-{비}{강도1}2100-{비}{강도0}2400- -{박무}-{박무}{강도0}0300-{박무}{강도0}0600-{박무}{강도0}0900-0950. {박무}1050-{박무}{강도0}1200-{박무}{강도1}1500-{박무}{강도0}1800-{박무}{강도1}2100-2150. {박무}2250-{박무}{강도1}2400-,,2020,1,2,7,0,0,0,1
108,서울,2020-01-08,2.4,-0.4,2336,8.9,0047,,,,,9.5,11.6,11.8,250,0049,6.3,270,0550,3.3,2875,270,0.3,73,2352,86.1,6.3,1003.6,1023.3,2350,997.4,0024,1014.3,9.7,0.0,1400,0.31,1.84,,,,,,9.6,8.5,4.0,-0.6,4.5,4.6,4.5,4.7,4.4,6.0,9.0,14.8,16.7,0.5,0.8,0.0,-{비}-{비}{강도1}0300-{비}{강도0}0600-{진눈깨비}0605-{비}0650-{비}{강도0}0900-0930. -{박무}-{박무}{강도0}0300-0350. {박무}0420-{박무}{강도0}0600-{박무}{강도0}0900-0915. {박무}1030-{박무}{강도0}1200-{박무}{강도0}1500-{박무}{강도1}1800-{박무}{강도0}2100-{박무}{강도0}2400-,,2020,1,2,8,0,0,0,1
108,서울,2020-01-09,-1.2,-3.1,2349,2.0,1534,,,,,,,7.2,270,1049,4.3,320,1223,2.3,1971,290,-6.9,47,1419,65.3,3.7,1013.4,1025.9,2231,1022.8,1417,1024.3,9.7,8.7,1200,1.75,9.14,,,,,,1.6,1.6,1.3,-7.7,2.2,2.9,3.6,4.3,4.5,5.9,8.1,14.6,16.7,1.1,1.5,,-{박무}-{박무}{강도0}0300-{박무}{강도0}0600-{박무}{강도0}0900-0955. {연무}0950-{연무}{강도0}1200-{연무}{강도0}1500-{연무}{강도0}1800-{연무}{강도0}2100-{연무}{강도0}2400-,,2020,1,2,9,0,0,0,0
108,서울,2020-01-10,-0.6,-4.3,0453,4.2,1534,,,,,,,5.5,320,1810,3.7,320,1408,1.5,1300,290,-7.1,36,1644,62.9,3.6,1013.0,1026.2,0922,1022.1,1615,1023.9,9.8,7.5,1300,1.66,9.39,,,,,,3.1,0.0,0.2,-7.8,0.9,1.8,2.8,3.6,4.2,6.1,8.1,14.3,16.7,1.1,1.6,,{박무}0125-{박무}{강도0}0300-{박무}{강도1}0600-{박무}{강도1}0900-0940. -{연무}-0130. {연무}0935-{연무}{강도0}1200-{연무}{강도0}1500-1620. {연무}1740-{연무}{강도0}1800-{연무}{강도0}2100-{연무}{강도0}2400-,,2020,1,2,10,0,0,0,0
108,서울,2020-01-11,-0.1,-2.6,0806,3.9,1334,,,,,,,7.0,320,1949,4.8,340,1956,1.9,1619,290,-7.0,35,1431,60.9,3.6,1009.4,1022.6,1000,1018.5,1659,1020.3,9.8,8.1,1200,1.84,10.13,,,,,,3.6,1.0,0.1,-7.5,0.9,1.6,2.4,3.2,3.8,6.1,8.2,14.2,16.6,1.4,2.0,,-{연무}-{연무}{강도0}0300-{연무}{강도0}0600-0750. {박무}0745-{박무}{강도0}0900-1010. {연무}1005-{연무}{강도0}1200-1350. {연무}1450-{연무}{강도0}1500-1750. {연무}2105-{연무}{강도0}2400-,,2020,1,2,11,0,0,0,0
108,서울,2020-01-12,-1.0,-3.5,0633,2.8,1551,,,,,,,6.8,290,1714,4.1,290,1216,2.4,2031,290,-7.7,38,1508,61.5,3.5,1007.5,1020.6,2309,1016.8,1350,1018.4,9.8,8.6,1200,1.83,10.33,,,,,,3.6,2.1,0.4,-6.3,1.1,1.6,2.3,3.0,3.6,6.0,8.2,14.2,16.6,1.3,1.8,,-{연무}-{연무}{강도0}0300-{연무}{강도0}0600-{연무}{강도0}0900-{연무}{강도0}1200-1210. {연무}2350-{연무}{강도0}2400-,,2020,1,2,12,0,0,0,0
108,서울,2020-01-13,-2.9,-4.7,0632,0.2,1422,,,,,,,8.3,270,1404,4.9,320,1218,2.3,1992,290,-12.2,28,1607,51.0,2.5,1012.4,1026.0,2233,1020.0,0103,1023.4,9.8,8.1,1200,1.92,11.15,,,,,,1.4,0.6,-1.3,-10.5,0.1,1.1,2.0,2.9,3.5,5.9,8.2,14.1,16.6,1.4,2.0,,-{연무}-0110.,,2020,1,3,13,0,0,0,0
108,서울,2020-01-14,-2.3,-5.7,0637,2.6,1413,,,,,,,5.5,320,1516,3.3,320,1428,1.6,1387,290,-13.0,20,1620,45.3,2.3,1015.0,1028.1,2400,1024.2,1418,1026.0,9.8,8.5,1200,1.78,10.06,,,,,,1.0,1.0,-1.6,-10.4,-0.4,0.5,1.6,2.5,3.2,5.8,8.2,14.1,16.5,1.4,2.0,,,,2020,1,3,14,0,0,0,0
108,서울,2020-01-15,-2.7,-6.4,0722,2.2,1510,,,,,,,8.0,290,1411,4.5,320,1418,1.9,1673,270,-13.4,24,1322,44.8,2.2,1017.6,1030.0,1045,1027.4,1453,1028.7,9.9,9.2,1200,1.94,11.6,,,,,,0.1,0.0,-2.0,-10.7,-0.8,0.2,1.2,2.1,3.0,5.7,8.2,14.0,16.5,1.5,2.2,,,,2020,1,3,15,0,0,0,0
108,서울,2020-01-16,-1.7,-5.5,0816,3.2,1430,,,,,,,6.9,320,1709,4.4,340,1714,1.6,1417,320,-13.0,24,1427,43.0,2.3,1016.3,1029.3,0947,1025.3,1453,1027.3,9.9,8.3,1200,1.89,10.75,,,,,,5.0,0.0,-1.6,-10.9,-0.7,0.1,1.0,1.9,2.9,5.7,8.2,13.9,16.4,1.5,2.1,,{달코로나}0440-0550.,,2020,1,3,16,0,0,0,0
108,서울,2020-01-17,-0.6,-4.8,0720,4.9,1449,,,,,,,6.7,320,1952,3.8,320,1927,1.5,1311,290,-11.7,27,1437,43.9,2.5,1012.6,1025.7,0241,1021.6,1728,1023.5,9.9,7.6,1200,1.73,9.85,,,,,,4.8,0.0,-0.8,-9.0,-0.5,0.1,1.0,1.8,2.7,5.5,8.1,13.8,16.4,1.5,2.1,,{연무}0825-{연무}{강도0}0900-1010. {연무}1225-1410. {연무}2355- {연무}{강도0}2400-,,2020,1,3,17,0,0,0,0
108,서울,2020-01-18,0.3,-4.1,0802,5.9,1503,,,,,,,6.8,290,1636,4.2,270,1739,1.8,1569,270,-10.0,17,1622,48.1,2.9,1010.9,1023.1,1019,1020.2,1447,1021.7,9.9,9.1,1200,1.9,11.38,,,,,,2.1,0.0,-0.6,-9.1,-0.3,0.1,1.0,1.8,2.7,5.5,8.0,13.8,16.4,1.7,2.4,,-{연무}-0025. {연무}0140-{연무}{강도0}0300-{연무}{강도0}0600-{연무}{강도0}0900-{연무}{강도0}1200-1440.,,2020,1,3,18,0,0,0,0
108,서울,2020-01-19,1.9,-0.4,0003,5.3,1510,,,,,1.58,0.6,10.9,290,1243,6.1,320,1459,2.2,1862,270,-4.5,42,1551,62.8,4.4,1008.0,1020.9,0001,1016.6,1450,1018.7,9.9,4.8,1300,1.37,6.08,0.3,0955,0.3,0955,0.3,4.8,3.3,0.5,-5.6,0.0,0.2,1.0,1.8,2.6,5.4,7.9,13.8,16.3,1.1,1.5,0.6,{눈}0910-1020. {박무}0920-1130. {연무}1125-{연무}{강도0}1200-1250. {비}1230-{진눈깨비}1240-1255. {박무}1245-1340. {연무}1335-{연무}{강도0}1500-{연무}{강도0}1800-{연무}{강도0}2100-{연무}{강도1}2400-,,2020,1,3,19,0,0,0,1
108,서울,2020-01-20,0.7,-3.3,2324,5.5,1313,,,,,,,10.4,290,1759,5.7,270,1636,2.5,2202,270,-9.7,24,1216,46.8,3.0,1012.2,1028.5,2358,1020.3,0416,1023.0,10.0,8.7,1200,1.92,10.24,,,,,,2.3,2.3,-0.1,-8.2,0.3,0.5,1.2,1.9,2.5,5.3,7.8,13.6,16.2,1.7,2.4,,-{연무}-{연무}{강도0}0300-{연무}{강도0}0600-0750. {연무}0840-{연무}{강도0}0900-1030. {연무}1540-1630.,,2020,1,4,20,0,0,0,0
108,서울,2020-01-21,-0.4,-5.6,0800,5.5,1541,,,,,,,5.6,70,1038,3.5,320,0142,1.4,1209,320,-13.9,19,1418,36.9,2.1,1018.8,1032.4,0925,1028.1,1517,1029.8,10.0,9.2,1300,1.92,11.55,,,,,,2.9,1.3,-0.8,-12.2,-0.2,0.4,1.2,1.9,2.5,5.2,7.8,13.6,16.2,1.8,2.6,,{채운}1140-1230.,,2020,1,4,21,0,0,0,0
108,서울,2020-01-22,3.0,-0.1,0047,7.8,1447,,,,,,,6.3,70,1524,3.2,90,1602,1.7,1479,50,-10.9,22,1422,36.0,2.7,1014.6,1028.9,0007,1022.9,2321,1025.4,10.0,3.7,1400,1.54,6.8,,,,,,7.8,5.3,1.3,-3.0,0.6,0.6,1.2,1.9,2.5,5.1,7.7,13.5,16.2,1.5,2.2,,,,2020,1,4,22,0,0,0,0
108,서울,2020-01-23,4.6,0.0,0802,9.9,1450,,,,,,,6.9,320,1313,4.7,320,1938,2.0,1701,290,-5.4,32,1408,49.3,4.1,1013.5,1027.2,2341,1022.0,1436,1024.2,10.0,8.8,1200,1.83,10.73,,,,,,3.4,0.5,2.2,-7.7,2.0,1.6,1.8,2.4,2.5,5.1,7.7,13.5,16.1,1.9,2.7,,{연무}0530-{연무}{강도0}0600-{연무}{강도0}0900-{연무}{강도0}1200-{연무}{강도0}1500-{연무}{강도0}1800-{연무}{강도0}2100-{연무}{강도0}2400-,,2020,1,4,23,0,0,0,0
108,서울,2020-01-24,2.8,-1.3,0816,7.4,1534,,,,,,,6.4,320,1648,3.7,320,1737,1.7,1508,290,-3.7,43,1526,63.0,4.6,1019.5,1031.7,0950,1027.2,0001,1030.3,10.1,8.8,1200,1.87,10.53,,,,,,3.0,0.0,1.9,-6.1,2.3,2.3,2.4,2.8,2.6,5.0,7.6,13.4,16.1,1.4,2.1,,-{연무}-{연무}{강도0}0300-0555. {박무}0550-{박무}{강도0}0600-{박무}{강도0}0900-0910. {연무}0905-{연무}{강도0}1200-{연무}{강도0}1500-{연무}{강도0}1800-{연무}{강도0}2100-{연무}{강도0}2400-,,2020,1,4,24,0,0,0,0
108,서울,2020-01-25,4.3,0.6,0251,8.8,1202,,,,,,,6.8,320,1941,3.9,320,1851,1.5,1309,290,-2.2,49,1102,63.1,5.2,1018.7,1031.1,0014,1027.2,1542,1029.5,10.1,3.6,1100,1.56,7.86,,,,,,7.4,3.1,2.4,-4.8,2.7,2.8,2.8,3.1,2.9,5.1,7.6,13.4,16.1,1.1,1.6,,-{연무}-{연무}{강도0}0300-{연무}{강도0}0600-{연무}{강도0}0900-1010. {연무}1305-1420. {연무}1940-{연무}{강도0}2100-{연무}{강도0}2400-,,2020,1,4,25,0,0,0,0
108,서울,2020-01-26,5.5,-0.2,0747,11.9,1516,,,,,,,11.1,90,2122,6.1,70,1948,2.7,2342,70,-3.2,31,1425,56.3,4.8,1016.5,1029.5,0230,1024.6,1620,1027.2,10.1,7.3,1200,1.97,11.21,,,,,,5.8,0.0,3.5,-7.1,3.5,3.2,3.0,3.5,3.2,5.1,7.5,13.3,16.1,3.0,4.3,,{박무}0240-{박무}{강도0}0300-{박무}{강도0}0600-{박무}{강도0}0900-0930. -{연무}-0245.,,2020,1,4,26,0,0,0,0
108,서울,2020-01-27,5.9,4.8,2331,7.5,1418,,,,,6.92,0.1,13.7,90,0720,7.0,70,1649,4.6,3987,70,-4.5,35,1531,48.1,4.5,1010.4,1025.8,0001,1018.3,1445,1021.0,10.2,0.0,1200,0.51,2.76,,,,,,9.5,4.8,3.6,2.8,3.9,3.9,3.8,4.1,3.7,5.1,7.5,13.3,16.1,1.6,2.4,0.1,{비}1635-1750. {비}1820-{비}{강도0}2100-{비}{강도0}2400-,,2020,1,5,27,0,0,0,1
108,서울,2020-01-28,6.8,4.3,0231,9.9,1442,,,,,2.67,0.0,8.8,70,2030,5.4,70,2028,2.6,2263,50,-3.3,37,1329,49.4,4.8,1007.7,1019.6,0001,1016.9,1533,1018.2,10.2,0.0,1300,0.75,3.98,,,,,,7.3,6.8,4.6,0.6,4.8,4.4,4.1,4.4,4.0,5.3,7.4,13.2,16.0,1.6,2.3,,-{비}-0220. {비}0310-0330.,,2020,1,5,28,0,0,0,0
108,서울,2020-01-29,6.0,3.2,0708,9.6,1450,,,,,,,5.8,50,0947,3.6,70,1921,2.1,1837,70,-4.8,35,1623,46.4,4.3,1005.3,1018.8,0001,1013.8,1608,1015.8,10.2,3.1,1200,1.24,7.3,,,,,,6.6,2.0,3.7,-0.6,4.2,4.3,4.2,4.5,4.2,5.3,7.4,13.0,15.9,1.6,2.3,,{햇무리}1050-1330.,,2020,1,5,29,0,0,0,0
108,서울,2020-01-30,5.2,1.4,0814,10.4,1249,,,,,,,5.7,290,1748,3.0,320,1433,1.8,1513,70,-5.4,30,1255,47.0,4.1,1004.4,1016.9,2316,1013.3,1430,1014.9,10.3,5.5,1200,2.26,9.24,,,,,,4.0,3.8,3.0,-5.3,3.8,4.1,4.2,4.6,4.5,5.5,7.4,13.0,15.9,1.7,2.4,,,,2020,1,5,30,0,0,0,0
108,서울,2020-01-31,3.9,1.4,2357,8.9,1347,,,,,0.17,0.0,8.1,230,1545,4.4,270,1435,2.3,2022,270,-3.3,41,1333,59.6,4.8,1009.0,1022.6,2301,1016.8,0002,1019.7,10.3,6.1,1300,1.89,9.41,,,,,,4.8,4.3,2.8,-6.3,3.9,4.3,4.3,4.7,4.6,5.6,7.5,13.0,15.8,1.4,2.0,0.0,{연무}1310-{연무}{강도0}1500-1525. {비}1425-1435. {연무}1840-{연무}{강도0}2100-{연무}{강도0}2400-,,2020,1,5,31,0,0,0,0
108,서울,2020-02-01,2.6,-1.2,0705,7.6,1556,,,,,,,7.7,320,1434,4.7,270,1457,1.7,1505,290,-3.2,43,1526,66.6,4.9,1013.4,1025.4,2322,1022.2,0109,1024.1,10.3,5.3,1500,1.17,7.17,,,,,,3.4,3.4,2.3,-7.6,2.6,3.3,3.8,4.4,4.6,5.8,7.5,12.9,15.8,1.1,1.6,,{박무}0250-{박무}{강도0}0300-0335. -{연무}-0255. {연무}0330-0350. {연무}0525-{연무}{강도0}0600-0705. {박무}0655-{박무}{강도0}0900-1015. {연무}1010-{연무}{강도0}1200-{연무}{강도0}1500-{연무}{강도0}1800-{연무}{강도1}2100-{연무}{강도1}2400-,,2020,2,5,32,1,1,0,0
108,서울,2020-02-02,1.5,-2.1,0747,5.3,1309,,,,,,,7.3,290,1815,4.7,320,1821,1.8,1564,290,-7.8,24,1834,52.3,3.4,1014.7,1027.4,0941,1023.9,1700,1025.6,10.3,4.8,1200,1.42,8.39,,,,,,6.1,2.3,1.9,-8.7,2.4,2.9,3.4,4.0,4.4,5.8,7.6,12.9,15.7,1.6,2.3,0.0,-{연무}-{연무}{강도0}0300-{연무}{강도0}0600-{연무}{강도1}0900-{연무}{강도0}1200-{연무}{강도0}1500-1525. {연무}1615-1720. {연무}2050- {연무}{강도0}2100-2230.,,2020,2,5,33,1,1,0,0
108,서울,2020-02-03,-0.4,-2.9,2357,3.0,1456,,,,,3.08,0.0,9.0,290,1419,5.7,270,1448,3.1,2705,270,-11.8,23,1359,43.6,2.6,1016.3,1029.4,2340,1024.8,0001,1027.3,10.4,9.6,1200,2.22,13.56,,,,,,1.5,1.1,2.3,-6.2,2.5,3.0,3.4,4.0,4.3,5.8,7.5,12.7,15.7,2.0,2.9,,{눈}0015-{눈}{강도0}0300-0320.,,2020,2,6,34,1,1,0,0
108,서울,2020-02-04,-1.6,-6.0,0635,3.9,1429,,,,,7.25,1.7,10.8,340,2351,6.2,340,2059,2.8,2376,320,-11.0,32,1122,50.3,2.9,1015.8,1029.2,0001,1023.3,1723,1026.7,10.4,6.4,1100,1.93,10.01,0.8,1945,0.8,1945,0.8,3.9,3.8,0.3,-11.4,0.7,1.7,2.7,3.5,4.1,5.8,7.6,12.7,15.7,1.4,2.0,1.7,{눈}1445-{눈}{강도0}1500-{눈}{강도0}1800-1950. {박무}1555-1750. {박무}1810-2050. {눈}2015-{눈}{강도0}2100-2225. {박무}2115-2205.,,2020,2,6,35,1,1,0,1
108,서울,2020-02-05,-8.3,-11.0,0757,-4.9,1601,,,,,,,10.2,320,0050,5.5,320,0154,3.3,2869,320,-20.4,27,1458,37.3,1.2,1021.0,1035.0,2357,1027.8,0003,1032.4,10.5,9.7,1200,2.35,14.82,,,0.7,0001,,0.0,0.0,-2.5,-13.2,-0.7,1.0,2.1,3.0,3.7,5.8,7.6,12.7,15.6,1.4,2.0,,,,2020,2,6,36,1,1,0,0
108,서울,2020-02-06,-6.4,-11.8,0634,0.4,1433,,,,,,,7.0,290,2005,4.0,290,2018,1.9,1615,290,-19.2,19,1411,36.4,1.4,1023.0,1036.7,0934,1032.2,2319,1034.2,10.5,9.7,1200,2.23,13.97,,,,,,0.9,0.0,-2.7,-15.7,-1.7,0.0,1.3,2.3,3.2,5.7,7.6,12.6,15.5,1.6,2.2,,,,2020,2,6,37,1,1,0,0
108,서울,2020-02-07,-1.7,-7.2,0123,2.2,1533,,,,,0.58,0.0,6.9,340,1523,3.5,320,1440,2.0,1693,290,-12.9,14,1128,45.1,2.5,1018.5,1032.4,0001,1026.9,1732,1029.5,10.5,6.1,1300,1.98,10.14,,,,,,8.9,8.9,-0.4,-12.5,-0.7,0.0,1.0,1.9,2.9,5.6,7.6,12.5,15.5,1.5,2.2,0.0,{눈}2255-2330.,,2020,2,6,38,1,1,0,0
108,서울,2020-02-08,-0.1,-2.3,0803,3.7,1611,,,,,0.17,0.0,8.9,270,1538,5.3,340,1200,3.0,2608,320,-10.1,29,1523,48.1,2.9,1016.7,1028.9,0949,1025.8,1500,1027.5,10.6,9.6,1200,2.24,13.89,,,,,,2.5,2.5,1.4,-5.8,0.5,0.4,1.2,1.9,2.7,5.3,7.5,12.4,15.4,1.9,2.7,,{눈}0025-0035. {연무}0650-{연무}{강도0}0900-{연무}{강도0}1200-1245.,,2020,2,6,39,1,1,0,0
108,서울,2020-02-09,-0.5,-5.6,0742,4.1,1447,,,,,0.08,0.0,8.0,230,1553,4.4,270,1314,2.0,1726,270,-9.8,24,1358,51.1,3.0,1014.6,1029.0,0303,1022.5,2024,1025.5,10.6,9.6,1200,2.34,14.33,,,,,,2.8,1.9,0.5,-12.2,0.0,0.7,1.4,2.2,2.6,5.1,7.4,12.4,15.4,1.8,2.6,0.0,{눈}2355-{눈}{강도0}2400-,,2020,2,6,40,1,1,0,0
108,서울,2020-02-10,4.0,-0.7,0646,9.6,1500,,,,,0.92,0.0,7.8,360,1334,4.2,320,1312,1.7,1475,290,-6.5,25,1439,49.4,3.8,1013.4,1027.5,2348,1021.6,0434,1024.1,10.6,9.7,1200,2.24,14.22,,,,,,1.1,1.1,3.4,-8.2,2.6,2.3,2.1,2.5,2.6,5.1,7.3,12.4,15.3,2.3,3.3,,-{눈}-0040. {연무}0125-{연무}{강도0}0300-{연무}{강도0}0600-{연무}{강도0}0900-{연무}{강도0}1200-1230. {눈}0210-0225.,,2020,2,7,41,1,1,0,0
108,서울,2020-02-11,6.8,-0.5,0711,14.6,1526,,,,,,,5.7,90,0847,3.6,70,0852,1.6,1410,50,-7.9,17,1634,37.0,3.4,1016.3,1029.1,1106,1024.6,2400,1026.9,10.7,7.6,1200,2.24,10.91,,,,,,2.3,0.0,0.6,-5.5,,,,,2.9,5.0,7.2,12.3,15.3,2.4,3.4,0.1,,,2020,2,7,42,1,1,0,0
108,서울,2020-02-12,7.4,6.5,1219,8.2,1928,,,,,20.58,6.7,7.9,70,1150,5.0,70,1226,2.2,1906,70,2.1,31,0049,73.4,7.6,1006.4,1024.7,0005,1012.3,1750,1016.9,10.7,0.0,1300,0.56,2.86,,,,,,9.9,8.1,5.8,3.4,5.3,4.7,4.2,4.3,3.6,5.0,7.2,12.3,15.2,0.6,0.9,6.6,{비}0305-{비}{강도0}0600-{비}{강도0}0900-{비}{강도0}1200-{비}{강도0}1500-{안개비}1730-{안개비}{강도0}1800-{비}1930-{비}{강도0}2100-{안개비}2230-2340. {연무}0355-0425. {연무}0555-{연무}{강도0}0600-0615. {연무}0930-1150. {박무}1145-{박무}{강도0}1200-{박무}{강도1}1500-{박무}{강도1}1800-{박무}{강도2}2100-{박무}{강도2}2400-,,2020,2,7,43,1,0,0,1
108,서울,2020-02-13,6.5,4.9,0656,8.7,1534,,,,,,,5.3,200,1127,3.2,200,1506,1.7,1461,290,4.0,69,1523,84.8,8.2,1008.8,1021.5,2156,1014.7,0001,1019.3,10.7,1.3,1100,0.91,6.43,,,,,,9.1,9.1,6.6,0.4,6.2,5.8,5.2,5.2,4.4,5.2,7.2,12.2,15.3,0.9,1.2,,-{안개}-{시정(미만)}{1km}{안개}0018-{시정(이상)}{1km}{박무}0105-{박무}{강도2}0300-{박무}{강도1}0600-{박무}{강도2}0900-{박무}{강도1}1200-{박무}{강도1}1500-{박무}{강도1}1800-{박무}{강도1}2100-{박무}{강도1}2400-,0.78,2020,2,7,44,1,0,0,0
108,서울,2020-02-14,8.1,3.2,0708,14.7,1631,,,,,,,4.9,320,0127,3.0,200,1438,1.2,998,290,2.5,41,1515,70.3,7.3,1010.4,1022.8,2320,1018.7,1645,1020.8,10.8,8.7,1200,2.14,13.13,,,,,,2.1,1.4,6.9,-2.0,6.7,6.2,5.6,5.6,4.9,5.3,7.1,12.1,15.1,2.1,2.9,,-{박무}-{박무}{강도1}0300-{박무}{강도1}0600-{박무}{강도1}0900-1020. {연무}1015-{연무}{강도0}1200-{연무}{강도0}1500-{연무}{강도0}1800-{연무}{강도1}2100-{연무}{강도1}2400-,,2020,2,7,45,1,0,0,0
108,서울,2020-02-15,9.8,6.2,0735,15.6,1250,,,,,4.25,2.0,9.0,320,2035,5.0,70,0456,2.7,2350,70,2.4,37,1251,63.0,7.4,1007.3,1022.9,0010,1011.9,2347,1017.6,10.8,5.0,1100,2.05,8.77,,,,,,5.8,3.8,6.6,0.5,7.2,6.8,6.1,6.2,5.5,5.6,7.1,12.1,15.1,1.7,2.4,14.4,-{연무}-{연무}{강도0}0300-{연무}{강도0}0600-{연무}{강도0}0900-{연무}{강도0}1200-1445. {연무}1635-{연무}{강도0}1800-2035. {비}1945-{비}{강도0}2100-{비}{강도0}2400- {박무}2030-{박무}{강도2}2100-{박무}{강도1}2400-,,2020,2,7,46,1,0,0,1
108,서울,2020-02-16,-1.4,-4.3,2245,7.7,0001,,,,,17.0,13.4,11.5,270,1400,6.6,270,1407,4.0,3423,270,-4.3,59,1850,81.1,4.6,1002.6,1016.2,2313,1011.4,0431,1013.5,10.8,1.6,1400,0.92,4.14,3.9,1300,3.9,1300,4.0,8.9,8.0,2.2,-4.6,3.7,5.0,5.7,6.2,6.0,5.9,7.2,12.1,15.1,0.7,1.0,2.0,-{박무}-0250. -{비}-{비}{강도1}0300-{진눈깨비}0305-{눈}0335-{눈}{강도0}0600-0745. {박무}0310-{박무}{강도1}0600-{박무}{강도1}0900-{박무}{강도2}1200-1455. {눈}0955-{눈}{강도0}1200-{눈}{강도0}1500-1505. {눈}1535-1715. {박무}1545-1625. {눈}2025-{눈}{강도0}2100-2115. {눈}2225-{눈}{강도0}2400-,,2020,2,7,47,1,1,0,1
108,서울,2020-02-17,-5.9,-7.1,2258,-3.9,0130,,,,,14.75,1.0,9.4,320,1659,5.6,320,1702,3.4,2963,320,-11.6,52,1516,64.3,2.6,1007.4,1023.3,2349,1015.8,0133,1018.4,10.9,3.2,1400,1.31,7.08,3.8,0600,5.5,0600,3.8,6.5,6.1,0.3,-6.9,1.3,2.7,3.8,4.7,5.3,6.2,7.4,12.1,15.1,0.8,1.2,0.0,{박무}0010-0235. -{눈}-{시정(미만)}{1km}{눈}0157-{시정(이상)}{1km}{눈}0201-{눈}{강도0}0300-{눈}{강도0}0600-{눈}{강도0}0900-{눈}{강도0}1200-1445. {박무}0320-{박무}{강도0}0600-0645. {박무}0750-{박무}{강도0}0900-1005. {연무}0955-{연무}{강도1}1200-1345.,,2020,2,8,48,1,1,0,1
108,서울,2020-02-18,-4.1,-8.3,0745,1.3,1608,,,,,,,6.6,290,0916,4.1,290,1458,2.3,1968,290,-14.8,27,1529,44.0,2.0,1016.7,1029.9,2219,1023.0,0019,1027.7,10.9,10.1,1200,2.56,16.78,,,2.0,0001,,0.0,0.0,-0.1,-8.6,0.2,1.7,2.9,3.8,4.6,6.1,7.4,12.0,15.0,1.7,2.5,,,,2020,2,8,49,1,1,0,0
108,서울,2020-02-19,1.0,-4.4,0624,6.4,1512,,,,,,,5.4,250,1415,3.2,270,1504,1.5,1293,50,-6.9,35,1232,56.8,3.7,1019.3,1031.3,1006,1029.0,1601,1030.2,11.0,7.4,1200,1.84,12.13,,,,,,6.0,3.1,1.8,-7.4,1.1,1.8,2.6,3.4,4.1,6.0,7.5,12.0,15.0,1.5,2.1,,{연무}0830-{연무}{강도0}0900-0920. {연무}2105-{연무}{강도0}2400-,,2020,2,8,50,1,1,0,0
108,서울,2020-02-20,4.6,-0.6,0659,10.8,1547,,,,,,,6.0,270,1454,3.3,290,1444,1.7,1465,50,-2.4,35,1457,62.6,5.1,1022.6,1035.3,2014,1030.8,0001,1033.4,11.0,9.4,1200,2.15,13.71,,,,,,2.5,1.8,4.0,-5.0,3.7,3.4,3.2,3.7,4.0,5.8,7.5,11.9,14.9,2.0,2.9,,-{연무}-{연무}{강도0}0300-{연무}{강도0}0600-0610. {박무}0605-0855. {연무}0850-{연무}{강도0}0900-{연무}{강도0}1200-{연무}{강도0}1500-{연무}{강도0}1800-{연무}{강도0}2100-{연무}{강도0}2400-,,2020,2,8,51,1,1,0,0
108,서울,2020-02-21,6.7,2.1,0459,10.9,1438,,,,,4.92,4.2,9.7,250,2049,5.3,250,2050,2.2,1862,200,0.5,40,1340,66.3,6.5,1018.5,1034.8,0002,1022.1,2356,1029.2,11.0,1.1,1300,1.15,6.5,,,,,,9.3,4.3,4.4,-3.7,4.5,4.3,4.1,4.4,4.4,5.7,7.4,11.8,14.9,1.3,1.9,7.3,-{연무}-{연무}{강도0}0300-{연무}{강도0}0600-{연무}{강도1}0900-{연무}{강도0}1200-1350. {비}1905-{비}{강도0}2100-{비}{강도0}2400- {박무}2025-{박무}{강도0}2100-{박무}{강도1}2400-,,2020,2,8,52,1,0,0,1
108,서울,2020-02-22,4.0,0.0,2340,7.9,1246,,,,,3.83,3.1,14.4,290,1319,8.2,320,1324,4.0,3453,270,-3.1,40,1430,62.0,5.1,1014.2,1029.9,2344,1021.4,0204,1024.9,11.1,5.9,1200,2.17,9.06,,,,,,5.9,5.5,4.2,-2.8,5.1,5.3,5.1,5.3,4.9,5.7,7.4,11.8,14.8,1.7,2.4,0.0,-{비}-{비}{강도0}0300-0310. -{박무}-{박무}{강도0}0300-{박무}{강도1}0600-{박무}{강도1}0900-0950. {황사}0930-{황사}{강도0}1200- {비}1250-{진눈깨비}1315-1330. {연무}1315-1320.{연무}{강도0}1500-1550.,,2020,2,8,53,1,0,0,1
108,서울,2020-02-23,2.5,-2.5,0645,8.0,1446,,,,,,,8.1,290,1434,4.2,270,1435,2.0,1759,270,-7.9,25,1157,48.6,3.4,1018.2,1031.2,0856,1026.8,1707,1029.0,11.1,10.2,1200,2.6,17.37,,,,,,0.9,0.9,3.6,-9.8,3.8,4.1,4.3,4.8,5.0,5.8,7.4,11.7,14.8,2.5,3.6,,,,2020,2,8,54,1,1,0,0
108,서울,2020-02-24,7.0,0.8,0514,12.2,1408,,,,,,,6.2,250,1442,3.4,230,1445,1.6,1415,50,-2.4,35,1410,51.8,5.2,1013.6,1027.5,0015,1021.1,2347,1024.1,11.1,7.7,1200,2.2,13.21,,,,,,7.0,3.6,6.1,-4.1,5.7,5.2,4.8,5.1,5.0,5.9,7.4,11.8,14.8,2.1,2.9,8.6,,,2020,2,9,55,1,0,0,0
108,서울,2020-02-25,6.7,4.7,2400,9.4,1642,,,,,12.58,16.6,12.4,90,1646,6.8,70,1603,4.2,3601,70,2.1,58,1656,73.5,7.2,1007.4,1021.1,0005,1014.8,1449,1017.9,11.2,0.6,1500,0.91,4.11,,,,,,7.5,5.5,6.0,2.1,6.1,6.1,5.8,6.0,5.7,6.0,7.5,11.8,14.8,1.2,1.7,8.0,{연무}0005-0245. {비}0120-{비}{강도0}0300-{비}{강도0}0600-{비}{강도1}0900-{비}{강도0}1200-1355. {박무}0240-{박무}{강도0}0300-{박무}{강도0}0600-{박무}{강도0}0900-1135.,,2020,2,9,56,1,0,0,1
108,서울,2020-02-26,6.4,2.8,0423,10.4,1513,,,,,0.42,0.0,6.6,70,0024,4.0,340,1411,2.1,1817,50,-1.1,39,1645,59.6,5.6,1012.7,1026.2,2322,1020.4,0001,1023.3,11.2,4.8,1200,1.74,10.45,,,,,,5.3,5.3,5.4,-2.1,5.7,5.8,5.6,5.9,5.7,6.1,7.4,11.6,14.7,1.9,2.7,0.0,{비}1740-{비}{강도0}1800-1805.,,2020,2,9,57,1,0,0,0
108,서울,2020-02-27,6.1,1.3,0657,12.5,1528,,,,,,,7.0,200,1740,4.4,250,1747,2.0,1709,70,-3.0,27,1514,54.0,4.9,1017.0,1029.7,0957,1026.1,0001,1027.7,11.3,10.4,1300,2.74,16.77,,,,,,2.6,2.1,6.0,-3.5,6.2,6.1,5.9,6.1,5.9,6.2,7.4,11.6,14.6,2.7,3.8,,,,2020,2,9,58,1,0,0,0
108,서울,2020-02-28,4.5,3.6,1335,5.9,1013,,,,,13.83,3.9,8.1,250,1020,4.2,230,1028,1.4,1172,50,1.0,43,1021,79.4,6.7,1011.9,1026.7,0013,1019.7,2210,1022.5,11.3,0.0,1400,0.42,2.41,,,,,,9.8,7.3,4.7,-0.7,4.9,5.4,5.8,6.2,6.2,6.4,7.4,11.6,14.6,0.5,0.8,4.4,{비}1010-{비}{강도0}1200-{비}{강도0}1500-{비}{강도0}1800-{안개비}2050-{안개비}{강도0}2100-{안개비}{강도0}2400- {박무}1130-{박무}{강도0}1200-{박무}{강도0}1500-{박무}{강도0}1800-{박무}{강도2}2100-{박무}{강도2}2400-,,2020,2,9,59,1,0,0,1
108,서울,2020-02-29,7.7,4.5,0001,13.0,1550,,,,,5.17,0.5,6.4,270,1449,4.2,270,1658,1.7,1445,50,1.7,41,1621,68.6,6.9,1007.7,1019.7,0001,1016.0,1548,1018.2,11.3,9.5,1200,2.77,17.12,,,,,,3.0,2.9,8.4,-1.9,8.1,7.4,6.5,6.5,6.0,6.4,7.5,11.5,14.5,2.4,3.4,,-{안개비}-{안개비}{강도0}0300-0420. -{박무}-{박무}{강도0}0300-{박무}{강도0}0600-0850. {안개비}0550-{안개비}{강도0}0600-0640.,,2020,2,9,60,1,0,0,1
108,서울,2020-03-01,5.8,3.2,0511,10.1,1314,,,,,4.5,0.2,8.3,320,2236,4.7,270,1529,2.0,1731,270,1.0,58,1159,71.8,6.6,1007.9,1020.0,2357,1016.5,1419,1018.5,11.4,0.2,1100,1.47,5.4,,,,,,8.1,7.9,5.5,-1.9,6.3,6.7,6.7,7.1,6.6,6.6,7.5,11.5,14.5,1.2,1.7,0.2,{연무}0945-{연무}{강도0}1200-{연무}{강도0}1500-{연무}{강도0}1800-1935. {안개비}1930-{안개비}{강도0}2100-{비}2155-{비}{강도0}2400- {박무}1930-{박무}{강도1}2100-{박무}{강도0}2400-,,2020,3,9,61,1,0,0,1
108,서울,2020-03-02,3.4,0.0,0723,7.6,1546,,,,,0.33,0.0,9.3,290,0526,4.9,290,0451,2.7,2303,290,-5.2,33,1439,55.3,4.2,1013.1,1026.4,2211,1020.0,0001,1023.8,11.4,10.0,1200,2.69,17.08,,,,,,1.6,0.5,5.0,-4.1,5.8,6.2,6.3,6.7,6.7,6.7,7.6,11.5,14.5,2.3,3.3,,-{비}-0020. -{박무}-{박무}{강도0}0300-0430. {연무}0425-{연무}{강도0}0600-0850.,,2020,3,10,62,1,0,0,0
108,서울,2020-03-03,4.8,0.3,0441,10.5,1329,,,,,,,8.0,270,1547,4.7,320,1747,2.6,2222,70,-3.2,35,1254,57.0,4.9,1013.3,1026.3,0159,1021.3,1714,1023.9,11.5,4.1,1200,1.64,10.62,,,,,,6.5,4.5,3.7,-6.1,5.0,5.7,6.0,6.5,6.5,6.9,7.7,11.4,14.5,1.9,2.8,0.0,{연무}0435-{연무}{강도0}0600-0605. {연무}0950-{연무}{강도0}1200-1255. {연무}1450-{연무}{강도0}1500-{연무}{강도0}1800-2050.,,2020,3,10,63,1,0,0,0
108,서울,2020-03-04,2.2,-1.3,2351,4.6,1046,,,,,1.5,0.0,11.7,250,1112,6.8,270,1118,3.7,3208,270,-6.5,32,1439,53.4,3.9,1011.4,1024.5,2317,1020.4,1443,1022.2,11.5,6.6,1100,2.3,10.41,,,,,,5.1,5.1,4.0,-4.8,4.7,5.4,5.9,6.4,6.5,6.9,7.8,11.4,14.4,1.8,2.5,0.0,{비}0355-0415. {연무}0430-{연무}{강도0}0600-{연무}{강도0}0900-{연무}{강도0}1200-{연무}{강도0}1500-{연무}{강도0}1800-{연무}{강도0}2100-{연무}{강도0}2400- {눈}1355-1415. {눈}1555-1645.,,2020,3,10,64,1,1,0,0
108,서울,2020-03-05,1.4,-2.8,0654,6.3,1527,,,,,,,7.6,200,1258,4.1,270,1401,2.5,2165,270,-8.9,25,1415,47.5,3.1,1014.5,1027.5,0938,1023.6,1729,1025.3,11.5,10.9,1200,2.83,19.25,,,,,,0.0,0.0,3.8,-6.4,3.9,4.5,5.0,5.7,6.1,6.9,7.9,11.4,14.4,2.4,3.5,,-{연무}-{연무}{강도0}0300-0315.,,2020,3,10,65,1,1,0,0
108,서울,2020-03-06,3.7,-2.5,0718,10.1,1621,,,,,,,6.0,180,1452,3.6,200,1454,1.6,1355,50,-7.8,16,1540,46.8,3.5,1011.7,1025.2,0245,1019.5,1704,1022.3,11.6,10.6,1100,2.44,16.82,,,,,,2.5,0.0,4.5,-9.2,4.4,4.8,5.1,5.6,5.9,6.9,7.9,11.4,14.3,2.6,3.7,,,,2020,3,10,66,1,1,0,0
108,서울,2020-03-07,7.0,1.3,0633,14.2,1442,,,,,,,6.3,290,1748,4.1,270,1624,2.0,1751,70,-6.5,18,1302,39.5,3.8,1007.5,1020.2,0118,1015.6,1557,1018.0,11.6,5.9,1300,2.43,13.0,,,,,,5.4,3.5,7.0,-4.5,6.1,5.8,5.6,6.0,5.9,6.9,7.9,11.4,14.3,2.7,3.8,,{연무}2035-{연무}{강도0}2100-{연무}{강도0}2400-,,2020,3,10,67,1,0,0,0
108,서울,2020-03-08,9.3,2.3,0723,16.9,1559,,,,,,,7.0,270,1740,4.6,270,1754,1.6,1356,290,-3.5,20,1240,43.8,4.7,1008.0,1020.9,0958,1016.5,1703,1018.4,11.7,10.7,1200,2.74,18.27,,,,,,0.3,0.0,8.6,-3.6,7.4,7.1,6.6,6.7,6.3,6.9,7.9,11.3,14.3,3.6,5.1,,-{연무}-{연무}{강도0}0300-{연무}{강도0}0600-{연무}{강도0}0900-{연무}{강도0}1200-1230. {연무}1410-{연무}{강도0}1500-{연무}{강도0}1800-{연무}{강도0}2100-{연무}{강도0}2400-,,2020,3,10,68,1,0,0,0
108,서울,2020-03-09,11.1,4.8,0719,17.6,1423,,,,,,,7.3,320,2053,4.5,320,1942,1.8,1528,320,-3.5,20,1158,37.6,4.7,1003.6,1018.6,0129,1010.5,2352,1013.9,11.7,7.1,1100,2.54,14.19,,,,,,6.5,2.4,9.7,-2.7,8.8,8.1,7.4,7.4,6.8,6.9,7.9,11.3,14.2,2.9,4.2,4.8,-{연무}-{연무}{강도0}0300-{연무}{강도0}0600-{연무}{강도0}0900-1140. {연무}1505-1655. {연무}1940-{연무}{강도0}2100-{연무}{강도0}2400-,,2020,3,11,69,1,0,0,0
108,서울,2020-03-10,6.4,3.2,2343,10.8,0001,,,,,18.67,11.8,8.7,290,1840,5.3,290,1841,2.8,2408,290,2.6,40,0001,78.4,7.6,997.6,1011.6,2353,1005.2,1436,1008.0,11.7,0.0,1100,0.54,2.72,,,,,,7.5,6.1,6.5,0.0,7.7,8.1,8.0,8.2,7.7,7.2,8.1,11.4,14.3,1.0,1.5,7.0,{비}0005-{비}{강도0}0300-{비}{강도0}0600-{비}{강도0}0900-{비}{강도0}1200-{비}{강도0}1500-{비}{강도0}1800-1845. -{연무}-{연무}{강도0}0300-0350. {박무}0345-{박무}{강도1}0600-{박무}{강도1}0900-{박무}{강도0}1200-{박무}{강도1}1500-1535. {박무}1745-{박무}{강도0}1800-2040.,,2020,3,11,70,1,0,0,1
108,서울,2020-03-11,3.8,0.0,0658,8.3,1454,,,,,,,9.6,290,1006,5.5,320,0956,3.3,2867,270,-8.4,24,1254,41.8,3.3,1007.7,1022.4,2347,1011.6,0001,1018.4,11.8,11.2,1200,2.95,20.72,,,,,,0.0,0.0,4.8,-2.2,5.7,6.3,6.5,7.1,7.3,7.3,8.1,11.3,14.2,3.0,4.3,,,,2020,3,11,71,1,0,0,0
108,서울,2020-03-12,6.8,0.2,0638,13.3,1435,,,,,,,10.2,290,1632,5.4,230,1624,2.5,2192,250,-4.3,19,1525,49.8,4.6,1010.9,1023.2,0624,1018.5,1548,1021.4,11.8,8.1,1300,2.19,14.32,,,,,,4.0,2.4,5.5,-4.2,6.1,6.3,6.4,6.9,7.0,7.4,8.1,11.2,14.1,2.9,4.1,0.5,,,2020,3,11,72,1,0,0,0
108,서울,2020-03-13,4.9,-0.1,2400,8.7,1427,,,,,2.25,0.5,9.1,340,1954,5.4,340,1959,3.3,2857,320,-8.7,18,1516,41.0,3.6,1011.3,1024.3,1005,1020.2,1703,1021.9,11.9,9.7,1200,2.7,17.82,,,,,,6.6,2.3,7.7,-3.3,7.7,7.6,7.3,7.6,7.2,7.4,8.2,11.2,14.1,3.2,4.6,,{연무}0030-0135. {비}0115-{비}{강도0}0300-0330. -{박무}-{박무}0130-{박무}{강도1}0300-0345.,,2020,3,11,73,1,1,0,1
108,서울,2020-03-14,3.6,-2.7,0642,8.6,1440,,,,,,,11.9,230,1400,6.8,230,1543,3.0,2608,250,-6.9,25,1100,48.1,3.9,1005.0,1021.5,0001,1011.8,1803,1015.6,11.9,10.0,1200,2.82,18.6,,,,,,2.1,2.1,5.6,-8.2,5.5,6.1,6.5,7.1,7.2,7.5,8.2,11.2,14.1,2.8,3.9,,{연무}1950-{연무}{강도0}2100-{연무}{강도0}2400-,,2020,3,11,74,1,1,0,0
108,서울,2020-03-15,4.0,0.2,2335,8.5,1327,,,,,,,14.4,270,1533,7.8,320,1507,3.6,3135,320,-7.3,19,1344,48.3,3.8,1001.4,1018.2,2400,1008.4,1446,1011.9,11.9,8.5,1100,2.54,17.29,,,,,,3.1,1.6,6.2,-3.4,6.0,6.5,6.8,7.2,7.1,7.6,8.3,11.2,14.1,3.4,4.8,,-{연무}-{연무}{강도0}0300-0345. {박무}0340-{박무}{강도0}0600-0655.,,2020,3,11,75,1,0,0,0
108,서울,2020-03-16,3.6,-2.1,0638,9.1,1510,,,,,,,9.8,200,1711,5.2,250,1634,2.8,2382,250,-8.8,17,1418,42.4,3.2,1011.4,1024.7,0912,1018.2,0001,1022.1,12.0,11.3,1200,2.96,21.18,,,,,,1.0,1.0,6.1,-8.6,5.5,6.1,6.3,6.9,6.9,7.6,8.4,11.2,14.0,3.3,4.7,,,,2020,3,12,76,1,1,0,0
108,서울,2020-03-17,6.6,3.1,0046,12.3,1537,,,,,,,9.0,230,1810,5.2,230,1614,2.1,1798,230,0.5,50,1521,65.8,6.4,1005.0,1020.9,0001,1012.1,1538,1015.5,12.0,4.2,1500,1.77,6.89,,,,,,4.8,4.8,7.5,-3.0,6.6,6.7,6.8,7.2,7.1,7.6,8.5,11.3,14.0,1.4,2.0,,{연무}1255-1355. {연무}1425-{연무}{강도0}1500-{연무}{강도0}1800-{연무}{강도0}2100-{연무}{강도0}2400-,,2020,3,12,77,1,0,0,0
108,서울,2020-03-18,10.0,2.7,0726,17.0,1550,,,,,,,8.1,200,1530,4.4,230,1538,1.8,1529,250,-3.5,16,1549,45.8,4.9,1002.6,1017.1,0856,1008.4,2358,1012.9,12.1,11.1,1200,2.93,20.66,,,,,,0.0,0.0,9.8,-5.4,8.2,7.7,7.2,7.4,7.1,7.6,8.4,11.2,14.0,4.3,6.1,,{박무}0120-{박무}{강도0}0300-{박무}{강도1}0600-0855. -{연무}-0125. {연무}0850-{연무}{강도0}0900-1155.,,2020,3,12,78,1,0,0,0
108,서울,2020-03-19,9.1,5.8,2400,12.1,0641,,,,,0.33,0.0,16.3,270,1130,8.2,250,1636,4.8,4114,270,-1.3,27,0001,49.0,5.8,995.6,1012.7,2357,1000.7,0735,1005.9,12.1,7.7,1100,2.75,15.51,,,,,,3.4,3.0,9.9,1.8,9.0,8.7,8.3,8.4,7.8,7.7,8.6,11.3,14.0,3.2,4.6,0.0,{연무}0220-{연무}{강도0}0300-{연무}{강도0}0600-{연무}{강도0}0900-1105. {비}1335-1355.,,2020,3,12,79,1,0,0,0
108,서울,2020-03-20,8.8,3.1,0641,14.0,1421,,,,,,,13.0,230,1547,6.6,270,1450,3.1,2715,200,-5.6,15,1425,39.6,4.2,1003.3,1015.4,0914,1011.8,1838,1013.7,12.1,11.0,1200,2.86,20.58,,,,,,0.4,0.0,9.9,-4.5,8.7,8.5,8.2,8.4,7.9,7.8,8.5,11.2,13.9,4.4,6.3,,,,2020,3,12,80,1,0,0,0
108,서울,2020-03-21,12.8,7.9,0107,19.5,1538,,,,,,,8.6,320,1819,5.1,290,1821,2.0,1720,180,4.0,36,1433,56.5,8.4,1001.3,1014.2,0853,1007.9,1631,1011.5,12.2,6.1,1300,2.58,14.83,,,,,,6.9,6.3,13.9,2.3,11.4,10.3,9.2,9.1,8.3,8.0,8.6,11.2,13.9,2.9,4.1,,{연무}1450-{연무}{강도0}1500-1550. {연무}2110-{연무}{강도0}2400-,,2020,3,12,81,1,0,0,0
108,서울,2020-03-22,11.0,6.1,0631,16.5,1402,,,,,,,10.2,320,1455,5.6,320,1248,3.0,2590,290,-5.8,13,1403,37.5,4.5,1004.0,1017.8,2251,1011.7,0001,1014.4,12.2,11.6,1200,3.12,22.54,,,,,,0.1,0.0,13.6,0.9,12.2,11.6,10.4,10.3,9.1,8.1,8.6,11.2,13.8,5.4,7.8,,{박무}0035-{박무}{강도0}0300-0455. -{연무}-0040.,,2020,3,12,82,1,0,0,0
108,서울,2020-03-23,10.6,5.4,0516,17.0,1507,,,,,,,9.6,320,1544,4.8,270,1641,1.9,1642,270,-3.6,20,1544,37.9,4.8,1006.7,1018.6,0709,1014.6,1616,1017.1,12.3,11.5,1200,2.92,20.72,,,,,,0.0,0.0,12.6,-3.1,11.1,10.9,10.3,10.4,9.5,8.4,8.7,11.2,13.8,4.0,5.7,,,,2020,3,13,83,1,0,0,0
108,서울,2020-03-24,11.4,5.3,0558,17.9,1444,,,,,,,7.0,290,1656,4.0,200,1254,1.8,1551,270,-4.4,15,1341,35.0,4.4,1009.8,1022.0,1002,1018.1,0001,1020.2,12.3,11.5,1200,2.94,21.06,,,,,,0.0,0.0,13.2,-2.0,11.6,11.2,10.5,10.6,9.7,8.7,8.8,11.1,13.8,4.3,6.2,,{연무}0035-{연무}{강도0}0300-0310.,,2020,3,13,84,1,0,0,0
108,서울,2020-03-25,12.5,6.1,0644,19.2,1401,,,,,,,8.3,290,1547,5.3,320,1632,1.9,1610,290,-3.7,17,1403,33.6,4.7,1009.7,1022.2,0956,1018.1,1533,1020.1,12.4,9.2,1200,2.84,19.29,,,,,,4.0,0.0,13.9,-1.8,11.9,11.5,10.7,10.8,9.9,8.9,9.0,11.1,13.7,4.1,5.8,,{햇무리}1250-1340. {햇무리}1540-1650.,,2020,3,13,85,1,0,0,0
108,서울,2020-03-26,14.8,8.1,0622,20.6,1330,,,,,4.92,1.8,7.3,180,1743,5.3,160,1746,1.9,1655,70,4.2,24,1150,53.8,8.9,1004.9,1019.0,0008,1011.6,2358,1015.1,12.4,4.3,1100,2.56,11.97,,,,,,6.9,3.9,13.5,2.0,12.8,12.0,11.2,11.2,10.2,9.0,9.1,11.1,13.7,2.5,3.5,3.8,{연무}0915-1120. {비}1635-1650. {연무}1820-1845. {비}1825-2020. {박무}1840-{박무}{강도0}2100-{박무}{강도1}2400- {비}2115-{비}{강도0}2400-,,2020,3,13,86,1,0,0,1
108,서울,2020-03-27,11.9,6.7,2357,15.8,1512,,,,,5.92,2.0,10.3,250,1624,5.8,320,1129,3.3,2843,290,1.8,27,1653,56.4,8.1,1003.2,1020.7,2359,1009.7,0407,1013.4,12.4,7.4,1300,2.96,17.04,,,,,,5.1,3.5,14.4,3.5,13.8,13.3,12.2,12.0,10.7,9.3,9.3,11.1,13.7,4.6,6.6,,-{비}-{비}{강도0}0300-0555. -{박무}-{박무}{강도2}0300-{박무}{강도1}0600-{박무}{강도0}0900-1020. {연무}1015-1105.,,2020,3,13,87,1,0,0,1
108,서울,2020-03-28,7.7,4.5,0622,12.8,1522,,,,,,,10.1,360,0558,5.5,340,0641,3.2,2757,360,-15.8,11,1218,17.9,1.8,1010.8,1024.0,0815,1018.4,1548,1021.3,12.5,9.1,1300,2.92,19.87,,,,,,5.1,0.0,10.8,-2.1,10.2,10.8,11.0,11.4,10.9,9.6,9.4,11.2,13.7,4.7,6.7,,{햇무리}0750-1320.,,2020,3,13,88,1,0,0,0
108,서울,2020-03-29,8.7,1.3,0632,16.1,1520,,,,,,,7.4,270,1638,4.6,290,1729,2.0,1733,290,-8.0,16,1443,30.6,3.4,1010.9,1024.2,0711,1018.9,1815,1021.4,12.5,11.6,1200,3.17,23.12,,,,,,1.5,0.0,11.8,-5.5,10.4,10.4,10.4,10.8,10.4,9.7,9.5,11.1,13.6,4.3,6.2,,,,2020,3,13,89,1,0,0,0
108,서울,2020-03-30,10.2,4.3,0658,16.9,1542,,,,,,,6.8,290,1340,4.1,270,1801,1.8,1560,270,-4.7,14,1344,38.4,4.4,1010.1,1022.2,0805,1018.0,1641,1020.5,12.5,11.7,1200,3.12,22.73,,,,,,0.9,0.0,13.3,-3.7,11.5,11.3,10.9,11.1,10.4,9.8,9.7,11.1,13.6,4.5,6.5,,{연무}0635-0725.,,2020,3,14,90,1,0,0,0
108,서울,2020-03-31,11.9,4.7,0622,18.6,1401,,,,,,,7.4,340,1403,4.4,290,1521,2.0,1709,270,-4.1,15,1313,34.5,4.5,1007.0,1020.9,0120,1014.3,1714,1017.3,12.6,10.0,1100,2.97,20.68,,,,,,5.5,0.0,14.5,-3.3,12.3,11.8,11.2,11.4,10.6,9.9,9.8,11.1,13.6,4.9,7.0,,,,2020,3,14,91,1,0,0,0
108,서울,2020-04-01,11.3,6.0,2358,17.4,1350,,,,,,,11.9,290,1520,7.3,270,1437,3.7,3227,290,-4.3,17,1709,35.6,4.5,1004.5,1020.3,2314,1011.5,1353,1014.8,12.6,8.6,1200,2.82,19.12,,,,,,3.5,0.0,15.0,-0.8,13.1,12.8,12.0,12.0,11.1,10.1,10.0,11.1,13.6,4.7,6.8,,{연무}1130-{연무}{강도0}1200-1420.,,2020,4,14,92,1,0,0,0
108,서울,2020-04-02,9.3,3.4,0613,15.5,1315,,,,,,,9.8,270,1502,5.5,270,1533,2.3,1985,250,-4.7,15,1503,41.4,4.4,1011.6,1023.5,0950,1020.1,0039,1022.0,12.7,10.6,1200,2.85,21.25,,,,,,2.6,0.0,13.1,-3.4,11.8,11.9,11.6,11.9,11.2,10.2,10.0,11.1,13.5,4.2,6.0,,,,2020,4,14,93,1,0,0,0
108,서울,2020-04-03,10.0,5.3,0504,16.3,1434,,,,,,,9.4,290,1611,5.7,270,1628,2.7,2303,270,0.2,23,1345,53.8,6.3,1010.5,1023.6,0744,1018.4,1557,1020.9,12.7,10.7,1200,3.09,22.56,,,,,,1.3,1.3,14.2,-3.1,12.4,12.2,11.8,11.9,11.1,10.3,10.1,11.2,13.5,4.2,6.0,,{박무}0340-{박무}{강도1}0600-0825. {연무}0820-{연무}{강도0}0900-{연무}{강도0}1200-1310. {연무}2155-{연무}{강도0}2400-,,2020,4,14,94,1,0,0,0
108,서울,2020-04-04,8.9,5.0,2358,13.3,1505,,,,,,,12.8,270,1650,6.3,290,1657,3.4,2970,290,-9.1,10,1635,36.4,3.9,1008.6,1022.5,2354,1017.0,0555,1019.0,12.8,10.4,1200,3.25,23.33,,,,,,0.8,0.8,13.8,-2.2,12.3,12.5,12.1,12.3,11.4,10.5,10.3,11.3,13.5,6.0,8.5,,{박무}0240-{박무}{강도1}0300-{박무}{강도1}0600-0835. -{연무}-0245. {연무}0830-{연무}{강도0}0900-0935.,,2020,4,14,95,1,0,0,0
108,서울,2020-04-05,7.2,1.9,0605,13.7,1516,,,,,,,9.7,200,1638,5.4,230,1629,2.8,2380,270,-11.2,13,1059,29.5,3.0,1011.8,1023.8,0735,1020.2,1648,1022.3,12.8,12.1,1200,3.26,24.58,,,,,,0.0,0.0,12.4,-5.8,11.0,11.5,11.5,11.9,11.3,10.6,10.4,11.2,13.5,4.7,6.6,,,,2020,4,14,96,1,0,0,0
108,서울,2020-04-06,9.3,2.9,0601,16.1,1348,,,,,,,10.2,250,1508,5.9,270,1516,2.4,2116,290,-5.1,18,1326,38.3,4.3,1010.0,1022.9,0047,1017.7,1812,1020.4,12.8,11.4,1200,3.04,22.51,,,,,,3.5,0.0,13.8,-6.4,11.9,11.8,11.5,11.8,11.1,10.7,10.5,11.2,13.4,4.4,6.3,,,,2020,4,15,97,1,0,0,0
108,서울,2020-04-07,10.6,6.0,0430,16.8,1416,,,,,,,8.4,200,1639,5.1,270,1524,2.5,2123,270,1.7,32,2345,56.6,7.1,1005.3,1019.3,0001,1013.0,1736,1015.7,12.9,9.0,1200,2.68,19.3,,,,,,2.1,2.1,14.8,-1.3,13.0,12.8,12.1,12.2,11.4,10.8,10.7,11.4,13.5,3.8,5.4,,{박무}0505-{박무}{강도0}0600-0645. {박무}0725-{박무}{강도0}0900-0930. {연무}0925-{연무}{강도0}1200-{연무}{강도0}1500-{연무}{강도0}1800-1950.,,2020,4,15,98,1,0,0,0
108,서울,2020-04-08,9.4,5.2,0457,14.2,1557,,,,,,,11.2,340,1214,5.9,340,1124,3.5,2999,290,-10.4,13,1319,25.5,2.8,1007.8,1021.2,2348,1015.5,0005,1018.2,12.9,12.3,1200,3.25,24.86,,,,,,0.0,0.0,14.3,-1.7,12.1,12.3,12.1,12.3,11.6,10.8,10.7,11.3,13.4,5.7,8.1,,,,2020,4,15,99,1,0,0,0
108,서울,2020-04-09,8.9,4.3,0604,14.7,1437,,,,,,,10.2,250,1529,5.7,250,1707,2.8,2381,270,-2.8,30,1300,44.6,5.1,1011.5,1024.7,2358,1020.3,1531,1022.0,12.9,11.8,1200,3.33,24.79,,,,,,1.3,0.1,14.0,-2.0,11.3,11.4,12.5,11.9,11.6,11.0,10.8,11.3,13.4,4.4,6.2,,,,2020,4,15,100,1,0,0,0
108,서울,2020-04-10,10.7,5.8,0520,16.8,1527,,,,,,,7.5,290,1557,4.1,290,1619,2.4,2103,290,1.0,32,1428,52.6,6.6,1014.0,1026.4,0857,1022.3,1549,1024.5,13.0,9.2,1000,2.68,21.07,,,,,,4.8,2.1,17.0,1.7,12.3,12.2,12.3,11.9,11.7,11.3,11.1,11.5,13.5,3.5,4.9,,,,2020,4,15,101,1,0,0,0
108,서울,2020-04-11,9.9,6.2,0630,16.0,1441,,,,,,,8.6,230,1444,4.9,270,1804,2.5,2118,290,2.8,39,1449,63.8,7.5,1009.1,1024.1,0001,1016.6,1735,1019.6,13.0,8.8,1300,2.89,19.4,,,,,,4.8,1.4,15.6,2.7,12.7,12.7,12.7,12.3,12.0,11.4,11.2,11.6,13.5,3.1,4.4,,{박무}0530-{박무}{강도0}0600-0820. {햇무리}0850-1015. {햇무리}1125-1420.,,2020,4,15,102,1,0,0,0
108,서울,2020-04-12,9.9,4.4,0617,15.6,1136,,,,,,,13.4,70,1326,7.4,90,1333,3.8,3273,90,1.6,39,1654,58.6,6.9,1004.4,1016.7,0001,1013.2,1555,1014.8,13.1,8.3,1300,2.55,19.25,,,,,,3.1,2.8,13.2,-1.2,11.8,12.3,11.9,12.2,12.1,11.5,11.3,11.6,13.5,4.0,5.7,,{박무}0030-{박무}{강도0}0300-{박무}{강도0}0600-0830.,,2020,4,15,103,1,0,0,0
108,서울,2020-04-13,12.4,4.3,0617,20.4,1617,,,,,,,9.8,90,1244,5.5,50,1536,3.1,2676,70,-2.6,16,1546,39.4,5.1,1003.9,1015.8,0030,1011.8,1542,1014.2,13.1,12.2,1200,3.3,26.02,,,,,,1.9,0.0,18.0,1.2,12.5,12.4,12.6,12.2,12.0,11.6,11.4,11.6,13.5,5.7,8.1,,,,2020,4,16,104,1,0,0,0
108,서울,2020-04-14,13.0,7.6,0631,19.6,1351,,,,,,,10.0,250,1437,5.3,270,1501,2.4,2035,290,0.9,23,1324,46.8,6.6,1006.3,1018.0,0923,1014.8,1654,1016.5,13.1,12.1,1200,3.44,25.93,,,,,,1.3,0.0,18.7,0.6,13.8,13.2,13.7,12.7,12.3,11.7,11.5,11.7,13.5,5.2,7.4,,,,2020,4,16,105,1,0,0,0
108,서울,2020-04-15,13.2,7.2,0609,20.2,1510,,,,,,,9.2,290,1528,5.6,290,1645,2.2,1920,290,-0.7,25,1445,39.8,5.8,1004.6,1017.1,0001,1012.5,1528,1014.9,13.2,10.0,1200,2.91,21.49,,,,,,5.4,0.0,17.5,0.4,13.6,13.6,13.7,13.1,12.7,11.8,11.6,11.7,13.4,4.6,6.6,,{연무}0905-{연무}{강도0}1200-{연무}{강도0}1500-1610.,,2020,4,16,106,1,0,0,0
108,서울,2020-04-16,16.0,8.9,0353,23.8,1535,,,,,,,8.0,320,1753,4.5,320,1800,2.3,1989,90,1.8,23,1632,39.9,7.0,1006.1,1018.7,0950,1013.3,1636,1016.2,13.2,10.6,1200,3.18,22.96,,,,,,2.9,1.0,20.1,1.9,15.0,14.0,14.8,13.4,12.9,12.0,11.6,11.7,13.4,4.8,6.8,0.9,,,2020,4,16,107,1,0,0,0
108,서울,2020-04-17,12.5,10.4,0959,15.4,0201,3.0,1300,3.9,1238,9.5,6.5,9.4,160,0820,4.8,140,0828,2.4,2085,110,8.5,45,0001,77.8,11.1,1002.2,1016.4,0057,1010.3,1842,1012.5,13.2,0.3,1400,0.77,4.23,,,,,,9.1,6.4,12.1,7.5,13.3,14.2,13.7,13.9,13.5,12.1,11.8,11.7,13.4,1.1,1.5,5.6,{비}0155-0230. {비}0415-{비}{강도0}0600-{비}{강도0}0900-0950. {박무}0850-{박무}{강도0}0900-0930. {비}1155-{비}{강도0}1200-{소나기}1350-{비}1410-{비}{강도0}1500-1515. {박무}1240-{박무}{강도0}1500-{박무}{강도0}1800-{박무}{강도0}2100-{박무}{강도1}2400-,,2020,4,16,108,1,0,0,1
108,서울,2020-04-18,13.5,8.5,0632,19.6,1455,,,,,,,8.0,290,1636,4.8,270,1656,2.6,2252,320,7.2,44,1457,67.9,10.2,1005.9,1019.2,2138,1011.6,0001,1016.1,13.3,10.4,1200,3.42,23.09,,,,,,2.6,1.6,18.1,6.4,14.3,13.7,14.2,13.3,13.1,12.3,11.9,11.8,13.4,3.7,5.3,,-{박무}-{박무}{강도0}0300-0440.,,2020,4,16,109,1,0,0,0
108,서울,2020-04-19,12.3,9.5,2300,15.5,1332,0.8,1859,2.9,1712,9.0,10.3,8.6,70,2044,5.2,90,2037,2.7,2300,90,7.8,51,1358,75.8,10.6,1004.1,1018.8,0001,1010.3,2257,1014.4,13.3,0.3,0800,0.9,5.25,,,,,,9.5,4.8,12.5,7.2,13.1,13.9,13.4,13.7,13.5,12.4,12.0,11.8,13.4,1.3,1.9,10.3,{박무}0440-0550. {비}1415-{비}{강도0}1500-{비}{강도0}1800-{비}{강도0}2100-2315. {박무}1555-{박무}{강도0}1800-2050.,,2020,4,16,110,1,0,0,1
108,서울,2020-04-20,10.0,7.6,2353,13.1,1059,0.1,,0.1,,2.33,0.1,14.2,270,1626,6.8,270,1621,3.3,2885,250,5.2,56,2029,73.0,9.0,1000.6,1013.9,2203,1009.0,1616,1010.9,13.4,1.3,1000,1.6,7.34,,,,,,7.4,5.8,10.2,4.8,11.7,12.8,12.1,12.9,13.1,12.6,12.1,11.8,13.4,1.7,2.5,0.1,{비}1135-1150. {비}1245-1450. {박무}1255-{박무}{강도0}1500-1655.,,2020,4,17,111,1,0,0,1
108,서울,2020-04-21,7.4,4.8,2257,10.4,1418,,,,,,,17.0,230,1435,8.9,290,1739,4.4,3798,290,-3.4,29,1522,49.0,5.0,1003.8,1017.2,2204,1012.7,0531,1014.3,13.4,10.1,1400,3.26,23.63,,,,,,3.6,3.3,12.2,0.4,10.7,11.8,11.0,12.1,12.6,12.6,12.2,11.9,13.4,4.2,6.1,,,,2020,4,17,112,1,0,0,0
108,서울,2020-04-22,6.0,4.1,0550,8.3,1405,0.0,,0.0,,2.33,0.0,12.5,290,1145,6.4,290,1325,4.0,3451,290,-4.6,35,1132,46.8,4.4,1005.9,1018.1,2340,1015.2,0316,1016.5,13.4,5.3,1000,2.48,15.89,,,,,,4.1,4.1,9.8,1.5,9.2,11.0,9.7,11.4,12.2,12.5,12.3,11.9,13.4,2.7,3.8,0.0,{황사}0730-{황사}{강도0}0900-{황사}{강도0}1200-1415. {비}1225-1250. {진눈깨비}1415-1440. {비}1605-1735.,,2020,4,17,113,1,0,0,0
108,서울,2020-04-23,7.9,2.9,0543,12.8,1456,,,,,,,12.9,320,1223,7.9,250,1535,3.7,3232,290,-3.1,28,1104,47.8,4.9,1005.6,1018.1,0003,1013.4,1545,1016.0,13.5,11.8,1200,3.44,25.72,,,,,,1.6,1.6,12.7,-1.8,10.2,10.8,10.4,11.0,11.6,12.4,12.3,12.6,13.5,4.2,6.0,,,,2020,4,17,114,1,0,0,0
108,서울,2020-04-24,9.9,4.1,0612,14.3,1409,,,,,,,16.0,250,1303,8.2,270,1303,3.9,3342,270,1.1,29,1058,55.6,6.7,1003.1,1016.6,0001,1011.4,1649,1013.4,13.5,12.0,1200,3.5,26.61,,,,,,1.8,1.0,14.5,-2.1,11.6,11.6,11.6,11.5,11.7,12.3,12.3,12.6,13.5,4.8,6.9,,,,2020,4,17,115,1,0,0,0
108,서울,2020-04-25,13.1,9.9,0001,17.1,1447,,,,,,,15.0,230,1050,7.8,250,1050,3.9,3339,250,4.0,45,2033,54.4,8.3,999.3,1013.8,2359,1007.2,1454,1009.5,13.6,8.5,1200,2.71,18.9,,,,,,3.3,1.9,15.7,6.4,13.3,12.7,13.1,12.2,12.1,12.2,12.3,12.6,13.5,3.5,5.1,,{연무}1240-{연무}{강도0}1500-1550. {채운}1745-1755.,,2020,4,17,116,1,0,0,0
108,서울,2020-04-26,12.3,6.8,0612,19.0,1527,,,,,,,10.8,290,1730,6.5,290,1714,3.2,2776,290,-1.0,20,1522,43.1,5.8,1006.9,1020.0,2334,1013.8,0001,1017.2,13.6,12.5,1200,3.64,28.36,,,,,,0.8,0.6,18.3,1.2,13.8,13.3,13.7,12.8,12.4,12.2,12.3,12.7,13.5,5.4,7.7,,,,2020,4,17,117,1,0,0,0
108,서울,2020-04-27,12.9,8.7,0516,18.3,1419,,,,,,,11.2,270,1620,5.5,290,1541,2.8,2422,320,1.9,25,1400,49.8,7.1,1009.3,1021.0,2351,1017.9,1446,1019.6,13.6,9.7,1200,3.37,22.98,,,,,,3.4,3.4,17.1,4.6,14.5,14.0,14.4,13.5,12.9,12.3,12.3,12.7,13.5,4.6,6.6,,,,2020,4,18,118,1,0,0,0
108,서울,2020-04-28,13.9,7.8,0555,19.9,1447,,,,,,,10.0,250,1456,5.5,230,1204,3.0,2579,250,2.8,26,1303,50.0,7.6,1009.4,1022.1,0832,1017.3,1723,1019.6,13.7,12.6,1200,3.47,26.97,,,,,,0.0,0.0,20.1,1.0,15.2,14.3,15.0,13.8,13.3,12.5,12.4,12.7,13.4,5.3,7.6,,{연무}2125-{연무}{강도0}2400-,,2020,4,18,119,1,0,0,0
108,서울,2020-04-29,14.9,9.3,0559,21.0,1333,,,,,,,8.6,290,1349,5.2,320,1412,2.6,2205,290,2.9,25,1635,48.6,7.7,1009.0,1020.9,0913,1017.8,1813,1019.2,13.7,12.2,1200,3.41,26.1,,,,,,0.4,0.0,21.1,3.6,16.3,15.2,16.0,14.5,13.7,12.6,12.4,12.8,13.4,5.5,7.9,,-{연무}-{연무}{강도0}0300-0430. {박무}0425-{박무}{강도0}0600-0840. {연무}0835-0850.,,2020,4,18,120,1,0,0,0
108,서울,2020-04-30,17.1,9.3,0553,23.4,1459,,,,,,,10.0,230,2236,5.9,290,1517,2.7,2352,250,8.2,41,0008,57.1,11.5,1005.7,1018.9,0136,1012.2,1651,1015.8,13.7,8.2,1200,3.39,24.03,,,,,,5.3,3.9,23.0,1.1,17.2,15.7,16.7,14.9,14.2,12.8,12.5,12.8,13.4,4.4,6.3,,{박무}2355-{박무}{강도0}2400-,,2020,4,18,121,1,0,0,0
108,서울,2020-05-01,20.2,16.4,0301,26.2,1450,,,,,,,9.9,290,1752,5.5,290,1726,2.7,2328,270,15.1,54,1452,73.6,17.2,1003.0,1014.3,0007,1010.6,1641,1012.9,13.8,6.1,1200,3.18,18.96,,,,,,6.6,6.6,25.7,13.7,19.9,17.5,19.2,16.2,14.9,13.1,12.6,12.8,13.4,3.7,5.3,,-{박무}-{박무}{강도0}0300-{박무}{강도0}0600-{박무}{강도0}0900-1055. {연무}1050-{연무}{강도0}1200-1420. {박무}1930-{박무}{강도0}2100-{박무}{강도0}2400-,,2020,5,18,122,1,0,1,0
108,서울,2020-05-02,20.3,18.0,0328,23.9,1500,0.0,,0.0,,0.67,0.0,7.6,290,1437,4.6,230,0111,2.3,1985,290,16.6,62,1445,79.6,18.9,1001.3,1013.6,0027,1008.3,2349,1011.2,13.8,0.2,1300,1.45,9.43,,,,,,9.0,7.1,22.7,15.1,19.9,18.4,19.5,17.2,15.8,13.4,12.7,12.8,13.4,1.9,2.8,0.0,-{박무}-{박무}{강도1}0300-{박무}{강도0}0600-{박무}{강도0}0900-{박무}{강도0}1200-1320. {박무}2005-{박무}{강도0}2100-{박무}{강도0}2400- {비}2250-2330.,,2020,5,18,123,1,0,0,0
108,서울,2020-05-03,21.8,17.0,0520,27.4,1459,0.0,,0.0,,1.08,0.0,7.2,140,1224,3.9,160,1242,2.0,1705,90,15.3,46,1549,68.8,17.4,996.0,1008.5,0021,1003.0,1658,1005.8,13.8,5.9,1200,3.28,19.41,,,,,,7.0,4.9,26.7,12.3,21.0,18.7,20.3,17.6,16.2,13.7,12.9,12.9,13.4,4.1,5.9,0.0,-{박무}-0140. {비}0150-0235. {박무}0220-{박무}{강도0}0300-{박무}{강도0}0600-0850. {비}0915-0935.,,2020,5,18,124,1,0,1,0
108,서울,2020-05-04,20.2,14.8,2359,25.3,1358,,,,,,,8.7,270,1317,4.6,270,1247,2.7,2310,290,12.9,44,1604,63.9,15.0,998.1,1011.0,2252,1005.0,0213,1008.0,13.9,10.1,1200,3.48,25.42,,,,,,3.4,2.1,28.9,10.8,22.1,19.8,21.3,18.5,16.9,14.1,13.0,12.9,13.4,5.0,7.1,,,,2020,5,19,125,1,0,1,0
108,서울,2020-05-05,16.0,13.1,0519,19.3,1211,,,,,,,8.8,230,1346,5.3,250,1354,1.9,1601,290,9.9,54,1552,67.9,12.3,1001.5,1013.5,1527,1010.5,1823,1011.6,13.9,3.3,1600,1.95,9.41,,,,,,5.4,1.6,17.1,5.9,18.2,18.9,18.6,18.4,17.4,14.4,13.2,12.9,13.4,2.2,3.2,,{연무}1255-1425.,,2020,5,19,126,1,0,0,0
108,서울,2020-05-06,19.4,11.1,0546,27.6,1546,,,,,,,8.0,20,1538,4.4,320,1623,2.1,1850,70,7.3,19,1541,50.0,10.3,1003.7,1015.7,0817,1010.7,1612,1013.7,13.9,12.8,1200,3.48,28.51,,,,,,1.8,0.0,26.5,3.9,19.9,18.3,19.2,17.5,16.8,14.8,13.4,12.9,13.4,7.0,10.1,,{달무리}2350-,,2020,5,19,127,1,0,1,0
108,서울,2020-05-07,20.7,14.9,0541,26.5,1419,,,,,,,9.5,140,0930,4.3,90,0319,2.5,2167,90,3.1,20,1331,32.5,7.7,1007.1,1018.8,0827,1015.3,0034,1017.1,14.0,8.7,1100,3.49,23.93,,,,,,6.8,1.4,25.7,11.6,20.8,19.2,20.3,18.3,17.2,14.9,13.7,13.0,13.4,6.1,8.7,,-{달무리}-0050.,,2020,5,19,128,1,0,1,0
108,서울,2020-05-08,19.9,14.3,2357,27.3,1423,0.5,2238,1.6,2203,6.17,2.3,7.9,290,1529,4.5,290,1514,2.4,2109,160,0.7,11,1159,32.8,6.9,1004.4,1016.9,0013,1011.9,1427,1014.4,14.0,7.5,1100,3.63,23.26,,,,,,7.4,5.4,27.3,11.7,21.6,19.8,20.9,18.8,17.6,15.1,13.9,13.0,13.4,5.7,8.1,14.5,{비}1750-{비}{강도0}1800-{비}{강도0}2100-{비}{강도0}2400- {박무}2215-2350.,,2020,5,19,129,1,0,1,1
108,서울,2020-05-09,14.2,12.7,0338,16.8,1623,1.4,958,4.7,948,24.0,24.4,11.0,90,0333,5.9,90,0615,3.6,3085,90,13.3,76,0003,94.4,15.3,994.8,1013.9,0001,1001.6,1528,1004.9,14.0,0.0,1100,0.56,3.0,,,,,,10.0,8.1,15.1,11.9,16.9,18.4,17.4,18.3,17.8,15.4,14.0,13.0,13.4,0.6,0.9,13.5,{박무}0050-0115. {박무}0220-{박무}{강도0}0300-{박무}{강도1}0600-{박무}{강도1}0900-{박무}{강도0}1200-1340. -{비}-{비}{강도0}0300-{비}{강도0}0600-{비}{강도0}0900-{비}{강도0}1200-{비}{강도0}1500-{안개비}1720-{안개비}{강도0}1800-{안개비}{강도0}2100-{안개비}{강도0}2400- {박무}1405-{박무}{강도0}1500-1650. {박무}1710-{박무}{강도1}1800-{박무}{강도1}2100-{박무}{강도0}2400-,,2020,5,19,130,1,0,0,1
108,서울,2020-05-10,14.4,12.8,0138,16.6,1405,0.3,305,0.7,230,8.42,1.3,7.1,250,1534,4.1,250,1556,2.5,2183,250,12.4,78,1800,88.6,14.4,997.0,1010.1,2334,1004.3,0206,1007.1,14.1,0.4,1200,1.25,6.77,,,,,,9.0,9.0,15.7,12.2,16.5,17.1,16.7,17.0,17.1,15.6,14.2,13.1,13.4,1.5,2.1,,-{안개비}-{안개비}{강도0}0300-{안개비}{강도0}0600-0825. -{박무}-{박무}{강도1}0300-{박무}{강도0}0600-{박무}{강도0}0900-{박무}{강도0}1200-1320. {박무}1520-{박무}{강도0}1800-{박무}{강도1}2100-{박무}{강도1}2400-,,2020,5,19,131,1,0,0,1
108,서울,2020-05-11,16.5,12.4,2358,22.0,1414,1.8,2340,3.8,2323,3.0,3.4,10.1,250,1424,5.6,290,1456,3.0,2622,250,7.8,27,1312,61.0,10.8,997.7,1009.9,0001,1005.3,1832,1007.8,14.1,7.2,1200,3.47,22.98,,,,,,8.1,4.6,20.2,9.8,18.1,17.5,17.9,17.0,16.7,15.6,14.4,13.1,13.4,4.8,6.8,4.1,-{박무}-{박무}{강도1}0300-{박무}{강도1}0600-{박무}{강도0}0900-0945. {연무}0940-1150. {황사}1235-{황사}{강도0}1500-{황사}{강도0}1800-{황사}{강도0}2100-2350. {비}2005-{비}{강도0}2100-2145. {비}2240-{비}{강도1}2400-,,2020,5,20,132,1,0,0,1
108,서울,2020-05-12,14.3,10.5,0516,18.9,1527,0.5,13,0.7,1,0.83,0.7,12.2,230,1641,5.4,320,1907,2.9,2531,250,8.5,47,1826,69.4,11.1,995.1,1011.0,2348,1002.7,1529,1005.2,14.1,5.0,1400,2.03,13.6,,,,,,3.3,3.3,17.6,5.8,16.4,17.2,16.7,17.1,17.0,15.6,14.5,13.1,13.4,2.7,3.9,,-{비}-0050. {박무}0510-{박무}{강도0}0600-0825. {연무}1245-1450.,,2020,5,20,133,1,0,0,1
108,서울,2020-05-13,16.1,10.2,0607,21.8,1420,,,,,,,12.1,290,1304,6.5,290,1613,2.8,2459,270,3.5,24,1520,47.3,8.0,1005.1,1017.8,2213,1011.1,0001,1015.3,14.1,13.0,1200,3.64,29.7,,,,,,0.6,0.0,20.5,3.9,17.5,17.1,17.3,16.7,16.6,15.7,14.6,13.2,13.4,6.4,9.1,,,,2020,5,20,134,1,0,0,0
108,서울,2020-05-14,19.3,12.4,0402,25.4,1346,,,,,,,6.9,290,1352,4.3,340,1557,2.0,1685,90,2.8,20,1347,35.4,7.5,1006.0,1018.9,0705,1012.7,2318,1016.0,14.2,6.6,1300,3.09,20.64,,,,,,8.3,2.6,21.8,7.4,18.7,17.9,18.5,17.4,16.8,15.7,14.7,13.2,13.4,5.0,7.1,3.2,,,2020,5,20,135,1,0,1,0
108,서울,2020-05-15,16.1,14.1,1052,20.2,0426,0.6,919,2.1,838,20.75,12.0,13.2,160,0425,5.3,180,0432,3.0,2629,90,12.2,34,0009,81.4,14.5,998.8,1013.6,0103,1005.8,1718,1008.8,14.2,0.0,1100,0.82,3.43,,,,,,10.0,7.6,15.9,13.6,17.2,18.0,17.5,17.7,17.2,15.7,14.8,13.3,13.4,0.7,1.0,11.0,{비}0215-0230. {비}0330-{비}{강도0}0600-{비}{강도0}0900-{비}{강도0}1200-{비}{강도0}1500-{비}{강도0}1800-{비}{강도0}2100-{비}{강도0}2400- {박무}0740-0810. {박무}0840-{박무}{강도0}0900-0950. {박무}1005-1110. {박무}1320-{박무}{강도0}1500-1715. {박무}1750-{박무}{강도0}1800-{박무}{강도0}2100-{박무}{강도1}2400-,,2020,5,20,136,1,0,0,1
108,서울,2020-05-16,16.7,15.0,0001,20.3,1644,0.2,,0.5,556,12.67,2.5,4.9,70,0010,3.3,90,0001,1.6,1364,290,15.0,74,1706,90.3,17.0,996.6,1008.2,1100,1005.0,1622,1006.7,14.2,0.6,1600,1.35,7.6,,,,,,9.5,9.5,18.3,12.8,17.6,17.3,17.4,17.1,16.9,15.8,14.9,13.3,13.4,1.3,1.9,0.3,-{안개비}-{안개비}0250-{안개비}{강도0}0300-{안개비}{강도0}0600-{안개비}{강도0}0900-{안개비}{강도0}1200-1240. -{박무}-{박무}{강도2}0300-{박무}{강도2}0600-{박무}{강도1}0900-{박무}{강도2}1200-{박무}{강도0}1500-{박무}{강도0}1800-{박무}{강도0}2100-{박무}{강도1}2400-,,2020,5,20,137,1,0,0,1
108,서울,2020-05-17,19.1,14.6,0537,24.9,1640,0.0,,0.0,,1.0,0.0,7.7,340,0448,4.3,320,0456,1.7,1511,320,15.4,58,1631,80.1,17.5,995.3,1007.8,0500,1002.9,1645,1005.2,14.3,3.9,1300,2.67,15.26,,,,,,7.1,7.1,21.2,14.1,19.3,18.2,18.9,17.6,17.0,15.9,15.0,13.4,13.4,2.6,3.6,0.0,-{박무}-{박무}{강도1}0300-{박무}{강도1}0600-0850. {안개비}0515-{안개비}{강도0}0600-0615. {박무}1010-{박무}{강도0}1200-1355. {연무}1350-{연무}{강도0}1500-{연무}{강도0}1800-2045. {박무}2040-{박무}{강도0}2100-{박무}{강도0}2400-,,2020,5,20,138,1,0,0,0
108,서울,2020-05-18,19.1,13.2,2202,26.8,1429,11.5,1603,19.8,1553,7.0,29.8,16.4,290,1556,7.2,290,1607,2.4,2093,140,15.1,46,1436,79.4,17.2,988.4,1003.8,0004,992.0,1446,998.2,14.3,3.2,1300,3.08,14.07,,,,,,8.5,6.6,21.6,12.2,20.3,19.3,20.0,18.6,17.6,15.9,15.0,13.4,13.4,2.8,4.0,35.6,-{박무}-{박무}{강도0}0300-{박무}{강도0}0600-{박무}{강도1}0900-1055. {비}0650-0725. {연무}1045-{연무}{강도0}1200-1310. {비}1525-{소나기}1545-{비}1640-{비}{강도0}1800-{비}{강도0}2100-2150. {박무}1810-{박무}{강도0}2100-2330.,,2020,5,21,139,1,0,1,1
108,서울,2020-05-19,13.0,10.1,2355,17.1,1605,3.0,1029,9.6,949,6.42,19.0,12.9,70,1503,7.2,70,1436,3.2,2798,50,8.0,52,1652,73.6,10.9,990.7,1008.5,2356,996.9,0455,1000.8,14.3,3.0,1200,3.56,15.29,,,,,,7.6,5.4,16.1,6.9,17.1,18.2,17.5,18.2,18.0,16.1,15.1,13.5,13.4,2.9,4.1,13.2,{비}0340-0425. {박무}0350-0420. {비}0635-{비}{강도0}0900-1150. {박무}0705-{박무}{강도1}0900-1120. {비}1955-2020.,,2020,5,21,140,1,0,0,1
108,서울,2020-05-20,14.4,9.2,0213,20.1,1427,0.0,,0.0,,0.58,0.0,6.0,50,1207,3.0,90,2110,1.9,1635,90,6.6,46,1433,60.4,9.8,1001.7,1014.7,2325,1008.5,0001,1011.8,14.3,4.5,1000,3.42,20.91,,,,,,6.0,4.5,17.3,5.5,17.2,17.4,17.2,17.4,17.4,16.4,15.2,13.5,13.4,3.9,5.5,,{비}0755-0830.,,2020,5,21,141,1,0,0,0
108,서울,2020-05-21,17.4,10.9,0519,22.9,1630,,,,,,,6.1,90,0539,3.3,90,0609,2.1,1830,90,8.2,40,1551,56.1,10.9,1004.4,1016.4,0831,1012.5,1616,1014.5,14.4,9.4,1300,3.24,24.35,,,,,,4.8,3.6,20.5,6.8,18.4,18.0,18.3,17.6,17.4,16.4,15.4,13.6,13.4,4.1,5.9,0.0,,,2020,5,21,142,1,0,0,0
108,서울,2020-05-22,18.5,14.8,0541,22.7,1541,0.0,,0.0,,0.5,0.0,8.0,160,0950,4.9,290,1742,1.9,1616,290,12.5,55,1554,68.5,14.6,1002.7,1015.1,0238,1009.8,1913,1012.7,14.4,0.7,1100,1.66,13.07,,,,,,8.6,4.0,20.0,9.5,19.2,18.9,19.0,18.4,17.8,16.4,15.5,13.6,13.4,2.6,3.7,0.0,{비}0015-0035. {박무}0650-0810. {연무}1355-{연무}{강도0}1500-{연무}{강도0}1800-{연무}{강도0}2100-{연무}{강도0}2400- {비}1845-1855.,,2020,5,21,143,1,0,0,0
108,서울,2020-05-23,20.1,16.6,0545,25.0,1530,0.0,,0.0,,0.67,0.0,8.3,290,1703,4.7,270,1703,2.2,1865,290,13.2,44,1450,66.1,15.2,1001.1,1012.3,0043,1008.8,1840,1011.0,14.4,6.8,1300,3.37,23.24,,,,,,7.4,4.0,23.3,12.6,21.1,19.7,20.7,18.8,18.0,16.5,15.6,13.6,13.4,4.1,5.9,14.5,{비}0015-0030. {박무}0030-{박무}{강도0}0300-{박무}{강도0}0600-0820. -{연무}-0035. {비}0130-0155. {연무}0815-{연무}{강도0}0900-0950. {연무}1330-1425. {연무}2120-{연무}{강도0}2400-,,2020,5,21,144,1,0,1,0
108,서울,2020-05-24,17.1,14.3,2319,20.2,1415,3.4,545,9.9,544,9.75,14.5,12.8,270,0728,6.5,270,0727,2.9,2484,230,14.4,70,1702,84.8,16.4,999.6,1012.8,2332,1006.1,0531,1009.6,14.4,1.1,1300,2.19,10.59,,,,,,8.4,7.4,19.0,11.6,19.9,19.9,20.0,19.4,18.6,16.7,15.7,13.7,13.4,1.8,2.6,0.0,{비}0005-{비}{강도0}0300-{소나기}0545-{소나기}{강도1}0600-{비}0620-{안개비}0840-{안개비}{강도0}0900-0950. {박무}0015-{박무}{강도0}0300-{박무}{강도1}0600-{박무}{강도1}0900-{박무}{강도0}1200-1220. -{연무}-0020. {박무}1950-{박무}{강도0}2100-{박무}{강도0}2400-,,2020,5,21,145,1,0,0,1
108,서울,2020-05-25,16.6,13.7,2357,21.3,1513,,,,,,,6.0,250,1424,3.8,290,1623,2.1,1774,320,13.1,62,1408,81.0,15.1,1002.3,1013.8,0825,1010.6,1714,1012.3,14.5,2.5,1300,2.14,16.88,,,,,,8.1,4.5,20.3,10.1,19.4,19.4,19.4,19.0,18.5,16.9,15.8,13.7,13.4,2.8,4.0,,-{박무}-{박무}{강도1}0300-{박무}{강도1}0600-{박무}{강도0}0900-{박무}{강도0}1200-1230. {연무}1225-{연무}{강도0}1500-{연무}{강도0}1800-2045. {박무}2040-{박무}{강도0}2100-{박무}{강도1}2400-,,2020,5,22,146,1,0,0,0
108,서울,2020-05-26,16.2,12.7,0535,22.9,1400,1.3,2023,1.5,1955,2.67,1.5,8.8,320,1503,5.4,320,1511,2.1,1828,290,12.8,47,1348,81.9,14.8,999.4,1012.4,0001,1007.2,1427,1009.5,14.5,4.8,1100,3.36,18.49,,,,,,7.8,3.1,19.2,9.3,19.4,19.4,19.4,19.0,18.5,17.0,15.9,13.8,13.5,3.2,4.6,1.5,-{박무}-{박무}{강도1}0300-{박무}{강도1}0600-{박무}{강도1}0900-1055. {연무}1050-{연무}{강도0}1200-1220. {연무}1420-{연무}{강도0}1500-1545. {비}1540-1725. {박무}1540-1630. {비}1955-2050. {박무}2010-{박무}{강도0}2100-{박무}{강도0}2400-,,2020,5,22,147,1,0,0,1
108,서울,2020-05-27,17.4,11.8,0602,23.9,1450,,,,,,,9.3,290,1623,5.9,290,1804,2.6,2273,320,10.9,31,1400,68.5,13.1,999.3,1011.0,0827,1007.7,1632,1009.3,14.5,13.2,1200,3.62,30.06,,,,,,1.5,1.0,21.4,8.1,20.0,19.6,19.9,19.1,18.6,17.1,16.0,13.8,13.5,5.1,7.2,0.0,-{박무}-0130. {박무}0340-0540. {박무}2350-{박무}{강도0}2400-,,2020,5,22,148,1,0,0,0
108,서울,2020-05-28,18.7,14.2,0529,23.4,1605,0.0,,0.0,,0.25,0.0,7.3,270,1332,3.9,290,1338,1.9,1656,320,10.8,38,1301,62.8,13.0,999.6,1012.2,2333,1008.3,1421,1009.6,14.5,8.4,1100,3.0,22.83,,,,,,3.9,3.6,20.5,8.7,20.3,20.1,20.3,19.6,18.9,17.2,16.1,13.9,13.5,4.3,6.2,,-{박무}-{박무}{강도0}0300-{박무}{강도0}0600-0750. {비}0840-0855.,,2020,5,22,149,1,0,0,0
108,서울,2020-05-29,20.7,14.6,0546,27.6,1652,,,,,,,6.7,180,1449,4.1,180,1452,2.0,1705,290,13.5,38,1656,65.6,15.5,1004.9,1016.9,2238,1012.2,0001,1014.8,14.5,12.7,1200,3.66,28.09,,,,,,1.3,0.5,24.3,9.8,21.9,20.9,21.7,20.0,19.2,17.3,16.2,13.9,13.5,5.3,7.6,,{박무}0050-0230. {박무}0350-{박무}{강도0}0600-0610. {박무}0710-{박무}{강도0}0900-0955.,,2020,5,22,150,1,0,1,0
108,서울,2020-05-30,22.6,16.5,0530,30.0,1601,,,,,,,7.0,340,1724,4.3,320,1725,1.9,1652,290,12.9,29,1534,57.3,15.0,1006.1,1018.7,0746,1013.6,1627,1016.0,14.6,11.3,1200,3.67,26.5,,,,,,1.1,0.5,27.6,12.4,23.1,22.0,22.9,21.0,19.8,17.5,16.3,14.0,13.5,5.5,7.8,,{연무}2040-{연무}{강도0}2100-2105.,,2020,5,22,151,1,0,1,0
108,서울,2020-05-31,21.2,17.6,0523,28.0,1332,0.3,2305,1.0,2245,1.92,1.0,8.6,340,1857,5.7,320,1901,2.3,2012,320,13.3,39,1337,63.0,15.4,1001.4,1015.4,0006,1008.6,1526,1011.3,14.6,5.0,1100,3.39,19.15,,,,,,8.5,3.9,25.7,13.8,23.0,22.4,23.0,21.5,20.3,17.7,16.4,14.0,13.5,4.1,5.9,1.4,{연무}0125-{연무}{강도0}0300-{연무}{강도0}0600-{연무}{강도0}0900-1125. {연무}1345-1415. {연무}2150-2215. {비}2205-{비}{강도0}2400- {박무}2210-{박무}{강도2}2400-,,2020,5,22,152,1,0,1,1
108,서울,2020-06-01,19.7,16.6,0528,24.5,1603,0.3,-2357,0.3,-2345,3.75,0.4,12.3,320,1205,6.2,290,1239,3.4,2974,290,12.0,37,1609,64.3,14.2,999.7,1010.5,0008,1008.5,1525,1009.6,14.6,11.5,1200,3.78,30.35,,,,,,3.8,2.3,26.6,13.0,23.2,22.4,23.1,21.6,20.5,18.0,16.5,14.1,13.5,5.9,8.4,,-{박무}-0055. -{비}-0115. {박무}0230-{박무}{강도0}0300-0535. {안개비}0310-0540.,,2020,6,23,153,0,0,0,1
108,서울,2020-06-02,17.9,14.8,0449,21.8,1526,0.8,1129,1.9,1055,1.83,2.0,9.1,160,1340,4.1,250,1629,2.2,1889,290,12.3,43,1526,71.0,14.4,997.4,1011.3,1102,1004.7,1705,1007.3,14.6,0.2,1300,1.63,5.89,,,,,,9.3,5.4,18.3,9.9,19.9,21.2,20.3,21.1,20.8,18.2,16.7,14.1,13.5,2.0,2.9,2.0,{박무}0050-0240. {비}1055-1150. {비}1720-1740. {박무}2240-{박무}{강도0}2400- {비}2315-2350.,,2020,6,23,154,0,0,0,1
108,서울,2020-06-03,22.0,17.6,0546,28.4,1516,,,,,,,8.8,290,1948,5.6,290,2005,2.4,2061,290,16.6,47,1609,73.3,18.8,993.9,1005.7,0045,1000.6,1650,1003.7,14.6,9.5,1200,3.64,24.64,,,,,,5.8,5.4,27.1,14.6,23.0,21.3,22.5,20.6,20.0,18.4,16.8,14.2,13.5,4.5,6.5,0.2,-{박무}-{박무}{강도0}0300-{박무}{강도0}0600-{박무}{강도0}0900-1035. {연무}1030-{연무}{강도0}1200-1250. {연무}1350-{연무}{강도0}1500-1710. {박무}1950-{박무}{강도0}2100-2150. {박무}2250-{박무}{강도0}2400-,,2020,6,23,155,0,0,1,0
108,서울,2020-06-04,21.9,19.7,2358,26.5,1401,0.1,,0.1,,6.75,0.2,7.7,250,1416,4.7,270,1429,2.7,2334,250,18.2,57,1323,81.1,21.0,994.1,1006.6,2339,1002.6,1358,1003.9,14.6,4.7,1200,3.32,19.77,,,,,,8.4,8.4,26.8,17.9,24.1,22.9,23.9,21.9,20.7,18.4,17.0,14.2,13.5,3.7,5.3,0.0,{안개비}0250-{안개비}{강도0}0300-0350. -{박무}-{박무}{강도0}0300-{박무}{강도0}0600-{박무}{강도0}0900-0930. {안개비}0435-0545. {안개비}0710-{안개비}{강도0}0900-0915. {연무}1040-{연무}{강도0}1200-{연무}{강도0}1500-{연무}{강도0}1800-1855. {박무}1850-{박무}{강도0}2100-{박무}{강도1}2400- {안개비}2050-{안개비}{강도0}2100-2320.,,2020,6,23,156,0,0,1,1
108,서울,2020-06-05,23.0,18.4,0443,28.7,1529,,,,,,,6.7,320,1826,3.8,290,1845,1.8,1593,290,16.6,45,1533,69.4,18.8,997.2,1008.3,2305,1005.1,1632,1007.0,14.7,8.8,1300,3.0,23.36,,,,,,5.5,3.6,29.8,15.0,24.8,23.5,24.5,22.5,21.3,18.6,17.1,14.3,13.5,4.7,6.8,,-{박무}-{박무}{강도0}0300-{박무}{강도1}0600-{박무}{강도0}0900-1030. {연무}1025-{연무}{강도0}1200-1350.,,2020,6,23,157,0,0,1,0
108,서울,2020-06-06,24.6,19.2,0541,30.9,1543,,,,,,,7.8,290,1646,4.4,290,1730,2.0,1685,290,16.8,38,1551,63.6,19.1,998.1,1010.0,2348,1005.9,1546,1007.9,14.7,8.6,1100,3.13,23.38,,,,,,2.3,0.8,31.4,14.9,25.3,24.1,25.0,23.0,21.7,18.9,17.3,14.3,13.6,4.7,6.7,,{연무}1025-1115. {연무}1645-{연무}{강도0}1800-{연무}{강도0}2100-{연무}{강도1}2400-,,2020,6,23,158,0,0,1,0
108,서울,2020-06-07,22.7,19.2,0318,29.2,1545,,,,,,,7.3,180,1105,5.1,200,1110,2.3,1991,290,16.5,44,1457,69.4,18.8,1001.9,1013.2,2355,1009.8,1532,1011.7,14.7,9.2,1100,3.52,26.04,,,,,,3.3,3.0,30.2,16.3,25.9,24.6,25.5,23.5,22.1,19.1,17.4,14.4,13.6,5.3,7.5,,-{연무}-0230. {박무}0450-{박무}{강도0}0600-{박무}{강도0}0900-1005. {연무}1755-{연무}{강도0}1800-{연무}{강도0}2100-2255. {박무}2250-{박무}{강도0}2400-,,2020,6,23,159,0,0,1,0
108,서울,2020-06-08,25.0,19.8,0101,32.0,1529,,,,,,,8.8,290,1759,5.5,290,1824,2.1,1831,290,17.0,40,1446,63.6,19.4,1004.6,1016.2,2234,1012.6,1526,1014.4,14.7,11.3,1200,3.28,26.13,,,,,,3.0,2.6,32.7,17.2,26.8,25.1,26.3,24.0,22.6,19.4,17.6,14.4,13.6,5.9,8.5,,-{박무}-{박무}{강도0}0300-{박무}{강도0}0600-{박무}{강도0}0900-0935. {연무}0930-1055.,,2020,6,24,160,0,0,1,0
108,서울,2020-06-09,26.7,20.3,0558,32.8,1502,,,,,,,7.9,340,1622,4.3,290,1538,2.3,1965,320,15.4,34,1423,51.6,17.5,1004.3,1015.9,0528,1012.2,1646,1014.0,14.7,12.9,1300,3.5,28.36,,,,,,3.0,0.0,34.1,15.8,27.1,25.6,26.6,24.5,23.0,19.7,17.8,14.5,13.6,6.5,9.3,,,,2020,6,24,161,0,0,1,0
108,서울,2020-06-10,25.8,22.5,0548,32.1,1356,0.6,1935,2.9,2019,6.58,6.2,9.8,270,1755,6.2,340,1747,2.0,1750,290,17.7,41,1153,63.8,20.5,998.9,1013.4,0001,1005.3,1805,1008.6,14.7,5.2,1100,2.86,18.85,,,,,,9.0,3.1,32.8,17.4,26.8,25.8,26.5,24.8,23.4,20.0,18.0,14.6,13.6,4.1,5.8,6.2,{비}1725-{비}{강도0}1800-{비}{강도0}2100-{비}{강도0}2400- {박무}1940-{박무}{강도0}2100-{박무}{강도0}2400-,,2020,6,24,162,0,0,1,1
108,서울,2020-06-11,26.1,21.7,0511,31.6,1620,0.0,,0.1,,0.42,0.0,7.2,270,2022,4.6,290,2022,2.2,1935,290,19.2,38,1528,68.3,22.2,993.7,1005.4,0114,1000.8,1645,1003.3,14.7,8.0,1200,3.72,26.03,,,,,,5.8,3.5,30.1,19.3,27.0,25.7,26.6,24.7,23.5,20.3,18.2,14.6,13.6,5.8,8.3,,-{비}-0025. -{박무}-{박무}{강도0}0300-0540.,,2020,6,24,163,0,0,1,0
108,서울,2020-06-12,24.7,21.6,0525,27.6,1421,,,,,,,4.7,340,0424,3.0,320,0424,1.7,1467,290,18.4,49,1403,68.6,21.1,995.1,1005.7,1033,1003.7,0318,1004.8,14.7,0.5,1200,1.4,11.51,,,,,,8.1,3.6,25.8,16.8,25.6,25.5,25.6,24.8,23.9,20.5,18.4,14.7,13.6,2.9,4.1,,{연무}1440-{연무}{강도0}1500-1510.,,2020,6,24,164,0,0,1,0
108,서울,2020-06-13,26.9,20.6,0541,33.5,1513,0.0,,0.0,,0.5,0.0,8.4,290,1946,5.0,290,1946,1.9,1639,290,15.7,27,1331,52.8,17.9,994.3,1005.9,0853,1001.9,1500,1003.9,14.7,9.7,1200,3.64,28.11,,,,,,5.5,4.5,34.6,16.2,27.5,25.5,26.7,24.5,23.5,20.7,18.6,14.7,13.7,6.5,9.2,1.1,{비}2155-2225.,,2020,6,24,165,0,0,1,0
108,서울,2020-06-14,24.0,20.1,2355,28.8,1433,0.4,314,1.1,231,3.83,1.1,10.1,320,1822,5.9,290,1627,2.9,2510,270,17.9,41,1306,70.6,20.6,994.3,1007.2,2355,1002.3,0645,1004.0,14.8,8.1,1200,3.41,22.52,,,,,,4.4,3.4,29.6,16.9,27.2,26.3,26.9,25.3,24.1,20.9,18.8,14.8,13.7,4.9,7.0,,{비}0050-0055. {비}0110-{안개비}0250-{안개비}{강도0}0300-0455. {박무}0135-{박무}{강도2}0300-{박무}{강도1}0600-{박무}{강도0}0900-0955. {연무}0950-1120.,,2020,6,24,166,0,0,1,1
108,서울,2020-06-15,23.0,18.2,0548,28.6,1500,,,,,,,13.4,250,1538,6.3,290,1616,2.8,2427,270,14.5,31,1709,62.3,16.7,996.4,1008.1,0803,1004.1,1643,1006.1,14.8,10.1,1200,3.32,26.53,,,,,,6.0,1.1,31.1,13.6,26.4,25.6,26.0,24.9,24.1,21.1,19.0,14.9,13.7,6.0,8.6,,{박무}0050-0150. {박무}0220-{박무}{강도0}0300-0320.,,2020,6,25,167,0,0,1,0
108,서울,2020-06-16,24.4,20.0,0357,30.7,1527,,,,,,,6.9,250,1652,4.4,270,1651,2.2,1923,290,16.4,37,1552,63.0,18.7,995.7,1007.0,0702,1003.4,1559,1005.5,14.8,7.5,1300,3.58,24.74,,,,,,6.0,3.0,32.2,17.4,27.3,25.9,26.7,25.0,24.1,21.3,19.1,15.0,13.7,5.5,7.8,,{박무}0005-{박무}{강도0}0300-{박무}{강도0}0600-0850. {연무}0845-{연무}{강도0}0900-{연무}{강도0}1200-1335. {연무}1650-{연무}{강도0}1800-{연무}{강도0}2100-{연무}{강도0}2400-,,2020,6,25,168,0,0,1,0
108,서울,2020-06-17,24.3,20.2,0533,30.3,1455,,,,,,,7.9,230,1626,4.3,290,1644,2.0,1701,290,15.3,37,1340,58.6,17.4,995.3,1006.1,0525,1003.3,1458,1005.0,14.8,5.9,1200,3.47,21.25,,,,,,7.4,0.0,31.1,14.9,27.3,26.0,26.7,25.2,24.3,21.4,19.3,15.0,13.7,4.6,6.6,,-{연무}-{연무}{강도0}0300-{연무}{강도0}0600-0740. {연무}1450-{연무}{강도0}1500-1605.,,2020,6,25,169,0,0,1,0
108,서울,2020-06-18,23.4,20.3,0541,27.3,1551,,,,,,,5.6,290,1840,3.4,290,1845,1.6,1407,320,15.4,47,1419,61.4,17.5,993.1,1005.6,0007,1000.9,1724,1002.8,14.8,0.1,1300,1.58,11.0,,,,,,9.0,2.0,26.7,17.1,25.3,25.3,25.2,24.9,24.3,21.6,19.5,15.1,13.7,2.8,3.9,0.1,,,2020,6,25,170,0,0,1,0
108,서울,2020-06-19,24.7,21.1,0658,30.0,1448,0.1,,0.1,,1.83,0.1,7.1,50,0056,4.2,290,1901,2.1,1821,70,16.5,45,1450,61.4,18.8,996.4,1009.5,2238,1002.8,0016,1006.1,14.8,6.0,1100,3.31,19.6,,,,,,6.3,4.5,29.6,18.7,26.6,25.3,26.0,24.6,24.0,21.7,19.6,15.2,13.8,4.5,6.4,0.0,{비}0625-0810. {소나기}1748-1753.,,2020,6,25,171,0,0,1,1
108,서울,2020-06-20,24.9,20.7,0503,29.7,1254,,,,,,,7.9,270,1542,4.6,320,1616,2.1,1853,290,16.9,48,1226,62.6,19.3,1000.0,1011.3,0715,1008.0,1744,1009.8,14.8,11.7,1000,2.89,24.75,,,,,,0.9,0.9,31.9,15.4,27.0,25.8,26.5,24.9,24.2,21.7,19.8,15.3,13.8,5.3,7.6,,{연무}1310-1420.,,2020,6,25,172,0,0,1,0
108,서울,2020-06-21,26.1,19.5,0544,32.7,1450,,,,,,,8.4,290,1515,4.5,290,1518,2.0,1713,320,17.0,39,1326,59.5,19.3,998.0,1009.9,0159,1005.0,1725,1007.7,14.8,13.5,1200,3.42,27.82,,,,,,0.1,0.1,34.1,15.6,28.3,26.2,27.2,25.3,24.4,21.8,19.9,15.3,13.8,6.2,8.8,,{박무}0450-{박무}{강도0}0600-0830. {연무}0825-{연무}{강도0}0900-0905.,,2020,6,25,173,0,0,1,0
108,서울,2020-06-22,28.6,21.7,0522,35.4,1509,,,,,,,6.7,290,1700,4.1,290,1807,2.0,1698,290,16.4,26,1627,50.5,18.8,998.0,1008.7,0754,1006.1,1446,1007.6,14.8,13.3,1200,3.38,28.95,,,,,,1.6,0.0,36.3,16.1,29.7,27.3,28.0,25.9,24.8,22.0,20.0,15.4,13.8,7.2,10.3,,,,2020,6,26,174,0,0,1,0
108,서울,2020-06-23,27.3,23.2,0610,31.0,1405,0.0,,0.0,,0.5,0.0,5.7,250,1428,3.7,250,1430,1.9,1602,270,16.8,42,1109,53.5,19.2,998.3,1009.6,0544,1006.4,2341,1007.9,14.8,5.1,1000,2.7,16.97,,,,,,7.5,3.4,32.1,19.1,28.1,27.6,27.4,26.3,25.4,22.3,20.2,15.4,13.9,4.1,5.8,0.3,{비}2220-2250.,,2020,6,26,175,0,0,1,0
108,서울,2020-06-24,22.3,19.9,1250,26.3,0001,2.9,1034,8.5,1105,19.17,37.6,10.0,110,0702,5.7,140,1005,2.7,2359,50,19.0,55,0715,83.5,22.0,993.1,1006.4,0001,1000.7,1800,1002.9,14.8,0.0,1300,0.39,2.91,,,,,,10.0,5.5,22.7,18.9,24.0,24.6,25.7,25.5,25.3,22.5,20.3,15.5,13.9,0.8,1.2,48.3,{비}0450-{비}{강도0}0600-{비}{강도0}0900-{비}{강도1}1200-{비}{강도0}1500-{비}{강도1}1800-{비}{강도0}2100-{비}{강도0}2400- {박무}1010-{박무}{강도1}1200-{박무}{강도0}1500-{박무}{강도1}1800-{박무}{강도1}2100-{박무}{강도2}2400-,,2020,6,26,176,0,0,1,1
108,서울,2020-06-25,21.6,20.1,2331,23.4,1527,1.1,132,3.5,120,15.33,13.3,7.1,180,1510,4.3,180,2126,2.2,1909,180,19.9,79,1528,91.0,23.3,991.8,1003.3,2252,1000.7,0053,1001.6,14.8,0.1,1400,1.05,6.11,,,,,,10.0,9.0,23.0,19.3,23.1,23.2,23.8,23.8,24.1,22.6,20.5,15.6,13.9,1.2,1.8,4.4,-{비}-{비}{강도0}0300-{비}{강도0}0600-{안개비}0620-0755. -{박무}-{박무}{강도2}0300-{박무}{강도1}0600-{박무}{강도0}0900-0955. {안개비}0850-{안개비}{강도0}0900-1150. {박무}1005-1130. {박무}1210-1350. {안개비}1230-1320. {안개비}2025-{안개비}{강도0}2100-{안개비}{강도0}2400- {박무}2030-{박무}{강도0}2100-{박무}{강도1}2400-,,2020,6,26,177,0,0,0,1
108,서울,2020-06-26,21.8,19.2,0338,25.7,1529,0.4,-2356,0.9,-2331,5.83,2.1,9.5,200,0315,5.3,230,0323,3.2,2786,230,18.4,63,1601,82.1,21.2,996.5,1008.3,2315,1003.1,0125,1006.2,14.8,3.1,1500,2.2,13.03,,,,,,8.3,7.0,22.9,18.5,23.2,23.2,23.6,23.4,23.6,22.4,20.6,15.7,13.9,2.8,4.0,0.0,-{안개비}-{안개비}{강도0}0300-0550. -{박무}-{박무}{강도0}0300-0530. {박무}0610-{박무}{강도1}0900-1140.,,2020,6,26,178,0,0,1,1
108,서울,2020-06-27,24.1,20.4,0524,29.6,1525,0.0,,0.0,,0.75,0.0,8.3,250,1642,5.4,290,1759,2.0,1696,250,18.1,52,1446,70.4,20.8,995.5,1008.2,0001,1003.0,1714,1005.2,14.8,7.4,1100,3.06,22.18,,,,,,6.1,2.8,25.2,18.8,24.9,24.6,24.3,23.7,23.4,22.3,20.7,15.7,14.0,4.6,6.6,,{비}0610-0655. {연무}1115-{연무}{강도0}1200-1205. {연무}1355-1455. {박무}2250-{박무}{강도0}2400-,,2020,6,26,179,0,0,1,0
108,서울,2020-06-28,25.2,21.5,0554,30.1,1507,,,,,,,7.7,270,1641,4.7,250,1646,2.4,2059,270,19.1,49,1458,70.5,22.2,994.8,1006.1,2213,1003.2,1720,1004.3,14.8,12.4,1200,3.53,28.6,,,,,,1.9,1.6,28.6,18.4,26.4,26.0,25.4,24.5,23.9,22.2,20.7,15.8,14.0,5.5,7.9,,-{박무}-{박무}{강도0}0300-{박무}{강도0}0600-{박무}{강도0}0900-0925.,,2020,6,26,180,0,0,1,0
108,서울,2020-06-29,23.8,20.6,2357,26.5,1059,2.6,2356,9.6,2331,5.08,11.9,9.9,50,2257,5.9,50,2337,2.4,2069,50,19.3,64,1105,77.0,22.4,991.8,1006.1,0221,993.0,2335,1001.5,14.7,1.7,0800,1.51,8.4,,,,,,8.6,3.8,23.9,16.9,24.8,24.9,25.4,24.9,24.5,22.3,20.7,15.9,14.0,1.8,2.6,75.8,{박무}0110-{박무}{강도0}0300-{박무}{강도0}0600-{박무}{강도0}0900-0920. {연무}0915-1005. {비}1855-{비}{강도0}2100-{비}{강도1}2400- {연무}1915-1950. {박무}1945-{박무}{강도0}2100-{박무}{강도1}2400-,,2020,6,27,181,0,0,1,1
108,서울,2020-06-30,20.1,18.4,0507,23.1,1450,4.7,348,15.9,330,18.42,64.7,14.5,50,0220,7.6,50,0232,4.0,3443,320,16.9,63,1640,83.0,19.3,984.3,1001.0,2345,989.4,0355,994.0,14.7,0.0,1300,0.98,6.2,,,,,,10.0,7.9,20.8,16.2,21.2,21.5,22.7,23.1,23.7,22.7,20.8,16.0,14.0,1.8,2.6,0.8,-{비}-{비}{강도0}0300-{비}{강도1}0600-{비}{강도0}0900-1050. -{박무}-{박무}{강도0}0300-{박무}{강도0}0600-{박무}{강도0}0900-0910. {비}1155-{비}{강도0}1200-1440. {비}1755-{비}{강도0}1800-1910. {비}2020-{비}{강도0}2100-2355.,,2020,6,27,182,0,0,0,1
108,서울,2020-07-01,21.1,18.1,0447,24.3,1642,0.0,,0.0,,2.17,0.0,6.1,320,0010,3.7,320,0026,1.9,1625,270,17.2,67,1633,79.3,19.7,995.0,1008.9,2337,1001.0,0001,1004.8,14.7,0.2,1400,1.26,9.47,,,,,,7.6,4.6,21.3,15.8,21.8,21.8,22.3,22.3,22.7,22.7,21.6,16.4,14.1,1.9,2.7,,{비}0015-0225. {연무}1935-{연무}{강도0}2100-2135. {박무}2130-{박무}{강도0}2400-,,2020,7,27,183,0,0,0,0
108,서울,2020-07-02,24.2,20.4,0114,29.8,1635,,,,,,,5.4,230,2110,3.4,270,1802,1.9,1605,110,19.1,51,1606,74.5,22.1,1000.9,1012.9,2234,1008.8,0001,1010.7,14.7,5.4,1200,3.32,19.15,,,,,,6.6,4.9,24.5,16.5,24.4,23.9,23.4,22.8,22.6,22.4,21.5,16.6,14.1,4.0,5.7,,-{박무}-{박무}{강도1}0300-{박무}{강도1}0600-{박무}{강도0}0900-1145. {연무}1140-{연무}{강도0}1200-{연무}{강도0}1500-{연무}{강도0}1800-{연무}{강도0}2100-2230. {박무}2225-{박무}{강도1}2400-,,2020,7,27,184,0,0,1,0
108,서울,2020-07-03,25.5,21.6,2400,30.6,1508,0.1,,0.5,2330,1.92,0.1,10.5,140,1446,6.1,160,1527,2.6,2259,50,17.2,34,1426,63.5,19.8,1000.5,1012.6,0016,1007.7,1624,1010.3,14.7,9.6,1200,3.41,27.47,,,,,,6.8,3.8,28.6,18.4,26.2,25.7,25.0,24.0,23.3,22.2,21.3,16.6,14.1,6.0,8.5,1.7,-{박무}-{박무}{강도1}0300-{박무}{강도1}0600-0830. {비}2205-{비}{강도0}2400- {박무}2330-{박무}{강도0}2400-,,2020,7,27,185,0,0,1,1
108,서울,2020-07-04,24.2,20.4,0542,29.5,1451,0.3,20,0.9,36,4.83,1.6,7.4,270,1648,4.4,250,1632,2.1,1808,270,16.3,39,1403,63.9,18.6,997.0,1009.8,0001,1005.0,1511,1006.7,14.7,9.5,1200,3.53,26.88,,,,,,7.6,2.9,28.2,18.4,26.4,26.0,25.7,24.8,24.0,22.2,21.2,16.6,14.1,5.3,7.6,,-{비}-{비}{강도0}0300-0355. -{박무}-{박무}{강도0}0300-{박무}{강도0}0600-0740. {비}0455-0550.,,2020,7,27,186,0,0,1,1
108,서울,2020-07-05,23.8,19.9,0521,27.6,1313,,,,,,,5.5,270,1335,3.5,250,1731,1.9,1645,250,17.4,52,1305,68.6,19.9,994.5,1006.6,0245,1001.8,1838,1004.2,14.7,6.4,1200,3.69,20.85,,,,,,5.3,3.5,26.7,15.5,25.9,25.8,25.8,25.0,24.4,22.4,21.2,16.6,14.2,4.1,5.9,,{박무}0230-{박무}{강도0}0300-{박무}{강도0}0600-{박무}{강도0}0900-0945. {연무}0940-{연무}{강도0}1200-1210.,,2020,7,27,187,0,0,1,0
108,서울,2020-07-06,25.6,21.8,0554,30.9,1605,,,,,,,7.7,340,1711,4.7,320,1711,2.1,1798,270,18.7,46,1544,66.6,21.5,991.2,1002.6,0057,998.6,1625,1000.8,14.7,5.0,1000,2.63,19.28,,,,,,7.4,6.3,28.5,18.1,26.8,26.3,26.0,25.2,24.5,22.5,21.2,16.6,14.2,3.9,5.6,0.0,,,2020,7,28,188,0,0,1,0
108,서울,2020-07-07,24.1,22.1,0659,28.1,1647,0.0,,0.0,,1.25,0.0,6.6,320,2206,4.0,290,1553,2.5,2156,270,19.4,59,1542,75.5,22.5,994.3,1005.5,2347,1001.9,0008,1004.0,14.6,4.0,1500,2.75,15.15,,,,,,6.3,5.9,28.3,19.6,26.0,25.8,26.0,25.3,24.7,22.6,21.2,16.7,14.2,3.3,4.8,0.0,{비}0645-0740. {비}1255-1315.,,2020,7,28,189,0,0,1,0
108,서울,2020-07-08,25.5,21.3,0536,30.4,1602,,,,,,,6.4,250,1356,3.7,290,1439,2.0,1754,270,19.7,52,1638,71.9,22.9,994.8,1005.4,0001,1002.7,1705,1004.4,14.6,10.0,1100,3.51,25.81,,,,,,2.9,2.4,30.5,17.5,27.4,26.7,26.6,25.4,24.6,22.7,21.3,16.7,14.3,5.0,7.1,,{박무}0350-{박무}{강도0}0600-0710. {연무}1250-{연무}{강도0}1500-1530. {박무}2150-{박무}{강도1}2400-,,2020,7,28,190,0,0,1,0
108,서울,2020-07-09,27.5,21.8,0526,32.9,1449,,,,,,,6.3,160,1247,3.6,320,1923,1.7,1480,110,19.7,38,1502,64.6,22.9,994.0,1005.0,0643,1001.7,1643,1003.6,14.6,7.7,1200,3.66,23.1,,,,,,4.8,1.9,31.9,18.3,28.6,27.5,27.7,26.1,25.0,22.8,21.3,16.8,14.3,5.0,7.1,2.0,-{박무}-{박무}{강도1}0300-{박무}{강도1}0600-{박무}{강도0}0900-0950. {연무}0945-1125.,,2020,7,28,191,0,0,1,0
108,서울,2020-07-10,24.5,22.7,2344,27.7,0001,1.0,819,1.9,800,4.67,2.2,11.3,20,1609,6.6,50,1555,2.8,2451,50,19.7,60,0001,75.0,23.0,992.6,1003.6,0004,1000.4,1705,1002.2,14.6,3.1,1500,2.76,12.3,,,,,,6.6,3.1,25.2,19.1,26.4,26.2,27.3,26.1,25.4,23.0,21.4,16.9,14.3,3.1,4.5,0.2,{비}0505-{비}{강도0}0600-0615. {비}0755-{비}{강도0}0900-0945. {비}1005-1145.,,2020,7,28,192,0,0,1,1
108,서울,2020-07-11,25.8,22.2,0432,30.2,1406,,,,,,,10.0,20,1257,5.0,50,2043,2.6,2275,50,17.9,49,1526,62.6,20.5,997.5,1009.9,2320,1002.9,0001,1007.1,14.6,6.6,1200,2.9,21.82,,,,,,7.3,5.3,29.7,19.8,27.1,26.3,26.8,25.6,25.0,23.1,21.5,16.9,14.4,5.0,7.1,,,,2020,7,28,193,0,0,1,0
108,서울,2020-07-12,23.5,21.7,2319,26.0,1235,0.3,1702,0.9,1644,5.42,2.9,7.5,70,2358,3.6,50,2233,2.4,2051,70,17.8,58,0705,71.9,20.6,999.3,1011.0,0835,1007.0,2315,1009.1,14.6,0.0,1200,1.23,7.67,,,,,,9.1,3.4,25.3,19.9,25.7,25.2,26.5,25.5,25.1,23.2,21.5,17.0,14.4,1.8,2.5,19.4,{비}1615-{비}{강도0}1800-{비}{강도0}2100-2140. {박무}1835-1910.,,2020,7,28,194,0,0,1,1
108,서울,2020-07-13,18.7,17.7,0615,21.7,0001,2.2,2220,6.2,2215,22.92,47.6,11.0,50,2100,5.9,50,2121,4.0,3466,70,17.8,86,0107,94.8,20.3,993.0,1007.1,0001,1001.2,1709,1002.9,14.6,0.0,1100,0.64,4.58,,,,,,10.0,6.6,20.1,17.0,22.4,22.4,24.4,24.0,24.5,23.2,21.6,17.0,14.4,0.9,1.3,42.6,{비}0105-{비}{강도0}0300-{비}{강도0}0600-{비}{강도0}0900-{비}{강도0}1200-{비}{강도0}1500-{비}{강도0}1800-{비}{강도0}2100-{소나기}2250-{소나기}{강도1}2400- {박무}0210-{박무}{강도0}0300-{박무}{강도0}0600-0820. {박무}0950-{박무}{강도0}1200-1210. {박무}1350-{박무}{강도0}1500-{박무}{강도0}1800-1830. {박무}1910-{박무}{강도0}2100-{박무}{강도0}2400-,,2020,7,29,195,0,0,0,1
108,서울,2020-07-14,20.3,17.2,0416,24.3,1533,1.7,51,5.9,-2331,9.83,11.5,8.6,50,0220,4.4,50,1347,2.8,2391,50,16.4,62,1545,79.4,18.7,993.9,1005.6,2244,1001.2,0256,1003.8,14.5,0.1,1300,1.86,12.46,,,,,,9.9,5.6,22.6,16.4,22.1,21.6,23.0,22.4,23.1,23.1,21.7,17.1,14.5,2.7,3.9,0.0,-{비}-{비}0130-{비}{강도0}0300-{비}{강도0}0600-{비}{강도0}0900-0925. -{박무}-0220. {박무}0355-0420. {비}2315-2340.,,2020,7,29,196,0,0,0,1
108,서울,2020-07-15,23.4,18.9,0547,28.7,1703,,,,,,,6.8,50,1514,3.4,50,1336,2.0,1687,50,15.5,40,1623,63.1,17.7,995.5,1006.5,0758,1003.4,1755,1005.3,14.5,9.3,1300,3.68,26.6,,,,,,5.1,4.9,26.4,17.6,25.0,23.6,24.1,23.0,23.0,22.9,22.0,17.2,14.5,5.1,7.2,,,,2020,7,29,197,0,0,1,0
108,서울,2020-07-16,25.0,20.4,0454,29.7,1514,,,,,,,6.2,250,1801,3.5,270,1543,1.8,1562,270,19.1,55,1256,70.9,22.1,997.0,1008.1,2338,1004.9,1712,1006.7,14.5,10.2,1100,3.58,25.76,,,,,,4.1,4.1,27.4,17.0,26.3,25.0,25.2,24.1,23.6,22.8,21.9,17.3,14.5,4.9,7.0,,,,2020,7,29,198,0,0,1,0
108,서울,2020-07-17,26.0,21.5,0544,31.6,1433,0.0,,0.0,,0.58,0.0,9.6,250,1604,5.6,270,1619,1.9,1660,250,20.3,52,1430,72.0,23.8,998.3,1009.1,0741,1006.6,1435,1008.0,14.5,7.5,1300,2.93,22.28,,,,,,4.5,2.3,28.3,18.3,27.2,26.3,25.5,25.0,24.2,22.8,21.9,17.4,14.6,4.3,6.2,0.0,{연무}1110-{연무}{강도0}1200-1215. {비}1650-1725.,,2020,7,29,199,0,0,1,0
108,서울,2020-07-18,26.1,22.8,0529,31.0,1539,,,,,,,6.4,320,1653,4.0,290,1657,1.6,1406,270,20.4,54,1529,71.6,24.0,998.4,1009.3,0812,1006.6,1819,1008.1,14.5,4.3,1400,2.75,15.49,,,,,,5.4,3.6,27.9,20.4,27.0,26.4,25.9,25.5,24.8,22.9,21.8,17.5,14.6,3.2,4.6,23.1,{박무}0255-{박무}{강도0}0300-{박무}{강도0}0600-{박무}{강도0}0900-1050. {연무}1045-{연무}{강도0}1200-{연무}{강도0}1500-{연무}{강도0}1800-{연무}{강도0}2100-2325.,,2020,7,29,200,0,0,1,0
108,서울,2020-07-19,24.0,20.6,0904,26.6,2201,6.6,836,19.3,820,5.67,29.1,8.4,110,2148,4.3,50,1033,2.7,2364,50,20.5,62,0058,81.6,24.2,994.9,1008.5,0001,1002.1,2400,1004.6,14.4,0.0,1300,1.05,4.92,,,,,,9.9,7.1,22.9,19.5,25.1,24.7,24.9,25.1,24.9,23.0,21.8,17.5,14.7,1.4,2.0,8.8,{비}0605-{비}{강도1}0900-1055. {박무}0625-{박무}{강도2}0900-0950. {비}2310-{비}{강도0}2400-,,2020,7,29,201,0,0,1,1
108,서울,2020-07-20,23.8,22.4,2217,26.6,0212,0.9,321,1.3,231,10.33,3.6,13.4,180,0601,7.0,200,0610,3.7,3226,200,21.3,77,1654,86.3,25.4,995.9,1010.8,2350,1001.0,0225,1005.6,14.4,0.0,1500,0.83,5.15,,,,,,9.6,6.3,23.8,20.8,25.2,24.4,24.3,24.4,24.3,23.2,21.9,17.6,14.7,1.4,2.0,0.8,-{비}-0040. {비}0115-{비}{강도0}0300-0510. {비}0650-{비}{강도0}0900-{비}{강도0}1200-1235. {박무}0705-{박무}{강도1}0900-1055. {박무}2210-{박무}{강도0}2400-,,2020,7,30,202,0,0,1,1
108,서울,2020-07-21,25.0,21.4,0611,30.5,1533,0.0,,0.0,,0.83,0.0,6.6,250,1723,4.2,250,1729,1.6,1392,270,20.4,51,1547,77.0,23.9,1001.8,1013.0,0931,1010.3,1530,1011.6,14.4,4.0,1300,3.02,17.83,,,,,,6.3,4.5,25.6,18.5,25.9,24.9,24.4,24.3,24.0,23.2,22.0,17.6,14.7,3.4,4.8,6.5,{안개비}0005-0055. -{박무}-{박무}{강도0}0300-{박무}{강도0}0600-{박무}{강도0}0900-1010.,,2020,7,30,203,0,0,1,0
108,서울,2020-07-22,23.7,22.6,2222,25.7,1501,1.6,819,6.2,758,11.17,11.5,5.6,160,1655,3.4,140,1633,1.6,1402,50,21.7,81,1523,89.3,26.0,999.9,1011.3,0001,1008.4,1613,1009.7,14.4,0.0,1300,0.72,4.5,,,,,,9.8,7.3,24.0,20.2,25.2,24.7,24.6,24.7,24.4,23.1,22.1,17.8,14.8,1.0,1.5,7.2,{박무}0540-{박무}{강도0}0600-0615. {박무}0650-{박무}{강도1}0900-1120. {비}0720-{비}{강도1}0900-{비}{강도0}1200-1230. {비}1325-1435. {비}1535-{비}{강도0}1800-1920. {박무}1550-1630. {박무}1950-{박무}{강도0}2100-{박무}{강도1}2400- {비}2255-{비}{강도0}2400-,,2020,7,30,204,0,0,1,1
108,서울,2020-07-23,21.1,18.5,2319,22.6,0001,4.5,2028,18.5,1717,22.67,103.1,14.9,70,2021,8.3,50,1954,3.6,3136,50,20.3,89,0021,95.5,23.9,995.7,1010.4,0629,999.6,1952,1005.5,14.3,0.0,1300,0.45,2.72,,,,,,10.0,7.6,21.8,17.3,23.5,23.0,23.4,24.0,24.2,23.2,22.1,17.8,14.8,1.1,1.6,101.2,-{비}-0010. {비}0130-{비}{강도0}0300-{비}{강도0}0600-{비}{강도0}0900-{비}{강도0}1200-{비}{강도1}1500-{비}{강도2}1800-{소나기}1935-{비}1950-{비}{강도2}2100-{비}{강도0}2400- -{박무}-{박무}{강도2}0300-{박무}{강도1}0600-0835. {박무}1150-{박무}{강도0}1200-1250. {박무}1425-{박무}{강도1}1500-{박무}{강도1}1800-{박무}{강도1}2100-2310.,,2020,7,30,205,0,0,0,1
108,서울,2020-07-24,22.5,18.7,0001,26.8,1625,1.1,933,2.3,855,8.25,2.9,16.1,50,0109,8.7,50,0109,4.6,3944,50,17.6,61,1655,74.3,20.2,989.3,1000.7,2211,997.6,1420,999.0,14.3,1.0,1600,1.5,10.46,,,,,,9.3,6.6,21.2,17.3,22.8,21.5,21.6,22.2,22.8,23.6,23.2,20.5,14.9,2.8,4.0,2.6,-{비}-0045. {비}0235-{비}{강도0}0300-0540. {비}0745-{비}{강도0}0900-1010. {비}1130-{비}{강도0}1200-1210. {비}1325-1345. {비}1710-{비}{강도0}1800-1810.,,2020,7,30,206,0,0,1,1
108,서울,2020-07-25,24.3,22.3,0235,29.0,1555,0.0,,0.0,,0.5,0.0,11.3,50,1437,6.1,50,1428,3.1,2703,50,18.2,56,1418,69.3,21.0,993.6,1006.8,2337,1000.5,0025,1003.3,14.3,1.9,1300,2.75,15.59,,,,,,7.8,6.5,23.9,20.1,24.3,23.2,22.8,22.8,22.8,23.2,23.0,20.3,15.1,4.1,5.9,0.0,{비}0210-0240.,,2020,7,30,207,0,0,1,0
108,서울,2020-07-26,25.4,21.6,0549,29.6,1614,0.0,,0.0,,0.42,0.0,5.9,20,0053,3.3,50,0952,2.0,1767,50,19.2,56,1153,69.3,22.3,997.4,1008.4,2344,1006.0,0200,1007.0,14.3,5.6,1100,2.8,18.14,,,,,,7.4,5.5,25.6,19.0,25.2,24.3,23.9,23.6,23.3,23.0,22.7,19.6,15.3,3.2,4.6,0.6,{비}0510-0535. {채운}0550-0610.,,2020,7,30,208,0,0,1,0
108,서울,2020-07-27,24.3,22.9,0611,25.5,1540,0.5,356,0.6,306,16.92,2.2,5.7,20,1243,3.2,50,1656,2.2,1861,50,21.8,80,1706,86.4,26.1,998.6,1009.3,1240,1007.4,1837,1008.4,14.2,0.0,1500,0.95,7.72,,,,,,10.0,7.3,25.2,21.4,25.5,24.8,24.4,24.3,23.9,22.9,22.6,19.2,15.3,1.6,2.3,1.6,{비}0240-{비}{강도0}0300-0440. {박무}0355-0420. {비}0625-{비}{강도0}0900-{비}{강도0}1200-{비}{강도0}1500-{비}{강도0}1800-{비}{강도0}2100-2120.,,2020,7,31,209,0,0,1,1
108,서울,2020-07-28,24.4,22.7,0548,26.4,1447,0.2,,0.3,1614,10.17,0.4,5.4,70,1219,3.1,50,1256,2.0,1734,50,21.5,71,1221,84.8,25.7,1000.5,1011.5,2307,1008.4,0001,1010.3,14.2,0.0,1100,1.18,8.38,,,,,,9.9,4.8,25.0,21.1,25.4,24.7,24.4,24.3,24.0,23.0,22.4,19.0,15.3,1.6,2.3,8.3,{비}0735-{비}{강도0}0900-1115. {비}1250-{비}{강도0}1500-{비}{강도0}1800-1920. {박무}1635-1710.,,2020,7,31,210,0,0,1,1
108,서울,2020-07-29,23.7,22.6,0925,24.9,1746,9.3,903,27.1,902,18.17,50.1,6.7,50,0524,3.4,70,0524,2.0,1694,50,22.9,89,0034,95.8,28.0,1002.0,1012.7,1014,1010.4,0356,1011.7,14.2,0.0,1600,0.4,3.18,,,,,,10.0,7.5,23.9,21.6,24.7,24.1,24.0,24.1,24.1,23.1,22.4,18.9,15.3,0.7,1.0,42.3,{비}0045-{비}{강도1}0300-{비}{강도0}0600-0610. {비}0840-{비}{강도0}0900-{비}{강도0}1200-{비}{강도0}1500-{비}{강도0}1800-1920. {박무}0910-1050. {박무}1320-1450. {박무}1750-{박무}{강도0}1800-{박무}{강도0}2100-{박무}{강도1}2400- {비}2155-{비}{강도0}2400-,,2020,7,31,211,0,0,0,1
108,서울,2020-07-30,25.3,23.4,2324,28.4,1439,0.1,,0.1,,5.25,0.1,7.7,180,1351,3.8,200,1342,2.1,1774,230,22.6,68,1613,85.5,27.4,1003.4,1014.4,2326,1011.5,0334,1013.1,14.1,3.0,1300,2.84,15.34,,,,,,8.3,4.8,26.9,20.6,26.5,25.5,24.7,24.4,24.0,23.3,22.7,19.5,15.3,3.1,4.4,,-{비}-{비}{강도0}0300-0315. -{박무}-{박무}{강도1}0300-{박무}{강도0}0600-{박무}{강도0}0900-1150. {비}0440-{비}{강도0}0600-0640. {박무}1250-1320.,,2020,7,31,212,0,0,1,1
108,서울,2020-07-31,26.2,22.8,0635,29.6,1319,1.2,2355,1.2,2305,2.42,1.5,8.2,320,2341,4.6,290,2348,2.0,1701,250,22.7,69,1136,81.9,27.7,1003.9,1015.1,0717,1012.3,1737,1013.7,14.1,5.0,1000,2.44,14.5,,,,,,6.9,5.0,27.2,21.1,26.7,26.0,25.4,25.1,24.5,23.3,22.6,19.4,15.4,2.5,3.5,3.3,{박무}0140-{박무}{강도0}0300-0530. {박무}0605-0750. {박무}0805-{박무}{강도0}0900-0905. {연무}1445-{연무}{강도0}1500-1535. {소나기}1455-{소나기}{강도0}1500-1505. {소나기}1655-1720. {비}2210-{소나기}2355-{소나기}{강도0}2400- {박무}2210-{박무}{강도0}2400-,,2020,7,31,213,0,0,1,1
108,서울,2020-08-01,25.3,24.3,0546,26.9,1113,8.9,1224,23.6,1222,16.5,39.1,9.0,180,1952,4.9,180,1948,1.7,1490,230,23.6,82,1957,90.9,29.2,1000.5,1013.1,0002,1007.7,1748,1010.3,14.1,0.0,1000,0.93,5.31,,,,,,9.8,7.8,25.7,23.1,26.3,25.8,25.5,25.4,24.9,23.4,22.6,19.3,15.4,1.1,1.6,41.5,-{비}-{비}0005-0050. -{박무}-0010. {비}0140-{비}{강도0}0300-0305. {비}0455-{비}{강도0}0600-{비}{강도0}0900-{소나기}1155-{소나기}{강도0}1200-{비}1250-{비}{강도0}1500-1710. {박무}0740-0845. {박무}1145-{박무}{강도0}1200-1340. {비}2010-2015. {비}2205-{비}{강도1}2400- {박무}2330-{박무}{강도0}2400-,,2020,8,31,214,0,0,1,1
108,서울,2020-08-02,24.9,23.5,1855,26.4,1501,11.1,1534,13.8,1533,23.25,31.4,14.6,250,1538,7.5,250,1543,2.3,2002,180,24.2,90,2349,96.3,30.3,997.8,1009.1,0001,1005.4,2041,1007.5,14.0,0.0,1000,0.39,2.55,,,,,,10.0,7.8,25.2,22.8,25.9,25.4,25.2,25.3,25.0,23.7,22.8,19.6,15.4,0.7,1.0,83.8,-{안개비}-{안개비}0110-{안개비}{강도0}0300-{비}0450-{비}{강도0}0600-{비}{강도0}0900-{비}{강도1}1200-{소나기}1330-{비}1420-{비}{강도0}1500-{소나기}1530-{비}1740-{비}{강도0}1800-{비}{강도0}2100-2150. -{박무}-{박무}{강도1}0300-{박무}{강도2}0600-{박무}{강도2}0900-{박무}{강도0}1200-1250. {박무}1330-1410. {박무}2040-{박무}{강도0}2100-2115. {비}2235-{비}{강도0}2400-,,2020,8,31,215,0,0,1,1
108,서울,2020-08-03,25.0,23.9,2002,26.3,0142,14.9,1920,28.5,836,19.92,102.6,14.5,200,0021,8.3,180,0025,3.0,2626,200,24.3,89,0118,96.3,30.4,998.4,1010.2,2329,1005.5,0116,1008.1,14.0,0.0,1400,0.65,3.09,,,,,,10.0,8.0,25.1,22.8,25.5,25.0,24.9,25.0,25.0,24.0,23.4,20.5,15.5,0.8,1.1,47.8,{박무}0150-{박무}{강도1}0300-{박무}{강도1}0600-{박무}{강도0}0900-{박무}{강도0}1200-1410. -{소나기}-{소나기}0235-{비}0250-{비}{강도1}0300-{비}{강도2}0600-{비}{강도2}0900-{비}{강도0}1200-{비}{강도0}1500-1615. {비}1820-{소나기}1915-{비}1950-{안개비}2030-{안개비}{강도0}2100-2130. {박무}1845-2040. {박무}2240-{박무}{강도0}2400- {비}2330-{비}{강도0}2400-,,2020,8,32,216,0,0,1,1
108,서울,2020-08-04,27.0,25.0,0001,29.4,1520,0.9,722,1.8,636,11.67,3.9,11.0,180,1402,5.7,200,0724,3.5,3043,200,25.0,77,1453,89.3,31.6,1000.9,1012.8,2338,1008.9,0218,1010.6,14.0,0.4,1400,1.79,8.06,,,,,,9.6,7.0,26.9,24.3,26.5,25.7,25.2,25.1,24.9,24.3,23.9,22.0,16.0,1.7,2.5,4.1,-{비}-0020. -{박무}-{박무}{강도0}0300-{박무}{강도0}0600-{박무}{강도0}0900-{박무}{강도0}1200-1420. {비}0330-{비}{강도0}0600-{비}{강도0}0900-0950. {비}1035-1110. {비}1520-1745. {박무}1645-{박무}{강도0}1800-{박무}{강도0}2100-{박무}{강도0}2400- {비}2130-2330.,,2020,8,32,217,0,0,1,1
108,서울,2020-08-05,26.5,25.5,2346,29.1,1630,7.3,2337,14.4,2325,12.67,18.5,8.0,200,0915,4.6,160,1651,1.9,1654,50,25.1,81,1648,92.1,31.8,1000.8,1012.7,0001,1007.2,2359,1010.5,13.9,0.1,1500,0.88,5.02,,,,,,9.8,6.0,26.7,24.3,26.8,26.2,25.8,25.6,25.2,24.2,23.7,21.2,16.4,1.0,1.5,91.7,-{박무}-{박무}{강도0}0300-{박무}{강도0}0600-{박무}{강도0}0900-{박무}{강도0}1200-{박무}{강도0}1500-1510. {비}0535-{비}{강도0}0600-{비}{강도0}0900-{비}{강도0}1200-1410. {비}1640-{비}{강도0}1800-1835. {비}1930-2035. {박무}1945-{박무}{강도0}2100-{박무}{강도2}2400- {비}2255-{비}{강도1}2400-,,2020,8,32,218,0,0,1,1
108,서울,2020-08-06,24.1,22.9,2357,26.0,1644,6.8,419,19.9,415,12.33,75.7,13.1,200,0544,6.5,200,0545,3.3,2851,200,22.8,83,1735,92.8,27.7,995.4,1008.7,2348,1000.5,0505,1005.1,13.9,0.2,1200,1.23,6.74,,,,,,8.0,7.1,24.8,21.1,25.8,25.3,25.3,25.5,25.6,24.5,24.0,21.1,16.4,1.3,1.9,0.5,-{비}-{비}{강도1}0300-{비}{강도2}0600-{비}{강도0}0900-0925. -{박무}-{박무}{강도0}0300-{박무}{강도1}0600-{박무}{강도0}0900-0910. {비}0950-1140. {박무}1050-1120. {비}1350-1455.,,2020,8,32,219,0,0,1,1
108,서울,2020-08-07,24.3,22.6,0628,26.1,1536,0.0,,0.0,,2.5,0.0,6.9,110,1126,3.3,110,1800,1.8,1521,50,21.5,71,1802,85.3,25.6,996.9,1009.2,0252,1004.5,1750,1006.6,13.9,0.0,1200,1.27,6.7,,,,,,9.0,7.0,24.8,20.6,25.5,25.0,25.0,25.2,25.2,24.6,24.2,22.0,16.6,1.7,2.4,0.0,{박무}0115-{박무}{강도0}0300-{박무}{강도0}0600-{박무}{강도0}0900-{박무}{강도0}1200-1310. {비}0525-{비}{강도0}0600-0620. {비}0810-{비}{강도0}0900-0945.,,2020,8,32,220,0,0,1,0
108,서울,2020-08-08,24.2,22.7,0432,26.1,1628,1.3,2028,5.9,2026,10.42,19.1,7.5,110,1055,3.7,70,0852,2.3,1949,70,22.3,77,1045,89.5,27.0,993.2,1004.7,0001,1001.3,1958,1002.9,13.9,1.8,1600,1.08,6.96,,,,,,9.1,7.3,24.9,20.6,25.3,24.9,24.9,25.0,25.1,24.5,24.0,21.2,16.7,1.1,1.5,31.1,{비}1120-{비}{강도0}1200-{비}{강도0}1500-1610. {박무}1145-{박무}{강도0}1200-1230. {비}1825-{비}{강도1}2100-{비}{강도0}2400- {박무}1955-{박무}{강도0}2100-2330.,,2020,8,32,221,0,0,1,1
108,서울,2020-08-09,24.9,23.7,0001,25.8,2330,3.9,1107,13.9,1337,20.25,50.3,12.4,180,1256,6.8,200,1241,2.6,2278,200,24.0,89,2038,95.4,29.9,992.5,1003.4,2323,1001.4,0835,1002.2,13.8,0.0,0900,0.17,1.43,,,,,,9.8,7.1,24.3,23.1,25.2,24.7,24.7,24.9,25.0,24.4,23.9,20.8,16.6,0.6,0.9,41.6,-{비}-0030. {비}0110-{비}{강도0}0300-0335. {박무}0220-{박무}{강도0}0300-{박무}{강도0}0600-0825. {비}0420-{비}{강도0}0600-{비}{강도1}0900-{비}{강도1}1200-{비}{강도1}1500-{비}{강도0}1800-{비}{강도0}2100-2140. {박무}0925-{박무}{강도1}1200-1450. {박무}1550-1710.,,2020,8,32,222,0,0,1,1
108,서울,2020-08-10,26.5,24.7,2357,29.5,1331,10.0,1615,28.6,1556,17.67,44.6,10.2,200,0341,4.3,200,0348,2.0,1731,200,25.0,78,1226,91.6,31.7,993.8,1004.7,0809,1001.7,1515,1003.4,13.8,0.2,1100,1.81,7.77,,,,,,9.9,7.4,26.4,23.6,26.5,25.8,25.2,25.1,24.9,24.5,24.3,21.7,16.5,1.5,2.1,138.0,{비}0230-{비}{강도0}0300-0455. {비}0530-{비}{강도0}0600-{비}{강도0}0900-{비}{강도0}1200-1230. {박무}0810-{박무}{강도0}0900-0950. {비}1415-{비}{강도0}1500-{비}{강도0}1800-2010. {박무}1515-1730. {비}2140-{소나기}2340-{비}2355-{비}{강도1}2400- {박무}2210-{박무}{강도0}2400-,,2020,8,33,223,0,0,1,1
108,서울,2020-08-11,24.6,22.4,0536,27.3,1333,6.3,604,23.6,435,10.17,97.0,9.1,250,0500,4.7,200,0411,2.2,1858,200,23.2,79,1341,92.5,28.5,999.6,1012.6,2359,1003.7,0119,1009.3,13.8,0.5,1300,2.57,7.44,,,,,,9.5,7.6,25.2,21.5,25.7,25.1,24.9,25.2,25.6,24.8,24.6,22.8,16.7,1.6,2.3,0.3,-{비}-{비}{강도1}0300-{비}{강도2}0600-{비}{강도0}0900-1010. -{박무}-{박무}{강도1}0300-{박무}{강도1}0600-{박무}{강도0}0900-1015.,,2020,8,33,224,0,0,1,1
108,서울,2020-08-12,27.2,23.5,0431,31.3,1405,,,,,,,6.7,200,1834,4.3,200,1840,1.9,1637,50,24.1,68,1421,83.9,30.1,1002.7,1013.7,0700,1010.9,1649,1012.4,13.7,2.1,1300,2.79,13.62,,,,,,8.3,6.1,28.3,21.5,27.3,26.4,25.6,25.5,25.2,24.9,24.6,22.8,17.3,2.7,3.8,,{박무}0425-0555. {연무}1335-{연무}{강도0}1500-1640. {박무}1835-1930. {박무}2220-{박무}{강도0}2400-,,2020,8,33,225,0,0,1,0
108,서울,2020-08-13,28.0,26.3,0506,30.3,1557,,,,,,,8.7,200,2026,4.9,200,2050,2.5,2169,200,24.6,74,1553,82.4,31.0,999.3,1012.4,0001,1006.2,1830,1008.9,13.7,0.2,1000,1.25,7.96,,,,,,8.5,6.6,27.4,24.4,27.9,27.2,26.7,26.4,25.8,24.8,24.4,22.0,17.4,2.1,3.0,0.4,-{박무}-0010. {박무}0210-{박무}{강도0}0300-0430.,,2020,8,33,226,0,0,1,0
108,서울,2020-08-14,27.1,26.5,0822,28.0,1147,0.4,753,0.4,750,2.92,0.4,10.9,230,1306,5.7,230,1306,3.5,3065,200,24.6,81,1715,86.1,30.9,995.8,1006.9,0003,1004.4,0502,1005.5,13.7,0.0,1100,0.56,4.14,,,,,,9.3,7.3,26.3,24.9,27.3,26.8,26.5,26.4,26.1,24.8,24.3,21.5,17.3,1.1,1.6,44.2,{비}0750-0855. {박무}0950-1120. {박무}1210-{박무}{강도0}1500-1510. {박무}1910-{박무}{강도0}2100-{박무}{강도1}2400- {비}2210-{비}{강도0}2400-,,2020,8,33,227,0,0,1,1
108,서울,2020-08-15,26.1,25.0,0729,27.0,1745,13.1,1300,23.7,552,17.08,69.0,10.5,180,0651,5.6,230,0655,1.9,1641,200,25.3,92,0001,96.0,32.3,998.7,1010.1,2101,1006.1,0343,1008.4,13.6,0.0,1500,0.65,3.25,,,,,,9.3,8.1,25.9,18.7,26.7,26.2,26.1,26.2,26.0,24.9,24.2,21.2,17.1,0.8,1.2,24.8,-{비}-{비}{강도1}0300-{비}{강도0}0600-{소나기}0610-{비}0730-{비}{강도0}0900-1050. -{박무}-{박무}{강도2}0300-{박무}{강도2}0600-{박무}{강도0}0900-{박무}{강도0}1200-{박무}{강도1}1500-{박무}{강도1}1800-{박무}{강도1}2100-{박무}{강도0}2400- {비}1115-{비}{강도0}1200-{비}{강도0}1500-1730.,,2020,8,33,228,0,0,1,1
108,서울,2020-08-16,27.4,25.3,0533,30.8,1441,,,,,,,10.0,250,1454,5.2,230,1524,3.0,2613,200,24.1,66,1448,82.6,29.9,1001.0,1012.1,2400,1009.6,1448,1010.6,13.6,2.4,1300,2.42,14.3,,,,,,8.3,6.9,27.9,23.7,27.8,27.0,26.5,26.3,26.0,25.2,24.7,22.1,17.1,3.1,4.4,,-{박무}-0240. {박무}2310-{박무}{강도0}2400-,,2020,8,33,229,0,0,1,0
108,서울,2020-08-17,28.2,26.1,0459,32.2,1602,,,,,,,7.1,320,1711,4.1,290,1657,2.3,1996,200,23.8,61,1254,77.9,29.4,1003.7,1014.8,1013,1012.0,0002,1013.4,13.5,5.8,1200,3.29,18.44,,,,,,4.4,4.1,29.0,22.1,28.6,27.8,27.2,26.9,26.3,25.2,24.6,21.9,17.1,3.8,5.4,,-{박무}-0040. {박무}0330-0410.,,2020,8,34,230,0,0,1,0
108,서울,2020-08-18,27.5,24.0,0622,31.9,1543,,,,,,,5.4,270,1728,3.6,270,1533,1.6,1375,270,22.7,56,1734,76.3,27.5,1003.2,1014.7,0803,1010.9,1755,1012.9,13.5,7.9,1300,3.21,19.81,,,,,,2.8,2.6,29.1,20.8,28.4,27.7,27.4,27.1,26.7,25.2,24.5,21.6,17.1,4.1,5.8,,{박무}0250-{박무}{강도0}0300-{박무}{강도0}0600-0710. {박무}1105-{박무}{강도0}1200-1310. {연무}1305-{연무}{강도0}1500-1650. {박무}2220-{박무}{강도0}2400-,,2020,8,34,231,0,0,1,0
108,서울,2020-08-19,27.1,23.6,0514,31.4,1548,,,,,,,7.6,290,1446,4.4,290,1427,2.0,1727,270,22.4,61,1440,76.8,27.1,1001.7,1012.9,0543,1009.3,1611,1011.3,13.5,9.4,1300,2.76,22.54,,,,,,2.3,2.3,28.6,20.2,28.4,27.7,27.5,27.3,26.8,25.3,24.5,21.4,17.1,4.3,6.2,,-{박무}-{박무}{강도0}0300-{박무}{강도0}0600-{박무}{강도0}0900-1055. {연무}1050-{연무}{강도0}1200-{연무}{강도0}1500-1620. {박무}1955-{박무}{강도0}2100-{박무}{강도0}2400-,,2020,8,34,232,0,0,1,0
108,서울,2020-08-20,27.7,25.0,0301,31.7,1310,,,,,,,7.1,290,1913,4.2,270,1620,1.7,1457,250,22.8,58,1414,76.0,27.8,1002.4,1013.4,0805,1010.2,1515,1012.1,13.4,3.1,1100,3.05,15.16,,,,,,6.4,3.3,27.6,21.8,28.6,28.0,27.6,27.4,26.9,25.4,24.5,21.2,17.0,3.1,4.5,,-{박무}-{박무}{강도0}0300-{박무}{강도0}0600-{박무}{강도0}0900-0950. {연무}1545-{연무}{강도0}1800-1830. {박무}2340-{박무}{강도0}2400-,,2020,8,34,233,0,0,1,0
108,서울,2020-08-21,26.6,25.2,0543,29.2,1630,1.6,1247,2.1,1159,4.67,2.5,7.4,290,0943,3.5,290,0947,1.6,1344,50,23.5,75,1648,83.1,28.9,1003.9,1014.5,0938,1012.8,0106,1013.7,13.4,0.8,1300,2.0,8.74,,,,,,8.8,6.4,27.6,22.4,27.9,27.5,27.3,27.3,27.0,25.5,24.5,21.1,17.0,1.9,2.7,2.5,-{박무}-0010. {박무}0610-{박무}{강도0}0900-{박무}{강도0}1200-{박무}{강도0}1500-1710. {비}0925-0940. {비}1045-{비}{강도0}1200-{비}{강도0}1500-1510.,,2020,8,34,234,0,0,1,1
108,서울,2020-08-22,24.3,21.7,2342,27.6,1207,9.7,1227,23.0,1211,6.25,42.6,8.4,90,1259,5.5,340,1259,2.1,1792,50,21.9,78,1118,87.4,26.4,1002.5,1013.9,0001,1010.3,1700,1012.2,13.4,0.6,1000,1.11,7.56,,,,,,9.0,6.0,25.2,20.1,,,,,26.8,25.5,24.5,21.1,17.0,1.3,1.8,42.6,{비}0745-0755. {소나기}1210-{시정(미만)}{1km}{소나기}1235-{시정(이상)}{1km}{소나기}1245-1330. {박무}1225-1315. {소나기}1420-{소나기}{강도0}1500-1650. {박무}1450-{박무}{강도1}1500-1550. {소나기}1815-1955. {박무}1825-1955. {비}2105-2140. {박무}2125-2310.,,2020,8,34,235,0,0,1,1
108,서울,2020-08-23,25.3,21.5,0045,29.9,1555,,,,,,,6.2,250,1549,3.9,250,1552,1.9,1604,270,21.0,59,1517,78.4,24.9,998.7,1010.8,0001,1006.4,1747,1008.4,13.3,6.8,1100,2.53,18.72,,,,,,6.0,5.4,27.2,19.7,26.7,26.2,26.1,26.3,26.4,25.6,24.6,21.0,17.0,3.8,5.4,,{박무}0545-{박무}{강도0}0600-0610.,,2020,8,34,236,0,0,1,0
108,서울,2020-08-24,27.8,23.7,0554,32.0,1521,,,,,,,8.5,180,1329,4.9,230,1549,2.2,1866,50,22.0,54,1545,71.6,26.5,995.2,1007.5,0002,1003.2,1631,1004.8,13.3,8.8,1000,2.65,20.25,,,,,,5.9,3.4,28.6,20.9,27.7,27.0,26.7,26.6,26.4,25.6,24.8,21.1,17.1,4.2,6.0,,{연무}2310-{연무}{강도0}2400-,,2020,8,35,237,0,0,1,0
108,서울,2020-08-25,29.9,26.0,0618,34.5,1452,,,,,,,7.6,180,1456,4.6,320,1722,2.1,1822,200,23.4,49,1434,69.5,28.8,995.0,1006.0,2305,1003.3,1502,1004.5,13.2,7.6,1300,3.16,21.21,,,,,,5.9,3.6,30.5,22.7,29.0,28.2,27.6,27.2,26.7,25.6,24.7,21.1,17.1,4.8,6.9,,-{연무}-{연무}{강도0}0300-0455. {박무}0450-{박무}{강도0}0600-0945.,,2020,8,35,238,0,0,1,0
108,서울,2020-08-26,30.2,27.0,0552,34.5,1553,0.4,2310,0.6,2225,4.75,0.6,13.9,70,2344,6.5,70,2352,3.4,2931,70,23.4,53,1617,68.3,28.8,992.2,1005.7,0001,997.5,2347,1001.7,13.2,7.5,1100,2.96,19.68,,,,,,6.4,3.8,29.3,23.6,29.3,28.7,28.2,27.8,27.2,25.6,24.7,21.1,17.1,5.0,7.2,6.7,{비}1915-{비}{강도0}2100-{비}{강도0}2400-,,2020,8,35,239,0,0,1,1
108,서울,2020-08-27,27.1,25.6,0736,28.6,1611,1.6,635,4.2,632,15.08,8.7,15.6,140,0535,7.0,110,0510,3.6,3101,110,24.2,70,0031,84.6,30.2,991.3,1005.7,2349,993.8,0521,1000.9,13.2,0.5,1400,1.14,5.5,,,,,,9.9,7.8,27.2,23.6,27.9,27.5,27.5,27.7,27.3,25.8,24.7,21.1,17.1,1.4,2.0,10.4,-{비}-{비}{강도0}0300-0330. {비}0525-{비}{강도0}0600-{비}{강도0}0900-0950. {박무}0630-0850. {비}1010-1050. {비}1120-{비}{강도0}1200-{비}{강도0}1500-1510. {소나기}2120-{비}2145-{비}{강도0}2400- {박무}2130-{박무}{강도0}2400-,,2020,8,35,240,0,0,1,1
108,서울,2020-08-28,27.3,26.0,0551,29.7,1228,4.7,539,6.7,523,9.25,13.6,7.4,230,1418,4.4,250,1433,1.6,1411,270,25.3,77,1231,89.1,32.2,997.3,1009.0,2254,1005.3,0143,1007.0,13.1,2.0,1000,1.63,10.18,,,,,,8.9,8.1,28.1,24.3,28.2,27.7,27.4,27.3,27.0,25.8,24.8,21.1,17.1,2.1,3.0,5.8,-{비}-0145. -{박무}-{박무}{강도0}0300-{박무}{강도1}0600-{박무}{강도0}0900-1020. {비}0315-0435. {비}0520-{비}{강도1}0600-0705. {비}1105-{비}{강도0}1200-{소나기}1350-1450. {박무}1250-1320. {박무}1415-{박무}{강도0}1500-1510. {소나기}1520-1540. {소나기}1815-1835.,,2020,8,35,241,0,0,1,1
108,서울,2020-08-29,26.8,25.5,0558,29.0,1612,3.1,1055,6.5,1052,9.5,13.6,7.4,160,1057,4.0,160,1100,1.3,1122,50,25.0,77,1030,90.1,31.7,999.2,1010.5,2220,1007.6,0537,1008.9,13.1,1.7,1400,1.38,8.7,,,,,,8.4,7.1,28.7,23.5,28.2,27.6,27.5,27.4,27.1,25.9,24.8,21.0,17.1,1.4,2.0,53.4,{박무}0110-{박무}{강도0}0300-{박무}{강도0}0600-0710. {비}0210-{비}{강도0}0300-0320. {소나기}1040-{소나기}{강도1}1200-1425. {소나기}1705-{소나기}{강도0}1800-{소나기}{강도0}2100-2140. {박무}2145-2210.,,2020,8,35,242,0,0,1,1
108,서울,2020-08-30,26.8,24.4,2348,30.6,1423,9.9,155,32.5,144,11.08,42.5,8.1,50,2311,4.8,50,2253,2.1,1800,200,24.6,74,1438,88.8,31.0,1001.6,1013.3,2223,1009.7,1707,1011.3,13.1,2.4,1200,1.92,12.89,,,,,,7.9,6.6,28.1,22.6,28.1,27.6,27.3,27.4,27.2,26.1,25.2,21.1,17.2,2.7,3.8,2.7,{박무}0010-{박무}{강도2}0300-{박무}{강도1}0600-{박무}{강도0}0900-0940. {안개비}0020-{비}0140-{비}{강도2}0300-{비}{강도0}0600-0730. {안개비}0825-0855. {박무}1850-1910. {소나기}1920-{소나기}{강도0}2100-2245.,,2020,8,35,243,0,0,1,1
108,서울,2020-08-31,26.4,23.8,0107,30.0,1610,0.0,,0.0,,0.17,0.0,8.2,110,1427,4.3,50,0024,2.8,2410,50,22.1,67,1420,77.9,26.6,1002.4,1013.5,0944,1010.3,1803,1012.1,13.0,1.9,1300,2.09,12.25,,,,,,8.8,8.0,27.2,21.9,27.7,27.3,27.2,27.4,27.3,26.2,25.4,21.9,17.2,2.9,4.2,0.0,{소나기}2350-{소나기}{강도0}2400-,,2020,8,36,244,0,0,1,0
108,서울,2020-09-01,26.6,23.8,0630,29.5,1459,0.0,,0.0,,0.75,0.0,7.5,110,0009,3.6,90,0009,1.9,1627,110,21.1,62,1321,72.4,25.0,999.4,1011.9,0001,1007.4,1501,1009.1,13.0,1.0,1200,2.57,11.35,,,,,,8.8,8.0,27.0,21.8,27.6,27.2,27.1,27.2,27.2,26.2,25.4,21.8,17.2,2.4,3.4,0.5,-{소나기}-0010. {비}1720-1730. {비}2210-2230. {비}2355-{비}{강도0}2400-,,2020,9,36,245,0,0,1,0
108,서울,2020-09-02,24.3,22.6,2346,26.4,0002,6.0,1746,20.0,1736,20.08,33.3,7.6,50,1542,4.0,50,1543,2.3,1970,50,22.7,79,0013,91.3,27.6,993.7,1008.0,0001,994.7,2359,1003.4,13.0,0.0,1400,0.49,3.34,,,,,,9.6,6.4,25.3,21.8,26.6,26.3,26.6,27.0,27.0,26.2,25.3,21.7,17.3,0.9,1.2,62.3,-{비}-0145. {비}0345-0530. {비}0725-{비}{강도0}0900-{비}{강도0}1200-{비}{강도0}1500-{시정(미만)}{1km}{비}1754-{비}{강도1}1800-{시정(이상)}{1km}{비}1803-{소나기}1820-{비}1840-{비}{강도0}2100-{비}{강도0}2400- {박무}1250-1320. {박무}1735-{박무}{강도2}1800-1845. {박무}2340-{박무}{강도0}2400-,,2020,9,36,246,0,0,1,1
108,서울,2020-09-03,22.7,20.0,0741,25.6,1420,1.3,740,5.1,220,11.0,29.8,21.5,290,0829,9.8,270,0722,4.8,4121,200,19.3,63,1422,82.0,22.4,987.3,1007.7,2358,986.3,0537,997.0,12.9,2.8,1200,2.31,13.51,,,,,,7.4,6.3,24.0,17.9,24.7,24.4,24.9,25.7,26.4,26.2,25.5,21.7,17.3,3.3,4.8,0.3,-{박무}-0110. {박무}0230-{박무}{강도0}0300-0320. -{비}-{비}{강도1}0300-{비}{강도1}0600-{비}{강도0}0900-0955. {박무}0610-0830. {비}2055-{비}{강도0}2100-{소나기}2105-2120. {비}2130-2150. {비}2230-2250.,,2020,9,36,247,0,0,1,1
108,서울,2020-09-04,23.3,19.9,0325,27.5,1541,,,,,,,9.7,180,0358,5.6,200,0405,2.7,2316,200,15.7,39,1623,63.9,17.8,1002.2,1014.6,2308,1007.6,0001,1012.0,12.9,10.1,1200,3.14,21.21,,,,,,1.6,1.6,23.7,15.3,24.6,24.2,24.6,25.2,25.8,26.1,25.8,22.7,17.4,4.5,6.4,,,,2020,9,36,248,0,0,1,0
108,서울,2020-09-05,23.3,19.2,0615,27.3,1529,,,,,,,5.8,110,1756,3.5,110,1838,2.0,1685,50,16.5,53,1820,66.6,18.8,1003.5,1015.1,0726,1011.9,1536,1013.4,12.8,3.3,1100,2.25,14.49,,,,,,8.0,0.9,23.4,15.7,24.5,24.1,24.4,25.0,25.5,25.9,25.6,22.4,17.5,2.9,4.2,,,,2020,9,36,249,0,0,1,0
108,서울,2020-09-06,21.7,19.5,2252,24.4,1449,1.5,2244,4.1,2240,8.58,6.4,9.7,70,1952,4.8,50,1957,2.7,2301,50,17.9,62,1233,80.0,20.5,999.3,1013.2,0053,1004.2,2400,1009.1,12.8,0.0,1000,1.17,7.13,,,,,,9.4,4.6,22.7,17.1,24.1,23.8,24.2,24.8,25.3,25.7,25.4,22.2,17.5,1.8,2.5,28.5,{비}0945-0955. {비}1105-1125. {비}1555-{비}{강도0}1800-{비}{강도0}2100-{비}{강도0}2400- {박무}2310-{박무}{강도0}2400-,,2020,9,36,250,0,0,0,1
108,서울,2020-09-07,19.2,17.5,0751,20.6,2352,1.9,827,8.4,1933,24.0,61.0,15.3,20,1109,7.9,320,1059,4.2,3664,50,18.0,84,0611,93.5,20.8,983.1,1004.2,0001,984.7,1259,992.8,12.8,0.0,1300,0.9,3.37,,,,,,10.0,6.8,20.1,16.4,21.7,21.6,22.6,23.6,24.9,25.5,25.3,22.0,17.6,1.2,1.7,38.9,-{박무}-0020. {박무}0140-0250. -{비}-{비}{강도0}0300-{비}{강도0}0600-{비}{강도1}0900-{비}{강도0}1200-{비}{강도0}1500-{비}{강도0}1800-{비}{강도1}2100-{비}{강도0}2400- {박무}0345-0410. {박무}0710-{박무}{강도0}0900-1120. {박무}1510-1750. {박무}1840-{박무}{강도2}2100-2330.,,2020,9,37,251,0,0,0,1
108,서울,2020-09-08,23.4,20.6,0001,26.5,1419,0.0,,0.0,,1.0,0.0,15.4,250,0731,7.0,250,0734,4.2,3616,230,17.6,50,1310,71.5,20.2,998.7,1012.2,2220,998.8,0003,1008.5,12.7,9.5,1200,3.21,21.87,,,,,,5.4,4.8,23.1,17.6,22.8,22.3,22.3,22.9,23.7,25.2,25.4,22.9,17.6,4.4,6.3,0.2,-{비}-0045. {비}0710-0725. {박무}2045-{박무}{강도0}2100-{박무}{강도0}2400-,,2020,9,37,252,0,0,1,0
108,서울,2020-09-09,21.1,19.0,1424,25.3,1258,0.9,1416,1.1,1331,4.83,1.3,13.1,320,1327,7.6,320,1332,2.1,1803,180,18.0,65,1324,83.4,20.7,999.9,1012.0,0109,1007.7,1556,1009.7,12.7,3.1,1100,2.34,12.29,,,,,,7.6,5.9,22.2,16.1,23.4,23.2,23.3,23.6,24.0,24.9,25.2,22.9,17.6,2.2,3.1,5.0,{비}0005-0250. -{박무}-{박무}{강도0}0300-{박무}{강도0}0600-0830. {박무}1015-1155. {연무}1152-{연무}{강도0}1200-1310. {소나기}1330- ]{우박}[(d 1.0)(SE 15)/송파구/뉴스핌1410-1415.1440. {비}1740-{비}{강도0}1800-1835. {무지개}1830-1850.,,2020,9,37,253,0,0,1,1
108,서울,2020-09-10,22.8,18.8,0623,27.0,1537,2.7,511,3.5,431,2.25,3.9,7.3,180,1455,4.2,180,1501,2.0,1722,50,17.9,49,1645,75.8,20.5,999.1,1011.5,2337,1007.6,0423,1009.0,12.6,9.0,1200,2.86,19.17,,,,,,6.3,4.5,24.4,17.1,23.8,23.3,23.3,23.6,24.0,24.7,25.0,22.6,17.7,3.7,5.3,,{박무}0120-{박무}{강도0}0300-{박무}{강도1}0600-{박무}{강도0}0900-1020. {비}0325-{소나기}0515-{비}0525-0540. {연무}1145-{연무}{강도0}1200-1210. {박무}2150-2210.,,2020,9,37,254,0,0,1,1
108,서울,2020-09-11,22.4,19.2,2357,27.1,1219,0.4,2353,1.4,2330,7.83,1.2,9.7,110,1342,4.9,50,2045,2.8,2438,50,16.9,47,1254,72.6,19.3,1004.5,1016.6,2215,1011.5,0001,1014.4,12.6,4.5,1000,2.5,12.87,,,,,,7.6,4.1,22.7,16.9,23.7,23.4,23.6,23.9,24.2,24.6,24.8,22.3,17.8,2.8,4.1,6.1,{박무}0250-{박무}{강도0}0300-0550. {비}1510-{비}{강도0}1800-1820. {비}1920-{비}{강도0}2100-{비}{강도0}2400-,,2020,9,37,255,0,0,1,1
108,서울,2020-09-12,20.2,18.1,0232,23.2,1541,0.6,138,1.8,121,18.58,5.7,8.0,70,0229,3.9,50,0230,2.0,1743,50,17.3,74,1417,83.8,19.7,,,,,,,12.6,0.0,1200,1.15,7.34,,,,,,9.5,6.3,21.5,16.8,22.9,22.6,22.9,23.5,,,,22.2,17.8,1.5,2.1,0.8,{박무}0135-0215. -{비}-{비}{강도0}0300-{비}{강도0}0600-{비}{강도0}0900-{비}{강도0}1200-{비}{강도0}1500-{비}{강도0}1800-1810. {비}2150-2215.,,2020,9,37,256,0,0,0,1
108,서울,2020-09-13,21.5,16.7,0618,26.6,1542,,,,,,,6.1,340,1538,3.5,320,1507,1.9,1663,50,15.6,52,1541,70.4,17.8,1005.7,1017.2,0610,1013.7,1522,1015.6,12.5,9.8,1100,3.02,20.53,,,,,,2.8,2.8,24.1,14.0,23.1,22.6,22.9,23.3,23.6,24.5,24.6,22.1,17.8,3.8,5.4,,,,2020,9,37,257,0,0,1,0
108,서울,2020-09-14,21.3,17.6,0622,24.9,1236,0.0,,0.0,,0.42,0.0,7.4,290,1728,4.3,290,1732,1.8,1581,270,17.4,62,1218,79.3,19.9,1004.4,1015.3,0921,1012.4,1552,1014.3,12.5,5.7,1100,2.64,13.86,,,,,,4.6,2.8,22.8,12.9,23.1,22.7,23.0,23.5,23.7,24.3,24.5,22.0,17.8,2.5,3.5,0.0,{소나기}1425-1450. {박무}1945-{박무}{강도0}2100-{박무}{강도0}2400-,,2020,9,38,258,0,0,0,0
108,서울,2020-09-15,23.0,18.9,0627,27.7,1429,,,,,,,5.9,160,1346,3.3,180,1447,1.6,1414,50,18.3,50,1509,76.4,21.0,1002.6,1014.8,0001,1010.6,1900,1012.4,12.4,5.1,1300,2.67,16.56,,,,,,7.5,2.3,23.9,15.3,23.8,23.2,23.2,23.5,23.6,24.3,24.4,22.0,17.8,3.1,4.4,0.0,-{박무}-{박무}{강도0}0300-{박무}{강도0}0600-{박무}{강도0}0900-1105. {연무}1825-{연무}{강도0}2100-2240. {박무}2235-{박무}{강도0}2400-,,2020,9,38,259,0,0,1,0
108,서울,2020-09-16,22.5,21.3,2327,24.9,1248,0.2,,0.2,,5.75,0.3,6.1,180,1445,3.4,200,1451,1.9,1644,180,18.8,70,1355,79.9,21.7,999.6,1010.9,0001,1007.6,1715,1009.4,12.4,0.3,1200,1.25,6.21,,,,,,9.4,8.1,22.2,19.1,24.1,23.7,23.7,23.9,23.9,24.2,24.3,21.9,17.9,1.4,2.0,0.3,-{박무}-0140. {박무}0230-{박무}{강도0}0300-0310. {비}0245-{비}{강도0}0300-0430. {박무}0650-{박무}{강도0}0900-1040. {비}0815-{비}{강도0}0900-1020. {박무}1120-{박무}{강도0}1200-1250. {비}1425-{비}{강도0}1500-1620. {박무}2120-2230. {박무}2325-{박무}{강도0}2400-,,2020,9,38,260,0,0,0,1
108,서울,2020-09-17,21.3,20.1,2333,23.6,1523,,,,,,,6.3,320,1555,3.7,290,1603,2.1,1854,270,15.2,47,1433,70.3,17.5,1000.2,1011.1,1046,1008.9,1645,1010.1,12.4,0.7,1100,1.4,9.35,,,,,,8.4,3.6,21.5,17.1,23.3,23.0,23.2,23.7,23.8,24.2,24.2,21.9,17.9,2.4,3.4,,-{박무}-{박무}{강도0}0300-{박무}{강도0}0600-0730.,,2020,9,38,261,0,0,0,0
108,서울,2020-09-18,21.5,18.1,0705,25.8,1444,,,,,,,12.4,230,1421,6.0,230,1423,2.8,2453,250,13.4,35,1331,62.0,15.5,1002.7,1015.1,2348,1010.6,0112,1012.6,12.3,9.8,1200,3.12,21.24,,,,,,3.1,0.8,22.4,13.0,22.7,22.3,22.7,23.2,23.5,24.1,24.1,21.9,17.9,4.8,6.8,0.3,,,2020,9,38,262,0,0,1,0
108,서울,2020-09-19,21.2,17.6,2400,26.2,1436,0.2,,0.2,,1.0,0.3,9.6,290,1640,5.3,270,1637,2.2,1919,250,11.9,27,1441,59.3,14.3,1004.9,1016.2,2304,1013.2,1641,1014.8,12.3,9.7,1200,3.1,21.25,,,,,,1.5,1.5,21.8,9.6,22.5,22.2,22.6,23.1,22.9,24.0,24.1,21.8,17.9,4.7,6.8,,{비}0330-0355. {비}0450-0525.,,2020,9,38,263,0,0,1,1
108,서울,2020-09-20,19.7,15.6,0630,24.9,1510,,,,,,,8.2,290,1440,4.9,270,1442,2.0,1700,290,10.6,33,1440,57.6,12.8,1007.0,1018.6,2251,1015.5,1608,1016.9,12.2,11.4,1200,3.09,22.19,,,,,,0.0,0.0,21.2,9.1,21.6,21.4,22.0,22.8,22.7,23.9,24.0,21.8,18.0,4.5,6.4,,,,2020,9,38,264,0,0,0,0
108,서울,2020-09-21,19.1,13.6,0609,25.3,1449,,,,,,,5.3,160,1238,2.9,160,1239,1.7,1433,50,9.6,33,1612,56.1,12.0,1008.1,1019.9,1022,1016.4,1646,1018.1,12.2,9.6,1200,2.97,19.54,,,,,,4.5,0.1,20.6,7.3,21.3,21.1,21.6,22.4,22.4,23.8,23.9,21.8,18.0,4.1,5.8,,,,2020,9,39,265,0,0,1,0
108,서울,2020-09-22,20.2,15.5,0618,25.6,1454,,,,,,,9.2,110,2102,4.6,50,2138,2.8,2400,50,10.5,35,1354,55.3,12.7,1008.7,1020.4,0925,1016.5,1646,1018.6,12.2,10.7,1200,3.05,21.71,,,,,,3.1,0.9,21.8,10.5,21.3,21.1,21.6,22.2,22.1,23.7,23.9,21.8,18.0,4.9,7.1,,,,2020,9,39,266,0,0,1,0
108,서울,2020-09-23,19.2,15.2,0521,23.8,1359,,,,,,,9.5,50,1707,5.3,50,1344,3.3,2879,50,11.1,50,1605,59.9,13.3,1008.2,1019.4,0046,1016.8,1415,1018.2,12.1,7.2,1100,2.67,16.99,,,,,,7.6,2.3,20.8,10.7,21.4,21.1,21.6,22.2,22.1,23.5,23.8,21.8,18.0,4.0,5.8,,,,2020,9,39,267,0,0,0,0
108,서울,2020-09-24,20.6,16.8,0606,25.4,1340,,,,,,,10.8,20,1223,5.7,50,1236,3.7,3175,50,12.4,49,1325,59.6,14.4,1005.3,1017.8,0001,1013.1,1600,1015.2,12.1,8.0,1200,2.88,18.54,,,,,,6.6,5.5,22.0,15.1,21.7,21.4,21.7,22.1,22.5,23.4,23.7,21.7,18.1,4.2,5.9,,,,2020,9,39,268,0,0,1,0
108,서울,2020-09-25,20.1,16.6,0426,25.4,1433,,,,,,,8.4,50,1553,4.9,50,1518,2.5,2120,50,12.9,49,1441,64.1,14.9,1003.7,1015.7,2304,1011.8,1506,1013.6,12.1,3.5,0900,2.39,13.39,,,,,,4.9,3.4,21.5,12.6,21.9,21.6,21.8,22.3,22.6,23.3,23.6,21.7,18.1,3.2,4.5,,,,2020,9,39,269,0,0,1,0
108,서울,2020-09-26,19.3,14.8,0537,24.8,1458,,,,,,,10.5,20,1617,6.2,50,1619,2.4,2114,50,11.7,45,1311,62.5,13.7,1006.7,1018.9,2343,1015.1,0301,1016.7,12.0,8.0,1000,2.52,15.92,,,,,,4.0,1.4,20.4,10.0,21.1,20.8,21.4,22.0,22.4,23.2,23.5,21.7,18.1,3.6,5.2,,,,2020,9,39,270,0,0,0,0
108,서울,2020-09-27,20.4,14.9,0640,25.8,1340,,,,,,,5.6,320,1804,3.9,320,1808,2.0,1731,50,12.8,43,1503,63.3,14.8,1008.5,1020.2,0913,1016.4,1705,1018.4,12.0,9.8,1200,2.98,18.7,,,,,,1.1,1.1,21.4,12.2,21.2,20.8,21.2,21.8,22.2,23.1,23.4,21.7,18.1,3.7,5.2,,,,2020,9,39,271,0,0,1,0
108,서울,2020-09-28,20.7,15.7,0528,26.5,1451,,,,,,,6.1,250,1454,3.6,270,1704,2.0,1733,50,13.7,40,1433,66.0,15.7,1006.5,1018.8,0726,1014.2,1827,1016.4,11.9,10.5,1100,2.79,19.29,,,,,,1.1,0.6,22.0,11.1,21.5,21.2,21.5,21.9,22.2,23.0,23.4,21.7,18.2,3.8,5.4,,,,2020,9,40,272,0,0,1,0
108,서울,2020-09-29,19.6,15.3,0626,23.9,1623,,,,,,,6.8,250,1148,4.3,290,1216,1.9,1614,290,13.1,43,1248,67.6,15.1,1001.6,1015.0,0001,1009.2,1552,1011.6,11.9,6.3,1100,2.38,14.84,,,,,,6.8,0.0,20.7,10.3,21.4,21.1,21.5,22.0,22.3,23.0,23.3,21.6,18.2,2.8,4.0,,,,2020,9,40,273,0,0,0,0
108,서울,2020-09-30,19.6,16.2,0647,25.7,1358,15.3,1840,34.0,1824,2.67,38.3,6.0,250,1849,4.1,250,1848,1.7,1509,20,15.3,48,1418,78.0,17.4,1000.6,1012.0,2320,1009.0,1457,1010.6,11.8,4.9,1300,2.63,14.0,,,,,,7.1,3.8,21.1,12.7,21.3,20.9,21.3,21.8,22.2,22.9,23.2,21.6,18.2,2.6,3.7,38.3,{박무}0520-{박무}{강도0}0600-0845. {소나기}1550-1710. {박무}1620-{박무}{강도0}1800-{박무}{강도0}2100-2130. {소나기}1820-{시정(미만)}{1km}{소나기}1845-{시정(이상)}{1km}{소나기}1905-1940.,,2020,9,40,274,0,0,1,1
108,서울,2020-10-01,18.8,15.6,0620,23.6,1445,,,,,,,8.7,200,1714,4.7,230,1705,2.1,1781,50,14.1,58,1454,74.9,16.1,1003.4,1014.7,1045,1011.8,0036,1013.3,11.8,2.5,1300,1.82,10.89,,,,,,5.5,3.6,19.6,13.5,20.7,20.3,20.7,21.3,21.5,22.8,23.1,21.6,18.2,2.1,3.0,,,,2020,10,40,275,0,0,0,0
108,서울,2020-10-02,19.2,16.3,0353,21.9,1130,0.0,,0.0,,0.75,0.0,9.7,180,1030,5.2,180,1034,2.3,1959,180,15.5,63,1140,79.6,17.7,1004.6,1015.4,2320,1013.7,1343,1014.6,11.8,1.9,1000,1.94,6.34,,,,,,9.1,8.6,18.5,12.8,20.3,19.9,20.4,21.0,21.4,22.7,23.1,21.6,18.2,1.4,2.0,0.0,{박무}0215-{박무}{강도0}0300-{박무}{강도0}0600-{박무}{강도0}0900-1010. {비}1405-1450. {박무}2030-{박무}{강도0}2100-{박무}{강도0}2400-,,2020,10,40,276,0,0,0,0
108,서울,2020-10-03,19.9,18.3,2338,23.2,1230,0.0,,0.0,,1.08,0.0,5.6,270,1518,3.6,270,1522,1.6,1379,270,14.5,46,1525,72.5,16.7,1004.9,1017.0,0954,1013.6,1912,1014.8,11.7,1.8,1100,2.37,9.79,,,,,,8.0,5.9,19.8,15.7,21.1,20.6,20.7,21.1,21.3,22.5,23.0,21.6,18.3,2.2,3.2,0.0,{비}0049-0132. -{박무}-{박무}{강도0}0300-{박무}{강도0}0600-{박무}{강도0}0900-1125. {비}0503-0525. {연무}1120-{연무}{강도0}1200-1245. {연무}2020-{연무}{강도0}2100-{연무}{강도0}2400-,,2020,10,40,277,0,0,0,0
108,서울,2020-10-04,16.6,10.6,2350,21.8,1330,0.0,,0.0,,3.75,0.0,13.7,320,1802,7.2,320,1803,2.8,2427,270,9.8,42,1244,65.1,12.4,1002.7,1016.1,2338,1008.8,1642,1012.7,11.7,4.3,1100,2.29,12.36,,,,,,7.1,2.8,17.8,7.0,20.3,20.0,20.5,21.1,21.4,22.4,22.9,21.5,18.3,2.8,4.0,0.0,{비}0020-{비}{강도0}0300-0355. {박무}0020-0140. -{연무}-0025. {비}1715-1725.,,2020,10,40,278,0,0,0,0
108,서울,2020-10-05,13.3,8.5,0537,18.4,1555,,,,,,,10.0,320,1524,5.1,290,1352,2.5,2181,270,4.8,40,1410,57.3,8.6,1007.9,1020.5,2310,1016.1,0001,1018.2,11.6,10.5,1200,2.92,19.44,,,,,,2.3,0.4,14.5,2.9,17.3,17.4,18.6,19.9,20.9,22.3,22.8,21.5,18.3,3.6,5.1,,,,2020,10,41,279,0,0,0,0
108,서울,2020-10-06,14.2,9.3,0627,19.7,1529,,,,,,,7.8,250,1124,4.1,290,1114,2.0,1746,290,4.9,34,1420,55.9,8.7,1012.2,1024.9,2322,1020.5,0001,1022.5,11.6,10.8,1200,2.88,19.81,,,,,,2.5,0.0,14.6,4.0,16.9,16.8,17.9,19.0,20.1,22.2,22.7,21.5,18.3,3.8,5.4,,,,2020,10,41,280,0,0,0,0
108,서울,2020-10-07,16.0,9.9,0705,22.0,1558,,,,,,,7.1,160,1350,3.4,50,1359,1.9,1673,50,4.6,24,1603,48.9,8.5,1015.8,1027.7,0941,1023.9,1550,1026.0,11.6,8.9,1200,2.64,16.99,,,,,,3.8,1.1,14.9,5.8,17.1,16.9,17.7,18.7,19.7,21.9,22.6,21.5,18.3,3.7,5.3,,,,2020,10,41,281,0,0,0,0
108,서울,2020-10-08,17.2,12.1,0621,23.1,1511,,,,,,,9.7,50,1723,5.4,50,1729,3.1,2648,50,7.0,35,1632,53.0,10.1,1016.7,1029.0,0845,1024.6,1625,1026.9,11.5,10.8,1200,2.82,19.27,,,,,,0.1,0.1,15.9,8.5,17.6,17.3,17.9,18.7,19.5,21.6,22.5,21.5,18.3,4.6,6.6,,,,2020,10,41,282,0,0,0,0
108,서울,2020-10-09,17.2,12.4,0527,23.3,1508,,,,,,,9.5,110,1240,5.2,50,1518,3.0,2561,70,7.5,42,1510,53.4,10.4,1013.2,1026.9,0001,1020.5,1739,1023.4,11.5,10.6,1200,2.78,18.55,,,,,,4.6,0.1,16.6,6.8,17.7,17.4,18.0,18.8,19.5,21.4,22.4,21.4,18.4,4.0,5.8,,,,2020,10,41,283,0,0,0,0
108,서울,2020-10-10,16.9,12.3,0543,21.5,1344,,,,,,,6.8,110,0920,3.8,20,1116,2.0,1749,70,8.8,41,1329,60.1,11.3,1009.7,1022.3,0003,1017.0,1831,1019.8,11.4,7.6,1100,2.52,15.28,,,,,,5.3,1.3,16.6,6.6,18.0,17.7,18.2,18.9,19.5,21.3,22.2,21.4,18.4,2.9,4.2,,,,2020,10,41,284,0,0,0,0
108,서울,2020-10-11,16.9,12.7,0634,20.8,1155,,,,,,,6.6,50,0238,4.1,50,0244,1.8,1594,50,10.9,52,1156,68.5,13.0,1006.1,1018.5,0749,1013.8,1612,1016.2,11.4,4.9,1100,2.45,11.45,,,,,,5.8,0.5,16.1,9.7,18.2,17.9,18.3,18.9,19.5,21.1,22.1,21.4,18.4,2.0,2.8,,,,2020,10,41,285,0,0,0,0
108,서울,2020-10-12,16.2,12.1,2356,21.3,1411,,,,,,,7.5,200,1523,4.6,250,1544,2.2,1912,250,10.0,48,2045,68.6,12.5,1005.2,1018.0,2349,1013.5,1402,1015.3,11.4,7.5,1200,2.06,13.59,,,,,,2.6,1.0,16.8,8.0,18.3,18.0,18.3,18.9,19.4,21.0,22.0,21.4,18.4,2.7,3.9,,{박무}0450-{박무}{강도0}0600-0815.,,2020,10,42,286,0,0,0,0
108,서울,2020-10-13,13.6,8.6,0627,18.4,1459,,,,,,,8.0,320,1315,4.7,270,1319,2.2,1911,270,3.5,30,1608,52.3,7.9,1010.7,1023.1,2154,1018.0,0001,1021.0,11.3,7.1,1200,2.33,14.16,,,,,,3.5,0.0,14.2,1.4,16.6,16.6,17.5,18.5,19.3,20.9,21.8,21.3,18.4,2.8,4.0,,,,2020,10,42,287,0,0,0,0
108,서울,2020-10-14,12.8,8.5,2400,18.0,1327,,,,,,,9.4,250,1413,5.8,270,1500,2.4,2052,290,1.0,20,1350,47.0,6.9,1014.6,1026.7,2340,1022.8,0001,1025.0,11.3,5.8,1300,2.19,12.19,,,,,,6.6,2.9,14.3,5.1,16.2,16.2,16.9,17.9,18.8,20.8,21.7,21.3,18.4,3.2,4.6,,{채운}1550-1615.,,2020,10,42,288,0,0,0,0
108,서울,2020-10-15,11.7,6.5,0644,18.5,1433,,,,,,,5.5,290,0039,3.7,270,0047,1.5,1284,50,-1.1,27,1531,41.8,5.7,1015.8,1028.0,0823,1024.1,1525,1026.2,11.3,7.2,1200,2.4,14.48,,,,,,6.6,0.0,13.1,1.0,15.2,15.1,16.1,17.2,18.3,20.6,21.6,21.3,18.4,2.9,4.2,,,,2020,10,42,289,0,0,0,0
108,서울,2020-10-16,11.8,8.6,0615,15.4,1425,,,,,,,3.9,290,1328,2.5,50,0754,1.5,1320,50,5.1,48,0017,64.3,8.9,1013.7,1026.3,0854,1021.9,1741,1024.1,11.2,0.0,1300,0.94,5.28,,,,,,7.6,4.3,12.5,3.5,15.0,14.8,15.7,16.8,17.9,20.4,21.5,21.2,18.5,1.2,1.6,,,,2020,10,42,290,0,0,0,0
108,서울,2020-10-17,13.1,8.7,0702,18.6,1508,,,,,,,7.2,250,1528,4.3,270,1353,1.8,1595,270,5.6,26,1553,64.3,9.2,1013.0,1024.8,2235,1021.6,1638,1023.4,11.2,10.1,1200,2.66,17.65,,,,,,1.0,1.0,13.1,2.0,15.0,14.8,15.6,16.6,17.5,20.1,21.4,21.2,18.5,3.3,4.7,,{박무}0750-{박무}{강도0}0900-1010. {연무}1005-1050.,,2020,10,42,291,0,0,0,0
108,서울,2020-10-18,13.6,7.2,0630,20.2,1352,,,,,,,7.1,270,1507,3.9,290,1529,2.0,1746,20,6.9,40,1557,65.5,10.0,1013.6,1026.0,0900,1021.9,1521,1023.9,11.1,9.7,1100,2.46,15.96,,,,,,0.5,0.5,12.9,1.7,14.9,14.7,15.5,16.5,17.4,19.9,21.2,21.2,18.5,2.8,4.0,,,,2020,10,42,292,0,0,0,0
108,서울,2020-10-19,15.1,9.8,0700,21.3,1440,,,,,,,6.0,250,1522,3.4,250,1655,1.7,1457,20,10.1,38,1559,74.4,12.4,1014.7,1026.6,2332,1023.0,1442,1025.0,11.1,9.8,1200,2.37,15.27,,,,,,0.0,0.0,14.3,2.9,15.8,15.4,15.9,16.6,17.3,19.7,21.1,21.1,18.5,2.7,3.8,,{박무}0030-{박무}{강도0}0300-{박무}{강도0}0600-{박무}{강도0}0900-1040. {연무}1035-{연무}{강도0}1200-1430. {연무}1730-{연무}{강도0}1800-2030. {박무}2025-{박무}{강도0}2100-{박무}{강도1}2400-,,2020,10,43,293,0,0,0,0
108,서울,2020-10-20,15.2,9.9,0647,21.7,1413,,,,,,,4.9,290,1434,3.1,250,1438,1.6,1341,20,8.5,38,1658,67.1,11.2,1015.4,1028.8,0903,1022.7,1738,1025.7,11.1,10.0,1200,2.44,15.67,,,,,,0.4,0.0,14.5,3.7,15.9,15.6,16.1,16.8,17.5,19.6,20.9,21.1,18.5,2.9,4.1,,-{박무}-{박무}{강도1}0300-{박무}{강도1}0600-{박무}{강도0}0900-1030. {연무}1025-{연무}{강도0}1200-1240.,,2020,10,43,294,0,0,0,0
108,서울,2020-10-21,14.1,11.8,0301,17.3,1529,,,,,,,6.2,180,1504,3.8,160,1511,1.9,1653,50,8.5,58,1206,69.4,11.1,1008.6,1023.5,0011,1015.7,2339,1018.9,11.0,0.1,1100,0.78,4.72,,,,,,7.3,4.3,13.7,6.6,15.7,15.5,16.1,16.8,17.5,19.5,20.8,21.1,18.5,1.2,1.7,0.0,,,2020,10,43,295,0,0,0,0
108,서울,2020-10-22,13.5,8.4,2344,18.2,1451,0.0,,0.0,,1.25,0.0,10.4,340,2020,5.7,320,2028,2.8,2436,50,6.8,40,1520,66.0,10.2,1003.5,1015.7,0001,1011.4,1528,1013.7,11.0,5.4,1300,2.03,11.01,,,,,,4.6,3.6,15.2,5.6,15.9,15.7,16.1,16.7,17.3,19.4,20.7,21.0,18.5,2.7,3.9,,{박무}0040-{박무}{강도0}0300-{박무}{강도0}0600-{박무}{강도0}0900-1140. {비}0530-{비}{강도0}0600-0645. {황사}1115-{황사}{강도0}1200-{황사}{강도0}1500-1640.,,2020,10,43,296,0,0,0,0
108,서울,2020-10-23,8.6,5.4,0713,13.3,1515,,,,,,,10.0,270,1337,5.5,290,1321,3.0,2566,270,-1.1,34,1549,51.5,5.6,1004.9,1017.1,2356,1013.6,1420,1015.3,10.9,9.9,1200,2.57,17.01,,,,,,0.0,0.0,10.7,0.6,13.5,13.7,15.0,16.2,17.2,19.2,20.5,21.0,18.5,3.0,4.3,,,,2020,10,43,297,0,0,0,0
108,서울,2020-10-24,8.7,3.2,0705,14.0,1538,,,,,,,11.0,290,1242,5.9,290,1212,2.5,2150,270,-2.3,27,1328,47.6,5.3,1008.7,1020.9,0929,1016.8,0007,1019.1,10.9,9.9,1200,2.54,16.65,,,,,,0.0,0.0,9.4,-1.6,12.1,12.3,13.7,15.1,16.5,19.1,20.4,20.9,18.5,3.1,4.4,,,,2020,10,43,298,0,0,0,0
108,서울,2020-10-25,11.8,5.4,0708,18.2,1345,,,,,,,6.3,250,1123,3.8,250,1318,1.7,1483,20,4.0,29,1507,62.5,8.3,1009.9,1021.7,0902,1018.3,1501,1020.2,10.9,8.8,1100,2.21,13.83,,,,,,2.8,0.0,10.9,1.6,12.8,12.7,13.5,14.7,15.9,18.9,20.3,20.9,18.5,2.4,3.4,,,,2020,10,43,299,0,0,0,0
108,서울,2020-10-26,12.9,8.0,0618,19.0,1354,,,,,,,6.7,290,1409,4.4,320,1417,1.6,1406,20,7.4,42,1408,71.6,10.3,1009.8,1021.8,0849,1018.3,1533,1020.1,10.8,9.2,1200,2.16,13.69,,,,,,1.6,0.1,11.9,3.2,13.8,13.5,14.0,14.9,15.8,18.6,20.2,20.8,18.5,2.2,3.2,,,,2020,10,44,300,0,0,0,0
108,서울,2020-10-27,14.0,9.0,0653,19.4,1431,,,,,,,5.7,290,1411,3.4,320,1516,1.8,1573,270,9.0,39,1456,74.1,11.6,1010.9,1022.4,2238,1020.0,1629,1021.2,10.8,8.3,1200,2.04,12.23,,,,,,1.1,1.1,13.2,6.0,14.4,14.1,14.5,15.2,15.9,18.4,20.0,20.8,18.5,2.1,3.1,,{박무}0115-{박무}{강도0}0300-{박무}{강도0}0600-{박무}{강도0}0900-1055. {연무}1050-{연무}{강도0}1200-{연무}{강도0}1500-{연무}{강도0}1800-1835. {연무}1920-2010. {박무}2005-{박무}{강도0}2100-{박무}{강도0}2400-,,2020,10,44,301,0,0,0,0
108,서울,2020-10-28,13.8,8.6,2359,18.2,1442,,,,,,,9.1,320,1449,4.8,270,1507,2.5,2196,270,2.8,23,1619,52.1,8.2,1012.6,1025.1,2236,1021.1,1414,1022.8,10.8,9.2,1200,2.54,15.27,,,,,,3.8,0.9,13.8,2.1,15.3,15.0,15.2,15.8,16.2,18.3,19.9,20.7,18.5,3.6,5.1,,-{박무}-{박무}{강도0}0300-{박무}{강도1}0600-0820.,,2020,10,44,302,0,0,0,0
108,서울,2020-10-29,10.8,5.5,0703,16.1,1328,,,,,,,7.2,340,0112,4.5,320,0104,2.0,1694,270,-2.6,24,1535,40.3,5.1,1013.7,1026.2,0825,1022.3,1705,1024.1,10.7,9.0,1200,2.39,13.77,,,,,,3.1,0.0,11.5,-1.5,13.0,13.1,14.1,15.2,16.2,18.2,19.7,20.7,18.5,2.9,4.2,,,,2020,10,44,303,0,0,0,0
108,서울,2020-10-30,11.9,5.8,0731,19.6,1512,,,,,,,5.6,110,1053,3.2,90,1101,1.5,1284,50,-0.8,22,1517,42.9,5.8,1015.2,1027.2,2313,1023.7,0045,1025.5,10.7,9.7,1200,2.31,14.62,,,,,,0.4,0.0,11.2,1.6,12.9,12.8,13.7,14.7,15.7,18.1,19.6,20.6,18.5,3.1,4.4,,,,2020,10,44,304,0,0,0,0
108,서울,2020-10-31,13.6,8.5,0649,18.2,1431,,,,,,,10.2,200,1408,5.0,230,1414,2.6,2235,200,5.9,51,0002,60.3,9.3,1013.9,1027.2,0219,1021.5,2236,1024.3,10.7,5.8,1100,2.13,11.03,,,,,,6.1,3.6,12.9,5.2,13.6,13.2,13.7,14.6,15.5,18.0,19.5,20.6,18.5,2.3,3.3,1.7,,,2020,10,44,305,0,0,0,0
108,서울,2020-11-01,13.7,11.6,2359,15.0,0001,,,,,7.17,13.6,10.8,160,0909,4.5,200,0808,2.3,1947,200,10.9,56,0001,84.3,13.2,1009.2,1021.8,0001,1017.7,1406,1019.5,10.6,0.0,1100,0.31,1.61,,,,,,8.6,6.4,13.1,6.8,14.6,14.2,14.5,15.1,15.7,17.8,19.4,20.5,18.6,0.6,0.8,11.9,{비}0405-0420. {비}0535-{비}{강도0}0600-0750. {박무}0610-0720. {비}0940-1040. {비}1210-{비}{강도1}1500-1550. {박무}1240-{박무}{강도1}1500-{박무}{강도1}1800-{박무}{강도2}2100-{박무}{강도0}2400- {황사}1805-{황사}{강도0}2100-{황사}{강도0}2400-,,2020,11,44,306,0,0,0,1
108,서울,2020-11-02,10.8,7.9,0701,15.6,1432,,,,,2.33,1.7,8.7,290,1452,4.9,250,1455,2.3,2006,270,1.7,24,1437,58.3,7.1,1010.1,1022.3,0910,1019.1,2307,1020.4,10.6,9.6,1200,2.33,14.6,,,,,,3.0,2.0,10.0,2.4,12.7,12.6,13.5,14.6,15.5,17.7,19.3,20.5,18.5,3.2,4.5,2.2,-{박무}-0010. -{황사}-0025. {박무}0050-0210. {비}2110-2240. {비}2310-{비}{강도0}2400-,,2020,11,45,307,0,0,0,1
108,서울,2020-11-03,5.1,2.7,0623,8.6,0001,,,,,0.83,0.5,15.6,290,1155,8.4,290,1156,3.5,3032,270,-5.4,33,1446,47.5,4.1,1011.9,1024.1,2147,1019.6,0001,1022.5,10.6,9.2,1200,2.56,15.22,,,,,,1.5,1.5,6.1,-1.1,10.2,10.4,12.0,13.5,15.0,17.6,19.2,20.4,18.6,2.6,3.8,,-{비}-0050.,,2020,11,45,308,0,0,0,1
108,서울,2020-11-04,4.9,0.2,0714,10.8,1602,,,,,,,7.4,250,0027,4.2,290,1045,2.3,1965,270,-7.1,20,1256,43.9,3.7,1015.2,1028.2,0917,1023.9,0012,1025.9,10.5,9.6,1200,2.43,15.36,,,,,,0.0,0.0,5.2,-2.9,8.1,8.2,9.9,11.8,13.8,17.4,19.1,20.4,18.6,2.7,3.8,,,,2020,11,45,309,0,0,0,0
108,서울,2020-11-05,9.6,3.4,0657,15.9,1541,,,,,,,4.5,50,0757,3.0,180,1415,1.8,1559,50,2.3,41,1411,61.5,7.3,1016.7,1029.1,0847,1025.2,1537,1027.2,10.5,8.4,1200,2.22,12.77,,,,,,5.3,4.3,10.5,-1.0,9.6,9.2,10.0,11.3,13.0,17.0,18.9,20.3,18.6,2.2,3.1,,,,2020,11,45,310,0,0,0,0
108,서울,2020-11-06,13.5,9.9,0657,17.2,1445,,,,,,,5.3,180,1501,3.3,200,1525,1.7,1478,50,6.4,49,1145,63.3,9.8,1010.9,1026.1,0001,1018.5,1643,1021.2,10.5,0.3,1200,1.01,5.65,,,,,,8.9,8.3,12.5,8.6,12.4,11.8,11.8,12.3,13.2,16.7,18.7,20.3,18.5,1.3,1.9,0.1,,,2020,11,45,311,0,0,0,0
108,서울,2020-11-07,14.6,12.2,2312,18.1,1433,,,,,0.42,0.1,10.1,250,1539,4.9,270,1539,2.7,2349,230,8.4,38,1629,68.8,11.2,1007.6,1019.3,2250,1016.2,1348,1017.8,10.4,7.0,1200,1.89,11.01,,,,,,3.6,3.4,14.6,7.9,13.9,13.3,13.2,13.5,13.8,16.4,18.6,20.2,18.5,2.5,3.5,,{박무}0240-{박무}{강도0}0300-{박무}{강도0}0600-{박무}{강도0}0900-1040. {비}0255-{비}{강도0}0300-0320. {연무}1035-1120.,,2020,11,45,312,0,0,0,1
108,서울,2020-11-08,8.5,3.1,2359,12.4,0026,,,,,,,12.0,340,1948,6.2,320,1950,3.1,2636,270,-4.6,18,1551,43.8,5.0,1012.3,1026.3,2228,1019.0,0018,1022.8,10.4,9.5,1200,2.36,14.66,,,,,,0.0,0.0,9.9,-0.9,11.7,11.7,12.6,13.5,14.2,16.4,18.4,20.2,18.5,3.3,4.7,,{박무}0025-{박무}{강도0}0300-0415.,,2020,11,45,313,0,0,0,0
108,서울,2020-11-09,5.5,0.7,0708,8.9,1258,,,,,,,6.9,290,1050,4.0,290,1046,1.8,1562,270,-7.2,23,1221,40.9,3.7,1015.2,1027.5,0900,1024.1,1700,1025.8,10.3,6.0,1200,2.2,10.48,,,,,,2.4,2.4,5.6,-4.5,9.1,9.2,10.5,12.1,13.5,16.3,18.2,20.1,18.5,2.0,2.8,,,,2020,11,46,314,0,0,0,0
108,서울,2020-11-10,7.7,3.5,0649,12.9,1505,,,,,,,8.0,250,1550,5.0,290,1231,2.2,1872,270,-0.9,34,1243,56.1,5.8,1017.9,1030.4,2311,1026.0,0001,1028.5,10.3,9.6,1200,2.21,13.61,,,,,,0.0,0.0,7.9,-2.1,9.3,9.2,10.1,11.4,12.7,16.2,18.1,20.1,18.5,2.4,3.4,,,,2020,11,46,315,0,0,0,0
108,서울,2020-11-11,9.3,3.5,0718,16.5,1448,,,,,,,4.1,180,1452,2.6,180,1458,1.6,1362,50,-0.2,31,1415,53.5,6.1,1021.3,1033.4,0845,1030.3,0001,1031.9,10.3,9.6,1200,2.1,12.96,,,,,,0.0,0.0,8.7,0.0,9.6,9.4,10.1,11.2,12.4,15.9,18.0,20.0,18.5,2.3,3.3,,,,2020,11,46,316,0,0,0,0
108,서울,2020-11-12,10.4,4.6,0704,17.7,1331,,,,,,,6.2,180,1348,3.4,200,1353,1.7,1460,20,1.6,30,1405,56.9,6.9,1019.9,1032.5,0123,1027.8,1600,1030.4,10.3,9.4,1200,2.09,12.27,,,,,,2.0,1.0,9.2,1.0,10.1,9.8,10.4,11.3,12.3,15.6,17.8,20.0,18.5,2.3,3.3,,,,2020,11,46,317,0,0,0,0
108,서울,2020-11-13,12.2,8.5,0613,17.6,1444,,,,,,,4.9,200,1418,3.0,250,1421,1.6,1421,20,6.9,44,1610,71.5,10.0,1018.2,1029.9,1000,1026.7,1510,1028.6,10.2,5.5,1200,1.88,8.92,,,,,,3.0,3.0,12.1,4.1,11.5,11.0,11.1,11.8,12.4,15.4,17.6,19.9,18.5,1.6,2.3,,{연무}0950-{연무}{강도0}1200-1205. {연무}1705-{연무}{강도0}1800-1930. {박무}1925-{박무}{강도0}2100-{박무}{강도0}2400-,,2020,11,46,318,0,0,0,0
108,서울,2020-11-14,12.5,6.8,0725,19.3,1459,,,,,,,6.7,110,1227,4.0,110,1248,1.7,1434,50,5.8,38,1447,66.9,9.2,1018.9,1031.5,0854,1027.8,1503,1029.3,10.2,8.0,1200,2.0,11.58,,,,,,1.3,0.0,10.9,2.8,11.5,11.2,11.4,12.1,12.7,15.3,17.5,19.8,18.5,2.1,3.0,,-{박무}-{박무}{강도0}0300-{박무}{강도0}0600-{박무}{강도0}0900-1020. {연무}1015-1050.,,2020,11,46,319,0,0,0,0
108,서울,2020-11-15,11.1,8.2,0709,14.9,1519,,,,,,,6.2,290,1424,3.7,290,1143,1.7,1480,20,6.7,61,1611,75.0,9.8,1017.1,1028.9,0902,1026.3,1711,1027.5,10.2,6.8,1100,1.83,9.52,,,,,,3.4,1.3,10.2,3.7,11.6,11.3,11.6,12.3,12.8,15.2,17.3,19.8,18.5,1.4,2.0,,{박무}0650-{박무}{강도0}0900-1015. {연무}1010-{연무}{강도0}1200-{연무}{강도0}1500-1710. {박무}1930-{박무}{강도0}2100-{박무}{강도0}2400-,,2020,11,46,320,0,0,0,0
108,서울,2020-11-16,12.4,7.5,0733,18.3,1438,,,,,,,6.2,70,2222,4.1,50,2304,1.6,1395,50,6.6,45,1511,70.1,9.8,1015.9,1028.4,0931,1024.3,1648,1026.3,10.1,8.4,1200,1.89,10.76,,,,,,2.1,0.0,10.9,3.5,11.5,11.2,11.5,12.2,12.8,15.2,17.2,19.7,18.5,2.1,3.0,,-{박무}-{박무}{강도0}0300-{박무}{강도0}0600-{박무}{강도0}0900-1110.,,2020,11,47,321,0,0,0,0
108,서울,2020-11-17,15.9,11.7,0429,20.0,1413,,,,,2.08,0.1,6.9,50,0126,4.5,50,0108,2.3,2017,70,9.7,52,1405,67.5,12.2,1013.2,1026.1,0003,1021.4,1507,1023.4,10.1,1.3,1300,1.29,5.7,,,,,,7.4,5.6,13.0,9.3,13.1,12.4,12.2,12.5,12.9,15.1,17.1,19.6,18.5,1.3,1.9,6.4,{비}1650-1740. {비}1835-1950. {박무}2320-{박무}{강도0}2400-,,2020,11,47,322,0,0,0,1
108,서울,2020-11-18,16.6,14.8,0235,18.7,1439,,,,,10.83,12.2,6.0,20,1159,3.6,50,1050,2.6,2233,50,15.1,77,0001,91.4,17.2,1005.5,1021.6,0015,1009.3,2358,1015.6,10.1,0.0,1000,0.44,2.63,,,,,,9.8,5.6,15.3,13.6,14.9,14.2,13.7,13.6,13.6,15.1,17.0,19.6,18.5,0.6,0.9,89.9,{비}0030-{비}{강도1}0300-0350. -{박무}-{박무}{강도2}0300-{박무}{강도1}0600-{박무}{강도0}0900-1135. {비}0450-{비}{강도0}0600-0610. {비}1455-{비}{강도0}1500-1725. {박무}1510-{박무}{강도0}1800-{박무}{강도0}2100-{박무}{강도0}2400- {비}1855-1905. {비}2030-{비}{강도0}2100-{비}{강도0}2400-,,2020,11,47,323,0,0,0,1
108,서울,2020-11-19,13.6,6.9,2343,19.1,0255,,,,,14.17,86.9,13.4,180,0516,7.3,230,0834,4.2,3657,270,12.0,78,2025,90.5,14.9,998.0,1013.9,2321,1003.2,1123,1008.1,10.1,0.0,1400,0.26,0.96,,,,,,9.8,8.4,14.6,5.9,16.0,15.5,15.2,15.1,14.6,15.2,16.9,19.5,18.5,0.6,0.8,2.9,-{박무}-0050. -{비}-{비}{강도0}0300-{시정(미만)}{1km}{비}0435-{시정(이상)}{1km}{비}0445-{비}{강도1}0600-{시정(미만)}{1km}{비}0805-{시정(이상)}{1km}{비}0815-{비}{강도2}0900-{비}{강도0}1200-1250. {박무}0320-{박무}{강도1}0600-{박무}{강도1}0900-0925. {박무}1015-{박무}{강도0}1200-1315. {비}2240-{비}{강도0}2400-,,2020,11,47,324,0,0,0,1
108,서울,2020-11-20,2.8,0.3,2356,7.0,0001,,,,,4.5,0.0,9.7,320,0211,5.6,270,0231,3.2,2797,290,-1.3,68,1446,74.3,5.6,1009.3,1025.7,2348,1013.8,0001,1020.0,10.0,0.0,1400,0.5,2.74,,,,,,6.6,5.9,6.2,-1.8,10.6,10.9,12.4,13.7,14.7,15.2,16.3,19.4,18.5,0.7,1.0,,-{비}-0240. {비}0330-0520.,,2020,11,47,325,0,0,0,0
108,서울,2020-11-21,6.5,-0.3,0252,12.8,1428,,,,,1.67,0.2,8.1,90,1227,4.8,50,0450,2.1,1844,50,0.7,48,1436,67.9,6.6,1013.1,1026.5,0903,1021.5,1845,1023.7,10.0,6.6,1100,2.06,10.52,,,,,,6.1,2.8,6.5,-2.6,8.5,8.3,9.5,11.1,12.8,15.3,16.4,19.3,18.4,1.5,2.2,5.0,{비}2115-2135. {비}2240-{비}{강도0}2400-,,2020,11,47,326,0,0,0,1
108,서울,2020-11-22,5.6,1.5,2349,9.1,0001,,,,,8.83,4.8,9.5,290,1822,5.7,290,1823,2.5,2160,270,2.5,66,1532,80.5,7.4,1012.4,1026.8,2351,1020.7,1434,1023.0,10.0,0.4,1400,0.73,3.61,,,,,,7.8,6.0,7.3,-0.5,9.6,9.4,10.1,11.1,12.3,15.1,16.5,19.3,18.4,0.8,1.2,0.0,{박무}0015-{박무}{강도1}0300-{박무}{강도0}0600-0810. -{비}-0155. {비}0240-{비}{강도0}0300-{비}{강도0}0600-{비}{강도0}0900-0935.,,2020,11,47,327,0,0,0,1
108,서울,2020-11-23,1.7,-1.5,0738,5.9,1546,,,,,,,8.0,320,0245,4.9,320,0241,2.3,2023,290,-5.2,36,1342,61.4,4.2,1017.8,1030.0,2341,1026.6,0006,1028.6,10.0,9.2,1200,2.08,12.35,,,,,,0.3,0.0,2.9,-3.7,6.6,6.7,8.2,9.9,11.5,14.8,16.5,19.2,18.4,1.6,2.3,,,,2020,11,48,328,0,0,0,0
108,서울,2020-11-24,2.9,0.2,0113,6.4,1627,,,,,,,5.3,290,1918,3.8,290,1920,1.8,1558,20,-5.4,39,1631,54.5,4.1,1018.0,1030.2,0918,1027.3,1536,1028.8,9.9,1.3,1100,1.22,6.33,,,,,,6.1,4.8,3.5,-2.5,6.2,6.1,7.2,8.8,10.6,14.5,16.4,19.1,18.4,1.1,1.6,,,,2020,11,48,329,0,0,0,0
108,서울,2020-11-25,4.6,0.0,0732,9.5,1349,,,,,,,4.9,290,1257,3.0,290,1323,1.5,1282,270,-1.8,45,1159,64.1,5.4,1017.0,1029.1,0924,1026.1,1736,1027.7,9.9,4.6,1100,1.75,8.32,,,,,,5.4,3.1,3.5,-3.3,6.1,5.9,6.8,8.2,9.9,14.1,16.3,19.1,18.4,1.2,1.7,,,,2020,11,48,330,0,0,0,0
108,서울,2020-11-26,5.6,1.9,0802,10.9,1435,,,,,,,6.3,320,1813,3.6,340,0407,1.7,1488,270,-0.4,42,1424,66.5,5.9,1016.5,1028.5,0926,1025.3,1439,1027.2,9.9,6.6,1200,1.84,9.8,,,,,,5.5,2.3,4.4,-0.7,6.4,6.2,7.0,8.2,9.7,13.7,16.1,19.0,18.4,1.5,2.1,0.0,{박무}0750-0810.,,2020,11,48,331,0,0,0,0
108,서울,2020-11-27,4.1,0.6,2348,7.7,1310,,,,,0.17,0.0,9.0,270,1437,5.3,250,1218,2.7,2331,270,-2.8,44,1535,61.6,5.0,1015.4,1028.1,2349,1024.3,1259,1026.1,9.9,5.0,1200,1.72,8.52,,,,,,4.9,4.6,4.9,-1.7,6.7,6.5,7.2,8.3,9.6,13.4,15.9,18.9,18.4,1.5,2.2,,{비}0620-0630. {박무}0645-0710.,,2020,11,48,332,0,0,0,0
108,서울,2020-11-28,-0.1,-2.3,0734,2.8,1445,,,,,,,8.7,290,1258,5.3,290,1304,2.8,2453,290,-9.5,30,1305,50.0,3.0,1018.3,1031.4,1027,1027.8,1633,1029.3,9.8,9.0,1200,2.07,11.89,,,,,,2.9,0.5,1.2,-5.2,4.5,4.6,6.0,7.6,9.3,13.2,15.7,18.9,18.4,1.6,2.3,,,,2020,11,48,333,0,0,0,0
108,서울,2020-11-29,-0.6,-3.6,0613,2.6,1356,,,,,,,7.4,290,1923,4.5,290,1426,2.2,1892,270,-7.5,52,0958,59.6,3.5,1019.3,1033.0,2229,1028.1,0158,1030.2,9.8,1.5,1200,1.15,5.61,,,,,,4.1,4.1,0.7,-7.0,3.8,3.8,5.0,6.6,8.5,12.9,15.5,18.8,18.3,0.9,1.3,,,,2020,11,48,334,0,0,0,0
108,서울,2020-11-30,-0.2,-3.6,0609,4.3,1454,,,,,,,6.6,250,1324,4.6,290,1301,1.9,1683,270,-7.8,38,1515,57.8,3.4,1024.1,1037.2,2304,1032.9,0105,1035.1,9.8,9.1,1200,1.98,11.55,,,,,,0.0,0.0,0.4,-7.6,2.9,2.9,4.2,5.9,7.9,12.5,15.3,18.8,18.3,1.5,2.1,,,,2020,11,49,335,0,0,0,0
108,서울,2020-12-01,1.1,-3.6,0729,6.7,1358,,,,,,,6.1,250,1449,4.0,250,1415,1.9,1644,290,-10.1,24,1423,44.5,2.8,1024.7,1038.4,0930,1033.5,2251,1035.6,9.8,7.3,1200,1.94,10.69,,,,,,4.4,0.4,0.3,-7.0,2.8,2.7,3.8,5.4,7.4,12.2,15.1,18.7,18.3,1.8,2.6,,,,2020,12,49,336,0,0,0,0
108,서울,2020-12-02,2.4,0.5,2337,6.1,1431,,,,,,,5.6,290,1500,3.9,290,1506,1.8,1518,270,-9.5,25,1354,41.4,3.0,1020.2,1033.9,0002,1028.9,1519,1031.0,9.8,3.4,1300,1.37,6.38,,,,,,6.6,4.0,2.2,-2.7,3.9,3.5,4.2,5.4,7.1,11.8,14.8,18.6,18.3,1.4,2.1,,,,2020,12,49,337,0,0,0,0
108,서울,2020-12-03,0.7,-2.3,2350,4.2,1359,,,,,,,8.3,250,1553,4.9,320,2055,2.7,2333,290,-9.4,36,1410,47.1,3.0,1019.1,1031.6,2224,1028.5,1451,1030.0,9.7,9.1,1200,1.98,11.52,,,,,,1.0,0.0,1.2,-5.1,3.4,3.2,4.1,5.4,7.0,11.5,14.6,18.6,18.3,1.7,2.4,,,,2020,12,49,338,0,0,0,0
108,서울,2020-12-04,-0.6,-4.6,0701,4.4,1518,,,,,,,6.8,270,1532,4.3,250,1535,1.8,1558,290,-9.3,30,1435,53.8,3.0,1019.6,1031.9,0828,1028.7,1416,1030.5,9.7,9.0,1200,1.99,11.62,,,,,,0.9,0.6,-0.3,-8.8,2.3,2.3,3.4,4.9,6.7,11.2,14.3,18.5,18.3,1.5,2.2,,,,2020,12,49,339,0,0,0,0
108,서울,2020-12-05,2.1,-2.2,0724,6.6,1207,,,,,,,6.3,290,1258,3.9,320,1234,1.7,1506,20,-4.2,51,1146,63.1,4.5,1019.1,1031.4,0928,1028.6,1557,1029.9,9.7,5.1,1100,1.72,8.18,,,,,,5.6,3.5,0.5,-4.8,2.5,2.2,3.1,4.5,6.3,11.0,14.1,18.4,18.2,1.1,1.6,,,,2020,12,49,340,0,0,0,0
108,서울,2020-12-06,4.5,1.2,0750,9.1,1349,,,,,,,7.7,270,1505,4.3,270,1507,1.8,1539,50,-1.3,46,1245,66.9,5.6,1017.4,1029.8,0012,1026.6,1315,1028.1,9.7,6.0,1200,1.71,8.37,,,,,,4.3,4.3,2.1,-3.1,3.9,3.4,3.7,4.7,6.2,10.7,13.9,18.3,18.2,1.2,1.8,,{연무}2105-{연무}{강도0}2400-,,2020,12,49,341,0,0,0,0
108,서울,2020-12-07,3.4,-0.7,2354,6.3,1253,,,,,,,10.2,340,1555,5.6,290,1314,2.6,2206,270,-4.5,37,1523,57.5,4.5,1017.6,1029.9,2354,1026.6,1424,1028.3,9.7,7.4,1200,1.57,8.93,,,,,,3.8,2.5,3.1,-3.8,4.4,4.0,4.5,5.3,6.5,10.5,13.7,18.2,18.2,1.6,2.3,,-{연무}-{연무}{강도0}0300-{연무}{강도0}0600-{연무}{강도0}0900-1110.,,2020,12,50,342,0,0,0,0
108,서울,2020-12-08,-0.5,-3.5,0540,4.1,1408,,,,,,,6.3,320,0132,3.9,320,0820,2.0,1711,320,-10.1,28,1430,50.0,2.9,1018.2,1030.8,0729,1027.6,1404,1029.1,9.7,8.7,1200,1.98,11.4,,,,,,0.4,0.0,0.1,-7.1,2.8,2.7,3.7,5.0,6.5,10.3,13.4,18.2,18.2,1.6,2.3,,,,2020,12,50,343,0,0,0,0
108,서울,2020-12-09,1.5,-4.1,0654,6.2,1346,,,,,,,4.6,50,0833,3.0,50,0842,1.5,1308,50,-6.7,35,1158,55.1,3.8,1015.9,1029.5,0218,1024.0,2400,1026.7,9.7,5.9,1200,1.78,8.48,,,,,,4.5,2.3,-0.3,-7.3,2.1,1.9,2.9,4.3,6.0,10.2,13.3,18.1,18.2,1.2,1.7,0.0,,,2020,12,50,344,0,0,0,0
108,서울,2020-12-10,5.8,3.2,0756,9.3,1500,,,,,2.58,0.0,6.5,180,1505,3.5,250,1451,1.7,1451,50,0.7,57,0057,69.9,6.5,1011.8,1024.3,0029,1021.0,1450,1022.4,9.6,1.1,1200,1.0,4.74,,,,,,7.8,7.3,3.9,-1.3,4.5,3.8,3.7,4.5,5.8,10.0,13.1,18.0,18.1,0.8,1.1,,{눈}0355-{진눈깨비}0545-{진눈깨비}{강도0}0600-0630. {연무}1420-{연무}{강도0}1500-{연무}{강도0}1800-2045. {박무}2040-{박무}{강도1}2100-{박무}{강도1}2400-,,2020,12,50,345,0,0,0,0
108,서울,2020-12-11,5.3,2.6,0712,9.4,1342,,,,,,,7.7,270,1652,4.5,250,1549,1.8,1531,270,1.4,57,1339,77.1,6.8,1009.1,1022.4,0311,1017.8,1449,1019.7,9.6,2.4,1300,1.26,5.85,,,,,,6.5,4.4,3.3,-2.9,4.9,4.4,4.6,5.3,6.3,9.8,12.9,17.9,18.1,1.0,1.5,,-{박무}-{박무}{강도1}0300-{박무}{강도1}0600-{박무}{강도1}0900-1155. {연무}1150-{연무}{강도0}1200-{연무}{강도0}1500-{연무}{강도0}1800-{연무}{강도0}2100-{연무}{강도0}2400-,,2020,12,50,346,0,0,0,0
108,서울,2020-12-12,2.3,-0.3,0629,6.1,1432,,,,,,,8.7,290,1451,4.8,290,1457,2.1,1798,270,-7.1,32,1450,51.3,3.6,1009.0,1020.7,0936,1018.6,2216,1019.7,9.6,8.6,1200,1.8,10.22,,,,,,1.8,0.8,1.8,-4.7,4.0,3.8,4.4,5.4,6.5,9.7,12.7,17.8,18.1,1.6,2.3,1.9,{박무}0005-0155. -{연무}-0010. {연무}0150-0215.,,2020,12,50,347,0,0,0,0
108,서울,2020-12-13,-1.1,-6.0,2350,2.0,0229,,,,,7.58,2.9,11.4,290,1930,6.1,290,1833,2.9,2529,270,-5.1,52,0057,74.9,4.4,1008.4,1025.7,2344,1014.3,1217,1019.2,9.6,1.1,1500,0.66,1.9,3.2,1000,3.2,1000,3.3,5.4,4.9,0.5,-10.3,3.0,2.8,3.7,4.9,6.2,9.7,12.6,17.7,18.1,0.6,0.9,1.0,{눈}0505-{눈}{강도0}0600-{시정(미만)}{1km}{눈}0700-{시정(이상)}{1km}{눈}0710-{시정(미만)}{1km}{눈}0750-{시정(이상)}{1km}{눈}0805-{눈}{강도0}0900-1015. {박무}1005-{박무}{강도0}1200-1425. {눈}1045-1150. {진눈깨비}1225-1240. {진눈깨비}1320-{눈}1350-1425.,,2020,12,50,348,0,0,0,1
108,서울,2020-12-14,-7.7,-9.7,0742,-5.0,1454,,,,,,,9.8,320,1418,5.3,290,1410,3.4,2953,290,-16.7,31,1430,49.1,1.7,1018.3,1031.7,2341,1025.6,0001,1029.6,9.6,8.9,1200,2.03,11.44,,,1.7,0001,,0.0,0.0,-1.9,-13.8,1.1,1.2,2.5,4.1,5.7,9.6,12.5,17.6,18.1,1.2,1.6,,,,2020,12,51,349,0,0,0,0
108,서울,2020-12-15,-8.3,-11.1,0756,-4.6,1524,,,,,,,9.1,320,1455,5.2,320,1450,2.8,2394,290,-18.9,28,1300,43.0,1.4,1020.5,1033.7,1000,1030.0,1528,1031.8,9.6,9.0,1200,2.01,11.61,,,1.0,0001,,0.0,0.0,-3.7,-14.7,0.3,0.3,1.6,3.2,5.1,9.4,12.3,17.5,18.0,1.2,1.7,,,,2020,12,51,350,0,0,0,0
108,서울,2020-12-16,-8.3,-11.2,0559,-3.9,1526,,,,,,,8.3,290,1324,4.6,290,1406,2.6,2258,290,-18.7,29,1528,43.9,1.4,1020.6,1033.1,1049,1030.7,1642,1031.9,9.6,9.0,1200,1.99,11.44,,,0.8,0001,,0.0,0.0,-4.3,-14.7,-0.2,-0.2,1.0,2.7,4.5,9.2,12.2,17.4,18.0,1.2,1.7,,,,2020,12,51,351,0,0,0,0
108,서울,2020-12-17,-4.9,-11.1,0454,0.8,1531,,,,,1.08,0.0,5.6,320,1149,3.7,290,1151,1.7,1478,20,-14.9,24,1507,47.0,2.0,1019.6,1033.0,0135,1028.0,2342,1030.7,9.6,9.0,1200,1.96,11.15,,,0.7,0001,,2.3,2.3,-3.7,-14.9,-0.4,-0.5,0.6,2.3,4.2,8.9,12.0,17.3,18.0,1.3,1.8,0.2,{눈}2255-{눈}{강도0}2400-,,2020,12,51,352,0,0,0,0
108,서울,2020-12-18,-2.1,-6.4,2343,1.8,1425,,,,,7.58,0.2,9.9,340,2030,5.4,320,2034,3.0,2566,50,-9.7,34,1928,57.0,3.0,1017.7,1032.2,2332,1026.7,0511,1028.7,9.6,5.5,1300,1.72,8.45,0.2,0455,0.6,0455,0.2,4.1,3.3,-1.3,-8.9,0.2,-0.2,0.5,2.0,4.0,8.6,11.9,17.2,17.9,1.3,1.8,,-{눈}-{눈}{강도0}0300-{눈}{강도0}0600-0735.,,2020,12,51,353,0,0,0,1
108,서울,2020-12-19,-5.1,-9.6,0728,-1.2,1540,,,,,,,9.3,320,1413,5.1,290,1422,2.4,2067,270,-15.5,26,1151,45.1,1.9,1022.4,1035.6,1011,1031.9,0001,1033.6,9.6,9.0,1200,1.94,11.27,,,,,,1.4,1.1,-3.5,-13.2,-0.3,-0.4,0.5,2.0,3.7,8.4,11.7,17.1,17.9,1.3,1.9,,,,2020,12,51,354,0,0,0,0
108,서울,2020-12-20,-3.7,-8.2,0714,1.1,1549,,,,,,,7.6,320,1302,4.4,290,1303,2.0,1734,270,-13.0,29,1149,50.4,2.3,1021.6,1034.1,0320,1031.1,1429,1032.7,9.6,9.1,1200,1.95,11.0,,,,,,0.0,0.0,-3.3,-12.9,-0.3,-0.5,0.3,1.8,3.6,8.2,11.5,17.1,17.9,1.3,1.9,,,,2020,12,51,355,0,0,0,0
108,서울,2020-12-21,-1.0,-6.0,0738,4.7,1500,,,,,,,6.7,340,1347,3.7,250,1444,1.6,1415,20,-7.2,40,1225,64.1,3.6,1018.4,1031.5,0001,1027.9,1618,1029.4,9.6,8.8,1200,1.81,9.99,,,,,,0.9,0.6,-2.4,-9.4,-0.1,-0.5,0.2,1.6,3.4,7.9,11.3,17.0,17.9,1.2,1.7,,,,2020,12,52,356,0,0,0,0
108,서울,2020-12-22,2.0,-2.5,0219,7.2,1444,,,,,,,9.3,250,1500,4.7,270,1326,2.0,1735,20,-3.7,42,1449,67.6,4.7,1015.3,1028.4,0001,1024.4,1433,1026.1,9.6,5.2,1300,1.52,7.83,,,,,,4.8,4.1,-0.4,-6.1,0.2,-0.3,0.2,1.6,3.3,7.7,11.1,16.9,17.8,1.2,1.6,,,,2020,12,52,357,0,0,0,0
108,서울,2020-12-23,4.5,-0.4,0440,8.5,1441,,,,,0.25,0.0,9.1,230,1537,5.1,230,1527,2.3,2005,50,0.6,62,1321,76.6,6.5,1011.3,1026.4,0015,1018.2,2333,1022.0,9.6,1.7,1200,1.29,4.6,,,,,,7.8,6.0,0.4,-4.0,0.5,-0.2,0.3,1.5,3.2,7.6,10.9,16.8,17.8,0.9,1.3,0.0,{박무}0750-{박무}{강도0}0900-1140. {연무}1135-{연무}{강도0}1200-{연무}{강도0}1500-{연무}{강도0}1800-1935. {비}1725-1740. {박무}1930-{박무}{강도0}2100-{박무}{강도0}2400-,,2020,12,52,358,0,0,0,0
108,서울,2020-12-24,2.6,-2.0,2340,6.1,0108,,,,,,,11.7,290,1321,6.5,290,1311,2.9,2546,270,-4.4,35,1213,61.5,4.6,1007.8,1021.4,2351,1016.6,0508,1018.5,9.6,7.9,1200,1.85,9.82,,,,,,1.3,1.3,0.7,-5.3,0.6,-0.1,0.3,1.6,3.2,7.4,10.8,16.7,17.8,1.6,2.3,,-{박무}-{박무}{강도1}0300-{박무}{강도0}0600-{박무}{강도0}0900-0935. {연무}0930-1115.,,2020,12,52,359,0,0,0,0
108,서울,2020-12-25,-0.8,-4.7,0755,3.5,1420,,,,,,,9.1,270,1407,4.7,290,1456,2.1,1791,250,-9.7,34,1059,51.9,3.0,1012.8,1025.1,1045,1020.9,0052,1023.7,9.6,9.0,1200,1.91,10.88,,,,,,0.1,0.1,-1.4,-9.1,0.5,-0.1,0.4,1.6,3.1,7.3,10.6,16.6,17.7,1.5,2.1,,,,2020,12,52,360,0,0,0,0
108,서울,2020-12-26,2.2,-2.1,0404,8.0,1443,,,,,,,6.7,250,1417,3.9,270,1422,1.8,1575,20,-3.7,49,1455,65.8,4.7,1013.5,1026.4,0949,1022.8,1430,1024.3,9.6,8.2,1200,1.67,8.99,,,,,,3.0,2.0,-0.6,-6.5,0.5,-0.1,0.5,1.6,3.1,7.1,10.4,16.5,17.7,1.3,1.8,,,,2020,12,52,361,0,0,0,0
108,서울,2020-12-27,5.8,1.4,0001,10.0,1412,,,,,1.75,0.0,5.0,70,1429,2.8,50,0833,1.8,1569,70,-0.9,48,1457,62.9,5.8,1011.0,1024.0,0249,1018.7,1428,1021.6,9.6,5.9,1100,1.64,8.12,,,,,,7.5,4.9,1.4,-0.9,0.7,0.2,0.7,1.7,3.1,7.0,10.3,16.4,17.7,1.2,1.7,1.3,{연무}0705-{연무}{강도0}0900-0930. {비}2025-{비}{강도0}2100-2155. {비}2230-2245.,,2020,12,52,362,0,0,0,0
108,서울,2020-12-28,6.7,4.2,0826,11.4,1344,,,,,1.33,1.3,5.9,270,1840,3.1,290,1738,1.4,1226,50,1.7,45,1618,72.1,6.9,1012.6,1024.9,1047,1021.3,0004,1023.1,9.6,8.0,1200,1.77,9.12,,,,,,5.3,2.4,2.7,-0.6,2.6,1.6,1.4,2.1,3.3,6.9,10.1,16.3,17.6,1.3,1.9,,{비}0135-0255. {박무}0215-{박무}{강도0}0300-{박무}{강도0}0600-{박무}{강도0}0900-{박무}{강도0}1200-1210. {연무}1205-1410. {연무}2150-{연무}{강도0}2400-,,2020,12,53,363,0,0,0,1
108,서울,2020-12-29,0.1,-6.2,2356,4.3,0006,,,,,6.25,0.2,10.2,290,2034,6.1,320,2046,2.9,2464,270,-4.7,40,2040,70.8,4.6,1011.0,1024.0,0311,1020.5,2229,1021.9,9.6,0.0,1100,0.35,1.98,,,,,,8.5,5.5,-0.1,-6.6,2.1,1.6,2.0,2.7,4.0,6.9,10.0,16.2,17.6,0.8,1.1,0.2,{박무}0220-{박무}{강도0}0300-{박무}{강도0}0600-{박무}{강도0}0900-1020. -{연무}-0225. {연무}1015-1130. {연무}1225-1320.{연무}1740-{연무}{강도0}1800-1810. {눈}1305-{눈}{강도0}1500-{눈}{강도0}1800-1920. {박무}1315-{박무}{강도0}1500-1745.,,2020,12,53,364,0,0,0,1
108,서울,2020-12-30,-10.9,-12.9,2222,-6.2,0001,,,,,,,10.6,290,1021,6.2,270,0034,4.1,3529,270,-18.1,41,1525,55.5,1.5,1012.5,1027.5,2356,1021.0,0007,1023.8,9.6,8.3,1200,2.0,11.36,,,,,,0.8,0.8,-4.4,-14.0,0.6,0.5,1.3,2.4,3.7,6.9,9.9,16.1,17.6,0.9,1.3,,,,2020,12,53,365,0,0,0,0
108,서울,2020-12-31,-8.9,-12.9,0116,-5.0,1512,,,,,0.33,0.0,7.4,320,1406,4.2,250,1452,2.4,2105,270,-16.6,42,1244,53.9,1.7,1015.4,1028.2,0357,1024.5,1731,1026.6,9.6,6.0,1200,1.84,9.06,,,,,,0.4,0.3,-5.0,-14.5,-0.5,-0.5,0.5,1.8,3.2,6.9,9.8,16.0,17.5,0.8,1.2,0.0,{눈}1610-1630.,,2020,12,53,366,0,0,0,0
108,서울,2021-01-01,-4.2,-9.8,0511,1.6,1447,,,,,,,7.7,270,1530,4.1,270,1532,2.0,1723,270,-10.2,50,1140,64.0,2.9,1014.9,1028.1,0249,1023.9,1354,1026.0,9.6,6.5,1100,1.74,9.54,,,,,,3.9,3.5,-3.4,-13.3,-0.6,-0.7,0.1,1.4,2.9,6.8,9.7,15.9,17.5,1.1,1.6,,,,2021,1,53,1,0,0,0,0
108,서울,2021-01-02,-5.0,-8.4,0805,-1.4,1346,,,,,,,9.9,290,1436,5.4,320,1413,2.6,2214,270,-17.1,29,1419,38.5,1.6,1018.5,1032.7,2359,1026.0,0001,1029.6,9.6,9.0,1200,1.95,11.34,,,,,,0.0,0.0,-3.9,-13.1,-0.6,-0.8,0.0,1.2,2.6,6.6,9.6,15.8,17.5,1.4,2.0,,,,2021,1,53,2,0,0,0,0
108,서울,2021-01-03,-5.6,-9.1,0536,-2.0,1238,,,,,,,8.5,320,1358,4.5,270,1345,2.0,1696,270,-15.9,28,1219,45.0,1.8,1023.0,1035.5,0901,1032.8,0001,1034.3,9.7,5.5,1100,1.78,8.8,,,,,,2.9,1.3,-4.9,-13.1,-1.0,-1.2,-0.3,1.0,2.5,6.5,9.5,15.7,17.4,1.0,1.5,,,,2021,1,53,3,0,0,0,0
108,서울,2021-01-04,-3.5,-8.4,0656,0.3,1535,,,,,2.33,0.0,5.6,70,1200,3.2,50,0609,1.7,1485,50,-12.2,38,1136,51.4,2.5,1020.3,1035.0,0224,1028.0,2109,1031.4,9.7,4.6,1200,1.67,7.44,0.0,,0.0,,0.0,4.8,4.8,-3.3,-12.6,-1.0,-1.3,-0.4,0.8,2.3,6.3,9.4,15.6,17.4,0.9,1.3,0.0,{눈}2140-{눈}{강도0}2400-,,2021,1,1,4,0,0,0,0
108,서울,2021-01-05,-5.5,-9.9,2356,-2.1,0001,,,,,5.42,0.0,9.9,340,1105,5.7,290,1131,2.9,2528,290,-14.2,30,1145,52.8,2.2,1019.2,1033.0,1044,1028.8,0309,1030.4,9.7,8.6,1200,1.98,10.46,0.0,,0.0,,0.0,2.6,2.1,-3.2,-12.5,-0.5,-0.9,-0.4,0.8,2.2,6.2,9.3,15.5,17.3,1.2,1.7,,-{눈}-{눈}{강도0}0300-0420. {눈}0510-{눈}{강도0}0600-0615.,,2021,1,1,5,0,0,0,0
108,서울,2021-01-06,-7.4,-12.0,0702,-1.9,1547,,,,,5.33,2.3,15.9,290,2348,8.1,290,2351,2.4,2039,270,-15.9,24,1503,54.6,1.9,1012.8,1030.3,0004,1016.7,2218,1024.0,9.7,9.1,1200,2.04,11.78,3.8,2055,3.8,2055,4.0,3.6,2.5,-4.0,-15.5,-1.7,-1.9,-0.8,0.6,2.0,6.0,9.2,15.5,17.3,1.2,1.8,2.3,{눈}1830-{시정(미만)}{1km}{눈}1948-{시정(미만)}{0.5km}{눈}1950-{시정(이상)}{0.5km}{눈}2001-{시정(이상)}{1km}{눈}2010-{시정(미만)}{1km}{눈}2040-{시정(이상)}{1km}{눈}2050-{눈}{강도0}2100-2350.,,2021,1,1,6,0,0,0,1
108,서울,2021-01-07,-14.5,-16.5,0802,-8.4,0001,,,,,,,15.3,290,0147,8.3,290,0142,4.1,3563,270,-22.7,35,1447,49.9,1.0,1015.3,1029.1,0942,1019.8,0001,1026.8,9.7,,,,,,,3.3,0001,,0.9,0.9,-6.1,-18.9,-1.9,-2.0,-0.9,0.5,1.9,5.9,9.1,15.4,17.3,0.6,0.9,,,,2021,1,1,7,0,0,0,0
108,서울,2021-01-08,-14.9,-18.6,0812,-10.7,1450,,,,,,,10.9,270,1518,6.1,290,1601,3.3,2820,290,-24.5,35,1349,44.0,0.9,1014.1,1027.5,0433,1022.9,1449,1025.6,9.7,9.2,1200,2.09,12.38,,,1.1,0001,,0.0,0.0,-9.3,-20.2,-3.4,-3.4,-1.8,0.1,1.7,5.8,8.9,15.3,17.2,0.8,1.2,,,,2021,1,1,8,0,0,0,0
108,서울,2021-01-09,-12.2,-16.6,0614,-7.5,1602,,,,,,,11.4,270,1644,6.5,290,1628,2.6,2221,270,-21.5,35,1207,46.3,1.1,1014.0,1027.4,2222,1023.3,1441,1025.4,9.7,9.0,1200,1.99,11.59,,,1.0,0001,,0.8,0.3,-8.4,-20.3,-3.7,-3.8,-2.3,-0.3,1.5,5.6,8.8,15.2,17.2,0.9,1.3,,,,2021,1,1,9,0,0,0,0
108,서울,2021-01-10,-7.7,-12.8,0538,-2.7,1406,,,,,,,4.2,160,1409,2.6,50,1110,1.3,1153,290,-15.6,37,1351,54.4,1.9,1017.0,1030.3,2330,1026.1,1405,1028.2,9.8,6.2,1200,1.96,9.84,,,0.7,0001,,3.0,2.4,-6.1,-17.8,-3.0,-3.3,-2.4,-0.6,1.4,5.5,8.7,15.1,17.1,0.9,1.2,,,,2021,1,1,10,0,0,0,0
108,서울,2021-01-11,-6.7,-9.6,0502,-4.0,1452,,,,,,,5.4,50,1122,3.5,290,0209,1.9,1625,50,-12.8,50,1441,62.1,2.3,1015.5,1031.0,0212,1023.0,2350,1026.7,9.8,0.0,1300,0.88,4.47,,,0.4,0001,,6.9,1.6,-5.5,-14.4,-2.4,-2.7,-2.0,-0.6,1.3,5.4,8.6,15.0,17.1,0.6,0.8,,,,2021,1,2,11,0,0,0,0
108,서울,2021-01-12,-3.9,-9.3,0657,-0.5,1417,,,,,7.5,2.6,4.9,50,1207,3.4,50,0908,1.8,1596,50,-7.0,61,1221,79.5,3.8,1006.9,1023.0,0001,1015.1,1703,1017.9,9.8,3.6,1100,1.73,6.13,5.0,1955,5.1,1955,5.0,6.1,5.3,-4.1,-12.2,-2.0,-2.5,-1.9,-0.7,1.2,5.2,8.4,14.9,17.1,0.5,0.8,2.6,{눈}1340-{눈}{강도0}1500-{시정(미만)}{1km}{눈}1533-{시정(미만)}{0.5km}{눈}1555-{시정(이상)}{0.5km}{눈}1610-{시정(이상)}{1km}{눈}1656-{눈}{강도0}1800-2025. {박무}2010-{박무}{강도0}2100-{박무}{강도1}2400- {눈}2310-2355.,,2021,1,2,12,0,0,0,1
108,서울,2021-01-13,2.0,-3.0,0430,8.3,1458,,,,,0.67,0.0,9.0,200,1552,4.9,230,1542,2.4,2054,50,-1.3,63,2341,80.3,5.7,1004.6,1020.0,2356,1012.0,1359,1015.3,9.8,6.1,1100,1.7,8.27,,,5.0,0001,,3.0,3.0,0.0,-7.3,-0.4,-1.1,-1.0,-0.4,1.2,5.1,8.3,14.8,17.0,1.1,1.6,,{눈}0035-0115. -{박무}-{박무}{강도1}0300-{박무}{강도0}0600-{박무}{강도0}0900-{박무}{강도0}1200-1315. {황사}1350-{황사}{강도0}1500-{황사}{강도0}1800-{황사}{강도0}2100-{황사}{강도0}2400-,,2021,1,2,13,0,0,0,0
108,서울,2021-01-14,1.7,-3.6,0749,7.0,1506,,,,,,,6.5,70,1353,3.9,70,1357,2.3,1961,70,-9.2,26,1514,46.5,3.1,1011.1,1024.8,0909,1019.8,2156,1021.9,9.8,8.0,1200,1.78,10.21,,,,,,0.0,0.0,-0.2,-7.6,0.1,-0.6,-0.7,-0.2,1.2,5.0,8.2,14.7,17.0,2.0,2.8,,-{황사}-{황사}{강도0}0300-{황사}{강도0}0600-0740.,,2021,1,2,14,0,0,0,0
108,서울,2021-01-15,4.5,-0.7,2357,9.9,1303,,,,,0.42,0.2,10.6,250,1459,5.8,230,1503,3.0,2632,50,-1.3,42,0248,67.4,5.9,1005.6,1020.0,0001,1011.2,1348,1016.2,9.9,0.0,1100,0.42,2.11,,,,,,8.5,6.4,0.7,-2.3,0.3,-0.4,-0.5,-0.2,1.2,4.9,8.1,14.7,16.9,0.7,1.0,0.2,{비}1255-1320. {박무}1510-{박무}{강도0}1800-2010.,,2021,1,2,15,0,0,0,1
108,서울,2021-01-16,-4.9,-8.7,2349,-0.7,0001,,,,,,,9.2,250,1510,5.2,250,1519,3.3,2818,290,-11.8,34,1529,59.3,2.6,1014.8,1029.3,2352,1019.7,0001,1025.9,9.9,8.9,1200,2.06,11.86,,,,,,0.8,0.8,-1.6,-10.6,0.0,-0.5,-0.5,-0.1,1.2,4.8,7.9,14.6,16.9,1.3,1.8,,{박무}0030-{박무}{강도0}0300-{박무}{강도0}0600-0640.,,2021,1,2,16,0,0,0,0
108,서울,2021-01-17,-5.5,-10.8,0800,-1.3,1516,,,,,5.25,0.0,6.7,230,1634,4.0,230,1612,2.3,1949,270,-12.7,29,1230,58.5,2.5,1016.4,1031.3,0901,1023.5,2357,1027.5,9.9,7.0,1200,2.07,10.83,0.1,2100,0.1,2100,0.1,2.3,2.3,-3.9,-14.1,-1.7,-1.9,-1.1,-0.1,1.2,4.7,7.8,14.5,16.9,1.0,1.4,0.0,{눈}1555-1645. {눈}1910-{눈}{강도0}2100-2335.,,2021,1,2,17,0,0,0,0
108,서울,2021-01-18,-3.8,-9.1,2356,0.2,1325,,,,,5.42,0.3,14.6,270,1758,8.6,290,1607,3.2,2755,290,-10.1,30,1621,64.3,3.1,1010.7,1029.3,2327,1017.1,1313,1021.7,9.9,2.5,1500,1.11,4.54,0.9,1030,1.0,1030,0.9,4.3,2.9,-3.3,-10.8,-1.1,-1.4,-1.0,-0.1,1.2,4.7,7.7,14.4,16.8,1.0,1.4,0.3,{눈}0155-0230. {눈}0320-0350. {눈}0420-0440. {눈}0930-{눈}{강도0}1200-1250. {눈}1350-1430.,,2021,1,3,18,0,0,0,1
108,서울,2021-01-19,-6.3,-11.6,0753,-0.2,1537,,,,,,,7.9,320,0130,4.7,320,0134,1.8,1551,290,-18.9,19,1604,37.9,1.4,1021.2,1034.1,1021,1029.1,0006,1032.4,10.0,9.2,1200,2.11,12.48,,,,,,0.0,0.0,-4.8,-14.4,-2.5,-2.7,-1.7,-0.3,1.1,4.6,7.6,14.3,16.8,1.5,2.1,,,,2021,1,3,19,0,0,0,0
108,서울,2021-01-20,-0.1,-6.6,0513,7.1,1559,,,,,,,6.6,70,0939,4.3,50,0736,2.2,1910,50,-13.1,24,1600,37.8,2.3,1019.1,1033.0,0031,1027.5,2037,1030.0,10.0,8.9,1200,2.01,11.92,,,,,,1.9,1.1,-2.0,-9.0,-1.6,-2.1,-1.6,-0.5,1.0,4.5,7.6,14.2,16.7,2.1,3.0,,,,2021,1,3,20,0,0,0,0
108,서울,2021-01-21,4.5,2.5,0001,7.0,1337,,,,,10.25,9.2,5.3,50,0801,3.8,50,0758,2.3,1971,70,-2.5,36,0115,64.4,5.5,1012.6,1027.8,0006,1020.0,2354,1023.3,10.0,0.0,1200,0.65,2.77,,,,,,9.6,7.6,0.7,2.1,0.2,-0.6,-0.7,-0.2,1.0,4.5,7.5,14.1,16.7,0.7,0.9,9.3,{비}1345-{비}{강도0}1500-{비}{강도0}1800-{비}{강도0}2100-{비}{강도0}2400- {박무}1450-{박무}{강도0}1500-{박무}{강도1}1800-{박무}{강도1}2100-{박무}{강도1}2400-,,2021,1,3,21,0,0,0,1
108,서울,2021-01-22,5.5,4.8,0005,6.6,1356,,,,,2.0,0.1,4.9,70,2103,3.2,70,2116,1.7,1436,50,4.4,89,1549,92.9,8.4,1009.2,1020.9,0935,1018.8,1421,1019.8,10.0,0.0,1200,0.41,2.34,,,,,,9.5,9.5,1.9,2.4,0.6,-0.2,-0.4,-0.2,1.0,4.4,7.4,14.1,16.6,0.5,0.7,,-{비}-0040. -{박무}-{박무}{강도1}0300-{박무}{강도1}0600-{시정(미만)}{1km}{안개}0657-{안개}{강도0}0900-{시정(이상)}{1km}{박무}0920-{박무}{강도0}1200-{박무}{강도1}1500-{박무}{강도0}1800-{박무}{강도0}2100-{박무}{강도0}2400- {비}0310-0430.,2.38,2021,1,3,22,0,0,0,1
108,서울,2021-01-23,7.6,4.8,0012,12.2,1504,,,,,,,9.9,50,1436,5.8,70,1210,4.2,3620,70,1.4,49,1506,66.0,6.8,1009.8,1023.4,2348,1018.1,1429,1020.3,10.1,5.3,1400,1.66,9.72,,,,,,6.5,3.0,3.6,2.6,1.0,0.0,-0.4,-0.1,1.1,4.3,7.3,14.0,16.6,2.1,2.9,,-{박무}-0055. {채운}0750-0800. {햇무리}0950-1115.,,2021,1,3,23,0,0,0,0
108,서울,2021-01-24,7.3,2.4,0758,13.9,1510,,,,,,,7.2,20,0001,4.7,70,0006,2.1,1799,70,0.6,43,1504,63.9,6.4,1015.2,1027.7,0957,1023.3,0014,1025.8,10.1,8.2,1200,2.12,12.4,,,,,,3.4,0.8,3.0,-0.6,1.3,0.1,-0.3,-0.1,1.1,4.3,7.2,13.9,16.5,1.8,2.6,,,,2021,1,3,24,0,0,0,0
108,서울,2021-01-25,7.9,3.0,0542,13.9,1527,,,,,,,5.5,70,1407,3.6,70,1408,1.9,1603,70,0.5,37,1646,62.0,6.4,1015.1,1029.6,0240,1022.3,2135,1025.6,10.1,7.6,1400,1.75,10.74,,,,,,6.3,0.0,3.3,-0.8,1.6,0.4,-0.3,-0.1,1.1,4.2,7.1,13.8,16.5,1.8,2.6,0.0,{채운}0955-1030.,,2021,1,4,25,0,0,0,0
108,서울,2021-01-26,5.3,1.7,2357,7.4,0001,,,,,6.92,1.7,6.8,320,1926,3.8,270,1652,1.9,1672,50,2.1,64,0012,80.4,7.1,1009.4,1022.4,0001,1017.3,1559,1020.0,10.1,0.0,1300,0.53,1.95,,,,,,8.4,6.9,2.0,-2.8,1.8,0.7,-0.2,-0.1,1.1,4.2,7.1,13.7,16.5,0.5,0.8,1.7,{비}0820-{비}{강도0}0900-{비}{강도0}1200-1230. {박무}0905-{박무}{강도0}1200-1210. {박무}1305-{박무}{강도0}1500-{박무}{강도0}1800-1820. {안개비}1455-{안개비}{강도0}1500-1740.,,2021,1,4,26,0,0,0,1
108,서울,2021-01-27,1.7,-1.8,0759,6.5,1400,,,,,,,9.0,20,1259,5.2,360,1303,2.2,1937,270,-9.1,20,1314,47.6,3.2,1012.9,1025.9,1045,1021.6,2358,1023.7,10.2,8.4,1200,2.27,12.4,,,,,,6.4,0.0,1.6,-6.8,0.7,0.0,-0.3,0.0,1.1,4.2,7.0,13.6,16.4,2.1,3.1,,{박무}0030-0110.,,2021,1,4,27,0,0,0,0
108,서울,2021-01-28,-2.6,-9.7,2352,1.4,0940,,,,,1.33,2.0,17.5,270,1747,8.7,250,1405,4.0,3417,270,-11.2,35,1644,52.3,2.8,1006.5,1023.8,2354,1012.5,0929,1017.4,10.2,2.3,1300,1.76,6.14,3.6,1040,3.6,1040,3.6,5.1,3.3,-0.3,-10.8,0.6,-0.1,-0.3,0.1,1.1,4.1,6.9,13.6,16.4,1.3,1.8,2.0,{눈}0935-{시정(미만)}{1km}{눈}0957-{시정(이상)}{1km}{눈}1046-1055. {박무}1005-1120.,,2021,1,4,28,0,0,0,1
108,서울,2021-01-29,-8.8,-11.6,0556,-4.9,1556,,,,,,,13.7,250,0030,7.3,270,0008,3.5,3000,270,-20.1,29,1216,40.0,1.3,1015.6,1028.4,1058,1023.8,0001,1026.9,10.3,9.6,1200,2.32,14.42,,,0.7,0001,,0.3,0.3,-1.7,-12.6,0.4,-0.1,-0.3,0.2,1.2,4.1,6.9,13.5,16.3,1.4,1.9,0.2,,,2021,1,4,29,0,0,0,0
108,서울,2021-01-30,-1.6,-8.1,0001,5.2,1614,,,,,4.5,0.5,8.1,320,1355,4.8,290,1357,2.5,2125,50,-8.5,39,1648,60.0,3.3,1015.0,1029.5,2355,1023.7,1257,1026.0,10.3,6.4,1200,2.01,10.46,0.8,0950,0.8,0950,0.8,3.9,3.9,-0.3,-9.2,0.2,-0.2,-0.3,0.4,1.3,4.1,6.8,13.4,16.3,1.3,1.8,0.3,{눈}0340-0520. {눈}0725-{눈}{강도0}0900-1015.,,2021,1,4,30,0,0,0,1
108,서울,2021-01-31,3.2,-3.8,0542,8.7,1517,,,,,,,7.0,50,0754,4.4,50,0755,2.0,1756,70,-4.9,35,1351,57.0,4.3,1015.5,1030.3,0256,1021.1,2358,1026.3,10.3,6.7,1100,1.95,10.92,,,,,,4.8,3.8,0.1,-6.6,0.3,-0.2,-0.2,0.5,1.4,4.1,6.8,13.3,16.2,1.5,2.1,0.7,,,2021,1,4,31,0,0,0,0
108,서울,2021-02-01,5.0,-2.3,2357,9.5,1320,,,,,0.83,0.7,11.4,270,2324,6.7,270,2326,2.7,2290,50,0.6,45,2343,74.5,6.9,1006.2,1022.1,2352,1012.7,1422,1016.7,10.3,1.1,1300,1.77,5.8,,,,,,7.6,6.6,1.6,-3.6,0.5,-0.1,0.0,0.7,1.5,4.1,6.8,13.3,16.2,1.3,1.8,,{비}0205-0255. {박무}0740-{박무}{강도0}0900-1150. {박무}1240-{박무}{강도0}1500-{박무}{강도0}1800-1948.,,2021,2,5,32,1,1,0,1
108,서울,2021-02-02,-5.6,-8.2,0756,-2.4,0001,,,,,3.83,0.0,11.2,290,0338,5.9,290,0341,3.9,3353,270,-16.1,28,1103,44.1,1.8,1015.4,1028.5,2400,1022.1,0001,1026.5,10.4,9.6,1200,2.38,14.69,,,,,,1.8,1.8,-0.6,-9.0,0.5,-0.1,0.0,0.7,1.5,4.1,6.7,13.2,16.1,1.5,2.1,0.0,{눈}1855-{눈}{강도0}2100-2245.,,2021,2,5,33,1,1,0,0
108,서울,2021-02-03,-3.2,-9.4,0335,1.4,1337,,,,,6.5,3.4,8.5,270,1340,4.5,230,1347,2.2,1911,200,-9.1,43,1146,64.6,3.3,1014.5,1029.2,0252,1020.1,2327,1025.5,10.4,6.6,1200,2.32,11.7,4.2,2355,4.2,2355,4.2,5.0,4.4,-1.4,-11.6,0.1,-0.4,0.0,0.7,1.5,4.1,6.7,13.1,16.1,1.3,1.8,3.5,{눈}1605-{눈}{강도0}1800-1830. {눈}1955-{눈}{강도0}2100-{시정(미만)}{1km}{눈}2110-{시정(이상)}{1km}{눈}2130- {시정(미만)}{1km}{눈}2301-{시정(이상)}{1km}{눈}2315-{시정(미만)}{1km}{눈}2340- {박무}2320-{박무}{강도2}2400- {시정(이상)}{1km}{눈}2359-{눈}{강도0}2400-,,2021,2,5,34,1,1,0,1
108,서울,2021-02-04,-3.6,-7.4,0732,0.7,1554,,,,,1.33,0.1,10.4,250,0417,5.3,250,0350,2.5,2188,270,-12.8,29,1515,50.1,2.3,1016.4,1030.0,1113,1020.8,0001,1027.5,10.4,9.6,1200,2.43,15.33,0.2,0030,4.3,0030,0.2,0.1,0.0,-0.3,-11.2,0.4,-0.2,0.0,0.7,1.6,4.1,6.7,13.0,16.1,1.6,2.3,,-{눈}-0120. -{박무}-0150.,,2021,2,5,35,1,1,0,1
108,서울,2021-02-05,1.4,-4.4,0001,6.7,1532,,,,,,,9.3,230,1501,5.1,200,1502,2.4,2116,200,-3.2,60,0045,71.8,5.0,1010.2,1026.8,0015,1017.2,2340,1021.0,10.5,2.7,1300,1.82,7.95,,,1.4,0001,,6.0,3.4,0.2,-8.0,0.3,-0.3,0.0,0.7,1.6,4.1,6.7,13.0,16.0,1.0,1.5,,{햇무리}1550-1630.,,2021,2,5,36,1,1,0,0
108,서울,2021-02-06,6.8,4.3,0001,9.5,1405,,,,,,,8.0,230,1541,4.6,180,1353,2.2,1925,200,3.6,72,1423,80.4,8.0,1004.8,1017.4,0014,1013.9,1421,1015.3,10.5,0.1,1300,1.0,4.77,,,,,,9.0,9.0,2.2,3.2,0.6,-0.1,0.0,0.7,1.6,4.1,6.6,12.9,16.0,0.8,1.1,,{박무}1150-{박무}{강도0}1200-{박무}{강도0}1500-{박무}{강도0}1800-{박무}{강도0}2100-{박무}{강도1}2400-,,2021,2,5,37,1,0,0,0
108,서울,2021-02-07,3.6,-2.6,2352,7.7,1441,,,,,,,9.4,290,1410,5.3,250,1706,2.9,2518,270,-2.9,29,1724,67.0,5.4,1010.8,1025.4,2359,1016.4,0001,1021.5,10.5,6.0,1200,2.14,11.38,,,,,,4.4,4.4,3.2,-4.5,0.7,-0.1,0.1,0.9,1.7,4.1,6.6,12.8,15.9,1.9,2.8,,-{박무}-{박무}{강도1}0300-{박무}{강도2}0600-{시정(미만)}{1km}{안개}0738-{시정(미만)}{0.5km}{안개}0749-{시정(이상)}{0.5km}{안개}0800-{시정(이상)}{1km}{박무}0821-{박무}{강도2}0900-{박무}{강도0}1200-1255. {연무}1250-1330.,0.72,2021,2,5,38,1,1,0,0
108,서울,2021-02-08,-3.1,-5.4,0734,0.2,1517,,,,,,,11.5,320,1551,6.3,320,1528,3.4,2936,290,-14.0,29,1328,43.6,2.1,1017.5,1030.8,2332,1025.4,0001,1028.5,10.6,9.6,1200,2.5,15.91,,,,,,0.0,0.0,0.2,-6.7,0.5,-0.1,0.3,1.2,2.2,4.2,6.6,12.8,15.9,1.9,2.7,,,,2021,2,6,39,1,1,0,0
108,서울,2021-02-09,-0.9,-6.1,0415,4.7,1551,,,,,,,8.1,250,1450,4.8,250,1426,2.0,1693,250,-10.0,28,1401,51.9,2.9,1017.6,1030.9,0105,1026.6,1645,1028.6,10.6,9.7,1200,2.41,15.46,,,,,,0.1,0.0,0.5,-9.6,0.5,-0.1,0.3,1.0,2.0,4.2,6.6,12.7,15.8,1.9,2.7,,,,2021,2,6,40,1,1,0,0
108,서울,2021-02-10,3.4,-1.5,0339,7.2,1509,,,,,,,7.7,200,1632,4.3,200,1632,2.1,1799,230,-0.7,63,1517,75.1,5.9,1014.5,1027.6,0005,1023.4,1527,1025.3,10.7,0.7,1200,1.04,6.15,,,,,,6.3,6.3,0.7,-5.4,0.6,0.0,0.3,1.0,1.9,4.2,6.6,12.6,15.8,0.9,1.3,,{박무}2350-{박무}{강도0}2400-,,2021,2,6,41,1,1,0,0
108,서울,2021-02-11,5.5,1.3,0615,10.9,1606,,,,,,,4.9,110,1137,3.1,90,1143,1.3,1142,70,0.4,47,1610,71.5,6.3,1014.6,1027.9,1036,1023.2,1727,1025.3,10.7,5.2,1200,2.18,11.22,,,,,,5.3,1.8,2.8,-3.3,0.8,0.2,0.6,1.2,2.0,4.2,6.5,12.6,15.7,1.5,2.1,,-{박무}-{박무}{강도0}0300-{박무}{강도0}0600-{박무}{강도0}0900-1135. {연무}1130-{연무}{강도0}1200-1450. {연무}1750-{연무}{강도0}1800-{연무}{강도0}2100-{연무}{강도0}2400-,,2021,2,6,42,1,0,0,0
108,서울,2021-02-12,6.5,0.6,0722,14.0,1507,,,,,,,5.9,250,1528,3.4,250,1909,1.7,1432,20,-1.3,29,1632,60.6,5.6,1014.3,1025.9,0956,1023.6,1438,1025.0,10.7,9.2,1200,2.38,14.72,,,,,,4.0,0.0,4.2,-3.0,2.4,1.4,1.6,2.0,2.6,4.3,6.5,12.5,15.7,2.4,3.4,,-{연무}-{연무}{강도0}0300-0310. {박무}0305-{박무}{강도0}0600-{박무}{강도0}0900-1010. {연무}1005-{연무}{강도0}1200-1210. {연무}1840-{연무}{강도0}2100-{연무}{강도0}2400-,,2021,2,6,43,1,0,0,0
108,서울,2021-02-13,7.6,1.0,0758,15.9,1444,,,,,,,6.1,290,1621,3.8,290,1625,1.5,1285,20,-2.8,24,1409,50.6,5.0,1013.7,1027.3,0811,1021.6,2342,1024.3,10.8,9.3,1200,2.27,14.36,,,,,,1.1,0.0,4.5,-2.7,4.0,3.2,2.8,2.9,3.2,4.4,6.5,12.5,15.6,2.6,3.7,0.0,-{연무}-0150. {연무}0350-{연무}{강도0}0600-{연무}{강도0}0900-{연무}{강도0}1200-1230.,,2021,2,6,44,1,0,0,0
108,서울,2021-02-14,9.5,6.4,0703,13.8,1244,,,,,0.17,0.0,5.4,270,2354,3.6,250,2355,1.7,1428,70,-1.3,31,1414,47.6,5.6,1004.5,1021.7,0001,1010.5,2313,1014.9,10.8,1.7,1100,1.64,7.21,,,,,,8.1,5.6,5.6,2.1,5.8,4.9,4.2,4.0,3.7,4.5,6.5,12.4,15.6,1.7,2.4,1.4,{비}0505-0515. {연무}1650-{연무}{강도0}1800-{연무}{강도0}2100-{연무}{강도0}2400-,,2021,2,6,45,1,0,0,0
108,서울,2021-02-15,1.2,-5.2,2339,8.2,0001,,,,,5.5,1.4,14.1,270,1419,7.3,250,1622,4.0,3432,250,-4.9,36,1606,65.1,4.6,1001.0,1018.1,2338,1007.7,0651,1011.7,10.8,4.3,1200,1.91,9.69,,,,,,5.8,5.3,3.7,-6.4,5.1,4.5,4.6,4.6,4.4,4.8,6.6,12.3,15.6,1.4,2.1,0.0,{비}0130-0135. {비}0215-{비}{강도0}0300-0545. -{연무}-{연무}{강도0}0300-0355. {박무}0350-{박무}{강도1}0600-{박무}{강도0}0900-1020. {비}0630-0825.,,2021,2,7,46,1,1,0,1
108,서울,2021-02-16,-5.1,-7.0,2358,-1.3,1707,,,,,5.55,1.5,12.9,290,2257,7.2,290,2353,3.2,2764,270,-12.4,32,1719,57.9,2.4,1006.2,1019.2,0230,1014.5,1647,1017.2,10.9,2.8,1500,1.42,7.31,1.1,1355,1.1,1355,1.1,4.0,3.6,-1.7,-9.0,1.6,1.5,2.4,3.4,4.2,5.0,6.6,12.3,15.5,1.1,1.6,1.5,{눈}0852-{눈}{강도0}0900-{가루눈}1010-{가루눈}{강도1}1200-{눈}1345-1425.,,2021,2,7,47,1,1,0,1
108,서울,2021-02-17,-8.3,-10.4,0719,-5.2,1453,,,,,0.67,0.0,15.8,270,1414,7.5,270,1417,5.0,4353,270,-18.5,32,1427,44.1,1.4,1008.0,1021.3,2223,1017.2,1352,1019.1,10.9,9.8,1200,2.65,17.28,0.0,,0.9,0001,0.0,1.6,1.4,-2.1,-11.4,0.6,0.4,1.1,2.2,3.2,5.1,6.7,12.2,15.5,1.5,2.2,0.0,{눈}1950-2030.,,2021,2,7,48,1,1,0,0
108,서울,2021-02-18,-5.8,-10.6,0612,-0.4,1631,,,,,,,9.9,270,0948,6.1,290,0954,3.1,2651,270,-16.0,34,1437,44.9,1.8,1011.4,1023.6,2251,1020.8,0024,1022.5,10.9,9.9,1200,2.6,17.05,,,0.2,0001,,0.0,0.0,-1.3,-11.5,0.1,-0.2,0.5,1.6,2.7,5.1,6.8,12.2,15.4,1.6,2.3,,,,2021,2,7,49,1,1,0,0
108,서울,2021-02-19,1.6,-7.1,0537,8.9,1553,,,,,,,11.7,180,1557,5.9,230,1457,2.9,2474,200,-4.0,49,1227,66.9,5.0,1006.5,1024.0,0108,1011.1,2345,1017.2,11.0,8.9,1100,2.3,14.8,,,,,,3.3,3.3,0.5,-9.3,0.1,-0.3,0.2,1.2,2.3,4.9,6.8,12.1,15.4,1.7,2.5,,,,2021,2,7,50,1,1,0,0
108,서울,2021-02-20,8.8,5.5,0001,14.9,1545,,,,,,,6.5,180,0004,3.9,200,0005,2.1,1852,200,0.3,25,1755,60.4,6.5,999.5,1011.3,1029,1008.3,0443,1009.9,11.0,7.8,1200,2.5,15.25,,,,,,2.4,2.4,4.0,-0.6,0.7,-0.1,0.3,1.2,2.2,4.8,6.8,12.1,15.3,2.7,3.8,,{박무}0320-{박무}{강도0}0600-{박무}{강도0}0900-1125. {연무}1120-{연무}{강도0}1200-1215.,,2021,2,7,51,1,0,0,0
108,서울,2021-02-21,10.8,4.7,0723,17.4,1347,,,,,,,10.4,180,1607,5.8,200,1802,2.8,2380,50,4.5,47,1536,66.6,8.4,999.2,1011.1,0001,1007.6,1435,1009.5,11.1,9.7,1200,2.34,15.34,,,,,,0.8,0.0,5.5,0.5,3.5,1.9,1.6,1.9,2.6,4.7,6.8,12.1,15.3,2.8,4.0,,{연무}0040-{연무}{강도0}0300-0410. {박무}0405-{박무}{강도0}0600-{박무}{강도0}0900-1015. {연무}1010-1040.,,2021,2,7,52,1,0,0,0
108,서울,2021-02-22,7.8,0.4,2358,12.6,1220,,,,,,,11.6,290,1537,6.5,290,2032,2.9,2472,290,-0.6,25,1700,58.3,6.5,1004.5,1023.5,2400,1010.0,0524,1015.0,11.1,6.3,1200,2.25,13.04,,,,,,2.6,2.3,6.5,-1.8,6.1,5.2,4.6,4.2,3.9,4.7,6.8,12.0,15.2,2.7,3.8,,{연무}1150-{연무}{강도0}1200-1345.,,2021,2,8,53,1,0,0,0
108,서울,2021-02-23,0.0,-3.1,0733,4.3,1521,,,,,,,8.5,290,1343,5.3,290,1343,2.9,2478,290,-14.3,21,1547,34.0,2.0,1015.2,1028.5,0932,1023.3,0007,1026.1,11.1,10.0,1300,2.64,17.53,,,,,,3.3,0.0,2.9,-5.5,3.3,2.9,3.5,4.1,4.4,5.0,6.7,12.0,15.2,2.6,3.7,,,,2021,2,8,54,1,1,0,0
108,서울,2021-02-24,2.9,-3.0,0720,10.1,1517,,,,,,,4.7,290,0103,3.2,290,0109,1.8,1591,50,-12.2,20,1626,33.0,2.4,1014.7,1027.6,0906,1023.0,1758,1025.5,11.2,8.4,1300,2.7,16.1,,,,,,6.5,1.1,3.6,-4.7,3.3,2.7,2.9,3.5,4.1,5.2,6.8,11.9,15.2,2.7,3.8,,,,2021,2,8,55,1,1,0,0
108,서울,2021-02-25,4.2,0.7,0406,8.2,1527,,,,,,,4.2,20,1228,2.8,50,1035,1.4,1232,50,-10.1,25,1606,35.1,2.8,1013.1,1025.6,0927,1022.1,1622,1023.8,11.2,0.0,1300,0.92,5.22,,,,,,8.1,3.0,1.6,-3.7,3.4,2.9,3.0,3.6,4.1,5.3,6.8,11.9,15.1,1.4,2.0,,,,2021,2,8,56,1,0,0,0
108,서울,2021-02-26,8.2,0.5,0721,15.8,1506,,,,,,,7.2,20,2015,4.3,70,1110,2.3,2004,50,-7.0,18,1418,35.0,3.7,1013.3,1026.7,2353,1021.0,1443,1023.8,11.3,9.1,1200,2.77,18.2,,,,,,4.5,0.0,5.1,-3.4,4.4,3.6,3.3,3.5,3.9,5.3,6.9,11.9,15.1,3.8,5.4,,,,2021,2,8,57,1,0,0,0
108,서울,2021-02-27,9.5,4.3,0636,16.2,1601,,,,,,,9.5,20,0945,5.6,50,0950,3.4,2977,90,-1.1,32,1557,48.6,5.7,1017.8,1030.3,0925,1026.2,1616,1028.4,11.3,10.3,1300,2.62,17.96,,,,,,3.5,0.0,7.0,2.2,6.3,5.4,4.8,4.6,4.5,5.4,6.9,11.8,15.0,3.5,4.9,,,,2021,2,8,58,1,0,0,0
108,서울,2021-02-28,7.8,3.2,0717,10.8,1607,,,,,,,6.8,70,0235,4.3,70,0242,2.1,1828,50,-2.4,38,1601,49.0,5.1,1015.4,1029.7,0122,1022.1,2358,1026.0,11.3,2.6,0900,1.52,7.13,,,,,,6.1,5.5,5.4,0.8,6.1,5.4,5.3,5.3,5.2,5.5,7.0,11.8,15.0,1.4,2.0,16.3,,,2021,2,8,59,1,0,0,0
108,서울,2021-03-01,4.7,0.5,2324,9.0,0001,,,,,22.92,67.5,13.0,180,1706,6.2,50,1802,3.5,3037,50,3.1,44,0018,91.0,7.7,1005.0,1022.1,0010,1010.1,1401,1015.6,11.4,0.0,1300,0.23,1.4,2.3,2350,2.3,2350,2.3,10.0,8.6,4.7,-0.2,6.0,5.5,5.4,5.5,5.4,5.7,7.0,11.7,14.9,0.3,0.5,51.3,{비}0105-{비}{강도0}0300-{비}{강도0}0600-{비}{강도1}0900-{비}{강도1}1200-{비}{강도1}1500-{비}{강도0}1800-{진눈깨비}1810-{눈}1905-{눈}{강도0}2100-{눈}{강도0}2400- {박무}0350-0430. {박무}0520-{박무}{강도0}0600-{박무}{강도1}0900-{박무}{강도1}1200-{박무}{강도0}1500-{박무}{강도0}1800-{박무}{강도0}2100-{박무}{강도0}2400-,,2021,3,9,60,1,0,0,1
108,서울,2021-03-02,2.3,0.2,0352,6.9,1543,,,,,1.33,0.1,6.4,290,1552,4.0,340,1712,1.9,1629,50,-1.7,45,1654,75.9,5.4,1014.4,1029.4,2238,1016.7,0001,1025.2,11.4,4.7,1500,2.08,12.9,0.0,,2.3,0001,0.0,5.5,5.3,5.4,-3.5,5.0,4.4,4.5,4.9,5.2,5.8,7.0,11.7,14.9,1.4,2.0,,-{박무}-0030. -{눈}-0120.,,2021,3,9,61,1,0,0,1
108,서울,2021-03-03,4.4,-1.2,0656,9.9,1627,,,,,,,5.3,110,1258,3.1,200,1415,1.8,1529,20,-2.5,36,1630,64.4,5.1,1018.3,1031.9,0816,1026.8,1702,1029.0,11.5,10.4,1100,2.5,16.52,,,,,,4.5,0.0,4.5,-4.0,5.0,4.4,4.4,4.9,5.1,5.9,6.9,11.7,14.9,2.2,3.1,,,,2021,3,9,62,1,1,0,0
108,서울,2021-03-04,7.2,2.5,0310,13.0,1559,,,,,,,4.9,50,0610,3.6,50,0613,1.9,1662,50,0.3,48,1602,62.4,6.3,1013.5,1027.5,0001,1021.5,1622,1024.1,11.5,1.9,1200,1.78,9.85,,,,,,6.3,2.8,6.2,-0.9,6.0,5.3,5.0,5.1,5.3,6.0,7.0,11.6,14.8,1.5,2.1,,,,2021,3,9,63,1,0,0,0
108,서울,2021-03-05,9.0,3.0,0729,16.2,1518,,,,,,,8.1,230,1618,4.9,250,1618,2.1,1850,250,3.3,44,1520,70.3,7.8,1010.7,1023.0,2400,1018.4,1449,1021.1,11.5,10.5,1200,2.76,18.95,,,,,,1.3,0.0,9.1,-2.1,7.1,6.2,5.8,5.7,5.5,6.1,7.1,11.6,14.8,2.8,4.0,,,,2021,3,9,64,1,0,0,0
108,서울,2021-03-06,6.6,3.2,2357,11.6,1216,,,,,,,10.5,50,1641,6.2,50,1426,3.3,2827,50,1.0,49,1232,69.5,6.7,1016.7,1030.8,2331,1022.9,0002,1027.3,11.6,3.6,1100,2.1,12.71,,,,,,4.9,1.9,7.1,0.4,7.6,7.0,6.8,6.6,6.2,6.2,7.2,11.5,14.7,2.2,3.2,,{박무}0350-{박무}{강도0}0600-0735.,,2021,3,9,65,1,0,0,0
108,서울,2021-03-07,6.2,2.1,0659,12.2,1423,,,,,,,7.8,50,0101,5.2,50,0304,2.8,2424,50,-0.5,37,1511,62.9,5.9,1017.7,1030.7,0001,1025.6,1645,1028.3,11.6,9.6,1200,2.85,18.17,,,,,,3.5,2.6,7.9,0.1,7.3,6.6,6.4,6.5,6.4,6.4,7.3,11.4,14.7,2.5,3.6,,,,2021,3,9,66,1,0,0,0
108,서울,2021-03-08,7.0,1.5,0706,13.9,1425,,,,,,,7.7,230,1639,4.9,250,1645,1.8,1583,270,-0.8,32,1437,60.3,5.8,1016.3,1029.0,0918,1024.8,1525,1026.9,11.7,10.8,1200,2.86,19.12,,,,,,0.0,0.0,8.1,-3.0,7.4,6.7,6.6,6.7,6.6,6.6,7.4,11.4,14.7,3.1,4.5,,,,2021,3,10,67,1,0,0,0
108,서울,2021-03-09,6.6,2.1,0550,12.2,1433,,,,,,,8.2,290,1641,4.6,250,1645,2.2,1886,250,-1.6,31,1812,58.5,5.5,1015.2,1027.5,2309,1023.7,1446,1025.8,11.7,9.4,1200,2.37,15.57,,,,,,4.3,0.0,6.9,-1.9,7.3,6.6,6.6,6.8,6.8,6.7,7.5,11.4,14.6,2.4,3.4,,{박무}2250-{박무}{강도0}2400-,,2021,3,10,68,1,0,0,0
108,서울,2021-03-10,8.8,1.7,0704,17.1,1539,,,,,,,5.8,70,1225,3.7,270,1842,1.8,1581,50,0.9,28,1509,61.8,6.5,1017.7,1030.6,0839,1026.0,1706,1028.2,11.7,10.2,1200,2.85,19.1,,,,,,0.4,0.0,9.0,-3.5,7.8,7.0,6.8,6.8,6.8,6.9,7.6,11.4,14.6,3.1,4.4,,-{박무}-{박무}{강도0}0300-{박무}{강도0}0600-{박무}{강도0}0900-0945. {연무}0940-1130. {연무}1740-{연무}{강도0}1800-{연무}{강도0}2100-{연무}{강도0}2400-,,2021,3,10,69,1,0,0,0
108,서울,2021-03-11,10.2,4.7,0720,17.1,1436,,,,,,,7.3,270,1647,4.5,250,1654,1.8,1530,270,-0.6,22,1602,50.8,5.9,1015.4,1029.6,0848,1022.3,2400,1025.8,11.8,7.9,1300,2.6,16.6,,,,,,6.4,2.5,9.8,-0.4,8.8,7.9,7.6,7.4,7.1,7.0,7.7,11.4,14.6,3.1,4.4,0.0,-{연무}-{연무}{강도0}0300-{연무}{강도0}0600-0635. {박무}0630-{박무}{강도0}0900-0930. {연무}0925-{연무}{강도0}1200-{연무}{강도0}1500-1510. {연무}1640-{연무}{강도0}1800-1940.,,2021,3,10,70,1,0,0,0
108,서울,2021-03-12,10.5,7.2,2353,14.9,1240,,,,,2.75,0.0,8.4,110,1412,4.8,70,1400,2.2,1924,50,2.1,39,1234,57.0,7.2,1011.5,1023.8,2235,1020.7,1607,1021.9,11.8,0.1,1200,1.4,7.41,,,,,,7.0,5.4,8.7,4.7,9.7,8.9,8.4,8.1,7.7,7.2,7.8,11.4,14.5,1.7,2.5,0.0,{연무}0530-{연무}{강도0}0600-{연무}{강도0}0900-{연무}{강도0}1200-1310. {비}0605-0650. {비}1350-{비}{강도0}1500-1550.,,2021,3,10,71,1,0,0,0
108,서울,2021-03-13,9.2,4.6,0650,14.2,1436,,,,,,,7.6,250,1632,4.4,270,1617,2.2,1908,270,2.0,42,1338,62.8,7.1,1011.1,1024.0,0833,1019.6,1601,1021.6,11.8,6.0,1300,2.14,14.87,,,,,,5.0,1.9,9.9,0.8,9.2,8.4,8.1,8.1,7.9,7.4,7.9,11.3,14.5,2.3,3.4,,{연무}2255-{연무}{강도0}2400-,,2021,3,10,72,1,0,0,0
108,서울,2021-03-14,9.1,4.9,0701,14.7,1541,,,,,,,6.8,230,1301,3.9,250,1302,2.2,1879,250,3.9,48,1617,71.4,8.1,1009.6,1021.9,1025,1018.7,1604,1020.1,11.9,8.2,1200,2.71,17.99,,,,,,3.5,1.8,10.9,1.5,9.8,9.0,8.6,8.4,8.1,7.6,8.0,11.3,14.4,2.4,3.4,,{박무}0215-{박무}{강도0}0300-{박무}{강도1}0600-{박무}{강도1}0900-1115. -{연무}-0220. {연무}1110-{연무}{강도0}1200-1450. {연무}1740-{연무}{강도0}1800-1850. {연무}2010-{연무}{강도0}2100-{연무}{강도0}2400-,,2021,3,10,73,1,0,0,0
108,서울,2021-03-15,10.6,5.1,0602,15.7,1446,,,,,1.25,1.7,9.8,250,2058,5.1,230,2106,2.4,2069,230,4.5,40,1540,68.8,8.5,1005.9,1019.9,0001,1013.0,2356,1016.2,11.9,2.7,1000,2.06,12.75,,,,,,8.9,2.8,10.3,1.4,10.2,9.4,9.0,8.8,8.5,7.8,8.2,11.3,14.4,2.3,3.3,3.0,{박무}0230-{박무}{강도0}0300-{박무}{강도1}0600-{박무}{강도0}0900-1015. -{연무}-0235. {연무}1005-{연무}{강도0}1200-{연무}{강도0}1500-1550. {박무}2210-{박무}{강도2}2400- {비}2245- {비}{강도0}2400-,,2021,3,11,74,1,0,0,1
108,서울,2021-03-16,8.4,4.9,2356,13.1,1438,,,,,2.42,1.3,9.9,270,0046,5.3,270,0052,3.2,2751,290,-1.7,26,1523,52.5,5.7,1005.5,1018.6,2322,1012.3,0247,1015.9,12.0,10.6,1200,3.01,21.13,,,,,,1.9,0.9,11.8,1.8,10.7,9.9,9.6,9.4,8.9,8.0,8.3,11.3,14.4,3.7,5.2,,-{비}-0225. -{박무}-{박무}{강도1}0300-0440. {황사}0945-{황사}{강도0}1200-{황사}{강도0}1500-{황사}{강도0}1800-{황사}{강도0}2100-{황사}{강도0}2400-,,2021,3,11,75,1,0,0,1
108,서울,2021-03-17,8.8,1.8,0628,17.5,1613,,,,,,,6.8,250,1713,4.7,250,1714,1.8,1598,50,-2.9,21,1642,44.9,5.0,1008.8,1020.6,0921,1017.1,1628,1019.3,12.0,10.7,1200,2.97,20.79,,,,,,0.3,0.0,10.4,-3.1,9.6,8.9,8.9,9.0,9.0,8.2,8.4,11.3,14.3,3.7,5.3,,-{황사}-{황사}{강도0}0300-{황사}{강도0}0600-{황사}{강도0}0900-{황사}{강도0}1200-{황사}{강도0}1500-{황사}{강도0}1800-{황사}{강도0}2100-{황사}{강도0}2400-,,2021,3,11,76,1,0,0,0
108,서울,2021-03-18,11.7,5.0,0540,18.4,1604,,,,,,,6.5,270,1647,4.2,250,1655,1.8,1540,50,1.3,33,1605,50.1,6.7,1009.1,1021.6,0857,1017.1,1528,1019.4,12.1,8.1,1200,2.52,16.63,,,,,,5.0,1.9,11.6,0.6,10.4,9.5,9.2,9.2,9.0,8.4,8.6,11.3,14.3,3.4,4.8,,-{황사}-0050.,,2021,3,11,77,1,0,0,0
108,서울,2021-03-19,15.3,11.4,0640,20.2,1510,,,,,,,7.5,140,0923,4.3,290,1817,2.2,1924,70,3.9,32,1556,47.9,8.1,1008.0,1021.0,0845,1014.9,1639,1018.2,12.1,8.8,1200,2.78,19.09,,,,,,6.8,5.6,15.0,9.5,12.9,11.8,10.9,10.2,9.5,8.6,8.7,11.3,14.3,4.1,5.8,0.0,,,2021,3,11,78,1,0,0,0
108,서울,2021-03-20,9.9,7.4,2346,14.7,0001,,,,,10.5,5.1,9.2,140,0725,4.0,140,0732,2.2,1887,110,5.0,44,0412,74.6,8.8,1002.9,1016.5,0001,1011.0,1619,1013.3,12.1,0.0,1200,0.31,2.0,,,,,,9.8,8.1,9.8,6.4,11.7,11.2,11.1,10.9,10.4,8.8,8.8,11.3,14.2,0.6,0.9,5.1,{비}0710-{비}{강도0}0900-{비}{강도0}1200-1445. {박무}0930-{박무}{강도0}1200-1440. {박무}1825-{박무}{강도0}2100-2110. {비}1830-{비}{강도0}2100-2125. {박무}2235-{박무}{강도0}2400-,,2021,3,11,79,1,0,0,1
108,서울,2021-03-21,5.8,3.1,2355,8.6,1427,,,,,1.5,0.3,14.8,320,1750,6.8,270,2126,4.0,3415,270,-0.4,44,1610,65.9,6.1,1004.5,1020.0,2355,1012.7,0039,1015.0,12.2,2.9,1100,1.96,10.42,,,,,,6.8,5.8,7.6,1.6,9.6,9.1,9.4,9.8,9.9,9.1,9.0,11.3,14.2,2.0,2.8,0.3,-{박무}-{박무}{강도0}0300-{박무}{강도0}0600-{박무}{강도0}0900-1110. {비}1210-1340.,,2021,3,11,80,1,0,0,1
108,서울,2021-03-22,6.2,1.1,0653,11.1,1349,,,,,,,12.4,200,1356,6.9,230,1534,3.2,2774,250,-2.7,26,1645,55.3,5.1,1009.9,1021.8,2352,1018.4,1645,1020.5,12.2,11.1,1200,3.21,22.58,,,,,,0.4,0.4,9.0,-2.3,8.4,7.8,8.1,8.7,9.2,9.2,9.1,11.3,14.2,3.2,4.5,,,,2021,3,12,81,1,0,0,0
108,서울,2021-03-23,9.1,2.5,0518,16.4,1418,,,,,,,12.1,270,1659,5.7,200,1437,2.5,2197,200,1.9,35,1533,63.5,7.1,1010.1,1022.6,0832,1018.6,1745,1020.6,12.3,10.3,1200,2.96,20.89,,,,,,0.3,0.0,10.6,-1.1,9.6,8.8,8.6,8.8,9.0,9.2,9.3,11.3,14.1,3.4,4.9,,{박무}0650-0720.,,2021,3,12,82,1,0,0,0
108,서울,2021-03-24,10.8,5.7,0619,16.9,1513,,,,,,,9.3,290,1646,5.3,290,1653,2.4,2068,270,3.2,39,1455,61.5,7.7,1010.0,1022.1,1006,1017.6,1602,1020.4,12.3,7.9,1200,3.03,19.53,,,,,,4.3,0.9,11.7,1.6,10.8,9.9,9.5,9.4,9.3,9.2,9.4,11.3,14.1,3.3,4.8,,{박무}0610-0720.,,2021,3,12,83,1,0,0,0
108,서울,2021-03-25,11.9,6.8,2356,19.0,1405,,,,,,,7.7,230,1525,4.9,270,1643,2.2,1892,270,5.7,40,1459,68.5,9.1,1010.8,1022.6,0944,1019.6,1548,1021.1,12.3,9.7,1200,2.98,20.86,,,,,,2.4,2.1,13.5,4.0,12.3,11.3,10.7,10.3,9.8,9.3,9.5,11.3,14.1,3.5,5.0,,{박무}2045-{박무}{강도0}2100-{박무}{강도1}2400-,,2021,3,12,84,1,0,0,0
108,서울,2021-03-26,12.6,4.8,0647,20.6,1543,,,,,,,4.2,250,0001,2.9,250,0004,1.4,1217,250,3.0,25,1725,58.4,7.7,1010.2,1023.9,0752,1017.7,1658,1020.5,12.4,7.3,1300,2.44,16.98,,,,,,5.5,1.9,13.4,-0.7,12.2,11.4,11.0,10.8,10.4,9.4,9.5,11.4,14.0,3.0,4.3,,-{박무}-{박무}{강도1}0300-{박무}{강도2}0600-{박무}{강도1}0900-1010. {연무}1005-{연무}{강도0}1200-1225. {햇무리}1120-1220. {연무}1315-1410. {채운}1450-1510. {연무}1840-{연무}{강도0}2100-2130. {연무}2320-{연무}{강도0}2400-,,2021,3,12,85,1,0,0,0
108,서울,2021-03-27,12.1,10.2,0621,15.0,1156,,,,,13.08,25.5,8.0,70,1558,4.8,50,1537,2.5,2178,70,6.0,41,1130,70.9,9.9,999.8,1018.3,0001,1001.0,2351,1010.0,12.4,0.0,1100,0.81,3.72,,,,,,9.6,6.0,10.5,4.8,11.5,10.9,10.8,10.9,10.7,9.6,9.6,11.4,14.0,0.9,1.3,33.2,-{연무}-0210. {비}0945-1020. {비}1130-{비}{강도0}1200-{비}{강도0}1500-{비}{강도1}1800-{비}{강도0}2100-{비}{강도0}2400- {박무}1355-{박무}{강도0}1500-{박무}{강도1}1800-{박무}{강도1}2100-{박무}{강도2}2400-,,2021,3,12,86,1,0,0,1
108,서울,2021-03-28,9.0,7.7,0643,13.0,0138,,,,,15.0,9.2,10.9,180,0357,6.4,200,0402,3.3,2879,200,8.3,89,1643,95.8,11.0,992.7,1005.1,2049,999.6,0214,1003.0,12.5,0.0,1200,0.46,2.35,,,,,,10.0,9.5,10.2,7.3,11.2,10.6,10.5,10.6,10.6,9.8,9.7,11.4,14.0,0.6,0.8,1.7,-{비}-{비}{강도0}0300-{안개비}0530-{안개비}{강도0}0600-{비}0650-{비}{강도0}0900-1050. -{박무}-{박무}{강도0}0300-{박무}{강도2}0600-{시정(미만)}{1km}{안개}0610-{시정(이상)}{1km}{박무}0640-{박무}{강도0}0900-{박무}{강도1}1200-{박무}{강도0}1500-1520. {안개비}1135-{안개비}{강도0}1200-1240. {박무}2035-{박무}{강도0}2100-{박무}{강도1}2400- {비}2055-{비}{강도0}2100-{안개비}2350-{안개비}{강도0}2400-,0.5,2021,3,12,87,1,0,0,1
108,서울,2021-03-29,10.2,7.3,2357,14.6,1342,,,,,2.75,0.2,11.2,270,1538,6.6,270,1541,3.3,2812,250,2.1,32,1403,62.3,7.4,998.3,1011.5,2352,1004.2,0041,1008.5,12.5,7.1,1100,2.95,18.24,,,,,,5.5,3.4,11.4,3.5,11.7,10.9,10.5,10.5,10.4,10.0,9.9,11.4,14.0,3.2,4.6,,-{안개}-{시정(미만)}{1km}{안개}0105-{시정(이상)}{1km}{박무}0125-{박무}{강도2}0300-{박무}{강도2}0600-{박무}{강도1}0900-0920. {황사}0210-{황사}{강도0}0300-{황사}{강도1}0600-{황사}{강도1}0900-{황사}{강도0}1200-{황사}{강도0}1500-{황사}{강도0}1800-{황사}{강도0}2100-{황사}{강도0}2400- -{안개비}-0245.,0.33,2021,3,13,88,1,0,0,1
108,서울,2021-03-30,10.8,4.1,0623,18.2,1548,,,,,,,8.1,290,1917,5.1,250,1827,2.2,1927,270,-1.3,21,1242,47.3,5.6,1002.4,1015.2,2334,1011.0,1717,1012.7,12.5,11.1,1200,3.35,24.53,,,,,,0.6,0.0,12.6,-1.2,11.3,10.5,10.4,10.5,10.5,10.0,10.0,11.4,13.9,4.9,7.1,,-{황사}-{황사}{강도0}0300-{황사}{강도0}0600-{황사}{강도0}0900-{황사}{강도0}1200-{황사}{강도0}1500-{황사}{강도0}1800-{황사}{강도0}2100-2220. {박무}0405-0515.,,2021,3,13,89,1,0,0,0
108,서울,2021-03-31,14.5,5.9,0631,22.9,1535,,,,,,,6.0,270,2126,3.6,290,2124,1.8,1539,50,0.3,19,1400,41.0,6.3,1004.1,1015.9,1000,1012.0,1647,1014.2,12.6,11.4,1200,3.32,23.29,,,,,,3.8,0.0,14.2,-0.3,12.5,11.5,11.1,10.9,10.7,10.1,10.1,11.4,13.9,5.4,7.7,,,,2021,3,13,90,1,0,0,0
108,서울,2021-04-01,17.7,12.0,0651,24.0,1614,,,,,,,12.4,50,2159,6.7,50,2153,3.5,3017,50,0.5,18,1253,33.0,6.3,1008.1,1020.5,2238,1015.1,0001,1018.1,12.6,10.0,1100,2.94,20.91,,,,,,5.3,1.9,14.4,7.3,14.0,13.0,12.4,11.9,11.3,10.3,10.2,11.5,13.9,6.2,8.9,,{햇무리}1350-1430.,,2021,4,13,91,1,0,0,0
108,서울,2021-04-02,17.8,12.5,0408,23.0,1506,0.0,,0.0,,0.83,0.0,10.9,50,0012,6.4,50,0013,3.2,2779,70,2.0,25,1220,35.6,7.1,1008.7,1021.9,0705,1016.8,1612,1018.8,12.7,3.4,1100,2.77,15.37,,,,,,8.1,7.8,15.3,10.6,14.8,13.8,13.2,12.6,11.9,10.5,10.3,11.5,13.8,4.0,5.8,0.0,{비}1820-1910.,,2021,4,13,92,1,0,0,0
108,서울,2021-04-03,14.9,10.9,2353,18.0,0001,2.9,1131,11.5,1110,16.53,56.2,10.3,50,2159,6.3,50,2037,3.1,2657,50,11.2,40,0006,80.8,13.4,1002.1,1016.8,0001,1009.0,1705,1012.2,12.7,0.0,1000,0.28,1.98,,,,,,9.9,7.4,13.9,9.8,14.8,14.1,13.7,13.3,12.5,10.7,10.4,11.5,13.8,0.7,1.0,56.8,{비}0728-{비}{강도0}0900-{비}{강도1}1200-{비}{강도1}1500-{비}{강도1}1800-{비}{강도0}2100-{비}{강도0}2400- {박무}0945-{박무}{강도2}1200-{박무}{강도1}1500-{박무}{강도1}1800-1855. {박무}1910-{박무}{강도0}2100-2210.,,2021,4,13,93,1,0,0,1
108,서울,2021-04-04,11.9,9.0,2400,15.8,1337,0.2,,0.4,402,5.75,0.6,9.7,50,0107,5.2,50,0112,3.2,2751,50,5.2,47,1726,65.8,9.0,1005.4,1020.9,2346,1010.7,0104,1015.7,12.7,1.5,1100,2.8,12.91,,,,,,6.3,5.8,13.1,5.6,14.1,13.4,13.1,13.1,12.8,11.2,10.6,11.4,13.8,2.6,3.6,,{박무}0010-0110. -{비}-{비}{강도0}0300-0545.,,2021,4,13,94,1,0,0,1
108,서울,2021-04-05,11.9,5.4,0629,19.3,1614,,,,,,,9.0,270,1655,5.3,270,1704,2.4,2064,20,0.0,19,1525,47.9,6.2,1011.7,1024.6,0837,1019.6,1627,1022.1,12.8,12.0,1200,3.44,25.81,,,,,,2.3,1.0,14.5,1.4,13.4,12.7,12.5,12.7,12.6,11.4,10.9,11.3,13.8,4.9,7.1,,,,2021,4,14,95,1,0,0,0
108,서울,2021-04-06,13.9,9.4,0510,19.2,1343,,,,,,,9.5,200,1445,5.4,250,1653,2.5,2188,250,3.3,29,1203,50.9,7.8,1009.7,1021.6,0811,1017.5,1724,1019.9,12.8,10.6,1200,3.28,23.34,,,,,,2.4,1.1,15.2,5.4,14.3,13.5,13.2,13.0,12.6,11.5,11.0,11.3,13.7,4.7,6.7,,{채운}0755-0950.,,2021,4,14,96,1,0,0,0
108,서울,2021-04-07,14.1,8.1,0607,20.4,1335,,,,,,,11.1,250,1513,6.2,270,1623,2.5,2137,250,2.0,24,1323,47.5,7.2,1009.0,1021.3,0925,1017.2,1747,1019.2,12.9,11.9,1200,3.28,24.49,,,,,,0.0,0.0,15.4,2.0,14.5,13.7,13.4,13.3,12.9,11.6,11.1,11.4,13.7,5.2,7.4,,{연무}0420-{연무}{강도0}0600-0725. {연무}0920-1030.,,2021,4,14,97,1,0,0,0
108,서울,2021-04-08,13.0,7.2,0616,18.0,1516,,,,,,,10.6,320,1801,5.8,290,1611,2.7,2351,270,-2.9,22,1741,34.0,5.0,1008.1,1020.3,2334,1016.1,1705,1018.4,12.9,12.1,1200,3.45,25.85,,,,,,0.0,0.0,15.1,-0.3,14.1,13.4,13.3,13.3,13.1,11.8,11.2,11.5,13.7,5.7,8.1,,,,2021,4,14,98,1,0,0,0
108,서울,2021-04-09,13.6,7.6,0416,19.6,1558,,,,,,,10.0,20,0849,5.8,50,0848,2.7,2306,50,-0.4,25,1245,39.3,6.0,1014.0,1028.4,2347,1020.0,0103,1024.3,12.9,11.9,1200,3.4,25.3,,,,,,0.6,0.5,15.0,-1.0,14.3,13.5,13.2,13.2,13.0,11.9,11.4,11.6,13.7,5.1,7.3,,,,2021,4,14,99,1,0,0,0
108,서울,2021-04-10,12.6,7.7,0607,18.8,1459,,,,,,,8.0,250,1522,4.7,270,1531,2.6,2234,250,2.0,28,1822,50.0,7.1,1019.8,1031.9,0855,1028.5,0001,1030.2,13.0,11.5,1200,3.2,23.77,,,,,,0.5,0.5,15.2,1.7,14.8,14.0,13.7,13.6,13.2,12.0,11.5,11.6,13.6,4.0,5.8,,,,2021,4,14,100,1,0,0,0
108,서울,2021-04-11,15.0,7.5,0639,21.8,1610,,,,,,,6.4,270,1736,3.9,250,1713,1.7,1480,20,2.4,24,1442,45.4,7.3,1018.7,1032.2,0916,1026.1,1907,1029.0,13.0,10.6,1200,3.13,22.57,,,,,,3.5,1.0,15.9,1.0,15.0,14.1,13.7,13.6,13.3,12.2,11.6,11.7,13.6,4.4,6.2,,,,2021,4,14,101,1,0,0,0
108,서울,2021-04-12,13.8,11.9,1703,17.8,1132,1.6,2316,5.4,1831,14.17,22.0,9.7,110,1317,4.8,140,1400,2.4,2036,70,7.6,36,1126,70.4,10.8,1007.1,1026.2,0001,1008.1,2357,1017.3,13.1,0.0,1100,0.96,5.39,,,,,,9.8,8.0,13.2,8.5,14.7,14.2,14.1,14.1,13.7,12.3,11.7,11.7,13.6,1.4,1.9,30.0,{비}0950-{비}{강도0}1200-{비}{강도0}1500-{비}{강도0}1800-{비}{강도0}2100-{비}{강도1}2400- {박무}1820-{박무}{강도1}2100-{박무}{강도2}2400-,,2021,4,15,102,1,0,0,1
108,서울,2021-04-13,10.4,5.7,2355,13.5,1343,0.8,9,3.0,-2351,6.75,8.0,10.2,270,1721,5.7,250,1354,3.7,3183,270,5.6,53,1400,74.0,9.4,1002.4,1017.9,2329,1007.7,0032,1012.8,13.1,2.9,1300,2.55,14.95,,,,,,6.6,6.4,14.5,2.9,14.4,13.7,13.5,13.6,13.5,12.4,11.8,11.8,13.6,2.4,3.5,,-{비}-{비}{강도0}0300-{안개비}0440-{안개비}{강도0}0600-0645. -{박무}-{박무}{강도1}0300-{박무}{강도0}0600-0640.,,2021,4,15,103,1,0,0,1
108,서울,2021-04-14,8.4,3.1,0544,13.3,1224,,,,,,,11.2,320,1342,6.9,270,1345,2.9,2484,270,0.1,30,1130,58.5,6.2,1008.8,1020.6,2215,1017.8,0001,1019.3,13.1,12.4,1200,3.53,27.31,,,,,,0.3,0.0,13.3,-2.2,12.8,12.2,12.4,12.9,13.2,12.6,11.9,11.8,13.6,4.0,5.8,,,,2021,4,15,104,1,0,0,0
108,서울,2021-04-15,11.6,6.3,0313,18.3,1454,,,,,,,8.5,290,1639,4.7,270,1654,2.1,1774,270,3.9,31,1349,62.3,8.1,1007.9,1021.5,1007,1015.3,1802,1018.2,13.2,11.1,1200,3.45,24.78,,,,,,4.9,1.4,14.9,0.4,14.0,13.2,12.9,13.0,13.0,12.6,12.1,11.8,13.5,4.2,6.0,0.0,,,2021,4,15,105,1,0,0,0
108,서울,2021-04-16,11.3,8.1,2400,14.8,1602,0.3,1113,0.7,1057,3.5,0.7,10.9,180,1719,5.7,200,1003,2.6,2274,200,3.3,35,1814,60.0,8.0,1005.6,1018.1,2340,1014.2,0634,1015.9,13.2,3.7,1400,2.18,8.59,,,,,,6.9,4.0,12.6,0.9,13.3,12.8,13.0,13.3,13.4,12.6,12.2,11.9,13.5,1.9,2.7,0.7,{비}0520-0550. {비}1030-{비}{강도0}1200-1330. {박무}1055-{박무}{강도1}1200-1405. {황사}1555-{황사}{강도0}1800-{황사}{강도0}2100-{황사}{강도0}2400-,,2021,4,15,106,1,0,0,1
108,서울,2021-04-17,9.6,6.0,0611,14.6,1527,0.0,,0.0,,1.58,0.0,12.5,180,1242,7.1,290,1602,2.6,2221,230,1.1,33,1536,56.6,6.7,1004.3,1018.1,0015,1011.7,1540,1014.7,13.2,3.5,1400,2.67,13.62,,,,,,3.8,1.9,12.2,0.3,12.1,11.5,11.8,12.4,12.9,12.7,12.2,11.9,13.5,2.8,4.0,0.0,-{황사}-{황사}{강도0}0300-{황사}{강도0}0600-{황사}{강도0}0900-{황사}{강도0}1200-{황사}{강도0}1500-{황사}{강도0}1800-1935. {비}1155-{비}{강도0}1200-1250. {비}1335-1345. {소나기}1615-1645.,,2021,4,15,107,1,0,0,0
108,서울,2021-04-18,9.9,5.6,0607,15.3,1602,,,,,,,10.9,320,1355,5.7,250,1336,3.2,2722,250,3.1,39,1336,64.3,7.7,1005.9,1018.0,1006,1014.4,1545,1016.3,13.3,11.9,1300,3.47,26.94,,,,,,0.9,0.9,14.0,-0.1,12.7,11.9,11.8,12.1,12.5,12.6,12.3,12.0,13.5,3.9,5.5,,,,2021,4,15,108,1,0,0,0
108,서울,2021-04-19,12.2,5.8,0542,19.4,1440,,,,,,,8.8,180,1335,4.9,200,1642,2.4,2093,200,5.4,44,1409,65.3,9.0,1006.9,1019.1,2338,1015.1,1557,1017.2,13.3,12.1,1200,3.41,26.18,,,,,,0.0,0.0,15.6,-1.3,14.1,13.2,12.8,12.8,12.7,12.6,12.4,12.0,13.5,4.2,6.0,,,,2021,4,16,109,1,0,0,0
108,서울,2021-04-20,14.8,8.1,0614,22.0,1552,,,,,,,7.3,290,1811,4.5,270,1711,1.9,1626,270,4.8,27,1826,55.1,8.7,1010.6,1022.3,2359,1018.9,1604,1020.8,13.4,11.0,1200,3.32,24.8,,,,,,2.9,0.0,17.3,0.6,15.5,14.6,14.1,13.7,13.3,12.6,12.4,12.1,13.5,4.5,6.5,,{박무}0510-{박무}{강도0}0600-0840.,,2021,4,16,110,1,0,0,0
108,서울,2021-04-21,19.1,10.3,0601,28.2,1601,,,,,,,7.0,250,2055,4.3,250,2102,1.8,1580,270,5.4,21,1645,43.1,9.0,1011.1,1023.4,0841,1017.7,1725,1021.2,13.4,11.1,1200,3.35,25.12,,,,,,3.9,0.0,19.8,3.3,17.0,15.9,15.2,14.6,13.9,12.7,12.4,12.1,13.5,5.9,8.4,,,,2021,4,16,111,1,0,1,0
108,서울,2021-04-22,20.9,16.1,0251,27.5,1356,,,,,,,10.0,320,2218,5.0,50,0942,2.5,2199,50,5.5,22,1348,37.9,9.1,1008.5,1021.9,0109,1015.7,1543,1018.5,13.4,2.6,1300,2.67,15.7,,,,,,8.9,6.5,20.1,12.4,18.5,17.5,16.7,15.9,14.8,12.9,12.5,12.2,13.4,4.7,6.7,0.0,,,2021,4,16,112,1,0,1,0
108,서울,2021-04-23,19.0,17.0,0703,21.7,1350,0.0,,0.0,,4.0,0.0,11.3,50,1045,6.9,50,1412,3.2,2732,50,5.2,29,1210,41.4,8.9,1009.1,1020.6,0645,1017.3,0110,1019.2,13.5,0.3,1000,1.38,8.36,,,,,,9.6,4.8,17.1,13.5,17.7,17.0,16.6,16.3,15.4,13.2,12.6,12.2,13.4,3.9,5.6,0.0,{비}0340-{비}{강도0}0600-0715. {비}1245-1310.,,2021,4,16,113,1,0,0,0
108,서울,2021-04-24,18.3,15.3,0637,22.2,1540,0.0,,0.0,,0.67,0.0,8.2,50,0259,5.2,340,1431,2.7,2297,50,4.9,23,1205,43.0,8.8,1009.5,1021.7,0955,1017.8,1917,1019.6,13.5,1.6,1200,1.93,13.65,,,,,,6.8,5.5,17.7,7.7,17.3,16.6,16.2,15.9,15.3,13.5,12.7,12.2,13.4,3.7,5.2,0.0,{비}1410-1450.,,2021,4,16,114,1,0,0,0
108,서울,2021-04-25,18.2,12.6,0500,24.0,1645,,,,,,,11.3,70,0735,5.6,50,0748,2.7,2375,50,6.9,31,1502,50.0,10.0,1009.1,1020.7,0912,1017.1,1700,1019.1,13.6,11.5,1200,3.49,27.12,,,,,,1.1,0.4,21.4,5.7,18.1,17.1,16.4,16.0,15.3,13.7,12.9,12.3,13.4,5.5,7.9,,,,2021,4,16,115,1,0,0,0
108,서울,2021-04-26,16.2,12.3,0614,20.6,1408,,,,,,,8.5,200,1310,4.6,290,1651,2.6,2247,110,5.9,27,0928,51.8,9.6,1010.6,1022.7,0844,1019.1,1739,1020.8,13.6,9.2,1200,3.12,21.57,,,,,,4.5,2.8,20.1,6.8,18.1,17.3,16.9,16.5,15.8,13.9,13.0,12.3,13.4,3.5,5.1,0.0,,,2021,4,17,116,1,0,0,0
108,서울,2021-04-27,15.4,12.5,0430,20.0,1427,2.2,2356,5.8,2331,4.0,1.7,9.0,200,2304,5.0,230,1835,2.3,2013,200,7.7,38,1520,62.4,10.6,1007.5,1020.8,0001,1015.4,1456,1017.6,13.6,0.5,1300,1.81,10.37,,,,,,9.4,5.4,17.3,5.2,17.4,16.7,16.5,16.4,15.9,14.1,13.1,12.4,13.4,2.5,3.6,6.4,{비}0705-0750. {비}1755-{비}{강도0}1800-1850. {비}2050-{비}{강도0}2100-2150. {비}2240-{비}{강도0}2400- {박무}2350-{박무}{강도1}2400-,,2021,4,17,117,1,0,0,1
108,서울,2021-04-28,14.5,11.2,0602,18.2,1419,1.4,9,4.7,1,1.33,4.7,9.7,180,0049,4.8,230,0057,2.4,2059,200,7.1,35,1842,64.1,10.3,1005.8,1017.8,0753,1014.0,2357,1016.0,13.6,2.2,1100,2.3,16.09,,,,,,7.9,2.5,16.3,8.7,17.1,16.4,16.2,16.1,15.7,14.2,13.3,12.4,13.4,2.8,4.0,,-{비}-0120. -{박무}-{박무}{강도0}0300-{박무}{강도0}0600-{박무}{강도0}0900-1105. {햇무리}1040-1550.,,2021,4,17,118,1,0,0,1
108,서울,2021-04-29,14.6,10.9,0538,20.1,1609,1.2,2355,4.3,2313,4.33,3.9,11.0,180,2232,6.4,200,2235,2.3,1966,50,4.8,30,1718,54.1,8.6,995.8,1014.0,0001,1002.6,2122,1005.9,13.7,4.4,1300,3.08,15.99,,,,,,7.6,5.9,16.9,6.7,16.4,15.6,15.5,15.7,15.6,14.3,13.4,12.4,13.4,3.3,4.6,30.2,{비}0915-1130. {비}1220-1245. {비}2220-{비}{강도1}2400- {박무}2250-{박무}{강도1}2400-,,2021,4,17,119,1,0,0,1
108,서울,2021-04-30,11.3,8.6,0414,14.6,1227,1.8,332,8.9,245,9.75,26.3,8.5,160,1445,5.2,200,1449,2.4,2077,200,8.1,63,1228,81.8,10.8,994.3,1008.2,2142,999.3,0230,1004.5,13.7,1.1,1000,2.05,9.45,,,,,,9.5,7.3,12.8,7.1,14.8,14.5,14.8,15.2,15.3,14.4,13.6,12.5,13.4,1.6,2.3,0.3,-{비}-{비}{강도1}0300-{비}{강도0}0600-{비}{강도0}0900-0920. -{박무}-{박무}{강도0}0300-0515. {비}1515-1540. {박무}1820-{박무}{강도0}2100-2120.,,2021,4,17,120,1,0,0,1
108,서울,2021-05-01,10.2,8.5,2326,15.3,1256,1.5,1424,5.3,1419,11.67,8.0,10.3,290,1418,6.3,320,1425,2.7,2360,270,6.8,47,1258,80.8,9.9,995.6,1010.3,2346,1003.6,0556,1005.8,13.8,1.2,1200,2.81,11.89,,,,,,9.4,5.9,12.4,7.4,14.5,14.0,14.1,14.5,14.8,14.4,13.7,12.5,13.4,1.8,2.6,9.4,{박무}0320-{박무}{강도0}0600-0745. {비}0425-0550. {비}0645-0825. {비}0925-1020. {비}1320-{비}{강도1}1500-{비}{강도0}1800-1810. {박무}1425-{박무}{강도0}1500-1550. {비}2110-{비}{강도0}2400-,,2021,5,17,121,1,0,0,1
108,서울,2021-05-02,12.4,7.3,0602,18.7,1436,0.4,110,1.2,24,2.5,1.7,9.3,290,1720,5.3,270,1740,3.1,2720,270,6.0,41,1731,67.9,9.4,1006.2,1019.9,2345,1010.3,0001,1016.5,13.8,10.8,1200,3.56,27.71,,,,,,2.6,2.0,16.8,5.4,15.2,14.4,14.1,14.3,14.4,14.4,13.7,12.6,13.4,4.5,6.4,,-{비}-0230.,,2021,5,17,122,1,0,0,1
108,서울,2021-05-03,14.1,8.4,0555,20.3,1520,,,,,,,8.6,270,1559,4.9,200,1348,2.1,1847,200,4.6,27,1613,56.4,8.5,1007.6,1020.4,0814,1015.1,1815,1017.8,13.8,11.6,1200,3.55,27.7,,,,,,3.8,0.0,17.3,4.0,16.5,15.6,15.2,15.0,14.8,14.3,13.8,12.6,13.4,4.9,7.0,0.2,,,2021,5,18,123,1,0,0,0
108,서울,2021-05-04,13.8,11.4,0300,15.8,1915,1.5,1446,5.1,1436,16.25,19.6,9.3,290,2346,4.8,290,2149,2.1,1796,50,10.7,53,0003,82.6,13.2,999.3,1017.3,0009,1003.7,2214,1009.5,13.9,0.0,1200,0.87,3.68,,,,,,9.6,6.6,13.5,7.8,15.5,15.0,15.1,15.3,15.3,14.4,13.8,12.7,13.4,1.0,1.4,19.5,{비}0630-{비}{강도0}0900-1040. {비}1155-{비}{강도0}1200-{비}{강도1}1500-{비}{강도0}1800-{비}{강도1}2100-{비}{강도0}2400- {박무}1440-{박무}{강도1}1500-{박무}{강도1}1800-{시정(미만)}{1km}{안개}2010-{안개}{강도0}2100-{시정(이상)}{1km}{박무}2132-{박무}{강도0}2400-,1.37,2021,5,18,124,1,0,0,1
108,서울,2021-05-05,13.9,10.3,0620,18.4,1509,0.1,,0.4,-2331,0.5,0.1,13.1,270,1417,6.7,250,1544,3.5,3003,250,6.4,29,1634,64.4,9.8,1002.3,1018.4,2346,1004.5,0020,1012.5,13.9,11.5,1200,3.62,28.34,,,,,,2.6,2.3,17.6,4.4,16.9,16.0,15.5,15.3,15.0,14.4,13.9,12.7,13.4,4.7,6.7,,-{박무}-0020. -{비}-0030.,,2021,5,18,125,1,0,0,1
108,서울,2021-05-06,15.7,7.9,0538,23.1,1420,,,,,,,11.8,230,1612,6.5,230,1620,2.4,2081,50,3.3,27,1743,46.4,7.8,1005.1,1018.6,0612,1011.5,2359,1015.3,13.9,10.6,1200,3.32,23.81,,,,,,4.8,0.6,16.8,2.9,16.7,15.9,15.6,15.6,15.4,14.5,14.0,12.8,13.4,4.9,7.0,,{햇무리}0950-1140.,,2021,5,18,126,1,0,0,0
108,서울,2021-05-07,14.4,10.7,2357,17.2,1505,5.9,942,8.8,915,1.5,8.8,12.6,200,1418,6.7,230,1352,3.4,2923,230,6.5,38,0001,60.3,9.8,996.0,1011.5,0001,1003.3,0904,1006.1,13.9,5.9,1200,3.34,17.12,,,,,,3.1,3.1,15.5,7.7,16.7,16.0,15.7,15.8,15.6,14.6,14.0,12.8,13.4,3.1,4.5,8.8,{비}0915-1045. {박무}0930-1020. {황사}1140-{황사}{강도0}1200-{황사}{강도0}1500-{황사}{강도0}1800-{황사}{강도0}2100-{황사}{강도1}2400- {박무}2350-{박무}{강도2}2400-,,2021,5,18,127,1,0,0,1
108,서울,2021-05-08,14.3,8.9,0547,21.0,1437,,,,,,,15.4,180,1600,8.4,200,1557,3.4,2913,250,7.5,36,1509,66.1,10.4,994.4,1008.4,0018,999.2,1611,1004.4,14.0,8.9,1200,3.26,23.01,,,,,,1.1,0.6,16.9,5.4,16.7,15.9,15.6,15.6,15.5,14.7,14.1,12.9,13.4,4.4,6.3,,-{박무}-{박무}{강도0}0300-{박무}{강도0}0600-0820. -{황사}-{황사}{강도0}0300-{황사}{강도0}0600-{황사}{강도0}0900-{황사}{강도0}1200-{황사}{강도0}1500-{황사}{강도0}2100-{황사}{강도0}2400- {박무}2020-{박무}{강도0}2100-2335.,,2021,5,18,128,1,0,0,0
108,서울,2021-05-09,15.7,10.0,0513,21.8,1551,,,,,,,14.3,270,1357,7.9,270,1037,3.5,3019,270,4.6,25,1609,51.3,8.5,999.3,1011.8,2318,1006.5,0001,1009.4,14.0,13.0,1200,3.72,30.44,,,,,,0.3,0.0,18.2,5.2,17.1,16.3,16.0,15.9,15.7,14.7,14.2,12.9,13.4,6.2,8.9,0.0,-{황사}-0130.,,2021,5,18,129,1,0,0,0
108,서울,2021-05-10,13.2,11.7,0230,14.6,1716,0.0,,0.0,,3.08,0.0,6.7,200,0507,4.0,200,0513,1.8,1547,50,7.4,59,0012,67.9,10.3,1003.2,1015.0,0845,1010.4,0219,1013.4,14.0,0.0,1500,0.61,4.69,,,,,,8.6,6.9,13.5,4.7,15.7,15.3,15.5,15.9,16.0,14.8,14.2,13.0,13.4,1.5,2.2,0.0,{비}0505-{비}{강도0}0600-0720. {비}1050-1140.,,2021,5,19,130,1,0,0,0
108,서울,2021-05-11,18.5,9.4,0414,25.7,1514,,,,,,,10.5,140,2150,5.0,110,1704,2.7,2362,110,6.2,28,1337,48.9,9.5,1003.1,1014.9,0147,1010.8,1615,1013.1,14.1,13.2,1200,3.44,27.17,,,,,,6.0,0.1,18.7,4.6,17.1,16.2,15.5,15.4,15.3,14.9,14.3,13.0,13.4,6.6,9.5,,,,2021,5,19,131,1,0,1,0
108,서울,2021-05-12,22.0,16.9,0529,27.7,1626,,,,,,,6.9,50,0819,3.7,50,0824,2.2,1860,70,7.1,26,1255,39.5,10.3,1001.9,1013.8,0632,1008.9,1715,1011.8,14.1,11.0,1200,3.52,26.51,,,,,,4.5,2.5,21.7,11.6,19.9,18.7,17.8,17.0,16.1,14.9,14.4,13.1,13.4,5.9,8.5,,{채운}0855-1030. {채운}1150-1345. {채운}1450-1510.,,2021,5,19,132,1,0,1,0
108,서울,2021-05-13,22.9,16.6,0542,29.6,1459,,,,,,,7.2,200,1556,4.2,250,1807,1.9,1642,250,12.7,36,1418,54.4,14.8,1001.1,1012.6,0813,1009.0,1701,1011.0,14.1,12.8,1200,3.39,27.3,,,,,,0.0,0.0,24.6,11.0,21.6,20.5,19.5,18.5,17.1,15.0,14.4,13.1,13.4,5.3,7.6,,,,2021,5,19,133,1,0,1,0
108,서울,2021-05-14,24.1,18.0,0558,30.8,1541,,,,,,,7.4,250,1806,4.3,250,1811,1.7,1497,50,15.4,35,1552,60.3,17.5,1000.7,1013.2,0757,1008.5,1743,1010.5,14.2,10.8,1200,3.43,24.38,,,,,,7.1,0.8,25.2,12.1,22.9,21.8,20.8,19.7,18.1,15.4,14.5,13.1,13.4,5.2,7.4,0.0,{햇무리}1150-1230. {채운}1255-1330. {햇무리}1450-1520. {연무}2350-{연무}{강도0}2400-,,2021,5,19,134,1,0,1,0
108,서울,2021-05-15,22.1,20.8,1911,26.2,1204,2.2,1338,5.8,1302,14.0,15.0,6.1,110,1110,3.6,110,1048,1.7,1432,50,18.0,56,1148,79.5,20.8,996.4,1009.3,0241,1003.9,1810,1006.2,14.2,0.5,1100,2.29,9.42,,,,,,9.8,5.6,22.9,17.7,22.7,21.9,21.3,20.5,19.0,15.7,14.6,13.2,13.4,1.6,2.3,33.1,{비}0255-{비}{강도0}0300-0550. -{연무}-{연무}{강도0}0300-0325. {박무}0320-{박무}{강도0}0600-0750. {연무}0945-1030. {비}1255-{비}{강도0}1500-{비}{강도0}1800-{비}{강도0}2100-{비}{강도0}2400- {박무}1320-{박무}{강도0}1500-{박무}{강도1}1800-{박무}{강도0}2100-{박무}{강도2}2400-,,2021,5,19,135,1,0,1,1
108,서울,2021-05-16,18.4,14.8,2345,20.8,0001,2.6,1912,11.3,1853,24.0,66.9,8.9,50,1730,4.4,180,0724,2.5,2164,50,17.9,94,1331,97.6,20.7,991.1,1004.3,0001,999.0,1627,1001.0,14.2,0.0,1300,0.53,3.05,,,,,,10.0,8.1,19.6,14.1,21.0,20.5,20.3,20.2,19.2,16.2,14.8,13.2,13.4,0.7,1.0,49.1,-{비}-{비}{강도0}0300-{비}{강도0}0600-{비}{강도1}0900-{비}{강도1}1200-{비}{강도0}1500-{비}{강도1}1800-{비}{강도0}2100-{비}{강도0}2400- -{박무}-{박무}{강도0}0300-0510. {박무}0625-{박무}{강도1}0900-{박무}{강도1}1200-{박무}{강도1}1500-{박무}{강도1}1800-{박무}{강도0}2100-2155.,,2021,5,19,136,1,0,0,1
108,서울,2021-05-17,15.3,14.2,0442,16.7,1815,0.4,1118,1.7,1115,13.83,3.1,5.3,50,0002,3.1,50,0002,1.6,1362,50,14.1,86,1919,93.0,16.1,997.0,1010.5,2335,1002.7,0012,1007.0,14.3,0.0,1000,0.6,5.21,,,,,,9.0,6.6,17.4,10.9,18.9,18.4,18.6,18.9,19.1,17.1,15.6,13.4,13.4,0.9,1.3,2.8,-{비}-0030. {비}0235-{비}{강도0}0300-0455. {안개비}0555-{안개비}{강도0}0600-{비}0810-{비}{강도0}0900-{안개비}1020-{비}1045-{비}{강도0}1200-{안개비}1435-{안개비}{강도0}1500-1655. {박무}0605-0735. {박무}1025-{박무}{강도0}1200-1205. {박무}1350-1445. {박무}1510-1605.,,2021,5,20,137,1,0,0,1
108,서울,2021-05-18,17.9,13.6,0403,24.5,1611,,,,,,,7.3,250,1659,4.5,270,1702,1.7,1509,270,11.8,45,2002,70.5,14.1,1000.5,1012.1,0817,1008.7,1620,1010.5,14.3,8.4,1100,3.74,24.12,,,,,,4.4,1.9,20.2,9.2,20.3,19.4,18.7,18.5,18.3,17.2,15.9,13.6,13.4,4.4,6.3,,{박무}0005-0035. {박무}0350-0450. {박무}0605-0750.,,2021,5,20,138,1,0,0,0
108,서울,2021-05-19,19.9,12.4,0557,26.6,1503,,,,,,,7.4,250,1539,4.4,250,1525,1.8,1553,270,9.1,31,1422,52.3,11.6,1001.8,1012.9,0703,1009.8,1832,1011.7,14.3,13.2,1200,3.66,29.93,,,,,,2.6,0.0,22.3,7.1,21.1,20.2,19.6,19.3,18.6,17.1,16.0,13.6,13.4,5.8,8.3,0.0,,,2021,5,20,139,1,0,1,0
108,서울,2021-05-20,18.7,15.6,2335,22.9,1252,0.3,2011,0.5,2219,11.15,0.9,13.0,110,1629,6.2,90,1610,2.5,2135,50,10.3,42,1331,59.8,12.6,995.2,1011.6,0001,1000.3,1848,1005.1,14.3,0.0,1100,1.19,6.8,,,,,,9.9,4.9,17.9,11.0,20.1,19.6,19.6,19.5,19.1,17.2,16.0,13.6,13.4,2.2,3.2,5.8,{비}0730-{비}{강도0}0900-0940. {비}1010-1150. {비}1301-1330. {비}1620-1755. {비}1845-{비}{강도0}2100-{비}{강도0}2400-,,2021,5,20,140,1,0,0,1
108,서울,2021-05-21,16.0,14.2,0637,18.2,1820,1.3,1444,2.0,1401,15.17,6.9,7.1,50,0012,4.2,50,0049,1.7,1503,290,13.6,73,1841,86.5,15.6,995.9,1010.0,2320,1000.7,0253,1005.9,14.4,0.9,1100,0.99,7.35,,,,,,9.5,6.5,17.4,13.3,19.0,18.4,18.4,18.6,18.6,17.3,16.1,13.6,13.5,1.5,2.2,2.2,{박무}0105-{박무}{강도0}0300-{박무}{강도0}0600-0655. -{비}-{비}{강도0}0300-{비}{강도0}0600-{비}{강도0}0900-{비}{강도0}1200-{비}{강도0}1500-1505. {비}2355-{비}{강도0}2400-,,2021,5,20,141,1,0,0,1
108,서울,2021-05-22,18.6,13.8,0531,23.8,1309,0.2,,0.2,,0.92,0.2,9.5,250,1505,6.2,270,1506,2.5,2161,250,12.3,43,1530,69.3,14.3,1000.8,1012.0,2245,1008.9,1654,1010.7,14.4,12.7,1200,3.48,28.69,,,,,,1.5,1.5,21.8,9.3,20.6,19.5,18.9,18.6,18.2,17.3,16.1,13.6,13.5,5.2,7.4,,-{비}-0005. {비}0115-0205. {박무}0250-{박무}{강도0}0300-{박무}{강도0}0600-0630.,,2021,5,20,142,1,0,0,1
108,서울,2021-05-23,19.5,14.3,0521,25.1,1328,,,,,,,7.9,270,2024,4.8,270,2028,1.7,1461,270,12.2,46,1319,64.4,14.2,1000.8,1013.0,0621,1008.6,1749,1010.8,14.4,6.0,1200,2.89,19.28,,,,,,6.9,2.0,21.0,9.1,21.0,20.3,19.8,19.5,18.8,17.2,16.2,13.7,13.5,3.7,5.3,,{박무}0210-{박무}{강도0}0300-{박무}{강도0}0600-0650.,,2021,5,20,143,1,0,1,0
108,서울,2021-05-24,19.4,16.4,0536,24.5,1525,,,,,,,9.2,270,1655,5.6,270,1441,2.7,2331,250,11.1,28,1558,61.0,13.3,997.9,1009.5,0001,1005.8,1629,1007.8,14.4,9.1,1200,3.57,26.9,,,,,,3.3,2.0,22.8,12.4,21.8,20.9,20.4,19.9,19.1,17.3,16.2,13.7,13.5,5.2,7.5,8.2,{황사}1540-{황사}{강도0}1800-{황사}{강도0}2100-{황사}{강도0}2400-,,2021,5,21,144,1,0,0,0
108,서울,2021-05-25,15.3,11.9,0854,19.3,1632,2.1,557,5.4,534,4.58,8.3,12.8,270,1450,7.4,250,1426,3.2,2763,250,10.0,37,1912,72.3,12.3,997.0,1010.2,2337,1005.2,0950,1007.0,14.5,6.4,1500,2.76,19.29,,,,,,5.3,4.9,17.9,7.5,20.1,19.6,19.8,19.9,19.5,17.5,16.3,13.8,13.5,3.5,5.0,0.1,-{황사}-{황사}{강도0}0300-{황사}{강도0}0600-0850. {비}0455-{비}{강도0}0600-{비}{강도0}0900-0930. {박무}0455-{박무}{강도1}0600-{박무}{강도0}0900-0915.,,2021,5,21,145,1,0,0,1
108,서울,2021-05-26,18.0,11.5,0513,23.0,1513,0.0,,0.0,,0.67,0.0,13.1,200,1451,6.5,200,1518,2.9,2463,200,8.9,31,1504,58.5,11.4,997.4,1010.9,0040,1004.5,1844,1007.3,14.5,5.3,1000,3.01,17.95,,,,,,7.6,3.0,18.8,6.6,19.5,18.9,18.8,19.0,19.0,17.6,16.4,13.8,13.5,4.1,5.8,7.9,{비}1730-{비}{강도0}1800-1810.,,2021,5,21,146,1,0,0,0
108,서울,2021-05-27,15.8,13.9,2301,18.7,1611,2.1,726,6.5,642,5.92,8.9,9.1,180,1644,5.2,230,1205,2.8,2457,200,12.8,52,0001,83.0,14.8,991.6,1005.2,2334,999.3,1112,1001.6,14.5,0.5,1500,1.38,5.08,,,,,,6.5,5.9,16.4,9.0,18.5,18.0,18.3,18.7,18.8,17.7,16.5,13.9,13.5,1.0,1.4,12.8,{비}0625-{비}{강도0}0900-{안개비}1030-{안개비}{강도0}1200-1220. {박무}0650-{박무}{강도1}0900-0950. {박무}1020-{박무}{강도0}1200-1440. {박무}2005-{박무}{강도0}2100-{박무}{강도0}2400-,,2021,5,21,147,1,0,0,1
108,서울,2021-05-28,15.3,12.4,0844,19.7,1556,1.7,505,4.7,502,7.83,12.3,10.2,250,1748,5.0,230,1728,2.6,2266,250,12.8,66,1648,86.0,14.8,990.6,1006.4,0542,996.6,1755,1000.6,14.5,1.9,1400,2.86,11.26,,,,,,8.6,7.6,17.4,7.9,17.9,17.2,17.2,17.7,18.1,17.6,16.6,13.9,13.5,2.3,3.3,0.5,{비}0245-{비}{강도0}0300-{비}{강도1}0600-{비}{강도0}0900-1035. -{박무}-{박무}{강도1}0300-{박무}{강도2}0600-{박무}{강도0}0900-0950.,,2021,5,21,148,1,0,0,1
108,서울,2021-05-29,15.4,12.8,2353,19.1,1017,0.2,,0.2,,8.42,0.3,7.3,230,0009,3.7,250,0049,2.2,1867,50,11.7,59,1252,79.8,13.8,996.7,1010.0,2239,1001.5,0001,1006.7,14.5,3.9,0900,2.17,10.45,,,,,,5.1,3.0,18.1,9.5,18.0,17.4,17.5,17.8,17.9,17.5,16.6,14.0,13.5,1.8,2.6,0.3,{비}1125-{비}{강도0}1200-{비}{강도0}1500-{비}{강도0}1800-1950.,,2021,5,21,149,1,0,0,1
108,서울,2021-05-30,18.4,10.8,0540,26.3,1603,4.0,2249,11.3,2249,4.0,18.1,16.0,270,1923,7.6,270,1931,2.1,1822,50,12.5,37,1614,73.0,14.6,998.9,1010.7,0606,1006.2,1646,1008.9,14.6,11.6,1200,3.72,29.45,,,,,,3.9,1.6,21.9,7.8,19.6,18.6,18.0,17.8,17.6,17.4,16.6,14.0,13.5,4.7,6.7,22.1,{박무}0330-0405. {비}1910-2030. {박무}1935-{박무}{강도0}2100-{박무}{강도1}2400- {비}2120-{소나기}2235-{시정(미만)}{1km}{소나기}2255-{시정(이상)}{1km}{소나기}2310-{소나기}{강도1}2400-,,2021,5,21,150,1,0,1,1
108,서울,2021-05-31,19.9,16.5,0417,23.8,1725,3.2,-2358,4.7,-2349,2.5,4.0,5.7,20,1619,3.5,50,1624,1.8,1587,50,15.9,63,1730,78.9,18.0,1001.1,1012.8,2346,1009.4,0148,1011.0,14.6,2.0,1500,1.76,12.52,,,,,,7.4,7.0,21.1,14.5,20.9,20.1,19.7,19.3,18.7,17.4,16.6,14.1,13.6,2.5,3.5,3.2,-{비}-{비}0130-0215. -{박무}-0240. {비}0315-0330. {박무}0510-{박무}{강도0}0600-0710.,,2021,5,22,151,1,0,0,1
108,서울,2021-06-01,20.2,15.9,0811,23.9,1311,1.3,754,2.3,712,4.42,3.2,9.0,290,0527,5.4,320,0533,2.2,1863,50,15.4,57,1322,74.6,17.5,1003.9,1016.5,0710,1011.5,0221,1013.8,14.6,1.9,1000,2.03,13.01,,,,,,8.1,2.1,21.1,13.9,21.2,20.5,20.1,19.7,19.0,17.5,16.8,14.2,13.6,2.7,3.9,0.0,{비}0433-0443. {비}0515-{비}{강도0}0600-0835. {박무}0755-0820. {비}1530-1625. {박무}2245-{박무}{강도0}2400-,,2021,6,22,152,0,0,0,1
108,서울,2021-06-02,23.2,16.6,0453,29.7,1531,,,,,,,8.2,290,1827,4.5,290,1718,2.1,1842,50,15.3,37,1506,64.4,17.4,1002.6,1014.9,0617,1009.8,1711,1012.4,14.6,11.9,1200,3.21,26.82,,,,,,3.4,1.1,25.0,12.6,22.9,21.9,20.9,20.3,19.3,17.7,16.8,14.3,13.6,5.4,7.7,,-{박무}-{박무}{강도0}0300-{박무}{강도0}0600-0725. {햇무리}1045-1130.,,2021,6,22,153,0,0,1,0
108,서울,2021-06-03,19.1,14.6,2335,22.7,1143,2.5,2024,5.1,1944,12.17,18.1,14.3,340,2039,7.5,320,2041,1.8,1526,270,15.6,59,1045,80.8,17.8,994.3,1011.0,0006,1000.5,1935,1004.2,14.6,0.2,0700,0.78,5.11,,,,,,9.6,5.8,20.4,12.9,21.9,21.3,21.2,21.0,20.2,17.9,16.9,14.3,13.6,1.3,1.8,18.1,{비}1040-1110. {비}1210-{비}{강도0}1500-{비}{강도0}1800-{비}{강도1}2100-2350. {박무}1330-{박무}{강도0}1500-{박무}{강도1}1800-2050.,,2021,6,22,154,0,0,0,1
108,서울,2021-06-04,18.5,13.3,0419,23.6,1530,,,,,,,10.4,230,1555,6.0,200,1556,2.9,2473,200,12.1,38,1555,69.4,14.1,991.7,1002.6,0122,1000.5,1519,1001.6,14.6,10.9,1200,3.65,29.01,,,,,,2.6,2.1,22.7,8.8,21.7,20.8,20.3,20.2,19.7,18.1,17.0,14.4,13.6,5.5,7.8,,,,2021,6,22,155,0,0,0,0
108,서울,2021-06-05,20.8,17.0,0359,25.7,1524,,,,,,,9.9,200,1805,5.5,180,1757,3.3,2815,200,14.4,40,1624,68.1,16.5,991.0,1003.5,2252,999.1,1609,1000.8,14.7,8.4,1200,3.48,23.11,,,,,,3.0,3.0,22.2,13.6,22.6,21.7,21.1,20.8,20.1,18.3,17.1,14.4,13.6,4.8,6.9,,{박무}2140-{박무}{강도0}2400-,,2021,6,22,156,0,0,1,0
108,서울,2021-06-06,23.0,18.4,0138,28.2,1529,,,,,,,7.0,230,0240,3.8,200,0249,2.2,1907,200,16.7,48,1539,69.6,19.1,996.7,1010.9,2301,1003.3,0014,1006.4,14.7,8.3,1200,3.27,23.46,,,,,,3.8,3.8,25.0,12.7,24.0,23.0,22.1,21.5,20.5,18.4,17.2,14.5,13.6,4.7,6.8,0.0,-{박무}-{박무}{강도0}0300-{박무}{강도0}0600-{박무}{강도0}0900-1040.,,2021,6,22,157,0,0,1,0
108,서울,2021-06-07,21.1,19.4,0353,24.0,1734,0.0,,0.0,,3.58,0.0,6.0,110,1010,3.3,140,1011,1.7,1495,180,15.7,57,1711,71.5,17.8,1003.8,1015.2,2332,1010.4,0007,1013.7,14.7,0.3,1600,0.93,7.02,,,,,,7.8,5.1,21.1,14.5,22.8,22.2,22.0,21.9,21.1,18.6,17.3,14.6,13.7,1.8,2.6,0.1,{비}0835-{비}{강도0}0900-1015. {비}1210-1335. {비}1455-{비}{강도0}1500-1525.,,2021,6,23,158,0,0,0,0
108,서울,2021-06-08,23.6,18.8,0533,29.5,1539,0.1,,0.1,,0.92,0.1,6.6,290,1652,3.6,250,1630,1.7,1453,50,17.3,43,1547,69.6,19.9,1005.1,1016.2,0720,1013.4,1754,1014.9,14.7,7.1,1000,2.9,21.25,,,,,,5.4,1.4,25.4,15.3,23.9,22.8,22.0,21.6,20.7,18.5,17.7,14.2,13.7,4.1,5.8,,{비}0420-0515.,,2021,6,23,159,0,0,1,1
108,서울,2021-06-09,25.8,19.5,0453,31.6,1525,,,,,,,5.7,90,1823,3.4,50,1824,1.6,1368,50,16.7,36,1323,59.1,19.0,1004.6,1016.3,1018,1012.3,1755,1014.3,14.7,9.9,1200,3.35,24.78,,,,,,3.4,0.6,26.5,15.3,25.3,24.3,23.3,22.6,21.3,18.7,17.8,14.2,13.7,5.1,7.3,,,,2021,6,23,160,0,0,1,0
108,서울,2021-06-10,24.9,20.5,2349,29.8,1441,2.0,2318,5.1,2257,6.67,6.1,9.0,200,1456,5.4,200,1500,2.2,1919,50,18.3,43,1350,68.5,21.1,1000.8,1013.5,0035,1007.9,2010,1010.6,14.7,1.3,1000,2.3,14.13,,,,,,8.5,4.9,25.5,17.5,25.5,24.6,24.0,23.4,22.1,18.9,17.9,14.2,13.7,3.3,4.7,10.7,{비}1720-{비}{강도0}1800-{비}{강도0}2100-{비}{강도1}2400- {박무}1855-{박무}{강도0}2100-2120. {박무}2250-{박무}{강도0}2400-,,2021,6,23,161,0,0,1,1
108,서울,2021-06-11,21.5,19.9,0050,24.4,1628,1.0,256,2.6,219,4.17,4.6,11.4,110,0132,5.7,180,0505,2.8,2460,230,18.7,70,1709,84.5,21.5,1000.1,1013.1,2243,1006.5,0137,1009.9,14.7,1.8,1000,1.44,10.08,,,,,,6.4,5.5,23.8,18.8,,,,,22.2,19.2,18.1,14.3,13.7,2.1,2.9,,-{박무}-0130. {박무}0220-{박무}{강도0}0300-0405. -{비}-{비}{강도0}0300-0410. {박무}2220-2310.,,2021,6,23,162,0,0,0,1
108,서울,2021-06-12,24.2,18.2,0444,30.2,1514,,,,,,,6.3,340,1731,3.9,320,1732,1.8,1576,270,18.8,49,1819,74.6,21.8,1001.7,1014.2,0716,1009.3,1852,1011.4,14.7,9.1,1200,3.42,26.92,,,,,,5.0,2.5,27.3,13.8,25.1,24.1,23.3,22.8,21.9,19.3,18.2,14.3,13.8,5.2,7.4,,{박무}0030-{박무}{강도0}0300-{박무}{강도0}0600-0740. {햇무리}1050-1410.,,2021,6,23,163,0,0,1,0
108,서울,2021-06-13,24.8,20.9,0513,29.7,1620,,,,,,,6.9,250,1500,4.3,250,1735,2.0,1756,250,19.3,54,1615,72.6,22.4,998.4,1010.8,0309,1005.6,1610,1008.1,14.7,10.2,1200,3.39,26.48,,,,,,3.5,0.5,27.9,16.6,26.5,25.6,24.8,24.0,22.6,19.5,18.4,14.4,13.8,5.2,7.4,,{햇무리}0650-0910.,,2021,6,23,164,0,0,1,0
108,서울,2021-06-14,24.8,18.9,0609,30.2,1452,,,,,,,5.9,270,1521,4.0,250,2042,2.1,1792,250,18.3,50,1307,68.8,21.0,995.7,1007.6,0615,1003.4,1758,1005.4,14.8,8.3,1000,2.86,22.29,,,,,,6.8,0.4,27.8,16.6,26.5,25.7,25.0,24.4,23.1,19.7,18.5,14.4,13.8,4.1,5.9,0.5,{박무}0540-{박무}{강도0}0600-0730. {연무}1535-1745.,,2021,6,24,165,0,0,1,0
108,서울,2021-06-15,22.5,21.5,0523,25.3,1751,0.3,1057,0.9,1018,7.92,1.9,7.7,50,2235,3.9,50,1701,2.3,1997,50,18.6,68,1803,79.1,21.5,994.5,1005.2,0002,1003.0,1643,1004.3,14.8,1.6,1700,1.37,7.61,,,,,,7.0,4.4,23.3,18.5,25.1,24.6,24.5,24.3,23.4,20.0,18.7,14.5,13.8,2.5,3.5,1.4,{비}0225-{비}{강도0}0300-0350. {박무}0405-{박무}{강도0}0600-{박무}{강도0}0900-1105. {비}0440-0520. {비}0740-{비}{강도0}0900-{비}{강도0}1200-1330.,,2021,6,24,166,0,0,1,1
108,서울,2021-06-16,24.3,20.3,0347,28.9,1622,,,,,,,11.5,50,0955,5.7,50,1118,3.6,3120,50,15.7,46,1540,59.9,17.9,995.5,1007.2,2203,1003.8,0224,1005.2,14.8,11.5,1200,3.23,27.3,,,,,,2.5,1.3,27.3,16.9,25.1,24.3,23.8,23.5,22.9,20.2,18.8,14.5,13.8,5.9,8.4,,,,2021,6,24,167,0,0,1,0
108,서울,2021-06-17,21.9,19.6,0439,25.0,1247,0.0,,0.0,,4.25,0.0,7.1,110,0057,3.6,50,0012,2.4,2072,50,16.3,58,1227,71.4,18.6,995.8,1007.7,0701,1004.2,2336,1005.6,14.8,0.3,1200,2.01,9.59,,,,,,9.4,4.5,23.4,17.7,24.4,23.8,23.8,23.7,23.0,20.3,19.0,14.6,13.9,2.0,2.9,5.2,{비}1510-1715. {비}2120-2330. {박무}2205-{박무}{강도0}2400-,,2021,6,24,168,0,0,1,0
108,서울,2021-06-18,20.0,19.0,0601,21.4,1711,0.5,620,1.7,553,12.0,6.3,7.2,200,0500,3.8,200,1520,2.5,2166,200,18.6,82,1732,92.1,21.4,991.5,1004.3,0002,999.8,1708,1001.3,14.8,0.0,1600,0.69,4.5,,,,,,9.8,8.3,21.6,18.4,23.3,22.8,22.8,22.9,22.7,20.4,19.2,14.6,13.9,1.1,1.6,1.1,{비}0140-{비}{강도0}0300-{비}{강도0}0600-{비}{강도0}0900-{비}{강도0}1200-1255. -{박무}-{박무}{강도0}0300-{박무}{강도1}0600-{박무}{강도1}0900-1150. {박무}1245-1405. {박무}2240-{박무}{강도0}2400- {안개비}2310-2355.,,2021,6,24,169,0,0,0,1
108,서울,2021-06-19,22.3,17.5,0550,27.4,1553,,,,,,,6.9,160,1200,3.7,270,1600,1.8,1518,270,17.0,49,1708,74.0,19.5,991.4,1002.2,2154,999.7,1527,1001.1,14.8,10.5,1300,3.49,26.47,,,,,,4.1,3.4,26.1,12.9,24.8,23.8,23.1,22.7,22.2,20.4,19.3,14.7,13.9,5.0,7.1,,-{박무}-{박무}{강도0}0300-{박무}{강도0}0600-{박무}{강도0}0900-0915.,,2021,6,24,170,0,0,1,0
108,서울,2021-06-20,22.9,17.6,0520,29.0,1319,,,,,,,12.7,270,1408,6.8,230,1354,2.8,2428,230,17.5,48,1239,73.3,20.0,990.9,1002.4,2320,999.0,1233,1000.6,14.8,10.7,1200,3.06,25.87,,,,,,3.1,2.8,26.9,12.0,25.2,24.4,23.9,23.5,22.6,20.4,19.4,14.8,13.9,4.9,7.0,,{박무}0040-{박무}{강도0}0300-0450. {박무}0550-{박무}{강도0}0600-0710. {박무}1855-{박무}{강도0}2100-{박무}{강도0}2400-,,2021,6,24,171,0,0,1,0
108,서울,2021-06-21,23.6,19.2,0511,28.5,1457,,,,,,,7.8,250,1555,4.6,270,1759,2.2,1943,270,16.6,45,1501,67.0,18.9,994.5,1006.8,2220,1002.2,0158,1004.2,14.8,11.1,1100,3.45,25.72,,,,,,3.3,2.4,28.1,15.0,26.1,25.2,24.6,24.1,23.1,20.5,19.5,14.8,13.9,5.3,7.6,0.0,-{박무}-{박무}{강도0}0300-{박무}{강도0}0600-0830.,,2021,6,25,172,0,0,1,0
108,서울,2021-06-22,22.8,19.7,0538,28.6,1347,0.0,,0.0,,2.08,0.0,15.0,180,1416,7.8,200,1423,2.1,1857,50,16.3,41,1352,67.9,18.6,998.3,1010.0,2307,1006.4,0008,1008.1,14.8,6.8,1200,2.87,20.23,,,,,,6.8,5.0,25.8,15.2,25.8,25.1,24.7,24.4,23.4,20.7,19.5,14.9,14.0,4.1,5.8,0.0,{비}0250-{비}{강도0}0300-0320. {소나기}1410-1450. {소나기}1815-1850. {소나기}2015-2035.,,2021,6,25,173,0,0,1,0
108,서울,2021-06-23,22.4,18.8,0528,27.9,1504,5.0,1538,7.5,1530,0.67,7.5,11.3,360,1541,6.0,50,1544,2.4,2048,50,16.5,49,1401,70.5,18.8,1000.4,1012.1,2339,1008.8,1514,1010.3,14.8,7.2,1200,2.69,19.49,,,,,,4.4,4.3,26.9,17.9,25.4,24.6,24.4,24.1,23.3,20.8,19.7,15.0,14.0,3.8,5.4,7.5,{소나기}1530-1610.,,2021,6,25,174,0,0,1,1
108,서울,2021-06-24,23.0,18.5,0443,28.0,1540,,,,,,,7.7,250,1638,4.4,270,1641,1.9,1671,50,17.2,51,1452,71.1,19.6,1001.2,1012.4,0707,1009.0,1708,1011.0,14.8,5.7,1000,2.1,17.8,,,,,,3.0,2.5,25.2,17.0,24.8,24.1,23.9,23.8,23.2,21.0,19.8,15.0,14.0,3.4,4.9,,,,2021,6,25,175,0,0,1,0
108,서울,2021-06-25,24.1,19.5,0551,29.5,1619,,,,,,,7.8,290,1825,4.7,290,1830,2.0,1720,270,17.7,48,1501,69.0,20.3,1000.7,1012.0,0636,1008.4,1617,1010.4,14.8,9.7,1300,3.29,24.74,,,,,,4.0,1.9,28.0,17.0,25.9,24.9,24.3,24.0,23.2,21.0,19.9,15.1,14.0,4.6,6.6,4.4,{박무}0210-{박무}{강도0}0300-{박무}{강도0}0600-0830.,,2021,6,25,176,0,0,1,0
108,서울,2021-06-26,22.8,19.9,0557,26.7,1549,0.7,342,2.6,339,11.42,4.5,5.9,20,1739,3.4,360,1632,1.8,1547,50,18.7,63,1541,78.5,21.6,1000.5,1011.9,0847,1009.0,1721,1010.3,14.8,2.3,1500,2.29,14.24,,,,,,7.3,4.0,25.0,18.6,25.6,24.9,24.7,24.5,23.9,21.1,20.0,15.1,14.1,3.1,4.4,0.1,{비}0120-{비}{강도0}0300-{비}{강도0}0600-0850. {박무}0330-{박무}{강도0}0600-0610. {박무}0805-0845. {비}0935-{비}{강도0}1200-1330.,,2021,6,25,177,0,0,1,1
108,서울,2021-06-27,24.5,19.8,0447,30.8,1511,11.7,1832,37.7,1824,3.42,38.2,14.3,180,1837,7.8,200,1841,2.0,1763,50,18.6,43,1640,72.1,21.4,997.3,1009.9,0001,1004.1,1711,1007.0,14.8,8.1,1400,3.12,22.48,,,,,,5.4,4.0,27.8,18.3,25.5,24.7,24.5,24.3,23.6,21.2,20.1,15.2,14.1,4.3,6.1,38.2,{소나기}1820-{시정(미만)}{1km}{소나기}1830-{시정(이상)}{1km}{소나기}1910-{비}1920-{비}{강도0}2100-2145.,,2021,6,25,178,0,0,1,1
108,서울,2021-06-28,23.7,21.0,0629,29.2,1447,0.1,,0.1,,1.67,0.1,7.7,50,1457,4.1,50,1504,1.9,1661,50,19.1,57,1450,76.4,22.1,995.4,1006.5,0640,1003.3,1745,1005.1,14.8,2.2,1200,3.07,13.52,,,,,,8.1,5.4,25.0,19.8,25.7,24.9,24.5,24.4,24.0,21.4,20.2,15.3,14.1,3.0,4.3,0.1,{비}0715-0750. {소나기}1525-1550. {소나기}1635-1650. {소나기}1810-1835.,,2021,6,26,179,0,0,1,1
108,서울,2021-06-29,23.9,21.3,0442,28.4,1531,3.8,1631,8.0,1614,1.67,8.0,6.5,200,1154,4.1,200,1155,1.8,1517,50,19.8,56,1523,78.6,23.0,995.6,1007.0,2316,1004.0,1536,1005.3,14.7,4.2,1400,2.15,14.1,,,,,,6.5,4.0,26.4,19.6,25.4,24.7,24.4,24.3,23.8,21.6,20.3,15.3,14.1,2.4,3.5,8.0,{소나기}1340-1355. {소나기}1610-1735. {박무}1650-1730. {박무}1810-1950. {박무}2310-{박무}{강도0}2400-,,2021,6,26,180,0,0,1,1
108,서울,2021-06-30,24.3,21.0,0405,28.8,1654,3.4,1209,6.0,1159,1.35,6.0,7.7,20,1154,3.6,50,1156,1.3,1134,20,20.0,55,1715,77.9,23.3,997.1,1008.1,0904,1005.3,1722,1006.8,14.7,4.0,1500,2.73,16.22,,,,,,6.1,2.1,26.3,19.3,25.7,24.9,24.5,24.3,23.8,21.6,20.4,15.4,14.1,3.4,4.8,6.0,-{박무}-{박무}{강도0}0300-{박무}{강도0}0600-{박무}{강도0}0900-1120. {소나기}1159-{소나기}{강도0}1200-1320.,,2021,6,26,181,0,0,1,1
108,서울,2021-07-01,26.3,21.4,0519,31.0,1525,,,,,,,6.8,360,1822,4.1,320,1645,1.8,1519,50,20.2,45,1338,70.9,23.7,996.8,1007.9,0713,1004.8,1730,1006.5,14.7,8.2,1200,2.84,20.59,,,,,,2.3,0.6,27.4,19.6,26.9,26.0,25.4,24.8,24.0,21.7,20.5,15.4,14.2,4.0,5.7,,{박무}0250-{박무}{강도0}0300-0340. {박무}0430-0520.,,2021,7,26,182,0,0,1,0
108,서울,2021-07-02,27.1,23.6,0538,31.8,1612,,,,,,,6.7,20,1519,3.5,50,1525,2.3,1984,50,19.5,47,1606,64.1,22.6,998.7,1010.3,2314,1007.1,0106,1008.3,14.7,7.4,1300,3.4,22.19,,,,,,5.8,1.9,27.2,21.2,27.6,26.7,25.9,25.4,24.4,21.8,20.6,15.5,14.2,5.2,7.4,,,,2021,7,26,183,0,0,1,0
108,서울,2021-07-03,22.6,19.6,2208,25.7,0001,4.0,1736,13.8,1656,9.42,60.0,12.9,50,1815,5.9,50,1945,3.6,3097,50,18.6,62,0955,80.0,21.5,996.3,1010.0,0001,1000.8,2343,1006.1,14.7,0.9,0900,1.87,7.51,,,,,,8.5,4.0,23.5,19.3,25.3,24.9,25.2,25.4,24.9,22.0,20.7,15.6,14.2,1.6,2.3,78.5,{비}1435-{비}{강도0}1500-{비}{강도1}1800-{비}{강도1}2100-{비}{강도1}2400- {박무}1550-{박무}{강도0}1800-{박무}{강도1}2100-{박무}{강도0}2400-,,2021,7,26,184,0,0,1,1
108,서울,2021-07-04,21.4,19.8,0001,23.1,1500,1.2,56,5.3,45,18.33,21.4,8.8,180,2214,4.9,200,1709,2.3,1988,70,20.8,91,2145,96.8,24.6,994.4,1009.8,2345,999.1,0147,1004.2,14.7,0.0,1200,0.36,2.69,,,,,,9.9,8.6,22.2,19.6,23.3,22.8,22.9,23.5,23.8,22.7,21.7,15.9,14.2,0.8,1.2,2.9,-{박무}-0230. -{비}-{비}{강도0}0300-{비}{강도0}0600-{비}{강도0}0900-{비}{강도0}1200-{비}{강도0}1500-{안개비}1640-{안개비}{강도0}1800-1820. {박무}0310-{박무}{강도1}0600-{박무}{강도1}0900-{박무}{강도1}1200-1420. {박무}1650-{박무}{강도0}1800-1855.,,2021,7,26,185,0,0,0,1
108,서울,2021-07-05,23.3,20.1,0328,26.9,1444,,,,,,,5.9,230,0023,3.5,200,0031,1.4,1182,290,19.5,64,1427,80.3,22.7,999.8,1011.0,0901,1008.0,1908,1009.6,14.7,0.9,1400,2.05,12.59,,,,,,8.9,5.6,24.6,19.5,24.6,23.7,23.3,23.3,23.2,22.5,22.0,16.8,14.3,2.5,3.6,,{햇무리}1150-1320.,,2021,7,27,186,0,0,1,0
108,서울,2021-07-06,25.3,21.0,0450,30.1,1437,,,,,,,5.5,250,1437,3.7,250,1458,1.6,1415,50,19.9,54,1347,73.4,23.3,997.2,1008.4,0001,1005.4,1344,1006.9,14.7,4.3,1200,2.97,19.15,,,,,,7.0,1.8,26.8,18.0,26.1,25.2,24.5,24.1,23.5,22.3,21.9,16.7,14.3,3.7,5.3,0.0,{박무}0155-{박무}{강도0}0300-{박무}{강도0}0600-0650. {연무}1530-1630.,,2021,7,27,187,0,0,1,0
108,서울,2021-07-07,26.4,23.9,0419,29.1,1441,8.5,2057,12.4,2025,4.67,12.7,5.4,160,1528,3.3,140,0957,1.5,1338,290,22.2,65,1340,78.5,26.8,997.1,1008.5,0920,1004.5,1855,1006.8,14.6,1.1,1000,2.11,11.81,,,,,,9.4,7.3,26.6,21.5,26.8,26.0,25.4,25.0,24.2,22.2,21.7,16.5,14.3,2.3,3.2,15.6,{박무}0330-{박무}{강도0}0600-0810. {비}0350-0455. {소나기}2025-{소나기}{강도1}2100-{시정(미만)}{1km}{소나기}2102-{시정(이상)}{1km}{소나기}2113-{비}2135-{비}{강도0}2400- {박무}2045-{박무}{강도2}2100-{박무}{강도0}2400-,,2021,7,27,188,0,0,1,1
108,서울,2021-07-08,26.0,23.8,0520,29.8,1451,1.0,27,2.7,2,2.0,2.9,7.5,270,1744,4.7,250,1831,2.0,1697,270,22.4,66,1443,81.6,27.1,995.2,1006.3,0947,1002.9,1703,1004.8,14.6,2.9,1000,2.72,14.1,,,,,,7.1,6.9,27.0,21.7,27.4,26.5,25.9,25.4,24.6,22.3,21.6,16.5,14.4,2.9,4.1,0.0,-{비}-0140. -{박무}-{박무}{강도1}0300-{박무}{강도0}0600-{박무}{강도0}0900-1030. {소나기}1359-1419.,,2021,7,27,189,0,0,1,1
108,서울,2021-07-09,25.5,23.6,0335,29.2,1530,0.0,,0.0,,0.25,0.0,7.1,250,1635,4.2,230,1826,1.9,1649,270,21.1,62,1536,77.3,25.0,995.5,1007.1,2357,1003.3,1513,1005.1,14.6,3.8,1400,2.36,14.49,,,,,,6.5,6.0,27.0,21.7,27.2,26.4,26.0,25.7,24.9,22.5,21.6,16.4,14.4,2.9,4.1,0.3,{비}0935-0945. {비}1140-1145.,,2021,7,27,190,0,0,1,0
108,서울,2021-07-10,25.9,23.1,0631,29.2,1340,0.2,,0.2,,2.8,0.5,9.9,270,1418,5.4,230,1442,2.4,2060,200,22.1,60,1343,80.4,26.6,997.5,1009.2,2231,1006.1,0314,1007.2,14.6,4.2,1200,2.81,17.4,,,,,,7.4,6.4,26.9,22.0,27.6,26.8,26.2,25.8,24.9,22.6,21.6,16.4,14.4,3.5,5.0,0.6,{비}0345-0410. {소나기}0502-0555. {소나기}0625-0635. {소나기}0705-0745. {박무}0920-1155. {비}0950-1030. {박무}2315-{박무}{강도0}2400-,,2021,7,27,191,0,0,1,1
108,서울,2021-07-11,25.7,24.1,0700,27.5,1552,0.3,640,0.4,612,5.17,0.4,8.2,230,1234,4.8,230,1242,2.2,1916,200,23.2,81,1355,86.8,28.5,999.9,1010.7,1035,1008.7,0414,1009.7,14.6,0.1,1300,1.2,7.53,,,,,,7.8,6.8,26.3,22.2,27.3,26.6,26.3,26.0,25.2,22.7,21.7,16.4,14.5,1.8,2.5,0.0,-{박무}-0145. {소나기}0535-{소나기}{강도0}0600-{안개비}0735-0840. {박무}0550-{박무}{강도0}0600-{박무}{강도0}0900-1110. {비}1045-{비}{강도0}1200-1250.,,2021,7,27,192,0,0,1,1
108,서울,2021-07-12,28.1,23.8,0557,32.5,1604,,,,,,,5.4,160,1704,3.1,160,1906,1.6,1366,50,23.0,58,1612,75.1,28.2,1000.0,1011.3,0750,1007.8,1828,1009.6,14.6,4.9,1300,3.32,19.1,,,,,,6.6,4.1,29.0,21.7,28.4,27.4,26.5,26.0,25.1,22.8,21.8,16.5,14.5,3.7,5.4,,,,2021,7,28,193,0,0,1,0
108,서울,2021-07-13,28.8,26.3,0429,31.5,1431,,,,,,,5.9,160,1003,3.7,290,1641,1.7,1432,50,24.0,62,1435,76.1,29.9,999.8,1010.6,2255,1008.6,1542,1009.4,14.6,1.4,1100,1.71,11.59,,,,,,6.8,4.8,28.5,23.6,28.8,28.0,27.4,26.9,25.8,22.9,21.8,16.5,14.5,2.8,4.0,,{박무}0350-0410.,,2021,7,28,194,0,0,1,0
108,서울,2021-07-14,29.7,26.1,0447,33.5,1508,,,,,,,7.6,200,1231,4.2,160,1055,2.2,1905,200,23.7,56,1537,71.4,29.4,1002.1,1013.5,2400,1010.3,1827,1011.7,14.5,7.1,1200,3.28,22.48,,,,,,7.0,2.0,30.6,22.8,29.8,28.8,27.8,27.2,26.0,23.1,21.9,16.5,14.6,4.8,6.8,0.0,,,2021,7,28,195,0,0,1,0
108,서울,2021-07-15,29.1,25.9,2344,34.5,1347,0.0,,0.0,,2.07,0.0,9.4,50,1800,4.6,250,1444,2.1,1789,50,23.1,51,1310,71.1,28.3,1004.5,1015.6,2233,1012.9,1545,1014.2,14.5,8.7,1200,2.93,22.77,,,,,,5.1,3.9,31.8,22.9,30.4,29.4,28.6,27.9,26.6,23.3,22.0,16.6,14.6,4.8,6.9,0.0,{소나기}0120-0135. {소나기}1610-1630. {소나기}1801-1930. {무지개}1925-2000.,,2021,7,28,196,0,0,1,0
108,서울,2021-07-16,28.8,24.2,0508,35.2,1538,,,,,,,16.5,360,1848,7.4,50,1855,2.2,1888,50,22.0,44,1554,68.4,26.6,1004.3,1016.2,0710,1010.8,1758,1014.0,14.5,10.5,1100,3.36,26.76,,,,,,3.5,2.9,32.5,21.6,30.4,29.5,28.8,28.2,26.9,23.5,22.1,16.6,14.6,5.8,8.3,,,,2021,7,28,197,0,0,1,0
108,서울,2021-07-17,29.1,24.7,0521,32.8,1557,0.0,,0.0,,0.17,0.0,8.5,90,1159,4.2,160,1350,2.3,1959,50,21.0,50,1338,63.1,24.9,1002.1,1013.8,0001,1009.3,1742,1011.7,14.5,8.9,1300,3.19,22.58,,,,,,4.8,3.1,32.4,21.6,30.4,29.5,28.9,28.4,27.3,23.8,22.2,16.7,14.7,5.1,7.4,0.0,{소나기}1815-1825.,,2021,7,28,198,0,0,1,0
108,서울,2021-07-18,29.6,25.7,0551,34.1,1546,,,,,,,7.6,160,2213,4.2,160,2217,2.1,1814,110,21.3,46,1552,62.5,25.4,1001.4,1012.2,2334,1009.1,1704,1011.0,14.5,8.4,1400,2.94,23.37,,,,,,5.6,3.5,33.1,22.5,30.6,29.7,29.0,28.5,27.3,24.0,22.4,16.7,14.7,5.1,7.3,,,,2021,7,28,199,0,0,1,0
108,서울,2021-07-19,26.4,24.0,1532,30.5,1134,26.6,1435,65.7,1406,5.0,67.4,8.5,290,1523,4.9,340,1439,1.9,1642,50,22.4,61,1045,80.1,27.1,1003.4,1014.6,2353,1011.6,0127,1013.2,14.4,3.1,0900,1.89,10.07,,,,,,6.9,5.3,28.0,21.9,27.4,27.9,27.5,27.7,27.5,24.2,22.5,16.8,14.7,2.1,3.1,67.4,{소나기}1310-1340. {소나기}1355-{시정(미만)}{1km}{소나기}1428-{시정(미만)}{0.5km}{소나기}1433-{시정(이상)}{0.5km}{소나기}1455-{소나기}{강도2}1500-{시정(이상)}{1km}{소나기}1501-{비}1620-1740. {무지개}1920-2010. {비}1940-2025.,,2021,7,29,200,0,0,1,1
108,서울,2021-07-20,27.9,23.6,0532,31.8,1159,0.0,,0.0,,0.83,0.0,6.0,230,1648,3.6,250,1651,1.5,1300,50,23.0,58,1205,75.8,28.0,1004.4,1015.4,0732,1012.7,1709,1014.1,14.4,3.4,1100,2.77,14.62,,,,,,7.6,1.6,28.9,21.2,28.1,27.4,27.1,27.0,26.3,25.4,23.6,17.1,14.8,3.2,4.5,0.0,{햇무리}1145-1220. {소나기}1515-1530. {소나기}1635-1710.,,2021,7,29,201,0,0,1,0
108,서울,2021-07-21,30.5,25.3,0556,35.3,1654,,,,,,,6.0,110,1406,3.0,140,1758,1.7,1431,50,22.3,40,1710,64.0,27.0,1002.9,1014.3,0650,1010.0,1717,1012.4,14.4,11.3,1200,2.76,24.1,,,,,,3.5,0.9,30.5,22.0,29.5,28.7,28.0,27.5,26.6,24.9,23.6,17.3,14.8,5.3,7.5,,,,2021,7,29,202,0,0,1,0
108,서울,2021-07-22,31.2,26.5,0621,35.9,1615,,,,,,,6.7,180,1100,3.7,50,1103,2.0,1733,50,21.9,37,1412,59.8,26.4,1000.9,1012.3,0022,1008.4,1824,1010.4,14.4,11.4,1200,3.59,27.69,,,,,,4.0,0.4,31.4,22.8,30.5,29.6,28.9,28.3,27.1,24.8,23.6,17.3,14.8,6.2,8.9,,,,2021,7,29,203,0,0,1,0
108,서울,2021-07-23,31.2,27.2,0541,35.8,1604,,,,,,,6.2,110,1410,3.6,160,1418,1.8,1531,70,22.7,42,1539,61.8,27.6,999.3,1010.7,0645,1006.7,1600,1008.8,14.3,12.4,1300,3.43,26.91,,,,,,2.3,1.1,32.2,22.7,31.3,30.4,29.6,29.0,27.7,24.8,23.5,17.3,14.9,6.0,8.6,,,,2021,7,29,204,0,0,1,0
108,서울,2021-07-24,31.7,26.9,0548,36.5,1508,,,,,,,7.0,160,1407,4.2,160,1407,1.7,1488,140,21.7,37,1509,57.4,26.1,998.2,1009.4,0712,1005.9,1606,1007.7,14.3,12.3,1300,3.46,27.78,,,,,,3.0,0.5,32.6,23.0,31.8,30.8,30.0,29.4,28.1,25.0,23.6,17.3,14.9,6.3,9.0,,,,2021,7,29,205,0,0,1,0
108,서울,2021-07-25,31.5,27.2,0542,35.9,1547,,,,,,,8.8,140,1036,4.4,160,1141,2.0,1746,140,21.3,40,1252,55.8,25.3,996.5,1007.7,0602,1003.9,1831,1006.0,14.3,13.0,1200,3.48,27.63,,,,,,4.9,1.6,34.2,22.3,31.9,31.0,30.3,29.7,28.4,25.1,23.6,17.4,14.9,6.5,9.3,,,,2021,7,29,206,0,0,1,0
108,서울,2021-07-26,31.2,27.4,0608,35.4,1521,,,,,,,7.3,110,1138,4.3,160,1608,2.4,2047,90,20.8,40,1431,54.9,24.5,994.6,1005.9,0001,1002.2,1725,1004.0,14.3,13.2,1200,3.58,29.3,,,,,,1.6,0.9,35.3,24.4,32.3,31.3,30.5,29.9,28.6,25.3,23.7,17.4,15.0,7.0,9.9,,,,2021,7,30,207,0,0,1,0
108,서울,2021-07-27,31.1,27.8,0601,35.7,1520,,,,,,,7.8,290,1756,4.6,250,1657,2.1,1797,50,22.4,43,1542,60.5,27.1,992.9,1004.0,0001,1000.2,1604,1002.3,14.2,7.3,1100,2.22,17.22,,,,,,3.9,3.9,33.3,24.8,31.4,30.8,30.3,29.9,28.9,25.5,23.8,17.5,15.0,4.3,6.1,,,,2021,7,30,208,0,0,1,0
108,서울,2021-07-28,30.4,27.1,0600,34.7,1456,0.0,,0.0,,1.33,0.0,7.2,270,1643,4.9,250,1645,1.9,1613,50,23.4,52,1459,67.4,28.8,992.5,1003.5,0653,1000.4,1603,1002.0,14.2,6.5,1100,2.89,16.37,,,,,,3.8,2.5,33.5,24.9,31.1,30.4,29.9,29.6,28.7,25.7,24.0,17.5,15.0,3.5,5.0,0.0,{소나기}1345-1410. {소나기}1525-1620.,,2021,7,30,209,0,0,1,0
108,서울,2021-07-29,29.6,27.0,0529,33.3,1303,,,,,,,6.8,290,1658,3.9,270,1701,2.0,1705,270,23.3,57,1422,69.9,28.6,991.9,1003.1,0801,999.9,1625,1001.4,14.2,2.2,1200,2.35,14.86,,,,,,6.8,2.0,31.3,24.0,30.8,30.0,29.5,29.3,28.6,25.8,24.1,17.6,15.1,3.7,5.3,,,,2021,7,30,210,0,0,1,0
108,서울,2021-07-30,30.5,25.8,0559,35.4,1406,,,,,,,7.6,110,1449,4.1,140,1449,2.1,1784,140,22.3,44,1503,63.1,26.9,990.5,1001.5,0410,997.8,1702,999.9,14.2,7.7,1200,3.41,21.86,,,,,,6.5,5.0,33.5,22.5,31.2,30.2,29.6,29.2,28.4,25.8,24.2,17.6,15.1,5.0,7.2,3.0,,,2021,7,30,211,0,0,1,0
108,서울,2021-07-31,29.8,26.8,0538,34.3,1457,2.4,251,2.4,201,2.75,3.0,6.9,180,1509,4.3,270,1855,2.5,2156,200,23.4,52,1557,69.9,28.8,990.6,1001.1,0654,998.5,1611,1000.1,14.1,7.7,1300,3.27,21.19,,,,,,6.9,4.4,31.6,25.0,31.6,30.7,30.0,29.5,28.7,25.9,24.3,17.7,15.2,4.6,6.5,0.0,{비}0105-{비}{강도0}0300-0350.,,2021,7,30,212,0,0,1,1
108,서울,2021-08-01,27.1,25.1,2345,28.8,1237,7.3,1917,8.7,1909,13.42,21.0,8.3,140,1923,4.7,160,1924,1.3,1126,360,23.6,71,0001,81.8,29.2,991.0,1001.9,2231,998.7,1529,1000.5,14.1,0.0,1100,1.31,6.56,,,,,,9.8,5.3,28.3,24.2,29.3,29.0,29.1,29.1,28.7,26.0,24.4,17.8,15.2,1.3,1.9,22.7,{비}0525-0540. {비}0610-0635. {비}0750-0820. {비}0920-1120. {박무}0940-1105. {비}1210-{비}{강도0}1500-1620. {비}1730-1750. {비}1815-{비}{강도1}2100-{비}{강도0}2400- {박무}1950-{박무}{강도1}2100-2150. {박무}2210-2310.,,2021,8,30,213,0,0,1,1
108,서울,2021-08-02,26.5,25.0,0017,28.6,1725,0.4,752,1.4,743,6.92,1.7,5.6,200,0946,3.4,200,0955,1.6,1362,200,23.2,69,1703,82.6,28.4,993.6,1005.7,2350,1000.9,0146,1003.2,14.1,0.6,1400,1.37,8.42,,,,,,9.0,6.6,27.8,23.6,28.7,28.1,28.1,28.2,28.1,26.0,24.5,17.9,15.2,2.0,2.9,0.0,-{비}-0020. {비}0350-0415. {비}0505-{비}{강도0}0600-{비}{강도0}0900-0930. {박무}0750-0845. {비}1150-{비}{강도0}1200-1335.,,2021,8,31,214,0,0,1,1
108,서울,2021-08-03,28.0,24.1,0538,31.4,1441,0.0,,0.0,,0.35,0.0,9.7,160,1556,5.5,160,1559,1.8,1512,50,23.4,60,1722,76.9,28.8,997.7,1009.2,2338,1005.4,0052,1007.3,14.0,4.3,1400,2.02,13.25,,,,,,6.1,4.8,29.0,22.3,28.8,28.2,27.9,27.9,27.7,26.0,24.6,17.9,15.3,2.8,4.0,0.0,{소나기}1604-1625.,,2021,8,31,215,0,0,1,0
108,서울,2021-08-04,28.9,26.3,0532,33.2,1426,,,,,,,7.6,250,1849,4.3,180,1453,2.0,1743,200,22.8,51,1445,70.6,27.7,998.8,1009.7,0727,1006.6,1551,1008.4,14.0,6.1,1300,2.82,19.55,,,,,,5.9,2.0,29.9,23.3,30.0,29.2,28.6,28.3,27.7,25.9,24.6,18.0,15.3,4.4,6.4,,,,2021,8,31,216,0,0,1,0
108,서울,2021-08-05,29.4,25.6,0407,33.7,1511,,,,,,,7.1,290,1827,4.1,290,1655,2.1,1775,270,22.6,53,1454,68.1,27.5,996.4,1008.4,0001,1003.8,1723,1005.9,14.0,8.9,1200,2.66,20.51,,,,,,4.6,4.4,30.7,22.5,30.0,29.3,28.9,28.6,28.0,25.9,24.7,18.1,15.3,4.5,6.4,,,,2021,8,31,217,0,0,1,0
108,서울,2021-08-06,28.1,26.0,2332,32.2,1304,,,,,,,16.4,290,1424,8.3,320,1427,2.1,1842,50,21.5,57,1157,68.4,25.7,994.0,1005.2,0001,1001.0,1905,1003.6,13.9,6.3,1400,2.91,18.13,,,,,,7.4,3.5,33.8,23.3,29.7,29.2,28.9,28.7,28.1,25.9,24.7,18.2,15.4,4.0,5.7,,,,2021,8,31,218,0,0,1,0
108,서울,2021-08-07,28.0,23.4,0547,32.3,1616,,,,,,,6.5,290,1533,4.0,340,1756,2.1,1792,270,20.4,48,1755,65.0,24.0,993.5,1004.0,0814,1001.4,1735,1003.1,13.9,11.3,1400,2.86,23.48,,,,,,3.3,0.3,35.3,19.2,29.6,29.0,28.6,28.5,28.0,26.0,24.7,18.2,15.4,4.8,6.8,,,,2021,8,31,219,0,0,1,0
108,서울,2021-08-08,26.8,24.4,0607,32.1,1324,7.8,1529,11.6,1522,4.58,12.7,9.5,50,1608,4.3,50,2246,1.7,1506,50,21.7,57,1326,74.8,26.1,993.4,1004.0,0745,1001.7,1458,1003.0,13.9,2.0,1000,2.35,11.91,,,,,,8.1,2.3,28.9,20.4,28.9,28.4,28.3,28.4,28.0,26.0,24.8,18.3,15.5,2.9,4.2,12.7,{소나기}1455-{소나기}{강도0}1500-{비}1725-{비}{강도0}1800-1930.,,2021,8,31,220,0,0,1,1
108,서울,2021-08-09,28.3,23.3,0455,33.6,1530,,,,,,,8.3,20,1921,4.8,340,1714,2.3,2018,50,20.0,42,1509,62.4,23.4,993.6,1005.5,2357,1001.4,1546,1003.1,13.8,8.6,1200,3.3,24.73,,,,,,5.6,5.3,31.7,19.9,28.7,28.1,27.8,27.8,27.5,26.0,24.8,18.4,15.5,5.8,8.4,,,,2021,8,32,221,0,0,1,0
108,서울,2021-08-10,27.7,24.3,0549,32.2,1528,,,,,,,8.7,200,1431,4.4,200,1436,2.3,2025,70,19.7,46,1555,62.5,22.9,997.5,1009.6,2304,1005.4,0001,1007.1,13.8,8.5,1400,2.53,20.07,,,,,,4.5,2.5,31.1,21.2,29.1,28.5,28.2,28.1,27.7,25.9,24.8,18.5,15.5,4.1,5.9,0.0,,,2021,8,32,222,0,0,1,0
108,서울,2021-08-11,27.4,24.1,0630,31.6,1624,0.0,,0.0,,1.25,0.0,6.4,320,2054,3.9,320,2054,2.0,1768,50,21.3,49,1630,70.3,25.4,1000.1,1011.5,1022,1008.1,1729,1009.8,13.8,5.3,1100,2.29,16.55,,,,,,5.8,2.4,31.5,20.6,28.8,28.2,28.0,28.0,27.6,25.9,24.9,18.5,15.6,3.8,5.5,,{비}0715-0830.,,2021,8,32,223,0,0,1,0
108,서울,2021-08-12,26.8,24.0,2305,31.7,1432,0.0,,0.0,,1.08,0.0,12.9,110,1748,4.6,110,1751,1.8,1559,50,19.9,52,1759,67.1,23.3,999.6,1011.0,0823,1007.5,1559,1009.2,13.7,4.4,1100,2.76,14.8,,,,,,5.9,2.1,29.6,20.0,28.7,28.1,28.0,27.9,27.5,25.9,24.9,18.6,15.6,3.3,4.7,0.0,{비}1805-1910.,,2021,8,32,224,0,0,1,0
108,서울,2021-08-13,26.6,23.4,0201,30.1,1620,,,,,,,6.4,70,1431,3.5,50,1432,2.0,1715,50,20.6,57,1501,70.4,24.2,996.7,1008.1,0119,1004.5,1741,1006.3,13.7,1.7,1400,1.83,12.03,,,,,,8.0,0.3,28.8,19.7,27.9,27.4,27.4,27.5,27.4,25.8,24.9,18.7,15.7,2.9,4.1,,,,2021,8,32,225,0,0,1,0
108,서울,2021-08-14,26.1,23.4,0603,30.5,1449,,,,,,,10.2,50,2036,4.8,50,2039,3.0,2576,50,18.5,51,1427,63.9,21.4,998.3,1011.4,2345,1005.7,0230,1007.9,13.7,4.5,1300,2.5,15.6,,,,,,6.5,2.1,29.6,21.1,27.9,27.4,27.2,27.4,27.1,25.8,24.9,18.7,15.7,4.3,6.1,,,,2021,8,32,226,0,0,1,0
108,서울,2021-08-15,26.9,21.7,0457,32.4,1614,,,,,,,7.0,70,1252,3.7,50,1255,2.3,1984,50,18.0,41,1638,59.6,20.7,1003.6,1015.1,2354,1011.3,0013,1013.4,13.6,10.2,1300,3.24,23.31,,,,,,1.8,1.8,30.6,18.8,28.3,27.6,27.3,27.2,27.0,25.7,24.9,18.8,15.7,5.3,7.6,,,,2021,8,32,227,0,0,1,0
108,서울,2021-08-16,27.3,22.5,0611,32.8,1627,0.0,,0.0,,0.92,0.0,6.9,70,0449,3.7,160,1825,2.3,2007,50,18.8,39,1603,61.1,21.7,1004.0,1016.1,0647,1011.2,1617,1013.7,13.6,10.4,1200,3.1,23.19,,,,,,3.8,2.9,33.6,20.5,28.9,28.2,27.8,27.6,27.2,25.7,24.9,18.8,15.8,5.2,7.4,0.0,{소나기}1945-2015. {소나기}2130-2155.,,2021,8,33,228,0,0,1,0
108,서울,2021-08-17,25.9,21.9,2357,31.3,1347,1.2,1957,5.3,1944,4.67,9.3,9.6,110,1731,4.6,70,1722,2.4,2107,50,18.3,46,1411,65.0,21.1,1000.2,1013.2,0002,1006.6,1702,1009.9,13.5,5.8,1100,3.14,17.49,,,,,,5.5,4.4,30.6,20.3,28.5,28.1,27.9,27.8,27.4,25.7,24.9,18.9,15.8,3.7,5.3,13.8,{소나기}1755-{소나기}{강도0}1800-{소나기}{강도1}2100-2235. {박무}1930-{박무}{강도0}2100-2120.,,2021,8,33,229,0,0,1,1
108,서울,2021-08-18,24.3,20.6,0806,31.0,1511,1.3,742,2.9,713,3.97,5.6,9.7,70,1835,5.4,50,1838,2.8,2452,50,18.0,48,1502,69.6,20.7,1000.4,1012.0,0934,1008.2,1551,1010.2,13.5,5.8,1200,3.33,17.87,,,,,,5.3,3.9,25.1,18.7,26.9,26.5,26.7,27.0,27.2,25.7,24.9,19.0,15.9,4.5,6.4,1.1,{비}0445-0455. {소나기}0702-{소나기}{강도0}0900-1050.,,2021,8,33,230,0,0,1,1
108,서울,2021-08-19,26.0,21.0,0429,31.5,1533,,,,,,,8.6,110,1911,4.0,50,0417,2.6,2231,50,16.6,42,1519,57.1,18.8,1001.6,1012.4,1040,1009.8,1521,1011.3,13.5,8.6,1100,3.1,20.95,,,,,,4.0,3.8,29.1,18.4,26.8,26.3,26.3,26.5,26.7,25.7,24.9,19.0,15.9,4.9,7.0,0.0,,,2021,8,33,231,0,0,1,0
108,서울,2021-08-20,26.6,22.6,0609,30.7,1641,0.0,,0.0,,0.58,0.0,10.3,160,2303,5.1,140,2308,2.3,1997,50,18.9,50,1631,63.6,21.9,1001.4,1012.6,0636,1009.1,1724,1011.0,13.5,5.5,1000,2.64,17.21,,,,,,6.9,4.1,28.9,20.5,27.5,27.0,26.8,26.9,26.6,25.6,24.9,19.1,15.9,3.7,5.3,0.8,{소나기}0330-0345. {소나기}2255-2315.,,2021,8,33,232,0,0,1,0
108,서울,2021-08-21,23.8,21.0,1312,25.5,1600,11.9,1252,27.9,1219,11.33,62.8,11.4,290,1254,6.7,290,1302,2.7,2323,50,21.5,76,0552,88.1,25.7,993.1,1009.8,0001,996.8,1237,1002.8,13.4,1.0,1400,2.45,6.31,,,,,,8.8,5.8,25.7,20.7,25.9,25.6,25.9,26.4,26.8,25.5,24.9,19.1,16.0,1.3,1.9,62.0,{비}0620-{비}{강도0}0900-{비}{강도1}1200-1350. {박무}0915-{박무}{강도2}1200-{시정(미만)}{1km}{안개}1256-{시정(이상)}{1km}{박무}1312-1345. {비}1615-{비}{강도0}1800-1845. {비}1925-2045. {박무}1940-2010.,0.27,2021,8,33,233,0,0,1,1
108,서울,2021-08-22,24.4,22.4,0524,27.0,1319,0.0,,0.0,,1.0,0.0,8.3,230,1200,4.4,230,1020,2.1,1824,250,20.9,63,1327,81.5,24.7,998.3,1010.5,2357,1004.9,0001,1008.0,13.4,0.7,1200,2.03,8.64,,,,,,8.6,3.5,24.7,19.3,25.9,25.4,25.2,25.6,25.8,25.5,24.9,19.2,16.0,1.9,2.7,,{비}0040-0140. {햇무리}1150-1225.,,2021,8,33,234,0,0,1,0
108,서울,2021-08-23,22.4,21.0,2132,24.0,1124,0.5,1849,2.0,1823,11.33,7.4,7.9,90,1940,3.3,90,1837,2.0,1752,50,20.5,78,1135,89.3,24.1,998.7,1011.0,0208,1003.3,2347,1008.4,13.3,0.0,1100,0.52,3.81,,,,,,9.5,4.9,22.9,18.8,24.9,24.6,24.8,25.3,25.7,25.3,24.9,19.2,16.1,0.9,1.3,8.2,{박무}0150-{박무}{강도0}0300-0450. {비}1135-{비}{강도0}1200-{비}{강도0}1500-{비}{강도0}1800-{비}{강도0}2100-2150. {박무}1250-{박무}{강도0}1500-1550. {박무}1840-1920. {비}2225-2330.,,2021,8,34,235,0,0,0,1
108,서울,2021-08-24,23.4,21.1,0001,26.4,1524,1.3,1336,2.8,1215,12.58,10.5,10.5,200,1907,6.1,200,1733,2.9,2529,50,22.3,89,0109,93.6,27.0,989.8,1004.1,2400,996.5,1302,999.5,13.3,0.0,1000,0.79,4.58,,,,,,10.0,7.3,24.0,20.4,24.7,24.3,24.3,24.7,25.2,25.1,24.8,19.3,16.1,1.0,1.4,10.0,{비}0235-{비}{강도0}0300-0540. {비}0640-0755. {비}0850-{비}{강도0}0900-0950. {비}1125-{비}{강도0}1200-1355. {박무}1230-1350. {비}1450-{비}{강도0}1500-1655. {비}1805-2045. {박무}1810-2015.,,2021,8,34,236,0,0,1,1
108,서울,2021-08-25,25.0,23.5,0603,27.3,1502,0.2,,0.3,150,4.25,0.3,6.8,140,1207,3.8,160,1729,1.8,1548,160,22.2,73,1529,85.5,26.8,996.4,1009.1,2358,1003.9,0119,1006.0,13.3,0.7,1400,1.75,8.96,,,,,,8.4,5.4,26.7,20.0,25.9,25.3,25.0,25.0,25.1,24.9,24.7,19.3,16.2,1.9,2.7,0.0,{비}0150-{비}{강도0}0300-0320. {박무}0605-0710. {비}0705-0750. {비}1005-1040. {비}1155-{비}{강도0}1200-1320.,,2021,8,34,237,0,0,1,1
108,서울,2021-08-26,25.5,22.9,0523,27.9,1442,0.7,1526,0.7,1520,1.17,0.7,8.7,180,1610,5.0,180,1401,2.5,2118,230,22.7,75,1440,84.9,27.6,1001.8,1012.8,2005,1008.9,0020,1011.5,13.2,0.2,1400,1.36,8.07,,,,,,8.1,5.1,25.9,20.4,26.2,25.5,25.3,25.4,25.3,24.8,24.7,19.4,16.2,1.7,2.5,0.8,{비}1520-1540. {비}1835-1925. {박무}2010-{박무}{강도0}2100-{박무}{강도0}2400-,,2021,8,34,238,0,0,1,1
108,서울,2021-08-27,22.4,20.4,2317,25.5,0001,0.3,1400,0.7,1318,10.38,0.9,4.9,250,0826,3.2,250,0827,1.3,1111,290,19.4,67,0836,83.5,22.6,1003.2,1014.4,2343,1011.7,1530,1013.1,13.2,0.0,1200,0.44,3.01,,,,,,9.1,4.0,23.1,17.6,25.3,25.0,25.1,25.4,25.5,24.8,24.6,19.4,16.2,0.9,1.3,0.8,-{박무}-0030. {박무}0110-{박무}{강도0}0300-0505. {비}0550-{비}{강도0}0600-{비}{강도0}0900-1125. {비}1310-{비}{강도0}1500-1547. {비}1624-{비}{강도0}1800-1835.,,2021,8,34,239,0,0,1,1
108,서울,2021-08-28,23.6,19.7,0615,28.2,1443,,,,,,,7.3,270,1620,3.9,270,1628,1.8,1568,270,19.8,57,1506,80.4,23.1,1004.2,1015.5,0652,1012.7,1833,1014.0,13.1,3.8,1100,2.61,15.44,,,,,,8.4,4.1,25.1,17.1,25.3,24.7,24.5,24.7,25.0,24.7,24.6,19.4,16.3,2.9,4.1,0.9,{박무}0035-0210.,,2021,8,34,240,0,0,1,0
108,서울,2021-08-29,23.7,21.9,0752,26.3,1640,0.5,126,0.7,122,3.17,0.9,5.6,340,0636,3.4,320,0639,1.6,1379,270,20.4,65,1744,82.6,24.0,1004.0,1015.5,2341,1012.6,1528,1013.8,13.1,1.0,1100,1.87,9.6,,,,,,8.6,4.4,24.3,19.1,25.6,25.2,25.1,25.2,25.1,24.6,24.5,19.5,16.3,1.9,2.7,,{비}0055-0235. {박무}0215-{박무}{강도0}0300-{박무}{강도0}0600-0650. {비}0425-0515. {비}0615-0655. {박무}0820-{박무}{강도0}0900-0910.,,2021,8,34,241,0,0,1,1
108,서울,2021-08-30,24.2,21.2,0605,27.7,1543,0.0,,0.0,,1.17,0.0,4.5,270,1950,2.9,250,1935,1.4,1242,270,19.8,57,1447,77.5,23.1,1005.9,1016.8,0935,1014.4,1549,1015.7,13.1,1.1,1300,1.78,12.46,,,,,,8.3,5.6,25.3,19.0,25.7,25.1,24.9,25.1,25.1,24.5,24.4,19.5,16.3,2.4,3.4,0.1,{비}1040-1055. {비}1225-1320.,,2021,8,35,242,0,0,1,0
108,서울,2021-08-31,20.5,18.1,1810,23.1,0001,4.4,2230,12.4,1356,16.55,77.4,9.3,70,1707,4.9,70,1710,2.3,1949,50,19.2,77,0022,93.3,22.3,1004.6,1016.4,0645,1010.5,2354,1014.5,13.0,0.0,0900,0.4,2.39,,,,,,9.9,6.0,21.2,17.8,23.6,23.5,24.1,24.7,25.1,24.5,24.4,19.5,16.4,0.7,1.0,78.1,{비}0727-{비}{강도0}0900-{비}{강도0}1200-{비}{강도1}1500-{비}{강도1}1800-{비}{강도1}2100-{비}{강도1}2400- {박무}1110-{박무}{강도0}1200-{박무}{강도1}1500-{박무}{강도1}1800-{박무}{강도0}2100-{박무}{강도0}2400-,,2021,8,35,243,0,0,0,1
108,서울,2021-09-01,21.4,18.5,0121,23.9,1525,0.7,1,3.1,-2331,4.08,0.8,9.1,50,1431,4.7,50,1436,2.9,2547,50,18.2,71,2147,83.1,21.0,999.7,1010.8,2312,1008.0,0503,1009.5,13.0,0.0,1300,1.26,7.24,,,,,,9.3,7.5,22.4,18.5,22.5,22.1,22.2,22.9,23.7,24.5,24.8,20.5,16.4,1.9,2.7,0.0,-{박무}-0020. -{비}-0040. {비}0645-{비}{강도0}0900-1010.,,2021,9,35,244,0,0,0,1
108,서울,2021-09-02,23.5,20.7,0551,26.7,1359,,,,,,,6.4,50,0905,3.4,70,0754,2.1,1843,50,17.6,56,1404,70.3,20.2,999.9,1011.6,1017,1007.8,1651,1009.7,13.0,1.4,1200,2.27,13.24,,,,,,8.3,7.3,24.4,18.2,24.1,23.5,23.2,23.4,23.6,24.2,24.7,20.7,16.5,3.0,4.3,,,,2021,9,35,245,0,0,1,0
108,서울,2021-09-03,24.3,20.6,0455,29.2,1543,,,,,,,7.6,50,2317,4.0,50,1137,2.4,2104,70,15.6,38,1445,60.3,17.8,999.8,1012.4,2346,1007.9,1551,1009.5,12.9,11.2,1200,3.3,24.64,,,,,,1.9,1.9,26.7,18.3,25.2,24.5,24.2,24.1,23.9,24.0,24.5,20.4,16.5,5.3,7.6,,,,2021,9,35,246,0,0,1,0
108,서울,2021-09-04,23.2,18.5,0548,28.6,1505,,,,,,,7.2,50,1857,3.7,70,1014,2.7,2298,50,14.0,45,1326,57.0,16.0,1005.3,1017.4,2354,1012.4,0001,1015.1,12.9,9.3,1200,3.13,20.58,,,,,,4.4,0.5,25.7,16.1,24.7,24.2,24.2,24.4,24.3,23.9,24.3,20.2,16.6,4.7,6.8,,{햇무리}1340-1515.,,2021,9,35,247,0,0,1,0
108,서울,2021-09-05,23.1,19.4,0458,27.3,1311,,,,,,,10.3,90,1227,4.9,50,1656,3.2,2763,50,15.1,51,1253,61.1,17.2,1008.4,1020.1,2315,1016.8,1527,1018.2,12.8,4.6,1200,2.88,15.83,,,,,,5.8,1.6,23.8,16.8,24.3,23.9,23.9,24.2,24.3,23.9,24.2,20.1,16.6,4.0,5.7,,,,2021,9,35,248,0,0,1,0
108,서울,2021-09-06,22.3,18.0,2345,26.4,1252,1.2,2014,4.0,2138,9.17,12.0,11.7,70,1108,5.5,70,0952,3.2,2789,70,16.2,51,1219,70.1,18.5,1006.1,1020.0,0001,1013.0,1818,1016.0,12.8,2.4,1100,2.12,12.02,,,,,,8.9,3.4,23.2,17.2,23.9,23.5,23.7,24.0,24.2,23.8,24.1,20.1,16.7,2.6,3.7,23.7,{비}1450-{비}{강도0}1500-{비}{강도0}1800-{비}{강도1}2100-{비}{강도0}2400- {박무}1955-2050. {박무}2150-{박무}{강도0}2400-,,2021,9,36,249,0,0,1,1
108,서울,2021-09-07,19.6,17.6,0112,20.9,1629,2.4,919,6.6,852,22.58,29.6,8.5,70,0049,4.4,50,0105,2.3,1964,50,19.2,94,0001,98.1,22.3,997.9,1013.9,0001,1005.2,1633,1007.8,12.8,0.0,1200,0.27,1.8,,,,,,10.0,7.8,20.4,17.1,22.2,21.9,22.4,23.1,23.8,23.8,24.0,20.0,16.7,0.6,0.8,19.5,-{비}-{비}{강도0}0300-{비}{강도0}0600-{비}{강도0}0900-{비}{강도0}1200-{비}{강도0}1500-1555. -{박무}-{박무}{강도1}0300-0530. {박무}0855-{박무}{강도0}0900-{박무}{강도1}1200-1310. {박무}1425-{박무}{강도0}1500-1515. {비}1720-{비}{강도0}1800-{비}{강도0}2100-{안개비}2110-{안개비}{강도0}2400- {박무}1815-{박무}{강도0}2100-{박무}{강도0}2400-,,2021,9,36,250,0,0,0,1
108,서울,2021-09-08,22.2,19.0,0543,26.9,1428,0.3,231,0.7,149,6.67,1.6,6.8,270,1410,4.2,270,1614,1.7,1450,270,18.5,58,1420,81.3,21.3,1000.5,1013.3,2358,1007.2,0001,1010.3,12.7,7.1,1100,2.81,18.18,,,,,,4.5,4.5,23.7,15.0,23.8,23.2,22.8,23.0,23.2,23.6,23.9,20.0,16.7,3.3,4.8,,-{안개비}-{안개비}{강도0}0300-{안개비}{강도0}0600-0640. -{박무}-{박무}{강도0}0300-{박무}{강도0}0600-0610.,,2021,9,36,251,0,0,1,1
108,서울,2021-09-09,23.5,19.1,0432,29.1,1610,,,,,,,4.6,50,1041,3.0,20,1008,1.5,1277,20,18.7,47,1501,76.5,21.7,1003.6,1014.7,0659,1011.8,1534,1013.4,12.7,8.0,1300,3.01,18.9,,,,,,6.5,1.5,25.5,14.7,24.5,23.9,23.6,23.6,23.5,23.5,23.9,20.1,16.8,3.3,4.7,,,,2021,9,36,252,0,0,1,0
108,서울,2021-09-10,23.6,19.5,0615,28.9,1423,,,,,,,7.4,290,1712,4.3,290,1715,1.9,1684,20,18.8,49,1427,76.0,21.7,1003.2,1014.0,0852,1011.1,1534,1013.0,12.6,6.4,1200,3.01,16.96,,,,,,3.9,2.1,25.6,14.9,25.0,24.4,24.1,24.1,23.9,23.4,23.8,20.1,16.8,3.5,4.9,,,,2021,9,36,253,0,0,1,0
108,서울,2021-09-11,24.0,19.9,0619,29.4,1449,,,,,,,9.2,360,1833,5.6,320,1842,1.7,1459,20,18.5,49,1453,73.1,21.3,1002.7,1014.3,0720,1010.3,1515,1012.5,12.6,8.7,1300,3.02,19.54,,,,,,2.0,2.0,25.8,15.5,25.3,24.6,24.4,24.4,24.1,23.4,23.7,20.1,16.9,4.0,5.7,,,,2021,9,36,254,0,0,1,0
108,서울,2021-09-12,24.2,19.2,0624,29.8,1557,,,,,,,6.8,290,1409,4.4,320,1230,1.8,1581,270,16.8,41,1609,64.6,19.1,1003.2,1015.3,2341,1010.8,0113,1013.0,12.6,10.2,1200,3.12,22.15,,,,,,1.9,1.5,26.4,15.4,25.3,24.7,24.5,24.6,24.2,23.5,23.7,20.1,16.9,4.8,6.8,,,,2021,9,36,255,0,0,1,0
108,서울,2021-09-13,24.8,20.8,0610,30.3,1504,,,,,,,6.9,50,1232,3.9,50,1118,2.4,2065,50,18.1,49,1638,67.1,20.8,1006.4,1017.7,0950,1014.5,1602,1016.2,12.5,6.1,1200,3.17,17.61,,,,,,6.9,1.3,26.9,15.5,25.4,24.8,24.6,24.6,24.4,23.5,23.6,20.0,16.9,3.9,5.5,,,,2021,9,37,256,0,0,1,0
108,서울,2021-09-14,24.6,20.0,0615,29.5,1626,,,,,,,10.0,50,2338,5.6,50,2346,2.6,2264,50,16.6,41,1554,63.3,18.9,1005.4,1016.9,0131,1013.3,1552,1015.2,12.5,10.3,1200,3.23,21.88,,,,,,2.4,0.0,27.8,14.4,25.4,24.9,24.8,24.8,24.5,23.6,23.6,20.0,17.0,5.4,7.7,,,,2021,9,37,257,0,0,1,0
108,서울,2021-09-15,23.6,19.5,0620,28.9,1442,,,,,,,11.7,20,1148,5.9,50,1847,3.6,3129,70,14.5,44,1402,57.5,16.5,1006.2,1017.2,2126,1014.2,1544,1016.0,12.4,11.4,1200,3.15,22.62,,,,,,0.6,0.6,27.0,14.0,25.0,24.6,24.6,24.7,24.5,23.6,23.6,20.0,17.0,5.4,7.8,,,,2021,9,37,258,0,0,1,0
108,서울,2021-09-16,22.9,18.0,0551,27.3,1323,,,,,,,8.6,50,0911,4.6,50,0913,2.6,2213,50,14.7,46,1335,61.1,16.8,1002.8,1016.3,0001,1010.1,1607,1012.6,12.4,9.1,1100,3.06,20.18,,,,,,5.1,0.0,26.6,12.6,24.5,24.1,24.1,24.4,24.4,23.6,23.6,20.0,17.0,4.1,5.8,,,,2021,9,37,259,0,0,1,0
108,서울,2021-09-17,23.5,20.5,0658,28.2,1506,,,,,,,12.2,70,1301,5.8,70,1306,3.0,2567,50,15.5,45,1558,61.4,17.6,999.7,1011.9,2339,1006.7,1502,1009.5,12.4,6.6,1300,3.01,18.05,,,,,,3.8,2.1,27.6,15.1,24.9,24.4,24.2,24.4,24.3,23.7,23.6,20.0,17.1,4.5,6.5,,{채운}0710-0720.,,2021,9,37,260,0,0,1,0
108,서울,2021-09-18,23.9,18.9,0653,29.8,1529,,,,,,,6.4,270,2013,4.0,290,2017,1.6,1401,50,16.6,44,1535,65.1,19.0,1004.4,1016.2,2337,1011.9,0001,1014.2,12.3,8.8,1200,2.89,19.77,,,,,,2.3,1.8,29.4,13.3,24.8,24.3,24.2,24.4,24.3,23.6,23.6,20.0,17.1,4.0,5.7,,,,2021,9,37,261,0,0,1,0
108,서울,2021-09-19,23.7,20.8,2356,27.8,1513,,,,,,,5.0,70,1729,3.0,160,1039,1.9,1669,50,16.0,49,1533,62.9,18.3,1005.6,1017.0,0759,1014.0,1647,1015.4,12.3,2.8,1000,2.31,13.97,,,,,,6.3,4.8,26.8,14.3,25.1,24.6,24.5,24.6,24.4,23.7,23.6,20.0,17.1,3.2,4.6,,,,2021,9,37,262,0,0,1,0
108,서울,2021-09-20,23.7,19.0,0603,28.4,1523,,,,,,,12.5,110,1654,6.2,140,1658,2.7,2293,90,16.2,48,1624,63.6,18.4,1000.8,1015.1,0008,1006.5,2357,1010.5,12.3,10.3,1200,2.95,19.86,,,,,,5.9,0.9,29.0,14.1,24.6,24.2,24.1,24.3,24.3,23.7,23.6,20.0,17.2,4.1,5.9,40.6,,,2021,9,38,263,0,0,1,0
108,서울,2021-09-21,22.0,17.4,2353,26.2,1446,7.5,2333,27.1,2312,9.58,68.1,11.9,320,2220,7.1,320,2245,2.9,2504,180,19.2,59,1628,85.1,22.3,995.1,1006.9,0051,1003.4,1454,1004.9,12.2,4.3,1400,2.48,11.84,,,,,,8.0,7.0,23.9,16.4,24.2,23.8,23.8,24.1,24.2,23.7,23.6,20.0,17.2,2.5,3.6,32.0,{비}0025-{비}{강도0}0300-{비}{강도1}0600-0725. {박무}0040-{박무}{강도0}0300-{박무}{강도2}0600-0725. {비}0850-{비}{강도0}0900-0920. {비}1010-1055. {비}2240-{시정(미만)}{1km}{비}2341-{시정(이상)}{1km}{비}2346-{비}{강도2}2400- {박무}2315-{박무}{강도0}2400-,,2021,9,38,264,0,0,1,1
108,서울,2021-09-22,20.2,16.8,0436,24.3,1524,1.9,5,4.2,1,2.0,4.5,11.7,230,1229,6.2,270,1444,2.7,2320,250,16.1,56,1634,79.0,18.4,998.5,1012.8,2354,1005.6,0251,1008.4,12.2,6.5,1500,1.86,14.89,,,,,,4.1,3.9,22.0,12.3,22.6,22.3,22.6,23.2,23.6,23.7,23.7,20.0,17.2,3.1,4.5,0.0,-{박무}-0055. -{비}-0130. {비}0735-0745. {비}1245-1305.,,2021,9,38,265,0,0,0,1
108,서울,2021-09-23,20.9,16.9,0300,25.9,1617,,,,,,,10.9,320,1205,6.5,320,1214,2.4,2084,270,14.2,48,1618,67.3,16.2,1006.6,1019.5,2326,1012.7,0001,1016.6,12.1,8.0,1200,2.91,18.01,,,,,,3.4,2.6,22.7,11.9,22.4,22.1,22.3,22.8,23.3,23.6,23.8,20.1,17.3,3.6,5.2,,,,2021,9,38,266,0,0,1,0
108,서울,2021-09-24,21.8,16.7,0619,26.9,1529,,,,,,,6.9,50,1459,3.8,50,2159,2.2,1903,50,15.2,46,1502,67.5,17.2,1012.3,1024.1,2343,1019.5,0001,1022.3,12.1,9.9,1100,2.54,18.34,,,,,,1.5,0.6,23.1,12.1,22.7,22.3,22.4,22.8,23.1,23.4,23.7,20.1,17.3,3.7,5.3,,,,2021,9,38,267,0,0,1,0
108,서울,2021-09-25,21.2,18.7,0427,23.1,1607,,,,,,,6.4,50,1213,3.5,50,1152,2.3,1961,50,16.0,66,1153,72.6,18.2,1013.1,1025.3,0932,1021.7,1502,1023.1,12.1,0.0,1100,1.14,7.2,,,,,,8.6,5.3,21.1,14.3,22.6,22.3,22.4,22.9,23.1,23.3,23.7,20.1,17.3,1.9,2.7,,{달무리}0355-0530.,,2021,9,38,268,0,0,0,0
108,서울,2021-09-26,22.6,18.4,0645,27.3,1535,,,,,,,7.2,70,2158,3.6,50,2125,2.3,1957,70,15.0,50,1255,63.0,17.1,1010.4,1022.7,0001,1018.3,1554,1020.3,12.0,8.3,1200,2.7,18.13,,,,,,6.8,2.6,23.9,14.6,23.2,22.6,22.5,22.8,23.0,23.2,23.6,20.1,17.4,3.8,5.4,,{햇무리}1350-1515.,,2021,9,38,269,0,0,1,0
108,서울,2021-09-27,21.6,18.7,0544,25.0,1208,0.0,,0.0,,5.67,0.0,6.6,50,0636,3.7,140,1258,2.4,2040,70,14.8,52,1214,66.0,16.9,1005.8,1019.0,0001,1014.0,1756,1015.7,12.0,2.2,1100,2.86,11.36,,,,,,8.3,5.4,21.6,16.1,23.1,22.7,22.8,23.0,23.1,23.1,23.5,20.1,17.4,2.6,3.7,0.0,{비}1310-1320. {비}1355-{비}{강도0}1500-{비}{강도0}1800-1840. {비}1940-2010. {비}2310-2325.,,2021,9,39,270,0,0,1,0
108,서울,2021-09-28,21.5,19.6,0410,24.4,1247,0.3,2000,0.7,2100,9.28,1.3,6.3,110,1535,3.7,140,1814,2.2,1887,50,16.6,54,1349,75.1,19.0,1002.6,1014.8,0124,1010.2,2353,1012.5,11.9,0.7,1100,2.0,9.29,,,,,,9.8,6.3,22.5,17.2,23.2,22.8,22.7,23.0,23.1,23.1,23.5,20.1,17.4,1.9,2.7,9.0,{비}0105-{비}{강도0}0300-0335. {비}0835-{비}{강도0}0900-0920. {비}1608-1620. {비}1705-{비}{강도0}1800-1830. {비}1935-{비}{강도0}2100-{비}{강도0}2400- {박무}2120-{박무}{강도0}2400-,,2021,9,39,271,0,0,0,1
108,서울,2021-09-29,20.2,17.8,2400,21.4,1132,1.6,522,5.0,847,12.25,13.1,9.4,230,0856,4.4,230,0903,1.7,1496,50,19.0,87,1600,93.5,22.0,997.9,1010.2,0001,1006.2,1352,1007.8,11.9,0.0,1400,0.53,2.85,,,,,,7.6,5.3,21.1,13.6,22.8,22.4,22.5,22.9,23.1,23.0,23.4,20.1,17.4,0.7,1.0,5.4,-{비}-0050. -{박무}-0140. {비}0435-{비}{강도0}0600-{비}{강도1}0900-1110. {박무}0455-{박무}{강도0}0600-{박무}{강도1}0900-1030. {비}1140-{비}{강도0}1200-1345. {비}1455-{비}{강도0}1500-1740.,,2021,9,39,272,0,0,0,1
108,서울,2021-09-30,20.3,16.0,0609,25.9,1506,,,,,,,5.2,290,1426,3.3,270,1439,1.5,1312,20,17.3,62,1520,83.9,19.7,999.2,1010.5,0911,1007.5,1558,1009.1,11.8,7.4,1200,2.88,17.2,,,,,,2.0,2.0,22.2,12.0,22.4,22.0,22.0,22.4,22.8,23.0,23.4,20.1,17.5,3.0,4.3,,{박무}0535-{박무}{강도0}0600-0835.,,2021,9,39,273,0,0,1,0
108,서울,2021-10-01,21.1,16.9,0605,27.5,1416,8.5,2202,12.7,2153,2.17,13.3,20.9,320,2212,10.6,290,2216,2.4,2075,270,16.1,42,1506,75.8,18.3,998.8,1012.7,2205,1006.7,1449,1008.6,11.8,9.3,1200,2.7,18.42,,,,,,2.9,2.4,22.9,12.1,22.6,22.2,22.2,22.5,22.7,22.9,23.3,20.1,17.5,3.6,5.1,13.3,{비}2145-2355.,,2021,10,39,274,0,0,1,1
108,서울,2021-10-02,20.7,16.4,0540,26.6,1516,,,,,,,5.7,50,0018,3.3,250,1654,1.6,1391,20,16.1,50,1620,77.1,18.3,1003.6,1016.7,2333,1009.5,0038,1013.5,11.8,8.1,1300,2.63,16.92,,,,,,4.0,3.4,23.2,13.6,22.6,22.2,22.2,22.5,22.6,22.8,23.2,20.1,17.5,3.2,4.5,,,,2021,10,39,275,0,0,1,0
108,서울,2021-10-03,22.3,17.1,0552,28.8,1447,,,,,,,7.3,180,1617,4.5,180,1457,1.9,1659,50,15.8,40,1456,69.5,18.0,1008.4,1020.0,0937,1016.7,0001,1018.3,11.7,8.4,1200,2.73,17.47,,,,,,2.0,0.0,22.9,12.2,22.8,22.4,22.3,22.6,22.7,22.7,23.2,20.1,17.5,3.6,5.2,,{박무}0135-{박무}{강도0}0300-{박무}{강도0}0600-0840.,,2021,10,39,276,0,0,1,0
108,서울,2021-10-04,22.9,19.2,0223,25.6,1509,1.1,1751,3.5,1714,6.17,3.6,13.7,180,1405,6.1,200,1951,2.9,2526,200,19.4,71,0001,81.0,22.7,1009.2,1020.4,0632,1017.4,1511,1019.1,11.7,0.0,1300,0.61,2.97,,,,,,9.5,6.6,21.7,13.5,22.6,22.1,22.2,22.5,22.7,22.7,23.1,20.1,17.6,1.4,2.0,3.6,{비}1155-{비}{강도0}1200-1350. {비}1705-{비}{강도0}1800-{비}{강도0}2100-2120. {박무}1725-{박무}{강도1}1800-1820.,,2021,10,40,277,0,0,1,1
108,서울,2021-10-05,23.6,21.7,2338,26.5,1335,0.0,,0.0,,2.92,0.0,11.5,180,1203,6.2,180,1354,3.3,2815,200,20.3,65,1344,82.4,23.9,1010.1,1020.8,0848,1018.9,1437,1020.0,11.7,1.5,1300,2.0,8.11,,,,,,8.1,7.9,23.2,20.8,23.8,23.1,22.8,22.8,22.7,22.6,23.1,20.1,17.6,1.8,2.6,4.2,{비}1730-{비}{강도0}1800-2025.,,2021,10,40,278,0,0,1,0
108,서울,2021-10-06,18.8,17.9,0829,21.7,0001,0.6,759,2.0,735,11.92,6.4,7.2,70,1659,4.3,50,1627,2.8,2448,50,17.3,83,2141,91.5,19.7,1009.5,1022.1,0851,1017.2,1749,1019.5,11.6,1.2,1600,0.76,3.26,,,,,,9.0,6.5,20.2,16.4,22.4,22.1,22.4,22.8,23.0,22.6,23.0,20.1,17.6,0.6,0.9,6.8,{비}0250-{비}{강도0}0300-{비}{강도0}0600-{비}{강도0}0900-{비}{강도0}1200-{안개비}1415-1445. {박무}0340-{박무}{강도0}0600-{박무}{강도0}0900-{박무}{강도1}1200-1405.,,2021,10,40,279,0,0,0,1
108,서울,2021-10-07,19.4,17.9,2353,21.9,1345,1.2,524,3.8,505,6.08,4.6,6.1,250,1426,4.0,250,1433,1.9,1670,270,16.8,74,1454,85.5,19.2,1006.7,1018.5,2123,1015.5,0611,1016.7,11.6,0.0,1300,1.09,4.86,,,,,,9.4,3.9,20.6,15.2,22.0,21.5,21.6,22.1,22.5,22.6,23.0,20.1,17.6,1.1,1.6,0.0,{비}0010-0035. {비}0125-0225. {비}0405-{비}{강도1}0600-0710. {박무}0505-{박무}{강도1}0600-0715. {비}1055-{비}{강도0}1200-1230.,,2021,10,40,280,0,0,0,1
108,서울,2021-10-08,18.8,17.5,0117,20.0,1359,0.3,1041,0.9,1044,8.58,3.5,5.5,50,2225,2.9,50,2136,1.7,1511,50,17.3,85,0002,91.3,19.7,1010.9,1023.0,2343,1018.0,0001,1020.9,11.5,0.0,0900,0.4,2.8,,,,,,9.5,5.8,19.8,15.1,21.3,21.0,21.2,21.8,22.3,22.5,23.0,20.1,17.7,0.8,1.1,3.8,{비}0815-0840. {비}0920-{비}{강도0}1200-{비}{강도0}1500-1730. {박무}1035-{박무}{강도0}1200-{박무}{강도0}1500-1710.,,2021,10,40,281,0,0,0,1
108,서울,2021-10-09,20.9,18.5,0339,24.1,1632,0.2,,0.3,635,3.5,0.4,6.8,50,1029,3.7,50,1038,2.3,2024,50,17.9,72,1635,83.5,20.5,1011.8,1023.8,0748,1019.7,1729,1021.8,11.5,1.9,1000,1.01,7.05,,,,,,6.8,4.5,20.5,16.4,21.6,21.2,21.1,21.6,22.0,22.4,22.9,20.0,17.7,1.5,2.1,0.1,{비}0610-{비}{강도0}0900-0940.,,2021,10,40,282,0,0,0,1
108,서울,2021-10-10,19.9,14.9,2357,24.3,1209,1.4,1236,4.4,1237,13.33,14.2,8.6,320,2053,4.7,250,1228,2.2,1882,270,17.9,80,1133,89.0,20.7,1007.9,1020.7,2340,1015.7,1414,1017.9,11.5,0.0,0900,0.65,3.12,,,,,,9.8,7.4,20.6,14.3,21.8,21.4,21.4,21.8,22.0,22.3,22.9,20.0,17.7,0.9,1.3,14.5,{비}0650-0825. {비}1049-1059. {비}1225-{비}{강도0}1500-{비}{강도0}1800-{비}{강도0}2100-{비}{강도0}2400- {박무}1250-{박무}{강도1}1500-1620. {박무}2155-2250.,,2021,10,40,283,0,0,0,1
108,서울,2021-10-11,15.2,12.6,0646,17.8,1614,0.2,,0.3,-2331,4.83,0.3,9.5,290,0134,6.0,320,0137,2.2,1889,50,11.4,67,1152,78.6,13.5,1011.4,1022.9,2145,1020.1,0123,1021.6,11.4,1.7,0900,1.58,8.47,,,,,,8.3,7.0,18.0,12.3,19.9,19.7,20.3,21.1,21.8,22.2,22.8,20.0,17.7,1.7,2.5,,-{비}-{비}{강도0}0300-0340. {비}0450-0530. {비}0625-0635. {비}0720-0740.,,2021,10,41,284,0,0,0,1
108,서울,2021-10-12,17.9,15.8,0130,21.3,1556,,,,,,,10.6,110,1322,5.9,70,1055,3.3,2886,70,11.5,53,1602,67.1,13.6,1014.8,1026.5,2216,1022.4,0048,1024.9,11.4,3.0,1000,1.79,11.55,,,,,,6.9,5.6,18.2,13.1,19.7,19.4,19.7,20.4,21.2,22.1,22.7,20.0,17.7,2.8,4.0,,,,2021,10,41,285,0,0,0,0
108,서울,2021-10-13,19.6,14.9,0445,25.2,1555,,,,,,,8.3,70,1116,4.1,70,0950,2.4,2056,50,13.0,52,1344,66.6,15.1,1013.5,1026.3,0001,1021.2,1708,1023.6,11.3,9.0,1200,2.7,17.28,,,,,,2.1,2.1,19.3,11.0,19.8,19.4,19.6,20.2,20.9,21.9,22.7,20.0,17.8,3.1,4.5,,,,2021,10,41,286,0,0,1,0
108,서울,2021-10-14,19.7,17.4,0659,23.9,1444,,,,,,,6.9,180,1407,4.2,270,1941,2.0,1743,270,14.6,54,1455,73.6,16.6,1009.2,1021.9,0001,1017.2,1437,1019.2,11.3,6.1,1300,2.0,12.85,,,,,,5.8,5.4,20.9,13.8,20.8,20.4,20.4,20.7,21.0,21.7,22.6,20.1,17.8,2.6,3.7,0.0,{달코로나}2000-2120.,,2021,10,41,287,0,0,0,0
108,서울,2021-10-15,19.0,17.0,0637,21.4,1356,0.0,,0.0,,7.83,0.0,5.8,360,1248,3.8,320,0350,2.1,1855,340,14.2,58,2157,74.4,16.2,1008.2,1019.7,2356,1016.9,1438,1018.2,11.3,0.7,1200,1.53,7.21,,,,,,9.6,4.4,20.1,15.9,20.8,20.4,20.5,20.9,21.1,21.6,22.5,20.0,17.8,2.1,3.0,0.0,{비}0310-0340. {비}0355-0555. {비}0755-{비}{강도0}0900-1140. {비}2225-{비}{강도0}2400-,,2021,10,41,288,0,0,0,0
108,서울,2021-10-16,10.7,4.2,2327,18.1,0001,0.0,,0.0,,2.17,0.0,11.9,320,1703,5.7,290,1311,3.4,2908,290,-0.3,31,1350,47.5,6.5,1013.0,1028.7,2251,1019.2,0258,1023.4,11.2,1.5,1200,1.67,8.78,,,,,,6.1,3.5,13.8,1.0,18.2,18.4,19.3,20.2,21.0,21.5,22.4,20.0,17.8,2.6,3.7,,-{비}-0210.,,2021,10,41,289,0,0,0,0
108,서울,2021-10-17,5.6,1.3,0657,10.8,1548,,,,,,,11.5,320,0629,7.1,320,0648,2.9,2488,270,-8.1,25,1330,37.4,3.4,1017.7,1031.0,0801,1026.0,1657,1028.4,11.2,10.3,1200,2.76,18.7,,,,,,0.0,0.0,10.5,-1.3,13.9,14.2,15.6,17.5,19.6,21.4,22.3,20.0,17.8,3.1,4.4,,,,2021,10,41,290,0,0,0,0
108,서울,2021-10-18,9.6,2.8,0453,16.1,1347,1.3,2341,4.8,2331,4.08,5.6,6.2,180,1550,3.6,200,1551,2.0,1758,50,1.9,36,0008,60.4,7.5,1012.9,1027.4,0001,1020.3,1759,1023.4,11.1,4.3,1200,2.63,12.08,,,,,,6.6,6.1,11.7,-3.1,13.9,13.7,14.6,16.1,18.2,21.1,22.2,20.0,17.9,2.0,2.8,10.0,{비}1915-{비}{강도0}2100-2215. {박무}2010-{박무}{강도0}2100-{박무}{강도2}2400- {비}2255-{비}{강도0}2400-,,2021,10,42,291,0,0,0,1
108,서울,2021-10-19,10.9,7.1,2359,15.0,1336,1.0,-2356,3.1,1,2.75,4.4,9.5,250,1556,5.4,270,1600,2.4,2104,270,5.8,47,1518,72.8,9.5,1009.3,1022.4,2359,1017.7,1405,1019.7,11.1,6.5,1200,2.47,13.34,,,,,,4.0,4.0,13.9,4.1,15.1,14.9,15.4,16.4,17.8,20.6,22.0,20.0,17.9,2.2,3.2,,-{비}-0245. -{박무}-{박무}{강도1}0300-{박무}{강도1}0600-{박무}{강도0}0900-1030.,,2021,10,42,292,0,0,0,1
108,서울,2021-10-20,9.5,4.6,0612,15.8,1515,,,,,,,5.9,250,1822,3.7,250,1824,1.7,1485,270,2.7,35,1453,64.9,7.5,1011.0,1023.6,0843,1019.2,1638,1021.5,11.1,10.0,1200,2.56,16.7,,,,,,0.3,0.3,12.7,-0.1,14.0,13.9,14.6,15.9,17.5,20.2,21.8,20.0,17.9,2.6,3.7,,,,2021,10,42,293,0,0,0,0
108,서울,2021-10-21,9.8,4.9,0658,16.2,1511,,,,,,,5.9,320,1812,3.6,320,1756,1.7,1432,20,2.9,40,1352,64.1,7.5,1009.7,1021.8,0922,1018.3,1556,1020.1,11.0,4.0,1400,1.43,5.13,,,,,,3.3,0.1,12.2,0.5,13.7,13.6,14.3,15.4,17.0,19.8,21.6,19.9,17.9,1.1,1.5,,,,2021,10,42,294,0,0,0,0
108,서울,2021-10-22,10.8,5.2,0658,17.2,1543,,,,,,,9.4,290,1409,4.9,320,1500,1.8,1590,290,2.3,33,1453,58.4,7.2,1012.2,1026.1,2345,1020.3,0001,1022.6,11.0,10.0,1200,2.58,16.45,,,,,,0.8,0.3,12.5,-0.6,13.5,13.4,14.0,15.1,16.7,19.5,21.4,19.9,17.9,3.0,4.3,,,,2021,10,42,295,0,0,0,0
108,서울,2021-10-23,11.4,5.7,0716,18.4,1408,,,,,,,5.7,320,1544,3.4,200,1313,1.6,1404,270,2.6,30,1500,57.3,7.4,1017.7,1029.6,0921,1026.0,0001,1028.1,11.0,9.6,1200,2.53,16.25,,,,,,0.3,0.0,12.5,0.0,13.6,13.4,14.0,15.0,16.4,19.2,21.2,19.9,17.9,2.9,4.2,,,,2021,10,42,296,0,0,0,0
108,서울,2021-10-24,11.4,6.0,0713,18.1,1522,,,,,,,6.6,340,1356,3.2,290,1301,1.7,1480,20,4.1,38,1447,63.1,8.2,1015.9,1029.1,0847,1023.8,1629,1026.3,10.9,9.9,1200,2.49,15.97,,,,,,0.3,0.1,12.4,0.4,13.6,13.3,13.9,14.9,16.2,18.9,20.9,19.9,17.9,2.5,3.5,,,,2021,10,42,297,0,0,0,0
108,서울,2021-10-25,11.7,6.3,0717,17.6,1528,,,,,,,5.8,290,1256,3.5,290,1431,1.9,1606,290,4.7,35,1447,64.5,8.5,1012.7,1025.4,0007,1021.1,1525,1023.1,10.9,7.0,1200,2.46,11.74,,,,,,0.8,0.3,12.7,0.3,13.6,13.4,13.9,14.8,16.1,18.6,20.7,19.8,18.0,1.9,2.7,,,,2021,10,43,298,0,0,0,0
108,서울,2021-10-26,13.0,7.7,0638,19.0,1441,,,,,,,5.3,290,1327,3.0,180,1208,1.7,1462,270,8.2,48,1337,74.5,10.9,1009.9,1022.7,0808,1018.5,1529,1020.2,10.8,8.6,1200,2.15,13.08,,,,,,3.6,0.5,12.9,1.3,14.0,13.7,14.0,14.8,16.0,18.4,20.5,19.8,18.0,2.1,3.0,0.0,{연무}1720-{연무}{강도0}1800-1930. {박무}2015-{박무}{강도0}2100-{박무}{강도0}2400-,,2021,10,43,299,0,0,0,0
108,서울,2021-10-27,13.4,9.8,2349,18.1,1557,0.0,,0.0,,0.75,0.0,7.2,340,1353,4.0,270,1216,2.2,1909,290,5.8,32,1616,63.4,9.5,1009.2,1021.7,2337,1017.6,0355,1019.5,10.8,8.2,1200,2.44,14.72,,,,,,2.5,2.5,13.9,3.8,14.8,14.4,14.7,15.3,16.1,18.2,20.3,19.8,18.0,2.9,4.1,,-{박무}-{박무}{강도0}0300-{박무}{강도0}0600-{박무}{강도1}0900-1020. {비}0330-0415.,,2021,10,43,300,0,0,0,0
108,서울,2021-10-28,12.7,7.1,0709,20.0,1537,,,,,,,4.8,50,2241,3.7,290,0019,1.4,1197,50,3.2,31,1342,54.6,7.7,1013.1,1025.3,2344,1021.5,0011,1023.4,10.8,9.7,1200,2.37,15.58,,,,,,0.0,0.0,12.7,-0.2,13.8,13.6,14.1,15.0,16.0,18.0,20.1,19.7,18.0,3.1,4.4,,,,2021,10,43,301,0,0,0,0
108,서울,2021-10-29,14.6,10.5,0511,20.6,1456,,,,,,,6.3,110,1044,3.7,90,1058,2.0,1713,50,5.6,36,1558,55.9,9.1,1014.5,1027.2,0853,1022.7,1511,1024.8,10.7,8.7,1200,2.37,14.16,,,,,,4.6,0.1,13.9,6.1,14.4,14.1,14.3,15.0,15.9,17.9,19.9,19.7,18.0,2.7,3.9,,,,2021,10,43,302,0,0,0,0
108,서울,2021-10-30,13.8,11.0,0704,18.0,1612,,,,,,,5.0,50,0623,3.1,50,0702,1.6,1350,50,6.5,48,1638,62.4,9.7,1013.5,1024.9,0855,1022.6,1701,1023.8,10.7,1.6,1100,1.45,6.35,,,,,,6.1,4.0,12.9,5.0,14.5,14.2,14.5,15.2,16.0,17.8,19.8,19.6,18.0,1.3,1.9,,,,2021,10,43,303,0,0,0,0
108,서울,2021-10-31,14.1,9.2,0652,20.3,1426,0.7,2035,0.7,2015,0.58,0.7,7.4,320,2011,3.9,320,2017,1.6,1357,20,9.0,46,1611,73.3,11.5,1013.4,1025.4,0825,1021.7,1502,1023.7,10.7,7.6,1100,2.03,12.25,,,,,,3.8,1.8,14.0,2.8,14.6,14.2,14.4,15.0,15.8,17.7,19.6,19.6,18.0,2.1,2.9,0.7,{비}2015-2050. {박무}2310-{박무}{강도0}2400-,,2021,10,43,304,0,0,0,1
108,서울,2021-11-01,12.9,10.3,0717,16.9,1452,,,,,,,6.9,200,1430,4.0,250,1228,1.9,1605,250,8.6,51,1505,77.3,11.2,1013.1,1024.8,0855,1021.9,1453,1023.4,10.6,6.3,1200,1.95,11.32,,,,,,3.0,2.8,13.4,3.8,14.6,14.3,14.6,15.2,15.9,17.6,19.5,19.5,18.0,1.8,2.6,,-{박무}-{박무}{강도0}0300-{박무}{강도0}0600-0850.,,2021,11,44,305,0,0,0,0
108,서울,2021-11-02,11.5,7.9,0541,16.9,1452,,,,,,,5.7,270,1520,3.5,250,1536,1.7,1429,270,7.2,50,1430,76.6,10.2,1011.6,1023.9,0800,1020.1,1421,1022.0,10.6,7.8,1100,2.18,12.69,,,,,,4.0,1.4,12.4,1.5,13.8,13.6,14.0,14.8,15.8,17.5,19.4,19.5,18.0,2.0,2.9,,{박무}0125-{박무}{강도0}0300-{박무}{강도0}0600-{박무}{강도0}0900-0950.,,2021,11,44,306,0,0,0,0
108,서울,2021-11-03,12.1,7.6,0709,17.1,1349,,,,,,,5.7,360,1337,3.7,250,1432,1.5,1305,270,6.5,32,1325,71.1,9.7,1009.2,1021.5,0910,1017.5,1714,1019.5,10.6,8.5,1200,2.27,13.24,,,,,,3.0,1.3,12.3,0.9,13.6,13.3,13.7,14.5,15.6,17.4,19.3,19.4,18.1,2.2,3.1,,,,2021,11,44,307,0,0,0,0
108,서울,2021-11-04,12.1,8.4,0718,16.3,1611,,,,,0.25,0.0,4.9,200,0036,2.7,200,0041,1.3,1160,20,8.6,63,1611,80.4,11.2,1009.6,1022.0,2250,1018.6,0318,1019.9,10.5,3.9,1000,1.44,6.9,,,,,,2.4,2.1,11.5,2.1,13.6,13.3,13.7,14.5,15.5,17.3,19.2,19.4,18.1,1.1,1.5,0.0,{박무}0005-0035. {박무}0350-{박무}{강도0}0600-{박무}{강도0}0900-1050. {비}1210-1225. {연무}1640-{연무}{강도0}1800-1930. {박무}1925-{박무}{강도0}2100-{박무}{강도0}2400-,,2021,11,44,308,0,0,0,0
108,서울,2021-11-05,13.0,7.8,0711,20.2,1432,,,,,,,4.6,50,0958,2.7,50,1154,1.5,1327,20,6.3,27,1438,68.5,9.6,1010.8,1023.2,0901,1019.1,1433,1021.1,10.5,9.2,1200,2.11,12.76,,,,,,0.6,0.0,12.3,1.8,13.3,13.0,13.4,14.1,15.2,17.2,19.1,19.3,18.1,2.2,3.2,,-{박무}-{박무}{강도0}0300-{박무}{강도1}0600-{박무}{강도0}0900-1055. {연무}1050-{연무}{강도0}1200-1225.,,2021,11,44,309,0,0,0,0
108,서울,2021-11-06,14.1,8.8,0617,21.3,1416,,,,,,,4.9,20,1507,2.8,50,1512,1.6,1385,20,6.0,34,1430,61.1,9.4,1010.6,1022.6,2249,1019.1,1445,1020.8,10.5,8.3,1300,2.11,12.8,,,,,,1.3,0.0,12.7,1.9,13.6,13.3,13.5,14.2,15.1,17.0,18.9,19.3,18.1,2.5,3.5,,{박무}0030-0130. {박무}0210-{박무}{강도0}0300-0310. {박무}0540-{박무}{강도0}0600-0640. {박무}0810-{박무}{강도0}0900-0910.,,2021,11,44,310,0,0,0,0
108,서울,2021-11-07,15.3,9.7,0709,21.3,1332,,,,,,,9.2,110,1330,4.9,160,1406,2.1,1839,70,6.6,41,1333,57.5,9.8,1009.4,1023.9,0831,1014.4,2356,1019.6,10.4,6.8,1100,2.15,12.2,,,,,,7.0,1.4,13.1,2.4,13.9,13.6,13.7,14.3,15.1,16.9,18.8,19.2,18.1,2.6,3.8,14.0,,,2021,11,44,311,0,0,0,0
108,서울,2021-11-08,8.6,4.5,2347,15.5,0001,,,,,18.5,25.7,16.6,270,1009,9.3,270,1018,3.2,2727,250,5.5,56,0001,82.1,9.2,1001.4,1014.4,0001,1006.2,0644,1011.8,10.4,0.1,1300,0.63,2.57,,,,,,9.9,6.3,10.0,2.7,13.2,13.0,13.5,14.4,15.3,16.8,18.7,19.1,18.1,0.6,0.9,12.4,{비}0505-{비}{강도0}0600-{비}{강도1}0900-{비}{강도0}1200-1255. {박무}0615-{박무}{강도1}0900-1055. {비}1320-{비}{강도0}1500-{비}{강도0}1800-{비}{강도0}2100-{비}{강도0}2400-,,2021,11,45,312,0,0,0,1
108,서울,2021-11-09,4.9,3.0,0348,6.5,1630,,,,,11.08,2.0,9.4,270,0042,5.1,270,0044,2.4,2079,200,1.7,69,2344,80.3,7.0,999.8,1014.1,0001,1007.8,1702,1010.4,10.4,0.0,1100,0.62,3.4,,,,,,8.1,6.1,6.8,0.0,10.6,10.5,11.4,12.7,14.4,16.7,18.6,19.1,18.1,0.7,0.9,1.6,-{비}-0030. {비}0530-{비}{강도0}0600-{비}{강도0}0900-0950. {비}1025-1040. {비}1120-{비}{강도0}1200-{비}{강도0}1500-1640. {비}1920-1940. {비}2010-2030.,,2021,11,45,313,0,0,0,1
108,서울,2021-11-10,4.2,0.7,0452,7.7,1526,,,,,4.58,0.3,9.5,270,1259,5.7,270,1304,2.5,2194,270,-0.2,55,1500,73.4,6.1,998.0,1010.1,2342,1006.5,1319,1008.5,10.3,3.2,1100,1.77,8.8,,,,,,7.4,5.9,7.0,-3.5,9.5,9.4,10.2,11.6,13.5,16.4,18.5,19.0,18.1,1.4,2.0,0.0,{눈}0610-{진눈깨비}0645-0850. {박무}0635-0710. {비}1745-{비}{강도0}1800-1835. {비}1950-2055.,,2021,11,45,314,0,0,0,1
108,서울,2021-11-11,5.3,2.1,0530,9.7,1238,,,,,0.17,0.0,10.8,290,1341,6.8,290,1344,2.9,2470,270,-1.8,49,1240,60.6,5.4,1001.0,1013.8,2353,1009.4,1326,1011.5,10.3,6.3,1000,1.76,9.68,,,,,,3.0,3.0,6.5,-2.2,9.0,8.9,9.8,11.0,12.9,16.1,18.4,19.0,18.1,1.7,2.5,0.0,{비}1105-1115.,,2021,11,45,315,0,0,0,0
108,서울,2021-11-12,4.5,1.3,0729,8.6,1413,,,,,,,11.2,320,1308,5.8,290,1341,2.6,2224,290,-3.8,40,1326,55.4,4.6,1006.7,1019.2,2301,1013.9,0001,1017.3,10.3,8.3,1200,2.33,13.47,,,,,,1.3,1.0,6.0,-5.3,8.2,8.1,9.0,10.4,12.3,15.7,18.2,18.9,18.1,2.0,2.8,,,,2021,11,45,316,0,0,0,0
108,서울,2021-11-13,7.3,0.5,0704,13.4,1336,,,,,,,6.4,200,1635,3.3,200,1643,1.5,1253,20,1.2,49,1245,66.1,6.8,1008.1,1020.5,0823,1017.0,1451,1018.6,10.2,5.4,1100,1.9,9.9,,,,,,4.5,4.5,6.5,-5.5,8.2,7.9,8.6,9.9,11.8,15.4,18.0,18.9,18.1,1.4,2.1,,,,2021,11,45,317,0,0,0,0
108,서울,2021-11-14,11.3,7.8,0509,16.4,1332,,,,,,,9.5,200,1351,5.7,200,1415,2.2,1875,50,5.5,38,1456,69.8,9.1,1007.3,1019.4,2328,1016.4,1330,1017.7,10.2,6.4,1200,1.97,10.52,,,,,,3.4,3.4,9.8,1.5,10.5,10.0,10.1,10.6,11.8,15.0,17.8,18.8,18.1,2.0,2.9,,,,2021,11,45,318,0,0,0,0
108,서울,2021-11-15,10.1,5.8,0738,15.7,1432,,,,,,,5.3,250,1719,3.2,270,1724,1.6,1407,270,4.4,34,1323,71.3,8.4,1011.2,1023.0,0848,1019.3,0001,1021.6,10.2,7.9,1100,2.01,11.39,,,,,,3.6,0.0,9.0,-1.1,10.5,10.1,10.4,11.1,12.1,14.8,17.5,18.8,18.1,1.8,2.6,,{박무}0210-{박무}{강도0}0300-{박무}{강도0}0600-{박무}{강도0}0900-1010.,,2021,11,46,319,0,0,0,0
108,서울,2021-11-16,8.5,4.4,0716,13.6,1358,,,,,,,6.6,320,1411,4.4,290,1415,1.9,1661,270,1.6,34,1202,65.5,6.9,1013.9,1025.6,2219,1022.9,0010,1024.4,10.1,9.0,1200,2.04,12.07,,,,,,0.0,0.0,8.0,-2.3,9.9,9.7,10.1,11.0,12.1,14.6,17.3,18.7,18.1,2.1,3.0,,,,2021,11,46,320,0,0,0,0
108,서울,2021-11-17,7.5,2.7,0655,12.5,1248,,,,,,,5.4,250,1605,3.4,270,1620,1.6,1378,270,0.6,36,1509,64.1,6.4,1013.3,1026.4,0833,1021.2,2352,1023.8,10.1,7.3,1100,2.0,11.0,,,,,,3.5,1.6,6.7,-5.0,9.2,9.0,9.5,10.5,11.9,14.5,17.1,18.6,18.1,1.9,2.7,0.0,{햇무리}1305-1410. {햇무리}1610-1625.,,2021,11,46,321,0,0,0,0
108,서울,2021-11-18,11.9,7.7,0025,16.2,1410,,,,,2.08,0.0,8.8,180,1416,5.5,230,1433,2.4,2063,50,6.6,60,0030,70.8,10.1,1007.5,1021.2,0001,1015.7,1429,1017.8,10.1,1.9,1100,1.4,5.68,,,,,,7.5,7.3,10.5,5.7,10.7,10.1,10.1,10.7,11.7,14.3,17.0,18.6,18.1,1.1,1.6,0.0,{비}0410-0435. {비}0455-0520. {비}0925-0940. {연무}1425-{연무}{강도0}1500-1555. {비}1550-1630. {박무}1551-{박무}{강도0}1800-2025. {비}1715-1735.,,2021,11,46,322,0,0,0,0
108,서울,2021-11-19,12.9,10.2,2356,16.7,1425,,,,,,,6.2,250,1511,3.6,200,1439,1.9,1649,200,10.2,65,1448,84.8,12.5,1007.3,1019.7,2318,1016.0,1435,1017.6,10.1,0.9,1100,0.82,4.98,,,,,,6.5,4.9,11.4,2.9,11.9,11.4,11.3,11.6,12.1,14.2,16.8,18.5,18.1,0.9,1.3,,{박무}0050-{박무}{강도0}0300-{박무}{강도0}0600-{박무}{강도0}0900-{박무}{강도0}1200-1350. {연무}1345-{연무}{강도0}1500-{연무}{강도1}1800-1815. {박무}1810-{박무}{강도2}2100-{박무}{강도2}2400-,,2021,11,46,323,0,0,0,0
108,서울,2021-11-20,10.4,6.8,0728,15.6,1446,,,,,,,4.5,200,1434,3.0,180,1442,1.6,1347,20,6.2,43,1504,77.0,9.5,1010.4,1022.4,1025,1019.6,0001,1020.8,10.0,5.6,1200,1.67,8.62,,,,,,3.3,1.0,9.7,0.1,11.2,10.9,11.1,11.7,12.4,14.2,16.7,18.5,18.1,1.4,2.1,,-{박무}-{박무}{강도1}0300-{박무}{강도2}0600-{박무}{강도1}0900-{박무}{강도1}1200-1250. {연무}1245-{연무}{강도0}1500-{연무}{강도0}1800-{연무}{강도1}2100-2210. {박무}2205-{박무}{강도1}2400-,,2021,11,46,324,0,0,0,0
108,서울,2021-11-21,10.4,7.6,2358,13.1,1350,,,,,2.92,5.9,14.9,290,2313,7.9,270,2319,1.9,1664,70,5.8,57,1412,74.4,9.2,1005.9,1020.9,0414,1011.3,2214,1016.3,10.0,0.0,1200,0.84,3.3,,,,,,8.9,3.9,9.7,4.6,11.0,10.6,10.8,11.4,12.3,14.2,16.5,18.4,18.1,1.0,1.4,7.2,-{박무}-{박무}{강도1}0300-{박무}{강도1}0600-{박무}{강도1}0900-1155. {연무}1150-{연무}{강도0}1200-{연무}{강도0}1500-{연무}{강도0}1800-{연무}{강도0}2100-2110. {비}2105-{비}{강도0}2400- {박무}2105-{박무}{강도0}2400-,,2021,11,46,325,0,0,0,1
108,서울,2021-11-22,2.7,-0.6,2342,7.5,0001,,,,,2.92,1.3,13.9,320,1106,7.3,270,1438,4.1,3531,270,-4.0,45,0846,61.8,4.7,1005.5,1019.1,2209,1012.7,0016,1016.2,10.0,5.4,1200,1.76,8.99,,,,,,3.3,2.9,4.5,-2.2,9.1,9.1,9.9,11.0,12.2,14.1,16.4,18.3,18.1,1.5,2.1,,-{박무}-0050. -{비}-0255.,,2021,11,47,326,0,0,0,1
108,서울,2021-11-23,-0.6,-3.7,0728,2.3,1519,,,,,,,10.3,320,0037,5.5,250,1432,3.2,2770,270,-7.3,49,1217,60.9,3.6,1007.9,1019.8,0329,1017.0,1528,1018.8,10.0,5.7,1200,1.56,8.4,,,,,,2.9,2.9,1.6,-6.0,6.0,6.1,7.3,9.0,11.2,14.0,16.3,18.3,18.0,1.1,1.6,,,,2021,11,47,327,0,0,0,0
108,서울,2021-11-24,4.1,-2.6,0248,9.1,1330,,,,,0.17,0.0,8.8,270,1454,4.4,250,1525,1.9,1664,230,-2.1,55,0637,64.3,5.5,1006.4,1019.9,0008,1015.1,1727,1017.0,9.9,4.9,1100,1.9,7.93,,,,,,3.9,3.9,2.3,-6.1,5.9,5.7,6.4,7.9,10.1,13.7,16.2,18.2,18.0,1.2,1.7,0.0,{비}1005-1015.,,2021,11,47,328,0,0,0,0
108,서울,2021-11-25,5.7,2.6,2352,9.9,1356,,,,,,,8.2,290,1656,4.7,290,1439,2.2,1897,270,-3.2,33,1646,55.0,4.9,1008.3,1023.0,2334,1014.9,0135,1018.8,9.9,7.9,1300,1.83,10.25,,,,,,1.9,1.9,5.1,-3.4,6.7,6.4,6.9,8.0,9.8,13.4,16.1,18.1,18.0,2.0,2.8,,,,2021,11,47,329,0,0,0,0
108,서울,2021-11-26,2.9,-0.5,0556,7.2,1214,,,,,0.83,0.0,8.1,290,1536,4.3,290,1149,2.2,1861,270,-4.9,34,1210,57.5,4.3,1016.4,1030.9,2352,1023.0,0001,1027.2,9.9,4.7,1100,1.87,7.6,,,,,,1.4,1.1,1.9,-7.1,5.6,5.5,6.3,7.6,9.5,13.1,15.9,18.0,18.0,1.3,1.9,0.0,{비}1355-1445.,,2021,11,47,330,0,0,0,0
108,서울,2021-11-27,3.4,-1.4,0730,10.1,1503,,,,,,,5.8,340,0236,3.9,340,0236,1.6,1416,290,-5.7,31,1559,53.0,4.0,1023.5,1036.2,2344,1030.9,0001,1034.4,9.9,9.2,1200,2.0,11.85,,,,,,0.0,0.0,2.8,-7.5,5.1,5.0,5.7,7.0,8.9,12.8,15.7,18.0,18.0,1.7,2.5,,,,2021,11,47,331,0,0,0,0
108,서울,2021-11-28,5.1,-1.3,0743,12.4,1415,,,,,,,4.6,70,0855,2.8,50,0922,1.5,1314,50,-4.4,28,1539,52.4,4.4,1022.9,1036.3,0111,1031.3,2355,1033.7,9.8,8.0,1200,2.01,11.02,,,,,,4.0,0.0,3.0,-6.2,5.2,5.0,5.5,6.7,8.6,12.4,15.5,17.9,18.0,1.8,2.6,,,,2021,11,47,332,0,0,0,0
108,서울,2021-11-29,7.6,2.5,0606,13.7,1541,,,,,,,4.7,70,1142,2.9,70,1145,1.6,1372,20,0.7,47,1344,62.0,6.5,1015.7,1031.4,0001,1021.0,2359,1026.3,9.8,4.7,1300,1.52,7.47,,,,,,7.0,3.6,5.4,-3.3,6.5,6.0,6.2,7.1,8.5,12.1,15.3,17.8,18.0,1.3,1.9,16.9,,,2021,11,48,333,0,0,0,0
108,서울,2021-11-30,5.7,0.7,2356,8.9,1334,,,,,13.75,27.2,16.4,290,2204,8.4,250,1639,3.7,3189,270,2.4,60,2400,80.4,7.6,1000.8,1021.1,0003,1005.1,1318,1011.3,9.8,0.0,1300,0.3,0.84,,,,,,9.0,7.8,5.7,0.0,7.3,6.9,7.1,7.8,8.8,11.9,15.1,17.8,18.0,0.9,1.3,10.3,{비}0405-{비}{강도1}0600-{비}{강도0}0900-{비}{강도0}1200-1320. {박무}0430-{박무}{강도1}0600-{박무}{강도1}0900-{박무}{강도0}1200-1325. {비}1420-{비}{강도0}1500-1655. {비}1845-{진눈깨비}1850-{싸락눈}1855-1905. {눈}2115-2250.,,2021,11,48,334,0,0,0,1
108,서울,2021-12-01,-1.3,-3.0,2335,1.5,1541,,,,,,,13.2,290,1357,7.2,290,1249,4.2,3635,270,-10.0,38,1243,51.8,2.9,1011.2,1025.4,2300,1015.0,0001,1022.1,9.8,9.1,1200,1.96,12.23,,,,,,0.6,0.6,1.2,-6.2,4.5,4.5,5.6,6.9,8.5,11.7,14.9,17.7,18.0,1.6,2.2,,,,2021,12,48,335,0,0,0,0
108,서울,2021-12-02,1.3,-4.6,0724,5.0,2029,,,,,2.58,0.1,8.0,180,1356,4.6,200,1358,2.1,1833,200,-3.9,49,1154,68.9,4.8,1008.2,1025.3,0033,1014.0,2359,1018.9,9.8,4.1,1100,1.69,6.48,,,,,,4.5,3.8,0.4,-9.8,3.3,3.2,4.1,5.6,7.7,11.4,14.7,17.6,17.9,0.9,1.4,0.5,{비}1420-{비}{강도0}1500-1530. {비}1735-{비}{강도0}1800-1810. {비}1925-2015.,,2021,12,48,336,0,0,0,1
108,서울,2021-12-03,1.9,-1.8,2348,4.6,0319,,,,,2.0,0.4,10.7,270,1035,5.8,290,0929,2.9,2479,270,-7.2,29,1212,53.3,3.8,1008.4,1024.0,2352,1013.2,0052,1019.1,9.7,9.1,1200,2.03,11.85,,,,,,1.4,1.1,2.3,-6.6,4.0,3.8,4.3,5.5,7.3,11.1,14.4,17.5,17.9,1.9,2.7,,{비}0150-{비}{강도0}0300-0350.,,2021,12,48,337,0,0,0,1
108,서울,2021-12-04,1.4,-2.7,0420,7.0,1454,,,,,,,9.3,290,1302,4.8,320,1322,2.0,1750,270,-8.5,33,1529,48.5,3.2,1015.3,1029.0,2400,1023.9,0108,1026.1,9.7,7.2,1200,1.92,10.46,,,,,,1.0,1.0,1.5,-8.8,3.2,3.1,3.9,5.2,7.1,10.9,14.2,17.5,17.9,1.7,2.4,,,,2021,12,48,338,0,0,0,0
108,서울,2021-12-05,2.9,-2.3,0728,9.6,1423,,,,,,,4.8,50,1000,2.9,70,1002,1.4,1208,20,-6.7,30,1630,50.4,3.7,1018.6,1031.6,0914,1027.8,1632,1029.4,9.7,9.2,1200,1.91,11.07,,,,,,0.0,0.0,1.8,-8.0,3.3,3.1,3.7,4.9,6.7,10.6,13.9,17.4,17.9,1.6,2.3,,,,2021,12,48,339,0,0,0,0
108,서울,2021-12-06,5.4,-0.7,0654,12.1,1421,,,,,,,4.4,70,0951,2.8,320,1726,1.6,1397,20,-1.7,38,1343,61.4,5.4,1016.5,1028.5,0845,1025.3,1555,1027.2,9.7,7.3,1200,1.92,9.37,,,,,,4.1,0.1,2.5,-5.7,4.0,3.6,3.9,4.9,6.6,10.3,13.7,17.3,17.9,1.4,2.0,,,,2021,12,49,340,0,0,0,0
108,서울,2021-12-07,6.8,2.6,0721,13.3,1512,,,,,,,3.8,230,1528,2.6,200,1529,1.2,1072,50,1.0,44,1421,68.3,6.6,1018.8,1031.5,2332,1027.6,0019,1029.5,9.7,8.3,1200,1.66,9.35,,,,,,0.0,0.0,3.6,-4.2,5.2,4.7,4.8,5.5,6.7,10.1,13.5,17.2,17.9,1.5,2.2,,,,2021,12,49,341,0,0,0,0
108,서울,2021-12-08,6.7,1.9,0731,13.3,1456,,,,,,,4.0,50,2259,2.6,50,0830,1.5,1324,20,1.2,44,1505,70.0,6.7,1021.5,1034.0,0953,1031.2,0038,1032.2,9.7,9.1,1200,1.81,10.53,,,,,,1.6,0.0,3.7,-5.4,5.4,5.0,5.2,5.9,6.9,10.0,13.3,17.1,17.8,1.6,2.3,,,,2021,12,49,342,0,0,0,0
108,서울,2021-12-09,6.5,2.7,0526,9.7,1440,,,,,,,5.2,70,0912,3.5,70,1935,2.2,1937,50,1.3,58,1431,70.3,6.7,1018.6,1032.1,1020,1026.3,2359,1029.3,9.7,1.4,1100,1.07,4.98,,,,,,6.9,1.9,3.8,-1.6,5.5,5.2,5.4,6.0,7.1,9.9,13.2,17.1,17.8,1.1,1.6,,,,2021,12,49,343,0,0,0,0
108,서울,2021-12-10,7.0,5.8,2139,8.2,1441,,,,,2.78,0.7,5.3,50,0001,3.4,70,0530,2.1,1819,50,3.9,68,0635,81.5,8.2,1014.6,1027.0,2309,1023.2,1410,1025.2,9.6,0.0,1100,0.24,1.35,,,,,,8.1,6.3,5.2,-0.1,6.3,5.9,5.9,6.4,7.3,9.8,13.0,17.0,17.8,0.4,0.6,0.7,{비}0910-1115. {비}1455-{비}{강도0}1500-1530. {박무}1505-1650. {비}1603-1610. {박무}1845-{박무}{강도0}2100-{박무}{강도0}2400-,,2021,12,49,344,0,0,0,1
108,서울,2021-12-11,6.0,4.4,0753,9.8,1338,,,,,,,7.0,340,1452,3.6,290,1453,1.4,1180,270,3.3,66,1340,83.6,7.8,1015.4,1028.4,1019,1024.7,1653,1026.1,9.6,3.5,1100,1.47,7.34,,,,,,8.1,4.0,5.4,-0.5,6.6,6.1,6.2,6.6,7.4,9.8,12.9,16.9,17.8,1.0,1.4,,-{박무}-{박무}{강도0}0300-{박무}{강도0}0600-{박무}{강도0}0900-{박무}{강도0}1200-1325. {연무}1320-{연무}{강도0}1500-{연무}{강도0}1800-2025. {박무}2020-{박무}{강도0}2100-{박무}{강도0}2400-,,2021,12,49,345,0,0,0,0
108,서울,2021-12-12,1.2,-3.8,2342,5.1,0007,,,,,,,11.6,290,1410,6.6,290,1413,3.2,2742,290,-5.9,34,1421,61.8,4.3,1015.4,1030.0,2253,1023.5,0456,1026.2,9.6,8.0,1200,1.75,9.67,,,,,,2.5,0.9,2.8,-5.9,5.4,5.3,5.8,6.6,7.7,9.8,12.8,16.8,17.8,1.6,2.3,,-{박무}-{박무}{강도0}0300-{박무}{강도0}0600-{박무}{강도0}0900-1025.,,2021,12,49,346,0,0,0,0
108,서울,2021-12-13,-2.2,-5.9,0640,1.9,1540,,,,,,,7.7,290,0008,4.1,320,0144,2.3,1990,270,-13.1,28,1347,43.8,2.2,1017.3,1030.6,0858,1026.2,2359,1028.3,9.6,9.1,1200,1.97,11.43,,,,,,2.1,2.1,-0.2,-8.8,2.7,2.8,3.9,5.3,7.1,9.8,12.7,16.7,17.8,1.7,2.4,,,,2021,12,50,347,0,0,0,0
108,서울,2021-12-14,3.7,-0.7,0001,8.2,1349,,,,,7.58,1.2,6.4,180,1631,3.6,180,1722,2.0,1693,50,-2.6,47,0001,64.9,5.4,1010.6,1026.2,0001,1019.0,1551,1021.3,9.6,2.5,1300,1.51,6.1,,,,,,9.0,7.9,2.3,-1.7,3.5,3.0,3.4,4.5,6.3,9.7,12.6,16.6,17.7,0.9,1.3,3.2,{비}1625-{비}{강도0}1800-{비}{강도0}2100-{비}{강도0}2400- {박무}2140-{박무}{강도1}2400-,,2021,12,50,348,0,0,0,1
108,서울,2021-12-15,7.2,5.4,2358,10.0,1226,,,,,4.25,2.1,6.1,250,1520,3.9,270,1526,1.7,1446,270,4.7,66,1418,84.8,8.6,1009.3,1021.5,2224,1018.0,0522,1019.8,9.6,0.9,1100,1.12,4.11,,,,,,7.3,5.9,5.4,-1.1,5.8,5.3,5.1,5.5,6.5,9.5,12.5,16.5,17.7,0.7,1.0,0.1,-{비}-0025. {비}0055-0130. -{박무}-{박무}{강도1}0300-{박무}{강도0}0600-{박무}{강도0}0900-{박무}{강도0}1200-1410. {비}0320-0330. {비}0355-0515. {비}0610-0655. {비}0845-{비}{강도0}0900-0945. {연무}1405-{연무}{강도0}1500-{연무}{강도1}1800-1810. {박무}1805-{박무}{강도1}2100-{박무}{강도0}2400-,,2021,12,50,349,0,0,0,1
108,서울,2021-12-16,6.4,3.3,2355,9.8,1322,,,,,0.38,0.0,9.1,250,2207,4.6,270,2251,1.8,1582,250,1.3,36,1542,71.6,6.8,1008.1,1021.8,0339,1016.1,1747,1018.6,9.6,5.0,1200,1.7,7.6,,,,,,7.1,1.6,5.4,-1.1,5.9,5.5,5.6,6.1,7.0,9.4,12.4,16.4,17.7,1.5,2.1,0.0,-{박무}-{박무}{강도0}0300-{박무}{강도0}0600-{박무}{강도0}0900-1150. {연무}1146-{연무}{강도0}1200-1220. {연무}1930-2040. {비}2035-2058. {박무}2035-{박무}{강도0}2100-2345.,,2021,12,50,350,0,0,0,0
108,서울,2021-12-17,-5.6,-10.1,2333,3.2,0001,,,,,,,15.2,320,1348,8.1,290,1318,4.6,3985,270,-14.5,32,1312,50.5,2.2,1013.5,1030.6,2355,1017.8,0101,1024.6,9.6,8.7,1200,1.96,10.96,,,,,,1.4,0.6,-0.9,-11.9,3.6,3.7,4.6,5.8,7.1,9.4,12.3,16.3,17.7,1.3,1.8,,,,2021,12,50,351,0,0,0,0
108,서울,2021-12-18,-5.7,-11.2,0801,-1.8,1402,,,,,4.33,2.8,7.6,290,0108,3.6,270,0048,2.0,1747,20,-12.0,33,1201,64.1,2.8,1014.4,1031.4,0237,1019.6,2239,1025.5,9.6,4.3,1100,1.69,6.79,4.4,2355,4.4,2355,5.2,4.1,3.6,-2.6,-15.4,1.0,1.1,2.3,4.0,6.1,9.3,12.2,16.3,17.6,0.7,1.0,3.0,{눈}1420-{눈}{강도0}1500-{시정(미만)}{1km}{눈}1510-{시정(이상)}{1km}{눈}1603-1730. {박무}1605-1705. {눈}2250-{시정(미만)}{1km}{눈}2339-{시정(미만)}{0.5km}{눈}2345-{시정(이상)}{0.5km}{눈}2354-{시정(이상)}{1km}{눈}2359-{눈}{강도0}2400- {박무}2330-{박무}{강도2}2400-,,2021,12,50,352,0,0,0,1
108,서울,2021-12-19,-0.8,-5.8,0811,4.2,1544,,,,,1.17,0.2,10.5,270,0101,4.9,290,0104,2.0,1712,20,-7.1,40,1200,63.8,3.7,1011.2,1024.9,0904,1019.6,0001,1022.1,9.6,8.9,1200,1.92,8.82,0.2,0055,4.6,0055,0.2,0.6,0.6,-0.5,-11.9,1.0,0.9,1.7,3.2,5.3,9.1,12.1,16.2,17.6,1.1,1.6,0.0,-{눈}-0110. -{박무}-0110.,,2021,12,50,353,0,0,0,1
108,서울,2021-12-20,5.2,-0.9,0001,11.1,1336,,,,,0.33,0.0,9.9,180,1311,5.1,200,1353,2.1,1847,230,1.5,57,1417,77.9,6.9,1006.3,1020.3,0001,1014.9,1742,1016.9,9.6,6.1,1200,1.67,8.61,,,1.8,0001,,4.6,4.1,1.4,-4.7,1.8,1.4,1.8,3.0,4.9,8.8,12.0,16.1,17.6,1.1,1.6,,{비}0255-{비}{강도0}0300-0315. {박무}2220-{박무}{강도0}2400-,,2021,12,51,354,0,0,0,0
108,서울,2021-12-21,5.2,0.8,2358,8.9,1508,,,,,,,6.9,290,1632,4.4,290,1239,2.0,1720,290,-0.4,35,1804,70.9,6.5,1006.9,1021.5,2326,1014.7,0559,1017.5,9.6,6.0,1300,1.63,7.93,,,,,,1.4,1.4,2.9,-3.8,3.5,3.0,3.0,3.7,5.2,8.6,11.8,16.0,17.6,1.4,2.0,,-{박무}-{박무}{강도0}0300-{박무}{강도0}0600-{박무}{강도0}0900-{박무}{강도0}1200-1355. {연무}1350-1450.,,2021,12,51,355,0,0,0,0
108,서울,2021-12-22,2.2,-2.6,0717,8.2,1512,,,,,,,5.1,290,0038,3.3,290,0042,1.7,1475,270,-8.2,30,1538,47.4,3.3,1012.8,1024.9,2122,1021.5,0001,1023.5,9.6,8.9,1200,1.78,10.21,,,,,,0.0,0.0,0.8,-7.3,2.6,2.4,2.9,3.9,5.4,8.4,11.7,15.9,17.5,1.6,2.3,,,,2021,12,51,356,0,0,0,0
108,서울,2021-12-23,2.7,-1.5,0716,8.3,1451,,,,,,,4.7,290,1404,2.8,290,1411,1.4,1236,290,-6.1,37,1200,53.5,3.9,1013.9,1026.8,0926,1023.4,2355,1024.7,9.6,6.9,1200,1.68,8.85,,,,,,2.8,1.5,1.0,-7.2,2.3,2.0,2.5,3.5,5.1,8.3,11.5,15.8,17.5,1.4,1.9,,,,2021,12,51,357,0,0,0,0
108,서울,2021-12-24,-0.3,-7.3,2400,3.2,1157,,,,,2.33,0.2,10.4,290,2340,6.2,290,2345,2.6,2267,270,-6.0,51,2358,65.3,4.1,1012.5,1027.1,2324,1021.2,1324,1023.4,9.6,0.0,1300,0.43,2.08,,,,,,6.1,5.0,0.3,-8.4,2.5,2.2,2.6,3.5,4.9,8.2,11.4,15.7,17.5,0.8,1.1,0.2,{눈}1220-1340. {박무}1240-1345. {박무}1435-{박무}{강도0}1500-1635. {눈}1530-1630.,,2021,12,51,358,0,0,0,1
108,서울,2021-12-25,-11.7,-14.4,2258,-7.3,0001,,,,,,,11.0,290,0045,7.0,290,0038,3.9,3349,290,-22.0,31,1542,42.4,1.1,1021.5,1036.5,2315,1027.1,0001,1033.0,9.6,9.1,1200,2.0,11.64,,,,,,0.0,0.0,-4.4,-15.6,0.8,0.9,1.8,3.0,4.7,8.0,11.2,15.7,17.5,1.0,1.4,,,,2021,12,51,359,0,0,0,0
108,서울,2021-12-26,-12.1,-15.5,0817,-7.3,1526,,,,,,,9.0,320,0815,4.8,290,1404,3.1,2656,290,-22.1,31,1341,43.5,1.1,1023.4,1037.5,1009,1032.5,1516,1034.9,9.6,9.1,1200,1.98,11.55,,,,,,0.0,0.0,-5.8,-16.5,-0.4,-0.3,0.7,2.1,4.1,7.9,11.1,15.6,17.4,0.9,1.3,,,,2021,12,51,360,0,0,0,0
108,서울,2021-12-27,-7.6,-12.9,0123,-3.9,1634,,,,,2.08,0.0,5.5,340,0017,3.1,20,0926,1.7,1472,50,-14.0,38,1146,60.9,2.2,1020.0,1034.2,0001,1029.3,1629,1031.3,9.6,3.8,1100,1.56,6.09,,,,,,3.1,3.1,-4.7,-18.7,-0.7,-0.6,0.3,1.6,3.6,7.6,11.0,15.5,17.4,0.6,0.8,0.0,{눈}1240-1340. {눈}1445-{눈}{강도0}1500-1550.,,2021,12,52,361,0,0,0,0
108,서울,2021-12-28,-4.1,-8.5,0712,-0.9,1600,,,,,,,4.9,50,0842,3.1,50,0759,2.2,1937,50,-8.2,57,1507,73.8,3.3,1016.9,1030.8,0707,1024.6,2338,1028.0,9.6,1.7,1100,1.03,4.32,,,,,,4.1,4.1,-3.3,-13.2,-0.4,-0.6,0.0,1.4,3.3,7.4,10.8,15.4,17.4,0.6,0.9,0.2,,,2021,12,52,362,0,0,0,0
108,서울,2021-12-29,0.4,-3.8,0154,5.9,1518,,,,,1.58,0.2,10.8,270,1415,5.9,270,1421,2.6,2286,50,-4.0,50,1438,72.9,4.6,1009.0,1024.6,0001,1016.3,1522,1019.8,9.6,1.8,1200,1.17,4.64,0.3,0455,0.3,0455,0.3,5.1,5.1,-0.7,-8.1,0.0,-0.3,0.0,1.2,3.2,7.1,10.7,15.3,17.3,1.0,1.4,0.0,{눈}0255-{눈}{강도0}0300-0310. {싸락눈}0355-0505. {박무}0410-{박무}{강도0}0600-{박무}{강도0}0900-{박무}{강도0}1200-1215. {비}1648-1658. {연무}1650-{연무}{강도0}1800-1830. {연무}1940-2025.,,2021,12,52,363,0,0,0,1
108,서울,2021-12-30,-3.9,-6.8,0714,0.2,1531,,,,,0.5,0.0,12.3,320,2012,6.6,290,2012,3.3,2875,270,-13.3,34,1228,48.5,2.2,1014.5,1028.5,2311,1021.8,0001,1025.5,9.6,7.3,1100,1.71,9.14,,,,,,2.0,1.9,-2.7,-9.6,0.0,-0.3,0.0,1.2,3.0,6.9,10.5,15.2,17.3,1.5,2.1,0.0,{눈}1745-{눈}{강도0}1800-1815.,,2021,12,52,364,0,0,0,0
108,서울,2021-12-31,-6.7,-8.8,0745,-3.9,1510,,,,,,,11.9,290,0026,5.4,270,0154,3.5,3035,270,-19.5,26,1603,35.9,1.3,1020.6,1033.6,2308,1028.3,0001,1031.8,9.6,9.0,1200,2.01,11.7,,,,,,0.0,0.0,-4.5,-14.1,-0.6,-0.7,-0.1,1.1,2.9,6.7,10.3,15.2,17.3,1.3,1.9,,,,2021,12,52,365,0,0,0,0
108,서울,2022-01-01,-4.3,-10.2,0710,2.3,1544,,,,,,,4.5,70,0923,2.8,20,0819,1.5,1335,50,-14.4,31,1329,46.3,2.1,1019.8,1034.0,0247,1027.3,2351,1030.9,9.6,9.0,1200,1.82,10.39,,,,,,1.4,1.4,-3.7,-15.4,-0.9,-1.0,-0.3,0.9,2.7,6.6,10.1,15.1,17.2,1.3,1.8,0.3,,,2022,1,52,1,0,0,0,0
108,서울,2022-01-02,-1.3,-5.2,2356,3.0,1551,,,,,4.17,0.3,8.1,290,1345,4.6,290,1349,2.3,1996,50,-8.8,39,1754,57.9,3.3,1015.7,1028.4,2222,1024.4,0502,1026.7,9.6,5.4,1200,1.71,8.52,0.5,0655,0.5,0655,0.5,4.1,4.0,-0.9,-10.7,-0.1,-0.5,-0.3,0.8,2.7,6.4,10.0,15.0,17.2,1.1,1.6,,{눈}0305-{눈}{강도0}0600-0715. {연무}0550-{연무}{강도0}0600-0615. {박무}0610-0705. {박무}1055-{박무}{강도0}1200-1205.,,2022,1,52,2,0,0,0,1
108,서울,2022-01-03,-1.9,-8.0,0714,2.5,1542,,,,,4.0,0.0,6.9,270,1319,4.1,250,1322,1.8,1555,270,-9.3,35,1152,58.3,3.2,1015.3,1028.5,0913,1024.2,2230,1026.2,9.7,7.8,1200,1.75,9.35,,,,,,4.9,3.6,-2.3,-14.4,-0.5,-0.8,-0.3,0.8,2.5,6.2,9.8,14.9,17.2,1.1,1.6,0.0,{눈}1815-2055. {눈}2240-{눈}{강도0}2400-,,2022,1,1,3,0,0,0,0
108,서울,2022-01-04,-2.5,-5.6,2400,1.0,1445,,,,,0.92,0.0,6.8,270,1444,4.2,250,1507,2.4,2048,290,-11.8,28,1606,51.8,2.6,1017.3,1029.8,2335,1024.5,0002,1028.3,9.7,9.0,1200,1.94,11.3,,,,,,0.0,0.0,-1.8,-13.1,-0.1,-0.5,-0.3,0.7,2.5,6.1,9.7,14.8,17.1,1.4,2.0,,-{눈}-0055.,,2022,1,1,4,0,0,0,0
108,서울,2022-01-05,-2.8,-7.8,0634,1.9,1518,,,,,,,4.2,50,0843,2.9,50,1314,1.7,1510,50,-12.5,34,1402,47.6,2.4,1016.9,1029.7,0001,1025.9,1539,1028.0,9.7,1.9,1100,1.03,6.12,,,,,,7.3,1.0,-2.8,-14.1,-0.5,-0.8,-0.4,0.7,2.4,5.9,9.5,14.7,17.1,1.0,1.4,,{햇무리}0945-1535.,,2022,1,1,5,0,0,0,0
108,서울,2022-01-06,-2.2,-5.9,0745,3.3,1604,,,,,,,7.8,290,1417,4.6,290,1419,2.3,2000,270,-12.3,29,1414,47.1,2.4,1018.0,1030.8,2309,1026.7,0155,1029.0,9.7,9.1,1200,1.95,11.22,,,,,,0.0,0.0,-2.3,-11.4,-0.4,-0.7,-0.4,0.6,2.3,5.8,9.4,14.7,17.1,1.5,2.1,,,,2022,1,1,6,0,0,0,0
108,서울,2022-01-07,-1.6,-5.9,0634,4.5,1525,,,,,,,5.2,270,1402,3.0,250,1608,1.5,1317,250,-12.0,21,1528,47.1,2.5,1018.8,1032.0,0855,1028.2,1534,1029.8,9.7,9.1,1200,1.92,11.12,,,,,,0.0,0.0,-2.3,-13.8,-0.6,-0.9,-0.5,0.5,2.2,5.7,9.2,14.6,17.0,1.6,2.2,,,,2022,1,1,7,0,0,0,0
108,서울,2022-01-08,0.3,-5.0,0729,3.7,1623,,,,,0.17,0.0,5.4,180,1534,3.5,200,1632,1.7,1456,250,-5.7,49,1221,64.3,4.2,1013.5,1028.2,0001,1021.5,2343,1024.4,9.7,0.7,1100,0.8,3.68,,,,,,5.9,5.9,-2.1,-12.0,-0.4,-0.8,-0.5,0.5,2.1,5.6,9.1,14.5,17.0,0.7,0.9,0.0,{눈}1435-1445. {연무}1745-{연무}{강도0}1800-{연무}{강도0}2100-{연무}{강도1}2400-,,2022,1,1,8,0,0,0,0
108,서울,2022-01-09,1.3,-1.2,2353,5.6,1522,,,,,,,4.6,290,0507,2.8,270,0507,1.7,1441,270,-3.5,46,1606,71.5,4.8,1011.7,1023.5,1028,1021.1,0107,1022.5,9.7,4.5,1300,1.56,7.16,,,,,,3.1,2.5,0.5,-8.6,0.2,-0.3,-0.4,0.5,2.1,5.5,9.0,14.4,17.0,0.9,1.3,,{박무}0025-{박무}{강도1}0300-{박무}{강도1}0600-{박무}{강도1}0900-{박무}{강도1}1200-1235. -{연무}-0030. {연무}1230-{연무}{강도0}1500-{연무}{강도0}1800-{연무}{강도0}2100-{연무}{강도0}2400-,,2022,1,1,9,0,0,0,0
108,서울,2022-01-10,0.5,-3.4,0735,4.4,1348,,,,,3.83,0.9,7.6,250,2359,3.4,250,1433,2.0,1705,270,-5.1,37,1527,68.3,4.2,1009.7,1023.5,0319,1017.0,2349,1020.5,9.8,3.9,1100,1.52,7.25,0.9,2355,0.9,2355,0.9,7.0,3.3,-0.9,-9.5,0.0,-0.4,-0.3,0.5,2.1,5.4,8.8,14.3,16.9,1.1,1.6,1.1,-{연무}-{연무}{강도0}0300-0445. {박무}0440-{박무}{강도0}0600-{박무}{강도0}0900-1055. {연무}1050-{연무}{강도0}1200-1405. {연무}1650-{연무}{강도0}1800-1840. {눈}1855-2010. {눈}2125-{눈}{강도0}2400- {박무}2220-{박무}{강도1}2400-,,2022,1,2,10,0,0,0,1
108,서울,2022-01-11,-7.4,-10.3,2326,0.3,0001,,,,,1.5,0.2,12.4,320,0128,7.2,290,0129,4.0,3442,270,-14.9,39,1538,55.5,2.0,1010.1,1025.3,2315,1017.0,0001,1021.2,9.8,9.1,1200,2.04,11.91,0.1,0100,1.0,0100,0.1,0.4,0.4,-2.3,-13.3,-0.1,-0.5,-0.3,0.5,2.0,5.3,8.7,14.2,16.9,1.1,1.5,,-{박무}-0120. -{눈}-0130.,,2022,1,2,11,0,0,0,1
108,서울,2022-01-12,-7.7,-11.3,0223,-3.4,1521,,,,,,,7.1,290,1630,4.2,290,1019,2.4,2089,270,-17.0,34,1528,47.8,1.6,1012.0,1025.0,0001,1021.4,2358,1023.1,9.8,8.6,1200,2.04,11.93,,,0.2,0001,,2.8,0.0,-4.1,-15.3,-1.1,-1.2,-0.5,0.5,1.9,5.2,8.6,14.1,16.9,1.2,1.8,,,,2022,1,2,12,0,0,0,0
108,서울,2022-01-13,-6.4,-8.9,2352,-3.1,1456,,,,,,,13.9,320,1320,7.6,270,1308,3.3,2881,270,-16.3,32,1408,45.8,1.7,1011.1,1025.7,2319,1019.4,0419,1022.2,9.8,9.1,1200,2.03,11.9,,,,,,2.3,1.9,-3.6,-13.6,-1.1,-1.3,-0.7,0.3,1.9,5.1,8.5,14.0,16.8,1.3,1.8,,,,2022,1,2,13,0,0,0,0
108,서울,2022-01-14,-4.8,-10.1,0750,1.3,1526,,,,,,,6.3,160,1348,3.2,180,1356,1.7,1453,270,-16.3,24,1606,41.8,1.7,1014.8,1028.1,1055,1024.0,1801,1025.9,9.8,9.1,1200,2.04,12.1,,,,,,2.6,0.0,-3.5,-16.4,-1.4,-1.7,-1.0,0.1,1.8,5.0,8.4,13.9,16.8,1.5,2.2,,{달무리}2330-,,2022,1,2,14,0,0,0,0
108,서울,2022-01-15,-1.0,-5.3,0426,1.8,1545,,,,,0.92,0.0,4.9,20,1055,3.1,50,1045,1.9,1641,50,-10.6,41,1131,48.3,2.8,1011.9,1025.9,0001,1021.0,2137,1022.8,9.9,0.9,1100,0.92,3.76,,,,,,8.5,5.6,-1.9,-10.1,-0.7,-1.1,-0.9,0.0,1.7,4.9,8.3,13.9,16.7,0.9,1.2,0.0,-{달무리}-0250. {눈}1920-1935. {눈}2150-2230.,,2022,1,2,15,0,0,0,0
108,서울,2022-01-16,-2.0,-7.2,2352,2.4,0208,,,,,0.42,0.0,9.4,250,1503,5.7,250,1408,3.3,2808,270,-10.4,29,1427,54.5,3.0,1014.2,1028.6,2352,1021.1,0318,1025.2,9.9,8.8,1200,2.07,11.98,,,,,,1.6,1.6,-0.3,-9.3,-0.1,-0.5,-0.5,0.1,1.7,4.8,8.2,13.8,16.7,1.5,2.1,,{눈}0130-0155. {박무}0405-{박무}{강도0}0600-0810.,,2022,1,2,16,0,0,0,0
108,서울,2022-01-17,-5.8,-9.2,0518,0.1,1317,,,,,4.92,0.5,8.0,230,1706,4.1,270,1337,2.2,1865,270,-12.5,38,1136,59.9,2.4,1016.5,1029.4,2131,1024.9,1603,1027.7,9.9,4.5,1100,1.83,8.07,0.8,1745,0.8,1745,0.8,2.5,2.5,-4.2,-15.4,-0.9,-1.2,-0.8,0.1,1.6,4.8,8.1,13.7,16.7,0.9,1.3,0.5,{눈}1320-{눈}{강도0}1500-{눈}{강도0}1800-1815.,,2022,1,3,17,0,0,0,1
108,서울,2022-01-18,-5.6,-9.9,0744,-0.7,1514,,,,,,,6.6,340,1444,4.3,290,1525,2.3,1953,270,-15.3,27,1403,47.9,1.9,1017.6,1030.8,0939,1026.9,1510,1028.7,9.9,9.2,1200,2.1,12.4,,,0.5,0001,,0.3,0.0,-2.8,-15.2,-1.1,-1.4,-1.0,-0.1,1.5,4.7,8.0,13.6,16.6,1.4,1.9,0.0,,,2022,1,3,18,0,0,0,0
108,서울,2022-01-19,-5.3,-7.7,2357,-2.7,1558,,,,,7.08,1.7,8.3,320,1759,4.7,320,2038,2.1,1821,50,-9.6,50,0132,72.3,3.0,1013.9,1028.1,0008,1022.4,1512,1025.0,9.9,0.0,1100,0.43,2.13,3.5,1340,3.5,1340,3.5,5.1,5.1,-3.4,-13.3,-1.2,-1.5,-1.1,-0.2,1.5,4.6,7.9,13.5,16.6,0.4,0.5,1.7,{달코로나}0550-0615. {눈}0855-{눈}{강도0}0900-{눈}{강도0}1200-{눈}{강도0}1500-1535. {박무}1530-1705. {눈}1625-1650.,,2022,1,3,19,0,0,0,1
108,서울,2022-01-20,-5.0,-9.8,0605,0.9,1603,,,,,,,7.0,320,1922,4.7,320,1927,1.8,1582,270,-11.1,42,1631,63.5,2.6,1018.1,1031.0,2345,1026.2,0001,1029.3,10.0,9.1,1200,2.05,12.29,,,2.4,0001,,0.0,0.0,-2.5,-16.0,-1.1,-1.4,-1.1,-0.2,1.4,4.5,7.8,13.4,16.6,1.2,1.8,,,,2022,1,3,20,0,0,0,0
108,서울,2022-01-21,-2.7,-8.7,0755,4.6,1534,,,,,,,5.0,50,1301,3.0,50,1144,1.8,1512,20,-10.9,29,1544,55.6,2.7,1019.3,1032.8,0951,1028.4,2342,1030.3,10.0,9.2,1200,2.15,12.79,,,,,,0.0,0.0,-1.9,-14.4,-1.0,-1.3,-1.1,-0.2,1.4,4.5,7.8,13.3,16.5,1.5,2.2,,,,2022,1,3,21,0,0,0,0
108,서울,2022-01-22,0.3,-5.0,0734,7.1,1512,,,,,,,5.2,290,1854,3.4,290,1855,1.7,1506,20,-8.7,32,1618,52.4,3.2,1015.4,1028.5,0228,1024.4,1403,1026.3,10.0,6.0,1300,1.86,9.7,,,,,,5.9,2.6,-0.3,-10.4,-0.6,-1.1,-0.9,-0.2,1.3,4.4,7.7,13.3,16.5,1.4,2.0,,,,2022,1,3,22,0,0,0,0
108,서울,2022-01-23,2.0,-0.6,0549,6.7,1411,,,,,,,5.7,70,2329,3.1,250,1212,1.7,1481,270,-6.8,43,1017,52.4,3.7,1011.5,1025.0,0005,1019.9,1607,1022.3,10.1,5.3,1300,1.79,7.67,,,,,,4.8,3.3,0.4,-7.1,0.1,-0.5,-0.5,-0.1,1.4,4.3,7.6,13.2,16.4,1.4,2.0,,,,2022,1,3,23,0,0,0,0
108,서울,2022-01-24,4.6,1.3,0001,8.4,1329,,,,,,,9.6,70,1001,5.5,70,0959,3.5,3053,70,-3.6,44,1310,56.0,4.7,1011.0,1023.1,1112,1020.5,1431,1021.7,10.1,4.0,1100,1.65,8.71,,,,,,4.9,4.4,0.8,-1.3,0.2,-0.4,-0.5,-0.1,1.4,4.3,7.5,13.1,16.4,1.7,2.4,0.5,,,2022,1,4,24,0,0,0,0
108,서울,2022-01-25,2.8,1.9,0822,4.5,0001,,,,,11.75,0.7,7.7,250,1744,4.9,270,1748,2.3,1991,50,-0.4,51,0001,80.0,6.0,1010.2,1022.2,2320,1019.2,1501,1021.0,10.1,0.0,1300,0.41,1.7,,,,,,9.4,7.9,0.9,-0.2,0.3,-0.2,-0.4,-0.1,1.4,4.2,7.4,13.0,16.3,0.4,0.6,0.2,{진눈깨비}0250-{진눈깨비}{강도0}0300-{진눈깨비}{강도0}0600-{비}0720-{비}{강도0}0900-{비}{강도0}1200-1330. {박무}0750-{박무}{강도0}0900-{박무}{강도0}1200-{박무}{강도0}1500-1630. {비}1430-{비}{강도0}1500-1535.,,2022,1,4,25,0,0,0,1
108,서울,2022-01-26,1.3,-1.9,0639,6.8,1429,,,,,,,7.7,320,2120,4.6,320,2124,2.2,1913,270,-5.7,33,1709,62.8,4.1,1013.7,1025.8,2245,1022.2,0001,1024.5,10.1,8.4,1200,2.02,11.54,,,,,,2.4,0.0,1.3,-9.2,0.3,-0.2,-0.4,0.0,1.4,4.2,7.4,12.9,16.3,1.7,2.5,,{박무}0020-{박무}{강도0}0300-{박무}{강도0}0600-{박무}{강도0}0900-0950.,,2022,1,4,26,0,0,0,0
108,서울,2022-01-27,-1.1,-4.6,0757,4.0,1541,,,,,,,7.7,290,2023,4.1,290,2032,2.1,1854,270,-10.5,31,1520,50.0,2.8,1014.2,1026.5,0827,1022.8,1448,1025.1,10.2,8.9,1100,1.9,11.72,,,,,,2.1,0.0,0.3,-9.6,0.3,-0.2,-0.3,0.0,1.4,4.1,7.3,12.9,16.3,1.6,2.3,,,,2022,1,4,27,0,0,0,0
108,서울,2022-01-28,-2.7,-5.9,0811,2.1,1516,,,,,,,8.2,290,1613,5.1,290,2324,2.8,2379,270,-11.5,33,1518,51.6,2.5,1014.1,1027.0,0925,1023.3,1902,1025.1,10.2,9.2,1200,2.23,13.65,,,,,,2.0,0.0,-0.9,-9.7,0.0,-0.4,-0.3,0.1,1.4,4.1,7.2,12.8,16.2,1.6,2.3,,,,2022,1,4,28,0,0,0,0
108,서울,2022-01-29,-3.6,-7.2,0741,0.9,1531,,,,,,,8.6,320,1426,5.1,320,1429,2.4,2110,290,-13.3,28,1510,48.9,2.2,1011.5,1024.8,0004,1020.3,1632,1022.4,10.2,9.5,1200,2.26,14.07,,,,,,0.8,0.0,-1.5,-13.3,-0.4,-0.7,-0.4,0.1,1.4,4.1,7.2,12.7,16.2,1.6,2.3,,,,2022,1,4,29,0,0,0,0
108,서울,2022-01-30,-2.8,-8.0,0713,2.4,1629,,,,,,,7.8,290,1335,4.6,270,1409,2.2,1911,270,-13.4,27,1510,45.4,2.2,1011.5,1024.5,2351,1020.6,1456,1022.4,10.3,9.6,1200,2.31,14.1,,,,,,0.6,0.0,-1.4,-14.2,-0.6,-0.9,-0.6,0.1,1.4,4.0,7.1,12.6,16.1,1.8,2.6,,,,2022,1,4,30,0,0,0,0
108,서울,2022-01-31,-0.7,-6.8,0736,4.8,1507,,,,,2.75,1.2,8.7,200,2118,4.3,250,1617,1.9,1673,250,-7.9,39,1229,59.0,3.5,1012.9,1025.9,0802,1021.8,2018,1023.8,10.3,8.0,1100,1.95,11.47,1.8,2335,1.8,2335,1.8,3.3,2.9,-0.7,-14.1,-0.5,-0.9,-0.6,0.1,1.4,4.0,7.1,12.6,16.1,1.3,1.9,2.9,{눈}2055-{눈}{강도0}2100-2340. {박무}2120-{박무}{강도0}2400-,,2022,1,5,31,0,0,0,1
108,서울,2022-02-01,-1.3,-2.7,2345,0.9,1601,,,,,4.83,1.7,9.0,320,1348,4.4,270,1229,2.6,2271,250,-4.9,59,1509,76.6,4.3,1014.2,1028.8,2357,1021.8,0449,1025.2,10.3,4.7,1300,1.66,9.04,3.3,0555,5.0,0555,3.3,6.6,6.6,-0.4,-6.0,0.2,-0.4,-0.4,0.1,1.4,4.0,7.0,12.5,16.1,0.9,1.3,0.0,-{박무}-0055. {눈}0240-{눈}{강도0}0300-{시정(미만)}{1km}{눈}0407-{시정(이상)}{0.1km}{눈}0420-{눈}{강도0}0600-0625. {눈}0840-{눈}{강도0}0900-0935. {눈}1015-1025. {연무}1915-{연무}{강도0}2100-2115. {박무}2110-{박무}{강도0}2400-,,2022,2,5,32,1,1,0,1
108,서울,2022-02-02,-3.4,-6.0,0541,0.0,1529,,,,,,,8.3,290,1428,5.0,250,1408,2.4,2053,270,-10.4,36,1453,60.5,2.8,1017.4,1030.2,0925,1027.2,2315,1028.5,10.4,9.2,1200,2.36,14.68,,,0.5,0001,,3.5,3.1,-0.6,-11.1,-0.1,-0.5,-0.4,0.1,1.4,3.9,7.0,12.4,16.0,1.4,2.1,,-{박무}-0220.,,2022,2,5,33,1,1,0,0
108,서울,2022-02-03,-3.4,-6.9,0746,0.4,1458,,,,,,,8.2,270,1611,4.6,270,1601,2.4,2088,270,-12.2,34,1235,52.4,2.4,1016.3,1029.0,1036,1026.0,1442,1027.3,10.4,9.7,1200,2.39,14.87,,,,,,1.5,0.0,-0.8,-12.8,-0.3,-0.7,-0.4,0.1,1.3,3.9,6.9,12.3,16.0,1.6,2.3,,,,2022,2,5,34,1,1,0,0
108,서울,2022-02-04,-5.2,-8.2,2356,-0.7,1404,,,,,0.67,0.0,12.3,290,2019,6.5,290,2019,3.1,2648,270,-13.4,35,1134,53.3,2.2,1014.2,1027.0,0201,1023.5,1722,1025.3,10.4,7.3,1200,2.41,12.94,,,,,,1.9,1.9,-2.6,-13.2,-0.6,-0.9,-0.5,0.1,1.3,3.9,6.9,12.3,15.9,1.5,2.1,0.0,{눈}1605-1645.,,2022,2,5,35,1,1,0,0
108,서울,2022-02-05,-6.6,-9.7,0742,-2.0,1508,,,,,,,11.9,270,1637,6.8,270,1521,3.1,2716,270,-15.7,36,1609,48.8,1.8,1015.4,1028.0,2022,1024.4,1438,1026.5,10.5,9.1,1200,2.43,14.31,,,,,,0.9,0.9,-3.1,-12.9,-1.0,-1.3,-0.8,0.0,1.3,3.9,6.8,12.2,15.9,1.4,2.0,,,,2022,2,5,36,1,1,0,0
108,서울,2022-02-06,-3.9,-8.4,0500,1.7,1537,,,,,,,11.4,290,1253,5.4,290,1301,2.5,2178,270,-13.0,31,1533,50.3,2.3,1016.9,1029.9,2348,1026.0,1537,1028.0,10.5,9.5,1300,2.39,14.83,,,,,,1.0,0.3,-1.5,-14.7,-1.1,-1.4,-1.0,-0.2,1.2,3.8,6.8,12.1,15.8,1.7,2.5,,,,2022,2,5,37,1,1,0,0
108,서울,2022-02-07,-2.5,-7.3,0510,1.9,1259,,,,,,,9.7,290,1358,4.6,290,1424,1.8,1537,270,-11.6,31,1313,51.3,2.6,1017.5,1030.2,1036,1026.3,1511,1028.5,10.5,6.5,1200,2.04,10.41,,,,,,6.1,1.3,-1.6,-13.7,-0.8,-1.1,-0.9,-0.2,1.2,3.8,6.7,12.1,15.8,1.3,1.8,,,,2022,2,6,38,1,1,0,0
108,서울,2022-02-08,-0.1,-4.1,0629,5.6,1555,,,,,,,6.8,320,1335,3.7,290,1440,1.9,1648,270,-9.0,26,1556,53.8,3.1,1016.6,1028.5,2245,1025.9,1629,1027.5,10.6,8.1,1300,2.36,14.49,,,,,,1.5,0.4,1.3,-10.1,-0.3,-0.8,-0.7,-0.2,1.2,3.7,6.7,12.0,15.8,1.9,2.7,,,,2022,2,6,39,1,1,0,0
108,서울,2022-02-09,1.0,-4.3,0757,7.2,1400,,,,,,,5.7,320,2112,3.5,290,2101,1.8,1591,20,-8.4,26,1527,52.3,3.2,1014.7,1029.0,0824,1023.0,1643,1025.6,10.6,9.2,1300,2.09,12.8,,,,,,5.5,0.0,0.9,-11.2,-0.2,-0.6,-0.6,-0.1,1.2,3.7,6.7,11.9,15.7,1.8,2.6,,,,2022,2,6,40,1,1,0,0
108,서울,2022-02-10,1.4,-3.2,0707,6.7,1544,,,,,,,8.8,320,1439,4.9,320,1447,2.3,1949,270,-6.3,33,1335,57.8,3.9,1012.5,1024.9,2303,1021.9,1431,1023.3,10.6,9.6,1200,2.37,14.93,,,,,,1.6,0.0,2.1,-10.0,0.1,-0.4,-0.5,-0.1,1.2,3.7,6.6,11.9,15.7,2.0,2.8,,,,2022,2,6,41,1,1,0,0
108,서울,2022-02-11,2.9,-2.6,0740,8.8,1449,,,,,,,6.8,270,1439,3.5,250,1447,1.8,1553,270,-4.3,34,1453,61.1,4.5,1015.5,1028.2,0900,1024.5,0127,1026.3,10.7,8.9,1200,2.16,13.28,,,,,,2.6,0.0,3.3,-10.5,0.2,-0.3,-0.4,-0.1,1.2,3.6,6.6,11.8,15.6,1.9,2.7,,{박무}0040-{박무}{강도0}0300-{박무}{강도0}0600-0805. {연무}2025-{연무}{강도0}2100-{연무}{강도0}2400-,,2022,2,6,42,1,1,0,0
108,서울,2022-02-12,4.8,-0.1,0727,10.4,1605,,,,,,,6.7,250,1433,3.8,270,1516,1.7,1461,270,-6.1,22,1409,50.4,4.1,1014.0,1027.1,0852,1022.6,1704,1024.7,10.7,9.3,1200,2.39,15.11,,,,,,3.5,0.0,5.1,-5.5,0.4,-0.2,-0.4,0.0,1.2,3.6,6.5,11.7,15.6,2.6,3.8,,-{연무}-{연무}{강도0}0300-0440. {박무}0435-{박무}{강도1}0600-{박무}{강도0}0900-1010. {연무}1005-{연무}{강도0}1200-1235.,,2022,2,6,43,1,1,0,0
108,서울,2022-02-13,4.8,1.6,0330,9.5,1616,,,,,,,5.4,340,1413,3.5,320,1507,1.8,1543,50,-6.3,32,1634,44.9,3.9,1011.3,1023.5,0230,1020.1,1718,1022.0,10.8,3.0,1000,1.39,9.29,,,,,,5.3,0.9,2.2,-5.7,0.4,-0.2,-0.3,0.0,1.2,3.6,6.5,11.7,15.6,1.7,2.4,,{햇무리}0855-1230.,,2022,2,6,44,1,0,0,0
108,서울,2022-02-14,2.5,-1.3,2352,8.1,1248,,,,,2.42,1.7,10.2,230,1426,5.7,270,1554,2.9,2470,70,-3.0,43,1414,68.3,5.0,1009.5,1022.1,0152,1017.7,1431,1020.2,10.8,0.9,1200,1.55,7.04,,,,,,6.6,3.1,1.4,-6.2,0.5,-0.1,-0.3,0.1,1.2,3.6,6.5,11.6,15.5,1.3,1.8,1.7,{연무}1345-1405. {비}1530-1755. {박무}1540-{박무}{강도0}1800-2005.,,2022,2,7,45,1,1,0,1
108,서울,2022-02-15,-4.7,-7.7,2321,-1.3,0001,,,,,12.17,0.0,9.9,270,0025,5.7,270,0447,3.8,3315,270,-11.8,44,2013,58.0,2.5,1011.1,1023.7,2223,1020.5,0333,1022.1,10.8,3.0,1300,1.86,9.99,,,,,,5.6,5.6,-1.5,-9.0,0.4,-0.1,-0.3,0.1,1.2,3.6,6.4,11.6,15.5,1.1,1.6,0.0,{눈}0105-{눈}{강도0}0300-{눈}{강도0}0600-{눈}{강도0}0900-1110. {눈}1415-{눈}{강도0}1500-1620.,,2022,2,7,46,1,1,0,0
108,서울,2022-02-16,-7.3,-9.6,2400,-4.1,1526,,,,,0.33,0.0,11.4,270,1259,6.8,270,1308,3.7,3203,290,-16.1,32,1359,50.4,1.8,1012.9,1025.7,2354,1022.2,1605,1024.1,10.9,9.0,1200,2.67,16.28,,,,,,0.9,0.9,-2.3,-11.1,0.1,-0.3,-0.3,0.1,1.2,3.5,6.4,11.5,15.4,1.5,2.2,,{눈}0630-0650.,,2022,2,7,47,1,1,0,0
108,서울,2022-02-17,-6.2,-10.7,0752,-0.5,1554,,,,,,,10.4,290,0248,4.9,290,0250,2.5,2171,270,-17.3,28,1559,41.6,1.6,1017.5,1031.2,2359,1025.6,0118,1028.7,10.9,9.8,1200,2.64,17.2,,,,,,0.0,0.0,-0.1,-12.8,-0.6,-0.8,-0.4,0.1,1.2,3.5,6.4,11.5,15.4,1.7,2.4,,,,2022,2,7,48,1,1,0,0
108,서울,2022-02-18,-1.2,-8.0,0716,5.7,1531,,,,,,,6.1,290,1809,3.6,270,1731,2.0,1720,20,-13.5,21,1526,40.4,2.2,1018.8,1033.2,0728,1026.3,2348,1029.8,10.9,8.6,1200,2.55,15.91,,,,,,3.9,1.0,1.6,-13.7,-0.5,-0.8,-0.5,0.1,1.2,3.5,6.3,11.4,15.3,2.2,3.2,,,,2022,2,7,49,1,1,0,0
108,서울,2022-02-19,-1.7,-6.2,2345,3.7,1403,,,,,2.17,0.1,11.5,290,2010,6.6,290,1959,2.9,2531,290,-10.3,38,1500,52.9,2.9,1013.0,1026.7,0026,1021.4,1655,1024.0,11.0,2.9,1300,2.06,9.25,0.1,1730,0.1,1730,0.1,6.5,3.1,0.1,-8.6,0.2,-0.3,-0.4,0.1,1.2,3.5,6.3,11.3,15.3,1.4,2.0,0.1,{달무리}0255-0330. {눈}1605-{눈}{강도0}1800-1815.,,2022,2,7,50,1,1,0,1
108,서울,2022-02-20,-4.8,-8.4,0703,-0.5,1548,,,,,,,11.0,270,1502,6.3,290,1145,4.1,3503,270,-16.3,24,1619,41.1,1.7,1015.5,1029.1,2319,1024.2,0001,1026.6,11.0,10.0,1200,2.76,18.09,,,,,,0.1,0.1,0.3,-9.7,-0.2,-0.6,-0.4,0.1,1.2,3.5,6.3,11.3,15.3,1.9,2.7,,,,2022,2,7,51,1,1,0,0
108,서울,2022-02-21,-3.0,-8.1,0623,3.6,1415,,,,,2.58,0.1,13.1,250,1336,7.1,270,1528,2.9,2514,270,-10.6,41,1413,56.3,2.8,1016.9,1030.9,2359,1024.7,1331,1027.9,11.0,6.5,1400,1.77,11.41,,,,,,2.5,2.5,-0.1,-14.8,-0.4,-0.8,-0.5,0.1,1.2,3.5,6.3,11.2,15.2,1.5,2.2,0.1,{눈}1050-{눈}{강도0}1200-1245. {눈}1330-1345. {눈}1425-1450.,,2022,2,8,52,1,1,0,1
108,서울,2022-02-22,-4.5,-8.0,2400,0.5,1438,,,,,,,11.9,270,1946,5.6,320,1952,3.2,2748,270,-15.2,33,0938,43.3,1.9,1021.0,1033.9,2358,1030.3,1432,1032.1,11.1,8.0,1100,2.51,15.64,,,,,,1.0,0.8,0.5,-11.7,-0.3,-0.7,-0.5,0.1,1.2,3.5,6.2,11.2,15.2,1.7,2.5,,,,2022,2,8,53,1,1,0,0
108,서울,2022-02-23,-5.6,-10.0,0721,-0.6,1623,,,,,,,10.0,320,1447,5.5,290,1450,2.6,2220,270,-18.0,24,1550,38.5,1.5,1021.9,1035.6,0925,1030.7,1659,1033.1,11.1,10.2,1200,2.82,18.78,,,,,,0.0,0.0,0.3,-14.7,-0.6,-1.0,-0.6,0.1,1.2,3.4,6.2,11.1,15.1,2.0,2.9,,,,2022,2,8,54,1,1,0,0
108,서울,2022-02-24,-2.4,-8.5,0508,3.7,1454,,,,,,,10.2,230,1501,5.0,320,1232,2.2,1880,290,-11.1,31,1113,52.4,2.8,1019.6,1033.2,0925,1028.3,2349,1030.7,11.2,10.3,1200,2.72,18.42,,,,,,0.0,0.0,1.9,-15.8,-0.6,-1.0,-0.7,0.0,1.2,3.4,6.2,11.1,15.1,1.9,2.7,,,,2022,2,8,55,1,1,0,0
108,서울,2022-02-25,3.0,-3.6,0716,8.4,1537,,,,,,,8.4,250,1255,4.8,250,1555,2.3,2009,230,-0.7,55,1234,77.5,5.9,1015.6,1029.2,0848,1023.6,2353,1026.4,11.2,6.4,1100,2.16,12.36,,,,,,3.8,3.8,3.6,-11.1,0.0,-0.5,-0.5,0.0,1.2,3.4,6.2,11.0,15.1,1.5,2.1,,{박무}0520-{박무}{강도0}0600-0655. {연무}1255-{연무}{강도0}1500-{연무}{강도0}1800-1940. {박무}1935-{박무}{강도0}2100-{박무}{강도0}2400-,,2022,2,8,56,1,1,0,0
108,서울,2022-02-26,5.4,1.0,2355,9.3,1313,,,,,3.58,1.1,14.5,290,2110,7.2,290,2116,3.9,3369,200,1.8,63,1325,78.4,7.1,1006.9,1023.7,0001,1011.6,1843,1017.5,11.2,0.2,1200,1.32,5.58,,,,,,8.0,6.4,3.7,-2.5,0.5,-0.2,-0.4,0.0,1.2,3.4,6.1,11.0,15.0,1.2,1.8,1.1,-{박무}-{박무}{강도0}0300-{박무}{강도0}0600-{박무}{강도0}0900-1055. {비}1455-{비}{강도0}1500-1610. {비}1755-{비}{강도0}1800-2015. {박무}1845-{박무}{강도1}2100-2350.,,2022,2,8,57,1,0,0,1
108,서울,2022-02-27,3.7,-1.6,0730,9.1,1513,,,,,,,12.3,200,1501,7.4,250,1442,2.8,2453,230,-4.5,33,1144,56.6,4.5,1010.9,1023.2,0916,1017.3,0001,1021.6,11.3,10.5,1200,2.78,18.62,,,,,,0.0,0.0,3.9,-8.1,0.5,-0.2,-0.3,0.1,1.2,3.4,6.1,10.9,15.0,2.5,3.6,,,,2022,2,8,58,1,1,0,0
108,서울,2022-02-28,6.8,2.7,0048,11.5,1626,,,,,,,6.1,250,2254,3.3,200,2212,1.5,1297,200,-0.5,36,1622,62.3,6.0,1009.9,1024.2,0803,1016.4,2400,1020.5,11.3,3.4,1200,2.02,10.5,,,,,,8.0,5.1,3.4,-2.8,0.8,-0.1,-0.3,0.1,1.2,3.4,6.1,10.9,14.9,1.6,2.3,2.3,,,2022,2,9,59,1,0,0,0
108,서울,2022-03-01,5.8,0.3,2355,9.7,1616,,,,,7.08,2.3,9.8,290,2039,5.4,250,1630,2.3,1978,270,0.5,46,1647,70.5,6.6,1004.2,1018.5,2328,1012.5,1426,1014.7,11.4,2.5,1400,1.2,6.49,,,,,,6.1,4.8,5.7,-4.6,1.1,0.1,-0.3,0.1,1.2,3.3,6.0,10.8,14.9,1.3,1.8,,{비}0135-{비}{강도0}0300-{비}{강도0}0600-0840. {박무}0455-{박무}{강도0}0600-{박무}{강도0}0900-{박무}{강도0}1200-1455.,,2022,3,9,60,1,0,0,1
108,서울,2022-03-02,3.5,-2.3,0611,8.8,1256,,,,,,,10.6,250,1603,6.3,230,1547,2.7,2336,270,-5.0,29,1201,55.9,4.3,1007.0,1019.5,0852,1015.9,1634,1017.7,11.4,10.7,1200,2.81,19.53,,,,,,1.0,1.0,4.0,-8.2,0.7,0.0,-0.3,0.1,1.2,3.3,6.0,10.8,14.8,2.7,3.8,,,,2022,3,9,61,1,1,0,0
108,서울,2022-03-03,5.8,0.9,0720,12.4,1413,,,,,,,9.0,270,1607,4.7,290,1609,2.1,1842,270,-4.6,24,1511,52.9,4.5,1007.1,1019.4,0948,1016.7,1745,1017.7,11.4,10.6,1200,2.85,19.16,,,,,,0.0,0.0,5.5,-7.3,1.4,0.4,-0.3,0.1,1.2,3.3,6.0,10.8,14.8,3.2,4.5,,{박무}0230-{박무}{강도0}0300-{박무}{강도0}0600-0810.,,2022,3,9,62,1,0,0,0
108,서울,2022-03-04,6.9,0.6,0652,14.6,1338,,,,,,,18.5,180,1414,8.8,180,1419,3.6,3068,200,-0.5,35,1537,60.5,6.1,1001.0,1017.6,0006,1005.9,1707,1011.4,11.5,3.7,1300,2.31,10.65,,,,,,5.1,4.1,3.7,-5.1,1.7,0.6,-0.3,0.2,1.7,3.3,6.0,10.7,14.8,2.5,3.6,,{박무}2005-{박무}{강도0}2100-{박무}{강도0}2400- {황사}2020-{황사}{강도0}2100-{황사}{강도0}2400-,,2022,3,9,63,1,0,0,0
108,서울,2022-03-05,2.3,-0.7,2341,6.7,1600,,,,,,,15.2,250,1434,7.5,250,1438,4.3,3697,270,-11.0,22,1248,38.4,2.7,1005.2,1020.0,2333,1009.7,0001,1015.8,11.5,10.5,1200,2.96,20.26,,,,,,0.1,0.1,4.4,-2.7,1.5,0.6,-0.2,0.5,2.6,3.4,6.0,10.7,14.7,3.3,4.7,,-{박무}-0115. -{황사}-{황사}{강도0}0300-{황사}{강도0}0600-{황사}{강도0}0900-{황사}{강도0}1200-1320.,,2022,3,9,64,1,1,0,0
108,서울,2022-03-06,1.4,-3.0,0629,6.8,1603,,,,,,,8.6,270,1733,4.9,320,1458,2.6,2224,270,-11.5,20,1405,39.5,2.6,1011.0,1023.8,0908,1019.6,1642,1021.8,11.6,10.8,1200,3.03,21.0,,,,,,1.3,0.0,5.0,-9.8,1.4,0.8,0.7,1.4,2.9,3.6,6.0,10.6,14.7,3.0,4.3,,,,2022,3,9,65,1,1,0,0
108,서울,2022-03-07,2.8,-2.7,0703,8.7,1505,,,,,,,6.5,270,1630,3.9,270,1633,2.0,1734,270,-8.1,24,1422,45.8,3.3,1010.0,1022.6,0741,1018.8,1502,1020.7,11.6,7.0,1200,2.49,14.99,,,,,,6.1,2.4,3.9,-8.5,2.4,1.7,1.7,2.0,3.0,3.8,6.0,10.6,14.7,2.2,3.1,,,,2022,3,10,66,1,1,0,0
108,서울,2022-03-08,6.0,1.1,0307,12.3,1455,,,,,,,7.5,290,1541,4.1,270,1550,2.0,1692,270,-2.3,44,0048,56.1,5.3,1008.6,1020.2,0143,1017.3,1452,1019.2,11.6,8.2,1100,2.59,16.44,,,,,,4.9,3.5,6.8,-5.3,4.0,3.2,2.8,2.7,3.2,4.0,6.1,10.5,14.6,2.3,3.2,,,,2022,3,10,67,1,0,0,0
108,서울,2022-03-09,7.1,1.7,0706,14.8,1520,,,,,,,6.5,270,1732,4.2,250,1728,1.9,1667,270,1.3,34,1504,69.6,6.7,1011.2,1023.6,0830,1019.7,0001,1021.8,11.7,8.7,1300,2.81,18.85,,,,,,2.3,1.3,9.0,-4.2,5.4,4.6,4.1,4.0,3.9,4.2,6.2,10.5,14.6,,,,{박무}0355-{박무}{강도0}0600-{박무}{강도0}0900-1010. {연무}2040-{연무}{강도0}2100-2120.,,2022,3,10,68,1,0,0,0
108,서울,2022-03-10,9.3,4.2,0658,15.8,1534,,,,,,,9.6,200,1435,5.1,200,1558,2.1,1802,270,-1.6,17,1424,51.4,5.5,1010.1,1022.5,0816,1018.8,1636,1020.6,11.7,9.3,1200,2.41,16.75,,,,,,6.6,0.0,9.3,-2.1,6.6,5.9,5.3,5.0,4.7,4.4,6.3,10.5,14.5,3.4,4.8,,{연무}0130-{연무}{강도0}0300-{연무}{강도0}0600-{연무}{강도0}0900-1020. {햇무리}0950-1550.,,2022,3,10,69,1,0,0,0
108,서울,2022-03-11,11.2,5.1,0641,18.4,1544,,,,,,,6.4,270,1401,3.3,180,1330,1.9,1654,20,3.2,44,1602,58.4,7.9,1007.8,1020.3,0954,1015.6,1601,1018.1,11.8,5.9,1200,2.71,14.49,,,,,,5.3,2.8,11.4,-1.0,7.6,6.8,6.1,5.8,5.3,4.7,6.4,10.4,14.5,2.6,3.8,,,,2022,3,10,70,1,0,0,0
108,서울,2022-03-12,12.8,6.3,0632,19.5,1408,,,,,3.33,2.6,10.3,200,2128,5.2,180,2213,2.7,2350,200,7.6,49,1213,72.1,10.7,1004.4,1018.4,0753,1010.8,2247,1014.6,11.8,3.2,1200,2.35,12.82,,,,,,5.8,4.4,12.1,-0.5,9.1,8.1,7.3,6.8,6.1,5.0,6.5,10.4,14.5,2.1,3.0,44.4,{연무}1240-1310. {비}1935-{안개비}2025-{안개비}{강도0}2100-2135. {박무}1950-{박무}{강도0}2100-2105. {비}2240-{비}{강도0}2400- {박무}2335-{박무}{강도1}2400-,,2022,3,10,71,1,0,0,1
108,서울,2022-03-13,11.7,10.7,0111,12.6,0001,,,,,12.42,42.1,9.5,200,0321,4.8,320,0043,1.9,1661,250,10.9,90,1939,95.5,13.0,1000.6,1013.7,2238,1009.2,1401,1010.9,11.8,0.0,1400,0.35,2.1,,,,,,9.4,9.1,11.1,8.2,10.7,9.9,9.3,8.7,7.5,5.4,6.6,10.4,14.4,0.5,0.8,0.3,-{비}-{시정(미만)}{1km}{비}0129-{시정(이상)}{1km}{비}0135-{비}{강도1}0300-{안개비}0510-{안개비}{강도0}0600-{안개비}{강도0}0900-1020. -{박무}-{박무}{강도1}0300-{박무}{강도1}0600-{박무}{강도1}0900-{박무}{강도1}1200-{박무}{강도0}1500-{박무}{강도0}1800-2030. {안개비}1140-{안개비}{강도0}1200-1345.,,2022,3,10,72,1,0,0,1
108,서울,2022-03-14,8.2,4.9,2350,13.2,1205,,,,,5.58,8.7,12.0,250,1216,6.2,250,1243,3.2,2724,50,6.6,82,1117,90.3,9.9,1001.0,1013.6,0226,1008.9,1407,1011.4,11.9,0.0,1000,0.62,2.18,,,,,,6.4,5.5,7.7,3.3,9.4,8.9,8.7,8.5,8.0,6.0,6.8,10.3,14.4,0.6,0.8,8.7,{비}1205-{비}{강도0}1500-{안개비}1620-1740. {박무}1220-{박무}{강도1}1500-{박무}{강도0}1800-2010.,,2022,3,11,73,1,0,0,1
108,서울,2022-03-15,7.2,2.3,0702,13.3,1538,,,,,,,7.0,290,2112,3.9,250,0101,2.0,1698,250,2.2,46,1605,72.6,7.2,1003.7,1016.3,0759,1011.4,1709,1014.2,11.9,7.1,1300,2.76,17.55,,,,,,3.8,2.4,9.8,-0.9,8.7,8.1,7.7,7.8,7.7,6.4,7.1,10.3,14.3,2.2,3.2,,{연무}2020-{연무}{강도0}2100-2345.,,2022,3,11,74,1,0,0,0
108,서울,2022-03-16,10.3,3.6,0703,16.8,1513,,,,,,,6.5,320,1551,4.3,290,1333,2.1,1818,290,3.0,38,1552,62.6,7.6,1006.2,1019.8,2213,1013.9,0339,1016.6,12.0,8.1,1200,2.76,17.67,,,,,,3.8,0.0,10.8,-1.0,9.2,8.5,8.2,8.1,7.8,6.6,7.3,10.3,14.3,3.0,4.3,,{박무}0240-{박무}{강도0}0300-0505. {박무}0735-{박무}{강도0}0900-0950. {연무}1020-1110.,,2022,3,11,75,1,0,0,0
108,서울,2022-03-17,10.7,7.8,2333,15.1,1413,,,,,5.5,1.2,10.5,70,2215,5.9,50,2052,2.7,2325,50,3.5,45,1344,62.0,7.9,1008.5,1021.0,0902,1016.7,1715,1018.8,12.0,1.9,1100,2.17,9.49,,,,,,10.0,7.6,9.7,5.9,10.3,9.6,9.1,8.8,8.3,6.9,7.5,10.3,14.3,2.2,3.1,1.2,{햇무리}1045-1240. {비}1830-{비}{강도0}2100-{비}{강도0}2400-,,2022,3,11,76,1,0,0,1
108,서울,2022-03-18,7.5,5.5,2356,9.6,1246,,,,,4.17,0.0,12.3,70,0024,7.1,50,0642,4.4,3817,50,0.3,52,1536,60.8,6.3,1000.8,1017.7,0001,1008.4,2355,1011.2,12.0,0.0,1100,0.8,5.17,,,,,,9.1,7.5,7.2,4.6,9.1,8.7,8.7,8.7,8.6,7.1,7.7,10.2,14.2,1.5,2.2,10.0,-{비}-0250. {비}0510-0550. {비}1340-1420.,,2022,3,11,77,1,0,0,0
108,서울,2022-03-19,3.4,0.9,0721,6.1,1557,,,,,11.58,14.6,8.7,70,0131,4.9,50,0005,3.0,2556,50,1.0,62,0001,84.6,6.6,998.9,1015.6,2346,1005.0,0735,1009.5,12.1,0.0,1300,0.92,4.93,0.7,1050,0.7,1050,0.7,8.9,7.9,4.6,-0.5,6.9,6.6,7.0,7.6,8.1,7.4,7.9,10.2,14.2,0.7,1.0,4.6,{비}0210-{비}{강도0}0300-{진눈깨비}0520-{진눈깨비}{강도1}0600-{눈}0610-{진눈깨비}0820-{진눈깨비}{강도1}0900-{비}1145-{비}{강도0}1200-1345. {박무}0355-0425. {박무}0525-{박무}{강도1}0600-{박무}{강도1}0900-1140.,,2022,3,11,78,1,0,0,1
108,서울,2022-03-20,5.4,2.2,2400,9.3,1556,,,,,3.58,0.0,9.1,200,1652,5.0,230,1648,2.6,2219,250,-0.8,41,1518,66.1,5.9,1008.2,1022.9,2358,1015.6,0001,1018.8,12.1,6.3,1400,2.49,15.76,,,,,,5.1,4.3,8.2,-1.7,7.2,6.7,6.6,6.9,7.3,7.4,8.0,10.2,14.2,2.3,3.2,0.0,{비}0220-{비}{강도0}0300-0540. {박무}0630-{박무}{강도0}0900-0940. {비}0920-0935.,,2022,3,11,79,1,0,0,0
108,서울,2022-03-21,5.0,-0.3,0640,10.9,1355,,,,,,,8.4,290,2138,4.9,320,2200,2.4,2057,270,-5.1,27,1309,49.5,4.2,1013.3,1026.3,0740,1022.1,1847,1024.0,12.2,6.8,1200,2.62,16.69,,,,,,7.5,0.4,6.2,-5.4,6.8,6.4,6.5,6.9,7.4,7.4,8.2,10.2,14.1,2.7,3.9,,{햇무리}1140-1440.,,2022,3,12,80,1,1,0,0
108,서울,2022-03-22,7.1,1.1,0637,13.6,1617,,,,,,,8.3,270,1904,5.1,270,1911,2.2,1892,270,-3.5,27,1356,48.9,4.8,1011.4,1024.5,0831,1019.0,1755,1022.0,12.2,11.0,1200,3.04,21.71,,,,,,2.5,0.0,9.5,-3.5,7.7,7.1,6.9,7.0,7.3,7.4,8.3,10.2,14.1,3.3,4.8,,,,2022,3,12,81,1,0,0,0
108,서울,2022-03-23,6.2,4.9,0616,8.2,1615,,,,,,,7.8,270,1251,4.0,250,1626,2.3,1956,250,-1.9,41,1257,56.8,5.4,1007.5,1020.5,0023,1016.4,1634,1018.1,12.2,0.0,1000,0.99,7.05,,,,,,9.0,6.3,7.0,-0.3,7.7,7.3,7.3,7.6,7.7,7.4,8.3,10.2,14.1,1.4,2.0,,,,2022,3,12,82,1,0,0,0
108,서울,2022-03-24,8.2,3.9,0453,12.4,1459,,,,,,,6.0,200,1550,3.9,200,1511,1.8,1535,200,3.1,56,0001,70.6,7.7,1009.1,1021.7,2245,1017.4,0412,1019.6,12.3,0.7,1400,1.86,6.34,,,,,,8.4,4.4,8.5,0.0,7.8,7.2,7.1,7.3,7.6,7.5,8.4,10.2,14.0,1.2,1.8,,,,2022,3,12,83,1,0,0,0
108,서울,2022-03-25,12.0,6.3,0559,17.2,1549,,,,,4.75,10.9,10.4,50,2303,6.1,50,2306,2.6,2287,70,6.2,46,1320,70.0,9.6,1004.5,1022.2,0227,1003.2,2358,1014.8,12.3,1.3,0900,1.42,9.06,,,,,,7.9,3.9,10.3,1.9,9.0,8.4,7.8,7.7,7.7,7.5,8.5,10.2,14.0,1.7,2.4,29.5,{박무}0020-{박무}{강도0}0300-{박무}{강도0}0600-{박무}{강도0}0900-0915. {연무}0910-1140. {비}1915-{비}{강도0}2100-{비}{강도0}2400- {박무}1950-{박무}{강도0}2100-{박무}{강도0}2400-,,2022,3,12,84,1,0,0,1
108,서울,2022-03-26,11.8,9.5,0959,14.7,1735,,,,,11.08,19.8,12.0,230,0726,6.0,230,0728,2.9,2529,250,8.2,53,2116,80.9,11.2,992.1,1011.7,2352,994.9,0548,1002.3,12.4,0.9,1000,1.1,6.39,,,,,,8.3,5.6,12.0,6.0,11.0,10.3,9.6,9.2,8.5,7.6,8.5,10.2,14.0,1.3,1.9,1.2,-{비}-{비}{강도0}0300-{비}{강도1}0600-0643. -{박무}-{박무}{강도0}0300-{시정(미만)}{1km}{안개}0522-{시정(이상)}{1km}{박무}0532-{박무}{강도1}0600-0617. {비}0708-{비}{강도0}0900-1040. {박무}0755-{박무}{강도1}0900-1030. {안개비}1235-1325. {박무}1245-1305.,0.17,2022,3,12,85,1,0,0,1
108,서울,2022-03-27,8.1,5.0,2354,12.6,1432,,,,,,,13.5,290,1534,7.3,320,1701,3.0,2573,290,-2.7,23,1650,49.1,5.2,1005.6,1022.6,2357,1011.5,0001,1016.0,12.4,10.4,1200,3.09,22.23,,,,,,0.3,0.3,10.8,-1.5,9.8,9.3,9.2,9.3,9.0,7.8,8.5,10.2,13.9,3.9,5.6,,,,2022,3,12,86,1,0,0,0
108,서울,2022-03-28,8.2,1.5,0611,15.1,1600,,,,,,,7.6,250,1801,4.7,270,1805,2.1,1833,290,-6.9,15,1428,35.6,3.7,1015.2,1027.5,0925,1022.5,0007,1025.7,12.5,11.7,1200,3.38,24.71,,,,,,0.5,0.0,10.5,-6.7,9.2,8.7,8.6,8.8,8.9,8.1,8.6,10.0,13.9,4.6,6.6,,,,2022,3,13,87,1,0,0,0
108,서울,2022-03-29,9.7,3.3,0533,15.6,1545,,,,,,,8.6,270,1512,4.8,270,1443,2.1,1845,50,0.3,37,0001,52.9,6.4,1013.9,1027.4,0126,1022.1,1940,1024.4,12.5,11.2,1200,3.21,23.32,,,,,,1.4,0.4,11.6,-3.9,9.8,9.2,8.9,9.0,9.0,8.2,8.8,10.0,13.9,3.6,5.2,,,,2022,3,13,88,1,0,0,0
108,서울,2022-03-30,10.8,5.9,0629,15.7,1209,,,,,3.25,0.4,6.1,50,0954,3.6,50,0958,1.8,1573,50,6.6,50,1214,76.5,9.9,1010.3,1022.7,0217,1017.2,1641,1020.6,12.5,1.2,1100,1.85,7.64,,,,,,7.0,5.4,9.7,-0.7,10.1,9.6,9.4,9.4,9.3,8.3,8.9,10.1,13.8,1.4,1.9,0.4,{비}1235-1440. {비}1625-1735. {박무}2010-{박무}{강도0}2100-{박무}{강도0}2400-,,2022,3,13,89,1,0,0,1
108,서울,2022-03-31,10.9,7.6,2352,14.7,1421,,,,,,,8.6,250,1603,4.7,340,1632,2.5,2174,290,3.8,43,1711,63.5,8.1,1013.4,1028.0,2357,1020.5,0117,1023.8,12.6,3.3,1400,1.95,13.98,,,,,,7.0,4.6,11.9,1.0,11.3,10.6,10.1,9.9,9.5,8.5,9.0,10.1,13.8,2.7,3.9,,-{박무}-0220.,,2022,3,13,90,1,0,0,0
108,서울,2022-04-01,9.2,4.5,0620,14.9,1347,,,,,,,9.5,270,1510,5.0,270,1516,2.6,2257,50,-1.3,26,1453,50.5,5.6,1018.1,1030.8,0855,1026.5,1704,1028.7,12.6,10.9,1100,3.08,23.35,,,,,,1.1,0.6,12.2,0.2,10.8,10.2,10.0,10.0,9.8,8.6,9.1,10.2,13.8,3.7,5.3,,,,2022,4,13,91,1,0,0,0
108,서울,2022-04-02,8.2,3.7,0618,14.2,1444,,,,,,,10.9,250,1535,5.4,270,1536,2.3,1962,270,-1.1,28,1304,55.0,5.7,1016.7,1028.9,0029,1025.2,1450,1027.3,12.6,11.8,1200,3.27,24.09,,,,,,0.5,0.0,11.6,-4.4,10.6,10.0,9.9,10.0,9.9,8.8,9.2,10.2,13.8,3.9,5.6,,,,2022,4,13,92,1,0,0,0
108,서울,2022-04-03,9.6,3.5,0629,17.0,1527,,,,,,,8.0,290,1929,5.0,270,1744,2.1,1822,270,-0.2,24,1437,55.0,6.1,1017.3,1029.3,1023,1025.6,1547,1027.8,12.7,11.9,1200,3.31,24.34,,,,,,0.0,0.0,12.6,-4.5,11.0,10.3,10.0,10.1,10.0,8.9,9.4,10.2,13.7,4.2,6.1,,,,2022,4,13,93,1,0,0,0
108,서울,2022-04-04,10.3,5.1,0638,16.4,1328,,,,,,,8.4,290,1416,4.8,250,1513,2.3,1963,270,-0.7,24,1256,50.3,5.9,1017.2,1029.7,0713,1025.9,1747,1027.6,12.7,11.6,1200,3.3,24.75,,,,,,0.0,0.0,13.4,-2.8,11.5,10.9,10.6,10.5,10.3,9.1,9.5,10.2,13.7,4.6,6.5,,{연무}0205-{연무}{강도0}0300-0550. {박무}0545-{박무}{강도0}0600-0850. {연무}0845-{연무}{강도0}0900-0940.,,2022,4,14,94,1,0,0,0
108,서울,2022-04-05,10.3,4.9,0615,15.8,1409,,,,,,,9.0,200,1314,5.5,200,1321,2.4,2034,270,-3.0,23,1812,41.1,4.9,1011.9,1026.6,0001,1019.4,1612,1022.3,12.8,9.9,1200,2.86,21.21,,,,,,6.1,0.9,12.3,-4.2,11.3,10.7,10.5,10.6,10.5,9.2,9.6,10.3,13.7,3.9,5.6,,{햇무리}0740-1130.,,2022,4,14,95,1,0,0,0
108,서울,2022-04-06,11.7,8.0,0600,17.0,1431,,,,,,,7.3,270,1216,4.4,270,1242,2.5,2158,270,1.4,19,1358,52.3,6.9,1010.5,1023.2,0752,1018.9,1732,1020.9,12.8,8.6,1200,3.28,21.54,,,,,,6.4,4.6,13.8,4.5,12.5,11.8,11.3,11.0,10.7,9.4,9.7,10.3,13.6,4.2,6.0,,{박무}0705-0850. {햇무리}1350-1430.,,2022,4,14,96,1,0,0,0
108,서울,2022-04-07,10.9,7.4,2359,15.7,1310,,,,,,,11.2,200,1625,7.1,200,1617,3.3,2842,250,-1.8,21,1714,43.5,5.5,1007.5,1020.3,2230,1015.5,1513,1017.9,12.8,10.0,1200,3.38,24.3,,,,,,2.4,2.0,15.1,1.9,13.1,12.3,11.9,11.7,11.2,9.6,9.8,10.3,13.6,4.4,6.3,,,,2022,4,14,97,1,0,0,0
108,서울,2022-04-08,12.9,5.1,0612,20.0,1521,,,,,,,8.5,180,1629,5.0,200,1634,2.1,1806,200,1.4,27,1315,49.0,6.7,1008.5,1021.9,0846,1015.8,1702,1018.7,12.9,12.0,1200,3.31,24.92,,,,,,0.0,0.0,16.1,-1.5,13.1,12.4,11.9,11.8,11.5,9.8,10.0,10.3,13.6,4.9,7.0,0.5,,,2022,4,14,98,1,0,0,0
108,서울,2022-04-09,17.8,12.4,0751,24.2,1418,0.4,736,0.5,710,1.08,0.5,12.0,180,1923,6.7,200,1924,3.0,2573,200,5.0,34,1358,43.8,8.9,1004.6,1015.9,0002,1012.5,1524,1014.6,12.9,9.0,1200,3.11,21.41,,,,,,2.4,2.3,18.1,4.4,14.6,13.8,13.1,12.6,11.8,10.0,10.1,10.3,13.6,5.3,7.6,,{비}0710-0750. {비}0815-0840.,,2022,4,14,99,1,0,0,1
108,서울,2022-04-10,18.2,12.7,0614,25.1,1501,,,,,,,8.7,250,1743,4.9,270,1748,2.0,1758,270,5.6,22,1436,46.0,9.1,1006.1,1017.8,0743,1013.9,1540,1016.1,13.0,11.5,1200,3.25,24.18,,,,,,1.5,0.0,20.1,4.1,15.8,14.9,14.1,13.5,12.5,10.3,10.3,10.4,13.5,5.4,7.8,,,,2022,4,14,100,1,0,1,0
108,서울,2022-04-11,19.6,13.4,0556,26.6,1529,,,,,,,8.3,200,1705,4.6,230,1632,2.4,2049,70,11.2,34,1427,60.4,13.4,1002.7,1016.3,0013,1009.2,1743,1012.6,13.0,10.2,1200,3.29,24.04,,,,,,2.8,2.8,22.4,6.5,16.9,16.0,15.1,14.4,13.2,10.6,10.4,10.4,13.5,5.0,7.2,0.0,,,2022,4,15,101,1,0,1,0
108,서울,2022-04-12,19.3,15.9,2358,26.4,1449,0.3,2128,0.4,2038,4.0,0.5,10.9,290,1752,6.4,290,1723,2.8,2459,230,15.0,50,1431,77.9,17.0,1000.4,1011.9,0527,1007.2,1556,1010.4,13.1,6.0,1300,3.01,18.23,,,,,,8.6,6.9,23.6,13.8,18.9,17.4,16.4,15.5,14.1,10.9,10.6,10.4,13.5,3.4,4.9,1.8,{비}0355-0425. {비}2010-{비}{강도0}2100-2340. {박무}2040-{박무}{강도0}2100-2230. {박무}2310-{박무}{강도0}2400-,,2022,4,15,102,1,0,1,1
108,서울,2022-04-13,13.1,12.0,2135,15.9,0001,0.3,211,0.8,128,5.5,1.3,14.5,50,1534,8.4,50,1608,4.4,3817,70,7.2,47,2357,69.3,10.6,1004.2,1017.4,2400,1010.8,0109,1014.5,13.1,0.0,1000,0.64,4.06,,,,,,10.0,7.5,13.0,10.8,15.6,15.6,15.6,15.5,15.0,11.4,10.8,10.8,13.5,2.5,3.5,,{비}0110-{비}{강도0}0300-{비}{강도0}0600-0640. -{박무}-{박무}{강도1}0300-0555.,,2022,4,15,103,1,0,0,1
108,서울,2022-04-14,13.2,11.4,2335,15.3,1411,,,,,,,11.1,50,0826,6.6,50,0826,4.0,3465,70,3.8,45,0354,53.4,8.0,1008.0,1020.5,2345,1016.5,0429,1018.3,13.1,0.0,1300,1.63,9.52,,,,,,9.3,6.8,14.2,8.1,13.9,13.6,13.6,13.9,14.1,11.8,11.0,10.8,13.4,2.7,3.9,,,,2022,4,15,104,1,0,0,0
108,서울,2022-04-15,13.3,7.5,0627,19.3,1602,,,,,,,9.9,320,2043,5.7,290,1420,3.0,2622,50,1.7,28,1328,46.8,6.9,1007.4,1020.7,0012,1013.5,1600,1017.6,13.2,12.2,1200,3.42,26.31,,,,,,1.0,0.4,19.0,1.8,14.5,13.7,13.4,13.4,13.6,11.9,11.3,10.8,13.4,4.9,7.0,,,,2022,4,15,105,1,0,0,0
108,서울,2022-04-16,13.2,7.1,0557,20.2,1513,,,,,,,9.8,290,1633,5.5,270,1613,2.5,2198,250,1.5,18,1348,48.5,6.9,1007.2,1019.2,0747,1015.0,1543,1017.5,13.2,12.3,1200,3.47,26.64,,,,,,0.3,0.0,19.1,-1.9,14.8,14.1,13.8,13.7,13.8,12.0,11.5,10.9,13.4,5.3,7.6,,,,2022,4,15,106,1,0,0,0
108,서울,2022-04-17,14.0,7.2,0559,21.9,1418,,,,,,,9.0,290,1500,5.2,270,1504,2.3,1995,250,3.5,24,1818,53.8,7.9,1007.7,1019.6,1021,1016.3,1539,1017.9,13.2,11.7,1200,3.45,26.0,,,,,,2.6,0.0,19.5,-1.9,15.4,14.5,14.1,13.9,13.9,12.1,11.6,10.9,13.4,5.1,7.2,,{박무}0205-{박무}{강도0}0300-{박무}{강도0}0600-0705.,,2022,4,15,107,1,0,0,0
108,서울,2022-04-18,15.2,11.4,0309,21.6,1427,,,,,,,10.2,270,1433,5.5,250,1457,2.4,2053,250,2.6,21,1429,46.1,7.5,1007.4,1019.3,0046,1015.7,1744,1017.6,13.3,7.8,1200,3.19,20.59,,,,,,4.8,0.9,19.3,4.4,16.1,15.2,14.7,14.4,14.3,12.2,11.8,10.9,13.4,4.6,6.6,,{햇무리}0925-1140.,,2022,4,16,108,1,0,0,0
108,서울,2022-04-19,15.2,8.9,0614,22.1,1357,,,,,,,8.7,250,1411,5.2,250,1558,2.4,2064,250,4.6,28,1507,51.9,8.5,1006.9,1018.6,0108,1015.4,1708,1017.1,13.3,12.1,1200,3.27,25.17,,,,,,0.0,0.0,20.5,0.4,16.1,15.2,14.8,14.6,14.5,12.4,11.9,11.0,13.3,5.1,7.4,,{연무}2340-{연무}{강도0}2400-,,2022,4,16,109,1,0,0,0
108,서울,2022-04-20,15.7,9.7,0610,22.1,1357,,,,,,,9.0,290,1452,4.7,230,1345,2.3,1969,250,4.0,23,1327,48.8,8.1,1005.5,1018.0,0018,1013.2,1643,1015.7,13.4,12.3,1200,3.39,26.26,,,,,,0.0,0.0,21.3,-0.1,16.5,15.6,15.1,14.8,14.7,12.5,12.1,11.0,13.3,5.6,8.0,,-{연무}-{연무}{강도0}0300-{연무}{강도0}0600-0810.,,2022,4,16,110,1,0,0,0
108,서울,2022-04-21,16.3,9.6,0543,22.7,1343,,,,,,,10.0,180,1322,5.9,200,1559,2.8,2382,200,4.4,21,1146,48.4,8.6,1001.6,1015.1,0001,1009.2,1536,1011.7,13.4,6.3,1100,3.0,19.54,,,,,,5.3,4.4,19.7,0.3,16.4,15.6,15.2,15.1,15.0,12.7,12.2,11.1,13.3,4.8,6.8,,,,2022,4,16,111,1,0,0,0
108,서울,2022-04-22,15.0,13.2,2349,16.8,0929,,,,,,,11.7,200,1238,6.6,230,1251,3.5,3006,200,10.8,58,0103,76.8,13.1,1000.3,1012.8,2354,1008.8,1520,1010.4,13.4,0.0,0900,0.45,3.06,,,,,,8.5,8.3,15.1,9.2,15.4,15.1,15.1,15.0,15.2,12.9,12.4,11.1,13.3,1.1,1.6,,{박무}1435-{박무}{강도0}1500-{박무}{강도0}1800-{박무}{강도0}2100-{박무}{강도0}2400-,,2022,4,16,112,1,0,0,0
108,서울,2022-04-23,17.7,10.4,0539,25.3,1555,,,,,,,6.8,140,1333,3.5,110,1341,1.7,1510,250,7.2,21,1749,57.3,10.4,1001.9,1015.0,0842,1008.7,1633,1011.9,13.5,9.1,1200,3.26,23.47,,,,,,6.0,1.0,22.9,2.2,17.1,15.8,15.0,14.7,14.8,13.1,12.5,11.2,13.3,4.2,6.0,0.3,-{박무}-{박무}{강도0}0300-{박무}{강도0}0600-{박무}{강도0}0900-0950.,,2022,4,16,113,1,0,1,0
108,서울,2022-04-24,18.5,15.0,0608,24.5,1418,0.1,,0.2,,4.75,0.3,8.0,270,1407,5.0,270,1814,2.3,1976,270,13.1,48,1553,72.5,15.2,1001.2,1012.5,2320,1008.7,1614,1011.2,13.5,7.0,1200,3.39,20.45,,,,,,6.4,5.6,22.8,9.1,18.6,17.2,16.3,15.7,15.3,13.2,12.7,11.2,13.3,3.8,5.5,1.1,{안개비}0445-{안개비}{강도0}0600-{안개비}{강도0}0900-0920. {박무}0445-{박무}{강도0}0600-{박무}{강도0}0900-1005. {안개비}2350-{안개비}{강도0}2400- {박무}2355-{박무}{강도0}2400-,,2022,4,16,114,1,0,0,1
108,서울,2022-04-25,20.0,17.0,0001,23.6,1606,0.1,,0.3,529,11.25,1.3,5.5,140,2331,3.2,110,2340,1.4,1207,50,16.3,61,1554,80.5,18.6,1000.6,1013.8,0724,1005.9,2356,1010.5,13.5,0.3,1300,1.98,8.1,,,,,,10.0,6.0,20.6,15.8,18.9,17.9,17.1,16.6,16.1,13.3,12.8,11.3,13.3,2.0,2.8,1.2,-{안개비}-{안개비}{강도0}0300-{안개비}{강도0}0600-0830. -{박무}-{박무}{강도1}0300-{박무}{강도2}0600-{박무}{강도0}0900-1050. {비}2115-{비}{강도0}2400- {박무}2335-{박무}{강도0}2400-,,2022,4,17,115,1,0,0,1
108,서울,2022-04-26,21.9,17.0,0437,28.7,1451,0.3,249,0.8,237,4.83,1.0,11.5,320,1740,6.7,290,1743,3.1,2652,270,12.5,36,1538,57.9,14.7,993.2,1009.3,2359,998.6,1540,1003.0,13.6,9.5,1200,3.48,24.94,,,,,,5.0,2.1,26.0,12.3,20.6,19.0,17.8,17.0,16.3,13.6,12.9,11.3,13.2,6.3,9.0,,-{비}-{비}{강도0}0300-0450. -{박무}-{박무}{강도0}0300-0405. {햇무리}1345-1530.,,2022,4,17,116,1,0,1,1
108,서울,2022-04-27,17.7,12.6,0528,23.9,1551,,,,,,,9.5,340,0604,4.7,320,0613,2.7,2344,250,0.1,17,1407,31.5,6.3,1004.3,1017.3,2258,1009.3,0001,1014.4,13.6,11.8,1200,3.46,26.83,,,,,,0.4,0.0,24.1,5.0,19.4,18.6,18.0,17.5,17.0,13.9,13.1,11.4,13.2,6.4,9.1,,{황사}0325-{황사}{강도0}0600-{황사}{강도0}0900-{황사}{강도0}1200-{황사}{강도0}1500-{황사}{강도0}1800-{황사}{강도0}2100-{황사}{강도0}2400-,,2022,4,17,117,1,0,0,0
108,서울,2022-04-28,18.2,11.6,0603,25.9,1432,0.0,,0.0,,0.25,0.0,13.1,50,2202,5.6,50,2150,2.6,2249,50,4.9,19,1359,44.0,8.8,1005.6,1018.8,0658,1013.2,1529,1015.6,13.6,8.3,1200,3.29,22.34,,,,,,5.8,3.5,24.4,4.4,19.4,18.3,17.7,17.4,17.1,14.2,13.3,11.5,13.2,5.1,7.3,15.5,-{황사}-0025. {비}2345-{비}{강도0}2400-,,2022,4,17,118,1,0,1,0
108,서울,2022-04-29,13.4,10.7,0619,16.5,1236,0.9,454,4.0,423,9.75,15.5,10.6,70,0917,5.7,50,1016,3.4,2947,50,7.8,54,1415,70.6,10.7,1006.3,1020.3,2356,1014.2,0252,1016.5,13.7,1.5,1100,2.77,13.08,,,,,,8.8,7.4,15.1,8.4,17.1,17.0,17.2,17.2,17.3,14.4,13.4,11.5,13.2,2.6,3.7,0.0,{박무}0145-{박무}{강도0}0300-{박무}{강도0}0600-0635. -{비}-{비}{강도0}0300-{비}{강도1}0600-{비}{강도0}0900-0945.,,2022,4,17,119,1,0,0,1
108,서울,2022-04-30,13.0,10.5,0143,17.8,1326,,,,,,,10.5,270,1513,6.6,270,1511,2.9,2494,50,7.0,49,1328,68.0,10.1,1007.2,1020.5,0009,1014.5,1651,1017.4,13.7,0.8,1300,2.18,12.52,,,,,,8.0,5.8,14.6,5.9,16.0,15.7,15.9,16.1,16.6,14.6,13.6,11.6,13.2,2.6,3.7,,{박무}2110-2330.,,2022,4,17,120,1,0,0,0
108,서울,2022-05-01,13.4,7.9,0514,19.2,1512,,,,,,,14.1,230,1415,7.5,230,1424,3.1,2702,270,3.3,22,1329,54.8,7.9,1002.6,1016.6,0016,1010.3,1739,1012.8,13.8,10.0,1200,3.63,27.41,,,,,,1.3,1.3,19.1,-0.5,16.1,15.5,15.4,15.6,16.1,14.6,13.8,11.6,13.2,5.1,7.3,,,,2022,5,17,121,1,0,0,0
108,서울,2022-05-02,14.2,9.1,0538,19.4,1508,,,,,,,10.4,290,1233,5.2,250,1250,2.4,2087,270,4.3,26,1621,56.5,8.5,1003.2,1016.7,2350,1011.6,1514,1013.4,13.8,10.4,1200,3.69,26.03,,,,,,2.0,2.0,20.3,0.9,16.7,16.1,15.9,15.9,16.2,14.6,13.9,11.7,13.2,4.9,7.0,,{박무}0510-{박무}{강도0}0600-0850.,,2022,5,18,122,1,0,0,0
108,서울,2022-05-03,14.8,9.1,0606,20.8,1535,,,,,,,9.5,250,1658,5.3,180,1300,2.5,2180,250,2.2,24,1430,45.9,7.3,1008.5,1019.8,2242,1016.7,0001,1018.7,13.8,12.5,1200,3.51,28.07,,,,,,1.0,0.0,21.5,0.4,17.3,16.5,16.2,16.1,16.3,14.6,14.0,11.7,13.2,5.9,8.4,,,,2022,5,18,123,1,0,0,0
108,서울,2022-05-04,17.8,10.0,0620,25.2,1348,,,,,,,9.8,230,1427,5.7,230,1545,2.7,2354,230,4.8,31,1011,43.3,8.7,1008.5,1019.8,0021,1016.5,1603,1018.6,13.9,12.6,1200,3.41,27.22,,,,,,0.0,0.0,23.3,2.3,18.3,17.3,16.7,16.6,16.6,14.7,14.1,11.8,13.2,6.3,8.9,,,,2022,5,18,124,1,0,1,0
108,서울,2022-05-05,18.9,12.5,0557,25.8,1501,,,,,,,7.2,230,1741,4.8,270,1812,2.2,1934,20,7.1,30,0926,48.1,10.3,1008.3,1020.5,0945,1015.7,1704,1018.4,13.9,12.7,1200,3.67,29.35,,,,,,0.5,0.0,26.5,3.3,19.6,18.5,17.7,17.2,17.0,14.8,14.2,11.9,13.2,6.0,8.5,,,,2022,5,18,125,1,0,1,0
108,서울,2022-05-06,19.6,13.7,0530,25.6,1345,,,,,,,8.6,320,1223,5.1,200,1326,2.5,2158,270,12.8,40,1412,67.1,14.9,1006.1,1017.8,0028,1014.1,1640,1016.1,13.9,10.3,1200,3.69,25.6,,,,,,5.3,2.9,25.6,5.7,20.4,19.2,18.4,17.9,17.6,15.0,14.3,11.9,13.2,4.8,6.8,0.5,,,2022,5,18,126,1,0,1,0
108,서울,2022-05-07,18.4,15.3,0754,23.1,1319,0.2,,0.2,,3.92,0.5,10.7,270,1436,5.9,290,1219,3.0,2633,270,6.3,18,1557,52.4,10.5,1006.6,1018.7,2327,1015.3,1544,1016.7,13.9,6.8,1200,3.57,22.57,,,,,,8.6,3.5,23.2,8.6,20.7,19.8,19.1,18.6,18.2,15.2,14.4,12.0,13.2,6.0,8.6,,{비}0320-{비}{강도0}0600-0630. {박무}0350-0440. {안개비}0745-0830.,,2022,5,18,127,1,0,0,1
108,서울,2022-05-08,15.3,11.7,2344,18.2,1230,0.4,2113,1.1,2110,5.58,2.0,10.6,50,1915,5.2,50,1918,2.8,2461,50,4.6,35,0001,51.8,8.6,1008.7,1020.9,0731,1017.1,1642,1018.9,14.0,0.0,1200,1.0,6.2,,,,,,9.1,4.3,16.2,10.0,17.9,18.0,18.2,18.3,18.4,15.5,14.6,12.1,13.2,2.3,3.3,2.0,{비}1720-{비}{강도0}1800-{비}{강도0}2100-2255.,,2022,5,18,128,1,0,0,1
108,서울,2022-05-09,17.9,11.0,0613,25.3,1620,,,,,,,7.3,110,1344,4.5,110,1252,2.2,1900,70,8.2,30,1628,56.4,10.8,1007.8,1020.1,0736,1015.3,1647,1017.9,14.0,12.8,1200,3.77,29.25,,,,,,3.1,1.3,23.6,7.3,19.1,18.1,17.5,17.4,17.7,15.7,14.7,12.1,13.2,5.7,8.1,,,,2022,5,19,129,1,0,1,0
108,서울,2022-05-10,19.9,13.6,0547,26.3,1529,0.0,,0.0,,1.33,0.0,9.2,160,1342,4.6,160,1338,2.2,1910,50,4.1,16,1424,39.0,8.3,1005.7,1018.5,0742,1012.8,1728,1015.7,14.0,9.5,1200,3.75,27.82,,,,,,7.3,2.3,26.7,5.8,20.5,19.4,18.6,18.2,18.1,15.8,14.9,12.2,13.2,7.1,10.1,0.0,{비}2240-{비}{강도0}2400-,,2022,5,19,130,1,0,1,0
108,서울,2022-05-11,19.7,16.6,2353,25.2,1508,0.0,,0.0,,0.92,0.0,7.8,290,1531,4.4,230,1609,2.4,2093,270,8.7,35,1331,50.4,11.3,1004.7,1015.8,0917,1013.0,1607,1014.6,14.1,9.8,1100,3.31,25.73,,,,,,6.9,2.6,28.2,12.6,21.9,20.6,19.6,19.1,18.6,15.9,15.0,12.2,13.2,5.0,7.2,,-{비}-0030. {비}0210-0235.,,2022,5,19,131,1,0,1,0
108,서울,2022-05-12,20.9,14.1,0607,28.1,1540,,,,,,,7.3,270,1653,4.8,250,1657,1.9,1621,250,9.8,32,1432,51.5,12.1,1000.7,1014.7,0001,1007.6,1725,1010.6,14.1,11.4,1200,3.47,27.45,,,,,,3.9,0.8,28.5,7.8,22.3,21.0,20.1,19.5,19.1,16.1,15.1,12.3,13.2,5.8,8.3,,,,2022,5,19,132,1,0,1,0
108,서울,2022-05-13,19.4,15.0,2358,25.2,1355,,,,,,,11.7,320,1749,6.1,290,1753,2.2,1923,50,6.9,28,1509,45.8,10.0,997.5,1009.3,2333,1004.6,1529,1007.4,14.1,4.8,1000,2.71,19.95,,,,,,5.9,4.5,24.2,7.1,21.8,20.9,20.4,19.9,19.6,16.4,15.3,12.3,13.2,4.8,6.8,,,,2022,5,19,133,1,0,1,0
108,서울,2022-05-14,15.7,11.9,0545,20.0,1342,,,,,,,11.9,230,1650,6.3,270,1143,3.3,2855,250,3.5,29,1103,45.5,7.9,1001.8,1015.6,2325,1009.1,0154,1011.9,14.2,10.8,1300,2.61,22.58,,,,,,4.4,0.0,22.0,3.6,19.5,19.2,19.3,19.3,19.5,16.6,15.4,12.4,13.2,5.2,7.5,,,,2022,5,19,134,1,0,0,0
108,서울,2022-05-15,16.2,10.5,0516,22.4,1509,,,,,,,10.8,270,1511,6.4,270,1531,3.2,2735,270,1.8,24,1708,39.8,7.0,1003.6,1016.1,0837,1011.2,1740,1013.7,14.2,12.9,1200,3.68,30.01,,,,,,2.0,0.5,24.7,1.4,19.9,19.0,18.8,18.7,19.1,16.8,15.6,12.5,13.2,6.6,9.4,,,,2022,5,19,135,1,0,0,0
108,서울,2022-05-16,17.3,10.9,0537,23.7,1352,,,,,,,10.8,250,1645,5.9,230,1650,2.8,2445,200,8.0,36,1409,56.3,10.8,1001.0,1013.7,0021,1008.3,1550,1011.1,14.2,13.1,1200,3.53,28.89,,,,,,0.5,0.5,25.5,1.9,20.7,19.6,19.2,19.0,19.2,16.9,15.7,12.5,13.2,5.8,8.2,,,,2022,5,20,136,1,0,0,0
108,서울,2022-05-17,20.0,13.0,0551,27.4,1527,,,,,,,9.4,200,1429,5.1,180,1459,2.4,2085,230,11.3,36,1453,60.1,13.4,1002.6,1014.7,2337,1010.8,1500,1012.5,14.2,12.8,1200,3.41,27.56,,,,,,0.3,0.3,27.5,7.1,22.2,20.8,20.0,19.5,19.5,17.0,15.9,12.6,13.2,5.5,7.8,0.0,,,2022,5,20,137,1,0,1,0
108,서울,2022-05-18,20.0,15.7,0442,25.4,1404,0.6,911,1.5,853,2.33,1.5,11.0,230,1824,6.0,200,1723,2.9,2511,200,11.4,39,1338,59.4,13.5,1005.5,1018.0,0902,1012.9,1751,1015.4,14.3,6.4,1300,2.96,15.71,,,,,,4.3,2.9,19.6,8.3,20.9,20.5,20.1,19.9,20.0,17.1,16.0,12.7,13.2,4.2,6.1,1.5,{박무}0150-{박무}{강도0}0300-{박무}{강도0}0600-0620. {비}0750-{비}{강도0}0900-1010.,,2022,5,20,138,1,0,1,1
108,서울,2022-05-19,19.9,16.1,0614,24.2,1406,,,,,,,10.6,180,1611,5.4,180,1346,3.0,2615,200,9.9,43,1036,53.6,12.3,1006.0,1016.7,2306,1014.6,1811,1016.0,14.3,7.8,1000,2.56,20.97,,,,,,4.9,0.9,24.5,10.5,21.1,20.4,19.9,19.6,19.7,17.3,16.1,12.7,13.2,4.6,6.5,,{햇무리}1055-1310.,,2022,5,20,139,1,0,0,0
108,서울,2022-05-20,20.6,15.6,0543,25.8,1322,,,,,,,8.4,270,1359,5.1,270,1334,2.3,2005,270,10.1,28,1554,52.8,12.4,1003.2,1016.3,0001,1010.5,1745,1013.1,14.3,10.8,1200,3.29,25.74,,,,,,5.0,2.1,26.6,7.8,22.1,21.0,20.2,19.8,19.8,17.4,16.3,12.8,13.2,5.1,7.3,,,,2022,5,20,140,1,0,1,0
108,서울,2022-05-21,20.1,16.1,2349,26.0,1420,,,,,,,9.3,290,1608,5.1,270,1433,2.5,2125,270,14.2,48,1559,70.8,16.2,999.1,1011.9,0001,1006.5,1756,1009.0,14.3,9.3,1200,3.47,24.88,,,,,,3.6,3.6,27.1,10.6,23.1,22.0,21.0,20.4,20.2,17.5,16.4,12.9,13.2,4.6,6.5,,{박무}0255-{박무}{강도0}0300-{박무}{강도0}0600-0740.,,2022,5,20,141,1,0,1,0
108,서울,2022-05-22,20.3,15.7,0315,25.8,1450,,,,,,,8.2,200,1246,4.6,180,1229,2.5,2134,270,14.5,52,1431,70.9,16.5,997.6,1009.3,2354,1005.6,1550,1007.5,14.4,9.0,1200,3.45,24.3,,,,,,3.8,3.8,27.6,13.9,23.5,22.4,21.6,20.9,20.7,17.7,16.5,12.9,13.3,4.6,6.5,,{박무}0415-{박무}{강도0}0600-0740.,,2022,5,20,142,1,0,1,0
108,서울,2022-05-23,23.0,17.8,0108,30.7,1513,,,,,,,7.2,200,1931,4.3,250,1656,2.3,2021,270,15.1,39,1516,63.5,17.2,1001.7,1014.6,2259,1009.3,0001,1011.5,14.4,10.4,1200,3.38,26.01,,,,,,3.0,2.1,30.2,13.7,24.7,23.4,22.3,21.5,21.1,17.9,16.6,13.0,13.3,5.8,8.2,,{박무}0025-{박무}{강도0}0300-{박무}{강도0}0600-{박무}{강도0}0900-0915. {연무}0910-1130.,,2022,5,21,143,1,0,1,0
108,서울,2022-05-24,22.9,16.7,0528,30.2,1450,,,,,,,7.5,250,1453,4.6,250,1727,2.1,1789,270,12.9,29,1505,56.8,14.9,1003.7,1016.2,0813,1011.3,1628,1013.5,14.4,12.3,1200,3.59,28.86,,,,,,3.4,0.0,30.8,9.9,24.9,23.8,22.8,22.0,21.6,18.1,16.8,13.1,13.3,6.1,8.8,,{박무}0435-0550.,,2022,5,21,144,1,0,1,0
108,서울,2022-05-25,21.0,16.7,2400,26.7,1211,1.4,2112,2.9,2100,4.92,3.5,9.6,290,1500,5.0,270,1509,2.6,2240,250,13.9,36,1539,66.6,15.9,998.4,1012.4,0003,1005.1,2018,1008.3,14.5,8.1,1100,2.99,22.59,,,,,,6.5,2.4,28.7,10.4,24.0,23.3,22.7,22.2,22.0,18.4,16.9,13.1,13.3,4.5,6.4,3.5,{햇무리}1140-1410. {비}1755-{비}{강도0}1800-{비}{강도0}2100-2250. {박무}2105-2210.,,2022,5,21,145,1,0,1,1
108,서울,2022-05-26,18.7,14.1,0540,23.5,1513,0.0,,0.0,,0.75,0.0,13.0,200,1720,7.6,200,1541,3.7,3206,230,9.7,29,1642,59.9,12.3,993.9,1006.4,0816,1001.0,2355,1003.8,14.5,11.6,1200,3.73,28.88,,,,,,4.5,4.1,24.7,10.4,22.9,22.4,22.1,21.9,22.0,18.7,17.1,13.2,13.3,6.4,9.1,0.0,{비}2315-{비}{강도0}2400-,,2022,5,21,146,1,0,0,0
108,서울,2022-05-27,20.0,16.0,0601,25.6,1552,0.0,,0.0,,0.17,0.0,10.0,290,1224,6.3,270,1233,3.3,2890,250,12.2,47,1212,62.5,14.3,991.1,1004.2,2338,999.1,0348,1000.9,14.5,11.8,1200,3.45,28.71,,,,,,2.4,2.4,29.1,13.5,23.2,22.4,22.0,21.7,21.7,18.8,17.3,13.3,13.3,5.7,8.1,,-{비}-0010.,,2022,5,21,147,1,0,1,0
108,서울,2022-05-28,22.3,15.0,0439,29.3,1426,,,,,,,12.4,200,1542,6.8,230,1550,2.8,2380,230,11.7,29,1821,54.1,13.8,995.1,1007.0,2352,1003.1,0306,1004.8,14.5,12.4,1200,3.41,27.49,,,,,,2.1,0.8,27.2,7.3,24.0,23.0,22.3,21.8,21.8,19.0,17.4,13.3,13.3,6.2,8.9,,{햇무리}1045-1330.,,2022,5,21,148,1,0,1,0
108,서울,2022-05-29,23.1,19.3,0446,29.7,1648,,,,,,,9.2,200,0031,5.0,270,1832,2.3,2011,230,16.1,39,1600,66.4,18.3,995.0,1007.2,0723,1002.0,1639,1004.7,14.5,7.0,1100,3.58,21.5,,,,,,6.0,5.5,27.0,16.7,24.8,23.8,23.0,22.3,22.1,19.1,17.6,13.4,13.3,4.5,6.4,0.0,,,2022,5,21,149,1,0,1,0
108,서울,2022-05-30,20.8,17.2,2335,24.7,1237,0.0,,0.0,,1.08,0.0,9.8,270,1557,4.8,250,1456,2.5,2129,290,15.2,55,2145,71.0,17.4,992.5,1005.4,2357,1000.2,1507,1002.3,14.5,0.2,1100,1.77,9.8,,,,,,7.9,6.1,23.4,10.6,23.6,23.2,22.9,22.6,22.4,19.2,17.7,13.5,13.3,2.7,3.9,0.0,{비}0555-{비}{강도0}0600-0650. {안개비}1905-1915.,,2022,5,22,150,1,0,0,0
108,서울,2022-05-31,20.7,14.2,0525,27.2,1428,,,,,,,11.8,230,1611,6.6,230,1611,2.5,2165,230,6.4,19,1512,42.4,9.8,997.5,1008.9,0959,1005.4,0001,1007.4,14.6,12.0,1200,3.62,27.48,,,,,,1.4,0.4,28.1,6.5,23.2,22.4,21.9,21.8,22.0,19.4,17.9,13.5,13.4,6.8,9.7,,,,2022,5,22,151,1,0,1,0
108,서울,2022-06-01,22.1,16.2,0547,28.6,1415,,,,,,,10.3,290,1306,5.5,270,1309,2.6,2255,270,7.3,18,1418,41.6,10.4,995.8,1009.3,0333,1003.0,1752,1005.6,14.6,13.5,1200,3.72,30.79,,,,,,0.6,0.0,29.4,9.5,24.2,23.2,22.5,22.0,22.0,19.5,18.0,13.6,13.4,7.6,10.9,,,,2022,6,22,152,0,0,1,0
108,서울,2022-06-02,21.5,17.1,0150,26.9,1324,,,,,,,7.6,200,1355,4.5,270,1443,2.7,2302,250,14.8,46,1351,67.4,16.9,997.3,1008.8,2349,1005.3,0038,1007.2,14.6,10.4,1300,3.43,27.13,,,,,,3.9,1.9,30.6,9.1,24.8,23.9,23.1,22.6,22.4,19.5,18.1,13.7,13.4,5.4,7.7,,,,2022,6,22,153,0,0,1,0
108,서울,2022-06-03,24.5,18.7,0023,32.6,1506,,,,,,,7.9,270,1627,4.6,250,1521,2.0,1751,250,16.3,34,1348,62.8,18.5,999.4,1011.1,2358,1007.3,1428,1009.2,14.6,10.6,1200,3.46,27.2,,,,,,4.1,2.4,33.7,16.3,26.4,25.1,24.0,23.1,22.8,19.7,18.2,13.8,13.4,5.8,8.3,,,,2022,6,22,154,0,0,1,0
108,서울,2022-06-04,25.6,20.3,0546,29.7,1724,,,,,,,5.0,180,1040,2.8,180,1208,1.7,1460,50,16.0,44,1752,57.0,18.3,999.4,1012.0,0408,1005.7,2356,1009.1,14.6,6.2,1000,2.7,18.22,,,,,,7.0,2.3,30.4,16.7,26.2,25.3,24.5,23.7,23.5,19.9,18.4,13.8,13.4,4.0,5.7,0.0,,,2022,6,22,155,0,0,1,0
108,서울,2022-06-05,22.7,20.2,2132,27.0,1142,0.0,,0.0,,1.58,0.0,9.5,110,1340,4.3,110,1346,2.3,2007,70,14.3,43,1115,59.8,16.3,992.9,1006.1,0005,999.9,2358,1002.6,14.7,0.1,1000,1.84,8.16,,,,,,9.1,4.3,23.8,18.0,24.2,24.1,24.0,23.6,23.6,20.1,18.5,13.9,13.4,2.4,3.5,3.5,{비}0740-0815. {비}1950-2050.,,2022,6,22,156,0,0,1,0
108,서울,2022-06-06,19.7,16.7,2323,24.5,1517,1.2,233,1.7,638,8.0,4.3,11.4,20,1459,5.7,50,1342,3.2,2800,70,13.4,47,1632,69.0,15.5,991.8,1006.4,2341,998.9,0356,1001.6,14.7,5.5,1300,3.52,21.01,,,,,,6.9,5.4,23.4,14.8,23.3,23.0,22.8,22.8,23.0,20.3,18.7,14.0,13.5,4.8,6.9,0.8,{비}0230-{비}{강도0}0300-{비}{강도0}0600- {비}{강도0}0900-1030.,,2022,6,23,157,0,0,0,1
108,서울,2022-06-07,20.6,15.1,0550,25.1,1236,0.0,,0.0,,0.67,0.0,10.0,70,0032,5.2,50,0058,2.7,2371,50,10.8,39,1305,54.5,12.9,997.3,1009.8,2400,1005.8,0245,1007.2,14.7,6.2,1100,3.34,17.34,,,,,,6.4,5.6,24.8,13.1,22.5,22.3,22.2,22.2,22.6,20.3,18.8,14.1,13.5,4.1,5.8,,{비}0330-0410.,,2022,6,23,158,0,0,1,0
108,서울,2022-06-08,21.2,16.2,0541,25.8,1449,,,,,,,6.7,50,0427,3.9,270,1827,2.3,1986,50,13.3,48,1451,61.6,15.4,1001.1,1012.7,2224,1009.2,1539,1011.0,14.7,5.1,0900,2.6,16.97,,,,,,6.4,5.9,28.5,14.0,22.9,22.5,22.1,22.1,22.3,20.3,18.9,14.1,13.5,3.1,4.4,0.1,,,2022,6,23,159,0,0,1,0
108,서울,2022-06-09,20.9,18.5,0517,24.5,1620,1.3,1259,2.5,1245,4.33,2.6,6.7,290,1625,3.5,290,1633,1.6,1356,290,16.4,56,1739,76.1,18.6,1003.0,1014.1,1001,1011.5,1803,1012.8,14.7,2.6,1400,1.81,10.66,,,,,,5.5,3.3,22.4,13.9,22.2,22.0,21.9,22.0,22.3,20.3,19.0,14.2,13.5,2.4,3.4,2.5,{비}0525-0535. {비}0650-{비}{강도0}0900-0955. {소나기}1245-1350.,,2022,6,23,160,0,0,0,1
108,서울,2022-06-10,20.9,17.2,0534,26.6,1128,0.7,1410,1.2,1338,2.67,1.2,8.2,290,1325,4.8,290,1332,1.9,1683,20,16.2,50,1138,75.8,18.4,1003.8,1014.7,2155,1012.6,1522,1013.7,14.7,4.8,1100,2.52,15.38,,,,,,5.6,2.4,22.3,12.4,21.9,21.7,21.6,21.6,21.9,20.2,19.1,14.3,13.5,3.0,4.3,1.2,{소나기}1330-1455. {소나기}1935-2050.,,2022,6,23,161,0,0,1,1
108,서울,2022-06-11,24.6,17.7,0527,32.7,1629,,,,,,,8.1,70,1311,4.7,20,1822,2.2,1872,50,15.5,33,1333,59.6,17.6,1002.1,1014.1,0036,1008.6,1652,1011.9,14.7,10.7,1200,3.53,26.54,,,,,,3.4,1.9,27.8,13.4,24.3,23.2,22.2,21.7,21.8,20.2,19.1,14.3,13.6,6.3,8.9,,,,2022,6,23,162,0,0,1,0
108,서울,2022-06-12,24.6,18.9,0525,31.5,1520,,,,,,,6.8,50,0802,3.8,250,1653,2.5,2130,50,15.5,36,1524,58.9,17.7,1001.9,1013.8,0648,1009.3,1609,1011.6,14.7,9.3,1200,3.19,24.52,,,,,,5.8,1.8,32.4,15.3,25.5,24.6,23.6,22.8,22.5,20.1,19.1,14.4,13.6,4.9,7.1,18.0,{박무}2355-{박무}{강도0}2400-,,2022,6,23,163,0,0,1,0
108,서울,2022-06-13,23.6,19.6,0513,29.2,1234,6.7,323,15.9,243,3.83,18.0,8.6,70,2150,4.4,360,1552,2.6,2247,50,17.1,51,1252,68.5,19.7,999.0,1011.2,0001,1006.0,1420,1008.8,14.7,7.7,1100,3.11,20.66,,,,,,7.5,5.3,25.0,17.9,25.1,24.7,24.0,23.4,23.0,20.2,19.2,14.5,13.6,4.9,7.0,0.0,-{박무}-0120. {소나기}0205-{소나기}{강도0}0300-{시정(미만)}{1km}{소나기}0323-{시정(이상)}{1km}{소나기}0338-0430. {박무}0215-{박무}{강도1}0300-0425. {소나기}1305-1330. {소나기}1510-1610.,,2022,6,24,164,0,0,1,1
108,서울,2022-06-14,21.5,17.7,2357,27.1,1245,0.0,,0.0,,1.67,0.0,12.2,70,0855,6.0,50,1851,4.2,3614,50,12.2,42,1154,56.4,14.2,998.4,1009.8,0001,1007.2,1436,1008.2,14.8,5.7,1100,3.5,18.58,,,,,,7.8,3.9,23.1,14.6,23.3,23.2,23.1,23.0,23.0,20.4,19.2,14.6,13.6,4.2,6.0,10.5,{비}2220-{비}{강도0}2400-,,2022,6,24,165,0,0,1,0
108,서울,2022-06-15,17.5,14.9,0603,20.1,1921,1.6,203,5.8,144,17.58,18.5,7.4,50,0001,3.7,70,0621,2.3,2026,50,16.2,71,0001,92.4,18.5,996.0,1007.6,0001,1004.6,1742,1006.0,14.8,0.0,1500,0.77,5.62,,,,,,9.8,7.6,18.7,14.2,20.7,20.8,21.3,21.9,22.6,20.5,19.3,14.6,13.7,1.0,1.4,8.7,{박무}0155-0240. -{비}-{비}{강도1}0300-{비}{강도0}0600-{비}{강도0}0900-{비}{강도0}1200-1240. {박무}0315-0420. {박무}0515-{박무}{강도0}0600-0625. {박무}0950-1130. {비}1355-{비}{강도0}1500-1655. {비}2135-2330. {박무}2145-{박무}{강도0}2400-,,2022,6,24,166,0,0,0,1
108,서울,2022-06-16,20.3,17.6,0619,24.8,1737,0.3,47,0.3,35,4.33,0.7,6.9,180,1405,4.4,200,1404,2.3,1964,270,16.1,53,1720,78.4,18.3,997.7,1008.7,2323,1005.5,0004,1007.6,14.8,3.8,1600,1.63,13.0,,,,,,5.6,4.3,21.1,13.8,21.6,21.3,21.1,21.2,21.7,20.5,19.4,14.7,13.7,2.6,3.7,,{비}0035-0230. -{박무}-0245. {비}0505-{비}{강도0}0600-0625. {비}0750-0855.,,2022,6,24,167,0,0,0,1
108,서울,2022-06-17,22.5,16.5,0533,28.1,1413,,,,,,,6.6,180,1505,3.7,180,1606,1.9,1630,20,17.9,56,1416,76.4,20.6,997.9,1009.6,0934,1005.6,1706,1007.7,14.8,3.2,1300,3.41,17.86,,,,,,5.8,5.6,23.5,11.6,22.9,22.4,21.7,21.5,21.6,20.3,19.4,14.8,13.7,3.5,4.9,,,,2022,6,24,168,0,0,1,0
108,서울,2022-06-18,23.3,22.0,0538,25.1,1722,0.0,,0.0,,0.25,0.0,6.0,290,1908,4.0,290,1914,1.7,1457,200,19.5,72,1053,79.6,22.7,997.5,1008.9,2242,1006.0,1714,1007.3,14.8,0.0,1000,0.69,6.07,,,,,,7.6,7.4,23.1,18.6,23.4,23.1,22.7,22.4,22.2,20.2,19.4,14.8,13.7,1.4,2.0,0.0,{안개비}1410-1425.,,2022,6,24,169,0,0,1,0
108,서울,2022-06-19,23.4,22.3,0303,25.1,1719,,,,,,,4.7,200,1432,3.0,180,1435,1.4,1242,180,20.0,74,1714,81.6,23.4,997.6,1008.7,0017,1006.0,1727,1007.4,14.8,0.0,1600,0.65,5.06,,,,,,8.6,8.6,23.3,19.0,23.3,22.9,22.5,22.4,22.3,20.3,19.4,14.9,13.7,1.3,1.8,,,,2022,6,24,170,0,0,1,0
108,서울,2022-06-20,25.2,22.0,0543,29.0,1611,,,,,,,4.4,250,1337,2.8,270,1910,1.3,1136,270,20.5,58,1747,76.6,24.2,994.8,1006.6,0001,1002.4,1726,1004.4,14.8,1.8,1300,2.26,12.59,,,,,,6.0,6.0,26.4,18.5,24.3,23.8,23.0,22.6,22.3,20.3,19.5,14.9,13.8,2.8,4.0,,,,2022,6,25,171,0,0,1,0
108,서울,2022-06-21,26.5,21.2,0553,32.6,1539,,,,,,,7.2,270,1544,4.0,270,1647,2.0,1733,270,20.8,48,1415,72.6,24.5,993.9,1005.5,2349,1001.6,1439,1003.5,14.8,12.6,1200,3.56,28.94,,,,,,3.1,0.4,32.3,16.3,26.1,25.4,24.3,23.4,22.7,20.4,19.5,15.0,13.8,5.6,8.0,,,,2022,6,25,172,0,0,1,0
108,서울,2022-06-22,25.9,21.9,0344,31.0,1542,,,,,,,6.6,250,1633,4.2,290,1655,2.1,1818,270,19.9,44,1600,71.1,23.3,997.1,1008.5,0822,1005.4,0001,1006.7,14.8,7.4,1100,3.05,22.39,,,,,,6.1,3.1,31.5,19.1,26.8,26.3,25.4,24.6,23.7,20.5,19.5,15.1,13.8,4.5,6.4,0.8,,,2022,6,25,173,0,0,1,0
108,서울,2022-06-23,24.3,23.3,2216,26.4,1130,8.9,1839,34.4,1754,13.5,103.0,13.1,180,2318,6.4,200,2006,2.8,2385,200,22.2,74,0002,89.1,26.9,989.5,1005.9,0001,993.8,2400,999.2,14.8,0.0,1000,0.74,3.41,,,,,,8.9,6.5,23.3,17.8,25.0,24.9,24.8,24.7,24.3,20.8,19.6,15.1,13.8,0.8,1.1,121.3,{비}0750-{비}{강도0}0900-0945. {박무}0850-{박무}{강도0}0900-1050. {비}1225-{비}{강도1}1500-{비}{강도1}1800-{시정(미만)}{1km}{비}1805-{시정(이상)}{1km}{비}1815-{시정(미만)}{1km}{비}1840-{시정(이상)}{1km}{비}1910-{시정(미만)}{1km}{비}1934-{시정(이상)}{1km}{비}1943-{비}{강도0}2100-{시정(미만)}{1km}{비}2141-{시정(이상)}{1km}{비}2158- {박무}1240-{박무}{강도1}1500-{박무}{강도2}1800-2005. {비}{강도0}2400-,,2022,6,25,174,0,0,1,1
108,서울,2022-06-24,22.6,20.6,0617,24.9,1805,5.5,2,14.4,1,6.83,19.1,9.8,200,0204,5.4,230,0210,3.5,2996,200,21.0,76,1851,90.9,24.9,988.1,1001.6,2248,992.8,0209,997.7,14.8,1.7,1000,1.44,8.5,,,,,,8.4,8.4,23.6,20.1,24.2,24.0,23.7,23.8,24.1,22.0,20.4,15.2,13.9,1.9,2.7,0.0,-{비}-{시정(미만)}{1km}{비}0001-{시정(이상)}{1km}{비}0010-{시정(미만)}{1km}{비}0052-{시정(이상)}{1km}{비}0102-{안개비}0245-{안개비}{강도0}0300-0330. {박무}0230-{박무}{강도1}0300-{박무}{강도1}0600-0745. {안개비}0505-{안개비}{강도0}0600-0740. {박무}1405-{박무}{강도0}1500-1510. {비}1410-1455. {박무}2115-{박무}{강도0}2400-,,2022,6,25,175,0,0,0,1
108,서울,2022-06-25,26.0,21.5,0221,30.5,1512,,,,,,,8.9,200,1756,5.1,230,1920,2.8,2406,200,22.2,69,1445,80.4,26.8,994.1,1007.0,2246,1000.9,0127,1003.7,14.8,3.0,1300,2.77,17.55,,,,,,7.5,7.1,26.7,18.9,25.7,25.1,24.3,23.9,23.8,21.9,20.8,15.5,13.9,3.5,4.9,,-{박무}-{박무}{강도0}0300-{박무}{강도0}0600-{박무}{강도0}0900-{박무}{강도0}1200-1410.,,2022,6,25,176,0,0,1,0
108,서울,2022-06-26,26.5,24.8,0234,28.1,1500,,,,,,,8.5,230,1451,5.0,180,1215,2.6,2254,180,23.1,79,1453,82.1,28.3,998.2,1010.8,2227,1005.4,0212,1007.8,14.8,0.0,1200,0.78,3.0,,,,,,10.0,7.8,24.8,23.0,25.6,25.3,24.8,24.6,24.3,21.8,20.7,15.6,13.9,1.3,1.8,1.2,,,2022,6,25,177,0,0,1,0
108,서울,2022-06-27,26.8,25.4,0454,28.1,1107,1.2,1331,1.6,1145,14.25,6.1,13.7,200,1716,6.0,200,1703,2.8,2406,200,23.8,76,2331,84.4,29.5,996.7,1010.1,0116,1003.3,1832,1006.4,14.8,0.0,1200,0.86,4.75,,,,,,10.0,7.8,26.1,23.9,25.6,25.2,24.7,24.4,24.2,21.8,20.7,15.6,13.9,2.0,2.9,6.1,{비}0025-{비}{강도0}0300-0435. {비}0620-0650. {비}0750-0845. {비}0950-1020. {비}1110-{비}{강도0}1200-{비}{강도0}1500-1720. {비}1830-1930. {비}2025-{비}{강도0}2100-2125.,,2022,6,26,178,0,0,1,1
108,서울,2022-06-28,26.9,25.7,2337,27.9,1001,3.1,1403,3.2,1317,14.08,6.3,20.9,180,1305,9.9,200,0549,5.8,4990,200,23.4,74,1002,81.9,28.8,992.6,1003.9,0002,1001.2,1551,1002.2,14.8,0.0,0800,0.66,3.33,,,,,,10.0,8.5,25.1,23.6,25.2,25.0,24.5,24.3,24.2,21.8,20.7,15.6,14.0,1.5,2.2,16.5,{비}0035-0050. {비}0115-0150. {비}0220-{비}{강도0}0300-0550. {비}1055-{비}{강도0}1200-1430. {비}1750-{비}{강도0}1800-{비}{강도0}2100-{비}{강도0}2400-,,2022,6,26,179,0,0,1,1
108,서울,2022-06-29,25.1,24.4,2134,26.1,1733,6.9,1212,10.6,1133,20.75,37.8,17.3,180,0359,9.0,200,0357,4.1,3500,200,24.3,89,0001,95.5,30.4,994.5,1007.7,2353,1000.1,0343,1004.2,14.7,0.0,1400,0.64,2.94,,,,,,10.0,7.8,25.3,23.8,24.9,24.6,24.1,24.1,24.1,21.9,20.7,15.7,14.0,0.7,1.0,114.7,-{비}-{비}{강도0}0300-{비}{강도0}0600-0750. {비}0850-{비}{강도0}0900-{비}{강도0}1200-{시정(미만)}{1km}{비}1217-{시정(이상)}{1km}{비}1226-1430. {비}1535-1650. {비}1730-{비}{강도0}1800-1850. {비}1920-{비}{강도1}2100-{비}{강도0}2400- {박무}2140-{박무}{강도0}2400-,,2022,6,26,180,0,0,1,1
108,서울,2022-06-30,22.3,21.2,1739,24.5,0001,10.9,1019,24.0,953,22.83,176.2,9.4,70,1648,4.6,50,1656,2.3,1999,50,22.1,97,0230,99.3,26.6,1000.6,1013.1,2244,1007.1,0003,1010.4,14.7,0.0,1100,0.5,2.42,,,,,,10.0,6.4,22.6,21.0,23.4,23.2,23.2,23.6,24.3,22.6,21.8,16.6,14.0,0.8,1.1,87.9,-{비}-{비}{강도0}0300-{시정(미만)}{1km}{비}0315-{시정(이상)}{1km}{비}0343-{시정(미만)}{1km}{비}0443-{시정(이상)}{1km}{비}0449-{시정(미만)}{1km}{비}0542-{시정(이상)}{1km}{비}0559-{비}{강도2}0600-{시정(미만)}{1km}{비}0702-{시정(이상)}{1km}{비}0726-{비}{강도1}0900-{시정(미만)}{1km}{비}1018-{시정(미만)}{0.5km}{비}1025-{시정(이상)}{0.5km}{비}1036-{시정(이상)}{1km}{비}1038-{비}{강도0}1200-{비}{강도1}1500-{비}{강도1}1800-{비}{강도0}2100-2250. -{박무}-{박무}{강도1}0300-{박무}{강도2}0600-{박무}{강도1}0900-{박무}{강도0}1200-1350.,,2022,6,26,181,0,0,0,1
108,서울,2022-07-01,26.6,21.9,0001,30.9,1536,,,,,,,7.7,270,1636,4.8,230,1646,2.1,1805,230,23.2,61,1547,83.3,28.5,1004.4,1014.9,1055,1012.9,0001,1014.1,14.7,7.2,1200,2.78,21.53,,,,,,5.6,4.1,29.0,20.6,25.5,24.8,23.8,23.5,23.5,23.0,23.0,20.1,14.4,4.4,6.3,,{박무}0150-0210.,,2022,7,26,182,0,0,1,0
108,서울,2022-07-02,28.8,24.0,0521,33.8,1601,,,,,,,5.3,290,1829,3.4,270,1808,1.7,1494,270,23.0,50,1504,72.8,28.1,1002.6,1014.7,0001,1009.8,1806,1012.3,14.7,10.8,1200,3.5,25.83,,,,,,4.1,2.5,30.8,21.0,27.6,27.0,25.9,25.1,24.5,22.7,22.6,18.8,14.9,5.1,7.3,,{채운}0955-1010.,,2022,7,26,183,0,0,1,0
108,서울,2022-07-03,29.3,24.4,0612,34.2,1522,,,,,,,6.4,290,1554,3.8,270,1705,1.7,1485,270,22.5,47,1329,68.6,27.3,998.6,1011.1,0025,1006.1,1745,1008.1,14.7,10.8,1200,3.41,26.25,,,,,,4.6,1.1,31.6,20.6,28.8,28.1,27.1,26.3,25.5,22.8,22.3,18.0,14.9,5.4,7.8,,,,2022,7,26,184,0,0,1,0
108,서울,2022-07-04,29.3,26.4,0524,32.6,1621,0.0,,0.0,,0.83,0.0,7.8,340,1308,4.5,340,1311,1.8,1579,320,23.5,59,1601,71.8,29.0,995.3,1006.9,0055,1003.1,1726,1004.9,14.7,3.6,1500,2.5,14.9,,,,,,6.9,3.8,30.8,22.9,28.6,28.1,27.4,26.8,26.2,23.0,22.2,17.6,14.9,3.3,4.7,0.0,{소나기}1215-1225. {소나기}1350-1430.,,2022,7,27,185,0,0,1,0
108,서울,2022-07-05,29.2,26.7,0459,33.1,1545,0.0,,0.0,,1.42,0.0,7.6,180,1435,4.2,320,1754,1.7,1474,50,23.9,61,1435,73.8,29.7,995.1,1006.5,2255,1003.2,1539,1004.6,14.7,2.6,1400,2.62,15.99,,,,,,7.5,4.3,31.4,24.1,28.9,28.3,27.5,26.9,26.4,23.2,22.1,17.4,14.8,3.6,5.1,0.0,{비}0830-{비}{강도0}0900-0930. {소나기}1345-1410.,,2022,7,27,186,0,0,1,0
108,서울,2022-07-06,29.5,26.2,0502,33.3,1645,9.6,2202,15.6,2154,2.5,16.1,11.6,230,2137,5.3,250,2145,2.1,1835,50,24.6,61,1638,76.0,30.9,997.0,1007.9,0812,1004.8,1723,1006.5,14.7,1.1,1400,2.19,14.49,,,,,,7.3,4.6,31.9,23.4,29.0,28.5,27.8,27.2,26.6,23.4,22.2,17.3,14.8,3.0,4.3,16.1,{소나기}1420-1435. {소나기}2020-2035. {소나기}2140-{시정(미만)}{1km}{소나기}2210-{시정(이상)}{1km}{소나기}2218-2340.,,2022,7,27,187,0,0,1,1
108,서울,2022-07-07,28.2,26.4,0439,31.0,1608,0.0,,0.0,,3.67,0.0,10.0,180,1848,5.4,180,1902,2.8,2388,200,24.8,69,1142,82.3,31.3,995.4,1007.2,0055,1003.0,1823,1004.9,14.7,0.6,1500,1.46,8.29,,,,,,9.3,6.5,28.2,24.2,28.4,28.1,27.5,27.2,26.8,23.6,22.2,17.2,14.8,2.2,3.1,1.7,{비}1420-1450. {비}1740-{비}{강도0}1800-1840. {비}2015-2215. {비}2240-2250.,,2022,7,27,188,0,0,1,0
108,서울,2022-07-08,25.8,24.0,2357,27.9,1647,1.7,127,1.7,55,6.25,1.7,8.5,250,0204,4.7,230,0155,2.9,2472,230,22.8,70,1701,84.4,27.8,993.0,1003.8,0814,1000.8,1751,1002.6,14.6,0.0,1600,0.96,6.94,,,,,,9.5,7.5,26.0,23.4,27.5,27.3,26.9,26.7,26.7,23.7,22.3,17.2,14.7,1.6,2.3,0.1,{비}0055-0215. {박무}0220-{박무}{강도0}0300-0405. {비}0450-0520. {비}0750- {비}{강도0}0900-0920. {비}1135-{비}{강도0}1200-1235. {비}1450-{비}{강도0}1500-1510. {비}2225-{비}{강도0}2400-,,2022,7,27,189,0,0,1,1
108,서울,2022-07-09,26.9,24.0,0001,30.9,1416,0.1,,0.1,,6.0,0.1,4.8,250,0012,3.4,250,0002,1.7,1426,270,23.4,64,1644,82.1,28.8,992.9,1004.1,2348,1001.2,1609,1002.5,14.6,1.8,1300,2.72,13.64,,,,,,7.0,5.9,27.9,23.2,27.9,27.4,26.7,26.4,26.4,23.8,22.4,17.2,14.7,3.1,4.4,,-{안개비}-{안개비}0120-0155. {박무}0130-{박무}{강도0}0300-{박무}{강도0}0600-{박무}{강도0}0900-0930. {안개비}0420-{안개비}{강도0}0600-0610. {비}0630-0845.,,2022,7,27,190,0,0,1,1
108,서울,2022-07-10,29.2,24.6,0529,35.1,1547,0.0,,0.0,,0.42,0.0,6.3,290,1659,3.9,290,1700,1.7,1432,270,22.2,46,1527,68.0,27.0,994.6,1006.1,0803,1002.1,1713,1004.1,14.6,8.4,1400,2.99,23.08,,,,,,5.6,2.5,32.0,21.8,29.0,28.4,27.4,26.9,26.5,23.8,22.5,17.2,14.7,4.9,7.0,1.1,{박무}0725-0850. {비}2120-2145.,,2022,7,27,191,0,0,1,0
108,서울,2022-07-11,27.0,24.7,0316,30.6,1226,4.9,1603,7.7,1527,2.5,9.0,9.0,270,0015,5.3,270,0014,1.8,1560,50,22.0,54,0002,75.0,26.5,995.9,1008.2,2355,1004.2,0419,1005.5,14.6,2.8,1200,2.08,13.85,,,,,,6.3,4.5,29.0,22.2,28.7,28.3,27.7,27.3,26.9,23.9,22.5,17.2,14.8,3.2,4.5,7.9,{비}0055-0120. {비}1505-1710.,,2022,7,28,192,0,0,1,1
108,서울,2022-07-12,26.8,23.2,0508,29.4,1402,,,,,,,6.4,50,0655,3.6,50,0744,2.2,1927,50,21.5,64,1350,73.1,25.7,997.5,1009.2,1017,1005.5,2244,1007.1,14.6,0.8,1000,1.65,11.82,,,,,,8.1,4.4,27.2,20.4,27.6,27.3,26.8,26.8,26.8,24.1,22.6,17.2,14.8,2.4,3.4,2.2,,,2022,7,28,193,0,0,1,0
108,서울,2022-07-13,25.0,24.0,1253,27.1,0001,8.1,1514,30.3,1424,19.98,114.5,8.6,110,1620,3.9,140,1532,1.8,1514,90,23.8,76,0046,93.9,29.6,992.3,1006.4,0132,998.1,1609,1001.9,14.6,0.0,1100,0.22,1.25,,,,,,10.0,8.5,24.6,23.3,25.9,25.9,25.8,26.2,26.6,24.1,22.7,17.3,14.8,0.6,0.8,113.2,{비}0230-0258. {비}0325-{비}{강도0}0600-{비}{강도0}0900-{시정(미만)}{1km}{비}1028-{시정(이상)}{1km}{비}1036-{시정(미만)}{1km}{비}1042-{시정(이상)}{1km}{비}1053-{비}{강도1}1200-{시정(미만)}{1km}{비}1414-{시정(이상)}{1km}{비}1435-{비}{강도2}1500-{시정(미만)}{1km}{비}1502-{시정(이상)}{1km}{비}1535-{비}{강도1}1800-{비}{강도0}2100-2220. {박무}2055-{박무}{강도0}2100-{박무}{강도0}2400- {안개비}2259-2335.,,2022,7,28,194,0,0,1,1
108,서울,2022-07-14,25.7,23.3,0405,29.9,1533,0.2,,0.5,427,5.92,0.9,6.8,270,1902,4.1,270,1906,2.3,1985,270,22.7,63,1539,84.6,27.6,990.2,1001.3,2123,998.1,0349,999.8,14.5,3.9,1300,2.66,17.21,,,,,,8.1,7.5,27.6,22.0,26.6,26.2,25.4,25.4,25.9,25.0,24.3,19.4,14.8,3.5,5.0,,{안개비}0020-{비}0140-0225. {안개비}0240-{안개비}{강도0}0300-{안개비}{강도0}0600-0630. -{박무}-{박무}{강도1}0300-{박무}{강도1}0600-0625.,,2022,7,28,195,0,0,1,1
108,서울,2022-07-15,26.0,23.0,0440,30.3,1544,,,,,,,8.0,250,1746,5.0,250,1811,2.3,2023,270,21.2,55,1703,76.5,25.2,989.9,1001.4,0635,997.7,1640,999.5,14.5,8.9,1200,3.14,24.49,,,,,,5.3,5.3,29.1,20.5,27.8,27.3,26.5,26.2,26.2,24.7,24.2,19.4,14.9,4.7,6.7,0.0,,,2022,7,28,196,0,0,1,0
108,서울,2022-07-16,24.8,23.2,2354,28.2,1323,14.1,1705,33.8,1630,4.08,34.0,10.5,160,1719,5.3,160,1720,2.0,1731,200,21.7,66,1156,83.4,26.0,988.5,1000.0,2154,997.1,0539,998.1,14.5,1.5,1100,1.76,10.77,,,,,,8.3,7.4,26.1,21.0,27.0,26.7,26.4,26.5,26.6,24.6,24.0,18.9,15.0,2.1,3.0,34.0,{소나기}0505-0520. {박무}0630-0720. {소나기}0940-0950. {소나기}1005-1015. {소나기}1055-1110. {소나기}1220-1235. {소나기}1330-1350. {소나기}1450-{소나기}{강도0}1500-1530. {소나기}1615-{시정(미만)}{1km}{소나기}1707-{시정(미만)}{0.5km}{소나기}1712-{시정(이상)}{0.5km}{소나기}1723-{시정(이상)}{1km}{소나기}1727-{소나기}{강도2}1800-1815. {박무}2305-{박무}{강도0}2400-,,2022,7,28,197,0,0,1,1
108,서울,2022-07-17,25.5,22.5,0406,29.7,1518,0.0,,0.0,,1.5,0.0,8.4,290,1637,4.4,270,1646,1.8,1540,270,21.3,63,1456,78.9,25.3,990.6,1001.7,2233,998.8,1733,1000.2,14.5,3.6,1400,2.83,16.82,,,,,,7.3,4.9,28.0,19.6,26.9,26.5,25.9,25.9,26.3,24.7,24.1,18.8,15.1,3.4,4.9,0.0,-{박무}-0225. {박무}0630-0830. {소나기}1035-{소나기}{강도0}1200-1205.,,2022,7,28,198,0,0,1,0
108,서울,2022-07-18,26.8,23.1,0530,30.1,1258,,,,,,,7.3,140,1315,3.9,110,1230,2.2,1878,50,22.0,58,1352,76.0,26.4,989.4,1001.6,0001,996.8,1743,999.0,14.5,5.2,1100,3.29,21.01,,,,,,5.4,4.1,28.2,20.4,27.8,27.4,26.6,26.3,26.4,24.7,24.1,19.0,15.1,4.3,6.1,,,,2022,7,29,199,0,0,1,0
108,서울,2022-07-19,27.4,24.3,0532,31.1,1549,,,,,,,8.2,270,1318,4.8,270,1403,2.3,1967,270,22.1,56,1213,74.1,26.6,992.3,1005.4,2322,999.1,0121,1001.9,14.4,8.4,1100,3.26,23.44,,,,,,6.3,2.4,30.7,22.1,28.5,28.0,27.2,26.8,26.7,24.7,24.0,18.8,15.1,4.8,6.8,,,,2022,7,29,200,0,0,1,0
108,서울,2022-07-20,27.1,24.3,2400,30.4,1435,0.6,2322,0.8,2238,3.83,1.1,7.2,290,1339,4.5,290,1416,2.2,1881,230,22.3,57,1409,76.1,27.0,996.1,1007.0,0724,1004.3,2337,1005.7,14.4,3.1,1400,2.61,17.68,,,,,,9.0,4.8,30.4,22.3,28.7,28.2,27.4,27.1,27.0,24.7,23.9,18.7,15.2,3.4,4.9,11.3,{박무}0235-{박무}{강도0}0300-0310. {햇무리}1150-1315. {비}1910-1950. {비}2050-{비}{강도0}2100-{비}{강도0}2400-,,2022,7,29,201,0,0,1,1
108,서울,2022-07-21,23.2,20.8,0622,25.2,1840,1.7,522,3.4,522,10.83,10.4,9.7,20,0424,5.5,50,0426,2.9,2473,50,20.9,77,2301,87.6,24.7,992.3,1004.6,0024,999.9,0906,1002.0,14.4,0.5,1400,1.12,6.6,,,,,,8.9,7.3,25.0,20.2,26.3,26.3,26.3,26.6,27.0,24.8,23.9,18.6,15.2,,,,{박무}0235-{박무}{강도1}0300-{박무}{강도1}0600-{박무}{강도0}0900-0920. -{비}-{비}{강도0}0300-{비}{강도0}0600-{비}{강도0}0900-1010. {비}1340-1420.,,2022,7,29,202,0,0,1,1
108,서울,2022-07-22,25.1,22.9,0507,27.5,1718,4.0,1300,5.2,1235,1.75,5.2,5.5,290,1913,3.4,250,1632,1.9,1675,270,21.6,68,1149,81.5,25.7,995.7,1006.7,2254,1004.6,0001,1005.4,14.4,2.5,1100,2.13,13.54,,,,,,7.5,6.4,26.1,21.2,26.6,26.2,25.7,25.9,26.4,24.8,23.9,18.5,15.2,2.6,3.7,5.2,{소나기}1235-1335. {소나기}1420-{소나기}{강도0}1500-1505. {박무}2105-{박무}{강도0}2400-,,2022,7,29,203,0,0,1,1
108,서울,2022-07-23,24.8,22.3,2320,28.0,1344,1.8,1937,4.2,2154,8.58,9.9,6.6,140,1308,3.9,50,2216,2.0,1741,110,21.7,67,1425,83.6,26.0,994.7,1006.5,0752,1001.8,2347,1004.4,14.4,0.1,1300,1.68,9.09,,,,,,9.4,6.3,26.6,21.2,26.7,26.4,25.8,25.9,26.3,24.7,23.9,18.5,15.3,1.9,2.7,11.1,-{박무}-{박무}{강도0}0300-{박무}{강도0}0600-{박무}{강도0}0900-1010. {비}1525-{비}{강도0}1800-{비}{강도0}2100-{비}{강도0}2400- {박무}1825-2050. {박무}2105-{박무}{강도1}2400-,,2022,7,29,204,0,0,1,1
108,서울,2022-07-24,25.0,22.0,0118,28.4,1627,0.6,1,1.6,-2343,3.67,1.2,6.5,70,0009,3.7,320,1750,2.1,1805,50,22.5,72,1414,86.9,27.3,992.6,1005.5,2358,1000.3,0427,1002.3,14.3,0.4,1300,1.39,8.82,,,,,,9.5,5.9,25.6,21.7,26.4,26.0,25.5,25.6,26.2,24.7,23.9,18.5,15.3,1.8,2.6,0.0,-{박무}-0050. -{비}-{비}{강도0}0300-0315. {비}1545-1610.,,2022,7,29,205,0,0,1,1
108,서울,2022-07-25,27.5,23.6,0546,32.0,1616,,,,,,,6.5,270,1335,3.6,270,1643,1.9,1631,270,22.3,52,1536,75.0,27.0,998.7,1009.8,2356,1005.5,0001,1008.3,14.3,9.6,1300,3.54,25.49,,,,,,3.8,3.5,29.7,21.1,28.0,27.4,26.3,26.0,26.2,24.6,23.9,18.5,15.3,5.3,7.6,,,,2022,7,30,206,0,0,1,0
108,서울,2022-07-26,28.9,24.4,0530,33.1,1428,,,,,,,6.0,320,1604,3.8,320,1610,1.8,1582,50,23.2,53,1331,72.5,28.5,999.3,1010.6,0822,1007.5,1733,1008.9,14.3,9.0,1200,3.19,22.31,,,,,,5.0,2.5,30.3,21.0,28.7,28.3,27.2,26.8,26.7,24.6,23.8,18.5,15.4,4.4,6.2,,,,2022,7,30,207,0,0,1,0
108,서울,2022-07-27,29.3,26.4,0547,33.4,1509,,,,,,,7.7,160,1809,4.4,160,1610,2.0,1758,140,22.1,50,1529,66.3,26.7,999.6,1010.1,1043,1007.8,1742,1009.1,14.2,6.0,1500,2.41,19.72,,,,,,5.3,0.8,31.0,23.5,29.2,28.7,27.8,27.3,27.1,24.7,23.9,18.6,15.4,4.9,6.9,,{박무}0445-{박무}{강도0}0600-0705.,,2022,7,30,208,0,0,1,0
108,서울,2022-07-28,29.7,25.1,0545,34.4,1509,,,,,,,7.6,110,1036,3.8,140,1014,2.4,2033,140,21.9,48,1410,63.8,26.3,1000.8,1011.6,2343,1008.8,1745,1010.3,14.2,9.9,1200,3.44,25.2,,,,,,3.5,3.3,33.3,22.8,29.7,29.1,28.2,27.7,27.4,24.9,23.9,18.6,15.4,5.6,8.0,,,,2022,7,30,209,0,0,1,0
108,서울,2022-07-29,30.7,27.3,0511,34.3,1419,,,,,,,6.5,320,1844,4.4,320,1847,2.2,1863,50,23.9,52,1446,68.1,29.8,1001.8,1012.8,0950,1009.7,1811,1011.4,14.2,7.6,1100,2.93,20.28,,,,,,5.0,3.9,32.9,24.5,30.4,29.9,28.9,28.3,27.9,25.0,23.9,18.6,15.5,4.7,6.7,,,,2022,7,30,210,0,0,1,0
108,서울,2022-07-30,30.9,27.3,0532,36.1,1440,1.0,1452,1.0,1445,2.33,1.0,10.3,140,1656,5.6,160,1641,2.6,2284,50,24.2,50,1213,68.4,30.2,999.3,1011.4,0001,1006.7,1606,1008.8,14.2,9.4,1100,3.3,23.53,,,,,,4.5,3.4,32.4,24.9,30.7,30.2,29.1,28.6,28.3,25.2,24.0,18.7,15.5,5.3,7.5,1.0,{소나기}1445-{소나기}{강도0}1500-1550. {비}1925-2040. {무지개}1940-1945.,,2022,7,30,211,0,0,1,1
108,서울,2022-07-31,27.2,25.4,2327,29.0,0001,8.1,2146,18.0,2141,15.75,47.2,7.6,70,1007,3.9,50,1636,2.5,2197,50,24.5,75,0001,85.8,30.7,996.4,1008.1,0007,1004.9,1609,1006.0,14.1,0.0,1000,0.68,4.93,,,,,,9.8,7.0,27.6,24.9,28.9,28.8,28.4,28.4,28.6,25.4,24.1,18.7,15.6,1.1,1.6,77.1,{비}0645-0740. {비}0910-{비}{강도0}1200-{비}{강도1}1500-{비}{강도0}1800-{비}{강도1}2100-{시정(미만)}{1km}{비}2149-{시정(이상)}{1km}{비}2201-{비}{강도0}2400- {박무}1410-{박무}{강도1}1500-1550. {박무}1945-{박무}{강도0}2100-2325.,,2022,7,30,212,0,0,1,1
108,서울,2022-08-01,28.6,25.4,0004,32.4,1420,5.1,537,13.3,517,14.83,30.0,9.3,110,2309,4.6,70,1729,2.4,2086,70,25.0,67,1418,82.4,31.8,995.6,1006.8,1101,1003.9,1806,1005.2,14.1,3.2,1200,3.03,15.09,,,,,,8.9,6.0,28.9,24.8,28.5,28.1,27.3,27.4,28.0,25.9,24.4,18.8,15.6,3.3,4.8,15.8,-{비}-{비}{강도0}0300-{비}{강도1}0600-{비}{강도0}0900-1130. {박무}0325-{박무}{강도1}0600-0805. {비}1625-1710. {비}1930-1955. {비}2045-{비}{강도0}2100-2150. {비}2255-{비}{강도0}2400-,,2022,8,31,213,0,0,1,1
108,서울,2022-08-02,26.8,25.5,2257,28.5,0001,3.3,1734,7.6,212,18.58,33.5,10.1,200,2131,4.9,200,1216,2.8,2414,200,24.9,78,0002,90.0,31.6,998.4,1009.6,2335,1005.3,0118,1008.0,14.1,0.0,1100,0.61,4.37,,,,,,9.9,7.1,27.2,25.0,28.2,28.0,27.5,27.6,28.1,26.1,25.1,19.8,15.6,1.1,1.5,67.6,{박무}0145-{박무}{강도0}0300-0405. -{비}-{비}{강도1}0300-0520. {비}0550-{비}{강도0}0600-0810. {비}1045-1140. {비}1235-1255. {비}1320-{비}{강도0}1500-{비}{강도1}1800-1840. {박무}1440-{박무}{강도0}1500-{박무}{강도0}1800-1820. {비}1940-{비}{강도0}2100-{비}{강도1}2400- {박무}2215-{박무}{강도2}2400-,,2022,8,31,214,0,0,1,1
108,서울,2022-08-03,27.1,25.2,0457,30.0,1600,6.6,448,17.9,416,13.25,51.1,10.8,230,0453,4.6,230,0459,2.8,2388,230,25.2,76,1606,90.1,32.1,1000.1,1011.1,1027,1008.7,1759,1009.8,14.0,1.3,1500,1.71,8.74,,,,,,9.3,8.0,27.4,24.7,27.6,27.2,26.7,26.9,27.7,26.4,25.8,20.7,15.7,2.1,3.0,1.3,-{비}-{비}{강도0}0300-{시정(미만)}{1km}{비}0437-{시정(이상)}{1km}{비}0502-{비}{강도1}0600-{비}{강도0}0900-1040. -{박무}-{박무}{강도1}0300-{박무}{강도2}0600-{박무}{강도1}0900-{박무}{강도0}1200-1230. {비}1130-1140. {비}1615-1630. {비}1720-1730. {비}1920-2040. {비}2230-2310.,,2022,8,31,215,0,0,1,1
108,서울,2022-08-04,28.9,26.0,0549,32.9,1532,0.0,,0.0,,0.42,0.0,7.5,250,1808,4.0,270,0154,2.5,2120,270,24.8,64,1306,79.3,31.2,999.5,1011.4,0811,1007.3,1829,1009.1,14.0,8.7,1100,3.14,22.24,,,,,,4.4,4.4,31.6,24.7,29.4,28.9,27.8,27.5,27.7,26.4,26.1,22.0,15.9,4.3,6.1,0.0,{비}0120-0145.,,2022,8,31,216,0,0,1,0
108,서울,2022-08-05,29.4,27.0,0111,32.7,1430,0.0,,0.0,,0.5,0.0,9.2,270,1326,5.2,270,1328,2.6,2269,200,24.7,61,1440,76.6,31.1,996.2,1007.8,0003,1003.3,1545,1005.7,14.0,6.3,1300,3.03,19.58,,,,,,5.9,5.8,32.6,25.4,30.1,29.6,28.6,28.2,28.3,26.3,25.8,21.2,16.2,4.3,6.1,0.0,{소나기}0345-0355. {소나기}0925-0945.,,2022,8,31,217,0,0,1,0
108,서울,2022-08-06,28.7,27.4,0454,30.3,1718,9.5,1110,11.4,1050,1.67,13.6,5.2,270,1117,3.3,270,1118,1.7,1443,270,25.9,77,1036,85.3,33.5,996.1,1006.6,2356,1004.1,1725,1005.7,13.9,0.4,1000,1.23,7.48,,,,,,7.5,6.4,29.7,25.5,29.6,29.2,28.6,28.5,28.6,26.3,25.6,20.7,16.3,1.5,2.2,14.5,{소나기}1050-{시정(미만)}{1km}{소나기}1117-{시정(이상)}{1km}{소나기}1123-1150. {박무}1145-{박무}{강도0}1200-1240. {소나기}1515-1555. {박무}2155-2245.,,2022,8,31,218,0,0,1,1
108,서울,2022-08-07,28.9,27.2,0354,31.7,1421,0.9,846,0.9,835,3.33,0.9,9.8,180,1551,5.6,180,1803,2.4,2096,200,25.4,70,1543,82.1,32.4,996.2,1006.9,0533,1004.4,1755,1005.7,13.9,0.6,1200,2.05,9.26,,,,,,8.4,5.5,28.6,25.3,29.5,29.0,28.2,28.2,28.5,26.4,25.6,20.4,16.3,2.3,3.3,2.8,{박무}0005-0130. {소나기}0835-{소나기}{강도0}0900-0905. {비}2040-2055. {비}2125-{비}{강도0}2400-,,2022,8,31,219,0,0,1,1
108,서울,2022-08-08,26.8,,,28.4,0001,14.9,1747,38.1,1734,20.92,129.6,24.9,180,1754,8.6,200,1802,3.3,2815,200,25.2,83,0500,91.6,32.1,995.9,1006.6,2159,1003.8,1730,1005.5,13.9,,,,,,,,,,10.0,7.4,26.4,,27.4,27.3,27.2,27.6,28.4,26.4,25.5,20.2,16.3,0.6,0.8,133.4,-{비}-0140. {비}0445-{비}{강도0}0600-{비}{강도0}0900-{비}{강도0}1200-{시정(미만)}{1km}{비}1226-{시정(이상)}{1km}{비}1310-{비}{강도0}1500-{시정(미만)}{1km}{비}1742-{시정(미만)}{0.5km}{비}1746-{비}{강도2}1800-{시정(이상)}{0.5km}{비}1801-{시정(이상)}{1km}{비}1807-{비}{강도0}2100-{시정(미만)}{1km}{비}2120-{시정(미만)}{0.5km}{비}2123-{시정(이상)}{0.5km}{비}2130-{시정(이상)}{1km}{비}2131-{시정(미만)}{1km}{비}2200-{시정(미만)}{0.5km}{비}2204- {시정(이상)}{0.5km}{비}2212-{시정(이상)}{1km}{비}2216-{비}{강도0}2400-,,2022,8,32,220,0,0,1,1
108,서울,2022-08-09,25.1,22.0,2354,26.5,1538,17.7,1746,27.1,1943,21.5,123.1,12.3,180,1735,5.7,180,1725,2.6,2209,200,24.4,94,0915,96.0,30.6,995.7,1007.0,1001,1003.2,1734,1005.4,13.8,0.0,0900,0.37,2.42,,,,,,10.0,7.0,26.0,21.4,26.2,26.0,25.7,26.2,27.4,27.1,27.0,23.8,16.3,0.7,1.0,122.3,-{비}-0115. {비}0140-{비}{강도0}0300-{비}{강도0}0600-0615. {박무}0520-{박무}{강도1}0600-0610. {비}0820-{비}{강도0}0900-{비}{강도1}1200-{비}{강도0}1500-{비}{강도2}1800-{시정(미만)}{1km}{비}1952-{시정(미만)}{0.5km}{비}2008-{시정(이상)}{0.5km}{비}2013-{시정(이상)}{1km}{비}2023-{비}{강도2}2100-{비}{강도1}2400-,,2022,8,32,221,0,0,1,1
108,서울,2022-08-10,24.7,21.4,0455,28.8,1503,2.2,-2356,10.0,-2340,6.5,7.6,6.3,180,1601,4.5,180,1609,1.6,1405,200,21.8,66,1445,85.3,26.2,996.0,1007.0,1010,1005.0,1454,1005.7,13.8,3.1,1100,2.71,16.23,,,,,,9.1,6.3,27.3,21.0,26.4,25.9,25.3,25.6,26.5,26.9,27.5,25.2,17.2,2.8,4.0,40.6,-{비}-0255. {비}0545-{비}{강도0}0600-0605. {비}1915-1950. {비}2120-{비}{강도0}2400- {박무}2135-2330.,,2022,8,32,222,0,0,1,1
108,서울,2022-08-11,25.0,23.4,0528,27.5,1502,6.9,412,25.6,351,10.67,38.8,4.9,180,1353,3.1,200,1417,1.6,1351,230,22.8,75,1559,87.9,27.7,994.2,1005.7,0001,1003.0,1457,1003.8,13.8,0.8,1400,2.69,8.81,,,,,,9.0,7.4,27.6,22.8,26.6,26.2,25.7,26.0,26.8,26.5,27.1,23.8,17.8,2.0,2.8,0.0,-{비}-{비}{강도0}0300-{시정(미만)}{1km}{비}0414-{시정(미만)}{0.5km}{비}0420-{시정(이상)}{0.5km}{비}0432-{시정(이상)}{1km}{비}0444-{비}{강도1}0600-{비}{강도0}0900-0905. {비}1135-{비}{강도0}1200-1310.,,2022,8,32,223,0,0,1,1
108,서울,2022-08-12,27.0,23.0,0614,32.4,1557,,,,,,,6.1,250,1902,3.7,250,1927,1.7,1478,270,21.5,44,1604,73.8,25.7,996.2,1007.2,1127,1004.1,1753,1005.8,13.7,10.6,1200,3.4,24.86,,,,,,4.5,3.1,28.7,20.6,27.9,27.4,26.4,26.3,26.8,26.4,26.9,23.7,17.9,4.9,7.0,,,,2022,8,32,224,0,0,1,0
108,서울,2022-08-13,25.8,24.7,1305,27.5,1743,0.7,1220,2.0,1218,4.67,4.0,5.6,110,1705,2.7,180,0706,1.3,1121,70,22.5,71,1053,82.8,27.4,995.6,1006.9,1102,1003.3,1729,1005.3,13.7,0.8,1600,1.28,5.06,,,,,,8.9,7.9,25.8,21.8,27.1,26.9,26.5,26.8,27.4,26.3,26.6,22.9,17.8,1.1,1.6,4.0,{비}1125-{비}{강도0}1200-{비}{강도0}1500-1605. {박무}1305-1430.,,2022,8,32,225,0,0,1,1
108,서울,2022-08-14,27.6,24.5,0553,31.5,1414,2.9,1728,3.0,1725,1.5,3.0,6.3,200,2102,4.0,180,1938,1.9,1684,180,24.3,66,1418,83.0,30.4,995.5,1006.3,0933,1004.0,1735,1005.1,13.7,2.2,1000,2.51,13.95,,,,,,7.8,6.0,28.1,22.6,28.1,27.6,26.7,26.6,27.2,26.3,26.4,22.4,17.6,3.0,4.2,3.0,{비}0110-0125. {소나기}1725-1750. {비}1950-2010. {비}2125-2155.,,2022,8,32,226,0,0,1,1
108,서울,2022-08-15,28.1,26.6,2357,29.8,1233,0.6,1847,0.7,1801,4.42,0.9,16.1,180,1217,7.4,200,1252,4.8,4189,200,24.9,74,1223,83.0,31.5,990.6,1004.6,0009,996.7,1821,1000.1,13.6,0.0,1200,1.16,6.28,,,,,,9.5,8.3,27.3,25.2,28.0,27.7,27.1,27.1,27.6,26.3,26.3,22.0,17.5,2.2,3.2,0.9,{비}1745-{비}{강도0}1800-1955. {비}2125-2340. {박무}2250-2310.,,2022,8,33,227,0,0,1,1
108,서울,2022-08-16,26.7,24.1,0652,30.0,1531,0.0,,0.0,,0.75,0.0,8.4,320,1451,4.3,250,0111,2.6,2242,270,21.8,58,1657,75.4,26.1,993.5,1005.6,2330,999.4,0143,1003.1,13.6,9.2,1200,3.14,23.34,,,,,,4.8,3.3,29.0,21.2,28.3,27.9,27.1,27.0,27.5,26.3,26.2,21.9,17.4,4.6,6.6,,{비}0310-0355.,,2022,8,33,228,0,0,1,0
108,서울,2022-08-17,26.0,22.8,0618,30.5,1338,0.0,,0.0,,0.75,0.0,7.0,250,1640,4.4,290,1617,2.0,1749,50,21.4,62,1312,76.6,25.4,996.0,1007.1,2353,1003.7,1611,1005.7,13.6,6.0,1200,2.82,17.1,,,,,,4.0,3.0,26.6,19.8,27.9,27.6,27.0,27.1,27.7,26.3,26.1,21.7,17.4,3.5,4.9,0.0,{소나기}1410-1455.,,2022,8,33,229,0,0,1,0
108,서울,2022-08-18,25.6,22.4,0556,29.8,1408,,,,,,,7.1,250,1553,4.1,270,1538,1.9,1653,270,20.8,57,1417,75.8,24.6,997.4,1008.1,0728,1006.4,1356,1007.0,13.5,2.6,1300,2.54,12.57,,,,,,6.4,5.9,26.6,19.6,27.4,27.1,26.6,26.8,27.6,26.3,26.0,21.6,17.4,2.7,3.8,,,,2022,8,33,230,0,0,1,0
108,서울,2022-08-19,26.0,23.3,0355,27.5,1527,14.2,1632,47.1,1543,10.33,66.1,9.6,180,1752,5.4,200,1759,2.3,2010,140,23.4,70,1010,86.1,28.9,992.5,1006.6,0001,998.8,1643,1002.1,13.5,0.0,0900,1.38,5.56,,,,,,9.6,6.5,25.9,19.8,26.5,26.3,26.0,26.4,27.3,26.3,26.0,21.6,17.4,1.5,2.1,66.1,{비}1210-{비}{강도0}1500-{시정(미만)}{1km}{비}1536-{시정(미만)}{0.5km}{비}1540-{시정(이상)}{0.5km}{비}1548-{시정(이상)}{1km}{비}1557-{시정(미만)}{1km}{비}1604-{시정(미만)}{0.5km}{비}1629-{시정(이상)}{0.5km}{비}1645-{시정(이상)}{1km}{비}1651-{비}{강도1}1800-1835. {비}1925-{비}{강도0}2100-2130. {박무}2120-{박무}{강도0}2400- {비}2210-{비}{강도0}2400-,,2022,8,33,231,0,0,1,1
108,서울,2022-08-20,28.2,25.7,0628,32.0,1437,0.0,,0.2,,1.83,0.0,8.1,270,0117,4.4,270,0122,2.4,2048,250,24.2,63,1402,80.0,30.2,991.9,1003.4,2215,999.4,0220,1001.4,13.5,9.6,1300,3.5,23.65,,,,,,4.8,4.1,30.3,23.3,28.5,27.9,26.8,26.5,27.0,26.4,26.3,22.1,17.4,4.6,6.5,,-{비}-0150. -{박무}-{박무}{강도0}0300-{박무}{강도0}0600-0640.,,2022,8,33,232,0,0,1,0
108,서울,2022-08-21,28.1,24.7,0634,32.0,1549,,,,,,,5.7,250,1630,3.4,250,1616,1.7,1475,270,23.1,59,1431,75.3,28.3,994.9,1006.1,0915,1003.1,0152,1004.5,13.4,5.5,1100,2.59,16.37,,,,,,5.9,5.5,28.0,21.9,28.7,28.3,27.5,27.3,27.6,26.3,26.3,22.3,17.4,3.3,4.8,,,,2022,8,33,233,0,0,1,0
108,서울,2022-08-22,26.8,22.9,2302,30.2,1356,1.0,2146,2.7,2139,2.0,3.2,7.3,270,1521,4.2,200,1450,2.3,1960,250,22.0,59,1613,75.6,26.4,994.3,1005.3,2235,1002.6,1438,1003.9,13.4,1.5,1300,1.96,11.71,,,,,,8.4,5.9,27.0,20.3,28.3,28.0,27.4,27.4,27.8,26.3,26.2,22.1,17.4,2.7,3.8,5.4,{비}1535-1555. {비}2135-2315.,,2022,8,34,234,0,0,1,1
108,서울,2022-08-23,25.4,22.4,0513,30.2,1533,0.3,419,1.0,418,6.17,2.2,6.4,340,1810,4.3,320,1819,2.0,1717,50,20.2,51,1829,75.0,23.9,995.9,1007.4,2216,1004.1,0320,1005.6,13.4,7.1,1200,3.2,20.42,,,,,,5.4,3.8,27.6,18.9,27.7,27.4,27.0,27.1,27.7,26.4,26.1,21.9,17.5,4.7,6.7,,{비}0005-0220. {비}0325-{비}{강도0}0600-0720. {박무}0355-{박무}{강도1}0600-0705.,,2022,8,34,235,0,0,1,1
108,서울,2022-08-24,24.8,22.4,0500,27.9,1145,,,,,,,8.3,70,1109,4.4,50,0940,2.5,2126,50,18.1,59,1134,66.9,20.8,997.9,1009.3,1019,1006.4,1701,1007.6,13.3,2.0,1100,2.55,12.34,,,,,,6.8,3.8,24.4,18.9,26.5,26.4,26.3,26.7,27.6,26.4,26.1,21.8,17.5,2.7,3.9,0.0,,,2022,8,34,236,0,0,1,0
108,서울,2022-08-25,22.2,21.1,2322,24.0,1054,0.3,1125,0.8,1102,7.08,1.6,5.6,270,1655,3.4,250,1427,1.8,1563,250,18.1,63,1437,78.0,20.8,997.7,1008.6,2303,1006.6,0239,1007.5,13.3,0.0,1000,0.77,4.5,,,,,,8.3,3.9,22.1,18.3,25.1,25.1,25.2,25.9,27.1,26.3,26.1,21.7,17.5,1.4,2.1,1.6,{비}0845-{비}{강도0}0900- {비}{강도0}1200-1435. {비}1615-1650. {비}1750-{비}{강도0}1800-1830.,,2022,8,34,237,0,0,0,1
108,서울,2022-08-26,23.8,19.9,0626,28.4,1512,,,,,,,8.7,270,1837,5.1,270,1633,2.4,2059,270,18.9,55,1510,75.3,21.9,997.1,1008.5,0001,1004.7,1637,1006.8,13.2,7.8,1200,2.87,19.91,,,,,,4.5,2.9,25.8,16.5,25.3,25.0,24.7,25.2,26.4,26.2,26.0,21.7,17.5,4.0,5.7,17.6,,,2022,8,34,238,0,0,1,0
108,서울,2022-08-27,21.5,17.6,0638,25.5,1541,14.8,151,17.6,140,0.58,17.6,9.7,290,0154,5.4,290,0200,2.8,2381,290,13.6,43,1252,63.1,15.8,1000.3,1013.1,2327,1006.5,0144,1010.1,13.2,12.4,1200,3.47,27.09,,,,,,1.3,0.1,24.4,14.3,24.6,24.4,24.5,25.1,26.3,26.0,26.0,21.6,17.6,5.4,7.8,,{비}0140-{시정(미만)}{1km}{비}0200-{시정(이상)}{1km}{비}0206-0215.,,2022,8,34,239,0,0,1,1
108,서울,2022-08-28,22.6,16.1,0538,28.4,1644,,,,,,,5.7,50,1325,3.2,50,1332,1.7,1475,50,13.8,39,1356,59.4,15.8,1004.5,1016.1,0723,1012.8,1637,1014.3,13.2,12.1,1100,3.18,24.53,,,,,,5.1,1.5,24.3,11.2,24.4,24.2,24.1,24.7,25.9,25.9,25.9,21.6,17.6,4.7,6.7,1.1,{햇무리}0850-1150.,,2022,8,34,240,0,0,1,0
108,서울,2022-08-29,21.0,19.5,0940,22.5,0001,0.4,721,0.6,631,11.58,2.2,6.7,160,1756,3.9,50,1135,2.3,1976,70,16.0,63,0321,74.0,18.3,1005.5,1016.6,1002,1014.1,0001,1015.4,13.1,0.0,1400,1.04,5.97,,,,,,9.9,4.6,22.1,17.4,24.1,24.0,24.1,24.8,25.9,25.7,25.8,21.6,17.6,1.5,2.1,18.2,{비}0230-{비}{강도0}0300-{비}{강도0}0600-{비}{강도0}0900-{비}{강도0}1200-1345. {비}1415-1435.,,2022,8,35,241,0,0,0,1
108,서울,2022-08-30,19.1,17.9,0527,20.3,0001,0.9,250,4.2,250,21.42,35.8,6.8,50,0931,4.1,50,0940,2.6,2215,50,18.5,71,0023,96.3,21.3,1001.2,1015.1,0002,1008.1,2333,1011.2,13.1,0.0,1400,0.48,3.06,,,,,,10.0,7.9,20.3,17.2,22.3,22.3,22.6,23.6,25.2,25.5,25.7,21.6,17.7,0.7,0.9,18.7,{비}0125-{비}{강도0}0300-{비}{강도0}0600-{비}{강도0}0900-{비}{강도0}1200-{비}{강도0}1500-{비}{강도0}1800-{비}{강도0}2100-2140. {박무}0250-{박무}{강도1}0300-0510. {박무}1205-1355. {박무}1550-1625. {비}2250-{비}{강도0}2400-,,2022,8,35,242,0,0,0,1
108,서울,2022-08-31,21.7,19.6,0032,24.9,1703,0.0,,0.0,,4.17,0.0,7.3,200,1057,4.5,340,1149,1.8,1543,20,18.6,69,1758,83.3,21.4,998.8,1011.0,2348,1006.9,0512,1008.6,13.0,2.5,1600,1.74,10.32,,,,,,7.5,5.9,22.2,16.6,23.0,22.8,22.5,23.0,24.3,25.3,25.7,21.6,17.7,2.2,3.1,0.0,-{비}-0040. {비}0410-0510. {비}1150-{비}{강도0}1200-1335. {비}1510-1555.,,2022,8,35,243,0,0,0,0
108,서울,2022-09-01,24.0,18.3,0614,30.4,1553,,,,,,,7.0,360,1706,4.3,320,1718,1.7,1473,20,17.8,42,1733,70.8,20.4,1003.3,1015.0,2355,1011.0,0001,1013.1,13.0,12.1,1200,3.32,25.02,,,,,,1.0,0.1,26.7,14.3,24.3,23.9,23.3,23.6,24.4,25.0,25.6,21.8,17.7,5.2,7.4,,,,2022,9,35,244,0,0,1,0
108,서울,2022-09-02,24.7,20.3,0648,29.8,1540,,,,,,,9.2,50,1959,5.3,50,2046,3.1,2715,50,16.5,47,1648,61.8,18.8,1005.8,1016.9,0921,1013.7,1621,1015.6,13.0,11.6,1100,3.23,24.51,,,,,,2.4,0.6,26.9,16.5,25.0,24.7,24.2,24.3,24.9,24.8,25.4,21.8,17.8,5.8,8.2,,,,2022,9,35,245,0,0,1,0
108,서울,2022-09-03,24.2,20.5,0630,29.2,1456,,,,,,,9.0,50,0914,5.3,50,1010,3.4,2932,70,16.6,54,1351,63.0,19.0,1004.2,1016.3,0001,1012.3,1442,1014.0,12.9,4.5,1300,2.99,16.39,,,,,,6.6,4.0,26.6,17.6,24.9,24.6,24.3,24.5,25.2,24.8,25.3,21.8,17.8,4.1,5.8,2.5,,,2022,9,35,246,0,0,1,0
108,서울,2022-09-04,22.3,19.8,0632,24.0,1905,3.8,1824,9.7,2135,13.67,33.8,8.4,50,0850,4.9,50,0711,3.1,2649,50,20.2,65,0103,88.6,23.8,999.1,1013.4,0012,1005.9,1604,1008.9,12.9,0.0,1500,0.5,3.54,,,,,,9.6,6.8,22.4,18.2,23.9,23.8,23.7,24.2,25.2,24.8,25.2,21.7,17.8,0.7,1.0,39.3,{비}0540-{비}{강도0}0600-0620. {비}0840-{비}{강도0}0900-{비}{강도0}1200-1450. {비}1710-{비}{강도0}1800-{비}{강도0}2100-{비}{강도0}2400-,,2022,9,35,247,0,0,0,1
108,서울,2022-09-05,19.2,17.7,2103,22.7,0001,2.9,1544,12.8,1025,24.0,120.0,18.3,20,2226,6.9,50,2229,3.2,2729,50,18.4,92,0337,95.9,21.3,997.1,1008.7,0019,1004.1,2400,1007.0,12.9,0.0,1200,0.22,1.61,,,,,,10.0,8.3,19.8,16.9,21.9,21.9,22.1,23.1,24.7,24.7,25.1,21.7,17.9,0.5,0.8,137.1,-{비}-{비}{강도0}0300-{비}{강도0}0600-{비}{강도0}0900-{비}{강도1}1200-{비}{강도1}1500-{비}{강도1}1800-{비}{강도1}2100-{비}{강도1}2400- {박무}0935-{박무}{강도1}1200-{박무}{강도1}1500-{박무}{강도1}1800-{박무}{강도1}2100-{박무}{강도0}2400-,,2022,9,36,248,0,0,0,1
108,서울,2022-09-06,21.0,17.0,0254,26.3,1601,1.8,238,8.9,151,8.92,25.3,13.8,20,0351,7.1,50,0358,3.6,3106,250,16.6,41,1624,78.0,18.8,995.3,1013.0,2332,998.3,0611,1005.1,12.8,8.4,1100,2.9,20.76,,,,,,3.9,3.1,21.2,14.8,20.6,20.3,20.0,20.7,22.0,24.2,25.3,24.1,18.0,4.1,5.9,,-{비}-{비}{강도1}0300-{비}{강도0}0600-0855. -{박무}-{박무}{강도1}0300-{박무}{강도0}0600-0610.,,2022,9,36,249,0,0,1,1
108,서울,2022-09-07,22.8,17.9,0701,28.1,1511,,,,,,,6.6,290,1548,4.0,250,1543,1.9,1683,290,14.9,32,1334,65.3,17.2,1006.8,1018.8,2143,1013.0,0001,1016.7,12.8,11.9,1200,3.28,24.4,,,,,,0.1,0.0,25.3,11.2,22.3,22.0,21.5,21.7,22.6,23.7,25.0,23.7,18.6,5.2,7.4,,{박무}0330-{박무}{강도0}0600-0610.,,2022,9,36,250,0,0,1,0
108,서울,2022-09-08,23.2,16.7,0635,29.5,1555,,,,,,,5.6,340,1813,3.7,320,1814,1.6,1414,20,15.9,39,1530,65.5,18.1,1007.7,1019.5,0747,1015.4,1543,1017.6,12.7,11.8,1200,3.25,23.96,,,,,,2.1,0.0,25.9,11.2,23.0,22.6,22.2,22.5,23.1,23.6,24.8,23.1,18.8,4.7,6.7,,,,2022,9,36,251,0,0,1,0
108,서울,2022-09-09,24.3,18.9,0620,30.8,1526,,,,,,,6.4,50,1730,3.8,50,1729,2.0,1686,50,15.0,30,1633,59.1,17.1,1007.2,1018.2,0917,1015.2,1646,1017.0,12.7,11.1,1200,3.24,23.91,,,,,,4.1,0.1,27.0,13.6,24.0,23.7,23.1,23.2,23.6,23.6,24.7,22.8,18.7,,,,,,2022,9,36,252,0,0,1,0
108,서울,2022-09-10,23.6,19.0,0646,28.4,1636,,,,,,,8.0,50,1353,4.2,50,2216,2.6,2251,50,13.0,37,1319,52.3,15.1,1007.2,1018.6,0633,1015.4,1647,1017.0,12.6,6.5,1200,2.85,18.76,,,,,,7.9,1.0,24.1,12.9,23.8,23.6,23.3,23.5,24.0,23.6,24.5,22.5,18.6,4.6,6.5,,,,2022,9,36,253,0,0,1,0
108,서울,2022-09-11,23.3,20.6,0638,26.4,1331,0.1,,0.1,,1.83,0.1,6.9,70,1036,3.6,50,0923,2.1,1812,50,17.0,52,1501,68.6,19.4,1004.8,1016.6,0001,1012.9,1856,1014.6,12.6,1.8,0900,1.69,10.27,,,,,,8.9,5.4,24.8,16.6,24.0,23.7,23.3,23.5,24.1,23.7,24.4,22.4,18.6,2.3,3.2,0.1,{비}1655-{비}{강도0}1800-1845.,,2022,9,36,254,0,0,1,1
108,서울,2022-09-12,23.8,20.3,0558,27.5,1541,,,,,,,5.1,320,1745,3.2,320,1750,1.6,1347,50,19.2,60,1424,76.1,22.2,1004.0,1014.9,2317,1012.8,1522,1013.8,12.6,3.5,1000,2.12,13.15,,,,,,8.1,2.8,25.2,16.9,24.1,23.8,23.3,23.5,24.0,23.7,24.4,22.3,18.6,2.5,3.6,,{달코로나}2350-,,2022,9,37,255,0,0,1,0
108,서울,2022-09-13,24.3,21.8,0626,26.4,1341,0.0,,0.0,,4.83,0.0,7.8,50,2014,4.3,50,2017,2.5,2153,50,19.0,64,1333,73.0,22.0,1005.7,1016.9,2056,1013.9,0226,1015.6,12.5,0.1,1000,1.26,7.38,,,,,,9.6,3.5,24.0,18.7,24.2,23.9,23.5,23.7,24.2,23.7,24.3,22.2,18.6,2.7,3.8,0.0,-{달코로나}-0050. {비}1255-{비}{강도0}1500-1625. {비}1940-2015. {비}2305-2350.,,2022,9,37,256,0,0,1,0
108,서울,2022-09-14,24.6,22.7,2334,27.9,1410,0.0,,0.0,,1.17,0.0,14.3,70,1925,8.0,50,1906,4.6,3947,70,15.3,45,1635,56.9,17.5,1005.7,1016.9,0959,1013.8,1558,1015.5,12.5,1.1,1300,1.67,10.09,,,,,,8.8,4.5,24.4,19.7,24.0,23.8,23.4,23.6,24.2,23.8,24.3,22.1,18.6,4.2,6.0,,{비}0325-0435. {햇무리}1230-1520.,,2022,9,37,257,0,0,1,0
108,서울,2022-09-15,25.2,22.0,0504,28.3,1539,0.1,,0.1,,0.42,0.1,9.6,50,0158,5.2,50,0152,3.6,3082,70,18.5,56,1048,66.9,21.3,1001.0,1014.6,0001,1008.2,1933,1010.7,12.5,3.4,1000,2.43,12.29,,,,,,8.4,2.3,25.3,19.0,23.9,23.6,23.2,23.4,24.0,23.8,24.3,22.0,18.6,3.2,4.6,0.1,{비}2315-2330. {비}2350-{비}{강도0}2400-,,2022,9,37,258,0,0,1,1
108,서울,2022-09-16,25.7,23.4,0605,29.9,1326,7.2,1645,8.6,2321,5.5,14.6,8.6,140,1149,4.8,110,1151,2.9,2474,50,21.5,63,1138,78.6,25.8,997.5,1008.5,0001,1005.3,1505,1007.2,12.4,1.8,1100,2.55,10.4,,,,,,9.0,6.0,25.9,21.0,24.9,24.6,23.9,23.8,24.2,23.8,24.3,22.0,18.6,2.3,3.2,18.9,-{비}-0010. {비}0125-0140. {비}1405-1430. {비}1610-1755. {비}2025-2035. {비}2115-{비}{강도1}2400- {박무}2335-{박무}{강도1}2400-,,2022,9,37,259,0,0,1,1
108,서울,2022-09-17,25.6,23.3,0537,29.4,1619,2.0,8,4.3,1,1.92,4.3,6.1,230,0009,3.3,250,0012,1.4,1248,270,22.3,65,1716,83.1,26.9,998.1,1009.4,0929,1006.1,1645,1007.8,12.4,3.8,1300,2.11,11.31,,,,,,7.8,5.8,26.3,20.7,25.6,25.2,24.4,24.3,24.6,23.8,24.2,21.9,18.6,2.3,3.3,,-{박무}-0105. -{비}-0110. {비}0315-0335. {박무}0505-{박무}{강도0}0600-0605. {비}0710-0735. {박무}0820-{박무}{강도0}0900-0910.,,2022,9,37,260,0,0,1,1
108,서울,2022-09-18,27.1,23.0,0616,32.5,1551,,,,,,,8.2,20,2201,4.6,50,2149,2.0,1761,50,22.0,55,1532,75.3,26.5,993.8,1007.4,0010,1000.3,2351,1003.4,12.3,5.7,1300,2.48,15.9,,,,,,6.5,3.6,27.8,20.5,26.0,25.6,24.9,24.7,24.9,23.9,24.2,21.9,18.6,3.6,5.2,,,,2022,9,37,261,0,0,1,0
108,서울,2022-09-19,24.6,19.5,2359,29.6,1306,,,,,,,12.4,160,0748,6.6,20,0754,3.3,2885,50,16.9,48,1348,63.1,19.6,992.3,1008.5,2400,998.4,0434,1001.9,12.3,6.9,1200,3.12,18.62,,,,,,5.4,2.8,26.2,14.1,25.8,25.6,25.1,25.1,25.3,24.0,24.2,21.9,18.6,,,,,,2022,9,38,262,0,0,1,0
108,서울,2022-09-20,19.9,16.1,0631,24.6,1506,,,,,,,7.9,110,1029,4.6,110,1030,2.3,1981,50,10.7,36,1632,57.0,12.9,1003.3,1015.9,2345,1008.4,0006,1013.3,12.3,9.7,1000,2.57,18.93,,,,,,2.1,0.8,23.8,9.3,23.4,23.4,23.7,24.3,25.1,24.1,24.3,21.8,18.6,3.8,5.5,,,,2022,9,38,263,0,0,0,0
108,서울,2022-09-21,19.4,13.0,0626,25.6,1449,,,,,,,7.0,110,1218,3.6,180,1209,1.8,1562,50,10.1,36,1459,56.9,12.4,1006.7,1018.3,1008,1015.2,1643,1016.7,12.2,11.0,1300,3.16,22.18,,,,,,0.5,0.5,23.1,6.5,22.2,22.2,22.4,23.1,24.2,24.1,24.3,21.8,18.6,4.5,6.4,,,,2022,9,38,264,0,0,1,0
108,서울,2022-09-22,19.8,14.2,0635,24.7,1454,,,,,,,6.6,110,0931,3.5,50,0638,2.0,1765,50,11.6,45,1459,60.1,13.6,1004.9,1017.4,0801,1012.2,1553,1014.8,12.2,7.4,1100,2.89,17.9,,,,,,4.0,1.6,23.1,9.4,22.0,21.9,22.0,22.7,23.7,24.0,24.3,21.8,18.7,,,,,,2022,9,38,265,0,0,0,0
108,서울,2022-09-23,17.5,14.7,2354,22.2,1026,3.3,1130,3.3,1115,0.67,3.3,13.1,290,1306,6.7,180,1059,3.1,2675,250,11.4,42,1500,68.9,13.7,1002.7,1016.1,2354,1009.8,1107,1012.8,12.1,7.9,1300,3.07,16.53,,,,,,3.0,1.9,19.9,9.9,21.2,21.3,21.6,22.4,23.5,23.8,24.3,21.7,18.7,3.3,4.8,3.3,{비}1115-1155.,,2022,9,38,266,0,0,0,1
108,서울,2022-09-24,18.5,12.3,0645,24.2,1503,,,,,,,7.6,290,1159,3.9,270,1152,1.8,1571,270,11.1,37,1512,64.6,13.3,1006.6,1017.9,1106,1015.0,1623,1016.6,12.1,10.7,1200,3.09,21.67,,,,,,3.4,0.5,21.5,5.6,20.2,20.2,20.5,21.4,22.8,23.7,24.2,21.7,18.7,4.0,5.6,,,,2022,9,38,267,0,0,0,0
108,서울,2022-09-25,19.6,15.4,0553,25.2,1450,,,,,,,5.7,290,1604,3.7,290,1517,1.6,1425,50,11.9,36,1319,63.3,14.0,1006.1,1017.7,0935,1014.5,1645,1016.0,12.1,7.8,1200,3.02,17.94,,,,,,6.4,0.6,22.3,9.9,21.2,21.0,21.0,21.6,22.6,23.4,24.2,21.7,18.7,3.6,5.1,,,,2022,9,38,268,0,0,1,0
108,서울,2022-09-26,20.0,14.8,0642,25.4,1456,,,,,,,5.3,250,1129,3.5,250,1130,1.7,1472,20,10.8,32,1435,58.5,13.0,1006.6,1018.0,0815,1015.1,1544,1016.6,12.0,8.7,1200,2.7,18.48,,,,,,6.5,0.4,22.5,9.5,21.2,21.1,21.0,21.6,22.6,23.3,24.1,21.7,18.7,3.9,5.6,,,,2022,9,39,269,0,0,1,0
108,서울,2022-09-27,20.9,14.0,0642,28.0,1535,,,,,,,5.4,20,1400,3.1,340,1635,1.6,1392,50,11.7,29,1634,59.0,13.7,1005.4,1017.1,0727,1013.0,1623,1015.3,12.0,11.2,1200,3.04,21.17,,,,,,0.5,0.0,23.5,6.9,21.2,21.0,21.0,21.6,22.5,23.1,24.0,21.7,18.7,4.3,6.1,,,,2022,9,39,270,0,0,1,0
108,서울,2022-09-28,20.4,16.1,0630,26.1,1617,,,,,,,4.7,270,1734,3.0,270,1742,1.8,1578,50,14.7,47,1642,71.0,16.8,1003.5,1014.7,0001,1011.6,1611,1013.5,11.9,5.0,1400,2.17,12.51,,,,,,4.6,0.1,21.6,10.1,21.2,21.1,21.0,21.6,22.4,23.0,23.9,21.6,18.7,2.3,3.3,,{박무}2030-{박무}{강도0}2100-{박무}{강도1}2400-,,2022,9,39,271,0,0,1,0
108,서울,2022-09-29,20.4,16.4,0612,26.5,1612,,,,,,,5.8,230,1744,3.4,250,1745,1.4,1227,270,14.9,33,1605,73.5,17.0,1004.5,1015.8,2312,1012.7,1540,1014.4,11.9,7.9,1200,2.76,17.37,,,,,,2.5,2.5,21.9,10.0,21.6,21.4,21.2,21.6,22.4,22.9,23.8,21.6,18.7,3.5,4.9,,-{박무}-{박무}{강도0}0300-{박무}{강도0}0600-{박무}{강도1}0900-1125. {연무}1120-{연무}{강도0}1200-1255.,,2022,9,39,272,0,0,1,0
108,서울,2022-09-30,20.7,14.8,0705,27.7,1522,,,,,,,5.2,250,1509,3.2,270,1813,1.6,1412,20,13.9,34,1618,68.0,16.0,1005.9,1017.2,0741,1013.9,1620,1015.8,11.9,10.6,1200,2.72,19.27,,,,,,0.3,0.0,22.4,7.1,21.5,21.3,21.2,21.6,22.4,22.8,23.7,21.6,18.8,3.8,5.4,,{박무}0620-0755. {연무}1850-2005.,,2022,9,39,273,0,0,1,0
108,서울,2022-10-01,20.9,14.4,0641,27.6,1357,,,,,,,4.2,200,1232,2.7,270,1651,1.6,1401,20,13.0,33,1448,63.3,15.0,1007.4,1019.2,0950,1016.0,1540,1017.4,11.8,7.9,1200,2.84,17.31,,,,,,5.4,0.0,21.8,6.9,21.4,21.2,21.1,21.6,22.4,22.7,23.6,21.6,18.8,3.3,4.7,0.1,{연무}1010-{연무}{강도0}1200-1205.,,2022,10,39,274,0,0,1,0
108,서울,2022-10-02,19.4,17.2,2232,21.6,1321,1.7,2214,6.1,1725,15.08,15.8,8.6,50,1428,5.5,50,1430,2.7,2300,50,15.4,60,1631,78.9,17.5,1005.8,1018.5,0616,1013.2,2230,1015.8,11.8,0.0,1200,0.59,3.8,,,,,,9.9,6.8,19.5,11.6,20.9,20.9,21.0,21.6,22.4,22.7,23.6,21.6,18.8,1.1,1.6,37.5,{비}0445-{비}{강도0}0600-{비}{강도0}0900-0935. {비}1255-{비}{강도0}1500-1555. {비}1645-{비}{강도1}1800-{비}{강도0}2100-{비}{강도0}2400- {박무}1845-1940. {박무}2220-{박무}{강도1}2400-,,2022,10,39,275,0,0,0,1
108,서울,2022-10-03,21.4,17.5,0001,23.4,2004,7.4,1143,14.7,2219,22.58,76.0,13.7,200,2025,6.5,200,2135,2.7,2325,200,21.0,94,2203,98.5,25.1,1001.2,1013.7,0936,1007.2,2201,1011.1,11.7,0.0,1000,0.23,1.06,,,,,,10.0,8.1,20.6,17.2,20.8,20.6,20.4,20.9,22.0,22.6,23.5,21.5,18.8,0.4,0.6,66.0,-{비}-{비}{강도1}0300-{비}{강도0}0600-{비}{강도0}0900-{시정(미만)}{1km}{비}1147-{시정(이상)}{1km}{비}1158-{비}{강도1}1200-{비}{강도0}1500-1550. -{박무}-{박무}{강도2}0300-{박무}{강도0}0600-{박무}{강도2}0900-{박무}{강도2}1200-{박무}{강도0}1500-1555. {비}1630-1645. {비}1730-{비}{강도0}1800-{비}{강도1}2100-{비}{강도1}2400- {박무}1750-{박무}{강도0}1800-1830. {박무}1905-{박무}{강도0}2100-{박무}{강도0}2400-,,2022,10,40,276,0,0,0,1
108,서울,2022-10-04,17.9,14.2,2329,23.0,0001,2.1,111,7.0,30,7.08,11.8,10.2,230,0050,5.7,270,0059,2.9,2473,270,14.9,67,2014,83.8,17.4,1002.6,1017.8,2346,1006.8,0136,1012.6,11.7,0.4,1100,1.58,6.5,,,,,,9.8,6.6,19.7,13.8,21.4,21.2,20.9,21.2,21.9,22.3,23.4,21.5,18.8,1.5,2.1,0.1,-{박무}-0155. -{비}-{비}{강도0}0300-0355. {비}0430-{비}{강도0}0600-{안개비}0715-0740. {박무}0710-0735.,,2022,10,40,277,0,0,0,1
108,서울,2022-10-05,16.6,14.1,0034,21.6,1519,0.1,,0.1,,3.58,0.1,6.7,270,1816,3.8,20,1508,2.1,1856,50,11.8,48,1544,74.8,13.8,1009.2,1021.0,0936,1017.0,1533,1019.3,11.7,4.9,1200,2.67,15.62,,,,,,7.5,3.9,19.1,13.1,20.1,20.0,20.1,20.7,21.7,22.2,23.3,21.9,18.8,2.9,4.1,,{비}0315-{비}{강도0}0600-0650.,,2022,10,40,278,0,0,0,1
108,서울,2022-10-06,15.8,12.7,0640,19.1,1419,0.0,,0.0,,2.25,0.0,6.2,140,1255,3.4,50,1105,2.1,1842,50,11.6,63,1401,76.6,13.6,1008.9,1021.3,0930,1016.6,1707,1019.1,11.6,1.6,1100,1.52,7.74,,,,,,8.9,5.1,17.4,10.0,19.2,19.1,19.4,20.3,21.6,22.2,23.2,21.8,18.8,1.6,2.3,0.0,{비}1635-{비}{강도0}1800-1850.,,2022,10,40,279,0,0,0,0
108,서울,2022-10-07,14.3,11.0,0651,18.6,1522,,,,,,,9.2,360,1520,4.7,20,1525,2.5,2121,290,8.6,48,2002,69.5,11.2,1009.9,1023.7,2320,1017.9,0135,1020.2,11.6,7.6,1400,2.07,15.08,,,,,,3.4,2.9,16.8,6.3,18.2,18.2,18.6,19.6,21.1,22.1,23.1,21.7,18.9,2.7,3.8,,,,2022,10,40,280,0,0,0,0
108,서울,2022-10-08,15.8,11.1,0654,21.6,1508,,,,,,,6.5,20,0849,4.2,50,0854,2.5,2148,50,8.7,42,1510,64.6,11.3,1013.4,1025.7,0933,1021.0,1735,1023.6,11.6,9.5,1100,2.75,18.48,,,,,,2.9,1.8,17.4,6.9,17.7,17.6,17.9,19.0,20.5,21.9,23.1,21.6,18.9,3.2,4.5,0.3,,,2022,10,40,281,0,0,0,0
108,서울,2022-10-09,13.1,10.7,2221,14.5,0117,3.0,1843,4.2,1840,13.67,20.4,11.5,270,1913,6.1,250,1927,2.1,1810,110,10.6,69,0249,85.8,12.9,1007.3,1023.5,0029,1012.9,1837,1017.5,11.5,0.0,1100,0.44,2.4,,,,,,8.8,5.1,13.9,7.8,17.0,17.1,17.6,18.8,20.3,21.7,23.0,21.5,18.9,0.8,1.1,20.1,{비}0820-{비}{강도0}0900-{비}{강도0}1200-{비}{강도0}1500-{비}{강도0}1800-{비}{강도0}2100-2125. {박무}1145-{박무}{강도0}1200-1220. {박무}1305-{박무}{강도0}1500-1620. {박무}1710-{박무}{강도0}1800-1940. {비}2245-2320.,,2022,10,40,282,0,0,0,1
108,서울,2022-10-10,9.9,8.2,2034,11.9,1408,0.0,,0.0,,4.58,0.0,12.8,270,1438,6.8,270,1519,3.8,3303,270,5.1,59,1122,72.9,8.8,1003.4,1016.7,2359,1011.4,1459,1013.8,11.5,2.3,1000,1.72,9.31,,,,,,7.4,7.0,11.9,5.8,15.2,15.3,16.1,17.5,19.4,21.5,22.9,21.5,18.9,1.6,2.3,0.0,{비}0055-0120. {비}1225-1335. {비}1410-{비}{강도0}1500-1555. {비}1705-1745. {비}2005-2040.,,2022,10,41,283,0,0,0,0
108,서울,2022-10-11,11.1,7.4,0250,16.4,1531,,,,,,,9.3,250,0015,4.7,270,0017,2.2,1928,270,5.4,51,1619,69.1,9.0,1011.3,1024.7,2248,1016.7,0002,1021.7,11.4,10.3,1200,2.75,18.72,,,,,,2.1,2.1,14.0,2.4,14.7,14.7,15.3,16.6,18.6,21.1,22.7,21.4,18.9,2.7,3.9,,,,2022,10,41,284,0,0,0,0
108,서울,2022-10-12,13.5,6.5,0645,20.6,1513,,,,,,,6.6,110,1421,3.3,50,1159,1.8,1548,50,7.2,42,1622,68.1,10.2,1016.1,1027.8,0937,1024.7,0001,1026.4,11.4,10.6,1100,2.67,18.13,,,,,,0.0,0.0,14.8,0.3,14.9,14.8,15.3,16.5,18.3,20.7,22.5,21.4,18.9,3.0,4.3,,,,2022,10,41,285,0,0,0,0
108,서울,2022-10-13,16.3,10.7,0639,22.7,1435,,,,,,,5.3,70,1204,3.0,70,0754,1.5,1314,70,10.2,43,1459,69.6,12.4,1014.4,1027.5,0002,1021.9,1759,1024.6,11.3,10.4,1200,2.7,17.98,,,,,,2.5,0.3,16.8,4.2,16.1,15.9,16.0,16.8,18.2,20.4,22.3,21.4,18.9,3.0,4.3,,,,2022,10,41,286,0,0,0,0
108,서울,2022-10-14,17.1,12.4,0529,23.0,1454,,,,,,,5.5,320,2047,3.2,290,2035,1.6,1415,20,11.9,49,1410,73.4,14.0,1009.8,1022.5,0005,1017.6,1829,1019.9,11.3,4.9,1400,2.01,13.52,,,,,,7.9,4.3,17.4,5.6,17.1,16.8,16.8,17.3,18.4,20.2,22.1,21.3,18.9,2.5,3.5,,,,2022,10,41,287,0,0,0,0
108,서울,2022-10-15,18.2,12.6,0653,24.4,1505,,,,,,,6.5,290,1814,4.3,290,1821,1.4,1243,290,11.8,38,1318,68.5,13.8,1008.6,1020.3,0911,1017.2,1422,1018.7,11.3,8.2,1100,2.61,16.21,,,,,,5.8,4.5,18.8,6.0,17.8,17.5,17.3,17.8,18.7,20.1,21.9,21.3,19.0,2.9,4.1,,,,2022,10,41,288,0,0,0,0
108,서울,2022-10-16,16.9,15.1,2400,20.5,1202,,,,,,,7.4,290,1319,4.3,290,1320,1.7,1459,270,12.1,64,1628,73.9,14.1,1007.7,1018.9,0807,1016.5,1615,1017.8,11.2,0.6,1100,1.32,6.15,,,,,,8.8,8.8,16.1,9.6,17.9,17.8,17.7,18.2,19.0,20.0,21.8,21.3,19.0,1.7,2.5,,,,2022,10,41,289,0,0,0,0
108,서울,2022-10-17,11.2,7.4,2344,15.1,0001,,,,,,,11.4,290,1548,6.3,320,0613,3.4,2963,320,0.6,25,1332,50.3,6.6,1009.4,1021.7,2236,1017.6,0022,1019.8,11.2,10.1,1200,2.79,18.79,,,,,,1.4,1.4,14.2,-0.9,16.0,16.1,16.7,17.6,18.9,20.0,21.6,21.2,19.0,3.6,5.2,,,,2022,10,42,290,0,0,0,0
108,서울,2022-10-18,9.4,5.0,0657,14.2,1451,,,,,,,7.2,290,1407,4.4,320,1357,2.3,1964,270,-0.3,33,1459,52.1,6.0,1012.4,1024.0,2311,1021.6,0001,1022.9,11.2,10.2,1200,2.72,18.27,,,,,,0.0,0.0,12.0,-1.9,13.8,13.9,14.8,16.3,18.1,19.9,21.5,21.2,19.0,2.9,4.1,,,,2022,10,42,291,0,0,0,0
108,서울,2022-10-19,10.5,4.4,0654,16.8,1510,,,,,,,8.0,320,1213,4.2,340,1222,1.8,1518,270,1.9,30,1405,57.8,7.1,1015.5,1027.8,2324,1023.9,0001,1026.0,11.1,10.2,1200,2.68,17.78,,,,,,0.0,0.0,12.2,-3.3,13.1,13.2,14.0,15.4,17.3,19.7,21.4,21.1,19.0,3.0,4.4,,,,2022,10,42,292,0,0,0,0
108,서울,2022-10-20,12.9,6.0,0711,19.7,1500,,,,,,,5.3,250,1406,3.1,250,1912,1.8,1586,20,5.7,31,1626,64.4,9.2,1017.0,1029.8,0807,1025.4,1713,1027.4,11.1,10.1,1200,2.58,17.2,,,,,,2.1,0.6,14.0,-1.6,13.7,13.6,14.0,15.2,16.8,19.4,21.3,21.1,19.0,3.0,4.4,,,,2022,10,42,293,0,0,0,0
108,서울,2022-10-21,14.0,8.8,0707,20.9,1431,,,,,,,5.7,200,1357,3.6,270,1623,1.7,1491,270,7.7,31,1611,68.8,10.6,1013.8,1026.4,0210,1022.0,1440,1024.1,11.0,8.8,1300,2.37,15.16,,,,,,4.9,2.4,14.7,1.4,14.7,14.6,14.7,15.5,16.8,19.1,21.2,21.0,19.0,2.7,3.9,,{연무}2015-{연무}{강도0}2100-2220. {박무}2215-{박무}{강도0}2400-,,2022,10,42,294,0,0,0,0
108,서울,2022-10-22,15.1,10.5,0724,20.8,1412,,,,,,,7.3,180,1415,4.0,270,1608,1.9,1644,270,10.6,52,1408,76.3,12.9,1010.4,1023.0,0001,1018.5,1433,1020.6,11.0,9.3,1200,2.4,14.93,,,,,,4.3,3.9,16.4,3.4,15.4,15.2,15.1,15.8,17.0,18.9,21.0,21.0,19.0,2.5,3.6,,-{박무}-{박무}{강도0}0300-{박무}{강도0}0600-{박무}{강도0}0900-1010.,,2022,10,42,295,0,0,0,0
108,서울,2022-10-23,14.0,10.4,2356,18.6,1459,,,,,,,8.8,320,1714,4.4,320,1720,2.7,2290,290,6.8,29,1656,65.0,10.3,1008.6,1020.4,2223,1017.1,1513,1018.9,11.0,7.7,1200,2.29,14.04,,,,,,2.5,2.5,15.8,4.8,16.0,15.9,15.8,16.4,17.3,18.8,20.8,20.9,19.0,3.0,4.3,,{박무}0105-{박무}{강도0}0300-{박무}{강도0}0600-0815.,,2022,10,42,296,0,0,0,0
108,서울,2022-10-24,10.6,7.5,2356,14.8,1521,,,,,,,8.8,290,1421,5.2,290,1114,2.8,2454,290,0.6,27,1509,52.6,6.5,1011.3,1025.6,2358,1019.3,0217,1021.7,10.9,9.9,1200,2.62,16.88,,,,,,0.3,0.0,12.9,-1.0,14.1,14.2,14.7,15.8,17.2,18.7,20.7,20.9,19.0,3.2,4.6,,,,2022,10,43,297,0,0,0,0
108,서울,2022-10-25,11.3,5.9,0531,17.6,1535,,,,,,,7.6,20,1131,4.1,50,1147,2.0,1688,50,2.6,37,1539,56.5,7.4,1017.5,1029.8,0859,1025.6,0001,1028.0,10.9,9.9,1200,2.51,16.37,,,,,,0.0,0.0,12.7,-2.2,13.1,13.1,13.7,14.9,16.6,18.6,20.6,20.8,19.0,3.0,4.3,,,,2022,10,43,298,0,0,0,0
108,서울,2022-10-26,12.9,8.0,0653,17.8,1350,,,,,,,5.9,50,0607,3.2,70,0309,1.9,1610,70,4.5,38,1312,58.3,8.4,1017.0,1029.5,0901,1025.5,1712,1027.3,10.8,7.3,1100,2.26,12.66,,,,,,4.9,2.1,12.7,2.3,13.5,13.4,13.7,14.7,16.2,18.5,20.5,20.8,19.0,2.1,3.0,,,,2022,10,43,299,0,0,0,0
108,서울,2022-10-27,13.2,8.6,0701,18.9,1414,,,,,,,7.7,340,1501,3.9,290,1342,1.7,1461,270,7.9,49,1211,71.8,10.8,1015.0,1026.5,0852,1023.5,1518,1025.3,10.8,9.2,1200,2.31,14.31,,,,,,1.4,1.4,14.1,1.0,14.0,13.9,14.0,14.8,16.2,18.3,20.3,20.7,19.0,2.4,3.4,,,,2022,10,43,300,0,0,0,0
108,서울,2022-10-28,13.6,8.2,0636,20.6,1525,,,,,,,5.6,270,1758,3.4,270,1804,1.7,1477,20,7.9,41,1541,70.1,10.7,1015.5,1027.3,0906,1023.8,1638,1025.8,10.8,8.3,1100,2.42,14.35,,,,,,1.5,1.5,14.2,1.1,14.2,14.1,14.2,14.9,16.2,18.1,20.2,20.7,19.0,2.5,3.5,,,,2022,10,43,301,0,0,0,0
108,서울,2022-10-29,14.8,10.2,0709,21.3,1507,,,,,,,5.6,50,0921,3.5,50,0923,1.8,1529,70,8.0,37,1522,65.9,10.7,1015.6,1027.8,0846,1023.9,1647,1025.9,10.7,9.3,1200,2.35,14.64,,,,,,1.1,0.0,15.1,4.2,14.5,14.4,14.4,15.1,16.3,18.0,20.1,20.6,19.0,2.5,3.6,,,,2022,10,43,302,0,0,0,0
108,서울,2022-10-30,14.9,10.4,0702,21.3,1503,,,,,,,5.0,50,0756,2.9,50,0220,1.9,1634,70,7.8,39,1408,64.5,10.6,1014.7,1026.7,0853,1023.1,1507,1025.0,10.7,8.9,1200,2.28,13.64,,,,,,1.1,0.1,15.0,5.0,14.6,14.5,14.6,15.2,16.3,17.9,19.9,20.6,19.0,2.6,3.7,,,,2022,10,43,303,0,0,0,0
108,서울,2022-10-31,14.9,11.2,0710,21.1,1406,,,,,,,5.4,110,1001,3.2,140,1010,2.1,1804,50,9.1,42,1413,69.8,11.6,1013.5,1025.7,0838,1022.1,1429,1023.7,10.7,7.6,1200,2.28,13.19,,,,,,4.0,3.6,14.6,7.3,15.0,14.8,14.7,15.3,16.4,17.8,19.8,20.5,19.0,2.3,3.3,,{박무}2250-{박무}{강도0}2400-,,2022,10,44,304,0,0,0,0
108,서울,2022-11-01,13.1,9.4,2355,17.8,1511,,,,,,,7.6,270,1516,4.4,250,1610,1.8,1558,270,8.1,44,1556,73.5,11.0,1011.5,1023.3,0849,1020.2,1409,1021.8,10.6,4.7,1300,1.72,9.52,,,,,,3.4,2.5,13.9,1.2,14.7,14.6,14.7,15.4,16.5,17.8,19.7,20.5,19.0,1.9,2.6,,-{박무}-{박무}{강도0}0300-{박무}{강도0}0600-{박무}{강도0}0900-0950. {박무}1150-{박무}{강도0}1200-1259. {연무}1257-1410.,,2022,11,44,305,0,0,0,0
108,서울,2022-11-02,11.1,5.5,0715,17.9,1431,,,,,,,6.8,270,1501,4.4,250,1544,1.7,1491,270,2.0,23,1549,57.1,7.1,1010.5,1023.2,0904,1019.0,1349,1020.8,10.6,9.6,1200,2.42,15.45,,,,,,0.0,0.0,11.9,-3.2,13.1,13.2,13.7,14.7,16.1,17.7,19.6,20.4,19.0,3.0,4.2,,,,2022,11,44,306,0,0,0,0
108,서울,2022-11-03,9.3,5.6,2356,13.4,1242,,,,,1.75,0.0,9.0,320,2254,5.2,320,2241,2.0,1736,270,1.3,44,1131,58.1,6.8,1009.3,1021.5,2249,1018.6,1242,1019.8,10.6,0.6,0900,1.17,5.36,,,,,,6.1,3.1,8.9,-0.1,12.4,12.5,13.0,14.1,15.7,17.6,19.6,20.3,19.0,1.7,2.4,0.0,{비}1345-1430. {비}1520-1620.,,2022,11,44,307,0,0,0,0
108,서울,2022-11-04,4.9,1.6,0709,9.8,1440,,,,,,,9.8,340,1513,5.2,290,1503,2.9,2484,290,-7.5,23,1459,41.8,3.5,1012.9,1025.4,2344,1021.3,0001,1023.5,10.5,9.6,1200,2.43,15.6,,,,,,0.1,0.0,7.4,-4.9,10.4,10.6,11.6,13.1,15.1,17.5,19.5,20.3,19.0,2.7,3.9,,,,2022,11,44,308,0,0,0,0
108,서울,2022-11-05,6.5,0.8,0721,13.6,1522,,,,,,,7.2,290,1338,3.9,320,1241,1.7,1437,270,-3.6,24,1353,51.3,4.8,1014.5,1026.9,0900,1023.6,1539,1025.1,10.5,9.7,1200,2.37,15.06,,,,,,0.0,0.0,7.4,-9.0,9.3,9.5,10.4,12.0,14.2,17.2,19.4,20.2,19.0,2.6,3.7,,,,2022,11,44,309,0,0,0,0
108,서울,2022-11-06,9.6,3.7,0730,16.4,1359,,,,,,,5.5,290,1502,3.3,180,1337,1.8,1569,20,1.8,36,1402,60.5,7.0,1013.8,1026.3,0907,1022.2,1652,1024.3,10.5,9.6,1200,2.31,14.19,,,,,,2.6,1.3,9.7,-3.2,10.2,10.1,10.5,11.8,13.7,16.9,19.2,20.2,19.0,2.4,3.4,,{달코로나}2350-,,2022,11,44,310,0,0,0,0
108,서울,2022-11-07,11.4,6.1,0546,16.6,1432,,,,,0.17,0.0,7.0,270,1609,3.9,270,1607,1.7,1458,270,4.6,38,1546,64.5,8.5,1012.5,1024.4,0848,1020.7,1452,1022.8,10.4,4.4,1100,1.42,8.35,,,,,,5.9,4.6,11.3,-0.9,11.1,11.0,11.1,12.1,13.7,16.6,19.1,20.1,19.0,1.8,2.5,0.0,-{달코로나}-0130. {비}2245-2255.,,2022,11,45,311,0,0,0,0
108,서울,2022-11-08,12.9,9.7,0739,17.9,1414,,,,,,,6.4,270,1457,3.7,320,1458,1.5,1262,290,6.9,40,1552,68.3,9.9,1014.1,1025.6,0841,1023.1,0006,1024.4,10.4,8.1,1100,1.85,11.55,,,,,,2.5,2.5,13.1,0.4,12.7,12.4,12.3,12.8,13.9,16.4,18.9,20.1,19.0,2.0,2.8,,{박무}0645-{박무}{강도0}0900-0915.,,2022,11,45,312,0,0,0,0
108,서울,2022-11-09,11.4,6.7,0718,16.0,1404,,,,,,,4.9,340,1427,3.1,320,1347,1.5,1260,20,7.1,57,1316,76.0,10.1,1014.8,1026.8,0813,1023.8,1447,1025.2,10.4,5.3,1100,1.77,9.82,,,,,,6.1,0.6,10.7,-1.3,12.0,11.9,12.1,12.9,14.2,16.3,18.7,20.0,19.0,1.5,2.1,,{박무}0010-{박무}{강도0}0300-{박무}{강도0}0600-{박무}{강도0}0900-1050. {연무}1045-{연무}{강도0}1200-1315. {연무}1605-{연무}{강도0}1800-{연무}{강도0}2100-2155. {박무}2150-{박무}{강도0}2400-,,2022,11,45,313,0,0,0,0
108,서울,2022-11-10,13.5,8.8,0641,19.1,1408,,,,,,,4.8,290,1903,2.9,250,1632,1.3,1092,20,8.8,53,1426,74.5,11.3,1014.2,1025.8,2330,1022.5,1524,1024.5,10.3,7.9,1100,1.75,10.6,,,,,,1.6,0.0,12.8,1.6,12.9,12.6,12.5,13.1,14.2,16.2,18.6,19.9,19.0,1.9,2.7,,-{박무}-{박무}{강도0}0300-{박무}{강도1}0600-{박무}{강도1}0900-1120. {연무}1115-{연무}{강도0}1200-{연무}{강도0}1500-1710. {연무}1815-{연무}{강도0}2100-2335. {박무}2330-{박무}{강도0}2400-,,2022,11,45,314,0,0,0,0
108,서울,2022-11-11,15.6,10.9,0434,22.1,1538,,,,,,,6.4,110,1225,3.2,70,0658,1.8,1518,70,8.1,40,1545,62.5,10.8,1014.5,1026.8,0847,1023.1,1611,1024.7,10.3,8.8,1200,2.01,11.75,,,,,,0.9,0.9,13.7,4.1,13.3,13.0,12.9,13.4,14.4,16.1,18.5,19.9,19.0,2.3,3.2,,-{박무}-0155.,,2022,11,45,315,0,0,0,0
108,서울,2022-11-12,16.3,11.6,0501,22.0,1318,,,,,7.5,57.9,9.9,270,2048,4.6,250,2041,2.2,1942,70,12.5,50,1256,80.0,15.0,1005.1,1023.5,0001,1008.0,2341,1015.2,10.3,2.6,1200,1.96,6.93,,,,,,8.1,6.5,13.9,5.3,14.3,13.9,13.6,13.9,14.6,16.1,18.3,19.8,19.0,1.4,2.0,57.9,{비}1410-{비}{강도0}1500-1540. {박무}1430-{박무}{강도0}1500-{박무}{강도1}1800-{박무}{강도2}2100-2225. {비}1640-1755. {비}1810-{시정(미만)}{1km}{비}2038-{시정(미만)}{0.5km}{비}2055-{비}{강도2}2100-{시정(이상)}{0.5km}{비}2102-{시정(이상)}{1km}{비}2115-{시정(미만)}{1km}{비}2140-{시정(이상)}{1km}{비}2148-2255.,,2022,11,45,316,0,0,0,1
108,서울,2022-11-13,10.3,8.7,2357,17.3,0001,,,,,,,10.4,200,0153,6.3,230,0200,2.6,2243,250,7.9,69,1350,85.6,10.7,1005.0,1019.8,2320,1007.7,0031,1015.3,10.2,0.0,1300,0.61,3.61,,,,,,8.8,8.1,12.4,3.7,14.6,14.5,14.4,14.7,15.6,15.6,18.0,19.8,19.0,0.7,1.0,,,,2022,11,45,317,0,0,0,0
108,서울,2022-11-14,9.7,5.9,2356,13.8,1305,,,,,,,8.6,250,1340,4.8,230,1403,2.3,2007,250,5.1,45,1524,74.8,9.0,1007.5,1020.2,0215,1016.0,1410,1017.9,10.2,4.5,1200,1.64,8.25,,,,,,5.3,4.1,10.8,-0.6,12.8,12.7,13.0,13.9,15.1,15.9,17.9,19.7,19.0,1.6,2.3,,,,2022,11,46,318,0,0,0,0
108,서울,2022-11-15,8.1,4.0,0658,12.3,1341,,,,,2.25,1.6,10.4,340,2030,5.4,320,2041,2.0,1716,20,4.2,62,0001,77.4,8.4,1006.4,1017.9,0001,1015.2,1341,1016.9,10.2,2.9,1000,1.51,6.96,,,,,,6.5,5.9,8.4,-2.1,10.9,10.9,11.5,12.8,14.3,16.0,17.9,19.6,19.0,1.0,1.5,1.6,{비}1305-1325. {비}1415-1455. {비}2015-{비}{강도0}2100-2130. {박무}2150-{박무}{강도0}2400-,,2022,11,46,319,0,0,0,1
108,서울,2022-11-16,8.5,5.5,0703,13.0,1431,,,,,,,7.1,290,1137,3.9,290,1138,1.7,1477,270,2.8,33,1506,71.3,7.6,1009.8,1022.4,2205,1017.0,0002,1020.3,10.2,8.3,1200,2.07,12.11,,,,,,2.0,0.4,8.1,-0.3,10.4,10.4,10.9,12.0,13.7,15.9,17.9,19.6,18.9,2.0,2.8,,-{박무}-{박무}{강도1}0300-{박무}{강도1}0600-{박무}{강도1}0900-1045.,,2022,11,46,320,0,0,0,0
108,서울,2022-11-17,10.2,5.4,0722,16.6,1436,,,,,,,4.8,270,1254,3.1,180,1353,1.6,1416,50,3.5,41,1453,64.6,7.9,1013.4,1025.6,2159,1022.2,0001,1023.8,10.1,9.1,1200,1.97,11.46,,,,,,1.3,0.8,8.6,0.4,10.3,10.2,10.5,11.6,13.2,15.7,17.8,19.5,18.9,1.9,2.7,,,,2022,11,46,321,0,0,0,0
108,서울,2022-11-18,11.0,5.3,0749,18.1,1502,,,,,,,4.2,110,1253,2.7,200,1450,1.6,1362,20,5.1,39,1406,69.6,8.8,1015.6,1027.9,0820,1024.1,1505,1026.0,10.1,9.1,1200,1.99,12.08,,,,,,1.0,0.0,8.8,-0.9,10.3,10.2,10.5,11.5,12.9,15.4,17.7,19.4,18.9,,,,{박무}0510-{박무}{강도0}0600-{박무}{강도0}0900-0910.,,2022,11,46,322,0,0,0,0
108,서울,2022-11-19,12.9,8.7,0111,19.2,1507,,,,,,,7.4,110,1245,4.4,50,0907,2.3,2000,70,3.9,35,1529,55.8,8.1,1012.0,1025.5,0001,1019.6,1600,1022.3,10.1,9.0,1200,2.02,11.5,,,,,,3.1,0.4,9.8,1.4,10.8,10.6,10.7,11.5,12.8,15.2,17.6,19.4,18.9,2.4,3.4,,,,2022,11,46,323,0,0,0,0
108,서울,2022-11-20,13.7,9.5,0725,20.2,1332,,,,,,,5.3,290,1626,3.0,320,1524,1.7,1448,50,5.4,38,1434,58.3,9.0,1009.4,1020.9,0933,1017.7,1443,1019.7,10.0,9.1,1200,1.99,11.85,,,,,,1.8,1.6,11.0,2.5,11.6,11.4,11.3,11.8,12.9,15.0,17.5,19.3,18.9,2.3,3.3,,,,2022,11,46,324,0,0,0,0
108,서울,2022-11-21,11.8,9.3,0711,16.2,1132,,,,,,,7.6,340,1216,5.1,320,1219,1.6,1390,20,6.4,53,1304,70.5,9.6,1010.8,1023.0,2254,1019.8,1521,1021.2,10.0,3.1,1000,1.33,6.36,,,,,,3.4,3.4,9.3,1.6,11.3,11.2,11.3,12.0,13.0,14.9,17.4,19.2,18.9,1.2,1.7,,{박무}2205-{박무}{강도0}2400-,,2022,11,47,325,0,0,0,0
108,서울,2022-11-22,10.7,7.0,0651,13.7,1414,,,,,2.17,0.0,6.9,50,1031,4.3,50,0937,1.9,1664,50,5.0,47,1546,69.9,8.8,1010.3,1023.5,0156,1017.9,2324,1020.7,10.0,1.6,1000,1.36,5.55,,,,,,8.8,4.5,9.1,-0.5,10.8,10.6,10.8,11.6,12.9,14.9,17.2,19.2,18.9,1.3,1.8,0.0,-{박무}-{박무}{강도0}0300-{박무}{강도0}0600-{박무}{강도0}0900-1010. {비}2125-2335.,,2022,11,47,326,0,0,0,0
108,서울,2022-11-23,10.8,6.8,2343,15.2,1322,,,,,1.5,0.0,8.4,290,1445,4.5,320,1409,2.1,1801,270,1.9,34,1412,56.0,7.2,1007.3,1019.6,2350,1016.5,1238,1017.7,10.0,7.9,1200,2.02,11.6,,,,,,3.3,1.9,9.8,-0.6,11.3,11.1,11.1,11.8,12.8,14.8,17.1,19.1,18.9,2.3,3.3,,{비}0115-0215. {비}0505-0515. {비}0605-0625.,,2022,11,47,327,0,0,0,0
108,서울,2022-11-24,9.4,5.9,0235,14.1,1519,,,,,,,5.2,250,1343,3.2,270,1305,1.5,1281,290,3.1,51,1123,65.6,7.7,1010.5,1022.0,2338,1019.3,1441,1020.9,9.9,6.5,1300,1.69,9.32,,,,,,3.4,1.4,7.8,-1.4,10.0,9.9,10.3,11.3,12.7,14.7,17.0,19.1,18.8,1.6,2.2,,{박무}2150-{박무}{강도0}2400-,,2022,11,47,328,0,0,0,0
108,서울,2022-11-25,12.3,7.1,0253,17.8,1501,,,,,1.32,1.7,10.0,200,1446,5.8,200,1350,3.0,2561,50,5.8,35,1606,67.1,9.3,1006.6,1022.0,0001,1013.2,1518,1016.8,9.9,7.6,1300,1.82,10.66,,,,,,5.0,3.1,9.7,0.6,10.5,10.3,10.3,11.1,12.4,14.6,16.9,19.0,18.8,2.4,3.5,1.7,-{박무}-{박무}{강도0}0300-{박무}{강도0}0600-{박무}{강도0}0900-1010. {연무}1005-1145. {비}2201-2320. {박무}2210-{박무}{강도0}2400-,,2022,11,47,329,0,0,0,1
108,서울,2022-11-26,6.7,1.0,2341,12.9,0001,,,,,,,11.1,340,1321,5.8,320,1340,3.0,2594,290,-3.1,28,1321,52.4,5.4,1007.9,1021.9,2353,1014.0,0001,1018.5,9.9,8.6,1200,2.02,11.75,,,,,,0.3,0.0,5.9,-5.2,10.0,10.0,10.4,11.3,12.5,14.5,16.8,18.9,18.8,2.3,3.3,,-{박무}-{박무}{강도0}0300-{박무}{강도0}0600-0610.,,2022,11,47,330,0,0,0,0
108,서울,2022-11-27,5.4,-1.1,0530,11.5,1521,,,,,,,5.8,70,0847,3.8,50,0902,2.4,2084,50,-6.5,28,1610,43.1,3.7,1010.0,1022.6,0236,1018.5,1622,1020.7,9.9,7.4,1200,2.02,10.15,,,,,,2.4,0.9,3.2,-6.8,7.2,7.3,8.1,9.8,11.7,14.4,16.7,18.9,18.8,2.6,3.7,0.3,,,2022,11,47,331,0,0,0,0
108,서울,2022-11-28,12.3,7.5,0001,15.0,1311,,,,,11.58,19.5,7.0,70,0402,4.7,50,0512,2.7,2320,70,5.1,34,0517,65.5,9.9,1003.7,1019.5,0008,1008.6,2400,1014.0,9.8,0.8,1100,1.27,3.87,,,,,,8.4,6.4,9.2,4.8,9.1,8.7,8.6,9.5,11.1,14.1,16.6,18.8,18.8,1.0,1.5,23.0,{비}0555-{비}{강도0}0600-0655. {비}0735-0810. {비}1105-1125. {비}1305-{비}{강도0}1500-1505. {비}1620-{비}{강도0}1800-{시정(미만)}{1km}{비}2019-{시정(이상)}{1km}{비}2032-{비}{강도1}2100-{비}{강도0}2400- {박무}1650-{박무}{강도1}1800-{박무}{강도2}2100-{박무}{강도1}2400-,,2022,11,48,332,0,0,0,1
108,서울,2022-11-29,6.9,-1.6,2352,15.0,0001,,,,,7.58,3.8,12.0,270,2132,6.5,290,2313,3.5,3020,290,0.7,39,2213,67.0,7.6,1007.0,1027.0,2358,1008.1,0215,1017.5,9.8,2.0,1300,1.41,5.34,,,,,,8.8,6.5,8.6,-1.8,10.7,10.6,10.5,10.9,11.7,13.9,16.5,18.7,18.8,1.5,2.2,0.0,-{비}-{시정(미만)}{1km}{비}0113-{시정(이상)}{1km}{비}0137-{비}{강도0}0300-{비}{강도0}0600-0635. -{박무}-0205. {박무}0310-0410. {눈}2220-2320.,,2022,11,48,333,0,0,0,1
108,서울,2022-11-30,-5.4,-8.1,2328,-1.6,0001,,,,,,,11.3,290,0250,6.5,290,0259,3.9,3410,290,-14.5,34,1347,49.1,2.0,1021.1,1034.7,2214,1026.8,0007,1032.3,9.8,9.1,1200,2.12,12.17,,,,,,1.5,0.0,-0.6,-9.5,5.1,5.6,7.2,9.2,11.3,13.8,16.4,18.7,18.8,1.4,2.0,,,,2022,11,48,334,0,0,0,0
108,서울,2022-12-01,-5.4,-9.4,0752,-1.2,1542,,,,,,,7.7,20,0015,4.3,290,1416,2.4,2068,320,-16.0,34,0454,43.4,1.8,1021.0,1034.4,0101,1029.7,1513,1032.1,9.8,8.1,1200,1.82,10.23,,,,,,1.5,0.9,-2.4,-13.1,2.4,2.9,4.4,6.8,9.6,13.5,16.2,18.6,18.8,1.2,1.7,,,,2022,12,48,335,0,0,0,0
108,서울,2022-12-02,-2.5,-7.6,0759,3.0,1446,,,,,,,5.4,50,2139,3.1,50,2139,1.7,1511,50,-14.1,24,1344,42.0,2.1,1019.0,1033.4,0934,1026.5,2335,1030.1,9.8,9.0,1200,2.01,11.87,,,,,,1.8,1.4,-1.8,-13.5,1.6,1.9,3.3,5.5,8.4,13.1,16.1,18.6,18.8,1.7,2.4,1.1,,,2022,12,48,336,0,0,0,0
108,서울,2022-12-03,2.1,-0.3,0001,7.0,1431,,,,,7.33,1.1,9.6,290,2321,5.1,270,2232,2.6,2223,50,-2.9,46,0002,70.5,5.1,1014.6,1028.6,2358,1023.4,1319,1025.4,9.7,2.6,1200,1.8,6.28,1.0,0830,1.0,0830,1.0,6.6,4.8,1.3,-2.4,2.7,2.4,3.2,5.0,7.6,12.6,15.9,18.5,18.7,1.1,1.6,0.0,{눈}0250-{눈}{강도0}0300-{눈}{강도0}0600-{눈}{강도0}0900-1010.,,2022,12,48,337,0,0,0,1
108,서울,2022-12-04,-3.5,-5.2,2400,-0.2,0001,,,,,,,9.7,160,0022,4.7,290,0013,2.8,2386,290,-15.7,25,1309,38.9,1.8,1020.9,1033.2,1013,1028.3,0006,1031.9,9.7,1.3,1200,1.21,6.13,,,,,,6.9,0.5,-1.1,-7.1,2.5,2.6,3.5,5.2,7.5,12.1,15.6,18.4,18.7,1.2,1.7,,,,2022,12,48,338,0,0,0,0
108,서울,2022-12-05,-3.1,-7.0,0755,1.9,1458,,,,,,,7.1,270,1234,4.8,290,1207,2.4,2042,290,-14.5,25,1450,41.9,2.0,1018.7,1033.2,0121,1027.0,2352,1029.7,9.7,8.6,1200,2.07,11.74,,,,,,2.9,0.9,-2.0,-11.3,1.5,1.8,2.8,4.6,7.0,11.7,15.3,18.4,18.7,1.5,2.1,0.1,,,2022,12,49,339,0,0,0,0
108,서울,2022-12-06,0.9,-3.9,0243,5.3,1400,,,,,4.75,0.1,12.5,270,1527,6.4,250,1533,2.4,2104,20,-5.5,44,1445,62.8,4.1,1012.2,1026.9,0001,1021.3,1511,1023.0,9.7,4.8,1200,1.93,9.16,0.3,0955,0.3,0955,0.3,6.1,5.8,-0.2,-10.5,1.5,1.6,2.4,4.1,6.6,11.3,15.1,18.3,18.7,1.3,1.9,0.1,{눈}0405-{눈}{강도0}0600-0615. {눈}0735-{눈}{강도0}0900-1010.,,2022,12,49,340,0,0,0,1
108,서울,2022-12-07,4.9,1.2,0805,9.0,1520,,,,,3.33,0.1,12.2,230,1554,6.5,270,1323,2.7,2293,250,-2.4,41,1323,60.4,5.1,1012.3,1025.8,2354,1021.1,0426,1023.0,9.7,7.8,1100,1.78,9.89,,,,,,1.8,1.8,1.6,-5.2,3.1,2.7,3.0,4.3,6.4,11.0,14.8,18.2,18.7,1.6,2.3,,{눈}0050-{눈}{강도0}0300-{진눈깨비}0320-0410.,,2022,12,49,341,0,0,0,1
108,서울,2022-12-08,3.7,0.1,0742,9.1,1251,,,,,,,4.7,290,1353,2.7,290,1411,1.4,1248,270,-4.7,21,1534,57.5,4.4,1015.0,1027.8,0946,1024.6,1535,1025.7,9.7,9.0,1100,1.76,9.97,,,,,,1.0,0.5,1.4,-8.9,3.3,3.2,3.6,4.8,6.6,10.7,14.5,18.2,18.6,1.5,2.2,0.0,,,2022,12,49,342,0,0,0,0
108,서울,2022-12-09,4.5,0.9,0345,10.2,1345,,,,,0.58,0.0,6.5,290,1410,4.1,290,1419,2.0,1689,50,-2.5,49,2245,60.8,5.1,1011.7,1024.9,0029,1020.6,1506,1022.4,9.7,4.9,1200,1.57,7.22,,,,,,3.4,2.5,2.5,-7.5,3.9,3.7,3.9,4.9,6.6,10.5,14.3,18.1,18.6,1.2,1.8,,{비}0640-0715.,,2022,12,49,343,0,0,0,0
108,서울,2022-12-10,2.6,-0.6,0758,6.7,1306,,,,,,,6.7,290,2350,4.1,290,2358,1.3,1098,270,-8.1,26,1317,46.5,3.4,1009.9,1022.9,0223,1018.1,1453,1020.7,9.6,3.6,1100,1.74,6.71,,,,,,6.1,3.0,1.0,-8.6,3.3,3.3,3.8,5.0,6.8,10.3,14.0,18.0,18.6,1.2,1.7,,,,2022,12,49,344,0,0,0,0
108,서울,2022-12-11,1.6,-1.5,0645,6.8,1412,,,,,,,6.2,320,1435,3.9,290,0012,1.8,1559,290,-7.5,29,1415,52.5,3.5,1012.5,1024.7,2315,1021.1,0059,1023.3,9.6,8.9,1200,1.94,11.11,,,,,,0.9,0.5,0.6,-9.7,2.7,2.7,3.3,4.6,6.5,10.2,13.8,17.9,18.6,1.7,2.4,,,,2022,12,49,345,0,0,0,0
108,서울,2022-12-12,2.0,-2.0,0345,6.3,1408,,,,,5.08,5.4,6.6,180,1605,4.2,180,1611,1.7,1478,20,-2.5,53,1054,73.4,5.3,1009.1,1024.9,0016,1016.5,2248,1019.8,9.6,2.3,1300,1.11,5.05,,,,,,7.5,5.0,0.3,-9.7,2.6,2.5,3.0,4.3,6.2,10.0,13.6,17.8,18.5,0.9,1.2,5.4,{비}1515-{비}{강도0}1800-1950. {박무}1650-{박무}{강도1}1800-1955. {박무}2050-{박무}{강도0}2100-2350. {비}2315-2345.,,2022,12,50,346,0,0,0,1
108,서울,2022-12-13,0.0,-6.4,2356,3.1,0233,,,,,6.17,0.6,15.0,290,2044,7.4,290,2113,3.5,3041,270,-4.7,57,2206,70.8,4.5,1007.5,1024.3,2400,1015.9,1352,1018.3,9.6,1.7,1100,1.18,4.85,0.8,1835,0.8,1835,0.9,6.6,5.9,1.0,-8.8,3.0,2.9,3.3,4.3,6.1,9.8,13.4,17.8,18.5,0.9,1.3,0.6,{황사}0045-{황사}{강도0}0300-{황사}{강도0}0600-{황사}{강도0}0900-{황사}{강도0}1200-{황사}{강도0}1500-1750. {눈}0550-{눈}{강도0}0600-0615. {눈}0830-0850. {눈}1335-{눈}{강도0}1500-{눈}{강도0}1800-1845. {박무}1430-{박무}{강도0}1500-1725. {눈}2035-2050.,,2022,12,50,347,0,0,0,1
108,서울,2022-12-14,-8.4,-11.0,0742,-4.9,1451,,,,,,,14.7,320,0028,6.9,320,0024,3.2,2735,290,-16.9,43,1143,50.1,1.6,1017.0,1030.5,1058,1024.3,0001,1028.3,9.6,8.9,1200,1.95,11.41,,,0.5,0001,,1.4,1.4,-3.7,-12.8,1.1,1.5,2.4,4.0,6.0,9.6,13.3,17.7,18.5,1.0,1.4,0.0,,,2022,12,50,348,0,0,0,0
108,서울,2022-12-15,-4.5,-8.5,0001,-1.3,1752,,,,,6.67,2.4,9.0,320,2149,5.0,320,2152,2.5,2158,50,-7.6,61,0120,79.1,3.6,1013.9,1027.9,2400,1021.1,1512,1024.9,9.6,0.0,1100,0.55,2.17,4.4,1455,4.5,1455,4.5,7.3,6.8,-1.7,-9.9,0.4,0.6,1.5,3.1,5.4,9.5,13.1,17.6,18.5,0.4,0.6,2.4,{눈}0115-0155. {눈}0820-{눈}{강도0}0900-1030. {눈}1125-{눈}{강도0}1200-{시정(미만)}{1km}{눈}1259-{시정(이상)}{1km}{눈}1325-{시정(미만)}{1km}{눈}1358-{시정(이상)}{1km}{눈}1419-{눈}{강도0}1500-1515. {박무}1510-{박무}{강도0}1800-1930.,,2022,12,50,349,0,0,0,1
108,서울,2022-12-16,-6.3,-9.6,0635,-2.2,1303,,,,,,,5.7,290,1831,3.8,290,1554,2.0,1738,270,-13.9,34,1527,56.9,2.1,1019.5,1032.6,0927,1027.9,0001,1030.7,9.6,8.2,1200,1.89,10.44,,,4.1,0001,,4.5,0.0,-2.0,-13.4,0.3,0.4,1.2,2.7,5.0,9.2,12.9,17.5,18.5,1.1,1.5,0.2,,,2022,12,50,350,0,0,0,0
108,서울,2022-12-17,-7.0,-9.8,2322,-3.2,1245,,,,,2.33,0.2,11.1,270,1442,6.2,290,1411,2.7,2321,270,-15.4,34,1346,52.0,1.9,1014.4,1030.8,0001,1023.5,1530,1025.5,9.6,7.4,1200,1.87,10.46,0.3,0755,1.9,0755,0.3,2.3,2.3,-3.5,-14.5,0.2,0.3,1.0,2.5,4.8,9.0,12.7,17.4,18.4,1.2,1.7,,{눈}0610-0830.,,2022,12,50,351,0,0,0,1
108,서울,2022-12-18,-9.5,-12.4,0740,-5.6,1440,,,,,,,10.4,270,1226,5.8,270,1233,2.6,2231,290,-18.8,38,0545,47.1,1.4,1012.2,1024.8,2259,1021.8,1500,1023.5,9.6,9.0,1200,1.98,11.42,,,1.5,0001,,0.0,0.0,-5.1,-17.0,-0.3,-0.2,0.8,2.3,4.5,8.7,12.5,17.3,18.4,1.0,1.4,,,,2022,12,50,352,0,0,0,0
108,서울,2022-12-19,-7.0,-12.0,0357,-2.5,1426,,,,,,,6.0,290,1452,3.8,290,1459,1.7,1488,290,-14.6,40,1217,55.6,2.0,1015.9,1029.0,2332,1024.5,0013,1027.1,9.6,6.5,1200,1.85,8.93,,,1.4,0001,,2.1,2.1,-4.3,-16.7,-0.6,-0.5,0.4,2.0,4.3,8.5,12.3,17.2,18.4,0.9,1.3,,,,2022,12,51,353,0,0,0,0
108,서울,2022-12-20,-3.2,-9.5,0717,2.9,1440,,,,,,,5.9,20,2010,3.9,50,2013,2.2,1906,50,-10.9,40,1437,55.8,2.7,1015.4,1030.9,0937,1021.2,2355,1026.4,9.6,7.7,1200,1.87,10.1,,,1.1,0001,,4.9,2.5,-3.0,-15.0,-0.5,-0.5,0.2,1.7,4.1,8.3,12.1,17.1,18.4,1.3,1.8,3.4,,,2022,12,51,354,0,0,0,0
108,서울,2022-12-21,-0.1,-2.6,2347,2.6,1559,,,,,9.17,3.6,9.6,320,2050,5.5,290,2047,2.7,2333,50,-2.9,57,0353,82.4,5.0,1001.2,1021.2,0001,1009.2,1605,1011.9,9.6,0.0,1400,0.52,2.48,3.5,0955,3.5,0955,3.5,8.5,7.4,-0.6,-6.5,0.0,-0.3,0.2,1.6,4.0,8.1,11.9,17.0,18.3,0.5,0.7,0.2,{눈}0350-{눈}{강도0}0600-{눈}{강도0}0900-1025. {박무}1020-{박무}{강도0}1200-{박무}{강도0}1500-{박무}{강도1}1800-2015. {눈}1135-1155. {눈}1235-1320. {진눈깨비}1850-{눈}1945-2020.,,2022,12,51,355,0,0,0,1
108,서울,2022-12-22,-7.8,-11.3,2355,-2.6,0001,,,,,,,15.0,290,1555,7.1,270,1517,4.4,3791,270,-14.2,45,1555,60.5,2.1,999.6,1011.5,0258,1008.9,1405,1010.7,9.6,7.4,1200,2.07,10.05,,,1.9,0001,,2.1,2.1,-2.6,-13.4,-0.4,-0.4,0.2,1.6,3.9,7.9,11.7,16.9,18.3,1.0,1.4,,,,2022,12,51,356,0,0,0,0
108,서울,2022-12-23,-11.8,-13.7,0619,-8.6,1514,,,,,,,12.3,250,1216,6.7,290,1121,4.3,3675,290,-17.9,52,1514,60.5,1.5,1002.8,1018.0,2357,1010.8,0002,1014.1,9.6,8.4,1300,1.99,10.76,,,1.8,0001,,2.0,0.8,-4.4,-16.5,-1.3,-1.0,0.0,1.4,3.7,7.7,11.6,16.8,18.3,0.7,1.0,,,,2022,12,51,357,0,0,0,0
108,서울,2022-12-24,-8.4,-13.5,0743,-2.0,1619,,,,,,,5.6,50,0718,3.4,50,0706,1.8,1557,50,-16.0,38,1608,54.9,1.8,1009.9,1022.9,2223,1017.7,0014,1021.1,9.6,8.9,1200,1.92,10.92,,,1.7,0001,,0.6,0.1,-4.3,-17.0,-1.4,-1.3,-0.4,1.2,3.5,7.5,11.4,16.7,18.2,0.9,1.3,,,,2022,12,51,358,0,0,0,0
108,서울,2022-12-25,-5.4,-9.6,0611,0.2,1532,,,,,,,6.6,270,1351,4.1,250,1352,1.7,1478,270,-10.8,46,1534,66.5,2.7,1012.8,1025.3,2306,1022.4,0009,1023.9,9.6,9.0,1200,1.93,10.89,,,1.6,0001,,0.1,0.0,-4.6,-15.0,-1.3,-1.3,-0.5,1.0,3.4,7.3,11.2,16.6,18.2,1.0,1.4,,,,2022,12,51,359,0,0,0,0
108,서울,2022-12-26,-3.9,-7.9,0730,1.7,1532,,,,,,,3.7,340,1041,2.8,50,0740,1.4,1240,50,-9.1,44,1540,68.4,3.1,1015.3,1028.1,2311,1025.0,1339,1026.4,9.6,7.6,1200,1.41,8.27,,,1.2,0001,,1.4,0.0,-4.1,-13.6,-1.1,-1.2,-0.6,0.8,3.2,7.2,11.0,16.5,18.2,0.8,1.2,,,,2022,12,52,360,0,0,0,0
108,서울,2022-12-27,-2.6,-7.3,0720,3.3,1515,,,,,,,5.4,290,1421,3.2,290,1429,1.8,1555,20,-7.5,48,1308,69.8,3.5,1018.1,1030.8,1014,1027.7,1425,1029.1,9.6,8.8,1200,1.79,10.25,,,0.3,0001,,0.1,0.0,-3.2,-12.0,-0.9,-1.1,-0.6,0.7,3.1,7.0,10.8,16.4,18.1,1.1,1.6,0.1,,,2022,12,52,361,0,0,0,0
108,서울,2022-12-28,-3.3,-6.0,2355,0.1,1453,,,,,3.0,0.1,8.7,270,1419,4.9,290,1409,2.5,2196,270,-10.7,39,1117,58.1,2.8,1019.5,1033.4,2255,1027.8,0156,1030.5,9.6,8.7,1200,1.9,10.86,0.4,0350,0.4,0350,0.4,3.3,2.5,-2.9,-11.5,-0.7,-0.8,-0.5,0.7,3.0,6.8,10.7,16.3,18.1,1.2,1.8,,{눈}0245-{눈}{강도0}0300-0545.,,2022,12,52,362,0,0,0,1
108,서울,2022-12-29,-2.9,-7.8,0728,2.1,1522,,,,,4.33,0.0,5.1,320,1426,3.4,290,1159,1.7,1454,270,-10.8,33,1203,56.3,2.8,1021.4,1033.7,0256,1030.6,1428,1032.5,9.6,9.0,1200,1.92,10.88,,,,,,3.3,3.0,-3.3,-13.5,-1.1,-1.2,-0.7,0.6,2.9,6.7,10.5,16.2,18.1,1.2,1.7,0.0,{눈}1940-{눈}{강도0}2100-{눈}{강도0}2400-,,2022,12,52,363,0,0,0,0
108,서울,2022-12-30,-1.8,-4.4,2355,2.3,1354,,,,,2.58,0.0,7.5,270,1519,4.6,270,1523,1.9,1668,270,-7.7,36,1635,65.6,3.5,1020.8,1032.8,0923,1030.3,1442,1031.8,9.6,7.9,1200,1.9,10.84,,,,,,1.4,1.4,-2.2,-11.2,-0.4,-0.7,-0.5,0.6,2.9,6.6,10.4,16.1,18.0,1.3,1.8,0.0,-{눈}-0235. {박무}0735-{박무}{강도0}0900-0910.,,2022,12,52,364,0,0,0,0
108,서울,2022-12-31,-1.2,-5.1,0125,2.1,1530,,,,,1.42,0.0,4.1,360,1049,2.6,340,0816,1.4,1190,20,-6.8,57,0347,65.5,3.7,1019.5,1032.2,0010,1028.9,2008,1030.5,9.6,1.1,1300,0.68,4.16,,,,,,7.4,7.4,-2.2,-13.1,-0.6,-0.8,-0.5,0.6,2.9,6.7,10.3,15.2,17.3,0.7,0.9,0.0,{눈}0505-0520. {눈}0855-{눈}{강도0}0900-0915. {눈}1230-1320.,,2022,12,52,365,0,0,0,0
108,서울,2023-01-01,-0.2,-4.3,2350,3.8,1343,,,,,,,8.1,286.0,1406.0,5.3,320.0,2135.0,2.7,231840.0,270.0,-8.7,28,1708,55.0,3.3,1019.8,1033.2,2253.0,1028.6,137.0,1030.8,9.5,9.0,1300.0,1.87,10.81,,,,,,1.3,1.1,-1.4,-8.1,-0.2,-0.5,-0.5,0.6,,,,,,,,,{연무}0125-{연무}{강도0}0300-0450. {연무}0550-{연무}{강도0}0600-{연무}{강도0}0900-1030.,,2023,1,52,1,0,0,0,0
108,서울,2023-01-02,-4.5,-7.4,804,-0.4,1525,,,,,,,7.4,253.0,1501.0,4.4,250.0,1307.0,2.5,218160.0,270.0,-14.6,31,1543,46.0,2.0,1021.0,1034.0,1005.0,1030.3,1521.0,1032.2,9.5,9.1,1300.0,1.99,11.63,,,,,,0.0,0.0,-4.2,-13.4,-0.9,-1.0,-0.5,0.6,,,,,,,,,,,2023,1,1,2,0,0,0,0
108,서울,2023-01-03,-5.0,-9.0,551,0.6,1555,,,,,,,6.7,300.0,1459.0,3.9,270.0,1304.0,1.8,156600.0,270.0,-14.6,27,1454,49.0,2.0,1019.5,1032.1,306.0,1028.7,1500.0,1030.7,9.5,9.1,1300.0,2.0,11.77,,,,,,0.0,0.0,-4.8,-16.4,-1.5,-1.5,-0.8,0.5,,,,,,,,,,,2023,1,1,3,0,0,0,0
108,서울,2023-01-04,-1.8,-5.7,229,3.3,1510,,,,,,,7.2,310.0,1256.0,4.2,320.0,1238.0,1.9,162360.0,270.0,-10.7,33,1545,51.0,2.7,1019.5,1031.5,1014.0,1029.5,1459.0,1030.5,9.5,8.7,1300.0,1.91,10.89,,,,,,1.9,1.9,-2.9,-13.9,-1.1,-1.2,-0.8,0.3,,,,,,,,,,,2023,1,1,4,0,0,0,0
108,서울,2023-01-05,-1.6,-5.6,749,3.6,1536,,,,,,,5.6,230.0,1553.0,3.2,200.0,1558.0,1.6,1386.0,20.0,-8.9,39,1554,58.1,3.1,1019.6,1032.3,945.0,1029.2,2059.0,1030.6,9.7,4.7,1100.0,1.06,6.09,,,,,,3.6,1.6,-3.3,-12.5,-1.0,-1.1,-0.8,0.2,2.4,5.9,9.5,15.5,17.8,0.9,1.2,,,,2023,1,1,5,0,0,0,0
108,서울,2023-01-06,0.6,-4.7,816,5.7,1414,,,,,4.78,3.9,6.9,70.0,1918.0,4.1,50.0,1923.0,2.2,1884.0,20.0,-4.1,48,1406,71.9,4.6,1011.1,1029.6,1.0,1014.3,2327.0,1021.9,9.7,7.1,1100.0,1.66,8.78,3.6,2320.0,3.6,2320.0,3.7,5.8,3.4,-1.7,-11.0,-0.8,-1.0,-0.8,0.2,2.3,5.7,9.4,15.4,17.8,1.0,1.4,4.0,{연무}1420-{연무}{강도0}1500-{연무}{강도0}1800-2040. {비}1755-{비}{강도0}1800-1840. {눈}1955-{시정(미만)}{1km}{눈}2032-{눈}{강도1}2100-{시정(이상)}{1km}{눈}2105-{시정(미만)}{1km}{눈}2127-{시정(이상)}{1km}{눈}2143-{시정(미만)}{1km}{눈}2217-{시정(미만)}{0.5km}{눈}2231-{시정(이상)}{0.5km}{눈}2322-{시정(이상)}{1km}{눈}2355-2357. {박무}2035-{박무}{강도2}2100-{박무}{강도2}2400-,,2023,1,1,6,0,0,0,1
108,서울,2023-01-07,1.5,-1.4,2354,3.8,1336,,,,,1.42,0.1,8.3,270.0,727.0,4.4,270.0,644.0,2.2,1885.0,270.0,-1.5,64,1617,80.9,5.5,1008.7,1023.8,2220.0,1013.6,105.0,1019.5,9.7,1.0,1300.0,1.16,4.78,,,3.6,1.0,,5.6,5.6,0.5,-7.9,0.1,-0.3,-0.5,0.2,2.3,5.6,9.3,15.3,17.7,0.6,0.9,,-{박무}-{박무}{강도2}0300-{시정(미만)}{1km}{안개}0347-{안개}{강도0}0600-{시정(이상)}{1km}{박무}0616-{박무}{강도1}0900-{박무}{강도1}1200-1310. {비}0330-0445. {비}0545-0555. {연무}1305-{연무}{강도0}1500-{연무}{강도0}1800-2035. {박무}2030-{박무}{강도0}2100-2155. {연무}2150- {황사}2240-2245.{황사}{강도0}2400-,2.48,2023,1,1,7,0,0,0,0
108,서울,2023-01-08,1.3,-3.7,800,6.3,1522,,,,,,,4.8,50.0,1924.0,3.0,50.0,1909.0,1.7,1481.0,50.0,-4.0,46,1536,69.3,4.6,1013.9,1026.6,941.0,1023.2,1522.0,1024.7,9.7,7.1,1200.0,1.71,9.37,,,,,,3.0,2.8,-0.2,-9.5,0.1,-0.3,-0.5,0.3,2.3,5.5,9.2,15.2,17.7,1.2,1.8,,{달무리}0155-0220. -{황사}-{황사}{강도0}0300-{황사}{강도0}0600-{황사}{강도0}0900-{황사}{강도0}1200-{황사}{강도0}1500-{황사}{강도0}1800-{황사}{강도0}2100-{황사}{강도0}2400- {박무}0450-{박무}{강도0}0600-{박무}{강도0}0900-1130.,,2023,1,1,8,0,0,0,0
108,서울,2023-01-09,3.1,-1.3,2400,7.0,1238,,,,,,,8.6,200.0,1357.0,4.7,250.0,1358.0,2.3,1994.0,290.0,-3.9,43,1243,60.1,4.7,1013.8,1028.6,2334.0,1022.2,413.0,1024.6,9.7,7.8,1200.0,1.89,10.53,,,,,,3.3,3.3,1.4,-7.7,0.1,-0.2,-0.5,0.3,2.3,5.5,9.1,15.1,17.7,1.5,2.2,,-{황사}-{황사}{강도0}0300- {연무}0350-0355.0530. {연무}0640-{연무}{강도0}0900-1155.,,2023,1,2,9,0,0,0,0
108,서울,2023-01-10,1.6,-3.9,724,9.1,1530,,,,,,,4.4,50.0,1103.0,2.7,20.0,521.0,1.5,1333.0,50.0,-5.7,39,1505,59.9,4.0,1017.6,1030.6,947.0,1026.6,1654.0,1028.4,9.8,8.8,1200.0,1.95,11.33,,,,,,1.4,0.0,0.2,-9.3,0.1,-0.2,-0.4,0.4,2.3,5.4,9.0,15.0,17.6,1.5,2.1,,,,2023,1,2,10,0,0,0,0
108,서울,2023-01-11,2.6,-2.0,802,9.2,1410,,,,,,,5.6,270.0,1436.0,3.3,270.0,1441.0,1.6,1347.0,50.0,-4.5,30,1521,61.9,4.4,1015.0,1028.2,936.0,1023.9,2023.0,1025.8,9.8,8.8,1200.0,1.88,10.86,,,,,,1.4,0.0,0.5,-8.3,0.1,-0.3,-0.4,0.4,2.3,5.3,8.9,14.9,17.6,1.6,2.3,,{박무}0615-{박무}{강도0}0900-1045. {연무}1040-1105.,,2023,1,2,11,0,0,0,0
108,서울,2023-01-12,5.9,-0.6,645,12.5,1600,,,,,0.92,0.0,5.7,70.0,2352.0,3.4,50.0,2030.0,2.2,1902.0,70.0,-5.4,25,1524,46.6,4.1,1011.3,1025.0,202.0,1017.7,2358.0,1021.9,9.8,9.0,1200.0,1.86,10.88,,,,,,1.8,0.9,1.1,-5.2,0.1,-0.2,-0.4,0.5,2.3,5.3,8.8,14.8,17.5,2.1,3.0,35.6,{비}2305-{비}{강도0}2400-,,2023,1,2,12,0,0,0,0
108,서울,2023-01-13,8.3,5.1,225,10.1,1628,,,,,23.08,37.3,9.8,70.0,529.0,6.3,50.0,529.0,2.5,2117.0,70.0,8.1,47,1,99.1,10.8,1000.5,1017.7,1.0,1007.7,1333.0,1010.9,9.8,0.0,1400.0,0.19,1.11,,,,,,10.0,9.3,3.2,3.4,0.2,-0.2,-0.4,0.4,1.3,5.2,8.7,14.7,17.5,0.3,0.4,1.9,{박무}0135-{박무}{강도1}0300-{박무}{강도1}0600-{박무}{강도1}0900-1030. -{비}-{비}{강도1}0300-{비}{강도0}0600-{비}{강도0}0900-1050. {박무}1140-{박무}{강도0}1200-{시정(미만)}{1km}{안개}1353-{안개}{강도0}1500-{시정(이상)}{1km}{박무}1514-{시정(미만)}{1km}{안개}1536-{시정(이상)}{1km}{박무}1622-{박무}{강도2}1800-{시정(미만)}{1km}{안개}1957-{시정(미만)}{0.5km}{안개}2048-{안개}{강도1}2100-{시정(이상)}{0.5km}{안개}2111-{시정(미만)}{0.5km}{안개}2345-{안개}{강도1}2400- {안개비}1145-{안개비}{강도0}1200-{안개비}{강도1}1500-{안개비}{강도0}1800-{안개비}{강도2}2100-{안개비}{강도2}2400-,6.17,2023,1,2,13,0,0,0,1
108,서울,2023-01-14,6.6,3.8,2328,8.4,1,,,,,16.33,1.6,9.9,50.0,2301.0,5.7,50.0,2304.0,2.5,2131.0,50.0,5.5,82,1823,92.9,9.1,1003.2,1016.9,2120.0,1011.0,527.0,1013.7,9.8,0.0,1400.0,0.47,1.84,,,,,,9.8,9.3,3.3,2.7,0.3,-0.2,-0.4,0.5,1.8,4.6,8.4,14.6,17.4,0.4,0.6,4.1,-{안개}-{시정(이상)}{0.5km}{안개}0013-{시정(이상)}{1km}{박무}0052-{시정(미만)}{1km}{안개}0148-{시정(미만)}{0.5km}{안개}0242-{안개}{강도1}0300-{안개}{강도1}0600-{시정(이상)}{0.5km}{안개}0622-{시정(이상)}{1km}{박무}0627-{시정(미만)}{1km}{안개}0730-{시정(미만)}{0.5km}{안개}0732-{시정(이상)}{0.5km}{안개}0803-{시정(이상)}{1km}{박무}0820-{박무}{강도0}0900-{박무}{강도1}1200-1355. -{안개비}-{안개비}{강도2}0300-{안개비}{강도2}0600-0840. {비}1005-{비}{강도0}1200-1455. {안개비}1820-1915. {비}2025-{비}{강도0}2100-2220.,6.35,2023,1,2,14,0,0,0,1
108,서울,2023-01-15,-0.2,-3.5,2338,3.8,1,,,,,23.17,3.2,7.6,270.0,2029.0,4.3,50.0,43.0,2.8,2399.0,270.0,-1.1,84,16,93.9,5.7,1007.3,1021.4,2347.0,1015.9,56.0,1018.1,9.9,0.0,1100.0,0.34,1.32,0.6,1055.0,0.6,1055.0,0.6,10.0,8.8,0.3,-3.4,0.2,-0.2,-0.3,0.5,1.9,4.6,8.2,14.5,17.4,0.3,0.5,0.5,{안개비}0050-{안개비}{강도0}0300-{안개비}{강도0}0600-{진눈깨비}0735-{눈}0820-{눈}{강도0}0900-{눈}{강도0}1200-{진눈깨비}1250-{눈}1345-{눈}{강도0}1500-{눈}{강도0}1800-{눈}{강도0}2100-{눈}{강도0}2400- {박무}0115-{박무}{강도1}0300-{박무}{강도1}0600-{박무}{강도1}0900-{박무}{강도0}1200-1355.,,2023,1,2,15,0,0,0,1
108,서울,2023-01-16,-4.6,-6.8,849,-1.2,1432,,,,,8.5,0.0,7.2,320.0,1034.0,4.3,320.0,650.0,2.7,2299.0,270.0,-10.7,42,1448,63.1,2.8,1014.4,1027.5,2352.0,1021.4,1.0,1025.5,9.9,8.8,1200.0,2.16,12.95,,,0.3,1.0,,2.8,1.9,-0.2,-11.3,0.2,-0.2,-0.2,0.6,2.1,4.6,8.0,14.4,17.4,1.2,1.7,,-{눈}-{눈}{강도0}0300-{눈}{강도0}0600-0830.,,2023,1,3,16,0,0,0,0
108,서울,2023-01-17,-3.7,-7.0,311,-0.4,1402,,,,,2.92,0.0,4.9,270.0,1404.0,3.0,50.0,754.0,1.8,1553.0,50.0,-9.4,46,1339,65.1,3.1,1015.7,1028.6,339.0,1025.0,1624.0,1026.8,9.9,0.2,1300.0,1.26,5.27,,,,,,8.8,4.9,-1.2,-11.2,0.2,-0.2,-0.1,0.7,2.2,4.6,7.9,14.3,17.3,0.6,0.9,0.0,{눈}1430-{눈}{강도0}1500-1615. {눈}1950-2050. {눈}2350-{눈}{강도0}2400-,,2023,1,3,17,0,0,0,0
108,서울,2023-01-18,-1.9,-4.6,815,2.2,1452,,,,,1.5,0.0,7.6,290.0,1531.0,4.4,320.0,1338.0,2.0,1754.0,290.0,-9.3,27,1702,60.5,3.1,1015.3,1027.9,902.0,1024.8,1446.0,1026.3,9.9,8.9,1200.0,2.12,12.71,,,,,,1.1,0.8,-0.4,-11.8,0.2,-0.2,-0.1,0.8,2.3,4.6,7.9,14.2,17.3,1.5,2.1,,-{눈}-0130. {박무}0735-0810.,,2023,1,3,18,0,0,0,0
108,서울,2023-01-19,-0.4,-6.0,601,4.3,1419,,,,,4.0,1.0,9.8,180.0,2152.0,5.2,180.0,2155.0,2.5,2154.0,180.0,-5.5,47,1623,69.3,4.2,1012.1,1027.3,214.0,1019.2,2248.0,1023.0,9.9,3.1,1300.0,1.64,7.63,,,,,,6.3,3.8,-0.9,-12.2,0.1,-0.2,0.0,0.8,2.3,4.7,7.8,14.1,17.2,1.1,1.6,1.0,{햇무리}1050-1230. {눈}1855-1950. {눈}2020-2055. {눈}2115-{진눈깨비}2240-{눈}2325-2345. {박무}2340-{박무}{강도0}2400-,,2023,1,3,19,0,0,0,1
108,서울,2023-01-20,-3.3,-7.7,2353,2.0,222,,,,,,,13.0,340.0,915.0,6.9,290.0,936.0,3.7,3233.0,270.0,-12.0,30,1505,52.4,2.7,1016.5,1031.7,2355.0,1019.8,41.0,1027.6,10.0,8.7,1200.0,2.24,13.49,,,,,,0.3,0.3,-0.5,-11.3,0.1,-0.2,0.0,0.8,2.3,4.7,7.8,14.0,17.2,1.5,2.1,,{황사}0250-{황사}{강도0}0600-{황사}{강도0}0900-0920. -{박무}-{박무}{강도0}0300-0320.,,2023,1,3,20,0,0,0,0
108,서울,2023-01-21,-4.5,-10.5,713,1.5,1522,,,,,,,5.2,70.0,2400.0,3.5,50.0,2357.0,1.8,1580.0,50.0,-12.3,36,1222,55.4,2.4,1019.4,1032.6,238.0,1028.7,2400.0,1030.6,10.0,8.5,1200.0,2.14,12.37,,,,,,2.0,0.0,-1.8,-14.9,-0.3,-0.3,0.0,0.8,2.3,4.7,7.8,13.9,17.1,1.4,2.0,,,,2023,1,3,21,0,0,0,0
108,서울,2023-01-22,-0.6,-2.8,117,2.6,1533,,,,,2.0,0.0,7.4,50.0,742.0,4.8,50.0,747.0,2.6,2212.0,50.0,-6.9,53,154,62.8,3.7,1015.4,1029.9,259.0,1023.9,1730.0,1026.3,10.0,0.3,1400.0,0.77,4.41,,,,,,7.5,5.5,-0.8,-5.7,-0.1,-0.3,-0.1,0.8,2.3,4.7,7.8,13.8,17.1,0.7,1.0,0.0,{눈}0950-1150.,,2023,1,3,22,0,0,0,0
108,서울,2023-01-23,-0.8,-6.9,2354,4.6,1345,,,,,,,9.6,290.0,2128.0,6.0,290.0,2128.0,2.7,2325.0,290.0,-6.3,46,2355,66.6,4.0,1012.7,1026.2,2400.0,1020.8,1432.0,1023.6,10.0,7.3,1200.0,1.84,10.15,,,,,,5.3,3.6,-0.2,-7.9,0.1,-0.2,-0.1,0.8,2.3,4.7,7.7,13.7,17.0,1.3,1.9,0.0,{연무}1750-{연무}{강도0}1800-1830. {연무}2120-2215.,,2023,1,4,23,0,0,0,0
108,서울,2023-01-24,-14.7,-17.0,2354,-6.9,1,,,,,0.92,0.0,12.3,290.0,953.0,7.0,290.0,805.0,4.6,3950.0,290.0,-22.5,39,1011,51.9,1.0,1018.4,1034.0,2348.0,1026.1,5.0,1029.9,10.1,9.4,1200.0,2.3,14.08,,,,,,1.0,1.0,-6.6,-18.3,-1.1,-0.9,-0.2,0.7,2.2,4.6,7.7,13.6,17.0,0.8,1.1,,{눈}0435-0530.,,2023,1,4,24,0,0,0,0
108,서울,2023-01-25,-11.3,-17.3,144,-5.4,1620,,,,,0.17,0.0,5.9,20.0,513.0,3.8,320.0,558.0,2.1,1805.0,290.0,-21.2,27,1428,45.1,1.1,1019.1,1034.4,217.0,1026.1,2210.0,1030.5,10.1,9.4,1200.0,2.3,14.08,,,,,,1.6,0.9,-6.0,-19.4,-2.2,-2.3,-0.9,0.4,2.0,4.6,7.7,13.5,17.0,1.1,1.6,0.8,{눈}2350-{눈}{강도0}2400-,,2023,1,4,25,0,0,0,0
108,서울,2023-01-26,-6.0,-9.0,502,-3.5,1559,,,,,14.92,0.8,5.9,50.0,516.0,4.1,50.0,519.0,2.5,2161.0,50.0,-8.9,52,1,80.1,3.2,1013.0,1026.4,1.0,1022.6,1625.0,1024.1,10.1,0.0,1100.0,0.84,4.51,4.5,1055.0,4.5,1055.0,4.5,8.5,7.0,-2.6,-10.6,-1.3,-1.6,-1.1,0.1,1.9,4.5,7.6,13.5,16.9,0.5,0.7,0.0,-{눈}-{눈}{강도0}0300-{눈}{강도0}0600-{눈}{강도0}0900-{눈}{강도0}1200-1455.,,2023,1,4,26,0,0,0,0
108,서울,2023-01-27,-7.3,-9.6,2333,-3.8,1548,,,,,,,13.9,270.0,1255.0,7.5,290.0,1414.0,3.5,3010.0,290.0,-14.8,35,1408,56.5,2.0,1012.0,1024.9,2212.0,1021.1,1441.0,1023.2,10.2,9.4,1200.0,2.3,14.1,,,1.7,1.0,,0.0,0.0,-3.1,-16.1,-1.5,-1.6,-1.0,0.0,1.8,4.5,7.6,13.4,16.9,1.3,1.9,,,,2023,1,4,27,0,0,0,0
108,서울,2023-01-28,-6.0,-11.2,813,-0.6,1554,,,,,0.17,0.0,9.4,290.0,1450.0,5.1,250.0,1732.0,2.4,2102.0,250.0,-13.7,39,1438,54.9,2.2,1011.3,1024.4,5.0,1019.7,1428.0,1022.4,10.2,9.0,1200.0,2.11,12.58,,,,,,1.0,1.0,-3.5,-17.3,-2.1,-2.2,-1.5,-0.2,1.6,4.4,7.5,13.3,16.8,1.3,1.8,0.0,{눈}1120-1130.,,2023,1,4,28,0,0,0,0
108,서울,2023-01-29,-1.8,-8.0,607,4.9,1426,,,,,,,11.0,250.0,2128.0,5.9,200.0,1606.0,2.6,2281.0,50.0,-9.0,49,1210,58.3,3.2,1008.2,1022.3,1.0,1014.5,1608.0,1019.1,10.2,5.2,1300.0,2.01,9.79,,,,,,2.5,1.9,-2.3,-15.3,-1.5,-1.8,-1.4,-0.3,1.5,4.3,7.5,13.2,16.8,1.3,1.8,,,,2023,1,4,29,0,0,0,0
108,서울,2023-01-30,-0.9,-4.4,449,4.2,1515,,,,,,,8.7,290.0,1314.0,4.3,270.0,1600.0,2.1,1852.0,270.0,-9.1,31,1331,55.9,3.1,1012.2,1025.4,1020.0,1020.6,1.0,1023.1,10.3,9.5,1200.0,2.28,14.17,,,,,,0.0,0.0,-0.5,-12.1,-0.8,-1.1,-1.0,-0.3,1.5,4.2,7.4,13.1,16.7,1.8,2.5,,,,2023,1,5,30,0,0,0,0
108,서울,2023-01-31,2.4,-3.5,402,7.8,1530,,,,,,,10.8,230.0,1623.0,5.3,230.0,1641.0,2.7,2343.0,50.0,-2.8,48,1416,69.1,5.2,1006.8,1022.6,6.0,1014.3,2050.0,1017.5,10.3,3.0,1000.0,1.17,6.5,,,,,,5.4,5.4,-0.4,-8.8,-0.6,-1.0,-0.9,-0.2,1.5,4.2,7.3,13.1,16.7,1.0,1.4,,{박무}2355-{박무}{강도0}2400-,,2023,1,5,31,0,0,0,0
108,서울,2023-02-01,0.9,-3.0,2400,6.0,1,,,,,,,10.8,320.0,1355.0,6.2,270.0,1312.0,3.2,2774.0,290.0,-4.9,37,1357,68.4,4.5,1009.0,1026.1,2356.0,1014.4,1.0,1019.7,10.3,8.9,1300.0,2.22,13.24,,,,,,2.5,1.3,1.5,-7.8,0.1,-0.3,-0.6,-0.2,1.5,4.1,7.3,13.0,16.6,1.7,2.5,,-{박무}-{박무}{강도1}0300-{시정(미만)}{1km}{안개}0455-{안개}{강도0}0600-{시정(이상)}{1km}{박무}0610-{박무}{강도1}0900-1110.,1.25,2023,2,5,32,1,0,0,0
108,서울,2023-02-02,-2.4,-5.1,719,1.4,1606,,,,,,,7.3,340.0,158.0,4.3,290.0,1224.0,2.5,2138.0,270.0,-11.5,36,1524,50.3,2.6,1015.9,1029.6,951.0,1025.2,1556.0,1026.8,10.3,7.6,1300.0,1.74,10.94,,,,,,5.5,0.0,-1.1,-11.3,-0.2,-0.5,-0.6,-0.2,1.5,4.1,7.2,12.9,16.6,1.4,2.0,,{햇무리}0850-1040. {햇무리}1255-1350. {햇무리}1650-1720.,,2023,2,5,33,1,0,0,0
108,서울,2023-02-03,-1.6,-3.9,118,3.4,1540,,,,,,,6.2,320.0,1307.0,3.8,320.0,1315.0,2.2,1860.0,270.0,-11.8,22,1457,47.4,2.5,1012.5,1025.4,13.0,1021.6,1504.0,1023.4,10.4,8.6,1200.0,2.28,13.54,,,,,,3.0,1.5,0.4,-11.1,-0.4,-0.8,-0.7,-0.1,1.5,4.0,7.1,12.8,16.5,1.8,2.6,,,,2023,2,5,34,1,0,0,0
108,서울,2023-02-04,-0.2,-5.2,535,6.0,1528,,,,,,,8.0,250.0,1401.0,4.6,270.0,1702.0,2.0,1742.0,270.0,-9.5,33,1657,49.8,3.1,1013.9,1026.3,2236.0,1023.3,1442.0,1024.8,10.4,8.2,1200.0,2.21,13.23,,,,,,0.9,0.9,0.4,-12.2,-0.5,-0.9,-0.7,-0.1,1.5,4.0,7.1,12.8,16.5,1.7,2.5,,,,2023,2,5,35,1,0,0,0
108,서울,2023-02-05,1.7,-3.3,726,7.1,1338,,,,,,,6.3,200.0,1618.0,4.0,250.0,1608.0,1.8,1557.0,250.0,-3.2,49,1522,71.0,4.9,1014.0,1026.5,931.0,1022.9,1656.0,1024.8,10.5,7.0,1200.0,2.1,11.35,,,,,,2.3,2.3,0.4,-11.2,-0.3,-0.7,-0.6,-0.1,1.5,3.9,7.0,12.7,16.4,1.3,1.9,,{박무}0330-0545. {박무}0635-0715. {박무}0905-1030. {연무}1025-{연무}{강도0}1200-1255. {박무}2135-{박무}{강도0}2400-,,2023,2,5,36,1,0,0,0
108,서울,2023-02-06,3.0,-1.7,716,8.8,1458,,,,,,,5.1,320.0,1754.0,3.4,340.0,1811.0,1.6,1419.0,50.0,-1.9,50,1506,72.3,5.3,1011.6,1024.8,818.0,1020.2,1549.0,1022.4,10.5,7.1,1200.0,1.92,10.69,,,,,,3.6,0.0,1.2,-9.6,0.0,-0.4,-0.6,-0.1,1.5,3.9,6.9,12.6,16.4,1.3,1.8,,-{박무}-{박무}{강도0}0300-{박무}{강도0}0600-{박무}{강도0}0900-1115. {연무}1110-{연무}{강도0}1200-1455. {햇무리}1335-1540. {연무}1530-1655. {연무}2145-{연무}{강도0}2400-,,2023,2,6,37,1,0,0,0
108,서울,2023-02-07,3.5,-0.6,727,9.5,1546,,,,,,,5.0,230.0,1754.0,3.2,290.0,2019.0,1.5,1279.0,250.0,-1.1,50,1557,72.9,5.6,1010.7,1022.7,2326.0,1019.4,1541.0,1021.4,10.5,6.4,1200.0,1.6,10.12,,,,,,3.4,0.3,1.7,-9.7,0.1,-0.3,-0.5,-0.1,1.5,3.9,6.9,12.5,16.3,1.3,1.8,,-{연무}-{연무}{강도0}0300-0335. {박무}0330-{박무}{강도0}0600-{박무}{강도0}0900-1055. {연무}1050-{연무}{강도0}1200-{연무}{강도0}1500-{연무}{강도0}1800-{연무}{강도0}2100-2340. {박무}2335-{박무}{강도0}2400-,,2023,2,6,38,1,0,0,0
108,서울,2023-02-08,2.1,-1.3,645,7.8,1505,,,,,,,7.7,250.0,1532.0,4.3,250.0,1540.0,2.5,2164.0,270.0,-5.0,31,1642,62.1,4.3,1015.7,1028.9,2357.0,1022.7,1.0,1026.5,10.6,9.5,1200.0,2.38,14.82,,,,,,0.3,0.0,2.2,-9.6,0.1,-0.3,-0.5,0.0,1.5,3.8,6.8,12.5,16.3,2.1,3.0,,-{박무}-{박무}{강도0}0300-{박무}{강도0}0600-{박무}{강도0}0900-0950. {연무}0945-1010.,,2023,2,6,39,1,0,0,0
108,서울,2023-02-09,4.0,-2.8,509,9.9,1537,,,,,0.67,0.0,9.5,110.0,2324.0,4.4,50.0,2231.0,2.5,2145.0,50.0,-5.9,32,1355,49.9,4.0,1015.9,1030.4,906.0,1022.9,2303.0,1026.6,10.6,6.7,1200.0,2.32,12.36,,,,,,6.5,2.8,1.0,-11.3,0.1,-0.3,-0.5,0.0,1.5,3.8,6.8,12.4,16.2,,,0.6,{비}2320-{비}{강도0}2400-,,2023,2,6,40,1,0,0,0
108,서울,2023-02-10,3.8,1.1,2356,6.2,1610,,,,,9.92,0.6,7.2,180.0,3.0,4.3,290.0,1224.0,2.2,1905.0,290.0,0.5,69,5,79.6,6.4,1010.1,1023.4,2354.0,1019.4,1438.0,1020.8,10.6,2.0,1100.0,1.34,7.07,,,,,,6.1,5.3,2.0,-6.2,0.2,-0.2,-0.4,0.0,1.5,3.8,6.7,12.3,16.2,0.9,1.3,0.0,-{비}-{비}{강도0}0300-{비}{강도0}0600-{진눈깨비}0620-{비}0740-{비}{강도0}0900-0955. {박무}0710-{박무}{강도0}0900-0940.,,2023,2,6,41,1,0,0,0
108,서울,2023-02-11,2.8,-1.2,703,8.5,1417,,,,,,,4.7,160.0,1337.0,2.9,20.0,157.0,1.8,1531.0,20.0,-1.8,50,1414,73.0,5.4,1012.7,1025.1,2356.0,1021.6,121.0,1023.5,10.7,5.5,1300.0,1.96,10.9,,,,,,3.4,0.0,1.8,-8.0,0.2,-0.2,-0.4,0.1,1.5,3.7,6.7,12.3,16.1,1.3,1.8,,{햇무리}1245-1330. {연무}2150-{연무}{강도0}2400-,,2023,2,6,42,1,0,0,0
108,서울,2023-02-12,3.7,-0.9,624,7.6,1351,,,,,,,5.9,320.0,1417.0,4.1,50.0,1011.0,1.8,1577.0,50.0,-1.4,54,1347,70.0,5.5,1010.8,1025.7,906.0,1017.4,2356.0,1021.6,10.7,2.0,1300.0,1.7,8.48,,,,,,6.9,3.5,1.5,-9.0,0.2,-0.2,-0.4,0.1,1.5,3.7,6.7,12.2,16.1,1.3,1.8,,{박무}0020-{박무}{강도0}0300-{박무}{강도0}0600-{박무}{강도0}0900-1145. -{연무}-0025. {연무}1140-{연무}{강도0}1200-{연무}{강도0}1500-{연무}{강도0}1800-{연무}{강도0}2100-2210.,,2023,2,6,43,1,0,0,0
108,서울,2023-02-13,5.9,2.7,2351,8.4,1219,,,,,,,7.4,50.0,124.0,4.2,50.0,124.0,2.3,2015.0,50.0,0.0,56,1219,66.5,6.1,1007.8,1019.9,2252.0,1016.3,1525.0,1018.4,10.7,0.8,1100.0,1.05,5.44,,,,,,7.3,5.5,1.8,-3.1,0.3,-0.2,-0.4,0.2,1.5,3.7,6.6,12.1,16.0,1.2,1.7,,,,2023,2,7,44,1,0,0,0
108,서울,2023-02-14,1.7,-2.5,730,6.6,1521,,,,,,,8.2,250.0,1605.0,4.8,250.0,1613.0,2.7,2361.0,270.0,-6.7,38,1710,54.9,3.7,1012.1,1026.1,2353.0,1019.9,1.0,1022.9,10.8,9.5,1200.0,2.47,15.95,,,,,,1.6,0.8,2.6,-5.9,0.2,-0.2,-0.4,0.2,1.5,3.7,6.6,12.1,16.0,2.3,3.2,,,,2023,2,7,45,1,0,0,0
108,서울,2023-02-15,3.2,-1.2,706,8.9,1558,,,,,,,7.6,70.0,258.0,4.5,50.0,302.0,2.5,2182.0,50.0,-7.3,33,1551,46.4,3.6,1017.9,1030.6,2254.0,1026.0,132.0,1028.7,10.8,9.4,1100.0,2.25,15.24,,,,,,3.9,1.3,2.5,-6.8,0.2,-0.2,-0.4,0.3,1.6,3.7,6.6,12.0,15.9,2.2,3.1,,,,2023,2,7,46,1,0,0,0
108,서울,2023-02-16,2.3,-0.7,2353,4.5,1459,,,,,,0.0,8.7,200.0,1452.0,5.0,230.0,1334.0,2.7,2306.0,230.0,-3.0,51,1704,68.3,4.9,1019.3,1031.4,1026.0,1029.2,1718.0,1030.1,10.9,1.9,1200.0,0.94,6.45,,,,,,5.4,5.4,1.8,-8.6,0.3,-0.2,-0.3,0.3,1.7,3.7,6.5,12.0,15.9,1.0,1.4,0.0,{눈}1150-{눈}{강도0}1200-1215.,,2023,2,7,47,1,0,0,0
108,서울,2023-02-17,3.4,-1.5,543,9.8,1542,,,,,,,5.1,250.0,1437.0,3.0,20.0,844.0,1.8,1550.0,20.0,-2.4,40,1602,67.8,5.1,1016.5,1029.8,214.0,1024.7,1707.0,1027.2,10.9,7.5,1200.0,2.32,13.67,,,,,,5.0,1.6,2.3,-8.4,0.3,-0.2,-0.3,0.4,1.9,3.7,6.5,11.9,15.8,1.8,2.6,,{연무}2320-{연무}{강도0}2400-,,2023,2,7,48,1,0,0,0
108,서울,2023-02-18,5.7,3.0,6,8.1,1529,,,,,,,3.9,70.0,300.0,2.6,20.0,49.0,1.5,1253.0,50.0,-1.9,45,1558,58.3,5.3,1009.0,1025.2,1.0,1016.2,2358.0,1019.6,10.9,0.0,1200.0,0.59,2.91,,,,,,9.9,9.1,2.3,-0.5,0.5,-0.1,-0.1,0.7,2.3,3.8,6.5,11.8,15.8,1.0,1.4,0.4,-{연무}-{연무}{강도0}0300-{연무}{강도0}0600-{연무}{강도0}0900-{연무}{강도0}1200-1250. {연무}1350-{연무}{강도0}1500-{연무}{강도0}1800-{연무}{강도0}2100-{연무}{강도0}2400-,,2023,2,7,49,1,0,0,0
108,서울,2023-02-19,3.5,0.2,2341,6.1,1457,,,,,2.92,0.4,11.6,290.0,1342.0,6.8,290.0,1130.0,3.3,2884.0,270.0,-5.0,29,1717,56.1,4.4,1008.5,1023.5,2253.0,1015.4,442.0,1019.1,11.0,7.0,1200.0,2.67,14.47,,,,,,3.9,3.1,4.3,-4.4,1.1,0.2,0.5,1.3,2.8,3.9,6.5,11.8,15.8,2.3,3.2,,-{연무}-{연무}{강도0}0300-0550. {비}0515-{진눈깨비}0555-{진눈깨비}{강도0}0600-{비}0705-{안개비}0745-0810. {박무}0610-{박무}{강도1}0900-1010. {연무}1050-1110.,,2023,2,7,50,1,0,0,0
108,서울,2023-02-20,-0.5,-3.5,2357,2.4,1419,,,,,,,11.0,290.0,1245.0,6.4,320.0,1038.0,3.3,2888.0,270.0,-11.1,27,1456,46.4,2.7,1015.7,1031.8,2349.0,1023.3,352.0,1026.7,11.0,9.5,1200.0,2.73,18.16,,,,,,0.0,0.0,1.9,-8.5,1.0,0.8,1.1,1.7,3.2,4.0,6.5,11.7,15.7,2.4,3.4,,,,2023,2,8,51,1,0,0,0
108,서울,2023-02-21,-1.3,-5.3,759,4.8,1618,,,,,,,6.8,340.0,452.0,4.7,340.0,501.0,2.1,1803.0,270.0,-12.9,23,1450,42.4,2.3,1023.4,1036.2,1023.0,1031.8,1.0,1034.4,11.0,10.0,1200.0,2.73,18.25,,,,,,0.1,0.0,1.7,-10.3,0.8,0.7,0.9,1.6,3.0,4.2,6.6,11.7,15.7,2.2,3.2,,,,2023,2,8,52,1,0,0,0
108,서울,2023-02-22,1.2,-4.5,712,8.4,1452,,,,,,,7.0,180.0,1358.0,3.7,180.0,1520.0,2.2,1865.0,270.0,-8.8,21,1500,50.6,3.2,1019.0,1034.7,1.0,1026.3,2217.0,1029.9,11.1,9.2,1300.0,2.67,17.0,,,,,,5.5,0.5,2.2,-11.0,0.9,0.7,0.8,1.5,2.8,4.2,6.6,11.6,15.6,2.4,3.4,,,,2023,2,8,53,1,0,0,0
108,서울,2023-02-23,2.9,-1.8,629,9.2,1531,,,,,,,6.7,270.0,1731.0,4.0,320.0,1549.0,1.9,1638.0,270.0,-3.4,36,1443,65.5,4.8,1013.3,1026.5,1.0,1021.4,1538.0,1024.1,11.1,10.0,1200.0,2.45,15.87,,,,,,2.5,0.8,3.1,-7.5,1.8,1.2,1.2,1.7,2.9,4.3,6.6,11.6,15.6,2.0,2.9,,,,2023,2,8,54,1,0,0,0
108,서울,2023-02-24,3.5,-0.4,2400,8.5,1501,,,,,,,11.6,290.0,1532.0,6.5,290.0,1352.0,3.0,2625.0,290.0,-5.1,25,1534,57.9,4.4,1013.7,1027.6,2359.0,1022.1,301.0,1024.4,11.2,9.8,1300.0,2.68,17.42,,,,,,1.8,1.8,3.7,-4.7,2.9,2.5,2.2,2.5,3.3,4.3,6.7,11.5,15.5,2.7,3.9,,{박무}0255-{박무}{강도0}0300-{박무}{강도0}0600-{박무}{강도0}0900-1010. {연무}1005-1110.,,2023,2,8,55,1,0,0,0
108,서울,2023-02-25,0.7,-2.9,727,5.7,1527,,,,,,,8.5,320.0,1648.0,4.9,290.0,1539.0,2.9,2493.0,290.0,-10.5,27,1725,44.0,2.8,1020.9,1035.5,2249.0,1027.6,1.0,1031.8,11.2,10.2,1200.0,2.77,18.6,,,,,,0.0,0.0,2.7,-8.1,2.3,2.1,2.3,2.8,3.7,4.4,6.7,11.5,15.5,2.4,3.5,,,,2023,2,8,56,1,0,0,0
108,서울,2023-02-26,2.2,-3.4,729,9.4,1534,,,,,,,7.2,180.0,1427.0,4.4,250.0,1623.0,2.1,1810.0,290.0,-8.7,25,1441,46.6,3.3,1025.4,1038.1,936.0,1034.5,1535.0,1036.3,11.2,10.4,1200.0,2.79,18.83,,,,,,0.0,0.0,3.3,-10.8,2.3,2.0,2.1,2.6,3.6,4.5,6.7,11.4,15.4,2.7,3.9,,,,2023,2,8,57,1,0,0,0
108,서울,2023-02-27,4.4,-1.8,646,12.4,1501,,,,,,,7.0,200.0,1539.0,4.1,250.0,1701.0,1.9,1632.0,20.0,-6.6,24,1629,47.4,3.8,1022.9,1036.7,804.0,1030.9,2359.0,1033.6,11.3,10.5,1200.0,2.8,18.65,,,,,,0.0,0.0,4.0,-9.1,3.2,2.7,2.5,2.8,3.6,4.6,6.8,11.4,15.4,2.9,4.2,,,,2023,2,9,58,1,0,0,0
108,서울,2023-02-28,4.3,-0.7,719,8.7,1553,,,,,,,7.3,180.0,1529.0,4.5,270.0,1833.0,2.0,1713.0,270.0,-2.1,44,5,63.4,5.4,1016.3,1031.0,3.0,1024.1,2233.0,1027.1,11.3,3.0,1500.0,1.86,10.26,,,,,,5.5,5.5,3.7,-9.1,3.2,2.9,2.8,3.1,3.9,4.7,6.8,11.3,15.3,1.4,2.0,,,,2023,2,9,59,1,0,0,0
108,서울,2023-03-01,6.0,2.9,2355,9.0,1525,,,,,,,12.3,290.0,1714.0,7.0,290.0,1717.0,3.1,2636.0,270.0,-3.2,27,1658,54.4,5.1,1011.3,1024.2,1.0,1019.3,1453.0,1021.9,11.3,4.1,1500.0,1.79,10.19,,,,,,5.4,4.5,5.0,0.4,4.8,4.3,3.9,3.8,4.2,4.8,6.8,11.3,15.3,2.3,3.3,,,,2023,3,9,60,1,1,0,0
108,서울,2023-03-02,2.2,-1.8,736,6.6,1541,,,,,,,9.6,320.0,1409.0,5.5,290.0,1410.0,2.8,2384.0,250.0,-11.2,22,1301,37.8,2.7,1016.6,1029.1,949.0,1024.1,1.0,1027.4,11.4,10.5,1200.0,2.86,19.45,,,,,,0.0,0.0,3.7,-8.0,3.6,3.4,3.4,3.8,4.5,4.9,6.9,11.3,15.3,2.8,4.0,,,,2023,3,9,61,1,1,0,0
108,서울,2023-03-03,4.6,-1.9,708,10.4,1445,,,,,,,8.9,250.0,1248.0,5.0,200.0,1256.0,2.1,1779.0,270.0,-1.5,48,1225,65.0,5.7,1016.7,1029.0,52.0,1025.3,1540.0,1027.4,11.4,7.5,1200.0,2.62,15.67,,,,,,3.8,3.8,3.6,-9.4,3.9,3.5,3.3,3.7,4.4,5.0,6.9,11.2,15.2,1.9,2.7,,,,2023,3,9,62,1,1,0,0
108,서울,2023-03-04,7.7,3.7,800,14.1,1513,,,,,,,5.5,270.0,1712.0,3.5,250.0,1712.0,1.9,1633.0,50.0,1.8,35,1549,68.4,7.0,1017.8,1029.7,941.0,1026.5,1611.0,1028.4,11.5,8.7,1200.0,2.31,14.91,,,,,,4.8,1.3,7.0,-3.6,5.8,5.2,4.6,4.5,4.7,5.1,7.0,11.2,15.2,2.0,2.9,,{박무}0205-{박무}{강도0}0300-{박무}{강도0}0600-{박무}{강도0}0900-1025. {연무}1020-{연무}{강도0}1200-1420. {연무}1645-{연무}{강도0}1800-1910. {연무}2030-{연무}{강도0}2100-{연무}{강도0}2400-,,2023,3,9,63,1,1,0,0
108,서울,2023-03-05,8.0,2.5,702,15.4,1415,,,,,,,6.9,250.0,1453.0,4.1,250.0,1543.0,1.7,1480.0,270.0,-1.7,24,1656,54.0,5.5,1016.2,1029.6,920.0,1024.4,1733.0,1026.8,11.5,10.1,1200.0,2.6,17.21,,,,,,0.0,0.0,6.6,-6.1,6.2,5.7,5.2,5.2,5.3,5.3,7.1,11.1,15.1,3.1,4.5,,{박무}0150-0259. -{연무}-0155. {박무}0335-{박무}{강도0}0600-{박무}{강도0}0900-0945. {연무}0940-{연무}{강도0}1200-{연무}{강도0}1500-1515.,,2023,3,9,64,1,1,0,0
108,서울,2023-03-06,9.2,2.2,701,16.5,1455,,,,,,,7.8,180.0,1333.0,4.7,230.0,1258.0,2.1,1800.0,20.0,-3.9,18,1407,41.9,4.7,1012.3,1025.6,901.0,1020.2,1900.0,1022.8,11.5,10.0,1200.0,2.81,18.63,,,,,,1.1,0.4,7.0,-6.2,6.3,5.8,5.4,5.5,5.7,5.5,7.1,11.1,15.1,3.7,5.3,,,,2023,3,10,65,1,1,0,0
108,서울,2023-03-07,11.7,6.3,645,19.4,1443,,,,,,,7.2,250.0,1725.0,4.1,230.0,1757.0,2.3,1998.0,50.0,4.0,40,1147,60.9,8.4,1009.1,1021.5,1.0,1017.0,1618.0,1019.4,11.6,7.0,1200.0,2.59,15.35,,,,,,2.1,2.1,10.4,-0.2,8.0,7.3,6.5,6.2,6.1,5.7,7.2,11.1,15.0,2.8,4.0,,{박무}2045- {박무}{강도0}2100-2130.,,2023,3,10,66,1,0,1,0
108,서울,2023-03-08,12.5,7.4,559,17.7,1237,,,,,1.08,1.2,7.8,290.0,1405.0,4.6,270.0,1414.0,2.0,1753.0,20.0,5.8,41,1354,66.3,9.3,1008.1,1020.5,925.0,1015.7,2210.0,1018.4,11.6,1.8,1200.0,1.7,8.39,,,,,,7.0,5.3,9.3,-0.5,8.6,8.1,7.4,7.1,6.8,5.9,7.3,11.1,15.0,1.9,2.7,4.8,{박무}0035-{박무}{강도0}0300-{박무}{강도0}0600-0710. {비}0920-0930. {비}1930-1940. {비}2315-{비}{강도0}2400-,,2023,3,10,67,1,0,1,1
108,서울,2023-03-09,10.3,7.4,2316,13.1,1,,,,,4.83,3.7,9.0,200.0,512.0,5.0,180.0,520.0,2.3,1999.0,230.0,8.0,71,1546,85.9,10.7,1004.8,1017.8,2349.0,1013.0,437.0,1015.1,11.7,2.0,1500.0,1.53,6.52,,,,,,5.1,5.0,10.2,-0.5,9.3,8.8,8.1,7.7,7.4,6.2,7.4,11.0,14.9,1.0,1.4,0.1,-{비}-0120. {박무}0710-{박무}{강도2}0900-{박무}{강도1}1200-{박무}{강도0}1500-{박무}{강도0}1800-{박무}{강도0}2100-{박무}{강도1}2400- {안개비}0750-{안개비}{강도0}0900-1120.,,2023,3,10,68,1,0,1,1
108,서울,2023-03-10,13.5,6.2,456,22.2,1528,,,,,,,6.7,180.0,1555.0,3.4,70.0,756.0,2.1,1846.0,50.0,5.1,27,1433,62.1,8.8,1008.0,1019.7,832.0,1016.0,1558.0,1018.2,11.7,9.6,1200.0,2.5,17.03,,,,,,0.0,0.0,11.0,-1.1,9.3,8.7,8.0,7.7,7.6,6.5,7.6,11.0,14.9,3.3,4.7,,-{박무}-{박무}{강도1}0300-{박무}{강도1}0600-{박무}{강도0}0900-0945. {연무}0940-1110. {연무}2035-{연무}{강도0}2100-{연무}{강도0}2400-,,2023,3,10,69,1,0,1,0
108,서울,2023-03-11,15.2,10.2,659,22.8,1428,,,,,,,11.0,180.0,1509.0,5.6,200.0,1321.0,2.4,2085.0,20.0,4.1,20,1316,52.0,8.3,1010.8,1022.5,928.0,1019.5,1.0,1021.0,11.8,7.6,1200.0,2.73,16.95,,,,,,5.9,0.4,11.9,3.3,10.8,10.1,9.2,8.7,8.2,6.8,7.7,11.0,14.9,4.3,6.2,1.4,-{연무}-{연무}{강도0}0300-{연무}{강도0}0600-{연무}{강도0}0900-1010.,,2023,3,10,70,1,0,1,0
108,서울,2023-03-12,5.9,0.6,2355,12.6,1,,,,,6.33,5.6,13.6,290.0,2111.0,7.3,270.0,1758.0,3.7,3230.0,250.0,-0.1,40,2357,68.0,6.7,1009.2,1023.3,2331.0,1017.4,1627.0,1019.7,11.8,0.8,1500.0,1.03,3.68,,,,,,5.9,4.0,5.8,-1.2,8.9,8.8,8.8,8.9,8.9,7.1,7.9,11.0,14.8,1.5,2.2,4.2,{연무}0320-0545. {박무}0540-{박무}{강도1}0600-{박무}{강도0}0900-{박무}{강도0}1200-1250. {비}0650-{비}{강도0}0900-{비}{강도0}1200-1310.,,2023,3,10,71,1,1,0,1
108,서울,2023-03-13,2.9,-1.9,651,7.6,1444,,,,,,,12.0,290.0,42.0,6.5,270.0,39.0,3.2,2751.0,230.0,-10.1,22,1224,38.9,3.0,1011.5,1025.5,705.0,1019.6,2349.0,1022.2,11.8,9.8,1200.0,3.04,20.79,,,,,,3.1,2.0,4.1,-4.3,6.0,5.9,6.2,7.0,7.9,7.4,8.0,10.9,14.8,3.0,4.3,,,,2023,3,11,72,1,1,0,0
108,서울,2023-03-14,9.2,3.3,331,15.4,1533,,,,,,,11.7,230.0,1410.0,6.5,200.0,1450.0,2.9,2470.0,200.0,-2.4,23,1325,45.9,5.3,1007.2,1019.6,1.0,1015.4,1652.0,1017.6,11.9,9.1,1300.0,3.11,19.73,,,,,,3.4,3.3,8.4,-0.8,7.6,7.0,6.7,6.9,7.5,7.4,8.2,10.9,14.8,3.8,5.4,,,,2023,3,11,73,1,1,0,0
108,서울,2023-03-15,8.6,3.5,2400,14.4,1215,,,,,,,12.8,230.0,1208.0,6.9,230.0,1208.0,3.0,2555.0,200.0,2.4,33,2223,66.6,7.7,1009.7,1025.7,2349.0,1017.4,420.0,1020.1,11.9,1.2,1200.0,1.47,5.62,,,,,,6.4,6.0,6.8,-2.5,8.0,7.7,7.4,7.5,7.8,7.4,8.4,10.9,14.7,1.6,2.3,,{박무}1740-{박무}{강도0}1800-1840. {황사}2035-{황사}{강도0}2100-{황사}{강도0}2400-,,2023,3,11,74,1,1,0,0
108,서울,2023-03-16,4.6,0.4,509,9.0,1349,,,,,,,8.4,290.0,1100.0,4.5,290.0,1455.0,2.4,2103.0,270.0,-9.4,19,1135,36.8,3.1,1017.9,1030.8,915.0,1025.7,1.0,1028.6,12.0,6.7,1100.0,2.97,18.09,,,,,,5.5,0.0,4.4,-8.2,6.6,6.4,6.5,7.0,7.7,7.5,8.5,10.9,14.7,3.0,4.4,,-{황사}-{황사}{강도0}0300-0340. {햇무리}1150-1230. {햇무리}1330-1810.,,2023,3,11,75,1,1,0,0
108,서울,2023-03-17,7.2,0.7,652,12.7,1543,,,,,,,5.5,320.0,4.0,3.1,250.0,1721.0,1.7,1465.0,290.0,-7.9,20,1320,34.3,3.4,1013.0,1028.7,11.0,1019.8,1700.0,1023.6,12.0,4.4,1100.0,2.23,13.94,,,,,,8.0,3.0,5.4,-5.7,6.7,6.4,6.2,6.7,7.4,7.6,8.6,10.9,14.6,2.8,3.9,,{햇무리}1050-1430.,,2023,3,11,76,1,1,0,0
108,서울,2023-03-18,7.7,2.5,629,14.0,1532,,,,,,,9.6,270.0,1657.0,5.8,270.0,1617.0,2.6,2260.0,270.0,-3.8,22,1424,46.4,4.7,1008.4,1020.3,851.0,1016.6,1559.0,1018.9,12.0,9.9,1300.0,2.94,19.07,,,,,,1.9,0.3,8.9,-4.5,7.5,7.1,6.8,7.0,7.5,7.6,8.6,10.9,14.6,3.3,4.8,,{연무}2255-{연무}{강도0}2400-,,2023,3,11,77,1,1,0,0
108,서울,2023-03-19,8.3,2.3,707,15.2,1539,,,,,,,7.5,200.0,1423.0,4.3,200.0,1423.0,2.1,1850.0,270.0,0.2,29,1542,59.6,6.3,1009.2,1022.2,840.0,1017.5,1705.0,1019.7,12.1,11.1,1200.0,3.01,21.25,,,,,,0.4,0.0,10.1,-6.3,8.1,7.6,7.3,7.4,7.7,7.6,8.7,10.9,14.6,3.3,4.8,,-{연무}-{연무}{강도0}0300-{연무}{강도0}0600-0605. {연무}0805-{연무}{강도0}0900-1055. {연무}1805-{연무}{강도0}2100-{연무}{강도0}2400-,,2023,3,11,78,1,1,0,0
108,서울,2023-03-20,9.5,2.6,704,17.1,1443,,,,,,,5.9,270.0,1608.0,3.7,270.0,1353.0,1.6,1416.0,250.0,-1.6,23,1404,50.4,5.5,1005.2,1018.4,1.0,1013.0,1939.0,1015.5,12.1,10.0,1200.0,3.0,20.06,,,,,,2.8,0.3,10.9,-5.9,8.6,8.2,7.8,7.8,8.1,7.7,8.8,10.9,14.5,3.9,5.5,,-{연무}-{연무}{강도0}0300-0440. {박무}0435-{박무}{강도0}0600- {박무}{강도0}0900-0925. {연무}0920-1110.,,2023,3,12,79,1,1,0,0
108,서울,2023-03-21,13.0,5.0,646,22.2,1627,,,,,,,5.1,250.0,1734.0,3.4,250.0,1743.0,1.7,1483.0,50.0,-2.9,13,1428,35.1,5.0,1001.3,1015.0,33.0,1008.4,1643.0,1011.6,12.2,10.8,1200.0,3.04,21.6,,,,,,1.1,0.9,13.1,-3.8,9.7,9.1,8.5,8.4,8.4,7.8,8.8,10.9,14.5,4.6,6.6,,,,2023,3,12,80,1,0,1,0
108,서울,2023-03-22,17.0,9.2,532,25.1,1425,,,,,,,8.1,320.0,1655.0,4.6,320.0,1703.0,1.8,1513.0,50.0,4.4,28,1137,44.8,8.6,999.1,1011.9,903.0,1007.0,1729.0,1009.1,12.2,6.2,1200.0,2.98,16.64,,,,,,6.4,4.9,15.5,0.5,11.6,10.8,9.8,9.3,9.0,8.0,8.9,10.9,14.5,3.8,5.4,0.0,,,2023,3,12,81,1,0,1,0
108,서울,2023-03-23,17.4,12.3,2358,23.3,1537,,,,,2.92,0.0,8.8,270.0,1635.0,5.7,250.0,1624.0,2.5,2153.0,290.0,6.0,31,2005,48.9,9.7,996.2,1010.5,2347.0,1003.6,1448.0,1006.2,12.2,5.3,1300.0,2.49,14.5,,,,,,5.6,4.3,16.7,9.0,13.8,13.0,11.8,10.9,10.0,8.2,9.0,10.9,14.4,4.1,5.9,,{비}0010-0025. {비}0155-0205. {비}0555-{비}{강도0}0600-0745. {비}0810-0850. {황사}1640-{황사}{강도0}1800-{황사}{강도0}2100-{황사}{강도0}2400-,,2023,3,12,82,1,0,1,0
108,서울,2023-03-24,12.5,7.6,633,18.3,1517,,,,,,,6.4,270.0,2028.0,3.8,290.0,154.0,2.3,1997.0,270.0,-2.1,27,1131,36.8,5.3,1004.4,1018.0,2319.0,1010.6,1.0,1014.7,12.3,6.6,1200.0,2.44,16.13,,,,,,8.0,3.4,13.1,0.7,12.5,12.0,11.5,11.2,10.8,8.6,9.1,10.9,14.4,3.5,5.0,,-{황사}-{황사}{강도0}0300-{황사}{강도0}0600-{황사}{강도0}0900-{황사}{강도0}1200-{황사}{강도0}1500-{황사}{강도0}1800-{황사}{강도0}2100-{황사}{강도0}2400- {햇무리}0955-1445.,,2023,3,12,83,1,0,1,0
108,서울,2023-03-25,12.5,8.0,635,18.7,1511,,,,,,,7.3,200.0,1622.0,4.5,250.0,1612.0,2.3,1974.0,50.0,4.6,41,1509,59.9,8.5,1007.2,1019.5,929.0,1015.3,1633.0,1017.5,12.3,5.7,1300.0,2.3,15.13,,,,,,4.1,2.0,15.3,2.5,12.3,11.8,11.2,11.0,10.8,8.9,9.2,10.9,14.4,3.1,4.5,,-{황사}-{황사}{강도0}0300-0350. {황사}1420-{황사}{강도0}1500-{황사}{강도0}1800-{황사}{강도0}2100-{황사}{강도0}2400-,,2023,3,12,84,1,0,1,0
108,서울,2023-03-26,9.4,4.7,2356,14.0,1507,,,,,,,11.5,320.0,1336.0,5.9,290.0,1535.0,3.6,3138.0,290.0,-6.8,16,1350,34.0,3.9,1006.8,1020.3,2312.0,1015.4,1535.0,1017.2,12.4,11.1,1200.0,3.33,24.36,,,,,,0.8,0.5,13.6,0.7,11.6,11.3,11.0,11.0,10.9,9.2,9.4,10.9,14.3,5.4,7.8,,-{황사}-{황사}{강도0}0300-0530.,,2023,3,12,85,1,1,0,0
108,서울,2023-03-27,7.3,1.9,615,14.5,1503,,,,,,,10.8,270.0,1649.0,5.6,270.0,1725.0,2.3,1985.0,270.0,-4.8,21,1400,44.8,4.4,1011.2,1023.6,2318.0,1019.5,1443.0,1021.7,12.4,11.1,1200.0,3.24,22.88,,,,,,1.1,0.0,11.8,-8.3,10.2,10.0,9.9,10.3,10.7,9.4,9.6,10.9,14.3,3.7,5.3,,,,2023,3,13,86,1,1,0,0
108,서울,2023-03-28,9.2,2.8,624,15.7,1527,,,,,,,7.4,270.0,1440.0,4.6,270.0,1446.0,2.1,1792.0,20.0,-0.8,22,1257,53.3,5.8,1013.1,1025.5,952.0,1021.9,1719.0,1023.6,12.4,7.4,1200.0,2.59,18.44,,,,,,2.9,0.4,11.6,-5.1,10.3,9.9,9.7,10.0,10.4,9.5,9.8,11.0,14.3,3.3,4.8,,,,2023,3,13,87,1,1,0,0
108,서울,2023-03-29,11.8,5.1,549,19.7,1508,,,,,,,7.7,230.0,1543.0,4.6,250.0,1447.0,1.9,1683.0,250.0,0.8,20,1553,50.3,6.5,1011.6,1024.5,759.0,1019.9,1620.0,1022.0,12.5,11.0,1200.0,2.96,21.79,,,,,,0.3,0.0,13.8,-4.4,11.1,10.6,10.1,10.1,10.4,9.6,9.9,11.0,14.2,4.4,6.3,,{연무}0730-{연무}{강도0}0900-1040.,,2023,3,13,88,1,0,1,0
108,서울,2023-03-30,13.3,6.4,644,21.2,1604,,,,,,,7.8,270.0,1447.0,4.4,250.0,1314.0,2.2,1931.0,250.0,0.0,21,1353,42.5,6.2,1008.9,1021.2,1.0,1016.6,1718.0,1019.2,12.5,11.5,1200.0,3.22,23.58,,,,,,1.1,0.0,15.3,-3.0,11.9,11.4,10.8,10.7,10.7,9.7,10.0,11.0,14.2,5.1,7.3,,{연무}2140-{연무}{강도0}2400-,,2023,3,13,89,1,0,1,0
108,서울,2023-03-31,15.0,7.5,655,23.9,1537,,,,,,,6.4,250.0,1844.0,4.6,290.0,1930.0,2.1,1819.0,250.0,1.6,23,1444,42.5,6.9,1007.6,1020.0,828.0,1015.3,1646.0,1017.8,12.6,11.2,1200.0,3.14,22.99,,,,,,0.0,0.0,16.9,-2.1,12.8,12.2,11.5,11.3,11.1,9.8,10.1,11.0,14.2,5.2,7.4,,-{연무}-{연무}{강도0}0300-0310.,,2023,3,13,90,1,0,1,0
108,서울,2023-04-01,17.5,9.4,646,25.6,1525,,,,,,,7.2,250.0,1716.0,4.5,270.0,1711.0,1.8,1592.0,290.0,2.8,19,1528,40.4,7.5,1005.5,1017.4,153.0,1012.5,1646.0,1015.5,12.6,10.8,1200.0,3.05,21.48,,,,,,1.8,0.9,17.9,0.2,13.8,13.1,12.3,12.0,11.6,10.0,10.3,11.0,14.2,5.5,7.8,,,,2023,4,13,91,1,0,1,0
108,서울,2023-04-02,18.8,11.9,617,25.2,1505,,,,,,,9.4,70.0,847.0,5.9,70.0,854.0,2.4,2063.0,70.0,-0.3,16,1253,29.6,6.0,1008.4,1020.7,2308.0,1015.8,10.0,1018.4,12.6,11.7,1200.0,3.36,24.08,,,,,,0.4,0.4,19.7,2.2,14.7,14.1,13.2,12.7,12.2,10.2,10.4,11.0,14.1,6.5,9.3,,,,2023,4,13,92,1,0,1,0
108,서울,2023-04-03,19.0,11.3,636,25.9,1608,,,,,,,7.8,160.0,1645.0,4.3,160.0,1742.0,2.3,2022.0,50.0,-0.1,16,1720,29.4,6.1,1011.3,1023.4,818.0,1019.0,1601.0,1021.3,12.7,11.0,1300.0,3.17,22.95,,,,,,4.1,0.0,20.1,0.8,15.1,14.4,13.6,13.2,12.6,10.5,10.5,11.1,14.1,6.6,9.4,,,,2023,4,14,93,1,0,1,0
108,서울,2023-04-04,17.6,12.7,2352,21.7,1402,0.9,2220.0,3.1,2138.0,5.08,6.9,10.9,140.0,2206.0,6.1,200.0,1922.0,2.6,2217.0,110.0,1.3,16,1047,40.4,7.5,1007.7,1021.1,9.0,1014.6,2357.0,1017.8,12.7,1.6,1100.0,1.77,10.78,,,,,,9.1,4.3,18.5,7.9,15.2,14.7,13.9,13.6,13.1,10.7,10.7,11.1,14.1,2.8,4.0,34.3,{비}1855-{비}{강도0}2100-{비}{강도0}2400- {박무}2045-{박무}{강도0}2100-{박무}{강도0}2400-,,2023,4,14,94,1,0,1,1
108,서울,2023-04-05,11.9,8.7,2218,14.9,1301,2.4,1300.0,9.0,1210.0,22.5,50.3,10.5,70.0,110.0,5.8,50.0,107.0,3.4,2975.0,70.0,11.5,90,2338,97.8,13.7,998.2,1014.5,1.0,1005.2,1444.0,1008.4,12.8,0.0,1000.0,0.22,1.56,,,,,,10.0,8.9,12.5,8.1,13.6,13.4,13.1,13.2,13.2,11.0,10.8,11.1,14.1,0.4,0.6,23.3,-{비}-{비}{강도0}0300-{비}{강도1}0600-{비}{강도0}0900-{비}{강도1}1200-1440. -{박무}-{박무}{강도0}0300-{박무}{강도2}0600-{박무}{강도0}0900-{박무}{강도2}1200-1350. {박무}1510-{박무}{강도1}1800-{박무}{강도1}2100-2250. {안개비}1515-{안개비}{강도0}1800-{안개비}{강도0}2100-2305.,,2023,4,14,95,1,0,1,1
108,서울,2023-04-06,8.8,7.4,2355,9.7,1312,0.4,1924.0,1.5,1902.0,19.17,2.7,7.5,180.0,5.0,4.6,250.0,1813.0,2.5,2174.0,180.0,7.9,84,1812,94.6,10.7,1000.0,1012.5,2358.0,1008.8,353.0,1010.3,12.8,0.0,1300.0,0.45,2.15,,,,,,9.8,8.4,10.0,5.3,12.0,11.8,11.8,12.2,12.8,11.3,11.0,11.1,14.0,0.6,0.8,2.3,{안개비}0030-{안개비}{강도0}0300-{안개비}{강도0}0600-{안개비}{강도0}0900-{안개비}{강도0}1200-{안개비}{강도0}1500-1650. {박무}0130-{박무}{강도0}0300-{박무}{강도1}0600-0750. {박무}0815-{박무}{강도0}0900-{박무}{강도0}1200-{박무}{강도1}1500-{박무}{강도0}1800-{박무}{강도2}2100-{박무}{강도1}2400- {비}1820-{비}{강도0}2100-2110.,,2023,4,14,96,1,0,0,1
108,서울,2023-04-07,8.9,4.6,2339,15.7,1404,,,,,,,13.8,200.0,1614.0,7.0,230.0,1610.0,2.9,2472.0,230.0,2.0,36,1836,65.0,7.3,1003.6,1017.9,2339.0,1011.5,1612.0,1014.0,12.8,10.4,1300.0,3.21,23.34,,,,,,1.5,1.5,11.9,-0.8,11.8,11.5,11.3,11.5,12.1,11.4,11.2,11.2,14.0,3.7,5.2,,-{박무}-{박무}{강도1}0300-{박무}{강도0}0600-0810.,,2023,4,14,97,1,0,0,0
108,서울,2023-04-08,8.8,3.1,518,14.9,1515,,,,,,,11.9,270.0,1546.0,7.0,290.0,1159.0,3.2,2733.0,250.0,-1.4,25,1230,51.1,5.6,1008.1,1020.5,2355.0,1016.8,529.0,1018.5,12.9,11.9,1200.0,3.44,25.74,,,,,,0.4,0.4,11.7,-3.9,11.1,10.8,10.8,11.4,12.1,11.4,11.4,11.2,14.0,4.4,6.3,,,,2023,4,14,98,1,0,0,0
108,서울,2023-04-09,10.8,3.5,624,17.8,1431,,,,,,,9.8,270.0,1538.0,6.0,270.0,1546.0,2.5,2183.0,200.0,1.9,33,1434,56.8,7.0,1008.3,1021.0,52.0,1016.5,1747.0,1018.7,12.9,12.0,1200.0,3.36,25.54,,,,,,0.0,0.0,13.1,-3.6,11.8,11.4,11.1,11.3,11.9,11.4,11.5,11.2,14.0,4.3,6.2,,,,2023,4,14,99,1,0,1,0
108,서울,2023-04-10,13.2,6.2,526,19.1,1402,,,,,,,10.4,180.0,1617.0,6.3,200.0,1541.0,2.7,2302.0,200.0,2.5,31,1009,50.8,7.4,1004.3,1018.0,138.0,1011.6,2200.0,1014.5,12.9,10.1,1200.0,3.14,22.29,,,,,,2.6,1.1,14.1,-2.1,12.6,12.2,11.8,11.8,12.2,11.4,11.6,11.3,14.0,4.7,6.7,,,,2023,4,15,100,1,0,1,0
108,서울,2023-04-11,13.1,9.2,2356,17.4,928,2.2,1336.0,2.6,1254.0,6.92,2.9,18.9,180.0,932.0,9.3,180.0,933.0,3.6,3101.0,230.0,7.9,43,2350,73.4,11.1,1000.2,1015.1,2355.0,1007.0,930.0,1010.4,13.0,0.0,800.0,0.45,2.01,,,,,,6.5,5.6,11.0,3.6,12.6,12.4,12.1,12.2,12.5,11.4,11.7,11.3,13.9,1.1,1.5,2.9,{비}0945-{비}{강도0}1200-{안개비}1430-{비}1445-{비}{강도0}1500-{안개비}1520-1640. {박무}1430-{박무}{강도1}1500-{박무}{강도0}1800-{박무}{강도0}2100-2120. {황사}2155-{황사}{강도0}2400-,,2023,4,15,101,1,0,1,1
108,서울,2023-04-12,10.1,4.8,624,15.3,1520,,,,,,,13.0,250.0,1339.0,7.2,270.0,1346.0,2.7,2351.0,250.0,-2.5,17,1258,45.1,5.3,1007.0,1019.5,2330.0,1015.2,1.0,1017.4,13.0,10.7,1200.0,3.42,24.87,,,,,,0.8,0.0,11.9,-2.3,11.7,11.4,11.2,11.5,12.1,11.5,11.7,11.3,13.9,4.9,7.0,,-{황사}-{황사}{강도0}0300-{황사}{강도0}0600-{황사}{강도0}0900-{황사}{강도0}1200-{황사}{강도0}1500-{황사}{강도0}1800-{황사}{강도0}2100-{황사}{강도0}2400-,,2023,4,15,102,1,0,1,0
108,서울,2023-04-13,11.9,5.1,611,17.2,1512,0.0,,0.0,,0.25,0.0,6.8,250.0,1310.0,3.5,230.0,1258.0,1.8,1559.0,50.0,-1.3,18,1431,45.0,5.7,1006.9,1019.8,826.0,1014.2,1654.0,1017.2,13.1,4.4,1000.0,2.23,16.17,,,,,,5.1,3.0,11.9,-1.9,11.8,11.5,11.3,11.6,12.1,11.5,11.8,11.4,13.9,3.0,4.4,0.0,-{황사}-{황사}{강도0}0300-{황사}{강도0}0600-{황사}{강도0}0900-{황사}{강도0}1200-{황사}{강도0}1500-{황사}{강도0}1800-{황사}{강도0}2100-{황사}{강도0}2400- {비}1250-1305.,,2023,4,15,103,1,0,1,0
108,서울,2023-04-14,16.2,11.9,30,21.3,1515,,,,,,,7.3,290.0,1638.0,4.5,290.0,1643.0,1.6,1407.0,180.0,7.8,39,1,58.6,10.7,1002.5,1016.3,819.0,1009.2,2352.0,1012.5,13.1,3.3,1100.0,2.33,14.25,,,,,,8.1,5.9,15.1,4.9,13.5,13.0,12.2,12.1,12.2,11.5,11.8,11.4,13.9,2.8,4.0,,-{황사}-{황사}{강도0}0300-{황사}{강도0}0600-{황사}{강도0}0900-1150.,,2023,4,15,104,1,0,1,0
108,서울,2023-04-15,13.5,9.3,2359,16.6,1537,1.8,1044.0,3.6,1037.0,3.0,4.6,7.7,270.0,1726.0,4.4,250.0,1356.0,2.2,1883.0,250.0,10.4,63,1709,81.8,12.6,994.3,1009.3,6.0,1001.8,1631.0,1004.4,13.2,2.3,1400.0,2.08,9.5,,,,,,7.4,6.3,15.8,7.3,14.0,13.6,13.1,12.9,12.9,11.6,11.9,11.5,13.9,1.5,2.2,4.6,{비}0920-{비}{강도0}1200-1220. {박무}1050-{박무}{강도0}1200-1210. {박무}2030-{박무}{강도0}2100-{박무}{강도0}2400-,,2023,4,15,105,1,0,1,1
108,서울,2023-04-16,10.8,7.5,529,16.1,1621,0.0,,0.0,,0.48,0.0,11.9,290.0,1742.0,6.6,290.0,1748.0,2.5,2128.0,250.0,5.4,38,1623,71.4,9.0,995.2,1010.8,2357.0,1002.2,207.0,1005.4,13.2,3.2,1400.0,2.12,14.45,,,,,,6.9,5.4,12.4,3.5,13.3,13.0,12.7,12.8,13.0,11.7,12.0,11.5,13.9,2.5,3.6,0.0,-{박무}-{박무}{강도0}0300-{박무}{강도0}0600-{박무}{강도0}0900-1010. {황사}1050-{황사}{강도0}1200-{황사}{강도0}1500-{황사}{강도0}1800-2045. {비}1450-1459. {비}1810-1830. {황사}2330-{황사}{강도0}2400-,,2023,4,15,106,1,0,1,0
108,서울,2023-04-17,13.1,6.8,541,18.1,1551,,,,,,,6.5,270.0,1356.0,4.2,50.0,2335.0,2.0,1725.0,50.0,4.6,36,1610,59.0,8.5,1004.2,1016.7,1038.0,1010.8,1.0,1014.5,13.2,6.1,1000.0,2.59,17.76,,,,,,6.1,3.6,14.6,-0.5,13.2,12.8,12.4,12.5,12.9,11.9,12.0,11.5,13.8,3.4,4.9,0.9,-{황사}-{황사}{강도0}0300-{황사}{강도0}0600-0740.,,2023,4,16,107,1,0,1,0
108,서울,2023-04-18,14.0,10.7,803,18.4,1726,0.2,,0.6,920.0,8.42,1.5,7.9,50.0,840.0,5.3,70.0,805.0,2.7,2313.0,50.0,9.9,46,132,78.6,12.4,1001.0,1013.7,1.0,1009.9,346.0,1011.2,13.3,3.6,1400.0,2.74,10.85,,,,,,6.4,5.3,15.7,5.2,14.1,13.7,13.2,13.1,13.2,11.9,12.1,11.6,13.8,1.8,2.6,0.6,{비}0240-0255. {비}0350-0355. {비}0425-{비}{강도0}0600-{비}{강도0}0900-{안개비}1105-{안개비}{강도0}1200-1230. {박무}0650-{박무}{강도0}0900-{박무}{강도1}1200-1220. {박무}2340-{박무}{강도0}2400-,,2023,4,16,108,1,0,1,1
108,서울,2023-04-19,19.1,11.5,552,28.4,1628,,,,,,,7.2,70.0,1006.0,4.6,270.0,1815.0,2.4,2097.0,70.0,11.5,25,1635,66.1,13.7,999.0,1012.6,17.0,1005.3,1629.0,1009.0,13.3,12.3,1200.0,3.6,27.82,,,,,,2.3,2.3,21.3,5.1,16.1,15.4,14.3,13.7,13.4,12.0,12.2,11.6,13.8,5.2,7.4,0.5,-{박무}-0040. {박무}0210-{박무}{강도0}0300-{박무}{강도0}0600-0650.,,2023,4,16,109,1,0,1,0
108,서울,2023-04-20,15.8,14.5,2256,18.9,1,0.2,,0.5,359.0,9.17,0.5,8.7,250.0,235.0,4.6,250.0,243.0,2.4,2083.0,270.0,14.4,81,1,92.1,16.5,999.8,1012.0,2254.0,1008.1,1614.0,1009.9,13.3,0.0,1000.0,0.66,4.12,,,,,,9.5,9.5,16.1,11.0,16.6,16.2,15.5,15.1,14.5,12.2,12.3,11.6,13.8,1.0,1.4,0.0,{박무}0040-0115. {안개비}0155-{안개비}{강도0}0300-{비}0410-{안개비}0525-{안개비}{강도0}0600-{안개비}{강도0}0900-0910. {박무}0225-{박무}{강도0}0300-{박무}{강도0}0600-{박무}{강도0}0900-0920. {안개비}1435-{안개비}{강도0}1500-1630. {박무}1940-{박무}{강도0}2100-{박무}{강도0}2400-,,2023,4,16,110,1,0,1,0
108,서울,2023-04-21,16.7,11.4,621,22.8,1506,,,,,,,8.3,290.0,1606.0,4.9,320.0,1846.0,2.5,2192.0,320.0,3.9,18,1834,50.4,8.9,1002.0,1015.5,2349.0,1010.1,1700.0,1012.0,13.4,7.8,1200.0,3.47,21.05,,,,,,3.8,3.5,19.1,6.2,16.5,16.0,15.2,14.9,14.6,12.5,12.4,11.7,13.8,5.6,8.0,,-{박무}-{박무}{강도0}0300-0350.,,2023,4,16,111,1,0,1,0
108,서울,2023-04-22,16.9,12.2,559,22.5,1529,,,,,,,9.5,110.0,1129.0,5.0,50.0,1248.0,2.6,2287.0,50.0,-4.7,14,1306,22.9,4.3,1009.0,1021.0,2312.0,1015.5,1.0,1019.1,13.4,5.6,1200.0,2.89,21.2,,,,,,7.6,6.9,18.3,4.3,16.1,15.7,15.2,15.0,14.9,12.7,12.5,11.7,13.8,5.7,8.1,,,,2023,4,16,112,1,0,1,0
108,서울,2023-04-23,16.1,10.7,557,22.1,1347,,,,,,,8.0,270.0,1709.0,4.8,250.0,1748.0,2.1,1856.0,50.0,-0.1,19,1322,34.1,6.1,1012.0,1024.4,828.0,1020.2,1641.0,1022.2,13.4,4.4,1200.0,3.32,19.47,,,,,,8.0,4.0,16.9,1.7,16.1,15.6,15.1,15.0,14.9,12.9,12.6,11.8,13.8,5.1,7.3,,{햇무리}0950-1025.,,2023,4,16,113,1,0,1,0
108,서울,2023-04-24,15.8,11.5,2349,21.3,1431,,,,,,,8.8,50.0,802.0,5.1,70.0,818.0,2.7,2367.0,70.0,2.3,30,1557,40.5,7.3,1011.8,1023.9,914.0,1019.9,1637.0,1022.0,13.5,7.8,1100.0,2.52,20.31,,,,,,5.8,0.8,18.8,2.8,16.5,16.0,15.4,15.2,15.0,13.1,12.8,11.8,13.8,4.1,5.8,0.0,,,2023,4,17,114,1,0,1,0
108,서울,2023-04-25,10.9,9.0,2244,13.2,1007,0.2,,0.4,1218.0,13.25,0.4,7.5,110.0,1109.0,4.3,140.0,1115.0,1.9,1623.0,50.0,5.0,45,13,68.6,8.9,1004.9,1021.6,16.0,1011.6,1840.0,1015.3,13.5,0.0,1300.0,0.76,5.22,,,,,,9.4,7.5,12.0,2.1,14.4,14.3,14.4,14.8,15.1,13.2,12.9,11.8,13.8,1.3,1.8,0.4,{비}0730-{비}{강도0}0900-{비}{강도0}1200-{비}{강도0}1500-{비}{강도0}1800-2045.,,2023,4,17,115,1,0,1,0
108,서울,2023-04-26,10.2,7.4,2350,13.5,1508,0.0,,0.0,,0.58,0.0,10.3,250.0,916.0,5.7,270.0,841.0,3.1,2676.0,200.0,4.7,47,1514,69.9,8.6,1003.2,1018.5,2314.0,1009.6,710.0,1013.5,13.6,4.1,1400.0,3.07,15.52,,,,,,4.5,4.1,16.6,0.0,13.7,13.4,13.4,13.8,14.4,13.4,13.0,11.9,13.7,2.4,3.5,,{비}0620-0655.,,2023,4,17,116,1,0,1,0
108,서울,2023-04-27,12.9,5.1,610,20.0,1526,,,,,,,6.8,270.0,1557.0,4.2,250.0,1521.0,1.9,1674.0,270.0,4.7,26,1750,61.6,8.6,1009.3,1021.3,1047.0,1018.2,1608.0,1019.6,13.6,12.2,1200.0,3.4,26.55,,,,,,0.5,0.0,18.3,-1.9,14.3,13.9,13.5,13.6,14.1,13.3,13.1,11.9,13.7,4.5,6.4,,,,2023,4,17,117,1,0,1,0
108,서울,2023-04-28,15.7,9.0,613,21.3,1444,0.6,2302.0,1.7,2251.0,2.83,1.9,9.1,230.0,1510.0,5.4,230.0,1515.0,2.1,1827.0,230.0,7.7,26,1253,62.0,10.7,1005.5,1019.5,111.0,1011.7,2358.0,1015.6,13.6,8.4,1100.0,3.28,21.25,,,,,,6.4,4.4,19.9,0.5,15.6,15.1,14.4,14.3,14.5,13.3,13.2,11.9,13.7,3.5,5.0,19.7,{햇무리}1330-1420. {비}2110-{비}{강도0}2400- {박무}2245-{박무}{강도2}2400-,,2023,4,17,118,1,0,1,1
108,서울,2023-04-29,13.2,9.9,2144,15.8,755,1.6,346.0,4.9,303.0,13.83,25.1,11.8,230.0,1658.0,6.4,270.0,1739.0,2.9,2464.0,250.0,11.2,68,1658,88.1,13.6,996.2,1011.7,1.0,1004.1,1409.0,1006.3,13.7,0.8,1400.0,1.75,6.04,,,,,,9.6,8.8,15.3,9.5,15.6,15.4,15.0,15.0,15.0,13.4,13.3,12.0,13.7,1.3,1.8,7.3,-{비}-{비}{강도1}0300-0555. -{박무}-{박무}{강도1}0300-{박무}{강도0}0600-{박무}{강도0}0900-{박무}{강도0}1200-1230. {비}0715-0850. {비}0910-{비}{강도0}1200-1350. {박무}1320-1410. {비}1950-{비}{강도0}2100-2130.,,2023,4,17,119,1,0,1,1
108,서울,2023-04-30,12.7,7.9,430,17.9,1507,0.1,,0.1,,2.92,0.1,11.2,250.0,1452.0,5.9,230.0,1459.0,3.3,2821.0,250.0,7.4,39,1318,72.9,10.4,999.6,1011.5,2344.0,1007.7,1635.0,1009.8,13.7,5.8,1000.0,2.69,19.71,,,,,,6.1,5.1,16.4,2.6,14.9,14.5,14.2,14.4,14.8,13.5,13.4,12.0,13.7,3.2,4.5,0.1,{비}1845-{비}{강도0}2100-2130. {비}2320-2330.,,2023,4,17,120,1,0,1,0
108,서울,2023-05-01,14.6,9.8,558,20.8,1623,,,,,,,9.9,250.0,1224.0,5.2,270.0,1338.0,2.5,2184.0,270.0,4.8,27,1652,57.0,8.8,1006.7,1021.0,2354.0,1011.5,1.0,1016.8,13.7,11.4,1100.0,3.45,26.8,,,,,,3.0,2.6,18.2,3.2,16.0,15.5,14.9,14.8,14.9,13.6,13.5,12.1,13.7,5.2,7.4,,{박무}0055-{박무}{강도0}0300-{박무}{강도0}0600-0735. {햇무리}0950-1015.,,2023,5,18,121,0,0,1,0
108,서울,2023-05-02,16.7,9.1,523,23.7,1552,,,,,,,6.5,320.0,2024.0,3.8,230.0,1628.0,2.1,1787.0,70.0,2.4,21,1402,40.5,7.3,1011.7,1023.8,943.0,1020.1,1934.0,1021.8,13.8,8.2,1200.0,3.16,21.58,,,,,,6.6,0.0,16.8,2.7,16.2,15.8,15.2,15.1,15.3,13.7,13.5,12.1,13.7,4.7,6.7,,{햇무리}1050-1245.,,2023,5,18,122,0,0,1,0
108,서울,2023-05-03,19.5,12.4,626,26.2,1509,,,,,,,9.0,250.0,1429.0,4.9,290.0,1719.0,2.1,1797.0,290.0,8.6,23,1407,52.5,11.6,1010.1,1022.2,1.0,1017.7,1630.0,1020.1,13.8,10.4,1200.0,3.45,26.2,,,,,,4.5,1.9,22.6,5.7,17.8,17.1,16.2,15.8,15.6,13.8,13.6,12.1,13.7,5.1,7.3,,{햇무리}1150-1230.,,2023,5,18,123,0,0,1,0
108,서울,2023-05-04,21.4,15.6,547,25.8,1435,,,,,,,7.5,110.0,2157.0,4.2,140.0,2216.0,2.1,1797.0,110.0,14.3,50,1419,65.5,16.3,1002.5,1019.4,2.0,1007.4,2339.0,1012.4,13.8,2.5,1200.0,2.87,16.89,,,,,,7.9,4.6,22.2,10.2,19.2,18.7,17.6,17.0,16.4,14.0,13.7,12.2,13.7,3.2,4.5,5.3,,,2023,5,18,124,0,0,1,0
108,서울,2023-05-05,18.4,15.5,2358,21.6,1,3.7,1539.0,9.3,1538.0,22.67,30.2,10.4,180.0,1502.0,5.5,50.0,2329.0,2.5,2186.0,50.0,17.6,61,4,95.3,20.2,992.0,1007.5,1.0,999.5,1540.0,1001.8,13.9,0.0,1300.0,0.24,1.74,,,,,,10.0,8.0,18.5,15.3,18.9,18.6,18.0,17.6,17.1,14.3,13.8,12.2,13.7,0.5,0.7,58.0,{비}0015-0250. {비}0335-{비}{강도0}0600-{비}{강도0}0900-1130. {박무}0935-1035. {비}1150-{비}{강도0}1200-{비}{강도0}1500-{비}{강도0}1800-{비}{강도0}2100-{비}{강도0}2400- {박무}1255-{박무}{강도1}1500-{박무}{강도1}1800-{박무}{강도1}2100-{박무}{강도0}2400-,,2023,5,18,125,0,0,1,1
108,서울,2023-05-06,12.6,11.7,838,15.5,1,2.4,251.0,9.3,230.0,16.42,47.5,15.9,50.0,737.0,8.6,50.0,745.0,5.4,4679.0,70.0,10.0,56,2337,85.6,12.5,996.3,1011.0,2151.0,1000.7,317.0,1006.5,13.9,0.0,1600.0,0.88,5.42,,,,,,9.3,7.8,13.2,10.2,16.0,16.0,16.2,16.6,17.2,14.6,13.9,12.3,13.7,1.7,2.4,14.4,-{박무}-0020. {박무}0220-{박무}{강도2}0300-{박무}{강도0}0600-{박무}{강도1}0900-1155. {비}{강도1}0300-{비}{강도1}0600-{비}{강도1}0900-{비}{강도1}1200-{비}{강도0}1500-1625.,,2023,5,18,126,0,0,1,1
108,서울,2023-05-07,14.4,11.1,2327,18.6,1635,,,,,,,9.1,110.0,111.0,4.8,50.0,12.0,2.6,2252.0,70.0,3.0,36,1658,47.1,7.6,1002.3,1014.9,2352.0,1010.9,1.0,1012.5,13.9,2.2,1600.0,1.56,12.18,,,,,,7.1,5.1,13.9,3.5,15.5,15.2,15.0,15.4,16.2,15.1,14.6,12.4,13.7,2.9,4.2,,,,2023,5,18,127,0,0,1,0
108,서울,2023-05-08,15.3,7.9,547,22.0,1340,,,,,,,8.1,250.0,1636.0,4.8,270.0,1639.0,2.2,1934.0,270.0,5.7,31,1342,55.3,9.2,1006.0,1017.5,2308.0,1014.9,1.0,1016.2,14.0,12.7,1200.0,3.62,28.55,,,,,,2.4,0.0,18.1,2.5,16.1,15.7,15.2,15.3,15.8,15.0,14.7,12.5,13.7,5.4,7.7,,,,2023,5,19,128,0,0,1,0
108,서울,2023-05-09,17.0,10.0,550,24.4,1500,,,,,,,9.8,250.0,1631.0,5.1,250.0,1639.0,2.3,1974.0,270.0,7.3,31,1433,55.4,10.2,1005.8,1018.0,651.0,1013.3,1617.0,1015.9,14.0,12.8,1200.0,3.48,28.29,,,,,,0.9,0.0,20.5,4.0,17.3,16.8,16.2,16.1,16.1,14.9,14.7,12.5,13.7,5.6,8.0,,,,2023,5,19,129,0,0,1,0
108,서울,2023-05-10,18.4,10.7,551,26.0,1546,,,,,,,5.8,250.0,1426.0,3.7,270.0,1439.0,1.8,1512.0,290.0,7.8,25,1647,53.3,10.6,1006.2,1017.9,816.0,1014.3,1622.0,1016.3,14.0,12.7,1200.0,3.23,25.58,,,,,,2.5,0.0,21.3,4.0,18.1,17.7,17.0,16.7,16.6,14.9,14.7,12.5,13.7,5.3,7.6,,{박무}0245-{박무}{강도0}0300-{박무}{강도0}0600-0610. {햇무리}0950-1450.,,2023,5,19,130,0,0,1,0
108,서울,2023-05-11,19.5,12.8,545,26.7,1423,,,,,,,8.1,320.0,1417.0,4.6,270.0,1633.0,2.3,1946.0,270.0,8.0,26,1606,50.1,10.8,1007.2,1018.9,751.0,1015.3,1748.0,1017.2,14.1,12.9,1200.0,3.39,27.64,,,,,,2.9,0.0,23.7,6.9,19.1,18.6,17.8,17.3,17.0,15.0,14.7,12.6,13.7,5.8,8.3,,,,2023,5,19,131,0,0,1,0
108,서울,2023-05-12,18.4,13.1,551,24.7,1426,,,,,,,6.4,270.0,1437.0,3.6,250.0,1443.0,1.8,1558.0,270.0,7.0,24,1417,50.9,10.1,1006.2,1018.1,738.0,1013.4,1800.0,1016.2,14.1,6.7,1300.0,2.59,19.9,,,,,,5.0,2.4,21.7,5.8,19.0,18.6,18.0,17.7,17.5,15.2,14.8,12.6,13.7,4.5,6.4,,,,2023,5,19,132,0,0,1,0
108,서울,2023-05-13,17.8,12.6,608,23.9,1417,0.0,,0.0,,0.17,0.0,9.2,290.0,1731.0,4.7,290.0,1740.0,2.0,1701.0,290.0,10.0,35,1344,62.0,12.3,1002.5,1016.4,1.0,1010.0,1857.0,1012.5,14.1,8.8,1200.0,3.54,23.86,,,,,,3.6,2.4,24.2,5.5,19.1,18.8,18.1,17.8,17.6,15.4,14.9,12.6,13.7,4.4,6.3,0.0,{박무}0510-{박무}{강도0}0600-{박무}{강도0}0900-0920. {비}2210-2220.,,2023,5,19,133,0,0,1,0
108,서울,2023-05-14,18.1,12.9,520,23.8,1400,,,,,,,8.0,180.0,1208.0,4.7,180.0,1210.0,2.0,1705.0,270.0,8.7,35,1310,56.5,11.3,999.0,1011.0,1.0,1007.2,1745.0,1009.0,14.2,9.6,1300.0,3.52,25.41,,,,,,1.6,1.6,24.3,5.7,19.5,19.1,18.4,18.1,17.9,15.6,15.0,12.7,13.7,4.9,7.0,,,,2023,5,19,134,0,0,1,0
108,서울,2023-05-15,20.6,12.8,520,27.9,1546,,,,,,,7.6,200.0,1604.0,4.6,230.0,1801.0,2.4,2042.0,230.0,10.4,32,1307,54.6,12.6,997.9,1009.7,2357.0,1005.6,1650.0,1007.8,14.2,11.6,1200.0,3.44,26.49,,,,,,2.0,0.6,25.0,6.4,20.3,19.7,18.9,18.5,18.2,15.8,15.1,12.7,13.7,5.9,8.4,,,,2023,5,20,135,0,0,1,0
108,서울,2023-05-16,24.0,17.2,515,31.2,1436,,,,,,,9.2,180.0,1547.0,5.0,180.0,1635.0,2.5,2175.0,200.0,12.9,33,1453,51.9,14.9,999.9,1012.3,2331.0,1007.9,1630.0,1009.7,14.2,12.1,1200.0,3.43,27.62,,,,,,2.1,0.0,30.3,11.6,22.0,21.3,20.1,19.4,18.7,16.0,15.2,12.8,13.7,6.6,9.4,,,,2023,5,20,136,0,0,1,0
108,서울,2023-05-17,23.5,18.6,442,28.7,1310,,,,,,,13.1,230.0,1455.0,7.2,230.0,1405.0,3.4,2952.0,230.0,15.5,34,1209,63.6,17.9,1002.5,1013.6,2153.0,1011.1,1545.0,1012.3,14.2,11.4,1300.0,3.43,27.59,,,,,,4.6,2.9,30.7,12.0,22.8,22.1,21.1,20.3,19.5,16.2,15.4,12.8,13.7,6.1,8.7,,,,2023,5,20,137,0,0,1,0
108,서울,2023-05-18,21.2,18.8,2358,27.6,1326,0.7,1415.0,1.3,1405.0,0.83,1.3,11.9,200.0,1409.0,4.6,180.0,1414.0,2.1,1841.0,50.0,16.3,48,1331,74.8,18.6,1000.3,1012.6,3.0,1008.1,1755.0,1010.2,14.3,1.4,1200.0,3.44,13.7,,,,,,7.1,5.5,21.6,14.0,22.5,22.1,21.3,20.7,20.2,16.6,15.5,12.9,13.7,3.3,4.7,1.3,{박무}0505-{박무}{강도0}0600-0615. {비}1405-1455.,,2023,5,20,138,0,0,1,1
108,서울,2023-05-19,22.3,16.7,531,27.8,1409,,,,,,,8.5,90.0,1101.0,4.5,50.0,941.0,2.3,2024.0,50.0,14.1,41,1424,61.4,16.1,998.9,1010.0,2134.0,1006.9,1637.0,1008.7,14.3,9.4,1300.0,3.67,25.57,,,,,,2.4,2.3,27.2,12.5,22.3,21.8,20.9,20.4,20.1,16.9,15.7,12.9,13.7,4.9,7.0,,,,2023,5,20,139,0,0,1,0
108,서울,2023-05-20,21.2,16.6,2313,26.7,1200,,,,,,,12.7,270.0,1609.0,6.7,230.0,1557.0,3.0,2571.0,50.0,14.4,51,1300,66.9,16.5,999.7,1011.2,741.0,1007.5,1752.0,1009.6,14.3,9.7,1300.0,3.11,25.72,,,,,,5.0,2.6,28.7,12.5,23.0,22.4,21.4,20.9,20.4,17.2,15.9,13.0,13.7,4.8,6.8,0.2,,,2023,5,20,140,0,0,1,0
108,서울,2023-05-21,17.8,15.3,603,21.9,1608,0.2,,0.2,,5.58,0.2,9.5,200.0,1538.0,4.8,200.0,1210.0,3.0,2571.0,230.0,12.7,46,1419,74.0,14.7,999.1,1010.0,117.0,1008.3,1615.0,1009.1,14.3,5.8,1200.0,3.22,20.72,,,,,,9.0,7.4,24.5,14.3,22.2,21.9,21.2,20.9,20.7,17.4,16.1,13.0,13.7,3.8,5.4,,{비}0225-{비}{강도0}0300-0555. {박무}0240-{박무}{강도1}0300-0420. {안개비}0645-0850. {박무}0650-0750. {황사}1245-{황사}{강도0}1500-{황사}{강도0}1800-{황사}{강도0}2100-{황사}{강도0}2400-,,2023,5,20,141,0,0,1,0
108,서울,2023-05-22,20.3,15.9,412,26.8,1622,0.0,,0.0,,0.33,0.0,6.9,270.0,1904.0,4.2,250.0,1834.0,1.9,1658.0,270.0,12.0,31,1528,61.3,14.0,997.7,1009.3,1.0,1005.4,1629.0,1007.5,14.4,7.9,1300.0,3.4,23.93,,,,,,6.3,4.3,25.9,13.1,22.5,22.0,21.1,20.8,20.7,17.7,16.3,13.1,13.7,5.1,7.3,0.0,-{황사}-{황사}{강도0}0300-{황사}{강도0}0600-{황사}{강도0}0900-{황사}{강도0}1200-{황사}{강도0}1500-{황사}{강도0}1800-{황사}{강도0}2100-{황사}{강도0}2400- {소나기}1955-2015.,,2023,5,21,142,0,0,1,0
108,서울,2023-05-23,20.5,14.1,534,26.9,1650,,,,,,,10.0,250.0,1434.0,4.4,340.0,1633.0,2.2,1935.0,270.0,8.6,27,1607,48.0,11.2,999.8,1012.2,2309.0,1008.0,1536.0,1009.6,14.4,13.2,1200.0,3.68,29.85,,,,,,0.6,0.6,28.6,6.6,22.8,22.2,21.4,21.0,20.9,17.9,16.5,13.1,13.7,6.0,8.5,,-{황사}-0150.,,2023,5,21,143,0,0,1,0
108,서울,2023-05-24,20.6,14.8,535,25.9,1329,,,,,,,7.7,200.0,1403.0,3.8,200.0,1407.0,2.0,1734.0,270.0,9.3,34,1422,49.8,11.7,1003.8,1015.5,2336.0,1012.0,13.0,1013.7,14.4,6.2,1200.0,2.65,19.16,,,,,,7.0,0.0,25.1,7.3,22.2,21.8,21.2,21.0,21.1,18.0,16.7,13.2,13.7,4.5,6.4,,,,2023,5,21,144,0,0,1,0
108,서울,2023-05-25,21.2,15.7,534,27.4,1403,0.0,,0.0,,0.17,0.0,9.0,290.0,1610.0,5.6,270.0,1556.0,2.4,2064.0,270.0,8.5,27,1343,46.6,11.1,1005.6,1017.3,743.0,1013.5,1749.0,1015.5,14.4,10.4,1200.0,3.62,27.9,,,,,,5.4,2.3,29.0,8.4,22.9,22.1,21.2,20.9,20.9,18.2,16.9,13.3,13.7,6.4,9.1,0.5,{비}2350-{비}{강도0}2400-,,2023,5,21,145,0,0,1,0
108,서울,2023-05-26,21.4,15.8,544,27.3,1522,0.4,35.0,0.5,-2345.0,2.0,0.5,7.9,340.0,26.0,4.9,320.0,30.0,2.1,1823.0,270.0,12.2,38,1357,57.4,14.2,1007.5,1018.3,733.0,1016.4,1.0,1017.4,14.5,10.7,1200.0,3.53,26.25,,,,,,7.0,1.9,29.7,11.5,23.3,22.7,21.7,21.3,21.2,18.4,17.0,13.3,13.8,4.9,7.0,0.0,-{비}-0145. {비}0235-0250.,,2023,5,21,146,0,0,1,0
108,서울,2023-05-27,19.3,18.6,431,20.7,851,2.0,1900.0,5.8,1810.0,15.5,31.8,5.9,270.0,1206.0,3.3,250.0,1212.0,1.7,1457.0,50.0,16.9,65,3,87.4,19.4,1006.8,1018.9,1127.0,1014.7,2358.0,1016.8,14.5,0.0,800.0,0.39,3.13,,,,,,9.6,6.6,19.6,13.6,21.3,21.3,21.1,21.2,21.5,18.5,17.2,13.4,13.8,0.7,0.9,46.5,{비}0830-{비}{강도0}0900-{비}{강도1}1200-{비}{강도0}1500-{비}{강도1}1800-{비}{강도0}2100-{비}{강도0}2400- {박무}1055-{박무}{강도1}1200-{박무}{강도1}1500-{박무}{강도1}1800-{박무}{강도1}2100-{박무}{강도0}2400-,,2023,5,21,147,0,0,1,1
108,서울,2023-05-28,19.2,18.4,649,20.2,1315,1.6,133.0,4.9,56.0,24.0,41.8,10.3,180.0,416.0,5.3,180.0,420.0,1.8,1565.0,50.0,18.9,83,1307,98.9,21.9,1001.9,1014.7,1.0,1010.6,1642.0,1011.8,14.5,0.0,1300.0,0.44,2.46,,,,,,10.0,8.8,19.6,18.0,20.3,20.2,19.8,20.1,20.7,18.7,17.3,13.5,13.8,0.6,0.8,29.4,-{비}-{비}{강도0}0300-{비}{강도0}0600-{비}{강도0}0900-{비}{강도0}1200-{비}{강도0}1500-{비}{강도0}1800-{비}{강도0}2100-{비}{강도0}2400- -{박무}-{박무}{강도1}0300-{박무}{강도2}0600-{박무}{강도1}0900-{박무}{강도1}1200-{박무}{강도0}1500-{박무}{강도0}1800-1950. {박무}2240-{박무}{강도0}2400-,,2023,5,21,148,0,0,1,1
108,서울,2023-05-29,23.2,19.0,1,28.5,1646,0.4,102.0,1.4,35.0,7.5,2.3,4.9,20.0,1250.0,3.0,270.0,1927.0,1.6,1355.0,50.0,19.9,58,1632,83.4,23.2,999.9,1011.2,1.0,1008.4,1527.0,1009.7,14.5,4.1,1500.0,2.21,15.87,,,,,,6.8,5.4,24.2,18.3,22.1,21.6,20.5,20.2,20.4,18.8,17.5,13.5,13.8,3.0,4.2,,-{비}-{비}{강도0}0300-{비}{강도0}0600-0730. -{박무}-{박무}{강도0}0300-0450. {박무}2315-{박무}{강도0}2400-,,2023,5,22,149,0,0,1,1
108,서울,2023-05-30,24.0,20.5,543,28.9,1454,,,,,,,8.5,20.0,1051.0,4.9,20.0,1656.0,2.2,1913.0,50.0,17.6,48,1502,69.5,20.2,999.7,1011.0,1.0,1007.7,1823.0,1009.4,14.5,3.7,1200.0,3.48,18.2,,,,,,6.5,5.1,25.6,15.7,23.5,23.1,21.9,21.4,21.1,18.8,17.8,13.6,13.8,4.3,6.1,,-{박무}-{박무}{강도0}0300-{박무}{강도0}0600-0845.,,2023,5,22,150,0,0,1,0
108,서울,2023-05-31,22.8,18.8,506,28.2,1625,,,,,,,8.4,110.0,956.0,4.3,110.0,1016.0,2.5,2186.0,50.0,14.5,45,1126,60.8,16.6,1000.0,1012.3,812.0,1007.6,1711.0,1009.8,14.6,7.1,1100.0,3.41,23.98,,,,,,6.5,4.1,25.8,14.8,23.7,23.3,22.2,21.7,21.5,18.9,17.9,13.7,13.8,4.8,6.8,,,,2023,5,22,151,0,0,1,0
108,서울,2023-06-01,22.8,19.7,528,26.3,1707,,,,,,,5.7,340.0,1634.0,3.4,270.0,2152.0,1.9,1612.0,290.0,16.1,56,1833,66.9,18.3,995.6,1009.3,1.0,1002.1,1742.0,1005.3,14.6,2.2,1100.0,2.32,15.18,,,,,,8.3,3.6,24.3,17.1,23.5,23.1,22.4,22.0,21.9,19.1,18.0,13.8,13.8,3.0,4.3,,,,2023,6,22,152,0,0,1,0
108,서울,2023-06-02,20.4,17.9,601,25.0,1648,0.0,,0.0,,0.17,0.0,7.0,250.0,1712.0,4.7,250.0,1853.0,2.3,2019.0,250.0,16.1,59,1636,77.4,18.3,992.5,1005.1,2356.0,1000.7,1621.0,1002.3,14.6,5.2,1400.0,2.85,14.24,,,,,,3.5,3.1,23.3,13.9,22.6,22.3,21.7,21.7,21.8,19.2,18.1,13.9,13.8,3.0,4.3,0.0,{박무}0655-0735. {안개비}1310-1320.,,2023,6,22,153,0,0,1,0
108,서울,2023-06-03,22.0,16.6,607,27.8,1423,,,,,,,10.6,200.0,1648.0,6.0,290.0,1315.0,2.7,2315.0,270.0,13.0,31,1359,60.1,15.1,997.8,1009.5,2336.0,1005.1,1.0,1007.6,14.6,13.3,1200.0,3.7,31.19,,,,,,2.1,0.1,28.3,10.9,23.1,22.6,21.8,21.5,21.5,19.3,18.2,14.0,13.8,6.8,9.7,,,,2023,6,22,154,0,0,1,0
108,서울,2023-06-04,22.1,16.9,537,28.0,1627,,,,,,,9.1,230.0,1245.0,5.7,250.0,1301.0,2.4,2060.0,250.0,13.3,28,1729,61.0,15.4,1000.1,1011.0,825.0,1007.8,1613.0,1009.9,14.6,11.1,1200.0,3.46,28.74,,,,,,3.3,0.5,29.1,11.5,23.6,23.2,22.3,22.0,21.8,19.4,18.3,14.1,13.9,6.1,8.7,,{박무}0335-{박무}{강도0}0600-0610.,,2023,6,22,155,0,0,1,0
108,서울,2023-06-05,21.5,17.6,532,26.3,1532,,,,,,,10.8,200.0,1549.0,5.5,250.0,1729.0,2.6,2273.0,250.0,14.7,47,1502,66.9,16.8,1000.3,1011.0,2230.0,1008.9,1634.0,1010.2,14.6,10.9,1200.0,3.2,26.6,,,,,,4.4,1.9,29.1,11.8,23.9,23.5,22.6,22.3,22.1,19.5,18.4,14.1,13.9,4.9,7.1,,,,2023,6,23,156,0,0,1,0
108,서울,2023-06-06,20.3,17.3,537,25.2,1335,0.0,,0.0,,0.92,0.0,9.8,270.0,1458.0,5.5,290.0,1426.0,2.6,2248.0,270.0,15.1,50,1342,72.9,17.1,997.3,1010.7,1.0,1004.8,1657.0,1007.1,14.7,7.9,1300.0,3.12,21.98,,,,,,6.1,5.5,24.5,12.9,23.7,23.3,22.5,22.3,22.3,19.6,18.5,14.2,13.9,3.8,5.5,0.0,{소나기}1430-{소나기}{강도0}1500-1525.,,2023,6,23,157,0,0,1,0
108,서울,2023-06-07,21.4,18.9,332,25.7,1723,0.0,,0.0,,1.17,0.0,6.5,140.0,1457.0,3.6,180.0,1716.0,2.1,1809.0,160.0,16.8,63,1600,75.3,19.1,998.0,1009.5,903.0,1006.2,1720.0,1007.9,14.7,1.0,1400.0,1.82,10.07,,,,,,8.9,7.1,24.1,16.8,23.2,22.8,22.2,22.1,22.3,19.8,18.6,14.3,13.9,2.2,3.1,0.0,{안개비}0930-1040. {연무}1450-{연무}{강도0}1500-1510.,,2023,6,23,158,0,0,1,0
108,서울,2023-06-08,20.4,18.3,2339,23.9,1613,0.7,2300.0,1.5,2251.0,5.33,1.9,8.4,230.0,1136.0,4.9,250.0,1830.0,2.4,2077.0,270.0,16.8,65,1616,80.5,19.2,994.3,1007.8,428.0,1001.3,2249.0,1004.1,14.7,0.9,1500.0,1.47,10.19,,,,,,8.4,5.9,23.5,14.4,22.5,22.3,21.8,21.8,22.1,19.9,18.7,14.3,13.9,2.2,3.2,3.1,{박무}0320-0415. {비}1155-{비}{강도0}1200-1215. {비}1330-1450. {비}2020-{비}{강도0}2100-{비}{강도0}2400- {박무}2335-{박무}{강도0}2400-,,2023,6,23,159,0,0,1,1
108,서울,2023-06-09,23.3,18.3,524,28.4,1646,0.5,20.0,0.6,113.0,3.42,1.2,7.7,270.0,113.0,4.4,200.0,27.0,2.0,1689.0,250.0,15.1,32,1551,64.0,17.4,993.1,1003.8,806.0,1001.1,141.0,1002.8,14.7,11.8,1100.0,3.54,28.15,,,,,,4.6,3.4,30.3,15.2,23.9,23.4,22.2,21.8,21.9,19.9,18.8,14.4,13.9,5.3,7.6,,-{비}-{비}{강도0}0300-0325. -{박무}-{박무}{강도0}0300-{박무}{강도0}0600-0610.,,2023,6,23,160,0,0,1,1
108,서울,2023-06-10,23.2,19.6,2332,28.5,1248,0.6,2258.0,1.7,2331.0,1.83,0.8,12.6,290.0,1617.0,7.5,290.0,1618.0,2.3,2002.0,200.0,17.1,48,1251,70.0,19.5,994.4,1006.3,2348.0,1002.9,1534.0,1004.2,14.7,5.6,1100.0,2.89,18.18,,,,,,6.9,4.9,26.6,14.8,24.3,23.9,23.0,22.6,22.4,19.9,18.9,14.5,14.0,3.5,5.1,33.0,[{우박}](d 1.0)(NW 4)/서대문구/조선일보1430-1450. {비}1550-1620. {비}2240-{비}{강도0}2400-,,2023,6,23,161,0,0,1,0
108,서울,2023-06-11,22.1,17.9,422,27.3,1710,9.5,355.0,16.1,312.0,5.42,32.2,5.9,270.0,1912.0,3.9,320.0,1238.0,2.2,1863.0,50.0,17.3,53,1625,76.1,19.8,995.0,1006.2,42.0,1003.1,1712.0,1004.8,14.7,6.4,1100.0,2.99,21.1,,,,,,6.1,5.6,23.6,16.0,23.5,23.2,22.4,22.3,22.5,20.1,19.0,14.5,14.0,3.9,5.6,0.0,{박무}0005-0130. {박무}0225- -{비}-{비}{강도1}0300-{시정(미만)}{1km}{비}0357-{시정(이상)}{1km}{비}0409-0440. {박무}{강도2}0300-0450. {비}0625-0645. {소나기}1240-1305.,,2023,6,23,162,0,0,1,1
108,서울,2023-06-12,22.2,18.4,610,27.5,1353,0.0,,0.0,,1.92,0.0,7.6,270.0,1432.0,4.5,290.0,1616.0,1.7,1505.0,270.0,16.3,47,1345,70.5,18.5,995.3,1006.6,802.0,1003.4,1859.0,1005.0,14.7,6.7,1300.0,2.86,19.9,,,,,,6.6,3.5,24.3,14.1,23.8,23.5,22.6,22.4,22.6,20.2,19.0,14.6,14.0,3.9,5.5,0.0,{박무}0430-{박무}{강도0}0600-0705. {비}1630-1650. {비}1715-{비}{강도0}1800-1850.,,2023,6,24,163,0,0,1,0
108,서울,2023-06-13,22.0,19.2,556,26.0,1313,0.0,,0.0,,0.5,0.0,9.0,270.0,1417.0,5.0,290.0,1644.0,2.2,1917.0,270.0,16.1,50,1447,70.0,18.3,994.1,1004.8,1.0,1002.6,1538.0,1003.9,14.7,9.9,1300.0,3.25,25.43,,,,,,3.9,2.9,28.2,14.1,24.3,23.9,22.9,22.6,22.6,20.3,19.1,14.7,14.0,4.4,6.3,,{비}0135-0155. {비}0305-0315. {박무}0550-{박무}{강도0}0600-0620.,,2023,6,24,164,0,0,1,0
108,서울,2023-06-14,20.6,17.5,508,25.0,1258,12.7,1412.0,30.6,1355.0,2.25,30.6,6.7,340.0,1413.0,3.6,180.0,1425.0,1.5,1293.0,270.0,16.9,53,1306,80.3,19.3,995.6,1006.9,2255.0,1003.8,37.0,1005.5,14.8,4.2,900.0,1.89,13.12,,,,,,4.1,3.9,20.3,13.6,22.6,22.6,22.4,22.5,22.8,20.4,19.2,14.7,14.0,2.5,3.5,30.6,{박무}0410-0550. {소나기}1335-{소나기}{강도2}1500-1550.,,2023,6,24,165,0,0,1,1
108,서울,2023-06-15,22.7,17.7,545,28.3,1516,,,,,,,8.2,270.0,1635.0,4.7,270.0,1642.0,2.1,1837.0,270.0,16.7,50,1517,70.8,19.1,998.1,1010.3,2357.0,1006.3,1552.0,1007.9,14.8,8.8,1100.0,3.43,25.05,,,,,,2.9,1.6,26.5,14.4,23.4,23.1,22.1,22.0,22.3,20.6,19.3,14.8,14.1,4.7,6.8,,,,2023,6,24,166,0,0,1,0
108,서울,2023-06-16,23.7,19.1,501,28.9,1535,,,,,,,6.8,270.0,1711.0,4.2,250.0,1952.0,2.1,1827.0,250.0,16.0,45,1634,64.4,18.3,1002.7,1013.8,1025.0,1010.3,1.0,1012.5,14.8,12.5,1200.0,3.59,29.89,,,,,,0.9,0.0,27.8,15.1,24.8,24.4,23.2,22.7,22.7,20.6,19.6,14.9,14.1,6.2,8.8,,{박무}0155-{박무}{강도0}0300-{박무}{강도0}0600-0755.,,2023,6,24,167,0,0,1,0
108,서울,2023-06-17,24.2,18.9,540,30.2,1515,,,,,,,6.3,290.0,1809.0,4.1,290.0,1813.0,2.0,1757.0,270.0,14.7,39,1319,57.1,16.8,1002.5,1014.4,345.0,1010.4,1749.0,1012.3,14.8,10.8,1100.0,3.39,27.4,,,,,,4.4,0.0,28.7,13.3,25.1,24.8,23.8,23.4,23.2,20.7,19.7,15.0,14.1,5.6,8.0,,,,2023,6,24,168,0,0,1,0
108,서울,2023-06-18,25.9,20.8,518,32.6,1636,,,,,,,6.6,250.0,1643.0,4.1,290.0,1740.0,2.0,1758.0,270.0,17.4,43,1601,60.5,19.8,997.2,1010.7,1.0,1004.2,1632.0,1006.9,14.8,12.3,1200.0,3.48,28.79,,,,,,3.4,0.0,31.6,17.6,26.2,25.8,24.5,23.8,23.6,20.8,19.7,15.1,14.1,6.4,9.1,,,,2023,6,24,169,0,0,1,0
108,서울,2023-06-19,28.5,23.3,353,34.0,1455,,,,,,,7.3,270.0,122.0,4.3,250.0,2015.0,2.2,1903.0,50.0,19.0,42,1328,57.8,22.0,995.7,1006.9,831.0,1003.1,1627.0,1005.3,14.8,11.0,1200.0,3.23,25.29,,,,,,3.3,0.0,32.8,18.6,27.2,26.8,25.4,24.6,24.1,21.0,19.8,15.2,14.2,5.3,7.6,,,,2023,6,25,170,0,0,1,0
108,서울,2023-06-20,24.7,21.4,2356,26.4,1040,2.3,2352.0,6.4,2331.0,6.83,6.4,9.7,50.0,1308.0,5.3,50.0,1317.0,1.9,1646.0,70.0,17.3,51,1211,64.5,19.8,994.1,1005.9,1215.0,1001.6,1526.0,1003.8,14.8,0.0,1000.0,0.69,5.89,,,,,,8.8,4.4,23.7,19.0,25.5,25.5,24.9,24.8,24.7,21.3,19.9,15.2,14.2,1.7,2.4,30.4,{비}1215-{비}{강도0}1500-1630. {비}2125-{비}{강도1}2400-,,2023,6,25,171,0,0,1,1
108,서울,2023-06-21,20.5,19.2,344,22.1,1522,3.3,339.0,8.4,302.0,14.67,24.9,6.0,50.0,150.0,3.5,70.0,326.0,2.1,1855.0,50.0,19.2,83,2122,92.6,22.3,991.2,1003.4,1.0,999.8,1643.0,1001.0,14.8,0.0,1200.0,0.81,4.79,,,,,,9.4,8.1,21.9,17.9,23.0,23.1,22.8,23.2,24.0,21.5,20.1,15.3,14.2,1.4,2.0,0.9,{박무}0010-{박무}{강도1}0300-{박무}{강도1}0600-0850. -{비}-{비}{강도0}0300-{비}{강도0}0600-{비}{강도0}0900-{비}{강도0}1200-1255. {박무}0905-1130. {박무}1205-1245. {안개비}1325-1415. {박무}1340-1410. {비}1425-1450. {비}1825-1855.,,2023,6,25,172,0,0,1,1
108,서울,2023-06-22,22.5,18.9,524,26.4,1529,0.0,,0.0,,0.25,0.0,8.4,250.0,1454.0,4.9,270.0,1446.0,2.2,1938.0,250.0,18.1,61,1332,77.1,20.9,993.6,1005.7,2335.0,1001.8,1540.0,1003.3,14.8,6.9,1000.0,2.74,21.48,,,,,,6.3,6.3,26.2,17.8,23.8,23.5,22.6,22.6,23.2,21.5,20.2,15.4,14.2,3.5,4.9,0.0,{소나기}1750-{소나기}{강도0}1800-1805. {박무}2255-{박무}{강도0}2400-,,2023,6,25,173,0,0,1,0
108,서울,2023-06-23,24.4,20.0,309,29.9,1650,,,,,,,4.9,360.0,1547.0,3.2,290.0,1815.0,1.5,1255.0,270.0,19.8,50,1653,76.6,23.1,999.1,1011.7,2337.0,1005.5,14.0,1008.8,14.8,5.3,1400.0,3.15,18.74,,,,,,5.0,5.0,26.2,17.6,24.8,24.5,23.4,23.1,23.5,21.5,20.3,15.4,14.3,3.9,5.6,,-{박무}-0125. {박무}0505-{박무}{강도0}0600-0830.,,2023,6,25,174,0,0,1,0
108,서울,2023-06-24,26.4,21.9,514,31.1,1540,,,,,,,6.8,320.0,2034.0,4.0,320.0,2035.0,2.0,1746.0,270.0,20.4,55,1408,70.5,24.0,1003.4,1014.2,813.0,1011.7,1.0,1013.1,14.8,9.7,1100.0,2.81,21.93,,,,,,1.5,1.4,27.4,19.3,25.8,25.5,24.2,23.8,23.8,21.5,20.4,15.5,14.3,4.3,6.2,,,,2023,6,25,175,0,0,1,0
108,서울,2023-06-25,28.2,22.8,545,33.1,1529,,,,,,,6.5,110.0,2136.0,4.0,160.0,1632.0,2.1,1795.0,140.0,20.5,47,1557,64.9,24.2,1001.2,1013.8,1.0,1008.2,1835.0,1010.8,14.8,8.7,1100.0,3.29,23.62,,,,,,5.8,3.0,30.8,19.7,27.0,26.6,25.2,24.6,24.3,21.6,20.5,15.5,14.3,4.8,6.9,14.9,,,2023,6,25,176,0,0,1,0
108,서울,2023-06-26,24.2,22.3,606,27.5,1,4.2,554.0,11.1,517.0,13.25,30.3,10.2,230.0,1701.0,6.0,180.0,1739.0,2.9,2529.0,200.0,22.0,59,39,88.6,26.4,995.8,1008.5,1.0,1004.2,1914.0,1005.5,14.8,0.0,1500.0,0.59,3.39,,,,,,10.0,7.5,24.0,20.9,25.4,25.4,24.8,24.8,24.9,21.8,20.6,15.6,14.3,1.2,1.7,17.9,{비}0325-{시정(미만)}{1km}{비}0558-{비}{강도1}0600-{시정(이상)}{1km}{비}0609-{비}{강도0}0900-1030. {비}1320-{비}{강도1}1500-1525. {박무}1405-{박무}{강도0}1500-1530. {비}1845-2040. {비}2110-2320.,,2023,6,26,177,0,0,1,1
108,서울,2023-06-27,25.3,21.4,525,29.1,1657,1.0,153.0,2.5,113.0,2.5,2.5,11.0,270.0,159.0,6.1,200.0,24.0,3.2,2731.0,230.0,19.8,51,1816,73.1,23.1,998.0,1009.1,2243.0,1003.9,100.0,1007.7,14.8,6.8,1200.0,3.08,20.95,,,,,,6.5,6.5,27.6,20.6,25.8,25.5,24.3,24.1,24.4,22.0,20.7,15.7,14.4,4.1,5.9,0.0,{비}0010-0240.,,2023,6,26,178,0,0,1,1
108,서울,2023-06-28,26.5,24.2,447,30.1,1453,0.0,,0.0,,0.5,0.0,6.8,180.0,1536.0,4.1,200.0,1411.0,2.5,2146.0,230.0,22.0,60,1457,77.4,26.5,997.2,1008.9,133.0,1005.5,1445.0,1006.8,14.8,3.8,1400.0,2.79,18.56,,,,,,8.1,8.0,28.5,23.3,27.0,26.6,25.2,24.8,24.7,22.2,20.9,15.8,14.4,3.6,5.1,3.9,{소나기}0010-0020. {박무}0105-{박무}{강도0}0300-{박무}{강도0}0600-0840. {소나기}0650-0710. {박무}2040-{박무}{강도0}2100-{박무}{강도0}2400-,,2023,6,26,179,0,0,1,0
108,서울,2023-06-29,24.2,23.2,2343,25.9,7,11.2,1115.0,33.8,1042.0,17.83,63.8,10.3,230.0,1122.0,4.9,200.0,1127.0,2.3,1958.0,200.0,23.4,85,2,95.4,28.8,990.8,1005.7,1.0,996.8,1742.0,1000.5,14.8,0.0,1200.0,0.58,2.31,,,,,,10.0,9.3,24.6,22.8,25.8,25.7,25.0,25.0,25.2,22.3,21.1,16.0,14.4,0.6,0.9,60.5,-{박무}-{박무}{강도0}0300-{박무}{강도0}0600-{박무}{강도2}0900-1155. {안개비}0340-0355. {비}0625-{비}{강도0}0900-{시정(미만)}{1km}{비}1050-{시정(이상)}{1km}{비}1055-{시정(미만)}{1km}{비}1110-{시정(미만)}{0.5km}{비}1121-{시정(이상)}{0.5km}{비}1132-{시정(이상)}{1km}{비}1139-{비}{강도2}1200-{비}{강도1}1500-{비}{강도0}1800-{시정(미만)}{1km}{비}1920-{시정(이상)}{1km}{비}1935-{비}{강도0}2100-{안개비}2210-{안개비}{강도0}2400- {박무}1310-{박무}{강도1}1500-1605. {박무}1645-{박무}{강도1}1800-{박무}{강도2}2100-{시정(미만)}{1km}{안개}2330-{안개}{강도0}2400-,0.5,2023,6,26,180,0,0,1,1
108,서울,2023-06-30,25.3,23.2,1,29.1,1603,0.2,,0.4,7.0,11.92,1.0,5.9,200.0,143.0,3.3,250.0,1753.0,1.8,1595.0,250.0,23.3,72,1616,89.8,28.6,990.2,1002.6,2332.0,997.9,329.0,999.8,14.7,1.4,1500.0,2.1,10.02,,,,,,7.4,7.1,26.5,22.2,25.7,25.4,24.4,24.4,25.0,23.0,22.0,17.2,14.5,2.3,3.3,0.4,-{박무}-{시정(이상)}{1km}{박무}0033-{시정(미만)}{1km}{안개}0153-{안개}{강도0}0300-{시정(이상)}{1km}{박무}0332-{박무}{강도2}0600-{박무}{강도0}0900-1050. -{안개비}-{안개비}{강도1}0300-{안개비}{강도0}0600-{안개비}{강도0}0900-0930. {안개비}1055-{비}1120-{비}{강도0}1200-1245. {박무}1115-{박무}{강도0}1200-{박무}{강도0}1500-1705. {비}1335-1410. {박무}2330-{박무}{강도0}2400-,2.2,2023,6,26,181,0,0,1,1
108,서울,2023-07-01,27.7,23.3,321,32.9,1459,,,,,,,7.1,270.0,1729.0,4.5,270.0,1736.0,2.0,1741.0,250.0,23.0,58,1412,76.9,28.1,995.5,1007.4,2336.0,1002.5,6.0,1005.0,14.7,12.4,1300.0,3.6,29.21,,,,,,1.4,1.4,31.2,20.3,27.6,27.2,25.6,25.1,25.0,22.9,22.0,17.2,14.5,5.7,8.1,,-{박무}-0010. {박무}0205-{박무}{강도0}0300-{박무}{강도0}0600-0755.,,2023,7,26,182,0,0,1,0
108,서울,2023-07-02,26.7,23.5,543,30.6,1617,,,,,,,5.7,270.0,919.0,3.3,250.0,907.0,1.9,1651.0,270.0,22.7,64,1629,79.5,27.6,998.3,1009.9,901.0,1006.0,1612.0,1008.0,14.7,4.3,1300.0,2.36,19.16,,,,,,6.6,2.1,28.4,20.3,27.7,27.4,26.2,25.8,25.7,23.0,22.0,17.0,14.5,3.6,5.1,,,,2023,7,26,183,0,0,1,0
108,서울,2023-07-03,29.1,24.1,524,34.9,1616,,,,,,,6.0,160.0,1635.0,4.1,270.0,1816.0,1.8,1565.0,270.0,23.0,40,1644,72.0,28.2,995.2,1008.1,118.0,1002.2,1750.0,1004.7,14.7,8.8,1300.0,3.38,25.34,,,,,,4.9,1.6,31.8,20.6,28.5,28.1,26.6,26.1,25.9,23.1,21.9,16.9,14.6,5.4,7.7,,,,2023,7,27,184,0,0,1,0
108,서울,2023-07-04,26.1,24.5,2004,29.2,1239,11.1,1954.0,28.5,1921.0,10.5,61.8,9.6,160.0,1305.0,4.9,160.0,1313.0,2.3,1946.0,90.0,23.5,68,1244,86.8,29.1,989.3,1003.7,1.0,992.5,2359.0,998.9,14.7,0.0,1000.0,1.23,6.08,,,,,,9.8,6.4,26.4,22.6,27.3,27.3,26.6,26.5,26.4,23.2,22.0,16.8,14.6,1.4,2.0,77.1,{박무}0205-{박무}{강도0}0300-{박무}{강도0}0600-0830. {비}1255-{비}{강도1}1500-{비}{강도0}1800-{시정(미만)}{1km}{비}1858-{시정(이상)}{1km}{비}1909-{시정(미만)}{1km}{비}1929-{시정(이상)}{1km}{비}1938-{시정(미만)}{1km}{비}1958-{시정(이상)}{1km}{비}2022- {박무}1350-{박무}{강도0}1500-1630. {비}{강도1}2100-2245. {비}2320-{비}{강도0}2400-,,2023,7,27,185,0,0,1,1
108,서울,2023-07-05,24.5,22.1,648,27.1,1308,6.9,30.0,13.8,24.0,6.08,15.3,14.5,230.0,445.0,7.0,230.0,250.0,3.7,3221.0,230.0,21.2,68,1300,82.6,25.1,985.1,998.4,2337.0,990.9,348.0,994.7,14.7,4.5,1200.0,3.15,19.96,,,,,,5.9,5.3,27.3,20.4,26.5,26.3,25.4,25.5,26.2,24.0,22.9,17.6,14.7,4.0,5.7,,-{비}-{시정(미만)}{1km}{비}0036-{시정(이상)}{1km}{비}0045-{비}{강도0}0300-0440. {비}0505-{비}{강도0}0600-0630. {박무}2120-2205.,,2023,7,27,186,0,0,1,1
108,서울,2023-07-06,27.3,22.4,545,31.8,1435,,,,,,,11.6,180.0,1533.0,5.9,200.0,1551.0,2.7,2347.0,200.0,21.3,56,1430,70.9,25.3,991.3,1002.7,2220.0,998.3,1.0,1000.9,14.7,8.8,1200.0,3.4,25.47,,,,,,6.3,0.9,29.6,19.7,27.5,27.1,25.9,25.7,26.1,24.0,23.0,18.1,14.7,5.3,7.6,,{박무}0205-{박무}{강도0}0300-0330.,,2023,7,27,187,0,0,1,0
108,서울,2023-07-07,26.7,23.3,2345,31.4,1447,,,,,,,11.9,140.0,1721.0,5.7,140.0,1738.0,2.3,2003.0,110.0,19.3,46,1710,64.9,22.4,991.8,1003.1,729.0,999.3,1624.0,1001.4,14.7,8.7,1100.0,3.28,23.96,,,,,,4.1,1.9,29.3,19.7,27.9,27.7,26.5,26.2,26.4,24.0,22.9,17.8,14.8,5.3,7.6,,,,2023,7,27,188,0,0,1,0
108,서울,2023-07-08,25.6,22.4,346,29.7,1541,,,,,,,6.9,160.0,1302.0,3.9,230.0,1906.0,2.2,1918.0,70.0,21.1,64,1513,76.5,25.1,992.1,1003.3,2308.0,1000.4,1459.0,1001.8,14.6,1.6,1300.0,3.34,13.93,,,,,,7.6,6.1,27.1,19.1,27.3,27.1,26.1,26.1,26.5,24.0,22.9,17.6,14.8,3.0,4.3,0.0,,,2023,7,27,189,0,0,1,0
108,서울,2023-07-09,24.7,21.6,1208,27.0,849,18.1,1044.0,24.6,1027.0,7.17,47.5,12.6,20.0,1051.0,6.1,50.0,1056.0,2.0,1710.0,50.0,22.2,78,1034,86.4,26.7,992.5,1003.6,2153.0,1000.6,1529.0,1002.2,14.6,1.1,1500.0,2.17,8.07,,,,,,8.8,7.3,27.1,20.4,25.9,25.9,25.3,25.6,26.3,24.0,22.9,17.5,14.9,1.4,2.0,59.0,{비}0655-0830. {비}0915-{시정(미만)}{1km}{비}1049-{시정(미만)}{0.5km}{비}1050-{시정(이상)}{0.5km}{비}1100-{시정(이상)}{1km}{비}1102-{시정(미만)}{1km}{비}1159-{비}{강도1}1200-{시정(이상)}{1km}{비}1213-1450. {박무}2320-2355.,,2023,7,27,190,0,0,1,1
108,서울,2023-07-10,26.3,22.9,626,30.9,1518,10.8,540.0,11.5,530.0,0.67,11.5,16.8,200.0,546.0,5.8,230.0,551.0,2.3,1961.0,250.0,22.4,58,1442,80.4,27.2,993.5,1005.8,2314.0,1001.2,524.0,1003.2,14.6,5.9,1300.0,3.23,18.41,,,,,,7.3,6.0,27.8,21.1,26.6,26.3,25.2,25.1,25.8,24.3,23.3,17.9,14.9,3.7,5.3,2.2,{박무}0020-{박무}{강도0}0300-0555. {비}0530-{비}{강도1}0600-0610. {박무}0750-0845.,,2023,7,28,191,0,0,1,1
108,서울,2023-07-11,23.5,21.6,1733,25.9,807,6.1,1014.0,15.4,952.0,11.83,58.3,8.6,70.0,1449.0,5.2,70.0,1451.0,1.9,1656.0,50.0,22.0,79,26,92.4,26.5,995.3,1006.5,1038.0,1003.9,1741.0,1005.1,14.6,0.0,1200.0,0.43,2.21,,,,,,9.4,7.3,23.7,20.7,25.6,25.6,25.1,25.4,26.1,24.2,23.5,18.3,14.9,0.7,0.9,56.8,{안개비}0715-0750. {비}0810-{비}{강도0}0900-1150. {비}1220-{비}{강도0}1500-{비}{강도1}1800-1940. {박무}2135-{박무}{강도0}2400- {비}2345-{비}{강도0}2400-,,2023,7,28,192,0,0,1,1
108,서울,2023-07-12,25.8,22.0,1,29.1,1552,0.4,355.0,0.5,325.0,5.17,0.7,5.3,290.0,1647.0,3.4,290.0,1649.0,1.5,1279.0,270.0,23.2,72,1602,86.4,28.4,995.3,1005.9,2356.0,1003.6,209.0,1004.9,14.6,1.2,1300.0,2.05,12.34,,,,,,9.4,6.9,27.1,22.0,25.7,25.4,24.4,24.6,25.5,24.5,24.1,19.6,15.0,2.3,3.2,0.1,-{비}-0130. -{박무}-{박무}{강도0}0300-{박무}{강도1}0600-{박무}{강도0}0900-0950. {비}0325-{비}{강도0}0600-0645. {비}2125-2135. {비}2350-{비}{강도0}2400-,,2023,7,28,193,0,0,1,0
108,서울,2023-07-13,25.2,24.7,1215,26.5,943,11.9,1441.0,35.0,1359.0,20.67,91.6,7.2,110.0,2209.0,3.5,180.0,1105.0,1.6,1364.0,70.0,24.3,84,4,95.0,30.3,993.6,1006.1,15.0,999.1,2350.0,1003.3,14.6,0.0,800.0,0.35,2.63,,,,,,10.0,8.1,25.2,24.1,25.7,25.6,24.9,25.1,25.7,24.3,24.0,19.4,15.2,0.6,0.8,152.3,{박무}0205-{박무}{강도0}0300-{박무}{강도1}0600-{박무}{강도0}0900-{박무}{강도1}1200-1250. -{비}-{비}{강도0}0300-0345. {비}0455-0540. {비}0750-{비}{강도0}0900-{비}{강도1}1200-{시정(미만)}{1km}{비}1408-{시정(미만)}{0.5km}{비}1409-{시정(이상)}{0.5km}{비}1415-{시정(미만)}{0.5km}{비}1441-{시정(이상)}{0.5km}{비}1456-{시정(이상)}{1km}{비}1457-{비}{강도2}1500-{비}{강도1}1800-{비}{강도1}2100-{시정(미만)}{1km}{비}2354-{비}{강도1}2400-,,2023,7,28,194,0,0,1,1
108,서울,2023-07-14,24.6,23.9,206,25.1,1026,5.5,11.0,20.3,-2335.0,24.0,72.7,11.0,140.0,26.0,4.8,230.0,612.0,2.9,2543.0,200.0,24.4,96,105,99.1,30.6,987.7,999.6,1.0,996.0,432.0,997.3,14.5,0.0,1200.0,0.27,1.52,,,,,,10.0,9.1,24.4,23.4,24.7,24.6,24.0,24.4,25.5,24.9,24.9,22.3,15.4,0.4,0.6,13.4,-{비}-{시정(이상)}{1km}{비}0025-{시정(미만)}{1km}{비}0123-{시정(이상)}{1km}{비}0140-{비}{강도1}0300-{시정(미만)}{1km}{비}0339-{시정(이상)}{1km}{비}0358-{비}{강도0}0600-{안개비}0750-{안개비}{강도0}0900-{비}1030-{비}{강도0}1200-{비}{강도0}1500-{시정(미만)}{1km}{비}1623-{시정(이상)}{1km}{비}1635-{안개비}1750-{안개비}{강도0}1800-{비}1830-{안개비}2040-{안개비}{강도0}2100-{비}2250-{안개비}2320-{안개비}{강도0}2400- {박무}0740-{박무}{강도1}0900-{박무}{강도0}1200-1245. {박무}1340-{박무}{강도1}1500-{박무}{강도1}1800-{박무}{강도1}2100-{박무}{강도1}2400-,,2023,7,28,195,0,0,1,1
108,서울,2023-07-15,24.5,23.7,2358,25.7,1211,0.4,240.0,0.6,203.0,14.25,2.3,11.8,180.0,1609.0,5.8,200.0,1617.0,3.0,2587.0,180.0,23.4,85,2252,93.5,28.8,990.4,1004.1,2331.0,997.4,304.0,1000.1,14.5,0.0,1100.0,0.84,3.16,,,,,,9.9,8.9,24.6,22.6,25.1,24.9,24.2,24.3,25.3,24.7,24.8,21.5,16.1,1.0,1.4,0.9,-{안개}-{시정(미만)}{1km}{안개}0057- {시정(미만)}{0.5km}{안개}0127-{시정(이상)}{0.5km}{안개}0200-{시정(이상)}{1km}{박무}0252-{박무}{강도2}0300-{박무}{강도2}0600-{박무}{강도0}0900-0945. -{비}-{비}0240-{비}{강도0}0300-{비}{강도0}0600-{비}{강도0}0900-0955. {비}1050-1155. {안개비}1430-{비}1445-{비}{강도0}1500-1730. {박무}1435-{박무}{강도0}1500-1725. {비}2040-2055.,1.92,2023,7,28,196,0,0,1,1
108,서울,2023-07-16,24.6,23.7,1,25.4,1745,9.3,1229.0,9.6,1155.0,2.92,9.7,9.2,180.0,1248.0,5.0,180.0,1251.0,2.3,1978.0,180.0,22.7,80,1614,89.5,27.5,997.1,1009.8,2219.0,1004.0,5.0,1006.8,14.5,0.0,1300.0,0.7,5.31,,,,,,9.3,8.6,24.9,22.5,25.0,24.8,24.0,24.2,25.2,24.5,24.5,20.6,16.3,1.2,1.7,9.6,{박무}0450-{박무}{강도0}0600-{박무}{강도0}0900-1125. {비}0535-0550. {비}0610-0730. {비}1155-{비}{강도0}1200-1315.,,2023,7,28,197,0,0,1,1
108,서울,2023-07-17,25.5,23.7,446,27.8,1437,0.8,2340.0,1.5,2330.0,3.75,1.4,7.5,180.0,1147.0,4.2,200.0,1154.0,1.7,1468.0,200.0,22.9,76,1318,86.1,28.0,1001.5,1012.6,2345.0,1009.3,237.0,1011.2,14.5,0.4,1400.0,1.84,10.78,,,,,,9.0,7.5,27.2,22.6,25.7,25.4,24.4,24.4,25.2,24.4,24.3,20.0,16.2,2.0,2.9,2.0,{비}0615-0645. {비}0720-0745. {비}0945-1005. {비}1410-1430. {비}1535-1715. {비}2330-{비}{강도0}2400-,,2023,7,29,198,0,0,1,1
108,서울,2023-07-18,25.2,24.1,527,27.7,1721,0.5,115.0,0.8,1046.0,12.67,2.3,5.1,20.0,1624.0,3.1,110.0,1505.0,1.4,1228.0,20.0,22.9,75,1756,87.9,27.9,1000.5,1012.7,10.0,1007.4,1900.0,1010.2,14.5,2.0,1700.0,1.21,7.94,,,,,,8.0,5.0,26.1,21.2,26.0,25.8,24.9,24.9,25.5,24.3,24.2,19.7,16.1,1.9,2.7,1.7,{박무}0130-{박무}{강도0}0300-{박무}{강도0}0600-0830. -{비}-0235. {비}0405-{비}{강도0}0600-{비}{강도0}0900-{비}{강도0}1200-1410.,,2023,7,29,199,0,0,1,1
108,서울,2023-07-19,27.2,22.5,527,32.4,1629,,,,,,,6.7,270.0,1822.0,4.7,250.0,1759.0,1.7,1439.0,290.0,22.9,55,1559,78.8,27.9,997.3,1008.1,751.0,1005.2,1713.0,1006.9,14.4,11.5,1300.0,3.46,26.41,,,,,,2.3,2.3,29.6,19.3,27.3,26.8,25.4,25.1,25.5,24.2,24.1,19.5,16.0,4.9,7.0,,,,2023,7,29,200,0,0,1,0
108,서울,2023-07-20,27.9,24.0,549,32.8,1547,,,,,,,5.6,250.0,1513.0,3.9,250.0,2003.0,1.8,1574.0,290.0,22.5,51,1558,74.0,27.3,998.8,1010.0,2330.0,1007.1,1710.0,1008.4,14.4,9.9,1300.0,3.15,24.17,,,,,,2.9,0.5,30.2,20.3,28.2,27.9,26.5,26.1,26.1,24.3,24.0,19.4,16.0,4.9,7.1,,{박무}0420-{박무}{강도0}0600-{박무}{강도0}0900-1030.,,2023,7,29,201,0,0,1,0
108,서울,2023-07-21,29.5,24.6,554,34.3,1628,,,,,,,6.3,290.0,1718.0,3.5,320.0,1907.0,1.8,1532.0,50.0,23.0,48,1419,69.6,28.1,1001.4,1012.4,2254.0,1009.6,1638.0,1011.0,14.4,10.2,1100.0,3.26,23.64,,,,,,2.3,1.4,30.9,21.4,28.8,28.4,27.0,26.6,26.6,24.4,23.9,19.3,15.9,5.1,7.3,,{박무}0615-{박무}{강도0}0900-1020.,,2023,7,29,202,0,0,1,0
108,서울,2023-07-22,27.7,24.6,2142,32.5,1227,6.2,1843.0,10.1,1823.0,7.08,12.3,11.5,160.0,1403.0,5.2,140.0,1523.0,2.6,2289.0,90.0,22.3,51,1234,73.9,26.9,1001.1,1012.5,648.0,1008.7,1720.0,1010.8,14.4,6.4,1100.0,3.37,17.66,,,,,,6.6,4.5,29.2,22.8,28.7,28.6,27.5,27.1,27.1,24.6,23.9,19.2,15.9,3.4,4.9,37.2,{비}1515-1555. {비}1735-{비}{강도0}1800-{비}{강도0}2100-{비}{강도0}2400-,,2023,7,29,203,0,0,1,1
108,서울,2023-07-23,25.2,24.5,752,25.8,1515,2.1,729.0,9.1,657.0,19.0,40.2,9.6,110.0,916.0,4.4,160.0,851.0,2.1,1840.0,200.0,24.2,87,3,94.3,30.2,997.4,1010.1,1.0,1005.7,1831.0,1007.1,14.4,0.0,1200.0,0.37,2.37,,,,,,10.0,8.5,25.3,23.8,26.5,26.5,26.0,26.3,27.0,24.7,23.9,19.2,16.0,0.8,1.1,15.7,-{비}-{비}{강도0}0300-{비}{강도0}0600-{비}{강도1}0900-{비}{강도0}1200-1455. {비}1710-1755. {비}1955-{비}{강도0}2100-2315.,,2023,7,29,204,0,0,1,1
108,서울,2023-07-24,26.9,24.6,521,30.0,1527,0.3,52.0,0.4,30.0,2.08,0.4,6.4,270.0,1617.0,3.5,230.0,1726.0,2.0,1714.0,200.0,23.7,69,1535,83.1,29.2,998.5,1010.1,2330.0,1006.7,148.0,1008.2,14.3,3.2,1200.0,2.48,14.08,,,,,,7.3,5.9,29.0,23.7,27.3,27.0,25.9,25.8,26.6,25.1,24.3,19.6,16.0,2.8,4.0,0.1,{박무}0020-0210. {비}0030-0150. {박무}0330-0420. {비}1045-1130.,,2023,7,30,205,0,0,1,0
108,서울,2023-07-25,27.8,25.8,428,30.5,1432,5.2,2127.0,5.5,,1.75,5.6,10.1,180.0,1333.0,5.6,250.0,1413.0,2.7,2306.0,200.0,24.0,68,1437,80.5,29.9,1002.2,1013.7,2208.0,1010.0,11.0,1011.9,14.3,3.5,1100.0,2.57,16.84,,,,,,7.1,6.5,28.9,23.7,28.2,27.9,26.7,26.4,26.8,25.0,24.4,19.8,16.0,3.5,4.9,5.5,{비}0130-0205. {비}0225-0240. {소나기}1755-{소나기}{강도0}1800-1815. {비}2120-2145. {비}2225-2235.,,2023,7,30,206,0,0,1,1
108,서울,2023-07-26,27.6,24.9,606,31.1,1539,0.8,950.0,1.0,915.0,2.67,1.0,8.4,270.0,1216.0,4.9,230.0,1209.0,2.2,1869.0,50.0,23.9,69,1206,80.9,29.7,1004.3,1015.6,817.0,1012.8,1608.0,1014.0,14.3,3.0,1100.0,2.59,15.79,,,,,,7.6,6.9,28.7,24.0,28.4,28.1,26.9,26.7,27.0,25.0,24.4,19.7,16.0,3.3,4.7,1.0,{비}0630-0705. {소나기}0915-1005. {소나기}1815-1835. {소나기}1845-1940.,,2023,7,30,207,0,0,1,1
108,서울,2023-07-27,28.4,24.4,539,32.2,1300,0.0,,0.0,,0.25,0.0,5.7,320.0,1744.0,3.5,290.0,1737.0,1.9,1604.0,50.0,24.0,59,1306,78.1,29.8,1004.1,1015.0,755.0,1011.7,1706.0,1013.7,14.3,6.8,1100.0,3.0,18.25,,,,,,5.9,4.0,29.0,23.0,28.8,28.5,27.2,26.9,27.2,25.1,24.3,19.6,16.1,3.8,5.4,0.0,{소나기}1610-1625.,,2023,7,30,208,0,0,1,0
108,서울,2023-07-28,29.5,25.4,536,34.1,1416,,,,,,,7.7,180.0,1412.0,4.3,180.0,1254.0,2.1,1796.0,270.0,23.7,52,1414,72.4,29.3,1003.8,1014.6,2315.0,1011.9,1708.0,1013.5,14.2,9.5,1300.0,3.04,23.36,,,,,,3.3,1.9,31.2,22.5,29.4,29.0,27.6,27.3,27.4,25.2,24.4,19.5,16.1,4.9,7.0,,,,2023,7,30,209,0,0,1,0
108,서울,2023-07-29,29.1,26.1,442,33.3,1527,,,,,,,8.3,340.0,1933.0,4.8,340.0,1939.0,2.0,1714.0,20.0,23.5,52,1706,72.1,28.9,1004.2,1014.7,11.0,1012.7,1519.0,1013.9,14.2,6.8,1400.0,2.22,18.5,,,,,,4.4,3.4,31.3,22.6,29.2,29.0,27.8,27.6,27.7,25.3,24.4,19.4,16.1,4.2,6.0,,,,2023,7,30,210,0,0,1,0
108,서울,2023-07-30,28.8,24.9,550,34.9,1555,6.1,1815.0,20.0,1801.0,3.17,25.0,9.0,200.0,1801.0,4.8,200.0,1807.0,1.9,1646.0,20.0,23.0,49,1335,72.5,28.1,1002.9,1014.1,831.0,1010.1,1636.0,1012.5,14.2,9.1,1200.0,3.28,21.99,,,,,,4.8,2.6,32.0,21.4,29.0,28.8,27.8,27.6,27.7,25.4,24.4,19.4,16.2,4.4,6.3,25.0,{소나기}1745-{소나기}{강도0}1800-{시정(미만)}{1km}{소나기}1858-{시정(이상)}{1km}{소나기}1904-2055.,,2023,7,30,211,0,0,1,1
108,서울,2023-07-31,28.7,25.6,3,33.4,1440,0.3,1513.0,0.3,1455.0,0.67,0.3,6.4,290.0,1749.0,4.0,290.0,1741.0,1.7,1481.0,290.0,23.9,60,1428,76.3,29.6,1002.4,1014.0,652.0,1010.3,1630.0,1012.1,14.1,6.5,1100.0,2.99,20.26,,,,,,6.4,2.9,30.1,23.7,29.3,28.9,27.7,27.5,27.8,25.5,24.5,19.4,16.2,4.2,6.0,0.3,{소나기}1455-{소나기}{강도0}1500-1535.,,2023,7,31,212,0,0,1,0
108,서울,2023-08-01,29.9,25.5,536,34.2,1646,,,,,,,5.5,90.0,952.0,3.1,270.0,1640.0,1.9,1629.0,50.0,24.0,55,1348,71.6,29.9,1000.3,1011.7,747.0,1007.8,1908.0,1009.9,14.1,10.3,1200.0,3.44,21.25,,,,,,4.1,1.1,30.8,23.0,29.7,29.4,28.0,27.8,27.9,25.6,24.6,19.5,16.2,4.3,6.2,,,,2023,8,31,213,0,0,1,0
108,서울,2023-08-02,29.7,26.8,519,33.7,1436,,,,,,,7.9,270.0,1507.0,4.8,270.0,1513.0,2.1,1803.0,270.0,22.7,48,1741,67.8,27.8,997.5,1009.0,1.0,1005.2,1826.0,1007.1,14.1,11.2,1200.0,3.19,24.81,,,,,,4.0,0.3,32.6,22.8,29.9,29.7,28.4,28.1,28.2,25.8,24.6,19.5,16.3,5.4,7.7,,,,2023,8,31,214,0,0,1,0
108,서울,2023-08-03,29.5,25.8,615,33.8,1446,,,,,,,6.5,290.0,1431.0,4.0,250.0,1327.0,2.1,1790.0,270.0,22.5,54,1557,67.0,27.2,995.9,1007.2,800.0,1003.9,1748.0,1005.5,14.0,11.0,1200.0,3.19,25.4,,,,,,3.9,1.6,33.5,22.3,29.8,29.6,28.3,28.1,28.3,25.9,24.7,19.5,16.3,5.4,7.7,,,,2023,8,31,215,0,0,1,0
108,서울,2023-08-04,30.0,26.5,520,34.4,1634,,,,,,,7.3,340.0,1413.0,3.9,270.0,1732.0,1.9,1658.0,270.0,23.1,53,1539,67.6,28.3,994.2,1005.6,5.0,1002.1,1740.0,1003.7,14.0,9.6,1000.0,2.92,23.13,,,,,,4.3,2.6,34.8,23.0,30.0,29.8,28.6,28.3,28.3,26.0,24.8,19.5,16.3,5.2,7.5,,,,2023,8,31,216,0,0,1,0
108,서울,2023-08-05,30.3,26.4,611,34.9,1548,,,,,,,7.0,340.0,2035.0,4.7,320.0,2042.0,2.0,1753.0,290.0,23.7,50,1530,69.0,29.4,990.6,1002.3,1.0,997.5,1758.0,1000.1,14.0,12.7,1200.0,3.49,27.31,,,,,,2.8,1.6,36.7,22.6,30.5,30.2,28.9,28.5,28.5,26.1,24.9,19.6,16.4,5.6,8.0,,,,2023,8,31,217,0,0,1,0
108,서울,2023-08-06,29.8,27.0,1606,33.0,1403,3.7,1556.0,4.9,1511.0,1.58,4.9,11.9,180.0,1554.0,7.7,290.0,1606.0,1.7,1450.0,290.0,25.1,63,1431,76.5,31.9,988.3,999.2,1.0,996.0,1531.0,997.7,13.9,3.8,1300.0,1.64,12.95,,,,,,5.8,4.3,31.9,24.1,30.2,30.0,28.9,28.7,28.7,26.2,25.0,19.6,16.4,3.1,4.4,4.9,{소나기}1450-{소나기}{강도0}1500-1625.,,2023,8,31,218,0,0,1,1
108,서울,2023-08-07,30.4,27.3,540,34.6,1546,,,,,,,8.1,70.0,2230.0,4.5,50.0,1850.0,2.7,2310.0,50.0,23.8,56,1556,68.4,29.5,989.5,1000.5,2349.0,997.1,1539.0,999.0,13.9,5.8,900.0,2.37,15.83,,,,,,4.4,4.0,30.4,24.9,29.7,29.5,28.4,28.3,28.6,26.3,25.1,19.6,16.5,4.2,6.0,,,,2023,8,32,219,0,0,1,0
108,서울,2023-08-08,30.9,26.4,553,35.8,1600,,,,,,,7.8,50.0,844.0,4.3,50.0,2214.0,2.9,2496.0,50.0,22.2,47,1505,60.5,26.7,992.2,1003.2,2333.0,1000.3,1531.0,1001.7,13.9,11.0,1200.0,3.2,23.96,,,,,,2.4,1.8,35.3,23.2,30.0,29.7,28.5,28.3,28.6,26.4,25.2,19.7,16.5,5.8,8.3,,,,2023,8,32,220,0,0,1,0
108,서울,2023-08-09,28.3,25.1,2358,31.6,1102,0.2,,0.2,,1.58,0.2,10.6,70.0,2244.0,5.9,70.0,2114.0,3.2,2776.0,50.0,21.7,57,1106,67.6,25.9,993.7,1004.3,805.0,1001.9,1749.0,1003.3,13.9,3.3,1000.0,2.26,13.66,,,,,,8.0,4.5,30.8,23.0,29.5,29.4,28.5,28.5,28.8,26.5,25.3,19.7,16.5,3.2,4.6,5.2,{비}2225-{비}{강도0}2400-,,2023,8,32,221,0,0,1,0
108,서울,2023-08-10,22.2,20.9,1954,25.1,1,3.7,1635.0,13.6,1618.0,24.0,86.1,18.1,340.0,1616.0,8.9,340.0,1536.0,3.7,3183.0,50.0,20.8,80,50,91.9,24.5,986.1,1003.1,1.0,991.6,1731.0,995.8,13.8,0.0,900.0,0.36,2.42,,,,,,10.0,7.1,22.8,20.6,25.5,25.9,26.2,27.1,28.4,26.5,25.3,19.8,16.6,0.7,1.0,100.2,-{비}-{비}{강도0}0300-{비}{강도0}0600-{비}{강도0}0900-{비}{강도1}1200-{비}{강도1}1500-{비}{강도1}1800-{비}{강도0}2100-{비}{강도0}2400- {박무}0940-{박무}{강도0}1200-{박무}{강도1}1500-{박무}{강도2}1800-{박무}{강도0}2100-{박무}{강도0}2400-,,2023,8,32,222,0,0,1,1
108,서울,2023-08-11,23.5,21.6,1,24.9,1703,3.4,1116.0,13.6,1035.0,21.5,46.7,13.0,200.0,701.0,6.2,200.0,521.0,2.3,1983.0,200.0,22.2,83,2210,93.1,26.8,988.9,1002.1,2158.0,992.9,1.0,998.6,13.8,0.0,1400.0,0.61,3.94,,,,,,10.0,7.9,23.5,21.7,23.9,24.1,23.8,24.6,26.5,26.7,26.0,20.2,16.6,0.9,1.3,27.8,-{박무}-0040. {박무}0125-{박무}{강도1}0300-{박무}{강도0}0600-0850. -{비}-{비}{강도0}0300-{비}{강도1}0600-{비}{강도0}0900-{비}{강도1}1200-{비}{강도0}1500-1730. {비}1910-{비}{강도0}2100-2255. {비}2345-{비}{강도0}2400-,,2023,8,32,223,0,0,1,1
108,서울,2023-08-12,23.3,22.5,2247,24.1,1,0.5,1524.0,1.2,1438.0,14.42,1.5,5.4,110.0,749.0,3.2,160.0,841.0,1.9,1611.0,50.0,21.7,82,1044,91.0,25.9,993.8,1004.8,2247.0,1001.7,215.0,1003.5,13.7,0.1,1700.0,0.67,4.19,,,,,,8.9,6.6,23.9,20.9,24.6,24.8,24.2,24.6,26.0,26.3,26.6,22.1,16.7,1.1,1.6,1.3,-{비}-{비}{강도0}0300-{비}{강도0}0600-0630. {비}0705-0750. {비}0835-{비}{강도0}0900-{비}{강도0}1200-1205. {비}1330-{비}{강도0}1500-1710.,,2023,8,32,224,0,0,1,1
108,서울,2023-08-13,27.0,22.6,1,31.1,1745,,,,,,,5.6,110.0,1249.0,2.8,140.0,1209.0,1.7,1460.0,50.0,22.3,58,1641,76.9,26.9,994.5,1005.1,2339.0,1002.9,1743.0,1004.1,13.7,2.7,1200.0,2.8,17.49,,,,,,8.3,5.6,27.4,21.8,26.0,25.9,24.9,24.9,25.9,26.0,26.3,21.8,16.8,3.4,4.8,,,,2023,8,32,225,0,0,1,0
108,서울,2023-08-14,28.1,24.8,602,31.9,1425,,,,,,,6.4,250.0,1633.0,3.9,270.0,1822.0,1.6,1408.0,50.0,23.1,60,1445,75.4,28.3,995.6,1006.4,919.0,1004.0,1733.0,1005.2,13.7,3.9,1200.0,2.23,13.71,,,,,,4.0,3.3,28.2,21.9,27.2,27.1,26.1,26.0,26.5,25.8,26.0,21.4,16.9,3.1,4.5,,{박무}0335-{박무}{강도0}0600-0650.,,2023,8,33,226,0,0,1,0
108,서울,2023-08-15,28.6,24.7,612,32.7,1503,,,,,,,7.1,290.0,1538.0,4.7,320.0,1654.0,2.3,1956.0,50.0,22.7,58,1512,71.4,27.7,994.6,1006.4,747.0,1002.2,1748.0,1004.2,13.7,7.7,1400.0,3.05,21.84,,,,,,6.5,1.8,30.9,22.1,27.6,27.5,26.5,26.4,26.8,25.7,25.8,21.1,16.9,4.4,6.3,,,,2023,8,33,227,0,0,1,0
108,서울,2023-08-16,27.3,24.7,540,31.6,1352,0.3,1715.0,0.3,1710.0,0.92,0.3,6.5,250.0,1714.0,3.8,270.0,1714.0,2.1,1834.0,50.0,21.7,58,1253,72.0,26.0,993.7,1004.6,2319.0,1001.6,1622.0,1003.3,13.6,3.7,1200.0,3.37,15.46,,,,,,4.5,4.5,28.1,21.9,27.9,27.8,26.9,26.8,27.2,25.8,25.6,21.0,17.0,3.3,4.8,0.3,{소나기}1545-1610. {소나기}1710-1740.,,2023,8,33,228,0,0,1,0
108,서울,2023-08-17,28.2,24.5,615,32.4,1349,,,,,,,6.4,140.0,1118.0,3.2,140.0,1323.0,1.7,1426.0,270.0,22.6,52,1416,73.0,27.4,994.6,1005.5,2252.0,1002.9,1727.0,1004.2,13.6,6.2,1100.0,3.06,18.24,,,,,,4.6,3.9,29.8,21.2,27.7,28.0,27.0,26.8,27.3,25.8,25.6,20.9,17.0,3.8,5.5,,,,2023,8,33,229,0,0,1,0
108,서울,2023-08-18,29.1,25.5,547,33.3,1413,0.1,,0.1,,0.67,0.1,6.6,270.0,1550.0,3.9,270.0,1558.0,1.9,1677.0,50.0,23.3,56,1423,72.1,28.7,996.3,1007.7,2356.0,1004.6,1514.0,1005.9,13.5,7.3,1100.0,3.01,19.56,,,,,,3.1,3.1,32.1,22.9,28.2,28.5,27.4,27.2,27.5,25.9,25.5,20.8,17.0,4.1,5.8,0.1,{소나기}1610-1635. {소나기}1940-1955.,,2023,8,33,230,0,0,1,0
108,서울,2023-08-19,29.1,26.4,620,33.6,1528,,,,,,,7.0,250.0,1745.0,4.1,270.0,1718.0,1.9,1681.0,250.0,22.5,54,1521,68.9,27.3,999.5,1010.9,2349.0,1007.7,1.0,1009.1,13.5,9.1,1100.0,2.96,21.24,,,,,,3.9,2.9,32.8,23.0,28.2,28.9,27.9,27.6,27.8,26.0,25.5,20.8,17.1,4.4,6.2,,,,2023,8,33,231,0,0,1,0
108,서울,2023-08-20,28.3,25.5,459,31.8,1348,0.0,,0.0,,1.83,0.0,6.1,160.0,1335.0,3.1,180.0,1342.0,1.6,1341.0,270.0,22.5,56,1521,71.8,27.3,1000.8,1011.8,850.0,1009.1,1753.0,1010.5,13.5,3.6,1300.0,2.92,15.87,,,,,,7.3,4.3,31.3,22.3,28.2,28.6,27.7,27.6,27.9,26.1,25.5,20.8,17.1,3.6,5.1,0.0,{비}0920-1110.,,2023,8,33,232,0,0,1,0
108,서울,2023-08-21,29.5,26.0,614,33.6,1402,0.0,,0.0,,1.17,0.0,10.1,200.0,1526.0,5.4,200.0,1533.0,2.4,2053.0,200.0,23.2,55,1253,69.8,28.5,997.1,1010.3,1.0,1004.6,1721.0,1006.7,13.4,6.4,1100.0,2.75,19.04,,,,,,6.6,3.5,32.6,22.8,28.8,28.8,27.8,27.6,27.9,26.1,25.5,20.8,17.1,4.2,6.0,0.3,{비}0340-0410. {비}0505-0520. {소나기}1515-1540.,,2023,8,34,233,0,0,1,0
108,서울,2023-08-22,27.6,25.8,2220,32.2,1356,21.5,1703.0,29.0,1703.0,7.75,42.6,11.7,140.0,1454.0,7.2,160.0,1458.0,2.4,2092.0,160.0,23.8,61,1343,80.3,29.4,993.8,1005.5,1.0,1001.3,1438.0,1003.3,13.4,1.3,1300.0,2.58,10.5,,,,,,9.0,7.4,28.1,24.2,27.6,28.5,27.6,27.6,28.1,26.2,25.5,20.8,17.2,2.4,3.4,42.4,{비}0415-0440. {비}0845-{비}{강도0}0900-1120. {비}1450-{비}{강도0}1500-1555. {비}1635-{비}{강도2}1800-1830. {비}2010-2030. {비}2105-2230.,,2023,8,34,234,0,0,1,1
108,서울,2023-08-23,24.8,23.2,2400,27.2,932,9.7,1200.0,15.6,1154.0,17.58,41.8,7.6,250.0,1227.0,4.4,250.0,1111.0,2.2,1912.0,50.0,23.2,80,954,91.3,28.5,995.2,1006.7,2140.0,1003.3,143.0,1004.9,13.4,0.1,900.0,0.61,3.33,,,,,,9.6,7.3,25.8,23.0,25.6,27.0,26.6,27.0,27.9,26.3,25.6,20.8,17.2,1.0,1.4,46.9,{비}0050-0220. {비}0255-{비}{강도0}0300-0440. {비}0520-{비}{강도0}0600-0740. {비}0855-{비}{강도0}0900-0905. {비}1005-{비}{강도1}1200-{시정(미만)}{1km}{비}1204-{시정(미만)}{0.5km}{비}1208-{시정(이상)}{0.5km}{비}1216-{시정(이상)}{1km}{비}1217-{시정(미만)}{1km}{비}1444-{시정(이상)}{1km}{비}1450-{비}{강도1}1500-{비}{강도0}1800-1820. {비}1930-{비}{강도0}2100-2305.,,2023,8,34,235,0,0,1,1
108,서울,2023-08-24,25.1,22.3,434,27.8,1419,1.2,346.0,4.3,336.0,4.33,5.2,7.5,50.0,1501.0,4.1,50.0,1505.0,2.8,2431.0,50.0,22.2,75,1413,84.8,26.8,996.0,1006.7,1024.0,1004.6,1640.0,1005.6,13.3,1.5,1300.0,2.32,12.56,,,,,,9.0,6.4,27.4,22.3,25.9,26.4,25.8,26.2,27.3,26.5,26.1,21.5,17.2,2.4,3.5,0.0,{비}0310-{비}{강도0}0600-0710. {비}1450-{비}{강도0}1500-1510.,,2023,8,34,236,0,0,1,1
108,서울,2023-08-25,26.5,24.0,555,30.0,1618,0.0,,0.0,,0.17,0.0,8.3,270.0,1407.0,4.7,270.0,1440.0,2.6,2245.0,270.0,22.1,60,1621,77.9,26.6,997.2,1009.0,2357.0,1004.9,116.0,1006.9,13.3,8.3,1300.0,2.92,20.42,,,,,,5.0,5.0,29.3,21.3,26.9,27.4,26.5,26.5,27.3,26.4,26.2,21.7,17.3,4.2,6.0,,{비}0335-0345.,,2023,8,34,237,0,0,1,0
108,서울,2023-08-26,26.4,23.3,636,30.3,1545,,,,,,,6.8,290.0,1616.0,4.0,270.0,1605.0,1.8,1579.0,290.0,20.7,49,1317,72.3,24.4,999.3,1010.1,623.0,1007.6,1625.0,1009.0,13.2,7.3,1200.0,2.73,19.84,,,,,,6.4,1.8,29.3,19.5,27.1,27.5,26.7,26.7,27.4,26.3,26.1,21.6,17.3,4.0,5.7,,{박무}0525-{박무}{강도0}0600-0635.,,2023,8,34,238,0,0,1,0
108,서울,2023-08-27,26.1,22.7,505,29.6,1613,0.0,,0.0,,5.67,0.0,5.4,50.0,2342.0,3.2,50.0,2342.0,1.8,1573.0,50.0,21.2,62,1620,75.0,25.2,998.4,1009.2,810.0,1006.8,1440.0,1008.1,13.2,1.2,1000.0,1.47,12.0,,,,,,8.9,1.8,27.0,19.4,26.4,27.0,26.5,26.7,27.4,26.3,26.0,21.4,17.4,2.4,3.4,6.1,{비}1805-{비}{강도0}2100-2255. {비}2310-{비}{강도0}2400-,,2023,8,34,239,0,0,1,0
108,서울,2023-08-28,22.7,20.8,853,25.6,1,0.7,801.0,2.9,722.0,20.67,10.4,9.4,50.0,1830.0,5.1,50.0,1832.0,3.3,2892.0,50.0,20.5,73,35,87.5,24.1,997.0,1009.4,950.0,1004.4,1824.0,1006.8,13.2,0.0,1200.0,0.61,3.99,,,,,,10.0,5.5,23.1,20.8,25.0,25.8,25.6,26.1,27.2,26.2,25.9,21.3,17.4,1.2,1.7,7.0,-{비}-{비}{강도0}0300-{비}{강도0}0600-{비}{강도0}0900-{비}{강도0}1200-1450. {비}1510-1525. {비}1710-{비}{강도0}1800-1850. {비}1930-{비}{강도0}2100-2150. {비}2225-{비}{강도0}2400-,,2023,8,35,240,0,0,1,1
108,서울,2023-08-29,23.9,22.5,2034,25.5,1029,7.0,1131.0,27.2,1058.0,16.92,54.8,9.6,110.0,901.0,3.9,110.0,902.0,2.1,1855.0,250.0,22.0,80,624,89.6,26.5,995.2,1008.2,2337.0,1002.9,1235.0,1004.9,13.1,0.0,1500.0,0.55,2.87,,,,,,9.4,6.9,24.3,21.6,24.2,25.0,24.7,25.2,26.6,26.1,25.9,21.3,17.5,0.7,1.1,52.4,-{비}-0115. {비}0205-{비}{강도0}0300-0505. {비}0635-{비}{강도0}0900-{시정(미만)}{1km}{비}1120-{시정(미만)}{0.5km}{비}1136-{시정(이상)}{0.5km}{비}1156-{비}{강도2}1200-{시정(이상)}{1km}{비}1203-{시정(미만)}{1km}{비}1222-{시정(미만)}{0.5km}{비}1229-{시정(이상)}{0.5km}{비}1233-{시정(이상)}{1km}{비}1238-{시정(미만)}{1km}{비}1257-{시정(이상)}{1km}{비}1304-{비}{강도0}1500-{비}{강도0}1800-1915.,,2023,8,35,241,0,0,1,1
108,서울,2023-08-30,22.8,21.5,2353,24.5,1230,1.4,1618.0,2.3,1616.0,10.42,3.5,3.5,160.0,2106.0,2.4,180.0,2307.0,1.1,978.0,200.0,20.7,75,1220,88.0,24.4,999.0,1009.9,2347.0,1007.8,1453.0,1008.8,13.1,0.0,1100.0,1.09,4.42,,,,,,9.8,5.4,23.5,20.6,24.2,24.8,24.4,24.8,26.1,26.1,26.2,22.3,17.5,1.0,1.5,3.2,{비}0510-0535. {비}0715-{비}{강도0}0900-0935. {비}1010-1025. {비}1250-{비}{강도0}1500-{비}{강도0}1800-1925. {무지개}1850-1915. {박무}2040-{박무}{강도0}2100-2230. {비}2135-2225.,,2023,8,35,242,0,0,1,1
108,서울,2023-08-31,23.9,21.0,547,28.9,1534,,,,,,,5.8,290.0,1642.0,3.5,290.0,1651.0,1.3,1142.0,320.0,19.2,48,1522,76.9,22.3,1000.4,1011.5,2221.0,1009.1,1508.0,1010.2,13.1,7.0,1300.0,3.23,18.53,,,,,,6.0,2.9,26.0,17.6,25.3,25.2,24.6,24.8,25.9,25.9,26.1,22.2,17.6,3.8,5.4,,{박무}0350-{박무}{강도0}0600-0830.,,2023,8,35,243,0,0,1,0
108,서울,2023-09-01,24.5,19.7,610,29.6,1543,,,,,,,6.4,340.0,1340.0,3.7,270.0,1158.0,2.0,1705.0,270.0,18.3,42,1403,70.6,21.0,1001.8,1012.6,926.0,1010.1,1551.0,1011.6,13.0,12.1,1300.0,3.17,24.59,,,,,,0.5,0.1,26.8,15.2,25.4,25.3,24.7,24.9,25.9,25.7,25.9,22.0,17.6,5.1,7.2,,,,2023,9,35,244,0,0,1,0
108,서울,2023-09-02,25.4,19.7,639,30.8,1536,,,,,,,5.6,320.0,1514.0,3.7,20.0,1522.0,1.6,1425.0,50.0,17.5,39,1557,63.9,20.0,1001.5,1012.5,701.0,1009.6,1503.0,1011.2,13.0,11.3,1200.0,3.39,23.72,,,,,,4.6,0.6,28.1,14.3,25.6,25.6,25.0,25.2,25.9,25.6,25.8,21.8,17.7,4.7,6.7,0.1,,,2023,9,35,245,0,0,1,0
108,서울,2023-09-03,25.8,23.1,749,28.8,1414,0.1,,0.1,,2.75,0.1,5.9,360.0,1331.0,3.3,50.0,1445.0,2.2,1888.0,50.0,21.5,67,1,77.8,25.7,1002.1,1013.0,941.0,1010.6,1546.0,1011.8,12.9,1.9,1200.0,2.91,12.19,,,,,,8.1,4.3,26.3,20.3,26.2,26.1,25.4,25.4,26.0,25.5,25.7,21.7,17.7,2.5,3.6,0.3,{비}0310-0335. {비}0405-0410. {비}0715-{비}{강도0}0900-0930.,,2023,9,35,246,0,0,1,0
108,서울,2023-09-04,27.0,24.3,625,30.2,1607,0.1,,0.2,,2.5,0.3,5.5,290.0,1828.0,3.5,290.0,1829.0,1.8,1538.0,50.0,23.1,65,1616,79.9,28.3,1001.9,1012.9,949.0,1010.5,1751.0,1011.6,12.9,0.7,1200.0,1.67,10.24,,,,,,9.1,5.1,27.5,22.5,26.8,26.6,25.8,25.7,26.2,25.5,25.6,21.6,17.8,2.2,3.2,0.0,{비}0055-0110. {비}0305-0520.,,2023,9,36,247,0,0,1,0
108,서울,2023-09-05,28.5,25.0,707,32.8,1440,0.0,,0.0,,0.17,0.0,6.3,70.0,1057.0,3.9,320.0,1833.0,1.8,1515.0,290.0,22.1,54,1450,69.5,26.6,1001.2,1012.6,929.0,1009.0,1634.0,1010.9,12.9,7.0,1100.0,2.98,19.14,,,,,,6.4,5.4,30.1,22.4,27.6,27.4,26.4,26.2,26.5,25.5,25.5,21.6,17.8,4.1,5.8,,{비}0245-0255.,,2023,9,36,248,0,0,1,0
108,서울,2023-09-06,27.9,24.0,635,32.1,1550,,,,,,,8.2,70.0,2012.0,4.4,50.0,2033.0,2.4,2087.0,50.0,20.3,45,1607,65.1,23.9,1001.7,1013.8,2358.0,1009.8,1612.0,1011.4,12.8,11.3,1300.0,3.13,22.64,,,,,,1.1,1.1,31.7,20.0,27.7,27.6,26.7,26.6,26.8,25.5,25.5,21.6,17.8,5.1,7.4,,,,2023,9,36,249,0,0,1,0
108,서울,2023-09-07,26.3,20.9,643,31.6,1501,,,,,,,8.0,70.0,1541.0,4.4,50.0,12.0,2.5,2151.0,50.0,15.9,37,1425,54.8,18.1,1004.4,1015.7,953.0,1012.7,1741.0,1014.1,12.8,12.1,1200.0,3.27,24.56,,,,,,0.0,0.0,30.5,14.9,26.8,26.9,26.4,26.4,26.8,25.6,25.4,21.5,17.9,6.0,8.5,,,,2023,9,36,250,0,0,1,0
108,서울,2023-09-08,25.3,19.6,622,30.5,1432,,,,,,,7.1,340.0,1519.0,4.5,340.0,1651.0,2.3,2017.0,50.0,16.7,42,1434,60.3,19.1,1002.8,1015.0,710.0,1010.3,1717.0,1012.6,12.7,12.0,1200.0,3.22,24.13,,,,,,0.4,0.0,30.1,12.8,26.2,26.2,25.8,26.0,26.6,25.6,25.4,21.5,17.9,5.3,7.5,,,,2023,9,36,251,0,0,1,0
108,서울,2023-09-09,25.8,20.8,627,31.2,1555,,,,,,,6.3,270.0,1805.0,4.1,270.0,1810.0,1.8,1515.0,270.0,18.6,45,1604,66.3,21.5,1000.6,1011.6,906.0,1008.3,1604.0,1010.3,12.7,10.9,1200.0,3.13,22.64,,,,,,3.3,2.0,30.5,15.1,26.5,26.3,25.7,25.9,26.4,25.6,25.4,21.5,17.9,4.5,6.4,,,,2023,9,36,252,0,0,1,0
108,서울,2023-09-10,25.7,22.0,616,29.6,1445,,,,,,,6.2,290.0,1700.0,3.4,290.0,1704.0,1.6,1373.0,290.0,19.2,53,1547,68.1,22.2,999.8,1010.8,847.0,1007.9,1559.0,1009.4,12.7,5.7,1000.0,2.27,14.57,,,,,,6.1,1.4,29.6,16.7,26.3,26.3,25.7,25.8,26.4,25.6,25.4,21.5,18.0,3.0,4.3,,,,2023,9,36,253,0,0,1,0
108,서울,2023-09-11,25.5,23.1,617,29.8,1533,,,,,,,5.8,250.0,1806.0,3.8,270.0,1450.0,1.9,1606.0,270.0,18.7,50,1606,67.3,21.6,999.2,1010.6,2345.0,1007.0,1537.0,1008.8,12.6,5.1,1000.0,2.41,14.79,,,,,,6.5,3.3,28.7,18.9,26.0,26.1,25.6,25.8,26.3,25.5,25.4,21.5,18.0,3.4,4.8,,,,2023,9,37,254,0,0,1,0
108,서울,2023-09-12,25.7,21.7,642,29.8,1419,,,,,,,5.4,320.0,2058.0,3.4,320.0,2101.0,1.5,1254.0,290.0,19.5,55,1153,69.8,22.6,1000.3,1011.3,635.0,1008.4,1552.0,1010.0,12.6,3.5,1300.0,1.99,12.52,,,,,,7.4,2.4,28.9,15.3,25.7,25.9,25.3,25.5,26.2,25.5,25.4,21.5,18.0,2.6,3.7,0.0,,,2023,9,37,255,0,0,1,0
108,서울,2023-09-13,22.1,19.6,2112,24.6,1,0.8,1635.0,2.9,1556.0,15.75,15.9,7.7,50.0,2012.0,4.2,50.0,2021.0,1.8,1554.0,50.0,19.3,70,1152,84.5,22.3,1001.6,1012.8,1115.0,1010.4,119.0,1011.4,12.5,0.0,1300.0,0.5,3.35,,,,,,9.9,7.0,22.7,18.7,24.6,25.1,24.9,25.3,26.1,25.4,25.4,21.5,18.1,1.0,1.5,15.9,{비}0555-{비}{강도0}0600-{비}{강도0}0900-{비}{강도0}1200-{비}{강도0}1500-{비}{강도0}1800-{비}{강도0}2100-2140. {박무}1550-{박무}{강도0}1800-1915.,,2023,9,37,256,0,0,1,1
108,서울,2023-09-14,23.4,19.2,610,27.2,1148,,,,,,,9.3,50.0,1206.0,4.1,50.0,1215.0,2.4,2084.0,70.0,17.9,60,1201,72.4,20.5,1002.8,1014.7,2351.0,1010.4,354.0,1012.6,12.5,4.2,1100.0,2.76,13.7,,,,,,7.6,4.0,24.0,16.1,24.0,24.2,23.9,24.4,25.6,25.4,25.4,21.5,18.1,3.0,4.3,1.9,,,2023,9,37,257,0,0,1,0
108,서울,2023-09-15,22.3,20.3,709,24.3,1544,0.4,543.0,0.9,705.0,12.17,2.1,7.6,50.0,921.0,3.9,50.0,18.0,2.6,2242.0,50.0,19.0,67,125,82.3,22.1,1003.5,1015.0,1017.0,1011.8,1838.0,1013.3,12.5,0.1,1400.0,0.82,5.35,,,,,,9.8,6.9,22.6,18.9,23.7,24.1,23.8,24.3,25.4,25.3,25.3,21.5,18.1,1.3,1.9,0.5,{비}0215-{비}{강도0}0300-0320. {비}0515-{비}{강도0}0600-{비}{강도0}0900-{비}{강도0}1200-1415. {비}1510-1520. {비}2205-{비}{강도0}2400-,,2023,9,37,258,0,0,1,1
108,서울,2023-09-16,23.9,22.0,233,26.6,1442,8.1,2131.0,28.0,2101.0,9.75,38.7,4.5,50.0,1331.0,2.6,50.0,1223.0,1.7,1462.0,50.0,21.7,76,1449,87.8,25.9,1001.6,1012.9,1.0,1009.1,1901.0,1011.4,12.4,0.1,1200.0,1.12,6.3,,,,,,9.9,6.8,24.7,21.1,24.4,24.6,24.0,24.2,25.3,25.1,25.3,21.5,18.2,1.3,1.8,41.4,-{비}-0150. {비}0330-0410. {비}1405-1410. {비}1650-{비}{강도0}1800-{비}{강도0}2100-{시정(미만)}{1km}{비}2129-{시정(미만)}{0.5km}{비}2133-{시정(이상)}{0.5km}{비}2148-{시정(이상)}{1km}{비}2202-{시정(미만)}{1km}{비}2347-{시정(이상)}{1km}{비}2358-{비}{강도1}2400-,,2023,9,37,259,0,0,1,1
108,서울,2023-09-17,24.7,22.0,416,28.0,1524,1.8,1.0,11.4,-2331.0,2.08,3.0,5.5,320.0,1515.0,3.3,290.0,1438.0,1.4,1225.0,270.0,21.8,68,1643,84.8,26.1,1000.1,1011.0,1040.0,1008.3,1543.0,1009.8,12.4,3.3,1400.0,1.92,12.49,,,,,,8.0,4.5,26.3,20.0,24.8,24.8,24.2,24.3,25.2,25.0,25.2,21.5,18.2,2.4,3.4,,-{비}-0125. {비}0250-{비}{강도0}0300-0330.,,2023,9,37,260,0,0,1,1
108,서울,2023-09-18,24.7,22.1,616,28.9,1238,,,,,,,7.7,290.0,1328.0,5.0,290.0,1747.0,1.9,1667.0,270.0,20.6,58,1632,79.1,24.3,1002.0,1013.2,2357.0,1010.4,1522.0,1011.7,12.4,4.9,1100.0,2.97,13.83,,,,,,3.8,3.5,25.0,18.0,25.3,25.3,24.7,24.7,25.4,25.0,25.2,21.5,18.2,2.8,4.0,,{박무}0650-0730.,,2023,9,38,261,0,0,1,0
108,서울,2023-09-19,24.1,21.6,555,27.2,1317,,,,,,,5.5,270.0,1624.0,3.6,270.0,1606.0,1.6,1415.0,270.0,20.5,62,1347,81.1,24.2,1003.6,1014.5,803.0,1012.2,1443.0,1013.4,12.3,1.3,1200.0,1.73,8.98,,,,,,8.6,7.4,24.5,16.3,25.0,24.9,24.4,24.6,25.5,24.9,25.1,21.5,18.3,1.9,2.7,2.6,{박무}0545-{박무}{강도0}0600-0610.,,2023,9,38,262,0,0,1,0
108,서울,2023-09-20,20.6,18.8,2351,23.9,1,2.4,1540.0,9.6,1536.0,18.83,35.8,9.9,20.0,1606.0,5.1,50.0,1705.0,2.7,2356.0,50.0,18.8,80,2356,90.4,21.8,1000.5,1014.0,1.0,1007.4,1951.0,1010.4,12.3,0.0,1100.0,0.44,2.53,,,,,,9.4,5.8,21.6,17.2,23.7,23.9,23.8,24.3,25.4,24.9,25.1,21.6,18.3,1.1,1.6,33.2,{박무}0050-0150. {비}0155-{비}{강도0}0300-{비}{강도0}0600-{비}{강도0}0900-{비}{강도0}1200-{비}{강도1}1500-{비}{강도0}1800-1945. {박무}0310-0450. {박무}0610-{박무}{강도0}0900-{박무}{강도0}1200-{박무}{강도1}1500-{박무}{강도1}1800-1835. {무지개}1830-1835. {비}2210-2245. {비}2325-2350.,,2023,9,38,263,0,0,1,1
108,서울,2023-09-21,20.1,17.5,2349,23.6,1442,0.0,,0.0,,0.83,0.0,10.6,20.0,111.0,5.2,50.0,112.0,2.3,1994.0,50.0,14.5,53,1223,70.9,16.5,1001.5,1014.3,2355.0,1008.0,116.0,1011.4,12.2,2.4,1100.0,2.41,13.28,,,,,,7.1,4.3,21.6,10.9,22.6,22.7,22.6,23.2,24.7,24.9,25.1,21.6,18.3,2.4,3.4,,{비}0440-0530.,,2023,9,38,264,0,0,1,0
108,서울,2023-09-22,20.5,15.2,626,26.7,1511,,,,,,,5.6,320.0,1601.0,3.3,290.0,1549.0,1.7,1471.0,20.0,13.7,37,1708,68.4,15.8,1005.6,1017.4,2257.0,1013.7,1503.0,1015.5,12.2,10.4,1300.0,2.91,20.37,,,,,,2.0,0.9,21.8,9.9,22.2,22.3,22.2,22.9,24.2,24.7,25.1,21.8,18.4,4.0,5.7,,,,2023,9,38,265,0,0,1,0
108,서울,2023-09-23,21.8,16.3,643,27.6,1418,,,,,,,9.4,20.0,1936.0,4.6,50.0,1932.0,2.5,2150.0,50.0,14.1,38,1351,63.9,16.1,1009.4,1021.5,2244.0,1017.0,1.0,1019.4,12.2,10.9,1200.0,2.9,19.69,,,,,,4.6,1.1,22.5,12.0,22.5,22.5,22.3,22.8,23.9,24.5,25.0,21.8,18.4,4.6,6.5,,{햇무리}0950-1530.,,2023,9,38,266,0,0,1,0
108,서울,2023-09-24,21.8,17.9,635,26.2,1440,,,,,,,8.4,70.0,1013.0,4.7,50.0,907.0,2.9,2535.0,70.0,12.3,37,1420,56.4,14.3,1009.5,1021.7,809.0,1017.3,1645.0,1019.4,12.1,9.0,1200.0,3.03,19.16,,,,,,5.4,2.0,23.2,13.9,22.6,22.6,22.3,22.8,23.8,24.3,24.9,21.8,18.4,4.3,6.1,0.3,{햇무리}1330-1605.,,2023,9,38,267,0,0,1,0
108,서울,2023-09-25,21.6,17.9,450,26.0,1327,0.3,2041.0,1.0,2222.0,8.08,1.9,6.2,50.0,825.0,3.4,70.0,836.0,2.3,1992.0,50.0,14.8,49,1330,66.4,16.9,1006.0,1018.3,36.0,1013.8,1802.0,1015.9,12.1,1.3,1200.0,2.34,11.15,,,,,,9.6,8.6,22.1,15.6,22.6,22.6,22.3,22.7,23.7,24.1,24.8,21.7,18.4,2.2,3.2,17.7,{비}0115-{비}{강도0}0300-0510. {비}1810-1835. {비}2015-{비}{강도0}2100-{비}{강도0}2400-,,2023,9,39,268,0,0,1,1
108,서울,2023-09-26,19.9,18.6,510,20.8,1355,1.8,208.0,6.1,204.0,24.0,27.8,5.7,90.0,46.0,3.5,90.0,51.0,2.4,2054.0,50.0,19.2,87,1,95.8,22.3,1002.4,1015.0,1.0,1010.8,1528.0,1012.3,12.0,0.0,1300.0,0.41,2.33,,,,,,10.0,8.3,20.3,18.3,21.1,22.0,21.8,22.4,23.6,24.0,24.7,21.7,18.5,0.6,0.9,15.8,-{비}-{비}{강도1}0300-{비}{강도0}0600-{비}{강도0}0900-{비}{강도0}1200-{비}{강도0}1500-{비}{강도0}1800-{비}{강도0}2100-{비}{강도0}2400-,,2023,9,39,269,0,0,1,1
108,서울,2023-09-27,21.5,20.0,632,23.7,1433,0.4,424.0,1.4,344.0,11.75,4.4,5.6,250.0,1905.0,3.1,250.0,1902.0,1.8,1548.0,50.0,19.8,81,1428,90.1,23.1,1000.7,1011.8,2120.0,1009.4,1425.0,1010.6,12.0,0.1,1200.0,1.17,6.65,,,,,,9.1,8.0,22.6,18.4,21.9,22.3,21.8,22.2,23.3,23.8,24.6,21.7,18.5,1.4,2.0,0.3,-{비}-{비}{강도0}0300-{비}{강도0}0600-{비}{강도0}0900-1145. {박무}0350-{박무}{강도0}0600-0640. {박무}0845-{박무}{강도1}0900-1135.,,2023,9,39,270,0,0,1,1
108,서울,2023-09-28,22.7,19.6,634,27.3,1422,,,,,,,7.2,290.0,1405.0,3.7,250.0,1600.0,2.0,1724.0,270.0,18.4,54,1536,78.3,21.2,1003.2,1014.5,2140.0,1011.2,113.0,1013.1,12.0,8.4,1300.0,2.51,17.06,,,,,,5.0,4.0,24.3,15.9,22.8,22.9,22.3,22.5,23.4,23.7,24.5,21.7,18.5,3.2,4.5,,{박무}0505-{박무}{강도0}0600-0850. {연무}1715-{연무}{강도0}1800-2030. {박무}2025-{박무}{강도1}2100-{박무}{강도1}2400-,,2023,9,39,271,0,0,1,0
108,서울,2023-09-29,21.1,17.4,634,26.9,1444,,,,,,,6.4,200.0,1512.0,3.9,250.0,1741.0,1.4,1214.0,270.0,12.9,33,1516,61.5,14.9,1003.7,1016.2,947.0,1011.4,2352.0,1013.6,11.9,5.5,1200.0,2.91,16.39,,,,,,7.1,5.0,22.3,14.4,22.5,22.8,22.4,22.7,23.6,23.6,24.3,21.8,18.6,3.7,5.2,0.3,-{박무}-0235.,,2023,9,39,272,0,0,1,0
108,서울,2023-09-30,19.7,17.1,2359,22.2,1659,2.9,1400.0,4.2,1333.0,6.83,4.5,9.9,250.0,1707.0,5.1,200.0,1557.0,2.2,1910.0,200.0,15.5,64,353,77.0,17.7,1000.5,1012.1,112.0,1008.0,1616.0,1010.4,11.9,1.6,1500.0,1.31,7.45,,,,,,6.1,4.6,21.0,10.8,21.7,22.0,21.9,22.4,23.5,23.5,24.3,21.8,18.6,1.7,2.5,4.2,{비}0105-{비}{강도0}0300-0405. {비}1045-{비}{강도0}1200-1435.,,2023,9,39,273,0,0,1,1
108,서울,2023-10-01,18.4,14.4,652,23.7,1511,,,,,,,8.5,250.0,1648.0,4.3,290.0,1525.0,2.4,2063.0,290.0,9.8,34,1515,59.5,12.2,1004.2,1016.8,2357.0,1010.8,1.0,1014.2,11.8,10.4,1200.0,2.98,20.05,,,,,,0.1,0.1,19.3,8.5,19.7,20.6,20.6,21.4,23.0,23.5,24.2,21.7,18.6,4.1,5.8,,,,2023,10,39,274,0,0,1,0
108,서울,2023-10-02,18.2,12.9,657,24.6,1538,,,,,,,8.5,340.0,1306.0,5.1,340.0,1311.0,1.7,1435.0,320.0,7.9,27,1435,53.8,10.7,1007.6,1019.5,931.0,1016.0,1538.0,1017.6,11.8,10.3,1100.0,2.87,19.93,,,,,,2.0,0.0,19.0,6.9,19.6,19.7,19.9,20.8,22.4,23.3,24.1,21.7,18.6,4.2,6.0,,,,2023,10,40,275,0,0,1,0
108,서울,2023-10-03,17.5,14.4,250,22.5,1521,,,,,,,5.0,50.0,611.0,3.0,50.0,553.0,1.7,1435.0,50.0,10.9,47,1533,66.3,13.0,1007.0,1019.0,149.0,1015.6,1617.0,1017.0,11.7,3.0,1400.0,2.03,9.4,,,,,,4.9,2.3,18.4,8.6,18.8,19.3,19.5,20.3,21.9,23.1,24.0,21.7,18.7,2.0,2.9,,,,2023,10,40,276,0,0,1,0
108,서울,2023-10-04,17.3,14.2,647,23.2,1257,2.8,1634.0,11.7,1607.0,2.83,14.7,11.3,360.0,1534.0,6.4,340.0,1542.0,2.1,1773.0,20.0,12.6,53,1301,75.5,14.8,1003.6,1016.3,1.0,1010.7,1750.0,1013.7,11.7,5.3,1100.0,2.3,12.11,,,,,,5.8,3.1,17.9,9.1,18.3,19.2,19.1,19.9,21.5,22.8,23.9,21.6,18.7,2.5,3.6,14.7,{비}1530-{비}{강도1}1800-1820. {박무}1810-1930.,,2023,10,40,277,0,0,1,1
108,서울,2023-10-05,14.2,9.9,640,19.2,1556,,,,,,,7.8,270.0,1235.0,4.4,320.0,1022.0,2.6,2217.0,290.0,2.6,34,1405,46.1,7.4,1006.2,1017.8,2145.0,1014.6,1.0,1016.4,11.7,10.6,1100.0,2.88,19.99,,,,,,2.3,0.0,15.5,2.9,17.3,17.7,18.1,19.2,21.1,22.6,23.7,21.6,18.7,4.0,5.7,,,,2023,10,40,278,0,0,1,0
108,서울,2023-10-06,15.5,9.6,641,21.5,1447,,,,,,,6.1,290.0,1529.0,3.3,290.0,1415.0,1.6,1393.0,270.0,6.1,33,1449,55.3,9.5,1008.5,1020.1,828.0,1016.8,1639.0,1018.6,11.6,8.8,1300.0,3.01,17.92,,,,,,5.6,0.0,16.4,3.3,16.4,17.4,17.6,18.5,20.5,22.3,23.6,21.6,18.7,3.4,4.9,,,,2023,10,40,279,0,0,1,0
108,서울,2023-10-07,16.8,11.7,630,21.2,1543,,,,,,,6.0,50.0,919.0,3.6,70.0,958.0,2.1,1813.0,50.0,9.2,42,1331,62.6,11.7,1011.5,1023.6,2257.0,1019.7,1.0,1021.7,11.6,5.2,1000.0,2.02,13.16,,,,,,7.8,0.0,16.0,6.4,16.8,17.8,17.8,18.6,20.2,22.0,23.4,21.5,18.8,2.7,3.8,,,,2023,10,40,280,0,0,1,0
108,서울,2023-10-08,17.1,15.2,531,19.5,1555,0.0,,0.0,,2.08,0.0,6.6,50.0,1833.0,3.5,50.0,1233.0,2.5,2157.0,50.0,10.9,61,1718,67.1,13.0,1012.4,1023.7,931.0,1021.2,1739.0,1022.5,11.6,0.0,1000.0,0.84,5.92,,,,,,8.4,5.6,16.1,12.3,17.3,17.9,17.9,18.6,20.2,21.7,23.2,21.5,18.8,1.7,2.5,0.4,{비}1225-1430.,,2023,10,40,281,0,0,1,0
108,서울,2023-10-09,17.4,14.1,2359,22.4,1526,0.7,2106.0,0.7,2055.0,4.92,1.2,7.7,320.0,2111.0,4.5,320.0,2112.0,1.9,1684.0,50.0,11.2,51,1521,68.1,13.3,1009.1,1021.9,22.0,1017.0,1706.0,1019.2,11.5,4.2,1100.0,2.16,11.77,,,,,,6.0,4.5,18.3,8.5,17.6,18.3,18.1,18.7,20.0,21.5,23.1,21.5,18.8,2.3,3.3,0.8,{비}0710-{비}{강도0}0900-1140. {비}2055-{비}{강도0}2100-2120.,,2023,10,41,282,0,0,1,1
108,서울,2023-10-10,17.1,11.9,617,23.5,1523,,,,,,,6.3,360.0,1310.0,3.3,290.0,358.0,1.6,1421.0,50.0,10.2,36,1631,67.1,12.5,1010.4,1022.4,2330.0,1019.0,1.0,1020.5,11.5,10.6,1200.0,2.75,18.62,,,,,,0.0,0.0,18.3,6.6,17.1,18.1,17.8,18.4,20.0,21.3,22.9,21.5,18.8,3.3,4.7,,,,2023,10,41,283,0,0,1,0
108,서울,2023-10-11,17.6,12.9,719,24.0,1529,,,,,,,6.1,70.0,1231.0,2.9,50.0,511.0,1.7,1468.0,50.0,8.4,33,1414,57.5,11.1,1013.8,1025.6,927.0,1022.4,1.0,1023.9,11.4,10.0,1200.0,2.73,17.49,,,,,,0.5,0.0,17.7,8.1,17.4,18.2,17.9,18.5,19.9,,,21.4,18.8,3.5,5.0,,,,2023,10,41,284,0,0,1,0
108,서울,2023-10-12,17.5,12.0,642,24.1,1325,,,,,,,4.6,290.0,2001.0,2.9,290.0,1954.0,1.5,1316.0,20.0,9.8,40,1331,62.4,12.2,1013.5,1026.5,907.0,1021.6,1609.0,1023.7,11.4,7.3,1200.0,2.62,14.4,,,,,,4.1,0.9,16.9,6.5,17.1,18.1,18.0,18.6,19.8,21.1,22.6,21.4,18.9,2.6,3.7,,,,2023,10,41,285,0,0,1,0
108,서울,2023-10-13,17.5,14.3,613,21.5,1236,,,,,,,4.8,20.0,1122.0,3.2,50.0,1125.0,1.5,1274.0,50.0,11.6,50,1309,69.6,13.7,1007.1,1022.1,1.0,1013.5,2357.0,1017.1,11.4,2.5,1100.0,1.7,9.14,,,,,,7.6,2.4,16.5,8.4,18.0,18.2,18.1,18.6,19.8,20.9,22.4,21.4,18.9,1.7,2.5,1.5,{햇무리}0910-1110.,,2023,10,41,286,0,0,1,0
108,서울,2023-10-14,14.7,12.9,2356,18.2,1537,1.0,1246.0,2.2,1111.0,6.25,5.8,4.8,20.0,955.0,3.0,360.0,1643.0,1.4,1219.0,50.0,12.1,68,1550,84.9,14.1,999.8,1013.5,1.0,1007.6,1533.0,1009.9,11.3,2.5,1300.0,1.64,6.54,,,,,,5.5,3.6,16.3,6.7,16.4,17.3,17.3,18.1,19.7,20.8,22.3,21.3,18.9,1.1,1.6,4.3,{박무}0435-{박무}{강도0}0600-{박무}{강도1}0900-{박무}{강도1}1200-1350. {비}0705-{비}{강도0}0900-{비}{강도0}1200-1320. {박무}2055-{박무}{강도0}2100-{박무}{강도0}2400-,,2023,10,41,287,0,0,1,1
108,서울,2023-10-15,16.1,10.9,636,21.2,1533,,,,,,,8.2,230.0,1613.0,4.3,250.0,1616.0,2.0,1689.0,250.0,12.3,52,1404,80.0,14.3,1000.1,1011.3,2123.0,1008.9,318.0,1010.2,11.3,6.1,1300.0,2.3,13.73,,,,,,2.0,2.0,16.1,5.2,15.5,16.8,16.7,17.6,19.2,20.7,22.2,21.3,18.9,2.6,3.7,,-{박무}-{박무}{강도0}0300-{박무}{강도0}0600-{박무}{강도0}0900-0940.,,2023,10,41,288,0,0,1,0
108,서울,2023-10-16,14.7,10.7,2354,19.6,1403,,,,,,,6.3,270.0,1421.0,3.8,320.0,1040.0,2.4,2060.0,290.0,5.7,33,1244,57.0,9.3,1004.6,1017.0,2250.0,1011.2,1.0,1014.8,11.2,10.4,1200.0,2.74,18.0,,,,,,0.0,0.0,15.9,3.2,16.0,17.0,16.9,17.5,19.1,20.5,22.1,21.3,18.9,3.5,5.0,,,,2023,10,42,289,0,0,1,0
108,서울,2023-10-17,13.8,7.5,652,20.9,1533,,,,,,,5.1,230.0,1320.0,2.9,290.0,1320.0,1.6,1400.0,270.0,4.4,26,1436,55.6,8.4,1008.7,1020.4,2243.0,1017.0,1.0,1018.9,11.2,10.4,1200.0,2.68,17.85,,,,,,0.0,0.0,14.6,0.2,15.1,15.7,16.1,17.2,18.8,20.4,22.0,21.2,19.0,3.4,4.9,,,,2023,10,42,290,0,0,1,0
108,서울,2023-10-18,15.7,9.2,706,21.6,1457,,,,,,,8.1,250.0,1505.0,4.7,270.0,1608.0,2.1,1778.0,200.0,9.3,39,1449,67.0,11.9,1008.6,1021.3,815.0,1016.8,1636.0,1018.8,11.2,8.3,1200.0,2.25,14.37,,,,,,4.0,2.3,15.8,3.0,14.9,15.8,15.9,16.8,18.3,20.2,21.8,21.2,19.0,2.6,3.7,8.0,,,2023,10,42,291,0,0,1,0
108,서울,2023-10-19,17.0,14.9,2354,18.9,1450,4.1,729.0,7.5,712.0,4.5,8.2,6.4,160.0,411.0,3.9,320.0,2320.0,1.5,1322.0,180.0,13.9,65,2248,82.5,16.1,1004.4,1017.4,1.0,1012.8,1536.0,1014.5,11.1,0.0,1400.0,0.57,2.88,,,,,,9.5,8.1,16.6,13.0,16.1,17.2,17.0,17.4,18.4,19.9,21.7,21.1,19.0,1.2,1.7,0.2,{비}0625-{비}{강도0}0900-1055. {박무}0820-{박무}{강도1}0900-{박무}{강도0}1200-{박무}{강도0}1500-1655. {박무}1940-2030.,,2023,10,42,292,0,0,1,1
108,서울,2023-10-20,11.6,7.2,2352,15.1,1357,,,,,,,12.1,290.0,1341.0,6.4,270.0,1350.0,3.2,2736.0,270.0,0.4,32,1330,46.9,6.4,1006.6,1020.3,2215.0,1013.9,35.0,1016.9,11.1,10.1,1200.0,2.7,17.9,,,,,,1.3,0.4,13.4,0.9,14.9,15.7,16.2,17.1,18.5,19.8,21.5,21.1,19.0,3.5,5.0,1.1,,,2023,10,42,293,0,0,1,0
108,서울,2023-10-21,10.4,5.9,409,16.6,1446,0.7,801.0,1.1,740.0,1.17,1.1,9.9,290.0,1406.0,5.6,290.0,1409.0,2.3,1996.0,290.0,1.1,31,1650,54.8,6.7,1009.6,1022.4,2151.0,1017.8,647.0,1020.0,11.1,8.6,1200.0,2.64,16.7,,,,,,1.1,0.5,11.1,-1.4,12.7,13.6,14.4,15.7,17.8,19.7,21.4,21.0,19.0,3.2,4.6,,{비}0640-0655. {비}0740-0835.,,2023,10,42,294,0,0,1,1
108,서울,2023-10-22,12.5,5.4,712,18.7,1451,,,,,,,6.9,250.0,1459.0,4.6,230.0,1637.0,1.7,1497.0,230.0,6.2,42,1207,67.3,9.8,1012.2,1024.2,810.0,1020.8,1455.0,1022.5,11.0,8.6,1100.0,2.34,14.58,,,,,,4.3,0.6,12.5,-0.6,12.3,13.4,13.7,14.8,17.1,19.4,21.3,21.0,19.0,2.3,3.3,,,,2023,10,42,295,0,0,1,0
108,서울,2023-10-23,15.2,11.1,701,21.4,1437,,,,,,,5.9,290.0,1700.0,3.4,290.0,1703.0,1.7,1434.0,50.0,10.2,47,1450,73.8,12.4,1011.7,1024.2,832.0,1020.1,1632.0,1021.9,11.0,6.5,1100.0,2.06,12.64,,,,,,3.8,3.8,14.3,5.7,13.7,14.8,14.4,14.9,16.9,19.1,21.1,20.9,19.0,2.2,3.1,,{박무}0345-{박무}{강도0}0600-{박무}{강도0}0900-1040.,,2023,10,43,296,0,0,1,0
108,서울,2023-10-24,15.6,11.2,557,19.3,1156,,,,,,,5.8,180.0,1506.0,3.4,180.0,1512.0,1.7,1504.0,20.0,11.7,62,1356,78.5,13.8,1009.4,1021.4,903.0,1017.4,1633.0,1019.5,10.9,3.7,1100.0,2.12,9.34,,,,,,5.0,3.8,14.9,5.5,14.0,15.3,14.8,15.3,17.1,18.9,21.0,20.9,19.0,1.6,2.3,,{박무}0345-{박무}{강도0}0600-{박무}{강도0}0900-1120. {박무}2150-{박무}{강도0}2400-,,2023,10,43,297,0,0,1,0
108,서울,2023-10-25,16.6,12.7,709,21.9,1436,,,,,,,4.4,180.0,1352.0,3.0,180.0,1354.0,1.4,1211.0,270.0,12.6,53,1512,78.6,14.6,1007.3,1019.2,59.0,1015.6,1520.0,1017.4,10.9,6.0,1300.0,2.06,11.4,,,,,,4.0,4.0,16.2,6.5,14.5,15.9,15.4,15.8,17.2,18.8,20.8,20.9,19.0,2.0,2.8,,-{박무}-{박무}{강도0}0300-{박무}{강도1}0600-{박무}{강도0}0900-1030. {박무}2050-{박무}{강도0}2100-{박무}{강도0}2400-,,2023,10,43,298,0,0,1,0
108,서울,2023-10-26,17.2,14.6,2337,21.1,1346,0.0,,0.0,,2.75,0.0,8.7,230.0,1954.0,4.8,50.0,2028.0,2.1,1772.0,50.0,13.5,67,1339,79.4,15.5,1003.8,1016.9,1.0,1010.9,1937.0,1013.8,10.9,0.8,1200.0,1.24,5.79,,,,,,8.9,8.5,16.8,12.2,15.4,16.8,16.5,16.7,17.5,18.7,20.7,20.8,19.0,1.4,2.0,0.0,-{박무}-{박무}{강도0}0300-{박무}{강도0}0600-{박무}{강도1}0900-{박무}{강도0}1200-1330. {연무}1325-{연무}{강도0}1500-1725. {비}1720-{비}{강도0}1800-1950. {박무}1720-{박무}{강도0}1800-2030. ]{우박}[(d 1.0)(NE 13)/중랑구/ 연합뉴스2000-2015. ]{우박}[(d 1.0)(SE 17)/강동구/서울신문2020-2025. {비}2255-2310.,,2023,10,43,299,0,0,1,0
108,서울,2023-10-27,15.7,12.6,2357,20.2,1457,,,,,,,6.1,20.0,1102.0,3.6,290.0,617.0,1.9,1684.0,290.0,10.1,49,1530,71.1,12.4,1004.0,1016.8,2357.0,1011.3,337.0,1014.1,10.8,4.6,1300.0,1.87,10.07,,,,,,3.8,3.8,16.5,6.0,15.1,16.7,16.7,17.0,17.9,18.7,20.5,20.8,19.0,2.0,2.8,,{박무}0150-{박무}{강도0}0300-0350. {박무}0540-{박무}{강도0}0600-0850.,,2023,10,43,300,0,0,1,0
108,서울,2023-10-28,14.2,9.4,717,20.7,1417,,,,,,,5.0,200.0,1333.0,2.8,200.0,1422.0,1.4,1245.0,20.0,6.3,27,1444,62.9,9.7,1007.8,1020.2,2353.0,1016.5,1427.0,1018.0,10.8,9.7,1200.0,2.36,15.3,,,,,,0.0,0.0,14.6,3.0,13.8,15.5,15.7,16.5,17.7,18.7,20.4,20.7,19.1,2.7,3.8,,,,2023,10,43,301,0,0,1,0
108,서울,2023-10-29,14.9,9.8,656,21.8,1407,,,,,,,5.8,140.0,1145.0,2.8,110.0,1125.0,1.7,1487.0,50.0,7.0,34,1522,61.6,10.0,1010.8,1022.3,837.0,1019.3,1537.0,1021.0,10.8,9.7,1200.0,2.4,15.3,,,,,,0.0,0.0,14.9,3.9,14.8,15.0,15.2,16.0,17.3,18.7,20.3,20.7,19.1,2.8,4.0,,,,2023,10,43,302,0,0,1,0
108,서울,2023-10-30,15.1,9.7,657,21.9,1442,,,,,,,5.3,200.0,1252.0,3.1,270.0,1616.0,1.7,1471.0,20.0,9.7,44,1434,72.0,12.1,1011.6,1023.1,815.0,1020.2,1454.0,1021.9,10.7,9.3,1200.0,2.28,13.71,,,,,,1.1,0.0,14.8,3.5,14.4,15.0,15.2,15.9,17.1,18.5,20.3,20.6,19.1,2.4,3.4,,{연무}1540-1610. {박무}2035-{박무}{강도0}2100-{박무}{강도0}2400-,,2023,10,44,303,0,0,1,0
108,서울,2023-10-31,16.5,12.7,204,20.8,1427,,,,,,,7.2,230.0,1514.0,3.9,200.0,1515.0,1.8,1595.0,50.0,12.0,54,1435,76.0,14.0,1010.9,1023.2,817.0,1019.0,2258.0,1021.0,10.7,5.2,1300.0,1.85,10.57,,,,,,5.8,5.3,16.4,6.3,15.1,15.7,15.5,16.0,,18.4,20.2,20.5,19.1,2.0,2.9,0.0,-{박무}-{박무}{강도0}0300-{박무}{강도0}0600-{박무}{강도0}0900-1145. {연무}1140-{연무}{강도0}1200-{연무}{강도0}1500-1540. {연무}2215-2345. {박무}2340-{박무}{강도0}2400-,,2023,10,44,304,0,0,1,0
108,서울,2023-11-01,19.0,17.2,452,20.6,1504,,,,,0.83,0.0,8.0,230.0,1758.0,4.4,200.0,1458.0,2.4,2093.0,200.0,15.8,77,1457,81.8,17.9,1006.7,1019.3,56.0,1014.9,1728.0,1016.7,10.7,0.0,1200.0,0.42,2.23,,,,,,9.0,9.0,17.3,16.2,16.3,16.9,16.5,16.6,17.3,18.3,20.1,20.5,19.1,1.0,1.4,,-{박무}-{박무}{강도0}0300-{박무}{강도0}0600-{박무}{강도0}0900-{박무}{강도0}1200-1410. {비}0630-0720. {박무}1730-{박무}{강도0}1800-{박무}{강도0}2100-{박무}{강도0}2400-,,2023,11,44,305,0,0,1,0
108,서울,2023-11-02,20.8,18.7,2305,25.9,1442,,,,,,,11.0,180.0,1402.0,5.7,230.0,1414.0,2.9,2518.0,200.0,14.9,38,1600,70.9,17.0,1005.6,1017.3,910.0,1013.8,1622.0,1015.5,10.6,8.0,1200.0,2.22,12.86,,,,,,4.6,4.6,20.5,15.1,17.8,18.2,17.6,17.4,17.7,18.3,20.0,20.4,19.1,3.3,4.6,,-{박무}-{박무}{강도0}0300-{박무}{강도0}0600-0730.,,2023,11,44,306,0,0,1,0
108,서울,2023-11-03,19.5,17.7,2341,22.4,1225,,,,,2.75,8.5,9.0,200.0,15.0,5.1,200.0,1308.0,2.8,2437.0,180.0,16.5,70,1227,83.3,18.7,1004.5,1016.4,2350.0,1012.8,1356.0,1014.5,10.6,1.2,1200.0,1.45,6.1,,,,,,7.9,6.5,18.7,15.0,17.6,18.4,18.0,18.0,18.3,18.4,19.9,20.4,19.1,1.3,1.9,8.5,{비}1310-1345. {비}1702-1752. {박무}1735-{박무}{강도0}1800-{박무}{강도0}2100-{박무}{강도1}2400- {비}1820-1940.,,2023,11,44,307,0,0,1,1
108,서울,2023-11-04,17.4,14.1,724,20.9,1459,,,,,,,7.1,70.0,2138.0,4.4,50.0,1133.0,2.6,2233.0,50.0,12.9,64,1437,75.5,14.9,1009.7,1022.2,2316.0,1016.3,11.0,1019.8,10.5,2.8,1300.0,1.35,8.32,,,,,,5.6,2.3,17.2,9.8,17.3,17.8,17.6,17.9,18.5,18.5,19.9,20.3,19.1,1.9,2.8,4.7,-{박무}-{박무}{강도0}0300-0420.,,2023,11,44,308,0,0,1,0
108,서울,2023-11-05,17.3,15.1,738,20.4,1917,,,,,13.17,10.4,10.6,160.0,1904.0,5.1,50.0,812.0,3.3,2823.0,50.0,15.1,71,28,87.0,17.2,1005.1,1022.0,1.0,1004.7,2346.0,1015.2,10.5,0.0,1100.0,0.86,3.75,,,,,,9.1,5.0,16.5,13.7,16.0,17.1,17.1,17.5,18.4,18.6,19.9,20.3,19.1,0.9,1.2,46.5,{비}0115-0215. {비}0450-{비}{강도0}0600-0740. {비}0935-{비}{강도0}1200-1210. {비}1425-{비}{강도0}1500-1515. {비}1615-1630. {비}1820-{비}{강도0}2100-{비}{강도0}2400- {박무}2035-{박무}{강도1}2100-2250. {박무}2359-{박무}{강도0}2400-,,2023,11,44,309,0,0,1,1
108,서울,2023-11-06,13.3,6.6,2333,19.3,352,,,,,20.25,45.8,16.9,230.0,1538.0,9.1,230.0,1452.0,4.9,4192.0,250.0,10.7,56,1708,84.9,13.5,995.9,1013.2,2325.0,998.5,646.0,1006.0,10.5,0.8,1300.0,0.89,4.42,,,,,,9.4,8.1,14.0,5.1,16.0,17.0,17.1,17.4,18.2,18.6,19.9,20.2,19.1,1.5,2.1,5.0,-{비}-{비}{강도1}0300-0515. -{박무}-{박무}{강도1}0300-0355. {비}0635-{비}{강도0}0900-0940. {박무}0655-0845. {비}1030-{비}{강도0}1200-{비}{강도0}1500-1710. {비}1805-1955. {비}2010-{비}{강도0}2100-2250. {비}2315-{비}{강도0}2400-,,2023,11,45,310,0,0,1,1
108,서울,2023-11-07,5.8,3.6,810,9.9,1504,,,,,0.25,0.0,16.5,290.0,106.0,8.5,270.0,153.0,3.2,2793.0,270.0,-0.9,44,1355,62.5,5.7,1010.9,1024.6,2203.0,1013.2,1.0,1021.5,10.4,8.4,1200.0,2.38,14.34,,,,,,1.6,1.6,8.6,-1.7,12.2,12.7,13.8,15.3,17.4,18.5,19.8,20.2,19.1,2.0,2.8,,-{비}-0015.,,2023,11,45,311,0,0,0,0
108,서울,2023-11-08,8.4,1.8,709,16.1,1503,,,,,,,5.1,70.0,839.0,3.0,90.0,843.0,1.7,1451.0,50.0,-0.9,23,1507,55.1,5.7,1011.6,1024.4,615.0,1020.4,1752.0,1022.1,10.4,9.4,1200.0,2.35,13.65,,,,,,2.6,0.6,9.1,-3.3,10.5,10.9,11.8,13.4,16.0,18.3,19.7,20.1,19.1,2.3,3.3,,,,2023,11,45,312,0,0,0,0
108,서울,2023-11-09,11.4,5.9,642,18.4,1445,,,,,2.08,5.1,10.4,270.0,1637.0,5.3,250.0,1638.0,2.1,1815.0,50.0,6.6,54,1145,73.1,10.1,1008.9,1021.4,3.0,1015.4,1534.0,1019.2,10.4,2.1,1200.0,1.38,6.78,,,,,,5.6,4.3,10.5,0.3,11.4,11.5,11.8,12.8,15.1,17.9,19.6,20.1,19.1,1.5,2.1,5.1,{비}1540-1730. {박무}1640-{박무}{강도0}1800-{박무}{강도0}2100-2250. {비}1940-1955.,,2023,11,45,313,0,0,1,1
108,서울,2023-11-10,3.4,0.5,2356,9.1,1,,,,,,,12.7,290.0,132.0,7.7,290.0,135.0,3.9,3388.0,320.0,-5.7,31,1521,53.1,4.1,1015.4,1029.4,2249.0,1020.7,1.0,1026.2,10.3,9.0,1200.0,2.36,14.52,,,,,,1.1,0.1,6.1,-3.8,10.0,10.5,11.4,12.7,14.9,17.5,19.5,20.0,19.1,2.3,3.3,,,,2023,11,45,314,0,0,0,0
108,서울,2023-11-11,1.7,-1.9,709,6.7,1517,,,,,,,6.7,290.0,1237.0,3.8,270.0,1222.0,2.2,1911.0,270.0,-8.6,26,1521,47.9,3.2,1017.8,1030.5,1007.0,1026.7,1443.0,1028.7,10.3,7.0,1300.0,1.97,10.9,,,,,,1.9,1.5,3.4,-7.5,7.2,7.7,9.0,10.7,13.8,17.1,19.3,20.1,19.1,1.8,2.6,,,,2023,11,45,315,0,0,0,0
108,서울,2023-11-12,1.2,-2.0,730,5.7,1515,,,,,,,9.1,340.0,856.0,4.5,290.0,914.0,2.2,1862.0,290.0,-7.3,37,1309,53.8,3.5,1016.6,1029.1,220.0,1025.5,1522.0,1027.5,10.3,9.5,1200.0,2.3,14.17,,,,,,0.0,0.0,3.0,-8.8,6.1,6.5,7.8,9.5,12.6,16.7,19.1,20.1,19.2,1.8,2.6,,,,2023,11,45,316,0,0,0,0
108,서울,2023-11-13,2.0,-2.2,708,6.7,1446,,,,,,,7.3,320.0,851.0,4.1,320.0,857.0,2.3,1986.0,270.0,-6.8,32,1427,54.0,3.7,1017.3,1029.7,938.0,1026.6,1559.0,1028.1,10.2,9.5,1200.0,2.3,14.18,,,,,,0.0,0.0,3.4,-8.5,5.4,5.8,6.9,8.6,11.6,16.1,18.9,20.0,19.2,1.9,2.7,,,,2023,11,46,317,0,0,0,0
108,서울,2023-11-14,5.0,-0.8,732,10.8,1520,,,,,,,6.6,320.0,1328.0,4.1,320.0,1329.0,1.7,1473.0,290.0,-1.1,47,1405,66.1,5.7,1015.9,1028.3,1.0,1024.5,1608.0,1026.5,10.2,9.3,1200.0,2.14,12.94,,,,,,2.3,0.0,4.3,-7.5,5.6,6.1,6.9,8.2,11.0,15.6,18.6,20.0,19.2,1.7,2.5,,,,2023,11,46,318,0,0,0,0
108,서울,2023-11-15,7.0,2.0,706,12.5,1326,,,,,,,7.1,250.0,1444.0,4.5,250.0,1444.0,1.5,1301.0,20.0,1.8,48,1331,71.4,7.0,1016.9,1029.1,839.0,1026.0,2115.0,1027.5,10.2,6.9,1200.0,1.98,10.47,,,,,,4.0,2.8,6.0,-5.0,6.7,7.0,7.4,8.4,10.8,15.1,18.3,19.9,19.2,1.6,2.3,,{연무}1945-{연무}{강도0}2100-{연무}{강도0}2400-,,2023,11,46,319,0,0,0,0
108,서울,2023-11-16,6.6,5.7,2342,7.4,1525,,,,,11.25,8.4,8.3,200.0,1554.0,4.7,250.0,1645.0,1.9,1663.0,50.0,4.1,69,656,85.0,8.2,1008.4,1026.5,1.0,1015.0,2336.0,1018.9,10.2,0.0,1100.0,0.18,1.09,,,,,,9.0,7.0,5.6,-0.4,7.4,7.9,8.1,9.0,11.0,14.7,18.0,19.9,19.2,0.5,0.7,8.4,-{연무}-{연무}{강도0}0300-{연무}{강도0}0600-{연무}{강도0}0900-0915. {비}0905-{비}{강도0}1200-{비}{강도0}1500-{비}{강도0}1800-1955. {박무}0910-{박무}{강도1}1200-{박무}{강도2}1500-{박무}{강도1}1800-{박무}{강도1}2100-{박무}{강도1}2400- {비}2250-2315.,,2023,11,46,320,0,0,0,1
108,서울,2023-11-17,1.6,-1.9,2359,5.9,45,,,,,1.92,0.0,11.7,250.0,1523.0,6.5,290.0,133.0,2.9,2463.0,290.0,-5.5,37,1044,59.3,4.1,1003.1,1015.8,303.0,1011.6,1353.0,1013.8,10.1,5.0,900.0,1.28,7.42,,,,,,4.3,3.5,3.2,-6.3,6.2,6.7,7.4,8.6,10.9,14.4,17.7,19.8,19.1,1.4,2.0,0.0,{비}0010-0110. -{박무}-0135. {눈}1125-1150. {눈}1250-1320.,,2023,11,46,321,0,0,0,0
108,서울,2023-11-18,0.6,-3.8,720,5.7,1505,,,,,,,13.2,290.0,200.0,6.0,320.0,217.0,3.5,3019.0,270.0,-6.6,48,104,58.9,3.8,1007.3,1020.5,2219.0,1013.1,39.0,1018.1,10.1,9.3,1200.0,2.15,12.88,,,,,,0.0,0.0,1.8,-7.1,4.1,4.6,5.6,7.2,10.2,14.2,17.4,19.8,19.1,1.6,2.2,,,,2023,11,46,322,0,0,0,0
108,서울,2023-11-19,5.9,-0.3,154,13.4,1424,,,,,,,10.0,230.0,1428.0,5.0,270.0,1640.0,2.4,2064.0,50.0,0.3,45,1447,68.3,6.4,1006.7,1020.3,19.0,1013.2,1403.0,1017.2,10.1,5.4,1400.0,1.36,7.79,,,,,,2.6,2.6,4.0,-7.0,5.0,5.3,5.6,6.8,9.5,13.8,17.2,19.7,19.1,1.4,2.0,,{연무}1650-{연무}{강도0}1800-1905.,,2023,11,46,323,0,0,0,0
108,서울,2023-11-20,6.2,1.8,710,12.8,1511,,,,,,,5.1,230.0,1341.0,3.3,180.0,1333.0,1.5,1307.0,270.0,-1.9,30,1612,58.4,5.3,1012.6,1024.5,1102.0,1020.1,1.0,1023.2,10.1,9.3,1200.0,2.15,12.93,,,,,,0.0,0.0,4.5,-6.6,5.6,5.9,6.4,7.3,9.5,13.5,16.9,19.6,19.1,2.1,3.0,,,,2023,11,47,324,0,0,0,0
108,서울,2023-11-21,7.4,1.4,714,14.8,1521,,,,,,,4.7,270.0,1541.0,3.1,230.0,1426.0,1.7,1507.0,20.0,-0.5,27,1504,59.6,5.9,1010.9,1024.0,1.0,1018.9,1506.0,1021.5,10.0,9.3,1200.0,2.12,12.57,,,,,,0.0,0.0,5.1,-5.2,5.8,6.1,6.5,7.4,9.4,13.2,16.6,19.6,19.1,2.1,3.0,,,,2023,11,47,325,0,0,0,0
108,서울,2023-11-22,9.5,2.9,704,15.1,1458,,,,,,,5.8,200.0,1420.0,2.8,200.0,1422.0,1.8,1547.0,20.0,3.6,48,1131,68.1,8.0,1005.7,1020.1,1.0,1011.7,2313.0,1016.1,10.0,6.5,1100.0,1.9,10.28,,,,,,4.0,3.4,7.4,-4.7,6.7,6.9,6.9,7.6,9.4,12.9,16.4,19.5,19.1,1.6,2.3,0.1,,,2023,11,47,326,0,0,0,0
108,서울,2023-11-23,9.9,1.9,2358,14.6,1349,,,,,2.75,0.1,12.5,320.0,1753.0,7.2,320.0,1802.0,3.3,2887.0,230.0,4.7,50,1436,71.1,9.0,1003.2,1020.3,2400.0,1010.1,1329.0,1013.6,10.0,5.0,1200.0,1.71,8.41,,,,,,4.4,3.8,9.8,-0.7,9.1,9.2,8.8,9.0,9.9,12.8,16.1,19.4,19.1,1.7,2.5,,{비}0120-{비}{강도0}0300-0405. {박무}0255-{박무}{강도0}0300-{박무}{강도1}0600-{박무}{강도2}0900-1145. {연무}1140-{연무}{강도1}1200-{연무}{강도0}1500-1730.,,2023,11,47,327,0,0,0,0
108,서울,2023-11-24,-1.5,-4.4,2356,2.2,1353,,,,,,,10.4,250.0,251.0,6.0,270.0,1148.0,3.8,3278.0,290.0,-10.4,32,1715,51.8,2.8,1017.8,1033.5,2350.0,1020.3,1.0,1028.8,9.9,8.6,1200.0,2.14,12.67,,,,,,0.3,0.3,1.7,-8.2,5.6,6.3,7.4,8.6,10.3,12.7,15.9,19.3,19.1,1.7,2.4,,,,2023,11,47,328,0,0,0,0
108,서울,2023-11-25,-1.3,-5.9,723,4.0,1440,,,,,,,6.4,360.0,5.0,3.7,340.0,19.0,1.8,1539.0,270.0,-13.1,22,1437,42.8,2.3,1021.5,1035.3,734.0,1030.3,2155.0,1032.5,9.9,9.1,1200.0,2.12,12.67,,,,,,1.8,1.8,0.6,-11.7,3.5,3.9,5.1,6.7,9.3,12.7,15.8,19.2,19.1,1.8,2.6,,,,2023,11,47,329,0,0,0,0
108,서울,2023-11-26,4.0,-0.1,32,7.2,1449,,,,,1.67,0.0,4.4,70.0,1029.0,2.8,70.0,1035.0,1.4,1246.0,50.0,-7.3,35,320,43.6,3.7,1013.6,1030.7,1.0,1018.5,2353.0,1024.4,9.9,1.4,1000.0,1.33,6.39,,,,,,8.9,7.5,3.3,-1.8,4.4,4.4,4.9,6.0,8.5,12.4,15.6,19.1,19.1,1.2,1.6,2.1,{비}2220-{비}{강도0}2400-,,2023,11,47,330,0,0,0,0
108,서울,2023-11-27,6.2,4.4,419,9.3,1553,,,,,12.83,3.6,11.0,290.0,1948.0,4.8,270.0,1954.0,2.4,2033.0,50.0,3.4,55,2,82.9,7.8,1003.4,1018.8,1.0,1011.4,1457.0,1013.9,9.9,0.9,1500.0,0.56,2.35,,,,,,6.8,5.8,5.7,1.6,6.1,6.0,6.1,6.8,8.6,12.1,15.4,19.0,19.0,0.8,1.1,1.5,{박무}0250-{박무}{강도0}0300-{박무}{강도0}0600-{박무}{강도0}0900-{박무}{강도1}1200-{박무}{강도0}1500-{박무}{강도0}1800-2055. -{비}-{비}{강도0}0300-{비}{강도0}0600-{비}{강도0}0900-{비}{강도0}1200-1250. {연무}2050-{연무}{강도0}2100-2240.,,2023,11,48,331,0,0,0,1
108,서울,2023-11-28,1.3,-1.2,2354,5.2,1,,,,,0.0,,9.5,264.0,148.0,5.5,290.0,1506.0,3.3,287280.0,270.0,-6.3,35,1219,58.0,3.9,1010.4,1024.8,2320.0,1015.1,1.0,1021.2,10.6,6.3,1300.0,1.97,9.86,,,,,,2.3,1.6,1.9,-4.9,5.1,5.3,5.9,6.9,,,,,,,,,{박무}0020-{박무}{강도0}0300-0320. {눈}1550-1610.,,2023,11,48,332,0,0,0,0
108,서울,2023-11-29,-1.4,-4.0,2354,3.0,1422,,,,,0.0,,10.7,293.0,2037.0,5.5,270.0,1921.0,2.6,226800.0,50.0,-8.5,45,1217,59.0,3.3,1014.2,1029.0,2355.0,1021.9,1420.0,1025.2,10.6,2.7,1100.0,0.9,4.75,,,,,,4.4,3.5,-1.1,-9.3,3.3,3.6,4.5,5.9,,,,,,,,,{눈}1340-1445. {눈}1542-1657.,,2023,11,48,333,0,0,0,0
108,서울,2023-11-30,-4.3,-7.3,721,-0.5,1444,,,,,,,8.3,360.0,56.0,4.4,290.0,1156.0,2.8,2435.0,290.0,-13.7,35,1139,48.5,2.1,1017.6,1030.9,835.0,1027.0,1443.0,1028.7,9.8,9.2,1200.0,2.1,12.44,,,,,,0.0,0.0,-1.8,-10.8,1.8,2.2,3.3,4.8,7.5,11.5,14.9,18.8,19.0,1.4,2.0,,,,2023,11,48,334,0,0,0,0
108,서울,2023-12-01,-3.2,-6.8,646,0.7,1544,,,,,,,7.5,320.0,1207.0,4.5,290.0,1054.0,2.0,1766.0,290.0,-11.2,36,1400,55.3,2.6,1015.4,1027.5,42.0,1025.2,1436.0,1026.4,9.8,9.2,1200.0,2.07,12.2,,,,,,0.1,0.1,-1.8,-12.3,1.0,1.4,2.4,4.0,6.8,11.2,14.7,18.7,19.0,1.3,1.9,,,,2023,12,48,335,0,0,0,0
108,서울,2023-12-02,2.0,-4.4,327,8.0,1516,,,,,1.47,0.0,11.0,250.0,1459.0,6.1,230.0,1501.0,2.4,2076.0,50.0,-4.9,48,1525,60.8,4.3,1013.6,1026.9,33.0,1021.7,1829.0,1024.4,9.8,4.0,1100.0,1.7,8.25,,,,,,4.0,4.0,0.4,-11.5,0.9,1.1,2.0,3.4,6.2,10.9,14.5,18.6,19.0,1.3,1.9,0.0,{싸락눈}1307-1315. {비}2015-{비}{강도0}2100-2135. {연무}2145-2205.,,2023,12,48,336,0,0,0,0
108,서울,2023-12-03,0.8,-2.8,700,6.0,1430,,,,,,,5.0,250.0,1442.0,3.2,200.0,1416.0,1.7,1427.0,290.0,-7.3,30,1506,56.3,3.5,1015.6,1028.0,1017.0,1024.6,17.0,1026.4,9.8,9.1,1200.0,1.98,11.62,,,,,,0.0,0.0,0.7,-11.0,1.5,1.6,2.2,3.4,6.0,10.5,14.3,18.5,19.0,1.5,2.2,,,,2023,12,48,337,0,0,0,0
108,서울,2023-12-04,2.7,-3.0,750,9.4,1532,,,,,,,4.3,50.0,2228.0,2.8,50.0,2232.0,1.6,1425.0,20.0,-4.6,35,1338,59.5,4.4,1011.1,1026.3,5.0,1018.9,1601.0,1021.8,9.7,8.2,1200.0,1.92,10.39,,,,,,2.5,2.5,0.8,-9.6,1.5,1.7,2.3,3.5,5.9,10.2,14.0,18.4,18.9,1.6,2.3,,,,2023,12,49,338,0,0,0,0
108,서울,2023-12-05,6.8,3.8,1,12.6,1518,,,,,,,5.9,50.0,931.0,4.0,50.0,931.0,2.0,1757.0,50.0,-1.6,43,1523,55.4,5.5,1006.6,1019.9,1.0,1014.9,1449.0,1017.1,9.7,6.8,1200.0,1.71,8.09,,,,,,3.8,2.5,3.2,-2.6,3.0,2.8,3.0,3.8,5.8,9.9,13.8,18.3,18.9,1.4,2.0,,,,2023,12,49,339,0,0,0,0
108,서울,2023-12-06,6.1,3.9,358,8.7,1848,,,,,2.33,3.8,9.0,290.0,1846.0,4.8,270.0,1850.0,2.3,1981.0,50.0,2.1,65,1225,76.1,7.2,999.2,1015.6,1.0,1004.2,1722.0,1009.7,9.7,0.0,1000.0,0.41,1.87,,,,,,6.3,5.1,3.6,-3.6,4.1,4.0,4.1,4.7,6.2,9.7,13.5,18.2,18.9,0.8,1.1,3.8,{연무}0830-{연무}{강도0}0900-{연무}{강도0}1200-1340. {비}1305-1435. {박무}1335-{박무}{강도1}1500-{박무}{강도1}1800-{박무}{강도1}2100-2340. ]{싸락우박}[(SE)/강남구/인사이드1525-1530. {비}1625-1715.,,2023,12,49,340,0,0,0,1
108,서울,2023-12-07,6.6,0.8,709,11.4,1408,,,,,,,12.6,250.0,1336.0,6.1,230.0,1501.0,2.6,2259.0,230.0,0.2,48,1335,64.0,6.4,1003.8,1015.6,2233.0,1010.0,1.0,1014.3,9.7,6.7,1200.0,1.74,9.35,,,,,,1.9,1.9,3.0,-7.0,4.4,4.4,4.5,5.1,6.6,9.6,13.3,18.1,18.9,1.6,2.3,,,,2023,12,49,341,0,0,0,0
108,서울,2023-12-08,11.2,5.1,333,16.8,1434,,,,,,,13.5,180.0,1358.0,7.6,180.0,1359.0,3.0,2555.0,200.0,6.5,57,1233,73.4,10.0,1002.5,1015.3,38.0,1010.1,1453.0,1012.8,9.7,5.3,1200.0,1.57,7.54,,,,,,1.4,1.4,6.7,-0.8,5.8,5.5,5.2,5.6,6.8,9.6,13.1,18.0,18.8,1.5,2.1,,,,2023,12,49,342,0,0,1,0
108,서울,2023-12-09,13.7,11.7,2346,16.2,1413,,,,,,,7.3,180.0,142.0,3.8,200.0,132.0,2.0,1709.0,200.0,10.8,70,1441,82.9,12.9,1006.8,1020.6,2346.0,1012.9,50.0,1017.1,9.7,0.8,1300.0,0.84,4.05,,,,,,8.3,8.3,11.3,4.0,8.7,8.3,7.6,7.3,7.6,9.6,13.0,17.9,18.8,0.7,1.0,,{박무}0355-{박무}{강도0}0600-{박무}{강도0}0900-{박무}{강도0}1200-{박무}{강도0}1500-{박무}{강도0}1800-{박무}{강도0}2100-{박무}{강도1}2400-,,2023,12,49,343,0,0,1,0
108,서울,2023-12-10,11.4,6.7,801,15.5,1448,,,,,0.08,0.0,,,,,,,,,,5.3,46,1252,67.9,8.9,1012.0,1024.7,1015.0,1020.6,1.0,1022.4,9.7,,,,,,,,,,5.6,1.3,8.8,-2.0,8.7,8.5,8.2,8.3,8.6,9.7,12.9,17.8,18.8,,,1.2,-{박무}-{박무}{강도0}0300-{박무}{강도0}0600-{박무}{강도0}0900-1050. {연무}1045-1135. {비}2355-{비}{강도0}2400-,,2023,12,49,344,0,0,1,0
108,서울,2023-12-11,8.9,5.0,2314,12.3,4,,,,,24.0,11.4,,,,,,,,,,6.1,66,1,82.9,9.5,1006.7,1022.3,1.0,1012.0,1655.0,1017.1,9.6,0.0,1000.0,0.27,1.54,,,,,,10.0,7.3,8.0,3.8,8.6,8.6,8.4,8.6,9.0,9.9,12.8,17.7,18.8,0.5,0.8,10.6,-{비}-{비}{강도0}0300-{비}{강도0}0600-{비}{강도0}0900-{비}{강도0}1200-{비}{강도0}1500-{비}{강도0}1800-{비}{강도0}2100-{비}{강도0}2400-,,2023,12,50,345,0,0,0,1
108,서울,2023-12-12,5.4,3.5,2334,9.3,1536,,,,,4.75,0.4,13.3,50.0,5.0,7.7,50.0,12.0,2.7,2373.0,50.0,1.3,58,1551,75.6,6.7,1010.5,1026.2,2323.0,1014.9,7.0,1021.1,9.6,3.5,1400.0,1.42,6.08,,,,,,4.9,3.1,5.1,-3.2,7.1,7.2,7.5,8.1,9.1,10.2,12.8,17.6,18.7,1.0,1.4,,-{비}-0015. {비}0045-{비}{강도0}0300-0515.,,2023,12,50,346,0,0,0,0
108,서울,2023-12-13,6.8,2.6,419,10.3,1459,,,,,,,7.0,50.0,1813.0,4.3,50.0,1818.0,2.4,2066.0,50.0,2.3,61,1427,74.1,7.2,1016.9,1028.8,1052.0,1026.1,1.0,1027.5,9.6,2.3,1200.0,1.27,6.06,,,,,,6.3,5.8,5.0,-3.9,6.2,6.3,6.5,7.2,8.7,10.3,12.8,17.5,18.7,1.3,1.9,0.0,,,2023,12,50,347,0,0,0,0
108,서울,2023-12-14,7.6,6.2,2315,9.1,127,,,,,17.17,17.0,11.7,50.0,2023.0,7.2,50.0,2334.0,4.5,3917.0,50.0,5.2,66,2,85.8,8.9,1011.7,1027.1,229.0,1015.4,2347.0,1022.2,9.6,0.0,1300.0,0.32,1.46,,,,,,10.0,8.0,6.8,5.7,7.3,7.2,7.2,7.6,8.6,10.3,12.8,17.4,18.7,0.4,0.5,39.9,{비}0010-0035. {비}0230-{비}{강도0}0300-0320. {비}0805-{비}{강도0}0900-{비}{강도0}1200-{비}{강도0}1500-{비}{강도0}1800-{비}{강도0}2100-{비}{강도0}2400- {박무}0955-{박무}{강도0}1200-{박무}{강도0}1500-1555. {박무}1725-{박무}{강도0}1800-1950. {박무}2050-{박무}{강도0}2100-2310.,,2023,12,50,348,0,0,0,1
108,서울,2023-12-15,4.9,3.7,2359,6.2,1,,,,,21.0,31.1,11.9,50.0,242.0,6.7,50.0,52.0,3.6,3131.0,50.0,4.2,88,1738,95.4,8.3,1001.7,1015.8,2302.0,1009.7,834.0,1012.2,9.6,0.0,1400.0,0.34,1.48,,,,,,10.0,8.4,5.7,3.5,6.6,6.7,6.9,7.4,8.5,10.2,12.8,17.3,18.7,0.4,0.5,9.7,{박무}0020-{박무}{강도0}0300-{박무}{강도1}0600-0855. -{비}-{비}{강도0}0300-{비}{강도0}0600-{비}{강도0}0900-{비}{강도0}1200-{비}{강도0}1500-1520. {박무}0905-{박무}{강도0}1200-{박무}{강도0}1500-1515. {비}1755- {비}{강도0}1800-1855. {비}1920-{안개비}1930-{안개비}{강도0}2100-{비}2205-{비}{강도0}2400- {박무}1935-{박무}{강도0}2100-{박무}{강도0}2400-,,2023,12,50,349,0,0,0,1
108,서울,2023-12-16,-4.1,-9.9,2400,3.8,1,,,,,13.08,1.5,17.9,270.0,1411.0,9.0,270.0,1417.0,5.2,4506.0,270.0,-9.1,46,1412,68.9,3.4,1011.2,1030.0,2354.0,1014.4,53.0,1022.2,9.6,4.6,1300.0,1.86,8.49,1.0,850.0,1.0,850.0,1.0,5.6,5.1,0.8,-11.1,4.5,4.8,5.6,6.6,8.2,9.9,12.3,17.2,18.6,1.0,1.5,0.0,-{비}-{비}{강도0}0300-{눈}0330-{눈}{강도0}0600-{눈}{강도0}0900-1030. -{박무}-{박무}{강도0}0300-0535. {박무}0615-0750. {눈}1435-1455. {눈}1710-1755. {눈}1805-1935.,,2023,12,50,350,0,0,0,1
108,서울,2023-12-17,-9.8,-12.4,758,-6.4,1452,,,,,,,10.2,290.0,1529.0,5.7,290.0,54.0,3.2,2800.0,290.0,-18.6,36,1646,48.9,1.4,1022.8,1036.7,2323.0,1030.0,1.0,1034.1,9.6,9.0,1200.0,2.01,11.81,,,,,,0.0,0.0,-5.3,-14.4,1.1,1.7,3.0,4.7,7.1,9.8,12.2,16.8,18.6,1.0,1.4,,,,2023,12,50,351,0,0,0,0
108,서울,2023-12-18,-7.7,-12.2,511,-3.6,1358,,,,,,,7.7,290.0,1528.0,4.0,290.0,1519.0,2.2,1871.0,50.0,-17.7,33,1646,45.1,1.5,1023.6,1038.1,1008.0,1032.6,1651.0,1034.9,9.6,4.1,1200.0,1.5,7.01,,,,,,6.9,0.8,-4.6,-15.0,0.1,0.5,1.6,3.2,5.9,9.6,12.2,16.7,18.6,0.9,1.3,,,,2023,12,51,352,0,0,0,0
108,서울,2023-12-19,-3.7,-8.2,548,0.2,1402,,,,,10.08,0.3,6.0,70.0,931.0,3.8,50.0,719.0,1.9,1680.0,50.0,-9.9,41,1250,63.1,3.1,1017.4,1033.0,3.0,1025.8,2353.0,1028.5,9.6,0.8,1200.0,1.16,5.77,0.9,2355.0,0.9,2355.0,0.9,6.9,6.5,-2.4,-12.4,0.0,0.1,1.1,2.6,5.1,9.2,12.1,16.6,18.5,0.7,1.0,1.1,{눈}1355-{눈}{강도0}1500-{눈}{강도0}1800-{눈}{강도0}2100-{눈}{강도0}2400-,,2023,12,51,353,0,0,0,0
108,서울,2023-12-20,-7.4,-11.9,2359,-2.1,1,,,,,2.5,0.8,9.0,320.0,936.0,5.4,320.0,940.0,3.4,2946.0,270.0,-13.1,50,1434,64.1,2.3,1016.3,1028.9,2339.0,1025.8,1.0,1027.5,9.6,6.0,1300.0,2.0,9.07,1.2,145.0,2.1,145.0,1.2,2.6,2.6,-2.9,-14.5,-0.1,0.1,0.9,2.2,4.7,8.8,12.0,16.6,18.5,0.8,1.2,0.0,-{눈}-{시정(미만)}{1km}{눈}0052-{시정(이상)}{1km}{눈}0102-0145. {연무}0755-{연무}{강도0}0900-0940. {눈}0840-{눈}{강도0}0900-0925.,,2023,12,51,354,0,0,0,0
108,서울,2023-12-21,-11.7,-14.4,705,-8.0,1515,,,,,,,9.0,290.0,941.0,5.0,290.0,947.0,3.0,2611.0,270.0,-18.5,44,1459,57.4,1.4,1019.2,1033.3,2354.0,1028.1,56.0,1030.6,9.6,9.0,1200.0,1.98,11.49,,,0.5,1.0,,0.0,0.0,-6.4,-17.3,-0.8,-0.5,0.5,2.0,4.3,8.5,11.8,16.6,18.5,0.8,1.2,,,,2023,12,51,355,0,0,0,0
108,서울,2023-12-22,-11.6,-14.7,732,-8.0,1425,,,,,,,8.2,290.0,157.0,4.3,250.0,213.0,2.7,2315.0,290.0,-19.6,39,1454,51.8,1.3,1025.0,1038.8,2315.0,1033.2,1.0,1036.5,9.6,9.1,1200.0,1.97,11.56,,,0.4,1.0,,0.0,0.0,-7.2,-17.4,-1.6,-1.2,0.0,1.5,4.0,8.2,11.7,16.5,18.4,0.8,1.2,,,,2023,12,51,356,0,0,0,0
108,서울,2023-12-23,-6.8,-12.7,511,-0.9,1547,,,,,,,4.1,50.0,1003.0,2.7,50.0,1004.0,1.8,1518.0,20.0,-15.0,37,1500,53.4,1.9,1025.5,1039.0,131.0,1034.1,2347.0,1036.7,9.6,8.9,1200.0,1.89,10.84,,,0.2,1.0,,1.4,0.6,-5.1,-18.0,-1.7,-1.5,-0.4,1.1,3.7,7.9,11.5,16.4,18.4,1.0,1.5,1.1,,,2023,12,51,357,0,0,0,0
108,서울,2023-12-24,-2.2,-5.6,622,3.0,1440,,,,,7.42,1.1,4.6,110.0,450.0,3.1,200.0,1501.0,1.6,1373.0,70.0,-6.4,53,1,73.4,3.8,1019.6,1034.3,1.0,1028.4,2354.0,1030.6,9.6,6.9,1200.0,1.95,10.09,1.5,750.0,1.5,750.0,1.5,5.0,5.0,-1.3,-9.8,-0.8,-0.8,-0.4,1.0,3.5,7.6,11.3,16.4,18.4,0.9,1.4,0.5,{눈}0145-{눈}{강도0}0300-{눈}{강도0}0600-0815. {박무}0730-0825. {눈}2305-{눈}{강도0}2400-,,2023,12,51,358,0,0,0,1
108,서울,2023-12-25,-0.7,-2.7,2315,2.1,1604,,,,,11.33,0.7,6.1,270.0,1341.0,3.8,250.0,1349.0,1.5,1270.0,250.0,-3.7,58,1659,80.8,4.7,1017.4,1029.8,1958.0,1026.9,511.0,1028.4,9.6,1.7,1200.0,0.81,4.14,3.0,1120.0,3.0,1120.0,3.0,6.5,6.5,-1.2,-10.1,-0.3,-0.5,-0.3,0.9,3.4,7.4,11.1,16.3,18.3,0.6,0.8,0.2,-{눈}-{눈}{강도0}0300-{시정(미만)}{1km}{눈}0448-{시정(이상)}{1km}{눈}0501-{눈}{강도0}0600-{눈}{강도0}0900-1120. {박무}0310-{박무}{강도1}0600-{박무}{강도2}0900-{박무}{강도0}1200-1320. {박무}2305-{박무}{강도0}2400-,,2023,12,52,359,0,0,0,0
108,서울,2023-12-26,1.9,-2.6,1,7.2,1452,,,,,,,9.4,270.0,1306.0,5.0,270.0,1325.0,1.8,1582.0,50.0,-2.7,51,1416,72.9,5.0,1018.0,1031.0,2246.0,1027.0,1441.0,1028.9,9.6,7.5,1200.0,1.88,9.17,,,,,,2.9,2.4,-0.1,-8.4,-0.3,-0.4,-0.3,0.9,3.3,7.2,10.9,16.2,18.3,1.1,1.6,,-{박무}-0050. {박무}0125-{박무}{강도0}0300-{박무}{강도0}0600-{박무}{강도0}0900-1130. {연무}2005-{연무}{강도0}2100-2330. {박무}2325-{박무}{강도0}2400-,,2023,12,52,360,0,0,0,0
108,서울,2023-12-27,1.5,-2.8,813,6.8,1549,,,,,,,4.7,110.0,1235.0,3.0,50.0,1237.0,1.4,1203.0,50.0,-2.3,56,1520,76.6,5.2,1019.4,1032.4,1032.0,1029.0,2017.0,1030.3,9.6,8.2,1200.0,1.69,9.47,,,,,,0.5,0.1,-0.1,-10.6,-0.3,-0.4,-0.2,0.9,3.2,7.0,10.7,16.1,18.3,1.0,1.4,,-{박무}-{박무}{강도0}0300-{박무}{강도0}0600-{박무}{강도0}0900-{박무}{강도0}1200-1210. {연무}1205-{연무}{강도0}1500-{연무}{강도0}1800-{연무}{강도0}2100-{연무}{강도0}2400-,,2023,12,52,361,0,0,0,0
108,서울,2023-12-28,1.2,-1.7,620,4.4,1453,,,,,,,8.0,290.0,1456.0,4.7,290.0,1350.0,1.6,1342.0,270.0,-3.9,53,1639,69.5,4.6,1017.7,1029.4,2245.0,1027.5,1358.0,1028.5,9.6,8.1,1200.0,1.67,9.25,,,,,,3.1,3.1,0.0,-10.3,-0.3,-0.3,-0.1,1.0,3.1,6.8,10.5,16.1,18.2,1.1,1.6,,{박무}0005-{박무}{강도1}0300-{박무}{강도1}0600-{박무}{강도0}0900-1050. -{연무}-0010. {연무}1045-1110.,,2023,12,52,362,0,0,0,0
108,서울,2023-12-29,1.3,-1.5,725,4.6,1438,,,,,,,5.7,250.0,1448.0,3.3,270.0,1455.0,1.7,1481.0,20.0,-3.4,60,1436,71.0,4.8,1016.2,1029.6,244.0,1024.9,2356.0,1027.0,9.6,1.8,1400.0,0.84,5.43,,,,,,4.8,4.8,0.0,-8.6,-0.2,-0.3,-0.1,1.0,3.1,6.7,10.3,16.0,18.2,0.8,1.1,0.3,{박무}0815-{박무}{강도0}0900-1005. {연무}1455-{연무}{강도0}1500-{연무}{강도0}1800-1815. {연무}1925-2050.,,2023,12,52,363,0,0,0,0
108,서울,2023-12-30,0.6,-0.9,237,2.1,2354,,,,,16.67,13.1,6.9,50.0,2013.0,4.6,50.0,1739.0,2.6,2276.0,50.0,-0.6,76,714,92.0,5.9,1006.9,1025.1,32.0,1011.4,2359.0,1017.7,9.6,0.0,1000.0,0.14,0.69,12.2,1500.0,12.2,1500.0,12.3,9.5,8.1,-0.6,-8.2,-0.1,-0.2,0.0,1.0,3.0,6.5,10.2,15.9,18.1,0.2,0.3,17.5,{박무}0150-{박무}{강도0}0300-{박무}{강도0}0600-{박무}{강도2}0900-{박무}{강도2}1200-{박무}{강도2}1500-{박무}{강도1}1800-{박무}{강도1}2100-{박무}{강도1}2400- {눈}0720-{눈}{강도0}0900-{시정(미만)}{1km}{눈}1118-{시정(이상)}{1km}{눈}1127-{시정(미만)}{1km}{눈}1147-{눈}{강도1}1200-{시정(이상)}{1km}{눈}1221-{시정(미만)}{1km}{눈}1257-{시정(이상)}{1km}{눈}1416-{진눈깨비}1445-{진눈깨비}{강도1}1500-{비}1530-{비}{강도0}1800-{비}{강도0}2100-{비}{강도0}2400-,,2023,12,52,364,0,0,0,1
108,서울,2023-12-31,2.1,0.6,2343,4.3,1550,,,,,9.83,4.7,8.3,340.0,711.0,5.0,320.0,718.0,2.0,1762.0,290.0,1.4,84,1630,95.5,6.8,1006.8,1026.3,2359.0,1008.9,537.0,1017.5,9.6,0.6,1200.0,0.69,3.06,,,8.8,1.0,,5.8,5.8,-0.1,-4.2,-0.1,-0.2,0.0,1.0,3.0,6.4,10.0,15.8,18.1,0.4,0.5,0.0,-{안개}-{시정(미만)}{1km}{안개}0154-{안개}{강도0}0300-{시정(이상)}{1km}{박무}0305-{박무}{강도2}0600-{박무}{강도0}0900-0925. -{안개비}-{안개비}0210-{안개비}{강도1}0300-0345. {비}0450-{비}{강도0}0600-{진눈깨비}0710-{눈}0805-{진눈깨비}0835-{안개비}0850-{안개비}{강도0}0900-1055. {박무}1915-{박무}{강도0}2100-{박무}{강도1}2400-,1.18,2023,12,52,365,0,0,0,1
108,서울,2024-01-01,3.3,-0.3,402,7.3,1255,,,,,2.92,0.0,4.5,180.0,1518.0,3.2,180.0,1525.0,1.7,1435.0,70.0,0.5,65,1312,83.4,6.3,1016.1,1029.4,934.0,1024.8,2351.0,1026.9,9.6,4.3,1200.0,1.87,7.44,,,2.4,1.0,,6.4,5.8,-0.2,-4.7,-0.1,-0.2,0.1,1.0,2.8,6.3,9.9,15.7,18.1,0.9,1.3,0.0,-{박무}-{박무}{강도1}0300-{박무}{강도1}0600-{박무}{강도0}0900-0925. {비}2045-2055. {비}2115-{비}{강도0}2400- {박무}2135-{박무}{강도0}2400-,,2024,1,1,1,0,0,0,0
108,서울,2024-01-02,2.9,2.2,622,4.3,1409,,,,,1.58,0.0,5.3,250.0,1407.0,3.1,270.0,1409.0,1.6,1360.0,290.0,-1.6,59,1552,72.6,5.5,1011.4,1024.9,1.0,1020.3,2354.0,1022.1,9.6,0.3,1200.0,0.63,3.87,,,,,,8.9,7.4,0.3,-3.3,0.0,-0.2,0.1,1.0,2.8,6.1,9.7,15.6,18.0,0.7,1.0,0.1,-{비}-0105. -{박무}-{박무}{강도0}0300-{박무}{강도0}0600-0810. {비}0720-0750. {연무}1125-{연무}{강도0}1200-1225.,,2024,1,1,2,0,0,0,0
108,서울,2024-01-03,1.8,-1.1,2350,4.0,1320,,,,,6.25,0.6,7.6,320.0,1433.0,4.2,320.0,1435.0,1.6,1367.0,270.0,-1.2,72,2036,80.4,5.6,1008.6,1022.3,2349.0,1017.0,1315.0,1019.4,9.7,1.2,1500.0,0.58,3.32,,,,,,6.0,4.8,0.6,-8.1,0.0,-0.1,0.2,1.0,2.8,6.0,9.6,15.5,18.0,0.5,0.7,0.5,{비}0605-{비}{강도0}0900-{싸락눈}0915-{비}0950-1010. {박무}0755-{박무}{강도0}0900-{박무}{강도0}1200-{박무}{강도0}1500-1510. {비}1240-1450. {박무}1705-{박무}{강도0}1800-2015. {박무}2135-{박무}{강도0}2400-,,2024,1,1,3,0,0,0,0
108,서울,2024-01-04,1.4,-3.3,715,4.7,1556,,,,,,,6.1,180.0,1752.0,3.4,50.0,1105.0,1.9,1640.0,50.0,-2.7,64,1427,74.3,5.0,1010.9,1024.4,1012.0,1019.3,2334.0,1021.6,9.7,0.5,1200.0,0.96,5.22,,,,,,6.1,6.1,-0.2,-10.7,-0.1,-0.1,0.2,1.1,2.8,5.9,9.5,15.4,17.9,0.7,1.1,0.0,-{박무}-{박무}{강도0}0300-0445. {박무}0505-{박무}{강도0}0600-{박무}{강도0}0900-{박무}{강도0}1200-1255. {연무}1250-{연무}{강도0}1500-1530. {연무}1850-{연무}{강도0}2100-{연무}{강도0}2400-,,2024,1,1,4,0,0,0,0
108,서울,2024-01-05,5.0,1.4,2356,9.1,1439,,,,,0.42,0.0,10.3,180.0,1423.0,4.8,250.0,1253.0,2.3,1947.0,270.0,1.2,59,1426,77.1,6.7,1009.1,1020.9,2323.0,1018.3,1419.0,1019.7,9.7,5.7,1300.0,1.52,7.77,,,,,,4.1,4.1,2.0,-6.2,-0.2,0.0,0.3,1.1,2.8,5.8,9.3,15.3,17.9,1.2,1.7,,{박무}0220-{박무}{강도0}0300-{박무}{강도0}0600-{박무}{강도0}0900-1150. -{연무}-0225. {비}0520-0545. {연무}1145-{연무}{강도1}1200-{연무}{강도0}1500-{연무}{강도1}1800-1925. {박무}1920-{박무}{강도0}2100-{박무}{강도0}2400-,,2024,1,1,5,0,0,0,0
108,서울,2024-01-06,0.7,-2.7,819,5.2,1444,,,,,3.08,2.4,7.7,320.0,1822.0,4.0,250.0,1504.0,2.2,1928.0,270.0,-6.0,34,1511,63.9,4.0,1011.1,1023.3,923.0,1020.5,1549.0,1021.9,9.7,8.7,1200.0,1.97,11.42,6.0,2055.0,6.0,2055.0,6.0,2.3,2.3,1.0,-9.4,-0.3,0.1,0.3,1.1,3.0,5.7,9.2,15.2,17.9,1.4,2.0,2.4,-{박무}-0145. {눈}1750-{눈}{강도0}1800-{시정(미만)}{1km}{눈}1918-{시정(이상)}{1km}{눈}1928-{시정(미만)}{1km}{눈}2014-{시정(미만)}{0.5km}{눈}2034-{시정(이상)}{0.5km}{눈}2035-{시정(이상)}{1km}{눈}2040-2055. {박무}2050-{박무}{강도0}2100-{박무}{강도0}2400-,,2024,1,1,6,0,0,0,1
108,서울,2024-01-07,-4.4,-8.3,2312,-0.9,1,,,,,,,11.7,290.0,1256.0,6.9,290.0,1310.0,3.1,2645.0,270.0,-11.9,34,1550,57.4,2.5,1015.4,1029.1,2307.0,1022.9,5.0,1026.5,9.7,9.1,1200.0,2.09,12.13,,,5.6,1.0,,0.1,0.1,-0.2,-10.1,0.0,0.1,0.4,1.2,3.0,5.6,9.1,15.1,17.8,1.3,1.9,,-{박무}-0020.,,2024,1,1,7,0,0,0,0
108,서울,2024-01-08,-4.7,-10.3,619,0.0,1441,,,,,,,5.7,340.0,58.0,4.0,320.0,107.0,1.8,1533.0,50.0,-12.1,29,1431,57.8,2.5,1015.7,1029.3,913.0,1024.0,2323.0,1026.8,9.7,8.3,1200.0,2.06,11.65,,,1.5,1.0,,3.8,2.0,-1.1,-11.2,-0.2,0.2,0.4,1.2,2.9,5.6,9.0,15.0,17.8,1.2,1.8,0.4,,,2024,1,2,8,0,0,0,0
108,서울,2024-01-09,-0.6,-1.9,1,0.4,2239,,,,,13.17,1.6,4.6,50.0,548.0,3.0,50.0,937.0,2.0,1686.0,50.0,-3.0,62,226,84.0,5.0,1008.9,1024.2,2.0,1017.7,1420.0,1019.7,9.7,0.0,1000.0,0.31,1.48,2.8,1650.0,3.1,1650.0,2.8,8.5,7.6,-0.5,-3.0,-0.2,0.2,0.5,1.2,2.8,5.5,8.9,14.9,17.7,0.3,0.4,1.2,{눈}0515-{눈}{강도0}0600-{눈}{강도0}0900-{눈}{강도0}1200-{눈}{강도0}1500-1755. {박무}1750-{박무}{강도0}1800-{박무}{강도0}2100-{박무}{강도1}2400- {눈}1815-1845.,,2024,1,2,9,0,0,0,1
108,서울,2024-01-10,-1.0,-4.1,632,3.3,1542,,,,,,,4.7,290.0,1328.0,3.0,290.0,1322.0,1.7,1476.0,270.0,-3.1,69,1546,85.9,4.9,1009.9,1022.1,1031.0,1018.9,114.0,1020.8,9.8,5.0,1400.0,1.36,7.81,,,3.0,1.0,,3.1,3.1,-0.7,-6.5,-0.1,0.2,0.5,1.2,2.8,5.4,8.8,14.8,17.7,0.7,1.1,,-{박무}-{박무}{강도1}0300-{박무}{강도1}0600-{박무}{강도1}0900-{박무}{강도0}1200-{박무}{강도0}1500-1550. {연무}1545-{연무}{강도0}1800-1930. {박무}1925-{박무}{강도1}2100-{박무}{강도1}2400-,,2024,1,2,10,0,0,0,0
108,서울,2024-01-11,1.7,-2.4,618,4.5,1607,,,,,,,7.4,180.0,1335.0,3.9,200.0,1340.0,1.9,1675.0,200.0,-1.4,69,1535,80.6,5.6,1007.0,1021.6,23.0,1015.4,1713.0,1017.8,9.8,0.4,1100.0,1.14,4.58,,,2.0,1.0,,7.0,7.0,-0.4,-6.4,-0.1,0.2,0.5,1.2,2.8,5.4,8.7,14.7,17.6,0.7,0.9,,-{박무}-{박무}{강도1}0300-{박무}{강도1}0600-{박무}{강도1}0900-{박무}{강도0}1200-{박무}{강도0}1500-1530. {박무}1830-{박무}{강도0}2100-{박무}{강도0}2400-,,2024,1,2,11,0,0,0,0
108,서울,2024-01-12,0.9,-1.4,2351,4.2,1546,,,,,,,6.9,340.0,330.0,4.3,290.0,1447.0,2.3,2003.0,250.0,-6.2,28,1526,61.6,4.0,1008.4,1021.8,2340.0,1015.8,3.0,1019.1,9.8,8.9,1200.0,2.02,11.77,,,,,,0.0,0.0,0.4,-9.3,0.0,0.2,0.5,1.2,2.8,5.3,8.6,14.6,17.6,1.6,2.3,,-{박무}-{박무}{강도0}0300-{박무}{강도1}0600-{박무}{강도1}0900-1010. {연무}1005-1050. {연무}1130-{연무}{강도0}1200-1210.,,2024,1,2,12,0,0,0,0
108,서울,2024-01-13,0.4,-3.8,800,6.4,1519,,,,,,,7.0,290.0,1015.0,3.8,320.0,1003.0,1.4,1233.0,270.0,-10.7,23,1556,44.3,2.7,1013.7,1026.2,1009.0,1021.6,52.0,1024.5,9.8,9.1,1200.0,2.03,12.05,,,,,,0.3,0.0,0.1,-11.1,0.1,0.2,0.5,1.2,2.8,5.3,8.5,14.5,17.6,1.7,2.4,,,,2024,1,2,13,0,0,0,0
108,서울,2024-01-14,-0.6,-3.3,2400,2.4,1613,,,,,3.67,3.1,7.2,290.0,1922.0,4.2,320.0,1925.0,2.1,1811.0,50.0,-4.6,53,1,74.5,4.4,1011.0,1024.7,8.0,1018.2,1501.0,1021.8,9.8,0.7,1500.0,0.32,1.28,,,,,,5.8,4.6,-0.8,-8.0,0.1,0.1,0.4,1.2,2.7,5.2,8.4,14.5,17.5,0.5,0.7,3.1,{비}1135-{비}{강도0}1200-{진눈깨비}1415-{비}1445-{비}{강도0}1500-1515. {박무}1250-{박무}{강도1}1500-{박무}{강도0}1800-1935.,,2024,1,2,14,0,0,0,1
108,서울,2024-01-15,-3.7,-6.9,735,0.9,1547,,,,,,,7.5,290.0,1403.0,4.9,290.0,1354.0,2.5,2195.0,270.0,-12.6,34,1443,51.3,2.3,1017.4,1031.3,2310.0,1024.1,1.0,1028.4,9.9,9.2,1200.0,2.12,12.82,,,,,,0.0,0.0,-1.0,-9.7,0.0,0.1,0.4,1.1,2.6,5.2,8.3,14.4,17.5,1.4,2.0,,,,2024,1,3,15,0,0,0,0
108,서울,2024-01-16,-2.1,-7.2,814,4.3,1516,,,,,,,5.2,50.0,1122.0,3.4,50.0,1037.0,1.5,1297.0,50.0,-11.5,32,1522,49.8,2.6,1021.2,1034.1,945.0,1030.8,111.0,1032.3,9.9,8.3,1200.0,2.01,11.86,,,,,,2.3,0.0,-0.9,-12.8,-0.2,-0.1,0.3,1.0,2.6,5.1,8.3,14.3,17.4,1.4,2.0,,,,2024,1,3,16,0,0,0,0
108,서울,2024-01-17,0.6,-2.3,103,1.9,2140,,,,,13.17,9.7,5.7,50.0,1638.0,3.4,50.0,2101.0,2.0,1713.0,50.0,-3.0,54,1007,78.5,5.1,1014.8,1031.2,7.0,1021.1,2342.0,1025.7,9.9,0.0,900.0,0.32,1.9,2.3,1550.0,2.3,1550.0,2.4,9.4,7.9,-0.5,-7.7,-0.2,-0.1,0.2,1.0,2.5,5.0,8.2,14.2,17.4,0.4,0.5,10.2,{눈}1050-{눈}{강도0}1200-{진눈깨비}1350-{비}1445-{진눈깨비}1455-{진눈깨비}{강도1}1500-{눈}1515-{진눈깨비}1540-{비}1610-{비}{강도0}1800-{비}{강도0}2100-{비}{강도0}2400- {박무}1605-{박무}{강도0}1800-{박무}{강도1}2100-{시정(미만)}{1km}{안개}2239-{시정(이상)}{1km}{박무}2334-{박무}{강도2}2400-,0.92,2024,1,3,17,0,0,0,1
108,서울,2024-01-18,4.5,1.4,751,9.4,1606,,,,,2.58,0.5,8.9,50.0,2130.0,5.5,50.0,2038.0,2.4,2100.0,50.0,1.4,63,1626,81.5,6.8,1012.3,1026.8,2343.0,1020.2,412.0,1023.0,9.9,6.3,1200.0,2.02,9.86,,,1.1,1.0,,4.5,3.3,1.9,0.2,-0.1,-0.1,0.2,0.9,2.4,5.0,8.1,14.1,17.3,1.6,2.3,,-{비}-0235. -{박무}-{박무}{강도2}0300-{박무}{강도2}0600-{박무}{강도0}0900-1150.,,2024,1,3,18,0,0,0,0
108,서울,2024-01-19,5.4,4.0,2051,9.0,1436,,,,,,,11.2,50.0,1002.0,7.1,50.0,1736.0,4.5,3882.0,50.0,-0.7,52,1543,65.4,5.8,1017.0,1028.8,1019.0,1025.9,1454.0,1027.6,9.9,7.1,1100.0,1.69,10.29,,,,,,7.0,3.6,2.1,1.8,-0.1,-0.1,0.1,0.9,2.2,4.8,8.0,14.0,17.3,2.1,2.9,,,,2024,1,3,19,0,0,0,0
108,서울,2024-01-20,3.4,1.9,1914,4.9,1306,,,,,11.17,0.4,12.4,50.0,554.0,7.2,50.0,600.0,5.3,4618.0,50.0,-1.7,57,1143,69.5,5.4,1014.6,1028.3,11.0,1023.6,1439.0,1025.4,10.0,0.0,1300.0,0.59,2.74,,,,,,8.9,5.6,1.0,0.5,-0.1,0.0,0.2,0.9,2.3,4.7,7.9,13.9,17.2,0.9,1.3,0.4,{비}1210-{비}{강도0}1500-{진눈깨비}1740-{진눈깨비}{강도0}1800-{진눈깨비}{강도0}2100-{눈}2220-2320.,,2024,1,3,20,0,0,0,0
108,서울,2024-01-21,1.7,-2.4,2352,4.3,1206,,,,,8.58,0.4,8.6,270.0,2145.0,5.3,270.0,2145.0,2.5,2179.0,50.0,-2.2,65,1147,75.8,5.3,1014.5,1026.9,2254.0,1023.7,336.0,1025.3,10.0,0.0,1100.0,0.64,3.57,,,,,,9.1,8.4,1.0,-3.0,0.0,0.1,0.3,0.9,2.5,4.7,7.8,13.9,17.2,0.6,0.9,0.6,{눈}0350-0415. {진눈깨비}0655-0740. {눈}1010-1040. {비}1305-{진눈깨비}1335-{비}1450-{비}{강도0}1500-{비}{강도0}1800-1855. {박무}2010-{박무}{강도0}2100-2330. {눈}2255-{눈}{강도0}2400-,,2024,1,3,21,0,0,0,0
108,서울,2024-01-22,-8.7,-11.9,2349,-2.4,1,,,,,8.83,0.2,10.4,320.0,629.0,6.3,270.0,404.0,4.1,3518.0,290.0,-14.0,55,1414,65.6,2.2,1017.0,1029.9,2048.0,1026.5,11.0,1028.3,10.0,3.6,1400.0,1.86,8.49,2.3,655.0,2.3,655.0,2.3,5.0,4.5,-1.1,-13.0,0.0,0.1,0.4,1.1,2.7,4.7,7.8,13.8,17.1,0.8,1.1,,-{눈}-{눈}{강도0}0300-{시정(미만)}{1km}{눈}0550-{시정(이상)}{1km}{눈}0559-{눈}{강도0}0600-0850.,,2024,1,4,22,0,0,0,0
108,서울,2024-01-23,-11.7,-14.0,729,-8.2,1525,,,,,,,10.5,270.0,1802.0,6.6,250.0,1244.0,3.9,3355.0,270.0,-19.2,44,1327,53.6,1.4,1014.9,1028.7,225.0,1023.7,1550.0,1026.3,10.0,9.1,1200.0,2.26,13.53,,,,,,0.5,0.4,-5.0,-15.2,-0.3,-0.1,0.3,1.0,2.4,4.7,7.7,13.7,17.1,1.0,1.4,,,,2024,1,4,23,0,0,0,0
108,서울,2024-01-24,-8.0,-11.2,36,-3.7,1600,,,,,,,11.0,290.0,917.0,5.9,270.0,836.0,3.3,2815.0,270.0,-16.2,39,1427,52.0,1.7,1015.1,1028.2,2333.0,1024.7,1504.0,1026.4,10.1,9.3,1200.0,2.24,13.63,,,,,,0.0,0.0,-4.1,-14.9,-1.2,-0.7,0.0,0.8,2.3,4.7,7.6,13.6,17.1,1.2,1.7,,,,2024,1,4,24,0,0,0,0
108,서울,2024-01-25,-5.3,-9.7,640,-0.5,1532,,,,,,,7.2,270.0,1526.0,3.7,270.0,1319.0,2.1,1777.0,270.0,-14.8,30,1611,47.8,2.0,1017.5,1029.9,1025.0,1027.3,1433.0,1028.7,10.1,9.4,1200.0,2.22,13.57,,,,,,0.0,0.0,-2.3,-16.2,-1.6,-1.1,-0.3,0.6,2.2,4.6,7.6,13.5,17.0,1.4,2.0,,,,2024,1,4,25,0,0,0,0
108,서울,2024-01-26,-1.7,-6.9,725,4.0,1544,,,,,,,6.7,200.0,1424.0,3.9,250.0,1443.0,1.9,1609.0,270.0,-8.1,39,1253,62.5,3.4,1017.9,1030.5,1053.0,1027.4,1359.0,1028.9,10.1,9.4,1200.0,2.17,12.68,,,,,,0.8,0.0,-1.1,-13.8,-1.3,-1.0,-0.4,0.4,2.1,4.5,7.5,13.5,17.0,1.4,1.9,,{박무}2150-2240. {박무}2310-{박무}{강도0}2400-,,2024,1,4,26,0,0,0,0
108,서울,2024-01-27,-0.5,-4.6,801,4.6,1503,,,,,,,7.8,250.0,1815.0,4.8,250.0,1824.0,1.8,1597.0,270.0,-5.7,41,1203,70.0,4.0,1016.1,1029.1,922.0,1025.6,1629.0,1027.0,10.2,8.0,1200.0,2.11,12.43,,,,,,2.9,1.0,0.3,-12.9,-0.9,-0.7,-0.4,0.4,2.0,4.5,7.5,13.4,16.9,1.4,2.1,,-{박무}-{박무}{강도0}0300-0440. {박무}0610-0850. {박무}2155-2340.,,2024,1,4,27,0,0,0,0
108,서울,2024-01-28,-1.5,-5.0,753,3.8,1524,,,,,,,6.5,290.0,1240.0,3.6,290.0,1249.0,1.9,1663.0,270.0,-7.9,44,1533,62.3,3.4,1017.6,1030.8,2359.0,1026.0,1.0,1028.6,10.2,8.0,1300.0,2.16,12.52,,,,,,2.0,1.1,0.5,-12.4,-0.8,-0.6,-0.4,0.3,1.9,4.4,7.4,13.3,16.9,1.3,1.9,,,,2024,1,4,28,0,0,0,0
108,서울,2024-01-29,-0.4,-4.8,718,4.6,1440,,,,,,,6.1,270.0,1246.0,3.7,270.0,1254.0,1.7,1466.0,290.0,-6.2,42,1546,66.6,3.8,1020.0,1032.4,1048.0,1029.6,1553.0,1031.0,10.2,9.2,1300.0,2.01,12.65,,,,,,2.0,0.6,0.3,-13.1,-0.9,-0.7,-0.4,0.3,1.9,4.3,7.3,13.2,16.8,1.4,2.0,,,,2024,1,5,29,0,0,0,0
108,서울,2024-01-30,1.4,-4.0,738,8.1,1559,,,,,,,4.3,50.0,1213.0,2.9,50.0,1216.0,1.4,1218.0,50.0,-6.5,28,1518,59.3,3.8,1017.7,1031.6,914.0,1025.4,2350.0,1028.5,10.3,9.4,1200.0,2.2,12.73,,,,,,2.3,0.6,1.0,-12.2,-0.8,-0.6,-0.4,0.3,1.9,4.3,7.3,13.1,16.8,1.7,2.5,,{박무}0115-{박무}{강도0}0300-{박무}{강도0}0600-{박무}{강도0}0900-1025. {연무}1020-1120.,,2024,1,5,30,0,0,0,0
108,서울,2024-01-31,4.7,0.7,1,10.6,1447,,,,,,,7.0,320.0,1906.0,4.3,320.0,1914.0,1.9,1660.0,50.0,-4.2,28,1338,54.1,4.5,1013.3,1026.3,159.0,1021.7,1456.0,1024.0,10.3,8.9,1200.0,2.05,12.65,,,,,,2.6,2.6,2.7,-5.7,-0.5,-0.3,-0.4,0.3,1.9,4.2,7.2,13.1,16.7,2.0,2.9,,{연무}1910-{연무}{강도0}2100-{연무}{강도0}2400-,,2024,1,5,31,0,0,0,0
108,서울,2024-02-01,2.4,-1.3,717,8.2,1543,,,,,,,7.3,290.0,1818.0,4.4,290.0,1831.0,2.1,1833.0,270.0,-3.8,42,1516,64.9,4.6,1014.3,1026.6,850.0,1023.2,1433.0,1025.0,10.3,6.8,1300.0,1.8,10.12,,,,,,6.4,3.9,1.6,-7.3,-0.3,-0.3,-0.4,0.3,1.8,4.2,7.1,13.0,16.7,1.6,2.3,,{박무}0115-{박무}{강도0}0300-{박무}{강도0}0600-{박무}{강도0}0900-1040. -{연무}-0120. {연무}1035-{연무}{강도0}1200-{연무}{강도0}1500-{연무}{강도0}1800-{연무}{강도0}2100-2120.,,2024,2,5,32,1,0,0,0
108,서울,2024-02-02,3.1,0.7,2355,7.9,1352,,,,,,,6.6,50.0,13.0,4.1,50.0,14.0,2.1,1847.0,50.0,-2.9,48,1325,65.5,5.0,1016.1,1029.0,2355.0,1025.3,330.0,1026.8,10.3,4.4,1300.0,2.11,10.3,,,,,,5.4,3.1,2.6,-8.3,-0.2,-0.2,-0.3,0.3,1.8,4.1,7.1,12.9,16.6,1.5,2.2,,{연무}1250-{연무}{강도0}1500-{연무}{강도0}1800-{연무}{강도0}2100-2345. {박무}2340-{박무}{강도0}2400-,,2024,2,5,33,1,0,0,0
108,서울,2024-02-03,4.7,-0.2,208,8.3,1430,,,,,1.83,0.0,7.1,50.0,837.0,4.4,50.0,818.0,2.2,1882.0,50.0,-1.7,50,1324,63.9,5.4,1016.4,1029.1,7.0,1025.1,1628.0,1027.1,10.4,1.0,1200.0,1.37,6.77,,,,,,8.4,5.4,1.6,-8.2,-0.2,-0.2,-0.3,0.3,1.8,4.1,7.0,12.8,16.6,1.1,1.6,0.0,-{박무}-{박무}{강도0}0300-0340. {비}1945-{비}{강도0}2100-2135.,,2024,2,5,34,1,0,0,0
108,서울,2024-02-04,7.3,3.7,704,12.2,1411,,,,,,,10.2,50.0,2346.0,4.7,50.0,2304.0,1.8,1593.0,70.0,0.0,44,1408,60.9,6.1,1014.0,1027.0,926.0,1022.6,2359.0,1024.5,10.4,4.6,1200.0,2.03,10.88,,,,,,8.6,6.8,4.3,-0.8,-0.1,-0.2,-0.3,0.3,1.8,4.0,7.0,12.8,16.5,1.8,2.6,1.2,,,2024,2,5,35,1,0,0,0
108,서울,2024-02-05,2.7,0.1,2113,6.6,1,,,,,21.0,3.9,15.0,50.0,1134.0,8.8,50.0,1123.0,5.0,4314.0,50.0,-0.2,60,1,81.8,6.0,1010.6,1025.0,2345.0,1018.0,515.0,1021.3,10.5,0.0,1400.0,0.64,3.47,3.6,2355.0,3.6,2355.0,3.6,10.0,8.0,1.9,-0.3,-0.1,-0.2,-0.3,0.3,1.9,4.0,6.9,12.7,16.5,0.7,1.0,2.9,{비}0120-{비}{강도0}0300-0355. {비}0535-{비}{강도0}0600-{비}{강도0}0900-{진눈깨비}1130-{진눈깨비}{강도0}1200-{진눈깨비}{강도0}1500-{눈}1635-{눈}{강도0}1800-{눈}{강도0}2100-{눈}{강도0}2400- {박무}1720-{박무}{강도2}1800-{박무}{강도2}2100-2240.,,2024,2,6,36,1,0,0,1
108,서울,2024-02-06,1.2,0.0,135,2.9,1224,,,,,7.83,0.2,5.4,290.0,1638.0,3.4,290.0,1640.0,2.2,1908.0,50.0,-1.3,71,1634,83.5,5.6,1013.8,1026.0,1049.0,1023.5,1539.0,1024.6,10.5,0.0,1000.0,0.65,4.49,0.2,255.0,3.8,255.0,0.2,8.8,8.8,0.3,-1.2,-0.1,-0.2,-0.3,0.4,2.0,4.0,6.9,12.6,16.4,0.6,0.9,0.0,-{눈}-0255. {눈}0605-0725. {눈}1430-{눈}{강도0}1500-1530. {비}1810-{진눈깨비}1835-1845. {눈}2020-{눈}{강도0}2100-2125. {박무}2055-{박무}{강도0}2100-{박무}{강도0}2400- {눈}2305-{눈}{강도0}2400-,,2024,2,6,37,1,0,0,0
108,서울,2024-02-07,0.6,-0.9,700,2.7,1435,,,,,3.25,0.0,5.9,290.0,110.0,3.6,320.0,2030.0,2.1,1818.0,270.0,-3.1,59,1538,76.6,4.9,1012.3,1024.5,926.0,1021.9,1451.0,1023.1,10.5,0.0,1300.0,0.56,3.61,,,,,,6.6,6.6,0.8,-7.8,-0.1,-0.2,-0.2,0.5,2.1,4.0,6.8,12.6,16.4,0.6,0.8,,-{박무}-0140. {박무}0250-{박무}{강도0}0300-{박무}{강도0}0600-{박무}{강도0}0900-1150. -{눈}-{눈}{강도0}0300-0315.,,2024,2,6,38,1,0,0,0
108,서울,2024-02-08,0.6,-3.0,716,6.2,1532,,,,,,,6.3,340.0,1206.0,4.0,320.0,1214.0,1.6,1369.0,270.0,-5.1,41,1537,66.9,4.2,1010.6,1022.9,1.0,1019.5,1529.0,1021.5,10.6,9.2,1200.0,2.31,13.96,,,,,,2.0,0.1,2.6,-11.2,-0.2,-0.2,-0.1,0.6,2.2,4.0,6.8,12.5,16.3,1.6,2.3,,{박무}0755-{박무}{강도0}0900-0955.,,2024,2,6,39,1,0,0,0
108,서울,2024-02-09,1.1,-2.5,731,6.1,1428,,,,,,,8.7,230.0,1629.0,4.5,200.0,1414.0,2.2,1879.0,250.0,-4.5,42,1558,66.8,4.4,1010.9,1022.6,1032.0,1020.3,1449.0,1021.7,10.6,6.9,1300.0,2.27,12.47,,,,,,3.3,3.3,2.1,-10.0,-0.2,-0.2,0.0,0.8,2.3,4.0,6.8,12.4,16.3,1.5,2.2,,{박무}0905-1105.,,2024,2,6,40,1,0,0,0
108,서울,2024-02-10,1.7,-1.5,542,7.4,1437,,,,,,,8.4,270.0,1316.0,4.7,270.0,1325.0,1.9,1646.0,250.0,-3.6,40,1419,69.4,4.7,1012.0,1024.2,2221.0,1021.2,1440.0,1022.8,10.6,5.6,1300.0,2.33,11.32,,,,,,2.3,2.3,2.6,-9.8,-0.1,-0.1,0.2,1.0,2.3,4.1,6.8,12.4,16.3,1.5,2.2,,{박무}0745-{박무}{강도0}0900-1155. {연무}1150-{연무}{강도0}1200-1405. {연무}1635-{연무}{강도0}1800-{연무}{강도0}2100-{연무}{강도0}2400-,,2024,2,6,41,1,0,0,0
108,서울,2024-02-11,1.0,-3.1,738,5.5,1356,,,,,1.5,0.0,10.1,290.0,1537.0,5.5,250.0,1508.0,2.2,1921.0,250.0,-3.9,49,1104,70.6,4.6,1013.3,1027.4,2352.0,1021.3,1420.0,1024.1,10.7,5.6,1200.0,2.26,10.38,,,,,,2.0,1.8,0.6,-12.4,0.0,0.1,0.4,1.1,2.5,4.1,6.8,12.3,16.2,1.2,1.8,0.0,{박무}0020-{박무}{강도0}0300-{박무}{강도0}0600-0650. -{연무}-0025. {연무}1315-{연무}{강도0}1500-{연무}{강도1}1800-{연무}{강도0}2100-2155. {눈}1455-{눈}{강도0}1500-1625. {박무}2150-{박무}{강도1}2400-,,2024,2,6,42,1,0,0,0
108,서울,2024-02-12,3.5,-2.9,713,10.5,1601,,,,,,,5.8,200.0,1705.0,3.6,230.0,1730.0,1.8,1598.0,50.0,-3.5,30,1557,62.8,4.8,1017.5,1030.5,903.0,1027.0,1531.0,1028.2,10.7,9.7,1200.0,2.39,15.35,,,,,,0.3,0.3,3.5,-11.3,0.4,0.4,0.6,1.2,2.4,4.1,6.7,12.2,16.2,2.1,3.0,,-{박무}-{박무}{강도0}0300-0325. {박무}0505-{박무}{강도0}0600-{박무}{강도0}0900-1110. {연무}1105-{연무}{강도0}1200-1330. {연무}1945-{연무}{강도0}2100-{연무}{강도0}2400-,,2024,2,7,43,1,0,0,0
108,서울,2024-02-13,8.2,2.0,615,13.7,1441,,,,,,,10.2,180.0,1250.0,5.6,200.0,1255.0,2.5,2132.0,50.0,3.0,57,1351,70.6,7.8,1014.2,1027.4,1.0,1022.9,1646.0,1024.8,10.7,5.5,1100.0,2.14,10.98,,,,,,2.5,2.5,3.9,-4.7,1.7,1.4,1.4,1.7,2.7,4.1,6.7,12.2,16.1,1.7,2.5,,-{연무}-{연무}{강도0}0300-{연무}{강도0}0600-0730. {박무}0725-{박무}{강도0}0900-1020. {연무}1015-1120. {박무}2140-{박무}{강도0}2400-,,2024,2,7,44,1,0,0,0
108,서울,2024-02-14,12.9,8.8,1,18.3,1448,,,,,,,7.9,200.0,2347.0,4.4,200.0,2347.0,2.2,1867.0,230.0,8.7,60,1451,76.4,11.3,1009.8,1023.5,5.0,1017.4,1441.0,1020.1,10.8,4.0,1400.0,1.82,10.39,,,,,,7.0,7.0,10.5,4.7,5.5,5.0,4.0,3.5,3.4,4.2,6.7,12.1,16.1,1.8,2.5,0.1,-{박무}-{박무}{강도0}0300-{박무}{강도0}0600-{박무}{강도0}0900-1110. {박무}2020-{박무}{강도0}2100-{박무}{강도0}2400-,,2024,2,7,45,1,0,1,0
108,서울,2024-02-15,4.5,0.6,2357,11.6,1,,,,,13.33,10.9,11.6,320.0,1014.0,6.5,290.0,1144.0,2.9,2498.0,270.0,2.9,68,2212,89.9,7.9,1008.9,1024.9,2251.0,1015.5,659.0,1019.6,10.8,0.9,1600.0,0.85,2.71,1.5,1420.0,1.5,1420.0,1.5,7.6,7.1,4.4,-4.8,5.9,6.0,5.7,5.4,4.9,4.4,6.7,12.1,16.0,0.5,0.7,10.8,{안개비}0135-{안개비}{강도0}0300-{안개비}{강도0}0600-{비}0825-{비}{강도0}0900-{비}{강도0}1200-{진눈깨비}1245-{눈}1315-{시정(미만)}{1km}{눈}1332-{시정(이상)}{1km}{눈}1340-1455. -{박무}-{박무}{강도2}0300-{박무}{강도1}0600-{시정(미만)}{1km}{안개}0802-{시정(이상)}{1km}{박무}0829-{박무}{강도0}0900-{박무}{강도0}1200-{박무}{강도0}1500-1515.,0.45,2024,2,7,46,1,0,0,1
108,서울,2024-02-16,2.3,-1.5,643,8.1,1540,,,,,,,6.8,160.0,1317.0,3.7,140.0,1325.0,1.8,1590.0,270.0,-2.5,46,1549,72.4,5.1,1013.4,1026.7,914.0,1021.8,1629.0,1024.1,10.8,7.9,1300.0,2.5,13.32,,,,,,0.6,0.6,3.9,-8.8,3.2,3.5,3.6,4.1,4.9,4.8,6.8,12.0,16.0,1.6,2.3,,{박무}2340-{박무}{강도0}2400-,,2024,2,7,47,1,0,0,0
108,서울,2024-02-17,4.4,-1.2,745,11.7,1525,,,,,,,4.7,200.0,1246.0,3.0,230.0,1350.0,1.7,1489.0,50.0,-0.2,48,1530,73.5,6.0,1010.8,1023.1,851.0,1020.0,1629.0,1021.5,10.9,8.7,1200.0,2.55,15.33,,,,,,0.0,0.0,4.8,-8.4,3.4,3.4,3.3,3.7,4.5,5.0,6.9,12.0,15.9,1.9,2.8,,-{박무}-{박무}{강도0}0300-{박무}{강도0}0600-{박무}{강도0}0900-1005. {연무}1935-{연무}{강도0}2100-2130. {박무}2245-{박무}{강도0}2400-,,2024,2,7,48,1,0,0,0
108,서울,2024-02-18,6.2,1.2,717,9.4,2357,,,,,10.08,17.1,7.6,50.0,2239.0,5.0,50.0,2241.0,2.8,2415.0,50.0,3.0,54,1431,81.4,7.8,1007.0,1021.3,1.0,1011.4,2356.0,1017.5,10.9,1.1,800.0,0.64,3.01,,,,,,7.1,6.0,3.3,-5.8,3.7,3.7,3.5,3.9,4.6,5.1,7.0,11.9,15.9,0.7,1.0,24.6,-{박무}-{박무}{강도0}0300-{박무}{강도0}0600-{박무}{강도0}0900-0905. {비}1355-{비}{강도0}1500-{비}{강도1}1800-{비}{강도0}2100-{비}{강도0}2400- {박무}1705-{박무}{강도0}1800-{박무}{강도0}2100-{박무}{강도1}2400-,,2024,2,7,49,1,0,0,1
108,서울,2024-02-19,9.1,4.2,2348,11.9,1028,,,,,19.5,8.9,9.0,290.0,1722.0,4.8,250.0,1717.0,2.3,2018.0,250.0,8.3,87,2324,95.8,11.2,1001.2,1018.9,2344.0,1007.8,637.0,1011.6,11.0,0.0,1400.0,0.24,1.37,,,,,,9.6,9.0,8.5,3.5,6.6,6.2,5.4,5.0,4.9,5.1,7.0,11.8,15.8,0.4,0.6,1.7,-{비}-{비}{강도0}0300-{안개비}0530-{안개비}{강도2}0600-{안개비}{강도2}0900-{안개비}{강도1}1200-{안개비}{강도0}1500-{비}1730-{비}{강도0}1800-{안개비}1830-1855. -{박무}-{박무}{강도2}0300-{시정(미만)}{1km}{안개}0428-{시정(미만)}{0.5km}{안개}0444-{시정(이상)}{0.5km}{안개}0508-{시정(미만)}{0.5km}{안개}0558-{안개}{강도1}0600-{시정(이상)}{0.5km}{안개}0643-{시정(이상)}{1km}{박무}0654-{시정(미만)}{1km}{안개}0730-{시정(미만)}{0.5km}{안개}0738-{시정(이상)}{0.5km}{안개}0816-{시정(미만)}{0.5km}{안개}0846-{안개}{강도1}0900-{시정(이상)}{0.5km}{안개}1130-{안개}{강도0}1200-{시정(미만)}{0.5km}{안개}1210-{시정(이상)}{0.5km}{안개}1338-{시정(이상)}{1km}{박무}1345-{박무}{강도1}1500-{박무}{강도0}1800-1805. {박무}1905-2010. {안개비}2140-2155. {안개비}2335-2355.,8.68,2024,2,8,50,1,0,0,1
108,서울,2024-02-20,4.3,2.8,506,6.8,1432,,,,,10.08,2.6,11.7,50.0,2240.0,7.5,50.0,2243.0,3.4,2935.0,50.0,2.1,75,1427,86.3,7.1,1011.7,1024.6,2143.0,1018.5,5.0,1022.4,11.0,0.0,1000.0,0.37,2.34,,,,,,9.9,6.9,4.8,2.3,5.5,5.4,5.3,5.5,5.6,5.2,7.0,11.8,15.8,0.7,1.0,8.7,{비}0115-{비}{강도0}0300-0310. {박무}0145-{박무}{강도0}0300-0330. {박무}0725-{박무}{강도0}0900-{박무}{강도0}1200-1305. {비}1340-{비}{강도0}1500-{비}{강도0}1800-1945. {안개비}2005-2045. {비}2235-{비}{강도0}2400-,,2024,2,8,51,1,0,0,1
108,서울,2024-02-21,1.9,0.0,2349,4.0,101,,,,,24.0,17.8,11.9,50.0,746.0,7.2,50.0,914.0,5.2,4502.0,50.0,0.7,75,104,92.5,6.5,1010.4,1023.3,53.0,1019.5,1526.0,1021.1,11.0,0.0,1400.0,0.48,2.77,5.2,2355.0,5.2,2355.0,5.2,10.0,8.3,2.3,0.2,3.9,4.2,4.4,4.8,5.5,5.5,7.0,11.8,15.8,0.4,0.5,20.2,-{비}-{비}{강도0}0300-{비}{강도0}0600-{비}{강도0}0900-{진눈깨비}1150-{진눈깨비}{강도0}1200-{진눈깨비}{강도0}1500-{눈}1750-{눈}{강도0}1800-{눈}{강도0}2100-{눈}{강도0}2400- {박무}0650-0710. {박무}1210-1450. {박무}1740-{박무}{강도0}1800-{박무}{강도1}2100-{박무}{강도2}2400-,,2024,2,8,52,1,0,0,1
108,서울,2024-02-22,0.2,-1.1,653,1.6,1325,,,,,17.17,8.8,11.8,70.0,848.0,6.0,50.0,1223.0,4.2,3617.0,50.0,-2.1,73,1358,84.5,5.3,1016.0,1029.0,2138.0,1022.9,1.0,1026.9,11.1,0.0,1300.0,0.86,4.5,8.6,755.0,13.8,755.0,9.1,9.8,8.0,0.3,0.0,2.5,2.9,3.2,3.9,5.1,5.6,7.1,11.6,15.7,0.7,1.0,0.4,-{눈}-{시정(미만)}{1km}{눈}0123-{시정(이상)}{1km}{눈}0135-{시정(미만)}{1km}{눈}0201-{시정(이상)}{1km}{눈}0219-{시정(미만)}{1km}{눈}0257-{눈}{강도1}0300-{시정(이상)}{1km}{눈}0334-{시정(미만)}{1km}{눈}0352-{시정(이상)}{1km}{눈}0449-{눈}{강도0}0600-0750. -{박무}-{박무}{강도2}0300-{박무}{강도1}0600-0710. {눈}1115-{눈}{강도0}1200-1210. {눈}1440-{눈}{강도0}1500-1755. {눈}1850-{눈}{강도0}2100-{눈}{강도0}2400-,,2024,2,8,53,1,0,0,1
108,서울,2024-02-23,1.8,-1.0,702,6.1,1458,,,,,3.83,0.4,9.4,50.0,1001.0,5.5,70.0,1959.0,3.5,3044.0,50.0,-3.5,50,1441,68.8,4.7,1019.0,1032.8,2134.0,1027.9,350.0,1029.9,11.1,5.8,1300.0,2.72,15.28,0.3,155.0,10.2,1.0,0.3,5.9,3.6,0.6,-1.8,2.3,2.6,2.7,3.3,4.6,5.6,7.1,11.3,15.7,2.1,3.0,,-{눈}-{눈}{강도0}0300-0350.,,2024,2,8,54,1,0,0,0
108,서울,2024-02-24,2.0,-1.3,657,5.9,1418,,,,,6.75,2.3,9.7,20.0,1355.0,4.7,50.0,249.0,2.9,2507.0,70.0,-3.4,48,1346,68.6,4.8,1017.7,1032.3,347.0,1024.9,2353.0,1028.6,11.1,5.5,1300.0,2.22,12.07,,,2.0,1.0,,7.4,3.6,3.1,-3.9,2.4,2.2,2.3,2.9,4.2,5.5,7.1,11.2,15.6,1.3,1.9,4.1,{비}1715-{비}{강도0}1800-{진눈깨비}2030-{진눈깨비}{강도0}2100-{진눈깨비}{강도0}2400- {박무}1855-{박무}{강도0}2100-{박무}{강도0}2400-,,2024,2,8,55,1,0,0,1
108,서울,2024-02-25,2.8,0.8,602,5.9,1549,,,,,10.42,1.8,6.0,290.0,1505.0,3.8,290.0,1517.0,2.0,1711.0,50.0,-0.3,63,1549,80.8,6.0,1012.9,1025.9,2357.0,1022.2,1315.0,1023.6,11.2,0.9,1100.0,1.49,7.55,0.2,655.0,0.2,655.0,0.2,6.4,5.6,2.7,-4.0,3.4,3.2,3.0,3.3,4.1,5.4,7.2,11.2,15.6,0.9,1.3,0.0,-{눈}-{눈}0250-{눈}{강도0}0300-{눈}{강도0}0600-{진눈깨비}0850-{진눈깨비}{강도0}0900-1025. -{박무}-0250. {박무}0330-{박무}{강도0}0600-0650. {박무}0750-0835.,,2024,2,8,56,1,0,0,1
108,서울,2024-02-26,3.8,-1.2,656,9.7,1414,,,,,,,6.3,70.0,1313.0,3.7,50.0,2018.0,1.9,1669.0,50.0,-2.6,39,1527,65.3,5.1,1016.9,1029.3,2357.0,1025.9,1.0,1027.7,11.2,6.8,1200.0,2.66,14.98,,,,,,2.1,1.8,3.1,-8.5,3.5,3.3,3.2,3.5,4.3,5.3,7.1,11.1,15.5,2.1,3.1,,{박무}0245-{박무}{강도0}0300-{박무}{강도0}0600-0810.,,2024,2,9,57,1,0,0,0
108,서울,2024-02-27,5.3,1.2,607,9.8,1510,,,,,,,9.4,50.0,453.0,5.2,70.0,500.0,3.0,2619.0,70.0,-4.0,36,1529,52.0,4.6,1018.9,1031.2,955.0,1027.8,1655.0,1029.6,11.3,5.5,1400.0,2.02,13.06,,,,,,7.5,2.1,4.9,-3.9,3.9,3.7,3.5,3.8,4.5,5.3,7.1,11.0,15.5,2.0,2.9,,,,2024,2,9,58,1,0,0,0
108,서울,2024-02-28,6.4,3.2,712,10.1,1509,,,,,,,5.8,290.0,2022.0,3.3,290.0,1626.0,2.1,1777.0,50.0,-1.0,47,1521,59.5,5.7,1017.0,1029.7,946.0,1026.2,1806.0,1027.6,11.3,1.7,1200.0,1.81,10.2,,,,,,8.5,6.1,5.9,-0.7,5.1,4.8,4.5,4.5,4.8,5.3,7.1,11.0,15.4,1.5,2.1,,,,2024,2,9,59,1,0,0,0
108,서울,2024-02-29,4.8,0.3,2400,9.6,1539,,,,,,,11.2,290.0,2234.0,6.6,290.0,2235.0,2.2,1924.0,290.0,-1.7,43,2146,63.6,5.5,1011.9,1027.2,36.0,1018.9,1628.0,1022.6,11.3,1.2,1500.0,1.17,7.01,,,,,,6.8,4.6,4.4,-2.9,5.0,4.9,4.8,4.9,5.2,5.4,7.1,11.1,15.4,1.7,2.4,,{박무}0125-{박무}{강도0}0300-{박무}{강도0}0600-0715. {연무}1610-1730. {연무}1950-{연무}{강도0}2100-2110.,,2024,2,9,60,1,0,0,0
108,서울,2024-03-01,-4.1,-7.1,2355,0.3,1,,,,,,,14.2,270.0,1427.0,7.5,290.0,1434.0,4.4,3783.0,290.0,-16.3,24,1359,38.9,1.8,1013.3,1026.5,2318.0,1021.8,4.0,1024.3,11.4,10.6,1300.0,2.93,20.33,,,,,,0.0,0.0,1.3,-9.9,2.6,2.8,3.5,4.3,5.2,5.5,7.2,11.1,15.3,2.1,3.0,,,,2024,3,9,61,1,1,0,0
108,서울,2024-03-02,-0.5,-8.1,253,4.1,2356,,,,,2.0,0.0,13.9,180.0,1439.0,7.1,200.0,1439.0,3.2,2761.0,200.0,-7.3,48,11,60.4,3.8,1008.8,1026.3,1.0,1015.5,2245.0,1019.7,11.4,5.8,1100.0,2.43,13.21,,,,,,4.5,4.5,-0.2,-14.1,1.2,1.4,2.0,3.0,4.5,5.6,7.2,11.1,15.3,1.6,2.2,0.0,{눈}1210-1255. {눈}1905-2020. {박무}2330-{박무}{강도0}2400-,,2024,3,9,62,1,1,0,0
108,서울,2024-03-03,4.0,0.4,724,7.8,1335,,,,,,,11.0,270.0,205.0,5.9,270.0,1641.0,2.9,2479.0,250.0,-0.9,42,1234,71.5,5.7,1006.8,1020.0,2359.0,1015.4,58.0,1017.4,11.5,6.6,1200.0,2.24,13.52,,,,,,2.3,2.3,2.8,-6.5,2.8,2.4,2.3,2.8,4.1,5.5,7.3,11.1,15.3,1.7,2.4,,-{박무}-{박무}{강도0}0300-{박무}{강도1}0600-{박무}{강도1}0900-0950. {연무}0945-{연무}{강도0}1200-{연무}{강도0}1500-{연무}{강도0}1800-{연무}{강도1}2100-2225. {박무}2220-{박무}{강도1}2400-,,2024,3,9,63,1,1,0,0
108,서울,2024-03-04,5.4,-1.8,714,11.7,1508,,,,,,,5.2,110.0,925.0,3.2,250.0,1735.0,1.6,1415.0,50.0,-6.7,17,1345,45.5,3.7,1009.8,1023.5,855.0,1018.2,2400.0,1020.4,11.5,9.5,1200.0,2.87,17.79,,,,,,4.5,2.0,4.5,-10.6,3.7,3.4,3.2,3.5,4.4,5.4,7.3,11.1,15.2,3.4,4.8,,-{박무}-{박무}{강도1}0300-0540. {햇무리}1650-1745.,,2024,3,10,64,1,1,0,0
108,서울,2024-03-05,8.0,5.5,2357,11.0,1310,,,,,,,9.4,20.0,2020.0,5.5,50.0,1940.0,2.9,2496.0,70.0,-3.5,32,211,45.1,4.9,1004.3,1018.2,1.0,1010.8,1659.0,1014.8,11.5,0.1,1100.0,1.4,6.29,,,,,,8.8,4.9,5.1,3.2,5.2,4.8,4.5,4.4,4.8,5.4,7.3,11.1,15.2,1.8,2.5,,,,2024,3,10,65,1,0,0,0
108,서울,2024-03-06,6.2,2.5,640,10.3,1613,,,,,,,8.7,50.0,2151.0,5.1,50.0,2158.0,2.8,2404.0,50.0,-1.5,46,1545,58.8,5.5,1005.9,1018.2,2239.0,1014.9,115.0,1016.4,11.6,2.3,1100.0,1.92,10.31,,,,,,5.9,5.1,5.3,-1.3,5.3,5.0,4.7,4.8,5.2,5.5,7.3,11.1,15.1,2.0,2.8,0.0,,,2024,3,10,66,1,1,0,0
108,서울,2024-03-07,3.9,1.2,2357,8.2,1258,,,,,3.83,2.1,8.9,250.0,1424.0,4.9,200.0,1320.0,3.0,2579.0,50.0,-2.7,45,2243,62.4,5.1,1006.0,1018.4,35.0,1014.6,1354.0,1016.7,11.6,2.5,1200.0,2.48,8.77,,,,,,5.0,5.0,3.6,-2.9,5.1,4.9,4.8,5.0,5.5,5.6,7.3,11.1,15.1,1.4,2.0,2.1,{눈}0455-0520. {비}1025-1050. {비}1140-{진눈깨비}1155-{진눈깨비}{강도0}1200-1205. {비}1405-{비}{강도0}1500-{싸락눈}1505-{비}1515-1640. {박무}1515-1630.,,2024,3,10,67,1,1,0,1
108,서울,2024-03-08,2.1,-0.7,458,6.5,1338,,,,,,,12.3,290.0,1630.0,6.9,270.0,1420.0,3.4,2925.0,270.0,-7.7,26,1704,50.6,3.5,1007.3,1021.3,2345.0,1016.0,1541.0,1018.0,11.7,10.4,1200.0,2.93,19.91,,,,,,0.4,0.4,2.8,-7.6,3.8,3.7,3.9,4.5,5.4,5.8,7.4,11.1,15.0,2.8,4.1,,{연무}0505-{연무}{강도0}0600-0810.,,2024,3,10,68,1,1,0,0
108,서울,2024-03-09,2.0,-2.1,726,7.1,1546,,,,,,,8.2,270.0,1559.0,4.8,270.0,1606.0,2.7,2344.0,250.0,-7.8,24,1408,50.8,3.5,1013.1,1026.4,2351.0,1021.3,1.0,1023.8,11.7,10.9,1200.0,3.02,21.15,,,,,,0.0,0.0,3.9,-9.0,3.6,3.4,3.6,4.1,5.1,5.8,7.4,11.0,15.0,2.8,4.0,,,,2024,3,10,69,1,1,0,0
108,서울,2024-03-10,4.2,-1.8,654,10.6,1455,,,,,,,8.8,180.0,1514.0,4.4,270.0,1618.0,2.1,1778.0,270.0,-5.0,26,1306,54.0,4.3,1017.0,1029.6,950.0,1026.3,17.0,1027.7,11.7,10.9,1200.0,2.94,20.38,,,,,,1.0,0.0,4.7,-9.9,4.2,3.9,3.9,4.2,5.1,5.8,7.5,11.0,14.9,2.8,3.9,,,,2024,3,10,70,1,1,0,0
108,서울,2024-03-11,6.2,2.0,609,10.8,1711,,,,,,,,,,,,,,,,-0.8,34,1356,62.3,5.8,1009.3,1026.4,6.0,1015.8,2335.0,1019.9,,,,,,,,,,,7.0,3.5,4.4,-3.9,4.8,4.5,4.4,4.7,5.3,5.8,7.5,11.0,14.9,0.8,1.1,0.3,,,2024,3,11,71,1,1,0,0
108,서울,2024-03-12,6.6,4.4,2344,10.0,1541,,,,,5.88,2.1,,,,,,,,,,2.9,62,1538,78.0,7.6,1004.8,1018.6,2343.0,1013.5,1507.0,1015.3,11.8,0.0,1600.0,0.19,0.3,,,,,,6.0,5.8,5.7,-3.4,5.3,5.1,4.9,5.0,5.5,5.9,7.5,11.0,14.9,0.4,0.5,1.8,{비}0640-{비}{강도0}0900-0930. {박무}0805-{박무}{강도0}0900-0935. {비}1305-1425. {비}1540-{싸락우박}1550-1558. {비}1625-1750. {박무}1830-{박무}{강도0}2100-2110.,,2024,3,11,72,1,1,0,1
108,서울,2024-03-13,6.5,1.3,711,12.0,1347,,,,,,,10.0,180.0,1502.0,6.2,230.0,1538.0,2.7,2332.0,230.0,-1.7,27,1317,57.6,5.4,1009.4,1021.3,953.0,1018.6,1.0,1020.0,11.9,10.9,1200.0,3.04,20.78,,,,,,0.4,0.0,5.6,-6.0,5.5,5.2,5.0,5.1,5.6,5.9,7.5,11.0,14.8,3.2,4.5,,,,2024,3,11,73,1,1,0,0
108,서울,2024-03-14,8.5,3.4,652,15.4,1442,,,,,,,7.8,250.0,1626.0,4.8,230.0,1523.0,,,250.0,-0.4,23,1509,58.3,6.0,1010.7,1023.1,2237.0,1019.4,1423.0,1021.2,11.9,,,,,,,,,,1.0,1.0,8.8,-4.2,6.7,6.3,5.8,5.8,6.0,6.0,7.6,11.0,14.8,,,,{연무}0055-{연무}{강도0}0300-0550. {박무}0545-{박무}{강도0}0600-{박무}{강도0}0900-1010. {연무}1005-1150. {연무}1335-1405. {연무}2150-{연무}{강도0}2400-,,2024,3,11,74,1,1,0,0
108,서울,2024-03-15,8.9,4.0,645,14.5,1533,,,,,,,9.7,180.0,1524.0,5.3,200.0,1333.0,2.3,1996.0,200.0,2.9,43,1515,68.5,7.6,1013.4,1025.7,2357.0,1022.4,1626.0,1023.9,11.9,10.6,1200.0,2.9,20.18,,,,,,0.0,0.0,9.3,-5.0,7.5,7.1,6.7,6.6,6.6,6.2,7.6,10.9,14.7,2.9,4.2,,{박무}0050-{박무}{강도0}0300-{박무}{강도0}0600-{박무}{강도0}0900-0905. -{연무}-0055. {연무}1025-1140. {연무}1845-{연무}{강도0}2100-2355. {박무}2350-{박무}{강도0}2400-,,2024,3,11,75,1,1,0,0
108,서울,2024-03-16,10.9,4.4,626,18.3,1515,,,,,,,9.0,270.0,1653.0,4.7,270.0,1743.0,2.1,1785.0,50.0,0.7,19,1618,54.5,6.5,1010.8,1025.9,215.0,1017.5,1541.0,1021.2,12.0,8.3,1200.0,2.99,18.28,,,,,,3.9,2.8,10.3,-2.8,8.5,8.1,7.5,7.2,7.1,6.4,7.7,10.9,14.7,3.5,5.0,0.1,-{박무}-{박무}{강도0}0300-{박무}{강도1}0600-{박무}{강도0}0900-0955. {연무}0950-{연무}{강도0}1200-1210.,,2024,3,11,76,1,1,1,0
108,서울,2024-03-17,8.8,5.4,2253,12.2,1451,,,,,0.75,0.1,11.8,290.0,1542.0,6.3,290.0,1124.0,3.7,3202.0,290.0,-2.5,28,1423,48.0,5.4,1006.9,1021.7,2353.0,1015.2,1514.0,1017.4,12.0,8.7,1300.0,2.81,18.59,,,,,,5.6,2.9,11.0,0.3,9.2,8.8,8.4,8.2,7.7,6.6,7.8,10.9,14.7,3.8,5.4,,{박무}0515-{박무}{강도2}0600-{박무}{강도0}0900-0925. {비}0550-{비}{강도0}0600-0635. {황사}1030-{황사}{강도0}1200-{황사}{강도0}1500-{황사}{강도0}1800-1830.,,2024,3,11,77,1,0,0,0
108,서울,2024-03-18,7.1,1.4,711,13.2,1356,,,,,,,8.8,290.0,1635.0,4.5,250.0,1513.0,2.4,2090.0,270.0,-10.6,13,1602,28.6,2.8,1011.2,1024.4,810.0,1019.8,1632.0,1021.7,12.1,10.6,1200.0,3.08,21.33,,,,,,2.0,0.4,9.0,-7.9,7.8,7.6,7.6,7.8,7.9,6.9,7.9,10.9,14.6,4.4,6.3,0.0,,,2024,3,12,78,1,1,0,0
108,서울,2024-03-19,6.7,3.9,2400,9.8,1318,,,,,1.5,0.2,14.0,270.0,1622.0,7.4,200.0,1522.0,3.7,3187.0,200.0,-0.5,39,1,60.8,6.1,1004.8,1020.2,58.0,1010.6,1602.0,1015.3,12.1,2.7,1400.0,1.56,9.63,,,,,,6.1,4.4,8.8,0.9,7.6,7.5,7.4,7.6,7.9,7.1,8.0,10.9,14.6,1.9,2.7,0.2,{비}0735-0755. {비}1045-1140. {연무}1245-{연무}{강도0}1500-1555. {연무}1705-{연무}{강도0}1800-2010. {비}2240-2255.,,2024,3,12,79,1,1,0,0
108,서울,2024-03-20,4.4,1.2,643,8.7,1521,,,,,,,10.8,290.0,1400.0,6.1,320.0,1313.0,3.4,2970.0,290.0,-6.6,26,1534,46.5,3.8,1009.6,1022.4,924.0,1017.1,37.0,1020.2,12.1,9.0,1100.0,2.72,19.09,,,,,,1.8,1.8,7.2,-4.7,6.5,6.6,6.7,7.1,7.7,7.2,8.1,10.9,14.6,2.8,4.0,,,,2024,3,12,80,1,1,0,0
108,서울,2024-03-21,5.0,-1.2,636,11.5,1429,,,,,,,8.9,270.0,1520.0,4.9,250.0,1529.0,2.0,1741.0,290.0,-5.9,25,1324,46.5,4.0,1007.9,1021.2,7.0,1016.1,1807.0,1018.5,12.2,11.3,1200.0,3.16,22.43,,,,,,2.0,1.5,7.7,-10.0,6.4,6.3,6.2,6.6,7.4,7.3,8.2,10.9,14.5,3.5,5.0,,,,2024,3,12,81,1,1,0,0
108,서울,2024-03-22,10.4,3.8,31,15.2,1622,,,,,7.25,5.4,15.0,200.0,1715.0,8.4,200.0,1741.0,3.4,2960.0,50.0,1.5,31,1137,57.0,7.4,1001.9,1018.4,13.0,1007.5,1732.0,1012.2,12.2,3.5,1100.0,2.31,10.25,,,,,,7.6,4.6,8.9,-1.2,7.5,7.2,6.9,7.1,7.4,7.3,8.4,10.8,14.5,2.4,3.4,5.5,{비}1520-{비}{강도0}1800-{비}{강도0}2100-2125. {박무}1930-{박무}{강도0}2100-2110. {비}2250-{비}{강도0}2400- {박무}2345-{박무}{강도0}2400-,,2024,3,12,82,1,1,1,1
108,서울,2024-03-23,13.0,9.3,718,18.2,1618,,,,,2.75,0.1,8.0,250.0,28.0,4.1,250.0,35.0,2.3,1961.0,270.0,6.1,42,1628,66.0,9.5,1004.9,1017.6,2259.0,1009.2,34.0,1015.1,12.3,8.2,1200.0,3.14,19.2,,,,,,6.4,3.9,14.0,3.7,10.5,9.9,9.0,8.4,7.9,7.4,8.4,10.8,14.5,3.4,4.8,,-{비}-0050. {안개비}0150-{안개비}{강도0}0300-0345. -{박무}-{박무}{강도0}0300-{박무}{강도0}0600-{박무}{강도0}0900-1135. {연무}1130-{연무}{강도0}1200-1240. {달무리}2045-2130.,,2024,3,12,83,1,0,1,0
108,서울,2024-03-24,16.2,10.5,237,23.4,1626,,,,,,,7.9,70.0,1027.0,4.0,50.0,1012.0,2.4,2079.0,70.0,2.6,22,1600,42.5,7.4,1006.1,1018.8,903.0,1013.3,1715.0,1016.2,12.3,8.1,1300.0,3.1,19.89,,,,,,4.9,0.5,14.5,2.8,11.4,10.9,10.2,9.7,8.9,7.6,8.5,10.8,14.4,4.4,6.2,,,,2024,3,12,84,1,0,1,0
108,서울,2024-03-25,10.6,6.7,2332,14.5,1,,,,,11.08,5.1,11.3,20.0,2222.0,6.9,50.0,2254.0,4.0,3470.0,50.0,3.3,39,841,63.0,7.8,1005.6,1017.7,916.0,1014.3,426.0,1016.0,12.4,0.0,1000.0,0.73,4.68,,,,,,9.6,8.0,9.4,5.0,10.6,10.6,10.4,10.3,9.7,7.9,8.6,10.8,14.4,1.4,1.9,16.6,{비}1255-{비}{강도0}1500-{비}{강도0}1800-{비}{강도0}2100-{비}{강도0}2400-,,2024,3,13,85,1,0,1,1
108,서울,2024-03-26,7.4,3.2,800,12.4,1540,,,,,10.42,11.5,9.7,70.0,3.0,5.7,50.0,9.0,2.6,2208.0,50.0,3.3,55,1616,77.3,7.7,1009.6,1024.4,2303.0,1015.0,18.0,1020.2,12.4,2.3,1300.0,2.85,13.76,,,,,,6.1,4.9,9.6,1.2,9.3,9.1,9.0,9.2,9.4,8.2,8.7,10.8,14.4,1.8,2.5,0.0,-{비}-{비}{강도0}0300-{비}{강도0}0600-{비}{강도0}0900-1025. {박무}0340-0410.,,2024,3,13,86,1,1,0,1
108,서울,2024-03-27,10.4,4.4,634,16.2,1522,,,,,,,7.1,270.0,1559.0,4.4,270.0,1603.0,2.0,1730.0,50.0,4.4,46,1448,68.4,8.4,1012.2,1025.0,657.0,1019.4,2346.0,1022.6,12.4,8.8,1100.0,2.6,18.46,,,,,,5.3,0.9,11.8,-1.5,10.1,9.7,9.3,9.2,9.4,8.4,8.9,10.8,14.3,2.5,3.6,1.5,{햇무리}1250-1550.,,2024,3,13,87,1,1,1,0
108,서울,2024-03-28,10.3,7.8,2353,12.2,1629,,,,,10.83,1.9,7.8,250.0,2230.0,4.4,250.0,2214.0,1.8,1524.0,50.0,7.2,67,1,81.8,10.2,999.6,1019.4,1.0,1005.0,1713.0,1010.0,12.5,0.0,1300.0,0.62,4.13,,,,,,8.5,6.1,10.8,5.1,10.5,10.3,10.0,9.9,9.8,8.5,9.0,10.8,14.3,0.9,1.3,0.4,{비}0415-{비}{강도0}0600-{비}{강도0}0900-1015. {박무}0520-{박무}{강도1}0600-{박무}{강도0}0900-1005. {비}1130-{비}{강도0}1200-1455. {비}1855-2020. {박무}1925-{박무}{강도0}2100-{박무}{강도0}2400- {황사}2330-{황사}{강도0}2400-,,2024,3,13,88,1,0,1,1
108,서울,2024-03-29,7.6,5.0,2352,12.3,1611,,,,,4.75,1.4,10.5,180.0,1655.0,5.4,230.0,1838.0,2.8,2439.0,250.0,2.8,49,2232,73.0,7.6,996.9,1013.3,2347.0,1003.5,828.0,1007.3,12.5,2.5,1500.0,1.66,6.68,,,,,,4.8,3.9,7.7,-3.3,9.1,9.0,9.1,9.3,9.8,8.7,9.2,10.8,14.3,1.3,1.9,1.4,-{박무}-{박무}{강도0}0300-{박무}{강도0}0600-0810. -{황사}-{황사}{강도1}0300-{황사}{강도1}0600-{황사}{강도1}0900-{황사}{강도0}1200-1350. {비}0910-{비}{강도0}1200-{안개비}1230-{비}1310-1355. {박무}0935-{박무}{강도0}1200-{박무}{강도0}1500-1620. {연무}1615-1710. {황사}1745-{황사}{강도0}1800-{황사}{강도0}2100-{황사}{강도0}2400-,,2024,3,13,89,1,0,0,1
108,서울,2024-03-30,8.8,3.0,559,15.6,1510,,,,,,,10.4,250.0,1620.0,5.6,230.0,1542.0,2.4,2108.0,50.0,0.0,30,1443,56.5,6.1,1001.6,1014.9,2342.0,1007.9,1551.0,1012.0,12.5,5.4,1300.0,2.85,16.07,,,,,,3.9,2.0,9.1,-3.7,8.7,8.4,8.3,8.6,9.3,8.8,9.3,10.9,14.3,2.9,4.1,,-{황사}-{황사}{강도0}0300-{황사}{강도0}0600-{황사}{강도0}0900-{황사}{강도0}1200-{황사}{강도0}1500-{황사}{강도0}1800-{황사}{강도0}2100-2220.,,2024,3,13,90,1,1,0,0
108,서울,2024-03-31,10.6,3.4,610,17.7,1544,,,,,,,7.4,290.0,1500.0,4.4,290.0,1502.0,1.9,1668.0,290.0,-3.7,17,1437,39.9,4.7,1002.3,1015.8,646.0,1009.0,1653.0,1012.6,12.6,10.1,1200.0,3.22,22.79,,,,,,1.6,1.4,11.6,-4.9,9.5,9.2,8.8,8.9,9.3,8.8,9.4,10.9,14.2,4.3,6.1,,,,2024,3,13,91,1,1,1,0
108,서울,2024-04-01,12.2,5.5,613,19.0,1502,,,,,,,8.5,250.0,1436.0,4.3,250.0,1457.0,1.8,1572.0,250.0,-5.5,14,1321,32.0,4.2,1004.4,1016.2,809.0,1012.3,1.0,1014.6,12.6,11.5,1200.0,3.27,23.72,,,,,,0.3,0.0,12.9,-2.7,10.7,10.4,9.9,9.7,9.6,8.9,9.5,10.9,14.2,5.4,7.8,,,,2024,4,14,92,1,0,1,0
108,서울,2024-04-02,15.4,7.0,549,23.9,1422,,,,,,,7.4,250.0,1550.0,4.5,270.0,1540.0,2.0,1695.0,20.0,0.1,18,1324,37.5,6.5,1002.3,1015.5,809.0,1009.4,2356.0,1012.5,12.7,9.5,1300.0,3.08,21.69,,,,,,3.1,0.1,14.8,-0.7,11.7,11.3,10.7,10.4,10.1,9.0,9.6,10.9,14.2,4.7,6.7,,,,2024,4,14,93,1,0,1,0
108,서울,2024-04-03,16.6,13.9,113,19.7,1348,0.0,,0.0,,0.25,0.0,4.9,110.0,1511.0,3.4,110.0,1514.0,1.8,1559.0,70.0,7.4,42,912,55.9,10.5,996.6,1009.6,2249.0,1003.6,1527.0,1006.6,12.7,0.3,1300.0,1.29,7.18,,,,,,7.8,5.4,13.4,5.3,12.8,12.4,11.8,11.4,10.7,9.2,9.7,10.9,14.1,2.1,3.0,0.0,{비}1155-{비}{강도0}1200-1210.,,2024,4,14,94,1,0,1,0
108,서울,2024-04-04,15.5,12.4,621,20.3,1313,,,,,,,8.0,70.0,1013.0,5.2,50.0,926.0,2.9,2541.0,50.0,5.5,39,1152,52.1,9.1,1004.4,1018.5,2340.0,1009.3,23.0,1014.5,12.8,3.6,1000.0,2.55,15.47,,,,,,6.5,3.9,14.2,7.7,13.4,13.0,12.3,11.8,11.1,9.4,9.8,10.9,14.1,3.5,4.9,,,,2024,4,14,95,1,0,1,0
108,서울,2024-04-05,14.0,10.2,2354,18.8,1437,,,,,,,8.5,180.0,1622.0,5.2,230.0,1512.0,2.5,2199.0,90.0,3.9,39,1735,51.3,8.1,1008.6,1020.4,2144.0,1016.8,1545.0,1018.8,12.8,6.2,1400.0,2.71,17.11,,,,,,5.1,4.9,14.7,1.9,13.6,13.2,12.6,12.2,11.6,9.7,9.9,10.9,14.1,3.3,4.7,,,,2024,4,14,96,1,0,1,0
108,서울,2024-04-06,12.7,8.0,607,18.9,1440,,,,,,,8.2,270.0,1601.0,5.1,230.0,1543.0,1.9,1626.0,270.0,1.0,28,1130,48.6,6.7,1008.8,1021.0,919.0,1016.6,1756.0,1019.1,12.8,6.6,1200.0,3.06,17.49,,,,,,3.9,0.0,13.6,0.2,12.9,12.7,12.4,12.2,11.8,9.9,10.0,11.0,14.1,3.7,5.3,,{연무}0305-0555. {박무}0550-{박무}{강도0}0600-{박무}{강도0}0900-0905. {햇무리}0750-0815. {연무}0901-0920.,,2024,4,14,97,1,0,1,0
108,서울,2024-04-07,14.8,7.7,618,23.4,1551,,,,,,,8.3,270.0,1752.0,5.9,270.0,1755.0,2.0,1686.0,250.0,-1.8,21,1318,33.4,5.4,1007.6,1019.7,826.0,1014.6,1602.0,1017.8,12.9,11.4,1200.0,3.17,23.4,,,,,,1.0,0.0,16.0,0.0,13.3,12.9,12.4,12.1,11.8,10.2,10.2,11.0,14.1,5.3,7.6,,,,2024,4,14,98,1,0,1,0
108,서울,2024-04-08,16.2,11.0,604,22.8,1432,,,,,,,8.0,290.0,1803.0,5.2,290.0,1916.0,2.1,1837.0,270.0,4.3,28,1336,46.5,8.5,1006.3,1018.4,5.0,1014.3,1549.0,1016.4,12.9,2.0,1300.0,2.38,14.44,,,,,,8.3,0.0,15.9,2.8,13.9,13.6,13.0,12.7,12.2,10.3,10.4,11.0,14.0,4.1,5.9,,,,2024,4,15,99,1,0,1,0
108,서울,2024-04-09,15.3,10.6,703,20.8,1601,,,,,,,13.9,70.0,718.0,7.9,50.0,702.0,3.5,3057.0,50.0,-1.8,19,1630,32.4,5.4,1010.2,1023.1,2343.0,1015.6,5.0,1020.4,12.9,11.9,1200.0,3.39,25.68,,,,,,0.4,0.0,17.6,3.8,14.4,14.1,13.5,13.1,12.5,10.5,10.5,11.0,14.0,5.8,8.2,,,,2024,4,15,100,1,0,1,0
108,서울,2024-04-10,13.8,10.2,607,18.5,1418,,,,,,,8.0,290.0,1825.0,5.2,290.0,1832.0,2.6,2225.0,180.0,6.5,32,1,62.6,9.8,1014.2,1026.5,1003.0,1022.9,1529.0,1024.5,13.0,3.9,1300.0,2.36,15.38,,,,,,6.0,3.4,15.1,2.9,14.2,13.9,13.5,13.3,12.7,10.8,10.7,11.0,14.0,2.5,3.6,0.0,,,2024,4,15,101,1,0,1,0
108,서울,2024-04-11,15.5,11.7,422,21.1,1543,0.0,,0.0,,0.83,0.0,5.2,250.0,2052.0,3.4,250.0,2059.0,1.8,1558.0,50.0,7.5,41,1659,61.0,10.4,1011.1,1024.7,1.0,1018.3,1825.0,1021.3,13.0,4.0,1300.0,2.3,14.28,,,,,,5.3,3.3,16.2,6.0,14.8,14.5,13.9,13.5,12.9,11.0,10.8,11.1,14.0,2.9,4.1,,{비}0735-0825.,,2024,4,15,102,1,0,1,0
108,서울,2024-04-12,17.2,12.0,324,24.2,1606,,,,,,,7.2,250.0,1705.0,4.3,250.0,1707.0,2.1,1844.0,270.0,8.9,30,1609,59.6,11.4,1008.1,1020.7,1.0,1015.4,1704.0,1018.2,13.1,9.8,1300.0,3.23,23.59,,,,,,1.9,1.5,19.8,4.8,15.8,15.4,14.5,14.0,13.2,11.2,11.0,11.1,13.9,4.7,6.8,,{연무}0750-{연무}{강도0}0900-0935.,,2024,4,15,103,1,0,1,0
108,서울,2024-04-13,19.1,11.2,606,27.3,1547,,,,,,,7.8,290.0,1808.0,4.4,250.0,1453.0,1.9,1660.0,270.0,8.1,24,1518,52.4,10.8,1007.3,1019.2,732.0,1015.3,1614.0,1017.4,13.1,12.1,1200.0,3.33,25.65,,,,,,0.0,0.0,21.5,3.9,16.9,16.4,15.5,14.8,13.8,11.4,11.2,11.1,13.9,5.7,8.1,,,,2024,4,15,104,1,0,1,0
108,서울,2024-04-14,20.8,13.6,606,29.4,1442,,,,,,,8.5,250.0,1806.0,5.3,270.0,1826.0,1.9,1617.0,50.0,8.1,25,1409,47.1,10.8,1006.1,1018.9,702.0,1013.5,2329.0,1016.0,13.1,11.7,1200.0,3.34,24.93,,,,,,3.0,0.0,23.1,6.0,18.0,17.4,16.4,15.7,14.4,11.7,11.3,11.2,13.9,6.1,8.7,1.9,,,2024,4,15,105,1,0,1,0
108,서울,2024-04-15,16.0,11.7,2110,20.0,731,3.0,915.0,8.0,847.0,12.17,17.1,8.1,70.0,1020.0,5.1,50.0,1024.0,2.5,2177.0,50.0,11.5,44,434,77.4,13.8,1000.2,1013.5,1.0,1008.3,1547.0,1010.3,13.2,0.0,1100.0,0.66,3.18,,,,,,8.6,7.1,15.3,11.2,16.7,16.6,16.3,16.0,15.0,12.0,11.5,11.2,13.9,0.8,1.1,17.5,{비}0755-{비}{강도0}0900-{비}{강도0}1200-{비}{강도0}1500-{비}{강도0}1800-1840. {박무}0825-{박무}{강도0}0900-1030. {박무}1245-{박무}{강도0}1500-{박무}{강도0}1800-{박무}{강도0}2100-{박무}{강도0}2400- {안개비}2055-{안개비}{강도0}2100-2220.,,2024,4,16,106,1,0,1,1
108,서울,2024-04-16,13.3,11.5,228,17.9,1610,0.4,752.0,1.2,729.0,6.08,2.3,7.7,180.0,1643.0,4.1,180.0,1702.0,2.5,2138.0,200.0,10.1,60,1626,82.6,12.4,1001.8,1013.5,2203.0,1010.7,444.0,1012.0,13.2,3.7,1200.0,2.56,13.45,,,,,,6.3,5.6,15.9,5.7,15.6,15.4,15.0,14.9,14.7,12.3,11.7,11.2,13.9,2.3,3.3,0.0,{안개비}0105-{비}0220-{비}{강도0}0300-0350. -{박무}-{박무}{강도0}0300-{박무}{강도0}0600-{박무}{강도0}0900-{박무}{강도0}1200-1310. {비}0425-0435. {비}0605-0850. {안개비}0915-0940. {황사}1235-{황사}{강도0}1500-{황사}{강도0}1800-{황사}{강도0}2100-{황사}{강도0}2400- {박무}2040-{박무}{강도0}2100-{박무}{강도1}2400-,,2024,4,16,107,1,0,1,1
108,서울,2024-04-17,15.0,9.7,556,21.8,1507,,,,,,,7.6,270.0,1515.0,4.1,250.0,1727.0,2.2,1876.0,250.0,7.7,35,1501,65.3,10.5,1001.9,1014.8,659.0,1009.3,1737.0,1012.0,13.3,10.3,1100.0,3.04,23.2,,,,,,4.6,2.0,17.9,4.9,15.9,15.6,15.1,14.9,14.6,12.5,11.9,11.3,13.9,3.9,5.6,,-{박무}-{박무}{강도1}0300-{박무}{강도1}0600-{박무}{강도0}0900-0945. -{황사}-{황사}{강도0}0300-{황사}{강도0}0600-0650. {연무}0940- {황사}1150-1155.{황사}{강도0}1200-{황사}{강도0}1500-{황사}{강도0}1800-{황사}{강도0}2100-{황사}{강도0}2400-,,2024,4,16,108,1,0,1,0
108,서울,2024-04-18,17.3,10.7,547,24.9,1454,,,,,,,7.9,290.0,1739.0,4.9,290.0,1709.0,2.2,1888.0,270.0,6.7,28,1852,53.3,9.9,1000.1,1012.5,2344.0,1007.6,1531.0,1010.1,13.3,11.7,1200.0,3.36,25.45,,,,,,0.0,0.0,19.2,4.3,16.6,16.3,15.7,15.3,14.9,12.7,12.1,11.3,13.8,5.5,7.9,,-{황사}-{황사}{강도0}0300-{황사}{강도0}0600-{황사}{강도0}0900-{황사}{강도0}1200-{황사}{강도0}1500-{황사}{강도0}1800-2010.,,2024,4,16,109,1,0,1,0
108,서울,2024-04-19,17.6,11.5,637,24.3,1518,,,,,,,9.1,230.0,1400.0,4.4,200.0,1449.0,2.1,1810.0,230.0,7.1,34,1607,51.8,10.1,1002.0,1013.9,920.0,1010.1,1549.0,1012.1,13.3,10.4,1200.0,3.32,23.5,,,,,,3.9,0.0,19.7,5.3,17.1,16.8,16.2,15.8,15.2,12.9,12.3,11.3,13.8,4.4,6.3,,{연무}1155-{연무}{강도0}1200-{연무}{강도0}1500-1515.,,2024,4,16,110,1,0,1,0
108,서울,2024-04-20,14.9,13.0,2129,17.2,950,0.4,1447.0,1.2,1819.0,14.0,4.8,13.9,160.0,817.0,5.8,50.0,2151.0,3.0,2588.0,70.0,10.7,58,945,77.3,12.9,1000.1,1012.3,953.0,1008.6,1545.0,1010.2,13.4,0.0,1000.0,0.68,4.46,,,,,,9.8,6.5,14.5,10.2,16.1,16.2,16.1,16.0,15.6,13.1,12.5,11.4,13.8,1.4,1.9,4.8,{연무}0230-{연무}{강도0}0300-{연무}{강도0}0600-{연무}{강도0}0900-1020. {비}0930-{비}{강도0}1200-{비}{강도0}1500-{비}{강도0}1800-{비}{강도0}2100-2330. {박무}1410-{박무}{강도0}1500-{박무}{강도0}1800-1950.,,2024,4,16,111,1,0,1,1
108,서울,2024-04-21,17.2,13.3,1,21.7,1220,,,,,,,10.2,50.0,1104.0,5.5,50.0,949.0,3.8,3246.0,70.0,10.4,54,1221,65.5,12.7,1000.8,1012.8,2313.0,1009.4,231.0,1010.9,13.4,1.0,1100.0,2.56,11.86,,,,,,8.8,8.1,16.7,12.2,16.1,15.8,15.4,15.3,15.2,13.3,12.6,11.4,13.8,3.2,4.5,,,,2024,4,16,112,1,0,1,0
108,서울,2024-04-22,18.8,15.0,523,24.1,1702,,,,,,,8.5,50.0,1007.0,5.2,50.0,939.0,3.1,2713.0,50.0,7.8,38,1653,49.4,10.6,1003.0,1014.8,2349.0,1011.0,1631.0,1013.0,13.4,4.6,1400.0,2.96,19.34,,,,,,6.5,6.0,21.6,14.4,17.2,16.8,16.1,15.8,15.4,13.4,12.8,11.5,13.8,4.8,6.9,,,,2024,4,17,113,1,0,1,0
108,서울,2024-04-23,17.3,13.2,603,24.2,1356,0.0,,0.0,,3.33,0.0,9.7,110.0,1034.0,5.4,50.0,2153.0,3.6,3088.0,50.0,7.8,37,1400,55.0,10.6,1001.0,1014.7,1.0,1007.6,1607.0,1011.0,13.5,6.0,1300.0,3.5,19.16,,,,,,7.9,5.0,18.4,12.2,17.7,17.5,16.9,16.5,15.7,13.5,12.9,11.5,13.8,4.1,5.8,8.5,{비}1845-{비}{강도0}2100-2125. {비}2155-2235.,,2024,4,17,114,1,0,1,0
108,서울,2024-04-24,13.2,11.0,2330,16.5,1351,0.9,541.0,4.3,542.0,7.0,9.0,8.5,270.0,1910.0,5.4,250.0,1916.0,3.0,2560.0,50.0,9.7,63,1410,80.1,12.1,997.8,1011.4,2359.0,1006.2,650.0,1008.0,13.5,1.9,1000.0,1.9,9.53,,,,,,7.8,7.3,14.2,10.3,16.2,16.2,16.1,16.2,16.0,13.7,13.1,11.6,14.7,1.6,2.3,0.5,{비}0135-0220. {비}0325-{비}{강도0}0600-{비}{강도0}0900-0940. {박무}0450-{박무}{강도0}0600-0650. {박무}2355-{박무}{강도0}2400-,,2024,4,17,115,1,0,1,1
108,서울,2024-04-25,14.4,10.3,602,20.8,1621,,,,,,,5.6,250.0,1554.0,3.3,270.0,1547.0,1.9,1620.0,270.0,9.8,47,1541,75.6,12.1,1001.5,1013.7,1015.0,1009.6,1703.0,1011.6,13.6,6.2,1200.0,3.54,18.59,,,,,,4.4,4.4,17.9,10.3,16.3,16.1,15.6,15.5,15.6,13.8,13.2,11.6,14.6,3.3,4.7,,-{박무}-0010. {박무}0405-{박무}{강도0}0600-{박무}{강도0}0900-{박무}{강도0}1200-1235. {연무}1230-{연무}{강도0}1500-1540. {연무}1620-{연무}{강도0}1800-{연무}{강도0}2100-2250. {박무}2245-{박무}{강도0}2400-,,2024,4,17,116,1,0,1,0
108,서울,2024-04-26,17.8,11.4,603,26.0,1543,,,,,,,7.3,250.0,1922.0,5.1,250.0,1941.0,1.9,1649.0,250.0,9.2,21,1618,61.1,11.7,1000.0,1011.6,40.0,1007.4,1635.0,1010.0,13.6,10.7,1200.0,3.3,23.74,,,,,,3.4,0.0,20.4,9.1,17.4,17.1,16.4,16.1,15.7,13.9,13.4,11.7,14.6,4.9,7.0,,-{박무}-{박무}{강도0}0300-{박무}{강도0}0600-{박무}{강도0}0900-0935. {연무}0930-1010. {햇무리}0950-1140. {황사}1545-{황사}{강도0}1800-{황사}{강도0}2100-2120. {연무}2335-{연무}{강도0}2400-,,2024,4,17,117,1,0,1,0
108,서울,2024-04-27,18.2,11.5,601,26.2,1525,,,,,,,7.6,270.0,1606.0,4.5,250.0,1611.0,1.9,1663.0,250.0,8.7,30,1420,56.4,11.3,1001.2,1013.0,2207.0,1008.8,1529.0,1011.2,13.6,12.5,1200.0,3.53,28.23,,,,,,0.3,0.0,23.1,6.8,18.3,18.0,17.3,16.8,16.2,14.0,13.5,11.8,14.6,,,,-{연무}-{연무}{강도0}0300-0320. {연무}0840-{연무}{강도0}0900-1010.,,2024,4,17,118,1,0,1,0
108,서울,2024-04-28,20.7,13.0,558,28.9,1559,,,,,,,5.9,200.0,1650.0,3.4,230.0,1651.0,1.6,1383.0,70.0,9.9,22,1441,53.5,12.3,1002.5,1014.6,743.0,1010.7,1537.0,1012.4,13.7,11.4,1200.0,3.46,25.14,,,,,,5.9,0.0,24.3,8.4,19.2,18.8,18.0,17.5,16.6,14.2,13.6,11.8,14.6,5.4,7.7,,{햇무리}1350-1510.,,2024,4,17,119,1,0,1,0
108,서울,2024-04-29,20.9,16.9,553,26.1,1456,,,,,,,10.5,50.0,1003.0,5.5,70.0,914.0,3.0,2632.0,50.0,9.1,36,1451,48.0,11.6,998.2,1011.2,1.0,1005.0,1647.0,1008.1,13.7,8.8,1100.0,3.11,21.36,,,,,,5.6,0.3,24.0,15.7,19.8,19.6,18.8,18.2,17.1,14.4,13.7,11.9,14.6,4.9,7.0,,,,2024,4,18,120,1,0,1,0
108,서울,2024-04-30,18.6,16.0,2354,22.5,1417,,,,,,,7.3,200.0,1449.0,4.4,250.0,701.0,2.2,1899.0,200.0,11.1,45,1513,62.5,13.3,996.1,1009.0,2351.0,1004.1,1501.0,1006.0,13.7,5.5,1200.0,2.55,17.95,,,,,,8.5,3.9,23.9,12.9,19.9,19.7,19.0,18.5,17.5,14.7,13.9,11.9,14.6,3.8,5.4,,{연무}0615-0715. {연무}1105-{연무}{강도0}1200-1205. {연무}1955-{연무}{강도0}2100-{연무}{강도0}2400-,,2024,4,18,121,1,0,1,0
108,서울,2024-05-01,18.5,13.9,535,24.0,1552,,,,,,,8.4,70.0,202.0,4.3,50.0,318.0,2.4,2100.0,70.0,5.9,27,1511,46.0,9.4,1001.8,1015.9,2347.0,1008.8,133.0,1011.8,13.8,9.8,1200.0,3.43,26.05,,,,,,4.6,3.6,26.4,10.0,19.8,19.6,18.8,18.4,17.7,15.0,14.0,12.0,14.6,5.0,7.2,,-{연무}-0025.,,2024,5,18,122,0,0,1,0
108,서울,2024-05-02,18.1,12.4,546,23.7,1457,,,,,,,8.9,250.0,1506.0,5.2,250.0,1339.0,2.4,2037.0,250.0,6.3,29,1540,48.4,9.6,1007.7,1019.2,1054.0,1015.9,1.0,1017.8,13.8,12.8,1200.0,3.48,28.72,,,,,,0.0,0.0,26.0,7.8,19.8,19.6,18.9,18.5,17.8,15.1,14.2,12.1,14.6,6.1,8.7,,,,2024,5,18,123,0,0,1,0
108,서울,2024-05-03,19.7,12.2,559,27.9,1618,,,,,,,5.9,270.0,1759.0,3.6,270.0,1807.0,1.9,1599.0,270.0,7.1,27,1544,46.9,10.1,1007.8,1020.2,728.0,1014.9,1625.0,1017.8,13.8,12.8,1200.0,3.53,28.28,,,,,,0.0,0.0,26.5,6.0,20.0,19.8,19.0,18.6,17.9,15.3,14.4,12.1,14.6,6.1,8.7,,,,2024,5,18,124,0,0,1,0
108,서울,2024-05-04,21.4,14.6,602,28.5,1402,0.0,,0.0,,0.17,0.0,7.7,270.0,1525.0,4.3,250.0,1646.0,1.9,1616.0,20.0,8.2,27,1403,44.8,10.9,1005.6,1017.8,1.0,1013.6,1710.0,1015.6,13.9,12.5,1200.0,3.41,26.61,,,,,,3.4,1.0,27.4,8.6,20.7,20.5,19.6,19.1,18.2,15.5,14.6,12.2,14.6,5.4,7.7,3.2,{연무}1110-{연무}{강도0}1200-1350. {연무}1410-{연무}{강도0}1500-1620. {비}2310-2320.,,2024,5,18,125,0,0,1,0
108,서울,2024-05-05,17.8,15.7,2351,20.6,1,3.9,1426.0,8.1,1410.0,20.08,48.3,10.7,180.0,2004.0,5.6,200.0,2010.0,2.5,2200.0,50.0,15.4,44,1,87.4,17.6,998.5,1014.7,1.0,1003.4,1740.0,1008.5,13.9,0.0,1100.0,0.39,2.17,,,,,,10.0,8.4,18.1,15.2,19.6,19.7,19.2,19.2,18.6,15.7,14.7,12.2,14.6,0.6,0.9,54.6,{비}0240-{비}{강도0}0300-0530. {박무}0350-{박무}{강도1}0600-{박무}{강도2}0900-{박무}{강도0}1200-{박무}{강도0}1500-1615. {비}0645-{비}{강도0}0900-{비}{강도1}1200-{비}{강도1}1500-{비}{강도0}1800-{비}{강도1}2100-{비}{강도0}2400- {박무}1755-{박무}{강도0}1800-{박무}{강도1}2100-{박무}{강도0}2400-,,2024,5,18,126,0,0,1,1
108,서울,2024-05-06,13.9,13.4,1811,15.7,1,1.1,127.0,4.1,128.0,20.17,12.3,9.4,200.0,1158.0,4.9,200.0,113.0,3.1,2649.0,200.0,12.7,88,1840,92.9,14.7,996.8,1008.1,2139.0,1004.9,10.0,1006.9,13.9,0.0,1200.0,0.44,2.71,,,,,,10.0,8.9,15.0,12.8,17.3,17.5,17.4,17.8,18.3,16.0,14.9,12.3,14.5,0.6,0.9,5.2,-{비}-{비}{강도1}0300-{비}{강도0}0600-{비}{강도0}0900-{비}{강도0}1200-1430. -{박무}-{박무}{강도0}0300-0430. {박무}0630-{박무}{강도1}0900-{박무}{강도0}1200-1455. {비}1510-1535. {비}1645-1655. {박무}1650-1710. {안개비}1805-{안개비}{강도0}2100-2310. {박무}1930-{박무}{강도0}2100-{박무}{강도0}2400-,,2024,5,19,127,0,0,1,1
108,서울,2024-05-07,13.3,12.2,2357,15.0,1552,0.3,525.0,1.2,516.0,16.17,2.4,9.5,70.0,1949.0,4.9,70.0,1921.0,3.0,2614.0,50.0,9.1,60,2312,77.3,11.7,1001.6,1017.0,2346.0,1007.3,28.0,1011.8,14.0,0.0,1300.0,0.68,4.75,,,,,,9.6,7.1,13.9,11.2,16.0,16.1,16.2,16.7,17.6,16.1,15.3,12.4,14.5,1.9,2.7,0.0,{안개비}0030-{안개비}{강도0}0300-{비}0530-{비}{강도0}0600-{비}{강도0}0900-0930. -{박무}-{박무}{강도0}0300-{박무}{강도2}0600-{박무}{강도0}0900-0905. {비}1230-{비}{강도0}1500-1550. {비}1630-{비}{강도0}1800-2020.,,2024,5,19,128,0,0,1,1
108,서울,2024-05-08,14.7,9.0,554,21.4,1609,,,,,,,8.6,270.0,1903.0,4.9,250.0,1906.0,2.3,2020.0,50.0,6.3,36,1507,58.8,9.6,1007.8,1019.7,817.0,1016.0,1646.0,1018.0,14.0,11.0,1100.0,3.54,27.21,,,,,,1.8,0.9,18.2,6.2,16.5,16.2,15.8,16.0,17.0,16.1,15.3,12.4,14.5,4.7,6.8,,,,2024,5,19,129,0,0,1,0
108,서울,2024-05-09,16.1,10.9,517,21.8,1557,,,,,,,11.8,200.0,1619.0,5.9,200.0,1348.0,2.9,2485.0,200.0,8.4,35,1523,63.6,11.1,1007.9,1019.4,513.0,1015.9,1611.0,1018.0,14.0,12.8,1200.0,3.41,27.17,,,,,,0.3,0.3,20.0,6.1,17.7,17.4,16.7,16.7,17.1,16.0,15.4,12.5,14.5,5.2,7.4,,,,2024,5,19,130,0,0,1,0
108,서울,2024-05-10,17.9,12.5,534,23.8,1441,,,,,,,10.3,230.0,1535.0,5.5,230.0,1539.0,2.6,2209.0,230.0,7.9,29,1629,55.6,10.8,1007.3,1019.1,747.0,1015.4,1644.0,1017.3,14.1,12.5,1200.0,3.46,28.02,,,,,,2.0,0.0,23.1,9.0,18.8,18.5,17.8,17.4,17.4,15.9,15.5,12.6,14.5,6.0,8.5,,{박무}0255-{박무}{강도0}0300-0305. {박무}0555-{박무}{강도0}0600-0705.,,2024,5,19,131,0,0,1,0
108,서울,2024-05-11,17.0,14.0,2259,22.0,1227,1.8,1703.0,7.7,1653.0,9.0,31.7,18.3,180.0,1248.0,9.1,200.0,1254.0,3.5,3048.0,200.0,13.2,54,1,80.0,15.4,1001.2,1016.7,1.0,1007.7,1835.0,1011.2,14.1,0.1,1000.0,1.32,5.72,,,,,,9.3,8.6,16.4,12.0,17.9,18.0,17.7,17.8,17.8,16.0,15.5,12.6,14.5,1.8,2.6,31.7,{비}1330-{비}{강도0}1500-{비}{강도1}1800-{비}{강도1}2100-2230. {박무}1430-{박무}{강도0}1500-{박무}{강도0}1800-{박무}{강도0}2100-2220. {박무}2345-{박무}{강도0}2400-,,2024,5,19,132,0,0,1,1
108,서울,2024-05-12,16.6,11.9,556,21.6,1518,,,,,,,11.3,290.0,1412.0,5.8,290.0,1420.0,2.7,2375.0,250.0,9.3,39,1346,65.0,11.8,1000.6,1013.0,2359.0,1008.7,1538.0,1010.7,14.1,11.4,1200.0,3.68,28.91,,,,,,2.6,1.6,19.9,9.4,18.4,18.1,17.3,17.2,17.6,16.1,15.6,12.7,14.5,5.2,7.4,,-{박무}-{박무}{강도1}0300-{박무}{강도0}0600-0750. {황사}0950-{황사}{강도0}1200-{황사}{강도0}1500-1740.,,2024,5,19,133,0,0,1,0
108,서울,2024-05-13,18.3,11.9,603,24.5,1444,,,,,,,8.9,270.0,1709.0,5.3,270.0,1710.0,2.3,1964.0,270.0,7.4,27,1708,51.9,10.4,1004.0,1015.2,2344.0,1012.4,1614.0,1014.1,14.1,13.1,1200.0,3.72,30.09,,,,,,0.0,0.0,21.5,7.0,19.1,18.8,18.0,17.7,17.9,16.2,15.7,12.8,14.5,6.2,8.9,,,,2024,5,20,134,0,0,1,0
108,서울,2024-05-14,18.8,12.7,559,24.7,1419,,,,,,,9.0,180.0,1313.0,5.3,270.0,1340.0,2.4,2033.0,270.0,5.0,23,1653,43.3,8.8,1005.3,1016.6,737.0,1013.8,1729.0,1015.3,14.2,13.0,1200.0,3.7,30.02,,,,,,0.1,0.0,22.7,7.8,19.8,19.6,18.7,18.3,18.2,16.3,15.8,12.8,14.5,6.7,9.6,,,,2024,5,20,135,0,0,1,0
108,서울,2024-05-15,12.6,7.2,2129,18.8,1002,0.9,1916.0,3.9,1525.0,10.5,20.6,12.7,340.0,2121.0,6.6,320.0,2123.0,2.7,2299.0,290.0,7.7,41,1,74.3,10.6,1002.4,1015.7,1.0,1009.7,1829.0,1012.7,14.2,3.1,900.0,2.26,8.35,,,,,,6.5,5.8,14.9,6.5,17.6,17.9,17.8,18.2,18.5,16.4,15.9,12.9,14.5,1.6,2.3,20.7,{비}1330-{비}{강도1}1500-{비}{강도0}1800-{비}{강도0}2100-{비}{강도0}2400- {박무}1330-{박무}{강도0}1500-1715.,,2024,5,20,136,0,0,1,1
108,서울,2024-05-16,13.7,6.9,600,19.8,1613,0.1,,0.3,-2331.0,1.75,0.1,9.4,270.0,1236.0,5.7,250.0,1313.0,3.1,2639.0,290.0,5.3,32,1654,61.3,8.9,999.6,1011.9,4.0,1007.2,1520.0,1009.8,14.2,13.1,1200.0,3.81,31.35,,,,,,1.5,0.6,18.6,5.9,16.7,16.5,16.0,16.3,17.5,16.5,16.0,13.0,14.6,5.3,7.6,,-{비}-0145.,,2024,5,20,137,0,0,1,0
108,서울,2024-05-17,18.3,10.8,535,24.9,1435,,,,,,,8.8,180.0,1706.0,4.2,200.0,1445.0,2.2,1916.0,250.0,10.7,42,1335,63.6,12.9,1003.7,1016.4,2359.0,1011.1,1.0,1013.7,14.3,10.8,1200.0,3.31,24.4,,,,,,3.8,0.8,19.5,7.2,18.5,18.3,17.2,17.1,17.5,16.5,16.0,13.1,14.6,4.6,6.5,,{박무}0310-{박무}{강도0}0600-0830.,,2024,5,20,138,0,0,1,0
108,서울,2024-05-18,20.7,16.0,551,26.5,1459,,,,,,,8.1,270.0,1629.0,4.9,270.0,1637.0,2.0,1739.0,270.0,13.7,46,1418,65.3,15.7,1006.6,1018.1,704.0,1014.4,1555.0,1016.6,14.3,11.3,1300.0,3.43,26.88,,,,,,2.3,2.0,23.0,12.4,20.4,20.1,18.8,18.2,18.0,16.5,16.1,13.1,14.6,5.0,7.2,,,,2024,5,20,139,0,0,1,0
108,서울,2024-05-19,21.5,15.9,534,27.9,1513,,,,,,,7.7,270.0,1705.0,4.5,270.0,1705.0,1.9,1605.0,270.0,13.5,30,1359,63.1,15.5,1004.9,1017.4,4.0,1012.6,1742.0,1014.8,14.3,12.6,1200.0,3.58,28.99,,,,,,1.1,0.0,24.9,12.1,21.7,21.4,20.1,19.4,18.8,16.6,16.1,13.2,14.6,5.6,8.0,,,,2024,5,20,140,0,0,1,0
108,서울,2024-05-20,19.4,16.8,2347,22.8,1251,,,,,,,7.4,270.0,1325.0,4.6,250.0,1218.0,2.3,1983.0,270.0,14.8,63,1254,75.0,16.8,1005.2,1017.8,2311.0,1012.7,132.0,1015.2,14.3,0.5,1000.0,1.63,11.45,,,,,,7.3,7.3,20.7,13.6,21.1,21.1,20.3,19.9,19.4,16.8,16.2,13.3,14.6,2.4,3.5,,{박무}2040-{박무}{강도0}2100-{박무}{강도0}2400-,,2024,5,21,141,0,0,1,0
108,서울,2024-05-21,21.7,16.3,553,28.3,1654,,,,,,,7.2,160.0,945.0,3.6,290.0,1728.0,1.9,1641.0,270.0,15.0,33,1644,68.1,17.0,1008.0,1019.7,938.0,1015.7,1625.0,1017.9,14.4,9.4,1200.0,3.55,26.37,,,,,,2.9,2.9,26.1,13.5,22.1,21.8,20.4,19.8,19.4,17.0,16.3,13.3,14.6,4.9,7.0,,-{박무}-{박무}{강도1}0300-{박무}{강도1}0600-0755. {연무}1720-{연무}{강도0}1800-{연무}{강도0}2100-{연무}{강도0}2400-,,2024,5,21,142,0,0,1,0
108,서울,2024-05-22,20.5,16.4,533,25.5,1453,,,,,,,8.7,290.0,1521.0,4.3,270.0,1615.0,2.3,2026.0,270.0,14.1,44,1727,68.9,16.2,1005.7,1018.5,26.0,1013.0,1804.0,1015.7,14.4,10.0,1200.0,3.56,27.4,,,,,,5.8,1.9,25.4,14.7,22.8,22.7,21.4,20.8,20.0,17.2,16.4,13.4,14.6,5.1,7.4,,{박무}0045-{박무}{강도1}0300-{박무}{강도1}0600-{박무}{강도0}0900-1105. -{연무}-0050. {연무}1055-{연무}{강도0}1200-1325.,,2024,5,21,143,0,0,1,0
108,서울,2024-05-23,20.2,15.8,607,26.4,1554,,,,,,,7.2,270.0,1656.0,4.3,290.0,1750.0,2.5,2143.0,250.0,13.6,43,1759,67.9,15.6,1001.1,1013.4,1.0,1008.6,1607.0,1011.0,14.4,12.7,1200.0,3.6,30.1,,,,,,2.4,1.1,27.5,13.7,23.0,22.9,21.6,21.0,20.4,17.5,16.6,13.4,14.6,5.1,7.3,,{박무}0350-{박무}{강도0}0600-0825. {박무}2235-{박무}{강도0}2400-,,2024,5,21,144,0,0,1,0
108,서울,2024-05-24,20.1,15.7,145,24.7,1726,,,,,,,7.6,320.0,1447.0,4.7,320.0,1436.0,2.1,1832.0,270.0,15.4,61,1720,75.1,17.5,1002.5,1014.4,2223.0,1011.0,1726.0,1012.4,14.4,4.7,1100.0,3.2,20.51,,,,,,6.6,6.6,25.3,14.1,22.7,22.7,21.7,21.2,20.8,17.7,16.7,13.5,14.6,3.7,5.3,,-{박무}-{박무}{강도0}0300-{박무}{강도0}0600-{박무}{강도0}0900-1055. {연무}1050-1155. {연무}1305-{연무}{강도0}1500-1510.,,2024,5,21,145,0,0,1,0
108,서울,2024-05-25,21.4,18.7,125,24.7,1248,,,,,,,6.9,140.0,1021.0,3.8,160.0,1222.0,1.8,1583.0,50.0,13.7,47,1040,62.8,15.7,1004.8,1016.7,845.0,1012.8,2354.0,1014.6,14.5,2.3,1200.0,2.71,17.34,,,,,,7.8,7.3,25.1,14.9,22.8,22.8,21.8,21.3,20.9,18.0,16.9,13.6,14.6,4.0,5.7,,{연무}1935-{연무}{강도0}2100-2325.,,2024,5,21,146,0,0,1,0
108,서울,2024-05-26,19.9,17.0,2342,23.7,1110,1.1,1720.0,3.0,1656.0,8.33,8.7,10.8,200.0,1908.0,5.7,230.0,1909.0,2.7,2322.0,110.0,14.7,49,1000,74.3,16.9,995.6,1012.8,1.0,1001.0,1950.0,1005.5,14.5,3.1,900.0,1.94,10.2,,,,,,9.0,5.4,22.9,15.4,21.8,22.0,21.3,21.2,21.1,18.2,17.0,13.6,14.7,2.2,3.2,8.7,{비}1210-1230. {비}1330-{비}{강도0}1500-{비}{강도0}1800-1815. {박무}1350-{박무}{강도1}1500-{박무}{강도0}1800-1805. {비}1855-{비}{강도0}2100-2210. {박무}1925-{박무}{강도1}2100-{박무}{강도1}2400-,,2024,5,21,147,0,0,1,1
108,서울,2024-05-27,18.5,14.1,603,22.6,1504,,,,,,,12.2,270.0,1251.0,6.4,270.0,1255.0,3.3,2833.0,270.0,10.8,40,1449,63.4,13.0,993.5,1005.2,2214.0,1001.4,1356.0,1003.4,14.5,9.9,1200.0,3.32,26.89,,,,,,3.3,1.4,22.0,12.4,21.1,21.0,20.5,20.5,20.6,18.3,17.2,13.7,14.7,5.0,7.1,,-{박무}-{박무}{강도0}0300-0530.,,2024,5,22,148,0,0,1,0
108,서울,2024-05-28,20.4,14.3,534,26.1,1704,,,,,,,10.4,90.0,955.0,4.6,320.0,1430.0,2.5,2130.0,50.0,10.2,32,1751,54.8,12.5,996.7,1009.9,2358.0,1004.2,58.0,1006.5,14.5,11.1,1100.0,3.5,27.55,,,,,,1.9,1.4,23.1,9.8,21.4,21.3,20.6,20.4,20.6,18.4,17.4,13.7,14.7,5.7,8.1,,,,2024,5,22,149,0,0,1,0
108,서울,2024-05-29,21.2,15.4,547,26.8,1502,,,,,,,8.4,290.0,1333.0,4.9,290.0,1336.0,2.1,1837.0,270.0,10.1,30,1612,51.6,12.5,1002.2,1013.6,2141.0,1009.9,1.0,1012.1,14.5,13.2,1200.0,3.49,29.38,,,,,,2.8,0.0,27.2,10.1,22.3,22.2,21.1,20.7,20.7,18.5,17.5,13.8,14.7,6.0,8.6,,,,2024,5,22,150,0,0,1,0
108,서울,2024-05-30,20.7,16.2,546,24.6,1544,,,,,,,5.1,320.0,2249.0,3.4,320.0,2253.0,1.6,1407.0,20.0,9.5,37,1304,49.1,11.9,1001.0,1012.9,19.0,1008.3,1758.0,1010.9,14.6,0.6,1000.0,1.98,12.97,,,,,,8.5,4.6,23.5,11.4,21.3,21.7,21.0,20.9,20.9,18.6,17.6,13.9,14.7,3.3,4.7,,,,2024,5,22,151,0,0,1,0
108,서울,2024-05-31,20.4,16.9,603,25.4,1507,1.0,1828.0,1.0,,1.75,1.0,10.6,270.0,1710.0,6.0,270.0,1716.0,2.6,2252.0,270.0,11.9,35,1233,60.0,14.0,999.7,1010.6,2237.0,1007.9,1521.0,1009.6,14.6,11.8,1200.0,3.78,30.31,,,,,,3.3,3.3,28.7,11.6,22.3,22.4,21.2,20.8,20.8,18.7,17.7,13.9,14.7,5.5,7.9,1.0,{소나기}1825-1840. {안개비}2220-2350.,,2024,5,22,152,0,0,1,1
108,서울,2024-06-01,20.7,17.5,529,25.2,1520,0.0,,0.0,,0.67,0.0,9.5,200.0,1630.0,5.3,270.0,1513.0,2.8,2427.0,270.0,12.3,34,1507,61.3,14.4,1000.0,1011.1,912.0,1008.1,1821.0,1009.9,14.6,9.4,1100.0,3.4,27.02,,,,,,4.3,4.3,27.4,15.2,22.9,23.0,21.9,21.5,21.2,18.8,17.8,14.0,14.7,5.9,8.4,,{안개비}0035-0050. {박무}0225-{박무}{강도0}0300-0305. {비}0450-0515.,,2024,6,22,153,0,0,1,0
108,서울,2024-06-02,20.4,15.7,551,25.8,1551,,,,,,,9.3,200.0,1729.0,5.1,290.0,1151.0,2.7,2306.0,290.0,9.8,36,1239,51.9,12.1,999.6,1011.0,459.0,1007.7,1536.0,1009.5,14.6,12.4,1200.0,3.72,28.7,,,,,,1.3,1.1,25.6,11.2,22.9,22.9,21.9,21.6,21.4,18.9,17.9,14.1,14.7,5.9,8.5,,,,2024,6,22,154,0,0,1,0
108,서울,2024-06-03,22.2,15.7,520,28.7,1603,,,,,,,8.3,340.0,1430.0,4.2,20.0,1250.0,2.4,2073.0,50.0,9.5,29,1356,47.4,12.0,1000.6,1013.3,2400.0,1008.5,1558.0,1010.5,14.6,11.2,1200.0,3.76,29.95,,,,,,1.0,1.0,31.0,11.4,23.5,23.4,22.2,21.7,21.5,19.1,18.0,14.1,14.7,7.2,10.2,,,,2024,6,23,155,0,0,1,0
108,서울,2024-06-04,22.8,16.3,527,29.3,1607,,,,,,,7.5,50.0,152.0,4.1,50.0,3.0,2.4,2110.0,50.0,8.9,29,1412,42.1,11.5,1005.3,1017.3,2254.0,1013.3,1.0,1015.1,14.6,13.5,1200.0,3.67,31.17,,,,,,0.1,0.1,31.3,10.5,24.2,24.0,22.8,22.2,21.9,19.2,18.1,14.2,14.8,7.1,10.1,,,,2024,6,23,156,0,0,1,0
108,서울,2024-06-05,23.6,18.1,517,30.1,1403,,,,,,,7.1,230.0,1515.0,4.7,290.0,1645.0,1.9,1649.0,290.0,13.4,36,1340,53.9,15.4,1007.4,1018.6,809.0,1015.5,1623.0,1017.2,14.7,10.4,1200.0,3.21,25.14,,,,,,5.4,0.3,30.1,12.5,24.6,24.4,23.3,22.7,22.2,19.4,18.3,14.3,14.8,5.1,7.3,,,,2024,6,23,157,0,0,1,0
108,서울,2024-06-06,24.1,19.3,602,31.4,1611,,,,,,,8.2,290.0,1711.0,4.3,270.0,1757.0,2.0,1698.0,270.0,14.0,31,1634,54.3,16.0,1005.9,1017.6,1.0,1012.8,1639.0,1015.7,14.7,9.3,1200.0,3.35,24.47,,,,,,3.4,1.0,32.2,15.6,25.1,24.8,23.7,23.1,22.5,19.6,18.4,14.3,14.8,5.4,7.7,,{연무}0930-1010.,,2024,6,23,158,0,0,1,0
108,서울,2024-06-07,23.1,18.3,544,28.0,1538,0.6,2341.0,0.8,2259.0,4.17,0.8,5.6,270.0,1505.0,4.0,250.0,1848.0,1.9,1627.0,270.0,12.9,40,1444,54.3,15.0,1003.1,1015.6,1.0,1009.8,1744.0,1012.9,14.7,7.1,1100.0,2.32,20.41,,,,,,8.0,1.6,29.7,13.6,24.4,24.4,23.4,23.0,22.8,19.8,18.5,14.4,14.8,4.0,5.7,4.6,{비}1950-{비}{강도0}2100-{비}{강도0}2400-,,2024,6,23,159,0,0,1,0
108,서울,2024-06-08,20.3,17.9,448,25.0,1730,3.5,926.0,12.4,903.0,11.5,16.9,6.6,200.0,1815.0,3.9,230.0,1821.0,1.6,1418.0,50.0,16.5,58,1732,79.5,18.8,998.8,1011.9,1.0,1006.7,1659.0,1008.6,14.7,2.5,1500.0,1.46,9.7,,,,,,7.4,5.0,21.1,15.9,22.6,23.0,22.6,22.6,22.8,20.0,18.7,14.5,14.8,2.2,3.2,13.1,{박무}0250-{박무}{강도0}0300-{박무}{강도0}0600-{박무}{강도1}0900-{박무}{강도0}1200-1355. -{비}-{비}{강도0}0300-{비}{강도0}0600-{비}{강도0}0900-1130.,,2024,6,23,160,0,0,1,1
108,서울,2024-06-09,22.9,17.4,555,28.8,1456,,,,,,,8.0,270.0,1606.0,4.5,270.0,1607.0,1.8,1577.0,270.0,16.4,47,1321,68.9,18.7,997.9,1008.6,412.0,1006.3,1603.0,1007.7,14.7,12.3,1100.0,3.19,28.38,,,,,,4.5,0.4,27.2,13.7,23.4,23.5,22.5,22.2,22.3,20.1,18.8,14.6,14.8,5.3,7.6,,{박무}0010-{박무}{강도0}0300-{박무}{강도0}0600-0730.,,2024,6,23,161,0,0,1,0
108,서울,2024-06-10,24.7,19.0,531,31.1,1509,,,,,,,7.4,230.0,1712.0,4.6,200.0,1715.0,2.2,1874.0,270.0,17.4,44,1453,66.3,20.0,997.0,1008.9,606.0,1004.1,1646.0,1006.6,14.7,11.9,1200.0,3.28,26.57,,,,,,1.4,1.1,30.1,15.4,24.8,24.9,23.6,23.0,22.7,20.2,19.0,14.6,14.9,5.4,7.7,,{박무}0045-0205. {박무}0325-{박무}{강도0}0600-0745. {연무}2010-{연무}{강도0}2100-2245. {박무}2240-{박무}{강도0}2400-,,2024,6,24,162,0,0,1,0
108,서울,2024-06-11,25.4,21.7,2359,31.6,1542,,,,,,,8.2,180.0,1646.0,4.7,250.0,1616.0,2.4,2051.0,180.0,17.3,40,1703,62.4,19.8,997.0,1008.3,659.0,1004.9,1506.0,1006.6,14.7,10.2,1200.0,3.45,27.17,,,,,,5.1,3.1,33.4,16.4,26.2,26.4,24.9,24.0,23.3,20.3,19.1,14.7,14.9,6.0,8.5,,-{박무}-{박무}{강도0}0300-{박무}{강도0}0600-0855. {연무}0850-{연무}{강도0}0900-{연무}{강도0}1200-1450.,,2024,6,24,163,0,0,1,0
108,서울,2024-06-12,24.8,19.2,517,31.8,1423,,,,,,,8.4,270.0,608.0,4.7,290.0,1450.0,2.1,1849.0,250.0,16.1,35,1402,60.8,18.3,995.6,1008.4,601.0,1003.6,1358.0,1005.3,14.7,11.3,1300.0,3.44,27.73,,,,,,4.1,0.9,32.1,13.6,25.6,26.2,24.9,24.3,23.8,20.5,19.2,14.8,14.9,5.9,8.4,,,,2024,6,24,164,0,0,1,0
108,서울,2024-06-13,26.4,20.0,504,32.8,1544,,,,,,,7.1,320.0,1406.0,4.3,250.0,1708.0,1.8,1573.0,270.0,15.0,28,1304,51.4,17.1,994.5,1005.7,625.0,1002.8,1527.0,1004.2,14.7,13.3,1200.0,3.55,29.8,,,,,,0.9,0.4,34.2,15.7,25.9,26.7,25.3,24.6,24.1,20.8,19.4,14.8,14.9,7.0,10.0,,,,2024,6,24,165,0,0,1,0
108,서울,2024-06-14,26.3,21.4,532,33.0,1425,,,,,,,9.9,320.0,1504.0,5.9,290.0,1509.0,2.3,1976.0,270.0,16.4,35,1200,56.0,18.7,995.0,1006.9,629.0,1002.8,1339.0,1004.6,14.8,9.1,1100.0,3.42,24.24,,,,,,5.6,1.8,33.5,16.0,25.9,26.8,25.7,25.1,24.4,21.1,19.5,14.9,14.9,5.4,7.8,5.7,,,2024,6,24,166,0,0,1,0
108,서울,2024-06-15,24.2,21.8,445,28.2,1629,3.0,349.0,5.1,328.0,6.0,6.1,6.6,250.0,1724.0,3.9,270.0,1726.0,1.9,1660.0,270.0,18.7,55,1554,72.3,21.6,993.6,1005.2,1.0,1001.1,1625.0,1003.3,14.8,3.4,1400.0,2.55,15.71,,,,,,6.5,4.5,26.4,19.3,25.1,25.9,25.1,24.8,24.6,21.2,19.7,15.0,15.0,3.6,5.2,0.4,{비}0135-{비}{강도0}0300-{비}{강도0}0600-0640. {박무}0350-{박무}{강도0}0600-0845. {박무}0920-1035. {비}1145-{비}{강도0}1200-1240.,,2024,6,24,167,0,0,1,1
108,서울,2024-06-16,24.3,19.9,535,29.5,1448,,,,,,,9.6,270.0,1550.0,5.0,250.0,1557.0,2.8,2415.0,270.0,14.9,38,1414,58.4,17.0,996.3,1008.5,2241.0,1003.7,15.0,1006.0,14.8,13.2,1200.0,3.71,30.02,,,,,,0.9,0.8,29.3,17.6,24.9,25.7,24.7,24.3,24.4,21.4,19.8,15.1,15.0,6.5,9.2,,{박무}0040-{박무}{강도0}0300-0435.,,2024,6,24,168,0,0,1,0
108,서울,2024-06-17,24.8,18.9,527,30.2,1448,,,,,,,8.4,200.0,1425.0,5.0,270.0,1631.0,2.4,2046.0,250.0,12.4,28,1728,48.4,14.5,997.5,1009.4,602.0,1005.0,1739.0,1007.2,14.8,13.1,1200.0,3.44,28.17,,,,,,4.6,0.0,30.1,12.7,24.9,25.8,24.8,24.5,24.4,21.6,20.1,15.1,15.0,6.7,9.6,,,,2024,6,25,169,0,0,1,0
108,서울,2024-06-18,26.0,20.4,544,32.9,1509,,,,,,,7.9,270.0,1610.0,4.2,270.0,1613.0,2.1,1812.0,270.0,16.9,35,1528,59.5,19.2,996.6,1008.5,2319.0,1004.4,1509.0,1006.3,14.8,13.4,1200.0,3.49,29.22,,,,,,0.0,0.0,33.9,15.7,26.3,26.7,25.3,24.7,24.4,21.6,20.1,15.2,15.0,6.3,9.1,,,,2024,6,25,170,0,0,1,0
108,서울,2024-06-19,28.8,21.4,509,35.8,1623,,,,,,,5.8,270.0,2016.0,4.0,250.0,2035.0,1.6,1395.0,270.0,17.7,32,1419,54.3,20.3,997.9,1009.8,614.0,1005.2,1857.0,1007.5,14.8,13.0,1200.0,3.43,28.25,,,,,,3.3,0.0,35.8,16.3,27.4,27.7,26.0,25.2,24.8,21.8,20.3,15.3,15.1,6.7,9.5,,,,2024,6,25,171,0,0,1,0
108,서울,2024-06-20,29.4,23.4,518,35.4,1348,,,,,,,7.6,140.0,1440.0,3.8,160.0,1406.0,2.0,1709.0,270.0,15.6,27,1522,45.1,17.7,994.1,1006.8,59.0,1000.7,1746.0,1003.6,14.8,12.1,1100.0,3.26,25.99,,,,,,2.8,0.0,34.6,18.0,28.3,28.4,26.8,26.0,25.3,21.9,20.4,15.4,15.1,,,,,,2024,6,25,172,0,0,1,0
108,서울,2024-06-21,28.1,22.9,513,33.9,1304,,,,,,,8.8,200.0,1349.0,4.8,200.0,1346.0,2.0,1724.0,270.0,16.3,34,1306,49.8,18.5,992.2,1003.0,1.0,1000.4,1358.0,1001.7,14.8,10.3,1100.0,3.34,24.75,,,,,,5.8,1.3,34.6,17.6,28.1,28.2,27.1,26.3,25.6,22.2,20.5,15.4,15.1,,,,,,2024,6,25,173,0,0,1,0
108,서울,2024-06-22,24.2,22.6,1248,26.1,833,1.1,1038.0,4.7,1014.0,13.67,16.5,6.4,50.0,1747.0,3.4,50.0,1259.0,2.0,1722.0,50.0,20.4,59,1,80.6,24.0,988.3,1002.8,26.0,994.5,1744.0,998.0,14.8,0.0,1400.0,0.68,3.59,,,,,,10.0,7.9,24.8,21.9,25.2,26.2,25.7,25.7,25.8,22.4,20.7,15.5,15.1,1.0,1.5,18.6,{비}0405-0440. {비}0730-{비}{강도0}0900-{비}{강도1}1200-{비}{강도0}1500-1655. {박무}1005-{박무}{강도1}1200-{박무}{강도0}1500-1655. {비}1855-2020. {박무}1915-2010. {비}2145-{비}{강도0}2400- {박무}2310-{박무}{강도1}2400-,,2024,6,25,174,0,0,1,1
108,서울,2024-06-23,25.1,22.5,333,30.1,1402,3.0,2139.0,3.0,2049.0,8.42,5.1,8.8,200.0,1648.0,5.2,200.0,1639.0,2.2,1909.0,200.0,21.1,59,1319,79.5,25.0,988.6,1001.3,2303.0,996.0,137.0,998.2,14.8,3.8,1300.0,3.0,18.84,,,,,,8.3,6.3,27.0,21.4,25.5,26.2,25.0,24.7,25.1,22.5,21.0,15.6,15.2,3.8,5.4,3.0,-{비}-{비}{강도0}0300-0550. -{박무}-{박무}{강도1}0300-0530. {비}2120-2355.,,2024,6,25,175,0,0,1,1
108,서울,2024-06-24,24.3,21.2,2353,27.9,1308,0.0,,0.0,,0.33,0.0,9.2,250.0,1721.0,5.4,230.0,1410.0,2.9,2512.0,230.0,18.3,45,1556,70.4,21.2,993.2,1006.7,2347.0,999.8,228.0,1002.9,14.8,7.0,1500.0,2.47,19.62,,,,,,5.8,3.5,25.9,17.5,25.6,26.2,25.4,25.1,25.3,22.6,21.0,15.7,15.2,4.7,6.8,,{비}0115-0135. {박무}0230-{박무}{강도0}0300-{박무}{강도0}0600-0610. {채운}1840-1910.,,2024,6,26,176,0,0,1,0
108,서울,2024-06-25,22.9,19.1,559,27.2,1431,,,,,,,11.6,250.0,1515.0,6.2,270.0,1328.0,3.0,2631.0,250.0,14.9,42,1313,61.9,17.0,1000.2,1013.2,2356.0,1006.8,1.0,1010.0,14.8,10.7,1200.0,3.39,25.24,,,,,,4.3,1.0,28.5,15.5,24.2,25.2,24.4,24.4,25.1,22.6,21.1,15.7,15.2,5.2,7.4,,,,2024,6,26,177,0,0,1,0
108,서울,2024-06-26,24.9,18.9,608,31.6,1640,,,,,,,8.8,270.0,1722.0,5.0,230.0,1723.0,1.9,1669.0,270.0,16.3,38,1630,61.0,18.6,1004.5,1016.0,657.0,1012.3,1631.0,1014.2,14.8,12.3,1100.0,3.32,27.64,,,,,,1.3,1.1,31.9,13.8,24.8,25.9,24.8,24.5,24.9,22.7,21.2,15.8,15.3,6.0,8.5,,,,2024,6,26,178,0,0,1,0
108,서울,2024-06-27,26.3,20.6,537,31.6,1300,,,,,,,6.1,110.0,1211.0,4.0,110.0,1217.0,1.6,1360.0,270.0,16.1,38,1235,55.0,18.3,1001.3,1014.6,537.0,1008.1,1821.0,1011.0,14.8,9.3,1200.0,3.16,23.84,,,,,,3.0,0.8,30.5,15.7,25.5,26.5,25.3,24.9,25.1,22.7,21.3,15.9,15.3,5.1,7.3,,,,2024,6,26,179,0,0,1,0
108,서울,2024-06-28,26.6,21.3,536,32.5,1449,,,,,,,7.5,290.0,1830.0,4.7,290.0,1831.0,2.1,1829.0,270.0,16.3,35,1318,54.6,18.5,997.1,1008.5,1.0,1004.7,1536.0,1006.8,14.8,13.2,1200.0,3.61,28.84,,,,,,2.0,0.3,33.5,15.4,26.6,27.1,25.8,25.2,25.2,22.7,21.4,16.0,15.3,,,,,,2024,6,26,180,0,0,1,0
108,서울,2024-06-29,26.7,21.6,529,32.3,1408,6.1,2102.0,20.7,2035.0,5.42,38.3,13.0,110.0,1852.0,5.5,140.0,1900.0,2.2,1863.0,70.0,19.0,44,1344,65.1,22.2,992.7,1007.3,47.0,996.2,2357.0,1002.3,14.7,6.9,1100.0,3.35,20.46,,,,,,6.6,4.5,30.0,16.8,27.1,27.3,26.0,25.5,25.5,22.8,21.5,16.1,15.3,4.1,5.8,70.4,{햇무리}0945-1030. {비}1835-{비}{강도1}2100-{비}{강도1}2400- {박무}1910-{박무}{강도1}2100-2340.,,2024,6,26,181,0,0,1,1
108,서울,2024-06-30,23.5,22.0,947,24.9,1640,9.6,18.0,15.9,6.0,7.08,32.2,13.6,180.0,542.0,7.2,200.0,628.0,3.7,3174.0,200.0,21.4,80,1630,88.5,25.5,987.6,1001.6,2204.0,994.1,324.0,997.2,14.7,0.0,1500.0,0.52,3.89,,,,,,8.5,7.1,23.0,20.9,23.8,25.0,24.4,24.7,25.6,22.9,21.5,16.1,15.4,1.4,2.1,0.1,{박무}0005-{박무}{강도0}0300-0310. -{비}-{비}{강도1}0300-0345. {박무}0435-0520. {비}0440-0555. {비}0745-{비}{강도0}0900-0950. {박무}0850-{박무}{강도0}0900-0945.,,2024,6,26,182,0,0,1,1
108,서울,2024-07-01,26.3,22.0,506,31.3,1537,,,,,,,5.2,270.0,1257.0,3.4,250.0,2052.0,1.8,1555.0,270.0,19.8,47,1607,69.1,23.1,993.9,1005.4,2230.0,1001.4,6.0,1003.5,14.7,8.3,1200.0,3.47,24.69,,,,,,5.5,4.3,28.6,20.2,25.9,25.9,24.5,24.3,25.0,23.1,21.6,16.2,15.4,4.8,6.9,1.0,{박무}0010-{박무}{강도0}0300-0510.,,2024,7,27,183,0,0,1,0
108,서울,2024-07-02,23.2,21.9,1214,25.2,1,5.6,1155.0,24.0,1127.0,17.25,65.1,10.1,70.0,1323.0,5.3,70.0,1330.0,2.8,2426.0,50.0,21.4,77,1,90.0,25.5,994.0,1005.8,1135.0,1002.2,1810.0,1003.7,14.7,0.0,1000.0,0.32,1.93,,,,,,9.9,6.4,22.7,21.3,24.0,24.5,23.9,24.2,25.5,23.1,21.8,16.3,15.4,0.9,1.3,64.9,{비}0645-{비}{강도0}0900-{비}{강도2}1200-{비}{강도0}1500-{비}{강도0}1800-{비}{강도0}2100-{비}{강도0}2400- {박무}0910-{박무}{강도1}1200-{박무}{강도1}1500-1715.,,2024,7,27,184,0,0,1,1
108,서울,2024-07-03,24.7,23.6,735,25.9,1152,0.3,29.0,1.2,-2331.0,3.67,0.8,12.9,180.0,34.0,5.5,180.0,43.0,3.6,3133.0,230.0,21.0,70,1152,80.3,24.9,998.0,1010.0,2155.0,1002.8,1.0,1007.7,14.7,0.6,1000.0,1.71,8.91,,,,,,9.0,8.1,24.7,22.3,23.8,24.2,23.4,23.6,24.8,23.6,22.6,16.7,15.5,,,,-{비}-0125. {비}0205-{비}{강도0}0300-0335. {비}0630-0655. {비}0725-0745. {박무}1905-{박무}{강도0}2100-{박무}{강도1}2400-,,2024,7,27,185,0,0,1,0
108,서울,2024-07-04,26.8,23.2,620,30.6,1459,3.0,2209.0,3.6,2155.0,3.13,3.6,13.3,180.0,2201.0,6.6,200.0,2107.0,3.0,2574.0,200.0,21.7,56,1606,74.8,26.1,996.2,1010.1,557.0,1000.4,2347.0,1005.8,14.7,3.4,1100.0,2.98,18.81,,,,,,8.6,7.3,28.3,22.2,25.8,25.5,23.7,23.4,24.7,23.4,22.6,17.1,15.5,3.9,5.5,7.7,-{박무}-{박무}{강도1}0300-{박무}{강도1}0600-{박무}{강도0}0900-1130. {비}0402-0415. {연무}1125-{연무}{강도0}1200-1330. {비}1650-1745. {비}1850-1910. {비}2005-2020. {비}2155-2255. {비}2335-{비}{강도0}2400-,,2024,7,27,186,0,0,1,1
108,서울,2024-07-05,23.4,21.3,510,26.1,1655,2.6,9.0,3.3,-2344.0,6.92,4.1,16.2,230.0,200.0,7.6,200.0,123.0,3.3,2831.0,200.0,19.7,67,1624,80.5,23.0,994.4,1006.3,2047.0,1000.0,44.0,1004.1,14.7,1.4,1400.0,1.74,11.25,,,,,,9.1,8.8,24.5,20.6,24.6,25.2,23.2,23.0,25.2,23.3,22.5,17.1,15.5,2.3,3.2,2.5,-{비}-{비}{강도0}0300-{안개비}0350-{비}0505-{안개비}0545-{안개비}{강도0}0600-0655. {박무}0455-{박무}{강도0}0600-0745.,,2024,7,27,187,0,0,1,1
108,서울,2024-07-06,25.1,22.1,542,30.0,1420,1.2,539.0,2.0,449.0,5.92,2.8,13.8,200.0,1517.0,6.5,200.0,1523.0,3.2,2753.0,50.0,22.2,73,1427,84.1,26.8,992.9,1005.5,29.0,1000.0,1416.0,1002.6,14.7,0.1,1300.0,1.34,6.84,,,,,,9.8,7.9,24.7,20.4,24.3,24.9,23.0,23.0,25.0,23.2,22.4,17.1,15.6,2.0,2.9,0.3,{비}0310-{비}{강도0}0600-0610. {박무}0415-{박무}{강도0}0600-{박무}{강도0}0900-1010. {비}0640-0655. {비}1720-1755. {비}1950-{비}{강도0}2100-2155. {박무}2030-{박무}{강도0}2100-2110.,,2024,7,27,188,0,0,1,1
108,서울,2024-07-07,24.4,21.5,514,28.2,1327,9.4,1856.0,26.8,1813.0,5.17,28.7,7.3,160.0,1414.0,4.2,160.0,1420.0,1.8,1583.0,270.0,21.6,68,1309,85.1,25.9,994.3,1005.5,816.0,1003.1,1357.0,1004.0,14.6,0.6,1300.0,1.88,11.09,,,,,,8.8,5.6,25.7,19.3,25.0,25.0,24.2,24.2,25.0,23.3,22.4,17.0,15.6,2.0,2.9,38.2,{비}1725-{비}{강도0}1800-{비}{강도0}2100-2235. {박무}1820-1920. {박무}2010-{박무}{강도1}2100-{박무}{강도0}2400-,,2024,7,27,189,0,0,1,1
108,서울,2024-07-08,23.8,23.1,2032,24.5,1535,3.9,431.0,7.1,352.0,17.83,21.1,6.8,200.0,732.0,4.0,180.0,735.0,1.8,1579.0,200.0,22.6,89,1749,93.4,27.5,992.8,1004.0,36.0,1000.4,1640.0,1002.5,14.6,0.0,1500.0,0.66,3.36,,,,,,9.8,7.6,24.2,22.8,24.7,24.9,24.2,24.4,25.0,23.3,22.6,17.1,15.6,0.9,1.3,11.6,{비}0005-{비}{강도0}0300-{비}{강도0}0600-0645. -{박무}-{박무}{강도2}0300-{박무}{강도1}0600-0810. {비}0840-{비}{강도0}0900-{비}{강도0}1200-{비}{강도0}1500-1650. {박무}1125-{박무}{강도0}1200-{박무}{강도1}1500-1515. {비}1750-{비}{강도0}1800-2020. {박무}1815-1955. {비}2210-2240.,,2024,7,28,190,0,0,1,1
108,서울,2024-07-09,24.5,22.7,513,26.7,1317,0.1,,0.2,,6.17,0.3,8.2,200.0,1536.0,4.7,230.0,1538.0,1.8,1538.0,140.0,22.0,78,1313,86.9,26.5,994.2,1005.5,840.0,1002.0,230.0,1003.9,14.6,0.1,900.0,1.15,7.77,,,,,,9.5,6.6,25.1,21.4,24.9,25.0,24.2,24.2,24.9,23.5,22.9,18.1,15.7,1.9,2.8,1.7,{박무}0110-{박무}{강도0}0300-{박무}{강도0}0600-0710. {비}1155-{비}{강도0}1200-1250. {비}1415-{비}{강도0}1500-1525. {비}1610-1710. {비}2055-{비}{강도0}2100-{비}{강도0}2400-,,2024,7,28,191,0,0,1,0
108,서울,2024-07-10,26.6,22.7,517,31.1,1326,0.7,23.0,1.4,-2349.0,3.92,1.4,8.9,180.0,1446.0,4.9,340.0,1452.0,2.2,1860.0,70.0,22.1,57,1331,77.1,26.6,990.0,1002.9,1.0,998.3,346.0,999.6,14.6,7.1,1100.0,3.45,20.04,,,,,,6.3,4.9,27.2,21.2,26.2,26.0,24.9,24.6,25.0,23.4,22.9,18.2,15.7,3.8,5.4,0.0,-{비}-0115. {비}0205-{비}{강도0}0300-0420. {소나기}1445-{소나기}{강도0}1500-1510.,,2024,7,28,192,0,0,1,1
108,서울,2024-07-11,25.7,23.3,2354,28.9,1531,,,,,,,6.4,180.0,1342.0,3.7,230.0,1350.0,2.1,1811.0,250.0,21.8,66,1557,79.6,26.1,991.9,1002.7,831.0,1000.2,1800.0,1001.5,14.6,5.9,1100.0,2.76,21.74,,,,,,5.1,4.5,27.7,20.7,26.8,26.7,25.7,25.4,25.4,23.4,22.8,18.0,15.8,3.9,5.6,,{박무}0405-{박무}{강도0}0600-{박무}{강도0}0900-{박무}{강도0}1200-1455. {연무}1450-{연무}{강도0}1500-{연무}{강도0}1800-1915. {박무}2355-{박무}{강도0}2400-,,2024,7,28,193,0,0,1,0
108,서울,2024-07-12,25.6,21.8,550,30.2,1619,,,,,,,5.0,270.0,2045.0,3.4,250.0,2104.0,1.6,1345.0,270.0,21.6,59,1715,79.5,25.7,992.7,1003.9,2310.0,1001.2,1523.0,1002.3,14.6,3.7,1500.0,2.16,13.33,,,,,,4.4,4.4,26.4,19.3,26.3,26.3,25.5,25.4,25.7,23.5,22.8,17.9,15.8,2.8,4.0,,-{박무}-{박무}{강도0}0300-{박무}{강도0}0600-{박무}{강도0}0900-{박무}{강도0}1200-1420. {연무}1415-{연무}{강도0}1500-{연무}{강도0}1800-2055. {박무}2050-{박무}{강도0}2100-{박무}{강도0}2400-,,2024,7,28,194,0,0,1,0
108,서울,2024-07-13,28.1,23.5,550,33.3,1544,0.0,,0.0,,0.5,0.0,7.5,160.0,1452.0,4.2,160.0,1440.0,1.9,1651.0,160.0,21.6,40,1528,70.0,25.8,995.3,1008.1,2254.0,1003.0,222.0,1004.9,14.5,9.9,1300.0,3.18,23.54,,,,,,2.1,2.1,30.6,20.6,27.2,27.2,26.1,25.7,25.7,23.6,22.7,17.8,15.9,5.1,7.2,0.0,-{박무}-{박무}{강도0}0300-{박무}{강도0}0600-{박무}{강도0}0900-1105. {연무}1825-{연무}{강도0}2100-2145. {소나기}2240-2305. {박무}2305-{박무}{강도0}2400- {비}2355-{비}{강도0}2400-,,2024,7,28,195,0,0,1,0
108,서울,2024-07-14,28.4,24.9,654,32.1,1654,0.4,1940.0,0.4,,0.47,0.4,8.7,70.0,1109.0,3.8,50.0,1135.0,2.4,2110.0,90.0,21.2,54,1706,65.9,25.2,999.2,1010.9,2338.0,1007.4,208.0,1008.8,14.5,7.6,1100.0,3.19,22.34,,,,,,4.8,3.8,29.7,22.6,27.8,27.9,26.8,26.4,26.2,23.6,22.8,17.7,15.9,5.2,7.5,0.4,-{비}-0010. -{박무}-0245. {소나기}1940-1958.,,2024,7,28,196,0,0,1,0
108,서울,2024-07-15,28.4,24.5,524,31.3,1633,0.0,,0.0,,0.17,0.0,7.7,110.0,1216.0,3.7,50.0,238.0,2.4,2096.0,70.0,21.0,55,1530,64.6,24.9,1001.1,1011.9,806.0,1008.9,1735.0,1010.7,14.5,6.3,1000.0,2.76,18.13,,,,,,5.1,5.0,30.2,21.2,27.5,27.7,26.9,26.6,26.4,23.8,22.8,17.7,15.9,4.1,5.8,0.0,{소나기}2325-2335.,,2024,7,29,197,0,0,1,0
108,서울,2024-07-16,27.0,24.6,2346,30.7,1227,5.3,1926.0,7.3,1904.0,9.93,17.0,8.6,160.0,1527.0,5.1,160.0,1532.0,2.3,2017.0,110.0,22.7,62,1234,78.4,27.6,999.9,1010.9,31.0,1008.4,1913.0,1009.6,14.5,4.2,900.0,2.4,12.32,,,,,,7.8,6.0,28.9,22.8,27.3,27.6,26.8,26.6,26.5,23.9,22.8,17.7,16.0,2.2,3.1,62.3,{비}1310-{비}{강도0}1500-{비}{강도0}1800-1810. {비}1904-{비}{강도0}2100-{비}{강도0}2400-,,2024,7,29,198,0,0,1,1
108,서울,2024-07-17,25.4,24.1,355,28.1,1345,16.5,905.0,63.3,825.0,18.58,98.8,11.9,200.0,1404.0,6.8,200.0,1409.0,2.5,2165.0,110.0,23.9,76,1404,91.6,29.6,997.6,1009.5,12.0,1005.2,2356.0,1007.2,14.5,0.1,1300.0,1.59,3.48,,,,,,9.8,8.1,25.1,23.7,25.5,25.9,25.4,25.7,26.4,24.0,22.9,17.8,16.0,1.1,1.5,109.2,-{비}-{비}{강도1}0300-0555. {비}0650-{시정(미만)}{1km}{비}0848-{비}{강도2}0900-{시정(이상)}{1km}{비}0924-1010. {비}1135-1155. {비}1220-{비}{강도0}1500-{비}{강도1}1800-1910. {비}2150-{비}{강도1}2400-,,2024,7,29,199,0,0,1,1
108,서울,2024-07-18,24.3,23.1,813,25.6,1,9.3,352.0,20.2,1410.0,17.92,128.8,13.9,180.0,356.0,7.5,180.0,402.0,2.2,1922.0,200.0,23.5,89,314,95.3,28.9,992.0,1005.2,1.0,998.4,1504.0,1001.7,14.5,0.0,1500.0,0.42,2.47,,,,,,10.0,8.5,24.1,22.8,23.5,24.7,24.3,24.7,26.1,24.9,24.3,19.7,16.1,0.9,1.2,73.2,-{비}-{비}{강도0}0300-{비}{강도1}0600-{비}{강도0}0900-{비}{강도1}1200-{비}{강도2}1500-1635. {박무}0530-{박무}{강도2}0600-{박무}{강도0}0900-{박무}{강도0}1200-{박무}{강도2}1500-1545. {비}2045-2055. {박무}2050-{박무}{강도0}2100-{박무}{강도0}2400- {안개비}2250-{안개비}{강도0}2400-,,2024,7,29,200,0,0,1,1
108,서울,2024-07-19,27.0,24.2,440,30.8,1454,0.1,,0.1,,3.83,0.1,8.0,180.0,1752.0,4.1,230.0,1844.0,2.2,1887.0,200.0,23.0,60,1609,80.1,28.1,995.4,1007.5,2348.0,1003.7,1421.0,1005.0,14.4,6.4,1300.0,3.18,21.69,,,,,,7.9,5.8,29.8,23.2,25.4,26.2,25.1,24.8,25.4,25.0,25.1,22.1,16.7,4.2,6.0,0.0,{안개비}{강도0}0300-0350. -{박무}-{박무}{강도1}0300-{박무}{강도0}0600-0745.,,2024,7,29,201,0,0,1,0
108,서울,2024-07-20,27.2,25.1,443,30.6,1547,10.7,1850.0,13.8,1829.0,4.42,14.9,12.5,180.0,2210.0,6.1,180.0,2309.0,2.7,2337.0,160.0,23.4,67,1604,80.4,28.7,995.8,1008.8,936.0,1001.8,1846.0,1005.4,14.4,1.9,1500.0,2.49,13.42,,,,,,9.0,5.4,28.6,23.4,24.8,27.0,26.2,25.9,26.2,24.8,24.8,20.8,17.2,2.9,4.1,22.3,{비}0850-{비}{강도0}0900-1040. {비}1825-1955. {비}2010-2045. {비}2125-2155.,,2024,7,29,202,0,0,1,1
108,서울,2024-07-21,26.5,22.5,451,29.8,1808,2.3,447.0,4.2,358.0,8.47,8.5,17.6,200.0,130.0,8.3,230.0,132.0,3.6,3068.0,200.0,23.4,72,1719,83.6,28.9,996.9,1008.6,2357.0,1001.8,259.0,1006.5,14.4,1.5,1100.0,2.18,11.48,,,,,,9.3,8.5,26.2,22.0,23.3,26.6,26.0,26.0,26.5,24.7,24.5,20.1,17.2,2.4,3.4,12.5,{비}0002-{비}{강도0}0300-0555. {비}0730-{비}{강도0}0900-0945. {비}1930-1950.,,2024,7,29,203,0,0,1,1
108,서울,2024-07-22,26.6,24.3,1104,27.9,1,24.2,2328.0,32.2,2253.0,10.33,79.9,16.4,200.0,2337.0,7.9,200.0,2305.0,3.1,2700.0,180.0,24.6,81,1917,89.0,30.9,995.4,1008.6,1.0,1000.6,2240.0,1005.1,14.4,0.0,1200.0,1.25,4.09,,,,,,9.9,8.0,25.5,23.3,24.8,26.7,26.1,26.1,26.6,24.8,24.5,19.9,17.1,1.3,1.8,68.6,{비}0325-0345. {비}0410-0555. {비}0610-0635. {비}0820-0855. {비}0950-1130. {비}1320-{비}{강도2}1500-1655. {비}2005-2045. {비}2240-{비}{강도2}2400-,,2024,7,30,204,0,0,1,1
108,서울,2024-07-23,26.4,25.8,454,27.3,1517,0.8,1038.0,1.0,1039.0,6.33,2.0,13.2,160.0,49.0,6.4,230.0,138.0,3.2,2776.0,200.0,24.2,80,1948,87.9,30.2,994.4,1005.2,2201.0,1002.1,1.0,1004.1,14.3,0.0,1400.0,0.99,4.92,,,,,,9.6,8.0,26.3,24.8,25.9,26.3,25.7,25.7,26.6,25.2,25.0,21.6,17.0,1.3,1.8,16.0,-{비}-0030. {비}0440-{비}{강도0}0600-0605. {비}1010-{비}{강도0}1200-1435.,,2024,7,30,205,0,0,1,1
108,서울,2024-07-24,28.1,26.0,546,30.9,1355,10.2,514.0,12.4,447.0,6.25,14.7,9.8,250.0,1621.0,5.4,250.0,1625.0,2.6,2218.0,200.0,25.2,71,1535,85.0,32.1,994.5,1005.4,2323.0,1003.0,1759.0,1004.0,14.3,3.0,1300.0,2.57,15.31,,,,,,7.6,6.5,29.0,25.4,27.0,27.2,26.2,26.0,26.5,25.2,25.0,21.5,17.2,3.2,4.5,0.6,{비}0050-0255. {비}0335-0355. {비}0440-0550. {비}0755-0840. {비}0920-1115.,,2024,7,30,206,0,0,1,1
108,서울,2024-07-25,28.8,25.4,2356,32.2,1551,9.8,2117.0,15.1,2110.0,2.67,25.3,11.2,110.0,2058.0,5.0,110.0,2105.0,1.8,1580.0,140.0,24.8,64,1608,79.8,31.3,996.3,1008.7,2348.0,1004.4,252.0,1005.9,14.3,2.4,1000.0,2.24,14.15,,,,,,8.6,4.9,29.4,24.3,28.0,28.1,27.1,26.7,27.0,25.2,24.9,21.0,17.3,3.1,4.4,26.0,{소나기}0102-0107. {소나기}0635-0650. {소나기}1150-{소나기}{강도0}1200-1250. {소나기}2110-2150. {소나기}2220-2230. {소나기}2330-{소나기}{강도1}2400-,,2024,7,30,207,0,0,1,1
108,서울,2024-07-26,28.7,25.2,137,32.7,1537,2.8,1334.0,5.0,-2331.0,3.0,5.5,10.4,160.0,1337.0,5.5,140.0,1339.0,2.3,1982.0,50.0,25.2,65,1319,81.9,32.0,999.8,1012.4,2233.0,1007.5,1556.0,1009.4,14.3,6.7,1000.0,2.83,18.29,,,,,,8.0,4.6,31.5,24.4,28.1,28.3,27.4,27.1,27.4,25.3,24.9,20.7,17.3,3.5,5.0,4.8,-{소나기}-0045. {소나기}1330-1355. {소나기}1605-1640. {비}2245-{비}{강도0}2400-,,2024,7,30,208,0,0,1,1
108,서울,2024-07-27,28.9,27.5,546,31.7,1244,10.9,1656.0,15.1,1655.0,4.92,33.5,10.2,230.0,1401.0,4.5,200.0,1208.0,1.7,1473.0,140.0,25.7,68,1246,83.6,33.0,1004.1,1015.3,2154.0,1012.3,1.0,1013.8,14.2,1.7,1400.0,2.7,12.73,,,,,,8.4,7.3,31.2,26.7,28.6,28.8,28.0,27.7,27.8,25.5,25.0,20.9,17.3,2.7,3.8,33.5,-{비}-0115. {소나기}1340-1415. {소나기}1535-{소나기}{강도1}1800-1840.,,2024,7,30,209,0,0,1,1
108,서울,2024-07-28,29.2,27.3,445,32.2,1427,0.0,,0.0,,0.33,0.0,12.6,180.0,1756.0,6.8,200.0,1411.0,3.2,2798.0,200.0,24.4,59,1409,76.0,30.6,1002.5,1015.0,1.0,1010.4,1749.0,1012.1,14.2,5.1,1400.0,2.37,18.33,,,,,,8.3,6.5,30.9,26.0,28.9,29.1,28.2,27.9,28.2,25.8,25.3,21.4,17.3,4.1,5.9,0.0,{소나기}1530-1550.,,2024,7,30,210,0,0,1,0
108,서울,2024-07-29,27.4,26.8,2356,27.8,1,0.0,,0.0,,5.5,0.0,11.2,230.0,415.0,6.6,230.0,948.0,3.8,3314.0,230.0,24.4,80,3,84.0,30.5,999.0,1011.2,106.0,1006.8,1747.0,1008.7,14.2,0.0,1200.0,0.3,2.61,,,,,,8.9,7.3,26.6,26.0,27.7,28.0,27.6,27.7,28.3,26.0,25.3,21.2,17.3,1.3,1.8,0.0,{비}0555-{비}{강도0}0600-0645. {비}0735-{비}{강도0}0900-1145. {비}1350-1420.,,2024,7,31,211,0,0,1,0
108,서울,2024-07-30,28.6,26.3,459,31.9,1441,,,,,,,9.4,230.0,342.0,4.3,230.0,145.0,2.8,2395.0,230.0,24.4,66,1446,78.8,30.6,997.4,1008.1,802.0,1005.7,1816.0,1007.0,14.1,3.6,1400.0,2.48,15.95,,,,,,7.4,7.4,29.6,25.6,27.9,28.1,27.3,27.1,27.8,26.0,25.3,20.8,17.3,3.6,5.1,,,,2024,7,31,212,0,0,1,0
108,서울,2024-07-31,29.4,27.0,321,33.3,1540,,,,,,,7.1,180.0,1617.0,4.5,200.0,1700.0,2.6,2232.0,180.0,24.2,59,1543,74.5,30.2,996.5,1007.9,608.0,1004.3,1646.0,1006.0,14.1,4.7,1300.0,2.51,17.42,,,,,,7.3,7.3,30.3,25.7,28.7,28.9,28.0,27.7,28.0,26.0,25.2,20.6,17.4,3.9,5.6,0.3,,,2024,7,31,213,0,0,1,0
108,서울,2024-08-01,29.9,27.3,442,33.2,1520,0.3,405.0,0.3,320.0,1.42,0.3,7.1,180.0,1534.0,3.9,180.0,733.0,2.6,2268.0,200.0,25.0,64,1507,75.5,31.6,994.5,1005.9,108.0,1002.0,1615.0,1004.0,14.1,3.6,1400.0,2.17,14.95,,,,,,6.8,6.8,30.6,25.8,29.0,29.1,28.3,28.0,28.2,26.0,25.2,20.4,17.4,3.4,4.8,,{비}0320-0420. {비}0655-0720.,,2024,8,31,214,0,0,1,0
108,서울,2024-08-02,29.6,28.2,549,32.5,1608,,,,,,,7.1,160.0,1051.0,4.2,200.0,1051.0,2.6,2230.0,270.0,25.6,67,1645,79.4,32.8,994.4,1006.0,2359.0,1002.5,1632.0,1004.0,14.0,2.4,1500.0,1.63,10.36,,,,,,7.9,6.6,30.0,26.4,28.9,29.1,28.4,28.1,28.3,26.1,25.2,20.3,17.4,2.5,3.6,,{박무}2150-{박무}{강도0}2400-,,2024,8,31,215,0,0,1,0
108,서울,2024-08-03,30.2,27.2,425,34.2,1528,,,,,,,7.2,290.0,2109.0,4.3,290.0,2127.0,2.2,1881.0,290.0,25.0,58,1521,75.0,31.7,997.3,1007.9,947.0,1005.4,1659.0,1006.9,14.0,7.8,1200.0,3.06,21.64,,,,,,4.4,4.4,32.4,25.0,29.5,29.7,28.8,28.3,28.3,26.1,25.2,20.3,17.4,4.7,6.7,,-{박무}-{박무}{강도0}0300-{박무}{강도0}0600-{박무}{강도0}0900-1105.,,2024,8,31,216,0,0,1,0
108,서울,2024-08-04,31.8,27.3,542,36.2,1448,,,,,,,6.9,180.0,1505.0,3.4,230.0,1510.0,1.6,1341.0,270.0,25.1,50,1208,69.3,31.9,997.6,1008.3,900.0,1005.2,1756.0,1007.1,14.0,10.9,1100.0,3.43,24.4,,,,,,2.5,2.3,36.1,24.0,29.8,30.4,29.5,28.8,28.6,26.2,25.2,20.2,17.4,5.1,7.3,0.5,,,2024,8,31,217,0,0,1,0
108,서울,2024-08-05,30.0,26.9,2358,33.7,1522,0.5,350.0,0.8,2255.0,3.53,1.3,7.5,320.0,517.0,4.8,290.0,519.0,1.9,1634.0,50.0,25.1,61,1829,75.5,31.9,997.3,1008.4,2153.0,1005.0,1747.0,1006.8,13.9,3.4,1000.0,1.83,12.92,,,,,,7.1,4.9,32.6,25.2,29.0,30.3,29.6,29.2,29.0,26.3,25.3,20.2,17.4,2.8,4.1,0.8,{소나기}0350-0357. {소나기}0455-0540. {소나기}1145-{소나기}{강도0}1200-1220. {소나기}1610-1710. {소나기}2255-{소나기}{강도0}2400-,,2024,8,32,218,0,0,1,1
108,서울,2024-08-06,29.5,25.6,539,33.5,1546,0.0,,0.0,,0.75,0.0,7.3,160.0,840.0,3.7,160.0,847.0,1.9,1655.0,50.0,24.3,57,1526,74.8,30.4,997.7,1009.3,838.0,1005.3,1740.0,1007.3,13.9,6.2,1100.0,3.13,18.84,,,,,,5.4,3.0,33.0,24.0,27.8,29.9,29.2,28.9,28.9,26.4,25.3,20.2,17.5,4.0,5.7,,-{소나기}-0015. {소나기}0650-0710. {소나기}0845-0855.,,2024,8,32,219,0,0,1,0
108,서울,2024-08-07,29.6,27.2,536,33.4,1602,3.2,1014.0,3.4,950.0,1.33,3.4,6.1,320.0,1548.0,3.6,290.0,1527.0,1.7,1509.0,270.0,23.8,55,1542,72.0,29.5,996.1,1007.8,1010.0,1003.5,1735.0,1005.7,13.9,7.6,1200.0,3.38,20.7,,,,,,4.8,1.4,31.8,24.4,27.7,30.0,29.3,29.0,29.0,26.5,25.4,20.2,17.5,4.0,5.8,3.4,{비}0950-1110.,,2024,8,32,220,0,0,1,1
108,서울,2024-08-08,28.5,26.9,2353,31.6,1708,0.0,,0.0,,1.83,0.0,5.9,270.0,2027.0,3.3,290.0,1940.0,1.6,1420.0,270.0,24.1,63,1634,77.5,29.9,994.7,1005.1,716.0,1002.9,1704.0,1004.3,13.9,2.4,1600.0,1.61,10.94,,,,,,7.4,4.3,28.6,23.6,25.1,29.4,28.8,28.8,29.0,26.6,25.5,20.2,17.5,2.7,3.9,0.0,{비}0605-0650. {비}1240-1345.,,2024,8,32,221,0,0,1,0
108,서울,2024-08-09,29.3,25.6,442,33.6,1420,,,,,,,5.7,270.0,1755.0,3.3,250.0,1642.0,1.6,1359.0,250.0,24.0,56,1423,74.1,29.8,994.2,1005.2,540.0,1002.2,1748.0,1003.7,13.8,6.0,1300.0,2.69,15.55,,,,,,2.8,2.4,31.3,22.7,25.6,29.1,28.4,28.4,28.8,26.7,25.5,20.3,17.6,3.1,4.5,,,,2024,8,32,222,0,0,1,0
108,서울,2024-08-10,30.0,26.4,530,33.6,1335,,,,,,,6.6,160.0,1337.0,3.7,140.0,1339.0,1.7,1448.0,50.0,23.8,55,1337,70.8,29.5,993.0,1004.2,724.0,1001.2,1720.0,1002.5,13.8,4.3,1100.0,2.22,15.76,,,,,,6.8,1.9,32.0,23.6,27.6,29.3,28.6,28.4,28.7,26.7,25.6,20.3,17.6,3.6,5.2,,,,2024,8,32,223,0,0,1,0
108,서울,2024-08-11,30.8,27.8,558,34.4,1521,,,,,,,6.7,160.0,1027.0,3.4,140.0,1028.0,1.8,1562.0,110.0,24.0,53,1541,67.8,29.8,992.5,1003.1,825.0,1000.9,1611.0,1002.0,13.8,4.4,1000.0,2.83,17.14,,,,,,6.3,3.0,33.6,24.2,29.0,29.7,29.0,28.6,28.7,26.7,25.7,20.3,17.6,,,,,,2024,8,32,224,0,0,1,0
108,서울,2024-08-12,31.1,28.2,608,34.1,1512,,,,,,,6.4,340.0,2004.0,3.9,320.0,2031.0,1.9,1646.0,270.0,24.9,57,1652,70.5,31.5,994.5,1005.9,2344.0,1002.3,142.0,1003.9,13.7,4.1,1000.0,2.22,13.51,,,,,,4.1,4.1,33.6,25.3,28.2,29.9,29.0,28.7,28.9,26.7,25.7,20.3,17.7,3.3,4.8,,,,2024,8,33,225,0,0,1,0
108,서울,2024-08-13,31.3,28.1,520,36.4,1501,0.0,,0.0,,2.08,0.0,7.9,160.0,1806.0,4.5,160.0,1811.0,1.8,1587.0,320.0,24.9,49,1443,70.0,31.5,997.5,1008.5,905.0,1005.4,1612.0,1007.1,13.7,7.5,1200.0,2.98,20.81,,,,,,4.9,4.6,37.2,24.8,28.7,30.4,29.3,28.8,28.9,26.8,25.8,20.4,17.7,4.6,6.6,0.0,{소나기}1645-{소나기}{강도0}1800-1850.,,2024,8,33,226,0,0,1,0
108,서울,2024-08-14,30.0,27.3,2002,34.9,1438,2.7,1645.0,3.0,1645.0,1.75,3.0,11.9,340.0,1732.0,6.1,250.0,1656.0,1.9,1628.0,50.0,24.4,52,1452,73.0,30.5,997.6,1008.3,823.0,1005.4,1616.0,1007.2,13.7,4.7,1000.0,2.23,12.59,,,,,,5.6,5.6,33.7,24.8,28.3,30.0,29.4,29.2,29.2,26.8,25.8,20.4,17.8,3.0,4.2,3.3,{소나기}1645-{소나기}{강도0}1800-1830.,,2024,8,33,227,0,0,1,1
108,서울,2024-08-15,29.2,26.7,546,34.6,1541,4.9,1631.0,6.1,1620.0,3.25,6.4,13.0,320.0,1635.0,8.2,320.0,1642.0,1.8,1552.0,50.0,24.0,53,1547,74.6,29.8,997.5,1008.4,834.0,1005.3,1558.0,1007.0,13.6,4.1,1300.0,2.78,15.98,,,,,,5.4,3.6,31.7,24.8,26.2,29.3,28.3,28.2,29.0,26.9,25.9,20.5,17.8,3.6,5.1,6.1,{소나기}0005-0230. {소나기}1620-1710.,,2024,8,33,228,0,0,1,1
108,서울,2024-08-16,29.8,26.8,418,34.3,1340,0.0,,0.0,,0.25,0.0,7.6,290.0,2059.0,4.8,290.0,2100.0,2.0,1727.0,50.0,23.4,51,1411,69.4,28.7,998.5,1009.2,2400.0,1006.1,1623.0,1008.0,13.6,6.7,1300.0,3.03,17.24,,,,,,3.0,2.8,29.2,24.3,25.9,29.2,27.9,27.7,28.9,27.0,25.9,20.5,17.8,4.0,5.7,0.0,{소나기}1535-1550.,,2024,8,33,229,0,0,1,0
108,서울,2024-08-17,29.8,27.2,559,34.0,1514,7.4,1806.0,11.0,1750.0,1.5,11.0,9.4,320.0,1833.0,6.4,320.0,1831.0,1.7,1483.0,50.0,23.7,53,1451,71.0,29.2,1000.0,1010.8,844.0,1007.7,1559.0,1009.6,13.5,5.3,1000.0,2.53,14.73,,,,,,4.8,3.5,31.4,24.4,26.5,29.0,27.3,27.0,28.9,27.0,26.0,20.5,17.9,3.2,4.6,11.0,{소나기}1340-1410. {소나기}1750-{소나기}{강도0}1800-1850.,,2024,8,33,230,0,0,1,1
108,서울,2024-08-18,29.5,27.0,525,33.9,1253,0.0,,0.0,,1.08,0.0,7.6,270.0,1507.0,5.0,250.0,1510.0,2.0,1702.0,50.0,24.1,56,1258,73.8,30.1,999.2,1010.5,14.0,1006.8,1724.0,1008.8,13.5,6.4,1200.0,2.94,17.64,,,,,,5.5,3.3,29.5,25.3,27.5,29.3,27.9,27.5,28.8,27.0,26.0,20.6,17.9,3.7,5.4,0.0,{비}0310-0320. {소나기}1435-{소나기}{강도0}1500-1530.,,2024,8,33,231,0,0,1,0
108,서울,2024-08-19,29.7,26.3,607,35.3,1355,2.2,1813.0,2.3,1755.0,0.92,2.3,10.5,290.0,1758.0,6.4,320.0,1810.0,1.9,1621.0,50.0,23.8,46,1405,72.3,29.4,998.0,1008.8,2232.0,1005.5,1625.0,1007.6,13.5,7.1,1200.0,3.54,20.08,,,,,,2.5,2.5,31.7,24.4,28.0,29.6,28.0,27.5,29.0,27.0,26.1,20.6,17.9,4.4,6.3,2.3,{소나기}1755-{소나기}{강도0}1800-1850.,,2024,8,34,232,0,0,1,1
108,서울,2024-08-20,31.4,27.0,331,35.4,1519,0.0,,0.0,,0.25,0.0,8.2,140.0,1758.0,4.2,110.0,1807.0,2.3,1986.0,70.0,24.5,54,1344,68.3,30.8,998.6,1009.5,924.0,1006.0,1830.0,1008.1,13.4,7.7,1100.0,2.6,19.09,,,,,,6.1,3.6,32.6,24.8,27.3,29.6,28.1,27.7,29.1,27.0,26.1,20.7,18.0,4.1,5.8,40.0,{비}2055-{비}{강도0}2100-2110.,,2024,8,34,233,0,0,1,0
108,서울,2024-08-21,28.4,26.9,653,30.8,1,6.3,550.0,14.7,733.0,12.75,42.2,11.7,180.0,1119.0,5.3,200.0,809.0,3.2,2729.0,180.0,25.7,71,129,85.9,33.1,996.9,1008.1,141.0,1005.2,1841.0,1006.5,13.4,0.0,1500.0,0.86,4.68,,,,,,9.5,6.9,27.6,26.3,24.8,28.6,26.8,26.7,29.2,27.1,26.1,20.7,18.0,1.9,2.7,2.2,{비}0040-0045. {비}0130-{비}{강도1}0300-{비}{강도1}0600-{비}{강도1}0900-{비}{강도0}1200-1410.,,2024,8,34,234,0,0,1,1
108,서울,2024-08-22,28.6,27.1,2211,30.3,1251,0.5,1554.0,0.5,1550.0,4.42,0.6,13.9,180.0,1418.0,7.5,180.0,1423.0,3.4,2964.0,200.0,24.7,70,1008,79.9,31.2,994.1,1007.2,2.0,1000.7,1404.0,1003.6,13.4,1.8,800.0,0.99,7.27,,,,,,8.8,7.3,27.8,25.4,27.0,28.3,26.5,26.4,28.8,27.1,26.2,20.8,18.0,2.1,3.0,0.6,{비}1035-1050. {비}1220-1235. {비}1320-{비}{강도0}1500-1515. {비}1550-1615. {비}1810-1855. {비}2005-2055.,,2024,8,34,235,0,0,1,0
108,서울,2024-08-23,28.4,26.4,550,31.8,1418,0.0,,0.0,,0.5,0.0,10.2,230.0,154.0,5.0,230.0,159.0,2.7,2372.0,200.0,23.0,59,1611,73.5,28.1,997.8,1009.4,2332.0,1005.8,1.0,1007.4,13.3,5.6,1000.0,2.34,17.48,,,,,,5.3,4.8,28.6,24.0,27.8,28.5,26.6,26.5,28.6,27.1,26.2,20.8,18.1,3.8,5.4,,{비}0640-0710. {박무}2240-{박무}{강도0}2400-,,2024,8,34,236,0,0,1,0
108,서울,2024-08-24,27.6,25.1,612,30.9,1628,0.8,1153.0,1.5,1135.0,3.42,2.0,6.3,180.0,1217.0,3.6,200.0,1219.0,1.4,1200.0,20.0,23.5,66,1139,78.8,29.0,1000.0,1010.8,850.0,1007.9,1816.0,1009.6,13.3,2.4,1000.0,1.78,12.04,,,,,,3.8,2.6,28.6,22.9,26.8,27.9,26.2,26.0,28.6,27.1,26.2,20.9,18.1,2.5,3.5,2.0,-{박무}-{박무}{강도0}0300-{박무}{강도0}0600-{박무}{강도0}0900-1030. {소나기}1135-{소나기}{강도0}1200-1425. {박무}1340-{박무}{강도0}1500-1610. {소나기}1745-{소나기}{강도0}1800-1820.,,2024,8,34,237,0,0,1,1
108,서울,2024-08-25,28.5,24.9,612,32.7,1558,,,,,,,6.7,180.0,1706.0,4.6,180.0,1707.0,1.4,1252.0,20.0,23.8,58,1611,76.6,29.4,998.8,1010.0,757.0,1006.6,1605.0,1008.4,13.2,5.1,1200.0,2.11,15.82,,,,,,3.4,1.9,29.1,23.1,26.5,28.2,26.2,25.9,28.5,27.0,26.2,20.9,18.2,3.2,4.5,,{박무}0315-{박무}{강도1}0600-{박무}{강도0}0900-1155. {연무}1730-{연무}{강도0}1800-1855.,,2024,8,34,238,0,0,1,0
108,서울,2024-08-26,28.1,25.6,554,30.6,1509,0.0,,0.0,,0.25,0.0,5.0,340.0,1626.0,3.7,340.0,1632.0,1.5,1276.0,50.0,23.7,61,1848,77.8,29.3,996.7,1007.7,957.0,1005.1,1818.0,1006.3,13.2,0.3,1000.0,1.61,8.21,,,,,,8.0,2.4,28.0,23.4,25.3,27.9,26.2,26.0,28.5,27.0,26.2,20.9,18.2,1.9,2.7,0.0,{박무}0150-{박무}{강도0}0300-{박무}{강도0}0600-{박무}{강도0}0900-1150. {연무}1255-1315. {소나기}1630-1645.,,2024,8,35,239,0,0,1,0
108,서울,2024-08-27,26.5,24.6,953,30.3,1638,0.2,,0.3,827.0,5.58,0.3,6.2,320.0,1240.0,4.5,320.0,1247.0,1.9,1621.0,50.0,20.3,52,1706,69.8,23.9,996.6,1008.3,2321.0,1004.7,244.0,1006.3,13.2,3.7,1600.0,1.81,10.04,,,,,,6.1,2.0,25.7,21.2,24.6,27.0,25.5,25.5,28.3,27.0,26.3,21.0,18.2,3.2,4.5,0.3,{비}0145-{비}{강도0}0300-0335. {비}0610-{비}{강도0}0900-0955.,,2024,8,35,240,0,0,1,0
108,서울,2024-08-28,28.2,23.0,559,33.2,1623,,,,,,,7.4,50.0,846.0,4.2,50.0,2214.0,2.9,2515.0,50.0,20.0,46,1530,62.1,23.4,998.4,1009.6,929.0,1006.3,1618.0,1008.0,13.1,11.5,1200.0,3.3,23.98,,,,,,0.4,0.4,30.2,19.7,24.1,27.1,25.4,25.3,27.9,26.9,26.2,21.0,18.3,5.7,8.1,,,,2024,8,35,241,0,0,1,0
108,서울,2024-08-29,28.4,23.4,624,33.5,1416,,,,,,,9.0,50.0,2033.0,5.3,50.0,2040.0,3.1,2658.0,70.0,20.0,49,1331,61.0,23.4,996.9,1008.5,738.0,1004.3,1630.0,1006.5,13.1,12.0,1200.0,3.33,24.86,,,,,,0.6,0.6,32.8,19.7,26.4,27.8,26.9,26.9,27.9,26.8,26.2,21.1,18.3,6.0,8.6,,,,2024,8,35,242,0,0,1,0
108,서울,2024-08-30,28.0,23.7,604,32.9,1415,,,,,,,8.1,270.0,1523.0,4.5,290.0,1528.0,2.4,2043.0,270.0,20.3,45,1644,64.0,23.9,995.1,1006.1,931.0,1003.0,1609.0,1004.6,13.1,12.0,1200.0,3.32,24.53,,,,,,0.9,0.9,32.4,19.9,28.2,28.1,27.2,27.1,28.0,26.7,26.2,21.1,18.3,5.5,7.9,,,,2024,8,35,243,0,0,1,0
108,서울,2024-08-31,27.6,22.6,639,33.0,1553,,,,,,,6.3,340.0,14.0,4.3,320.0,16.0,1.9,1659.0,270.0,20.2,40,1607,65.6,23.7,996.3,1007.2,929.0,1004.4,1612.0,1005.9,13.0,12.0,1300.0,3.2,24.15,,,,,,1.8,0.8,33.3,18.5,28.2,28.0,27.3,27.2,28.0,26.7,26.2,21.1,18.4,,,,,,2024,8,35,244,0,0,1,0
108,서울,2024-09-01,27.1,24.6,557,31.6,1458,,,,,,,7.5,270.0,1444.0,4.3,250.0,1546.0,2.0,1745.0,250.0,19.5,41,1525,64.9,22.8,997.1,1007.5,746.0,1005.4,1825.0,1006.8,13.0,6.9,1200.0,3.38,20.05,,,,,,4.5,2.8,33.0,20.0,28.0,28.0,27.3,27.2,27.9,26.7,26.2,21.2,18.4,4.4,6.4,2.7,{박무}0810-{박무}{강도0}0900-1010.,,2024,9,35,245,0,0,1,0
108,서울,2024-09-02,24.5,22.2,709,26.9,1701,1.0,522.0,2.0,437.0,5.42,2.7,8.6,70.0,2255.0,4.5,70.0,2256.0,2.6,2264.0,50.0,19.4,65,6,73.6,22.6,999.3,1011.6,2341.0,1006.5,409.0,1009.0,13.0,0.1,1400.0,0.93,5.82,,,,,,8.0,6.6,24.3,20.0,25.9,26.2,26.5,26.9,27.9,26.7,26.2,21.2,18.4,2.6,3.7,0.0,{비}0250-{비}{강도0}0300-0305. {비}0430-{비}{강도0}0600-0645. {비}0840-{비}{강도0}0900-1135.,,2024,9,36,246,0,0,1,1
108,서울,2024-09-03,27.0,23.2,625,32.0,1453,,,,,,,8.5,20.0,730.0,4.4,50.0,910.0,2.9,2469.0,70.0,16.8,44,1431,54.5,19.3,1001.6,1013.6,938.0,1009.1,1841.0,1011.2,12.9,7.4,1200.0,3.22,20.85,,,,,,2.6,2.6,30.0,20.2,26.4,26.3,26.0,26.2,27.3,26.6,26.1,21.3,18.5,5.0,7.1,,,,2024,9,36,247,0,0,1,0
108,서울,2024-09-04,27.9,23.2,557,33.3,1559,,,,,,,6.1,140.0,1446.0,3.4,180.0,1229.0,2.2,1862.0,50.0,19.5,42,1350,61.4,22.8,999.2,1011.0,623.0,1006.2,1636.0,1008.8,12.9,10.6,1200.0,3.19,22.99,,,,,,3.0,2.6,32.4,19.5,27.4,27.2,26.5,26.5,27.3,26.5,26.1,21.3,18.5,5.1,7.3,,,,2024,9,36,248,0,0,1,0
108,서울,2024-09-05,26.3,25.6,1903,28.8,1030,2.6,1437.0,4.7,1346.0,4.42,6.9,9.9,200.0,1113.0,5.5,200.0,1115.0,2.4,2035.0,230.0,22.2,63,1031,79.1,26.9,997.2,1007.9,1.0,1005.5,1611.0,1006.9,12.8,0.9,1000.0,1.36,6.91,,,,,,8.8,7.0,27.5,21.6,26.9,27.0,26.8,26.8,27.5,26.5,26.1,21.3,18.5,1.6,2.3,7.3,{비}1130-{비}{강도0}1200-{비}{강도0}1500-1550. {비}2355-{비}{강도0}2400-,,2024,9,36,249,0,0,1,1
108,서울,2024-09-06,24.0,23.3,1211,25.7,1,0.3,320.0,0.3,230.0,9.75,0.7,7.6,50.0,1242.0,4.8,50.0,1328.0,2.6,2288.0,70.0,20.1,69,1702,79.3,23.6,1001.3,1012.8,2145.0,1007.9,1.0,1011.0,12.8,0.0,1400.0,0.69,4.41,,,,,,10.0,7.5,24.8,22.1,25.5,25.7,25.5,25.8,27.3,26.4,26.1,21.3,18.6,1.7,2.4,0.3,-{비}-0140. {비}0215-{비}{강도0}0300-0355. {박무}0255-{박무}{강도0}0300-0520. {비}0430-{비}{강도0}0600-0630. {비}0945-{비}{강도0}1200-1340. {비}2105-2130. {비}2355-{비}{강도0}2400-,,2024,9,36,250,0,0,1,0
108,서울,2024-09-07,26.5,22.8,621,31.3,1432,0.0,,0.0,,0.42,0.0,6.2,180.0,1455.0,3.2,180.0,1503.0,1.9,1618.0,50.0,20.1,50,1435,68.9,23.5,1003.1,1013.8,2316.0,1011.4,1549.0,1012.8,12.8,7.6,1200.0,2.94,18.81,,,,,,4.0,4.0,27.1,21.0,26.2,26.3,25.5,25.6,27.0,26.3,26.0,21.4,18.6,4.0,5.7,,-{비}-0005. {비}0045-0105.,,2024,9,36,251,0,0,1,0
108,서울,2024-09-08,27.2,22.6,635,32.8,1528,,,,,,,6.5,290.0,2020.0,3.8,320.0,2015.0,1.6,1386.0,50.0,20.8,47,1531,69.6,24.6,1003.2,1014.7,905.0,1011.2,1556.0,1012.9,12.7,9.1,1200.0,2.97,20.01,,,,,,2.0,2.0,29.7,19.1,26.8,26.8,26.3,26.3,27.0,26.2,26.0,21.4,18.6,4.4,6.2,,,,2024,9,36,252,0,0,1,0
108,서울,2024-09-09,28.5,24.1,420,34.1,1445,,,,,,,5.5,290.0,1533.0,3.6,320.0,1925.0,1.9,1613.0,50.0,22.0,50,1418,69.0,26.5,1002.6,1013.6,751.0,1010.8,1624.0,1012.3,12.7,6.0,1300.0,2.97,16.38,,,,,,3.6,3.5,30.4,20.4,27.7,27.3,25.5,25.2,27.1,26.2,26.0,21.4,18.7,3.7,5.2,,,,2024,9,37,253,0,0,1,0
108,서울,2024-09-10,29.4,25.6,600,33.9,1535,,,,,,,6.3,290.0,1606.0,3.5,270.0,1441.0,1.8,1563.0,50.0,22.5,51,1652,67.3,27.3,1003.1,1014.1,2310.0,1011.1,1621.0,1012.7,12.6,9.0,1100.0,2.45,17.2,,,,,,1.3,1.3,31.9,22.3,28.0,27.7,26.0,25.6,27.3,26.2,25.9,21.5,18.7,4.1,5.8,,,,2024,9,37,254,0,0,1,0
108,서울,2024-09-11,29.0,25.4,618,34.6,1240,0.2,2307.0,0.4,2227.0,2.25,0.4,7.4,270.0,1642.0,4.2,250.0,1619.0,1.8,1598.0,50.0,23.1,50,1405,71.5,28.3,1005.3,1016.1,2157.0,1013.1,1444.0,1014.9,12.6,5.2,1200.0,2.45,12.49,,,,,,5.5,4.5,29.2,21.3,28.0,27.7,26.5,26.3,27.4,26.2,25.9,21.5,18.7,2.7,3.9,26.6,{소나기}1450-{소나기}{강도0}1500-1515. {박무}1905-{박무}{강도0}2100-{박무}{강도0}2400- {비}2210-{비}{강도0}2400-,,2024,9,37,255,0,0,1,0
108,서울,2024-09-12,25.4,24.8,2121,27.1,1,2.6,644.0,7.8,501.0,18.83,32.7,5.1,50.0,1054.0,3.3,50.0,1147.0,2.1,1788.0,50.0,23.9,85,1,91.5,29.6,1004.5,1015.7,1.0,1012.8,2359.0,1014.3,12.6,0.0,1100.0,0.63,3.78,,,,,,9.8,8.1,25.8,24.4,26.6,26.8,26.5,26.6,27.5,26.2,25.9,21.5,18.8,1.0,1.4,7.1,-{비}-{비}{강도0}0300-{비}{강도1}0600-{비}{강도0}0900-1120. -{박무}-{박무}{강도0}0300-{박무}{강도0}0600-0715. {비}1240-{비}{강도1}1500-{비}{강도0}1800-1830. {박무}1445-{박무}{강도0}1500-1515. {비}1925-2040. {비}2210-2220. {비}2340-2355.,,2024,9,37,256,0,0,1,1
108,서울,2024-09-13,25.9,24.2,413,28.0,1243,1.1,2108.0,2.6,1500.0,18.67,7.6,9.6,180.0,1853.0,4.3,180.0,1415.0,2.2,1938.0,50.0,24.4,80,1244,91.4,30.5,998.6,1012.8,1.0,1005.8,1845.0,1008.3,12.5,0.0,1200.0,0.84,4.86,,,,,,10.0,7.3,26.1,24.0,26.5,26.5,25.5,25.5,27.3,26.2,25.9,21.5,18.8,1.2,1.8,7.0,{비}0105-{비}{강도0}0300-{비}{강도0}0600-0750. {비}1030-{비}{강도0}1200-{비}{강도0}1500-1705. {박무}1445-{박무}{강도0}1500-1610. {비}1840-{비}{강도0}2100-{비}{강도0}2400- {박무}2340-{박무}{강도0}2400-,,2024,9,37,257,0,0,1,1
108,서울,2024-09-14,28.0,25.2,657,32.2,1630,0.0,,0.0,,0.33,0.0,5.7,320.0,1441.0,3.5,270.0,1448.0,1.7,1453.0,270.0,24.0,59,1555,80.3,29.9,995.9,1006.8,2347.0,1003.6,1603.0,1005.5,12.5,5.1,1400.0,2.64,14.61,,,,,,4.8,4.8,28.7,24.0,27.4,27.3,25.7,25.5,27.2,26.1,25.8,21.5,18.8,3.1,4.5,,-{비}-0020. -{박무}-0035.,,2024,9,37,258,0,0,1,0
108,서울,2024-09-15,27.5,24.2,2346,32.4,1520,,,,,,,10.2,50.0,2350.0,5.4,50.0,1744.0,2.8,2385.0,70.0,22.1,59,1525,73.6,26.8,999.8,1013.3,2351.0,1006.5,37.0,1009.4,12.4,8.2,1200.0,3.04,18.89,,,,,,3.1,2.1,27.2,21.8,27.5,27.3,25.4,25.1,27.4,26.1,25.8,21.6,18.9,4.6,6.6,9.5,,,2024,9,37,259,0,0,1,0
108,서울,2024-09-16,26.8,21.3,738,32.2,1453,3.6,544.0,8.0,531.0,3.0,9.5,9.3,50.0,425.0,4.9,50.0,717.0,2.8,2396.0,70.0,21.6,58,1501,74.0,25.9,1005.1,1015.9,951.0,1013.3,1.0,1014.9,12.4,6.2,1100.0,2.88,17.09,,,,,,5.6,4.6,26.7,20.5,26.5,26.5,25.7,25.8,27.5,26.2,25.9,21.6,18.9,3.4,4.8,,{소나기}0510-{소나기}{강도1}0600-0810.,,2024,9,38,260,0,0,1,1
108,서울,2024-09-17,28.6,25.8,556,33.2,1507,,,,,,,8.0,340.0,1703.0,4.5,320.0,1711.0,1.7,1500.0,50.0,24.0,59,1406,77.0,29.9,1004.7,1015.8,745.0,1012.6,1611.0,1014.3,12.4,3.5,1100.0,2.96,14.62,,,,,,7.4,4.9,28.6,24.0,27.9,27.7,25.6,25.2,27.5,26.2,25.9,21.6,18.9,3.1,4.5,,,,2024,9,38,261,0,0,1,0
108,서울,2024-09-18,29.4,26.5,434,33.6,1445,0.6,2243.0,0.7,2225.0,0.5,0.7,6.5,340.0,1441.0,3.6,290.0,1427.0,1.6,1390.0,290.0,24.7,61,1300,76.8,31.1,1003.3,1013.9,846.0,1011.0,1553.0,1012.9,12.3,6.5,1300.0,2.57,17.53,,,,,,7.0,4.8,29.2,24.5,28.4,28.3,26.4,26.0,27.7,26.2,25.8,21.6,19.0,3.7,5.3,0.7,{소나기}2225-2255.,,2024,9,38,262,0,0,1,0
108,서울,2024-09-19,29.1,25.6,632,32.6,1515,,,,,,,4.8,250.0,1234.0,2.7,50.0,835.0,1.7,1438.0,50.0,24.5,63,1518,77.4,30.8,1003.6,1015.0,930.0,1011.7,1606.0,1013.3,12.3,1.4,1100.0,2.56,11.47,,,,,,8.5,5.0,29.1,25.0,28.5,28.3,26.6,26.3,28.0,26.3,25.9,21.6,19.0,2.4,3.4,7.5,,,2024,9,38,263,0,0,1,0
108,서울,2024-09-20,25.0,17.9,2345,28.6,1,5.2,2248.0,15.8,2215.0,15.33,54.5,12.4,50.0,2059.0,7.1,50.0,2102.0,2.4,2038.0,50.0,23.2,80,15,89.8,28.7,999.7,1012.7,321.0,1006.8,1925.0,1009.4,12.2,0.1,1200.0,0.97,3.58,,,,,,10.0,8.0,26.3,17.9,27.4,27.3,25.7,25.4,28.1,26.3,25.8,21.7,19.0,0.9,1.3,73.4,{비}0255-{비}{강도0}0300-{비}{강도0}0600-0615. {비}1035-1140. {비}1305-{비}{강도1}1500-{비}{강도1}1800-{비}{강도0}2100-{비}{강도1}2400- {박무}1430-{박무}{강도0}1500-{박무}{강도0}1800-1935. {박무}2215-2355.,,2024,9,38,264,0,0,1,1
108,서울,2024-09-21,19.3,17.1,749,21.9,1528,4.9,613.0,10.4,745.0,8.83,27.0,12.2,50.0,747.0,7.0,50.0,254.0,4.3,3734.0,50.0,16.0,69,1741,82.3,18.2,997.4,1008.9,2245.0,1006.2,1520.0,1007.3,12.2,0.0,1200.0,1.57,6.31,,,,,,8.5,7.3,20.1,15.9,22.1,22.2,23.0,24.1,27.3,26.5,25.9,21.7,19.1,1.8,2.5,0.6,-{비}-0030. {비}0125-0250. {비}0310-{비}{강도0}0600-{비}{강도1}0900-1005. {박무}0505-{박무}{강도0}0600-0850.,,2024,9,38,265,0,0,1,1
108,서울,2024-09-22,21.0,16.9,523,26.7,1520,,,,,,,9.4,20.0,1903.0,5.1,340.0,1555.0,2.7,2339.0,50.0,14.5,50,1513,67.4,16.6,1002.9,1016.9,2400.0,1008.6,1.0,1012.8,12.2,7.2,1200.0,2.95,19.34,,,,,,4.5,4.5,21.9,14.7,22.7,22.7,22.6,23.3,26.0,26.4,26.3,21.9,19.1,4.5,6.5,,,,2024,9,38,266,0,0,1,0
108,서울,2024-09-23,20.8,16.6,603,26.1,1544,,,,,,,9.7,50.0,30.0,4.8,50.0,1243.0,3.1,2661.0,50.0,12.1,42,1527,58.3,14.1,1007.6,1019.3,913.0,1015.5,1529.0,1017.5,12.1,11.4,1200.0,3.1,22.31,,,,,,0.8,0.1,20.3,13.3,22.2,22.4,23.1,23.9,25.6,26.1,26.2,22.1,19.1,4.5,6.5,,,,2024,9,39,267,0,0,1,0
108,서울,2024-09-24,21.0,15.6,638,26.9,1535,,,,,,,6.1,50.0,825.0,3.4,50.0,147.0,2.2,1884.0,50.0,12.0,37,1548,57.9,14.0,1005.9,1018.2,723.0,1013.7,1547.0,1015.8,12.1,11.1,1200.0,3.09,22.03,,,,,,1.0,0.0,20.1,12.0,21.8,22.0,22.4,23.2,25.2,25.8,26.1,22.0,19.2,4.4,6.3,,,,2024,9,39,268,0,0,1,0
108,서울,2024-09-25,23.3,18.6,312,27.3,1424,0.0,,0.0,,0.5,0.0,5.8,50.0,441.0,3.2,50.0,608.0,1.7,1448.0,70.0,16.3,55,1432,65.6,18.7,1003.8,1015.5,922.0,1011.9,1538.0,1013.6,12.0,6.1,1100.0,2.65,13.51,,,,,,5.8,4.3,21.8,14.3,22.5,22.6,22.8,23.3,24.9,25.5,25.9,22.0,19.2,2.5,3.6,1.2,{비}2240-2310.,,2024,9,39,269,0,0,1,0
108,서울,2024-09-26,23.6,21.1,645,28.0,1505,0.9,551.0,1.1,510.0,3.58,1.2,6.5,290.0,1654.0,4.1,290.0,1702.0,1.6,1416.0,270.0,18.7,57,1446,75.1,21.6,1002.5,1013.7,805.0,1010.4,1511.0,1012.3,12.0,5.9,1400.0,1.97,14.01,,,,,,4.8,4.3,23.4,16.8,23.7,23.7,22.8,23.1,24.9,25.3,25.8,22.0,19.2,2.9,4.1,,{비}0010-0040. {비}0405-{비}{강도0}0600-0710.,,2024,9,39,270,0,0,1,1
108,서울,2024-09-27,22.7,19.1,643,28.0,1534,,,,,,,9.5,20.0,1922.0,5.2,50.0,1803.0,2.4,2086.0,50.0,17.3,49,1513,72.8,19.8,1003.6,1015.4,2316.0,1011.6,1517.0,1013.5,12.0,7.9,1200.0,2.98,16.45,,,,,,2.6,1.4,22.2,15.8,23.1,23.1,22.7,23.0,25.0,25.1,25.6,21.9,19.2,3.9,5.5,,,,2024,9,39,271,0,0,1,0
108,서울,2024-09-28,23.2,19.2,613,27.9,1359,,,,,,,9.7,50.0,840.0,5.0,70.0,1012.0,3.4,2901.0,50.0,14.6,48,1411,59.3,16.6,1007.9,1020.0,2331.0,1015.3,3.0,1017.8,11.9,8.2,1200.0,2.81,18.07,,,,,,3.1,2.9,22.0,15.8,22.9,22.9,22.3,22.6,24.9,25.0,25.5,21.9,19.3,4.2,6.0,,,,2024,9,39,272,0,0,1,0
108,서울,2024-09-29,23.5,19.1,622,29.0,1446,,,,,,,7.4,50.0,805.0,4.1,50.0,930.0,2.7,2321.0,50.0,15.5,47,1450,61.5,17.6,1009.3,1021.4,646.0,1016.8,1548.0,1019.2,11.9,7.3,1200.0,2.91,18.06,,,,,,1.5,1.4,22.6,15.6,23.0,23.0,22.6,22.9,24.8,24.9,25.3,21.9,19.3,4.2,6.0,,,,2024,9,39,273,0,0,1,0
108,서울,2024-09-30,23.0,18.3,622,28.5,1532,,,,,,,7.5,270.0,1722.0,4.6,250.0,1726.0,2.1,1840.0,50.0,15.2,45,1300,63.0,17.3,1005.1,1018.8,33.0,1011.7,2400.0,1014.9,11.8,8.0,1200.0,2.9,16.77,,,,,,4.5,1.1,23.7,14.0,23.3,23.3,23.0,23.2,24.7,24.8,25.2,21.9,19.3,3.4,4.8,2.2,,,2024,9,40,274,0,0,1,0
108,서울,2024-10-01,18.3,13.3,2400,21.7,1,1.3,550.0,2.1,515.0,4.5,2.5,10.0,290.0,1140.0,5.3,320.0,1048.0,2.5,2175.0,270.0,11.8,39,1815,67.5,14.6,1001.5,1015.7,2226.0,1008.7,513.0,1011.5,11.8,2.2,1300.0,1.25,7.73,,,,,,5.9,4.5,18.4,7.6,21.6,21.8,22.3,22.9,24.6,24.7,25.2,21.9,19.4,2.2,3.2,0.3,{비}0515-{비}{강도0}0600-0755. {비}0830-{비}{강도0}0900-0950. {비}1250-1320.,,2024,10,40,275,0,0,1,1
108,서울,2024-10-02,14.9,11.6,649,19.9,1536,,,,,,,8.3,50.0,1427.0,4.7,290.0,1001.0,2.5,2192.0,290.0,3.6,31,1453,48.8,8.0,1008.4,1021.7,2352.0,1015.1,57.0,1018.6,11.8,9.5,1200.0,3.03,20.66,,,,,,2.0,0.0,16.7,5.7,18.2,18.4,19.9,21.1,23.7,24.6,25.1,21.9,19.4,4.0,5.8,,,,2024,10,40,276,0,0,1,0
108,서울,2024-10-03,16.4,10.8,618,22.5,1307,,,,,,,7.9,20.0,1027.0,4.2,50.0,1007.0,1.9,1626.0,50.0,8.0,37,1529,59.0,10.8,1011.5,1022.7,659.0,1019.9,1621.0,1021.7,11.7,7.3,1200.0,2.96,15.9,,,,,,2.0,1.4,16.7,5.4,18.2,18.3,19.4,20.6,22.7,24.3,25.0,21.9,19.4,3.1,4.5,,,,2024,10,40,277,0,0,1,0
108,서울,2024-10-04,17.6,11.9,642,24.2,1454,,,,,,,6.0,340.0,2143.0,3.8,320.0,1906.0,1.8,1563.0,70.0,9.0,35,1511,60.0,11.5,1013.4,1025.0,927.0,1021.8,1616.0,1023.5,11.7,10.9,1200.0,2.9,20.32,,,,,,0.0,0.0,22.1,6.2,18.8,19.0,19.6,20.4,22.2,24.0,24.9,21.9,19.5,4.0,5.7,,,,2024,10,40,278,0,0,1,0
108,서울,2024-10-05,17.5,11.6,601,24.4,1510,,,,,,,4.9,290.0,1751.0,2.8,270.0,1607.0,1.6,1381.0,20.0,9.2,38,1404,60.4,11.6,1012.5,1024.5,756.0,1020.7,1437.0,1022.6,11.6,9.7,1100.0,2.61,17.31,,,,,,3.6,0.0,21.3,5.6,18.7,18.9,19.5,20.2,22.0,23.6,24.7,21.9,19.5,3.2,4.6,,,,2024,10,40,279,0,0,1,0
108,서울,2024-10-06,15.4,12.3,546,17.9,1500,0.0,,0.0,,2.67,0.0,4.7,20.0,1158.0,3.0,320.0,1534.0,1.4,1228.0,50.0,10.6,61,13,73.5,12.9,1010.0,1022.3,35.0,1018.7,2313.0,1020.2,11.6,0.0,1300.0,0.57,3.65,,,,,,8.9,5.0,15.7,6.4,17.6,17.8,18.9,19.9,21.8,23.4,24.6,21.9,19.5,1.0,1.4,0.0,{비}1305-{비}{강도0}1500-1535. {비}1610-1620.,,2024,10,40,280,0,0,1,0
108,서울,2024-10-07,16.9,14.0,652,20.7,1312,,,,,,,5.1,250.0,1206.0,3.3,250.0,1221.0,1.3,1157.0,270.0,12.0,56,1528,73.9,14.1,1007.0,1019.0,156.0,1015.1,1409.0,1017.1,11.6,1.8,1200.0,1.55,9.33,,,,,,6.6,1.9,18.6,9.9,18.3,18.3,18.5,19.2,21.3,23.1,24.4,21.9,19.5,1.7,2.4,,{박무}2205-{박무}{강도0}2400-,,2024,10,41,281,0,0,1,0
108,서울,2024-10-08,17.7,12.7,710,23.9,1505,,,,,,,6.6,50.0,1945.0,3.9,50.0,1949.0,1.8,1583.0,20.0,12.6,51,1503,73.9,14.6,1006.4,1017.8,2248.0,1014.6,1443.0,1016.5,11.5,6.8,1100.0,2.57,14.54,,,,,,1.3,1.3,22.0,7.3,18.4,18.4,18.6,19.3,21.2,22.9,24.2,21.9,19.6,2.8,3.9,,-{박무}-{박무}{강도0}0300-{박무}{강도1}0600-{박무}{강도0}0900-1040.,,2024,10,41,282,0,0,1,0
108,서울,2024-10-09,18.8,13.9,629,24.4,1402,,,,,,,6.6,50.0,945.0,3.8,70.0,919.0,2.3,1958.0,50.0,11.5,44,1538,64.1,13.6,1005.7,1018.0,710.0,1013.5,1701.0,1015.7,11.5,8.1,1100.0,2.62,16.61,,,,,,4.8,1.9,20.8,9.2,19.0,19.1,19.1,19.7,21.2,22.7,24.0,21.9,19.6,3.3,4.7,,,,2024,10,41,283,0,0,1,0
108,서울,2024-10-10,18.8,15.3,611,24.1,1547,0.0,,0.0,,0.17,0.0,5.1,70.0,907.0,3.0,50.0,31.0,1.9,1674.0,50.0,12.1,46,1532,66.3,14.1,1004.5,1015.6,941.0,1012.6,1457.0,1014.5,11.4,6.3,1300.0,2.7,13.91,,,,,,4.5,3.4,22.4,11.0,19.7,19.7,19.4,19.7,21.3,22.5,23.8,21.9,19.6,2.7,3.9,0.0,{비}1210-1220.,,2024,10,41,284,0,0,1,0
108,서울,2024-10-11,18.6,13.9,702,24.4,1451,,,,,,,6.9,320.0,1541.0,3.4,290.0,1549.0,1.8,1572.0,20.0,12.3,40,1634,68.8,14.3,1007.7,1020.7,2356.0,1015.2,1.0,1017.7,11.4,9.5,1200.0,2.61,16.05,,,,,,0.6,0.6,21.7,8.4,19.4,19.4,18.9,19.3,21.3,22.4,23.7,21.9,19.6,3.1,4.4,,{연무}1940-{연무}{강도0}2100-2350.,,2024,10,41,285,0,0,1,0
108,서울,2024-10-12,18.3,13.4,657,24.7,1535,,,,,,,4.8,200.0,1220.0,3.1,290.0,1437.0,1.5,1286.0,20.0,9.5,26,1559,60.6,12.0,1012.3,1023.9,834.0,1020.6,15.0,1022.4,11.4,10.4,1200.0,2.72,18.19,,,,,,0.0,0.0,21.7,7.0,18.8,18.9,19.1,19.6,21.3,22.3,23.6,21.9,19.7,3.8,5.4,,{박무}0205-{박무}{강도0}0300-{박무}{강도0}0600-{박무}{강도0}0900-0958. {연무}0953-1025.,,2024,10,41,286,0,0,1,0
108,서울,2024-10-13,18.3,12.6,625,22.6,1535,,,,,,,6.7,110.0,1526.0,3.3,110.0,1647.0,2.0,1719.0,50.0,11.7,47,1550,67.0,13.8,1012.6,1024.2,814.0,1021.2,1607.0,1022.7,11.3,4.7,1000.0,2.14,11.43,,,,,,6.4,3.4,20.1,6.1,18.4,18.6,19.1,19.7,21.1,22.2,23.4,21.8,19.7,2.3,3.3,,,,2024,10,41,287,0,0,1,0
108,서울,2024-10-14,19.3,17.6,309,21.5,1444,0.0,,0.0,,1.5,0.0,4.9,50.0,2143.0,2.9,70.0,617.0,1.9,1626.0,70.0,13.6,50,1534,70.3,15.6,1008.6,1021.8,1.0,1016.6,2222.0,1018.6,11.3,0.0,1300.0,0.78,4.71,,,,,,9.4,8.0,20.1,14.5,19.2,19.3,19.3,19.8,21.0,22.0,23.3,21.8,19.7,1.3,1.9,0.4,{비}1205-1320. {비}1710-1725.,,2024,10,42,288,0,0,1,0
108,서울,2024-10-15,19.2,17.6,612,21.9,1511,0.2,,0.4,301.0,5.58,0.5,6.0,290.0,1548.0,3.7,320.0,1550.0,1.8,1577.0,50.0,16.5,77,1517,85.0,18.8,1007.1,1019.9,2400.0,1015.3,413.0,1017.1,11.3,0.0,1200.0,0.77,4.59,,,,,,7.3,5.6,19.3,12.9,19.6,19.7,19.4,19.8,21.0,21.9,23.2,21.8,19.7,0.9,1.3,0.1,{비}0130-{비}{강도0}0300-0520. {비}0840-{비}{강도0}0900-1015. {비}1530-1540. {박무}1540-1620. {박무}1840-{박무}{강도0}2100-{박무}{강도0}2400-,,2024,10,42,289,0,0,1,0
108,서울,2024-10-16,18.2,14.4,628,24.2,1449,,,,,,,4.8,20.0,848.0,2.8,180.0,1428.0,1.5,1280.0,50.0,13.7,49,1312,76.9,15.7,1012.0,1023.8,923.0,1019.9,1.0,1022.1,11.2,6.8,1200.0,2.61,13.84,,,,,,2.8,1.4,20.1,7.9,19.1,19.1,19.0,19.4,21.0,21.9,23.1,21.7,19.7,2.6,3.7,,-{박무}-{박무}{강도0}0300-{박무}{강도0}0600-{박무}{강도1}0900-1130. {연무}1735-{연무}{강도0}1800-{연무}{강도0}2100-{연무}{강도0}2400-,,2024,10,42,290,0,0,1,0
108,서울,2024-10-17,19.0,13.8,402,25.7,1512,,,,,,,5.0,360.0,1502.0,2.7,50.0,1510.0,1.7,1482.0,50.0,13.0,46,1408,70.4,15.1,1011.3,1024.0,910.0,1019.0,1755.0,1021.4,11.2,7.5,1200.0,2.47,14.7,,,,,,4.4,0.0,20.8,8.7,18.9,18.9,19.0,19.5,20.9,21.7,23.0,21.7,19.8,3.0,4.3,0.0,{박무}0025-{박무}{강도0}0300-{박무}{강도0}0600-{박무}{강도0}0900-0910. -{연무}-0030. {달무리}2300-,,2024,10,42,291,0,0,1,0
108,서울,2024-10-18,17.4,16.2,1955,18.8,930,9.0,1514.0,20.9,1432.0,11.33,47.1,8.7,50.0,1429.0,5.1,70.0,1419.0,2.5,2119.0,50.0,15.0,74,834,86.1,17.1,1003.2,1019.6,10.0,1008.7,1519.0,1013.3,11.1,0.0,1100.0,0.27,1.54,,,,,,9.6,7.0,17.0,13.5,18.2,18.3,19.0,19.6,20.9,21.7,22.9,21.7,19.8,0.6,0.8,48.1,-{달무리}-0050. {비}0545-0555. {비}0630-0705. {비}0850-{비}{강도0}0900-{비}{강도0}1200-{비}{강도1}1500-1645. {박무}1210-{박무}{강도1}1500-1620. {비}1940-{비}{강도0}2100-2220.,,2024,10,42,292,0,0,1,1
108,서울,2024-10-19,16.6,12.4,2341,21.1,1151,0.3,215.0,0.9,155.0,2.08,1.0,13.6,20.0,2128.0,6.9,50.0,2223.0,3.3,2845.0,50.0,11.9,60,1646,75.0,14.2,1008.5,1028.2,2358.0,1009.3,27.0,1018.6,11.1,2.1,1100.0,1.74,8.19,,,,,,6.6,6.3,17.2,10.1,18.2,18.2,18.1,18.7,19.8,21.4,22.8,21.6,19.8,2.5,3.6,,{비}0145-{비}{강도0}0300-0350. {박무}0205-{박무}{강도0}0300-0310.,,2024,10,42,293,0,0,1,1
108,서울,2024-10-20,13.4,10.5,709,17.8,1421,,,,,,,11.1,50.0,105.0,5.9,50.0,14.0,3.7,3221.0,70.0,4.6,42,1616,56.0,8.5,1019.7,1032.7,836.0,1028.2,1.0,1030.1,11.1,10.0,1200.0,2.68,17.47,,,,,,1.4,0.0,14.2,7.4,15.6,15.7,17.1,18.1,19.8,21.2,22.6,21.6,19.8,3.4,4.9,,,,2024,10,42,294,0,0,1,0
108,서울,2024-10-21,14.8,9.7,233,19.3,1513,0.0,,0.0,,2.33,0.0,8.2,110.0,740.0,4.8,50.0,348.0,2.3,1999.0,50.0,8.4,52,1518,66.4,11.2,1013.5,1028.7,59.0,1021.1,1622.0,1023.8,11.0,1.1,1100.0,1.52,8.92,,,,,,8.6,7.3,14.7,5.9,15.5,15.5,16.1,17.1,19.2,21.1,22.6,21.6,19.9,1.7,2.4,1.0,{비}0935-0945. {비}1935-{비}{강도0}2100-2110. {비}2305-2340.,,2024,10,43,295,0,0,1,0
108,서울,2024-10-22,15.5,14.9,644,16.6,2155,1.4,1750.0,3.6,1713.0,21.5,20.6,9.0,250.0,2400.0,4.0,230.0,2154.0,2.0,1748.0,50.0,13.9,72,130,90.8,15.9,1003.9,1021.1,1.0,1009.3,2108.0,1014.0,11.0,0.0,1100.0,0.26,1.27,,,,,,10.0,8.1,15.6,13.6,16.4,16.3,16.0,16.6,19.0,20.8,22.4,21.5,19.9,0.6,0.9,21.9,{비}0145-{비}{강도0}0300-{비}{강도0}0600-{비}{강도0}0900-{비}{강도0}1200-1210. -{박무}-{박무}1015-1150. {비}1225-1350. {박무}1235-1325. {비}1420-{비}{강도0}1500-{안개비}1530-{비}1550-{비}{강도0}1800-{비}{강도0}2100-{비}{강도0}2400- {박무}1425- {박무}{강도0}1500-{박무}{강도1}1800-{박무}{강도1}2100-{박무}{강도1}2400-,,2024,10,43,296,0,0,1,1
108,서울,2024-10-23,12.7,9.4,2356,15.5,1341,0.7,-2356.0,2.0,-2331.0,5.5,2.3,13.3,250.0,935.0,8.0,250.0,855.0,3.7,3223.0,250.0,8.2,61,1342,75.3,10.9,1005.6,1020.7,2358.0,1009.5,1.0,1015.8,10.9,2.9,1200.0,1.8,9.76,,,,,,5.9,5.4,14.3,4.3,15.6,15.5,15.5,16.2,18.8,20.6,22.3,21.5,19.9,1.7,2.5,,-{박무}-0105. -{비}-{비}{강도0}0300-0435. {비}0510-{비}{강도0}0600-0605.,,2024,10,43,297,0,0,1,1
108,서울,2024-10-24,12.5,7.1,650,18.4,1501,,,,,,,8.1,320.0,1413.0,5.2,290.0,1339.0,1.8,1543.0,20.0,7.0,49,1423,71.4,10.0,1012.1,1024.7,2348.0,1020.6,8.0,1022.4,10.9,9.9,1200.0,2.48,16.03,,,,,,0.0,0.0,13.0,1.2,13.8,13.8,14.6,15.6,18.3,20.3,22.1,21.5,19.9,2.7,3.8,,,,2024,10,43,298,0,0,1,0
108,서울,2024-10-25,14.9,8.7,701,21.5,1416,,,,,,,5.1,50.0,1154.0,3.2,70.0,1110.0,1.7,1478.0,20.0,7.4,33,1510,64.1,10.3,1014.3,1026.5,939.0,1023.1,1450.0,1024.5,10.9,7.9,1200.0,2.54,14.88,,,,,,4.0,0.0,13.8,3.2,14.3,14.3,14.9,15.8,17.9,20.1,21.9,21.4,19.9,2.8,3.9,,{박무}0050-{박무}{강도0}0300-{박무}{강도0}0600-0725.,,2024,10,43,299,0,0,1,0
108,서울,2024-10-26,17.0,10.7,644,24.0,1552,,,,,,,6.2,110.0,1352.0,3.4,70.0,1255.0,1.8,1516.0,20.0,10.7,45,1424,68.3,12.9,1010.0,1023.7,33.0,1017.6,1433.0,1020.2,10.8,9.7,1200.0,2.48,16.04,,,,,,2.8,0.0,15.9,5.3,15.4,15.2,14.8,15.4,17.7,19.8,21.7,21.4,19.9,2.9,4.2,,,,2024,10,43,300,0,0,1,0
108,서울,2024-10-27,16.0,14.0,2400,18.8,1314,0.0,,0.0,,0.58,0.0,4.7,290.0,1228.0,2.9,290.0,1350.0,1.6,1414.0,270.0,12.3,67,1320,79.4,14.3,1003.5,1018.4,32.0,1011.0,1448.0,1013.6,10.8,0.2,1200.0,0.95,5.27,,,,,,8.3,2.9,15.1,8.4,16.0,15.8,15.1,15.5,17.9,19.6,21.5,21.3,19.9,1.0,1.5,0.0,{비}1405-1440. {박무}1910-{박무}{강도0}2100-{박무}{강도0}2400-,,2024,10,43,301,0,0,1,0
108,서울,2024-10-28,15.7,12.3,416,20.4,1504,0.0,,0.0,,0.13,0.0,7.9,70.0,2059.0,4.5,50.0,1916.0,2.1,1847.0,50.0,11.2,60,1526,75.9,13.3,1004.8,1018.1,2250.0,1012.3,28.0,1014.9,10.8,1.9,1200.0,1.74,8.92,,,,,,8.3,7.4,15.4,6.9,15.9,15.7,15.4,16.0,17.9,19.5,21.4,21.3,19.9,2.1,3.0,0.0,-{박무}-{박무}{강도0}0300-{박무}{강도1}0600-{박무}{강도0}0900-1058. {비}1850-1858.,,2024,10,44,302,0,0,1,0
108,서울,2024-10-29,15.0,13.4,504,18.3,1529,0.0,,0.0,,1.0,0.0,7.5,50.0,252.0,4.6,50.0,257.0,2.3,1956.0,50.0,8.3,49,1400,64.6,10.9,1008.1,1019.6,2219.0,1017.1,1420.0,1018.3,10.7,0.2,1300.0,1.07,6.22,,,,,,6.0,4.3,14.4,8.0,15.7,15.7,16.1,16.7,18.0,19.4,21.2,21.3,19.9,1.4,2.0,0.0,{비}1050-1140. {비}1630-1640.,,2024,10,44,303,0,0,1,0
108,서울,2024-10-30,15.7,11.4,709,21.4,1405,,,,,,,6.6,340.0,2000.0,3.8,320.0,2001.0,1.6,1381.0,320.0,10.2,46,1438,71.3,12.4,1011.9,1023.6,2255.0,1019.3,1.0,1022.1,10.7,9.6,1200.0,2.33,14.75,,,,,,1.3,0.8,15.5,5.5,15.5,15.4,15.7,16.3,17.8,19.2,21.1,21.2,19.9,2.7,3.8,,,,2024,10,44,304,0,0,1,0
108,서울,2024-10-31,15.9,11.0,714,22.6,1455,,,,,,,4.7,70.0,402.0,2.5,290.0,1939.0,1.4,1219.0,20.0,9.5,42,1357,67.8,11.8,1012.4,1025.0,836.0,1020.7,1528.0,1022.6,10.7,9.4,1200.0,2.32,14.38,,,,,,1.8,0.0,15.0,5.1,15.3,15.2,15.6,16.2,17.7,19.2,20.9,21.2,19.9,2.5,3.6,,{박무}0152-0242.,,2024,10,44,305,0,0,1,0
108,서울,2024-11-01,15.3,12.9,321,18.7,1454,,,,,,,5.0,360.0,1154.0,3.4,20.0,1200.0,1.4,1234.0,50.0,9.8,55,1456,70.8,12.1,1008.8,1022.4,811.0,1015.6,2336.0,1019.0,10.6,0.1,1300.0,1.06,5.83,,,,,,9.8,0.8,14.3,8.7,15.3,15.2,15.5,16.1,17.6,19.1,20.9,21.1,20.0,1.3,1.9,,,,2024,11,44,306,0,0,1,0
108,서울,2024-11-02,18.1,13.0,658,25.1,1510,,,,,,,8.4,360.0,1035.0,4.6,50.0,1036.0,1.9,1652.0,50.0,9.6,41,1446,58.9,12.0,1007.6,1022.4,2339.0,1014.6,340.0,1017.7,10.6,9.6,1100.0,2.3,14.31,,,,,,1.8,0.1,16.1,6.6,15.9,15.7,15.7,16.1,17.5,19.0,20.7,21.1,20.0,2.9,4.2,,,,2024,11,44,307,0,0,1,0
108,서울,2024-11-03,17.6,13.0,655,23.5,1347,,,,,0.15,0.0,8.5,180.0,1506.0,4.3,200.0,1506.0,2.4,2089.0,50.0,12.1,47,1338,71.1,14.2,1010.7,1023.1,813.0,1018.9,2356.0,1020.8,10.6,8.2,1200.0,2.28,13.13,,,,,,2.5,2.5,16.1,8.0,16.1,16.0,15.9,16.4,17.6,18.8,20.6,21.0,20.0,2.6,3.7,0.1,{비}2050-2059.,,2024,11,44,308,0,0,1,0
108,서울,2024-11-04,14.8,8.9,2354,18.3,1228,,,,,0.5,0.1,11.1,180.0,132.0,5.5,290.0,1528.0,2.9,2522.0,320.0,7.0,32,1224,62.0,10.8,1009.9,1023.2,2343.0,1017.7,551.0,1020.1,10.5,6.7,1200.0,2.04,11.74,,,,,,5.3,2.0,15.8,4.2,16.3,16.3,16.5,16.8,17.8,18.8,20.5,21.0,20.0,2.7,3.8,,{비}0150-0220.,,2024,11,45,309,0,0,1,0
108,서울,2024-11-05,9.1,5.6,737,14.7,1423,,,,,,,7.9,290.0,1531.0,5.1,290.0,1540.0,2.1,1841.0,270.0,-1.3,28,1831,49.8,5.7,1011.7,1024.0,2328.0,1019.5,1428.0,1022.2,10.5,8.8,1200.0,2.24,13.47,,,,,,2.8,0.0,10.3,-1.8,12.7,12.8,14.5,15.6,17.5,18.8,20.4,20.9,20.0,2.7,3.8,,,,2024,11,45,310,0,0,0,0
108,서울,2024-11-06,7.5,4.1,628,12.5,1430,,,,,,,8.5,290.0,1055.0,4.9,320.0,1028.0,2.5,2152.0,270.0,-3.6,29,1248,46.1,4.7,1015.7,1028.8,2242.0,1023.9,4.0,1026.2,10.5,9.7,1200.0,2.38,14.98,,,,,,0.0,0.0,8.1,-3.3,10.4,10.5,12.4,13.9,16.5,18.6,20.3,20.8,20.0,2.7,3.9,,,,2024,11,45,311,0,0,0,0
108,서울,2024-11-07,7.8,1.6,707,15.7,1515,,,,,,,4.7,230.0,1326.0,2.7,50.0,647.0,1.5,1275.0,20.0,-3.0,27,1530,48.1,4.9,1019.1,1031.4,830.0,1028.2,1524.0,1029.7,10.4,9.7,1200.0,2.3,14.42,,,,,,0.0,0.0,7.8,-5.2,9.5,9.5,11.1,12.5,15.5,18.4,20.3,20.8,20.0,2.6,3.6,,,,2024,11,45,312,0,0,0,0
108,서울,2024-11-08,10.2,3.1,629,18.1,1501,,,,,,,4.2,110.0,1031.0,2.7,290.0,1659.0,1.5,1268.0,50.0,0.1,33,1523,50.8,6.2,1017.3,1030.1,14.0,1025.7,1434.0,1027.8,10.4,9.6,1200.0,2.25,13.87,,,,,,0.8,0.1,8.9,-3.4,9.8,9.7,10.9,12.1,14.7,18.0,20.1,20.7,20.0,2.6,3.6,,,,2024,11,45,313,0,0,1,0
108,서울,2024-11-09,12.9,6.8,607,20.3,1436,,,,,,,3.6,50.0,949.0,2.4,270.0,1852.0,1.4,1203.0,20.0,3.9,34,1606,55.8,8.1,1015.8,1028.2,818.0,1024.5,1621.0,1026.1,10.3,8.9,1200.0,2.2,13.18,,,,,,2.0,0.0,11.1,0.5,11.1,11.0,11.4,12.3,14.4,17.6,19.9,20.7,20.0,2.4,3.4,,,,2024,11,45,314,0,0,1,0
108,서울,2024-11-10,14.4,10.3,536,21.0,1520,,,,,,,6.2,290.0,2034.0,3.1,320.0,1959.0,1.8,1515.0,50.0,7.4,45,1454,64.0,10.3,1011.5,1025.1,1.0,1019.2,1440.0,1021.7,10.3,6.8,1300.0,2.05,11.42,,,,,,3.9,0.9,13.1,5.3,12.6,12.5,12.6,13.1,14.5,17.3,19.8,20.6,20.0,2.2,3.2,,,,2024,11,45,315,0,0,1,0
108,서울,2024-11-11,14.6,9.7,743,21.8,1430,,,,,,,5.0,90.0,1122.0,3.1,250.0,2007.0,1.2,1042.0,270.0,7.5,35,1552,64.5,10.3,1009.2,1022.0,906.0,1016.8,1615.0,1019.5,10.3,9.3,1200.0,2.12,12.95,,,,,,1.8,1.3,13.0,3.8,12.9,12.8,13.0,13.6,14.8,17.1,19.6,20.6,20.0,2.5,3.5,,{연무}2205-{연무}{강도0}2400-,,2024,11,46,316,0,0,1,0
108,서울,2024-11-12,14.3,11.0,2359,19.2,1520,,,,,,,6.9,250.0,1500.0,4.2,290.0,1128.0,2.2,1912.0,270.0,7.9,44,1210,66.8,10.6,1008.9,1021.2,2355.0,1017.5,1442.0,1019.2,10.3,9.3,1100.0,2.13,13.02,,,,,,2.4,2.3,13.5,3.0,13.5,13.4,13.5,14.0,15.0,17.0,19.4,20.5,20.0,2.5,3.5,,-{연무}-{연무}{강도0}0300-0340.,,2024,11,46,317,0,0,1,0
108,서울,2024-11-13,14.2,8.3,711,21.3,1433,,,,,,,7.5,110.0,1200.0,3.6,50.0,1022.0,1.7,1500.0,20.0,6.8,41,1513,62.9,9.9,1011.5,1023.4,831.0,1020.2,1422.0,1021.8,10.2,8.6,1200.0,2.07,12.26,,,,,,2.4,1.8,12.1,2.1,12.6,12.6,13.0,13.7,15.1,16.9,19.2,20.5,20.0,2.4,3.5,,,,2024,11,46,318,0,0,1,0
108,서울,2024-11-14,14.8,13.2,419,16.8,1434,,,,,4.0,0.1,4.9,50.0,1658.0,3.1,70.0,1650.0,1.8,1596.0,50.0,9.0,61,1241,68.4,11.5,1009.6,1021.9,142.0,1017.7,2356.0,1019.8,10.2,0.0,1100.0,0.66,3.57,,,,,,8.5,5.0,13.2,8.6,13.5,13.6,13.5,14.0,15.1,16.9,19.1,20.4,20.0,1.1,1.6,0.1,{비}1020-1120. {비}1615-{비}{강도0}1800-1915. {달코로나}1910-1925.,,2024,11,46,319,0,0,1,0
108,서울,2024-11-15,17.0,13.7,109,21.5,1550,,,,,0.75,0.0,5.4,90.0,1721.0,3.0,140.0,1054.0,1.8,1519.0,110.0,10.1,48,1640,65.1,12.4,1008.0,1019.4,828.0,1016.1,1508.0,1018.1,10.2,5.5,1200.0,2.28,9.84,,,,,,6.8,6.1,16.2,8.7,14.9,14.7,13.8,14.0,15.3,16.8,19.0,20.4,20.0,2.0,2.9,,{비}0810-0855.,,2024,11,46,320,0,0,1,0
108,서울,2024-11-16,17.0,14.4,2358,22.6,1316,,,,,5.92,6.5,9.3,200.0,1519.0,5.1,230.0,1522.0,2.6,2242.0,250.0,11.6,46,1239,72.5,13.8,1005.4,1018.5,337.0,1012.9,1402.0,1015.5,10.1,,,,,,,,,,7.5,6.6,15.2,8.8,15.6,15.3,14.1,14.1,15.8,16.8,18.9,20.3,20.0,1.3,1.8,6.5,{비}1425-{비}{강도0}1500-{비}{강도0}1800-1940. {박무}1535-{박무}{강도2}1800-{박무}{강도0}2100-2335. {비}2010-2050.,,2024,11,46,321,0,0,1,1
108,서울,2024-11-17,7.0,2.1,2400,14.4,1,,,,,,,10.0,290.0,1738.0,5.2,290.0,400.0,3.6,3126.0,290.0,-3.9,31,1750,47.6,5.1,1013.1,1030.2,2347.0,1015.3,6.0,1023.7,10.1,4.1,1300.0,2.06,8.47,,,,,,5.0,2.8,8.2,-3.5,12.1,12.2,13.2,14.0,16.1,16.9,18.8,20.2,20.0,2.3,3.3,,,,2024,11,46,322,0,0,0,0
108,서울,2024-11-18,2.8,-0.7,721,7.9,1456,,,,,,,10.4,340.0,914.0,5.7,320.0,920.0,2.3,1997.0,320.0,-12.9,21,1354,30.9,2.3,1021.6,1034.3,825.0,1030.1,1.0,1032.5,10.1,9.3,1200.0,2.25,13.68,,,,,,0.6,0.0,2.9,-7.4,7.1,7.4,10.3,12.2,14.9,16.9,18.8,20.2,20.0,2.5,3.5,,,,2024,11,47,323,0,0,0,0
108,서울,2024-11-19,5.7,0.3,1,11.3,1418,,,,,,,5.3,50.0,921.0,3.4,50.0,845.0,2.0,1744.0,50.0,-4.2,39,1404,49.5,4.5,1018.9,1033.4,138.0,1026.7,2339.0,1029.6,10.1,7.4,1100.0,1.87,9.9,,,,,,4.8,1.6,4.1,-6.0,6.8,6.8,8.7,10.4,13.5,16.7,18.7,20.1,20.0,1.6,2.3,,,,2024,11,47,324,0,0,0,0
108,서울,2024-11-20,6.5,2.4,445,9.6,1206,,,,,,,4.5,180.0,1530.0,2.8,200.0,1608.0,1.3,1122.0,50.0,0.4,49,1157,65.8,6.4,1013.4,1026.8,1.0,1022.1,2348.0,1024.1,10.0,0.3,1100.0,1.21,3.75,,,,,,7.6,7.4,5.2,-4.0,7.4,7.5,8.7,10.0,12.8,16.3,18.6,20.0,20.0,0.9,1.2,0.0,{연무}2010-{연무}{강도0}2100-2235. {박무}2230-{박무}{강도0}2400-,,2024,11,47,325,0,0,0,0
108,서울,2024-11-21,9.7,6.0,631,14.1,1319,,,,,1.83,0.0,9.0,270.0,2302.0,4.3,290.0,2305.0,2.2,1861.0,50.0,4.7,54,2351,71.9,8.6,1009.0,1022.1,1.0,1017.5,1552.0,1019.4,10.0,3.2,1100.0,1.49,6.57,,,,,,4.8,4.4,8.6,0.1,9.1,9.1,9.4,10.3,12.5,15.9,18.5,20.0,20.0,1.4,2.1,0.0,{비}0055-0115. {비}0240-{비}{강도0}0300-0320. -{박무}-{박무}{강도0}0300-{박무}{강도0}0600-{박무}{강도0}0900-{박무}{강도0}1200-1210. {연무}1205-{연무}{강도0}1500-1515. {비}1350-1440. {연무}1810-1950. {연무}2120-2240.,,2024,11,47,326,0,0,0,0
108,서울,2024-11-22,6.2,3.3,801,10.6,1451,,,,,,,7.4,290.0,1103.0,4.2,320.0,1112.0,2.2,1912.0,270.0,-4.3,33,1426,48.0,4.5,1012.6,1026.1,2221.0,1019.5,1.0,1023.2,10.0,9.2,1200.0,2.1,12.57,,,,,,0.0,0.0,5.4,-5.3,7.9,8.0,9.4,10.5,12.6,15.6,18.3,19.9,20.0,2.3,3.3,,,,2024,11,47,327,0,0,0,0
108,서울,2024-11-23,6.4,1.5,711,12.6,1425,,,,,,,6.5,50.0,1226.0,3.4,70.0,1229.0,1.7,1511.0,50.0,-4.2,35,1327,47.1,4.5,1016.9,1029.0,1010.0,1025.7,111.0,1027.6,10.0,9.2,1200.0,1.99,11.87,,,,,,1.4,0.3,4.0,-5.8,6.5,6.5,8.2,9.6,12.1,15.4,18.1,19.9,19.9,2.1,3.0,,,,2024,11,47,328,0,0,0,0
108,서울,2024-11-24,7.4,2.6,729,14.2,1529,,,,,,,5.2,290.0,1652.0,3.4,320.0,1736.0,1.6,1401.0,70.0,-0.5,37,1541,58.4,5.9,1018.5,1030.6,1012.0,1027.0,1446.0,1029.1,9.9,9.1,1200.0,2.03,11.89,,,,,,1.1,0.0,5.5,-3.4,6.9,6.9,8.0,9.1,11.5,15.1,17.9,19.8,19.9,1.9,2.8,,,,2024,11,47,329,0,0,0,0
108,서울,2024-11-25,10.1,3.6,459,15.4,1412,,,,,0.42,0.0,9.4,110.0,2248.0,4.4,70.0,1714.0,2.5,2174.0,70.0,1.9,47,1406,57.6,7.1,1012.4,1029.7,37.0,1013.4,2352.0,1022.8,9.9,6.8,1200.0,1.84,9.9,,,,,,5.8,2.0,7.1,-2.8,7.8,7.6,7.7,8.7,11.3,14.8,17.7,19.7,19.9,2.0,2.9,16.0,{비}2335-{비}{강도0}2400-,,2024,11,48,330,0,0,1,0
108,서울,2024-11-26,5.8,1.0,2348,12.7,1,,,,,21.67,26.0,14.1,270.0,1143.0,8.1,270.0,1150.0,3.4,2922.0,270.0,3.6,54,25,86.4,8.1,1000.9,1013.5,1932.0,1007.7,452.0,1011.4,9.9,0.9,1100.0,0.99,4.35,0.9,2355.0,0.9,2355.0,0.9,9.6,7.1,6.7,0.1,8.7,8.7,8.9,9.6,11.5,14.6,17.5,19.7,19.9,0.7,0.9,26.3,{박무}0205-{박무}{강도0}0300-{박무}{강도0}0600-0615. -{비}-{비}{강도1}0300-{비}{강도1}0600-0835. {비}1015-{비}{강도0}1200-1255. {비}1335-{비}{강도0}1500-{비}{강도0}1800-{진눈깨비}2055-{진눈깨비}{강도0}2100-{눈}2320-{눈}{강도0}2400- {박무}2050-{박무}{강도0}2100-{박무}{강도1}2400-,,2024,11,48,331,0,0,0,1
108,서울,2024-11-27,-0.4,-1.3,742,1.2,48,,,,,19.17,22.4,11.5,290.0,105.0,5.6,290.0,108.0,1.4,1214.0,250.0,-1.7,78,1703,90.6,5.4,1000.5,1012.3,1.0,1009.3,1415.0,1011.2,9.9,0.3,900.0,0.15,0.82,19.3,2355.0,20.1,2355.0,23.4,9.1,8.3,1.1,-2.9,5.1,5.3,7.3,8.7,11.2,14.4,17.3,19.6,19.9,0.3,0.4,11.0,-{박무}-0005. -{진눈깨비}-{진눈깨비}0045-{눈}0055-{시정(미만)}{1km}{눈}0157-{눈}{강도1}0300-{시정(미만)}{0.5km}{눈}0316-{시정(이상)}{0.5km}{눈}0344-{시정(이상)}{1km}{눈}0348-{시정(미만)}{1km}{눈}0430-{시정(이상)}{1km}{눈}0439-{시정(미만)}{1km}{눈}0513-{눈}{강도1}0600-{시정(이상)}{1km}{눈}0618-0740. {눈}0855-{눈}{강도0}0900-{눈}{강도0}1200-{시정(미만)}{1km}{눈}1344-{시정(미만)}{0.5km}{눈}1406-{시정(이상)}{0.5km}{눈}1422-{시정(이상)}{1km}{눈}1430-1450. {눈}1605-1630. {눈}1850-{눈}{강도0}2100-{시정(미만)}{1km}{눈}2314-{시정(미만)}{0.5km}{눈}2319-{시정(이상)}{0.5km}{눈}2347-{시정(이상)}{1km}{눈}2351-{눈}{강도1}2400-,,2024,11,48,332,0,0,0,1
108,서울,2024-11-28,0.8,-1.7,2347,3.4,1307,,,,,8.83,4.9,9.1,290.0,1331.0,4.9,270.0,1241.0,1.8,1563.0,250.0,-2.0,63,1442,82.0,5.3,1000.1,1013.2,2302.0,1009.1,1401.0,1010.8,9.8,4.5,1300.0,1.99,8.16,8.5,755.0,28.6,755.0,9.6,5.4,4.4,1.2,-6.3,4.5,4.6,6.1,7.5,10.5,14.1,17.1,19.6,19.9,0.9,1.3,,-{눈}-{시정(미만)}{1km}{눈}0147-{시정(이상)}{1km}{눈}0156-{시정(미만)}{1km}{눈}0212-{시정(이상)}{1km}{눈}0225-{눈}{강도1}0300-{시정(미만)}{1km}{눈}0554-{눈}{강도1}0600-{시정(이상)}{1km}{눈}0607-0850. {박무}0840-{박무}{강도0}0900-1050.,,2024,11,48,333,0,0,0,1
108,서울,2024-11-29,0.2,-3.4,709,3.4,1306,,,,,2.58,0.0,5.7,230.0,2308.0,3.1,230.0,2315.0,1.5,1258.0,290.0,-3.6,54,1138,76.3,4.7,1002.2,1014.6,2315.0,1010.3,1442.0,1012.9,9.8,5.4,1100.0,1.89,8.35,,,12.3,1.0,,2.4,2.4,0.9,-9.0,3.6,3.7,5.4,6.8,10.0,13.8,16.9,19.5,19.9,0.9,1.3,0.0,{눈}1335-1445. {눈}1510-1550. {눈}1755-{눈}{강도0}1800-1840.,,2024,11,48,334,0,0,0,0
108,서울,2024-11-30,2.5,-0.5,637,5.6,1446,,,,,1.42,0.0,5.6,250.0,127.0,3.2,250.0,133.0,1.8,1587.0,50.0,-0.4,63,1337,81.6,6.0,1004.5,1017.0,851.0,1013.7,1443.0,1015.2,9.8,2.4,900.0,1.0,4.74,,,7.9,1.0,,4.1,4.1,1.9,-8.3,3.4,3.5,4.9,6.3,9.6,13.4,16.7,19.4,19.8,0.6,0.9,0.0,{비}1605-1640. {비}1710-1745. {비}1840-1855. {박무}2005-{박무}{강도0}2100-2150. {박무}2205-{박무}{강도0}2400-,,2024,11,48,335,0,0,0,0
108,서울,2024-12-01,5.2,1.6,444,8.2,1411,,,,,2.08,0.5,5.8,70.0,904.0,4.0,50.0,953.0,2.4,2086.0,50.0,3.4,78,1422,89.3,7.8,1004.9,1017.3,1017.0,1013.8,1722.0,1015.4,9.8,2.4,1100.0,1.58,7.01,,,5.3,1.0,,5.9,3.4,4.8,-4.7,4.8,4.8,5.3,6.4,9.1,13.0,16.4,19.4,19.8,0.8,1.1,0.5,-{박무}-{박무}{강도1}0300-{박무}{강도1}0600-{박무}{강도0}0900-{박무}{강도0}1200-{박무}{강도0}1800-1820. {비}1702-1712. {박무}1905-{박무}{강도0}2100-{박무}{강도0}2400- {비}2025-{비}{강도0}2100-2220.,,2024,12,48,336,0,0,0,0
108,서울,2024-12-02,6.4,0.6,2359,13.0,1403,,,,,0.25,0.0,9.5,290.0,1425.0,5.3,250.0,1601.0,2.2,1904.0,50.0,2.9,47,2113,79.9,7.9,1005.1,1020.8,2341.0,1012.9,1344.0,1015.6,9.8,2.3,1000.0,1.09,5.09,,,,,,2.6,2.6,5.2,-4.5,6.3,6.3,6.3,7.0,8.7,12.5,16.2,19.3,19.8,1.1,1.5,0.0,-{박무}-{박무}{강도1}0300-{박무}{강도0}0600-{박무}{강도0}0900-{박무}{강도0}1200-{박무}{강도0}1500-1510. {비}1055-1110. {연무}1505-{연무}{강도0}1800-1840.,,2024,12,49,337,0,0,0,0
108,서울,2024-12-03,1.3,-2.4,740,5.2,1438,,,,,1.08,0.0,8.3,270.0,1506.0,4.5,290.0,1320.0,2.4,2070.0,270.0,-8.9,26,1240,48.6,3.2,1012.4,1024.9,1044.0,1020.7,1.0,1023.2,9.7,8.9,1200.0,2.09,11.61,,,,,,3.0,1.5,1.1,-6.5,3.6,3.7,5.7,7.0,8.9,12.2,15.7,19.2,19.8,1.8,2.6,0.0,{눈}2255-{눈}{강도0}2400-,,2024,12,49,338,0,0,0,0
108,서울,2024-12-04,3.1,-0.6,808,6.9,1447,,,,,0.5,0.0,7.6,270.0,1345.0,4.2,250.0,1429.0,2.1,1793.0,250.0,-6.1,27,1051,52.1,3.9,1010.9,1023.9,300.0,1019.3,1755.0,1021.6,9.7,8.9,1100.0,1.91,11.12,,,,,,1.3,0.6,1.5,-8.7,3.4,3.4,5.2,6.4,8.4,12.2,15.1,19.6,18.8,1.8,2.5,,-{눈}-0030.,,2024,12,49,339,0,0,0,0
108,서울,2024-12-05,3.9,-0.1,653,8.8,1339,,,,,0.88,1.8,9.7,270.0,1350.0,5.7,270.0,1355.0,2.3,2006.0,250.0,-2.9,29,1124,62.8,5.0,1006.0,1019.6,9.0,1014.1,1538.0,1016.6,9.7,6.7,1200.0,1.98,9.89,,,,,,2.5,2.5,1.5,-7.1,3.4,3.3,4.9,6.1,8.0,12.0,14.9,19.5,18.8,1.7,2.4,1.8,{비}1605-1658.,,2024,12,49,340,0,0,0,1
108,서울,2024-12-06,2.1,-0.4,2352,5.2,1259,,,,,,,11.7,290.0,1334.0,6.7,290.0,1338.0,2.5,2149.0,320.0,-7.7,33,1428,49.3,3.5,1010.2,1024.7,2243.0,1016.7,1.0,1021.0,9.7,9.1,1200.0,2.01,11.69,,,,,,0.1,0.1,0.7,-6.8,3.0,3.0,4.8,5.9,7.8,11.7,14.7,19.4,18.8,1.8,2.6,,,,2024,12,49,341,0,0,0,0
108,서울,2024-12-07,0.2,-2.5,640,4.6,1343,,,,,,,9.6,320.0,2310.0,5.0,290.0,1443.0,2.5,2189.0,270.0,-7.5,40,1439,56.9,3.5,1012.9,1025.0,940.0,1022.3,1501.0,1023.8,9.7,7.2,1200.0,1.99,10.86,,,,,,0.9,0.9,-0.3,-8.8,1.9,2.0,4.0,5.3,7.4,11.5,14.5,19.3,18.8,1.5,2.2,,,,2024,12,49,342,0,0,0,0
108,서울,2024-12-08,-0.2,-3.9,644,4.1,1451,,,,,,,8.2,270.0,1653.0,4.8,270.0,1654.0,2.2,1929.0,270.0,-10.8,27,1453,46.5,2.7,1015.2,1027.9,959.0,1024.0,1.0,1026.1,9.7,9.1,1200.0,2.01,11.62,,,,,,0.0,0.0,-1.3,-9.6,1.2,1.3,3.2,4.6,6.9,11.2,14.3,19.2,18.7,1.7,2.4,,,,2024,12,49,343,0,0,0,0
108,서울,2024-12-09,1.0,-3.8,622,7.4,1420,,,,,,,5.0,270.0,1453.0,3.5,250.0,1541.0,1.6,1352.0,270.0,-6.9,38,1317,56.1,3.7,1013.8,1026.8,1000.0,1022.5,1903.0,1024.6,9.7,8.3,1200.0,1.89,10.61,,,,,,0.8,0.3,-0.9,-10.3,0.8,0.8,2.8,4.2,6.5,10.9,14.1,19.1,18.7,1.4,2.0,,,,2024,12,50,344,0,0,0,0
108,서울,2024-12-10,2.6,-1.9,754,6.9,1513,,,,,,,9.0,290.0,1326.0,4.7,290.0,1330.0,1.9,1650.0,290.0,-5.0,39,1324,58.9,4.2,1012.8,1025.2,900.0,1021.6,1525.0,1023.5,9.6,8.4,1200.0,1.9,10.52,,,,,,3.9,0.0,-0.2,-10.4,1.0,0.9,2.7,3.9,6.1,10.6,13.8,19.0,18.7,1.6,2.2,,{햇무리}1555-1645.,,2024,12,50,345,0,0,0,0
108,서울,2024-12-11,3.0,0.2,2357,8.2,1450,,,,,,,5.7,270.0,2303.0,3.3,290.0,2021.0,1.6,1399.0,270.0,-6.4,37,1418,50.3,3.8,1011.7,1024.3,2345.0,1020.3,1413.0,1022.5,9.6,6.9,1300.0,1.66,8.65,,,,,,4.6,0.9,1.3,-6.5,1.8,1.6,2.9,4.0,6.0,10.3,13.6,18.9,18.7,1.5,2.1,,,,2024,12,50,346,0,0,0,0
108,서울,2024-12-12,0.5,-3.2,719,5.4,1331,,,,,,,7.3,320.0,2345.0,4.9,320.0,2346.0,2.1,1811.0,270.0,-10.3,27,1555,45.8,2.8,1013.7,1026.7,918.0,1023.3,2203.0,1024.5,9.6,6.7,1200.0,1.95,10.06,,,,,,4.5,1.6,-0.7,-10.8,1.2,1.3,3.0,4.1,6.0,10.1,13.4,18.8,18.7,1.7,2.4,,,,2024,12,50,347,0,0,0,0
108,서울,2024-12-13,1.0,-1.5,2350,4.5,1439,,,,,,,9.5,290.0,2055.0,5.0,270.0,2104.0,2.2,1922.0,270.0,-10.5,30,1344,42.1,2.8,1011.2,1024.4,37.0,1019.5,1456.0,1022.0,9.6,5.2,1200.0,1.29,7.14,,,,,,5.0,2.6,0.2,-8.5,1.5,1.4,2.8,3.9,5.8,9.9,13.2,18.7,18.6,1.4,2.0,,,,2024,12,50,348,0,0,0,0
108,서울,2024-12-14,-0.8,-3.6,749,2.5,1525,,,,,,,8.3,270.0,1538.0,4.5,320.0,1103.0,2.2,1862.0,270.0,-9.8,37,1418,51.0,2.9,1013.7,1027.6,958.0,1022.5,2342.0,1024.7,9.6,9.0,1200.0,1.93,11.11,,,,,,1.3,1.3,-1.6,-10.3,0.7,0.8,2.6,3.7,5.6,9.7,13.0,18.6,18.6,1.4,2.0,0.0,,,2024,12,50,349,0,0,0,0
108,서울,2024-12-15,1.2,-2.2,2355,5.4,1315,,,,,0.33,0.0,11.3,340.0,1426.0,5.6,290.0,1433.0,2.4,2080.0,250.0,-7.3,33,1925,54.1,3.6,1009.9,1023.1,2158.0,1018.5,1408.0,1020.7,9.6,6.0,1200.0,1.92,8.76,,,,,,2.8,2.8,-0.1,-9.9,0.8,0.7,2.3,3.4,5.4,9.5,12.8,18.5,18.6,1.4,2.1,0.0,{눈}0450-0505. {눈}1043-1048.,,2024,12,50,350,0,0,0,0
108,서울,2024-12-16,-0.2,-3.3,548,3.9,1238,,,,,4.75,0.0,6.6,290.0,1219.0,3.8,290.0,1225.0,1.2,999.0,270.0,-6.0,39,1135,65.9,4.0,1011.2,1023.7,2328.0,1020.3,1426.0,1022.0,9.6,3.8,1000.0,1.37,5.61,,,,,,3.1,3.1,-1.7,-11.0,0.4,0.4,2.1,3.3,5.2,9.3,12.6,18.4,18.6,0.8,1.1,0.0,{눈}1220-{눈}{강도0}1500-1705.,,2024,12,51,351,0,0,0,0
108,서울,2024-12-17,-0.8,-3.5,2353,3.8,1548,,,,,,,8.3,320.0,2208.0,4.7,320.0,2214.0,2.2,1941.0,270.0,-9.7,34,1224,51.8,2.9,1014.1,1026.6,2301.0,1023.6,126.0,1025.0,9.6,6.2,1100.0,1.51,8.26,,,,,,1.1,1.1,-1.8,-12.0,0.2,0.2,1.9,3.0,5.0,9.2,12.4,18.3,18.6,1.3,1.9,,,,2024,12,51,352,0,0,0,0
108,서울,2024-12-18,-3.4,-6.2,739,0.9,1520,,,,,,,6.2,290.0,1429.0,3.9,320.0,2003.0,2.2,1910.0,270.0,-13.2,33,1514,47.1,2.2,1015.8,1029.6,2313.0,1024.6,1439.0,1026.9,9.6,9.0,1200.0,1.97,11.38,,,,,,0.0,0.0,-3.3,-13.5,-0.1,-0.1,1.7,2.8,4.7,9.0,12.2,18.2,18.5,1.4,2.0,,,,2024,12,51,353,0,0,0,0
108,서울,2024-12-19,-1.4,-6.7,752,4.9,1451,,,,,,,4.6,200.0,1154.0,3.0,200.0,1157.0,1.5,1320.0,270.0,-11.5,28,1527,47.4,2.6,1018.2,1031.9,834.0,1026.8,2350.0,1029.2,9.6,8.2,1200.0,1.88,10.53,,,,,,3.3,0.0,-2.7,-13.9,-0.3,-0.5,1.3,2.5,4.5,8.8,12.0,18.1,18.5,1.5,2.1,,,,2024,12,51,354,0,0,0,0
108,서울,2024-12-20,1.4,-2.1,436,5.3,1425,,,,,4.07,0.4,5.1,180.0,1737.0,3.0,50.0,1211.0,2.0,1701.0,50.0,-5.5,48,1225,60.9,4.2,1011.0,1026.9,17.0,1017.6,2400.0,1021.8,9.6,1.4,1200.0,1.24,4.9,0.5,2355.0,0.5,2355.0,0.5,9.1,6.5,-0.9,-8.7,-0.2,-0.4,1.0,2.2,4.3,8.6,11.9,18.0,18.5,0.8,1.2,3.3,{눈}1956-{눈}{강도0}2100-{싸락눈}2135-{눈}2145-{눈}{강도0}2400-,,2024,12,51,355,0,0,0,0
108,서울,2024-12-21,-0.7,-4.7,2335,1.9,453,,,,,6.25,2.9,9.4,320.0,1354.0,5.4,290.0,1515.0,2.8,2436.0,270.0,-4.9,55,2315,74.1,4.4,1008.3,1024.1,2344.0,1014.9,458.0,1019.2,9.6,2.0,1100.0,1.24,4.03,2.4,735.0,2.7,735.0,2.7,5.3,5.3,-0.4,-8.9,-0.1,-0.3,0.7,1.8,4.2,8.4,11.7,17.9,18.5,0.7,1.0,,-{눈}-0010. {눈}0225-{시정(미만)}{1km}{눈}0246-{시정(미만)}{0.5km}{눈}0249-{시정(이상)}{0.5km}{눈}{강도1}0300-{시정(이상)}{1km}{눈}0314-{진눈깨비}0510-{눈}0530-{눈}{강도0}0600-0830. {박무}0815-{박무}{강도1}0900-{박무}{강도0}1200-1220. {연무}1215-{연무}{강도0}1500-{연무}{강도0}1800-1850.,,2024,12,51,356,0,0,0,1
108,서울,2024-12-22,-3.4,-7.7,806,1.0,1540,,,,,,,8.8,290.0,1344.0,4.9,320.0,1445.0,2.1,1797.0,290.0,-11.7,36,1342,52.9,2.5,1016.3,1029.7,1039.0,1024.0,23.0,1027.3,9.6,9.0,1200.0,1.98,11.47,,,1.4,1.0,,0.0,0.0,-2.5,-13.1,-0.2,-0.3,1.1,2.1,4.1,8.2,11.5,17.8,18.4,1.3,1.8,,,,2024,12,51,357,0,0,0,0
108,서울,2024-12-23,0.3,-5.0,706,6.7,1442,,,,,,,7.9,340.0,2236.0,4.5,250.0,1424.0,2.2,1890.0,50.0,-7.0,38,1430,58.5,3.6,1015.3,1028.1,227.0,1023.6,1440.0,1026.1,9.6,7.3,1200.0,1.91,10.29,,,0.7,1.0,,0.9,0.9,-1.2,-11.9,-0.3,-0.4,1.1,2.2,4.0,8.0,11.3,17.7,18.4,1.5,2.1,,,,2024,12,52,358,0,0,0,0
108,서울,2024-12-24,-0.4,-4.3,725,5.1,1524,,,,,,,5.4,290.0,1229.0,3.4,290.0,1234.0,1.4,1184.0,270.0,-9.8,31,1438,50.3,2.9,1016.9,1028.8,956.0,1026.8,1.0,1027.8,9.6,9.0,1200.0,1.94,11.06,,,,,,2.1,0.9,-1.8,-12.0,-0.3,-0.4,1.1,2.1,3.9,7.9,11.2,17.6,18.4,1.5,2.1,,,,2024,12,52,359,0,0,0,0
108,서울,2024-12-25,2.7,-1.1,449,6.5,1424,,,,,0.5,0.1,6.7,180.0,1433.0,3.8,230.0,1549.0,2.0,1692.0,50.0,-3.6,51,37,63.1,4.8,1013.9,1028.2,219.0,1021.7,2202.0,1024.6,9.6,3.0,1300.0,1.39,6.46,,,,,,8.3,4.1,-0.2,-7.0,-0.2,-0.3,1.0,2.1,3.9,7.7,11.0,17.5,18.3,1.1,1.5,0.1,{비}1950-1955. {비}2215-2240. {박무}2315-{박무}{강도0}2400-,,2024,12,52,360,0,0,0,0
108,서울,2024-12-26,0.1,-4.8,2356,4.2,1,,,,,0.25,0.0,11.4,320.0,2034.0,5.6,270.0,1012.0,3.4,2901.0,270.0,-7.4,37,1331,57.9,3.7,1013.6,1027.7,2247.0,1021.7,107.0,1024.5,9.6,8.6,1200.0,1.98,11.1,,,,,,0.8,0.8,-0.5,-9.7,-0.1,-0.2,1.1,2.0,3.8,7.6,10.8,17.4,18.3,1.6,2.3,,-{박무}-{박무}{강도0}0300-{박무}{강도0}0600-0705. {비}0355-0410. {연무}0701-{연무}{강도0}0900-0905.,,2024,12,52,361,0,0,0,0
108,서울,2024-12-27,-2.6,-5.9,736,1.8,1403,,,,,2.0,0.0,10.4,290.0,2227.0,5.8,320.0,2221.0,2.7,2309.0,270.0,-11.4,35,1327,51.4,2.6,1014.8,1028.7,756.0,1023.2,1643.0,1025.8,9.6,7.3,1100.0,1.78,9.29,,,,,,2.3,2.0,-2.7,-12.2,-0.2,-0.4,1.0,2.0,3.7,7.5,10.7,17.3,18.2,1.3,1.8,0.0,{눈}2020-{눈}{강도0}2100-2220.,,2024,12,52,362,0,0,0,0
108,서울,2024-12-28,-3.0,-6.7,821,1.1,1508,,,,,,,9.9,290.0,1333.0,5.8,290.0,1338.0,2.5,2118.0,270.0,-12.5,37,1411,48.3,2.4,1013.1,1025.7,953.0,1022.6,1505.0,1024.1,9.6,8.3,1200.0,1.96,11.01,,,,,,1.1,1.1,-3.3,-12.0,-0.5,-0.6,0.9,1.9,3.6,7.4,10.5,17.2,18.2,1.3,1.9,,,,2024,12,52,363,0,0,0,0
108,서울,2024-12-29,1.1,-4.2,808,6.1,1417,,,,,,,5.0,180.0,1248.0,2.8,250.0,1307.0,1.5,1318.0,270.0,-6.9,35,1256,56.1,3.7,1013.5,1027.0,1017.0,1021.6,2338.0,1024.3,9.6,6.5,1200.0,1.9,9.49,,,,,,5.1,4.8,-1.0,-11.6,-0.5,-0.6,0.7,1.7,3.5,7.2,10.4,17.0,18.2,1.3,1.8,,,,2024,12,52,364,0,0,0,0
108,서울,2024-12-30,5.5,1.9,26,10.1,1234,,,,,0.25,0.0,12.0,230.0,1408.0,6.9,230.0,1423.0,2.3,2019.0,50.0,0.1,52,1402,68.5,6.2,1007.3,1021.6,1.0,1015.7,1941.0,1017.9,9.6,2.6,1200.0,1.58,6.29,,,,,,7.4,6.5,0.7,-4.2,-0.1,-0.3,0.7,1.7,3.4,7.1,10.3,16.9,18.1,1.4,2.0,0.0,{연무}2140-2355. {비}2345-{비}{강도0}2400- {박무}2350-{박무}{강도0}2400-,,2024,12,1,365,0,0,0,0
108,서울,2024-12-31,0.6,-2.0,821,4.9,4,,,,,0.33,0.0,9.6,290.0,321.0,5.0,270.0,327.0,2.6,2265.0,270.0,-10.0,28,1512,45.8,2.9,1010.1,1022.7,2304.0,1015.8,1.0,1021.0,9.6,9.0,1200.0,1.98,11.57,,,,,,0.0,0.0,-0.3,-9.4,-0.2,-0.3,0.8,1.7,3.4,7.0,10.1,16.8,18.1,1.6,2.4,,-{비}-0020. {연무}0050-0110. -{박무}-0055.,,2024,12,1,366,0,0,0,0
108,서울,2025-01-01,2.6,-2.5,441,8.9,1540,,,,,,,9.7,290.0,1417.0,5.1,250.0,1519.0,2.2,1861.0,250.0,-3.6,49,1543,64.3,4.8,1011.0,1023.1,2359.0,1020.0,1446.0,1021.8,9.6,5.6,1200.0,1.73,8.55,,,,,,2.6,2.6,-0.2,-9.5,-0.2,-0.3,0.9,1.7,3.4,6.9,10.0,16.7,18.1,1.3,1.9,,,,2025,1,1,1,0,0,0,0
108,서울,2025-01-02,0.5,-2.9,804,6.0,1507,,,,,,,9.6,290.0,2247.0,4.9,320.0,2254.0,2.1,1816.0,270.0,-9.9,24,1404,48.8,3.0,1013.8,1026.1,2342.0,1023.1,1.0,1024.7,9.6,9.0,1200.0,1.97,11.03,,,,,,0.8,0.0,-0.7,-11.1,-0.2,-0.3,0.8,1.6,3.4,6.8,9.9,16.6,18.0,1.9,2.6,,,,2025,1,1,2,0,0,0,0
108,서울,2025-01-03,-1.1,-5.1,522,3.2,1551,,,,,0.5,0.0,8.6,320.0,2338.0,4.6,320.0,2331.0,2.2,1929.0,270.0,-10.1,27,1208,52.0,2.9,1014.9,1027.5,1010.0,1024.4,1648.0,1025.9,9.7,7.7,1200.0,1.75,9.9,,,,,,3.1,3.1,-2.3,-13.0,-0.2,-0.3,0.9,1.7,3.3,6.7,9.8,16.5,18.0,1.3,1.9,0.0,{눈}2052-{눈}{강도0}2100-2122.,,2025,1,1,3,0,0,0,0
108,서울,2025-01-04,-0.1,-5.4,752,5.7,1503,,,,,,,5.9,250.0,24.0,3.5,320.0,2.0,1.7,1438.0,50.0,-9.9,26,1448,49.6,2.9,1015.3,1027.7,915.0,1024.1,2356.0,1026.2,9.7,7.9,1200.0,1.97,11.03,,,,,,1.4,1.4,-1.5,-12.2,-0.3,-0.4,0.7,1.5,3.2,6.7,9.7,16.4,18.0,1.6,2.3,4.4,,,2025,1,1,4,0,0,0,0
108,서울,2025-01-05,1.2,-0.7,109,2.5,2353,,,,,9.0,6.7,5.4,20.0,943.0,3.5,50.0,613.0,2.5,2150.0,50.0,-1.2,56,1,85.0,5.7,1008.4,1024.2,1.0,1016.3,2352.0,1019.2,9.7,0.0,1400.0,0.33,1.03,6.4,1240.0,6.4,1240.0,6.4,9.4,8.5,-0.7,-6.8,-0.1,-0.3,0.8,1.6,3.2,6.6,9.6,16.3,17.9,0.3,0.4,5.3,{눈}0255-{눈}{강도0}0300-0335. {눈}0525-{눈}{강도0}0600-{시정(미만)}{1km}{눈}0740-{시정(이상)}{1km}{눈}0855-{눈}{강도1}0900-{눈}{강도0}1200-1345. -{박무}-{박무}1340-{박무}{강도1}1500-{박무}{강도0}1800-{박무}{강도0}2100-{박무}{강도0}2400-,,2025,1,1,5,0,0,0,1
108,서울,2025-01-06,1.0,-3.0,2336,3.4,1323,,,,,3.03,3.0,10.9,340.0,155.0,5.3,270.0,1415.0,2.8,2437.0,290.0,-3.0,56,2133,75.6,5.1,1005.7,1019.9,2224.0,1014.0,436.0,1016.5,9.7,2.3,1200.0,1.59,6.09,,,3.9,1.0,,6.3,6.1,-0.3,-6.0,-0.1,-0.3,0.6,1.4,3.2,6.5,9.5,16.2,17.9,1.0,1.5,0.0,{비}0218-{비}{강도0}0300-0420. -{박무}-{박무}{강도1}0300-{박무}{강도2}0600-{박무}{강도2}0900-{박무}{강도0}1200-1235. {비}0830-0855. {진눈깨비}0945-1020. {연무}1230-{연무}{강도0}1500-{연무}{강도0}1800-1930.,,2025,1,2,6,0,0,0,1
108,서울,2025-01-07,-2.6,-5.7,800,1.5,1437,,,,,1.0,0.1,10.1,270.0,1537.0,6.2,290.0,1541.0,2.7,2329.0,270.0,-10.9,37,1152,53.5,2.7,1007.5,1019.7,1.0,1015.8,1432.0,1018.5,9.7,7.0,1200.0,1.98,10.13,0.4,1840.0,0.4,1840.0,0.4,2.0,2.0,-1.7,-11.7,-0.1,-0.3,0.5,1.2,3.1,6.4,9.4,16.1,17.9,1.2,1.8,0.1,{눈}1740-{눈}{강도0}1800-1840.,,2025,1,2,7,0,0,0,0
108,서울,2025-01-08,-3.4,-6.1,2344,0.2,1452,,,,,1.25,0.0,10.7,270.0,1620.0,6.0,250.0,1553.0,2.7,2321.0,270.0,-11.2,41,1649,55.1,2.6,1009.3,1023.0,2336.0,1018.3,1456.0,1020.3,9.7,4.9,1100.0,1.58,8.02,,,0.2,1.0,,3.6,3.6,-2.4,-11.9,-0.5,-0.5,0.4,1.2,3.0,6.3,9.3,16.0,17.8,1.3,1.9,0.0,{눈}2245-{눈}{강도0}2400-,,2025,1,2,8,0,0,0,0
108,서울,2025-01-09,-9.7,-11.6,2322,-6.1,1,,,,,0.25,0.0,14.1,340.0,1326.0,7.6,290.0,1255.0,4.2,3587.0,270.0,-21.3,31,1409,38.4,1.1,1015.1,1030.9,2343.0,1023.1,1.0,1026.4,9.8,8.5,1200.0,2.12,12.36,,,,,,0.1,0.1,-5.3,-16.4,-1.5,-1.6,0.4,1.2,2.9,6.2,9.2,15.9,17.8,1.1,1.6,,-{눈}-0015.,,2025,1,2,9,0,0,0,0
108,서울,2025-01-10,-7.3,-12.2,721,-1.7,1553,,,,,,,4.9,200.0,1444.0,3.0,340.0,411.0,1.6,1376.0,320.0,-16.5,36,1459,48.0,1.7,1020.6,1033.6,942.0,1030.4,1443.0,1031.9,9.8,9.2,1200.0,2.06,12.17,,,,,,1.5,1.5,-4.8,-17.1,-2.4,-2.5,-0.1,0.9,2.7,6.2,9.1,15.8,17.7,1.1,1.5,,,,2025,1,2,10,0,0,0,0
108,서울,2025-01-11,-5.1,-9.5,752,0.4,1502,,,,,,,6.9,180.0,1455.0,3.6,200.0,1455.0,1.7,1474.0,270.0,-12.5,35,1505,57.4,2.3,1017.7,1031.6,1.0,1026.4,2400.0,1028.8,9.8,9.1,1200.0,1.99,11.74,,,,,,0.0,0.0,-4.1,-15.0,-2.4,-2.4,-0.3,0.8,2.6,6.0,9.0,15.7,17.7,1.2,1.7,,,,2025,1,2,11,0,0,0,0
108,서울,2025-01-12,-3.4,-8.2,748,2.5,1411,,,,,,,5.4,290.0,1419.0,3.4,320.0,1529.0,1.8,1533.0,20.0,-10.3,36,1323,59.9,2.8,1013.6,1026.5,1.0,1022.2,1428.0,1024.6,9.8,7.7,1200.0,1.88,9.9,,,,,,0.8,0.8,-4.0,-14.6,-2.1,-2.3,-0.5,0.6,2.4,5.9,8.9,15.6,17.6,1.1,1.6,0.0,,,2025,1,2,12,0,0,0,0
108,서울,2025-01-13,-0.4,-5.6,555,4.1,1330,,,,,7.42,1.3,6.8,200.0,1622.0,4.0,200.0,1500.0,1.7,1497.0,50.0,-4.1,56,1315,76.9,4.7,1013.9,1027.1,948.0,1023.1,1503.0,1024.8,9.8,2.2,1100.0,1.58,6.1,0.1,1655.0,0.1,1655.0,0.1,6.1,5.5,-2.1,-12.9,-1.5,-1.7,-0.5,0.5,2.4,5.8,8.8,15.6,17.6,0.7,1.0,1.4,{눈}0755-{눈}{강도0}0900-0940. {눈}1435-{눈}{강도0}1500-{진눈깨비}1645-{눈}1655-{진눈깨비}1725-{진눈깨비}{강도0}1800-1915. {박무}1920-{박무}{강도2}2100-{박무}{강도2}2400- {진눈깨비}2205-2305.,,2025,1,3,13,0,0,0,1
108,서울,2025-01-14,2.3,-1.7,2355,5.2,1305,,,,,1.58,0.1,7.5,290.0,2100.0,4.7,290.0,2102.0,2.3,1952.0,270.0,-2.8,41,2206,72.0,5.2,1013.1,1027.2,2359.0,1022.4,412.0,1023.9,9.8,2.3,1400.0,1.28,6.69,,,0.1,1.0,,5.0,4.5,0.5,-6.2,-0.4,-0.6,-0.3,0.5,2.3,5.7,8.6,15.5,17.5,1.2,1.7,,{눈}0205-{진눈깨비}0220-0230. -{박무}-{박무}{강도1}0300-{박무}{강도2}0600-{박무}{강도2}0900-{박무}{강도0}1200-1315. {진눈깨비}0425-0535. {연무}1310-1420.,,2025,1,3,14,0,0,0,0
108,서울,2025-01-15,-3.5,-5.3,802,-0.5,1517,,,,,,,9.5,250.0,1505.0,5.3,320.0,956.0,2.9,2501.0,270.0,-15.3,23,1354,40.8,1.9,1017.5,1030.1,1048.0,1027.1,2.0,1028.5,9.9,9.2,1200.0,2.14,12.74,,,,,,1.0,1.0,-2.5,-10.1,-0.9,-1.1,-0.3,0.5,2.3,5.6,8.6,15.4,17.5,1.7,2.4,0.0,,,2025,1,3,15,0,0,0,0
108,서울,2025-01-16,-0.5,-4.9,1,2.8,1448,,,,,2.0,0.0,8.2,270.0,2124.0,4.7,320.0,2129.0,2.0,1708.0,50.0,-6.3,47,7,65.1,4.0,1013.7,1028.7,1.0,1022.1,1447.0,1024.6,9.9,0.2,1300.0,0.87,2.91,,,,,,6.8,6.8,-1.7,-7.7,-1.2,-1.3,-0.4,0.4,2.3,5.5,8.4,15.3,17.5,0.6,0.9,0.0,{눈}0135-0210. {눈}0910-0935. {눈}1527-1537. {눈}1558-1633. {눈}1705-1720.,,2025,1,3,16,0,0,0,0
108,서울,2025-01-17,-0.5,-4.9,750,5.6,1615,,,,,,,5.5,290.0,1407.0,3.3,290.0,1451.0,1.8,1577.0,270.0,-7.3,33,1635,62.4,3.6,1015.7,1028.0,916.0,1025.3,1.0,1026.7,9.9,9.0,1200.0,2.0,11.84,,,,,,0.0,0.0,-1.1,-12.7,-1.4,-1.3,-0.4,0.4,2.2,5.4,8.3,15.2,17.4,1.5,2.2,,{박무}0810-{박무}{강도0}0900-1050. {연무}1045-{연무}{강도0}1200-1225.,,2025,1,3,17,0,0,0,0
108,서울,2025-01-18,1.0,-4.0,756,7.5,1340,,,,,,,4.4,250.0,1818.0,2.7,200.0,1358.0,1.6,1388.0,50.0,-7.8,27,1423,54.1,3.4,1013.0,1027.0,249.0,1020.8,2320.0,1023.8,9.9,7.9,1200.0,1.91,10.75,,,,,,2.3,0.0,-1.5,-11.2,-1.5,-1.4,-0.5,0.3,2.1,5.3,8.3,15.1,17.3,1.5,2.2,,,,2025,1,3,18,0,0,0,0
108,서울,2025-01-19,3.8,-1.2,148,9.0,1418,,,,,,,4.9,180.0,1457.0,3.2,200.0,1428.0,1.8,1574.0,50.0,-2.3,47,1313,65.0,5.3,1006.3,1020.9,1.0,1014.4,1521.0,1016.9,10.0,3.7,1200.0,1.86,7.93,,,,,,7.4,6.6,0.5,-8.7,-1.3,-0.9,-0.7,0.1,2.2,5.3,8.1,15.0,17.3,1.1,1.5,0.0,{박무}2030-{박무}{강도0}2100-{박무}{강도0}2400-,,2025,1,3,19,0,0,0,0
108,서울,2025-01-20,3.9,0.9,2346,7.5,1447,,,,,0.17,0.0,4.8,180.0,1337.0,3.0,200.0,1017.0,1.7,1508.0,50.0,-0.6,52,1543,73.1,5.8,1005.6,1019.3,2340.0,1014.3,434.0,1016.2,10.0,3.8,1300.0,1.64,7.55,,,,,,4.8,4.8,1.0,-7.0,-1.0,-0.6,-0.6,0.1,2.2,5.2,8.1,14.9,17.3,1.0,1.5,,{비}0215-0225. -{박무}-{박무}{강도0}0300-{박무}{강도0}0600-{박무}{강도0}0900-1150. {연무}1145-{연무}{강도1}1200-{연무}{강도0}1500-{연무}{강도0}1800-{연무}{강도1}2100-2320. {박무}2315-{박무}{강도1}2400-,,2025,1,4,20,0,0,0,0
108,서울,2025-01-21,2.4,-1.0,809,6.3,1400,,,,,,,4.7,270.0,1407.0,3.0,230.0,1434.0,1.6,1345.0,20.0,-0.8,65,1450,79.8,5.8,1011.1,1023.3,2216.0,1019.3,1.0,1021.9,10.0,6.4,1200.0,1.7,8.9,,,,,,2.3,1.4,0.3,-7.8,-1.0,-0.6,-0.7,0.0,2.1,5.1,8.0,14.8,17.2,1.0,1.4,,-{박무}-{박무}{강도1}0300-{박무}{강도1}0600-{박무}{강도1}0900-{박무}{강도1}1200-1340. {연무}1335-{연무}{강도1}1500-{연무}{강도1}1800-1955. {박무}1950-{박무}{강도1}2100-{박무}{강도0}2400-,,2025,1,4,21,0,0,0,0
108,서울,2025-01-22,3.6,0.5,2353,7.7,1529,,,,,,,6.1,270.0,1419.0,3.6,230.0,1349.0,1.9,1662.0,250.0,-1.6,39,1410,70.3,5.5,1013.0,1025.0,2353.0,1022.7,406.0,1023.8,10.0,5.5,1200.0,1.94,9.42,,,,,,3.4,3.1,1.2,-7.6,-0.9,-0.6,-0.6,0.1,2.1,5.1,7.9,14.8,17.2,1.3,1.9,,-{박무}-{박무}{강도1}0300-{박무}{강도0}0600-{박무}{강도1}0900-{박무}{강도0}1200-1220. {연무}1215-{연무}{강도0}1500-1540. {연무}1810-2050. {연무}2150-{연무}{강도0}2400-,,2025,1,4,22,0,0,0,0
108,서울,2025-01-23,2.0,-2.4,710,7.7,1526,,,,,,,5.4,340.0,1422.0,3.3,320.0,1634.0,1.6,1366.0,270.0,-7.2,24,1533,54.3,3.6,1014.0,1026.2,853.0,1023.2,1525.0,1024.9,10.1,9.3,1200.0,2.14,13.06,,,,,,0.0,0.0,0.8,-9.4,-0.9,-0.6,-0.6,0.1,2.1,5.0,7.8,14.7,17.1,1.9,2.8,,-{연무}-0250. {박무}0340-{박무}{강도0}0600-0810.,,2025,1,4,23,0,0,0,0
108,서울,2025-01-24,3.1,-2.7,815,10.6,1542,,,,,,,4.6,320.0,1742.0,3.0,320.0,1807.0,1.5,1326.0,20.0,-8.1,24,1656,45.9,3.3,1015.4,1027.5,1027.0,1024.2,1507.0,1026.2,10.1,9.4,1200.0,2.14,12.68,,,,,,0.0,0.0,0.6,-9.6,-0.4,-0.6,-0.3,0.3,2.1,5.0,7.7,14.6,17.1,2.1,3.1,,,,2025,1,4,24,0,0,0,0
108,서울,2025-01-25,5.2,1.2,536,11.4,1404,,,,,,,8.9,50.0,2308.0,5.0,50.0,2243.0,3.1,2661.0,50.0,-3.9,35,1421,52.8,4.6,1017.8,1030.3,1009.0,1026.5,1520.0,1028.5,10.1,7.7,1200.0,2.2,11.67,,,,,,1.1,1.1,0.6,-5.9,-0.7,-0.5,-0.1,0.5,2.1,4.9,7.7,14.5,17.0,2.3,3.3,,,,2025,1,4,25,0,0,0,0
108,서울,2025-01-26,4.6,1.8,619,7.5,1330,,,,,,,7.8,50.0,640.0,5.0,50.0,643.0,2.8,2431.0,50.0,-4.9,38,1335,50.5,4.3,1014.0,1030.3,240.0,1018.5,2346.0,1024.7,10.2,1.9,1100.0,1.5,6.98,,,,,,8.0,4.1,0.5,-3.2,-0.8,-0.5,-0.2,0.4,2.1,4.9,7.6,14.4,17.0,1.4,2.0,4.2,,,2025,1,4,26,0,0,0,0
108,서울,2025-01-27,0.2,-2.7,2357,5.1,1,,,,,22.35,5.6,13.1,180.0,1421.0,6.8,230.0,1114.0,3.5,3024.0,270.0,-3.3,54,1409,77.9,4.9,1003.7,1018.5,1.0,1012.7,1449.0,1014.5,10.2,1.2,1300.0,1.43,4.89,2.6,2345.0,2.6,2345.0,4.1,9.3,8.5,-0.2,-2.2,-0.7,-0.6,-0.3,0.2,2.1,4.9,7.5,14.3,16.9,0.8,1.2,1.5,{비}0020-{비}{강도0}0300-{비}{강도0}0600-{진눈깨비}0630-{눈}0710-{시정(미만)}{1km}{눈}0808-{시정(이상)}{1km}{눈}0824-{눈}{강도1}0900-{눈}{강도0}1200-1255. {박무}0605-0730. {눈}1320-1335. {눈}1404-{눈}{강도0}1500-1655. {눈}1720-{눈}{강도0}1800-{눈}{강도0}2100-{눈}{강도0}2400-,,2025,1,5,27,0,0,0,1
108,서울,2025-01-28,-3.9,-5.3,2331,-2.5,1457,,,,,22.58,0.1,15.2,290.0,1508.0,7.3,290.0,1517.0,4.0,3471.0,270.0,-8.3,58,1501,71.3,3.3,1004.8,1020.9,2344.0,1012.6,534.0,1015.8,10.2,0.6,1000.0,0.93,5.74,0.4,455.0,2.8,330.0,0.7,8.4,8.4,-0.5,-4.9,-0.7,-0.5,-0.2,0.3,2.1,4.8,7.5,14.3,16.9,0.7,1.0,0.2,-{눈}-{눈}{강도0}0300-{눈}{강도0}0600-{눈}{강도0}0900-{눈}{강도0}1200-{눈}{강도0}1500-1745. {눈}1910-{눈}{강도0}2100-{눈}{강도0}2400-,,2025,1,5,28,0,0,0,0
108,서울,2025-01-29,-4.6,-6.4,823,-1.3,1351,,,,,11.75,0.2,10.3,270.0,1408.0,5.6,250.0,1409.0,3.1,2709.0,270.0,-10.1,43,1609,66.1,2.9,1013.5,1026.8,2304.0,1020.8,2.0,1024.5,10.3,6.7,1300.0,2.51,12.35,1.0,445.0,2.9,445.0,1.0,4.3,4.3,-1.1,-8.0,-0.7,-0.5,0.1,0.6,2.1,4.8,7.4,14.2,16.8,1.2,1.7,0.0,-{눈}-{눈}{강도0}0300-{눈}{강도0}0600-{눈}{강도0}0900-1145.,,2025,1,5,29,0,0,0,0
108,서울,2025-01-30,-3.8,-7.5,746,-1.0,1240,,,,,,,6.0,290.0,339.0,3.2,270.0,1304.0,1.6,1410.0,250.0,-14.0,29,1553,46.6,2.1,1016.9,1029.3,1052.0,1026.7,1.0,1028.0,10.3,2.7,1200.0,1.72,8.01,,,0.4,1.0,,6.6,6.6,-1.7,-9.4,-0.6,-0.7,0.0,0.5,2.1,4.8,7.4,14.1,16.8,1.1,1.5,0.1,,,2025,1,5,30,0,0,0,0
108,서울,2025-01-31,-0.8,-2.6,647,0.7,2317,,,,,17.92,2.4,5.9,50.0,1105.0,4.0,50.0,1109.0,2.1,1808.0,50.0,-4.0,40,48,80.1,4.7,1015.4,1028.3,1047.0,1024.8,1527.0,1026.4,10.3,0.0,1100.0,0.32,1.83,2.9,1955.0,2.9,1955.0,3.0,9.4,9.4,-0.8,-4.6,-0.3,-0.7,-0.2,0.4,2.1,4.8,7.3,14.0,16.7,0.3,0.5,2.3,{눈}0220-{눈}{강도0}0300-{눈}{강도0}0600-{눈}{강도0}0900-1030. {눈}1150-{눈}{강도0}1200-{눈}{강도0}1500-{눈}{강도0}1800-{눈}{강도0}2100-2135. {박무}2030-{박무}{강도0}2100-{박무}{강도0}2400-,,2025,1,5,31,0,0,0,1
108,서울,2025-02-01,1.6,-2.0,645,7.9,1558,,,,,,,4.7,50.0,1107.0,2.9,70.0,1056.0,1.6,1356.0,50.0,-2.7,51,1646,74.3,5.0,1010.7,1025.2,8.0,1018.7,1518.0,1021.4,10.3,7.3,1300.0,2.12,11.15,,,2.8,1.0,,4.3,0.0,-0.6,-7.3,-0.2,-0.6,-0.1,0.4,2.1,4.7,7.3,14.0,16.7,1.3,1.9,,-{박무}-{박무}{강도0}0300-{박무}{강도0}0600-{박무}{강도0}0900-1130.,,2025,2,5,32,1,0,0,0
108,서울,2025-02-02,1.5,-2.5,808,6.8,1537,,,,,0.08,0.0,6.4,270.0,1753.0,4.4,250.0,1757.0,2.0,1739.0,250.0,-4.2,41,1457,67.1,4.5,1007.6,1021.0,308.0,1016.3,1502.0,1018.4,10.4,7.8,1200.0,2.06,12.04,,,,,,3.5,0.9,0.2,-8.1,-0.2,-0.6,-0.2,0.3,2.1,4.7,7.3,13.9,16.6,1.7,2.4,0.0,{눈}2150-2155. {박무}2150-{박무}{강도0}2400-,,2025,2,5,33,1,0,0,0
108,서울,2025-02-03,-4.1,-8.2,2327,0.6,1,,,,,,,14.4,250.0,1649.0,8.0,270.0,1649.0,4.2,3620.0,270.0,-13.5,28,1544,48.8,2.2,1009.0,1022.1,2140.0,1017.4,4.0,1020.0,10.4,9.6,1200.0,2.43,15.08,,,,,,0.0,0.0,-0.7,-10.3,-0.4,-0.6,0.0,0.5,2.1,4.7,7.2,13.8,16.6,1.7,2.4,,-{박무}-0130.,,2025,2,6,34,1,0,0,0
108,서울,2025-02-04,-9.0,-11.5,753,-5.3,1508,,,,,,,11.6,290.0,1347.0,6.3,290.0,1347.0,3.7,3221.0,270.0,-17.4,37,1447,50.8,1.6,1008.4,1021.8,3.0,1017.6,1711.0,1019.6,10.4,9.7,1200.0,2.47,15.63,,,,,,0.0,0.0,-3.9,-13.1,-1.2,-1.5,0.0,0.6,2.1,4.7,7.2,13.7,16.5,1.2,1.8,,,,2025,2,6,35,1,0,0,0
108,서울,2025-02-05,-8.6,-11.8,440,-3.7,1454,,,,,,,12.1,290.0,1258.0,6.7,290.0,1621.0,3.2,2792.0,270.0,-17.7,32,1251,49.1,1.5,1007.8,1022.2,2249.0,1016.5,1454.0,1019.0,10.5,6.8,1300.0,2.41,12.04,,,,,,2.0,0.1,-4.0,-15.7,-2.1,-2.2,-0.2,0.4,2.0,4.6,7.1,13.7,16.5,1.2,1.8,,,,2025,2,6,36,1,0,0,0
108,서울,2025-02-06,-5.6,-11.5,358,-0.2,1332,,,,,2.75,2.3,9.0,230.0,1516.0,5.0,230.0,1524.0,1.7,1433.0,180.0,-12.5,32,1144,59.9,2.5,1009.5,1023.8,833.0,1018.0,1511.0,1020.6,10.5,5.9,1200.0,2.4,11.43,3.3,1655.0,3.3,1655.0,3.3,3.1,2.4,-3.4,-17.4,-2.0,-2.5,-0.6,0.2,1.9,4.6,7.1,13.6,16.4,1.1,1.6,2.7,{눈}1505-{시정(미만)}{1km}{눈}1555-{시정(미만)}{0.5km}{눈}1601-{시정(이상)}{0.5km}{눈}1630-{시정(이상)}{1km}{눈}1634-1750.,,2025,2,6,37,1,0,0,1
108,서울,2025-02-07,-8.0,-10.7,2243,-4.7,310,,,,,6.17,0.4,15.6,270.0,1015.0,7.6,270.0,1015.0,3.9,3405.0,290.0,-14.6,41,1513,60.1,2.1,1010.1,1027.3,2358.0,1015.8,547.0,1021.3,10.6,7.6,1200.0,2.63,14.93,0.7,755.0,2.8,655.0,0.7,3.5,3.3,-2.4,-13.1,-1.3,-1.8,-0.7,0.0,1.9,4.5,7.1,13.5,16.4,1.2,1.7,0.0,{눈}0305-{눈}{강도0}0600-0850. {눈}0915-0940.,,2025,2,6,38,1,0,0,0
108,서울,2025-02-08,-7.9,-11.5,555,-3.4,1617,,,,,,,7.8,270.0,610.0,4.2,270.0,41.0,2.8,2448.0,270.0,-15.5,43,1426,54.5,1.9,1017.2,1029.9,949.0,1027.2,1.0,1028.4,10.6,9.6,1200.0,2.52,16.12,,,1.5,1.0,,0.0,0.0,-3.6,-14.4,-2.2,-2.7,-1.1,-0.3,1.8,4.5,7.0,13.5,16.3,1.2,1.8,,,,2025,2,6,39,1,0,0,0
108,서울,2025-02-09,-4.7,-9.6,716,1.7,1513,,,,,,,7.3,250.0,1332.0,4.3,230.0,1610.0,2.2,1885.0,250.0,-10.8,38,1535,63.8,2.7,1015.9,1029.1,7.0,1024.7,1542.0,1027.0,10.6,9.4,1200.0,2.53,15.96,,,0.7,1.0,,0.3,0.0,-1.9,-15.2,-2.0,-2.4,-1.1,-0.2,1.7,4.4,6.9,13.4,16.3,1.5,2.2,,,,2025,2,6,40,1,0,0,0
108,서울,2025-02-10,-2.6,-7.5,710,2.6,1554,,,,,1.58,0.0,8.6,200.0,1559.0,4.7,250.0,1452.0,2.1,1811.0,270.0,-9.2,44,1121,61.0,3.1,1015.7,1028.3,2400.0,1024.9,1514.0,1026.7,10.7,7.2,1200.0,2.14,13.55,,,,,,1.3,1.3,-1.2,-13.1,-1.4,-1.8,-1.0,-0.3,1.7,4.4,6.9,13.3,16.2,1.4,2.0,0.0,{눈}1340-{눈}{강도0}1500-1515.,,2025,2,7,41,1,0,0,0
108,서울,2025-02-11,0.5,-5.7,710,7.0,1459,,,,,,,5.9,110.0,1157.0,3.7,50.0,2250.0,2.0,1767.0,50.0,-6.9,38,1628,59.8,3.7,1016.6,1031.4,910.0,1022.6,2348.0,1027.5,10.7,9.4,1200.0,2.36,14.77,,,,,,2.1,0.5,0.2,-11.9,-1.3,-1.8,-1.1,-0.4,1.7,4.3,6.8,13.3,16.2,1.8,2.6,1.3,,,2025,2,7,42,1,0,0,0
108,서울,2025-02-12,0.5,-2.9,2346,2.5,1551,,,,,12.5,2.5,11.9,320.0,2008.0,6.2,290.0,2009.0,2.6,2208.0,270.0,-3.5,47,1,75.8,4.9,1006.3,1023.6,9.0,1011.2,1527.0,1017.1,10.7,0.0,1000.0,0.2,1.28,2.1,1015.0,2.1,1015.0,2.1,7.5,6.0,-0.3,-6.3,-0.4,-0.9,-0.9,-0.4,1.7,4.3,6.8,13.2,16.2,0.6,0.8,1.2,{눈}0248-0253. {눈}0435-{눈}{강도0}0600-{눈}{강도0}0900-{눈}{강도0}1200-{안개비}1440-{안개비}{강도0}1500-1555. {박무}1440-{박무}{강도2}1500-{박무}{강도0}1800-1835. {안개비}1630-1735.,,2025,2,7,43,1,0,0,1
108,서울,2025-02-13,0.2,-5.8,643,6.1,1511,,,,,,,9.4,270.0,1717.0,5.3,250.0,1636.0,2.2,1881.0,250.0,-8.4,32,1129,53.1,3.3,1012.2,1024.9,816.0,1021.1,1555.0,1023.0,10.8,9.6,1200.0,2.56,16.5,,,0.5,1.0,,0.0,0.0,0.3,-11.9,-0.9,-1.3,-0.8,-0.4,1.6,4.2,6.7,13.2,16.1,2.0,2.9,,,,2025,2,7,44,1,0,0,0
108,서울,2025-02-14,3.7,-1.6,746,10.1,1517,,,,,,,7.6,200.0,1604.0,4.1,250.0,1606.0,1.9,1612.0,20.0,-2.5,32,1651,67.4,5.2,1010.6,1023.0,114.0,1019.5,1518.0,1021.3,10.8,9.5,1200.0,2.39,14.75,,,,,,1.5,0.0,1.6,-7.3,-0.6,-1.1,-0.9,-0.4,1.6,4.2,6.6,13.1,16.1,2.0,2.8,,{연무}2040-{연무}{강도0}2100-2255. {박무}2250-{박무}{강도0}2400-,,2025,2,7,45,1,0,0,0
108,서울,2025-02-15,4.1,0.4,701,7.8,1459,,,,,,,5.7,180.0,1402.0,3.5,200.0,1404.0,1.6,1421.0,50.0,0.1,57,1514,76.5,6.2,1006.9,1021.1,41.0,1014.9,1745.0,1017.5,10.8,0.9,1400.0,1.32,7.95,,,,,,5.4,4.5,1.6,-6.5,-0.3,-0.9,-0.9,-0.5,1.6,4.1,6.6,13.0,16.0,1.0,1.5,,-{박무}-{박무}{강도1}0300-{박무}{강도0}0600-{박무}{강도0}0900-{박무}{강도0}1200-1225. {연무}1220-1450. {박무}2335-{박무}{강도0}2400-,,2025,2,7,46,1,0,0,0
108,서울,2025-02-16,4.3,0.4,2359,9.7,1351,,,,,,,9.2,290.0,2144.0,5.0,270.0,2034.0,2.5,2127.0,20.0,0.2,52,2354,75.6,6.4,1005.3,1019.2,2358.0,1013.2,1526.0,1016.0,10.9,3.4,1300.0,1.77,9.32,,,,,,5.0,5.0,1.3,-5.3,-0.2,-0.8,-0.8,-0.4,1.6,4.1,6.5,13.0,16.0,1.6,2.3,,-{박무}-{박무}{강도0}0300-{박무}{강도0}0600-{박무}{강도0}0900-1140. {연무}1240-{연무}{강도0}1500-{연무}{강도1}1800-1830. {박무}1825-{박무}{강도1}2100-2155. {연무}2150-2220.,,2025,2,7,47,1,0,0,0
108,서울,2025-02-17,-0.3,-3.4,2357,3.5,1530,,,,,,,11.3,270.0,356.0,6.1,320.0,2043.0,3.6,3119.0,270.0,-12.8,27,1317,39.1,2.3,1012.8,1025.6,2219.0,1019.2,1.0,1023.7,10.9,9.9,1200.0,2.67,17.57,,,,,,0.3,0.0,1.7,-7.4,-0.2,-0.6,-0.5,-0.1,1.6,4.1,6.5,12.9,15.9,2.5,3.5,,,,2025,2,8,48,1,0,0,0
108,서울,2025-02-18,-2.3,-5.2,738,2.6,1505,,,,,,,12.0,270.0,1325.0,6.6,290.0,1558.0,3.4,2925.0,270.0,-14.4,21,1416,40.3,2.0,1015.1,1027.7,834.0,1023.6,1624.0,1026.1,10.9,9.9,1200.0,2.65,17.73,,,,,,0.0,0.0,0.4,-9.2,-0.4,-0.5,-0.3,0.2,1.6,4.0,6.4,12.8,15.9,2.4,3.4,,,,2025,2,8,49,1,0,0,0
108,서울,2025-02-19,-3.0,-5.8,357,1.2,1523,,,,,,,9.5,270.0,1616.0,5.2,270.0,1428.0,3.0,2621.0,290.0,-13.7,28,1606,44.8,2.1,1017.3,1030.1,2141.0,1027.0,354.0,1028.3,11.0,10.0,1200.0,2.69,17.9,,,,,,0.0,0.0,0.1,-11.3,-0.7,-1.0,-0.4,0.1,1.6,4.0,6.4,12.8,15.8,2.0,2.9,,,,2025,2,8,50,1,0,0,0
108,서울,2025-02-20,-2.9,-6.5,634,1.9,1605,,,,,,,9.3,250.0,1830.0,5.6,290.0,1249.0,2.7,2354.0,290.0,-14.1,28,1718,43.3,2.1,1018.7,1031.4,948.0,1027.8,1503.0,1029.8,11.0,10.0,1200.0,2.77,18.07,,,,,,0.0,0.0,-0.1,-13.3,-1.3,-1.3,-0.3,0.3,1.6,4.0,6.4,12.7,15.8,2.2,3.1,,,,2025,2,8,51,1,0,0,0
108,서울,2025-02-21,-2.5,-6.4,502,2.6,1418,,,,,,,9.7,290.0,2151.0,5.4,270.0,1749.0,2.7,2366.0,270.0,-13.2,25,1745,45.3,2.2,1019.4,1031.6,832.0,1028.8,1542.0,1030.4,11.1,10.1,1200.0,2.71,17.73,,,,,,0.3,0.3,0.1,-12.9,-1.1,-1.4,-0.4,0.2,1.6,4.0,6.3,12.7,15.7,2.2,3.1,,,,2025,2,8,52,1,0,0,0
108,서울,2025-02-22,-2.3,-5.6,434,2.7,1355,,,,,,,9.5,200.0,1315.0,5.1,320.0,2237.0,2.7,2351.0,250.0,-12.0,30,1229,49.1,2.5,1020.9,1033.6,840.0,1030.2,1603.0,1032.0,11.1,10.2,1200.0,2.76,18.11,,,,,,0.0,0.0,0.4,-12.0,-1.0,-1.3,-0.3,0.2,1.6,4.0,6.3,12.6,15.7,2.1,3.0,,,,2025,2,8,53,1,0,0,0
108,서울,2025-02-23,-3.6,-6.5,502,0.5,1529,,,,,,,11.3,230.0,1341.0,5.8,290.0,1419.0,3.0,2574.0,270.0,-14.0,29,1504,45.4,2.1,1019.7,1032.5,138.0,1028.3,1527.0,1030.8,11.1,10.1,1200.0,2.76,18.35,,,,,,0.3,0.3,-0.2,-13.1,-0.9,-1.4,-0.4,0.2,1.6,3.9,6.3,12.6,15.7,2.0,2.9,,,,2025,2,8,54,1,0,0,0
108,서울,2025-02-24,-1.3,-6.3,407,4.7,1554,,,,,,,8.8,340.0,1331.0,5.5,320.0,1338.0,2.3,1993.0,290.0,-10.9,28,1502,49.8,2.7,1020.0,1032.6,932.0,1029.7,1622.0,1031.0,11.2,10.3,1200.0,2.78,18.74,,,,,,0.0,0.0,0.6,-12.5,-1.0,-1.6,-0.6,-0.1,1.6,3.9,6.2,12.5,15.6,2.1,3.1,,,,2025,2,9,55,1,0,0,0
108,서울,2025-02-25,2.1,-3.1,728,6.1,1251,,,,,,,11.5,270.0,1257.0,5.7,230.0,1355.0,2.9,2481.0,230.0,-2.4,52,1207,72.6,5.2,1015.2,1030.8,47.0,1022.6,1705.0,1026.0,11.2,5.4,1000.0,2.08,11.46,,,,,,4.8,3.8,-0.3,-10.3,-0.5,-1.1,-0.6,0.0,1.6,3.9,6.2,12.4,15.6,1.4,2.1,,{박무}2320-{박무}{강도0}2400-,,2025,2,9,56,1,0,0,0
108,서울,2025-02-26,3.7,0.7,2326,9.1,1527,,,,,,,10.2,290.0,1459.0,5.8,250.0,1555.0,2.6,2212.0,270.0,-8.0,17,1306,49.4,3.8,1012.9,1025.7,1012.0,1022.2,337.0,1023.6,11.3,9.6,1200.0,2.84,18.43,,,,,,1.4,1.4,3.1,-8.9,-0.2,-1.0,-1.0,-0.4,1.6,3.9,6.2,12.4,15.5,3.1,4.4,,-{박무}-{박무}{강도0}0300-{박무}{강도1}0600-{박무}{강도1}0900-0935. {연무}0930-1059.,,2025,2,9,57,1,0,0,0
108,서울,2025-02-27,5.8,-2.0,717,14.2,1454,,,,,,,7.8,160.0,1511.0,4.4,230.0,1513.0,1.9,1609.0,20.0,-11.9,12,1459,29.4,2.5,1010.8,1024.9,835.0,1018.0,1753.0,1021.4,11.3,10.0,1200.0,2.76,18.29,,,,,,2.0,0.9,3.2,-9.0,-0.1,-0.6,-0.3,0.2,1.6,3.9,6.1,12.3,15.5,3.7,5.3,,,,2025,2,9,58,1,0,0,0
108,서울,2025-02-28,7.8,3.7,604,13.7,1539,,,,,,,5.3,180.0,1426.0,3.3,180.0,1106.0,1.5,1267.0,20.0,-1.7,27,35,52.4,5.7,1009.4,1021.3,1153.0,1018.8,655.0,1019.9,11.3,3.4,1300.0,2.35,10.43,,,,,,3.9,3.9,2.8,-5.1,0.1,-0.5,-0.4,0.1,1.7,3.9,6.1,12.3,15.4,1.8,2.5,,{연무}2030-{연무}{강도0}2100-{연무}{강도0}2400-,,2025,2,9,59,1,0,0,0
108,서울,2025-03-01,8.5,3.4,552,13.0,1213,,,,,1.5,0.6,6.1,50.0,918.0,3.8,50.0,919.0,2.0,1719.0,50.0,2.7,48,1208,68.5,7.5,1006.9,1020.7,202.0,1013.4,1524.0,1017.4,11.4,1.7,1100.0,2.3,7.53,,,,,,7.4,4.0,1.7,-4.9,0.1,-0.5,-0.4,0.1,1.7,3.9,6.1,12.2,15.4,1.4,2.0,0.6,{박무}0115-{박무}{강도0}0300-{박무}{강도0}0600-{박무}{강도0}0900-1010. -{연무}-0120. {연무}1005-{연무}{강도0}1200-{연무}{강도0}1500-{연무}{강도0}1800-{연무}{강도0}2100-{연무}{강도0}2400- {비}1420-{비}{강도0}1500-1535. {비}1830-1845.,,2025,3,9,60,1,1,0,0
108,서울,2025-03-02,8.3,2.2,2349,15.6,1310,,,,,9.42,11.8,13.3,50.0,2341.0,7.8,50.0,2345.0,3.7,3233.0,70.0,2.1,29,1324,68.0,7.1,1005.1,1017.9,2325.0,1012.5,1306.0,1015.5,11.4,0.4,1200.0,1.8,5.25,,,,,,9.8,7.9,3.9,0.3,1.0,0.3,-0.4,0.1,1.8,3.9,6.1,12.2,15.4,1.6,2.3,22.2,-{연무}-{연무}{강도0}0300-{연무}{강도0}0600-{연무}{강도0}0900-0940. {비}1435-{비}{강도0}1500-{비}{강도0}1800-{비}{강도0}2100-{진눈깨비}2255-{진눈깨비}{강도0}2400- {박무}1525-{박무}{강도0}1800-1845.,,2025,3,9,61,1,1,0,1
108,서울,2025-03-03,3.1,1.0,633,7.1,1311,,,,,7.33,10.4,16.0,50.0,1939.0,8.7,50.0,1508.0,6.3,5412.0,70.0,-3.5,47,1352,63.5,4.8,1011.2,1024.9,2356.0,1016.5,109.0,1021.9,11.5,6.6,1200.0,2.81,16.28,1.1,655.0,1.1,655.0,1.1,7.5,3.9,3.4,-0.3,1.0,0.3,-0.3,0.3,2.0,3.9,6.1,12.1,15.3,2.7,3.9,0.0,-{비}-{비}0050-{비}{강도0}0300-{진눈깨비}0345-{눈}0405-{눈}{강도0}0600-0720.,,2025,3,10,62,1,1,0,1
108,서울,2025-03-04,2.5,0.9,1018,3.4,1707,,,,,8.75,4.0,13.9,50.0,609.0,6.7,70.0,756.0,4.5,3913.0,50.0,-2.9,54,1,68.3,5.0,1010.6,1025.3,18.0,1018.2,1820.0,1021.4,11.5,0.6,1300.0,1.22,5.68,3.4,1255.0,3.4,1255.0,3.4,9.3,7.5,-0.1,-0.1,0.7,0.0,0.3,0.9,2.4,3.9,6.1,12.1,15.3,1.0,1.4,4.0,{눈}0745-{눈}{강도0}0900-{시정(미만)}{1km}{눈}0958-{시정(이상)}{1km}{눈}1052-{눈}{강도0}1200-{진눈깨비}1315-{진눈깨비}{강도0}1500-1630.,,2025,3,10,63,1,1,0,1
108,서울,2025-03-05,4.8,2.3,707,9.2,1605,,,,,0.5,0.0,5.6,20.0,13.0,3.6,50.0,16.0,2.2,1884.0,50.0,-1.6,48,1719,63.3,5.4,1011.4,1024.0,2230.0,1020.1,342.0,1022.1,11.5,1.6,1400.0,1.47,9.18,,,,,,6.6,6.6,4.0,-2.2,2.6,2.0,1.5,1.4,2.5,4.0,6.1,12.0,15.2,1.4,1.9,,{눈}0750-0820.,,2025,3,10,64,1,1,0,0
108,서울,2025-03-06,4.8,-0.4,721,10.4,1547,,,,,,,7.9,290.0,1306.0,4.3,270.0,1540.0,2.3,2029.0,270.0,-4.0,36,1353,55.1,4.6,1014.6,1027.7,2320.0,1023.5,1601.0,1025.3,11.6,10.5,1200.0,2.76,19.3,,,,,,0.4,0.4,4.8,-7.7,3.4,2.8,2.6,2.3,3.0,4.1,6.1,12.0,15.2,3.0,4.2,,,,2025,3,10,65,1,1,0,0
108,서울,2025-03-07,5.3,0.0,706,11.1,1519,,,,,,,6.5,250.0,1627.0,3.9,290.0,1720.0,1.8,1556.0,50.0,-4.9,32,1425,49.3,4.3,1015.9,1029.1,757.0,1024.8,1520.0,1026.6,11.6,8.6,1100.0,2.33,15.35,,,,,,5.5,1.0,4.1,-7.4,3.8,3.3,3.2,2.9,3.6,4.2,6.1,11.9,15.1,2.3,3.3,,{연무}0920-1015.,,2025,3,10,66,1,1,0,0
108,서울,2025-03-08,5.8,2.8,732,11.2,1440,,,,,,,9.0,200.0,1525.0,5.0,270.0,1622.0,2.2,1908.0,270.0,-3.4,22,1511,55.0,4.9,1015.0,1028.1,2339.0,1023.8,1414.0,1025.6,11.7,9.0,1200.0,2.86,17.83,,,,,,3.5,1.5,6.4,-3.9,4.8,4.3,3.8,3.4,4.0,4.4,6.2,11.9,15.1,2.7,3.9,,{연무}0515-{연무}{강도0}0600-{연무}{강도0}0900-0935. {박무}2335-{박무}{강도0}2400-,,2025,3,10,67,1,1,0,0
108,서울,2025-03-09,6.9,1.2,717,13.5,1636,,,,,,,5.9,250.0,1558.0,3.7,250.0,1507.0,1.7,1508.0,270.0,0.6,33,1626,67.3,6.4,1018.5,1031.5,921.0,1027.1,1735.0,1029.1,11.7,10.4,1200.0,2.81,19.37,,,,,,0.1,0.1,6.3,-6.3,5.4,4.8,4.4,4.0,4.5,4.7,6.2,11.9,15.1,2.8,4.0,,-{박무}-{박무}{강도0}0300-{박무}{강도0}0600-{박무}{강도0}0900-1010. {연무}1005-{연무}{강도0}1200-1340. {연무}1755-{연무}{강도0}1800-{연무}{강도0}2100-{연무}{강도0}2400-,,2025,3,10,68,1,1,0,0
108,서울,2025-03-10,8.0,2.4,544,14.9,1503,,,,,,,7.8,180.0,1532.0,4.6,200.0,1400.0,2.1,1775.0,50.0,-0.1,29,1440,59.8,6.1,1014.9,1028.9,56.0,1022.7,1657.0,1025.4,11.7,10.5,1200.0,2.77,19.27,,,,,,0.8,0.0,7.4,-5.1,6.1,5.5,5.1,4.6,5.0,4.9,6.3,11.8,15.0,3.1,4.5,,-{연무}-{연무}{강도0}0300-0440. {박무}0435-{박무}{강도0}0600-{박무}{강도0}0900-0930. {연무}0925-{연무}{강도0}1200-1350. {연무}1905-{연무}{강도0}2100-{연무}{강도0}2400-,,2025,3,11,69,1,1,0,0
108,서울,2025-03-11,9.4,2.9,655,16.6,1532,,,,,,,6.5,250.0,1741.0,4.2,250.0,1748.0,1.8,1532.0,270.0,1.0,36,1445,58.0,6.6,1009.6,1023.3,6.0,1016.3,1653.0,1020.0,11.8,10.2,1200.0,2.91,19.89,,,,,,2.6,0.0,8.9,-5.1,6.8,6.2,5.6,5.1,5.5,5.2,6.4,11.8,15.0,3.2,4.6,,-{연무}-{연무}{강도0}0300-{연무}{강도0}0600-{연무}{강도0}0900-1110.,,2025,3,11,70,1,1,0,0
108,서울,2025-03-12,8.5,6.7,548,11.8,1315,,,,,1.08,0.0,7.9,200.0,1605.0,4.5,230.0,1607.0,2.1,1848.0,270.0,3.5,49,1209,72.3,7.9,1005.7,1019.3,2330.0,1014.0,1411.0,1016.1,11.8,0.1,1100.0,1.24,5.68,,,,,,8.4,6.1,7.5,-0.4,7.3,6.7,6.3,5.8,6.1,5.5,6.5,11.7,15.0,1.2,1.7,0.0,{연무}1530-1630. {박무}1625-{박무}{강도0}1800-{박무}{강도1}2100-{박무}{강도0}2400- {안개비}1645-1750.,,2025,3,11,71,1,0,0,0
108,서울,2025-03-13,8.9,3.2,703,15.0,1632,,,,,,,7.4,290.0,1402.0,4.8,290.0,1543.0,2.4,2087.0,270.0,-1.7,22,1430,54.6,5.6,1011.6,1025.0,2317.0,1019.2,34.0,1022.1,11.8,10.5,1300.0,2.83,18.93,,,,,,5.3,0.0,9.2,-4.6,7.3,6.7,6.3,5.9,6.3,5.8,6.6,11.7,15.3,3.6,5.1,,-{박무}-{박무}{강도0}0300-{박무}{강도0}0600-{박무}{강도1}0900-1017. {황사}1210-{황사}{강도0}1500-{황사}{강도0}1800-1950.,,2025,3,11,72,1,1,0,0
108,서울,2025-03-14,12.4,5.0,703,20.1,1515,,,,,,,7.6,20.0,1026.0,3.9,70.0,1001.0,1.8,1522.0,70.0,-4.9,17,1358,31.4,4.3,1013.9,1026.6,731.0,1022.6,1527.0,1024.3,11.9,9.7,1200.0,2.92,20.11,,,,,,3.0,0.8,10.5,-3.7,8.1,7.4,6.7,6.2,6.6,6.0,6.8,11.7,15.3,5.0,7.1,,,,2025,3,11,73,1,0,1,0
108,서울,2025-03-15,12.6,10.0,709,17.2,1437,,,,,0.75,0.0,9.1,70.0,940.0,5.1,70.0,946.0,2.8,2442.0,70.0,-1.6,24,1501,39.1,5.5,1010.1,1023.5,823.0,1017.2,1813.0,1020.4,11.9,6.3,1300.0,2.88,16.89,,,,,,7.9,4.9,12.0,6.5,9.5,8.9,7.8,7.0,7.2,6.3,6.9,11.6,15.2,3.8,5.4,0.6,{비}2315-{비}{강도0}2400-,,2025,3,11,74,1,0,1,0
108,서울,2025-03-16,4.9,1.3,2331,10.1,1,,,,,9.0,0.8,11.6,290.0,1834.0,6.4,290.0,1522.0,3.6,3106.0,270.0,-3.7,27,1642,56.3,5.0,1002.8,1017.7,1.0,1010.6,1527.0,1013.3,12.0,3.9,1400.0,1.87,9.76,,,,,,6.6,5.6,7.1,-1.6,7.7,7.3,7.9,7.5,7.8,6.6,7.1,11.6,15.2,2.1,3.0,0.2,-{비}-0020. {비}0210-{비}{강도0}0300-{비}{강도0}0600-{비}{강도0}0900-1050.,,2025,3,11,75,1,1,0,0
108,서울,2025-03-17,2.5,-1.3,631,6.8,1350,,,,,3.92,0.4,9.6,250.0,56.0,5.2,200.0,1556.0,2.9,2524.0,270.0,-8.7,21,1211,46.0,3.3,1005.5,1018.6,923.0,1013.8,2321.0,1016.2,12.0,9.5,1300.0,2.84,19.33,0.3,2355.0,0.3,2355.0,0.3,5.1,2.6,5.1,-7.3,5.4,4.8,5.8,6.2,7.3,6.9,7.3,11.6,15.1,2.6,3.7,10.3,{눈}2005-{눈}{강도0}2100-{시정(미만)}{1km}{눈}2357-{눈}{강도1}2400-,,2025,3,12,76,1,1,0,0
108,서울,2025-03-18,2.1,0.3,711,5.6,1636,,,,,12.92,9.9,12.5,20.0,1539.0,6.4,360.0,1534.0,2.8,2451.0,320.0,-3.1,49,1535,70.6,5.0,1004.3,1022.1,2343.0,1009.8,540.0,1015.0,12.1,3.8,1300.0,2.14,10.7,8.7,755.0,8.9,755.0,8.7,7.9,7.5,2.8,-2.1,4.5,3.7,4.7,5.1,7.0,7.0,7.5,11.6,15.1,1.5,2.1,0.0,-{눈}-{시정(미만)}{0.5km}{눈}0034-{시정(이상)}{0.5km}{눈}0048-{시정(이상)}{1km}{눈}0054-{시정(미만)}{1km}{눈}0250-{눈}{강도1}0300-{시정(이상)}{1km}{눈}0328-{시정(미만)}{1km}{눈}0408-{시정(미만)}{0.5km}{눈}0415-{시정(이상)}{0.5km}{눈}0426-{시정(이상)}{1km}{눈}0430-{눈}{강도0}0600-{시정(미만)}{1km}{눈}0706-{시정(이상)}{1km}{눈}0730-0855. {눈}0905-0930. {눈}1030-1045. {눈}1145-{눈}{강도0}1200-1315. {눈}1355-1440. {눈}1845-1950.,,2025,3,12,77,1,1,0,1
108,서울,2025-03-19,2.4,-1.9,543,7.3,1459,,,,,,,9.6,250.0,1735.0,4.8,250.0,1736.0,2.4,2045.0,270.0,-7.8,26,1156,49.5,3.5,1012.6,1025.0,1023.0,1022.0,1.0,1023.3,12.1,11.3,1200.0,3.18,22.71,,,,,,1.0,1.0,4.3,-8.1,4.1,3.7,4.3,4.8,6.2,7.1,7.6,11.5,15.1,3.0,4.3,,,,2025,3,12,78,1,1,0,0
108,서울,2025-03-20,8.2,2.2,1,15.0,1448,,,,,,,11.1,250.0,1533.0,6.2,230.0,1543.0,2.7,2347.0,230.0,1.2,41,1528,62.8,6.8,1007.0,1023.4,1.0,1013.6,1647.0,1017.4,12.1,7.3,1200.0,2.99,18.04,,,,,,3.3,3.3,8.7,-1.3,6.3,5.8,5.4,5.2,6.2,7.0,7.7,11.5,15.0,3.0,4.2,,{연무}1750-{연무}{강도0}1800-{연무}{강도0}2100-{연무}{강도0}2400-,,2025,3,12,79,1,1,0,0
108,서울,2025-03-21,11.6,7.9,125,18.7,1555,,,,,,,8.4,250.0,1557.0,5.0,250.0,1606.0,2.9,2493.0,250.0,3.7,34,1556,61.3,8.0,1001.0,1014.4,9.0,1008.2,1616.0,1011.3,12.2,9.5,1200.0,2.96,20.44,,,,,,2.4,2.4,12.0,2.2,9.2,8.7,7.2,6.4,6.9,7.0,7.8,11.5,15.0,3.8,5.5,,{박무}0120-{박무}{강도0}0300-{박무}{강도1}0600-{박무}{강도0}0900-0958. -{연무}-0125. {연무}0953-{연무}{강도0}1200-1325.,,2025,3,12,80,1,0,1,0
108,서울,2025-03-22,12.8,6.1,645,19.9,1504,,,,,,,10.9,200.0,1537.0,6.2,250.0,1525.0,2.7,2331.0,200.0,2.9,26,1532,53.8,7.6,998.9,1011.3,1.0,1006.9,1635.0,1009.1,12.2,11.1,1200.0,3.01,21.44,,,,,,0.0,0.0,12.1,-0.6,9.8,8.4,6.6,5.9,7.9,7.1,7.8,11.5,15.0,4.4,6.3,,{연무}0150-{연무}{강도0}0300-{연무}{강도0}0600-{연무}{강도0}0900-{연무}{강도0}1200-1310. {연무}2310-{연무}{강도0}2400-,,2025,3,12,81,1,0,1,0
108,서울,2025-03-23,15.2,7.1,615,24.0,1427,,,,,,,8.8,230.0,1639.0,4.8,230.0,1646.0,1.9,1643.0,70.0,3.6,25,1415,49.0,7.9,998.6,1011.8,934.0,1006.4,2359.0,1008.7,12.3,8.9,1200.0,3.04,19.96,,,,,,4.0,0.9,13.4,-0.6,10.9,9.4,7.3,6.6,8.5,7.4,7.9,11.5,14.9,4.2,6.0,0.0,-{연무}-{연무}{강도0}0300-{연무}{강도0}0600-{연무}{강도0}0900-{연무}{강도0}1200-{연무}{강도0}1500-1605. {연무}2255-2305.,,2025,3,12,82,1,0,1,0
108,서울,2025-03-24,15.5,11.7,2324,21.3,1349,,,,,0.67,0.0,9.9,270.0,1426.0,5.8,270.0,1436.0,3.0,2586.0,250.0,6.3,39,542,56.1,9.7,992.5,1006.4,1.0,999.6,1508.0,1002.6,12.3,7.6,1200.0,2.85,18.71,,,,,,6.1,3.8,14.5,4.8,12.3,10.8,8.6,7.6,9.2,7.7,8.1,11.5,14.9,3.7,5.3,,{비}0615-0655. {연무}1535-{연무}{강도0}1800-{연무}{강도0}2100-2240. {박무}2235-{박무}{강도1}2400-,,2025,3,13,83,1,0,1,0
108,서울,2025-03-25,12.7,8.4,2353,21.4,1353,,,,,,,16.2,180.0,1354.0,7.9,230.0,1444.0,3.3,2853.0,200.0,5.5,32,1353,63.5,9.1,990.0,1004.5,2354.0,993.5,1347.0,1000.1,12.3,3.9,1300.0,2.44,13.63,,,,,,5.1,3.0,12.7,3.8,12.0,10.5,8.8,8.0,10.0,8.1,8.2,11.5,14.9,3.0,4.3,,-{박무}-{박무}{강도1}0300-{박무}{강도1}0600-{박무}{강도1}0900-0920. {연무}0915-1135. {황사}1140-{황사}{강도0}1200-{황사}{강도0}1500-{황사}{강도0}1800-2055.,,2025,3,13,84,1,0,1,0
108,서울,2025-03-26,15.5,6.0,535,23.9,1639,,,,,,,7.1,110.0,1047.0,4.4,70.0,1022.0,2.2,1859.0,50.0,2.3,20,1630,46.4,7.2,992.9,1008.1,732.0,998.2,1942.0,1002.9,12.4,10.0,1200.0,3.03,20.83,,,,,,3.4,0.6,14.0,-0.8,11.5,10.0,8.5,8.0,10.1,8.5,8.4,11.5,14.8,4.0,5.7,0.2,{황사}0850-{황사}{강도0}0900-{황사}{강도0}1200-{황사}{강도0}1500-{황사}{강도0}1800-2155.,,2025,3,13,85,1,0,1,0
108,서울,2025-03-27,13.7,7.1,2359,18.6,11,,,,,4.83,0.3,12.0,320.0,1906.0,7.1,290.0,1740.0,3.2,2745.0,290.0,6.8,30,1656,65.1,10.3,991.3,1008.1,2359.0,997.3,517.0,1001.4,12.4,1.9,1400.0,1.83,8.16,,,,,,8.9,7.0,14.0,4.7,12.5,11.7,10.5,9.6,10.5,8.8,8.6,11.5,14.8,2.3,3.2,0.1,{비}0620-{비}{강도0}0900-0945. {박무}0625-{박무}{강도0}0900-1030. {황사}1640-{황사}{강도0}1800-1910. {비}2025-{비}{강도0}2100-2150.,,2025,3,13,86,1,0,1,0
108,서울,2025-03-28,6.5,3.1,2358,11.8,1335,,,,,,,12.1,340.0,1608.0,7.4,320.0,1613.0,3.7,3200.0,290.0,-6.6,16,1552,41.6,3.9,1003.5,1020.4,2348.0,1007.8,5.0,1014.0,12.5,7.8,1200.0,3.36,21.46,,,,,,2.9,1.0,9.8,-5.6,9.9,9.6,10.2,10.1,10.7,9.1,8.8,11.5,14.8,4.1,5.8,,,,2025,3,13,87,1,1,0,0
108,서울,2025-03-29,3.3,0.6,629,6.7,1502,,,,,2.25,0.0,14.9,270.0,1549.0,8.7,290.0,1550.0,3.6,3084.0,290.0,-9.4,18,1550,40.8,3.2,1011.3,1026.8,2309.0,1019.8,1454.0,1022.0,12.5,7.3,1500.0,2.46,15.68,,,,,,2.9,1.6,6.2,-7.7,6.9,6.6,8.4,9.0,10.2,9.3,9.0,11.5,14.8,2.7,3.8,0.0,{눈}0912-0937. {비}1015-{진눈깨비}1025-1055. {눈}1209-{진눈깨비}1219-1224. {눈}1315-1410.,,2025,3,13,88,1,1,0,0
108,서울,2025-03-30,3.3,-1.8,649,7.6,1704,,,,,4.67,0.0,11.0,250.0,1206.0,6.2,250.0,1215.0,2.8,2431.0,250.0,-6.1,28,1810,51.1,4.0,1016.7,1029.3,940.0,1025.2,1827.0,1027.4,12.5,7.1,900.0,2.18,14.39,,,,,,2.9,2.9,4.3,-9.7,5.5,5.1,6.7,7.5,9.2,9.4,9.2,11.5,14.7,2.1,3.0,0.0,{눈}1115-{눈}{강도0}1200-{눈}{강도0}1500-1555.,,2025,3,13,89,1,1,0,0
108,서울,2025-03-31,7.7,1.2,612,14.1,1542,,,,,,,9.7,200.0,1355.0,4.4,250.0,1741.0,2.2,1906.0,250.0,-2.9,21,1654,50.5,5.0,1014.1,1027.3,11.0,1022.0,1546.0,1024.7,12.6,10.8,1200.0,3.2,23.15,,,,,,1.6,0.0,10.3,-5.6,7.6,6.9,6.8,7.0,8.5,9.3,9.3,11.5,14.7,3.5,5.0,,{연무}2350-{연무}{강도0}2400-,,2025,3,14,90,1,1,0,0
108,서울,2025-04-01,10.1,3.9,638,17.0,1444,,,,,,,7.7,270.0,1717.0,4.1,290.0,1635.0,1.8,1594.0,20.0,-0.3,23,1728,53.0,6.1,1011.3,1024.6,1.0,1019.1,1704.0,1021.7,12.6,10.2,1200.0,3.19,22.77,,,,,,0.6,0.6,11.9,-3.2,9.4,8.6,8.0,7.6,8.8,9.1,9.4,11.5,14.7,4.1,5.9,,{박무}0250-{박무}{강도0}0300-{박무}{강도0}0600-{박무}{강도0}0900-0930. -{연무}-0255. {연무}0925-1115.,,2025,4,14,91,1,0,1,0
108,서울,2025-04-02,8.9,5.2,558,14.4,1157,0.0,,0.0,,0.32,0.0,13.2,250.0,1556.0,6.0,250.0,1600.0,2.4,2096.0,250.0,-0.2,23,1354,55.4,6.1,1008.2,1020.5,51.0,1016.7,1544.0,1018.6,12.7,4.6,1000.0,2.31,12.07,,,,,,6.3,3.4,9.3,-2.7,8.7,8.3,8.4,8.3,9.4,9.1,9.5,11.6,14.7,2.4,3.5,0.0,{비}1709-1728.,,2025,4,14,92,1,0,0,0
108,서울,2025-04-03,9.8,3.6,630,16.9,1455,,,,,,,9.0,250.0,1705.0,5.5,250.0,1743.0,2.4,2084.0,50.0,1.2,29,1341,58.6,6.7,1009.1,1021.4,720.0,1017.5,1525.0,1019.5,12.7,11.6,1200.0,3.28,23.81,,,,,,0.1,0.1,13.2,-3.1,10.0,9.3,8.5,8.1,9.4,9.2,9.5,11.6,14.6,3.8,5.4,,{연무}0005-{연무}{강도0}0300-0540. {박무}0535-{박무}{강도0}0600-0840.,,2025,4,14,93,1,0,0,0
108,서울,2025-04-04,10.6,6.0,630,16.4,1407,,,,,,,8.7,250.0,1442.0,5.1,270.0,1450.0,2.2,1918.0,250.0,1.1,29,1405,54.5,6.7,1008.4,1021.1,800.0,1016.8,1602.0,1018.8,12.7,10.4,1200.0,3.3,23.53,,,,,,2.1,1.8,13.7,-0.5,10.8,10.2,9.5,9.0,9.8,9.3,9.6,11.6,14.6,4.0,5.7,2.2,{연무}0145-{연무}{강도0}0300-0410. {박무}0405-{박무}{강도0}0600-0845. {연무}0840-{연무}{강도0}0900-0930.,,2025,4,14,94,1,0,1,0
108,서울,2025-04-05,8.0,7.5,1646,9.5,1,1.1,1745.0,4.3,916.0,18.22,22.8,6.1,230.0,114.0,4.0,230.0,117.0,1.9,1600.0,50.0,5.7,57,7,86.1,9.2,1001.1,1017.7,107.0,1007.8,1724.0,1011.5,12.8,0.0,1200.0,0.32,2.17,,,,,,10.0,8.1,8.4,5.9,9.3,8.3,8.0,7.9,10.3,9.5,9.6,11.6,14.6,0.6,0.8,20.6,{비}0052-0255. {연무}0150-0240. {박무}0235-{박무}{강도0}0300-0350. {연무}0625-0750. {비}0725-{비}{강도0}0900-{비}{강도0}1200-{비}{강도0}1500-{안개비}1530-{비}1705-{비}{강도0}1800-{안개비}2025-{비}2055-{비}{강도0}2100-{안개비}2210-2330. {박무}0745-{박무}{강도1}0900-{박무}{강도0}1200-1350. {박무}1415-{박무}{강도0}1500-{박무}{강도1}1800-{박무}{강도0}2100-{박무}{강도1}2400- {안개비}2355-{안개비}{강도0}2400-,,2025,4,14,95,1,0,0,1
108,서울,2025-04-06,10.3,6.9,642,15.7,1508,0.0,,0.0,,0.33,0.0,9.1,200.0,1659.0,5.1,250.0,1253.0,2.8,2419.0,230.0,3.7,36,1336,67.3,8.1,1004.0,1017.1,2233.0,1010.8,1.0,1014.4,12.8,9.6,1200.0,3.33,22.7,,,,,,3.1,3.1,12.2,2.1,10.8,9.9,8.8,8.4,10.0,9.6,9.7,11.6,14.6,3.7,5.3,,-{안개비}-0020. -{박무}-{박무}{강도0}0300-0525.,,2025,4,14,96,1,0,1,0
108,서울,2025-04-07,13.5,5.5,649,20.1,1428,,,,,,,11.6,200.0,1805.0,6.9,180.0,1806.0,2.7,2357.0,200.0,3.3,27,1431,54.5,7.8,1005.0,1018.5,831.0,1011.9,2148.0,1015.3,12.9,11.3,1200.0,3.24,23.67,,,,,,0.9,0.9,13.9,-2.0,11.5,10.9,10.1,9.6,10.5,9.7,9.8,11.7,14.6,4.7,6.8,,{박무}0450-{박무}{강도0}0600-0855.,,2025,4,15,97,1,0,1,0
108,서울,2025-04-08,13.8,10.7,622,18.9,1533,,,,,,,11.7,250.0,147.0,6.0,290.0,1308.0,3.1,2721.0,270.0,4.1,28,1230,55.0,8.3,1002.9,1014.6,1006.0,1011.6,1657.0,1013.1,12.9,9.2,1200.0,3.35,23.34,,,,,,3.5,2.8,15.3,3.9,13.1,12.5,11.3,10.5,11.1,9.9,9.9,11.7,14.6,4.6,6.6,,{박무}0330-{박무}{강도0}0600-{박무}{강도0}0900-1015. {연무}1010-1050.,,2025,4,15,98,1,0,1,0
108,서울,2025-04-09,12.7,8.4,628,18.0,1313,0.5,1926.0,0.8,1839.0,2.52,0.8,8.9,230.0,1430.0,5.5,230.0,1435.0,2.0,1754.0,200.0,2.4,30,1503,51.6,7.3,1000.2,1014.4,1.0,1006.6,1817.0,1010.4,12.9,2.2,1200.0,2.62,12.49,,,,,,9.0,4.4,12.1,2.1,11.9,11.4,11.1,10.6,11.6,10.1,10.0,11.7,14.5,2.7,3.9,0.8,{비}1555-1615. {비}1804-2005. {비}2350-{비}{강도0}2400-,,2025,4,15,99,1,0,1,0
108,서울,2025-04-10,13.2,8.8,657,19.1,1515,0.0,,0.0,,3.42,0.0,8.2,250.0,1726.0,5.5,270.0,1740.0,2.2,1908.0,270.0,5.4,40,1438,60.6,9.0,996.3,1008.6,2357.0,1004.7,1511.0,1006.5,13.0,9.7,1400.0,3.0,22.16,,,,,,2.0,1.5,15.9,3.2,12.5,12.2,11.2,10.6,11.6,10.4,10.1,11.7,14.5,3.8,5.5,0.0,{연무}0235- -{비}-{비}{강도0}0300-0325. {연무}0520-{연무}{강도0}0600-0635. {박무}0630-{박무}{강도0}0900-0912.,,2025,4,15,100,1,0,1,0
108,서울,2025-04-11,16.2,8.1,617,24.2,1453,,,,,,,7.0,270.0,1537.0,4.1,270.0,1546.0,2.0,1740.0,270.0,5.2,25,1408,51.8,8.9,999.4,1011.2,825.0,1007.6,1613.0,1009.5,13.0,11.8,1200.0,3.42,25.16,,,,,,1.9,0.0,17.2,1.3,13.6,12.9,11.6,10.9,12.0,10.6,10.3,11.8,14.5,5.3,7.6,,{연무}0235- {연무}{강도0}0300-0545. {박무}0540-{박무}{강도0}0600-0840. {연무}0835-{연무}{강도0}0900-0925.,,2025,4,15,101,1,0,1,0
108,서울,2025-04-12,12.9,1.4,2329,22.5,1135,1.0,2151.0,4.2,2144.0,11.17,15.4,14.3,270.0,2111.0,7.9,270.0,2114.0,3.1,2685.0,250.0,5.7,26,1155,66.5,9.4,995.1,1010.4,1.0,1001.4,1637.0,1005.2,13.1,1.5,1000.0,2.1,8.09,0.2,2359.0,0.2,2359.0,0.2,9.5,5.5,12.1,0.1,12.9,12.5,12.2,11.6,12.6,10.8,10.4,11.8,14.5,2.1,3.1,18.5,{비}1250-{비}{강도0}1500-{비}{강도0}1800-{비}{강도0}2100-{진눈깨비}2250-{눈}2320-{눈}{강도0}2400-,,2025,4,15,102,1,0,1,1
108,서울,2025-04-13,5.5,1.1,45,8.2,1002,0.6,16.0,2.7,-2334.0,6.47,4.2,21.5,270.0,1400.0,9.0,250.0,1403.0,4.2,3665.0,200.0,0.4,47,1008,71.1,6.3,988.8,1003.5,1.0,997.5,854.0,999.2,13.1,3.7,1100.0,2.64,12.47,0.4,100.0,0.6,100.0,0.4,7.0,4.6,6.5,0.1,8.7,8.1,9.3,9.8,12.2,11.1,10.6,11.8,14.4,1.8,2.6,2.4,-{비}-{비}0120-{안개비}0155-0225. {황사}0930-{황사}{강도0}1200-1315. {비}1015-1045. {싸락우박}1157-{싸락우박}{강도0}1200-{비}1203-{진눈깨비}1355-{싸락우박}1457-{싸락우박}{강도0}1500-1505. {진눈깨비}1520-1545.,,2025,4,15,103,1,0,0,1
108,서울,2025-04-14,4.4,2.6,304,6.0,1110,2.0,1123.0,3.9,1117.0,11.88,7.4,11.5,290.0,244.0,5.9,180.0,36.0,2.5,2192.0,50.0,2.5,65,2,87.4,7.3,988.1,1002.9,2357.0,996.1,1434.0,998.5,13.1,0.3,800.0,0.81,5.6,,,,,,7.3,4.6,5.6,-0.9,7.4,6.7,7.2,7.8,11.3,11.2,10.7,11.8,14.4,0.8,1.2,6.1,{우박}(d 0.8)0242-{비}0250-{비}{강도0}0300-0305. {비}0850-{비}{강도0}0900-{소나기}1120-{싸락우박}1123-{비}1128-{비}{강도1}1200-{비}{강도0}1500-{비}{강도0}1800-2020.,,2025,4,16,104,1,0,0,1
108,서울,2025-04-15,8.2,2.3,432,14.0,1504,,,,,,,10.6,230.0,1324.0,6.2,250.0,1611.0,2.7,2361.0,250.0,2.5,39,1346,70.3,7.3,995.5,1009.1,2332.0,1002.9,1.0,1005.9,13.2,12.1,1200.0,3.65,26.94,,,,,,2.1,1.9,11.3,-3.8,8.4,8.6,8.3,8.4,10.5,11.1,10.8,11.8,14.4,3.6,5.1,,{박무}2250-{박무}{강도0}2400-,,2025,4,16,105,1,0,0,0
108,서울,2025-04-16,14.6,6.4,330,21.9,1435,,,,,,,10.7,180.0,1502.0,6.0,200.0,1511.0,2.5,2181.0,70.0,5.5,36,1524,58.0,9.1,996.5,1009.4,55.0,1004.4,1627.0,1006.7,13.2,9.7,1100.0,3.16,22.26,,,,,,5.5,2.6,13.7,0.9,10.9,11.4,10.3,9.9,10.8,10.9,10.9,11.9,14.3,4.1,5.9,,-{박무}-{박무}{강도0}0300-{박무}{강도0}0600-{박무}{강도0}0900-0935.,,2025,4,16,106,1,0,1,0
108,서울,2025-04-17,19.7,15.8,618,24.7,1328,,,,,,,8.4,200.0,1259.0,4.9,250.0,1712.0,2.6,2259.0,180.0,12.5,47,39,63.5,14.5,994.2,1005.8,116.0,1002.3,1513.0,1004.1,13.2,2.9,1200.0,2.71,15.0,,,,,,6.1,4.8,17.0,8.5,13.9,14.2,12.4,11.3,11.7,10.9,11.0,11.9,14.3,3.2,4.6,0.0,,,2025,4,16,107,1,0,1,0
108,서울,2025-04-18,18.6,15.4,902,23.7,1621,0.0,,0.0,,0.83,0.0,8.8,180.0,109.0,4.4,230.0,146.0,2.4,2092.0,270.0,12.0,36,1725,67.9,14.1,998.3,1010.7,1042.0,1004.7,125.0,1008.3,13.3,5.0,1300.0,2.85,15.19,,,,,,6.0,4.4,18.2,10.8,15.4,15.5,13.7,12.5,12.8,11.1,11.0,11.9,14.2,2.8,4.0,1.0,{박무}0635-{박무}{강도1}0900-{박무}{강도0}1200-1255. {안개비}0755-0845. {연무}1250-1440. {연무}2130-{연무}{강도0}2400-,,2025,4,16,108,1,0,1,0
108,서울,2025-04-19,15.3,12.2,2352,20.0,1311,1.6,1829.0,3.6,1741.0,11.5,9.2,15.4,180.0,1156.0,8.0,200.0,1145.0,3.0,2608.0,250.0,13.4,70,2,89.1,15.5,997.7,1010.5,25.0,1005.1,1333.0,1007.8,13.3,0.0,1100.0,0.64,2.93,,,,,,8.6,7.3,14.5,7.2,14.1,14.4,13.7,12.9,13.5,11.4,11.1,12.0,14.2,1.1,1.5,8.2,-{연무}-{연무}{강도0}0300-0345. {박무}0340-{시정(미만)}{1km}{안개}0522-{안개}{강도0}0600-{시정(이상)}{1km}{박무}0700-{박무}{강도0}0900-0920. {안개비}0430-{비}0550-{비}{강도0}0600-{비}{강도0}0900-0945. {비}1150-{비}{강도0}1200-1230. {비}1335-{비}{강도0}1500-{비}{강도0}1800-{안개비}1845-1910. {박무}1414-{박무}{강도0}1500-{박무}{강도1}1800-{박무}{강도0}2100-{박무}{강도0}2400-,1.63,2025,4,16,109,1,0,1,1
108,서울,2025-04-20,16.7,9.5,543,24.1,1617,,,,,,,5.0,250.0,1543.0,3.2,180.0,1530.0,1.7,1459.0,270.0,10.5,42,1826,70.0,12.7,1001.8,1014.1,2251.0,1009.3,1.0,1011.9,13.4,11.6,1200.0,3.55,26.74,,,,,,2.1,1.5,18.2,3.3,15.7,14.9,13.3,12.5,13.5,11.7,11.2,12.0,14.2,4.4,6.3,,-{박무}-{박무}{강도0}0300-{박무}{강도0}0600-0840.,,2025,4,16,110,1,0,1,0
108,서울,2025-04-21,20.7,14.2,503,27.1,1518,,,,,,,7.2,230.0,1401.0,4.6,270.0,1856.0,2.2,1896.0,70.0,13.4,42,1401,65.3,15.5,1002.7,1015.9,809.0,1009.9,2348.0,1012.6,13.4,7.7,1100.0,3.25,22.78,,,,,,5.0,4.3,21.0,8.6,17.8,16.5,14.3,13.1,14.2,12.0,11.3,12.0,14.1,4.4,6.3,11.2,,,2025,4,17,111,1,0,1,0
108,서울,2025-04-22,17.8,14.2,2358,20.4,1,2.5,622.0,8.4,604.0,11.53,34.8,6.9,270.0,1212.0,3.9,290.0,1218.0,1.5,1282.0,320.0,15.6,75,1,87.8,17.9,994.8,1010.1,6.0,1001.6,1630.0,1004.8,13.4,0.0,1500.0,0.47,3.12,,,,,,7.4,5.9,17.2,10.2,17.5,16.2,14.7,13.7,15.1,12.3,11.5,12.1,14.1,1.1,1.6,23.6,{비}0145-0203. {비}0345-0350. {비}0404-0420. {비}0502-{비}{강도0}0600-{비}{강도0}0900-{비}{강도1}1200-{비}{강도0}1500-1555. {박무}0507-{박무}{강도0}0600-{박무}{강도0}0900-{박무}{강도2}1200-1435.,,2025,4,17,112,1,0,1,1
108,서울,2025-04-23,16.8,10.9,558,22.9,1410,,,,,,,7.0,270.0,1441.0,4.2,70.0,843.0,2.5,2200.0,50.0,9.0,36,1413,62.4,11.5,995.9,1007.3,754.0,1004.3,1602.0,1005.9,13.5,12.5,1300.0,3.31,26.28,,,,,,3.5,0.0,18.6,5.0,17.0,16.1,15.0,14.2,15.5,12.9,11.8,12.1,14.1,4.8,6.9,,{햇무리}1250-1515.,,2025,4,17,113,1,0,1,0
108,서울,2025-04-24,14.7,10.7,2352,19.6,1434,,,,,,,11.6,250.0,1619.0,6.2,230.0,1550.0,3.1,2644.0,250.0,3.9,25,1800,52.4,8.5,998.2,1012.7,2400.0,1005.7,1552.0,1008.3,13.5,12.2,1200.0,3.44,27.27,,,,,,0.9,0.0,19.2,3.9,16.8,16.0,15.5,14.8,15.6,13.2,12.1,12.1,14.0,5.1,7.3,,{박무}0455-{박무}{강도0}0600-0635. {연무}2105-{연무}{강도0}2400-,,2025,4,17,114,1,0,1,0
108,서울,2025-04-25,12.5,7.7,555,17.8,1357,,,,,,,12.7,290.0,1559.0,6.5,230.0,1524.0,3.0,2629.0,270.0,-2.1,20,1116,38.4,5.3,1004.7,1017.1,2335.0,1012.6,1.0,1015.0,13.6,12.5,1200.0,3.55,27.87,,,,,,0.0,0.0,17.2,0.3,15.1,14.4,14.7,14.5,15.5,13.4,12.3,12.1,14.0,5.9,8.5,,-{연무}-0015.,,2025,4,17,115,1,0,1,0
108,서울,2025-04-26,13.8,7.2,601,20.0,1351,,,,,,,10.7,180.0,1523.0,6.0,200.0,1529.0,2.8,2402.0,200.0,4.1,36,1246,53.1,8.2,1006.9,1018.5,648.0,1015.6,1731.0,1017.2,13.6,12.0,1200.0,3.55,27.29,,,,,,0.0,0.0,19.1,0.8,15.4,14.6,14.4,14.1,15.1,13.6,12.5,12.2,14.0,5.2,7.4,,,,2025,4,17,116,1,0,1,0
108,서울,2025-04-27,14.9,10.7,245,19.1,1419,,,,,,,10.6,200.0,1035.0,5.6,270.0,1306.0,2.8,2404.0,250.0,3.1,31,1040,46.4,7.7,1003.8,1017.5,8.0,1011.0,1933.0,1014.0,13.6,6.3,1400.0,2.38,18.58,,,,,,6.5,1.0,17.8,3.7,15.5,14.8,14.6,14.4,15.2,13.7,12.6,12.2,14.0,3.9,5.6,,,,2025,4,17,117,1,0,1,0
108,서울,2025-04-28,15.1,10.3,636,20.2,1535,,,,,,,13.1,320.0,1410.0,6.3,250.0,1334.0,2.7,2324.0,270.0,2.4,18,1558,45.6,7.6,998.9,1012.8,5.0,1005.8,1612.0,1009.0,13.6,12.5,1200.0,3.59,27.28,,,,,,1.0,1.0,20.3,2.3,16.0,15.2,14.7,14.2,15.1,13.7,12.8,12.3,14.0,5.5,7.9,,,,2025,4,18,118,1,0,1,0
108,서울,2025-04-29,14.8,8.2,538,21.0,1353,,,,,,,8.5,270.0,1438.0,4.7,250.0,1525.0,2.3,1956.0,270.0,-1.5,17,1658,34.1,5.5,1001.8,1013.6,2359.0,1010.5,1711.0,1011.9,13.7,12.8,1200.0,3.55,28.09,,,,,,0.0,0.0,20.3,0.1,15.9,15.2,14.7,14.3,15.2,13.8,12.9,12.3,13.9,6.3,8.9,,,,2025,4,18,119,1,0,1,0
108,서울,2025-04-30,18.4,10.0,558,25.8,1419,,,,,,,10.8,200.0,1321.0,5.9,200.0,1541.0,2.6,2242.0,50.0,2.4,20,1324,36.3,7.3,1002.0,1014.2,834.0,1009.5,2356.0,1012.0,13.7,12.0,1100.0,3.45,27.73,,,,,,2.4,0.0,22.8,2.4,16.9,16.1,15.1,14.5,15.3,13.9,13.0,12.4,13.9,7.1,10.1,,,,2025,4,18,120,1,0,1,0
108,서울,2025-05-01,14.7,11.3,2355,17.6,744,2.5,1246.0,9.0,1237.0,7.6,21.1,8.0,110.0,646.0,3.8,200.0,2112.0,2.2,1889.0,230.0,7.9,27,553,69.6,11.3,996.2,1010.1,105.0,1003.9,1801.0,1006.3,13.8,0.0,700.0,0.49,2.15,,,,,,7.3,5.5,13.3,6.4,15.0,14.7,15.2,15.0,15.7,14.0,13.1,12.4,13.9,1.0,1.5,21.1,{비}0904-{비}{강도1}1200-{비}{강도0}1500-{안개비}1510-1640. {박무}1020-{박무}{강도0}1200-{박무}{강도0}1500-{박무}{강도0}1800-{박무}{강도1}2100-{박무}{강도0}2400-,,2025,5,18,121,0,0,1,1
108,서울,2025-05-02,13.4,8.2,600,18.5,1530,0.0,,0.0,,0.75,0.0,12.1,230.0,1545.0,5.7,290.0,1308.0,3.1,2661.0,250.0,5.1,34,1343,59.3,8.8,999.0,1010.4,913.0,1007.3,1.0,1009.2,13.8,9.1,1200.0,3.36,24.67,,,,,,5.6,3.8,16.8,3.5,14.0,13.9,13.6,13.6,15.1,14.1,13.2,12.5,13.8,3.9,5.6,7.0,-{박무}-0010. {비}2108-2113. {비}2140-2220.,,2025,5,18,122,0,0,1,0
108,서울,2025-05-03,11.2,9.5,708,14.0,1353,0.6,415.0,2.2,402.0,11.55,7.3,9.3,270.0,1544.0,5.3,250.0,1552.0,2.3,1988.0,270.0,7.8,47,114,80.5,10.6,997.9,1010.0,405.0,1006.1,1522.0,1008.1,13.8,1.2,1300.0,2.53,7.6,,,,,,6.9,5.4,11.7,5.4,13.5,13.5,14.0,14.0,15.2,14.1,13.4,12.5,13.7,1.5,2.1,0.3,{비}0025-{비}{강도0}0300-{비}{강도0}0600-{비}{강도0}0900-1158. {박무}0410-{박무}{강도0}0600-0750. {박무}0850-{박무}{강도0}0900-{박무}{강도0}1200-1210.,,2025,5,18,123,0,0,1,1
108,서울,2025-05-04,13.7,8.2,417,19.9,1418,,,,,,,14.3,270.0,1252.0,7.2,250.0,1324.0,2.8,2448.0,250.0,5.1,24,1358,60.9,8.8,1001.1,1014.2,2335.0,1009.8,1732.0,1011.3,13.9,12.8,1300.0,3.58,28.63,,,,,,1.1,0.0,17.2,2.2,14.2,13.8,13.3,13.1,14.8,14.2,13.4,12.6,13.7,5.2,7.5,,,,2025,5,18,124,0,0,1,0
108,서울,2025-05-05,12.1,9.3,317,15.0,1350,,,,,,,8.7,20.0,1455.0,5.0,50.0,1455.0,2.3,2010.0,50.0,5.4,53,1303,64.5,9.0,1001.3,1014.6,110.0,1008.6,1646.0,1011.5,13.9,0.3,900.0,1.29,7.03,,,,,,8.0,6.1,12.0,3.2,13.1,12.9,13.3,13.3,15.0,14.2,13.5,12.6,13.6,2.0,2.9,,,,2025,5,19,125,0,0,1,0
108,서울,2025-05-06,14.4,8.5,450,19.5,1630,,,,,,,7.9,270.0,1843.0,4.7,250.0,1849.0,2.2,1889.0,270.0,5.6,36,1633,57.5,9.1,996.5,1009.4,1.0,1004.5,1628.0,1006.6,13.9,8.5,1000.0,2.7,20.0,,,,,,3.8,0.8,15.2,2.7,13.4,13.3,13.0,12.9,14.7,14.2,13.6,12.7,13.6,3.7,5.2,,,,2025,5,19,126,0,0,1,0
108,서울,2025-05-07,14.9,9.9,554,21.1,1439,,,,,,,8.4,270.0,1554.0,5.1,270.0,1619.0,2.2,1891.0,250.0,7.2,39,1303,61.5,10.2,1002.4,1016.2,2309.0,1008.8,3.0,1012.6,13.9,12.3,1200.0,3.71,27.9,,,,,,2.0,0.4,19.9,4.0,15.1,15.0,14.0,13.5,14.8,14.2,13.6,12.7,13.6,4.7,6.8,,,,2025,5,19,127,0,0,1,0
108,서울,2025-05-08,17.4,9.7,602,24.9,1543,,,,,,,7.6,290.0,1801.0,4.9,290.0,1752.0,1.8,1577.0,270.0,7.1,24,1612,53.5,10.1,1005.8,1017.8,721.0,1013.1,1556.0,1015.9,14.0,11.2,1200.0,3.6,26.79,,,,,,5.3,1.3,21.8,4.5,16.4,16.2,15.1,14.4,15.3,14.2,13.7,12.8,13.5,4.8,6.9,1.9,{햇무리}1350-1430. {황사}1750-{황사}{강도0}1800-2045.,,2025,5,19,128,0,0,1,0
108,서울,2025-05-09,15.1,14.1,1330,17.4,8,1.4,1622.0,3.6,1439.0,17.17,17.6,10.8,70.0,1255.0,5.9,50.0,1421.0,3.0,2587.0,50.0,11.6,51,43,81.8,13.9,993.9,1016.0,1.0,995.2,2356.0,1004.0,14.0,0.0,1200.0,1.02,4.38,,,,,,10.0,7.6,14.6,13.1,15.3,15.4,15.4,14.9,15.9,14.3,13.7,12.8,13.5,0.8,1.2,21.9,{비}0650-{비}{강도0}0900-{비}{강도0}1200-{비}{강도0}1500-{비}{강도0}1800-{비}{강도0}2100-{비}{강도0}2400- {박무}1235-{박무}{강도0}1500-1735.,,2025,5,19,129,0,0,1,1
108,서울,2025-05-10,12.3,11.6,831,15.3,110,0.8,249.0,2.7,-2356.0,16.25,14.1,10.9,230.0,759.0,6.0,230.0,902.0,3.5,3042.0,200.0,11.6,92,1604,95.5,13.6,989.2,1005.5,2314.0,994.1,309.0,999.3,14.0,0.0,1100.0,0.25,2.15,,,,,,9.8,8.9,12.9,11.2,13.8,14.0,14.4,14.4,15.8,14.5,13.8,12.9,13.5,0.6,0.9,7.9,-{비}-{비}{강도0}0300-{안개비}0345-{안개비}{강도0}0600-{비}0820-{비}{강도0}0900-{비}{강도0}1200-{안개비}1345-1410. {박무}1405-{박무}{강도0}1500-{박무}{강도1}1800-{박무}{강도1}2100-{박무}{강도1}2400- {비}1615-{비}{강도0}1800-1820.,,2025,5,19,130,0,0,1,1
108,서울,2025-05-11,14.7,11.4,206,20.2,1643,0.0,,0.0,,0.83,0.0,7.6,270.0,1732.0,4.7,270.0,1711.0,1.9,1622.0,270.0,10.4,55,1727,76.9,12.6,995.2,1006.8,2357.0,1003.0,1635.0,1005.3,14.1,4.7,1200.0,2.51,16.46,,,,,,5.5,4.8,16.4,7.5,15.3,14.8,13.9,13.7,15.3,14.6,13.9,13.0,13.5,2.9,4.1,,-{박무}-{박무}{강도1}0300-{박무}{강도1}0600-{박무}{강도0}0900-{박무}{강도0}1200-1310. {안개비}0305-0355. {박무}2235-{박무}{강도0}2400-,,2025,5,19,131,0,0,1,0
108,서울,2025-05-12,17.0,9.8,543,23.6,1635,,,,,,,8.8,180.0,1354.0,5.7,180.0,1356.0,2.1,1821.0,230.0,9.1,36,1827,62.6,11.5,999.2,1011.3,2343.0,1006.8,1.0,1009.2,14.1,12.7,1200.0,3.64,28.93,,,,,,0.0,0.0,21.0,5.6,17.0,16.2,14.9,14.2,15.6,14.6,14.0,13.0,13.4,5.2,7.4,,-{박무}-{박무}{강도0}0300-{박무}{강도1}0600-{박무}{강도0}0900-0915. {연무}0910-1030.,,2025,5,20,132,0,0,1,0
108,서울,2025-05-13,19.9,13.3,512,25.8,1309,,,,,,,12.6,230.0,1348.0,6.5,230.0,1340.0,2.7,2297.0,230.0,7.3,27,1302,47.4,10.3,1003.7,1015.1,2204.0,1011.2,1.0,1013.7,14.1,9.0,1200.0,3.48,24.02,,,,,,4.8,0.0,20.8,8.0,18.4,16.6,14.6,13.7,16.2,14.7,14.0,13.1,13.4,6.0,8.6,,{채운}0755-0815.,,2025,5,20,133,0,0,1,0
108,서울,2025-05-14,21.0,14.1,547,26.7,1437,0.0,,0.0,,0.5,,9.7,270.0,1548.0,5.6,250.0,1551.0,2.4,2046.0,230.0,10.5,31,1310,52.8,12.9,1004.5,1016.9,732.0,1012.7,1457.0,1014.5,14.2,11.7,1200.0,3.58,26.31,,,,,,3.5,1.5,22.9,7.4,19.2,17.8,16.0,15.1,16.8,14.9,14.1,13.1,13.4,5.1,7.3,1.0,{비}2310-2340.,,2025,5,20,134,0,0,1,0
108,서울,2025-05-15,19.5,16.8,922,22.2,1621,0.1,,0.4,639.0,9.5,1.1,8.1,160.0,152.0,4.4,250.0,903.0,2.3,1994.0,200.0,16.0,67,1658,80.9,18.2,1003.5,1015.7,2318.0,1011.4,450.0,1013.4,14.2,0.8,1500.0,1.5,9.9,,,,,,8.9,6.1,19.6,14.0,19.5,18.1,16.2,15.2,17.4,15.1,14.2,13.2,13.4,1.7,2.5,,{비}0120-{비}{강도0}0300-{비}{강도0}0600-{안개비}0620-{안개비}{강도0}0900-1050. {박무}0415-{박무}{강도0}0600-{박무}{강도0}0900-1055. {박무}1940-{박무}{강도0}2100-{박무}{강도0}2400-,,2025,5,20,135,0,0,1,1
108,서울,2025-05-16,19.4,17.8,2339,22.0,1437,7.7,1607.0,14.2,1549.0,18.58,51.3,7.7,180.0,1607.0,4.2,180.0,1709.0,1.8,1543.0,50.0,18.1,85,205,92.6,20.9,1000.9,1015.5,1.0,1006.1,2229.0,1010.9,14.2,0.0,900.0,0.7,3.75,,,,,,9.8,8.4,19.6,16.2,18.8,17.6,16.0,15.2,17.7,15.4,14.3,13.2,13.4,1.2,1.6,48.5,{안개비}0250-{안개비}{강도0}0300-{안개비}{강도0}0600-{비}0630-0745. -{박무}-{박무}{강도1}0300-{박무}{강도2}0600-{박무}{강도1}0900-{박무}{강도2}1200-{박무}{강도0}1500-1645. {비}0835-{비}{강도0}0900-{시정(미만)}{1km}{비}1029-{시정(이상)}{1km}{비}1036-{비}{강도1}1200-{비}{강도0}1500-1525. {소나기}1540-{소나기}{강도1}1800-{비}1825-{비}{강도0}2100-2230. {박무}1710-{박무}{강도0}1800-1820. {박무}1857-2050.,,2025,5,20,136,0,0,1,1
108,서울,2025-05-17,18.3,14.7,2351,24.3,1305,1.1,1811.0,2.2,1725.0,6.08,2.2,11.7,160.0,1840.0,6.0,250.0,1538.0,2.6,2272.0,230.0,15.8,62,1250,86.4,18.0,995.0,1007.9,2400.0,1002.9,1402.0,1005.0,14.3,6.0,1200.0,3.2,17.36,,,,,,6.4,5.0,20.5,12.5,19.6,18.6,17.2,16.4,18.2,15.9,14.7,13.3,13.4,2.8,4.1,2.2,{비}1640-{비}{강도0}1800-{안개비}1930-{안개비}{강도0}2100-2245. {박무}1725-{박무}{강도0}1800-{박무}{강도1}2100-{박무}{강도0}2400-,,2025,5,20,137,0,0,1,1
108,서울,2025-05-18,15.6,11.4,541,21.0,1459,,,,,,,9.7,200.0,1429.0,5.2,270.0,1539.0,2.6,2282.0,270.0,6.7,31,1349,59.3,10.0,1000.2,1011.9,825.0,1007.6,30.0,1010.3,14.3,10.5,1200.0,3.69,27.51,,,,,,3.0,1.1,20.4,7.5,18.8,17.7,16.5,15.8,18.3,16.1,14.9,13.5,13.4,5.1,7.2,,-{박무}-0020.,,2025,5,20,138,0,0,1,0
108,서울,2025-05-19,16.1,10.5,357,20.9,1538,0.3,1950.0,0.8,1945.0,5.08,1.6,9.8,180.0,1859.0,5.7,180.0,1806.0,2.8,2416.0,200.0,10.3,46,1240,70.4,13.1,995.2,1010.6,8.0,1001.6,1841.0,1005.3,14.3,0.9,1500.0,1.87,11.93,,,,,,7.9,7.4,16.8,6.1,17.2,16.3,16.0,15.8,18.2,16.3,15.0,13.5,13.4,2.3,3.3,2.6,{박무}1810-{박무}{강도1}2100-{박무}{강도2}2400- {안개비}1855-{안개비}{강도0}2100-{안개비}{강도0}2400-,,2025,5,21,139,0,0,1,1
108,서울,2025-05-20,22.2,17.4,1,27.3,1513,0.2,,0.7,-2355.0,10.17,1.0,9.3,180.0,1606.0,5.2,200.0,1552.0,2.5,2197.0,230.0,19.5,69,1537,85.5,22.8,996.8,1008.2,2240.0,1004.7,4.0,1006.6,14.3,3.0,1400.0,2.91,12.96,,,,,,7.5,7.4,23.3,17.4,19.8,18.5,16.3,15.5,18.0,16.4,15.2,13.5,13.4,2.7,3.9,0.0,-{비}-{비}0115-0245. -{박무}-{박무}{강도0}0300-0505. {안개비}0930-1140. {비}1820-1845. {비}1905-{비}{강도0}2100-2355.,,2025,5,21,140,0,0,1,1
108,서울,2025-05-21,25.5,22.3,2345,30.8,1417,,,,,,,8.4,320.0,1839.0,4.7,290.0,1848.0,2.1,1803.0,270.0,20.6,54,1421,75.5,24.2,996.1,1008.6,106.0,1002.9,1649.0,1005.8,14.4,7.0,1300.0,3.14,22.19,,,,,,6.5,4.6,26.6,18.8,23.3,21.9,18.8,17.2,18.8,16.4,15.3,13.6,13.4,4.0,5.8,0.8,,,2025,5,21,141,0,0,1,0
108,서울,2025-05-22,23.9,20.0,734,28.5,1536,0.5,529.0,0.7,456.0,2.75,0.8,6.6,70.0,2217.0,3.8,200.0,1759.0,2.1,1825.0,50.0,17.1,39,1622,68.0,19.6,996.3,1008.5,2351.0,1004.5,452.0,1006.1,14.4,6.1,1300.0,3.34,22.94,,,,,,5.6,4.8,26.6,18.1,23.2,22.5,20.6,19.2,19.8,16.7,15.4,13.6,13.4,5.0,7.2,,{안개비}0455-{비}0510-{비}{강도0}0600-{안개비}0655-0740. {박무}0650-0720.,,2025,5,21,142,0,0,1,0
108,서울,2025-05-23,19.4,15.4,2343,22.2,1,0.4,2126.0,0.8,2115.0,4.67,1.2,9.2,140.0,113.0,4.4,70.0,1218.0,2.8,2442.0,70.0,9.3,36,1310,53.8,11.9,1000.3,1011.8,2247.0,1008.4,43.0,1010.3,14.4,0.0,1100.0,1.24,9.19,,,,,,9.4,5.4,20.0,14.3,20.7,20.6,20.7,20.0,20.5,17.1,15.6,13.6,13.4,2.7,3.8,5.5,{비}1920-{비}{강도0}2100-{비}{강도0}2400-,,2025,5,21,143,0,0,1,1
108,서울,2025-05-24,15.6,13.0,537,19.3,1708,0.6,145.0,2.4,105.0,5.83,4.3,8.2,50.0,1253.0,4.6,50.0,556.0,3.1,2677.0,50.0,9.7,53,1807,69.1,12.1,999.5,1011.8,38.0,1007.7,1458.0,1009.6,14.4,0.3,1300.0,1.6,10.54,,,,,,8.1,5.6,17.3,9.3,18.3,18.0,18.7,18.7,19.9,17.4,15.7,13.7,13.4,2.4,3.5,,{박무}0035-{박무}{강도0}0300-0310. -{비}-{비}{강도0}0300-0535. {비}0740-0755.,,2025,5,21,144,0,0,1,1
108,서울,2025-05-25,17.4,11.7,504,22.6,1607,,,,,,,8.7,290.0,1408.0,5.0,230.0,1314.0,2.1,1846.0,270.0,9.4,44,1626,61.0,11.8,1003.5,1016.2,2355.0,1011.3,5.0,1013.6,14.5,13.1,1200.0,3.76,30.47,,,,,,0.0,0.0,22.6,7.6,18.7,18.0,16.9,16.5,19.2,17.6,16.0,13.7,13.4,5.4,7.8,,,,2025,5,21,145,0,0,1,0
108,서울,2025-05-26,19.7,13.0,544,26.2,1505,,,,,,,6.7,290.0,1715.0,4.0,270.0,1635.0,1.7,1502.0,270.0,10.9,36,1333,59.4,13.1,1006.0,1017.4,637.0,1014.2,1745.0,1016.0,14.5,12.3,1100.0,3.27,26.71,,,,,,4.9,0.8,24.6,9.2,19.8,19.0,17.3,16.5,19.3,17.5,16.2,13.8,13.4,4.9,7.1,,{연무}2230-{연무}{강도0}2400-,,2025,5,22,146,0,0,1,0
108,서울,2025-05-27,20.8,14.7,539,27.0,1427,,,,,,,7.1,320.0,1815.0,4.5,290.0,1817.0,1.9,1673.0,270.0,11.4,36,1436,57.0,13.5,1006.7,1018.4,706.0,1014.7,1705.0,1016.7,14.5,12.3,1200.0,3.34,27.07,,,,,,1.0,1.0,25.7,9.6,21.0,19.8,17.8,16.9,19.6,17.6,16.2,13.8,13.4,5.0,7.2,,-{연무}-{연무}{강도0}0300-{연무}{강도0}0600-0635. {박무}0630-0735. {연무}2250-{연무}{강도0}2400-,,2025,5,22,147,0,0,1,0
108,서울,2025-05-28,20.8,16.3,529,26.9,1528,0.0,,0.0,,0.68,0.0,7.6,270.0,1646.0,4.7,270.0,1632.0,1.8,1595.0,270.0,12.8,38,1342,62.0,14.8,1006.7,1018.1,759.0,1014.5,1543.0,1016.7,14.5,8.4,1200.0,3.12,22.39,,,,,,3.4,1.6,24.9,11.1,21.5,20.2,18.3,17.3,19.9,17.6,16.3,13.9,13.4,4.8,6.9,0.0,{비}0915-0956.  {박무}0335-{박무}{강도0}0600-{박무}{강도0}0900-0935.  -{연무}-{연무}{강도0}0300-0340. {연무}0930-1155. ,,2025,5,22,148,0,0,1,0
108,서울,2025-05-29,21.2,15.3,540,27.3,1557,,,,,,,7.8,250.0,1738.0,4.5,250.0,1802.0,2.2,1939.0,270.0,12.2,34,1539,58.4,14.3,1004.0,1017.0,1.0,1011.2,1718.0,1013.9,14.5,11.7,1100.0,3.34,26.56,,,,,,2.0,0.6,25.0,9.9,21.9,20.5,18.4,17.4,20.1,17.8,16.4,14.0,13.4,5.2,7.5,,,,2025,5,22,149,0,0,1,0
108,서울,2025-05-30,22.2,16.7,605,28.3,1535,,,,,,,6.5,270.0,1840.0,4.2,250.0,1848.0,1.7,1470.0,50.0,12.1,29,1713,55.0,14.2,1001.6,1013.2,651.0,1009.1,1739.0,1011.4,14.6,12.1,1200.0,3.3,25.72,,,,,,0.5,0.5,27.2,10.5,22.5,21.0,18.8,17.7,20.4,18.0,16.5,14.0,13.4,5.5,7.9,,,,2025,5,22,150,0,0,1,0
108,서울,2025-05-31,21.5,16.4,528,27.0,1517,,,,,,,5.7,230.0,1819.0,3.6,270.0,1635.0,2.0,1718.0,50.0,11.7,36,1521,55.0,13.9,1000.3,1012.3,704.0,1008.1,1608.0,1010.2,14.6,7.3,1200.0,2.6,21.39,,,,,,6.1,0.0,26.4,10.4,22.3,20.8,19.0,18.0,20.6,18.2,16.6,14.1,13.4,4.2,6.0,,{연무}1730-{연무}{강도0}1800-1850. {연무}2050-{연무}{강도0}2100-2140. {연무}2235-{연무}{강도0}2400-,,2025,5,22,151,0,0,1,0
108,서울,2025-06-01,22.6,17.0,550,29.3,1508,,,,,,,8.0,250.0,1525.0,4.7,270.0,1558.0,2.0,1756.0,270.0,13.3,39,1447,57.8,15.3,998.6,1010.9,618.0,1006.4,1815.0,1008.4,14.6,10.9,1200.0,3.52,27.08,,,,,,3.5,0.0,29.8,11.1,23.1,21.5,19.0,17.8,20.7,18.3,16.8,14.1,13.4,5.2,7.4,0.0,{박무}0510-{박무}{강도0}0600-0825.  -{연무}-{연무}{강도0}0300-0515. {연무}0820-{연무}{강도0}0900-1130.,,2025,6,22,152,0,0,1,0
108,서울,2025-06-02,21.0,19.2,513,23.1,1529,0.0,,0.0,,5.67,0.0,5.3,50.0,1240.0,3.5,50.0,1247.0,1.5,1269.0,270.0,13.9,55,1524,64.3,15.9,993.2,1007.1,7.0,1000.3,2327.0,1003.0,14.6,0.0,1200.0,0.89,6.3,,,,,,9.8,7.9,21.8,14.7,21.6,20.2,19.0,18.2,21.1,18.5,16.9,14.2,13.4,2.2,3.1,0.0,{비}0635-0730. {비}0925-{비}{강도0}1200-1410.  {연무}1105-{연무}{강도0}1200-1315. {연무}1750-{연무}{강도0}1800-1905. {연무}2230-{연무}{강도0}2400-,,2025,6,23,153,0,0,1,0
108,서울,2025-06-03,20.9,17.0,2358,25.3,1216,,,,,,,11.4,230.0,1511.0,5.9,230.0,1520.0,2.9,2463.0,250.0,11.6,37,1855,56.9,13.8,989.2,1001.3,2229.0,997.3,1545.0,999.0,14.6,11.9,1100.0,3.47,27.24,,,,,,1.6,1.6,28.0,10.3,22.6,20.8,18.6,17.6,20.8,18.7,17.0,14.3,13.4,5.6,8.0,,{박무}0545-{박무}{강도0}0600-0720.  -{연무}-{연무}{강도0}0300-0550.,,2025,6,23,154,0,0,1,0
108,서울,2025-06-04,20.5,15.2,512,25.3,1246,,,,,,,13.1,250.0,1339.0,7.8,270.0,1340.0,3.5,3006.0,250.0,10.6,34,1253,55.3,12.8,993.4,1008.1,2254.0,1001.0,1.0,1003.2,14.6,12.1,1200.0,3.74,29.45,,,,,,0.4,0.4,29.2,8.8,22.4,21.0,19.3,18.4,21.0,18.8,17.2,14.3,13.4,6.5,9.2,,,,2025,6,23,155,0,0,1,0
108,서울,2025-06-05,21.7,15.6,605,27.1,1432,,,,,,,8.4,250.0,1514.0,5.3,270.0,1444.0,2.3,2007.0,270.0,10.0,29,1757,49.8,12.3,999.5,1011.0,1114.0,1007.6,1811.0,1009.4,14.7,12.5,1200.0,3.63,28.99,,,,,,3.1,0.0,28.6,8.0,23.2,21.4,19.0,17.9,21.1,18.9,17.4,14.4,13.5,6.3,9.0,,,,2025,6,23,156,0,0,1,0
108,서울,2025-06-06,24.1,17.7,531,30.0,1347,,,,,,,15.8,230.0,1611.0,7.8,230.0,1611.0,3.0,2620.0,230.0,10.1,27,1432,42.6,12.4,997.6,1009.0,125.0,1005.7,1410.0,1007.4,14.7,12.0,1200.0,3.61,29.48,,,,,,3.5,0.0,32.3,11.4,24.5,22.2,19.5,18.2,21.4,19.1,17.5,14.5,13.5,7.6,10.9,,,,2025,6,23,157,0,0,1,0
108,서울,2025-06-07,23.7,19.8,507,28.2,1600,0.1,,0.6,2320.0,1.43,0.1,9.7,230.0,1407.0,6.3,230.0,1435.0,2.6,2283.0,230.0,15.5,42,121,61.4,18.0,997.5,1008.5,822.0,1005.9,1452.0,1007.3,14.7,4.6,1400.0,2.62,17.51,,,,,,6.8,4.1,30.0,12.6,24.2,22.9,21.6,20.6,21.8,19.2,17.6,14.5,13.5,3.6,5.1,0.7,{비}1133-1139. {비}2130-2220. {비}2330-{비}{강도0}2400- {박무}2135-{박무}{강도0}2400-,,2025,6,23,158,0,0,1,0
108,서울,2025-06-08,25.1,21.4,520,30.4,1355,0.6,10.0,0.6,1.0,2.42,0.6,6.8,320.0,1546.0,4.0,250.0,1618.0,1.7,1499.0,250.0,18.7,41,1339,69.3,21.5,997.0,1008.0,12.0,1005.0,1523.0,1006.7,14.7,7.4,1100.0,3.45,21.59,,,,,,6.8,5.8,29.5,17.6,25.2,24.2,22.2,21.0,22.0,19.4,17.7,14.6,13.5,4.6,6.6,0.0,-{비}-0050. {비}0140-0215. {안개비}0250-{안개비}{강도0}0300-0350.  -{박무}-{박무}{강도0}0300-{박무}{강도0}0600-0740.,,2025,6,23,159,0,0,1,0
108,서울,2025-06-09,24.2,20.6,534,30.2,1513,0.0,,0.0,,0.42,0.0,7.6,200.0,451.0,4.4,200.0,453.0,2.6,2232.0,270.0,17.2,33,1651,66.6,19.7,996.4,1007.9,722.0,1003.9,2020.0,1006.1,14.7,9.6,1200.0,3.59,25.91,,,,,,6.3,3.0,32.5,16.4,26.3,25.0,22.8,21.4,22.5,19.6,17.9,14.7,13.5,5.5,7.9,0.0,{비}0315-0340.  {박무}0050-0255. {박무}2345-{박무}{강도0}2400- {햇무리}1250-1340.,,2025,6,24,160,0,0,1,0
108,서울,2025-06-10,21.7,18.8,2357,25.3,1659,0.0,,0.0,,0.08,0.0,8.7,290.0,224.0,5.2,270.0,1829.0,2.5,2170.0,250.0,16.2,58,1700,71.6,18.5,996.2,1009.0,2338.0,1003.6,704.0,1006.1,14.7,4.1,1600.0,1.88,14.46,,,,,,7.5,3.4,26.4,11.7,24.5,23.6,22.8,21.9,22.9,19.9,18.0,14.8,13.5,3.2,4.6,,{비}0250-0255.  -{박무}-0045.,,2025,6,24,161,0,0,1,0
108,서울,2025-06-11,22.7,15.9,526,28.5,1418,,,,,,,10.0,200.0,1211.0,4.8,250.0,1219.0,2.4,2096.0,270.0,12.4,36,1559,54.6,14.4,1000.8,1012.8,2306.0,1008.8,1.0,1010.7,14.7,13.5,1200.0,3.66,31.05,,,,,,2.3,0.0,32.9,9.1,24.8,23.4,21.7,20.8,22.6,20.1,18.2,14.8,13.5,6.9,9.8,,,,2025,6,24,162,0,0,1,0
108,서울,2025-06-12,25.5,17.9,537,33.1,1616,,,,,,,7.7,290.0,1719.0,4.8,270.0,1741.0,1.9,1667.0,50.0,13.6,26,1544,50.4,15.7,1003.5,1014.9,800.0,1011.0,1634.0,1013.2,14.7,12.4,1200.0,3.71,30.36,,,,,,4.4,0.0,35.6,11.7,26.2,25.0,22.8,21.6,22.8,20.2,18.4,14.9,13.6,6.7,9.6,,,,2025,6,24,163,0,0,1,0
108,서울,2025-06-13,24.0,20.1,2224,29.4,1234,0.9,2116.0,1.5,2038.0,5.08,1.5,6.6,290.0,1258.0,3.7,270.0,1305.0,1.9,1638.0,270.0,15.6,40,1039,60.9,17.8,1001.4,1014.3,328.0,1007.2,2359.0,1011.2,14.7,3.8,1000.0,2.39,15.62,,,,,,8.8,3.3,28.2,14.8,25.2,24.5,23.1,22.0,22.3,20.4,18.5,15.0,13.6,3.5,5.0,1.5,{비}1710-{비}{강도0}1800-{비}{강도0}2100-2215.  {햇무리}0855-1310.,,2025,6,24,164,0,0,1,1
108,서울,2025-06-14,25.6,20.3,1,32.1,1647,,,,,,,7.0,230.0,1839.0,4.1,230.0,1844.0,2.0,1727.0,270.0,18.5,47,1649,66.3,21.4,991.3,1007.4,15.0,997.0,1702.0,1000.9,14.8,5.9,1200.0,3.28,21.02,,,,,,4.8,2.4,28.5,17.7,24.7,24.7,23.1,22.1,23.2,20.6,18.7,15.0,13.6,4.8,6.9,,,,2025,6,24,165,0,0,1,0
108,서울,2025-06-15,26.3,21.7,607,33.2,1410,3.1,2222.0,7.9,2147.0,5.08,11.8,10.5,200.0,2050.0,5.7,200.0,2056.0,2.5,2144.0,180.0,19.8,43,1411,69.6,23.2,988.0,1000.6,718.0,995.0,1720.0,997.6,14.8,7.8,1300.0,3.19,22.08,,,,,,7.9,5.1,34.6,16.7,25.6,25.1,22.2,20.8,23.5,20.7,18.8,15.1,13.6,4.3,6.2,18.7,{비}1725-{비}{강도0}1800-1850. {비}2020-{비}{강도0}2100-{비}{강도0}2400-,,2025,6,24,166,0,0,1,1
108,서울,2025-06-16,23.0,21.8,2351,25.1,1245,9.5,1329.0,13.1,1310.0,10.5,20.0,12.1,180.0,1506.0,5.7,200.0,1514.0,2.7,2350.0,200.0,20.8,79,1756,87.8,24.6,987.6,1001.1,2358.0,995.1,345.0,997.3,14.8,0.1,1400.0,0.9,5.19,,,,,,9.3,8.5,22.4,20.3,21.3,23.2,22.2,21.4,23.8,20.9,18.9,15.2,13.6,1.6,2.2,13.1,-{비}-{비}{강도0}0300-{비}{강도0}0600-{안개비}0650-{안개비}{강도0}0900-0930. {비}1310-1410.  {박무}0405-{박무}{강도1}0600-{박무}{강도1}0900-{박무}{강도0}1200-1240. {박무}1330-{박무}{강도0}1500-{박무}{강도0}1800-{박무}{강도0}2100-2210. ,,2025,6,25,167,0,0,1,1
108,서울,2025-06-17,24.8,21.1,510,29.6,1526,,,,,,,6.9,180.0,920.0,3.8,180.0,3.0,2.5,2130.0,180.0,19.4,51,1547,73.3,22.5,994.0,1006.8,2325.0,1000.4,37.0,1003.7,14.8,8.6,1100.0,3.06,22.97,,,,,,3.8,3.3,25.2,18.2,24.3,23.4,21.1,20.0,23.5,21.1,19.1,15.3,13.7,4.6,6.5,,{박무}2320-{박무}{강도0}2400-,,2025,6,25,168,0,0,1,0
108,서울,2025-06-18,25.5,21.2,536,30.9,1508,,,,,,,7.4,290.0,1550.0,4.1,270.0,1551.0,2.0,1705.0,270.0,18.0,45,1446,65.3,20.7,1000.1,1012.2,2358.0,1006.7,1.0,1009.8,14.8,10.3,1200.0,3.49,26.88,,,,,,3.0,0.6,28.7,17.9,25.1,24.5,22.1,20.8,23.9,21.2,19.2,15.3,13.7,5.6,8.0,,-{박무}-{박무}{강도0}0300-{박무}{강도1}0600-{박무}{강도0}0900-0950.  {연무}0945-1105. ,,2025,6,25,169,0,0,1,0
108,서울,2025-06-19,28.1,21.1,549,34.2,1426,0.6,2126.0,0.8,2111.0,0.92,0.8,9.2,180.0,1453.0,5.0,180.0,1502.0,2.0,1712.0,50.0,18.5,33,1452,57.9,21.5,1000.9,1012.9,638.0,1008.2,2342.0,1010.6,14.8,8.8,1200.0,3.41,23.77,,,,,,5.8,3.4,31.7,16.2,25.8,24.9,22.2,20.7,24.3,21.3,19.4,15.4,13.7,5.0,7.1,23.7,{비}2010-2025. {비}2111-2151.,,2025,6,25,170,0,0,1,0
108,서울,2025-06-20,24.1,22.2,2318,28.3,1,2.6,1411.0,8.0,501.0,23.67,51.1,17.5,180.0,1618.0,8.3,180.0,1626.0,3.9,3403.0,200.0,22.9,68,1,93.4,27.9,993.6,1008.5,112.0,999.5,1758.0,1003.3,14.8,0.0,1200.0,0.53,2.92,,,,,,10.0,8.4,23.8,21.6,23.2,23.3,21.4,20.2,24.7,21.5,19.5,15.5,13.7,0.9,1.2,28.4,{비}0020-{비}{강도0}0300-{비}{강도1}0600-{비}{강도0}0900-{비}{강도0}1200-{비}{강도1}1500-{비}{강도1}1800-{비}{강도0}2100-{비}{강도0}2400- {박무}0455-{박무}{강도0}0600-0705. {박무}1530-{박무}{강도0}1800-1805. {박무}2005-{박무}{강도0}2100-{박무}{강도1}2400-,,2025,6,25,171,0,0,1,1
108,서울,2025-06-21,22.0,20.5,2354,24.2,1643,0.2,,0.5,-2331.0,8.17,0.2,9.7,230.0,28.0,5.1,230.0,28.0,2.1,1850.0,250.0,19.8,71,1722,88.1,23.2,993.4,1004.8,2223.0,1001.0,354.0,1003.2,14.8,0.0,1500.0,0.98,7.0,,,,,,9.8,6.1,22.8,18.3,22.3,22.0,20.1,19.3,24.5,21.8,19.7,15.6,13.7,1.8,2.6,0.0,-{비}-{안개비}0130-{안개비}{강도0}0300-0350. {안개비}0445-{안개비}{강도0}0600-0645. {비}1320-{비}{강도0}1500-1540.  -{박무}-{박무}{강도0}0300-{박무}{강도2}0600-{박무}{강도0}0900-1050. {박무}1910-{박무}{강도0}2100-2320.,,2025,6,25,172,0,0,1,0
108,서울,2025-06-22,23.3,18.1,536,28.6,1515,,,,,,,7.9,250.0,1544.0,4.5,250.0,1633.0,2.3,2008.0,250.0,16.8,48,1553,68.6,19.2,995.9,1007.2,2305.0,1004.3,214.0,1005.7,14.8,13.4,1200.0,3.6,30.56,,,,,,0.3,0.0,26.2,14.3,23.8,23.6,21.9,21.0,24.0,21.9,19.8,15.7,13.8,5.7,8.2,,{박무}0140-{박무}{강도0}0300-{박무}{강도0}0600-0655.,,2025,6,25,173,0,0,1,0
108,서울,2025-06-23,26.1,19.4,534,31.7,1620,,,,,,,6.3,290.0,1745.0,4.1,320.0,1639.0,1.8,1561.0,270.0,18.5,45,1436,64.8,21.3,996.7,1007.9,654.0,1004.2,1706.0,1006.4,14.8,12.8,1200.0,3.44,27.7,,,,,,1.3,0.8,28.5,16.2,24.8,24.6,22.9,22.3,24.1,21.9,20.0,15.7,13.8,5.5,7.9,,{박무}0045-0220. {박무}0310-{박무}{강도0}0600-0745.,,2025,6,26,174,0,0,1,0
108,서울,2025-06-24,25.0,20.5,2332,28.0,1244,0.9,2132.0,2.1,2116.0,4.08,2.3,9.2,70.0,1616.0,4.8,50.0,2354.0,2.6,2263.0,50.0,17.3,43,1305,63.4,19.7,997.3,1008.4,829.0,1004.9,1625.0,1007.0,14.8,0.2,1200.0,1.75,10.18,,,,,,8.9,3.3,23.8,19.4,24.3,24.2,23.5,22.7,24.5,22.0,20.1,15.8,13.8,2.9,4.2,4.7,{비}1905-{비}{강도0}2100-2310.,,2025,6,26,175,0,0,1,1
108,서울,2025-06-25,20.9,19.5,327,22.1,1407,1.0,1831.0,2.8,1818.0,18.08,8.0,8.2,50.0,2.0,4.7,50.0,2.0,2.5,2202.0,50.0,18.9,72,225,88.9,21.9,995.9,1007.1,2319.0,1004.8,1739.0,1005.8,14.8,0.0,1200.0,0.96,5.11,,,,,,10.0,7.4,21.5,18.7,21.5,22.3,22.3,22.1,24.2,22.1,20.2,15.9,13.8,1.2,1.6,6.7,{비}0115-{비}{강도0}0300-0505. {비}0640-{비}{강도0}0900-{비}{강도0}1200-{비}{강도0}1500-{비}{강도0}1800-2055.  {박무}0755-0815. {박무}0935-1125. {박무}1445-{박무}{강도0}1500-1610. {박무}1755-{박무}{강도0}1800-2045. {박무}2350-{박무}{강도0}2400-,,2025,6,26,176,0,0,1,1
108,서울,2025-06-26,22.2,19.9,449,24.2,1734,0.3,356.0,1.0,319.0,3.5,1.1,6.0,270.0,441.0,3.6,250.0,443.0,1.7,1468.0,270.0,19.5,76,1735,85.3,22.7,998.3,1008.6,759.0,1007.0,1.0,1008.1,14.8,0.1,1000.0,1.15,7.23,,,,,,8.4,7.1,22.7,18.9,21.2,21.7,20.1,19.5,23.8,22.2,20.4,16.0,13.9,1.4,2.0,0.0,{안개비}0105-0140. {안개비}0305-0550. {비}1535-1545.  -{박무}-{박무}{강도0}0300-{박무}{강도0}0600-0620. {박무}1205-1320.,,2025,6,26,177,0,0,1,1
108,서울,2025-06-27,25.0,21.1,440,29.3,1620,0.0,,0.0,,1.97,0.0,6.2,70.0,1338.0,3.2,50.0,1406.0,1.4,1243.0,50.0,20.7,62,1632,78.1,24.4,998.0,1009.2,951.0,1005.9,1758.0,1007.7,14.8,3.1,1400.0,2.54,12.92,,,,,,8.6,5.3,25.2,19.0,21.9,22.7,21.2,20.5,23.5,22.1,20.4,16.0,13.9,2.5,3.5,0.6,{비}0310-0315. {비}0855-{비}{강도0}0900-1010. {비}1102-1125. {비}1315-1330.  {박무}0550-{박무}{강도0}0600-0630. {박무}0925-{박무}{강도0}1200-1320.,,2025,6,26,178,0,0,1,0
108,서울,2025-06-28,26.2,24.5,555,28.1,1514,0.2,,0.5,616.0,5.83,0.6,5.0,290.0,1728.0,3.1,290.0,1749.0,1.4,1216.0,270.0,23.4,77,3,85.0,28.8,996.7,1007.7,1.0,1005.2,1651.0,1006.4,14.8,0.0,1500.0,1.09,7.13,,,,,,9.3,7.1,24.4,22.5,20.6,23.2,20.8,19.6,23.8,22.1,20.6,16.1,13.9,1.7,2.4,0.0,{비}0155-{비}{강도0}0300-0305. {비}0425-{비}{강도0}0600-0740. {비}0810-0830. {비}0925-0955. {비}1310-1345.  {박무}0505-{박무}{강도0}0600-{박무}{강도0}0900-{박무}{강도0}1200-{박무}{강도0}1500-{박무}{강도0}1800-1905. {박무}2005-{박무}{강도0}2100-2115.,,2025,6,26,179,0,0,1,0
108,서울,2025-06-29,27.1,24.9,654,30.2,1659,0.0,,0.0,,1.0,0.0,7.5,250.0,1901.0,4.1,200.0,1753.0,2.3,2020.0,230.0,22.6,61,1833,77.1,27.5,997.6,1009.0,2355.0,1005.5,16.0,1007.2,14.7,2.5,1400.0,1.91,12.41,,,,,,6.1,5.1,25.3,21.4,21.5,24.1,21.4,20.0,24.2,22.2,20.6,16.2,13.9,2.8,4.0,0.0,{안개비}0420-0455. {비}0910-0935.  {박무}0025-{박무}{강도0}0300-0415.,,2025,6,26,180,0,0,1,0
108,서울,2025-06-30,28.2,25.6,516,31.2,1354,,,,,,,8.1,250.0,1613.0,4.6,250.0,1622.0,2.4,2103.0,180.0,23.1,62,1443,74.6,28.2,1000.0,1010.6,2226.0,1008.8,1736.0,1009.6,14.7,2.8,1300.0,2.54,15.61,,,,,,7.8,6.4,26.4,21.5,23.0,24.8,21.9,20.5,24.5,22.2,20.7,16.3,14.0,3.5,5.0,0.9,,,2025,6,27,181,0,0,1,0
108,서울,2025-07-01,28.6,26.2,729,31.8,1336,0.9,700.0,0.9,610.0,3.67,0.9,8.7,250.0,1521.0,5.2,250.0,1526.0,3.0,2631.0,200.0,24.4,67,1330,78.6,30.6,1001.6,1012.3,1003.0,1010.1,1743.0,1011.3,14.7,3.8,1300.0,2.83,17.38,,,,,,7.0,6.6,27.8,25.2,25.8,25.8,22.7,21.1,24.9,22.3,20.7,16.3,14.0,3.8,5.5,0.0,{비}0450-{비}{강도0}0600-0810. {비}0915-0925. {비}1035-1045.,,2025,7,27,182,0,0,1,0
108,서울,2025-07-02,28.6,26.8,520,30.9,1247,0.0,,0.0,,0.33,0.0,9.1,180.0,1240.0,5.2,200.0,1259.0,2.9,2544.0,200.0,23.9,60,1649,76.3,29.6,1001.8,1012.9,822.0,1009.8,1831.0,1011.5,14.7,2.3,1200.0,2.0,14.4,,,,,,8.0,5.9,28.3,25.2,26.6,25.9,23.2,21.6,25.5,22.5,20.8,16.4,14.0,3.2,4.6,0.0,{비}1415-1435.,,2025,7,27,183,0,0,1,0
108,서울,2025-07-03,28.3,26.5,2357,32.0,1523,0.0,,0.0,,0.08,0.0,8.8,250.0,1658.0,4.6,230.0,1705.0,2.8,2456.0,230.0,23.3,56,1656,75.5,28.7,999.3,1011.1,6.0,1007.2,1746.0,1008.9,14.7,2.7,1400.0,2.6,13.6,,,,,,7.5,5.1,29.3,23.9,25.8,25.9,23.4,21.8,25.7,22.7,20.8,16.5,14.0,3.4,4.9,0.0,{비}1133-1138.,,2025,7,27,184,0,0,1,0
108,서울,2025-07-04,27.2,25.7,453,30.0,1436,0.0,,0.0,,1.75,0.0,10.0,200.0,1429.0,5.6,200.0,1431.0,3.2,2800.0,230.0,22.7,66,1440,77.0,27.6,996.6,1007.9,5.0,1004.2,1748.0,1006.2,14.7,0.8,1400.0,2.14,7.72,,,,,,8.8,8.4,27.8,23.4,25.9,25.3,23.2,22.0,25.8,22.9,20.9,16.6,14.1,2.3,3.3,0.0,{비}1050-{비}{강도0}1200-1220. {비}1555-1610.,,2025,7,27,185,0,0,1,0
108,서울,2025-07-05,28.4,26.0,459,32.3,1501,,,,,,,8.1,160.0,427.0,4.5,200.0,426.0,2.8,2379.0,200.0,22.9,58,1510,72.9,28.0,995.1,1006.2,730.0,1002.6,1800.0,1004.7,14.7,3.0,1400.0,2.69,14.77,,,,,,8.1,6.4,29.8,24.4,25.1,25.8,23.7,22.6,25.7,23.0,21.1,16.6,14.1,3.4,4.9,,,,2025,7,27,186,0,0,1,0
108,서울,2025-07-06,29.1,26.3,727,32.8,1408,,,,,,,7.3,180.0,34.0,4.2,180.0,1417.0,2.5,2139.0,200.0,23.9,59,1346,74.3,29.6,994.3,1005.3,810.0,1002.3,1520.0,1003.9,14.7,1.7,1200.0,2.67,14.7,,,,,,8.8,6.0,29.0,23.8,25.3,26.5,24.6,23.4,25.8,23.1,21.2,16.7,14.1,3.4,4.8,,,,2025,7,27,187,0,0,1,0
108,서울,2025-07-07,29.1,26.7,545,33.2,1623,,,,,,,6.0,250.0,1911.0,3.6,180.0,518.0,1.9,1660.0,270.0,25.0,65,1432,79.0,31.6,995.5,1006.5,2351.0,1004.1,1705.0,1005.0,14.6,2.5,1300.0,2.07,11.21,,,,,,5.8,5.8,29.0,25.1,25.3,26.0,23.0,21.5,26.1,23.3,21.3,16.8,14.2,3.0,4.3,,{박무}0520-{박무}{강도0}0600-{박무}{강도0}0900-{박무}{강도0}1200-1345. {박무}1950-{박무}{강도0}2100-{박무}{강도0}2400- {연무}1340-{연무}{강도0}1500-{연무}{강도0}1800-1955.,,2025,7,28,188,0,0,1,0
108,서울,2025-07-08,31.3,26.9,612,37.8,1509,5.3,1826.0,6.4,1815.0,3.0,11.8,11.0,180.0,1837.0,6.8,200.0,1841.0,1.9,1628.0,50.0,25.2,48,1455,72.5,32.1,997.0,1008.1,2259.0,1004.2,1759.0,1006.5,14.6,8.4,1100.0,3.24,22.64,,,,,,4.3,3.5,33.8,23.9,26.8,26.9,24.1,22.5,26.2,23.4,21.4,16.8,14.2,5.0,7.2,11.8,{소나기}1815-{소나기}{강도0}2100-2115.  -{박무}-{박무}{강도0}0300-{박무}{강도0}0600-0645. ,,2025,7,28,189,0,0,1,1
108,서울,2025-07-09,31.9,27.4,530,36.0,1629,,,,,,,7.3,50.0,2207.0,3.7,50.0,2154.0,2.2,1884.0,50.0,23.1,45,1437,61.1,28.3,998.6,1009.6,813.0,1006.3,1707.0,1008.1,14.6,8.0,1300.0,3.22,23.55,,,,,,3.4,2.6,31.1,24.5,27.3,27.2,24.3,22.7,26.7,23.6,21.5,16.9,14.2,5.8,8.3,,,,2025,7,28,190,0,0,1,0
108,서울,2025-07-10,31.4,27.3,554,36.2,1553,,,,,,,9.5,50.0,2001.0,4.9,50.0,2334.0,2.9,2541.0,50.0,18.1,33,1707,46.6,21.0,1000.2,1011.3,2348.0,1007.9,1811.0,1009.8,14.6,13.3,1200.0,3.55,29.95,,,,,,0.4,0.4,32.9,23.0,27.9,27.8,25.5,24.0,27.1,23.8,21.7,17.0,14.2,8.7,12.5,,,,2025,7,28,191,0,0,1,0
108,서울,2025-07-11,30.2,24.6,559,36.1,1658,,,,,,,9.3,50.0,2054.0,4.9,50.0,702.0,3.3,2851.0,70.0,17.4,35,1531,47.1,19.9,1001.4,1012.4,709.0,1009.0,1734.0,1010.9,14.6,13.5,1200.0,3.59,30.35,,,,,,0.1,0.0,35.1,20.0,28.4,28.2,27.0,26.0,27.2,24.0,21.8,17.1,14.3,7.8,11.2,,,,2025,7,28,192,0,0,1,0
108,서울,2025-07-12,30.3,24.4,554,36.5,1617,,,,,,,7.3,50.0,8.0,4.0,50.0,212.0,2.3,2025.0,70.0,17.3,28,1349,47.5,19.9,998.2,1011.7,24.0,1004.9,1733.0,1007.8,14.6,13.2,1200.0,3.65,30.02,,,,,,2.6,0.0,36.9,18.4,28.3,28.3,26.6,25.4,27.2,24.2,22.0,17.1,14.3,7.2,10.4,,,,2025,7,28,193,0,0,1,0
108,서울,2025-07-13,27.7,25.6,2346,31.0,1241,0.0,,0.0,,2.5,0.0,5.4,320.0,1332.0,3.2,270.0,1324.0,1.5,1338.0,270.0,20.8,55,1141,66.8,24.7,991.5,1005.5,1.0,997.9,2349.0,1001.1,14.6,1.7,1000.0,1.64,10.39,,,,,,9.0,4.8,28.5,20.9,27.5,27.1,26.4,25.4,27.3,24.4,22.1,17.2,14.3,2.5,3.5,0.0,{비}1130-1155. {비}1315-{비}{강도0}1500-1520.,,2025,7,28,194,0,0,1,0
108,서울,2025-07-14,24.2,21.7,2343,28.1,1129,0.9,1522.0,4.0,2104.0,12.25,13.6,6.6,290.0,2254.0,4.0,50.0,1213.0,2.0,1698.0,290.0,20.0,60,1113,78.3,23.4,984.6,997.9,1.0,993.3,1140.0,994.2,14.5,0.5,1000.0,1.37,7.19,,,,,,8.4,6.0,24.6,19.8,25.2,25.2,25.0,24.6,26.9,24.5,22.3,17.3,14.4,1.6,2.3,16.6,{비}1145-{비}{강도0}1200-{비}{강도0}1500-{비}{강도0}1800-{비}{강도0}2100-{비}{강도0}2400- {박무}1925-2010. {박무}2110-2235.,,2025,7,29,195,0,0,1,1
108,서울,2025-07-15,23.6,21.5,200,25.9,1516,0.6,39.0,1.3,11.0,11.17,4.0,8.4,290.0,553.0,5.0,320.0,558.0,2.3,2009.0,290.0,20.6,71,1925,84.1,24.3,985.4,998.8,2340.0,992.6,320.0,995.0,14.5,0.6,1400.0,2.04,10.03,,,,,,9.3,6.8,24.7,20.1,22.7,23.9,23.6,23.4,26.2,24.5,22.4,17.3,14.4,2.0,2.9,2.0,-{비}-{비}{강도0}0300-0335. {비}0405-0425. {비}0625-0815. {비}1025-{비}{강도0}1200-1420. {비}1615-1630. {소나기}1705-1745. {소나기}2205-2240.,,2025,7,29,196,0,0,1,1
108,서울,2025-07-16,23.3,22.2,2111,24.8,820,8.0,2032.0,27.0,2025.0,16.33,73.1,9.2,160.0,1033.0,4.9,160.0,1038.0,2.1,1809.0,110.0,21.5,74,1037,90.1,25.7,990.6,1002.2,1101.0,998.6,38.0,1000.4,14.5,0.0,800.0,0.39,2.34,,,,,,9.6,7.6,22.7,21.3,23.0,23.3,23.4,23.2,25.9,24.4,22.5,17.4,14.4,0.7,0.9,124.8,{비}0435-0530. {비}0730-{비}{강도0}0900-1155. {비}1220-1230. {비}1310-{비}{강도0}1500-{비}{강도0}1800-{비}{강도2}2100-{비}{강도0}2400-,,2025,7,29,197,0,0,1,1
108,서울,2025-07-17,23.3,22.0,1000,24.4,1525,19.0,629.0,32.5,626.0,18.58,75.5,9.3,110.0,1138.0,4.6,70.0,914.0,2.1,1841.0,70.0,22.2,85,1235,94.3,26.8,993.1,1004.9,901.0,1000.3,44.0,1002.9,14.5,0.0,1100.0,1.45,4.77,,,,,,10.0,7.5,22.6,21.2,21.6,21.1,19.4,18.9,24.9,24.7,23.2,17.5,14.5,1.1,1.5,34.3,-{비}-{비}{강도0}0300-{비}{강도1}0600-{시정(미만)}{1km}{비}0635-{시정(이상)}{1km}{비}0652-{비}{강도0}0900-1055. {비}1220-1230. {비}1345-1425. {비}1615-{비}{강도0}1800-{비}{강도0}2100-2305. ,,2025,7,29,198,0,0,1,1
108,서울,2025-07-18,24.7,22.9,903,27.2,1820,4.7,833.0,9.5,812.0,11.0,16.1,5.3,50.0,1351.0,3.1,50.0,1333.0,1.7,1509.0,50.0,22.8,80,1818,89.5,27.7,995.8,1007.2,1029.0,1004.2,1.0,1005.5,14.5,0.3,1500.0,1.23,7.44,,,,,,9.5,5.9,23.6,22.2,21.8,22.3,20.2,19.4,24.4,24.5,24.0,19.9,14.5,1.5,2.1,71.3,{비}0005-0040. {비}0250-{비}{강도0}0300-0330. {비}0440-{비}{강도0}0600-0635. {비}0810-{비}{강도1}0900-{비}{강도0}1200-1435. {비}1620-1630. {비}1855-1955. {비}2130-2145.,,2025,7,29,199,0,0,1,1
108,서울,2025-07-19,23.9,21.9,405,25.8,1719,10.4,316.0,32.1,247.0,23.17,84.0,7.8,180.0,204.0,3.9,160.0,210.0,2.0,1698.0,50.0,23.0,87,3,95.4,28.2,998.2,1009.5,2136.0,1005.9,219.0,1007.9,14.4,0.0,1500.0,0.46,3.79,,,,,,10.0,7.5,22.9,20.6,21.4,21.4,18.9,18.3,24.7,24.2,24.5,21.0,15.6,0.9,1.3,32.1,{비}0005-{비}{강도2}0300-{비}{강도1}0600-{비}{강도0}0900-{비}{강도0}1200-{안개비}1320-1420. {비}1505-{비}{강도0}1800-{비}{강도0}2100-{비}{강도1}2400- {박무}0750-{박무}{강도0}0900-0935. ,,2025,7,29,200,0,0,1,1
108,서울,2025-07-20,27.7,25.0,543,31.3,1643,3.3,44.0,7.2,9.0,6.92,14.8,11.0,200.0,230.0,5.2,200.0,312.0,2.8,2429.0,180.0,24.3,63,1703,82.8,30.3,1001.2,1012.6,2317.0,1008.0,143.0,1010.9,14.4,5.7,1000.0,2.28,16.69,,,,,,7.1,5.6,27.2,23.5,23.7,24.9,22.7,22.1,24.6,24.0,24.3,21.7,16.0,3.3,4.7,0.0,-{비}-{비}{강도0}0300-{비}{강도0}0600-0655.,,2025,7,29,201,0,0,1,1
108,서울,2025-07-21,28.5,25.6,414,31.6,1455,0.0,,0.0,,1.0,0.0,8.9,160.0,1118.0,5.0,200.0,1115.0,2.3,2006.0,230.0,23.9,64,1500,77.4,29.7,1002.9,1013.9,918.0,1011.4,221.0,1012.6,14.4,5.8,1100.0,3.23,18.81,,,,,,5.6,5.4,26.5,20.1,22.3,25.6,22.6,21.5,25.4,24.0,24.1,21.3,16.3,4.1,5.9,0.0,{비}0620-0655. {비}0740-0750. {소나기}1005-1020.,,2025,7,30,202,0,0,1,0
108,서울,2025-07-22,28.8,26.6,527,32.2,1431,0.1,,0.1,,0.58,0.1,9.2,230.0,1502.0,5.2,250.0,1507.0,2.7,2323.0,270.0,23.9,57,1507,75.6,29.6,1003.5,1014.1,744.0,1012.3,1428.0,1013.1,14.4,6.6,1300.0,3.46,20.43,,,,,,6.4,4.3,29.5,23.7,24.3,26.3,23.2,22.1,26.1,24.0,23.9,20.5,16.4,4.4,6.3,0.1,{소나기}1650-1725.,,2025,7,30,203,0,0,1,0
108,서울,2025-07-23,28.9,25.5,540,33.3,1418,,,,,,,6.2,290.0,1638.0,4.2,290.0,1644.0,1.8,1586.0,320.0,22.7,53,1456,70.4,27.6,1002.4,1014.0,635.0,1009.9,1737.0,1012.0,14.3,7.9,1100.0,3.54,22.14,,,,,,6.4,3.5,29.9,22.9,27.5,26.4,23.0,21.7,26.5,24.2,23.8,20.0,16.4,4.7,6.8,,,,2025,7,30,204,0,0,1,0
108,서울,2025-07-24,29.8,25.8,533,34.1,1350,,,,,,,6.0,340.0,1923.0,3.6,290.0,1445.0,1.9,1624.0,270.0,23.0,48,1417,68.0,28.2,1000.1,1011.4,518.0,1007.7,1713.0,1009.7,14.3,9.2,1200.0,3.82,24.91,,,,,,5.1,0.9,30.7,22.9,28.2,27.4,25.0,24.0,26.9,24.3,23.7,19.8,16.3,5.5,7.9,,,,2025,7,30,205,0,0,1,0
108,서울,2025-07-25,31.1,25.6,546,36.3,1531,,,,,,,6.5,290.0,1922.0,3.9,290.0,1924.0,1.9,1646.0,290.0,23.3,49,1516,64.6,28.6,998.0,1009.0,101.0,1005.4,1646.0,1007.5,14.3,12.4,1200.0,3.23,26.48,,,,,,1.0,0.5,33.8,21.7,29.2,28.6,27.0,26.3,27.3,24.5,23.7,19.6,16.3,6.0,8.5,,,,2025,7,30,206,0,0,1,0
108,서울,2025-07-26,32.3,27.6,551,37.1,1701,,,,,,,5.4,110.0,903.0,3.3,110.0,906.0,1.7,1472.0,50.0,23.8,42,1709,61.9,29.5,996.6,1007.6,1.0,1003.8,1759.0,1006.1,14.3,11.0,1100.0,3.27,24.32,,,,,,2.9,0.5,34.2,24.3,29.8,29.2,27.4,26.6,27.6,24.7,23.8,19.5,16.3,5.4,7.7,,,,2025,7,30,207,0,0,1,0
108,서울,2025-07-27,32.8,28.3,550,38.0,1535,,,,,,,6.6,160.0,1333.0,3.4,140.0,815.0,2.0,1685.0,50.0,24.2,39,1541,62.4,30.3,994.6,1006.0,739.0,1001.7,1753.0,1004.1,14.2,12.5,1200.0,3.51,28.42,,,,,,0.6,0.6,38.2,24.4,30.8,30.1,28.3,27.4,28.0,24.9,23.8,19.4,16.3,6.3,8.9,,,,2025,7,30,208,0,0,1,0
108,서울,2025-07-28,32.2,28.8,555,36.4,1529,,,,,,,6.7,340.0,1418.0,3.8,320.0,1452.0,2.0,1734.0,270.0,25.1,47,1549,67.3,31.9,992.4,1003.8,555.0,999.6,1733.0,1001.9,14.2,11.9,1300.0,3.55,27.0,,,,,,1.6,1.6,38.8,25.2,31.4,30.7,28.9,28.0,28.4,25.1,23.9,19.4,16.3,6.2,8.8,,,,2025,7,31,209,0,0,1,0
108,서울,2025-07-29,32.0,27.6,548,36.7,1428,,,,,,,6.2,270.0,1740.0,3.7,270.0,1742.0,2.0,1702.0,270.0,24.1,49,1343,64.0,29.9,990.0,1001.0,709.0,997.2,1755.0,999.5,14.2,8.9,1200.0,2.94,20.41,,,,,,2.9,2.3,36.4,24.0,30.9,30.3,28.9,28.2,28.7,25.4,24.0,19.4,16.3,4.7,6.8,,,,2025,7,31,210,0,0,1,0
108,서울,2025-07-30,32.1,28.3,512,36.3,1447,,,,,,,6.7,160.0,1451.0,3.8,50.0,1252.0,1.7,1468.0,50.0,23.9,38,1705,62.9,29.6,990.1,1000.8,805.0,998.2,1705.0,999.6,14.2,5.6,1300.0,2.54,19.51,,,,,,7.3,2.4,36.9,24.3,30.8,30.1,28.8,28.1,28.7,25.6,24.1,19.4,16.3,4.4,6.3,,,,2025,7,31,211,0,0,1,0
108,서울,2025-07-31,30.9,29.3,610,34.6,1432,,,,,,,6.7,320.0,1813.0,4.1,320.0,1818.0,2.0,1700.0,50.0,22.7,48,1435,62.3,27.6,992.3,1002.9,752.0,1000.2,1.0,1001.8,14.1,1.1,1300.0,1.95,13.17,,,,,,8.9,4.1,32.4,25.3,29.9,29.6,28.6,28.1,28.7,25.7,24.3,19.4,16.4,3.6,5.2,,,,2025,7,31,212,0,0,1,0
108,서울,2025-08-01,31.0,27.8,538,35.1,1213,0.0,,0.0,,0.25,0.0,7.7,270.0,1709.0,4.5,290.0,1710.0,1.9,1625.0,50.0,23.9,49,1358,66.9,29.6,992.2,1002.6,727.0,1000.2,1537.0,1001.7,14.1,4.5,1100.0,2.8,16.09,,,,,,8.4,1.8,33.6,24.7,29.8,29.4,28.3,27.8,28.6,25.9,24.4,19.4,16.4,3.8,5.4,0.0,{비}1535-1550.,,2025,8,31,213,0,0,1,0
108,서울,2025-08-02,31.2,27.3,605,36.2,1600,,,,,,,6.5,200.0,1605.0,3.5,270.0,1610.0,1.8,1553.0,270.0,22.7,45,1519,62.1,27.7,991.9,1002.5,1.0,999.8,1634.0,1001.4,14.1,8.7,1400.0,2.73,20.88,,,,,,5.4,1.4,36.6,23.9,30.4,29.6,28.3,27.8,28.6,26.0,24.6,19.4,16.4,4.8,6.9,,,,2025,8,31,214,0,0,1,0
108,서울,2025-08-03,28.8,24.0,2359,32.5,1348,0.6,2353.0,1.4,2328.0,7.25,1.3,7.8,200.0,1612.0,4.5,200.0,1749.0,2.0,1735.0,50.0,22.2,52,1748,69.0,26.9,990.6,1001.8,24.0,998.6,1912.0,1000.1,14.0,0.2,1000.0,1.56,8.08,,,,,,9.0,6.4,30.0,22.7,28.8,28.6,28.1,27.8,28.6,26.1,24.7,19.5,16.5,2.4,3.5,3.2,{비}1645-{비}{강도0}1800-{비}{강도0}2100-{비}{강도0}2400- {무지개}1920-1930.,,2025,8,31,215,0,0,1,1
108,서울,2025-08-04,28.1,23.7,522,33.9,1647,0.4,18.0,0.9,427.0,5.92,1.9,7.4,70.0,12.0,4.5,70.0,18.0,2.2,1919.0,50.0,23.1,53,1638,75.5,28.3,989.9,1002.9,2326.0,997.3,144.0,999.5,14.0,3.9,1200.0,2.07,16.35,,,,,,7.1,5.1,29.6,22.7,27.4,27.8,27.3,27.2,28.2,26.1,24.7,19.5,16.5,3.8,5.4,,-{비}-{비}{강도0}0300-0555.,,2025,8,32,216,0,0,1,1
108,서울,2025-08-05,29.1,25.4,558,33.5,1505,,,,,,,7.3,200.0,1351.0,4.4,200.0,1453.0,2.2,1905.0,230.0,22.1,47,1451,67.4,26.7,993.8,1004.4,1004.0,1002.2,1755.0,1003.3,14.0,8.5,1200.0,2.96,23.11,,,,,,4.4,1.6,34.4,21.8,28.7,28.6,27.5,27.2,28.2,26.1,24.8,19.6,16.5,4.8,6.8,6.1,,,2025,8,32,217,0,0,1,0
108,서울,2025-08-06,27.1,25.8,2028,29.3,1058,4.3,1405.0,9.6,1323.0,10.5,22.0,11.1,180.0,504.0,6.0,230.0,1037.0,3.2,2735.0,200.0,25.1,74,1,89.0,31.8,991.0,1003.4,1.0,999.1,1827.0,1000.6,13.9,1.1,1000.0,1.27,5.57,,,,,,9.0,7.3,26.4,24.0,26.8,27.5,27.4,27.3,28.3,26.1,24.9,19.7,16.6,1.7,2.4,15.9,{비}0230-{비}{강도0}0300-0530. {비}0805-{비}{강도0}0900-0935. {비}1140-{비}{강도0}1200-{비}{강도1}1500-1740.,,2025,8,32,218,0,0,1,1
108,서울,2025-08-07,28.2,25.4,602,32.3,1541,,,,,,,7.9,200.0,1909.0,4.3,250.0,1944.0,2.7,2349.0,270.0,22.0,49,1640,70.8,26.5,991.8,1003.1,2136.0,1000.0,1615.0,1001.3,13.9,10.2,1200.0,3.5,27.18,,,,,,4.0,3.1,30.1,22.9,27.8,27.8,26.8,26.6,27.9,26.1,25.0,19.7,16.7,5.5,7.8,,,,2025,8,32,219,0,0,1,0
108,서울,2025-08-08,26.6,23.9,615,30.2,1404,5.0,1513.0,6.3,1446.0,1.75,6.3,8.9,290.0,1517.0,4.0,290.0,1523.0,1.6,1424.0,270.0,21.6,62,1353,74.8,25.9,993.8,1004.7,2117.0,1002.5,45.0,1003.4,13.9,1.7,1200.0,1.41,8.76,,,,,,6.3,3.4,26.0,20.8,26.6,27.0,26.9,26.9,28.1,26.1,25.0,19.8,16.6,1.9,2.8,7.0,{소나기}1435-{소나기}{강도0}1500-1620.,,2025,8,32,220,0,0,1,1
108,서울,2025-08-09,24.9,23.1,2356,26.4,1738,1.2,1128.0,2.8,1115.0,5.92,3.5,4.3,360.0,1524.0,2.9,360.0,1716.0,1.4,1220.0,50.0,21.6,71,1843,82.1,25.8,993.4,1004.5,1.0,1001.6,1626.0,1003.1,13.8,0.3,1700.0,0.69,5.37,,,,,,7.4,6.3,25.0,20.0,25.2,25.8,26.0,26.2,27.7,26.1,25.1,19.8,16.7,1.6,2.3,2.8,{비}0405-{비}{강도0}0600-0635. {박무}0455-{박무}{강도0}0600-0625. {비}0745-0845. {비}0910-0930. {비}1045-{비}{강도0}1200-1250.,,2025,8,32,221,0,0,1,1
108,서울,2025-08-10,27.3,21.0,538,33.2,1559,,,,,,,6.3,340.0,1302.0,3.5,250.0,1525.0,1.7,1453.0,250.0,21.0,49,1622,70.0,24.9,991.4,1002.7,2.0,999.2,1605.0,1001.0,13.8,12.3,1200.0,3.37,27.22,,,,,,1.5,0.6,28.5,18.2,26.2,26.2,25.5,25.6,27.1,26.0,25.1,19.9,16.7,5.3,7.6,,,,2025,8,32,222,0,0,1,0
108,서울,2025-08-11,27.0,25.0,543,29.5,1415,0.0,,0.0,,0.25,0.0,6.7,160.0,1935.0,4.1,110.0,1429.0,2.0,1687.0,50.0,21.8,64,1638,73.9,26.2,994.2,1006.0,2328.0,1002.4,144.0,1003.9,13.8,0.3,1400.0,1.14,9.84,,,,,,7.3,3.3,26.3,21.7,26.3,26.6,26.2,26.2,27.3,25.9,25.1,19.9,16.7,2.6,3.7,0.0,{소나기}2020-2035.,,2025,8,33,223,0,0,1,0
108,서울,2025-08-12,28.6,23.3,559,34.1,1602,,,,,,,9.9,160.0,1937.0,4.7,160.0,1939.0,2.2,1901.0,140.0,20.1,36,1451,62.9,23.6,999.2,1011.3,2400.0,1005.9,3.0,1008.8,13.7,12.0,1200.0,3.34,26.6,,,,,,3.8,1.0,29.6,20.1,27.3,26.9,25.8,25.6,27.2,25.8,25.1,20.0,16.8,5.7,8.1,58.3,{박무}0155-{박무}{강도0}0300-{박무}{강도0}0600-0730.,,2025,8,33,224,0,0,1,0
108,서울,2025-08-13,25.1,22.0,1053,27.1,1719,16.5,1153.0,32.7,538.0,15.67,126.7,11.0,180.0,1401.0,5.8,320.0,1136.0,2.6,2214.0,50.0,23.5,70,4,91.8,29.1,1001.5,1012.5,907.0,1009.3,1842.0,1011.3,13.7,0.0,1300.0,0.6,1.92,,,,,,9.6,7.8,24.4,21.1,24.3,24.7,25.0,25.5,27.4,25.8,25.0,20.1,16.8,0.7,0.9,115.9,{비}0145-0155. {비}0445-{비}{강도2}0600-{비}{강도1}0900-{비}{강도2}1200-{비}{강도0}1500-{비}{강도1}1800-1925. {비}2135-2225.,,2025,8,33,225,0,0,1,1
108,서울,2025-08-14,25.5,24.2,736,26.9,1649,12.3,723.0,24.6,705.0,12.48,47.8,10.0,180.0,220.0,4.4,200.0,159.0,2.2,1882.0,230.0,23.8,80,1738,91.1,29.5,1004.3,1015.5,2258.0,1011.7,16.0,1014.1,13.7,0.0,1200.0,1.12,6.29,,,,,,9.3,7.9,25.0,23.3,24.3,24.5,24.1,24.3,25.8,26.1,26.1,21.6,16.8,1.5,2.1,0.3,{비}0001-{비}{강도1}0300-{비}{강도0}0600-{비}{강도0}0900-1155. {비}1445-{비}{강도0}1500-1520.,,2025,8,33,226,0,0,1,1
108,서울,2025-08-15,27.1,24.4,505,30.9,1557,0.0,,0.0,,3.17,0.0,5.3,270.0,2202.0,3.4,270.0,2106.0,1.7,1462.0,250.0,24.1,68,1602,84.3,30.0,1004.6,1015.5,610.0,1012.6,1813.0,1014.3,13.6,4.9,1400.0,2.83,14.89,,,,,,4.6,4.0,28.0,22.3,25.5,25.1,23.4,22.9,26.0,25.8,26.1,23.1,17.0,2.7,3.9,0.0,{박무}0145-{박무}{강도0}0300-{박무}{강도0}0600-0805. {소나기}1055-{소나기}{강도0}1200-1405.,,2025,8,33,227,0,0,1,0
108,서울,2025-08-16,28.2,25.5,429,32.2,1434,,,,,,,8.4,290.0,1550.0,4.8,250.0,1428.0,2.2,1887.0,250.0,23.3,56,1425,76.0,28.7,1002.8,1013.5,130.0,1011.2,1819.0,1012.5,13.6,6.9,1300.0,2.99,19.22,,,,,,5.4,4.6,27.9,22.4,26.7,26.2,24.2,23.5,26.6,25.8,25.9,22.4,17.2,4.1,5.8,,,,2025,8,33,228,0,0,1,0
108,서울,2025-08-17,28.4,26.1,355,32.0,1358,,,,,,,7.5,230.0,1744.0,4.0,230.0,1747.0,2.3,1990.0,200.0,23.6,55,1407,76.3,29.2,1003.7,1014.8,1055.0,1011.7,53.0,1013.4,13.5,1.8,1100.0,2.8,16.43,,,,,,8.1,6.0,27.7,23.5,27.2,26.4,24.2,23.5,27.0,25.6,25.6,21.9,17.3,3.5,5.0,0.2,,,2025,8,33,229,0,0,1,0
108,서울,2025-08-18,28.9,27.0,548,32.9,1453,0.4,2122.0,1.3,2122.0,7.42,2.2,9.6,200.0,1601.0,5.5,230.0,1425.0,3.0,2566.0,230.0,23.9,51,1422,75.6,29.7,1003.1,1014.4,824.0,1011.1,1517.0,1012.7,13.5,5.4,1300.0,3.24,19.92,,,,,,8.1,5.0,29.0,24.9,27.8,26.7,24.2,23.3,27.3,25.7,25.5,21.6,17.3,4.7,6.7,,{비}0152-{비}{강도0}0300-0342. {비}0430-0455. {비}1840-{비}{강도0}2100-2350.,,2025,8,34,230,0,0,1,1
108,서울,2025-08-19,29.1,26.9,525,32.3,1444,,,,,,,8.8,250.0,1446.0,5.1,270.0,1455.0,3.0,2613.0,200.0,24.1,59,1450,75.3,30.0,1000.6,1012.2,1.0,1008.5,1717.0,1010.2,13.5,6.2,1200.0,2.64,19.48,,,,,,6.1,5.5,29.0,24.9,27.8,27.3,25.5,24.9,27.6,25.8,25.4,21.4,17.3,4.4,6.3,0.0,,,2025,8,34,231,0,0,1,0
108,서울,2025-08-20,29.4,26.9,602,32.8,1434,0.0,,0.0,,0.75,0.0,8.9,180.0,135.0,4.6,230.0,1405.0,2.6,2232.0,180.0,24.2,55,1518,74.5,30.2,999.0,1009.9,1.0,1006.8,1536.0,1008.6,13.5,5.2,1400.0,2.57,18.14,,,,,,7.8,4.8,29.7,24.7,28.4,26.8,23.8,22.8,27.9,25.9,25.4,21.4,17.4,3.9,5.6,,{소나기}0115-0135. {소나기}0515-0540.,,2025,8,34,232,0,0,1,0
108,서울,2025-08-21,29.8,27.4,519,34.3,1402,,,,,,,7.3,290.0,1626.0,4.1,270.0,1654.0,2.2,1873.0,200.0,23.7,50,1601,70.6,29.3,999.4,1010.4,635.0,1007.6,1833.0,1009.0,13.4,7.5,1200.0,3.42,21.66,,,,,,5.8,2.3,30.9,24.2,29.2,27.7,25.0,23.9,28.1,26.0,25.4,21.3,17.4,4.6,6.6,,,,2025,8,34,233,0,0,1,0
108,서울,2025-08-22,29.4,26.1,539,33.5,1519,,,,,,,8.0,270.0,1451.0,4.6,250.0,1437.0,2.1,1839.0,270.0,23.4,49,1600,71.5,28.8,998.5,1009.2,104.0,1006.7,1543.0,1008.1,13.4,9.5,1100.0,2.96,22.41,,,,,,1.9,1.9,31.6,22.9,28.9,28.1,26.6,26.0,28.3,26.1,25.4,21.2,17.4,5.0,7.1,,,,2025,8,34,234,0,0,1,0
108,서울,2025-08-23,29.3,27.4,456,32.2,1624,,,,,,,6.2,180.0,1054.0,4.3,180.0,1115.0,1.9,1635.0,270.0,24.2,66,1634,74.9,30.3,999.9,1010.9,2155.0,1008.4,225.0,1009.5,13.3,3.6,1100.0,1.89,11.71,,,,,,4.3,4.0,30.0,24.6,28.6,27.9,26.4,25.8,28.4,26.2,25.5,21.2,17.5,2.6,3.7,,,,2025,8,34,235,0,0,1,0
108,서울,2025-08-24,30.2,26.9,451,34.7,1451,,,,,,,6.5,160.0,1343.0,3.8,200.0,1505.0,1.7,1433.0,230.0,23.7,48,1535,69.4,29.3,1000.9,1012.2,925.0,1008.9,1625.0,1010.5,13.3,6.3,1100.0,3.04,18.39,,,,,,3.3,3.1,31.8,23.7,29.1,28.4,27.0,26.5,28.3,26.3,25.5,21.2,17.5,4.2,6.0,0.0,,,2025,8,34,236,0,0,1,0
108,서울,2025-08-25,28.7,26.3,940,32.2,1649,10.8,936.0,14.2,923.0,6.93,17.1,11.5,180.0,1909.0,6.1,200.0,1913.0,2.8,2378.0,230.0,25.0,64,1433,80.6,31.6,998.8,1011.1,938.0,1006.1,1823.0,1008.5,13.3,2.0,1300.0,2.38,10.8,,,,,,7.1,5.8,28.3,23.8,28.0,27.8,26.5,26.1,28.4,26.4,25.6,21.2,17.6,2.4,3.5,22.5,{비}0845-{비}{강도0}0900-{비}{강도0}1200-1205. {비}1315-1330. {비}1440-1455. {비}1605-1635. {소나기}1710-1725. {소나기}1750-{소나기}{강도0}1800-1820. {소나기}1904-1940. {소나기}2155-2210. {비}2255-2355.,,2025,8,35,237,0,0,1,1
108,서울,2025-08-26,27.6,25.5,609,31.8,1543,1.2,421.0,2.5,417.0,8.75,5.4,7.6,270.0,1733.0,5.0,270.0,1823.0,2.8,2406.0,270.0,24.0,59,1508,81.8,29.8,997.5,1009.6,2247.0,1005.4,516.0,1007.1,13.2,5.6,1400.0,2.76,15.0,,,,,,6.0,4.6,28.5,22.8,27.4,27.4,26.4,26.3,28.3,26.4,25.6,21.2,17.6,3.4,4.8,0.0,{비}0010-0050. {비}0125-0150. {비}0215-{비}{강도0}0300-{비}{강도0}0600-{안개비}0745-{안개비}{강도0}0900-0930. {박무}0650-{박무}{강도0}0900-0940. {비}1045-1110.,,2025,8,35,238,0,0,1,1
108,서울,2025-08-27,26.7,23.6,617,30.8,1541,,,,,,,5.9,250.0,1658.0,3.8,270.0,1720.0,1.6,1361.0,270.0,21.4,50,1604,73.8,25.4,1000.6,1012.0,2344.0,1008.8,218.0,1010.3,13.2,2.6,1300.0,1.94,9.76,,,,,,6.5,4.8,26.3,21.2,26.5,25.5,23.6,23.1,28.3,26.6,25.8,21.2,17.6,2.4,3.5,,,,2025,8,35,239,0,0,1,0
108,서울,2025-08-28,28.3,24.7,617,31.0,1350,,,,,,,9.0,160.0,1817.0,4.7,200.0,1329.0,2.7,2317.0,200.0,22.8,56,1411,72.9,27.8,1001.3,1012.3,726.0,1009.7,1847.0,1010.9,13.1,3.0,1000.0,2.32,14.35,,,,,,8.1,5.5,27.5,22.2,26.8,26.1,24.2,23.8,27.8,26.6,25.8,21.3,17.7,3.4,4.9,0.3,,,2025,8,35,240,0,0,1,0
108,서울,2025-08-29,29.0,27.3,543,32.8,1350,11.5,1639.0,12.5,2045.0,6.82,32.2,13.8,270.0,1642.0,6.3,230.0,1235.0,3.5,3019.0,200.0,25.5,62,1309,82.0,32.6,1002.3,1013.4,2352.0,1010.8,1511.0,1011.9,13.1,4.3,1200.0,2.99,17.8,,,,,,7.6,7.1,29.2,25.3,28.0,,,,27.9,26.5,25.9,21.3,17.8,3.6,5.2,55.8,{비}0425-{비}{강도0}0600-0620. {비}0715-0755. {소나기}1607-1657. {소나기}1950-1959. {소나기}2045-{소나기}{강도0}2100-{소나기}{강도1}2400-,,2025,8,35,241,0,0,1,1
108,서울,2025-08-30,28.4,25.8,832,31.8,1604,8.6,511.0,10.7,428.0,6.92,23.9,8.9,180.0,1232.0,4.9,200.0,1240.0,2.0,1727.0,270.0,24.6,57,1435,81.1,31.0,1003.0,1014.2,644.0,1011.2,1806.0,1012.7,13.1,5.8,1200.0,2.89,16.69,,,,,,5.3,4.1,27.6,23.8,27.5,27.9,27.2,27.1,28.2,26.4,25.8,21.3,17.7,3.6,5.1,0.0,-{소나기}-{소나기}{강도1}0300-0550. {소나기}0655-0720. {소나기}0840-{소나기}{강도0}0900-0920.,,2025,8,35,242,0,0,1,1
108,서울,2025-08-31,28.5,25.1,549,31.8,1438,0.0,,0.0,,0.08,0.0,8.2,180.0,1646.0,4.6,200.0,2122.0,2.4,2106.0,200.0,23.5,61,1459,75.3,28.9,998.8,1011.9,1.0,1005.6,1807.0,1008.4,13.0,5.9,900.0,2.2,15.74,,,,,,5.5,3.0,28.1,22.9,27.5,27.8,27.2,27.1,28.3,26.7,25.9,21.4,17.9,3.4,4.9,13.9,{비}2352-2357.,,2025,8,35,243,0,0,1,0
108,서울,2025-09-01,26.1,24.4,2357,28.2,1329,5.3,443.0,8.5,416.0,7.75,20.4,10.5,180.0,1504.0,6.1,180.0,1507.0,2.5,2195.0,180.0,23.8,76,1,87.3,29.4,995.1,1006.3,2300.0,1003.0,1451.0,1004.8,13.0,0.6,1200.0,1.26,7.47,,,,,,9.0,5.6,26.5,22.4,26.7,27.2,26.9,26.8,28.2,26.6,26.0,21.5,17.9,1.7,2.4,6.5,{비}0145-0155. {비}0410-{비}{강도1}0600-0650. {비}0715-0740. {비}0805-{비}{강도0}0900-0930. {비}1240-1430. {비}1540-1550. {비}1725-{비}{강도1}1800-1830.,,2025,9,36,244,0,0,1,1
108,서울,2025-09-02,26.0,22.0,643,30.6,1651,,,,,,,5.0,290.0,1419.0,3.2,320.0,1559.0,1.6,1349.0,290.0,20.8,53,1635,74.6,24.5,998.9,1010.5,2333.0,1006.2,1.0,1008.6,13.0,9.1,1100.0,2.83,20.32,,,,,,3.0,1.5,26.0,19.5,26.2,26.6,26.3,26.3,27.9,26.7,25.9,21.6,18.0,3.9,5.5,,,,2025,9,36,245,0,0,1,0
108,서울,2025-09-03,27.6,22.6,608,32.1,1538,,,,,,,6.2,20.0,1131.0,3.5,160.0,1531.0,1.9,1631.0,50.0,20.5,39,1506,67.5,24.2,1000.5,1011.6,620.0,1008.4,1611.0,1010.1,12.9,9.5,1100.0,3.14,21.38,,,,,,5.3,2.5,26.8,19.8,26.4,26.7,26.4,26.2,27.7,26.7,26.1,21.8,17.9,4.1,5.8,43.1,,,2025,9,36,246,0,0,1,0
108,서울,2025-09-04,25.8,22.8,626,29.8,1551,11.5,334.0,34.4,249.0,9.92,44.2,7.7,320.0,258.0,4.6,290.0,303.0,2.6,2232.0,50.0,22.3,65,1553,82.1,26.9,999.7,1011.2,831.0,1007.8,1547.0,1009.4,12.9,3.1,1300.0,2.81,13.76,,,,,,6.5,4.4,25.9,22.0,25.9,26.3,26.0,26.2,27.7,26.7,26.2,21.8,18.1,3.2,4.5,1.1,{비}0050-{비}{강도1}0300-{비}{강도0}0600-{비}{강도0}0900-1045.,,2025,9,36,247,0,0,1,1
108,서울,2025-09-05,27.9,23.5,556,33.0,1520,,,,,,,7.6,140.0,1124.0,3.5,50.0,746.0,2.2,1864.0,50.0,21.4,52,1531,68.5,25.5,999.5,1010.6,937.0,1007.6,1506.0,1009.1,12.8,7.9,1300.0,3.07,20.45,,,,,,4.3,3.4,28.1,20.8,26.7,26.8,26.2,26.2,27.5,26.6,26.4,22.8,18.1,4.0,5.7,8.0,,,2025,9,36,248,0,0,1,0
108,서울,2025-09-06,26.8,25.4,1941,30.4,1518,8.9,1651.0,14.9,1636.0,9.07,36.1,12.6,230.0,1520.0,7.1,230.0,1528.0,2.4,2111.0,200.0,24.3,70,1519,86.6,30.3,996.7,1009.2,1.0,1004.6,1456.0,1006.4,12.8,1.2,1100.0,1.89,8.94,,,,,,8.3,7.0,26.7,23.4,26.3,26.8,26.5,26.4,27.7,26.5,26.2,22.6,18.1,2.0,2.9,28.3,{비}0350-0410. {비}0450-0520. {비}0640-0715. {비}0745-{비}{강도1}0900-0940. {박무}0855-{박무}{강도1}0900-0945. {비}0955-1110. {비}1220-1245. {비}1410-1420. {비}1555-1559. {비}1625-1750. {비}1854-1859. {비}1930-2040. {비}2250-{비}{강도0}2400-,,2025,9,36,249,0,0,1,1
108,서울,2025-09-07,25.3,22.3,2353,28.3,1310,0.2,,0.5,-2331.0,1.07,0.2,5.7,340.0,1430.0,3.3,200.0,228.0,2.1,1811.0,270.0,20.9,56,1619,77.5,24.8,997.3,1009.5,2352.0,1004.4,58.0,1007.0,12.8,1.7,1100.0,2.0,12.58,,,,,,7.1,3.0,25.9,17.8,26.0,26.4,26.2,26.4,27.6,26.4,26.5,23.0,18.5,2.6,3.7,,-{비}-0050. {비}0245-0259. {달코로나}2350-,,2025,9,36,250,0,0,1,0
108,서울,2025-09-08,24.4,20.6,623,29.5,1454,0.0,,0.0,,3.75,0.0,5.7,320.0,1858.0,3.7,320.0,1904.0,1.8,1548.0,50.0,18.9,47,1504,73.0,21.9,1000.2,1011.5,1019.0,1008.5,1500.0,1010.0,12.7,3.9,1300.0,2.94,16.17,,,,,,8.0,3.3,25.8,17.5,25.2,25.3,25.4,25.8,27.4,26.6,26.5,22.9,18.7,3.4,4.8,0.0,-{달코로나}-0020. {비}2015-{비}{강도0}2100-{비}{강도0}2400-,,2025,9,37,251,0,0,1,0
108,서울,2025-09-09,23.7,21.4,2356,26.9,1615,0.0,,0.0,,5.5,0.0,4.9,160.0,1531.0,3.2,340.0,1357.0,1.6,1411.0,50.0,18.2,55,1448,71.9,20.9,1002.1,1012.6,1052.0,1010.7,14.0,1011.9,12.7,1.0,1000.0,1.35,9.73,,,,,,7.3,1.9,23.6,16.6,24.8,25.1,25.2,25.5,27.2,26.4,26.5,22.7,18.6,2.3,3.4,,-{비}-{비}{강도0}0300-0530.,,2025,9,37,252,0,0,1,0
108,서울,2025-09-10,24.8,18.4,642,31.5,1615,,,,,,,6.4,70.0,1324.0,3.6,50.0,1348.0,1.7,1475.0,50.0,15.7,27,1511,61.1,18.0,1002.5,1013.7,2328.0,1010.8,1444.0,1012.3,12.6,11.9,1200.0,3.31,24.56,,,,,,0.0,0.0,25.0,14.0,24.0,24.3,24.6,25.0,26.9,26.5,26.3,22.5,18.9,5.5,7.9,,,,2025,9,37,253,0,0,1,0
108,서울,2025-09-11,25.8,19.9,539,31.7,1604,,,,,,,8.0,50.0,1145.0,4.2,70.0,949.0,2.5,2146.0,50.0,16.2,36,1557,57.6,18.4,1005.0,1016.9,1003.0,1013.1,1517.0,1014.7,12.6,11.8,1200.0,3.25,24.11,,,,,,2.8,0.0,25.4,14.8,24.0,24.4,24.5,24.8,26.5,26.2,26.3,22.4,18.9,6.0,8.5,,,,2025,9,37,254,0,0,1,0
108,서울,2025-09-12,23.9,21.1,2400,26.3,1232,0.7,2048.0,2.7,2329.0,7.33,6.8,7.7,50.0,755.0,4.4,50.0,132.0,2.7,2354.0,70.0,17.5,54,1048,68.8,20.1,1002.5,1015.5,35.0,1007.7,2347.0,1012.4,12.6,0.3,900.0,1.34,7.7,,,,,,9.5,5.3,23.7,19.0,23.8,24.3,24.5,24.8,26.4,26.1,26.0,22.3,19.0,1.9,2.8,70.5,{비}1640-{비}{강도0}1800-{비}{강도0}2100-{비}{강도0}2400-,,2025,9,37,255,0,0,1,1
108,서울,2025-09-13,23.3,20.4,205,27.6,1608,6.0,153.0,22.5,137.0,8.58,63.7,8.0,20.0,153.0,4.1,50.0,125.0,2.4,2062.0,50.0,19.6,59,1636,81.0,22.8,995.9,1008.8,2341.0,1002.2,557.0,1005.7,12.5,,,,,,,,,,8.9,5.5,23.2,19.3,22.5,22.9,23.1,23.6,25.6,26.0,26.1,22.3,18.9,,,0.0,-{비}-{비}{강도2}0300-{비}{강도0}0600-0820. {비}0925-0940.,,2025,9,37,256,0,0,1,1
108,서울,2025-09-14,24.8,21.5,624,29.3,1616,,,,,,,4.9,250.0,2010.0,2.8,250.0,1812.0,1.6,1381.0,270.0,19.2,52,1556,72.0,22.2,1001.0,1013.2,2351.0,1008.6,17.0,1010.8,12.5,5.7,1100.0,2.69,16.74,,,,,,6.0,3.0,24.5,18.4,23.8,24.2,23.7,23.7,25.5,25.8,26.1,23.3,19.2,3.4,4.9,,,,2025,9,37,257,0,0,1,0
108,서울,2025-09-15,25.7,20.8,638,30.7,1447,,,,,,,5.9,160.0,1347.0,3.0,160.0,1347.0,1.5,1278.0,20.0,19.8,50,1617,71.6,23.1,1004.3,1015.6,1006.0,1012.6,1535.0,1014.1,12.4,9.4,1400.0,2.53,18.66,,,,,,4.3,0.0,25.3,16.5,24.5,24.6,24.2,24.4,25.7,25.4,26.1,23.0,19.1,3.5,5.0,,,,2025,9,38,258,0,0,1,0
108,서울,2025-09-16,23.7,22.2,429,27.1,1327,9.7,1352.0,14.8,1352.0,4.27,17.5,12.1,320.0,1354.0,5.6,270.0,1359.0,1.5,1305.0,50.0,21.3,77,1110,86.8,25.3,1001.8,1013.9,334.0,1008.9,1534.0,1011.6,12.4,0.7,800.0,0.83,5.11,,,,,,7.5,5.9,23.2,18.3,23.2,24.1,24.3,24.2,25.8,25.5,25.8,22.8,19.2,1.0,1.4,19.0,{비}1059-1115. {비}1330-{비}{강도1}1500-1610. {비}1805-1830. {비}1840-1935. {박무}2250-{박무}{강도0}2400-,,2025,9,38,259,0,0,1,1
108,서울,2025-09-17,22.7,21.2,2354,24.0,837,21.5,1044.0,41.2,1010.0,8.5,52.7,9.2,270.0,1353.0,4.8,320.0,1354.0,1.7,1428.0,20.0,21.2,86,1802,92.0,25.2,999.1,1011.7,2311.0,1006.6,1354.0,1008.9,12.4,0.4,1200.0,0.94,3.54,,,,,,8.5,7.5,23.4,18.1,22.9,23.6,23.6,23.7,25.6,25.4,25.7,22.7,19.3,0.8,1.2,51.2,-{박무}-{박무}{강도0}0300-{박무}{강도0}0600-{박무}{강도0}0900-1130. {비}0648-0658. {비}0755-{비}{강도0}0900-{비}{강도1}1200-1250. {비}1320-{비}{강도0}1500-1645.,,2025,9,38,260,0,0,1,1
108,서울,2025-09-18,22.1,19.6,606,26.0,1513,,,,,,,8.2,20.0,1319.0,4.5,50.0,2044.0,2.6,2274.0,50.0,17.0,57,1523,74.4,19.5,1005.0,1017.7,2338.0,1010.6,18.0,1014.9,12.3,6.1,1300.0,3.06,17.27,,,,,,6.6,3.8,22.5,16.9,22.9,23.1,23.0,23.2,25.1,25.2,25.8,23.7,19.2,4.0,5.7,0.0,,,2025,9,38,261,0,0,1,0
108,서울,2025-09-19,19.4,17.9,2352,21.4,1152,2.5,2347.0,7.1,2325.0,15.08,13.8,7.1,50.0,340.0,4.0,70.0,744.0,2.8,2452.0,50.0,16.1,66,9,82.0,18.4,1005.6,1018.2,845.0,1010.7,2351.0,1015.6,12.3,0.0,1100.0,0.79,4.73,,,,,,9.9,5.8,20.2,16.7,21.5,21.7,22.4,23.1,25.1,25.2,25.8,23.5,19.3,1.1,1.5,49.1,{비}0855-{비}{강도0}0900-{비}{강도0}1200-{비}{강도0}1500-{비}{강도0}1800-{비}{강도0}2100-{비}{강도1}2400- {박무}2125-2210.,,2025,9,38,262,0,0,1,1
108,서울,2025-09-20,20.0,17.5,336,23.6,1635,2.8,234.0,11.6,204.0,8.58,35.3,6.8,50.0,358.0,3.7,50.0,333.0,1.8,1552.0,50.0,17.4,67,1653,85.4,19.8,998.9,1012.9,2347.0,1005.9,523.0,1008.9,12.3,1.2,1300.0,1.61,8.41,,,,,,8.9,7.9,21.1,16.8,20.3,20.6,21.0,21.5,24.1,25.0,25.7,23.4,19.4,1.8,2.6,0.0,-{비}-{비}{강도1}0300-{비}{강도0}0600-0640. {안개비}0730-0830. {박무}0750-0805. {비}1750-{비}{강도0}1800-1845.,,2025,9,38,263,0,0,1,1
108,서울,2025-09-21,21.6,17.2,540,27.3,1507,,,,,,,7.5,360.0,1138.0,4.2,50.0,1124.0,2.1,1817.0,50.0,14.9,48,1432,67.0,17.0,1006.7,1019.9,2354.0,1012.8,41.0,1016.7,12.2,10.2,1200.0,3.1,22.01,,,,,,4.1,2.8,21.9,14.0,21.5,21.6,21.6,21.9,23.9,24.8,25.6,23.9,19.6,4.5,6.5,,,,2025,9,38,264,0,0,1,0
108,서울,2025-09-22,21.3,17.6,636,25.1,1341,,,,,,,7.8,160.0,1632.0,4.1,50.0,1217.0,2.5,2142.0,50.0,12.9,44,1152,59.8,15.0,1009.7,1021.6,856.0,1017.6,1613.0,1019.7,12.2,4.3,1100.0,2.51,14.98,,,,,,8.8,4.8,20.5,14.3,21.2,21.5,21.8,22.1,24.0,24.5,25.4,23.6,19.8,3.3,4.7,,,,2025,9,39,265,0,0,1,0
108,서울,2025-09-23,22.7,19.2,626,26.8,1530,0.0,,0.0,,0.83,0.0,8.0,320.0,1357.0,3.9,90.0,1313.0,2.4,2116.0,70.0,13.2,34,1312,56.5,15.2,1007.8,1020.1,734.0,1015.8,1542.0,1017.8,12.1,5.2,1200.0,2.96,16.89,,,,,,8.1,5.9,22.5,16.2,22.0,21.9,21.8,22.0,23.9,24.5,25.4,23.3,19.8,4.1,5.8,0.0,{비}1907-1922. {비}2157-2217. {비}2235-2250.,,2025,9,39,266,0,0,1,0
108,서울,2025-09-24,22.0,20.4,340,23.7,1144,10.2,1330.0,24.6,1315.0,11.5,35.2,7.7,90.0,840.0,4.1,250.0,2004.0,2.1,1844.0,50.0,18.5,59,5,81.8,21.6,1002.8,1016.1,9.0,1010.4,1600.0,1012.7,12.1,0.1,800.0,0.49,2.84,,,,,,8.3,6.6,21.2,16.2,21.3,21.6,21.8,22.2,24.1,24.3,25.2,23.1,19.7,0.8,1.1,35.5,{비}1110-{비}{강도0}1200-{비}{강도1}1500-{비}{강도0}1800-{비}{강도0}2100-2150. {박무}2145-2350. {안개비}2250-2340.,,2025,9,39,267,0,0,1,1
108,서울,2025-09-25,22.5,20.2,2351,26.4,1622,0.2,,0.3,10.0,1.25,0.3,4.9,290.0,1551.0,2.8,290.0,1551.0,1.4,1197.0,250.0,18.6,51,1624,80.0,21.5,1006.8,1018.6,2257.0,1014.2,1.0,1016.8,12.1,5.5,1400.0,2.15,13.81,,,,,,6.1,3.3,22.6,15.4,22.3,22.4,22.1,22.3,23.8,24.1,25.0,23.0,19.6,2.5,3.6,,{비}0010-0110. {비}0330-0345. {박무}2345-{박무}{강도0}2400-,,2025,9,39,268,0,0,1,0
108,서울,2025-09-26,21.7,17.8,626,27.1,1543,,,,,,,5.2,70.0,1018.0,2.9,50.0,1010.0,1.4,1234.0,50.0,17.4,56,1559,78.1,19.8,1008.4,1020.1,852.0,1016.6,1538.0,1018.4,12.0,8.1,1200.0,2.92,18.53,,,,,,3.0,0.6,21.7,12.4,21.5,21.8,21.9,22.1,24.1,24.0,24.8,23.1,19.7,3.4,4.8,,-{박무}-{박무}{강도0}0300-{박무}{강도0}0600-{박무}{강도0}0900-1105.,,2025,9,39,269,0,0,1,0
108,서울,2025-09-27,22.5,17.6,617,27.2,1420,,,,,,,7.0,140.0,1151.0,3.4,70.0,914.0,1.9,1673.0,50.0,16.7,53,1310,71.1,19.0,1006.3,1018.5,842.0,1013.7,2342.0,1016.2,12.0,8.3,1100.0,2.59,16.5,,,,,,4.0,1.4,22.0,13.8,21.8,21.9,21.8,22.2,23.2,24.1,24.6,23.1,19.9,2.9,4.2,23.1,,,2025,9,39,270,0,0,1,0
108,서울,2025-09-28,20.0,18.4,1000,21.9,1411,2.4,948.0,13.0,901.0,7.92,44.5,6.2,290.0,945.0,3.7,320.0,954.0,1.7,1431.0,290.0,17.5,73,1,85.6,20.0,1000.2,1013.6,1.0,1007.8,1522.0,1010.1,11.9,0.9,1300.0,1.84,5.86,,,,,,9.1,6.5,20.9,16.7,20.8,21.1,21.4,21.8,23.8,23.9,24.7,22.9,20.0,1.2,1.7,21.4,{비}0420-{비}{강도0}0600-{비}{강도1}0900-{비}{강도0}1200-1215.,,2025,9,39,271,0,0,1,1
108,서울,2025-09-29,19.6,16.6,656,23.9,1454,,,,,,,6.1,320.0,15.0,3.2,320.0,54.0,1.5,1302.0,270.0,15.4,57,1434,77.8,17.5,1002.1,1013.4,853.0,1010.7,1649.0,1012.1,11.9,4.9,1300.0,2.01,11.97,,,,,,4.0,1.4,20.0,13.5,20.3,20.6,20.8,21.3,23.4,23.8,24.6,23.4,20.0,2.1,3.0,,{박무}0535-{박무}{강도0}0600-0755. {햇무리}0950-1035.,,2025,9,40,272,0,0,1,0
108,서울,2025-09-30,19.8,17.3,625,24.0,1409,,,,,,,4.4,290.0,1433.0,2.6,50.0,922.0,1.4,1195.0,290.0,16.3,62,1439,81.3,18.5,1002.3,1014.0,756.0,1010.3,1626.0,1012.2,11.8,1.2,1300.0,2.04,8.56,,,,,,6.1,2.6,19.8,13.0,20.2,20.3,20.6,20.9,23.1,23.6,24.5,23.2,19.9,1.6,2.3,,{박무}0450-{박무}{강도0}0600-0835. {박무}1050-{박무}{강도0}1200-1335. {박무}2020-{박무}{강도0}2100-{박무}{강도0}2400-,,2025,9,40,273,0,0,1,0
108,서울,2025-10-01,20.5,16.7,626,25.6,1421,,,,,,,7.3,250.0,1749.0,4.7,250.0,1755.0,1.7,1479.0,20.0,16.2,54,1440,78.1,18.5,1003.2,1014.9,2324.0,1011.7,1358.0,1013.2,11.8,4.7,1400.0,2.04,12.23,,,,,,4.8,1.9,20.5,12.3,20.1,20.3,20.5,20.9,22.9,23.6,24.4,23.1,20.0,2.3,3.3,,-{박무}-{박무}{강도0}0300-{박무}{강도1}0600-{박무}{강도0}0900-1105.,,2025,10,40,274,0,0,1,0
108,서울,2025-10-02,21.4,17.3,620,25.8,1324,,,,,,,4.6,70.0,2336.0,2.6,50.0,2348.0,1.5,1273.0,50.0,16.4,56,1234,74.5,18.6,1006.6,1017.9,1013.0,1014.9,1.0,1016.5,11.8,5.7,1100.0,2.48,13.94,,,,,,9.0,0.5,21.0,13.8,20.3,20.8,20.7,20.9,22.9,23.4,24.4,23.0,20.2,2.5,3.5,0.4,{박무}0430-0505. {박무}0555-{박무}{강도0}0600-{박무}{강도0}0900-0910.,,2025,10,40,275,0,0,1,0
108,서울,2025-10-03,21.2,19.8,621,22.3,1338,0.2,,0.3,330.0,9.33,0.8,7.4,50.0,1308.0,3.8,50.0,1501.0,2.4,2036.0,70.0,16.6,66,1308,75.5,18.9,1005.2,1017.7,848.0,1013.0,1758.0,1015.1,11.7,0.0,1100.0,1.2,5.64,,,,,,9.6,7.5,20.9,18.0,20.4,20.9,20.9,21.0,23.1,23.4,24.2,22.9,20.4,1.7,2.5,0.4,{비}0330-{비}{강도0}0600-0650. {박무}0455-0530. {비}0750-{비}{강도0}0900-1050. {비}1255-{비}{강도0}1500-1555.,,2025,10,40,276,0,0,1,0
108,서울,2025-10-04,22.5,20.9,624,25.0,1405,0.0,,0.0,,2.23,0.0,6.3,70.0,913.0,3.4,50.0,1137.0,1.9,1677.0,70.0,17.7,67,1,74.6,20.3,1002.9,1013.8,2350.0,1011.7,1654.0,1012.8,11.7,0.6,1300.0,2.13,7.29,,,,,,9.4,7.1,22.1,18.4,21.4,21.2,20.9,21.2,22.9,23.3,24.2,22.8,20.5,1.6,2.2,0.0,{비}0850-{비}{강도0}0900-0940. {비}1150-{비}{강도0}1200-1245. {비}2001-2025. {비}2355-{비}{강도0}2400-,,2025,10,40,277,0,0,1,0
108,서울,2025-10-05,21.4,20.6,1953,22.3,32,3.9,1042.0,10.4,1001.0,7.17,18.1,4.5,20.0,1343.0,2.8,50.0,1343.0,1.6,1420.0,50.0,19.5,82,5,89.6,22.7,1003.3,1014.4,1001.0,1011.8,1624.0,1013.2,11.7,0.0,1200.0,0.63,2.85,,,,,,9.6,7.0,21.3,18.7,20.9,21.4,21.2,21.3,23.2,23.3,24.2,22.7,20.6,0.7,1.0,22.3,-{비}-0020. {비}0915-{비}{강도1}1200-1210. {비}1335-{비}{강도0}1500-1535. {비}2135-2330.,,2025,10,40,278,0,0,1,1
108,서울,2025-10-06,17.6,15.4,2001,20.7,1,2.3,2321.0,8.1,2249.0,19.67,36.8,11.4,70.0,1846.0,6.4,70.0,1836.0,3.8,3242.0,70.0,16.5,87,1151,93.8,18.9,1004.9,1016.4,949.0,1013.5,329.0,1015.0,11.6,0.0,1300.0,0.37,2.17,,,,,,10.0,7.3,18.5,14.7,19.5,19.9,20.4,21.0,23.0,23.1,23.9,22.6,20.5,0.6,0.8,38.2,{비}0320-0545. {비}0645-{비}{강도1}0900-{비}{강도0}1200-{비}{강도0}1500-{비}{강도0}1800-{비}{강도1}2100-{비}{강도1}2400-,,2025,10,41,279,0,0,1,1
108,서울,2025-10-07,18.2,15.5,1,20.0,1322,0.5,-2356.0,2.0,-2350.0,22.67,7.1,11.0,50.0,535.0,5.4,70.0,405.0,3.1,2674.0,70.0,17.4,86,1344,94.9,19.8,1004.6,1015.9,2239.0,1013.1,1516.0,1014.6,11.6,0.0,1200.0,1.08,4.81,,,,,,9.8,7.1,18.3,15.0,18.4,18.2,18.4,19.2,21.9,23.0,23.9,22.7,20.6,1.0,1.4,1.5,-{비}-{비}{강도0}0300-{비}{강도0}0600-{비}{강도0}0900-{비}{강도0}1200-{비}{강도0}1500-{비}{강도0}1800-1950. {박무}1410-{박무}{강도0}1500-1515. {박무}1645-{박무}{강도0}1800-1805. {비}2030-{비}{강도0}2100-2320.,,2025,10,41,280,0,0,1,1
108,서울,2025-10-08,21.9,17.2,652,28.0,1518,0.0,,0.0,,0.58,0.0,6.4,320.0,1725.0,3.8,320.0,1726.0,1.4,1225.0,70.0,16.2,41,1536,72.8,18.5,1005.8,1017.6,930.0,1013.9,1515.0,1015.7,11.5,10.7,1200.0,2.76,18.97,,,,,,3.6,3.6,21.3,14.5,20.3,20.2,19.9,20.0,21.7,22.7,23.8,23.0,20.8,3.7,5.3,,{안개비}0330-0405.,,2025,10,41,281,0,0,1,0
108,서울,2025-10-09,20.0,16.9,2348,22.6,1304,0.1,,0.2,,8.0,0.0,8.8,50.0,2157.0,4.9,50.0,2249.0,3.3,2859.0,70.0,14.1,59,430,69.6,16.1,1008.1,1019.3,859.0,1016.2,1.0,1018.1,11.5,0.0,1100.0,1.21,6.18,,,,,,9.9,5.5,19.5,15.9,19.9,20.0,20.1,20.2,22.2,22.6,23.6,22.9,21.0,1.7,2.4,6.9,{비}1455-{비}{강도0}1500-1745. {비}1815-1835. {비}1910-{비}{강도0}2100-{비}{강도0}2400-,,2025,10,41,282,0,0,1,0
108,서울,2025-10-10,17.0,16.0,308,17.7,1309,2.0,1935.0,7.0,1859.0,23.92,49.3,7.8,50.0,18.0,4.3,50.0,39.0,2.9,2500.0,50.0,16.6,89,19,98.1,18.9,1006.5,1018.9,1.0,1014.9,2355.0,1016.6,11.4,0.0,1100.0,0.27,1.42,,,,,,10.0,8.5,17.6,15.6,18.2,18.5,19.1,19.6,21.9,22.5,23.6,22.8,21.2,0.4,0.6,58.5,{박무}0045-{박무}{강도1}0300-0345. -{비}-{비}{강도0}0300-{비}{강도0}0600-{안개비}0810-0835. {박무}0425-{박무}{강도0}0600-0605. {박무}0625-0805. {비}0840-{비}{강도0}0900-{비}{강도0}1200-{비}{강도0}1500-{비}{강도1}1800-{비}{강도1}2100-{비}{강도0}2400-,,2025,10,41,283,0,0,1,1
108,서울,2025-10-11,20.3,17.3,13,23.8,1357,1.5,135.0,4.8,55.0,16.17,22.5,9.6,230.0,1544.0,5.3,230.0,1503.0,2.4,2100.0,200.0,19.0,73,1459,93.1,22.0,1001.1,1014.9,1.0,1008.9,1723.0,1011.1,11.4,0.1,1300.0,1.36,4.31,,,,,,9.9,7.0,19.7,16.8,19.1,18.7,18.4,18.7,21.0,22.2,23.4,23.0,21.4,1.0,1.4,6.5,-{비}-{비}{강도0}0300-{비}{강도0}0600-{비}{강도0}0900-0950. {박무}0520-{박무}{강도1}0600-{박무}{강도1}0900-1030. {비}1005-1120. {비}1725-{비}{강도0}1800-{비}{강도0}2100-2105. {비}2150-{안개비}2235-{비}2250-2315.,,2025,10,41,284,0,0,1,1
108,서울,2025-10-12,19.0,17.6,350,21.4,1302,0.1,,0.1,,2.5,0.1,8.1,50.0,1817.0,4.3,50.0,1427.0,2.3,2001.0,70.0,16.2,72,1608,84.6,18.4,1002.7,1015.1,2328.0,1009.6,51.0,1012.7,11.4,0.2,1000.0,1.21,6.03,,,,,,9.5,6.9,19.5,16.8,19.7,19.5,19.3,19.5,21.2,21.9,23.3,23.1,21.5,1.4,2.0,10.5,{박무}0150-{박무}{강도0}0300-0330. {비}0650-0810. {비}1855-1940. {비}2335-{비}{강도0}2400-,,2025,10,41,285,0,0,1,0
108,서울,2025-10-13,15.7,13.9,1950,18.3,1,1.4,1710.0,4.7,1653.0,17.0,25.1,10.3,50.0,1642.0,5.4,50.0,1747.0,3.5,2981.0,50.0,14.7,83,2,94.4,16.8,1004.1,1015.4,2026.0,1012.8,350.0,1014.2,11.3,0.0,1100.0,0.36,1.83,,,,,,10.0,7.9,16.7,13.5,17.5,17.8,18.4,18.9,21.3,21.9,23.0,23.0,21.7,0.6,0.9,15.2,-{안개비}-{안개비}0010-0045. {비}0105-{안개비}0225-{안개비}{강도0}0300-0310. {비}0405-{비}{강도1}0600-{안개비}0605-{비}0620-0840. {비}1205-{비}{강도0}1500-{비}{강도1}1800-{비}{강도0}2100-2140.,,2025,10,42,286,0,0,1,1
108,서울,2025-10-14,17.9,14.4,1,20.9,1402,0.2,,0.4,410.0,6.5,0.6,8.7,70.0,1346.0,4.6,50.0,1411.0,3.1,2637.0,50.0,14.2,67,1255,80.3,16.2,1006.9,1019.8,2052.0,1014.6,204.0,1017.0,11.3,0.6,1100.0,1.87,10.48,,,,,,8.9,7.8,18.1,13.8,17.8,17.5,17.5,18.1,20.6,21.7,22.9,22.9,21.7,2.1,3.0,0.0,{비}0250-{비}{강도0}0300-{비}{강도0}0600-0855. {비}1830-1855.,,2025,10,42,287,0,0,1,0
108,서울,2025-10-15,20.2,16.1,615,25.3,1414,0.3,2305.0,1.2,2251.0,6.08,1.5,8.1,180.0,1908.0,4.0,160.0,1909.0,2.4,2078.0,50.0,15.3,55,1336,74.8,17.5,1007.8,1020.5,742.0,1015.3,2354.0,1017.8,11.3,6.3,1200.0,2.66,14.07,,,,,,5.5,3.5,19.2,12.7,19.1,18.6,18.4,18.6,20.6,21.6,22.8,22.9,21.7,2.6,3.7,2.8,{비}1755-{비}{강도0}1800-{비}{강도0}2100-{비}{강도0}2400-,,2025,10,42,288,0,0,1,1
108,서울,2025-10-16,20.2,17.0,706,24.8,1452,0.2,,0.6,1.0,3.58,1.3,8.5,50.0,2057.0,4.5,50.0,2134.0,2.4,2075.0,50.0,15.5,59,1606,75.3,17.6,1007.9,1022.0,2339.0,1013.9,350.0,1017.9,11.2,6.8,1100.0,2.55,13.85,,,,,,3.4,2.8,19.8,14.0,19.6,19.3,19.1,19.1,20.9,21.5,22.6,22.7,21.8,2.9,4.1,,-{비}-{비}{강도0}0300-0335.,,2025,10,42,289,0,0,1,1
108,서울,2025-10-17,19.9,15.6,600,24.8,1353,1.7,2127.0,5.3,2058.0,7.75,11.3,9.0,140.0,1206.0,4.9,110.0,1212.0,2.3,1963.0,50.0,15.0,54,1306,74.8,17.1,1009.7,1023.6,831.0,1015.9,2400.0,1019.7,11.2,6.4,1200.0,2.57,13.45,,,,,,6.0,4.4,19.1,11.8,19.3,18.9,18.8,19.1,21.1,21.4,22.6,22.6,21.9,2.3,3.3,22.5,{비}1540-1555. {비}1630-{비}{강도0}1800-{비}{강도0}2100-{비}{강도0}2400- {박무}2045-{박무}{강도0}2100-{박무}{강도0}2400-,,2025,10,42,290,0,0,1,1
108,서울,2025-10-18,15.8,14.2,2356,18.6,1,0.6,209.0,2.8,236.0,7.83,11.2,8.1,320.0,759.0,5.0,320.0,808.0,2.3,1957.0,290.0,13.7,79,1644,87.8,15.7,1009.1,1023.0,2309.0,1015.0,405.0,1019.3,11.1,0.0,1400.0,0.78,4.81,,,,,,9.8,8.8,17.7,12.5,18.3,18.2,18.6,19.0,21.0,21.4,22.6,22.5,22.0,1.1,1.5,,-{비}-{비}{강도0}0300-{비}{강도0}0600-0750. -{박무}-{박무}{강도0}0300-0535.,,2025,10,42,291,0,0,1,1
108,서울,2025-10-19,14.5,8.9,2353,19.2,1322,,,,,,,10.1,320.0,1858.0,5.2,320.0,1945.0,2.8,2410.0,320.0,9.2,57,1505,71.5,11.9,1012.7,1025.8,2239.0,1020.7,1350.0,1023.0,11.1,5.1,900.0,1.84,11.43,,,,,,4.6,2.5,15.6,6.5,17.0,17.1,17.9,18.6,20.6,21.3,22.4,22.4,22.1,2.3,3.2,,,,2025,10,42,292,0,0,1,0
108,서울,2025-10-20,10.0,5.3,649,16.5,1517,,,,,,,9.2,320.0,10.0,5.1,320.0,2.0,2.7,2317.0,290.0,3.7,52,1952,65.9,8.1,1016.7,1028.8,2316.0,1025.4,4.0,1027.2,11.1,4.9,1300.0,2.07,13.24,,,,,,4.8,2.9,12.3,2.9,14.4,14.6,16.1,17.2,19.9,21.2,22.4,22.4,22.0,2.3,3.3,,,,2025,10,43,293,0,0,1,0
108,서울,2025-10-21,9.2,4.8,544,14.1,1439,,,,,,,5.6,320.0,1318.0,3.1,290.0,1318.0,1.6,1416.0,270.0,3.5,53,1711,68.3,7.9,1018.1,1030.2,836.0,1027.0,1407.0,1028.7,11.0,5.8,1100.0,1.99,11.48,,,,,,5.3,0.0,11.4,1.8,13.1,13.4,14.9,15.9,19.1,21.0,22.3,22.3,22.1,1.7,2.4,,{햇무리}1050-1345.,,2025,10,43,294,0,0,0,0
108,서울,2025-10-22,13.1,6.6,340,18.6,1508,,,,,,,5.1,50.0,1010.0,2.9,50.0,1011.0,1.5,1339.0,50.0,7.8,53,1540,72.1,10.7,1017.2,1029.4,753.0,1025.8,1635.0,1027.6,11.0,6.2,1100.0,2.44,12.99,,,,,,3.0,3.0,12.9,2.2,13.3,13.4,14.3,15.3,18.3,20.7,22.2,22.2,22.1,2.1,3.0,,,,2025,10,43,295,0,0,1,0
108,서울,2025-10-23,14.9,11.8,452,19.6,1424,,,,,,,5.2,340.0,1809.0,3.4,340.0,1804.0,2.0,1720.0,50.0,9.4,54,1636,70.3,11.8,1016.0,1027.7,759.0,1024.4,1430.0,1026.3,11.0,4.3,1100.0,1.81,9.49,,,,,,3.8,3.0,13.9,7.8,14.7,14.6,15.0,15.7,18.1,20.3,22.1,22.2,22.1,2.0,2.8,,,,2025,10,43,296,0,0,1,0
108,서울,2025-10-24,15.8,11.3,710,21.5,1546,,,,,,,6.4,20.0,1148.0,3.8,50.0,123.0,2.1,1787.0,50.0,9.3,47,1459,66.5,11.7,1014.2,1027.3,813.0,1022.0,1719.0,1024.5,10.9,7.3,1200.0,2.21,14.57,,,,,,5.4,3.0,15.1,6.9,15.1,14.8,15.3,15.7,18.1,20.0,21.8,22.1,22.2,2.3,3.3,,,,2025,10,43,297,0,0,1,0
108,서울,2025-10-25,14.4,12.6,737,17.7,1529,,,,,,,6.7,290.0,1617.0,4.1,320.0,2106.0,2.1,1818.0,270.0,8.0,45,1623,66.9,10.9,1010.3,1022.7,2.0,1019.0,1554.0,1020.6,10.9,3.9,1000.0,1.61,8.78,,,,,,6.9,5.1,13.9,8.6,14.9,15.0,15.6,16.1,18.2,19.9,21.7,22.1,22.2,2.0,2.8,,,,2025,10,43,298,0,0,1,0
108,서울,2025-10-26,12.2,10.6,2356,13.9,1434,0.3,1229.0,0.4,1132.0,2.67,0.5,10.8,340.0,2256.0,5.1,320.0,2304.0,1.7,1497.0,250.0,6.7,49,1014,70.1,10.0,1007.2,1019.6,8.0,1016.0,1345.0,1017.5,10.8,0.0,1300.0,0.89,4.55,,,,,,7.4,5.3,13.0,6.2,14.2,14.1,14.9,15.6,18.0,19.7,21.6,22.0,22.3,1.3,1.9,0.5,{비}1035-{비}{강도0}1200-1315. {박무}1235-{박무}{강도0}1500-{박무}{강도0}1800-{박무}{강도0}2100-2335.,,2025,10,43,299,0,0,1,0
108,서울,2025-10-27,8.1,3.7,727,12.2,1456,,,,,,,10.5,290.0,1209.0,5.9,290.0,1215.0,2.8,2418.0,270.0,-3.3,25,1117,45.0,4.8,1011.7,1025.8,2333.0,1017.7,10.0,1022.2,10.8,9.2,1200.0,2.57,16.01,,,,,,0.0,0.0,8.6,-1.2,11.2,11.9,13.7,14.8,17.5,19.6,21.4,22.0,22.3,2.8,4.0,,,,2025,10,44,300,0,0,0,0
108,서울,2025-10-28,8.5,3.0,734,14.4,1420,,,,,,,5.7,250.0,1339.0,2.9,270.0,1220.0,1.4,1240.0,270.0,-1.6,23,1154,52.4,5.5,1017.8,1030.2,2232.0,1025.8,1.0,1028.4,10.8,9.0,1200.0,2.47,15.43,,,,,,0.5,0.5,8.7,-4.8,9.8,10.7,12.8,13.8,16.6,19.3,21.3,21.9,19.7,2.7,3.8,,,,2025,10,44,301,0,0,0,0
108,서울,2025-10-29,11.4,6.2,332,18.3,1507,,,,,,,5.4,50.0,637.0,3.2,50.0,836.0,1.7,1438.0,50.0,4.8,45,1529,65.0,8.7,1018.8,1031.6,925.0,1027.2,1800.0,1029.3,10.7,7.6,1200.0,2.24,13.27,,,,,,1.1,1.1,11.3,0.7,11.1,11.5,12.8,13.5,16.0,19.0,21.1,21.9,19.7,2.2,3.1,,,,2025,10,44,302,0,0,1,0
108,서울,2025-10-30,12.8,7.7,655,18.2,1344,,,,,,,4.8,50.0,1054.0,2.8,50.0,1055.0,1.5,1279.0,50.0,7.2,49,1318,70.3,10.2,1015.5,1028.2,1.0,1023.9,1709.0,1025.9,10.7,6.7,1200.0,1.88,11.38,,,,,,5.5,0.8,12.7,2.3,12.1,12.3,13.2,13.8,15.8,18.6,20.9,21.8,19.7,1.8,2.5,,{연무}1930-{연무}{강도0}2100-2335. {박무}2330-{박무}{강도0}2400-,,2025,10,44,303,0,0,1,0
108,서울,2025-10-31,15.1,11.3,604,20.7,1432,0.3,2356.0,0.7,2330.0,2.83,0.1,8.6,320.0,2127.0,5.4,320.0,2153.0,2.0,1752.0,50.0,9.3,43,1421,69.9,11.7,1007.1,1024.1,1.0,1013.4,2356.0,1017.3,10.7,2.5,1100.0,1.91,10.42,,,,,,8.1,7.4,15.8,7.3,14.0,13.8,14.1,14.3,15.9,18.4,20.7,21.7,19.7,2.1,3.1,0.8,-{박무}-{박무}{강도0}0300-{박무}{강도0}0600-{박무}{강도0}0900-1050. {연무}1045-1105. {비}2110-{비}{강도0}2400-,,2025,10,44,304,0,0,1,0
108,서울,2025-11-01,12.9,10.5,722,17.7,1431,,,,,4.67,2.4,10.6,320.0,1708.0,4.5,290.0,1710.0,2.3,1999.0,270.0,7.5,29,1533,73.0,10.5,1003.2,1014.9,2400.0,1011.9,1441.0,1013.4,10.6,8.1,1200.0,2.4,14.23,,,,,,3.8,3.3,13.8,5.3,13.6,13.9,14.7,15.0,16.3,18.2,20.5,21.7,19.8,2.5,3.6,1.9,{박무}0130-{박무}{강도0}0300-0410. -{비}-0205. {비}1650-1755. {무지개}1705-1720. {박무}1920-2020. {비}2120-2250.,,2025,11,44,305,0,0,1,1
108,서울,2025-11-02,8.0,3.7,2352,11.7,1414,,,,,0.32,0.2,10.9,250.0,1107.0,6.8,250.0,1344.0,3.1,2661.0,270.0,-0.4,37,1514,57.0,6.2,1009.8,1027.1,2358.0,1014.6,35.0,1020.3,10.6,8.1,1300.0,2.36,14.4,,,,,,1.9,1.9,9.0,-1.3,11.1,11.9,13.6,14.4,16.2,18.1,20.3,21.6,19.8,2.7,3.8,,{비}0001-0020.,,2025,11,44,306,0,0,0,0
108,서울,2025-11-03,7.2,0.5,618,14.7,1438,,,,,,,6.4,340.0,39.0,3.8,320.0,32.0,1.5,1311.0,50.0,-1.8,34,1558,54.1,5.4,1018.4,1031.6,932.0,1027.0,14.0,1029.1,10.6,9.6,1200.0,2.4,15.16,,,,,,0.4,0.4,7.2,-5.0,8.8,9.7,11.8,12.9,15.4,18.0,20.2,21.6,19.8,2.3,3.3,,,,2025,11,45,307,0,0,0,0
108,서울,2025-11-04,10.2,5.5,633,16.3,1507,,,,,,,5.6,340.0,1747.0,3.5,250.0,1232.0,1.5,1307.0,50.0,2.5,41,1448,60.6,7.4,1016.6,1028.7,1.0,1025.2,1547.0,1027.1,10.5,9.0,1200.0,2.22,13.64,,,,,,0.9,0.9,9.8,0.1,10.1,10.5,11.8,12.4,14.8,17.8,20.0,21.5,19.8,2.3,3.3,,,,2025,11,45,308,0,0,1,0
108,서울,2025-11-05,11.6,5.7,653,19.0,1406,,,,,,,4.4,340.0,1741.0,2.9,320.0,1745.0,1.4,1193.0,20.0,3.7,37,1506,60.0,8.0,1014.4,1026.9,821.0,1022.4,1523.0,1024.8,10.5,9.6,1200.0,2.22,13.73,,,,,,1.1,0.0,10.1,0.1,10.5,10.8,11.9,12.5,14.6,17.5,19.9,21.4,19.9,2.3,3.3,,,,2025,11,45,309,0,0,1,0
108,서울,2025-11-06,12.5,7.3,712,18.8,1434,,,,,,,5.5,290.0,1408.0,3.8,290.0,1408.0,1.6,1349.0,270.0,6.8,49,1430,69.9,10.0,1014.3,1026.5,823.0,1023.0,1439.0,1024.6,10.5,8.1,1200.0,2.03,11.64,,,,,,3.8,0.0,11.2,1.0,11.3,11.4,12.2,12.7,14.5,17.2,19.7,21.4,19.9,2.0,2.8,,{연무}1310-1420. {연무}1840-{연무}{강도0}2100-2255. {박무}2250-{박무}{강도0}2400-,,2025,11,45,310,0,0,1,0
108,서울,2025-11-07,13.9,8.3,728,19.9,1445,,,,,,,6.6,50.0,2131.0,3.7,70.0,2136.0,1.9,1636.0,50.0,7.2,41,1524,66.3,10.1,1014.8,1026.5,910.0,1023.2,1729.0,1025.1,10.4,8.9,1200.0,2.14,12.72,,,,,,1.8,0.3,12.2,2.0,11.8,11.9,12.6,13.0,14.6,17.0,19.5,21.3,20.0,2.6,3.7,,-{박무}-{박무}{강도0}0300-{박무}{강도0}0600-{박무}{강도0}0900-1005.,,2025,11,45,311,0,0,1,0
108,서울,2025-11-08,14.5,12.3,317,17.0,1430,,,,,0.52,0.0,6.5,70.0,156.0,3.5,50.0,805.0,2.2,1887.0,50.0,8.9,60,1416,69.4,11.4,1012.6,1026.3,334.0,1018.7,2350.0,1022.9,10.4,0.0,1200.0,1.02,4.54,,,,,,8.8,7.1,13.6,6.2,13.0,12.7,13.2,13.3,14.7,16.9,19.3,21.2,20.1,1.2,1.7,0.0,{비}1120-1140. {비}1424-1435.,,2025,11,45,312,0,0,1,0
108,서울,2025-11-09,13.5,10.4,2352,17.6,1302,,,,,,,10.4,250.0,2123.0,5.2,250.0,1520.0,2.6,2261.0,270.0,6.5,33,1322,64.1,9.8,1007.0,1018.9,2.0,1015.2,1432.0,1017.2,10.4,7.6,1200.0,2.18,12.2,,,,,,1.8,1.0,13.4,3.8,12.9,12.8,13.5,13.7,15.0,16.8,19.2,21.2,20.1,2.8,4.0,,{박무}0935-1005.,,2025,11,45,313,0,0,1,0
108,서울,2025-11-10,8.3,5.4,701,12.7,1455,,,,,,,8.4,250.0,37.0,4.5,290.0,1201.0,2.5,2154.0,270.0,-5.7,22,1525,37.6,4.0,1010.4,1022.6,2335.0,1018.4,10.0,1020.9,10.3,9.7,1200.0,2.35,14.73,,,,,,0.4,0.0,7.8,-3.1,10.1,10.6,12.4,13.1,14.9,16.8,19.0,21.1,20.2,3.0,4.3,,,,2025,11,46,314,0,0,0,0
108,서울,2025-11-11,8.9,3.9,318,15.1,1359,,,,,,,5.4,320.0,1246.0,3.5,290.0,1300.0,1.6,1357.0,270.0,0.6,39,1117,57.6,6.6,1013.1,1025.2,2228.0,1022.3,1348.0,1023.6,10.3,8.3,1200.0,2.29,12.67,,,,,,2.8,1.0,8.2,-4.4,9.2,9.5,11.1,12.0,14.2,16.7,18.9,21.0,20.3,2.1,3.0,,,,2025,11,46,315,0,0,0,0
108,서울,2025-11-12,10.8,6.0,549,17.7,1424,,,,,,,5.3,270.0,1729.0,3.3,270.0,1736.0,1.8,1533.0,270.0,4.0,35,1455,65.5,8.2,1013.0,1025.8,601.0,1021.3,1606.0,1023.5,10.3,9.4,1200.0,2.16,13.15,,,,,,1.1,1.1,9.4,-0.8,10.1,10.2,11.2,11.8,13.8,16.5,18.8,21.0,20.4,2.2,3.2,,,,2025,11,46,316,0,0,1,0
108,서울,2025-11-13,11.1,6.7,508,17.6,1424,,,,,,,7.3,200.0,1332.0,3.9,290.0,1352.0,1.7,1510.0,290.0,4.4,34,1347,65.4,8.5,1009.3,1022.1,56.0,1017.5,1450.0,1019.7,10.2,5.8,1300.0,2.04,10.16,,,,,,3.6,2.5,9.8,-1.0,10.5,10.5,11.4,11.9,13.7,16.3,18.7,20.9,20.5,2.1,3.1,,{박무}0850-{박무}{강도0}0900-0930. {박무}1005-1140. {연무}1135-{연무}{강도0}1200-1250.,,2025,11,46,317,0,0,1,0
108,서울,2025-11-14,9.1,4.5,746,15.1,1421,,,,,,,7.5,270.0,1201.0,4.0,290.0,1203.0,1.9,1616.0,290.0,-0.4,28,1309,53.8,6.0,1011.4,1024.7,2349.0,1019.7,1.0,1021.9,10.2,9.5,1200.0,2.24,13.71,,,,,,0.0,0.0,7.6,-3.5,9.0,9.5,11.0,11.6,13.6,16.1,18.5,20.8,20.5,2.5,3.5,,,,2025,11,46,318,0,0,0,0
108,서울,2025-11-15,9.8,3.6,737,17.5,1516,,,,,,,4.8,50.0,830.0,2.8,50.0,835.0,1.3,1127.0,20.0,-1.3,21,1529,49.1,5.6,1016.6,1028.4,2232.0,1024.6,1.0,1027.1,10.2,8.9,1100.0,2.14,12.76,,,,,,1.3,0.4,7.1,-3.8,8.5,8.9,10.3,11.1,13.1,15.9,18.4,20.7,20.5,2.5,3.5,,,,2025,11,46,319,0,0,0,0
108,서울,2025-11-16,11.6,5.5,731,18.7,1346,,,,,1.25,0.3,10.3,320.0,2317.0,6.1,320.0,2325.0,2.4,2108.0,50.0,3.3,24,1315,58.4,8.2,1015.2,1027.9,44.0,1023.8,1958.0,1025.6,10.1,7.9,1200.0,2.09,12.32,,,,,,3.6,3.5,9.9,-1.6,9.5,9.4,10.3,10.9,12.8,15.7,18.3,20.7,20.7,3.1,4.4,0.3,{비}1910-2025. {박무}2105-2320. {연무}2315-2335.,,2025,11,46,320,0,0,1,0
108,서울,2025-11-17,3.2,-0.7,2355,9.7,1,,,,,,,11.4,250.0,1048.0,6.6,290.0,1044.0,3.7,3185.0,270.0,-10.3,25,500,37.4,2.8,1018.9,1031.6,943.0,1026.0,3.0,1029.7,10.1,6.7,1300.0,1.82,10.53,,,,,,4.8,2.6,4.3,-7.1,7.4,8.4,10.3,11.1,12.9,15.5,18.1,20.6,20.7,2.0,2.9,,,,2025,11,47,321,0,0,0,0
108,서울,2025-11-18,1.6,-2.0,546,6.5,1443,,,,,,,8.0,340.0,1009.0,4.6,250.0,1526.0,2.3,1983.0,270.0,-8.8,30,1148,47.1,3.2,1016.8,1030.4,843.0,1025.2,1516.0,1027.7,10.1,9.1,1200.0,2.16,13.11,,,,,,0.8,0.8,1.9,-8.5,4.6,5.7,8.1,9.5,12.2,15.3,18.0,20.5,20.7,2.0,2.8,,,,2025,11,47,322,0,0,0,0
108,서울,2025-11-19,3.0,-1.6,727,8.6,1502,,,,,,,5.8,200.0,1422.0,3.3,230.0,1416.0,1.6,1384.0,270.0,-6.8,27,1409,50.1,3.7,1015.7,1028.0,827.0,1025.2,1457.0,1026.5,10.1,9.3,1200.0,2.1,12.53,,,,,,0.0,0.0,2.2,-9.8,4.5,5.3,7.3,8.5,11.4,15.1,17.8,20.5,20.7,2.0,2.8,,,,2025,11,47,323,0,0,0,0
108,서울,2025-11-20,7.4,1.6,106,14.6,1453,,,,,,,10.0,200.0,1416.0,5.3,230.0,1402.0,2.5,2155.0,50.0,-0.2,35,1953,58.8,6.2,1013.4,1026.1,17.0,1020.9,1528.0,1024.0,10.0,5.9,1000.0,1.59,9.13,,,,,,4.5,4.5,7.5,-5.5,6.8,6.7,7.7,8.5,10.9,14.8,17.7,20.4,20.8,1.8,2.6,,,,2025,11,47,324,0,0,0,0
108,서울,2025-11-21,7.4,1.0,655,12.5,1406,,,,,,,9.7,230.0,1508.0,5.6,230.0,1417.0,1.9,1641.0,250.0,-0.6,29,1211,58.5,6.1,1014.9,1027.0,852.0,1023.9,1504.0,1025.5,10.0,7.5,1200.0,2.08,11.77,,,,,,3.1,3.1,5.4,-8.0,6.5,6.6,7.9,8.7,10.9,14.4,17.5,20.3,21.4,2.0,2.9,,,,2025,11,47,325,0,0,0,0
108,서울,2025-11-22,9.6,5.4,739,15.1,1412,,,,,,,9.1,180.0,1344.0,4.5,200.0,1448.0,1.7,1436.0,230.0,2.8,36,1541,65.3,7.5,1014.8,1027.1,942.0,1024.2,1555.0,1025.3,10.0,6.3,1100.0,1.84,9.4,,,,,,3.0,2.5,7.3,-1.8,7.8,7.8,8.7,9.1,10.9,14.2,17.3,20.2,21.7,1.8,2.5,,,,2025,11,47,326,0,0,0,0
108,서울,2025-11-23,10.9,6.6,235,14.4,1419,,,,,,,7.8,200.0,1615.0,4.2,180.0,1327.0,2.1,1774.0,50.0,5.5,59,1420,69.6,9.1,1011.3,1024.6,1.0,1019.7,2325.0,1021.7,10.0,0.6,1000.0,0.83,4.46,,,,,,8.0,5.9,9.2,-0.4,8.8,8.5,9.0,9.5,11.1,14.0,17.1,20.2,21.7,1.2,1.7,,{연무}1930-{연무}{강도0}2100-{연무}{강도0}2400-,,2025,11,47,327,0,0,1,0
108,서울,2025-11-24,12.4,9.6,2350,16.8,1448,,,,,,,9.9,200.0,1432.0,5.4,230.0,1440.0,1.8,1545.0,230.0,7.4,38,1624,72.5,10.3,1006.5,1020.0,22.0,1014.6,2347.0,1016.8,9.9,3.2,1400.0,1.17,5.64,,,,,,5.0,3.5,11.0,0.7,10.5,10.0,10.1,10.3,11.4,13.9,16.9,20.1,21.8,1.3,1.8,6.2,-{연무}-{연무}{강도0}0300-{연무}{강도0}0600-{연무}{강도0}0900-{연무}{강도0}1200-{연무}{강도0}1500-{연무}{강도0}1800-2035. {박무}2030-{박무}{강도1}2100-{박무}{강도1}2400-,,2025,11,48,328,0,0,1,0
108,서울,2025-11-25,7.4,5.3,2328,9.6,1,,,,,3.58,7.8,10.5,290.0,1334.0,6.0,250.0,1314.0,2.5,2147.0,270.0,4.2,70,2334,81.1,8.4,1005.8,1023.2,2400.0,1012.0,449.0,1016.3,9.9,0.2,1100.0,0.71,2.89,,,,,,8.8,7.5,7.0,0.6,8.4,8.7,9.8,10.3,11.7,13.9,16.7,20.0,21.6,0.8,1.2,1.6,-{박무}-{박무}{강도2}0300-{박무}{강도2}0600-{박무}{강도1}0900-{박무}{강도1}1200-{박무}{강도0}1500-{박무}{강도0}1800-{박무}{강도0}2100-{박무}{강도0}2400- {비}0545-{비}{강도0}0600-0835. {비}0905-0945. {비}1315-1320.,,2025,11,48,329,0,0,0,1
108,서울,2025-11-26,6.4,3.5,750,10.9,1241,,,,,,,6.1,180.0,1241.0,3.2,160.0,1300.0,1.5,1271.0,270.0,0.4,47,1245,66.4,6.3,1014.0,1027.1,830.0,1022.0,2351.0,1024.6,9.9,5.4,1200.0,2.15,8.77,,,,,,3.5,3.0,6.1,-4.0,7.6,7.9,9.1,9.7,11.5,13.9,16.6,20.0,21.5,1.4,1.9,0.1,-{박무}-{박무}{강도0}0300-0355. {연무}0350-{연무}{강도0}0600-0745. {박무}0740-{박무}{강도0}0900-0925.,,2025,11,48,330,0,0,0,0
108,서울,2025-11-27,5.1,2.5,2350,8.7,1323,,,,,5.83,10.0,12.5,290.0,1809.0,5.7,270.0,1352.0,3.0,2571.0,70.0,1.4,63,2136,77.4,6.9,1005.1,1022.6,124.0,1010.9,1336.0,1015.7,9.9,0.3,1200.0,1.14,2.69,,,,,,6.4,4.4,5.0,-3.1,6.6,6.9,8.3,9.0,11.2,13.8,16.5,19.9,21.4,0.8,1.1,9.9,{비}0650-0755. {비}0915-{비}{강도1}1200-1210. {박무}1205-1430. {비}1330-{비}{강도0}1500-1520.,,2025,11,48,331,0,0,0,1
108,서울,2025-11-28,2.3,-1.3,728,7.0,1436,,,,,,,6.4,320.0,119.0,3.9,270.0,14.0,2.0,1693.0,270.0,-5.9,32,1339,56.4,3.9,1011.4,1023.2,958.0,1020.0,1.0,1022.2,9.8,9.2,1200.0,2.03,11.93,,,,,,0.3,0.3,2.4,-7.1,4.6,5.3,7.2,8.2,10.6,13.7,16.4,19.8,21.2,1.8,2.5,,,,2025,11,48,332,0,0,0,0
108,서울,2025-11-29,5.7,0.3,615,9.3,2317,,,,,2.92,0.1,6.6,50.0,1336.0,3.4,50.0,1656.0,2.3,1963.0,70.0,-2.3,42,1326,57.1,5.3,1006.9,1022.0,1.0,1015.1,1545.0,1017.5,9.8,2.9,1100.0,1.23,5.95,,,,,,5.5,5.3,4.0,-6.1,5.0,5.0,6.4,7.3,9.8,13.4,16.3,19.7,21.1,1.2,1.7,0.1,{비}2040-2055. {비}2110-2350.,,2025,11,48,333,0,0,0,0
108,서울,2025-11-30,12.4,9.1,34,16.1,1406,,,,,,,7.5,200.0,1513.0,4.3,200.0,1520.0,1.9,1646.0,230.0,8.6,59,1516,78.8,11.2,1004.8,1016.7,830.0,1013.3,1635.0,1015.1,9.8,3.9,1200.0,1.51,6.97,,,,,,3.0,3.0,9.6,3.0,8.9,8.2,8.0,8.1,9.8,13.1,16.1,19.6,21.0,1.5,2.2,,{박무}0405-{박무}{강도0}0600-{박무}{강도0}0900-{박무}{강도0}1200-1230. {연무}1225-{연무}{강도0}1500-1550. {박무}2010-{박무}{강도0}2100-{박무}{강도0}2400-,,2025,11,48,334,0,0,1,0
108,서울,2025-12-01,5.5,2.3,2358,12.2,1,,,,,,,10.5,250.0,120.0,5.7,270.0,127.0,3.1,2669.0,270.0,-4.1,31,1417,50.5,4.6,1010.4,1023.6,2350.0,1015.1,1.0,1021.0,9.8,9.1,1200.0,2.02,11.8,,,,,,0.8,0.0,4.8,-2.5,7.2,7.5,8.6,9.0,10.4,12.9,16.0,19.6,20.9,2.1,3.0,,{연무}0145-0205. -{박무}-0150.,,2025,12,49,335,0,0,0,0
108,서울,2025-12-02,0.1,-5.4,2354,3.3,1500,,,,,,,10.7,270.0,1313.0,6.3,290.0,1616.0,3.3,2866.0,290.0,-12.0,25,1200,41.1,2.5,1014.1,1027.6,2258.0,1023.0,230.0,1025.0,9.8,8.5,1100.0,1.71,10.19,,,,,,2.1,0.0,1.5,-8.9,4.0,4.7,6.9,7.8,10.1,12.9,15.8,19.5,20.8,1.9,2.7,,,,2025,12,49,336,0,0,0,0
108,서울,2025-12-03,-5.9,-8.1,2359,-2.8,1436,,,,,,,11.3,340.0,224.0,6.0,290.0,1503.0,3.2,2792.0,270.0,-17.2,28,918,41.4,1.6,1016.3,1029.7,2329.0,1025.3,1351.0,1027.5,9.7,8.4,1200.0,2.03,11.25,,,,,,0.6,0.6,-2.1,-13.7,0.8,1.9,4.7,6.1,9.1,12.7,15.7,19.4,20.7,1.4,1.9,,,,2025,12,49,337,0,0,0,0
108,서울,2025-12-04,-3.2,-9.4,650,3.5,1503,,,,,2.5,4.0,11.4,290.0,2223.0,6.2,290.0,2235.0,2.3,1997.0,290.0,-13.0,22,1403,49.6,2.5,1015.7,1029.7,1.0,1021.4,1817.0,1026.7,9.7,8.7,1200.0,1.99,11.57,5.1,1930.0,5.1,1930.0,5.1,1.4,0.9,-2.0,-14.4,0.1,0.7,3.2,4.7,7.9,12.4,15.5,19.3,20.7,1.4,2.1,4.0,{눈}1715-{눈}{강도0}1800-{시정(미만)}{1km}{눈}1837-{시정(미만)}{0.5km}{눈}1849-{시정(이상)}{0.5km}{눈}1857-{시정(미만)}{0.5km}{눈}1910-{시정(미만)}{0.2km}{눈}1917-{시정(이상)}{0.2km}{눈}1923-{시정(이상)}{0.5km}{눈}1930-{시정(이상)}{1km}{눈}1933-1945. {박무}1940-2059.,,2025,12,49,338,0,0,0,1
108,서울,2025-12-05,-2.6,-6.9,725,2.5,1517,,,,,,,8.7,320.0,39.0,4.3,290.0,12.0,1.8,1574.0,20.0,-11.0,35,1417,53.6,2.6,1017.5,1031.4,927.0,1025.9,2347.0,1028.6,9.7,9.1,1200.0,2.23,10.22,,,4.9,1.0,,1.8,1.8,0.1,-6.9,0.5,1.1,3.0,4.2,7.1,12.0,15.3,19.2,20.6,1.3,1.9,0.0,,,2025,12,49,339,0,0,0,0
108,서울,2025-12-06,2.1,-2.0,8,4.5,1555,,,,,3.17,0.6,5.5,320.0,1657.0,3.0,50.0,128.0,2.0,1753.0,50.0,-2.8,58,1037,70.9,5.1,1009.9,1026.0,1.0,1017.9,1537.0,1020.7,9.7,0.9,1000.0,0.8,3.08,,,1.9,1.0,,8.1,6.4,0.5,-3.9,1.2,1.4,3.2,4.2,7.0,11.5,15.1,19.2,20.4,0.6,0.9,0.6,{눈}0615-0630. {눈}1205-1215. {비}1545-{비}{강도0}1800-1810. {비}2120-2140.,,2025,12,49,340,0,0,0,0
108,서울,2025-12-07,8.3,3.4,739,13.4,1350,,,,,,,9.7,230.0,1452.0,4.8,200.0,1458.0,2.1,1846.0,200.0,4.3,52,1353,77.4,8.4,1009.6,1022.5,2356.0,1018.2,1512.0,1020.2,9.7,6.6,1200.0,1.69,8.97,,,,,,2.1,1.5,4.2,-5.1,4.0,3.6,4.1,4.6,6.9,11.2,14.9,19.1,20.3,1.5,2.1,,{박무}0035-{박무}{강도0}0300-{박무}{강도0}0600-{박무}{강도1}0900-1150. {연무}1145-{연무}{강도0}1200-{연무}{강도0}1500-{연무}{강도0}1800-1910. {박무}1905-{박무}{강도1}2100-2320. {연무}2315-{연무}{강도0}2400-,,2025,12,49,341,0,0,0,0
108,서울,2025-12-08,3.4,0.8,2358,7.3,1440,,,,,,,7.3,290.0,26.0,4.6,320.0,952.0,2.3,1955.0,320.0,-7.6,29,1427,45.4,3.5,1017.1,1029.7,2348.0,1022.5,1.0,1027.8,9.7,9.1,1200.0,1.99,11.63,,,,,,0.0,0.0,1.6,-7.9,3.3,3.8,5.1,5.5,7.4,11.0,14.6,19.0,20.1,1.9,2.8,,-{연무}-0010.,,2025,12,50,342,0,0,0,0
108,서울,2025-12-09,2.8,-2.4,744,8.7,1357,,,,,,,6.2,250.0,1503.0,3.8,250.0,1536.0,1.7,1443.0,50.0,-4.5,42,7,59.0,4.5,1017.6,1029.9,15.0,1026.6,1442.0,1028.4,9.7,6.0,1300.0,1.69,8.53,,,,,,2.5,2.4,1.5,-9.8,2.3,2.6,4.1,5.0,7.1,10.8,14.4,18.9,20.0,1.2,1.7,,,,2025,12,50,343,0,0,0,0
108,서울,2025-12-10,4.9,0.7,550,8.6,1503,,,,,,,5.6,50.0,942.0,3.5,50.0,957.0,1.9,1611.0,50.0,0.3,59,1421,73.1,6.3,1013.9,1028.1,229.0,1020.7,2353.0,1024.6,9.6,0.9,1400.0,0.83,4.54,,,,,,6.6,6.6,3.4,-6.2,3.6,3.3,4.1,4.7,6.8,10.6,14.2,18.8,19.9,0.8,1.2,12.9,{박무}2250-2350.,,2025,12,50,344,0,0,0,0
108,서울,2025-12-11,4.0,-1.8,2352,8.4,1412,,,,,5.17,12.9,10.2,320.0,1822.0,5.6,290.0,1641.0,2.7,2366.0,320.0,-1.9,43,1706,68.3,5.9,1011.7,1030.5,2340.0,1016.8,431.0,1022.4,9.6,4.0,1300.0,1.53,6.37,,,,,,4.8,4.1,4.2,-7.0,4.5,4.5,5.2,5.4,7.0,10.4,14.0,18.8,19.8,1.3,1.9,,{비}0205-{비}{강도0}0300-{시정(미만)}{1km}{비}0526-{비}{강도1}0600-{시정(이상)}{1km}{비}0630-0715. {박무}0210-{박무}{강도1}0300-{박무}{강도2}0600-{박무}{강도1}0900-{박무}{강도0}1200-1259. {연무}1257-1335.,,2025,12,50,345,0,0,0,1
108,서울,2025-12-12,2.0,-3.6,611,7.0,1440,,,,,,,5.9,50.0,2246.0,3.3,50.0,1755.0,1.9,1654.0,50.0,-5.8,45,1303,56.3,4.0,1020.3,1033.8,1023.0,1029.5,2353.0,1031.2,9.6,6.9,1200.0,1.79,9.57,,,,,,4.5,1.9,1.2,-9.4,2.3,2.6,4.3,5.0,7.0,10.3,13.8,18.7,19.7,1.5,2.2,0.0,,,2025,12,50,346,0,0,0,0
108,서울,2025-12-13,2.6,-0.8,2347,4.5,853,,,,,13.67,9.5,8.2,290.0,2001.0,4.3,290.0,2004.0,2.4,2061.0,50.0,-0.4,61,3,81.5,6.0,1012.3,1029.5,1.0,1019.5,2341.0,1023.1,9.6,0.0,1000.0,0.28,1.42,1.0,2050.0,1.0,2050.0,1.0,8.6,7.0,2.5,-3.3,3.4,3.4,4.3,5.0,6.7,10.2,13.7,18.6,19.7,0.4,0.5,9.6,{비}0820-{비}{강도0}0900-{비}{강도0}1200-{비}{강도0}1500-{진눈깨비}1620-{눈}1625-{진눈깨비}1730-{진눈깨비}{강도0}1800-{눈}1850-{눈}{강도0}2100-2135. {박무}1215-{박무}{강도0}1500-{박무}{강도1}1800-{박무}{강도0}2100-2115. {눈}2205-2230.,,2025,12,50,347,0,0,0,1
108,서울,2025-12-14,-0.1,-1.5,2359,3.1,1554,,,,,3.5,0.1,6.8,290.0,846.0,4.1,290.0,1030.0,2.0,1743.0,270.0,-3.8,61,1537,76.5,4.6,1010.2,1024.3,2336.0,1018.3,519.0,1021.1,9.6,4.6,1300.0,1.36,8.25,0.3,415.0,1.3,415.0,0.3,4.3,4.3,1.4,-8.6,2.5,2.8,4.1,4.7,6.6,10.0,13.5,18.5,19.7,0.8,1.2,,{박무}0105-{박무}{강도0}0300-0505. {눈}0155-{눈}{강도0}0300-0455. {눈}0715-0745.,,2025,12,50,348,0,0,0,0
108,서울,2025-12-15,0.7,-3.5,654,4.5,1456,,,,,,,4.6,140.0,1522.0,3.0,50.0,2153.0,1.8,1555.0,50.0,-3.1,59,1310,76.4,4.9,1014.4,1027.5,924.0,1024.1,8.0,1025.3,9.6,3.7,1000.0,1.43,6.82,,,,,,4.6,4.4,0.6,-8.6,1.6,1.9,3.5,4.3,6.4,9.8,13.3,18.4,19.8,0.9,1.2,0.0,,,2025,12,51,349,0,0,0,0
108,서울,2025-12-16,3.8,2.1,1,5.0,2344,,,,,8.33,2.1,4.9,50.0,854.0,3.3,50.0,1125.0,2.2,1919.0,50.0,2.0,78,30,88.5,7.1,1011.7,1024.1,1.0,1021.4,1442.0,1022.4,9.6,0.0,1300.0,0.18,0.68,,,,,,9.6,9.0,2.8,-0.5,3.0,2.9,3.7,4.2,6.1,9.6,13.2,18.3,19.8,0.3,0.5,2.1,{박무}0230-{박무}{강도0}0300-0435. {비}0235-0250. {박무}0525-{박무}{강도0}0600-0655. {박무}0725-{박무}{강도0}0900-{박무}{강도1}1200-{박무}{강도1}1500-{박무}{강도2}1800-{박무}{강도1}2100-{박무}{강도2}2400- {비}0915-{비}{강도0}1200-1320. {비}1405-{비}{강도0}1500-{비}{강도0}1800-1805.,,2025,12,51,350,0,0,0,1
108,서울,2025-12-17,4.2,1.2,2354,7.6,1514,,,,,,,6.7,290.0,1019.0,4.8,290.0,1026.0,2.1,1796.0,290.0,-0.5,55,1545,72.8,6.0,1013.6,1027.7,2309.0,1021.1,409.0,1024.3,9.6,7.5,1200.0,1.69,9.52,,,,,,3.1,3.1,4.0,-6.4,4.1,4.1,4.7,5.0,6.3,9.4,13.0,18.2,19.7,1.3,1.8,,-{안개}-{시정(미만)}{1km}{안개}0118-{시정(이상)}{1km}{박무}0130-{시정(미만)}{1km}{안개}0213-{시정(이상)}{1km}{박무}0225-{박무}{강도1}0300-{박무}{강도1}0600-{박무}{강도0}0900-{박무}{강도0}1200-1210. {연무}1205-{연무}{강도0}1500-1605.,0.4,2025,12,51,351,0,0,0,0
108,서울,2025-12-18,2.3,-1.9,750,8.5,1402,,,,,,,5.1,50.0,2229.0,3.3,50.0,2222.0,1.7,1443.0,50.0,-4.8,36,1535,60.6,4.3,1016.3,1029.7,911.0,1024.6,2221.0,1027.1,9.6,8.9,1200.0,1.84,10.59,,,,,,0.0,0.0,0.9,-9.6,2.1,2.6,4.1,4.7,6.5,9.3,12.8,18.1,19.7,1.5,2.1,,,,2025,12,51,352,0,0,0,0
108,서울,2025-12-19,4.9,-0.7,608,9.9,1548,,,,,,,5.6,70.0,857.0,3.5,50.0,1232.0,2.1,1810.0,70.0,-1.0,51,1318,66.5,5.8,1011.4,1025.2,211.0,1019.3,1730.0,1022.0,9.6,3.6,1200.0,1.52,6.14,,,,,,4.3,4.0,3.0,-7.3,2.9,2.8,3.6,4.3,6.1,9.2,12.7,18.0,19.7,1.1,1.6,0.1,,,2025,12,51,353,0,0,0,0
108,서울,2025-12-20,7.3,1.0,2359,10.7,1300,,,,,8.82,0.3,9.4,270.0,2126.0,5.1,270.0,2110.0,2.2,1917.0,50.0,2.8,44,2126,74.1,7.8,1009.1,1025.4,2359.0,1017.1,1334.0,1019.7,9.6,0.0,1300.0,0.15,0.67,,,,,,7.3,5.8,5.4,-3.4,5.4,5.0,5.0,5.1,6.2,9.1,12.5,17.9,19.6,0.9,1.3,0.2,{비}0215-{비}{강도0}0300-0310. {비}0401-0525. {비}0625-0655. {박무}0640-{박무}{강도0}0900-{박무}{강도0}1200-{박무}{강도1}1500-{박무}{강도0}1800-1950. {비}0720-0730. {비}0905-1105. {비}1155-{비}{강도0}1200-1255. {비}1315-{비}{강도0}1500-1605. {연무}1939-2005.,,2025,12,51,354,0,0,0,0
108,서울,2025-12-21,-1.1,-3.4,2351,2.5,1438,,,,,,,11.3,290.0,141.0,5.7,290.0,146.0,2.9,2504.0,290.0,-12.5,31,1345,42.0,2.4,1019.2,1032.5,2250.0,1025.2,1.0,1030.2,9.6,8.9,1200.0,1.96,11.01,,,,,,2.6,0.0,-1.0,-10.2,1.8,2.6,4.3,5.0,6.5,9.0,12.4,17.8,19.6,1.5,2.2,,,,2025,12,51,355,0,0,0,0
108,서울,2025-12-22,-0.7,-5.9,741,5.1,1543,,,,,,,5.3,50.0,955.0,3.7,50.0,1032.0,1.8,1570.0,50.0,-11.9,22,1541,44.8,2.5,1020.6,1033.7,740.0,1029.4,1952.0,1031.6,9.6,8.8,1200.0,1.91,10.79,,,,,,3.9,1.9,-1.9,-12.6,0.7,1.3,3.1,3.9,5.9,8.9,12.3,17.7,19.5,1.8,2.5,,,,2025,12,52,356,0,0,0,0
108,서울,2025-12-23,2.6,0.1,1,4.3,1222,,,,,10.75,10.8,10.1,290.0,1326.0,5.5,290.0,1328.0,2.4,2097.0,70.0,-2.8,44,147,70.9,5.3,1012.3,1030.3,1.0,1019.8,2359.0,1023.1,9.6,0.0,1200.0,0.34,1.56,,,,,,9.0,6.9,0.0,-6.7,0.8,1.0,2.5,3.3,5.4,8.8,12.1,17.6,19.5,0.5,0.7,10.8,{비}1120-{비}{강도0}1200-{진눈깨비}1315-{싸락눈}1325-{진눈깨비}1350-{비}1355-{비}{강도0}1500-{비}{강도0}1800-{비}{강도0}2100-2135. {박무}2125-{박무}{강도1}2400- {비}2215-2245.,,2025,12,52,357,0,0,0,1
108,서울,2025-12-24,2.8,-1.0,2346,6.3,1452,,,,,,,6.7,270.0,1325.0,4.0,250.0,1328.0,2.4,2057.0,290.0,-0.7,57,1527,79.0,5.9,1008.5,1020.6,930.0,1017.7,1427.0,1019.3,9.6,5.0,1200.0,1.91,8.27,,,,,,4.1,4.1,2.5,-6.2,2.4,2.3,2.9,3.4,5.1,8.6,12.0,17.6,19.4,1.1,1.6,,-{박무}-{박무}{강도1}0300-{박무}{강도1}0600-0830. {박무}2235-{박무}{강도0}2400-,,2025,12,52,358,0,0,0,0
108,서울,2025-12-25,-3.6,-8.9,2345,0.0,1406,,,,,,,11.3,290.0,1505.0,6.8,290.0,1508.0,3.9,3361.0,270.0,-11.9,35,1748,54.1,2.6,1011.1,1026.0,2337.0,1019.6,103.0,1022.1,9.6,8.7,1200.0,2.0,11.31,,,,,,0.3,0.3,-1.5,-11.7,0.8,1.4,2.9,3.6,5.3,8.4,11.9,17.5,19.4,1.5,2.2,,-{박무}-{박무}{강도0}0300-0505.,,2025,12,52,359,0,0,0,0
108,서울,2025-12-26,-8.2,-11.8,759,-4.0,1456,,,,,,,10.6,290.0,127.0,5.6,290.0,153.0,2.8,2404.0,290.0,-19.9,28,1431,38.9,1.3,1017.1,1030.4,954.0,1025.9,1.0,1028.4,9.6,9.0,1200.0,2.0,11.69,,,,,,0.4,0.0,-4.8,-15.1,-0.2,0.2,2.1,2.9,4.8,8.2,11.7,17.4,19.3,1.2,1.8,0.0,,,2025,12,52,360,0,0,0,0
108,서울,2025-12-27,-2.6,-8.3,22,0.5,1550,,,,,0.33,0.0,5.1,20.0,2045.0,3.2,50.0,848.0,2.1,1794.0,50.0,-11.1,37,1,52.1,2.8,1015.3,1028.7,1.0,1024.5,1506.0,1026.3,9.6,2.0,1100.0,0.97,4.71,,,,,,7.8,7.8,-1.7,-13.6,-0.2,0.0,1.5,2.4,4.4,8.0,11.6,17.3,19.3,0.8,1.2,,{눈}0705-0725.,,2025,12,52,361,0,0,0,0
108,서울,2025-12-28,3.2,0.0,1,6.1,1518,,,,,4.42,0.6,4.9,50.0,950.0,3.0,50.0,912.0,2.0,1764.0,50.0,-0.6,65,2,76.4,5.9,1011.1,1025.3,1.0,1018.5,2400.0,1021.8,9.6,0.7,1200.0,0.84,4.89,,,,,,8.3,8.0,1.1,-2.3,0.3,0.1,1.3,2.2,4.1,7.8,11.4,17.2,19.2,0.7,1.0,0.9,{연무}0455-{연무}{강도0}0600-{연무}{강도0}0900-{연무}{강도0}1200-{연무}{강도0}1500-1705. {비}1655-1755. {박무}1659-{박무}{강도0}1800-{박무}{강도0}2100-2240. {비}1925-{비}{강도0}2100-2250.,,2025,12,52,362,0,0,0,0
108,서울,2025-12-29,4.9,-0.1,2345,9.1,1446,,,,,2.0,0.3,9.5,320.0,2108.0,5.0,270.0,1521.0,2.1,1777.0,250.0,0.4,46,2158,74.1,6.5,1008.0,1023.1,2355.0,1016.0,547.0,1018.6,9.6,4.9,1100.0,1.28,6.42,,,,,,3.1,2.8,1.7,-8.5,0.4,0.2,1.4,2.1,4.0,7.6,11.2,17.1,19.2,1.2,1.7,,{박무}0020-{박무}{강도0}0300-{박무}{강도0}0600-{박무}{강도1}0900-{박무}{강도0}1200-1315. {비}0302-0350. {비}0528-{비}{강도0}0600-0640. {연무}1310-{연무}{강도0}1500-{연무}{강도0}1800-{연무}{강도0}2100-2105.,,2025,12,1,363,0,0,0,0
108,서울,2025-12-30,-0.5,-3.7,802,3.8,1446,,,,,,,7.9,340.0,1638.0,4.6,290.0,1037.0,2.4,2040.0,270.0,-11.6,24,1217,45.1,2.6,1015.1,1028.1,954.0,1023.1,1.0,1026.0,9.6,9.0,1200.0,1.96,11.29,,,,,,1.9,1.9,-0.9,-10.7,0.2,0.4,1.6,2.3,4.1,7.4,11.1,17.0,19.2,1.9,2.7,,,,2025,12,1,364,0,0,0,0
108,서울,2025-12-31,-5.6,-8.9,2345,-1.2,1,,,,,,,9.1,320.0,1955.0,4.9,320.0,1419.0,3.1,2651.0,290.0,-17.0,25,1318,40.9,1.6,1018.0,1031.2,1019.0,1027.1,105.0,1029.1,9.6,9.0,1200.0,2.01,11.74,,,,,,0.3,0.0,-2.7,-12.7,0.1,0.4,1.6,2.3,4.0,7.2,10.9,16.9,19.1,1.4,2.0,,,,2025,12,1,365,0,0,0,0
108,서울,2026-01-01,-7.4,-10.5,748,-2.1,1500,,,,,,,9.8,320.0,2014.0,5.7,320.0,2026.0,2.8,2441.0,270.0,-18.6,24,1451,41.5,1.4,1016.1,1030.3,1.0,1025.2,1639.0,1027.4,9.6,8.9,1200.0,2.0,11.46,,,,,,0.4,0.0,-4.2,-14.2,-0.8,-0.2,1.4,2.2,3.8,7.1,10.7,16.8,19.0,1.4,2.0,,,,2026,1,1,1,0,0,0,0
108,서울,2026-01-02,-8.0,-11.4,731,-3.8,1540,,,,,,,7.3,320.0,436.0,4.7,320.0,336.0,2.7,2326.0,320.0,-17.5,33,1236,46.6,1.6,1015.6,1028.3,2325.0,1025.1,1431.0,1026.8,9.6,9.1,1200.0,1.95,11.39,,,,,,0.0,0.0,-4.7,-15.8,-1.6,-1.0,0.9,1.8,3.5,7.0,10.6,16.7,19.0,1.1,1.5,,,,2026,1,1,2,0,0,0,0
108,서울,2026-01-03,-4.7,-9.8,755,0.0,1557,,,,,,,4.7,270.0,1544.0,3.0,50.0,1046.0,1.4,1250.0,270.0,-11.4,43,1242,60.0,2.6,1016.7,1029.9,920.0,1026.6,2355.0,1027.8,9.7,4.5,1100.0,1.58,6.94,,,,,,3.8,3.8,-3.7,-16.9,-1.5,-1.3,0.5,1.4,3.3,6.8,10.4,16.6,18.9,0.8,1.1,,,,2026,1,1,3,0,0,0,0
108,서울,2026-01-04,0.2,-2.7,811,5.0,1519,,,,,,,6.8,340.0,1136.0,4.2,320.0,1142.0,1.9,1647.0,290.0,-6.3,35,1330,63.4,3.8,1013.8,1027.0,1033.0,1022.9,2206.0,1024.6,9.7,7.4,1200.0,1.84,10.44,,,,,,4.1,1.8,-0.8,-9.3,-0.5,-0.7,0.3,1.1,3.2,6.6,10.3,16.5,18.8,1.3,1.9,,{박무}0840-{박무}{강도0}0900-0905.,,2026,1,1,4,0,0,0,0
108,서울,2026-01-05,-1.9,-4.6,732,1.8,1428,,,,,,,8.0,270.0,1537.0,5.2,320.0,2123.0,2.3,1990.0,270.0,-11.9,26,1454,48.5,2.5,1012.9,1026.5,2343.0,1022.0,1353.0,1023.8,9.7,9.1,1200.0,1.98,11.6,,,,,,0.4,0.0,-2.5,-13.0,-0.7,-0.8,0.2,1.1,3.0,6.5,10.1,16.4,18.7,1.6,2.3,,,,2026,1,2,5,0,0,0,0
108,서울,2026-01-06,-0.9,-7.0,759,3.9,1555,,,,,,,5.5,180.0,2019.0,3.4,200.0,2022.0,1.7,1441.0,200.0,-9.0,33,1244,55.6,3.3,1012.6,1027.0,334.0,1020.3,2357.0,1023.5,9.7,5.1,1200.0,1.93,8.84,,,,,,2.9,2.6,-2.1,-14.4,-0.9,-1.1,0.0,0.9,2.9,6.3,10.0,16.3,18.6,1.1,1.6,,,,2026,1,2,6,0,0,0,0
108,서울,2026-01-07,-0.2,-5.3,2348,3.1,1423,,,,,,,10.0,270.0,1243.0,5.9,250.0,1439.0,2.9,2522.0,270.0,-9.8,21,1504,51.9,3.2,1010.8,1026.6,2334.0,1017.6,536.0,1021.6,9.7,8.8,1200.0,2.02,11.62,,,,,,1.1,1.1,-1.4,-10.7,-0.1,-0.7,-0.1,0.7,2.9,6.2,9.8,16.3,18.5,1.9,2.7,,{박무}0505-{박무}{강도0}0600-{박무}{강도0}0900-0910.,,2026,1,2,7,0,0,0,0
108,서울,2026-01-08,-5.1,-8.2,752,-1.1,1455,,,,,,,8.2,320.0,433.0,4.6,250.0,1529.0,2.4,2056.0,270.0,-17.3,24,1609,38.5,1.6,1016.8,1030.4,1029.0,1026.5,3.0,1028.0,9.7,9.2,1200.0,2.06,12.14,,,,,,0.0,0.0,-4.4,-14.3,-1.3,-1.2,0.2,1.0,2.8,6.1,9.7,16.2,18.4,1.4,2.0,,,,2026,1,2,8,0,0,0,0
108,서울,2026-01-09,-0.3,-6.7,404,4.6,2359,,,,,0.17,0.0,5.7,160.0,2346.0,3.2,50.0,649.0,2.2,1879.0,50.0,-7.3,46,1153,59.8,3.8,1009.4,1027.5,57.0,1013.1,2400.0,1020.3,9.7,2.9,1100.0,1.39,5.58,,,,,,6.4,6.4,-1.9,-14.3,-0.9,-1.2,-0.1,0.6,2.7,6.0,9.6,16.1,18.3,1.0,1.5,1.7,{진눈깨비}1715-1725.,,2026,1,2,9,0,0,0,0
108,서울,2026-01-10,2.0,-4.7,2346,7.4,452,,,,,7.73,1.7,19.4,290.0,1513.0,8.8,250.0,1243.0,4.9,4266.0,250.0,-4.6,39,1352,62.0,4.7,1001.2,1020.1,2357.0,1005.9,638.0,1011.9,9.8,3.3,1300.0,1.58,6.86,,,,,,6.1,5.1,0.7,-8.8,0.2,-0.7,-0.3,0.4,2.7,5.8,9.4,16.0,18.3,1.5,2.2,0.0,{비}0050-0255. {박무}0240-{박무}{강도0}0300-{박무}{강도0}0600-0630. {비}0620-0655. {연무}0620-0840. {연무}1110-{연무}{강도0}1200-1210. {눈}1505-{눈}{강도0}1800-1825. {눈}2001-{눈}{강도0}2100-2145.,,2026,1,2,10,0,0,0,1
108,서울,2026-01-11,-6.7,-9.0,2352,-3.6,1435,,,,,,,12.6,290.0,1617.0,7.1,290.0,1626.0,3.6,3136.0,290.0,-17.7,28,1159,41.8,1.5,1014.0,1027.1,1919.0,1020.0,1.0,1025.1,9.8,9.0,1200.0,2.06,11.93,,,,,,0.0,0.0,-4.4,-14.8,-1.1,-1.0,0.1,0.8,2.6,5.7,9.3,15.9,18.2,1.3,1.9,,,,2026,1,2,11,0,0,0,0
108,서울,2026-01-12,-3.8,-10.2,326,1.2,2354,,,,,11.08,2.7,5.5,50.0,1138.0,3.2,50.0,1204.0,2.1,1817.0,50.0,-8.5,50,12,70.9,3.6,1007.5,1026.6,31.0,1009.8,2317.0,1018.5,9.8,1.8,1200.0,1.61,5.07,2.8,2255.0,2.8,2255.0,2.8,7.0,6.4,-3.0,-15.7,-1.4,-1.6,-0.2,0.6,2.5,5.6,9.2,15.8,18.2,0.6,0.9,2.7,{눈}1245-{눈}{강도0}1500-{눈}{강도0}1800-{눈}{강도0}2100-2255. {박무}2250-{박무}{강도0}2400- {진눈깨비}2305-{진눈깨비}{강도0}2400-,,2026,1,3,12,0,0,0,1
108,서울,2026-01-13,-3.3,-8.1,2359,1.9,114,,,,,0.58,0.0,11.9,320.0,1219.0,6.3,290.0,1224.0,3.3,2846.0,270.0,-11.6,34,1622,54.8,2.8,1008.4,1024.7,2326.0,1010.0,9.0,1019.4,9.8,9.1,1200.0,2.08,12.22,,,2.4,1.0,,1.6,0.8,-0.9,-11.4,-0.5,-0.9,-0.2,0.5,2.5,5.5,9.1,15.7,18.1,1.4,2.0,,-{진눈깨비}-0035. -{박무}-{박무}{강도0}0300-{박무}{강도0}0600-0705.,,2026,1,3,13,0,0,0,0
108,서울,2026-01-14,-3.3,-9.4,629,1.5,1439,,,,,1.08,0.0,7.6,50.0,2240.0,4.8,50.0,2207.0,2.3,2006.0,50.0,-13.2,32,1407,47.3,2.2,1012.0,1026.7,940.0,1017.2,2358.0,1023.0,9.8,8.0,1200.0,1.84,10.36,,,0.7,1.0,,3.4,2.3,-2.1,-13.0,-1.3,-1.5,-0.2,0.5,2.4,5.4,9.0,15.6,18.0,1.5,2.2,0.0,{비}2145-2250.,,2026,1,3,14,0,0,0,0
108,서울,2026-01-15,4.7,0.8,1,10.2,1448,,,,,,,7.4,50.0,9.0,4.5,290.0,1750.0,2.1,1782.0,50.0,-0.2,46,6,71.9,6.2,1004.7,1019.8,2306.0,1012.8,1357.0,1015.3,9.9,1.3,1400.0,1.2,5.36,,,,,,6.3,6.3,1.9,-7.0,0.2,-0.8,-0.5,0.2,2.4,5.4,8.8,15.5,18.0,0.8,1.1,,{박무}1055-{박무}{강도0}1200-1355. {연무}1350-{연무}{강도0}1500-{연무}{강도1}1800-1830. {박무}1825-{박무}{강도1}2100-{박무}{강도1}2400-,,2026,1,3,15,0,0,0,0
108,서울,2026-01-16,3.6,0.9,258,9.4,1500,,,,,0.25,0.0,7.7,290.0,1746.0,4.0,290.0,1754.0,1.9,1649.0,50.0,0.4,52,1656,80.9,6.3,1008.6,1021.1,949.0,1016.7,1531.0,1019.3,9.9,5.6,1200.0,1.75,9.05,,,,,,4.8,4.8,1.6,-7.2,0.4,-0.7,-0.4,0.1,2.4,5.3,8.7,15.4,17.9,1.2,1.6,0.0,{박무}{강도2}0300-{시정(미만)}{1km}{안개}0526-{안개}{강도0}0600-{시정(미만)}{0.5km}{안개}0721-{시정(이상)}{0.5km}{안개}0745-{시정(이상)}{1km}{박무}0851-{박무}{강도2}0900-{박무}{강도1}1200-1325. {연무}1320-{연무}{강도0}1500-{연무}{강도1}1800-2035. {박무}2030-{박무}{강도1}2100-{박무}{강도0}2400- {비}2310-2325.,3.42,2026,1,3,16,0,0,0,0
108,서울,2026-01-17,0.2,-2.8,757,4.9,1446,,,,,,,6.8,290.0,614.0,4.6,290.0,619.0,2.2,1933.0,250.0,-6.0,40,1554,64.4,4.0,1011.4,1024.2,1016.0,1019.7,12.0,1022.3,9.9,8.6,1200.0,1.88,11.08,,,,,,0.5,0.0,0.6,-9.7,0.3,-0.6,-0.4,0.1,2.3,5.2,8.6,15.3,17.9,1.4,1.9,,-{박무}-{박무}{강도0}0300-{박무}{강도0}0600-{박무}{강도0}0900-1055. {연무}1050-{연무}{강도0}1200-1330.,,2026,1,3,17,0,0,0,0
108,서울,2026-01-18,0.4,-3.7,444,3.0,1500,,,,,3.42,0.0,6.3,50.0,1509.0,3.5,50.0,1514.0,1.5,1306.0,70.0,-6.4,44,1449,60.5,3.8,1011.8,1024.0,1034.0,1020.7,1455.0,1022.6,9.9,0.0,1300.0,0.58,2.46,,,,,,8.0,6.1,-0.1,-10.3,0.2,-0.6,-0.3,0.3,2.3,5.2,8.5,15.2,17.8,0.6,0.9,1.0,{눈}1845-1940. {눈}2130-{눈}{강도0}2400-,,2026,1,3,18,0,0,0,0
108,서울,2026-01-19,-3.9,-9.8,2350,1.5,1,,,,,7.5,1.0,10.6,340.0,1700.0,5.9,290.0,1836.0,3.4,2920.0,290.0,-11.5,31,1802,57.8,2.9,1014.5,1029.6,2356.0,1022.8,55.0,1025.6,10.0,6.1,1300.0,1.77,9.66,1.3,655.0,1.3,655.0,1.3,5.8,1.8,-0.3,-13.2,0.1,-0.6,-0.2,0.4,2.3,5.1,8.5,15.1,17.8,1.3,1.8,,-{눈}-{눈}{강도0}0300-{눈}{강도0}0600-0730.,,2026,1,4,19,0,0,0,1
108,서울,2026-01-20,-8.4,-11.8,758,-3.3,1516,,,,,,,7.2,320.0,159.0,4.3,320.0,206.0,2.5,2185.0,290.0,-18.8,32,1522,43.3,1.4,1018.0,1031.5,1015.0,1027.3,1641.0,1029.3,10.0,8.9,1200.0,2.22,13.22,,,,,,2.0,0.0,-3.8,-15.3,-1.6,-1.3,0.2,0.8,2.2,5.0,8.4,15.0,17.7,1.2,1.7,,,,2026,1,4,20,0,0,0,0
108,서울,2026-01-21,-9.7,-12.2,626,-5.2,1603,,,,,,,9.7,250.0,1622.0,5.5,250.0,1624.0,3.0,2608.0,270.0,-18.5,35,1438,49.4,1.4,1017.7,1030.6,2234.0,1027.2,1452.0,1029.0,10.0,9.2,1200.0,2.24,13.59,,,,,,0.0,0.0,-5.2,-17.0,-2.4,-1.9,0.1,0.8,2.2,5.0,8.3,15.0,17.7,1.2,1.7,,,,2026,1,4,21,0,0,0,0
108,서울,2026-01-22,-9.1,-13.2,726,-4.2,1605,,,,,,,11.6,320.0,1243.0,5.4,290.0,1427.0,3.1,2662.0,270.0,-19.2,31,1339,44.1,1.4,1018.1,1031.8,934.0,1027.4,1741.0,1029.4,10.0,9.2,1200.0,2.28,13.87,,,,,,0.0,0.0,-5.6,-17.2,-2.9,-2.5,-0.4,0.6,2.1,4.9,8.2,14.9,17.6,1.2,1.7,,,,2026,1,4,22,0,0,0,0
108,서울,2026-01-23,-5.0,-11.4,804,0.2,1559,,,,,4.17,2.2,4.9,290.0,1442.0,3.0,290.0,1443.0,1.4,1234.0,230.0,-14.4,23,1326,50.6,2.2,1015.5,1029.4,847.0,1023.1,2353.0,1026.6,10.1,8.4,1200.0,2.03,11.78,4.9,2310.0,4.9,2310.0,4.9,3.3,3.0,-3.6,-18.9,-2.4,-2.4,-0.9,0.1,1.9,4.8,8.1,14.8,17.6,1.3,1.8,2.2,{눈}1910-2030. {눈}2055-{눈}{강도0}2100-{시정(미만)}{1km}{눈}2200-{시정(미만)}{0.5km}{눈}2208-{시정(이상)}{0.5km}{눈}2246-{시정(이상)}{1km}{눈}2250-2345. {박무}2330-{박무}{강도1}2400-,,2026,1,4,23,0,0,0,1
108,서울,2026-01-24,-5.3,-8.8,828,-1.4,1500,,,,,,,9.2,290.0,2213.0,4.9,320.0,121.0,2.8,2417.0,250.0,-15.2,27,1330,47.0,1.9,1015.9,1029.9,2359.0,1023.0,4.0,1027.0,10.1,9.3,1200.0,2.29,13.91,,,4.9,1.0,,0.8,0.8,-1.2,-11.1,-0.9,-1.2,-0.4,0.0,1.9,4.8,8.1,14.7,17.5,1.5,2.2,,-{박무}-0145.,,2026,1,4,24,0,0,0,0
108,서울,2026-01-25,-6.0,-9.3,726,-2.0,1452,,,,,,,8.4,290.0,958.0,5.3,290.0,949.0,2.3,1966.0,250.0,-17.2,27,1416,41.6,1.6,1019.9,1032.8,2055.0,1029.8,5.0,1031.1,10.1,9.3,1200.0,2.26,13.75,,,,,,0.1,0.0,-3.1,-13.8,-2.1,-2.0,-0.7,0.2,1.8,4.7,8.0,14.6,17.5,1.4,2.0,,,,2026,1,4,25,0,0,0,0
108,서울,2026-01-26,-4.2,-8.0,439,-0.3,1523,,,,,,,4.6,270.0,1134.0,3.1,20.0,844.0,1.8,1579.0,270.0,-12.8,36,1837,51.8,2.3,1016.2,1030.7,237.0,1024.3,1642.0,1027.3,10.1,2.1,1300.0,1.36,7.72,,,,,,7.1,2.9,-2.7,-14.7,-1.9,-2.1,-1.0,-0.1,1.7,4.6,7.9,14.5,17.5,1.0,1.4,,,,2026,1,5,26,0,0,0,0
108,서울,2026-01-27,-4.4,-7.4,2352,-0.1,1526,,,,,,,9.7,290.0,2157.0,5.2,290.0,2157.0,2.7,2322.0,290.0,-14.0,27,1541,48.3,2.1,1016.1,1029.8,2337.0,1025.2,53.0,1027.2,10.2,9.3,1200.0,2.23,13.71,,,,,,0.4,0.0,-2.9,-14.0,-1.7,-1.9,-0.9,-0.2,1.7,4.5,7.8,14.4,17.4,1.6,2.3,,,,2026,1,5,27,0,0,0,0
108,서울,2026-01-28,-5.4,-9.4,514,-0.8,1559,,,,,,,7.8,290.0,1445.0,4.6,250.0,2131.0,2.5,2165.0,290.0,-17.1,23,1526,40.3,1.6,1019.2,1032.4,955.0,1028.8,1637.0,1030.4,10.2,9.5,1200.0,2.29,14.0,,,,,,0.0,0.0,-4.0,-16.3,-2.5,-2.5,-1.2,-0.3,1.6,4.5,7.7,14.4,17.4,1.7,2.4,,,,2026,1,5,28,0,0,0,0
108,서울,2026-01-29,-5.2,-8.7,718,-0.3,1540,,,,,,,9.8,290.0,2014.0,6.2,290.0,2131.0,2.9,2486.0,290.0,-17.6,22,1536,38.4,1.6,1019.9,1032.3,950.0,1029.3,1432.0,1031.1,10.2,9.5,1200.0,2.33,14.46,,,,,,0.1,0.0,-4.1,-16.0,-2.4,-2.5,-1.3,-0.4,1.5,4.4,7.6,14.3,17.3,1.8,2.6,,,,2026,1,5,29,0,0,0,0
108,서울,2026-01-30,-6.4,-9.2,238,-1.8,1431,,,,,,,6.5,290.0,1127.0,3.9,290.0,925.0,2.3,2001.0,270.0,-17.5,29,1409,41.4,1.6,1020.4,1033.5,1018.0,1030.1,1741.0,1031.6,10.3,9.3,1100.0,2.08,12.83,,,,,,2.3,0.0,-4.6,-17.2,-2.8,-2.8,-1.5,-0.6,1.4,4.3,7.6,14.2,17.3,1.3,1.9,,,,2026,1,5,30,0,0,0,0
108,서울,2026-01-31,-4.1,-9.5,727,1.7,1451,,,,,0.67,0.0,7.1,250.0,1229.0,4.1,250.0,1356.0,1.8,1568.0,250.0,-14.8,21,1349,45.5,2.0,1017.8,1031.1,206.0,1026.8,1517.0,1028.9,10.3,9.1,1200.0,2.29,13.92,,,,,,2.8,1.9,-3.7,-16.5,-2.5,-2.8,-1.7,-0.9,1.3,4.2,7.5,14.1,17.3,1.7,2.4,0.0,{눈}2240-2315. {눈}2355-{눈}{강도0}2400-,,2026,1,5,31,0,0,0,0
108,서울,2026-02-01,-2.0,-7.1,743,2.1,1515,,,,,1.75,0.0,8.7,270.0,1624.0,4.6,290.0,1300.0,2.1,1842.0,290.0,-11.5,25,1423,50.0,2.6,1015.5,1028.3,946.0,1024.8,2346.0,1026.5,10.3,9.3,1200.0,2.28,13.94,,,,,,2.5,2.5,-1.7,-14.8,-1.4,-2.3,-1.6,-1.1,1.2,4.1,7.4,14.0,17.2,1.6,2.3,2.4,-{눈}-0045. {눈}1955-2045. {눈}2350-{눈}{강도0}2400-,,2026,2,5,32,1,0,0,0
108,서울,2026-02-02,-2.1,-4.3,2356,1.0,1527,,,,,5.17,2.4,9.3,290.0,1407.0,4.4,290.0,1550.0,2.4,2058.0,290.0,-9.0,32,1550,61.9,3.2,1016.6,1030.9,2359.0,1024.4,131.0,1027.6,10.4,8.8,1300.0,2.28,12.27,6.2,445.0,6.2,445.0,6.2,1.9,1.8,-0.1,-9.9,-0.5,-1.7,-1.4,-1.2,1.3,4.1,7.3,14.0,17.2,1.4,2.0,,-{눈}-{시정(미만)}{1km}{눈}0051-{시정(미만)}{0.5km}{눈}0154- {시정(이상)}{0.5km}{눈}0205-{시정(이상)}{1km}{눈}0210-{눈}{강도0}0300-0445. {박무}0435-{박무}{강도0}0600-{박무}{강도0}0900-1035. {눈}0505-0530. {연무}1030-1130.,,2026,2,6,33,1,0,0,1
108,서울,2026-02-03,-0.9,-7.6,710,5.6,1454,,,,,,,5.9,270.0,1406.0,3.3,230.0,1325.0,1.7,1460.0,270.0,-8.0,40,1426,59.6,3.5,1018.4,1032.7,747.0,1025.9,2351.0,1029.4,10.4,9.3,1200.0,2.32,14.27,,,,,,2.9,2.9,-0.3,-13.9,-1.0,-1.8,-1.2,-0.8,1.2,4.0,7.2,13.9,17.2,1.6,2.3,,{연무}2225-2340.,,2026,2,6,34,1,0,0,0
108,서울,2026-02-04,2.8,0.9,502,5.7,1631,,,,,0.38,0.0,4.4,50.0,636.0,2.8,50.0,642.0,1.7,1464.0,50.0,-1.6,63,1403,72.4,5.4,1011.9,1026.1,119.0,1020.1,2326.0,1022.6,10.4,0.0,1200.0,0.62,3.92,,,,,,6.5,6.5,0.7,-6.5,0.0,-1.5,-1.4,-1.2,1.3,3.9,7.2,13.8,17.1,0.7,1.0,0.0,{박무}0045-{박무}{강도0}0300-{박무}{강도0}0600-{박무}{강도0}0900-1110. {연무}1103-{연무}{강도0}1200-{연무}{강도0}1500-{연무}{강도0}1800-{연무}{강도0}2100-{연무}{강도0}2400- {비}1527-1550.,,2026,2,6,35,1,0,0,0
108,서울,2026-02-05,3.6,-2.8,2358,10.1,1253,,,,,0.25,0.0,9.8,270.0,1522.0,5.7,270.0,1517.0,2.6,2214.0,50.0,-1.6,47,2152,69.3,5.7,1008.3,1022.6,2357.0,1015.5,1328.0,1019.0,10.5,2.2,1200.0,2.0,7.6,,,,,,6.9,5.6,2.0,-6.7,0.4,-1.4,-1.4,-1.2,1.3,3.9,7.1,13.7,17.1,1.4,2.1,,{박무}0020-{박무}{강도0}0300-{박무}{강도0}0600-{박무}{강도0}0900-1055. -{연무}-0025. {비}0820-0835. {연무}1050-{연무}{강도0}1200-1245. {연무}1325-{연무}{강도0}1500-{연무}{강도1}1800-2045.,,2026,2,6,36,1,0,0,0
108,서울,2026-02-06,-6.0,-8.3,2400,-2.4,1444,,,,,,,9.0,320.0,132.0,5.5,290.0,140.0,3.6,3116.0,290.0,-20.2,22,1341,32.1,1.3,1014.4,1027.6,1112.0,1022.6,4.0,1025.6,10.5,8.8,1200.0,2.41,14.81,,,,,,5.6,0.0,-1.4,-10.4,-0.3,-1.3,-1.0,-0.9,1.3,3.9,7.0,13.6,17.0,1.8,2.6,,,,2026,2,6,37,1,0,0,0
108,서울,2026-02-07,-8.1,-10.8,718,-4.0,1524,,,,,,,11.0,250.0,1531.0,6.1,250.0,1516.0,3.3,2872.0,290.0,-21.4,21,1657,34.5,1.1,1014.7,1027.3,2255.0,1024.3,1510.0,1026.0,10.5,9.6,1200.0,2.52,16.05,,,,,,1.4,0.0,-4.2,-14.6,-2.0,-2.1,-0.8,-0.3,1.3,3.8,7.0,13.6,17.0,1.7,2.5,,,,2026,2,6,38,1,0,0,0
108,서울,2026-02-08,-8.2,-12.4,712,-3.5,1602,,,,,,,8.4,270.0,1709.0,4.9,290.0,1627.0,3.1,2642.0,270.0,-20.5,26,1348,36.9,1.2,1018.6,1032.3,2327.0,1027.0,118.0,1029.9,10.6,9.6,1300.0,2.47,15.73,,,,,,0.0,0.0,-5.1,-16.9,-3.0,-2.9,-1.3,-0.3,1.3,3.8,6.9,13.5,17.0,1.5,2.1,,,,2026,2,6,39,1,0,0,0
108,서울,2026-02-09,-3.1,-10.1,736,4.4,1605,,,,,,,6.0,200.0,1309.0,3.4,180.0,1317.0,1.7,1488.0,50.0,-11.5,32,1148,53.8,2.7,1017.9,1032.3,39.0,1026.1,1614.0,1028.9,10.6,9.6,1200.0,2.44,15.5,,,,,,1.6,0.1,-2.4,-16.5,-2.2,-2.7,-1.6,-0.8,1.2,3.8,6.9,13.4,16.9,1.7,2.4,,,,2026,2,7,40,1,0,0,0
108,서울,2026-02-10,1.4,-2.5,155,4.8,1446,,,,,7.92,0.8,4.5,50.0,907.0,3.0,50.0,835.0,1.5,1294.0,50.0,-2.9,54,1150,73.6,5.1,1010.5,1026.6,1.0,1018.5,1454.0,1021.3,10.6,0.1,1300.0,1.09,4.19,,,,,,9.0,6.5,0.4,-9.1,-0.4,-1.7,-1.2,-0.9,1.2,3.7,6.8,13.3,16.9,0.6,0.9,0.8,{눈}1155-{눈}{강도0}1200-1410. {비}1450-{비}{강도0}1500-{비}{강도0}1800-2030. {박무}1610-{박무}{강도0}1800-{박무}{강도1}2100-{박무}{강도1}2400-,,2026,2,7,41,1,0,0,0
108,서울,2026-02-11,2.7,0.0,2352,6.9,1530,,,,,1.5,0.0,7.6,250.0,1522.0,4.6,250.0,1508.0,1.8,1571.0,270.0,-0.8,51,1553,79.4,5.8,1010.9,1022.6,2346.0,1020.0,47.0,1021.7,10.7,3.3,1300.0,1.79,8.57,,,,,,5.3,5.3,2.3,-7.8,0.1,-1.5,-1.3,-1.2,1.2,3.7,6.8,13.3,16.9,1.0,1.5,,-{박무}-{박무}{강도1}0300-{박무}{강도1}0600-{박무}{강도1}0900-{박무}{강도1}1200-1335. {안개비}0605-0735. {연무}1330-{연무}{강도0}1500-{연무}{강도0}1800-{연무}{강도1}2100-2220. {박무}2215-{박무}{강도1}2400-,,2026,2,7,42,1,0,0,0
108,서울,2026-02-12,2.8,-2.7,728,8.5,1500,,,,,,,7.5,180.0,1420.0,4.4,250.0,1629.0,1.8,1584.0,200.0,-1.0,54,1505,77.3,5.7,1012.0,1024.9,1014.0,1021.0,1651.0,1022.8,10.7,4.8,1000.0,1.83,11.11,,,,,,2.9,2.9,1.7,-10.4,0.2,-1.3,-1.1,-0.9,1.2,3.6,6.7,13.2,16.9,1.3,1.8,,-{박무}-{박무}{강도1}0300-{박무}{강도1}0600-{박무}{강도1}0900-1058. {연무}1053-{연무}{강도0}1200-1245. {박무}2055-{박무}{강도0}2100-{박무}{강도0}2400-,,2026,2,7,43,1,0,0,0
108,서울,2026-02-13,5.3,3.5,718,7.8,1550,,,,,,,4.9,180.0,918.0,3.0,200.0,920.0,1.1,988.0,20.0,1.8,68,1552,78.5,7.0,1009.3,1021.6,1.0,1019.0,1816.0,1019.9,10.8,0.0,1200.0,0.53,3.35,,,,,,7.1,7.1,1.4,-4.6,0.4,-1.2,-1.1,-0.9,1.3,3.6,6.6,13.1,16.9,0.6,0.9,,-{박무}-{박무}{강도0}0300-{박무}{강도0}0600-{박무}{강도1}0900-{박무}{강도1}1200-1345. {연무}1338-{연무}{강도1}1500-{연무}{강도1}1800-1955. {박무}1950-{박무}{강도1}2100-{박무}{강도1}2400-,,2026,2,7,44,1,0,0,0
108,서울,2026-02-14,7.8,4.2,1,12.8,1417,,,,,,,5.8,200.0,1539.0,3.4,200.0,1549.0,1.6,1406.0,50.0,3.7,55,1502,76.1,8.0,1006.9,1019.7,210.0,1015.0,1627.0,1017.3,10.8,2.3,1300.0,2.02,8.96,,,,,,7.3,7.3,3.1,-2.9,0.8,-1.2,-1.1,-1.0,1.3,3.6,6.6,13.0,16.9,1.3,1.9,0.0,-{박무}-{박무}{강도1}0300-{박무}{강도1}0600-{박무}{강도1}0900-{박무}{강도1}1200-1220. {연무}1215-{연무}{강도0}1500-{연무}{강도0}1800-{연무}{강도0}2100-2145. {박무}2138-{박무}{강도1}2400-,,2026,2,7,45,1,0,0,0
108,서울,2026-02-15,6.6,0.6,2352,11.6,1512,,,,,0.78,0.0,10.7,290.0,1952.0,6.4,290.0,2001.0,2.7,2355.0,290.0,-2.1,23,1423,57.4,5.6,1009.8,1023.6,2239.0,1017.5,1.0,1020.4,10.8,7.2,1300.0,2.36,13.73,,,,,,5.1,3.4,4.3,-5.7,1.2,-1.1,-1.1,-1.1,1.3,3.6,6.6,13.0,16.8,2.7,3.9,,-{박무}-{박무}{강도1}0300-{박무}{강도0}0600-{박무}{강도0}0900-1115. {안개비}0323-0410. {연무}1110-{연무}{강도0}1200-1250.,,2026,2,7,46,1,0,0,0
108,서울,2026-02-16,2.4,-1.6,718,8.4,1600,,,,,,,7.8,340.0,1342.0,4.3,250.0,1525.0,2.5,2190.0,270.0,-8.9,33,1551,43.6,3.1,1013.8,1026.2,958.0,1022.4,1552.0,1024.6,10.9,9.6,1200.0,2.54,16.57,,,,,,3.3,0.0,2.2,-8.4,0.5,-1.1,-1.1,-1.0,1.3,3.5,6.5,12.9,16.8,2.5,3.6,,,,2026,2,8,47,1,0,0,0
108,서울,2026-02-17,1.7,-3.3,724,8.8,1458,,,,,,,7.8,180.0,1301.0,4.9,230.0,1629.0,2.4,2068.0,250.0,-8.3,19,1323,51.3,3.4,1012.3,1025.7,241.0,1020.6,1640.0,1023.1,10.9,9.8,1200.0,2.7,17.87,,,,,,0.5,0.0,1.8,-10.6,0.5,-1.1,-0.9,-0.9,1.3,3.5,6.5,12.8,16.8,2.6,3.7,,,,2026,2,8,48,1,0,0,0
108,서울,2026-02-18,2.4,-0.7,645,7.2,1440,,,,,,,9.7,320.0,1447.0,5.2,290.0,1449.0,2.5,2127.0,270.0,-6.7,25,1519,55.6,3.8,1011.1,1024.8,2356.0,1019.3,526.0,1021.9,10.9,9.8,1200.0,2.67,17.29,,,,,,0.0,0.0,2.1,-9.0,0.5,-1.1,-1.0,-1.0,1.3,3.5,6.4,12.8,16.8,2.4,3.4,,{박무}0520-{박무}{강도0}0600-{박무}{강도0}0900-0930.,,2026,2,8,49,1,0,0,0
108,서울,2026-02-19,2.1,-3.3,605,8.4,1442,,,,,,,8.2,290.0,1556.0,4.4,290.0,1559.0,1.8,1588.0,270.0,-8.1,26,1721,49.5,3.4,1013.4,1026.5,840.0,1022.1,1747.0,1024.2,11.0,10.0,1200.0,2.65,17.46,,,,,,0.1,0.1,2.0,-11.1,0.5,-1.0,-0.9,-0.8,1.3,3.5,6.4,12.7,16.7,2.5,3.5,,,,2026,2,8,50,1,0,0,0
108,서울,2026-02-20,6.3,-1.0,312,13.8,1537,,,,,,,8.1,180.0,1502.0,5.4,230.0,1622.0,2.3,2011.0,50.0,-2.6,39,1410,53.9,5.1,1007.1,1022.5,28.0,1014.8,1720.0,1017.7,11.0,9.8,1200.0,2.4,15.3,,,,,,0.0,0.0,2.9,-8.3,0.8,-0.9,-0.9,-0.9,1.3,3.5,6.4,12.7,16.7,2.6,3.7,,{연무}1635-{연무}{강도0}1800-1845.,,2026,2,8,51,1,0,0,0
108,서울,2026-02-21,10.7,3.7,545,18.4,1539,,,,,,,15.2,180.0,1444.0,8.5,200.0,1449.0,2.8,2461.0,200.0,-0.9,25,1529,46.4,5.7,1000.9,1015.3,30.0,1008.2,1822.0,1011.2,11.0,9.7,1300.0,2.46,15.95,,,,,,1.9,0.0,4.5,-5.3,2.3,-0.4,-1.0,-0.9,1.4,3.5,6.4,12.6,16.7,3.9,5.6,,{연무}0905-1020.,,2026,2,8,52,1,0,1,0
108,서울,2026-02-22,8.4,0.9,2347,12.5,740,,,,,,,13.7,200.0,1438.0,6.6,230.0,1446.0,3.8,3326.0,250.0,-2.8,21,1639,47.9,5.8,1000.4,1021.7,2332.0,1005.0,712.0,1010.8,11.1,4.5,1400.0,1.93,9.78,,,,,,4.1,2.5,5.7,-4.1,2.9,0.2,-1.1,-0.9,1.5,3.5,6.3,12.5,16.7,2.6,3.7,,{박무}0850-{박무}{강도0}0900-1120. {황사}1025-{황사}{강도0}1200-{황사}{강도0}1500-1715.,,2026,2,8,53,1,0,0,0
108,서울,2026-02-23,1.8,-1.4,333,5.7,1359,,,,,,,11.1,270.0,1305.0,6.2,250.0,1349.0,2.9,2523.0,250.0,-13.6,13,1259,32.4,2.2,1014.8,1027.5,2355.0,1021.7,1.0,1025.6,11.1,7.5,1200.0,2.5,15.43,,,,,,5.0,2.5,1.9,-10.6,0.5,-1.0,-0.9,-0.7,1.8,3.6,6.3,12.5,16.8,2.7,3.9,,{햇무리}1450-1520.,,2026,2,9,54,1,0,0,0
108,서울,2026-02-24,2.8,0.5,2347,5.9,1508,,,,,,,5.6,50.0,403.0,3.5,50.0,409.0,1.8,1518.0,50.0,-10.4,28,423,37.9,2.8,1014.7,1027.6,17.0,1024.0,1536.0,1025.5,11.2,0.6,1400.0,0.63,4.57,,,,,,6.5,4.1,1.6,-8.6,0.8,-0.9,-1.0,-0.5,2.0,3.6,6.3,12.4,16.8,1.2,1.7,,,,2026,2,9,55,1,0,0,0
108,서울,2026-02-25,7.4,-1.3,720,16.1,1555,,,,,,,6.3,110.0,1031.0,3.6,50.0,1104.0,1.7,1472.0,50.0,-7.5,16,1423,37.4,3.5,1012.6,1025.0,817.0,1021.0,1629.0,1023.2,11.2,10.3,1200.0,2.82,19.0,,,,,,0.0,0.0,4.0,-9.6,2.0,-0.2,-0.4,0.1,2.3,3.7,6.4,12.3,16.8,3.9,5.6,,,,2026,2,9,56,1,0,0,0
108,서울,2026-02-26,8.3,3.1,654,13.7,1330,,,,,,,5.7,70.0,231.0,3.3,50.0,609.0,2.0,1756.0,50.0,-1.5,33,1425,50.9,5.5,1009.7,1024.1,333.0,1016.8,1621.0,1020.2,11.2,6.6,1100.0,2.37,13.25,,,,,,4.5,1.5,4.8,-5.6,4.1,1.9,1.3,1.2,2.7,3.9,6.4,12.3,16.7,2.5,3.5,,{햇무리}1150-1430.,,2026,2,9,57,1,0,0,0
108,서울,2026-02-27,9.6,6.1,2342,14.8,1500,,,,,,,7.6,20.0,1100.0,4.7,50.0,1040.0,2.7,2316.0,50.0,0.3,38,1524,53.3,6.2,1006.3,1019.1,2326.0,1014.1,1640.0,1016.7,11.3,7.9,1300.0,2.2,15.21,,,,,,3.9,2.4,8.8,-2.2,6.1,3.8,3.0,2.5,3.5,4.0,6.4,12.2,16.7,2.7,3.8,,,,2026,2,9,58,1,0,0,0
108,서울,2026-02-28,9.3,2.2,659,17.2,1531,,,,,,,5.6,110.0,1409.0,3.7,270.0,1905.0,2.0,1697.0,50.0,-1.1,25,1652,51.3,5.7,1011.1,1023.7,2321.0,1018.9,8.0,1021.6,11.3,10.2,1200.0,2.71,18.03,,,,,,1.0,0.0,6.6,-5.6,5.8,4.0,3.8,3.4,4.2,4.3,6.5,12.2,16.7,3.5,5.1,,,,2026,2,9,59,1,0,0,0
108,서울,2026-03-01,9.1,5.7,717,12.8,1525,,,,,0.53,0.0,10.2,70.0,1819.0,5.2,50.0,2339.0,3.5,3061.0,50.0,0.4,41,1513,55.4,6.3,1013.8,1026.1,246.0,1022.9,1539.0,1024.3,11.4,2.1,1000.0,1.52,9.1,,,,,,8.3,5.6,8.4,0.4,6.9,4.9,4.7,4.4,4.9,4.6,6.6,12.1,16.7,2.3,3.3,0.7,{비}1748-{비}{강도0}1800-1820.,,2026,3,9,60,1,0,0,0
108,서울,2026-03-02,4.9,2.8,2140,7.5,1,,,,,17.25,12.2,13.8,50.0,1928.0,7.5,50.0,1715.0,5.3,4564.0,50.0,1.7,60,719,81.0,7.0,1010.8,1024.1,150.0,1018.8,1720.0,1021.5,11.4,0.0,1300.0,0.56,2.93,,,,,,10.0,7.4,5.1,1.6,5.5,4.4,4.8,4.7,5.4,4.9,6.7,12.1,16.6,0.6,0.9,12.8,{비}0645-{비}{강도0}0900-{비}{강도0}1200-{비}{강도0}1500-{비}{강도0}1800-{비}{강도0}2100-{비}{강도0}2400-,,2026,3,10,61,1,1,0,1
108,서울,2026-03-03,5.9,2.0,421,11.8,1547,,,,,4.92,1.3,9.5,50.0,1205.0,5.1,50.0,1338.0,2.9,2474.0,50.0,0.0,44,1557,67.8,6.1,1013.0,1026.1,2326.0,1021.5,1.0,1023.6,11.4,5.1,1300.0,2.82,14.33,,,,,,7.6,7.4,7.6,0.9,5.5,4.2,4.3,4.3,5.3,5.2,6.8,12.0,16.6,2.3,3.3,,-{비}-{비}{강도0}0300-0455.,,2026,3,10,62,1,1,0,1
108,서울,2026-03-04,6.0,0.7,723,12.0,1511,,,,,,,8.5,290.0,1304.0,5.1,290.0,1411.0,2.3,2002.0,270.0,-2.0,29,1606,58.8,5.3,1014.6,1026.7,914.0,1022.8,1732.0,1025.2,11.5,10.3,1300.0,2.8,18.46,,,,,,1.4,0.0,5.9,-6.4,5.8,4.4,4.8,4.7,5.6,5.4,7.0,12.0,16.5,2.7,3.9,,,,2026,3,10,63,1,1,0,0
108,서울,2026-03-05,6.0,1.4,2321,13.2,1341,,,,,6.5,15.5,7.2,320.0,1908.0,4.3,250.0,1428.0,2.3,1985.0,270.0,-0.4,37,1344,66.1,6.0,1012.1,1025.9,1.0,1020.0,1636.0,1022.8,11.5,5.1,1200.0,2.35,12.74,0.2,2355.0,0.2,2355.0,0.2,7.1,3.8,5.6,-5.6,6.1,4.6,4.9,4.8,5.8,5.6,7.1,12.0,16.5,1.9,2.7,15.5,{연무}0705-0820. {비}1730-{비}{강도0}1800-{비}{강도1}2100-{진눈깨비}2125-{눈}2145-{눈}{강도0}2400-,,2026,3,10,64,1,1,0,1
108,서울,2026-03-06,1.9,-0.4,2353,3.8,1115,,,,,2.73,0.0,9.4,270.0,1718.0,5.6,270.0,1724.0,2.9,2482.0,270.0,-2.2,59,2127,75.4,5.3,1011.3,1024.9,2309.0,1020.7,1400.0,1022.1,11.6,0.1,1000.0,1.06,5.02,,,0.2,1.0,,6.6,6.6,3.4,-5.3,4.5,3.7,4.7,4.8,6.0,5.8,7.2,11.9,16.4,0.9,1.3,0.0,-{진눈깨비}-{진눈깨비}0005-{비}0010-0045. {박무}0010-{박무}{강도1}0300-{박무}{강도0}0600-{박무}{강도0}0900-1030. {눈}0825-{눈}{강도0}0900-1005. {비}1250-1259. {진눈깨비}1320-1330. {연무}1455-{연무}{강도0}1500-1610.,,2026,3,10,65,1,1,0,0
108,서울,2026-03-07,1.0,-2.9,703,6.2,1535,,,,,,,9.4,320.0,1346.0,5.6,290.0,1322.0,2.6,2268.0,270.0,-9.6,24,1608,47.6,3.0,1016.7,1029.8,2348.0,1024.7,1.0,1027.6,11.6,10.9,1200.0,3.07,21.1,,,,,,0.0,0.0,4.4,-9.8,3.0,2.5,3.6,4.1,5.5,5.9,7.4,11.9,16.4,2.7,3.8,,,,2026,3,10,66,1,1,0,0
108,서울,2026-03-08,2.0,-3.4,632,7.4,1407,,,,,,,7.8,290.0,1855.0,4.8,290.0,1916.0,2.2,1862.0,290.0,-8.1,23,1424,50.0,3.4,1017.7,1030.4,46.0,1026.4,1640.0,1028.5,11.6,10.7,1200.0,3.02,19.07,,,,,,2.3,1.1,3.6,-10.8,3.2,2.4,3.3,3.7,5.2,6.0,7.5,11.9,16.3,2.6,3.8,,,,2026,3,10,67,1,1,0,0
108,서울,2026-03-09,4.5,2.0,1,8.1,1631,,,,,,,8.6,290.0,1256.0,5.0,290.0,1457.0,2.5,2198.0,270.0,-3.5,39,1511,56.9,4.7,1016.5,1028.7,112.0,1025.5,1443.0,1027.2,11.7,6.4,1100.0,2.26,14.87,,,,,,3.3,3.3,5.5,-3.4,4.8,3.5,3.8,3.9,5.2,5.9,7.6,11.8,16.3,2.0,2.9,,{연무}0555-{연무}{강도0}0600-{연무}{강도0}0900-1125. {연무}1930-{연무}{강도0}2100-2330.,,2026,3,11,68,1,1,0,0
108,서울,2026-03-10,3.9,-0.6,630,10.0,1323,,,,,,,7.7,250.0,1431.0,4.1,270.0,1438.0,2.0,1732.0,270.0,-6.3,28,1558,49.6,3.8,1016.1,1028.7,845.0,1025.0,1626.0,1026.9,11.7,10.0,1200.0,2.91,19.91,,,,,,0.8,0.0,5.4,-8.8,4.8,3.7,4.1,4.2,5.4,5.9,7.6,11.8,16.3,2.8,3.9,,{연무}0805-{연무}{강도0}0900-0905.,,2026,3,11,69,1,1,0,0
108,서울,2026-03-11,4.5,0.1,225,10.0,1502,,,,,,,7.1,320.0,1527.0,4.4,320.0,2107.0,2.1,1826.0,290.0,-3.6,31,1413,56.9,4.7,1015.6,1027.6,935.0,1024.4,1550.0,1026.4,11.8,6.9,1300.0,2.56,15.33,,,,,,3.8,3.1,5.2,-8.4,4.9,3.6,4.2,4.4,5.6,6.0,7.7,11.8,16.2,2.1,3.0,,{연무}2225-{연무}{강도0}2400-,,2026,3,11,70,1,1,0,0
108,서울,2026-03-12,7.1,0.7,653,13.8,1325,,,,,,,10.3,230.0,1828.0,6.2,20.0,1833.0,2.3,1957.0,50.0,-2.0,26,1601,56.6,5.3,1016.8,1030.6,2341.0,1024.9,1622.0,1027.5,11.8,8.4,1200.0,2.91,16.67,,,,,,1.0,1.0,6.3,-7.5,5.8,4.3,4.5,4.5,5.6,6.1,7.7,11.8,16.2,3.1,4.5,,{박무}0001-{박무}{강도0}0300-{박무}{강도0}0600-{박무}{강도0}0900-0935. -{연무}-0005. {연무}0930-1030.,,2026,3,11,71,1,1,0,0
108,서울,2026-03-13,7.6,2.3,557,13.6,1638,,,,,,,9.7,70.0,1006.0,5.5,50.0,935.0,2.7,2292.0,50.0,-4.7,22,1559,44.3,4.3,1019.5,1032.4,834.0,1027.8,1653.0,1030.1,11.8,10.8,1200.0,3.05,20.97,,,,,,1.3,0.0,7.7,-4.8,6.4,4.7,4.8,4.7,6.0,6.1,7.7,11.8,16.1,3.8,5.4,,,,2026,3,11,72,1,1,0,0
108,서울,2026-03-14,8.1,4.9,457,13.4,1341,,,,,,,8.0,250.0,1537.0,4.5,230.0,1356.0,2.5,2148.0,50.0,-2.9,30,1305,46.4,5.0,1018.1,1030.4,749.0,1027.2,1424.0,1028.7,11.9,4.0,1100.0,2.62,13.27,,,,,,8.6,7.3,8.6,-1.9,7.6,5.7,5.5,5.4,6.3,6.2,7.8,11.7,16.1,2.5,3.6,,,,2026,3,11,73,1,1,0,0
108,서울,2026-03-15,7.4,4.2,2352,11.4,1626,,,,,2.83,0.1,7.7,230.0,1559.0,4.2,250.0,1642.0,2.0,1743.0,270.0,1.1,48,1626,64.6,6.6,1015.2,1027.5,1.0,1023.4,1649.0,1025.8,11.9,2.6,1300.0,1.78,9.38,,,,,,6.1,5.1,9.4,-3.3,8.1,6.2,6.1,6.0,6.8,6.4,7.8,11.7,16.0,1.6,2.3,0.1,{연무}0855-{연무}{강도0}0900-1050. {비}0955-{비}{강도0}1200-1245. {박무}1045-{박무}{강도0}1200-1310. {연무}1305-{연무}{강도0}1500-1605. {연무}2225-{연무}{강도0}2400-,,2026,3,11,74,1,1,0,0
108,서울,2026-03-16,7.4,1.8,630,13.8,1554,,,,,,,5.9,270.0,1736.0,3.7,270.0,1742.0,1.7,1490.0,250.0,-2.0,33,1456,54.3,5.3,1013.0,1026.6,56.0,1021.0,1707.0,1023.6,12.0,9.3,1200.0,2.85,17.58,,,,,,4.4,0.6,8.0,-5.8,7.4,5.6,5.7,5.7,6.9,6.6,7.9,11.7,16.0,2.7,3.8,,-{연무}-{연무}{강도0}0300-{연무}{강도0}0600-0655. {박무}0650-{박무}{강도0}0900-0925. {연무}0920-1150. {연무}1240-1310. {연무}1610-1710.,,2026,3,12,75,1,1,0,0
108,서울,2026-03-17,8.8,2.3,631,15.7,1539,,,,,,,4.9,180.0,1250.0,3.3,200.0,1355.0,1.8,1557.0,270.0,-3.2,20,1412,45.6,4.9,1010.8,1023.9,733.0,1019.1,1803.0,1021.3,12.0,10.8,1200.0,2.95,20.14,,,,,,1.5,0.0,9.6,-6.4,7.7,5.9,6.0,6.0,7.1,6.8,8.0,11.7,16.0,3.6,5.2,2.1,{연무}0240-{연무}{강도0}0300-{연무}{강도0}0600-{연무}{강도0}0900-{연무}{강도0}1200-1325. {연무}1440-{연무}{강도0}1500-{연무}{강도0}1800-1910.,,2026,3,12,76,1,1,0,0
108,서울,2026-03-18,6.8,4.2,2356,9.4,1612,,,,,9.58,4.8,7.2,270.0,1938.0,4.6,270.0,1946.0,2.0,1768.0,250.0,1.7,44,2,71.1,7.0,1005.0,1019.3,1.0,1012.3,1515.0,1015.5,12.1,1.3,1500.0,1.66,6.42,,,,,,8.0,4.4,8.6,-2.6,7.2,6.1,6.6,6.5,7.4,6.9,8.1,11.7,15.9,1.2,1.7,2.7,{연무}0350-{연무}{강도0}0600-0615. {비}0455-{비}{강도0}0600-{비}{강도0}0900-{비}{강도0}1200-1430. {박무}0610-{박무}{강도1}0900-0945. {박무}1005-{박무}{강도0}1200-1335. {채운}1455-1515.,,2026,3,12,77,1,1,0,1
108,서울,2026-03-19,6.1,1.4,559,12.9,1445,,,,,,,10.1,270.0,1613.0,6.4,270.0,1643.0,2.5,2184.0,270.0,-5.1,19,1346,47.8,4.2,1008.3,1020.6,2322.0,1016.9,1419.0,1018.9,12.1,11.4,1200.0,3.24,23.03,,,,,,1.8,0.0,7.6,-5.9,6.6,5.4,6.0,6.1,7.2,7.1,8.2,11.7,15.9,3.7,5.3,,,,2026,3,12,78,1,1,0,0
108,서울,2026-03-20,7.5,2.5,539,13.9,1445,,,,,,,8.7,230.0,1602.0,4.6,200.0,1405.0,2.3,2027.0,200.0,0.1,36,1433,62.1,6.2,1010.3,1024.2,2353.0,1018.9,512.0,1020.9,12.1,9.0,1300.0,3.0,19.53,,,,,,1.3,1.3,9.6,-5.1,7.6,6.0,6.1,6.2,7.3,7.2,8.3,11.7,15.8,3.0,4.2,,,,2026,3,12,79,1,1,0,0
108,서울,2026-03-21,8.4,2.0,657,15.7,1527,,,,,,,8.5,180.0,1431.0,4.3,270.0,1423.0,1.9,1673.0,270.0,-5.2,16,1503,43.4,4.3,1013.3,1025.8,954.0,1022.2,1621.0,1023.8,12.2,11.2,1200.0,3.18,22.6,,,,,,1.0,0.0,10.3,-6.8,7.9,6.2,6.4,6.4,7.5,7.2,8.4,11.6,15.8,4.3,6.2,,{연무}0305-0555. {연무}0645-{연무}{강도0}0900-1030.,,2026,3,12,80,1,1,0,0
108,서울,2026-03-22,11.0,5.5,43,18.6,1449,,,,,,,7.7,270.0,1656.0,4.8,250.0,1704.0,1.9,1653.0,50.0,-6.0,14,1404,31.1,3.9,1009.4,1023.3,7.0,1017.2,1507.0,1019.8,12.2,10.1,1200.0,3.21,20.2,,,,,,3.8,1.5,11.5,-2.1,9.1,7.1,6.9,6.7,7.7,7.4,8.5,11.6,15.8,4.7,6.7,,,,2026,3,12,81,1,0,1,0
108,서울,2026-03-23,11.9,4.5,628,20.1,1527,,,,,,,6.3,50.0,1110.0,3.7,250.0,1802.0,1.9,1615.0,270.0,-3.4,20,1512,35.4,4.9,1009.4,1021.3,848.0,1017.8,1550.0,1019.8,12.2,11.0,1200.0,2.87,20.71,,,,,,1.4,0.0,11.8,-4.1,9.6,7.4,7.3,7.1,8.1,7.5,8.6,11.6,15.8,4.5,6.4,,{햇무리}1050-1130.,,2026,3,13,82,1,1,1,0
108,서울,2026-03-24,12.9,8.2,644,18.7,1324,,,,,,,8.5,180.0,1255.0,4.3,200.0,1256.0,2.3,1987.0,70.0,1.5,28,1458,47.4,6.9,1007.6,1020.5,9.0,1015.8,2347.0,1017.9,12.3,7.7,1200.0,3.16,19.39,,,,,,6.1,2.6,14.4,0.1,10.9,8.6,8.1,7.7,8.5,7.7,8.6,11.6,15.7,3.6,5.2,,,,2026,3,13,83,1,0,1,0
108,서울,2026-03-25,12.8,8.7,703,19.7,1431,,,,,,,9.0,250.0,1652.0,5.6,270.0,1648.0,2.4,2086.0,270.0,4.1,29,1413,57.6,8.2,1004.4,1016.4,2250.0,1012.3,1523.0,1014.7,12.3,10.9,1200.0,3.06,21.87,,,,,,2.3,1.1,16.0,1.5,12.0,9.6,9.0,8.5,9.1,7.9,8.8,11.6,15.7,4.0,5.7,,,,2026,3,13,84,1,0,1,0
108,서울,2026-03-26,12.1,6.6,617,19.5,1528,,,,,,,7.3,270.0,1629.0,4.5,250.0,1517.0,2.2,1927.0,250.0,4.3,32,1539,62.4,8.3,1005.2,1017.1,753.0,1013.0,1447.0,1015.5,12.4,10.4,1200.0,3.04,21.27,,,,,,0.0,0.0,15.1,-0.2,12.0,9.8,9.4,9.0,9.6,8.1,8.9,11.6,15.7,3.6,5.2,,{연무}0040-0155. {박무}0150-{박무}{강도0}0300-{박무}{강도0}0600-{박무}{강도0}0900-0940. {연무}0935-{연무}{강도0}1200-{연무}{강도0}1500-{연무}{강도0}1800-1935. {연무}2055-{연무}{강도0}2100-{연무}{강도0}2400-,,2026,3,13,85,1,0,1,0
108,서울,2026-03-27,11.4,5.9,639,18.2,1541,,,,,,,7.2,290.0,1712.0,4.4,270.0,1731.0,2.7,2374.0,270.0,5.3,43,1620,68.6,8.9,1003.6,,,,,1013.9,12.4,7.4,1200.0,2.71,14.68,,,,,,0.0,0.0,14.2,-0.2,12.0,9.8,9.6,9.3,10.0,8.4,9.0,11.6,15.6,2.5,3.6,,{박무}0052-{박무}{강도1}0300-{박무}{강도1}0600-{박무}{강도1}0900-1010. -{연무}-0059. {연무}1005-{연무}{강도0}1200-{연무}{강도0}1500-{연무}{강도0}1800-{연무}{강도0}2100-2345. {박무}2340-{박무}{강도1}2400-,,2026,3,13,86,1,0,1,0
108,서울,2026-03-28,12.2,6.0,625,20.5,1536,,,,,,,7.3,270.0,1508.0,4.4,270.0,2019.0,2.2,1859.0,250.0,3.0,26,1435,59.0,7.7,1005.4,,,,,1015.7,12.5,10.2,1200.0,3.15,22.53,,,,,,1.8,1.8,16.7,0.1,12.7,10.6,10.2,9.8,10.2,8.7,9.2,11.6,15.6,,,,-{박무}-{박무}{강도2}0300-{박무}{강도1}0600-{박무}{강도0}0900-0955. {연무}0950-{연무}{강도0}1200-1305. {연무}1515-1620. {연무}1845-1920.,,2026,3,13,87,1,0,1,0
108,서울,2026-03-29,13.6,7.5,648,20.7,1319,,,,,,,7.3,270.0,1441.0,4.4,250.0,1446.0,2.0,1688.0,270.0,-0.6,23,1322,40.3,5.9,1005.7,,,,,1016.0,12.5,6.9,1000.0,2.38,17.12,,,,,,5.8,1.3,13.9,0.2,12.3,10.4,10.4,10.1,10.6,8.9,9.3,11.6,15.6,,,,,,2026,3,13,88,1,0,1,0
108,서울,2026-03-30,16.0,11.0,642,21.2,1508,,,,,3.92,1.8,6.5,140.0,2129.0,4.2,140.0,2130.0,1.8,1526.0,50.0,1.6,27,1248,38.0,7.0,1003.1,,,,,1013.2,12.5,1.4,1200.0,2.11,9.8,,,,,,8.9,7.0,16.1,5.2,13.0,10.7,10.4,10.2,10.8,9.2,9.5,11.6,15.6,1.0,1.5,10.0,{햇무리}1250-1310. {비}2005-{비}{강도0}2100-{비}{강도0}2400-,,2026,3,14,89,1,0,1,1
108,서울,2026-03-31,14.2,10.7,704,18.7,1431,,,,,7.17,8.2,9.8,50.0,652.0,4.4,50.0,659.0,2.5,2199.0,50.0,7.7,47,1448,66.8,10.6,1000.7,1013.8,2320.0,1007.9,259.0,1010.9,12.6,4.5,1000.0,2.5,15.01,,,,,,7.1,4.0,15.4,6.2,13.4,11.4,10.9,10.5,11.0,9.4,9.7,11.6,15.5,2.9,4.1,,-{비}-{비}{강도0}0300-{비}{강도0}0600-0710. {박무}0705-0840.,,2026,3,14,90,1,0,1,1
108,서울,2026-04-01,13.3,9.3,2352,18.0,1418,,,,,,,7.8,250.0,1456.0,4.8,270.0,1643.0,2.4,2094.0,50.0,4.7,32,1757,57.6,8.7,1002.8,1014.2,837.0,1011.3,1526.0,1013.1,12.6,4.3,1000.0,1.73,13.36,,,,,,6.3,3.5,14.7,2.1,13.2,11.3,11.2,10.9,11.5,9.6,9.8,11.6,15.5,2.8,4.0,,{연무}1255-1440.,,2026,4,14,91,1,0,1,0
108,서울,2026-04-02,11.6,6.4,629,18.1,1356,,,,,,,10.1,180.0,1603.0,5.9,250.0,1457.0,2.5,2195.0,250.0,1.6,26,1625,53.3,6.9,1005.1,1018.0,2311.0,1013.5,3.0,1015.4,12.6,11.6,1300.0,3.23,24.02,,,,,,0.0,0.0,15.5,-0.6,12.5,10.6,10.7,10.6,11.5,9.9,10.0,11.7,15.5,4.4,6.3,,{연무}0245-{연무}{강도0}0300-{연무}{강도0}0600-0855. {연무}1025-1115. {연무}2225-{연무}{강도0}2400-,,2026,4,14,92,1,0,1,0
108,서울,2026-04-03,14.7,7.3,445,22.3,1513,,,,,,,8.1,200.0,1517.0,4.4,200.0,1637.0,2.2,1887.0,250.0,4.5,27,1517,53.8,8.4,1003.1,1018.2,132.0,1008.5,2331.0,1013.2,12.7,9.0,1300.0,2.52,19.27,,,,,,7.4,3.4,17.0,2.4,13.5,11.3,11.0,10.8,11.5,10.1,10.2,11.7,15.4,4.0,5.8,0.0,-{연무}-{연무}{강도1}0300-0340. {박무}0335-{박무}{강도0}0600-0830. {연무}0825-{연무}{강도0}0900-{연무}{강도0}1200-1250. {연무}2301-{연무}{강도0}2400-,,2026,4,14,93,1,0,1,0
108,서울,2026-04-04,14.3,8.5,2354,21.2,1407,0.0,,0.0,,5.92,0.0,10.1,200.0,1551.0,5.8,270.0,1459.0,3.1,2653.0,200.0,7.1,42,1409,63.4,10.2,992.3,1008.5,1.0,998.4,1323.0,1002.4,12.7,8.1,1200.0,3.39,20.84,,,,,,6.6,5.1,18.3,6.3,15.0,12.7,12.0,11.4,11.9,10.2,10.4,11.7,15.4,3.9,5.5,,{비}0045-{비}{강도0}0300-0430. -{연무}-0115. {비}0545-{비}{강도0}0600-0755. {박무}2320-{박무}{강도0}2400-,,2026,4,14,94,1,0,1,0
108,서울,2026-04-05,11.5,7.2,539,17.2,1604,0.8,2223.0,1.9,2209.0,3.58,2.1,8.2,290.0,2223.0,5.0,290.0,2228.0,2.5,2123.0,180.0,3.2,21,1638,59.9,7.7,998.8,1011.0,2222.0,1007.1,1736.0,1009.1,12.8,7.7,1300.0,3.13,19.92,,,,,,6.8,5.1,17.8,7.1,14.3,11.9,11.8,11.5,12.4,10.5,10.5,11.7,15.4,3.6,5.1,2.2,-{박무}-{박무}{강도0}0300-{박무}{강도0}0600-{박무}{강도0}0900-0940. {비}2020-{비}{강도0}2100-2355.,,2026,4,14,95,1,0,1,1
108,서울,2026-04-06,10.2,5.4,2353,14.0,1701,0.5,1101.0,0.9,1017.0,6.33,1.2,10.7,250.0,1831.0,4.8,250.0,1817.0,2.1,1847.0,270.0,1.3,24,2022,59.1,7.5,1001.1,1014.6,2355.0,1009.0,1720.0,1011.4,12.8,2.6,1600.0,1.49,7.78,,,,,,5.8,4.9,11.4,-4.4,12.1,10.7,11.2,11.3,12.6,10.7,10.7,11.7,15.4,2.0,2.9,1.1,{박무}0330-{박무}{강도0}0600-{박무}{강도0}0900-1120. {비}0555-{비}{강도0}0600- {비}0755-0825. {비}0930-{비}{강도0}1200-1230. {비}1320-1330. {비}1450-{비}{강도0}1500-1530.,,2026,4,15,96,1,0,1,1
108,서울,2026-04-07,8.2,3.3,602,14.0,1440,,,,,,,11.8,180.0,1348.0,6.2,290.0,1114.0,3.0,2558.0,200.0,-4.2,19,1303,44.0,4.6,1006.4,1019.9,2311.0,1014.6,1.0,1016.9,12.9,12.2,1200.0,3.53,26.6,,,,,,0.0,0.0,13.9,-5.3,10.3,8.8,9.7,10.1,12.0,10.9,10.8,11.8,15.3,4.6,6.6,,,,2026,4,15,97,1,0,0,0
