stnId,stnNm,tm,avgTa,minTa,minTaHrmt,maxTa,maxTaHrmt,mi10MaxRn,mi10MaxRnHrmt,hr1MaxRn,hr1MaxRnHrmt,sumRnDur,sumRn,maxInsWs,maxInsWsWd,maxInsWsHrmt,maxWs,maxWsWd,maxWsHrmt,avgWs,hr24SumRws,maxWd,avgTd,minRhm,minRhmHrmt,avgRhm,avgPv,avgPa,maxPs,maxPsHrmt,minPs,minPsHrmt,avgPs,ssDur,sumSsHr,hr1MaxIcsrHrmt,hr1MaxIcsr,sumGsr,ddMefs,ddMefsHrmt,ddMes,ddMesHrmt,sumDpthFhsc,avgTca,avgLmac,avgTs,minTg,avgCm5Te,avgCm10Te,avgCm20Te,avgCm30Te,avgM05Te,avgM10Te,avgM15Te,avgM30Te,avgM50Te,sumLrgEv,sumSmlEv,n99Rn,iscs,sumFogDur,year,month,week,doy,is_spring,cold_stress,warm_day,rain_day
239,세종,2019-05-31,,13.7,2346,24.1,1424,0.2,,0.2,,,0.2,5.4,290,1708,3.3,290,1657,,,,,39,1417,,,,1012.6,2241,1008.6,1700,,,7.6,,,,,,,,,,,27.8,11.4,,,,,,,,,,,,,,,2019,5,22,151,1,0,0,1
239,세종,2019-06-01,17.4,10.8,0453,23.5,1426,,,,,,,4.8,290,0944,2.7,320,0904,0.9,735,230,11.2,44,1241,69.9,13.3,999.9,1012.6,0021,1009.1,1804,1010.9,,8.5,,,,,,,,,,,21.7,7.5,,,,,,,,,,,,,,,2019,6,22,152,0,0,0,0
239,세종,2019-06-02,21.0,13.5,0541,28.0,1504,,,,,,,5.1,340,1453,3.2,320,2018,1.1,942,320,9.7,26,1645,53.5,12.2,997.1,1010.4,0001,1005.2,1733,1007.9,,13.1,,,,,,,,,,,25.6,10.0,,,,,,,,,,,,,,,2019,6,22,153,0,0,1,0
239,세종,2019-06-03,22.2,13.9,0520,29.5,1621,,,,,,,7.5,340,1444,4.1,340,1432,0.9,800,70,9.4,25,1459,47.0,11.9,997.6,1010.0,0805,1005.6,1701,1008.3,,12.5,,,,,,,,,,,26.8,10.2,,,,,,,,,,,,,,,2019,6,23,154,0,0,1,0
239,세종,2019-06-04,23.1,16.3,0527,30.9,1449,,,,,,,4.9,290,1503,3.1,320,1506,1.2,1034,290,12.3,25,1414,53.9,14.4,998.6,1011.5,0659,1006.8,1655,1009.3,,12.2,,,,,,,,,,,28.5,13.0,,,,,,,,,,,,,,,2019,6,23,155,0,0,1,0
239,세종,2019-06-05,22.7,16.6,0410,30.2,1605,,,,,,,4.3,320,1018,3.1,340,1026,1.2,1060,290,15.6,42,1446,67.3,17.8,1001.2,1013.1,1021,1010.3,0213,1012.0,14.6,10.0,,,,,,,,,,,28.8,14.6,,,,,,,,,,,,,,,2019,6,23,156,0,0,1,0
239,세종,2019-06-06,20.5,16.2,2319,27.3,1328,2.5,1737,7.9,2131,,29.2,6.4,290,1738,4.9,70,2221,1.1,986,90,16.3,54,1123,78.8,18.5,998.9,1013.5,0453,1003.9,2400,1009.8,14.6,0.1,,,,,,,,,,,23.4,15.5,,,,,,,,,,,,,,,2019,6,23,157,0,0,1,1
239,세종,2019-06-07,18.4,16.1,0055,21.3,1857,6.7,523,13.7,512,,35.1,5.4,70,0125,3.6,70,0026,1.7,1465,70,16.4,72,2315,88.6,18.7,991.9,1008.2,2400,999.2,0455,1002.7,14.6,0.2,,,,,,,,,,,19.7,15.7,,,,,,,,,,,,,,,2019,6,23,158,0,0,0,1
239,세종,2019-06-08,20.8,15.5,0517,27.0,1557,,,,,,,4.1,340,1842,2.4,320,1847,0.8,719,180,15.1,43,1347,72.9,17.2,997.5,1010.1,0834,1006.7,1805,1008.3,14.6,11.4,,,,,,,,,,,24.3,12.1,,,,,,,,,,,,,,,2019,6,23,159,0,0,1,0
239,세종,2019-06-09,21.4,17.6,0503,27.3,1418,8.4,2209,13.2,2200,,15.5,6.2,340,2025,4.4,340,2029,1.0,891,140,15.5,34,1522,72.3,17.7,994.8,1008.4,0654,1002.6,1737,1005.6,14.6,5.2,,,,,,,,,,,26.3,15.5,,,,,,,,,,,,,,,2019,6,23,160,0,0,1,1
239,세종,2019-06-10,18.3,14.8,0547,22.8,1515,2.2,15,4.1,1,,7.0,6.6,70,1330,4.3,70,1331,1.9,1624,90,12.4,44,1435,70.9,14.5,996.4,1008.8,2326,1005.6,0032,1007.3,14.6,4.1,,,,,,,,,,,21.4,14.5,,,,,,,,,,,,,,,2019,6,24,161,0,0,0,1
239,세종,2019-06-11,20.0,16.4,2400,25.5,1452,,,,,,,5.3,320,1421,2.7,70,1122,1.2,1076,90,12.5,41,1455,64.3,14.6,998.1,1010.5,2333,1007.3,1639,1008.9,14.6,9.7,,,,,,,,,,,27.3,13.8,,,,,,,,,,,,,,,2019,6,24,162,0,0,1,0
239,세종,2019-06-12,20.4,14.2,0552,27.2,1652,,,,,,,5.2,360,1850,4.1,340,1859,1.2,1068,270,13.2,38,1626,66.4,15.2,999.9,1012.2,0822,1008.9,1705,1010.8,14.6,10.5,,,,,,,,,,,28.4,12.1,,,,,,,,,,,,,,,2019,6,24,163,0,0,1,0
239,세종,2019-06-13,22.5,15.3,0315,29.9,1554,,,,,,,6.3,290,1825,4.0,320,1830,1.1,939,320,13.1,30,1702,58.9,15.1,999.2,1012.2,0559,1007.1,1705,1009.9,14.6,12.3,,,,,,,,,,,30.3,12.3,,,,,,,,,,,,,,,2019,6,24,164,0,0,1,0
239,세종,2019-06-14,21.1,17.7,0452,25.0,1546,,,,,,,5.4,320,1326,3.8,320,1327,1.0,875,290,14.7,46,1633,68.4,16.8,994.9,1009.3,0009,1003.3,1813,1005.7,14.6,0.9,,,,,,,,,,,24.7,15.2,,,,,,,,,,,,,,,2019,6,24,165,0,0,1,0
239,세종,2019-06-15,20.9,15.6,0433,26.6,1352,,,,,,,7.4,320,1405,5.1,340,1408,1.6,1391,320,13.8,42,1355,66.0,15.8,990.1,1003.9,0001,997.8,1608,1000.8,14.7,12.0,,,,,,,,,,,28.1,12.4,,,,,,,,,,,,,,,2019,6,24,166,0,0,1,0
239,세종,2019-06-16,20.6,14.9,0502,27.2,1607,,,,,,,5.0,340,1328,2.6,290,1812,1.0,884,290,14.1,41,1400,68.9,16.1,996.5,1011.3,2335,1002.8,0001,1007.3,14.7,8.3,,,,,,,,,,,25.1,11.4,,,,,,,,,,,,,,,2019,6,24,167,0,0,1,0
239,세종,2019-06-17,21.2,16.9,0419,26.6,1607,,,,,,,5.2,160,1003,2.7,160,1011,1.1,924,200,13.7,45,1425,64.0,15.8,1001.5,1013.6,0850,1011.0,1715,1012.4,14.6,11.2,,,,,,,,,,,26.4,14.4,,,,,,,,,,,,,,,2019,6,25,168,0,0,1,0
239,세종,2019-06-18,20.7,16.5,0532,25.9,1249,0.0,,0.0,,,0.0,4.7,290,1251,2.3,290,1258,0.8,678,290,15.7,56,1016,73.8,18.0,1000.3,1013.1,0925,1009.3,1832,1011.2,14.7,2.0,,,,,,,,,,,22.5,13.9,,,,,,,,,,,,,,,2019,6,25,169,0,0,1,0
239,세종,2019-06-19,21.8,18.3,0110,26.3,1650,,,,,,,3.8,340,1430,2.6,340,2252,0.8,731,290,16.6,53,1726,74.1,18.9,997.2,1010.0,0001,1006.2,1729,1008.0,14.7,2.0,,,,,,,,,,,24.7,16.3,,,,,,,,,,,,,,,2019,6,25,170,0,0,1,0
239,세종,2019-06-20,22.6,17.8,0316,28.2,1524,,,,,,,3.9,360,0001,2.6,340,0005,1.2,1014,290,16.5,49,1507,70.0,18.8,996.6,1009.0,0825,1005.3,1734,1007.4,14.7,7.4,,,,,,,,,,,30.7,15.4,,,,,,,,,,,,,,,2019,6,25,171,0,0,1,0
239,세종,2019-06-21,22.8,19.5,0522,28.0,1612,,,,,,,6.1,320,1257,4.0,340,1927,1.6,1403,320,15.6,43,1536,65.8,17.8,995.4,1007.6,0010,1003.9,1737,1006.1,14.7,8.7,,,,,,,,,,,30.6,18.5,,,,,,,,,,,,,,,2019,6,25,172,0,0,1,0
239,세종,2019-06-22,23.1,18.8,0535,29.6,1540,,,,,,,4.3,230,1726,2.7,250,1733,1.1,991,160,16.3,40,1532,67.6,18.6,995.5,1007.7,2350,1004.1,1532,1006.2,14.7,7.9,,,,,,,,,,,32.7,16.0,,,,,,,,,,,,,,,2019,6,25,173,0,0,1,0
239,세종,2019-06-23,23.7,17.9,0415,29.0,1534,,,,,,,6.1,360,1404,3.9,320,1946,1.5,1304,290,12.6,30,1401,54.3,14.8,997.6,1009.9,2357,1007.0,1730,1008.3,14.7,13.1,,,,,,,,,,,32.2,14.5,,,,,,,,,,,,,,,2019,6,25,174,0,0,1,0
239,세종,2019-06-24,23.5,17.8,0439,30.1,1438,,,,,,,4.4,320,1326,2.4,320,1044,0.9,753,250,14.5,41,1444,58.4,16.6,1001.8,1015.8,2357,1009.8,0013,1012.5,14.7,9.6,,,,,,,,,,,29.3,14.3,,,,,,,,,,,,,,,2019,6,26,175,0,0,1,0
239,세종,2019-06-25,24.9,17.0,0536,32.2,1434,,,,,,,4.3,290,1918,2.9,290,1925,1.0,866,290,14.3,30,1435,55.1,16.3,1003.7,1016.8,0532,1011.5,1729,1014.4,14.7,12.6,,,,,,,,,,,34.6,14.1,,,,,,,,,,,,,,,2019,6,26,176,0,0,1,0
239,세종,2019-06-26,21.3,19.1,0551,24.0,0001,0.5,1324,1.0,1311,,2.7,5.5,140,1219,3.2,70,1117,1.3,1148,70,16.8,46,0005,76.3,19.3,998.1,1013.7,0001,1004.5,2357,1008.9,14.7,0.1,,,,,,,,,,,24.0,16.6,,,,,,,,,,,,,,,2019,6,26,177,0,0,0,1
239,세종,2019-06-27,24.3,20.5,0001,29.5,1634,0.1,,0.1,,,0.1,2.7,290,1419,1.6,320,0534,0.6,517,70,20.2,56,1408,79.6,23.7,990.4,1004.5,0001,999.3,1549,1001.0,14.6,1.9,,,,,,,,,,,28.5,20.1,,,,,,,,,,,,,,,2019,6,26,178,0,0,1,1
239,세종,2019-06-28,24.3,21.3,0331,29.2,1538,,,,,,,4.3,160,1330,2.4,290,1359,0.9,775,290,19.0,53,1655,73.5,22.0,991.5,1003.4,0750,1000.1,1513,1002.2,14.6,4.6,,,,,,,,,,,30.9,19.8,,,,,,,,,,,,,,,2019,6,26,179,0,0,1,0
239,세종,2019-06-29,21.6,20.3,0230,23.9,1224,1.1,1434,4.6,1345,,13.9,4.1,140,1208,3.1,90,1253,1.1,926,70,20.2,78,0001,92.1,23.6,987.8,1002.8,0001,994.9,1713,998.5,14.6,0.0,,,,,,,,,,,22.5,20.2,,,,,,,,,,,,,,,2019,6,26,180,0,0,0,1
239,세종,2019-06-30,23.2,20.1,0401,27.7,1619,,,,,,,4.1,140,1223,2.0,290,1822,0.8,692,270,19.9,63,1435,82.9,23.3,991.0,1004.6,2354,997.1,0042,1001.6,14.6,1.8,,,,,,,,,,,26.2,18.7,,,,,,,,,,,,,,,2019,6,26,181,0,0,1,0
239,세종,2019-07-01,23.2,19.4,2326,26.8,1556,,,,,,,4.1,270,1125,2.6,320,1110,0.8,703,160,18.4,56,1819,75.3,21.2,995.4,1008.7,2339,1003.9,0321,1006.1,14.6,2.8,,,,,,,,,,,26.6,16.2,,,,,,,,,,,,,,,2019,7,27,182,0,0,1,0
239,세종,2019-07-02,22.9,16.1,0455,29.3,1509,,,,,,,4.4,320,1132,2.7,320,1025,0.9,819,290,16.8,42,1540,71.3,19.1,998.7,1010.6,0810,1008.1,1653,1009.4,14.6,10.9,,,,,,,,,,,29.7,13.3,,,,,,,,,,,,,,,2019,7,27,183,0,0,1,0
239,세종,2019-07-03,23.0,18.3,0503,28.3,1551,,,,,,,4.3,320,1914,3.4,320,1920,0.9,776,290,18.4,54,1543,77.4,21.2,997.7,1011.2,0513,1005.7,1719,1008.4,14.6,5.1,,,,,,,,,,,26.6,16.8,,,,,,,,,,,,,,,2019,7,27,184,0,0,1,0
239,세종,2019-07-04,24.7,17.8,0444,31.5,1455,,,,,,,3.9,320,1839,2.2,50,1254,1.0,846,320,16.9,36,1420,64.9,19.2,996.2,1008.8,0750,1004.7,1533,1006.8,14.6,12.2,,,,,,,,,,,29.4,15.1,,,,,,,,,,,,,,,2019,7,27,185,0,0,1,0
239,세종,2019-07-05,26.7,18.8,0509,34.4,1601,,,,,,,5.8,160,1511,3.4,110,1519,1.2,1058,110,15.6,25,1634,54.9,17.8,992.7,1006.7,0001,1000.4,1707,1003.2,14.6,12.9,,,,,,,,,,,30.7,16.6,,,,,,,,,,,,,,,2019,7,27,186,0,0,1,0
239,세종,2019-07-06,26.9,19.6,0532,32.5,1344,,,,,,,7.1,110,1443,4.6,90,1102,2.2,1941,90,14.9,33,1103,50.5,16.9,993.9,1007.1,2357,1002.6,0020,1004.4,14.6,13.2,,,,,,,,,,,31.0,15.5,,,,,,,,,,,,,,,2019,7,27,187,0,0,1,0
239,세종,2019-07-07,25.3,21.5,0514,30.0,1519,,,,,,,7.8,90,1003,5.2,70,1008,2.8,2426,90,14.8,38,1409,53.4,16.9,996.8,1008.5,0607,1006.1,1302,1007.5,14.6,8.0,,,,,,,,,,,29.9,18.5,,,,,,,,,,,,,,,2019,7,27,188,0,0,1,0
239,세종,2019-07-08,24.4,20.0,0410,29.2,1610,0.1,,0.1,,,0.1,6.4,50,1349,3.6,90,0156,2.1,1849,90,14.8,42,1611,56.0,16.9,996.8,1009.2,0532,1005.4,1711,1007.4,14.5,8.5,,,,,,,,,,,28.8,17.5,,,,,,,,,,,,,,,2019,7,28,189,0,0,1,1
239,세종,2019-07-09,24.1,19.7,0529,29.3,1348,,,,,,,6.6,70,1246,4.3,70,1146,2.5,2156,90,14.7,41,1307,56.8,16.8,996.0,1007.9,0554,1004.8,1839,1006.6,14.5,10.8,,,,,,,,,,,28.8,16.2,,,,,,,,,,,,,,,2019,7,28,190,0,0,1,0
239,세종,2019-07-10,21.3,19.3,2239,23.6,0957,0.8,2248,2.8,2219,,14.4,6.6,90,1020,4.7,70,1113,2.3,2020,70,17.1,61,0046,78.5,19.6,995.8,1007.5,0159,1005.0,2341,1006.6,14.5,0.1,,,,,,,,,,,24.1,19.1,,,,,,,,,,,,,,,2019,7,28,191,0,0,0,1
239,세종,2019-07-11,21.1,19.2,0043,22.9,1610,0.6,225,1.7,221,,6.7,5.2,340,0131,2.9,360,0215,1.2,1046,290,19.8,87,1450,92.6,23.1,994.3,1007.2,2356,1003.5,0335,1005.1,14.5,0.0,,,,,,,,,,,23.1,19.4,,,,,,,,,,,,,,,2019,7,28,192,0,0,0,1
239,세종,2019-07-12,23.0,19.3,0304,27.5,1629,,,,,,,5.1,200,1231,2.4,290,1056,1.0,849,290,18.3,57,1310,76.1,21.1,996.2,1008.9,0642,1005.0,1708,1006.9,14.5,5.9,,,,,,,,,,,25.1,17.6,,,,,,,,,,,,,,,2019,7,28,193,0,0,1,0
239,세종,2019-07-13,23.3,19.7,0523,28.3,1328,,,,,,,4.6,320,1710,3.2,320,1716,0.8,658,270,19.4,59,1329,79.9,22.5,991.8,1006.0,0001,999.6,1735,1002.4,14.5,4.4,,,,,,,,,,,25.7,18.9,,,,,,,,,,,,,,,2019,7,28,194,0,0,1,0
239,세종,2019-07-14,24.5,19.6,0434,30.0,1359,,,,,,,4.9,290,1548,2.9,320,1550,0.9,777,230,19.9,52,1304,77.4,23.3,992.2,1005.6,2319,1001.3,1713,1002.8,14.5,8.1,,,,,,,,,,,28.1,18.4,,,,,,,,,,,,,,,2019,7,28,195,0,0,1,0
239,세종,2019-07-15,23.4,19.4,2258,27.9,1133,13.4,2135,42.4,2139,,51.0,5.9,90,2145,4.0,110,2150,0.9,747,180,20.7,62,1155,85.8,24.4,996.8,1010.6,2341,1005.4,0133,1007.6,14.4,2.8,,,,,,,,,,,25.8,19.0,,,,,,,,,,,,,,,2019,7,29,196,0,0,1,1
239,세종,2019-07-16,24.1,19.9,0514,30.3,1643,,,,,,,4.2,90,1417,2.8,90,1347,1.0,902,90,20.4,52,1525,81.1,23.9,1000.4,1012.6,2400,1009.6,1607,1011.1,14.4,7.6,,,,,,,,,,,27.3,18.4,,,,,,,,,,,,,,,2019,7,29,197,0,0,1,0
239,세종,2019-07-17,25.4,21.4,0515,29.5,1251,0.1,,0.2,,,0.2,4.4,70,1452,3.3,70,1449,1.0,867,90,21.5,58,1252,80.4,25.6,1000.7,1012.7,0451,1009.8,1632,1011.4,14.4,3.6,,,,,,,,,,,26.8,20.3,,,,,,,,,,,,,,,2019,7,29,198,0,0,1,1
239,세종,2019-07-18,25.0,22.5,0457,29.0,1657,0.3,430,0.7,359,,1.6,4.0,50,1158,2.6,90,1001,1.0,907,70,21.5,63,1521,82.3,25.7,998.6,1011.5,0528,1007.6,1652,1009.3,14.4,2.7,,,,,,,,,,,27.2,22.2,,,,,,,,,,,,,,,2019,7,29,199,0,0,1,1
239,세종,2019-07-19,26.5,23.3,0524,29.2,1316,,,,,,,5.6,110,1548,3.5,70,1018,2.0,1742,90,22.2,67,1215,77.9,26.8,995.9,1008.7,0001,1005.4,2348,1006.5,14.3,4.0,,,,,,,,,,,27.6,21.7,,,,,,,,,,,,,,,2019,7,29,200,0,0,1,0
239,세종,2019-07-20,25.4,23.4,0544,28.4,1203,1.1,1536,3.3,1504,,17.8,7.4,90,0353,4.9,70,0358,2.9,2495,70,23.1,72,1208,88.0,28.3,988.8,1005.4,0001,997.0,1645,999.3,14.3,0.0,,,,,,,,,,,25.7,22.6,,,,,,,,,,,,,,,2019,7,29,201,0,0,1,1
239,세종,2019-07-21,24.7,21.8,0359,28.4,1425,3.6,205,7.6,202,,21.0,6.0,200,1716,2.7,180,1722,1.3,1112,160,23.1,78,1601,91.4,28.3,992.5,1007.0,2244,997.6,0125,1003.1,14.3,0.8,,,,,,,,,,,26.0,21.7,,,,,,,,,,,,,,,2019,7,29,202,0,0,1,1
239,세종,2019-07-22,27.7,25.0,0035,32.1,1521,,,,,,,5.2,270,0215,2.3,160,0232,1.0,898,160,23.4,59,1447,78.4,28.8,996.1,1008.0,0959,1005.1,1737,1006.7,14.3,7.6,,,,,,,,,,,29.2,23.2,,,,,,,,,,,,,,,2019,7,30,203,0,0,1,0
239,세종,2019-07-23,27.9,25.2,0411,32.8,1542,0.2,,0.2,,,0.2,3.9,200,1528,2.2,230,1417,0.7,570,180,23.7,56,1447,79.3,29.4,995.0,1007.7,0124,1002.6,1728,1005.6,14.3,5.5,,,,,,,,,,,30.4,24.7,,,,,,,,,,,,,,,2019,7,30,204,0,0,1,1
239,세종,2019-07-24,26.7,24.9,0521,29.7,1357,0.3,2350,0.3,2301,,0.3,4.2,160,0039,1.8,140,0740,0.7,620,160,23.5,69,1359,83.3,29.0,994.3,1005.9,0927,1004.0,0345,1004.8,14.2,0.0,,,,,,,,,,,27.3,24.9,,,,,,,,,,,,,,,2019,7,30,205,0,0,1,1
239,세종,2019-07-25,25.6,25.0,0244,26.6,1435,15.0,1617,45.2,1545,,78.3,7.2,320,1617,3.8,320,1620,0.6,514,140,25.1,95,0001,97.5,31.9,994.7,1006.2,1055,1004.1,1559,1005.3,14.2,0.0,,,,,,,,,,,26.2,24.4,,,,,,,,,,,,,,,2019,7,30,206,0,0,1,1
239,세종,2019-07-26,26.4,25.5,0446,28.5,1209,0.7,1430,3.3,1543,,8.9,4.6,270,0045,2.3,180,1017,0.9,752,160,25.0,80,0857,92.8,31.7,993.9,1005.3,0001,1003.2,1652,1004.5,14.2,0.0,,,,,,,,,,,27.0,24.1,,,,,,,,,,,,,,,2019,7,30,207,0,0,1,1
239,세종,2019-07-27,27.2,24.9,0250,30.6,1116,14.9,2037,41.3,2020,,56.0,4.2,250,1124,2.7,320,1317,0.8,659,230,25.2,75,1118,89.8,32.1,995.7,1008.1,2143,1004.7,0156,1006.3,14.2,4.2,,,,,,,,,,,29.0,23.4,,,,,,,,,,,,,,,2019,7,30,208,0,0,1,1
239,세종,2019-07-28,26.3,24.8,1142,28.4,1009,4.9,1130,13.3,1059,,17.9,6.8,160,1135,3.7,160,1608,1.0,883,160,25.0,79,1615,92.8,31.6,998.5,1010.8,2314,1007.3,0252,1009.1,14.1,0.2,,,,,,,,,,,27.0,24.2,,,,,,,,,,,,,,,2019,7,30,209,0,0,1,1
239,세종,2019-07-29,28.0,24.0,0548,32.0,1505,,,,,,,5.9,140,0927,3.3,160,1025,1.1,989,160,23.0,61,1337,75.8,28.1,999.3,1011.1,0700,1008.6,1705,1009.9,14.1,10.0,,,,,,,,,,,29.5,23.3,,,,,,,,,,,,,,,2019,7,31,210,0,0,1,0
239,세종,2019-07-30,28.5,25.9,0154,32.7,1425,,,,,,,7.0,230,0946,3.2,140,1101,1.9,1631,160,23.8,62,1430,76.0,29.5,997.6,1009.3,0001,1006.0,1733,1008.1,14.1,8.2,,,,,,,,,,,29.9,23.8,,,,,,,,,,,,,,,2019,7,31,211,0,0,1,0
239,세종,2019-07-31,28.4,26.4,2232,32.5,1435,,,,,,,6.7,180,0349,3.5,200,0428,1.7,1476,180,23.7,64,1303,76.0,29.2,999.4,1011.7,2328,1008.7,1706,1010.0,14.1,7.4,,,,,,,,,,,29.8,24.9,,,,,,,,,,,,,,,2019,7,31,212,0,0,1,0
239,세종,2019-08-01,28.4,25.2,0530,33.2,1602,,,,,,,3.6,200,0855,2.2,200,0857,0.9,816,290,24.2,58,1604,79.1,30.3,1001.5,1013.3,0940,1010.2,1743,1012.1,14.0,7.1,,,,,,,,,,,30.6,23.9,,,,,,,,,,,,,,,2019,8,31,213,0,0,1,0
239,세종,2019-08-02,28.9,24.4,0531,34.2,1437,,,,,,,4.0,320,1510,2.5,290,2215,1.1,914,290,23.3,50,1438,73.8,28.7,1001.3,1013.7,0646,1009.2,1703,1011.8,14.0,10.2,,,,,,,,,,,33.0,23.5,,,,,,,,,,,,,,,2019,8,31,214,0,0,1,0
239,세종,2019-08-03,27.6,24.9,0526,34.9,1343,12.8,1629,18.3,1552,,18.3,7.1,140,1621,4.7,160,1628,1.1,985,90,24.6,53,1414,84.9,31.0,1000.5,1012.4,0001,1009.8,1404,1011.1,14.0,6.9,,,,,,,,,,,30.5,23.8,,,,,,,,,,,,,,,2019,8,31,215,0,0,1,1
239,세종,2019-08-04,28.8,24.3,0521,34.7,1503,,,,,,,6.0,320,1705,3.9,320,1706,0.9,794,320,24.2,50,1439,78.4,30.3,1000.2,1012.0,0719,1009.2,1737,1010.8,13.9,10.6,,,,,,,,,,,31.1,24.1,,,,,,,,,,,,,,,2019,8,31,216,0,0,1,0
239,세종,2019-08-05,29.6,24.7,0536,35.5,1445,,,,,,,4.6,340,1525,2.6,70,1509,0.8,673,180,24.8,47,1456,77.1,31.3,999.1,1011.9,0806,1007.4,1808,1009.6,13.9,9.2,,,,,,,,,,,31.9,24.4,,,,,,,,,,,,,,,2019,8,32,217,0,0,1,0
239,세종,2019-08-06,29.4,26.3,0451,32.9,1414,,,,,,,4.3,70,1534,2.9,70,1532,1.5,1275,90,21.7,51,1159,64.3,26.1,996.2,1009.3,0606,1004.6,2354,1006.7,13.9,6.6,,,,,,,,,,,31.1,23.2,,,,,,,,,,,,,,,2019,8,32,218,0,0,1,0
239,세종,2019-08-07,27.8,23.3,0323,32.6,1456,4.6,250,15.8,200,,28.4,5.8,50,0134,3.7,70,0139,1.1,979,250,24.3,60,1652,82.5,30.4,995.4,1007.7,2213,1004.0,0112,1005.9,13.8,9.6,,,,,,,,,,,30.7,23.1,,,,,,,,,,,,,,,2019,8,32,219,0,0,1,1
239,세종,2019-08-08,26.6,24.4,1959,32.3,1143,6.8,1639,12.5,1609,,15.8,5.4,320,1639,4.1,340,1647,1.0,842,180,24.5,61,1148,89.5,30.7,998.3,1010.0,2319,1007.6,1545,1008.9,13.8,3.8,,,,,,,,,,,29.2,24.4,,,,,,,,,,,,,,,2019,8,32,220,0,0,1,1
239,세종,2019-08-09,28.5,24.4,0002,34.0,1411,,,,,,,3.6,320,1646,2.1,290,1640,0.9,819,90,24.9,55,1344,82.8,31.5,997.2,1009.6,0001,1006.0,1557,1007.7,13.8,7.5,,,,,,,,,,,30.7,24.8,,,,,,,,,,,,,,,2019,8,32,221,0,0,1,0
239,세종,2019-08-10,29.5,25.1,0539,33.9,1246,,,,,,,6.2,50,1308,4.6,70,1345,2.1,1854,70,23.0,49,1301,70.4,28.2,995.3,1007.8,0001,1003.6,1713,1005.8,13.7,11.1,,,,,,,,,,,31.5,24.7,,,,,,,,,,,,,,,2019,8,32,222,0,0,1,0
239,세종,2019-08-11,29.6,25.5,2243,33.6,1348,1.0,2149,1.4,2105,,1.7,10.5,70,1356,6.4,90,1239,3.7,3215,90,21.2,45,1335,61.8,25.2,991.4,1006.2,0001,999.1,1557,1001.8,13.7,6.7,,,,,,,,,,,30.7,23.4,,,,,,,,,,,,,,,2019,8,32,223,0,0,1,1
239,세종,2019-08-12,27.2,24.5,0634,32.3,1407,6.6,1601,9.3,1525,,14.5,6.6,110,0016,3.8,110,0016,1.1,987,90,25.3,68,1408,90.1,32.2,990.4,1002.4,2128,999.0,0336,1000.9,13.7,0.6,,,,,,,,,,,28.4,24.2,,,,,,,,,,,,,,,2019,8,33,224,0,0,1,1
239,세종,2019-08-13,28.5,24.5,0557,34.2,1451,0.5,1738,0.5,1738,,0.5,6.6,160,1738,3.2,290,1759,0.8,688,290,25.0,55,1205,83.8,31.8,992.1,1003.7,0706,1000.9,1619,1002.6,13.7,8.2,,,,,,,,,,,31.3,24.0,,,,,,,,,,,,,,,2019,8,33,225,0,0,1,1
239,세종,2019-08-14,29.5,24.8,0539,33.8,1508,,,,,,,7.2,90,1242,4.3,70,1229,2.0,1745,70,23.3,55,1511,70.6,28.5,989.3,1003.4,0001,996.7,2344,999.8,13.6,9.3,,,,,,,,,,,31.6,24.3,,,,,,,,,,,,,,,2019,8,33,226,0,0,1,0
239,세종,2019-08-15,25.1,23.8,0642,29.2,0015,2.2,1531,7.0,1502,,24.4,6.3,340,1534,3.9,320,1437,1.8,1532,320,23.6,67,0014,91.5,29.0,982.7,996.7,0001,990.7,1811,993.2,13.6,0.1,,,,,,,,,,,26.6,24.0,,,,,,,,,,,,,,,2019,8,33,227,0,0,1,1
239,세종,2019-08-16,26.2,23.5,2231,30.3,1409,0.1,,0.1,,,0.1,6.2,250,1450,3.7,290,1600,1.2,996,290,22.6,64,1556,81.4,27.4,986.0,1001.3,2336,991.9,0127,996.5,13.5,6.6,,,,,,,,,,,28.7,22.4,,,,,,,,,,,,,,,2019,8,33,228,0,0,1,1
239,세종,2019-08-17,25.2,21.7,2247,29.8,1415,4.8,1656,5.1,1612,,5.1,6.7,180,1406,3.6,160,1211,1.5,1332,160,22.0,63,1337,83.4,26.5,991.9,1005.3,2328,1000.7,1542,1002.5,13.5,9.0,,,,,,,,,,,27.8,20.9,,,,,,,,,,,,,,,2019,8,33,229,0,0,1,1
239,세종,2019-08-18,23.9,19.0,0542,30.0,1551,,,,,,,3.9,340,1352,2.1,290,2318,1.0,835,290,18.9,44,1336,76.6,21.9,996.7,1009.2,2349,1005.3,0001,1007.4,13.5,9.2,,,,,,,,,,,28.0,18.9,,,,,,,,,,,,,,,2019,8,33,230,0,0,1,0
239,세종,2019-08-19,25.4,20.0,0549,31.1,1539,,,,,,,4.4,340,1759,2.6,320,1816,0.9,808,320,19.9,46,1536,74.3,23.3,999.0,1010.7,2313,1008.1,1535,1009.7,13.5,10.0,,,,,,,,,,,28.6,20.0,,,,,,,,,,,,,,,2019,8,34,231,0,0,1,0
239,세종,2019-08-20,26.8,22.3,0526,30.9,1418,,,,,,,6.5,110,1252,4.1,70,1300,1.7,1460,70,20.7,53,1350,70.8,24.4,999.3,1011.3,0548,1008.2,1704,1009.9,13.4,10.7,,,,,,,,,,,29.7,21.6,,,,,,,,,,,,,,,2019,8,34,232,0,0,1,0
239,세종,2019-08-21,26.8,22.7,0524,31.9,1645,,,,,,,6.2,340,1800,4.1,340,1805,1.3,1104,90,21.1,55,1431,72.1,25.1,998.1,1010.1,0859,1007.3,1504,1008.7,13.4,6.1,,,,,,,,,,,29.7,21.3,,,,,,,,,,,,,,,2019,8,34,233,0,0,1,0
239,세종,2019-08-22,25.6,22.6,2348,29.6,1605,4.4,317,16.2,316,,30.9,4.4,320,1554,2.9,340,0416,1.1,909,270,21.9,53,1700,81.5,26.4,996.2,1008.5,2343,1005.4,1526,1006.8,13.3,3.6,,,,,,,,,,,27.6,21.7,,,,,,,,,,,,,,,2019,8,34,234,0,0,1,1
239,세종,2019-08-23,24.1,20.4,2400,29.7,1453,,,,,,,3.9,230,1350,2.3,290,1942,1.0,881,250,18.8,45,1514,74.3,21.9,998.6,1011.1,2357,1007.7,1523,1009.3,13.3,5.8,,,,,,,,,,,27.4,19.0,,,,,,,,,,,,,,,2019,8,34,235,0,0,1,0
239,세종,2019-08-24,22.4,18.8,0432,27.3,1313,,,,,,,3.5,200,1454,2.0,160,1534,0.6,556,200,19.2,60,1423,82.9,22.2,1000.8,1012.6,2058,1010.4,0334,1011.6,13.3,1.4,,,,,,,,,,,24.6,18.6,,,,,,,,,,,,,,,2019,8,34,236,0,0,1,0
239,세종,2019-08-25,23.3,18.2,0557,29.8,1359,,,,,,,4.0,320,1301,2.5,160,1459,0.8,672,250,18.3,40,1333,75.9,21.0,1002.6,1014.7,2246,1011.9,1612,1013.4,13.2,9.5,,,,,,,,,,,27.1,19.0,,,,,,,,,,,,,,,2019,8,34,237,0,0,1,0
239,세종,2019-08-26,24.8,18.5,0454,31.5,1525,,,,,,,5.0,90,1105,2.9,90,1113,0.9,764,70,19.2,44,1510,73.8,22.3,1001.5,1014.7,0006,1009.8,1544,1012.2,13.2,11.3,,,,,,,,,,,28.6,17.9,,,,,,,,,,,,,,,2019,8,35,238,0,0,1,0
239,세종,2019-08-27,22.0,19.3,0755,25.3,1611,4.6,412,17.4,342,,38.2,4.2,90,1117,3.0,70,1126,1.3,1102,90,20.3,71,1612,90.8,23.8,997.4,1011.3,0001,1006.2,1529,1008.1,13.2,1.1,,,,,,,,,,,24.3,19.8,,,,,,,,,,,,,,,2019,8,35,239,0,0,1,1
239,세종,2019-08-28,23.5,20.6,0333,28.4,1437,0.3,350,0.8,305,,0.9,4.1,230,1559,2.4,200,1608,0.7,624,160,20.9,63,1439,86.6,24.7,996.8,1008.8,0949,1005.8,1611,1007.5,13.1,3.1,,,,,,,,,,,25.9,21.1,,,,,,,,,,,,,,,2019,8,35,240,0,0,1,1
239,세종,2019-08-29,21.8,19.6,1631,27.6,1406,5.4,1427,8.2,1421,,8.9,7.7,320,1422,5.5,320,1424,0.9,811,180,20.3,70,1415,92.4,23.9,996.5,1008.5,2359,1005.6,1406,1007.2,13.1,2.3,,,,,,,,,,,23.9,19.7,,,,,,,,,,,,,,,2019,8,35,241,0,0,1,1
239,세종,2019-08-30,21.9,17.8,0557,27.5,1335,,,,,,,5.1,290,1453,2.8,320,1348,1.1,933,290,17.3,46,1454,77.9,19.8,999.1,1012.5,2346,1007.9,0146,1009.9,13.1,6.6,,,,,,,,,,,25.2,17.7,,,,,,,,,,,,,,,2019,8,35,242,0,0,1,0
239,세종,2019-08-31,22.1,17.4,0548,27.6,1434,,,,,,,3.8,360,1024,2.2,180,1557,0.9,750,200,17.9,51,1507,79.0,20.5,1003.6,1016.7,2338,1012.2,0104,1014.4,13.0,10.3,,,,,,,,,,,25.5,16.9,,,,,,,,,,,,,,,2019,8,35,243,0,0,1,0
239,세종,2019-09-01,22.1,17.8,0559,27.4,1508,,,,,,,3.1,90,1230,1.9,70,1239,0.6,541,90,18.9,56,1516,83.4,21.8,1006.3,1018.5,0948,1015.9,1805,1017.2,13.0,2.9,,,,,,,,,,,24.6,17.8,,,,,,,,,,,,,,,2019,9,35,244,0,0,1,0
239,세종,2019-09-02,22.3,19.0,0502,27.0,1219,1.0,2205,3.0,2145,,3.3,5.0,160,1616,3.4,160,1620,1.1,969,110,18.9,59,1442,82.4,21.9,1006.3,1018.5,0719,1015.3,1536,1017.1,12.9,1.4,,,,,,,,,,,24.5,18.8,,,,,,,,,,,,,,,2019,9,36,245,0,0,1,1
239,세종,2019-09-03,22.0,20.0,0202,23.7,1727,0.3,147,0.4,101,,1.1,3.4,50,1247,2.4,70,1252,1.3,1087,90,20.7,87,1717,92.6,24.4,1004.6,1017.0,0001,1013.5,1531,1015.5,12.9,0.0,,,,,,,,,,,23.6,21.0,,,,,,,,,,,,,,,2019,9,36,246,0,0,0,1
239,세종,2019-09-04,23.2,21.3,2309,28.2,1405,1.9,1650,3.5,1631,,7.1,4.7,320,1649,3.0,320,1716,0.9,816,90,21.8,74,1256,92.6,26.1,1002.4,1014.9,0001,1011.6,1539,1013.2,12.9,0.8,,,,,,,,,,,24.9,21.7,,,,,,,,,,,,,,,2019,9,36,247,0,0,1,1
239,세종,2019-09-05,23.4,21.1,0149,27.6,1307,13.5,1617,25.5,1609,,28.1,5.6,290,1616,2.9,290,1616,0.8,672,90,22.5,78,1258,95.0,27.3,1001.4,1013.5,0802,1010.0,1448,1012.2,12.8,0.4,,,,,,,,,,,25.0,21.5,,,,,,,,,,,,,,,2019,9,36,248,0,0,1,1
239,세종,2019-09-06,25.3,22.0,0546,27.8,1344,0.2,,0.3,2147,,0.6,5.6,70,2329,3.5,90,2354,1.3,1112,70,22.8,76,1347,87.0,27.9,998.1,1011.8,0001,1005.1,2350,1008.8,12.8,1.3,,,,,,,,,,,25.9,22.1,,,,,,,,,,,,,,,2019,9,36,249,0,0,1,1
239,세종,2019-09-07,25.8,22.4,1954,30.5,1233,0.6,1955,0.9,1905,,1.4,15.7,140,1344,9.5,140,1245,4.3,3749,160,21.8,57,1237,79.3,26.1,988.7,1007.3,2313,991.6,1047,999.3,12.8,0.6,,,,,,,,,,,24.6,21.5,,,,,,,,,,,,,,,2019,9,36,250,0,0,1,1
239,세종,2019-09-08,24.3,22.0,0542,28.3,1345,0.2,,0.4,701,,0.6,3.8,160,0124,2.5,140,0132,0.8,656,290,22.2,68,1350,88.9,26.8,998.1,1010.5,2221,1007.2,0208,1008.7,12.7,0.1,,,,,,,,,,,25.7,21.3,,,,,,,,,,,,,,,2019,9,36,251,0,0,1,1
239,세종,2019-09-09,23.5,22.3,0813,24.8,1659,0.3,543,1.2,530,,7.2,3.4,50,1710,2.1,70,1710,0.9,804,70,22.6,89,1657,95.6,27.5,1000.0,1011.9,0853,1009.3,1640,1010.7,12.7,0.0,,,,,,,,,,,25.0,23.3,,,,,,,,,,,,,,,2019,9,37,252,0,0,0,1
239,세종,2019-09-10,26.6,23.2,0125,30.5,1133,,,,,,,5.3,200,2356,3.5,140,1117,1.1,939,90,21.9,57,1257,76.6,26.3,1001.2,1013.4,1006,1010.5,1615,1011.8,12.6,4.9,,,,,,,,,,,27.8,23.1,,,,,,,,,,,,,,,2019,9,37,253,0,0,1,0
239,세종,2019-09-11,24.3,23.1,0459,26.7,1137,0.9,459,1.6,415,,1.8,7.0,180,0112,3.2,340,1343,1.8,1598,90,21.6,69,2400,85.8,25.9,1003.8,1016.5,2257,1012.4,0015,1014.5,12.6,1.1,,,,,,,,,,,26.2,21.5,,,,,,,,,,,,,,,2019,9,37,254,0,0,1,1
239,세종,2019-09-12,20.6,19.3,1923,23.8,0001,1.7,617,4.5,617,,10.1,6.3,90,0415,4.2,90,1611,2.3,2013,90,17.2,69,0001,81.6,19.7,1006.1,1018.7,1046,1016.0,0231,1017.0,12.6,0.0,,,,,,,,,,,22.5,18.5,,,,,,,,,,,,,,,2019,9,37,255,0,0,0,1
239,세종,2019-09-13,22.5,18.2,0324,27.1,1518,,,,,,,5.5,70,1146,3.7,70,1155,1.6,1384,90,16.5,50,1629,70.5,18.7,1003.1,1016.2,0001,1011.7,1546,1013.9,12.5,10.1,,,,,,,,,,,25.2,17.1,,,,,,,,,,,,,,,2019,9,37,256,0,0,1,0
239,세종,2019-09-14,22.4,18.6,0514,27.7,1310,,,,,,,4.6,160,1102,1.9,290,1431,0.8,656,290,19.4,64,1307,84.1,22.6,1001.3,1013.6,0927,1010.4,1649,1012.1,12.5,2.0,,,,,,,,,,,23.9,18.1,,,,,,,,,,,,,,,2019,9,37,257,0,0,1,0
239,세종,2019-09-15,24.6,21.1,0445,30.1,1540,,,,,,,4.4,320,1838,2.8,290,1841,1.0,903,290,19.6,47,1546,75.3,22.8,999.8,1012.4,0930,1008.3,1556,1010.5,12.5,8.2,,,,,,,,,,,27.7,20.9,,,,,,,,,,,,,,,2019,9,37,258,0,0,1,0
239,세종,2019-09-16,24.0,20.4,0615,29.0,1348,,,,,,,4.8,360,1353,3.3,340,1724,1.1,963,70,18.0,45,1327,70.6,20.6,1000.0,1012.8,2353,1009.1,1455,1010.7,12.4,8.6,,,,,,,,,,,27.1,18.3,,,,,,,,,,,,,,,2019,9,38,259,0,0,1,0
239,세종,2019-09-17,22.2,16.3,0603,27.8,1505,,,,,,,5.8,70,1331,4.1,90,1215,1.2,998,70,14.2,30,1226,64.0,16.3,1004.0,1016.6,0842,1012.7,0009,1014.9,12.4,10.5,,,,,,,,,,,25.6,13.6,,,,,,,,,,,,,,,2019,9,38,260,0,0,1,0
239,세종,2019-09-18,20.7,14.5,2353,27.9,1302,,,,,,,8.0,340,1514,5.6,320,1509,1.6,1368,320,11.0,25,1656,58.1,13.6,1005.8,1018.9,2312,1014.8,0029,1016.7,12.3,10.4,,,,,,,,,,,25.2,11.3,,,,,,,,,,,,,,,2019,9,38,261,0,0,1,0
239,세종,2019-09-19,19.6,12.0,0618,26.5,1506,,,,,,,4.6,360,1650,2.4,90,1218,1.0,827,70,12.2,40,1508,64.8,14.3,1007.3,1020.7,0706,1016.3,1650,1018.2,12.3,9.6,,,,,,,,,,,23.1,11.1,,,,,,,,,,,,,,,2019,9,38,262,0,0,1,0
239,세종,2019-09-20,19.7,16.2,0500,23.2,1109,,,,,,,7.2,70,1333,4.3,70,1403,1.8,1593,70,13.2,47,1232,67.3,15.2,1006.6,1019.3,2209,1016.5,0521,1017.6,12.3,1.3,,,,,,,,,,,21.4,15.6,,,,,,,,,,,,,,,2019,9,38,263,0,0,0,0
239,세종,2019-09-21,17.4,15.3,2322,19.9,0001,1.5,1555,6.2,1510,,39.2,5.5,20,1352,3.5,70,1549,2.0,1712,70,14.5,64,0001,84.4,16.5,1007.8,1019.9,1102,1017.7,0439,1018.8,12.2,0.0,,,,,,,,,,,18.6,15.4,,,,,,,,,,,,,,,2019,9,38,264,0,0,0,1
239,세종,2019-09-22,16.2,14.9,0230,17.6,2158,1.8,1203,9.2,1141,,62.7,6.7,340,2233,4.8,340,2230,2.2,1896,70,14.9,76,2205,92.4,16.9,1000.7,1018.9,0001,1008.1,2011,1011.8,12.2,0.0,,,,,,,,,,,17.2,14.8,,,,,,,,,,,,,,,2019,9,38,265,0,0,0,1
239,세종,2019-09-23,17.8,13.7,2350,22.2,1052,,,,,,,6.2,340,0050,3.8,320,0038,1.7,1447,320,12.2,50,1100,71.4,14.3,1003.8,1018.3,2208,1008.8,0001,1014.8,12.2,3.8,,,,,,,,,,,19.7,11.5,,,,,,,,,,,,,,,2019,9,39,266,0,0,0,0
239,세종,2019-09-24,17.6,12.4,0349,24.9,1555,,,,,,,4.3,90,1326,2.3,70,1334,0.7,606,50,13.5,46,1557,79.5,15.5,1008.4,1021.1,2202,1017.9,0024,1019.5,12.1,6.8,,,,,,,,,,,20.0,10.4,,,,,,,,,,,,,,,2019,9,39,267,0,0,0,0
239,세종,2019-09-25,17.8,12.2,0520,24.3,1431,,,,,,,3.3,70,1457,1.8,140,2230,0.6,483,160,14.5,53,1514,83.3,16.6,1011.4,1024.1,2328,1020.9,0013,1022.5,12.1,4.1,,,,,,,,,,,19.8,10.0,,,,,,,,,,,,,,,2019,9,39,268,0,0,0,0
239,세종,2019-09-26,20.5,16.5,0654,24.6,1526,,,,,,,5.1,90,1218,3.6,90,1218,1.1,951,70,16.3,61,1202,78.0,18.5,1013.0,1025.3,0918,1022.9,1547,1023.9,12.0,2.3,,,,,,,,,,,21.5,15.8,,,,,,,,,,,,,,,2019,9,39,269,0,0,0,0
239,세종,2019-09-27,22.1,16.7,0559,28.7,1529,,,,,,,3.6,90,1135,2.2,70,1228,0.7,636,70,16.5,46,1525,72.9,18.8,1011.2,1024.7,0836,1020.0,1710,1022.1,12.0,8.5,,,,,,,,,,,23.9,14.6,,,,,,,,,,,,,,,2019,9,39,270,0,0,1,0
239,세종,2019-09-28,23.5,19.4,0447,29.3,1302,,,,,,,5.7,340,1353,3.9,320,1356,0.9,737,290,18.5,53,1334,75.0,21.3,1007.4,1020.3,0001,1015.9,1618,1018.2,12.0,7.3,,,,,,,,,,,25.4,18.7,,,,,,,,,,,,,,,2019,9,39,271,0,0,1,0
239,세종,2019-09-29,21.9,17.3,2359,28.6,1454,,,,,,,4.7,340,1637,2.8,340,1639,0.7,628,320,15.3,39,1732,69.6,17.6,1006.1,1018.3,0850,1015.0,1609,1017.0,11.9,9.8,,,,,,,,,,,24.7,15.1,,,,,,,,,,,,,,,2019,9,39,272,0,0,1,0
239,세종,2019-09-30,21.2,14.7,0627,29.4,1326,,,,,,,3.6,340,1512,2.0,290,1418,0.6,511,290,16.0,42,1304,74.4,18.1,1006.3,1018.3,2305,1015.7,1430,1017.2,11.9,8.9,,,,,,,,,,,23.9,13.3,,,,,,,,,,,,,,,2019,9,40,273,0,0,1,0
239,세종,2019-10-01,21.4,17.4,0522,25.5,1329,,,,,,,2.8,110,1423,1.8,140,1431,0.5,443,160,18.7,70,1332,85.9,21.6,1007.5,1020.0,0919,1017.4,2308,1018.4,11.8,0.0,,,,,,,,,,,22.4,16.1,,,,,,,,,,,,,,,2019,10,40,274,0,0,1,0
239,세종,2019-10-02,20.7,19.9,2342,21.6,0313,2.9,2329,10.8,2249,,66.2,8.4,50,2315,4.6,50,2245,1.6,1391,70,19.9,86,0730,95.3,23.2,999.8,1017.9,0050,1000.6,2358,1010.6,11.8,0.0,,,,,,,,,,,21.4,19.4,,,,,,,,,,,,,,,2019,10,40,275,0,0,0,1
239,세종,2019-10-03,22.2,19.2,2342,27.1,1225,1.5,411,5.6,1,,14.2,9.2,360,0120,5.5,340,0338,2.5,2190,320,18.6,58,1404,81.4,21.4,995.3,1012.0,2400,998.9,0223,1006.1,11.8,5.3,,,,,,,,,,,23.5,18.0,,,,,,,,,,,,,,,2019,10,40,276,0,0,1,1
239,세종,2019-10-04,21.7,19.2,0003,27.4,1534,,,,,,,4.0,230,2311,2.0,230,1501,0.7,635,180,18.7,60,1430,84.3,21.6,1002.4,1014.6,1109,1011.9,0002,1013.2,11.7,4.6,,,,,,,,,,,24.6,18.8,,,,,,,,,,,,,,,2019,10,40,277,0,0,1,0
239,세종,2019-10-05,18.6,15.9,2205,21.6,1349,,,,,,,5.2,340,1750,3.1,320,1755,0.9,815,180,15.2,70,1622,81.1,17.3,1005.8,1020.8,2356,1014.2,0031,1016.7,11.7,0.2,,,,,,,,,,,21.0,14.6,,,,,,,,,,,,,,,2019,10,40,278,0,0,0,0
239,세종,2019-10-06,17.7,14.4,0642,21.7,1513,,,,,,,6.0,90,1017,4.2,70,1204,2.2,1885,90,11.0,50,1143,66.0,13.2,1011.7,1024.5,0828,1020.7,0003,1022.8,11.6,7.3,,,,,,,,,,,20.1,12.7,,,,,,,,,,,,,,,2019,10,40,279,0,0,0,0
239,세종,2019-10-07,14.9,13.9,0658,16.9,0001,0.4,1442,1.5,1415,,8.4,3.7,160,0450,2.6,70,0126,1.1,959,70,13.7,69,0001,92.9,15.7,1007.5,1022.1,0001,1016.3,1813,1018.7,11.6,0.0,,,,,,,,,,,17.7,14.1,,,,,,,,,,,,,,,2019,10,41,280,0,0,0,1
239,세종,2019-10-08,14.8,9.3,2356,22.1,1323,,,,,,,8.0,340,1520,5.3,320,1524,1.5,1298,290,9.3,28,1529,72.6,12.2,1007.9,1022.7,2356,1016.7,1323,1019.1,11.6,7.2,,,,,,,,,,,18.9,7.8,,,,,,,,,,,,,,,2019,10,41,281,0,0,0,0
239,세종,2019-10-09,12.7,5.9,0640,20.5,1553,,,,,,,3.8,50,1355,2.2,90,1211,0.7,563,50,6.6,38,1441,70.1,9.8,1009.1,1022.9,0103,1017.4,1721,1020.3,11.5,9.2,,,,,,,,,,,16.6,3.3,,,,,,,,,,,,,,,2019,10,41,282,0,0,0,0
239,세종,2019-10-10,13.9,9.5,0343,18.6,1459,,,,,,,2.8,90,1251,1.7,90,1252,0.6,478,20,9.3,37,1512,76.9,11.8,1005.8,1018.8,0001,1015.0,1628,1017.0,11.5,0.7,,,,,,,,,,,16.8,8.3,,,,,,,,,,,,,,,2019,10,41,283,0,0,0,0
239,세종,2019-10-11,17.1,11.0,0416,24.0,1438,,,,,,,4.3,340,1535,2.7,320,1538,0.7,592,340,10.6,41,1430,68.6,12.8,1004.1,1016.7,0833,1012.8,1503,1015.2,11.5,7.2,,,,,,,,,,,19.0,10.6,,,,,,,,,,,,,,,2019,10,41,284,0,0,0,0
239,세종,2019-10-12,18.1,13.8,0621,23.8,1346,,,,,,,7.4,360,1744,4.3,50,1214,1.7,1472,50,8.9,36,1530,57.3,11.5,1005.8,1020.4,2332,1014.7,1414,1016.8,11.4,9.2,,,,,,,,,,,19.2,10.6,,,,,,,,,,,,,,,2019,10,41,285,0,0,0,0
239,세종,2019-10-13,15.9,10.2,0607,21.7,1324,,,,,,,5.7,70,1242,3.6,70,1243,1.2,1035,70,9.1,37,1329,66.4,11.6,1011.4,1024.2,2305,1020.4,0001,1022.6,11.4,9.4,,,,,,,,,,,18.4,6.7,,,,,,,,,,,,,,,2019,10,41,286,0,0,0,0
239,세종,2019-10-14,13.5,8.8,2400,20.2,1317,,,,,,,6.3,320,1453,4.4,340,1133,1.3,1108,290,8.8,46,1654,74.8,11.4,1014.3,1028.5,2400,1023.7,0234,1025.6,11.3,6.6,,,,,,,,,,,16.9,7.0,,,,,,,,,,,,,,,2019,10,42,287,0,0,0,0
239,세종,2019-10-15,13.1,7.3,0210,19.1,1504,,,,,,,6.6,70,1128,3.4,90,1039,1.0,851,70,7.8,48,1507,73.0,10.6,1017.0,1030.0,0847,1026.7,1539,1028.3,11.3,6.2,,,,,,,,,,,17.6,5.6,,,,,,,,,,,,,,,2019,10,42,288,0,0,0,0
239,세종,2019-10-16,14.0,8.7,0645,20.8,1400,,,,,,,3.6,340,1734,2.4,320,1740,0.6,560,70,8.7,40,1442,73.3,11.2,1015.3,1029.3,0221,1024.3,1543,1026.6,11.3,9.0,,,,,,,,,,,16.0,5.7,,,,,,,,,,,,,,,2019,10,42,289,0,0,0,0
239,세종,2019-10-17,14.6,10.5,0652,20.4,1513,,,,,,,4.2,70,1707,3.0,70,1707,1.1,923,90,9.4,46,1519,73.0,11.8,1013.3,1025.8,0007,1022.9,1645,1024.6,11.2,3.6,,,,,,,,,,,17.4,10.1,,,,,,,,,,,,,,,2019,10,42,290,0,0,0,0
239,세종,2019-10-18,15.7,10.9,0603,21.1,1434,,,,,,,5.6,70,1508,3.5,70,1418,1.3,1130,90,10.7,54,1438,73.6,12.9,1010.7,1025.1,0058,1019.7,1747,1021.9,11.2,2.6,,,,,,,,,,,16.7,8.1,,,,,,,,,,,,,,,2019,10,42,291,0,0,0,0
239,세종,2019-10-19,16.2,11.6,0638,23.0,1433,,,,,,,4.9,290,1517,3.0,340,1311,0.8,661,340,10.8,43,1404,73.4,13.0,1009.8,1022.5,2341,1019.5,1432,1021.0,11.2,8.8,,,,,,,,,,,15.8,9.3,,,,,,,,,,,,,,,2019,10,42,292,0,0,0,0
239,세종,2019-10-20,14.7,10.6,0613,21.8,1542,,,,,,,3.6,50,1350,2.1,360,1358,0.5,418,360,10.1,34,1517,78.1,12.4,1010.9,1024.5,0936,1020.1,1623,1022.1,11.1,5.6,,,,,,,,,,,19.3,8.4,,,,,,,,,,,,,,,2019,10,42,293,0,0,0,0
239,세종,2019-10-21,14.7,8.8,0543,23.1,1535,,,,,,,4.2,70,1350,2.0,70,1352,0.5,426,70,10.0,41,1445,77.5,12.3,1007.8,1021.5,0830,1016.2,1538,1019.0,11.1,7.8,,,,,,,,,,,18.1,5.5,,,,,,,,,,,,,,,2019,10,43,294,0,0,0,0
239,세종,2019-10-22,16.1,10.3,0644,22.8,1454,,,,,,,5.0,50,1237,3.7,70,1241,0.7,637,90,10.4,40,1525,72.4,12.6,1006.8,1019.5,0807,1016.0,1418,1018.0,11.1,9.4,,,,,,,,,,,18.5,6.8,,,,,,,,,,,,,,,2019,10,43,295,0,0,0,0
239,세종,2019-10-23,16.0,12.4,0459,19.0,1248,,,,,,,5.0,70,1241,3.2,90,1330,0.9,761,70,10.7,57,1304,72.3,12.9,1007.9,1020.2,2303,1017.9,1618,1019.0,11.0,0.0,,,,,,,,,,,16.1,9.2,,,,,,,,,,,,,,,2019,10,43,296,0,0,0,0
239,세종,2019-10-24,17.9,13.5,0628,22.9,1339,,,,,,,6.0,90,1342,3.0,70,1244,1.0,826,360,8.8,39,1342,57.1,11.4,1007.7,1020.7,0851,1016.3,1453,1018.8,11.0,6.4,,,,,,,,,,,20.3,9.7,,,,,,,,,,,,,,,2019,10,43,297,0,0,0,0
239,세종,2019-10-25,17.0,11.7,0632,22.3,1225,,,,,,,4.5,340,1449,3.0,320,1504,0.9,810,290,9.7,42,1531,64.0,12.0,1006.9,1019.6,0905,1016.1,1422,1018.0,10.9,6.0,,,,,,,,,,,18.3,9.4,,,,,,,,,,,,,,,2019,10,43,298,0,0,0,0
239,세종,2019-10-26,11.5,6.9,2400,16.3,1509,,,,,,,5.6,320,1302,3.2,320,1502,1.5,1330,290,4.7,42,1425,64.6,8.5,1008.0,1020.9,0905,1017.5,1700,1019.3,10.9,7.8,,,,,,,,,,,14.9,7.2,,,,,,,,,,,,,,,2019,10,43,299,0,0,0,0
239,세종,2019-10-27,10.0,3.4,0641,17.0,1344,,,,,,,6.7,340,1531,3.9,340,1448,1.0,826,320,3.5,33,1335,68.5,7.9,1008.8,1021.8,0841,1018.5,1729,1020.2,10.9,9.3,,,,,,,,,,,12.8,2.3,,,,,,,,,,,,,,,2019,10,43,300,0,0,0,0
239,세종,2019-10-28,11.7,4.1,0711,17.8,1448,,,,,,,6.2,160,1430,3.4,160,1324,1.1,908,160,5.5,39,1322,69.0,9.1,1005.7,1020.5,0121,1014.8,1725,1017.0,10.8,8.2,,,,,,,,,,,13.7,1.3,,,,,,,,,,,,,,,2019,10,44,301,0,0,0,0
239,세종,2019-10-29,12.6,8.6,2359,18.1,1337,1.0,221,2.7,201,,2.8,5.7,340,0228,3.7,320,0235,1.4,1194,290,7.5,38,1338,73.6,10.6,1005.5,1020.5,2357,1014.3,0109,1016.8,10.8,3.7,,,,,,,,,,,14.9,6.3,,,,,,,,,,,,,,,2019,10,44,302,0,0,0,1
239,세종,2019-10-30,10.5,4.9,0715,17.6,1422,,,,,,,4.4,200,1314,2.8,340,1208,0.8,689,320,5.6,42,1556,74.8,9.1,1011.0,1024.0,0925,1020.2,0027,1022.4,10.8,9.0,,,,,,,,,,,11.7,1.8,,,,,,,,,,,,,,,2019,10,44,303,0,0,0,0
239,세종,2019-10-31,12.6,5.0,0645,19.8,1523,,,,,,,4.7,250,1215,2.4,200,1241,0.7,614,340,8.8,51,1525,79.8,11.4,1010.7,1023.7,0139,1019.9,1540,1022.0,10.7,9.0,,,,,,,,,,,14.2,2.1,,,,,,,,,,,,,,,2019,10,44,304,0,0,0,0
239,세종,2019-11-01,14.3,9.2,2400,21.3,1452,,,,,,,4.2,360,1642,2.8,340,1215,0.7,627,340,8.4,37,1616,71.3,11.3,1010.9,1023.4,0859,1020.6,1442,1022.1,10.7,5.8,,,,,,,,,,,17.7,5.7,,,,,,,,,,,,,,,2019,11,44,305,0,0,0,0
239,세종,2019-11-02,12.7,6.7,0638,19.0,1510,,,,,,,2.6,320,1444,1.7,340,1449,0.3,232,70,8.5,54,1316,77.3,11.2,1009.5,1023.2,0823,1018.9,1712,1020.8,10.7,3.8,,,,,,,,,,,13.5,3.4,,,,,,,,,,,,,,,2019,11,44,306,0,0,0,0
239,세종,2019-11-03,13.6,8.6,0636,19.8,1506,,,,,,,4.0,20,1856,2.3,70,1305,0.5,447,70,8.4,47,1504,74.0,11.1,1008.8,1022.1,2221,1018.2,1336,1020.0,10.6,6.2,,,,,,,,,,,16.8,6.3,,,,,,,,,,,,,,,2019,11,44,307,0,0,0,0
239,세종,2019-11-04,13.1,8.5,0703,19.7,1341,,,,,,,3.0,360,1213,1.9,340,1233,0.4,354,50,6.6,35,1435,68.3,9.8,1010.7,1024.0,0834,1020.3,1452,1022.0,10.6,7.8,,,,,,,,,,,15.2,4.2,,,,,,,,,,,,,,,2019,11,45,308,0,0,0,0
239,세종,2019-11-05,11.5,5.8,0636,19.5,1353,,,,,,,5.5,290,1413,3.2,320,1447,0.7,644,290,6.6,41,1356,75.5,9.8,1008.7,1022.1,0821,1018.0,1431,1020.1,10.6,8.0,,,,,,,,,,,13.9,1.0,,,,,,,,,,,,,,,2019,11,45,309,0,0,0,0
239,세종,2019-11-06,10.4,3.9,0628,17.8,1403,,,,,,,4.4,320,1350,2.3,360,1303,0.7,567,290,5.2,34,1347,73.5,8.9,1006.4,1020.1,0811,1015.5,1437,1017.7,10.5,7.3,,,,,,,,,,,11.6,1.1,,,,,,,,,,,,,,,2019,11,45,310,0,0,0,0
239,세종,2019-11-07,9.8,3.8,2350,16.8,1400,,,,,,,5.8,320,1721,3.4,320,1657,1.1,975,290,2.9,37,1427,65.4,7.7,1007.0,1021.4,2240,1016.2,0417,1018.5,10.5,7.2,,,,,,,,,,,12.4,0.7,,,,,,,,,,,,,,,2019,11,45,311,0,0,0,0
239,세종,2019-11-08,6.4,-0.7,0700,14.3,1428,,,,,,,4.1,320,1253,2.6,320,1709,0.8,715,320,-2.9,21,1559,57.6,5.0,1010.6,1023.7,0908,1020.1,1458,1022.2,10.5,8.8,,,,,,,,,,,9.3,-4.2,,,,,,,,,,,,,,,2019,11,45,312,0,0,0,0
239,세종,2019-11-09,7.6,0.3,0708,16.6,1451,,,,,,,2.7,270,1722,1.9,270,1727,0.5,441,90,-1.3,25,1443,58.1,5.6,1010.7,1024.6,0824,1020.3,1554,1022.3,10.4,8.8,,,,,,,,,,,9.5,-3.8,,,,,,,,,,,,,,,2019,11,45,313,0,0,0,0
239,세종,2019-11-10,8.4,2.7,0431,15.1,1504,,,,,,16.6,6.3,290,1949,4.2,290,1952,0.7,592,320,3.5,40,1502,74.8,8.0,1001.5,1021.0,0001,1005.8,1920,1012.9,10.4,2.3,,,,,,,,,,,9.3,-1.0,,,,,,,,,,,,,,,2019,11,45,314,0,0,0,1
239,세종,2019-11-11,11.2,8.2,0212,15.9,1419,,,,,,3.2,5.9,290,1220,3.6,320,1522,1.5,1305,290,7.5,53,1627,79.4,10.4,1001.0,1018.4,2339,1007.0,0149,1012.3,10.4,1.6,,,,,,,,,,,10.7,5.8,,,,,,,,,,,,,,,2019,11,46,315,0,0,0,1
239,세종,2019-11-12,9.1,2.7,0623,15.4,1356,,,,,,,3.3,360,1206,2.2,20,1211,0.6,487,70,5.0,43,1340,78.5,8.8,1010.2,1023.0,2350,1018.3,0001,1021.7,10.3,6.6,,,,,,,,,,,10.0,0.8,,,,,,,,,,,,,,,2019,11,46,316,0,0,0,0
239,세종,2019-11-13,7.7,4.4,0357,12.5,1447,,,,,,1.5,10.1,320,2352,6.7,320,2400,1.4,1183,320,4.7,51,2244,83.0,8.7,1007.3,1023.0,0001,1013.3,1519,1018.8,10.3,0.0,,,,,,,,,,,8.0,0.2,,,,,,,,,,,,,,,2019,11,46,317,0,0,0,1
239,세종,2019-11-14,2.2,-1.3,2400,6.6,0001,,,,,,,10.2,320,0002,6.7,320,0003,2.5,2164,340,-10.0,25,1331,41.3,2.9,1013.4,1028.0,0940,1022.2,0002,1025.2,10.3,8.7,,,,,,,,,,,5.1,-4.8,,,,,,,,,,,,,,,2019,11,46,318,0,0,0,0
239,세종,2019-11-15,9.2,-2.2,0027,16.8,1440,,,,,,0.2,7.5,180,1424,3.7,200,1421,1.8,1598,180,2.1,51,1027,61.9,7.7,1007.9,1024.1,0022,1016.8,1501,1019.3,10.3,5.9,,,,,,,,,,,8.0,-4.2,,,,,,,,,,,,,,,2019,11,46,319,0,0,0,1
239,세종,2019-11-16,11.3,7.4,2359,17.3,1252,,,,,,2.0,5.9,160,0050,3.1,360,1427,1.0,900,320,8.6,53,1400,84.0,11.2,1009.0,1023.0,2213,1017.8,0443,1020.4,10.2,5.5,,,,,,,,,,,11.2,2.8,,,,,,,,,,,,,,,2019,11,46,320,0,0,0,1
239,세종,2019-11-17,9.4,5.6,0614,14.0,2355,,,,,,74.6,4.4,360,1539,3.3,320,1540,1.0,896,90,8.7,92,0848,95.6,11.4,1006.6,1022.8,0007,1011.6,2332,1018.0,10.2,0.0,,,,,,,,,,,9.3,2.7,,,,,,,,,,,,,,,2019,11,46,321,0,0,0,1
239,세종,2019-11-18,6.9,1.8,2152,14.0,0011,,,,,,11.0,9.0,340,0940,5.8,320,0933,2.3,1957,290,2.1,47,1410,72.4,7.5,1008.5,1023.6,2049,1011.4,0047,1020.1,10.2,1.3,,,,,,,,,,,8.8,0.9,,,,,,,,,,,,,,,2019,11,47,322,0,0,0,1
239,세종,2019-11-19,1.8,-1.0,2322,5.1,1312,,,,,,0.1,9.1,360,0456,5.9,340,0442,1.7,1439,320,-3.1,42,1010,70.9,4.9,1014.9,1030.4,2359,1022.6,0116,1026.8,10.1,4.2,,,,,,,,,,,4.5,-3.4,,,,,,,,,,,,,,,2019,11,47,323,0,0,0,1
239,세종,2019-11-20,1.7,-2.6,0642,8.0,1443,,,,,,,4.8,360,1511,3.7,320,1636,1.0,881,70,-7.7,14,1514,56.3,3.6,1020.2,1033.8,2355,1030.4,0001,1032.2,10.1,8.3,,,,,,,,,,,3.5,-5.6,,,,,,,,,,,,,,,2019,11,47,324,0,0,0,0
239,세종,2019-11-21,4.5,-3.1,0712,10.5,1432,,,,,,,3.5,320,1330,2.4,320,1332,0.7,610,50,-5.1,24,1535,53.9,4.2,1020.7,1035.1,0937,1030.2,1507,1032.5,10.1,6.4,,,,,,,,,,,4.3,-7.5,,,,,,,,,,,,,,,2019,11,47,325,0,0,0,0
239,세종,2019-11-22,9.7,2.9,0725,16.7,1542,,,,,,,3.2,320,0454,2.3,290,0446,0.7,588,70,0.4,30,1412,54.5,6.4,1016.2,1030.6,0001,1025.4,1640,1027.7,10.1,8.1,,,,,,,,,,,9.0,-2.3,,,,,,,,,,,,,,,2019,11,47,326,0,0,0,0
239,세종,2019-11-23,11.3,5.0,0750,17.8,1424,,,,,,0.1,3.9,140,1313,2.4,90,1257,0.6,489,70,5.8,45,1340,71.4,9.2,1012.8,1027.5,0528,1021.6,2357,1024.2,10.0,7.3,,,,,,,,,,,9.3,-0.2,,,,,,,,,,,,,,,2019,11,47,327,0,0,0,1
239,세종,2019-11-24,12.1,7.3,0712,20.9,1503,,,,,,2.9,9.1,340,1905,5.5,340,1818,1.5,1278,320,7.9,50,1420,77.6,10.9,1009.4,1026.0,2357,1016.2,1536,1020.8,10.0,7.2,,,,,,,,,,,12.3,3.7,,,,,,,,,,,,,,,2019,11,47,328,0,0,0,1
239,세종,2019-11-25,2.9,1.1,0843,7.9,0001,,,,,,,7.3,320,0531,4.3,320,0239,1.9,1636,340,-2.8,56,1344,66.4,5.0,1018.1,1031.8,2135,1026.0,0002,1030.0,10.0,0.0,,,,,,,,,,,5.3,-0.8,,,,,,,,,,,,,,,2019,11,48,329,0,0,0,0
239,세종,2019-11-26,7.4,0.3,0603,14.1,1500,,,,,,0.0,4.7,320,2152,3.4,340,2203,0.8,689,340,1.9,45,1551,70.4,7.0,1017.7,1032.0,0934,1026.8,1534,1029.3,10.0,6.4,,,,,,,,,,,7.7,-2.9,,,,,,,,,,,,,,,2019,11,48,330,0,0,0,0
239,세종,2019-11-27,5.1,0.9,2400,8.1,0006,,,,,,,6.1,320,1042,4.5,320,1042,2.1,1849,320,-4.3,29,1222,51.8,4.6,1016.7,1030.2,0934,1026.9,1452,1028.5,10.0,4.3,,,,,,,,,,,6.4,-2.5,,,,,,,,,,,,,,,2019,11,48,331,0,0,0,0
239,세종,2019-11-28,3.9,-1.4,0600,11.2,1418,,,,,,,5.1,360,1650,3.9,340,1705,0.8,671,290,-2.4,42,1420,65.4,5.2,1018.2,1031.6,0903,1028.0,1443,1030.0,9.9,7.0,,,,,,,,,,,4.3,-6.2,,,,,,,,,,,,,,,2019,11,48,332,0,0,0,0
239,세종,2019-11-29,2.2,-2.4,0653,8.9,1441,,,,,,,4.5,340,1632,2.7,20,1327,0.8,681,320,-6.8,18,1318,58.6,3.9,1020.2,1033.4,1022,1030.9,1403,1032.1,9.9,8.0,,,,,,,,,,,3.0,-8.1,,,,,,,,,,,,,,,2019,11,48,333,0,0,0,0
239,세종,2019-11-30,4.6,-2.5,0649,11.8,1512,,,,,,,5.2,320,1416,2.8,290,1440,0.7,608,320,-4.9,28,1445,53.1,4.3,1017.5,1032.7,0225,1026.7,1516,1029.2,9.9,6.6,,,,,,,,,,,4.1,-8.0,,,,,,,,,,,,,,,2019,11,48,334,0,0,0,0
239,세종,2019-12-01,5.8,4.3,0729,7.6,1113,,,,,,8.9,3.5,320,2354,2.4,320,2400,0.4,346,90,2.2,52,0015,79.5,7.3,1010.8,1027.2,0001,1019.0,2215,1022.4,9.9,0.0,,,,,,,,,,,6.1,0.9,,,,,,,,,,,,,,,2019,12,48,335,0,0,0,1
239,세종,2019-12-02,2.5,-1.1,2240,6.3,1344,,,,,,,8.2,340,1106,5.0,320,1059,2.2,1919,320,-4.4,32,1316,61.9,4.5,1011.3,1026.8,2250,1019.4,0001,1023.1,9.9,6.4,,,,,,,,,,,4.3,-3.3,,,,,,,,,,,,,,,2019,12,49,336,0,0,0,0
239,세종,2019-12-03,0.9,-3.2,0723,6.4,1410,,,,,,0.8,4.6,230,1253,3.0,200,1336,1.0,844,320,-2.2,52,1228,81.0,5.3,1014.7,1027.8,0943,1024.9,1410,1026.6,9.9,2.2,,,,,,,,,,,2.4,-5.8,,,,,,,,,,,,,,,2019,12,49,337,0,0,0,1
239,세종,2019-12-04,4.7,0.3,0016,9.7,1403,,,,,,0.0,8.5,340,1530,5.8,340,1531,1.3,1122,290,-2.2,28,1355,65.1,5.3,1017.8,1032.1,2335,1026.7,0131,1029.5,9.8,7.2,,,,,,,,,,,5.2,-1.8,,,,,,,,,,,,,,,2019,12,49,338,0,0,0,0
239,세종,2019-12-05,-1.1,-5.8,2356,3.5,0009,,,,,,,10.8,340,0957,6.9,340,0951,2.8,2417,320,-11.6,17,0957,45.6,2.5,1024.3,1039.5,2339,1031.9,0006,1036.4,9.8,7.6,,,,,,,,,,,1.4,-7.4,,,,,,,,,,,,,,,2019,12,49,339,0,0,0,0
239,세종,2019-12-06,-4.6,-9.4,0742,1.3,1402,,,,,,,6.0,340,1416,3.9,320,1433,1.5,1253,320,-15.7,16,1422,44.3,1.8,1024.3,1039.7,0720,1034.0,1838,1036.6,9.8,7.8,,,,,,,,,,,-1.5,-11.4,,,,,,,,,,,,,,,2019,12,49,340,0,0,0,0
239,세종,2019-12-07,-1.0,-7.7,0731,5.7,1410,,,,,,,3.3,230,1417,1.8,200,1422,0.6,554,320,-6.7,42,1220,66.5,3.8,1018.7,1034.1,0001,1028.4,1439,1030.8,9.8,3.3,,,,,,,,,,,-1.1,-12.1,,,,,,,,,,,,,,,2019,12,49,341,0,0,0,0
239,세종,2019-12-08,0.6,-4.5,0804,6.4,1456,,,,,,,4.1,360,1242,2.9,360,1247,0.7,570,50,-4.1,48,1334,73.1,4.5,1017.5,1031.6,0906,1027.7,1541,1029.4,9.8,6.4,,,,,,,,,,,1.7,-9.2,,,,,,,,,,,,,,,2019,12,49,342,0,0,0,0
239,세종,2019-12-09,3.1,-3.8,0743,9.9,1510,,,,,,,4.2,180,1604,2.5,160,1458,0.6,555,90,-2.1,46,1513,70.6,5.3,1012.8,1028.8,0007,1022.0,1556,1024.6,9.7,5.1,,,,,,,,,,,1.6,-8.7,,,,,,,,,,,,,,,2019,12,50,343,0,0,0,0
239,세종,2019-12-10,8.1,2.6,0324,13.6,1451,,,,,,,5.6,200,1358,2.9,160,1502,0.9,819,180,3.3,57,1456,72.9,7.8,1008.6,1023.0,0001,1018.7,1452,1020.2,9.8,3.6,,,,,,,,,,,4.9,-3.3,,,,,,,,,,,,,,,2019,12,50,344,0,0,0,0
239,세종,2019-12-11,7.2,2.5,2318,11.9,0951,,,,,,,7.1,340,2212,4.4,340,2218,2.1,1794,290,1.0,44,2127,65.9,7.0,1007.3,1024.0,2347,1015.9,1315,1018.8,9.7,2.5,,,,,,,,,,,5.8,-1.3,,,,,,,,,,,,,,,2019,12,50,345,0,0,0,0
239,세종,2019-12-12,1.2,-2.4,2317,5.3,1410,,,,,,,6.3,20,1214,3.9,340,1601,1.7,1506,320,-8.3,30,1700,50.5,3.3,1017.4,1031.9,2238,1023.9,0001,1029.3,9.7,7.8,,,,,,,,,,,2.2,-8.3,,,,,,,,,,,,,,,2019,12,50,346,0,0,0,0
239,세종,2019-12-13,0.4,-5.2,0654,6.2,1340,,,,,,,3.0,20,1442,2.0,20,1502,0.6,512,70,-8.5,20,1337,54.9,3.2,1016.2,1031.7,0223,1024.3,2354,1028.2,9.7,7.5,,,,,,,,,,,0.8,-10.8,,,,,,,,,,,,,,,2019,12,50,347,0,0,0,0
239,세종,2019-12-14,3.1,0.2,0027,8.4,1510,,,,,,0.9,5.0,320,0107,3.2,320,0107,1.3,1117,290,-5.2,19,1508,58.3,4.3,1016.7,1031.1,2240,1023.9,0059,1028.5,9.7,7.5,,,,,,,,,,,3.1,-4.6,,,,,,,,,,,,,,,2019,12,50,348,0,0,0,1
239,세종,2019-12-15,4.9,-2.2,0630,12.0,1407,,,,,,,3.2,160,1326,2.1,160,1328,0.6,510,70,-1.9,41,1428,63.4,5.4,1017.6,1031.9,0911,1027.3,2131,1029.4,9.7,7.3,,,,,,,,,,,2.9,-7.6,,,,,,,,,,,,,,,2019,12,50,349,0,0,0,0
239,세종,2019-12-16,7.7,1.6,0525,14.8,1438,,,,,,,3.2,140,2204,1.9,140,2208,0.5,471,70,1.8,44,1358,67.8,7.0,1011.8,1027.5,0001,1018.6,2319,1023.3,9.7,7.4,,,,,,,,,,,5.8,-4.2,,,,,,,,,,,,,,,2019,12,51,350,0,0,0,0
239,세종,2019-12-17,6.9,5.2,0303,10.3,1525,,,,,,2.2,4.6,340,1046,3.0,320,1053,0.9,811,290,4.8,70,0001,86.8,8.7,1005.3,1020.4,2308,1013.8,1417,1016.8,9.7,0.0,,,,,,,,,,,5.8,0.2,,,,,,,,,,,,,,,2019,12,51,351,0,0,0,1
239,세종,2019-12-18,2.4,-0.5,2359,6.0,1409,,,,,,,4.4,320,2056,2.9,360,1337,1.3,1150,270,-3.3,49,1426,66.6,4.8,1012.7,1026.5,1017,1020.3,0001,1024.5,9.7,3.2,,,,,,,,,,,3.7,-3.0,,,,,,,,,,,,,,,2019,12,51,352,0,0,0,0
239,세종,2019-12-19,0.3,-3.7,0722,5.2,1341,,,,,,,7.7,340,1525,4.9,340,1526,1.4,1169,320,-9.1,23,1334,52.9,3.2,1014.9,1029.0,2221,1025.1,1322,1026.8,9.7,7.8,,,,,,,,,,,1.5,-8.5,,,,,,,,,,,,,,,2019,12,51,353,0,0,0,0
239,세종,2019-12-20,-0.3,-3.1,2358,5.1,1347,,,,,,0.1,5.3,360,1333,3.3,340,1434,1.2,1061,290,-5.8,46,1343,66.9,4.0,1018.2,1032.3,2243,1028.3,0430,1030.1,9.7,4.1,,,,,,,,,,,0.8,-9.0,,,,,,,,,,,,,,,2019,12,51,354,0,0,0,1
239,세종,2019-12-21,-0.5,-5.4,0434,4.6,1545,,,,,,,3.9,270,1415,2.8,320,1426,0.8,655,90,-5.2,50,1326,71.4,4.2,1016.7,1031.6,0001,1025.5,2324,1028.6,9.7,1.4,,,,,,,,,,,-0.4,-9.6,,,,,,,,,,,,,,,2019,12,51,355,0,0,0,0
239,세종,2019-12-22,2.8,-1.3,0026,8.9,1522,,,,,,,2.8,340,1703,1.9,340,1639,0.6,547,320,-2.2,48,1521,70.5,5.2,1009.8,1026.4,0001,1018.7,1519,1021.5,9.7,4.2,,,,,,,,,,,2.1,-6.5,,,,,,,,,,,,,,,2019,12,51,356,0,0,0,0
239,세종,2019-12-23,3.3,0.0,2400,7.4,1230,,,,,,0.2,5.9,320,1354,4.1,340,1606,1.4,1225,290,-1.1,53,1232,74.1,5.7,1011.2,1027.2,2358,1018.6,0046,1022.9,9.7,3.1,,,,,,,,,,,3.4,-6.5,,,,,,,,,,,,,,,2019,12,52,357,0,0,0,1
239,세종,2019-12-24,0.0,-2.7,0827,5.3,1542,,,,,,,3.0,70,1219,1.9,70,1221,0.5,469,320,-3.5,41,1544,78.5,4.8,1015.9,1030.0,1035,1026.2,1600,1027.9,9.7,4.9,,,,,,,,,,,0.7,-8.7,,,,,,,,,,,,,,,2019,12,52,358,0,0,0,0
239,세종,2019-12-25,1.1,-4.3,0428,6.1,1618,,,,,,,2.8,360,2144,1.7,90,0712,0.7,572,90,-3.8,46,1625,72.1,4.6,1012.3,1027.7,0001,1020.3,2359,1024.2,9.7,2.3,,,,,,,,,,,0.6,-9.1,,,,,,,,,,,,,,,2019,12,52,359,0,0,0,0
239,세종,2019-12-26,2.1,0.4,2258,3.2,0001,,,,,,3.2,7.2,340,2154,3.3,320,2235,1.3,1123,320,-2.8,52,0044,70.8,5.0,1006.5,1020.6,2359,1016.2,1408,1018.3,9.7,0.0,,,,,,,,,,,2.2,-3.3,,,,,,,,,,,,,,,2019,12,52,360,0,0,0,1
239,세종,2019-12-27,-0.1,-3.1,0723,4.2,1526,,,,,,,5.2,320,0044,3.7,340,1510,1.4,1174,290,-8.0,33,1458,56.9,3.4,1013.7,1029.1,2342,1020.5,0007,1025.7,9.7,7.6,,,,,,,,,,,0.0,-8.9,,,,,,,,,,,,,,,2019,12,52,361,0,0,0,0
239,세종,2019-12-28,0.3,-5.3,0704,7.2,1523,,,,,,,2.9,70,1347,2.0,70,1400,0.5,456,70,-6.7,32,1533,62.0,3.7,1017.5,1030.7,0940,1028.0,1356,1029.4,9.7,7.7,,,,,,,,,,,-0.2,-10.2,,,,,,,,,,,,,,,2019,12,52,362,0,0,0,0
239,세종,2019-12-29,1.5,-2.1,0344,4.1,1411,,,,,,9.3,3.6,70,2002,2.9,70,2007,0.7,571,90,-2.4,55,1148,76.4,5.2,1014.7,1030.4,0003,1023.1,2343,1026.6,9.7,0.0,,,,,,,,,,,0.8,-8.0,,,,,,,,,,,,,,,2019,12,52,363,0,0,0,1
239,세종,2019-12-30,3.7,-1.1,2359,9.3,1337,,,,,,0.9,9.0,320,1627,5.0,320,1634,1.6,1341,320,0.7,53,1724,82.1,6.7,1012.6,1029.1,2353,1021.3,0356,1024.3,9.7,0.5,,,,,,,,,,,3.9,-2.3,,,,,,,,,,,,,,,2019,12,1,364,0,0,0,1
239,세종,2019-12-31,-5.6,-8.3,2400,-1.1,0001,,,,,,,9.2,290,0314,5.2,320,0159,2.5,2174,320,-14.3,34,1431,51.5,2.1,1022.9,1037.0,0930,1028.9,0006,1035.2,9.7,7.8,,,,,,,,,,,-2.4,-11.3,,,,,,,,,,,,,,,2019,12,1,365,0,0,0,0
239,세종,2020-01-01,-1.6,-8.6,0017,4.0,1401,,,,,,,4.7,270,1313,2.7,250,1313,0.8,653,290,-7.5,44,1304,65.0,3.6,1020.8,1035.7,0001,1031.2,1356,1032.9,9.7,3.5,,,,,,,,,,,-0.7,-11.8,,,,,,,,,,,,,,,2020,1,1,1,0,0,0,0
239,세종,2020-01-02,0.7,-3.1,0648,4.4,1459,,,,,,,3.4,270,1504,2.1,340,0652,0.6,540,340,-3.4,58,1452,74.3,4.7,1018.4,1032.2,0905,1028.9,1820,1030.3,9.7,0.0,,,,,,,,,,,-0.4,-7.9,,,,,,,,,,,,,,,2020,1,1,2,0,0,0,0
239,세종,2020-01-03,1.3,-1.9,2353,6.5,1352,,,,,,,5.5,340,1255,3.2,320,1258,1.0,861,320,-3.7,39,1713,71.1,4.7,1015.9,1029.8,0949,1025.9,1508,1027.8,9.7,6.8,,,,,,,,,,,1.7,-8.4,,,,,,,,,,,,,,,2020,1,1,3,0,0,0,0
239,세종,2020-01-04,0.2,-4.6,0639,7.4,1513,,,,,,,4.1,340,1713,2.6,320,1816,0.8,694,340,-5.3,39,1728,69.1,4.2,1015.1,1029.0,2227,1025.0,1411,1027.0,9.8,4.6,,,,,,,,,,,-0.1,-9.4,,,,,,,,,,,,,,,2020,1,1,4,0,0,0,0
239,세종,2020-01-05,0.6,-5.4,0555,6.5,1351,,,,,,,2.7,110,1343,1.8,110,1438,0.6,502,90,-7.6,26,1417,58.4,3.5,1019.1,1033.1,0935,1028.9,0046,1031.0,9.8,7.2,,,,,,,,,,,-0.1,-10.8,,,,,,,,,,,,,,,2020,1,1,5,0,0,0,0
239,세종,2020-01-06,2.4,-0.6,0128,4.7,2332,,,,,,11.8,3.2,70,2000,2.4,90,2042,1.1,939,90,-0.2,58,0034,83.6,6.2,1014.4,1030.9,0032,1020.6,2359,1026.3,9.8,0.0,,,,,,,,,,,1.6,-6.0,,,,,,,,,,,,,,,2020,1,2,6,0,0,0,1
239,세종,2020-01-07,8.2,4.6,0018,14.3,2100,,,,,,63.3,10.6,180,2226,4.9,200,2140,1.3,1100,90,7.5,91,2228,95.6,10.5,998.9,1020.6,0001,1000.3,2312,1010.3,9.8,0.0,,,,,,,,,,,6.8,4.0,,,,,,,,,,,,,,,2020,1,2,7,0,0,0,1
239,세종,2020-01-08,3.9,2.1,2325,10.8,0001,,,,,,2.8,9.1,270,0359,4.8,180,0017,2.3,1954,290,1.7,70,2303,85.8,7.0,1004.3,1023.8,2239,1000.5,0002,1015.9,9.8,0.0,,,,,,,,,,,4.8,0.9,,,,,,,,,,,,,,,2020,1,2,8,0,0,0,1
239,세종,2020-01-09,0.9,-2.3,2350,4.9,1315,,,,,,,6.0,320,1025,2.9,290,1303,1.3,1127,290,-4.7,47,1425,66.8,4.3,1012.8,1026.4,2218,1022.9,1417,1024.7,9.8,7.4,,,,,,,,,,,2.3,-8.1,,,,,,,,,,,,,,,2020,1,2,9,0,0,0,0
239,세종,2020-01-10,-0.3,-4.3,0635,5.7,1506,,,,,,,3.3,360,1514,2.4,340,1517,0.6,546,180,-5.0,43,1326,72.8,4.2,1012.4,1027.0,0929,1022.3,1559,1024.3,9.8,6.4,,,,,,,,,,,1.2,-8.3,,,,,,,,,,,,,,,2020,1,2,10,0,0,0,0
239,세종,2020-01-11,0.5,-4.0,0555,6.1,1521,,,,,,,5.0,340,1600,3.1,340,1607,1.0,832,320,-4.3,46,1548,70.9,4.4,1009.0,1023.2,0002,1018.7,1521,1020.8,9.9,6.1,,,,,,,,,,,0.5,-8.0,,,,,,,,,,,,,,,2020,1,2,11,0,0,0,0
239,세종,2020-01-12,1.0,-1.5,0733,5.5,1342,,,,,,,6.2,290,1440,3.9,320,1431,1.3,1157,290,-5.9,42,1344,60.3,4.0,1007.3,1021.4,2236,1017.1,1423,1019.1,9.9,5.6,,,,,,,,,,,1.1,-6.5,,,,,,,,,,,,,,,2020,1,2,12,0,0,0,0
239,세종,2020-01-13,-0.4,-3.3,2303,3.2,1249,,,,,,,6.1,340,1322,4.1,340,1328,1.5,1302,320,-8.5,35,1720,55.6,3.3,1011.9,1026.9,2318,1020.7,0100,1023.8,9.9,3.8,,,,,,,,,,,-0.2,-8.8,,,,,,,,,,,,,,,2020,1,3,13,0,0,0,0
239,세종,2020-01-14,-0.5,-3.9,0721,4.0,1411,,,,,,,4.7,20,1440,3.2,340,1559,1.2,1031,140,-8.0,39,1414,57.8,3.3,1014.4,1028.6,2332,1024.1,1406,1026.3,9.9,6.2,,,,,,,,,,,0.2,-8.0,,,,,,,,,,,,,,,2020,1,3,14,0,0,0,0
239,세종,2020-01-15,-1.6,-5.6,0606,2.9,1405,,,,,,,5.6,340,1412,4.0,320,1522,1.1,913,290,-7.8,37,1359,64.4,3.4,1017.0,1030.5,1044,1027.8,1504,1029.1,9.9,7.9,,,,,,,,,,,-1.1,-10.2,,,,,,,,,,,,,,,2020,1,3,15,0,0,0,0
239,세종,2020-01-16,-1.2,-5.7,0429,4.6,1509,,,,,,,4.6,320,1448,2.4,360,1129,1.0,884,70,-10.7,19,1455,54.1,2.8,1015.6,1029.8,0420,1025.3,1616,1027.6,10.0,7.7,,,,,,,,,,,-0.4,-9.9,,,,,,,,,,,,,,,2020,1,3,16,0,0,0,0
239,세종,2020-01-17,-0.5,-4.0,0730,4.7,1531,,,,,,,4.4,340,1735,2.3,340,1749,0.9,756,20,-9.0,32,1347,54.3,3.1,1011.9,1026.2,0001,1021.7,1640,1023.9,10.0,5.6,,,,,,,,,,,-0.1,-9.7,,,,,,,,,,,,,,,2020,1,3,17,0,0,0,0
239,세종,2020-01-18,0.2,-5.5,0814,7.1,1523,,,,,,,4.4,290,1257,2.3,270,2035,0.8,728,290,-9.0,20,1534,54.0,3.1,1010.5,1023.8,1016,1020.4,1613,1022.4,10.0,8.0,,,,,,,,,,,0.1,-10.0,,,,,,,,,,,,,,,2020,1,3,18,0,0,0,0
239,세종,2020-01-19,1.5,-3.6,0331,7.8,1338,,,,,,,6.3,320,1348,3.8,320,1350,1.2,1015,290,-5.1,40,1545,62.4,4.2,1008.4,1022.1,0328,1017.7,1330,1020.2,10.0,4.1,,,,,,,,,,,0.1,-8.6,,,,,,,,,,,,,,,2020,1,3,19,0,0,0,0
239,세종,2020-01-20,2.2,-1.2,2341,7.2,1453,,,,,,,7.2,290,1604,4.9,340,1314,1.8,1527,320,-5.7,28,1403,57.9,4.1,1012.0,1028.9,2340,1021.1,0214,1023.9,10.0,6.9,,,,,,,,,,,2.3,-6.4,,,,,,,,,,,,,,,2020,1,4,20,0,0,0,0
239,세종,2020-01-21,-0.3,-5.6,0723,5.3,1438,,,,,,,4.5,290,0001,3.3,320,0001,0.9,792,90,-12.4,17,1833,41.9,2.4,1018.3,1033.1,1051,1028.3,1608,1030.3,10.1,8.2,,,,,,,,,,,0.4,-11.5,,,,,,,,,,,,,,,2020,1,4,21,0,0,0,0
239,세종,2020-01-22,1.5,-0.9,0004,3.3,2229,,,,,,0.4,3.0,320,1206,2.3,320,1208,0.7,626,90,-5.8,47,1030,58.4,4.0,1013.9,1029.5,0005,1022.4,2316,1025.8,10.1,0.0,,,,,,,,,,,0.3,-5.7,,,,,,,,,,,,,,,2020,1,4,22,0,0,0,1
239,세종,2020-01-23,5.8,2.8,0046,11.8,1349,,,,,,,5.8,340,1550,3.5,320,1449,1.2,1054,320,-4.2,24,1547,50.4,4.5,1012.5,1027.6,2356,1021.8,0211,1024.2,10.1,7.0,,,,,,,,,,,5.2,-3.9,,,,,,,,,,,,,,,2020,1,4,23,0,0,0,0
239,세종,2020-01-24,4.0,-0.5,0704,9.8,1542,,,,,,,3.5,70,1226,2.1,50,1231,0.8,658,20,-3.1,32,1427,62.6,4.9,1018.5,1032.1,0937,1027.5,0016,1030.3,10.1,8.0,,,,,,,,,,,3.4,-6.8,,,,,,,,,,,,,,,2020,1,4,24,0,0,0,0
239,세종,2020-01-25,4.6,0.1,0451,10.2,1433,,,,,,,2.2,320,1642,1.7,320,1641,0.5,454,70,-0.3,54,1413,71.6,6.0,1017.7,1031.2,0001,1027.3,1536,1029.5,10.2,1.8,,,,,,,,,,,2.9,-5.8,,,,,,,,,,,,,,,2020,1,4,25,0,0,0,0
239,세종,2020-01-26,6.1,0.7,0805,11.0,1318,,,,,,,8.1,70,2207,5.4,70,2154,1.7,1498,70,-0.5,39,1551,65.9,5.9,1015.0,1029.2,0234,1024.0,2331,1026.7,10.2,4.4,,,,,,,,,,,4.2,-4.5,,,,,,,,,,,,,,,2020,1,4,26,0,0,0,0
239,세종,2020-01-27,5.5,2.9,2340,7.9,1233,,,,,,3.0,8.5,140,0048,4.9,70,0125,2.6,2280,50,-0.4,45,1231,67.6,6.0,1008.0,1024.6,0023,1016.7,1430,1019.6,10.2,0.0,,,,,,,,,,,4.5,2.5,,,,,,,,,,,,,,,2020,1,5,27,0,0,0,1
239,세종,2020-01-28,6.4,2.8,0719,10.4,1630,,,,,,,4.1,340,1610,2.3,360,1627,0.9,780,360,0.7,48,1632,68.5,6.4,1006.3,1018.9,1034,1016.7,1608,1017.9,10.3,0.7,,,,,,,,,,,5.9,0.7,,,,,,,,,,,,,,,2020,1,5,28,0,0,0,0
239,세종,2020-01-29,6.5,4.4,0716,10.1,1446,,,,,,,4.6,320,1939,3.2,340,2007,1.4,1218,20,-2.1,40,1645,54.6,5.3,1004.2,1018.3,0023,1013.6,1642,1015.7,10.3,1.5,,,,,,,,,,,6.0,1.5,,,,,,,,,,,,,,,2020,1,5,29,0,0,0,0
239,세종,2020-01-30,5.6,2.5,0551,10.4,1318,,,,,,,4.8,320,1346,3.3,320,1349,0.9,806,290,-3.3,31,1312,54.4,4.8,1003.6,1017.8,2344,1013.5,1340,1015.2,10.3,5.6,,,,,,,,,,,4.7,-3.6,,,,,,,,,,,,,,,2020,1,5,30,0,0,0,0
239,세종,2020-01-31,3.3,-0.4,2353,8.8,1359,,,,,,,4.9,340,1242,3.2,290,1155,1.1,979,290,-2.5,43,1518,67.0,5.1,1008.9,1023.8,2229,1017.4,0041,1020.6,10.4,3.6,,,,,,,,,,,4.8,-7.3,,,,,,,,,,,,,,,2020,1,5,31,0,0,0,0
239,세종,2020-02-01,1.5,-4.3,0635,7.2,1551,,,,,,,3.5,320,1211,2.4,270,2125,0.9,771,340,-2.5,56,1447,75.6,5.1,1013.6,1027.0,1039,1023.7,0010,1025.4,10.4,1.9,,,,,,,,,,,1.6,-9.1,,,,,,,,,,,,,,,2020,2,5,32,1,1,0,0
239,세종,2020-02-02,1.3,-3.7,0801,6.6,1543,,,,,,,4.1,340,1357,2.3,290,1241,0.9,762,270,-4.9,33,1511,67.4,4.3,1014.5,1028.1,0944,1024.4,1629,1026.3,10.4,6.2,,,,,,,,,,,1.9,-9.0,,,,,,,,,,,,,,,2020,2,5,33,1,1,0,0
239,세종,2020-02-03,0.8,-2.7,2230,5.2,1448,,,,,,,7.3,360,1227,4.8,340,1228,1.9,1673,320,-8.2,33,1237,52.6,3.4,1015.8,1029.9,2327,1025.2,0332,1027.7,10.4,8.4,,,,,,,,,,,2.9,-10.8,,,,,,,,,,,,,,,2020,2,6,34,1,1,0,0
239,세종,2020-02-04,-0.4,-6.7,0601,5.8,1520,,,,,,0.9,7.4,340,2337,3.7,320,2345,1.2,1038,290,-8.0,25,1336,59.4,3.4,1015.5,1030.2,0829,1024.2,1626,1027.5,10.5,8.8,,,,,,,,,,,1.3,-12.2,,,,,,,,,,,,,,,2020,2,6,35,1,1,0,1
239,세종,2020-02-05,-5.7,-8.2,2313,-0.7,0001,,,,,,0.0,8.7,340,0211,5.3,340,0211,2.9,2470,320,-16.3,25,1452,44.1,1.7,1019.9,1034.9,2316,1027.3,0001,1032.2,10.5,8.8,,,,,,,,,,,0.1,-11.8,,,,,,,,,,,,,,,2020,2,6,36,1,1,0,0
239,세종,2020-02-06,-5.6,-10.9,0647,-0.6,1512,,,,,,,4.2,340,0339,3.2,340,0343,1.2,1022,290,-16.6,20,1525,43.8,1.7,1022.0,1037.1,1023,1032.6,1611,1034.3,10.5,7.5,,,,,,,,,,,-2.6,-14.3,,,,,,,,,,,,,,,2020,2,6,37,1,1,0,0
239,세종,2020-02-07,-1.9,-7.7,0414,3.4,1425,,,,,,,6.0,290,1410,4.6,340,1413,1.0,855,320,-10.2,33,1318,54.1,2.9,1018.2,1033.1,0132,1027.9,1709,1030.2,10.6,5.6,,,,,,,,,,,-0.5,-13.0,,,,,,,,,,,,,,,2020,2,6,38,1,1,0,0
239,세종,2020-02-08,0.9,-2.3,2359,5.1,1300,,,,,,,7.9,320,1435,5.4,340,1335,2.1,1792,320,-8.8,27,1457,50.4,3.2,1016.0,1029.5,2346,1026.0,1448,1028.0,10.6,7.8,,,,,,,,,,,2.4,-9.2,,,,,,,,,,,,,,,2020,2,6,39,1,1,0,0
239,세종,2020-02-09,-0.4,-7.3,0635,5.7,1500,,,,,,,6.7,200,1419,3.3,290,1514,1.1,957,320,-8.6,27,1342,57.0,3.2,1014.4,1029.8,0102,1023.6,2221,1026.4,10.7,8.9,,,,,,,,,,,0.9,-13.4,,,,,,,,,,,,,,,2020,2,6,40,1,1,0,0
239,세종,2020-02-10,4.3,-1.7,0005,11.8,1512,,,,,,,5.9,320,1543,3.7,340,1551,1.4,1184,320,-6.3,19,1618,49.6,3.9,1013.0,1028.2,2334,1022.6,0356,1024.7,10.7,8.6,,,,,,,,,,,3.8,-7.5,,,,,,,,,,,,,,,2020,2,7,41,1,1,0,0
239,세종,2020-02-11,6.4,-2.5,0740,14.7,1444,,,,,,,4.5,200,1537,2.5,230,1521,0.7,597,90,-6.9,15,1517,42.9,3.7,1015.9,1029.9,0904,1025.3,2346,1027.6,10.7,8.6,,,,,,,,,,,4.4,-9.9,,,,,,,,,,,,,,,2020,2,7,42,1,1,0,0
239,세종,2020-02-12,6.5,3.7,0652,8.8,1841,,,,,,12.8,5.4,140,2009,3.6,160,2016,0.8,709,140,4.6,36,0021,89.1,8.7,1005.8,1025.3,0001,1013.1,1656,1017.3,10.8,0.0,,,,,,,,,,,5.9,3.3,,,,,,,,,,,,,,,2020,2,7,43,1,0,0,1
239,세종,2020-02-13,7.4,4.2,2353,9.8,1245,,,,,,,4.0,250,0034,2.5,140,1225,0.9,802,160,5.5,71,1333,88.1,9.0,1008.3,1021.9,2233,1015.5,0001,1019.8,10.8,0.4,,,,,,,,,,,7.1,-1.7,,,,,,,,,,,,,,,2020,2,7,44,1,0,0,0
239,세종,2020-02-14,6.4,2.7,0651,12.5,1611,,,,,,,3.2,90,1107,2.3,90,1111,0.7,568,70,3.1,51,1642,81.4,7.6,1009.9,1023.3,2327,1019.3,1636,1021.5,10.8,4.0,,,,,,,,,,,6.7,-1.5,,,,,,,,,,,,,,,2020,2,7,45,1,0,0,0
239,세종,2020-02-15,9.3,2.6,0734,15.4,1302,,,,,,1.4,4.6,160,1758,3.0,70,1240,1.0,873,20,4.3,48,1303,74.4,8.4,1006.7,1023.2,0003,1013.0,2345,1018.1,10.9,4.5,,,,,,,,,,,6.4,-3.4,,,,,,,,,,,,,,,2020,2,7,46,1,0,0,1
239,세종,2020-02-16,-0.1,-2.8,2352,7.0,0001,,,,,,8.7,7.9,290,1436,4.2,290,1443,2.3,1985,290,-2.9,64,1530,81.1,5.0,1003.3,1017.5,2359,1012.2,0103,1015.1,10.9,1.4,,,,,,,,,,,3.9,-3.1,,,,,,,,,,,,,,,2020,2,7,47,1,1,0,1
239,세종,2020-02-17,-3.9,-6.2,2334,-1.1,1203,,,,,,1.5,8.6,340,1341,5.6,340,1348,2.3,1996,320,-8.3,51,1212,72.1,3.3,1007.2,1024.5,2350,1016.8,1430,1019.3,10.9,4.5,,,,,,,,,,,1.1,-8.3,,,,,,,,,,,,,,,2020,2,8,48,1,1,0,1
239,세종,2020-02-18,-2.4,-7.7,0706,4.1,1603,,,,,,0.2,6.5,320,1610,3.4,320,1616,1.3,1107,290,-9.3,28,1649,62.1,3.0,1016.2,1030.8,2334,1024.5,0001,1028.2,11.0,9.4,,,,,,,,,,,2.6,-9.9,,,,,,,,,,,,,,,2020,2,8,49,1,1,0,1
239,세종,2020-02-19,1.2,-4.5,0713,7.8,1521,,,,,,,3.8,360,1431,2.6,50,1449,0.8,660,50,-4.7,41,1259,66.0,4.3,1018.8,1032.0,0907,1029.1,1526,1030.7,11.0,4.8,,,,,,,,,,,2.6,-10.4,,,,,,,,,,,,,,,2020,2,8,50,1,1,0,0
239,세종,2020-02-20,4.9,-1.5,0720,11.7,1507,,,,,,,3.3,90,1343,2.4,340,1907,0.7,612,90,-1.5,39,1505,65.9,5.5,1022.0,1035.4,2045,1031.1,0001,1033.8,11.0,8.9,,,,,,,,,,,4.4,-8.3,,,,,,,,,,,,,,,2020,2,8,51,1,1,0,0
239,세종,2020-02-21,6.6,0.1,0620,13.8,1542,,,,,,1.9,7.0,250,1339,4.0,200,1357,1.0,905,160,1.1,36,1340,70.5,6.8,1018.5,1035.5,0232,1023.3,2356,1030.1,11.1,5.3,,,,,,,,,,,5.6,-6.7,,,,,,,,,,,,,,,2020,2,8,52,1,0,0,1
239,세종,2020-02-22,5.6,1.2,2254,9.7,1442,,,,,,1.9,9.9,320,1259,5.4,290,1325,2.6,2237,290,-3.1,24,1255,57.0,5.2,1014.8,1031.0,2347,1022.4,0321,1026.5,11.1,7.9,,,,,,,,,,,6.6,-2.9,,,,,,,,,,,,,,,2020,2,8,53,1,0,0,1
239,세종,2020-02-23,3.1,-2.0,0710,9.3,1603,,,,,,,5.3,320,1436,3.0,340,1331,1.3,1161,160,-7.6,23,1449,47.8,3.5,1018.1,1032.6,0932,1027.3,1646,1029.9,11.1,9.5,,,,,,,,,,,4.1,-9.4,,,,,,,,,,,,,,,2020,2,8,54,1,1,0,0
239,세종,2020-02-24,6.5,-2.6,0649,15.3,1540,,,,,,0.2,4.6,140,1522,2.7,160,1459,0.9,737,50,-3.7,18,1549,51.9,4.7,1013.2,1028.6,0024,1021.8,2153,1024.8,11.2,8.5,,,,,,,,,,,6.5,-9.3,,,,,,,,,,,,,,,2020,2,9,55,1,1,0,1
239,세종,2020-02-25,6.3,5.1,0530,8.3,0001,,,,,,54.5,6.2,320,1322,3.7,340,1324,1.8,1540,70,5.1,62,0001,92.4,8.8,1005.8,1022.2,0001,1013.9,1338,1017.3,11.2,0.0,,,,,,,,,,,5.9,4.8,,,,,,,,,,,,,,,2020,2,9,56,1,0,0,1
239,세종,2020-02-26,7.1,3.1,2400,13.8,1417,,,,,,,6.7,340,1643,4.5,340,1646,1.7,1435,320,1.5,45,1459,69.3,6.9,1011.7,1026.4,2354,1019.8,0001,1023.3,11.3,7.0,,,,,,,,,,,8.1,-3.3,,,,,,,,,,,,,,,2020,2,9,57,1,0,0,0
239,세종,2020-02-27,5.6,0.3,0603,11.1,1615,,,,,,,4.3,70,1320,3.0,90,1251,0.9,778,70,-1.4,32,1628,64.6,5.6,1016.4,1029.9,0843,1026.3,0001,1028.1,11.3,8.3,,,,,,,,,,,7.4,-5.3,,,,,,,,,,,,,,,2020,2,9,58,1,0,0,0
239,세종,2020-02-28,4.6,2.9,0156,6.1,1727,,,,,,5.7,2.7,70,2105,2.0,70,2108,1.0,891,70,2.0,66,0839,83.4,7.1,1011.6,1027.7,0018,1019.9,2355,1023.3,11.3,0.0,,,,,,,,,,,4.4,-3.6,,,,,,,,,,,,,,,2020,2,9,59,1,0,0,1
239,세종,2020-02-29,7.3,4.2,0523,13.1,1416,,,,,,,4.0,50,1557,2.6,340,1649,1.0,842,70,2.6,46,1548,74.5,7.4,1006.8,1020.1,0001,1016.5,1517,1018.4,11.4,5.5,,,,,,,,,,,8.7,-2.9,,,,,,,,,,,,,,,2020,2,9,60,1,0,0,0
239,세종,2020-03-01,5.6,2.0,0715,10.5,1243,,,,,,,5.6,200,1620,3.2,230,1252,1.2,1053,230,2.1,65,1244,79.4,7.2,1007.8,1021.3,2330,1017.1,1431,1019.4,11.4,1.5,,,,,,,,,,,6.2,-3.9,,,,,,,,,,,,,,,2020,3,9,61,1,0,0,0
239,세종,2020-03-02,4.5,1.5,0706,9.6,1503,,,,,,,6.9,320,1045,4.6,340,1046,2.3,1967,320,-4.8,25,1400,52.5,4.3,1012.5,1026.9,2205,1021.1,0002,1024.3,11.5,9.5,,,,,,,,,,,7.5,-2.3,,,,,,,,,,,,,,,2020,3,10,62,1,0,0,0
239,세종,2020-03-03,6.2,-0.6,0451,13.8,1403,,,,,,,6.1,230,1311,3.0,230,1315,1.4,1213,90,-1.3,38,1427,60.4,5.6,1012.7,1027.1,0832,1021.0,1708,1024.4,11.5,5.8,,,,,,,,,,,6.5,-7.0,,,,,,,,,,,,,,,2020,3,10,63,1,1,0,0
239,세종,2020-03-04,2.9,-0.6,1921,7.9,1215,,,,,,,9.5,320,1537,5.7,320,1537,2.6,2210,320,-5.5,30,1224,55.6,4.1,1011.6,1025.6,2307,1021.7,1437,1023.4,11.5,8.2,,,,,,,,,,,6.4,-2.2,,,,,,,,,,,,,,,2020,3,10,64,1,1,0,0
239,세종,2020-03-05,2.1,-1.8,0605,9.0,1520,,,,,,,5.4,340,1357,4.0,320,1854,1.6,1400,290,-8.8,20,1548,47.6,3.2,1014.1,1028.4,1043,1023.9,1649,1025.9,11.6,9.2,,,,,,,,,0.0,,5.5,-8.2,,,,,,,,,,,,,,,2020,3,10,65,1,1,0,0
239,세종,2020-03-06,3.5,-4.4,0654,11.3,1620,,,,,,,3.8,20,1250,2.6,140,1410,0.9,790,70,-8.4,13,1618,46.6,3.3,1011.2,1026.2,0243,1019.3,1747,1023.0,11.6,9.6,,,,,,,,,3.6,,6.2,-12.5,,,,,,,,,,,,,,,2020,3,10,66,1,1,0,0
239,세종,2020-03-07,5.5,1.6,0451,10.1,1559,,,,,,,3.4,200,1811,2.1,90,1333,0.7,626,70,-2.6,40,1145,56.8,5.1,1007.2,1020.9,0001,1016.8,1424,1018.8,11.6,0.3,,,,,,,,,7.1,,5.0,-5.2,,,,,,,,,,,,,,,2020,3,10,67,1,0,0,0
239,세종,2020-03-08,8.0,-0.7,0654,17.3,1552,,,,,,,4.1,50,1328,2.7,70,1330,0.8,724,70,-1.4,21,1505,57.9,5.6,1007.7,1022.2,0856,1016.7,1553,1019.2,11.7,9.6,,,,,,,,,0.9,,8.9,-8.1,,,,,,,,,,,,,,,2020,3,10,68,1,1,0,0
239,세종,2020-03-09,9.4,2.5,0650,16.0,1437,,,,,,1.1,3.4,160,1444,2.4,320,2300,0.8,705,70,1.1,32,1607,58.9,6.7,1002.8,1019.3,0132,1010.2,2348,1014.2,11.7,5.2,,,,,,,,,8.9,,9.6,-4.8,,,,,,,,,,,,,,,2020,3,11,69,1,0,0,1
239,세종,2020-03-10,6.2,3.2,2317,8.8,0004,,,,,,6.3,5.4,230,1640,3.2,290,1617,1.7,1479,290,3.0,58,2400,80.9,7.8,997.3,1013.3,2357,1006.2,1409,1008.7,11.8,0.0,,,,,,,,,7.4,,5.9,-0.9,,,,,,,,,,,,,,,2020,3,11,70,1,0,0,1
239,세종,2020-03-11,4.7,0.8,0644,9.1,1352,,,,,,,9.6,340,1537,6.1,340,1544,2.2,1919,290,-8.1,18,1651,41.5,3.4,1007.7,1023.9,2343,1013.3,0001,1019.4,11.8,9.9,,,,,,,,,0.0,,4.6,-5.6,,,,,,,,,,,,,,,2020,3,11,71,1,0,0,0
239,세종,2020-03-12,6.3,-2.0,0644,15.0,1449,,,,,,,6.6,270,1205,4.0,160,1504,1.3,1081,180,-8.1,14,1344,41.3,3.4,1011.0,1024.7,0134,1019.3,1504,1022.6,11.8,9.9,,,,,,,,,0.3,0.0,6.4,-9.6,,,,,,,,,,,,,,,2020,3,11,72,1,1,0,0
239,세종,2020-03-13,5.6,1.1,2345,11.3,1406,,,,,,,6.9,340,1447,4.8,340,1453,2.2,1899,320,-8.4,9,1517,42.4,3.7,1010.4,1024.2,0927,1019.8,1655,1022.1,11.9,6.0,,,,,,,,,6.4,4.6,7.3,-4.0,,,,,,,,,,,,,,,2020,3,11,73,1,0,0,0
239,세종,2020-03-14,4.7,-2.5,0646,10.9,1408,,,,,,,7.5,320,1350,4.3,320,1446,1.9,1634,290,-7.2,21,1241,43.6,3.7,1005.1,1021.9,0019,1013.6,1608,1016.7,11.9,10.0,,,,,,,,,2.1,1.1,6.6,-10.3,,,,,,,,,,,,,,,2020,3,11,74,1,1,0,0
239,세종,2020-03-15,4.8,1.1,0646,11.9,1118,,,,,,,9.5,320,1323,6.2,320,1422,2.6,2284,290,-6.1,21,1308,48.0,4.1,1001.5,1018.3,2358,1009.7,1501,1013.0,11.9,8.7,,,,,,,,,3.4,1.1,6.6,-6.6,,,,,,,,,,,,,,,2020,3,11,75,1,0,0,0
239,세종,2020-03-16,4.2,-1.8,0702,10.6,1550,,,,,,,5.9,290,1317,4.2,160,1659,1.7,1489,180,-7.8,19,1840,44.3,3.4,1010.9,1025.4,0911,1018.3,0001,1022.6,12.0,10.1,,,,,,,,,0.1,0.0,6.7,-9.8,,,,,,,,,,,,,,,2020,3,12,76,1,1,0,0
239,세종,2020-03-17,6.5,0.7,0316,12.1,1308,,,,,,,6.3,250,1309,3.3,250,1348,1.4,1202,200,1.4,57,1103,70.6,6.9,1005.5,1021.6,0001,1014.0,1629,1017.1,12.0,1.0,,,,,,,,,5.6,4.6,5.2,-4.4,,,,,,,,,,,,,,,2020,3,12,77,1,0,0,0
239,세종,2020-03-18,10.5,2.3,0658,18.0,1535,,,,,,,5.4,160,1455,3.2,160,1248,1.3,1137,160,-2.3,14,1451,52.4,5.5,1002.9,1018.6,0855,1010.0,2400,1014.2,12.1,7.9,,,,,,,,,3.3,3.3,10.4,-3.9,,,,,,,,,,,,,,,2020,3,12,78,1,0,0,0
239,세종,2020-03-19,10.2,5.8,2122,14.2,0652,,,,,,,10.4,320,1518,5.6,290,1626,3.4,2895,290,-1.4,23,1534,45.5,5.8,997.4,1014.8,2351,1003.6,0653,1008.7,12.1,5.7,,,,,,,,,4.4,2.1,9.5,2.2,,,,,,,,,,,,,,,2020,3,12,79,1,0,0,0
239,세종,2020-03-20,9.1,2.9,0711,16.3,1359,,,,,,,6.6,180,1504,3.9,160,1354,1.6,1371,200,-5.3,16,1426,39.0,4.2,1003.6,1016.7,0709,1013.2,2006,1015.0,12.1,10.3,,,,,,,,,0.5,0.1,10.6,-3.9,,,,,,,,,,,,,,,2020,3,12,80,1,0,0,0
239,세종,2020-03-21,13.2,4.5,0632,21.9,1521,,,,,,,7.2,200,1535,3.7,160,1156,1.7,1508,160,3.4,37,0957,52.4,8.2,1000.9,1015.4,0839,1008.4,1753,1012.1,12.2,8.6,,,,,,,,,3.4,1.4,12.8,-2.7,,,,,,,,,,,,,,,2020,3,12,81,1,0,0,0
239,세종,2020-03-22,12.2,7.2,2350,19.0,1422,,,,,,,8.8,320,1704,5.9,340,1706,2.4,2070,320,-1.7,13,1348,44.5,6.0,1003.3,1018.4,2351,1011.4,0001,1014.5,12.2,10.3,,,,,,,,,1.8,1.8,15.0,1.5,,,,,,,,,,,,,,,2020,3,12,82,1,0,0,0
239,세종,2020-03-23,10.2,2.2,0719,18.4,1517,,,,,,,6.6,270,1547,4.4,290,1618,1.7,1479,290,-2.4,16,1547,43.8,5.2,1006.8,1019.9,0841,1015.0,1614,1018.1,12.3,10.4,,,,,,,,,0.1,0.1,12.5,-4.7,,,,,,,,,,,,,,,2020,3,13,83,1,0,0,0
239,세종,2020-03-24,10.3,0.3,0638,18.7,1446,,,,,,,4.5,340,1731,2.7,70,1408,1.3,1084,290,-0.9,18,1313,54.5,5.9,1009.4,1023.0,0852,1018.4,1646,1020.8,12.3,8.5,,,,,,,,,0.8,0.8,12.6,-3.6,,,,,,,,,,,,,,,2020,3,13,84,1,0,0,0
239,세종,2020-03-25,12.7,4.0,0628,21.2,1503,,,,,,,6.0,340,1917,4.5,340,1923,1.2,1064,70,0.0,21,1624,45.0,6.1,1009.1,1023.1,0915,1017.6,1711,1020.4,12.3,10.5,,,,,,,,,2.8,1.1,14.3,-4.2,,,,,,,,,,,,,,,2020,3,13,85,1,0,0,0
239,세종,2020-03-26,13.3,8.1,0616,18.9,1341,,,,,,0.2,5.4,160,1131,4.3,160,1132,1.3,1094,90,7.4,43,1002,69.1,10.6,1004.5,1019.7,0206,1011.7,2355,1015.7,12.4,1.3,,,,,,,,,9.8,6.9,13.0,2.1,,,,,,,,,,,,,,,2020,3,13,86,1,0,0,1
239,세종,2020-03-27,10.9,4.9,2350,14.1,1508,,,,,,15.0,6.4,290,1428,3.8,290,1436,1.4,1232,290,6.1,48,1704,74.6,10.2,1003.0,1021.5,2334,1009.6,0510,1014.3,12.4,1.9,,,,,,,,,6.8,5.1,12.1,0.6,,,,,,,,,,,,,,,2020,3,13,87,1,0,0,1
239,세종,2020-03-28,7.3,4.2,2354,11.7,1609,,,,,,,7.8,340,0746,5.0,340,0748,2.4,2085,340,-10.6,16,1536,27.8,2.8,1010.0,1023.6,0809,1019.0,1609,1021.6,12.5,4.7,,,,,,,,,7.6,2.8,8.3,-2.1,,,,,,,,,,,,,,,2020,3,13,88,1,0,0,0
239,세종,2020-03-29,8.2,-0.3,0628,16.1,1502,,,,,,,4.8,70,1150,3.3,70,1219,1.1,985,290,-3.4,23,1515,45.9,4.8,1010.3,1024.5,0708,1018.9,1653,1021.8,12.5,9.3,,,,,,,,,4.4,1.5,11.7,-7.4,,,,,,,,,,,,,,,2020,3,13,89,1,1,0,0
239,세종,2020-03-30,10.9,4.1,0658,18.0,1424,,,,,,,5.2,20,1434,3.2,360,1406,1.2,1059,290,-1.3,25,1609,44.5,5.6,1009.2,1022.5,0949,1017.7,1636,1020.6,12.5,10.5,,,,,,,,,2.3,1.0,14.1,-2.2,,,,,,,,,,,,,,,2020,3,14,90,1,0,0,0
239,세종,2020-03-31,11.5,3.1,0536,20.3,1432,,,,,,,6.5,340,1335,3.9,340,1410,1.4,1233,290,-4.1,16,1450,37.6,4.6,1006.2,1021.8,0215,1013.7,1654,1017.5,12.6,10.2,,,,,,,,,3.9,1.5,13.8,-3.2,,,,,,,,,,,,,,,2020,3,14,91,1,0,0,0
239,세종,2020-04-01,10.6,4.9,2349,19.0,1352,,,,,,,7.1,290,1441,4.6,290,1445,1.8,1549,290,-3.6,17,1649,38.5,4.8,1004.0,1020.0,2246,1012.3,1509,1015.3,12.6,6.6,,,,,,,,,4.4,2.1,13.0,0.2,,,,,,,,,,,,,,,2020,4,14,92,1,0,0,0
239,세종,2020-04-02,9.3,2.0,0631,17.4,1544,,,,,,,6.9,320,1501,3.7,320,1509,1.5,1316,70,-3.3,13,1555,44.9,4.8,1011.2,1024.7,0948,1019.9,0001,1022.6,12.6,10.3,,,,,,,,,1.8,0.9,12.6,-4.6,,,,,,,,,,,,,,,2020,4,14,93,1,0,0,0
239,세종,2020-04-03,9.7,1.9,0453,18.2,1429,,,,,,,7.3,230,1350,3.4,360,1104,1.6,1360,320,-3.6,19,1345,43.0,4.8,1010.4,1024.6,0716,1018.5,1522,1021.8,12.7,10.5,,,,,,,,,0.0,0.0,13.2,-5.0,,,,,,,,,,,,,,,2020,4,14,94,1,0,0,0
239,세종,2020-04-04,8.5,4.6,0638,15.4,1240,,,,,,,8.7,340,1712,5.8,340,1718,2.5,2202,320,-5.3,15,1547,43.4,4.6,1008.6,1022.9,2250,1017.7,1359,1020.1,12.7,10.0,,,,,,,,,0.8,0.4,12.3,-1.4,,,,,,,,,,,,,,,2020,4,14,95,1,0,0,0
239,세종,2020-04-05,7.7,1.5,0616,15.4,1455,,,,,,,6.9,320,1512,4.1,250,1416,1.7,1471,290,-10.4,11,1414,29.8,2.9,1011.3,1024.5,0950,1020.4,1549,1022.9,12.8,10.8,,,,,,,,,0.0,0.0,11.6,-8.3,,,,,,,,,,,,,,,2020,4,14,96,1,0,0,0
239,세종,2020-04-06,9.0,-0.8,0614,18.1,1517,,,,,,,5.2,290,1840,3.6,340,1527,1.3,1136,70,-5.6,10,1518,42.4,4.2,1009.8,1024.2,0025,1017.1,1702,1021.2,12.8,10.2,,,,,,,,,3.6,1.3,12.9,-7.7,,,,,,,,,,,,,,,2020,4,15,97,1,1,0,0
239,세종,2020-04-07,10.8,3.3,0641,19.5,1502,,,,,,,5.5,290,1531,3.2,290,1334,1.4,1172,290,0.9,25,0001,52.5,6.8,1005.4,1019.8,0001,1013.7,1611,1016.7,12.8,10.7,,,,,,,,,2.4,1.4,14.1,-3.4,,,,,,,,,,,,,,,2020,4,15,98,1,0,0,0
239,세종,2020-04-08,9.1,2.4,0534,14.5,1415,,,,,,,10.6,340,1330,7.3,340,1330,2.7,2305,320,-7.8,6,1243,35.8,3.7,1007.8,1022.4,2239,1017.1,0023,1019.2,12.9,11.0,,,,,,,,,0.0,0.0,13.2,-3.3,,,,,,,,,,,,,,,2020,4,15,99,1,0,0,0
239,세종,2020-04-09,8.9,1.6,0631,15.7,1452,,,,,,,7.5,290,1159,3.8,320,1429,1.6,1387,320,-3.7,19,1510,43.9,4.7,1011.3,1025.8,2357,1020.7,1545,1022.7,12.9,10.9,,,,,,,,,4.1,2.5,13.4,-5.2,,,,,,,,,,,,,,,2020,4,15,100,1,0,0,0
239,세종,2020-04-10,10.2,4.6,0517,16.8,1521,,,,,,,5.7,250,1508,3.8,160,1502,1.4,1216,180,-1.8,19,1446,45.9,5.4,1013.3,1026.8,0930,1022.5,1521,1024.8,13.0,10.4,,,,,,,,,4.8,3.1,15.2,-1.6,,,,,,,,,,,,,,,2020,4,15,101,1,0,0,0
239,세종,2020-04-11,8.3,3.0,0608,14.1,1446,,,,,,,5.8,340,1327,3.4,320,1300,1.2,1048,270,-0.5,24,1400,58.1,6.0,1008.9,1025.3,0001,1017.2,2355,1020.4,13.0,3.5,,,,,,,,,7.4,3.6,12.5,-1.6,,,,,,,,,,,,,,,2020,4,15,102,1,0,0,0
239,세종,2020-04-12,8.1,1.6,0429,16.2,1407,0.7,1649,0.8,1601,,0.8,7.4,90,1441,5.6,70,1441,1.5,1335,50,1.5,33,1410,65.4,6.9,1002.7,1017.2,0001,1011.5,1423,1014.1,13.0,6.7,,,,,,,,,2.8,1.3,10.4,-4.6,,,,,,,,,,,,,,,2020,4,15,103,1,0,0,1
239,세종,2020-04-13,10.7,4.4,0612,17.1,1555,,,,,,,8.9,320,1535,5.2,340,1543,2.5,2170,320,-4.4,17,1508,37.0,4.4,1003.0,1017.1,2306,1012.3,1504,1014.4,13.1,9.3,,,,,,,,,2.5,0.1,13.6,-1.3,,,,,,,,,,,,,,,2020,4,16,104,1,0,0,0
239,세종,2020-04-14,12.3,3.2,0528,21.5,1540,,,,,,,5.7,270,1355,3.2,290,1355,1.4,1168,290,-4.1,10,1603,38.0,4.7,1005.9,1019.3,0723,1014.6,1629,1017.2,13.1,11.7,,,,,,,,,1.8,0.4,15.9,-4.2,,,,,,,,,,,,,,,2020,4,16,105,1,0,0,0
239,세종,2020-04-15,12.5,3.8,0616,21.3,1522,,,,,,,5.3,320,1712,4.1,340,1721,1.3,1140,340,-3.6,15,1412,36.8,4.8,1004.1,1017.7,0010,1012.4,1605,1015.3,13.1,10.1,,,,,,,,,6.6,1.1,14.7,-3.4,,,,,,,,,,,,,,,2020,4,16,106,1,0,0,0
239,세종,2020-04-16,15.7,5.9,0551,23.3,1530,,,,,,,6.0,90,1348,3.8,70,1658,1.6,1410,90,1.0,20,1455,39.6,6.6,1005.6,1019.2,0938,1013.8,1627,1016.8,13.2,11.0,,,,,,,,,3.9,1.5,18.3,-1.3,,,,,,,,,,,,,,,2020,4,16,107,1,0,0,0
239,세종,2020-04-17,13.0,9.2,0705,19.8,1555,1.0,614,3.2,553,,5.1,7.3,320,1537,4.0,90,0229,2.1,1794,70,7.4,43,0001,70.4,10.3,1001.9,1017.8,0049,1009.6,1550,1013.1,13.2,3.6,,,,,,,,,6.5,3.4,13.4,7.1,,,,,,,,,,,,,,,2020,4,16,108,1,0,0,1
239,세종,2020-04-18,13.3,9.0,0556,20.3,1442,0.1,,0.1,,,0.2,7.3,320,1337,4.4,340,1310,1.7,1442,290,6.2,33,1427,65.5,9.5,1005.3,1019.7,2213,1012.0,0001,1016.5,13.2,8.5,,,,,,,,,,,18.4,4.5,,,,,,,,,,,,,,,2020,4,16,109,1,0,0,1
239,세종,2020-04-19,11.1,8.4,0321,14.1,1017,0.9,1603,3.4,1525,,11.5,7.0,50,1203,4.8,70,1211,1.8,1583,70,7.6,57,1212,80.4,10.4,1002.9,1019.4,0001,1009.5,2211,1014.2,13.3,0.1,,,,,,,,,8.8,1.8,11.6,4.9,,,,,,,,,,,,,,,2020,4,16,110,1,0,0,1
239,세종,2020-04-20,10.8,7.0,2341,16.5,1323,,,,,,,7.1,250,1819,3.8,160,1236,1.7,1501,270,5.7,52,1300,72.3,9.3,1000.8,1015.7,2339,1009.4,0245,1012.1,13.3,3.2,,,,,,,,,7.3,4.5,12.6,3.3,,,,,,,,,,,,,,,2020,4,17,111,1,0,0,0
239,세종,2020-04-21,7.9,4.2,2352,13.2,1130,,,,,,,9.6,270,1158,5.3,320,1323,2.7,2318,290,-4.1,19,1415,45.9,4.8,1004.6,1019.2,2156,1014.3,0610,1016.1,13.3,11.7,,,,,,,,,4.4,2.3,13.3,-0.5,,,,,,,,,,,,,,,2020,4,17,112,1,0,0,0
239,세종,2020-04-22,6.4,3.5,0510,10.6,1303,,,,,,,9.4,290,1338,5.8,320,1338,2.6,2259,290,-6.3,23,1005,40.4,3.8,1006.2,1019.6,2129,1016.3,1410,1017.7,13.4,8.9,,,,,,,,,4.4,1.5,10.6,-2.5,,,,,,,,,,,,,,,2020,4,17,113,1,0,0,0
239,세종,2020-04-23,8.2,2.2,0541,14.3,1356,,,,,,,8.7,340,1055,5.3,340,1059,2.2,1888,290,-4.9,20,1243,42.1,4.3,1006.0,1019.2,0650,1015.3,1533,1017.4,13.4,11.1,,,,,,,,,2.0,0.8,11.8,-3.2,,,,,,,,,,,,,,,2020,4,17,114,1,0,0,0
239,세종,2020-04-24,9.7,1.9,0555,15.8,1403,,,,,,,9.4,110,1252,4.9,180,1506,2.3,2010,180,-3.7,17,1223,42.6,4.7,1004.1,1018.2,0001,1013.4,1632,1015.5,13.5,11.9,,,,,,,,,0.0,0.0,13.8,-4.6,,,,,,,,,,,,,,,2020,4,17,115,1,0,0,0
239,세종,2020-04-25,14.5,8.6,2351,22.2,1235,,,,,,,11.0,160,1133,5.5,250,1337,3.0,2612,180,1.6,19,1304,44.3,7.2,999.8,1015.4,2356,1007.2,1400,1010.9,13.5,11.1,,,,,,,,,3.0,1.1,16.7,2.4,,,,,,,,,,,,,,,2020,4,17,116,1,0,0,0
239,세종,2020-04-26,12.0,4.5,0545,18.4,1634,,,,,,,10.1,290,1032,7.1,340,1035,2.3,1975,320,-3.6,13,1725,41.6,5.1,1006.8,1021.4,2337,1015.5,0001,1018.1,13.5,11.8,,,,,,,,,1.4,0.5,16.9,-1.2,,,,,,,,,,,,,,,2020,4,17,117,1,0,0,0
239,세종,2020-04-27,11.4,4.5,0458,17.5,1153,,,,,,,8.4,320,1352,5.5,340,1453,1.7,1455,320,-1.8,21,1307,41.6,5.4,1009.3,1022.0,2320,1018.5,1616,1020.7,13.6,8.2,,,,,,,,,2.8,1.4,14.9,-1.7,,,,,,,,,,,,,,,2020,4,18,118,1,0,0,0
239,세종,2020-04-28,12.7,3.8,0540,20.9,1410,,,,,,,6.2,110,1250,3.8,290,1309,1.5,1335,200,1.9,15,1413,53.4,7.2,1009.7,1023.7,0840,1018.1,1527,1021.0,13.6,12.0,,,,,,,,,1.0,0.0,17.1,-3.5,,,,,,,,,,,,,,,2020,4,18,119,1,0,0,0
239,세종,2020-04-29,15.2,7.4,0602,23.4,1610,,,,,,,6.3,290,1351,3.3,290,1339,1.5,1260,290,1.2,17,1611,45.4,6.9,1008.6,1022.2,0800,1017.5,1644,1019.8,13.6,12.0,,,,,,,,,0.0,0.0,19.3,0.4,,,,,,,,,,,,,,,2020,4,18,120,1,0,0,0
239,세종,2020-04-30,17.0,6.7,0243,25.9,1513,,,,,,,6.8,320,1632,3.5,160,1503,1.5,1259,180,7.2,31,1515,55.0,10.8,1005.3,1020.1,0245,1013.0,1612,1016.4,13.7,11.8,,,,,,,,,0.5,0.1,20.8,-0.2,,,,,,,,,,,,,,,2020,4,18,121,1,0,1,0
239,세종,2020-05-01,21.8,16.1,0457,28.3,1347,,,,,,,7.1,180,1312,4.2,160,1315,2.0,1699,200,14.3,41,1349,64.6,16.3,1002.4,1015.1,0759,1011.1,1716,1013.3,13.7,10.2,,,,,,,,,3.9,2.9,24.9,12.0,,,,,,,,,,,,,,,2020,5,18,122,1,0,1,0
239,세종,2020-05-02,22.0,18.9,2238,26.5,1357,,,,,,,5.9,160,1239,3.6,160,1241,1.6,1340,160,13.1,26,1700,59.8,15.4,1000.6,1013.9,0217,1008.7,2355,1011.4,13.7,5.9,,,,,,,,,8.5,4.6,24.3,14.7,,,,,,,,,,,,,,,2020,5,18,123,1,0,1,0
239,세종,2020-05-03,18.9,16.2,0725,22.7,1449,0.4,655,1.5,757,,4.6,4.8,70,1517,3.2,70,1248,1.6,1364,90,14.8,65,1452,78.0,16.9,995.5,1008.8,0033,1004.0,1538,1006.3,13.8,0.3,,,,,,,,,7.0,3.1,19.9,12.9,,,,,,,,,,,,,,,2020,5,18,124,1,0,0,1
239,세종,2020-05-04,19.3,11.2,2400,27.0,1320,,,,,,,6.0,320,1153,4.0,320,1201,1.4,1219,290,13.1,42,1521,70.4,15.2,997.8,1012.2,2353,1006.4,0001,1008.7,13.8,8.6,,,,,,,,,6.5,3.5,23.6,8.2,,,,,,,,,,,,,,,2020,5,19,125,1,0,1,0
239,세종,2020-05-05,14.2,9.3,0459,21.2,1046,0.3,1329,1.0,1549,,1.9,4.3,320,1213,2.8,340,1213,1.0,898,290,11.7,57,1048,85.8,13.8,1001.0,1014.4,1442,1010.5,1806,1012.1,13.8,2.6,,,,,,,,,7.0,2.3,16.6,7.1,,,,,,,,,,,,,,,2020,5,19,126,1,0,0,1
239,세종,2020-05-06,18.9,12.0,0550,27.8,1616,,,,,,,6.0,340,1712,4.2,340,1912,1.8,1525,50,8.1,16,1652,58.3,11.3,1003.1,1016.5,2333,1010.7,1640,1014.1,13.9,8.9,,,,,,,,,3.0,3.0,22.1,8.8,,,,,,,,,,,,,,,2020,5,19,127,1,0,1,0
239,세종,2020-05-07,19.6,13.3,0605,25.0,1613,,,,,,,7.2,90,0942,5.0,90,0949,2.7,2361,90,0.9,18,1117,30.3,6.6,1006.7,1019.5,0613,1016.0,1644,1017.7,13.9,11.5,,,,,,,,,3.9,0.9,23.3,7.5,,,,,,,,,,,,,,,2020,5,19,128,1,0,1,0
239,세종,2020-05-08,18.0,12.0,0652,25.4,1345,0.9,2253,3.7,2231,,7.3,5.1,230,1424,3.1,70,0128,1.7,1485,90,3.0,16,1346,42.4,8.4,1003.8,1017.9,0001,1011.5,1712,1014.9,13.9,7.6,,,,,,,,,7.6,2.0,23.7,7.1,,,,,,,,,,,,,,,2020,5,19,129,1,0,1,1
239,세종,2020-05-09,15.2,13.0,2251,17.8,1532,0.9,34,4.0,27,,18.7,5.1,110,2148,3.0,180,1652,1.4,1224,90,14.2,88,2148,94.3,16.3,994.5,1013.4,0001,1002.5,1520,1005.5,14.0,0.0,,,,,,,,,9.6,7.9,16.9,12.5,,,,,,,,,,,,,,,2020,5,19,130,1,0,0,1
239,세종,2020-05-10,14.3,12.7,0111,17.7,1628,0.1,,0.3,512,,0.7,5.5,230,0023,2.8,160,1608,1.3,1146,180,12.4,77,1733,89.0,14.4,997.3,1011.6,2332,1005.3,0140,1008.4,14.0,1.0,,,,,,,,,7.1,6.8,15.6,9.6,,,,,,,,,,,,,,,2020,5,19,131,1,0,0,1
239,세종,2020-05-11,17.9,13.2,2355,24.5,1627,0.1,,0.1,,,0.1,6.2,20,2214,3.3,200,1214,1.6,1380,160,9.9,24,1609,63.1,12.3,997.7,1011.7,0159,1006.0,1829,1008.6,14.0,9.4,,,,,,,,,6.0,3.1,22.5,11.7,,,,,,,,,,,,,,,2020,5,20,132,1,0,0,1
239,세종,2020-05-12,15.5,10.9,2359,21.0,1534,0.0,,0.0,,,0.0,7.5,180,1152,4.2,180,1201,2.2,1899,290,8.1,39,1621,63.4,10.9,995.5,1012.6,2352,1003.6,1415,1006.5,14.0,11.9,,,,,,,,,3.8,2.4,20.8,6.6,,,,,,,,,,,,,,,2020,5,20,133,1,0,0,0
239,세종,2020-05-13,15.8,7.5,0510,22.8,1535,,,,,,,6.6,320,1412,3.9,290,1325,1.6,1368,270,2.1,19,1404,45.1,7.3,1005.4,1019.0,2351,1012.6,0001,1016.5,14.1,12.5,,,,,,,,,0.3,0.1,21.1,2.5,,,,,,,,,,,,,,,2020,5,20,134,1,0,0,0
239,세종,2020-05-14,19.4,10.9,0511,27.0,1404,,,,,,,8.0,160,2118,4.1,20,2119,0.9,816,290,4.2,15,1309,40.5,8.4,1005.5,1019.8,0749,1012.7,2113,1016.4,14.1,7.8,,,,,,,,,8.1,3.1,23.9,6.8,,,,,,,,,,,,,,,2020,5,20,135,1,0,1,0
239,세종,2020-05-15,16.0,14.0,0849,20.3,0201,2.3,1255,8.8,1235,,30.3,4.6,70,1216,3.0,70,0458,1.5,1301,90,13.1,36,0201,85.0,15.2,997.9,1013.9,0018,1006.5,1532,1008.9,14.1,0.0,,,,,,,,,9.5,5.3,17.2,14.0,,,,,,,,,,,,,,,2020,5,20,136,1,0,0,1
239,세종,2020-05-16,16.9,15.3,0516,20.0,1452,0.1,,0.3,35,,0.4,3.8,250,1358,2.7,230,1411,0.9,814,70,14.7,73,1453,87.6,16.7,996.0,1008.6,1002,1005.3,1640,1006.9,14.2,0.7,,,,,,,,,8.5,6.4,19.1,13.2,,,,,,,,,,,,,,,2020,5,20,137,1,0,0,1
239,세종,2020-05-17,20.4,15.1,0512,27.6,1607,,,,,,,4.5,320,1316,3.0,320,1231,1.1,956,160,14.2,45,1404,69.9,16.2,994.6,1008.7,0607,1002.4,1621,1005.4,14.2,8.8,,,,,,,,,6.3,4.5,22.6,15.2,,,,,,,,,,,,,,,2020,5,20,138,1,0,1,0
239,세종,2020-05-18,19.0,13.0,2359,27.1,1510,9.6,1729,12.8,1728,,15.6,8.5,110,1355,5.2,90,1401,1.9,1658,90,14.5,49,1511,77.3,16.6,988.3,1003.9,0001,993.0,1454,999.1,14.2,6.2,,,,,,,,,8.3,4.3,23.4,12.1,,,,,,,,,,,,,,,2020,5,21,139,1,0,1,1
239,세종,2020-05-19,13.3,11.2,0455,16.5,1608,0.9,912,2.3,912,,5.0,5.5,200,1114,2.8,70,1942,1.6,1367,160,9.2,57,2336,76.9,11.7,989.6,1007.9,2350,996.9,0953,1000.6,14.2,1.6,,,,,,,,,8.4,4.3,17.0,9.1,,,,,,,,,,,,,,,2020,5,21,140,1,0,0,1
239,세종,2020-05-20,14.7,8.0,0514,20.6,1448,,,,,,,5.0,20,1345,3.4,340,1414,1.4,1170,70,6.6,41,1346,60.3,9.8,1000.6,1014.8,2322,1007.9,0001,1011.7,14.2,7.4,,,,,,,,,3.1,2.9,17.7,6.1,,,,,,,,,,,,,,,2020,5,21,141,1,0,0,0
239,세종,2020-05-21,16.9,9.6,0505,23.2,1450,,,,,,,4.2,20,1340,2.2,90,0814,0.9,791,160,10.2,43,1445,67.3,12.5,1003.9,1016.7,0843,1012.9,1621,1014.9,14.3,10.8,,,,,,,,,3.5,2.4,22.9,7.1,,,,,,,,,,,,,,,2020,5,21,142,1,0,0,0
239,세종,2020-05-22,19.1,14.3,0616,24.4,1634,,,,,,,5.0,70,0837,3.7,70,0905,1.7,1455,70,12.5,48,1541,66.8,14.6,1002.1,1015.8,0001,1010.6,2011,1013.0,14.3,6.9,,,,,,,,,7.3,4.6,23.3,11.2,,,,,,,,,,,,,,,2020,5,21,143,1,0,0,0
239,세종,2020-05-23,20.2,14.5,0505,26.1,1618,,,,,,,5.0,160,1153,3.2,140,1157,1.4,1220,290,12.3,35,1345,63.5,14.4,1000.6,1013.2,0630,1009.1,1909,1011.4,14.3,12.5,,,,,,,,,2.5,1.3,27.1,10.3,,,,,,,,,,,,,,,2020,5,21,144,1,0,1,0
239,세종,2020-05-24,19.1,15.2,2352,24.2,1529,2.7,937,6.1,848,,7.0,6.4,230,0651,3.3,180,0658,1.6,1355,140,14.1,48,1512,74.0,16.1,999.5,1013.2,2326,1008.3,0715,1010.3,14.3,5.9,,,,,,,,,6.4,3.0,20.9,12.7,,,,,,,,,,,,,,,2020,5,21,145,1,0,0,1
239,세종,2020-05-25,17.1,13.8,0203,21.6,1553,,,,,,,4.3,320,1458,2.5,340,1844,1.1,980,320,12.8,58,1436,77.4,14.8,1001.6,1014.0,0818,1010.6,1735,1012.6,14.4,2.3,,,,,,,,,9.0,6.8,19.7,11.8,,,,,,,,,,,,,,,2020,5,22,146,1,0,0,0
239,세종,2020-05-26,18.5,13.8,0502,24.7,1322,0.0,,0.0,,,0.0,4.9,140,1606,3.0,290,1749,1.2,1029,270,12.3,44,1242,69.6,14.4,998.6,1012.4,0001,1006.5,1707,1009.5,14.4,7.0,,,,,,,,,7.9,5.3,23.1,12.4,,,,,,,,,,,,,,,2020,5,22,147,1,0,0,0
239,세종,2020-05-27,18.5,12.6,0457,25.0,1545,,,,,,,6.0,320,1240,3.8,320,1605,1.7,1508,290,8.5,26,1401,56.3,11.2,998.7,1010.9,0819,1007.6,1705,1009.6,14.4,12.6,,,,,,,,,5.3,1.0,24.6,9.7,,,,,,,,,,,,,,,2020,5,22,148,1,0,1,0
239,세종,2020-05-28,18.2,11.2,0458,24.4,1445,,,,,,,5.3,320,1410,3.2,140,1115,1.1,984,290,10.9,32,1205,66.5,13.2,999.1,1012.9,2326,1008.1,1409,1010.1,14.4,6.8,,,,,,,,,4.9,2.9,23.2,7.7,,,,,,,,,,,,,,,2020,5,22,149,1,0,0,0
239,세종,2020-05-29,20.5,13.9,0602,27.2,1602,,,,,,,4.6,50,1242,3.0,70,1244,1.1,965,290,11.2,29,1725,59.3,13.4,1004.3,1017.2,2304,1012.8,0001,1015.2,14.4,11.1,,,,,,,,,4.1,2.5,26.6,11.8,,,,,,,,,,,,,,,2020,5,22,150,1,0,1,0
239,세종,2020-05-30,22.2,15.1,0458,29.1,1523,,,,,,,4.4,70,1242,2.6,90,1251,1.0,862,70,12.6,31,1305,58.0,14.6,1005.6,1019.0,0610,1013.9,1711,1016.4,14.5,10.4,,,,,,,,,5.1,2.4,27.6,11.4,,,,,,,,,,,,,,,2020,5,22,151,1,0,1,0
239,세종,2020-05-31,21.4,16.1,0543,26.7,1240,,,,,,,4.3,20,1145,2.5,70,1154,1.1,913,290,13.0,37,1336,61.5,15.0,1001.0,1015.9,0016,1008.5,1750,1011.8,14.5,4.5,,,,,,,,,7.9,3.5,27.0,13.7,,,,,,,,,,,,,,,2020,5,22,152,1,0,1,0
239,세종,2020-06-01,20.3,15.4,2354,25.7,1522,0.2,,0.4,12,,0.7,8.5,290,1313,4.3,320,1320,1.9,1664,290,9.8,25,1620,55.9,12.6,999.9,1011.8,0824,1009.0,1643,1010.8,14.5,11.5,,,,,,,,,4.1,1.8,28.1,10.6,,,,,,,,,,,,,,,2020,6,23,153,0,0,1,1
239,세종,2020-06-02,18.6,13.5,0303,23.5,1548,0.0,,0.0,,,0.0,6.2,70,1344,4.2,110,1344,1.2,995,320,11.1,32,1527,64.1,13.3,997.3,1011.6,0009,1005.1,1705,1008.2,14.5,1.7,,,,,,,,,8.9,3.4,23.0,10.3,,,,,,,,,,,,,,,2020,6,23,154,0,0,0,0
239,세종,2020-06-03,22.2,17.7,0111,28.1,1508,0.2,,0.4,107,,0.6,4.3,230,1621,2.5,230,1621,1.1,982,160,16.9,44,1423,74.8,19.3,993.5,1006.2,0011,1001.5,1738,1004.2,14.5,8.2,,,,,,,,,5.9,3.3,27.7,17.7,,,,,,,,,,,,,,,2020,6,23,155,0,0,1,1
239,세종,2020-06-04,24.3,20.9,0427,30.0,1430,,,,,,,5.1,250,0834,2.9,250,1303,1.5,1299,200,17.6,41,1532,68.5,20.1,993.8,1007.0,2320,1002.8,1427,1004.5,14.5,10.1,,,,,,,,,4.0,3.1,30.7,18.1,,,,,,,,,,,,,,,2020,6,23,156,0,0,1,0
239,세종,2020-06-05,24.1,20.6,0501,29.9,1547,,,,,,,4.8,320,1010,2.8,320,1016,1.1,928,290,18.3,39,1542,72.5,21.1,996.5,1008.9,2316,1005.5,1542,1007.1,14.6,7.2,,,,,,,,,6.5,4.3,29.4,20.6,,,,,,,,,,,,,,,2020,6,23,157,0,0,1,0
239,세종,2020-06-06,23.7,18.6,0448,31.1,1629,16.4,1834,34.0,1801,,34.0,6.7,180,1835,3.8,230,1837,1.6,1367,70,17.1,41,1536,69.6,19.5,997.8,1011.6,2355,1006.1,1518,1008.5,14.6,9.9,,,,,,,,,5.0,2.6,30.6,16.9,,,,,,,,,,,,,,,2020,6,23,158,0,0,1,1
239,세종,2020-06-07,22.8,18.9,0443,28.6,1641,,,,,,,4.1,320,1830,2.3,70,1114,1.2,1019,290,16.8,46,1642,70.4,19.2,1001.2,1013.7,2346,1010.0,1759,1012.0,14.6,7.4,,,,,,,,,3.6,1.9,26.1,17.9,,,,,,,,,,,,,,,2020,6,23,159,0,0,1,0
239,세종,2020-06-08,24.8,17.2,0452,31.5,1631,,,,,,,4.2,320,1949,2.9,320,1955,1.1,977,320,16.2,39,1308,61.4,18.5,1004.1,1016.9,2326,1013.0,1503,1014.8,14.6,12.8,,,,,,,,,0.4,0.4,28.6,15.8,,,,,,,,,,,,,,,2020,6,24,160,0,0,1,0
239,세종,2020-06-09,26.0,18.0,0456,33.2,1501,,,,,,,5.1,290,1853,3.3,320,1715,1.2,1016,320,14.9,32,1632,54.1,17.1,1003.7,1017.0,0009,1012.0,1725,1014.4,14.6,12.3,,,,,,,,,2.5,1.0,30.4,16.2,,,,,,,,,,,,,,,2020,6,24,161,0,0,1,0
239,세종,2020-06-10,24.6,20.0,0513,32.8,1433,9.5,2314,27.1,2301,,66.2,5.0,160,1729,2.9,340,2256,1.1,983,90,17.7,37,1426,69.3,20.5,998.4,1014.5,0001,1004.9,1711,1009.1,14.6,8.9,,,,,,,,,7.6,2.0,30.6,17.5,,,,,,,,,,,,,,,2020,6,24,162,0,0,1,1
239,세종,2020-06-11,24.9,20.5,0001,30.8,1637,2.9,26,10.8,1,,11.8,4.7,320,1134,3.2,340,1119,1.3,1159,90,19.9,50,1520,76.0,23.3,993.1,1006.2,0005,1001.4,1635,1003.7,14.6,7.7,,,,,,,,,4.9,4.0,28.0,20.1,,,,,,,,,,,,,,,2020,6,24,163,0,0,1,1
239,세종,2020-06-12,23.5,20.5,0531,26.4,1108,0.3,2233,1.0,2213,,3.1,3.7,200,1243,1.9,230,1245,0.8,678,320,21.0,73,1109,86.3,24.9,994.6,1006.5,0936,1004.3,0358,1005.3,14.6,0.1,,,,,,,,,9.3,2.8,25.6,19.6,,,,,,,,,,,,,,,2020,6,24,164,0,0,1,1
239,세종,2020-06-13,24.2,21.2,0536,30.4,1434,1.2,2023,3.0,1959,,5.7,4.7,200,1527,2.8,90,0200,1.4,1200,90,20.9,56,1435,83.0,24.8,994.1,1006.4,0750,1002.9,1602,1004.8,14.6,5.6,,,,,,,,,8.8,4.1,27.2,20.9,,,,,,,,,,,,,,,2020,6,24,165,0,0,1,1
239,세종,2020-06-14,23.8,20.1,2348,28.2,1404,0.1,,0.4,2,,0.5,5.5,200,1442,3.2,290,1457,1.3,1121,290,18.7,41,1621,75.6,22.0,994.2,1008.4,2340,1003.0,0539,1004.9,14.6,6.6,,,,,,,,,5.3,2.9,27.8,17.6,,,,,,,,,,,,,,,2020,6,24,166,0,0,1,1
239,세종,2020-06-15,22.4,17.1,0429,28.5,1606,,,,,,,6.0,340,1516,3.3,320,1524,1.3,1114,270,14.5,37,1541,64.0,16.6,996.6,1009.0,0744,1005.0,1710,1007.3,14.7,12.3,,,,,,,,,4.3,1.1,26.7,14.8,,,,,,,,,,,,,,,2020,6,25,167,0,0,1,0
239,세종,2020-06-16,23.2,18.2,0245,28.7,1555,,,,,,,4.5,320,1257,2.6,320,1217,1.1,911,320,16.9,45,1610,69.5,19.2,995.5,1008.1,0800,1004.4,1708,1006.2,14.7,8.2,,,,,,,,,6.8,3.1,28.2,16.8,,,,,,,,,,,,,,,2020,6,25,168,0,0,1,0
239,세종,2020-06-17,22.4,19.0,0532,27.7,1441,,,,,,,4.4,230,1458,2.3,230,1505,0.9,799,270,16.3,45,1445,70.3,18.6,995.2,1006.9,0559,1004.6,1508,1005.9,14.7,5.7,,,,,,,,,9.4,3.1,27.9,18.3,,,,,,,,,,,,,,,2020,6,25,169,0,0,1,0
239,세종,2020-06-18,20.7,18.8,0429,23.1,1719,0.2,,0.2,,,0.2,5.0,70,1628,3.2,70,1457,1.5,1282,90,15.8,61,1652,74.1,17.9,992.5,1006.3,0005,1001.5,1734,1003.3,14.7,0.0,,,,,,,,,9.0,3.8,22.4,17.7,,,,,,,,,,,,,,,2020,6,25,170,0,0,0,1
239,세종,2020-06-19,23.1,17.9,0417,28.9,1616,0.6,152,1.0,119,,1.9,4.4,70,1334,2.6,70,1350,1.1,914,160,16.8,43,1335,70.1,19.1,995.8,1010.2,2358,1003.2,0002,1006.6,14.7,10.0,,,,,,,,,4.3,0.9,28.5,17.9,,,,,,,,,,,,,,,2020,6,25,171,0,0,1,1
239,세종,2020-06-20,23.3,18.7,0453,29.2,1519,0.0,,0.0,,,0.0,4.9,320,1123,3.1,340,1130,1.2,1026,290,18.6,47,1606,76.5,21.5,999.7,1012.1,0825,1008.3,1714,1010.4,14.7,10.4,,,,,,,,,2.9,2.3,30.7,17.8,,,,,,,,,,,,,,,2020,6,25,172,0,0,1,0
239,세종,2020-06-21,24.9,19.2,0425,31.6,1551,,,,,,,5.2,50,1814,3.3,360,1815,1.3,1110,290,17.0,39,1611,64.0,19.4,997.4,1010.5,0611,1005.0,1715,1008.0,14.7,11.7,,,,,,,,,2.5,2.3,32.1,18.4,,,,,,,,,,,,,,,2020,6,25,173,0,0,1,0
239,세종,2020-06-22,26.4,19.5,0416,33.4,1616,,,,,,,4.2,70,1412,2.6,290,0219,1.2,1052,70,17.6,27,1846,62.3,20.2,997.7,1010.3,2336,1006.6,1638,1008.4,14.7,12.8,,,,,,,,,1.1,0.0,33.3,18.1,,,,,,,,,,,,,,,2020,6,26,174,0,0,1,0
239,세종,2020-06-23,25.7,20.2,0434,31.0,1322,,,,,,,3.4,270,1519,2.3,70,1239,1.0,856,270,19.0,43,1101,68.0,22.0,998.0,1010.7,0546,1007.1,2339,1008.7,14.7,5.8,,,,,,,,,7.9,2.8,32.1,18.5,,,,,,,,,,,,,,,2020,6,26,175,0,0,1,0
239,세종,2020-06-24,22.4,20.4,1850,25.6,0201,0.6,1314,1.2,1231,,4.2,5.0,160,1606,3.4,90,1001,1.4,1229,90,18.2,52,0544,79.1,21.1,992.9,1007.2,0001,1001.5,2345,1003.6,14.7,0.0,,,,,,,,,8.8,4.3,23.2,21.1,,,,,,,,,,,,,,,2020,6,26,176,0,0,1,1
239,세종,2020-06-25,21.3,19.9,2100,23.1,1458,0.7,155,2.0,125,,3.4,4.4,180,0412,2.3,160,2125,1.2,1036,160,19.2,77,1440,88.0,22.2,991.9,1004.6,2306,1001.2,0119,1002.6,14.7,0.0,,,,,,,,,8.9,5.9,23.8,20.0,,,,,,,,,,,,,,,2020,6,26,177,0,0,0,1
239,세종,2020-06-26,22.6,19.2,0320,27.6,1516,0.1,,0.2,,,0.2,4.9,270,1602,2.8,290,1239,1.4,1177,290,17.6,51,1506,74.8,20.1,996.5,1008.7,2210,1004.3,0001,1007.2,14.6,8.0,,,,,,,,,6.0,,26.4,19.7,,,,,,,,,,,,,,,2020,6,26,178,0,0,1,1
239,세종,2020-06-27,23.8,19.1,0505,29.1,1442,,,,,,,3.9,200,1450,2.0,90,1142,1.0,859,290,17.8,45,1400,71.8,20.5,994.9,1008.5,0001,1003.3,1827,1005.6,14.6,5.2,,,,,,,,,6.6,1.4,27.7,18.0,,,,,,,,,,,,,,,2020,6,26,179,0,0,1,0
239,세종,2020-06-28,23.7,18.4,0627,29.7,1632,,,,,,,4.3,340,1634,3.0,320,1648,1.1,963,320,17.6,40,1634,70.5,20.1,994.4,1006.8,2156,1003.8,1634,1005.0,14.6,7.9,,,,,,,,,1.9,1.5,27.6,17.0,,,,,,,,,,,,,,,2020,6,26,180,0,0,1,0
239,세종,2020-06-29,22.0,19.9,2023,27.1,1236,4.3,1647,11.2,1957,,48.2,5.8,70,2152,4.1,70,2126,2.1,1789,90,19.0,58,1315,84.4,22.0,990.6,1006.7,0159,990.5,2359,1001.3,14.6,0.3,,,,,,,,,8.6,3.3,25.3,19.2,,,,,,,,,,,,,,,2020,6,27,181,0,0,1,1
239,세종,2020-06-30,19.8,18.3,2221,20.8,0121,4.8,250,11.2,245,,33.5,6.8,340,2110,4.7,320,2112,1.9,1664,320,18.5,84,2356,92.4,21.3,982.3,1000.5,2359,987.0,0225,993.0,14.6,0.0,,,,,,,,,8.0,5.0,22.5,18.0,,,,,,,,,,,,,,,2020,6,27,182,0,0,0,1
239,세종,2020-07-01,20.8,17.1,0450,25.4,1507,0.2,,0.4,19,,0.5,7.8,340,0045,4.8,340,0054,1.1,984,270,16.6,56,1511,78.4,18.9,994.6,1009.3,2307,1000.5,0001,1005.4,14.6,2.0,,,,,,,,,7.1,4.4,23.8,16.1,,,,,,,,,,,,,,,2020,7,27,183,0,0,1,1
239,세종,2020-07-02,23.2,17.6,0515,28.2,1448,,,,,,,3.7,70,1145,2.3,70,1149,0.9,795,140,17.9,51,1459,74.0,20.5,1000.4,1013.4,2221,1009.2,0001,1011.1,14.6,6.4,,,,,,,,,7.0,3.9,25.6,16.3,,,,,,,,,,,,,,,2020,7,27,184,0,0,1,0
239,세종,2020-07-03,21.9,19.3,2354,24.3,1230,0.2,,0.3,2108,,0.5,6.7,110,1245,4.0,90,1246,1.7,1437,90,16.6,53,1245,73.3,19.0,1000.0,1013.1,0001,1009.2,1942,1010.8,14.6,0.3,,,,,,,,,9.5,5.1,23.7,19.7,,,,,,,,,,,,,,,2020,7,27,185,0,0,0,1
239,세종,2020-07-04,21.4,18.8,0235,26.6,1455,,,,,,,4.1,70,1052,2.5,70,1056,1.2,1039,90,16.6,50,1459,76.0,18.9,996.8,1009.8,0001,1006.0,1706,1007.5,14.6,3.6,,,,,,,,,7.0,4.0,25.3,18.9,,,,,,,,,,,,,,,2020,7,27,186,0,0,1,0
239,세종,2020-07-05,22.5,19.4,0025,26.8,1616,,,,,,,3.1,320,1100,1.7,320,1105,0.7,607,180,18.1,57,1742,77.3,20.8,994.0,1007.6,0100,1002.2,1903,1004.7,14.6,2.1,,,,,,,,,7.1,3.0,25.5,18.5,,,,,,,,,,,,,,,2020,7,27,187,0,0,1,0
239,세종,2020-07-06,24.1,19.4,0539,29.4,1225,0.0,,0.0,,,0.0,4.2,110,1416,2.6,110,1423,1.0,842,160,19.4,47,1203,77.3,22.6,990.7,1003.2,2302,999.5,1451,1001.3,14.6,5.1,,,,,,,,,6.9,3.8,27.8,18.7,,,,,,,,,,,,,,,2020,7,28,188,0,0,1,0
239,세종,2020-07-07,24.1,21.5,0542,28.9,1530,0.0,,0.0,,,0.0,4.9,340,1836,3.4,340,1843,1.2,1018,290,19.7,57,1532,77.8,23.0,993.6,1005.6,2236,1002.6,0001,1004.2,14.5,3.9,,,,,,,,,5.0,3.1,29.9,20.1,,,,,,,,,,,,,,,2020,7,28,189,0,0,1,0
239,세종,2020-07-08,24.2,18.6,0540,29.9,1414,,,,,,,3.7,320,1300,2.3,360,1010,1.0,875,270,19.1,50,1355,75.8,22.2,994.4,1006.2,0732,1003.2,1557,1005.1,14.5,6.8,,,,,,,,,5.9,2.5,30.2,17.5,,,,,,,,,,,,,,,2020,7,28,190,0,0,1,0
239,세종,2020-07-09,25.7,19.7,0519,30.6,1455,,,,,,,5.7,180,1623,3.6,110,1632,1.8,1517,70,19.3,47,1456,70.1,22.5,993.4,1005.7,0835,1002.1,1551,1004.0,14.5,8.3,,,,,,,,,3.6,2.1,32.8,18.2,,,,,,,,,,,,,,,2020,7,28,191,0,0,1,0
239,세종,2020-07-10,25.1,21.6,0706,28.9,1652,3.0,426,3.5,419,,7.8,7.3,70,0617,5.7,70,0618,1.9,1649,70,20.8,60,1650,77.8,24.5,990.9,1003.7,0001,999.7,0617,1001.5,14.5,3.8,,,,,,,,,9.0,,27.6,21.1,,,,,,,,,,,,,,,2020,7,28,192,0,0,1,1
239,세종,2020-07-11,25.4,21.9,0545,29.8,1557,,,,,,,4.4,70,1804,2.6,340,0527,1.0,870,290,19.8,53,1237,72.6,23.2,996.2,1009.8,2345,1002.9,0001,1006.8,14.5,3.5,,,,,,,,,,,27.5,21.9,,,,,,,,,,,,,,,2020,7,28,193,0,0,1,0
239,세종,2020-07-12,22.1,19.1,2349,25.3,0015,2.3,2250,8.3,2250,,31.6,5.3,90,2316,3.3,110,1157,2.2,1867,90,18.6,70,0016,81.6,21.4,998.6,1011.3,0918,1007.1,2348,1009.4,14.5,0.0,,,,,,,,,,,23.0,18.7,,,,,,,,,,,,,,,2020,7,28,194,0,0,1,1
239,세종,2020-07-13,18.6,17.5,0507,19.6,1529,5.6,404,18.7,356,,120.4,6.1,90,0112,4.2,70,0118,2.6,2288,90,17.5,88,1550,93.9,20.0,991.5,1007.1,0001,1000.5,1748,1002.3,14.5,0.0,,,,,,,,,8.7,,18.9,17.1,,,,,,,,,,,,,,,2020,7,29,195,0,0,0,1
239,세종,2020-07-14,19.2,18.1,0803,20.8,1403,0.8,746,1.9,716,,13.6,4.1,70,0829,2.5,70,0620,1.3,1163,70,18.2,88,1410,94.4,20.9,992.3,1005.6,2241,1000.5,0138,1003.1,14.4,0.0,,,,,,,,,6.6,4.8,20.9,18.5,,,,,,,,,,,,,,,2020,7,29,196,0,0,0,1
239,세종,2020-07-15,20.9,18.3,0549,25.3,1549,0.4,226,1.2,145,,3.5,3.2,90,1244,2.2,160,1353,1.1,912,50,18.7,64,1404,88.0,21.5,995.0,1007.2,2228,1004.3,1727,1005.7,14.4,1.3,,,,,,,,,7.1,6.4,23.9,18.4,,,,,,,,,,,,,,,2020,7,29,197,0,0,1,1
239,세종,2020-07-16,22.8,18.9,0314,28.6,1624,,,,,,,3.4,360,1511,2.2,360,1518,0.9,793,90,18.3,50,1626,77.8,21.1,996.6,1008.6,2334,1005.4,1817,1007.3,14.4,5.4,,,,,,,,,3.9,2.8,25.5,17.3,,,,,,,,,,,,,,,2020,7,29,198,0,0,1,0
239,세종,2020-07-17,24.1,18.3,0528,30.5,1635,,,,,,,4.7,320,1921,3.4,320,1924,1.0,850,290,19.2,50,1625,75.8,22.3,998.0,1010.0,0747,1006.8,1711,1008.6,14.4,8.8,,,,,,,,,4.6,3.0,29.4,17.6,,,,,,,,,,,,,,,2020,7,29,199,0,0,1,0
239,세종,2020-07-18,24.6,20.7,0453,28.8,1604,,,,,,,4.8,70,1437,3.6,70,1441,1.3,1100,90,17.9,40,1555,68.9,20.7,998.1,1010.3,1043,1007.1,1737,1008.7,14.4,5.6,,,,,,,,,6.4,4.3,27.5,19.6,,,,,,,,,,,,,,,2020,7,29,200,0,0,1,0
239,세종,2020-07-19,24.7,20.0,0427,28.2,1323,1.8,436,8.6,402,,12.7,5.0,90,1027,3.1,90,1019,1.7,1482,90,20.7,62,0017,78.9,24.4,994.9,1009.0,0001,1003.5,1721,1005.5,14.3,1.6,,,,,,,,,9.6,5.5,26.6,19.8,,,,,,,,,,,,,,,2020,7,29,201,0,0,1,1
239,세종,2020-07-20,24.1,21.7,2207,29.2,0141,5.0,518,9.8,514,,14.4,7.7,180,0148,4.6,160,0156,1.9,1637,160,21.3,64,0140,84.9,25.4,996.3,1011.4,2301,1002.7,0108,1007.0,14.3,0.5,,,,,,,,,9.5,6.8,25.3,20.7,,,,,,,,,,,,,,,2020,7,30,202,0,0,1,1
239,세종,2020-07-21,24.8,21.1,0256,29.8,1607,,,,,,,3.7,20,1300,2.5,340,1311,0.9,808,270,19.2,47,1358,73.4,22.3,1001.1,1013.0,0854,1010.7,1648,1011.8,14.3,10.0,,,,,,,,,6.3,2.6,30.1,21.3,,,,,,,,,,,,,,,2020,7,30,203,0,0,1,0
239,세종,2020-07-22,22.9,20.9,2357,24.9,1220,4.6,550,9.6,529,,22.8,2.6,230,1250,1.7,320,1324,0.8,671,200,21.3,79,0158,91.4,25.4,999.3,1011.5,0007,1009.2,1658,1010.0,14.3,0.0,,,,,,,,,9.9,4.3,24.8,20.9,,,,,,,,,,,,,,,2020,7,30,204,0,0,0,1
239,세종,2020-07-23,21.5,20.6,2154,22.7,1108,3.8,2137,10.5,1425,,51.3,9.4,70,2054,6.7,90,2101,2.3,1957,90,20.2,85,1739,93.0,23.7,994.2,1010.8,0639,998.1,2358,1004.9,14.2,0.0,,,,,,,,,9.5,5.0,22.2,20.2,,,,,,,,,,,,,,,2020,7,30,205,0,0,0,1
239,세종,2020-07-24,21.2,19.4,0854,23.5,1402,2.8,508,6.1,442,,22.8,6.4,90,0058,3.8,90,0100,1.7,1483,50,19.5,79,0433,90.9,22.8,987.2,999.8,2236,996.5,0431,997.9,14.2,0.2,,,,,,,,,8.6,4.8,22.6,19.3,,,,,,,,,,,,,,,2020,7,30,206,0,0,0,1
239,세종,2020-07-25,22.5,20.6,0419,26.2,1453,6.1,1707,9.4,1701,,10.6,5.7,320,1353,3.7,90,1712,1.4,1180,320,20.4,72,1120,89.0,24.0,992.2,1006.4,2330,999.5,0001,1002.9,14.2,0.7,,,,,,,,,8.0,3.6,24.5,20.3,,,,,,,,,,,,,,,2020,7,30,207,0,0,1,1
239,세종,2020-07-26,23.6,21.2,0423,28.1,1450,,,,,,,3.6,290,1332,2.1,340,1407,0.9,804,320,21.4,66,1454,87.9,25.4,996.5,1008.4,2126,1005.7,0253,1007.2,14.2,1.9,,,,,,,,,8.4,5.4,26.5,20.2,,,,,,,,,,,,,,,2020,7,30,208,0,0,1,0
239,세종,2020-07-27,23.7,21.6,2348,27.3,1445,4.7,127,6.6,122,,15.0,3.6,90,1255,2.4,70,1318,1.1,974,70,21.5,66,1448,88.0,25.6,997.8,1009.4,0851,1007.2,1803,1008.5,14.1,0.2,,,,,,,,,9.9,2.9,26.2,21.9,,,,,,,,,,,,,,,2020,7,31,209,0,0,1,1
239,세종,2020-07-28,23.9,21.4,0356,26.6,1432,0.2,,0.6,121,,1.3,4.1,90,1618,3.1,90,1625,1.2,1070,70,21.9,79,1315,89.0,26.3,999.7,1011.6,2339,1008.5,0053,1010.4,14.1,0.0,,,,,,,,,9.9,6.8,26.0,22.0,,,,,,,,,,,,,,,2020,7,31,210,0,0,1,1
239,세종,2020-07-29,24.6,22.9,1014,26.5,1655,3.0,402,8.5,600,,26.6,4.5,160,0704,3.0,140,0705,0.8,713,90,23.5,89,1516,94.3,29.0,1001.5,1013.3,1111,1010.6,0331,1012.2,14.1,0.0,,,,,,,,,9.4,5.5,25.6,23.2,,,,,,,,,,,,,,,2020,7,31,211,0,0,1,1
239,세종,2020-07-30,25.2,23.8,0739,27.5,1528,12.6,730,44.7,644,,76.7,4.5,180,0202,3.1,290,0317,1.0,885,160,24.0,81,1549,93.8,29.9,1003.0,1014.9,1039,1012.0,0243,1013.6,14.1,0.6,,,,,,,,,8.9,3.5,26.0,23.5,,,,,,,,,,,,,,,2020,7,31,212,0,0,1,1
239,세종,2020-07-31,25.9,23.6,0540,30.4,1627,3.1,1950,3.3,1930,,4.3,3.9,290,1957,2.4,320,1350,0.8,700,290,23.9,71,1630,89.0,29.6,1003.5,1015.9,0954,1012.6,1736,1014.2,14.0,3.7,,,,,,,,,8.9,2.9,28.5,22.6,,,,,,,,,,,,,,,2020,7,31,213,0,0,1,1
239,세종,2020-08-01,25.2,23.0,2147,30.5,1118,4.7,2119,17.4,2259,,30.0,5.1,180,1152,3.5,160,1710,1.2,1030,160,23.3,66,1137,89.5,28.6,1000.5,1013.8,0010,1008.8,1732,1011.2,14.0,2.5,,,,,,,,,9.0,3.8,27.3,22.8,,,,,,,,,,,,,,,2020,8,31,214,0,0,1,1
239,세종,2020-08-02,26.9,23.1,0001,29.8,1238,10.6,6,23.4,1,,29.3,6.6,160,0331,3.3,200,1429,2.0,1726,180,24.0,74,1440,84.6,29.8,998.2,1010.1,0004,1007.6,2049,1008.9,14.0,2.0,,,,,,,,,9.0,6.0,27.0,22.9,,,,,,,,,,,,,,,2020,8,31,215,0,0,1,1
239,세종,2020-08-03,26.2,23.2,1646,29.1,1103,3.5,1509,6.8,1502,,14.6,6.9,180,0558,3.9,320,1518,1.8,1590,180,23.1,66,1333,83.9,28.2,998.6,1011.1,1553,1008.1,0349,1009.3,13.9,0.6,,,,,,,,,7.6,2.1,25.9,22.9,,,,,,,,,,,,,,,2020,8,32,216,0,0,1,1
239,세종,2020-08-04,27.2,24.9,2240,31.4,1241,6.4,1759,16.2,1750,,16.7,10.0,160,1758,3.4,180,1804,1.7,1438,180,24.1,65,1242,84.0,29.9,1001.1,1013.8,2307,1010.0,0204,1011.7,13.9,3.7,,,,,,,,,8.3,3.1,28.3,23.5,,,,,,,,,,,,,,,2020,8,32,217,0,0,1,1
239,세종,2020-08-05,26.0,24.7,0333,30.0,1037,8.8,1137,15.1,1134,,22.0,5.2,160,1141,3.3,160,1146,1.0,886,90,24.6,71,1044,92.5,31.0,1001.0,1013.7,0006,1008.5,2400,1011.7,13.9,2.1,,,,,,,,,8.9,3.6,27.7,24.5,,,,,,,,,,,,,,,2020,8,32,218,0,0,1,1
239,세종,2020-08-06,25.0,22.7,2336,27.4,1235,4.1,337,12.3,333,,27.0,11.6,180,0446,5.8,160,0453,2.2,1932,160,23.3,79,0241,90.8,28.7,996.2,1009.2,2319,1004.0,0446,1006.9,13.9,0.1,,,,,,,,,9.5,6.3,25.6,22.7,,,,,,,,,,,,,,,2020,8,32,219,0,0,1,1
239,세종,2020-08-07,23.0,22.2,0532,24.0,0911,2.1,2327,6.0,2301,,22.8,3.4,90,1618,2.2,90,1613,1.0,873,90,22.0,82,0932,94.6,26.5,996.2,1009.2,0001,1004.8,2305,1006.9,13.8,0.0,,,,,,,,,9.8,5.6,24.6,21.6,,,,,,,,,,,,,,,2020,8,32,220,0,0,0,1
239,세종,2020-08-08,23.7,22.4,0214,25.5,1611,2.4,657,7.0,647,,36.5,4.0,90,2010,2.3,110,2013,0.9,809,70,23.0,95,1617,96.0,28.1,992.7,1005.0,0001,1002.0,1723,1003.3,13.8,0.0,,,,,,,,,8.9,6.4,24.7,22.6,,,,,,,,,,,,,,,2020,8,32,221,0,0,1,1
239,세종,2020-08-09,26.5,24.0,0439,28.9,1445,4.6,427,12.4,345,,24.1,7.5,180,0925,4.6,160,0749,1.8,1543,160,23.3,71,2216,83.4,28.6,993.0,1004.7,2350,1002.5,1724,1003.5,13.8,0.4,,,,,,,,,8.9,4.1,26.0,23.3,,,,,,,,,,,,,,,2020,8,32,222,0,0,1,1
239,세종,2020-08-10,26.2,24.8,2322,29.3,1105,7.3,2315,13.5,2301,,27.6,4.8,200,0145,3.1,70,1211,1.3,1100,70,24.1,72,0122,89.1,30.1,993.6,1005.4,0806,1002.6,1428,1004.2,13.7,0.8,,,,,,,,,8.6,4.1,27.1,23.3,,,,,,,,,,,,,,,2020,8,33,223,0,0,1,1
239,세종,2020-08-11,25.1,23.8,1812,27.1,1522,14.6,113,24.9,32,,69.2,6.5,200,0056,4.0,320,1802,1.4,1189,180,23.7,79,1422,92.3,29.3,999.2,1012.8,2320,1004.8,0006,1009.9,13.7,0.0,,,,,,,,,9.4,4.6,26.6,23.6,,,,,,,,,,,,,,,2020,8,33,224,0,0,1,1
239,세종,2020-08-12,26.7,24.1,0508,30.2,1035,12.4,1304,23.4,1229,,26.2,5.8,320,1306,3.0,320,1312,0.7,600,320,25.2,79,1037,91.8,32.1,1002.1,1014.0,0724,1011.6,1654,1012.8,13.7,1.3,,,,,,,,,8.9,4.4,28.3,24.3,,,,,,,,,,,,,,,2020,8,33,225,0,0,1,1
239,세종,2020-08-13,28.2,24.8,0526,32.0,1550,,,,,,,5.6,230,1557,3.6,160,1315,1.2,1043,160,24.5,66,1554,81.6,30.7,999.2,1013.1,0105,1007.0,1855,1009.8,13.6,6.6,,,,,,,,,5.6,1.8,29.7,23.9,,,,,,,,,,,,,,,2020,8,33,226,0,0,1,0
239,세종,2020-08-14,28.2,26.4,0117,31.5,1436,,,,,,,6.3,230,1414,3.5,200,1315,2.0,1768,180,24.1,70,1437,79.1,30.1,996.2,1008.1,0025,1005.0,1628,1006.7,13.6,7.5,,,,,,,,,6.2,2.1,30.2,24.5,,,,,,,,,,,,,,,2020,8,33,227,0,0,1,0
239,세종,2020-08-15,28.3,25.5,2355,32.3,1512,,,,,,,6.4,180,1103,3.1,250,1311,1.5,1260,180,24.1,66,1335,78.6,30.1,998.5,1010.8,2121,1007.1,0422,1009.1,13.6,8.2,,,,,,,,,5.6,2.4,30.5,24.8,,,,,,,,,,,,,,,2020,8,33,228,0,0,1,0
239,세종,2020-08-16,27.6,23.9,0551,32.3,1429,,,,,,,5.2,230,1535,3.0,200,1542,1.3,1105,160,23.0,59,1534,77.3,28.2,1000.9,1012.8,2246,1010.0,1509,1011.5,13.5,7.3,,,,,,,,,5.3,2.5,29.9,23.2,,,,,,,,,,,,,,,2020,8,33,229,0,0,1,0
239,세종,2020-08-17,27.8,24.0,0535,33.1,1624,,,,,,,3.1,200,1158,1.8,290,0149,0.7,627,160,23.7,53,1623,80.0,29.2,1003.2,1015.3,1033,1012.6,1702,1013.8,13.5,8.2,,,,,,,,,5.0,2.8,31.2,23.0,,,,,,,,,,,,,,,2020,8,34,230,0,0,1,0
239,세종,2020-08-18,27.6,23.4,0548,33.2,1611,,,,,,,4.2,360,1127,2.5,340,1113,1.1,945,290,23.5,53,1541,80.8,29.0,1002.5,1015.1,0747,1010.9,1702,1013.1,13.5,10.9,,,,,,,,,1.6,0.9,31.7,23.1,,,,,,,,,,,,,,,2020,8,34,231,0,0,1,0
239,세종,2020-08-19,27.5,23.4,0642,33.2,1558,,,,,,,4.1,340,1449,2.5,320,1452,1.3,1100,290,23.0,53,1403,78.4,28.1,1001.0,1013.2,0334,1009.2,1628,1011.6,13.4,9.4,,,,,,,,,1.1,1.0,31.5,23.6,,,,,,,,,,,,,,,2020,8,34,232,0,0,1,0
239,세종,2020-08-20,27.9,23.2,0450,33.3,1527,,,,,,,3.9,140,1330,2.6,70,1331,1.1,948,290,22.9,49,1413,76.5,27.9,1001.8,1014.1,0749,1010.4,1524,1012.4,13.4,9.5,,,,,,,,,2.8,2.5,32.7,23.2,,,,,,,,,,,,,,,2020,8,34,233,0,0,1,0
239,세종,2020-08-21,27.8,23.0,0538,33.5,1544,,,,,,,4.5,320,1844,3.1,320,1846,1.1,947,270,23.4,51,1404,78.6,28.7,1003.1,1015.3,1026,1012.3,1832,1013.7,13.3,9.1,,,,,,,,,5.8,3.3,33.3,22.8,,,,,,,,,,,,,,,2020,8,34,234,0,0,1,0
239,세종,2020-08-22,25.6,23.2,2045,30.5,1235,0.7,1349,0.8,1338,,0.8,5.5,160,1544,3.8,160,1539,1.3,1131,160,22.6,64,1238,83.8,27.4,1001.7,1014.0,0742,1010.5,1717,1012.4,13.3,1.3,,,,,,,,,9.0,4.9,28.8,22.9,,,,,,,,,,,,,,,2020,8,34,235,0,0,1,1
239,세종,2020-08-23,26.0,22.4,0531,31.4,1533,,,,,,,4.6,180,1349,3.2,320,1840,1.1,976,160,21.4,50,1635,77.8,25.6,998.0,1011.2,0001,1006.3,1814,1008.6,13.3,9.1,,,,,,,,,4.5,2.5,30.6,22.1,,,,,,,,,,,,,,,2020,8,34,236,0,0,1,0
239,세종,2020-08-24,27.4,22.3,0555,32.7,1424,,,,,,,4.7,110,1301,2.4,180,1219,1.1,920,250,22.4,52,1413,75.8,27.1,994.8,1007.7,0059,1003.2,1743,1005.3,13.2,11.1,,,,,,,,,3.3,2.0,32.2,21.6,,,,,,,,,,,,,,,2020,8,35,237,0,0,1,0
239,세종,2020-08-25,29.1,24.0,0626,34.8,1512,,,,,,,4.6,140,1126,3.1,140,1200,1.1,948,140,22.7,42,1346,71.0,27.7,994.4,1006.2,2345,1003.3,1733,1004.8,13.2,10.3,,,,,,,,,4.6,0.6,33.5,22.8,,,,,,,,,,,,,,,2020,8,35,238,0,0,1,0
239,세종,2020-08-26,28.9,25.8,2351,33.4,1311,0.6,2152,0.9,2253,,1.5,9.6,70,2033,5.6,70,2025,3.1,2648,90,22.8,55,1326,70.9,27.8,990.8,1005.9,0001,997.3,2332,1001.2,13.2,6.2,,,,,,,,,7.6,1.8,31.5,24.3,,,,,,,,,,,,,,,2020,8,35,239,0,0,1,1
239,세종,2020-08-27,27.8,25.6,2346,31.5,1128,9.7,1834,14.2,1806,,20.0,9.4,160,0714,5.0,160,0720,2.1,1845,180,24.0,61,1117,81.0,30.0,991.6,1006.4,2313,996.6,0302,1002.1,13.1,4.3,,,,,,,,,7.3,3.8,29.1,24.6,,,,,,,,,,,,,,,2020,8,35,240,0,0,1,1
239,세종,2020-08-28,27.8,24.2,2105,33.5,1432,16.3,1932,59.0,1925,,71.3,6.8,70,1915,4.9,70,1920,1.2,1026,290,24.1,56,1449,82.1,30.1,996.7,1010.0,2221,1005.3,1640,1007.3,13.1,7.1,,,,,,,,,8.4,2.4,30.1,24.0,,,,,,,,,,,,,,,2020,8,35,241,0,0,1,1
239,세종,2020-08-29,26.2,24.1,0516,31.4,1319,9.2,1902,20.7,1844,,28.3,4.0,160,1529,2.4,180,1330,1.1,929,90,24.3,64,1321,90.0,30.3,998.9,1011.5,2244,1008.0,1411,1009.5,13.1,2.7,,,,,,,,,7.3,3.1,27.7,23.1,,,,,,,,,,,,,,,2020,8,35,242,0,0,1,1
239,세종,2020-08-30,27.0,24.6,2230,32.6,1449,9.2,2222,26.9,2204,,33.1,3.7,320,1245,2.9,90,2202,1.0,851,290,24.6,61,1436,87.5,31.0,1000.7,1013.2,2203,1009.9,1538,1011.3,13.0,4.8,,,,,,,,,7.5,3.9,29.8,24.2,,,,,,,,,,,,,,,2020,8,35,243,0,0,1,1
239,세종,2020-08-31,26.7,24.3,0543,30.9,1238,0.1,,0.1,,,0.1,6.2,140,1235,4.0,70,1459,2.3,2000,70,22.3,60,1416,77.8,26.9,1001.6,1013.4,0920,1010.6,1610,1012.2,13.0,5.7,,,,,,,,,6.3,2.4,29.1,23.3,,,,,,,,,,,,,,,2020,8,36,244,0,0,1,1
239,세종,2020-09-01,26.6,22.7,0536,30.9,1452,,,,,,,4.9,90,0852,3.1,90,0119,2.0,1711,70,20.6,58,1313,70.1,24.4,998.6,1012.4,0001,1007.2,1607,1009.2,13.0,8.4,,,,,,,,,6.8,5.1,28.8,21.8,,,,,,,,,,,,,,,2020,9,36,245,0,0,1,0
239,세종,2020-09-02,24.2,22.8,2337,26.0,0018,3.3,2327,5.8,2300,,28.9,8.7,360,2350,5.6,340,2350,2.1,1830,70,22.8,80,0001,92.4,27.8,991.2,1008.1,0012,990.7,2349,1001.8,12.9,0.0,,,,,,,,,10.0,5.4,25.8,22.3,,,,,,,,,,,,,,,2020,9,36,246,0,0,1,1
239,세종,2020-09-03,22.9,20.6,0750,26.6,1315,4.7,356,18.9,348,,50.0,12.9,340,0117,8.4,340,0121,3.3,2891,290,18.8,57,1337,79.0,21.8,988.4,1010.1,2336,982.9,0401,999.0,12.9,6.5,,,,,,,,,6.8,3.5,24.7,19.7,,,,,,,,,,,,,,,2020,9,36,247,0,0,1,1
239,세종,2020-09-04,23.4,20.2,0615,28.4,1500,,,,,,,5.6,140,0123,3.5,160,1233,1.6,1354,160,17.4,42,1402,70.3,19.8,1002.1,1014.8,2334,1009.9,0018,1012.9,12.8,10.1,,,,,,,,,3.9,2.1,26.0,18.2,,,,,,,,,,,,,,,2020,9,36,248,0,0,1,0
239,세종,2020-09-05,21.9,19.5,0354,24.9,1336,,,,,,,4.8,70,2101,3.6,90,2106,1.3,1124,90,16.8,53,1819,74.5,19.3,1003.0,1015.5,1040,1012.5,1821,1013.8,12.8,0.4,,,,,,,,,9.1,2.6,23.5,17.9,,,,,,,,,,,,,,,2020,9,36,249,0,0,0,0
239,세종,2020-09-06,20.7,18.1,2400,24.9,1301,2.4,2345,5.6,2301,,16.3,6.6,70,2155,3.6,50,2322,1.8,1586,70,16.9,63,1305,79.6,19.2,997.5,1013.5,0023,1002.1,2358,1008.3,12.8,0.6,,,,,,,,,10.0,5.0,22.2,17.9,,,,,,,,,,,,,,,2020,9,36,250,0,0,0,1
239,세종,2020-09-07,19.1,16.3,0544,21.8,2210,3.1,2,10.8,1,,45.2,11.0,340,0855,7.1,340,0857,3.4,2947,340,17.0,75,2200,88.0,19.4,982.9,1003.2,2355,984.9,1059,993.6,12.7,0.0,,,,,,,,,7.0,4.6,19.2,15.9,,,,,,,,,,,,,,,2020,9,37,251,0,0,0,1
239,세종,2020-09-08,23.4,20.4,2316,27.7,1355,,,,,,,7.2,180,0109,4.3,180,0116,1.9,1620,180,18.1,51,1550,73.5,20.8,999.7,1013.3,2202,1003.2,0001,1010.4,12.7,8.7,,,,,,,,,2.8,1.4,24.5,18.2,,,,,,,,,,,,,,,2020,9,37,252,0,0,1,0
239,세종,2020-09-09,21.3,18.2,0630,25.2,1448,1.0,145,3.4,145,,7.1,4.9,180,1037,2.9,160,1048,1.3,1092,160,17.9,64,1354,81.9,20.5,999.8,1013.8,0144,1008.0,1551,1010.6,12.6,5.9,,,,,,,,,6.4,3.4,24.3,17.9,,,,,,,,,,,,,,,2020,9,37,253,0,0,1,1
239,세종,2020-09-10,22.1,18.3,0642,27.7,1552,,,,,,,3.5,110,0934,2.1,110,0937,0.8,667,320,18.0,47,1548,79.8,20.7,998.7,1011.8,2400,1008.4,0340,1009.5,12.6,7.0,,,,,,,,,6.0,3.1,24.5,17.0,,,,,,,,,,,,,,,2020,9,37,254,0,0,1,0
239,세종,2020-09-11,21.4,18.4,2339,25.2,1227,0.9,2243,2.6,2212,,3.6,4.6,90,1145,3.2,70,1220,1.4,1207,70,17.7,62,1211,80.3,20.2,1003.4,1016.3,2250,1011.8,0001,1014.3,12.6,0.0,,,,,,,,,9.1,3.3,22.4,17.2,,,,,,,,,,,,,,,2020,9,37,255,0,0,1,1
239,세종,2020-09-12,19.0,17.3,0722,20.1,1703,1.2,711,4.5,640,,9.9,5.5,360,0711,3.1,70,0630,1.4,1222,20,17.1,83,1211,89.0,19.5,1004.6,1016.4,2148,1014.5,1427,1015.5,12.5,0.0,,,,,,,,,5.1,2.5,20.5,17.4,,,,,,,,,,,,,,,2020,9,37,256,0,0,0,1
239,세종,2020-09-13,21.0,17.8,0553,26.6,1548,,,,,,,5.3,320,1652,3.5,320,1653,1.2,1037,320,15.3,45,1545,71.9,17.4,1004.7,1016.9,0726,1013.8,1549,1015.6,12.5,9.5,,,,,,,,,3.8,0.6,23.3,16.0,,,,,,,,,,,,,,,2020,9,37,257,0,0,1,0
239,세종,2020-09-14,20.9,15.2,0616,27.6,1434,,,,,,,4.4,290,1153,2.4,290,1241,1.1,920,290,16.3,50,1356,77.1,18.5,1004.0,1016.3,0722,1012.8,1606,1014.8,12.5,9.9,,,,,,,,,5.1,1.6,23.5,14.6,,,,,,,,,,,,,,,2020,9,38,258,0,0,1,0
239,세종,2020-09-15,21.7,17.6,0527,28.4,1312,,,,,,,3.2,70,1244,2.0,50,1153,0.9,770,90,17.7,50,1542,80.0,20.2,1002.1,1015.2,0001,1011.0,1829,1012.9,12.4,5.9,,,,,,,,,6.0,2.0,23.8,15.8,,,,,,,,,,,,,,,2020,9,38,259,0,0,1,0
239,세종,2020-09-16,20.6,19.4,0630,22.5,1512,0.5,1029,1.1,135,,3.0,3.7,160,1031,2.4,160,1037,0.9,736,90,19.5,82,1003,93.5,22.6,999.3,1012.1,0037,1008.4,1509,1010.1,12.4,0.2,,,,,,,,,6.6,2.6,22.8,18.7,,,,,,,,,,,,,,,2020,9,38,260,0,0,0,1
239,세종,2020-09-17,20.7,17.7,2340,23.4,1322,2.4,1904,3.9,1701,,7.3,4.6,180,1908,2.7,160,1915,1.0,826,290,19.0,76,1327,90.5,22.1,1000.1,1012.2,2355,1009.4,1652,1010.9,12.3,0.0,,,,,,,,,9.8,4.8,22.8,18.2,,,,,,,,,,,,,,,2020,9,38,261,0,0,0,1
239,세종,2020-09-18,19.9,15.9,2337,25.2,1407,,,,,,,4.8,290,1140,2.7,290,1246,1.2,1026,290,14.3,39,1356,73.9,16.6,1003.2,1016.5,2355,1011.7,0419,1014.1,12.3,8.2,,,,,,,,,5.4,2.3,22.8,13.8,,,,,,,,,,,,,,,2020,9,38,262,0,0,1,0
239,세종,2020-09-19,19.0,14.7,0551,26.1,1316,0.0,,0.0,,,0.0,6.4,290,1421,3.8,320,1454,1.4,1224,290,14.6,41,1652,77.1,16.7,1005.3,1017.4,2350,1014.1,1622,1016.2,12.3,9.0,,,,,,,,,2.4,0.9,19.6,12.5,,,,,,,,,,,,,,,2020,9,38,263,0,0,1,0
239,세종,2020-09-20,17.8,12.8,0530,24.8,1427,,,,,,,7.3,290,1546,4.8,340,1459,1.6,1381,320,10.7,29,1639,69.4,13.1,1006.7,1019.4,2344,1016.2,1506,1017.7,12.2,7.5,,,,,,,,,1.1,0.9,19.8,10.6,,,,,,,,,,,,,,,2020,9,38,264,0,0,0,0
239,세종,2020-09-21,17.4,12.2,0450,24.1,1439,,,,,,,4.1,110,1247,2.7,70,1250,0.9,764,90,10.8,32,1251,68.4,13.0,1007.5,1020.1,0951,1016.8,1819,1018.6,12.2,9.7,,,,,,,,,4.3,0.4,20.2,9.2,,,,,,,,,,,,,,,2020,9,39,265,0,0,0,0
239,세종,2020-09-22,19.1,14.5,0645,23.8,1539,,,,,,,4.7,70,1342,3.4,70,1334,1.6,1392,70,11.5,46,1559,62.6,13.6,1007.5,1020.5,0921,1016.2,1539,1018.5,12.2,7.1,,,,,,,,,5.4,2.9,21.1,12.4,,,,,,,,,,,,,,,2020,9,39,266,0,0,0,0
239,세종,2020-09-23,18.5,13.5,0626,23.1,1557,,,,,,,6.4,50,1408,3.9,70,1411,1.5,1263,70,11.9,48,1534,66.1,13.9,1006.6,1019.3,0930,1016.2,1534,1017.6,12.1,3.3,,,,,,,,,8.8,4.5,19.9,11.8,,,,,,,,,,,,,,,2020,9,39,267,0,0,0,0
239,세종,2020-09-24,20.2,15.3,0633,25.9,1357,,,,,,,6.9,70,1652,4.7,70,1657,1.8,1518,90,12.6,46,1536,63.0,14.6,1003.8,1017.5,0001,1012.2,1620,1014.7,12.1,9.5,,,,,,,,,5.8,3.5,22.8,11.9,,,,,,,,,,,,,,,2020,9,39,268,0,0,1,0
239,세종,2020-09-25,20.0,14.3,0640,26.0,1514,,,,,,,6.0,70,1714,3.8,360,1302,1.6,1378,50,12.6,46,1501,63.9,14.6,1002.0,1015.2,2322,1010.8,1541,1012.9,12.0,7.9,,,,,,,,,5.0,2.4,22.0,12.3,,,,,,,,,,,,,,,2020,9,39,269,0,0,1,0
239,세종,2020-09-26,19.4,15.2,0634,24.7,1548,,,,,,,6.6,360,1534,3.6,340,1537,1.7,1508,20,11.3,44,1712,60.5,13.4,1005.1,1018.4,2355,1014.3,0152,1016.0,12.0,8.0,,,,,,,,,4.4,2.0,20.8,12.9,,,,,,,,,,,,,,,2020,9,39,270,0,0,0,0
239,세종,2020-09-27,19.0,13.8,0542,25.2,1559,,,,,,,5.1,340,1659,3.1,340,1707,1.0,831,50,12.4,40,1531,68.1,14.5,1007.6,1020.2,0803,1016.7,1613,1018.6,12.0,10.1,,,,,,,,,1.3,0.5,21.9,11.0,,,,,,,,,,,,,,,2020,9,39,271,0,0,1,0
239,세종,2020-09-28,18.2,13.5,0623,25.1,1519,,,,,,,3.3,70,1541,2.1,90,1416,0.9,786,160,11.7,35,1624,69.3,13.8,1006.1,1019.5,0730,1014.9,1830,1017.1,11.9,10.0,,,,,,,,,1.0,0.0,21.6,10.4,,,,,,,,,,,,,,,2020,9,40,272,0,0,1,0
239,세종,2020-09-29,18.2,12.7,0511,24.2,1142,,,,,,,5.3,340,1404,3.3,320,1449,1.2,1042,320,12.0,37,1445,70.0,14.1,1001.1,1015.8,0055,1009.3,1548,1012.1,11.9,0.0,,,,,,,,,5.5,1.4,20.8,9.9,,,,,,,,,,,,,,,2020,9,40,273,0,0,0,0
239,세종,2020-09-30,18.6,13.9,0642,25.0,1406,,,,,,,3.5,110,1441,2.4,290,1758,0.8,673,290,13.8,43,1355,76.5,15.9,1000.1,1012.7,2305,1009.2,1458,1011.0,11.9,8.3,,,,,,,,,4.0,2.6,22.7,11.4,,,,,,,,,,,,,,,2020,9,40,274,0,0,1,0
239,세종,2020-10-01,19.2,15.4,0608,24.3,1459,,,,,,,5.5,160,1329,2.8,160,1257,1.1,925,290,14.2,51,1510,74.6,16.2,1003.0,1015.3,1019,1012.2,0016,1013.9,11.8,7.1,,,,,,,,,6.3,2.5,23.3,13.7,,,,,,,,,,,,,,,2020,10,40,275,0,0,0,0
239,세종,2020-10-02,19.5,15.3,0644,24.6,1346,,,,,,,5.4,160,1216,3.4,160,1207,1.1,971,320,14.1,44,1537,73.3,16.1,1004.5,1016.6,2317,1014.1,1457,1015.4,11.8,7.1,,,,,,,,,7.0,3.0,23.0,13.7,,,,,,,,,,,,,,,2020,10,40,276,0,0,0,0
239,세종,2020-10-03,18.9,17.1,0629,22.7,1422,0.4,104,1.7,37,,5.9,2.6,320,0723,1.9,320,1517,0.9,815,180,17.1,69,1410,89.8,19.5,1004.6,1017.4,1033,1014.1,1404,1015.6,11.7,1.0,,,,,,,,,9.8,4.9,21.1,16.1,,,,,,,,,,,,,,,2020,10,40,277,0,0,0,1
239,세종,2020-10-04,17.2,12.1,2400,20.8,1450,0.1,,0.2,,,0.3,7.9,340,2015,5.4,320,2021,1.6,1382,290,12.4,55,1604,75.3,14.9,1002.3,1016.6,2352,1010.3,1434,1013.3,11.7,0.9,,,,,,,,,9.5,2.8,19.5,8.8,,,,,,,,,,,,,,,2020,10,40,278,0,0,0,1
239,세종,2020-10-05,13.1,6.1,0636,19.5,1356,,,,,,,7.0,340,1526,4.8,340,1533,1.7,1461,320,5.1,39,1323,60.3,8.8,1007.5,1020.9,2311,1016.5,0001,1018.8,11.7,9.2,,,,,,,,,3.0,1.8,16.0,2.6,,,,,,,,,,,,,,,2020,10,41,279,0,0,0,0
239,세종,2020-10-06,13.3,8.0,0625,19.5,1503,,,,,,,5.1,340,1208,3.7,320,1623,1.2,1057,290,5.5,31,1457,63.8,9.1,1011.4,1025.0,2334,1020.8,0005,1022.7,11.6,9.6,,,,,,,,,2.1,1.1,16.9,3.2,,,,,,,,,,,,,,,2020,10,41,280,0,0,0,0
239,세종,2020-10-07,15.8,9.8,0444,22.3,1515,,,,,,,4.7,70,1214,3.2,70,1235,1.3,1097,50,7.9,34,1501,62.0,10.7,1014.2,1027.1,0733,1023.0,1508,1025.4,11.6,8.4,,,,,,,,,5.6,4.8,18.7,7.0,,,,,,,,,,,,,,,2020,10,41,281,0,0,0,0
239,세종,2020-10-08,17.2,12.4,0631,22.2,1452,,,,,,,7.8,50,1205,4.7,90,1206,2.2,1941,90,5.8,30,1939,50.4,9.4,1015.1,1028.5,0916,1024.0,1538,1026.3,11.5,9.5,,,,,,,,,1.1,0.6,19.2,7.3,,,,,,,,,,,,,,,2020,10,41,282,0,0,0,0
239,세종,2020-10-09,17.2,10.8,0535,22.7,1414,,,,,,,8.5,90,1046,5.4,90,1102,2.4,2036,90,7.1,37,1348,52.8,10.1,1011.7,1026.5,0001,1020.0,1632,1022.9,11.5,9.4,,,,,,,,,2.4,1.5,19.1,6.6,,,,,,,,,,,,,,,2020,10,41,283,0,0,0,0
239,세종,2020-10-10,16.7,10.8,0650,22.4,1529,,,,,,,5.5,340,1624,3.2,340,1626,1.3,1103,20,8.9,40,1516,61.8,11.4,1008.4,1022.3,0010,1016.9,1836,1019.6,11.5,9.2,,,,,,,,,4.9,2.6,19.6,7.7,,,,,,,,,,,,,,,2020,10,41,284,0,0,0,0
239,세종,2020-10-11,16.2,11.9,0638,21.0,1126,,,,,,,3.7,90,0903,2.5,90,0909,1.1,971,90,11.3,51,1110,74.3,13.5,1005.3,1018.9,0811,1014.5,1437,1016.4,11.4,4.3,,,,,,,,,4.4,2.4,16.9,7.2,,,,,,,,,,,,,,,2020,10,41,285,0,0,0,0
239,세종,2020-10-12,16.0,11.8,2343,22.5,1405,0.1,,0.2,,,0.2,4.6,320,1548,2.6,290,1822,1.2,1004,270,11.3,43,1344,76.1,13.6,1004.9,1018.7,2350,1013.6,1517,1016.0,11.4,4.4,,,,,,,,,6.1,3.1,18.3,7.0,,,,,,,,,,,,,,,2020,10,42,286,0,0,0,1
239,세종,2020-10-13,11.7,7.4,0549,17.8,1441,,,,,,,5.4,340,1522,3.8,320,1522,1.1,934,320,4.9,28,1303,68.1,8.8,1010.3,1024.2,2244,1018.7,0001,1021.7,11.4,4.6,,,,,,,,,6.0,3.0,15.1,2.6,,,,,,,,,,,,,,,2020,10,42,287,0,0,0,0
239,세종,2020-10-14,11.6,7.4,0405,19.4,1441,,,,,,,6.6,340,1618,4.6,340,1657,1.2,999,290,4.9,31,1841,66.9,8.8,1014.1,1027.0,2333,1023.7,1442,1025.5,11.3,3.1,,,,,,,,,5.5,2.9,14.6,3.4,,,,,,,,,,,,,,,2020,10,42,288,0,0,0,0
239,세종,2020-10-15,10.8,5.1,0515,18.0,1525,,,,,,,4.4,340,1702,3.2,320,1709,1.1,918,320,1.0,23,1502,55.5,6.7,1014.9,1028.2,0844,1024.1,1551,1026.3,11.3,5.8,,,,,,,,,6.6,3.4,14.4,0.5,,,,,,,,,,,,,,,2020,10,42,289,0,0,0,0
239,세종,2020-10-16,10.8,6.3,0401,15.7,1419,,,,,,,2.0,320,1319,1.6,320,1325,0.5,467,70,5.7,45,1217,72.8,9.2,1013.1,1026.7,0758,1022.3,1622,1024.5,11.3,0.3,,,,,,,,,7.5,2.4,12.7,1.6,,,,,,,,,,,,,,,2020,10,42,290,0,0,0,0
239,세종,2020-10-17,12.1,7.4,0427,19.5,1430,,,,,,,5.7,320,1646,3.3,320,1649,1.0,873,320,5.8,37,1623,68.9,9.3,1012.5,1025.3,2233,1021.8,1554,1023.8,11.2,7.7,,,,,,,,,2.1,0.9,14.3,0.9,,,,,,,,,,,,,,,2020,10,42,291,0,0,0,0
239,세종,2020-10-18,11.4,4.7,0656,19.4,1432,,,,,,,6.0,320,1338,3.5,360,1345,1.0,890,20,4.9,31,1502,69.3,8.7,1013.4,1026.9,0921,1022.5,1504,1024.8,11.2,9.5,,,,,,,,,3.5,0.8,14.1,-1.8,,,,,,,,,,,,,,,2020,10,42,292,0,0,0,0
239,세종,2020-10-19,12.7,6.9,0558,21.6,1410,,,,,,,4.0,340,1309,2.7,320,1446,0.8,673,90,6.2,26,1359,69.1,9.5,1014.2,1027.5,2349,1023.3,1455,1025.6,11.1,8.9,,,,,,,,,0.4,0.4,14.7,1.2,,,,,,,,,,,,,,,2020,10,43,293,0,0,0,0
239,세종,2020-10-20,12.9,7.6,0515,21.1,1427,,,,,,,3.6,340,1401,2.1,320,1403,0.6,549,90,7.6,34,1332,74.4,10.5,1014.8,1029.3,0817,1023.6,1746,1026.2,11.1,6.8,,,,,,,,,2.8,2.6,15.6,3.2,,,,,,,,,,,,,,,2020,10,43,294,0,0,0,0
239,세종,2020-10-21,12.9,9.3,0501,16.3,1205,,,,,,,2.9,70,1522,1.9,70,1526,0.6,558,110,8.9,60,1211,78.4,11.4,1008.4,1024.6,0001,1016.8,1808,1019.7,11.1,0.1,,,,,,,,,9.1,3.9,13.2,5.7,,,,,,,,,,,,,,,2020,10,43,295,0,0,0,0
239,세종,2020-10-22,12.7,9.5,0725,18.1,1316,,,,,,,7.3,340,1446,4.7,340,1521,1.4,1234,290,7.1,44,1636,71.0,10.4,1003.4,1016.9,0001,1012.0,1359,1014.6,11.0,2.3,,,,,,,,,4.3,3.4,13.5,5.1,,,,,,,,,,,,,,,2020,10,43,296,0,0,0,0
239,세종,2020-10-23,9.5,6.3,0526,14.6,1429,,,,,,,8.3,340,1352,5.4,320,1353,1.8,1541,290,0.5,26,1353,55.4,6.4,1004.4,1017.4,2326,1013.4,1430,1015.2,11.0,8.5,,,,,,,,,1.0,0.9,12.0,1.1,,,,,,,,,,,,,,,2020,10,43,297,0,0,0,0
239,세종,2020-10-24,8.0,1.8,0702,13.4,1203,,,,,,,9.8,320,1429,6.7,320,1317,1.7,1471,320,-1.0,23,1225,58.4,5.8,1008.4,1021.0,2311,1017.4,0001,1019.4,10.9,9.4,,,,,,,,,1.3,0.9,10.2,-1.7,,,,,,,,,,,,,,,2020,10,43,298,0,0,0,0
239,세종,2020-10-25,10.6,3.0,0552,19.4,1406,,,,,,,5.3,270,1326,2.7,290,1309,1.0,882,290,4.0,37,1322,66.9,8.2,1009.7,1022.5,0856,1018.0,1521,1020.6,10.9,8.5,,,,,,,,,3.3,0.8,11.1,-0.5,,,,,,,,,,,,,,,2020,10,43,299,0,0,0,0
239,세종,2020-10-26,11.3,5.0,0634,18.8,1405,,,,,,,4.5,340,1712,2.6,340,1710,0.7,593,320,5.0,38,1648,68.4,8.7,1009.4,1022.2,0823,1018.2,1619,1020.2,10.9,9.0,,,,,,,,,0.6,0.1,12.7,1.0,,,,,,,,,,,,,,,2020,10,44,300,0,0,0,0
239,세종,2020-10-27,12.3,5.7,0648,20.4,1446,,,,,,,3.6,340,1739,2.7,340,1740,0.7,626,70,6.9,40,1401,72.6,10.0,1010.5,1023.0,0843,1019.4,1349,1021.3,10.9,8.5,,,,,,,,,2.6,1.1,13.4,2.0,,,,,,,,,,,,,,,2020,10,44,301,0,0,0,0
239,세종,2020-10-28,13.0,8.6,2212,20.2,1412,,,,,,,6.2,320,1613,4.3,320,1613,1.2,1065,320,4.0,19,1614,59.3,8.6,1012.0,1025.0,2359,1020.6,1438,1022.8,10.8,5.7,,,,,,,,,4.9,1.3,14.3,2.4,,,,,,,,,,,,,,,2020,10,44,302,0,0,0,0
239,세종,2020-10-29,9.1,2.8,0649,16.5,1523,,,,,,,4.8,340,1723,3.3,340,1729,0.9,789,290,-0.8,24,1202,53.4,5.8,1013.1,1026.3,0745,1021.9,1518,1024.1,10.8,8.8,,,,,,,,,3.6,2.3,9.8,-2.4,,,,,,,,,,,,,,,2020,10,44,303,0,0,0,0
239,세종,2020-10-30,10.2,3.0,0642,18.6,1451,,,,,,,3.8,50,1244,2.4,340,1526,0.6,556,320,1.9,28,1432,60.6,7.0,1014.4,1027.0,2306,1023.6,1431,1025.3,10.8,9.0,,,,,,,,,0.8,0.5,11.3,-1.0,,,,,,,,,,,,,,,2020,10,44,304,0,0,0,0
239,세종,2020-10-31,12.7,6.3,0710,19.7,1438,,,,,,,4.2,140,1318,3.0,140,1321,0.8,655,200,4.7,35,1436,60.8,8.6,1013.9,1027.5,0709,1022.0,2225,1024.7,10.7,7.9,,,,,,,,,4.4,1.6,12.9,0.7,,,,,,,,,,,,,,,2020,10,44,305,0,0,0,0
239,세종,2020-11-01,11.9,11.0,0801,12.8,1848,,,,,,5.1,4.9,250,1604,2.9,160,1147,1.0,841,200,9.5,64,0015,86.1,12.0,1009.8,1022.3,0022,1019.0,1751,1020.6,10.7,0.0,,,,,,,,,9.9,3.8,12.8,9.8,,,,,,,,,,,,,,,2020,11,44,306,0,0,0,1
239,세종,2020-11-02,10.7,4.0,2400,16.6,1309,,,,,,,7.0,340,1422,5.3,340,1542,1.3,1113,290,0.8,15,1511,60.9,7.3,1009.7,1022.3,0954,1019.4,1435,1020.6,10.6,7.2,,,,,,,,,2.4,1.0,11.9,0.8,,,,,,,,,,,,,,,2020,11,45,307,0,0,0,0
239,세종,2020-11-03,5.9,1.5,2307,8.9,1347,,,,,,0.1,10.5,320,1408,6.7,340,1312,2.7,2369,320,-4.2,28,0840,49.9,4.6,1011.3,1024.2,2232,1019.3,0128,1022.3,10.6,7.2,,,,,,,,,3.4,2.0,6.5,-3.4,,,,,,,,,,,,,,,2020,11,45,308,0,0,0,1
239,세종,2020-11-04,4.0,-2.1,0648,10.7,1355,,,,,,,5.9,340,1249,3.7,340,1258,1.2,994,290,-5.9,20,1433,54.3,4.1,1014.8,1028.0,0857,1023.9,0004,1026.0,10.6,8.9,,,,,,,,,0.0,0.0,5.1,-5.6,,,,,,,,,,,,,,,2020,11,45,309,0,0,0,0
239,세종,2020-11-05,7.5,-0.7,0603,15.1,1453,,,,,,,2.5,70,0946,1.7,110,0938,0.7,563,340,-0.3,34,1508,60.4,6.0,1016.3,1029.5,0836,1025.2,1531,1027.3,10.6,7.6,,,,,,,,,5.9,2.4,8.2,-4.5,,,,,,,,,,,,,,,2020,11,45,310,0,0,0,0
239,세종,2020-11-06,11.2,8.1,0617,14.0,1540,,,,,,0.3,3.1,160,0931,2.4,160,0934,0.6,498,160,6.0,51,1227,71.4,9.5,1010.9,1026.4,0004,1018.9,1730,1021.8,10.5,0.1,,,,,,,,,8.1,4.1,11.3,6.7,,,,,,,,,,,,,,,2020,11,45,311,0,0,0,1
239,세종,2020-11-07,13.2,7.7,2340,19.5,1401,,,,,,,5.8,270,1454,3.3,290,1334,1.1,965,290,5.5,23,1522,64.3,9.3,1007.8,1020.4,2319,1016.4,1313,1018.5,10.5,6.4,,,,,,,,,3.4,1.9,13.1,3.1,,,,,,,,,,,,,,,2020,11,45,312,0,0,0,0
239,세종,2020-11-08,8.9,4.7,2345,14.9,1126,,,,,,,8.9,340,1437,5.7,340,1300,2.2,1861,290,-4.3,9,1438,47.6,5.2,1011.8,1026.6,2318,1019.8,0039,1022.8,10.5,8.5,,,,,,,,,0.5,0.3,9.1,-0.9,,,,,,,,,,,,,,,2020,11,45,313,0,0,0,0
239,세종,2020-11-09,6.5,-1.0,0633,11.5,1550,,,,,,,8.2,340,1250,4.8,340,1256,1.2,1028,290,-5.5,16,1213,45.5,4.2,1014.6,1027.6,0831,1024.0,1702,1025.7,10.4,8.1,,,,,,,,,2.9,1.8,5.9,-6.1,,,,,,,,,,,,,,,2020,11,46,314,0,0,0,0
239,세종,2020-11-10,7.6,2.6,0716,13.1,1354,,,,,,,7.9,340,1339,5.2,320,1457,1.5,1309,320,-2.8,24,1246,51.4,5.1,1017.6,1030.8,2238,1025.2,0003,1028.6,10.4,8.9,,,,,,,,,0.3,0.3,8.0,-3.8,,,,,,,,,,,,,,,2020,11,46,315,0,0,0,0
239,세종,2020-11-11,7.9,1.1,0631,16.1,1506,,,,,,,3.4,320,1223,1.9,110,1338,0.5,451,20,-1.0,25,1355,57.3,5.7,1020.8,1033.5,0947,1030.5,1504,1031.9,10.4,8.8,,,,,,,,,0.0,0.0,7.9,-4.1,,,,,,,,,,,,,,,2020,11,46,316,0,0,0,0
239,세종,2020-11-12,9.2,1.7,0707,18.5,1453,,,,,,,3.7,360,1333,2.5,360,1342,0.6,479,70,0.3,23,1414,58.0,6.3,1019.3,1032.9,0830,1027.5,1730,1030.3,10.3,8.8,,,,,,,,,1.6,0.3,8.4,-4.3,,,,,,,,,,,,,,,2020,11,46,317,0,0,0,0
239,세종,2020-11-13,9.7,3.6,0706,16.8,1414,,,,,,,3.4,340,1801,2.0,340,1807,0.6,503,70,4.3,44,1131,71.3,8.4,1017.9,1030.3,0923,1026.9,1559,1028.8,10.3,6.1,,,,,,,,,1.6,1.5,8.6,-1.9,,,,,,,,,,,,,,,2020,11,46,318,0,0,0,0
239,세종,2020-11-14,10.2,4.3,0453,18.7,1526,,,,,,,2.8,70,1423,2.0,290,1705,0.7,577,90,3.9,32,1516,69.8,8.1,1018.3,1031.5,0916,1027.6,1526,1029.2,10.3,5.6,,,,,,,,,5.6,4.0,10.6,-1.0,,,,,,,,,,,,,,,2020,11,46,319,0,0,0,0
239,세종,2020-11-15,11.0,4.8,0727,18.6,1303,,,,,,,4.7,320,1316,2.9,290,1316,0.8,696,290,5.1,39,1407,69.4,8.8,1016.4,1029.3,0826,1025.3,1530,1027.3,10.2,8.0,,,,,,,,,2.1,1.3,10.5,-1.1,,,,,,,,,,,,,,,2020,11,46,320,0,0,0,0
239,세종,2020-11-16,10.9,5.6,0707,17.5,1501,,,,,,,3.2,50,1410,1.9,360,1328,0.5,440,70,6.0,44,1506,74.5,9.3,1015.1,1028.0,0915,1023.9,1727,1026.0,10.2,6.1,,,,,,,,,2.9,2.1,10.7,0.4,,,,,,,,,,,,,,,2020,11,47,321,0,0,0,0
239,세종,2020-11-17,15.0,10.3,0005,19.4,1349,,,,,,2.9,4.5,160,1520,3.2,140,1529,0.8,730,90,9.8,51,1111,73.1,12.3,1013.0,1026.0,0029,1022.0,1448,1023.7,10.2,2.0,,,,,,,,,7.6,4.5,13.1,2.7,,,,,,,,,,,,,,,2020,11,47,322,0,0,0,1
239,세종,2020-11-18,15.8,12.6,0643,18.6,1327,,,,,,3.3,2.8,110,0715,2.0,70,1200,0.8,698,90,14.3,77,1317,91.1,16.3,1005.7,1022.1,0002,1011.1,2400,1016.3,10.2,0.0,,,,,,,,,9.0,3.0,14.1,8.5,,,,,,,,,,,,,,,2020,11,47,323,0,0,0,1
239,세종,2020-11-19,15.8,10.0,2341,22.0,0808,,,,,,32.1,7.9,320,1257,4.8,160,0811,2.4,2032,290,12.6,67,0752,81.5,15.2,998.4,1014.2,2256,1003.6,0935,1008.9,10.1,0.1,,,,,,,,,9.1,4.0,15.4,8.8,,,,,,,,,,,,,,,2020,11,47,324,0,0,0,1
239,세종,2020-11-20,5.8,3.9,2315,10.0,0001,,,,,,,5.9,290,0118,3.4,320,2203,2.1,1796,320,1.1,66,2010,71.9,6.7,1008.5,1024.6,2354,1013.9,0001,1019.5,10.1,0.0,,,,,,,,,7.8,7.1,7.4,3.6,,,,,,,,,,,,,,,2020,11,47,325,0,0,0,0
239,세종,2020-11-21,7.8,0.6,0739,14.4,1441,,,,,,,5.2,70,1328,3.4,70,1356,1.6,1346,70,0.6,42,1316,61.4,6.4,1012.2,1025.6,0830,1021.2,1333,1023.2,10.1,8.0,,,,,,,,,4.5,3.3,7.8,-4.3,,,,,,,,,,,,,,,2020,11,47,326,0,0,0,0
239,세종,2020-11-22,7.1,4.3,2348,9.6,0001,,,,,,6.3,7.3,320,1908,4.2,340,1043,1.6,1362,320,3.2,59,2053,77.5,7.9,1011.6,1026.1,2258,1020.6,1426,1022.6,10.1,0.0,,,,,,,,,8.0,6.5,8.2,1.4,,,,,,,,,,,,,,,2020,11,47,327,0,0,0,1
239,세종,2020-11-23,3.3,-0.2,2359,7.5,1430,,,,,,,5.6,340,1808,3.7,340,1811,1.7,1492,320,-4.6,34,1435,57.5,4.4,1016.9,1029.7,2321,1025.9,0006,1028.1,10.0,7.2,,,,,,,,,2.0,1.6,4.5,-5.0,,,,,,,,,,,,,,,2020,11,48,328,0,0,0,0
239,세종,2020-11-24,4.1,-0.1,0001,9.4,1524,,,,,,,4.5,340,1723,3.2,340,1732,1.0,872,340,-6.6,25,1526,47.6,3.8,1017.1,1030.0,0929,1026.3,1524,1028.3,10.0,1.9,,,,,,,,,8.3,5.9,5.0,-4.4,,,,,,,,,,,,,,,2020,11,48,329,0,0,0,0
239,세종,2020-11-25,4.7,-0.8,0613,11.2,1425,,,,,,,7.3,340,1546,4.6,320,1508,1.1,923,340,-2.6,32,1115,61.8,5.1,1016.3,1029.4,0906,1025.7,1616,1027.5,10.0,8.1,,,,,,,,,2.3,1.6,4.0,-6.1,,,,,,,,,,,,,,,2020,11,48,330,0,0,0,0
239,세종,2020-11-26,6.2,2.1,0511,11.6,1426,,,,,,,4.5,340,1743,2.6,320,1828,0.9,755,320,-2.3,15,1415,60.3,5.3,1015.5,1028.3,1004,1024.4,1421,1026.6,10.0,6.6,,,,,,,,,5.8,1.5,5.9,-2.0,,,,,,,,,,,,,,,2020,11,48,331,0,0,0,0
239,세종,2020-11-27,4.8,2.8,2349,8.8,1244,,,,,,,7.9,290,1600,4.2,320,1627,1.5,1303,320,-2.3,47,1621,61.0,5.3,1015.0,1028.3,2340,1023.7,1416,1026.2,9.9,0.9,,,,,,,,,7.4,4.3,4.6,-2.1,,,,,,,,,,,,,,,2020,11,48,332,0,0,0,0
239,세종,2020-11-28,2.3,0.7,0743,5.0,1305,,,,,,,8.1,320,1039,5.4,320,1343,2.0,1766,320,-7.6,25,1140,50.1,3.5,1017.5,1031.1,1016,1027.5,1503,1028.8,9.9,7.9,,,,,,,,,5.5,2.9,3.0,-2.9,,,,,,,,,,,,,,,2020,11,48,333,0,0,0,0
239,세종,2020-11-29,1.5,-0.8,0436,4.2,1323,,,,,,,4.2,290,1418,2.5,320,1419,1.2,1007,290,-4.5,48,1104,64.4,4.4,1018.7,1032.7,2301,1027.5,0155,1030.0,9.9,0.4,,,,,,,,,6.4,5.5,2.4,-5.6,,,,,,,,,,,,,,,2020,11,48,334,0,0,0,0
239,세종,2020-11-30,0.9,-3.2,0709,6.1,1414,,,,,,,6.0,320,1305,3.9,340,1347,1.2,1056,320,-5.5,39,1413,64.1,4.1,1023.3,1036.8,2234,1032.6,0001,1034.8,9.9,7.8,,,,,,,,,0.1,0.1,1.9,-8.3,,,,,,,,,,,,,,,2020,11,49,335,0,0,0,0
239,세종,2020-12-01,1.0,-3.7,0657,7.4,1509,,,,,,,5.8,320,1615,3.7,340,1620,1.0,869,90,-9.1,19,1622,51.0,3.2,1023.7,1038.1,0939,1032.8,1826,1035.1,9.9,7.9,,,,,,,,,4.8,1.9,1.5,-10.3,,,,,,,,,,,,,,,2020,12,49,336,0,0,0,0
239,세종,2020-12-02,3.2,0.0,0040,8.5,1344,,,,,,,6.4,320,1444,4.3,320,1502,1.2,1034,320,-8.9,26,1150,42.3,3.1,1019.1,1033.6,0023,1028.1,1437,1030.4,9.9,5.9,,,,,,,,,5.5,4.6,2.6,-5.7,,,,,,,,,,,,,,,2020,12,49,337,0,0,0,0
239,세종,2020-12-03,1.5,-2.6,2337,6.0,1327,,,,,,,7.5,320,1311,4.9,340,1314,1.4,1214,320,-7.8,33,1451,50.5,3.4,1018.5,1031.1,2321,1028.2,1522,1029.8,9.8,7.4,,,,,,,,,3.4,1.9,1.8,-9.0,,,,,,,,,,,,,,,2020,12,49,338,0,0,0,0
239,세종,2020-12-04,-0.3,-5.4,0622,5.5,1346,,,,,,,5.7,340,1523,3.9,340,1555,1.0,881,290,-7.4,34,1523,60.5,3.5,1019.0,1032.0,0941,1028.7,1328,1030.5,9.8,7.6,,,,,,,,,1.9,1.4,-0.1,-9.9,,,,,,,,,,,,,,,2020,12,49,339,0,0,0,0
239,세종,2020-12-05,0.0,-3.7,0641,5.0,1331,,,,,,,2.2,50,1452,1.5,70,1433,0.6,478,340,-3.3,62,1332,78.9,4.9,1018.8,1032.1,0935,1028.9,1500,1030.2,9.8,1.4,,,,,,,,,6.6,3.1,0.4,-9.0,,,,,,,,,,,,,,,2020,12,49,340,0,0,0,0
239,세종,2020-12-06,2.7,-2.1,0614,9.1,1457,,,,,,,3.2,320,1544,1.8,290,1907,0.7,615,70,-2.0,45,1536,73.6,5.3,1017.2,1030.2,0831,1026.7,1647,1028.5,9.8,6.4,,,,,,,,,3.1,2.3,2.5,-7.1,,,,,,,,,,,,,,,2020,12,49,341,0,0,0,0
239,세종,2020-12-07,3.1,-0.6,0116,7.3,1434,,,,,,,6.6,320,1707,4.6,340,2131,1.4,1207,320,-3.0,49,1407,65.3,4.9,1016.8,1029.7,2254,1026.5,1332,1028.1,9.8,0.2,,,,,,,,,4.8,3.4,2.1,-5.8,,,,,,,,,,,,,,,2020,12,50,342,0,0,0,0
239,세종,2020-12-08,0.4,-3.1,2343,5.7,1300,,,,,,,5.6,340,1155,3.5,340,1154,1.0,881,290,-7.7,35,1504,55.9,3.5,1017.6,1030.5,1023,1027.2,1400,1028.9,9.8,7.7,,,,,,,,,1.4,1.3,1.0,-10.9,,,,,,,,,,,,,,,2020,12,50,343,0,0,0,0
239,세종,2020-12-09,0.8,-5.8,0648,6.5,1428,,,,,,,3.6,340,1357,2.2,140,1318,0.7,631,90,-7.6,29,1256,55.6,3.5,1015.6,1030.0,1053,1024.1,1754,1027.0,9.8,6.8,,,,,,,,,3.6,3.4,0.2,-11.7,,,,,,,,,,,,,,,2020,12,50,344,0,0,0,0
239,세종,2020-12-10,5.2,1.8,0515,10.1,1337,,,,,,,4.5,340,1350,2.1,320,1357,0.7,595,290,-1.7,42,1238,62.0,5.5,1011.5,1024.6,0006,1021.1,1404,1022.6,9.7,2.3,,,,,,,,,7.5,5.6,4.2,-4.4,,,,,,,,,,,,,,,2020,12,50,345,0,0,0,0
239,세종,2020-12-11,5.9,2.0,0320,10.6,1330,,,,,,,3.6,340,1327,2.2,90,1150,0.8,694,290,-0.4,40,1513,66.8,6.0,1008.7,1022.3,0306,1017.8,1449,1019.7,9.7,4.3,,,,,,,,,8.5,3.4,4.5,-3.7,,,,,,,,,,,,,,,2020,12,50,346,0,0,0,0
239,세종,2020-12-12,3.7,-1.9,2353,7.8,1301,,,,,,,8.0,340,1204,5.8,340,1210,2.0,1685,340,-8.9,24,1610,41.3,3.3,1008.3,1020.6,1013,1018.4,1504,1019.4,9.7,7.7,,,,,,,,,2.1,1.3,3.0,-9.3,,,,,,,,,,,,,,,2020,12,50,347,0,0,0,0
239,세종,2020-12-13,-0.1,-3.0,2344,5.1,1503,,,,,,0.7,10.7,320,1549,6.9,320,1551,1.8,1580,320,-5.7,50,1953,66.5,4.2,1007.8,1025.0,2359,1013.9,1314,1019.1,9.7,0.0,,,,,,,,,7.1,3.1,0.2,-8.9,,,,,,,,,,,,,,,2020,12,50,348,0,0,0,1
239,세종,2020-12-14,-5.3,-7.1,2348,-2.8,1324,,,,,,,10.0,340,1517,6.6,340,1509,3.1,2680,340,-14.9,18,1405,49.3,2.0,1017.3,1031.0,2358,1024.8,0005,1028.9,9.7,7.7,,,,,,,,,4.0,1.6,-2.6,-12.0,,,,,,,,,,,,,,,2020,12,51,349,0,0,0,0
239,세종,2020-12-15,-6.2,-9.8,0727,-2.2,1417,,,,,,,9.1,320,1123,5.4,320,1451,2.5,2169,320,-16.5,28,1108,45.5,1.8,1019.7,1033.5,0954,1029.7,1507,1031.4,9.7,7.7,,,,,,,,,1.0,0.4,-3.7,-13.8,,,,,,,,,,,,,,,2020,12,51,350,0,0,0,0
239,세종,2020-12-16,-6.0,-9.0,0629,-1.7,1410,,,,,,,10.3,340,1412,6.4,340,1429,1.9,1679,320,-15.2,31,1504,48.9,1.9,1019.8,1033.0,1004,1030.2,1412,1031.5,9.7,7.7,,,,,,,,,0.5,0.5,-4.1,-14.4,,,,,,,,,,,,,,,2020,12,51,351,0,0,0,0
239,세종,2020-12-17,-4.2,-9.5,0413,1.3,1345,,,,,,,7.0,360,1503,4.6,340,1453,1.0,821,90,-12.0,29,1423,56.8,2.5,1019.4,1032.7,0244,1029.1,2042,1031.0,9.7,7.6,,,,,,,,,1.4,0.5,-3.4,-15.3,,,,,,,,,,,,,,,2020,12,51,352,0,0,0,0
239,세종,2020-12-18,-1.0,-3.9,0001,3.3,1324,,,,,,0.3,7.1,340,1614,4.8,320,1641,1.9,1669,320,-7.8,34,1639,60.9,3.5,1017.1,1031.3,2341,1027.0,0653,1028.5,9.7,2.0,,,,,,,,,5.0,2.5,-1.2,-10.9,,,,,,,,,,,,,,,2020,12,51,353,0,0,0,1
239,세종,2020-12-19,-3.9,-7.3,0752,0.0,1322,,,,,,,9.8,340,1445,6.4,340,1448,1.8,1587,320,-17.3,12,1207,37.1,1.7,1021.8,1035.3,1025,1031.3,0001,1033.4,9.7,7.7,,,,,,,,,3.9,3.0,-3.2,-15.1,,,,,,,,,,,,,,,2020,12,51,354,0,0,0,0
239,세종,2020-12-20,-3.0,-7.3,0555,2.7,1339,,,,,,,6.9,320,1526,4.1,340,1453,1.0,882,320,-12.5,23,1310,50.8,2.4,1021.1,1034.1,0352,1031.0,1422,1032.7,9.7,7.5,,,,,,,,,0.3,0.1,-2.4,-13.8,,,,,,,,,,,,,,,2020,12,51,355,0,0,0,0
239,세종,2020-12-21,-0.6,-6.4,0158,4.7,1249,,,,,,,3.8,320,1513,2.0,50,1305,0.7,578,290,-6.3,44,1250,66.4,3.9,1018.0,1032.0,0008,1028.0,1446,1029.4,9.7,4.0,,,,,,,,,5.5,3.4,-1.3,-11.4,,,,,,,,,,,,,,,2020,12,52,356,0,0,0,0
239,세종,2020-12-22,1.3,-3.5,0754,7.3,1424,,,,,,,4.8,360,1501,3.0,290,1435,0.8,655,320,-4.5,35,1635,67.9,4.4,1015.3,1028.6,0001,1024.5,1421,1026.7,9.7,6.8,,,,,,,,,1.9,1.3,-1.1,-11.2,,,,,,,,,,,,,,,2020,12,52,357,0,0,0,0
239,세종,2020-12-23,3.0,-3.1,0527,8.2,1527,,,,,,,4.6,140,2013,3.0,160,2017,0.8,728,20,-2.1,53,1426,70.1,5.3,1011.8,1027.2,0026,1019.1,2026,1023.0,9.7,1.7,,,,,,,,,6.0,3.1,0.2,-9.3,,,,,,,,,,,,,,,2020,12,52,358,0,0,0,0
239,세종,2020-12-24,3.7,-0.4,2355,9.0,1309,,,,,,,8.5,270,1249,4.6,320,1528,1.6,1359,290,-4.8,25,1522,56.9,4.5,1007.6,1021.0,2223,1016.8,0532,1018.7,9.7,7.1,,,,,,,,,2.3,1.4,1.7,-7.6,,,,,,,,,,,,,,,2020,12,52,359,0,0,0,0
239,세종,2020-12-25,0.3,-3.2,2345,4.9,1517,,,,,,0.3,6.6,340,1331,3.7,290,1509,1.2,1031,290,-7.0,37,1449,59.8,3.6,1012.7,1026.0,2346,1020.6,0109,1024.1,9.7,7.5,,,,,,,,,1.3,0.8,0.5,-9.6,,,,,,,,,,,,,,,2020,12,52,360,0,0,0,1
239,세종,2020-12-26,1.2,-4.4,0216,6.6,1514,,,,,,,4.3,270,1436,2.8,320,1258,0.8,682,320,-3.7,54,1142,70.5,4.7,1013.8,1027.4,0948,1023.6,1459,1025.1,9.7,3.8,,,,,,,,,5.8,3.8,-0.3,-9.5,,,,,,,,,,,,,,,2020,12,52,361,0,0,0,0
239,세종,2020-12-27,2.9,-2.0,0740,8.5,1520,,,,,,,1.8,90,1242,1.5,180,2024,0.4,362,90,-1.2,51,1448,76.0,5.6,1010.9,1024.7,0253,1019.3,1434,1022.1,9.7,2.8,,,,,,,,,6.9,3.6,0.4,-7.7,,,,,,,,,,,,,,,2020,12,52,362,0,0,0,0
239,세종,2020-12-28,5.1,-0.6,0440,12.2,1449,,,,,,,2.4,90,1311,1.9,90,1312,0.7,634,70,-1.8,29,1744,64.8,5.4,1012.3,1025.1,1014,1021.9,0001,1023.4,9.7,6.4,,,,,,,,,3.3,3.0,2.8,-6.0,,,,,,,,,,,,,,,2020,12,53,363,0,0,0,0
239,세종,2020-12-29,0.4,-3.4,2341,5.1,1304,,,,,,1.8,9.1,340,1455,5.4,340,1514,1.6,1375,320,-2.8,56,1457,80.0,5.0,1009.9,1024.4,0350,1019.1,1340,1021.2,9.7,2.0,,,,,,,,,8.5,5.4,0.4,-6.6,,,,,,,,,,,,,,,2020,12,53,364,0,0,0,1
239,세종,2020-12-30,-8.5,-11.1,2355,-3.4,0001,,,,,,0.4,9.2,290,0920,6.0,340,1256,3.3,2815,320,-14.1,51,1159,64.0,2.1,1011.7,1027.2,2355,1020.1,0001,1023.4,9.7,5.2,,,,,,,,,5.8,1.6,-0.1,-6.0,,,,,,,,,,,,,,,2020,12,53,365,0,0,0,1
239,세종,2020-12-31,-8.6,-13.8,0608,-2.7,1445,,,,,,,4.8,340,0152,3.7,320,0202,1.3,1096,320,-13.8,44,1225,67.8,2.2,1015.1,1028.7,0933,1024.0,1506,1026.9,9.7,6.9,,,,,,,,,4.3,1.6,-0.9,-12.6,,,,,,,,,,,,,,,2020,12,53,366,0,0,0,0
239,세종,2021-01-01,-5.5,-10.8,0747,-2.2,1552,,,,,,1.1,2.6,320,0039,1.7,340,0039,0.6,487,320,-7.4,75,1149,86.8,3.6,1014.7,1028.4,0311,1024.8,1706,1026.4,9.7,1.1,,,,,,,,,6.8,4.5,-0.8,-11.4,,,,,,,,,,,,,,,2021,1,53,1,0,0,0,1
239,세종,2021-01-02,-4.5,-7.8,0741,-0.2,1323,,,,,,,9.5,340,1444,6.1,340,1449,1.2,1020,230,-11.0,31,1327,64.8,2.7,1018.0,1032.6,2349,1025.5,0002,1029.6,9.7,7.8,,,,,,,,,0.5,0.5,-0.6,-10.8,,,,,,,,,,,,,,,2021,1,53,2,0,0,0,0
239,세종,2021-01-03,-4.6,-9.2,0223,-1.0,1317,,,,,,,3.0,290,0016,2.2,320,0018,0.8,700,110,-11.7,36,1115,59.1,2.5,1022.7,1035.9,0900,1032.1,0015,1034.4,9.8,4.2,,,,,,,,,5.8,3.5,-1.1,-12.4,,,,,,,,,,,,,,,2021,1,53,3,0,0,0,0
239,세종,2021-01-04,-3.4,-9.0,0653,1.3,1541,,,,,,,3.9,70,1130,2.6,70,1132,0.7,600,70,-10.4,38,1548,60.9,2.8,1019.6,1034.8,0212,1027.9,2359,1031.2,9.8,4.6,,,,,,,,,5.3,2.9,-1.3,-12.1,,,,,,,,,,,,,,,2021,1,1,4,0,0,0,0
239,세종,2021-01-05,-3.7,-8.6,2357,-0.8,0300,,,,,,,9.2,320,1034,6.0,320,1048,2.4,2039,320,-11.8,26,1100,55.1,2.6,1018.3,1032.5,1017,1027.8,0012,1029.8,9.8,7.1,,,,,,,,,1.3,0.3,-0.9,-14.0,,,,,,,,,,,,,,,2021,1,1,5,0,0,0,0
239,세종,2021-01-06,-6.3,-11.2,0805,-2.8,1350,,,,,,2.4,5.6,180,2112,3.0,160,2029,1.2,1073,160,-12.3,40,1500,64.6,2.4,1012.7,1030.1,0213,1018.1,2256,1024.3,9.8,7.9,,,,,,,,,3.0,1.6,-2.0,-15.7,,,,,,,,,,,,,,,2021,1,1,6,0,0,0,1
239,세종,2021-01-07,-12.0,-15.4,2400,-4.2,0018,,,,,,1.0,14.1,320,0048,8.2,320,0052,3.6,3074,340,-20.0,33,1753,52.8,1.3,1014.4,1028.2,1026,1018.4,0001,1026.3,9.8,7.6,,,,,,,,,4.6,1.5,-1.3,-16.6,,,,,,,,,,,,,,,2021,1,1,7,0,0,0,1
239,세종,2021-01-08,-14.3,-17.9,0311,-9.9,1534,,,,,,,5.8,340,1542,3.8,320,1548,1.3,1151,290,-21.8,36,1141,54.0,1.1,1013.7,1027.8,0729,1023.5,1536,1025.7,9.8,7.9,,,,,,,,,2.4,0.6,-3.4,-17.5,,,,,,,,,,,,,,,2021,1,1,8,0,0,0,0
239,세종,2021-01-09,-12.5,-19.1,0646,-7.7,1519,,,,,,,5.7,340,1528,4.0,340,1535,1.1,911,320,-18.7,31,1247,61.8,1.4,1013.8,1027.8,2349,1023.9,1343,1025.7,9.8,7.2,,,,,,,,,1.8,0.1,-4.2,-19.5,,,,,,,,,,,,,,,2021,1,1,9,0,0,0,0
239,세종,2021-01-10,-9.0,-15.6,0633,-3.3,1553,,,,,,,2.5,90,1425,1.7,70,1218,0.7,577,90,-16.0,34,1445,59.8,1.8,1016.5,1030.1,1010,1026.4,1549,1028.3,9.9,6.4,,,,,,,,,4.3,1.9,-4.2,-17.1,,,,,,,,,,,,,,,2021,1,1,10,0,0,0,0
239,세종,2021-01-11,-6.9,-10.6,0743,-3.5,1629,,,,,,,2.2,230,0348,1.6,230,0353,0.5,415,90,-12.0,54,1531,67.1,2.5,1014.9,1030.8,1013,1023.0,2333,1026.6,9.9,0.0,,,,,,,,,8.4,2.4,-3.4,-13.4,,,,,,,,,,,,,,,2021,1,2,11,0,0,0,0
239,세종,2021-01-12,-2.4,-7.6,0126,2.7,1421,,,,,,0.7,5.2,140,1458,2.8,180,1707,1.0,885,70,-6.4,46,1415,75.4,3.9,1007.1,1023.1,0001,1015.8,1625,1018.5,9.9,6.4,,,,,,,,,6.6,3.8,-1.4,-10.9,,,,,,,,,,,,,,,2021,1,2,12,0,0,0,1
239,세종,2021-01-13,2.6,-5.0,0743,9.3,1441,,,,,,,7.1,270,1519,3.5,180,1400,1.1,993,180,-1.0,47,1331,79.4,5.8,1004.9,1019.3,2400,1013.2,1423,1016.1,9.9,6.8,,,,,,,,,0.1,0.1,-0.3,-7.4,,,,,,,,,,,,,,,2021,1,2,13,0,0,0,0
239,세종,2021-01-14,2.7,-2.9,0727,8.8,1511,,,,,,,4.2,320,0213,3.1,320,0221,0.9,738,70,-7.4,24,1408,49.6,3.5,1010.5,1024.7,0923,1019.3,0001,1021.7,9.9,7.9,,,,,,,,,0.0,0.0,0.8,-10.6,,,,,,,,,,,,,,,2021,1,2,14,0,0,0,0
239,세종,2021-01-15,5.3,-0.3,0206,12.4,1147,,,,,,,7.8,250,1202,4.1,200,1211,1.5,1334,320,-1.0,54,0450,64.0,6.0,1005.9,1020.7,0228,1012.5,1418,1017.0,10.0,0.3,,,,,,,,,8.9,4.3,1.5,-6.8,,,,,,,,,,,,,,,2021,1,2,15,0,0,0,0
239,세종,2021-01-16,-2.0,-5.4,2129,2.0,0001,,,,,,,7.2,320,1554,5.2,340,1602,2.0,1734,290,-10.1,33,1402,54.9,2.9,1014.1,1029.0,2357,1019.0,0004,1025.5,10.0,7.1,,,,,,,,,4.6,2.4,0.2,-9.1,,,,,,,,,,,,,,,2021,1,2,16,0,0,0,0
239,세종,2021-01-17,-3.7,-8.4,0752,0.7,1517,,,,,,,6.6,320,1526,3.2,340,1214,1.3,1104,290,-11.4,29,1255,57.6,2.6,1016.3,1031.5,0955,1024.6,2355,1027.8,10.0,7.5,,,,,,,,,3.8,2.5,-2.0,-14.7,,,,,,,,,,,,,,,2021,1,2,17,0,0,0,0
239,세종,2021-01-18,-2.4,-5.3,0650,3.6,1438,,,,,,2.1,10.3,340,1502,6.9,320,1509,1.9,1611,320,-7.6,43,1455,70.0,3.6,1010.7,1028.1,2334,1016.6,1436,1022.2,10.0,2.3,,,,,,,,,5.8,2.5,-1.5,-10.9,,,,,,,,,,,,,,,2021,1,3,18,0,0,0,1
239,세종,2021-01-19,-5.6,-10.5,0715,-0.7,1445,,,,,,,5.2,320,0014,3.9,340,0017,1.1,981,70,-16.6,21,1514,43.6,1.7,1020.5,1033.8,1114,1028.0,0013,1032.2,10.0,8.1,,,,,,,,,0.3,0.0,-2.0,-14.2,,,,,,,,,,,,,,,2021,1,3,19,0,0,0,0
239,세종,2021-01-20,-1.3,-8.8,0625,6.9,1612,,,,,,,2.6,90,1300,1.6,90,1300,0.5,475,50,-11.3,23,1556,49.9,2.6,1018.7,1033.3,0556,1027.6,1904,1030.2,10.1,8.1,,,,,,,,,1.1,1.1,-1.1,-13.6,,,,,,,,,,,,,,,2021,1,3,20,0,0,0,0
239,세종,2021-01-21,3.8,-0.9,0044,8.6,1346,,,,,,6.8,3.5,340,2156,2.4,320,2202,0.6,509,50,-2.1,40,1242,67.9,5.5,1012.1,1028.0,0003,1019.9,2324,1023.3,10.1,2.5,,,,,,,,,8.1,4.3,1.1,-3.1,,,,,,,,,,,,,,,2021,1,3,21,0,0,0,1
239,세종,2021-01-22,6.1,4.1,0530,8.3,1515,,,,,,2.2,3.6,320,1807,2.4,340,1809,0.7,587,360,5.1,88,1519,94.0,8.8,1008.1,1020.5,0953,1017.8,1524,1019.1,10.1,0.0,,,,,,,,,7.6,7.4,3.6,3.0,,,,,,,,,,,,,,,2021,1,3,22,0,0,0,1
239,세종,2021-01-23,8.1,4.7,0745,11.9,1344,,,,,,,7.3,90,1809,4.9,90,1802,1.9,1668,70,3.1,58,1548,72.3,7.7,1008.3,1022.0,2313,1016.8,1357,1019.2,10.1,0.1,,,,,,,,,8.3,6.1,4.9,-1.2,,,,,,,,,,,,,,,2021,1,3,23,0,0,0,0
239,세종,2021-01-24,7.4,2.3,0748,12.6,1442,,,,,,,4.1,70,0004,2.9,70,0010,1.0,849,50,-0.1,42,1443,60.4,6.1,1014.4,1028.1,2351,1021.8,0007,1025.5,10.2,8.2,,,,,,,,,2.0,1.0,4.7,-5.7,,,,,,,,,,,,,,,2021,1,3,24,0,0,0,0
239,세종,2021-01-25,7.8,2.3,0752,13.4,1405,,,,,,,6.0,70,1146,4.2,70,1147,1.1,944,70,-0.3,36,1406,58.5,6.0,1014.4,1029.0,0116,1022.3,2117,1025.4,10.2,7.2,,,,,,,,,6.9,4.6,4.6,-5.7,,,,,,,,,,,,,,,2021,1,4,25,0,0,0,0
239,세종,2021-01-26,5.2,3.5,2356,7.1,1524,,,,,,3.5,4.6,270,1825,2.9,320,1855,0.9,789,290,2.3,66,0013,82.4,7.3,1009.2,1022.3,0001,1017.5,1503,1020.3,10.2,0.0,,,,,,,,,8.6,5.5,4.6,-0.4,,,,,,,,,,,,,,,2021,1,4,26,0,0,0,1
239,세종,2021-01-27,2.5,-0.5,2300,6.8,1346,,,,,,,7.3,340,1437,4.6,340,1058,1.7,1500,340,-9.4,18,1245,45.0,3.2,1012.3,1025.7,0934,1021.7,2355,1023.6,10.3,7.2,,,,,,,,,6.3,2.5,2.1,-6.8,,,,,,,,,,,,,,,2021,1,4,27,0,0,0,0
239,세종,2021-01-28,-2.4,-7.1,2320,4.5,1046,,,,,,2.2,12.5,340,1608,7.2,340,1609,2.5,2139,320,-9.8,35,1002,57.5,3.1,1007.0,1024.6,2357,1013.4,1045,1018.4,10.3,2.5,,,,,,,,,6.5,2.8,-0.6,-8.0,,,,,,,,,,,,,,,2021,1,4,28,0,0,0,1
239,세종,2021-01-29,-6.7,-9.5,0723,-3.0,1532,,,,,,,7.6,340,1620,5.2,340,1357,2.5,2124,320,-15.6,33,1544,49.8,1.8,1015.4,1028.3,2211,1024.6,0001,1027.0,10.3,8.0,,,,,,,,,1.1,0.3,-0.6,-11.4,,,,,,,,,,,,,,,2021,1,4,29,0,0,0,0
239,세종,2021-01-30,-0.3,-8.7,0201,8.4,1532,,,,,,,6.4,320,1210,3.8,320,1557,1.3,1143,320,-9.1,24,1722,54.0,3.2,1014.8,1029.2,2344,1023.6,1329,1026.2,10.4,6.8,,,,,,,,,4.4,2.0,0.7,-11.3,,,,,,,,,,,,,,,2021,1,4,30,0,0,0,0
239,세종,2021-01-31,3.8,-4.8,0723,11.4,1452,,,,,,,6.2,270,1510,3.0,200,1516,0.8,704,160,-3.9,31,1259,59.4,4.7,1015.3,1030.6,0758,1021.4,2347,1026.5,10.4,7.6,,,,,,,,,3.9,2.3,0.8,-10.5,,,,,,,,,,,,7.5,,,2021,1,4,31,0,0,0,0
239,세종,2021-02-01,6.2,1.5,2359,10.9,1432,,,,,,7.5,5.7,230,1651,3.4,320,2307,1.3,1161,320,2.3,54,2300,77.6,7.4,1006.0,1021.7,2400,1013.1,1530,1017.0,10.4,1.4,,,,,,,,,7.3,4.6,5.5,-2.5,,,,,,,,,,,,,,,2021,2,5,32,1,0,0,1
239,세종,2021-02-02,-3.4,-5.3,2317,1.7,0003,,,,,,,9.0,320,1211,6.0,340,1218,2.7,2310,320,-14.6,26,1104,43.5,2.0,1014.8,1027.9,1107,1021.5,0003,1026.3,10.4,8.8,,,,,,,,,1.0,0.6,-1.0,-11.4,,,,,,,,,,,,,,,2021,2,5,33,1,1,0,0
239,세종,2021-02-03,-2.4,-9.7,0643,2.9,1511,,,,,,0.8,6.7,320,0112,4.9,320,0118,1.6,1355,230,-10.8,25,1327,56.5,2.8,1014.6,1029.7,0747,1021.2,2232,1026.1,10.5,8.8,,,,,,,,,2.1,1.8,0.1,-11.5,,,,,,,,,,,,,,,2021,2,5,34,1,1,0,1
239,세종,2021-02-04,-1.5,-5.0,0746,1.6,1425,,,,,,2.0,6.4,320,1517,4.6,320,1518,1.6,1385,290,-12.0,24,1632,47.6,2.6,1015.8,1029.9,1011,1021.9,0115,1027.2,10.5,8.8,,,,,,,,,0.1,0.1,-0.5,-10.8,,,,,,,,,,,,,,,2021,2,5,35,1,1,0,1
239,세종,2021-02-05,0.3,-6.5,0747,7.1,1411,,,,,,,5.4,90,1313,3.2,320,1053,0.8,705,160,-8.9,28,1846,52.9,3.2,1010.5,1027.4,0045,1018.0,2359,1021.8,10.5,5.3,,,,,,,,,6.1,1.0,0.0,-11.1,,,,,,,,,,,,,,,2021,2,5,36,1,1,0,0
239,세종,2021-02-06,5.5,-1.3,0333,10.3,1500,,,,,,,6.9,230,1440,3.4,230,1442,1.3,1086,160,-0.4,41,0051,66.1,6.3,1005.2,1018.2,0008,1014.9,1404,1016.3,10.6,3.2,,,,,,,,,8.0,5.4,3.7,-8.5,,,,,,,,,,,,,,,2021,2,5,37,1,1,0,0
239,세종,2021-02-07,4.9,-1.0,2357,10.6,1445,,,,,,,6.7,320,1541,4.2,340,1541,1.7,1457,320,-2.8,28,1900,61.5,5.3,1010.1,1025.2,2400,1016.8,0008,1021.2,10.6,6.8,,,,,,,,,2.8,2.5,4.7,-6.5,,,,,,,,,,,,,,,2021,2,5,38,1,1,0,0
239,세종,2021-02-08,-2.2,-4.4,0650,0.6,1201,,,,,,,9.2,320,1421,5.7,340,1430,2.4,2110,320,-13.8,21,1205,42.0,2.1,1017.1,1030.8,2351,1025.1,0003,1028.6,10.6,8.9,,,,,,,,,0.6,0.0,-0.3,-10.8,,,,,,,,,,,,,,,2021,2,6,39,1,1,0,0
239,세종,2021-02-09,-0.9,-8.1,0735,5.7,1437,,,,,,,4.9,320,1429,3.1,20,1209,1.1,908,270,-10.8,26,1536,49.8,2.7,1017.3,1031.0,0303,1026.5,1724,1028.7,10.7,9.0,,,,,,,,,0.0,0.0,0.1,-12.6,,,,,,,,,,,,,,,2021,2,6,40,1,1,0,0
239,세종,2021-02-10,1.8,-4.6,0732,8.8,1500,,,,,,,4.5,230,1512,2.3,320,1716,0.8,661,230,-4.3,45,1502,65.5,4.5,1014.6,1028.1,0039,1023.6,1647,1025.9,10.7,4.2,,,,,,,,,4.3,3.0,1.7,-10.4,,,,,,,,,,,,,,,2021,2,6,41,1,1,0,0
239,세종,2021-02-11,4.7,-0.7,0536,10.8,1503,,,,,,,3.5,340,1447,2.2,320,1601,0.6,546,70,-2.4,36,1634,62.9,5.1,1014.1,1027.8,1018,1022.9,1713,1025.3,10.7,6.9,,,,,,,,,7.9,4.1,3.7,-7.2,,,,,,,,,,,,,,,2021,2,6,42,1,1,0,0
239,세종,2021-02-12,6.4,-0.1,0609,14.4,1621,,,,,,,3.5,70,1419,2.4,70,1533,0.7,615,70,-4.0,19,1342,52.1,4.6,1013.6,1025.9,1033,1022.9,1503,1024.7,10.8,8.0,,,,,,,,,3.0,1.6,4.4,-6.4,,,,,,,,,,,,,,,2021,2,6,43,1,1,0,0
239,세종,2021-02-13,7.0,-0.6,0642,15.7,1615,,,,,,,2.6,90,1512,1.6,360,1238,0.5,440,340,-7.1,10,1650,42.4,3.7,1013.0,1027.3,0827,1021.3,2344,1024.1,10.8,9.0,,,,,,,,,1.0,0.1,4.8,-8.1,,,,,,,,,,,,,,,2021,2,6,44,1,1,0,0
239,세종,2021-02-14,8.5,3.9,0649,14.0,1508,,,,,,0.6,2.9,340,1634,2.1,160,1843,0.6,529,70,0.3,37,0054,57.6,6.4,1004.2,1021.3,0001,1010.5,2358,1015.1,10.9,0.3,,,,,,,,,8.0,3.4,6.3,-2.5,,,,,,,,,,,,,,,2021,2,6,45,1,0,0,1
239,세종,2021-02-15,2.3,-2.5,2019,8.5,0028,,,,,,0.5,10.1,320,1540,5.4,320,1544,2.2,1932,290,-4.8,33,1631,61.4,4.7,1001.4,1018.0,2345,1009.0,0726,1012.5,10.9,4.2,,,,,,,,,6.4,4.6,5.0,-4.4,,,,,,,,,,,,,,,2021,2,7,46,1,1,0,1
239,세종,2021-02-16,-3.7,-6.5,2356,2.3,1225,,,,,,2.7,8.9,340,1557,5.7,340,1551,2.0,1712,290,-10.8,31,1227,59.4,2.8,1005.6,1019.0,0245,1013.8,1433,1017.1,10.9,4.9,,,,,,,,,3.3,2.6,-1.1,-10.9,,,,,,,,,,,,,,,2021,2,7,47,1,1,0,1
239,세종,2021-02-17,-7.1,-8.8,2358,-5.3,1259,,,,,,0.1,10.0,340,1108,5.6,320,1108,3.3,2860,320,-15.9,36,0428,50.5,1.8,1007.9,1021.5,2354,1018.1,1352,1019.5,11.0,7.4,,,,,,,,,4.5,1.9,0.2,-7.8,,,,,,,,,,,,,,,2021,2,7,48,1,1,0,1
239,세종,2021-02-18,-4.8,-9.3,0200,-0.3,1632,,,,,,0.2,7.7,360,1119,5.2,340,1221,2.0,1708,320,-12.6,38,1459,55.5,2.3,1011.1,1024.0,2206,1021.1,0112,1022.7,11.0,8.5,,,,,,,,,4.6,2.1,0.0,-12.0,,,,,,,,,,,,,,,2021,2,7,49,1,1,0,1
239,세종,2021-02-19,1.8,-7.4,0636,8.9,1554,,,,,,,7.9,200,2109,3.9,180,2355,1.7,1492,180,-4.9,47,1435,62.4,4.4,1007.1,1024.4,0136,1012.4,2358,1018.2,11.0,9.4,,,,,,,,,0.0,0.0,2.4,-11.5,,,,,,,,,,,,,,,2021,2,7,50,1,1,0,0
239,세종,2021-02-20,10.7,6.0,0002,16.8,1452,,,,,,,7.6,160,0120,4.3,180,0159,2.3,1984,160,2.3,32,1515,57.9,7.3,999.8,1012.5,0004,1009.1,0604,1010.5,11.1,8.4,,,,,,,,,0.0,0.0,7.3,1.3,,,,,,,,,,,,,,,2021,2,7,51,1,0,0,0
239,세종,2021-02-21,14.0,4.8,0445,22.0,1345,,,,,,,10.7,230,1504,4.9,200,1530,2.6,2264,180,1.7,20,1544,47.9,7.0,999.6,1011.9,0132,1008.3,1441,1010.2,11.1,9.3,,,,,,,,,0.8,0.3,9.2,0.1,,,,,,,,,,,,,,,2021,2,7,52,1,0,0,0
239,세종,2021-02-22,10.4,1.0,2327,18.6,1350,,,,,,,10.5,360,1444,7.9,340,1523,2.7,2330,320,-1.6,22,1401,44.9,5.9,1003.8,1023.2,2353,1010.0,0440,1014.6,11.1,9.4,,,,,,,,,1.0,0.5,8.8,-5.8,,,,,,,,,,,,,,,2021,2,8,53,1,0,0,0
239,세종,2021-02-23,1.2,-2.8,0615,7.3,1453,,,,,,,6.6,340,1406,4.0,340,1412,2.0,1687,290,-14.1,9,1347,33.6,2.1,1014.4,1027.5,0928,1023.2,0018,1025.7,11.2,9.5,,,,,,,,,2.6,0.9,3.2,-10.6,,,,,,,,,,,,,,,2021,2,8,54,1,1,0,0
239,세종,2021-02-24,3.4,-2.3,0308,10.4,1629,,,,,,,3.6,340,1456,2.1,340,1416,0.8,730,340,-14.3,5,1810,30.8,2.2,1013.8,1027.3,0804,1022.4,1722,1025.0,11.2,7.3,,,,,,,,,7.8,1.5,3.4,-7.2,,,,,,,,,,,,,,,2021,2,8,55,1,1,0,0
239,세종,2021-02-25,4.2,-0.5,0334,7.7,1530,,,,,,,5.1,160,1902,3.5,160,1905,0.8,665,70,-5.0,35,0006,51.4,4.3,1012.4,1025.1,0250,1021.8,1859,1023.6,11.3,0.0,,,,,,,,,9.9,4.1,2.6,-7.8,,,,,,,,,,,,,,,2021,2,8,56,1,1,0,0
239,세종,2021-02-26,8.4,2.4,0701,14.8,1404,,,,,,,6.9,360,1310,4.1,70,1544,1.8,1530,90,-5.4,17,1350,38.8,4.1,1011.9,1025.7,2249,1019.7,1518,1022.8,11.3,7.9,,,,,,,,,6.8,1.9,6.3,-5.8,,,,,,,,,,,,,,,2021,2,8,57,1,0,0,0
239,세종,2021-02-27,7.9,3.7,0650,11.9,1235,,,,,,,8.3,70,0933,5.7,70,1424,2.9,2534,70,-3.3,35,1343,45.6,4.8,1017.3,1030.1,2226,1025.5,0001,1028.3,11.3,9.2,,,,,,,,,4.6,0.8,7.1,-5.2,,,,,,,,,,,,,,,2021,2,8,58,1,0,0,0
239,세종,2021-02-28,7.1,1.3,0624,12.9,1545,,,,,,,5.3,160,1618,3.9,160,1620,1.5,1305,90,-0.5,32,1417,59.6,6.0,1015.0,1029.4,0005,1022.0,2352,1026.0,11.4,1.2,,,,,,,,,6.9,3.8,5.2,-4.5,,,,,,,,,,,,,,,2021,2,8,59,1,0,0,0
239,세종,2021-03-01,7.5,1.6,2346,11.3,1231,,,,,,63.3,10.0,320,1324,6.8,340,1328,1.9,1671,90,6.3,75,0004,92.6,9.7,1002.6,1022.0,0001,1007.9,1524,1013.5,11.4,0.0,,,,,,,,,9.9,6.5,7.8,2.3,,,,,,,,,,,,,,,2021,3,9,60,1,0,0,1
239,세종,2021-03-02,2.6,0.0,2345,6.9,1526,,,,,,,6.3,340,1438,4.1,340,1607,1.9,1627,320,-2.0,45,1710,72.6,5.3,1013.4,1029.7,2351,1014.6,0001,1024.7,11.4,2.0,,,,,,,,,5.9,4.5,4.2,-5.5,,,,,,,,,,,,,,,2021,3,9,61,1,0,0,0
239,세종,2021-03-03,3.7,-2.3,0623,9.8,1542,,,,,,,3.6,90,1235,2.4,90,1235,0.9,738,70,-4.7,21,1621,60.3,4.4,1018.0,1032.3,0855,1027.0,1644,1029.3,11.5,6.6,,,,,,,,,4.3,1.1,3.9,-9.8,,,,,,,,,,,,,,,2021,3,9,62,1,1,0,0
239,세종,2021-03-04,5.1,1.2,0621,9.5,1332,,,,,,2.3,4.0,110,1914,2.8,90,1903,0.7,617,70,1.0,48,1413,75.6,6.7,1013.3,1027.6,0001,1022.1,2357,1024.4,11.5,0.1,,,,,,,,,7.9,3.8,4.6,-4.9,,,,,,,,,,,,,,,2021,3,9,63,1,0,0,1
239,세종,2021-03-05,7.6,0.9,0609,16.5,1547,,,,,,,5.5,340,1831,4.2,320,1833,1.1,916,320,2.0,38,1723,71.8,7.1,1009.9,1023.1,2347,1017.7,1529,1020.9,11.5,7.5,,,,,,,,,5.1,3.3,8.7,-2.5,,,,,,,,,,,,,,,2021,3,9,64,1,0,0,0
239,세종,2021-03-06,6.6,3.4,0634,14.1,1400,,,,,,,7.3,110,1855,5.0,70,1640,2.2,1861,70,1.3,47,1401,70.6,6.8,1015.3,1030.4,2308,1022.9,0022,1026.4,11.6,4.9,,,,,,,,,5.6,4.3,7.5,-0.9,,,,,,,,,,,,,,,2021,3,9,65,1,0,0,0
239,세종,2021-03-07,6.1,3.7,0552,11.3,1608,,,,,,,5.1,70,0010,3.8,70,0011,1.8,1540,70,0.0,46,1629,65.5,6.1,1016.9,1030.2,0903,1025.5,1716,1028.1,11.6,2.9,,,,,,,,,6.1,4.9,7.3,-1.8,,,,,,,,,,,,,,,2021,3,9,66,1,0,0,0
239,세종,2021-03-08,6.6,0.9,0523,13.6,1440,,,,,,,4.9,290,1904,3.2,320,1912,1.0,890,320,-1.5,20,1352,62.0,5.6,1015.6,1029.4,0946,1024.2,1722,1026.7,11.7,6.9,,,,,,,,,2.3,2.3,8.9,-4.4,,,,,,,,,,,,,,,2021,3,10,67,1,0,0,0
239,세종,2021-03-09,6.4,0.1,0643,13.4,1550,,,,,,,6.2,340,1703,4.5,340,1712,1.2,1056,320,-2.1,26,1637,57.8,5.3,1014.8,1027.8,2327,1023.2,1451,1025.9,11.7,5.9,,,,,,,,,6.8,3.5,7.7,-3.8,,,,,,,,,,,,,,,2021,3,10,68,1,0,0,0
239,세종,2021-03-10,8.6,-0.4,0629,17.0,1607,,,,,,,4.8,70,1209,3.4,70,1211,1.1,946,70,-3.3,23,1423,47.8,4.8,1017.1,1030.6,0940,1025.9,1524,1028.1,11.7,9.6,,,,,,,,,0.0,0.0,10.1,-7.0,,,,,,,,,,,,,,,2021,3,10,69,1,1,0,0
239,세종,2021-03-11,9.9,2.1,0510,17.8,1449,,,,,,,7.0,340,1721,4.9,340,1729,1.2,1017,320,-2.3,22,1701,46.8,5.2,1014.7,1029.7,0830,1022.1,1716,1025.6,11.8,7.9,,,,,,,,,6.3,4.8,12.4,-4.4,,,,,,,,,,,,,,,2021,3,10,70,1,0,0,0
239,세종,2021-03-12,8.2,6.8,0726,9.8,0006,,,,,,6.4,7.1,360,1447,3.4,360,1447,1.5,1295,50,4.2,40,0005,77.4,8.4,1010.5,1022.5,2200,1020.0,1439,1021.4,11.8,0.0,,,,,,,,,7.9,4.9,8.1,0.9,,,,,,,,,,,,,,,2021,3,10,71,1,0,0,1
239,세종,2021-03-13,8.4,2.8,0654,15.0,1609,,,,,,,6.1,320,1700,3.9,340,1739,1.3,1109,320,2.1,40,1642,68.1,7.2,1010.4,1023.9,0918,1018.9,1722,1021.3,11.9,8.1,,,,,,,,,4.0,2.3,8.9,-2.7,,,,,,,,,,,,,,,2021,3,10,72,1,0,0,0
239,세종,2021-03-14,8.4,2.3,0659,14.6,1617,,,,,,,5.7,320,1222,3.0,360,1225,1.2,1039,340,2.4,42,1619,68.3,7.3,1009.4,1022.6,0922,1018.6,1618,1020.3,11.9,5.6,,,,,,,,,4.1,2.4,8.3,-2.2,,,,,,,,,,,,,,,2021,3,10,73,1,0,0,0
239,세종,2021-03-15,11.0,3.1,0618,16.9,1440,,,,,,,6.2,140,1233,3.9,180,1312,1.2,1066,160,2.1,24,1302,59.8,7.3,1005.6,1020.0,0001,1013.3,2400,1016.4,11.9,7.8,,,,,,,,,5.0,2.5,12.3,-2.2,,,,,,,,,,,,,,,2021,3,11,74,1,0,0,0
239,세종,2021-03-16,10.0,3.4,2337,15.5,1533,,,,,,0.2,7.1,290,0642,5.2,340,1808,2.2,1928,320,-2.6,18,1359,47.0,5.7,1004.7,1018.7,2247,1012.2,0314,1015.5,12.0,9.7,,,,,,,,,2.6,0.9,13.7,-2.6,,,,,,,,,,,,,,,2021,3,11,75,1,0,0,1
239,세종,2021-03-17,8.3,0.1,0321,18.2,1531,,,,,,,4.1,340,2045,3.1,320,2046,1.1,958,290,-4.6,10,1602,45.0,4.4,1008.0,1020.6,2311,1016.6,1610,1019.0,12.0,10.1,,,,,,,,,1.0,0.0,12.0,-5.0,,,,,,,,,,,,,,,2021,3,11,76,1,0,0,0
239,세종,2021-03-18,11.5,3.1,0650,19.5,1559,,,,,,,5.6,160,1118,3.9,160,1113,1.2,1032,290,0.7,23,1657,50.0,6.5,1008.5,1021.9,0909,1016.1,1537,1019.3,12.1,9.8,,,,,,,,,3.1,1.6,14.3,-2.2,,,,,,,,,,,,,,,2021,3,11,77,1,0,0,0
239,세종,2021-03-19,13.2,9.6,0628,17.8,1510,,,,,,,6.5,110,0932,4.3,90,0936,2.9,2501,70,2.1,33,1423,48.1,7.1,1007.8,1021.5,0834,1015.7,1714,1018.5,12.1,6.6,,,,,,,,,6.9,5.4,15.9,8.1,,,,,,,,,,,,,,,2021,3,11,78,1,0,0,0
239,세종,2021-03-20,8.2,6.2,2359,11.9,0001,,,,,,5.4,5.4,160,0014,3.8,90,0027,1.4,1244,320,5.6,52,0001,84.5,9.2,1002.6,1016.9,0001,1011.3,1625,1013.4,12.1,0.0,,,,,,,,,7.9,5.9,10.1,5.7,,,,,,,,,,,,,,,2021,3,11,79,1,0,0,1
239,세종,2021-03-21,5.8,3.8,2008,10.0,1309,,,,,,,10.7,320,1440,6.2,340,1327,2.4,2031,290,-1.2,33,1503,62.8,5.7,1004.8,1020.6,2323,1013.2,0101,1015.8,12.2,5.1,,,,,,,,,7.1,3.1,8.4,1.2,,,,,,,,,,,,,,,2021,3,11,80,1,0,0,0
239,세종,2021-03-22,6.1,0.8,0615,12.3,1522,,,,,,,8.2,340,1433,4.4,290,1412,1.9,1670,290,-5.3,22,1524,47.0,4.2,1010.2,1023.2,2349,1019.2,1446,1021.3,12.2,10.0,,,,,,,,,1.4,0.5,9.4,-5.5,,,,,,,,,,,,,,,2021,3,12,81,1,0,0,0
239,세종,2021-03-23,8.8,0.8,0525,17.0,1344,,,,,,,8.2,290,1408,4.3,230,1632,1.5,1299,200,-0.5,21,1445,58.1,6.0,1010.6,1023.6,0923,1019.4,1513,1021.5,12.2,9.7,,,,,,,,,0.6,0.5,11.4,-5.1,,,,,,,,,,,,,,,2021,3,12,82,1,0,0,0
239,세종,2021-03-24,10.5,2.8,0631,18.2,1606,,,,,,,6.0,230,1310,3.5,160,1250,1.3,1141,160,-1.7,11,1641,49.0,5.6,1009.7,1022.8,0841,1017.5,1713,1020.5,12.3,8.6,,,,,,,,,3.1,0.8,13.3,-3.7,,,,,,,,,,,,,,,2021,3,12,83,1,0,0,0
239,세종,2021-03-25,12.2,4.3,0637,21.1,1550,,,,,,,5.6,90,1300,3.0,20,1248,1.1,926,320,1.9,22,1603,52.9,7.0,1010.3,1022.8,0851,1018.6,1639,1021.1,12.3,10.1,,,,,,,,,1.3,0.4,15.7,-2.1,,,,,,,,,,,,,,,2021,3,12,84,1,0,0,0
239,세종,2021-03-26,13.0,4.0,0635,21.7,1609,,,,,,,2.8,20,1216,1.8,50,1212,0.9,779,320,-0.4,13,1604,48.8,6.2,1009.5,1023.7,0805,1017.1,1652,1020.3,12.4,7.8,,,,,,,,,6.3,0.9,13.8,-1.6,,,,,,,,,,,,,,,2021,3,12,85,1,0,0,0
239,세종,2021-03-27,12.0,8.6,0634,14.8,1126,,,,,,20.0,3.8,140,0939,2.9,90,1009,1.0,842,90,6.1,31,0001,71.0,10.0,999.5,1018.8,0004,1001.8,2358,1010.2,12.4,0.0,,,,,,,,,9.8,4.0,11.4,0.9,,,,,,,,,,,,,,,2021,3,12,86,1,0,0,1
239,세종,2021-03-28,9.6,8.6,0627,14.5,0055,,,,,,2.2,6.9,180,0346,3.6,160,0209,1.8,1551,180,7.9,82,1637,89.5,10.7,993.8,1006.2,2101,1001.2,0125,1004.5,12.5,0.0,,,,,,,,,9.5,8.8,10.6,8.4,,,,,,,,,,,,,,,2021,3,12,87,1,0,0,1
239,세종,2021-03-29,11.7,7.7,0649,17.0,1434,,,,,,,8.7,340,1319,5.2,340,1353,1.7,1504,290,0.9,23,1319,51.9,6.8,998.1,1011.2,2343,1005.8,0005,1008.8,12.5,7.4,,,,,,,,,4.6,2.0,12.7,4.3,,,,,,,,,,,,,,,2021,3,13,88,1,0,0,0
239,세종,2021-03-30,11.7,5.0,0658,18.8,1535,,,,,,,7.2,340,1302,4.5,340,1239,1.5,1258,340,-4.7,13,1333,35.6,4.4,1001.8,1014.9,2400,1010.6,1811,1012.6,12.5,10.6,,,,,,,,,1.0,0.5,15.2,-1.1,,,,,,,,,,,,,,,2021,3,13,89,1,0,0,0
239,세종,2021-03-31,13.7,3.8,0621,23.3,1448,,,,,,,4.0,20,1450,2.6,360,1459,0.8,703,70,-4.2,6,1531,33.9,4.6,1003.3,1015.9,0913,1011.5,1535,1014.0,12.6,10.7,,,,,,,,,2.9,0.0,15.5,-2.5,,,,,,,,,,,,,,,2021,3,13,90,1,0,0,0
239,세종,2021-04-01,15.6,11.2,0555,20.7,1352,,,,,,,9.8,90,1354,6.0,70,1401,3.4,2909,90,-0.6,20,1614,34.3,5.9,1007.7,1020.5,2329,1015.1,0001,1018.3,12.6,7.9,,,,,,,,,7.3,1.6,17.2,3.0,,,,,,,,,,,,,,,2021,4,13,91,1,0,0,0
239,세종,2021-04-02,17.1,12.0,0600,22.3,1423,,,,,,,7.2,90,0349,4.5,70,0911,2.8,2440,70,4.2,34,0001,43.0,8.4,1008.0,1021.1,0803,1016.3,1658,1018.6,12.6,5.1,,,,,,,,,7.1,6.8,18.4,8.8,,,,,,,,,,,,,,,2021,4,13,92,1,0,0,0
239,세종,2021-04-03,15.8,14.3,2348,17.7,0001,1.4,2204,4.3,1515,,27.3,4.5,110,0939,2.7,160,1003,1.3,1088,90,11.8,54,0001,79.4,14.0,1001.0,1016.8,0016,1008.2,1801,1011.5,12.7,0.0,,,,,,,,,8.4,5.1,15.6,13.1,,,,,,,,,,,,,,,2021,4,13,93,1,0,0,1
239,세종,2021-04-04,11.2,9.2,0839,14.3,0001,0.5,710,1.9,704,,5.9,6.2,90,0815,4.0,70,0839,2.0,1722,50,7.3,55,1503,78.4,10.3,1003.9,1020.2,2352,1008.6,0137,1014.6,12.7,0.4,,,,,,,,,,,13.8,4.8,,,,,,,,,,,,,,,2021,4,13,94,1,0,0,1
239,세종,2021-04-05,11.2,4.2,0620,17.5,1609,,,,,,,4.9,90,1219,2.8,90,1440,1.3,1087,20,-2.9,17,1532,41.1,5.1,1011.0,1024.3,0850,1019.3,1707,1021.8,12.7,10.8,,,,,,,,,0.7,0.5,14.7,-1.0,,,,,,,,,,,,,,,2021,4,14,95,1,0,0,0
239,세종,2021-04-06,12.7,5.5,0509,19.8,1453,,,,,,,9.7,360,1435,6.7,340,1259,1.7,1502,340,-0.5,14,1251,44.5,6.0,1009.5,1022.3,0808,1017.8,1614,1020.2,12.8,8.8,,,,,,,,,2.3,1.4,15.0,-0.3,,,,,,,,,,,,,,,2021,4,14,96,1,0,0,0
239,세종,2021-04-07,13.4,5.0,0610,21.9,1540,,,,,,,9.2,340,1702,5.8,340,1707,1.7,1452,320,-1.4,13,1559,42.4,5.7,1008.7,1021.9,0757,1016.7,1606,1019.5,12.8,10.9,,,,,,,,,1.4,0.0,16.6,-0.3,,,,,,,,,,,,,,,2021,4,14,97,1,0,0,0
239,세종,2021-04-08,12.4,5.2,0620,19.1,1359,,,,,,,7.4,320,1339,5.2,320,1819,1.9,1657,340,-4.1,12,1353,34.9,4.6,1007.6,1020.2,2348,1016.2,1512,1018.4,12.9,10.8,,,,,,,,,0.0,0.0,16.5,-1.2,,,,,,,,,,,,,,,2021,4,14,98,1,0,0,0
239,세종,2021-04-09,11.7,4.2,0621,18.9,1550,,,,,,,6.5,90,2053,4.4,70,1813,1.9,1667,90,-0.7,20,1644,44.0,5.9,1013.5,1029.2,2340,1020.2,0001,1024.4,12.9,10.6,,,,,,,,,3.1,0.8,16.6,-2.2,,,,,,,,,,,,,,,2021,4,14,99,1,0,0,0
239,세종,2021-04-10,12.1,6.5,0504,19.9,1515,,,,,,,8.2,340,1727,5.0,340,1729,1.8,1537,70,0.5,23,1446,46.6,6.4,1019.4,1032.3,0919,1028.0,1559,1030.3,12.9,10.1,,,,,,,,,1.0,0.0,15.9,1.0,,,,,,,,,,,,,,,2021,4,14,100,1,0,0,0
239,세종,2021-04-11,14.6,5.7,0550,22.5,1431,,,,,,,4.6,70,1550,2.7,50,1554,1.0,850,70,1.5,17,1709,46.6,6.9,1018.0,1032.2,0840,1025.2,1711,1028.8,13.0,10.9,,,,,,,,,2.9,1.4,18.5,0.5,,,,,,,,,,,,,,,2021,4,14,101,1,0,0,0
239,세종,2021-04-12,13.2,11.9,1325,16.1,1044,1.0,2003,3.8,1957,,18.2,4.8,140,1206,3.0,90,1357,1.2,1036,90,7.5,28,0945,72.1,10.8,1007.0,1026.6,0003,1009.1,2358,1017.7,13.0,0.0,,,,,,,,,9.4,4.6,13.7,9.1,,,,,,,,,,,,,,,2021,4,15,102,1,0,0,1
239,세종,2021-04-13,10.2,3.9,2228,16.2,1231,0.2,,0.5,14,,1.1,7.2,320,1423,4.0,290,1358,2.0,1766,290,4.7,37,1600,71.3,9.0,1002.8,1018.9,2334,1008.3,0041,1013.6,13.0,7.6,,,,,,,,,5.4,4.9,13.8,0.3,,,,,,,,,,,,,,,2021,4,15,103,1,0,0,1
239,세종,2021-04-14,9.0,1.3,0617,15.9,1458,,,,,,,9.5,340,1334,6.3,340,1329,1.9,1624,340,-3.4,16,1512,46.3,4.9,1008.4,1021.3,2146,1017.8,1501,1019.3,13.1,11.5,,,,,,,,,1.1,0.8,14.4,-2.1,,,,,,,,,,,,,,,2021,4,15,104,1,0,0,0
239,세종,2021-04-15,10.4,0.7,0553,18.3,1542,,,,,,,4.5,90,1509,3.0,90,1526,1.1,952,320,-2.3,15,1347,46.1,5.2,1007.9,1021.5,0146,1014.8,1827,1018.7,13.1,10.6,,,,,,,,,4.8,1.1,15.3,-2.5,,,,,,,,,,,,,,,2021,4,15,105,1,0,0,0
239,세종,2021-04-16,10.9,7.4,0552,15.2,1150,0.3,1400,0.3,1355,,0.3,6.3,230,1115,3.6,180,1134,1.2,998,160,5.9,32,0010,73.1,9.5,1005.8,1018.4,2310,1015.3,0856,1016.6,13.2,0.3,,,,,,,,,7.4,4.8,11.0,2.7,,,,,,,,,,,,,,,2021,4,15,106,1,0,0,1
239,세종,2021-04-17,9.5,6.2,2400,16.3,1306,,,,,,,9.5,320,1414,5.1,320,1414,1.8,1523,290,-0.1,19,1300,58.8,6.5,1004.5,1018.4,0006,1012.3,1612,1015.3,13.2,5.7,,,,,,,,,4.3,2.1,14.6,1.6,,,,,,,,,,,,,,,2021,4,15,107,1,0,0,0
239,세종,2021-04-18,10.3,5.9,2351,16.5,1542,,,,,,,7.7,270,1301,4.2,340,0909,2.0,1737,290,-0.7,23,1437,50.3,5.9,1006.1,1018.7,2148,1014.5,1534,1016.9,13.2,9.9,,,,,,,,,3.5,2.0,15.3,0.4,,,,,,,,,,,,,,,2021,4,15,108,1,0,0,0
239,세종,2021-04-19,12.1,3.1,0608,21.6,1403,,,,,,,9.1,320,1405,4.3,320,1413,1.5,1297,290,1.7,18,1432,56.1,7.0,1007.2,1019.5,2341,1015.3,1609,1017.9,13.3,11.6,,,,,,,,,0.4,0.0,16.8,-1.4,,,,,,,,,,,,,,,2021,4,16,109,1,0,0,0
239,세종,2021-04-20,14.6,5.7,0610,24.3,1459,,,,,,,6.0,320,1753,4.5,320,1759,1.1,985,70,2.2,20,1632,49.3,7.3,1010.0,1022.3,2346,1017.9,1610,1020.6,13.3,10.6,,,,,,,,,3.1,0.4,19.8,0.9,,,,,,,,,,,,,,,2021,4,16,110,1,0,0,0
239,세종,2021-04-21,18.5,8.9,0544,28.7,1441,,,,,,,3.4,20,1246,2.1,290,2348,0.9,790,20,2.5,14,1539,37.8,7.3,1010.5,1023.5,0754,1017.3,1703,1021.0,13.3,10.0,,,,,,,,,6.9,2.1,21.7,3.8,,,,,,,,,,,,,,,2021,4,16,111,1,0,1,0
239,세종,2021-04-22,21.3,14.0,0600,29.8,1525,,,,,,,7.7,140,1644,4.9,160,1653,1.6,1374,140,1.7,9,1557,29.6,7.0,1007.9,1021.6,0106,1015.0,1524,1018.3,13.4,4.9,,,,,,,,,9.1,4.5,23.5,11.3,,,,,,,,,,,,,,,2021,4,16,112,1,0,1,0
239,세종,2021-04-23,18.8,15.4,0621,21.8,1400,0.0,,0.0,,,0.0,8.2,90,1458,5.4,70,1459,3.0,2588,90,-0.9,19,1101,26.9,5.8,1008.2,1020.3,2318,1016.8,0155,1018.7,13.4,1.2,,,,,,,,,9.1,5.4,19.8,11.7,,,,,,,,,,,,,,,2021,4,16,113,1,0,0,0
239,세종,2021-04-24,17.5,13.3,2348,24.0,1418,,,,,,,7.1,50,1512,4.2,90,0020,2.0,1716,70,-0.2,18,1506,31.3,6.1,1008.7,1021.2,0828,1017.5,1638,1019.2,13.5,5.4,,,,,,,,,6.4,4.5,21.0,7.1,,,,,,,,,,,,,,,2021,4,16,114,1,0,0,0
239,세종,2021-04-25,17.2,8.7,0531,24.2,1640,,,,,,,6.1,70,1255,3.8,90,2110,1.7,1466,70,4.8,27,1548,46.5,8.6,1008.3,1021.5,2351,1016.3,1604,1018.9,13.5,11.1,,,,,,,,,2.3,1.4,22.8,5.1,,,,,,,,,,,,,,,2021,4,16,115,1,0,0,0
239,세종,2021-04-26,16.2,9.9,0508,22.6,1457,,,,,,,4.9,70,0024,3.3,90,0015,1.7,1427,70,2.2,19,1347,41.4,7.4,1010.2,1023.0,0822,1018.3,1759,1020.8,13.5,11.3,,,,,,,,,5.8,2.0,23.5,4.4,,,,,,,,,,,,,,,2021,4,17,116,1,0,0,0
239,세종,2021-04-27,15.5,10.6,0351,21.3,1533,,,,,,,4.6,290,1802,2.3,200,1526,1.0,902,160,6.0,28,1503,56.4,9.4,1007.4,1021.4,0040,1015.1,1529,1018.0,13.5,0.4,,,,,,,,,9.5,6.4,18.8,8.4,,,,,,,,,,,,,,,2021,4,17,117,1,0,0,0
239,세종,2021-04-28,15.7,12.3,0600,19.7,1513,0.2,,0.2,,,0.2,3.8,160,0200,2.3,250,1247,1.1,938,290,6.9,26,1715,59.4,10.2,1005.5,1018.1,0011,1013.7,2345,1016.1,13.6,1.6,,,,,,,,,7.3,1.0,18.6,7.4,,,,,,,,,,,,,,,2021,4,17,118,1,0,0,1
239,세종,2021-04-29,14.7,10.5,2342,19.7,1550,0.6,2248,2.0,2233,,2.3,8.1,160,1039,4.9,160,1047,1.6,1358,160,6.9,33,1946,61.0,9.9,995.2,1013.8,0001,1001.4,2359,1005.8,13.6,7.7,,,,,,,,,7.1,2.9,20.1,6.3,,,,,,,,,,,,,,,2021,4,17,119,1,0,0,1
239,세종,2021-04-30,12.1,8.8,2352,17.0,1309,0.3,29,0.6,13,,0.7,12.0,200,0214,6.7,180,0217,2.0,1765,230,5.7,40,1214,66.6,9.2,994.1,1008.8,2051,995.8,0220,1004.8,13.7,4.8,,,,,,,,,6.1,2.8,16.0,6.1,,,,,,,,,,,,,,,2021,4,17,120,1,0,0,1
239,세종,2021-05-01,10.0,8.0,0237,14.0,1305,0.2,,0.3,512,,0.8,7.3,290,1529,4.4,320,1416,1.8,1542,270,5.6,46,1306,75.1,9.1,995.6,1010.0,2227,1003.7,0523,1006.3,13.7,1.8,,,,,,,,,8.3,3.3,12.3,4.9,,,,,,,,,,,,,,,2021,5,17,121,1,0,0,1
239,세종,2021-05-02,12.1,7.2,0458,18.7,1552,0.5,307,2.3,355,,4.7,6.5,320,1602,3.9,340,1603,1.8,1558,290,3.9,32,1454,61.5,8.1,1005.7,1020.6,2347,1009.9,0001,1016.4,13.7,8.6,,,,,,,,,4.4,2.0,16.1,4.2,,,,,,,,,,,,,,,2021,5,17,122,1,0,0,1
239,세종,2021-05-03,13.9,5.3,0343,22.6,1517,,,,,,,4.9,250,1638,2.8,160,1533,1.1,977,180,3.2,21,1640,55.0,7.8,1007.2,1020.8,0742,1015.0,1823,1017.9,13.8,11.2,,,,,,,,,3.3,1.8,19.1,1.3,,,,,,,,,,,,,,,2021,5,18,123,1,0,0,0
239,세종,2021-05-04,16.4,11.0,0358,22.2,1604,0.7,2321,2.3,2250,,6.0,6.3,180,1507,3.8,160,1508,1.3,1085,90,10.7,49,1044,71.0,13.3,998.9,1017.0,0001,1003.1,2156,1009.3,13.8,0.2,,,,,,,,,9.9,5.1,18.1,8.1,,,,,,,,,,,,,,,2021,5,18,124,1,0,0,1
239,세종,2021-05-05,14.0,8.1,2400,19.9,1428,0.4,8,0.6,1,,0.6,8.7,320,1418,4.5,290,1221,2.0,1686,290,2.0,16,1800,51.4,7.7,1002.9,1018.9,2218,1004.1,0001,1013.5,13.8,12.1,,,,,,,,,1.3,0.4,18.9,3.3,,,,,,,,,,,,,,,2021,5,18,125,1,0,0,1
239,세종,2021-05-06,15.0,5.7,0535,23.0,1551,,,,,,,5.4,200,1554,2.7,180,1442,1.2,1002,180,1.3,20,1204,44.5,6.7,1005.4,1019.3,0103,1012.0,2353,1016.0,13.8,8.6,,,,,,,,,5.8,1.3,17.6,1.7,,,,,,,,,,,,,,,2021,5,18,126,1,0,0,0
239,세종,2021-05-07,14.3,8.9,2340,20.1,0854,1.6,1152,1.9,1102,,1.9,8.1,270,0827,4.5,180,0822,1.7,1466,200,4.1,28,1437,52.9,8.4,997.1,1012.0,0001,1004.8,1103,1007.6,13.9,7.5,,,,,,,,,3.9,2.9,16.9,5.4,,,,,,,,,,,,,,,2021,5,18,127,1,0,0,1
239,세종,2021-05-08,14.9,7.1,0526,22.7,1421,,,,,,,7.9,250,1841,4.4,180,1623,1.8,1568,290,5.5,28,1424,57.5,9.1,994.7,1009.4,0001,1000.0,1702,1005.2,13.9,10.7,,,,,,,,,,,19.5,3.3,,,,,,,,,,,,,,,2021,5,18,128,1,0,0,0
239,세종,2021-05-09,15.7,7.1,0527,22.9,1502,,,,,,,8.5,340,1348,5.5,340,1349,1.9,1608,290,2.8,20,1601,48.3,7.7,999.6,1012.1,2341,1007.1,0001,1010.1,13.9,11.9,,,,,,,,,1.8,0.8,21.0,3.1,,,,,,,,,,,,,,,2021,5,18,129,1,0,0,0
239,세종,2021-05-10,11.5,9.7,0426,13.4,1705,1.0,1311,4.7,1242,,14.8,5.3,320,0826,3.0,340,0811,1.4,1167,90,8.1,49,0001,80.9,11.0,1003.3,1018.0,0842,1011.4,0326,1014.1,14.0,0.2,,,,,,,,,7.6,3.5,12.9,5.8,,,,,,,,,,,,,,,2021,5,19,130,1,0,0,1
239,세종,2021-05-11,15.9,11.6,0258,20.7,1506,0.5,500,0.6,1,,1.5,7.6,70,1321,5.6,70,1328,2.8,2446,90,7.7,38,1759,61.9,10.7,1003.0,1015.0,0002,1012.0,1505,1013.5,14.0,3.6,,,,,,,,,8.1,4.4,17.0,10.8,,,,,,,,,,,,,,,2021,5,19,131,1,0,0,1
239,세종,2021-05-12,19.6,13.9,0542,25.3,1518,,,,,,,6.2,110,1018,4.4,70,1002,2.3,2001,90,5.9,26,1018,41.8,9.5,1001.5,1014.1,0003,1008.9,1716,1011.8,14.0,11.2,,,,,,,,,2.9,0.9,21.0,8.7,,,,,,,,,,,,,,,2021,5,19,132,1,0,1,0
239,세종,2021-05-13,21.2,13.7,0510,28.9,1635,,,,,,,4.4,340,2038,3.2,90,1358,1.0,878,90,11.3,31,1617,55.8,13.4,1000.7,1012.9,0752,1008.6,1714,1011.1,14.1,12.3,,,,,,,,,1.9,0.0,24.8,9.8,,,,,,,,,,,,,,,2021,5,19,133,1,0,1,0
239,세종,2021-05-14,22.7,14.9,0532,30.5,1439,,,,,,,5.2,90,1430,3.3,70,1507,1.2,998,70,14.2,30,1443,62.0,16.2,1000.5,1013.4,0557,1008.2,1729,1010.7,14.1,9.6,,,,,,,,,6.9,2.6,26.8,12.4,,,,,,,,,,,,,,,2021,5,19,134,1,0,1,0
239,세종,2021-05-15,21.5,18.4,0411,26.6,1426,0.8,400,1.7,323,,2.0,4.5,90,1030,3.0,90,1034,1.1,916,70,18.5,62,1427,84.1,21.5,996.0,1009.5,0248,1003.7,1642,1006.2,14.1,0.8,,,,,,,,,9.1,6.4,23.2,18.4,,,,,,,,,,,,,,,2021,5,19,135,1,0,1,1
239,세종,2021-05-16,20.8,17.7,2351,22.2,1315,3.0,1554,6.7,105,,30.9,5.3,180,1303,2.5,90,0224,1.2,1053,160,19.6,89,0601,93.6,22.9,990.4,1003.9,0001,998.4,1728,1000.6,14.1,0.0,,,,,,,,,9.8,6.1,22.5,18.4,,,,,,,,,,,,,,,2021,5,19,136,1,0,0,1
239,세종,2021-05-17,15.6,14.5,2205,17.7,0001,0.7,1337,2.3,1304,,4.9,3.9,180,1557,2.1,200,1122,1.1,916,290,14.4,87,1053,93.0,16.4,996.3,1010.2,2053,1001.8,0001,1006.8,14.2,0.0,,,,,,,,,9.1,7.1,18.0,14.6,,,,,,,,,,,,,,,2021,5,20,137,1,0,0,1
239,세종,2021-05-18,18.2,14.5,0050,24.2,1701,,,,,,,4.6,320,1815,3.1,320,1815,1.1,917,270,13.2,45,1625,75.6,15.3,999.9,1012.2,0832,1008.5,1647,1010.4,14.2,7.4,,,,,,,,,6.4,4.5,21.6,13.4,,,,,,,,,,,,,,,2021,5,20,138,1,0,0,0
239,세종,2021-05-19,19.8,13.7,0542,27.9,1444,,,,,,,6.5,340,1658,4.6,340,1658,1.2,1017,340,9.5,17,1637,58.3,12.2,1001.1,1013.3,0755,1009.2,1756,1011.5,14.2,9.5,,,,,,,,,5.6,3.8,25.0,12.0,,,,,,,,,,,,,,,2021,5,20,139,1,0,1,0
239,세종,2021-05-20,16.2,15.0,2357,19.0,1102,0.6,1256,2.0,1222,,15.8,5.4,90,1113,3.5,90,1153,1.3,1130,70,13.2,51,0015,83.5,15.3,994.1,1011.8,0001,1000.4,1817,1004.6,14.2,0.0,,,,,,,,,8.5,4.0,17.8,15.0,,,,,,,,,,,,,,,2021,5,20,140,1,0,0,1
239,세종,2021-05-21,14.7,12.9,2350,16.5,1431,0.2,,0.4,1,,0.5,5.1,320,1441,2.7,290,1224,1.5,1292,290,12.5,77,1434,87.1,14.5,995.6,1010.6,2308,1000.6,0213,1006.2,14.3,0.0,,,,,,,,,7.6,3.1,17.4,10.4,,,,,,,,,,,,,,,2021,5,20,141,1,0,0,1
239,세종,2021-05-22,18.0,11.7,0438,25.3,1423,,,,,,,6.7,340,1448,4.2,320,1830,1.4,1240,340,11.9,43,1500,71.3,14.0,1000.5,1012.5,0837,1008.5,1547,1010.9,14.3,11.5,,,,,,,,,2.0,1.4,21.8,9.2,,,,,,,,,,,,,,,2021,5,20,142,1,0,1,0
239,세종,2021-05-23,19.5,12.6,0513,25.8,1418,,,,,,,3.9,290,2036,2.3,290,2027,0.8,711,160,12.5,39,1322,66.8,14.5,1000.4,1013.2,0615,1008.4,1800,1010.8,14.3,6.9,,,,,,,,,7.1,2.3,21.8,9.9,,,,,,,,,,,,,,,2021,5,20,143,1,0,1,0
239,세종,2021-05-24,19.4,15.3,2355,24.8,1433,,,,,,,7.9,340,1459,4.6,320,1338,1.7,1510,290,8.2,17,1353,53.0,11.4,997.5,1009.8,0001,1006.1,1550,1007.9,14.3,8.3,,,,,,,,,6.6,1.9,23.6,10.9,,,,,,,,,,,,,,,2021,5,21,144,1,0,0,0
239,세종,2021-05-25,15.5,11.4,0759,20.6,1324,1.0,646,1.3,636,,1.8,6.8,320,1234,4.3,160,0716,1.7,1469,290,8.0,29,1656,64.1,10.8,997.4,1011.0,2400,1005.7,0737,1007.9,14.4,8.7,,,,,,,,,3.0,1.8,18.9,8.3,,,,,,,,,,,,,,,2021,5,21,145,1,0,0,1
239,세종,2021-05-26,16.6,11.1,0503,22.9,1416,,,,,,,5.4,250,1433,2.9,180,1502,1.0,877,110,8.1,30,1502,61.1,10.9,997.6,1011.6,0325,1004.6,2009,1008.1,14.4,2.3,,,,,,,,,9.5,3.6,17.5,8.9,,,,,,,,,,,,,,,2021,5,21,146,1,0,0,0
239,세종,2021-05-27,16.4,12.8,2339,20.6,1405,1.2,824,2.2,812,,2.7,6.3,320,1447,3.1,290,1456,1.2,1054,180,11.2,44,0001,73.1,13.4,992.1,1005.9,2228,1000.5,0723,1002.5,14.4,5.4,,,,,,,,,5.6,3.0,18.6,9.5,,,,,,,,,,,,,,,2021,5,21,147,1,0,0,1
239,세종,2021-05-28,14.4,11.2,0223,18.9,1629,10.6,1049,29.0,1042,,38.5,10.0,340,1020,6.7,340,1027,1.5,1315,70,11.2,64,1802,81.9,13.3,990.8,1005.7,0001,998.0,1731,1001.3,14.4,3.0,,,,,,,,,6.6,3.8,17.3,8.5,,,,,,,,,,,,,,,2021,5,21,148,1,0,0,1
239,세종,2021-05-29,17.8,11.9,0435,23.8,1311,,,,,,,6.0,290,1553,3.4,290,1558,1.5,1253,250,9.4,35,1449,60.9,11.8,996.2,1009.9,2320,1003.3,0001,1006.6,14.4,9.9,,,,,,,,,3.3,0.6,19.1,8.1,,,,,,,,,,,,,,,2021,5,21,149,1,0,0,0
239,세종,2021-05-30,19.3,11.5,0515,27.3,1507,2.5,2246,3.7,2157,,6.6,5.5,320,2219,3.1,140,2156,1.1,979,70,12.4,34,1448,68.0,14.6,998.2,1010.4,2248,1006.0,1656,1008.6,14.5,11.7,,,,,,,,,3.5,1.4,24.1,8.4,,,,,,,,,,,,,,,2021,5,21,150,1,0,1,1
239,세종,2021-05-31,19.1,15.4,0757,25.6,1553,2.4,49,3.8,207,,7.9,6.7,320,0213,3.3,320,0219,0.9,760,160,14.7,48,1607,77.4,16.7,1000.6,1013.0,2210,1008.8,0156,1011.0,14.5,3.7,,,,,,,,,5.8,4.4,22.3,15.2,,,,,,,,,,,,,,,2021,5,22,151,1,0,1,1
239,세종,2021-06-01,21.3,16.2,0250,27.2,1556,,,,,,,4.5,90,1103,2.9,70,1107,1.1,973,90,13.6,39,1526,64.5,15.6,1003.3,1015.9,0711,1012.0,0033,1013.6,14.5,8.9,,,,,,,,,6.5,2.6,24.2,14.2,,,,,,,,,,,,,,,2021,6,22,152,0,0,1,0
239,세종,2021-06-02,23.4,17.1,0455,30.0,1352,,,,,,,3.4,270,1453,2.3,110,1140,1.0,821,290,13.5,33,1454,56.5,15.5,1002.1,1015.0,0634,1009.8,1712,1012.3,14.5,11.6,,,,,,,,,5.8,2.8,26.3,15.6,,,,,,,,,,,,,,,2021,6,22,153,0,0,1,0
239,세종,2021-06-03,17.8,15.3,2400,20.3,0001,1.1,1922,4.1,1256,,25.5,7.0,360,2339,3.7,320,2343,0.8,727,320,15.8,67,0001,89.0,18.0,994.1,1011.3,0026,1000.1,1725,1004.5,14.5,0.0,,,,,,,,,8.8,4.4,19.5,14.4,,,,,,,,,,,,,,,2021,6,22,154,0,0,0,1
239,세종,2021-06-04,18.1,12.3,0528,24.4,1524,0.2,,0.4,1,,0.4,6.0,320,0013,3.9,160,1420,1.4,1227,160,11.7,38,1747,69.3,13.8,992.1,1003.6,2104,1001.2,1523,1002.5,14.5,11.0,,,,,,,,,2.5,1.6,25.2,9.9,,,,,,,,,,,,,,,2021,6,22,155,0,0,0,1
239,세종,2021-06-05,20.9,15.9,0111,26.1,1503,,,,,,,7.0,250,1114,3.5,250,1426,1.7,1479,200,13.9,48,0532,65.3,16.3,991.5,1004.3,2301,999.7,1648,1001.7,14.6,10.6,,,,,,,,,3.6,2.5,26.7,11.7,,,,,,,,,,,,,,,2021,6,22,156,0,0,1,0
239,세종,2021-06-06,22.2,18.0,0520,27.3,1559,0.5,734,0.5,701,,0.5,5.6,160,1340,3.2,160,1346,1.2,1055,160,14.6,44,1649,64.0,16.7,996.7,1011.5,2344,1003.6,0023,1007.0,14.6,8.8,,,,,,,,,2.5,2.5,28.3,15.2,,,,,,,,,,,,,,,2021,6,22,157,0,0,1,1
239,세종,2021-06-07,21.7,15.7,0522,28.3,1548,,,,,,,4.4,140,1023,3.0,140,1024,0.8,724,320,12.6,28,1205,60.6,14.8,1003.1,1014.9,2316,1010.9,0104,1013.4,14.6,8.4,,,,,,,,,4.8,1.1,27.6,12.8,,,,,,,,,,,,,,,2021,6,23,158,0,0,1,0
239,세종,2021-06-08,23.5,17.3,0417,30.3,1547,,,,,,,3.6,160,1332,2.5,160,1341,0.8,693,90,15.4,31,1549,63.0,17.5,1004.6,1016.3,0708,1013.3,1739,1014.8,14.6,10.3,,,,,,,,,6.1,2.1,27.1,16.2,,,,,,,,,,,,,,,2021,6,23,159,0,0,1,0
239,세종,2021-06-09,25.7,19.0,0516,32.2,1507,,,,,,,3.9,70,1246,2.2,70,1250,0.8,729,70,17.3,32,1412,63.0,19.8,1004.1,1016.1,0713,1012.4,1804,1014.3,14.6,12.1,,,,,,,,,4.5,0.8,32.4,17.6,,,,,,,,,,,,,,,2021,6,23,160,0,0,1,0
239,세종,2021-06-10,24.6,19.8,2356,30.3,1409,0.4,2228,1.3,2230,,1.9,7.3,140,1947,4.7,160,1956,1.4,1171,90,16.4,36,1738,63.1,18.7,1000.9,1014.0,0104,1008.7,2306,1011.1,14.6,4.8,,,,,,,,,8.8,1.0,30.1,19.2,,,,,,,,,,,,,,,2021,6,23,161,0,0,1,1
239,세종,2021-06-11,22.6,19.2,0611,27.7,1447,1.2,149,5.4,124,,13.7,7.6,160,0248,4.6,140,0249,1.4,1174,320,18.4,57,1408,78.8,21.2,999.8,1012.6,2339,1007.9,0337,1010.0,14.6,4.3,,,,,,,,,7.3,3.3,26.4,19.6,,,,,,,,,,,,,,,2021,6,23,162,0,0,1,1
239,세종,2021-06-12,23.8,18.6,0454,30.2,1553,,,,,,,4.2,50,1215,2.9,320,1912,1.3,1098,320,18.1,45,1621,72.4,20.7,1000.9,1013.5,0841,1008.8,1816,1011.1,14.6,9.1,,,,,,,,,5.1,3.4,29.6,17.3,,,,,,,,,,,,,,,2021,6,23,163,0,0,1,0
239,세종,2021-06-13,23.7,20.2,0505,30.4,1624,,,,,,,5.0,320,1850,3.6,320,1851,1.3,1164,290,18.8,43,1540,76.4,21.8,998.0,1011.0,0405,1005.0,1703,1008.2,14.6,6.1,,,,,,,,,3.6,2.5,29.7,19.7,,,,,,,,,,,,,,,2021,6,23,164,0,0,1,0
239,세종,2021-06-14,23.9,19.2,0511,29.5,1513,,,,,,,4.3,90,1313,2.9,70,1319,1.1,981,270,19.5,53,1630,78.0,22.6,995.3,1007.4,0610,1003.4,1732,1005.4,14.6,3.6,,,,,,,,,7.9,4.0,30.3,19.4,,,,,,,,,,,,,,,2021,6,24,165,0,0,1,0
239,세종,2021-06-15,22.2,21.2,2340,24.2,1709,0.3,1132,0.9,1119,,1.1,6.5,70,1719,4.2,70,2249,2.1,1844,90,17.5,65,1751,75.5,20.1,993.5,1005.1,0003,1002.3,1737,1003.7,14.7,0.5,,,,,,,,,8.5,3.1,24.6,20.0,,,,,,,,,,,,,,,2021,6,24,166,0,0,0,1
239,세종,2021-06-16,23.6,20.8,0549,27.1,1644,,,,,,,6.8,20,1206,4.5,70,1208,3.0,2552,90,15.6,48,1618,61.4,17.7,994.4,1007.0,2400,1002.6,0257,1004.6,14.7,9.0,,,,,,,,,5.4,2.9,29.8,18.1,,,,,,,,,,,,,,,2021,6,24,167,0,0,1,0
239,세종,2021-06-17,21.2,19.4,0329,24.2,1500,0.0,,0.0,,,0.0,5.1,90,0246,3.1,70,0108,1.4,1201,70,16.2,61,1057,74.1,18.5,995.6,1007.6,0810,1004.7,1802,1005.8,14.6,0.4,,,,,,,,,9.9,3.3,25.2,17.5,,,,,,,,,,,,,,,2021,6,24,168,0,0,0,0
239,세종,2021-06-18,20.6,18.8,2309,23.5,1637,0.5,344,1.4,337,,2.6,4.8,180,1105,2.4,160,1130,0.8,728,140,18.5,75,1638,88.8,21.4,991.6,1004.8,0001,999.9,1656,1001.8,14.7,0.3,,,,,,,,,8.4,5.1,22.6,16.3,,,,,,,,,,,,,,,2021,6,24,169,0,0,0,1
239,세종,2021-06-19,22.2,18.0,0528,28.6,1616,,,,,,,4.6,200,1624,2.4,320,1227,1.1,913,320,16.1,39,1551,71.8,18.4,991.0,1002.5,0809,999.6,1508,1001.1,14.7,9.0,,,,,,,,,2.5,1.4,27.9,14.8,,,,,,,,,,,,,,,2021,6,24,170,0,0,1,0
239,세종,2021-06-20,23.2,16.7,0532,29.7,1423,,,,,,,6.5,230,1909,3.5,200,1917,1.7,1435,160,15.5,32,1605,65.4,17.6,991.2,1002.7,0649,1000.0,1638,1001.3,14.7,10.4,,,,,,,,,3.8,1.8,27.5,14.1,,,,,,,,,,,,,,,2021,6,24,171,0,0,1,0
239,세종,2021-06-21,23.7,18.7,0531,29.3,1357,,,,,,,8.3,340,1551,5.0,320,1537,1.7,1465,320,14.6,30,1701,61.0,16.9,994.2,1006.9,2301,1002.4,0001,1004.3,14.7,12.3,,,,,,,,,2.1,1.5,29.7,15.9,,,,,,,,,,,,,,,2021,6,25,172,0,0,1,0
239,세종,2021-06-22,22.7,17.1,0344,27.7,1221,,,,,,,4.1,140,1603,2.6,110,0920,1.1,956,160,14.9,40,1532,63.0,16.9,998.1,1010.1,2315,1006.7,0001,1008.3,14.7,6.2,,,,,,,,,6.9,3.4,28.0,15.1,,,,,,,,,,,,,,,2021,6,25,173,0,0,1,0
239,세종,2021-06-23,20.3,18.4,2354,23.5,0827,1.4,1042,1.8,1037,,3.6,4.3,70,1019,3.2,90,0959,1.5,1327,90,17.3,65,0829,83.5,19.8,1000.0,1012.1,2237,1009.1,0231,1010.3,14.7,1.0,,,,,,,,,7.4,2.6,23.0,16.3,,,,,,,,,,,,,,,2021,6,25,174,0,0,0,1
239,세종,2021-06-24,22.0,17.8,0303,27.2,1601,,,,,,,3.4,90,1114,2.2,70,0724,1.0,835,90,16.9,52,1229,74.8,19.3,1000.9,1012.6,0816,1009.3,1707,1011.2,14.7,7.3,,,,,,,,,5.6,3.3,26.0,15.6,,,,,,,,,,,,,,,2021,6,25,175,0,0,1,0
239,세종,2021-06-25,23.3,17.6,0529,29.6,1611,1.8,2349,4.9,2301,,4.9,4.3,340,1406,2.7,290,1324,1.1,958,270,17.1,40,1641,71.3,19.5,1000.3,1012.1,0012,1008.0,1626,1010.5,14.7,11.7,,,,,,,,,5.1,2.0,30.9,15.8,,,,,,,,,,,,,,,2021,6,25,176,0,0,1,1
239,세종,2021-06-26,22.4,19.2,0157,26.5,1426,2.1,147,4.6,111,,10.5,4.6,70,1651,2.7,70,1730,1.1,933,90,18.0,54,1444,78.4,20.7,999.9,1011.9,0838,1008.6,1632,1010.2,14.6,6.3,,,,,,,,,7.9,4.9,26.6,19.2,,,,,,,,,,,,,,,2021,6,25,177,0,0,1,1
239,세종,2021-06-27,24.4,18.7,0406,30.4,1449,,,,,,,4.2,160,1042,2.6,90,2300,1.1,974,90,17.8,42,1348,69.1,20.5,996.6,1009.5,0001,1004.3,1742,1006.8,14.6,7.8,,,,,,,,,6.3,3.1,29.2,17.7,,,,,,,,,,,,,,,2021,6,25,178,0,0,1,0
239,세종,2021-06-28,24.6,21.3,0540,28.9,1428,0.0,,0.0,,,0.0,4.9,70,1518,3.0,70,1521,1.5,1317,70,17.7,48,1156,66.4,20.2,994.6,1006.2,0531,1002.8,1635,1004.8,14.6,7.2,,,,,,,,,6.3,3.1,29.1,19.8,,,,,,,,,,,,,,,2021,6,26,179,0,0,1,0
239,세종,2021-06-29,23.2,19.7,0530,29.4,1148,1.7,1757,2.7,1725,,3.1,5.6,160,1745,3.6,320,1404,1.0,834,160,19.2,51,1149,80.0,22.2,995.3,1007.4,2338,1003.9,1616,1005.5,14.6,6.3,,,,,,,,,5.1,2.8,31.0,17.9,,,,,,,,,,,,,,,2021,6,26,180,0,0,1,1
239,세종,2021-06-30,24.1,20.0,0535,29.7,1613,,,,,,,3.5,160,2018,1.8,230,0140,0.8,688,320,19.5,50,1614,77.5,22.6,996.4,1008.3,1030,1004.8,1755,1006.5,14.6,6.2,,,,,,,,,6.1,4.0,29.8,19.9,,,,,,,,,,,,,,,2021,6,26,181,0,0,1,0
239,세종,2021-07-01,25.9,20.5,0524,31.5,1551,,,,,,,4.9,360,2004,2.6,320,2011,1.1,967,70,19.4,47,1630,69.6,22.5,996.2,1007.6,0123,1004.3,1639,1006.3,14.6,10.7,,,,,,,,,4.5,2.5,33.5,19.2,,,,,,,,,,,,,,,2021,7,26,182,0,0,1,0
239,세종,2021-07-02,26.5,22.0,0618,31.6,1459,,,,,,,5.6,90,1434,3.1,90,1417,1.8,1528,70,17.1,37,1338,58.1,19.5,998.1,1010.3,2253,1006.7,0004,1008.2,14.6,8.3,,,,,,,,,4.6,1.3,31.7,19.8,,,,,,,,,,,,,,,2021,7,26,183,0,0,1,0
239,세종,2021-07-03,23.0,20.8,1937,26.5,1154,10.6,1834,24.8,1824,,60.3,7.6,90,1213,4.9,70,1417,2.9,2492,90,18.8,59,1135,78.6,21.8,995.3,1010.0,0001,1000.5,2350,1005.5,14.6,0.5,,,,,,,,,9.2,,25.0,20.3,,,,,,,,,,,,,,,2021,7,26,184,0,0,1,1
239,세종,2021-07-04,22.5,20.9,2241,24.0,0323,1.3,1,4.6,1,,7.3,8.0,180,0614,4.1,180,0510,2.1,1796,160,20.4,81,1553,88.1,24.0,995.0,1010.4,2340,999.3,0329,1005.2,14.6,0.0,,,,,,,,,7.5,6.5,24.5,19.6,,,,,,,,,,,,,,,2021,7,26,185,0,0,0,1
239,세종,2021-07-05,22.1,19.9,0328,26.2,1202,0.6,2134,2.5,2055,,3.2,3.8,180,1444,2.2,360,2347,0.9,797,140,19.2,66,1202,84.9,22.3,999.5,1011.3,1033,1008.0,2007,1009.8,14.6,0.0,,,,,,,,,10.0,4.4,25.7,18.5,,,,,,,,,,,,,,,2021,7,27,186,0,0,1,1
239,세종,2021-07-06,23.4,20.7,0058,26.3,1531,1.0,2305,3.7,2230,,9.1,3.1,110,0942,2.2,160,1659,0.7,616,180,21.5,75,1105,89.5,25.6,996.9,1008.5,2240,1006.0,0318,1007.1,14.6,1.7,,,,,,,,,9.4,5.4,26.1,19.6,,,,,,,,,,,,,,,2021,7,27,187,0,0,1,1
239,세종,2021-07-07,25.2,22.8,0744,28.2,1352,4.3,338,14.7,330,,27.5,4.7,230,0229,2.3,90,1642,0.8,678,160,23.6,77,1410,91.8,29.2,996.6,1009.2,1037,1004.5,1641,1006.7,14.6,0.0,,,,,,,,,9.8,3.5,27.2,23.2,,,,,,,,,,,,,,,2021,7,27,188,0,0,1,1
239,세종,2021-07-08,25.4,22.0,0542,31.1,1419,4.9,106,9.6,212,,27.1,5.3,320,0111,3.5,340,0132,1.0,890,200,21.6,56,1359,80.5,25.7,995.0,1006.3,0750,1003.3,1744,1005.1,14.5,7.8,,,,,,,,,8.6,4.4,29.1,20.8,,,,,,,,,,,,,,,2021,7,27,189,0,0,1,1
239,세종,2021-07-09,25.1,22.3,0519,29.8,1411,2.5,213,7.5,147,,10.1,4.2,140,1511,2.5,180,1512,0.9,741,180,21.0,56,1418,79.6,24.9,995.1,1007.2,2334,1003.5,1614,1005.2,14.5,6.8,,,,,,,,,6.0,3.6,30.4,21.9,,,,,,,,,,,,,,,2021,7,27,190,0,0,1,1
239,세종,2021-07-10,26.3,22.5,0220,30.3,1431,,,,,,,5.2,160,1220,3.0,160,1220,1.1,927,160,21.6,60,1238,76.3,25.7,997.3,1010.0,2210,1005.6,1629,1007.4,14.5,7.0,,,,,,,,,6.4,3.0,31.2,22.0,,,,,,,,,,,,,,,2021,7,27,191,0,0,1,0
239,세종,2021-07-11,25.7,23.4,0542,30.0,1356,0.3,1940,0.3,1940,,0.3,4.7,160,1134,2.7,140,1058,1.1,942,180,21.9,65,1454,80.3,26.3,999.8,1011.3,1128,1009.1,1609,1009.9,14.5,3.0,,,,,,,,,7.0,3.9,28.3,22.7,,,,,,,,,,,,,,,2021,7,27,192,0,0,1,1
239,세종,2021-07-12,27.3,22.9,0225,33.5,1646,,,,,,,3.3,70,1400,1.9,290,1300,0.8,692,230,22.6,52,1647,76.9,27.4,999.6,1011.7,0847,1007.8,1730,1009.7,14.5,5.5,,,,,,,,,5.4,4.5,30.3,22.4,,,,,,,,,,,,,,,2021,7,28,193,0,0,1,0
239,세종,2021-07-13,28.3,24.3,0521,32.8,1540,,,,,,,4.3,110,0904,2.9,90,0854,1.0,834,180,22.7,50,1535,73.4,27.6,999.5,1010.8,2317,1008.3,1548,1009.6,14.5,8.5,,,,,,,,,5.6,1.0,32.8,22.0,,,,,,,,,,,,,,,2021,7,28,194,0,0,1,0
239,세종,2021-07-14,28.2,24.1,0511,32.5,1047,,,,,,,4.4,110,0943,2.7,90,0944,0.9,800,200,22.7,55,1049,73.5,27.6,1002.0,1013.6,2357,1010.6,1854,1012.1,14.4,6.2,,,,,,,,,7.4,1.3,32.9,22.5,,,,,,,,,,,,,,,2021,7,28,195,0,0,1,0
239,세종,2021-07-15,28.4,24.3,0459,34.5,1436,,,,,,,6.3,70,1737,3.2,70,1742,0.9,817,70,22.1,45,1302,70.6,26.7,1004.0,1015.2,2354,1012.7,1823,1014.1,14.4,8.8,,,,,,,,,5.3,1.8,35.2,22.6,,,,,,,,,,,,,,,2021,7,28,196,0,0,1,0
239,세종,2021-07-16,27.1,22.9,2400,33.6,1443,0.0,,0.0,,,0.0,6.9,20,1935,4.2,90,1931,1.4,1194,90,21.1,45,1712,71.6,25.1,1004.0,1016.0,0617,1011.4,1623,1014.1,14.4,9.6,,,,,,,,,4.5,1.3,35.8,22.4,,,,,,,,,,,,,,,2021,7,28,197,0,0,1,0
239,세종,2021-07-17,26.5,22.2,0450,32.0,1426,,,,,,,6.8,110,1059,3.9,90,1019,1.8,1533,90,20.6,49,1428,72.1,24.3,1001.6,1014.1,0001,1009.2,1729,1011.7,14.4,9.4,,,,,,,,,6.3,1.4,31.4,20.8,,,,,,,,,,,,,,,2021,7,28,198,0,0,1,0
239,세종,2021-07-18,26.2,22.8,2156,32.5,1204,10.5,1808,10.9,1757,,18.8,9.3,140,2004,5.2,290,1823,1.2,1071,70,21.0,45,1338,75.3,24.8,1001.1,1012.3,2227,1009.4,1717,1011.2,14.4,8.3,,,,,,,,,6.1,0.9,31.8,21.1,,,,,,,,,,,,,,,2021,7,28,199,0,0,1,1
239,세종,2021-07-19,26.1,22.7,0008,32.2,1621,2.8,1815,3.6,1807,,3.6,4.4,110,1807,2.6,200,1816,0.9,741,160,22.1,48,1633,80.5,26.5,1002.9,1014.3,2205,1011.8,1646,1013.0,14.3,4.0,,,,,,,,,7.6,4.6,31.3,21.8,,,,,,,,,,,,,,,2021,7,29,200,0,0,1,1
239,세종,2021-07-20,26.9,23.5,0239,30.5,1305,,,,,,,3.2,50,0952,2.2,70,0959,0.8,693,70,23.1,60,1535,81.1,28.3,1003.9,1015.3,0756,1012.4,1744,1014.0,14.3,0.5,,,,,,,,,9.3,4.6,28.8,23.5,,,,,,,,,,,,,,,2021,7,29,201,0,0,1,0
239,세종,2021-07-21,28.9,23.1,0544,34.3,1624,,,,,,,5.5,110,1406,3.3,90,1807,1.5,1322,70,20.1,36,1628,62.3,23.7,1002.4,1014.1,0706,1010.2,1643,1012.5,14.3,12.2,,,,,,,,,4.9,1.5,33.8,21.3,,,,,,,,,,,,,,,2021,7,29,202,0,0,1,0
239,세종,2021-07-22,28.5,23.5,0546,33.2,1319,,,,,,,7.1,90,1513,4.4,70,1453,2.1,1833,90,19.8,42,1714,60.6,23.1,1000.7,1012.6,0749,1009.0,1758,1010.8,14.3,12.7,,,,,,,,,4.1,0.0,33.1,20.9,,,,,,,,,,,,,,,2021,7,29,203,0,0,1,0
239,세종,2021-07-23,29.0,24.0,0532,34.3,1404,,,,,,,5.8,90,1520,4.1,90,1556,1.7,1500,90,20.5,35,1629,62.3,24.1,999.0,1010.8,0805,1007.3,1549,1009.0,14.3,12.1,,,,,,,,,3.6,0.1,35.5,21.3,,,,,,,,,,,,,,,2021,7,29,204,0,0,1,0
239,세종,2021-07-24,29.4,25.0,0531,34.5,1503,,,,,,,5.4,90,1650,3.2,70,1542,1.6,1412,90,21.0,40,1656,62.5,25.0,997.8,1009.4,0620,1006.1,1725,1007.8,14.2,11.8,,,,,,,,,5.9,1.0,35.2,23.1,,,,,,,,,,,,,,,2021,7,29,205,0,0,1,0
239,세종,2021-07-25,28.9,24.8,0435,32.4,1431,,,,,,,5.5,70,1442,3.4,70,1446,2.1,1803,90,20.8,45,1348,62.1,24.6,996.3,1007.8,0423,1004.6,1752,1006.3,14.2,9.8,,,,,,,,,6.1,1.5,34.0,22.2,,,,,,,,,,,,,,,2021,7,29,206,0,0,1,0
239,세종,2021-07-26,29.1,24.0,0545,34.0,1543,,,,,,,6.3,70,1521,3.6,90,1350,2.0,1721,90,19.9,39,1526,59.6,23.2,994.2,1006.3,0003,1002.4,1722,1004.2,14.2,12.8,,,,,,,,,1.4,0.0,35.0,21.4,,,,,,,,,,,,,,,2021,7,30,207,0,0,1,0
239,세종,2021-07-27,29.3,23.2,0527,34.5,1435,,,,,,,5.4,90,1108,3.7,110,1057,1.5,1270,90,19.6,37,1437,58.6,22.9,992.7,1004.2,0001,1000.6,1802,1002.7,14.2,12.6,,,,,,,,,1.5,0.0,35.1,20.6,,,,,,,,,,,,,,,2021,7,30,208,0,0,1,0
239,세종,2021-07-28,29.3,25.2,0539,34.8,1634,,,,,,,4.1,70,1505,2.7,70,0134,1.2,995,70,21.1,37,1536,63.1,25.0,992.4,1004.1,0828,1000.1,1708,1002.3,14.1,8.2,,,,,,,,,3.9,2.4,36.1,23.3,,,,,,,,,,,,,,,2021,7,30,209,0,0,1,0
239,세종,2021-07-29,28.8,24.1,0556,34.1,1546,,,,,,,3.4,290,1909,2.2,340,1049,1.1,924,270,22.0,43,1459,68.5,26.4,991.7,1003.4,0734,999.8,1656,1001.7,14.1,9.9,,,,,,,,,6.8,2.6,34.9,22.4,,,,,,,,,,,,,,,2021,7,30,210,0,0,1,0
239,세종,2021-07-30,29.2,24.6,0442,34.4,1537,,,,,,,5.1,200,2340,2.5,90,1113,1.0,890,180,21.3,37,1525,64.5,25.4,990.5,1002.0,0532,998.4,1736,1000.4,14.1,11.7,,,,,,,,,7.0,2.5,36.4,23.3,,,,,,,,,,,,,,,2021,7,30,211,0,0,1,0
239,세종,2021-07-31,28.4,24.9,0232,33.8,1502,2.4,158,10.4,129,,13.4,3.7,230,0031,2.2,160,0016,0.9,784,160,23.1,47,1550,75.0,28.3,990.5,1001.7,0813,998.7,1814,1000.5,14.0,8.1,,,,,,,,,5.3,2.4,34.8,24.5,,,,,,,,,,,,,,,2021,7,30,212,0,0,1,1
239,세종,2021-08-01,26.0,23.8,0347,30.8,1225,3.5,1850,8.0,1844,,12.0,3.4,340,1437,2.6,290,1353,0.8,703,290,23.2,60,1226,85.8,28.5,990.7,1002.2,2129,998.8,1621,1000.7,14.0,1.0,,,,,,,,,9.1,4.4,28.4,23.9,,,,,,,,,,,,,,,2021,8,30,213,0,0,1,1
239,세종,2021-08-02,25.4,24.0,0154,28.4,1641,1.7,1253,5.1,1029,,11.5,3.4,230,1151,2.0,160,1908,0.7,585,180,23.5,71,1645,89.6,28.9,993.4,1005.8,2356,1001.0,0220,1003.5,14.0,0.7,,,,,,,,,9.3,4.1,28.4,24.2,,,,,,,,,,,,,,,2021,8,31,214,0,0,1,1
239,세종,2021-08-03,27.2,24.0,0221,31.1,1422,1.1,4,1.2,1,,2.0,4.3,140,1319,2.5,140,0947,1.0,839,140,23.3,60,1758,80.4,28.5,997.5,1009.5,2400,1005.0,0219,1007.6,13.9,5.0,,,,,,,,,7.0,,30.6,24.0,,,,,,,,,,,,,,,2021,8,31,215,0,0,1,1
239,세종,2021-08-04,28.3,24.0,0600,32.8,1405,,,,,,,4.6,140,1013,2.9,140,1015,0.9,793,180,22.6,48,1623,72.8,27.4,998.6,1010.5,0821,1006.5,1648,1008.7,13.9,11.6,,,,,,,,,4.0,1.8,33.5,23.2,,,,,,,,,,,,,,,2021,8,31,216,0,0,1,0
239,세종,2021-08-05,29.0,24.3,0520,34.2,1533,0.0,,0.0,,,0.0,5.1,290,1836,3.4,320,1840,1.1,911,290,22.2,45,1515,69.0,26.8,995.9,1008.4,0001,1003.3,1735,1005.9,13.9,11.5,,,,,,,,,5.0,2.5,34.5,24.0,,,,,,,,,,,,,,,2021,8,31,217,0,0,1,0
239,세종,2021-08-06,28.2,24.7,0450,34.5,1423,,,,,,,9.2,320,1645,6.0,320,1648,1.4,1242,160,21.5,49,1425,68.9,25.8,993.3,1005.3,0003,1000.6,1525,1003.3,13.9,8.0,,,,,,,,,6.3,3.6,34.4,24.0,,,,,,,,,,,,,,,2021,8,31,218,0,0,1,0
239,세종,2021-08-07,27.4,22.4,0549,33.4,1508,,,,,,,5.5,340,1728,3.6,320,1731,1.2,1070,320,20.4,45,1511,67.5,24.0,993.0,1004.1,2336,1001.3,1708,1003.0,13.8,9.3,,,,,,,,,6.3,1.8,33.5,22.1,,,,,,,,,,,,,,,2021,8,31,219,0,0,1,0
239,세종,2021-08-08,26.2,23.2,0515,29.8,1426,,,,,,,4.9,50,1711,3.8,70,1714,1.4,1248,90,21.2,53,1624,74.6,25.2,992.5,1003.9,0001,1001.5,1559,1002.5,13.8,0.4,,,,,,,,,9.3,2.3,29.2,22.6,,,,,,,,,,,,,,,2021,8,31,220,0,0,1,0
239,세종,2021-08-09,27.3,22.1,0616,32.5,1646,,,,,,,4.9,70,1232,2.8,70,1236,1.2,1057,290,19.4,44,1534,63.8,22.6,993.0,1005.2,2353,1001.7,0157,1003.0,13.8,9.8,,,,,,,,,5.9,3.1,32.0,20.2,,,,,,,,,,,,,,,2021,8,32,221,0,0,1,0
239,세종,2021-08-10,26.5,23.0,2400,32.0,1517,0.0,,0.0,,,0.0,6.5,140,1903,3.9,160,1907,1.3,1146,160,21.1,51,1508,73.3,25.0,997.4,1010.0,2251,1005.3,0001,1007.5,13.7,7.0,,,,,,,,,5.4,2.9,32.8,21.7,,,,,,,,,,,,,,,2021,8,32,222,0,0,1,0
239,세종,2021-08-11,26.6,22.1,0441,32.7,1401,,,,,,,4.8,70,1232,2.7,90,1238,1.2,998,70,20.1,35,1614,70.4,23.6,999.7,1011.5,0829,1007.8,1615,1009.8,13.7,9.2,,,,,,,,,4.6,1.8,33.2,20.3,,,,,,,,,,,,,,,2021,8,32,223,0,0,1,0
239,세종,2021-08-12,26.0,22.5,0543,32.2,1336,,,,,,,4.8,250,1803,3.5,340,1740,1.3,1097,110,20.0,45,1544,71.4,23.4,999.0,1011.1,0836,1007.3,1537,1009.1,13.7,5.8,,,,,,,,,7.3,2.8,31.4,21.2,,,,,,,,,,,,,,,2021,8,32,224,0,0,1,0
239,세종,2021-08-13,25.8,22.2,0053,29.0,1402,,,,,,,4.4,70,1430,2.7,70,1434,1.3,1085,90,20.2,61,1149,72.3,23.7,995.9,1008.0,0128,1004.3,1743,1006.0,13.6,1.9,,,,,,,,,9.1,3.6,29.1,20.9,,,,,,,,,,,,,,,2021,8,32,225,0,0,1,0
239,세종,2021-08-14,25.3,22.0,2319,28.8,1703,1.4,2112,2.3,2109,,2.3,5.1,340,1419,3.4,70,2049,1.5,1278,70,19.0,51,1715,69.4,22.0,997.4,1011.0,2356,1005.3,0215,1007.5,13.6,1.7,,,,,,,,,8.9,3.6,29.4,22.3,,,,,,,,,,,,,,,2021,8,32,226,0,0,1,1
239,세종,2021-08-15,26.5,21.9,0023,31.7,1406,,,,,,,5.0,110,2207,3.4,70,2003,1.7,1454,90,17.9,39,1444,60.6,20.6,1003.1,1015.3,2331,1010.8,0120,1013.2,13.6,11.7,,,,,,,,,4.5,2.6,33.6,20.8,,,,,,,,,,,,,,,2021,8,32,227,0,0,1,0
239,세종,2021-08-16,26.0,21.8,0551,30.2,1413,,,,,,,6.3,70,1010,4.1,70,1018,2.4,2051,90,17.0,44,1400,58.9,19.4,1003.6,1016.0,0733,1011.8,1604,1013.7,13.5,10.7,,,,,,,,,5.3,,32.6,19.3,,,,,,,,,,,,,,,2021,8,33,228,0,0,1,0
239,세종,2021-08-17,24.9,21.2,2350,29.9,1343,,,,,,,7.3,340,1415,3.9,70,1718,2.2,1864,70,16.7,46,1512,61.5,19.1,999.4,1012.8,0001,1006.9,1701,1009.5,13.5,5.5,,,,,,,,,7.6,,34.2,19.6,,,,,,,,,,,,,,,2021,8,33,229,0,0,1,0
239,세종,2021-08-18,24.0,20.0,0351,29.9,1255,0.0,,0.0,,,0.0,6.3,90,1513,3.9,110,1445,1.6,1376,110,17.3,42,1513,68.4,19.8,999.3,1010.7,0746,1007.9,1546,1009.5,13.5,6.0,,,,,,,,,7.5,3.4,31.3,18.1,,,,,,,,,,,,,,,2021,8,33,230,0,0,1,0
239,세종,2021-08-19,24.2,20.4,0606,29.4,1628,0.0,,0.0,,,0.0,6.1,160,1247,4.8,160,1256,1.4,1250,180,17.9,46,1557,70.4,20.5,1001.2,1012.8,2150,1010.1,1704,1011.4,13.4,7.7,,,,,,,,,6.9,2.0,32.3,19.0,,,,,,,,,,,,,,,2021,8,33,231,0,0,1,0
239,세종,2021-08-20,25.2,20.2,0545,31.5,1336,,,,,,,4.7,140,1513,3.1,140,1001,1.2,1065,110,18.6,42,1610,68.9,21.4,1001.2,1013.2,1009,1009.3,1738,1011.4,13.4,9.4,,,,,,,,,4.6,1.6,35.7,18.0,,,,,,,,,,,,,,,2021,8,33,232,0,0,1,0
239,세종,2021-08-21,23.9,22.0,1049,28.7,1611,6.3,1213,15.0,1139,,34.0,7.3,70,1052,4.5,90,1054,1.7,1446,90,20.6,66,0325,82.5,24.4,993.9,1009.9,0001,999.6,1504,1004.1,13.4,2.5,,,,,,,,,7.9,3.3,26.8,21.3,,,,,,,,,,,,,,,2021,8,33,233,0,0,1,1
239,세종,2021-08-22,24.7,21.9,0518,29.1,1348,0.0,,0.0,,,0.0,4.8,200,1421,2.6,180,1223,0.9,817,160,20.5,56,1325,78.9,24.1,998.5,1010.7,2337,1006.3,0001,1008.6,13.3,3.0,,,,,,,,,8.0,3.9,27.4,20.0,,,,,,,,,,,,,,,2021,8,33,234,0,0,1,0
239,세종,2021-08-23,21.9,20.9,1906,23.2,0007,3.4,1609,10.8,1558,,61.9,4.5,20,1639,2.7,140,1106,1.2,1047,50,20.7,87,0008,93.5,24.5,998.5,1011.5,0914,1003.4,2357,1008.7,13.3,0.0,,,,,,,,,10.0,5.6,23.7,21.2,,,,,,,,,,,,,,,2021,8,34,235,0,0,0,1
239,세종,2021-08-24,23.9,21.1,0153,27.6,1218,6.5,820,12.2,736,,25.1,7.2,180,1231,3.5,200,1608,1.6,1400,160,21.7,78,1738,88.1,26.0,990.5,1004.8,2354,997.5,1216,1000.6,13.3,0.5,,,,,,,,,9.1,3.8,23.7,21.2,,,,,,,,,,,,,,,2021,8,34,236,0,0,1,1
239,세종,2021-08-25,22.6,21.0,1157,24.3,0959,4.5,1503,15.5,1423,,39.3,3.8,340,1251,2.5,320,1255,0.6,546,90,21.6,84,1039,94.4,25.8,996.5,1009.4,2359,1004.4,0153,1006.7,13.2,0.0,,,,,,,,,7.9,4.8,23.9,21.1,,,,,,,,,,,,,,,2021,8,34,237,0,0,0,1
239,세종,2021-08-26,24.7,21.4,0509,28.7,1409,,,,,,,3.9,270,1316,2.0,160,1327,0.7,631,160,21.6,64,1412,83.5,25.7,1002.2,1013.8,2044,1009.4,0001,1012.4,13.2,1.5,,,,,,,,,8.9,4.3,27.1,19.0,,,,,,,,,,,,,,,2021,8,34,238,0,0,1,0
239,세종,2021-08-27,21.4,19.6,1414,24.3,0829,1.1,1402,4.4,1401,,12.9,6.6,320,1027,4.4,340,1031,1.1,937,160,19.9,85,1028,91.6,23.4,1002.9,1014.4,2154,1011.9,0748,1013.2,13.1,0.0,,,,,,,,,9.0,5.1,23.2,19.4,,,,,,,,,,,,,,,2021,8,34,239,0,0,0,1
239,세종,2021-08-28,22.0,19.3,0336,25.2,1536,,,,,,,3.1,70,1040,2.0,90,1041,0.8,660,90,19.4,65,1339,85.8,22.5,1004.0,1016.0,0719,1013.1,1923,1014.3,13.1,1.5,,,,,,,,,8.3,3.6,24.3,18.5,,,,,,,,,,,,,,,2021,8,34,240,0,0,1,0
239,세종,2021-08-29,21.7,18.6,0716,26.6,1538,4.4,500,9.8,457,,23.3,4.2,340,1520,2.6,70,1234,1.1,941,90,18.3,58,1542,82.3,21.1,1003.6,1015.5,2347,1012.5,1537,1014.0,13.1,4.7,,,,,,,,,7.9,5.3,25.1,18.8,,,,,,,,,,,,,,,2021,8,34,241,0,0,1,1
239,세종,2021-08-30,22.2,19.6,0525,24.9,1550,0.1,1219,0.3,1219,,0.4,2.3,320,1614,1.6,320,1733,0.6,481,180,20.0,72,1530,87.8,23.3,1005.6,1016.9,0941,1014.8,1548,1015.9,13.0,0.0,,,,,,,,,8.3,5.3,25.8,18.3,,,,,,,,,,,,,,,2021,8,35,242,0,0,0,1
239,세종,2021-08-31,22.6,20.4,2010,26.3,1459,4.0,2000,6.1,1935,,7.4,6.0,90,1752,2.9,70,1800,1.0,877,70,19.3,58,1503,83.1,22.5,1003.6,1016.4,0707,1010.1,2400,1013.9,13.0,0.5,,,,,,,,,7.9,3.0,27.2,20.3,,,,,,,,,,,,,,,2021,8,35,243,0,0,1,1
239,세종,2021-09-01,23.1,21.2,2313,25.0,1032,11.3,643,41.2,554,,63.6,5.6,180,0324,3.4,140,0309,1.4,1239,70,21.3,80,1252,89.8,25.3,998.4,1010.3,2209,1006.1,0631,1008.6,13.0,0.1,,,,,,,,,9.0,5.8,24.9,20.7,,,,,,,,,,,,,,,2021,9,35,244,0,0,1,1
239,세종,2021-09-02,22.9,20.7,0317,25.9,1303,,,,,,,6.2,110,0911,3.8,90,0918,1.8,1589,90,17.8,60,0907,74.1,20.4,999.2,1011.0,0956,1007.9,1728,1009.4,12.9,2.4,,,,,,,,,6.8,3.5,27.3,19.0,,,,,,,,,,,,,,,2021,9,35,245,0,0,1,0
239,세종,2021-09-03,23.2,19.0,0609,27.7,1413,,,,,,,5.5,110,1518,3.7,70,1050,1.8,1580,70,16.1,49,1414,65.8,18.3,999.1,1012.2,2357,1007.7,1517,1009.3,12.9,10.1,,,,,,,,,3.8,2.4,28.1,17.1,,,,,,,,,,,,,,,2021,9,35,246,0,0,1,0
239,세종,2021-09-04,22.8,18.0,0601,27.8,1442,,,,,,,4.8,70,1527,3.1,90,1126,1.5,1271,70,15.4,41,1516,64.1,17.5,1004.3,1017.0,2337,1012.2,0001,1014.6,12.9,9.0,,,,,,,,,6.6,1.6,26.0,15.7,,,,,,,,,,,,,,,2021,9,35,247,0,0,1,0
239,세종,2021-09-05,21.7,18.2,0548,24.5,1234,0.1,,0.2,,,0.4,5.7,70,1303,3.6,90,1304,1.6,1371,90,16.2,56,1240,71.6,18.4,1007.5,1019.8,2351,1016.7,1446,1017.9,12.8,0.8,,,,,,,,,8.9,1.3,23.2,15.7,,,,,,,,,,,,,,,2021,9,35,248,0,0,0,1
239,세종,2021-09-06,20.5,18.0,1938,23.5,1046,5.4,2123,13.1,2031,,42.5,6.6,90,1859,4.2,90,1139,2.3,2011,90,17.2,63,1045,82.3,19.6,1005.9,1019.7,0001,1013.8,2354,1016.3,12.8,0.0,,,,,,,,,9.3,3.9,22.4,17.8,,,,,,,,,,,,,,,2021,9,36,249,0,0,0,1
239,세종,2021-09-07,20.6,18.2,0214,24.2,1541,0.8,35,1.7,35,,6.7,4.9,140,0043,3.0,70,0048,1.3,1107,160,19.0,85,2023,91.1,22.0,998.3,1013.9,0001,1005.5,1555,1008.6,12.7,0.1,,,,,,,,,9.4,5.1,21.0,18.3,,,,,,,,,,,,,,,2021,9,36,250,0,0,0,1
239,세종,2021-09-08,21.8,18.6,2337,26.9,1457,,,,,,,4.5,290,1000,2.7,320,1005,1.0,843,290,17.4,55,1510,77.8,19.9,1000.3,1013.5,2345,1007.9,0020,1010.6,12.7,2.8,,,,,,,,,5.1,3.8,26.5,16.0,,,,,,,,,,,,,,,2021,9,36,251,0,0,1,0
239,세종,2021-09-09,21.6,16.9,0436,28.0,1351,,,,,,,2.9,200,1250,2.1,290,2257,0.7,562,70,17.9,48,1444,81.8,20.5,1003.4,1015.3,0655,1012.1,1506,1013.7,12.7,0.0,,,,,,,,,6.5,2.6,23.4,14.8,,,,,,,,,,,,,,,2021,9,36,252,0,0,1,0
239,세종,2021-09-10,22.5,19.0,0454,28.0,1509,,,,,,,4.3,180,1501,2.3,160,1544,0.8,662,90,19.2,59,1510,83.3,22.2,1003.0,1014.3,0341,1011.6,1522,1013.3,12.6,4.9,,,,,,,,,6.5,2.3,24.9,18.3,,,,,,,,,,,,,,,2021,9,36,253,0,0,1,0
239,세종,2021-09-11,22.9,18.5,0329,29.4,1449,,,,,,,4.4,360,1955,2.6,340,2000,0.9,769,290,19.0,52,1452,81.0,22.0,1002.3,1014.4,0615,1010.2,1527,1012.5,12.6,7.0,,,,,,,,,3.3,2.5,28.4,17.3,,,,,,,,,,,,,,,2021,9,36,254,0,0,1,0
239,세종,2021-09-12,22.8,18.8,0315,28.8,1342,,,,,,,3.9,50,1243,2.3,360,1236,0.8,693,180,19.7,56,1413,84.1,23.0,1002.8,1014.9,2306,1011.0,0211,1013.0,12.5,6.5,,,,,,,,,5.4,2.3,26.2,17.7,,,,,,,,,,,,,,,2021,9,36,255,0,0,1,0
239,세종,2021-09-13,23.7,20.8,2400,27.9,1307,,,,,,,6.9,70,1241,4.3,70,1115,2.5,2126,90,17.3,53,1240,68.4,19.8,1006.0,1017.5,1113,1014.9,0001,1016.2,12.5,6.9,,,,,,,,,8.3,1.6,27.3,18.6,,,,,,,,,,,,,,,2021,9,37,256,0,0,1,0
239,세종,2021-09-14,22.4,19.3,0519,25.7,1438,,,,,,,6.7,90,1043,4.7,90,1206,2.5,2191,90,15.1,53,1619,63.9,17.2,1004.7,1016.9,0008,1013.3,1534,1015.0,12.5,2.5,,,,,,,,,6.8,0.9,25.7,16.7,,,,,,,,,,,,,,,2021,9,37,257,0,0,1,0
239,세종,2021-09-15,22.9,17.9,0625,28.3,1422,,,,,,,8.6,90,1542,5.5,70,1158,3.0,2582,90,13.8,41,1654,58.1,15.9,1005.0,1016.7,0714,1013.2,1520,1015.2,12.4,10.7,,,,,,,,,0.8,0.3,28.7,14.5,,,,,,,,,,,,,,,2021,9,37,258,0,0,1,0
239,세종,2021-09-16,22.3,17.0,0607,26.4,1609,,,,,,,7.1,90,1050,4.5,70,1056,2.5,2137,90,15.0,52,1249,64.0,17.1,1001.7,1016.0,0005,1009.6,1652,1012.0,12.4,8.6,,,,,,,,,6.6,0.6,26.9,12.8,,,,,,,,,,,,,,,2021,9,37,259,0,0,1,0
239,세종,2021-09-17,19.9,17.9,2320,22.7,1618,1.8,536,4.2,530,,7.6,5.2,70,1228,3.3,70,1215,1.8,1527,70,17.6,69,0001,87.1,20.1,999.0,1011.7,2358,1006.6,1601,1009.3,12.4,0.0,,,,,,,,,7.6,3.5,21.6,15.4,,,,,,,,,,,,,,,2021,9,37,260,0,0,0,1
239,세종,2021-09-18,21.8,15.9,0614,28.0,1529,,,,,,,4.4,50,1311,2.6,140,1429,1.0,847,70,15.9,46,1404,71.4,18.1,1004.0,1016.6,2311,1011.6,0042,1014.3,12.3,10.3,,,,,,,,,2.1,1.4,27.8,13.9,,,,,,,,,,,,,,,2021,9,37,261,0,0,1,0
239,세종,2021-09-19,22.3,18.0,0536,27.9,1413,,,,,,,4.3,70,1244,2.9,70,1050,1.1,955,90,16.0,45,1456,70.1,18.2,1005.3,1017.4,0927,1013.8,1532,1015.6,12.3,10.4,,,,,,,,,3.1,1.9,28.8,15.5,,,,,,,,,,,,,,,2021,9,37,262,0,0,1,0
239,세종,2021-09-20,23.0,17.9,0628,27.4,1430,,,,,,,6.6,90,1508,4.0,70,1050,2.0,1699,90,16.4,50,1315,67.8,18.7,1000.9,1015.3,0001,1007.9,2246,1011.1,12.2,10.0,,,,,,,,,3.3,1.9,28.1,15.8,,,,,,,,,,,,,,,2021,9,38,263,0,0,1,0
239,세종,2021-09-21,22.1,20.0,0552,26.0,1522,5.4,618,19.3,550,,46.3,5.1,200,2124,2.9,140,0756,1.3,1141,140,18.8,66,1523,82.4,21.7,995.8,1008.1,0001,1004.3,1523,1006.0,12.2,2.9,,,,,,,,,6.8,2.3,22.9,18.7,,,,,,,,,,,,,,,2021,9,38,264,0,0,1,1
239,세종,2021-09-22,21.4,17.1,0627,27.2,1332,3.6,411,4.4,325,,5.0,6.4,320,1424,3.5,290,0335,1.8,1548,290,15.9,43,1452,73.3,18.2,998.9,1013.3,2352,1006.0,0128,1009.2,12.2,7.2,,,,,,,,,3.4,1.5,26.4,16.2,,,,,,,,,,,,,,,2021,9,38,265,0,0,1,1
239,세종,2021-09-23,19.9,15.0,0610,25.5,1353,,,,,,,7.8,340,1401,4.5,340,1124,1.5,1317,320,13.9,40,1430,71.0,16.0,1006.9,1020.3,2257,1013.2,0001,1017.3,12.1,9.4,,,,,,,,,3.0,1.3,24.1,12.7,,,,,,,,,,,,,,,2021,9,38,266,0,0,1,0
239,세종,2021-09-24,20.6,14.4,0614,26.6,1401,,,,,,,5.1,160,1506,3.2,70,1708,1.4,1179,70,14.4,43,1506,70.1,16.4,1011.7,1023.7,2210,1020.1,0004,1022.1,12.1,9.8,,,,,,,,,2.1,0.5,26.5,12.2,,,,,,,,,,,,,,,2021,9,38,267,0,0,1,0
239,세종,2021-09-25,20.8,17.2,0403,24.2,1229,,,,,,,6.3,50,1354,4.0,90,1326,1.7,1502,90,15.5,60,1233,72.4,17.6,1012.1,1024.5,0902,1021.0,1540,1022.6,12.1,1.7,,,,,,,,,7.4,,23.2,14.7,,,,,,,,,,,,,,,2021,9,38,268,0,0,0,0
239,세종,2021-09-26,21.0,16.9,0656,25.2,1250,,,,,,,5.6,90,2254,3.8,70,1323,1.7,1475,90,14.2,50,1251,65.9,16.2,1009.7,1022.4,0001,1018.5,1422,1020.1,12.0,2.3,,,,,,,,,9.0,4.1,22.9,14.0,,,,,,,,,,,,,,,2021,9,38,269,0,0,1,0
239,세종,2021-09-27,21.6,18.2,0615,26.7,1422,,,,,,,5.1,90,1128,2.9,70,1030,1.7,1485,90,14.5,50,1302,64.9,16.6,1005.1,1018.9,0001,1013.6,1706,1015.4,12.0,4.5,,,,,,,,,7.4,4.1,25.1,16.7,,,,,,,,,,,,,,,2021,9,39,270,0,0,1,0
239,세종,2021-09-28,21.1,19.7,0607,25.1,1320,0.3,1709,0.8,2027,,1.3,4.3,70,1014,2.9,70,1016,1.4,1238,70,17.0,55,1231,78.5,19.5,1002.3,1014.6,0742,1010.6,2356,1012.7,11.9,0.3,,,,,,,,,9.0,5.0,23.3,19.2,,,,,,,,,,,,,,,2021,9,39,271,0,0,1,1
239,세종,2021-09-29,21.0,19.2,2342,23.1,1152,1.9,941,4.7,1600,,11.2,5.3,200,1003,2.3,200,1008,0.8,679,290,20.1,89,0914,94.8,23.6,997.9,1010.7,0002,1006.6,1346,1008.2,11.9,0.0,,,,,,,,,9.5,4.5,23.1,19.9,,,,,,,,,,,,,,,2021,9,39,272,0,0,0,1
239,세종,2021-09-30,21.0,17.4,0411,27.3,1400,,,,,,,5.3,340,1416,3.3,360,1425,1.2,1068,320,16.6,41,1458,78.8,18.9,998.4,1010.2,0922,1007.1,1511,1008.7,11.9,7.5,,,,,,,,,3.1,2.1,25.9,16.0,,,,,,,,,,,,,,,2021,9,39,273,0,0,1,0
239,세종,2021-10-01,20.6,16.4,0420,27.2,1456,,,,,,,9.3,320,2318,5.9,320,2325,1.0,878,90,16.5,47,1509,79.4,18.8,998.9,1013.0,2309,1006.8,1450,1009.2,11.8,5.8,,,,,,,,,4.0,3.8,25.2,14.3,,,,,,,,,,,,,,,2021,10,39,274,0,0,1,0
239,세종,2021-10-02,20.3,15.2,0422,26.8,1442,2.8,450,3.0,450,,3.0,4.6,160,0506,2.9,320,0539,1.0,875,320,16.3,51,1423,79.6,18.6,1003.6,1017.6,2351,1010.7,0237,1014.0,11.8,9.0,,,0.0,,,,,,1.9,,25.5,15.1,,,,,,,,,,,,,,,2021,10,39,275,0,0,1,1
239,세종,2021-10-03,21.6,15.9,0531,29.8,1310,,,,,,,3.4,180,1339,2.0,140,1251,0.7,573,90,15.8,30,1339,73.0,18.0,1008.5,1020.3,0957,1017.5,0001,1018.8,11.7,8.6,,,,,,,,,6.0,1.3,25.1,12.9,,,,,,,,,,,,,,,2021,10,39,276,0,0,1,0
239,세종,2021-10-04,22.5,17.6,0159,28.7,1310,,,,,,,5.4,160,1505,2.7,200,1320,1.0,847,160,17.4,58,1312,74.0,20.0,1010.0,1022.0,2249,1018.2,1552,1020.3,11.7,2.3,,,,,,,,,6.0,2.3,22.9,14.7,,,,,,,,,,,,,,,2021,10,40,277,0,0,1,0
239,세종,2021-10-05,22.9,19.0,2343,28.6,1448,,,,,,,6.1,230,1301,2.9,230,1305,1.0,899,180,18.0,44,1446,76.0,20.7,1010.5,1022.4,0834,1019.4,1524,1020.9,11.7,7.8,,,,,,,,,3.6,2.4,27.7,16.5,,,,,,,,,,,,,,,2021,10,40,278,0,0,1,0
239,세종,2021-10-06,22.0,18.4,0222,27.3,1406,,,,,,,4.1,20,1457,2.5,70,1909,1.3,1140,90,17.6,50,1508,78.1,20.2,1008.5,1021.6,0803,1016.0,1731,1018.9,11.6,5.0,,,,,,,,,6.0,3.9,25.0,16.9,,,,,,,,,,,,,,,2021,10,40,279,0,0,1,0
239,세종,2021-10-07,19.6,18.0,2131,22.2,1141,1.6,1242,3.3,1215,,4.0,4.7,290,1307,3.3,320,1309,0.8,696,180,18.1,79,0006,91.6,20.8,1006.6,1018.8,2232,1016.2,0451,1017.0,11.6,0.7,,,,,,,,,7.4,4.4,21.0,17.0,,,,,,,,,,,,,,,2021,10,40,280,0,0,0,1
239,세종,2021-10-08,19.9,18.0,0336,22.1,1239,,,,,,,3.3,50,1817,1.9,90,0806,0.9,760,90,18.2,77,1353,90.9,21.0,1010.1,1022.5,2337,1018.3,0009,1020.5,11.6,0.0,,,,,,,,,9.8,5.0,21.2,17.6,,,,,,,,,,,,,,,2021,10,40,281,0,0,0,0
239,세종,2021-10-09,22.5,19.2,0317,27.6,1507,,,,,,,3.9,70,1249,2.6,90,1221,0.7,631,90,19.1,57,1454,83.0,22.1,1010.9,1023.2,0804,1019.3,1739,1021.3,11.5,4.2,,,,,,,,,6.5,3.8,25.8,18.2,,,,,,,,,,,,,,,2021,10,40,282,0,0,1,0
239,세종,2021-10-10,22.0,16.8,2400,28.3,1145,0.4,1944,0.5,1859,,0.5,6.5,340,2157,4.7,340,2158,1.3,1132,320,18.1,56,1150,80.8,20.9,1007.6,1020.5,0001,1014.9,1555,1018.0,11.5,4.4,,,,,,,,,7.0,4.4,25.8,17.0,,,,,,,,,,,,,,,2021,10,40,283,0,0,1,1
239,세종,2021-10-11,15.3,12.2,0656,18.0,1346,1.2,248,4.8,222,,13.4,6.2,320,0017,4.6,320,0018,1.5,1306,70,12.0,62,1329,81.5,14.1,1010.6,1022.2,0900,1019.7,0001,1021.2,11.5,0.2,,,,,,,,,9.4,4.5,17.9,13.2,,,,,,,,,,,,,,,2021,10,41,284,0,0,0,1
239,세종,2021-10-12,16.5,15.3,1218,17.3,0307,,,,,,,6.2,90,0940,4.0,90,0944,2.5,2190,90,12.2,67,2319,76.4,14.2,1014.1,1026.1,2136,1021.7,0005,1024.8,11.4,0.0,,,,,,,,,7.8,4.8,17.9,15.3,,,,,,,,,,,,,,,2021,10,41,285,0,0,0,0
239,세종,2021-10-13,19.4,15.8,0612,24.4,1210,,,,,,,6.5,70,1001,4.2,90,1008,1.9,1616,70,13.5,53,1206,69.8,15.6,1013.1,1025.8,0001,1021.5,1540,1023.5,11.4,5.3,,,,,,,,,4.3,3.9,22.1,14.4,,,,,,,,,,,,,,,2021,10,41,286,0,0,0,0
239,세종,2021-10-14,19.3,15.3,0604,25.4,1413,,,,,,,4.7,340,1523,2.9,320,1529,1.0,865,290,14.1,47,1359,74.3,16.1,1009.1,1022.4,0001,1017.3,1455,1019.6,11.3,8.2,,,,,,,,,3.3,1.4,23.7,13.8,,,,,,,,,,,,,,,2021,10,41,287,0,0,1,0
239,세종,2021-10-15,18.0,15.7,0001,21.8,1353,0.7,2257,1.6,2214,,4.7,4.0,340,1532,2.7,320,1456,0.8,658,360,15.6,62,1335,87.0,17.7,1007.5,1019.1,0913,1016.4,1417,1018.0,11.3,0.1,,,,,,,,,9.6,2.6,20.1,14.7,,,,,,,,,,,,,,,2021,10,41,288,0,0,0,1
239,세종,2021-10-16,11.4,4.9,2355,17.2,0003,0.7,40,2.8,8,,5.3,8.1,340,1732,5.5,320,2014,2.8,2416,320,2.1,33,1322,55.3,7.9,1012.0,1028.5,2258,1018.6,0021,1022.9,11.3,0.4,,,,,,,,,9.5,6.4,14.6,3.3,,,,,,,,,,,,,,,2021,10,41,289,0,0,0,1
239,세종,2021-10-17,5.6,1.2,0619,12.2,1429,,,,,,,6.6,340,0007,4.1,320,0010,2.1,1781,320,-6.0,22,1345,45.8,4.0,1016.9,1030.6,0849,1026.0,1429,1028.0,11.2,9.4,,,,,,,,,0.0,0.0,12.2,-1.0,,,,,,,,,,,,,,,2021,10,41,290,0,0,0,0
239,세종,2021-10-18,8.6,0.7,0639,16.5,1453,,,,,,,3.7,320,1351,2.0,340,1355,0.7,625,70,2.1,36,1348,66.6,7.2,1012.8,1027.5,0001,1021.2,2330,1023.8,11.2,9.3,,,,,,,,,3.3,1.4,14.4,-0.3,,,,,,,,,,,,,,,2021,10,42,291,0,0,0,0
239,세종,2021-10-19,9.9,4.9,2344,15.3,1430,2.0,1159,2.2,1151,,5.5,6.7,340,1506,4.3,320,1529,1.4,1204,320,5.9,47,1502,78.5,9.4,1009.0,1022.5,2325,1017.8,1421,1019.9,11.1,4.6,,,,,,,,,4.8,1.9,14.1,2.7,,,,,,,,,,,,,,,2021,10,42,292,0,0,0,1
239,세종,2021-10-20,8.4,1.3,0635,15.4,1516,,,,,,,3.1,90,1225,2.0,140,1402,0.6,540,320,2.9,30,1359,72.1,7.6,1010.5,1023.6,0805,1019.3,1500,1021.4,11.1,9.4,,,,,,,,,0.6,0.1,13.8,0.9,,,,,,,,,,,,,,,2021,10,42,293,0,0,0,0
239,세종,2021-10-21,8.8,3.8,0435,15.8,1501,,,,,,,4.0,320,1633,2.2,320,1732,0.8,682,70,4.1,31,1456,76.5,8.2,1009.2,1022.0,0907,1018.0,1604,1020.1,11.1,6.2,,,,,,,,,3.9,2.6,12.7,1.2,,,,,,,,,,,,,,,2021,10,42,294,0,0,0,0
239,세종,2021-10-22,9.1,1.0,0700,16.7,1421,,,,,,,7.9,320,1505,4.8,340,1500,1.2,1008,320,3.1,34,1310,70.8,7.7,1011.7,1026.3,2335,1020.5,0046,1022.7,11.0,8.5,,,,,,,,,2.6,0.4,12.8,0.4,,,,,,,,,,,,,,,2021,10,42,295,0,0,0,0
239,세종,2021-10-23,10.1,3.9,0547,18.6,1515,,,,,,,3.5,70,1242,2.2,70,1250,0.7,583,110,3.6,26,1415,69.6,7.9,1017.4,1030.2,0950,1026.3,0001,1028.4,11.0,7.5,,,,,,,,,3.0,1.4,14.4,0.7,,,,,,,,,,,,,,,2021,10,42,296,0,0,0,0
239,세종,2021-10-24,10.1,4.1,0624,17.7,1415,,,,,,,2.9,90,1233,1.9,70,1236,0.6,480,140,5.0,39,1359,74.6,8.7,1015.6,1029.6,0829,1023.9,1534,1026.5,11.0,7.5,,,,,,,,,3.1,2.1,14.4,1.4,,,,,,,,,,,,,,,2021,10,42,297,0,0,0,0
239,세종,2021-10-25,10.2,5.1,0553,17.6,1337,,,,,,,4.5,50,1315,2.7,20,1317,0.8,727,70,4.6,30,1529,73.1,8.6,1012.4,1025.5,0001,1021.2,1532,1023.3,10.9,6.5,,,,,,,,,3.8,2.8,13.7,1.8,,,,,,,,,,,,,,,2021,10,43,298,0,0,0,0
239,세종,2021-10-26,10.9,4.8,0511,19.1,1420,,,,,,,2.8,70,1236,1.9,70,1236,0.6,479,70,7.0,48,1255,79.0,10.1,1009.9,1023.7,0911,1018.8,1645,1020.8,10.9,7.6,,,,,,,,,5.4,3.0,14.1,1.7,,,,,,,,,,,,,,,2021,10,43,299,0,0,0,0
239,세종,2021-10-27,12.1,6.4,2322,19.2,1400,,,,,,,6.9,320,1258,4.4,340,1355,1.3,1148,320,4.8,22,1458,67.1,8.9,1009.2,1022.0,2339,1018.3,1430,1020.0,10.9,7.7,,,,,,,,,1.9,0.3,15.6,3.3,,,,,,,,,,,,,,,2021,10,43,300,0,0,0,0
239,세종,2021-10-28,10.9,3.9,0657,19.0,1421,,,,,,,4.5,70,1238,2.5,70,1124,0.6,551,70,3.5,32,1422,65.3,7.9,1012.5,1025.4,2254,1021.4,1447,1023.4,10.8,9.3,,,,,,,,,0.0,0.0,14.7,0.8,,,,,,,,,,,,,,,2021,10,43,301,0,0,0,0
239,세종,2021-10-29,13.2,7.3,0632,19.2,1417,,,,,,,5.4,110,1101,3.7,70,1143,0.9,766,90,4.9,31,1416,60.9,8.7,1014.2,1027.5,0914,1022.9,1549,1025.0,10.8,8.9,,,,,,,,,3.1,1.1,15.5,3.0,,,,,,,,,,,,,,,2021,10,43,302,0,0,0,0
239,세종,2021-10-30,12.0,8.9,0623,17.6,1552,,,,,,,2.2,110,1054,1.5,90,1339,0.4,343,70,7.3,51,1345,74.3,10.2,1013.4,1025.4,0920,1023.2,1444,1024.3,10.8,0.5,,,,,,,,,6.3,2.0,12.7,4.5,,,,,,,,,,,,,,,2021,10,43,303,0,0,0,0
239,세종,2021-10-31,12.3,6.9,0436,19.8,1339,,,,,,,4.5,340,1710,2.6,320,1714,0.6,499,70,8.7,49,1409,81.0,11.3,1013.4,1026.2,0855,1021.9,1537,1024.3,10.7,5.5,,,,,,,,,5.6,3.9,13.1,3.0,,,,,,,,,,,,,,,2021,10,43,304,0,0,0,0
239,세종,2021-11-01,12.5,7.8,0641,18.6,1211,,,,,,,5.1,290,1507,2.8,290,1457,0.9,802,290,7.7,46,1453,75.1,10.5,1012.9,1025.3,0820,1021.6,1448,1023.7,10.7,6.6,,,,,,,,,6.1,2.4,14.9,5.4,,,,,,,,,,,,,,,2021,11,44,305,0,0,0,0
239,세종,2021-11-02,10.9,7.3,0145,17.0,1428,,,,,,,5.5,340,1434,3.4,340,1437,1.1,949,320,5.6,43,1335,72.9,9.1,1011.2,1023.8,0141,1020.1,1409,1022.1,10.7,5.9,,,,,,,,,6.0,4.6,13.3,3.8,,,,,,,,,,,,,,,2021,11,44,306,0,0,0,0
239,세종,2021-11-03,10.5,4.3,0511,17.5,1455,,,,,,,4.9,340,1505,3.3,320,1512,0.7,623,320,4.8,26,1517,72.5,8.7,1009.1,1022.0,0848,1017.7,1716,1020.0,10.6,8.5,,,,,,,,,4.6,2.8,13.9,0.8,,,,,,,,,,,,,,,2021,11,44,307,0,0,0,0
239,세종,2021-11-04,12.4,7.7,0634,19.0,1416,,,,,,0.1,4.8,320,0118,2.7,320,0125,0.9,740,360,8.2,43,1418,78.3,10.9,1009.4,1022.3,2316,1018.5,1500,1020.2,10.6,5.2,,,,,,,,,2.9,2.6,15.0,3.7,,,,,,,,,,,,,,,2021,11,44,308,0,0,0,1
239,세종,2021-11-05,11.7,7.3,0400,18.6,1537,,,,,,,2.9,340,1451,2.1,340,1302,0.6,525,70,7.9,45,1708,80.6,10.7,1010.3,1023.5,0823,1018.7,1430,1021.1,10.6,4.6,,,,,,,,,4.5,3.8,13.3,3.4,,,,,,,,,,,,,,,2021,11,44,309,0,0,0,0
239,세종,2021-11-06,13.3,7.1,0622,20.1,1325,,,,,,,4.8,140,1257,3.0,90,1501,0.9,753,90,5.6,32,1452,63.4,9.2,1010.1,1023.5,2357,1018.6,1349,1020.8,10.5,7.0,,,,,,,,,1.8,0.1,13.5,2.3,,,,,,,,,,,,,,,2021,11,44,310,0,0,0,0
239,세종,2021-11-07,15.0,7.9,0613,20.9,1344,,,,,,,8.2,110,1251,5.5,90,1254,1.7,1473,90,6.7,40,1547,59.9,9.8,1008.9,1023.8,0847,1014.7,2327,1019.6,10.5,8.1,,,,,,,,,4.8,1.1,15.2,3.1,,,,,,,,,,,,,,,2021,11,44,311,0,0,0,0
239,세종,2021-11-08,9.6,5.2,2341,15.5,0036,,,,,,21.4,8.0,290,0835,4.4,290,0838,1.6,1398,290,5.4,57,0001,76.0,9.1,1001.9,1015.5,2230,1007.2,0719,1012.7,10.5,0.6,,,,,,,,,8.4,3.6,11.2,3.7,,,,,,,,,,,,,,,2021,11,45,312,0,0,0,1
239,세종,2021-11-09,6.8,4.9,0105,11.9,1409,,,,,,3.6,7.4,180,1227,3.7,250,1208,1.7,1435,290,2.8,44,1534,76.8,7.5,1000.2,1015.2,0001,1008.6,1626,1011.1,10.4,3.2,,,,,,,,,7.4,2.5,9.0,2.6,,,,,,,,,,,,,,,2021,11,45,313,0,0,0,1
239,세종,2021-11-10,5.2,2.6,0439,7.8,1451,,,,,,3.2,6.1,340,0145,3.4,340,0148,1.0,899,290,3.0,76,1607,86.4,7.6,998.0,1010.3,2229,1007.4,1449,1009.0,10.4,1.1,,,,,,,,,5.5,1.8,8.8,1.2,,,,,,,,,,,,,,,2021,11,45,314,0,0,0,1
239,세종,2021-11-11,6.0,2.7,0655,10.1,1426,,,,,,0.2,6.6,340,1624,3.9,320,1626,1.4,1195,290,0.9,51,0552,71.1,6.6,1001.3,1014.5,2316,1010.1,1321,1012.3,10.4,5.2,,,,,,,,,5.6,1.9,8.3,0.1,,,,,,,,,,,,,,,2021,11,45,315,0,0,0,1
239,세종,2021-11-12,5.1,2.3,0645,8.4,1333,,,,,,0.0,6.4,320,1517,4.3,340,1524,1.2,1070,320,0.5,52,1453,73.6,6.4,1006.7,1019.5,2128,1014.3,0001,1017.8,10.3,5.1,,,,,,,,,2.6,1.8,7.5,-1.2,,,,,,,,,,,,,,,2021,11,45,316,0,0,0,0
239,세종,2021-11-13,6.6,0.3,0708,13.6,1427,,,,,,,3.9,320,1400,2.2,70,1244,0.6,492,70,2.1,50,1428,75.1,7.1,1008.3,1020.9,0830,1017.3,1612,1019.3,10.3,5.5,,,,,,,,,3.1,1.6,7.4,-2.7,,,,,,,,,,,,,,,2021,11,45,317,0,0,0,0
239,세종,2021-11-14,10.1,3.7,0345,17.3,1420,,,,,,,5.5,270,1410,3.3,270,1434,1.0,881,160,3.7,30,1429,68.5,8.0,1007.8,1020.1,2358,1017.1,1358,1018.7,10.3,6.9,,,,,,,,,2.1,1.4,10.5,-0.2,,,,,,,,,,,,,,,2021,11,45,318,0,0,0,0
239,세종,2021-11-15,9.3,2.7,0759,16.7,1401,,,,,,,3.7,70,1254,2.4,70,1255,0.6,515,70,4.6,39,1402,76.0,8.5,1011.0,1023.6,0832,1019.9,0051,1021.9,10.3,7.3,,,,,,,,,3.9,2.4,10.3,-0.3,,,,,,,,,,,,,,,2021,11,46,319,0,0,0,0
239,세종,2021-11-16,7.9,2.9,0713,15.6,1413,,,,,,,6.2,360,1519,4.3,340,1428,0.8,715,320,0.1,21,1417,64.1,6.4,1013.7,1026.3,2141,1023.1,1402,1024.7,10.2,8.1,,,,,,,,,1.6,1.6,9.3,-1.1,,,,,,,,,,,,,,,2021,11,46,320,0,0,0,0
239,세종,2021-11-17,7.6,1.5,0636,14.6,1415,,,,,,,4.6,320,1534,2.6,230,1340,0.8,665,70,-0.2,27,1501,61.5,6.0,1013.0,1026.7,0755,1021.8,2353,1024.1,10.2,8.3,,,,,,,,,3.6,2.0,9.6,-2.8,,,,,,,,,,,,,,,2021,11,46,321,0,0,0,0
239,세종,2021-11-18,9.7,2.8,0634,16.4,1327,,,,,,,5.3,180,1322,3.1,140,1227,0.9,806,160,5.3,57,1145,75.3,9.1,1008.3,1021.9,0001,1017.0,1524,1019.2,10.2,6.1,,,,,,,,,4.1,2.1,9.0,-0.8,,,,,,,,,,,,,,,2021,11,46,322,0,0,0,0
239,세종,2021-11-19,11.7,6.9,0614,17.5,1339,,,,,,,4.2,230,0152,2.1,340,0652,0.8,718,160,8.5,59,1413,82.4,11.1,1007.7,1020.0,2400,1016.9,1410,1018.5,10.1,3.6,,,,,,,,,7.1,4.6,10.9,1.8,,,,,,,,,,,,,,,2021,11,46,323,0,0,0,0
239,세종,2021-11-20,10.9,7.5,2358,16.6,1457,,,,,,,2.8,20,1814,1.7,360,1331,0.6,534,160,7.3,50,1354,80.4,10.2,1010.0,1022.2,2019,1019.8,0143,1020.8,10.1,4.7,,,,,,,,,4.8,3.6,12.1,2.8,,,,,,,,,,,,,,,2021,11,46,324,0,0,0,0
239,세종,2021-11-21,10.2,6.1,0539,15.0,1531,,,,,,,4.7,320,1421,2.9,320,1435,0.7,638,320,6.5,55,1621,79.3,9.7,1005.9,1021.4,0444,1012.2,2347,1016.8,10.1,1.0,,,,,,,,,8.9,4.1,10.6,2.8,,,,,,,,,,,,,,,2021,11,46,325,0,0,0,0
239,세종,2021-11-22,4.3,1.0,2327,12.3,0001,,,,,,3.5,11.2,340,1453,7.0,340,1459,2.3,2019,320,0.0,43,1310,74.0,6.2,1005.3,1019.3,2227,1012.1,0005,1016.3,10.1,3.3,,,,,,,,,7.6,3.6,6.8,-1.3,,,,,,,,,,,,,,,2021,11,47,326,0,0,0,1
239,세종,2021-11-23,1.2,-1.7,0736,3.4,1326,,,,,,0.3,7.3,320,0347,5.0,340,0349,1.5,1327,290,-3.1,50,1052,73.6,4.9,1007.7,1020.0,0736,1017.6,1433,1019.0,10.0,3.1,,,,,,,,,4.8,1.9,3.7,-3.6,,,,,,,,,,,,,,,2021,11,47,327,0,0,0,1
239,세종,2021-11-24,5.1,-1.5,0741,12.2,1409,,,,,,,6.3,230,1220,3.5,230,1224,1.4,1216,320,-2.1,34,1436,63.1,5.3,1007.0,1020.0,0910,1016.3,1409,1018.1,10.0,7.2,,,,,,,,,2.0,0.5,5.5,-2.8,,,,,,,,,,,,,,,2021,11,47,328,0,0,0,0
239,세종,2021-11-25,7.3,2.2,2351,14.2,1326,,,,,,,6.4,320,1315,3.7,290,1346,1.6,1341,290,0.2,33,1507,63.6,6.3,1007.7,1022.9,2346,1015.7,0413,1018.7,10.0,7.5,,,,,,,,,0.8,0.8,7.8,-2.7,,,,,,,,,,,,,,,2021,11,47,329,0,0,0,0
239,세종,2021-11-26,4.6,-0.6,0747,11.0,1435,,,,,,,5.4,270,1523,3.5,320,1530,1.0,854,320,-3.3,27,1232,60.1,4.8,1015.9,1030.6,2326,1022.9,0001,1027.1,10.0,7.4,,,,,,,,,1.3,0.4,4.7,-5.8,,,,,,,,,,,,,,,2021,11,47,330,0,0,0,0
239,세종,2021-11-27,3.5,-0.7,0751,9.8,1502,,,,,,,3.1,360,1136,1.9,110,1040,0.5,436,90,-6.0,19,1519,54.5,4.0,1022.9,1036.3,2249,1030.6,0001,1034.2,10.0,8.0,,,,,,,,,0.0,0.0,5.0,-6.0,,,,,,,,,,,,,,,2021,11,47,331,0,0,0,0
239,세종,2021-11-28,4.7,-2.4,0651,13.4,1408,,,,,,,3.4,200,1348,1.9,230,1331,0.5,404,50,-4.5,21,1409,55.1,4.4,1022.6,1036.4,0741,1031.7,1619,1033.8,9.9,7.1,,,,,,,,,3.1,1.8,4.3,-7.2,,,,,,,,,,,,,,,2021,11,47,332,0,0,0,0
239,세종,2021-11-29,6.0,-1.1,0733,12.8,1448,,,,,,,3.0,70,1305,1.9,70,1314,0.5,395,70,0.4,47,1220,68.8,6.4,1015.8,1031.7,0001,1022.2,2353,1026.9,9.9,5.8,,,,,,,,,5.6,1.6,6.4,-5.6,,,,,,,,,,,,,,,2021,11,48,333,0,0,0,0
239,세종,2021-11-30,6.0,2.8,2125,9.7,1408,,,,,,28.6,8.4,270,2016,4.8,320,2021,1.9,1623,290,2.1,55,2342,77.1,7.3,1001.6,1022.3,0001,1007.3,1303,1012.6,9.9,0.0,,,,,,,,,9.1,3.6,5.6,-0.3,,,,,,,,,,,,,,,2021,11,48,334,0,0,0,1
239,세종,2021-12-01,0.4,-3.4,2357,3.3,0002,,,,,,0.1,12.5,360,1546,7.5,320,1552,3.3,2888,320,-8.3,41,1111,52.0,3.3,1011.0,1025.6,2329,1015.7,0002,1022.3,9.9,5.8,,,,,,,,,4.9,2.0,2.0,-7.6,,,,,,,,,,,,,,,2021,12,48,335,0,0,0,1
239,세종,2021-12-02,2.0,-4.3,0400,6.6,1253,,,,,,0.7,5.2,200,1411,2.8,230,1414,1.0,861,160,-4.3,44,1202,64.3,4.6,1009.0,1025.6,0001,1015.7,2358,1020.2,9.9,6.7,,,,,,,,,4.8,2.0,3.5,-8.0,,,,,,,,,,,,,,,2021,12,48,336,0,0,0,1
239,세종,2021-12-03,3.6,0.6,2232,8.0,1257,,,,,,1.8,8.3,320,1416,4.6,320,1551,2.0,1756,320,-3.4,35,1352,62.9,5.0,1008.2,1024.4,2351,1014.4,0423,1019.4,9.8,7.6,,,,,,,,,3.5,1.5,4.6,-4.5,,,,,,,,,,,,,,,2021,12,48,337,0,0,0,1
239,세종,2021-12-04,-0.3,-3.6,0608,2.6,1529,,,,,,,4.9,290,0033,3.1,340,0035,0.7,616,320,-5.2,40,0022,70.9,4.2,1015.5,1029.4,2346,1024.3,0026,1026.9,9.8,1.4,,,,,,,,,2.4,2.1,-0.1,-7.2,,,,,,,,,,,,,,,2021,12,48,338,0,0,0,0
239,세종,2021-12-05,1.7,-3.0,0342,8.5,1456,,,,,,,2.6,50,1255,1.9,70,1256,0.5,445,50,-3.0,36,1526,74.6,4.9,1018.0,1031.7,0932,1027.9,1533,1029.4,9.8,6.0,,,,,,,,,1.5,1.5,2.9,-6.8,,,,,,,,,,,,,,,2021,12,48,339,0,0,0,0
239,세종,2021-12-06,4.4,-1.4,0601,11.7,1513,,,,,,,2.6,50,1425,1.4,360,1125,0.5,441,320,-1.5,43,1421,67.3,5.5,1015.9,1028.4,0841,1025.4,1445,1027.1,9.8,7.7,,,,,,,,,5.4,3.3,4.1,-5.8,,,,,,,,,,,,,,,2021,12,49,340,0,0,0,0
239,세종,2021-12-07,5.5,0.3,0548,12.1,1346,,,,,,,3.9,340,1601,2.6,340,1641,0.6,551,320,-0.3,40,1458,68.8,6.0,1018.0,1031.2,2324,1027.3,0138,1029.2,9.8,7.8,,,,,,,,,0.0,0.0,4.4,-4.9,,,,,,,,,,,,,,,2021,12,49,341,0,0,0,0
239,세종,2021-12-08,5.5,-0.3,0802,12.6,1436,,,,,,,3.0,70,1417,1.8,90,1516,0.5,389,70,0.4,39,1501,72.9,6.3,1021.1,1034.2,1009,1031.1,0007,1032.3,9.8,7.8,,,,,,,,,3.5,1.9,5.0,-5.3,,,,,,,,,,,,,,,2021,12,49,342,0,0,0,0
239,세종,2021-12-09,5.5,0.3,0716,10.8,1315,,,,,,,2.2,70,1307,1.4,90,1538,0.4,347,90,1.3,53,1435,75.9,6.7,1018.4,1032.5,0824,1026.5,2356,1029.6,9.7,2.9,,,,,,,,,5.6,2.0,3.8,-5.1,,,,,,,,,,,,,,,2021,12,49,343,0,0,0,0
239,세종,2021-12-10,6.4,3.8,0156,9.3,1539,,,,,,1.5,3.0,340,2031,1.7,320,1735,0.4,369,340,4.5,80,2045,88.1,8.5,1014.3,1026.8,2214,1023.7,1414,1025.4,9.7,0.7,,,,,,,,,8.6,6.1,6.8,-1.6,,,,,,,,,,,,,,,2021,12,49,344,0,0,0,1
239,세종,2021-12-11,6.5,3.8,0647,10.3,1437,,,,,,,3.0,270,2201,2.0,230,0244,0.7,642,70,3.8,63,1439,84.1,8.0,1015.1,1028.9,1012,1024.7,1450,1026.2,9.7,1.3,,,,,,,,,8.6,6.9,7.3,0.3,,,,,,,,,,,,,,,2021,12,49,345,0,0,0,0
239,세종,2021-12-12,3.1,-2.8,2341,7.6,1032,,,,,,,7.8,340,1318,5.4,340,1215,2.0,1733,290,-4.0,35,1621,61.9,4.9,1015.0,1029.8,2334,1023.6,0410,1026.2,9.7,3.9,,,,,,,,,4.4,2.5,4.7,-6.6,,,,,,,,,,,,,,,2021,12,49,346,0,0,0,0
239,세종,2021-12-13,-2.1,-5.6,0752,2.8,1319,,,,,,,7.3,340,1547,4.6,340,1555,1.6,1367,320,-12.7,20,1501,46.1,2.3,1017.1,1030.9,0914,1027.0,1438,1028.6,9.7,7.7,,,,,,,,,0.0,0.0,0.3,-9.6,,,,,,,,,,,,,,,2021,12,50,347,0,0,0,0
239,세종,2021-12-14,2.5,-4.6,0111,7.4,1344,,,,,,0.4,5.5,230,2121,3.1,160,1341,1.0,885,160,-3.3,46,1318,65.9,5.0,1011.2,1027.1,0001,1019.9,1646,1022.4,9.7,2.3,,,,,,,,,5.6,4.6,3.1,-8.3,,,,,,,,,,,,,,,2021,12,50,348,0,0,0,1
239,세종,2021-12-15,7.2,4.1,2359,11.6,1125,,,,,,0.4,5.2,200,0244,3.0,140,0623,1.2,1013,180,3.5,62,1126,78.0,7.9,1009.8,1021.7,2210,1019.5,0511,1020.8,9.7,2.2,,,,,,,,,5.4,2.0,6.3,-1.3,,,,,,,,,,,,,,,2021,12,50,349,0,0,0,1
239,세종,2021-12-16,5.7,2.7,0459,10.4,1327,,,,,,,3.7,320,2400,2.2,320,2353,0.6,521,320,2.5,54,1415,81.4,7.4,1007.8,1021.7,0137,1016.5,2301,1018.8,9.7,1.4,,,,,,,,,9.3,5.4,4.8,-1.0,,,,,,,,,,,,,,,2021,12,50,350,0,0,0,0
239,세종,2021-12-17,-3.1,-9.0,2338,5.9,0016,,,,,,0.2,12.2,340,1137,8.1,340,1102,3.6,3098,320,-11.0,31,1043,55.4,2.7,1012.8,1030.7,2339,1017.2,0001,1024.3,9.7,4.5,,,,,,,,,5.6,2.0,-0.1,-11.4,,,,,,,,,,,,,,,2021,12,50,351,0,0,0,1
239,세종,2021-12-18,-4.5,-11.7,0739,1.1,1514,,,,,,1.1,4.7,320,0122,2.7,320,0127,1.1,947,320,-11.0,24,1222,64.1,3.0,1015.2,1031.3,0302,1021.3,2400,1026.8,9.7,6.7,,,,,,,,,4.3,2.0,-2.3,-12.8,,,,,,,,,,,,,,,2021,12,50,352,0,0,0,1
239,세종,2021-12-19,0.9,-2.7,0753,5.0,1512,,,,,,0.7,4.6,320,0223,2.7,320,0222,1.1,938,320,-4.5,47,1553,68.3,4.4,1011.5,1025.4,0941,1020.2,0137,1022.8,9.7,7.6,,,,,,,,,1.6,1.0,2.4,-5.5,,,,,,,,,,,,,,,2021,12,50,353,0,0,0,1
239,세종,2021-12-20,6.1,-1.4,0034,10.7,1456,,,,,,,6.5,200,1335,3.3,180,1114,1.6,1342,160,0.3,52,1141,67.0,6.4,1007.1,1021.8,0001,1016.1,1520,1018.1,9.7,3.6,,,,,,,,,4.0,1.8,4.2,-5.5,,,,,,,,,,,,,,,2021,12,51,354,0,0,0,0
239,세종,2021-12-21,6.3,1.3,2359,12.8,1349,,,,,,,6.0,340,1426,3.8,340,1636,1.4,1215,290,-0.1,37,1511,66.4,6.3,1006.5,1021.3,2354,1015.3,1453,1017.5,9.7,6.6,,,,,,,,,3.8,2.5,4.5,-6.4,,,,,,,,,,,,,,,2021,12,51,355,0,0,0,0
239,세종,2021-12-22,2.4,-2.4,0728,9.3,1447,,,,,,,2.4,70,1300,1.8,70,1305,0.5,404,70,-8.2,20,1325,49.3,3.3,1012.1,1025.3,2325,1021.3,0001,1023.4,9.7,7.6,,,,,,,,,0.0,0.0,2.2,-7.7,,,,,,,,,,,,,,,2021,12,51,356,0,0,0,0
239,세종,2021-12-23,2.2,-3.7,0707,8.8,1400,,,,,,,3.1,90,1454,2.2,90,1521,0.5,397,70,-6.0,29,1242,57.0,3.9,1013.5,1027.3,0950,1023.5,1542,1024.8,9.7,7.7,,,,,,,,,1.9,0.8,1.8,-7.8,,,,,,,,,,,,,,,2021,12,51,357,0,0,0,0
239,세종,2021-12-24,0.8,-3.5,2354,6.6,1345,,,,,,,7.4,340,1433,5.4,320,1440,1.5,1281,320,-4.3,50,1406,68.9,4.5,1011.6,1026.4,2342,1019.9,1359,1022.9,9.7,1.4,,,,,,,,,6.9,4.0,0.7,-5.9,,,,,,,,,,,,,,,2021,12,51,358,0,0,0,0
239,세종,2021-12-25,-8.1,-10.9,2357,-3.5,0001,,,,,,,9.3,320,1440,5.8,320,1537,2.9,2507,320,-15.4,31,1442,56.5,1.9,1020.4,1035.5,2356,1026.3,0003,1032.2,9.7,7.3,,,,,,,,,3.1,1.3,-4.3,-12.4,,,,,,,,,,,,,,,2021,12,51,359,0,0,0,0
239,세종,2021-12-26,-9.9,-14.0,0709,-5.1,1451,,,,,,,7.1,340,1617,5.1,340,1608,1.8,1540,320,-17.3,33,1407,55.5,1.6,1022.7,1037.4,1011,1032.4,1503,1034.6,9.7,7.7,,,,,,,,,0.6,0.4,-5.4,-15.7,,,,,,,,,,,,,,,2021,12,51,360,0,0,0,0
239,세종,2021-12-27,-5.3,-13.0,0743,0.0,1430,,,,,,0.2,4.3,200,1554,2.2,70,1203,0.9,815,290,-11.5,36,1314,63.3,2.8,1020.0,1034.4,0714,1029.2,1538,1031.6,9.7,5.1,,,,,,,,,3.1,2.9,-4.1,-14.9,,,,,,,,,,,,,,,2021,12,52,361,0,0,0,1
239,세종,2021-12-28,-2.0,-4.6,0604,1.3,1557,,,,,,,1.9,320,0621,1.4,320,0610,0.4,339,20,-3.7,75,1551,88.3,4.7,1016.6,1030.8,0749,1024.9,2357,1028.1,9.7,0.1,,,,,,,,,5.8,4.4,-1.2,-9.3,,,,,,,,,,,,,,,2021,12,52,362,0,0,0,0
239,세종,2021-12-29,1.5,-2.9,0042,7.4,1325,,,,,,0.0,6.5,320,1946,4.0,290,1949,1.2,1062,290,-3.6,47,1726,71.0,4.8,1009.4,1024.9,0001,1017.5,1438,1020.6,9.7,2.9,,,,,,,,,5.1,3.0,1.1,-7.1,,,,,,,,,,,,,,,2021,12,52,363,0,0,0,0
239,세종,2021-12-30,-1.6,-4.3,2400,2.2,1158,,,,,,0.9,9.0,340,2125,5.0,340,2131,1.8,1537,290,-8.9,28,1048,60.9,3.3,1014.3,1028.9,2348,1022.4,0001,1025.7,9.7,4.5,,,,,,,,,3.5,1.1,-0.8,-8.6,,,,,,,,,,,,,,,2021,12,52,364,0,0,0,1
239,세종,2021-12-31,-5.1,-8.6,0744,-0.8,1408,,,,,,,7.9,340,1611,5.8,320,1558,1.5,1302,320,-13.8,33,1316,51.1,2.1,1020.1,1033.5,2350,1028.8,0013,1031.8,9.7,7.8,,,,,,,,,0.1,0.1,-1.3,-11.7,,,,,,,,,,,,,,,2021,12,52,365,0,0,0,0
239,세종,2022-01-01,-5.1,-10.7,0721,0.7,1535,,,,,,,2.7,90,1450,1.7,110,1411,0.5,471,70,-13.6,30,1153,54.1,2.2,1019.7,1034.4,0222,1028.7,2343,1031.4,9.7,7.7,,,,,,,,,2.1,1.3,-2.5,-12.7,,,,,,,,,,,,,,,2022,1,52,1,0,0,0,0
239,세종,2022-01-02,-1.4,-8.0,0416,6.3,1357,,,,,,,5.3,270,1432,3.1,320,1436,1.0,886,320,-8.2,38,1539,60.9,3.3,1015.6,1028.8,0001,1025.3,1459,1027.0,9.7,5.0,,,,,,,,,3.3,2.0,-0.9,-10.5,,,,,,,,,,,,,,,2022,1,52,2,0,0,0,0
239,세종,2022-01-03,-2.1,-8.0,0708,3.5,1458,,,,,,,4.2,320,1405,2.6,340,1629,0.7,601,70,-8.2,40,1533,65.0,3.3,1015.2,1029.0,1017,1024.9,1502,1026.7,9.7,7.8,,,,,,,,,3.0,1.1,-1.4,-12.1,,,,,,,,,,,,,,,2022,1,1,3,0,0,0,0
239,세종,2022-01-04,-0.4,-4.7,2320,4.5,1352,,,,,,,5.7,270,1636,3.7,320,1543,1.5,1256,320,-11.7,10,1517,46.6,2.7,1016.5,1029.6,2331,1024.9,0053,1027.9,9.7,7.8,,,,,,,,,1.7,,0.5,-11.2,,,,,,,,,,,,,,,2022,1,1,4,0,0,0,0
239,세종,2022-01-05,-2.6,-7.0,0358,1.5,1536,,,,,,,2.7,20,1226,1.6,320,1508,0.5,434,360,-11.1,37,1409,52.8,2.6,1016.0,1029.5,0017,1025.4,1524,1027.5,9.7,0.5,,,,,,,,,8.4,4.0,-1.6,-11.4,,,,,,,,,,,,,,,2022,1,1,5,0,0,0,0
239,세종,2022-01-06,-1.2,-6.7,0834,5.0,1522,,,,,,,6.5,340,1320,3.8,340,1354,0.9,783,320,-11.3,22,1523,50.0,2.6,1017.5,1030.9,2239,1026.5,0109,1028.9,9.8,7.9,,,,,,,,,0.0,0.0,-0.7,-11.6,,,,,,,,,,,,,,,2022,1,1,6,0,0,0,0
239,세종,2022-01-07,-2.0,-7.8,0645,5.2,1527,,,,,,,2.7,70,1216,1.9,70,1218,0.4,367,70,-10.8,27,1521,54.3,2.7,1018.4,1032.2,0827,1028.0,1639,1030.0,9.8,7.9,,,,,,,,,0.0,0.0,-1.3,-12.4,,,,,,,,,,,,,,,2022,1,1,7,0,0,0,0
239,세종,2022-01-08,0.3,-7.3,0741,7.1,1526,,,,,,,4.0,270,1408,2.5,290,1520,0.7,566,290,-7.1,39,1237,58.4,3.7,1013.8,1028.6,0001,1022.5,2346,1025.1,9.8,7.4,,,,,,,,,,,0.7,-11.6,,,,,,,,,,,,,,,2022,1,1,8,0,0,0,0
239,세종,2022-01-09,1.8,-2.0,2349,6.3,1327,,,,,,,4.8,320,1146,3.2,320,1124,1.0,874,320,-4.5,39,1540,64.1,4.4,1011.2,1023.6,2130,1021.1,1418,1022.5,9.8,6.4,,,,,,,,,4.6,3.1,1.9,-8.7,,,,,,,,,,,,,,,2022,1,1,9,0,0,0,0
239,세종,2022-01-10,0.1,-4.9,0618,5.8,1457,,,,,,0.3,3.9,320,2213,2.5,340,1534,0.7,637,320,-5.9,35,1702,67.3,4.0,1009.5,1023.9,0933,1017.9,2357,1020.8,9.8,4.0,,,,,,,,,9.4,4.9,0.8,-9.7,,,,,,,,,,,,,,,2022,1,2,10,0,0,0,1
239,세종,2022-01-11,-4.5,-7.4,2400,-0.4,0204,,,,,,0.1,9.2,340,0454,6.3,340,0504,2.8,2443,320,-12.9,33,1336,52.9,2.3,1009.4,1024.7,2338,1016.7,0402,1020.9,9.8,7.9,,,,,,,,,4.3,1.8,-0.9,-10.5,,,,,,,,,,,,,,,2022,1,2,11,0,0,0,1
239,세종,2022-01-12,-5.8,-11.5,0733,0.2,1434,,,,,,,6.4,340,1602,3.7,320,1606,1.3,1087,320,-15.0,28,1605,50.0,1.9,1011.7,1025.3,0241,1021.1,1508,1023.3,9.9,7.9,,,,,,,,,3.1,0.3,-2.6,-14.4,,,,,,,,,,,,,,,2022,1,2,12,0,0,0,0
239,세종,2022-01-13,-4.9,-7.7,0316,-1.0,1410,,,,,,,10.7,340,1257,5.7,340,1303,2.3,2001,320,-13.3,34,1414,53.3,2.2,1010.8,1026.0,2329,1019.5,0517,1022.4,9.9,6.6,,,,,,,,,5.0,3.4,-2.2,-11.6,,,,,,,,,,,,,,,2022,1,2,13,0,0,0,0
239,세종,2022-01-14,-4.5,-10.7,0720,2.4,1428,,,,,,,4.3,270,1142,2.2,320,0017,0.7,629,320,-15.4,22,1505,46.0,1.9,1014.6,1028.5,1056,1023.9,1708,1026.2,9.9,7.9,,,,,,,,,3.0,1.9,-2.3,-14.8,,,,,,,,,,,,,,,2022,1,2,14,0,0,0,0
239,세종,2022-01-15,-0.1,-6.6,0716,5.5,1526,,,,,,,3.7,160,2242,2.1,320,2330,0.7,566,320,-11.0,26,1253,45.0,2.7,1012.0,1026.0,0001,1021.4,1548,1023.4,9.9,3.5,,,,,,,,,5.8,3.8,0.2,-11.1,,,,,,,,,,,,,,,2022,1,2,15,0,0,0,0
239,세종,2022-01-16,-0.3,-5.1,2317,2.9,0346,,,,,,0.5,7.6,320,1319,4.6,340,1533,1.9,1614,320,-9.4,25,1319,52.4,3.2,1014.0,1028.3,2206,1021.7,0455,1025.4,9.9,8.0,,,,,,,,,2.0,1.3,1.1,-11.4,,,,,,,,,,,,,,,2022,1,2,16,0,0,0,1
239,세종,2022-01-17,-3.5,-8.0,0814,1.9,1429,,,,,,,9.0,340,2023,6.3,340,2031,1.7,1477,320,-10.7,43,2342,58.1,2.8,1016.2,1029.8,0954,1024.7,1508,1027.7,10.0,5.8,,,,,,,,,6.1,1.5,-2.8,-12.0,,,,,,,,,,,,,,,2022,1,3,17,0,0,0,0
239,세종,2022-01-18,-4.5,-10.1,0800,1.6,1542,,,,,,,4.7,340,0135,2.9,320,0015,1.1,957,290,-16.8,18,1502,40.3,1.7,1017.2,1031.0,1041,1026.5,1601,1028.8,10.0,8.1,,,,,,,,,0.0,0.0,-1.7,-15.1,,,,,,,,,,,,,,,2022,1,3,18,0,0,0,0
239,세종,2022-01-19,-3.9,-9.5,0809,2.1,1340,,,,,,0.3,8.3,320,2123,5.4,320,2132,1.2,995,290,-9.9,35,1322,64.1,3.0,1013.6,1028.5,0001,1021.9,1720,1025.1,10.0,3.5,,,,,,,,,4.4,1.9,-3.6,-13.4,,,,,,,,,,,,,,,2022,1,3,19,0,0,0,1
239,세종,2022-01-20,-4.4,-10.7,0539,2.1,1556,,,,,,,3.7,290,0022,2.7,320,0153,0.9,813,320,-12.3,29,1456,56.9,2.4,1017.3,1030.6,2234,1025.7,0001,1028.9,10.0,8.1,,,,,,,,,0.1,0.0,-1.8,-14.3,,,,,,,,,,,,,,,2022,1,3,20,0,0,0,0
239,세종,2022-01-21,-2.5,-9.4,0719,5.2,1544,,,,,,,3.1,110,1506,1.8,70,1200,0.5,472,70,-12.0,20,1536,52.8,2.5,1018.7,1032.9,1029,1028.4,1649,1030.2,10.1,8.1,,,,,,,,,2.6,1.4,-1.4,-14.4,,,,,,,,,,,,,,,2022,1,3,21,0,0,0,0
239,세종,2022-01-22,2.5,-3.5,0019,8.8,1513,,,,,,,2.9,320,1446,1.6,20,1548,0.5,455,50,-7.6,31,1335,48.1,3.5,1014.7,1028.6,0001,1023.9,1825,1025.9,10.1,2.5,,,,,,,,,8.3,7.6,2.5,-10.5,,,,,,,,,,,,,,,2022,1,3,22,0,0,0,0
239,세종,2022-01-23,3.9,-0.2,2356,9.6,1412,,,,,,,3.6,320,1836,2.6,340,1722,0.8,677,70,-6.1,34,1410,49.1,3.9,1010.4,1024.4,0001,1019.0,1630,1021.5,10.1,3.8,,,,,,,,,5.1,3.4,4.3,-7.4,,,,,,,,,,,,,,,2022,1,3,23,0,0,0,0
239,세종,2022-01-24,3.8,-2.1,0744,8.7,1322,,,,,,,6.7,50,1053,4.6,70,1054,1.6,1399,70,-5.2,37,1323,54.1,4.2,1010.5,1022.8,0829,1020.2,1551,1021.7,10.2,5.4,,,,,,,,,4.1,3.4,2.0,-8.6,,,,,,,,,,,,,,,2022,1,4,24,0,0,0,0
239,세종,2022-01-25,2.5,-0.3,2322,4.8,0001,,,,,,1.1,3.1,340,1351,2.4,340,1352,0.9,757,70,-0.3,48,0001,83.6,6.1,1010.4,1023.0,2318,1020.2,1612,1021.6,10.2,0.0,,,,,,,,,6.9,4.4,1.1,-4.9,,,,,,,,,,,,,,,2022,1,4,25,0,0,0,1
239,세종,2022-01-26,2.0,-1.5,0719,6.7,1331,,,,,,,5.0,320,1918,3.2,320,1902,1.1,920,290,-4.8,39,1633,63.1,4.4,1013.5,1026.1,2231,1023.1,0001,1024.8,10.2,5.7,,,,,,,,,6.0,3.4,1.3,-7.0,,,,,,,,,,,,,,,2022,1,4,26,0,0,0,0
239,세종,2022-01-27,-0.2,-3.9,0720,6.0,1506,,,,,,,4.9,320,1655,3.1,340,1657,0.9,785,290,-9.5,24,1550,52.1,3.0,1013.8,1026.7,0919,1022.5,1453,1025.2,10.2,7.3,,,,,,,,,3.4,1.8,1.0,-9.4,,,,,,,,,,,,,,,2022,1,4,27,0,0,0,0
239,세종,2022-01-28,-1.2,-5.3,0713,4.4,1517,,,,,,,5.6,250,1258,3.1,320,1531,1.2,1035,290,-11.3,23,1553,49.3,2.7,1013.5,1027.0,0904,1023.1,1754,1024.9,10.3,8.5,,,,,,,,,4.9,3.3,0.6,-10.2,,,,,,,,,,,,,,,2022,1,4,28,0,0,0,0
239,세종,2022-01-29,-2.5,-6.0,0743,2.9,1416,,,,,,,6.6,320,1641,4.7,320,1408,1.5,1259,290,-13.2,20,1426,47.1,2.3,1011.2,1024.7,0046,1020.1,1503,1022.6,10.3,8.3,,,,,,,,,2.8,1.3,-0.5,-11.1,,,,,,,,,,,,,,,2022,1,4,29,0,0,0,0
239,세종,2022-01-30,-2.7,-8.2,0744,3.6,1448,,,,,,,5.4,320,1316,3.6,320,1727,1.1,941,320,-13.4,20,1538,47.0,2.2,1011.1,1024.5,2400,1020.4,1447,1022.5,10.3,8.6,,,,,,,,,1.8,0.4,-1.0,-12.0,,,,,,,,,,,,,,,2022,1,4,30,0,0,0,0
239,세종,2022-01-31,-1.1,-9.1,0720,6.0,1515,,,,,,0.4,4.5,290,1334,3.0,160,2118,0.9,802,90,-8.8,29,1233,58.8,3.2,1013.1,1027.0,0910,1022.9,2125,1024.5,10.3,8.7,,,,,,,,,2.3,1.4,0.1,-12.3,,,,,,,,,,,,,,,2022,1,5,31,0,0,0,1
239,세종,2022-02-01,0.0,-2.1,0444,2.9,1256,,,,,,0.1,7.9,270,1205,4.4,320,1231,1.4,1242,290,-5.9,52,1259,65.3,4.0,1014.6,1029.3,2314,1023.2,0421,1026.0,10.4,5.3,,,,,,,,,4.6,2.5,1.1,-7.3,,,,,,,,,,,,,,,2022,2,5,32,1,1,0,1
239,세종,2022-02-02,-0.9,-3.5,2106,2.7,1440,,,,,,,7.7,340,1623,5.5,340,1657,1.5,1272,290,-11.5,22,1619,45.9,2.6,1017.0,1030.0,1109,1027.3,1542,1028.5,10.4,6.7,,,,,,,,,3.6,3.3,1.8,-9.0,,,,,,,,,,,,,,,2022,2,5,33,1,1,0,0
239,세종,2022-02-03,-2.3,-5.9,0405,2.7,1320,,,,,,,8.8,290,1416,4.8,340,1418,1.8,1546,290,-13.1,20,1323,46.1,2.3,1015.9,1028.7,0825,1025.6,1500,1027.4,10.5,8.7,,,,,,,,,2.9,0.8,0.5,-10.9,,,,,,,,,,,,,,,2022,2,5,34,1,1,0,0
239,세종,2022-02-04,-3.1,-6.4,0221,1.7,1442,,,,,,0.1,7.5,320,1347,5.0,340,1617,1.8,1522,290,-11.1,30,1403,55.0,2.6,1014.0,1027.5,0158,1023.5,1459,1025.5,10.5,7.1,,,,,,,,,7.0,2.9,1.1,-9.7,,,,,,,,,,,,,,,2022,2,5,35,1,1,0,1
239,세종,2022-02-05,-4.9,-8.9,0731,-0.2,1427,,,,,,0.0,8.1,320,1436,4.3,340,0031,1.8,1584,320,-12.0,36,1336,58.4,2.4,1015.4,1028.6,2355,1024.9,1422,1027.0,10.5,7.2,,,,,,,,,3.9,1.4,-1.2,-11.6,,,,,,,,,,,,,,,2022,2,5,36,1,1,0,0
239,세종,2022-02-06,-3.1,-9.6,0707,2.9,1518,,,,,,,7.7,360,1505,4.6,320,1529,1.4,1180,320,-10.7,28,1521,58.4,2.7,1017.0,1029.8,2354,1026.4,1539,1028.6,10.5,6.8,,,,,,,,,2.3,0.5,-1.3,-12.1,,,,,,,,,,,,,,,2022,2,5,37,1,1,0,0
239,세종,2022-02-07,-2.2,-8.2,0701,2.3,1424,,,,,,,6.6,320,1555,4.8,340,1555,1.3,1084,20,-13.1,23,1426,46.4,2.3,1017.2,1030.5,0923,1026.3,1507,1028.7,10.6,4.1,,,,,,,,,6.8,2.1,-0.6,-12.1,,,,,,,,,,,,,,,2022,2,6,38,1,1,0,0
239,세종,2022-02-08,-0.5,-6.1,0603,6.4,1348,,,,,,,6.0,320,1509,3.6,340,1346,1.1,921,320,-10.7,25,1544,47.6,2.7,1016.4,1029.1,2316,1026.0,1619,1027.8,10.6,6.8,,,,,,,,,4.1,1.9,1.5,-10.9,,,,,,,,,,,,,,,2022,2,6,39,1,1,0,0
239,세종,2022-02-09,0.9,-6.3,0723,7.7,1556,,,,,,,4.3,340,1830,2.5,320,1835,0.7,563,340,-11.4,13,1617,44.6,2.6,1014.1,1029.0,0813,1022.5,1647,1025.4,10.6,8.8,,,,,,,,,5.4,2.9,2.4,-11.4,,,,,,,,,,,,,,,2022,2,6,40,1,1,0,0
239,세종,2022-02-10,2.2,-1.8,0723,8.2,1351,,,,,,,7.4,320,1352,4.7,340,1542,1.3,1130,340,-10.7,17,1336,39.8,2.7,1012.2,1025.5,2251,1021.7,1424,1023.4,10.7,8.7,,,,,,,,,2.0,1.9,3.9,-8.4,,,,,,,,,,,,,,,2022,2,6,41,1,1,0,0
239,세종,2022-02-11,2.2,-4.7,0627,10.0,1547,,,,,,,5.5,360,1613,3.8,320,1703,1.0,833,70,-9.2,16,1502,46.1,3.1,1015.1,1028.7,0906,1024.7,1607,1026.4,10.7,9.0,,,,,,,,,3.5,0.9,3.5,-10.4,,,,,,,,,,,,,,,2022,2,6,42,1,1,0,0
239,세종,2022-02-12,4.1,-1.9,0701,11.2,1511,,,,,,,4.5,360,1747,3.2,340,1751,0.8,693,70,-7.7,13,1329,45.0,3.5,1013.5,1027.3,0906,1022.2,1630,1024.7,10.7,8.8,,,,,,,,,4.4,2.3,4.7,-7.2,,,,,,,,,,,,,,,2022,2,6,43,1,1,0,0
239,세종,2022-02-13,4.5,-0.4,0734,10.6,1516,,,,,,,3.9,340,1638,2.3,20,1713,0.7,587,20,-5.8,23,1746,49.4,4.0,1010.4,1023.3,0001,1019.4,1757,1021.6,10.8,4.4,,,,,,,,,4.6,1.9,3.5,-6.7,,,,,,,,,,,,,,,2022,2,6,44,1,1,0,0
239,세종,2022-02-14,3.5,-2.2,0701,11.3,1327,,,,,,0.4,7.1,340,1501,3.9,290,1505,1.5,1282,290,-5.4,19,1451,56.4,4.2,1009.4,1022.1,0255,1017.6,1457,1020.6,10.8,7.3,,,,,,,,,3.8,1.5,4.6,-7.3,,,,,,,,,,,,,,,2022,2,7,45,1,1,0,1
239,세종,2022-02-15,-3.1,-6.5,2353,0.0,0004,,,,,,,8.0,320,1553,4.8,320,1445,2.3,1980,290,-10.0,46,1125,58.8,2.9,1011.1,1024.0,2140,1021.0,0342,1022.6,10.9,4.4,,,,,,,,,7.1,2.0,0.5,-9.9,,,,,,,,,,,,,,,2022,2,7,46,1,1,0,0
239,세종,2022-02-16,-5.9,-8.7,0713,-2.1,1501,,,,,,0.1,9.0,340,1635,5.4,320,1401,2.4,2032,320,-13.6,31,1639,57.1,2.2,1012.7,1025.9,2346,1022.7,1501,1024.3,10.9,5.9,,,,,,,,,4.9,2.1,-0.7,-10.4,,,,,,,,,,,,,,,2022,2,7,47,1,1,0,1
239,세종,2022-02-17,-5.8,-10.4,0615,-1.1,1605,,,,,,,7.1,340,1240,5.1,340,1246,1.5,1327,320,-16.4,27,1413,44.4,1.7,1017.0,1031.6,2344,1025.9,0001,1028.6,10.9,8.9,,,,,,,,,1.0,0.0,-0.6,-13.9,,,,,,,,,,,,,,,2022,2,7,48,1,1,0,0
239,세종,2022-02-18,-1.5,-10.2,0615,6.4,1604,,,,,,,4.6,290,1538,2.6,340,1545,0.8,687,320,-15.5,14,1448,39.4,1.9,1018.3,1033.8,0834,1026.1,2328,1029.8,11.0,9.1,,,,,,,,,6.9,2.5,2.0,-13.2,,,,,,,,,,,,,,,2022,2,7,49,1,1,0,0
239,세종,2022-02-19,-0.3,-4.2,2346,3.8,1526,,,,,,,7.2,360,2031,4.6,320,2322,1.8,1529,320,-10.8,30,0001,45.3,2.7,1012.7,1026.8,0012,1021.8,1632,1024.1,11.0,2.1,,,,,,,,,9.0,3.6,1.0,-8.1,,,,,,,,,,,,,,,2022,2,7,50,1,1,0,0
239,세종,2022-02-20,-3.9,-6.7,0729,0.1,1443,,,,,,,12.6,320,1047,7.1,340,1038,2.8,2429,320,-15.7,18,1327,42.4,1.9,1015.5,1029.8,2159,1024.2,0400,1027.1,11.0,9.4,,,,,,,,,1.1,0.3,1.1,-11.1,,,,,,,,,,,,,,,2022,2,7,51,1,1,0,0
239,세종,2022-02-21,-1.6,-8.8,0730,5.0,1356,,,,,,,7.9,290,1520,4.4,290,1636,1.5,1328,290,-10.2,33,1400,53.5,2.8,1017.3,1031.0,2400,1025.8,1509,1028.8,11.1,6.1,,,,,,,,,3.4,0.8,0.2,-12.2,,,,,,,,,,,,,,,2022,2,8,52,1,1,0,0
239,세종,2022-02-22,-2.9,-5.8,2400,2.0,1235,,,,,,,8.1,320,0112,4.9,320,0118,2.2,1915,320,-14.0,22,0938,44.3,2.2,1020.8,1034.1,0901,1030.4,1631,1032.4,11.1,8.2,,,,,,,,,4.8,2.0,-0.2,-10.4,,,,,,,,,,,,,,,2022,2,8,53,1,1,0,0
239,세종,2022-02-23,-4.7,-10.1,0722,1.2,1451,,,,,,,7.9,320,1602,5.7,340,1710,2.0,1726,320,-18.0,14,1620,35.5,1.5,1021.7,1035.7,0917,1030.6,1527,1033.4,11.1,9.4,,,,,,,,,3.0,0.5,0.4,-13.1,,,,,,,,,,,,,,,2022,2,8,54,1,1,0,0
239,세종,2022-02-24,-2.3,-10.2,0642,4.8,1507,,,,,,,7.8,320,1615,4.1,320,1623,1.3,1129,290,-13.3,21,1413,45.6,2.2,1019.8,1033.7,0838,1028.9,1637,1031.3,11.2,9.5,,,,,,,,,0.6,0.0,1.6,-13.8,,,,,,,,,,,,,,,2022,2,8,55,1,1,0,0
239,세종,2022-02-25,2.4,-5.8,0502,10.3,1507,,,,,,,5.8,290,1534,3.1,290,1536,1.2,1056,160,-4.1,30,1533,64.9,4.6,1016.1,1030.4,0913,1024.9,1730,1027.4,11.2,8.2,,,,,,,,,2.4,1.8,4.3,-10.7,,,,,,,,,,,,,,,2022,2,8,56,1,1,0,0
239,세종,2022-02-26,6.1,1.2,0204,11.7,1418,,,,,,1.5,7.7,290,2152,4.5,320,2217,2.2,1866,200,-0.3,36,1513,65.6,6.1,1008.1,1025.0,0001,1014.1,2028,1019.2,11.3,7.7,,,,,,,,,6.0,2.8,7.5,-4.9,,,,,,,,,,,,,,,2022,2,8,57,1,0,0,1
239,세종,2022-02-27,4.3,-1.3,0621,11.4,1437,,,,,,,6.2,290,1506,3.9,290,1503,1.4,1248,290,-8.2,15,1413,44.1,3.4,1011.5,1024.4,0940,1018.7,0001,1022.6,11.3,9.4,,,,,,,,,0.0,0.0,5.2,-7.6,,,,,,,,,,,,,,,2022,2,8,58,1,1,0,0
239,세종,2022-02-28,6.0,-1.5,0643,13.0,1550,,,,,,,3.8,70,1419,2.4,50,1418,0.8,720,70,-6.9,16,1528,45.3,3.8,1010.0,1025.2,0739,1016.7,2340,1021.1,11.3,6.9,,,,,,,,,5.8,2.3,5.4,-7.2,,,,,,,,,,,,,,,2022,2,9,59,1,1,0,0
239,세종,2022-03-01,5.7,0.3,2355,12.5,1346,,,,,,1.4,6.2,320,1602,4.3,320,1752,1.3,1165,320,-0.1,39,1659,68.0,6.2,1004.3,1019.3,2335,1012.2,1352,1015.4,11.4,4.7,,,,,,,,,5.8,3.6,7.2,-3.9,,,,,,,,,,,,,,,2022,3,9,60,1,0,0,1
239,세종,2022-03-02,2.5,-4.4,0645,10.3,1518,,,,,,,5.7,290,1455,3.6,270,1415,1.4,1181,250,-6.2,20,1354,58.0,3.9,1007.5,1020.5,0841,1016.2,1612,1018.6,11.4,9.4,,,,,,,,,0.1,0.0,6.0,-8.7,,,,,,,,,,,,,,,2022,3,9,61,1,1,0,0
239,세종,2022-03-03,5.4,-1.8,0611,13.6,1530,,,,,,,5.7,290,1717,3.1,290,1442,1.3,1159,290,-5.2,18,1726,52.5,4.3,1007.3,1020.4,0852,1016.4,1657,1018.3,11.5,9.3,,,,,,,,,0.6,0.3,6.2,-7.0,,,,,,,,,,,,,,,2022,3,9,62,1,1,0,0
239,세종,2022-03-04,8.0,-0.8,0603,16.4,1531,,,,,,,9.6,180,1649,5.1,200,1649,1.9,1617,180,-3.2,24,1457,49.0,5.0,1002.0,1018.5,0150,1008.0,1703,1012.9,11.5,6.6,,,,,,,,,5.0,2.6,8.9,-6.7,,,,,,,,,,,,,,,2022,3,9,63,1,1,0,0
239,세종,2022-03-05,3.2,-1.1,2357,8.2,0001,,,,,,,11.1,340,1544,6.2,320,1549,2.9,2500,320,-11.6,15,1548,36.1,2.7,1005.7,1020.9,2330,1010.8,0001,1016.8,11.5,9.5,,,,,,,,,0.6,0.4,7.7,-7.2,,,,,,,,,,,,,,,2022,3,9,64,1,1,0,0
239,세종,2022-03-06,1.8,-3.5,0651,8.5,1451,,,,,,,8.5,320,1211,4.5,340,1300,1.9,1661,290,-14.8,13,1154,30.8,2.0,1010.8,1024.1,0916,1019.5,1555,1022.0,11.6,9.6,,,,,,,,,2.1,0.1,6.8,-8.6,,,,,,,,,,,,,,,2022,3,9,65,1,1,0,0
239,세종,2022-03-07,3.3,-4.3,0726,11.1,1611,,,,,,,6.1,320,1550,3.2,340,1211,1.1,935,290,-11.5,13,1307,36.6,2.6,1009.7,1023.3,0828,1018.1,1547,1020.8,11.6,9.3,,,,,,,,,4.3,2.6,7.5,-8.4,,,,,,,,,,,,,,,2022,3,10,66,1,1,0,0
239,세종,2022-03-08,5.3,-2.6,0653,13.5,1606,,,,,,,6.0,340,1403,3.0,290,1319,0.9,801,20,-3.9,30,1447,53.8,4.6,1008.4,1021.0,0933,1017.0,1625,1019.5,11.7,9.6,,,,,,,,,2.1,1.1,9.2,-8.1,,,,,,,,,,,,,,,2022,3,10,67,1,1,0,0
239,세종,2022-03-09,7.0,-0.5,0633,15.9,1608,,,,,,,4.4,360,1458,2.6,360,1459,0.9,745,320,-3.3,17,1423,54.1,4.9,1011.0,1024.2,0913,1019.8,0001,1022.0,11.7,7.0,,,,,,,,,2.1,1.5,9.9,-6.4,,,,,,,,,,,,,,,2022,3,10,68,1,1,0,0
239,세종,2022-03-10,9.1,0.4,0410,17.4,1422,,,,,,,6.2,320,1501,2.8,230,1351,1.0,889,70,-4.7,8,1606,43.5,4.4,1009.9,1023.3,0805,1018.5,1652,1020.9,11.7,7.1,,,,,,,,,5.9,0.9,9.9,-5.7,,,,,,,,,,,,,,,2022,3,10,69,1,0,0,0
239,세종,2022-03-11,10.7,3.7,0601,16.9,1458,,,,,,,2.9,290,1551,1.9,70,1326,0.5,421,320,1.2,34,1231,52.6,6.9,1007.5,1020.4,0917,1016.2,1527,1018.4,11.8,1.6,,,,,,,,,8.3,5.0,11.5,-2.8,,,,,,,,,,,,,,,2022,3,10,70,1,0,0,0
239,세종,2022-03-12,15.2,8.9,0454,21.1,1436,,,,,,,6.9,230,1621,3.5,160,1507,1.3,1152,160,7.6,48,1135,61.9,10.5,1004.5,1018.5,0816,1011.6,2400,1015.1,11.8,4.0,,,,,,,,,8.4,7.3,16.5,2.0,,,,,,,,,,,,,,,2022,3,10,71,1,0,0,0
239,세종,2022-03-13,13.8,11.8,2329,16.9,0324,,,,,,23.7,8.4,180,0251,3.3,200,0113,1.4,1251,180,12.0,56,0001,90.0,14.1,1000.5,1013.5,2234,1009.2,1343,1011.1,11.9,0.1,,,,,,,,,9.5,7.6,13.3,11.3,,,,,,,,,,,,,,,2022,3,10,72,1,0,0,1
239,세종,2022-03-14,10.2,5.0,2357,14.6,1131,,,,,,6.9,7.9,270,1420,3.9,200,1421,1.3,1159,290,8.7,81,2153,90.4,11.5,1001.2,1014.8,2254,1008.9,1345,1011.9,11.9,0.1,,,,,,,,,9.6,8.1,10.7,4.4,,,,,,,,,,,,,,,2022,3,11,73,1,0,0,1
239,세종,2022-03-15,8.5,2.2,0647,16.0,1629,,,,,,,5.1,340,1533,2.6,70,1026,1.1,940,290,1.4,32,1608,63.9,6.8,1003.6,1017.3,0919,1011.3,1846,1014.4,11.9,8.0,,,,,,,,,3.3,2.4,11.8,0.1,,,,,,,,,,,,,,,2022,3,11,74,1,0,0,0
239,세종,2022-03-16,10.5,2.1,0610,18.3,1501,,,,,,,5.4,340,1730,4.0,340,1732,1.3,1152,320,1.9,29,1248,59.6,7.0,1005.6,1019.4,2245,1014.0,0337,1016.5,12.0,8.4,,,,,,,,,4.4,2.4,12.8,-1.0,,,,,,,,,,,,,,,2022,3,11,75,1,0,0,0
239,세종,2022-03-17,8.7,6.1,2348,10.9,0020,,,,,,6.7,6.3,90,1957,4.5,70,2128,2.0,1740,70,5.1,56,0021,78.6,8.8,1008.1,1020.9,0930,1016.6,2400,1019.0,12.0,0.0,,,,,,,,,10.0,5.4,8.8,5.4,,,,,,,,,,,,,,,2022,3,11,76,1,0,0,1
239,세종,2022-03-18,6.7,5.1,2246,9.4,1513,,,,,,3.5,8.1,70,1042,5.5,70,1048,2.9,2539,90,1.8,57,1257,71.9,7.0,999.7,1016.6,0001,1008.2,1925,1010.6,12.0,0.0,,,,,,,,,9.4,5.8,8.0,4.0,,,,,,,,,,,,,,,2022,3,11,77,1,0,0,1
239,세종,2022-03-19,3.7,1.9,0518,7.6,1346,,,,,,8.6,5.9,290,1531,3.5,290,1535,1.5,1254,290,0.9,60,1412,82.9,6.5,998.7,1016.0,2349,1005.1,0602,1009.8,12.1,0.9,,,,,,,,,9.8,5.8,5.6,-1.0,,,,,,,,,,,,,,,2022,3,11,78,1,0,0,1
239,세종,2022-03-20,5.0,1.3,2356,10.5,1507,,,,,,,4.6,290,1536,2.8,290,1542,1.2,1059,290,-1.0,41,1446,67.1,5.7,1008.4,1023.4,2346,1016.0,0001,1019.5,12.1,2.2,,,,,,,,,8.4,4.9,8.3,-2.9,,,,,,,,,,,,,,,2022,3,11,79,1,0,0,0
239,세종,2022-03-21,5.0,-1.3,0700,11.7,1534,,,,,,,5.6,340,1739,4.1,340,1802,1.2,1076,320,-6.7,21,1535,47.1,3.8,1012.6,1026.3,0720,1021.3,1801,1023.7,12.2,8.0,,,,,,,,,7.6,3.4,7.9,-5.1,,,,,,,,,,,,,,,2022,3,12,80,1,1,0,0
239,세종,2022-03-22,7.0,1.0,0654,12.8,1600,,,,,,,5.7,20,1526,3.4,20,1529,1.4,1203,320,-6.1,16,1535,41.5,4.0,1010.9,1024.3,0831,1018.8,1748,1021.9,12.2,9.6,,,,,,,,,3.6,0.6,10.5,-3.9,,,,,,,,,,,,,,,2022,3,12,81,1,0,0,0
239,세종,2022-03-23,5.0,1.6,0326,8.7,1311,,,,,,,5.8,340,1240,3.6,320,1240,1.0,847,290,-2.3,39,1257,60.3,5.2,1007.7,1021.2,0006,1016.8,1718,1018.8,12.2,0.5,,,,,,,,,7.0,3.3,5.1,-1.8,,,,,,,,,,,,,,,2022,3,12,82,1,0,0,0
239,세종,2022-03-24,8.2,0.0,0642,15.3,1505,,,,,,,5.8,160,1455,3.2,160,1456,1.1,927,160,1.0,41,1504,62.4,6.6,1009.1,1022.2,2230,1018.3,1729,1020.0,12.3,6.1,,,,,,,,,6.0,2.8,9.7,-3.9,,,,,,,,,,,,,,,2022,3,12,83,1,0,0,0
239,세종,2022-03-25,11.9,5.1,0552,18.7,1538,,,,,,11.2,5.1,70,1721,3.6,70,1721,1.2,1044,90,5.0,32,1656,67.4,9.0,1004.3,1022.0,0235,1003.6,2359,1015.1,12.3,1.9,,,,,,,,,7.6,1.9,12.5,0.9,,,,,,,,,,,,,,,2022,3,12,84,1,0,0,1
239,세종,2022-03-26,11.0,7.0,2357,14.6,0514,,,,,,15.1,8.3,180,0639,4.6,200,0639,1.8,1536,180,8.7,68,1858,86.1,11.4,992.9,1013.3,2400,996.4,0624,1003.6,12.4,0.0,,,,,,,,,8.4,4.9,10.7,2.2,,,,,,,,,,,,,,,2022,3,12,85,1,0,0,1
239,세종,2022-03-27,7.6,2.5,0523,14.6,1210,,,,,,,9.0,340,1532,5.7,340,1857,2.1,1827,320,-2.1,25,1910,55.5,5.6,1005.7,1022.5,2359,1013.3,0001,1016.6,12.4,9.1,,,,,,,,,1.6,1.6,10.8,-3.2,,,,,,,,,,,,,,,2022,3,12,86,1,0,0,0
239,세종,2022-03-28,7.2,-1.9,0527,14.8,1512,,,,,,,5.6,320,1553,3.1,70,1234,1.0,906,290,-6.8,16,1514,40.9,3.7,1014.8,1027.7,0849,1022.5,0001,1025.9,12.4,10.4,,,,,,,,,1.9,0.0,12.1,-5.5,,,,,,,,,,,,,,,2022,3,13,87,1,1,0,0
239,세종,2022-03-29,10.0,1.5,0623,18.2,1554,,,,,,,5.6,90,1240,3.3,160,1248,1.0,852,320,-0.5,24,1357,51.3,6.0,1013.6,1027.8,0035,1021.7,1647,1024.5,12.5,10.5,,,,,,,,,0.0,0.0,14.8,-3.1,,,,,,,,,,,,,,,2022,3,13,88,1,0,0,0
239,세종,2022-03-30,11.3,4.3,0639,17.5,1402,,,,,,0.0,5.1,320,1503,3.0,320,1458,0.9,804,320,7.0,49,1357,75.8,10.2,1009.9,1023.2,0655,1017.3,1707,1020.7,12.5,1.9,,,,,,,,,7.9,6.8,12.1,-0.2,,,,,,,,,,,,,,,2022,3,13,89,1,0,0,0
239,세종,2022-03-31,10.9,8.4,2355,14.9,1551,,,,,,,7.1,320,1744,4.5,320,1752,1.6,1340,320,5.1,44,1530,69.1,8.9,1012.9,1027.4,2354,1020.7,0003,1023.8,12.5,0.2,,,,,,,,,9.6,6.5,13.1,5.1,,,,,,,,,,,,,,,2022,3,13,90,1,0,0,0
239,세종,2022-04-01,9.2,3.9,0616,15.5,1406,,,,,,,7.9,320,1843,4.4,340,1903,1.8,1531,70,-2.5,18,1354,47.8,5.2,1017.7,1030.8,0905,1026.2,1732,1028.7,12.6,10.3,,,,,,,,,4.3,0.9,15.4,-1.0,,,,,,,,,,,,,,,2022,4,13,91,1,0,0,0
239,세종,2022-04-02,7.4,-0.5,0627,15.2,1544,,,,,,,7.5,320,1508,3.6,340,1509,1.2,1051,290,-5.0,15,1229,46.3,4.4,1016.7,1029.6,0111,1024.5,1605,1027.8,12.6,10.5,,,,,,,,,0.8,0.5,14.1,-4.4,,,,,,,,,,,,,,,2022,4,13,92,1,1,0,0
239,세종,2022-04-03,8.7,0.1,0556,17.2,1514,,,,,,,6.3,340,1702,4.3,320,1708,1.3,1122,320,-3.8,18,1241,46.3,4.7,1017.0,1029.7,0933,1025.4,1623,1028.0,12.7,10.6,,,,,,,,,0.3,0.0,15.3,-3.3,,,,,,,,,,,,,,,2022,4,13,93,1,0,0,0
239,세종,2022-04-04,10.0,1.5,0642,19.0,1601,,,,,,,6.2,320,1751,4.5,320,1753,1.3,1113,320,-3.8,13,1548,42.8,4.7,1016.9,1030.3,0709,1025.1,1639,1027.9,12.7,10.6,,,,,,,,,0.1,0.1,16.3,-2.5,,,,,,,,,,,,,,,2022,4,14,94,1,0,0,0
239,세종,2022-04-05,9.6,0.3,0612,18.2,1422,,,,,,,5.3,160,1646,2.9,20,1246,1.0,822,320,-4.0,20,1350,42.3,4.6,1011.8,1027.0,0004,1019.4,1555,1022.7,12.8,6.8,,,,,,,,,7.1,0.5,12.2,-2.6,,,,,,,,,,,,,,,2022,4,14,95,1,0,0,0
239,세종,2022-04-06,11.7,4.0,0635,20.3,1606,,,,,,,7.4,320,1622,5.3,340,1627,1.6,1345,340,-3.1,11,2200,39.8,5.2,1010.3,1023.6,0711,1018.1,1812,1021.1,12.8,10.5,,,,,,,,,1.4,0.5,14.0,-0.4,,,,,,,,,,,,,,,2022,4,14,96,1,0,0,0
239,세종,2022-04-07,10.7,5.2,0329,18.3,1519,0.6,310,0.8,258,,0.8,7.3,320,1338,3.4,290,1343,1.6,1364,290,-1.4,19,0001,47.5,5.7,1007.9,1021.2,2400,1015.5,1525,1018.8,12.8,8.2,,,,,,,,,3.5,2.0,14.2,1.3,,,,,,,,,,,,,,,2022,4,14,97,1,0,0,1
239,세종,2022-04-08,13.2,3.0,0602,22.9,1548,,,,,,,5.9,290,1250,3.5,160,1700,1.2,1064,160,-2.9,18,1341,35.5,5.0,1008.5,1022.4,0750,1016.0,1723,1019.2,12.9,10.9,,,,,,,,,0.0,0.0,15.0,-1.8,,,,,,,,,,,,,,,2022,4,14,98,1,0,0,0
239,세종,2022-04-09,17.6,9.8,0630,25.5,1413,,,,,,,7.1,180,1505,3.9,230,1506,1.5,1291,250,3.0,26,0956,39.0,7.6,1004.9,1016.7,0001,1013.1,1510,1015.4,12.9,10.7,,,,,,,,,1.5,0.8,17.5,4.5,,,,,,,,,,,,,,,2022,4,14,99,1,0,1,0
239,세종,2022-04-10,18.3,10.3,0618,27.1,1537,,,,,,,5.4,200,1643,2.8,360,1318,1.1,937,250,3.3,13,1520,42.1,8.0,1005.8,1018.4,1002,1013.5,1613,1016.3,12.9,10.2,,,,,,,,,3.8,0.6,18.9,3.8,,,,,,,,,,,,,,,2022,4,14,100,1,0,1,0
239,세종,2022-04-11,19.9,12.0,0620,27.4,1515,,,,,,,7.0,160,1352,3.5,140,1347,1.1,992,90,10.3,33,1411,56.9,12.6,1002.6,1016.5,0001,1009.2,1721,1013.0,13.0,10.7,,,,,,,,,1.5,0.8,20.9,6.7,,,,,,,,,,,,,,,2022,4,15,101,1,0,1,0
239,세종,2022-04-12,20.0,14.6,0624,27.0,1433,,,,,,,7.5,340,1201,4.0,320,1208,1.3,1129,320,13.5,29,1451,71.0,15.6,1000.3,1012.4,0638,1007.9,1647,1010.7,13.0,9.7,,,,,,,,,5.8,2.3,21.2,9.4,,,,,,,,,,,,,,,2022,4,15,102,1,0,1,0
239,세종,2022-04-13,12.9,8.7,2342,17.3,0001,1.1,1949,4.5,1939,,19.0,5.8,90,1657,4.2,90,1641,2.0,1745,90,11.5,83,0204,92.0,13.8,1003.0,1017.4,2327,1010.6,0144,1013.7,13.1,0.0,,,,,,,,,9.5,5.6,15.1,8.9,,,,,,,,,,,,,,,2022,4,15,103,1,0,0,1
239,세종,2022-04-14,10.3,8.4,0750,14.2,1522,0.2,146,0.5,719,,1.8,5.9,360,1743,4.0,70,1357,2.5,2188,70,6.8,58,1524,80.0,9.9,1007.0,1020.1,2330,1016.0,1510,1017.9,13.1,1.0,,,,,,,,,9.3,4.8,13.1,8.0,,,,,,,,,,,,,,,2022,4,15,104,1,0,0,1
239,세종,2022-04-15,11.9,6.4,0554,18.9,1422,,,,,,,8.4,340,1500,5.5,340,1544,1.9,1652,320,2.3,26,1600,55.3,7.3,1006.6,1020.1,0025,1014.2,1517,1017.4,13.1,11.1,,,,,,,,,3.0,0.4,13.3,2.8,,,,,,,,,,,,,,,2022,4,15,105,1,0,0,0
239,세종,2022-04-16,12.6,5.7,0608,19.9,1447,,,,,,,7.8,340,1724,4.7,340,1619,1.5,1266,290,-0.5,17,1905,45.9,6.2,1007.0,1020.0,0813,1015.2,1631,1017.8,13.2,11.6,,,,,,,,,0.6,0.1,15.5,1.8,,,,,,,,,,,,,,,2022,4,15,106,1,0,0,0
239,세종,2022-04-17,13.0,3.2,0554,21.7,1450,,,,,,,6.4,340,1507,4.1,340,1625,1.3,1107,290,-0.3,17,1536,45.1,6.1,1007.8,1020.0,0838,1015.9,1753,1018.5,13.2,11.7,,,,,,,,,2.3,0.6,15.9,-0.3,,,,,,,,,,,,,,,2022,4,15,107,1,0,0,0
239,세종,2022-04-18,14.3,8.1,0445,22.3,1457,,,,,,,5.3,360,1316,3.2,360,1215,1.3,1112,320,0.8,18,1515,46.1,6.7,1007.6,1020.0,0036,1015.3,1540,1018.2,13.2,8.6,,,,,,,,,7.5,3.0,16.8,5.3,,,,,,,,,,,,,,,2022,4,16,108,1,0,0,0
239,세종,2022-04-19,15.0,6.9,0627,23.9,1517,,,,,,,7.2,290,1644,4.2,320,1606,1.4,1180,290,-0.5,14,1520,38.6,6.0,1007.0,1019.4,0058,1015.2,1610,1017.6,13.3,11.4,,,,,,,,,1.8,0.9,17.4,2.7,,,,,,,,,,,,,,,2022,4,16,109,1,0,0,0
239,세종,2022-04-20,14.8,6.1,0609,23.0,1410,,,,,,,7.5,140,1544,4.3,140,1552,1.3,,70,-0.3,15,1723,43.5,6.2,1005.6,1018.7,0023,1013.4,1559,1016.2,13.3,11.7,,,,,,,,,0.1,0.0,18.7,2.3,,,,,,,,,,,,,,,2022,4,16,110,1,0,0,0
239,세종,2022-04-21,14.3,6.8,0555,21.4,1409,,,,,,,7.0,200,1246,3.7,180,1424,1.1,979,160,2.5,19,1108,51.0,7.5,1002.1,1016.0,0003,1010.3,1714,1012.7,13.4,6.7,,,,,,,,,4.3,2.0,15.6,2.9,,,,,,,,,,,,,,,2022,4,16,111,1,0,0,0
239,세종,2022-04-22,16.5,10.3,0208,24.3,1331,,,,,,,8.9,250,1044,4.8,200,1137,1.9,1641,,10.2,41,1330,68.9,12.5,1000.6,1013.0,2308,1008.4,1522,1011.1,13.4,9.5,,,,,,,,,4.5,2.5,18.7,6.4,,,,,,,,,,,,,,,2022,4,16,112,1,0,0,0
239,세종,2022-04-23,18.0,11.8,0500,24.8,1621,,,,,,,4.7,320,0145,2.7,360,1212,1.1,934,290,9.4,25,1636,62.3,11.9,1001.5,1015.0,0744,1008.8,1618,1011.9,13.4,7.3,,,,,,,,,7.9,1.9,20.4,8.0,,,,,,,,,,,,,,,2022,4,16,113,1,0,0,0
239,세종,2022-04-24,18.9,13.3,0300,27.6,1544,,,,,,,5.7,320,1158,2.9,320,1215,1.2,1050,290,11.8,31,1502,67.9,13.9,1000.8,1013.1,2143,1008.1,1514,1011.2,13.5,8.8,,,,,,,,,3.0,2.1,21.9,9.4,,,,,,,,,,,,,,,2022,4,16,114,1,0,1,0
239,세종,2022-04-25,19.6,14.9,0004,26.2,1353,0.6,2304,1.8,2238,,3.0,5.5,290,2125,3.9,290,2130,1.1,908,180,13.5,33,1526,71.4,15.6,1000.4,1014.1,0720,1006.0,2338,1010.8,13.5,3.1,,,,,,,,,9.5,3.9,21.4,11.1,,,,,,,,,,,,,,,2022,4,17,115,1,0,1,1
239,세종,2022-04-26,18.5,15.4,0653,24.2,1444,1.2,508,5.1,457,,17.0,4.9,50,0623,3.4,290,2246,1.4,1226,290,14.7,55,1446,80.6,16.8,993.1,1009.2,2400,1001.0,1435,1003.4,13.5,2.2,,,,,,,,,8.6,4.9,19.7,12.9,,,,,,,,,,,,,,,2022,4,17,116,1,0,0,1
239,세종,2022-04-27,17.0,11.5,0609,23.3,1612,,,,,,,5.5,320,0522,3.8,320,0202,1.5,1334,320,1.9,16,1613,38.6,7.1,1004.1,1018.3,2323,1009.2,0001,1014.7,13.6,11.6,,,,,,,,,2.1,0.3,19.2,6.3,,,,,,,,,,,,,,,2022,4,17,117,1,0,0,0
239,세종,2022-04-28,17.2,9.2,0420,25.5,1311,,,,,,,5.2,270,1611,3.3,290,1610,1.3,1139,290,6.8,32,1234,53.6,9.9,1005.2,1019.6,0748,1012.9,1533,1015.8,13.6,,,,,,,,,,5.5,2.9,19.5,7.7,,,,,,,,,,,,,,,2022,4,17,118,1,0,1,0
239,세종,2022-04-29,12.7,9.8,0721,17.0,0001,1.1,215,3.7,345,,12.1,6.0,110,0058,4.0,90,0040,2.0,1757,70,7.6,47,0001,72.4,10.5,1005.4,1020.3,2319,1013.0,0459,1016.1,13.6,1.6,,,,,,,,,7.1,3.9,15.7,10.4,,,,,,,,,,,,,,,2022,4,17,119,1,0,0,1
239,세종,2022-04-30,12.9,9.0,0449,18.1,1528,,,,,,,5.5,290,1707,3.0,290,1716,1.5,1253,290,7.0,49,1322,68.3,10.0,1007.1,1020.6,0640,1014.7,1814,1017.9,13.7,4.3,,,,,,,,,8.1,5.1,15.4,6.0,,,,,,,,,,,,,,,2022,4,17,120,1,0,0,0
239,세종,2022-05-01,12.8,5.7,0541,19.6,1411,,,,,,,8.1,290,1421,4.2,290,1446,1.8,1513,290,1.8,19,1639,54.4,7.2,1003.4,1017.3,0040,1012.1,1557,1014.1,13.7,12.1,,,,,,,,,1.5,0.9,17.2,3.5,,,,,,,,,,,,,,,2022,5,17,121,1,0,0,0
239,세종,2022-05-02,13.0,6.8,0546,19.9,1142,,,,,,,8.9,320,1731,6.0,340,1714,1.8,1512,320,2.6,19,1636,54.8,7.6,1003.4,1017.8,2329,1011.8,1556,1014.1,13.7,10.6,,,,,,,,,2.5,0.6,16.6,4.4,,,,,,,,,,,,,,,2022,5,18,122,1,0,0,0
239,세종,2022-05-03,13.4,4.3,0615,20.7,1441,,,,,,,7.7,200,1423,4.1,160,1412,1.2,1063,180,0.6,23,1657,46.8,6.5,1008.7,1021.0,0811,1017.8,0001,1019.4,13.8,,,,,,,,,,0.4,0.0,17.5,2.0,,,,,,,,,,,,,,,2022,5,18,123,1,0,0,0
239,세종,2022-05-04,16.5,7.0,0522,25.4,1449,,,,,,,5.5,250,1425,3.5,230,1104,1.2,1065,200,2.5,23,1054,42.3,7.4,1008.9,1020.9,0710,1017.2,1607,1019.5,13.8,12.1,,,,,,,,,0.0,0.0,19.4,4.0,,,,,,,,,,,,,,,2022,5,18,124,1,0,1,0
239,세종,2022-05-05,18.0,8.4,0526,25.9,1444,,,,,,,4.6,270,1303,2.6,270,1240,1.0,906,290,5.9,25,1302,49.1,9.4,1008.2,1021.0,0735,1015.7,1723,1018.7,13.8,12.1,,,,,,,,,0.0,0.0,21.2,4.8,,,,,,,,,,,,,,,2022,5,18,125,1,0,1,0
239,세종,2022-05-06,19.0,11.3,0532,26.7,1521,,,,,,,5.7,20,1303,3.6,320,1904,1.2,1037,320,10.9,35,1331,62.9,13.1,1005.9,1018.3,0008,1013.7,1710,1016.4,13.9,10.0,,,,,,,,,4.1,1.8,22.7,8.1,,,,,,,,,,,,,,,2022,5,18,126,1,0,1,0
239,세종,2022-05-07,16.9,12.1,2349,23.2,1519,,,,,,,7.8,320,1150,5.5,340,1603,1.9,1684,320,7.0,25,1756,57.6,10.7,1006.9,1019.7,2320,1015.7,1521,1017.4,13.9,8.0,,,,,,,,,5.8,3.6,21.9,7.6,,,,,,,,,,,,,,,2022,5,18,127,1,0,0,0
239,세종,2022-05-08,16.5,11.0,2347,23.0,1354,0.4,2315,0.8,2309,,0.7,6.9,70,2232,4.7,320,1657,2.1,1819,90,5.0,32,1355,48.5,8.7,1007.6,1021.1,0751,1015.4,1611,1018.2,13.9,7.0,,,,,,,,,8.6,4.5,21.1,7.3,,,,,,,,,,,,,,,2022,5,18,128,1,0,0,1
239,세종,2022-05-09,16.3,10.4,0146,22.8,1442,0.5,54,2.0,39,,3.7,6.5,90,1552,4.0,90,1458,1.8,1564,50,6.5,29,1444,56.9,9.8,1007.4,1019.7,0856,1015.9,1539,1018.0,14.0,8.8,,,,,,,,,5.8,2.6,20.3,9.1,,,,,,,,,,,,,,,2022,5,19,129,1,0,0,1
239,세종,2022-05-10,18.1,10.8,0544,25.5,1642,,,,,,,7.2,90,1145,4.7,70,1144,1.4,1188,90,2.1,16,1323,38.3,7.2,1005.6,1018.9,0745,1013.0,1658,1016.1,14.0,10.7,,,,,,,,,5.8,3.9,21.9,8.2,,,,,,,,,,,,,,,2022,5,19,130,1,0,1,0
239,세종,2022-05-11,18.7,13.2,0355,24.6,1610,,,,,,,4.7,320,1317,3.2,320,1839,1.1,960,320,7.5,37,1242,48.8,10.4,1004.6,1016.5,0716,1013.0,1624,1015.0,14.0,5.3,,,,,,,,,8.4,5.6,22.7,10.6,,,,,,,,,,,,,,,2022,5,19,131,1,0,0,0
239,세종,2022-05-12,19.9,13.7,0557,27.5,1453,,,,,,,4.4,340,0017,2.9,340,0024,1.1,930,290,10.3,38,1432,55.3,12.6,1000.4,1015.4,0007,1007.7,1759,1010.8,14.0,5.7,,,,,,,,,8.1,3.1,24.5,12.3,,,,,,,,,,,,,,,2022,5,19,132,1,0,1,0
239,세종,2022-05-13,17.6,14.9,0535,21.3,1656,,,,,,,4.6,290,2236,2.9,320,1745,1.3,1103,290,9.4,39,1837,59.6,11.9,997.6,1009.8,2345,1005.9,1631,1008.0,14.1,1.3,,,,,,,,,7.1,3.0,20.4,10.9,,,,,,,,,,,,,,,2022,5,19,133,1,0,0,0
239,세종,2022-05-14,14.9,8.7,0520,21.2,1212,,,,,,,9.1,340,1404,4.7,320,1404,1.8,1594,290,-0.1,18,1642,39.3,6.2,1002.5,1016.8,2312,1009.7,0007,1013.1,14.1,11.6,,,,,,,,,4.6,2.8,20.8,4.5,,,,,,,,,,,,,,,2022,5,19,134,1,0,0,0
239,세종,2022-05-15,14.5,7.9,0531,20.9,1401,,,,,,,8.0,340,1115,4.6,340,1118,1.8,1587,340,-0.8,17,1549,38.5,5.9,1003.9,1017.0,0008,1011.9,1703,1014.5,14.1,11.7,,,,,,,,,2.0,0.5,21.4,5.0,,,,,,,,,,,,,,,2022,5,19,135,1,0,0,0
239,세종,2022-05-16,15.7,6.6,0533,23.8,1447,,,,,,,6.5,140,1255,3.8,160,1303,1.2,1079,180,1.8,24,1448,41.5,7.0,1001.9,1014.7,0010,1009.7,1536,1012.5,14.2,12.6,,,,,,,,,0.0,0.0,21.3,2.5,,,,,,,,,,,,,,,2022,5,20,136,1,0,0,0
239,세종,2022-05-17,19.2,10.2,0535,26.9,1421,,,,,,,6.9,160,1250,3.7,160,1352,1.5,1278,180,6.9,24,1624,47.5,10.0,1003.3,1015.7,2351,1011.8,1546,1013.7,14.2,12.5,,,,,,,,,0.0,0.0,23.1,5.9,,,,,,,,,,,,,,,2022,5,20,137,1,0,1,0
239,세종,2022-05-18,20.8,13.4,0456,26.9,1517,,,,,,,7.4,160,1333,4.9,160,1422,2.1,1802,180,5.6,21,1438,41.1,9.2,1006.2,1017.9,2227,1014.7,1553,1016.6,14.2,11.9,,,,,,,,,1.8,0.3,23.7,9.5,,,,,,,,,,,,,,,2022,5,20,138,1,0,1,0
239,세종,2022-05-19,19.7,16.0,2356,24.3,1605,,,,,,,7.2,200,0952,3.3,200,0959,1.6,1381,200,2.2,18,1652,31.9,7.2,1006.7,1018.1,1021,1016.0,1644,1017.1,14.2,3.6,,,,,,,,,7.8,2.0,21.2,12.4,,,,,,,,,,,,,,,2022,5,20,139,1,0,0,0
239,세종,2022-05-20,19.6,13.0,0458,27.1,1600,,,,,,,4.6,20,1210,2.6,140,1121,1.2,1025,290,8.6,26,1618,50.9,11.3,1003.2,1016.9,0021,1010.4,1806,1013.6,14.3,10.4,,,,,,,,,4.3,1.0,24.3,11.0,,,,,,,,,,,,,,,2022,5,20,140,1,0,1,0
239,세종,2022-05-21,19.6,13.5,0523,26.8,1437,,,,,,,6.1,320,1508,4.0,320,1509,1.3,1154,290,12.2,39,1357,65.6,14.2,999.3,1012.4,0001,1006.8,1807,1009.6,14.3,12.1,,,,,,,,,1.8,0.9,25.1,11.2,,,,,,,,,,,,,,,2022,5,20,141,1,0,1,0
239,세종,2022-05-22,20.2,14.0,0547,28.0,1447,,,,,,,6.2,290,1538,3.3,180,1604,1.4,1249,200,13.8,45,1407,69.3,15.8,997.9,1010.1,2313,1006.1,1457,1008.2,14.3,12.5,,,,,,,,,1.3,0.9,25.8,12.0,,,,,,,,,,,,,,,2022,5,20,142,1,0,1,0
239,세종,2022-05-23,21.8,15.4,0537,29.8,1443,,,,,,,5.1,250,1159,2.8,180,1715,1.1,971,180,14.4,42,1444,65.3,16.4,1002.0,1015.6,2352,1010.1,0001,1012.3,14.3,11.8,,,,,,,,,4.5,1.4,26.8,13.3,,,,,,,,,,,,,,,2022,5,21,143,1,0,1,0
239,세종,2022-05-24,21.9,13.7,0528,30.0,1535,,,,,,,5.8,340,1240,3.8,320,1846,1.6,1368,340,10.4,24,1502,53.5,12.7,1003.6,1016.8,0744,1011.0,1707,1013.9,14.4,12.9,,,,,,,,,0.0,0.0,27.1,10.5,,,,,,,,,,,,,,,2022,5,21,144,1,0,1,0
239,세종,2022-05-25,21.0,14.3,0500,28.4,1302,,,,,,,5.4,290,1837,3.5,320,1839,1.3,1135,290,11.6,36,1303,57.3,13.7,998.6,1012.7,0041,1005.5,1626,1008.9,14.4,10.1,,,,,,,,,4.8,2.0,26.3,11.5,,,,,,,,,,,,,,,2022,5,21,145,1,0,1,0
239,세종,2022-05-26,18.5,12.2,0531,25.1,1559,2.4,21,4.9,12,,5.0,5.3,290,0111,3.0,320,0109,1.5,1318,290,8.5,22,1719,57.1,11.3,994.7,1007.4,0644,1002.4,1724,1005.1,14.4,12.8,,,,,,,,,1.5,0.1,24.0,12.0,,,,,,,,,,,,,,,2022,5,21,146,1,0,1,1
239,세종,2022-05-27,20.4,15.4,0018,26.6,1405,,,,,,,9.6,320,1501,5.5,340,1525,2.2,1893,290,9.6,29,1442,52.4,12.0,991.7,1005.2,2306,1000.4,1354,1001.9,14.4,12.2,,,,,,,,,1.8,0.1,25.5,12.3,,,,,,,,,,,,,,,2022,5,21,147,1,0,1,0
239,세종,2022-05-28,22.1,14.5,0230,29.1,1519,,,,,,,6.0,230,1438,3.2,250,1516,1.4,1192,200,8.3,19,1546,47.0,11.4,995.8,1008.0,2329,1004.1,0123,1006.0,14.4,12.8,,,,,,,,,3.9,0.5,26.1,12.7,,,,,,,,,,,,,,,2022,5,21,148,1,0,1,0
239,세종,2022-05-29,22.5,15.3,0502,29.2,1608,,,,,,,4.6,320,1616,2.8,320,2005,1.2,1009,290,12.2,31,1517,54.8,14.3,994.7,1007.7,0221,1001.7,1716,1005.0,14.5,12.6,,,,,,,,,4.5,1.5,29.2,12.2,,,,,,,,,,,,,,,2022,5,21,149,1,0,1,0
239,세종,2022-05-30,20.7,17.4,2356,26.0,1338,,,,,,,6.2,340,2306,3.8,320,2313,1.5,1325,320,13.5,51,1339,64.0,15.6,992.3,1005.6,2356,1000.4,1453,1002.5,14.5,0.7,,,,,,,,,7.0,5.5,24.8,13.1,,,,,,,,,,,,,,,2022,5,22,150,1,0,1,0
239,세종,2022-05-31,19.8,11.2,0528,27.7,1605,,,,,,,5.5,140,1424,3.5,160,1404,1.3,1132,200,5.8,21,1812,43.6,9.3,997.8,1009.7,2319,1005.6,0004,1008.2,14.5,12.6,,,,,,,,,1.8,0.5,26.8,7.5,,,,,,,,,,,,,,,2022,5,22,151,1,0,1,0
239,세종,2022-06-01,22.0,13.8,0547,30.3,1529,,,,,,,5.7,160,1312,3.6,340,0532,1.6,1380,320,4.5,12,1543,36.0,8.5,996.0,1010.0,0608,1002.7,1633,1006.2,14.5,13.1,,,,,,,,,1.1,0.6,28.4,11.1,,,,,,,,,,,,,,,2022,6,22,152,0,0,1,0
239,세종,2022-06-02,21.0,12.6,0408,29.1,1417,,,,,,,5.8,110,1627,3.3,160,1525,1.3,1136,290,12.6,37,1229,60.8,14.7,997.3,1009.6,2357,1005.9,1523,1007.6,14.5,13.0,,,,,,,,,0.1,0.0,28.8,10.2,,,,,,,,,,,,,,,2022,6,22,153,0,0,1,0
239,세종,2022-06-03,23.8,17.3,0317,31.6,1335,,,,,,,4.5,320,1526,2.8,320,1542,1.2,998,290,14.9,28,1428,61.8,17.0,999.2,1011.5,2344,1007.4,1627,1009.4,14.6,9.9,,,,,,,,,3.3,1.9,30.6,15.3,,,,,,,,,,,,,,,2022,6,22,154,0,0,1,0
239,세종,2022-06-04,24.4,19.0,0521,30.3,1445,,,,,,,4.6,110,0856,3.0,90,1759,1.9,1610,90,13.3,38,1445,50.9,15.3,999.4,1012.5,0340,1006.5,2339,1009.6,14.6,8.3,,,,,,,,,7.4,3.3,30.0,16.8,,,,,,,,,,,,,,,2022,6,22,155,0,0,1,0
239,세종,2022-06-05,18.6,16.6,1701,23.7,0016,0.5,1403,1.7,1403,,4.0,5.3,290,1934,3.7,340,1940,2.0,1700,90,13.8,45,0150,75.5,15.9,992.6,1007.0,0001,999.9,1921,1003.0,14.6,0.0,,,,,,,,,9.5,3.3,20.8,16.2,,,,,,,,,,,,,,,2022,6,22,156,0,0,0,1
239,세종,2022-06-06,18.9,16.1,0100,23.0,1633,0.4,1101,0.4,1011,,1.1,5.9,360,1729,3.6,90,1819,1.5,1298,50,14.4,56,1653,76.5,16.5,990.8,1005.3,2329,998.5,0403,1001.1,14.6,4.2,,,,,,,,,6.0,3.4,22.3,14.3,,,,,,,,,,,,,,,2022,6,23,157,0,0,0,1
239,세종,2022-06-07,17.0,14.1,0538,20.9,1205,0.2,,0.4,1511,,0.4,5.1,50,0009,3.0,160,1309,1.6,1349,90,12.4,57,0857,75.6,14.5,997.3,1010.5,2300,1005.1,0017,1007.7,14.6,1.9,,,,,,,,,5.5,,19.2,11.7,,,,,,,,,,,,,,,2022,6,23,158,0,0,0,1
239,세종,2022-06-08,19.9,14.5,0535,26.0,1536,,,,,,,3.9,90,0743,2.8,320,2129,1.5,1308,90,12.8,37,1540,66.0,14.8,1001.1,1013.1,2239,1009.4,1557,1011.5,14.6,5.8,,,,,,,,,5.9,4.8,26.2,12.6,,,,,,,,,,,,,,,2022,6,23,159,0,0,1,0
239,세종,2022-06-09,21.1,17.2,0401,27.2,1359,0.0,,0.0,,,0.0,5.1,320,1528,3.4,320,1534,1.3,1114,290,14.7,44,1400,68.4,16.8,1002.7,1014.5,0832,1011.2,1638,1013.0,14.6,5.4,,,,,,,,,6.5,4.0,26.1,16.6,,,,,,,,,,,,,,,2022,6,23,160,0,0,1,0
239,세종,2022-06-10,22.9,16.4,0434,29.1,1359,,,,,,,8.6,340,1951,5.1,340,1959,1.3,1145,320,14.9,41,1321,63.3,17.0,1003.0,1014.5,0622,1011.7,1736,1013.3,14.6,8.2,,,,,,,,,5.9,3.1,28.7,14.8,,,,,,,,,,,,,,,2022,6,23,161,0,0,1,0
239,세종,2022-06-11,23.8,17.5,0518,30.8,1351,,,,,,,5.5,360,1205,4.4,70,1845,1.7,1496,90,13.5,27,1341,55.4,15.6,1001.5,1013.9,0001,1008.6,1655,1011.7,14.6,9.4,,,,,,,,,5.5,4.5,31.8,14.5,,,,,,,,,,,,,,,2022,6,23,162,0,0,1,0
239,세종,2022-06-12,23.7,18.3,0443,29.5,1621,,,,,,,4.8,50,0926,3.2,70,0739,1.6,1349,90,14.3,40,1623,57.8,16.4,1001.9,1013.9,0659,1009.7,1716,1012.1,14.7,9.0,,,,,,,,,7.1,3.0,32.0,14.3,,,,,,,,,,,,,,,2022,6,23,163,0,0,1,0
239,세종,2022-06-13,22.9,19.3,0349,27.4,1545,,,,,,,7.3,50,1551,4.6,90,1912,3.0,2571,90,12.5,37,1723,54.1,14.7,998.9,1012.1,0001,1006.4,1611,1009.2,14.7,10.5,,,,,,,,,7.8,3.4,32.3,17.0,,,,,,,,,,,,,,,2022,6,24,164,0,0,1,0
239,세종,2022-06-14,18.1,15.7,2348,21.7,1053,0.7,1259,1.1,1225,,2.3,7.6,140,1219,5.4,90,1138,3.1,2677,90,12.6,55,1142,71.8,14.6,998.4,1010.0,0040,1007.6,2358,1008.7,14.7,0.4,,,,,,,,,7.6,2.5,20.4,15.8,,,,,,,,,,,,,,,2022,6,24,165,0,0,0,1
239,세종,2022-06-15,19.0,14.9,0348,25.4,1553,2.8,334,8.9,250,,20.3,5.9,160,1747,2.9,200,1753,1.3,1112,90,15.6,58,1515,82.3,17.8,996.1,1007.6,0001,1005.0,1557,1006.4,14.7,3.6,,,,,,,,,7.4,5.1,21.9,14.8,,,,,,,,,,,,,,,2022,6,24,166,0,0,1,1
239,세종,2022-06-16,20.8,17.5,0515,26.4,1527,,,,,,,4.2,160,1305,2.4,320,0941,1.2,1029,290,13.8,45,1528,65.8,15.8,997.9,1009.7,0846,1006.7,1757,1008.2,14.7,6.5,,,,,,,,,4.3,3.4,22.8,15.4,,,,,,,,,,,,,,,2022,6,24,167,0,0,1,0
239,세종,2022-06-17,22.3,16.1,0443,27.5,1529,,,,,,,3.6,320,1531,2.2,320,0923,0.8,679,320,17.2,56,1530,73.6,19.7,997.9,1010.2,0936,1005.7,1718,1008.1,14.7,5.0,,,,,,,,,6.6,4.5,24.4,14.4,,,,,,,,,,,,,,,2022,6,24,168,0,0,1,0
239,세종,2022-06-18,23.9,20.8,0527,28.2,1650,,,,,,,5.3,180,0854,2.6,160,0855,1.0,849,200,18.8,54,1650,74.0,21.7,997.3,1009.2,2248,1005.8,1616,1007.5,14.7,3.9,,,,,,,,,6.0,5.1,26.4,19.1,,,,,,,,,,,,,,,2022,6,24,169,0,0,1,0
239,세종,2022-06-19,24.3,20.3,0413,28.4,1533,,,,,,,3.9,320,2137,2.5,320,2145,0.9,808,320,19.1,59,1506,74.0,22.1,997.4,1009.1,0001,1005.5,1734,1007.5,14.7,0.9,,,,,,,,,5.9,4.1,30.1,18.9,,,,,,,,,,,,,,,2022,6,24,170,0,0,1,0
239,세종,2022-06-20,26.1,21.2,0500,32.3,1517,,,,,,,5.0,320,1944,3.7,340,1952,1.3,1125,270,19.5,47,1510,68.9,22.6,994.2,1007.1,0022,1001.7,1746,1004.3,14.7,7.1,,,,,,,,,4.0,2.6,34.3,19.6,,,,,,,,,,,,,,,2022,6,25,171,0,0,1,0
239,세종,2022-06-21,27.0,20.6,0515,35.1,1634,,,,,,,5.5,340,1813,3.9,340,1731,1.4,1217,320,19.2,35,1552,65.1,22.3,993.4,1006.4,2337,1001.1,1444,1003.5,14.7,12.4,,,,,,,,,1.3,0.4,37.7,19.2,,,,,,,,,,,,,,,2022,6,25,172,0,0,1,0
239,세종,2022-06-22,26.3,21.4,0226,33.2,1416,,,,,,,5.0,320,1327,3.0,290,1331,1.1,982,180,18.7,35,1605,65.8,21.5,997.0,1008.7,0802,1005.6,1643,1007.1,14.7,11.3,,,,,,,,,3.3,1.8,35.6,19.6,,,,,,,,,,,,,,,2022,6,25,173,0,0,1,0
239,세종,2022-06-23,24.2,20.7,0454,30.2,0934,2.5,1127,7.0,1942,,18.2,7.3,200,1730,3.6,180,1824,1.6,1343,160,21.9,60,0935,87.6,26.4,990.8,1006.7,0001,996.4,2359,1000.9,14.7,1.5,,,,,,,,,8.8,4.3,27.7,19.3,,,,,,,,,,,,,,,2022,6,25,174,0,0,1,1
239,세종,2022-06-24,24.0,22.3,0725,28.2,1539,2.7,249,4.9,216,,9.4,6.3,200,0056,3.3,230,1424,2.0,1766,180,20.3,60,1514,80.4,23.8,988.7,1002.5,2239,994.0,0307,998.8,14.7,6.5,,,,,,,,,6.1,5.0,26.3,20.4,,,,,,,,,,,,,,,2022,6,25,175,0,0,1,1
239,세종,2022-06-25,26.9,22.0,0240,32.7,1446,,,,,,,5.7,160,1336,3.2,160,1339,1.3,1154,160,21.3,52,1440,72.9,25.4,994.5,1007.5,2234,1002.3,0011,1004.6,14.7,8.3,,,,,,,,,2.8,1.9,28.5,20.0,,,,,,,,,,,,,,,2022,6,25,176,0,0,1,0
239,세종,2022-06-26,27.2,24.1,0545,30.5,1709,,,,,,,6.3,230,1325,3.4,160,1401,1.7,1484,180,21.7,63,1713,72.5,25.9,998.7,1011.4,2257,1006.3,0229,1008.8,14.7,4.5,,,,,,,,,7.9,4.6,29.8,22.5,,,,,,,,,,,,,,,2022,6,25,177,0,0,1,0
239,세종,2022-06-27,27.9,25.1,0655,30.3,1025,0.1,,0.1,,,0.1,8.1,160,1719,4.3,180,1421,2.0,1711,180,21.8,61,2311,70.0,26.2,997.5,1010.9,0001,1005.2,2015,1007.6,14.7,0.6,,,,,,,,,9.9,4.6,28.3,24.1,,,,,,,,,,,,,,,2022,6,26,178,0,0,1,1
239,세종,2022-06-28,29.1,27.3,0420,31.3,1312,,,,,,,8.7,160,1135,4.8,180,1626,2.9,2493,180,20.9,55,1646,61.8,24.7,993.9,1006.1,0004,1002.0,1659,1003.8,14.7,4.5,,,,,,,,,9.3,4.6,34.4,24.9,,,,,,,,,,,,,,,2022,6,26,179,0,0,1,0
239,세종,2022-06-29,26.2,24.1,0654,29.2,1453,6.9,633,17.7,625,,49.9,8.8,180,0151,4.7,180,0207,2.3,1948,180,22.8,61,0134,82.5,27.8,995.3,1008.2,2328,1002.3,0320,1005.4,14.7,0.2,,,,,,,,,9.6,3.8,27.3,23.5,,,,,,,,,,,,,,,2022,6,26,180,0,0,1,1
239,세종,2022-06-30,26.4,24.4,2354,30.4,1422,5.4,1227,5.5,1138,,12.8,6.7,250,0641,3.4,320,1230,1.7,1467,180,23.2,65,1204,83.4,28.4,1000.5,1013.4,2314,1008.2,0001,1010.7,14.7,6.6,,,,,,,,,7.4,3.4,29.0,23.6,,,,,,,,,,,,,,,2022,6,26,181,0,0,1,1
239,세종,2022-07-01,28.0,23.0,0448,33.1,1507,,,,,,,4.6,290,1244,2.7,290,1244,1.1,914,270,21.9,48,1448,71.8,26.3,1004.0,1014.9,0815,1012.7,1724,1014.1,14.7,12.4,,,,,,,,,4.5,2.5,33.5,21.4,,,,,,,,,,,,,,,2022,7,26,182,0,0,1,0
239,세종,2022-07-02,28.7,23.0,0445,34.0,1417,,,,,,,4.3,320,1637,2.9,320,1643,1.2,1017,320,22.2,44,1328,70.0,26.7,1002.2,1014.6,0002,1009.7,1805,1012.2,14.6,13.2,,,,,,,,,3.8,1.0,37.2,22.3,,,,,,,,,,,,,,,2022,7,26,183,0,0,1,0
239,세종,2022-07-03,27.6,22.3,2021,34.3,1513,18.4,1920,50.3,1904,,51.7,9.7,160,1911,6.8,160,1859,1.2,1004,270,22.1,45,1422,75.1,26.7,998.5,1011.1,0016,1006.3,1725,1008.5,14.6,11.4,,,,,,,,,6.5,3.5,36.6,21.4,,,,,,,,,,,,,,,2022,7,26,184,0,0,1,1
239,세종,2022-07-04,27.1,22.7,0004,33.4,1522,,,,,,,4.5,230,1647,2.7,200,1648,0.8,728,110,23.2,51,1516,81.0,28.4,995.3,1007.8,0032,1003.2,1607,1005.3,14.6,6.7,,,,,,,,,7.4,3.5,34.0,22.0,,,,,,,,,,,,,,,2022,7,27,185,0,0,1,0
239,세종,2022-07-05,27.6,23.8,0241,33.7,1643,,,,,,,3.4,250,1646,2.4,320,1148,0.8,729,250,23.9,57,1645,81.3,29.6,995.1,1007.2,2333,1003.5,1719,1005.2,14.6,4.0,,,,,,,,,8.0,4.6,34.5,24.2,,,,,,,,,,,,,,,2022,7,27,186,0,0,1,0
239,세종,2022-07-06,29.2,24.8,0508,34.6,1618,2.0,1851,2.0,1851,,2.0,5.2,70,1854,3.5,90,1900,1.1,948,110,23.8,49,1536,74.4,29.5,997.0,1008.4,0800,1005.2,1702,1007.0,14.6,7.6,,,,,,,,,7.3,3.5,35.8,25.1,,,,,,,,,,,,,,,2022,7,27,187,0,0,1,1
239,세종,2022-07-07,28.3,25.7,0435,33.0,1434,4.5,2326,7.9,2243,,9.5,7.5,140,1038,4.8,160,1038,1.7,1428,180,23.3,52,1119,75.6,28.6,995.9,1007.9,0201,1003.9,1705,1005.9,14.6,6.4,,,,,,,,,7.4,4.0,32.1,24.8,,,,,,,,,,,,,,,2022,7,27,188,0,0,1,1
239,세종,2022-07-08,26.9,23.3,2345,31.2,1302,0.1,,0.2,,,0.2,4.6,270,1312,3.0,250,1315,1.1,940,290,22.3,55,1551,77.0,27.0,992.8,1004.7,0001,1001.0,1754,1002.9,14.6,5.1,,,,,,,,,6.0,3.5,31.1,23.2,,,,,,,,,,,,,,,2022,7,27,189,0,0,1,1
239,세종,2022-07-09,25.7,21.9,0305,29.8,1413,,,,,,,3.1,250,1215,1.7,320,0830,0.7,639,290,22.0,63,1406,81.0,26.5,992.9,1004.8,2342,1001.7,1807,1003.0,14.6,1.5,,,,,,,,,5.9,3.1,28.9,22.5,,,,,,,,,,,,,,,2022,7,27,190,0,0,1,0
239,세종,2022-07-10,27.5,22.9,0544,33.9,1542,1.4,2216,2.1,2216,,2.4,4.3,200,2217,2.1,70,1327,0.8,680,290,23.0,52,1502,78.3,28.1,994.7,1006.5,0924,1002.8,1713,1004.8,14.5,7.0,,,,,,,,,6.0,2.6,34.2,23.0,,,,,,,,,,,,,,,2022,7,27,191,0,0,1,1
239,세종,2022-07-11,24.5,22.9,0819,27.6,1735,0.6,212,1.7,920,,3.8,3.6,320,0506,2.1,320,0511,0.8,712,360,22.5,74,1420,89.3,27.3,996.0,1008.0,2215,1004.8,0307,1006.1,14.5,1.7,,,,,,,,,7.3,3.5,27.3,23.8,,,,,,,,,,,,,,,2022,7,28,192,0,0,1,1
239,세종,2022-07-12,26.6,23.4,0108,29.9,1543,,,,,,,3.3,70,1340,1.9,70,0643,0.9,770,90,23.4,68,1407,83.5,28.7,997.3,1008.7,1040,1006.3,2330,1007.4,14.5,0.0,,,,,,,,,7.8,3.3,30.2,23.4,,,,,,,,,,,,,,,2022,7,28,193,0,0,1,0
239,세종,2022-07-13,24.9,23.9,0548,26.5,0032,3.7,1837,8.6,1802,,17.7,6.1,200,2348,3.6,160,0028,1.7,1441,90,22.5,75,0216,87.1,27.3,993.0,1007.3,0236,999.5,1746,1003.1,14.5,0.0,,,,,,,,,9.1,4.8,25.7,23.7,,,,,,,,,,,,,,,2022,7,28,194,0,0,1,1
239,세종,2022-07-14,26.0,23.1,2358,30.0,1500,0.2,,0.2,,,0.2,5.3,230,0019,2.8,160,0005,1.4,1186,180,22.6,66,1516,82.0,27.4,990.3,1001.9,2224,998.7,0257,1000.3,14.5,3.3,,,,,,,,,6.1,3.9,32.8,23.6,,,,,,,,,,,,,,,2022,7,28,195,0,0,1,1
239,세종,2022-07-15,25.4,21.3,0422,30.4,1447,,,,,,,4.3,290,1500,2.4,320,1722,1.1,925,290,20.4,50,1520,75.6,23.9,990.0,1002.0,0644,997.9,1721,1000.1,14.5,9.4,,,,,,,,,3.1,1.3,32.4,21.0,,,,,,,,,,,,,,,2022,7,28,196,0,0,1,0
239,세종,2022-07-16,25.5,21.1,0510,30.5,1331,,,,,,,5.2,290,1416,3.5,290,1651,1.3,1157,180,19.8,54,1425,72.3,23.1,988.8,1000.8,2147,997.4,1307,998.8,14.4,10.3,,,,,,,,,5.0,2.5,32.6,20.8,,,,,,,,,,,,,,,2022,7,28,197,0,0,1,0
239,세종,2022-07-17,25.4,20.6,0512,30.1,1423,,,,,,,4.8,270,1157,2.7,250,1233,1.1,911,270,20.6,54,1258,76.1,24.3,990.8,1002.6,2254,999.6,1723,1000.9,14.4,7.2,,,,,,,,,7.3,3.5,31.8,20.9,,,,,,,,,,,,,,,2022,7,28,198,0,0,1,0
239,세종,2022-07-18,22.3,21.1,0821,24.7,0001,6.1,803,27.5,753,,76.8,4.9,90,1308,3.2,90,1425,1.5,1283,90,21.3,83,0001,94.4,25.3,989.4,1001.8,0013,997.8,1653,999.6,14.4,0.0,,,,,,,,,8.0,6.1,23.6,21.1,,,,,,,,,,,,,,,2022,7,29,199,0,0,0,1
239,세종,2022-07-19,24.5,20.3,0631,30.7,1429,,,,,,,4.8,230,1506,2.8,230,1513,0.9,807,230,21.4,62,1448,84.0,25.5,992.9,1006.7,2319,999.6,0120,1003.0,14.4,5.3,,,,,,,,,7.1,5.3,30.6,19.7,,,,,,,,,,,,,,,2022,7,29,200,0,0,1,0
239,세종,2022-07-20,26.9,22.4,0529,32.2,1620,,,,,,,3.8,340,1422,2.5,320,1648,1.0,855,320,21.3,50,1608,73.6,25.4,996.0,1008.2,0826,1003.7,2346,1006.1,14.4,7.3,,,,,,,,,8.0,2.9,33.7,22.2,,,,,,,,,,,,,,,2022,7,29,201,0,0,1,0
239,세종,2022-07-21,23.6,22.5,1343,25.6,1050,1.9,157,7.1,244,,22.7,5.5,320,1259,3.6,320,1153,1.4,1198,290,21.4,71,1729,88.1,25.6,991.6,1005.4,2338,998.5,0926,1001.8,14.3,1.2,,,,,,,,,8.0,5.0,25.3,22.7,,,,,,,,,,,,,,,2022,7,29,202,0,0,1,1
239,세종,2022-07-22,24.9,21.6,0459,29.8,1517,,,,,,,4.7,320,0944,2.9,340,0953,1.3,1131,290,20.1,55,1239,75.9,23.6,995.8,1007.0,0833,1004.7,1515,1006.0,14.3,6.6,,,,,,,,,6.3,4.9,31.6,21.1,,,,,,,,,,,,,,,2022,7,29,203,0,0,1,0
239,세종,2022-07-23,24.2,21.1,0509,28.1,1234,7.2,2215,17.4,2214,,22.9,4.4,110,2054,2.4,160,2058,1.0,847,160,20.8,64,1230,82.5,24.6,994.7,1007.1,0215,1002.0,2141,1004.8,14.3,2.3,,,,,,,,,8.3,4.5,28.4,21.0,,,,,,,,,,,,,,,2022,7,29,204,0,0,1,1
239,세종,2022-07-24,24.1,22.3,0526,26.1,1430,0.9,1019,2.4,1016,,7.5,2.9,110,0319,2.3,90,0307,0.7,616,90,23.0,85,0951,94.0,28.2,992.4,1005.8,2355,1000.7,0448,1002.5,14.3,0.1,,,,,,,,,6.8,4.0,26.5,23.3,,,,,,,,,,,,,,,2022,7,29,205,0,0,1,1
239,세종,2022-07-25,26.7,23.4,0618,31.6,1636,,,,,,,4.3,340,1242,2.7,320,0930,1.1,969,320,22.2,53,1510,78.3,26.8,998.5,1010.0,2338,1005.8,0001,1008.6,14.2,8.7,,,,,,,,,3.0,2.4,32.7,23.7,,,,,,,,,,,,,,,2022,7,30,206,0,0,1,0
239,세종,2022-07-26,27.7,22.2,0506,33.4,1355,,,,,,,3.2,110,1150,2.0,290,1947,0.8,732,290,22.4,45,1652,75.4,27.2,999.2,1010.7,0725,1007.4,1748,1009.3,14.2,8.8,,,,,,,,,2.6,0.9,35.0,22.3,,,,,,,,,,,,,,,2022,7,30,207,0,0,1,0
239,세종,2022-07-27,27.5,24.7,0531,30.9,1654,,,,,,,6.5,110,1152,3.5,110,1152,2.0,1730,90,21.1,51,1733,69.5,25.1,999.5,1010.9,1030,1008.2,1720,1009.6,14.2,10.2,,,,,,,,,5.3,2.3,36.4,23.9,,,,,,,,,,,,,,,2022,7,30,208,0,0,1,0
239,세종,2022-07-28,27.0,23.4,0543,33.0,1341,2.0,1805,4.4,1721,,4.4,5.1,90,0836,3.3,140,1810,1.7,1444,90,22.7,56,1418,79.0,27.7,1000.7,1012.2,2314,1009.3,1539,1010.8,14.1,9.3,,,,,,,,,4.6,2.5,35.1,22.1,,,,,,,,,,,,,,,2022,7,30,209,0,0,1,1
239,세종,2022-07-29,29.7,24.3,0533,34.5,1555,,,,,,,4.7,70,1424,2.7,70,1218,1.5,1256,90,23.2,49,1539,70.3,28.5,1001.6,1013.3,0836,1009.4,1822,1011.7,14.1,11.3,,,,,,,,,3.3,0.8,37.0,24.0,,,,,,,,,,,,,,,2022,7,30,210,0,0,1,0
239,세종,2022-07-30,28.9,25.4,0536,32.5,1105,,,,,,,6.7,140,1129,4.1,70,1458,2.3,1944,90,22.7,58,1309,69.6,27.5,999.2,1011.5,0001,1007.4,1806,1009.2,14.1,5.9,,,,,,,,,6.5,1.1,34.2,24.3,,,,,,,,,,,,,,,2022,7,30,211,0,0,1,0
239,세종,2022-07-31,26.0,24.9,0620,28.0,0005,2.6,1802,5.3,1312,,17.7,4.6,70,1816,3.2,70,1748,1.5,1329,90,24.1,69,0030,89.5,30.0,995.8,1008.0,0108,1004.8,1903,1005.8,14.1,0.1,,,,,,,,,9.6,2.9,27.8,25.3,,,,,,,,,,,,,,,2022,7,30,212,0,0,1,1
239,세종,2022-08-01,27.4,24.8,0218,32.4,1438,0.6,653,1.1,607,,4.7,7.3,50,1514,4.5,90,1519,1.7,1450,90,24.5,61,1459,85.5,30.8,995.4,1006.8,1009,1003.6,1813,1005.4,14.0,3.0,,,,,,,,,8.1,2.8,32.4,25.7,,,,,,,,,,,,,,,2022,8,31,213,0,0,1,1
239,세종,2022-08-02,27.4,25.5,0248,31.0,1430,0.0,,0.0,,,0.0,6.2,250,1512,3.4,180,1304,1.5,1269,180,24.1,67,1431,82.8,30.0,999.1,1011.1,2145,1006.3,0001,1009.2,14.0,3.9,,,,,,,,,8.5,4.9,32.1,26.3,,,,,,,,,,,,,,,2022,8,31,214,0,0,1,0
239,세종,2022-08-03,28.6,25.6,2327,32.8,1459,0.3,726,0.4,726,,0.4,5.1,320,1244,2.9,290,1248,1.5,1254,180,24.3,61,1450,78.4,30.4,1000.4,1011.8,0730,1009.0,1738,1010.5,14.0,7.6,,,,,,,,,5.0,3.0,35.1,25.7,,,,,,,,,,,,,,,2022,8,31,215,0,0,1,1
239,세종,2022-08-04,28.3,24.7,0310,33.2,1445,,,,,,,4.5,360,1455,2.7,320,1149,1.0,848,270,24.4,59,1338,80.5,30.6,999.6,1011.6,0716,1007.8,1756,1009.6,14.0,6.9,,,,,,,,,5.0,3.3,34.3,24.9,,,,,,,,,,,,,,,2022,8,31,216,0,0,1,0
239,세종,2022-08-05,28.4,25.5,0238,32.6,1522,0.8,725,1.2,701,,1.4,4.3,230,1606,2.8,200,1506,0.8,709,160,24.9,64,1523,82.5,31.4,996.5,1008.6,0001,1004.0,1620,1006.5,13.9,6.9,,,,,,,,,5.3,3.5,33.1,25.7,,,,,,,,,,,,,,,2022,8,31,217,0,0,1,1
239,세종,2022-08-06,28.8,25.5,0517,33.4,1427,,,,,,,4.2,180,1053,2.4,180,1057,0.9,741,180,24.7,58,1242,79.1,31.0,996.3,1007.6,2358,1004.5,1717,1006.3,13.9,9.2,,,,,,,,,4.5,2.0,35.0,25.4,,,,,,,,,,,,,,,2022,8,31,218,0,0,1,0
239,세종,2022-08-07,29.0,26.0,0551,32.8,1336,,,,,,,4.6,200,1403,2.8,180,1354,1.1,924,200,24.8,64,1425,79.1,31.3,996.7,1007.7,0627,1005.6,1754,1006.7,13.8,5.5,,,,,,,,,7.0,3.9,33.4,26.3,,,,,,,,,,,,,,,2022,8,31,219,0,0,1,0
239,세종,2022-08-08,27.9,26.1,1644,29.5,1107,6.0,1630,7.3,1630,,7.3,6.5,230,0753,3.4,180,1119,2.0,1746,180,24.0,73,1055,79.4,29.8,997.3,1007.9,0648,1006.3,0256,1007.3,13.8,0.0,,,,,,,,,10.0,4.8,29.7,25.9,,,,,,,,,,,,,,,2022,8,32,220,0,0,1,1
239,세종,2022-08-09,27.4,25.4,0354,29.8,1605,0.6,354,2.1,322,,6.6,6.9,180,1444,3.3,180,2257,2.2,1916,180,23.7,70,1608,81.3,29.4,996.8,1008.2,0813,1005.4,1656,1006.8,13.8,0.5,,,,,,,,,10.0,,27.8,25.2,,,,,,,,,,,,,,,2022,8,32,221,0,0,1,1
239,세종,2022-08-10,24.7,23.0,1012,27.5,0001,13.8,1957,32.9,1947,,139.3,7.2,320,1959,4.7,320,2004,1.3,1165,320,23.8,78,0001,95.4,29.6,996.1,1007.4,1007,1004.6,0207,1006.2,13.8,0.0,,,,,,,,,10.0,5.3,26.1,23.6,,,,,,,,,,,,,,,2022,8,32,222,0,0,1,1
239,세종,2022-08-11,24.9,24.3,1356,26.2,0343,5.5,810,18.9,755,,65.8,6.9,200,0311,3.3,180,0737,1.8,1549,160,24.0,87,0345,94.8,29.7,994.5,1006.2,0001,1003.8,0527,1004.6,13.7,0.0,,,,,,,,,9.9,4.4,25.6,24.3,,,,,,,,,,,,,,,2022,8,32,223,0,0,1,1
239,세종,2022-08-12,26.8,23.4,0640,32.0,1536,0.0,,0.0,,,0.0,4.4,320,1155,2.9,320,1200,1.0,834,320,22.1,48,1232,77.5,26.6,996.1,1007.4,1019,1004.5,1616,1006.2,13.7,11.3,,,,,,,,,4.4,2.3,30.6,24.5,,,,,,,,,,,,,,,2022,8,32,224,0,0,1,0
239,세종,2022-08-13,25.3,23.4,0535,27.8,1145,2.4,2222,5.6,2216,,18.3,3.3,290,1437,2.4,320,1441,0.7,588,160,23.3,78,1054,88.8,28.5,995.9,1007.2,0739,1004.7,1643,1006.0,13.7,0.1,,,,,,,,,8.1,3.9,27.2,24.1,,,,,,,,,,,,,,,2022,8,32,225,0,0,1,1
239,세종,2022-08-14,26.7,24.4,0447,31.0,1519,3.7,59,6.0,102,,8.6,5.6,200,1116,2.7,160,1112,1.0,892,160,24.6,72,1514,88.5,30.9,995.9,1006.7,1003,1005.3,0320,1005.9,13.6,0.9,,,,,,,,,7.4,3.9,27.8,24.5,,,,,,,,,,,,,,,2022,8,32,226,0,0,1,1
239,세종,2022-08-15,28.2,24.6,2337,31.1,1443,22.8,2327,27.9,2251,,29.8,8.9,180,1923,4.0,180,1931,2.5,2192,180,23.7,68,1201,77.4,29.3,992.3,1005.9,0026,999.6,1803,1002.3,13.6,2.6,,,,,,,,,9.1,3.4,28.9,24.3,,,,,,,,,,,,,,,2022,8,33,227,0,0,1,1
239,세종,2022-08-16,25.8,23.7,0917,29.7,1458,0.5,459,0.7,445,,0.7,4.7,230,0025,2.5,200,0026,1.1,992,180,23.2,69,1522,86.5,28.5,993.9,1005.9,2242,1000.6,0140,1003.9,13.6,6.2,,,,,,,,,6.6,2.9,28.4,23.2,,,,,,,,,,,,,,,2022,8,33,228,0,0,1,1
239,세종,2022-08-17,24.8,21.6,2359,30.7,1316,6.9,417,7.4,415,,7.9,4.5,200,1452,2.7,340,1757,0.9,803,320,22.2,62,1317,86.1,26.9,996.0,1007.9,2302,1004.2,1607,1006.1,13.5,3.3,,,,,,,,,6.1,4.3,27.7,22.1,,,,,,,,,,,,,,,2022,8,33,229,0,0,1,1
239,세종,2022-08-18,24.4,19.1,0517,30.4,1443,,,,,,,3.3,290,1220,2.1,230,1318,0.8,693,270,20.0,49,1430,78.5,23.4,997.6,1009.0,0714,1006.8,1537,1007.8,13.5,7.1,,,,,,,,,3.9,2.0,28.7,17.6,,,,,,,,,,,,,,,2022,8,33,230,0,0,1,0
239,세종,2022-08-19,26.0,20.7,0258,29.7,1244,,,,,,,6.1,180,1945,3.0,180,2151,1.3,1136,180,22.7,70,0945,82.8,27.7,993.3,1007.3,0001,1000.7,1809,1003.4,13.5,2.3,,,,,,,,,8.8,5.6,27.3,19.2,,,,,,,,,,,,,,,2022,8,33,231,0,0,1,0
239,세종,2022-08-20,27.2,24.5,2312,31.5,1440,10.0,422,37.4,358,,41.0,5.8,250,0250,3.6,140,0347,1.2,1069,180,24.1,64,1346,84.1,30.1,992.1,1004.2,2225,1000.0,0346,1002.1,13.4,5.3,,,,,,,,,6.6,3.4,29.8,23.8,,,,,,,,,,,,,,,2022,8,33,232,0,0,1,1
239,세종,2022-08-21,27.0,23.4,0445,32.1,1440,,,,,,,4.1,70,1359,2.5,140,1521,1.2,1023,90,22.0,49,1443,76.4,26.5,994.8,1006.2,1023,1003.6,1657,1004.8,13.4,10.4,,,,,,,,,3.5,1.8,30.3,23.0,,,,,,,,,,,,,,,2022,8,33,233,0,0,1,0
239,세종,2022-08-22,26.8,23.0,0540,32.0,1416,,,,,,,3.9,230,1230,2.0,360,1030,0.8,727,180,22.2,56,1307,77.3,26.8,994.5,1005.9,0738,1003.2,1456,1004.5,13.3,6.5,,,,,,,,,7.8,3.4,29.8,22.4,,,,,,,,,,,,,,,2022,8,34,234,0,0,1,0
239,세종,2022-08-23,24.1,22.8,2322,25.4,0023,6.3,1309,22.7,1259,,33.2,2.2,160,1328,1.7,180,1733,0.7,587,180,22.8,82,0003,92.4,27.7,995.8,1007.5,2226,1004.6,0143,1005.9,13.3,0.1,,,,,,,,,8.3,5.5,26.1,23.5,,,,,,,,,,,,,,,2022,8,34,235,0,0,1,1
239,세종,2022-08-24,23.0,21.0,2309,25.9,1431,0.1,,0.3,216,,0.4,6.2,70,1039,4.3,70,1046,2.0,1737,90,18.6,60,1433,77.6,21.5,997.7,1009.7,0955,1006.8,1829,1007.9,13.3,2.5,,,,,,,,,7.4,4.1,26.0,20.0,,,,,,,,,,,,,,,2022,8,34,236,0,0,1,1
239,세종,2022-08-25,21.8,17.9,2341,28.3,1338,0.0,,0.0,,,0.0,5.9,340,1602,3.8,340,1546,1.1,909,200,17.8,53,1816,79.3,20.5,997.6,1009.4,2230,1005.9,1439,1007.9,13.2,2.0,,,,,,,,,9.3,4.0,25.4,17.8,,,,,,,,,,,,,,,2022,8,34,237,0,0,1,0
239,세종,2022-08-26,22.1,15.9,0541,27.9,1548,,,,,,,3.8,50,1331,2.1,160,1502,1.0,843,270,17.2,51,1549,75.8,19.7,997.5,1009.1,2307,1005.7,1453,1007.7,13.2,9.8,,,,,,,,,3.5,1.1,25.8,15.3,,,,,,,,,,,,,,,2022,8,34,238,0,0,1,0
239,세종,2022-08-27,20.9,16.4,2359,25.3,1411,,,,,,,6.4,320,1105,4.4,340,1108,1.8,1596,320,12.8,34,1113,63.5,15.1,1000.2,1013.4,2358,1008.1,0226,1010.5,13.2,9.0,,,,,,,,,4.6,1.4,25.3,14.5,,,,,,,,,,,,,,,2022,8,34,239,0,0,1,0
239,세종,2022-08-28,21.2,14.7,0551,27.8,1537,,,,,,,6.0,160,1312,3.3,90,1042,1.2,1008,90,14.2,35,1522,66.8,16.2,1004.2,1016.1,0805,1013.1,1701,1014.6,13.1,11.3,,,,,,,,,4.1,1.5,26.3,13.5,,,,,,,,,,,,,,,2022,8,34,240,0,0,1,0
239,세종,2022-08-29,19.5,16.8,2328,21.5,1015,0.7,1200,1.8,1114,,5.1,4.0,70,0935,2.9,70,0939,1.4,1202,90,15.5,60,0333,78.5,17.6,1005.4,1017.6,1128,1014.8,0253,1015.8,13.1,0.0,,,,,,,,,8.8,3.9,22.5,18.2,,,,,,,,,,,,,,,2022,8,35,241,0,0,0,1
239,세종,2022-08-30,19.0,16.8,0011,20.3,1638,2.3,1406,9.9,1333,,43.4,4.7,90,0441,2.4,50,0444,1.0,851,70,18.0,85,0123,94.4,20.7,1000.3,1015.9,0001,1007.6,2331,1010.7,13.1,0.0,,,,,,,,,8.9,7.6,21.0,18.1,,,,,,,,,,,,,,,2022,8,35,242,0,0,0,1
239,세종,2022-08-31,20.9,19.3,2330,23.6,1153,0.6,116,2.2,114,,7.1,3.2,320,1043,2.0,70,1203,0.8,709,320,19.1,76,1617,90.1,22.2,998.2,1011.1,2349,1006.8,0313,1008.5,13.0,0.0,,,,,,,,,8.0,5.9,22.6,17.7,,,,,,,,,,,,,,,2022,8,35,243,0,0,0,1
239,세종,2022-09-01,22.3,19.1,0108,28.2,1618,,,,,,,4.4,360,1150,3.0,360,1153,0.9,755,340,18.4,51,1720,80.1,21.1,1003.2,1015.7,2400,1010.8,0120,1013.5,13.0,6.1,,,,,,,,,7.8,4.0,25.1,17.8,,,,,,,,,,,,,,,2022,9,35,244,0,0,1,0
239,세종,2022-09-02,22.8,17.8,0618,27.7,1528,,,,,,,9.3,160,1207,5.0,90,1214,1.9,1632,90,16.8,51,1207,71.1,19.1,1005.3,1016.8,0815,1013.9,1511,1015.6,12.9,5.3,,,,,,,,,5.3,3.1,24.6,15.1,,,,,,,,,,,,,,,2022,9,35,245,0,0,1,0
239,세종,2022-09-03,23.3,20.7,0201,26.8,1303,,,,,,,7.5,140,1247,4.9,110,1252,3.0,2597,90,17.4,62,1221,70.0,19.9,1003.7,1015.8,0004,1012.7,1436,1013.9,12.9,3.4,,,,,,,,,7.3,4.6,24.8,17.9,,,,,,,,,,,,,,,2022,9,35,246,0,0,1,0
239,세종,2022-09-04,24.1,20.8,0631,27.4,1707,1.0,1927,1.0,1927,,2.6,5.4,90,0652,3.8,90,0023,1.7,1471,90,20.5,69,1233,80.9,24.2,999.3,1013.6,0001,1006.9,1503,1009.5,12.9,0.0,,,,,,,,,9.8,2.8,24.7,20.4,,,,,,,,,,,,,,,2022,9,35,247,0,0,1,1
239,세종,2022-09-05,22.3,18.3,2322,25.2,1419,2.8,1715,9.6,2202,,61.5,6.3,320,2350,4.0,340,2355,1.1,984,340,21.5,94,0001,95.5,25.9,994.1,1008.9,0002,998.4,2358,1004.3,12.8,0.0,,,,,,,,,10.0,7.4,24.4,18.4,,,,,,,,,,,,,,,2022,9,36,248,0,0,1,1
239,세종,2022-09-06,20.1,17.1,0459,25.5,1519,8.7,454,23.6,414,,72.2,12.1,340,0606,8.2,340,0545,2.6,2218,320,16.2,52,1630,79.6,18.5,994.9,1013.9,2352,994.7,0400,1005.1,12.8,5.7,,,,,,,,,5.5,3.1,22.7,15.0,,,,,,,,,,,,,,,2022,9,36,249,0,0,1,1
239,세종,2022-09-07,20.6,16.2,0412,27.7,1507,,,,,,,5.2,340,1625,3.5,320,1602,1.0,901,290,14.3,30,1634,71.3,16.6,1007.0,1018.9,2212,1014.0,0001,1017.3,12.8,6.9,,,,,,,,,4.1,3.3,23.6,13.8,,,,,,,,,,,,,,,2022,9,36,250,0,0,1,0
239,세종,2022-09-08,21.1,14.3,0612,29.2,1515,,,,,,,3.9,70,1355,2.2,70,1252,0.7,635,90,14.6,36,1448,69.6,16.6,1007.6,1019.9,0746,1015.7,1656,1018.0,12.7,10.6,,,,,,,,,2.6,0.6,24.5,12.4,,,,,,,,,,,,,,,2022,9,36,251,0,0,1,0
239,세종,2022-09-09,22.9,17.3,0629,28.7,1459,,,,,,,5.8,160,2306,3.3,70,1035,1.2,1062,90,14.9,40,1630,63.6,17.1,1007.0,1018.6,2359,1015.4,1658,1017.3,12.7,10.2,,,,,,,,,5.1,2.6,26.1,15.6,,,,,,,,,,,,,,,2022,9,36,252,0,0,1,0
239,세종,2022-09-10,22.1,18.8,0507,26.7,1347,,,,,,,6.3,70,1110,4.5,90,1122,2.1,1825,90,14.7,46,1336,63.6,16.7,1007.0,1018.8,0731,1015.9,1612,1017.4,12.6,5.1,,,,,,,,,8.6,5.0,25.1,15.9,,,,,,,,,,,,,,,2022,9,36,253,0,0,1,0
239,세종,2022-09-11,23.3,19.4,0644,28.3,1439,,,,,,,4.9,90,0957,3.4,70,0938,1.2,1071,90,16.9,51,1308,68.1,19.2,1004.3,1017.2,0001,1012.9,1616,1014.6,12.6,7.0,,,,,,,,,8.8,2.4,27.1,18.6,,,,,,,,,,,,,,,2022,9,36,254,0,0,1,0
239,세종,2022-09-12,23.0,20.7,0325,26.6,1302,0.3,127,0.9,119,,1.9,3.6,70,1729,2.2,110,1730,0.9,804,90,20.2,65,1633,85.4,23.7,1003.8,1014.8,0812,1012.9,1612,1014.1,12.6,0.6,,,,,,,,,9.9,2.6,25.0,20.8,,,,,,,,,,,,,,,2022,9,37,255,0,0,1,1
239,세종,2022-09-13,24.1,21.3,0628,27.1,1624,,,,,,,4.5,70,2336,3.1,90,2337,1.4,1171,90,19.3,61,1355,75.5,22.4,1005.0,1016.4,2107,1013.9,0123,1015.2,12.5,0.4,,,,,,,,,9.3,5.0,24.7,20.9,,,,,,,,,,,,,,,2022,9,37,256,0,0,1,0
239,세종,2022-09-14,24.7,21.6,0458,28.4,1223,,,,,,,8.3,70,1238,5.4,90,1232,3.0,2588,90,13.2,41,1726,49.4,15.3,1005.0,1016.5,0734,1013.3,1629,1015.2,12.5,4.7,,,,,,,,,8.5,3.0,24.3,18.6,,,,,,,,,,,,,,,2022,9,37,257,0,0,1,0
239,세종,2022-09-15,25.2,21.8,0638,29.3,1402,,,,,,,6.6,110,0854,4.6,90,0239,2.9,2494,90,17.6,51,1050,63.4,20.3,1000.8,1015.0,0004,1008.6,1754,1011.0,12.5,8.3,,,,,,,,,7.1,1.5,28.2,18.3,,,,,,,,,,,,,,,2022,9,37,258,0,0,1,0
239,세종,2022-09-16,25.2,21.5,0552,29.2,1433,0.1,,0.1,,,0.1,6.3,90,0104,4.5,90,0124,2.2,1913,90,19.9,60,1047,73.1,23.4,997.9,1009.3,0906,1006.4,1437,1008.1,12.4,4.3,,,,,,,,,7.4,5.9,29.2,19.9,,,,,,,,,,,,,,,2022,9,37,259,0,0,1,1
239,세종,2022-09-17,26.8,23.0,0534,32.7,1443,,,,,,,6.0,320,1656,3.5,340,1703,1.2,1003,110,21.7,50,1437,75.6,26.0,997.6,1009.5,0823,1005.6,1547,1007.7,12.4,8.1,,,,,,,,,7.4,4.4,33.3,21.5,,,,,,,,,,,,,,,2022,9,37,260,0,0,1,0
239,세종,2022-09-18,27.5,23.4,0614,32.6,1400,,,,,,,7.0,90,1757,3.6,360,2132,1.8,1585,50,21.5,55,1259,70.8,25.7,992.4,1007.3,0002,998.2,2351,1002.4,12.3,5.7,,,,,,,,,8.8,5.0,34.1,22.8,,,,,,,,,,,,,,,2022,9,37,261,0,0,1,0
239,세종,2022-09-19,24.4,18.8,2351,30.3,1318,,,,,,,10.2,290,1210,6.9,340,1118,3.2,2760,340,16.4,49,1320,61.8,18.9,990.3,1007.9,2358,996.4,0339,1000.4,12.3,7.2,,,,,,,,,5.1,0.9,28.4,14.8,,,,,,,,,,,,,,,2022,9,38,262,0,0,1,0
239,세종,2022-09-20,19.1,15.1,2327,24.6,1211,,,,,,,6.2,110,1026,3.8,90,1026,1.5,1319,90,11.2,36,1359,62.3,13.3,1002.8,1015.9,2234,1007.9,0001,1013.2,12.3,6.3,,,,,,,,,3.4,1.0,23.2,12.2,,,,,,,,,,,,,,,2022,9,38,263,0,0,0,0
239,세종,2022-09-21,18.5,13.2,0455,24.1,1459,,,,,,,6.6,50,1048,4.3,70,1050,1.5,1312,90,10.5,34,1430,62.9,12.8,1006.7,1018.9,0940,1015.7,1525,1017.2,12.2,10.2,,,,,,,,,0.3,0.1,26.6,9.4,,,,,,,,,,,,,,,2022,9,38,264,0,0,0,0
239,세종,2022-09-22,18.0,12.7,0613,23.8,1630,,,,,,,4.0,90,1235,2.8,90,0048,1.1,927,90,9.9,33,1304,61.5,12.3,1005.0,1017.9,0005,1013.1,1648,1015.5,12.2,9.0,,,,,,,,,7.5,2.0,24.3,8.9,,,,,,,,,,,,,,,2022,9,38,265,0,0,0,0
239,세종,2022-09-23,17.0,12.9,0651,23.7,1145,0.5,1255,0.5,1255,,0.5,6.3,320,1553,4.4,320,1517,1.4,1197,290,11.1,47,1514,69.5,13.3,1003.3,1016.6,2337,1011.3,1241,1013.8,12.1,8.2,,,,,,,,,4.4,0.9,22.6,9.3,,,,,,,,,,,,,,,2022,9,38,266,0,0,0,1
239,세종,2022-09-24,17.1,10.6,0553,23.9,1526,,,,,,,7.5,340,1132,5.1,320,1139,1.4,1207,340,9.1,31,1334,62.4,11.6,1006.8,1019.0,0913,1015.7,1616,1017.3,12.1,9.4,,,,,,,,,5.1,3.0,22.9,7.5,,,,,,,,,,,,,,,2022,9,38,267,0,0,0,0
239,세종,2022-09-25,17.9,14.0,0614,24.8,1434,,,,,,,3.8,340,1627,2.7,320,1632,0.8,664,290,11.1,41,1456,66.9,13.3,1006.1,1018.3,0932,1015.0,1451,1016.6,12.1,4.3,,,,,,,,,8.6,3.6,22.2,12.5,,,,,,,,,,,,,,,2022,9,38,268,0,0,0,0
239,세종,2022-09-26,18.7,14.5,0542,25.6,1539,,,,,,,3.9,340,1239,2.5,360,1234,0.8,697,50,11.3,33,1511,65.8,13.5,1006.4,1018.5,0935,1015.3,1537,1016.9,12.0,5.8,,,,,,,,,8.2,,25.9,12.0,,,,,,,,,,,,,,,2022,9,39,269,0,0,1,0
239,세종,2022-09-27,19.0,12.1,0632,27.5,1552,,,,,,,4.1,90,1623,2.6,90,1429,0.8,649,110,11.5,26,1624,65.6,13.5,1005.2,1017.5,0104,1013.2,1551,1015.7,12.0,10.0,,,,,,,,,0.3,,26.3,9.2,,,,,,,,,,,,,,,2022,9,39,270,0,0,1,0
239,세종,2022-09-28,18.9,14.1,0546,25.3,1450,,,,,,,2.8,290,1501,1.8,290,1506,0.6,502,290,14.4,51,1502,76.8,16.4,1003.6,1015.4,0104,1012.4,1553,1014.1,11.9,4.2,,,,,,,,,4.6,1.1,25.2,11.1,,,,,,,,,,,,,,,2022,9,39,271,0,0,1,0
239,세종,2022-09-29,,15.1,0250,,,,,,,,,2.6,70,1014,1.7,90,1021,0.5,,,,,,,,,1016.5,2335,,,,11.9,,,,,,,,,,3.9,,,11.3,,,,,,,,,,,,,,,2022,9,39,272,0,0,0,0
239,세종,2022-09-30,,12.9,0533,27.8,1458,,,,,,,2.8,320,1407,1.7,320,1356,0.5,403,110,,26,1459,,,,1017.9,0713,1014.4,1659,,11.9,3.9,,,,,,,,,2.8,,22.8,9.5,,,,,,,,,,,,,,,2022,9,39,273,0,0,1,0
239,세종,2022-10-01,19.1,12.4,0625,27.5,1511,,,,,,,2.4,340,1314,1.6,90,1014,0.6,500,180,12.7,36,1514,70.1,14.8,1007.4,1019.8,0931,1016.4,1540,1017.9,11.8,6.3,,,,,,,,,6.3,3.1,25.3,9.1,,,,,,,,,,,,,,,2022,10,39,274,0,0,1,0
239,세종,2022-10-02,20.6,16.6,0059,28.1,1256,0.6,2034,1.6,2000,,1.6,3.5,110,1452,2.4,90,1635,1.0,825,90,15.0,43,1311,72.5,17.1,1006.0,1019.0,0836,1013.5,1718,1016.3,11.8,2.9,,,,,,,,,9.3,4.0,22.5,12.9,,,,,,,,,,,,,,,2022,10,39,275,0,0,1,1
239,세종,2022-10-03,23.1,18.2,0148,25.8,1308,4.6,242,8.8,220,,24.0,7.5,200,2334,3.8,180,1149,1.7,1439,160,20.2,74,1306,84.5,23.7,1002.9,1015.4,0831,1010.1,2359,1013.2,11.8,1.0,,,,,,,,,8.9,3.4,22.8,18.3,,,,,,,,,,,,,,,2022,10,40,276,0,0,1,1
239,세종,2022-10-04,19.6,14.9,2354,24.5,0215,9.0,340,24.7,340,,45.5,8.4,160,0252,4.5,180,0223,1.9,1637,290,15.9,61,1531,80.4,18.5,1002.5,1018.4,2400,1007.1,0321,1013.0,11.7,3.6,,,,,,,,,9.1,5.1,23.4,16.1,,,,,,,,,,,,,,,2022,10,40,277,0,0,0,1
239,세종,2022-10-05,15.6,13.0,0428,21.1,1302,,,,,,,4.1,180,1447,2.6,140,1447,1.0,863,290,10.2,48,1452,71.3,12.4,1009.2,1021.3,0944,1017.4,1547,1019.8,11.7,5.7,,,,,,,,,6.8,3.8,22.6,12.2,,,,,,,,,,,,,,,2022,10,40,278,0,0,0,0
239,세종,2022-10-06,15.7,13.1,0337,20.9,1338,0.3,238,1.0,239,,1.5,3.4,270,1841,2.2,290,0257,0.9,758,270,12.0,51,1336,80.0,14.0,1008.4,1021.4,0022,1016.6,1523,1019.0,11.6,2.7,,,,,,,,,9.0,3.0,19.3,13.8,,,,,,,,,,,,,,,2022,10,40,279,0,0,0,1
239,세종,2022-10-07,14.8,11.5,2352,18.8,1329,,,,,,,6.7,360,1011,4.4,340,1106,1.8,1572,290,8.5,46,1415,67.0,11.1,1009.2,1023.6,2359,1017.7,0343,1019.9,11.6,8.2,,,,,,,,,5.4,2.9,18.8,8.6,,,,,,,,,,,,,,,2022,10,40,280,0,0,0,0
239,세종,2022-10-08,15.7,9.7,0455,20.6,1434,,,,,,,5.8,90,1003,3.8,90,1010,1.7,1489,90,7.9,39,1606,62.5,10.7,1013.0,1025.5,0916,1021.2,1756,1023.6,11.6,9.2,,,,,,,,,2.0,1.5,19.9,5.8,,,,,,,,,,,,,,,2022,10,40,281,0,0,0,0
239,세종,2022-10-09,12.8,10.7,2317,15.0,0006,1.4,1856,4.7,1829,,22.3,4.3,320,1903,2.8,320,1904,1.0,897,90,10.1,60,0006,84.6,12.4,1007.7,1024.1,0005,1014.3,1821,1018.4,11.5,0.0,,,,,,,,,9.8,4.3,14.9,9.9,,,,,,,,,,,,,,,2022,10,40,282,0,0,0,1
239,세종,2022-10-10,10.2,7.7,1609,13.4,1109,2.6,1603,2.8,1559,,5.8,9.3,340,1603,5.1,320,1609,1.9,1608,290,5.5,46,1126,74.1,9.1,1004.8,1017.9,2341,1013.5,1548,1015.7,11.5,4.6,,,,,,,,,5.8,2.1,15.5,7.0,,,,,,,,,,,,,,,2022,10,41,283,0,0,0,1
239,세종,2022-10-11,11.4,7.8,2348,17.3,1412,,,,,,,5.6,320,1211,3.9,340,1426,1.6,1348,320,5.7,39,1517,70.3,9.2,1011.2,1025.2,2352,1017.8,0001,1022.0,11.4,8.8,,,,,,,,,1.9,0.6,16.9,4.6,,,,,,,,,,,,,,,2022,10,41,284,0,0,0,0
239,세종,2022-10-12,11.8,4.9,0504,20.1,1538,,,,,,,3.9,20,1055,2.2,70,1136,0.7,617,70,7.8,46,1554,79.8,10.6,1015.8,1028.0,0937,1025.1,0015,1026.6,11.4,5.7,,,,,,,,,3.4,2.5,16.2,2.2,,,,,,,,,,,,,,,2022,10,41,285,0,0,0,0
239,세종,2022-10-13,15.0,9.2,0419,22.1,1528,,,,,,,4.3,70,1339,2.9,320,0627,0.8,671,340,10.1,46,1414,75.4,12.4,1014.0,1028.1,0025,1021.9,1745,1024.7,11.4,9.4,,,,,,,,,2.3,1.5,18.9,5.6,,,,,,,,,,,,,,,2022,10,41,286,0,0,0,0
239,세종,2022-10-14,15.4,10.6,0402,22.4,1359,,,,,,,3.4,110,1331,2.1,90,1212,0.8,674,70,10.9,46,1403,76.4,13.0,1009.5,1022.8,0108,1018.0,1437,1020.2,11.3,5.5,,,,,,,,,7.4,3.4,17.9,7.2,,,,,,,,,,,,,,,2022,10,41,287,0,0,0,0
239,세종,2022-10-15,18.0,12.8,0710,24.5,1350,,,,,,,3.1,70,1414,2.0,90,1148,0.6,507,110,12.5,41,1420,72.8,14.5,1008.3,1020.6,0916,1017.1,1440,1018.8,11.3,7.3,,,,,,,,,7.3,4.4,20.3,9.3,,,,,,,,,,,,,,,2022,10,41,288,0,0,0,0
239,세종,2022-10-16,17.3,14.4,0604,22.1,1304,,,,,,,4.1,340,1515,2.6,290,1829,0.9,782,320,13.6,61,1453,79.6,15.6,1007.7,1019.6,0854,1016.9,1745,1018.3,11.3,0.7,,,,,,,,,8.5,4.5,19.3,11.2,,,,,,,,,,,,,,,2022,10,41,289,0,0,0,0
239,세종,2022-10-17,12.3,7.5,2346,15.3,0020,,,,,,,7.7,320,1342,5.0,320,1347,2.5,2135,320,1.2,17,1350,49.8,7.1,1009.2,1022.3,2233,1017.8,0005,1020.0,11.2,6.5,,,,,,,,,3.0,1.1,15.7,4.6,,,,,,,,,,,,,,,2022,10,42,290,0,0,0,0
239,세종,2022-10-18,7.8,2.2,0616,14.2,1513,,,,,,,7.0,320,0945,4.5,340,1547,1.7,1471,320,-0.4,28,1248,60.8,6.0,1012.4,1024.7,2321,1022.0,1505,1023.4,11.2,9.5,,,,,,,,,0.0,0.0,13.4,-0.3,,,,,,,,,,,,,,,2022,10,42,291,0,0,0,0
239,세종,2022-10-19,8.7,1.4,0714,16.6,1335,,,,,,,6.8,340,1310,3.4,340,1324,1.1,921,320,0.8,27,1505,62.9,6.5,1015.6,1028.4,2309,1024.5,0001,1026.6,11.1,9.5,,,,,,,,,0.0,0.0,13.1,-1.5,,,,,,,,,,,,,,,2022,10,42,292,0,0,0,0
239,세종,2022-10-20,10.3,3.1,0649,19.2,1446,,,,,,,3.1,90,1333,2.1,90,1314,0.7,580,180,4.0,34,1444,69.8,8.2,1017.1,1030.7,0824,1026.0,1454,1028.1,11.1,7.5,,,,,,,,,4.0,3.3,13.7,-0.8,,,,,,,,,,,,,,,2022,10,42,293,0,0,0,0
239,세종,2022-10-21,11.8,6.0,0658,18.9,1350,,,,,,,3.5,140,1330,2.2,160,1334,0.6,536,110,6.4,39,1619,71.5,9.6,1014.1,1027.2,0926,1023.1,1459,1025.0,11.1,4.3,,,,,,,,,8.6,5.1,13.5,1.7,,,,,,,,,,,,,,,2022,10,42,294,0,0,0,0
239,세종,2022-10-22,13.9,8.1,0530,21.5,1438,,,,,,,4.2,360,1150,2.9,340,1353,0.9,788,320,8.6,33,1339,73.3,11.2,1010.6,1023.8,0001,1018.9,1634,1021.3,11.0,9.2,,,,,,,,,3.1,2.5,17.0,4.0,,,,,,,,,,,,,,,2022,10,42,295,0,0,0,0
239,세종,2022-10-23,13.4,9.8,0657,19.4,1252,,,,,,,6.8,320,1507,4.2,320,1531,1.6,1412,290,5.5,35,1530,63.0,9.5,1008.4,1020.9,2249,1017.3,1429,1019.1,11.0,6.7,,,,,,,,,2.8,2.1,16.2,5.4,,,,,,,,,,,,,,,2022,10,42,296,0,0,0,0
239,세종,2022-10-24,9.3,4.9,0640,15.1,1328,,,,,,,8.2,340,1038,5.3,340,1044,1.7,1444,320,0.0,23,1444,56.1,6.3,1010.9,1025.2,2354,1020.0,0509,1021.8,11.0,9.0,,,,,,,,,1.8,1.4,13.1,0.4,,,,,,,,,,,,,,,2022,10,43,297,0,0,0,0
239,세종,2022-10-25,9.5,3.2,0635,16.3,1520,,,,,,,4.4,340,1458,2.4,360,1503,0.7,570,110,2.2,34,1523,62.9,7.2,1017.1,1030.0,0940,1025.2,0001,1028.1,10.9,9.2,,,,,,,,,0.4,0.0,12.7,-1.7,,,,,,,,,,,,,,,2022,10,43,298,0,0,0,0
239,세종,2022-10-26,11.0,4.6,0633,18.2,1328,,,,,,,3.6,320,1346,2.2,320,1351,0.6,483,90,3.4,29,1415,63.5,7.9,1016.9,1030.1,0909,1025.7,1711,1027.8,10.9,8.7,,,,,,,,,4.1,1.5,13.6,-0.4,,,,,,,,,,,,,,,2022,10,43,299,0,0,0,0
239,세종,2022-10-27,12.6,6.2,0642,20.3,1501,,,,,,,6.2,320,1517,4.2,320,1427,1.0,826,320,5.6,34,1511,66.1,9.1,1015.0,1027.2,0929,1023.7,1452,1025.8,10.8,9.1,,,,,,,,,1.1,0.0,16.1,1.4,,,,,,,,,,,,,,,2022,10,43,300,0,0,0,0
239,세종,2022-10-28,13.5,8.9,0056,19.9,1413,,,,,,,3.1,140,1202,1.8,90,0935,0.7,625,70,8.0,42,1543,71.6,10.7,1015.2,1027.5,0846,1023.9,1649,1026.0,10.8,6.4,,,,,,,,,9.7,3.4,16.3,4.1,,,,,,,,,,,,,,,2022,10,43,301,0,0,0,0
239,세종,2022-10-29,13.6,8.3,0628,20.7,1359,,,,,,,3.0,160,1105,1.9,70,1200,0.5,472,70,7.5,38,1415,69.9,10.4,1015.4,1028.0,0838,1024.2,1533,1026.1,10.8,8.5,,,,,,,,,,1.0,15.1,2.7,,,,,,,,,,,,,,,2022,10,43,302,0,0,0,0
239,세종,2022-10-30,13.8,8.3,0616,20.7,1329,,,,,,,3.2,70,1208,2.2,70,2254,0.7,611,90,7.3,38,1408,67.6,10.2,1014.6,1027.1,0807,1023.4,1504,1025.4,10.7,7.9,,,,,,,,,,1.0,14.9,3.4,,,,,,,,,,,,,,,2022,10,43,303,0,0,0,0
239,세종,2022-10-31,13.9,9.6,0643,20.0,1338,,,,,,,4.9,180,1225,2.8,160,1228,0.8,699,90,6.6,37,1505,64.1,9.7,1013.4,1026.2,0748,1022.2,1450,1024.2,10.7,8.0,,,,,,,,,4.1,1.6,18.2,4.4,,,,,,,,,,,,,,,2022,10,44,304,0,0,0,0
239,세종,2022-11-01,12.8,8.4,0635,19.2,1539,,,,,,,4.8,340,1548,3.0,340,1554,1.0,888,320,8.1,46,1557,74.6,10.8,1011.5,1024.1,0856,1020.2,1605,1022.3,10.7,6.1,,,,,,,,,3.8,2.3,15.5,3.3,,,,,,,,,,,,,,,2022,11,44,305,0,0,0,0
239,세종,2022-11-02,10.0,4.6,0708,19.0,1416,,,,,,,3.2,20,1359,2.0,290,1726,0.8,653,70,2.7,12,1339,66.3,7.6,1010.3,1023.8,0902,1018.9,1537,1021.2,10.6,7.2,,,,,,,,,2.9,2.1,12.9,-0.7,,,,,,,,,,,,,,,2022,11,44,306,0,0,0,0
239,세종,2022-11-03,9.3,3.7,0545,16.4,1402,,,,,,,6.5,360,1618,4.3,340,1639,1.1,953,320,1.4,24,1243,60.6,6.8,1009.1,1021.2,0939,1018.4,1440,1020.0,10.6,2.0,,,,,,,,,7.7,6.0,11.1,-0.3,,,,,,,,,,,,,,,2022,11,44,307,0,0,0,0
239,세종,2022-11-04,5.7,1.3,2400,10.5,1257,,,,,,,7.3,320,1422,5.2,340,1514,1.8,1528,290,-5.7,19,1328,47.0,4.2,1012.7,1025.8,2341,1021.1,0001,1023.8,10.6,8.9,,,,,,,,,0.9,0.3,9.7,-4.9,,,,,,,,,,,,,,,2022,11,44,308,0,0,0,0
239,세종,2022-11-05,5.9,-1.8,0648,14.5,1452,,,,,,,3.9,340,1527,2.6,90,1216,0.8,690,70,-3.0,24,1530,57.0,4.9,1014.7,1027.7,0932,1023.9,1514,1025.8,10.5,8.8,,,,,,,,,0.0,0.0,8.7,-6.7,,,,,,,,,,,,,,,2022,11,44,309,0,0,0,0
239,세종,2022-11-06,8.1,1.2,0636,16.6,1528,,,,,,,4.2,320,1446,2.1,50,1351,0.5,403,70,1.4,36,1518,65.8,6.8,1014.0,1027.3,0855,1022.5,1639,1025.1,10.5,8.4,,,,,,,,,2.6,1.6,10.2,-3.1,,,,,,,,,,,,,,,2022,11,44,310,0,0,0,0
239,세종,2022-11-07,9.3,2.4,0718,16.9,1419,,,,,,,2.5,90,1312,1.7,90,1144,0.5,403,70,1.6,25,1535,63.3,6.9,1012.7,1025.6,0922,1021.2,1449,1023.6,10.5,5.1,,,,,,,,,3.1,2.1,10.6,-1.9,,,,,,,,,,,,,,,2022,11,45,311,0,0,0,0
239,세종,2022-11-08,11.9,6.3,0712,18.9,1255,,,,,,,3.2,90,1256,2.1,90,1326,0.7,604,90,5.0,42,1526,65.0,8.8,1014.2,1026.5,0914,1023.4,1455,1025.0,10.4,7.4,,,,,,,,,3.6,2.0,12.2,1.4,,,,,,,,,,,,,,,2022,11,45,312,0,0,0,0
239,세종,2022-11-09,9.6,5.4,0319,16.3,1512,,,,,,,2.9,320,1541,1.8,360,1332,0.6,485,290,5.9,47,1434,80.0,9.3,1014.9,1027.8,0848,1024.1,1513,1025.9,10.4,3.7,,,,,,,,,8.1,5.4,11.6,0.8,,,,,,,,,,,,,,,2022,11,45,313,0,0,0,0
239,세종,2022-11-10,11.3,5.1,0651,18.7,1521,,,,,,,3.0,320,1238,2.0,360,1240,0.5,403,70,5.6,38,1512,70.9,9.1,1014.2,1026.5,0844,1023.0,1439,1025.0,10.4,8.1,,,,,,,,,3.8,1.3,12.3,0.4,,,,,,,,,,,,,,,2022,11,45,314,0,0,0,0
239,세종,2022-11-11,13.9,7.7,0720,22.0,1506,,,,,,,2.7,20,1355,1.7,70,1125,0.5,395,180,6.3,33,1455,63.8,9.6,1014.4,1027.4,0920,1023.5,1451,1025.2,10.4,8.3,,,,,,,,,2.6,1.6,14.3,2.4,,,,,,,,,,,,,,,2022,11,45,315,0,0,0,0
239,세종,2022-11-12,17.6,9.8,0419,24.3,1500,,,,,,4.4,8.8,200,2116,3.8,160,2159,1.3,1086,160,11.1,43,1333,68.4,13.5,1005.7,1024.3,0035,1008.9,2314,1016.2,10.3,3.9,,,,,,,,,6.8,2.0,18.0,4.5,,,,,,,,,,,,,,,2022,11,45,316,0,0,0,1
239,세종,2022-11-13,11.0,9.3,2359,18.9,0037,,,,,,1.5,6.2,290,0306,3.5,320,0313,1.4,1227,290,7.2,69,1540,77.9,10.3,1005.2,1020.3,2247,1008.9,0002,1016.0,10.3,0.0,,,,,,,,,8.4,6.6,12.5,9.3,,,,,,,,,,,,,,,2022,11,45,317,0,0,0,1
239,세종,2022-11-14,9.2,5.1,2337,15.1,1442,,,,,,,5.5,320,1622,3.5,320,1628,1.1,933,290,4.2,47,1548,72.1,8.3,1007.7,1020.4,0242,1016.0,1507,1018.6,10.3,3.1,,,,,,,,,6.6,2.6,11.3,0.5,,,,,,,,,,,,,,,2022,11,46,318,0,0,0,0
239,세종,2022-11-15,7.8,1.7,0719,14.2,1442,,,,,,2.4,6.8,340,2245,4.3,320,2252,1.0,824,290,2.5,42,1615,71.8,7.3,1007.0,1019.4,2258,1015.8,1443,1018.0,10.2,6.0,,,,,,,,,3.4,1.5,9.6,-2.1,,,,,,,,,,,,,,,2022,11,46,319,0,0,0,1
239,세종,2022-11-16,8.5,4.4,2356,15.3,1349,,,,,,0.4,6.0,250,1319,3.5,340,1539,1.1,910,320,1.9,27,1521,68.3,7.3,1009.9,1023.3,2126,1017.9,0119,1020.9,10.2,5.3,,,,,,,,,3.3,2.1,9.7,-0.6,,,,,,,,,,,,,,,2022,11,46,320,0,0,0,1
239,세종,2022-11-17,9.1,4.0,0502,15.9,1456,,,,,,,4.4,90,1349,2.2,70,1316,0.6,539,90,1.3,37,1520,61.0,6.8,1013.3,1026.0,2235,1022.5,1509,1024.3,10.2,7.8,,,,,,,,,3.0,1.5,10.6,-0.6,,,,,,,,,,,,,,,2022,11,46,321,0,0,0,0
239,세종,2022-11-18,9.1,2.5,0709,17.7,1515,,,,,,,3.9,360,1414,2.8,360,1417,0.6,515,50,0.4,21,1431,59.9,6.4,1015.3,1028.6,0909,1024.3,1459,1026.3,10.2,8.3,,,,,,,,,0.3,0.0,10.2,-2.6,,,,,,,,,,,,,,,2022,11,46,322,0,0,0,0
239,세종,2022-11-19,11.3,4.3,0404,19.0,1410,,,,,,,3.8,70,1513,2.6,70,1513,0.6,499,90,3.1,32,1522,60.0,7.7,1011.7,1025.9,0236,1019.5,1528,1022.6,10.1,8.0,,,,,,,,,3.8,1.0,11.9,-2.4,,,,,,,,,,,,,,,2022,11,46,323,0,0,0,0
239,세종,2022-11-20,12.6,9.2,2330,18.9,1454,,,,,,,3.4,340,1428,2.1,340,1437,0.5,399,70,5.6,36,1509,64.0,9.1,1009.2,1021.4,0930,1017.9,1448,1020.0,10.1,2.7,,,,,,,,,5.0,5.0,12.7,2.5,,,,,,,,,,,,,,,2022,11,46,324,0,0,0,0
239,세종,2022-11-21,11.7,5.7,0722,19.7,1331,,,,,,,3.8,360,1458,2.5,20,1434,0.7,609,70,4.5,31,1322,65.0,8.5,1010.8,1023.3,2321,1019.4,1403,1021.6,10.1,8.0,,,,,,,,,3.9,0.4,12.2,0.2,,,,,,,,,,,,,,,2022,11,47,325,0,0,0,0
239,세종,2022-11-22,10.5,8.1,0638,13.5,1302,,,,,,0.4,2.4,20,1316,1.8,340,1424,0.5,437,320,7.1,61,1329,80.6,10.2,1009.8,1023.5,0312,1017.5,2353,1020.7,10.0,0.4,,,,,,,,,9.3,5.9,10.5,4.2,,,,,,,,,,,,,,,2022,11,47,326,0,0,0,1
239,세종,2022-11-23,10.5,5.5,2350,16.6,1334,,,,,,,6.9,340,1433,4.3,340,1441,1.2,1059,320,2.2,24,1618,60.3,7.5,1007.1,1020.3,2342,1016.4,1313,1018.0,10.0,6.4,,,,,,,,,3.5,1.6,11.2,-1.4,,,,,,,,,,,,,,,2022,11,47,327,0,0,0,0
239,세종,2022-11-24,8.1,2.6,0720,14.7,1458,,,,,,,2.9,340,0643,2.2,320,0647,0.5,440,90,1.3,41,1500,64.3,6.8,1010.6,1023.1,2355,1019.5,1458,1021.6,10.0,5.4,,,,,,,,,4.6,1.5,9.5,-1.5,,,,,,,,,,,,,,,2022,11,47,328,0,0,0,0
239,세종,2022-11-25,9.4,2.3,0716,17.3,1336,,,,,,,5.4,200,1412,3.0,160,1412,0.7,614,180,1.6,27,1331,63.0,6.9,1007.8,1023.1,0001,1015.3,1603,1018.7,10.0,7.6,,,,,,,,,3.3,0.0,9.4,-3.2,,,,,,,,,,,,,,,2022,11,47,329,0,0,0,0
239,세종,2022-11-26,8.5,1.6,2330,14.1,1300,,,,,,,7.2,320,1214,5.0,340,1216,1.9,1606,320,-1.9,19,1650,52.0,5.9,1007.7,1021.8,2229,1015.0,0327,1018.6,10.0,7.9,,,,,,,,,1.3,0.9,10.4,-4.3,,,,,,,,,,,,,,,2022,11,47,330,0,0,0,0
239,세종,2022-11-27,5.8,-1.2,0713,13.8,1504,,,,,,,3.5,90,1050,2.2,90,1035,0.6,561,90,-4.0,21,1514,53.1,4.6,1009.9,1023.0,0802,1018.6,1458,1021.0,9.9,7.7,,,,,,,,,3.9,0.4,7.2,-6.3,,,,,,,,,,,,,,,2022,11,47,331,0,0,0,0
239,세종,2022-11-28,8.0,3.0,0407,11.7,1003,,,,,,24.8,4.3,320,1053,2.9,290,1053,0.6,491,320,4.5,43,1008,80.1,8.9,1004.5,1020.7,0105,1009.8,2356,1015.4,9.9,1.4,,,,,,,,,7.1,2.8,7.1,-3.8,,,,,,,,,,,,,,,2022,11,48,332,0,0,0,1
239,세종,2022-11-29,8.4,0.9,2359,13.4,0525,,,,,,5.9,9.1,320,1540,6.1,340,1543,2.8,2417,320,0.1,29,1526,60.0,7.2,1006.4,1027.6,2359,1008.7,0131,1017.3,9.9,0.7,,,,,,,,,9.3,2.9,9.4,0.8,,,,,,,,,,,,,,,2022,11,48,333,0,0,0,1
239,세종,2022-11-30,-3.2,-5.2,2225,0.9,0001,,,,,,,9.9,340,0321,6.1,340,0144,3.1,2648,340,-12.2,39,1120,50.4,2.4,1020.5,1034.5,2126,1027.0,0012,1032.1,9.9,7.2,,,,,,,,,7.4,2.8,0.8,-8.1,,,,,,,,,,,,,,,2022,11,48,334,0,0,0,0
239,세종,2022-12-01,-3.6,-7.3,0618,1.0,1529,,,,,,,5.2,340,0215,3.9,340,0221,1.8,1551,340,-15.3,24,1049,40.8,1.9,1020.7,1034.3,0234,1029.6,1451,1032.3,9.8,7.4,,,,,,,,,7.5,3.8,-0.8,-9.8,,,,,,,,,,,,,,,2022,12,48,335,0,0,0,0
239,세종,2022-12-02,-1.9,-6.5,0733,2.8,1359,,,,,,,4.3,50,1205,2.2,140,1155,0.8,660,110,-10.0,34,1206,55.8,2.9,1019.0,1033.7,0955,1027.7,2355,1030.5,9.8,7.9,,,,,,,,,3.8,1.8,1.4,-10.1,,,,,,,,,,,,,,,2022,12,48,336,0,0,0,0
239,세종,2022-12-03,2.1,-1.9,0001,5.6,1535,,,,,,,4.9,320,2343,3.1,320,2345,0.7,647,340,-2.9,59,0208,69.6,5.0,1014.8,1028.2,2358,1024.0,1451,1026.1,9.8,0.1,,,,,,,,,8.0,5.3,2.6,-4.5,,,,,,,,,,,,,,,2022,12,48,337,0,0,0,0
239,세종,2022-12-04,-1.6,-3.7,2321,3.6,0001,,,,,,,7.3,340,0245,4.9,340,0535,2.5,2177,340,-14.8,20,1251,38.0,2.1,1020.1,1033.3,1004,1028.0,0009,1031.6,9.8,0.6,,,,,,,,,9.5,3.0,-0.2,-8.1,,,,,,,,,,,,,,,2022,12,48,338,0,0,0,0
239,세종,2022-12-05,-2.6,-5.4,2352,3.0,1415,,,,,,,7.2,340,1525,4.8,340,1558,1.6,1419,340,-16.9,16,1450,34.3,1.7,1018.4,1032.8,0047,1027.7,1545,1029.9,9.8,6.2,,,,,,,,,4.3,2.3,-1.3,-11.1,,,,,,,,,,,,,,,2022,12,49,339,0,0,0,0
239,세종,2022-12-06,-0.1,-6.3,0150,5.8,1436,,,,,,0.4,4.4,320,1453,3.0,340,1016,0.7,626,340,-5.2,51,0001,68.5,4.3,1013.0,1028.2,0002,1022.7,1431,1024.3,9.8,3.6,,,,,,,,,6.9,3.1,0.7,-11.0,,,,,,,,,,,,,,,2022,12,49,340,0,0,0,1
239,세종,2022-12-07,4.1,-0.4,0141,9.2,1445,,,,,,,5.7,270,1510,2.9,290,1513,1.1,918,290,-2.4,42,1459,64.6,5.1,1013.1,1026.6,2326,1022.7,0539,1024.3,9.8,3.4,,,,,,,,,5.0,1.9,1.7,-5.8,,,,,,,,,,,,,,,2022,12,49,341,0,0,0,0
239,세종,2022-12-08,3.2,-1.7,0603,9.9,1533,,,,,,,2.9,70,1444,2.1,340,0402,0.5,427,340,-3.8,31,1420,63.3,4.6,1015.1,1028.3,0927,1024.9,1511,1026.3,9.7,7.8,,,,,,,,,3.1,0.9,4.1,-7.2,,,,,,,,,,,,,,,2022,12,49,342,0,0,0,0
239,세종,2022-12-09,3.7,-1.7,0725,11.5,1419,,,,,,,4.4,320,1446,2.3,320,1806,0.6,541,90,-1.7,42,1318,69.4,5.4,1011.9,1025.9,0031,1021.1,1417,1023.1,9.7,6.0,,,,,,,,,2.3,0.6,2.0,-7.3,,,,,,,,,,,,,,,2022,12,49,343,0,0,0,0
239,세종,2022-12-10,1.5,-2.7,0614,5.2,1449,,,,,,,3.1,70,1150,2.2,70,1155,0.5,447,140,-3.0,49,2123,74.4,5.0,1009.7,1023.0,0214,1018.7,1516,1021.0,9.7,0.6,,,,,,,,,7.3,4.1,0.8,-7.9,,,,,,,,,,,,,,,2022,12,49,344,0,0,0,0
239,세종,2022-12-11,1.6,-3.2,0654,8.4,1325,,,,,,,5.6,340,1404,4.1,320,1413,0.9,762,320,-7.6,20,1530,54.4,3.5,1012.3,1025.4,2350,1021.1,0025,1023.6,9.7,7.8,,,,,,,,,1.0,0.6,2.3,-9.8,,,,,,,,,,,,,,,2022,12,49,345,0,0,0,0
239,세종,2022-12-12,1.3,-4.0,0608,6.7,1316,,,,,,0.2,5.1,250,1322,2.6,340,1240,0.8,725,160,-4.1,33,1318,68.8,4.6,1009.7,1025.6,0019,1017.6,1911,1021.0,9.7,3.9,,,,,,,,,6.0,2.5,0.8,-10.4,,,,,,,,,,,,,,,2022,12,50,346,0,0,0,1
239,세종,2022-12-13,1.1,-2.9,2358,3.8,1037,,,,,,4.5,9.6,340,2311,5.8,320,2319,1.9,1624,290,-1.8,68,1112,80.4,5.4,1008.2,1023.6,2358,1017.4,1601,1019.5,9.7,1.5,,,,,,,,,9.0,2.6,1.5,-5.3,,,,,,,,,,,,,,,2022,12,50,347,0,0,0,1
239,세종,2022-12-14,-7.4,-9.8,0739,-2.9,0001,,,,,,0.1,9.8,320,0153,5.3,340,0202,2.0,1702,340,-12.8,47,1012,65.8,2.3,1017.0,1031.3,1031,1023.5,0006,1028.7,9.7,7.4,,,,,,,,,1.5,0.9,-1.6,-8.8,,,,,,,,,,,,,,,2022,12,50,348,0,0,0,1
239,세종,2022-12-15,-2.5,-9.5,0021,3.5,1419,,,,,,4.8,5.9,180,1516,3.9,340,2232,1.1,930,180,-5.8,57,1359,79.3,4.1,1014.0,1028.0,0001,1021.7,1504,1025.5,9.7,5.1,,,,,,,,,4.8,3.5,-1.4,-8.7,,,,,,,,,,,,,,,2022,12,50,349,0,0,0,1
239,세종,2022-12-16,-5.1,-8.1,0820,-2.2,0001,,,,,,,4.9,320,0332,3.0,340,0336,1.1,979,320,-11.2,38,1113,63.0,2.6,1019.1,1033.2,1059,1027.7,0001,1030.8,9.7,5.8,,,,,,,,,7.4,3.1,-1.1,-4.4,,,,,,,,,,,,,,,2022,12,50,350,0,0,0,0
239,세종,2022-12-17,-6.4,-9.6,2359,-3.0,1333,,,,,,2.2,8.2,320,0952,4.7,340,0959,1.4,1226,320,-12.1,42,1620,65.1,2.5,1014.0,1031.3,0001,1023.9,1453,1025.7,9.7,2.5,,,,,,,,,5.1,2.4,-1.4,-5.7,,,,,,,,,,,,,,,2022,12,50,351,0,0,0,1
239,세종,2022-12-18,-8.9,-13.8,0452,-5.0,1323,,,,,,,5.8,320,1334,3.6,340,1339,1.0,881,340,-16.1,32,1204,57.9,1.8,1012.5,1025.4,2307,1022.8,1432,1024.3,9.7,7.2,,,,,,,,,2.3,1.1,-1.5,-5.7,,,,,,,,,,,,,,,2022,12,50,352,0,0,0,0
239,세종,2022-12-19,-6.4,-13.0,0421,-0.8,1504,,,,,,,3.5,70,1412,1.8,70,1722,0.7,615,340,-13.0,32,1244,62.5,2.3,1015.8,1029.2,2325,1025.1,0136,1027.5,9.7,7.4,,,,,,,,,0.1,0.1,-1.3,-7.1,,,,,,,,,,,,,,,2022,12,51,353,0,0,0,0
239,세종,2022-12-20,-3.0,-9.1,0609,2.9,1524,,,,,,,2.8,70,1306,2.1,90,1404,0.6,541,90,-8.9,43,1314,65.9,3.1,1015.5,1031.7,0959,1021.8,2357,1027.0,9.6,7.7,,,,,,,,,3.6,2.4,-0.8,-7.1,,,,,,,,,,,,,,,2022,12,51,354,0,0,0,0
239,세종,2022-12-21,-0.1,-2.5,0025,1.4,1528,,,,,,5.6,5.3,340,2317,3.4,320,2337,0.7,591,320,-2.1,67,0312,86.8,5.3,1001.4,1021.8,0001,1009.8,1524,1012.7,9.7,0.0,,,,,,,,,8.5,5.3,0.0,-4.3,,,,,,,,,,,,,,,2022,12,51,355,0,0,0,1
239,세종,2022-12-22,-5.1,-8.3,2206,0.2,0001,,,,,,0.8,9.2,320,1353,6.1,340,1300,2.6,2225,340,-10.0,52,1429,69.1,2.9,999.5,1011.8,2208,1009.2,1339,1010.9,9.6,3.4,,,,,,,,,5.4,2.3,0.1,-5.4,,,,,,,,,,,,,,,2022,12,51,356,0,0,0,1
239,세종,2022-12-23,-8.2,-10.7,2356,-5.2,1323,,,,,,0.3,11.9,320,1133,6.3,320,1140,3.0,2618,320,-14.2,48,1127,62.5,2.1,1002.6,1018.3,2246,1011.3,0001,1014.2,9.7,5.3,,,,,,,,,8.4,2.9,-1.2,-5.8,,,,,,,,,,,,,,,2022,12,51,357,0,0,0,1
239,세종,2022-12-24,-9.2,-13.6,0717,-4.2,1537,,,,,,,3.9,320,1136,2.2,340,1138,0.9,747,320,-16.2,37,1539,57.8,1.7,1009.8,1023.4,2232,1018.0,0004,1021.5,9.6,7.7,,,,,,,,,2.4,0.6,-2.4,-11.0,,,,,,,,,,,,,,,2022,12,51,358,0,0,0,0
239,세종,2022-12-25,-5.4,-12.1,0539,2.4,1521,,,,,,,6.2,320,1550,2.9,320,1551,0.7,606,180,-10.7,40,1449,67.8,2.7,1012.8,1026.0,2355,1022.9,1430,1024.4,9.7,7.7,,,,,,,,,2.1,0.5,-2.8,-11.3,,,,,,,,,,,,,,,2022,12,51,359,0,0,0,0
239,세종,2022-12-26,-4.1,-9.7,0740,1.4,1453,,,,,,,2.0,90,1147,1.3,90,1206,0.4,307,90,-8.8,45,1228,71.5,3.1,1015.3,1028.5,2356,1025.4,1437,1026.9,9.7,5.6,,,,,,,,,2.3,0.4,-2.7,-11.7,,,,,,,,,,,,,,,2022,12,52,360,0,0,0,0
239,세종,2022-12-27,-2.9,-8.9,0731,3.2,1426,,,,,,,2.6,70,1415,1.8,70,1405,0.4,383,90,-7.9,43,1311,70.1,3.4,1018.2,1031.8,1012,1028.1,1413,1029.8,9.7,7.4,,,,,,,,,1.9,1.3,-2.7,-10.1,,,,,,,,,,,,,,,2022,12,52,361,0,0,0,0
239,세종,2022-12-28,-2.4,-5.5,0544,2.8,1440,,,,,,,5.7,340,1130,4.0,340,1131,1.2,1011,320,-8.4,36,1406,65.5,3.3,1019.3,1033.7,2311,1028.9,0514,1030.9,9.7,5.4,,,,,,,,,3.4,1.9,-1.4,-11.2,,,,,,,,,,,,,,,2022,12,52,362,0,0,0,0
239,세종,2022-12-29,-3.5,-8.5,0754,1.5,1436,,,,,,,5.0,340,1447,2.8,320,1508,0.6,551,340,-9.7,37,1446,64.6,2.9,1021.7,1034.5,0249,1031.6,1431,1033.4,9.7,6.5,,,,,,,,,3.5,2.5,-2.3,-11.8,,,,,,,,,,,,,,,2022,12,52,363,0,0,0,0
239,세종,2022-12-30,-1.0,-3.9,0002,3.0,1323,,,,,,0.1,4.2,340,0359,2.6,340,1555,1.0,840,290,-6.7,49,1548,66.5,3.7,1020.9,1033.5,0001,1030.7,1404,1032.3,9.7,1.9,,,,,,,,,5.8,3.9,-0.7,-9.3,,,,,,,,,,,,,,,2022,12,52,364,0,0,0,1
239,세종,2022-12-31,-1.4,-4.8,0303,4.5,1540,,,,,,,3.9,290,1513,1.9,270,1445,0.6,480,340,-6.9,45,1555,67.1,3.7,1020.0,1033.4,1009,1030.1,1743,1031.5,9.7,2.7,,,,,,,,,3.9,1.9,-1.4,-10.7,,,,,,,,,,,,,,,2022,12,52,365,0,0,0,0
239,세종,2023-01-01,-0.8,-6.0,543.0,6.0,1327.0,,,,,,,7.5,329,1608,5.0,320,1609,1.3,108360.0,290.0,-10.5,19.0,1407.0,53.0,2.8,1019.9,1033.0,2317,1029.5,1608,1031.4,9.6,6.7,,,,,,1.8,100.0,,4.3,2.6,-1.3,-10.0,,,,,,,,,,,,,,,2023,1,52,1,0,0,0,0
239,세종,2023-01-02,-3.3,-6.6,755.0,1.9,1418.0,,,,,,,4.8,331,1444,2.9,320,1450,1.2,104040.0,320.0,-15.2,22.0,1512.0,41.0,1.9,1021.1,1034.2,853,1030.1,1528,1032.7,9.6,7.8,,,,,,1.6,1700.0,,1.8,0.4,-1.4,-12.4,,,,,,,,,,,,,,,2023,1,1,2,0,0,0,0
239,세종,2023-01-03,-3.7,-9.3,705.0,2.6,1508.0,,,,,,,5.4,334,1514,3.4,320,1520,1.0,87840.0,290.0,-12.1,29.0,1514.0,55.0,2.4,1019.6,1032.7,812,1028.8,1454,1031.1,9.6,7.8,,,,,,1.7,1800.0,,0.0,0.0,-1.4,-13.9,,,,,,,,,,,,,,,2023,1,1,3,0,0,0,0
239,세종,2023-01-04,-1.8,-7.4,339.0,5.1,1355.0,,,,,,,6.5,306,1415,3.9,290,1417,0.7,62640.0,290.0,-9.8,31.0,1445.0,56.0,2.9,1019.6,1032.3,1009,1029.6,1516,1031.1,9.6,7.2,,,,,,1.7,400.0,,1.1,0.4,-0.5,-12.0,,,,,,,,,,,,,,,2023,1,1,4,0,0,0,0
239,세종,2023-01-05,-1.5,-6.2,752.0,4.0,1411.0,,,,,,,2.7,50,1514,1.7,360,1730,0.5,411.0,70.0,-6.8,43.0,1413.0,68.5,3.7,1019.7,1032.9,933,1029.7,1359,1031.2,9.7,5.4,,,,,,,,,4.0,3.8,-1.0,-10.9,,,,,,,,,,,,,,,2023,1,1,5,0,0,0,0
239,세종,2023-01-06,0.8,-4.4,809.0,6.3,1425.0,,,,,,0.7,4.4,290,2348,3.0,180,2331,0.6,525.0,180.0,-3.3,54.0,1337.0,74.9,4.9,1011.4,1030.3,1,1015.1,2258,1022.7,9.8,5.7,,,,,,,,,3.5,2.8,0.2,-9.7,,,,,,,,,,,,,,,2023,1,1,6,0,0,0,0
239,세종,2023-01-07,2.9,-1.7,2400.0,6.3,1252.0,,,,,,0.0,7.3,270,1332,4.3,320,1327,1.8,1522.0,290.0,-4.5,37.0,1436.0,59.5,4.4,1009.1,1024.6,2304,1015.3,23,1020.3,9.8,7.2,,,,,,,,,2.5,1.6,2.0,-8.9,,,,,,,,,,,,,,,2023,1,1,7,0,0,0,0
239,세종,2023-01-08,0.6,-4.7,730.0,7.0,1526.0,,,,,,,2.7,360,1320,1.7,20,1320,0.4,337.0,70.0,-5.3,38.0,1520.0,66.8,4.1,1013.9,1027.4,819,1023.8,1531,1025.2,9.8,7.6,,,,,,,,,1.1,1.0,0.8,-9.3,,,,,,,,,,,,,,,2023,1,1,8,0,0,0,0
239,세종,2023-01-09,1.7,-2.2,2315.0,8.7,1428.0,,,,,,0.0,6.0,320,1356,4.2,340,1402,1.0,859.0,320.0,-5.1,25.0,1723.0,62.4,4.3,1013.6,1028.9,2357,1022.4,1427,1024.8,9.8,3.8,,,,,,,,,4.3,3.3,1.4,-9.2,,,,,,,,,,,,,,,2023,1,2,9,0,0,0,0
239,세종,2023-01-10,0.7,-5.3,708.0,8.7,1516.0,,,,,,,3.7,320,1449,2.2,320,1450,0.5,445.0,70.0,-7.1,22.0,1539.0,58.3,3.6,1017.5,1030.9,951,1027.1,1723,1028.9,9.8,7.9,,,,,,,,,2.0,1.5,1.1,-10.8,,,,,,,,,,,,,,,2023,1,2,10,0,0,0,0
239,세종,2023-01-11,1.8,-4.3,636.0,9.9,1534.0,,,,,,,2.7,340,1630,2.0,340,1633,0.5,436.0,70.0,-6.7,22.0,1550.0,56.5,3.7,1015.2,1028.7,957,1024.7,1628,1026.5,9.8,7.8,,,,,,,,,1.0,0.3,1.8,-9.7,,,,,,,,,,,,,,,2023,1,2,11,0,0,0,0
239,세종,2023-01-12,4.9,-3.0,701.0,13.2,1527.0,,,,,,0.1,2.8,290,255,1.9,320,259,0.4,363.0,70.0,-4.7,29.0,1516.0,52.6,4.3,1011.3,1026.0,755,1018.0,2358,1022.4,9.9,7.8,,,,,,,,,1.8,0.9,3.2,-8.6,,,,,,,,,,,,,,,2023,1,2,12,0,0,0,0
239,세종,2023-01-13,8.7,4.7,206.0,13.0,1601.0,,,,,,17.5,4.7,250,1845,2.6,290,2033,0.9,744.0,320.0,7.5,43.0,2.0,92.5,10.5,1000.6,1018.0,1,1008.5,1353,1011.4,9.9,0.0,,,,,,,,,8.5,7.3,6.6,3.8,,,,,,,,,,,,,,,2023,1,2,13,0,0,0,1
239,세종,2023-01-14,7.2,5.5,2352.0,8.8,28.0,,,,,,4.8,3.7,290,849,2.7,290,852,0.7,628.0,90.0,6.4,94.0,2332.0,94.9,9.6,1002.7,1016.8,2132,1011.0,527,1013.7,9.9,0.0,,,,,,,,,8.3,7.6,7.2,5.0,,,,,,,,,,,,,,,2023,1,2,14,0,0,0,1
239,세종,2023-01-15,0.3,-3.0,2336.0,5.6,34.0,,,,,,1.0,5.0,290,1449,2.8,290,1427,1.4,1194.0,290.0,-2.7,62.0,2034.0,80.8,5.2,1007.6,1022.3,2331,1015.9,38,1018.9,9.9,0.0,,,,,,,,,9.8,6.9,2.6,-4.1,,,,,,,,,,,,,,,2023,1,2,15,0,0,0,1
239,세종,2023-01-16,-3.3,-6.1,2334.0,0.4,1347.0,,,,,,,5.9,290,1200,3.5,320,1301,1.4,1237.0,290.0,-10.2,39.0,1544.0,59.6,2.8,1014.1,1027.6,2012,1022.2,33,1025.6,9.9,7.7,,,,,,,,,3.8,1.5,1.1,-9.8,,,,,,,,,,,,,,,2023,1,3,16,0,0,0,0
239,세종,2023-01-17,-2.5,-7.0,338.0,2.1,1456.0,,,,,,,4.1,340,1427,2.3,340,1430,0.7,633.0,290.0,-9.5,36.0,1240.0,60.3,3.0,1015.7,1029.2,327,1025.1,1546,1027.2,10.0,6.0,,,,,,,,,7.6,3.3,0.3,-9.9,,,,,,,,,,,,,,,2023,1,3,17,0,0,0,0
239,세종,2023-01-18,-0.9,-3.8,2348.0,3.9,1427.0,,,,,,,5.7,320,1609,3.6,340,1505,1.0,868.0,320.0,-8.0,30.0,2036.0,61.4,3.5,1015.1,1028.0,853,1025.0,1429,1026.5,10.0,5.4,,,,,,,,,4.6,2.5,0.8,-9.9,,,,,,,,,,,,,,,2023,1,3,18,0,0,0,0
239,세종,2023-01-19,0.5,-5.3,146.0,5.0,1303.0,,,,,,,7.6,200,2345,3.3,140,1647,1.2,1074.0,160.0,-6.3,42.0,1228.0,61.1,3.9,1012.9,1027.6,236,1021.5,2400,1024.2,10.0,6.4,,,,,,,,,4.1,3.0,2.7,-10.0,,,,,,,,,,,,,,,2023,1,3,19,0,0,0,0
239,세종,2023-01-20,-2.0,-7.4,2357.0,3.7,31.0,,,,,,0.5,12.6,340,1215,7.1,320,1105,2.9,2541.0,320.0,-11.3,25.0,1339.0,51.8,2.9,1016.7,1032.2,2338,1021.0,31,1028.2,10.0,6.5,1200.0,2.17,11.99,,,,,,2.5,0.9,1.7,-5.7,,,,,,,,,,1.5,2.1,,,,2023,1,3,20,0,0,0,0
239,세종,2023-01-21,-3.7,-9.0,643.0,1.9,1441.0,,,,,,,5.9,70,1528,3.3,70,1532,1.1,934.0,90.0,-10.6,39.0,1302.0,60.1,2.7,1019.4,1032.8,341,1029.0,2259,1031.0,10.1,8.1,1200.0,2.13,12.69,,,,,,2.0,0.1,0.0,-7.2,,,,,,,,,,1.3,1.8,,,,2023,1,3,21,0,0,0,0
239,세종,2023-01-22,-0.4,-4.1,151.0,3.8,1440.0,,,,,,,3.3,70,1403,2.4,70,1455,1.0,877.0,70.0,-7.5,43.0,1222.0,59.6,3.5,1015.1,1029.8,312,1023.7,1728,1026.5,10.1,0.0,1200.0,1.08,5.38,,,,,,8.6,5.3,2.4,-3.2,,,,,,,,,,0.7,1.0,,,,2023,1,3,22,0,0,0,0
239,세종,2023-01-23,0.3,-3.4,549.0,7.2,1337.0,,,,,,,9.9,320,2309,5.2,290,2152,2.0,1767.0,320.0,-5.3,47.0,1351.0,67.5,4.2,1012.1,1026.3,2359,1019.9,1449,1023.5,10.1,6.3,1200.0,1.97,10.57,,,,,,5.6,2.0,3.9,-3.5,,,,,,,,,,1.4,2.0,,,,2023,1,4,23,0,0,0,0
239,세종,2023-01-24,-11.4,-14.4,2354.0,-3.4,1.0,,,,,,0.2,12.6,290,1452,6.6,320,1445,3.8,3251.0,290.0,-17.9,42.0,1458.0,58.9,1.5,1017.5,1033.6,2329,1025.3,259,1029.4,10.1,4.8,1200.0,1.91,10.07,,,,,,4.4,1.6,-5.7,-9.5,,,,,,,,,,0.6,0.9,,,,2023,1,4,24,0,0,0,0
239,세종,2023-01-25,-11.5,-17.5,723.0,-5.2,1558.0,,,,,,,6.1,320,1257,3.5,290,117,1.5,1318.0,290.0,-19.8,29.0,1448.0,51.9,1.3,1019.4,1035.0,243,1027.3,2211,1031.4,10.2,8.3,1200.0,2.25,13.51,,,,,,2.4,0.1,-6.3,-12.2,,,,,,,,,,0.9,1.3,,,,2023,1,4,25,0,0,0,0
239,세종,2023-01-26,-6.9,-11.7,241.0,-4.6,1649.0,,,,,,1.5,3.3,20,1425,2.5,320,1422,0.8,704.0,340.0,-9.7,62.0,1.0,80.5,3.0,1013.0,1027.7,20,1022.5,1335,1024.7,10.2,0.0,900.0,0.52,2.44,,,,,,9.5,6.3,-3.5,-9.1,,,,,,,,,,0.3,0.4,,,,2023,1,4,26,0,0,0,1
239,세종,2023-01-27,-6.8,-11.3,718.0,-3.4,1355.0,,,,,,,14.1,340,1327,7.2,290,1614,2.7,2327.0,290.0,-13.1,36.0,1257.0,64.5,2.3,1012.0,1025.2,2206,1022.2,1359,1023.6,10.2,8.0,1100.0,2.38,14.6,,,,,,1.6,0.8,-5.4,-5.7,,,,,,,,,,1.4,2.0,,,,2023,1,4,27,0,0,0,0
239,세종,2023-01-28,-5.9,-12.2,740.0,-0.6,1514.0,,,,,,,5.7,230,1518,3.4,290,1209,1.4,1198.0,270.0,-11.2,45.0,1136.0,67.6,2.7,1011.7,1025.4,719,1021.0,1438,1023.4,10.3,6.6,1300.0,1.98,11.25,,,,,,2.4,1.6,-3.9,-7.8,,,,,,,,,,0.8,1.1,,,,2023,1,4,28,0,0,0,0
239,세종,2023-01-29,-1.7,-9.9,642.0,4.5,1413.0,,,,,,,9.1,180,1605,4.1,160,1611,1.7,1432.0,290.0,-6.9,46.0,2335.0,69.9,3.7,1009.0,1023.2,216,1016.8,1810,1020.4,10.3,5.5,1200.0,2.33,11.31,,,,,,3.1,1.8,0.6,-6.5,,,,,,,,,,1.3,1.8,,,,2023,1,4,29,0,0,0,0
239,세종,2023-01-30,-0.9,-6.2,756.0,4.4,1502.0,,,,,,,10.9,290,1340,6.8,320,1347,1.8,1572.0,290.0,-11.0,23.0,1510.0,49.8,2.7,1012.5,1026.4,1021,1021.1,1,1023.8,10.3,8.7,1200.0,2.28,13.78,,,,,,0.0,0.0,1.7,-6.0,,,,,,,,,,1.7,2.4,,,,2023,1,5,30,0,0,0,0
239,세종,2023-01-31,1.8,-6.8,737.0,9.3,1516.0,,,,,,,10.3,230,1346,4.0,180,2231,1.4,1247.0,160.0,-4.8,38.0,1249.0,63.3,4.5,1007.7,1024.0,53,1015.2,2255,1018.9,10.3,8.6,1200.0,2.19,12.64,,,,,,0.0,0.0,3.7,-6.2,,,,,,,,,,1.7,2.4,,,,2023,1,5,31,0,0,0,0
239,세종,2023-02-01,,,,,,,,,,,,10.0,340,1213,5.8,320,1233,,,,,,,,,,1018.5,1128,1015.3,127,,10.4,,,,,,,,,,,,,-0.6,,,,,,,,,,,,,,,2023,2,5,32,1,0,0,0
239,세종,2023-02-02,,,,,,,,,,,,4.8,70,1429,3.2,340,1750,,,,,,,,,,1027.6,1310,1024.8,1554,,10.4,,,,,,,,,,,,,,,,,,,,,,,,,,,,2023,2,5,33,1,0,0,0
239,세종,2023-02-03,-1.1,-3.9,2355.0,4.1,1414.0,,,,,,,6.2,270,1320,3.4,270,1329,1.4,1208.0,290.0,-11.4,24.0,1330.0,47.3,2.6,1012.5,1025.9,1,1021.4,1615,1023.9,10.4,5.8,1300.0,2.1,11.8,,,,,,4.6,3.8,3.5,-4.1,,,,,,,,,,1.5,2.2,,,,2023,2,5,34,1,0,0,0
239,세종,2023-02-04,-1.1,-7.5,744.0,6.0,1500.0,,,,,,,6.8,340,1334,3.2,290,1357,1.0,902.0,320.0,-7.9,34.0,1558.0,62.5,3.4,1014.2,1027.3,2339,1023.7,1501,1025.6,10.5,8.5,1200.0,2.06,13.22,,,,,,0.1,0.1,2.1,-6.4,,,,,,,,,,1.4,2.0,,,,2023,2,5,35,1,0,0,0
239,세종,2023-02-05,0.0,-6.4,622.0,7.5,1514.0,,,,,,,5.3,270,1400,3.0,340,1326,0.8,729.0,320.0,-5.5,39.0,1621.0,68.9,4.1,1014.2,1027.9,846,1023.1,1640,1025.6,10.5,8.7,1200.0,2.19,13.82,,,,,,0.0,0.0,2.6,-6.3,,,,,,,,,,1.5,2.1,,,,2023,2,5,36,1,0,0,0
239,세종,2023-02-06,1.8,-4.8,722.0,8.9,1528.0,,,,,,,3.5,20,1712,2.4,360,1521,0.8,651.0,20.0,-6.0,25.0,1535.0,61.1,4.0,1011.3,1025.6,738,1019.6,1634,1022.6,10.5,6.5,1300.0,2.12,11.92,,,,,,,0.1,3.9,-5.4,,,,,,,,,,1.4,1.9,,,,2023,2,6,37,1,0,0,0
239,세종,2023-02-07,2.5,-2.5,726.0,10.3,1507.0,,,,,,,4.3,70,1525,2.4,70,1533,0.8,722.0,70.0,-4.8,25.0,1540.0,60.9,4.3,1010.3,1023.4,2339,1019.3,1452,1021.5,10.6,5.1,1200.0,2.02,10.9,,,,,,2.8,0.3,3.2,-3.6,,,,,,,,,,1.4,1.9,,,,2023,2,6,38,1,0,0,0
239,세종,2023-02-08,1.5,-4.3,741.0,9.1,1405.0,,,,,,,6.2,270,1455,3.7,340,1753,1.3,1139.0,290.0,-6.9,22.0,1523.0,59.3,3.7,1015.6,1029.6,2342,1023.4,1,1027.0,10.6,8.6,1200.0,2.24,13.93,,,,,,1.6,1.0,4.3,-4.7,,,,,,,,,,2.0,2.8,,,,2023,2,6,39,1,0,0,0
239,세종,2023-02-09,3.1,-4.7,734.0,10.5,1348.0,,,,,,0.9,7.3,140,2203,4.5,90,2204,1.7,1440.0,90.0,-5.0,27.0,1342.0,59.1,4.3,1015.5,1030.7,942,1023.5,1817,1026.8,10.6,5.8,1300.0,2.09,10.63,,,,,,7.6,4.9,5.4,-5.3,,,,,,,,,,1.7,2.4,,,,2023,2,6,40,1,0,0,0
239,세종,2023-02-10,3.2,-0.3,2327.0,6.9,1553.0,,,,,,2.9,6.1,320,1620,4.1,290,1601,1.4,1201.0,290.0,0.6,61.0,1633.0,84.0,6.4,1009.9,1024.2,2315,1019.1,612,1021.1,10.7,0.2,1000.0,0.69,4.76,,,,,,5.6,4.6,5.6,-1.6,,,,,,,,,,0.6,0.9,,,,2023,2,6,41,1,0,0,1
239,세종,2023-02-11,0.2,-3.0,458.0,4.3,1636.0,,,,,,,3.2,70,1144,2.2,160,306,0.8,667.0,160.0,-0.9,75.0,1529.0,92.9,5.8,1012.9,1025.8,957,1022.9,442,1024.2,10.7,0.1,1300.0,1.04,5.04,,,,,,5.6,3.8,2.7,-3.5,,,,,,,,,,0.5,0.7,,,,2023,2,6,42,1,0,0,0
239,세종,2023-02-12,1.1,-2.9,147.0,4.5,1902.0,,,,,,,3.9,70,1305,2.7,90,956,1.0,899.0,90.0,-1.0,67.0,2145.0,86.4,5.7,1010.7,1026.2,743,1016.9,2359,1022.0,10.7,0.1,1200.0,1.3,5.31,,,,,,9.6,6.8,4.4,-2.4,,,,,,,,,,0.7,1.0,,,,2023,2,6,43,1,0,0,0
239,세종,2023-02-13,5.8,2.7,2400.0,9.8,1432.0,,,,,,,5.8,290,1848,3.5,290,1859,1.6,1407.0,290.0,-0.2,51.0,1536.0,65.8,6.0,1007.2,1020.0,2353,1016.0,1545,1018.2,10.8,0.5,1400.0,1.54,6.9,,,,,,7.0,3.5,9.3,-0.8,,,,,,,,,,1.1,1.6,,,,2023,2,7,44,1,0,0,0
239,세종,2023-02-14,1.2,-2.2,607.0,7.1,1501.0,,,,,,,8.3,340,1715,4.6,340,1704,1.6,1401.0,320.0,-6.3,26.0,1302.0,60.9,3.9,1011.6,1026.0,2400,1019.9,1,1022.9,10.8,9.0,1200.0,2.48,14.99,,,,,,1.0,0.4,5.5,-2.9,,,,,,,,,,1.8,2.6,,,,2023,2,7,45,1,0,0,0
239,세종,2023-02-15,2.7,-2.4,50.0,7.5,1341.0,,,,,,,5.7,70,1112,3.6,70,1120,1.4,1210.0,70.0,-4.2,44.0,1421.0,61.1,4.5,1017.4,1031.5,2302,1025.6,46,1028.7,10.8,5.2,1300.0,2.18,12.17,,,,,,6.5,4.3,5.8,-3.1,,,,,,,,,,1.6,2.3,,,,2023,2,7,46,1,0,0,0
239,세종,2023-02-16,2.6,-1.4,2358.0,7.4,1426.0,,,,,,,7.6,140,1444,3.9,160,1451,1.3,1150.0,180.0,-2.9,44.0,1550.0,67.6,5.0,1019.4,1032.4,1027,1029.5,1429,1030.7,10.9,1.4,1400.0,1.78,7.25,,,,,,4.5,2.4,8.3,-1.9,,,,,,,,,,1.0,1.5,,,,2023,2,7,47,1,0,0,0
239,세종,2023-02-17,3.9,-2.3,348.0,9.7,1532.0,,,,,,,3.6,90,1150,2.5,90,1449,0.9,814.0,90.0,-4.4,32.0,1536.0,58.1,4.4,1016.4,1030.8,252,1024.9,1635,1027.6,10.9,6.0,1200.0,2.31,12.65,,,,,,4.6,3.0,7.4,-2.8,,,,,,,,,,1.7,2.5,,,,2023,2,7,48,1,0,0,0
239,세종,2023-02-18,6.1,4.7,310.0,8.5,1629.0,,,,,,0.1,3.4,180,2111,2.3,340,822,0.8,691.0,90.0,-2.0,45.0,1549.0,57.0,5.3,1009.0,1025.1,1,1017.2,2400,1020.0,11.0,0.0,1300.0,0.59,2.76,,,,,,8.6,4.4,9.5,2.5,,,,,,,,,,0.7,1.0,,,,2023,2,7,49,1,0,0,0
239,세종,2023-02-19,3.2,-1.4,2252.0,7.5,1333.0,,,,,,0.2,8.8,340,1444,5.4,320,1611,2.1,1847.0,290.0,-3.8,26.0,1638.0,63.3,4.9,1009.1,1024.8,2321,1016.8,330,1020.3,11.0,5.3,1300.0,2.55,12.33,,,,,,4.8,2.9,8.4,-2.4,,,,,,,,,,1.9,2.7,,,,2023,2,7,50,1,0,0,0
239,세종,2023-02-20,-0.7,-4.4,722.0,4.8,1243.0,,,,,,,13.8,290,1216,7.8,320,1306,2.8,2451.0,320.0,-10.9,16.0,1254.0,50.0,2.8,1015.8,1032.0,2344,1024.5,417,1027.2,11.0,8.3,1200.0,2.67,16.75,,,,,,1.1,0.5,3.5,-4.3,,,,,,,,,,2.5,3.5,,,,2023,2,8,51,1,0,0,0
239,세종,2023-02-21,-1.5,-6.4,717.0,4.7,1539.0,,,,,,,5.3,320,16,3.6,70,1451,1.5,1288.0,290.0,-13.7,22.0,1542.0,41.1,2.2,1023.1,1036.5,1106,1032.0,1,1034.6,11.1,9.4,1200.0,2.65,17.2,,,,,,1.0,0.0,4.0,-7.1,,,,,,,,,,2.0,2.8,,,,2023,2,8,52,1,0,0,0
239,세종,2023-02-22,1.5,-6.6,649.0,9.5,1552.0,,,,,,,7.6,320,1416,4.0,290,1416,1.1,991.0,290.0,-6.7,32.0,1146.0,56.4,3.8,1018.9,1035.4,105,1026.2,2035,1030.3,11.1,8.3,1300.0,2.48,15.17,,,,,,5.3,1.9,6.1,-6.6,,,,,,,,,,1.9,2.7,,,,2023,2,8,53,1,0,0,0
239,세종,2023-02-23,2.9,-3.4,739.0,9.4,1444.0,,,,,,,6.6,340,1450,3.2,320,1754,1.5,1257.0,320.0,-6.4,29.0,1421.0,53.0,3.8,1013.4,1027.2,732,1021.5,1545,1024.6,11.1,9.2,1200.0,2.48,15.62,,,,,,5.8,3.3,8.8,-3.6,,,,,,,,,,2.1,3.0,,,,2023,2,8,54,1,0,0,0
239,세종,2023-02-24,2.6,-1.9,437.0,9.2,1342.0,,,,,,,11.1,340,1512,6.7,340,1515,2.0,1692.0,270.0,-7.0,21.0,1931.0,53.4,3.7,1013.9,1028.8,2355,1023.0,37,1025.2,11.2,7.4,1200.0,2.49,15.38,,,,,,2.0,1.8,7.0,-2.7,,,,,,,,,,2.5,3.5,,,,2023,2,8,55,1,0,0,0
239,세종,2023-02-25,0.2,-4.6,633.0,6.0,1347.0,,,,,,,9.2,340,1559,5.3,290,1518,2.1,1780.0,270.0,-10.5,23.0,1610.0,46.9,2.8,1021.0,1036.2,2313,1028.7,2,1032.4,11.2,9.5,1200.0,2.69,17.62,,,,,,0.8,0.3,4.9,-5.6,,,,,,,,,,2.2,3.2,,,,2023,2,8,56,1,0,0,0
239,세종,2023-02-26,1.5,-5.8,710.0,10.4,1535.0,,,,,,,4.5,50,1401,2.7,20,1350,1.1,929.0,320.0,-10.0,20.0,1538.0,45.4,2.9,1025.4,1039.0,843,1034.4,1528,1036.9,11.3,9.5,1200.0,2.72,17.94,,,,,,0.8,0.0,5.9,-7.0,,,,,,,,,,2.3,3.3,,,,2023,2,8,57,1,0,0,0
239,세종,2023-02-27,3.8,-4.7,718.0,13.7,1534.0,,,,,,,5.4,20,1430,3.0,270,1549,1.0,837.0,70.0,-7.5,17.0,1553.0,49.6,3.5,1022.9,1037.5,828,1031.1,1644,1034.2,11.3,9.4,1200.0,2.76,18.0,,,,,,0.0,0.0,8.4,-6.1,,,,,,,,,,2.8,3.9,,,,2023,2,9,58,1,0,0,0
239,세종,2023-02-28,5.0,-3.7,714.0,13.2,1510.0,,,,,,,7.7,230,1522,4.0,270,1434,1.3,1147.0,180.0,-2.3,28.0,1605.0,62.8,5.3,1016.3,1031.8,1,1023.9,1640,1027.5,11.3,9.4,1200.0,2.66,18.45,,,,,,1.4,1.1,9.5,-5.1,,,,,,,,,,2.5,3.5,,,,2023,2,9,59,1,0,0,0
239,세종,2023-03-01,5.8,2.3,2338.0,10.2,1234.0,,,,,,,10.3,340,1703,5.8,340,1700,2.0,1760.0,290.0,-2.2,31.0,1827.0,58.3,5.5,1011.4,1025.1,2337,1019.9,1354,1022.5,11.4,2.3,1200.0,1.98,9.84,,,,,,2.9,1.8,9.2,-1.6,,,,,,,,,,2.1,3.1,,,,2023,3,9,60,1,1,0,0
239,세종,2023-03-02,2.1,-1.8,2358.0,6.7,1456.0,,,,,,,11.5,320,437,5.9,320,915,2.8,2457.0,290.0,-14.5,16.0,1548.0,29.5,2.0,1016.9,1030.2,2254,1025.0,2,1028.2,11.4,9.4,1200.0,2.77,18.61,,,,,,0.8,0.1,7.2,-3.3,,,,,,,,,,2.8,4.0,,,,2023,3,9,61,1,1,0,0
239,세종,2023-03-03,3.5,-5.6,634.0,12.8,1544.0,,,,,,,7.0,270,1238,3.9,270,1324,1.4,1251.0,320.0,-5.5,24.0,1548.0,54.9,4.2,1017.1,1030.5,843,1024.8,1538,1028.3,11.4,9.4,1200.0,2.64,17.58,,,,,,0.8,0.1,8.8,-5.9,,,,,,,,,,2.3,3.3,,,,2023,3,9,62,1,1,0,0
239,세종,2023-03-04,6.1,-0.4,721.0,13.7,1416.0,,,,,,,5.3,340,1641,3.9,340,1649,1.1,916.0,90.0,-2.6,26.0,1939.0,58.8,5.1,1017.8,1030.4,1004,1026.7,1610,1028.9,11.5,5.7,1300.0,2.22,13.6,,,,,,4.9,0.9,9.3,-2.0,,,,,,,,,,1.9,2.8,,,,2023,3,9,63,1,1,0,0
239,세종,2023-03-05,7.4,-0.5,644.0,16.4,1530.0,,,,,,,6.8,320,1809,4.4,320,1814,1.0,855.0,70.0,-4.8,22.0,1439.0,45.1,4.3,1016.2,1030.5,900,1023.7,1705,1027.2,11.5,9.3,1200.0,2.54,16.44,,,,,,0.8,0.0,11.5,-2.6,,,,,,,,,,2.6,3.8,,,,2023,3,9,64,1,1,0,0
239,세종,2023-03-06,8.1,-0.9,649.0,17.4,1502.0,,,,,,,8.3,270,1420,3.4,250,1426,1.1,955.0,250.0,-5.1,15.0,1613.0,43.5,4.2,1012.6,1026.7,758,1020.6,1543,1023.6,11.6,9.5,1200.0,2.77,18.37,,,,,,0.6,0.0,12.9,-3.1,,,,,,,,,,3.4,4.9,,,,2023,3,10,65,1,1,0,0
239,세종,2023-03-07,11.3,3.2,735.0,20.6,1442.0,,,,,,,9.7,230,1502,4.6,180,1409,1.8,1537.0,180.0,0.1,27.0,1407.0,48.0,6.2,1009.5,1022.7,43,1017.7,1502,1020.3,11.6,9.0,1200.0,2.34,15.54,,,,,,1.5,0.6,15.6,0.0,,,,,,,,,,3.4,4.9,,,,2023,3,10,66,1,1,1,0
239,세종,2023-03-08,13.8,7.5,720.0,20.5,1414.0,,,,,,,8.8,290,1500,4.2,290,1507,1.8,1546.0,340.0,1.6,23.0,1300.0,45.8,6.9,1008.2,1021.3,839,1016.6,2358,1018.9,11.6,9.2,1200.0,2.59,16.84,,,,,,3.0,1.5,18.7,2.6,,,,,,,,,,3.6,5.2,,,,2023,3,10,67,1,0,1,0
239,세종,2023-03-09,14.0,7.7,2355.0,20.3,1545.0,,,,,,,8.6,160,950,3.8,140,956,1.8,1539.0,160.0,4.8,21.0,1705.0,57.0,8.8,1004.6,1018.5,2315,1012.8,1433,1015.3,11.7,7.1,1200.0,2.58,14.99,,,,,,3.0,1.8,19.7,4.7,,,,,,,,,,2.7,3.8,,,,2023,3,10,68,1,0,1,0
239,세종,2023-03-10,13.5,4.0,637.0,22.8,1537.0,,,,,,,7.9,200,1556,4.2,140,1403,1.3,1129.0,160.0,3.2,15.0,1327.0,56.5,7.7,1008.4,1020.9,846,1016.8,1511,1019.1,11.7,9.3,1200.0,2.59,16.95,,,,,,0.6,0.1,18.0,1.4,,,,,,,,,,3.4,4.9,,,,2023,3,10,69,1,1,1,0
239,세종,2023-03-11,16.0,7.8,657.0,24.3,1432.0,,,,,,,8.4,160,1143,3.5,140,1148,1.3,1142.0,180.0,-1.4,12.0,1427.0,37.3,5.8,1010.8,1023.4,900,1019.6,1548,1021.5,11.8,8.6,1100.0,2.52,16.87,,,,,,5.3,0.1,20.7,3.4,,,,,,,,,,3.9,5.6,,,,2023,3,10,70,1,0,1,0
239,세종,2023-03-12,6.4,0.6,2349.0,14.3,1.0,,,,,,9.1,10.9,320,2128,4.9,290,1946,2.2,1886.0,290.0,-0.3,34.0,1.0,65.1,6.6,1009.9,1024.9,2352,1017.9,832,1021.0,11.8,0.0,1600.0,0.47,2.41,,,,,,7.3,3.3,8.8,-0.5,,,,,,,,,,1.1,1.6,,,,2023,3,10,71,1,1,0,1
239,세종,2023-03-13,3.2,-2.2,656.0,9.3,1525.0,,,,,,,10.4,270,116,5.1,290,130,2.1,1813.0,290.0,-10.9,21.0,1344.0,35.9,2.7,1011.9,1026.5,723,1020.0,1803,1023.1,11.8,9.9,1200.0,2.96,20.5,,,,,,3.0,1.5,9.9,-4.5,,,,,,,,,,2.8,4.0,,,,2023,3,11,72,1,1,0,0
239,세종,2023-03-14,8.5,-0.5,648.0,16.6,1604.0,,,,,,,9.1,160,1223,5.4,140,1427,1.5,1282.0,160.0,-4.5,14.0,1134.0,45.5,4.6,1007.6,1021.0,124,1015.5,1649,1018.6,11.9,9.9,1300.0,3.32,20.32,,,,,,2.6,2.1,14.9,-0.8,,,,,,,,,,3.7,5.3,,,,2023,3,11,73,1,1,0,0
239,세종,2023-03-15,11.0,3.7,624.0,18.4,1153.0,,,,,,,10.8,140,1029,5.0,160,1011,2.2,1889.0,320.0,3.0,32.0,2313.0,60.3,7.8,1009.7,1025.6,2358,1017.9,1416,1020.5,11.9,6.3,1000.0,2.32,14.82,,,,,,5.0,2.6,15.3,0.3,,,,,,,,,,3.1,4.4,,,,2023,3,11,74,1,1,1,0
239,세종,2023-03-16,5.8,1.6,648.0,11.0,1445.0,,,,,,,8.2,340,17,5.2,320,1550,2.5,2134.0,320.0,-12.5,10.0,1429.0,27.4,2.4,1017.5,1030.9,901,1025.7,1,1028.6,12.0,7.4,1100.0,2.84,17.59,,,,,,6.0,2.6,12.0,-0.8,,,,,,,,,,3.3,4.7,,,,2023,3,11,75,1,1,0,0
239,세종,2023-03-17,6.9,1.7,620.0,11.9,1603.0,,,,,,,4.3,340,231,2.9,290,2348,1.3,1116.0,290.0,-6.0,25.0,1559.0,40.8,3.9,1012.4,1028.4,1,1019.9,1617,1023.5,12.0,0.5,1200.0,1.83,9.57,,,,,,8.4,4.9,11.2,1.2,,,,,,,,,,2.0,2.8,,,,2023,3,11,76,1,1,0,0
239,세종,2023-03-18,8.3,3.8,705.0,15.7,1422.0,,,,,,,10.1,290,1504,6.9,340,1546,2.0,1718.0,290.0,-6.2,14.0,1412.0,37.0,3.9,1008.4,1021.1,2154,1016.6,1441,1019.3,12.0,9.0,1300.0,2.68,18.23,,,,,,3.9,2.8,14.0,2.1,,,,,,,,,,3.4,4.9,,,,2023,3,11,77,1,1,0,0
239,세종,2023-03-19,7.9,-0.5,720.0,16.4,1459.0,,,,,,,6.5,320,1735,4.1,320,1738,1.4,1207.0,340.0,-3.0,21.0,1641.0,50.1,4.9,1009.3,1023.4,850,1017.1,1717,1020.3,12.1,10.2,1200.0,2.96,20.44,,,,,,0.3,0.0,14.8,-1.2,,,,,,,,,,3.3,4.7,,,,2023,3,11,78,1,1,0,0
239,세종,2023-03-20,9.7,1.4,637.0,18.7,1528.0,,,,,,,7.7,140,1413,3.0,230,1433,1.2,1064.0,290.0,-3.7,18.0,1428.0,43.1,4.7,1005.0,1019.2,1,1012.8,1728,1015.8,12.1,9.6,1200.0,2.9,20.25,,,,,,5.0,1.9,16.4,0.4,,,,,,,,,,3.7,5.3,,,,2023,3,12,79,1,1,0,0
239,세종,2023-03-21,12.8,3.2,646.0,22.3,1604.0,,,,,,,3.9,110,1433,2.4,320,1453,1.0,843.0,320.0,-2.7,17.0,1534.0,36.8,5.0,1001.0,1015.7,32,1007.8,1654,1011.7,12.1,10.0,1200.0,3.05,21.31,,,,,,1.5,0.9,19.3,1.5,,,,,,,,,,4.3,6.2,,,,2023,3,12,80,1,1,1,0
239,세종,2023-03-22,16.6,6.6,635.0,25.0,1456.0,,,,,,,5.2,90,1129,2.9,70,1150,1.3,1100.0,90.0,4.5,34.0,1155.0,46.0,8.6,998.7,1012.6,751,1006.6,1558,1009.2,12.2,7.6,1200.0,2.94,17.93,,,,,,5.1,0.5,24.0,4.0,,,,,,,,,,3.5,5.1,,,,2023,3,12,81,1,0,1,0
239,세종,2023-03-23,14.4,10.1,2354.0,20.4,1625.0,,,,,,9.4,5.1,320,1355,3.3,320,1400,1.2,1028.0,290.0,9.1,45.0,5.0,73.1,11.9,996.4,1011.6,2400,1004.4,1631,1006.9,12.2,1.5,1500.0,1.7,8.89,,,,,,8.5,5.1,19.6,8.1,,,,,,,,,,2.0,2.8,,,,2023,3,12,82,1,0,1,1
239,세종,2023-03-24,11.7,5.8,643.0,18.3,1531.0,,,,,,,4.9,90,1542,3.1,70,1543,1.5,1298.0,90.0,2.3,33.0,1146.0,53.9,7.4,1004.4,1019.2,2324,1011.6,1,1015.2,12.3,6.1,1100.0,2.52,16.11,,,,,,8.1,4.0,17.9,4.7,,,,,,,,,,2.7,3.9,,,,2023,3,12,83,1,0,1,0
239,세종,2023-03-25,10.8,7.9,424.0,13.3,1422.0,,,,,,,5.4,160,1618,3.9,160,1625,1.7,1500.0,70.0,4.8,51.0,13.0,66.5,8.6,1007.7,1020.3,908,1016.5,1745,1018.5,12.3,0.2,1400.0,1.18,8.7,,,,,,8.0,6.6,17.2,7.9,,,,,,,,,,1.6,2.2,,,,2023,3,12,84,1,0,1,0
239,세종,2023-03-26,8.9,3.7,2304.0,15.0,1318.0,,,,,,,9.5,340,1342,5.7,340,1348,2.3,2027.0,320.0,-5.4,11.0,1534.0,41.4,4.5,1007.0,1021.6,2353,1015.8,1430,1017.9,12.4,9.7,1300.0,3.09,22.01,,,,,,1.5,1.5,16.6,2.0,,,,,,,,,,4.5,6.4,,,,2023,3,12,85,1,1,0,0
239,세종,2023-03-27,6.8,-1.1,449.0,14.6,1627.0,,,,,,,6.1,320,1507,3.2,290,1551,1.7,1452.0,290.0,-5.7,17.0,1606.0,44.0,4.0,1011.2,1024.5,2240,1019.5,1525,1022.2,12.4,10.4,1200.0,3.08,22.53,,,,,,0.3,0.0,14.1,-1.1,,,,,,,,,,3.4,4.9,,,,2023,3,13,86,1,1,0,0
239,세종,2023-03-28,8.1,0.4,524.0,15.6,1428.0,,,,,,,5.7,230,1558,3.2,270,1447,1.2,1052.0,200.0,-2.3,27.0,1239.0,51.4,5.2,1013.2,1026.2,935,1022.2,1645,1024.2,12.4,5.2,1100.0,2.26,14.95,,,,,,2.0,0.8,13.2,0.0,,,,,,,,,,2.4,3.4,,,,2023,3,13,87,1,1,0,0
239,세종,2023-03-29,11.3,1.8,617.0,20.4,1522.0,,,,,,,5.8,320,1814,3.6,320,1859,1.2,1042.0,70.0,-1.4,15.0,1404.0,48.0,5.6,1011.6,1025.2,747,1019.1,1659,1022.5,12.5,10.4,1200.0,3.01,21.1,,,,,,0.8,0.0,18.3,0.8,,,,,,,,,,3.7,5.3,,,,2023,3,13,88,1,1,1,0
239,세종,2023-03-30,13.3,3.8,637.0,22.3,1523.0,,,,,,,6.0,340,1814,4.1,340,1626,1.3,1107.0,50.0,-3.9,13.0,1544.0,36.5,4.7,1008.7,1022.1,1,1016.4,1657,1019.4,12.5,9.7,1200.0,2.97,20.24,,,,,,4.0,0.8,19.3,2.3,,,,,,,,,,4.6,6.6,,,,2023,3,13,89,1,1,1,0
239,세종,2023-03-31,14.1,4.7,628.0,23.5,1632.0,,,,,,,4.9,320,1431,3.2,320,1603,1.2,1060.0,70.0,-2.4,16.0,1532.0,34.6,5.1,1007.5,1020.7,854,1014.8,1719,1018.2,12.5,10.6,1200.0,3.02,21.94,,,,,,0.1,0.0,20.6,2.3,,,,,,,,,,4.7,6.8,,,,2023,3,13,90,1,1,1,0
239,세종,2023-04-01,16.1,6.1,642.0,24.8,1532.0,,,,,,,5.6,90,2301,3.1,70,1405,1.3,1085.0,90.0,-0.9,13.0,1411.0,36.1,5.8,1005.3,1018.2,800,1012.3,1642,1015.9,12.6,10.4,1200.0,3.0,21.76,,,,,,0.9,0.1,17.7,4.1,,,,,,,,,,5.4,7.7,,,,2023,4,13,91,1,0,1,0
239,세종,2023-04-02,16.9,10.6,638.0,22.4,1550.0,,,,,,,10.1,70,1250,6.1,90,1152,3.0,2602.0,90.0,-2.1,16.0,1240.0,29.4,5.3,1008.4,1021.3,2358,1016.4,1635,1019.0,12.6,10.5,1200.0,3.17,23.06,,,,,,0.3,0.0,18.7,7.7,,,,,,,,,,6.6,9.4,,,,2023,4,13,92,1,0,1,0
239,세종,2023-04-03,16.8,8.4,627.0,22.9,1439.0,,,,,,,8.9,70,1332,5.6,90,1040,2.6,2273.0,90.0,-1.6,22.0,1037.0,29.0,5.5,1011.3,1024.3,832,1019.5,1554,1021.9,12.7,10.7,1200.0,3.1,22.72,,,,,,3.1,0.8,18.7,4.5,,,,,,,,,,6.3,9.0,,,,2023,4,14,93,1,0,1,0
239,세종,2023-04-04,15.1,11.0,657.0,22.1,1305.0,0.7,2030.0,2.9,2001.0,,8.4,6.3,200,1722,3.4,70,459,2.2,1911.0,90.0,3.9,23.0,202.0,52.8,8.7,1008.1,1021.9,1,1014.9,2400,1018.8,12.7,3.4,1200.0,2.37,13.37,,,,,,9.4,2.4,17.0,11.7,,,,,,,,,,2.6,3.7,,,,2023,4,14,94,1,0,1,1
239,세종,2023-04-05,12.1,8.2,2339.0,15.9,1406.0,0.8,1400.0,2.6,1310.0,,15.6,10.7,200,1532,3.6,160,2054,1.7,1434.0,160.0,10.9,86.0,2228.0,92.9,13.2,999.2,1014.9,1,1006.8,1517,1009.9,12.7,0.0,1100.0,0.69,3.13,,,,,,9.6,5.1,13.7,11.1,,,,,,,,,,0.7,0.9,,,,2023,4,14,95,1,0,1,1
239,세종,2023-04-06,8.8,6.8,2345.0,10.5,1239.0,0.3,2206.0,1.2,2152.0,,3.0,7.0,250,838,3.3,200,940,1.6,1410.0,160.0,7.1,80.0,1712.0,89.5,10.1,1001.0,1014.1,2347,1010.3,420,1011.8,12.8,0.0,1200.0,0.48,2.74,,,,,,9.1,6.4,10.3,9.8,,,,,,,,,,0.7,1.0,,,,2023,4,14,96,1,0,0,1
239,세종,2023-04-07,8.3,2.1,2358.0,15.9,1521.0,,,,,,,9.6,270,1602,5.1,290,1601,2.0,1753.0,290.0,1.0,27.0,1544.0,64.3,6.8,1004.5,1019.7,2319,1012.5,1558,1015.4,12.8,8.0,1100.0,3.1,20.9,,,,,,1.8,0.5,10.9,1.3,,,,,,,,,,3.2,4.6,,,,2023,4,14,97,1,0,0,0
239,세종,2023-04-08,7.9,0.1,544.0,15.5,1516.0,,,,,,,11.8,270,1241,6.6,290,1254,2.1,1842.0,290.0,-4.3,15.0,1400.0,48.5,4.6,1009.1,1022.0,2341,1017.7,1614,1020.1,12.9,10.6,1200.0,3.46,24.92,,,,,,0.8,0.0,10.5,-0.4,,,,,,,,,,4.4,6.3,,,,2023,4,14,98,1,0,0,0
239,세종,2023-04-09,9.6,1.9,510.0,18.7,1421.0,,,,,,,9.0,160,1522,4.0,160,1446,1.6,1363.0,180.0,-0.6,20.0,1547.0,57.1,6.0,1008.9,1022.4,128,1016.9,1649,1019.8,12.9,9.8,1200.0,3.31,24.61,,,,,,0.8,0.8,13.4,-0.1,,,,,,,,,,4.3,6.2,,,,2023,4,14,99,1,0,0,0
239,세종,2023-04-10,11.9,2.6,533.0,20.4,1500.0,,,,,,,8.5,160,1534,4.6,160,1526,1.5,1305.0,230.0,1.5,25.0,1353.0,52.6,6.9,1004.9,1019.2,128,1012.3,1746,1015.6,12.9,10.6,1200.0,3.16,23.42,,,,,,1.9,0.4,15.1,1.5,,,,,,,,,,4.6,6.6,,,,2023,4,15,100,1,0,1,0
239,세종,2023-04-11,14.8,9.7,2356.0,20.1,1119.0,1.1,1345.0,1.2,1317.0,,1.2,12.3,180,933,5.9,160,941,2.4,2064.0,160.0,9.0,47.0,213.0,69.5,11.8,1001.1,1016.1,2400,1007.8,1455,1011.7,13.0,1.4,900.0,2.07,7.72,,,,,,7.3,4.3,14.1,9.0,,,,,,,,,,1.8,2.6,,,,2023,4,15,101,1,0,1,1
239,세종,2023-04-12,10.5,3.4,615.0,17.2,1444.0,,,,,,,10.7,290,1222,5.4,290,1244,2.0,1712.0,290.0,-7.4,11.0,1438.0,34.4,3.9,1007.5,1020.7,2333,1016.0,1,1018.3,13.0,10.7,1200.0,3.32,24.84,,,,,,0.0,0.0,13.7,2.3,,,,,,,,,,5.3,7.6,,,,2023,4,15,102,1,0,1,0
239,세종,2023-04-13,12.6,2.8,346.0,23.0,1502.0,,,,,,,6.0,340,1444,2.9,230,1445,1.2,1022.0,50.0,-4.3,12.0,1434.0,35.0,4.5,1006.8,1021.1,20,1013.7,1648,1017.6,13.1,7.0,1300.0,2.96,14.84,,,,,,4.8,1.1,15.9,2.0,,,,,,,,,,4.4,6.3,,,2.0,2023,4,15,103,1,0,1,0
239,세종,2023-04-14,15.4,7.8,555.0,21.9,1538.0,,,,,,,5.6,110,1446,3.4,160,1352,1.2,1025.0,140.0,1.3,25.0,2044.0,40.3,6.8,1002.2,1016.7,718,1009.1,2349,1012.8,13.1,6.4,1200.0,3.04,18.99,,,,,,6.6,3.6,17.5,7.1,,,,,,,,,,3.7,5.3,,,,2023,4,15,104,1,0,1,0
239,세종,2023-04-15,12.3,7.4,2355.0,15.7,1627.0,2.2,1224.0,6.3,1152.0,,8.1,5.2,290,1241,3.2,320,1242,1.2,1012.0,160.0,8.3,51.0,1.0,77.9,11.1,994.6,1009.5,43,1002.6,1737,1005.2,13.1,2.0,1500.0,1.97,7.27,,,,,,6.1,3.0,14.7,8.0,,,,,,,,,,1.2,1.8,,,,2023,4,15,105,1,0,1,1
239,세종,2023-04-16,9.9,6.5,235.0,15.8,1333.0,0.3,1635.0,0.3,1604.0,,0.3,12.4,320,1410,7.0,320,1416,1.5,1285.0,320.0,4.9,32.0,1507.0,75.1,8.7,995.5,1012.0,2353,1003.3,136,1006.2,13.2,3.6,1000.0,2.41,13.82,,,,,,4.5,3.1,12.0,5.6,,,,,,,,,,2.2,3.2,,,,2023,4,15,106,1,0,0,0
239,세종,2023-04-17,12.5,3.7,603.0,20.5,1509.0,,,,,,,5.3,270,1154,3.6,290,1157,1.2,1014.0,90.0,3.3,21.0,1628.0,60.1,7.8,1004.4,1017.5,1014,1012.0,1,1015.1,13.2,10.4,1200.0,3.14,22.87,,,,,,3.8,1.8,15.4,3.4,,,,,,,,,,3.6,5.2,,,,2023,4,16,107,1,0,1,0
239,세종,2023-04-18,13.4,11.2,933.0,14.7,609.0,5.9,925.0,7.6,901.0,,10.1,5.5,290,921,3.3,290,923,0.8,695.0,70.0,9.7,48.0,609.0,81.1,12.3,1000.7,1014.8,1,1009.3,621,1011.3,13.2,0.0,1200.0,0.45,2.83,,,,,,8.3,7.8,13.9,14.1,,,,,,,,,,0.8,1.2,,,,2023,4,16,108,1,0,1,1
239,세종,2023-04-19,19.4,12.9,538.0,27.4,1706.0,,,,,,,6.9,230,1823,4.0,110,1121,1.7,1479.0,70.0,12.8,32.0,1447.0,69.8,15.0,998.9,1012.6,1,1005.7,1557,1009.3,13.3,10.3,1200.0,3.4,25.73,,,,,,3.5,3.1,21.1,15.7,,,,,,,,,,5.0,7.1,,,,2023,4,16,109,1,0,1,0
239,세종,2023-04-20,18.8,14.2,2400.0,25.0,1530.0,,,,,,,6.5,200,1535,3.8,320,1807,1.5,1277.0,320.0,14.4,53.0,1534.0,77.3,16.4,999.4,1011.9,2223,1006.5,1559,1009.8,13.3,2.6,1300.0,2.72,13.18,,,,,,5.3,4.0,19.3,15.8,,,,,,,,,,2.4,3.4,,,,2023,4,16,110,1,0,1,0
239,세종,2023-04-21,17.1,13.5,2357.0,22.5,1500.0,,,,,,,7.0,290,1901,4.6,340,1819,2.0,1715.0,290.0,9.4,28.0,1954.0,63.6,12.3,1001.2,1015.4,2352,1009.4,1726,1011.7,13.3,5.7,1200.0,2.98,18.25,,,,,,5.9,3.6,20.6,15.3,,,,,,,,,,3.9,5.6,,,,2023,4,16,111,1,0,1,0
239,세종,2023-04-22,16.0,11.3,611.0,21.0,1328.0,,,,,,,7.7,50,1113,4.5,90,901,2.7,2341.0,90.0,-0.6,18.0,1338.0,33.9,5.9,1008.4,1021.6,2331,1015.4,1,1019.0,13.4,6.0,1200.0,3.39,20.25,,,,,,4.8,1.4,18.8,12.7,,,,,,,,,,4.9,6.9,,,,2023,4,16,112,1,0,1,0
239,세종,2023-04-23,15.9,11.6,544.0,21.0,1646.0,,,,,,,5.1,90,718,3.1,70,403,1.7,1509.0,70.0,1.0,20.0,1631.0,37.9,6.6,1011.9,1024.5,932,1020.7,1647,1022.6,13.4,4.7,1200.0,2.68,18.51,,,,,,9.4,5.4,19.6,12.9,,,,,,,,,,3.8,5.4,,,,2023,4,16,113,1,0,1,0
239,세종,2023-04-24,14.6,10.2,2348.0,19.9,1340.0,,,,,,,7.0,90,1037,4.0,90,1328,2.0,1688.0,90.0,3.1,26.0,36.0,47.5,7.6,1012.0,1024.7,853,1020.7,1754,1022.7,13.4,4.5,1300.0,3.09,17.57,,,,,,7.8,2.6,19.7,10.8,,,,,,,,,,3.3,4.7,,,,2023,4,17,114,1,0,1,0
239,세종,2023-04-25,9.2,6.6,2357.0,11.0,847.0,0.1,,0.2,,,0.4,5.5,160,909,3.2,140,924,1.3,1164.0,90.0,5.4,52.0,911.0,78.4,9.0,1005.3,1022.5,4,1012.3,1848,1016.2,13.5,0.0,1100.0,0.74,4.57,,,,,,9.1,4.0,12.0,6.7,,,,,,,,,,0.8,1.2,,,,2023,4,17,115,1,0,0,0
239,세종,2023-04-26,8.5,4.7,2346.0,14.6,1347.0,,,,,,,9.7,250,1315,4.8,290,1502,2.0,1691.0,290.0,3.4,43.0,1133.0,73.9,7.9,1004.0,1019.7,2355,1012.3,907,1014.9,13.5,6.7,1300.0,3.44,22.23,,,,,,5.3,3.3,14.5,5.4,,,,,,,,,,3.3,4.7,,,,2023,4,17,116,1,0,0,0
239,세종,2023-04-27,12.0,2.1,552.0,21.9,1615.0,,,,,,,6.6,270,1227,3.0,270,1332,1.3,1083.0,70.0,1.5,17.0,1535.0,56.1,6.8,1009.4,1022.1,702,1017.9,1708,1020.2,13.6,11.7,1200.0,3.4,26.06,,,,,,2.4,0.0,18.1,2.0,,,,,,,,,,4.3,6.1,,,,2023,4,17,117,1,0,1,0
239,세종,2023-04-28,15.6,6.0,536.0,22.7,1438.0,0.0,,0.0,,,0.0,7.6,250,1343,3.9,200,1218,1.3,1129.0,140.0,7.0,25.0,1053.0,59.3,10.3,1005.6,1020.3,403,1012.6,2331,1016.2,13.6,8.5,1200.0,3.48,23.4,,,,,,3.8,1.6,20.6,5.2,,,,,,,,,,3.9,5.5,,,,2023,4,17,118,1,0,1,0
239,세종,2023-04-29,13.6,8.7,2147.0,18.4,1013.0,0.4,541.0,1.0,504.0,,1.7,8.3,230,1050,4.0,320,2059,1.9,1607.0,180.0,10.7,66.0,11.0,83.4,13.2,997.3,1012.5,1,1005.5,1325,1007.9,13.6,0.0,1000.0,0.56,4.12,,,,,,9.9,5.8,15.5,11.0,,,,,,,,,,1.2,1.7,,,,2023,4,17,119,1,0,1,1
239,세종,2023-04-30,12.8,5.7,601.0,19.7,1404.0,,,,,,,9.8,230,1530,4.0,250,1532,2.0,1705.0,180.0,5.3,29.0,1528.0,63.9,9.0,1000.4,1012.8,841,1009.0,1528,1011.1,13.7,11.9,1200.0,3.34,25.42,,,,,,3.3,0.9,17.4,5.3,,,,,,,,,,3.9,5.6,,,,2023,4,17,120,1,0,1,0
239,세종,2023-05-01,14.0,7.3,547.0,20.6,1616.0,,,,,,,9.1,290,1316,5.1,290,1323,1.8,1564.0,320.0,2.5,23.0,1625.0,52.1,7.5,1006.9,1021.5,2357,1012.3,7,1017.5,13.7,10.0,1300.0,3.36,23.83,,,,,,1.0,0.3,20.0,6.0,,,,,,,,,,4.5,6.4,,,,2023,5,18,121,0,0,1,0
239,세종,2023-05-02,16.4,6.3,528.0,25.4,1439.0,,,,,,,4.9,160,1449,3.0,110,1323,1.1,982.0,270.0,2.6,17.0,1236.0,45.9,7.4,1011.5,1024.3,828,1019.7,1735,1022.1,13.7,10.2,1100.0,3.22,25.24,,,,,,5.4,0.5,21.5,6.0,,,,,,,,,,5.0,7.2,,,,2023,5,18,122,0,0,1,0
239,세종,2023-05-03,18.5,10.1,549.0,25.3,1522.0,,,,,,,7.0,200,1506,3.2,160,1508,1.3,1086.0,180.0,7.1,20.0,1122.0,50.3,10.3,1010.1,1023.4,703,1018.2,1600,1020.6,13.8,8.0,1200.0,3.39,23.09,,,,,,7.6,3.0,24.2,11.0,,,,,,,,,,4.4,6.2,,,,2023,5,18,123,0,0,1,0
239,세종,2023-05-04,19.7,14.7,418.0,25.9,1423.0,1.0,2307.0,2.5,2235.0,,2.5,6.7,160,1301,3.9,110,1330,1.8,1554.0,90.0,12.7,45.0,1301.0,66.6,14.8,1002.9,1019.8,5,1009.3,2349,1013.3,13.8,2.7,1200.0,3.17,17.25,,,,,,7.5,6.1,23.6,15.7,,,,,,,,,,3.3,4.7,,,,2023,5,18,124,0,0,1,1
239,세종,2023-05-05,18.9,16.3,321.0,20.9,1531.0,4.4,724.0,14.8,1619.0,,72.8,4.2,140,1145,2.5,90,711,1.1,987.0,90.0,18.2,89.0,100.0,96.0,20.9,992.6,1009.3,1,1000.3,1738,1002.9,13.8,0.0,1400.0,0.45,3.28,,,,,,9.3,6.1,20.2,19.4,,,,,,,,,,0.7,0.9,,,,2023,5,18,125,0,0,1,1
239,세종,2023-05-06,14.4,11.8,2225.0,19.7,1.0,1.9,828.0,6.9,758.0,,42.7,7.0,90,755,3.5,90,2315,2.1,1836.0,70.0,13.5,84.0,2356.0,94.6,15.8,994.7,1011.1,2217,998.5,411,1005.3,13.9,0.0,900.0,0.43,3.3,,,,,,8.5,4.8,17.5,14.5,,,,,,,,,,0.8,1.2,,,,2023,5,18,126,0,0,1,1
239,세종,2023-05-07,12.1,8.2,2333.0,14.7,1455.0,0.2,,0.2,,,0.5,6.4,70,1235,3.8,90,1239,2.0,1733.0,70.0,7.5,51.0,1239.0,74.6,10.4,1001.7,1015.5,2358,1010.9,1628,1012.4,13.9,0.1,1000.0,1.2,8.56,,,,,,7.4,4.0,14.5,8.2,,,,,,,,,,1.6,2.3,,,,2023,5,18,127,0,0,1,0
239,세종,2023-05-08,13.1,5.2,537.0,22.0,1603.0,,,,,,,6.7,290,1757,4.0,290,1757,1.3,1098.0,140.0,5.3,22.0,1256.0,64.6,8.9,1006.1,1018.6,2357,1015.0,1555,1016.9,13.9,9.1,1200.0,3.46,25.81,,,,,,2.9,0.1,16.5,5.9,,,,,,,,,,4.2,6.0,,,,2023,5,19,128,0,0,1,0
239,세종,2023-05-09,15.5,6.1,507.0,24.8,1521.0,,,,,,,7.1,290,1522,3.1,290,1509,1.4,1174.0,270.0,5.8,27.0,1458.0,58.3,9.3,1006.2,1019.3,713,1013.6,1724,1016.8,13.9,12.0,1200.0,3.54,27.9,,,,,,0.6,0.0,17.5,6.4,,,,,,,,,,4.9,7.0,,,,2023,5,19,129,0,0,1,0
239,세종,2023-05-10,16.6,8.8,541.0,25.0,1558.0,,,,,,,5.7,340,1600,3.1,320,1745,1.4,1221.0,50.0,6.8,19.0,1615.0,58.0,9.9,1006.3,1018.8,830,1014.2,1649,1016.9,14.0,9.9,1300.0,3.09,24.67,,,,,,2.9,0.9,19.2,9.1,,,,,,,,,,4.8,6.8,,,,2023,5,19,130,0,0,1,0
239,세종,2023-05-11,18.1,9.5,532.0,26.6,1512.0,,,,,,,5.9,320,1345,3.1,290,1844,1.1,975.0,90.0,7.5,20.0,1445.0,55.0,10.4,1007.3,1019.8,810,1015.2,1730,1017.8,14.0,11.6,1200.0,3.45,26.83,,,,,,3.9,0.0,21.2,5.9,,,,,,,,,,4.9,7.1,,,,2023,5,19,131,0,0,1,0
239,세종,2023-05-12,17.4,11.1,454.0,24.1,1531.0,,,,,,,5.5,160,1922,3.2,160,1924,1.1,948.0,180.0,6.8,29.0,1520.0,52.3,9.9,1006.3,1019.1,343,1013.5,1719,1016.8,14.0,3.6,1300.0,2.59,18.96,,,,,,8.6,4.3,20.0,8.7,,,,,,,,,,3.6,5.2,,,,2023,5,19,132,0,0,1,0
239,세종,2023-05-13,17.5,12.2,549.0,23.6,1426.0,,,,,,,7.1,320,1655,4.3,320,1859,1.7,1450.0,290.0,8.7,33.0,1727.0,59.1,11.4,1002.2,1017.0,1,1009.3,1705,1012.7,14.1,9.5,1100.0,3.24,22.45,,,,,,3.9,1.4,21.0,9.9,,,,,,,,,,4.0,5.7,,,,2023,5,19,133,0,0,1,0
239,세종,2023-05-14,17.3,8.9,518.0,25.0,1559.0,,,,,,,6.4,270,1502,3.1,290,1531,1.3,1112.0,320.0,7.9,28.0,1217.0,58.6,10.7,999.0,1012.0,2,1006.8,1720,1009.5,14.1,11.1,1200.0,3.55,26.88,,,,,,1.5,0.5,23.3,5.4,,,,,,,,,,5.0,7.1,,,,2023,5,19,134,0,0,1,0
239,세종,2023-05-15,19.7,10.2,504.0,27.6,1545.0,,,,,,,6.3,180,1220,2.9,250,1244,1.2,1000.0,160.0,9.6,30.0,1151.0,56.4,12.0,998.2,1010.1,2346,1006.1,1606,1008.5,14.1,12.3,1200.0,3.41,26.96,,,,,,2.6,0.0,24.3,6.7,,,,,,,,,,5.2,7.4,,,,2023,5,20,135,0,0,1,0
239,세종,2023-05-16,22.6,14.7,533.0,30.2,1412.0,,,,,,,7.3,180,1308,3.9,180,1343,1.3,1158.0,180.0,10.3,24.0,1842.0,50.3,12.7,1000.6,1013.4,2349,1009.2,1519,1010.9,14.1,11.7,1100.0,3.23,26.81,,,,,,0.9,0.0,27.2,12.4,,,,,,,,,,5.9,8.4,,,,2023,5,20,136,0,0,1,0
239,세종,2023-05-17,22.6,15.3,459.0,29.8,1433.0,,,,,,,8.5,230,1323,3.6,180,1412,1.7,1470.0,200.0,11.7,26.0,1317.0,53.5,13.8,1002.8,1014.5,614,1011.0,1540,1013.1,14.2,12.2,1300.0,3.22,27.3,,,,,,4.9,0.0,27.1,11.5,,,,,,,,,,5.3,7.6,,,,2023,5,20,137,0,0,1,0
239,세종,2023-05-18,19.1,17.7,532.0,21.9,1126.0,,,,,,,7.6,110,1133,4.6,110,1136,1.9,1621.0,90.0,13.2,45.0,1132.0,69.8,15.2,1000.3,1013.4,1,1008.9,1742,1010.7,14.2,0.0,1500.0,0.83,6.9,,,,,,8.9,5.4,21.1,16.0,,,,,,,,,,2.2,3.2,,,,2023,5,20,138,0,0,1,0
239,세종,2023-05-19,20.4,15.5,457.0,25.6,1634.0,,,,,,,5.4,20,1121,3.6,340,1225,1.6,1349.0,90.0,13.2,45.0,1546.0,64.6,15.2,998.7,1011.1,2307,1007.4,338,1009.0,14.2,5.3,1400.0,2.12,18.04,,,,,,4.6,3.5,24.3,12.2,,,,,,,,,,3.5,5.0,,,,2023,5,20,139,0,0,1,0
239,세종,2023-05-20,20.1,14.5,528.0,27.1,1518.0,,,,,,,7.2,270,1700,3.3,290,1648,1.5,1288.0,180.0,14.3,46.0,1500.0,71.6,16.3,1000.4,1012.5,2143,1008.6,1741,1010.8,14.3,11.3,1200.0,3.42,26.34,,,,,,3.5,0.6,26.3,11.5,,,,,,,,,,4.2,6.0,,,,2023,5,20,140,0,0,1,0
239,세종,2023-05-21,18.1,15.4,1.0,23.7,1525.0,,,,,,,6.3,230,1030,3.0,200,1031,1.5,1282.0,180.0,12.8,53.0,1447.0,72.9,14.8,999.5,1011.3,24,1008.5,1610,1009.9,14.3,5.2,1200.0,2.97,18.31,,,,,,6.9,4.9,24.0,14.6,,,,,,,,,,3.0,4.2,,,,2023,5,20,141,0,0,1,0
239,세종,2023-05-22,17.2,13.9,2358.0,22.8,1647.0,0.4,2317.0,0.5,2237.0,,0.5,6.5,110,2307,3.4,70,2258,1.3,1118.0,290.0,11.7,41.0,1725.0,72.5,13.8,998.2,1011.0,2319,1006.5,1730,1008.6,14.3,3.8,1400.0,2.49,13.38,,,,,,7.6,2.0,22.4,13.0,,,,,,,,,,2.7,3.9,,,,2023,5,21,142,0,0,1,0
239,세종,2023-05-23,17.8,10.9,546.0,25.0,1443.0,,,,,,,5.7,340,1624,3.7,290,1618,1.5,1266.0,320.0,9.9,30.0,1604.0,64.9,12.2,1000.2,1013.7,2345,1008.6,1521,1010.6,14.3,10.4,1200.0,3.52,26.77,,,,,,1.6,1.0,23.5,8.7,,,,,,,,,,4.8,6.9,,,,2023,5,21,143,0,0,1,0
239,세종,2023-05-24,19.3,11.6,512.0,26.5,1337.0,,,,,,,4.1,140,1521,2.5,140,2347,0.9,811.0,110.0,9.8,26.0,1323.0,58.4,12.2,1004.1,1016.7,2325,1012.9,1550,1014.6,14.4,5.2,1100.0,3.06,20.23,,,,,,6.8,3.3,26.4,8.3,,,,,,,,,,3.8,5.4,,,,2023,5,21,144,0,0,1,0
239,세종,2023-05-25,20.4,14.2,532.0,26.8,1458.0,,,,,,,6.2,320,1746,3.7,320,1754,1.3,1125.0,90.0,8.9,28.0,1553.0,50.3,11.5,1005.7,1018.2,730,1013.4,1704,1016.1,14.4,8.1,1200.0,3.49,25.93,,,,,,6.0,4.8,29.2,11.1,,,,,,,,,,5.4,7.8,,,,2023,5,21,145,0,0,1,0
239,세종,2023-05-26,21.2,15.3,537.0,26.1,1400.0,,,,,,,5.3,110,1106,2.9,290,1509,1.4,1170.0,230.0,12.5,44.0,1139.0,59.3,14.6,1007.6,1019.4,705,1016.9,1616,1018.0,14.4,8.8,1200.0,2.98,23.64,,,,,,7.3,2.9,28.0,13.9,,,,,,,,,,3.8,5.4,,,,2023,5,21,146,0,0,1,0
239,세종,2023-05-27,19.9,18.4,724.0,21.6,1702.0,0.7,1138.0,3.2,1128.0,,6.3,3.5,70,1515,2.0,70,1401,0.9,791.0,70.0,17.6,72.0,2.0,87.1,20.2,1006.8,1019.4,659,1015.0,1743,1017.2,14.4,0.0,1400.0,0.92,5.32,,,,,,9.9,3.3,21.7,18.4,,,,,,,,,,1.0,1.4,,,,2023,5,21,147,0,0,1,1
239,세종,2023-05-28,20.0,18.0,531.0,21.8,1256.0,2.2,1348.0,9.0,1329.0,,42.9,6.5,200,1441,2.9,180,1445,1.2,1003.0,160.0,18.7,77.0,216.0,92.4,21.6,1002.4,1015.5,1,1011.2,1749,1012.8,14.4,0.0,1200.0,0.8,3.97,,,,,,8.8,3.6,21.0,18.0,,,,,,,,,,0.8,1.1,,,,2023,5,21,148,0,0,1,1
239,세종,2023-05-29,20.6,19.1,2359.0,22.7,1550.0,2.2,157.0,10.0,101.0,,26.0,4.1,90,1951,2.6,70,2306,1.0,869.0,90.0,19.2,83.0,1425.0,91.9,22.2,999.9,1012.0,1,1009.4,502,1010.2,14.5,0.2,1400.0,1.01,5.78,,,,,,8.0,5.8,22.6,17.5,,,,,,,,,,1.4,2.0,,,,2023,5,22,149,0,0,1,1
239,세종,2023-05-30,21.5,17.5,336.0,26.0,1330.0,,,,,,,7.7,140,2203,4.6,70,1313,2.1,1825.0,90.0,16.5,58.0,1333.0,75.1,18.9,999.7,1011.5,15,1008.3,1716,1010.0,14.5,6.2,1200.0,3.06,21.97,,,,,,7.0,2.9,24.5,14.8,,,,,,,,,,4.3,6.1,,,,2023,5,22,150,0,0,1,0
239,세종,2023-05-31,22.0,17.3,348.0,27.7,1700.0,,,,,,,5.4,70,1032,3.2,70,1041,1.9,1605.0,90.0,13.0,38.0,1541.0,58.6,15.0,1000.1,1012.6,809,1007.8,1737,1010.4,14.5,10.8,1200.0,3.53,28.47,,,,,,4.5,2.6,26.1,15.7,,,,,,,,,,5.1,7.3,,,,2023,5,22,151,0,0,1,0
239,세종,2023-06-01,21.7,17.3,421.0,26.0,1330.0,,,,,,,4.0,180,1627,2.3,90,1329,1.0,895.0,160.0,16.5,54.0,1333.0,73.5,18.7,995.7,1010.1,1,1002.9,1718,1006.0,14.5,1.8,1000.0,2.02,15.05,,,,,,8.3,3.0,24.0,16.2,,,,,,,,,,2.7,3.9,,,,2023,6,22,152,0,0,1,0
239,세종,2023-06-02,20.9,17.0,2400.0,25.9,1451.0,,,,,,,6.5,320,1536,3.7,320,1541,1.6,1356.0,290.0,16.1,54.0,1700.0,75.4,18.3,992.5,1005.8,2337,1000.8,1506,1002.7,14.5,7.5,1100.0,3.04,23.18,,,,,,5.3,2.6,25.4,15.1,,,,,,,,,,4.1,5.8,,,,2023,6,22,153,0,0,1,0
239,세종,2023-06-03,21.1,14.9,434.0,26.9,1528.0,,,,,,,11.2,340,1559,5.8,290,1413,2.1,1785.0,270.0,10.6,24.0,1623.0,57.1,13.1,998.4,1010.6,2214,1005.8,1,1008.7,14.5,11.2,1200.0,3.61,29.41,,,,,,2.4,1.8,26.7,12.6,,,,,,,,,,7.0,10.0,,,,2023,6,22,154,0,0,1,0
239,세종,2023-06-04,21.9,15.3,527.0,28.2,1620.0,,,,,,,6.9,250,1338,3.8,290,1338,1.5,1270.0,180.0,11.5,25.0,1518.0,54.1,13.6,1000.6,1012.1,2227,1008.6,1603,1010.9,14.6,11.6,1100.0,3.47,28.63,,,,,,6.4,2.5,28.9,12.9,,,,,,,,,,5.2,7.4,,,,2023,6,22,155,0,0,1,0
239,세종,2023-06-05,20.9,16.3,530.0,26.4,1451.0,,,,,,,7.1,270,1418,3.9,270,1232,1.7,1485.0,290.0,13.8,43.0,1400.0,66.3,15.8,1001.2,1012.7,840,1009.8,1731,1011.5,14.6,9.0,1300.0,3.39,24.63,,,,,,6.5,1.1,27.1,14.5,,,,,,,,,,4.6,6.6,,,,2023,6,23,156,0,0,1,0
239,세종,2023-06-06,20.3,14.6,536.0,27.3,1548.0,,,,,,,6.6,340,1744,4.1,320,1722,1.4,1230.0,270.0,13.8,43.0,1504.0,68.1,15.8,997.2,1011.6,1,1004.6,1613,1007.5,14.6,11.3,1200.0,3.43,27.75,,,,,,2.6,0.4,29.3,13.8,,,,,,,,,,4.7,6.7,,,,2023,6,23,157,0,0,1,0
239,세종,2023-06-07,21.3,16.0,111.0,26.1,1545.0,,,,,,,4.8,250,1449,2.7,160,1513,1.2,1072.0,250.0,16.2,57.0,1757.0,73.9,18.4,998.6,1010.5,811,1007.1,1800,1008.8,14.6,6.1,1300.0,2.32,19.37,,,,,,7.0,5.0,27.3,14.4,,,,,,,,,,3.3,4.6,,,,2023,6,23,158,0,0,1,0
239,세종,2023-06-08,21.6,18.1,404.0,27.1,1441.0,,,,,,,6.5,290,1227,3.2,320,1233,1.5,1256.0,290.0,16.7,50.0,1459.0,75.1,19.0,994.4,1008.0,5,1001.3,1659,1004.6,14.6,4.9,1100.0,3.31,20.16,,,,,,8.0,3.5,26.8,17.7,,,,,,,,,,3.6,5.1,,,,2023,6,23,159,0,0,1,0
239,세종,2023-06-09,23.1,18.6,24.0,29.5,1549.0,,,,,,,5.5,320,245,3.3,320,1352,1.5,1322.0,200.0,14.1,30.0,1624.0,60.5,16.3,993.6,1004.7,2354,1002.3,1752,1003.7,14.6,11.1,1200.0,3.49,27.96,,,,,,3.1,2.4,32.6,17.3,,,,,,,,,,5.3,7.6,,,,2023,6,23,160,0,0,1,0
239,세종,2023-06-10,23.4,19.0,113.0,30.6,1349.0,,,,,,,6.1,270,1658,3.6,290,1706,1.5,1319.0,180.0,15.3,38.0,1356.0,63.0,17.4,994.6,1006.1,2144,1002.7,1613,1004.7,14.6,6.4,1300.0,3.34,22.61,,,,,,7.4,2.8,28.8,17.6,,,,,,,,,,4.6,6.6,,,,2023,6,23,161,0,0,1,0
239,세종,2023-06-11,22.8,17.9,321.0,29.4,1432.0,,,,,,,7.0,340,1640,4.1,290,1515,1.6,1420.0,90.0,17.3,48.0,1422.0,72.6,19.7,994.9,1006.5,2226,1002.9,1413,1005.0,14.6,8.0,1200.0,3.31,23.52,,,,,,5.1,3.6,29.0,16.6,,,,,,,,,,4.3,6.2,,,,2023,6,23,162,0,0,1,0
239,세종,2023-06-12,22.6,16.7,527.0,29.0,1503.0,0.0,,0.0,,,0.0,4.9,320,1656,3.3,290,1625,1.5,1253.0,320.0,16.0,39.0,1336.0,69.3,18.3,995.2,1007.6,732,1003.3,1541,1005.4,14.7,8.7,1200.0,3.57,23.98,,,,,,4.4,2.3,31.0,15.1,,,,,,,,,,4.5,6.4,,,,2023,6,24,163,0,0,1,0
239,세종,2023-06-13,22.2,17.8,314.0,28.1,1328.0,0.0,,0.0,,,0.0,5.7,270,1807,3.1,320,1815,1.5,1333.0,290.0,15.6,40.0,1400.0,68.6,17.7,994.2,1005.6,748,1002.6,1653,1004.4,14.7,8.1,1200.0,3.5,22.87,,,,,,4.9,2.0,25.9,16.3,,,,,,,,,,4.2,6.0,,,,2023,6,24,164,0,0,1,0
239,세종,2023-06-14,21.7,16.2,516.0,27.7,1517.0,,,,,,,5.4,320,1903,3.7,320,1907,1.4,1239.0,290.0,15.2,41.0,1316.0,69.4,17.3,995.6,1007.9,2300,1003.9,1552,1005.8,14.7,8.9,1200.0,3.24,24.58,,,,,,5.1,2.4,28.7,14.8,,,,,,,,,,4.5,6.5,,,,2023,6,24,165,0,0,1,0
239,세종,2023-06-15,21.8,15.5,524.0,27.9,1502.0,,,,,,,5.0,340,1339,2.9,320,1120,1.5,1270.0,230.0,15.3,43.0,1453.0,69.4,17.4,998.4,1011.5,2359,1006.8,1459,1008.7,14.7,8.1,1200.0,2.77,22.07,,,,,,3.6,1.4,30.1,13.7,,,,,,,,,,4.0,5.7,,,,2023,6,24,166,0,0,1,0
239,세종,2023-06-16,23.6,16.3,525.0,31.3,1706.0,,,,,,,5.3,320,1855,3.6,290,1916,1.5,1297.0,290.0,15.5,39.0,1610.0,63.8,17.6,1002.8,1014.4,855,1010.8,1712,1013.0,14.7,12.8,1200.0,3.5,28.99,,,,,,1.8,0.0,30.9,14.2,,,,,,,,,,5.8,8.2,,,,2023,6,24,167,0,0,1,0
239,세종,2023-06-17,24.1,17.3,524.0,31.6,1511.0,,,,,,,6.4,320,1612,3.8,290,1614,1.4,1252.0,320.0,15.5,34.0,1640.0,62.3,17.7,1002.4,1015.3,444,1010.2,1756,1012.6,14.7,9.9,1200.0,3.44,25.85,,,,,,6.4,1.9,29.6,15.6,,,,,,,,,,5.1,7.3,,,,2023,6,24,168,0,0,1,0
239,세종,2023-06-18,25.1,18.4,545.0,32.9,1651.0,,,,,,,6.3,340,1850,3.1,320,1859,1.5,1262.0,320.0,15.3,37.0,1622.0,56.8,17.4,997.1,1011.6,1,1004.0,1714,1007.3,14.7,10.5,1200.0,3.42,26.6,,,,,,3.5,2.0,32.4,18.1,,,,,,,,,,6.0,8.6,,,,2023,6,24,169,0,0,1,0
239,세종,2023-06-19,26.2,19.1,439.0,33.3,1622.0,,,,,,,8.1,70,1231,4.7,110,1259,1.9,1643.0,90.0,17.3,39.0,1229.0,60.3,19.7,996.0,1007.6,639,1003.6,1609,1006.1,14.7,11.2,1100.0,3.24,25.96,,,,,,4.5,1.1,33.3,17.6,,,,,,,,,,6.0,8.5,,,,2023,6,25,170,0,0,1,0
239,세종,2023-06-20,23.5,19.8,2041.0,27.5,1037.0,4.5,2034.0,8.3,1955.0,,8.6,7.2,140,932,4.3,90,929,2.2,1923.0,90.0,15.8,44.0,1039.0,64.4,18.0,994.0,1006.8,11,1001.9,1803,1004.2,14.7,2.2,1000.0,2.0,13.14,,,,,,8.0,3.1,28.5,19.7,,,,,,,,,,2.6,3.7,,,,2023,6,25,171,0,0,1,1
239,세종,2023-06-21,20.8,19.8,508.0,23.3,1601.0,1.5,410.0,2.8,350.0,,7.7,5.2,320,1604,2.5,90,302,1.1,988.0,290.0,19.5,88.0,2145.0,92.6,22.7,991.2,1003.2,2326,1000.1,1516,1001.4,14.7,0.2,1500.0,0.64,4.51,,,,,,7.4,6.0,23.2,20.0,,,,,,,,,,1.1,1.6,,,,2023,6,25,172,0,0,1,1
239,세종,2023-06-22,22.5,19.0,521.0,27.7,1514.0,,,,,,,7.6,270,1525,3.4,290,1356,1.7,1446.0,270.0,17.8,55.0,1516.0,76.3,20.3,994.0,1006.8,2352,1002.5,1541,1004.2,14.7,6.8,1200.0,3.43,22.02,,,,,,6.4,4.0,25.8,19.0,,,,,,,,,,4.2,5.9,,,,2023,6,25,173,0,0,1,0
239,세종,2023-06-23,24.9,18.7,529.0,31.1,1645.0,,,,,,,4.9,270,2002,3.2,320,1843,1.3,1130.0,290.0,18.4,44.0,1440.0,69.5,21.1,999.0,1012.3,2357,1006.5,46,1009.2,14.7,11.0,1300.0,3.19,27.35,,,,,,4.3,2.5,30.2,17.6,,,,,,,,,,5.2,7.4,,,,2023,6,25,174,0,0,1,0
239,세종,2023-06-24,26.2,20.7,531.0,32.2,1524.0,,,,,,,5.3,90,1458,3.0,270,2159,1.4,1176.0,180.0,19.3,42.0,1544.0,68.4,22.4,1003.3,1014.9,2329,1011.4,1733,1013.4,14.7,11.4,1100.0,3.34,26.45,,,,,,3.4,1.4,32.6,19.8,,,,,,,,,,5.0,7.2,,,,2023,6,25,175,0,0,1,0
239,세종,2023-06-25,26.3,20.1,530.0,31.6,1547.0,,,,,,,8.4,110,1522,4.6,90,1518,2.1,1790.0,90.0,17.6,38.0,1456.0,61.9,20.2,1001.4,1014.9,21,1008.9,1742,1011.5,14.7,8.2,1200.0,2.76,21.82,,,,,,6.8,2.5,32.2,19.1,,,,,,,,,,4.7,6.7,,,,2023,6,25,176,0,0,1,0
239,세종,2023-06-26,23.8,21.3,447.0,26.2,1348.0,4.1,2205.0,12.8,348.0,,46.4,7.4,140,1514,3.1,200,1626,1.8,1545.0,160.0,22.2,65.0,1.0,91.0,26.8,996.8,1009.2,1,1005.5,1711,1006.9,14.7,0.0,1300.0,1.32,6.86,,,,,,9.8,4.6,26.2,21.5,,,,,,,,,,1.7,2.4,,,,2023,6,26,177,0,0,1,1
239,세종,2023-06-27,25.5,22.1,615.0,30.5,1659.0,2.0,10.0,4.0,111.0,,7.1,8.3,250,221,3.4,180,418,1.7,1447.0,180.0,20.6,51.0,1444.0,75.8,24.3,998.7,1010.2,2257,1005.5,5,1008.8,14.7,8.7,1300.0,3.26,25.57,,,,,,5.5,3.0,28.8,22.1,,,,,,,,,,4.6,6.6,,,,2023,6,26,178,0,0,1,1
239,세종,2023-06-28,23.6,19.0,539.0,26.7,1152.0,1.8,147.0,1.9,137.0,,1.9,8.4,70,119,4.2,140,131,1.3,1086.0,180.0,20.6,66.0,129.0,83.8,24.3,998.1,1010.7,149,1006.7,2359,1008.3,14.7,2.8,1100.0,2.82,13.21,,,,,,8.4,6.0,26.3,19.0,,,,,,,,,,2.1,2.9,,,,2023,6,26,179,0,0,1,1
239,세종,2023-06-29,24.3,23.2,1523.0,25.1,840.0,4.5,1442.0,13.7,1416.0,,31.9,8.6,160,1809,3.6,180,1701,1.4,1205.0,180.0,22.9,85.0,745.0,91.9,27.8,991.9,1006.8,12,998.0,1603,1001.9,14.7,0.0,1200.0,0.31,2.4,,,,,,9.4,7.0,25.2,23.6,,,,,,,,,,0.7,1.0,,,,2023,6,26,180,0,0,1,1
239,세종,2023-06-30,24.3,23.1,516.0,27.2,1604.0,2.5,45.0,3.9,1.0,,9.0,6.4,230,107,2.6,160,759,1.2,1010.0,180.0,22.8,79.0,1611.0,91.6,27.8,990.6,1003.3,2354,999.4,252,1000.7,14.7,0.6,1500.0,1.39,9.67,,,,,,8.3,4.4,26.6,22.7,,,,,,,,,,1.7,2.4,,,,2023,6,26,181,0,0,1,1
239,세종,2023-07-01,26.8,22.7,402.0,32.7,1613.0,,,,,,,4.4,140,1134,2.5,270,2015,0.9,781.0,250.0,22.7,46.0,1631.0,80.5,27.7,995.5,1008.1,2336,1003.0,318,1005.6,14.7,6.4,1300.0,2.89,18.87,,,,,,3.4,2.9,28.2,22.1,,,,,,,,,,3.6,5.1,,,,2023,7,26,182,0,0,1,0
239,세종,2023-07-02,27.0,23.4,429.0,31.4,1730.0,,,,,,,5.2,290,1703,2.7,70,1619,1.2,1074.0,290.0,22.8,57.0,1437.0,79.0,27.7,998.2,1010.0,854,1006.3,1702,1008.3,14.6,5.0,1100.0,2.65,19.45,,,,,,6.1,3.0,29.7,22.9,,,,,,,,,,3.6,5.1,,,,2023,7,26,183,0,0,1,0
239,세종,2023-07-03,27.7,23.5,230.0,33.3,1614.0,,,,,,,6.9,160,1222,4.0,140,1227,1.4,1209.0,90.0,22.8,48.0,1401.0,76.8,27.7,995.2,1008.4,24,1003.0,1756,1005.2,14.6,8.7,1200.0,3.41,24.11,,,,,,5.5,1.8,30.2,22.2,,,,,,,,,,4.6,6.5,,,,2023,7,27,184,0,0,1,0
239,세종,2023-07-04,24.7,23.4,2145.0,26.9,957.0,8.2,1840.0,21.7,1759.0,,59.2,5.8,140,1944,3.3,160,1010,1.6,1355.0,90.0,23.0,75.0,946.0,90.9,28.1,990.5,1004.7,5,995.3,2353,1000.6,14.6,0.1,900.0,0.95,5.1,,,,,,8.9,5.6,26.9,24.0,,,,,,,,,,1.1,1.6,,,,2023,7,27,185,0,0,1,1
239,세종,2023-07-05,24.5,22.0,2336.0,28.5,1523.0,2.8,142.0,10.8,110.0,,18.8,7.9,290,1329,3.7,160,233,2.0,1716.0,270.0,20.5,60.0,1557.0,79.5,24.2,986.6,1000.6,2340,993.1,332,996.6,14.6,7.3,1300.0,3.47,21.59,,,,,,4.6,2.0,27.8,20.8,,,,,,,,,,4.1,5.9,,,,2023,7,27,186,0,0,1,1
239,세종,2023-07-06,25.7,20.2,542.0,31.2,1441.0,,,,,,,5.4,110,1119,2.9,160,1212,1.2,1022.0,180.0,19.5,49.0,1503.0,70.6,22.7,992.3,1003.8,2211,1000.5,139,1002.3,14.6,8.5,1300.0,3.37,24.12,,,,,,7.1,1.3,28.6,19.1,,,,,,,,,,4.1,5.9,,,,2023,7,27,187,0,0,1,0
239,세종,2023-07-07,21.5,19.2,2007.0,25.6,1033.0,4.9,1541.0,21.7,1539.0,,55.2,7.2,110,1316,3.7,90,1318,1.6,1421.0,90.0,19.8,75.0,1046.0,90.5,23.2,992.6,1004.0,727,1001.3,1700,1002.8,14.6,0.0,900.0,0.74,4.13,,,,,,8.8,4.3,23.5,19.8,,,,,,,,,,0.9,1.3,,,,2023,7,27,188,0,0,1,1
239,세종,2023-07-08,24.1,19.3,1.0,29.3,1743.0,0.2,,0.6,46.0,,0.8,4.3,320,1848,2.2,90,34,1.2,1078.0,90.0,21.6,70.0,1520.0,86.8,25.9,992.5,1004.4,2316,1001.3,1414,1002.6,14.6,1.8,1300.0,2.08,14.22,,,,,,7.1,6.0,26.7,19.7,,,,,,,,,,2.5,3.5,,,,2023,7,27,189,0,0,1,0
239,세종,2023-07-09,26.1,23.4,407.0,30.4,1516.0,0.3,1405.0,0.3,1354.0,,0.3,6.5,160,1801,2.9,110,755,1.3,1103.0,110.0,23.3,72.0,1519.0,85.8,28.7,992.7,1004.7,2156,1000.8,1354,1002.8,14.6,3.5,1300.0,2.37,12.2,,,,,,6.8,5.1,28.0,22.7,,,,,,,,,,2.3,3.3,,,,2023,7,27,190,0,0,1,0
239,세종,2023-07-10,26.1,20.1,527.0,31.0,1541.0,19.4,540.0,40.1,454.0,,55.6,11.5,320,534,6.2,290,421,1.6,1390.0,160.0,22.1,59.0,1341.0,80.4,26.7,994.1,1006.7,2234,1002.1,337,1004.2,14.5,8.2,1300.0,3.26,22.44,,,,,,6.4,2.8,28.5,20.3,,,,,,,,,,4.2,6.0,,,,2023,7,28,191,0,0,1,1
239,세종,2023-07-11,23.9,22.6,359.0,26.6,1508.0,7.0,1138.0,13.2,1101.0,,16.5,5.6,230,1636,2.7,290,1129,1.0,898.0,320.0,22.0,77.0,1647.0,90.1,26.5,995.8,1007.7,824,1004.5,1610,1005.9,14.5,0.2,1500.0,1.34,7.76,,,,,,8.8,5.3,25.8,21.9,,,,,,,,,,1.4,2.0,,,,2023,7,28,192,0,0,1,1
239,세종,2023-07-12,26.2,23.8,230.0,30.5,1619.0,3.5,706.0,4.7,611.0,,6.2,5.4,290,1244,2.5,320,1746,1.0,823.0,250.0,23.6,68.0,1625.0,86.3,29.1,995.4,1006.6,2357,1004.1,1706,1005.4,14.5,4.7,1200.0,3.03,17.17,,,,,,7.8,4.9,28.2,23.6,,,,,,,,,,3.0,4.3,,,,2023,7,28,193,0,0,1,1
239,세종,2023-07-13,25.1,24.3,2111.0,26.3,1401.0,2.7,2211.0,5.5,2121.0,,18.2,4.5,90,1732,2.7,160,1317,1.1,908.0,110.0,24.0,87.0,1330.0,94.0,29.8,994.2,1006.8,40,1001.0,2359,1004.3,14.5,0.0,1300.0,0.71,3.83,,,,,,10.0,4.6,26.7,24.4,,,,,,,,,,0.9,1.3,,,,2023,7,28,194,0,0,1,1
239,세종,2023-07-14,24.5,23.2,1904.0,25.3,145.0,6.8,1202.0,25.9,1137.0,,182.7,17.8,160,356,5.6,160,415,2.6,2220.0,160.0,23.5,90.0,405.0,94.9,29.0,989.5,1001.0,1,998.2,421,999.5,14.5,0.0,900.0,0.26,2.11,,,,,,9.8,4.6,25.3,24.3,,,,,,,,,,0.6,0.8,,,,2023,7,28,195,0,0,1,1
239,세종,2023-07-15,22.8,21.4,2217.0,24.5,813.0,9.8,443.0,45.7,418.0,,283.7,8.9,160,808,4.3,290,829,1.5,1297.0,140.0,22.2,92.0,827.0,96.3,26.8,991.8,1005.8,2217,998.8,356,1001.9,14.5,0.0,1600.0,0.3,1.88,,,,,,9.9,6.3,24.4,21.8,,,,,,,,,,0.6,0.8,,,,2023,7,28,196,0,0,1,1
239,세종,2023-07-16,24.0,21.6,145.0,27.7,1655.0,0.3,647.0,0.6,1221.0,,1.4,4.6,180,338,2.4,160,343,1.0,837.0,290.0,22.4,74.0,1658.0,91.6,27.1,997.8,1010.6,2308,1005.4,1,1007.9,14.4,1.1,1500.0,1.78,9.2,,,,,,8.9,2.8,26.2,22.2,,,,,,,,,,1.5,2.2,,,,2023,7,28,197,0,0,1,1
239,세종,2023-07-17,25.2,23.0,612.0,30.3,1651.0,3.5,1837.0,3.5,1747.0,,10.4,7.0,160,1828,3.5,180,1832,1.2,1053.0,140.0,23.0,67.0,1630.0,88.9,28.1,1001.7,1013.7,2203,1009.9,159,1011.9,14.4,3.7,1200.0,2.56,17.95,,,,,,9.3,3.9,28.5,23.6,,,,,,,,,,3.1,4.4,,,,2023,7,29,198,0,0,1,1
239,세종,2023-07-18,23.2,22.4,1458.0,24.5,938.0,6.7,1434.0,29.3,1409.0,,100.0,6.3,90,1807,4.0,90,1811,1.3,1081.0,90.0,22.4,88.0,1103.0,95.8,27.1,1000.6,1014.0,113,1006.9,1810,1010.8,14.4,0.3,1800.0,0.63,3.66,,,,,,8.9,5.8,25.0,23.2,,,,,,,,,,0.9,1.3,,,,2023,7,29,199,0,0,1,1
239,세종,2023-07-19,25.6,21.9,434.0,31.1,1635.0,,,,,,,4.1,320,1649,2.7,290,1954,1.3,1133.0,290.0,21.7,54.0,1643.0,80.8,25.9,997.4,1008.8,755,1005.6,1818,1007.5,14.4,8.0,1200.0,3.45,23.53,,,,,,1.9,1.6,29.1,21.5,,,,,,,,,,4.3,6.1,,,,2023,7,29,200,0,0,1,0
239,세종,2023-07-20,26.0,21.1,446.0,31.9,1632.0,,,,,,,4.5,270,1058,2.5,20,1126,1.1,908.0,290.0,22.1,57.0,1205.0,81.3,26.7,999.1,1010.8,2347,1007.6,1702,1009.2,14.4,8.1,1300.0,3.38,22.21,,,,,,3.6,2.8,29.0,20.9,,,,,,,,,,4.1,5.9,,,,2023,7,29,201,0,0,1,0
239,세종,2023-07-21,27.1,23.5,544.0,33.7,1510.0,,,,,,,6.2,90,1724,3.1,160,1733,1.2,1025.0,90.0,23.0,49.0,1426.0,80.4,28.1,1001.7,1013.3,2201,1010.3,1629,1011.8,14.3,6.5,1100.0,3.2,22.46,,,,,,3.9,1.6,31.0,22.8,,,,,,,,,,4.6,6.5,,,,2023,7,29,202,0,0,1,0
239,세종,2023-07-22,25.4,23.2,547.0,28.9,1204.0,0.3,2045.0,0.5,2001.0,,0.6,6.9,90,1110,3.7,90,1115,1.7,1462.0,90.0,22.0,59.0,901.0,82.6,26.4,1002.0,1013.6,114,1010.9,1706,1012.1,14.3,3.1,800.0,1.77,10.32,,,,,,6.9,4.1,27.8,21.9,,,,,,,,,,1.9,2.7,,,,2023,7,29,203,0,0,1,0
239,세종,2023-07-23,25.0,23.9,1.0,26.8,713.0,2.0,1202.0,5.4,1228.0,,27.4,6.8,180,655,3.2,160,544,1.2,1062.0,160.0,23.2,76.0,557.0,90.4,28.5,998.5,1011.4,1,1007.1,1933,1008.6,14.3,0.0,1100.0,0.38,2.65,,,,,,10.0,4.3,25.4,23.4,,,,,,,,,,0.7,1.0,,,,2023,7,29,204,0,0,1,1
239,세종,2023-07-24,25.8,23.7,136.0,30.4,1639.0,2.6,627.0,4.7,607.0,,8.0,4.6,200,733,2.6,160,909,0.9,784.0,160.0,23.4,65.0,1636.0,87.6,28.7,999.0,1010.9,2239,1007.7,337,1009.1,14.3,3.1,1500.0,2.7,14.81,,,,,,8.6,5.5,29.1,24.0,,,,,,,,,,2.8,4.0,,,,2023,7,30,205,0,0,1,1
239,세종,2023-07-25,25.3,22.9,2023.0,29.3,1608.0,4.2,1846.0,5.5,1838.0,,7.0,6.3,230,1114,2.8,160,1046,1.2,1001.0,140.0,23.2,72.0,1608.0,89.1,28.5,1003.0,1015.2,2339,1010.6,105,1013.2,14.2,1.5,1500.0,1.89,13.07,,,,,,9.0,4.0,28.1,23.1,,,,,,,,,,2.5,3.6,,,,2023,7,30,206,0,0,1,1
239,세종,2023-07-26,25.2,22.9,1.0,31.9,1425.0,6.9,1749.0,12.2,1737.0,,13.4,6.9,270,1223,3.8,320,1528,1.3,1125.0,90.0,23.1,62.0,1416.0,89.1,28.4,1005.0,1016.7,2209,1013.1,1430,1015.2,14.2,6.9,1200.0,3.11,20.63,,,,,,8.4,2.0,28.7,22.8,,,,,,,,,,3.5,5.0,,,,2023,7,30,207,0,0,1,1
239,세종,2023-07-27,27.1,23.1,20.0,33.4,1628.0,0.0,,0.0,,,0.0,4.2,140,1414,2.6,290,1928,1.3,1096.0,290.0,23.4,60.0,1432.0,81.9,28.9,1004.3,1016.0,825,1011.9,1711,1014.4,14.2,8.2,1300.0,3.41,24.19,,,,,,6.4,3.6,30.6,23.3,,,,,,,,,,4.5,6.5,,,,2023,7,30,208,0,0,1,0
239,세종,2023-07-28,28.6,23.6,317.0,34.1,1704.0,,,,,,,4.8,320,1321,3.0,270,1525,1.1,978.0,90.0,24.0,54.0,1348.0,77.9,29.8,1004.0,1015.3,2311,1012.2,1739,1014.0,14.2,11.2,1300.0,3.29,26.77,,,,,,3.9,1.8,31.7,23.0,,,,,,,,,,5.0,7.1,,,,2023,7,30,209,0,0,1,0
239,세종,2023-07-29,29.1,24.6,549.0,34.5,1656.0,,,,,,,4.7,290,1919,2.8,320,1928,1.2,1076.0,290.0,23.6,47.0,1452.0,74.4,29.2,1004.0,1015.3,1,1012.4,1713,1014.1,14.1,10.1,1200.0,3.36,24.71,,,,,,2.6,1.1,32.3,24.5,,,,,,,,,,4.8,6.8,,,,2023,7,30,210,0,0,1,0
239,세종,2023-07-30,27.5,24.3,511.0,33.7,1608.0,1.0,1721.0,1.0,,,1.1,12.4,160,1708,7.5,140,1712,1.3,1160.0,270.0,23.7,56.0,1525.0,81.4,29.3,1003.1,1014.5,2243,1010.6,1635,1013.2,14.1,7.6,1100.0,2.5,18.81,,,,,,5.5,1.6,32.4,24.0,,,,,,,,,,3.3,4.7,,,,2023,7,30,211,0,0,1,1
239,세종,2023-07-31,27.5,24.1,553.0,31.8,1531.0,,,,,,,4.7,320,1203,3.0,320,1519,1.4,1229.0,290.0,23.6,61.0,1312.0,80.8,29.1,1002.5,1015.1,753,1010.6,1637,1012.6,14.1,5.5,1000.0,2.63,17.71,,,,,,5.5,3.9,30.7,23.9,,,,,,,,,,3.7,5.2,,,,2023,7,31,212,0,0,1,0
239,세종,2023-08-01,29.2,24.2,503.0,34.8,1513.0,,,,,,,3.7,140,1426,2.5,290,1855,1.1,947.0,290.0,24.3,51.0,1509.0,76.6,30.4,1000.3,1012.3,723,1008.0,1814,1010.3,14.0,10.7,1200.0,2.76,23.22,,,,,,4.6,1.6,34.4,23.6,,,,,,,,,,4.4,6.2,,,,2023,8,31,213,0,0,1,0
239,세종,2023-08-02,28.8,24.9,508.0,34.1,1505.0,,,,,,,5.1,320,1904,3.4,320,1908,1.3,1094.0,270.0,23.4,54.0,1517.0,74.4,28.8,997.8,1009.8,1,1005.4,1828,1007.8,14.0,7.7,1200.0,3.38,22.34,,,,,,5.3,1.4,35.1,24.5,,,,,,,,,,4.5,6.4,,,,2023,8,31,214,0,0,1,0
239,세종,2023-08-03,28.9,23.1,424.0,34.4,1517.0,,,,,,,4.7,340,1142,2.6,270,1225,1.2,1069.0,270.0,22.7,52.0,1501.0,71.0,27.5,996.1,1008.0,729,1004.1,1722,1006.1,14.0,10.7,1100.0,3.23,24.32,,,,,,4.0,0.6,36.2,22.7,,,,,,,,,,4.7,6.7,,,,2023,8,31,215,0,0,1,0
239,세종,2023-08-04,29.5,25.0,457.0,35.0,1602.0,,,,,,,4.2,290,1353,2.8,290,1928,1.4,1187.0,290.0,23.6,52.0,1519.0,72.3,29.1,994.2,1006.5,201,1002.1,1803,1004.1,14.0,10.8,1200.0,3.52,24.97,,,,,,4.5,1.6,36.2,24.7,,,,,,,,,,5.0,7.1,,,,2023,8,31,216,0,0,1,0
239,세종,2023-08-05,29.2,25.2,533.0,34.8,1434.0,,,,,,,5.1,340,1808,3.7,320,1807,1.6,1346.0,290.0,23.0,52.0,1439.0,70.8,28.1,990.7,1003.0,648,997.8,1821,1000.6,13.9,9.5,1300.0,2.68,22.07,,,,,,3.5,2.0,35.2,24.9,,,,,,,,,,4.6,6.5,,,,2023,8,31,217,0,0,1,0
239,세종,2023-08-06,29.2,24.1,529.0,35.9,1523.0,0.0,,0.0,,,0.0,6.1,230,2203,3.2,290,1945,1.3,1155.0,180.0,23.6,50.0,1629.0,73.5,29.2,988.1,1000.1,12,995.2,1616,998.0,13.9,9.1,1200.0,3.23,21.86,,,,,,5.0,0.8,35.7,23.7,,,,,,,,,,4.4,6.3,,,,2023,8,31,218,0,0,1,0
239,세종,2023-08-07,29.5,24.7,29.0,35.4,1550.0,,,,,,,8.4,70,1629,4.8,90,1637,1.6,1382.0,90.0,23.6,49.0,1458.0,72.1,29.1,989.1,1000.4,2319,996.7,1550,999.0,13.9,8.9,1100.0,3.2,22.01,,,,,,5.9,3.3,37.2,24.7,,,,,,,,,,4.8,6.8,,,,2023,8,32,219,0,0,1,0
239,세종,2023-08-08,30.2,25.4,544.0,34.9,1556.0,0.0,,0.0,,,0.0,7.1,70,1856,4.5,70,1857,2.1,1778.0,90.0,23.5,52.0,1447.0,68.9,29.0,991.7,1003.0,2347,1000.1,1625,1001.6,13.8,9.1,1100.0,3.06,21.96,,,,,,5.1,2.3,37.3,24.7,,,,,,,,,,4.6,6.6,,,,2023,8,32,220,0,0,1,0
239,세종,2023-08-09,26.9,23.3,2359.0,31.2,1139.0,1.8,2153.0,7.6,2146.0,,21.4,7.1,70,143,3.9,70,250,2.5,2128.0,90.0,22.6,62.0,1129.0,78.4,27.4,992.7,1003.9,628,1001.5,1554,1002.7,13.8,0.9,1100.0,1.98,11.06,,,,,,8.5,3.0,31.6,23.4,,,,,,,,,,2.3,3.3,,,,2023,8,32,221,0,0,1,1
239,세종,2023-08-10,21.6,20.8,1308.0,23.3,1.0,6.7,28.0,20.0,651.0,,162.9,16.8,320,1220,9.6,320,1242,3.6,3135.0,320.0,20.6,90.0,1226.0,94.8,24.3,985.7,1001.9,1,991.3,1529,995.8,13.8,0.0,1500.0,0.42,2.46,,,,,,8.8,4.8,23.6,21.2,,,,,,,,,,0.8,1.2,,,,2023,8,32,222,0,0,1,1
239,세종,2023-08-11,25.1,21.2,1.0,29.5,1347.0,1.4,517.0,2.1,22.0,,4.8,8.2,160,303,3.7,180,334,2.0,1736.0,160.0,22.2,66.0,1357.0,84.5,26.7,990.5,1003.2,2203,997.1,1,1000.5,13.7,0.9,1200.0,2.72,15.32,,,,,,9.8,4.0,27.0,21.3,,,,,,,,,,2.7,3.9,,,,2023,8,32,223,0,0,1,1
239,세종,2023-08-12,24.1,20.2,756.0,28.8,1448.0,0.5,541.0,1.3,508.0,,1.9,4.8,200,531,3.1,160,658,1.1,909.0,160.0,21.6,70.0,1449.0,86.6,25.9,994.1,1005.3,732,1003.0,315,1004.2,13.7,2.3,1300.0,3.43,13.18,,,,,,6.5,3.9,27.3,20.4,,,,,,,,,,2.4,3.4,,,,2023,8,32,224,0,0,1,1
239,세종,2023-08-13,26.7,23.2,405.0,32.1,1608.0,,,,,,,3.4,50,1031,2.5,70,1030,1.0,868.0,90.0,23.4,56.0,1632.0,83.5,28.8,994.6,1005.9,2357,1003.2,1754,1004.6,13.7,4.6,1200.0,2.43,18.56,,,,,,7.1,2.1,29.3,23.1,,,,,,,,,,3.4,4.8,,,,2023,8,32,225,0,0,1,0
239,세종,2023-08-14,27.7,23.6,519.0,33.9,1534.0,,,,,,,5.0,290,1912,3.4,290,1916,1.2,1062.0,90.0,23.0,51.0,1540.0,77.0,28.0,995.5,1006.9,1017,1003.7,1745,1005.5,13.6,8.1,1100.0,3.11,22.67,,,,,,3.9,2.6,30.5,23.2,,,,,,,,,,4.5,6.4,,,,2023,8,33,226,0,0,1,0
239,세종,2023-08-15,27.8,23.6,609.0,32.1,1355.0,,,,,,,6.4,290,1558,4.5,290,1606,1.7,1448.0,270.0,23.0,57.0,1547.0,76.8,28.1,994.3,1006.5,725,1002.1,1750,1004.3,13.6,9.6,1100.0,3.11,22.78,,,,,,5.0,2.3,29.9,23.0,,,,,,,,,,4.3,6.2,,,,2023,8,33,227,0,0,1,0
239,세종,2023-08-16,26.6,23.7,2259.0,31.6,1245.0,0.0,,0.0,,,0.0,5.6,250,1835,2.7,290,1854,1.3,1107.0,290.0,22.5,55.0,1402.0,79.3,27.2,993.9,1005.5,2332,1002.1,1717,1003.9,13.6,4.6,1300.0,2.85,16.86,,,,,,6.0,3.6,30.3,23.2,,,,,,,,,,3.3,4.7,,,,2023,8,33,228,0,0,1,0
239,세종,2023-08-17,26.7,21.5,602.0,32.7,1525.0,,,,,,,7.2,160,1754,3.2,160,1800,1.1,917.0,140.0,22.2,53.0,1358.0,78.5,26.8,994.8,1006.2,2302,1003.0,1617,1004.8,13.5,5.7,1300.0,2.96,19.69,,,,,,5.9,4.0,31.3,21.0,,,,,,,,,,3.7,5.3,,,,2023,8,33,229,0,0,1,0
239,세종,2023-08-18,28.0,24.6,449.0,33.4,1621.0,,,,,,,5.6,90,1309,3.1,90,1311,1.4,1246.0,90.0,22.7,49.0,1404.0,74.6,27.6,996.6,1008.8,2336,1004.8,1620,1006.6,13.5,8.1,1200.0,3.35,22.27,,,,,,5.3,3.4,34.1,24.5,,,,,,,,,,4.6,6.5,,,,2023,8,33,230,0,0,1,0
239,세종,2023-08-19,28.1,24.0,553.0,33.6,1421.0,0.0,,0.0,,,0.0,5.5,70,1204,3.0,360,1610,1.5,1284.0,290.0,23.1,53.0,1409.0,75.3,28.2,999.6,1011.6,2354,1008.2,1530,1009.7,13.5,8.6,1300.0,3.14,21.9,,,,,,5.6,2.9,33.8,23.7,,,,,,,,,,4.3,6.1,,,,2023,8,33,231,0,0,1,0
239,세종,2023-08-20,28.1,24.4,550.0,33.3,1529.0,,,,,,,4.8,320,1546,2.9,320,1553,1.3,1094.0,290.0,22.9,58.0,1415.0,74.5,27.9,1000.9,1012.5,804,1009.4,1536,1011.0,13.4,6.5,1200.0,3.18,20.28,,,,,,5.8,3.9,33.6,24.7,,,,,,,,,,3.9,5.6,,,,2023,8,33,232,0,0,1,0
239,세종,2023-08-21,28.4,24.7,424.0,33.5,1525.0,0.0,,0.0,,,0.0,5.3,200,1306,3.2,140,1048,1.2,1019.0,90.0,23.6,56.0,1335.0,76.4,29.1,997.7,1011.0,1,1005.2,1722,1007.7,13.4,8.0,1300.0,2.87,21.04,,,,,,5.8,3.8,34.7,24.3,,,,,,,,,,4.1,5.9,,,,2023,8,34,233,0,0,1,0
239,세종,2023-08-22,26.9,23.8,1931.0,32.1,1312.0,21.6,1927.0,35.7,1918.0,,45.2,11.0,230,1525,4.7,270,1536,1.5,1312.0,90.0,23.1,58.0,1317.0,81.4,28.4,994.5,1006.9,1,1002.5,1458,1004.6,13.4,3.6,1100.0,2.06,13.03,,,,,,6.3,2.4,31.1,23.5,,,,,,,,,,2.5,3.5,,,,2023,8,34,234,0,0,1,1
239,세종,2023-08-23,26.2,23.9,1927.0,31.0,1304.0,1.0,2351.0,3.6,1928.0,,10.6,5.7,290,1639,3.4,320,1606,1.1,981.0,140.0,24.0,67.0,1306.0,88.8,29.9,994.9,1006.2,2109,1003.1,1407,1005.0,13.3,1.5,1200.0,1.76,11.62,,,,,,9.4,5.4,29.2,24.3,,,,,,,,,,1.9,2.8,,,,2023,8,34,235,0,0,1,1
239,세종,2023-08-24,25.3,23.8,316.0,30.1,1406.0,6.7,1520.0,9.9,1453.0,,23.1,3.8,70,2,2.7,90,1500,0.8,719.0,90.0,24.0,72.0,1412.0,92.6,29.8,995.8,1006.9,848,1004.8,1423,1005.9,13.3,1.4,1200.0,2.84,9.85,,,,,,8.9,4.4,28.1,24.1,,,,,,,,,,2.1,3.0,,,,2023,8,34,236,0,0,1,1
239,세종,2023-08-25,25.6,22.0,2400.0,30.4,1405.0,,,,,,,6.3,290,1512,3.2,270,1507,1.4,1233.0,290.0,20.9,53.0,1451.0,77.3,24.8,998.0,1010.4,2351,1006.3,20,1008.1,13.3,10.0,1200.0,3.28,24.7,,,,,,2.3,1.1,29.3,21.5,,,,,,,,,,4.4,6.3,,,,2023,8,34,237,0,0,1,0
239,세종,2023-08-26,24.4,20.2,349.0,30.1,1504.0,,,,,,,6.0,340,1755,3.3,320,1708,1.2,1051.0,290.0,20.0,48.0,1501.0,78.6,23.4,999.5,1011.4,619,1007.7,1556,1009.6,13.2,6.8,1100.0,3.04,20.31,,,,,,5.0,2.4,27.8,19.7,,,,,,,,,,3.9,5.6,,,,2023,8,34,238,0,0,1,0
239,세종,2023-08-27,26.0,20.9,545.0,30.8,1358.0,,,,,,,4.5,200,1652,2.8,70,2239,1.2,1047.0,90.0,21.5,54.0,1355.0,77.6,25.6,998.1,1009.7,644,1006.4,1510,1008.2,13.2,4.4,1100.0,2.71,16.36,,,,,,6.8,2.1,28.2,20.6,,,,,,,,,,3.1,4.4,,,,2023,8,34,239,0,0,1,0
239,세종,2023-08-28,26.1,23.9,533.0,29.1,1350.0,0.0,,0.0,,,0.0,7.9,140,1426,4.0,110,1432,2.2,1899.0,90.0,21.4,67.0,1354.0,75.5,25.4,996.5,1008.7,1032,1004.8,1700,1006.6,13.1,0.2,1300.0,1.48,8.64,,,,,,9.9,3.3,27.2,23.3,,,,,,,,,,2.1,2.9,,,,2023,8,35,240,0,0,1,0
239,세종,2023-08-29,24.4,21.4,2231.0,27.7,1049.0,3.2,1430.0,5.3,1404.0,,7.1,5.7,160,1052,2.8,140,613,1.3,1135.0,160.0,22.4,77.0,1051.0,89.1,27.1,995.9,1009.5,2345,1004.4,1329,1006.1,13.1,0.0,1000.0,1.07,4.73,,,,,,9.5,3.5,26.0,21.8,,,,,,,,,,1.0,1.4,,,,2023,8,35,241,0,0,1,1
239,세종,2023-08-30,21.4,20.2,2348.0,23.1,1013.0,1.8,1744.0,5.1,1426.0,,24.6,3.4,340,1747,2.1,290,1708,0.9,774.0,230.0,20.6,83.0,1022.0,95.1,24.2,999.5,1011.0,2259,1008.7,1519,1009.8,13.1,0.0,900.0,0.71,3.8,,,,,,8.5,4.3,24.1,20.3,,,,,,,,,,0.9,1.3,,,,2023,8,35,242,0,0,1,1
239,세종,2023-08-31,22.2,19.8,2357.0,28.0,1625.0,,,,,,,4.3,340,1631,2.5,290,1634,1.0,853.0,90.0,19.2,58.0,1434.0,84.4,22.2,1000.7,1012.3,2352,1009.7,1512,1011.0,13.0,4.0,1200.0,2.47,16.12,,,,,,6.5,3.5,25.5,18.9,,,,,,,,,,2.6,3.8,,,,2023,8,35,243,0,0,1,0
239,세종,2023-09-01,22.6,18.3,455.0,29.5,1556.0,,,,,,,6.0,270,1558,3.0,290,1653,1.1,978.0,290.0,18.8,46.0,1605.0,81.4,21.8,1001.9,1013.6,934,1010.2,1621,1012.1,13.0,7.2,1200.0,3.22,20.11,,,,,,3.3,1.6,25.6,17.5,,,,,,,,,,3.8,5.4,,,,2023,9,35,244,0,0,1,0
239,세종,2023-09-02,24.5,18.1,542.0,31.1,1550.0,,,,,,,4.8,160,1742,3.2,160,1749,1.3,1109.0,110.0,19.3,42.0,1437.0,75.0,22.5,1001.4,1013.0,26,1009.7,1518,1011.6,12.9,9.3,1200.0,3.18,22.67,,,,,,1.4,1.1,27.2,17.1,,,,,,,,,,4.3,6.1,,,,2023,9,35,245,0,0,1,0
239,세종,2023-09-03,26.9,22.4,621.0,32.1,1454.0,0.5,237.0,0.5,,,0.6,4.1,90,951,2.5,110,815,1.2,1067.0,90.0,22.9,56.0,1442.0,80.3,28.0,1001.8,1013.1,733,1010.3,1537,1011.9,12.9,7.2,1200.0,2.99,19.28,,,,,,6.5,2.5,29.8,21.9,,,,,,,,,,3.4,4.8,,,,2023,9,35,246,0,0,1,0
239,세종,2023-09-04,27.2,24.2,545.0,31.0,1548.0,,,,,,,4.7,110,1138,2.7,90,1051,1.3,1098.0,70.0,23.1,61.0,1240.0,79.6,28.3,1001.7,1012.8,331,1010.5,1558,1011.7,12.9,2.2,1000.0,2.73,14.31,,,,,,8.8,2.1,29.1,24.0,,,,,,,,,,2.9,4.2,,,,2023,9,36,247,0,0,1,0
239,세종,2023-09-05,26.3,23.4,2354.0,31.6,1617.0,,,,,,,4.3,290,1017,2.7,90,1036,1.3,1098.0,70.0,21.4,57.0,1620.0,75.4,25.6,1001.4,1012.8,852,1009.8,1624,1011.5,12.8,3.5,1500.0,2.0,15.44,,,,,,6.6,3.0,29.8,22.4,,,,,,,,,,3.0,4.3,,,,2023,9,36,248,0,0,1,0
239,세종,2023-09-06,26.0,21.5,540.0,31.3,1552.0,,,,,,,5.6,50,1354,3.1,70,1436,1.3,1106.0,90.0,20.1,48.0,1509.0,71.5,23.5,1001.6,1013.9,2400,1009.8,1559,1011.7,12.8,9.3,1100.0,2.99,20.63,,,,,,2.9,1.8,30.5,20.6,,,,,,,,,,4.0,5.8,,,,2023,9,36,249,0,0,1,0
239,세종,2023-09-07,24.7,20.2,547.0,30.0,1458.0,,,,,,,6.0,70,1624,3.6,110,1626,1.4,1224.0,90.0,17.2,39.0,1535.0,65.1,19.6,1004.1,1015.7,908,1012.9,1715,1014.3,12.8,10.4,1200.0,3.17,23.46,,,,,,0.0,0.0,30.2,17.9,,,,,,,,,,4.6,6.6,,,,2023,9,36,250,0,0,1,0
239,세종,2023-09-08,22.8,17.6,556.0,29.6,1555.0,,,,,,,4.8,90,1230,2.7,70,1231,1.1,949.0,90.0,15.7,34.0,1515.0,67.5,17.9,1003.0,1015.8,717,1010.8,1602,1013.3,12.7,10.3,1200.0,3.2,23.31,,,,,,0.0,0.0,29.3,16.0,,,,,,,,,,4.3,6.1,,,,2023,9,36,251,0,0,1,0
239,세종,2023-09-09,24.0,18.0,600.0,30.9,1629.0,,,,,,,3.8,290,1429,2.5,290,2137,0.9,814.0,160.0,18.2,46.0,1512.0,72.5,21.0,1000.9,1012.8,659,1008.9,1602,1011.1,12.7,9.8,1200.0,3.11,22.16,,,,,,2.4,1.8,30.3,17.0,,,,,,,,,,4.0,5.8,,,,2023,9,36,252,0,0,1,0
239,세종,2023-09-10,24.7,19.4,624.0,31.2,1358.0,,,,,,,4.1,140,1412,2.7,290,1744,1.1,982.0,90.0,19.1,41.0,1356.0,73.4,22.2,1000.0,1012.1,734,1008.0,1615,1010.2,12.7,8.6,1300.0,3.21,21.26,,,,,,3.6,2.5,31.1,18.4,,,,,,,,,,4.1,5.8,,,,2023,9,36,253,0,0,1,0
239,세종,2023-09-11,24.4,20.2,624.0,30.6,1434.0,,,,,,,3.7,270,1906,2.7,290,1914,1.2,1065.0,270.0,18.9,46.0,1437.0,73.3,21.8,999.5,1011.6,2353,1007.3,1508,1009.7,12.6,8.0,1200.0,2.86,19.32,,,,,,5.3,1.9,30.9,20.0,,,,,,,,,,3.6,5.1,,,,2023,9,37,254,0,0,1,0
239,세종,2023-09-12,24.1,19.9,619.0,29.5,1451.0,,,,,,,3.6,160,1111,2.2,290,2040,0.9,757.0,250.0,19.1,52.0,1442.0,75.0,22.1,1000.7,1012.3,714,1008.9,1651,1010.9,12.6,5.4,1400.0,2.3,15.33,,,,,,7.6,3.6,29.7,19.6,,,,,,,,,,2.6,3.7,,,,2023,9,37,255,0,0,1,0
239,세종,2023-09-13,20.7,19.5,1922.0,22.4,1.0,2.9,1847.0,8.3,1804.0,,29.7,4.9,320,1117,3.1,290,932,1.3,1080.0,290.0,19.5,83.0,1130.0,93.0,22.6,1001.6,1013.4,912,1010.6,1537,1011.9,12.5,0.0,1200.0,0.57,3.39,,,,,,10.0,4.6,23.9,19.6,,,,,,,,,,0.8,1.1,,,,2023,9,37,256,0,0,1,1
239,세종,2023-09-14,22.1,19.5,5.0,25.8,1402.0,0.6,2341.0,1.2,125.0,,5.2,6.0,90,1511,3.2,90,1555,1.5,1280.0,90.0,19.9,71.0,1512.0,87.8,23.2,1002.4,1015.0,2328,1010.8,454,1012.7,12.5,0.1,1300.0,1.78,8.45,,,,,,9.5,6.8,24.5,19.8,,,,,,,,,,1.6,2.3,,,,2023,9,37,257,0,0,1,1
239,세종,2023-09-15,22.4,21.1,614.0,24.4,1505.0,1.3,2306.0,3.4,1758.0,,16.3,5.1,90,1326,3.2,90,1300,1.3,1106.0,90.0,21.1,81.0,1514.0,92.6,25.0,1003.3,1015.1,953,1011.9,1505,1013.5,12.5,0.0,1100.0,1.48,6.25,,,,,,9.9,3.5,24.8,21.4,,,,,,,,,,1.1,1.6,,,,2023,9,37,258,0,0,1,1
239,세종,2023-09-16,22.9,21.2,830.0,27.1,1217.0,9.2,714.0,33.3,701.0,,101.2,6.2,340,616,3.3,90,1729,1.2,1023.0,90.0,21.8,75.0,1228.0,94.1,26.1,1001.8,1014.1,740,1009.6,1835,1012.0,12.4,1.2,1100.0,2.03,8.2,,,,,,9.6,5.9,25.0,22.0,,,,,,,,,,1.5,2.2,,,,2023,9,37,259,0,0,1,1
239,세종,2023-09-17,24.3,21.5,554.0,28.8,1503.0,1.0,120.0,2.7,40.0,,2.7,3.9,340,1130,2.7,320,1131,0.9,803.0,250.0,21.8,66.0,1456.0,87.1,26.2,1000.4,1012.1,2352,1008.8,1541,1010.5,12.4,2.2,1100.0,1.76,11.74,,,,,,7.1,3.3,26.9,21.4,,,,,,,,,,2.1,3.0,,,,2023,9,37,260,0,0,1,1
239,세종,2023-09-18,23.6,20.9,2400.0,28.6,1157.0,,,,,,,4.8,250,1341,2.8,270,1445,1.2,1044.0,290.0,20.8,57.0,1233.0,86.0,24.6,1002.5,1014.5,2400,1011.4,1617,1012.8,12.4,4.4,1100.0,2.27,14.15,,,,,,4.8,3.0,25.3,20.0,,,,,,,,,,2.5,3.5,,,,2023,9,38,261,0,0,1,0
239,세종,2023-09-19,23.0,20.1,205.0,27.6,1521.0,,,,,,,3.3,90,1040,2.5,290,1951,0.9,798.0,290.0,20.2,54.0,1227.0,85.6,23.6,1004.2,1015.8,855,1013.0,1503,1014.5,12.3,2.8,1200.0,2.25,12.78,,,,,,7.9,5.1,25.8,19.2,,,,,,,,,,2.2,3.1,,,,2023,9,38,262,0,0,1,0
239,세종,2023-09-20,20.9,19.2,2151.0,22.4,902.0,9.5,1857.0,33.0,1523.0,,161.4,6.9,70,1709,4.2,70,1554,1.7,1478.0,70.0,20.0,89.0,1026.0,95.3,23.5,999.2,1014.8,10,1005.1,1843,1009.5,12.3,0.0,1100.0,0.31,1.54,,,,,,8.1,4.9,22.9,20.7,,,,,,,,,,0.6,0.8,,,,2023,9,38,263,0,0,1,1
239,세종,2023-09-21,18.7,16.1,2341.0,21.7,1519.0,0.4,138.0,0.9,53.0,,1.3,6.5,70,207,3.2,70,154,1.7,1450.0,290.0,16.2,70.0,1521.0,86.0,18.4,1000.9,1014.9,2338,1006.2,17,1011.4,12.2,0.0,1000.0,0.98,6.9,,,,,,7.6,4.9,21.7,14.8,,,,,,,,,,1.3,1.8,,,,2023,9,38,264,0,0,1,1
239,세종,2023-09-22,18.4,14.6,400.0,24.6,1642.0,,,,,,,4.5,290,1157,2.7,70,1410,1.0,894.0,320.0,14.7,50.0,1514.0,81.8,16.8,1005.9,1018.8,2337,1014.5,1643,1016.3,12.2,7.2,1200.0,2.9,17.89,,,,,,4.0,1.4,22.2,13.1,,,,,,,,,,3.2,4.5,,,,2023,9,38,265,0,0,1,0
239,세종,2023-09-23,19.5,14.8,317.0,25.0,1333.0,,,,,,,5.7,90,1248,3.0,90,1437,1.2,1054.0,90.0,15.4,49.0,1353.0,78.9,17.5,1009.4,1021.6,2326,1018.0,1545,1019.9,12.1,5.7,1200.0,1.96,14.38,,,,,,7.0,1.8,21.4,13.4,,,,,,,,,,2.5,3.6,,,,2023,9,38,266,0,0,1,0
239,세종,2023-09-24,20.7,15.3,615.0,25.0,1204.0,,,,,,,7.2,160,1358,4.1,90,1319,2.1,1852.0,90.0,13.3,42.0,1248.0,65.1,15.3,1009.2,1021.8,159,1017.5,1457,1019.6,12.1,8.8,1200.0,2.95,18.95,,,,,,5.3,1.6,21.9,12.6,,,,,,,,,,4.0,5.7,,,,2023,9,38,267,0,0,1,0
239,세종,2023-09-25,21.5,18.3,617.0,26.3,1407.0,0.7,2122.0,2.3,2034.0,,4.7,5.2,70,1034,3.3,70,1126,1.3,1142.0,90.0,16.7,52.0,1354.0,75.8,19.1,1005.8,1018.5,1,1014.1,1514,1016.2,12.1,2.6,1200.0,2.83,12.76,,,,,,9.4,6.4,23.2,18.0,,,,,,,,,,2.2,3.2,,,,2023,9,39,268,0,0,1,1
239,세종,2023-09-26,20.6,19.4,553.0,22.1,1442.0,2.6,458.0,11.4,437.0,,46.1,3.9,90,917,2.9,70,541,1.2,1040.0,90.0,19.9,91.0,1507.0,96.3,23.3,1002.5,1015.3,1,1011.3,1515,1012.8,12.0,0.0,1300.0,0.5,2.39,,,,,,8.0,6.8,22.5,20.0,,,,,,,,,,0.6,0.9,,,,2023,9,39,269,0,0,1,1
239,세종,2023-09-27,22.0,20.5,2340.0,24.9,1438.0,0.2,,0.4,228.0,,0.4,5.4,270,1157,2.7,290,1134,1.1,927.0,140.0,19.6,72.0,1345.0,87.0,22.9,1001.3,1013.3,2250,1010.0,1504,1011.6,12.0,0.6,1200.0,2.01,7.95,,,,,,9.3,4.3,24.2,20.6,,,,,,,,,,1.6,2.2,,,,2023,9,39,270,0,0,1,0
239,세종,2023-09-28,22.0,18.4,2400.0,27.2,1553.0,,,,,,,4.5,320,2115,2.9,290,1934,1.3,1131.0,290.0,18.0,55.0,1527.0,79.6,20.7,1003.9,1015.8,2251,1012.5,1526,1014.2,11.9,7.1,1200.0,2.07,15.33,,,,,,3.6,2.4,24.1,16.6,,,,,,,,,,2.7,3.9,,,,2023,9,39,271,0,0,1,0
239,세종,2023-09-29,19.8,17.0,324.0,25.4,1458.0,,,,,,,3.4,20,1147,2.3,320,1001,1.0,874.0,320.0,16.1,40.0,1452.0,81.5,18.3,1004.1,1017.1,945,1012.3,2354,1014.5,11.9,1.0,1400.0,1.88,11.09,,,,,,9.0,4.9,22.9,16.3,,,,,,,,,,2.0,2.8,,,,2023,9,39,272,0,0,1,0
239,세종,2023-09-30,18.4,14.2,646.0,23.1,1336.0,0.5,257.0,1.9,220.0,,3.5,5.5,290,1629,2.9,270,1630,1.4,1173.0,160.0,15.0,58.0,1247.0,81.9,17.1,1001.8,1014.3,249,1010.1,1614,1012.3,11.9,5.7,1100.0,2.65,15.19,,,,,,6.1,2.6,21.2,14.7,,,,,,,,,,2.5,3.6,,,,2023,9,39,273,0,0,1,1
239,세종,2023-10-01,17.2,12.4,2400.0,22.9,1435.0,,,,,,,9.8,340,1345,6.2,290,1148,2.0,1759.0,320.0,9.9,29.0,1531.0,66.6,12.4,1004.5,1017.7,2306,1012.1,36,1015.0,11.8,9.7,1200.0,2.96,20.25,,,,,,0.5,0.1,19.7,10.7,,,,,,,,,,4.1,5.9,,,,2023,10,39,274,0,0,1,0
239,세종,2023-10-02,16.6,10.5,635.0,23.6,1437.0,,,,,,,7.8,340,1455,3.9,320,1501,1.2,1060.0,320.0,9.3,29.0,1327.0,67.8,11.8,1007.9,1020.2,756,1016.0,1548,1018.5,11.8,9.6,1100.0,2.8,19.35,,,,,,2.1,0.6,19.0,8.6,,,,,,,,,,3.6,5.1,,,,2023,10,40,275,0,0,1,0
239,세종,2023-10-03,15.4,11.9,350.0,21.1,1609.0,,,,,,,3.8,110,1033,2.6,90,1037,0.9,762.0,90.0,12.2,59.0,1548.0,83.0,14.3,1007.4,1020.0,958,1016.1,1544,1018.1,11.8,1.4,1500.0,1.1,7.81,,,,,,6.3,2.8,17.7,9.9,,,,,,,,,,1.3,1.9,,,,2023,10,40,276,0,0,1,0
239,세종,2023-10-04,17.7,12.2,545.0,24.2,1544.0,,,,,,,8.4,320,2309,4.1,320,2315,1.3,1112.0,90.0,13.0,49.0,1545.0,76.4,15.1,1004.0,1017.5,1,1011.5,1536,1014.5,11.7,6.1,1300.0,2.72,15.85,,,,,,6.6,3.0,20.8,10.2,,,,,,,,,,3.8,5.4,,,,2023,10,40,277,0,0,1,0
239,세종,2023-10-05,14.3,10.5,2342.0,18.6,1517.0,,,,,,,12.7,340,231,6.8,320,226,3.1,2721.0,320.0,1.9,28.0,401.0,44.9,7.1,1006.3,1019.1,2257,1014.0,7,1016.9,11.7,9.6,1200.0,2.89,19.71,,,,,,2.9,2.1,18.1,8.6,,,,,,,,,,3.5,5.0,,,,2023,10,40,278,0,0,1,0
239,세종,2023-10-06,14.2,8.7,646.0,21.1,1446.0,,,,,,,5.2,340,1555,3.7,320,1628,1.3,1082.0,290.0,7.0,34.0,1405.0,65.0,10.0,1008.9,1021.1,2358,1017.2,1512,1019.6,11.7,8.6,1200.0,2.71,17.45,,,,,,7.6,4.1,18.9,7.3,,,,,,,,,,2.8,4.0,,,,2023,10,40,279,0,0,1,0
239,세종,2023-10-07,15.9,10.7,657.0,20.5,1337.0,,,,,,,5.4,90,1302,2.9,90,1302,1.3,1098.0,90.0,10.9,53.0,1154.0,73.9,13.0,1011.4,1023.9,2217,1020.7,57,1022.1,11.6,2.8,1000.0,2.1,11.1,,,,,,9.1,2.5,18.4,9.1,,,,,,,,,,1.9,2.8,,,,2023,10,40,280,0,0,1,0
239,세종,2023-10-08,17.4,14.8,656.0,21.6,1413.0,,,,,,,7.8,70,1235,4.0,90,1242,1.7,1488.0,90.0,11.0,48.0,1628.0,67.3,13.2,1011.9,1023.7,230,1020.8,1626,1022.5,11.6,1.0,1400.0,1.58,9.06,,,,,,8.5,5.0,20.2,11.8,,,,,,,,,,2.0,2.9,,,,2023,10,40,281,0,0,1,0
239,세종,2023-10-09,17.2,13.5,617.0,22.5,1535.0,,,,,,,4.6,290,2008,3.0,290,2007,1.2,1025.0,290.0,12.4,52.0,1517.0,74.8,14.5,1009.3,1022.4,111,1017.6,1655,1019.9,11.5,2.4,1100.0,1.96,11.86,,,,,,6.0,4.3,20.2,12.3,,,,,,,,,,2.1,2.9,,,,2023,10,41,282,0,0,1,0
239,세종,2023-10-10,16.4,12.5,642.0,22.3,1405.0,,,,,,,4.5,160,1113,2.8,360,1118,1.2,1021.0,290.0,11.9,46.0,1504.0,77.1,13.9,1010.5,1023.2,2345,1019.2,1440,1021.1,11.5,8.4,1100.0,2.75,16.67,,,,,,2.4,0.8,19.7,9.3,,,,,,,,,,2.6,3.7,,,,2023,10,41,283,0,0,1,0
239,세종,2023-10-11,16.7,11.7,608.0,24.1,1545.0,,,,,,,6.0,70,1137,3.6,90,1158,1.0,884.0,90.0,9.8,30.0,1354.0,69.0,12.2,1013.7,1026.1,828,1022.6,1558,1024.4,11.4,9.3,1200.0,2.73,17.45,,,,,,2.3,0.5,20.0,8.8,,,,,,,,,,3.2,4.6,,,,2023,10,41,284,0,0,1,0
239,세종,2023-10-12,16.3,10.2,641.0,23.5,1413.0,,,,,,,4.9,70,1251,3.1,90,1239,0.9,761.0,90.0,9.5,31.0,1522.0,68.1,11.9,1013.7,1027.4,840,1021.9,1520,1024.3,11.4,9.4,1100.0,2.48,16.62,,,,,,4.6,1.1,18.9,7.4,,,,,,,,,,2.9,4.1,,,,2023,10,41,285,0,0,1,0
239,세종,2023-10-13,16.2,12.5,639.0,22.1,1230.0,,,,,,,4.0,320,1257,3.1,290,1259,0.8,677.0,90.0,11.7,46.0,1321.0,76.5,13.8,1007.5,1023.0,7,1014.9,2352,1018.1,11.4,3.6,1000.0,2.16,11.35,,,,,,9.0,4.3,19.1,10.7,,,,,,,,,,1.8,2.5,,,,2023,10,41,286,0,0,1,0
239,세종,2023-10-14,14.7,11.2,547.0,21.7,1449.0,0.0,,0.0,,,0.0,7.2,340,1748,4.0,270,1755,1.1,978.0,160.0,11.6,50.0,1545.0,84.3,13.7,1000.1,1014.8,1,1007.3,1540,1010.7,11.3,5.1,1200.0,2.44,12.69,,,,,,,2.4,18.7,9.0,,,,,,,,,,2.1,3.0,,,,2023,10,41,287,0,0,1,0
239,세종,2023-10-15,14.7,10.6,616.0,20.2,1456.0,,,,,,,6.3,290,1605,3.9,320,1557,1.4,1176.0,290.0,11.3,45.0,1613.0,82.1,13.4,1001.1,1013.8,2221,1010.1,137,1011.6,11.3,4.9,1100.0,2.44,12.61,,,,,,,3.0,18.5,9.8,,,,,,,,,,2.1,3.0,,,,2023,10,41,288,0,0,1,0
239,세종,2023-10-16,14.7,8.0,2358.0,20.8,1457.0,,,,,,,6.1,320,1254,3.4,320,1111,1.4,1224.0,270.0,7.7,40.0,1420.0,66.4,10.7,1005.2,1018.2,2235,1013.5,1,1015.8,11.3,9.1,1200.0,2.89,16.7,,,,,,0.8,0.6,17.8,5.3,,,,,,,,,,2.9,4.1,,,,2023,10,42,289,0,0,1,0
239,세종,2023-10-17,12.7,5.4,609.0,21.6,1605.0,,,,,,,4.5,230,1355,2.5,250,1356,0.9,811.0,270.0,6.8,34.0,1253.0,72.0,10.0,1009.1,1021.5,2225,1018.0,1448,1019.9,11.2,9.4,1200.0,2.61,17.36,,,,,,0.1,0.0,16.4,2.2,,,,,,,,,,2.8,4.0,,,,2023,10,42,290,0,0,1,0
239,세종,2023-10-18,14.1,7.8,637.0,22.9,1402.0,,,,,,,4.7,290,1453,2.7,140,1234,1.0,868.0,320.0,8.6,33.0,1351.0,74.4,11.2,1009.3,1022.9,906,1017.2,1709,1020.0,11.2,7.2,1200.0,2.52,15.34,,,,,,4.3,2.3,17.5,4.9,,,,,,,,,,2.6,3.8,,,,2023,10,42,291,0,0,1,0
239,세종,2023-10-19,14.9,11.5,48.0,19.3,1159.0,0.9,1407.0,2.6,1328.0,,3.3,5.4,200,1317,3.3,290,2208,1.0,824.0,110.0,13.1,75.0,1131.0,89.5,15.1,1005.7,1019.3,1,1014.2,1410,1016.3,11.2,0.0,1100.0,0.82,3.91,,,,,,8.6,4.0,16.4,9.3,,,,,,,,,,0.9,1.3,,,,2023,10,42,292,0,0,1,1
239,세종,2023-10-20,12.1,8.9,2140.0,15.6,1142.0,1.5,150.0,1.8,104.0,,2.0,13.2,320,1059,7.1,320,1103,2.8,2382.0,290.0,4.2,34.0,1125.0,61.3,8.5,1007.1,1021.4,2338,1014.8,120,1017.8,11.1,7.9,1100.0,2.45,15.79,,,,,,3.4,0.5,14.3,6.8,,,,,,,,,,2.9,4.2,,,,2023,10,42,293,0,0,1,1
239,세종,2023-10-21,9.7,3.7,624.0,17.5,1453.0,0.0,,0.0,,,0.0,9.7,290,1501,4.7,290,1459,1.6,1382.0,290.0,3.5,33.0,1606.0,69.1,8.0,1010.4,1023.6,2359,1018.8,1410,1021.3,11.1,7.4,1200.0,2.53,14.14,,,,,,2.5,1.5,12.0,1.0,,,,,,,,,,2.4,3.4,,,,2023,10,42,294,0,0,0,0
239,세종,2023-10-22,11.6,4.2,644.0,18.6,1408.0,,,,,,,5.2,180,1357,2.6,70,1227,1.0,885.0,290.0,6.6,41.0,1231.0,74.8,9.9,1013.0,1025.6,819,1022.0,1432,1023.8,11.0,7.5,1100.0,2.37,14.47,,,,,,4.8,2.4,12.7,1.1,,,,,,,,,,2.1,3.0,,,,2023,10,42,295,0,0,1,0
239,세종,2023-10-23,13.4,8.4,646.0,20.8,1338.0,,,,,,,4.4,200,1336,2.3,160,1319,0.8,727.0,290.0,10.0,47.0,1330.0,81.6,12.3,1012.4,1025.6,822,1021.1,1547,1023.2,11.0,6.5,1000.0,2.03,12.26,,,,,,3.4,1.9,14.5,5.0,,,,,,,,,,1.9,2.7,,,,2023,10,43,296,0,0,1,0
239,세종,2023-10-24,14.0,8.0,723.0,21.3,1315.0,,,,,,,4.6,180,1305,2.9,140,1206,0.8,715.0,70.0,10.5,49.0,1317.0,81.6,12.7,1009.9,1023.0,826,1018.3,1555,1020.6,11.0,5.2,1200.0,2.42,12.12,,,,,,6.1,2.3,15.3,5.4,,,,,,,,,,1.8,2.5,,,,2023,10,43,297,0,0,1,0
239,세종,2023-10-25,15.2,11.0,437.0,22.4,1510.0,,,,,,,4.7,290,1422,2.9,290,1424,0.8,691.0,90.0,11.9,49.0,1521.0,83.1,13.9,1007.8,1020.5,59,1016.1,1531,1018.4,10.9,6.2,1200.0,2.19,12.62,,,,,,2.1,2.0,17.3,8.5,,,,,,,,,,2.0,2.9,,,,2023,10,43,298,0,0,1,0
239,세종,2023-10-26,16.5,11.7,132.0,22.0,1400.0,,,,,,,5.7,140,1414,3.0,160,1348,1.2,1022.0,160.0,13.1,59.0,1244.0,82.1,15.1,1004.8,1018.3,43,1012.8,1712,1015.3,10.9,5.9,1200.0,1.92,11.45,,,,,,5.3,3.8,18.2,8.9,,,,,,,,,,2.0,2.8,,,,2023,10,43,299,0,0,1,0
239,세종,2023-10-27,14.7,10.9,2354.0,19.8,1519.0,,,,,,,5.3,340,1343,3.3,320,1614,1.3,1118.0,290.0,9.3,49.0,1523.0,71.6,11.7,1004.4,1018.0,2217,1013.0,325,1015.1,10.9,5.4,1300.0,1.81,11.34,,,,,,2.8,2.1,16.6,7.9,,,,,,,,,,1.8,2.5,,,,2023,10,43,300,0,0,1,0
239,세종,2023-10-28,12.8,7.5,620.0,20.2,1541.0,,,,,,,4.5,320,1227,2.7,340,1339,0.8,711.0,320.0,9.1,45.0,1533.0,81.1,11.6,1008.1,1021.0,2313,1017.0,1412,1018.9,10.8,5.4,1100.0,2.19,12.45,,,,,,2.8,2.5,15.8,4.9,,,,,,,,,,1.9,2.7,,,,2023,10,43,301,0,0,1,0
239,세종,2023-10-29,13.2,6.9,650.0,21.3,1444.0,,,,,,,3.2,90,1126,2.4,340,1405,0.8,689.0,90.0,8.3,44.0,1452.0,74.9,10.9,1011.0,1023.3,906,1019.8,1452,1021.7,10.8,9.0,1200.0,2.32,13.77,,,,,,0.3,0.1,14.9,3.5,,,,,,,,,,2.1,3.0,,,,2023,10,43,302,0,0,1,0
239,세종,2023-10-30,14.1,8.5,643.0,22.4,1515.0,,,,,,,3.9,340,1303,2.3,320,1338,0.7,639.0,70.0,9.6,44.0,1503.0,77.4,12.0,1012.0,1024.3,843,1020.6,1443,1022.8,10.8,8.8,1200.0,2.2,13.64,,,,,,2.0,1.4,15.9,5.6,,,,,,,,,,2.1,3.0,,,,2023,10,44,303,0,0,1,0
239,세종,2023-10-31,14.5,10.0,207.0,21.9,1432.0,,,,,,,4.2,270,1441,2.2,160,1504,0.9,790.0,180.0,9.2,33.0,1437.0,75.4,11.8,1011.7,1024.8,853,1020.0,1515,1022.4,10.7,5.6,1200.0,2.27,11.39,,,,,,5.1,4.5,16.7,6.7,,,,,,,,,,2.0,2.9,,,,2023,10,44,304,0,0,1,0
239,세종,2023-11-01,18.0,12.7,2.0,22.9,1419.0,,,,,,,7.5,140,1212,3.8,200,1226,1.4,1234.0,180.0,13.6,62.0,1401.0,76.3,15.7,1008.2,1021.3,153,1016.6,1405,1018.7,10.7,2.4,1200.0,2.01,8.18,,,,,,5.6,5.0,18.3,10.4,,,,,,,,,,1.7,2.4,,,,2023,11,44,305,0,0,1,0
239,세종,2023-11-02,19.5,14.8,657.0,25.9,1502.0,,,,,,,8.3,160,1438,3.1,200,1030,1.4,1237.0,160.0,11.6,24.0,1608.0,63.9,13.8,1006.9,1019.3,815,1015.3,1609,1017.3,10.7,8.7,1200.0,2.22,13.74,,,,,,1.6,0.1,19.0,10.9,,,,,,,,,,3.0,4.3,,,,2023,11,44,306,0,0,1,0
239,세종,2023-11-03,19.4,14.8,703.0,24.3,1436.0,,,,,,,7.9,230,1143,4.3,160,1411,1.7,1439.0,160.0,15.2,56.0,1319.0,78.0,17.3,1005.7,1017.7,2353,1013.6,1433,1016.1,10.6,5.7,1200.0,1.9,11.31,,,,,,6.9,5.0,19.6,11.7,,,,,,,,,,2.0,2.9,,,,2023,11,44,307,0,0,1,0
239,세종,2023-11-04,18.5,17.3,713.0,20.9,1344.0,,,,,,0.4,5.1,160,1746,3.0,140,1745,1.3,1098.0,320.0,16.2,77.0,1338.0,86.9,18.4,1009.7,1022.6,2250,1017.5,37,1020.2,10.6,0.0,1000.0,0.78,3.67,,,,,,8.5,4.5,18.9,15.1,,,,,,,,,,0.9,1.3,,,,2023,11,44,308,0,0,1,0
239,세종,2023-11-05,19.4,16.4,646.0,25.4,1346.0,,,,,,5.2,9.4,140,1541,5.3,140,1548,2.1,1802.0,90.0,15.0,47.0,1514.0,78.0,17.1,1005.6,1022.3,1,1007.0,2346,1016.1,10.5,1.5,1300.0,1.49,7.1,,,,,,8.8,3.8,19.1,14.5,,,,,,,,,,1.7,2.5,,,,2023,11,44,309,0,0,1,1
239,세종,2023-11-06,15.4,8.7,2340.0,21.3,322.0,,,,,,15.5,14.5,140,320,6.0,160,328,3.2,2776.0,290.0,9.4,40.0,1615.0,69.5,12.9,998.2,1015.9,2359,1001.3,437,1008.7,10.5,2.8,1000.0,1.3,6.92,,,,,,7.0,1.9,16.1,7.9,,,,,,,,,,2.0,2.8,,,,2023,11,45,310,0,0,1,1
239,세종,2023-11-07,8.2,3.6,2354.0,12.8,1525.0,,,,,,0.0,10.5,290,138,5.9,290,211,2.3,2017.0,290.0,0.9,38.0,1529.0,61.9,6.6,1010.8,1024.7,2303,1015.6,48,1021.8,10.5,6.8,1200.0,2.28,12.96,,,,,,1.9,1.9,11.1,1.1,,,,,,,,,,2.0,2.9,,,,2023,11,45,311,0,0,0,0
239,세종,2023-11-08,8.1,1.0,659.0,16.7,1422.0,,,,,,,3.7,340,1531,2.7,290,1501,1.0,838.0,90.0,1.6,31.0,1401.0,67.5,6.9,1011.8,1025.0,808,1020.2,1354,1022.7,10.4,8.7,1200.0,1.97,12.95,,,,,,1.9,1.0,9.3,-1.7,,,,,,,,,,1.8,2.6,,,,2023,11,45,312,0,0,0,0
239,세종,2023-11-09,11.8,4.5,544.0,18.1,1456.0,,,,,,4.6,7.4,290,2209,4.0,290,2207,1.1,909.0,90.0,7.6,52.0,1136.0,77.1,10.7,1009.5,1022.9,125,1017.6,1707,1020.3,10.4,3.1,1100.0,1.92,7.9,,,,,,6.3,3.8,11.9,1.2,,,,,,,,,,1.5,2.2,,,,2023,11,45,313,0,0,1,1
239,세종,2023-11-10,5.5,1.4,2306.0,10.6,9.0,,,,,,0.1,10.5,340,908,7.0,290,915,3.1,2684.0,290.0,-5.0,25.0,1509.0,48.8,4.5,1014.5,1029.7,2306,1020.8,24,1025.6,10.4,8.4,1200.0,2.21,13.41,,,,,,3.4,1.3,8.3,-1.5,,,,,,,,,,2.4,3.4,,,,2023,11,45,314,0,0,0,0
239,세종,2023-11-11,2.2,-1.3,636.0,7.1,1541.0,,,,,,,5.5,320,10,3.7,320,1,1.4,1182.0,290.0,-5.1,37.0,1529.0,59.8,4.2,1017.8,1030.5,1034,1027.6,1450,1029.1,10.4,4.5,900.0,1.35,7.1,,,,,,4.8,2.9,4.7,-3.9,,,,,,,,,,1.0,1.5,,,,2023,11,45,315,0,0,0,0
239,세종,2023-11-12,1.9,-1.0,523.0,6.4,1427.0,,,,,,,6.7,340,1604,3.7,340,1230,1.4,1230.0,290.0,-3.6,47.0,1429.0,67.1,4.7,1016.8,1029.9,237,1026.0,1426,1028.1,10.3,2.8,1300.0,1.45,7.9,,,,,,3.8,2.6,4.0,-3.9,,,,,,,,,,1.0,1.5,,,,2023,11,45,316,0,0,0,0
239,세종,2023-11-13,2.6,-2.4,726.0,9.0,1417.0,,,,,,,6.7,50,1300,4.1,340,1303,1.5,1304.0,270.0,-3.6,34.0,1257.0,66.4,4.7,1017.4,1030.6,954,1026.8,1555,1028.7,10.3,8.7,1200.0,2.21,13.43,,,,,,0.5,0.5,4.0,-6.6,,,,,,,,,,1.7,2.5,,,,2023,11,46,317,0,0,0,0
239,세종,2023-11-14,5.6,-1.2,243.0,11.6,1432.0,,,,,,,5.0,20,1457,2.9,320,1514,1.1,988.0,290.0,0.5,48.0,1333.0,71.8,6.4,1016.2,1029.2,136,1025.3,1454,1027.3,10.3,3.7,1200.0,2.09,9.64,,,,,,3.5,3.3,6.9,-4.1,,,,,,,,,,1.3,1.9,,,,2023,11,46,318,0,0,0,0
239,세종,2023-11-15,7.0,2.3,720.0,13.5,1506.0,,,,,,,5.1,290,1539,3.1,320,1547,0.9,796.0,90.0,2.0,46.0,1508.0,72.9,7.1,1017.1,1030.1,856,1026.9,1402,1028.2,10.2,7.2,1200.0,1.96,11.04,,,,,,2.9,1.9,7.6,-1.2,,,,,,,,,,1.5,2.1,,,,2023,11,46,319,0,0,0,0
239,세종,2023-11-16,5.3,3.6,331.0,7.1,1058.0,,,,,,7.1,4.9,320,1617,2.6,320,1247,0.9,799.0,320.0,4.2,75.0,1042.0,93.0,8.3,1009.5,1027.6,2,1016.7,2301,1020.6,10.2,0.0,1000.0,0.29,1.69,,,,,,8.8,4.6,6.5,-0.1,,,,,,,,,,0.5,0.7,,,,2023,11,46,320,0,0,0,1
239,세종,2023-11-17,2.4,-1.2,2327.0,7.1,1020.0,,,,,,3.2,8.5,290,235,4.7,290,254,1.9,1628.0,270.0,-1.0,38.0,1001.0,79.3,5.8,1003.9,1017.2,617,1012.5,1446,1015.1,10.2,3.1,900.0,1.32,6.37,,,,,,5.1,2.5,5.2,-2.4,,,,,,,,,,0.7,1.0,,,,2023,11,46,321,0,0,0,1
239,세종,2023-11-18,2.1,-2.7,314.0,7.4,1442.0,,,,,,0.2,9.0,290,1403,4.8,290,1530,2.0,1700.0,290.0,-2.4,54.0,1502.0,72.5,5.1,1008.0,1021.8,2350,1014.0,15,1019.2,10.2,4.5,1200.0,2.2,9.85,,,,,,5.3,3.0,4.8,-2.1,,,,,,,,,,1.3,1.8,,,,2023,11,46,322,0,0,0,0
239,세종,2023-11-19,7.8,1.3,610.0,13.7,1502.0,,,,,,,8.2,200,1257,4.4,270,1832,1.7,1503.0,290.0,2.8,58.0,1055.0,72.0,7.6,1007.6,1021.8,23,1014.6,1527,1018.6,10.1,5.5,1200.0,1.89,9.54,,,,,,3.9,1.1,6.5,-1.7,,,,,,,,,,1.5,2.2,,,,2023,11,46,323,0,0,0,0
239,세종,2023-11-20,6.1,0.9,643.0,13.6,1439.0,,,,,,,4.5,320,1254,2.5,360,1312,0.9,787.0,320.0,-1.3,34.0,1357.0,62.4,5.6,1012.9,1025.5,852,1020.7,1,1024.0,10.1,8.1,1200.0,2.08,12.31,,,,,,0.0,0.0,5.7,-4.2,,,,,,,,,,1.7,2.5,,,,2023,11,47,324,0,0,0,0
239,세종,2023-11-21,6.1,-1.0,726.0,16.1,1523.0,,,,,,,4.5,200,1423,2.3,70,1251,0.7,613.0,90.0,-1.5,22.0,1442.0,63.6,5.5,1011.2,1025.0,3,1019.1,1522,1022.3,10.1,8.1,1200.0,2.03,12.1,,,,,,0.1,0.0,5.2,-4.8,,,,,,,,,,1.7,2.5,,,,2023,11,47,325,0,0,0,0
239,세종,2023-11-22,7.7,0.1,742.0,14.9,1414.0,,,,,,,6.1,160,1356,3.4,160,1358,0.9,815.0,320.0,3.6,50.0,1303.0,76.9,8.1,1006.5,1021.1,3,1013.8,2339,1017.4,10.1,8.1,1200.0,1.99,11.71,,,,,,1.8,0.8,6.6,-3.9,,,,,,,,,,1.6,2.3,,,,2023,11,47,326,0,0,0,0
239,세종,2023-11-23,11.5,5.6,2400.0,17.5,1140.0,,,,,,,10.7,290,2345,6.1,320,2105,2.2,1907.0,290.0,3.8,26.0,1217.0,63.5,8.4,1003.7,1020.8,2359,1010.9,1359,1014.5,10.0,7.7,1200.0,1.88,10.44,,,,,,2.4,1.8,10.0,4.4,,,,,,,,,,2.4,3.4,,,,2023,11,47,327,0,0,1,0
239,세종,2023-11-24,1.2,-2.3,2352.0,5.6,1.0,,,,,,,10.7,320,931,6.7,290,1436,3.2,2788.0,290.0,-7.7,37.0,1224.0,51.8,3.4,1017.6,1033.9,2352,1020.8,1,1028.9,10.0,7.5,1200.0,2.02,11.55,,,,,,1.4,0.5,3.0,-4.6,,,,,,,,,,1.8,2.6,,,,2023,11,47,328,0,0,0,0
239,세종,2023-11-25,-0.8,-5.1,720.0,5.6,1532.0,,,,,,,5.8,290,1747,3.6,320,1816,1.4,1206.0,290.0,-12.7,18.0,1603.0,41.5,2.3,1021.5,1036.1,900,1030.6,1508,1032.9,10.0,8.0,1200.0,2.07,12.13,,,,,,0.9,0.4,1.4,-7.8,,,,,,,,,,1.6,2.3,,,,2023,11,47,329,0,0,0,0
239,세종,2023-11-26,4.1,-2.2,1.0,8.2,1419.0,,,,,,0.1,3.1,70,1124,2.3,110,1219,0.8,703.0,90.0,-5.3,27.0,1100.0,51.3,4.2,1014.0,1031.0,21,1020.0,2356,1025.2,10.0,3.7,1100.0,1.71,7.42,,,,,,6.8,1.9,4.1,-4.7,,,,,,,,,,1.0,1.5,,,,2023,11,47,330,0,0,0,0
239,세종,2023-11-27,7.0,4.2,250.0,11.1,1428.0,,,,,,3.4,11.8,320,2109,5.2,290,2114,1.2,1066.0,290.0,4.7,70.0,1.0,86.3,8.6,1004.5,1020.1,3,1012.8,1351,1015.4,9.9,1.3,1300.0,1.53,4.42,,,,,,5.9,2.4,7.3,3.8,,,,,,,,,,0.9,1.3,,,,2023,11,48,331,0,0,0,1
239,세종,2023-11-28,3.4,-0.9,2305.0,6.8,1403.0,,,,,,,8.4,249,1624,4.7,290,602,2.2,185760.0,290.0,-3.4,36.0,1307.0,63.0,4.8,1010.8,1024.9,2357,1016.6,146,1021.9,10.6,6.5,1300.0,2.0,10.58,,,,,,2.8,1.1,4.0,-3.3,,,,,,,,,,,,,,,2023,11,48,332,0,0,0,0
239,세종,2023-11-29,2.4,-0.9,745.0,7.4,1325.0,0.1,1711.0,0.1,1800.0,2.0,0.2,11.5,338,1857,7.1,320,1905,2.1,181800.0,320.0,-2.5,49.0,1237.0,71.0,5.1,1014.2,1028.5,2306,1022.4,1445,1025.4,10.6,4.2,1300.0,1.6,6.95,,,,,,7.4,3.8,3.1,-2.6,,,,,,,,,,,,,,,2023,11,48,333,0,0,0,0
239,세종,2023-11-30,-2.2,-5.6,722.0,1.3,1416.0,,,,,,,8.3,320,31,5.0,340,39,2.4,2067.0,320.0,-9.7,43.0,843.0,57.3,3.0,1017.9,1031.8,917,1027.9,1647,1029.4,9.9,7.1,1200.0,2.0,11.12,,,,,,2.6,2.4,0.7,-7.8,,,,,,,,,,1.2,1.7,,,,2023,11,48,334,0,0,0,0
239,세종,2023-12-01,-1.3,-5.3,735.0,2.4,1259.0,,,,,,,9.4,340,1513,5.9,320,1318,1.9,1681.0,320.0,-7.7,41.0,1441.0,62.9,3.5,1015.7,1028.1,2209,1025.6,1440,1027.1,9.8,7.7,1200.0,1.96,11.1,,,,,,0.1,0.0,0.5,-8.0,,,,,,,,,,1.2,1.8,,,,2023,12,48,335,0,0,0,0
239,세종,2023-12-02,2.6,-3.9,202.0,8.7,1427.0,,,,,,,6.6,270,1442,3.0,250,1446,1.1,939.0,160.0,-2.9,45.0,1441.0,68.4,5.0,1014.6,1028.3,225,1023.5,1910,1025.8,9.8,2.0,1300.0,1.76,6.37,,,,,,3.5,1.8,2.4,-6.9,,,,,,,,,,1.2,1.7,,,,2023,12,48,336,0,0,0,0
239,세종,2023-12-03,2.6,-1.5,751.0,8.2,1520.0,,,,,,,6.7,340,212,5.2,340,218,1.4,1194.0,290.0,-6.2,35.0,1501.0,53.8,3.8,1015.8,1028.8,1022,1024.3,31,1027.0,9.8,7.8,1200.0,1.88,10.94,,,,,,0.0,0.0,2.7,-5.5,,,,,,,,,,1.4,2.0,,,,2023,12,48,337,0,0,0,0
239,세종,2023-12-04,2.1,-4.1,736.0,9.2,1446.0,,,,,,,4.3,360,1322,2.7,340,1412,0.8,671.0,90.0,-3.6,36.0,1448.0,68.4,4.7,1011.4,1027.0,4,1019.7,1526,1022.7,9.8,7.8,1200.0,1.87,11.73,,,,,,2.6,1.9,2.2,-7.9,,,,,,,,,,1.3,1.9,,,,2023,12,49,338,0,0,0,0
239,세종,2023-12-05,3.7,-1.6,701.0,11.4,1532.0,,,,,,,2.8,90,1359,1.7,160,124,0.6,500.0,90.0,-1.2,43.0,1517.0,72.4,5.6,1007.2,1021.0,4,1016.1,1442,1018.3,9.8,5.1,1300.0,1.58,8.35,,,,,,3.3,1.3,2.9,-5.3,,,,,,,,,,1.0,1.4,,,,2023,12,49,339,0,0,0,0
239,세종,2023-12-06,6.1,0.1,402.0,12.2,1445.0,,,,,,0.6,9.3,290,1848,4.9,290,1848,1.5,1294.0,290.0,2.3,57.0,2346.0,77.9,7.4,1000.5,1017.0,1,1005.0,1727,1011.5,9.8,0.0,1100.0,0.79,4.51,,,,,,4.4,2.3,4.1,-4.6,,,,,,,,,,1.0,1.5,,,,2023,12,49,340,0,0,0,0
239,세종,2023-12-07,6.7,1.4,807.0,11.9,1428.0,,,,,,,10.1,290,26,4.6,270,8,1.9,1615.0,180.0,-1.0,41.0,1444.0,58.9,5.7,1005.2,1017.6,2158,1012.2,1,1016.2,9.8,7.4,1200.0,1.77,10.0,,,,,,0.0,0.0,4.0,-2.9,,,,,,,,,,1.6,2.2,,,,2023,12,49,341,0,0,0,0
239,세종,2023-12-08,11.7,3.4,458.0,18.8,1434.0,,,,,,,10.1,200,1321,4.7,180,1327,1.7,1492.0,180.0,5.1,45.0,1407.0,65.0,9.1,1003.7,1017.1,3,1011.3,1421,1014.4,9.7,7.4,1200.0,1.72,9.46,,,,,,0.8,0.8,6.4,-2.4,,,,,,,,,,2.0,2.9,,,,2023,12,49,342,0,0,1,0
239,세종,2023-12-09,14.8,11.8,2400.0,19.2,1433.0,,,,,,,8.7,180,330,3.7,200,1159,1.7,1446.0,160.0,10.3,54.0,1444.0,75.4,12.5,1007.2,1021.4,2317,1014.2,1,1017.9,9.7,4.3,1200.0,1.4,7.56,,,,,,2.5,1.9,11.0,5.5,,,,,,,,,,1.3,1.9,,,,2023,12,49,343,0,0,1,0
239,세종,2023-12-10,13.4,9.8,539.0,18.4,1438.0,,,,,,,4.9,140,2106,3.0,90,2311,1.1,934.0,90.0,9.6,62.0,1438.0,78.9,11.9,1011.5,1024.6,1016,1019.9,1428,1022.2,9.7,3.8,1200.0,1.48,7.44,,,,,,7.9,4.0,11.6,4.5,,,,,,,,,,1.5,2.2,,,,2023,12,49,344,0,0,1,0
239,세종,2023-12-11,12.0,8.7,2355.0,14.2,1.0,,,,,,35.3,8.2,70,1424,4.2,90,1409,2.2,1896.0,70.0,9.2,61.0,253.0,84.5,11.7,1004.9,1022.2,4,1010.8,1639,1015.6,9.7,0.0,1300.0,0.21,0.96,,,,,,8.6,5.0,11.0,8.6,,,,,,,,,,0.5,0.7,,,,2023,12,50,345,0,0,1,1
239,세종,2023-12-12,7.4,5.5,2236.0,10.0,1425.0,,,,,,0.1,7.9,90,733,4.0,50,319,2.0,1691.0,70.0,3.4,66.0,1656.0,76.4,7.8,1009.5,1026.6,2330,1013.5,31,1020.5,9.7,0.3,1300.0,0.94,4.56,,,,,,4.8,3.9,8.2,0.6,,,,,,,,,,0.8,1.2,,,,2023,12,50,346,0,0,0,0
239,세종,2023-12-13,9.2,5.6,1.0,12.7,1300.0,,,,,,,3.8,90,2208,2.4,90,1146,1.3,1131.0,90.0,4.0,57.0,1333.0,70.8,8.1,1016.7,1029.1,1018,1026.4,139,1027.7,9.7,3.3,1100.0,1.59,6.85,,,,,,6.0,4.3,8.5,4.2,,,,,,,,,,1.2,1.8,,,,2023,12,50,347,0,0,0,0
239,세종,2023-12-14,9.9,9.0,1656.0,10.8,1135.0,,,,,,27.1,4.9,70,1049,3.2,70,1136,2.1,1825.0,90.0,6.6,65.0,1015.0,81.5,9.9,1011.4,1027.5,141,1015.8,2357,1022.3,9.7,0.0,1400.0,0.28,1.37,,,,,,9.9,5.4,9.2,7.9,,,,,,,,,,0.5,0.7,,,,2023,12,50,348,0,0,0,1
239,세종,2023-12-15,8.7,5.6,2359.0,11.7,1218.0,,,,,,41.5,5.5,270,1748,3.3,270,1938,1.1,971.0,90.0,8.1,91.0,1759.0,96.8,10.9,1001.6,1017.1,2308,1008.7,1313,1012.5,9.7,0.0,1200.0,0.17,0.82,,,,,,8.5,5.9,9.5,5.4,,,,,,,,,,0.3,0.4,,,,2023,12,50,349,0,0,0,1
239,세종,2023-12-16,-1.6,-6.7,2337.0,5.6,1.0,,,,,,2.6,12.5,290,1750,6.1,290,1409,3.2,2797.0,290.0,-4.4,56.0,1404.0,81.3,4.6,1011.9,1030.1,2400,1016.6,9,1023.3,9.7,2.5,1300.0,1.67,7.21,,,,,,8.6,2.9,3.4,-6.0,,,,,,,,,,0.7,1.0,,,,2023,12,50,350,0,0,0,1
239,세종,2023-12-17,-8.3,-10.8,657.0,-5.0,1409.0,,,,,,,7.7,320,139,4.8,320,1556,2.5,2174.0,320.0,-13.7,52.0,1342.0,65.5,2.1,1023.1,1037.3,2227,1030.0,1,1034.9,9.7,7.6,1200.0,1.95,10.77,,,,,,0.6,0.5,0.5,-10.4,,,,,,,,,,0.8,1.2,,,,2023,12,50,351,0,0,0,0
239,세종,2023-12-18,-5.8,-9.9,301.0,-2.6,1316.0,,,,,,,4.8,50,1323,2.8,340,1327,1.3,1110.0,70.0,-11.8,39.0,1040.0,64.3,2.5,1023.6,1038.3,914,1032.9,2235,1035.4,9.7,5.1,1200.0,1.72,8.74,,,,,,8.4,3.5,-1.0,-9.9,,,,,,,,,,0.8,1.2,,,,2023,12,51,352,0,0,0,0
239,세종,2023-12-19,-2.4,-6.2,659.0,0.3,1429.0,,,,,,,3.1,290,1514,2.4,320,1546,1.1,956.0,70.0,-8.2,48.0,1349.0,64.6,3.3,1017.4,1033.5,3,1026.3,2328,1028.9,9.7,0.3,1100.0,0.9,4.34,,,,,,7.1,3.0,-0.1,-7.9,,,,,,,,,,0.6,0.8,,,,2023,12,51,353,0,0,0,0
239,세종,2023-12-20,-5.2,-9.1,2353.0,-1.3,1.0,,,,,,0.2,8.6,290,323,4.7,290,1352,2.8,2460.0,320.0,-9.4,54.0,1706.0,73.0,3.1,1016.3,1029.4,2317,1026.0,103,1027.9,9.7,1.9,1200.0,1.17,6.1,,,,,,6.3,3.3,0.0,-9.8,,,,,,,,,,0.6,0.9,,,,2023,12,51,354,0,0,0,0
239,세종,2023-12-21,-9.4,-11.8,607.0,-6.1,1447.0,,,,,,,7.3,320,1735,4.0,320,1452,2.1,1826.0,320.0,-13.9,55.0,1513.0,70.1,2.1,1019.3,1033.3,2243,1028.5,139,1031.1,9.6,5.3,1200.0,1.59,7.34,,,,,,2.1,1.1,-3.5,-11.7,,,,,,,,,,0.6,0.8,,,,2023,12,51,355,0,0,0,0
239,세종,2023-12-22,-9.3,-13.0,641.0,-4.8,1503.0,,,,,,,7.5,270,1515,4.4,290,1239,2.1,1781.0,320.0,-14.8,44.0,1350.0,64.8,2.0,1025.1,1039.7,2229,1033.3,1,1037.0,9.6,7.6,1200.0,1.94,10.8,,,,,,0.4,0.4,-4.7,-14.0,,,,,,,,,,0.7,1.1,,,,2023,12,51,356,0,0,0,0
239,세종,2023-12-23,-5.8,-12.0,532.0,-0.5,1451.0,,,,,,,3.7,90,1605,2.3,90,1550,0.7,640.0,90.0,-12.2,40.0,1139.0,62.9,2.4,1025.7,1039.9,41,1034.2,2359,1037.4,9.6,7.5,1100.0,1.98,11.53,,,,,,3.0,0.6,-3.7,-13.0,,,,,,,,,,1.0,1.4,,,,2023,12,51,357,0,0,0,0
239,세종,2023-12-24,-1.7,-4.4,635.0,2.3,1331.0,,,,,,0.6,4.6,230,1423,2.3,250,1423,0.4,381.0,320.0,-4.7,61.0,1.0,80.5,4.4,1019.9,1034.1,1,1029.7,2333,1031.4,9.7,2.8,1200.0,1.42,5.95,,,,,,5.8,3.5,-0.8,-6.4,,,,,,,,,,0.5,0.7,,,,2023,12,51,358,0,0,0,0
239,세종,2023-12-25,-0.4,-3.3,555.0,3.3,1240.0,,,,,,0.2,5.1,180,1322,2.6,250,1328,0.8,729.0,290.0,-2.4,64.0,1253.0,86.9,5.1,1018.3,1030.7,1024,1028.4,532,1029.7,9.7,3.0,1100.0,1.66,6.81,,,,,,4.5,3.1,-0.5,-7.7,,,,,,,,,,0.6,0.9,,,,2023,12,52,359,0,0,0,0
239,세종,2023-12-26,1.9,-1.5,810.0,7.1,1313.0,,,,,,,6.5,290,1343,2.9,270,1253,0.8,714.0,290.0,-1.2,55.0,1303.0,81.4,5.6,1018.9,1032.2,2354,1028.3,1400,1030.3,9.7,3.9,1200.0,1.59,7.36,,,,,,4.1,3.0,-0.3,-5.8,,,,,,,,,,0.8,1.1,,,,2023,12,52,360,0,0,0,0
239,세종,2023-12-27,2.2,-1.4,754.0,7.9,1505.0,,,,,,,3.1,50,1402,2.1,320,1434,0.4,383.0,290.0,-0.7,57.0,1507.0,82.8,5.8,1019.4,1032.8,1020,1029.5,1447,1030.8,9.7,6.5,1200.0,1.54,8.14,,,,,,3.8,2.6,-0.1,-5.2,,,,,,,,,,0.8,1.2,,,,2023,12,52,361,0,0,0,0
239,세종,2023-12-28,0.9,-3.3,541.0,5.8,1410.0,,,,,,,5.5,270,1608,3.4,340,1749,0.7,564.0,290.0,-1.1,62.0,1424.0,87.8,5.6,1018.1,1030.7,1010,1028.1,1410,1029.4,9.7,2.6,1200.0,1.5,6.24,,,,,,6.6,6.4,0.7,-6.2,,,,,,,,,,0.7,0.9,,,,2023,12,52,362,0,0,0,0
239,세종,2023-12-29,2.0,-0.7,619.0,6.8,1412.0,,,,,,,4.8,290,1424,2.5,320,1806,0.7,565.0,70.0,-1.1,55.0,1420.0,81.0,5.6,1016.3,1030.4,222,1025.6,2218,1027.6,9.7,2.0,1300.0,1.17,6.49,,,,,,6.1,5.8,1.9,-4.9,,,,,,,,,,0.8,1.1,,,,2023,12,52,363,0,0,0,0
239,세종,2023-12-30,0.5,-2.4,444.0,2.9,2337.0,,,,,,2.5,2.9,70,1545,1.9,320,2256,0.5,473.0,90.0,-0.4,79.0,1326.0,93.3,6.0,1007.4,1025.8,1,1012.3,2328,1018.7,9.7,0.0,1100.0,0.49,2.29,,,,,,5.9,3.6,1.1,-6.0,,,,,,,,,,0.3,0.5,,,,2023,12,52,364,0,0,0,1
239,세종,2023-12-31,3.5,2.4,116.0,5.5,734.0,,,,,,1.6,9.4,270,919,3.9,320,923,1.3,1106.0,290.0,1.7,79.0,1528.0,88.6,6.9,1007.5,1026.8,2351,1011.0,526,1018.6,9.7,0.0,1300.0,0.18,0.93,,,,,,7.1,6.9,3.1,-0.1,,,,,,,,,,0.3,0.5,,,,2023,12,52,365,0,0,0,1
239,세종,2024-01-01,3.4,0.2,751.0,7.3,1455.0,,,,,,,3.0,200,1553,2.0,320,1211,0.7,567.0,70.0,0.8,61.0,1547.0,84.4,6.5,1016.4,1030.6,1019,1025.5,2400,1027.6,9.7,2.4,1200.0,1.86,6.9,,,,,,3.6,3.1,3.7,-3.6,,,,,,,,,,0.8,1.1,,,,2024,1,1,1,0,0,0,0
239,세종,2024-01-02,3.7,1.3,2355.0,6.2,1355.0,,,,,,,5.4,290,1334,3.2,290,1421,1.0,831.0,320.0,0.5,64.0,1435.0,79.8,6.3,1011.5,1025.6,3,1021.1,2209,1022.7,9.7,0.0,1100.0,0.72,3.21,,,,,,7.0,3.6,3.7,-1.3,,,,,,,,,,0.5,0.8,,,,2024,1,1,2,0,0,0,0
239,세종,2024-01-03,2.1,-0.7,2358.0,5.6,1531.0,,,,,,0.9,10.2,290,1601,4.4,290,1609,1.2,1033.0,290.0,-0.5,63.0,1238.0,83.4,5.9,1009.1,1023.1,2347,1018.1,1417,1020.3,9.7,0.4,1100.0,1.02,4.42,,,,,,6.6,3.6,3.0,-6.0,,,,,,,,,,0.5,0.8,,,,2024,1,1,3,0,0,0,0
239,세종,2024-01-04,0.9,-4.6,724.0,6.9,1434.0,,,,,,,5.3,160,1454,3.1,160,1458,0.7,607.0,70.0,-2.3,54.0,1440.0,80.6,5.2,1011.9,1025.7,918,1021.2,2337,1023.2,9.7,6.4,1100.0,1.88,9.99,,,,,,1.4,1.3,1.3,-8.0,,,,,,,,,,1.0,1.4,,,,2024,1,1,4,0,0,0,0
239,세종,2024-01-05,4.8,1.1,236.0,10.2,1403.0,,,,,,,5.5,340,832,2.7,320,833,1.4,1174.0,320.0,1.5,65.0,1418.0,80.1,6.9,1010.0,1022.6,1022,1019.4,1550,1021.1,9.7,1.1,1200.0,1.21,4.65,,,,,,3.0,2.3,3.0,-3.0,,,,,,,,,,0.7,1.0,,,,2024,1,1,5,0,0,0,0
239,세종,2024-01-06,1.3,-2.7,759.0,7.1,1444.0,,,,,,0.8,6.2,250,2105,3.2,320,1332,1.2,1001.0,270.0,-4.0,34.0,1501.0,71.8,4.6,1011.4,1024.4,933,1021.0,1521,1022.7,9.7,7.7,1200.0,1.93,11.54,,,,,,0.9,0.1,1.4,-7.6,,,,,,,,,,1.4,2.0,,,,2024,1,1,6,0,0,0,0
239,세종,2024-01-07,-2.3,-5.6,2344.0,0.6,1342.0,,,,,,,9.3,320,853,6.0,340,901,2.4,2110.0,320.0,-9.6,41.0,923.0,58.6,3.1,1015.6,1029.2,2116,1023.5,1,1027.0,9.8,6.3,1200.0,1.93,9.7,,,,,,1.0,0.3,-0.2,-9.7,,,,,,,,,,1.1,1.6,,,,2024,1,1,7,0,0,0,0
239,세종,2024-01-08,-3.9,-8.9,735.0,1.9,1555.0,,,,,,,4.6,270,1502,2.5,340,1132,0.9,809.0,90.0,-11.3,22.0,1406.0,58.8,2.6,1016.1,1030.2,859,1025.1,2302,1027.6,9.8,7.7,1200.0,2.01,11.73,,,,,,0.8,0.8,-2.9,-11.2,,,,,,,,,,1.1,1.6,,,,2024,1,2,8,0,0,0,0
239,세종,2024-01-09,0.0,-4.0,1.0,4.0,1511.0,,,,,,2.9,3.8,110,1607,2.5,270,1606,0.6,530.0,340.0,-3.7,57.0,1114.0,77.1,4.8,1009.1,1025.4,3,1017.7,1441,1020.4,9.8,0.5,1000.0,0.96,4.92,,,,,,7.0,5.4,0.1,-5.0,,,,,,,,,,0.6,0.8,,,,2024,1,2,9,0,0,0,1
239,세종,2024-01-10,-1.2,-3.9,2318.0,0.7,229.0,,,,,,0.3,5.1,340,416,3.3,320,419,1.2,1042.0,320.0,-2.8,78.0,1038.0,88.8,5.0,1010.2,1023.3,1944,1019.1,11,1021.6,9.8,0.0,1100.0,0.42,2.23,,,,,,4.6,4.4,0.5,-7.0,,,,,,,,,,0.3,0.5,,,,2024,1,2,10,0,0,0,0
239,세종,2024-01-11,0.3,-4.5,49.0,3.9,1542.0,,,,,,,6.3,230,1407,2.5,200,1527,0.9,780.0,320.0,-2.0,69.0,1546.0,84.4,5.3,1008.3,1023.1,225,1017.0,2140,1019.6,9.8,0.6,1200.0,1.13,5.25,,,,,,4.8,3.9,0.8,-7.0,,,,,,,,,,0.6,0.8,,,,2024,1,2,11,0,0,0,0
239,세종,2024-01-12,2.4,-1.8,2358.0,8.0,1404.0,,,,,,,8.8,290,1504,4.3,320,1504,1.5,1316.0,320.0,-5.2,26.0,1228.0,62.0,4.4,1008.5,1022.5,2358,1017.3,1,1019.7,9.9,7.7,1200.0,1.93,10.94,,,,,,1.6,1.6,1.7,-7.3,,,,,,,,,,1.5,2.2,,,,2024,1,2,12,0,0,0,0
239,세종,2024-01-13,-0.1,-5.3,810.0,7.5,1430.0,,,,,,,5.6,340,1139,2.9,320,1159,0.7,584.0,90.0,-6.7,35.0,1432.0,63.9,3.7,1014.0,1027.0,2117,1022.4,1,1025.4,9.9,7.9,1200.0,1.97,11.38,,,,,,0.0,0.0,-0.5,-8.7,,,,,,,,,,1.3,1.9,,,,2024,1,2,13,0,0,0,0
239,세종,2024-01-14,1.2,-4.4,742.0,9.1,1347.0,,,,,,2.6,7.8,200,1334,5.0,290,1924,1.4,1204.0,320.0,-1.7,56.0,1203.0,81.9,5.6,1011.3,1026.0,1,1017.8,1438,1022.6,9.9,3.5,1000.0,1.39,6.01,,,,,,3.8,1.8,-0.1,-8.3,,,,,,,,,,0.8,1.2,,,,2024,1,2,14,0,0,0,1
239,세종,2024-01-15,-2.0,-5.3,736.0,3.2,1439.0,,,,,,,6.0,290,1535,3.6,340,149,1.8,1541.0,320.0,-11.0,27.0,1600.0,52.1,2.7,1017.3,1031.7,2203,1024.2,6,1028.8,9.9,7.9,1200.0,2.07,12.11,,,,,,0.0,0.0,-1.0,-8.9,,,,,,,,,,1.4,2.0,,,,2024,1,3,15,0,0,0,0
239,세종,2024-01-16,-1.9,-7.5,640.0,4.2,1507.0,,,,,,,3.0,110,1014,2.1,290,1121,0.7,567.0,110.0,-9.3,29.0,1546.0,59.8,3.1,1021.3,1034.6,1030,1031.3,1,1032.8,9.9,7.4,1100.0,1.78,10.71,,,,,,1.0,0.6,-1.8,-10.5,,,,,,,,,,1.1,1.5,,,,2024,1,3,16,0,0,0,0
239,세종,2024-01-17,0.6,-2.6,7.0,2.2,2322.0,,,,,,10.4,2.5,340,601,1.6,320,603,0.5,472.0,320.0,-1.8,69.0,329.0,84.8,5.5,1014.8,1032.2,7,1020.6,2400,1026.2,10.0,0.0,1200.0,0.43,1.91,,,,,,9.9,7.0,0.0,-6.7,,,,,,,,,,0.3,0.4,,,,2024,1,3,17,0,0,0,1
239,세종,2024-01-18,4.6,2.1,1.0,6.6,2315.0,,,,,,11.0,7.1,70,2333,3.7,90,2335,1.1,958.0,70.0,2.9,74.0,1339.0,89.5,7.5,1012.0,1026.3,2304,1020.2,16,1023.2,10.0,0.3,1300.0,1.17,4.54,,,,,,8.5,7.5,3.9,1.8,,,,,,,,,,0.8,1.1,,,,2024,1,3,18,0,0,0,1
239,세종,2024-01-19,6.2,5.0,729.0,9.4,1221.0,,,,,,,9.1,70,1621,5.1,90,1621,3.2,2746.0,90.0,0.7,58.0,1239.0,68.1,6.5,1016.5,1028.9,931,1026.1,6,1027.6,10.0,2.7,1200.0,1.78,7.52,,,,,,6.6,4.8,4.9,1.5,,,,,,,,,,1.5,2.1,,,,2024,1,3,19,0,0,0,0
239,세종,2024-01-20,4.4,2.5,2007.0,6.3,853.0,,,,,,13.2,9.4,70,849,5.0,90,936,2.8,2428.0,90.0,1.7,66.0,7.0,83.8,6.9,1013.6,1027.9,1,1023.0,1414,1024.8,10.0,0.0,1200.0,0.24,1.3,,,,,,9.4,5.8,4.0,2.2,,,,,,,,,,0.4,0.6,,,,2024,1,3,20,0,0,0,1
239,세종,2024-01-21,2.9,-0.1,2349.0,7.1,1228.0,,,,,,0.1,7.6,290,2324,3.8,340,1540,1.9,1675.0,320.0,-0.2,60.0,1233.0,80.4,6.1,1014.3,1028.0,2335,1023.2,109,1025.6,10.1,1.5,1200.0,1.77,5.81,,,,,,7.8,6.4,3.8,-0.4,,,,,,,,,,0.8,1.2,,,,2024,1,3,21,0,0,0,0
239,세종,2024-01-22,-5.4,-8.5,2354.0,-0.1,1.0,,,,,,0.1,10.8,340,1155,5.5,320,1742,3.0,2571.0,290.0,-10.2,54.0,1618.0,69.1,2.9,1017.2,1030.2,959,1027.5,1443,1028.8,10.1,3.7,1100.0,1.54,9.0,,,,,,7.0,3.5,-0.2,-8.6,,,,,,,,,,0.8,1.1,,,,2024,1,4,22,0,0,0,0
239,세종,2024-01-23,-8.9,-11.0,247.0,-5.9,1249.0,,,,,,,10.0,270,1621,5.5,290,1435,2.2,1929.0,290.0,-13.3,50.0,1343.0,71.1,2.2,1015.4,1029.2,248,1024.7,1428,1027.1,10.1,4.1,1300.0,1.87,10.14,,,,,,4.3,1.6,-1.8,-12.3,,,,,,,,,,0.7,1.0,,,,2024,1,4,23,0,0,0,0
239,세종,2024-01-24,-6.6,-10.5,709.0,-3.0,1524.0,,,,,,0.2,11.0,320,1111,6.0,290,1143,2.3,2013.0,290.0,-12.2,46.0,1428.0,65.6,2.4,1015.5,1029.7,2333,1025.6,1433,1027.2,10.1,7.9,1200.0,2.28,12.61,,,,,,2.9,2.3,-1.2,-11.1,,,,,,,,,,1.0,1.5,,,,2024,1,4,24,0,0,0,0
239,세종,2024-01-25,-4.6,-10.8,752.0,1.6,1600.0,,,,,,,6.5,290,1546,3.3,290,1546,1.2,1069.0,290.0,-11.9,34.0,1522.0,59.0,2.5,1017.9,1030.6,902,1027.6,1444,1029.5,10.2,8.2,1200.0,2.16,13.08,,,,,,0.1,0.1,-2.2,-12.0,,,,,,,,,,1.3,1.8,,,,2024,1,4,25,0,0,0,0
239,세종,2024-01-26,-2.3,-7.2,608.0,3.0,1513.0,,,,,,,5.2,290,1540,2.7,290,1459,0.7,611.0,290.0,-6.4,56.0,1332.0,74.1,3.8,1018.5,1031.4,1022,1028.6,1440,1030.0,10.2,1.2,1100.0,1.17,6.86,,,,,,3.3,3.3,-1.5,-10.0,,,,,,,,,,0.7,1.0,,,,2024,1,4,26,0,0,0,0
239,세종,2024-01-27,-0.3,-5.4,749.0,5.8,1432.0,,,,,,,4.6,90,1627,2.9,340,1209,0.8,664.0,320.0,-6.2,33.0,1516.0,69.3,3.9,1016.6,1030.1,942,1026.0,1613,1028.0,10.2,8.3,1100.0,2.22,13.34,,,,,,1.5,1.5,-0.9,-9.8,,,,,,,,,,1.5,2.1,,,,2024,1,4,27,0,0,0,0
239,세종,2024-01-28,-0.6,-4.1,740.0,3.2,1136.0,,,,,,,6.6,290,1222,2.8,320,358,1.0,895.0,270.0,-5.7,53.0,1136.0,69.1,4.0,1018.0,1031.9,2347,1027.1,119,1029.5,10.3,3.9,1100.0,1.55,7.99,,,,,,4.0,1.9,-0.7,-9.2,,,,,,,,,,0.8,1.2,,,,2024,1,4,28,0,0,0,0
239,세종,2024-01-29,-1.2,-6.1,650.0,5.0,1527.0,,,,,,,3.9,320,1323,2.7,320,1716,0.9,766.0,320.0,-6.4,40.0,1444.0,70.1,3.8,1020.3,1033.4,840,1029.9,1449,1031.8,10.3,7.5,1200.0,2.1,13.15,,,,,,1.1,1.1,-0.5,-10.4,,,,,,,,,,1.3,1.8,,,,2024,1,5,29,0,0,0,0
239,세종,2024-01-30,0.9,-5.3,749.0,9.1,1608.0,,,,,,,3.5,90,1141,2.2,70,1127,0.6,558.0,70.0,-5.6,33.0,1535.0,64.9,4.0,1017.7,1032.3,812,1026.3,1636,1029.0,10.3,8.4,1200.0,2.21,13.58,,,,,,2.6,1.0,-0.4,-10.0,,,,,,,,,,1.4,2.0,,,,2024,1,5,30,0,0,0,0
239,세종,2024-01-31,5.3,0.3,1.0,12.7,1546.0,,,,,,,5.0,320,1829,2.8,320,1831,1.2,1063.0,290.0,-4.4,31.0,1548.0,51.6,4.4,1013.3,1027.0,152,1021.3,1520,1024.4,10.3,5.0,1300.0,2.05,10.52,,,,,,5.4,4.8,1.7,-1.8,,,,,,,,,,1.9,2.7,,,,2024,1,5,31,0,0,0,0
239,세종,2024-02-01,3.4,1.4,2329.0,5.6,1450.0,,,,,,,5.0,340,804,3.5,340,804,1.4,1221.0,320.0,-1.7,55.0,1.0,69.1,5.4,1014.0,1026.8,938,1023.3,1430,1025.2,10.4,0.0,1100.0,1.07,5.45,,,,,,9.1,5.4,2.0,-2.7,,,,,,,,,,0.8,1.1,,,,2024,2,5,32,1,0,0,0
239,세종,2024-02-02,2.5,-1.6,808.0,8.7,1612.0,,,,,,,6.1,200,1349,3.0,270,1329,1.1,942.0,290.0,-2.6,36.0,1420.0,71.4,5.1,1016.2,1029.4,2233,1025.7,417,1027.5,10.4,6.4,1300.0,2.11,11.43,,,,,,3.4,1.6,2.6,-5.6,,,,,,,,,,1.4,2.0,,,,2024,2,5,33,1,0,0,0
239,세종,2024-02-03,4.0,-0.9,1.0,8.9,1334.0,,,,,,0.6,3.8,110,1304,2.5,70,1300,0.8,670.0,70.0,0.3,54.0,1451.0,78.1,6.3,1016.3,1029.6,504,1025.1,1542,1027.5,10.4,0.0,1300.0,0.99,5.29,,,,,,9.6,4.1,2.9,-5.1,,,,,,,,,,0.7,1.1,,,,2024,2,5,34,1,0,0,0
239,세종,2024-02-04,5.9,2.0,442.0,10.6,1429.0,,,,,,1.3,6.3,140,2335,3.8,90,2345,1.6,1413.0,90.0,2.4,56.0,1430.0,80.1,7.3,1013.9,1027.5,816,1022.9,2335,1025.0,10.5,1.1,1400.0,1.39,7.21,,,,,,9.0,5.8,5.2,-2.6,,,,,,,,,,1.1,1.6,,,,2024,2,5,35,1,0,0,1
239,세종,2024-02-05,3.4,0.7,2344.0,6.0,1339.0,,,,,,17.5,7.0,90,26,3.9,90,43,2.2,1868.0,70.0,2.2,82.0,1422.0,92.4,7.2,1009.1,1024.8,2351,1017.2,459,1020.3,10.5,0.0,1300.0,0.81,3.44,,,,,,9.9,5.6,4.5,0.0,,,,,,,,,,0.5,0.7,,,,2024,2,6,36,1,0,0,1
239,세종,2024-02-06,1.6,0.0,2353.0,4.2,1557.0,,,,,,0.9,4.8,340,1942,2.9,340,1933,1.2,1024.0,50.0,0.2,81.0,1625.0,90.1,6.2,1013.9,1026.6,841,1024.1,1543,1025.2,10.5,0.0,1000.0,0.57,3.38,,,,,,8.5,6.4,3.2,-3.0,,,,,,,,,,0.5,0.7,,,,2024,2,6,37,1,0,0,0
239,세종,2024-02-07,0.6,-1.8,2400.0,3.8,1448.0,,,,,,,5.5,290,1728,3.3,320,1737,1.3,1125.0,270.0,-4.7,50.0,1342.0,68.1,4.3,1012.7,1025.6,815,1022.4,1433,1024.1,10.6,1.5,1000.0,1.32,8.13,,,,,,6.4,5.6,2.3,-5.7,,,,,,,,,,0.9,1.3,,,,2024,2,6,38,1,0,0,0
239,세종,2024-02-08,0.4,-4.9,720.0,6.2,1513.0,,,,,,,5.3,50,1310,2.7,50,1311,1.0,830.0,340.0,-4.0,50.0,1413.0,74.0,4.5,1011.0,1024.2,805,1020.0,1555,1022.3,10.6,8.2,1300.0,2.34,14.92,,,,,,3.3,2.8,2.5,-8.1,,,,,,,,,,1.4,2.0,,,,2024,2,6,39,1,0,0,0
239,세종,2024-02-09,0.7,-4.3,619.0,6.9,1514.0,,,,,,,7.4,320,1539,3.8,290,1547,1.2,1046.0,270.0,-4.4,41.0,1513.0,71.0,4.4,1011.7,1024.2,917,1021.1,1441,1023.0,10.6,8.5,1100.0,2.23,15.07,,,,,,0.5,0.3,2.0,-8.4,,,,,,,,,,1.5,2.2,,,,2024,2,6,40,1,0,0,0
239,세종,2024-02-10,0.7,-4.3,725.0,6.5,1257.0,,,,,,0.1,6.0,200,1524,3.4,290,1343,1.0,844.0,270.0,-3.7,52.0,1238.0,73.5,4.7,1013.1,1025.5,2242,1022.9,1503,1024.4,10.7,5.4,1100.0,1.94,9.67,,,,,,1.8,0.9,0.1,-8.0,,,,,,,,,,1.0,1.4,,,,2024,2,6,41,1,0,0,0
239,세종,2024-02-11,0.4,-4.8,749.0,6.7,1559.0,,,,,,0.1,10.2,320,1613,4.7,270,1628,1.1,971.0,290.0,-3.9,44.0,1622.0,74.1,4.6,1014.2,1028.6,2329,1022.6,1446,1025.6,10.7,3.9,1400.0,1.47,9.38,,,,,,2.3,0.9,0.4,-9.0,,,,,,,,,,1.0,1.4,,,,2024,2,6,42,1,0,0,0
239,세종,2024-02-12,3.3,-3.6,725.0,11.7,1458.0,,,,,,,5.3,180,1634,2.7,160,1455,0.8,717.0,160.0,-4.3,21.0,1449.0,62.8,4.5,1018.3,1032.0,1001,1027.5,1606,1029.5,10.7,8.9,1200.0,2.36,15.92,,,,,,0.0,0.0,3.3,-8.3,,,,,,,,,,2.0,2.9,,,,2024,2,7,43,1,0,0,0
239,세종,2024-02-13,8.5,0.0,709.0,15.6,1437.0,,,,,,,10.3,160,1137,4.4,160,1143,1.4,1218.0,180.0,1.9,46.0,1355.0,64.1,7.2,1015.1,1029.1,128,1023.7,1613,1026.1,10.8,7.4,1100.0,2.29,13.64,,,,,,4.6,3.9,5.7,-4.6,,,,,,,,,,2.1,3.0,,,,2024,2,7,44,1,0,0,0
239,세종,2024-02-14,13.1,8.5,640.0,18.2,1524.0,,,,,,,6.1,160,1354,4.0,160,1357,1.2,1004.0,160.0,8.8,62.0,1151.0,76.3,11.5,1010.5,1024.6,9,1018.8,1432,1021.3,10.8,1.5,1100.0,1.32,7.34,,,,,,4.5,2.9,10.8,4.3,,,,,,,,,,1.2,1.7,,,,2024,2,7,45,1,0,1,0
239,세종,2024-02-15,5.9,-0.6,2300.0,13.5,1.0,,,,,,1.0,11.0,340,1246,6.9,320,1145,2.1,1797.0,320.0,3.1,63.0,1849.0,82.5,8.3,1009.2,1025.8,2233,1015.5,813,1020.2,10.8,0.2,1600.0,0.58,1.84,,,,,,9.0,4.5,6.3,-4.4,,,,,,,,,,0.5,0.8,,,,2024,2,7,46,1,0,0,1
239,세종,2024-02-16,2.6,-2.7,546.0,9.2,1420.0,,,,,,,5.2,340,1511,3.0,340,1445,1.0,902.0,320.0,-3.3,38.0,1607.0,67.5,4.8,1013.7,1028.0,907,1022.2,1558,1024.9,10.9,8.3,1100.0,2.36,15.3,,,,,,0.3,0.3,4.1,-7.5,,,,,,,,,,1.7,2.5,,,,2024,2,7,47,1,0,0,0
239,세종,2024-02-17,4.9,-2.0,640.0,13.5,1554.0,,,,,,,7.1,200,1216,3.8,160,1239,1.0,879.0,180.0,-1.0,38.0,1558.0,69.0,5.7,1011.0,1024.2,756,1019.9,1513,1022.1,10.9,8.2,1200.0,2.57,16.19,,,,,,0.0,0.0,4.8,-7.3,,,,,,,,,,1.9,2.8,,,,2024,2,7,48,1,0,0,0
239,세종,2024-02-18,5.2,-0.6,706.0,9.1,1337.0,,,,,,27.4,2.8,70,1057,1.8,290,1506,0.6,494.0,90.0,3.5,57.0,1329.0,90.0,8.1,1007.6,1022.5,820,1012.7,2352,1018.7,11.0,0.1,900.0,0.74,3.49,,,,,,7.3,4.1,4.0,-6.8,,,,,,,,,,0.5,0.8,,,,2024,2,7,49,1,0,0,1
239,세종,2024-02-19,10.1,5.4,2332.0,13.3,1127.0,,,,,,16.9,7.2,160,1411,2.7,290,1832,1.1,989.0,160.0,9.6,92.0,1307.0,97.3,12.1,1001.8,1019.4,2358,1009.0,625,1012.6,11.0,0.0,1100.0,0.35,1.79,,,,,,8.8,7.3,8.3,5.4,,,,,,,,,,0.4,0.6,,,,2024,2,8,50,1,0,1,1
239,세종,2024-02-20,5.2,3.5,753.0,6.7,1322.0,,,,,,5.6,7.0,90,2125,4.2,90,2323,2.1,1802.0,90.0,3.6,81.0,2212.0,90.3,7.9,1011.5,1024.1,2100,1019.2,158,1022.6,11.0,0.0,1000.0,0.54,2.22,,,,,,9.9,6.6,6.0,3.2,,,,,,,,,,0.5,0.8,,,,2024,2,8,51,1,0,0,1
239,세종,2024-02-21,4.0,2.1,2350.0,5.7,113.0,,,,,,21.9,7.9,70,355,4.6,70,332,3.2,2738.0,90.0,2.9,80.0,129.0,92.8,7.5,1009.5,1023.2,1,1018.8,1615,1020.6,11.1,0.0,1200.0,0.3,1.8,,,,,,10.0,5.0,5.1,3.0,,,,,,,,,,0.4,0.5,,,,2024,2,8,52,1,0,0,1
239,세종,2024-02-22,1.8,0.6,446.0,3.6,1422.0,,,,,,5.8,6.3,90,1702,3.9,90,1652,2.5,2161.0,70.0,0.0,70.0,1500.0,88.9,6.1,1014.9,1028.1,2117,1022.0,9,1026.2,11.1,0.0,1300.0,0.74,3.7,,,,,,9.9,5.4,4.2,0.7,,,,,,,,,,0.5,0.8,,,,2024,2,8,53,1,0,0,1
239,세종,2024-02-23,3.2,0.3,730.0,7.7,1333.0,,,,,,0.3,7.8,90,1212,4.5,90,1906,2.6,2280.0,70.0,-1.7,52.0,1408.0,71.9,5.4,1018.2,1032.2,2110,1027.3,335,1029.5,11.1,5.4,1300.0,2.56,14.37,,,,,,8.6,5.8,6.1,0.0,,,,,,,,,,2.0,2.8,,,,2024,2,8,54,1,0,0,0
239,세종,2024-02-24,3.2,0.6,2228.0,6.9,1234.0,,,,,,2.7,8.1,90,1105,4.7,90,855,2.7,2326.0,90.0,-2.5,47.0,1201.0,68.4,5.2,1017.2,1031.9,151,1025.4,2400,1028.4,11.2,2.1,1200.0,1.64,8.14,,,,,,9.4,6.3,4.1,-1.3,,,,,,,,,,1.1,1.6,,,,2024,2,8,55,1,0,0,1
239,세종,2024-02-25,2.4,0.6,105.0,5.0,1521.0,,,,,,1.7,5.4,70,1516,3.2,320,1453,1.3,1130.0,70.0,0.8,73.0,1648.0,89.6,6.5,1013.0,1026.6,2356,1022.5,1412,1024.2,11.2,0.0,1100.0,0.78,4.55,,,,,,8.0,7.4,4.2,-1.5,,,,,,,,,,0.6,0.9,,,,2024,2,8,56,1,0,0,1
239,세종,2024-02-26,3.4,-1.8,556.0,8.9,1535.0,,,,,,,6.1,90,1312,3.8,290,1336,1.2,1037.0,70.0,-1.5,36.0,1632.0,73.6,5.5,1016.8,1029.4,822,1026.4,1713,1028.0,11.2,8.7,1300.0,2.77,17.14,,,,,,2.4,0.6,4.3,-5.9,,,,,,,,,,1.9,2.7,,,,2024,2,9,57,1,0,0,0
239,세종,2024-02-27,5.1,0.7,637.0,10.3,1405.0,,,,,,,7.1,70,1111,4.6,70,1112,2.0,1711.0,90.0,-3.2,38.0,1407.0,56.4,4.8,1018.7,1031.5,1004,1028.1,1611,1029.9,11.3,6.4,1200.0,2.53,14.46,,,,,,6.0,2.8,5.2,-4.5,,,,,,,,,,2.2,3.2,,,,2024,2,9,58,1,0,0,0
239,세종,2024-02-28,6.5,2.8,713.0,11.0,1434.0,,,,,,,4.2,90,1415,2.8,90,501,1.5,1310.0,90.0,-1.7,41.0,1418.0,56.5,5.4,1017.2,1030.6,913,1026.3,1555,1028.3,11.3,3.2,1200.0,2.15,11.08,,,,,,8.0,5.1,7.3,-0.6,,,,,,,,,,1.6,2.3,,,,2024,2,9,59,1,0,0,0
239,세종,2024-02-29,5.3,2.2,2356.0,7.0,1610.0,,,,,,0.2,6.4,320,2249,4.0,320,2141,1.3,1080.0,290.0,-0.4,48.0,2252.0,67.1,6.0,1011.9,1027.5,45,1020.0,1614,1023.0,11.4,0.0,1300.0,0.63,4.37,,,,,,8.5,4.9,5.6,0.2,,,,,,,,,,1.2,1.7,,,,2024,2,9,60,1,0,0,0
239,세종,2024-03-01,-2.4,-5.8,2332.0,2.1,1.0,,,,,,,11.7,320,1047,6.3,340,1117,3.5,3025.0,320.0,-13.2,28.0,1422.0,44.3,2.3,1013.6,1027.1,2221,1022.0,1,1025.1,11.4,9.2,1300.0,2.73,18.41,,,,,,1.1,0.1,0.6,-7.9,,,,,,,,,,1.9,2.7,,,,2024,3,9,61,1,1,0,0
239,세종,2024-03-02,-0.8,-8.0,702.0,4.3,1554.0,,,,,,,8.7,200,1702,4.2,230,1203,2.1,1847.0,180.0,-8.1,39.0,1327.0,58.5,3.4,1010.8,1027.2,142,1018.3,2329,1022.1,11.4,8.9,1200.0,2.64,17.66,,,,,,2.0,0.9,2.4,-9.6,,,,,,,,,,1.8,2.5,,,,2024,3,9,62,1,1,0,0
239,세종,2024-03-03,5.2,0.6,147.0,11.5,1419.0,,,,,,1.3,10.8,270,1535,4.7,320,1400,1.7,1433.0,160.0,0.5,35.0,1351.0,75.8,6.4,1007.5,1021.0,2400,1016.3,1450,1018.6,11.5,6.4,1200.0,2.42,14.78,,,,,,1.8,0.5,5.4,-3.3,,,,,,,,,,1.9,2.7,,,,2024,3,9,63,1,1,0,1
239,세종,2024-03-04,6.5,0.6,425.0,12.5,1516.0,,,,,,,3.0,90,1152,2.4,270,35,1.0,825.0,340.0,0.2,37.0,1637.0,69.4,6.3,1009.7,1024.2,955,1017.8,2349,1020.7,11.5,3.4,1200.0,2.11,11.13,,,,,,7.3,5.1,7.7,-3.5,,,,,,,,,,1.4,2.0,,,,2024,3,10,64,1,1,0,0
239,세종,2024-03-05,6.2,5.2,630.0,7.9,31.0,,,,,,4.0,5.8,70,1108,3.2,70,544,1.7,1472.0,70.0,3.4,49.0,26.0,83.4,7.9,1003.9,1017.9,12,1011.5,1735,1014.8,11.6,0.0,1200.0,0.32,2.15,,,,,,9.5,3.0,5.9,0.9,,,,,,,,,,0.6,0.8,,,,2024,3,10,65,1,0,0,1
239,세종,2024-03-06,7.1,2.7,725.0,11.5,1329.0,,,,,,,5.0,110,2357,3.1,290,1551,1.5,1264.0,90.0,0.3,45.0,1353.0,62.9,6.2,1005.4,1018.6,2325,1014.1,206,1016.4,11.6,6.1,1200.0,2.6,13.28,,,,,,4.6,1.4,7.3,-0.9,,,,,,,,,,1.8,2.6,,,,2024,3,10,66,1,1,0,0
239,세종,2024-03-07,4.7,0.4,2355.0,8.8,1520.0,,,,,,,8.3,290,1658,3.8,290,1700,1.9,1649.0,290.0,-3.1,31.0,1600.0,58.8,5.0,1006.8,1019.3,2354,1015.7,1439,1017.9,11.6,5.7,1300.0,2.33,15.09,,,,,,4.8,3.1,6.7,-3.6,,,,,,,,,,2.0,2.9,,,,2024,3,10,67,1,1,0,0
239,세종,2024-03-08,2.6,-0.9,609.0,7.7,1313.0,,,,,,,16.2,340,1147,8.0,320,1152,2.9,2498.0,290.0,-7.4,24.0,1532.0,51.5,3.6,1008.2,1022.5,2359,1017.8,456,1019.4,11.7,9.3,1200.0,2.92,20.16,,,,,,0.0,0.0,4.6,-4.7,,,,,,,,,,2.8,4.1,,,,2024,3,10,68,1,1,0,0
239,세종,2024-03-09,1.9,-4.8,655.0,8.6,1508.0,,,,,,,7.2,200,1542,3.9,290,1558,1.5,1311.0,270.0,-8.6,19.0,1611.0,49.1,3.2,1013.5,1027.8,2356,1022.4,6,1024.8,11.7,9.6,1200.0,3.05,21.09,,,,,,0.0,0.0,4.3,-8.3,,,,,,,,,,2.7,3.8,,,,2024,3,10,69,1,1,0,0
239,세종,2024-03-10,4.0,-4.4,633.0,12.4,1520.0,,,,,,,6.7,160,1337,3.5,320,1533,1.2,1069.0,70.0,-6.3,21.0,1522.0,51.8,3.8,1017.3,1030.7,854,1025.9,1650,1028.5,11.7,9.6,1200.0,3.03,20.98,,,,,,1.0,0.4,5.3,-7.9,,,,,,,,,,3.1,4.4,,,,2024,3,10,70,1,1,0,0
239,세종,2024-03-11,6.3,-0.6,701.0,11.8,1605.0,,,,,,,8.9,230,1245,4.2,200,1249,1.1,951.0,180.0,-0.6,35.0,1140.0,63.0,6.0,1009.7,1027.6,2,1016.6,1900,1020.7,11.8,2.9,1100.0,1.77,10.55,,,,,,5.3,0.9,5.9,-5.3,,,,,,,,,,1.5,2.1,,,,2024,3,11,71,1,1,0,0
239,세종,2024-03-12,5.8,2.8,633.0,9.4,1437.0,,,,,,0.1,8.3,340,1510,5.2,320,1517,1.4,1239.0,290.0,2.4,68.0,1439.0,79.5,7.3,1005.1,1019.8,2341,1013.8,1448,1016.1,11.8,0.1,1300.0,0.98,5.78,,,,,,5.4,4.0,5.4,-2.0,,,,,,,,,,1.0,1.4,,,,2024,3,11,72,1,1,0,0
239,세종,2024-03-13,6.1,-0.1,637.0,13.6,1457.0,,,,,,,8.7,290,1752,4.8,290,1754,1.7,1441.0,180.0,-2.3,23.0,1542.0,59.1,5.2,1010.4,1023.2,832,1019.2,1510,1021.5,11.9,9.3,1200.0,2.9,20.11,,,,,,1.0,0.1,7.6,-5.0,,,,,,,,,,3.3,4.7,,,,2024,3,11,73,1,1,0,0
239,세종,2024-03-14,7.4,0.1,523.0,16.5,1558.0,,,,,,,7.5,200,1301,3.1,270,1613,1.4,1233.0,160.0,0.1,29.0,1611.0,63.8,6.2,1011.2,1024.2,2317,1019.6,1601,1022.2,11.9,9.6,1200.0,2.99,20.02,,,,,,0.0,0.0,8.9,-5.2,,,,,,,,,,3.0,4.3,,,,2024,3,11,74,1,1,0,0
239,세종,2024-03-15,8.7,0.7,653.0,18.4,1503.0,,,,,,,8.0,290,1505,4.6,320,1609,1.5,1313.0,290.0,-1.6,14.0,1640.0,59.4,5.6,1013.4,1026.0,940,1022.0,1519,1024.4,12.0,7.9,1200.0,2.98,20.04,,,,,,0.0,0.0,9.8,-4.2,,,,,,,,,,3.7,5.3,,,,2024,3,11,75,1,1,0,0
239,세종,2024-03-16,11.0,1.7,642.0,20.0,1453.0,,,,,,,7.8,230,1455,3.3,180,1721,1.3,1110.0,160.0,-1.5,13.0,1505.0,49.3,5.6,1010.4,1026.2,146,1017.1,1642,1021.3,12.0,8.4,1200.0,2.92,18.45,,,,,,4.0,3.6,11.7,-3.9,,,,,,,,,,3.4,4.8,,,,2024,3,11,76,1,1,1,0
239,세종,2024-03-17,9.1,4.3,2400.0,13.1,1426.0,,,,,,,10.2,290,1121,6.9,290,1125,2.4,2086.0,320.0,-0.1,28.0,1532.0,54.6,6.3,1006.7,1021.8,2359,1015.3,1404,1017.6,12.0,6.0,1400.0,2.24,14.92,,,,,,6.4,2.8,11.3,0.0,,,,,,,,,,2.9,4.1,,,,2024,3,11,77,1,1,0,0
239,세종,2024-03-18,7.7,-0.3,618.0,15.6,1541.0,,,,,,,7.0,270,1551,3.5,290,1608,1.6,1349.0,270.0,-8.1,9.0,1340.0,36.0,3.4,1010.7,1025.0,835,1018.7,1629,1021.7,12.1,9.9,1200.0,3.03,21.08,,,,,,3.5,2.3,10.3,-4.9,,,,,,,,,,4.0,5.7,,,,2024,3,12,78,1,1,0,0
239,세종,2024-03-19,6.9,4.2,2344.0,12.3,1422.0,,,,,,0.0,10.8,270,1722,4.9,270,1450,2.4,2108.0,270.0,-0.8,37.0,34.0,58.1,5.8,1006.1,1020.6,24,1012.3,1501,1017.1,12.1,2.7,1000.0,1.57,9.24,,,,,,7.9,4.8,8.7,2.8,,,,,,,,,,2.0,2.8,,,,2024,3,12,79,1,1,0,0
239,세종,2024-03-20,4.4,1.3,2347.0,9.3,1346.0,,,,,,,10.2,340,1254,5.8,320,949,3.2,2781.0,290.0,-6.4,22.0,1304.0,48.4,3.9,1009.8,1022.7,910,1018.0,10,1020.9,12.1,9.1,1100.0,2.83,20.16,,,,,,1.1,0.4,7.0,-1.3,,,,,,,,,,3.0,4.3,,,,2024,3,12,80,1,1,0,0
239,세종,2024-03-21,4.7,-2.3,651.0,11.6,1506.0,,,,,,,7.3,140,1626,4.0,160,1627,1.4,1222.0,160.0,-4.0,29.0,1424.0,56.8,4.6,1007.9,1021.8,1,1016.1,1633,1019.0,12.2,10.0,1200.0,2.97,21.13,,,,,,2.4,1.1,8.5,-7.6,,,,,,,,,,2.8,4.0,,,,2024,3,12,81,1,1,0,0
239,세종,2024-03-22,9.9,2.6,258.0,17.6,1321.0,,,,,,1.9,9.7,140,1349,4.8,160,1443,1.8,1575.0,160.0,1.9,27.0,1246.0,61.6,7.4,1002.5,1018.9,13,1009.2,1736,1013.3,12.2,5.5,1100.0,2.93,13.89,,,,,,7.3,4.9,9.9,-1.8,,,,,,,,,,2.6,3.8,,,,2024,3,12,82,1,1,0,1
239,세종,2024-03-23,14.5,9.8,658.0,20.8,1440.0,,,,,,0.0,7.4,200,249,3.5,360,1458,1.7,1447.0,320.0,5.2,17.0,1514.0,59.3,9.2,1004.0,1017.0,2242,1009.7,109,1014.7,12.3,9.6,1300.0,3.0,20.84,,,,,,3.9,1.3,15.6,5.0,,,,,,,,,,4.1,5.8,,,,2024,3,12,83,1,0,1,0
239,세종,2024-03-24,14.3,10.1,202.0,18.6,1614.0,,,,,,,8.1,90,1044,4.4,110,1051,2.6,2212.0,90.0,2.5,30.0,1446.0,47.3,7.4,1006.0,1018.6,933,1014.1,1704,1016.6,12.3,2.5,1400.0,1.67,11.93,,,,,,6.6,3.5,13.6,5.6,,,,,,,,,,3.3,4.7,,,,2024,3,12,84,1,0,1,0
239,세종,2024-03-25,9.9,6.7,2256.0,13.2,1058.0,,,,,,8.1,8.8,70,2234,6.1,70,2242,3.0,2570.0,90.0,5.4,56.0,1.0,75.3,9.0,1004.4,1017.7,9,1013.3,1436,1015.3,12.3,0.0,1000.0,1.28,4.8,,,,,,9.6,6.5,10.0,5.7,,,,,,,,,,1.0,1.5,,,,2024,3,13,85,1,0,0,1
239,세종,2024-03-26,6.6,2.8,741.0,11.7,1622.0,,,,,,19.0,7.8,70,6,4.6,90,12,1.9,1648.0,50.0,3.8,59.0,1700.0,83.5,8.0,1008.6,1024.5,2252,1012.7,149,1019.6,12.4,1.9,1500.0,2.02,12.67,,,,,,7.4,6.1,9.7,2.2,,,,,,,,,,1.6,2.3,,,,2024,3,13,86,1,1,0,1
239,세종,2024-03-27,9.8,2.3,627.0,17.0,1518.0,,,,,,,6.1,50,1500,3.5,20,1500,1.0,895.0,160.0,4.3,39.0,1546.0,71.9,8.3,1011.9,1025.8,848,1019.5,2352,1022.8,12.4,8.7,1100.0,2.75,18.34,,,,,,6.0,1.6,11.6,-1.0,,,,,,,,,,2.4,3.4,,,,2024,3,13,87,1,1,0,0
239,세종,2024-03-28,9.1,8.2,636.0,10.1,41.0,,,,,,14.4,3.8,70,1259,2.7,90,1519,1.1,978.0,90.0,7.9,73.0,6.0,92.5,10.6,999.7,1019.5,1,1005.2,1750,1010.5,12.5,0.0,1200.0,0.38,2.71,,,,,,8.6,3.9,10.0,5.0,,,,,,,,,,0.6,0.8,,,,2024,3,13,88,1,0,0,1
239,세종,2024-03-29,8.8,5.2,2358.0,12.6,1440.0,,,,,,0.0,9.8,230,1031,5.4,200,1030,1.8,1539.0,180.0,5.6,52.0,934.0,81.0,9.2,997.7,1014.6,2355,1004.7,910,1008.5,12.5,1.9,1000.0,1.8,7.8,,,,,,3.3,3.3,9.0,0.7,,,,,,,,,,1.2,1.7,,,,2024,3,13,89,1,0,0,0
239,세종,2024-03-30,9.1,1.7,524.0,17.0,1327.0,,,,,,,6.6,270,1905,3.6,290,1906,1.5,1289.0,290.0,4.3,32.0,1351.0,76.3,8.5,1001.4,1015.5,140,1007.5,1558,1012.2,12.5,3.6,1100.0,2.61,12.88,,,,,,3.1,2.3,9.9,-1.4,,,,,,,,,,2.1,3.1,,,,2024,3,13,90,1,1,0,0
239,세종,2024-03-31,10.6,2.0,618.0,18.4,1626.0,,,,,,,5.5,320,1311,3.4,340,1351,1.4,1181.0,290.0,-1.3,20.0,1330.0,49.3,5.6,1001.8,1016.4,608,1008.7,1606,1012.5,12.6,10.3,1200.0,2.99,20.89,,,,,,2.1,0.0,11.5,-2.8,,,,,,,,,,3.5,5.0,,,,2024,3,13,91,1,1,1,0
239,세종,2024-04-01,12.6,3.6,618.0,21.8,1617.0,,,,,,,6.9,290,1458,3.9,320,1704,1.3,1128.0,70.0,-1.5,17.0,1508.0,42.3,5.5,1003.8,1016.9,1038,1012.5,1,1014.5,12.6,10.7,1200.0,3.18,22.89,,,,,,0.3,0.0,13.6,-0.9,,,,,,,,,,4.5,6.4,,,,2024,4,14,92,1,0,1,0
239,세종,2024-04-02,15.5,5.6,617.0,24.8,1518.0,0.0,,0.0,,,0.0,7.2,250,1425,3.7,140,2333,1.1,954.0,290.0,4.4,21.0,1523.0,52.1,8.5,1001.9,1015.9,725,1009.0,1904,1012.5,12.7,7.7,1300.0,2.63,18.51,,,,,,7.5,1.3,15.0,1.3,,,,,,,,,,3.4,4.8,,,,2024,4,14,93,1,0,1,0
239,세종,2024-04-03,13.7,12.6,453.0,14.8,1432.0,0.5,619.0,2.1,1215.0,,14.1,4.9,90,116,2.6,90,427,1.4,1169.0,90.0,12.3,76.0,3.0,91.4,14.3,996.2,1010.1,2345,1004.2,1508,1006.7,12.7,0.0,1100.0,0.46,3.7,,,,,,9.9,4.9,14.0,11.7,,,,,,,,,,0.7,1.0,,,,2024,4,14,94,1,0,1,1
239,세종,2024-04-04,14.1,12.4,2359.0,17.6,1526.0,0.0,,0.0,,,0.0,5.8,70,1338,4.0,90,1148,1.9,1614.0,70.0,8.5,49.0,1437.0,71.3,11.4,1004.2,1019.3,2358,1009.3,123,1014.9,12.7,1.0,1500.0,1.98,10.71,,,,,,8.4,7.0,16.3,11.5,,,,,,,,,,2.2,3.2,,,,2024,4,14,95,1,0,1,0
239,세종,2024-04-05,13.0,9.9,619.0,18.4,1607.0,,,,,,,5.9,90,51,3.6,160,1326,1.6,1391.0,110.0,6.0,47.0,1700.0,63.8,9.4,1008.5,1020.8,917,1016.7,1645,1019.3,12.8,3.8,1300.0,2.25,14.82,,,,,,6.0,4.5,14.4,7.2,,,,,,,,,,2.4,3.4,,,,2024,4,14,96,1,0,1,0
239,세종,2024-04-06,12.8,7.2,552.0,20.0,1601.0,,,,,,,5.4,290,1429,2.8,290,1914,1.0,873.0,290.0,3.6,28.0,1156.0,59.3,8.1,1008.4,1021.5,733,1015.8,1729,1019.2,12.8,3.8,1200.0,2.23,14.49,,,,,,5.0,0.1,14.5,3.7,,,,,,,,,,2.7,3.8,,,,2024,4,14,97,1,0,1,0
239,세종,2024-04-07,15.4,6.6,627.0,24.5,1551.0,,,,,,,5.0,290,1622,3.1,290,1901,1.2,1058.0,90.0,2.1,21.0,1726.0,45.5,7.2,1006.9,1019.8,819,1013.9,1615,1017.5,12.8,10.8,1200.0,3.22,23.39,,,,,,4.0,0.8,17.0,2.9,,,,,,,,,,4.3,6.2,,,,2024,4,14,98,1,0,1,0
239,세종,2024-04-08,16.0,8.2,618.0,23.2,1406.0,,,,,,,6.3,340,1454,3.4,320,1456,1.1,990.0,290.0,3.0,24.0,1210.0,43.8,7.6,1005.7,1018.4,648,1014.3,1436,1016.2,12.9,4.9,1000.0,2.48,15.18,,,,,,7.4,1.9,15.8,4.1,,,,,,,,,,3.3,4.7,,,,2024,4,15,99,1,0,1,0
239,세종,2024-04-09,15.4,9.7,518.0,20.8,1517.0,,,,,,,7.0,70,927,5.0,70,929,2.0,1715.0,90.0,3.4,27.0,1505.0,47.9,7.9,1009.2,1024.1,2357,1015.6,49,1019.8,12.9,10.5,1200.0,3.24,23.68,,,,,,0.9,0.9,17.4,5.4,,,,,,,,,,4.7,6.8,,,,2024,4,15,100,1,0,1,0
239,세종,2024-04-10,14.4,9.5,634.0,19.9,1657.0,,,,,,,4.9,270,1712,3.1,290,1949,1.9,1649.0,70.0,5.4,40.0,1647.0,56.0,9.1,1013.8,1027.2,738,1022.1,1702,1024.6,13.0,8.3,1100.0,2.61,18.85,,,,,,7.0,3.5,18.0,9.7,,,,,,,,,,3.0,4.3,,,,2024,4,15,101,1,0,1,0
239,세종,2024-04-11,15.8,10.8,611.0,22.6,1544.0,,,,,,,6.2,200,1720,3.0,270,1628,1.2,1020.0,70.0,8.0,23.0,1638.0,63.4,10.8,1010.6,1024.9,1,1018.1,1650,1021.3,13.0,5.4,1300.0,2.63,18.03,,,,,,4.9,1.6,18.3,8.9,,,,,,,,,,3.3,4.7,,,,2024,4,15,102,1,0,1,0
239,세종,2024-04-12,17.0,9.6,610.0,25.0,1618.0,,,,,,,6.7,340,1851,4.5,340,1851,1.3,1151.0,290.0,7.9,32.0,1424.0,59.3,10.8,1007.4,1020.9,39,1014.3,1646,1017.9,13.0,10.7,1200.0,3.25,22.8,,,,,,1.4,0.0,19.9,5.9,,,,,,,,,,4.2,6.1,,,,2024,4,15,103,1,0,1,0
239,세종,2024-04-13,18.4,9.8,546.0,27.8,1637.0,,,,,,,7.2,290,1759,4.8,320,1827,1.3,1151.0,290.0,6.4,22.0,1422.0,51.5,9.7,1006.7,1019.4,825,1014.0,1706,1017.2,13.1,11.0,1200.0,3.29,24.61,,,,,,0.0,0.0,21.7,6.0,,,,,,,,,,5.2,7.5,,,,2024,4,15,104,1,0,1,0
239,세종,2024-04-14,19.7,10.8,604.0,27.6,1441.0,,,,,,,6.0,90,1317,3.4,320,1543,1.2,1013.0,90.0,7.6,25.0,1344.0,50.0,10.5,1005.9,1019.3,658,1013.3,1526,1016.3,13.1,10.5,1100.0,2.88,22.27,,,,,,4.6,1.4,22.2,6.4,,,,,,,,,,4.4,6.3,,,,2024,4,15,105,1,0,1,0
239,세종,2024-04-15,16.0,12.8,2255.0,18.9,759.0,3.1,923.0,6.8,923.0,,13.0,6.4,290,921,3.3,110,833,1.4,1189.0,90.0,12.7,46.0,28.0,82.8,14.9,1000.4,1014.3,1,1009.1,1602,1010.9,13.2,0.0,1500.0,0.73,3.54,,,,,,6.4,3.1,16.5,11.6,,,,,,,,,,0.7,1.0,,,,2024,4,16,106,1,0,1,1
239,세종,2024-04-16,14.0,9.8,2358.0,19.9,1624.0,0.8,601.0,1.6,531.0,,2.0,6.8,140,1251,3.5,140,1245,1.7,1480.0,270.0,9.1,40.0,1751.0,75.5,11.7,1002.0,1014.1,2358,1010.9,1442,1012.6,13.2,6.8,1300.0,2.97,18.71,,,,,,2.5,2.4,17.1,7.4,,,,,,,,,,3.0,4.2,,,,2024,4,16,107,1,0,1,1
239,세종,2024-04-17,14.6,8.5,445.0,22.5,1546.0,,,,,,,5.8,290,1721,3.8,320,1727,1.7,1455.0,320.0,6.2,28.0,1505.0,62.4,9.5,1001.5,1014.9,234,1008.7,1745,1012.1,13.2,8.8,1200.0,3.28,22.84,,,,,,5.5,3.0,18.3,6.0,,,,,,,,,,4.0,5.7,,,,2024,4,16,108,1,0,1,0
239,세종,2024-04-18,16.7,8.0,630.0,25.1,1549.0,,,,,,,7.3,320,1443,4.3,320,1447,1.3,1161.0,340.0,5.2,19.0,1458.0,51.8,8.9,999.7,1012.9,2355,1007.3,1631,1010.2,13.3,11.1,1200.0,3.26,24.69,,,,,,0.0,0.0,19.6,5.2,,,,,,,,,,4.9,7.0,,,,2024,4,16,109,1,0,1,0
239,세종,2024-04-19,17.4,7.6,608.0,25.9,1521.0,,,,,,,6.2,340,1524,3.1,290,1452,1.2,1032.0,70.0,6.9,28.0,1248.0,54.0,9.9,1001.9,1014.5,648,1009.4,1652,1012.4,13.3,11.0,1300.0,3.09,23.88,,,,,,4.5,0.8,20.7,4.4,,,,,,,,,,4.2,6.0,,,,2024,4,16,110,1,0,1,0
239,세종,2024-04-20,13.7,13.1,858.0,15.6,1248.0,0.5,1624.0,1.7,1541.0,,9.3,7.7,70,1318,4.1,90,1322,1.7,1436.0,70.0,11.3,63.0,1.0,86.1,13.4,998.7,1012.8,16,1006.6,1632,1009.3,13.3,0.0,1100.0,0.62,3.31,,,,,,9.5,4.1,14.9,12.1,,,,,,,,,,0.8,1.1,,,,2024,4,16,111,1,0,1,1
239,세종,2024-04-21,16.0,13.3,1.0,18.0,1233.0,0.1,,0.1,,,0.1,8.2,110,1309,4.3,90,1258,1.8,1548.0,90.0,12.3,67.0,2219.0,79.6,14.3,1000.1,1012.3,2348,1008.8,1,1010.6,13.4,0.0,1200.0,0.87,5.11,,,,,,8.6,6.1,16.1,13.2,,,,,,,,,,1.4,2.1,,,,2024,4,16,112,1,0,1,0
239,세종,2024-04-22,17.6,14.3,551.0,22.7,1459.0,,,,,,,6.7,90,1247,3.8,90,1218,2.1,1818.0,90.0,8.7,40.0,1258.0,57.1,11.3,1002.3,1015.0,2229,1011.1,1459,1012.7,13.4,4.9,1200.0,3.39,18.96,,,,,,4.4,3.8,19.6,11.1,,,,,,,,,,4.1,5.9,,,,2024,4,17,113,1,0,1,0
239,세종,2024-04-23,16.9,12.1,449.0,22.2,1353.0,0.0,,0.0,,,0.0,8.5,90,848,5.4,70,1017,2.7,2371.0,90.0,7.8,41.0,1400.0,56.4,10.6,1000.4,1014.8,1,1007.5,1635,1010.9,13.4,7.4,1100.0,3.15,19.84,,,,,,6.6,3.3,19.1,7.6,,,,,,,,,,3.8,5.4,,,,2024,4,17,114,1,0,1,0
239,세종,2024-04-24,13.3,9.5,2342.0,17.1,1219.0,1.2,701.0,3.1,643.0,,4.5,7.3,290,1145,3.5,270,1200,1.7,1503.0,290.0,10.1,65.0,1.0,81.3,12.3,997.5,1012.1,2352,1005.7,722,1008.2,13.5,2.2,1100.0,2.42,12.64,,,,,,5.0,2.3,16.1,6.6,,,,,,,,,,1.8,2.6,,,,2024,4,17,115,1,0,1,1
239,세종,2024-04-25,14.8,9.1,54.0,23.5,1716.0,,,,,,,4.9,70,1205,2.6,20,1527,1.1,978.0,270.0,9.0,48.0,1503.0,70.4,11.5,1001.1,1013.9,1008,1008.8,1654,1011.7,13.5,7.6,1300.0,3.35,22.43,,,,,,4.3,3.9,18.4,6.5,,,,,,,,,,3.7,5.3,,,,2024,4,17,116,1,0,1,0
239,세종,2024-04-26,17.4,9.9,547.0,26.5,1522.0,,,,,,,6.3,270,1834,3.0,270,1826,1.1,965.0,200.0,10.3,28.0,1448.0,67.4,12.5,999.5,1011.6,1,1006.7,1634,1010.0,13.6,10.0,1300.0,3.22,22.55,,,,,,5.0,0.1,20.5,6.3,,,,,,,,,,3.9,5.6,,,,2024,4,17,117,1,0,1,0
239,세종,2024-04-27,18.1,10.1,558.0,26.6,1618.0,,,,,,,6.1,320,1834,3.6,50,1429,1.4,1219.0,320.0,6.6,20.0,1556.0,53.6,9.9,1000.8,1013.6,2357,1008.7,1557,1011.2,13.6,11.7,1200.0,3.49,27.34,,,,,,0.0,0.0,21.6,6.5,,,,,,,,,,,,,,,2024,4,17,118,1,0,1,0
239,세종,2024-04-28,19.0,9.0,543.0,28.1,1543.0,,,,,,,5.5,200,1527,3.0,360,1401,1.1,916.0,90.0,9.1,23.0,1250.0,56.9,11.6,1002.1,1014.8,712,1010.4,1555,1012.5,13.6,11.1,1300.0,3.17,23.06,,,,,,6.6,0.8,21.7,5.5,,,,,,,,,,4.4,6.3,,,,2024,4,17,119,1,0,1,0
239,세종,2024-04-29,17.3,16.0,2354.0,19.4,1302.0,0.2,1548.0,0.3,1458.0,,0.3,6.5,70,1337,3.8,70,746,2.1,1825.0,90.0,11.9,51.0,720.0,71.4,14.0,998.2,1011.4,1,1006.3,1629,1008.7,13.6,0.0,1200.0,1.23,7.51,,,,,,9.9,5.6,18.3,14.4,,,,,,,,,,1.7,2.4,,,,2024,4,18,120,1,0,1,0
239,세종,2024-04-30,16.2,12.1,2338.0,20.9,1446.0,0.0,,0.0,,,0.0,4.7,200,1842,2.7,160,37,1.3,1104.0,230.0,11.9,58.0,1442.0,77.0,14.0,996.2,1009.5,2308,1004.6,1423,1006.6,13.7,0.5,1000.0,1.56,11.53,,,,,,9.1,5.3,19.4,10.9,,,,,,,,,,2.2,3.1,,,,2024,4,18,121,1,0,1,0
239,세종,2024-05-01,16.5,12.1,15.0,21.4,1357.0,,,,,,,8.0,90,953,4.4,90,510,2.3,1996.0,90.0,5.9,29.0,1308.0,52.8,9.4,1001.5,1017.0,2400,1009.0,143,1012.0,13.7,9.5,1100.0,3.43,24.49,,,,,,4.4,1.4,21.3,9.6,,,,,,,,,,4.8,6.9,,,,2024,5,18,122,0,0,1,0
239,세종,2024-05-02,16.6,9.5,556.0,24.0,1450.0,,,,,,,8.8,20,1531,4.6,320,1623,1.6,1390.0,70.0,7.0,30.0,1732.0,56.1,10.1,1007.6,1019.5,718,1016.6,146,1018.2,13.8,11.5,1200.0,3.43,25.74,,,,,,0.0,0.0,21.9,6.0,,,,,,,,,,4.7,6.7,,,,2024,5,18,123,0,0,1,0
239,세종,2024-05-03,17.9,8.4,518.0,27.7,1629.0,,,,,,,4.7,70,1324,3.0,270,1933,1.1,917.0,320.0,6.0,22.0,1534.0,50.6,9.4,1007.6,1021.0,653,1014.9,1619,1018.1,13.8,12.0,1200.0,3.55,27.98,,,,,,0.0,0.0,23.0,4.4,,,,,,,,,,5.5,7.9,,,,2024,5,18,124,0,0,1,0
239,세종,2024-05-04,20.2,9.5,534.0,28.1,1642.0,0.0,,0.0,,,0.0,6.0,270,1414,3.0,320,1306,1.1,966.0,290.0,9.5,23.0,1508.0,54.3,11.9,1005.4,1018.8,710,1013.1,1804,1015.8,13.8,11.9,1200.0,3.45,27.39,,,,,,3.0,1.9,24.8,6.4,,,,,,,,,,5.3,7.6,,,,2024,5,18,125,0,0,1,0
239,세종,2024-05-05,17.8,16.5,727.0,20.2,1.0,3.0,1612.0,8.6,1522.0,,52.9,6.6,110,1647,3.2,110,1650,1.2,1032.0,90.0,16.2,53.0,25.0,91.3,18.5,999.2,1015.4,21,1005.8,2231,1009.6,13.9,0.0,1000.0,0.44,2.62,,,,,,10.0,6.4,19.5,16.4,,,,,,,,,,0.6,0.9,,,,2024,5,18,126,0,0,1,1
239,세종,2024-05-06,14.1,13.1,2226.0,16.7,1.0,1.0,140.0,2.3,50.0,,5.1,9.4,200,1036,3.2,200,1058,1.8,1520.0,160.0,12.8,82.0,1402.0,92.3,14.8,997.8,1009.6,2143,1006.2,1,1008.4,13.9,0.0,1000.0,0.9,5.15,,,,,,8.9,6.4,17.2,13.0,,,,,,,,,,0.9,1.3,,,,2024,5,19,127,0,0,1,1
239,세종,2024-05-07,13.2,11.4,2359.0,15.9,1333.0,1.5,1803.0,4.2,1743.0,,15.5,5.1,340,1608,2.9,360,1610,1.5,1296.0,160.0,11.7,79.0,1345.0,91.4,13.8,1000.7,1016.3,2334,1008.0,245,1011.3,13.9,0.0,1200.0,0.69,4.15,,,,,,10.0,5.4,15.6,12.3,,,,,,,,,,1.1,1.6,,,,2024,5,19,128,0,0,1,1
239,세종,2024-05-08,14.5,9.7,600.0,20.1,1625.0,0.2,,0.9,5.0,,1.2,6.8,50,1429,3.5,290,1234,1.9,1636.0,70.0,7.3,34.0,1645.0,65.8,10.2,1007.1,1019.0,2347,1016.1,1722,1017.7,13.9,10.8,1200.0,3.54,27.44,,,,,,2.9,1.4,18.1,8.4,,,,,,,,,,4.1,5.9,,,,2024,5,19,129,0,0,1,1
239,세종,2024-05-09,15.2,7.8,509.0,23.0,1528.0,,,,,,,6.9,290,1404,3.7,320,1130,1.2,1070.0,180.0,7.5,30.0,1514.0,64.6,10.4,1008.3,1020.7,724,1016.2,1635,1019.0,14.0,12.0,1200.0,3.36,27.14,,,,,,0.0,0.0,18.5,5.2,,,,,,,,,,4.5,6.4,,,,2024,5,19,130,0,0,1,0
239,세종,2024-05-10,17.1,9.5,527.0,24.8,1513.0,,,,,,,7.1,320,1608,3.6,290,1715,1.3,1141.0,200.0,7.2,26.0,1518.0,56.6,10.2,1007.4,1020.3,722,1015.2,1823,1017.9,14.0,12.0,1200.0,3.44,27.73,,,,,,1.4,0.1,20.2,6.9,,,,,,,,,,4.8,6.9,,,,2024,5,19,131,0,0,1,0
239,세종,2024-05-11,18.2,12.0,517.0,24.5,1237.0,1.4,2020.0,4.3,2201.0,,13.3,9.4,140,1048,4.7,180,1247,1.9,1626.0,160.0,13.2,49.0,1231.0,74.9,15.4,1001.6,1017.1,1,1008.0,1730,1012.0,14.0,4.8,1200.0,2.92,16.37,,,,,,6.9,2.8,19.3,8.7,,,,,,,,,,3.0,4.3,,,,2024,5,19,132,0,0,1,1
239,세종,2024-05-12,15.9,11.1,652.0,21.5,1238.0,0.5,1.0,1.1,1.0,,1.1,8.8,90,1428,4.7,320,1423,2.0,1685.0,290.0,8.6,33.0,1553.0,66.1,11.3,1000.6,1013.4,2346,1009.2,1442,1011.1,14.1,10.3,1200.0,3.21,26.36,,,,,,5.0,2.0,19.4,9.0,,,,,,,,,,4.6,6.6,,,,2024,5,19,133,0,0,1,1
239,세종,2024-05-13,17.1,8.8,534.0,24.6,1555.0,,,,,,,7.9,320,1342,4.2,320,1350,1.4,1246.0,320.0,6.7,20.0,1328.0,56.6,9.9,1003.8,1015.8,2252,1012.4,1554,1014.3,14.1,12.4,1200.0,3.58,29.43,,,,,,0.0,0.0,19.3,6.3,,,,,,,,,,5.7,8.1,,,,2024,5,20,134,0,0,1,0
239,세종,2024-05-14,17.6,9.0,434.0,25.7,1553.0,,,,,,,6.0,290,1146,3.3,290,1305,1.2,1042.0,290.0,8.2,29.0,1256.0,58.3,10.9,1005.1,1017.8,743,1013.4,1749,1015.6,14.1,12.2,1200.0,3.54,28.81,,,,,,0.0,0.0,23.3,6.3,,,,,,,,,,5.3,7.6,,,,2024,5,20,135,0,0,1,0
239,세종,2024-05-15,12.6,7.9,2349.0,22.4,1258.0,0.8,1644.0,3.5,1644.0,,9.7,13.0,160,2338,7.0,320,2346,1.9,1647.0,290.0,8.5,40.0,1045.0,78.8,11.1,1001.7,1016.1,1,1009.3,2139,1012.4,14.1,6.9,1200.0,3.34,18.18,,,,,,5.0,2.5,17.3,6.4,,,,,,,,,,3.1,4.5,,,,2024,5,20,136,0,0,1,1
239,세종,2024-05-16,13.8,7.3,144.0,20.3,1554.0,0.2,,0.7,157.0,,1.5,12.1,20,12,6.2,320,2,2.2,1941.0,290.0,7.0,33.0,1417.0,68.1,10.1,1000.0,1012.5,2359,1007.8,1514,1010.6,14.2,12.1,1200.0,3.63,29.33,,,,,,1.4,0.9,20.5,6.4,,,,,,,,,,4.9,7.0,,,,2024,5,20,137,0,0,1,1
239,세종,2024-05-17,18.4,11.8,1.0,25.4,1626.0,,,,,,,7.7,160,1524,4.3,160,1516,1.2,1068.0,180.0,9.7,33.0,1722.0,60.4,12.0,1004.0,1016.9,2358,1012.5,1,1014.4,14.2,11.5,1300.0,3.39,26.26,,,,,,2.3,0.0,23.8,9.0,,,,,,,,,,4.7,6.7,,,,2024,5,20,138,0,0,1,0
239,세종,2024-05-18,19.7,12.3,518.0,27.5,1703.0,,,,,,,4.8,230,1249,3.0,140,1519,1.1,923.0,320.0,11.2,28.0,1729.0,62.4,13.4,1006.3,1018.7,852,1013.9,1651,1016.7,14.2,12.2,1200.0,3.5,28.4,,,,,,0.0,0.0,27.7,9.7,,,,,,,,,,5.2,7.4,,,,2024,5,20,139,0,0,1,0
239,세종,2024-05-19,20.8,13.9,514.0,29.1,1553.0,,,,,,,6.2,320,1757,3.4,290,1735,1.3,1155.0,290.0,11.2,23.0,1409.0,59.6,13.5,1004.5,1017.5,20,1011.9,1647,1014.9,14.3,12.3,1200.0,3.5,28.66,,,,,,0.4,0.1,29.6,11.2,,,,,,,,,,5.5,7.8,,,,2024,5,20,140,0,0,1,0
239,세종,2024-05-20,18.7,12.2,456.0,25.9,1555.0,,,,,,,5.2,320,1405,2.7,270,1839,1.3,1120.0,290.0,13.5,48.0,1604.0,73.9,15.6,1005.2,1017.8,2219,1013.5,215,1015.6,14.3,4.9,1200.0,3.33,19.7,,,,,,4.6,2.9,23.9,10.0,,,,,,,,,,3.4,4.9,,,,2024,5,21,141,0,0,1,0
239,세종,2024-05-21,20.1,15.5,220.0,26.5,1644.0,,,,,,,5.0,50,1201,2.9,70,1314,1.4,1247.0,90.0,14.6,41.0,1648.0,73.4,16.7,1007.8,1020.2,959,1015.9,1815,1018.3,14.3,7.4,1200.0,3.62,21.8,,,,,,3.5,2.1,26.3,12.5,,,,,,,,,,3.9,5.6,,,,2024,5,21,142,0,0,1,0
239,세종,2024-05-22,20.6,15.0,448.0,27.7,1427.0,,,,,,,5.1,320,1638,3.3,290,1613,1.5,1277.0,290.0,15.6,47.0,1409.0,75.4,17.8,1005.3,1019.0,1,1012.7,1732,1015.7,14.3,8.0,1200.0,3.5,24.81,,,,,,6.3,3.3,27.9,12.5,,,,,,,,,,4.1,5.8,,,,2024,5,21,143,0,0,1,0
239,세종,2024-05-23,21.1,15.7,409.0,29.1,1617.0,,,,,,,5.7,320,1618,3.3,290,1201,1.4,1213.0,290.0,14.2,30.0,1525.0,70.1,16.3,1000.8,1014.1,1,1007.8,1613,1011.2,14.4,9.8,1200.0,3.55,27.17,,,,,,1.1,1.1,29.2,13.1,,,,,,,,,,5.0,7.2,,,,2024,5,21,144,0,0,1,0
239,세종,2024-05-24,20.1,13.9,352.0,27.7,1605.0,,,,,,,4.9,290,1301,3.5,290,1827,1.5,1313.0,290.0,15.6,54.0,1602.0,77.3,17.7,1002.1,1014.8,2343,1010.2,1612,1012.5,14.4,7.2,1200.0,3.24,23.23,,,,,,4.4,3.3,28.4,12.4,,,,,,,,,,4.5,6.5,,,,2024,5,21,145,0,0,1,0
239,세종,2024-05-25,20.0,17.8,2357.0,23.4,1401.0,,,,,,,6.3,70,1226,3.3,70,1227,2.1,1822.0,90.0,10.8,49.0,1101.0,55.9,13.0,1004.9,1017.1,823,1013.6,2022,1015.3,14.4,0.3,1200.0,2.35,14.97,,,,,,7.1,6.0,26.9,15.1,,,,,,,,,,3.4,4.9,,,,2024,5,21,146,0,0,1,0
239,세종,2024-05-26,20.0,15.5,558.0,26.7,1347.0,4.4,1714.0,12.3,1659.0,,28.5,8.8,200,1300,3.9,230,1309,1.6,1388.0,90.0,15.2,45.0,1139.0,76.3,17.6,995.8,1014.1,1,1001.6,2004,1006.1,14.4,5.8,1200.0,3.13,18.03,,,,,,6.9,3.0,24.0,12.7,,,,,,,,,,3.3,4.8,,,,2024,5,21,147,0,0,1,1
239,세종,2024-05-27,17.9,13.5,407.0,22.9,1349.0,,,,,,,7.6,320,1125,4.5,320,1520,2.1,1845.0,270.0,10.4,38.0,1343.0,63.5,12.6,994.1,1006.3,2232,1002.3,4,1004.5,14.4,10.8,1000.0,2.87,24.35,,,,,,5.9,1.0,22.9,11.8,,,,,,,,,,4.1,5.9,,,,2024,5,22,148,0,0,1,0
239,세종,2024-05-28,18.5,11.5,431.0,24.7,1450.0,,,,,,,8.2,290,1156,4.1,90,1227,1.6,1363.0,70.0,10.8,39.0,1333.0,64.0,13.0,995.9,1010.7,2359,1004.4,1257,1006.3,14.4,10.2,1300.0,3.74,27.06,,,,,,3.3,0.4,25.2,9.8,,,,,,,,,,4.8,6.8,,,,2024,5,22,149,0,0,1,0
239,세종,2024-05-29,20.2,12.3,513.0,27.5,1604.0,,,,,,,5.6,140,1436,2.8,270,1953,1.1,986.0,160.0,11.4,35.0,1303.0,60.9,13.5,1002.1,1014.2,744,1009.9,1738,1012.5,14.5,12.8,1200.0,3.53,28.21,,,,,,2.0,0.0,26.4,10.0,,,,,,,,,,4.8,6.8,,,,2024,5,22,150,0,0,1,0
239,세종,2024-05-30,20.4,15.2,545.0,25.4,1322.0,,,,,,,4.2,290,2253,2.6,290,2253,0.9,816.0,290.0,13.5,33.0,1153.0,66.3,15.5,1000.7,1013.8,17,1008.5,1751,1011.1,14.5,1.3,1100.0,2.22,13.82,,,,,,8.8,3.6,24.7,14.2,,,,,,,,,,2.9,4.1,,,,2024,5,22,151,0,0,1,0
239,세종,2024-05-31,20.8,15.1,532.0,26.9,1633.0,,,,,,,6.4,290,1025,3.6,290,1843,1.5,1261.0,270.0,10.4,32.0,1225.0,53.6,12.7,999.7,1011.8,2217,1007.2,1636,1010.0,14.5,12.6,1200.0,3.66,30.14,,,,,,3.3,1.8,28.9,12.8,,,,,,,,,,5.3,7.6,,,,2024,5,22,152,0,0,1,0
239,세종,2024-06-01,19.5,15.1,2350.0,24.4,1503.0,,,,,,,9.0,340,1615,5.1,290,1550,1.9,1679.0,290.0,12.0,34.0,1551.0,64.5,14.1,1000.3,1012.0,905,1008.7,1820,1010.7,14.5,8.0,1200.0,3.78,24.72,,,,,,4.3,2.5,24.5,12.6,,,,,,,,,,5.2,7.5,,,,2024,6,22,153,0,0,1,0
239,세종,2024-06-02,19.5,12.7,518.0,25.9,1439.0,,,,,,,10.5,270,1343,4.8,290,1400,1.8,1587.0,290.0,10.1,29.0,1447.0,58.5,12.4,999.7,1011.9,626,1007.8,1715,1010.1,14.5,12.9,1200.0,3.55,29.3,,,,,,1.6,0.3,27.9,10.5,,,,,,,,,,6.0,8.6,,,,2024,6,22,154,0,0,1,0
239,세종,2024-06-03,20.4,12.3,454.0,26.8,1546.0,,,,,,,5.7,90,1607,2.8,20,1415,1.2,1077.0,90.0,11.2,30.0,1810.0,59.5,13.4,1000.2,1013.4,2400,1008.3,1709,1010.5,14.6,11.8,1100.0,3.46,26.62,,,,,,0.8,0.8,27.6,10.2,,,,,,,,,,4.9,7.0,,,,2024,6,23,155,0,0,1,0
239,세종,2024-06-04,21.2,14.8,518.0,28.3,1633.0,,,,,,,6.1,230,1445,3.5,360,1500,1.2,999.0,50.0,9.5,16.0,1454.0,54.0,12.4,1005.0,1017.8,2339,1013.3,22,1015.4,14.6,13.1,1200.0,3.61,30.49,,,,,,0.0,0.0,26.6,12.3,,,,,,,,,,5.7,8.1,,,,2024,6,23,156,0,0,1,0
239,세종,2024-06-05,21.7,14.7,426.0,28.6,1506.0,,,,,,,4.8,290,1932,3.0,320,1302,1.1,976.0,90.0,14.6,35.0,1737.0,67.4,16.6,1007.5,1019.7,813,1015.1,1743,1017.9,14.6,9.3,1200.0,3.14,24.85,,,,,,5.0,1.8,29.2,12.4,,,,,,,,,,4.3,6.2,,,,2024,6,23,157,0,0,1,0
239,세종,2024-06-06,21.9,16.7,511.0,29.2,1643.0,,,,,,,6.4,70,1336,2.9,140,1612,1.2,1047.0,250.0,14.1,28.0,1606.0,63.6,16.1,1006.1,1018.6,755,1013.1,1714,1016.4,14.6,9.4,1100.0,3.21,24.34,,,,,,4.8,1.5,27.9,15.3,,,,,,,,,,4.6,6.6,,,,2024,6,23,158,0,0,1,0
239,세종,2024-06-07,22.0,15.2,431.0,28.0,1258.0,0.0,,0.0,,,0.0,4.5,90,1103,2.6,290,55,1.1,916.0,290.0,14.0,40.0,1421.0,62.9,16.1,1002.9,1016.4,1,1010.3,1647,1013.3,14.6,6.9,1100.0,3.15,21.41,,,,,,8.5,3.8,29.8,13.4,,,,,,,,,,3.6,5.2,,,,2024,6,23,159,0,0,1,0
239,세종,2024-06-08,20.5,17.7,535.0,25.4,1634.0,0.6,1314.0,0.7,434.0,,2.3,4.6,140,1608,2.9,140,1613,1.0,859.0,180.0,17.7,62.0,3.0,85.1,20.3,998.8,1012.5,102,1006.8,1758,1009.1,14.6,3.0,1400.0,2.51,11.66,,,,,,7.5,3.5,24.2,17.2,,,,,,,,,,2.4,3.5,,,,2024,6,23,160,0,0,1,1
239,세종,2024-06-09,23.3,18.2,514.0,30.0,1632.0,,,,,,,4.6,200,1325,2.7,270,2042,1.1,992.0,290.0,17.2,43.0,1504.0,71.3,19.6,997.5,1009.1,2243,1005.7,1635,1007.7,14.6,10.2,1300.0,3.47,25.35,,,,,,3.1,1.9,31.5,16.8,,,,,,,,,,4.5,6.4,,,,2024,6,23,161,0,0,1,0
239,세종,2024-06-10,23.7,17.1,427.0,30.0,1533.0,,,,,,,7.1,140,1445,3.3,180,1400,1.5,1270.0,160.0,16.5,45.0,1409.0,67.0,18.8,997.5,1010.2,553,1005.0,1628,1007.7,14.6,11.7,1200.0,3.42,26.8,,,,,,1.4,1.1,31.7,15.4,,,,,,,,,,5.1,7.3,,,,2024,6,24,162,0,0,1,0
239,세종,2024-06-11,24.5,19.5,553.0,31.4,1546.0,,,,,,,5.1,250,1138,2.8,340,1248,1.4,1190.0,290.0,17.0,45.0,1540.0,64.5,19.4,996.9,1009.1,541,1004.8,1643,1007.1,14.7,12.7,1200.0,3.43,27.93,,,,,,1.0,0.4,32.6,16.9,,,,,,,,,,5.2,7.4,,,,2024,6,24,163,0,0,1,0
239,세종,2024-06-12,24.3,17.3,500.0,32.9,1551.0,,,,,,,6.4,340,1821,4.2,320,1829,1.6,1418.0,270.0,13.6,24.0,1349.0,56.5,15.7,995.3,1008.9,732,1002.7,1617,1005.4,14.7,12.6,1200.0,3.56,29.65,,,,,,1.6,0.6,28.8,15.1,,,,,,,,,,6.1,8.8,,,,2024,6,24,164,0,0,1,0
239,세종,2024-06-13,24.8,16.5,519.0,32.9,1500.0,,,,,,,6.9,320,1332,3.8,90,1536,1.5,1258.0,290.0,13.4,27.0,1556.0,52.6,15.4,994.4,1006.4,631,1002.3,1819,1004.5,14.7,12.8,1200.0,3.48,29.11,,,,,,0.8,0.1,29.0,14.3,,,,,,,,,,6.6,9.4,,,,2024,6,24,165,0,0,1,0
239,세종,2024-06-14,25.2,18.5,432.0,31.7,1636.0,,,,,,,5.5,290,1845,3.3,290,147,1.3,1130.0,250.0,15.9,37.0,1709.0,58.8,18.1,994.9,1007.7,730,1002.9,1803,1005.0,14.7,11.1,1200.0,3.07,24.27,,,,,,3.9,2.0,28.3,16.8,,,,,,,,,,4.7,6.7,,,,2024,6,24,166,0,0,1,0
239,세종,2024-06-15,23.5,20.6,448.0,28.5,1225.0,1.2,1754.0,1.2,,,1.3,9.5,340,1750,5.6,320,1755,1.5,1256.0,290.0,18.8,56.0,1145.0,76.4,21.8,993.5,1005.8,1,1001.2,1603,1003.7,14.7,2.7,1000.0,2.58,16.26,,,,,,6.5,3.5,27.4,19.7,,,,,,,,,,3.3,4.7,,,,2024,6,24,167,0,0,1,1
239,세종,2024-06-16,23.4,18.4,458.0,29.1,1510.0,,,,,,,9.0,290,1614,3.9,320,1354,1.7,1426.0,270.0,15.0,34.0,1442.0,63.0,17.2,996.4,1009.3,2339,1004.2,207,1006.5,14.7,11.5,1200.0,3.25,27.43,,,,,,2.5,0.5,27.3,16.8,,,,,,,,,,5.2,7.5,,,,2024,6,24,168,0,0,1,0
239,세종,2024-06-17,22.5,16.0,524.0,28.4,1242.0,,,,,,,4.4,270,1627,2.3,250,1631,1.0,860.0,290.0,14.7,36.0,1220.0,64.1,16.8,997.7,1010.6,733,1005.7,1715,1007.9,14.7,7.9,1100.0,2.89,21.16,,,,,,6.9,0.9,26.2,13.7,,,,,,,,,,4.0,5.7,,,,2024,6,25,169,0,0,1,0
239,세종,2024-06-18,24.6,14.8,422.0,33.7,1640.0,,,,,,,5.8,320,1315,3.8,290,1321,1.3,1125.0,290.0,15.0,27.0,1526.0,59.8,17.1,996.9,1009.3,2336,1004.5,1612,1007.0,14.7,13.1,1200.0,3.54,29.42,,,,,,0.0,0.0,29.3,12.2,,,,,,,,,,6.1,8.7,,,,2024,6,25,170,0,0,1,0
239,세종,2024-06-19,26.3,17.8,435.0,35.1,1426.0,,,,,,,4.7,320,1824,2.7,270,1841,1.1,963.0,110.0,15.6,29.0,1621.0,55.9,17.8,997.9,1010.9,718,1005.3,1719,1008.1,14.7,12.6,1200.0,3.49,27.54,,,,,,3.5,0.3,32.0,16.0,,,,,,,,,,5.9,8.5,,,,2024,6,25,171,0,0,1,0
239,세종,2024-06-20,25.0,18.8,523.0,31.7,1412.0,,,,,,,6.3,140,1548,3.9,90,1511,1.4,1167.0,90.0,14.2,28.0,1536.0,53.4,16.3,994.3,1007.9,112,1001.4,1701,1004.5,14.7,6.7,1400.0,2.36,19.39,,,,,,5.1,0.0,35.1,16.1,,,,,,,,,,,,,,,2024,6,25,172,0,0,1,0
239,세종,2024-06-21,25.7,17.9,513.0,32.5,1528.0,,,,,,,5.6,320,1327,2.5,230,1321,1.1,962.0,270.0,16.2,37.0,1504.0,58.5,18.5,992.3,1003.9,2241,1000.3,1734,1002.4,14.7,10.7,1300.0,3.28,25.17,,,,,,5.9,0.3,34.8,15.9,,,,,,,,,,,,,,,2024,6,25,173,0,0,1,0
239,세종,2024-06-22,22.9,22.0,1442.0,24.4,1057.0,4.9,1341.0,17.6,1312.0,,36.9,5.3,140,1117,2.9,90,1349,1.0,907.0,90.0,21.3,71.0,1.0,91.1,25.3,988.1,1003.5,23,994.6,1711,998.2,14.7,0.0,1000.0,0.6,2.84,,,,,,9.6,5.9,24.4,21.7,,,,,,,,,,0.7,1.0,,,,2024,6,25,174,0,0,1,1
239,세종,2024-06-23,24.3,22.3,555.0,28.7,1517.0,0.2,,0.4,247.0,,1.1,5.3,180,2243,2.5,180,2239,1.4,1202.0,180.0,21.5,67.0,1512.0,84.9,25.6,988.9,1002.2,2338,995.9,210,999.0,14.7,2.0,1400.0,2.37,14.32,,,,,,7.4,4.1,28.8,22.3,,,,,,,,,,2.9,4.1,,,,2024,6,25,175,0,0,1,1
239,세종,2024-06-24,24.3,18.8,2400.0,29.4,1355.0,,,,,,,7.4,180,1423,3.8,140,1257,1.8,1526.0,180.0,18.8,55.0,1540.0,72.3,21.9,993.6,1008.2,2333,1001.2,225,1003.8,14.7,6.9,1200.0,3.27,23.33,,,,,,6.4,,29.6,17.8,,,,,,,,,,4.3,6.2,,,,2024,6,26,176,0,0,1,0
239,세종,2024-06-25,21.8,16.5,519.0,27.6,1509.0,,,,,,,6.7,270,1607,3.4,290,1706,1.3,1140.0,290.0,15.4,40.0,1614.0,69.0,17.5,1000.9,1014.4,2330,1008.0,23,1011.2,14.7,9.0,1300.0,2.81,21.82,,,,,,6.3,,27.2,15.6,,,,,,,,,,4.1,5.8,,,,2024,6,26,177,0,0,1,0
239,세종,2024-06-26,23.6,17.4,524.0,30.2,1732.0,,,,,,,4.8,70,1604,3.1,290,2019,1.2,1060.0,290.0,16.0,37.0,1650.0,65.8,18.2,1004.5,1016.5,725,1012.5,1656,1014.7,14.7,11.9,1400.0,3.28,26.28,,,,,,3.3,0.5,29.6,16.1,,,,,,,,,,5.2,7.4,,,,2024,6,26,178,0,0,1,0
239,세종,2024-06-27,23.1,18.3,501.0,28.6,1602.0,,,,,,,5.1,110,1552,3.2,110,1610,1.0,847.0,90.0,16.2,44.0,1751.0,66.9,18.4,1001.5,1015.3,514,1008.7,1806,1011.7,14.7,3.2,1400.0,1.91,16.2,,,,,,6.0,0.3,28.1,17.3,,,,,,,,,,3.2,4.6,,,,2024,6,26,179,0,0,1,0
239,세종,2024-06-28,24.8,17.4,532.0,32.1,1609.0,,,,,,,4.7,290,1346,2.8,270,1304,1.2,1054.0,290.0,16.0,34.0,1519.0,61.9,18.3,997.1,1009.3,747,1005.0,1648,1007.3,14.7,12.9,1200.0,3.47,29.07,,,,,,1.8,0.5,33.8,16.7,,,,,,,,,,,,,,,2024,6,26,180,0,0,1,0
239,세종,2024-06-29,24.9,21.2,512.0,29.5,1452.0,6.8,1757.0,16.6,1707.0,,55.0,8.6,200,2235,4.5,160,1614,1.6,1425.0,110.0,20.5,56.0,1135.0,78.8,24.3,993.3,1008.2,218,998.4,2351,1003.4,14.7,4.3,1100.0,2.38,13.56,,,,,,7.9,4.1,32.4,20.5,,,,,,,,,,2.4,3.4,,,,2024,6,26,181,0,0,1,1
239,세종,2024-06-30,24.5,22.2,2303.0,27.5,1634.0,0.8,1.0,2.9,247.0,,7.7,12.4,200,505,4.1,160,247,1.9,1645.0,200.0,22.2,72.0,1636.0,87.3,26.7,988.7,1001.9,2358,996.2,316,998.7,14.7,1.7,1100.0,1.86,9.29,,,,,,8.6,4.8,25.8,21.7,,,,,,,,,,2.1,3.0,,,,2024,6,26,182,0,0,1,1
239,세종,2024-07-01,26.0,21.6,424.0,31.6,1657.0,,,,,,,4.8,270,1415,2.6,160,1213,1.1,944.0,230.0,20.9,50.0,1434.0,75.5,24.7,993.8,1005.7,2341,1001.8,1,1003.8,14.6,8.9,1200.0,3.07,25.07,,,,,,3.1,1.4,32.7,21.5,,,,,,,,,,4.1,5.8,,,,2024,7,27,183,0,0,1,0
239,세종,2024-07-02,23.6,21.3,730.0,26.6,2323.0,7.5,717.0,34.5,642.0,,83.5,7.5,160,2319,3.8,160,2324,1.4,1220.0,90.0,22.3,82.0,2323.0,92.4,26.9,994.1,1005.7,22,1002.8,1743,1004.3,14.6,0.0,1500.0,0.51,2.87,,,,,,10.0,6.4,24.4,22.1,,,,,,,,,,0.9,1.3,,,,2024,7,27,184,0,0,1,1
239,세종,2024-07-03,25.2,23.1,2343.0,28.9,1626.0,1.9,222.0,3.2,142.0,,10.6,7.4,230,1512,3.3,160,154,1.7,1475.0,160.0,21.4,63.0,1444.0,80.5,25.5,998.7,1011.3,2327,1004.4,16,1008.9,14.6,4.5,1400.0,2.81,20.17,,,,,,8.1,3.6,29.0,22.8,,,,,,,,,,,,,,,2024,7,27,185,0,0,1,1
239,세종,2024-07-04,27.3,22.7,558.0,31.2,1521.0,,,,,,,8.0,230,2319,3.3,200,2309,1.7,1468.0,160.0,21.7,54.0,1441.0,73.1,26.1,996.9,1011.3,1,1002.6,2352,1007.0,14.6,10.9,1200.0,3.37,26.94,,,,,,2.3,1.4,33.9,22.3,,,,,,,,,,4.9,7.0,,,,2024,7,27,186,0,0,1,0
239,세종,2024-07-05,25.3,22.8,619.0,29.0,1645.0,3.4,10.0,3.4,,,4.1,9.5,160,246,3.8,180,215,1.7,1494.0,180.0,20.2,59.0,1348.0,74.5,23.7,995.0,1006.6,2129,1002.5,247,1005.1,14.6,6.8,1400.0,2.82,21.88,,,,,,6.8,3.9,32.1,21.9,,,,,,,,,,3.9,5.6,,,,2024,7,27,187,0,0,1,1
239,세종,2024-07-06,26.9,22.7,105.0,30.8,1503.0,0.0,,0.0,,,0.0,8.2,200,1326,4.0,180,1116,1.7,1468.0,160.0,22.8,69.0,1202.0,79.0,27.9,993.7,1006.0,1,1002.2,1451,1003.7,14.6,0.9,1300.0,1.75,12.44,,,,,,8.8,5.5,32.1,22.5,,,,,,,,,,2.5,3.6,,,,2024,7,27,188,0,0,1,0
239,세종,2024-07-07,24.6,22.0,629.0,26.5,1.0,8.2,543.0,15.5,847.0,,60.9,8.9,200,102,3.4,180,19,1.4,1242.0,140.0,23.4,85.0,111.0,93.8,28.9,994.4,1006.4,1037,1003.2,156,1004.6,14.6,0.0,1400.0,1.01,3.82,,,,,,10.0,5.4,25.9,22.5,,,,,,,,,,0.9,1.2,,,,2024,7,27,189,0,0,1,1
239,세종,2024-07-08,24.0,22.7,2149.0,25.5,2040.0,24.6,941.0,54.6,2118.0,,131.6,8.8,290,503,5.4,320,2117,1.4,1181.0,160.0,23.3,92.0,503.0,95.9,28.6,993.3,1006.3,936,1000.3,2034,1003.4,14.6,0.0,1100.0,0.67,3.5,,,,,,10.0,6.1,25.5,23.5,,,,,,,,,,0.8,1.2,,,,2024,7,28,190,0,0,1,1
239,세종,2024-07-09,23.1,22.2,2339.0,24.3,1048.0,2.6,2344.0,7.3,2301.0,,16.5,4.1,270,1319,2.9,90,1642,0.9,802.0,160.0,22.1,89.0,1119.0,95.0,26.7,994.5,1006.8,1433,1002.5,224,1004.6,14.6,0.0,1000.0,0.52,4.67,,,,,,9.6,4.4,24.8,22.7,,,,,,,,,,0.9,1.3,,,,2024,7,28,191,0,0,1,1
239,세종,2024-07-10,23.6,21.2,403.0,27.8,1547.0,14.6,257.0,37.1,243.0,,69.2,9.8,160,309,5.5,90,157,1.8,1531.0,90.0,21.8,74.0,1458.0,90.1,26.1,990.1,1004.1,1,997.5,230,1000.2,14.5,3.6,1500.0,2.87,15.86,,,,,,8.8,4.8,27.6,22.1,,,,,,,,,,2.7,3.8,,,,2024,7,28,192,0,0,1,1
239,세종,2024-07-11,23.9,21.5,507.0,26.7,1538.0,0.1,,0.1,,,0.1,4.2,290,15,2.4,320,16,0.8,660.0,200.0,21.7,75.0,1528.0,87.9,25.9,992.2,1003.5,802,1000.8,1808,1002.3,14.5,0.0,1000.0,1.27,9.79,,,,,,7.0,5.3,27.2,21.4,,,,,,,,,,1.8,2.5,,,,2024,7,28,193,0,0,1,0
239,세종,2024-07-12,25.4,21.7,528.0,30.7,1551.0,0.0,,0.0,,,0.0,3.7,340,1726,2.6,270,2108,1.4,1246.0,270.0,21.4,54.0,1553.0,80.0,25.4,992.5,1003.9,2204,1001.0,1559,1002.6,14.5,5.8,1400.0,3.14,20.74,,,,,,3.9,2.1,30.7,21.4,,,,,,,,,,4.0,5.7,,,,2024,7,28,194,0,0,1,0
239,세종,2024-07-13,26.0,22.0,451.0,30.7,1254.0,0.0,,0.0,,,0.0,5.5,70,1758,2.8,70,1800,1.0,864.0,90.0,22.0,54.0,1300.0,79.6,26.4,995.4,1008.6,2344,1003.5,220,1005.5,14.5,5.0,1200.0,3.39,19.43,,,,,,3.9,2.5,31.5,21.8,,,,,,,,,,3.5,5.1,,,,2024,7,28,195,0,0,1,0
239,세종,2024-07-14,25.9,23.3,352.0,29.8,1305.0,0.0,,0.0,,,0.0,6.5,110,1508,4.0,90,1626,2.2,1890.0,70.0,21.7,62.0,1252.0,78.6,26.0,999.0,1011.3,2142,1007.5,558,1009.1,14.5,3.0,1200.0,3.07,17.58,,,,,,6.9,3.0,29.3,22.6,,,,,,,,,,3.7,5.3,,,,2024,7,28,196,0,0,1,0
239,세종,2024-07-15,26.8,23.7,104.0,31.3,1519.0,0.0,,0.0,,,0.0,5.8,90,738,3.2,140,2041,2.0,1723.0,90.0,21.8,58.0,1521.0,75.4,26.2,1001.1,1012.3,811,1009.4,1705,1011.2,14.4,5.0,1100.0,2.41,18.81,,,,,,5.1,3.6,30.7,22.6,,,,,,,,,,3.7,5.3,,,,2024,7,29,197,0,0,1,0
239,세종,2024-07-16,24.3,22.3,2202.0,26.5,845.0,12.4,2039.0,39.2,1954.0,,72.2,7.5,290,2037,3.7,320,2038,1.4,1244.0,110.0,22.7,76.0,851.0,91.3,27.7,1000.7,1012.8,2038,1009.7,1841,1010.9,14.4,0.7,800.0,1.22,5.73,,,,,,8.5,3.6,26.3,22.5,,,,,,,,,,1.0,1.4,,,,2024,7,29,198,0,0,1,1
239,세종,2024-07-17,26.6,22.3,10.0,29.7,1629.0,0.8,208.0,1.3,118.0,,1.7,8.3,230,1711,3.7,160,1322,1.8,1574.0,180.0,23.2,71.0,1623.0,82.4,28.5,998.5,1011.8,59,1006.7,2341,1008.6,14.4,0.5,1000.0,1.93,12.37,,,,,,9.9,2.5,27.3,23.1,,,,,,,,,,2.6,3.7,,,,2024,7,29,199,0,0,1,1
239,세종,2024-07-18,25.6,23.6,1246.0,27.6,926.0,8.6,1247.0,18.7,1158.0,,30.2,13.7,160,1447,5.3,180,1442,2.2,1920.0,160.0,23.0,73.0,331.0,85.9,28.0,993.1,1006.8,1,998.3,1432,1003.2,14.4,0.0,1300.0,0.48,3.01,,,,,,9.5,5.9,26.0,23.8,,,,,,,,,,0.9,1.3,,,,2024,7,29,200,0,0,1,1
239,세종,2024-07-19,25.3,23.3,2233.0,29.1,1437.0,0.6,412.0,1.0,327.0,,2.3,5.2,200,1528,2.6,160,1431,1.2,1076.0,180.0,23.0,72.0,1445.0,87.6,28.1,995.9,1008.5,2349,1004.5,1410,1006.0,14.4,2.9,1400.0,2.47,15.28,,,,,,7.6,3.0,28.9,22.8,,,,,,,,,,2.6,3.7,,,,2024,7,29,201,0,0,1,1
239,세종,2024-07-20,26.1,22.7,500.0,30.6,1748.0,7.3,2316.0,10.3,2226.0,,18.7,9.5,200,1923,3.9,160,2055,1.6,1340.0,160.0,23.4,70.0,1923.0,86.3,28.8,997.0,1010.6,909,1004.2,1803,1007.1,14.3,3.5,1400.0,2.65,13.4,,,,,,7.4,2.9,28.9,22.0,,,,,,,,,,2.5,3.6,,,,2024,7,29,202,0,0,1,1
239,세종,2024-07-21,27.2,23.8,415.0,31.2,1639.0,0.3,100.0,0.7,57.0,,0.7,10.8,230,18,4.0,200,117,1.7,1490.0,160.0,23.9,68.0,1629.0,82.8,29.7,997.9,1009.2,2351,1005.1,16,1008.0,14.3,4.9,1300.0,2.97,18.81,,,,,,5.5,3.0,30.1,22.8,,,,,,,,,,3.9,5.6,,,,2024,7,29,203,0,0,1,0
239,세종,2024-07-22,28.6,26.2,535.0,31.1,1600.0,,,,,,,9.4,230,2014,4.1,180,2019,1.9,1664.0,180.0,23.6,66.0,1227.0,74.9,29.2,996.2,1009.8,59,1002.5,2042,1006.2,14.3,3.5,1100.0,2.66,16.41,,,,,,8.3,2.8,30.8,25.0,,,,,,,,,,3.2,4.6,,,,2024,7,30,204,0,0,1,0
239,세종,2024-07-23,26.3,25.2,2347.0,27.7,101.0,2.2,1503.0,4.4,1438.0,,13.7,8.8,200,624,3.7,180,355,1.9,1633.0,160.0,24.4,74.0,100.0,89.8,30.6,995.3,1006.8,955,1003.3,1835,1005.4,14.3,0.0,1300.0,0.9,5.06,,,,,,8.6,1.6,26.7,24.5,,,,,,,,,,1.0,1.4,,,,2024,7,30,205,0,0,1,1
239,세종,2024-07-24,27.7,24.8,246.0,32.5,1445.0,1.2,805.0,3.1,732.0,,3.3,6.8,230,1528,3.2,270,1530,1.1,922.0,180.0,24.8,60.0,1651.0,85.1,31.3,994.8,1006.1,2200,1003.1,1630,1004.8,14.2,6.1,1200.0,2.97,19.26,,,,,,4.3,1.5,30.4,24.3,,,,,,,,,,3.9,5.5,,,,2024,7,30,206,0,0,1,1
239,세종,2024-07-25,27.9,24.5,403.0,34.5,1634.0,1.0,1801.0,1.6,,,1.6,8.0,140,1757,3.6,140,1801,1.0,831.0,70.0,24.3,55.0,1634.0,82.6,30.4,996.5,1009.0,2224,1004.5,1527,1006.6,14.2,8.4,1100.0,2.98,22.39,,,,,,6.0,2.3,32.8,23.8,,,,,,,,,,4.2,6.1,,,,2024,7,30,207,0,0,1,1
239,세종,2024-07-26,28.2,24.9,429.0,33.2,1147.0,8.2,1551.0,16.8,1520.0,,16.8,6.8,160,1253,4.0,160,1235,1.3,1145.0,90.0,25.0,59.0,1158.0,84.4,31.7,1000.0,1013.5,2324,1007.7,312,1010.1,14.2,6.8,1100.0,2.96,18.57,,,,,,7.5,2.5,31.9,24.4,,,,,,,,,,3.4,4.9,,,,2024,7,30,208,0,0,1,1
239,세종,2024-07-27,28.0,25.5,450.0,32.1,1233.0,3.2,1410.0,4.4,,,4.4,6.9,290,1405,2.5,270,1407,1.0,888.0,140.0,25.4,64.0,1208.0,86.9,32.5,1004.5,1016.1,2255,1013.3,121,1014.6,14.2,2.4,1100.0,2.03,15.62,,,,,,9.0,6.1,31.5,25.4,,,,,,,,,,2.9,4.2,,,,2024,7,30,209,0,0,1,1
239,세종,2024-07-28,29.0,26.2,541.0,32.9,1426.0,,,,,,,7.7,200,1453,4.0,200,1509,1.5,1323.0,180.0,24.0,58.0,1507.0,75.4,29.8,1003.0,1015.8,1,1011.3,1739,1013.0,14.1,8.5,1100.0,3.13,23.88,,,,,,6.5,2.3,32.4,25.7,,,,,,,,,,4.7,6.7,,,,2024,7,30,210,0,0,1,0
239,세종,2024-07-29,27.6,25.6,2323.0,31.5,1310.0,,,,,,,7.5,320,1117,3.0,180,141,1.7,1500.0,200.0,23.6,65.0,1313.0,79.4,29.2,999.9,1011.9,105,1007.8,1824,1009.9,14.1,5.3,1300.0,3.26,18.15,,,,,,3.1,1.9,29.4,24.5,,,,,,,,,,3.6,5.1,,,,2024,7,31,211,0,0,1,0
239,세종,2024-07-30,28.0,25.6,3.0,32.3,1607.0,,,,,,,6.8,270,259,2.6,230,1224,1.4,1193.0,160.0,23.8,63.0,1531.0,78.6,29.4,997.9,1009.1,749,1006.6,1706,1007.9,14.1,6.4,1400.0,2.58,20.59,,,,,,1.1,0.5,34.1,24.5,,,,,,,,,,3.6,5.1,,,,2024,7,31,212,0,0,1,0
239,세종,2024-07-31,29.0,25.0,509.0,33.5,1649.0,,,,,,,4.6,230,1046,2.8,140,1325,1.0,829.0,160.0,24.6,61.0,1420.0,78.4,30.9,996.8,1009.1,631,1004.7,1751,1006.9,14.1,6.4,1100.0,3.17,22.21,,,,,,1.6,1.3,36.0,24.1,,,,,,,,,,4.1,5.8,,,,2024,7,31,213,0,0,1,0
239,세종,2024-08-01,29.2,25.7,530.0,33.4,1635.0,0.0,,0.0,,,0.0,5.7,160,1047,2.7,180,1055,1.1,910.0,180.0,25.0,62.0,1550.0,79.1,31.7,995.0,1006.6,149,1002.5,1650,1005.0,14.0,6.9,1400.0,2.94,21.06,,,,,,4.1,1.8,36.0,24.7,,,,,,,,,,4.0,5.8,,,,2024,8,31,214,0,0,1,0
239,세종,2024-08-02,29.6,26.8,557.0,33.2,1429.0,,,,,,,5.7,160,1216,2.9,180,943,1.1,953.0,160.0,25.6,64.0,1311.0,80.3,32.9,994.7,1006.7,2357,1003.0,1704,1004.7,14.0,7.0,1200.0,3.04,21.15,,,,,,4.4,1.8,35.0,26.1,,,,,,,,,,4.0,5.6,,,,2024,8,31,215,0,0,1,0
239,세종,2024-08-03,30.0,26.6,525.0,34.6,1611.0,,,,,,,5.6,340,1727,3.2,320,1658,1.3,1159.0,290.0,25.2,58.0,1451.0,77.1,32.1,997.3,1008.6,2311,1005.5,1644,1007.3,14.0,8.3,1300.0,3.13,23.07,,,,,,3.1,1.6,38.4,26.3,,,,,,,,,,4.6,6.6,,,,2024,8,31,216,0,0,1,0
239,세종,2024-08-04,29.6,24.7,558.0,35.3,1642.0,,,,,,,5.6,160,1800,3.6,160,1804,1.1,990.0,290.0,24.6,57.0,1644.0,76.0,31.0,997.7,1009.1,650,1005.6,1640,1007.7,13.9,9.6,1400.0,3.07,23.79,,,,,,3.9,1.1,36.5,24.6,,,,,,,,,,4.9,7.0,,,,2024,8,31,217,0,0,1,0
239,세종,2024-08-05,27.8,23.6,2202.0,34.2,1420.0,1.8,1609.0,3.3,1538.0,,5.7,7.5,90,2250,4.0,90,2251,1.5,1328.0,160.0,24.3,58.0,1424.0,82.1,30.4,998.0,1009.6,2258,1005.9,1426,1008.0,13.9,6.3,1100.0,3.03,17.35,,,,,,6.5,3.0,33.7,23.6,,,,,,,,,,3.4,4.9,,,,2024,8,32,218,0,0,1,1
239,세종,2024-08-06,28.2,23.3,344.0,33.2,1559.0,,,,,,,4.9,360,1753,2.8,290,1739,1.3,1083.0,290.0,24.1,56.0,1603.0,80.0,30.1,997.6,1009.5,740,1005.9,1738,1007.6,13.9,9.8,1000.0,3.01,22.91,,,,,,5.9,1.6,33.2,23.1,,,,,,,,,,4.1,5.9,,,,2024,8,32,219,0,0,1,0
239,세종,2024-08-07,29.0,24.9,534.0,34.1,1421.0,,,,,,,5.1,200,1635,3.0,320,1632,1.1,980.0,290.0,24.6,56.0,1417.0,78.5,30.9,996.1,1008.0,532,1003.8,1652,1006.1,13.8,5.9,1200.0,3.15,20.99,,,,,,4.5,3.3,34.0,24.4,,,,,,,,,,4.1,5.8,,,,2024,8,32,220,0,0,1,0
239,세종,2024-08-08,26.8,24.6,548.0,29.2,1426.0,0.2,,0.3,1046.0,,0.3,3.5,230,1250,1.7,290,628,0.8,679.0,230.0,24.5,71.0,1544.0,87.4,30.7,995.1,1006.2,712,1004.1,1705,1005.1,13.8,1.7,800.0,1.4,10.46,,,,,,7.5,1.5,31.7,24.0,,,,,,,,,,1.9,2.7,,,,2024,8,32,221,0,0,1,0
239,세종,2024-08-09,28.0,24.1,301.0,33.9,1608.0,,,,,,,3.9,290,1653,2.6,290,1701,1.0,856.0,290.0,23.0,50.0,1615.0,76.5,28.2,994.2,1005.8,624,1002.5,1754,1004.2,13.8,6.9,1300.0,3.02,19.65,,,,,,0.1,0.1,34.0,23.2,,,,,,,,,,3.9,5.6,,,,2024,8,32,222,0,0,1,0
239,세종,2024-08-10,28.5,24.1,432.0,34.2,1520.0,,,,,,,4.4,180,1449,2.3,140,1348,0.9,797.0,140.0,24.3,53.0,1540.0,79.3,30.3,993.3,1005.0,704,1001.5,1652,1003.2,13.8,6.4,1300.0,3.22,20.43,,,,,,4.0,1.5,35.5,23.3,,,,,,,,,,4.0,5.7,,,,2024,8,32,223,0,0,1,0
239,세종,2024-08-11,29.5,25.2,555.0,35.0,1559.0,,,,,,,4.7,270,1133,2.8,160,1258,1.2,1066.0,140.0,23.8,50.0,1603.0,73.3,29.5,992.7,1004.0,747,1001.3,1728,1002.7,13.7,10.7,1400.0,3.2,24.73,,,,,,3.1,0.9,36.0,24.1,,,,,,,,,,,,,,,2024,8,32,224,0,0,1,0
239,세종,2024-08-12,29.4,25.0,534.0,35.0,1532.0,1.1,2229.0,1.1,2208.0,,1.1,4.5,290,1948,2.7,290,1954,1.1,951.0,290.0,24.7,54.0,1530.0,77.0,31.1,994.5,1006.5,2331,1002.9,1719,1004.4,13.7,6.6,1300.0,2.43,18.29,,,,,,3.6,2.3,35.5,24.4,,,,,,,,,,3.6,5.2,,,,2024,8,33,225,0,0,1,1
239,세종,2024-08-13,28.8,24.7,2034.0,34.6,1658.0,11.6,2020.0,27.8,1935.0,,27.8,9.5,160,2003,5.8,140,2011,1.5,1331.0,90.0,23.4,53.0,1117.0,74.9,28.8,997.7,1009.3,817,1005.5,1717,1007.8,13.6,9.9,1200.0,3.18,24.38,,,,,,4.8,1.6,34.6,24.2,,,,,,,,,,4.8,6.8,,,,2024,8,33,226,0,0,1,1
239,세종,2024-08-14,28.8,24.9,430.0,33.9,1524.0,,,,,,,4.8,110,1423,2.8,110,1213,1.2,1052.0,90.0,22.7,45.0,1252.0,72.3,27.7,997.7,1009.1,639,1005.6,1759,1007.8,13.6,11.5,1200.0,3.24,25.36,,,,,,2.6,1.8,32.4,24.8,,,,,,,,,,5.0,7.1,,,,2024,8,33,227,0,0,1,0
239,세종,2024-08-15,28.5,24.6,547.0,34.4,1608.0,,,,,,,5.4,290,1855,3.2,290,1857,1.2,1026.0,90.0,23.0,50.0,1323.0,73.4,28.0,997.6,1008.7,736,1005.4,1610,1007.6,13.6,8.3,1200.0,3.24,22.4,,,,,,3.4,1.5,32.1,23.7,,,,,,,,,,4.4,6.3,,,,2024,8,33,228,0,0,1,0
239,세종,2024-08-16,28.7,24.6,548.0,33.7,1623.0,,,,,,,4.7,70,1353,2.5,70,1233,1.2,1053.0,90.0,22.8,50.0,1533.0,72.1,27.8,998.5,1010.3,2336,1006.7,1555,1008.5,13.5,10.3,1200.0,3.27,23.06,,,,,,3.9,1.5,31.4,23.7,,,,,,,,,,4.7,6.7,,,,2024,8,33,229,0,0,1,0
239,세종,2024-08-17,28.7,24.9,429.0,33.8,1442.0,,,,,,,5.2,180,1904,2.6,140,1007,1.2,1070.0,290.0,23.0,49.0,1556.0,73.4,28.2,1000.1,1011.6,717,1007.8,1757,1010.2,13.5,8.5,1100.0,3.04,21.1,,,,,,5.0,2.6,33.2,24.3,,,,,,,,,,4.2,5.9,,,,2024,8,33,230,0,0,1,0
239,세종,2024-08-18,28.5,24.7,411.0,34.6,1454.0,,,,,,,5.4,110,1413,2.9,90,1250,1.4,1178.0,290.0,23.1,47.0,1621.0,74.9,28.3,999.4,1011.4,237,1006.5,1625,1009.4,13.5,10.0,1200.0,3.3,23.52,,,,,,3.0,1.1,34.6,24.3,,,,,,,,,,4.7,6.7,,,,2024,8,33,231,0,0,1,0
239,세종,2024-08-19,29.3,24.4,222.0,34.8,1532.0,0.1,,0.1,,,0.1,5.1,90,1106,2.9,70,1106,1.4,1178.0,270.0,23.5,50.0,1429.0,72.9,29.0,998.1,1009.7,1,1006.0,1609,1008.1,13.4,10.7,1200.0,3.28,24.93,,,,,,3.5,1.6,35.6,24.0,,,,,,,,,,5.1,7.3,,,,2024,8,34,232,0,0,1,0
239,세종,2024-08-20,29.3,26.4,534.0,35.3,1516.0,6.8,1709.0,6.9,1659.0,,7.7,8.7,70,1701,4.7,110,1702,1.5,1289.0,90.0,25.2,55.0,1513.0,80.5,32.1,998.6,1009.5,346,1006.9,1536,1008.6,13.4,6.3,1200.0,3.0,18.67,,,,,,6.1,3.3,35.0,25.4,,,,,,,,,,3.3,4.8,,,,2024,8,34,233,0,0,1,1
239,세종,2024-08-21,27.5,25.9,2346.0,31.7,1613.0,6.5,1034.0,6.7,1013.0,,19.9,6.6,160,1952,3.1,160,553,1.3,1103.0,160.0,25.7,70.0,1543.0,90.1,33.0,997.9,1009.8,1030,1006.2,1627,1007.9,13.4,1.4,1500.0,1.85,8.6,,,,,,8.3,2.6,30.5,25.9,,,,,,,,,,2.0,2.8,,,,2024,8,34,234,0,0,1,1
239,세종,2024-08-22,27.1,24.8,2321.0,31.3,1310.0,0.8,1801.0,1.0,1534.0,,1.9,8.6,110,952,4.1,160,1009,1.7,1429.0,160.0,24.9,68.0,953.0,88.5,31.5,995.4,1008.2,1,1002.8,1357,1005.4,13.3,3.1,1200.0,1.73,11.16,,,,,,5.6,2.6,29.7,24.3,,,,,,,,,,2.2,3.1,,,,2024,8,34,235,0,0,1,1
239,세종,2024-08-23,27.0,23.6,410.0,31.7,1609.0,0.9,1346.0,1.6,1338.0,,1.6,5.3,180,1056,3.1,320,1302,0.9,783.0,160.0,24.2,63.0,1249.0,85.6,30.2,998.6,1010.5,2343,1007.4,1534,1008.7,13.3,7.4,1200.0,2.71,18.59,,,,,,2.3,1.8,29.8,22.7,,,,,,,,,,3.2,4.5,,,,2024,8,34,236,0,0,1,1
239,세종,2024-08-24,27.3,24.1,521.0,32.2,1524.0,,,,,,,4.0,290,1824,2.7,270,2114,1.0,877.0,290.0,24.2,61.0,1414.0,84.5,30.3,1000.2,1012.1,1002,1008.2,1809,1010.2,13.3,3.3,1300.0,2.19,15.74,,,,,,4.3,2.1,30.5,23.7,,,,,,,,,,2.7,3.9,,,,2024,8,34,237,0,0,1,0
239,세종,2024-08-25,26.9,23.9,305.0,31.7,1400.0,0.0,,0.0,,,0.0,5.1,320,1519,3.0,290,1520,0.9,786.0,290.0,23.9,60.0,1308.0,85.3,29.7,999.1,1010.8,817,1007.2,1643,1009.2,13.2,4.4,1200.0,3.13,15.56,,,,,,3.5,1.4,29.0,23.6,,,,,,,,,,3.0,4.4,,,,2024,8,34,238,0,0,1,0
239,세종,2024-08-26,26.6,23.5,550.0,31.2,1100.0,3.7,1159.0,4.6,1139.0,,4.6,4.8,320,1727,2.9,320,1735,1.0,874.0,290.0,24.2,65.0,1111.0,87.4,30.3,996.8,1008.4,1,1005.1,1415,1006.8,13.2,2.3,1200.0,2.82,13.25,,,,,,7.5,2.9,29.5,23.2,,,,,,,,,,2.3,3.3,,,,2024,8,35,239,0,0,1,1
239,세종,2024-08-27,25.8,23.9,2358.0,27.4,1257.0,0.0,,0.0,,,0.0,8.1,20,1620,3.9,360,1624,1.5,1285.0,70.0,22.9,73.0,2234.0,84.5,27.9,996.2,1008.5,2316,1004.5,415,1006.3,13.2,0.0,1200.0,0.82,5.99,,,,,,8.4,2.1,27.3,21.7,,,,,,,,,,1.8,2.6,0.0,,,2024,8,35,240,0,0,1,0
239,세종,2024-08-28,26.8,21.5,601.0,31.1,1257.0,,,,,,,7.9,160,1155,4.3,90,1112,2.6,2208.0,90.0,20.4,55.0,1711.0,68.8,23.9,998.0,1009.3,907,1006.6,1706,1008.1,13.1,10.0,1200.0,3.17,22.97,,,,,,1.4,0.1,28.0,19.8,,,,,,,,,,5.1,7.2,,,,2024,8,35,241,0,0,1,0
239,세종,2024-08-29,27.7,22.9,604.0,33.4,1514.0,,,,,,,9.3,320,1326,4.4,90,1634,2.3,2016.0,70.0,20.5,50.0,1518.0,65.9,24.1,995.8,1008.3,1,1003.5,1550,1005.9,13.1,10.1,1200.0,3.28,24.06,,,,,,2.5,0.8,29.9,21.0,,,,,,,,,,5.4,7.7,,,,2024,8,35,242,0,0,1,0
239,세종,2024-08-30,26.8,22.4,527.0,32.7,1527.0,,,,,,,6.5,340,1657,4.2,320,1705,1.9,1645.0,320.0,20.6,50.0,1446.0,70.4,24.3,995.0,1006.4,2358,1003.2,1624,1005.0,13.0,9.1,1000.0,2.7,21.18,,,,,,0.0,0.0,30.7,20.6,,,,,,,,,,4.4,6.2,,,,2024,8,35,243,0,0,1,0
239,세종,2024-08-31,25.9,20.9,458.0,32.2,1609.0,,,,,,,4.8,320,856,2.9,340,1736,1.1,980.0,230.0,20.7,51.0,1500.0,75.4,24.4,996.8,1008.3,2351,1005.1,1556,1006.9,13.0,9.5,1300.0,3.2,22.65,,,,,,0.8,0.4,31.5,19.8,,,,,,,,,,,,,,,2024,8,35,244,0,0,1,0
239,세종,2024-09-01,26.2,22.1,530.0,31.4,1320.0,,,,,,,5.0,180,1150,2.7,290,1536,1.1,971.0,270.0,21.3,54.0,1330.0,76.5,25.4,997.4,1008.6,242,1005.8,1555,1007.5,13.0,7.6,1100.0,3.14,20.31,,,,,,4.3,2.4,31.8,21.0,,,,,,,,,,3.7,5.2,,,,2024,9,35,245,0,0,1,0
239,세종,2024-09-02,24.0,20.9,600.0,27.8,1604.0,0.2,,0.3,946.0,,0.3,3.3,90,1401,1.7,270,938,0.7,569.0,160.0,20.9,61.0,1533.0,83.9,24.7,999.2,1011.6,2352,1007.9,357,1009.4,12.9,0.6,1500.0,1.19,7.25,,,,,,7.6,5.0,28.0,19.7,,,,,,,,,,1.7,2.5,,,,2024,9,36,246,0,0,1,0
239,세종,2024-09-03,27.0,23.0,26.0,31.6,1347.0,,,,,,,6.4,90,914,4.0,90,942,2.1,1855.0,90.0,19.2,50.0,1236.0,63.4,22.3,1001.3,1013.3,931,1009.4,1732,1011.4,12.9,8.2,1200.0,3.03,20.33,,,,,,4.0,2.0,30.7,21.6,,,,,,,,,,4.5,6.5,,,,2024,9,36,247,0,0,1,0
239,세종,2024-09-04,26.1,21.0,615.0,32.9,1552.0,,,,,,,6.7,90,17,3.3,90,20,1.7,1464.0,90.0,18.3,41.0,1612.0,63.6,21.1,999.3,1011.9,650,1006.6,1720,1009.5,12.8,10.2,1200.0,3.12,22.85,,,,,,2.1,0.5,31.9,18.8,,,,,,,,,,4.5,6.4,,,,2024,9,36,248,0,0,1,0
239,세종,2024-09-05,26.2,22.2,411.0,31.6,1341.0,0.0,,0.0,,,0.0,7.3,290,1223,3.4,200,1225,1.2,1074.0,230.0,21.6,53.0,1344.0,77.6,25.9,997.9,1009.2,11,1006.2,1449,1008.0,12.8,6.0,1200.0,3.07,17.42,,,,,,7.1,2.9,31.8,21.4,,,,,,,,,,3.2,4.5,,,,2024,9,36,249,0,0,1,0
239,세종,2024-09-06,24.9,23.3,1750.0,27.7,1309.0,0.6,1742.0,1.3,1702.0,,2.0,3.9,90,1127,2.6,110,1314,1.0,862.0,90.0,22.7,68.0,1452.0,88.4,27.5,1001.0,1013.1,2121,1008.7,25,1011.2,12.8,0.0,1000.0,0.93,5.12,,,,,,9.4,4.5,28.7,23.4,,,,,,,,,,1.3,1.8,,,,2024,9,36,250,0,0,1,1
239,세종,2024-09-07,26.0,23.0,333.0,31.5,1531.0,,,,,,,4.2,290,1537,2.8,290,1546,1.0,839.0,290.0,22.1,56.0,1536.0,80.5,26.6,1003.1,1014.3,930,1011.6,1549,1013.3,12.7,4.5,1200.0,3.11,16.77,,,,,,4.1,3.5,30.8,22.5,,,,,,,,,,3.0,4.3,,,,2024,9,36,251,0,0,1,0
239,세종,2024-09-08,26.0,21.1,635.0,32.3,1540.0,,,,,,,4.0,290,1428,2.9,320,1452,1.1,983.0,290.0,21.1,49.0,1353.0,76.8,25.0,1003.3,1015.5,732,1011.1,1601,1013.5,12.7,8.5,1100.0,3.09,22.31,,,,,,2.1,2.0,31.8,20.0,,,,,,,,,,4.6,6.5,,,,2024,9,36,252,0,0,1,0
239,세종,2024-09-09,28.3,23.1,321.0,33.6,1519.0,,,,,,,4.9,180,1048,2.8,320,1744,1.2,1051.0,270.0,22.6,51.0,1527.0,73.1,27.4,1002.6,1014.2,700,1010.7,1553,1012.7,12.7,7.6,1200.0,2.96,18.37,,,,,,2.9,1.5,33.3,22.2,,,,,,,,,,3.8,5.5,,,,2024,9,37,253,0,0,1,0
239,세종,2024-09-10,28.8,24.7,615.0,35.2,1536.0,,,,,,,4.4,320,1637,2.8,290,1643,1.6,1367.0,90.0,22.0,43.0,1529.0,68.6,26.4,1003.0,1014.4,2324,1011.0,1615,1013.1,12.6,9.6,1200.0,2.97,20.21,,,,,,0.0,0.0,33.6,22.8,,,,,,,,,,4.2,5.9,,,,2024,9,37,254,0,0,1,0
239,세종,2024-09-11,27.4,24.4,247.0,34.0,1601.0,3.0,1724.0,11.1,1712.0,,13.9,6.4,140,1641,3.0,140,1635,1.1,912.0,110.0,23.5,53.0,1320.0,81.4,28.9,1005.5,1017.3,2147,1013.2,1541,1015.7,12.6,2.9,1100.0,2.52,13.4,,,,,,8.8,3.0,32.3,23.2,,,,,,,,,,2.5,3.6,,,,2024,9,37,255,0,0,1,1
239,세종,2024-09-12,26.0,24.6,2338.0,30.2,1349.0,4.9,19.0,8.5,1.0,,11.7,5.7,320,1427,3.5,290,1431,0.9,776.0,90.0,24.4,72.0,1338.0,91.6,30.6,1004.7,1016.8,12,1013.0,2357,1014.8,12.6,0.2,1300.0,1.66,7.61,,,,,,9.4,4.6,28.4,24.4,,,,,,,,,,1.5,2.1,,,,2024,9,37,256,0,0,1,1
239,세종,2024-09-13,27.4,24.4,141.0,32.0,1509.0,,,,,,,6.5,140,1202,2.7,180,1108,1.2,1010.0,180.0,23.8,60.0,1120.0,82.3,29.5,999.3,1013.0,1,1006.9,1837,1009.3,12.5,5.2,1100.0,2.92,17.39,,,,,,7.9,5.0,30.7,24.5,,,,,,,,,,3.3,4.8,,,,2024,9,37,257,0,0,1,0
239,세종,2024-09-14,27.9,24.7,458.0,32.9,1434.0,,,,,,,5.9,140,1100,3.1,270,1454,1.4,1201.0,160.0,24.3,55.0,1434.0,81.5,30.3,996.1,1007.8,1,1003.9,1547,1006.2,12.5,7.5,1200.0,3.0,19.81,,,,,,6.3,3.4,31.7,24.6,,,,,,,,,,3.9,5.5,,,,2024,9,37,258,0,0,1,0
239,세종,2024-09-15,29.2,24.6,501.0,34.2,1308.0,,,,,,,6.8,50,1303,4.1,140,1345,2.1,1806.0,90.0,23.1,50.0,1442.0,71.6,28.3,999.2,1013.3,2355,1006.7,45,1009.2,12.4,9.0,1200.0,3.04,21.29,,,,,,3.4,2.1,33.7,24.1,,,,,,,,,,5.1,7.3,,,,2024,9,37,259,0,0,1,0
239,세종,2024-09-16,27.8,24.9,552.0,31.1,1234.0,0.0,,0.0,,,0.0,6.5,110,24,4.1,90,20,2.3,1980.0,90.0,22.1,59.0,1238.0,71.6,26.6,1004.9,1016.4,2221,1013.2,22,1015.0,12.4,3.7,1200.0,2.56,14.08,,,,,,6.6,3.9,31.4,22.9,,,,,,,,,,3.0,4.2,,,,2024,9,38,260,0,0,1,0
239,세종,2024-09-17,29.3,24.7,611.0,35.2,1447.0,,,,,,,4.5,340,1426,3.1,290,1728,1.3,1103.0,90.0,23.9,48.0,1445.0,74.6,29.7,1004.4,1016.3,724,1012.2,1631,1014.4,12.4,8.6,1200.0,3.01,19.52,,,,,,5.1,2.9,35.0,24.1,,,,,,,,,,3.9,5.5,,,,2024,9,38,261,0,0,1,0
239,세종,2024-09-18,27.6,23.6,2022.0,33.8,1357.0,10.8,1820.0,26.4,1925.0,,49.2,7.9,140,1752,4.2,110,1756,1.2,1038.0,320.0,24.3,59.0,1312.0,83.6,30.4,1003.6,1016.0,2019,1011.1,1546,1013.8,12.3,4.2,1100.0,2.42,14.89,,,,,,7.5,2.9,31.2,23.7,,,,,,,,,,3.0,4.3,,,,2024,9,38,262,0,0,1,1
239,세종,2024-09-19,28.1,23.9,450.0,33.5,1353.0,,,,,,,4.2,90,16,2.3,290,1440,0.9,772.0,70.0,24.3,55.0,1402.0,81.5,30.4,1003.9,1015.9,859,1012.2,1628,1014.0,12.3,4.5,1100.0,3.02,16.92,,,,,,8.4,4.4,31.1,23.6,,,,,,,,,,2.9,4.1,,,,2024,9,38,263,0,0,1,0
239,세종,2024-09-20,25.4,24.5,938.0,27.3,1.0,5.1,2025.0,13.2,2003.0,,45.2,6.9,160,830,3.2,180,829,1.0,865.0,90.0,24.5,89.0,1.0,95.5,30.8,999.9,1013.5,1,1006.3,2333,1010.1,12.2,0.0,1300.0,0.59,2.65,,,,,,10.0,3.1,27.5,24.9,,,,,,,,,,0.6,0.8,,,,2024,9,38,264,0,0,1,1
239,세종,2024-09-21,20.3,19.6,1447.0,25.9,110.0,8.9,451.0,28.9,438.0,,109.7,6.5,20,1848,3.6,70,1140,1.6,1401.0,70.0,19.5,88.0,132.0,95.5,22.7,996.2,1008.0,2245,1005.1,1712,1006.5,12.2,0.0,1100.0,0.41,2.06,,,,,,8.4,7.0,23.7,19.5,,,,,,,,,,0.6,0.9,,,,2024,9,38,265,0,0,1,1
239,세종,2024-09-22,21.1,17.4,512.0,25.5,1316.0,0.1,,0.1,,,0.1,6.9,90,2302,3.5,90,2347,1.8,1587.0,70.0,16.7,63.0,1558.0,76.9,19.1,1001.8,1016.6,2351,1007.7,1,1012.1,12.2,4.3,1200.0,2.99,15.92,,,,,,6.1,2.9,24.2,16.7,,,,,,,,,,3.4,4.9,,,,2024,9,38,266,0,0,1,0
239,세종,2024-09-23,20.9,17.1,614.0,25.2,1320.0,,,,,,,7.3,90,1035,4.0,90,1011,2.6,2242.0,90.0,13.2,48.0,1221.0,62.5,15.2,1007.1,1019.1,759,1015.4,1520,1017.5,12.1,9.9,1200.0,3.0,20.99,,,,,,1.9,1.0,23.6,14.6,,,,,,,,,,4.2,6.0,,,,2024,9,39,267,0,0,1,0
239,세종,2024-09-24,20.4,15.2,646.0,27.2,1551.0,,,,,,,5.0,140,1335,3.3,110,1213,1.4,1238.0,90.0,13.5,42.0,1502.0,66.4,15.6,1005.8,1018.4,152,1013.9,1550,1016.2,12.1,9.8,1200.0,2.97,20.65,,,,,,4.0,2.5,23.7,13.8,,,,,,,,,,3.5,4.9,,,,2024,9,39,268,0,0,1,0
239,세종,2024-09-25,22.6,18.3,114.0,28.3,1510.0,,,,,,,4.9,70,1210,2.5,110,1136,0.8,734.0,110.0,18.1,51.0,1505.0,77.0,20.8,1003.9,1015.9,853,1012.0,1540,1014.2,12.0,6.4,1400.0,2.46,15.59,,,,,,6.4,4.5,25.9,17.0,,,,,,,,,,2.8,3.9,,,,2024,9,39,269,0,0,1,0
239,세종,2024-09-26,23.3,20.0,452.0,28.5,1410.0,,,,,,,4.6,320,1207,2.6,290,1837,1.1,975.0,270.0,19.1,52.0,1303.0,78.9,22.1,1002.7,1014.5,927,1010.7,1537,1012.9,12.0,6.7,1300.0,2.67,16.36,,,,,,5.5,2.8,25.9,19.0,,,,,,,,,,3.0,4.2,,,,2024,9,39,270,0,0,1,0
239,세종,2024-09-27,22.3,18.1,632.0,28.1,1355.0,,,,,,,4.5,320,1357,3.2,320,1408,1.1,978.0,320.0,17.2,43.0,1344.0,75.9,19.7,1003.2,1015.2,2313,1011.7,1545,1013.6,12.0,7.5,1100.0,2.74,18.44,,,,,,2.0,1.8,25.9,16.8,,,,,,,,,,3.5,5.0,,,,2024,9,39,271,0,0,1,0
239,세종,2024-09-28,22.9,18.3,533.0,27.9,1310.0,,,,,,,9.0,70,2223,4.1,90,1317,1.9,1645.0,90.0,17.3,54.0,1312.0,72.0,19.8,1007.5,1020.2,2258,1015.2,1,1017.8,11.9,8.1,1200.0,2.56,17.01,,,,,,2.5,1.3,25.5,16.1,,,,,,,,,,3.5,5.0,,,,2024,9,39,272,0,0,1,0
239,세종,2024-09-29,22.7,18.9,641.0,27.3,1241.0,,,,,,,6.6,70,1121,4.1,70,1008,2.2,1866.0,90.0,15.8,52.0,1236.0,66.0,18.0,1009.3,1021.8,708,1017.6,1622,1019.6,11.9,7.7,1100.0,2.77,15.94,,,,,,2.8,0.8,24.5,15.2,,,,,,,,,,3.3,4.7,,,,2024,9,39,273,0,0,1,0
239,세종,2024-09-30,20.9,15.6,642.0,27.6,1436.0,,,,,,,5.4,110,1241,2.7,290,1544,1.1,914.0,90.0,14.3,39.0,1441.0,67.5,16.3,1005.4,1019.5,30,1012.9,1659,1015.8,11.8,9.5,1300.0,2.73,18.64,,,,,,3.0,1.5,24.5,12.4,,,,,,,,,,3.1,4.5,,,,2024,9,40,274,0,0,1,0
239,세종,2024-10-01,16.8,13.8,2231.0,19.0,1309.0,0.7,1058.0,1.2,1013.0,,1.2,6.9,320,1316,3.9,320,1315,1.3,1113.0,290.0,13.7,64.0,2349.0,83.0,15.9,1002.2,1016.7,2355,1010.9,558,1012.7,11.8,0.4,1300.0,0.7,3.91,,,,,,8.1,4.4,20.1,10.2,,,,,,,,,,1.0,1.4,,,,2024,10,40,275,0,0,1,1
239,세종,2024-10-02,14.0,10.5,635.0,19.4,1537.0,,,,,,,9.3,340,1055,4.3,320,1422,1.7,1495.0,290.0,6.1,29.0,1352.0,62.4,9.5,1008.2,1022.3,2356,1016.3,153,1018.9,11.8,7.5,1200.0,2.93,17.85,,,,,,3.9,1.9,18.8,7.4,,,,,,,,,,3.1,4.5,,,,2024,10,40,276,0,0,1,0
239,세종,2024-10-03,12.1,9.0,328.0,15.1,1400.0,0.6,1200.0,1.1,1414.0,,3.0,4.1,110,1547,2.8,290,2022,0.9,787.0,320.0,10.2,72.0,1119.0,89.0,12.6,1011.6,1023.4,938,1021.1,1753,1022.4,11.7,0.1,1100.0,0.7,4.46,,,,,,5.8,3.9,15.7,6.2,,,,,,,,,,0.7,1.0,,,,2024,10,40,277,0,0,1,1
239,세종,2024-10-04,14.9,10.5,310.0,22.4,1434.0,,,,,,,4.4,70,1511,2.4,320,1108,1.0,852.0,290.0,12.1,52.0,1407.0,85.8,14.2,1013.6,1026.4,1015,1022.4,1550,1024.3,11.7,6.0,1200.0,2.87,16.03,,,,,,2.4,2.4,19.3,9.3,,,,,,,,,,2.6,3.7,,,,2024,10,40,278,0,0,1,0
239,세종,2024-10-05,15.9,10.4,621.0,23.1,1605.0,,,,,,,4.3,50,1232,2.5,270,1817,0.8,716.0,110.0,11.8,49.0,1501.0,79.4,13.9,1012.5,1025.0,37,1021.0,1452,1023.1,11.7,8.4,1100.0,2.86,17.15,,,,,,5.0,0.8,19.0,6.7,,,,,,,,,,2.5,3.6,,,,2024,10,40,279,0,0,1,0
239,세종,2024-10-06,15.8,13.3,521.0,17.9,1409.0,0.1,,0.1,,,0.1,3.2,320,1129,2.3,70,1006,0.7,641.0,320.0,13.9,78.0,1426.0,89.4,16.0,1010.1,1022.7,4,1018.8,1403,1020.8,11.6,0.0,1400.0,0.65,4.73,,,,,,9.9,4.3,18.4,11.4,,,,,,,,,,0.8,1.1,,,,2024,10,40,280,0,0,1,0
239,세종,2024-10-07,16.4,13.8,647.0,20.0,1305.0,0.3,345.0,0.7,308.0,,1.2,3.0,290,45,1.8,270,16,0.7,634.0,270.0,14.4,68.0,1309.0,89.3,16.4,1007.4,1019.7,105,1015.9,1521,1018.0,11.6,0.7,1000.0,1.47,7.54,,,,,,9.3,3.6,18.9,12.3,,,,,,,,,,1.2,1.7,,,,2024,10,41,281,0,0,1,1
239,세종,2024-10-08,15.7,13.5,228.0,22.1,1523.0,,,,,,,3.2,90,1352,1.9,70,1038,0.7,593.0,70.0,13.6,54.0,1535.0,88.8,15.6,1006.6,1018.4,913,1015.1,1522,1017.2,11.5,4.0,1300.0,2.32,10.4,,,,,,3.4,3.4,19.6,10.7,,,,,,,,,,1.9,2.7,,,,2024,10,41,282,0,0,1,0
239,세종,2024-10-09,17.6,11.8,649.0,23.6,1335.0,,,,,,,5.5,70,1046,3.2,90,1046,1.0,859.0,90.0,12.6,47.0,1420.0,75.1,14.6,1005.8,1018.5,612,1014.1,1604,1016.3,11.5,7.8,1100.0,2.52,15.94,,,,,,4.4,1.5,19.1,8.1,,,,,,,,,,2.8,3.9,,,,2024,10,41,283,0,0,1,0
239,세종,2024-10-10,17.3,13.4,643.0,22.9,1410.0,0.1,,0.1,,,0.1,5.3,140,1413,2.8,90,24,1.3,1087.0,90.0,13.0,53.0,1548.0,77.5,15.0,1004.9,1016.6,2249,1013.3,1410,1015.4,11.5,6.3,1300.0,2.37,14.41,,,,,,2.8,0.8,19.7,10.2,,,,,,,,,,2.2,3.2,,,,2024,10,41,284,0,0,1,0
239,세종,2024-10-11,16.4,12.0,406.0,23.9,1507.0,,,,,,,3.1,290,1320,2.0,320,1548,0.6,520.0,320.0,13.4,49.0,1445.0,85.0,15.4,1008.1,1021.6,2352,1016.6,1,1018.7,11.4,5.5,1200.0,2.58,13.59,,,,,,1.6,1.4,19.9,9.1,,,,,,,,,,2.2,3.1,,,,2024,10,41,285,0,0,1,0
239,세종,2024-10-12,16.3,11.9,526.0,24.2,1457.0,,,,,,,3.5,340,1614,2.3,320,1704,0.6,556.0,90.0,12.3,42.0,1331.0,80.8,14.3,1012.7,1025.1,916,1021.5,11,1023.3,11.4,6.6,1200.0,2.61,15.51,,,,,,1.3,1.3,20.0,8.7,,,,,,,,,,2.4,3.4,,,,2024,10,41,286,0,0,1,0
239,세종,2024-10-13,16.9,11.6,327.0,23.5,1352.0,,,,,,,4.7,70,1228,2.7,70,1344,0.9,799.0,90.0,13.3,47.0,1355.0,81.3,15.3,1012.6,1025.3,912,1021.2,1607,1023.2,11.4,3.6,1200.0,2.51,11.62,,,,,,6.4,3.6,19.6,7.9,,,,,,,,,,1.8,2.6,,,,2024,10,41,287,0,0,1,0
239,세종,2024-10-14,17.3,15.9,527.0,18.7,1157.0,0.4,1844.0,1.5,1754.0,,9.0,4.9,160,2107,3.0,90,2105,0.6,494.0,90.0,16.1,80.0,5.0,93.4,18.4,1008.9,1022.5,1,1017.2,2109,1019.4,11.3,0.0,1100.0,0.74,3.34,,,,,,10.0,3.4,19.0,14.6,,,,,,,,,,0.6,0.9,,,,2024,10,42,288,0,0,1,1
239,세종,2024-10-15,18.1,16.9,1.0,19.9,1609.0,1.4,207.0,5.6,117.0,,13.9,2.8,70,55,1.7,320,1241,0.7,588.0,70.0,17.5,91.0,1302.0,96.4,20.0,1007.5,1020.7,2359,1016.1,348,1018.0,11.3,0.0,1200.0,0.48,3.11,,,,,,8.8,7.6,19.7,14.7,,,,,,,,,,0.6,0.9,,,,2024,10,42,289,0,0,1,1
239,세종,2024-10-16,18.0,15.4,2357.0,23.3,1447.0,,,,,,,4.4,90,1101,3.0,290,1153,0.8,699.0,320.0,16.1,66.0,1449.0,89.6,18.3,1012.0,1023.7,925,1020.7,1,1022.5,11.2,2.6,1400.0,1.66,9.85,,,,,,5.8,3.6,20.4,12.7,,,,,,,,,,1.4,2.0,,,,2024,10,42,290,0,0,1,0
239,세종,2024-10-17,18.3,14.7,638.0,24.3,1511.0,,,,,,,4.6,70,1313,3.0,90,1754,1.0,897.0,70.0,15.3,54.0,1358.0,84.8,17.5,1011.4,1024.7,851,1019.7,1523,1022.0,11.2,5.6,1200.0,2.44,12.8,,,,,,6.1,4.8,20.0,12.4,,,,,,,,,,2.1,3.0,,,,2024,10,42,291,0,0,1,0
239,세종,2024-10-18,18.7,16.7,629.0,20.4,2400.0,7.8,1249.0,17.2,1231.0,,52.1,5.5,340,1803,2.7,320,1810,1.1,917.0,90.0,17.5,79.0,1048.0,93.0,20.1,1003.0,1020.4,1,1009.2,1527,1013.4,11.2,0.0,1000.0,0.59,2.46,,,,,,9.5,4.6,19.5,14.9,,,,,,,,,,0.6,0.9,,,,2024,10,42,292,0,0,1,1
239,세종,2024-10-19,17.0,12.9,2400.0,22.4,103.0,0.4,1647.0,1.2,1724.0,,2.4,7.0,90,2307,4.6,320,917,2.4,2067.0,320.0,14.9,70.0,2354.0,87.8,17.3,1007.8,1028.1,2358,1008.9,40,1018.4,11.1,0.1,1100.0,0.92,3.95,,,,,,7.9,5.0,19.2,11.2,,,,,,,,,,1.3,1.8,,,,2024,10,42,293,0,0,1,1
239,세종,2024-10-20,13.1,10.5,2354.0,17.3,1254.0,,,,,,,11.1,90,1047,6.2,90,1305,3.5,3041.0,90.0,5.7,45.0,1302.0,61.9,9.2,1019.2,1032.1,825,1028.1,1,1030.0,11.1,6.6,1200.0,2.39,13.49,,,,,,4.1,3.0,13.8,7.2,,,,,,,,,,2.6,3.6,,,,2024,10,42,294,0,0,1,0
239,세종,2024-10-21,13.7,8.6,528.0,19.1,1541.0,0.1,,0.1,,,0.1,3.0,70,1443,2.0,70,1456,0.9,809.0,70.0,10.9,65.0,1330.0,84.1,13.3,1013.3,1028.4,52,1021.5,2358,1024.1,11.0,1.4,1200.0,1.38,7.52,,,,,,9.1,3.3,15.5,5.5,,,,,,,,,,1.2,1.8,,,,2024,10,43,295,0,0,1,0
239,세종,2024-10-22,16.6,14.8,312.0,18.2,1435.0,1.0,1602.0,2.0,1557.0,,12.2,7.5,250,2308,3.6,270,2317,1.1,910.0,90.0,15.8,91.0,1327.0,95.5,18.0,1004.4,1021.5,1,1011.0,2136,1014.9,11.0,0.0,1200.0,0.49,2.74,,,,,,10.0,4.5,18.2,14.9,,,,,,,,,,0.7,1.0,,,,2024,10,43,296,0,0,1,1
239,세종,2024-10-23,13.8,8.8,2358.0,17.6,1444.0,0.4,49.0,1.3,20.0,,1.3,8.5,290,838,3.7,270,334,2.1,1843.0,290.0,9.3,53.0,1454.0,76.0,11.8,1006.3,1021.4,2353,1011.6,1,1017.0,11.0,2.1,1200.0,2.04,10.32,,,,,,3.6,,15.2,6.7,,,,,,,,,,1.6,2.3,,,,2024,10,43,297,0,0,1,1
239,세종,2024-10-24,11.6,6.2,505.0,17.9,1425.0,,,,,,,6.1,320,1356,4.0,320,1356,1.1,918.0,320.0,7.4,46.0,1342.0,78.5,10.3,1012.1,1025.2,2352,1020.6,1404,1022.9,10.9,9.1,1200.0,2.44,15.46,,,,,,0.0,,13.1,3.2,,,,,,,,,,2.6,3.7,,,,2024,10,43,298,0,0,1,0
239,세종,2024-10-25,13.9,7.3,619.0,21.4,1300.0,,,,,,,5.0,90,1321,3.2,90,1327,0.9,762.0,70.0,9.7,49.0,1411.0,78.5,12.1,1014.0,1027.0,852,1023.4,1638,1024.8,10.9,7.5,1200.0,2.33,13.52,,,,,,4.9,,14.2,3.4,,,,,,,,,,2.0,2.9,,,,2024,10,43,299,0,0,1,0
239,세종,2024-10-26,16.6,10.4,653.0,23.7,1329.0,,,,,,,6.2,70,1449,3.4,90,1248,1.1,961.0,70.0,12.0,50.0,1415.0,76.6,14.1,1010.2,1023.9,331,1017.6,1504,1020.7,10.9,9.2,1200.0,2.41,15.35,,,,,,2.1,1.6,15.9,6.3,,,,,,,,,,2.8,4.0,,,,2024,10,43,300,0,0,1,0
239,세종,2024-10-27,15.2,12.9,720.0,18.8,1351.0,0.2,,0.5,1854.0,,0.5,4.4,270,1857,2.8,290,2023,0.8,710.0,160.0,12.9,71.0,1401.0,86.5,14.9,1004.2,1019.5,31,1012.1,1548,1014.7,10.8,0.1,1300.0,0.89,5.54,,,,,,9.5,2.8,16.6,10.0,,,,,,,,,,1.0,1.4,,,,2024,10,43,301,0,0,1,0
239,세종,2024-10-28,14.7,11.3,605.0,17.5,1455.0,,,,,,,7.6,110,2116,4.0,90,2141,1.5,1317.0,90.0,11.3,62.0,2346.0,81.5,13.4,1004.9,1018.7,2244,1013.1,56,1015.5,10.8,0.2,1100.0,1.16,5.86,,,,,,7.9,5.3,16.2,9.7,,,,,,,,,,1.5,2.1,,,,2024,10,44,302,0,0,1,0
239,세종,2024-10-29,14.8,11.7,2349.0,20.4,1545.0,0.0,,0.0,,,0.0,5.9,140,1226,3.0,90,3,1.5,1326.0,90.0,9.3,51.0,1313.0,71.3,11.8,1008.2,1020.4,2231,1017.2,1432,1018.8,10.8,2.3,1300.0,1.44,8.39,,,,,,6.4,5.9,15.7,8.5,,,,,,,,,,1.5,2.2,,,,2024,10,44,303,0,0,1,0
239,세종,2024-10-30,14.5,9.7,645.0,21.1,1457.0,,,,,,,3.9,340,1405,2.6,290,1730,0.8,729.0,290.0,10.4,49.0,1506.0,79.0,12.7,1012.1,1024.8,2333,1020.3,1,1022.8,10.7,8.7,1200.0,2.28,13.81,,,,,,0.3,0.0,14.8,5.8,,,,,,,,,,2.3,3.3,,,,2024,10,44,304,0,0,1,0
239,세종,2024-10-31,14.4,9.0,653.0,22.4,1520.0,,,,,,,3.3,50,1151,2.1,90,1237,0.6,523.0,70.0,10.1,45.0,1424.0,78.4,12.3,1012.4,1025.3,712,1020.8,1551,1023.1,10.7,8.1,1200.0,2.3,14.11,,,,,,2.0,1.4,14.1,4.3,,,,,,,,,,2.1,3.0,,,,2024,10,44,305,0,0,1,0
239,세종,2024-11-01,13.3,11.4,340.0,14.7,1435.0,,,,,,2.6,5.6,290,2251,3.4,320,2255,1.2,1035.0,70.0,11.5,73.0,2320.0,89.3,13.6,1008.8,1023.3,151,1014.9,2154,1019.5,10.7,0.0,1300.0,0.61,2.46,,,,,,10.0,4.0,14.5,9.0,,,,,,,,,,0.7,1.0,,,,2024,11,44,306,0,0,1,1
239,세종,2024-11-02,17.1,13.5,328.0,23.4,1511.0,,,,,,0.0,7.6,320,1445,3.0,340,46,1.3,1102.0,360.0,12.4,48.0,1412.0,76.0,14.4,1007.3,1023.1,2353,1014.2,26,1017.9,10.6,6.1,1200.0,2.19,12.34,,,,,,4.0,2.0,16.7,9.9,,,,,,,,,,2.4,3.5,,,,2024,11,44,307,0,0,1,0
239,세종,2024-11-03,16.1,11.2,704.0,23.3,1341.0,,,,,,,5.2,320,1650,2.7,290,1653,0.9,742.0,290.0,12.0,48.0,1319.0,79.3,14.0,1011.5,1024.4,825,1020.0,1440,1022.1,10.6,7.6,1200.0,2.21,12.73,,,,,,0.6,0.6,15.5,6.4,,,,,,,,,,2.1,3.0,,,,2024,11,44,308,0,0,1,0
239,세종,2024-11-04,14.1,9.0,2348.0,20.6,1328.0,,,,,,0.5,8.4,340,1343,5.5,320,1432,1.9,1633.0,290.0,8.6,27.0,1507.0,73.1,11.7,1010.4,1023.8,2347,1018.9,1329,1021.1,10.6,5.2,1100.0,1.98,10.47,,,,,,5.1,2.1,14.1,5.7,,,,,,,,,,2.2,3.2,,,,2024,11,45,309,0,0,1,0
239,세종,2024-11-05,9.5,5.9,645.0,15.7,1428.0,,,,,,,7.2,290,1646,4.5,340,1628,1.6,1406.0,290.0,1.5,40.0,2226.0,59.8,7.0,1011.7,1024.6,2343,1019.7,1425,1022.7,10.5,7.3,1200.0,2.23,13.4,,,,,,3.0,1.5,11.0,0.9,,,,,,,,,,2.6,3.7,,,,2024,11,45,310,0,0,0,0
239,세종,2024-11-06,7.2,2.4,700.0,13.9,1429.0,,,,,,,6.3,320,1107,3.9,290,1132,1.3,1140.0,290.0,-1.0,25.0,1420.0,59.0,5.7,1015.8,1029.6,2338,1024.6,1,1026.8,10.5,8.7,1200.0,2.27,14.24,,,,,,0.0,0.0,8.1,-1.7,,,,,,,,,,2.5,3.6,,,,2024,11,45,311,0,0,0,0
239,세종,2024-11-07,7.5,0.5,655.0,16.6,1516.0,,,,,,,3.1,340,1525,2.2,320,1532,0.6,525.0,20.0,1.5,30.0,1435.0,69.6,6.8,1019.0,1032.1,837,1028.1,1459,1030.1,10.5,8.7,1200.0,2.28,14.1,,,,,,0.0,0.0,8.0,-3.0,,,,,,,,,,2.2,3.1,,,,2024,11,45,312,0,0,0,0
239,세종,2024-11-08,10.1,3.1,712.0,18.1,1459.0,,,,,,,2.9,70,1154,1.9,90,1053,0.5,470.0,90.0,5.4,48.0,1411.0,74.9,9.1,1017.2,1030.6,1,1025.7,1538,1028.2,10.4,7.5,1200.0,2.1,11.93,,,,,,2.4,1.1,10.0,-0.6,,,,,,,,,,1.8,2.5,,,,2024,11,45,313,0,0,1,0
239,세종,2024-11-09,12.4,6.8,714.0,19.1,1426.0,,,,,,,3.6,320,1247,2.1,290,1338,0.6,485.0,340.0,8.1,50.0,1420.0,77.5,10.8,1015.7,1028.6,801,1024.8,1620,1026.5,10.4,7.4,1200.0,2.11,11.96,,,,,,3.9,1.8,12.0,3.2,,,,,,,,,,1.8,2.6,,,,2024,11,45,314,0,0,1,0
239,세종,2024-11-10,13.4,9.5,455.0,20.6,1445.0,,,,,,,3.3,20,1716,2.4,70,1429,0.7,576.0,90.0,8.9,49.0,1334.0,76.8,11.4,1011.7,1025.7,16,1019.5,1537,1022.5,10.4,5.4,1300.0,1.76,10.18,,,,,,5.1,2.4,13.3,5.2,,,,,,,,,,1.8,2.6,,,,2024,11,45,315,0,0,1,0
239,세종,2024-11-11,13.2,7.3,711.0,21.8,1529.0,,,,,,,3.1,290,1929,1.9,180,26,0.6,486.0,90.0,8.4,43.0,1528.0,75.6,11.0,1009.6,1022.8,834,1017.5,1606,1020.3,10.3,8.5,1200.0,2.03,12.24,,,,,,1.6,1.0,12.2,3.2,,,,,,,,,,2.1,3.0,,,,2024,11,46,316,0,0,1,0
239,세종,2024-11-12,13.2,9.1,2348.0,20.5,1418.0,,,,,,,5.5,290,1540,3.2,320,1540,1.1,986.0,320.0,7.2,27.0,1319.0,71.6,10.3,1009.3,1021.9,2318,1018.0,1417,1020.0,10.3,8.0,1200.0,2.09,12.52,,,,,,2.4,1.9,12.9,4.6,,,,,,,,,,2.5,3.6,,,,2024,11,46,317,0,0,1,0
239,세종,2024-11-13,12.9,6.8,500.0,21.2,1418.0,,,,,,,4.6,90,1300,2.8,110,1251,0.7,624.0,90.0,8.0,40.0,1542.0,75.8,10.7,1011.7,1024.3,925,1020.7,1436,1022.5,10.3,6.8,1200.0,2.04,11.48,,,,,,2.9,1.9,12.5,1.9,,,,,,,,,,2.1,3.0,,,,2024,11,46,318,0,0,1,0
239,세종,2024-11-14,14.0,10.5,615.0,19.9,1310.0,,,,,,0.3,3.2,140,1237,2.1,110,1243,0.6,496.0,90.0,10.0,48.0,1317.0,78.8,12.4,1010.0,1023.2,847,1018.1,1730,1020.7,10.2,1.6,1200.0,1.57,6.64,,,,,,7.8,4.9,13.9,5.7,,,,,,,,,,1.1,1.6,,,,2024,11,46,319,0,0,1,0
239,세종,2024-11-15,14.8,12.3,2357.0,20.1,1449.0,,,,,,3.9,6.5,110,1504,3.8,110,1512,1.3,1099.0,90.0,10.7,48.0,1513.0,78.8,12.9,1008.3,1020.4,800,1016.7,1436,1018.9,10.2,4.8,1300.0,1.69,9.33,,,,,,6.0,1.6,14.4,8.3,,,,,,,,,,1.9,2.7,,,,2024,11,46,320,0,0,1,1
239,세종,2024-11-16,16.7,11.4,703.0,23.3,1408.0,,,,,,0.7,5.2,250,1457,2.8,320,2141,0.9,756.0,180.0,11.6,39.0,1342.0,74.5,13.7,1005.9,1020.0,242,1013.2,1536,1016.5,10.2,7.6,1200.0,1.98,11.41,,,,,,6.3,4.0,15.1,7.3,,,,,,,,,,2.2,3.1,,,,2024,11,46,321,0,0,1,0
239,세종,2024-11-17,8.8,3.6,2359.0,14.8,148.0,,,,,,0.0,8.8,20,1625,4.7,290,1639,2.5,2199.0,290.0,-0.4,36.0,1456.0,53.8,6.5,1012.7,1030.4,2400,1016.0,5,1023.7,10.2,0.0,1300.0,0.77,4.23,,,,,,6.3,3.6,10.3,0.7,,,,,,,,,,1.9,2.7,,,,2024,11,46,322,0,0,0,0
239,세종,2024-11-18,2.9,-0.7,2354.0,8.0,1443.0,,,,,,,8.8,340,214,4.4,290,105,2.2,1915.0,320.0,-12.2,20.0,1426.0,34.0,2.5,1021.2,1034.3,948,1030.4,1,1032.5,10.1,8.1,1200.0,2.2,13.14,,,,,,0.4,0.1,3.2,-4.7,,,,,,,,,,2.2,3.2,,,,2024,11,47,323,0,0,0,0
239,세종,2024-11-19,5.0,-2.2,537.0,13.5,1415.0,,,,,,,4.4,110,1249,2.4,290,1510,0.8,675.0,110.0,-2.0,39.0,1331.0,62.5,5.3,1018.8,1034.0,233,1027.1,1446,1029.9,10.1,6.3,1300.0,1.82,10.41,,,,,,3.5,2.8,5.2,-6.3,,,,,,,,,,1.4,2.0,,,,2024,11,47,324,0,0,0,0
239,세종,2024-11-20,6.3,0.3,607.0,11.5,1405.0,,,,,,0.0,2.9,340,911,2.0,270,917,0.6,492.0,180.0,1.0,45.0,1224.0,71.5,6.7,1013.9,1027.7,5,1022.9,1642,1025.0,10.1,3.9,1100.0,1.33,7.76,,,,,,6.3,3.3,7.0,-4.3,,,,,,,,,,1.1,1.6,,,,2024,11,47,325,0,0,0,0
239,세종,2024-11-21,9.1,3.4,743.0,13.4,1440.0,,,,,,0.0,5.8,340,1426,2.6,290,1829,0.9,801.0,290.0,5.2,59.0,1719.0,78.1,8.9,1010.0,1022.9,1,1019.0,1551,1020.9,10.1,2.9,1000.0,1.28,6.06,,,,,,4.5,1.6,8.7,-0.3,,,,,,,,,,1.1,1.6,,,,2024,11,47,326,0,0,0,0
239,세종,2024-11-22,7.4,1.9,2355.0,12.6,1342.0,,,,,,,7.1,340,1127,4.0,320,1656,1.7,1503.0,290.0,-1.6,36.0,1343.0,54.1,5.5,1012.5,1026.4,2354,1020.2,20,1023.5,10.0,8.0,1200.0,2.05,12.05,,,,,,0.0,0.0,6.5,-3.0,,,,,,,,,,1.9,2.7,,,,2024,11,47,327,0,0,0,0
239,세종,2024-11-23,4.9,-0.5,716.0,12.5,1522.0,,,,,,,3.4,320,1319,2.0,340,1146,0.7,577.0,320.0,-1.7,35.0,1531.0,64.9,5.4,1016.6,1029.2,1022,1025.8,1433,1027.8,10.0,7.5,1300.0,1.86,10.9,,,,,,2.5,1.1,5.0,-4.9,,,,,,,,,,1.5,2.1,,,,2024,11,47,328,0,0,0,0
239,세종,2024-11-24,6.4,0.3,714.0,14.6,1449.0,,,,,,,3.9,70,1324,2.4,340,1330,0.5,462.0,90.0,0.5,40.0,1513.0,68.8,6.4,1018.5,1031.4,856,1027.2,1517,1029.7,10.0,8.0,1200.0,2.0,11.53,,,,,,1.5,0.5,5.3,-4.4,,,,,,,,,,1.5,2.2,,,,2024,11,47,329,0,0,0,0
239,세종,2024-11-25,9.6,1.5,611.0,16.5,1349.0,,,,,,0.1,8.8,180,1856,4.7,90,2156,1.6,1412.0,90.0,3.3,45.0,1332.0,67.5,7.8,1012.9,1030.3,124,1014.4,2400,1023.8,10.0,7.1,1100.0,1.82,10.27,,,,,,4.8,2.5,7.6,-3.4,,,,,,,,,,1.9,2.7,,,,2024,11,48,330,0,0,0,0
239,세종,2024-11-26,7.5,3.7,2317.0,11.3,1.0,,,,,,24.6,12.5,320,1154,5.4,290,1434,2.2,1917.0,270.0,3.2,37.0,1354.0,76.3,8.0,1002.4,1015.9,1852,1009.3,501,1013.3,9.9,2.7,1100.0,1.78,7.15,,,,,,9.4,3.9,8.6,2.2,,,,,,,,,,1.2,1.8,,,,2024,11,48,331,0,0,0,1
239,세종,2024-11-27,1.9,0.1,2051.0,5.7,1214.0,,,,,,6.0,13.2,320,729,5.9,290,838,2.1,1855.0,320.0,-0.9,45.0,1008.0,82.4,5.7,1001.7,1015.0,102,1009.7,1441,1012.8,9.9,0.7,1200.0,0.87,3.66,,,,,,8.3,2.6,3.5,-1.0,,,,,,,,,,0.6,0.8,,,,2024,11,48,332,0,0,0,1
239,세종,2024-11-28,2.9,0.5,123.0,8.6,1104.0,,,,,,3.8,11.1,320,1117,6.5,320,1120,1.6,1405.0,160.0,0.9,48.0,1111.0,87.0,6.5,1001.2,1014.6,2,1010.3,1143,1012.2,9.9,2.2,1000.0,1.29,5.13,,,,,,8.6,4.5,4.6,0.0,,,,,,,,,,0.7,1.1,,,,2024,11,48,333,0,0,0,1
239,세종,2024-11-29,2.1,-0.7,729.0,5.3,1259.0,,,,,,0.6,5.7,340,143,2.9,290,104,1.3,1154.0,340.0,-1.2,54.0,1037.0,79.6,5.7,1002.8,1015.9,2335,1011.3,1528,1014.0,9.9,4.0,1000.0,1.54,7.15,,,,,,7.1,3.3,4.5,-2.9,,,,,,,,,,0.7,1.1,,,,2024,11,48,334,0,0,0,0
239,세종,2024-11-30,4.3,-0.8,756.0,8.8,1445.0,,,,,,,5.7,290,1254,2.8,290,2315,1.2,997.0,340.0,1.6,58.0,1233.0,83.6,6.9,1005.3,1018.4,842,1014.9,1704,1016.4,9.8,2.7,1000.0,1.4,6.06,,,,,,3.3,1.5,3.9,-4.7,,,,,,,,,,0.7,1.0,,,,2024,11,48,335,0,0,0,0
239,세종,2024-12-01,6.8,1.9,759.0,11.7,1447.0,,,,,,,3.5,180,1420,2.6,320,3,0.5,457.0,340.0,4.7,69.0,1459.0,87.5,8.6,1005.4,1018.3,1000,1014.7,1727,1016.4,9.8,2.2,1200.0,1.16,6.09,,,,,,5.5,2.8,6.4,-2.0,,,,,,,,,,0.7,1.0,,,,2024,12,48,336,0,0,0,0
239,세종,2024-12-02,7.4,1.5,643.0,15.6,1426.0,,,,,,,8.5,270,1631,4.0,290,1620,1.3,1099.0,320.0,4.0,58.0,1427.0,81.1,8.2,1006.0,1020.9,2326,1014.1,1411,1017.0,9.8,4.8,1100.0,1.44,8.0,,,,,,2.8,1.3,6.3,-2.3,,,,,,,,,,1.2,1.8,,,,2024,12,49,337,0,0,0,0
239,세종,2024-12-03,1.5,-1.0,2133.0,6.1,1414.0,,,,,,,6.6,50,1441,4.4,340,1437,1.5,1317.0,290.0,-7.3,19.0,1350.0,55.8,3.7,1012.6,1025.8,1054,1020.8,1,1023.9,9.8,6.0,1100.0,1.98,10.37,,,,,,4.9,2.4,2.3,-5.5,,,,,,,,,,1.6,2.3,,,,2024,12,49,338,0,0,0,0
239,세종,2024-12-04,2.8,-0.5,17.0,7.7,1430.0,,,,,,,8.1,320,1443,4.7,340,1404,1.5,1289.0,320.0,-5.8,30.0,1327.0,55.1,4.0,1011.1,1024.8,11,1020.0,2344,1022.3,9.8,7.8,1200.0,1.92,10.92,,,,,,3.5,2.5,2.7,-3.7,,,,,,,,,,1.6,2.3,,,,2024,12,49,339,0,0,0,0
239,세종,2024-12-05,3.7,-1.4,515.0,9.3,1258.0,,,,,,1.5,8.5,290,1229,4.0,320,1237,1.5,1286.0,290.0,-0.7,38.0,1234.0,75.3,5.9,1006.8,1020.3,18,1016.1,1501,1017.9,9.8,5.2,1100.0,1.65,8.21,,,,,,6.9,2.8,3.4,-4.2,,,,,,,,,,1.1,1.6,,,,2024,12,49,340,0,0,0,1
239,세종,2024-12-06,3.5,0.3,737.0,8.2,1402.0,,,,,,0.0,8.5,290,1548,5.3,320,1437,1.6,1417.0,290.0,-2.1,33.0,1425.0,69.3,5.3,1010.3,1024.8,2224,1017.7,43,1021.4,9.8,5.8,1200.0,1.94,9.92,,,,,,3.9,2.0,3.8,-3.8,,,,,,,,,,1.5,2.1,,,,2024,12,49,341,0,0,0,0
239,세종,2024-12-07,0.9,-2.7,754.0,5.3,1213.0,,,,,,0.7,7.9,340,1420,4.4,290,1429,1.5,1282.0,290.0,-3.8,48.0,1234.0,72.3,4.6,1013.3,1026.0,300,1023.0,1432,1024.6,9.7,2.4,1100.0,1.51,6.18,,,,,,3.9,3.1,1.5,-6.9,,,,,,,,,,0.9,1.2,,,,2024,12,49,342,0,0,0,0
239,세종,2024-12-08,0.0,-3.2,725.0,4.1,1303.0,,,,,,,8.2,320,1413,5.2,270,1426,1.4,1216.0,290.0,-6.0,26.0,1414.0,66.4,3.9,1015.7,1028.8,1001,1024.8,23,1027.1,9.7,6.9,1100.0,2.1,11.59,,,,,,2.8,2.0,1.4,-7.0,,,,,,,,,,1.5,2.2,,,,2024,12,49,343,0,0,0,0
239,세종,2024-12-09,1.6,-4.6,659.0,6.5,1254.0,,,,,,,3.1,340,1539,2.1,70,1142,0.8,708.0,320.0,-3.7,47.0,1239.0,69.3,4.7,1014.1,1027.7,808,1023.3,1929,1025.4,9.7,4.9,1100.0,1.81,8.63,,,,,,4.9,3.5,1.4,-8.2,,,,,,,,,,0.9,1.4,,,,2024,12,50,344,0,0,0,0
239,세종,2024-12-10,3.7,0.4,748.0,8.1,1352.0,,,,,,,8.5,340,1400,4.7,20,1424,1.2,1075.0,290.0,-2.9,38.0,1144.0,63.8,5.0,1013.1,1026.1,855,1022.5,1745,1024.3,9.7,7.5,1200.0,1.86,10.54,,,,,,5.3,4.4,2.5,-5.1,,,,,,,,,,1.4,2.0,,,,2024,12,50,345,0,0,0,0
239,세종,2024-12-11,2.2,-1.4,739.0,8.8,1508.0,,,,,,,4.8,290,1747,2.8,290,1853,0.8,674.0,270.0,-3.6,39.0,1516.0,68.3,4.7,1011.8,1025.1,2333,1020.3,1500,1023.0,9.7,4.7,1300.0,1.33,7.43,,,,,,4.8,2.3,1.9,-6.8,,,,,,,,,,1.0,1.4,,,,2024,12,50,346,0,0,0,0
239,세종,2024-12-12,0.6,-4.4,714.0,6.4,1347.0,,,,,,,5.3,290,1526,3.3,340,1527,1.0,891.0,320.0,-8.2,21.0,1507.0,57.0,3.4,1013.8,1027.3,930,1023.5,1356,1025.1,9.7,5.9,1200.0,1.89,10.68,,,,,,4.8,2.5,0.6,-9.3,,,,,,,,,,1.4,1.9,,,,2024,12,50,347,0,0,0,0
239,세종,2024-12-13,0.2,-1.6,800.0,2.9,1209.0,,,,,,0.1,6.0,320,1249,3.8,320,1251,1.2,999.0,340.0,-5.7,40.0,1202.0,65.1,4.0,1011.7,1025.8,223,1020.6,1439,1023.0,9.7,0.0,1100.0,0.65,3.79,,,,,,6.9,5.6,1.0,-5.8,,,,,,,,,,0.6,0.9,,,,2024,12,50,348,0,0,0,0
239,세종,2024-12-14,0.1,-3.7,741.0,4.6,1354.0,,,,,,0.0,9.3,320,1541,4.6,320,1225,1.5,1311.0,290.0,-5.9,41.0,1352.0,65.4,4.0,1014.3,1028.2,949,1024.0,1619,1025.6,9.7,6.7,1200.0,2.05,10.65,,,,,,3.4,2.5,0.0,-8.2,,,,,,,,,,1.1,1.6,,,,2024,12,50,349,0,0,0,0
239,세종,2024-12-15,1.7,-1.4,1.0,4.9,1517.0,,,,,,1.1,5.5,340,2058,3.5,270,2246,1.2,1077.0,320.0,-1.3,48.0,2310.0,81.8,5.7,1010.8,1024.2,3,1020.3,1350,1022.1,9.7,1.0,1500.0,0.81,3.29,,,,,,7.5,3.6,1.9,-3.8,,,,,,,,,,0.6,0.9,,,,2024,12,50,350,0,0,0,1
239,세종,2024-12-16,1.7,-2.7,746.0,6.1,1231.0,,,,,,0.3,6.0,340,2324,3.5,290,1353,1.2,1016.0,320.0,-3.7,42.0,1233.0,68.8,4.8,1011.6,1024.4,802,1020.9,1502,1022.9,9.7,5.2,1200.0,1.76,8.62,,,,,,6.3,3.0,1.7,-6.9,,,,,,,,,,1.1,1.5,,,,2024,12,51,351,0,0,0,0
239,세종,2024-12-17,1.1,-2.5,754.0,6.3,1328.0,,,,,,,7.1,360,6,4.0,320,17,1.5,1292.0,290.0,-5.9,36.0,1112.0,61.1,4.0,1014.4,1027.2,1006,1024.0,1403,1025.7,9.7,6.3,1300.0,1.85,9.64,,,,,,4.1,3.1,1.7,-6.8,,,,,,,,,,1.5,2.1,,,,2024,12,51,352,0,0,0,0
239,세종,2024-12-18,-2.2,-4.9,2358.0,1.3,1357.0,,,,,,,6.4,360,1218,4.4,20,1501,2.2,1890.0,320.0,-10.5,40.0,1251.0,53.4,2.8,1015.8,1030.0,2324,1024.5,1406,1027.2,9.6,7.0,1200.0,1.92,10.0,,,,,,1.3,1.1,-1.3,-8.8,,,,,,,,,,1.1,1.6,,,,2024,12,51,353,0,0,0,0
239,세종,2024-12-19,-2.5,-8.7,619.0,4.1,1439.0,,,,,,,3.5,90,1458,2.3,320,12,0.8,670.0,70.0,-10.0,34.0,1408.0,59.0,2.9,1018.4,1033.0,903,1027.6,2356,1030.0,9.7,7.6,1200.0,1.87,10.74,,,,,,3.6,2.6,-2.2,-11.5,,,,,,,,,,1.1,1.6,,,,2024,12,51,354,0,0,0,0
239,세종,2024-12-20,-0.5,-4.0,610.0,2.5,1456.0,,,,,,0.2,3.0,340,2400,2.0,340,1309,0.7,633.0,340.0,-4.9,55.0,1303.0,72.6,4.3,1011.8,1027.9,18,1019.1,2331,1023.2,9.6,0.7,1000.0,1.01,3.96,,,,,,9.1,5.3,-0.5,-6.8,,,,,,,,,,0.5,0.7,,,,2024,12,51,355,0,0,0,0
239,세종,2024-12-21,0.0,-2.9,2358.0,3.4,1145.0,,,,,,1.7,10.6,320,1117,4.1,290,1118,1.8,1574.0,290.0,-3.1,60.0,1855.0,80.4,5.0,1009.0,1024.9,2355,1017.2,514,1020.3,9.7,1.8,1100.0,1.29,4.32,,,,,,5.9,2.9,0.2,-6.1,,,,,,,,,,0.7,1.0,,,,2024,12,51,356,0,0,0,1
239,세종,2024-12-22,-2.8,-6.4,727.0,1.6,1503.0,,,,,,,9.5,320,1150,6.4,340,1156,1.8,1575.0,320.0,-9.7,37.0,1219.0,60.1,3.0,1016.7,1030.3,1007,1024.5,58,1028.2,9.6,7.6,1200.0,1.95,10.93,,,,,,0.4,0.4,-2.4,-9.8,,,,,,,,,,1.3,1.8,,,,2024,12,51,357,0,0,0,0
239,세종,2024-12-23,-1.2,-7.1,413.0,4.5,1544.0,,,,,,0.0,3.3,340,1426,2.4,320,1805,0.9,742.0,320.0,-4.4,58.0,1207.0,79.4,4.4,1016.0,1029.8,310,1025.3,1541,1027.5,9.7,4.5,1000.0,1.73,8.81,,,,,,1.4,1.3,-1.1,-10.2,,,,,,,,,,0.8,1.1,,,,2024,12,52,358,0,0,0,0
239,세종,2024-12-24,0.2,-4.0,747.0,5.8,1422.0,,,,,,,6.2,290,1237,3.9,290,1243,0.9,820.0,320.0,-5.2,41.0,1424.0,69.4,4.2,1017.3,1029.8,933,1027.3,1,1028.7,9.6,7.5,1200.0,1.87,11.19,,,,,,2.3,1.9,-1.2,-10.1,,,,,,,,,,1.2,1.7,,,,2024,12,52,359,0,0,0,0
239,세종,2024-12-25,2.3,-2.7,422.0,6.8,1437.0,,,,,,,5.9,180,2320,3.2,270,1317,0.9,772.0,160.0,-2.7,55.0,1710.0,70.4,5.1,1014.8,1029.5,113,1023.3,2338,1026.0,9.7,1.8,1100.0,1.54,6.16,,,,,,8.5,5.8,0.2,-6.0,,,,,,,,,,0.8,1.2,,,,2024,12,52,360,0,0,0,0
239,세종,2024-12-26,1.7,-1.7,2139.0,5.1,1314.0,,,,,,0.4,8.8,270,1257,4.9,270,1147,2.2,1908.0,290.0,-4.5,43.0,1226.0,65.1,4.5,1014.0,1028.1,2243,1023.2,28,1025.3,9.7,5.7,1300.0,1.76,8.87,,,,,,3.5,1.9,0.8,-5.1,,,,,,,,,,1.3,1.9,,,,2024,12,52,361,0,0,0,0
239,세종,2024-12-27,-1.5,-5.2,746.0,1.9,1532.0,,,,,,0.0,7.9,20,1321,5.7,340,1345,1.5,1291.0,290.0,-7.4,42.0,1139.0,65.0,3.6,1015.2,1029.8,812,1024.1,1843,1026.7,9.7,5.5,1100.0,1.52,8.24,,,,,,4.9,3.3,-1.1,-8.7,,,,,,,,,,0.9,1.3,,,,2024,12,52,362,0,0,0,0
239,세종,2024-12-28,-1.8,-5.8,730.0,1.0,1313.0,,,,,,0.0,9.0,320,1350,4.9,290,1351,1.8,1566.0,320.0,-8.1,47.0,1209.0,62.6,3.4,1013.8,1027.0,1012,1023.8,34,1025.2,9.7,5.9,1300.0,1.76,9.53,,,,,,4.4,2.9,-1.0,-9.2,,,,,,,,,,1.0,1.4,,,,2024,12,52,363,0,0,0,0
239,세종,2024-12-29,1.5,-2.1,449.0,6.2,1415.0,,,,,,,4.9,320,1603,2.4,250,1354,0.9,797.0,90.0,-3.0,55.0,1927.0,72.1,4.9,1014.4,1027.9,922,1023.4,2343,1025.7,9.7,4.5,1100.0,1.7,8.14,,,,,,3.8,3.3,1.1,-5.1,,,,,,,,,,0.9,1.3,,,,2024,12,52,364,0,0,0,0
239,세종,2024-12-30,5.8,0.5,120.0,10.0,1330.0,,,,,,0.0,7.4,230,1322,3.5,200,1541,1.6,1376.0,160.0,0.4,46.0,1531.0,69.0,6.3,1008.6,1023.7,3,1017.1,2259,1019.6,9.7,1.3,1300.0,1.05,5.04,,,,,,7.6,3.0,2.5,-4.0,,,,,,,,,,1.2,1.7,,,,2024,12,1,365,0,0,0,0
239,세종,2024-12-31,1.6,-2.7,2356.0,5.9,16.0,,,,,,0.0,8.4,340,1029,4.8,340,1050,2.3,1986.0,290.0,-9.8,25.0,1611.0,43.8,3.0,1010.4,1024.2,2328,1017.0,10,1021.7,9.7,7.6,1200.0,1.95,11.12,,,,,,0.0,0.0,0.3,-8.4,,,,,,,,,,1.6,2.2,,,,2024,12,1,366,0,0,0,0
239,세종,2025-01-01,1.4,-4.9,457.0,9.2,1510.0,,,,,,,5.8,290,1334,2.7,270,1358,0.9,798.0,50.0,-4.7,41.0,1558.0,65.3,4.4,1012.0,1024.7,1006,1021.2,1509,1023.3,9.7,7.1,1200.0,1.8,9.83,,,,,,1.3,0.5,-0.3,-8.9,,,,,,,,,,1.2,1.8,,,,2025,1,1,1,0,0,0,0
239,세종,2025-01-02,1.0,-3.6,705.0,7.3,1446.0,,,,,,,6.2,320,1703,3.9,320,1707,1.2,1033.0,290.0,-8.4,19.0,1258.0,56.9,3.5,1013.8,1026.6,1002,1023.3,1401,1025.2,9.7,7.6,1200.0,1.82,11.07,,,,,,0.8,0.4,-1.0,-9.8,,,,,,,,,,1.8,2.5,,,,2025,1,1,2,0,0,0,0
239,세종,2025-01-03,-0.4,-4.4,749.0,4.2,1323.0,,,,,,,7.4,320,1431,4.2,290,1439,1.6,1370.0,320.0,-8.6,25.0,1213.0,57.3,3.3,1015.5,1028.6,921,1025.6,1359,1026.9,9.7,6.0,1200.0,1.95,10.01,,,,,,4.0,2.3,-1.4,-10.2,,,,,,,,,,1.2,1.7,,,,2025,1,1,3,0,0,0,0
239,세종,2025-01-04,0.0,-4.6,745.0,5.7,1517.0,,,,,,,4.4,320,244,2.8,290,246,0.9,755.0,90.0,-6.9,31.0,1342.0,62.6,3.7,1015.9,1028.9,931,1025.8,2352,1027.3,9.7,6.7,1200.0,1.92,10.86,,,,,,1.4,0.4,-1.0,-10.2,,,,,,,,,,1.2,1.7,,,,2025,1,1,4,0,0,0,0
239,세종,2025-01-05,0.7,-3.3,206.0,3.8,1407.0,,,,,,0.4,4.5,320,1522,3.2,340,1524,0.7,588.0,340.0,-1.3,70.0,740.0,86.9,5.7,1009.5,1025.8,1,1017.6,2354,1020.8,9.7,0.1,1300.0,0.75,2.15,,,,,,8.4,7.1,-0.4,-8.1,,,,,,,,,,0.3,0.4,,,,2025,1,1,5,0,0,0,0
239,세종,2025-01-06,1.4,-1.6,2348.0,5.0,1217.0,,,,,,0.7,10.0,320,1415,4.8,290,1226,2.0,1721.0,320.0,-3.0,50.0,1525.0,74.6,5.1,1006.2,1021.0,2217,1015.2,438,1017.4,9.8,1.6,1200.0,0.93,5.3,,,,,,5.5,3.5,0.9,-5.0,,,,,,,,,,0.9,1.3,,,,2025,1,2,6,0,0,0,0
239,세종,2025-01-07,-1.8,-4.6,732.0,1.6,1239.0,,,,,,0.2,7.1,320,1305,3.5,290,1304,1.5,1256.0,320.0,-6.9,47.0,1037.0,68.9,3.7,1008.4,1020.8,746,1017.4,1349,1019.8,9.8,5.5,1200.0,1.51,8.04,,,,,,3.6,1.9,-1.5,-9.7,,,,,,,,,,0.8,1.2,,,,2025,1,2,7,0,0,0,0
239,세종,2025-01-08,-3.0,-5.0,2357.0,-0.1,1339.0,,,,,,0.7,8.7,270,2135,4.3,290,2319,1.7,1449.0,320.0,-4.7,68.0,2138.0,88.5,4.3,1009.8,1023.7,2351,1019.1,1419,1021.3,9.8,0.7,1100.0,0.55,3.68,,,,,,6.6,3.3,-0.8,-9.9,,,,,,,,,,0.5,0.8,,,,2025,1,2,8,0,0,0,0
239,세종,2025-01-09,-8.7,-12.2,2256.0,-5.0,1.0,,,,,,0.1,11.9,340,147,6.3,320,152,3.0,2635.0,320.0,-16.9,38.0,451.0,51.9,1.7,1015.4,1032.1,2359,1023.6,6,1027.2,9.8,5.3,1100.0,1.48,8.92,,,,,,4.8,0.9,-1.8,-15.5,,,,,,,,,,0.7,1.0,,,,2025,1,2,9,0,0,0,0
239,세종,2025-01-10,-7.7,-14.2,344.0,-0.9,1547.0,,,,,,,5.8,320,1603,3.8,290,1607,1.1,914.0,200.0,-13.5,42.0,1131.0,64.0,2.2,1021.1,1034.9,1001,1031.2,1505,1032.9,9.8,7.7,1200.0,2.0,11.61,,,,,,4.3,1.8,-3.1,-16.2,,,,,,,,,,0.8,1.2,,,,2025,1,2,10,0,0,0,0
239,세종,2025-01-11,-3.4,-6.7,507.0,-0.5,1303.0,,,,,,0.0,4.0,340,1338,2.8,20,1149,1.0,849.0,90.0,-8.0,54.0,1326.0,71.4,3.4,1018.0,1032.6,21,1027.2,2358,1029.6,9.9,4.0,1100.0,1.63,8.0,,,,,,7.8,4.6,-1.4,-8.9,,,,,,,,,,0.7,1.0,,,,2025,1,2,11,0,0,0,0
239,세종,2025-01-12,-2.8,-8.4,806.0,3.4,1438.0,,,,,,,5.3,50,1625,3.2,320,1632,0.9,795.0,340.0,-7.0,48.0,1515.0,74.4,3.6,1013.9,1027.2,1,1022.5,1445,1025.4,9.9,6.6,1200.0,2.03,10.61,,,,,,2.1,1.1,-2.1,-12.1,,,,,,,,,,0.9,1.3,,,,2025,1,2,12,0,0,0,0
239,세종,2025-01-13,0.0,-6.5,754.0,5.2,1432.0,,,,,,,8.3,180,1519,3.4,160,1518,1.2,1035.0,200.0,-4.6,51.0,1320.0,73.1,4.4,1015.0,1028.9,1019,1024.7,1516,1026.4,9.9,6.2,1200.0,1.8,9.64,,,,,,3.9,1.5,-1.6,-11.7,,,,,,,,,,1.1,1.6,,,,2025,1,3,13,0,0,0,0
239,세종,2025-01-14,3.5,0.4,630.0,9.2,1343.0,,,,,,0.0,9.4,320,1407,5.3,320,1745,2.1,1818.0,320.0,-4.0,33.0,1754.0,59.9,4.6,1013.8,1027.2,2317,1022.7,1343,1025.0,9.9,5.7,1100.0,1.59,8.87,,,,,,6.0,2.4,0.6,-3.5,,,,,,,,,,1.6,2.2,,,,2025,1,3,14,0,0,0,0
239,세종,2025-01-15,-2.5,-4.8,2346.0,1.5,1.0,,,,,,,8.8,250,1125,4.8,360,1132,2.5,2160.0,320.0,-12.3,33.0,1431.0,47.8,2.4,1017.9,1030.8,951,1027.1,1,1029.4,9.9,7.4,1300.0,1.86,10.75,,,,,,2.0,1.1,-1.5,-9.6,,,,,,,,,,1.2,1.7,,,,2025,1,3,15,0,0,0,0
239,세종,2025-01-16,0.3,-5.3,124.0,5.6,1505.0,,,,,,,7.0,290,1459,3.5,320,1551,1.3,1166.0,320.0,-6.4,40.0,1537.0,61.5,3.8,1014.3,1030.3,1,1023.1,1457,1025.7,10.0,3.6,1100.0,1.69,8.17,,,,,,7.4,4.9,-0.3,-9.9,,,,,,,,,,1.1,1.6,,,,2025,1,3,16,0,0,0,0
239,세종,2025-01-17,0.5,-3.8,808.0,6.8,1549.0,,,,,,,4.8,340,1401,2.9,320,1356,1.2,1060.0,320.0,-6.6,30.0,1427.0,61.0,3.7,1015.7,1028.5,956,1025.3,1516,1027.1,10.0,8.0,1200.0,1.88,11.14,,,,,,0.0,0.0,-0.6,-9.4,,,,,,,,,,1.2,1.7,,,,2025,1,3,17,0,0,0,0
239,세종,2025-01-18,0.3,-6.2,756.0,7.1,1504.0,,,,,,,2.9,110,1249,2.1,140,1250,0.6,500.0,110.0,-8.6,21.0,1344.0,55.8,3.2,1013.4,1028.0,2,1021.6,2343,1024.7,10.0,7.0,1100.0,1.93,11.3,,,,,,2.6,0.3,-1.0,-11.4,,,,,,,,,,1.3,1.8,,,,2025,1,3,18,0,0,0,0
239,세종,2025-01-19,0.9,-5.3,614.0,8.2,1430.0,,,,,,,3.9,230,1524,2.4,230,1529,0.7,628.0,70.0,-4.5,43.0,1356.0,68.5,4.5,1007.1,1021.9,15,1015.4,1439,1018.3,10.0,3.5,1300.0,1.77,8.05,,,,,,3.3,0.9,-0.7,-9.9,,,,,,,,,,0.9,1.3,,,,2025,1,3,19,0,0,0,0
239,세종,2025-01-20,2.2,-1.3,420.0,7.4,1344.0,,,,,,,5.8,290,1229,3.0,290,1238,0.8,651.0,320.0,-1.8,50.0,1412.0,76.5,5.4,1006.0,1020.4,2357,1015.0,1455,1017.2,10.1,2.1,1300.0,1.48,6.19,,,,,,5.1,3.8,0.0,-6.7,,,,,,,,,,0.8,1.1,,,,2025,1,4,20,0,0,0,0
239,세종,2025-01-21,1.5,-3.5,707.0,8.4,1546.0,,,,,,,4.4,340,1409,2.8,340,1417,0.7,567.0,290.0,-2.4,45.0,1620.0,77.5,5.2,1011.6,1024.6,2244,1020.3,8,1022.9,10.1,7.6,1200.0,1.78,10.25,,,,,,0.0,0.0,0.3,-8.6,,,,,,,,,,1.0,1.4,,,,2025,1,4,21,0,0,0,0
239,세종,2025-01-22,2.5,-2.2,734.0,8.7,1414.0,,,,,,,5.4,200,1431,2.5,250,1509,0.8,734.0,160.0,-1.5,55.0,1437.0,76.3,5.5,1013.7,1026.4,1001,1023.4,1536,1025.0,10.1,3.0,1100.0,1.55,7.48,,,,,,4.3,2.0,1.0,-7.3,,,,,,,,,,0.9,1.2,,,,2025,1,4,22,0,0,0,0
239,세종,2025-01-23,1.8,-3.1,712.0,9.8,1613.0,,,,,,,4.3,320,1823,2.5,320,1823,0.7,616.0,90.0,-6.3,22.0,1238.0,59.6,3.9,1014.2,1027.3,906,1023.2,1654,1025.5,10.1,7.7,1200.0,2.06,12.21,,,,,,0.0,0.0,0.6,-8.5,,,,,,,,,,1.6,2.2,,,,2025,1,4,23,0,0,0,0
239,세종,2025-01-24,1.4,-4.9,745.0,9.1,1531.0,,,,,,,4.2,50,1412,2.5,90,1434,0.8,660.0,340.0,-8.3,20.0,1412.0,52.0,3.3,1015.2,1027.9,1030,1024.1,1505,1026.5,10.2,8.1,1200.0,2.1,12.06,,,,,,0.0,0.0,-0.6,-10.4,,,,,,,,,,1.5,2.1,,,,2025,1,4,24,0,0,0,0
239,세종,2025-01-25,3.9,-2.8,659.0,10.0,1330.0,,,,,,,6.0,90,1313,3.2,90,1311,1.2,998.0,90.0,-4.3,40.0,1601.0,56.4,4.5,1017.3,1030.8,957,1026.1,1541,1028.5,10.2,5.8,1200.0,2.12,10.1,,,,,,2.8,1.1,0.4,-8.2,,,,,,,,,,1.6,2.3,,,,2025,1,4,25,0,0,0,0
239,세종,2025-01-26,4.5,1.2,559.0,7.8,1111.0,,,,,,0.0,6.9,180,1152,4.2,180,1201,1.3,1151.0,90.0,-4.6,39.0,1113.0,52.6,4.4,1014.0,1030.7,153,1019.8,2400,1025.2,10.2,2.2,1100.0,1.55,7.35,,,,,,8.3,2.4,2.2,-5.7,,,,,,,,,,1.1,1.6,,,,2025,1,4,26,0,0,0,0
239,세종,2025-01-27,-0.4,-3.1,2357.0,3.7,1.0,,,,,,9.1,8.9,290,2109,3.6,320,833,1.6,1362.0,270.0,-2.0,62.0,1552.0,89.4,5.3,1005.4,1019.9,1,1015.4,1514,1016.7,10.2,1.6,1300.0,1.04,4.34,,,,,,7.0,4.4,1.6,-4.1,,,,,,,,,,0.4,0.6,,,,2025,1,5,27,0,0,0,1
239,세종,2025-01-28,-2.0,-3.4,55.0,0.2,1147.0,,,,,,5.7,10.8,320,1204,4.3,320,1208,1.7,1502.0,290.0,-3.8,76.0,1152.0,87.6,4.6,1006.3,1021.7,2353,1015.2,546,1017.7,10.3,0.6,1100.0,0.31,1.53,,,,,,8.5,3.6,0.5,-0.9,,,,,,,,,,0.3,0.4,,,,2025,1,5,28,0,0,0,1
239,세종,2025-01-29,-3.9,-6.9,2358.0,0.1,1307.0,,,,,,2.1,8.0,320,1353,3.8,320,1207,1.6,1377.0,290.0,-6.3,66.0,1225.0,83.9,3.9,1014.2,1028.3,2223,1021.7,1,1025.7,10.3,4.6,1200.0,1.41,6.17,,,,,,4.8,2.1,0.5,-0.6,,,,,,,,,,0.6,0.8,,,,2025,1,5,29,0,0,0,1
239,세종,2025-01-30,-3.1,-8.4,324.0,2.2,1421.0,,,,,,0.0,3.5,50,1408,2.2,320,411,0.9,818.0,360.0,-7.2,41.0,1139.0,75.6,3.6,1017.3,1030.4,942,1027.5,1604,1028.8,10.3,6.7,1100.0,2.84,14.87,,,,,,4.8,2.9,0.4,-3.0,,,,,,,,,,1.3,1.9,,,,2025,1,5,30,0,0,0,0
239,세종,2025-01-31,0.8,-3.9,435.0,5.4,1540.0,,,,,,0.0,3.0,360,1853,2.1,340,1705,0.8,701.0,90.0,-3.1,59.0,1530.0,76.0,4.9,1015.1,1028.5,1,1023.9,1601,1026.4,10.4,1.4,1000.0,1.45,7.8,,,,,,9.5,5.9,0.3,-3.2,,,,,,,,,,0.9,1.3,,,,2025,1,5,31,0,0,0,0
239,세종,2025-02-01,2.6,0.5,2356.0,7.5,1628.0,,,,,,0.1,5.4,270,1817,3.5,320,1728,1.0,876.0,70.0,0.6,68.0,1621.0,87.4,6.4,1010.3,1025.5,1,1018.7,1502,1021.5,10.4,2.0,1400.0,1.42,6.1,,,,,,8.0,4.6,0.8,-5.1,,,,,,,,,,0.7,1.0,,,,2025,2,5,32,1,0,0,0
239,세종,2025-02-02,1.3,-2.0,524.0,7.7,1512.0,,,,,,,5.0,320,1923,3.7,320,1935,1.0,859.0,110.0,-2.0,50.0,1739.0,80.3,5.3,1008.0,1021.6,245,1016.8,1533,1019.3,10.4,4.8,1300.0,2.09,10.59,,,,,,5.8,4.4,1.7,-6.4,,,,,,,,,,1.2,1.7,,,,2025,2,5,33,1,0,0,0
239,세종,2025-02-03,-2.2,-6.1,2338.0,1.2,315.0,,,,,,0.0,13.2,340,1429,7.8,230,1344,3.2,2765.0,320.0,-10.3,30.0,1246.0,55.5,2.9,1009.3,1022.4,2143,1018.8,614,1020.7,10.5,8.3,1200.0,2.33,13.89,,,,,,3.3,1.5,-0.1,-8.5,,,,,,,,,,1.6,2.3,,,,2025,2,6,34,1,0,0,0
239,세종,2025-02-04,-6.8,-8.4,2339.0,-3.4,1411.0,,,,,,0.0,10.9,290,1455,5.2,290,1448,2.6,2229.0,290.0,-12.7,38.0,1425.0,64.0,2.3,1008.6,1022.2,200,1018.5,1514,1020.2,10.5,6.8,1300.0,2.31,13.82,,,,,,5.4,2.0,-1.9,-10.5,,,,,,,,,,1.1,1.6,,,,2025,2,6,35,1,0,0,0
239,세종,2025-02-05,-6.8,-10.5,740.0,-3.3,1545.0,,,,,,0.0,8.1,340,1732,4.9,20,1450,2.1,1781.0,320.0,-13.9,34.0,1104.0,58.9,2.1,1008.2,1023.0,2357,1017.6,1524,1019.8,10.5,8.7,1100.0,2.15,13.73,,,,,,1.8,1.4,-2.4,-13.4,,,,,,,,,,1.2,1.6,,,,2025,2,6,36,1,0,0,0
239,세종,2025-02-06,-4.7,-11.3,733.0,0.3,1339.0,,,,,,1.0,7.3,160,1357,3.4,160,1446,1.4,1186.0,180.0,-10.8,31.0,1219.0,65.4,2.8,1010.5,1025.1,808,1019.8,1604,1022.1,10.6,7.6,1200.0,2.39,13.18,,,,,,4.6,1.8,-2.2,-13.9,,,,,,,,,,1.1,1.6,,,,2025,2,6,37,1,0,0,1
239,세종,2025-02-07,-6.8,-9.8,2400.0,-1.4,726.0,,,,,,1.1,13.1,340,1226,7.4,270,1303,2.8,2451.0,290.0,-10.5,48.0,1603.0,75.6,2.9,1010.3,1028.5,2359,1013.8,634,1022.0,10.6,2.2,1500.0,1.32,7.35,,,,,,7.4,2.8,-0.4,-5.3,,,,,,,,,,0.6,0.9,,,,2025,2,6,38,1,0,0,1
239,세종,2025-02-08,-7.0,-11.6,712.0,-1.8,1535.0,,,,,,,6.6,320,1559,3.9,270,1151,1.7,1501.0,320.0,-12.0,45.0,1602.0,68.6,2.4,1017.5,1030.4,923,1027.4,1521,1029.3,10.6,7.9,1400.0,2.13,14.52,,,,,,3.3,2.4,-0.6,-8.3,,,,,,,,,,1.1,1.5,,,,2025,2,6,39,1,0,0,0
239,세종,2025-02-09,-4.4,-10.3,718.0,1.4,1516.0,,,,,,0.0,6.6,270,1505,3.5,320,1447,1.3,1100.0,320.0,-9.0,44.0,1403.0,72.0,3.1,1016.6,1030.1,10,1025.9,1631,1028.2,10.7,7.4,1200.0,2.47,14.91,,,,,,3.4,2.0,-0.8,-10.0,,,,,,,,,,1.2,1.7,,,,2025,2,6,40,1,0,0,0
239,세종,2025-02-10,-3.2,-8.2,702.0,1.9,1311.0,,,,,,0.0,6.1,320,1232,3.5,290,1233,1.1,915.0,320.0,-6.5,52.0,1155.0,78.8,3.8,1016.5,1029.4,2159,1026.5,1508,1028.0,10.7,3.6,1100.0,2.03,9.62,,,,,,2.6,1.3,-1.2,-9.8,,,,,,,,,,0.8,1.1,,,,2025,2,7,41,1,0,0,0
239,세종,2025-02-11,-0.9,-7.8,715.0,7.6,1632.0,,,,,,,3.4,90,1052,2.3,90,1054,0.8,661.0,90.0,-7.7,25.0,1635.0,65.6,3.5,1017.1,1033.0,823,1023.9,2335,1028.6,10.7,7.0,1200.0,2.45,13.46,,,,,,2.5,2.5,-1.2,-10.5,,,,,,,,,,1.6,2.2,,,,2025,2,7,42,1,0,0,0
239,세종,2025-02-12,0.7,-1.5,2355.0,3.9,1727.0,,,,,,7.6,9.3,320,2313,4.6,290,1959,1.6,1392.0,320.0,-2.2,55.0,2348.0,82.3,5.4,1006.8,1024.5,108,1012.2,1514,1018.0,10.8,0.0,1200.0,0.32,1.76,,,,,,8.6,5.9,-0.1,-4.6,,,,,,,,,,0.7,0.9,,,,2025,2,7,43,1,0,0,1
239,세종,2025-02-13,0.5,-4.8,727.0,6.2,1434.0,,,,,,,8.9,360,21,4.7,320,28,1.8,1570.0,320.0,-8.9,32.0,1417.0,50.4,3.2,1013.2,1026.3,924,1022.4,1601,1024.6,10.8,9.2,1200.0,2.54,16.21,,,,,,0.4,0.4,-0.4,-9.2,,,,,,,,,,2.0,2.8,,,,2025,2,7,44,1,0,0,0
239,세종,2025-02-14,2.6,-3.6,701.0,10.0,1616.0,,,,,,,5.6,290,1357,2.7,290,1657,1.1,908.0,290.0,-3.7,36.0,1751.0,66.3,4.7,1011.5,1024.9,228,1020.2,1712,1022.8,10.8,8.9,1200.0,2.43,15.25,,,,,,0.6,0.1,-0.1,-8.3,,,,,,,,,,1.7,2.5,,,,2025,2,7,45,1,0,0,0
239,세종,2025-02-15,2.1,-3.4,614.0,7.9,1614.0,,,,,,,4.4,340,1405,2.6,320,1404,0.7,565.0,180.0,-3.6,28.0,1536.0,69.1,4.7,1007.5,1022.4,1,1015.9,1622,1018.7,10.9,1.2,1100.0,1.24,8.0,,,,,,6.4,4.4,0.1,-8.5,,,,,,,,,,1.0,1.4,,,,2025,2,7,46,1,0,0,0
239,세종,2025-02-16,4.1,-1.1,705.0,10.5,1524.0,,,,,,,8.0,200,1459,3.9,200,1536,1.4,1202.0,230.0,-0.6,51.0,1536.0,72.5,5.9,1006.2,1020.4,2355,1014.5,1526,1017.3,10.9,7.4,1200.0,2.23,12.6,,,,,,2.3,0.8,1.6,-5.8,,,,,,,,,,1.9,2.7,,,,2025,2,7,47,1,0,0,0
239,세종,2025-02-17,0.6,-2.7,2252.0,5.0,1309.0,,,,,,,12.4,340,1324,6.1,320,1309,3.0,2607.0,320.0,-12.4,20.0,1424.0,38.6,2.4,1013.2,1026.0,844,1020.5,1,1024.5,10.9,9.2,1300.0,2.58,16.65,,,,,,1.3,0.9,0.7,-7.1,,,,,,,,,,2.4,3.4,,,,2025,2,8,48,1,0,0,0
239,세종,2025-02-18,-1.6,-5.1,605.0,2.8,1516.0,,,,,,,13.8,340,1421,7.7,270,1232,2.9,2548.0,290.0,-12.1,26.0,1337.0,46.0,2.4,1015.7,1028.8,824,1025.1,1531,1027.2,11.0,9.2,1200.0,2.64,16.95,,,,,,0.3,0.0,-1.3,-9.3,,,,,,,,,,2.1,3.0,,,,2025,2,8,49,1,0,0,0
239,세종,2025-02-19,-2.7,-7.8,718.0,2.2,1348.0,,,,,,,9.9,290,1350,5.3,320,1325,2.1,1784.0,320.0,-12.3,24.0,1352.0,49.1,2.4,1017.8,1031.1,2338,1027.7,1400,1029.3,11.0,9.3,1200.0,2.62,17.24,,,,,,0.1,0.1,-1.1,-11.5,,,,,,,,,,1.9,2.7,,,,2025,2,8,50,1,0,0,0
239,세종,2025-02-20,-2.9,-8.7,704.0,3.2,1431.0,,,,,,,8.2,20,1557,4.6,290,1641,1.8,1520.0,290.0,-11.8,28.0,1434.0,51.8,2.5,1019.2,1032.5,816,1028.2,1453,1030.7,11.1,9.4,1200.0,2.6,17.12,,,,,,0.0,0.0,-1.0,-12.3,,,,,,,,,,1.9,2.7,,,,2025,2,8,51,1,0,0,0
239,세종,2025-02-21,-2.3,-8.0,727.0,3.3,1502.0,,,,,,,8.8,340,1529,5.1,290,1538,1.8,1550.0,290.0,-11.9,21.0,1558.0,49.6,2.5,1020.0,1032.9,829,1029.4,1414,1031.6,11.1,9.1,1200.0,2.68,17.31,,,,,,2.3,1.3,-0.8,-11.3,,,,,,,,,,1.9,2.7,,,,2025,2,8,52,1,0,0,0
239,세종,2025-02-22,-1.8,-5.8,734.0,3.4,1519.0,,,,,,0.5,7.2,290,1429,4.3,320,1552,1.8,1529.0,290.0,-9.1,30.0,1642.0,61.5,3.1,1021.3,1034.6,837,1030.8,1640,1032.9,11.1,9.4,1200.0,2.64,17.83,,,,,,1.3,1.0,0.4,-8.7,,,,,,,,,,1.8,2.6,,,,2025,2,8,53,1,0,0,0
239,세종,2025-02-23,-3.3,-7.8,705.0,1.2,1451.0,,,,,,0.0,11.5,320,1531,6.0,290,1525,2.3,1990.0,290.0,-11.6,33.0,1435.0,54.1,2.5,1020.4,1033.7,257,1029.3,1421,1032.0,11.2,6.6,1400.0,2.16,14.23,,,,,,2.5,1.4,-1.1,-11.1,,,,,,,,,,1.5,2.1,,,,2025,2,8,54,1,0,0,0
239,세종,2025-02-24,-1.7,-8.5,712.0,5.3,1529.0,,,,,,,8.6,290,1410,4.2,290,1252,1.6,1419.0,290.0,-11.8,25.0,1438.0,49.1,2.5,1020.9,1033.8,854,1030.4,1505,1032.4,11.2,9.4,1200.0,2.75,18.29,,,,,,0.0,0.0,-0.7,-12.1,,,,,,,,,,2.1,3.1,,,,2025,2,9,55,1,0,0,0
239,세종,2025-02-25,0.8,-6.2,749.0,6.7,1512.0,,,,,,,7.9,230,1302,3.4,200,1239,1.4,1216.0,160.0,-5.1,46.0,1233.0,66.0,4.3,1016.6,1032.6,204,1024.8,1555,1028.0,11.2,7.4,1100.0,2.19,14.07,,,,,,3.5,1.8,0.1,-10.1,,,,,,,,,,1.5,2.1,,,,2025,2,9,56,1,0,0,0
239,세종,2025-02-26,4.2,-0.1,624.0,10.0,1329.0,,,,,,,8.4,320,1359,5.4,360,1400,1.6,1357.0,290.0,-7.5,16.0,1744.0,50.9,3.9,1013.5,1026.3,900,1023.2,1625,1024.7,11.3,9.4,1200.0,2.7,17.65,,,,,,0.0,0.0,2.8,-8.2,,,,,,,,,,2.8,4.0,,,,2025,2,9,57,1,0,0,0
239,세종,2025-02-27,5.5,-4.3,639.0,14.6,1554.0,,,,,,,4.7,290,2124,2.9,270,2129,1.0,898.0,90.0,-11.7,10.0,1637.0,33.5,2.5,1011.2,1026.4,818,1018.3,1818,1022.3,11.3,9.4,1200.0,2.75,17.66,,,,,,2.5,1.3,3.1,-9.7,,,,,,,,,,3.5,5.0,,,,2025,2,9,58,1,0,0,0
239,세종,2025-02-28,8.2,4.4,715.0,14.4,1352.0,,,,,,0.0,5.8,320,1331,3.6,270,1343,1.1,908.0,340.0,-0.5,27.0,1.0,55.8,6.1,1009.5,1021.6,1153,1019.2,1701,1020.5,11.4,4.5,1300.0,2.84,12.72,,,,,,4.3,3.4,7.1,-3.1,,,,,,,,,,1.9,2.7,,,,2025,2,9,59,1,0,0,0
239,세종,2025-03-01,5.7,1.0,651.0,7.9,1306.0,,,,,,7.5,2.9,140,1552,1.9,140,1556,0.6,481.0,90.0,4.2,73.0,1240.0,91.1,8.4,1007.5,1021.6,136,1015.5,1714,1018.6,11.4,1.3,900.0,1.11,4.02,,,,,,8.0,3.5,3.7,-4.6,,,,,,,,,,0.5,0.7,,,,2025,3,9,60,1,1,0,1
239,세종,2025-03-02,8.8,4.5,2341.0,13.8,1332.0,,,,,,6.8,10.2,90,2330,5.4,110,2315,2.0,1708.0,90.0,7.0,59.0,1813.0,89.8,10.1,1004.1,1017.5,800,1011.9,1634,1015.0,11.4,0.1,1300.0,1.47,5.03,,,,,,9.4,7.4,8.2,4.0,,,,,,,,,,0.9,1.3,,,,2025,3,9,61,1,1,0,1
239,세종,2025-03-03,2.8,0.5,838.0,5.5,1453.0,,,,,,30.9,12.3,110,1912,6.3,90,1815,3.9,3362.0,90.0,-1.3,57.0,2100.0,76.0,5.6,1010.4,1024.3,2341,1015.1,41,1021.6,11.5,0.8,1200.0,1.88,8.32,,,,,,9.5,6.1,4.4,0.0,,,,,,,,,,1.4,2.0,,,,2025,3,10,62,1,1,0,1
239,세종,2025-03-04,2.8,0.9,955.0,4.4,1708.0,,,,,,2.3,10.2,110,536,6.1,110,26,3.0,2569.0,90.0,-0.6,60.0,2.0,78.9,5.9,1009.7,1024.2,207,1018.3,1734,1020.9,11.5,0.0,1500.0,0.91,5.25,,,,,,9.5,5.8,3.4,0.0,,,,,,,,,,0.7,0.9,,,,2025,3,10,63,1,1,0,1
239,세종,2025-03-05,4.6,2.4,620.0,7.7,1443.0,,,,,,,5.7,20,1348,3.4,50,1505,1.4,1197.0,20.0,-0.2,60.0,1433.0,71.0,6.0,1011.2,1024.5,2352,1020.1,1,1022.3,11.5,0.0,1300.0,1.33,6.76,,,,,,9.8,7.6,5.2,0.8,,,,,,,,,,1.0,1.5,,,,2025,3,10,64,1,1,0,0
239,세종,2025-03-06,4.1,-0.7,623.0,9.8,1411.0,,,,,,,7.4,320,1544,4.5,340,1544,1.6,1372.0,320.0,-3.7,34.0,1426.0,60.4,4.7,1014.9,1028.8,2349,1024.1,1455,1026.1,11.6,6.7,1100.0,2.62,15.56,,,,,,2.5,1.8,4.8,-4.9,,,,,,,,,,2.2,3.1,,,,2025,3,10,65,1,1,0,0
239,세종,2025-03-07,4.5,-2.7,626.0,11.1,1538.0,,,,,,,6.5,320,1554,3.2,340,1439,1.1,987.0,320.0,-4.2,29.0,1553.0,56.4,4.5,1016.4,1030.6,817,1024.8,1654,1027.6,11.6,8.6,1200.0,2.54,16.92,,,,,,4.6,1.1,4.7,-7.1,,,,,,,,,,2.3,3.3,,,,2025,3,10,66,1,1,0,0
239,세종,2025-03-08,5.3,1.9,631.0,10.6,1357.0,,,,,,,7.4,230,1335,3.5,230,1337,1.2,1038.0,270.0,-2.5,41.0,1047.0,58.1,5.1,1015.3,1029.3,2346,1024.7,1452,1026.5,11.7,2.6,1300.0,2.92,12.04,,,,,,4.9,2.5,6.1,-3.4,,,,,,,,,,1.7,2.4,,,,2025,3,10,67,1,1,0,0
239,세종,2025-03-09,5.8,-1.3,642.0,13.5,1600.0,,,,,,,4.7,90,1357,2.6,110,1357,1.0,851.0,90.0,-1.4,32.0,1654.0,63.9,5.6,1018.7,1032.4,830,1027.6,1659,1029.9,11.7,9.6,1200.0,2.88,19.24,,,,,,1.1,0.9,5.8,-5.8,,,,,,,,,,2.6,3.7,,,,2025,3,10,68,1,1,0,0
239,세종,2025-03-10,7.4,0.1,652.0,15.5,1600.0,,,,,,,5.8,180,1407,3.2,250,1437,1.0,887.0,70.0,-2.7,20.0,1429.0,54.3,5.1,1015.1,1029.9,131,1022.9,1650,1026.2,11.7,9.5,1300.0,2.47,17.74,,,,,,2.5,0.3,6.7,-4.7,,,,,,,,,,2.8,3.9,,,,2025,3,11,69,1,1,0,0
239,세종,2025-03-11,8.6,0.6,650.0,17.4,1558.0,,,,,,,4.7,320,1845,2.9,320,1851,1.0,824.0,90.0,-2.5,13.0,1355.0,51.1,5.1,1009.8,1024.3,38,1016.4,1709,1020.7,11.8,9.5,1200.0,2.88,19.66,,,,,,2.6,0.8,7.8,-4.2,,,,,,,,,,3.1,4.4,,,,2025,3,11,70,1,1,0,0
239,세종,2025-03-12,8.8,3.0,500.0,15.2,1528.0,,,,,,,6.4,250,1516,3.6,320,1935,1.5,1254.0,290.0,2.9,40.0,1246.0,68.3,7.6,1006.3,1020.2,2351,1014.6,1515,1017.2,11.8,3.0,1400.0,2.11,11.28,,,,,,5.8,4.9,8.8,-0.9,,,,,,,,,,1.8,2.6,,,,2025,3,11,71,1,1,0,0
239,세종,2025-03-13,9.2,3.9,720.0,15.5,1624.0,,,,,,,10.7,200,1336,5.7,290,1303,1.5,1305.0,340.0,-2.4,17.0,1251.0,53.6,5.5,1011.7,1025.3,2337,1020.1,1,1022.6,11.9,7.3,1200.0,2.81,16.95,,,,,,6.6,2.4,8.6,-0.4,,,,,,,,,,3.5,4.9,,,,2025,3,11,72,1,1,0,0
239,세종,2025-03-14,12.0,3.3,713.0,19.7,1539.0,,,,,,,7.8,90,2155,4.4,90,2200,1.4,1246.0,90.0,-4.1,18.0,1717.0,34.8,4.6,1013.6,1027.0,743,1021.9,1613,1024.5,11.9,9.7,1200.0,2.86,19.62,,,,,,3.4,2.8,9.6,-3.3,,,,,,,,,,4.1,5.8,,,,2025,3,11,73,1,1,1,0
239,세종,2025-03-15,9.8,7.2,2346.0,14.0,1510.0,,,,,,,10.5,70,1105,5.5,90,1107,3.3,2889.0,90.0,0.3,38.0,1513.0,52.3,6.3,1011.0,1024.9,149,1019.3,2356,1021.9,11.9,6.0,1200.0,2.9,17.01,,,,,,8.0,4.0,10.4,4.5,,,,,,,,,,3.0,4.2,,,,2025,3,11,74,1,0,0,0
239,세종,2025-03-16,3.8,0.4,2052.0,7.3,1.0,,,,,,1.0,11.9,290,1913,5.7,290,1330,2.4,2069.0,290.0,-3.4,26.0,1608.0,62.4,5.2,1004.0,1019.3,1,1012.5,1548,1015.1,12.0,2.4,1500.0,1.77,8.75,,,,,,6.4,3.0,6.2,-2.6,,,,,,,,,,1.8,2.6,,,,2025,3,11,75,1,1,0,1
239,세종,2025-03-17,3.1,-1.4,654.0,8.2,1524.0,,,,,,,11.3,20,1420,5.7,320,1410,2.2,1913.0,290.0,-10.5,18.0,1350.0,38.1,2.8,1006.3,1019.8,943,1015.1,2356,1017.4,12.0,10.2,1100.0,2.92,20.75,,,,,,2.0,0.6,4.6,-5.7,,,,,,,,,,2.8,4.0,,,,2025,3,12,76,1,1,0,0
239,세종,2025-03-18,1.1,-0.8,709.0,2.8,1728.0,,,,,,5.5,9.1,340,1500,4.2,290,1509,2.1,1804.0,180.0,-2.5,45.0,20.0,77.6,5.1,1005.2,1023.5,2314,1012.7,814,1016.4,12.1,0.7,1400.0,0.95,5.28,,,,,,7.6,4.9,3.0,-2.1,,,,,,,,,,0.8,1.1,,,,2025,3,12,77,1,1,0,1
239,세종,2025-03-19,2.0,-3.6,641.0,7.9,1447.0,,,,,,,8.4,340,1420,3.7,290,1829,1.7,1432.0,290.0,-7.0,28.0,1112.0,54.0,3.7,1013.3,1026.1,908,1022.9,1628,1024.6,12.1,10.0,1300.0,3.02,21.39,,,,,,0.8,0.3,4.3,-7.5,,,,,,,,,,2.5,3.6,,,,2025,3,12,78,1,1,0,0
239,세종,2025-03-20,6.5,-2.1,619.0,14.6,1544.0,,,,,,,8.8,290,2259,4.0,230,1211,1.7,1490.0,160.0,0.7,44.0,1630.0,68.3,6.6,1008.5,1025.2,1,1015.9,1643,1019.5,12.1,9.9,1200.0,2.98,20.45,,,,,,0.1,0.1,6.6,-6.5,,,,,,,,,,3.0,4.3,,,,2025,3,12,79,1,1,0,0
239,세종,2025-03-21,12.1,7.2,223.0,20.2,1356.0,,,,,,,10.0,320,1358,4.3,180,1321,2.1,1836.0,230.0,3.1,26.0,1531.0,56.8,7.6,1002.2,1016.4,125,1009.4,1544,1013.0,12.2,10.1,1200.0,3.0,20.95,,,,,,0.0,0.0,10.6,2.8,,,,,,,,,,3.8,5.4,,,,2025,3,12,80,1,0,1,0
239,세종,2025-03-22,13.4,4.7,622.0,23.4,1451.0,,,,,,,11.0,320,1608,5.7,290,1557,1.9,1615.0,320.0,2.2,16.0,1527.0,52.1,7.2,1000.4,1013.6,122,1008.4,1506,1011.1,12.2,10.1,1200.0,2.94,20.69,,,,,,0.0,0.0,11.6,-0.2,,,,,,,,,,4.1,5.9,,,,2025,3,12,81,1,1,1,0
239,세종,2025-03-23,14.6,5.8,652.0,24.9,1428.0,,,,,,,7.2,230,1443,3.4,200,1525,1.4,1220.0,230.0,2.2,17.0,1524.0,47.9,7.2,999.6,1013.2,816,1007.7,1631,1010.2,12.3,8.5,1200.0,3.02,19.56,,,,,,4.1,0.5,12.4,-0.1,,,,,,,,,,4.3,6.1,,,,2025,3,12,82,1,0,1,0
239,세종,2025-03-24,15.4,10.8,427.0,21.0,1246.0,,,,,,0.0,11.0,230,1254,4.7,160,1207,2.3,1962.0,180.0,6.4,33.0,502.0,57.0,9.7,993.7,1008.4,3,1001.4,1609,1004.2,12.3,8.2,1200.0,2.75,18.41,,,,,,4.4,1.4,14.2,7.5,,,,,,,,,,3.3,4.7,,,,2025,3,13,83,1,0,1,0
239,세종,2025-03-25,14.2,9.0,2336.0,24.9,1440.0,,,,,,,15.0,270,1455,6.1,200,1501,2.2,1916.0,200.0,4.7,23.0,1426.0,57.4,8.8,991.3,1006.1,2340,994.7,1442,1001.9,12.3,7.5,1200.0,2.66,17.45,,,,,,2.6,1.4,13.9,3.7,,,,,,,,,,3.6,5.2,,,,2025,3,13,84,1,0,1,0
239,세종,2025-03-26,17.2,4.8,631.0,27.1,1705.0,,,,,,,8.1,160,2227,4.3,200,1511,1.6,1362.0,180.0,1.4,11.0,1359.0,41.5,6.9,993.4,1008.8,644,999.3,1915,1003.8,12.4,9.9,1300.0,2.9,21.25,,,,,,1.0,0.4,14.3,-0.4,,,,,,,,,,4.9,7.0,,,,2025,3,13,85,1,1,1,0
239,세종,2025-03-27,15.0,7.1,2335.0,20.8,150.0,,,,,,0.7,12.5,200,228,5.8,290,1422,2.2,1926.0,200.0,8.7,41.0,1.0,67.3,12.0,991.7,1009.5,2353,998.1,555,1002.2,12.4,0.0,1400.0,1.11,4.61,,,,,,8.8,6.0,14.7,5.5,,,,,,,,,,1.4,2.0,,,,2025,3,13,86,1,0,1,0
239,세종,2025-03-28,6.4,3.5,2359.0,11.2,1457.0,,,,,,,10.8,320,1521,6.7,290,1529,2.6,2236.0,320.0,-5.3,16.0,1550.0,47.0,4.3,1004.2,1021.1,2333,1009.0,23,1015.2,12.4,7.8,1300.0,2.89,20.04,,,,,,6.5,3.1,10.7,1.0,,,,,,,,,,3.3,4.7,,,,2025,3,13,87,1,1,0,0
239,세종,2025-03-29,2.6,-0.9,536.0,7.3,1050.0,,,,,,0.3,12.7,320,1555,5.8,320,1556,2.3,1955.0,320.0,-6.8,22.0,1638.0,52.5,3.9,1012.5,1028.4,2353,1021.0,1,1023.7,12.5,6.1,1000.0,2.3,14.99,,,,,,5.9,1.0,6.1,-5.8,,,,,,,,,,2.2,3.1,,,,2025,3,13,88,1,1,0,0
239,세종,2025-03-30,3.2,-3.5,638.0,8.4,1623.0,,,,,,0.0,9.2,270,1551,4.2,290,1344,1.8,1575.0,270.0,-6.2,27.0,1134.0,51.8,3.9,1017.6,1031.0,939,1026.6,1706,1028.9,12.5,8.5,1000.0,2.77,20.5,,,,,,3.0,0.8,6.2,-8.2,,,,,,,,,,2.5,3.6,,,,2025,3,13,89,1,1,0,0
239,세종,2025-03-31,7.0,0.1,438.0,13.8,1633.0,,,,,,,6.6,340,1227,3.2,230,1409,1.4,1209.0,290.0,-1.9,25.0,1412.0,56.3,5.3,1014.7,1028.6,1,1022.7,1631,1025.8,12.6,7.8,1200.0,3.03,19.79,,,,,,2.6,1.5,9.1,-3.9,,,,,,,,,,2.7,3.8,,,,2025,3,14,90,1,1,0,0
239,세종,2025-04-01,8.8,1.3,620.0,17.4,1657.0,,,,,,,6.2,320,1827,3.5,270,1841,1.2,1062.0,70.0,-2.0,19.0,1546.0,54.4,5.4,1011.5,1025.8,26,1018.6,1658,1022.5,12.6,9.1,1200.0,3.26,22.87,,,,,,0.3,0.3,11.8,-4.0,,,,,,,,,,3.9,5.5,,,,2025,4,14,91,1,0,0,0
239,세종,2025-04-02,8.4,2.0,604.0,17.1,1326.0,0.0,,0.0,,,0.0,10.3,290,1527,4.9,270,1530,1.4,1174.0,70.0,-1.2,19.0,1445.0,55.3,5.7,1008.4,1021.8,123,1016.2,1434,1019.4,12.6,7.0,1100.0,2.93,17.27,,,,,,4.5,1.4,10.9,-2.8,,,,,,,,,,2.9,4.1,,,,2025,4,14,92,1,0,0,0
239,세종,2025-04-03,9.0,2.5,624.0,16.0,1438.0,,,,,,,5.7,290,1650,3.1,290,1659,1.5,1321.0,290.0,1.5,31.0,1629.0,62.9,6.8,1009.2,1022.3,737,1017.7,1621,1020.1,12.7,9.0,1200.0,3.13,20.73,,,,,,1.5,0.6,12.4,-2.1,,,,,,,,,,3.2,4.5,,,,2025,4,14,93,1,0,0,0
239,세종,2025-04-04,10.7,5.4,618.0,17.5,1530.0,0.0,,0.0,,,0.0,7.7,320,1813,3.1,320,1819,1.4,1236.0,270.0,2.8,27.0,1320.0,62.0,7.5,1008.8,1022.3,745,1016.4,1709,1019.7,12.7,8.3,1300.0,3.23,21.51,,,,,,3.9,1.1,14.0,3.6,,,,,,,,,,3.4,4.9,,,,2025,4,14,94,1,0,1,0
239,세종,2025-04-05,8.7,6.9,235.0,12.5,922.0,0.9,1213.0,3.7,1134.0,,7.3,7.5,180,1650,4.0,290,2007,1.7,1433.0,180.0,5.8,52.0,927.0,82.8,9.3,1002.0,1018.6,1,1009.4,1812,1012.9,12.8,0.6,900.0,1.02,4.62,,,,,,8.0,5.6,10.0,4.1,,,,,,,,,,0.9,1.2,,,,2025,4,14,95,1,0,0,1
239,세종,2025-04-06,9.9,3.9,516.0,17.0,1358.0,,,,,,,9.6,340,1524,5.2,320,1504,1.9,1671.0,290.0,0.3,21.0,1338.0,57.3,6.4,1005.3,1019.0,2312,1013.2,4,1016.2,12.8,10.4,1200.0,3.27,24.09,,,,,,0.3,0.3,12.4,0.6,,,,,,,,,,3.9,5.5,,,,2025,4,14,96,1,0,0,0
239,세종,2025-04-07,13.0,2.7,616.0,20.5,1508.0,,,,,,,9.4,160,2111,4.7,160,1515,1.7,1505.0,180.0,0.8,22.0,1100.0,49.6,6.6,1006.1,1020.2,840,1013.2,2342,1016.8,12.8,10.8,1200.0,3.22,23.77,,,,,,0.4,0.0,13.7,-2.4,,,,,,,,,,4.8,6.9,,,,2025,4,15,97,1,0,1,0
239,세종,2025-04-08,14.6,8.9,2356.0,20.2,1331.0,,,,,,,9.9,290,412,5.8,320,1148,2.4,2054.0,180.0,1.4,20.0,1528.0,44.1,7.0,1003.2,1015.9,2343,1012.2,1639,1013.9,12.9,9.5,1200.0,3.25,23.63,,,,,,1.0,1.0,16.5,3.2,,,,,,,,,,4.5,6.4,,,,2025,4,15,98,1,0,1,0
239,세종,2025-04-09,12.6,3.7,620.0,20.4,1311.0,,,,,,,8.0,290,1533,3.7,270,1436,1.3,1111.0,320.0,0.4,21.0,1315.0,46.6,6.3,1000.4,1015.8,1,1006.9,1828,1011.1,12.9,5.3,1200.0,2.87,15.78,,,,,,5.6,1.8,13.7,0.2,,,,,,,,,,3.1,4.5,,,,2025,4,15,99,1,0,1,0
239,세종,2025-04-10,13.8,9.9,2341.0,19.1,1531.0,0.0,,0.0,,,0.0,8.0,320,1736,4.6,340,1717,1.7,1500.0,290.0,4.0,33.0,1543.0,53.0,8.2,996.4,1009.8,2346,1004.8,1553,1007.1,12.9,4.8,1100.0,2.61,15.45,,,,,,4.5,3.0,15.5,4.3,,,,,,,,,,3.1,4.4,,,,2025,4,15,100,1,0,1,0
239,세종,2025-04-11,14.9,5.0,605.0,24.9,1711.0,,,,,,,4.6,340,1635,2.7,340,1638,1.0,886.0,320.0,2.9,19.0,1622.0,50.6,7.6,999.9,1012.5,811,1007.5,1632,1010.5,13.0,10.9,1200.0,3.33,24.77,,,,,,1.8,0.0,18.0,0.1,,,,,,,,,,4.6,6.6,,,,2025,4,15,101,1,0,1,0
239,세종,2025-04-12,13.2,2.5,2400.0,23.0,1134.0,1.6,2050.0,6.5,2037.0,,15.4,10.2,230,2103,6.2,250,2046,1.7,1479.0,90.0,4.4,21.0,1244.0,60.3,8.5,995.7,1012.0,1,1001.4,1905,1006.4,13.0,3.9,1100.0,2.17,10.37,,,,,,9.0,3.1,14.3,2.8,,,,,,,,,,2.3,3.3,,,,2025,4,15,102,1,0,1,1
239,세종,2025-04-13,5.3,0.9,140.0,9.9,1226.0,0.6,1306.0,2.2,37.0,,4.3,13.2,320,1303,8.2,320,1304,2.2,1873.0,180.0,0.3,43.0,1235.0,71.8,6.3,991.3,1005.9,3,1000.0,1232,1002.2,13.1,5.1,1100.0,2.37,14.6,,,,,,5.0,1.9,9.7,0.0,,,,,,,,,,1.8,2.6,,,,2025,4,15,103,1,0,0,1
239,세종,2025-04-14,5.0,2.9,554.0,8.9,1058.0,0.7,1139.0,1.7,1520.0,,4.8,7.7,320,1142,3.7,200,247,1.8,1544.0,200.0,2.2,52.0,300.0,83.5,7.2,988.5,1003.6,2357,996.7,1512,999.4,13.1,1.1,800.0,1.6,8.72,,,,,,7.5,3.4,8.8,0.1,,,,,,,,,,1.1,1.5,,,,2025,4,16,104,1,0,0,1
239,세종,2025-04-15,8.2,2.5,534.0,14.2,1431.0,,,,,,,10.0,320,1442,5.3,270,1347,2.0,1701.0,270.0,1.8,34.0,1358.0,68.3,7.0,996.5,1010.7,2336,1003.6,1,1007.4,13.1,10.3,1100.0,3.26,24.63,,,,,,1.5,0.8,11.2,-1.2,,,,,,,,,,3.3,4.8,,,,2025,4,16,105,1,0,0,0
239,세종,2025-04-16,14.9,4.1,458.0,24.0,1558.0,,,,,,,9.5,200,1409,4.4,230,1531,1.6,1416.0,180.0,5.1,25.0,1658.0,57.8,8.8,997.5,1010.8,42,1005.5,1816,1008.0,13.2,10.4,1100.0,2.97,23.08,,,,,,4.0,0.8,14.7,0.5,,,,,,,,,,4.5,6.4,,,,2025,4,16,106,1,0,1,0
239,세종,2025-04-17,21.5,15.7,604.0,26.9,1450.0,,,,,,,9.8,140,1137,4.7,160,1226,2.0,1735.0,180.0,12.5,41.0,1514.0,58.0,14.5,995.1,1008.5,102,1002.6,1535,1005.3,13.2,9.0,1200.0,2.67,20.41,,,,,,3.4,0.3,19.5,11.0,,,,,,,,,,4.2,6.0,,,,2025,4,16,107,1,0,1,0
239,세종,2025-04-18,20.4,15.8,615.0,25.9,1413.0,,,,,,,9.0,250,824,4.0,180,1453,1.9,1621.0,180.0,13.6,48.0,1356.0,67.0,15.6,998.7,1011.6,2143,1006.1,157,1009.1,13.2,9.2,1200.0,3.07,22.02,,,,,,0.6,0.3,21.3,13.8,,,,,,,,,,4.1,5.8,,,,2025,4,16,108,1,0,1,0
239,세종,2025-04-19,19.6,14.2,2318.0,25.5,1239.0,3.3,1819.0,5.4,1808.0,,6.8,10.8,270,1131,5.8,180,1227,2.4,2072.0,180.0,14.7,47.0,1134.0,76.0,16.7,998.1,1011.0,33,1005.2,1509,1008.5,13.3,5.5,1000.0,2.75,16.66,,,,,,7.1,4.6,21.6,14.6,,,,,,,,,,3.0,4.3,,,,2025,4,16,109,1,0,1,1
239,세종,2025-04-20,16.8,12.5,633.0,23.6,1711.0,0.3,10.0,0.6,1.0,,0.4,5.6,110,2017,3.0,110,2026,1.5,1287.0,110.0,12.9,43.0,1700.0,80.1,14.9,1001.8,1015.8,2356,1009.3,242,1012.4,13.3,4.3,1400.0,2.94,16.7,,,,,,4.9,4.8,19.8,12.9,,,,,,,,,,2.9,4.2,,,,2025,4,16,110,1,0,1,0
239,세종,2025-04-21,20.4,14.0,427.0,26.3,1639.0,,,,,,,5.2,90,1036,3.0,90,1051,1.4,1246.0,90.0,13.7,45.0,1716.0,67.5,15.7,1003.1,1016.8,635,1010.5,1802,1013.5,13.4,6.8,1000.0,3.01,20.74,,,,,,5.1,2.6,21.5,10.7,,,,,,,,,,3.4,4.9,,,,2025,4,17,111,1,0,1,0
239,세종,2025-04-22,17.3,16.2,1031.0,18.9,1.0,1.6,925.0,7.2,1102.0,,33.4,5.2,340,2134,2.8,290,2148,1.4,1188.0,110.0,16.1,80.0,646.0,93.1,18.3,995.0,1011.1,2,1001.6,1641,1005.4,13.4,0.0,1200.0,0.77,4.67,,,,,,9.8,5.6,18.6,15.8,,,,,,,,,,1.0,1.4,,,,2025,4,17,112,1,0,1,1
239,세종,2025-04-23,17.0,12.3,2355.0,24.3,1555.0,,,,,,,5.7,290,1720,3.0,320,332,1.6,1393.0,320.0,12.1,37.0,1533.0,75.3,14.2,995.9,1008.9,2332,1004.1,1544,1006.4,13.4,5.0,1200.0,2.74,18.87,,,,,,4.6,2.9,19.6,10.3,,,,,,,,,,3.1,4.5,,,,2025,4,17,113,1,0,1,0
239,세종,2025-04-24,14.3,8.5,2359.0,22.0,1413.0,,,,,,,7.7,180,1619,3.8,200,1523,1.9,1624.0,290.0,5.0,30.0,2056.0,58.0,9.3,999.2,1014.5,2355,1007.3,1440,1009.8,13.5,9.3,1100.0,3.04,22.68,,,,,,3.5,1.1,16.8,4.7,,,,,,,,,,4.0,5.7,,,,2025,4,17,114,1,0,1,0
239,세종,2025-04-25,11.2,3.3,602.0,18.1,1320.0,,,,,,,11.6,340,1517,6.2,290,1449,2.1,1845.0,340.0,-4.9,13.0,1445.0,38.5,4.5,1005.6,1018.9,2350,1014.2,3,1016.4,13.5,11.7,1200.0,3.47,27.42,,,,,,0.3,0.0,13.9,0.0,,,,,,,,,,5.9,8.5,,,,2025,4,17,115,1,0,1,0
239,세종,2025-04-26,13.0,4.1,331.0,22.3,1355.0,,,,,,,9.9,230,1433,5.5,290,1500,1.5,1330.0,200.0,-1.2,15.0,1453.0,43.6,5.7,1008.2,1020.7,742,1017.2,1345,1019.0,13.5,11.9,1200.0,3.45,26.81,,,,,,0.6,0.0,15.2,-0.1,,,,,,,,,,5.4,7.8,,,,2025,4,17,116,1,0,1,0
239,세종,2025-04-27,15.6,8.1,558.0,23.6,1309.0,,,,,,,8.4,230,1254,3.7,230,1155,1.5,1268.0,200.0,-1.2,15.0,1429.0,36.3,5.8,1004.6,1019.7,7,1012.4,1718,1015.2,13.6,6.6,1100.0,3.48,19.02,,,,,,7.4,2.1,15.5,3.9,,,,,,,,,,4.6,6.6,,,,2025,4,17,117,1,0,1,0
239,세종,2025-04-28,14.1,7.6,508.0,21.7,1337.0,,,,,,,9.5,360,1400,5.4,320,1507,1.9,1629.0,290.0,0.2,16.0,1553.0,42.3,6.4,999.5,1014.1,8,1006.8,1611,1010.1,13.6,11.7,1100.0,3.37,27.14,,,,,,0.4,0.4,18.0,3.5,,,,,,,,,,5.1,7.2,,,,2025,4,18,118,1,0,1,0
239,세종,2025-04-29,13.4,4.5,523.0,22.0,1552.0,,,,,,,7.6,340,1430,3.7,160,1402,1.4,1205.0,180.0,1.2,23.0,1154.0,48.1,6.7,1002.5,1015.0,2359,1011.0,1601,1013.2,13.6,11.6,1200.0,3.54,27.06,,,,,,0.0,0.0,18.4,0.6,,,,,,,,,,5.1,7.3,,,,2025,4,18,119,1,0,1,0
239,세종,2025-04-30,17.4,7.3,556.0,27.0,1542.0,,,,,,,7.8,160,1400,3.8,160,1403,1.3,1139.0,180.0,3.6,18.0,1605.0,43.8,7.9,1002.8,1016.0,706,1010.2,1731,1013.3,13.7,11.8,1200.0,3.48,27.68,,,,,,0.0,0.0,20.4,3.7,,,,,,,,,,5.9,8.4,,,,2025,4,18,120,1,0,1,0
239,세종,2025-05-01,14.3,10.6,2400.0,20.9,954.0,2.6,1614.0,7.7,1227.0,,19.7,7.3,290,2218,4.1,320,1209,1.2,1036.0,290.0,9.8,44.0,805.0,76.9,12.4,997.4,1011.9,9,1004.7,1629,1008.0,13.7,2.3,900.0,1.82,5.99,,,,,,6.6,3.4,15.5,5.8,,,,,,,,,,1.3,1.8,,,,2025,5,18,121,0,0,1,1
239,세종,2025-05-02,12.6,6.5,557.0,18.6,1415.0,0.0,,0.0,,,0.0,8.5,180,1227,5.3,320,1328,1.9,1646.0,290.0,3.6,27.0,1417.0,58.6,8.0,1000.2,1011.9,1043,1009.8,1,1010.9,13.7,8.3,1100.0,3.41,23.08,,,,,,4.9,1.9,15.8,3.7,,,,,,,,,,3.6,5.2,,,,2025,5,18,122,0,0,1,0
239,세종,2025-05-03,9.7,7.6,729.0,13.7,1538.0,1.5,911.0,4.5,820.0,,16.1,8.4,290,1603,5.0,320,1602,1.5,1300.0,340.0,7.5,57.0,14.0,86.6,10.4,998.7,1012.4,2306,1007.3,1532,1009.5,13.8,0.7,1300.0,1.76,6.67,,,,,,7.1,5.1,12.6,3.9,,,,,,,,,,1.3,1.8,,,,2025,5,18,123,0,0,0,1
239,세종,2025-05-04,13.2,6.0,513.0,20.3,1300.0,,,,,,,10.0,290,1351,5.5,320,1412,1.9,1657.0,290.0,2.5,18.0,1648.0,56.0,7.7,1002.6,1015.9,2347,1011.9,141,1013.3,13.8,11.9,1200.0,3.49,28.27,,,,,,0.0,0.0,15.4,2.3,,,,,,,,,,5.3,7.5,,,,2025,5,18,124,0,0,1,0
239,세종,2025-05-05,11.0,6.0,553.0,15.2,1224.0,0.0,,0.0,,,0.0,10.0,160,1435,5.4,140,1438,0.8,714.0,110.0,5.9,44.0,1116.0,72.5,9.4,1001.3,1016.0,100,1008.5,1804,1012.1,13.8,0.4,900.0,1.38,7.39,,,,,,7.6,3.8,12.4,2.7,,,,,,,,,,1.4,2.0,,,,2025,5,19,125,0,0,1,0
239,세종,2025-05-06,12.7,7.8,443.0,17.5,1208.0,,,,,,,5.9,200,1900,3.1,340,1649,1.0,894.0,110.0,6.7,46.0,1744.0,69.3,9.8,996.8,1010.8,2238,1005.5,1453,1007.5,13.9,2.5,1000.0,2.71,14.53,,,,,,4.5,2.8,14.6,4.0,,,,,,,,,,2.4,3.4,,,,2025,5,19,126,0,0,1,0
239,세종,2025-05-07,13.8,5.6,537.0,21.5,1458.0,,,,,,,6.9,320,1216,3.3,320,1520,1.2,1047.0,290.0,6.7,38.0,1440.0,66.3,9.8,1003.0,1017.4,2358,1010.7,1,1013.7,13.9,10.7,1200.0,3.49,26.94,,,,,,3.6,1.5,17.6,2.2,,,,,,,,,,4.4,6.2,,,,2025,5,19,127,0,0,1,0
239,세종,2025-05-08,17.2,8.4,548.0,24.7,1401.0,,,,,,,4.9,160,1313,2.6,180,1322,1.2,1062.0,270.0,8.4,29.0,1322.0,60.3,11.0,1006.0,1018.8,757,1013.7,1544,1016.6,13.9,10.6,1100.0,3.31,25.49,,,,,,6.3,1.6,20.0,5.3,,,,,,,,,,4.0,5.8,,,,2025,5,19,128,0,0,1,0
239,세종,2025-05-09,14.8,12.6,802.0,16.4,1559.0,1.3,951.0,3.6,948.0,,13.5,7.3,160,1640,3.7,110,1332,1.8,1554.0,90.0,13.1,63.0,2.0,90.0,15.1,994.2,1016.8,1,997.1,2345,1004.7,14.0,0.0,1300.0,0.59,4.06,,,,,,9.9,3.1,16.3,13.1,,,,,,,,,,0.8,1.1,,,,2025,5,19,129,0,0,1,1
239,세종,2025-05-10,12.2,11.4,2253.0,15.8,3.0,0.5,1732.0,1.0,1717.0,,4.1,12.3,230,121,5.1,200,132,2.1,1846.0,160.0,11.2,84.0,1304.0,94.0,13.3,991.9,1007.6,2259,996.8,137,1002.6,14.0,0.0,1200.0,0.91,4.34,,,,,,9.8,5.0,14.1,10.0,,,,,,,,,,0.9,1.3,,,,2025,5,19,130,0,0,1,1
239,세종,2025-05-11,14.6,10.8,2351.0,20.5,1535.0,,,,,,,6.4,230,1550,2.9,180,1555,1.3,1142.0,180.0,10.3,50.0,1618.0,76.9,12.5,996.1,1008.4,2348,1004.0,1611,1006.6,14.0,4.4,1500.0,2.5,19.98,,,,,,5.4,3.0,17.9,7.7,,,,,,,,,,3.1,4.4,,,,2025,5,19,131,0,0,1,0
239,세종,2025-05-12,16.7,9.5,601.0,23.8,1530.0,,,,,,,6.2,230,1437,3.5,180,1313,1.3,1103.0,200.0,9.2,32.0,1640.0,66.0,11.7,1000.1,1012.8,2345,1008.3,1,1010.6,14.0,11.9,1200.0,3.5,27.95,,,,,,0.0,0.0,21.4,6.2,,,,,,,,,,4.8,6.9,,,,2025,5,20,132,0,0,1,0
239,세종,2025-05-13,18.5,10.9,524.0,26.6,1335.0,,,,,,,6.9,270,1322,3.6,250,1308,1.0,878.0,230.0,8.8,22.0,1349.0,59.0,11.4,1004.6,1016.4,2340,1012.8,1,1015.1,14.1,10.2,1100.0,3.25,25.29,,,,,,6.1,1.3,22.5,7.2,,,,,,,,,,4.7,6.8,,,,2025,5,20,133,0,0,1,0
239,세종,2025-05-14,19.9,10.8,548.0,27.4,1423.0,,,,,,,6.4,250,1111,2.5,160,1205,1.1,908.0,230.0,9.9,28.0,1326.0,57.0,12.2,1005.2,1018.1,537,1013.1,1646,1015.6,14.1,11.4,1200.0,3.47,26.62,,,,,,4.3,1.8,24.6,7.6,,,,,,,,,,4.6,6.5,,,,2025,5,20,134,0,0,1,0
239,세종,2025-05-15,20.2,17.0,552.0,23.2,1457.0,0.7,612.0,1.3,605.0,,2.1,7.7,200,1237,3.0,230,1545,1.3,1117.0,200.0,17.6,63.0,5.0,86.0,20.2,1004.3,1016.5,2213,1013.2,113,1014.7,14.1,0.3,1400.0,1.7,10.42,,,,,,9.0,8.3,22.6,17.1,,,,,,,,,,1.7,2.5,,,,2025,5,20,135,0,0,1,1
239,세종,2025-05-16,19.7,16.8,2235.0,23.6,1350.0,1.6,536.0,4.9,2152.0,,21.9,4.8,160,1606,3.1,90,2100,1.1,975.0,90.0,18.5,77.0,1607.0,93.3,21.4,1001.2,1016.4,1,1005.7,2400,1011.6,14.2,0.0,1100.0,0.89,5.49,,,,,,9.9,4.0,21.0,16.6,,,,,,,,,,1.3,1.8,,,,2025,5,20,136,0,0,1,1
239,세종,2025-05-17,18.6,15.1,503.0,24.6,1536.0,0.5,2.0,0.9,1.0,,0.9,8.0,270,1724,3.9,160,1508,1.6,1348.0,180.0,15.6,61.0,1538.0,84.1,17.8,995.9,1009.5,2400,1004.4,153,1006.3,14.2,5.5,1200.0,3.01,20.9,,,,,,6.5,2.4,22.6,13.1,,,,,,,,,,3.1,4.4,,,,2025,5,20,137,0,0,1,0
239,세종,2025-05-18,15.5,11.1,601.0,21.7,1522.0,,,,,,,7.5,320,1454,4.4,290,1615,1.6,1363.0,320.0,7.1,26.0,1621.0,61.9,10.2,1000.7,1013.3,1006,1009.2,48,1011.2,14.2,7.0,1300.0,3.47,23.82,,,,,,6.9,2.3,19.3,8.8,,,,,,,,,,4.6,6.5,,,,2025,5,20,138,0,0,1,0
239,세종,2025-05-19,18.0,10.1,314.0,22.3,1136.0,,,,,,,10.1,270,2245,4.2,200,2059,1.7,1484.0,200.0,12.3,34.0,1045.0,70.9,14.8,995.9,1011.8,1,1002.9,1809,1006.4,14.2,4.2,1000.0,3.01,16.83,,,,,,6.8,6.3,19.5,7.6,,,,,,,,,,2.9,4.1,,,,2025,5,21,139,0,0,1,0
239,세종,2025-05-20,24.0,20.0,352.0,29.9,1542.0,,,,,,,8.0,250,1313,3.1,200,2,1.7,1452.0,180.0,19.8,57.0,1527.0,78.5,23.3,997.7,1009.6,852,1005.9,1,1007.9,14.3,4.6,1300.0,3.15,18.67,,,,,,2.6,2.4,25.1,18.2,,,,,,,,,,3.8,5.4,,,,2025,5,21,140,0,0,1,0
239,세종,2025-05-21,24.7,20.4,518.0,29.5,1520.0,,,,,,,4.9,180,1403,3.3,320,2129,1.1,932.0,70.0,19.7,53.0,1253.0,75.5,22.9,996.1,1009.3,9,1003.2,1656,1006.2,14.3,6.0,1000.0,2.6,19.79,,,,,,5.9,1.0,26.9,17.1,,,,,,,,,,3.3,4.8,,,,2025,5,21,141,0,0,1,0
239,세종,2025-05-22,20.5,18.1,2235.0,23.2,1158.0,0.0,,0.0,,,0.0,6.9,90,2225,3.7,110,2314,1.6,1349.0,90.0,17.3,64.0,2354.0,82.5,20.0,997.2,1010.3,2358,1006.0,127,1007.5,14.3,0.2,1100.0,0.91,6.78,,,,,,5.5,4.0,22.2,15.8,,,,,,,,,,1.8,2.5,,,,2025,5,21,142,0,0,1,0
239,세종,2025-05-23,19.1,16.5,603.0,23.8,1355.0,0.0,,0.0,,,0.0,6.9,110,1653,3.8,90,1227,2.4,2056.0,90.0,7.8,37.0,1341.0,48.4,10.6,1000.3,1012.0,821,1009.2,1531,1010.7,14.3,1.2,1300.0,2.71,14.05,,,,,,9.9,5.1,21.0,14.0,,,,,,,,,,3.4,4.9,,,,2025,5,21,143,0,0,1,0
239,세종,2025-05-24,15.2,13.8,523.0,17.9,1.0,0.1,,0.2,,,0.2,6.3,110,1340,3.3,90,1403,2.0,1692.0,90.0,10.0,47.0,1.0,71.5,12.3,998.9,1012.2,2342,1007.4,1441,1009.5,14.4,0.0,1100.0,1.35,9.02,,,,,,9.8,5.6,18.3,13.1,,,,,,,,,,2.0,2.8,,,,2025,5,21,144,0,0,1,0
239,세종,2025-05-25,16.9,10.1,553.0,23.8,1505.0,,,,,,,7.1,340,1339,3.3,320,1444,1.3,1144.0,270.0,10.3,43.0,1557.0,67.5,12.5,1003.9,1017.5,2350,1012.1,2,1014.5,14.4,12.5,1200.0,3.48,27.83,,,,,,0.8,0.4,22.6,7.4,,,,,,,,,,4.4,6.2,,,,2025,5,21,145,0,0,1,0
239,세종,2025-05-26,18.6,11.1,543.0,25.9,1559.0,,,,,,,4.8,320,1402,2.9,160,1444,1.0,869.0,180.0,10.4,27.0,1602.0,62.8,12.6,1006.6,1018.7,714,1015.0,1748,1017.1,14.4,11.4,1200.0,3.6,27.32,,,,,,3.5,0.9,24.4,9.0,,,,,,,,,,4.8,6.9,,,,2025,5,22,146,0,0,1,0
239,세종,2025-05-27,19.5,12.3,527.0,26.4,1540.0,,,,,,,5.1,320,1355,2.8,320,1209,1.2,1065.0,200.0,11.5,41.0,1320.0,61.9,13.6,1007.4,1019.7,702,1015.4,1646,1017.9,14.4,12.6,1200.0,3.39,27.09,,,,,,0.0,0.0,25.4,9.2,,,,,,,,,,4.6,6.6,,,,2025,5,22,147,0,0,1,0
239,세종,2025-05-28,19.8,13.2,528.0,26.6,1434.0,,,,,,,6.5,340,1513,4.2,340,1457,1.6,1356.0,320.0,12.3,34.0,1617.0,65.5,14.3,1007.1,1019.5,753,1015.2,1649,1017.6,14.4,9.9,1200.0,3.31,24.72,,,,,,1.3,1.3,25.3,11.0,,,,,,,,,,4.6,6.6,,,,2025,5,22,148,0,0,1,0
239,세종,2025-05-29,20.3,13.3,524.0,26.8,1447.0,0.0,,0.0,,,0.0,7.1,340,1644,4.3,340,1740,1.5,1311.0,320.0,10.5,32.0,1638.0,57.0,12.8,1004.4,1017.9,1,1011.7,1719,1014.8,14.5,11.8,1200.0,3.37,26.54,,,,,,1.9,0.8,26.1,10.7,,,,,,,,,,5.0,7.2,,,,2025,5,22,149,0,0,1,0
239,세종,2025-05-30,19.6,13.5,532.0,26.8,1640.0,,,,,,,5.9,340,1616,3.0,90,1812,1.1,956.0,90.0,9.6,26.0,1243.0,56.4,12.0,1002.1,1014.2,625,1010.1,1704,1012.5,14.5,12.5,1200.0,3.23,26.33,,,,,,1.3,0.0,26.5,11.1,,,,,,,,,,4.8,6.9,,,,2025,5,22,150,0,0,1,0
239,세종,2025-05-31,19.7,12.6,521.0,25.4,1508.0,,,,,,,4.9,200,1222,3.0,320,1127,1.3,1091.0,290.0,12.1,41.0,1636.0,63.6,14.2,1000.9,1013.8,827,1008.7,1636,1011.3,14.5,8.2,1100.0,2.92,21.73,,,,,,5.6,1.1,25.9,9.7,,,,,,,,,,3.9,5.6,,,,2025,5,22,151,0,0,1,0
239,세종,2025-06-01,21.4,13.8,457.0,29.3,1636.0,,,,,,,6.0,320,1818,3.7,290,1827,1.3,1101.0,320.0,13.3,29.0,1609.0,64.3,15.4,998.9,1012.4,637,1006.6,1711,1009.2,14.5,11.4,1200.0,3.42,26.91,,,,,,3.1,1.4,28.8,11.4,,,,,,,,,,4.8,6.9,,,,2025,6,22,152,0,0,1,0
239,세종,2025-06-02,19.7,16.6,420.0,23.5,1437.0,0.0,,0.0,,,0.0,4.6,180,738,2.9,340,1649,1.1,980.0,320.0,13.6,44.0,1209.0,69.3,15.6,993.5,1008.1,6,1000.8,2350,1003.8,14.5,0.0,1400.0,1.69,9.42,,,,,,9.6,4.4,24.3,15.3,,,,,,,,,,2.3,3.3,,,,2025,6,23,153,0,0,1,0
239,세종,2025-06-03,20.2,15.0,2358.0,25.9,1320.0,,,,,,,10.8,340,1528,4.9,320,1438,1.8,1551.0,290.0,11.2,39.0,1721.0,58.6,13.5,990.3,1003.7,2305,998.6,1446,1000.6,14.6,11.7,1100.0,3.41,28.21,,,,,,2.0,1.5,28.5,10.5,,,,,,,,,,5.4,7.7,,,,2025,6,23,154,0,0,1,0
239,세종,2025-06-04,19.5,12.7,427.0,26.4,1457.0,,,,,,,10.8,320,1710,5.3,320,1510,2.2,1901.0,270.0,9.2,27.0,1612.0,56.8,11.8,994.9,1009.9,2315,1003.2,1404,1005.3,14.6,12.8,1200.0,3.61,29.72,,,,,,0.0,0.0,27.8,9.1,,,,,,,,,,6.5,9.3,,,,2025,6,23,155,0,0,1,0
239,세종,2025-06-05,20.2,11.7,553.0,27.3,1441.0,,,,,,,5.7,140,1549,3.3,290,1038,1.2,1040.0,180.0,10.2,34.0,1451.0,55.5,12.5,1000.5,1012.8,715,1008.9,1856,1010.9,14.6,12.0,1200.0,3.6,28.14,,,,,,3.9,1.5,28.6,8.6,,,,,,,,,,4.7,6.8,,,,2025,6,23,156,0,0,1,0
239,세종,2025-06-06,22.0,16.1,540.0,29.8,1352.0,,,,,,,6.9,180,1403,3.4,200,1633,1.0,868.0,180.0,11.4,30.0,1341.0,53.3,13.5,998.7,1010.4,26,1007.5,1351,1009.0,14.6,6.7,1300.0,3.16,21.65,,,,,,7.0,1.6,27.9,14.2,,,,,,,,,,4.4,6.3,,,,2025,6,23,157,0,0,1,0
239,세종,2025-06-07,23.0,16.0,543.0,30.3,1553.0,,,,,,,6.5,270,1435,3.2,200,1432,1.1,980.0,250.0,14.5,36.0,1446.0,61.3,16.6,998.0,1009.5,901,1006.2,1520,1008.3,14.6,9.5,1200.0,3.39,26.16,,,,,,5.6,3.8,30.4,13.0,,,,,,,,,,5.3,7.6,,,,2025,6,23,158,0,0,1,0
239,세종,2025-06-08,24.8,21.2,1.0,30.6,1657.0,,,,,,,5.0,180,1248,2.7,290,1828,1.0,904.0,180.0,18.8,45.0,1509.0,70.8,21.7,997.5,1009.5,2313,1005.2,1657,1007.7,14.6,6.2,1200.0,2.76,20.85,,,,,,5.3,4.3,31.0,19.6,,,,,,,,,,4.0,5.8,,,,2025,6,23,159,0,0,1,0
239,세종,2025-06-09,24.4,20.3,445.0,30.7,1709.0,,,,,,,5.2,340,1408,3.2,320,1415,1.4,1201.0,140.0,18.1,38.0,1639.0,70.3,20.8,996.6,1009.5,1,1004.2,1701,1006.8,14.6,8.6,1200.0,3.51,25.29,,,,,,4.6,3.1,33.0,18.8,,,,,,,,,,4.8,6.9,,,,2025,6,24,160,0,0,1,0
239,세종,2025-06-10,22.7,17.7,2359.0,28.1,1523.0,,,,,,,9.4,250,1216,3.8,290,1318,1.8,1596.0,290.0,17.4,50.0,1529.0,73.9,19.9,996.9,1010.5,2308,1005.0,925,1007.2,14.6,7.2,1000.0,2.91,21.95,,,,,,6.1,4.0,31.0,15.9,,,,,,,,,,4.1,5.9,,,,2025,6,24,161,0,0,1,0
239,세종,2025-06-11,21.8,14.3,531.0,29.0,1515.0,,,,,,,8.2,340,1449,5.1,340,1400,1.8,1585.0,340.0,11.6,30.0,1349.0,56.6,13.8,1001.6,1014.3,2355,1010.2,140,1011.9,14.6,11.8,1200.0,3.6,29.23,,,,,,4.9,1.9,31.4,12.0,,,,,,,,,,6.1,8.7,,,,2025,6,24,162,0,0,1,0
239,세종,2025-06-12,23.6,16.0,513.0,30.5,1454.0,,,,,,,4.9,340,1607,3.0,320,1621,1.2,1036.0,290.0,11.8,27.0,1406.0,50.5,13.9,1004.0,1015.8,723,1012.1,1546,1014.3,14.7,9.5,1300.0,3.59,25.33,,,,,,6.0,1.4,32.5,12.9,,,,,,,,,,4.9,7.0,,,,2025,6,24,163,0,0,1,0
239,세종,2025-06-13,20.3,17.9,1833.0,25.1,1245.0,1.7,1906.0,6.0,1841.0,,23.3,5.7,140,2134,3.5,160,2159,1.1,982.0,160.0,16.1,52.0,46.0,78.3,18.4,1002.4,1015.8,530,1008.2,2400,1012.8,14.7,0.0,1200.0,1.59,8.12,,,,,,9.6,3.1,24.5,15.8,,,,,,,,,,1.4,2.0,,,,2025,6,24,164,0,0,1,1
239,세종,2025-06-14,22.7,19.1,451.0,28.4,1613.0,2.4,131.0,9.2,53.0,,33.8,4.8,110,19,2.9,90,22,1.2,1072.0,90.0,20.5,64.0,1609.0,88.3,24.2,991.9,1008.4,6,998.5,1712,1002.1,14.7,2.3,1100.0,2.11,14.56,,,,,,6.5,5.5,24.8,19.6,,,,,,,,,,2.9,4.1,,,,2025,6,24,165,0,0,1,1
239,세종,2025-06-15,25.8,20.3,549.0,31.3,1441.0,2.2,2157.0,6.3,2155.0,,8.9,6.0,290,1431,2.8,180,1409,1.2,1010.0,180.0,20.8,52.0,1306.0,75.9,24.6,988.9,1002.4,514,996.4,1727,999.0,14.7,10.0,1200.0,3.4,26.41,,,,,,6.5,1.8,29.2,20.2,,,,,,,,,,4.3,6.1,,,,2025,6,24,166,0,0,1,1
239,세종,2025-06-16,23.4,21.2,328.0,26.8,1247.0,2.3,2342.0,3.0,39.0,,6.6,10.5,200,1545,5.2,200,1643,1.7,1462.0,200.0,20.7,70.0,1425.0,85.3,24.4,988.9,1002.5,2229,996.1,210,999.0,14.7,4.1,1200.0,2.98,15.85,,,,,,7.5,4.8,26.5,20.9,,,,,,,,,,2.9,4.1,,,,2025,6,25,167,0,0,1,1
239,세종,2025-06-17,23.9,19.8,454.0,29.7,1719.0,3.0,522.0,3.9,434.0,,5.4,6.5,180,139,3.0,200,310,1.2,1020.0,230.0,20.0,56.0,1619.0,80.1,23.3,994.8,1008.1,2323,1001.9,19,1005.0,14.7,7.0,1400.0,2.81,19.37,,,,,,5.8,2.5,26.6,19.9,,,,,,,,,,3.7,5.3,,,,2025,6,25,168,0,0,1,1
239,세종,2025-06-18,24.6,19.6,511.0,30.4,1533.0,,,,,,,4.6,290,134,2.4,290,903,1.1,961.0,270.0,18.4,47.0,1515.0,71.0,21.2,1000.7,1012.9,2339,1007.9,1,1010.9,14.7,11.7,1200.0,3.41,27.72,,,,,,1.8,0.9,28.3,18.4,,,,,,,,,,5.0,7.1,,,,2025,6,25,169,0,0,1,0
239,세종,2025-06-19,25.8,18.9,524.0,31.9,1526.0,0.2,,0.2,,,0.2,4.9,290,1627,2.8,180,2135,1.0,887.0,180.0,20.1,48.0,1523.0,72.5,23.7,1001.9,1014.3,704,1010.3,1806,1012.1,14.7,7.6,1200.0,2.25,20.19,,,,,,6.1,3.5,28.5,17.6,,,,,,,,,,3.5,5.0,,,,2025,6,25,170,0,0,1,0
239,세종,2025-06-20,24.6,22.9,2046.0,26.5,21.0,2.9,2351.0,11.1,2301.0,,53.1,15.1,250,1740,7.3,200,1855,2.9,2513.0,180.0,22.0,73.0,15.0,86.5,26.5,995.7,1010.8,1,1001.9,1848,1005.8,14.7,0.0,1200.0,0.53,3.44,,,,,,10.0,5.4,25.0,22.5,,,,,,,,,,1.0,1.4,,,,2025,6,25,171,0,0,1,1
239,세종,2025-06-21,20.7,17.5,1830.0,23.7,131.0,4.2,148.0,14.2,135.0,,71.4,8.4,270,422,3.5,200,159,1.2,1015.0,180.0,19.6,75.0,1758.0,93.6,23.0,994.2,1006.4,2330,1002.2,247,1004.5,14.7,0.0,1300.0,0.59,3.84,,,,,,10.0,4.6,23.7,18.1,,,,,,,,,,1.0,1.5,,,,2025,6,25,172,0,0,1,1
239,세종,2025-06-22,22.2,16.8,436.0,28.8,1621.0,,,,,,,5.6,250,1303,2.9,320,2008,1.1,946.0,290.0,17.4,46.0,1558.0,77.5,19.9,996.7,1008.5,834,1005.3,1633,1007.0,14.7,11.1,1200.0,3.56,28.95,,,,,,3.1,1.5,26.4,15.7,,,,,,,,,,5.2,7.4,,,,2025,6,25,173,0,0,1,0
239,세종,2025-06-23,24.1,16.2,513.0,31.2,1644.0,,,,,,,4.0,340,710,2.4,90,1341,1.0,837.0,110.0,17.6,42.0,1457.0,70.8,20.2,997.1,1009.2,628,1004.6,1737,1007.3,14.7,13.1,1200.0,3.53,29.36,,,,,,0.6,0.6,27.7,15.2,,,,,,,,,,5.0,7.1,,,,2025,6,26,174,0,0,1,0
239,세종,2025-06-24,21.5,19.2,2020.0,25.9,1222.0,5.2,1707.0,14.5,1644.0,,16.6,7.2,180,1415,3.5,110,1414,1.5,1323.0,90.0,18.2,53.0,1223.0,82.8,20.9,997.5,1008.8,619,1007.0,1158,1007.7,14.7,0.1,900.0,1.24,9.02,,,,,,9.6,3.0,24.3,19.1,,,,,,,,,,1.8,2.6,,,,2025,6,26,175,0,0,1,1
239,세종,2025-06-25,20.5,19.3,526.0,21.9,1611.0,0.3,659.0,0.6,618.0,,0.9,6.1,180,1403,3.3,200,1707,1.5,1325.0,160.0,18.8,80.0,1615.0,90.6,21.8,996.7,1008.9,2357,1005.6,400,1007.0,14.7,0.0,1500.0,0.71,4.96,,,,,,9.9,5.9,22.6,19.5,,,,,,,,,,1.0,1.4,,,,2025,6,26,176,0,0,1,0
239,세종,2025-06-26,22.1,19.6,506.0,26.7,1646.0,0.2,,0.7,30.0,,2.7,4.2,320,1646,2.5,290,1414,0.9,796.0,180.0,20.0,67.0,1652.0,88.4,23.3,998.9,1010.2,854,1008.1,1715,1009.2,14.7,1.2,1400.0,1.67,11.64,,,,,,9.0,4.6,24.6,20.0,,,,,,,,,,2.2,3.1,,,,2025,6,26,177,0,0,1,1
239,세종,2025-06-27,24.5,19.8,324.0,29.9,1735.0,,,,,,,3.1,90,1316,1.9,270,1011,0.7,603.0,180.0,21.0,58.0,1518.0,82.4,24.9,998.4,1010.0,802,1006.6,1754,1008.6,14.7,5.2,1400.0,2.76,18.71,,,,,,6.6,4.3,27.2,19.2,,,,,,,,,,3.3,4.6,,,,2025,6,26,178,0,0,1,0
239,세종,2025-06-28,26.3,22.8,508.0,30.6,1454.0,0.0,,0.0,,,0.0,3.8,230,2303,2.3,340,1549,0.8,693.0,250.0,23.5,66.0,1458.0,85.1,28.9,997.3,1008.9,48,1005.6,1707,1007.4,14.7,2.4,1300.0,3.16,15.54,,,,,,6.1,3.3,28.8,22.6,,,,,,,,,,3.0,4.3,,,,2025,6,26,179,0,0,1,0
239,세종,2025-06-29,27.5,24.5,2358.0,32.1,1640.0,,,,,,,4.8,270,1725,2.6,320,1710,1.2,1064.0,180.0,22.7,57.0,1357.0,76.3,27.5,997.9,1010.0,2359,1006.8,110,1008.0,14.7,9.5,1300.0,3.61,27.24,,,,,,1.4,1.1,31.0,22.9,,,,,,,,,,5.1,7.2,,,,2025,6,26,180,0,0,1,0
239,세종,2025-06-30,27.8,22.8,509.0,32.8,1630.0,,,,,,,5.9,230,1438,3.0,250,1443,1.1,971.0,200.0,22.4,55.0,1436.0,74.5,27.1,1000.6,1011.8,2316,1009.3,1743,1010.7,14.7,11.4,1200.0,3.66,27.68,,,,,,2.4,0.5,32.1,22.0,,,,,,,,,,5.0,7.1,,,,2025,6,27,181,0,0,1,0
239,세종,2025-07-01,27.7,23.7,455.0,32.6,1625.0,0.0,,0.0,,,0.0,5.8,180,1101,2.7,250,1444,1.1,983.0,180.0,23.5,63.0,1636.0,78.9,29.0,1002.4,1013.5,841,1010.8,1729,1012.5,14.7,7.3,1400.0,2.87,21.75,,,,,,4.0,1.4,31.9,22.7,,,,,,,,,,4.0,5.8,,,,2025,7,27,182,0,0,1,0
239,세종,2025-07-02,28.0,24.0,402.0,33.1,1547.0,,,,,,,5.8,270,1116,2.6,270,1159,1.0,849.0,180.0,23.8,56.0,1632.0,79.3,29.5,1002.4,1014.0,909,1010.6,1720,1012.5,14.6,7.8,1300.0,3.11,23.14,,,,,,5.3,1.6,32.6,22.8,,,,,,,,,,4.4,6.3,,,,2025,7,27,183,0,0,1,0
239,세종,2025-07-03,27.5,23.9,527.0,32.0,1437.0,,,,,,,5.1,200,915,2.8,230,1345,1.2,1064.0,180.0,22.0,54.0,1438.0,73.5,26.4,1000.3,1012.5,1,1008.2,1748,1010.4,14.6,9.8,1300.0,3.32,25.82,,,,,,5.5,2.9,33.8,22.8,,,,,,,,,,5.0,7.1,,,,2025,7,27,184,0,0,1,0
239,세종,2025-07-04,26.7,23.9,601.0,30.7,1713.0,,,,,,,5.7,230,1034,2.9,200,1434,1.3,1139.0,180.0,22.2,63.0,1657.0,77.4,26.8,997.5,1009.5,1,1005.5,1701,1007.6,14.6,6.3,1300.0,2.01,19.01,,,,,,5.3,2.5,31.8,22.5,,,,,,,,,,3.4,4.8,,,,2025,7,27,185,0,0,1,0
239,세종,2025-07-05,27.3,24.4,256.0,31.9,1433.0,,,,,,,6.1,230,955,2.9,180,1335,1.4,1170.0,180.0,22.4,56.0,1436.0,76.0,27.1,996.1,1007.6,159,1004.0,1923,1006.2,14.6,8.2,1300.0,3.03,23.6,,,,,,6.0,3.1,33.0,23.0,,,,,,,,,,4.4,6.3,,,,2025,7,27,186,0,0,1,0
239,세종,2025-07-06,27.9,24.4,328.0,32.0,1543.0,,,,,,,6.3,140,1304,2.9,180,1305,1.2,1023.0,200.0,23.6,62.0,1328.0,78.5,29.1,995.2,1006.6,819,1003.4,1731,1005.2,14.6,7.0,1300.0,2.95,21.12,,,,,,6.5,4.6,32.4,22.8,,,,,,,,,,4.0,5.8,,,,2025,7,27,187,0,0,1,0
239,세종,2025-07-07,29.3,25.3,548.0,34.0,1556.0,,,,,,,5.1,340,1937,3.8,320,1941,1.3,1112.0,320.0,24.5,58.0,1619.0,76.5,30.8,995.8,1007.1,2307,1004.0,1707,1005.7,14.6,7.5,1100.0,2.87,21.81,,,,,,2.6,2.4,35.3,24.9,,,,,,,,,,4.4,6.3,,,,2025,7,28,188,0,0,1,0
239,세종,2025-07-08,30.5,25.7,423.0,35.7,1505.0,,,,,,,6.3,140,1430,3.4,90,1547,1.5,1328.0,110.0,23.9,49.0,1350.0,69.9,29.7,997.3,1008.8,2341,1005.5,1607,1007.3,14.6,9.6,1200.0,3.27,24.7,,,,,,1.4,0.8,37.3,24.6,,,,,,,,,,5.6,8.0,,,,2025,7,28,189,0,0,1,0
239,세종,2025-07-09,30.3,26.1,537.0,34.8,1537.0,,,,,,,7.3,70,1217,4.0,90,1021,2.4,2060.0,90.0,18.8,34.0,1519.0,52.3,21.9,998.9,1010.3,746,1006.9,1708,1008.9,14.6,12.8,1200.0,3.43,28.6,,,,,,0.9,0.1,37.7,23.7,,,,,,,,,,7.1,10.1,,,,2025,7,28,190,0,0,1,0
239,세종,2025-07-10,29.4,24.1,533.0,34.2,1532.0,,,,,,,8.1,140,2158,4.7,90,1056,2.3,2010.0,110.0,15.5,31.0,1229.0,43.6,17.7,1000.3,1011.7,2310,1008.4,1743,1010.3,14.5,12.8,1200.0,3.45,28.5,,,,,,0.9,0.0,37.1,20.1,,,,,,,,,,7.7,11.0,,,,2025,7,28,191,0,0,1,0
239,세종,2025-07-11,28.7,24.0,516.0,33.8,1642.0,,,,,,,9.0,110,1107,4.9,90,1111,2.9,2526.0,90.0,15.4,36.0,1749.0,44.9,17.5,1001.4,1012.7,755,1009.6,1711,1011.5,14.5,12.8,1200.0,3.44,28.42,,,,,,1.0,0.0,36.6,20.5,,,,,,,,,,7.2,10.3,,,,2025,7,28,192,0,0,1,0
239,세종,2025-07-12,27.7,22.1,508.0,33.8,1707.0,,,,,,,7.0,160,1415,3.6,110,905,1.9,1640.0,110.0,18.2,42.0,1514.0,57.8,21.0,998.6,1012.3,1,1005.8,1801,1008.7,14.5,12.7,1200.0,3.54,28.94,,,,,,3.0,0.0,36.7,18.6,,,,,,,,,,6.0,8.6,,,,2025,7,28,193,0,0,1,0
239,세종,2025-07-13,24.4,21.3,2133.0,28.9,1250.0,0.4,1720.0,0.8,1644.0,,2.3,4.4,340,1526,2.9,290,1505,1.1,914.0,290.0,21.0,64.0,1133.0,82.3,24.8,992.1,1006.7,8,998.9,2355,1002.2,14.5,0.9,1000.0,1.5,9.39,,,,,,8.8,3.6,30.0,20.9,,,,,,,,,,1.9,2.7,,,,2025,7,28,194,0,0,1,1
239,세종,2025-07-14,22.6,19.2,427.0,30.1,1427.0,0.8,1655.0,1.5,1641.0,,1.7,10.1,290,1506,6.1,20,1515,1.6,1366.0,290.0,19.9,52.0,1421.0,86.1,23.3,984.6,998.9,1,991.6,1501,994.7,14.5,5.0,1300.0,3.23,16.65,,,,,,6.6,2.4,28.9,18.7,,,,,,,,,,2.8,4.0,,,,2025,7,29,195,0,0,1,1
239,세종,2025-07-15,22.3,20.3,409.0,25.2,1429.0,0.5,248.0,1.3,334.0,,3.5,4.8,340,1256,2.7,340,1249,1.1,924.0,270.0,20.1,70.0,1405.0,88.0,23.5,986.4,1000.7,2400,993.6,157,996.5,14.5,0.0,1300.0,1.66,9.76,,,,,,9.1,4.3,25.9,20.6,,,,,,,,,,1.7,2.4,,,,2025,7,29,196,0,0,1,1
239,세종,2025-07-16,22.3,21.3,1652.0,23.7,929.0,4.7,1815.0,14.4,1534.0,,56.0,7.0,160,2351,3.5,140,2353,1.2,1077.0,110.0,21.0,78.0,1125.0,92.8,24.9,992.1,1003.9,1536,1000.6,44,1002.3,14.4,0.0,1400.0,0.44,2.92,,,,,,10.0,4.3,24.4,20.4,,,,,,,,,,0.6,0.9,,,,2025,7,29,197,0,0,1,1
239,세종,2025-07-17,21.8,20.9,120.0,22.5,2106.0,14.2,834.0,52.6,101.0,,192.9,12.5,20,820,5.7,340,823,2.1,1773.0,110.0,21.5,92.0,2236.0,98.1,25.6,994.4,1006.9,2124,1001.5,141,1004.7,14.4,0.0,1300.0,0.25,1.02,,,,,,10.0,5.5,23.1,21.5,,,,,,,,,,0.5,0.8,,,,2025,7,29,198,0,0,1,1
239,세종,2025-07-18,24.0,21.3,430.0,28.3,1538.0,0.5,1112.0,0.5,1057.0,,0.6,4.8,160,1736,2.7,320,152,1.0,844.0,140.0,22.7,76.0,1533.0,93.0,27.6,996.3,1007.9,826,1004.5,127,1006.5,14.4,0.4,900.0,1.47,9.7,,,,,,9.1,2.5,25.8,21.1,,,,,,,,,,1.6,2.3,,,,2025,7,29,199,0,0,1,0
239,세종,2025-07-19,24.3,22.9,628.0,27.9,1555.0,3.9,734.0,5.9,718.0,,21.9,6.8,160,549,3.7,160,558,1.1,983.0,160.0,23.6,83.0,1611.0,95.8,29.1,999.0,1011.8,2256,1006.8,123,1009.1,14.4,0.2,1500.0,1.38,5.64,,,,,,8.6,3.9,26.4,23.0,,,,,,,,,,1.2,1.7,,,,2025,7,29,200,0,0,1,1
239,세종,2025-07-20,27.1,22.7,529.0,32.1,1611.0,,,,,,,5.0,140,1150,2.6,180,1211,0.5,423.0,110.0,23.5,59.0,1534.0,82.1,29.0,1002.1,1013.9,2331,1010.6,1623,1012.2,14.3,7.3,1100.0,3.1,21.17,,,,,,5.9,2.4,29.2,22.4,,,,,,,,,,3.7,5.3,,,,2025,7,29,201,0,0,1,0
239,세종,2025-07-21,27.6,23.8,453.0,32.6,1540.0,,,,,,,5.3,320,1353,2.5,200,1329,0.9,741.0,180.0,23.5,58.0,1526.0,79.6,28.9,1003.6,1015.1,826,1012.3,1708,1013.8,14.3,7.8,1300.0,3.14,22.92,,,,,,5.0,1.4,30.8,22.9,,,,,,,,,,4.4,6.3,,,,2025,7,30,202,0,0,1,0
239,세종,2025-07-22,28.1,23.9,519.0,32.8,1430.0,,,,,,,5.2,320,1651,3.3,290,1700,1.3,1101.0,320.0,23.5,55.0,1219.0,78.1,29.0,1004.0,1015.4,739,1012.7,1535,1014.1,14.3,11.3,1300.0,3.34,26.36,,,,,,5.3,0.5,31.5,23.4,,,,,,,,,,4.9,6.9,,,,2025,7,30,203,0,0,1,0
239,세종,2025-07-23,28.1,23.5,552.0,33.1,1549.0,,,,,,,4.9,290,1616,3.1,320,1631,0.8,681.0,320.0,23.0,54.0,1441.0,75.9,28.2,1002.6,1015.0,657,1010.1,1748,1012.7,14.3,10.1,1200.0,3.06,24.5,,,,,,4.4,1.1,31.6,22.9,,,,,,,,,,4.5,6.4,,,,2025,7,30,204,0,0,1,0
239,세종,2025-07-24,28.7,23.6,544.0,34.3,1549.0,,,,,,,4.1,340,2001,2.6,340,2001,0.7,620.0,290.0,23.2,49.0,1614.0,73.9,28.5,1000.2,1012.6,611,1008.0,1712,1010.3,14.2,10.7,1100.0,2.98,24.97,,,,,,2.6,2.1,32.9,23.0,,,,,,,,,,4.7,6.7,,,,2025,7,30,205,0,0,1,0
239,세종,2025-07-25,29.6,24.0,504.0,35.1,1625.0,,,,,,,5.0,70,1133,2.6,90,1029,0.9,763.0,90.0,23.6,45.0,1619.0,72.6,29.1,998.3,1009.8,515,1006.0,1709,1008.3,14.2,12.2,1200.0,3.43,28.13,,,,,,0.3,0.0,34.6,22.7,,,,,,,,,,5.5,7.8,,,,2025,7,30,206,0,0,1,0
239,세종,2025-07-26,29.8,24.4,531.0,34.9,1553.0,,,,,,,5.3,110,1339,2.9,110,1257,1.0,882.0,110.0,23.6,52.0,1232.0,71.0,29.1,997.0,1008.7,808,1004.9,1739,1007.0,14.2,11.6,1200.0,3.54,27.22,,,,,,2.0,0.0,35.9,22.8,,,,,,,,,,5.4,7.7,,,,2025,7,30,207,0,0,1,0
239,세종,2025-07-27,30.5,25.4,537.0,36.1,1634.0,,,,,,,4.6,110,921,2.6,110,929,0.6,537.0,90.0,23.2,47.0,1553.0,67.0,28.5,995.0,1006.9,1,1002.6,1725,1004.9,14.2,12.2,1200.0,3.42,28.09,,,,,,0.3,0.1,36.9,23.4,,,,,,,,,,5.2,7.5,,,,2025,7,30,208,0,0,1,0
239,세종,2025-07-28,29.7,25.4,533.0,34.9,1425.0,,,,,,,5.2,20,1820,3.0,340,1731,0.9,804.0,290.0,24.0,50.0,1723.0,73.0,29.9,993.0,1005.1,36,1000.3,1734,1002.9,14.1,9.4,1300.0,3.25,21.98,,,,,,2.0,0.9,35.2,24.8,,,,,,,,,,4.3,6.2,,,,2025,7,31,209,0,0,1,0
239,세종,2025-07-29,29.9,24.4,535.0,35.9,1524.0,,,,,,,4.8,140,1302,2.6,160,1545,0.5,474.0,110.0,22.7,41.0,1519.0,67.6,27.7,990.5,1002.1,24,997.9,1717,1000.4,14.1,11.8,1200.0,3.71,27.04,,,,,,0.5,0.5,37.2,23.5,,,,,,,,,,5.5,7.9,,,,2025,7,31,210,0,0,1,0
239,세종,2025-07-30,29.8,25.1,509.0,34.6,1515.0,,,,,,,7.1,160,1428,3.0,90,1557,1.0,836.0,110.0,22.3,44.0,1341.0,66.5,27.0,990.6,1001.6,519,998.8,1527,1000.5,14.1,9.6,1300.0,3.4,25.53,,,,,,6.0,3.3,37.5,23.8,,,,,,,,,,5.0,7.1,,,,2025,7,31,211,0,0,1,0
239,세종,2025-07-31,29.4,25.6,521.0,34.2,1453.0,,,,,,,5.1,20,1224,2.6,90,1352,0.6,541.0,110.0,21.9,45.0,1429.0,65.8,26.2,992.6,1004.0,721,1000.9,1634,1002.6,14.1,7.1,1200.0,3.34,22.08,,,,,,7.6,2.4,36.5,25.0,,,,,,,,,,4.5,6.4,,,,2025,7,31,212,0,0,1,0
239,세종,2025-08-01,29.4,24.1,529.0,35.6,1625.0,,,,,,,6.0,320,2116,3.7,290,2119,0.7,585.0,320.0,22.7,41.0,1512.0,69.5,27.5,992.8,1004.0,2348,1001.0,1609,1002.7,14.0,11.2,1300.0,3.48,26.76,,,,,,3.9,1.4,37.8,22.9,,,,,,,,,,5.2,7.5,,,,2025,8,31,213,0,0,1,0
239,세종,2025-08-02,30.0,24.3,529.0,35.3,1611.0,,,,,,,5.2,320,1343,2.9,320,1328,0.9,765.0,320.0,23.3,48.0,1314.0,69.3,28.6,992.4,1004.0,1,1000.3,1704,1002.3,14.0,11.1,1200.0,3.57,26.57,,,,,,6.9,1.8,37.9,23.5,,,,,,,,,,5.0,7.1,,,,2025,8,31,214,0,0,1,0
239,세종,2025-08-03,26.3,21.6,2015.0,30.2,1046.0,6.2,2300.0,12.7,1926.0,,45.8,6.1,160,1930,4.0,160,1931,0.6,526.0,140.0,24.0,71.0,1207.0,87.9,30.0,991.0,1003.1,114,999.1,2352,1001.0,14.0,0.0,1000.0,1.13,6.14,,,,,,10.0,4.3,30.7,21.8,,,,,,,,,,1.5,2.1,,,,2025,8,31,215,0,0,1,1
239,세종,2025-08-04,27.3,22.8,1.0,31.0,1350.0,4.1,240.0,10.4,218.0,,30.6,4.8,160,1203,2.8,320,1221,0.7,627.0,290.0,24.5,70.0,1326.0,85.4,30.8,990.4,1004.5,2335,997.6,227,1000.4,13.9,3.5,1100.0,2.32,14.97,,,,,,7.0,4.4,29.8,23.3,,,,,,,,,,2.7,3.9,,,,2025,8,32,216,0,0,1,1
239,세종,2025-08-05,28.2,23.3,536.0,32.9,1628.0,0.0,,0.0,,,0.0,5.3,200,2354,2.5,320,1526,0.9,748.0,180.0,23.3,55.0,1318.0,76.4,28.6,994.5,1005.6,825,1002.8,1725,1004.5,13.9,11.2,1200.0,3.39,26.45,,,,,,4.5,1.8,31.5,23.0,,,,,,,,,,4.7,6.8,,,,2025,8,32,217,0,0,1,0
239,세종,2025-08-06,27.0,25.5,2351.0,29.4,1118.0,4.3,1550.0,5.1,1500.0,,8.3,7.1,270,1012,3.1,200,712,1.2,1078.0,180.0,25.1,79.0,1013.0,89.9,31.9,992.3,1004.6,1,1000.5,1746,1002.3,13.9,0.5,1000.0,1.3,7.67,,,,,,8.4,2.8,29.3,,,,,,,,,,,1.6,2.2,,,,2025,8,32,218,0,0,1,1
239,세종,2025-08-07,26.3,22.4,2354.0,31.0,1329.0,,,,,,,5.8,250,1311,3.5,290,1546,1.1,961.0,290.0,22.2,59.0,1546.0,79.6,26.8,992.8,1004.9,2213,1001.5,1520,1002.8,13.8,7.4,1300.0,2.94,22.65,,,,,,4.6,1.8,30.5,,,,,,,,,,,3.9,5.6,,,,2025,8,32,219,0,0,1,0
239,세종,2025-08-08,24.9,21.1,503.0,29.6,1349.0,,,,,,,4.4,270,904,2.0,270,1517,0.7,580.0,290.0,21.7,59.0,1400.0,83.9,26.0,994.6,1006.0,2222,1003.7,1403,1004.8,13.8,5.1,1200.0,2.85,18.67,,,,,,8.4,3.9,28.7,23.3,,,,,,,,,,3.0,4.2,,,,2025,8,32,220,0,0,1,0
239,세종,2025-08-09,23.7,22.0,2400.0,26.0,1447.0,0.2,,0.4,1544.0,,0.6,4.1,90,1720,2.3,50,1720,0.7,640.0,50.0,22.0,79.0,1502.0,91.0,26.5,993.7,1005.9,209,1002.3,1817,1003.9,13.8,0.0,1000.0,0.75,5.1,,,,,,9.1,1.9,26.6,21.6,,,,,,,,,,1.3,1.9,,,,2025,8,32,221,0,0,1,0
239,세종,2025-08-10,25.5,20.5,507.0,31.3,1513.0,,,,,,,6.1,90,1130,2.7,90,936,0.9,768.0,290.0,19.7,44.0,1349.0,73.1,23.1,991.7,1004.0,2356,1000.3,1518,1001.8,13.8,10.9,1200.0,3.48,25.84,,,,,,3.3,0.4,29.6,19.9,,,,,,,,,,4.6,6.6,,,,2025,8,32,222,0,0,1,0
239,세종,2025-08-11,23.7,21.8,540.0,27.1,1322.0,0.5,1533.0,1.1,1450.0,,2.7,4.2,320,1234,2.6,320,1234,0.5,462.0,110.0,22.4,75.0,1059.0,92.6,27.1,995.1,1007.2,2355,1003.8,7,1005.3,13.7,0.0,1000.0,1.31,6.59,,,,,,8.5,3.8,26.4,21.6,,,,,,,,,,1.3,1.8,,,,2025,8,33,223,0,0,1,1
239,세종,2025-08-12,24.1,21.0,430.0,28.9,1409.0,0.1,,0.1,,,0.1,5.4,110,1143,3.1,90,1403,1.2,1068.0,110.0,21.3,63.0,1320.0,85.4,25.3,1000.0,1012.7,2324,1007.2,5,1010.3,13.7,2.4,1300.0,3.17,14.32,,,,,,8.8,5.3,27.8,21.1,,,,,,,,,,2.6,3.7,,,,2025,8,33,224,0,0,1,0
239,세종,2025-08-13,26.3,23.2,231.0,30.9,1400.0,1.7,226.0,2.1,143.0,,2.9,7.1,200,1618,3.2,200,1400,0.8,718.0,200.0,23.8,68.0,1402.0,87.0,29.5,1002.6,1014.6,2302,1011.4,1619,1012.8,13.6,1.6,1300.0,2.66,12.69,,,,,,8.8,3.8,28.6,23.4,,,,,,,,,,2.6,3.7,,,,2025,8,33,225,0,0,1,1
239,세종,2025-08-14,27.3,23.7,17.0,30.8,1118.0,0.8,1238.0,0.8,1148.0,,0.8,6.6,160,1123,3.8,180,1142,1.3,1154.0,180.0,23.6,65.0,1623.0,80.6,29.1,1004.8,1016.3,2255,1013.8,356,1014.9,13.6,4.2,1000.0,2.87,17.51,,,,,,6.4,3.5,29.6,24.0,,,,,,,,,,3.0,4.3,,,,2025,8,33,226,0,0,1,0
239,세종,2025-08-15,27.7,24.1,449.0,32.4,1323.0,0.0,,0.0,,,0.0,4.8,230,1450,2.6,320,1921,0.8,649.0,290.0,24.2,60.0,1350.0,82.3,30.2,1004.8,1016.6,708,1013.3,1845,1015.0,13.6,5.9,1100.0,3.24,20.07,,,,,,3.5,3.1,30.8,24.0,,,,,,,,,,3.4,4.9,,,,2025,8,33,227,0,0,1,0
239,세종,2025-08-16,27.1,24.1,515.0,32.1,1659.0,,,,,,,4.8,290,1054,2.5,290,1245,0.6,501.0,320.0,23.5,56.0,1429.0,82.4,29.0,1003.5,1014.8,815,1012.0,1745,1013.7,13.6,6.8,1300.0,3.08,20.69,,,,,,2.1,1.4,31.2,23.0,,,,,,,,,,3.7,5.3,,,,2025,8,33,228,0,0,1,0
239,세종,2025-08-17,27.1,22.8,525.0,32.5,1539.0,,,,,,,4.5,230,1255,2.6,320,258,0.5,459.0,290.0,23.2,58.0,1340.0,81.3,28.5,1004.5,1015.9,935,1012.9,1815,1014.7,13.5,5.7,1300.0,2.46,18.73,,,,,,6.0,2.8,31.3,21.9,,,,,,,,,,3.4,4.8,,,,2025,8,33,229,0,0,1,0
239,세종,2025-08-18,27.7,24.1,619.0,33.1,1602.0,,,,,,,4.8,250,1442,2.3,230,1433,0.8,701.0,180.0,23.3,54.0,1647.0,78.5,28.7,1004.1,1016.0,531,1012.2,1558,1014.2,13.5,8.2,1200.0,3.33,23.21,,,,,,6.1,3.0,33.4,23.8,,,,,,,,,,4.2,6.0,,,,2025,8,34,230,0,0,1,0
239,세종,2025-08-19,28.3,25.3,610.0,32.6,1630.0,,,,,,,6.1,340,1549,2.6,180,1127,0.9,778.0,200.0,23.8,55.0,1546.0,77.8,29.4,1001.5,1013.5,1,1009.5,1733,1011.6,13.4,7.6,1200.0,3.0,21.66,,,,,,4.0,1.5,34.3,24.4,,,,,,,,,,4.0,5.7,,,,2025,8,34,231,0,0,1,0
239,세종,2025-08-20,28.0,24.0,541.0,33.2,1551.0,,,,,,,5.1,160,929,3.6,140,930,1.0,848.0,180.0,23.6,57.0,1348.0,78.4,29.1,999.8,1011.5,2,1007.6,1643,1009.9,13.4,9.4,1300.0,3.03,23.14,,,,,,3.6,0.8,34.6,23.2,,,,,,,,,,4.2,5.9,,,,2025,8,34,232,0,0,1,0
239,세종,2025-08-21,28.7,24.3,552.0,34.8,1533.0,0.0,,0.0,,,0.0,4.9,320,1856,2.9,290,1906,1.0,873.0,290.0,23.4,47.0,1454.0,75.5,28.8,999.9,1011.8,645,1008.0,1706,1010.0,13.4,9.3,1200.0,3.35,23.84,,,,,,4.3,1.0,36.0,24.0,,,,,,,,,,4.8,6.8,,,,2025,8,34,233,0,0,1,0
239,세종,2025-08-22,28.0,24.4,502.0,33.3,1430.0,,,,,,,5.6,270,1353,2.9,320,1200,1.1,919.0,290.0,23.7,53.0,1345.0,79.0,29.2,999.2,1010.4,44,1007.2,1612,1009.3,13.3,6.5,1300.0,3.12,19.27,,,,,,3.4,1.1,33.8,23.8,,,,,,,,,,3.8,5.4,,,,2025,8,34,234,0,0,1,0
239,세종,2025-08-23,28.4,23.2,541.0,33.8,1643.0,,,,,,,3.7,290,1343,2.2,290,1342,0.8,670.0,320.0,23.8,55.0,1530.0,78.4,29.6,1000.4,1011.9,2332,1008.9,1650,1010.5,13.3,9.0,1200.0,3.09,22.31,,,,,,1.6,1.4,34.6,22.4,,,,,,,,,,4.2,6.0,,,,2025,8,34,235,0,0,1,0
239,세종,2025-08-24,29.0,24.6,603.0,34.5,1647.0,,,,,,,5.8,270,1459,2.7,320,208,0.8,650.0,180.0,23.5,48.0,1537.0,74.3,29.0,1001.4,1012.9,706,1009.7,1730,1011.4,13.3,10.0,1300.0,3.0,23.08,,,,,,0.5,0.5,36.3,24.2,,,,,,,,,,4.4,6.2,,,,2025,8,34,236,0,0,1,0
239,세종,2025-08-25,29.0,25.1,526.0,33.6,1430.0,0.0,,0.0,,,0.0,7.6,200,2338,3.8,180,2352,1.1,992.0,160.0,23.9,56.0,1414.0,75.3,29.7,1000.0,1012.3,656,1007.8,1629,1010.1,13.2,8.9,1300.0,3.07,22.75,,,,,,3.0,0.9,36.2,24.2,,,,,,,,,,4.2,6.1,,,,2025,8,35,237,0,0,1,0
239,세종,2025-08-26,25.6,23.7,2353.0,29.0,1708.0,18.4,455.0,35.7,416.0,,45.4,8.7,200,410,3.9,180,335,1.3,1130.0,180.0,23.7,75.0,1.0,90.0,29.3,998.9,1011.2,2343,1006.8,351,1009.1,13.2,2.3,1500.0,2.0,8.54,,,,,,6.3,3.6,28.5,23.4,,,,,,,,,,1.6,2.3,,,,2025,8,35,238,0,0,1,1
239,세종,2025-08-27,25.2,22.0,558.0,31.4,1640.0,,,,,,,5.7,20,1031,3.3,340,1122,0.8,685.0,320.0,21.8,51.0,1543.0,83.3,26.1,1001.1,1013.3,2305,1010.0,1501,1011.3,13.2,6.8,1100.0,3.1,19.58,,,,,,3.8,1.8,29.3,22.1,,,,,,,,,,3.6,5.2,,,,2025,8,35,239,0,0,1,0
239,세종,2025-08-28,27.2,22.4,227.0,32.0,1454.0,,,,,,,5.6,110,857,3.0,180,1318,1.0,824.0,180.0,22.7,60.0,1154.0,77.8,27.7,1002.1,1013.5,708,1010.9,1549,1012.3,13.1,7.0,1100.0,2.78,19.7,,,,,,5.8,2.5,30.4,22.3,,,,,,,,,,3.6,5.2,,,,2025,8,35,240,0,0,1,0
239,세종,2025-08-29,28.3,25.3,612.0,32.5,1521.0,0.0,,0.0,,,0.0,6.1,230,1317,3.1,200,1205,1.3,1102.0,180.0,24.1,63.0,1505.0,79.4,30.0,1003.6,1015.3,2343,1012.4,1619,1013.7,13.1,8.7,1400.0,2.74,19.81,,,,,,3.4,1.4,30.9,24.5,,,,,,,,,,3.7,5.3,,,,2025,8,35,241,0,0,1,0
239,세종,2025-08-30,28.1,25.5,154.0,33.5,1616.0,,,,,,,4.9,320,1139,2.8,270,1144,1.0,858.0,320.0,24.2,55.0,1258.0,80.8,30.2,1003.8,1015.7,637,1011.7,1721,1013.9,13.0,8.2,1300.0,3.03,21.08,,,,,,2.4,1.3,32.2,25.0,,,,,,,,,,4.0,5.7,,,,2025,8,35,242,0,0,1,0
239,세종,2025-08-31,27.2,24.2,424.0,32.3,1433.0,,,,,,,5.3,200,1230,2.7,180,1112,1.0,830.0,180.0,23.2,54.0,1443.0,80.3,28.4,999.8,1013.2,1,1008.0,1550,1009.9,13.0,6.8,1200.0,2.86,18.54,,,,,,5.9,1.4,31.4,24.1,,,,,,,,,,3.4,4.9,,,,2025,8,35,243,0,0,1,0
239,세종,2025-09-01,26.3,24.2,2321.0,31.2,1153.0,2.9,1537.0,7.8,1455.0,,8.0,9.1,180,1529,3.6,180,1052,1.2,1053.0,180.0,23.4,63.0,1143.0,85.1,28.8,996.4,1008.2,14,1004.2,1419,1006.5,13.0,3.6,1100.0,2.82,13.94,,,,,,7.8,2.4,29.4,23.8,,,,,,,,,,2.6,3.7,,,,2025,9,36,244,0,0,1,1
239,세종,2025-09-02,24.4,20.7,2347.0,29.7,1614.0,0.0,,0.0,,,0.0,3.9,250,21,2.1,270,1759,0.8,650.0,340.0,21.1,50.0,1351.0,83.6,25.2,999.5,1012.1,2400,1007.3,104,1009.7,12.9,4.9,1300.0,3.02,15.32,,,,,,6.0,2.1,28.7,20.3,,,,,,,,,,2.8,4.1,,,,2025,9,36,245,0,0,1,0
239,세종,2025-09-03,25.6,19.8,245.0,33.1,1639.0,0.0,,0.0,,,0.0,6.8,180,1845,3.6,160,1850,0.9,809.0,110.0,21.5,52.0,1342.0,79.9,25.8,1000.7,1012.4,713,1008.5,1613,1010.9,12.9,9.4,1200.0,3.23,22.13,,,,,,4.8,1.9,28.9,19.3,,,,,,,,,,4.1,5.9,,,,2025,9,36,246,0,0,1,0
239,세종,2025-09-04,26.0,23.8,19.0,31.3,1606.0,0.1,,0.2,,,0.2,4.5,140,2114,3.1,290,1708,1.2,1010.0,90.0,22.1,56.0,1633.0,79.9,26.7,999.5,1011.6,1,1007.7,1606,1009.6,12.9,2.7,1400.0,2.19,10.85,,,,,,6.5,3.0,29.2,23.5,,,,,,,,,,2.4,3.4,,,,2025,9,36,247,0,0,1,0
239,세종,2025-09-05,27.4,22.7,547.0,33.1,1506.0,,,,,,,4.5,320,1330,2.2,180,1147,0.8,691.0,200.0,22.7,53.0,1507.0,77.0,27.5,999.8,1011.3,2134,1008.3,1500,1009.9,12.8,9.5,1300.0,3.14,21.94,,,,,,2.5,0.8,31.0,22.2,,,,,,,,,,4.0,5.7,,,,2025,9,36,248,0,0,1,0
239,세종,2025-09-06,26.9,22.7,2356.0,31.5,1358.0,7.1,2126.0,10.2,2120.0,,1.7,7.6,230,1550,3.5,250,1548,1.4,1192.0,180.0,23.5,63.0,1423.0,82.8,29.0,998.2,1011.1,1,1006.5,1701,1008.3,12.8,5.9,1200.0,2.52,17.2,,,,,,5.6,2.6,30.3,23.0,,,,,,,,,,3.2,4.5,,,,2025,9,36,249,0,0,1,1
239,세종,2025-09-07,24.2,20.2,2358.0,28.7,1343.0,1.4,506.0,1.6,439.0,,3.2,4.9,250,140,3.0,290,1834,1.1,992.0,290.0,22.4,66.0,1352.0,91.0,27.2,998.1,1010.8,2352,1006.6,44,1008.3,12.7,0.8,1300.0,2.18,10.07,,,,,,8.8,4.4,27.7,19.5,,,,,,,,,,1.9,2.7,,,,2025,9,36,250,0,0,1,1
239,세종,2025-09-08,21.2,18.0,538.0,24.4,1329.0,0.1,,0.2,,,0.2,3.1,290,1900,2.0,290,1525,0.7,583.0,320.0,19.9,73.0,1247.0,93.1,23.3,1001.0,1012.4,917,1009.9,1633,1011.4,12.7,0.1,1000.0,1.49,7.99,,,,,,9.3,4.8,25.0,18.4,,,,,,,,,,1.3,1.8,,,,2025,9,37,251,0,0,1,0
239,세종,2025-09-09,20.6,19.7,1954.0,22.3,1632.0,0.3,1013.0,1.0,945.0,,3.1,4.5,110,1233,2.8,110,1343,1.1,919.0,110.0,18.9,72.0,1533.0,90.5,21.8,1002.8,1014.7,1152,1011.5,424,1013.2,12.7,0.2,1400.0,1.01,6.03,,,,,,9.1,5.1,24.4,20.0,,,,,,,,,,1.1,1.6,,,,2025,9,37,252,0,0,1,1
239,세종,2025-09-10,23.1,19.1,319.0,29.2,1610.0,,,,,,,5.2,110,1427,2.9,20,1317,0.9,744.0,50.0,19.3,52.0,1612.0,80.6,22.4,1002.5,1014.6,2307,1011.2,1516,1012.8,12.6,5.2,1200.0,2.84,17.09,,,,,,2.8,2.4,26.5,18.9,,,,,,,,,,3.1,4.5,,,,2025,9,37,253,0,0,1,0
239,세종,2025-09-11,24.1,18.6,602.0,29.8,1349.0,,,,,,,7.4,110,1405,4.1,110,1248,1.5,1327.0,110.0,17.7,48.0,1240.0,70.3,20.3,1005.1,1017.6,948,1013.5,1724,1015.3,12.6,9.7,1200.0,3.13,22.48,,,,,,3.4,1.1,26.6,17.1,,,,,,,,,,4.5,6.4,,,,2025,9,37,254,0,0,1,0
239,세종,2025-09-12,22.6,21.1,656.0,25.9,1154.0,3.0,2056.0,9.1,2133.0,,28.1,5.2,90,1010,3.3,110,1018,1.6,1377.0,90.0,19.3,57.0,12.0,83.0,22.6,1002.4,1016.1,212,1007.9,2357,1012.7,12.6,0.0,1000.0,1.19,6.03,,,,,,9.9,4.0,24.2,20.1,,,,,,,,,,1.3,1.9,,,,2025,9,37,255,0,0,1,1
239,세종,2025-09-13,24.4,21.4,1.0,27.9,1416.0,10.0,529.0,24.0,515.0,,31.5,9.0,230,748,4.2,160,636,1.6,1353.0,180.0,22.1,68.0,1419.0,87.9,26.7,996.0,1009.9,2338,1002.3,646,1006.1,12.5,4.7,1200.0,2.95,16.45,,,,,,8.6,5.6,27.1,22.0,,,,,,,,,,3.0,4.2,,,,2025,9,37,256,0,0,1,1
239,세종,2025-09-14,24.4,21.1,250.0,29.0,1458.0,0.0,,0.0,,,0.0,3.4,160,13,2.5,160,16,0.6,535.0,320.0,21.5,59.0,1342.0,85.8,25.7,1001.4,1014.1,2322,1009.3,14,1011.6,12.5,2.4,1300.0,2.12,13.53,,,,,,8.6,4.9,27.6,21.1,,,,,,,,,,2.2,3.2,,,,2025,9,37,257,0,0,1,0
239,세종,2025-09-15,24.3,21.4,420.0,28.3,1425.0,,,,,,,3.0,90,1239,1.8,320,1848,0.6,525.0,140.0,21.8,63.0,1442.0,87.4,26.2,1004.9,1016.8,936,1013.5,1523,1015.2,12.4,1.2,1200.0,2.09,12.31,,,,,,7.4,4.4,27.0,21.4,,,,,,,,,,2.2,3.1,,,,2025,9,38,258,0,0,1,0
239,세종,2025-09-16,24.8,22.0,302.0,30.5,1253.0,5.3,1815.0,11.9,1728.0,,21.0,6.6,320,1714,3.6,320,1622,1.0,897.0,180.0,22.8,69.0,1256.0,89.5,27.7,1002.3,1015.2,1,1009.9,1458,1012.5,12.4,3.6,1200.0,2.22,13.56,,,,,,7.3,3.3,28.2,22.0,,,,,,,,,,2.3,3.3,,,,2025,9,38,259,0,0,1,1
239,세종,2025-09-17,22.8,20.8,2357.0,25.5,1016.0,17.7,1056.0,19.6,1048.0,,30.6,13.8,320,1055,6.2,290,1057,0.9,750.0,160.0,22.1,86.0,1056.0,95.6,26.6,1000.2,1012.7,1055,1007.5,1339,1010.4,12.4,0.0,800.0,0.61,4.19,,,,,,9.1,4.3,25.6,20.9,,,,,,,,,,0.7,1.1,,,,2025,9,38,260,0,0,1,1
239,세종,2025-09-18,21.4,19.5,2112.0,26.1,1352.0,0.0,,0.0,,,0.0,6.6,110,1718,3.5,110,1724,1.3,1128.0,90.0,18.3,63.0,1603.0,83.9,21.2,1005.1,1018.1,2150,1011.5,20,1015.4,12.3,3.2,1300.0,2.33,11.03,,,,,,6.6,4.5,24.5,18.1,,,,,,,,,,2.2,3.2,,,,2025,9,38,261,0,0,1,0
239,세종,2025-09-19,19.7,17.7,2222.0,22.9,1125.0,1.0,2307.0,3.3,2228.0,,7.8,4.7,90,253,2.7,90,1716,1.6,1401.0,90.0,16.3,66.0,1104.0,81.1,18.5,1005.4,1019.1,837,1010.2,2400,1015.9,12.3,0.0,1000.0,1.08,5.76,,,,,,9.8,4.1,22.5,18.0,,,,,,,,,,1.2,1.7,,,,2025,9,38,262,0,0,1,1
239,세종,2025-09-20,19.4,17.5,457.0,23.3,1616.0,11.2,505.0,42.4,430.0,,67.5,11.3,180,434,5.5,270,435,1.0,880.0,290.0,18.1,75.0,1511.0,92.8,20.7,999.1,1013.3,2333,1005.5,405,1009.5,12.2,0.4,1200.0,1.21,8.37,,,,,,7.5,2.9,22.6,17.1,,,,,,,,,,1.4,2.0,,,,2025,9,38,263,0,0,1,1
239,세종,2025-09-21,20.7,16.9,317.0,26.1,1539.0,,,,,,,4.3,110,1345,2.4,90,1641,1.0,826.0,90.0,16.9,55.0,1652.0,80.6,19.3,1006.5,1020.7,2352,1013.3,1,1016.9,12.2,4.2,1100.0,2.56,13.69,,,,,,5.5,4.0,23.0,16.4,,,,,,,,,,2.6,3.6,,,,2025,9,38,264,0,0,1,0
239,세종,2025-09-22,20.9,17.4,623.0,23.8,1127.0,,,,,,,6.9,110,1400,3.5,110,1127,1.9,1673.0,110.0,14.7,58.0,1511.0,68.5,16.8,1009.8,1021.5,934,1018.5,1557,1020.3,12.2,1.0,1100.0,1.9,11.64,,,,,,9.6,4.6,23.3,16.8,,,,,,,,,,2.4,3.4,,,,2025,9,39,265,0,0,1,0
239,세종,2025-09-23,21.6,18.0,602.0,26.4,1320.0,0.0,,0.0,,,0.0,7.0,110,1054,4.1,110,1104,1.9,1623.0,90.0,14.7,44.0,1420.0,66.1,16.8,1008.0,1020.9,27,1016.1,1545,1018.4,12.1,6.9,1200.0,3.12,19.24,,,,,,7.4,3.1,24.2,17.4,,,,,,,,,,3.8,5.5,,,,2025,9,39,266,0,0,1,0
239,세종,2025-09-24,22.2,18.2,500.0,26.8,1432.0,9.9,1542.0,11.2,1531.0,,12.6,9.1,270,1538,4.8,290,1541,0.8,715.0,110.0,19.2,67.0,1245.0,83.9,22.5,1003.8,1017.3,7,1011.9,1404,1014.1,12.1,1.1,1200.0,1.22,8.06,,,,,,9.0,4.0,24.1,17.0,,,,,,,,,,1.3,1.8,,,,2025,9,39,267,0,0,1,1
239,세종,2025-09-25,21.5,20.5,2147.0,22.5,1725.0,1.5,344.0,4.7,344.0,,15.0,2.9,340,1258,2.0,320,1226,0.2,149.0,20.0,21.0,89.0,1104.0,97.4,24.9,1007.4,1019.6,2222,1015.1,17,1017.8,12.0,0.0,1000.0,0.51,3.5,,,,,,9.5,6.8,23.7,20.2,,,,,,,,,,0.7,1.0,,,,2025,9,39,268,0,0,1,1
239,세종,2025-09-26,20.7,18.3,354.0,25.3,1459.0,,,,,,,3.4,90,1007,2.0,70,1146,0.4,318.0,20.0,18.1,58.0,1442.0,86.8,20.8,1008.8,1020.9,813,1017.3,1628,1019.3,12.0,5.2,1100.0,2.57,14.29,,,,,,5.5,2.1,24.2,17.9,,,,,,,,,,2.3,3.2,,,,2025,9,39,269,0,0,1,0
239,세종,2025-09-27,22.4,17.3,551.0,28.0,1425.0,0.0,,0.0,,,0.0,4.6,160,1215,2.6,140,1103,0.4,369.0,110.0,18.6,53.0,1427.0,81.1,21.5,1006.5,1019.1,49,1014.7,2400,1016.9,12.0,5.7,1200.0,2.74,16.28,,,,,,6.4,3.4,24.9,15.9,,,,,,,,,,2.5,3.5,,,,2025,9,39,270,0,0,1,0
239,세종,2025-09-28,20.1,18.0,2251.0,21.6,9.0,7.3,1143.0,15.6,1105.0,,29.3,4.8,320,1138,3.2,320,1139,0.8,692.0,270.0,19.4,89.0,2145.0,96.1,22.6,1000.8,1014.8,1,1008.6,1444,1011.2,11.9,0.0,1300.0,0.66,3.18,,,,,,9.3,5.4,23.1,18.4,,,,,,,,,,0.7,1.0,,,,2025,9,39,271,0,0,1,1
239,세종,2025-09-29,19.9,16.7,2332.0,25.0,1517.0,,,,,,,4.4,340,1118,2.6,290,1057,0.9,772.0,320.0,16.1,50.0,1456.0,81.3,18.4,1002.5,1014.3,2336,1011.3,1613,1012.9,11.9,6.1,1400.0,2.43,16.81,,,,,,5.1,2.6,23.8,16.6,,,,,,,,,,2.8,4.0,,,,2025,9,40,272,0,0,1,0
239,세종,2025-09-30,18.4,15.2,321.0,23.9,1547.0,,,,,,,4.8,320,1419,2.6,320,1418,0.7,625.0,200.0,15.6,57.0,1437.0,85.4,17.7,1002.7,1015.0,847,1010.8,1655,1013.2,11.9,4.2,1100.0,2.04,12.83,,,,,,5.0,3.8,22.0,14.8,,,,,,,,,,2.0,2.9,,,,2025,9,40,273,0,0,1,0
239,세종,2025-10-01,19.2,14.3,459.0,26.1,1407.0,,,,,,,3.9,320,1855,2.4,320,1809,0.7,627.0,320.0,15.7,49.0,1414.0,82.4,17.8,1003.7,1016.0,2215,1012.4,1456,1014.2,11.8,7.0,1200.0,2.7,16.82,,,,,,5.6,3.1,22.6,13.9,,,,,,,,,,2.7,3.8,,,,2025,10,40,274,0,0,1,0
239,세종,2025-10-02,19.8,16.3,535.0,24.9,1357.0,0.2,,0.5,2236.0,,0.5,3.8,90,1416,2.1,90,1344,0.3,246.0,50.0,16.9,53.0,1431.0,85.3,19.3,1007.0,1018.9,2254,1015.7,14,1017.5,11.8,2.3,1200.0,2.22,10.21,,,,,,9.8,3.6,22.6,16.1,,,,,,,,,,1.6,2.3,,,,2025,10,40,275,0,0,1,0
239,세종,2025-10-03,18.4,17.8,2125.0,19.9,1349.0,1.0,2114.0,2.0,238.0,,16.3,6.5,90,947,3.7,90,1414,1.5,1326.0,90.0,17.8,81.0,1412.0,96.6,20.4,1005.4,1018.9,108,1013.8,2400,1015.9,11.7,0.0,1300.0,0.96,5.26,,,,,,8.9,2.4,21.5,18.4,,,,,,,,,,0.9,1.2,,,,2025,10,40,276,0,0,1,1
239,세종,2025-10-04,20.8,18.0,1.0,23.5,1527.0,0.6,120.0,1.4,57.0,,3.3,3.5,90,1347,2.0,110,1330,0.4,377.0,90.0,19.8,82.0,1523.0,94.9,23.2,1003.0,1014.6,2301,1012.3,1501,1013.4,11.7,0.1,1300.0,1.15,6.46,,,,,,8.5,6.6,23.1,18.7,,,,,,,,,,1.1,1.5,,,,2025,10,40,277,0,0,1,1
239,세종,2025-10-05,21.1,20.1,617.0,24.0,1355.0,0.4,1443.0,0.5,1432.0,,0.8,3.0,270,1133,1.8,340,1135,0.3,290.0,180.0,20.5,82.0,1411.0,96.5,24.1,1003.8,1015.6,912,1012.5,1608,1014.2,11.7,0.0,1200.0,0.87,4.69,,,,,,9.0,4.6,23.0,19.9,,,,,,,,,,0.8,1.2,,,,2025,10,40,278,0,0,1,0
239,세종,2025-10-06,19.6,17.7,2310.0,21.4,915.0,2.0,2306.0,6.7,1947.0,,32.2,5.0,160,1321,3.1,90,1428,1.4,1227.0,90.0,19.2,90.0,1355.0,97.8,22.2,1004.4,1016.3,959,1014.1,1443,1014.9,11.6,0.0,800.0,0.38,2.08,,,,,,9.9,7.0,22.1,18.9,,,,,,,,,,0.5,0.7,,,,2025,10,41,279,0,0,1,1
239,세종,2025-10-07,19.6,17.8,1.0,21.2,1249.0,1.4,219.0,3.8,212.0,,18.4,4.7,90,1146,2.8,90,29,1.2,1024.0,90.0,19.3,90.0,1210.0,98.4,22.4,1004.1,1015.8,954,1013.2,1549,1014.6,11.6,0.0,1000.0,1.12,3.85,,,,,,9.1,4.5,21.4,19.4,,,,,,,,,,0.7,1.0,,,,2025,10,41,280,0,0,1,1
239,세종,2025-10-08,21.1,19.2,433.0,25.3,1527.0,0.4,57.0,1.7,35.0,,2.1,4.1,70,1537,1.9,20,1055,0.6,521.0,90.0,19.5,69.0,1557.0,91.3,22.7,1005.8,1018.0,1016,1014.4,1636,1016.2,11.5,2.0,1200.0,1.69,8.8,,,,,,6.5,6.3,23.5,18.6,,,,,,,,,,1.6,2.3,,,,2025,10,41,281,0,0,1,1
239,세종,2025-10-09,21.3,18.6,2154.0,25.8,1123.0,,,,,,,8.6,90,1128,4.1,140,1200,1.9,1646.0,90.0,16.7,59.0,1124.0,75.8,19.0,1008.1,1019.7,800,1017.2,54,1018.5,11.5,4.0,1200.0,2.4,12.58,,,,,,7.9,4.5,23.0,17.5,,,,,,,,,,2.4,3.5,,,,2025,10,41,282,0,0,1,0
239,세종,2025-10-10,20.6,18.0,329.0,25.6,1305.0,,,,,,,5.4,140,1142,2.7,140,1144,1.0,887.0,110.0,16.4,57.0,1307.0,77.9,18.7,1006.5,1019.2,1,1015.0,1530,1017.0,11.5,1.7,1200.0,2.53,9.68,,,,,,9.3,5.5,22.5,17.7,,,,,,,,,,1.9,2.7,,,,2025,10,41,283,0,0,1,0
239,세종,2025-10-11,22.7,18.4,606.0,27.5,1447.0,,,,,,,5.9,160,1303,3.0,200,1501,1.2,1030.0,180.0,18.0,52.0,1452.0,76.6,20.7,1002.2,1015.9,1,1010.2,1542,1012.5,11.4,7.9,1100.0,2.52,16.0,,,,,,3.4,1.8,24.3,17.7,,,,,,,,,,2.7,3.9,,,,2025,10,41,284,0,0,1,0
239,세종,2025-10-12,20.4,18.0,2301.0,22.4,1.0,0.5,27.0,0.5,22.0,,1.5,5.2,20,1905,2.6,340,624,0.9,800.0,90.0,18.6,74.0,1322.0,89.9,21.4,1002.8,1015.3,2120,1010.5,103,1013.2,11.4,0.0,900.0,0.73,4.52,,,,,,8.9,6.4,22.8,18.7,,,,,,,,,,0.9,1.2,,,,2025,10,41,285,0,0,1,1
239,세종,2025-10-13,17.7,16.3,2251.0,18.5,1031.0,5.6,1833.0,13.2,1814.0,,45.9,5.5,70,1952,2.9,290,1152,0.8,687.0,90.0,17.4,94.0,452.0,98.5,19.9,1003.8,1015.2,1,1012.9,1459,1014.3,11.4,0.0,1300.0,0.2,1.1,,,,,,9.4,7.8,20.2,17.7,,,,,,,,,,0.4,0.5,,,,2025,10,42,286,0,0,1,1
239,세종,2025-10-14,17.5,15.2,630.0,20.9,1553.0,0.7,627.0,1.7,324.0,,5.6,4.1,360,629,2.1,360,346,1.0,887.0,50.0,16.1,76.0,1624.0,91.8,18.3,1006.4,1020.2,2225,1014.1,319,1017.0,11.3,0.0,1300.0,1.05,5.99,,,,,,7.1,5.1,20.2,15.3,,,,,,,,,,1.1,1.6,,,,2025,10,42,287,0,0,1,1
239,세종,2025-10-15,19.7,15.2,631.0,25.2,1153.0,3.7,2309.0,14.4,2300.0,,33.7,7.2,110,1356,3.7,110,1331,1.4,1215.0,110.0,16.3,55.0,1147.0,82.9,18.6,1007.8,1021.0,731,1015.5,2343,1018.3,11.3,5.9,1100.0,2.46,12.71,,,,,,6.5,3.0,21.1,13.8,,,,,,,,,,2.1,3.1,,,,2025,10,42,288,0,0,1,1
239,세종,2025-10-16,19.1,17.3,139.0,22.9,1546.0,3.2,23.0,13.2,18.0,,26.9,3.8,290,1306,2.4,110,2253,0.9,768.0,110.0,17.7,75.0,1540.0,92.5,20.3,1007.5,1022.3,2346,1014.2,354,1018.0,11.2,0.8,1200.0,1.09,6.29,,,,,,6.0,4.0,21.1,15.7,,,,,,,,,,1.2,1.7,,,,2025,10,42,289,0,0,1,1
239,세종,2025-10-17,19.4,15.1,640.0,25.3,1302.0,2.6,2208.0,10.9,2208.0,,25.5,6.0,90,1332,3.5,110,1408,1.4,1171.0,90.0,16.1,55.0,1236.0,82.9,18.3,1009.7,1023.8,715,1016.2,2153,1020.2,11.2,6.6,1200.0,2.44,13.58,,,,,,5.9,2.5,21.4,13.4,,,,,,,,,,2.3,3.2,,,,2025,10,42,290,0,0,1,1
239,세종,2025-10-18,16.3,13.5,2049.0,18.5,1352.0,1.3,1.0,3.8,1.0,,15.6,7.3,290,1059,3.7,320,1312,1.6,1373.0,290.0,14.8,75.0,1402.0,92.0,17.0,1008.9,1023.7,2317,1014.8,247,1019.6,11.2,0.0,1300.0,1.16,5.55,,,,,,9.9,6.0,19.4,13.2,,,,,,,,,,1.0,1.5,,,,2025,10,42,291,0,0,1,1
239,세종,2025-10-19,15.7,10.8,2358.0,21.2,1415.0,,,,,,,6.2,340,1837,4.1,320,1844,1.3,1096.0,290.0,11.9,58.0,1459.0,79.5,14.1,1012.6,1025.8,2242,1020.9,1358,1023.3,11.1,4.2,1100.0,1.67,11.23,,,,,,6.6,2.6,18.8,8.9,,,,,,,,,,1.9,2.8,,,,2025,10,42,292,0,0,1,0
239,세종,2025-10-20,11.2,5.9,616.0,16.0,1535.0,,,,,,,5.4,340,1610,3.3,320,1330,1.9,1653.0,320.0,6.2,57.0,1247.0,72.4,9.5,1016.4,1028.6,927,1025.6,11,1027.3,11.1,6.8,1000.0,2.15,14.23,,,,,,5.4,4.1,15.3,4.8,,,,,,,,,,2.0,2.9,,,,2025,10,43,293,0,0,1,0
239,세종,2025-10-21,10.6,7.8,2337.0,14.6,1319.0,,,,,,,5.4,340,1659,3.3,320,1701,1.7,1491.0,290.0,5.6,63.0,1325.0,71.6,9.1,1017.9,1030.0,832,1027.1,1404,1028.8,11.1,0.6,1000.0,1.31,8.79,,,,,,8.5,4.0,14.6,6.4,,,,,,,,,,1.4,2.0,,,,2025,10,43,294,0,0,1,0
239,세종,2025-10-22,13.3,6.7,457.0,20.5,1520.0,,,,,,,5.0,90,1355,2.9,90,1643,1.0,877.0,90.0,9.4,56.0,1516.0,79.3,11.9,1016.8,1029.7,831,1025.2,1445,1027.7,11.0,7.4,1200.0,2.15,14.33,,,,,,2.9,1.9,15.7,5.6,,,,,,,,,,2.1,3.0,,,,2025,10,43,295,0,0,1,0
239,세종,2025-10-23,15.0,10.3,638.0,21.3,1555.0,,,,,,,4.2,230,1317,2.5,320,1931,0.7,574.0,70.0,11.4,48.0,1535.0,81.1,13.5,1015.8,1028.2,837,1024.3,1502,1026.6,11.0,7.2,1100.0,2.07,12.91,,,,,,3.3,2.4,16.5,8.0,,,,,,,,,,2.0,2.9,,,,2025,10,43,296,0,0,1,0
239,세종,2025-10-24,14.9,10.3,657.0,20.4,1419.0,,,,,,,6.9,110,1159,3.6,90,1219,1.0,825.0,90.0,11.2,53.0,1427.0,80.8,13.3,1014.4,1028.0,821,1022.9,1518,1025.1,11.0,7.2,1000.0,2.04,12.9,,,,,,4.4,1.1,16.0,7.7,,,,,,,,,,1.9,2.7,,,,2025,10,43,297,0,0,1,0
239,세종,2025-10-25,14.1,10.5,2327.0,19.7,1409.0,,,,,,,5.4,320,1305,3.3,290,1716,0.9,765.0,320.0,9.9,48.0,1410.0,77.8,12.3,1010.6,1023.6,1,1019.3,1532,1021.3,10.9,3.1,1300.0,1.86,9.25,,,,,,7.5,3.0,16.3,9.0,,,,,,,,,,1.5,2.1,,,,2025,10,43,298,0,0,1,0
239,세종,2025-10-26,12.2,10.0,243.0,17.3,1225.0,0.4,2200.0,0.4,,,0.4,6.6,340,1256,3.5,320,1330,0.7,606.0,290.0,9.3,55.0,1224.0,83.6,11.7,1007.9,1020.9,152,1017.1,1307,1018.6,10.9,1.1,1100.0,1.62,6.26,,,,,,7.6,5.0,14.2,8.6,,,,,,,,,,1.2,1.8,,,,2025,10,43,299,0,0,1,0
239,세종,2025-10-27,8.8,5.8,659.0,12.4,1417.0,,,,,,,9.6,340,1303,4.7,320,1304,1.9,1643.0,290.0,0.3,25.0,1051.0,57.9,6.4,1011.4,1024.9,2302,1018.4,5,1022.4,10.8,7.8,1200.0,2.53,14.27,,,,,,1.1,1.1,11.9,3.2,,,,,,,,,,2.3,3.3,,,,2025,10,44,300,0,0,0,0
239,세종,2025-10-28,8.2,2.5,702.0,14.7,1424.0,,,,,,,7.5,340,1441,4.4,340,1555,0.7,573.0,320.0,1.2,29.0,1306.0,65.5,6.7,1016.9,1030.3,2354,1024.8,1,1028.0,10.8,9.1,1200.0,2.45,15.69,,,,,,0.0,0.0,12.0,-0.6,,,,,,,,,,2.2,3.1,,,,2025,10,44,301,0,0,0,0
239,세종,2025-10-29,9.4,3.2,608.0,17.3,1449.0,,,,,,,4.6,110,1230,2.4,110,1239,0.4,384.0,160.0,4.6,42.0,1322.0,75.1,8.5,1018.1,1031.8,835,1026.8,1532,1029.1,10.8,9.0,1200.0,2.35,14.68,,,,,,0.0,0.0,12.3,0.4,,,,,,,,,,2.0,2.9,,,,2025,10,44,302,0,0,0,0
239,세종,2025-10-30,10.1,4.2,628.0,16.8,1510.0,,,,,,,2.8,110,951,1.5,110,956,0.3,222.0,110.0,5.7,42.0,1510.0,77.3,9.2,1014.7,1028.4,238,1023.5,1517,1025.6,10.7,6.4,1200.0,1.71,10.6,,,,,,5.0,0.3,12.3,1.5,,,,,,,,,,1.3,1.8,,,,2025,10,44,303,0,0,1,0
239,세종,2025-10-31,11.7,5.4,657.0,20.0,1509.0,,,,,,,5.1,160,1425,2.4,140,1425,0.4,365.0,140.0,7.6,40.0,1555.0,79.0,10.4,1006.1,1023.5,1,1012.5,2400,1016.9,10.7,7.2,1200.0,2.21,13.19,,,,,,3.8,3.1,14.0,2.6,,,,,,,,,,2.0,2.8,,,,2025,10,44,304,0,0,1,0
239,세종,2025-11-01,13.0,9.7,2256.0,17.9,1308.0,,,,,,3.8,8.2,230,1645,4.0,320,2346,1.5,1285.0,290.0,8.0,39.0,1512.0,75.4,10.9,1002.9,1016.2,2349,1011.7,239,1013.6,10.7,8.2,1200.0,2.56,14.13,,,,,,4.8,2.1,15.0,6.6,,,,,,,,,,2.1,3.0,,,,2025,11,44,305,0,0,1,1
239,세종,2025-11-02,9.0,4.8,2355.0,13.1,1101.0,,,,,,0.5,9.5,320,1254,4.6,230,1218,2.0,1749.0,320.0,3.1,38.0,1321.0,69.6,8.0,1008.8,1025.9,2350,1015.3,212,1019.8,10.6,7.6,1200.0,2.36,14.29,,,,,,2.0,0.8,12.1,2.2,,,,,,,,,,2.2,3.2,,,,2025,11,44,306,0,0,0,0
239,세종,2025-11-03,6.4,-1.0,713.0,14.5,1523.0,,,,,,,6.4,340,6,3.4,320,20,0.6,545.0,110.0,0.2,41.0,1325.0,67.1,6.3,1017.2,1030.6,859,1025.6,20,1028.4,10.6,8.9,1200.0,2.33,14.5,,,,,,0.0,0.0,9.1,-2.6,,,,,,,,,,1.7,2.4,,,,2025,11,45,307,0,0,0,0
239,세종,2025-11-04,9.8,4.0,632.0,17.5,1540.0,,,,,,,5.2,340,1332,3.5,320,1343,0.5,654.0,290.0,5.5,44.0,1505.0,77.3,9.0,1015.4,1028.4,1,1023.8,1513,1026.4,10.6,7.8,1200.0,2.19,13.27,,,,,,0.8,0.6,11.6,1.9,,,,,,,,,,1.8,2.6,,,,2025,11,45,308,0,0,0,0
239,세종,2025-11-05,9.7,4.9,538.0,17.7,1438.0,,,,,,,3.3,20,1402,1.6,340,1457,0.3,284.0,340.0,5.7,42.0,1429.0,80.1,9.2,1013.2,1026.3,848,1021.5,1606,1024.2,10.5,7.0,1200.0,1.96,11.68,,,,,,1.9,1.3,11.6,1.4,,,,,,,,,,1.4,2.0,,,,2025,11,45,309,0,0,0,0
239,세종,2025-11-06,11.0,5.0,505.0,20.1,1513.0,,,,,,,3.2,340,1812,2.3,340,1750,0.5,391.0,140.0,7.2,45.0,1449.0,80.8,10.2,1013.2,1026.2,907,1021.6,1553,1024.1,10.5,6.4,1200.0,2.17,12.03,,,,,,3.1,1.4,12.4,1.4,,,,,,,,,,1.7,2.5,,,,2025,11,45,310,0,0,1,0
239,세종,2025-11-07,12.6,7.5,539.0,20.6,1518.0,,,,,,,2.5,340,1554,1.2,90,1213,0.2,189.0,340.0,8.6,43.0,1445.0,79.8,11.2,1013.6,1026.1,857,1022.3,1555,1024.4,10.5,5.6,1200.0,2.11,11.16,,,,,,2.9,2.0,13.0,3.8,,,,,,,,,,1.6,2.3,,,,2025,11,45,311,0,0,1,0
239,세종,2025-11-08,13.3,9.1,701.0,17.5,1525.0,,,,,,0.0,2.5,140,1039,1.4,110,1039,0.3,300.0,340.0,9.5,59.0,1218.0,79.6,11.9,1011.5,1025.9,617,1018.6,2332,1022.2,10.4,0.3,1000.0,1.28,5.5,,,,,,8.5,6.1,13.3,4.3,,,,,,,,,,0.9,1.3,,,,2025,11,45,312,0,0,1,0
239,세종,2025-11-09,13.3,9.3,723.0,18.3,1319.0,,,,,,,9.6,340,1411,5.0,320,1349,1.4,1183.0,320.0,6.4,28.0,1527.0,67.9,9.9,1006.3,1018.8,1,1014.8,1411,1017.0,10.4,7.5,1200.0,2.06,12.04,,,,,,2.5,2.5,13.9,5.8,,,,,,,,,,2.7,3.9,,,,2025,11,45,313,0,0,1,0
239,세종,2025-11-10,8.6,3.1,2337.0,13.7,1455.0,,,,,,,9.1,320,317,4.9,320,326,1.4,1250.0,320.0,-4.3,19.0,1253.0,42.6,4.5,1009.3,1022.1,2351,1018.0,1,1020.3,10.4,8.8,1200.0,2.33,14.13,,,,,,1.0,0.9,9.9,-0.7,,,,,,,,,,2.5,3.6,,,,2025,11,46,314,0,0,0,0
239,세종,2025-11-11,8.3,2.5,726.0,15.6,1521.0,,,,,,,3.7,320,1547,2.4,320,1728,0.9,745.0,90.0,0.7,35.0,1339.0,61.0,6.5,1012.1,1025.0,2218,1021.5,1443,1023.1,10.3,7.9,1100.0,1.98,11.91,,,,,,4.5,2.0,9.5,0.0,,,,,,,,,,1.4,2.0,,,,2025,11,46,315,0,0,0,0
239,세종,2025-11-12,8.2,2.6,636.0,15.8,1443.0,,,,,,,2.8,180,8,1.4,20,1012,0.3,224.0,90.0,3.4,39.0,1408.0,75.5,7.8,1012.2,1025.8,737,1020.5,1702,1023.3,10.3,4.7,1100.0,2.16,10.13,,,,,,4.1,3.0,9.8,-1.4,,,,,,,,,,1.2,1.7,,,,2025,11,46,316,0,0,0,0
239,세종,2025-11-13,9.2,2.8,632.0,17.8,1518.0,,,,,,,5.4,360,1605,3.1,340,1542,0.8,667.0,90.0,3.9,34.0,1559.0,72.6,8.2,1008.8,1022.5,2,1016.7,1518,1019.7,10.3,7.8,1200.0,1.88,10.83,,,,,,0.3,0.3,9.8,-0.6,,,,,,,,,,1.7,2.4,,,,2025,11,46,317,0,0,0,0
239,세종,2025-11-14,8.1,1.7,733.0,15.9,1330.0,,,,,,,5.5,340,1407,2.8,320,1350,0.8,669.0,320.0,2.3,29.0,1324.0,71.6,7.2,1010.5,1024.5,2357,1019.4,1,1021.5,10.3,8.4,1200.0,2.16,13.04,,,,,,0.0,0.0,8.7,-2.8,,,,,,,,,,1.9,2.8,,,,2025,11,46,318,0,0,0,0
239,세종,2025-11-15,8.1,2.2,719.0,16.1,1456.0,,,,,,,3.7,340,1400,2.4,340,1434,0.3,301.0,90.0,1.2,23.0,1521.0,67.3,6.7,1015.6,1028.0,955,1024.5,1,1026.6,10.2,8.2,1200.0,1.94,12.19,,,,,,2.0,1.5,8.6,-1.7,,,,,,,,,,1.7,2.4,,,,2025,11,46,319,0,0,0,0
239,세종,2025-11-16,10.8,4.1,259.0,19.2,1420.0,,,,,,2.0,6.1,250,1312,2.9,340,2255,0.9,735.0,180.0,3.6,24.0,1429.0,67.0,8.2,1014.8,1027.9,15,1023.3,1409,1025.7,10.2,7.4,1200.0,2.15,11.9,,,,,,4.0,3.5,10.0,0.6,,,,,,,,,,2.3,3.4,,,,2025,11,46,320,0,0,1,1
239,세종,2025-11-17,5.1,2.3,1932.0,11.1,1.0,,,,,,,10.4,340,451,5.3,340,459,2.5,2181.0,320.0,-3.8,34.0,1403.0,54.0,4.8,1017.5,1030.3,956,1025.1,1,1028.7,10.2,7.1,1100.0,1.81,10.63,,,,,,5.8,3.8,7.3,-1.1,,,,,,,,,,1.7,2.4,,,,2025,11,47,321,0,0,0,0
239,세종,2025-11-18,2.9,-1.3,707.0,7.1,1456.0,,,,,,,8.7,340,1022,5.0,20,1136,2.1,1778.0,320.0,-5.4,39.0,1349.0,54.8,4.1,1015.9,1030.0,846,1024.7,1703,1027.1,10.1,7.4,1200.0,2.11,12.19,,,,,,4.4,3.1,5.8,-4.1,,,,,,,,,,1.7,2.4,,,,2025,11,47,322,0,0,0,0
239,세종,2025-11-19,4.1,-0.1,734.0,10.0,1426.0,,,,,,,5.3,340,1514,2.8,320,1519,1.1,916.0,320.0,-3.6,34.0,1015.0,58.9,4.7,1014.8,1027.7,956,1024.4,1451,1026.1,10.1,8.0,1200.0,2.04,12.02,,,,,,1.4,1.1,6.6,-3.9,,,,,,,,,,1.6,2.3,,,,2025,11,47,323,0,0,0,0
239,세종,2025-11-20,7.8,0.1,44.0,15.0,1414.0,,,,,,,7.8,270,1437,4.0,270,1404,1.2,1027.0,320.0,1.7,42.0,1527.0,67.6,7.0,1013.2,1026.3,1,1021.5,1452,1024.3,10.1,6.4,1200.0,2.0,10.78,,,,,,4.1,3.5,8.6,-2.9,,,,,,,,,,1.8,2.5,,,,2025,11,47,324,0,0,0,0
239,세종,2025-11-21,6.1,0.5,742.0,12.5,1413.0,,,,,,,6.3,230,1321,3.3,320,1441,1.1,922.0,290.0,-1.5,28.0,1356.0,61.1,5.5,1014.7,1027.1,849,1023.8,1500,1025.8,10.1,8.0,1200.0,2.08,12.26,,,,,,0.5,0.5,6.5,-3.8,,,,,,,,,,1.8,2.6,,,,2025,11,47,325,0,0,0,0
239,세종,2025-11-22,7.3,1.3,509.0,14.5,1537.0,,,,,,,5.5,290,1306,3.4,320,1308,0.5,443.0,320.0,2.1,37.0,1619.0,72.5,7.2,1014.7,1027.6,843,1024.2,1530,1025.7,10.0,7.7,1200.0,1.93,10.93,,,,,,1.0,1.0,7.1,-2.3,,,,,,,,,,1.3,1.9,,,,2025,11,47,326,0,0,0,0
239,세종,2025-11-23,9.0,3.6,638.0,14.7,1420.0,,,,,,,6.2,270,1424,3.1,160,1406,1.0,891.0,180.0,4.5,52.0,1426.0,75.8,8.5,1011.3,1024.9,1,1020.1,2338,1022.3,10.0,3.7,1100.0,1.49,8.55,,,,,,7.3,4.9,9.1,-0.6,,,,,,,,,,1.0,1.5,,,,2025,11,47,327,0,0,0,0
239,세종,2025-11-24,11.3,6.9,741.0,17.7,1419.0,,,,,,,6.4,200,1349,3.4,250,1209,0.8,724.0,160.0,6.7,45.0,1456.0,76.5,9.9,1006.7,1020.4,53,1014.9,1437,1017.5,10.0,6.2,1200.0,1.65,9.52,,,,,,1.4,1.4,10.4,2.1,,,,,,,,,,1.5,2.1,,,,2025,11,48,328,0,0,1,0
239,세종,2025-11-25,7.7,6.5,1827.0,10.6,1221.0,,,,,,3.8,9.4,320,1524,4.3,290,1526,1.5,1264.0,320.0,4.0,54.0,1518.0,79.5,8.3,1005.5,1022.8,2357,1012.2,610,1016.4,10.0,1.5,1100.0,1.2,5.15,,,,,,8.0,5.4,8.7,3.5,,,,,,,,,,1.0,1.5,,,,2025,11,48,329,0,0,0,1
239,세종,2025-11-26,6.7,2.2,2353.0,11.4,1427.0,,,,,,,5.4,320,1428,3.0,320,1340,0.7,626.0,290.0,1.0,47.0,1306.0,68.9,6.6,1013.2,1026.8,1016,1022.6,2351,1024.3,9.9,6.3,1200.0,1.8,10.22,,,,,,3.3,3.3,8.0,-1.7,,,,,,,,,,1.3,1.8,,,,2025,11,48,330,0,0,0,0
239,세종,2025-11-27,5.0,0.7,205.0,8.7,1328.0,,,,,,9.4,9.8,290,1831,4.4,320,1020,1.6,1385.0,320.0,1.9,57.0,2321.0,81.9,7.1,1005.4,1022.8,1,1012.3,1335,1016.5,9.9,0.8,1300.0,0.74,3.6,,,,,,6.4,2.9,5.5,-2.7,,,,,,,,,,0.8,1.2,,,,2025,11,48,331,0,0,0,1
239,세종,2025-11-28,3.4,-0.5,2400.0,8.9,1454.0,,,,,,,6.1,320,2,3.3,320,229,0.9,802.0,340.0,-6.1,22.0,1500.0,53.0,4.0,1010.3,1023.1,1024,1019.5,1,1021.5,9.9,7.8,1200.0,1.99,11.53,,,,,,0.9,0.5,4.0,-4.1,,,,,,,,,,1.1,1.6,,,,2025,11,48,332,0,0,0,0
239,세종,2025-11-29,6.5,-2.7,658.0,14.1,1503.0,,,,,,,6.9,250,1514,3.1,160,1430,1.4,1242.0,180.0,1.2,45.0,1232.0,70.6,7.0,1006.4,1021.6,2,1014.5,1443,1017.5,9.9,6.4,1300.0,1.54,9.77,,,,,,0.9,0.9,4.5,-5.1,,,,,,,,,,0.9,1.2,,,,2025,11,48,333,0,0,0,0
239,세종,2025-11-30,12.8,8.9,129.0,17.4,1440.0,,,,,,,8.9,230,1426,3.7,160,1123,1.2,1051.0,180.0,8.1,49.0,1645.0,75.1,10.8,1004.6,1017.0,841,1013.5,1419,1015.3,9.9,6.3,1100.0,1.78,9.57,,,,,,1.3,0.9,9.5,3.8,,,,,,,,,,1.6,2.4,,,,2025,11,48,334,0,0,1,0
239,세종,2025-12-01,7.0,1.9,2338.0,11.7,1323.0,,,,,,,7.0,340,435,4.0,320,404,1.3,1098.0,320.0,-1.5,25.0,1359.0,57.9,5.8,1009.0,1022.0,2345,1015.7,1,1020.1,9.8,7.8,1200.0,1.98,11.35,,,,,,1.0,1.0,6.4,-2.3,,,,,,,,,,1.8,2.5,,,,2025,12,49,335,0,0,0,0
239,세종,2025-12-02,1.9,-1.8,2400.0,5.8,1257.0,,,,,,,7.7,340,1117,4.4,320,2327,1.5,1318.0,320.0,-8.5,24.0,1304.0,47.0,3.2,1012.6,1026.1,2246,1022.0,1,1023.9,9.8,7.5,1200.0,1.85,9.97,,,,,,5.5,3.8,3.1,-4.7,,,,,,,,,,1.6,2.3,,,,2025,12,49,336,0,0,0,0
239,세종,2025-12-03,-3.6,-6.1,728.0,-0.1,1258.0,,,,,,0.0,8.4,20,417,5.1,320,1347,1.4,1207.0,320.0,-12.2,27.0,938.0,53.8,2.5,1014.9,1028.7,2309,1024.1,1246,1026.4,9.8,7.1,1200.0,2.01,10.94,,,,,,4.6,2.4,0.5,-9.1,,,,,,,,,,1.0,1.5,,,,2025,12,49,337,0,0,0,0
239,세종,2025-12-04,-1.9,-8.1,702.0,4.0,1530.0,,,,,,0.6,12.2,340,2257,6.9,320,2301,0.8,721.0,320.0,-8.0,44.0,1317.0,64.0,3.5,1015.1,1029.0,1004,1021.9,2015,1026.5,9.8,7.8,1200.0,1.93,11.08,,,,,,1.4,0.4,1.2,-11.2,,,,,,,,,,1.2,1.8,,,,2025,12,49,338,0,0,0,0
239,세종,2025-12-05,-1.2,-5.7,726.0,4.1,1409.0,,,,,,,9.9,360,3,5.0,320,12,1.4,1222.0,20.0,-8.7,30.0,1249.0,58.3,3.2,1016.6,1030.5,931,1025.8,2317,1028.0,9.8,7.7,1200.0,2.0,11.33,,,,,,0.0,0.0,0.7,-9.8,,,,,,,,,,1.3,1.8,,,,2025,12,49,339,0,0,0,0
239,세종,2025-12-06,3.4,-5.3,537.0,9.6,1428.0,,,,,,,7.3,200,1423,3.3,200,1917,1.1,981.0,180.0,-1.9,47.0,1303.0,69.8,5.6,1010.2,1026.0,33,1018.5,1452,1021.4,9.8,4.3,1100.0,1.65,8.28,,,,,,5.0,3.4,2.4,-7.2,,,,,,,,,,1.2,1.7,,,,2025,12,49,340,0,0,0,0
239,세종,2025-12-07,9.0,3.7,752.0,13.7,1426.0,,,,,,,6.5,160,9,3.3,320,2324,1.5,1259.0,200.0,5.5,59.0,1345.0,80.3,9.1,1009.5,1022.0,933,1018.6,1507,1020.4,9.7,4.1,1300.0,1.24,7.1,,,,,,4.4,2.1,6.3,-2.1,,,,,,,,,,1.3,1.8,,,,2025,12,49,341,0,0,0,0
239,세종,2025-12-08,4.2,-1.2,2347.0,9.0,3.0,,,,,,,7.9,340,307,4.6,290,240,1.4,1248.0,340.0,-9.8,16.0,1301.0,37.8,3.1,1015.9,1029.3,2310,1021.8,1,1027.1,9.7,7.6,1200.0,2.0,11.23,,,,,,1.5,1.1,3.2,-6.7,,,,,,,,,,1.8,2.5,,,,2025,12,50,342,0,0,0,0
239,세종,2025-12-09,1.7,-3.9,741.0,8.5,1430.0,,,,,,,4.0,360,1436,1.9,320,1330,0.3,237.0,90.0,-4.9,42.0,1432.0,63.0,4.3,1016.9,1029.7,843,1026.4,1427,1028.3,9.7,6.7,1200.0,1.88,10.07,,,,,,0.8,0.3,1.7,-7.7,,,,,,,,,,0.8,1.2,,,,2025,12,50,343,0,0,0,0
239,세종,2025-12-10,4.7,-1.3,322.0,12.0,1511.0,,,,,,,3.9,320,1516,1.5,180,1347,0.1,150.0,110.0,-0.1,47.0,1318.0,73.3,6.1,1013.5,1028.1,221,1020.2,2357,1024.6,9.7,6.8,1200.0,1.82,9.32,,,,,,7.0,4.3,3.8,-5.1,,,,,,,,,,1.0,1.4,,,,2025,12,50,344,0,0,0,0
239,세종,2025-12-11,4.7,-0.8,2359.0,10.7,1323.0,,,,,,5.2,8.9,320,1329,4.9,320,1329,1.3,1114.0,320.0,0.2,32.0,1624.0,74.6,6.6,1010.6,1029.8,2355,1016.2,543,1021.7,9.7,3.1,1400.0,1.33,5.96,,,,,,4.5,2.3,4.8,-3.6,,,,,,,,,,1.0,1.5,,,,2025,12,50,345,0,0,0,1
239,세종,2025-12-12,2.4,-3.8,652.0,8.8,1432.0,,,,,,,4.2,110,2333,2.1,320,30,0.3,257.0,70.0,-4.3,45.0,1428.0,61.4,4.5,1018.6,1032.3,901,1027.9,1442,1030.0,9.7,7.5,1200.0,1.84,10.26,,,,,,2.8,0.5,1.7,-5.0,,,,,,,,,,1.2,1.7,,,,2025,12,50,346,0,0,0,0
239,세종,2025-12-13,3.5,1.1,2102.0,6.3,1127.0,,,,,,9.7,3.6,90,820,2.6,110,820,0.9,807.0,110.0,0.9,65.0,1138.0,83.9,6.5,1011.1,1029.0,2,1018.7,2252,1022.3,9.7,0.0,1200.0,0.51,2.57,,,,,,9.8,5.3,4.2,0.3,,,,,,,,,,0.4,0.6,,,,2025,12,50,347,0,0,0,1
239,세종,2025-12-14,1.1,-0.7,458.0,3.8,1506.0,,,,,,,7.8,340,1305,3.7,200,622,1.3,1087.0,320.0,-2.1,61.0,1349.0,79.5,5.2,1009.4,1023.8,2339,1017.6,448,1020.7,9.7,0.3,1200.0,0.74,3.47,,,,,,7.5,5.4,2.2,-2.1,,,,,,,,,,0.5,0.8,,,,2025,12,50,348,0,0,0,0
239,세종,2025-12-15,1.4,-2.6,637.0,6.3,1503.0,,,,,,,2.7,340,1322,1.4,90,1503,0.3,265.0,90.0,-0.9,61.0,1514.0,85.6,5.8,1013.8,1027.6,952,1023.8,1,1025.1,9.7,0.3,1200.0,1.12,5.76,,,,,,4.8,3.6,2.4,-3.6,,,,,,,,,,0.6,0.8,,,,2025,12,51,349,0,0,0,0
239,세종,2025-12-16,5.0,1.0,314.0,9.0,1555.0,,,,,,,5.1,230,1625,1.7,320,255,0.4,351.0,340.0,2.6,72.0,1520.0,85.4,7.4,1011.0,1024.5,1,1020.5,2344,1022.2,9.7,0.0,1200.0,0.5,2.85,,,,,,8.0,5.0,4.4,-0.5,,,,,,,,,,0.5,0.6,,,,2025,12,51,350,0,0,0,0
239,세종,2025-12-17,4.6,-0.7,2359.0,8.6,1353.0,,,,,,,7.1,290,1122,4.2,320,1429,1.4,1179.0,320.0,-0.8,37.0,1354.0,70.6,5.9,1012.6,1027.7,2302,1020.3,412,1023.7,9.7,6.2,1200.0,1.81,9.17,,,,,,1.8,1.3,3.7,-3.5,,,,,,,,,,1.3,1.8,,,,2025,12,51,351,0,0,0,0
239,세종,2025-12-18,1.9,-3.1,740.0,10.2,1521.0,,,,,,,2.8,70,1326,1.7,50,1414,0.3,269.0,90.0,-4.1,30.0,1528.0,68.3,4.5,1015.2,1029.6,933,1024.3,2207,1026.5,9.6,7.6,1200.0,1.88,11.34,,,,,,0.5,0.5,1.5,-3.9,,,,,,,,,,1.3,1.8,,,,2025,12,51,352,0,0,0,0
239,세종,2025-12-19,3.6,-1.9,308.0,10.6,1547.0,,,,,,,3.2,20,1351,2.1,360,1351,0.2,198.0,360.0,-0.8,50.0,1457.0,74.5,5.9,1010.5,1025.0,4,1019.2,1752,1021.7,9.7,2.0,1300.0,1.23,5.37,,,,,,4.3,3.5,2.7,-3.4,,,,,,,,,,0.7,1.0,,,,2025,12,51,353,0,0,0,0
239,세종,2025-12-20,7.4,3.3,41.0,13.0,1534.0,,,,,,0.0,7.0,320,1554,3.7,270,1622,0.8,734.0,340.0,3.7,59.0,2359.0,77.9,8.1,1008.5,1024.2,2400,1016.3,1425,1019.5,9.6,0.0,1200.0,0.7,2.39,,,,,,8.4,5.0,5.9,-1.1,,,,,,,,,,0.8,1.1,,,,2025,12,51,354,0,0,0,0
239,세종,2025-12-21,-0.1,-3.8,2348.0,4.3,1.0,,,,,,,9.1,20,1034,5.6,270,1038,1.8,1546.0,320.0,-10.7,27.0,1335.0,46.5,2.8,1017.8,1031.9,2400,1024.1,3,1029.2,9.7,6.9,1300.0,1.85,9.6,,,,,,1.5,0.1,0.6,-5.7,,,,,,,,,,1.2,1.6,,,,2025,12,51,355,0,0,0,0
239,세종,2025-12-22,-1.0,-6.9,721.0,6.6,1459.0,,,,,,,3.1,140,1333,1.4,110,1033,0.3,250.0,70.0,-8.3,32.0,1458.0,60.0,3.3,1019.1,1033.2,802,1028.1,1448,1030.6,9.6,7.4,1200.0,1.9,10.82,,,,,,2.0,1.3,-0.3,-6.6,,,,,,,,,,1.0,1.5,,,,2025,12,52,356,0,0,0,0
239,세종,2025-12-23,1.6,-2.6,450.0,5.7,1408.0,,,,,,11.9,3.9,340,1746,2.7,340,1751,0.4,498.0,90.0,-1.7,52.0,1414.0,80.0,5.5,1011.3,1030.3,19,1018.7,1615,1022.6,9.7,0.0,1100.0,0.52,2.33,,,,,,8.5,5.4,1.1,-4.1,,,,,,,,,,0.3,0.5,,,,2025,12,52,357,0,0,0,1
239,세종,2025-12-24,2.7,-0.8,2340.0,4.8,1511.0,,,,,,1.5,5.2,340,1201,3.4,360,1109,1.4,1248.0,340.0,0.6,68.0,1514.0,87.0,6.4,1007.3,1019.7,1015,1017.2,1414,1018.5,9.6,0.3,1500.0,0.6,3.08,,,,,,9.0,6.8,3.5,-2.3,,,,,,,,,,0.6,0.8,,,,2025,12,52,358,0,0,0,1
239,세종,2025-12-25,-2.0,-6.3,2359.0,2.6,1220.0,,,,,,0.0,12.0,340,1137,7.0,340,1440,2.8,2381.0,320.0,-7.8,34.0,1402.0,66.6,3.5,1009.9,1025.0,2359,1018.7,1,1021.3,9.7,5.9,1300.0,1.52,9.22,,,,,,4.6,1.9,-0.4,-4.4,,,,,,,,,,1.3,1.9,,,,2025,12,52,359,0,0,0,0
239,세종,2025-12-26,-6.5,-9.5,753.0,-2.5,1450.0,,,,,,0.0,9.0,340,1536,5.4,320,1547,2.5,2144.0,320.0,-16.7,21.0,1524.0,46.6,1.7,1016.0,1029.0,1000,1025.0,1,1027.7,9.6,7.5,1200.0,1.98,11.1,,,,,,0.0,0.0,-2.5,-7.2,,,,,,,,,,1.2,1.7,,,,2025,12,52,360,0,0,0,0
239,세종,2025-12-27,-3.7,-8.6,317.0,-0.7,1507.0,,,,,,0.2,2.8,340,1628,1.7,340,1316,0.7,597.0,340.0,-7.7,53.0,1152.0,73.9,3.6,1014.8,1028.5,1,1024.4,1522,1026.4,9.7,1.6,1100.0,0.84,4.27,,,,,,6.9,4.9,-1.8,-6.1,,,,,,,,,,0.4,0.6,,,,2025,12,52,361,0,0,0,0
239,세종,2025-12-28,3.0,-1.2,1.0,8.0,1521.0,,,,,,0.0,4.1,200,1549,2.0,180,1551,0.5,458.0,180.0,-0.1,61.0,1519.0,80.9,6.1,1010.7,1025.3,31,1019.0,2337,1021.9,9.7,1.6,1300.0,1.42,5.82,,,,,,6.3,4.6,0.9,-2.3,,,,,,,,,,0.7,1.0,,,,2025,12,52,362,0,0,0,0
239,세종,2025-12-29,4.7,1.4,146.0,10.5,1401.0,,,,,,1.4,6.0,340,1056,3.3,340,1131,1.4,1249.0,320.0,2.3,62.0,1627.0,85.3,7.3,1007.6,1021.7,2246,1015.9,1358,1018.7,9.7,2.8,1300.0,1.35,5.75,,,,,,4.3,2.9,1.9,-2.4,,,,,,,,,,0.9,1.3,,,,2025,12,1,363,0,0,0,1
239,세종,2025-12-30,0.2,-3.0,2244.0,5.0,1423.0,,,,,,,6.9,340,1153,3.9,340,320,1.9,1599.0,320.0,-10.5,24.0,1248.0,46.4,2.8,1014.0,1027.2,1002,1021.6,1,1025.3,9.7,7.6,1200.0,1.94,10.94,,,,,,1.0,0.5,-0.5,-4.1,,,,,,,,,,1.7,2.4,,,,2025,12,1,364,0,0,0,0
239,세종,2025-12-31,-3.7,-6.7,2354.0,-1.1,1238.0,,,,,,,8.9,340,1311,6.1,290,1328,2.5,2133.0,320.0,-13.7,22.0,1302.0,48.1,2.2,1016.5,1030.0,1003,1026.0,46,1028.0,9.7,7.6,1200.0,1.99,11.29,,,,,,0.8,0.6,-2.3,-5.9,,,,,,,,,,1.5,2.1,,,,2025,12,1,365,0,0,0,0
239,세종,2026-01-01,-6.0,-9.6,708.0,-1.9,1437.0,,,,,,,10.0,340,1205,5.3,320,1213,2.2,1894.0,320.0,-17.1,22.0,1420.0,43.1,1.6,1015.0,1028.9,206,1024.9,2121,1026.7,9.7,5.7,1300.0,1.69,8.76,,,,,,2.8,0.0,-3.8,-7.6,,,,,,,,,,1.2,1.7,,,,2026,1,1,1,0,0,0,0
239,세종,2026-01-02,-6.3,-10.6,758.0,-1.1,1515.0,,,,,,,7.3,320,1615,4.2,360,39,1.7,1499.0,320.0,-13.5,39.0,1247.0,57.6,2.2,1014.4,1027.9,2355,1023.8,1500,1026.1,9.7,7.2,1200.0,1.93,10.8,,,,,,0.8,0.5,-4.2,-8.9,,,,,,,,,,1.0,1.4,,,,2026,1,1,2,0,0,0,0
239,세종,2026-01-03,-3.6,-10.6,553.0,1.5,1356.0,,,,,,,2.8,70,1318,1.7,200,313,0.8,683.0,320.0,-8.5,45.0,1304.0,70.4,3.3,1016.1,1030.0,1011,1026.2,2233,1027.6,9.8,5.3,1200.0,2.03,9.31,,,,,,4.4,3.0,-3.0,-9.2,,,,,,,,,,0.9,1.3,,,,2026,1,1,3,0,0,0,0
239,세종,2026-01-04,2.0,-1.1,805.0,6.8,1513.0,,,,,,,6.4,340,1339,4.2,340,1343,1.4,1248.0,320.0,-4.0,44.0,1514.0,65.3,4.5,1012.8,1026.2,1,1022.2,1637,1024.1,9.8,6.9,1200.0,1.41,8.77,,,,,,7.1,4.9,0.4,-3.2,,,,,,,,,,1.1,1.6,,,,2026,1,1,4,0,0,0,0
239,세종,2026-01-05,-0.9,-4.5,2346.0,3.9,1343.0,,,,,,,9.2,340,1621,5.4,320,1445,1.6,1381.0,320.0,-9.2,19.0,1402.0,57.9,3.2,1011.7,1025.8,2326,1020.7,1405,1023.0,9.8,7.7,1200.0,1.95,11.42,,,,,,0.9,0.8,-1.5,-7.5,,,,,,,,,,1.4,2.0,,,,2026,1,2,5,0,0,0,0
239,세종,2026-01-06,-1.3,-8.3,804.0,6.0,1530.0,,,,,,,3.8,290,1258,2.1,320,1235,0.7,643.0,110.0,-9.6,28.0,1532.0,56.0,3.0,1012.2,1026.6,340,1020.8,2400,1023.6,9.8,7.5,1200.0,1.96,11.0,,,,,,3.0,2.3,-1.8,-8.8,,,,,,,,,,1.3,1.8,,,,2026,1,2,6,0,0,0,0
239,세종,2026-01-07,0.3,-3.0,2357.0,5.0,1119.0,,,,,,0.0,8.8,320,1401,5.1,360,1130,2.2,1901.0,320.0,-7.5,32.0,1359.0,57.1,3.5,1010.0,1025.7,2338,1018.8,542,1021.3,9.8,5.7,1200.0,1.95,9.59,,,,,,2.0,1.0,-0.4,-5.7,,,,,,,,,,1.6,2.2,,,,2026,1,2,7,0,0,0,0
239,세종,2026-01-08,-3.8,-7.1,722.0,1.2,1521.0,,,,,,,6.4,320,1234,3.7,340,32,1.8,1598.0,320.0,-15.5,20.0,1336.0,41.6,1.9,1015.9,1029.0,837,1025.5,5,1027.5,9.8,7.8,1200.0,2.05,11.78,,,,,,0.0,0.0,-3.0,-10.5,,,,,,,,,,1.2,1.8,,,,2026,1,2,8,0,0,0,0
239,세종,2026-01-09,0.6,-8.0,421.0,5.9,1511.0,,,,,,,9.2,180,2029,4.1,180,2034,1.4,1169.0,180.0,-6.0,48.0,1217.0,61.9,4.1,1009.6,1027.7,2,1014.2,2314,1020.9,9.8,3.7,1100.0,1.47,7.88,,,,,,4.9,2.8,-1.4,-10.7,,,,,,,,,,1.2,1.8,,,,2026,1,2,9,0,0,0,0
239,세종,2026-01-10,3.0,-2.6,2354.0,8.0,903.0,,,,,,2.0,14.2,290,1429,6.6,320,1249,3.5,3019.0,290.0,-3.7,33.0,1358.0,62.9,4.8,1002.0,1020.0,2340,1008.0,702,1013.1,9.9,2.2,1200.0,1.5,5.97,,,,,,6.0,2.0,1.6,-6.2,,,,,,,,,,1.2,1.7,,,,2026,1,2,10,0,0,0,1
239,세종,2026-01-11,-5.3,-8.4,2358.0,-1.8,1445.0,,,,,,,9.2,290,1200,5.4,340,1707,2.3,2026.0,320.0,-13.7,30.0,1110.0,53.0,2.2,1013.1,1027.2,1923,1019.8,1,1024.7,9.9,7.5,1200.0,1.91,11.28,,,,,,1.8,1.4,-0.8,-14.6,,,,,,,,,,1.1,1.6,,,,2026,1,2,11,0,0,0,0
239,세종,2026-01-12,-2.4,-9.7,311.0,3.2,2103.0,,,,,,0.5,6.2,200,1504,3.2,320,2249,1.0,891.0,320.0,-6.1,60.0,1034.0,76.0,4.0,1007.4,1026.4,5,1010.7,2350,1018.8,9.9,2.9,1000.0,1.44,6.41,,,,,,5.8,2.8,-1.4,-11.7,,,,,,,,,,0.7,1.0,,,,2026,1,3,12,0,0,0,0
239,세종,2026-01-13,-0.1,-5.2,2330.0,3.8,316.0,,,,,,0.2,8.3,110,1426,5.3,320,1432,2.4,2116.0,320.0,-7.8,41.0,1210.0,56.6,3.6,1007.3,1023.9,2311,1010.7,106,1018.6,9.9,7.4,1300.0,1.98,11.3,,,,,,0.5,0.5,-0.1,-8.1,,,,,,,,,,1.3,1.8,,,,2026,1,3,13,0,0,0,0
239,세종,2026-01-14,-1.6,-8.7,722.0,3.3,1420.0,,,,,,,4.3,340,127,2.3,340,12,1.0,830.0,90.0,-11.6,25.0,1432.0,48.6,2.5,1010.9,1026.1,943,1016.8,2356,1022.3,9.9,6.0,1200.0,1.88,9.26,,,,,,4.8,3.5,-1.7,-10.2,,,,,,,,,,1.2,1.7,,,,2026,1,3,14,0,0,0,0
239,세종,2026-01-15,6.7,1.4,343.0,13.2,1406.0,,,,,,0.0,6.6,200,550,3.5,320,1511,1.8,1553.0,320.0,1.5,44.0,1.0,70.9,7.1,1004.1,1019.4,2356,1012.1,1415,1015.1,10.0,3.0,1200.0,1.53,6.83,,,,,,3.5,1.3,2.9,-4.4,,,,,,,,,,1.0,1.5,,,,2026,1,3,15,0,0,0,0
239,세종,2026-01-16,1.4,-2.1,347.0,8.2,1610.0,,,,,,,3.1,320,2204,2.0,340,1727,0.7,597.0,70.0,0.2,62.0,1601.0,92.1,6.2,1007.8,1020.9,1116,1017.3,1614,1019.1,10.0,2.7,1400.0,1.53,6.08,,,,,,3.4,3.4,1.9,-5.7,,,,,,,,,,0.6,0.9,,,,2026,1,3,16,0,0,0,0
239,세종,2026-01-17,1.5,-2.3,2350.0,7.4,1547.0,,,,,,,4.5,340,1054,2.8,360,827,1.1,958.0,320.0,-5.1,31.0,1555.0,65.4,4.3,1010.1,1023.3,1013,1019.2,26,1021.4,10.0,7.8,1200.0,1.96,11.34,,,,,,1.1,0.9,2.0,-6.4,,,,,,,,,,1.4,1.9,,,,2026,1,3,17,0,0,0,0
239,세종,2026-01-18,0.6,-4.6,648.0,5.3,1531.0,,,,,,,4.1,340,1153,2.8,340,1155,0.9,750.0,110.0,-5.6,46.0,1535.0,64.5,4.0,1010.3,1023.0,505,1019.0,1542,1021.6,10.0,3.0,1400.0,1.22,6.35,,,,,,4.8,3.5,0.4,-7.3,,,,,,,,,,0.8,1.2,,,,2026,1,3,18,0,0,0,0
239,세종,2026-01-19,-1.6,-7.5,2352.0,2.8,14.0,,,,,,0.5,8.8,340,1527,5.7,320,1533,2.5,2177.0,320.0,-8.0,34.0,1622.0,63.0,3.6,1012.9,1027.6,2351,1021.5,112,1024.3,10.0,3.2,1200.0,1.35,7.55,,,,,,8.1,4.1,0.2,-8.7,,,,,,,,,,1.1,1.5,,,,2026,1,4,19,0,0,0,0
239,세종,2026-01-20,-6.4,-9.7,746.0,0.0,1513.0,,,,,,,6.2,320,41,4.1,340,46,1.8,1530.0,320.0,-15.8,28.0,1517.0,48.4,1.8,1016.4,1029.9,855,1025.6,1543,1028.1,10.1,7.8,1300.0,2.05,11.53,,,,,,4.3,1.4,-1.8,-10.8,,,,,,,,,,1.1,1.5,,,,2026,1,4,20,0,0,0,0
239,세종,2026-01-21,-7.2,-9.8,756.0,-3.4,1411.0,,,,,,0.0,9.0,340,1451,5.2,290,1426,2.1,1833.0,320.0,-13.6,36.0,1436.0,62.0,2.2,1016.4,1029.5,2225,1026.1,1422,1028.1,10.1,8.1,1200.0,2.22,12.69,,,,,,1.5,0.6,-4.1,-11.7,,,,,,,,,,1.1,1.6,,,,2026,1,4,21,0,0,0,0
239,세종,2026-01-22,-7.5,-12.5,744.0,-2.1,1428.0,,,,,,0.0,9.6,320,1458,4.7,290,1248,2.1,1843.0,320.0,-14.3,38.0,1124.0,59.5,2.0,1017.3,1031.2,1019,1027.3,1526,1029.0,10.1,8.0,1200.0,2.06,12.69,,,,,,0.0,0.0,-4.6,-14.7,,,,,,,,,,1.1,1.5,,,,2026,1,4,22,0,0,0,0
239,세종,2026-01-23,-4.8,-10.5,733.0,1.2,1507.0,,,,,,0.0,5.6,290,1426,3.3,320,1521,1.1,910.0,250.0,-9.0,40.0,1303.0,74.8,3.2,1014.9,1029.2,701,1023.4,2354,1026.5,10.1,6.4,1200.0,1.98,10.95,,,,,,1.8,1.0,-2.8,-13.4,,,,,,,,,,0.9,1.3,,,,2026,1,4,23,0,0,0,0
239,세종,2026-01-24,-3.3,-7.8,752.0,0.2,1443.0,,,,,,0.9,8.1,340,1355,4.3,320,504,1.9,1676.0,320.0,-10.8,29.0,1352.0,59.4,2.8,1014.9,1028.4,2340,1022.8,117,1026.4,10.2,8.1,1200.0,2.18,13.52,,,,,,1.9,0.6,-1.1,-17.1,,,,,,,,,,1.4,2.0,,,,2026,1,4,24,0,0,0,0
239,세종,2026-01-25,-4.3,-9.5,707.0,1.3,1519.0,,,,,,,7.2,270,1450,3.8,250,206,1.6,1351.0,290.0,-14.3,23.0,1556.0,48.1,2.1,1018.9,1032.0,2105,1028.4,1,1030.6,10.2,8.2,1200.0,2.17,13.02,,,,,,3.0,0.0,-2.8,-13.6,,,,,,,,,,1.3,1.8,,,,2026,1,4,25,0,0,0,0
239,세종,2026-01-26,-3.8,-10.2,723.0,1.8,1524.0,,,,,,,4.9,340,1200,2.6,360,1205,0.9,786.0,250.0,-10.6,38.0,1525.0,61.8,2.7,1015.2,1030.9,1,1023.3,1618,1026.8,10.2,4.6,1100.0,1.89,10.1,,,,,,8.9,2.9,-2.4,-12.8,,,,,,,,,,1.1,1.5,,,,2026,1,5,26,0,0,0,0
239,세종,2026-01-27,-2.3,-5.1,2358.0,1.6,1409.0,,,,,,,8.0,320,1042,4.2,270,1043,2.3,1959.0,320.0,-12.1,26.0,1501.0,49.3,2.5,1014.9,1028.6,2345,1024.4,147,1026.4,10.2,8.3,1200.0,2.2,13.14,,,,,,3.1,0.6,-0.4,-8.3,,,,,,,,,,1.6,2.3,,,,2026,1,5,27,0,0,0,0
239,세종,2026-01-28,-4.5,-9.4,751.0,0.5,1417.0,,,,,,,9.0,360,1315,5.0,340,1346,1.9,1644.0,290.0,-16.9,22.0,1307.0,38.9,1.7,1018.2,1031.1,830,1028.1,1448,1029.8,10.3,8.4,1200.0,2.22,13.39,,,,,,0.1,0.0,-2.8,-13.2,,,,,,,,,,1.6,2.2,,,,2026,1,5,28,0,0,0,0
239,세종,2026-01-29,-3.7,-8.3,425.0,2.4,1411.0,,,,,,,10.5,320,1454,4.7,320,1456,1.6,1344.0,320.0,-14.0,21.0,1505.0,47.5,2.1,1018.9,1031.8,919,1028.3,1438,1030.5,10.3,6.8,1300.0,2.12,12.24,,,,,,1.3,1.3,-1.8,-11.3,,,,,,,,,,1.6,2.3,,,,2026,1,5,29,0,0,0,0
239,세종,2026-01-30,-5.3,-10.4,725.0,0.8,1504.0,,,,,,,5.5,320,1541,3.0,320,135,1.5,1333.0,290.0,-15.8,25.0,1559.0,45.6,1.8,1019.4,1032.9,714,1028.7,1644,1031.0,10.3,7.8,1100.0,1.95,11.79,,,,,,2.6,0.8,-2.6,-14.1,,,,,,,,,,1.2,1.7,,,,2026,1,5,30,0,0,0,0
239,세종,2026-01-31,-4.3,-10.4,729.0,3.0,1434.0,,,,,,,7.5,320,1523,3.5,290,1525,1.2,997.0,340.0,-12.8,23.0,1424.0,55.3,2.3,1017.1,1030.9,38,1026.2,1613,1028.7,10.4,8.5,1200.0,2.19,13.25,,,,,,0.5,0.3,-1.7,-14.0,,,,,,,,,,1.5,2.1,,,,2026,1,5,31,0,0,0,0
239,세종,2026-02-01,-1.8,-5.5,659.0,3.3,1517.0,,,,,,0.0,8.6,320,1454,4.0,320,1425,1.5,1300.0,320.0,-9.9,27.0,1343.0,57.8,2.9,1015.0,1028.3,949,1024.8,1556,1026.5,10.4,8.4,1200.0,2.22,13.6,,,,,,2.4,0.6,0.0,-10.8,,,,,,,,,,1.5,2.2,,,,2026,2,5,32,1,0,0,0
239,세종,2026-02-02,-2.7,-6.3,2344.0,0.6,1555.0,,,,,,3.0,9.5,270,1315,5.3,320,1321,1.8,1563.0,320.0,-8.0,32.0,1546.0,70.0,3.5,1016.0,1031.3,2344,1023.6,340,1027.5,10.4,5.9,1300.0,2.1,11.67,,,,,,3.3,0.8,-1.6,-14.2,,,,,,,,,,1.1,1.6,,,,2026,2,6,33,1,0,0,1
239,세종,2026-02-03,-1.3,-8.9,721.0,6.2,1559.0,,,,,,,4.7,230,1648,2.7,20,1253,0.9,756.0,340.0,-6.6,42.0,1605.0,70.0,3.8,1017.8,1032.8,740,1026.3,2152,1029.3,10.5,8.7,1200.0,2.27,14.86,,,,,,2.3,1.4,-1.5,-15.9,,,,,,,,,,1.5,2.1,,,,2026,2,6,34,1,0,0,0
239,세종,2026-02-04,1.6,-2.9,226.0,8.2,1411.0,,,,,,,4.7,290,1352,2.4,290,1602,0.6,509.0,20.0,-2.6,46.0,1546.0,74.8,5.0,1011.4,1026.6,222,1019.9,2333,1022.7,10.5,1.0,1200.0,1.44,7.72,,,,,,6.1,4.5,0.1,-7.1,,,,,,,,,,0.8,1.2,,,,2026,2,6,35,1,0,0,0
239,세종,2026-02-05,4.1,-1.2,157.0,12.3,1524.0,,,,,,,7.1,320,1728,3.6,320,1733,1.3,1164.0,320.0,-1.0,37.0,1555.0,71.5,5.7,1007.7,1021.3,2348,1015.0,1440,1018.9,10.5,5.3,1100.0,1.8,10.4,,,,,,6.4,4.1,1.8,-4.5,,,,,,,,,,1.6,2.3,,,,2026,2,6,36,1,0,0,0
239,세종,2026-02-06,-3.4,-6.9,2334.0,1.0,1419.0,,,,,,,6.9,340,439,3.8,340,446,2.3,1956.0,320.0,-15.1,17.0,1508.0,41.8,1.9,1012.8,1026.1,844,1021.2,9,1024.3,10.6,8.6,1200.0,2.38,14.55,,,,,,6.1,2.5,0.1,-8.5,,,,,,,,,,1.8,2.5,,,,2026,2,6,37,1,0,0,0
239,세종,2026-02-07,-6.1,-9.1,747.0,-1.7,1404.0,,,,,,,10.0,320,1631,5.0,320,1631,2.5,2122.0,320.0,-17.0,23.0,1441.0,43.8,1.7,1013.5,1026.4,2358,1023.5,1417,1025.2,10.6,8.7,1200.0,2.47,15.22,,,,,,4.0,3.4,-1.8,-10.6,,,,,,,,,,1.6,2.3,,,,2026,2,6,38,1,0,0,0
239,세종,2026-02-08,-7.0,-10.2,601.0,-2.1,1421.0,,,,,,,7.9,340,1038,4.7,320,32,1.9,1672.0,320.0,-15.5,29.0,1538.0,52.5,1.8,1017.6,1032.1,2355,1026.4,1,1029.3,10.6,7.5,1200.0,2.41,13.96,,,,,,2.3,0.9,-2.9,-12.3,,,,,,,,,,1.2,1.8,,,,2026,2,6,39,1,0,0,0
239,세종,2026-02-09,-2.6,-10.0,745.0,4.7,1459.0,,,,,,,5.1,340,1432,2.8,340,1507,0.9,759.0,90.0,-9.5,40.0,1502.0,61.3,3.0,1016.9,1032.2,5,1025.2,1714,1028.4,10.7,8.9,1200.0,2.41,15.23,,,,,,2.1,0.1,-1.1,-12.6,,,,,,,,,,1.5,2.2,,,,2026,2,7,40,1,0,0,0
239,세종,2026-02-10,1.0,-4.0,336.0,5.8,1350.0,,,,,,0.0,4.3,160,1434,2.4,140,1443,0.9,749.0,320.0,-3.4,52.0,1236.0,73.6,4.9,1010.0,1026.1,1,1018.2,1537,1021.3,10.7,0.3,1200.0,1.4,6.96,,,,,,9.5,6.4,0.5,-7.8,,,,,,,,,,0.8,1.1,,,,2026,2,7,41,1,0,0,0
239,세종,2026-02-11,2.5,-1.0,2346.0,7.5,1446.0,,,,,,0.0,6.4,290,1550,3.5,320,1455,1.2,1036.0,320.0,-1.6,46.0,1445.0,77.0,5.5,1010.3,1023.0,2217,1019.8,103,1021.6,10.7,0.8,1400.0,1.49,6.29,,,,,,5.0,3.1,1.8,-5.5,,,,,,,,,,0.8,1.2,,,,2026,2,7,42,1,0,0,0
239,세종,2026-02-12,0.7,-5.7,554.0,8.7,1432.0,,,,,,,5.9,250,1415,2.7,290,1400,1.0,855.0,320.0,-3.9,43.0,1404.0,74.9,4.6,1011.6,1025.5,932,1020.8,1629,1022.9,10.8,5.6,1300.0,2.24,11.7,,,,,,1.1,1.1,1.3,-9.5,,,,,,,,,,1.4,2.0,,,,2026,2,7,43,1,0,0,0
239,세종,2026-02-13,4.3,-2.0,743.0,12.0,1546.0,,,,,,,5.9,250,1444,3.1,290,1430,0.9,764.0,200.0,-0.9,43.0,1316.0,70.9,5.8,1008.8,1022.0,151,1018.0,1517,1020.0,10.8,7.7,1200.0,2.25,13.22,,,,,,2.1,1.6,2.5,-6.1,,,,,,,,,,1.7,2.4,,,,2026,2,7,44,1,0,0,0
239,세종,2026-02-14,6.0,-0.1,745.0,13.8,1544.0,,,,,,,4.9,320,1546,2.4,320,1701,0.6,544.0,90.0,2.2,51.0,1511.0,79.3,7.2,1006.0,1019.9,43,1014.0,1547,1017.1,10.8,3.7,1100.0,1.71,10.28,,,,,,4.6,3.0,3.1,-4.3,,,,,,,,,,1.3,1.9,,,,2026,2,7,45,1,0,0,0
239,세종,2026-02-15,5.5,0.5,2358.0,12.1,1450.0,,,,,,,7.8,320,1456,3.8,320,1420,1.4,1250.0,320.0,-2.6,21.0,1711.0,61.9,5.4,1009.0,1023.0,2253,1017.0,1,1020.1,10.9,4.5,1300.0,2.09,9.46,,,,,,5.5,3.1,3.6,-5.1,,,,,,,,,,1.7,2.5,,,,2026,2,7,46,1,0,0,0
239,세종,2026-02-16,1.8,-2.2,727.0,7.8,1425.0,,,,,,,5.0,340,1728,3.2,340,1731,1.3,1165.0,320.0,-7.7,30.0,1427.0,51.0,3.4,1012.7,1025.4,814,1021.6,1515,1023.9,10.9,8.7,1200.0,2.48,15.17,,,,,,6.0,3.0,3.0,-6.1,,,,,,,,,,2.1,2.9,,,,2026,2,8,47,1,0,0,0
239,세종,2026-02-17,1.0,-5.1,733.0,8.9,1505.0,,,,,,,7.4,250,1543,3.7,320,1919,1.4,1179.0,290.0,-8.0,15.0,1512.0,57.4,3.4,1011.6,1025.5,225,1019.7,1627,1023.0,10.9,9.2,1200.0,2.6,16.77,,,,,,0.0,0.0,2.7,-8.6,,,,,,,,,,2.2,3.2,,,,2026,2,8,48,1,0,0,0
239,세종,2026-02-18,1.6,-2.9,507.0,9.7,1400.0,,,,,,,8.9,340,1431,4.4,320,1251,2.0,1731.0,320.0,-7.1,19.0,1323.0,59.0,3.7,1010.8,1025.2,2301,1019.4,1424,1022.1,11.0,9.0,1300.0,2.55,16.46,,,,,,0.0,0.0,2.6,-6.9,,,,,,,,,,2.4,3.5,,,,2026,2,8,49,1,0,0,0
239,세종,2026-02-19,1.6,-6.0,724.0,9.0,1515.0,,,,,,,7.2,320,1103,3.8,320,1110,1.1,930.0,320.0,-7.6,27.0,1413.0,53.0,3.5,1012.6,1026.4,801,1021.1,1656,1023.9,11.0,9.3,1200.0,2.64,17.09,,,,,,0.5,0.5,2.9,-9.0,,,,,,,,,,2.0,2.9,,,,2026,2,8,50,1,0,0,0
239,세종,2026-02-20,4.7,-3.6,719.0,13.4,1505.0,,,,,,,7.4,200,1531,3.9,180,1536,1.1,932.0,160.0,-4.5,28.0,1703.0,54.5,4.4,1007.0,1022.5,56,1015.0,1559,1018.1,11.0,9.2,1200.0,2.46,15.79,,,,,,0.0,0.0,3.5,-7.3,,,,,,,,,,2.2,3.2,,,,2026,2,8,51,1,0,0,0
239,세종,2026-02-21,10.1,0.5,652.0,17.8,1614.0,,,,,,,9.5,180,1319,5.2,160,1256,1.8,1534.0,180.0,-1.5,27.0,1700.0,47.9,5.5,1000.9,1015.7,1,1007.8,1720,1011.7,11.1,9.1,1200.0,2.45,15.74,,,,,,0.0,0.0,5.7,-5.4,,,,,,,,,,3.4,4.9,,,,2026,2,8,52,1,0,1,0
239,세종,2026-02-22,9.0,-0.1,2358.0,14.3,1405.0,,,,,,0.0,11.5,270,1635,5.5,290,1517,2.5,2165.0,200.0,-2.5,20.0,1452.0,47.0,5.9,1000.6,1022.2,2359,1005.7,718,1011.5,11.1,4.9,1300.0,1.81,9.22,,,,,,1.9,1.5,7.2,-4.8,,,,,,,,,,1.8,2.6,,,,2026,2,8,53,1,0,0,0
239,세종,2026-02-23,2.0,-4.9,722.0,8.7,1402.0,,,,,,,8.8,320,1337,5.0,320,1459,1.5,1338.0,320.0,-12.5,15.0,1330.0,38.0,2.5,1013.9,1026.9,2207,1022.2,1,1025.2,11.2,6.3,1200.0,2.62,14.28,,,,,,4.8,2.0,2.7,-8.9,,,,,,,,,,2.4,3.5,,,,2026,2,9,54,1,0,0,0
239,세종,2026-02-24,0.9,-1.2,1038.0,2.0,904.0,,,,,,7.1,5.1,20,2056,2.5,20,2057,1.2,1047.0,50.0,-4.8,31.0,1.0,71.9,4.6,1013.2,1026.6,7,1022.9,1650,1024.6,11.2,0.0,1700.0,0.19,0.97,,,,,,7.4,4.3,0.3,-5.2,,,,,,,,,,0.3,0.5,,,,2026,2,9,55,1,0,0,1
239,세종,2026-02-25,4.9,-2.5,622.0,12.4,1552.0,,,,,,,7.2,90,2351,4.1,110,2352,1.7,1458.0,90.0,-0.6,42.0,1515.0,71.0,5.9,1011.7,1024.4,822,1020.5,1620,1022.8,11.2,9.4,1200.0,2.75,18.58,,,,,,1.1,0.3,4.4,-8.6,,,,,,,,,,2.4,3.4,,,,2026,2,9,56,1,0,0,0
239,세종,2026-02-26,7.2,0.1,713.0,12.4,1409.0,,,,,,,5.3,90,1300,3.1,90,1307,1.4,1235.0,90.0,0.4,45.0,1206.0,63.6,6.3,1008.4,1023.3,56,1016.2,1713,1019.4,11.3,5.5,1100.0,2.32,12.67,,,,,,5.6,2.0,4.5,-5.7,,,,,,,,,,1.9,2.7,,,,2026,2,9,57,1,0,0,0
239,세종,2026-02-27,8.1,4.0,2356.0,11.9,1610.0,,,,,,0.1,5.2,70,1123,3.3,90,1128,1.6,1351.0,90.0,2.5,52.0,1553.0,68.9,7.3,1004.9,1018.3,2326,1013.4,1657,1015.8,11.3,1.0,1500.0,1.12,7.2,,,,,,6.0,4.1,6.5,-2.5,,,,,,,,,,1.2,1.7,,,,2026,2,9,58,1,0,0,0
239,세종,2026-02-28,7.5,0.2,708.0,15.3,1546.0,,,,,,,7.5,140,2032,4.0,110,2037,1.6,1344.0,90.0,0.2,29.0,1536.0,64.0,6.2,1010.3,1024.3,2312,1018.2,1,1021.3,11.4,9.4,1200.0,2.63,17.54,,,,,,0.8,0.0,6.3,-5.6,,,,,,,,,,3.0,4.3,,,,2026,2,9,59,1,0,0,0
239,세종,2026-03-01,8.5,4.6,708.0,14.0,1421.0,,,,,,,9.0,110,2110,5.0,110,1948,2.7,2349.0,90.0,0.7,42.0,1358.0,59.0,6.4,1012.3,1025.6,240,1021.3,1529,1023.2,11.4,5.2,1100.0,2.32,14.16,,,,,,7.1,2.9,8.9,-0.5,,,,,,,,,,2.6,3.7,,,,2026,3,9,60,1,1,0,0
239,세종,2026-03-02,5.6,4.2,2349.0,7.5,524.0,,,,,,18.8,11.1,90,638,5.8,90,607,3.6,3152.0,90.0,3.0,60.0,422.0,84.5,7.6,1008.5,1022.0,108,1017.0,1639,1019.6,11.4,0.0,1200.0,0.54,2.62,,,,,,10.0,5.4,5.5,3.6,,,,,,,,,,0.5,0.7,,,,2026,3,10,61,1,1,0,1
239,세종,2026-03-03,6.7,2.8,541.0,12.5,1452.0,,,,,,1.0,7.3,70,848,4.5,340,1608,2.0,1771.0,70.0,1.3,46.0,1453.0,71.3,6.7,1010.7,1024.9,2354,1019.3,1,1021.7,11.5,5.7,1100.0,2.48,14.89,,,,,,4.4,2.8,7.7,0.4,,,,,,,,,,2.0,2.9,,,,2026,3,10,62,1,1,0,1
239,세종,2026-03-04,5.9,0.4,708.0,11.9,1517.0,,,,,,,7.1,360,1255,4.2,360,1303,1.4,1243.0,340.0,-1.5,33.0,1425.0,63.0,5.5,1013.4,1025.8,922,1022.4,1627,1024.5,11.5,9.4,1300.0,2.73,18.07,,,,,,0.0,0.0,7.0,-4.0,,,,,,,,,,2.4,3.4,,,,2026,3,10,63,1,1,0,0
239,세종,2026-03-05,6.2,-0.2,557.0,14.1,1359.0,,,,,,8.2,7.5,160,1304,3.9,160,1311,1.2,1031.0,200.0,1.9,44.0,1200.0,77.0,7.1,1011.2,1025.5,9,1019.0,1738,1022.3,11.5,6.1,1100.0,2.49,14.37,,,,,,5.4,2.4,6.9,-4.1,,,,,,,,,,1.8,2.6,,,,2026,3,10,64,1,1,0,1
239,세종,2026-03-06,1.2,-0.5,656.0,4.2,1414.0,,,,,,3.3,8.2,320,1639,3.8,290,1642,1.5,1279.0,320.0,-1.2,67.0,2315.0,85.0,5.7,1011.3,1025.2,2317,1021.0,439,1022.6,11.6,0.3,1300.0,0.9,5.62,,,,,,8.5,5.0,3.7,-3.2,,,,,,,,,,0.7,1.0,,,,2026,3,10,65,1,1,0,1
239,세종,2026-03-07,0.6,-3.8,653.0,6.1,1425.0,,,,,,,7.8,140,1302,4.3,320,1727,1.8,1596.0,320.0,-7.4,29.0,1521.0,57.8,3.6,1016.0,1030.0,2340,1025.0,1,1027.4,11.6,9.5,1200.0,2.89,19.94,,,,,,0.0,0.0,3.9,-6.2,,,,,,,,,,2.4,3.4,,,,2026,3,10,66,1,1,0,0
239,세종,2026-03-08,1.3,-5.2,738.0,8.3,1436.0,,,,,,,5.7,340,1613,3.3,340,1925,1.5,1260.0,320.0,-8.1,23.0,1633.0,54.3,3.4,1016.8,1030.1,225,1025.5,1556,1028.1,11.7,7.6,1100.0,2.72,18.06,,,,,,2.8,0.6,2.8,-7.8,,,,,,,,,,2.1,3.0,,,,2026,3,10,67,1,1,0,0
239,세종,2026-03-09,2.4,-0.6,301.0,7.7,1447.0,,,,,,0.2,9.1,320,1417,5.6,290,1552,1.6,1408.0,320.0,-4.4,33.0,1545.0,62.3,4.4,1016.0,1028.8,2247,1024.9,1449,1027.2,11.7,4.3,1400.0,2.41,11.98,,,,,,4.6,3.6,3.9,-3.8,,,,,,,,,,1.6,2.3,,,,2026,3,11,68,1,1,0,0
239,세종,2026-03-10,3.0,-3.8,651.0,9.9,1545.0,,,,,,,5.6,340,1352,3.3,320,1400,1.1,949.0,320.0,-4.2,30.0,1448.0,63.1,4.5,1015.4,1029.0,831,1023.9,1614,1026.6,11.7,9.1,1200.0,2.85,18.49,,,,,,1.0,1.0,4.2,-7.5,,,,,,,,,,2.1,3.0,,,,2026,3,11,69,1,1,0,0
239,세종,2026-03-11,4.0,-2.1,409.0,11.4,1412.0,,,,,,,7.1,340,1708,4.5,320,1714,1.5,1270.0,320.0,-3.9,23.0,1508.0,60.3,4.6,1014.4,1027.2,825,1023.1,1450,1025.7,11.8,7.5,1200.0,2.74,16.62,,,,,,1.8,1.3,3.8,-6.0,,,,,,,,,,2.3,3.3,,,,2026,3,11,70,1,1,0,0
239,세종,2026-03-12,6.1,-1.0,656.0,13.1,1502.0,,,,,,0.0,9.2,320,2010,6.3,340,2008,1.5,1259.0,50.0,-1.5,30.0,1458.0,62.5,5.5,1015.3,1028.8,2354,1023.5,1624,1026.4,11.8,8.1,1200.0,2.74,17.78,,,,,,1.6,1.0,7.5,-5.8,,,,,,,,,,2.7,3.9,,,,2026,3,11,71,1,1,0,0
239,세종,2026-03-13,6.6,0.8,702.0,12.9,1604.0,,,,,,,6.2,340,1358,3.4,70,1408,1.6,1384.0,90.0,-4.2,27.0,1519.0,48.8,4.5,1017.9,1031.3,823,1026.9,1736,1029.1,11.9,9.7,1200.0,2.94,19.92,,,,,,0.8,0.3,8.5,-4.8,,,,,,,,,,2.9,4.2,,,,2026,3,11,72,1,1,0,0
239,세종,2026-03-14,7.3,1.5,634.0,13.9,1539.0,,,,,,,5.9,340,1452,3.5,320,1546,1.6,1366.0,90.0,-3.9,26.0,1244.0,46.9,4.6,1017.1,1030.5,814,1025.8,1620,1028.2,11.9,5.8,1100.0,2.59,16.02,,,,,,6.3,3.9,9.2,-3.0,,,,,,,,,,2.5,3.6,,,,2026,3,11,73,1,1,0,0
239,세종,2026-03-15,5.5,2.8,2342.0,8.5,1356.0,,,,,,0.0,4.2,340,1406,2.7,320,1410,1.0,874.0,320.0,0.9,46.0,1.0,73.1,6.6,1014.7,1027.7,903,1024.1,1644,1025.9,11.9,0.0,1300.0,1.22,6.08,,,,,,7.4,5.0,6.1,-2.3,,,,,,,,,,0.9,1.3,,,,2026,3,11,74,1,1,0,0
239,세종,2026-03-16,6.8,-0.1,704.0,14.3,1617.0,,,,,,,4.3,320,1508,2.8,90,1312,1.1,950.0,340.0,-0.9,25.0,1522.0,63.4,5.8,1012.0,1026.6,6,1019.8,1709,1023.0,12.0,7.6,1200.0,2.93,18.04,,,,,,4.0,2.3,8.8,-4.8,,,,,,,,,,2.4,3.5,,,,2026,3,12,75,1,1,0,0
239,세종,2026-03-17,8.3,0.0,633.0,16.8,1505.0,,,,,,,5.7,320,1435,3.1,20,1222,1.0,873.0,320.0,-3.2,19.0,1459.0,50.6,4.9,1009.8,1023.6,750,1017.9,1701,1020.8,12.0,9.9,1200.0,2.9,20.35,,,,,,2.1,1.5,10.6,-4.7,,,,,,,,,,3.1,4.4,,,,2026,3,12,76,1,1,0,0
239,세종,2026-03-18,5.5,2.7,2357.0,7.1,46.0,,,,,,11.1,5.7,340,1357,3.4,340,1453,1.1,964.0,320.0,3.7,46.0,124.0,90.4,8.1,1003.9,1018.9,1,1012.0,1458,1014.9,12.1,0.0,1100.0,0.38,2.47,,,,,,8.4,4.5,6.7,-1.0,,,,,,,,,,0.5,0.7,,,,2026,3,12,77,1,1,0,1
239,세종,2026-03-19,5.2,-0.8,654.0,12.6,1508.0,,,,,,,8.1,290,1542,4.4,320,1520,1.6,1394.0,320.0,-5.5,17.0,1602.0,52.4,4.2,1007.5,1020.9,2400,1016.5,1427,1018.6,12.1,10.1,1200.0,3.12,22.12,,,,,,1.1,0.8,8.7,-5.8,,,,,,,,,,3.3,4.7,,,,2026,3,12,78,1,1,0,0
239,세종,2026-03-20,6.0,-2.7,642.0,14.5,1459.0,,,,,,,8.1,180,1341,3.5,320,1224,1.5,1279.0,320.0,-1.6,30.0,1646.0,61.5,5.5,1009.9,1024.1,2341,1018.9,1441,1021.0,12.1,10.0,1200.0,3.03,21.46,,,,,,0.5,0.5,9.2,-6.1,,,,,,,,,,3.0,4.3,,,,2026,3,12,79,1,1,0,0
239,세종,2026-03-21,7.5,-0.5,459.0,16.6,1600.0,,,,,,,5.3,290,1553,2.7,320,1431,1.1,933.0,340.0,-2.4,11.0,1423.0,60.6,5.4,1012.3,1025.9,858,1020.6,1701,1023.4,12.2,7.5,1300.0,3.1,20.44,,,,,,1.8,1.3,10.8,-4.5,,,,,,,,,,3.6,5.1,,,,2026,3,12,80,1,1,0,0
239,세종,2026-03-22,9.7,3.4,122.0,18.6,1640.0,,,,,,,7.4,340,1826,4.7,290,1832,1.1,973.0,90.0,-5.5,11.0,1535.0,39.8,4.2,1008.3,1023.0,148,1016.0,1534,1019.2,12.2,6.4,1300.0,3.08,17.29,,,,,,4.5,3.5,11.0,-0.4,,,,,,,,,,3.4,4.9,,,,2026,3,12,81,1,1,0,0
239,세종,2026-03-23,10.7,1.4,613.0,19.5,1545.0,,,,,,,4.3,50,1305,2.7,50,1246,0.9,808.0,70.0,-3.8,17.0,1235.0,38.6,4.7,1008.3,1020.7,857,1016.8,1559,1019.1,12.2,10.1,1200.0,3.07,21.97,,,,,,1.3,0.6,12.3,-3.8,,,,,,,,,,3.9,5.5,,,,2026,3,13,82,1,1,1,0
239,세종,2026-03-24,12.4,6.1,536.0,19.6,1627.0,,,,,,,6.7,340,1752,4.2,360,1755,1.4,1245.0,110.0,1.3,23.0,1640.0,49.8,6.8,1006.4,1020.6,137,1013.8,1646,1017.2,12.3,6.9,1200.0,3.0,18.95,,,,,,6.1,3.8,13.4,0.0,,,,,,,,,,3.3,4.7,,,,2026,3,13,83,1,0,1,0
239,세종,2026-03-25,12.4,8.0,2336.0,18.9,1552.0,,,,,,,7.2,340,1759,4.4,320,1800,1.4,1185.0,320.0,3.3,23.0,1715.0,56.4,7.8,1003.4,1016.5,2329,1011.3,1534,1014.1,12.3,5.1,1300.0,3.11,16.2,,,,,,4.9,0.9,14.3,2.8,,,,,,,,,,2.8,4.1,,,,2026,3,13,84,1,0,1,0
239,세종,2026-03-26,11.7,3.6,651.0,21.5,1523.0,,,,,,,6.2,20,1352,3.4,290,1424,1.3,1159.0,320.0,2.2,20.0,1559.0,60.1,7.2,1004.3,1017.5,826,1011.8,1503,1015.0,12.4,8.6,1200.0,3.01,20.73,,,,,,0.0,0.0,13.9,0.1,,,,,,,,,,3.5,5.0,,,,2026,3,13,85,1,1,1,0
239,세종,2026-03-27,11.6,4.3,556.0,20.9,1452.0,,,,,,,7.0,250,2031,3.4,160,1612,1.5,1321.0,320.0,2.9,26.0,1505.0,61.4,7.5,1003.0,1016.2,624,1010.3,1503,1013.8,12.4,8.4,1200.0,2.72,18.51,,,,,,1.4,0.6,13.8,1.3,,,,,,,,,,3.2,4.6,,,,2026,3,13,86,1,1,1,0
239,세종,2026-03-28,12.2,5.1,549.0,21.0,1550.0,,,,,,,6.5,340,1339,3.5,50,1218,1.6,1346.0,320.0,1.3,18.0,1453.0,56.6,6.9,1004.6,1017.3,840,1012.7,1638,1015.3,12.4,9.1,1200.0,3.16,22.4,,,,,,0.3,0.3,15.5,-0.4,,,,,,,,,,3.8,5.4,,,,2026,3,13,87,1,0,1,0
239,세종,2026-03-29,12.7,4.6,635.0,21.7,1449.0,,,,,,,5.6,320,1536,2.6,320,1500,1.0,825.0,270.0,0.2,12.0,1416.0,48.0,6.3,1004.8,1017.2,816,1013.3,1439,1015.6,12.5,5.7,1300.0,3.08,18.09,,,,,,5.3,2.4,14.3,0.8,,,,,,,,,,3.3,4.7,,,,2026,3,13,88,1,1,1,0
239,세종,2026-03-30,12.4,8.3,300.0,18.1,1441.0,,,,,,12.6,5.7,90,2326,3.2,110,1903,1.0,848.0,110.0,4.6,34.0,1133.0,62.9,8.8,1001.8,1016.7,110,1007.3,2358,1012.5,12.5,0.1,1000.0,1.4,6.97,,,,,,9.5,5.4,12.2,3.2,,,,,,,,,,1.4,2.0,,,,2026,3,14,89,1,0,1,1
239,세종,2026-03-31,13.5,10.2,624.0,18.4,1358.0,,,,,,20.4,7.3,20,33,3.7,340,531,1.7,1432.0,90.0,8.6,46.0,1535.0,75.4,11.2,999.1,1013.0,2227,1005.6,119,1009.7,12.6,3.7,1200.0,2.68,16.46,,,,,,7.5,4.3,14.6,9.0,,,,,,,,,,2.4,3.4,,,,2026,3,14,90,1,0,1,1
239,세종,2026-04-01,12.0,7.5,2359.0,16.6,1112.0,,,,,,,6.8,290,1524,3.3,290,1530,1.2,1044.0,290.0,5.3,36.0,2003.0,66.0,9.2,1002.2,1014.3,2337,1011.1,1505,1012.9,12.6,0.8,1000.0,2.1,9.78,,,,,,7.3,4.8,12.8,3.8,,,,,,,,,,1.8,2.6,,,,2026,4,14,91,1,0,1,0
239,세종,2026-04-02,10.6,3.1,553.0,19.1,1522.0,,,,,,,7.4,270,1347,3.8,320,1424,1.4,1234.0,250.0,0.8,20.0,1740.0,55.9,6.6,1004.7,1018.0,2324,1012.6,1614,1015.5,12.6,10.7,1200.0,3.26,23.45,,,,,,0.0,0.0,12.9,-0.1,,,,,,,,,,3.7,5.3,,,,2026,4,14,92,1,0,1,0
239,세종,2026-04-03,13.9,5.4,239.0,22.4,1511.0,0.0,,0.0,,,0.0,8.7,200,2153,4.5,180,2156,1.5,1256.0,200.0,5.2,28.0,1439.0,61.0,8.8,1002.4,1018.4,154,1008.6,2353,1013.0,12.7,6.7,1100.0,2.92,18.7,,,,,,7.4,3.5,14.7,3.4,,,,,,,,,,3.1,4.5,,,,2026,4,14,93,1,0,1,0
239,세종,2026-04-04,11.3,7.0,2353.0,16.5,1320.0,1.8,403.0,7.1,350.0,,29.2,7.0,340,1423,4.0,320,1459,1.8,1597.0,320.0,9.3,60.0,1.0,88.1,11.8,991.8,1009.1,2356,998.6,1018,1002.5,12.7,0.7,1100.0,2.0,8.39,,,,,,8.9,6.1,12.9,7.4,,,,,,,,,,1.4,2.0,,,,2026,4,14,94,1,0,1,1
239,세종,2026-04-05,11.1,6.0,458.0,17.6,1547.0,0.0,,0.0,,,0.0,9.1,360,2400,5.6,320,2400,1.6,1367.0,160.0,2.2,28.0,1419.0,57.1,7.2,998.2,1010.3,858,1006.9,1613,1008.9,12.7,8.4,1200.0,3.25,22.52,,,,,,5.3,3.8,13.9,6.1,,,,,,,,,,3.3,4.7,,,,2026,4,14,95,1,0,1,0
239,세종,2026-04-06,9.8,6.1,2357.0,15.6,1640.0,1.8,617.0,5.4,605.0,,7.1,8.5,360,4,5.4,320,2,1.7,1432.0,270.0,4.6,39.0,1813.0,73.6,8.9,999.9,1014.0,2354,1008.1,1600,1010.7,12.8,1.2,1500.0,1.64,7.47,,,,,,6.4,5.4,11.4,2.2,,,,,,,,,,1.8,2.5,,,,2026,4,15,96,1,0,0,1
239,세종,2026-04-07,7.1,0.1,629.0,13.5,1551.0,,,,,,,11.4,320,1128,7.0,320,1129,2.3,1966.0,270.0,-6.0,17.0,1213.0,42.9,4.0,1005.9,1020.6,2307,1013.9,218,1016.9,12.8,10.8,1200.0,3.48,25.84,,,,,,0.0,0.0,10.6,-2.7,,,,,,,,,,4.2,5.9,,,,2026,4,15,97,1,0,0,0
