stnId,stnNm,tm,avgTa,minTa,minTaHrmt,maxTa,maxTaHrmt,mi10MaxRn,mi10MaxRnHrmt,hr1MaxRn,hr1MaxRnHrmt,sumRnDur,sumRn,maxInsWs,maxInsWsWd,maxInsWsHrmt,maxWs,maxWsWd,maxWsHrmt,avgWs,hr24SumRws,maxWd,avgTd,minRhm,minRhmHrmt,avgRhm,avgPv,avgPa,maxPs,maxPsHrmt,minPs,minPsHrmt,avgPs,ssDur,sumSsHr,hr1MaxIcsrHrmt,hr1MaxIcsr,sumGsr,ddMefs,ddMefsHrmt,ddMes,ddMesHrmt,sumDpthFhsc,avgTca,avgLmac,avgTs,minTg,avgCm5Te,avgCm10Te,avgCm20Te,avgCm30Te,avgM05Te,avgM10Te,avgM15Te,avgM30Te,avgM50Te,sumLrgEv,sumSmlEv,n99Rn,iscs,sumFogDur,year,month,week,doy,is_spring,cold_stress,warm_day,rain_day
278,의성,2019-01-01,-4.8,-12.3,0551,3.3,1344,,,,,,,10.9,290,1448,5.6,290,1452,1.8,1547,290,-12.2,36,1254,57.8,2.5,1022.1,1035.4,0120,1029.7,1337,1032.7,9.7,5.5,,,,,,,,,4.6,0.0,-4.9,-17.2,,,,,,,,,,,,,,,2019,1,1,1,0,0,0,0
278,의성,2019-01-02,-5.6,-12.4,0720,4.5,1510,,,,,,,7.7,250,1521,4.4,290,1400,1.2,1034,360,-14.1,16,1407,56.6,2.1,1022.9,1036.1,0914,1030.8,1411,1033.6,9.7,8.5,,,,,,,,,0.0,0.0,-5.1,-18.8,,,,,,,,,,,,,,,2019,1,1,2,0,0,0,0
278,의성,2019-01-03,-5.7,-13.7,0734,5.8,1514,,,,,,,5.9,250,1312,3.4,250,1608,0.9,817,360,-16.2,12,1516,50.3,1.8,1024.1,1036.8,0947,1032.9,1414,1034.8,9.8,8.5,,,,,,,,,0.0,0.0,-5.3,-19.3,,,,,,,,,,,,,,,2019,1,1,3,0,0,0,0
278,의성,2019-01-04,-3.8,-12.6,0715,6.7,1431,,,,,,,8.0,270,1510,5.3,270,1511,1.0,879,20,-15.0,12,1336,48.9,2.0,1019.9,1035.7,0226,1027.3,1639,1030.5,9.8,6.8,,,,,,,,,0.6,0.0,-3.8,-17.9,,,,,,,,,,,,,,,2019,1,1,4,0,0,0,0
278,의성,2019-01-05,-2.8,-9.2,2343,6.5,1620,,,,,,,6.3,270,1412,4.0,270,1424,1.0,860,270,-12.9,11,1554,51.9,2.4,1015.5,1027.9,2230,1023.1,1510,1026.0,9.8,8.3,,,,,,,,,2.6,0.0,-2.6,-15.8,,,,,,,,,,,,,,,2019,1,1,5,0,0,0,0
278,의성,2019-01-06,-4.9,-11.5,0731,6.6,1454,,,,,,,5.2,270,1547,3.0,250,1524,0.7,567,250,-16.6,10,1457,46.6,1.7,1017.5,1030.1,0952,1025.6,1436,1028.1,9.8,7.3,,,,,,,,,3.6,0.0,-3.7,-16.2,,,,,,,,,,,,,,,2019,1,1,6,0,0,0,0
278,의성,2019-01-07,-3.6,-12.7,0743,6.6,1504,,,,,,,6.9,270,1552,4.2,290,1558,1.0,859,290,-12.7,23,1552,53.4,2.3,1017.2,1030.2,0933,1025.6,1434,1027.8,9.8,8.0,,,,,,,,,3.9,0.0,-3.7,-18.2,,,,,,,,,,,,,,,2019,1,2,7,0,0,0,0
278,의성,2019-01-08,-1.8,-8.7,0807,5.3,1408,,,,,,,11.2,320,1454,6.1,320,1514,2.2,1899,290,-15.5,15,1500,42.1,2.0,1016.4,1030.2,2350,1023.9,1411,1026.9,9.8,8.5,,,,,,,,,1.8,0.0,-2.4,-14.8,,,,,,,,,,,,,,,2019,1,2,8,0,0,0,0
278,의성,2019-01-09,-5.4,-13.0,0743,4.1,1513,,,,,,,4.3,340,1153,2.2,320,0021,0.7,646,360,-15.9,19,1214,47.0,1.8,1022.1,1036.9,0843,1029.4,2345,1032.8,9.8,7.0,,,,,,,,,4.1,0.0,-3.7,-18.7,,,,,,,,,,,,,,,2019,1,2,9,0,0,0,0
278,의성,2019-01-10,-1.5,-8.4,0009,6.9,1411,,,,,,,9.5,290,1600,5.3,250,1124,1.6,1397,290,-11.6,12,1141,52.4,2.6,1015.0,1029.5,0001,1022.4,1359,1025.5,9.9,6.8,,,,,,,,,3.1,0.0,-0.8,-12.6,,,,,,,,,,,,,,,2019,1,2,10,0,0,0,0
278,의성,2019-01-11,-0.8,-9.0,0605,9.5,1539,,,,,,,3.1,20,1649,1.7,20,1654,0.5,446,360,-7.9,29,1300,61.3,3.4,1015.3,1029.1,0849,1022.6,2316,1025.7,9.9,7.7,,,,,,,,,4.9,0.0,-0.5,-14.9,,,,,,,,,,,,,,,2019,1,2,11,0,0,0,0
278,의성,2019-01-12,1.8,0.2,0003,4.1,1515,,,,,,3.5,2.8,90,2305,1.7,90,2326,0.2,198,270,-0.5,61,0034,85.3,6.0,1012.5,1024.1,2246,1021.1,1420,1022.7,9.9,0.0,,,,,,,,,9.8,0.0,0.3,-1.2,,,,,,,,,,,,,,,2019,1,2,12,0,0,0,1
278,의성,2019-01-13,0.8,-1.8,1944,4.3,1619,,,,,,,3.5,50,1301,2.6,90,1533,0.8,692,20,-1.4,69,1418,85.6,5.5,1015.1,1026.7,0954,1023.9,0002,1025.5,9.9,3.1,,,,,,,,,8.4,0.0,1.8,-7.0,,,,,,,,,,,,,,,2019,1,2,13,0,0,0,0
278,의성,2019-01-14,-0.8,-3.2,2350,4.9,1528,,,,,,,2.7,70,0317,1.6,160,0718,0.7,568,50,-3.1,57,1526,85.1,4.9,1015.4,1028.7,1019,1024.0,2350,1025.8,9.9,2.4,,,,,,,,,9.4,0.0,1.3,-7.4,,,,,,,,,,,,,,,2019,1,3,14,0,0,0,0
278,의성,2019-01-15,0.2,-4.0,0818,7.2,1416,,,,,,0.0,8.9,320,2140,5.1,270,1440,2.1,1781,290,-7.3,35,1245,61.5,3.6,1012.1,1025.7,2308,1019.8,1522,1022.4,10.0,5.6,,,,,,,,,5.6,0.0,0.7,-8.3,,,,,,,,,,,,,,,2019,1,3,15,0,0,0,0
278,의성,2019-01-16,-4.6,-10.2,0652,2.8,1523,,,,,,,8.7,290,1631,5.0,290,1633,1.7,1453,270,-15.5,13,1612,48.1,1.9,1015.4,1027.9,0736,1023.4,1556,1025.9,10.0,8.6,,,,,,,,,1.3,0.0,-2.7,-14.6,,,,,,,,,,,,,,,2019,1,3,16,0,0,0,0
278,의성,2019-01-17,-1.6,-9.3,0125,5.8,1421,,,,,,,9.2,270,1513,4.9,270,1522,1.5,1288,270,-8.9,37,1454,59.3,3.2,1013.3,1027.4,2359,1020.9,1408,1023.8,10.0,5.1,,,,,,,,,4.0,0.0,-1.3,-14.0,,,,,,,,,,,,,,,2019,1,3,17,0,0,0,0
278,의성,2019-01-18,-2.0,-10.1,0747,9.2,1451,,,,,,,6.9,250,1253,4.1,250,1317,1.0,824,250,-10.4,20,1450,58.5,2.8,1017.0,1030.0,0809,1024.7,1440,1027.5,10.0,8.5,,,,,,,,,2.1,0.0,-1.8,-16.1,,,,,,,,,,,,,,,2019,1,3,18,0,0,0,0
278,의성,2019-01-19,1.3,-5.4,0253,10.4,1351,,,,,,,3.9,230,1357,2.4,250,1452,0.4,382,160,-7.9,21,1502,54.3,3.4,1012.5,1027.6,0001,1017.8,2302,1022.8,10.0,3.5,,,,,,,,,8.4,0.0,-0.1,-9.0,,,,,,,,,,,,,,,2019,1,3,19,0,0,0,0
278,의성,2019-01-20,1.3,-6.4,2340,6.9,1314,,,,,,,11.1,270,1238,6.6,290,1420,2.6,2210,290,-12.5,11,1441,41.4,2.6,1009.7,1024.4,2352,1017.0,0237,1020.0,10.1,8.6,,,,,,,,,2.1,0.0,1.3,-12.1,,,,,,,,,,,,,,,2019,1,3,20,0,0,0,0
278,의성,2019-01-21,-1.0,-10.1,0722,7.2,1506,,,,,,,10.7,320,1238,6.2,290,1242,2.0,1740,270,-9.8,30,1509,53.4,3.0,1011.2,1025.0,0810,1018.6,1634,1021.6,10.1,8.7,,,,,,,,,0.0,0.0,-1.7,-15.6,,,,,,,,,,,,,,,2019,1,4,21,0,0,0,0
278,의성,2019-01-22,1.1,-7.8,0715,10.4,1525,,,,,,,7.0,290,1657,4.0,250,1350,1.5,1267,290,-7.9,25,1521,56.6,3.4,1009.3,1022.0,0846,1016.7,1626,1019.6,10.1,8.6,,,,,,,,,0.0,0.0,-0.2,-13.8,,,,,,,,,,,,,,,2019,1,4,22,0,0,0,0
278,의성,2019-01-23,0.4,-7.0,0618,10.8,1500,,,,,,,9.3,320,1512,5.6,270,1150,1.6,1374,290,-8.9,21,1528,55.1,3.1,1009.3,1023.0,2356,1017.1,1408,1019.6,10.1,8.4,,,,,,,,,0.3,0.0,-0.3,-12.5,,,,,,,,,,,,,,,2019,1,4,23,0,0,0,0
278,의성,2019-01-24,-2.1,-9.6,0740,9.0,1454,,,,,,,5.6,270,1610,3.3,270,1618,0.8,673,250,-14.0,9,1630,47.9,2.1,1013.8,1026.2,0908,1022.0,1527,1024.3,10.2,8.9,,,,,,,,,0.0,0.0,-1.7,-15.5,,,,,,,,,,,,,,,2019,1,4,24,0,0,0,0
278,의성,2019-01-25,-2.5,-10.2,0740,6.7,1407,,,,,,,9.6,320,1611,6.3,290,1615,1.8,1566,290,-14.5,14,1640,44.5,2.0,1012.3,1025.3,0244,1019.1,1453,1022.8,10.2,8.8,,,,,,,,,1.4,0.0,-2.5,-15.2,,,,,,,,,,,,,,,2019,1,4,25,0,0,0,0
278,의성,2019-01-26,-4.4,-12.0,0741,5.1,1439,,,,,,,7.9,340,1254,4.4,320,1614,1.4,1221,360,-17.3,12,1425,43.4,1.6,1016.0,1029.8,2357,1024.5,0001,1026.6,10.2,9.1,,,,,,,,,0.0,0.0,-2.8,-17.9,,,,,,,,,,,,,,,2019,1,4,26,0,0,0,0
278,의성,2019-01-27,-3.7,-13.4,0745,7.9,1514,,,,,,,7.4,320,1411,4.1,250,1540,1.0,889,290,-15.0,12,1540,47.6,1.9,1016.6,1031.6,0816,1023.0,1841,1027.2,10.2,8.7,,,,,,,,,1.1,0.0,-2.5,-18.9,,,,,,,,,,,,,,,2019,1,4,27,0,0,0,0
278,의성,2019-01-28,0.4,-5.7,0109,8.2,1237,,,,,,0.0,12.9,290,1251,7.2,290,1415,2.2,1904,290,-11.9,11,1407,45.1,2.6,1011.4,1026.4,2359,1018.6,1324,1021.7,10.3,8.1,,,,,,,,,3.1,0.0,0.3,-12.0,,,,,,,,,,,,,,,2019,1,5,28,0,0,0,0
278,의성,2019-01-29,-2.2,-10.9,0717,10.1,1514,,,,,,,5.1,250,1448,2.3,270,1400,0.7,592,360,-13.0,16,1529,49.0,2.3,1017.4,1030.7,0919,1025.5,1555,1027.8,10.3,8.8,,,,,,,,,2.4,0.0,-1.2,-16.9,,,,,,,,,,,,,,,2019,1,5,29,0,0,0,0
278,의성,2019-01-30,1.6,-7.1,0756,11.8,1455,,,,,,,6.0,270,1247,3.9,250,1234,0.9,817,270,-12.4,11,1419,40.0,2.4,1014.1,1028.2,0006,1021.3,1618,1024.4,10.3,7.8,,,,,,,,,7.0,0.0,1.1,-12.9,,,,,,,,,,,,,,,2019,1,5,30,0,0,0,0
278,의성,2019-01-31,-0.2,-7.2,2400,3.4,1630,,,,,,1.5,4.4,230,1519,2.8,250,1525,0.7,626,250,-5.8,39,1805,67.6,4.1,1009.4,1022.4,2356,1016.7,1448,1019.7,10.4,1.2,,,,,,,,,6.8,0.0,-0.2,-12.2,,,,,,,,,,,,,,,2019,1,5,31,0,0,0,1
278,의성,2019-02-01,-3.3,-11.3,0728,5.3,1522,,,,,,,8.7,250,1403,5.4,250,1357,1.6,1399,20,-11.0,28,1508,59.9,2.7,1013.4,1025.6,0853,1021.8,1541,1023.9,10.4,9.1,,,,,,,,,0.0,0.0,-2.4,-17.0,,,,,,,,,,,,,,,2019,2,5,32,1,1,0,0
278,의성,2019-02-02,-0.4,-10.0,0724,10.2,1528,,,,,,,8.0,290,1144,4.6,250,1149,1.0,822,270,-7.9,29,1511,60.9,3.4,1012.7,1026.0,0827,1020.0,1536,1023.1,10.4,9.0,,,,,,,,,3.9,0.0,-0.6,-15.6,,,,,,,,,,,,,,,2019,2,5,33,1,1,0,0
278,의성,2019-02-03,3.4,0.4,0008,7.5,2147,,,,,,8.5,7.9,270,2400,4.4,290,2328,0.7,604,290,1.0,61,0113,84.8,6.7,1003.1,1021.2,0001,1008.6,1624,1013.2,10.5,0.0,,,,,,,,,8.5,0.0,1.1,-0.4,,,,,,,,,,,,,,,2019,2,5,34,1,0,0,1
278,의성,2019-02-04,2.2,-3.6,0736,8.5,1524,,,,,,,9.3,290,0200,5.2,290,0207,2.2,1911,360,-12.4,10,1319,40.9,2.6,1013.9,1026.9,2331,1015.6,0001,1024.2,10.5,8.9,,,,,,,,,2.6,0.0,2.4,-8.3,,,,,,,,,,,,,,,2019,2,6,35,1,1,0,0
278,의성,2019-02-05,0.8,-7.7,0742,11.9,1449,,,,,,,4.0,270,1452,1.9,250,1347,0.7,569,180,-10.7,11,1458,50.4,2.8,1012.4,1026.8,0003,1019.0,1710,1022.7,10.5,7.9,,,,,,,,,5.0,0.0,1.3,-11.4,,,,,,,,,,,,,,,2019,2,6,36,1,1,0,0
278,의성,2019-02-06,3.9,-5.4,0627,14.7,1457,,,,,,,5.1,250,1539,3.4,250,1544,0.7,599,50,-5.3,17,1314,55.8,4.2,1006.6,1020.0,0628,1013.3,1528,1016.8,10.6,7.5,,,,,,,,,5.1,0.1,3.2,-9.9,,,,,,,,,,,,,,,2019,2,6,37,1,1,0,0
278,의성,2019-02-07,2.7,-3.2,2356,8.2,0904,,,,,,,9.7,270,0947,5.7,290,1520,2.3,1958,270,-8.7,16,1617,47.4,3.6,1009.0,1025.2,2348,1015.3,0625,1019.2,10.6,5.7,,,,,,,,,6.0,0.0,1.7,-8.8,,,,,,,,,,,,,,,2019,2,6,38,1,1,0,0
278,의성,2019-02-08,-1.8,-7.9,0428,5.3,1530,,,,,,,4.6,290,0006,2.4,250,1423,0.9,746,20,-15.4,12,1359,39.3,1.9,1014.3,1027.7,0854,1021.6,1706,1024.8,10.6,7.7,,,,,,,,,6.8,0.0,0.4,-10.7,,,,,,,,,,,,,,,2019,2,6,39,1,1,0,0
278,의성,2019-02-09,-1.3,-6.4,2337,3.8,1446,,,,,,,10.4,320,1147,6.3,340,1349,2.2,1894,290,-17.5,13,1458,31.6,1.6,1015.4,1030.2,2349,1022.3,0029,1025.8,10.7,8.9,,,,,,,,,4.8,0.0,1.1,-10.6,,,,,,,,,,,,,,,2019,2,6,40,1,1,0,0
278,의성,2019-02-10,-1.2,-8.4,0521,4.3,1529,,,,,,,3.8,70,1320,2.3,250,1744,0.8,650,360,-13.4,22,1302,41.9,2.2,1018.9,1032.6,0844,1027.1,1544,1029.4,10.7,2.5,,,,,,,,,8.6,0.0,0.0,-11.7,,,,,,,,,,,,,,,2019,2,6,41,1,1,0,0
278,의성,2019-02-11,-0.8,-6.8,2353,5.1,1454,,,,,,,8.7,290,1214,4.8,290,1222,2.4,2055,270,-17.1,13,1120,31.0,1.7,1019.8,1034.3,2358,1026.8,0349,1030.3,10.7,9.6,,,,,,,,,1.0,0.0,1.5,-11.4,,,,,,,,,,,,,,,2019,2,7,42,1,1,0,0
278,의성,2019-02-12,-1.8,-10.2,0715,6.4,1443,,,,,,,5.9,270,1154,3.5,250,1557,1.0,872,250,-11.2,26,1409,51.9,2.6,1023.1,1036.9,0941,1030.8,1445,1033.6,10.8,7.9,,,,,,,,,4.4,0.0,0.1,-12.9,,,,,,,,,,,,,,,2019,2,7,43,1,1,0,0
278,의성,2019-02-13,-0.9,-7.7,0737,6.7,1505,,,,,,,9.3,270,1256,4.8,290,1433,1.5,1294,290,-12.6,18,1449,46.8,2.4,1021.1,1033.8,0835,1028.8,1408,1031.6,10.8,9.5,,,,,,,,,2.8,0.0,1.2,-11.6,,,,,,,,,,,,,,,2019,2,7,44,1,1,0,0
278,의성,2019-02-14,0.1,-5.1,0640,7.6,1424,,,,,,,6.1,180,1305,2.8,160,1311,0.9,771,360,-7.8,33,1125,56.9,3.5,1020.6,1034.0,0835,1028.2,1837,1031.1,10.8,5.2,,,,,,,,,8.6,0.0,1.3,-7.9,,,,,,,,,,,,,,,2019,2,7,45,1,1,0,0
278,의성,2019-02-15,2.8,-2.2,0350,8.5,1341,,,,,,,8.6,270,1522,5.4,270,1559,1.6,1374,290,-6.3,13,1331,54.8,3.9,1012.5,1029.2,0001,1020.1,1434,1022.7,10.9,3.8,,,,,,,,,9.4,0.0,1.8,-6.2,,,,,,,,,,,,,,,2019,2,7,46,1,1,0,0
278,의성,2019-02-16,-0.3,-6.6,2348,4.2,1510,,,,,,0.0,8.4,250,1132,5.2,340,1020,2.5,2188,290,-10.1,28,1403,49.9,2.9,1012.4,1024.7,2345,1020.2,0001,1022.7,10.9,8.3,,,,,,,,,5.8,0.0,2.2,-11.9,,,,,,,,,,,,,,,2019,2,7,47,1,1,0,0
278,의성,2019-02-17,-2.2,-10.6,0712,8.4,1515,,,,,,,7.4,250,1412,4.1,250,1347,1.5,1330,270,-14.2,12,1434,48.6,2.1,1014.8,1027.3,2348,1022.6,1508,1025.3,10.9,10.0,,,,,,,,,0.0,0.0,0.4,-14.8,,,,,,,,,,,,,,,2019,2,7,48,1,1,0,0
278,의성,2019-02-18,1.3,-8.8,0454,9.6,1555,,,,,,,2.8,340,1451,1.6,320,1453,0.6,477,360,-14.0,11,1315,38.1,2.1,1014.8,1028.6,0835,1022.9,1443,1025.1,11.0,5.6,,,,,,,,,8.4,0.1,0.6,-12.3,,,,,,,,,,,,,,,2019,2,8,49,1,1,0,0
278,의성,2019-02-19,2.6,-0.7,2340,5.3,1851,,,,,,14.5,5.7,290,1920,3.6,270,2115,1.0,897,20,0.0,31,0005,83.0,6.1,1008.4,1023.2,0001,1014.4,1351,1018.6,11.0,0.0,,,,,,,,,8.8,0.0,2.5,-5.7,,,,,,,,,,,,,,,2019,2,8,50,1,1,0,1
278,의성,2019-02-20,1.7,-2.7,2358,7.4,1443,,,,,,,8.6,290,1427,5.1,290,1408,1.5,1263,290,-4.0,37,1536,69.0,4.6,1014.4,1027.7,2355,1020.8,0009,1024.7,11.0,4.4,,,,,,,,,6.4,0.0,2.7,-7.5,,,,,,,,,,,,,,,2019,2,8,51,1,1,0,0
278,의성,2019-02-21,1.3,-5.2,0516,10.5,1527,,,,,,,4.7,230,1648,2.3,320,1417,0.7,581,20,-4.8,32,1605,67.4,4.3,1016.2,1029.0,0738,1023.8,1640,1026.5,11.1,8.8,,,,,,,,,2.0,,3.1,-9.4,,,,,,,,,,,,,,,2019,2,8,52,1,1,0,0
278,의성,2019-02-22,2.9,-4.2,0643,12.5,1407,,,,,,,3.5,230,1414,2.1,230,1159,0.6,550,270,-6.0,20,1456,59.0,3.9,1011.2,1025.7,0018,1017.8,1643,1021.4,11.1,5.8,,,,,,,,,7.0,0.3,3.0,-8.2,,,,,,,,,,,,,,,2019,2,8,53,1,1,0,0
278,의성,2019-02-23,3.5,-3.9,0717,13.9,1344,,,,,,,8.3,50,1258,4.2,20,1259,1.2,1061,70,-4.1,28,1448,62.5,4.5,1014.0,1026.9,2352,1021.4,0001,1024.3,11.2,8.3,,,,,,,,,4.6,0.0,3.8,-8.8,,,,,,,,,,,,,,,2019,2,8,54,1,1,0,0
278,의성,2019-02-24,4.1,-5.0,0718,15.7,1545,,,,,,,7.6,270,1712,4.3,250,1514,1.1,956,20,-5.1,23,1513,58.1,4.2,1012.7,1027.2,0811,1018.7,1635,1022.9,11.2,9.9,,,,,,,,,1.4,0.0,4.2,-9.8,,,,,,,,,,,,,,,2019,2,8,55,1,1,0,0
278,의성,2019-02-25,5.2,-1.6,2357,15.4,1422,,,,,,,5.8,250,1431,3.4,270,1432,0.9,754,360,-5.6,16,1456,52.9,4.1,1010.4,1023.0,2303,1017.8,1555,1020.6,11.2,8.8,,,,,,,,,3.1,0.0,4.8,-7.4,,,,,,,,,,,,,,,2019,2,9,56,1,1,0,0
278,의성,2019-02-26,3.9,-5.3,0649,14.4,1510,,,,,,,4.6,320,1319,2.4,270,1324,0.7,643,290,-7.0,15,1508,52.0,3.6,1013.6,1026.1,0813,1021.0,1626,1023.9,11.3,9.7,,,,,,,,,3.3,0.0,4.6,-10.5,,,,,,,,,,,,,,,2019,2,9,57,1,1,0,0
278,의성,2019-02-27,7.6,2.0,0055,13.4,1419,,,,,,0.0,5.8,250,1540,3.5,270,1542,0.8,648,360,0.4,37,1450,62.0,6.3,1011.7,1025.4,0136,1018.8,1451,1021.8,11.3,1.4,,,,,,,,,9.4,0.0,6.6,-2.9,,,,,,,,,,,,,,,2019,2,9,58,1,0,0,0
278,의성,2019-02-28,6.6,-0.2,0625,14.7,1506,,,,,,0.0,5.9,230,1441,3.2,270,1713,0.8,725,20,-2.3,22,1706,59.0,5.3,1008.2,1020.1,0911,1015.1,1349,1018.2,11.3,5.6,,,,,,,,,6.3,0.0,7.1,-5.6,,,,,,,,,,,,,,,2019,2,9,59,1,1,0,0
278,의성,2019-03-01,4.2,-4.1,0705,15.6,1515,,,,,,,7.5,50,1253,3.2,270,1540,1.0,851,360,-6.8,15,1652,52.4,3.7,1011.3,1023.8,0818,1019.0,1455,1021.5,11.4,9.7,,,,,,,,,0.0,0.0,5.2,-9.1,,,,,,,,,,,,,,,2019,3,9,60,1,1,0,0
278,의성,2019-03-02,5.8,-5.1,0709,17.1,1516,,,,,,,6.5,270,1452,3.0,250,1508,0.8,713,360,-5.1,16,1521,51.3,4.2,1009.6,1023.5,0810,1016.2,1644,1019.7,11.4,7.8,,,,,,,,,5.0,0.3,5.7,-9.9,,,,,,,,,,,,,,,2019,3,9,61,1,1,0,0
278,의성,2019-03-03,8.2,-1.8,0711,16.6,1410,,,,,,,4.4,50,1452,2.4,20,1455,0.8,690,50,-2.3,21,1550,52.6,5.2,1003.3,1018.0,0024,1009.5,1658,1013.2,11.5,6.7,,,,,,,,,7.0,0.4,6.8,-7.2,,,,,,,,,,,,,,,2019,3,9,62,1,1,0,0
278,의성,2019-03-04,8.8,1.5,2357,17.5,1432,,,,,,,6.3,50,1355,3.5,20,1541,0.9,780,50,-2.0,19,1525,51.8,5.3,1003.7,1019.4,2345,1010.8,0309,1013.7,11.5,6.9,,,,,,,,,4.8,0.0,9.3,-4.7,,,,,,,,,,,,,,,2019,3,10,63,1,0,0,0
278,의성,2019-03-05,7.3,-2.0,0618,16.3,1446,,,,,,,4.9,250,1421,3.2,250,1427,0.8,726,360,-2.1,24,1404,56.3,5.3,1010.2,1022.6,0942,1018.2,1711,1020.2,11.5,5.7,,,,,,,,,6.5,0.0,6.6,-7.4,,,,,,,,,,,,,,,2019,3,10,64,1,1,0,0
278,의성,2019-03-06,10.0,4.8,0707,17.6,1437,,,,,,0.0,6.5,250,1430,3.6,270,1433,1.0,853,20,-1.6,24,1436,47.4,5.5,1005.2,1019.4,0001,1010.9,1654,1015.1,11.6,5.4,,,,,,,,,8.0,0.0,10.2,2.5,,,,,,,,,,,,,,,2019,3,10,65,1,0,0,0
278,의성,2019-03-07,6.5,-0.4,2356,13.1,1620,,,,,,0.1,5.8,50,1146,3.2,50,1149,1.1,939,360,-1.3,31,1755,61.1,5.7,1008.6,1023.7,2345,1013.8,0001,1018.6,11.6,4.7,,,,,,,,,5.3,0.0,8.4,-5.9,,,,,,,,,,,,,,,2019,3,10,66,1,1,0,1
278,의성,2019-03-08,5.0,-4.0,0659,16.6,1548,,,,,,,6.0,270,1602,3.4,250,1504,1.1,938,20,-6.7,14,1447,51.9,3.8,1014.5,1027.0,0837,1022.0,1656,1024.7,11.7,10.3,,,,,,,,,0.4,0.0,6.7,-9.7,,,,,,,,,,,,,,,2019,3,10,67,1,1,0,0
278,의성,2019-03-09,6.1,-5.1,0622,18.0,1411,,,,,,,5.6,250,1217,3.6,230,1436,0.9,748,360,-7.0,11,1429,45.6,3.7,1011.6,1025.7,0202,1017.8,1710,1021.7,11.7,9.2,,,,,,,,,4.9,0.3,6.8,-10.6,,,,,,,,,,,,,,,2019,3,10,68,1,1,0,0
278,의성,2019-03-10,6.5,4.0,2348,10.8,1058,,,,,,6.5,6.9,50,1243,3.4,70,1559,0.9,740,20,1.2,42,1032,70.1,6.8,1003.9,1019.3,0001,1011.2,2339,1013.9,11.7,0.0,,,,,,,,,8.8,0.0,6.6,1.4,,,,,,,,,,,,,,,2019,3,10,69,1,0,0,1
278,의성,2019-03-11,7.0,1.8,0708,13.2,1341,,,,,,,7.2,250,1351,4.9,250,1357,1.5,1265,290,1.5,32,1343,72.3,6.9,999.1,1011.4,0808,1006.5,1815,1009.1,11.8,3.2,,,,,,,,,7.9,0.0,8.3,1.6,,,,,,,,,,,,,,,2019,3,11,70,1,0,0,0
278,의성,2019-03-12,6.5,0.6,2400,15.2,1356,,,,,,0.5,12.7,340,1651,7.4,340,1659,2.9,2527,270,-0.9,28,1358,62.5,5.8,1000.7,1016.0,2353,1006.7,1519,1010.7,11.8,7.3,,,,,,,,,3.6,0.0,9.1,-3.8,,,,,,,,,,,,,,,2019,3,11,71,1,0,0,1
278,의성,2019-03-13,3.1,-5.5,0658,10.3,1439,,,,,,,12.7,320,1214,7.6,290,1219,2.9,2547,290,-11.5,12,1554,38.8,2.6,1009.6,1023.8,2357,1016.0,0001,1019.8,11.8,9.9,,,,,,,,,1.8,0.0,3.4,-10.2,,,,,,,,,,,,,,,2019,3,11,72,1,1,0,0
278,의성,2019-03-14,3.2,-7.2,0706,12.7,1559,,,,,,,9.0,290,1445,4.7,270,1358,1.6,1410,290,-10.5,13,1419,43.0,2.9,1013.4,1026.7,0804,1020.8,1644,1023.7,11.9,9.4,,,,,,,,,2.0,0.0,4.5,-11.8,,,,,,,,,,,,,,,2019,3,11,73,1,1,0,0
278,의성,2019-03-15,5.4,-2.2,0343,13.3,1256,,,,,,1.5,9.5,340,1530,5.7,360,1534,1.6,1404,250,-1.6,34,1250,63.5,5.5,1008.1,1023.3,0001,1013.2,1746,1018.2,11.9,5.8,,,,,,,,,7.6,0.0,5.5,-7.2,,,,,,,,,,,,,,,2019,3,11,74,1,1,0,1
278,의성,2019-03-16,4.8,-2.7,0652,12.8,1510,,,,,,,7.2,290,1301,4.7,250,1406,1.4,1168,360,-2.7,27,1429,63.3,5.0,1010.0,1023.2,0830,1016.5,0001,1020.2,12.0,8.7,,,,,,,,,4.9,0.0,5.9,-7.8,,,,,,,,,,,,,,,2019,3,11,75,1,1,0,0
278,의성,2019-03-17,4.7,-3.7,0652,14.5,1512,,,,,,,9.5,340,1220,5.2,320,1224,1.5,1323,360,-5.0,22,1509,56.5,4.2,1012.7,1024.7,2346,1020.5,0001,1022.9,12.0,10.6,,,,,,,,,1.5,0.0,6.5,-9.2,,,,,,,,,,,,,,,2019,3,11,76,1,1,0,0
278,의성,2019-03-18,6.0,-4.8,0621,16.4,1504,,,,,,,6.5,230,1455,3.7,250,1436,1.1,910,340,-5.3,17,1418,50.6,4.2,1009.8,1025.0,0033,1015.8,1734,1019.9,12.0,7.8,,,,,,,,,7.0,0.0,6.8,-9.7,,,,,,,,,,,,,,,2019,3,12,77,1,1,0,0
278,의성,2019-03-19,9.8,-1.9,0636,21.9,1606,,,,,,,6.3,230,1332,3.9,270,1623,1.1,959,360,-3.7,15,1159,45.4,4.8,1006.7,1019.0,2321,1013.9,1602,1016.6,12.1,10.2,,,,,,,,,1.8,,10.1,-6.1,,,,,,,,,,,,,,,2019,3,12,78,1,1,0,0
278,의성,2019-03-20,10.5,2.0,0620,19.6,1418,,,,,,5.0,7.6,230,1450,4.9,250,1455,0.9,750,250,3.6,19,1708,67.6,8.1,1001.9,1019.2,0138,1001.6,2358,1011.7,12.1,0.9,,,,,,,,,8.9,0.0,9.7,-3.0,,,,,,,,,,,,,,,2019,3,12,79,1,0,0,1
278,의성,2019-03-21,10.8,5.4,2353,14.1,0920,,,,,,1.0,9.2,270,2000,5.4,290,0925,2.7,2350,290,5.1,42,1927,69.3,9.3,997.1,1015.1,2359,1000.2,0311,1006.9,12.1,0.5,,,,,,,,,9.0,0.0,9.5,3.2,,,,,,,,,,,,,,,2019,3,12,80,1,0,0,1
278,의성,2019-03-22,5.4,0.4,0641,13.1,1528,,,,,,,7.5,290,1521,4.5,320,1720,1.8,1596,290,-4.6,19,1639,52.6,4.4,1008.1,1021.4,2357,1015.2,0001,1018.2,12.2,8.7,,,,,,,,,5.9,0.0,8.9,-3.6,,,,,,,,,,,,,,,2019,3,12,81,1,0,0,0
278,의성,2019-03-23,3.1,-3.1,0648,12.6,1357,,,,,,1.0,10.7,340,1528,6.5,320,1532,1.9,1616,270,-5.6,14,1237,61.3,4.2,1010.3,1023.1,0729,1016.0,1430,1020.5,12.2,7.7,,,,,,,,,4.1,0.0,5.3,-6.8,,,,,,,,,,,,,,,2019,3,12,82,1,1,0,1
278,의성,2019-03-24,4.1,-5.9,0634,12.7,1545,,,,,,,8.4,290,1421,4.8,290,1355,2.0,1753,270,-6.7,20,1607,52.3,3.7,1010.9,1024.2,0811,1017.3,1707,1021.1,12.3,10.4,,,,,,,,,1.0,,5.5,-10.6,,,,,,,,,,,,,,,2019,3,12,83,1,1,0,0
278,의성,2019-03-25,6.4,-3.1,0626,16.8,1550,,,,,,,9.1,270,1303,3.7,270,1508,1.1,962,50,-2.8,28,1518,56.1,5.1,1007.8,1021.2,0118,1014.0,1709,1017.8,12.3,9.3,,,,,,,,,4.8,,7.6,-7.8,,,,,,,,,,,,,,,2019,3,13,84,1,1,0,0
278,의성,2019-03-26,8.3,-1.5,0646,20.5,1435,,,,,,,10.1,320,1250,6.7,320,1606,1.9,1624,290,-3.7,13,1356,52.6,4.8,1007.5,1018.8,2345,1015.7,1536,1017.5,12.4,9.2,,,,,,,,,0.0,,9.5,-6.6,,,,,,,,,,,,,,,2019,3,13,85,1,1,0,0
278,의성,2019-03-27,12.5,-1.3,0552,25.1,1448,,,,,,,12.7,290,1628,7.0,270,1911,2.2,1909,360,-3.7,10,1536,40.8,4.8,1003.1,1018.8,0131,1006.6,1615,1012.9,12.4,9.3,,,,,,,,,,,11.3,-5.5,,,,,,,,,,,,,,,2019,3,13,86,1,1,1,0
278,의성,2019-03-28,10.5,4.7,2354,18.5,1427,,,,,,,6.3,360,1328,3.6,90,1708,1.4,1244,70,3.7,35,1350,65.3,8.0,1003.2,1015.2,2326,1010.7,1503,1013.0,12.4,6.5,,,,,,,,,,,13.1,-0.8,,,,,,,,,,,,,,,2019,3,13,87,1,0,0,0
278,의성,2019-03-29,10.7,2.6,0341,19.7,1704,,,,,,,8.2,340,1416,3.7,320,1418,1.2,1001,360,-0.7,18,1528,52.9,5.9,1003.4,1015.8,0920,1010.6,1638,1013.2,12.5,6.6,,,,,,,,,,,12.7,-1.5,,,,,,,,,,,,,,,2019,3,13,88,1,0,0,0
278,의성,2019-03-30,8.0,3.7,2328,13.1,1533,,,,,,7.0,12.6,320,1805,7.3,290,1811,2.9,2520,270,0.8,39,1541,62.3,6.7,1002.4,1014.3,0800,1009.0,1652,1012.4,12.5,2.9,,,,,,,,,,,10.6,1.3,,,,,,,,,,,,,,,2019,3,13,89,1,0,0,1
278,의성,2019-03-31,4.9,-0.7,2345,10.3,1420,,,,,,0.0,10.4,340,1324,6.1,320,1328,2.8,2398,290,-4.9,30,1518,50.6,4.3,1008.6,1022.8,2340,1014.0,0001,1018.8,12.5,4.5,,,,,,,,,,,6.2,-7.1,,,,,,,,,,,,,,,2019,3,13,90,1,1,0,0
278,의성,2019-04-01,4.0,-5.1,0616,12.7,1452,,,,,,,13.2,320,1334,6.9,320,1126,2.4,2059,290,-8.2,17,1457,47.0,3.3,1012.0,1024.1,0726,1020.2,1452,1022.2,12.6,9.6,,,,,,,,,,,6.7,-10.4,,,,,,,,,,,,,,,2019,4,14,91,1,1,0,0
278,의성,2019-04-02,5.2,-5.3,0612,15.1,1628,,,,,,,10.2,320,1454,5.4,290,1611,1.7,1458,20,-8.3,13,1316,46.1,3.4,1012.2,1024.8,0721,1018.4,1603,1022.4,12.6,10.7,,,,,,,,,1.8,,8.2,-10.7,,,,,,,,,,,,,,,2019,4,14,92,1,1,0,0
278,의성,2019-04-03,6.8,-4.1,0617,16.0,1511,,,,,,,9.0,270,1636,5.2,290,1551,1.8,1538,360,-8.2,13,1214,43.0,3.4,1012.6,1026.1,0622,1019.0,1739,1022.8,12.6,10.6,,,,,,,,,0.1,,9.9,-9.8,,,,,,,,,,,,,,,2019,4,14,93,1,1,0,0
278,의성,2019-04-04,8.9,-3.4,0623,20.2,1430,,,,,,,10.9,320,1545,6.8,290,1549,2.2,1873,270,-8.5,13,1157,35.3,3.2,1007.6,1023.0,0111,1012.3,1701,1017.6,12.7,10.6,,,,,,,,,1.5,,11.0,-9.4,,,,,,,,,,,,,,,2019,4,14,94,1,1,0,0
278,의성,2019-04-05,9.7,-0.7,0646,21.3,1527,,,,,,,11.0,270,1510,6.1,270,1635,1.9,1629,270,-2.3,20,1531,46.1,5.4,999.9,1014.7,0001,1005.2,1610,1009.8,12.7,7.3,,,,,,,,,4.9,,11.4,-5.1,,,,,,,,,,,,,,,2019,4,14,95,1,1,0,0
278,의성,2019-04-06,11.2,-1.1,0618,22.5,1519,,,,,,,7.3,320,1512,4.2,340,1518,1.1,940,50,-6.0,9,1321,36.1,4.0,1001.5,1014.9,0743,1007.6,1736,1011.3,12.8,9.2,,,,,,,,,3.0,,13.3,-5.4,,,,,,,,,,,,,,,2019,4,14,96,1,1,0,0
278,의성,2019-04-07,13.9,7.0,2352,22.2,1430,,,,,,,7.3,230,1715,4.4,230,1640,1.1,933,200,1.7,24,1421,46.1,6.9,999.8,1011.3,0710,1006.5,1651,1009.5,12.8,5.6,,,,,,,,,4.9,,15.8,1.1,,,,,,,,,,,,,,,2019,4,14,97,1,0,0,0
278,의성,2019-04-08,11.3,0.5,0616,21.6,1424,,,,,,,12.9,320,1055,6.7,340,1055,2.1,1825,360,-4.0,11,1520,45.0,4.8,1004.7,1021.0,2350,1011.0,0025,1014.6,12.8,9.7,,,,,,,,,3.1,,14.5,-4.3,,,,,,,,,,,,,,,2019,4,15,98,1,0,0,0
278,의성,2019-04-09,7.6,1.3,0545,17.2,1139,2.5,2139,9.0,2127,,28.5,9.5,110,1710,5.2,110,1715,2.0,1748,20,-2.0,19,1124,57.1,5.4,1008.5,1021.9,0654,1013.6,2346,1018.5,12.9,3.3,,,,,,,,,7.5,,10.6,-3.4,,,,,,,,,,,,,,,2019,4,15,99,1,0,0,1
278,의성,2019-04-10,7.3,3.0,0001,10.4,1744,1.0,216,3.0,26,,9.0,6.7,70,0220,3.7,70,0228,1.6,1418,360,3.0,61,1755,75.3,7.6,1002.3,1015.3,2238,1010.4,1507,1012.3,12.9,0.0,,,,,,,,,8.3,,8.1,1.3,,,,,,,,,,,,,,,2019,4,15,100,1,0,0,1
278,의성,2019-04-11,8.8,2.9,0619,15.6,1507,0.1,,0.1,,,0.1,3.5,340,1410,1.8,160,1228,0.9,763,70,2.4,32,1554,69.3,7.3,1005.4,1017.4,0927,1013.4,1554,1015.4,13.0,4.8,,,,,,,,,8.9,,11.3,0.0,,,,,,,,,,,,,,,2019,4,15,101,1,0,0,1
278,의성,2019-04-12,10.7,3.2,0617,20.2,1522,,,,,,,6.7,360,1412,4.0,360,1418,1.3,1080,50,-0.8,16,1509,53.6,6.0,1007.9,1020.9,2345,1015.8,1557,1017.9,13.0,9.8,,,,,,,,,4.3,,13.3,-1.2,,,,,,,,,,,,,,,2019,4,15,102,1,0,0,0
278,의성,2019-04-13,10.6,0.5,0600,21.0,1631,,,,,,,8.0,250,1456,4.7,250,1502,1.2,1066,250,-0.9,15,1649,52.5,5.8,1009.7,1022.5,0651,1016.3,1613,1019.6,13.0,10.1,,,,,,,,,5.4,,13.4,-3.6,,,,,,,,,,,,,,,2019,4,15,103,1,0,0,0
278,의성,2019-04-14,10.2,4.3,0135,16.8,1157,0.0,,0.0,,,0.0,10.0,290,1353,6.1,320,1354,1.9,1661,290,0.4,30,2026,53.6,6.4,1005.0,1019.1,0042,1011.6,1644,1014.8,13.1,3.1,,,,,,,,,6.4,,10.3,-1.2,,,,,,,,,,,,,,,2019,4,15,104,1,0,0,0
278,의성,2019-04-15,10.5,-1.6,0536,23.0,1538,,,,,,,8.4,270,1550,5.1,290,1603,1.5,1255,340,-4.0,12,1548,45.4,4.6,1008.5,1020.5,0724,1015.5,1557,1018.4,13.1,11.5,,,,,,,,,0.0,,13.9,-7.3,,,,,,,,,,,,,,,2019,4,16,105,1,1,0,0
278,의성,2019-04-16,13.1,-0.5,0555,25.3,1531,,,,,,,7.3,230,1411,4.0,250,1418,1.1,963,360,-3.9,9,1326,40.3,4.7,1007.3,1020.7,0656,1013.6,1634,1017.1,13.1,9.8,,,,,,,,,4.9,,15.3,-5.4,,,,,,,,,,,,,,,2019,4,16,106,1,1,1,0
278,의성,2019-04-17,15.7,6.2,0607,26.2,1450,,,,,,,6.4,250,1532,3.8,230,1440,1.2,998,230,-2.0,10,1455,37.8,5.5,1002.3,1015.7,0002,1008.1,1750,1011.9,13.2,11.2,,,,,,,,,3.0,,18.6,1.8,,,,,,,,,,,,,,,2019,4,16,107,1,0,1,0
278,의성,2019-04-18,16.0,5.3,0555,25.7,1444,,,,,,,10.8,290,1530,6.4,320,1538,2.0,1710,270,4.3,22,1453,50.9,8.4,1001.4,1013.0,2337,1008.5,1746,1011.1,13.2,8.7,,,,,,,,,6.0,,17.5,1.1,,,,,,,,,,,,,,,2019,4,16,108,1,0,1,0
278,의성,2019-04-19,12.3,10.0,2359,14.8,0508,,,,,,,7.8,90,0637,4.4,90,0637,1.8,1544,90,4.2,48,1318,58.4,8.3,1008.1,1020.4,1102,1013.0,0001,1017.9,13.2,0.0,,,,,,,,,8.6,,13.5,8.3,,,,,,,,,,,,,,,2019,4,16,109,1,0,0,0
278,의성,2019-04-20,15.1,4.1,0551,25.0,1643,,,,,,,6.5,230,1340,3.8,250,1343,1.4,1168,20,4.6,25,1422,54.1,8.6,1004.8,1019.1,0001,1009.9,1712,1014.5,13.3,11.2,,,,,,,,,2.6,,18.6,-0.6,,,,,,,,,,,,,,,2019,4,16,110,1,0,1,0
278,의성,2019-04-21,18.2,13.1,0114,24.6,1459,,,,,,,7.0,340,1305,3.6,290,1320,1.2,1032,290,10.0,39,1628,60.9,12.3,1002.9,1014.4,2340,1010.6,1526,1012.5,13.3,1.5,,,,,,,,,8.5,,20.1,9.4,,,,,,,,,,,,,,,2019,4,16,111,1,0,0,0
278,의성,2019-04-22,18.1,8.5,0553,28.4,1418,,,,,,,9.4,270,1540,5.4,250,1544,1.4,1216,160,8.2,26,1250,57.9,10.9,1006.1,1017.9,2340,1013.3,1449,1015.7,13.4,11.0,,,,,,,,,2.8,,21.8,4.0,,,,,,,,,,,,,,,2019,4,17,112,1,0,1,0
278,의성,2019-04-23,17.0,9.6,0547,24.6,1357,1.0,2224,2.0,2003,,6.5,8.1,250,1630,4.9,250,1636,1.0,861,250,10.0,33,1123,68.5,12.6,1004.4,1018.1,0014,1011.4,2340,1014.0,13.4,2.8,,,,,,,,,9.5,,18.5,6.8,,,,,,,,,,,,,,,2019,4,17,113,1,0,0,1
278,의성,2019-04-24,18.0,15.0,0421,22.8,1537,1.0,106,4.0,56,,7.5,5.6,230,1509,3.4,250,1511,0.7,604,250,15.0,61,1536,84.5,17.1,997.1,1011.5,0003,1004.2,1559,1006.6,13.4,1.1,,,,,,,,,7.1,,19.0,10.8,,,,,,,,,,,,,,,2019,4,17,114,1,0,0,1
278,의성,2019-04-25,15.3,10.6,2348,21.4,1216,0.2,,0.3,1828,,0.5,6.7,200,1315,3.9,200,1323,1.7,1459,70,8.5,40,1108,67.0,11.2,998.8,1010.0,2138,1006.2,0230,1008.4,13.5,1.3,,,,,,,,,8.9,,16.8,9.9,,,,,,,,,,,,,,,2019,4,17,115,1,0,0,1
278,의성,2019-04-26,10.2,7.6,2321,12.6,1250,0.5,4,1.0,1,,7.0,7.1,50,1406,3.6,50,1406,1.2,1036,360,7.5,70,1316,83.4,10.4,1002.8,1018.6,2400,1008.0,0135,1012.7,13.5,0.0,,,,,,,,,8.6,,12.5,6.7,,,,,,,,,,,,,,,2019,4,17,116,1,0,0,1
278,의성,2019-04-27,11.8,5.1,0357,19.4,1558,0.0,,0.0,,,0.0,5.7,270,1316,3.3,290,1429,1.2,997,70,3.5,26,1529,63.0,8.0,1011.4,1023.6,1029,1018.6,0001,1021.3,13.5,9.5,,,,,,,,,5.4,,17.5,1.8,,,,,,,,,,,,,,,2019,4,17,117,1,0,0,0
278,의성,2019-04-28,11.4,6.5,2351,17.4,1321,,,,,,,5.2,340,1446,2.9,340,1452,1.0,830,50,5.1,40,1600,68.0,8.8,1011.1,1023.4,0022,1018.3,1807,1021.0,13.6,1.2,,,,,,,,,8.1,,14.2,3.0,,,,,,,,,,,,,,,2019,4,17,118,1,0,0,0
278,의성,2019-04-29,10.2,4.6,0435,13.2,1128,1.5,1155,6.5,1155,,24.0,2.7,290,1207,1.4,250,1036,0.6,492,360,8.1,70,1033,87.4,11.0,1005.3,1020.1,0035,1011.7,1927,1015.2,13.6,0.0,,,,,,,,,9.1,,11.7,1.1,,,,,,,,,,,,,,,2019,4,18,119,1,0,0,1
278,의성,2019-04-30,14.6,10.2,2359,21.0,1618,,,,,,,5.1,250,1448,3.5,250,1455,0.8,723,160,11.0,52,1619,81.0,13.1,999.2,1011.9,0001,1006.2,1820,1008.9,13.6,3.4,,,,,,,,,5.8,,16.5,6.7,,,,,,,,,,,,,,,2019,4,18,120,1,0,0,0
278,의성,2019-05-01,15.6,9.6,2350,25.1,1500,,,,,,,8.6,290,1501,5.2,290,1503,1.5,1268,270,8.1,27,1501,69.0,10.9,996.2,1008.0,0001,1002.2,1642,1005.7,13.7,8.8,,,,,,,,,3.9,,19.5,5.8,,,,,,,,,,,,,,,2019,5,18,121,1,0,1,0
278,의성,2019-05-02,15.5,6.2,0552,25.5,1441,,,,,,,9.8,230,1344,4.6,270,1612,1.5,1323,270,4.2,18,1428,55.0,8.4,1001.7,1015.3,2357,1007.4,0001,1011.4,13.7,12.0,,,,,,,,,0.0,,20.3,3.0,,,,,,,,,,,,,,,2019,5,18,122,1,0,1,0
278,의성,2019-05-03,16.5,3.8,0536,29.4,1600,,,,,,,5.9,320,1659,3.5,200,1542,1.0,906,20,2.3,12,1505,50.0,7.4,1006.6,1018.3,0800,1013.0,1647,1016.2,13.7,12.7,,,,,,,,,0.0,,21.0,-0.1,,,,,,,,,,,,,,,2019,5,18,123,1,0,1,0
278,의성,2019-05-04,17.4,5.8,0539,29.5,1546,,,,,,,4.5,290,1550,2.5,250,1314,0.9,806,360,5.0,12,1451,54.4,9.0,1008.1,1020.1,0728,1014.7,1617,1017.7,13.8,9.9,,,,,,,,,3.3,,20.7,1.6,,,,,,,,,,,,,,,2019,5,18,124,1,0,1,0
278,의성,2019-05-05,18.9,9.3,0548,30.4,1532,,,,,,,7.9,320,1712,4.5,270,1738,1.3,1166,270,3.9,9,1453,48.8,8.6,1005.6,1018.6,0708,1011.2,1650,1015.2,13.8,11.2,,,,,,,,,4.5,,22.6,5.4,,,,,,,,,,,,,,,2019,5,18,125,1,0,1,0
278,의성,2019-05-06,13.7,6.4,0524,22.8,1505,,,,,,,7.8,270,1441,4.3,270,1449,1.7,1473,360,3.7,18,1602,55.3,8.0,1005.5,1018.5,2149,1012.2,1550,1015.3,13.8,9.6,,,,,,,,,3.9,,20.6,2.0,,,,,,,,,,,,,,,2019,5,19,126,1,0,0,0
278,의성,2019-05-07,12.9,2.5,0530,23.6,1555,,,,,,,8.0,270,1439,4.5,320,1259,1.6,1353,360,-0.8,12,1456,48.5,5.9,1006.5,1019.2,0620,1012.3,1652,1016.2,13.9,12.8,,,,,,,,,0.0,,19.7,-0.8,,,,,,,,,,,,,,,2019,5,19,127,1,0,0,0
278,의성,2019-05-08,15.1,1.9,0542,25.3,1323,,,,,,,8.6,340,1052,5.4,270,1547,2.0,1736,270,-1.5,12,1502,40.4,5.6,1003.0,1017.0,0320,1008.7,1556,1012.6,13.9,10.2,,,,,,,,,5.9,,19.1,-2.5,,,,,,,,,,,,,,,2019,5,19,128,1,0,1,0
278,의성,2019-05-09,16.4,7.8,2357,26.4,1516,,,,,,,8.2,320,1524,4.5,270,1533,1.8,1575,290,0.0,14,1136,40.3,6.3,1000.5,1012.7,2358,1007.2,1652,1010.1,13.9,12.1,,,,,,,,,4.8,,22.3,1.2,,,,,,,,,,,,,,,2019,5,19,129,1,0,1,0
278,의성,2019-05-10,17.0,3.1,0528,29.8,1602,,,,,,,5.3,250,1552,2.8,230,1556,1.0,905,360,1.7,12,1554,44.8,7.0,1002.9,1014.6,0622,1009.7,1544,1012.5,13.9,12.5,,,,,,,,,2.8,,23.1,-1.4,,,,,,,,,,,,,,,2019,5,19,130,1,0,1,0
278,의성,2019-05-11,19.3,7.4,0541,31.4,1545,,,,,,,6.1,180,1524,3.1,320,1656,1.1,931,20,3.7,12,1403,44.8,8.1,1003.8,1015.4,0650,1010.2,1631,1013.3,14.0,12.5,,,,,,,,,1.4,,25.3,3.0,,,,,,,,,,,,,,,2019,5,19,131,1,0,1,0
278,의성,2019-05-12,17.9,8.2,0530,29.1,1438,,,,,,,8.4,230,1513,5.4,250,1515,1.3,1133,20,2.7,13,1424,45.4,7.6,1006.7,1018.6,2400,1014.4,1406,1016.3,14.0,12.3,,,,,,,,,2.6,,24.5,3.0,,,,,,,,,,,,,,,2019,5,19,132,1,0,1,0
278,의성,2019-05-13,18.4,6.2,0532,28.7,1516,,,,,,,5.5,250,1547,3.0,270,1549,1.1,987,340,5.7,15,1318,50.6,9.4,1005.4,1018.9,0628,1011.8,1538,1015.0,14.0,9.7,,,,,,,,,7.5,,23.9,1.4,,,,,,,,,,,,,,,2019,5,20,133,1,0,1,0
278,의성,2019-05-14,21.6,13.6,0605,29.9,1440,0.1,,0.2,,,0.2,6.9,250,1228,3.6,250,1109,1.2,1050,230,10.7,26,1405,55.8,13.0,1002.9,1014.4,0836,1009.8,1622,1012.4,14.1,11.7,,,,,,,,,3.4,,29.0,10.3,,,,,,,,,,,,,,,2019,5,20,134,1,0,1,1
278,의성,2019-05-15,21.9,13.4,0502,30.6,1409,,,,,,,7.6,250,1523,3.3,270,1554,1.1,967,270,10.7,22,1602,55.4,13.0,1003.3,1015.2,0604,1009.7,1717,1012.7,14.1,10.9,,,,,,,,,5.0,,28.8,9.2,,,,,,,,,,,,,,,2019,5,20,135,1,0,1,0
278,의성,2019-05-16,22.1,13.5,0502,31.5,1448,,,,,,,6.4,250,1533,3.5,250,1534,1.1,962,360,10.1,20,1449,53.1,12.5,1002.7,1013.8,0818,1009.4,1740,1012.2,14.1,10.2,,,,,,,,,3.9,,30.6,10.2,,,,,,,,,,,,,,,2019,5,20,136,1,0,1,0
278,의성,2019-05-17,22.1,11.7,0535,30.0,1244,,,,,,,8.1,110,1717,3.8,250,1209,1.5,1274,180,9.2,23,1248,47.6,11.6,1003.6,1015.2,0656,1011.0,1453,1013.0,14.1,6.2,,,,,,,,,7.5,,26.6,7.4,,,,,,,,,,,,,,,2019,5,20,137,1,0,1,0
278,의성,2019-05-18,18.8,16.7,0350,23.1,0008,1.0,504,5.0,500,,16.5,6.6,140,0010,3.0,140,1458,1.2,1046,70,14.8,43,0004,78.8,16.8,1004.3,1014.8,0940,1012.7,1549,1013.8,14.2,0.1,,,,,,,,,8.4,,20.7,15.5,,,,,,,,,,,,,,,2019,5,20,138,1,0,0,1
278,의성,2019-05-19,20.2,15.2,0426,25.5,1005,1.0,2022,1.5,2017,,2.5,8.0,160,1522,3.8,160,1105,1.3,1125,180,15.9,51,1005,78.3,18.1,1001.1,1014.4,0054,1006.8,2355,1010.5,14.2,2.1,,,,,,,,,8.5,,23.5,12.8,,,,,,,,,,,,,,,2019,5,20,139,1,0,1,1
278,의성,2019-05-20,17.7,10.1,2347,22.4,1538,1.0,754,1.4,739,,1.5,11.4,320,2032,5.9,320,2034,2.6,2257,270,8.9,28,1637,61.4,12.4,995.3,1008.8,2347,1002.5,0507,1004.8,14.2,5.8,,,,,,,,,10.0,,20.9,4.8,,,,,,,,,,,,,,,2019,5,21,140,1,0,0,1
278,의성,2019-05-21,15.5,3.9,0509,26.1,1425,,,,,,,11.3,320,1327,6.5,270,1435,2.1,1844,270,3.1,18,1642,51.0,7.7,996.9,1009.4,0107,1003.1,1722,1006.5,14.2,13.3,,,,,,,,,0.0,,23.0,1.5,,,,,,,,,,,,,,,2019,5,21,141,1,0,1,0
278,의성,2019-05-22,17.6,5.2,0511,29.6,1540,,,,,,,8.4,270,1216,4.6,250,1354,1.4,1234,360,2.8,13,1459,47.0,7.6,996.9,1008.2,0706,1003.6,1600,1006.5,14.3,13.2,,,,,,,,,0.0,,25.0,2.2,,,,,,,,,,,,,,,2019,5,21,142,1,0,1,0
278,의성,2019-05-23,19.2,7.3,0520,31.0,1645,,,,,,,8.2,320,1422,4.7,290,1451,1.7,1427,360,6.5,15,1646,51.1,9.7,999.3,1010.6,2355,1006.5,1556,1008.8,14.3,13.1,,,,,,,,,0.9,,25.8,3.5,,,,,,,,,,,,,,,2019,5,21,143,1,0,1,0
278,의성,2019-05-24,22.4,9.4,0503,34.6,1531,,,,,,,5.4,250,1632,3.0,250,1440,1.1,916,360,10.6,21,1536,54.8,12.9,1001.8,1013.2,0729,1008.5,1713,1011.2,14.3,13.0,,,,,,,,,0.9,,28.4,4.7,,,,,,,,,,,,,,,2019,5,21,144,1,0,1,0
278,의성,2019-05-25,23.0,13.7,0502,32.7,1607,,,,,,,6.5,250,1208,4.6,250,1215,1.4,1245,250,9.1,15,1250,50.0,11.9,1005.4,1016.7,2340,1011.9,0002,1014.8,14.3,9.4,,,,,,,,,7.4,,27.2,8.0,,,,,,,,,,,,,,,2019,5,21,145,1,0,1,0
278,의성,2019-05-26,24.3,13.2,0438,34.0,1304,,,,,,,10.3,290,1344,6.0,250,1348,2.1,1837,230,5.7,11,1633,37.9,9.5,1005.3,1018.0,0648,1011.7,1643,1014.7,14.4,10.0,,,,,,,,,5.8,,30.2,8.8,,,,,,,,,,,,,,,2019,5,21,146,1,0,1,0
278,의성,2019-05-27,20.3,17.4,2322,23.1,1757,1.5,654,5.5,631,,18.0,8.6,200,1127,4.5,290,2120,1.9,1616,200,15.5,43,0001,74.6,17.8,996.5,1013.4,0001,1001.3,1712,1005.9,14.4,0.0,,,,,,,,,10.0,,20.1,13.9,,,,,,,,,,,,,,,2019,5,22,147,1,0,0,1
278,의성,2019-05-28,17.3,10.5,2359,24.5,1713,,,,,,,9.2,270,0005,5.2,290,0010,2.1,1796,270,7.9,26,1556,59.1,10.7,1000.8,1011.7,1220,1006.6,0007,1010.3,14.4,10.7,,,,,,,,,3.8,,21.3,6.4,,,,,,,,,,,,,,,2019,5,22,148,1,0,0,0
278,의성,2019-05-29,18.5,6.8,0516,29.9,1556,,,,,,,9.4,250,1423,5.2,270,1429,1.8,1545,270,5.8,19,1325,50.9,9.3,1000.2,1012.0,0658,1006.0,1746,1009.7,14.4,13.3,,,,,,,,,0.1,,23.7,3.4,,,,,,,,,,,,,,,2019,5,22,149,1,0,1,0
278,의성,2019-05-30,20.1,7.6,0519,30.0,1410,0.0,,0.0,,,0.0,9.1,270,1452,5.4,270,1453,1.7,1459,290,6.2,17,1218,46.5,9.6,1001.6,1013.2,0618,1008.5,1547,1011.1,14.4,9.2,,,,,,,,,6.3,,24.5,4.0,,,,,,,,,,,,,,,2019,5,22,150,1,0,1,0
278,의성,2019-05-31,19.4,13.7,2356,26.2,1628,0.5,245,0.9,155,,1.0,8.1,320,1628,4.7,250,1341,2.0,1715,270,9.7,30,1531,58.1,12.1,1000.5,1012.5,0227,1006.7,1723,1010.0,14.4,10.2,,,,,,,,,4.0,,25.9,8.7,,,,,,,,,,,,,,,2019,5,22,151,1,0,1,1
278,의성,2019-06-01,18.3,9.3,0509,26.3,1532,,,,,,,6.7,270,1042,3.8,230,1046,1.3,1123,360,9.4,30,1528,61.0,11.9,1000.6,1012.1,0431,1008.3,1627,1010.1,14.5,8.7,,,,,,,,,5.3,,23.6,5.2,,,,,,,,,,,,,,,2019,6,22,152,0,0,1,0
278,의성,2019-06-02,20.5,11.0,0559,30.2,1516,,,,,,,5.9,250,1343,3.5,270,1444,1.3,1089,20,9.1,18,1501,55.6,11.7,997.6,1010.1,0005,1004.0,1659,1007.0,14.5,13.0,,,,,,,,,3.5,,28.3,6.6,,,,,,,,,,,,,,,2019,6,22,153,0,0,1,0
278,의성,2019-06-03,22.0,11.0,0509,32.6,1526,,,,,,,6.2,270,1523,3.7,250,1537,1.2,1006,360,10.4,22,1615,54.0,12.6,998.4,1009.6,0833,1005.2,1817,1007.7,14.5,12.8,,,,,,,,,0.0,,29.0,6.9,,,,,,,,,,,,,,,2019,6,23,154,0,0,1,0
278,의성,2019-06-04,24.3,14.2,0516,34.6,1514,,,,,,,6.0,340,1523,3.7,320,1627,1.2,1069,360,11.2,17,1449,50.8,13.4,998.9,1010.5,0625,1005.0,1703,1008.2,14.5,12.3,,,,,,,,,0.5,,31.4,9.8,,,,,,,,,,,,,,,2019,6,23,155,0,0,1,0
278,의성,2019-06-05,24.9,14.2,0512,34.9,1622,,,,,,,6.8,320,1307,3.4,320,1442,1.2,1030,360,11.5,16,1622,49.9,13.7,1001.4,1012.1,2346,1009.3,0002,1010.7,14.5,13.2,,,,,,,,,2.5,,32.9,9.3,,,,,,,,,,,,,,,2019,6,23,156,0,0,1,0
278,의성,2019-06-06,24.0,17.9,0520,32.0,1305,2.0,2254,7.5,2218,,12.5,7.7,160,2035,3.7,200,2025,1.1,955,360,15.5,34,1611,62.5,17.6,1000.5,1013.4,0645,1005.6,1926,1009.7,14.5,2.2,,,,,,,,,8.9,,28.0,14.9,,,,,,,,,,,,,,,2019,6,23,157,0,0,1,1
278,의성,2019-06-07,19.5,17.0,2336,21.8,1627,2.0,26,5.5,452,,19.0,6.2,50,1230,3.6,50,1232,1.1,919,20,16.3,68,1623,82.5,18.6,993.2,1007.4,2357,999.4,0907,1002.6,14.6,0.0,,,,,,,,,6.9,,21.5,15.6,,,,,,,,,,,,,,,2019,6,23,158,0,0,0,1
278,의성,2019-06-08,21.3,14.5,0504,28.5,1613,,,,,,,5.4,250,1339,2.8,250,1309,1.2,1006,70,13.3,36,1459,64.1,15.3,998.8,1010.0,0807,1006.5,1527,1008.1,14.6,11.1,,,,,,,,,7.0,,25.5,12.4,,,,,,,,,,,,,,,2019,6,23,159,0,0,1,0
278,의성,2019-06-09,19.5,13.2,0520,26.9,1404,,,,,,,6.5,90,1724,3.5,90,1831,1.5,1263,20,11.9,40,1356,63.9,13.9,997.4,1009.1,0718,1004.0,1725,1006.8,14.6,8.7,,,,,,,,,6.0,,24.1,11.8,,,,,,,,,,,,,,,2019,6,23,160,0,0,1,0
278,의성,2019-06-10,19.0,13.7,0445,24.2,1724,0.0,,0.0,,,0.0,6.0,90,1850,3.8,90,1851,1.4,1209,70,10.9,39,1452,61.1,13.0,998.1,1009.4,2258,1005.6,1714,1007.5,14.6,1.6,,,,,,,,,8.5,,23.2,10.8,,,,,,,,,,,,,,,2019,6,24,161,0,0,0,0
278,의성,2019-06-11,19.6,12.4,0356,26.4,1632,,,,,,,5.3,360,1136,2.9,20,1142,1.2,1019,50,10.4,29,1812,59.6,12.7,999.4,1010.6,2343,1006.7,1715,1008.8,14.6,11.3,,,,,,,,,4.0,,26.1,9.7,,,,,,,,,,,,,,,2019,6,24,162,0,0,1,0
278,의성,2019-06-12,20.3,13.4,0056,29.1,1630,,,,,,,6.0,230,1355,3.1,230,1402,1.2,1005,340,12.2,29,1633,63.9,14.3,1001.0,1011.7,0919,1008.2,1647,1010.4,14.6,9.3,,,,,,,,,3.0,,27.0,10.2,,,,,,,,,,,,,,,2019,6,24,163,0,0,1,0
278,의성,2019-06-13,22.0,12.4,0504,32.2,1522,,,,,,,10.6,200,1524,3.7,230,1530,1.2,1070,360,11.6,17,1521,58.1,13.8,1000.3,1012.6,0612,1006.3,1740,1009.7,14.6,12.1,,,,,,,,,3.9,,29.8,9.2,,,,,,,,,,,,,,,2019,6,24,164,0,0,1,0
278,의성,2019-06-14,20.0,15.0,0529,25.9,1352,,,,,,,3.5,230,1307,1.9,290,1326,0.7,642,230,13.4,41,1227,67.6,15.4,996.2,1009.1,0006,1003.2,1814,1005.6,14.6,0.4,,,,,,,,,9.4,,23.6,12.2,,,,,,,,,,,,,,,2019,6,24,165,0,0,1,0
278,의성,2019-06-15,21.3,15.5,0520,29.5,1632,0.5,2054,0.5,2054,,0.5,10.4,50,2054,6.1,50,2059,1.6,1352,290,14.0,33,1643,67.0,16.1,990.2,1003.6,0001,995.1,1759,999.5,14.6,6.8,,,,,,,,,6.9,,25.6,12.1,,,,,,,,,,,,,,,2019,6,24,166,0,0,1,1
278,의성,2019-06-16,20.8,14.6,0448,28.6,1610,,,,,,,7.1,140,1757,2.9,160,1838,1.3,1125,160,13.3,31,1544,66.4,15.3,997.6,1011.5,2319,1002.0,0001,1007.0,14.6,6.9,,,,,,,,,5.1,,26.5,10.6,,,,,,,,,,,,,,,2019,6,24,167,0,0,1,0
278,의성,2019-06-17,22.9,17.7,0452,30.5,1609,,,,,,,6.9,250,1259,3.7,270,1631,1.5,1306,270,13.2,28,1627,58.1,15.3,1002.1,1012.9,0726,1009.2,1653,1011.4,14.6,9.8,,,,,,,,,6.3,,30.3,13.3,,,,,,,,,,,,,,,2019,6,25,168,0,0,1,0
278,의성,2019-06-18,21.9,15.0,0454,29.6,1353,0.0,,0.0,,,0.0,8.5,290,1248,4.8,250,1254,1.5,1287,250,14.5,36,1232,66.0,16.6,1000.8,1012.3,0420,1008.3,1654,1010.2,14.6,4.5,,,,,,,,,6.6,,27.4,11.4,,,,,,,,,,,,,,,2019,6,25,169,0,0,1,0
278,의성,2019-06-19,22.8,17.9,2358,29.4,1649,0.0,,0.0,,,0.0,6.2,270,1711,3.5,250,1641,1.3,1100,290,15.8,40,1654,67.3,17.9,997.6,1009.1,0002,1004.7,1653,1006.9,14.7,5.2,,,,,,,,,5.5,,27.6,14.2,,,,,,,,,,,,,,,2019,6,25,170,0,0,1,0
278,의성,2019-06-20,24.4,15.2,0446,32.5,1632,,,,,,,6.2,340,1617,3.3,250,0949,1.3,1131,250,14.7,27,1659,59.3,16.8,996.8,1008.1,0511,1003.4,1709,1006.0,14.6,11.5,,,,,,,,,4.9,,32.1,11.3,,,,,,,,,,,,,,,2019,6,25,171,0,0,1,0
278,의성,2019-06-21,24.6,18.1,0513,33.7,1513,0.4,1904,0.5,1835,,0.5,7.0,320,1622,4.5,90,1722,1.6,1372,90,15.3,21,1516,61.8,17.7,995.7,1007.1,2311,1001.8,1640,1004.9,14.6,11.1,,,,,,,,,3.9,,33.5,14.3,,,,,,,,,,,,,,,2019,6,25,172,0,0,1,1
278,의성,2019-06-22,22.5,15.7,2356,29.4,1555,,,,,,,8.3,90,1608,4.2,90,1750,1.6,1344,50,12.4,31,1451,56.1,14.5,997.5,1008.3,2315,1004.7,1608,1006.8,14.6,7.2,,,,,,,,,5.5,,32.1,12.2,,,,,,,,,,,,,,,2019,6,25,173,0,0,1,0
278,의성,2019-06-23,21.5,12.3,0507,29.0,1539,,,,,,,7.6,50,0923,4.3,70,1106,1.5,1329,360,11.1,30,1546,55.9,13.2,999.2,1010.3,2351,1007.0,1539,1008.6,14.7,10.0,,,,,,,,,2.9,,29.8,8.1,,,,,,,,,,,,,,,2019,6,25,174,0,0,1,0
278,의성,2019-06-24,23.5,15.3,0345,32.4,1514,,,,,,,6.6,340,1628,3.3,270,1443,1.4,1189,50,13.1,26,1606,55.6,15.1,1003.2,1015.5,2328,1010.2,1627,1012.5,14.7,11.4,,,,,,,,,4.4,,33.4,11.7,,,,,,,,,,,,,,,2019,6,26,175,0,0,1,0
278,의성,2019-06-25,24.4,15.3,0537,33.9,1356,,,,,,,6.1,180,1543,3.1,180,1520,1.1,989,230,13.4,25,1355,55.8,15.5,1005.1,1016.8,0556,1011.7,1641,1014.4,14.6,9.4,,,,,,,,,2.4,,31.5,12.1,,,,,,,,,,,,,,,2019,6,26,176,0,0,1,0
278,의성,2019-06-26,20.9,15.1,0417,25.8,0940,3.0,1955,7.0,1923,,24.5,4.0,200,1155,2.0,200,1200,0.6,542,200,17.2,45,1039,81.1,19.9,1000.4,1014.4,0001,1005.0,2352,1009.7,14.6,1.5,,,,,,,,,9.5,,23.2,10.6,,,,,,,,,,,,,,,2019,6,26,177,0,0,1,1
278,의성,2019-06-27,24.2,20.9,0032,29.6,1621,1.5,10,5.5,705,,14.5,3.8,250,1416,2.3,250,1425,0.5,463,270,21.6,61,1622,86.8,25.8,991.6,1005.0,0001,998.6,1622,1000.8,14.6,1.3,,,,,,,,,8.1,,25.3,20.1,,,,,,,,,,,,,,,2019,6,26,178,0,0,1,1
278,의성,2019-06-28,24.8,21.7,0214,30.3,1708,0.1,,0.1,,,0.1,5.4,200,1811,3.0,200,1812,0.9,804,200,20.3,53,1524,77.8,23.9,992.9,1003.1,0801,1000.1,1602,1002.1,14.6,3.6,,,,,,,,,8.6,,27.5,19.2,,,,,,,,,,,,,,,2019,6,26,179,0,0,1,1
278,의성,2019-06-29,22.6,21.2,2140,24.5,1220,2.5,1811,8.5,1750,,29.0,2.6,270,1525,1.5,250,1526,0.4,342,180,20.9,75,1227,90.6,24.7,989.3,1002.0,0001,995.1,2120,998.5,14.6,0.0,,,,,,,,,9.4,,23.9,20.4,,,,,,,,,,,,,,,2019,6,26,180,0,0,0,1
278,의성,2019-06-30,24.6,20.6,0239,29.5,1718,,,,,,,6.2,270,1239,3.5,270,1241,1.3,1099,270,19.8,52,1715,77.4,23.2,991.3,1003.7,2352,995.9,0010,1000.5,14.6,5.7,,,,,,,,,6.8,,27.5,18.7,,,,,,,,,,,,,,,2019,6,26,181,0,0,1,0
278,의성,2019-07-01,23.1,18.0,2258,28.3,1435,0.0,,0.0,,,0.0,5.9,270,1445,3.3,270,1342,1.1,971,270,18.3,50,1757,77.0,21.0,996.0,1008.0,2347,1003.3,0156,1005.3,14.6,1.4,,,,,,,,,7.0,,24.9,15.6,,,,,,,,,,,,,,,2019,7,27,182,0,0,1,0
278,의성,2019-07-02,23.4,16.5,0522,31.1,1602,,,,,,,7.4,230,1416,4.1,250,1416,1.5,1312,250,15.8,34,1547,68.0,18.0,999.2,1009.9,0745,1007.3,1740,1008.5,14.6,11.3,,,,,,,,,2.9,,28.0,14.3,,,,,,,,,,,,,,,2019,7,27,183,0,0,1,0
278,의성,2019-07-03,22.8,15.9,0517,29.6,1433,0.0,,0.0,,,0.0,4.1,320,1326,2.0,320,1330,0.8,726,250,16.7,41,1523,72.4,19.0,998.5,1010.7,0506,1005.0,1718,1007.8,14.6,7.5,,,,,,,,,6.5,,26.0,13.9,,,,,,,,,,,,,,,2019,7,27,184,0,0,1,0
278,의성,2019-07-04,24.5,17.8,0652,32.8,1548,,,,,,,6.3,270,1404,3.2,270,1405,1.0,850,50,16.9,31,1524,68.3,19.4,996.7,1007.9,0715,1003.8,1626,1005.9,14.6,9.9,,,,,,,,,2.4,,30.5,15.6,,,,,,,,,,,,,,,2019,7,27,185,0,0,1,0
278,의성,2019-07-05,25.0,17.8,0545,34.4,1358,,,,,,,6.8,110,1403,3.4,90,1506,1.2,1001,360,15.4,22,1406,62.0,17.7,994.2,1005.8,0001,1001.1,1619,1003.4,14.6,13.0,,,,,,,,,3.6,,31.8,14.7,,,,,,,,,,,,,,,2019,7,27,186,0,0,1,0
278,의성,2019-07-06,24.0,15.2,0510,32.3,1317,,,,,,,7.8,200,1101,3.9,140,1411,1.7,1506,70,13.3,26,1351,57.1,15.4,996.4,1008.5,2235,1003.8,1546,1005.7,14.6,13.6,,,,,,,,,0.4,,32.4,11.6,,,,,,,,,,,,,,,2019,7,27,187,0,0,1,0
278,의성,2019-07-07,22.9,17.9,0221,28.5,1350,,,,,,,8.7,90,1158,4.8,90,1159,1.9,1643,70,14.0,35,1324,60.1,16.1,999.3,1009.7,2313,1007.2,1350,1008.7,14.5,7.1,,,,,,,,,6.4,,30.8,14.0,,,,,,,,,,,,,,,2019,7,27,188,0,0,1,0
278,의성,2019-07-08,22.0,17.9,0253,28.1,1251,0.0,,0.0,,,0.0,8.5,90,1444,4.9,90,1445,1.8,1545,90,14.7,46,1252,65.1,16.7,998.8,1009.7,0002,1006.9,1250,1008.1,14.5,5.2,,,,,,,,,8.6,,28.2,14.1,,,,,,,,,,,,,,,2019,7,28,189,0,0,1,0
278,의성,2019-07-09,21.4,15.8,0257,26.7,1355,,,,,,,7.2,110,1800,3.8,90,1144,1.4,1222,70,15.0,47,1401,69.1,17.1,998.2,1009.2,2243,1006.1,1551,1007.6,14.5,1.6,,,,,,,,,7.1,,26.8,12.3,,,,,,,,,,,,,,,2019,7,28,190,0,0,1,0
278,의성,2019-07-10,21.3,16.6,0139,24.8,1025,1.0,1743,4.0,1738,,11.5,7.8,50,1144,4.0,90,0842,1.7,1510,70,17.5,57,1020,80.4,20.1,997.4,1008.8,0009,1003.2,2357,1006.7,14.5,0.0,,,,,,,,,8.3,,23.6,12.7,,,,,,,,,,,,,,,2019,7,28,191,0,0,0,1
278,의성,2019-07-11,24.1,20.7,0039,27.9,1120,,,,,,,6.7,270,1600,4.1,270,1534,1.7,1451,230,20.0,63,1525,79.0,23.4,993.8,1005.5,2318,1001.4,0356,1003.0,14.5,0.8,,,,,,,,,7.5,,25.2,19.8,,,,,,,,,,,,,,,2019,7,28,192,0,0,1,0
278,의성,2019-07-12,24.2,20.5,2249,29.6,1502,,,,,,,7.5,320,1327,4.0,320,1354,1.8,1549,270,17.2,41,1504,66.9,19.6,996.6,1007.9,0755,1004.0,1723,1005.8,14.5,5.6,,,,,,,,,7.1,,29.1,18.2,,,,,,,,,,,,,,,2019,7,28,193,0,0,1,0
278,의성,2019-07-13,24.2,19.1,0553,30.7,1619,,,,,,,4.5,290,1634,2.2,270,1251,0.9,754,320,18.1,42,1610,71.6,20.8,992.6,1005.5,0001,998.5,1750,1001.8,14.5,6.4,,,,,,,,,7.1,,30.5,16.7,,,,,,,,,,,,,,,2019,7,28,194,0,0,1,0
278,의성,2019-07-14,24.9,19.5,0524,32.0,1528,1.0,1844,1.0,1754,,1.0,5.4,200,1840,3.1,200,1840,1.0,884,20,18.4,35,1544,71.5,21.2,993.4,1006.3,2312,1000.9,0339,1002.6,14.4,7.1,,,,,,,,,5.6,,32.9,17.7,,,,,,,,,,,,,,,2019,7,28,195,0,0,1,1
278,의성,2019-07-15,22.9,20.8,0100,26.4,1518,0.5,322,1.0,1038,,1.5,4.2,50,1549,2.3,50,1718,0.8,695,20,20.3,66,1522,86.4,23.8,998.8,1010.8,2346,1005.9,0053,1008.1,14.4,0.7,,,,,,,,,8.1,,25.5,19.6,,,,,,,,,,,,,,,2019,7,29,196,0,0,1,1
278,의성,2019-07-16,23.7,20.1,2349,30.0,1344,0.1,,0.1,,,0.1,6.2,110,1435,3.0,160,1437,0.8,682,160,19.9,49,1330,80.8,23.2,1002.1,1013.4,2359,1010.0,1735,1011.4,14.4,3.0,,,,,,,,,8.0,,25.6,17.7,,,,,,,,,,,,,,,2019,7,29,197,0,0,1,1
278,의성,2019-07-17,24.7,18.6,0352,31.6,1421,,,,,,,6.1,250,1425,3.7,250,1432,1.0,888,50,18.8,45,1422,72.5,21.7,1002.6,1013.7,0501,1009.6,1719,1011.8,14.4,6.1,,,,,,,,,8.0,,31.0,16.1,,,,,,,,,,,,,,,2019,7,29,198,0,0,1,0
278,의성,2019-07-18,24.4,21.9,0623,28.4,1503,1.0,247,2.5,157,,6.0,4.4,230,1541,2.3,250,1450,0.9,762,230,21.0,59,1535,83.0,25.0,1000.7,1012.1,0159,1008.0,1622,1010.0,14.4,1.4,,,,,,,,,8.6,,26.5,20.3,,,,,,,,,,,,,,,2019,7,29,199,0,0,1,1
278,의성,2019-07-19,25.6,21.5,0452,29.9,1316,0.0,,0.0,,,0.0,6.9,250,1222,3.0,230,1231,0.9,745,200,21.7,62,1259,80.4,25.9,998.7,1009.5,0009,1007.1,1438,1007.9,14.3,0.1,,,,,,,,,9.4,,27.2,19.5,,,,,,,,,,,,,,,2019,7,29,200,0,0,1,0
278,의성,2019-07-20,25.3,23.6,0202,28.1,1559,3.0,1428,5.5,1338,,27.5,6.6,90,0815,2.9,90,0840,0.9,813,90,23.7,74,1600,91.3,29.4,993.0,1007.9,0001,999.4,2357,1002.2,14.3,0.0,,,,,,,,,9.9,,25.9,22.0,,,,,,,,,,,,,,,2019,7,29,201,0,0,1,1
278,의성,2019-07-21,25.3,22.9,2356,28.7,1636,1.5,457,7.0,458,,33.5,5.9,250,1715,3.7,250,1641,0.9,816,230,24.1,75,1817,93.3,30.0,993.6,1006.3,2400,998.7,0135,1002.8,14.3,0.3,,,,,,,,,7.3,,25.5,20.3,,,,,,,,,,,,,,,2019,7,29,202,0,0,1,1
278,의성,2019-07-22,27.4,22.1,0244,33.8,1528,,,,,,,7.5,250,1128,4.3,250,1448,1.4,1200,270,22.4,47,1531,77.1,27.1,996.8,1007.1,0730,1004.3,1712,1005.9,14.3,9.1,,,,,,,,,6.1,,30.2,19.9,,,,,,,,,,,,,,,2019,7,30,203,0,0,1,0
278,의성,2019-07-23,28.7,23.0,0352,35.2,1525,0.1,,0.2,,,0.2,6.4,290,1351,3.9,290,1351,1.3,1087,270,22.7,41,1533,74.3,27.8,995.9,1007.3,0731,1002.0,1738,1005.0,14.3,8.9,,,,,,,,,7.5,,34.1,20.7,,,,,,,,,,,,,,,2019,7,30,204,0,0,1,1
278,의성,2019-07-24,27.2,24.5,0356,30.2,1437,,,,,,,3.7,230,1213,2.3,250,1253,0.6,549,250,23.8,62,1318,83.1,29.5,995.7,1005.9,2245,1003.9,0436,1004.9,14.2,0.4,,,,,,,,,8.0,,28.8,22.6,,,,,,,,,,,,,,,2019,7,30,205,0,0,1,0
278,의성,2019-07-25,26.3,23.7,0335,29.1,1611,3.5,539,8.0,450,,17.5,3.0,160,0454,1.6,160,0458,0.4,307,160,25.2,82,1711,94.1,32.0,996.5,1007.0,0804,1004.0,1644,1005.7,14.2,0.0,,,,,,,,,8.6,,26.5,22.0,,,,,,,,,,,,,,,2019,7,30,206,0,0,1,1
278,의성,2019-07-26,28.0,24.4,0518,32.9,1301,0.3,2034,0.3,1944,,0.5,6.3,200,0954,3.1,250,1240,0.9,792,230,24.5,57,1310,82.6,30.7,995.3,1005.9,2254,1002.5,1751,1004.4,14.2,1.8,,,,,,,,,7.9,,29.1,22.4,,,,,,,,,,,,,,,2019,7,30,207,0,0,1,1
278,의성,2019-07-27,27.5,23.8,0510,31.5,1724,1.7,1149,1.7,1149,,2.0,5.1,180,1155,2.0,200,1156,0.8,658,200,24.6,67,1524,85.3,31.0,997.4,1008.5,2235,1004.7,0213,1006.5,14.2,2.6,,,,,,,,,9.0,,29.1,21.8,,,,,,,,,,,,,,,2019,7,30,208,0,0,1,1
278,의성,2019-07-28,27.9,24.9,2325,33.6,1317,0.5,548,1.0,520,,1.5,7.1,200,1001,4.1,250,0955,1.1,993,230,24.7,56,1318,84.3,31.1,1000.2,1011.0,2304,1007.9,0143,1009.4,14.1,2.8,,,,,,,,,8.8,,29.7,23.9,,,,,,,,,,,,,,,2019,7,30,209,0,0,1,1
278,의성,2019-07-29,28.6,23.1,0558,34.8,1547,,,,,,,5.9,270,1257,3.4,250,1526,1.1,928,230,23.0,45,1517,74.9,28.2,1000.7,1011.6,0726,1007.9,1641,1009.8,14.1,11.0,,,,,,,,,5.8,,34.1,21.1,,,,,,,,,,,,,,,2019,7,31,210,0,0,1,0
278,의성,2019-07-30,29.3,22.7,0535,35.4,1624,,,,,,,7.2,230,1047,3.8,230,1051,1.4,1197,200,22.8,47,1308,70.8,27.8,999.0,1010.0,0705,1005.8,1737,1008.1,14.1,11.5,,,,,,,,,3.8,,35.9,20.4,,,,,,,,,,,,,,,2019,7,31,211,0,0,1,0
278,의성,2019-07-31,29.5,23.9,0546,35.5,1426,0.5,2044,0.5,2032,,0.5,6.3,250,1218,3.8,230,1345,1.2,1016,230,23.3,42,1331,72.6,28.7,1000.5,1011.1,2336,1007.7,1706,1009.6,14.0,10.6,,,,,,,,,4.0,,36.6,21.6,,,,,,,,,,,,,,,2019,7,31,212,0,0,1,1
278,의성,2019-08-01,29.9,24.7,0548,35.6,1628,,,,,,,6.0,270,0849,3.1,250,0850,1.3,1150,290,23.0,41,1334,70.5,28.2,1002.3,1013.0,1015,1009.3,1859,1011.4,14.0,12.1,,,,,,,,,2.8,,37.1,22.4,,,,,,,,,,,,,,,2019,8,31,213,0,0,1,0
278,의성,2019-08-02,29.7,23.2,0508,37.0,1458,,,,,,,4.8,340,1409,2.8,270,1510,1.0,821,360,22.0,33,1638,68.0,26.6,1002.1,1013.3,0655,1008.4,1743,1011.2,14.0,12.5,,,,,,,,,2.5,,38.8,20.6,,,,,,,,,,,,,,,2019,8,31,214,0,0,1,0
278,의성,2019-08-03,29.5,24.5,0550,36.5,1458,5.5,50,11.5,44,,11.5,4.9,50,0113,2.9,50,0113,0.9,765,50,23.9,38,1617,75.0,29.7,1002.0,1012.2,0047,1009.4,1653,1011.1,14.0,9.0,,,,,,,,,6.4,,34.9,23.2,,,,,,,,,,,,,,,2019,8,31,215,0,0,1,1
278,의성,2019-08-04,29.5,23.4,0608,36.6,1440,,,,,,,4.3,270,1421,2.3,230,1422,0.9,766,50,22.9,39,1431,71.1,28.0,1001.5,1012.3,0745,1008.6,1802,1010.6,13.9,10.1,,,,,,,,,3.5,,35.2,21.4,,,,,,,,,,,,,,,2019,8,31,216,0,0,1,0
278,의성,2019-08-05,29.8,24.0,2359,37.6,1522,,,,,,,4.5,290,1456,2.9,270,1502,0.9,785,360,22.5,36,1428,68.4,27.3,1000.7,1011.7,0644,1007.4,1615,1009.8,13.9,8.3,,,,,,,,,4.5,,37.5,21.6,,,,,,,,,,,,,,,2019,8,32,217,0,0,1,0
278,의성,2019-08-06,26.1,20.7,0542,32.2,1140,1.5,2216,4.5,2206,,11.5,9.1,110,1525,4.4,70,1414,1.5,1300,20,21.8,53,1148,79.1,26.2,997.5,1010.4,0007,1001.8,2345,1006.7,13.9,3.2,,,,,,,,,8.1,,29.7,17.9,,,,,,,,,,,,,,,2019,8,32,218,0,0,1,1
278,의성,2019-08-07,27.9,23.8,0349,34.6,1450,1.0,616,2.0,436,,8.5,6.9,250,1319,3.3,250,1326,1.5,1266,230,24.2,52,1437,82.3,30.3,996.1,1007.9,2354,1001.3,0044,1005.3,13.8,5.5,,,,,,,,,5.3,,29.6,23.0,,,,,,,,,,,,,,,2019,8,32,219,0,0,1,1
278,의성,2019-08-08,28.0,24.2,0549,35.4,1308,1.5,1658,4.5,1654,,5.0,7.8,320,1335,2.9,250,1335,0.9,801,230,24.1,45,1317,82.1,30.0,999.3,1009.9,2155,1006.7,1458,1008.4,13.8,7.0,,,,,,,,,6.5,,32.0,22.3,,,,,,,,,,,,,,,2019,8,32,220,0,0,1,1
278,의성,2019-08-09,28.8,24.3,0534,35.5,1523,,,,,,,4.5,250,1548,2.6,250,1548,1.1,934,50,23.1,39,1529,74.5,28.3,998.5,1009.5,0006,1005.6,1605,1007.6,13.8,9.8,,,,,,,,,7.1,,34.3,23.4,,,,,,,,,,,,,,,2019,8,32,221,0,0,1,0
278,의성,2019-08-10,28.5,23.2,0548,35.3,1213,,,,,,,8.7,110,1658,4.1,90,1505,1.4,1189,90,21.5,39,1439,69.5,25.7,998.0,1008.4,2350,1005.6,1537,1007.1,13.7,11.8,,,,,,,,,5.1,,34.5,21.3,,,,,,,,,,,,,,,2019,8,32,222,0,0,1,0
278,의성,2019-08-11,29.0,23.0,0304,34.7,1350,,,,,,,9.6,110,1105,4.6,110,1309,1.8,1536,140,21.1,43,1339,65.0,25.2,995.0,1008.3,0001,1001.9,1534,1004.0,13.7,9.0,,,,,,,,,6.6,,35.6,20.5,,,,,,,,,,,,,,,2019,8,32,223,0,0,1,0
278,의성,2019-08-12,29.5,24.5,2354,35.7,1415,,,,,,,8.4,230,1308,4.7,230,1313,1.6,1384,200,22.6,44,1257,68.8,27.4,993.0,1003.6,2248,1000.6,1523,1002.0,13.7,7.4,,,,,,,,,6.9,,35.1,22.1,,,,,,,,,,,,,,,2019,8,33,224,0,0,1,0
278,의성,2019-08-13,29.6,23.0,0531,36.9,1413,,,,,,,7.5,90,1515,4.2,90,1817,1.3,1100,70,21.8,38,1512,66.5,26.2,994.0,1004.2,0707,1001.0,1600,1003.0,13.6,9.9,,,,,,,,,3.5,,36.5,20.5,,,,,,,,,,,,,,,2019,8,33,225,0,0,1,0
278,의성,2019-08-14,29.0,23.9,0255,34.9,1355,,,,,,,8.9,20,1242,4.8,50,1504,2.1,1816,70,22.3,49,1354,68.6,27.0,990.9,1004.1,0001,996.5,2353,999.9,13.6,3.4,,,,,,,,,7.8,,33.4,21.4,,,,,,,,,,,,,,,2019,8,33,226,0,0,1,0
278,의성,2019-08-15,26.7,24.6,0412,29.5,1011,2.5,59,3.5,18,,8.5,5.4,50,0001,2.6,360,1452,1.1,968,360,24.8,65,0005,90.3,31.4,981.8,996.6,0001,987.9,1830,990.8,13.6,0.1,,,,,,,,,8.8,,28.2,23.7,,,,,,,,,,,,,,,2019,8,33,227,0,0,1,1
278,의성,2019-08-16,27.2,23.0,2356,33.1,1406,0.0,,0.0,,,0.0,7.2,230,1545,4.3,250,1552,1.8,1552,250,22.1,49,1525,75.6,26.6,986.3,1000.4,2358,989.7,0001,995.4,13.5,4.8,,,,,,,,,6.1,,30.6,19.7,,,,,,,,,,,,,,,2019,8,33,228,0,0,1,0
278,의성,2019-08-17,27.4,21.0,0355,34.5,1526,,,,,,,6.9,250,1352,4.0,230,1311,1.3,1119,270,19.3,29,1306,66.4,22.6,992.8,1004.2,2358,1000.0,1519,1001.9,13.5,11.0,,,,,,,,,3.3,,33.2,18.2,,,,,,,,,,,,,,,2019,8,33,229,0,0,1,0
278,의성,2019-08-18,26.2,20.2,2353,33.0,1608,,,,,,,6.4,320,1022,3.6,250,1215,1.2,1066,340,16.9,22,1308,62.8,19.7,997.5,1008.8,2351,1004.2,0001,1006.7,13.5,11.4,,,,,,,,,3.8,,34.9,17.1,,,,,,,,,,,,,,,2019,8,33,230,0,0,1,0
278,의성,2019-08-19,25.4,18.5,0532,32.0,1327,,,,,,,8.4,20,1527,3.2,50,1559,1.0,867,70,19.5,46,1320,72.1,22.8,1000.3,1011.2,2348,1007.9,1513,1009.5,13.4,4.2,,,,,,,,,7.3,,28.9,15.8,,,,,,,,,,,,,,,2019,8,34,231,0,0,1,0
278,의성,2019-08-20,26.3,21.2,2352,32.4,1531,,,,,,,7.5,110,1741,4.2,90,1736,1.4,1252,110,17.9,37,1522,62.8,20.6,1001.5,1011.7,0552,1008.7,1629,1010.7,13.4,9.0,,,,,,,,,5.3,3.3,33.8,18.1,,,,,,,,,,,,,,,2019,8,34,232,0,0,1,0
278,의성,2019-08-21,26.5,20.7,0038,33.0,1407,4.5,2350,8.0,2300,,10.0,5.2,180,1548,2.9,200,1547,1.1,917,230,21.1,47,1408,74.0,25.2,999.8,1010.8,0001,1007.2,1507,1008.9,13.4,3.1,,,,,,,,,9.1,5.3,32.6,17.9,,,,,,,,,,,,,,,2019,8,34,233,0,0,1,1
278,의성,2019-08-22,25.6,21.2,2342,30.8,1419,4.5,834,14.0,749,,51.0,7.0,270,1741,3.2,290,1618,1.1,914,50,22.5,52,1740,85.1,27.4,996.9,1008.5,0004,1003.8,1508,1006.1,13.3,2.4,,,,,,,,,8.0,4.9,27.4,19.0,,,,,,,,,,,,,,,2019,8,34,234,0,0,1,1
278,의성,2019-08-23,23.9,19.6,2357,30.3,1533,,,,,,,6.4,270,1613,3.6,290,1622,1.1,947,250,19.5,41,1548,78.9,22.7,999.2,1010.1,2345,1007.2,1716,1008.5,13.3,4.6,,,,,,,,,7.3,3.3,26.4,15.9,,,,,,,,,,,,,,,2019,8,34,235,0,0,1,0
278,의성,2019-08-24,22.3,17.4,0449,28.0,1434,,,,,,,5.1,250,1154,3.1,270,1445,0.9,797,250,18.3,53,1345,80.5,21.1,1001.8,1012.4,2225,1009.8,0153,1011.1,13.3,2.4,,,,,,,,,8.1,3.0,24.8,15.5,,,,,,,,,,,,,,,2019,8,34,236,0,0,1,0
278,의성,2019-08-25,23.5,18.2,0525,31.2,1423,,,,,,,5.7,250,1435,3.6,250,1502,1.0,840,250,17.4,32,1431,73.4,20.0,1003.7,1014.2,1057,1011.4,1652,1013.0,13.2,9.4,,,,,,,,,3.4,1.9,29.1,16.4,,,,,,,,,,,,,,,2019,8,34,237,0,0,1,0
278,의성,2019-08-26,24.4,16.7,0529,32.1,1459,,,,,,,5.9,230,1501,3.2,230,1441,0.9,803,230,17.4,32,1555,70.0,19.9,1003.2,1014.8,0636,1009.9,1632,1012.5,13.2,10.5,,,,,,,,,4.4,0.6,30.5,14.5,,,,,,,,,,,,,,,2019,8,35,238,0,0,1,0
278,의성,2019-08-27,21.9,20.0,0954,23.1,1604,6.0,1056,9.0,1034,,14.0,7.0,360,0950,4.1,20,0956,1.0,866,20,19.9,81,1612,88.9,23.3,999.1,1012.0,0001,1006.2,1646,1008.4,13.2,0.0,,,,,,,,,8.6,4.5,24.0,19.0,,,,,,,,,,,,,,,2019,8,35,239,0,0,0,1
278,의성,2019-08-28,23.1,20.7,2253,26.9,1506,0.5,459,1.0,409,,2.0,4.1,340,0829,2.3,290,0830,0.6,522,230,20.6,68,1340,87.4,24.3,998.1,1009.0,0930,1005.8,1629,1007.4,13.1,0.7,,,,,,,,,8.4,4.4,24.2,18.4,,,,,,,,,,,,,,,2019,8,35,240,0,0,1,1
278,의성,2019-08-29,22.1,19.8,2254,26.2,1407,8.0,1757,9.5,1750,,9.5,8.3,250,1801,3.1,270,1803,0.5,446,200,20.3,68,1617,90.3,23.8,997.9,1008.3,0829,1005.3,1429,1007.2,13.1,0.0,,,,,,,,,9.5,6.1,23.7,18.8,,,,,,,,,,,,,,,2019,8,35,241,0,0,1,1
278,의성,2019-08-30,22.7,17.1,2338,29.8,1442,,,,,,,8.6,270,1437,4.7,270,1437,1.5,1305,290,16.6,35,1437,73.8,19.1,999.7,1012.3,2338,1007.1,1426,1009.0,13.1,9.4,,,,,,,,,2.8,2.3,27.9,14.7,,,,,,,,,,,,,,,2019,8,35,242,0,0,1,0
278,의성,2019-08-31,21.7,14.7,0507,29.2,1420,,,,,,,5.9,270,1316,3.6,250,1429,1.1,993,270,16.0,42,1402,73.5,18.2,1004.4,1016.2,2323,1011.8,0159,1013.9,13.0,9.5,,,,,,,,,4.3,1.0,28.0,12.3,,,,,,,,,,,,,,,2019,8,35,243,0,0,1,0
278,의성,2019-09-01,22.2,16.0,0549,28.5,1501,,,,,,,4.6,180,1920,2.3,250,1518,0.8,650,360,17.6,51,1502,77.5,20.1,1007.9,1018.4,0953,1015.9,1653,1017.3,13.0,1.7,,,,,,,,,8.0,3.0,25.4,14.1,,,,,,,,,,,,,,,2019,9,35,244,0,0,1,0
278,의성,2019-09-02,21.1,19.4,0711,23.7,1532,2.5,1540,7.5,1537,,18.0,3.3,180,1457,2.0,200,1503,0.5,432,20,18.8,69,1332,87.4,21.7,1008.1,1018.7,0925,1016.3,1505,1017.5,12.9,0.0,,,,,,,,,8.4,3.6,23.6,18.8,,,,,,,,,,,,,,,2019,9,36,245,0,0,0,1
278,의성,2019-09-03,22.0,19.8,0203,24.0,1511,0.5,118,1.5,722,,5.0,3.7,50,1525,2.1,50,1529,0.4,303,360,20.9,84,1429,94.0,24.8,1006.7,1017.6,1021,1014.2,1639,1016.2,12.9,0.0,,,,,,,,,10.0,5.5,23.5,18.9,,,,,,,,,,,,,,,2019,9,36,246,0,0,0,1
278,의성,2019-09-04,24.3,21.6,0640,27.7,1321,3.5,618,10.0,527,,15.0,2.9,230,1559,1.9,230,1603,0.4,385,340,22.5,73,1319,90.4,27.2,1004.6,1015.7,0001,1012.2,1806,1013.9,12.9,0.1,,,,,,,,,8.8,4.4,24.9,20.9,,,,,,,,,,,,,,,2019,9,36,247,0,0,1,1
278,의성,2019-09-05,25.4,22.1,0501,32.3,1418,1.5,1554,2.0,1545,,4.5,6.5,340,1528,3.9,320,1525,0.6,544,70,22.5,54,1419,86.4,27.3,1003.2,1014.2,0805,1009.7,1514,1012.4,12.8,4.6,,,,,,,,,8.9,3.4,27.3,20.5,,,,,,,,,,,,,,,2019,9,36,248,0,0,1,1
278,의성,2019-09-06,26.1,22.1,0559,31.1,1435,,,,,,,5.3,90,1605,2.7,110,1607,0.8,710,140,22.4,58,1550,82.0,27.1,1000.5,1012.3,0001,1007.2,2359,1009.7,12.8,0.9,,,,,,,,,9.5,5.4,27.3,21.7,,,,,,,,,,,,,,,2019,9,36,249,0,0,1,0
278,의성,2019-09-07,28.1,22.3,2358,30.8,1140,0.1,,0.2,,,0.4,10.7,180,1246,5.0,180,1742,2.8,2417,200,21.2,54,1718,67.4,25.2,993.4,1007.2,0001,998.6,1213,1002.5,12.8,3.0,,,,,,,,,7.3,4.5,27.0,19.6,,,,,,,,,,,,,,,2019,9,36,250,0,0,1,1
278,의성,2019-09-08,25.1,20.1,0523,31.6,1415,0.0,,0.0,,,0.0,3.7,340,1349,1.9,180,1425,0.6,523,200,21.4,51,1357,81.9,25.5,999.0,1009.8,2330,1006.4,1453,1008.3,12.7,2.4,,,,,,,,,8.6,5.3,28.0,17.6,,,,,,,,,,,,,,,2019,9,36,251,0,0,1,0
278,의성,2019-09-09,25.4,23.4,2359,29.8,1312,1.0,1714,2.5,1713,,3.0,5.1,360,1542,3.2,360,1543,0.9,791,360,22.6,62,1226,85.9,27.5,1001.4,1011.9,0927,1009.0,1503,1010.6,12.7,0.8,,,,,,,,,8.9,4.3,28.3,21.4,,,,,,,,,,,,,,,2019,9,37,252,0,0,1,1
278,의성,2019-09-10,26.3,22.4,0618,33.0,1233,,,,,,,6.7,250,1114,3.8,250,1134,1.0,870,230,21.2,41,1407,76.9,25.3,1003.3,1014.0,2243,1011.1,1552,1012.5,12.6,8.3,,,,,,,,,6.8,3.4,30.8,19.7,,,,,,,,,,,,,,,2019,9,37,253,0,0,1,0
278,의성,2019-09-11,23.7,21.0,0602,26.5,1129,0.4,902,0.5,844,,0.5,8.0,70,1408,4.3,90,1417,1.4,1186,70,19.8,69,1612,79.6,23.2,1006.1,1018.3,2208,1013.1,0318,1015.4,12.6,0.0,,,,,,,,,7.4,5.1,24.2,18.0,,,,,,,,,,,,,,,2019,9,37,254,0,0,1,1
278,의성,2019-09-12,20.7,18.2,2357,22.9,0013,1.5,1312,3.2,1252,,6.5,6.1,140,0836,2.9,70,0531,1.1,972,50,16.2,56,0837,77.0,18.5,1008.4,1019.3,0948,1016.5,1818,1017.9,12.6,0.0,,,,,,,,,8.9,4.0,22.4,17.4,,,,,,,,,,,,,,,2019,9,37,255,0,0,0,1
278,의성,2019-09-13,20.1,15.0,2353,27.3,1326,,,,,,,5.4,110,1533,3.1,90,1419,0.8,729,90,15.2,45,1329,77.1,17.3,1005.2,1016.8,0001,1012.6,1509,1014.7,12.5,7.2,,,,,,,,,3.0,2.5,23.1,11.9,,,,,,,,,,,,,,,2019,9,37,256,0,0,1,0
278,의성,2019-09-14,21.1,12.7,0620,28.3,1412,,,,,,,3.9,230,1206,2.1,250,1257,0.7,591,250,16.6,50,1408,78.0,19.1,1002.5,1014.3,0022,1009.6,1508,1011.9,12.5,4.7,,,,,,,,,6.6,3.9,24.0,9.8,,,,,,,,,,,,,,,2019,9,37,257,0,0,1,0
278,의성,2019-09-15,23.6,18.7,2229,30.6,1349,,,,,,,5.7,70,1132,3.4,70,1624,1.0,901,70,18.4,48,1402,74.5,21.2,1001.3,1012.0,2229,1008.4,1544,1010.6,12.5,5.7,,,,,,,,,7.3,3.6,27.2,16.3,,,,,,,,,,,,,,,2019,9,37,258,0,0,1,0
278,의성,2019-09-16,21.5,14.6,2345,29.7,1419,,,,,,,6.0,90,1345,3.3,50,1512,1.2,1016,50,13.3,31,1413,64.5,15.4,1001.9,1014.1,2336,1008.8,1532,1011.3,12.4,10.4,,,,,,,,,3.6,1.6,27.5,9.9,,,,,,,,,,,,,,,2019,9,38,259,0,0,1,0
278,의성,2019-09-17,19.8,11.6,0603,29.3,1411,,,,,,,7.8,70,1235,3.7,50,1236,1.1,913,50,11.8,27,1409,65.6,13.9,1005.7,1017.0,0745,1013.1,1518,1015.2,12.4,10.5,,,,,,,,,3.0,2.3,25.9,7.5,,,,,,,,,,,,,,,2019,9,38,260,0,0,1,0
278,의성,2019-09-18,21.2,15.9,0142,30.6,1544,,,,,,,6.5,340,1446,3.7,340,1454,1.1,933,320,12.4,19,1546,64.4,14.7,1006.1,1018.2,2312,1012.7,1529,1015.5,12.3,10.5,,,,,,,,,2.5,2.3,27.3,11.2,,,,,,,,,,,,,,,2019,9,38,261,0,0,1,0
278,의성,2019-09-19,19.7,13.7,0641,27.2,1452,,,,,,,4.8,320,1329,2.6,20,1320,0.8,713,290,12.7,33,1456,68.3,14.7,1008.6,1020.5,0651,1015.8,1706,1018.1,12.3,9.6,,,,,,,,,4.5,1.1,26.1,8.6,,,,,,,,,,,,,,,2019,9,38,262,0,0,1,0
278,의성,2019-09-20,18.6,14.5,0146,23.2,1308,,,,,,,6.3,110,1318,3.6,70,1318,1.1,948,50,13.8,52,1314,75.4,15.8,1008.6,1019.7,2227,1017.1,1357,1018.1,12.3,0.2,,,,,,,,,9.6,5.9,21.7,11.0,,,,,,,,,,,,,,,2019,9,38,263,0,0,0,0
278,의성,2019-09-21,17.5,16.1,0406,21.4,1116,1.0,1407,4.5,1401,,37.0,7.7,70,2150,4.3,50,2150,1.2,1012,50,15.7,75,1121,89.3,17.8,1009.7,1020.4,0932,1018.0,0455,1019.3,12.2,0.0,,,,,,,,,9.8,5.0,18.7,13.1,,,,,,,,,,,,,,,2019,9,38,264,0,0,0,1
278,의성,2019-09-22,18.3,16.6,0001,19.7,1301,1.5,145,6.5,145,,65.0,10.4,50,2024,6.2,50,2025,3.2,2791,50,15.5,73,2328,83.9,17.6,1001.8,1019.4,0001,1004.8,2154,1011.3,12.2,0.0,,,,,,,,,10.0,,18.1,15.2,,,,,,,,,,,,,,,2019,9,38,265,0,0,0,1
278,의성,2019-09-23,17.7,13.9,2358,21.6,1317,0.1,,0.1,,,0.1,3.5,340,1625,2.2,340,0002,0.5,403,50,14.7,57,1341,83.9,16.7,1004.1,1017.8,2222,1005.2,0019,1013.6,12.2,0.6,,,,,,,,,6.9,6.0,19.4,9.5,,,,,,,,,,,,,,,2019,9,39,266,0,0,0,1
278,의성,2019-09-24,17.7,12.5,2356,26.5,1513,,,,,,,7.3,320,1426,2.5,250,1621,0.7,620,250,13.6,33,1521,80.4,15.7,1009.2,1020.9,2252,1017.0,1533,1018.8,12.1,8.5,,,,,,,,,4.4,3.1,21.3,8.0,,,,,,,,,,,,,,,2019,9,39,267,0,0,1,0
278,의성,2019-09-25,17.5,10.5,0504,25.5,1410,,,,,,,3.8,360,1233,2.1,340,1241,0.7,597,20,13.3,51,1427,79.3,15.3,1013.0,1025.1,2328,1020.4,0004,1022.6,12.1,5.8,,,,,,,,,8.9,4.4,21.0,6.7,,,,,,,,,,,,,,,2019,9,39,268,0,0,1,0
278,의성,2019-09-26,19.4,14.9,2255,27.2,1519,,,,,,,4.4,20,1225,2.6,360,1232,0.7,577,90,15.3,51,1459,79.9,17.4,1015.0,1025.8,2234,1023.0,1538,1024.6,12.0,3.8,,,,,,,,,7.6,3.9,21.6,10.5,,,,,,,,,,,,,,,2019,9,39,269,0,0,1,0
278,의성,2019-09-27,21.1,14.5,0604,29.4,1427,,,,,,,4.4,250,1733,2.3,230,1736,0.7,562,250,16.5,46,1350,78.4,18.9,1013.3,1025.5,0001,1020.4,1516,1022.8,12.0,8.2,,,,,,,,,6.3,4.1,25.6,10.8,,,,,,,,,,,,,,,2019,9,39,270,0,0,1,0
278,의성,2019-09-28,23.1,18.7,0004,28.9,1334,0.1,,0.1,,,0.1,4.0,250,1626,2.1,320,1323,0.7,604,200,19.6,58,1333,82.3,22.8,1008.8,1021.0,0001,1015.6,1639,1018.2,12.0,5.2,,,,,,,,,7.0,5.3,25.3,16.7,,,,,,,,,,,,,,,2019,9,39,271,0,0,1,1
278,의성,2019-09-29,22.7,16.5,2400,30.4,1507,,,,,,,5.7,230,1242,3.5,250,1241,0.8,706,20,17.6,36,1437,76.9,20.2,1006.7,1017.5,0206,1013.9,1553,1016.1,11.9,8.7,,,,,,,,,3.0,2.1,27.3,13.1,,,,,,,,,,,,,,,2019,9,39,272,0,0,1,0
278,의성,2019-09-30,22.0,14.2,0620,30.9,1444,,,,,,,4.5,290,1420,2.4,270,1531,0.8,666,360,16.8,41,1303,76.1,19.4,1007.5,1017.9,2311,1015.0,1535,1016.9,11.9,8.5,,,,,,,,,4.6,2.8,27.3,10.6,,,,,,,,,,,,,,,2019,9,40,273,0,0,1,0
278,의성,2019-10-01,22.8,19.7,0506,26.8,1429,,,,,,,3.4,360,1833,1.9,160,1829,0.5,431,230,20.2,69,1441,86.4,23.7,1009.1,1020.0,0933,1017.6,0215,1018.5,11.8,0.0,,,,,,,,,9.0,3.8,24.5,16.6,,,,,,,,,,,,,,,2019,10,40,274,0,0,1,0
278,의성,2019-10-02,21.9,20.4,0046,22.8,1643,6.0,1407,14.0,2124,,88.5,9.7,90,2028,5.1,90,2035,1.3,1108,70,20.9,87,1645,94.9,24.7,1002.3,1018.7,0118,1001.0,2400,1011.7,11.8,0.0,,,,,,,,,10.0,1.6,21.9,18.5,,,,,,,,,,,,,,,2019,10,40,275,0,0,0,1
278,의성,2019-10-03,22.5,17.0,2359,27.8,1437,2.5,247,12.0,236,,32.5,10.5,270,1307,6.3,270,1329,2.0,1756,290,18.7,52,1539,81.9,21.7,994.3,1011.2,2354,994.3,0354,1003.6,11.8,4.0,,,,,,,,,6.7,2.9,23.6,13.3,,,,,,,,,,,,,,,2019,10,40,276,0,0,1,1
278,의성,2019-10-04,21.1,15.8,0614,29.5,1508,,,,,,,4.4,160,1405,2.4,160,1405,0.5,452,230,16.9,38,1603,80.4,19.3,1003.5,1014.1,2254,1011.1,0001,1013.0,11.7,8.6,,,,,,,,,4.1,1.9,24.8,12.6,,,,,,,,,,,,,,,2019,10,40,277,0,0,1,0
278,의성,2019-10-05,20.6,17.0,2347,25.5,1502,0.2,,0.4,300,,0.5,8.6,110,1641,5.1,90,1629,1.3,1144,50,15.4,56,1239,73.6,17.7,1006.5,1021.2,2400,1013.0,0355,1015.9,11.7,2.5,,,,,,,,,9.5,4.4,22.7,14.6,,,,,,,,,,,,,,,2019,10,40,278,0,0,1,1
278,의성,2019-10-06,16.6,11.6,2256,21.6,1450,,,,,,,6.1,20,0354,3.4,70,1315,1.6,1395,70,9.6,45,1108,65.6,12.0,1014.4,1025.7,0920,1021.2,0001,1024.0,11.7,1.2,,,,,,,,,8.0,4.6,19.7,8.4,,,,,,,,,,,,,,,2019,10,40,279,0,0,0,0
278,의성,2019-10-07,15.2,11.9,0002,18.6,1229,0.5,757,1.0,1722,,3.5,3.7,340,1623,2.5,340,1629,0.5,431,360,13.4,72,1230,89.5,15.4,1008.7,1024.2,0001,1015.2,2357,1018.3,11.6,0.0,,,,,,,,,7.6,3.8,17.5,10.5,,,,,,,,,,,,,,,2019,10,41,280,0,0,0,1
278,의성,2019-10-08,15.4,7.7,2357,23.1,1558,,,,,,,7.6,270,1626,4.4,290,1437,1.5,1313,290,9.8,31,1618,73.6,12.4,1007.7,1021.1,2308,1014.7,1503,1017.4,11.6,7.8,,,,,,,,,4.4,1.0,17.7,2.4,,,,,,,,,,,,,,,2019,10,41,281,0,0,0,0
278,의성,2019-10-09,11.5,4.0,0605,21.8,1526,,,,,,,4.8,160,1240,2.8,320,1416,0.7,598,50,4.4,20,1356,70.3,8.5,1009.9,1022.7,0835,1016.8,1741,1019.7,11.5,9.7,,,,,,,,,1.8,0.0,17.2,-0.5,,,,,,,,,,,,,,,2019,10,41,282,0,0,0,0
278,의성,2019-10-10,13.6,4.9,0619,22.3,1415,,,,,,,3.7,270,1413,2.5,320,1549,0.4,381,250,8.6,36,1447,75.6,11.4,1006.5,1018.9,0146,1013.8,1444,1016.2,11.5,4.5,,,,,,,,,9.0,5.8,17.6,0.5,,,,,,,,,,,,,,,2019,10,41,283,0,0,0,0
278,의성,2019-10-11,17.6,10.8,0357,27.1,1427,0.0,,0.0,,,0.0,8.8,70,1843,4.6,70,1846,1.0,896,70,10.3,22,1344,67.8,12.6,1005.1,1016.1,0847,1012.2,1435,1014.7,11.5,9.7,,,,,,,,,4.9,3.0,21.5,6.5,,,,,,,,,,,,,,,2019,10,41,284,0,0,1,0
278,의성,2019-10-12,17.6,9.2,2400,24.6,1501,,,,,,,13.7,70,1108,6.9,50,1131,2.4,2078,50,8.5,33,1344,59.5,11.1,1006.9,1020.6,2356,1013.8,1417,1016.5,11.4,9.7,,,,,,,,,2.0,0.5,20.8,4.4,,,,,,,,,,,,,,,2019,10,41,285,0,0,0,0
278,의성,2019-10-13,14.1,6.4,0631,22.8,1216,,,,,,,8.0,50,1031,4.3,50,1038,1.2,1031,90,7.6,36,1222,70.1,10.5,1013.5,1025.1,2244,1020.6,0001,1023.3,11.4,9.9,,,,,,,,,3.9,1.6,18.7,1.5,,,,,,,,,,,,,,,2019,10,41,286,0,0,0,0
278,의성,2019-10-14,13.7,6.1,0652,23.0,1506,,,,,,,7.2,20,1317,3.5,340,1513,0.8,711,270,9.2,41,1506,77.8,11.7,1014.7,1027.1,2341,1021.9,1456,1024.5,11.4,8.5,,,,,,,,,6.5,2.4,17.3,1.4,,,,,,,,,,,,,,,2019,10,42,287,0,0,0,0
278,의성,2019-10-15,13.5,7.0,2357,19.6,1423,0.0,,0.0,,,0.0,6.9,50,0329,3.8,70,1322,1.6,1403,70,7.7,46,1426,69.9,10.5,1019.0,1030.2,0911,1027.1,0001,1028.8,11.3,4.3,,,,,,,,,3.5,2.6,17.2,1.3,,,,,,,,,,,,,,,2019,10,42,288,0,0,0,0
278,의성,2019-10-16,10.8,4.8,0427,21.2,1506,,,,,,,4.6,230,1245,2.4,340,1345,0.5,452,50,7.0,42,1352,81.0,10.1,1016.8,1029.7,0151,1023.7,1701,1026.7,11.3,7.5,,,,,,,,,7.0,2.8,16.1,-0.6,,,,,,,,,,,,,,,2019,10,42,289,0,0,0,0
278,의성,2019-10-17,12.4,6.1,0451,21.3,1443,,,,,,,5.0,90,1615,2.5,70,1439,0.6,548,50,8.0,43,1439,78.1,10.8,1015.3,1026.4,0859,1023.4,1421,1025.2,11.3,3.2,,,,,,,,,7.1,3.5,15.2,1.1,,,,,,,,,,,,,,,2019,10,42,290,0,0,0,0
278,의성,2019-10-18,13.4,7.7,0247,18.0,1443,0.2,,0.2,,,0.5,6.8,50,1633,3.9,90,1650,0.6,480,50,11.3,67,1649,87.8,13.5,1012.8,1025.9,0001,1020.1,1624,1022.5,11.2,0.0,,,,,,,,,7.9,4.9,14.1,2.5,,,,,,,,,,,,,,,2019,10,42,291,0,0,0,1
278,의성,2019-10-19,15.6,10.7,2345,24.7,1436,0.1,,0.1,,,0.1,4.9,250,1344,2.4,290,1336,0.5,456,250,12.2,43,1445,83.4,14.3,1010.6,1022.1,2350,1018.4,1426,1020.3,11.2,5.5,,,,,,,,,3.3,3.1,20.0,5.2,,,,,,,,,,,,,,,2019,10,42,292,0,0,0,1
278,의성,2019-10-20,13.5,8.5,2359,24.0,1403,,,,,,,3.5,50,1739,2.4,50,1745,0.5,414,70,9.8,29,1514,82.4,12.2,1012.1,1024.5,0846,1019.4,1531,1021.9,11.1,6.0,,,,,,,,,3.8,2.9,17.9,3.7,,,,,,,,,,,,,,,2019,10,42,293,0,0,0,0
278,의성,2019-10-21,13.3,6.4,0420,24.8,1451,,,,,,,7.3,50,1255,3.8,70,1329,0.7,611,70,8.7,32,1410,78.5,11.3,1009.4,1021.5,0017,1016.2,1434,1019.1,11.1,7.4,,,,,,,,,4.3,2.3,17.3,1.3,,,,,,,,,,,,,,,2019,10,43,294,0,0,0,0
278,의성,2019-10-22,13.4,6.8,0618,24.2,1518,,,,,,,7.1,90,1440,3.7,90,1443,0.8,704,90,8.8,35,1440,77.9,11.3,1008.6,1019.9,0910,1016.0,1416,1018.4,11.1,7.2,,,,,,,,,4.8,1.6,16.1,2.0,,,,,,,,,,,,,,,2019,10,43,295,0,0,0,0
278,의성,2019-10-23,13.9,7.9,0311,21.3,1410,,,,,,,5.5,50,1303,3.2,50,1310,0.7,597,70,10.0,49,1432,79.6,12.3,1009.7,1020.8,0833,1017.4,1413,1019.5,11.0,0.1,,,,,,,,,9.3,2.1,15.1,2.7,,,,,,,,,,,,,,,2019,10,43,296,0,0,0,0
278,의성,2019-10-24,17.4,12.1,0213,22.4,1304,0.0,,0.0,,,0.0,8.5,70,1012,4.4,70,1423,1.2,1043,70,11.4,46,1254,70.0,13.5,1008.8,1020.7,0246,1016.6,1524,1018.4,11.0,2.7,,,,,,,,,7.6,4.9,19.2,8.1,,,,,,,,,,,,,,,2019,10,43,297,0,0,0,0
278,의성,2019-10-25,16.0,9.8,0646,25.6,1351,,,,,,,7.2,20,1412,2.8,270,1421,0.5,423,50,10.9,39,1401,75.3,13.0,1007.1,1018.7,0851,1014.3,1436,1016.8,11.0,6.7,,,,,,,,,6.3,0.5,18.7,5.3,,,,,,,,,,,,,,,2019,10,43,298,0,0,1,0
278,의성,2019-10-26,12.7,7.4,2324,19.2,1445,,,,,,,8.0,290,0941,4.6,290,0947,1.4,1251,290,5.1,28,1325,64.1,9.0,1007.5,1019.0,2250,1015.1,1420,1017.2,10.9,8.5,,,,,,,,,6.3,2.8,17.4,2.1,,,,,,,,,,,,,,,2019,10,43,299,0,0,0,0
278,의성,2019-10-27,8.8,1.5,0704,18.9,1458,,,,,,,6.0,290,1320,3.4,290,1355,0.9,747,290,1.4,19,1451,67.4,6.8,1009.4,1020.9,0902,1017.3,1416,1019.3,10.9,9.7,0100,,,,,,,,0.8,0.1,14.0,-4.1,,,,,,,,,,,,,,,2019,10,43,300,0,0,0,0
278,의성,2019-10-28,8.5,-0.4,0648,19.9,1454,,,,,,,5.4,250,1324,3.4,250,1516,0.6,513,270,2.8,30,1449,72.1,7.6,1007.3,1020.7,0819,1014.1,1647,1017.2,10.8,8.9,,,,,,,,,3.4,0.9,13.1,-5.5,,,,,,,,,,,,,,,2019,10,44,301,0,0,0,0
278,의성,2019-10-29,10.1,3.8,0451,19.8,1304,,,,,,,8.7,250,1239,5.4,270,1243,2.1,1812,290,4.1,31,1453,71.5,8.2,1006.1,1019.5,2258,1013.8,1338,1015.9,10.8,7.4,,,,,,,,,3.6,0.0,13.2,-1.0,,,,,,,,,,,,,,,2019,10,44,302,0,0,0,0
278,의성,2019-10-30,8.4,1.0,0634,19.3,1512,,,,,,,5.9,270,1433,3.6,270,1540,1.1,936,250,1.5,23,1350,68.6,6.8,1011.5,1023.1,0902,1019.4,0001,1021.5,10.8,9.4,,,,,,,,,0.8,0.0,12.9,-5.1,,,,,,,,,,,,,,,2019,10,44,303,0,0,0,0
278,의성,2019-10-31,10.0,0.7,0615,22.0,1425,,,,,,,6.9,270,1229,3.9,250,1442,1.0,874,360,4.8,37,1358,74.1,8.7,1011.4,1023.5,0220,1018.4,1502,1021.3,10.7,9.2,,,,,,,,,0.9,0.0,13.4,-4.5,,,,,,,,,,,,,,,2019,10,44,304,0,0,0,0
278,의성,2019-11-01,12.0,4.3,0619,23.1,1432,,,,,,,3.8,250,1054,1.9,70,1216,0.7,585,250,6.8,34,1433,75.0,10.0,1011.9,1023.3,2230,1019.6,1354,1021.8,10.7,8.3,,,,,,,,,3.6,0.0,14.8,-0.6,,,,,,,,,,,,,,,2019,11,44,305,0,0,0,0
278,의성,2019-11-02,12.0,4.7,0700,20.4,1233,,,,,,,4.0,290,1445,2.3,290,1506,0.6,476,230,7.8,46,1452,78.8,10.6,1010.9,1023.6,0138,1018.4,1513,1020.7,10.7,5.4,,,,,,,,,7.1,2.5,13.6,-0.5,,,,,,,,,,,,,,,2019,11,44,306,0,0,0,0
278,의성,2019-11-03,13.4,7.2,0736,22.2,1401,,,,,,,10.2,90,1542,5.7,90,1548,1.2,1014,50,8.2,38,1511,74.1,10.9,1010.0,1022.8,2237,1016.9,1336,1019.7,10.6,6.0,,,,,,,,,6.9,4.0,16.2,2.6,,,,,,,,,,,,,,,2019,11,44,307,0,0,0,0
278,의성,2019-11-04,12.3,4.9,2349,20.2,1448,,,,,,,5.4,110,1025,2.9,340,1255,0.7,599,360,5.8,32,1525,68.6,9.3,1012.6,1024.0,0816,1020.5,1531,1022.4,10.6,6.8,,,,,,,,,2.6,2.0,17.3,-1.1,,,,,,,,,,,,,,,2019,11,45,308,0,0,0,0
278,의성,2019-11-05,9.1,1.0,0655,20.0,1549,,,,,,,6.9,290,1406,3.9,290,1429,1.0,825,360,4.1,34,1333,75.1,8.2,1009.6,1022.5,0001,1016.5,1529,1019.5,10.6,8.7,,,,,,,,,3.8,,12.5,-3.9,,,,,,,,,,,,,,,2019,11,45,309,0,0,0,0
278,의성,2019-11-06,8.7,1.3,0528,20.1,1446,,,,,,,5.4,270,1318,2.5,250,1326,0.6,478,270,3.3,29,1504,74.5,7.8,1007.1,1020.3,0802,1014.0,1452,1017.0,10.5,6.2,,,,,,,,,5.4,0.3,12.6,-4.7,,,,,,,,,,,,,,,2019,11,45,310,0,0,0,0
278,의성,2019-11-07,8.7,2.2,2359,19.2,1352,,,,,,,6.1,320,1548,3.5,250,1325,0.9,797,290,1.2,19,1549,66.4,6.8,1007.0,1020.4,2316,1014.7,1409,1017.0,10.5,7.2,,,,,,,,,4.0,1.4,12.3,-3.6,,,,,,,,,,,,,,,2019,11,45,311,0,0,0,0
278,의성,2019-11-08,5.2,-1.5,0704,16.7,1516,,,,,,,4.6,250,1529,2.8,250,1537,0.7,625,360,-2.2,21,1619,65.6,5.2,1010.7,1022.6,0824,1018.1,1444,1020.8,10.5,8.9,,,,,,,,,0.0,0.0,8.0,-7.8,,,,,,,,,,,,,,,2019,11,45,312,0,0,0,0
278,의성,2019-11-09,5.4,-3.1,0601,18.7,1412,,,,,,,5.8,320,1517,2.3,360,1508,0.6,521,20,-3.1,19,1455,62.3,4.9,1011.4,1024.1,0756,1018.7,1513,1021.5,10.4,8.9,,,,,,,,,0.5,0.0,8.6,-9.4,,,,,,,,,,,,,,,2019,11,45,313,0,0,0,0
278,의성,2019-11-10,6.0,-1.5,0436,15.0,1548,,,,,,10.5,9.1,270,2218,4.4,270,2219,0.5,455,360,1.1,37,1548,74.0,6.7,1003.7,1021.0,0029,1006.5,2136,1013.7,10.4,1.9,,,,,,,,,7.1,3.1,7.0,-7.5,,,,,,,,,,,,,,,2019,11,45,314,0,0,0,1
278,의성,2019-11-11,9.8,4.2,2345,17.8,1438,,,,,,0.5,8.6,270,1706,4.7,290,1442,1.2,1028,20,6.1,47,1704,80.5,9.5,1001.2,1017.8,2354,1006.1,0149,1011.0,10.4,1.9,,,,,,,,,5.3,4.1,9.1,-1.1,,,,,,,,,,,,,,,2019,11,46,315,0,0,0,1
278,의성,2019-11-12,7.0,1.7,0545,18.0,1417,,,,,,,4.1,230,1323,2.5,250,1332,0.6,512,270,2.8,35,1534,79.6,7.5,1011.2,1022.7,0918,1017.9,0001,1021.3,10.4,6.2,,,,,,,,,3.9,2.5,8.3,-3.5,,,,,,,,,,,,,,,2019,11,46,316,0,0,0,0
278,의성,2019-11-13,6.7,0.2,0413,12.8,1538,,,,,,0.5,8.2,270,2337,4.2,290,2339,0.7,632,290,3.0,45,2348,80.4,7.8,1007.7,1023.1,0042,1012.5,1738,1017.8,10.3,1.5,,,,,,,,,8.0,5.4,8.4,-4.5,,,,,,,,,,,,,,,2019,11,46,317,0,0,0,1
278,의성,2019-11-14,2.8,-4.1,2342,9.3,0002,,,,,,,9.7,290,0815,5.8,290,1014,2.8,2408,320,-12.0,16,1411,37.3,2.5,1013.5,1025.9,0922,1018.8,0001,1023.7,10.3,9.1,,,,,,,,,0.5,0.0,4.9,-8.9,,,,,,,,,,,,,,,2019,11,46,318,0,0,0,0
278,의성,2019-11-15,5.0,-6.1,0546,16.8,1441,,,,,,,4.7,270,1349,2.6,230,1245,0.8,657,360,-2.8,28,1220,61.5,5.2,1010.2,1024.7,0404,1016.8,1552,1020.3,10.3,8.5,,,,,,,,,2.9,1.6,5.7,-10.9,,,,,,,,,,,,,,,2019,11,46,319,0,0,0,0
278,의성,2019-11-16,9.1,3.9,2352,18.3,1540,,,,,,0.5,5.9,320,1445,3.5,320,1435,0.5,402,360,5.9,48,1535,82.3,9.3,1010.6,1023.3,2255,1018.4,1507,1020.5,10.2,4.3,,,,,,,,,2.9,2.5,9.8,-1.4,,,,,,,,,,,,,,,2019,11,46,320,0,0,0,1
278,의성,2019-11-17,7.2,2.5,0340,10.3,1755,,,,,,3.5,5.0,230,0929,2.5,340,0930,0.4,315,160,6.5,87,1115,95.8,9.8,1009.6,1024.4,0736,1011.8,2400,1019.6,10.2,0.0,,,,,,,,,8.9,5.3,7.3,-1.7,,,,,,,,,,,,,,,2019,11,46,321,0,0,0,1
278,의성,2019-11-18,9.5,2.8,2357,15.5,0319,,,,,,6.0,11.4,320,0354,6.3,290,0331,2.9,2513,290,1.7,37,1329,60.3,7.7,1007.0,1022.0,2210,1009.4,0206,1016.9,10.2,1.1,,,,,,,,,8.8,4.4,9.1,-0.7,,,,,,,,,,,,,,,2019,11,47,322,0,0,0,1
278,의성,2019-11-19,3.8,-2.3,2347,8.4,1316,,,,,,,11.3,250,1421,6.1,270,1421,2.3,1949,290,-5.6,29,1147,52.3,4.1,1014.5,1029.1,2331,1021.3,0003,1024.7,10.2,8.3,,,,,,,,,0.8,0.6,5.7,-7.8,,,,,,,,,,,,,,,2019,11,47,323,0,0,0,0
278,의성,2019-11-20,0.2,-6.3,0712,10.1,1504,,,,,,,4.4,230,1304,2.7,320,1417,0.6,557,290,-7.9,16,1547,62.3,3.4,1020.7,1033.5,2347,1028.8,0001,1031.1,10.1,8.9,,,,,,,,,0.0,0.0,2.6,-11.9,,,,,,,,,,,,,,,2019,11,47,324,0,0,0,0
278,의성,2019-11-21,2.8,-6.8,0714,13.8,1512,,,,,,,2.8,290,1437,1.4,360,1952,0.4,377,360,-6.4,13,1422,57.9,3.9,1022.5,1035.3,0832,1029.8,1509,1032.8,10.1,7.2,,,,,,,,,4.9,4.0,3.5,-11.3,,,,,,,,,,,,,,,2019,11,47,325,0,0,0,0
278,의성,2019-11-22,7.1,-1.5,0703,19.3,1510,,,,,,,3.8,160,1657,2.0,160,1702,0.6,519,360,1.5,38,1454,71.3,6.9,1018.5,1032.1,0009,1025.5,1449,1028.6,10.1,8.0,,,,,,,,,3.1,1.9,8.1,-6.2,,,,,,,,,,,,,,,2019,11,47,326,0,0,0,0
278,의성,2019-11-23,8.1,0.8,0428,19.5,1425,,,,,,,3.0,290,1438,1.6,230,1406,0.5,455,50,4.5,43,1409,81.1,8.5,1015.1,1029.0,0644,1021.4,1532,1025.1,10.1,6.6,,,,,,,,,8.1,3.0,8.5,-4.2,,,,,,,,,,,,,,,2019,11,47,327,0,0,0,0
278,의성,2019-11-24,11.6,3.6,0746,21.5,1445,,,,,,0.1,8.3,320,2211,5.1,290,2224,1.0,878,290,6.7,41,1458,74.9,9.9,1009.3,1022.8,0013,1015.3,1616,1019.1,10.0,7.1,,,,,,,,,5.0,4.1,12.2,-1.2,,,,,,,,,,,,,,,2019,11,47,328,0,0,0,1
278,의성,2019-11-25,7.8,5.8,0909,13.1,0001,,,,,,,9.6,270,0107,5.3,290,0115,2.0,1741,270,1.1,50,1453,63.0,6.6,1018.0,1031.4,2158,1021.4,0001,1028.0,10.0,0.6,,,,,,,,,8.6,6.3,7.8,3.7,,,,,,,,,,,,,,,2019,11,48,329,0,0,0,0
278,의성,2019-11-26,7.8,1.9,2256,13.8,1117,,,,,,,3.9,230,1130,2.3,180,1132,0.9,803,50,1.9,40,1628,68.0,7.0,1019.3,1031.8,0844,1027.0,1614,1029.3,10.0,4.2,,,,,,,,,6.4,4.1,9.4,-2.7,,,,,,,,,,,,,,,2019,11,48,330,0,0,0,0
278,의성,2019-11-27,4.8,0.7,2358,10.8,1332,,,,,,,5.3,290,1101,3.5,290,1236,1.0,861,360,-0.6,36,1633,70.3,5.9,1016.4,1028.1,0001,1024.5,1502,1026.6,10.0,0.6,,,,,,,,,7.3,2.1,6.4,-4.0,,,,,,,,,,,,,,,2019,11,48,331,0,0,0,0
278,의성,2019-11-28,3.7,-0.9,0254,11.1,1335,,,,,,,6.5,50,1222,3.6,50,1224,0.9,788,290,-0.9,45,1344,74.0,5.8,1018.9,1030.6,0938,1027.5,1358,1029.1,9.9,0.7,,,,,,,,,4.9,3.3,4.7,-6.8,,,,,,,,,,,,,,,2019,11,48,332,0,0,0,0
278,의성,2019-11-29,1.8,-3.5,2347,12.0,1516,,,,,,,4.8,250,1412,3.0,270,1429,0.9,804,270,-5.0,18,1528,67.1,4.3,1020.5,1032.7,2302,1028.6,1444,1030.8,9.9,7.0,,,,,,,,,2.5,1.6,4.9,-8.6,,,,,,,,,,,,,,,2019,11,48,333,0,0,0,0
278,의성,2019-11-30,3.0,-4.4,0343,14.4,1516,,,,,,,3.7,320,1623,2.7,320,1624,0.6,557,250,-2.3,40,1213,70.4,5.3,1018.7,1033.0,0751,1025.7,1506,1029.0,9.9,5.0,,,,,,,,,5.3,4.5,5.4,-9.2,,,,,,,,,,,,,,,2019,11,48,334,0,0,0,0
278,의성,2019-12-01,6.3,4.1,0004,9.7,1144,,,,,,9.5,2.4,270,1355,1.4,270,1358,0.4,324,20,3.2,45,1131,82.5,7.8,1011.4,1025.8,0001,1016.7,2347,1021.4,9.9,0.1,,,,,,,,,9.9,6.0,7.0,3.0,,,,,,,,,,,,,,,2019,12,48,335,0,0,0,1
278,의성,2019-12-02,3.9,-0.2,2358,7.4,1409,,,,,,0.5,11.7,340,1329,6.6,290,1336,3.3,2887,270,-6.5,23,1507,49.4,4.0,1010.3,1025.3,2356,1016.1,0107,1020.4,9.9,8.4,,,,,,,,,3.1,2.6,4.5,-5.1,,,,,,,,,,,,,,,2019,12,49,336,0,0,0,1
278,의성,2019-12-03,1.3,-6.6,0714,8.5,1344,,,,,,0.0,9.2,270,1344,5.1,270,1352,1.5,1296,250,-4.5,33,1121,68.4,4.5,1015.4,1027.6,0833,1023.3,1333,1025.7,9.9,5.6,,,,,,,,,3.0,2.5,2.2,-12.0,,,,,,,,,,,,,,,2019,12,49,337,0,0,0,0
278,의성,2019-12-04,2.5,-2.9,2359,10.7,1410,,,,,,,9.1,320,1322,5.0,290,1312,1.3,1100,290,-5.1,20,1257,64.9,4.3,1018.2,1030.8,2345,1026.2,0103,1028.5,9.8,7.9,,,,,,,,,2.4,2.3,3.2,-8.6,,,,,,,,,,,,,,,2019,12,49,338,0,0,0,0
278,의성,2019-12-05,-1.6,-6.8,2353,5.5,1307,,,,,,,12.7,320,1430,6.7,270,1454,2.2,1886,290,-11.3,20,1155,54.8,2.7,1023.7,1037.6,2340,1030.5,0010,1034.1,9.8,8.5,,,,,,,,,0.0,0.0,0.1,-12.7,,,,,,,,,,,,,,,2019,12,49,339,0,0,0,0
278,의성,2019-12-06,-5.7,-12.1,0724,4.0,1526,,,,,,,8.3,290,1317,3.4,250,1332,0.9,810,360,-14.9,13,1548,54.4,2.0,1023.9,1038.3,0716,1031.8,1554,1034.6,9.8,8.5,,,,,,,,,0.0,0.0,-2.4,-17.1,,,,,,,,,,,,,,,2019,12,49,340,0,0,0,0
278,의성,2019-12-07,-2.7,-11.9,0623,8.3,1509,,,,,,,6.7,270,1408,3.7,320,1347,0.9,735,360,-9.0,35,1224,65.9,3.2,1019.5,1032.8,0305,1026.8,1522,1030.1,9.8,7.3,,,,,,,,,1.1,0.3,-1.6,-16.1,,,,,,,,,,,,,,,2019,12,49,341,0,0,0,0
278,의성,2019-12-08,-2.0,-8.1,0715,8.9,1506,,,,,,,3.7,140,1302,2.1,110,1323,0.6,484,360,-7.9,24,1510,68.9,3.4,1018.2,1030.8,0920,1026.1,1601,1028.6,9.8,8.5,,,,,,,,,0.4,0.0,-0.4,-14.0,,,,,,,,,,,,,,,2019,12,49,342,0,0,0,0
278,의성,2019-12-09,-1.2,-9.3,0703,10.8,1523,,,,,,,2.6,70,1246,1.4,90,1252,0.5,461,360,-6.4,35,1430,71.3,3.9,1014.8,1028.5,0008,1022.5,1435,1025.2,9.8,7.8,,,,,,,,,0.6,0.0,-0.3,-14.4,,,,,,,,,,,,,,,2019,12,50,343,0,0,0,0
278,의성,2019-12-10,1.4,-5.0,0444,11.8,1430,,,,,,,2.1,50,1729,1.3,50,1730,0.3,289,90,-2.4,46,1355,77.9,5.2,1011.2,1024.2,0001,1019.1,1549,1021.4,9.8,3.8,,,,,,,,,6.0,1.5,1.2,-9.9,,,,,,,,,,,,,,,2019,12,50,344,0,0,0,0
278,의성,2019-12-11,4.4,-2.9,0240,14.9,1338,,,,,,0.1,10.5,320,2118,6.2,290,1558,1.7,1476,290,-2.3,35,2217,65.4,5.4,1007.5,1021.3,2353,1012.5,1343,1017.6,9.7,3.9,,,,,,,,,4.0,0.9,1.7,-8.2,,,,,,,,,,,,,,,2019,12,50,345,0,0,0,1
278,의성,2019-12-12,-0.2,-6.5,2355,7.1,1510,,,,,,,9.9,290,0046,4.4,290,1531,1.9,1650,290,-12.0,14,1507,44.6,2.5,1017.5,1031.3,2355,1021.2,0001,1027.9,9.7,8.5,,,,,,,,,0.0,0.0,0.3,-11.9,,,,,,,,,,,,,,,2019,12,50,346,0,0,0,0
278,의성,2019-12-13,-1.9,-9.4,0653,8.6,1424,,,,,,,4.2,230,1503,2.3,230,1505,0.6,529,360,-13.0,10,1454,50.5,2.3,1017.5,1031.4,0442,1025.0,1644,1027.9,9.7,8.0,,,,,,,,,3.9,2.0,-1.2,-14.8,,,,,,,,,,,,,,,2019,12,50,347,0,0,0,0
278,의성,2019-12-14,1.1,-5.3,0118,10.5,1441,,,,,,0.1,6.9,270,1348,3.2,250,1255,1.0,841,270,-7.1,24,1446,58.1,3.6,1017.3,1032.0,2306,1023.1,0325,1027.6,9.7,8.4,,,,,,,,,3.8,1.4,1.8,-10.5,,,,,,,,,,,,,,,2019,12,50,348,0,0,0,1
278,의성,2019-12-15,2.0,-5.4,0700,13.2,1457,,,,,,,4.4,250,1411,2.5,270,1409,0.6,480,20,-3.8,37,1453,68.9,4.7,1020.1,1033.0,0905,1028.4,2225,1030.4,9.7,7.4,,,,,,,,,4.3,0.4,1.9,-10.3,,,,,,,,,,,,,,,2019,12,50,349,0,0,0,0
278,의성,2019-12-16,3.8,-4.4,0731,14.1,1456,,,,,,,3.6,200,1329,2.2,250,1412,0.5,397,20,-1.4,40,1433,72.3,5.6,1014.2,1028.9,0230,1019.3,2356,1024.4,9.7,7.7,,,,,,,,,3.0,1.5,3.4,-9.5,,,,,,,,,,,,,,,2019,12,51,350,0,0,0,0
278,의성,2019-12-17,6.1,-1.2,0613,11.3,1256,,,,,,1.0,6.4,270,2114,4.0,270,2122,0.8,724,270,2.7,66,2122,80.1,7.6,1006.2,1019.5,0134,1012.3,1416,1016.2,9.7,1.3,,,,,,,,,7.0,3.3,4.1,-5.9,,,,,,,,,,,,,,,2019,12,51,351,0,0,0,1
278,의성,2019-12-18,3.9,-0.4,0742,10.4,1418,,,,,,,5.9,290,0003,3.4,250,1535,1.1,933,250,-1.2,44,1446,71.4,5.6,1011.9,1023.9,1945,1017.6,0003,1022.0,9.7,6.9,,,,,,,,,6.3,2.0,3.7,-4.9,,,,,,,,,,,,,,,2019,12,51,352,0,0,0,0
278,의성,2019-12-19,1.2,-5.2,0747,9.1,1406,,,,,,,8.2,290,1503,4.9,290,1522,1.7,1462,290,-9.7,18,1407,52.0,3.1,1014.1,1028.0,2335,1021.4,1335,1024.4,9.7,8.2,,,,,,,,,5.0,1.3,1.4,-11.1,,,,,,,,,,,,,,,2019,12,51,353,0,0,0,0
278,의성,2019-12-20,-0.9,-5.4,2400,7.0,1447,,,,,,,7.0,340,1412,4.4,290,1420,1.0,905,320,-9.1,25,1441,56.3,3.1,1018.5,1031.8,2236,1027.2,1435,1028.9,9.7,5.7,,,,,,,,,6.9,1.6,-0.3,-11.5,,,,,,,,,,,,,,,2019,12,51,354,0,0,0,0
278,의성,2019-12-21,-3.0,-8.7,0615,4.5,1508,,,,,,,3.9,230,1338,2.2,200,1340,0.6,485,360,-9.1,34,1430,65.9,3.1,1017.9,1030.7,0558,1026.0,2400,1028.4,9.7,2.7,,,,,,,,,4.7,0.8,-2.1,-14.1,,,,,,,,,,,,,,,2019,12,51,355,0,0,0,0
278,의성,2019-12-22,-0.7,-5.9,0057,8.2,1401,,,,,,,3.7,250,1449,2.3,230,1508,0.6,485,20,-5.7,41,1425,71.4,4.0,1011.7,1026.6,0111,1018.5,1615,1022.0,9.7,4.0,,,,,,,,,5.8,0.4,0.4,-11.1,,,,,,,,,,,,,,,2019,12,51,356,0,0,0,0
278,의성,2019-12-23,1.1,-5.3,0126,10.3,1418,,,,,,,7.7,270,1330,4.7,290,1334,1.1,916,290,-4.2,35,1431,69.9,4.5,1011.6,1026.0,2323,1019.2,0144,1021.9,9.7,5.9,,,,,,,,,5.5,4.4,1.1,-11.0,,,,,,,,,,,,,,,2019,12,52,357,0,0,0,0
278,의성,2019-12-24,-0.2,-5.5,0737,10.3,1518,,,,,,,2.8,250,1425,1.5,250,1446,0.5,407,230,-4.9,38,1421,74.0,4.3,1016.9,1029.3,0941,1025.1,1605,1027.2,9.7,8.1,,,,,,,,,2.8,0.0,0.6,-11.2,,,,,,,,,,,,,,,2019,12,52,358,0,0,0,0
278,의성,2019-12-25,1.7,-7.1,0655,12.4,1527,,,,,,,5.2,250,1529,2.8,290,1413,0.6,500,230,-6.6,16,1529,59.5,3.7,1013.3,1027.7,0049,1019.2,2333,1023.5,9.7,7.0,,,,,,,,,4.6,3.0,1.0,-12.7,,,,,,,,,,,,,,,2019,12,52,359,0,0,0,0
278,의성,2019-12-26,2.4,0.4,0501,5.0,1147,,,,,,1.0,7.1,320,2152,3.8,320,2134,1.0,846,290,-3.8,40,1145,65.0,4.7,1006.0,1020.3,0015,1013.8,1649,1016.2,9.7,0.0,,,,,,,,,8.4,4.4,1.5,-2.7,,,,,,,,,,,,,,,2019,12,52,360,0,0,0,1
278,의성,2019-12-27,-1.2,-7.3,2400,6.2,1453,,,,,,,7.9,320,0114,4.5,290,0217,1.9,1632,290,-10.7,18,1438,52.6,2.7,1013.8,1028.7,2344,1017.3,0001,1024.1,9.7,8.5,,,,,,,,,0.0,0.0,-1.2,-13.2,,,,,,,,,,,,,,,2019,12,52,361,0,0,0,0
278,의성,2019-12-28,-3.1,-10.2,0727,8.0,1537,,,,,,,3.8,270,1136,1.7,270,1143,0.5,442,250,-9.9,27,1516,64.4,2.9,1019.2,1031.2,2240,1027.9,1433,1029.8,9.7,8.5,,,,,,,,,0.6,0.0,-2.7,-15.1,,,,,,,,,,,,,,,2019,12,52,362,0,0,0,0
278,의성,2019-12-29,-1.2,-7.8,0529,3.9,1504,,,,,,7.0,2.6,20,2242,1.5,360,2246,0.3,290,50,-5.4,47,1501,75.1,4.2,1017.6,1031.3,0255,1024.1,2359,1028.0,9.7,0.0,,,,,,,,,8.8,6.3,-1.4,-12.7,,,,,,,,,,,,,,,2019,12,52,363,0,0,0,1
278,의성,2019-12-30,4.2,0.8,2355,9.8,1544,,,,,,1.0,8.4,250,2343,4.8,250,2343,1.3,1084,250,0.4,48,2011,78.9,6.5,1012.2,1024.5,2356,1020.4,1413,1022.4,9.7,0.7,,,,,,,,,6.4,4.8,3.6,-1.7,,,,,,,,,,,,,,,2019,12,1,364,0,0,0,1
278,의성,2019-12-31,-3.5,-6.6,2353,0.9,0001,,,,,,,11.9,320,0250,6.5,320,0307,3.2,2794,270,-16.1,22,1538,38.4,1.8,1021.5,1034.0,1019,1024.5,0001,1032.0,9.7,8.5,,,,,,,,,1.3,1.1,-1.8,-10.8,,,,,,,,,,,,,,,2019,12,1,365,0,0,0,0
278,의성,2020-01-01,-3.9,-11.5,0706,4.2,1412,,,,,,,7.7,320,1335,4.6,250,1217,1.2,1053,70,-9.1,46,0001,68.5,3.2,1021.3,1033.8,0007,1030.1,1353,1031.8,9.7,4.6,,,,,,,,,4.3,2.6,-2.8,-14.4,,,,,,,,,,,,,,,2020,1,1,1,0,0,0,0
278,의성,2020-01-02,-0.5,-7.5,0530,6.8,1410,,,,,,,7.8,270,1514,5.1,270,1516,1.0,878,270,-5.3,45,1302,71.8,4.2,1018.8,1031.7,0859,1027.1,1345,1029.2,9.7,4.9,,,,,,,,,3.4,2.8,-0.8,-12.2,,,,,,,,,,,,,,,2020,1,1,2,0,0,0,0
278,의성,2020-01-03,-0.4,-6.2,0758,8.0,1452,,,,,,,7.0,250,1403,4.2,250,1407,1.1,972,250,-6.2,34,1446,69.4,3.8,1015.8,1028.3,1004,1023.6,1449,1026.2,9.8,8.3,,,,,,,,,0.0,,0.2,-11.8,,,,,,,,,,,,,,,2020,1,1,3,0,0,0,0
278,의성,2020-01-04,-1.4,-9.0,0726,9.0,1359,,,,,,,9.4,360,1419,5.3,320,1452,1.1,915,320,-7.7,30,1419,66.6,3.4,1015.3,1028.7,2317,1022.4,1425,1025.7,9.8,8.4,,,,,,,,,1.8,0.0,-1.3,-14.2,,,,,,,,,,,,,,,2020,1,1,4,0,0,0,0
278,의성,2020-01-05,-1.7,-8.8,0753,9.2,1519,,,,,,,2.9,50,1248,1.8,50,1740,0.5,390,360,-8.2,24,1611,65.5,3.3,1020.7,1033.2,0952,1028.5,0001,1031.1,9.8,8.1,,,,,,,,,3.3,0.1,-1.2,-14.3,,,,,,,,,,,,,,,2020,1,1,5,0,0,0,0
278,의성,2020-01-06,0.2,-5.5,0148,3.1,1423,,,,,,8.0,4.9,230,0518,1.3,270,1621,0.4,364,250,-2.6,60,1048,82.3,5.3,1017.6,1031.8,0130,1023.0,2357,1027.9,9.8,0.0,,,,,,,,,10.0,6.4,-0.6,-10.6,,,,,,,,,,,,,,,2020,1,2,6,0,0,0,1
278,의성,2020-01-07,4.9,1.8,0009,10.5,2218,,,,,,31.5,6.0,250,2213,3.1,250,2217,0.4,330,250,4.2,95,0018,95.8,8.3,1001.9,1023.1,0003,998.3,2347,1011.9,9.8,0.0,,,,,,,,,10.0,,3.5,1.1,,,,,,,,,,,,,,,2020,1,2,7,0,0,0,1
278,의성,2020-01-08,6.9,4.3,2348,11.3,0240,,,,,,0.5,12.7,290,0245,7.4,290,0708,3.4,2964,290,1.4,57,1411,69.0,6.8,1003.1,1021.2,2153,998.3,0156,1013.0,9.8,0.9,,,,,,,,,9.5,6.5,6.2,3.2,,,,,,,,,,,,,,,2020,1,2,8,0,0,0,1
278,의성,2020-01-09,0.6,-4.8,2348,6.7,1432,,,,,,,9.0,270,1243,5.0,270,0140,1.8,1550,290,-5.3,36,1416,67.0,4.1,1012.5,1025.1,2318,1020.6,1432,1022.8,9.8,7.9,,,,,,,,,1.9,0.3,2.1,-11.1,,,,,,,,,,,,,,,2020,1,2,9,0,0,0,0
278,의성,2020-01-10,-1.8,-7.3,0707,8.6,1512,,,,,,,3.6,250,1426,2.6,250,1607,0.6,519,290,-7.2,24,1533,70.4,3.6,1013.0,1026.4,0857,1020.7,1400,1023.4,9.9,8.4,,,,,,,,,2.9,0.0,0.7,-12.4,,,,,,,,,,,,,,,2020,1,2,10,0,0,0,0
278,의성,2020-01-11,-1.0,-7.2,0724,7.9,1435,,,,,,,5.8,270,1356,3.5,270,1359,0.8,725,270,-6.5,32,1532,70.3,3.7,1009.3,1022.5,0948,1016.7,1518,1019.7,9.9,8.4,,,,,,,,,3.0,0.9,0.4,-12.2,,,,,,,,,,,,,,,2020,1,2,11,0,0,0,0
278,의성,2020-01-12,-0.6,-4.7,0743,5.5,1513,,,,,,,9.3,320,1336,4.9,290,1427,1.5,1281,290,-7.1,34,1654,65.4,3.6,1007.1,1020.3,2343,1015.0,1320,1017.4,9.9,8.3,,,,,,,,,3.0,2.0,0.9,-11.1,,,,,,,,,,,,,,,2020,1,2,12,0,0,0,0
278,의성,2020-01-13,-0.9,-5.9,2247,5.0,1453,,,,,,,9.4,270,1354,5.5,270,1357,1.6,1340,320,-7.7,34,1603,62.3,3.5,1011.7,1025.4,2359,1019.6,0127,1022.0,9.9,7.6,,,,,,,,,4.3,3.8,0.2,-12.1,,,,,,,,,,,,,,,2020,1,3,13,0,0,0,0
278,의성,2020-01-14,-0.8,-6.4,2357,6.7,1513,,,,,,,7.1,320,1330,3.8,340,1338,1.1,924,250,-10.4,21,1329,51.5,2.8,1014.8,1027.3,2356,1022.3,1330,1025.2,9.9,8.1,,,,,,,,,2.5,2.4,0.3,-12.4,,,,,,,,,,,,,,,2020,1,3,14,0,0,0,0
278,의성,2020-01-15,-3.4,-9.8,0729,5.4,1429,,,,,,,6.8,270,1526,4.0,270,1530,1.1,965,20,-10.9,26,1509,61.3,2.7,1017.5,1029.7,0759,1025.6,1429,1028.0,10.0,8.6,,,,,,,,,0.0,0.0,-1.6,-15.1,,,,,,,,,,,,,,,2020,1,3,15,0,0,0,0
278,의성,2020-01-16,-3.3,-9.5,0501,7.2,1542,,,,,,,4.5,340,2315,2.0,230,1643,0.6,542,20,-10.8,21,1618,60.3,2.7,1015.9,1029.3,0657,1023.5,1652,1026.4,10.0,7.8,,,,,,,,,6.3,1.9,-1.0,-14.5,,,,,,,,,,,,,,,2020,1,3,16,0,0,0,0
278,의성,2020-01-17,-2.0,-7.2,0635,8.2,1508,,,,,,,3.3,230,1646,2.2,230,1655,0.6,487,360,-9.2,25,1424,61.6,3.1,1012.3,1025.4,0200,1019.9,1606,1022.7,10.0,4.8,,,,,,,,,6.3,1.3,-0.3,-11.4,,,,,,,,,,,,,,,2020,1,3,17,0,0,0,0
278,의성,2020-01-18,0.1,-6.0,2356,9.8,1546,,,,,,,6.2,70,1931,3.0,250,1557,0.7,647,270,-8.1,22,1642,57.3,3.4,1010.5,1021.9,0057,1018.4,1503,1020.8,10.0,5.8,,,,,,,,,4.0,1.8,1.4,-12.2,,,,,,,,,,,,,,,2020,1,3,18,0,0,0,0
278,의성,2020-01-19,0.3,-6.8,0116,8.2,1620,,,,,,,10.4,270,1520,5.9,290,1526,1.2,1007,270,-6.6,33,1606,61.8,3.8,1008.9,1021.4,0001,1016.1,1505,1019.2,10.0,3.6,,,,,,,,,6.1,2.8,-0.5,-12.4,,,,,,,,,,,,,,,2020,1,3,19,0,0,0,0
278,의성,2020-01-20,1.5,-4.2,0756,7.8,1351,,,,,,,10.7,270,1353,5.8,320,1539,1.7,1465,290,-6.6,26,1559,58.5,3.8,1011.7,1026.1,2358,1019.9,0503,1022.0,10.1,8.0,,,,,,,,,2.3,1.0,1.7,-10.1,,,,,,,,,,,,,,,2020,1,4,20,0,0,0,0
278,의성,2020-01-21,-1.7,-8.8,0748,8.3,1600,,,,,,,2.9,20,1203,1.8,110,0130,0.6,548,50,-11.9,11,1606,51.9,2.5,1019.6,1032.8,0916,1026.1,0001,1030.0,10.1,8.8,,,,,,,,,2.1,1.9,0.3,-14.7,,,,,,,,,,,,,,,2020,1,4,21,0,0,0,0
278,의성,2020-01-22,1.3,-2.7,0001,4.2,1316,,,,,,0.5,1.8,290,1322,1.1,270,0436,0.5,389,250,-5.5,38,1146,61.4,4.2,1015.6,1029.8,0012,1023.0,2332,1025.9,10.1,0.0,,,,,,,,,9.8,8.0,0.2,-5.3,,,,,,,,,,,,,,,2020,1,4,22,0,0,0,1
278,의성,2020-01-23,4.5,1.3,0348,7.8,1637,,,,,,6.5,2.9,290,0239,1.5,290,0243,0.5,415,180,3.1,82,1444,91.4,7.7,1013.3,1026.1,2354,1021.4,0627,1023.5,10.1,0.2,,,,,,,,,7.1,6.4,4.4,0.5,,,,,,,,,,,,,,,2020,1,4,23,0,0,0,1
278,의성,2020-01-24,4.9,1.4,0834,12.4,1538,,,,,,,3.4,250,1628,2.1,250,1630,0.7,632,230,1.7,43,1553,82.5,7.0,1019.7,1032.1,2109,1026.0,0001,1029.9,10.2,4.9,,,,,,,,,7.1,6.9,5.7,-3.8,,,,,,,,,,,,,,,2020,1,4,24,0,0,0,0
278,의성,2020-01-25,5.3,1.5,0748,10.3,1415,,,,,,,3.3,90,0310,1.7,90,0317,0.5,423,340,1.8,52,1507,80.1,7.0,1019.6,1032.1,0026,1027.6,1556,1029.8,10.2,1.1,,,,,,,,,8.8,4.6,5.0,-3.3,,,,,,,,,,,,,,,2020,1,4,25,0,0,0,0
278,의성,2020-01-26,5.6,-1.7,0750,13.0,1252,,,,,,0.1,9.2,50,1620,4.8,90,1449,1.8,1537,50,0.2,37,1327,71.5,6.2,1017.1,1029.3,0805,1025.1,2348,1027.2,10.2,4.7,,,,,,,,,8.5,6.3,4.0,-6.6,,,,,,,,,,,,,,,2020,1,4,26,0,0,0,1
278,의성,2020-01-27,6.5,5.4,2204,8.2,1059,,,,,,10.5,9.6,50,0957,5.1,50,1034,3.0,2627,50,2.9,59,0956,78.4,7.5,1009.0,1025.7,0032,1016.0,1620,1019.1,10.2,0.0,,,,,,,,,9.9,4.8,5.2,3.8,,,,,,,,,,,,,,,2020,1,5,27,0,0,0,1
278,의성,2020-01-28,6.1,1.5,0812,11.4,1441,,,,,,0.5,6.1,50,1503,3.7,70,1304,0.9,802,20,1.4,45,1455,74.6,6.8,1006.9,1018.3,2327,1015.6,1333,1016.9,10.3,0.6,,,,,,,,,7.4,5.5,5.7,-0.2,,,,,,,,,,,,,,,2020,1,5,28,0,0,0,1
278,의성,2020-01-29,5.9,2.2,0605,10.8,1435,,,,,,0.1,4.2,230,1609,2.6,230,1615,0.7,585,360,-0.1,37,1451,68.6,6.1,1005.4,1018.2,0001,1013.2,1508,1015.4,10.3,1.5,,,,,,,,,8.6,3.9,6.1,-0.2,,,,,,,,,,,,,,,2020,1,5,29,0,0,0,1
278,의성,2020-01-30,4.3,0.5,0756,9.6,1145,,,,,,0.5,5.5,70,1852,3.1,90,1643,0.9,814,90,-1.1,34,1152,71.3,5.7,1004.8,1017.6,2331,1013.2,1407,1014.8,10.3,2.5,,,,,,,,,7.6,4.9,4.5,-3.9,,,,,,,,,,,,,,,2020,1,5,30,0,0,0,1
278,의성,2020-01-31,2.4,-3.0,2352,7.8,1612,,,,,,0.2,4.0,250,1118,2.5,250,1201,0.7,611,20,-0.3,49,1634,83.9,6.0,1009.3,1022.3,2333,1017.3,0032,1019.5,10.4,,,,,,,,,,5.4,4.5,3.6,-8.5,,,,,,,,,,,,,,,2020,1,5,31,0,0,0,1
278,의성,2020-02-01,0.0,-6.0,0731,7.6,1500,,,,,,,10.2,340,1400,4.1,340,1409,1.0,896,250,-3.5,46,1627,79.6,4.7,1013.8,1025.6,0901,1022.1,1610,1024.2,10.4,3.7,,,,,,,,,3.6,,1.5,-11.2,,,,,,,,,,,,,,,2020,2,5,32,1,1,0,0
278,의성,2020-02-02,-0.1,-5.3,0557,8.3,1519,,,,,,,5.9,270,1306,3.3,250,1307,0.7,568,270,-4.7,34,1658,75.0,4.3,1014.5,1027.4,0811,1022.4,1655,1024.9,10.4,8.0,,,,,,,,,2.4,,1.9,-10.7,,,,,,,,,,,,,,,2020,2,5,33,1,1,0,0
278,의성,2020-02-03,-0.9,-6.3,2357,6.6,1517,,,,,,,8.5,290,1447,4.8,270,1406,1.5,1279,270,-7.8,25,1454,65.4,3.4,1015.3,1028.5,2342,1023.6,0517,1025.7,10.5,8.1,,,,,,,,,1.1,,0.6,-12.4,,,,,,,,,,,,,,,2020,2,6,34,1,1,0,0
278,의성,2020-02-04,-2.2,-10.1,0704,6.4,1554,,,,,,,6.6,250,1428,3.8,250,1429,0.9,813,250,-10.0,21,1637,60.8,2.9,1015.6,1029.8,0830,1022.5,1550,1026.0,10.5,9.1,,,,,,,,,1.0,1.0,-0.3,-15.4,,,,,,,,,,,,,,,2020,2,6,35,1,1,0,0
278,의성,2020-02-05,-3.1,-9.6,2358,2.3,0110,,,,,,,10.0,340,0220,5.7,290,0226,2.5,2168,290,-16.4,15,1429,38.3,1.8,1018.2,1033.3,2342,1023.2,0105,1028.7,10.5,9.1,,,,,,,,,0.0,0.0,0.2,-14.6,,,,,,,,,,,,,,,2020,2,6,36,1,1,0,0
278,의성,2020-02-06,-5.8,-13.8,0731,2.7,1521,,,,,,,3.9,230,1354,2.5,230,1402,0.7,606,270,-12.9,31,1432,61.3,2.3,1022.5,1035.7,1033,1030.9,1647,1033.1,10.6,8.0,,,,,,,,,2.4,0.0,-2.6,-16.8,,,,,,,,,,,,,,,2020,2,6,37,1,1,0,0
278,의성,2020-02-07,-2.8,-10.8,0717,6.1,1419,,,,,,,7.7,250,1459,4.2,250,1209,1.3,1154,270,-11.3,18,1206,59.8,2.6,1017.8,1031.9,0028,1025.0,1622,1028.2,10.6,8.3,,,,,,,,,3.0,0.0,-0.9,-14.6,,,,,,,,,,,,,,,2020,2,6,38,1,1,0,0
278,의성,2020-02-08,-0.4,-6.2,0103,6.6,1542,,,,,,,10.8,320,1454,5.6,320,1459,1.6,1365,320,-7.9,30,1518,60.8,3.4,1015.3,1028.4,2346,1022.7,1453,1025.7,10.6,8.1,,,,,,,,,1.3,1.1,1.4,-11.3,,,,,,,,,,,,,,,2020,2,6,39,1,1,0,0
278,의성,2020-02-09,-2.4,-9.7,0656,6.9,1514,,,,,,,7.2,320,1533,4.2,290,1536,1.1,972,270,-10.0,24,1556,61.8,2.9,1014.5,1028.9,0232,1021.5,1635,1024.9,10.7,9.0,,,,,,,,,0.8,0.0,0.2,-14.7,,,,,,,,,,,,,,,2020,2,6,40,1,1,0,0
278,의성,2020-02-10,1.4,-6.1,0056,11.4,1514,,,,,,,6.8,290,1144,3.2,270,1152,0.9,814,270,-6.9,23,1638,58.6,3.7,1013.3,1028.0,2356,1021.5,0449,1023.6,10.7,8.7,,,,,,,,,1.6,1.0,2.7,-10.5,,,,,,,,,,,,,,,2020,2,7,41,1,1,0,0
278,의성,2020-02-11,3.0,-6.9,0607,14.2,1532,,,,,,,4.2,270,1356,2.3,230,1644,0.6,531,250,-5.1,23,1515,59.9,4.2,1017.7,1030.6,0803,1025.6,1632,1027.9,10.7,8.2,,,,,,,,,3.8,1.3,3.3,-11.9,,,,,,,,,,,,,,,2020,2,7,42,1,1,0,0
278,의성,2020-02-12,5.2,2.0,0125,7.0,1602,,,,,,9.0,3.3,20,0903,1.8,20,1213,0.5,455,360,4.3,67,0001,94.1,8.4,1007.5,1025.8,0001,1012.7,1654,1017.6,10.8,0.0,,,,,,,,,7.5,7.3,4.5,-2.4,,,,,,,,,,,,,,,2020,2,7,43,1,0,0,1
278,의성,2020-02-13,7.2,0.2,2344,14.3,1526,,,,,,,6.6,250,1326,4.0,250,1345,1.0,890,250,4.6,51,1512,86.0,8.6,1008.1,1020.7,2255,1014.1,0044,1018.1,10.8,4.4,,,,,,,,,4.8,3.9,7.9,-4.9,,,,,,,,,,,,,,,2020,2,7,44,1,0,0,0
278,의성,2020-02-14,5.8,-0.2,0755,17.2,1606,,,,,,,2.9,90,1921,1.5,320,1257,0.4,348,360,1.4,29,1552,78.0,6.8,1010.3,1023.8,2220,1017.7,1449,1020.4,10.8,7.5,,,,,,,,,5.1,1.4,6.3,-5.5,,,,,,,,,,,,,,,2020,2,7,45,1,1,0,0
278,의성,2020-02-15,8.7,0.7,0758,16.8,1344,,,,,,1.1,3.8,180,1158,2.3,250,1236,0.5,412,230,4.6,47,1520,78.6,8.6,1008.6,1024.6,0832,1012.2,2357,1018.5,10.9,4.8,,,,,,,,,6.3,2.1,6.3,-3.4,,,,,,,,,,,,,,,2020,2,7,46,1,0,0,1
278,의성,2020-02-16,3.3,-1.0,2254,9.4,0001,,,,,,4.0,13.0,290,1503,7.1,290,1459,3.2,2765,290,-1.5,48,1608,71.3,5.9,1001.1,1014.8,2058,1007.4,0512,1011.1,10.9,1.1,,,,,,,,,9.3,8.1,4.7,-2.6,,,,,,,,,,,,,,,2020,2,7,47,1,1,0,1
278,의성,2020-02-17,-2.2,-4.7,2359,0.4,1400,,,,,,,11.7,320,1727,6.1,290,1351,3.2,2772,290,-9.1,42,1617,59.4,3.1,1006.0,1021.6,2400,1013.7,1435,1016.3,10.9,4.6,,,,,,,,,6.4,5.3,0.7,-6.2,,,,,,,,,,,,,,,2020,2,8,48,1,1,0,0
278,의성,2020-02-18,-3.1,-10.2,0708,4.8,1615,,,,,,,7.8,290,1407,4.5,320,1410,1.6,1408,290,-11.7,24,1523,56.4,2.5,1015.7,1029.3,2337,1021.6,0001,1026.1,11.0,9.7,,,,,,,,,0.6,0.3,0.4,-13.4,,,,,,,,,,,,,,,2020,2,8,49,1,1,0,0
278,의성,2020-02-19,0.1,-8.5,0653,10.1,1518,,,,,,,5.0,270,1619,3.0,250,1540,0.7,645,250,-6.8,30,1427,64.4,3.7,1019.1,1031.4,0908,1027.1,1442,1029.5,11.0,9.1,,,,,,,,,5.0,0.3,2.3,-12.9,,,,,,,,,,,,,,,2020,2,8,50,1,1,0,0
278,의성,2020-02-20,2.9,-4.2,0733,13.3,1519,,,,,,,4.2,290,1302,2.3,200,1516,0.6,523,20,-3.6,28,1522,66.5,4.7,1022.8,1035.3,2302,1030.4,0027,1033.0,11.0,9.3,,,,,,,,,2.3,0.0,4.1,-9.0,,,,,,,,,,,,,,,2020,2,8,51,1,1,0,0
278,의성,2020-02-21,6.1,-4.3,0731,15.6,1510,,,,,,0.0,7.3,250,2216,3.6,230,2222,0.8,693,200,-1.6,26,1525,63.3,5.6,1019.9,1036.1,0824,1022.6,2357,1030.0,11.1,6.0,,,,,,,,,6.9,2.9,5.4,-9.6,,,,,,,,,,,,,,,2020,2,8,52,1,1,0,0
278,의성,2020-02-22,6.9,1.1,2345,10.9,1541,,,,,,1.5,14.2,250,1205,8.2,270,1208,3.3,2878,270,-2.7,22,1542,54.9,5.4,1013.4,1027.9,2352,1019.9,0349,1023.4,11.1,7.7,,,,,,,,,3.6,3.1,6.6,-2.2,,,,,,,,,,,,,,,2020,2,8,53,1,0,0,1
278,의성,2020-02-23,2.2,-4.8,0637,9.9,1605,,,,,,,8.3,230,1404,4.5,230,1143,1.8,1518,250,-8.0,22,1624,50.9,3.4,1018.0,1031.2,0912,1025.5,1723,1028.3,11.1,9.7,,,,,,,,,0.0,0.0,4.1,-11.1,,,,,,,,,,,,,,,2020,2,8,54,1,1,0,0
278,의성,2020-02-24,5.1,-6.4,0631,15.9,1415,,,,,,,5.8,320,1325,3.2,290,1353,0.7,620,50,-8.0,10,1336,48.1,3.4,1014.0,1028.1,0157,1020.7,1721,1024.1,11.2,7.4,,,,,,,,,4.4,3.4,5.2,-10.8,,,,,,,,,,,,,,,2020,2,9,55,1,1,0,0
278,의성,2020-02-25,6.1,3.9,0206,7.8,1420,,,,,,38.7,5.8,50,1647,3.4,20,1526,0.9,768,20,5.4,50,0003,95.6,9.0,1007.8,1022.1,0141,1013.8,1415,1017.8,11.2,0.0,,,,,,,,,8.8,7.5,5.7,3.1,,,,,,,,,,,,,,,2020,2,9,56,1,0,0,1
278,의성,2020-02-26,7.9,5.4,2337,12.5,1452,,,,,,0.0,5.8,50,2046,3.0,50,2051,0.7,627,90,4.7,58,1453,81.8,8.5,1012.2,1025.5,2346,1019.3,0001,1022.3,11.3,1.1,,,,,,,,,7.9,7.3,9.1,3.5,,,,,,,,,,,,,,,2020,2,9,57,1,0,0,0
278,의성,2020-02-27,4.2,-1.6,2354,9.3,1644,,,,,,0.1,5.9,90,1019,3.1,50,0107,1.2,1020,50,-0.6,44,1642,73.5,5.9,1018.2,1030.2,0922,1025.5,0001,1028.4,11.3,2.4,,,,,,,,,6.6,6.0,6.0,-5.9,,,,,,,,,,,,,,,2020,2,9,58,1,1,0,1
278,의성,2020-02-28,2.8,-2.0,0216,7.8,1328,,,,,,0.4,3.1,250,1456,2.0,270,1502,0.5,436,340,1.1,60,1334,89.4,6.7,1013.5,1028.7,0001,1019.9,2318,1023.7,11.3,0.0,,,,,,,,,8.3,4.6,2.8,-7.0,,,,,,,,,,,,,,,2020,2,9,59,1,1,0,1
278,의성,2020-02-29,5.8,1.1,2357,12.6,1534,,,,,,,3.3,250,1704,2.1,250,1708,0.6,499,250,3.0,55,1537,84.8,7.6,1008.0,1020.2,0001,1015.6,1609,1018.0,11.4,4.3,,,,,,,,,3.3,1.4,7.8,-3.6,,,,,,,,,,,,,,,2020,2,9,60,1,0,0,0
278,의성,2020-03-01,7.6,-0.1,0359,15.3,1359,,,,,,,10.5,290,2331,5.6,290,2334,0.9,781,160,2.5,43,1354,73.8,7.4,1007.8,1020.5,0801,1014.6,1434,1017.8,11.4,3.1,,,,,,,,,7.9,6.8,8.0,-4.3,,,,,,,,,,,,,,,2020,3,9,61,1,1,0,0
278,의성,2020-03-02,5.3,-0.6,2345,10.8,1508,,,,,,,9.0,290,1018,5.0,270,1009,2.2,1900,270,-3.6,30,1539,55.6,4.8,1011.8,1026.3,2348,1018.0,0001,1021.9,11.5,9.6,,,,,,,,,3.4,1.3,8.2,-4.0,,,,,,,,,,,,,,,2020,3,10,62,1,1,0,0
278,의성,2020-03-03,5.7,-2.2,0249,13.6,1514,,,,,,,6.3,250,1338,3.9,250,1345,1.0,852,200,0.0,38,1422,69.9,6.2,1013.8,1027.9,0828,1021.0,1715,1023.9,11.5,5.4,,,,,,,,,6.5,3.3,6.3,-6.3,,,,,,,,,,,,,,,2020,3,10,63,1,1,0,0
278,의성,2020-03-04,5.1,0.4,2352,10.2,1522,,,,,,,12.6,250,1349,7.4,250,1352,3.3,2809,270,-5.0,22,1432,50.8,4.4,1010.0,1022.6,2304,1016.9,1515,1020.1,11.5,7.6,,,,,,,,,5.3,3.9,8.6,-1.7,,,,,,,,,,,,,,,2020,3,10,64,1,0,0,0
278,의성,2020-03-05,1.5,-4.7,0655,9.7,1559,,,,,,,7.3,320,1508,4.0,290,1514,1.6,1374,270,-8.4,20,1658,52.6,3.3,1013.7,1026.3,0746,1021.7,1556,1024.0,11.6,10.0,,,,,,,,,0.0,0.0,5.4,-10.0,,,,,,,,,,,,,,,2020,3,10,65,1,1,0,0
278,의성,2020-03-06,1.9,-8.6,0652,13.3,1556,,,,,,,5.6,250,1451,2.7,270,1434,0.9,741,360,-9.7,10,1442,52.3,3.0,1011.8,1025.3,0732,1018.4,1742,1022.1,11.6,10.3,,,,,,,,,2.6,0.1,5.6,-14.1,,,,,,,,,,,,,,,2020,3,10,66,1,1,0,0
278,의성,2020-03-07,4.3,-2.0,0611,10.2,1441,,,,,,0.3,3.8,270,1912,1.8,250,1921,0.6,496,340,-2.2,32,1231,65.6,5.4,1008.3,1020.9,0035,1015.9,1555,1018.4,11.6,0.0,,,,,,,,,8.6,5.0,4.5,-5.5,,,,,,,,,,,,,,,2020,3,10,67,1,1,0,1
278,의성,2020-03-08,6.6,-0.1,0629,17.5,1557,,,,,,,4.2,230,1838,2.4,230,1735,0.8,670,360,1.9,36,1558,77.4,7.0,1008.7,1022.1,0932,1015.9,1633,1018.7,11.7,7.2,,,,,,,,,3.0,2.4,10.0,-2.8,,,,,,,,,,,,,,,2020,3,10,68,1,1,0,0
278,의성,2020-03-09,7.6,-1.4,0634,15.0,1513,,,,,,0.6,3.2,250,1442,1.9,250,1445,0.6,477,20,3.5,50,1432,78.3,8.0,1004.3,1019.6,0151,1009.3,2359,1014.2,11.7,3.9,,,,,,,,,7.3,2.6,8.6,-7.0,,,,,,,,,,,,,,,2020,3,11,69,1,1,0,1
278,의성,2020-03-10,8.5,5.3,2359,10.7,1208,,,,,,8.0,9.6,320,2229,4.9,270,1601,1.6,1366,290,6.5,63,2329,87.9,9.8,995.6,1009.9,2357,1002.3,1410,1005.5,11.8,0.0,,,,,,,,,7.6,7.5,9.2,3.7,,,,,,,,,,,,,,,2020,3,11,70,1,0,0,1
278,의성,2020-03-11,4.4,-2.1,2400,10.8,1450,,,,,,,10.3,320,1640,5.8,290,1708,2.6,2239,290,-6.5,20,1648,49.6,3.8,1006.5,1022.6,2355,1009.9,0001,1016.5,11.8,10.1,,,,,,,,,0.0,0.0,5.0,-7.0,,,,,,,,,,,,,,,2020,3,11,71,1,1,0,0
278,의성,2020-03-12,4.7,-5.6,0646,16.2,1620,,,,,,,7.5,250,1522,3.8,250,1631,1.0,844,360,-5.5,16,1409,56.5,4.1,1011.4,1024.6,0718,1017.4,1702,1021.5,11.8,10.2,,,,,,,,,0.5,0.0,6.6,-10.7,,,,,,,,,,,,,,,2020,3,11,72,1,1,0,0
278,의성,2020-03-13,6.6,-0.9,0323,14.8,1437,,,,,,,8.1,270,1407,4.4,290,1450,1.6,1395,250,-5.3,21,1522,48.8,4.3,1009.5,1022.5,0857,1016.4,1703,1019.5,11.9,5.1,,,,,,,,,8.3,5.4,8.4,-5.1,,,,,,,,,,,,,,,2020,3,11,73,1,1,0,0
278,의성,2020-03-14,5.3,-2.4,0709,11.5,1510,,,,,,,11.2,320,1532,5.6,320,1538,2.3,1990,270,-8.8,15,1404,38.5,3.2,1004.5,1018.6,0052,1010.9,1732,1014.6,11.9,10.2,,,,,,,,,2.5,1.6,8.6,-7.6,,,,,,,,,,,,,,,2020,3,11,74,1,1,0,0
278,의성,2020-03-15,3.6,-3.7,0604,12.8,1231,,,,,,,14.9,270,1506,7.7,270,1200,3.0,2589,290,-6.3,22,1722,55.0,3.9,1000.5,1015.6,2400,1005.6,1427,1010.6,12.0,8.6,,,,,,,,,2.6,0.8,5.6,-9.5,,,,,,,,,,,,,,,2020,3,11,75,1,1,0,0
278,의성,2020-03-16,2.9,-5.8,0659,11.6,1636,,,,,,,7.1,320,1336,3.8,270,1543,1.2,1033,50,-6.9,18,1410,54.4,3.7,1010.5,1023.7,1007,1015.6,0001,1020.7,12.0,10.5,,,,,,,,,0.3,0.1,7.1,-11.6,,,,,,,,,,,,,,,2020,3,12,76,1,1,0,0
278,의성,2020-03-17,6.4,-4.3,0641,16.2,1558,,,,,,,11.0,290,1547,4.9,270,1549,1.5,1297,320,-1.0,39,1228,61.0,6.0,1005.6,1020.0,0129,1011.3,1548,1015.6,12.0,4.8,,,,,,,,,3.6,1.3,8.2,-8.7,,,,,,,,,,,,,,,2020,3,12,77,1,1,0,0
278,의성,2020-03-18,7.9,-1.8,0631,18.8,1658,,,,,,,5.9,230,1347,3.6,250,1134,1.0,824,250,-2.6,16,1351,58.1,5.1,1003.8,1017.6,0827,1010.1,1751,1013.7,12.1,9.8,,,,,,,,,0.0,0.0,11.1,-8.0,,,,,,,,,,,,,,,2020,3,12,78,1,1,0,0
278,의성,2020-03-19,7.9,-0.2,0636,19.0,1100,,,,,,,16.5,320,1556,9.4,270,1453,3.2,2757,270,-2.3,21,1430,53.5,5.4,996.3,1011.4,2338,1000.8,1121,1006.2,12.1,6.8,,,,,,,,,4.0,2.1,10.5,-4.0,,,,,,,,,,,,,,,2020,3,12,79,1,1,0,0
278,의성,2020-03-20,8.0,-1.8,0628,17.2,1551,,,,,,,9.4,250,1619,5.5,290,1624,2.1,1779,290,-4.8,16,1520,45.4,4.3,1003.3,1015.2,0819,1010.8,1638,1013.2,12.1,10.0,,,,,,,,,0.0,0.0,10.9,-6.6,,,,,,,,,,,,,,,2020,3,12,80,1,1,0,0
278,의성,2020-03-21,10.7,-1.6,0616,23.2,1531,,,,,,,7.1,180,1425,3.2,250,1539,0.9,752,230,1.0,27,1548,56.4,6.8,1001.3,1015.2,0831,1006.9,1824,1011.1,12.2,8.8,,,,,,,,,1.3,0.4,13.3,-5.6,,,,,,,,,,,,,,,2020,3,12,81,1,1,0,0
278,의성,2020-03-22,12.5,3.3,2356,21.3,1435,,,,,,,7.9,270,1504,4.6,290,1747,1.4,1198,290,2.2,18,1427,58.3,7.4,1002.0,1016.4,2400,1008.6,1609,1011.7,12.2,9.6,,,,,,,,,0.9,0.4,16.0,-1.7,,,,,,,,,,,,,,,2020,3,12,82,1,0,0,0
278,의성,2020-03-23,8.9,-1.7,0630,19.3,1457,,,,,,,9.6,320,1314,5.5,340,1343,1.5,1323,360,-1.6,19,1604,57.3,5.5,1006.7,1018.8,0720,1013.0,1608,1016.6,12.3,9.9,,,,,,,,,0.0,0.0,12.9,-7.1,,,,,,,,,,,,,,,2020,3,13,83,1,1,0,0
278,의성,2020-03-24,8.6,-0.5,0625,18.3,1603,,,,,,,6.5,140,1857,3.2,160,1856,0.9,739,340,-0.4,22,1620,60.5,6.0,1010.4,1022.6,2355,1017.6,1603,1020.3,12.3,9.7,,,,,,,,,0.3,0.0,13.8,-5.2,,,,,,,,,,,,,,,2020,3,13,84,1,1,0,0
278,의성,2020-03-25,10.4,-0.9,0638,21.8,1635,,,,,,,4.9,340,1315,2.6,250,1604,0.9,755,360,0.8,22,1556,57.9,6.5,1010.5,1023.6,0710,1016.8,1648,1020.4,12.3,9.5,,,,,,,,,2.1,0.3,14.9,-4.6,,,,,,,,,,,,,,,2020,3,13,85,1,1,0,0
278,의성,2020-03-26,12.5,5.2,0543,19.6,1242,,,,,,1.5,6.4,230,1315,3.5,230,1321,1.0,834,340,8.2,42,0948,77.9,11.3,1006.2,1020.1,0648,1011.3,2356,1016.0,12.4,3.0,,,,,,,,,9.0,5.3,13.5,2.3,,,,,,,,,,,,,,,2020,3,13,86,1,0,0,1
278,의성,2020-03-27,12.8,6.2,2400,17.5,1503,,,,,,6.7,9.0,320,1706,4.3,290,1628,0.9,796,270,10.9,62,2339,89.3,13.3,1001.9,1018.6,2359,1008.4,0524,1011.6,12.4,0.0,,,,,,,,,7.0,6.5,13.1,2.7,,,,,,,,,,,,,,,2020,3,13,87,1,0,0,1
278,의성,2020-03-28,6.1,0.2,0605,12.5,1529,,,,,,,4.0,160,1813,2.4,200,1746,0.7,603,250,1.7,48,1010,76.3,6.9,1009.9,1022.1,0816,1016.9,1610,1020.0,12.5,1.0,,,,,,,,,8.1,1.8,8.6,-3.3,,,,,,,,,,,,,,,2020,3,13,88,1,0,0,0
278,의성,2020-03-29,6.9,-1.3,0608,14.1,1437,,,,,,,5.8,160,1803,3.3,70,1000,1.1,934,90,1.8,42,1416,72.9,7.0,1011.8,1024.7,0705,1019.3,1439,1021.8,12.5,3.6,,,,,,,,,6.1,4.0,10.0,-5.7,,,,,,,,,,,,,,,2020,3,13,89,1,1,0,0
278,의성,2020-03-30,9.9,2.8,0503,18.5,1608,,,,,,,8.0,290,1341,2.6,290,1348,0.9,782,360,1.8,23,1737,63.9,7.0,1010.2,1022.7,0657,1016.7,1637,1020.1,12.5,10.3,,,,,,,,,2.6,2.1,14.8,0.5,,,,,,,,,,,,,,,2020,3,14,90,1,0,0,0
278,의성,2020-03-31,10.6,0.3,0615,21.0,1412,,,,,,,4.0,200,1318,2.1,270,1438,0.8,668,360,1.8,23,1653,61.9,7.0,1006.6,1021.3,0051,1012.1,1803,1016.5,12.6,9.8,,,,,,,,,3.8,0.0,15.3,-3.6,,,,,,,,,,,,,,,2020,3,14,91,1,0,0,0
278,의성,2020-04-01,11.7,4.7,2311,19.8,1549,,,,,,,9.4,340,2018,5.2,340,2020,1.4,1207,250,0.4,21,1528,51.1,6.5,1002.8,1018.5,2338,1008.7,1639,1012.5,12.6,4.4,,,,,,,,,5.6,3.6,15.0,-0.1,,,,,,,,,,,,,,,2020,4,14,92,1,0,0,0
278,의성,2020-04-02,8.6,-1.2,0605,18.9,1543,,,,,,,6.7,200,1615,3.5,250,1309,1.3,1110,270,-2.7,15,1346,53.1,5.1,1010.7,1023.4,0833,1017.8,0001,1020.7,12.6,9.6,,,,,,,,,2.3,1.0,13.5,-5.6,,,,,,,,,,,,,,,2020,4,14,93,1,1,0,0
278,의성,2020-04-03,9.6,0.0,0641,20.2,1509,,,,,,,11.2,200,1328,4.9,250,1614,1.5,1292,270,-4.9,11,1329,43.6,4.3,1009.7,1023.1,0729,1015.3,1619,1019.6,12.7,10.4,,,,,,,,,0.1,0.1,14.4,-4.3,,,,,,,,,,,,,,,2020,4,14,94,1,0,0,0
278,의성,2020-04-04,8.3,-1.2,0538,17.7,1547,,,,,,,10.1,320,1516,5.2,290,1452,2.0,1738,290,-1.9,22,1925,52.5,5.4,1007.7,1021.3,2357,1013.9,1707,1017.6,12.7,10.1,,,,,,,,,1.6,0.1,13.9,-5.5,,,,,,,,,,,,,,,2020,4,14,95,1,1,0,0
278,의성,2020-04-05,6.1,-3.0,0553,16.5,1607,,,,,,,9.8,290,1445,4.1,290,1513,1.4,1193,250,-8.3,11,1515,45.0,3.4,1011.0,1023.2,0727,1017.5,1644,1021.0,12.8,10.6,,,,,,,,,0.0,0.0,13.1,-6.8,,,,,,,,,,,,,,,2020,4,14,96,1,1,0,0
278,의성,2020-04-06,8.0,-4.3,0602,18.7,1552,,,,,,,7.1,250,1559,3.9,250,1408,1.2,1077,250,-6.1,12,1335,41.9,3.9,1009.3,1023.4,0654,1014.8,1709,1019.3,12.8,9.4,,,,,,,,,3.5,1.1,14.2,-8.6,,,,,,,,,,,,,,,2020,4,15,97,1,1,0,0
278,의성,2020-04-07,12.3,0.9,0625,20.7,1500,,,,,,,8.6,290,1502,5.1,250,1628,2.0,1711,270,-0.5,27,1035,44.0,6.0,1004.5,1017.9,0001,1011.1,1647,1014.3,12.8,10.2,,,,,,,,,1.3,0.0,15.7,-3.7,,,,,,,,,,,,,,,2020,4,15,98,1,0,0,0
278,의성,2020-04-08,9.9,1.3,2352,18.5,1551,,,,,,,11.2,270,1435,5.6,290,1416,2.4,2096,270,-6.3,11,1341,40.4,4.1,1006.7,1021.2,2328,1013.9,0003,1016.6,12.9,10.8,,,,,,,,,0.0,0.0,15.7,-4.0,,,,,,,,,,,,,,,2020,4,15,99,1,0,0,0
278,의성,2020-04-09,8.2,-2.5,0540,17.6,1531,,,,,,,8.4,320,1311,4.3,250,1207,1.5,1316,70,-2.4,20,1405,55.0,5.2,1011.4,1025.6,2400,1018.2,1528,1021.3,12.9,9.5,,,,,,,,,2.1,0.4,14.6,-7.2,,,,,,,,,,,,,,,2020,4,15,100,1,1,0,0
278,의성,2020-04-10,10.0,5.4,0108,16.2,1433,,,,,,,6.2,230,1414,3.2,230,1442,1.0,827,200,1.0,33,1410,56.6,6.6,1014.5,1026.7,0757,1021.8,1650,1024.5,12.9,4.2,,,,,,,,,7.4,4.9,17.4,2.2,,,,,,,,,,,,,,,2020,4,15,101,1,0,0,0
278,의성,2020-04-11,9.4,1.2,0558,15.3,1423,,,,,,,5.1,250,1159,2.5,230,1200,0.9,774,360,0.9,34,1734,59.0,6.6,1008.8,1024.3,0001,1015.0,1801,1018.7,13.0,2.7,,,,,,,,,8.8,4.4,14.1,-2.0,,,,,,,,,,,,,,,2020,4,15,102,1,0,0,0
278,의성,2020-04-12,7.3,1.3,0555,15.1,1102,0.6,1920,0.8,1903,,0.8,12.7,50,1331,6.8,70,1339,1.9,1679,70,3.3,43,1116,77.9,7.7,1003.2,1015.4,0001,1011.3,1524,1013.1,13.0,4.5,,,,,,,,,6.5,3.9,12.2,-3.1,,,,,,,,,,,,,,,2020,4,15,103,1,0,0,1
278,의성,2020-04-13,7.9,1.3,2340,17.4,1522,,,,,,,13.1,20,1615,6.5,50,1619,1.9,1614,360,-2.1,17,1553,56.6,5.4,1002.6,1016.4,2339,1010.1,1459,1012.5,13.1,6.8,,,,,,,,,4.6,3.0,11.8,-5.1,,,,,,,,,,,,,,,2020,4,16,104,1,0,0,0
278,의성,2020-04-14,10.4,-2.8,0538,23.3,1505,,,,,,,9.4,250,1414,5.4,250,1420,1.6,1341,270,-4.5,10,1606,44.6,4.5,1005.5,1018.3,0734,1012.0,1658,1015.3,13.1,11.1,,,,,,,,,0.5,0.0,15.4,-6.9,,,,,,,,,,,,,,,2020,4,16,105,1,1,0,0
278,의성,2020-04-15,11.4,0.1,0555,22.5,1504,,,,,,,6.1,110,1755,2.6,160,1756,0.7,644,20,-1.5,15,1705,48.5,5.6,1004.1,1016.2,2355,1010.4,1559,1013.9,13.1,7.2,,,,,,,,,6.6,0.6,16.7,-4.2,,,,,,,,,,,,,,,2020,4,16,106,1,0,0,0
278,의성,2020-04-16,11.9,3.3,0613,21.4,1513,,,,,,,7.0,200,1639,3.3,110,1759,1.2,1060,160,3.8,33,1421,62.0,8.0,1008.7,1020.7,2154,1016.1,1536,1018.6,13.2,10.5,,,,,,,,,2.9,0.0,18.6,-1.6,,,,,,,,,,,,,,,2020,4,16,107,1,0,0,0
278,의성,2020-04-17,10.9,6.7,0606,17.2,1425,4.4,1910,7.0,1900,,15.2,7.8,180,1314,3.5,200,1315,1.1,986,70,8.3,62,1426,85.1,11.1,1004.1,1020.1,0001,1009.6,1836,1013.9,13.2,1.8,,,,,,,,,8.3,6.1,13.1,1.8,,,,,,,,,,,,,,,2020,4,16,108,1,0,0,1
278,의성,2020-04-18,12.3,6.2,2355,19.7,1543,1.7,518,2.4,451,,2.4,7.3,290,0942,4.0,290,0913,1.3,1139,20,7.5,41,1546,76.1,10.4,1005.1,1019.3,2349,1009.9,0209,1014.9,13.2,4.3,,,,,,,,,5.4,2.8,14.5,2.2,,,,,,,,,,,,,,,2020,4,16,109,1,0,0,1
278,의성,2020-04-19,10.1,5.4,0426,15.7,1228,1.5,2002,5.4,1957,,16.7,7.4,90,1042,4.2,90,1045,1.4,1209,20,7.3,56,1229,85.0,10.3,1004.7,1019.9,0838,1007.4,2353,1014.6,13.3,0.0,,,,,,,,,9.3,6.3,11.2,2.2,,,,,,,,,,,,,,,2020,4,16,110,1,0,0,1
278,의성,2020-04-20,12.2,9.0,0343,18.3,1458,0.1,,0.1,,,0.1,9.9,270,1945,5.2,290,1517,2.2,1936,270,6.9,49,1515,72.8,10.0,999.9,1012.7,2359,1007.4,0001,1009.6,13.3,1.6,,,,,,,,,9.4,7.0,14.0,7.5,,,,,,,,,,,,,,,2020,4,17,111,1,0,0,1
278,의성,2020-04-21,9.7,5.2,2351,15.9,1224,,,,,,,16.0,320,1416,7.8,320,1749,3.5,3030,270,-3.1,14,1650,45.4,5.2,1003.0,1016.4,2334,1009.2,1623,1012.8,13.3,10.1,,,,,,,,,5.0,2.3,13.8,3.1,,,,,,,,,,,,,,,2020,4,17,112,1,0,0,0
278,의성,2020-04-22,6.7,-0.8,0425,12.2,1339,,,,,,,12.8,320,1118,6.9,320,1152,3.3,2879,290,-4.6,27,1231,46.4,4.4,1004.8,1017.0,2213,1012.5,1506,1014.8,13.4,6.3,,,,,,,,,5.4,4.1,10.4,-4.3,,,,,,,,,,,,,,,2020,4,17,113,1,1,0,0
278,의성,2020-04-23,8.8,0.1,0544,15.5,1603,,,,,,,13.0,320,1514,7.2,290,1523,3.3,2860,290,-4.0,21,1511,43.6,4.6,1004.7,1016.6,0002,1011.7,1547,1014.6,13.4,9.1,,,,,,,,,2.6,1.4,13.7,-4.4,,,,,,,,,,,,,,,2020,4,17,114,1,0,0,0
278,의성,2020-04-24,8.4,-1.0,0558,17.6,1525,,,,,,,14.0,250,1553,7.7,250,1636,2.4,2115,250,-4.7,15,1503,47.3,4.4,1004.2,1016.2,0415,1010.9,1544,1014.1,13.5,11.6,,,,,,,,,0.0,0.0,14.6,-5.2,,,,,,,,,,,,,,,2020,4,17,115,1,1,0,0
278,의성,2020-04-25,13.6,-0.2,0520,24.8,1552,,,,,,,12.1,200,1207,6.9,230,1208,2.8,2414,290,1.5,19,1615,49.1,7.0,999.8,1014.6,0033,1003.9,1622,1009.5,13.5,10.4,,,,,,,,,1.7,0.3,17.9,-3.7,,,,,,,,,,,,,,,2020,4,17,116,1,1,0,0
278,의성,2020-04-26,12.5,4.8,0541,19.2,1442,,,,,,,12.2,160,1317,4.6,270,1131,1.6,1413,270,1.3,20,1556,53.9,6.9,1006.3,1020.0,2317,1012.4,0001,1016.1,13.5,10.4,,,,,,,,,2.0,1.1,18.8,-1.2,,,,,,,,,,,,,,,2020,4,17,117,1,0,0,0
278,의성,2020-04-27,11.1,1.1,0549,20.8,1135,,,,,,,9.3,320,1339,4.7,290,1450,1.5,1339,360,1.2,22,1428,57.9,6.7,1009.2,1020.7,0751,1016.4,1552,1019.0,13.6,8.8,,,,,,,,,3.8,3.3,17.6,-10.4,,,,,,,,,,,,,,,2020,4,18,118,1,0,0,0
278,의성,2020-04-28,12.7,1.4,0545,21.8,1515,,,,,,,9.6,270,1328,5.6,270,1329,1.8,1589,270,0.1,17,1549,50.6,6.2,1009.3,1022.6,0744,1015.7,1709,1019.1,13.6,12.0,,,,,,,,,0.0,0.0,18.9,-3.0,,,,,,,,,,,,,,,2020,4,18,119,1,0,0,0
278,의성,2020-04-29,14.5,3.6,0550,25.2,1609,,,,,,,6.2,230,1338,3.5,250,1338,1.0,906,290,2.7,19,1331,52.1,7.5,1008.5,1021.5,0658,1015.0,1734,1018.2,13.6,11.4,,,,,,,,,0.1,0.0,21.0,-0.7,,,,,,,,,,,,,,,2020,4,18,120,1,0,1,0
278,의성,2020-04-30,15.7,3.4,0544,26.8,1613,,,,,,,6.7,250,1510,3.9,230,1422,1.1,984,230,5.8,26,1530,58.9,9.4,1005.4,1019.4,0606,1010.2,1803,1015.0,13.7,11.0,,,,,,,,,0.6,0.0,21.9,-1.0,,,,,,,,,,,,,,,2020,4,18,121,1,0,1,0
278,의성,2020-05-01,20.5,9.4,0546,31.7,1633,,,,,,,7.4,250,1646,4.3,250,1651,1.4,1196,230,13.6,30,1639,69.5,15.7,1002.5,1015.0,0754,1008.2,1633,1012.0,13.7,11.1,,,,,,,,,0.0,0.0,25.6,4.8,,,,,,,,,,,,,,,2020,5,18,122,1,0,1,0
278,의성,2020-05-02,21.4,13.4,0319,28.1,1332,,,,,,,5.8,270,1325,3.3,320,1421,0.9,774,230,14.1,39,1415,66.6,16.1,1000.9,1013.2,0645,1007.4,1802,1010.3,13.7,3.5,,,,,,,,,7.9,3.5,24.7,8.9,,,,,,,,,,,,,,,2020,5,18,123,1,0,1,0
278,의성,2020-05-03,18.6,15.7,0608,20.9,0942,0.9,1200,3.1,1153,,3.5,4.4,200,0046,2.3,230,0202,0.7,623,230,15.4,58,0051,82.6,17.6,997.1,1008.7,0758,1004.3,1709,1006.5,13.8,0.0,,,,,,,,,9.1,8.3,20.3,12.9,,,,,,,,,,,,,,,2020,5,18,124,1,0,0,1
278,의성,2020-05-04,21.1,14.8,2356,29.3,1550,,,,,,,7.1,270,1343,3.8,290,1221,1.5,1333,270,15.0,39,1650,71.8,17.1,997.4,1011.6,2353,1004.3,1316,1006.8,13.8,7.3,,,,,,,,,5.9,3.8,24.4,12.7,,,,,,,,,,,,,,,2020,5,19,125,1,0,1,0
278,의성,2020-05-05,16.3,13.4,0617,21.8,1233,0.5,1426,0.5,1336,,1.3,7.2,290,1250,4.4,270,1255,0.8,661,50,12.6,49,1235,80.9,14.7,1001.8,1013.2,1253,1009.6,1856,1011.4,13.8,0.7,,,,,,,,,8.4,6.4,19.0,11.1,,,,,,,,,,,,,,,2020,5,19,126,1,0,0,1
278,의성,2020-05-06,17.0,9.6,2351,28.0,1432,,,,,,,8.9,140,1505,4.7,90,1729,1.4,1208,70,9.9,27,1439,68.6,12.4,1004.3,1018.3,2259,1010.3,1449,1013.8,13.8,9.6,,,,,,,,,3.0,2.1,24.3,6.1,,,,,,,,,,,,,,,2020,5,19,127,1,0,1,0
278,의성,2020-05-07,14.3,5.2,0537,24.2,1341,,,,,,,9.5,90,1250,5.1,70,1225,1.4,1188,90,2.6,17,1450,54.3,7.5,1009.3,1021.2,0633,1016.8,1516,1019.0,13.9,11.3,,,,,,,,,4.5,0.3,22.3,0.8,,,,,,,,,,,,,,,2020,5,19,128,1,0,0,0
278,의성,2020-05-08,16.4,3.7,0424,25.5,1328,0.4,2331,1.6,2300,,1.6,9.5,270,1431,4.6,250,1436,1.4,1185,200,7.2,28,1343,60.0,10.6,1005.7,1020.0,0001,1011.6,1534,1015.3,13.9,9.9,,,,,,,,,6.8,3.9,24.0,-1.7,,,,,,,,,,,,,,,2020,5,19,129,1,0,1,1
278,의성,2020-05-09,16.6,14.8,0250,18.3,1458,1.4,953,4.3,53,,22.2,3.7,250,1538,1.5,250,1542,0.4,382,360,15.6,84,1501,94.5,17.8,996.5,1014.3,0001,1001.9,1923,1006.0,13.9,0.0,,,,,,,,,9.3,8.6,17.2,14.4,,,,,,,,,,,,,,,2020,5,19,130,1,0,0,1
278,의성,2020-05-10,15.8,10.8,2355,20.8,1316,,,,,,,7.8,250,1340,5.0,250,1347,1.8,1526,270,12.6,65,1320,82.9,14.7,996.4,1009.8,2358,1002.5,0020,1005.9,14.0,2.5,,,,,,,,,6.5,5.5,17.9,5.9,,,,,,,,,,,,,,,2020,5,19,131,1,0,0,0
278,의성,2020-05-11,17.8,8.2,0516,26.4,1440,,,,,,,11.3,290,1612,5.5,320,1313,1.7,1508,270,8.5,27,1342,62.1,11.2,997.2,1010.1,0243,1003.9,1750,1006.7,14.0,11.4,,,,,,,,,3.0,2.3,22.3,4.2,,,,,,,,,,,,,,,2020,5,20,132,1,0,1,0
278,의성,2020-05-12,17.4,9.9,0529,25.2,1451,,,,,,,12.0,320,1559,6.4,290,1548,2.6,2243,270,6.9,30,1330,54.3,10.0,994.3,1009.3,2358,999.6,1514,1003.7,14.0,12.3,,,,,,,,,0.5,0.4,22.8,6.3,,,,,,,,,,,,,,,2020,5,20,133,1,0,1,0
278,의성,2020-05-13,15.4,5.7,0529,24.2,1523,,,,,,,11.3,270,1200,6.0,270,1232,2.1,1836,270,4.4,23,1149,54.9,8.4,1005.1,1018.4,2357,1009.3,0001,1014.7,14.1,13.1,,,,,,,,,0.5,0.0,22.8,0.6,,,,,,,,,,,,,,,2020,5,20,134,1,0,0,0
278,의성,2020-05-14,17.0,5.4,0528,27.1,1606,,,,,,,4.0,250,1443,2.7,250,1722,0.7,583,270,5.8,20,1237,55.0,9.5,1006.5,1019.6,0622,1013.0,1650,1016.1,14.1,6.6,,,,,,,,,6.4,3.6,22.1,1.5,,,,,,,,,,,,,,,2020,5,20,135,1,0,1,0
278,의성,2020-05-15,14.8,13.9,2132,16.5,1023,1.3,923,4.6,900,,14.5,3.5,90,1004,2.0,50,1046,0.5,464,50,13.2,71,0010,90.6,15.3,1000.7,1014.4,0058,1008.2,2400,1010.3,14.1,0.0,,,,,,,,,9.5,7.3,16.3,12.6,,,,,,,,,,,,,,,2020,5,20,136,1,0,0,1
278,의성,2020-05-16,18.4,14.0,0158,25.2,1410,,,,,,,4.6,250,1248,2.5,250,1306,0.8,653,50,15.2,54,1406,83.8,17.3,996.2,1008.3,0008,1003.0,1556,1005.7,14.1,4.0,,,,,,,,,7.4,5.1,20.2,11.8,,,,,,,,,,,,,,,2020,5,20,137,1,0,1,0
278,의성,2020-05-17,21.1,15.1,0141,28.5,1716,0.0,,0.0,,,0.0,4.0,180,1149,2.3,290,1350,0.8,650,250,16.5,48,1651,78.1,18.8,994.9,1007.3,0734,1001.6,1632,1004.3,14.2,8.1,,,,,,,,,6.0,3.1,25.2,11.8,,,,,,,,,,,,,,,2020,5,20,138,1,0,1,0
278,의성,2020-05-18,19.9,16.0,0248,24.9,1323,2.8,2335,5.2,2310,,7.3,7.2,200,1649,3.1,160,1632,1.2,1001,110,15.5,54,1324,77.6,17.6,990.5,1003.9,0603,995.8,2237,999.8,14.2,4.2,,,,,,,,,8.1,5.3,24.8,12.4,,,,,,,,,,,,,,,2020,5,21,139,1,0,0,1
278,의성,2020-05-19,13.6,9.2,2337,17.6,1646,1.1,4,2.2,1,,4.5,8.8,290,0013,4.8,270,1456,1.5,1329,290,10.6,62,1648,83.5,12.9,989.3,1005.8,2333,995.8,1237,998.8,14.2,3.8,,,,,,,,,5.3,4.6,17.2,5.9,,,,,,,,,,,,,,,2020,5,21,140,1,0,0,1
278,의성,2020-05-20,12.6,5.0,0514,19.2,1655,,,,,,,4.5,90,1329,2.1,70,1816,0.9,791,360,7.8,47,1307,75.6,10.6,1000.7,1014.2,2332,1005.7,0001,1010.4,14.2,6.1,,,,,,,,,4.8,3.4,16.9,1.7,,,,,,,,,,,,,,,2020,5,21,141,1,0,0,0
278,의성,2020-05-21,15.0,6.3,0459,23.1,1616,,,,,,0.0,6.0,140,1828,2.7,270,1211,1.0,889,360,9.1,42,1737,71.5,11.5,1005.1,1016.8,2300,1012.5,1622,1014.8,14.3,10.0,,,,,,,,,5.4,3.3,20.6,2.8,,,,,,,,,,,,,,,2020,5,21,142,1,0,0,0
278,의성,2020-05-22,17.7,13.2,0001,23.9,1456,,,,,,,6.2,230,1521,3.8,250,1533,1.0,898,50,11.3,45,1515,67.8,13.4,1004.1,1016.9,0041,1011.3,1833,1013.6,14.3,5.9,,,,,,,,,7.3,4.9,24.6,9.4,,,,,,,,,,,,,,,2020,5,21,143,1,0,0,0
278,의성,2020-05-23,17.8,8.8,0504,27.2,1625,,,,,,,5.3,270,1143,2.5,270,1526,1.1,909,360,10.7,34,1435,68.5,12.9,1001.8,1014.3,0624,1007.8,1703,1011.4,14.3,12.7,,,,,,,,,1.5,0.3,26.0,5.4,,,,,,,,,,,,,,,2020,5,21,144,1,0,1,0
278,의성,2020-05-24,18.4,12.8,0145,25.8,1514,0.0,,0.0,,,0.0,9.5,250,1432,4.9,270,1438,1.3,1151,270,13.5,44,1532,76.4,15.6,999.4,1011.0,2330,1006.9,1541,1008.8,14.3,9.1,,,,,,,,,7.8,3.3,24.1,10.1,,,,,,,,,,,,,,,2020,5,21,145,1,0,1,0
278,의성,2020-05-25,17.6,11.3,0456,24.3,1516,,,,,,,4.6,230,1433,2.5,290,1540,0.8,727,230,12.9,47,1517,76.6,14.9,1000.9,1011.8,0557,1008.4,1832,1010.4,14.4,1.9,,,,,,,,,9.6,1.4,23.2,7.8,,,,,,,,,,,,,,,2020,5,22,146,1,0,0,0
278,의성,2020-05-26,19.7,12.0,0512,27.4,1619,,,,,,,7.1,290,2251,3.8,290,2400,1.3,1143,230,12.0,36,1508,65.6,14.1,997.9,1010.5,0001,1004.0,1725,1007.3,14.4,6.9,,,,,,,,,6.3,2.0,26.6,9.6,,,,,,,,,,,,,,,2020,5,22,147,1,0,1,0
278,의성,2020-05-27,18.9,12.8,2354,26.4,1539,,,,,,,6.6,290,0040,3.7,290,0002,1.5,1276,270,9.8,24,1641,59.5,12.2,997.9,1008.8,0747,1005.5,1713,1007.4,14.4,11.9,,,,,,,,,5.1,0.8,27.9,7.8,,,,,,,,,,,,,,,2020,5,22,148,1,0,1,0
278,의성,2020-05-28,18.4,8.7,0517,27.3,1534,,,,,,,6.8,250,1236,4.1,250,1240,1.1,941,360,8.0,21,1301,56.5,10.7,998.9,1011.1,2335,,1405,1008.4,14.4,11.4,,,,,,,,,2.8,2.0,28.2,4.0,,,,,,,,,,,,,,,2020,5,22,149,1,0,1,0
278,의성,2020-05-29,18.5,8.7,0533,28.0,1443,,,,,,,5.9,90,1819,3.4,70,1827,1.1,916,360,9.6,29,1659,60.8,12.0,1004.7,1017.6,2258,1011.1,0001,1014.3,14.4,11.1,,,,,,,,,3.0,1.1,25.7,4.9,,,,,,,,,,,,,,,2020,5,22,150,1,0,1,0
278,의성,2020-05-30,19.9,9.9,0514,29.1,1353,,,,,,,9.0,160,1408,2.6,290,1346,0.9,805,360,9.9,26,1318,57.8,12.2,1006.8,1019.4,0701,1013.5,1644,1016.3,14.4,10.0,,,,,,,,,6.0,0.5,27.6,6.0,,,,,,,,,,,,,,,2020,5,22,151,1,0,1,0
278,의성,2020-05-31,20.8,10.9,0519,29.2,1337,,,,,,,5.8,250,1559,3.0,230,1607,1.0,847,20,12.5,31,1339,63.5,14.7,1001.3,1015.7,0016,1006.9,1727,1010.7,14.5,6.9,,,,,,,,,5.8,3.5,28.2,6.6,,,,,,,,,,,,,,,2020,5,22,152,1,0,1,0
278,의성,2020-06-01,21.3,12.2,2357,27.7,1454,,,,,,,9.8,340,1015,5.6,320,1005,2.6,2227,290,10.3,24,1707,53.5,13.0,998.8,1009.9,2318,1006.0,1733,1008.2,14.5,10.7,,,,,,,,,4.1,1.9,30.5,6.7,,,,,,,,,,,,,,,2020,6,23,153,0,0,1,0
278,의성,2020-06-02,19.7,10.2,0532,28.0,1228,,,,,,,5.7,340,1428,3.5,320,1429,0.9,813,340,8.0,24,1038,51.0,10.8,997.6,1010.5,0740,1003.4,1726,1007.0,14.5,7.2,,,,,,,,,7.5,5.0,24.8,5.8,,,,,,,,,,,,,,,2020,6,23,154,0,0,1,0
278,의성,2020-06-03,21.8,13.9,0450,29.6,1610,,,,,,,5.6,250,1205,3.1,250,1209,1.1,916,250,14.1,38,1632,64.4,16.2,993.6,1005.3,0001,999.9,1737,1002.9,14.5,8.1,,,,,,,,,5.4,2.1,29.9,10.8,,,,,,,,,,,,,,,2020,6,23,155,0,0,1,0
278,의성,2020-06-04,24.9,16.3,0538,33.4,1522,,,,,,,7.6,250,1357,4.1,230,1408,1.4,1218,250,15.1,29,1500,60.0,17.3,993.3,1004.9,2349,1000.2,1708,1002.5,14.5,12.1,,,,,,,,,1.4,0.3,32.6,11.9,,,,,,,,,,,,,,,2020,6,23,156,0,0,1,0
278,의성,2020-06-05,25.4,18.5,0119,32.8,1529,,,,,,,6.2,250,1138,3.9,250,1228,1.3,1113,270,16.8,37,1349,61.0,19.1,996.4,1008.3,2317,1003.5,1650,1005.6,14.5,8.0,,,,,,,,,6.5,3.1,32.7,14.4,,,,,,,,,,,,,,,2020,6,23,157,0,0,1,0
278,의성,2020-06-06,21.6,14.6,2354,30.1,1509,,,,,,,6.6,250,1702,3.4,180,1717,1.2,1031,360,12.8,33,1822,60.3,14.9,999.6,1011.7,2337,1006.4,1512,1009.0,14.6,8.6,,,,,,,,,5.8,1.8,29.8,10.6,,,,,,,,,,,,,,,2020,6,23,158,0,0,1,0
278,의성,2020-06-07,22.2,11.5,0455,31.6,1452,,,,,,,5.0,270,1617,2.9,270,1624,1.0,853,340,11.3,30,1104,53.9,13.5,1001.8,1013.5,0634,1008.3,1607,1011.1,14.6,11.3,,,,,,,,,2.4,0.8,32.0,8.2,,,,,,,,,,,,,,,2020,6,23,159,0,0,1,0
278,의성,2020-06-08,24.7,14.7,0520,34.6,1522,,,,,,,5.2,230,1419,2.6,290,1655,1.0,874,340,14.6,27,1503,57.9,16.8,1003.9,1014.9,0655,1011.0,1511,1013.2,14.6,12.8,,,,,,,,,0.1,0.1,34.1,11.6,,,,,,,,,,,,,,,2020,6,24,160,0,0,1,0
278,의성,2020-06-09,26.3,16.6,0505,35.9,1440,,,,,,,5.5,250,1631,3.7,250,1636,1.1,918,230,15.7,27,1512,57.3,17.9,1003.5,1015.4,0630,1009.8,1714,1012.8,14.6,12.8,,,,,,,,,1.8,0.1,35.4,13.0,,,,,,,,,,,,,,,2020,6,24,161,0,0,1,0
278,의성,2020-06-10,26.9,17.8,0518,35.3,1443,0.9,2336,2.0,2251,,2.2,6.5,340,1224,3.9,250,1532,1.1,953,200,17.5,34,1348,60.8,20.0,998.5,1012.7,0007,1003.0,1743,1007.7,14.6,10.3,,,,,,,,,6.5,2.0,35.4,14.2,,,,,,,,,,,,,,,2020,6,24,162,0,0,1,1
278,의성,2020-06-11,24.9,19.9,0549,31.6,1610,5.4,141,14.8,126,,31.5,6.5,50,0144,3.2,50,0146,1.1,991,20,20.7,51,1611,80.0,24.4,993.2,1005.9,0005,999.8,1613,1002.4,14.6,8.6,,,,,,,,,5.8,3.8,28.3,19.6,,,,,,,,,,,,,,,2020,6,24,163,0,0,1,1
278,의성,2020-06-12,23.8,19.5,2350,28.8,1034,1.2,2342,4.3,2301,,9.9,5.1,90,2113,2.5,180,2132,0.7,640,50,21.8,67,1035,89.5,26.2,995.0,1006.1,2309,1003.1,1511,1004.3,14.6,2.1,,,,,,,,,8.9,4.1,25.8,18.8,,,,,,,,,,,,,,,2020,6,24,164,0,0,1,1
278,의성,2020-06-13,24.4,19.3,0521,30.4,1525,0.4,19,1.9,2,,6.2,5.2,230,1731,2.8,230,1733,0.8,686,200,20.3,52,1609,80.0,23.9,995.0,1006.1,0840,1002.3,1652,1004.2,14.6,6.8,,,,,,,,,9.1,5.4,26.9,19.1,,,,,,,,,,,,,,,2020,6,24,165,0,0,1,1
278,의성,2020-06-14,24.5,20.0,2348,29.9,1537,3.0,457,12.0,431,,43.2,9.8,270,1554,5.0,270,1621,1.8,1544,270,20.9,56,2006,81.9,25.0,993.4,1005.6,2338,1000.8,1359,1002.5,14.6,3.8,,,,,,,,,8.3,4.8,25.7,15.5,,,,,,,,,,,,,,,2020,6,24,166,0,0,1,1
278,의성,2020-06-15,22.7,15.2,0523,29.7,1523,,,,,,,6.8,270,1621,4.3,270,1655,1.4,1218,250,16.2,39,1610,70.0,18.4,995.9,1007.5,0742,1002.8,1638,1005.2,14.6,12.0,,,,,,,,,5.5,0.4,26.3,11.9,,,,,,,,,,,,,,,2020,6,25,167,0,0,1,0
278,의성,2020-06-16,22.7,14.7,0526,30.1,1447,,,,,,,4.6,200,1813,2.5,180,1822,1.1,928,250,14.5,29,1607,62.8,16.6,996.0,1006.8,2306,1003.0,1644,1005.3,14.6,12.5,,,,,,,,,5.4,0.4,29.4,12.1,,,,,,,,,,,,,,,2020,6,25,168,0,0,1,0
278,의성,2020-06-17,21.6,15.1,0507,28.0,1438,,,,,,,4.3,290,1409,2.3,270,1416,0.9,753,50,15.3,44,1124,69.5,17.5,995.6,1006.8,0542,1003.1,1727,1005.0,14.6,4.6,,,,,,,,,9.3,1.1,26.7,13.5,,,,,,,,,,,,,,,2020,6,25,169,0,0,1,0
278,의성,2020-06-18,19.6,16.6,2400,22.7,1051,0.2,,0.4,1430,,0.6,3.8,230,0948,2.1,70,2140,0.8,662,230,16.9,62,1105,85.0,19.3,993.5,1004.3,0001,1001.4,1717,1002.9,14.7,0.0,,,,,,,,,8.8,4.1,22.0,13.9,,,,,,,,,,,,,,,2020,6,25,170,0,0,0,1
278,의성,2020-06-19,22.5,15.9,0420,30.1,1620,,,,,,,5.0,290,1610,2.6,290,1615,1.1,936,180,16.2,40,1530,70.4,18.4,996.1,1009.9,2354,1002.4,0234,1005.4,14.7,8.2,,,,,,,,,6.0,4.3,29.9,13.7,,,,,,,,,,,,,,,2020,6,25,171,0,0,1,0
278,의성,2020-06-20,23.2,18.4,0051,28.6,1621,,,,,,,4.9,230,1514,2.2,230,1411,0.9,790,20,17.2,50,1651,70.9,19.7,1000.5,1011.8,0609,1007.4,1821,1009.8,14.6,7.5,,,,,,,,,5.5,4.3,31.0,16.0,,,,,,,,,,,,,,,2020,6,25,172,0,0,1,0
278,의성,2020-06-21,23.1,16.9,0545,31.3,1458,,,,,,,7.1,230,1551,3.9,250,1600,1.0,878,70,17.2,47,1351,72.5,19.6,998.3,1009.9,0625,1004.9,1651,1007.6,14.6,12.0,,,,,,,,,1.9,0.5,31.5,13.6,,,,,,,,,,,,,,,2020,6,25,173,0,0,1,0
278,의성,2020-06-22,23.8,14.0,0456,34.3,1551,,,,,,,4.8,230,1434,2.7,250,1508,1.0,843,50,15.8,28,1450,65.6,18.0,998.3,1009.2,2325,1005.6,1549,1007.6,14.7,13.1,,,,,,,,,0.6,0.0,32.7,11.4,,,,,,,,,,,,,,,2020,6,26,174,0,0,1,0
278,의성,2020-06-23,24.8,16.2,0520,33.7,1322,,,,,,,5.6,200,1436,3.1,230,1436,0.9,800,360,16.9,29,1323,65.5,19.3,999.1,1010.2,0630,1006.8,1654,1008.3,14.7,9.1,,,,,,,,,6.6,1.4,32.5,13.9,,,,,,,,,,,,,,,2020,6,26,175,0,0,1,0
278,의성,2020-06-24,21.9,19.8,2129,25.7,1349,0.6,1732,1.5,1718,,3.8,5.2,250,1536,2.0,200,1539,0.8,699,50,18.4,57,1006,81.9,21.2,995.6,1007.9,0001,1002.4,2346,1004.9,14.6,0.0,,,,,,,,,9.8,7.5,25.4,17.8,,,,,,,,,,,,,,,2020,6,26,176,0,0,1,1
278,의성,2020-06-25,22.2,19.7,0029,25.0,1546,0.1,,0.1,,,0.5,3.5,360,1804,1.6,20,1804,0.7,565,20,20.6,82,1322,91.4,24.4,992.2,1003.0,2318,1000.2,1747,1001.5,14.6,0.0,,,,,,,,,9.0,8.3,24.3,19.4,,,,,,,,,,,,,,,2020,6,26,177,0,0,1,1
278,의성,2020-06-26,23.1,19.6,2355,28.8,1419,,,,,,,7.7,200,1007,4.4,270,1240,1.4,1237,270,18.3,50,1619,76.6,21.0,996.1,1007.3,2218,1002.4,0100,1005.4,14.6,5.0,,,,,,,,,7.3,,26.5,18.0,,,,,,,,,,,,,,,2020,6,26,178,0,0,1,0
278,의성,2020-06-27,22.8,17.7,0433,29.7,1706,,,,,,,4.9,250,1555,2.5,250,1513,0.7,585,50,18.5,45,1558,79.4,21.3,995.0,1007.1,0011,1001.9,1816,1004.3,14.6,3.9,,,,,,,,,8.0,2.0,28.4,15.3,,,,,,,,,,,,,,,2020,6,26,179,0,0,1,0
278,의성,2020-06-28,24.5,17.6,0512,31.6,1532,,,,,,,6.5,320,1434,3.6,250,1601,1.2,1034,200,18.5,45,1429,72.3,21.3,993.9,1006.1,2242,1001.8,1353,1003.1,14.6,10.5,,,,,,,,,2.3,0.8,32.4,15.1,,,,,,,,,,,,,,,2020,6,26,180,0,0,1,0
278,의성,2020-06-29,21.6,16.9,0515,27.1,1407,2.8,2212,12.2,2206,,39.4,4.9,230,1311,2.8,230,1314,1.0,850,20,18.8,61,1408,85.4,21.8,993.3,1006.6,0641,993.2,2357,1002.6,14.6,0.3,,,,,,,,,9.0,3.8,26.3,14.4,,,,,,,,,,,,,,,2020,6,27,181,0,0,1,1
278,의성,2020-06-30,21.5,19.4,2236,26.4,1414,1.9,44,3.6,7,,7.0,8.4,290,1345,4.5,270,1335,1.4,1194,200,19.8,66,1416,91.4,23.2,981.7,997.6,2357,986.1,0432,990.9,14.6,0.5,,,,,,,,,5.9,5.8,23.5,19.1,,,,,,,,,,,,,,,2020,6,27,182,0,0,1,1
278,의성,2020-07-01,20.3,17.1,2340,24.5,1328,0.1,,0.4,48,,0.7,9.3,290,1236,3.5,250,1120,1.0,822,180,17.2,62,1329,83.6,19.6,994.4,1008.3,2349,997.6,0001,1003.7,14.6,0.3,,,,,,,,,8.0,6.1,23.4,14.4,,,,,,,,,,,,,,,2020,7,27,183,0,0,0,1
278,의성,2020-07-02,21.5,15.3,0425,28.9,1529,,,,,,,4.9,250,1249,2.9,250,1257,0.8,675,20,17.2,48,1523,79.3,19.7,1001.3,1013.5,2400,1008.3,0001,1010.7,14.6,5.3,,,,,,,,,7.9,4.8,24.8,13.3,,,,,,,,,,,,,,,2020,7,27,184,0,0,1,0
278,의성,2020-07-03,20.0,16.5,0504,24.0,1445,0.4,2255,1.5,2250,,2.4,4.5,90,1531,2.6,70,1615,0.9,743,70,16.5,61,1447,82.0,18.8,1001.4,1013.5,0001,1008.8,1703,1010.8,14.6,0.0,,,,,,,,,9.6,5.5,22.5,14.8,,,,,,,,,,,,,,,2020,7,27,185,0,0,0,1
278,의성,2020-07-04,21.0,17.6,0114,26.7,1447,0.5,15,1.6,1,,1.6,5.2,270,1335,2.4,250,1341,0.9,740,180,17.6,53,1541,82.9,20.1,997.1,1009.3,0001,1004.8,1721,1006.5,14.6,3.3,,,,,,,,,8.0,5.0,25.0,16.1,,,,,,,,,,,,,,,2020,7,27,186,0,0,1,1
278,의성,2020-07-05,21.8,16.0,0351,28.2,1450,,,,,,,4.6,250,1438,3.1,250,1620,0.8,719,230,18.0,54,1312,81.6,20.7,994.5,1006.5,0708,1001.4,1855,1003.8,14.6,4.8,,,,,,,,,6.4,4.3,26.0,13.9,,,,,,,,,,,,,,,2020,7,27,187,0,0,1,0
278,의성,2020-07-06,22.8,17.2,0447,28.8,1307,5.0,2002,14.0,2001,,24.5,4.8,320,2230,2.3,250,1353,0.8,703,360,19.8,58,1357,85.5,23.2,991.6,1002.4,0113,998.9,1634,1000.8,14.5,2.6,,,,,,,,,8.9,4.4,25.9,14.9,,,,,,,,,,,,,,,2020,7,28,188,0,0,1,1
278,의성,2020-07-07,24.4,20.1,2344,30.3,1423,,,,,,,5.7,270,1640,2.9,290,1435,1.1,947,270,20.7,56,1458,81.9,24.5,993.3,1003.6,0906,1000.9,0028,1002.6,14.5,6.5,,,,,,,,,4.6,3.4,28.2,17.9,,,,,,,,,,,,,,,2020,7,28,189,0,0,1,0
278,의성,2020-07-08,24.3,18.5,0408,31.1,1508,,,,,,,5.2,290,1406,2.5,270,1513,0.9,760,290,19.5,45,1417,77.3,22.6,994.4,1004.8,2213,1002.0,1537,1003.6,14.5,8.4,,,,,,,,,4.9,2.0,29.2,16.7,,,,,,,,,,,,,,,2020,7,28,190,0,0,1,0
278,의성,2020-07-09,25.4,19.2,0534,31.2,1338,,,,,,,9.7,140,1100,3.2,230,1501,1.2,1047,50,19.7,48,1342,72.8,23.0,994.9,1005.4,0830,1002.2,1557,1004.1,14.5,11.7,,,,,,,,,5.1,2.1,31.8,16.8,,,,,,,,,,,,,,,2020,7,28,191,0,0,1,0
278,의성,2020-07-10,23.6,21.0,0612,27.4,1740,3.7,607,10.7,558,,21.8,5.6,110,1046,2.5,250,1658,0.8,727,70,21.5,72,1516,88.9,25.8,991.9,1004.3,0001,998.2,1621,1001.1,14.5,2.4,,,,,,,,,9.2,,26.4,20.7,,,,,,,,,,,,,,,2020,7,28,192,0,0,1,1
278,의성,2020-07-11,25.1,21.2,2351,30.6,1233,,,,,,,5.8,50,1639,3.1,50,1622,1.0,874,250,21.1,56,1127,80.4,25.1,996.5,1010.4,2400,1001.5,0001,1005.7,14.5,3.9,,,,,,,,,,,27.3,19.6,,,,,,,,,,,,,,,2020,7,28,193,0,0,1,0
278,의성,2020-07-12,20.6,18.1,2251,23.2,1103,1.1,2113,4.4,2111,,11.4,4.1,140,1218,2.1,90,1455,0.8,714,70,18.5,74,0914,88.4,21.2,1001.1,1011.9,1003,1009.4,1956,1010.5,14.5,0.0,,,,,,,,,,,23.3,18.0,,,,,,,,,,,,,,,2020,7,28,194,0,0,0,1
278,의성,2020-07-13,18.9,17.4,0620,20.9,1603,2.7,641,12.3,626,,71.5,4.8,50,1711,2.7,50,1720,0.9,820,50,17.8,81,1739,93.8,20.4,994.2,1009.5,0001,1001.6,1651,1003.6,14.4,0.0,,,,,,,,,6.3,,20.6,17.2,,,,,,,,,,,,,,,2020,7,29,195,0,0,0,1
278,의성,2020-07-14,19.7,18.2,0541,21.4,1748,0.4,1507,0.8,200,,1.9,3.3,70,1040,1.9,110,1048,0.5,468,360,18.4,75,1020,92.1,21.1,993.1,1004.7,2327,1000.7,0241,1002.5,14.4,0.0,,,,,,,,,6.1,3.5,22.2,18.1,,,,,,,,,,,,,,,2020,7,29,196,0,0,0,1
278,의성,2020-07-15,19.4,16.3,2322,23.6,1432,0.1,,0.1,,,0.1,3.9,230,1359,2.3,250,1509,0.7,625,70,17.8,72,1419,91.3,20.4,996.0,1007.1,2254,1004.1,0230,1005.4,14.4,0.1,,,,,,,,,8.5,7.6,23.2,13.4,,,,,,,,,,,,,,,2020,7,29,197,0,0,0,1
278,의성,2020-07-16,22.0,16.3,0504,28.9,1604,,,,,,,3.9,290,1323,2.1,270,1311,0.8,731,50,17.1,50,1540,76.6,19.5,997.1,1008.1,2356,1004.2,1724,1006.4,14.4,8.8,,,,,,,,,4.4,3.6,25.4,15.3,,,,,,,,,,,,,,,2020,7,29,198,0,0,1,0
278,의성,2020-07-17,22.7,16.1,0328,30.8,1622,,,,,,,3.9,110,1811,2.2,320,1248,0.9,738,50,16.4,38,1423,71.1,18.6,998.8,1009.7,2221,1006.1,1735,1008.2,14.4,12.5,,,,,,,,,1.0,0.9,29.1,14.2,,,,,,,,,,,,,,,2020,7,29,199,0,0,1,0
278,의성,2020-07-18,21.0,14.2,0524,27.5,1542,,,,,,,4.8,270,1502,2.6,250,1505,0.9,770,230,16.7,57,1626,79.0,19.1,1000.0,1010.5,0625,1007.7,1824,1009.4,14.3,9.5,,,,,,,,,3.8,0.5,25.7,11.8,,,,,,,,,,,,,,,2020,7,29,200,0,0,1,0
278,의성,2020-07-19,22.6,17.9,0051,26.0,1727,0.2,,0.2,,,0.2,2.9,50,0758,1.8,20,1219,0.8,685,360,20.5,74,1039,88.4,24.3,997.8,1010.2,0001,1005.3,1845,1007.1,14.3,0.0,,,,,,,,,8.8,7.8,24.6,16.1,,,,,,,,,,,,,,,2020,7,29,201,0,0,1,1
278,의성,2020-07-20,26.9,22.8,2251,31.4,1543,3.3,923,4.7,859,,6.8,9.4,290,1730,5.5,290,1736,1.7,1481,200,22.8,61,1548,78.8,27.8,996.3,1009.2,2335,1003.0,0543,1005.4,14.3,3.2,,,,,,,,,9.0,5.4,27.5,21.4,,,,,,,,,,,,,,,2020,7,30,202,0,0,1,1
278,의성,2020-07-21,26.4,21.7,0335,31.8,1415,0.0,,0.0,,,0.0,5.1,250,1051,2.4,230,1143,1.0,875,320,21.1,53,1416,75.1,25.1,1001.2,1011.4,0653,1009.1,0001,1010.4,14.3,11.1,,,,,,,,,5.4,2.0,29.7,21.1,,,,,,,,,,,,,,,2020,7,30,203,0,0,1,0
278,의성,2020-07-22,22.7,21.7,2304,24.3,1559,1.8,2001,6.2,1936,,36.4,2.4,230,0332,1.2,50,0137,0.5,432,50,21.8,85,0001,95.4,26.2,1000.3,1011.2,0012,1008.4,1710,1009.6,14.3,0.0,,,,,,,,,10.0,8.3,24.8,21.5,,,,,,,,,,,,,,,2020,7,30,204,0,0,0,1
278,의성,2020-07-23,21.3,20.6,2048,22.4,1351,4.0,2224,10.3,2201,,52.0,7.2,50,2324,4.0,50,2325,0.8,648,70,20.6,88,2330,96.1,24.2,997.4,1011.1,0946,1000.4,2231,1006.8,14.2,0.0,,,,,,,,,10.0,7.4,23.3,19.6,,,,,,,,,,,,,,,2020,7,30,205,0,0,0,1
278,의성,2020-07-24,21.4,19.8,0534,24.7,1239,1.2,1940,5.8,1912,,16.9,4.6,90,0148,2.3,70,0028,0.8,662,50,20.2,75,1251,93.5,23.7,988.3,1000.9,0001,996.6,1300,997.6,14.2,0.0,,,,,,,,,7.1,4.5,23.3,19.0,,,,,,,,,,,,,,,2020,7,30,206,0,0,0,1
278,의성,2020-07-25,21.8,20.2,0312,24.3,1737,4.4,1349,15.2,1321,,34.1,3.5,360,1005,1.9,360,1007,0.5,429,20,20.9,86,1735,94.9,24.7,992.4,1005.7,2324,998.5,0016,1001.6,14.2,0.1,,,,,,,,,8.3,7.6,23.6,19.7,,,,,,,,,,,,,,,2020,7,30,207,0,0,0,1
278,의성,2020-07-26,23.4,20.9,0303,29.4,1515,0.7,27,1.9,7,,3.5,4.0,360,1332,2.5,50,1633,0.6,488,360,21.4,61,1528,89.9,25.6,997.3,1008.5,2255,1005.0,0322,1006.6,14.2,1.9,,,,,,,,,7.8,3.9,26.8,20.5,,,,,,,,,,,,,,,2020,7,30,208,0,0,1,1
278,의성,2020-07-27,22.7,20.3,0611,26.2,1321,0.5,1923,1.6,1856,,4.7,3.3,110,1651,1.7,90,1656,0.5,436,20,21.4,79,1102,92.8,25.5,999.1,1009.3,0851,1007.6,1640,1008.4,14.1,0.0,,,,,,,,,9.6,4.8,24.8,19.4,,,,,,,,,,,,,,,2020,7,31,209,0,0,1,1
278,의성,2020-07-28,22.9,21.3,0212,25.4,1111,2.9,1645,6.1,1608,,17.6,4.1,180,1151,1.4,200,1345,0.4,328,160,21.7,78,1317,93.6,26.0,1001.0,1011.8,2353,1007.8,0032,1010.3,14.1,0.0,,,,,,,,,9.8,9.3,24.4,21.1,,,,,,,,,,,,,,,2020,7,31,210,0,0,1,1
278,의성,2020-07-29,23.2,21.8,0511,24.9,1708,1.1,307,5.5,309,,14.6,4.0,360,1221,2.0,360,1224,0.4,314,360,22.4,85,1353,95.8,27.1,1003.1,1013.8,1054,1011.1,0203,1012.4,14.1,0.0,,,,,,,,,9.5,9.0,25.0,21.6,,,,,,,,,,,,,,,2020,7,31,211,0,0,0,1
278,의성,2020-07-30,,21.5,2357,25.1,1516,13.2,751,28.4,721,,51.1,6.0,290,1042,3.2,200,0933,0.5,402,,,82,1600,,,,1015.7,0920,1012.2,0428,,14.1,0.1,,,,,,,,,8.3,,23.5,20.9,,,,,,,,,,,,,,,2020,7,31,212,0,0,1,1
278,의성,2020-07-31,25.4,21.4,0129,31.4,1537,,,,,,,4.7,250,1338,2.7,250,1345,0.6,528,250,23.1,62,1539,88.6,28.3,1003.6,1014.9,0727,1011.0,1809,1012.9,14.0,1.5,,,,,,,,,9.6,3.8,28.2,21.4,,,,,,,,,,,,,,,2020,7,31,213,0,0,1,0
278,의성,2020-08-01,26.4,23.0,0454,31.8,1327,0.0,,0.0,,,0.0,3.7,250,1244,2.1,320,1026,0.7,571,230,23.5,56,1317,85.6,29.0,1001.2,1012.4,0610,1007.9,1824,1010.4,14.0,3.6,,,,,,,,,9.5,3.8,28.7,22.3,,,,,,,,,,,,,,,2020,8,31,214,0,0,1,0
278,의성,2020-08-02,27.2,23.6,0542,31.8,1443,0.0,,0.0,,,0.0,5.3,230,1245,2.9,250,1504,0.8,717,250,24.0,63,1458,84.3,29.9,999.1,1009.6,0822,1006.9,1745,1008.2,14.0,1.9,,,,,,,,,9.6,3.5,29.4,22.7,,,,,,,,,,,,,,,2020,8,31,215,0,0,1,0
278,의성,2020-08-03,26.5,23.1,0526,31.2,1129,0.0,,0.0,,,0.0,6.9,250,1020,3.5,230,1026,1.0,887,250,23.6,61,1130,85.6,29.1,999.4,1009.7,2348,1007.7,0048,1008.5,13.9,2.5,,,,,,,,,9.1,4.0,29.6,22.4,,,,,,,,,,,,,,,2020,8,32,216,0,0,1,0
278,의성,2020-08-04,27.5,22.6,0550,33.2,1424,,,,,,,5.7,230,1403,3.0,230,1428,0.9,781,230,23.8,59,1410,81.9,29.5,1001.9,1013.4,2242,1009.5,1656,1011.1,13.9,6.2,,,,,,,,,6.6,1.9,32.6,21.8,,,,,,,,,,,,,,,2020,8,32,217,0,0,1,0
278,의성,2020-08-05,26.9,23.2,0521,31.5,1150,0.4,2341,0.4,2301,,0.4,7.7,230,1234,3.5,230,1237,0.9,798,360,23.9,63,1127,85.1,29.7,1002.6,1013.2,0001,1010.0,2358,1011.8,13.9,1.9,,,,,,,,,8.7,4.0,28.9,22.1,,,,,,,,,,,,,,,2020,8,32,218,0,0,1,1
278,의성,2020-08-06,26.4,24.3,2359,29.7,1630,2.5,229,5.5,317,,13.3,7.6,230,0914,3.6,230,0844,1.3,1143,200,24.4,75,1522,89.4,30.5,996.7,1010.1,0001,1004.5,0842,1005.9,13.8,0.5,,,,,,,,,9.6,5.1,27.8,24.1,,,,,,,,,,,,,,,2020,8,32,219,0,0,1,1
278,의성,2020-08-07,23.0,21.3,1644,25.0,1016,7.3,1656,19.9,1615,,42.0,5.4,320,1651,2.6,320,1653,0.6,521,50,22.3,86,1254,96.6,27.0,997.3,1008.0,0915,1004.8,1728,1006.6,13.8,0.0,,,,,,,,,10.0,8.0,24.8,21.1,,,,,,,,,,,,,,,2020,8,32,220,0,0,1,1
278,의성,2020-08-08,23.2,21.4,0002,25.1,1638,4.8,226,8.5,750,,67.8,5.5,290,0211,2.7,320,0212,0.3,241,50,22.9,96,1652,98.9,28.0,994.1,1004.9,0001,1002.2,1721,1003.4,13.8,0.0,,,,,,,,,9.6,6.6,24.0,21.4,,,,,,,,,,,,,,,2020,8,32,221,0,0,1,1
278,의성,2020-08-09,27.4,22.7,0608,32.5,1359,0.4,233,1.4,219,,2.2,9.5,230,1630,4.4,230,1405,1.4,1243,200,23.2,56,1400,80.0,28.5,994.7,1005.0,0830,1002.5,1500,1003.8,13.8,7.3,,,,,,,,,8.0,4.0,28.4,22.4,,,,,,,,,,,,,,,2020,8,32,222,0,0,1,1
278,의성,2020-08-10,25.8,23.6,2219,28.5,1239,8.6,1828,21.7,1815,,60.0,6.1,230,0303,3.1,250,1937,1.1,919,20,24.6,78,0027,94.0,31.0,994.7,1006.1,1015,999.6,1713,1003.8,13.7,0.1,,,,,,,,,9.3,6.3,26.7,22.7,,,,,,,,,,,,,,,2020,8,33,223,0,0,1,1
278,의성,2020-08-11,25.4,22.8,0324,30.7,1100,4.0,1333,5.9,1327,,9.6,7.1,320,1306,4.2,320,1309,0.8,679,230,23.9,68,1106,92.5,29.7,999.9,1012.1,2354,1005.1,0226,1009.1,13.7,2.5,,,,,,,,,7.6,4.9,27.3,21.4,,,,,,,,,,,,,,,2020,8,33,224,0,0,1,1
278,의성,2020-08-12,26.8,23.9,0601,31.1,1314,0.5,1433,1.0,1417,,1.0,4.3,180,1327,2.3,180,1333,0.4,315,20,25.3,71,1316,92.1,32.2,1002.6,1013.2,0822,1010.6,1634,1011.8,13.6,2.2,,,,,,,,,8.3,6.3,28.5,23.6,,,,,,,,,,,,,,,2020,8,33,225,0,0,1,1
278,의성,2020-08-13,28.4,25.0,0520,33.9,1546,,,,,,,5.2,200,1103,2.9,230,1109,0.8,655,250,25.2,58,1549,84.4,32.1,999.8,1011.7,0009,1006.1,1852,1009.0,13.6,7.0,,,,,,,,,6.1,2.0,31.0,24.3,,,,,,,,,,,,,,,2020,8,33,226,0,0,1,0
278,의성,2020-08-14,28.2,23.5,0605,33.9,1545,,,,,,,7.6,270,1558,4.4,270,1606,1.1,942,250,24.7,57,1559,82.9,31.1,996.4,1007.0,0001,1003.5,1637,1005.6,13.6,7.0,,,,,,,,,5.7,3.0,30.4,22.0,,,,,,,,,,,,,,,2020,8,33,227,0,0,1,0
278,의성,2020-08-15,28.7,24.2,0549,34.6,1510,,,,,,,6.9,250,1431,3.8,270,1433,1.0,847,230,24.6,55,1427,80.5,30.9,998.6,1009.5,2131,1006.0,0155,1007.8,13.6,8.3,,,,,,,,,6.3,1.3,32.8,22.6,,,,,,,,,,,,,,,2020,8,33,228,0,0,1,0
278,의성,2020-08-16,27.9,23.7,2349,34.2,1506,,,,,,,6.1,290,1322,3.5,250,1142,1.1,915,290,23.5,52,1333,80.0,28.9,1000.9,1011.3,2307,1008.5,1509,1010.1,13.5,10.0,,,,,,,,,5.3,2.5,33.7,21.7,,,,,,,,,,,,,,,2020,8,33,229,0,0,1,0
278,의성,2020-08-17,26.4,22.0,0603,32.2,1431,,,,,,,4.0,290,1253,2.2,250,1549,0.7,590,50,23.2,60,1434,84.4,28.4,1003.5,1014.3,0902,1011.3,0001,1012.7,13.5,7.8,,,,,,,,,6.4,0.6,31.8,20.3,,,,,,,,,,,,,,,2020,8,34,230,0,0,1,0
278,의성,2020-08-18,27.0,22.1,0550,33.8,1449,,,,,,,4.6,250,1634,2.7,250,1620,0.8,702,50,23.2,54,1513,82.6,28.5,1002.4,1013.9,0828,1009.1,1805,1011.6,13.4,8.1,,,,,,,,,2.6,2.4,32.4,19.8,,,,,,,,,,,,,,,2020,8,34,231,0,0,1,0
278,의성,2020-08-19,27.4,22.1,0649,34.6,1512,,,,,,,5.6,290,1426,3.3,290,1443,1.0,891,270,23.0,46,1435,80.0,28.0,1000.7,1011.3,0531,1007.4,1733,1009.8,13.4,10.6,,,,,,,,,1.9,0.5,34.3,20.9,,,,,,,,,,,,,,,2020,8,34,232,0,0,1,0
278,의성,2020-08-20,27.3,21.6,0610,35.1,1536,,,,,,,4.1,230,1151,2.2,270,1151,0.8,667,320,22.5,40,1637,78.5,27.2,1002.0,1012.9,2330,1009.0,1540,1011.2,13.4,10.0,,,,,,,,,1.1,0.6,34.4,19.4,,,,,,,,,,,,,,,2020,8,34,233,0,0,1,0
278,의성,2020-08-21,26.2,21.1,0559,32.9,1538,,,,,,,4.5,140,2038,2.3,110,2044,0.9,768,200,21.9,52,1546,79.4,26.3,1004.1,1015.1,1026,1011.7,1756,1013.4,13.3,7.3,,,,,,,,,3.5,2.0,32.4,19.2,,,,,,,,,,,,,,,2020,8,34,234,0,0,1,0
278,의성,2020-08-22,26.6,23.3,0037,31.2,1405,,,,,,,4.6,290,2353,2.5,160,0927,0.9,792,50,21.9,58,1148,76.6,26.3,1002.4,1014.3,0640,1009.1,1845,1011.7,13.3,2.8,,,,,,,,,8.5,5.5,32.3,22.9,,,,,,,,,,,,,,,2020,8,34,235,0,0,1,0
278,의성,2020-08-23,25.7,22.2,0415,31.8,1514,1.8,102,3.9,30,,3.9,4.8,270,1636,2.7,320,1426,0.9,780,50,21.7,50,1526,81.0,26.0,998.5,1010.2,0011,1005.2,1657,1007.6,13.3,7.1,,,,,,,,,4.9,4.1,29.5,21.5,,,,,,,,,,,,,,,2020,8,34,236,0,0,1,1
278,의성,2020-08-24,26.5,20.6,0521,33.5,1549,,,,,,,7.2,250,1403,2.9,250,1537,0.9,737,200,22.2,47,1604,80.0,26.9,995.8,1007.2,0006,1002.5,1805,1004.9,13.2,8.8,,,,,,,,,5.3,1.9,31.3,19.3,,,,,,,,,,,,,,,2020,8,35,237,0,0,1,0
278,의성,2020-08-25,27.5,21.8,0523,34.8,1349,,,,,,,3.9,230,1427,2.3,230,1429,0.9,782,70,23.3,50,1343,80.5,28.7,995.6,1006.3,0803,1003.4,1509,1004.7,13.2,9.1,,,,,,,,,4.5,0.9,33.5,19.3,,,,,,,,,,,,,,,2020,8,35,238,0,0,1,0
278,의성,2020-08-26,28.7,23.8,0458,33.9,1224,5.7,1929,8.4,1911,,8.6,10.4,110,1457,4.5,90,1503,1.6,1389,110,23.5,55,1225,75.8,29.0,994.0,1006.0,0001,1000.6,2400,1003.0,13.2,6.6,,,,,,,,,7.3,2.6,33.7,22.2,,,,,,,,,,,,,,,2020,8,35,239,0,0,1,1
278,의성,2020-08-27,28.0,25.1,2216,32.1,1404,1.2,419,4.1,348,,5.1,8.6,140,0110,3.3,180,1253,1.4,1202,200,24.2,65,1411,80.8,30.2,993.8,1006.4,2250,999.7,0249,1002.9,13.1,2.4,,,,,,,,,8.9,3.8,29.1,24.3,,,,,,,,,,,,,,,2020,8,35,240,0,0,1,1
278,의성,2020-08-28,27.8,24.4,0219,32.4,1221,4.5,1246,5.3,1243,,5.3,8.2,250,1246,4.5,250,1249,0.7,605,340,24.7,64,1223,84.6,31.1,997.6,1008.4,2344,1004.9,1605,1006.8,13.1,3.7,,,,,,,,,7.9,4.6,30.4,23.7,,,,,,,,,,,,,,,2020,8,35,241,0,0,1,1
278,의성,2020-08-29,27.6,24.1,0549,33.0,1358,1.7,131,2.9,54,,2.9,5.5,250,1247,2.8,230,1254,0.8,722,200,24.4,59,1354,84.1,30.6,999.5,1010.4,2241,1007.0,1614,1008.6,13.1,4.0,,,,,,,,,7.8,5.3,30.3,23.3,,,,,,,,,,,,,,,2020,8,35,242,0,0,1,1
278,의성,2020-08-30,27.4,24.4,0634,33.1,1502,0.2,,0.2,,,0.2,6.1,360,1757,3.2,20,1806,0.8,725,230,24.2,57,1411,84.5,30.3,1001.2,1012.7,2351,1008.2,1549,1010.4,13.0,3.1,,,,,,,,,7.8,6.1,31.2,24.2,,,,,,,,,,,,,,,2020,8,35,243,0,0,1,1
278,의성,2020-08-31,24.8,21.0,2313,28.2,1149,,,,,,,7.7,70,1207,4.0,90,1212,1.3,1107,70,21.2,66,1159,81.4,25.3,1003.4,1013.6,0933,1011.8,0250,1012.7,13.0,0.5,,,,,,,,,7.0,6.9,27.3,19.8,,,,,,,,,,,,,,,2020,8,36,244,0,0,1,0
278,의성,2020-09-01,24.2,19.4,0526,28.7,1228,,,,,,,3.3,50,1545,1.9,340,1100,0.6,516,20,21.5,67,1229,85.6,25.7,1000.1,1013.2,0001,1007.2,1636,1009.3,12.9,0.9,,,,,,,,,6.4,4.8,27.0,18.0,,,,,,,,,,,,,,,2020,9,36,245,0,0,1,0
278,의성,2020-09-02,25.0,22.7,0552,28.5,1345,3.5,850,13.6,815,,27.5,11.9,50,2043,4.7,70,2035,1.5,1322,70,23.3,78,1353,91.0,28.6,991.4,1008.2,0001,987.5,2400,1000.6,12.9,0.1,,,,,,,,,10.0,5.8,25.8,22.3,,,,,,,,,,,,,,,2020,9,36,246,0,0,1,1
278,의성,2020-09-03,23.9,17.8,2356,28.8,1541,2.8,340,12.0,249,,34.6,15.6,50,0226,8.2,250,0603,3.9,3341,250,19.4,49,1416,78.5,22.8,985.9,1009.7,2355,965.4,0417,995.0,12.9,3.6,,,,,,,,,5.0,3.4,24.6,14.3,,,,,,,,,,,,,,,2020,9,36,247,0,0,1,1
278,의성,2020-09-04,21.3,15.2,0537,29.0,1614,,,,,,,6.4,230,1224,3.5,230,1232,0.8,726,270,17.0,44,1625,79.6,19.4,1003.0,1014.4,2345,1009.7,0001,1012.4,12.8,8.6,,,,,,,,,2.4,0.3,25.8,12.9,,,,,,,,,,,,,,,2020,9,36,248,0,0,1,0
278,의성,2020-09-05,19.6,17.5,0535,22.6,1415,0.3,2211,1.1,2209,,2.2,3.9,70,1807,2.2,90,1811,0.6,487,20,18.2,78,2012,92.0,20.9,1004.3,1015.6,1108,1012.2,1442,1013.8,12.8,0.0,,,,,,,,,9.8,4.1,22.3,15.9,,,,,,,,,,,,,,,2020,9,36,249,0,0,0,1
278,의성,2020-09-06,19.7,17.4,2246,23.1,1026,0.6,21,1.5,1234,,7.2,6.7,50,1331,2.9,50,1022,1.0,904,50,18.1,75,1031,91.0,20.8,997.9,1013.4,0036,999.5,2358,1007.3,12.8,0.0,,,,,,,,,9.8,7.1,22.4,17.1,,,,,,,,,,,,,,,2020,9,36,250,0,0,0,1
278,의성,2020-09-07,21.4,17.9,0001,24.2,1049,2.1,750,9.4,820,,37.6,13.4,270,1129,7.4,250,1142,3.3,2874,230,18.7,71,2206,85.4,21.6,980.3,1002.1,2350,969.6,1030,989.4,12.7,0.0,,,,,,,,,8.4,7.1,21.4,17.6,,,,,,,,,,,,,,,2020,9,37,251,0,0,0,1
278,의성,2020-09-08,22.1,16.2,0616,28.8,1327,,,,,,,8.3,270,1341,4.7,230,1056,1.5,1276,270,17.4,47,1608,77.5,19.9,999.9,1012.5,2243,1002.1,0001,1009.2,12.7,7.6,,,,,,,,,2.6,1.3,23.3,13.7,,,,,,,,,,,,,,,2020,9,37,252,0,0,1,0
278,의성,2020-09-09,21.7,17.4,0237,27.5,1450,0.9,344,1.0,2210,,1.9,5.2,230,1458,3.3,230,1507,0.8,673,140,18.2,52,1455,83.0,20.9,1000.2,1012.8,0341,1006.8,1558,1009.6,12.7,6.1,,,,,,,,,6.1,3.3,24.4,15.6,,,,,,,,,,,,,,,2020,9,37,253,0,0,1,1
278,의성,2020-09-10,21.6,18.9,0547,26.4,1622,0.0,,0.0,,,0.0,2.9,200,1403,1.7,320,1325,0.5,444,290,18.8,57,1644,86.1,21.7,999.6,1011.6,2351,1007.5,0436,1009.0,12.6,4.3,,,,,,,,,7.4,3.8,24.1,18.3,,,,,,,,,,,,,,,2020,9,37,254,0,0,1,0
278,의성,2020-09-11,20.8,18.0,2354,25.5,1245,0.2,,0.6,2245,,0.8,6.9,90,1429,3.4,50,1313,1.1,992,50,18.0,62,1412,84.9,20.6,1004.4,1015.6,2331,1011.1,0034,1013.8,12.6,0.2,,,,,,,,,10.0,5.0,22.2,17.3,,,,,,,,,,,,,,,2020,9,37,255,0,0,1,1
278,의성,2020-09-12,19.9,17.7,0259,24.6,1459,0.3,45,1.2,22,,3.2,7.4,70,1417,3.8,90,1428,1.0,900,70,17.4,60,1513,86.6,19.9,1004.5,1015.4,2139,1012.3,1332,1014.0,12.5,0.4,,,,,,,,,7.0,6.5,23.0,17.2,,,,,,,,,,,,,,,2020,9,37,256,0,0,0,1
278,의성,2020-09-13,20.2,17.7,0557,26.1,1529,,,,,,,4.0,270,1226,1.9,270,1338,0.5,399,250,17.2,53,1602,84.6,19.7,1004.9,1015.7,0937,1012.6,1709,1014.3,12.5,3.1,,,,,,,,,7.0,6.1,23.2,15.0,,,,,,,,,,,,,,,2020,9,37,257,0,0,1,0
278,의성,2020-09-14,20.7,16.6,0120,27.3,1441,,,,,,,5.7,290,1335,3.5,290,1452,0.9,781,70,17.0,49,1352,81.9,19.4,1004.2,1015.2,0907,1011.3,1626,1013.6,12.5,6.2,,,,,,,,,5.4,3.6,24.2,14.2,,,,,,,,,,,,,,,2020,9,38,258,0,0,1,0
278,의성,2020-09-15,21.7,15.9,0227,28.6,1435,,,,,,,4.1,290,1533,2.3,270,1537,0.7,592,110,17.1,45,1427,78.4,19.6,1003.0,1014.7,0725,1010.4,1529,1012.4,12.4,8.8,,,,,,,,,6.4,1.6,26.7,13.9,,,,,,,,,,,,,,,2020,9,38,259,0,0,1,0
278,의성,2020-09-16,21.0,18.6,0658,23.8,1100,0.0,,0.0,,,0.0,3.7,250,1122,2.5,250,1128,0.5,454,360,18.8,67,1109,88.0,21.7,1000.2,1012.0,0001,1007.0,1812,1009.5,12.4,0.2,,,,,,,,,8.0,7.4,24.5,17.8,,,,,,,,,,,,,,,2020,9,38,260,0,0,0,0
278,의성,2020-09-17,21.1,19.4,2336,25.1,1424,0.4,2311,0.9,2302,,1.2,3.9,230,1355,2.2,250,1220,0.5,473,200,19.3,65,1437,90.6,22.4,1000.0,1010.8,0712,1008.0,1504,1009.4,12.4,0.2,,,,,,,,,9.9,4.8,23.4,18.7,,,,,,,,,,,,,,,2020,9,38,261,0,0,1,1
278,의성,2020-09-18,18.8,12.5,2354,25.1,1321,0.1,,0.3,550,,0.3,7.2,320,1312,3.8,290,1421,1.1,943,270,14.9,43,1541,81.0,17.1,1003.2,1015.6,2345,1009.7,0021,1012.7,12.3,4.5,,,,,,,,,6.6,4.1,22.4,8.7,,,,,,,,,,,,,,,2020,9,38,262,0,0,1,1
278,의성,2020-09-19,17.8,10.5,0505,27.0,1437,,,,,,,7.5,250,1341,3.9,250,1138,1.0,845,250,13.5,40,1441,80.1,15.6,1005.5,1016.8,0826,1012.4,1612,1015.0,12.3,5.9,,,,,,,,,3.1,2.1,22.4,7.3,,,,,,,,,,,,,,,2020,9,38,263,0,0,1,0
278,의성,2020-09-20,16.6,10.9,0610,25.7,1431,,,,,,,9.8,340,1222,4.6,290,1251,1.2,1048,320,10.7,30,1423,74.9,12.9,1006.5,1018.5,2351,1014.3,1451,1016.2,12.2,9.3,,,,,,,,,0.1,0.0,23.3,6.6,,,,,,,,,,,,,,,2020,9,38,264,0,0,1,0
278,의성,2020-09-21,15.1,7.9,0625,23.8,1601,,,,,,,3.7,320,1420,2.0,250,1421,0.6,484,230,11.0,42,1651,79.3,13.2,1008.5,1019.8,2328,1016.0,1653,1018.2,12.2,7.8,,,,,,,,,5.5,0.3,21.7,4.1,,,,,,,,,,,,,,,2020,9,39,265,0,0,0,0
278,의성,2020-09-22,15.5,10.7,0517,23.8,1359,,,,,,,8.4,50,1836,4.3,90,1529,1.0,895,90,11.7,46,1521,81.4,13.8,1008.9,1019.8,0109,1016.1,1545,1018.6,12.2,4.9,,,,,,,,,5.6,1.8,21.3,6.3,,,,,,,,,,,,,,,2020,9,39,266,0,0,0,0
278,의성,2020-09-23,16.7,9.9,0434,23.2,1230,,,,,,,7.2,90,1238,4.3,90,1242,1.2,1075,90,12.1,51,1416,76.9,14.2,1007.7,1018.6,0909,1015.8,1431,1017.3,12.1,1.4,,,,,,,,,9.0,5.9,19.3,5.9,,,,,,,,,,,,,,,2020,9,39,267,0,0,0,0
278,의성,2020-09-24,18.0,12.8,0550,24.3,1331,,,,,,,8.5,50,1141,4.2,70,1147,1.4,1196,70,13.8,54,1326,78.5,15.8,1004.6,1016.7,0001,1012.3,1530,1014.2,12.1,3.5,,,,,,,,,4.9,2.5,22.0,9.1,,,,,,,,,,,,,,,2020,9,39,268,0,0,0,0
278,의성,2020-09-25,17.5,12.1,2359,25.2,1319,,,,,,,8.8,20,1143,3.9,70,1151,1.3,1081,50,13.0,50,1618,77.9,15.0,1002.3,1014.4,2151,1009.8,1508,1011.8,12.0,4.0,,,,,,,,,4.3,3.4,21.1,7.0,,,,,,,,,,,,,,,2020,9,39,269,0,0,1,0
278,의성,2020-09-26,17.2,10.5,0620,25.2,1539,,,,,,,7.9,50,1336,3.9,50,1340,0.9,814,20,12.3,42,1454,76.4,14.3,1005.7,1017.6,2305,1013.3,0120,1015.3,12.0,6.1,,,,,,,,,6.1,2.9,22.6,6.5,,,,,,,,,,,,,,,2020,9,39,270,0,0,1,0
278,의성,2020-09-27,16.9,10.9,0606,25.2,1345,,,,,,,6.1,90,1525,3.4,70,1445,0.9,819,90,11.8,36,1443,76.5,13.9,1008.6,1019.6,2310,1015.9,1516,1018.2,12.0,8.5,,,,,,,,,0.8,0.5,23.6,6.0,,,,,,,,,,,,,,,2020,9,39,271,0,0,1,0
278,의성,2020-09-28,15.4,7.9,0618,24.6,1522,,,,,,,4.8,290,1546,2.6,320,1449,0.7,577,250,11.4,43,1432,80.9,13.5,1007.2,1019.9,0757,1014.2,1640,1016.9,11.9,8.8,,,,,,,,,4.4,0.9,22.4,2.8,,,,,,,,,,,,,,,2020,9,40,272,0,0,0,0
278,의성,2020-09-29,15.6,9.5,0409,25.3,1432,,,,,,,3.9,270,1544,2.2,270,1548,0.5,474,360,12.2,36,1430,84.1,14.4,1001.5,1015.5,0114,1007.6,1532,1011.2,11.9,6.5,,,,,,,,,7.6,1.9,22.5,4.6,,,,,,,,,,,,,,,2020,9,40,273,0,0,1,0
278,의성,2020-09-30,16.6,10.4,0534,26.0,1428,,,,,,,4.5,320,1334,2.0,320,1401,0.6,503,320,11.8,37,1409,77.4,13.9,1000.8,1012.5,2357,1008.1,1548,1010.3,11.8,7.4,,,,,,,,,4.3,1.3,22.7,6.2,,,,,,,,,,,,,,,2020,9,40,274,0,0,1,0
278,의성,2020-10-01,17.9,11.4,0637,25.1,1344,,,,,,,4.2,230,1248,2.3,230,1254,0.7,590,20,13.1,47,1339,76.5,15.1,1004.1,1015.3,2352,1011.6,1609,1013.6,11.8,8.3,,,,,,,,,4.6,2.8,23.4,6.7,,,,,,,,,,,,,,,2020,10,40,275,0,0,1,0
278,의성,2020-10-02,19.0,13.8,0258,25.7,1337,,,,,,,5.5,290,1502,2.6,270,1253,0.7,635,270,14.8,48,1340,78.9,16.8,1005.0,1016.0,0810,1012.5,1458,1014.5,11.8,5.7,,,,,,,,,8.1,5.0,24.8,10.5,,,,,,,,,,,,,,,2020,10,40,276,0,0,1,0
278,의성,2020-10-03,18.9,15.9,0621,24.5,1426,0.2,,0.3,447,,0.5,4.4,320,1258,2.4,320,1300,0.5,466,360,16.1,60,1424,85.1,18.3,1005.1,1017.1,0931,1012.5,1442,1014.5,11.7,2.7,,,,,,,,,9.3,5.4,23.7,15.2,,,,,,,,,,,,,,,2020,10,40,277,0,0,0,1
278,의성,2020-10-04,18.2,15.3,2347,22.0,1409,0.1,,0.1,,,0.1,8.5,290,2216,4.5,290,2241,1.0,881,230,13.9,43,2235,77.9,16.2,1001.5,1013.6,0157,1008.0,1416,1011.0,11.7,0.0,,,,,,,,,9.8,6.5,20.7,13.7,,,,,,,,,,,,,,,2020,10,40,278,0,0,0,1
278,의성,2020-10-05,13.0,4.9,0645,20.0,1350,,,,,,,9.7,290,1308,5.3,290,1315,1.8,1564,290,4.9,31,1158,62.1,8.7,1006.9,1019.5,2342,1012.8,0001,1016.7,11.7,9.6,,,,,,,,,3.3,0.4,18.7,0.6,,,,,,,,,,,,,,,2020,10,41,279,0,0,0,0
278,의성,2020-10-06,12.0,4.8,0626,21.4,1511,,,,,,,5.2,320,1605,2.9,320,1430,0.8,665,290,6.3,24,1536,72.8,9.6,1011.5,1024.6,2349,1019.0,1502,1021.3,11.6,9.7,,,,,,,,,2.9,1.3,18.6,-0.3,,,,,,,,,,,,,,,2020,10,41,280,0,0,0,0
278,의성,2020-10-07,15.4,8.1,0629,23.9,1352,,,,,,,8.7,50,1523,5.0,50,1531,1.4,1244,70,10.1,38,1335,73.1,12.4,1015.2,1026.5,0822,1022.5,1429,1024.9,11.6,6.7,,,,,,,,,5.8,3.6,20.7,4.6,,,,,,,,,,,,,,,2020,10,41,281,0,0,0,0
278,의성,2020-10-08,15.8,9.3,0652,22.0,1326,,,,,,,12.4,50,1353,6.4,50,1511,2.1,1798,70,8.3,36,1254,65.0,11.0,1016.2,1027.4,0908,1024.6,1431,1025.9,11.6,8.8,,,,,,,,,2.1,1.1,18.4,3.5,,,,,,,,,,,,,,,2020,10,41,282,0,0,0,0
278,의성,2020-10-09,16.8,11.4,0230,22.3,1402,,,,,,,11.0,90,1547,5.3,90,1553,2.0,1771,70,9.1,43,1258,62.0,11.6,1013.0,1025.1,0008,1020.7,1525,1022.6,11.5,4.9,,,,,,,,,5.8,5.3,18.2,6.4,,,,,,,,,,,,,,,2020,10,41,283,0,0,0,0
278,의성,2020-10-10,16.6,12.2,0242,23.3,1434,,,,,,,7.4,20,1508,4.6,50,1146,1.3,1148,20,9.7,42,1323,65.9,12.1,1009.2,1021.2,0013,1016.3,1622,1018.8,11.5,8.4,,,,,,,,,6.5,4.0,21.5,8.3,,,,,,,,,,,,,,,2020,10,41,284,0,0,0,0
278,의성,2020-10-11,14.6,8.0,0445,21.5,1303,,,,,,,4.3,90,1317,1.8,290,1403,0.5,428,360,10.4,47,1308,78.3,12.6,1006.4,1019.3,0001,1013.2,1602,1016.0,11.4,1.5,,,,,,,,,8.3,7.8,18.5,3.1,,,,,,,,,,,,,,,2020,10,41,285,0,0,0,0
278,의성,2020-10-12,14.5,10.3,2340,23.6,1520,,,,,,,6.9,70,1329,3.6,320,1401,0.7,574,290,10.5,36,1533,80.5,12.7,1004.6,1016.4,2400,1011.4,1605,1014.3,11.4,5.1,,,,,,,,,6.4,3.8,18.3,6.5,,,,,,,,,,,,,,,2020,10,42,286,0,0,0,0
278,의성,2020-10-13,11.7,5.5,0621,20.6,1405,,,,,,,6.1,320,1221,3.5,250,1314,0.9,749,270,5.4,30,1527,71.6,9.1,1009.8,1023.4,2304,1016.4,0001,1019.6,11.4,6.9,,,,,,,,,4.6,2.9,16.9,-0.2,,,,,,,,,,,,,,,2020,10,42,287,0,0,0,0
278,의성,2020-10-14,9.8,3.5,0448,18.5,1545,,,,,,,6.5,320,1518,2.6,290,1558,0.6,530,250,5.9,45,1551,79.9,9.4,1014.1,1025.9,0756,1021.6,1710,1024.0,11.3,3.2,,,,,,,,,6.6,4.6,13.3,-0.9,,,,,,,,,,,,,,,2020,10,42,288,0,0,0,0
278,의성,2020-10-15,10.5,1.5,0654,20.4,1429,,,,,,,4.0,50,1249,2.4,320,1603,0.6,542,340,3.6,21,1532,69.3,8.0,1014.6,1026.9,0747,1021.9,1552,1024.6,11.3,8.8,,,,,,,,,5.6,2.1,16.2,-3.8,,,,,,,,,,,,,,,2020,10,42,289,0,0,0,0
278,의성,2020-10-16,10.5,3.7,0609,16.9,1326,,,,,,,2.6,230,1408,1.6,230,1412,0.3,295,180,7.5,55,1238,83.4,10.4,1013.2,1026.1,0823,1020.6,1748,1023.1,11.3,0.6,,,,,,,,,8.9,3.0,13.6,-0.6,,,,,,,,,,,,,,,2020,10,42,290,0,0,0,0
278,의성,2020-10-17,10.7,5.0,2349,20.9,1507,,,,,,,5.1,270,1513,2.9,320,1516,0.5,475,20,6.5,37,1510,80.4,9.7,1012.5,1024.2,0823,1019.9,1556,1022.4,11.2,7.6,,,,,,,,,1.0,0.9,15.3,-0.6,,,,,,,,,,,,,,,2020,10,42,291,0,0,0,0
278,의성,2020-10-18,9.3,0.9,0618,20.7,1541,,,,,,,4.8,230,1405,2.6,250,1356,0.5,453,270,3.9,28,1525,75.1,8.1,1013.3,1025.9,0844,1020.3,1506,1023.2,11.2,8.6,,,,,,,,,1.9,0.6,14.4,-4.7,,,,,,,,,,,,,,,2020,10,42,292,0,0,0,0
278,의성,2020-10-19,10.5,1.5,0630,22.3,1525,,,,,,,4.0,270,1559,2.1,270,1605,0.5,428,270,4.6,29,1536,72.6,8.5,1014.6,1026.7,2325,1021.5,1513,1024.5,11.1,9.3,,,,,,,,,2.0,0.0,14.8,-3.9,,,,,,,,,,,,,,,2020,10,43,293,0,0,0,0
278,의성,2020-10-20,11.4,2.8,0639,22.9,1458,,,,,,,4.4,180,1507,2.4,230,1512,0.5,432,20,6.2,34,1450,75.5,9.5,1015.8,1028.9,0815,1023.3,1437,1025.7,11.1,9.2,,,,,,,,,3.3,0.0,15.4,-2.9,,,,,,,,,,,,,,,2020,10,43,294,0,0,0,0
278,의성,2020-10-21,11.3,5.4,0425,16.9,1335,0.3,1908,1.4,2049,,4.0,4.0,230,1543,2.2,230,1550,0.3,291,230,9.3,67,1231,88.6,11.9,1009.9,1024.9,0132,1016.0,2342,1019.8,11.1,0.0,,,,,,,,,9.6,5.4,13.1,0.6,,,,,,,,,,,,,,,2020,10,43,295,0,0,0,1
278,의성,2020-10-22,13.1,9.7,2352,18.8,1526,,,,,,,7.0,250,2007,3.7,270,2016,1.0,870,270,9.8,51,2011,81.9,12.3,1002.8,1016.1,0010,1009.5,1509,1012.5,11.0,2.0,,,,,,,,,8.4,4.9,14.7,6.4,,,,,,,,,,,,,,,2020,10,43,296,0,0,0,0
278,의성,2020-10-23,9.0,1.3,0632,16.4,1440,,,,,,,9.3,290,1542,4.9,290,1337,2.0,1746,290,-0.3,24,1539,57.0,6.0,1003.2,1015.5,2330,1010.5,1411,1013.0,11.0,9.4,,,,,,,,,0.0,0.0,11.4,-3.0,,,,,,,,,,,,,,,2020,10,43,297,0,0,0,0
278,의성,2020-10-24,6.4,-1.8,0640,16.1,1408,,,,,,,10.3,270,1326,5.2,290,1332,1.5,1301,290,-2.2,20,1216,63.4,5.3,1007.1,1019.7,2336,1014.8,1356,1017.1,11.0,9.2,,,,,,,,,0.0,0.0,9.6,-7.4,,,,,,,,,,,,,,,2020,10,43,298,0,0,0,0
278,의성,2020-10-25,8.6,-1.2,0550,20.3,1401,,,,,,,7.6,250,1222,4.2,290,1454,1.0,829,270,2.6,33,1426,71.5,7.5,1009.3,1021.6,0801,1016.1,1530,1019.2,10.9,8.0,,,,,,,,,2.6,0.1,11.2,-5.8,,,,,,,,,,,,,,,2020,10,43,299,0,0,0,0
278,의성,2020-10-26,9.2,0.6,0640,20.5,1508,,,,,,,4.2,270,1438,2.1,250,1415,0.4,361,230,4.1,33,1510,76.0,8.3,1009.5,1021.9,0836,1016.8,1438,1019.4,10.9,8.8,,,,,,,,,1.6,0.0,12.5,-4.3,,,,,,,,,,,,,,,2020,10,44,300,0,0,0,0
278,의성,2020-10-27,9.7,1.3,0615,21.1,1501,,,,,,,3.7,290,1320,1.9,250,1510,0.4,374,50,4.6,29,1540,75.3,8.5,1010.6,1022.9,0819,1018.1,1434,1020.5,10.9,8.7,,,,,,,,,2.6,0.3,12.6,-3.5,,,,,,,,,,,,,,,2020,10,44,301,0,0,0,0
278,의성,2020-10-28,11.9,4.1,2358,21.1,1441,,,,,,,6.1,270,1431,3.6,270,1506,0.9,820,250,5.7,35,1452,69.9,9.3,1011.3,1023.4,2359,1018.4,1529,1021.1,10.8,5.4,,,,,,,,,5.8,0.6,14.4,-1.2,,,,,,,,,,,,,,,2020,10,44,302,0,0,0,0
278,의성,2020-10-29,7.2,-0.5,0603,17.5,1352,,,,,,,3.7,270,1520,2.0,230,1558,0.5,398,20,1.5,33,1521,71.9,6.9,1013.1,1026.0,0856,1020.4,1444,1023.2,10.8,8.5,,,,,,,,,4.4,1.1,10.4,-6.2,,,,,,,,,,,,,,,2020,10,44,303,0,0,0,0
278,의성,2020-10-30,8.7,0.5,0603,19.8,1414,,,,,,,6.7,70,1540,4.0,90,1546,0.7,641,90,3.2,31,1408,73.5,7.7,1015.4,1028.0,2245,1023.0,1407,1025.4,10.8,7.0,,,,,,,,,2.3,1.3,10.9,-4.5,,,,,,,,,,,,,,,2020,10,44,304,0,0,0,0
278,의성,2020-10-31,8.8,0.7,0709,17.7,1348,,,,,,,4.3,250,1525,2.7,230,1400,0.5,441,290,4.0,40,1546,75.5,8.2,1015.3,1029.2,0832,1022.2,1557,1025.3,10.7,7.6,,,,,,,,,6.4,2.4,11.7,-4.8,,,,,,,,,,,,,,,2020,10,44,305,0,0,0,0
278,의성,2020-11-01,10.8,8.3,0023,12.4,1501,,,,,,2.3,2.1,270,1349,1.2,250,1357,0.1,81,20,9.3,79,1036,91.4,11.8,1010.7,1022.7,0231,1018.9,1628,1020.6,10.7,0.0,,,,,,,,,9.9,7.5,12.1,7.1,,,,,,,,,,,,,,,2020,11,44,306,0,0,0,1
278,의성,2020-11-02,10.0,0.8,2354,17.7,1507,,,,,,,6.3,290,1544,3.5,320,1535,0.9,806,270,3.9,20,1521,73.0,8.6,1009.4,1020.9,0848,1017.3,1524,1019.3,10.7,4.7,,,,,,,,,5.3,4.5,12.5,-3.4,,,,,,,,,,,,,,,2020,11,45,307,0,0,0,0
278,의성,2020-11-03,4.7,-2.4,2359,11.0,1345,,,,,,,14.7,270,1434,8.3,320,1227,2.6,2258,290,-5.2,21,1038,54.8,4.3,1009.8,1022.6,2256,1017.4,1442,1019.9,10.6,9.1,,,,,,,,,0.1,0.0,7.1,-6.7,,,,,,,,,,,,,,,2020,11,45,308,0,0,0,0
278,의성,2020-11-04,1.6,-5.6,0658,12.4,1423,,,,,,,7.7,250,1228,4.3,250,1242,1.0,874,270,-8.6,13,1414,56.3,3.3,1014.3,1026.9,2349,1022.0,1454,1024.6,10.6,9.2,,,,,,,,,0.0,0.0,4.6,-11.3,,,,,,,,,,,,,,,2020,11,45,309,0,0,0,0
278,의성,2020-11-05,5.4,-5.8,0635,16.5,1526,,,,,,,3.4,250,1218,1.8,270,1222,0.4,380,20,-3.2,26,1502,57.9,4.9,1017.0,1029.8,0909,1024.6,1607,1027.2,10.6,8.5,,,,,,,,,4.3,3.4,7.9,-10.3,,,,,,,,,,,,,,,2020,11,45,310,0,0,0,0
278,의성,2020-11-06,10.0,6.7,0609,15.6,1530,,,,,,0.0,2.2,160,1315,1.3,250,1616,0.4,310,70,2.8,38,1337,63.0,7.5,1011.8,1026.4,0003,1018.9,1741,1021.7,10.5,0.0,,,,,,,,,7.8,6.5,10.7,2.9,,,,,,,,,,,,,,,2020,11,45,311,0,0,0,0
278,의성,2020-11-07,10.8,3.0,0653,21.2,1343,,,,,,,9.6,290,1418,5.4,290,1422,1.4,1183,270,3.9,38,1519,66.5,8.2,1007.5,1019.5,0030,1014.0,1442,1017.4,10.5,8.7,,,,,,,,,0.6,0.1,11.3,-2.0,,,,,,,,,,,,,,,2020,11,45,312,0,0,0,0
278,의성,2020-11-08,7.7,0.7,2353,17.5,1352,,,,,,,12.4,340,1136,6.8,290,1215,1.9,1661,270,-5.8,9,1421,48.6,4.3,1010.4,1023.9,2330,1017.7,1321,1020.4,10.5,8.7,,,,,,,,,1.0,0.6,8.7,-4.8,,,,,,,,,,,,,,,2020,11,45,313,0,0,0,0
278,의성,2020-11-09,4.3,-5.0,0702,12.8,1425,,,,,,,9.8,290,1311,6.0,320,1347,1.2,1006,320,-6.8,15,1304,49.9,3.7,1014.4,1026.7,0814,1022.3,1418,1024.6,10.4,8.9,,,,,,,,,0.1,0.1,6.5,-11.2,,,,,,,,,,,,,,,2020,11,46,314,0,0,0,0
278,의성,2020-11-10,4.5,-2.6,0656,14.5,1435,,,,,,,5.9,360,1549,3.3,270,1444,0.7,631,290,-4.9,20,1532,56.1,4.3,1017.3,1030.3,2400,1025.0,0023,1027.5,10.4,8.8,,,,,,,,,0.0,0.0,6.9,-8.1,,,,,,,,,,,,,,,2020,11,46,315,0,0,0,0
278,의성,2020-11-11,4.7,-3.7,0700,16.6,1438,,,,,,,4.0,270,1447,2.2,290,1449,0.4,347,50,-3.0,26,1531,62.6,4.9,1021.8,1034.0,0858,1030.2,1437,1032.0,10.4,8.8,,,,,,,,,0.0,0.0,6.7,-9.2,,,,,,,,,,,,,,,2020,11,46,316,0,0,0,0
278,의성,2020-11-12,5.4,-3.0,0713,18.0,1504,,,,,,,4.0,230,1428,2.3,230,1430,0.5,435,230,-1.6,24,1544,66.4,5.4,1020.1,1033.5,0818,1027.1,1628,1030.3,10.3,8.8,,,,,,,,,0.0,0.0,7.3,-8.7,,,,,,,,,,,,,,,2020,11,46,317,0,0,0,0
278,의성,2020-11-13,6.6,-2.1,0636,18.6,1503,,,,,,,4.3,250,1412,2.0,250,1420,0.4,317,230,0.6,33,1305,70.8,6.5,1018.1,1029.8,0835,1025.3,1449,1028.2,10.3,8.8,,,,,,,,,0.6,0.0,7.9,-6.9,,,,,,,,,,,,,,,2020,11,46,318,0,0,0,0
278,의성,2020-11-14,8.0,-0.5,0715,19.7,1325,,,,,,,4.1,250,1552,2.1,250,1601,0.4,382,50,3.4,40,1350,76.6,7.9,1019.7,1032.5,0828,1027.6,1452,1029.7,10.3,7.9,,,,,,,,,2.6,0.0,8.3,-5.8,,,,,,,,,,,,,,,2020,11,46,319,0,0,0,0
278,의성,2020-11-15,8.1,0.6,0710,18.7,1452,,,,,,,6.4,270,1331,3.4,270,1501,0.6,535,250,3.9,41,1531,78.6,8.1,1016.8,1029.8,0829,1024.0,1648,1026.9,10.3,8.5,,,,,,,,,3.4,0.4,9.3,-4.6,,,,,,,,,,,,,,,2020,11,46,320,0,0,0,0
278,의성,2020-11-16,8.8,1.2,0659,19.9,1501,,,,,,,2.5,290,1408,1.5,250,1412,0.3,283,230,3.9,36,1447,76.0,8.1,1016.3,1027.8,2306,1023.9,1359,1026.3,10.2,7.3,,,,,,,,,2.0,0.0,10.4,-4.6,,,,,,,,,,,,,,,2020,11,47,321,0,0,0,0
278,의성,2020-11-17,12.0,4.2,0412,20.4,1306,,,,,,1.8,3.7,270,1450,2.2,270,1337,0.4,354,270,9.5,53,1306,86.5,12.2,1014.9,1027.8,0213,1022.3,1354,1024.8,10.2,2.8,,,,,,,,,6.1,5.4,11.5,-0.6,,,,,,,,,,,,,,,2020,11,47,322,0,0,0,1
278,의성,2020-11-18,16.4,12.1,0331,23.0,1508,,,,,,1.0,4.9,230,1439,2.6,200,1436,0.6,513,360,13.5,54,1457,85.9,15.6,1008.0,1023.3,0002,1012.7,2332,1017.7,10.2,0.4,,,,,,,,,9.4,6.0,15.7,10.2,,,,,,,,,,,,,,,2020,11,47,323,0,0,0,1
278,의성,2020-11-19,17.3,11.9,2348,23.2,1021,,,,,,38.9,10.9,200,1019,5.2,200,1028,2.0,1746,290,14.4,70,1024,84.0,16.9,998.2,1013.6,0001,1002.0,1236,1007.8,10.2,0.4,,,,,,,,,9.5,7.3,16.3,11.1,,,,,,,,,,,,,,,2020,11,47,324,0,0,0,1
278,의성,2020-11-20,7.2,0.4,2339,11.9,0001,,,,,,,9.6,290,0503,4.7,290,0510,2.4,2115,290,2.5,63,1256,73.0,7.4,1007.0,1024.2,2352,1010.9,0158,1017.0,10.1,0.2,,,,,,,,,7.4,7.4,8.1,-3.9,,,,,,,,,,,,,,,2020,11,47,325,0,0,0,0
278,의성,2020-11-21,4.0,-2.4,0707,9.6,1617,,,,,,,2.5,50,1751,1.4,50,1754,0.4,307,50,1.6,65,1354,85.4,7.0,1014.2,1026.9,0838,1022.0,2346,1024.4,10.1,0.0,,,,,,,,,5.6,4.8,5.4,-6.9,,,,,,,,,,,,,,,2020,11,47,326,0,0,0,0
278,의성,2020-11-22,7.7,5.0,0001,11.0,1427,,,,,,1.1,7.7,320,2152,3.8,290,2213,1.1,971,290,4.4,62,2220,80.9,8.5,1010.8,1023.1,2352,1018.7,1518,1020.8,10.1,0.3,,,,,,,,,8.1,8.0,8.9,3.1,,,,,,,,,,,,,,,2020,11,47,327,0,0,0,1
278,의성,2020-11-23,2.1,-2.9,2357,9.1,1516,,,,,,,7.2,270,1407,3.7,320,1217,1.3,1112,270,-3.0,34,1644,72.0,4.9,1016.1,1028.3,2339,1023.1,0001,1026.3,10.1,8.6,,,,,,,,,1.6,0.0,3.7,-6.9,,,,,,,,,,,,,,,2020,11,48,328,0,0,0,0
278,의성,2020-11-24,2.5,-3.6,0133,10.2,1408,,,,,,,3.2,250,1534,2.0,250,1535,0.5,411,230,-2.6,39,1310,72.3,5.1,1017.2,1029.9,0741,1025.3,1632,1027.4,10.0,2.3,,,,,,,,,5.9,4.8,4.2,-7.5,,,,,,,,,,,,,,,2020,11,48,329,0,0,0,0
278,의성,2020-11-25,2.4,-4.2,0721,12.9,1453,,,,,,,7.0,290,1523,3.8,290,1524,0.7,589,340,-2.8,29,1316,74.3,5.0,1016.1,1028.8,0916,1024.3,1436,1026.4,10.0,8.4,,,,,,,,,1.3,0.0,2.8,-8.9,,,,,,,,,,,,,,,2020,11,48,330,0,0,0,0
278,의성,2020-11-26,4.9,-2.3,0107,13.3,1423,,,,,,,3.0,270,1125,1.5,250,1128,0.4,350,20,0.7,44,1425,77.3,6.5,1015.6,1027.9,0846,1023.1,1457,1025.8,10.0,5.3,,,,,,,,,7.8,3.0,5.9,-6.9,,,,,,,,,,,,,,,2020,11,48,331,0,0,0,0
278,의성,2020-11-27,5.5,-0.7,2337,10.8,1354,,,,,,,11.6,270,1453,5.3,270,1455,1.7,1467,290,-0.1,45,1402,69.3,6.2,1013.9,1026.4,2333,1020.7,1440,1024.0,10.0,2.4,,,,,,,,,5.6,4.5,6.4,-6.2,,,,,,,,,,,,,,,2020,11,48,332,0,0,0,0
278,의성,2020-11-28,1.4,-4.4,0728,6.8,1357,,,,,,,8.2,270,1304,4.6,270,1309,1.3,1100,290,-7.9,23,1449,54.4,3.5,1016.8,1028.2,0910,1024.8,1522,1027.1,9.9,8.1,,,,,,,,,4.1,1.1,2.2,-10.2,,,,,,,,,,,,,,,2020,11,48,333,0,0,0,0
278,의성,2020-11-29,1.2,-5.2,0743,7.5,1510,,,,,,,8.6,270,1510,4.7,320,1416,1.2,1035,270,-4.6,40,1237,67.3,4.3,1018.2,1031.5,2340,1026.2,1345,1028.5,9.9,7.2,,,,,,,,,4.0,1.5,2.6,-10.1,,,,,,,,,,,,,,,2020,11,48,334,0,0,0,0
278,의성,2020-11-30,-0.8,-6.3,0724,7.8,1444,,,,,,,8.4,320,1422,4.1,290,1405,0.9,750,270,-6.7,28,1407,68.6,3.7,1023.0,1035.6,2114,1031.2,1500,1033.5,9.9,8.5,,,,,,,,,0.0,0.0,1.3,-11.7,,,,,,,,,,,,,,,2020,11,49,335,0,0,0,0
278,의성,2020-12-01,-1.2,-8.0,0709,8.6,1450,,,,,,,2.6,270,1540,1.6,250,1647,0.3,271,250,-8.2,24,1630,64.8,3.3,1023.8,1037.3,0814,1031.5,1512,1034.3,9.9,8.0,,,,,,,,,3.4,0.1,1.1,-12.5,,,,,,,,,,,,,,,2020,12,49,336,0,0,0,0
278,의성,2020-12-02,0.5,-4.7,0439,9.7,1511,,,,,,,4.2,360,1221,2.4,250,1500,0.5,420,250,-6.7,24,1349,63.6,3.7,1018.9,1033.2,0050,1026.1,1529,1029.3,9.9,6.0,,,,,,,,,3.9,2.5,1.9,-9.1,,,,,,,,,,,,,,,2020,12,49,337,0,0,0,0
278,의성,2020-12-03,0.2,-5.6,0659,8.8,1406,,,,,,,8.8,320,1606,5.0,270,1422,1.1,983,290,-8.1,22,1441,60.4,3.4,1017.7,1029.9,2355,1025.7,1506,1028.1,9.8,8.2,,,,,,,,,4.9,0.8,1.4,-10.8,,,,,,,,,,,,,,,2020,12,49,338,0,0,0,0
278,의성,2020-12-04,-2.2,-7.8,0715,6.4,1531,,,,,,,6.6,250,1536,3.0,250,1509,0.6,551,270,-9.3,24,1534,63.4,3.1,1018.8,1031.3,0959,1026.6,1357,1029.3,9.8,8.2,,,,,,,,,2.5,0.3,0.1,-12.9,,,,,,,,,,,,,,,2020,12,49,339,0,0,0,0
278,의성,2020-12-05,-1.6,-8.7,0635,8.0,1318,,,,,,,7.5,270,1425,3.8,270,1338,0.7,599,290,-5.8,44,1326,75.4,4.0,1019.1,1032.0,0936,1027.4,1525,1029.6,9.8,7.3,,,,,,,,,1.8,0.3,0.1,-13.5,,,,,,,,,,,,,,,2020,12,49,340,0,0,0,0
278,의성,2020-12-06,-0.2,-7.2,0719,9.9,1439,,,,,,,6.3,290,1314,3.3,270,1321,0.6,503,250,-4.6,40,1511,76.0,4.4,1017.5,1030.1,0937,1025.3,1537,1027.9,9.8,8.3,,,,,,,,,0.1,0.0,1.0,-12.5,,,,,,,,,,,,,,,2020,12,49,341,0,0,0,0
278,의성,2020-12-07,1.3,-5.9,0644,9.0,1250,,,,,,,7.7,270,2031,3.7,290,1904,1.1,950,290,-3.8,48,2225,70.9,4.7,1016.6,1029.1,0231,1024.2,1356,1026.9,9.8,2.0,,,,,,,,,2.9,0.9,1.1,-10.9,,,,,,,,,,,,,,,2020,12,50,342,0,0,0,0
278,의성,2020-12-08,-2.3,-7.5,2355,6.6,1434,,,,,,,5.7,270,1216,3.4,250,1306,0.7,622,270,-9.4,22,1538,62.3,3.0,1017.4,1029.8,0745,1025.4,1400,1027.9,9.8,6.4,,,,,,,,,1.8,1.1,-0.2,-13.2,,,,,,,,,,,,,,,2020,12,50,343,0,0,0,0
278,의성,2020-12-09,-1.9,-10.2,0634,7.8,1510,,,,,,,3.3,200,1458,1.7,230,1620,0.4,314,70,-10.2,22,1503,58.3,2.8,1015.9,1029.7,0817,1023.5,1605,1026.3,9.8,7.5,,,,,,,,,1.9,1.3,-0.3,-15.2,,,,,,,,,,,,,,,2020,12,50,344,0,0,0,0
278,의성,2020-12-10,3.4,-1.2,2358,11.8,1436,,,,,,,5.6,360,1401,3.6,320,1351,0.5,468,290,-3.0,42,1123,65.0,5.0,1011.7,1024.2,0949,1019.4,1513,1021.9,9.7,6.0,,,,,,,,,4.4,3.6,4.3,-6.6,,,,,,,,,,,,,,,2020,12,50,345,0,0,0,0
278,의성,2020-12-11,3.1,-2.4,0338,10.5,1400,,,,,,,6.1,230,1404,3.7,250,1417,0.6,487,250,-1.0,44,1512,76.5,5.7,1008.9,1021.9,0001,1016.6,1525,1019.1,9.7,3.7,,,,,,,,,8.8,1.6,3.3,-7.9,,,,,,,,,,,,,,,2020,12,50,346,0,0,0,0
278,의성,2020-12-12,1.5,-4.9,2359,9.3,1418,,,,,,,10.0,340,1521,5.7,320,1339,1.2,1016,290,-6.2,22,1422,62.1,4.0,1007.5,1018.6,0855,1016.1,1454,1017.7,9.7,8.0,,,,,,,,,3.0,0.5,2.0,-11.2,,,,,,,,,,,,,,,2020,12,50,347,0,0,0,0
278,의성,2020-12-13,-1.5,-6.9,0619,4.2,1500,,,,,,0.2,9.8,250,1925,4.7,290,2127,0.8,717,290,-6.8,42,2142,69.0,3.8,1007.8,1021.8,2358,1012.7,1421,1018.2,9.7,0.3,,,,,,,,,7.3,4.6,-1.1,-11.1,,,,,,,,,,,,,,,2020,12,50,348,0,0,0,1
278,의성,2020-12-14,-4.5,-10.9,2400,-0.8,1423,,,,,,,10.5,340,1446,5.9,320,1447,2.7,2321,290,-17.9,20,1440,36.1,1.5,1015.8,1029.2,2328,1021.7,0002,1026.4,9.7,8.4,,,,,,,,,2.5,0.8,-2.4,-16.3,,,,,,,,,,,,,,,2020,12,51,349,0,0,0,0
278,의성,2020-12-15,-7.7,-13.4,0543,-1.1,1442,,,,,,,10.3,340,1415,5.4,320,1313,1.4,1203,290,-19.4,14,1248,44.9,1.4,1018.6,1031.2,0926,1027.9,1505,1029.3,9.7,8.4,,,,,,,,,0.0,0.0,-5.6,-19.2,,,,,,,,,,,,,,,2020,12,51,350,0,0,0,0
278,의성,2020-12-16,-8.1,-14.4,0723,-0.3,1354,,,,,,,9.1,290,1046,4.9,290,1055,1.4,1218,290,-19.9,11,1234,47.4,1.4,1018.7,1031.0,2357,1027.5,1418,1029.4,9.7,8.3,,,,,,,,,0.0,0.0,-6.0,-19.0,,,,,,,,,,,,,,,2020,12,51,351,0,0,0,0
278,의성,2020-12-17,-7.7,-15.9,0729,2.1,1348,,,,,,,8.6,270,1503,4.4,250,1333,1.0,828,250,-16.7,18,1454,53.9,1.7,1019.5,1032.2,0309,1028.1,1447,1030.2,9.7,8.3,,,,,,,,,0.0,0.0,-5.8,-20.5,,,,,,,,,,,,,,,2020,12,51,352,0,0,0,0
278,의성,2020-12-18,-2.5,-10.8,0137,5.1,1412,,,,,,,7.0,320,1633,3.5,290,1611,1.0,860,250,-10.0,42,1949,56.8,3.0,1016.6,1030.0,0008,1024.6,1406,1027.1,9.7,1.4,,,,,,,,,5.8,5.6,-2.1,-15.1,,,,,,,,,,,,,,,2020,12,51,353,0,0,0,0
278,의성,2020-12-19,-5.9,-11.6,0820,2.3,1359,,,,,,,8.1,270,1457,5.0,290,1422,1.1,977,290,-16.5,10,1417,52.0,1.8,1020.8,1033.0,0911,1029.2,0002,1031.4,9.7,8.3,,,,,,,,,2.1,0.0,-5.0,-18.5,,,,,,,,,,,,,,,2020,12,51,354,0,0,0,0
278,의성,2020-12-20,-6.4,-13.5,0707,4.6,1421,,,,,,,7.9,270,1454,4.3,290,1602,0.8,653,270,-14.5,22,1329,57.4,2.0,1021.0,1033.8,0644,1028.4,1428,1031.7,9.7,8.1,,,,,,,,,1.3,0.0,-5.4,-17.8,,,,,,,,,,,,,,,2020,12,51,355,0,0,0,0
278,의성,2020-12-21,-4.4,-12.5,0649,6.3,1528,,,,,,,6.3,250,1322,3.5,250,1302,0.6,547,270,-9.5,41,1525,69.5,3.0,1018.4,1031.4,0043,1026.4,1506,1028.9,9.7,7.7,,,,,,,,,0.1,0.1,-4.1,-17.5,,,,,,,,,,,,,,,2020,12,52,356,0,0,0,0
278,의성,2020-12-22,-2.7,-10.2,0639,8.4,1432,,,,,,,8.3,320,1501,4.6,250,1533,0.7,612,290,-7.8,34,1501,72.0,3.5,1015.8,1028.3,0157,1023.0,1434,1026.2,9.7,7.8,,,,,,,,,0.8,0.1,-2.5,-16.1,,,,,,,,,,,,,,,2020,12,52,357,0,0,0,0
278,의성,2020-12-23,-1.6,-9.1,0712,8.6,1418,,,,,,,4.5,290,1657,2.4,230,1351,0.4,374,230,-5.3,49,1359,78.1,4.2,1012.9,1027.6,0835,1019.5,2155,1023.3,9.7,3.2,,,,,,,,,4.5,1.4,-1.4,-14.5,,,,,,,,,,,,,,,2020,12,52,358,0,0,0,0
278,의성,2020-12-24,2.1,-5.0,0122,10.0,1345,,,,,,,12.1,320,1618,5.6,290,1627,1.6,1413,290,-5.7,26,1612,61.4,4.0,1006.8,1019.6,0003,1014.1,1358,1017.0,9.7,7.2,,,,,,,,,3.9,1.3,-0.1,-11.0,,,,,,,,,,,,,,,2020,12,52,359,0,0,0,0
278,의성,2020-12-25,-1.7,-7.7,2347,5.1,1327,,,,,,,10.5,320,1457,5.8,290,1446,1.7,1482,290,-9.8,28,1353,58.5,3.0,1012.3,1026.0,2316,1018.9,0104,1022.7,9.7,8.3,,,,,,,,,0.1,0.1,-1.7,-14.2,,,,,,,,,,,,,,,2020,12,52,360,0,0,0,0
278,의성,2020-12-26,-2.9,-9.4,0603,6.8,1456,,,,,,,4.5,290,1455,3.2,320,1458,0.3,252,110,-6.5,46,1323,78.1,3.9,1015.1,1027.8,0846,1023.1,1459,1025.5,9.7,2.8,,,,,,,,,6.0,2.1,-2.6,-15.0,,,,,,,,,,,,,,,2020,12,52,361,0,0,0,0
278,의성,2020-12-27,-0.4,-5.5,0747,6.1,1518,,,,,,,2.1,160,1428,1.2,160,1432,0.2,132,140,-2.9,61,1516,83.9,5.0,1012.4,1025.2,0257,1020.3,1553,1022.8,9.7,0.0,,,,,,,,,8.9,4.5,-0.5,-10.3,,,,,,,,,,,,,,,2020,12,52,362,0,0,0,0
278,의성,2020-12-28,0.4,-6.4,0718,12.1,1521,,,,,,,2.9,250,1422,1.4,270,1554,0.3,245,50,-2.9,47,1522,81.3,5.0,1013.3,1025.8,0943,1021.6,1508,1023.6,9.7,7.5,,,,,,,,,3.3,1.5,1.1,-11.7,,,,,,,,,,,,,,,2020,12,53,363,0,0,0,0
278,의성,2020-12-29,1.1,-6.0,0553,10.7,1438,,,,,,1.2,7.1,340,1710,4.4,320,1720,1.0,860,270,-2.7,41,1431,78.5,5.1,1009.0,1024.0,0438,1014.7,1509,1019.3,9.7,2.1,,,,,,,,,7.1,3.8,0.6,-11.4,,,,,,,,,,,,,,,2020,12,53,364,0,0,0,1
278,의성,2020-12-30,-6.6,-9.6,2400,0.8,0001,,,,,,,12.9,320,1313,6.8,290,1102,3.4,2922,290,-16.5,29,1544,46.1,1.8,1009.2,1023.9,2358,1015.1,0102,1019.7,9.7,8.3,,,,,,,,,1.3,0.6,-3.8,-14.3,,,,,,,,,,,,,,,2020,12,53,365,0,0,0,0
278,의성,2020-12-31,-7.3,-14.6,0748,-1.1,1504,,,,,,,8.9,270,1242,4.7,320,1335,1.9,1602,270,-15.3,35,1415,54.5,1.9,1014.5,1027.1,0935,1022.5,1646,1025.1,9.7,7.6,,,,,,,,,1.0,0.9,-5.3,-18.6,,,,,,,,,,,,,,,2020,12,53,366,0,0,0,0
278,의성,2021-01-01,-5.9,-14.3,0716,0.7,1438,,,,,,0.4,5.1,230,1507,2.8,250,1515,0.5,466,200,-8.8,52,1137,81.4,3.4,1015.1,1028.3,0857,1023.8,1548,1025.7,9.7,3.6,,,,,,,,,4.1,4.1,-3.8,-19.5,,,,,,,,,,,,,,,2021,1,53,1,0,0,0,1
278,의성,2021-01-02,-4.9,-10.1,2359,1.9,1351,,,,,,0.0,10.0,290,1311,5.4,270,1319,1.2,1042,270,-11.5,23,1416,66.3,2.6,1017.0,1030.2,2118,1024.3,0003,1027.6,9.8,7.6,,,,,,,,,0.8,0.8,-2.0,-15.6,,,,,,,,,,,,,,,2021,1,53,2,0,0,0,0
278,의성,2021-01-03,-5.7,-12.5,0431,1.9,1329,,,,,,,10.2,340,1444,5.4,320,1437,1.1,974,250,-12.8,29,1326,61.5,2.3,1022.0,1035.0,0903,1030.2,0001,1032.7,9.8,6.7,,,,,,,,,5.9,0.0,-4.8,-17.5,,,,,,,,,,,,,,,2021,1,53,3,0,0,0,0
278,의성,2021-01-04,-5.4,-13.2,0739,3.9,1448,,,,,,,4.6,250,1440,2.6,230,1447,0.4,375,250,-11.8,27,1428,65.1,2.5,1020.3,1034.1,0914,1028.2,2210,1030.9,9.8,7.8,,,,,,,,,2.3,0.4,-4.0,-18.4,,,,,,,,,,,,,,,2021,1,1,4,0,0,0,0
278,의성,2021-01-05,-3.7,-11.2,2357,1.9,1311,,,,,,,10.2,270,1140,5.9,270,1157,1.6,1340,270,-13.0,19,1541,53.1,2.4,1016.9,1029.2,0912,1025.3,1439,1027.4,9.8,7.3,,,,,,,,,2.8,1.5,-2.8,-17.6,,,,,,,,,,,,,,,2021,1,1,5,0,0,0,0
278,의성,2021-01-06,-7.8,-16.2,0739,0.5,1346,,,,,,,11.6,270,1444,5.5,270,1449,0.9,817,290,-15.6,28,1444,57.8,1.8,1012.8,1029.0,0225,1017.0,2338,1023.4,9.8,8.4,,,,,,,,,2.3,2.3,-5.9,-22.0,,,,,,,,,,,,,,,2021,1,1,6,0,0,0,0
278,의성,2021-01-07,-11.5,-19.4,2358,-4.5,0220,,,,,,1.3,14.8,290,0252,7.8,290,0234,3.2,2765,290,-21.3,26,1635,46.3,1.2,1012.7,1025.8,2027,1016.3,0113,1023.5,9.8,8.4,,,,,,,,,1.4,1.0,-3.5,-25.4,,,,,,,,,,,,,,,2021,1,1,7,0,0,0,1
278,의성,2021-01-08,-14.1,-21.6,0651,-6.4,1503,,,,,,,8.7,340,1408,4.6,290,1441,1.4,1192,290,-21.4,31,1222,57.6,1.1,1012.7,1026.3,0903,1020.5,1448,1023.6,9.8,8.5,,,,,,,,,0.0,0.0,-6.5,-27.2,,,,,,,,,,,,,,,2021,1,1,8,0,0,0,0
278,의성,2021-01-09,-12.2,-20.2,0741,-3.6,1452,,,,,,,11.6,320,1604,5.9,290,1530,1.4,1221,290,-19.1,29,1253,60.3,1.4,1012.9,1026.0,2354,1020.3,1442,1023.7,9.9,8.5,,,,,,,,,0.6,0.0,-6.7,-26.0,,,,,,,,,,,,,,,2021,1,1,9,0,0,0,0
278,의성,2021-01-10,-9.7,-18.1,0733,0.1,1509,,,,,,,6.5,250,1532,3.8,250,1218,0.8,701,250,-17.0,27,1408,60.6,1.6,1016.6,1029.5,2339,1024.6,1500,1027.3,9.9,8.3,,,,,,,,,0.6,0.5,-6.0,-23.4,,,,,,,,,,,,,,,2021,1,1,10,0,0,0,0
278,의성,2021-01-11,-8.0,-14.2,0624,-1.7,1510,,,,,,,2.4,270,1701,1.3,250,1705,0.3,236,250,-13.2,47,1601,68.1,2.2,1015.3,1030.3,0611,1022.2,2400,1026.0,9.9,1.2,,,,,,,,,7.1,3.4,-5.4,-18.5,,,,,,,,,,,,,,,2021,1,2,11,0,0,0,0
278,의성,2021-01-12,-6.3,-15.1,0702,3.4,1521,,,,,,,6.7,230,1337,4.2,250,1340,0.6,515,270,-11.2,38,1537,70.1,2.7,1008.0,1022.3,0003,1015.4,1603,1018.5,9.9,6.6,,,,,,,,,2.0,1.4,-4.7,-20.3,,,,,,,,,,,,,,,2021,1,2,12,0,0,0,0
278,의성,2021-01-13,-0.5,-9.2,0537,10.3,1456,,,,,,,7.8,230,1543,4.1,250,1546,0.6,554,250,-6.2,35,1457,69.3,3.9,1005.7,1017.9,0652,1012.5,1441,1015.9,9.9,7.9,,,,,,,,,0.0,0.0,-1.4,-15.0,,,,,,,,,,,,,,,2021,1,2,13,0,0,0,0
278,의성,2021-01-14,0.4,-6.2,0746,11.6,1552,,,,,,,2.5,70,1725,1.3,50,1725,0.3,281,340,-8.6,12,1338,59.5,3.3,1011.4,1024.7,0924,1017.6,0007,1021.7,9.9,8.3,,,,,,,,,0.0,0.0,-0.6,-13.3,,,,,,,,,,,,,,,2021,1,2,14,0,0,0,0
278,의성,2021-01-15,4.3,-5.7,0739,13.9,1529,,,,,,,9.5,320,2211,4.8,290,1956,1.0,858,290,-2.8,41,1406,61.6,5.2,1006.3,1021.8,0212,1011.3,1711,1016.4,10.0,4.2,,,,,,,,,6.3,1.6,2.1,-10.8,,,,,,,,,,,,,,,2021,1,2,15,0,0,0,0
278,의성,2021-01-16,-0.3,-4.4,2352,5.8,0004,,,,,,,10.0,270,1535,5.2,290,1535,2.2,1888,290,-10.1,19,1528,50.5,3.0,1012.2,1026.9,2348,1015.6,0038,1022.5,10.0,8.3,,,,,,,,,2.9,0.6,-0.2,-11.4,,,,,,,,,,,,,,,2021,1,2,16,0,0,0,0
278,의성,2021-01-17,-4.2,-10.7,0805,1.4,1419,,,,,,0.0,9.0,340,1400,4.8,320,1342,1.7,1501,290,-15.3,19,1258,44.6,1.9,1016.0,1029.3,0954,1024.3,1502,1026.5,10.0,8.7,,,,,,,,,4.1,2.8,-3.1,-16.8,,,,,,,,,,,,,,,2021,1,2,17,0,0,0,0
278,의성,2021-01-18,-3.4,-9.3,0745,4.7,1521,,,,,,0.0,13.4,270,1904,6.3,270,1555,1.8,1567,290,-8.8,34,2009,68.3,3.3,1010.4,1026.2,2355,1014.7,1519,1020.8,10.0,1.5,,,,,,,,,3.8,2.1,-2.7,-15.3,,,,,,,,,,,,,,,2021,1,3,18,0,0,0,0
278,의성,2021-01-19,-7.1,-13.8,0739,1.8,1609,,,,,,,2.9,90,1336,1.6,340,1256,0.4,358,70,-15.5,20,1504,55.3,1.8,1020.9,1033.3,2109,1026.3,0001,1031.6,10.1,8.7,,,,,,,,,0.3,0.0,-4.6,-19.2,,,,,,,,,,,,,,,2021,1,3,19,0,0,0,0
278,의성,2021-01-20,-4.7,-13.5,0749,7.5,1621,,,,,,,3.1,250,1518,1.7,250,1524,0.3,270,250,-13.7,19,1412,55.4,2.1,1020.1,1034.6,0713,1027.7,1653,1030.7,10.1,8.5,,,,,,,,,0.3,0.0,-3.3,-18.4,,,,,,,,,,,,,,,2021,1,3,20,0,0,0,0
278,의성,2021-01-21,2.2,-8.3,0154,12.3,1414,,,,,,0.6,4.4,270,1414,2.5,270,1421,0.4,318,230,-3.3,36,1109,69.3,5.2,1013.7,1029.1,0206,1020.3,1509,1023.9,10.1,5.0,,,,,,,,,7.5,6.9,1.2,-13.2,,,,,,,,,,,,,,,2021,1,3,21,0,0,0,1
278,의성,2021-01-22,5.8,3.1,0540,10.7,1513,,,,,,0.8,2.6,250,1552,1.6,250,1549,0.3,272,230,4.9,78,1459,94.6,8.7,1008.8,1020.5,0001,1016.8,1534,1018.8,10.1,0.8,,,,,,,,,8.3,7.6,4.7,2.0,,,,,,,,,,,,,,,2021,1,3,22,0,0,0,1
278,의성,2021-01-23,7.3,2.7,0602,11.3,1043,,,,,,0.1,8.6,50,1638,4.5,50,1612,1.7,1493,70,4.0,66,1248,80.8,8.1,1009.9,1022.5,2300,1018.2,1412,1019.9,10.2,0.0,,,,,,,,,9.3,8.6,4.1,-2.1,,,,,,,,,,,,,,,2021,1,3,23,0,0,0,1
278,의성,2021-01-24,4.9,-1.4,2352,12.1,1303,,,,,,0.0,6.3,90,1522,3.6,90,1550,0.8,727,90,0.9,49,1306,78.1,6.6,1015.4,1028.7,2359,1022.2,0047,1025.5,10.2,3.0,,,,,,,,,7.1,4.3,3.7,-7.9,,,,,,,,,,,,,,,2021,1,3,24,0,0,0,0
278,의성,2021-01-25,4.2,-3.0,0801,14.0,1515,,,,,,,4.0,20,1509,2.3,90,1754,0.4,359,70,-0.3,38,1556,76.0,6.0,1016.5,1030.2,0745,1023.3,1704,1026.7,10.2,6.5,,,,,,,,,5.1,2.6,3.4,-8.8,,,,,,,,,,,,,,,2021,1,4,25,0,0,0,0
278,의성,2021-01-26,3.0,-0.8,0127,6.7,1639,,,,,,5.1,2.5,250,1648,1.4,230,1643,0.2,213,90,2.4,89,1649,96.1,7.3,1009.3,1023.9,0008,1016.3,1620,1019.5,10.2,0.2,,,,,,,,,8.8,7.1,2.4,-5.3,,,,,,,,,,,,,,,2021,1,4,26,0,0,0,1
278,의성,2021-01-27,2.5,-2.7,2323,9.4,1405,,,,,,,5.3,270,0522,3.1,270,0505,0.8,723,230,-3.6,27,1359,69.0,4.8,1011.4,1023.9,0952,1019.4,0001,1021.6,10.3,6.9,,,,,,,,,7.1,1.4,2.9,-6.6,,,,,,,,,,,,,,,2021,1,4,27,0,0,0,0
278,의성,2021-01-28,-1.3,-5.9,2351,8.8,1231,,,,,,0.3,16.5,270,1531,8.1,290,1538,2.8,2435,290,-8.1,26,1236,63.9,3.6,1005.5,1020.9,0001,1008.6,1301,1015.8,10.3,5.2,,,,,,,,,4.8,1.9,-0.4,-7.5,,,,,,,,,,,,,,,2021,1,4,28,0,0,0,1
278,의성,2021-01-29,-5.9,-10.1,2354,-0.7,1426,,,,,,,11.5,340,0210,6.0,290,0059,3.4,2912,290,-18.4,23,1511,38.4,1.5,1013.9,1028.2,2350,1020.6,0001,1024.4,10.3,8.8,,,,,,,,,0.0,0.0,-4.2,-14.6,,,,,,,,,,,,,,,2021,1,4,29,0,0,0,0
278,의성,2021-01-30,-3.7,-12.4,0427,6.2,1641,,,,,,,5.6,250,1418,3.1,250,1423,0.6,485,250,-9.2,35,1855,66.4,3.3,1015.5,1028.8,2335,1022.5,1344,1026.1,10.4,4.0,,,,,,,,,3.6,2.3,-2.6,-15.7,,,,,,,,,,,,,,,2021,1,4,30,0,0,0,0
278,의성,2021-01-31,0.1,-9.5,0734,12.3,1528,,,,,,,7.3,250,1536,4.8,250,1545,0.5,414,230,-7.7,18,1328,63.3,3.5,1017.2,1032.4,0807,1023.1,2400,1027.6,10.4,8.3,,,,,,,,,1.9,0.6,-0.2,-15.1,,,,,,,,,,,,,,,2021,1,4,31,0,0,0,0
278,의성,2021-02-01,4.5,0.1,0001,9.2,1604,,,,,,10.2,8.2,290,2319,4.5,290,2320,0.5,418,160,2.8,44,2323,91.3,7.7,1005.9,1023.1,0001,1011.7,1616,1016.0,10.4,0.0,,,,,,,,,8.9,7.3,2.6,-2.0,,,,,,,,,,,,,,,2021,2,5,32,1,0,0,1
278,의성,2021-02-02,-1.7,-6.6,2251,5.3,0001,,,,,,,12.1,320,1557,6.4,290,1527,3.5,3003,290,-16.1,19,1217,35.0,1.8,1012.6,1024.9,2112,1017.3,0004,1023.0,10.4,9.0,,,,,,,,,1.1,1.1,-0.6,-10.9,,,,,,,,,,,,,,,2021,2,5,33,1,1,0,0
278,의성,2021-02-03,-2.7,-9.5,0742,3.8,1528,,,,,,,7.3,290,1540,4.1,250,1247,1.6,1355,270,-13.2,20,1516,47.8,2.3,1014.8,1028.7,0940,1021.3,2347,1025.2,10.5,9.0,,,,,,,,,1.0,1.0,-1.3,-13.7,,,,,,,,,,,,,,,2021,2,5,34,1,1,0,0
278,의성,2021-02-04,-1.1,-7.3,2351,5.0,1528,,,,,,,9.0,270,0840,4.7,270,0832,1.9,1664,270,-13.5,17,1110,45.9,2.3,1014.4,1026.4,1045,1021.2,0048,1024.7,10.5,9.3,,,,,,,,,1.5,0.8,0.3,-12.5,,,,,,,,,,,,,,,2021,2,5,35,1,1,0,0
278,의성,2021-02-05,-1.7,-10.0,0709,9.0,1539,,,,,,,5.2,340,1454,3.3,320,1456,0.5,424,250,-9.8,21,1445,58.9,3.0,1011.2,1027.2,0304,1017.2,1750,1021.6,10.6,4.8,,,,,,,,,5.5,2.5,-0.9,-13.7,,,,,,,,,,,,,,,2021,2,5,36,1,1,0,0
278,의성,2021-02-06,0.9,-7.7,0621,13.1,1511,,,,,,,6.7,250,1407,3.8,250,1412,0.7,581,270,-4.1,43,1530,72.3,4.7,1005.9,1017.8,0001,1013.3,1430,1016.1,10.6,5.2,,,,,,,,,2.9,2.3,1.6,-11.9,,,,,,,,,,,,,,,2021,2,5,37,1,1,0,0
278,의성,2021-02-07,4.4,-3.4,0739,12.9,1446,,,,,,,9.1,320,1522,4.7,290,1504,1.5,1298,290,-4.5,25,2128,59.0,4.6,1009.0,1021.9,2358,1016.7,0001,1019.1,10.6,8.2,,,,,,,,,0.3,0.3,2.9,-8.5,,,,,,,,,,,,,,,2021,2,5,38,1,1,0,0
278,의성,2021-02-08,-1.4,-6.8,0510,4.3,1352,,,,,,,12.6,340,1539,6.1,340,1325,2.4,2079,250,-13.6,17,1442,43.8,2.2,1015.0,1028.5,2359,1021.8,0007,1025.4,10.6,9.3,,,,,,,,,0.0,0.0,0.2,-12.3,,,,,,,,,,,,,,,2021,2,6,39,1,1,0,0
278,의성,2021-02-09,-2.2,-10.0,0641,7.3,1532,,,,,,,10.3,340,1452,4.9,290,1453,1.1,988,270,-12.0,20,1440,52.9,2.5,1016.8,1029.5,0838,1024.6,1525,1027.3,10.7,9.5,,,,,,,,,0.0,0.0,-0.7,-14.7,,,,,,,,,,,,,,,2021,2,6,40,1,1,0,0
278,의성,2021-02-10,-0.7,-9.1,0708,10.0,1507,,,,,,,7.9,270,1251,4.6,270,1256,1.0,860,270,-6.5,36,1453,67.9,3.8,1014.6,1027.1,0228,1021.8,1432,1024.9,10.7,8.9,,,,,,,,,0.1,0.0,0.4,-12.7,,,,,,,,,,,,,,,2021,2,6,41,1,1,0,0
278,의성,2021-02-11,2.2,-6.1,0634,12.2,1522,,,,,,,4.0,360,1223,2.4,320,1207,0.4,343,250,-3.5,36,1446,69.8,4.7,1015.0,1027.9,0830,1022.5,1649,1025.3,10.7,7.0,,,,,,,,,6.4,0.3,2.5,-10.4,,,,,,,,,,,,,,,2021,2,6,42,1,1,0,0
278,의성,2021-02-12,3.8,-3.6,0711,16.3,1518,,,,,,,4.4,230,1333,2.6,250,1415,0.6,480,250,-4.3,15,1530,62.8,4.5,1013.8,1025.4,0816,1021.3,1634,1023.9,10.8,7.9,,,,,,,,,3.9,0.6,4.2,-7.2,,,,,,,,,,,,,,,2021,2,6,43,1,1,0,0
278,의성,2021-02-13,3.9,-5.6,0711,17.2,1511,,,,,,,3.1,70,1344,1.8,70,1347,0.4,307,200,-6.1,16,1438,55.3,3.9,1013.5,1026.9,0843,1020.6,1646,1023.7,10.8,9.4,,,,,,,,,0.3,0.0,3.7,-10.6,,,,,,,,,,,,,,,2021,2,6,44,1,1,0,0
278,의성,2021-02-14,7.0,-1.7,0253,16.1,1515,,,,,,1.7,3.1,290,1022,1.5,270,1028,0.3,297,270,-0.6,30,1506,61.8,6.1,1005.1,1021.8,0002,1009.7,2400,1015.1,10.9,1.3,,,,,,,,,9.1,6.4,5.3,-6.4,,,,,,,,,,,,,,,2021,2,6,45,1,1,0,1
278,의성,2021-02-15,4.3,-2.2,2323,9.5,1256,,,,,,1.7,14.8,270,1359,7.8,270,1432,3.0,2614,290,-2.4,32,1604,66.0,5.9,998.7,1014.7,2255,1005.0,1304,1008.7,10.9,5.2,,,,,,,,,4.6,4.5,5.0,-4.1,,,,,,,,,,,,,,,2021,2,7,46,1,1,0,1
278,의성,2021-02-16,-2.3,-8.2,0730,3.2,1454,,,,,,0.5,10.3,270,0008,4.7,290,0027,2.3,1995,290,-10.3,31,1107,57.0,2.9,1004.6,1016.8,0829,1011.0,1532,1014.9,10.9,4.8,,,,,,,,,1.5,0.9,0.3,-12.3,,,,,,,,,,,,,,,2021,2,7,47,1,1,0,1
278,의성,2021-02-17,-6.0,-7.4,2355,-3.3,1519,,,,,,,17.7,320,1221,8.0,320,1227,4.0,3486,290,-16.5,31,1524,43.4,1.7,1005.5,1018.5,2349,1014.2,1426,1016.0,11.0,5.7,,,,,,,,,2.8,1.8,-3.6,-9.7,,,,,,,,,,,,,,,2021,2,7,48,1,1,0,0
278,의성,2021-02-18,-5.8,-12.4,0620,0.3,1607,,,,,,,9.7,340,0912,5.0,250,1448,2.1,1778,290,-15.0,29,1340,50.6,2.0,1010.1,1022.8,2217,1018.4,0003,1020.7,11.0,9.6,,,,,,,,,0.0,0.0,-2.4,-16.2,,,,,,,,,,,,,,,2021,2,7,49,1,1,0,0
278,의성,2021-02-19,-0.7,-11.5,0655,11.2,1532,,,,,,,8.5,320,1437,5.5,320,1404,1.1,986,290,-7.9,28,1443,63.5,3.5,1006.9,1023.0,0123,1012.4,2334,1017.2,11.0,9.7,,,,,,,,,0.0,0.0,0.2,-15.1,,,,,,,,,,,,,,,2021,2,7,50,1,1,0,0
278,의성,2021-02-20,5.0,-4.9,0705,17.9,1521,,,,,,,10.7,290,1247,6.3,270,1256,1.3,1088,270,-2.4,27,1401,64.6,5.2,999.9,1012.5,0001,1007.4,1417,1009.9,11.1,9.4,,,,,,,,,0.0,0.0,3.0,-9.0,,,,,,,,,,,,,,,2021,2,7,51,1,1,0,0
278,의성,2021-02-21,9.0,-3.3,0658,24.1,1530,,,,,,,10.4,250,1557,5.9,250,1603,1.1,915,250,-1.0,19,1531,58.0,5.8,1000.2,1012.6,0817,1006.7,1520,1010.1,11.1,9.4,,,,,,,,,0.0,0.0,5.3,-8.1,,,,,,,,,,,,,,,2021,2,7,52,1,1,0,0
278,의성,2021-02-22,9.6,-0.5,0715,21.2,1359,,,,,,,10.7,250,1340,6.0,250,1346,1.9,1606,270,-2.6,17,1723,48.6,5.3,1002.3,1019.1,2351,1008.0,1402,1012.1,11.1,9.2,,,,,,,,,0.6,0.0,5.7,-5.8,,,,,,,,,,,,,,,2021,2,8,53,1,1,0,0
278,의성,2021-02-23,2.1,-5.6,0704,10.6,1531,,,,,,,6.5,270,1401,3.8,270,1646,1.2,997,250,-12.2,10,1511,40.3,2.5,1013.1,1025.6,0821,1019.0,0026,1023.3,11.2,9.5,,,,,,,,,2.3,0.0,3.5,-11.1,,,,,,,,,,,,,,,2021,2,8,54,1,1,0,0
278,의성,2021-02-24,2.3,-5.1,0243,11.9,1500,,,,,,,5.5,340,1321,2.2,160,1801,0.6,519,290,-7.1,17,1427,53.9,3.7,1014.7,1027.4,0833,1022.0,1653,1025.0,11.2,7.2,,,,,,,,,6.6,2.4,3.8,-10.2,,,,,,,,,,,,,,,2021,2,8,55,1,1,0,0
278,의성,2021-02-25,3.7,-3.1,0414,9.1,1608,,,,,,0.2,2.6,180,1917,1.7,180,1923,0.3,269,160,-0.2,56,1610,77.6,6.1,1013.5,1025.5,0307,1021.8,1641,1023.7,11.3,1.3,,,,,,,,,9.6,5.3,3.2,-9.1,,,,,,,,,,,,,,,2021,2,8,56,1,1,0,1
278,의성,2021-02-26,6.0,0.3,0700,13.5,1416,,,,,,,9.6,70,1453,4.9,50,1155,1.5,1271,70,-0.4,30,1603,67.6,6.0,1013.6,1026.8,2233,1021.5,0322,1023.6,11.3,8.2,,,,,,,,,7.8,2.3,6.4,-4.9,,,,,,,,,,,,,,,2021,2,8,57,1,0,0,0
278,의성,2021-02-27,4.8,-1.3,2357,10.6,1534,,,,,,,9.1,90,1040,4.2,110,1046,1.7,1428,90,-1.6,41,1500,65.3,5.5,1020.0,1032.0,2208,1026.5,0001,1030.2,11.3,3.5,,,,,,,,,6.9,4.6,6.0,-6.5,,,,,,,,,,,,,,,2021,2,8,58,1,1,0,0
278,의성,2021-02-28,5.1,-3.4,0641,11.5,1352,,,,,,0.3,2.8,250,1346,1.7,200,1707,0.5,434,290,1.4,50,1354,79.3,7.0,1016.9,1031.9,0057,1023.5,2356,1027.1,11.4,3.9,,,,,,,,,7.5,4.9,4.5,-8.7,,,,,,,,,,,,,,,2021,2,8,59,1,1,0,1
278,의성,2021-03-01,7.1,1.2,2357,14.1,1349,,,,,,53.7,8.5,50,1818,5.2,50,1836,1.3,1112,20,6.4,85,2106,95.5,9.8,1004.3,1023.4,0001,1007.1,1620,1014.3,11.4,0.0,,,,,,,,,9.4,8.4,7.2,-0.1,,,,,,,,,,,,,,,2021,3,9,60,1,0,0,1
278,의성,2021-03-02,1.8,-2.1,2357,5.4,1604,,,,,,4.7,3.7,50,1058,2.0,50,1202,0.6,484,290,-0.3,62,1447,87.4,6.0,1013.4,1029.5,2324,1013.0,0001,1023.7,11.4,0.2,,,,,,,,,7.4,6.5,3.7,-7.3,,,,,,,,,,,,,,,2021,3,9,61,1,1,0,1
278,의성,2021-03-03,2.2,-4.2,0623,9.4,1452,,,,,,,4.3,290,1522,2.8,290,1308,0.6,511,290,-2.1,41,1526,77.5,5.3,1019.3,1033.6,0904,1026.9,1707,1029.6,11.5,6.3,,,,,,,,,6.3,1.0,4.6,-9.2,,,,,,,,,,,,,,,2021,3,9,62,1,1,0,0
278,의성,2021-03-04,4.5,-1.6,0654,11.2,1540,,,,,,0.2,4.1,20,1518,1.8,50,1520,0.5,399,290,1.1,45,1458,81.5,6.7,1014.5,1028.4,0001,1020.8,1517,1024.6,11.5,0.1,,,,,,,,,8.9,5.0,5.5,-4.6,,,,,,,,,,,,,,,2021,3,9,63,1,1,0,1
278,의성,2021-03-05,6.6,1.4,0830,17.2,1631,,,,,,,3.6,270,1447,2.0,250,1444,0.7,572,250,2.7,26,1624,81.1,7.4,1009.8,1022.0,0001,1016.3,1607,1019.8,11.5,6.1,,,,,,,,,5.8,4.0,8.8,-1.1,,,,,,,,,,,,,,,2021,3,9,64,1,0,0,0
278,의성,2021-03-06,4.7,0.4,0531,9.0,1130,,,,,,,9.3,90,1219,4.8,70,0947,1.9,1637,70,0.3,56,1146,74.1,6.3,1017.7,1032.1,2303,1021.3,0003,1027.9,11.6,0.0,,,,,,,,,7.1,6.3,4.8,-4.2,,,,,,,,,,,,,,,2021,3,9,65,1,0,0,0
278,의성,2021-03-07,4.8,1.1,2357,9.6,1535,,,,,,,3.7,50,0315,2.2,50,0301,0.9,753,20,-0.2,52,1513,71.3,6.0,1018.1,1031.7,0001,1025.4,1649,1028.3,11.6,1.2,,,,,,,,,6.5,4.4,6.5,-2.2,,,,,,,,,,,,,,,2021,3,9,66,1,0,0,0
278,의성,2021-03-08,4.9,-3.1,0702,15.0,1546,,,,,,,6.5,160,1631,3.1,160,1639,0.8,651,110,-0.5,31,1457,73.8,6.0,1016.5,1029.0,0850,1023.6,1620,1026.7,11.7,9.7,,,,,,,,,0.8,0.1,6.5,-8.3,,,,,,,,,,,,,,,2021,3,10,67,1,1,0,0
278,의성,2021-03-09,5.9,-1.4,0523,14.9,1527,,,,,,,5.8,270,1425,3.1,250,1433,0.9,778,270,-0.5,34,1534,68.4,5.9,1014.2,1027.1,0813,1020.7,1656,1024.3,11.7,7.0,,,,,,,,,6.4,1.3,8.0,-5.4,,,,,,,,,,,,,,,2021,3,10,68,1,1,0,0
278,의성,2021-03-10,6.1,-2.9,0619,16.9,1505,,,,,,,5.6,200,1708,3.1,200,1650,0.9,762,200,-1.0,29,1430,66.0,5.7,1018.2,1030.9,0937,1025.1,0001,1028.3,11.7,9.9,,,,,,,,,0.3,0.0,7.7,-8.1,,,,,,,,,,,,,,,2021,3,10,69,1,1,0,0
278,의성,2021-03-11,8.0,-2.1,0635,18.8,1612,,,,,,,5.0,250,1507,2.5,230,1514,0.6,494,360,-1.0,18,1520,60.8,5.7,1015.4,1030.5,0707,1021.1,1755,1025.5,11.8,7.5,,,,,,,,,5.8,2.0,9.9,-6.9,,,,,,,,,,,,,,,2021,3,10,70,1,1,0,0
278,의성,2021-03-12,7.6,5.9,2350,9.3,1201,,,,,,16.8,3.7,20,1541,2.3,20,1630,0.8,695,20,6.3,65,0001,92.4,9.6,1010.6,1022.3,0738,1018.3,1433,1020.6,11.8,0.0,,,,,,,,,9.4,5.5,7.4,3.3,,,,,,,,,,,,,,,2021,3,10,71,1,0,0,1
278,의성,2021-03-13,7.8,1.7,0738,15.6,1439,,,,,,,6.0,270,1441,3.0,290,1504,0.8,694,270,3.5,41,1441,78.6,7.9,1010.2,1023.6,0821,1017.3,1714,1020.2,11.9,6.8,,,,,,,,,5.1,3.9,10.4,0.1,,,,,,,,,,,,,,,2021,3,10,72,1,0,0,0
278,의성,2021-03-14,8.2,1.5,0708,16.5,1610,,,,,,,7.4,270,1513,4.0,270,1522,1.0,883,290,3.2,40,1614,75.8,7.7,1009.0,1021.0,0858,1017.0,1557,1018.9,11.9,5.6,,,,,,,,,3.1,2.3,10.3,-2.0,,,,,,,,,,,,,,,2021,3,10,73,1,0,0,0
278,의성,2021-03-15,9.8,-0.2,0632,18.3,1635,,,,,,,6.3,250,1412,3.7,250,1310,0.9,736,230,2.9,29,1408,68.0,7.6,1005.9,1020.0,0756,1011.9,1658,1015.8,11.9,7.0,,,,,,,,,5.9,2.9,10.0,-4.3,,,,,,,,,,,,,,,2021,3,11,74,1,1,0,0
278,의성,2021-03-16,12.3,3.0,2400,18.7,1445,,,,,,,10.9,270,0950,5.5,290,0950,2.0,1689,290,0.8,16,1634,53.6,7.2,1002.9,1016.8,2347,1010.5,0403,1012.6,12.0,8.7,,,,,,,,,2.5,2.5,14.2,-1.7,,,,,,,,,,,,,,,2021,3,11,75,1,0,0,0
278,의성,2021-03-17,8.3,-1.8,0626,18.8,1631,,,,,,,5.2,230,1802,2.5,200,1809,0.7,627,230,0.3,25,1636,62.9,6.3,1008.5,1021.0,2351,1016.0,1453,1018.5,12.0,9.9,,,,,,,,,0.0,0.0,11.3,-5.2,,,,,,,,,,,,,,,2021,3,11,76,1,1,0,0
278,의성,2021-03-18,9.2,1.4,0546,17.4,1544,,,,,,,5.7,90,1549,3.4,70,1710,1.0,903,70,3.7,44,1355,72.1,8.0,1010.5,1022.6,0842,1017.2,1458,1020.4,12.1,6.7,,,,,,,,,4.0,1.9,12.8,-3.2,,,,,,,,,,,,,,,2021,3,11,77,1,0,0,0
278,의성,2021-03-19,10.0,4.2,0428,17.5,1411,,,,,,,7.2,90,1704,4.2,90,1720,1.2,1035,90,3.5,38,1447,67.1,7.8,1010.3,1022.7,0810,1017.8,1648,1020.2,12.1,6.5,,,,,,,,,6.6,4.9,13.2,0.3,,,,,,,,,,,,,,,2021,3,11,78,1,0,0,0
278,의성,2021-03-20,7.8,4.3,0322,9.4,1642,,,,,,3.2,3.8,340,1319,1.9,360,1327,0.5,425,200,6.9,72,0001,94.3,10.0,1002.9,1019.3,0001,1010.1,1759,1012.8,12.1,0.0,,,,,,,,,,,8.5,0.5,,,,,,,,,,,,,,,2021,3,11,79,1,0,0,1
278,의성,2021-03-21,7.7,4.4,2315,11.2,1415,,,,,,,11.9,270,1534,6.2,290,1505,3.3,2836,290,0.1,31,1641,60.9,6.4,1002.6,1017.3,2340,1010.1,0159,1012.5,12.2,4.2,,,,,,,,,6.6,4.1,8.7,1.8,,,,,,,,,,,,,,,2021,3,11,80,1,0,0,0
278,의성,2021-03-22,6.1,1.1,0612,12.4,1447,,,,,,,15.1,270,1426,7.5,290,1418,2.9,2470,270,-5.7,20,1240,46.4,4.1,1009.1,1021.4,2321,1016.9,1659,1019.1,12.2,9.3,,,,,,,,,1.0,0.4,8.5,-4.4,,,,,,,,,,,,,,,2021,3,12,81,1,0,0,0
278,의성,2021-03-23,8.2,-2.3,0637,18.9,1457,,,,,,,11.2,340,1517,5.2,290,1519,1.6,1398,290,-2.8,20,1356,53.4,5.0,1010.4,1023.1,0759,1016.8,1517,1020.4,12.2,9.6,,,,,,,,,0.0,0.0,10.2,-8.4,,,,,,,,,,,,,,,2021,3,12,82,1,1,0,0
278,의성,2021-03-24,7.9,-1.4,0637,18.1,1436,,,,,,,5.1,270,1238,2.5,290,1310,0.7,640,250,-2.5,17,1320,55.9,5.2,1009.9,1023.3,0731,1016.6,1726,1019.9,12.3,4.6,,,,,,,,,5.6,1.5,9.3,-6.2,,,,,,,,,,,,,,,2021,3,12,83,1,1,0,0
278,의성,2021-03-25,10.1,-0.7,0621,21.9,1608,,,,,,,6.7,270,1434,3.8,250,1443,0.9,752,270,0.5,22,1644,57.9,6.4,1009.9,1022.3,0854,1016.8,1653,1019.8,12.3,9.5,,,,,,,,,1.4,0.0,12.8,-5.0,,,,,,,,,,,,,,,2021,3,12,84,1,1,0,0
278,의성,2021-03-26,12.7,0.9,0614,23.8,1515,,,,,,,7.0,230,1723,3.3,200,1731,0.7,588,230,-0.4,9,1353,52.0,6.1,1010.5,1023.2,0845,1016.5,1708,1020.3,12.4,8.1,,,,,,,,,5.8,1.3,14.9,-4.9,,,,,,,,,,,,,,,2021,3,12,85,1,0,0,0
278,의성,2021-03-27,11.2,3.4,0556,17.4,1243,,,,,,15.7,3.2,200,1212,1.6,250,1240,0.4,385,290,8.1,46,1144,83.4,11.3,1002.1,1020.1,0039,1002.7,2357,1011.9,12.4,0.2,,,,,,,,,9.6,5.5,11.0,-1.6,,,,,,,,,,,,,,,2021,3,12,86,1,0,0,1
278,의성,2021-03-28,11.9,5.6,2311,15.0,0552,,,,,,6.1,9.3,270,1055,4.7,270,1103,1.7,1446,270,8.9,65,0753,82.9,11.5,993.0,1005.4,2121,998.7,0519,1002.6,12.4,1.2,,,,,,,,,6.4,6.4,11.3,1.5,,,,,,,,,,,,,,,2021,3,12,87,1,0,0,1
278,의성,2021-03-29,12.6,6.1,0001,18.1,1437,,,,,,,10.6,270,1501,6.4,270,1509,2.2,1906,270,2.1,24,1703,53.5,7.3,997.0,1009.5,2346,1004.2,0029,1006.6,12.5,8.4,,,,,,,,,4.6,2.4,13.1,3.1,,,,,,,,,,,,,,,2021,3,13,88,1,0,0,0
278,의성,2021-03-30,11.7,4.0,2354,20.7,1553,,,,,,,7.5,340,1113,4.3,340,1121,1.1,929,360,-2.0,15,1459,46.4,5.4,1001.1,1014.0,2351,1008.8,1515,1010.8,12.5,10.4,,,,,,,,,3.1,2.0,15.1,-1.4,,,,,,,,,,,,,,,2021,3,13,89,1,0,0,0
278,의성,2021-03-31,11.7,-0.4,0601,23.3,1540,,,,,,,5.8,160,1803,2.7,290,1237,0.8,660,320,0.4,12,1544,54.9,6.4,1004.6,1017.1,2338,1010.9,1635,1014.3,12.6,10.1,,,,,,,,,3.3,0.0,14.9,-3.9,,,,,,,,,,,,,,,2021,3,13,90,1,1,0,0
278,의성,2021-04-01,11.3,2.8,0545,20.0,1304,,,,,,,12.2,90,1227,6.3,90,1233,1.8,1542,70,2.2,26,1425,59.3,7.2,1010.8,1022.6,2341,1017.1,0001,1020.6,12.6,7.1,,,,,,,,,5.0,1.9,13.3,-1.7,,,,,,,,,,,,,,,2021,4,13,91,1,0,0,0
278,의성,2021-04-02,15.0,7.5,0012,21.4,1439,,,,,,,7.2,50,0931,3.3,50,0934,1.1,929,70,7.0,43,1436,60.6,10.1,1010.6,1023.1,0629,1017.8,1612,1020.3,12.6,2.3,,,,,,,,,7.6,6.9,17.5,2.8,,,,,,,,,,,,,,,2021,4,13,92,1,0,0,0
278,의성,2021-04-03,14.4,10.8,0302,19.1,1303,3.1,2058,5.1,1656,,26.1,2.9,180,1405,1.5,360,2303,0.5,393,320,12.2,60,1034,87.6,14.5,1003.1,1019.3,0003,1008.1,2332,1012.8,12.7,0.0,,,,,,,,,8.7,8.5,14.3,7.4,,,,,,,,,,,,,,,2021,4,13,93,1,0,0,1
278,의성,2021-04-04,9.6,4.8,2354,14.2,0002,2.3,54,6.2,3,,24.5,7.5,50,0318,4.0,50,0319,1.9,1604,70,5.4,49,1800,76.6,9.2,1005.0,1020.2,2336,1008.1,0008,1014.8,12.7,0.0,,,,,,,,,,,11.7,0.9,,,,,,,,,,,,,,,2021,4,13,94,1,0,0,1
278,의성,2021-04-05,8.0,-0.8,0606,18.1,1557,,,,,,,7.2,20,1058,4.0,50,1105,1.1,975,90,-1.1,18,1736,61.6,5.7,1011.8,1024.1,0711,1019.1,1629,1021.8,12.8,10.6,,,,,,,,,0.9,0.5,12.1,-5.9,,,,,,,,,,,,,,,2021,4,14,95,1,1,0,0
278,의성,2021-04-06,11.1,0.7,0524,21.5,1526,,,,,,,9.6,320,1534,5.5,320,1538,1.4,1179,340,-0.2,17,1500,54.4,6.1,1008.9,1022.5,0106,1014.8,1529,1018.8,12.8,8.9,,,,,,,,,3.3,3.1,14.6,-2.1,,,,,,,,,,,,,,,2021,4,14,96,1,0,0,0
278,의성,2021-04-07,12.1,1.7,0624,23.0,1553,,,,,,,9.7,320,1521,5.2,270,1529,1.1,918,290,1.0,14,1555,55.1,6.6,1008.0,1020.7,0855,1014.2,1637,1017.8,12.8,10.6,,,,,,,,,1.3,0.1,15.8,-2.9,,,,,,,,,,,,,,,2021,4,14,97,1,0,0,0
278,의성,2021-04-08,11.7,2.3,0613,20.4,1519,,,,,,,7.4,250,1407,4.3,290,1421,1.1,979,270,-0.1,17,1552,52.5,6.2,1006.9,1019.2,2355,1013.4,1621,1016.7,12.9,10.4,,,,,,,,,2.9,0.0,15.5,-1.6,,,,,,,,,,,,,,,2021,4,14,98,1,0,0,0
278,의성,2021-04-09,7.9,1.6,0528,14.4,1103,,,,,,,10.4,90,0937,5.6,70,0912,1.8,1575,110,1.6,42,1135,67.9,6.9,1015.9,1031.1,2333,1019.2,0001,1025.9,12.9,4.6,,,,,,,,,4.7,3.3,11.7,-3.0,,,,,,,,,,,,,,,2021,4,14,99,1,0,0,0
278,의성,2021-04-10,8.9,-0.9,0602,18.8,1557,,,,,,,4.0,20,1309,2.1,50,1312,0.7,600,180,0.0,21,1552,61.8,6.2,1020.7,1033.4,0841,1027.7,1624,1030.7,12.9,9.8,,,,,,,,,1.0,0.1,14.5,-4.1,,,,,,,,,,,,,,,2021,4,14,100,1,1,0,0
278,의성,2021-04-11,11.7,0.9,0601,22.6,1540,,,,,,,5.7,230,1551,3.1,250,1557,0.8,728,200,1.8,22,1550,58.8,7.0,1019.5,1032.9,0649,1025.4,1747,1029.4,13.0,10.6,,,,,,,,,1.4,0.0,16.1,-2.8,,,,,,,,,,,,,,,2021,4,14,101,1,0,0,0
278,의성,2021-04-12,11.1,6.4,0613,13.4,1010,0.9,1938,3.6,1933,,18.9,3.0,360,1344,1.8,360,1348,0.5,475,360,7.6,46,0853,81.4,10.9,1009.6,1028.1,0001,1009.5,2357,1019.5,13.0,0.0,,,,,,,,,9.9,7.4,12.7,3.8,,,,,,,,,,,,,,,2021,4,15,102,1,0,0,1
278,의성,2021-04-13,13.9,7.1,2353,18.6,1404,0.4,41,0.6,1,,0.7,11.4,290,1247,5.4,270,1209,2.5,2181,290,7.6,37,1728,68.6,11.0,1000.8,1015.9,2338,1006.7,0333,1010.5,13.0,4.2,,,,,,,,,6.5,5.4,13.7,5.2,,,,,,,,,,,,,,,2021,4,15,103,1,0,0,1
278,의성,2021-04-14,9.7,2.8,0644,17.5,1526,,,,,,,9.6,320,1357,5.4,320,1317,2.3,1956,290,-2.8,17,1347,47.8,5.1,1007.3,1019.8,2400,1015.1,1526,1017.2,13.1,10.7,,,,,,,,,2.3,0.0,14.1,-1.7,,,,,,,,,,,,,,,2021,4,15,104,1,0,0,0
278,의성,2021-04-15,8.7,-0.9,0559,18.6,1619,,,,,,,4.0,230,1712,2.4,250,1712,0.6,559,230,-0.7,16,1527,59.6,5.9,1008.4,1021.7,0704,1014.9,1840,1018.3,13.1,8.4,,,,,,,,,4.5,1.0,12.5,-5.8,,,,,,,,,,,,,,,2021,4,15,105,1,1,0,0
278,의성,2021-04-16,11.9,2.4,0341,20.0,1330,,,,,,,7.6,250,1255,4.4,250,1239,1.2,1022,290,5.0,34,1241,66.5,8.8,1005.9,1017.7,0719,1013.3,1455,1015.7,13.2,3.4,,,,,,,,,7.9,4.8,14.0,-2.0,,,,,,,,,,,,,,,2021,4,15,106,1,0,0,0
278,의성,2021-04-17,10.8,4.3,2354,18.8,1303,,,,,,,12.5,320,1642,6.9,290,1611,1.8,1591,290,0.3,18,1235,55.0,6.6,1003.3,1017.1,0001,1009.3,1552,1013.1,13.2,8.8,,,,,,,,,4.9,0.4,15.2,-0.6,,,,,,,,,,,,,,,2021,4,15,107,1,0,0,0
278,의성,2021-04-18,9.4,1.3,0234,17.2,1516,,,,,,,9.6,270,1115,5.1,270,1545,1.8,1553,270,-0.1,26,1754,56.1,6.1,1004.8,1017.0,2350,1012.3,1650,1014.6,13.2,7.8,,,,,,,,,2.1,1.4,13.1,-2.9,,,,,,,,,,,,,,,2021,4,15,108,1,0,0,0
278,의성,2021-04-19,12.1,-0.1,0539,23.4,1514,,,,,,,9.2,320,1705,5.0,290,1533,1.6,1382,270,0.7,20,1537,54.1,6.5,1006.1,1018.0,0711,1012.6,1631,1015.9,13.3,11.4,,,,,,,,,0.1,0.0,16.4,-5.6,,,,,,,,,,,,,,,2021,4,16,109,1,1,0,0
278,의성,2021-04-20,15.0,3.0,0606,27.0,1611,,,,,,,6.1,250,1550,3.2,250,1554,0.8,712,200,3.1,16,1533,53.5,7.7,1009.5,1021.2,2357,1016.4,1620,1019.2,13.3,10.9,,,,,,,,,1.9,0.0,19.1,-2.1,,,,,,,,,,,,,,,2021,4,16,110,1,0,1,0
278,의성,2021-04-21,18.0,6.7,0556,29.6,1512,,,,,,,6.5,250,1436,3.0,250,1444,0.9,741,200,5.7,14,1703,53.1,9.2,1011.0,1023.2,0701,1017.2,1649,1020.6,13.3,9.9,,,,,,,,,4.5,0.0,21.8,2.7,,,,,,,,,,,,,,,2021,4,16,111,1,0,1,0
278,의성,2021-04-22,19.6,12.2,0312,28.9,1357,,,,,,,8.1,110,1651,4.2,90,1558,1.3,1132,110,4.6,13,1305,44.5,8.8,1009.3,1021.2,0757,1016.3,1518,1018.9,13.4,7.1,,,,,,,,,8.8,5.1,22.5,8.7,,,,,,,,,,,,,,,2021,4,16,112,1,0,1,0
278,의성,2021-04-23,15.4,10.6,2338,19.2,1546,0.0,,0.0,,,0.0,7.4,20,1909,3.3,70,1754,1.3,1124,70,3.9,27,1642,47.8,8.1,1010.5,1022.4,2209,1018.1,0143,1020.2,13.4,0.0,,,,,,,,,9.6,8.0,15.8,8.0,,,,,,,,,,,,,,,2021,4,16,113,1,0,0,0
278,의성,2021-04-24,16.1,9.4,0540,24.7,1612,,,,,,,5.2,270,1645,3.5,270,1653,0.9,795,70,6.4,26,1621,57.4,9.7,1009.4,1022.1,0737,1015.8,1830,1019.1,13.4,7.2,,,,,,,,,8.0,5.9,22.4,6.7,,,,,,,,,,,,,,,2021,4,16,114,1,0,0,0
278,의성,2021-04-25,14.3,6.2,2359,22.3,1528,,,,,,,8.3,50,0917,4.4,70,0751,1.8,1519,70,4.1,28,1424,54.6,8.3,1010.2,1023.8,2345,1017.1,1537,1020.0,13.5,11.0,,,,,,,,,1.9,1.5,21.5,2.3,,,,,,,,,,,,,,,2021,4,16,115,1,0,0,0
278,의성,2021-04-26,11.9,1.5,0529,21.7,1539,,,,,,,6.0,270,1314,3.5,320,1257,1.0,853,200,2.3,27,1516,58.0,7.2,1011.9,1024.4,0815,1018.7,1751,1021.7,13.5,10.9,,,,,,,,,3.0,0.3,18.7,-3.1,,,,,,,,,,,,,,,2021,4,17,116,1,0,0,0
278,의성,2021-04-27,14.2,4.8,0602,23.0,1522,,,,,,,6.2,230,1529,3.5,270,1514,0.9,816,230,3.7,24,1523,54.5,8.0,1007.9,1021.4,0001,1013.8,1632,1017.6,13.5,4.3,,,,,,,,,8.4,5.1,19.3,1.7,,,,,,,,,,,,,,,2021,4,17,117,1,0,0,0
278,의성,2021-04-28,15.8,9.4,0551,22.4,1513,,,,,,,7.3,320,1132,4.1,290,1132,1.3,1160,290,4.4,22,1716,52.1,8.6,1005.3,1016.9,0636,1013.1,1624,1014.9,13.6,5.3,,,,,,,,,6.5,1.8,20.7,4.7,,,,,,,,,,,,,,,2021,4,17,118,1,0,0,0
278,의성,2021-04-29,15.2,9.9,0617,23.6,1503,0.4,731,1.3,645,,2.0,10.2,270,1515,5.1,250,1536,1.3,1166,270,5.4,19,1501,58.1,9.2,996.1,1013.4,0001,1001.3,1556,1005.7,13.6,6.5,,,,,,,,,7.5,3.3,18.5,8.2,,,,,,,,,,,,,,,2021,4,17,119,1,0,0,1
278,의성,2021-04-30,15.3,10.6,2400,21.0,1437,0.2,,0.2,,,0.2,12.7,290,1027,5.6,320,1020,2.9,2500,290,5.4,26,1422,54.0,9.0,993.4,1007.9,2138,998.3,0355,1003.0,13.6,6.2,,,,,,,,,7.8,4.0,19.6,8.9,,,,,,,,,,,,,,,2021,4,17,120,1,0,0,1
278,의성,2021-05-01,10.5,7.2,2319,13.3,1015,0.7,640,2.4,557,,5.4,9.9,320,1614,4.1,290,1622,1.3,1166,270,6.8,58,1520,79.1,9.9,994.6,1007.7,2349,1001.4,0536,1004.3,13.7,0.7,,,,,,,,,7.8,5.6,12.8,3.7,,,,,,,,,,,,,,,2021,5,17,121,1,0,0,1
278,의성,2021-05-02,11.3,5.6,2400,19.8,1452,1.0,1634,1.0,1634,,1.6,10.1,320,1654,5.0,340,1644,1.3,1154,290,6.4,33,1530,76.3,9.7,1004.6,1019.4,2346,1007.4,0028,1014.4,13.7,4.9,,,,,,,,,5.1,3.9,17.3,1.3,,,,,,,,,,,,,,,2021,5,17,122,1,0,0,1
278,의성,2021-05-03,13.4,2.5,0530,23.9,1637,,,,,,,6.5,250,1101,3.5,270,1120,1.1,912,50,4.6,24,1508,64.4,8.6,1007.1,1020.5,0727,1013.0,1704,1016.9,13.8,10.6,,,,,,,,,2.5,0.6,19.1,-1.2,,,,,,,,,,,,,,,2021,5,18,123,1,0,0,0
278,의성,2021-05-04,15.3,7.5,0541,21.3,1313,1.5,2056,4.9,2013,,13.4,9.1,250,1405,4.4,250,1343,1.1,942,200,12.1,62,1039,82.5,14.5,1000.7,1016.6,0027,1002.2,2357,1010.3,13.8,0.1,,,,,,,,,9.6,6.8,15.9,3.7,,,,,,,,,,,,,,,2021,5,18,124,1,0,0,1
278,의성,2021-05-05,16.1,6.5,2400,21.8,1506,1.0,202,1.4,130,,1.4,15.2,270,1202,7.0,320,1142,2.7,2339,290,5.5,23,1557,55.0,9.6,1001.4,1017.9,2313,1001.1,0155,1011.0,13.8,11.4,,,,,,,,,3.8,1.4,20.4,1.6,,,,,,,,,,,,,,,2021,5,18,125,1,0,0,1
278,의성,2021-05-06,13.3,1.6,0524,23.4,1519,,,,,,,3.8,290,1641,2.2,290,1643,0.7,574,50,3.3,22,1111,59.3,7.9,1006.1,1019.5,0556,1012.4,1709,1015.8,13.8,6.9,,,,,,,,,6.1,2.4,17.3,-2.2,,,,,,,,,,,,,,,2021,5,18,126,1,0,0,0
278,의성,2021-05-07,14.2,5.2,0536,24.8,1216,0.1,,0.1,,,0.1,10.7,290,1438,5.4,250,1119,1.8,1557,290,7.1,32,1630,66.1,10.3,996.7,1012.6,0001,1001.9,1205,1006.3,13.9,7.5,,,,,,,,,5.5,0.5,16.3,1.2,,,,,,,,,,,,,,,2021,5,18,127,1,0,0,1
278,의성,2021-05-08,16.0,3.4,0544,26.0,1601,,,,,,,11.8,270,1939,5.9,270,1944,2.1,1780,270,4.9,22,1603,54.3,8.7,994.1,1008.5,0254,997.8,1741,1003.6,13.9,10.8,,,,,,,,,0.3,0.3,21.4,-0.6,,,,,,,,,,,,,,,2021,5,18,128,1,0,1,0
278,의성,2021-05-09,15.5,6.8,0548,23.6,1405,,,,,,,14.4,320,1533,7.1,290,1426,2.5,2158,290,2.7,18,1536,50.0,7.6,998.8,1011.3,2357,1004.5,0001,1008.4,13.9,12.7,,,,,,,,,0.1,0.0,22.0,1.1,,,,,,,,,,,,,,,2021,5,18,129,1,0,0,0
278,의성,2021-05-10,10.1,5.5,0410,12.0,1731,1.1,1351,3.9,1315,,13.9,3.1,250,1347,2.0,270,1338,0.6,478,50,8.4,68,0746,89.3,11.2,1004.2,1017.5,1003,1011.2,0002,1014.0,14.0,0.0,,,,,,,,,8.5,5.5,12.0,1.6,,,,,,,,,,,,,,,2021,5,19,130,1,0,0,1
278,의성,2021-05-11,13.7,9.1,2358,20.2,1545,0.6,312,1.4,34,,3.8,5.2,90,1341,2.6,140,1350,0.8,701,20,9.5,41,1541,79.4,12.0,1005.5,1016.6,1037,1013.7,1527,1015.2,14.0,0.4,,,,,,,,,8.1,5.1,15.5,6.9,,,,,,,,,,,,,,,2021,5,19,131,1,0,0,1
278,의성,2021-05-12,16.1,7.3,0350,24.8,1456,,,,,,,6.9,50,1225,3.8,50,1426,1.1,915,70,8.1,33,1048,65.0,10.8,1003.3,1016.0,0021,1009.8,1749,1012.9,14.0,10.9,,,,,,,,,3.9,1.8,19.9,4.3,,,,,,,,,,,,,,,2021,5,19,132,1,0,0,0
278,의성,2021-05-13,18.8,7.9,0514,29.7,1521,,,,,,,4.3,270,1437,2.3,250,1647,0.7,599,200,10.8,32,0951,66.5,13.2,1001.4,1013.2,0811,1007.8,1725,1010.9,14.0,12.7,,,,,,,,,2.6,0.3,24.0,5.0,,,,,,,,,,,,,,,2021,5,19,133,1,0,1,0
278,의성,2021-05-14,20.8,11.4,0528,30.7,1343,,,,,,,6.8,140,1709,3.0,230,1541,0.8,724,50,13.9,35,1607,69.0,15.9,1001.5,1013.9,0649,1008.6,1547,1011.0,14.1,10.1,,,,,,,,,5.4,1.6,24.2,8.1,,,,,,,,,,,,,,,2021,5,19,134,1,0,1,0
278,의성,2021-05-15,19.3,15.9,0552,22.4,1722,0.7,1053,1.7,504,,2.7,2.3,20,1005,1.3,250,1439,0.5,415,360,17.9,80,0115,92.0,20.6,997.5,1010.7,0001,1003.9,1756,1006.9,14.1,0.0,,,,,,,,,9.1,8.1,20.4,15.0,,,,,,,,,,,,,,,2021,5,19,135,1,0,0,1
278,의성,2021-05-16,20.4,15.9,2353,23.6,1239,2.8,639,8.5,241,,35.8,5.2,230,1951,3.2,230,1952,0.9,788,230,19.9,87,1243,97.3,23.4,991.4,1005.1,0001,997.5,1729,1000.7,14.1,0.0,,,,,,,,,9.9,8.5,21.1,15.8,,,,,,,,,,,,,,,2021,5,19,136,1,0,0,1
278,의성,2021-05-17,15.5,14.5,0514,16.8,1229,1.1,235,4.1,201,,12.9,2.9,140,0512,1.6,230,2046,0.6,552,140,15.0,88,1007,97.1,17.1,996.4,1009.6,2227,1001.5,0029,1005.9,14.2,0.0,,,,,,,,,9.6,9.1,17.7,14.2,,,,,,,,,,,,,,,2021,5,20,137,1,0,0,1
278,의성,2021-05-18,16.9,13.0,2400,23.0,1649,0.1,,0.2,,,0.3,4.6,180,1446,2.3,200,1442,0.6,518,50,14.5,58,1652,87.5,16.6,1000.0,1011.0,0855,1007.6,1724,1009.5,14.2,4.4,,,,,,,,,7.1,5.9,20.1,9.5,,,,,,,,,,,,,,,2021,5,20,138,1,0,0,1
278,의성,2021-05-19,19.5,12.5,0505,28.8,1543,,,,,,,4.9,200,1458,2.4,250,1458,0.8,650,50,13.0,29,1556,73.3,15.1,1000.9,1012.0,0803,1007.8,1805,1010.4,14.2,9.3,,,,,,,,,5.8,2.4,24.6,10.3,,,,,,,,,,,,,,,2021,5,20,139,1,0,1,0
278,의성,2021-05-20,15.5,14.2,0506,18.1,0946,1.3,1128,3.6,1113,,9.1,4.5,50,1532,2.5,50,1533,0.7,567,20,14.6,77,1031,94.9,16.7,995.0,1011.3,0001,999.9,2023,1004.6,14.2,0.0,,,,,,,,,10.0,7.3,17.6,13.0,,,,,,,,,,,,,,,2021,5,20,140,1,0,0,1
278,의성,2021-05-21,15.4,14.2,2323,17.4,1523,0.1,,0.3,549,,0.8,4.0,250,1525,2.3,250,1529,0.7,638,270,14.2,79,1525,93.3,16.2,995.1,1008.8,2356,999.4,0130,1004.6,14.3,0.0,,,,,,,,,8.8,8.4,17.2,13.4,,,,,,,,,,,,,,,2021,5,20,141,1,0,0,1
278,의성,2021-05-22,18.3,11.0,0521,26.9,1545,,,,,,,7.9,250,1416,4.2,250,1417,1.4,1210,50,13.7,43,1345,78.1,15.7,999.3,1010.5,0613,1005.9,1549,1008.7,14.3,10.8,,,,,,,,,0.6,0.6,22.2,9.0,,,,,,,,,,,,,,,2021,5,20,142,1,0,1,0
278,의성,2021-05-23,20.0,11.4,0400,28.9,1506,,,,,,,5.1,250,1341,2.9,270,1349,0.8,677,230,14.4,35,1348,74.0,16.5,999.8,1012.0,0551,1006.7,1547,1009.2,14.3,7.8,,,,,,,,,6.5,3.0,24.8,7.4,,,,,,,,,,,,,,,2021,5,20,143,1,0,1,0
278,의성,2021-05-24,20.2,12.7,2353,26.3,1505,,,,,,,7.8,290,1231,4.3,290,1340,1.4,1182,290,12.1,30,1729,64.6,14.4,996.7,1008.8,2348,1003.4,1524,1006.1,14.3,6.3,,,,,,,,,6.6,3.8,25.3,9.6,,,,,,,,,,,,,,,2021,5,21,144,1,0,1,0
278,의성,2021-05-25,14.0,7.7,2354,22.7,1524,1.0,935,3.0,856,,3.0,13.4,270,1537,6.7,290,1442,1.6,1380,290,7.5,28,1552,69.8,10.4,996.8,1010.3,2357,1003.6,1348,1006.5,14.4,6.3,,,,,,,,,4.0,2.4,15.5,4.5,,,,,,,,,,,,,,,2021,5,21,145,1,0,0,1
278,의성,2021-05-26,15.3,6.5,0417,23.3,1409,,,,,,,6.1,250,2305,3.2,250,1415,0.7,636,70,7.7,28,1413,65.5,10.6,998.7,1012.2,0649,1004.9,1750,1008.3,14.4,1.6,,,,,,,,,9.4,2.4,17.7,3.7,,,,,,,,,,,,,,,2021,5,21,146,1,0,0,0
278,의성,2021-05-27,16.0,10.9,2350,23.0,1623,0.5,1016,0.8,1007,,0.8,8.6,270,1700,5.0,270,1704,1.1,914,290,12.1,50,1715,79.9,14.2,992.0,1005.4,2245,999.1,1509,1001.5,14.4,3.7,,,,,,,,,5.9,5.8,18.6,5.5,,,,,,,,,,,,,,,2021,5,21,147,1,0,0,1
278,의성,2021-05-28,14.6,7.6,0502,26.2,1151,3.3,1321,7.5,1321,,11.2,12.5,360,1228,7.1,20,1231,1.1,949,230,11.2,34,1125,85.1,13.5,991.2,1005.6,0103,997.0,1200,1000.7,14.4,6.4,,,,,,,,,5.0,3.1,16.5,3.1,,,,,,,,,,,,,,,2021,5,21,148,1,0,1,1
278,의성,2021-05-29,17.0,9.9,0549,25.8,1336,,,,,,,9.4,250,1410,5.2,290,1429,1.6,1341,270,10.5,32,1338,70.3,12.7,995.8,1009.1,2335,1000.8,0006,1005.3,14.4,8.1,,,,,,,,,4.1,2.1,20.6,5.9,,,,,,,,,,,,,,,2021,5,21,149,1,0,1,0
278,의성,2021-05-30,18.6,8.2,0527,27.8,1644,0.4,2351,0.4,,,0.4,4.9,230,1809,2.3,230,1815,0.8,671,20,9.5,25,1156,62.8,12.1,999.2,1010.3,0652,1006.1,1528,1008.7,14.4,11.6,,,,,,,,,3.4,1.0,24.6,4.3,,,,,,,,,,,,,,,2021,5,21,150,1,0,1,1
278,의성,2021-05-31,19.1,14.6,0451,25.1,1501,1.0,547,2.1,1,,4.6,3.9,50,1438,2.2,50,1443,1.0,845,50,14.8,50,1502,78.5,16.8,1001.9,1014.1,2322,1009.4,0250,1011.4,14.5,2.4,,,,,,,,,7.6,5.4,23.0,14.0,,,,,,,,,,,,,,,2021,5,22,151,1,0,1,1
278,의성,2021-06-01,20.4,12.6,0515,27.9,1556,,,,,,,5.2,320,1325,2.6,270,1634,0.9,766,320,15.0,40,1632,75.1,17.2,1004.2,1015.9,0826,1012.2,1647,1013.7,14.5,9.0,,,,,,,,,7.9,1.8,25.1,9.5,,,,,,,,,,,,,,,2021,6,22,152,0,0,1,0
278,의성,2021-06-02,22.1,14.9,0530,30.8,1314,,,,,,,4.9,230,1758,3.0,250,1831,0.9,744,320,14.1,21,1338,67.1,16.2,1002.6,1015.0,0630,1009.4,1727,1012.0,14.5,10.0,,,,,,,,,5.6,0.6,26.5,11.5,,,,,,,,,,,,,,,2021,6,22,153,0,0,1,0
278,의성,2021-06-03,17.9,13.6,0459,20.3,1119,1.4,1502,6.0,1508,,24.8,4.3,250,2358,1.7,250,2359,0.5,415,340,16.8,72,0852,94.0,19.3,994.4,1011.2,0025,998.7,1904,1003.8,14.5,0.5,,,,,,,,,9.1,4.8,20.3,10.2,,,,,,,,,,,,,,,2021,6,22,154,0,0,0,1
278,의성,2021-06-04,18.7,12.5,2359,25.8,1625,0.5,238,1.2,157,,1.3,7.9,290,1552,4.4,270,1557,1.7,1458,270,12.6,36,1610,71.9,14.7,991.4,1002.5,2228,998.6,0130,1000.8,14.5,10.9,,,,,,,,,5.8,3.0,23.3,9.1,,,,,,,,,,,,,,,2021,6,22,155,0,0,1,1
278,의성,2021-06-05,19.4,8.9,0532,29.5,1639,,,,,,,7.0,270,1525,4.0,250,1527,1.2,1027,230,12.9,41,1642,71.0,15.0,991.5,1003.0,2332,998.3,1559,1000.8,14.5,12.3,,,,,,,,,3.3,0.4,24.7,5.1,,,,,,,,,,,,,,,2021,6,22,156,0,0,1,0
278,의성,2021-06-06,20.8,14.2,0435,28.5,1559,0.0,,0.0,,,0.0,5.1,270,1554,2.8,230,1412,0.9,738,250,16.2,44,1340,78.1,18.5,997.0,1010.5,2350,1002.8,0001,1006.3,14.5,9.1,,,,,,,,,3.1,0.8,25.3,11.2,,,,,,,,,,,,,,,2021,6,22,157,0,0,1,0
278,의성,2021-06-07,21.6,15.0,0427,29.1,1128,,,,,,,5.6,340,1054,3.1,290,1135,0.7,614,320,15.9,31,1131,74.8,18.2,1003.3,1014.1,2235,1010.5,0001,1012.7,14.6,6.4,,,,,,,,,4.1,2.0,24.1,11.1,,,,,,,,,,,,,,,2021,6,23,158,0,0,1,0
278,의성,2021-06-08,23.8,16.7,0533,32.0,1519,,,,,,,4.7,180,1906,2.7,180,1912,0.8,705,250,15.9,21,1551,66.4,18.2,1004.9,1015.8,0742,1012.8,1808,1014.3,14.6,10.0,,,,,,,,,6.1,3.1,28.8,14.9,,,,,,,,,,,,,,,2021,6,23,159,0,0,1,0
278,의성,2021-06-09,24.1,16.7,0516,32.4,1605,,,,,,,4.5,360,1238,2.1,290,1419,0.8,710,20,16.5,36,1512,66.9,18.9,1005.3,1016.7,0810,1012.2,1610,1014.6,14.6,11.0,,,,,,,,,4.4,1.9,30.6,14.6,,,,,,,,,,,,,,,2021,6,23,160,0,0,1,0
278,의성,2021-06-10,23.2,16.0,0507,30.5,1327,0.2,,0.5,2237,,0.8,5.1,230,1648,2.6,230,1649,0.8,718,230,16.5,38,1129,70.3,18.8,1002.8,1015.0,0013,1009.9,1700,1012.2,14.6,4.5,,,,,,,,,8.1,0.8,27.5,12.7,,,,,,,,,,,,,,,2021,6,23,161,0,0,1,1
278,의성,2021-06-11,21.8,19.3,0727,26.7,1602,0.8,330,3.0,311,,11.1,4.1,270,1522,2.2,200,1614,0.7,595,200,19.9,68,1603,90.3,23.3,1000.6,1011.6,2248,1008.4,1633,1009.9,14.6,2.5,,,,,,,,,7.0,5.5,24.2,16.7,,,,,,,,,,,,,,,2021,6,23,162,0,0,1,1
278,의성,2021-06-12,23.9,18.4,0218,30.2,1613,,,,,,,4.4,230,1758,2.3,200,1653,0.9,746,20,20.0,52,1515,81.1,23.4,1001.4,1012.7,0706,1008.6,1715,1010.7,14.6,7.1,,,,,,,,,6.9,4.0,27.8,16.2,,,,,,,,,,,,,,,2021,6,23,163,0,0,1,0
278,의성,2021-06-13,23.6,17.6,0458,31.5,1417,,,,,,,4.9,110,1730,2.4,90,1658,0.8,700,50,18.7,45,1418,76.8,21.6,997.9,1010.6,0004,1004.1,1703,1007.2,14.6,8.9,,,,,,,,,5.4,1.3,28.0,15.9,,,,,,,,,,,,,,,2021,6,23,164,0,0,1,0
278,의성,2021-06-14,22.9,18.8,0306,28.5,1330,,,,,,,4.3,140,1806,2.6,90,1555,0.8,649,50,18.7,57,1400,79.0,21.6,996.3,1007.0,0539,1003.7,1820,1005.5,14.6,1.2,,,,,,,,,7.5,6.0,26.8,16.6,,,,,,,,,,,,,,,2021,6,24,165,0,0,1,0
278,의성,2021-06-15,20.9,18.0,0523,23.9,1600,0.4,2012,0.8,1257,,2.5,4.4,70,1541,2.5,90,1643,0.8,726,50,18.5,73,1031,86.8,21.3,995.0,1006.1,0023,1003.0,1712,1004.3,14.6,0.0,,,,,,,,,6.8,3.5,23.1,16.3,,,,,,,,,,,,,,,2021,6,24,166,0,0,0,1
278,의성,2021-06-16,20.6,18.1,0624,24.5,1347,0.3,45,0.8,5,,1.4,8.1,70,1332,4.3,50,1300,1.9,1637,70,17.0,63,1352,80.9,19.4,996.1,1007.5,2301,1003.3,0315,1005.4,14.6,0.7,,,,,,,,,6.5,6.4,23.3,17.8,,,,,,,,,,,,,,,2021,6,24,167,0,0,0,1
278,의성,2021-06-17,19.7,17.9,0504,22.7,1309,0.0,,0.0,,,0.0,3.6,90,0924,2.2,90,0930,0.9,735,50,16.3,66,1348,81.6,18.6,996.9,1008.1,0733,1004.4,2345,1006.3,14.6,0.1,,,,,,,,,10.0,7.3,22.0,17.4,,,,,,,,,,,,,,,2021,6,24,168,0,0,0,0
278,의성,2021-06-18,20.6,17.6,2354,25.6,1330,0.5,205,1.2,149,,1.5,4.0,320,1733,2.3,320,1741,0.7,621,200,18.6,68,1555,89.3,21.4,991.5,1004.5,0001,998.0,1708,1000.8,14.7,0.1,,,,,,,,,8.6,7.3,22.1,14.7,,,,,,,,,,,,,,,2021,6,24,169,0,0,1,1
278,의성,2021-06-19,21.7,16.4,0509,29.4,1647,,,,,,,4.8,290,1342,2.5,250,1425,0.8,676,290,15.9,36,1737,74.3,18.1,990.7,1001.6,2333,998.0,1655,1000.0,14.7,9.1,,,,,,,,,4.4,2.6,27.3,13.3,,,,,,,,,,,,,,,2021,6,24,170,0,0,1,0
278,의성,2021-06-20,22.6,14.5,0514,32.1,1443,,,,,,,5.7,270,1306,3.3,270,1533,1.0,853,270,14.5,27,1437,66.4,16.5,991.3,1002.3,0738,998.4,1630,1000.6,14.6,10.0,,,,,,,,,5.9,1.1,27.7,11.8,,,,,,,,,,,,,,,2021,6,24,171,0,0,1,0
278,의성,2021-06-21,22.5,14.5,0501,30.8,1548,,,,,,,6.7,320,1524,3.6,340,1505,1.2,1026,290,15.2,35,1515,68.3,17.4,994.0,1007.8,2306,1000.9,0144,1003.3,14.6,7.8,,,,,,,,,4.6,0.5,28.8,11.1,,,,,,,,,,,,,,,2021,6,25,172,0,0,1,0
278,의성,2021-06-22,20.3,15.0,0435,25.7,1621,0.6,2113,1.2,2052,,1.3,4.4,20,1608,2.2,70,1630,0.9,766,70,16.3,60,1423,79.1,18.5,999.6,1011.3,2345,1007.1,0151,1009.0,14.6,1.3,,,,,,,,,6.9,5.0,26.6,11.4,,,,,,,,,,,,,,,2021,6,25,173,0,0,1,1
278,의성,2021-06-23,19.4,15.5,0532,23.6,1605,2.3,6,3.3,6,,4.1,4.2,90,1104,2.2,50,1526,0.8,727,70,16.2,65,1607,83.0,18.4,1001.4,1012.4,2322,1009.5,1716,1010.9,14.7,1.5,,,,,,,,,7.3,6.1,21.2,13.2,,,,,,,,,,,,,,,2021,6,25,174,0,0,0,1
278,의성,2021-06-24,21.6,16.9,0307,28.1,1554,2.2,301,5.7,221,,6.8,3.8,250,1419,2.4,340,1401,0.8,728,50,16.9,45,1629,77.8,19.2,1001.4,1012.6,0731,1008.3,1731,1010.8,14.6,9.3,,,,,,,,,6.1,2.5,25.7,16.3,,,,,,,,,,,,,,,2021,6,25,175,0,0,1,1
278,의성,2021-06-25,23.0,15.9,0446,31.0,1532,1.4,1927,2.3,1927,,2.9,6.0,70,1622,2.9,70,1639,0.9,736,50,18.2,39,1355,78.4,21.0,1000.3,1011.8,0724,1007.0,1707,1009.7,14.6,9.7,,,,,,,,,5.1,2.0,30.3,13.7,,,,,,,,,,,,,,,2021,6,25,176,0,0,1,1
278,의성,2021-06-26,22.5,19.5,2355,27.6,1507,0.3,525,1.0,526,,1.9,3.4,230,1509,1.6,70,1437,0.6,549,200,18.8,50,1509,82.0,21.8,1000.3,1011.3,0834,1007.9,1750,1009.6,14.6,3.6,,,,,,,,,7.8,4.8,26.5,18.1,,,,,,,,,,,,,,,2021,6,25,177,0,0,1,1
278,의성,2021-06-27,22.6,17.5,0324,28.7,1224,,,,,,,5.2,140,1431,3.3,90,1828,0.9,740,20,17.4,47,1317,75.1,19.9,997.7,1009.3,0001,1004.7,1737,1007.0,14.6,4.9,,,,,,,,,6.3,3.8,25.3,15.8,,,,,,,,,,,,,,,2021,6,25,178,0,0,1,0
278,의성,2021-06-28,21.7,17.8,0313,28.5,1548,,,,,,,4.4,180,1449,2.6,270,1732,0.7,612,50,18.1,53,1548,81.4,20.8,995.7,1007.0,0001,1002.9,1654,1005.0,14.6,2.4,,,,,,,,,7.6,5.0,25.7,16.2,,,,,,,,,,,,,,,2021,6,26,179,0,0,1,0
278,의성,2021-06-29,23.7,16.6,0511,30.3,1451,,,,,,,4.5,160,1759,2.0,160,1613,0.9,742,160,17.4,43,1504,70.4,19.8,995.7,1006.6,2253,1002.8,1728,1004.9,14.6,9.4,,,,,,,,,5.4,3.3,31.6,13.8,,,,,,,,,,,,,,,2021,6,26,180,0,0,1,0
278,의성,2021-06-30,23.1,19.8,2351,28.7,1631,1.7,1841,2.2,,,2.2,5.6,340,1508,2.6,340,1459,0.9,760,50,19.8,58,1640,83.5,23.2,997.2,1008.1,1029,1004.8,1744,1006.5,14.6,2.8,,,,,,,,,6.9,5.3,26.8,18.0,,,,,,,,,,,,,,,2021,6,26,181,0,0,1,1
278,의성,2021-07-01,24.0,17.6,0517,32.7,1621,,,,,,,7.4,50,1430,2.9,70,1755,0.9,758,20,17.7,42,1645,71.4,20.3,996.9,1007.8,0219,1003.1,1704,1006.2,14.6,9.6,,,,,,,,,4.9,1.5,29.1,15.7,,,,,,,,,,,,,,,2021,7,26,182,0,0,1,0
278,의성,2021-07-02,23.0,16.5,0454,30.3,1355,,,,,,,6.2,110,1336,3.5,90,1800,1.0,877,50,17.9,52,1405,75.3,20.5,999.6,1011.6,2329,1007.2,1632,1008.9,14.6,5.2,,,,,,,,,5.5,2.6,27.6,13.2,,,,,,,,,,,,,,,2021,7,26,183,0,0,1,0
278,의성,2021-07-03,21.4,17.7,0340,25.4,1103,2.7,2333,7.5,2259,,27.8,5.7,140,1023,3.2,90,1034,0.8,670,70,19.6,69,1006,90.5,22.9,998.3,1011.5,0001,1002.9,2400,1007.6,14.6,0.1,,,,,,,,,9.2,,23.4,14.9,,,,,,,,,,,,,,,2021,7,26,184,0,0,1,1
278,의성,2021-07-04,26.0,20.8,0001,32.0,1233,2.6,104,6.5,44,,9.7,8.3,250,1615,4.8,290,1622,1.6,1392,270,21.5,51,1234,78.3,25.7,994.3,1008.5,2342,999.4,0344,1003.4,14.6,4.0,,,,,,,,,8.8,6.0,26.7,19.5,,,,,,,,,,,,,,,2021,7,26,185,0,0,1,1
278,의성,2021-07-05,22.6,19.9,0521,26.0,1404,1.1,2222,5.0,2224,,10.4,3.8,270,1730,2.3,230,1744,0.8,650,250,20.2,69,1305,87.3,23.6,999.9,1010.7,1000,1007.5,2350,1009.2,14.6,0.0,,,,,,,,,9.9,3.6,24.2,18.4,,,,,,,,,,,,,,,2021,7,27,186,0,0,1,1
278,의성,2021-07-06,23.0,20.9,0012,26.2,1336,3.5,20,12.1,1,,18.4,3.8,200,1613,1.8,200,1544,0.6,504,200,22.0,80,1337,94.4,26.4,997.5,1008.4,2353,1005.5,0553,1006.7,14.5,0.0,,,,,,,,,9.8,9.0,24.5,20.6,,,,,,,,,,,,,,,2021,7,27,187,0,0,1,1
278,의성,2021-07-07,24.5,22.2,0401,27.4,1426,3.5,613,10.0,540,,12.7,3.1,250,1336,1.6,160,0041,0.6,492,250,23.4,79,1438,94.5,28.8,997.5,1008.7,1047,1004.2,1842,1006.7,14.5,0.1,,,,,,,,,9.9,7.6,26.5,22.2,,,,,,,,,,,,,,,2021,7,27,188,0,0,1,1
278,의성,2021-07-08,24.5,21.4,0602,28.6,1703,1.5,254,6.7,240,,20.0,5.6,20,0341,2.9,20,0347,0.9,772,50,22.1,68,1704,87.5,26.6,995.5,1006.0,1230,1003.0,0320,1004.7,14.5,1.9,,,,,,,,,9.4,6.9,27.2,21.0,,,,,,,,,,,,,,,2021,7,27,189,0,0,1,1
278,의성,2021-07-09,24.5,21.4,0534,29.9,1630,1.7,12,4.2,457,,7.7,3.4,20,0928,1.8,320,0251,0.6,558,360,22.1,61,1553,87.8,26.7,995.4,1006.1,2400,1002.9,1734,1004.6,14.5,4.6,,,,,,,,,6.6,5.4,28.3,21.4,,,,,,,,,,,,,,,2021,7,27,190,0,0,1,1
278,의성,2021-07-10,24.4,21.0,2327,32.1,1522,2.2,1756,3.2,1750,,11.8,10.0,360,1642,3.8,360,1649,1.1,938,250,21.4,53,1444,85.8,25.5,998.1,1010.5,2139,1004.8,1607,1007.3,14.5,5.8,,,,,,,,,6.5,3.4,29.8,20.7,,,,,,,,,,,,,,,2021,7,27,191,0,0,1,1
278,의성,2021-07-11,24.7,20.5,0455,31.8,1639,2.7,1949,3.0,1948,,3.3,10.9,340,1949,4.1,320,1955,0.9,751,250,21.8,60,1409,85.8,26.1,1000.4,1011.4,0843,1007.9,1731,1009.7,14.5,6.4,,,,,,,,,8.4,6.1,27.7,19.7,,,,,,,,,,,,,,,2021,7,27,192,0,0,1,1
278,의성,2021-07-12,26.3,20.4,0544,33.7,1647,,,,,,,3.6,320,1238,2.0,270,1424,0.7,626,50,22.4,53,1534,81.9,27.2,1000.2,1011.5,0546,1007.3,1756,1009.4,14.5,10.0,,,,,,,,,3.8,1.9,31.0,20.4,,,,,,,,,,,,,,,2021,7,28,193,0,0,1,0
278,의성,2021-07-13,27.6,22.2,0432,34.1,1603,,,,,,,4.0,270,1647,1.8,250,1234,0.7,596,20,23.2,52,1359,79.4,28.4,1000.6,1011.0,2322,1008.1,1611,1009.8,14.4,9.6,,,,,,,,,5.6,2.6,33.8,21.0,,,,,,,,,,,,,,,2021,7,28,194,0,0,1,0
278,의성,2021-07-14,28.0,22.4,0531,34.6,1711,,,,,,,4.6,230,1304,2.6,250,1311,0.7,609,20,22.9,42,1625,77.4,28.0,1002.4,1012.9,0704,1009.9,1824,1011.6,14.4,11.2,,,,,,,,,4.0,1.4,35.7,21.0,,,,,,,,,,,,,,,2021,7,28,195,0,0,1,0
278,의성,2021-07-15,25.3,22.1,2359,33.9,1247,6.3,1331,12.2,1323,,12.5,13.1,70,1317,5.3,140,1320,0.7,614,320,23.1,57,1226,89.0,28.3,1004.8,1015.5,1342,1012.8,0001,1014.1,14.4,4.9,,,,,,,,,5.1,1.5,29.1,21.0,,,,,,,,,,,,,,,2021,7,28,196,0,0,1,1
278,의성,2021-07-16,26.2,21.6,0050,33.3,1457,,,,,,,6.8,90,1732,3.8,90,1700,1.1,910,70,21.6,47,1439,78.9,25.8,1004.8,1016.1,0456,1011.6,1604,1014.1,14.4,8.4,,,,,,,,,4.3,2.1,30.1,20.7,,,,,,,,,,,,,,,2021,7,28,197,0,0,1,0
278,의성,2021-07-17,25.7,21.9,0036,31.0,1546,0.2,,0.2,,,0.2,6.4,160,1613,2.5,110,1542,1.0,881,160,21.8,57,1549,80.6,26.1,1002.8,1014.1,0001,1010.1,1729,1012.1,14.4,5.8,,,,,,,,,7.5,3.8,31.2,20.9,,,,,,,,,,,,,,,2021,7,28,198,0,0,1,1
278,의성,2021-07-18,26.3,20.8,0517,32.6,1456,,,,,,,6.4,140,1716,2.4,50,1033,0.9,782,140,21.7,53,1549,78.4,26.0,1002.0,1012.7,2356,1009.2,1628,1011.3,14.4,8.2,,,,,,,,,6.4,2.5,32.9,19.6,,,,,,,,,,,,,,,2021,7,28,199,0,0,1,0
278,의성,2021-07-19,26.4,22.3,0002,31.3,1532,0.0,,0.0,,,0.0,4.0,250,1448,2.0,250,1249,0.7,621,360,22.6,58,1218,81.6,27.4,1003.5,1013.9,2318,1011.5,1731,1012.7,14.3,3.4,,,,,,,,,8.1,5.8,31.3,21.1,,,,,,,,,,,,,,,2021,7,29,200,0,0,1,0
278,의성,2021-07-20,27.2,22.6,2358,34.3,1609,0.0,,0.0,,,0.0,3.8,230,1503,2.0,230,1626,0.8,695,50,22.3,46,1610,77.4,27.0,1004.4,1015.4,0809,1011.6,1702,1013.6,14.3,8.8,,,,,,,,,7.9,1.8,34.1,21.0,,,,,,,,,,,,,,,2021,7,29,201,0,0,1,0
278,의성,2021-07-21,26.3,20.6,0527,34.1,1512,,,,,,,6.4,50,1634,3.5,50,1605,1.1,985,70,20.7,47,1400,74.5,24.4,1003.4,1014.3,0654,1010.5,1627,1012.6,14.3,10.4,,,,,,,,,7.5,0.4,32.8,19.3,,,,,,,,,,,,,,,2021,7,29,202,0,0,1,0
278,의성,2021-07-22,26.3,20.1,0518,34.0,1457,,,,,,,6.1,90,1556,3.1,70,1522,1.0,848,20,21.4,48,1458,77.4,25.6,1001.7,1013.2,0001,1008.9,1607,1011.0,14.3,9.3,,,,,,,,,6.6,0.9,32.6,18.0,,,,,,,,,,,,,,,2021,7,29,203,0,0,1,0
278,의성,2021-07-23,26.8,20.6,0517,34.9,1346,,,,,,,6.2,110,1535,2.4,180,1531,0.8,721,20,21.5,41,1310,76.4,25.7,999.9,1011.0,0740,1007.2,1803,1009.1,14.2,10.9,,,,,,,,,6.6,0.1,33.6,18.4,,,,,,,,,,,,,,,2021,7,29,204,0,0,1,0
278,의성,2021-07-24,27.2,21.6,0405,34.5,1452,,,,,,,5.5,140,1727,2.4,180,1553,0.9,782,50,21.5,46,1454,74.5,25.7,999.0,1009.8,0543,1006.2,1557,1008.2,14.2,11.2,,,,,,,,,7.0,0.4,35.8,19.8,,,,,,,,,,,,,,,2021,7,29,205,0,0,1,0
278,의성,2021-07-25,26.3,20.4,0532,32.6,1252,,,,,,,5.1,110,1639,2.8,250,1127,1.0,880,140,21.7,52,1404,78.3,26.1,997.6,1008.8,0353,1005.0,1502,1006.8,14.2,6.1,,,,,,,,,6.6,0.4,32.6,18.6,,,,,,,,,,,,,,,2021,7,29,206,0,0,1,0
278,의성,2021-07-26,27.1,20.2,0521,34.8,1605,,,,,,,5.9,110,1423,2.8,140,1431,1.0,829,140,20.9,42,1501,73.0,24.8,995.4,1007.1,0001,1002.3,1630,1004.5,14.2,11.2,,,,,,,,,2.4,1.0,35.2,18.0,,,,,,,,,,,,,,,2021,7,30,207,0,0,1,0
278,의성,2021-07-27,26.9,19.8,0529,35.4,1434,,,,,,,5.8,200,1816,2.8,50,1527,0.9,760,20,21.2,41,1428,74.3,25.2,993.6,1004.3,0001,1000.1,1550,1002.7,14.1,9.7,,,,,,,,,1.9,0.5,35.7,17.8,,,,,,,,,,,,,,,2021,7,30,208,0,0,1,0
278,의성,2021-07-28,26.6,20.7,0511,34.9,1443,0.0,,0.0,,,0.0,4.5,250,1630,2.6,230,1638,0.9,769,70,21.9,43,1345,78.5,26.4,993.3,1004.2,0759,1000.0,1547,1002.5,14.1,8.4,,,,,,,,,3.4,1.3,35.6,18.3,,,,,,,,,,,,,,,2021,7,30,209,0,0,1,0
278,의성,2021-07-29,27.4,20.9,0532,35.3,1420,,,,,,,4.7,340,1502,2.6,270,1457,0.8,728,70,21.9,42,1613,75.3,26.3,992.0,1003.3,0732,998.8,1640,1001.1,14.1,9.4,,,,,,,,,5.0,1.0,35.6,18.7,,,,,,,,,,,,,,,2021,7,30,210,0,0,1,0
278,의성,2021-07-30,28.4,22.2,0526,35.7,1348,,,,,,,5.8,270,1221,2.8,250,1546,0.8,721,20,22.7,44,1314,74.5,27.6,990.7,1001.7,0735,997.7,1710,999.8,14.1,8.3,,,,,,,,,5.8,0.1,35.6,20.5,,,,,,,,,,,,,,,2021,7,30,211,0,0,1,0
278,의성,2021-07-31,28.8,22.2,0505,36.5,1445,,,,,,,5.4,290,1418,2.9,270,1727,0.9,789,270,22.6,43,1702,72.6,27.4,990.4,1001.5,0813,997.0,1737,999.4,14.0,8.1,,,,,,,,,5.8,2.5,36.9,20.5,,,,,,,,,,,,,,,2021,7,30,212,0,0,1,0
278,의성,2021-08-01,26.9,24.3,1956,34.2,1204,2.1,1310,5.7,1814,,14.7,5.6,140,1310,2.6,20,1446,0.7,626,290,24.1,57,1132,86.6,30.1,990.9,1001.7,2117,997.9,1251,1000.0,14.0,2.8,,,,,,,,,8.6,5.4,31.7,23.2,,,,,,,,,,,,,,,2021,8,30,213,0,0,1,1
278,의성,2021-08-02,26.8,24.1,2327,32.9,1342,7.6,1855,10.7,1832,,10.7,6.1,250,1514,3.2,270,1514,0.8,707,180,24.2,60,1346,87.4,30.2,993.6,1005.4,2332,1000.8,0256,1002.7,14.0,4.0,,,,,,,,,7.9,5.3,29.5,23.8,,,,,,,,,,,,,,,2021,8,31,214,0,0,1,1
278,의성,2021-08-03,27.5,23.5,0532,33.1,1548,,,,,,,4.2,200,1239,2.0,290,1350,0.8,685,290,24.0,57,1349,83.4,29.9,997.9,1008.9,2400,1004.9,0139,1007.1,13.9,6.8,,,,,,,,,7.3,,30.8,23.4,,,,,,,,,,,,,,,2021,8,31,215,0,0,1,0
278,의성,2021-08-04,28.6,23.2,0520,35.2,1522,,,,,,,4.4,270,1459,2.6,290,1503,0.8,706,50,23.2,46,1632,76.3,28.5,998.7,1010.1,0816,1005.4,1737,1007.9,13.9,9.8,,,,,,,,,3.3,1.3,33.7,22.4,,,,,,,,,,,,,,,2021,8,31,216,0,0,1,0
278,의성,2021-08-05,29.5,23.4,0534,36.3,1430,,,,,,,7.9,250,1506,2.9,270,1515,1.0,836,50,23.4,43,1451,73.0,28.8,995.8,1007.4,0001,1002.1,1757,1004.9,13.9,10.8,,,,,,,,,5.1,1.5,36.7,22.6,,,,,,,,,,,,,,,2021,8,31,217,0,0,1,0
278,의성,2021-08-06,28.9,23.5,2400,37.0,1436,1.5,1951,1.7,1946,,1.7,9.5,270,1815,5.8,290,1823,1.1,944,200,22.8,39,1526,74.1,27.8,993.1,1004.2,0553,998.8,1612,1002.1,13.8,8.7,,,,,,,,,5.1,1.9,37.0,22.9,,,,,,,,,,,,,,,2021,8,31,218,0,0,1,1
278,의성,2021-08-07,27.7,22.0,0507,35.9,1430,1.8,2311,2.7,2250,,2.7,8.2,200,2246,4.2,200,2254,1.0,862,320,22.6,40,1513,77.4,27.5,992.8,1004.1,2324,999.6,1656,1001.9,13.8,7.8,,,,,,,,,6.4,1.6,35.3,21.5,,,,,,,,,,,,,,,2021,8,31,219,0,0,1,1
278,의성,2021-08-08,25.2,22.7,0448,30.3,1108,0.1,,0.2,,,0.4,5.5,50,1405,2.9,50,1409,0.9,793,50,22.8,60,1249,87.6,27.8,993.0,1003.6,0601,1000.4,2320,1002.1,13.8,1.9,,,,,,,,,9.4,3.4,28.2,22.5,,,,,,,,,,,,,,,2021,8,31,220,0,0,1,1
278,의성,2021-08-09,26.0,21.8,0555,32.5,1516,0.1,,0.3,127,,0.7,7.0,320,1214,3.8,360,1456,1.1,950,20,21.1,47,1449,77.3,25.0,992.6,1006.0,2330,999.8,0255,1001.7,13.8,6.2,,,,,,,,,6.4,5.0,30.0,21.4,,,,,,,,,,,,,,,2021,8,32,221,0,0,1,1
278,의성,2021-08-10,24.1,21.6,1104,28.3,1713,3.5,1157,6.9,1110,,11.7,6.5,320,1149,2.9,340,1151,0.8,679,230,21.7,70,1617,87.3,26.0,999.0,1009.8,2246,1005.8,0001,1008.2,13.7,2.2,,,,,,,,,8.4,6.9,27.7,21.6,,,,,,,,,,,,,,,2021,8,32,222,0,0,1,1
278,의성,2021-08-11,25.6,22.1,0611,31.8,1340,0.3,2157,0.5,2137,,0.5,4.9,200,1356,2.6,250,1341,0.9,738,230,22.3,54,1344,83.6,27.0,1000.4,1011.5,0833,1007.4,1546,1009.6,13.7,7.1,,,,,,,,,6.5,4.5,29.2,21.7,,,,,,,,,,,,,,,2021,8,32,223,0,0,1,1
278,의성,2021-08-12,25.0,22.0,0415,32.7,1445,2.6,1554,4.4,1538,,4.4,6.3,50,1513,3.0,50,1517,0.7,590,180,22.0,50,1456,85.9,26.5,999.9,1011.1,0806,1007.2,1450,1009.1,13.7,4.7,,,,,,,,,7.8,4.3,31.0,21.2,,,,,,,,,,,,,,,2021,8,32,224,0,0,1,1
278,의성,2021-08-13,24.6,20.8,0540,30.3,1427,,,,,,,5.9,50,1403,3.2,70,1535,0.9,788,50,20.8,54,1437,81.6,24.6,996.5,1008.0,0009,1003.6,1620,1005.7,13.6,2.0,,,,,,,,,9.4,3.1,27.3,20.0,,,,,,,,,,,,,,,2021,8,32,225,0,0,1,0
278,의성,2021-08-14,22.6,19.6,2342,27.6,1505,0.4,322,1.7,856,,6.9,9.0,20,1723,4.4,50,1728,0.9,768,50,21.0,63,1521,91.6,24.9,997.8,1010.5,2315,1005.2,0107,1007.1,13.6,1.0,,,,,,,,,8.9,5.8,26.6,18.9,,,,,,,,,,,,,,,2021,8,32,226,0,0,1,1
278,의성,2021-08-15,22.7,18.0,0536,28.4,1433,,,,,,,6.7,50,1321,3.7,90,1256,1.0,845,90,19.5,60,1500,83.9,22.6,1004.3,1015.9,2329,1010.4,0149,1013.7,13.6,1.6,,,,,,,,,6.5,5.5,26.8,17.7,,,,,,,,,,,,,,,2021,8,32,227,0,0,1,0
278,의성,2021-08-16,23.5,19.5,0542,28.8,1319,,,,,,,6.3,70,1046,3.6,90,1049,1.1,967,90,18.8,54,1330,77.5,21.8,1004.9,1016.0,0008,1012.3,1530,1014.3,13.5,5.1,,,,,,,,,5.5,,28.1,18.6,,,,,,,,,,,,,,,2021,8,33,228,0,0,1,0
278,의성,2021-08-17,23.8,19.5,0614,29.6,1405,0.0,,0.0,,,0.0,10.7,50,1250,4.8,90,1446,1.5,1317,70,18.8,52,1444,75.5,21.7,999.6,1013.2,0002,1006.4,1545,1008.9,13.5,5.3,,,,,,,,,6.2,,27.6,19.0,,,,,,,,,,,,,,,2021,8,33,229,0,0,1,0
278,의성,2021-08-18,22.4,19.4,0457,27.3,1445,0.8,1958,2.3,2034,,6.0,7.9,90,1508,4.0,70,1510,1.1,980,90,19.9,63,1441,87.3,23.2,1000.0,1010.7,2043,1008.2,1441,1009.3,13.5,1.0,,,,,,,,,9.0,6.1,25.8,18.1,,,,,,,,,,,,,,,2021,8,33,230,0,0,1,1
278,의성,2021-08-19,22.3,19.0,0341,26.7,1524,7.8,1639,21.6,1607,,21.9,4.6,180,1606,2.5,160,1616,0.6,504,320,20.4,66,1120,90.5,24.0,1001.7,1013.0,2327,1009.6,0407,1011.0,13.4,1.7,,,,,,,,,7.5,7.5,26.0,17.6,,,,,,,,,,,,,,,2021,8,33,231,0,0,1,1
278,의성,2021-08-20,23.8,19.7,0532,30.3,1545,,,,,,,4.4,140,1755,2.4,200,1419,0.7,626,180,20.4,51,1637,83.9,24.0,1002.8,1013.8,0900,1009.8,1648,1012.1,13.4,5.2,,,,,,,,,4.6,3.3,26.9,18.7,,,,,,,,,,,,,,,2021,8,33,232,0,0,1,0
278,의성,2021-08-21,22.4,20.3,0047,25.4,1400,2.9,1140,8.0,1110,,16.3,5.8,250,1553,2.0,200,1301,0.7,567,200,21.9,87,1304,97.4,26.2,995.9,1011.5,0005,1000.0,1626,1005.1,13.4,0.0,,,,,,,,,8.8,5.6,24.0,19.4,,,,,,,,,,,,,,,2021,8,33,233,0,0,1,1
278,의성,2021-08-22,24.1,20.4,0553,30.0,1400,0.1,,0.1,,,0.1,6.3,250,1335,3.3,250,1455,0.9,775,20,21.2,56,1531,86.0,25.1,998.5,1010.1,2355,1005.6,0001,1007.8,13.3,2.4,,,,,,,,,7.8,3.4,26.7,18.5,,,,,,,,,,,,,,,2021,8,33,234,0,0,1,1
278,의성,2021-08-23,22.2,21.0,0429,24.3,1244,4.2,1533,10.3,1516,,37.0,2.8,20,1603,1.5,70,1656,0.5,414,360,21.7,86,1259,97.4,26.0,999.5,1011.7,0952,1003.5,2359,1008.9,13.3,0.0,,,,,,,,,10.0,5.9,24.5,20.9,,,,,,,,,,,,,,,2021,8,34,235,0,0,0,1
278,의성,2021-08-24,23.5,21.0,0144,27.9,1557,6.0,1310,14.8,1233,,42.1,5.4,340,1307,3.0,320,1311,0.7,587,50,22.8,82,1534,96.8,27.9,991.3,1003.7,2400,997.7,1259,1000.5,13.3,0.5,,,,,,,,,9.4,6.4,25.4,20.5,,,,,,,,,,,,,,,2021,8,34,236,0,0,1,1
278,의성,2021-08-25,23.7,21.8,1931,26.5,1713,0.6,1122,1.5,1059,,2.3,6.1,340,1851,3.2,360,1835,0.5,419,50,22.9,84,1321,95.6,28.0,996.9,1008.4,2328,1003.7,0001,1006.1,13.2,0.1,,,,,,,,,8.0,6.9,25.1,21.3,,,,,,,,,,,,,,,2021,8,34,237,0,0,1,1
278,의성,2021-08-26,24.4,20.3,0607,30.7,1453,0.6,105,0.7,59,,0.7,4.3,230,1429,1.8,200,1247,0.6,552,50,21.6,52,1513,86.5,25.9,1002.5,1013.3,0951,1008.4,0001,1011.8,13.2,4.1,,,,,,,,,8.4,6.1,27.6,18.7,,,,,,,,,,,,,,,2021,8,34,238,0,0,1,1
278,의성,2021-08-27,21.8,19.9,0553,24.9,1418,3.2,1041,7.2,1639,,19.8,4.7,360,1639,2.3,360,1615,0.6,542,360,20.9,80,1421,95.1,24.7,1002.6,1013.2,1027,1009.8,1616,1012.0,13.1,0.6,,,,,,,,,8.1,4.9,25.4,17.8,,,,,,,,,,,,,,,2021,8,34,239,0,0,0,1
278,의성,2021-08-28,23.5,20.0,0546,29.9,1442,,,,,,,4.3,230,1417,2.5,250,1440,0.7,607,180,20.2,52,1437,84.0,23.8,1003.7,1014.7,0752,1011.7,1849,1013.1,13.1,6.5,,,,,,,,,7.1,4.3,29.9,19.6,,,,,,,,,,,,,,,2021,8,34,240,0,0,1,0
278,의성,2021-08-29,21.5,19.8,1058,23.6,1457,1.7,1052,6.4,1017,,11.5,4.1,50,0935,2.2,20,0938,0.4,373,20,20.5,78,1431,94.5,24.1,1003.6,1014.4,1031,1012.0,1456,1013.0,13.1,0.0,,,,,,,,,8.4,8.1,25.1,19.6,,,,,,,,,,,,,,,2021,8,34,241,0,0,0,1
278,의성,2021-08-30,22.5,19.7,0609,27.3,1300,,,,,,,2.9,340,1204,1.8,230,1512,0.6,494,230,20.3,64,1215,88.1,23.8,1005.7,1016.1,0849,1013.5,1607,1015.1,13.0,1.1,,,,,,,,,7.6,7.1,25.9,19.5,,,,,,,,,,,,,,,2021,8,35,242,0,0,1,0
278,의성,2021-08-31,22.0,19.9,0543,25.7,1438,5.6,2038,7.3,2035,,8.8,3.9,90,2058,2.1,20,1902,0.6,499,20,20.3,68,1511,90.9,23.8,1004.7,1016.6,0701,1011.7,2341,1014.1,13.0,0.0,,,,,,,,,8.5,5.4,24.7,19.2,,,,,,,,,,,,,,,2021,8,35,243,0,0,1,1
278,의성,2021-09-01,20.7,19.8,0503,22.2,1104,5.8,930,20.2,914,,48.2,4.1,50,1119,2.2,20,1148,0.6,514,20,20.2,87,0014,97.6,23.6,999.7,1011.8,0001,1007.6,0833,1009.1,13.0,0.0,,,,,,,,,9.5,8.8,22.1,19.6,,,,,,,,,,,,,,,2021,9,35,244,0,0,0,1
278,의성,2021-09-02,21.3,18.8,0615,24.2,1206,0.1,,0.2,,,0.2,3.2,70,1514,1.7,70,1515,0.5,455,50,18.9,68,1145,87.5,21.9,1000.5,1011.3,1041,1008.4,1540,1009.9,12.9,0.7,,,,,,,,,7.8,6.5,24.3,17.7,,,,,,,,,,,,,,,2021,9,35,245,0,0,0,1
278,의성,2021-09-03,20.8,16.8,2355,25.9,1401,0.2,,0.2,,,0.2,6.1,90,1311,3.1,90,1311,0.7,571,50,17.6,57,1411,83.5,20.1,1000.2,1012.5,2346,1008.2,0300,1009.6,12.9,0.6,,,,,,,,,4.8,4.8,24.9,14.7,,,,,,,,,,,,,,,2021,9,35,246,0,0,1,1
278,의성,2021-09-04,20.3,15.1,0626,27.7,1419,,,,,,,6.4,70,1302,3.5,70,1353,0.9,785,20,16.3,49,1339,80.3,18.5,1005.4,1017.7,2336,1012.4,0144,1014.9,12.8,7.0,,,,,,,,,6.9,2.9,25.2,12.9,,,,,,,,,,,,,,,2021,9,35,247,0,0,1,0
278,의성,2021-09-05,20.2,14.6,0542,26.3,1228,0.1,,0.1,,,0.1,7.2,70,1337,3.7,70,1340,0.8,719,70,16.8,55,1229,82.9,19.2,1008.5,1019.5,2101,1016.8,1533,1018.0,12.8,2.2,,,,,,,,,7.6,3.0,24.2,12.0,,,,,,,,,,,,,,,2021,9,35,248,0,0,1,1
278,의성,2021-09-06,20.9,17.7,0419,25.2,1327,0.5,2349,1.4,2223,,2.3,7.4,90,1220,3.8,70,1226,1.0,905,70,17.6,56,1608,83.0,20.1,1007.8,1019.6,0025,1015.4,2339,1017.2,12.8,0.4,,,,,,,,,9.3,7.0,23.4,16.1,,,,,,,,,,,,,,,2021,9,36,249,0,0,1,1
278,의성,2021-09-07,21.0,18.6,0003,23.1,1306,1.4,106,4.6,32,,9.8,2.0,250,2208,1.2,360,1558,0.3,290,360,20.4,84,1233,97.0,24.1,999.6,1015.3,0001,1005.6,1748,1008.9,12.7,0.0,,,,,,,,,9.8,9.4,22.6,18.3,,,,,,,,,,,,,,,2021,9,36,250,0,0,0,1
278,의성,2021-09-08,22.2,17.1,2400,28.1,1334,,,,,,,5.5,250,1554,3.1,270,1348,1.0,866,270,19.0,57,1355,84.0,22.0,999.9,1012.6,2337,1006.5,0249,1009.2,12.7,5.7,,,,,,,,,3.4,2.8,26.4,15.0,,,,,,,,,,,,,,,2021,9,36,251,0,0,1,0
278,의성,2021-09-09,21.3,15.9,0426,28.4,1525,,,,,,,3.0,270,1458,1.6,270,1506,0.5,463,290,18.3,52,1354,85.9,21.1,1003.9,1014.9,0743,1011.6,1536,1013.3,12.7,5.1,,,,,,,,,7.8,3.8,25.0,13.9,,,,,,,,,,,,,,,2021,9,36,252,0,0,1,0
278,의성,2021-09-10,21.6,18.6,0420,27.2,1501,,,,,,,3.6,250,1354,1.8,250,1454,0.6,514,200,19.5,63,1655,89.0,22.6,1003.5,1014.1,0905,1011.1,1632,1012.9,12.6,2.2,,,,,,,,,7.5,4.9,25.1,16.7,,,,,,,,,,,,,,,2021,9,36,253,0,0,1,0
278,의성,2021-09-11,21.6,17.1,0538,30.0,1544,,,,,,,3.5,230,1536,1.8,270,1627,0.6,511,320,17.9,41,1354,83.3,20.5,1002.6,1014.1,0610,1009.4,1624,1012.0,12.6,9.2,,,,,,,,,1.4,1.4,27.2,13.9,,,,,,,,,,,,,,,2021,9,36,254,0,0,1,0
278,의성,2021-09-12,22.1,15.0,0540,29.9,1438,,,,,,,3.7,270,1334,2.1,270,1342,0.6,545,340,18.2,49,1541,81.3,21.0,1003.3,1016.2,2400,1010.5,1453,1012.6,12.6,8.4,,,,,,,,,5.8,2.6,27.0,12.5,,,,,,,,,,,,,,,2021,9,36,255,0,0,1,0
278,의성,2021-09-13,21.1,16.9,2400,27.2,1305,,,,,,,6.1,140,1524,2.9,90,1421,0.9,764,70,17.2,53,1305,80.8,19.6,1007.8,1018.6,1107,1016.0,0005,1017.3,12.5,2.9,,,,,,,,,9.3,1.9,25.3,14.9,,,,,,,,,,,,,,,2021,9,37,256,0,0,1,0
278,의성,2021-09-14,20.1,16.2,2357,24.4,1343,,,,,,,5.8,90,1320,2.9,90,1255,1.0,891,70,16.3,59,1512,80.4,18.5,1006.3,1018.0,0001,1014.1,1557,1015.7,12.5,0.1,,,,,,,,,7.5,4.0,22.7,12.7,,,,,,,,,,,,,,,2021,9,37,257,0,0,0,0
278,의성,2021-09-15,20.4,14.7,0552,27.7,1152,,,,,,,9.6,90,1514,5.1,90,1518,1.6,1349,70,15.0,43,1413,74.6,17.1,1006.7,1017.5,2119,1014.9,1401,1016.1,12.4,6.2,,,,,,,,,3.9,2.4,24.3,10.8,,,,,,,,,,,,,,,2021,9,37,258,0,0,1,0
278,의성,2021-09-16,20.4,13.5,0521,26.6,1310,,,,,,,7.1,20,1136,3.0,90,1604,0.9,769,90,16.0,53,1312,77.9,18.2,1003.4,1016.7,0001,1010.5,1518,1012.8,12.4,3.2,,,,,,,,,8.1,6.4,23.5,9.5,,,,,,,,,,,,,,,2021,9,37,259,0,0,1,0
278,의성,2021-09-17,19.1,17.4,2357,21.5,0338,3.7,928,13.7,908,,35.1,6.8,50,1019,3.7,50,1523,1.2,1031,50,17.3,70,0355,89.9,19.8,999.7,1011.4,0005,1006.4,1558,1009.2,12.4,0.0,,,,,,,,,8.5,7.1,20.9,14.4,,,,,,,,,,,,,,,2021,9,37,260,0,0,0,1
278,의성,2021-09-18,19.6,14.9,0430,26.7,1519,,,,,,,5.0,50,1502,2.3,20,1505,0.6,533,50,16.8,55,1613,86.4,19.2,1004.8,1017.2,2400,1010.8,0001,1014.3,12.3,5.1,,,,,,,,,5.1,3.6,22.5,12.4,,,,,,,,,,,,,,,2021,9,37,261,0,0,1,0
278,의성,2021-09-19,19.8,14.8,0453,27.6,1510,,,,,,,4.5,90,1700,2.2,70,1606,0.7,594,50,16.1,47,1340,83.4,18.4,1006.5,1018.2,0739,1013.8,1612,1016.0,12.3,7.1,,,,,,,,,3.3,1.9,23.6,12.7,,,,,,,,,,,,,,,2021,9,37,262,0,0,1,0
278,의성,2021-09-20,20.4,14.0,0523,27.5,1343,,,,,,,6.0,160,1354,2.8,140,1358,0.7,623,160,16.7,53,1345,81.8,19.1,1003.0,1016.5,0021,1009.5,2355,1012.5,12.3,3.7,,,,,,,,,5.6,3.5,23.7,10.9,,,,,,,,,,,,,,,2021,9,38,263,0,0,1,0
278,의성,2021-09-21,20.7,17.8,0326,24.1,1657,5.5,1253,7.0,1235,,13.0,3.5,340,1304,2.1,180,1527,0.5,400,160,20.1,83,1702,96.9,23.6,996.5,1009.7,0017,1003.9,1800,1005.8,12.2,1.1,,,,,,,,,6.0,4.1,21.8,15.8,,,,,,,,,,,,,,,2021,9,38,264,0,0,0,1
278,의성,2021-09-22,21.4,16.1,2354,28.2,1451,,,,,,,7.6,320,1512,3.6,250,1104,1.0,872,200,18.2,52,1503,84.6,20.9,998.8,1012.0,2357,1006.0,1420,1008.1,12.2,5.7,,,,,,,,,4.5,2.4,24.4,12.9,,,,,,,,,,,,,,,2021,9,38,265,0,0,1,0
278,의성,2021-09-23,19.1,12.6,0628,25.8,1338,,,,,,,9.7,320,1205,5.0,320,1209,1.3,1091,340,14.7,45,1231,78.9,16.8,1006.6,1019.7,2334,1012.0,0001,1016.1,12.1,5.7,,,,,,,,,6.3,4.3,21.4,9.4,,,,,,,,,,,,,,,2021,9,38,266,0,0,1,0
278,의성,2021-09-24,18.5,13.1,0609,25.2,1259,,,,,,,8.4,70,1525,4.3,70,1525,0.9,749,20,15.4,54,1236,84.6,17.5,1012.7,1023.9,2341,1019.7,0001,1022.3,12.1,4.0,,,,,,,,,4.5,2.6,21.8,10.4,,,,,,,,,,,,,,,2021,9,38,267,0,0,1,0
278,의성,2021-09-25,18.6,14.2,0316,24.0,1356,0.1,,0.2,,,0.2,8.2,70,1136,4.3,90,1144,1.0,852,70,16.3,64,1437,87.9,18.6,1013.2,1024.2,0905,1021.2,1437,1022.7,12.1,0.1,,,,,,,,,6.6,,20.4,11.1,,,,,,,,,,,,,,,2021,9,38,268,0,0,0,1
278,의성,2021-09-26,19.2,15.2,0204,25.5,1245,,,,,,,6.3,70,1634,3.6,90,1336,1.1,942,70,14.9,49,1611,78.6,16.9,1010.8,1023.0,0001,1018.4,1450,1020.4,12.0,4.4,,,,,,,,,8.1,7.1,23.5,12.3,,,,,,,,,,,,,,,2021,9,38,269,0,0,1,0
278,의성,2021-09-27,20.1,15.3,0540,25.4,1334,0.0,,0.0,,,0.0,5.3,70,0854,3.0,70,0901,0.8,704,70,15.7,56,1416,77.9,17.9,1006.5,1019.2,0001,1014.1,1451,1016.0,12.0,2.1,,,,,,,,,8.3,6.6,25.6,13.6,,,,,,,,,,,,,,,2021,9,39,270,0,0,1,0
278,의성,2021-09-28,20.5,16.6,0646,25.8,1348,0.0,,0.0,,,0.0,3.1,180,1424,1.7,200,1342,0.6,548,70,17.4,61,1509,83.8,19.9,1003.5,1015.2,0011,1010.9,2357,1012.9,11.9,0.6,,,,,,,,,6.9,5.5,25.1,15.5,,,,,,,,,,,,,,,2021,9,39,271,0,0,1,0
278,의성,2021-09-29,21.5,19.2,0415,27.0,1231,8.3,1506,11.6,1453,,14.9,7.5,290,1453,3.8,290,1508,0.6,537,250,20.3,70,1236,93.9,23.8,998.5,1010.9,0001,1005.4,1424,1007.8,11.9,0.3,,,,,,,,,9.8,8.6,21.9,18.7,,,,,,,,,,,,,,,2021,9,39,272,0,0,1,1
278,의성,2021-09-30,21.3,15.5,2351,28.5,1540,0.4,146,1.0,108,,1.9,5.2,50,1205,2.7,50,1211,0.7,641,50,17.3,44,1546,81.4,19.8,998.4,1009.3,2139,1005.9,1435,1007.8,11.9,6.7,,,,,,,,,4.0,2.8,25.1,11.9,,,,,,,,,,,,,,,2021,9,39,273,0,0,1,1
278,의성,2021-10-01,18.6,13.7,0712,27.2,1519,,,,,,,3.5,290,1232,2.0,270,1337,0.6,550,20,16.4,53,1702,88.9,18.7,999.1,1011.1,2400,1005.7,1518,1008.5,11.8,7.1,,,,,,,,,,,23.7,10.7,,,,,,,,,,,,,,,2021,10,39,274,0,0,1,0
278,의성,2021-10-02,19.7,15.0,0632,27.5,1411,,,,,,,6.0,320,1135,3.2,270,1221,0.8,710,290,15.6,42,1449,81.4,17.8,1003.9,1017.3,2316,1009.9,0323,1013.4,11.8,9.8,,,,,,,,,1.6,0.9,25.6,11.7,,,,,,,,,,,,,,,2021,10,39,275,0,0,1,0
278,의성,2021-10-03,19.4,12.4,0628,30.2,1518,,,,,,,4.3,270,1509,2.3,230,1544,0.7,574,270,15.3,40,1519,81.0,17.5,1009.8,1021.2,0824,1017.3,0001,1019.3,11.7,9.4,,,,,,,,,4.9,1.0,24.7,9.0,,,,,,,,,,,,,,,2021,10,39,276,0,0,1,0
278,의성,2021-10-04,21.1,12.8,0407,29.7,1522,,,,,,,5.3,290,1235,3.0,250,1240,0.6,542,270,17.8,57,1233,83.8,20.7,1010.8,1022.4,0831,1017.8,1532,1020.3,11.7,6.5,,,,,,,,,5.8,1.0,25.9,8.8,,,,,,,,,,,,,,,2021,10,40,277,0,0,1,0
278,의성,2021-10-05,21.0,16.2,2345,29.3,1350,,,,,,,6.0,290,1258,3.4,290,1302,1.0,823,290,17.4,47,1348,83.8,19.9,1010.8,1022.2,0843,1018.4,1426,1020.3,11.7,8.6,,,,,,,,,2.5,0.4,26.2,12.9,,,,,,,,,,,,,,,2021,10,40,278,0,0,1,0
278,의성,2021-10-06,20.0,15.4,0158,23.6,1035,,,,,,,5.0,50,1600,3.0,50,1607,1.0,845,50,17.1,70,1038,84.1,19.5,1010.1,1021.9,0719,1017.6,1703,1019.6,11.6,1.5,,,,,,,,,7.5,7.3,22.7,11.8,,,,,,,,,,,,,,,2021,10,40,279,0,0,0,0
278,의성,2021-10-07,21.1,16.1,0656,26.5,1140,,,,,,,5.1,340,1322,3.1,320,1329,0.8,712,320,17.4,55,1427,81.3,19.9,1007.0,1018.0,2259,1014.4,1420,1016.4,11.6,5.1,,,,,,,,,8.3,8.0,25.5,12.8,,,,,,,,,,,,,,,2021,10,40,280,0,0,1,0
278,의성,2021-10-08,20.6,18.3,0637,24.2,1153,0.3,1453,1.1,1450,,1.1,3.1,340,1257,1.6,340,1226,0.5,468,360,19.1,71,1155,91.9,22.1,1010.8,1022.7,2327,1017.7,0004,1020.3,11.6,0.0,,,,,,,,,9.3,5.6,21.8,16.9,,,,,,,,,,,,,,,2021,10,40,281,0,0,0,1
278,의성,2021-10-09,21.6,18.3,2358,27.1,1454,,,,,,,3.6,70,1650,1.9,90,1620,0.6,483,110,19.0,62,1302,86.9,22.0,1012.1,1023.6,0820,1019.6,1520,1021.6,11.5,1.8,,,,,,,,,8.0,5.3,24.2,15.8,,,,,,,,,,,,,,,2021,10,40,282,0,0,1,0
278,의성,2021-10-10,22.3,16.9,0658,29.5,1435,0.0,,0.0,,,0.0,5.7,200,1347,3.3,230,1356,0.6,515,50,19.7,53,1349,87.0,23.0,1007.5,1020.8,0001,1013.6,1716,1016.9,11.5,5.0,,,,,,,,,5.8,5.0,25.0,14.0,,,,,,,,,,,,,,,2021,10,40,283,0,0,1,0
278,의성,2021-10-11,16.1,14.1,1010,23.0,0018,1.9,325,6.2,924,,29.4,5.7,320,0214,2.8,320,0218,1.0,825,50,15.3,79,0215,94.9,17.4,1010.4,1022.7,2302,1015.3,0005,1020.1,11.4,0.0,,,,,,,,,9.0,8.5,18.6,14.1,,,,,,,,,,,,,,,2021,10,41,284,0,0,0,1
278,의성,2021-10-12,15.5,14.5,2327,17.2,1304,0.5,1148,0.5,438,,1.7,7.1,50,0415,3.3,50,0450,1.3,1128,50,13.5,75,1127,88.5,15.5,1015.7,1026.7,0906,1022.1,0016,1025.4,11.4,0.0,,,,,,,,,7.3,7.0,17.6,13.5,,,,,,,,,,,,,,,2021,10,41,285,0,0,0,1
278,의성,2021-10-13,17.0,14.2,2307,21.8,1254,,,,,,,4.8,50,1317,2.2,70,1325,0.5,405,50,14.9,65,1244,88.8,16.9,1014.6,1026.3,0030,1022.5,1405,1024.3,11.4,0.2,,,,,,,,,7.4,7.4,18.9,10.8,,,,,,,,,,,,,,,2021,10,41,286,0,0,0,0
278,의성,2021-10-14,16.8,12.4,0443,24.9,1535,,,,,,,6.4,320,1310,3.2,320,1311,0.7,645,320,14.5,55,1414,88.4,16.5,1009.3,1022.8,0001,1015.8,1649,1018.9,11.3,7.2,,,,,,,,,5.8,3.8,20.7,9.6,,,,,,,,,,,,,,,2021,10,41,287,0,0,0,0
278,의성,2021-10-15,17.6,13.7,0036,22.3,1409,0.5,1757,1.8,2232,,8.1,4.7,360,1503,2.6,360,1504,0.6,520,20,15.7,64,1136,90.0,17.9,1007.4,1018.2,0953,1015.2,1406,1017.0,11.3,1.5,,,,,,,,,8.9,7.8,20.8,10.5,,,,,,,,,,,,,,,2021,10,41,288,0,0,0,1
278,의성,2021-10-16,13.3,6.7,2400,17.4,1340,1.0,101,4.4,24,,13.5,7.0,270,1427,3.7,290,1924,1.4,1170,270,8.1,41,1635,73.5,11.8,1009.9,1024.8,2354,1016.4,0352,1019.6,11.3,0.0,,,,,,,,,9.6,8.3,16.1,4.2,,,,,,,,,,,,,,,2021,10,41,289,0,0,0,1
278,의성,2021-10-17,5.2,-0.4,0639,13.6,1458,,,,,,,4.8,270,1247,2.7,250,1236,0.8,656,20,-0.6,24,1632,71.6,5.9,1015.9,1028.3,0814,1023.7,1508,1026.0,11.2,10.0,,,,,,,,,0.0,0.0,12.9,-4.7,,,,,,,,,,,,,,,2021,10,41,290,0,0,0,0
278,의성,2021-10-18,6.4,-1.1,0630,16.7,1456,,,,,,,3.8,250,1344,2.2,250,1434,0.6,513,290,0.8,23,1525,74.1,6.6,1013.5,1026.9,0811,1020.7,1621,1023.6,11.2,9.9,,,,,,,,,2.0,0.9,13.3,-5.2,,,,,,,,,,,,,,,2021,10,42,291,0,0,0,0
278,의성,2021-10-19,8.8,3.7,0659,17.2,1347,,,,,,,7.9,340,1426,4.6,340,1428,0.8,732,320,5.4,45,1506,82.3,9.0,1008.8,1022.1,0001,1015.5,1340,1018.7,11.1,3.6,,,,,,,,,4.3,2.9,14.1,0.1,,,,,,,,,,,,,,,2021,10,42,292,0,0,0,0
278,의성,2021-10-20,7.4,3.1,0434,16.2,1539,,,,,,,3.9,250,1500,2.3,270,1508,0.7,582,20,3.6,31,1355,81.9,7.9,1010.9,1023.3,0901,1018.4,1503,1020.9,11.1,7.0,,,,,,,,,4.3,3.5,14.3,-1.2,,,,,,,,,,,,,,,2021,10,42,293,0,0,0,0
278,의성,2021-10-21,7.8,1.2,0340,18.3,1518,,,,,,,3.6,250,1443,2.0,270,1601,0.5,471,270,5.1,40,1519,86.3,8.8,1009.2,1021.6,0859,1016.4,1434,1019.1,11.1,6.0,,,,,,,,,5.5,2.6,13.7,-2.2,,,,,,,,,,,,,,,2021,10,42,294,0,0,0,0
278,의성,2021-10-22,8.9,4.4,0102,17.6,1445,0.4,1659,0.4,1658,,0.4,7.0,50,1655,3.5,340,1511,0.8,717,340,6.0,40,1438,86.3,9.4,1011.2,1026.0,2331,1018.3,1354,1021.2,11.1,6.0,,,,,,,,,4.0,3.1,14.2,0.6,,,,,,,,,,,,,,,2021,10,42,295,0,0,0,1
278,의성,2021-10-23,7.8,3.3,0633,18.0,1504,,,,,,,3.8,290,1508,2.3,270,1510,0.6,549,50,4.6,32,1628,84.4,8.5,1018.1,1030.1,0925,1025.9,0004,1028.1,11.0,6.4,,,,,,,,,3.5,3.1,14.4,-1.4,,,,,,,,,,,,,,,2021,10,42,296,0,0,0,0
278,의성,2021-10-24,7.7,0.9,0657,18.6,1442,,,,,,,3.6,250,1403,2.1,270,1422,0.5,432,160,2.9,21,1521,78.5,7.6,1016.1,1029.7,0829,1023.1,1502,1026.2,11.0,8.6,,,,,,,,,5.1,0.6,13.5,-2.3,,,,,,,,,,,,,,,2021,10,42,297,0,0,0,0
278,의성,2021-10-25,8.4,1.2,0637,18.9,1517,,,,,,,3.2,200,1445,1.6,290,1343,0.5,398,200,4.6,38,1441,81.4,8.5,1012.4,1025.2,0026,1019.8,1538,1022.4,10.9,9.5,,,,,,,,,3.0,0.0,14.2,-2.8,,,,,,,,,,,,,,,2021,10,43,298,0,0,0,0
278,의성,2021-10-26,8.4,1.0,0625,18.8,1526,,,,,,,3.2,200,1348,1.7,250,1405,0.5,424,50,4.8,36,1451,83.0,8.7,1010.1,1023.6,0849,1017.4,1704,1020.1,10.9,7.1,,,,,,,,,7.0,1.9,12.4,-3.4,,,,,,,,,,,,,,,2021,10,43,299,0,0,0,0
278,의성,2021-10-27,10.4,3.8,2359,20.7,1435,,,,,,,6.4,270,1145,3.4,270,1231,0.8,722,270,6.2,31,1542,80.3,9.5,1008.8,1020.5,2336,1016.2,1436,1018.7,10.9,7.2,,,,,,,,,2.5,1.4,13.7,-1.4,,,,,,,,,,,,,,,2021,10,43,300,0,0,0,0
278,의성,2021-10-28,10.0,0.7,0707,20.9,1531,,,,,,,5.2,90,1732,3.1,90,1737,0.6,556,320,4.7,38,1349,75.1,8.6,1013.0,1025.7,2226,1020.4,0002,1023.0,10.8,8.7,,,,,,,,,1.6,0.5,13.5,-4.6,,,,,,,,,,,,,,,2021,10,43,301,0,0,0,0
278,의성,2021-10-29,9.9,2.9,0655,19.4,1313,,,,,,,8.1,90,1412,3.0,70,1443,0.7,636,70,5.5,42,1310,78.1,9.1,1015.6,1028.0,0824,1023.4,1538,1025.6,10.8,6.8,,,,,,,,,4.8,2.5,13.1,-2.2,,,,,,,,,,,,,,,2021,10,43,302,0,0,0,0
278,의성,2021-10-30,9.4,4.3,0600,17.0,1406,,,,,,,2.7,230,1410,1.5,200,1447,0.3,282,290,6.8,52,1353,86.0,10.0,1014.5,1026.1,0900,1022.4,1535,1024.4,10.8,1.2,,,,,,,,,6.0,2.6,11.9,0.4,,,,,,,,,,,,,,,2021,10,43,303,0,0,0,0
278,의성,2021-10-31,10.0,4.1,0525,19.6,1445,,,,,,,3.4,270,1428,1.9,230,1451,0.5,430,270,7.1,46,1503,85.4,10.1,1013.9,1026.3,0814,1021.2,1633,1023.8,10.7,6.5,,,,,,,,,5.5,3.9,14.0,-0.7,,,,,,,,,,,,,,,2021,10,43,304,0,0,0,0
278,의성,2021-11-01,10.4,4.9,0652,19.7,1304,,,,,,,8.1,270,1147,4.1,270,1152,0.9,736,320,6.6,44,1545,81.3,9.8,1012.8,1024.5,0829,1020.2,1525,1022.7,10.7,7.5,,,,,,,,,3.8,0.5,13.7,-0.6,,,,,,,,,,,,,,,2021,11,44,305,0,0,0,0
278,의성,2021-11-02,8.6,2.7,0538,18.5,1436,,,,,,,4.6,270,1409,2.4,270,1502,0.5,469,270,5.4,42,1524,83.6,9.0,1010.8,1023.2,0742,1017.7,1453,1020.8,10.7,6.0,,,,,,,,,2.9,1.4,12.1,-2.5,,,,,,,,,,,,,,,2021,11,44,306,0,0,0,0
278,의성,2021-11-03,8.8,2.8,0442,19.2,1505,,,,,,,5.9,160,1310,2.6,270,1523,0.5,456,270,5.0,38,1435,81.4,8.8,1008.8,1020.8,0825,1015.9,1540,1018.7,10.6,7.6,,,,,,,,,2.3,0.8,12.7,-2.0,,,,,,,,,,,,,,,2021,11,44,307,0,0,0,0
278,의성,2021-11-04,8.8,1.7,0659,19.9,1516,,,,,,,5.0,320,1542,2.8,320,1525,0.5,436,70,4.6,32,1529,79.5,8.6,1009.6,1021.9,2351,1017.1,1424,1019.5,10.6,8.5,,,,,,,,,0.4,0.0,12.1,-2.3,,,,,,,,,,,,,,,2021,11,44,308,0,0,0,0
278,의성,2021-11-05,9.7,1.3,0649,19.8,1507,,,,,,,3.3,230,1508,1.7,270,1417,0.4,365,200,6.2,47,1412,82.5,9.7,1011.2,1023.8,0917,1018.0,1456,1021.1,10.6,7.6,,,,,,,,,5.9,1.1,12.1,-3.9,,,,,,,,,,,,,,,2021,11,44,309,0,0,0,0
278,의성,2021-11-06,10.2,2.5,0701,20.8,1252,,,,,,,7.7,50,1330,4.0,50,1334,0.7,611,70,5.8,37,1336,79.1,9.3,1011.1,1022.7,2337,1018.2,1356,1021.0,10.5,7.4,,,,,,,,,4.5,0.4,11.5,-2.3,,,,,,,,,,,,,,,2021,11,44,310,0,0,0,0
278,의성,2021-11-07,10.9,3.9,0654,20.7,1248,,,,,,,7.5,90,1501,3.6,90,1259,0.8,691,90,6.7,35,1601,79.4,9.9,1010.8,1024.2,0845,1017.0,2336,1020.7,10.5,5.7,,,,,,,,,5.9,2.8,12.7,-1.2,,,,,,,,,,,,,,,2021,11,44,311,0,0,0,0
278,의성,2021-11-08,8.9,6.7,2219,17.9,1015,,,,,,28.6,11.8,270,1034,6.7,270,1042,1.3,1126,270,6.3,65,2045,84.5,9.7,1001.6,1017.2,0004,1006.7,0946,1011.4,10.5,0.2,,,,,,,,,7.0,4.0,9.4,1.9,,,,,,,,,,,,,,,2021,11,45,312,0,0,0,1
278,의성,2021-11-09,7.3,3.6,2143,11.5,1308,,,,,,0.0,9.2,270,1244,4.7,270,1248,1.7,1487,270,2.9,52,1308,74.9,7.5,1000.1,1013.1,0005,1007.2,2348,1010.0,10.4,1.8,,,,,,,,,6.3,4.9,7.6,-1.3,,,,,,,,,,,,,,,2021,11,45,313,0,0,0,0
278,의성,2021-11-10,5.6,2.1,0727,7.4,1109,,,,,,1.3,5.5,270,0330,3.5,320,0308,1.1,957,290,3.3,70,1042,85.6,7.7,997.5,1008.6,2247,1006.0,1304,1007.5,10.4,0.2,,,,,,,,,6.6,6.0,7.7,-1.6,,,,,,,,,,,,,,,2021,11,45,314,0,0,0,1
278,의성,2021-11-11,6.1,0.3,2355,11.8,1220,,,,,,0.6,10.0,250,1303,4.7,290,1304,1.7,1504,290,1.2,42,1027,74.5,6.7,1000.7,1012.8,2309,1008.4,0001,1010.6,10.4,5.1,,,,,,,,,3.1,2.0,8.1,-4.9,,,,,,,,,,,,,,,2021,11,45,315,0,0,0,1
278,의성,2021-11-12,4.1,-1.5,2354,11.1,1244,,,,,,,11.5,320,1305,6.4,290,1357,1.6,1424,290,-0.9,38,1248,74.3,5.8,1006.3,1019.0,2349,1012.6,0001,1016.3,10.3,8.0,,,,,,,,,2.6,1.9,6.5,-7.1,,,,,,,,,,,,,,,2021,11,45,316,0,0,0,0
278,의성,2021-11-13,4.6,-3.4,0701,14.4,1338,,,,,,,9.1,320,1229,4.0,270,1504,0.9,745,290,0.9,45,1444,80.4,6.6,1008.6,1020.7,0813,1016.3,1423,1018.7,10.3,8.0,,,,,,,,,0.4,0.1,6.8,-8.4,,,,,,,,,,,,,,,2021,11,45,317,0,0,0,0
278,의성,2021-11-14,6.4,-0.7,0628,17.2,1441,,,,,,,6.9,270,1418,3.5,250,1414,0.6,526,250,2.8,44,1541,81.6,7.6,1008.4,1020.2,0840,1015.9,1527,1018.4,10.3,8.1,,,,,,,,,0.9,0.0,7.8,-5.3,,,,,,,,,,,,,,,2021,11,45,318,0,0,0,0
278,의성,2021-11-15,6.3,-0.4,0638,16.7,1412,,,,,,,3.5,290,1240,2.0,270,1503,0.4,354,230,2.3,34,1433,80.0,7.3,1011.3,1023.1,0844,1019.1,1356,1021.3,10.3,6.7,,,,,,,,,2.8,0.1,7.7,-5.7,,,,,,,,,,,,,,,2021,11,46,319,0,0,0,0
278,의성,2021-11-16,5.4,-1.1,0600,16.5,1436,,,,,,,5.0,250,1427,2.5,250,1522,0.5,466,290,0.5,23,1559,75.3,6.4,1013.5,1025.7,2358,1021.0,1403,1023.7,10.2,8.4,,,,,,,,,0.8,0.0,7.4,-6.0,,,,,,,,,,,,,,,2021,11,46,320,0,0,0,0
278,의성,2021-11-17,5.0,-2.6,0646,14.1,1429,,,,,,,5.5,250,1403,3.0,250,1353,0.6,535,250,-0.3,25,1423,73.5,6.0,1013.2,1026.6,0839,1020.5,1516,1023.3,10.2,8.4,,,,,,,,,3.1,0.6,7.5,-7.8,,,,,,,,,,,,,,,2021,11,46,321,0,0,0,0
278,의성,2021-11-18,6.9,-0.4,0456,17.0,1418,,,,,,,8.2,320,1446,4.5,290,1450,0.8,654,290,3.5,48,1441,81.6,8.0,1008.8,1021.4,0001,1016.0,1625,1018.8,10.2,6.6,,,,,,,,,3.1,1.5,8.0,-5.1,,,,,,,,,,,,,,,2021,11,46,322,0,0,0,0
278,의성,2021-11-19,7.9,0.5,0716,18.0,1421,,,,,,,8.0,320,1313,3.6,320,1317,0.7,624,250,5.0,51,1435,85.4,8.9,1008.1,1019.7,2359,1015.5,1508,1018.1,10.2,7.0,,,,,,,,,3.3,0.0,8.5,-4.3,,,,,,,,,,,,,,,2021,11,46,323,0,0,0,0
278,의성,2021-11-20,7.3,2.5,0418,17.5,1436,,,,,,,2.7,270,1536,1.5,270,1203,0.4,346,250,5.0,46,1514,88.0,8.8,1010.6,1022.1,0917,1019.0,1426,1020.6,10.1,5.7,,,,,,,,,4.8,2.5,8.8,-2.2,,,,,,,,,,,,,,,2021,11,46,324,0,0,0,0
278,의성,2021-11-21,8.2,2.6,0254,15.6,1435,,,,,,,2.5,160,1216,1.4,180,1224,0.3,267,230,5.9,61,1436,87.6,9.4,1006.7,1021.7,0620,1011.3,2400,1016.6,10.1,1.6,,,,,,,,,9.0,3.4,8.2,-1.9,,,,,,,,,,,,,,,2021,11,46,325,0,0,0,0
278,의성,2021-11-22,5.9,1.7,2317,10.1,0341,,,,,,0.3,11.2,290,1339,5.8,290,1236,3.0,2616,290,-0.7,45,1533,63.5,6.0,1003.5,1017.2,2116,1009.3,0248,1013.4,10.1,2.4,,,,,,,,,7.0,5.9,7.2,-1.2,,,,,,,,,,,,,,,2021,11,47,326,0,0,0,1
278,의성,2021-11-23,3.1,-0.5,0733,6.0,1245,,,,,,,11.0,270,1403,5.2,270,1325,2.6,2285,270,-4.9,37,1051,56.3,4.3,1006.4,1018.1,0802,1014.7,1513,1016.6,10.1,5.4,,,,,,,,,4.5,3.6,5.3,-4.1,,,,,,,,,,,,,,,2021,11,47,327,0,0,0,0
278,의성,2021-11-24,3.8,-1.4,0621,12.2,1358,,,,,,,10.3,270,0230,5.1,270,1527,1.4,1240,270,-2.6,32,1520,66.4,5.0,1006.8,1019.2,0811,1014.6,1448,1016.9,10.0,6.6,,,,,,,,,2.3,0.6,5.4,-7.3,,,,,,,,,,,,,,,2021,11,47,328,0,0,0,0
278,의성,2021-11-25,4.9,-1.8,0546,14.9,1343,,,,,,,11.7,320,1423,5.5,320,1235,1.2,1070,340,-1.5,30,1412,68.1,5.5,1007.2,1021.4,2348,1014.8,1306,1017.3,10.0,6.8,,,,,,,,,2.1,0.6,6.4,-8.4,,,,,,,,,,,,,,,2021,11,47,329,0,0,0,0
278,의성,2021-11-26,2.4,-4.5,0654,11.4,1457,,,,,,,9.8,340,1335,5.0,290,1351,1.1,984,320,-4.4,24,1325,67.3,4.5,1015.3,1029.3,2358,1021.4,0001,1025.5,10.0,8.2,,,,,,,,,0.0,0.0,4.1,-11.2,,,,,,,,,,,,,,,2021,11,47,330,0,0,0,0
278,의성,2021-11-27,0.8,-5.3,0657,10.9,1456,,,,,,,2.4,140,1437,1.5,140,1439,0.4,321,160,-5.2,26,1541,70.0,4.2,1023.4,1036.6,2351,1029.3,0001,1033.8,10.0,8.2,,,,,,,,,0.0,0.0,3.6,-12.5,,,,,,,,,,,,,,,2021,11,47,331,0,0,0,0
278,의성,2021-11-28,1.8,-6.1,0709,13.0,1512,,,,,,,4.8,200,1307,2.7,200,1310,0.4,327,20,-4.0,26,1529,70.4,4.6,1023.5,1037.2,0825,1030.8,1608,1033.8,9.9,7.2,,,,,,,,,2.9,0.0,4.3,-11.8,,,,,,,,,,,,,,,2021,11,47,332,0,0,0,0
278,의성,2021-11-29,3.1,-5.3,0725,15.0,1449,,,,,,,3.9,250,1429,2.0,230,1429,0.3,284,200,-3.1,24,1520,69.5,4.9,1016.6,1031.7,0001,1023.4,2336,1026.8,9.9,7.0,,,,,,,,,3.9,1.3,4.9,-11.8,,,,,,,,,,,,,,,2021,11,48,333,0,0,0,0
278,의성,2021-11-30,3.6,-1.5,0315,8.6,1817,,,,,,15.5,11.7,270,2331,5.8,290,2334,1.2,1003,270,1.6,64,2312,87.6,7.1,1001.7,1023.4,0001,1005.3,1643,1011.7,9.9,0.0,,,,,,,,,8.6,6.1,3.2,-6.6,,,,,,,,,,,,,,,2021,11,48,334,0,0,0,1
278,의성,2021-12-01,0.7,-5.2,2358,4.2,1342,,,,,,,14.4,340,1256,8.1,320,1258,3.9,3378,290,-10.1,25,1255,46.3,2.9,1008.9,1023.8,2317,1011.8,0001,1019.1,9.9,8.2,,,,,,,,,0.0,0.0,1.1,-10.5,,,,,,,,,,,,,,,2021,12,48,335,0,0,0,0
278,의성,2021-12-02,-1.5,-8.8,0639,7.4,1446,,,,,,,8.5,320,1448,4.4,290,1456,0.9,787,250,-7.1,31,1351,69.8,3.6,1009.5,1023.7,0001,1016.5,2344,1019.8,9.9,7.7,,,,,,,,,1.1,1.1,0.4,-13.5,,,,,,,,,,,,,,,2021,12,48,336,0,0,0,0
278,의성,2021-12-03,2.0,-3.0,2352,9.4,1241,,,,,,0.0,12.4,320,1130,5.9,290,1427,2.0,1724,290,-5.1,30,1422,64.3,4.3,1007.2,1022.4,2353,1014.5,0524,1017.4,9.8,6.9,,,,,,,,,2.3,1.5,1.9,-9.3,,,,,,,,,,,,,,,2021,12,48,337,0,0,0,0
278,의성,2021-12-04,-0.2,-7.0,0709,8.0,1512,,,,,,,9.4,320,1318,5.1,290,1328,1.1,949,250,-5.3,36,1047,71.5,4.2,1015.1,1029.1,2349,1022.2,0021,1025.4,9.8,6.9,,,,,,,,,0.8,0.5,-0.2,-12.1,,,,,,,,,,,,,,,2021,12,48,338,0,0,0,0
278,의성,2021-12-05,0.6,-5.8,0713,11.3,1418,,,,,,,3.5,270,1454,1.8,270,1502,0.4,311,250,-2.9,43,1520,80.3,5.0,1018.8,1031.6,0834,1026.9,1528,1029.2,9.8,8.2,,,,,,,,,0.3,0.0,1.8,-10.6,,,,,,,,,,,,,,,2021,12,48,339,0,0,0,0
278,의성,2021-12-06,2.8,-4.7,0607,13.2,1454,,,,,,,2.8,250,1348,1.4,250,1551,0.3,271,50,-0.7,45,1255,80.9,5.9,1016.4,1028.9,0845,1024.3,1505,1026.7,9.8,6.6,,,,,,,,,5.0,1.3,2.7,-9.2,,,,,,,,,,,,,,,2021,12,49,340,0,0,0,0
278,의성,2021-12-07,3.9,-2.7,0706,13.7,1505,,,,,,,3.7,70,1831,1.6,90,1831,0.4,367,20,0.5,40,1554,81.5,6.4,1017.8,1030.4,2242,1025.6,1404,1028.0,9.8,6.8,,,,,,,,,3.5,1.9,4.1,-8.0,,,,,,,,,,,,,,,2021,12,49,341,0,0,0,0
278,의성,2021-12-08,3.0,-3.0,0711,13.5,1427,,,,,,,3.4,230,1323,1.6,250,1137,0.4,359,290,-0.3,43,1456,82.4,6.1,1021.8,1034.1,0921,1030.2,0008,1032.1,9.8,7.3,,,,,,,,,2.9,1.3,3.7,-9.2,,,,,,,,,,,,,,,2021,12,49,342,0,0,0,0
278,의성,2021-12-09,3.8,-3.3,0640,12.8,1320,,,,,,,3.5,20,1616,2.0,20,1615,0.4,350,320,1.2,55,1323,84.9,6.8,1019.6,1033.4,0858,1026.6,2355,1029.9,9.8,3.5,,,,,,,,,8.1,3.1,3.4,-9.1,,,,,,,,,,,,,,,2021,12,49,343,0,0,0,0
278,의성,2021-12-10,4.4,-1.0,0431,10.9,1527,,,,,,,2.6,230,1722,1.5,230,1730,0.3,285,230,2.6,67,1316,89.3,7.5,1014.9,1026.8,0204,1022.6,1453,1025.1,9.7,1.9,,,,,,,,,6.6,4.8,4.0,-6.4,,,,,,,,,,,,,,,2021,12,49,344,0,0,0,0
278,의성,2021-12-11,5.6,1.4,0014,12.6,1533,,,,,,,3.1,200,1440,1.6,180,1445,0.3,295,70,3.7,55,1535,89.8,8.0,1014.6,1028.0,1003,1022.8,2334,1024.7,9.7,3.2,,,,,,,,,8.8,6.3,6.6,-3.4,,,,,,,,,,,,,,,2021,12,49,345,0,0,0,0
278,의성,2021-12-12,3.8,-1.5,2356,10.8,1257,,,,,,,11.1,290,1346,5.7,290,1349,2.1,1804,290,-4.0,31,1842,61.8,4.9,1012.9,1026.7,2349,1020.1,1338,1023.0,9.7,6.9,,,,,,,,,3.9,2.5,4.7,-7.2,,,,,,,,,,,,,,,2021,12,49,346,0,0,0,0
278,의성,2021-12-13,-2.7,-8.3,0628,4.8,1443,,,,,,,5.9,250,1030,3.1,250,1536,1.1,975,270,-12.2,20,1432,52.6,2.4,1016.1,1029.0,0822,1024.1,1453,1026.6,9.7,8.3,,,,,,,,,0.0,0.0,1.0,-14.2,,,,,,,,,,,,,,,2021,12,50,347,0,0,0,0
278,의성,2021-12-14,-0.6,-9.5,0532,8.2,1534,,,,,,0.0,9.3,270,1519,4.7,290,1521,0.7,617,270,-5.6,46,1237,70.9,4.2,1011.7,1026.1,0001,1018.9,1606,1022.0,9.7,4.1,,,,,,,,,5.3,4.4,1.4,-13.7,,,,,,,,,,,,,,,2021,12,50,348,0,0,0,0
278,의성,2021-12-15,3.7,-3.0,0448,13.8,1454,,,,,,,6.5,320,1414,4.0,320,1420,0.6,510,360,0.2,47,1348,80.5,6.3,1010.5,1022.0,0312,1018.4,1445,1020.6,9.7,6.0,,,,,,,,,2.8,1.0,4.0,-8.2,,,,,,,,,,,,,,,2021,12,50,349,0,0,0,0
278,의성,2021-12-16,3.2,-0.8,0129,11.5,1444,,,,,,,3.5,270,1445,2.1,270,1508,0.3,268,270,0.4,43,1447,84.5,6.3,1007.7,1021.4,0019,1015.1,1841,1017.8,9.7,1.3,,,,,,,,,9.3,2.9,3.8,-5.8,,,,,,,,,,,,,,,2021,12,50,350,0,0,0,0
278,의성,2021-12-17,-1.3,-7.4,2356,6.2,0318,,,,,,,18.8,290,1413,9.1,290,1340,4.4,3786,290,-13.2,19,1310,42.8,2.5,1010.1,1027.7,2355,1014.7,0112,1020.4,9.7,7.0,,,,,,,,,2.6,0.1,0.3,-11.4,,,,,,,,,,,,,,,2021,12,50,351,0,0,0,0
278,의성,2021-12-18,-5.6,-13.6,0719,1.5,1531,,,,,,,6.3,320,1316,3.3,290,1320,1.0,842,250,-14.4,24,1158,53.4,2.1,1015.2,1030.1,0943,1021.4,2347,1025.8,9.7,8.2,,,,,,,,,0.1,0.1,-1.8,-18.5,,,,,,,,,,,,,,,2021,12,50,352,0,0,0,0
278,의성,2021-12-19,-0.9,-6.5,0315,5.3,1502,,,,,,0.1,12.0,290,1243,6.1,290,1320,2.0,1698,290,-8.6,30,1103,59.3,3.2,1011.1,1023.0,1008,1019.8,0216,1021.5,9.7,8.2,,,,,,,,,0.6,0.1,0.4,-11.5,,,,,,,,,,,,,,,2021,12,50,353,0,0,0,1
278,의성,2021-12-20,1.5,-7.0,0204,11.8,1458,,,,,,,7.9,290,1614,3.8,270,1621,0.7,568,270,-3.6,43,1313,71.0,4.8,1007.8,1022.4,0008,1015.0,1533,1018.1,9.7,3.0,,,,,,,,,3.8,2.0,1.9,-11.7,,,,,,,,,,,,,,,2021,12,51,354,0,0,0,0
278,의성,2021-12-21,2.9,-3.2,0619,13.8,1356,,,,,,,8.0,340,1416,4.4,320,1405,0.7,593,270,-1.2,41,1442,77.9,5.6,1006.4,1019.6,2345,1013.4,1340,1016.5,9.7,6.6,,,,,,,,,1.8,0.9,2.9,-10.3,,,,,,,,,,,,,,,2021,12,51,355,0,0,0,0
278,의성,2021-12-22,-0.1,-6.1,0734,10.7,1533,,,,,,,2.0,250,1253,1.3,230,1629,0.3,216,230,-6.6,23,1525,67.9,3.7,1011.9,1024.5,2348,1019.7,0001,1022.2,9.7,8.2,,,,,,,,,0.0,0.0,2.0,-13.0,,,,,,,,,,,,,,,2021,12,51,356,0,0,0,0
278,의성,2021-12-23,-0.8,-7.9,0732,10.1,1439,,,,,,,4.0,200,1348,2.1,290,1412,0.4,356,50,-6.7,27,1316,68.1,3.7,1013.8,1026.5,0951,1022.3,1625,1024.2,9.7,8.0,,,,,,,,,1.5,0.5,1.4,-13.3,,,,,,,,,,,,,,,2021,12,51,357,0,0,0,0
278,의성,2021-12-24,2.2,-3.8,0557,8.9,1459,,,,,,,7.7,270,2342,3.7,270,2350,0.9,756,230,-3.6,42,1441,67.4,4.7,1010.5,1023.8,0006,1017.3,1537,1020.7,9.7,2.2,,,,,,,,,6.9,5.3,2.0,-9.3,,,,,,,,,,,,,,,2021,12,51,358,0,0,0,0
278,의성,2021-12-25,-5.6,-9.4,2326,0.4,0001,,,,,,,10.5,290,1333,5.2,290,1122,3.2,2745,290,-19.7,16,1558,33.9,1.4,1017.4,1031.6,2325,1021.9,0002,1028.0,9.7,8.3,,,,,,,,,0.0,0.0,-2.0,-12.9,,,,,,,,,,,,,,,2021,12,51,359,0,0,0,0
278,의성,2021-12-26,-9.3,-14.7,0751,-3.4,1442,,,,,,,8.8,290,1623,4.5,270,1226,2.0,1750,290,-21.2,21,1338,39.1,1.1,1021.0,1034.5,0909,1029.4,1524,1031.8,9.7,8.3,,,,,,,,,0.0,0.0,-5.0,-20.4,,,,,,,,,,,,,,,2021,12,51,360,0,0,0,0
278,의성,2021-12-27,-5.9,-15.6,0540,1.6,1449,,,,,,,7.6,340,1431,3.8,270,1314,1.2,1059,270,-13.4,26,1203,58.6,2.3,1019.1,1032.4,0741,1027.4,1520,1029.8,9.7,6.6,,,,,,,,,1.5,1.0,-3.4,-21.1,,,,,,,,,,,,,,,2021,12,52,361,0,0,0,0
278,의성,2021-12-28,-2.2,-9.9,0641,6.9,1309,,,,,,,6.4,290,1412,3.0,290,1317,0.7,578,270,-6.6,44,1309,74.5,3.8,1016.8,1030.7,0812,1024.4,2336,1027.3,9.7,4.7,,,,,,,,,3.3,2.4,-2.6,-16.0,,,,,,,,,,,,,,,2021,12,52,362,0,0,0,0
278,의성,2021-12-29,0.6,-6.5,0253,8.2,1425,,,,,,0.0,9.9,270,2239,5.0,320,2334,1.0,839,290,-3.9,52,1239,73.5,4.7,1009.2,1024.4,0001,1016.0,1520,1019.4,9.7,2.1,,,,,,,,,5.1,4.1,-0.9,-13.1,,,,,,,,,,,,,,,2021,12,52,363,0,0,0,0
278,의성,2021-12-30,-0.4,-3.5,0549,3.4,1459,,,,,,,10.0,290,0652,5.9,290,1338,3.1,2656,290,-10.9,24,1216,47.1,2.7,1012.7,1025.2,1029,1018.7,0001,1023.0,9.7,6.6,,,,,,,,,1.5,0.4,0.7,-11.8,,,,,,,,,,,,,,,2021,12,52,364,0,0,0,0
278,의성,2021-12-31,-4.1,-10.8,2400,1.1,1427,,,,,,,11.0,290,1259,5.9,290,1221,2.5,2161,290,-18.0,17,1507,35.1,1.5,1018.4,1032.1,2342,1025.1,0001,1029.0,9.7,8.2,,,,,,,,,0.0,0.0,-2.5,-17.9,,,,,,,,,,,,,,,2021,12,52,365,0,0,0,0
278,의성,2022-01-01,-7.3,-14.9,0729,2.2,1549,,,,,,,3.2,200,1132,1.7,110,1406,0.3,297,50,-16.3,19,1503,54.0,1.7,1019.7,1033.2,0829,1028.0,1634,1030.4,9.7,8.2,,,,,,,,,1.1,0.1,-4.8,-20.3,,,,,,,,,,,,,,,2022,1,52,1,0,0,0,0
278,의성,2022-01-02,-4.6,-11.8,0536,6.9,1405,,,,,,,7.6,270,1449,3.8,290,1512,0.7,631,290,-10.7,35,1554,64.6,2.8,1015.3,1028.3,0001,1023.2,1434,1025.8,9.7,6.0,,,,,,,,,2.4,0.8,-2.3,-16.7,,,,,,,,,,,,,,,2022,1,52,2,0,0,0,0
278,의성,2022-01-03,-4.2,-13.0,0800,4.6,1402,,,,,,,7.9,290,1632,4.3,290,1638,0.9,769,270,-12.1,19,1352,61.0,2.5,1014.9,1028.0,0834,1022.7,1439,1025.4,9.8,8.2,,,,,,,,,0.1,0.1,-3.5,-20.3,,,,,,,,,,,,,,,2022,1,1,3,0,0,0,0
278,의성,2022-01-04,-1.3,-8.6,2353,7.2,1450,,,,,,,6.4,250,1219,3.2,250,1227,0.9,800,270,-11.9,14,1532,50.0,2.6,1015.7,1028.6,2400,1024.0,1346,1026.1,9.8,8.2,,,,,,,,,0.0,,-0.5,-17.4,,,,,,,,,,,,,,,2022,1,1,4,0,0,0,0
278,의성,2022-01-05,-2.6,-10.4,0334,4.1,1535,,,,,,,1.9,230,1404,0.9,270,1247,0.2,184,250,-11.0,34,1313,54.5,2.7,1016.6,1029.4,0740,1024.8,1542,1027.1,9.8,1.6,,,,,,,,,8.8,4.3,-1.8,-17.3,,,,,,,,,,,,,,,2022,1,1,5,0,0,0,0
278,의성,2022-01-06,-1.3,-8.0,2336,8.0,1418,,,,,,,7.4,320,1429,4.5,320,1432,0.9,761,250,-11.0,17,1425,54.4,2.7,1016.4,1030.1,2304,1024.3,1412,1026.8,9.8,8.2,,,,,,,,,1.0,0.4,-0.5,-16.1,,,,,,,,,,,,,,,2022,1,1,6,0,0,0,0
278,의성,2022-01-07,-4.5,-11.7,0725,6.9,1435,,,,,,,3.9,270,1559,2.3,230,1402,0.4,381,70,-13.4,16,1502,56.5,2.2,1018.5,1031.9,0857,1026.2,1651,1029.0,9.8,8.2,,,,,,,,,0.0,0.0,-2.5,-18.4,,,,,,,,,,,,,,,2022,1,1,7,0,0,0,0
278,의성,2022-01-08,-2.7,-12.0,0705,7.7,1453,,,,,,,6.8,270,1557,3.6,250,1326,0.7,629,270,-10.6,24,1354,59.6,2.8,1013.6,1027.7,0001,1020.6,1538,1024.0,9.8,8.2,,,,,,,,,1.4,1.3,-1.1,-18.3,,,,,,,,,,,,,,,2022,1,1,8,0,0,0,0
278,의성,2022-01-09,0.0,-5.5,2346,7.9,1337,,,,,,,4.8,180,1455,2.2,270,1342,0.4,334,250,-4.7,48,1305,72.0,4.3,1011.5,1022.9,2253,1019.7,1438,1021.8,9.8,4.4,,,,,,,,,4.9,1.9,0.5,-13.5,,,,,,,,,,,,,,,2022,1,1,9,0,0,0,0
278,의성,2022-01-10,-0.7,-8.6,0728,8.8,1506,,,,,,,4.0,230,1405,2.2,320,1617,0.3,302,70,-7.0,26,1514,66.9,3.6,1009.2,1023.7,0754,1015.5,2353,1019.5,9.9,7.0,,,,,,,,,6.3,1.0,-0.1,-15.1,,,,,,,,,,,,,,,2022,1,2,10,0,0,0,0
278,의성,2022-01-11,-2.6,-10.0,2400,2.9,0118,,,,,,,10.5,320,0747,6.2,290,1410,2.8,2429,290,-13.4,21,1420,46.4,2.4,1006.8,1022.6,2337,1012.4,0502,1017.2,9.9,8.2,,,,,,,,,,,-0.5,-17.6,,,,,,,,,,,,,,,2022,1,2,11,0,0,0,0
278,의성,2022-01-12,-6.8,-14.2,0720,0.2,1452,,,,,,,6.2,270,1154,3.4,250,1144,1.1,925,250,-15.6,26,1402,53.9,1.8,1010.7,1023.7,0820,1019.0,1547,1021.3,9.9,8.2,,,,,,,,,1.4,0.0,-4.3,-21.3,,,,,,,,,,,,,,,2022,1,2,12,0,0,0,0
278,의성,2022-01-13,-6.4,-13.1,0739,0.3,1359,,,,,,,14.6,270,1415,7.3,270,1415,2.6,2246,290,-15.4,22,1259,52.5,1.8,1008.9,1022.9,2350,1016.8,1355,1019.4,9.9,8.2,,,,,,,,,0.4,0.1,-4.3,-19.1,,,,,,,,,,,,,,,2022,1,2,13,0,0,0,0
278,의성,2022-01-14,-7.1,-15.1,0748,2.5,1623,,,,,,,4.7,270,1452,2.7,250,1452,0.6,496,250,-16.2,20,1447,53.0,1.7,1014.2,1027.2,0930,1022.8,0002,1024.8,9.9,8.2,,,,,,,,,1.9,0.0,-4.3,-21.9,,,,,,,,,,,,,,,2022,1,2,14,0,0,0,0
278,의성,2022-01-15,-2.7,-10.3,0746,6.8,1551,,,,,,,4.8,250,1354,3.2,230,1352,0.5,423,250,-12.2,19,1400,51.8,2.4,1012.4,1025.2,0001,1020.4,1431,1022.8,10.0,6.4,,,,,,,,,5.6,1.9,-0.5,-14.9,,,,,,,,,,,,,,,2022,1,2,15,0,0,0,0
278,의성,2022-01-16,-0.2,-4.7,0746,5.8,1237,,,,,,,11.8,250,1307,6.1,270,1314,1.8,1583,290,-11.3,17,1652,47.9,2.7,1012.4,1026.0,2327,1020.5,0448,1022.7,10.0,7.0,,,,,,,,,1.6,1.1,0.2,-15.5,,,,,,,,,,,,,,,2022,1,2,16,0,0,0,0
278,의성,2022-01-17,-3.6,-10.9,0736,3.3,1400,,,,,,0.3,12.1,340,1301,6.0,290,1255,1.9,1602,270,-10.9,31,1404,59.0,2.7,1014.9,1028.4,0938,1022.3,1719,1025.4,10.0,6.3,,,,,,,,,4.1,1.9,-2.6,-18.7,,,,,,,,,,,,,,,2022,1,3,17,0,0,0,1
278,의성,2022-01-18,-6.3,-12.6,0804,1.8,1521,,,,,,,6.0,250,0044,3.6,270,0158,1.2,1006,270,-15.7,19,1504,51.8,1.8,1016.5,1029.4,1021,1025.0,1618,1027.2,10.0,8.2,,,,,,,,,0.0,0.0,-2.9,-21.3,,,,,,,,,,,,,,,2022,1,3,18,0,0,0,0
278,의성,2022-01-19,-4.3,-14.6,0716,4.3,1432,,,,,,,9.3,290,1757,4.8,290,2201,1.3,1094,270,-11.5,30,1433,60.1,2.7,1013.1,1027.4,0019,1019.5,1705,1023.6,10.0,5.0,,,,,,,,,5.6,3.9,-2.8,-20.0,,,,,,,,,,,,,,,2022,1,3,19,0,0,0,0
278,의성,2022-01-20,-5.0,-11.6,0739,4.6,1441,,,,,,,4.7,290,0014,2.5,290,0014,0.5,450,250,-11.9,26,1654,62.8,2.5,1016.8,1030.0,2306,1022.8,0001,1027.4,10.1,8.2,,,,,,,,,0.0,0.0,-2.2,-18.9,,,,,,,,,,,,,,,2022,1,3,20,0,0,0,0
278,의성,2022-01-21,-5.1,-14.0,0717,6.8,1603,,,,,,,3.7,320,1513,1.7,320,1516,0.4,330,290,-13.8,20,1549,56.1,2.1,1019.8,1033.3,1012,1028.2,1630,1030.4,10.1,8.4,,,,,,,,,1.0,0.0,-2.7,-21.4,,,,,,,,,,,,,,,2022,1,3,21,0,0,0,0
278,의성,2022-01-22,-0.1,-9.9,0402,9.4,1441,,,,,,,3.5,320,1446,2.0,290,1455,0.3,286,290,-7.3,38,1429,60.1,3.6,1016.0,1029.7,0001,1023.3,1703,1026.3,10.1,2.7,,,,,,,,,7.3,5.5,0.4,-16.1,,,,,,,,,,,,,,,2022,1,3,22,0,0,0,0
278,의성,2022-01-23,4.6,-0.4,0522,11.7,1542,,,,,,,4.9,90,2246,1.7,70,2253,0.4,330,160,-1.8,43,1202,64.8,5.4,1010.5,1024.2,0020,1017.3,1552,1020.6,10.1,3.9,,,,,,,,,8.1,4.8,3.5,-6.8,,,,,,,,,,,,,,,2022,1,3,23,0,0,0,0
278,의성,2022-01-24,2.6,-2.2,2149,6.7,1245,,,,,,,8.4,50,1123,4.0,90,1204,1.3,1146,70,-3.0,45,1237,68.1,4.9,1012.4,1023.8,1033,1020.5,0008,1022.6,10.2,1.2,,,,,,,,,3.6,3.1,1.0,-9.8,,,,,,,,,,,,,,,2022,1,4,24,0,0,0,0
278,의성,2022-01-25,1.9,-0.8,0001,4.8,1553,,,,,,0.2,1.8,290,1232,1.0,250,2227,0.3,218,250,-0.7,75,0230,83.0,5.8,1011.0,1023.4,0002,1019.5,1518,1021.2,10.2,0.0,,,,,,,,,7.0,7.0,1.9,-6.5,,,,,,,,,,,,,,,2022,1,4,25,0,0,0,1
278,의성,2022-01-26,0.4,-3.9,2246,7.6,1416,,,,,,,10.4,320,1259,3.6,320,1301,0.9,780,250,-4.0,42,1416,75.4,4.6,1013.1,1024.6,0904,1021.1,0001,1023.4,10.2,7.3,,,,,,,,,4.4,2.6,1.8,-11.1,,,,,,,,,,,,,,,2022,1,4,26,0,0,0,0
278,의성,2022-01-27,-1.3,-7.7,0748,8.6,1520,,,,,,,5.1,270,1825,2.9,250,1713,0.7,576,270,-9.0,23,1535,62.5,3.1,1012.9,1025.6,0941,1019.9,1602,1023.3,10.3,8.5,,,,,,,,,2.0,0.1,1.2,-14.5,,,,,,,,,,,,,,,2022,1,4,27,0,0,0,0
278,의성,2022-01-28,-2.4,-9.9,0703,6.1,1534,,,,,,,7.9,290,1706,4.0,290,1658,1.0,889,290,-12.0,19,1540,53.8,2.4,1012.3,1025.4,0827,1020.4,1555,1022.7,10.3,8.5,,,,,,,,,3.8,1.8,-0.1,-16.8,,,,,,,,,,,,,,,2022,1,4,28,0,0,0,0
278,의성,2022-01-29,-1.7,-7.0,0705,5.3,1543,,,,,,,7.8,290,1513,3.6,290,1625,1.1,966,270,-13.6,18,1544,43.5,2.2,1009.8,1022.8,0202,1017.0,1532,1020.1,10.3,8.7,,,,,,,,,6.5,2.0,0.9,-12.9,,,,,,,,,,,,,,,2022,1,4,29,0,0,0,0
278,의성,2022-01-30,-3.5,-11.0,0735,6.0,1535,,,,,,,6.0,340,1712,2.6,230,1457,0.7,569,270,-13.3,19,1711,51.0,2.2,1010.3,1023.2,2357,1017.7,1527,1020.7,10.4,8.7,,,,,,,,,3.0,0.1,-0.2,-16.7,,,,,,,,,,,,,,,2022,1,4,30,0,0,0,0
278,의성,2022-01-31,-4.0,-12.8,0713,6.3,1451,,,,,,,6.4,270,1503,3.7,270,1506,0.7,614,270,-14.1,17,1444,51.9,2.1,1013.1,1026.0,0913,1021.8,1441,1023.6,10.4,8.7,,,,,,,,,0.4,0.4,-1.4,-18.9,,,,,,,,,,,,,,,2022,1,5,31,0,0,0,0
278,의성,2022-02-01,-1.6,-7.0,0001,4.4,1410,,,,,,,12.5,270,1456,6.2,290,1250,2.2,1917,270,-8.6,42,1515,60.0,3.2,1013.7,1028.4,2355,1021.9,0440,1024.1,10.4,2.8,,,,,,,,,5.8,4.6,0.1,-14.2,,,,,,,,,,,,,,,2022,2,5,32,1,1,0,0
278,의성,2022-02-02,-2.4,-8.5,0454,4.7,1436,,,,,,,10.6,270,1359,4.9,290,1037,1.5,1338,290,-11.5,24,1557,55.5,2.6,1016.2,1029.0,0751,1024.3,1431,1026.6,10.4,7.3,,,,,,,,,4.0,1.6,-0.9,-14.2,,,,,,,,,,,,,,,2022,2,5,33,1,1,0,0
278,의성,2022-02-03,-3.6,-10.5,0803,4.8,1433,,,,,,,8.4,340,1353,4.2,270,1346,1.1,952,290,-13.2,21,1506,51.9,2.2,1015.0,1027.8,0805,1022.5,1511,1025.5,10.5,8.7,,,,,,,,,2.9,0.6,-1.1,-16.1,,,,,,,,,,,,,,,2022,2,5,34,1,1,0,0
278,의성,2022-02-04,-3.3,-10.8,0742,3.4,1409,,,,,,,11.6,320,1217,6.5,290,1209,2.1,1854,290,-12.7,24,1553,51.8,2.3,1012.7,1026.2,0206,1020.1,1518,1023.1,10.5,8.6,,,,,,,,,1.9,1.3,-0.2,-17.2,,,,,,,,,,,,,,,2022,2,5,35,1,1,0,0
278,의성,2022-02-05,-4.6,-11.5,0749,0.6,1436,,,,,,,12.6,270,1522,6.9,290,1527,2.8,2451,290,-14.9,21,1437,47.1,2.0,1013.8,1026.1,2357,1022.4,1432,1024.3,10.5,8.1,,,,,,,,,0.1,0.1,-2.2,-17.6,,,,,,,,,,,,,,,2022,2,5,36,1,1,0,0
278,의성,2022-02-06,-4.0,-12.8,0731,4.0,1410,,,,,,,12.3,320,1415,5.7,290,1301,1.9,1632,290,-13.9,27,1411,49.1,2.1,1016.0,1028.9,0818,1023.6,1637,1026.6,10.6,8.6,,,,,,,,,0.8,0.1,-1.3,-19.3,,,,,,,,,,,,,,,2022,2,5,37,1,1,0,0
278,의성,2022-02-07,-3.3,-11.7,0746,2.9,1552,,,,,,,4.9,270,1209,2.5,250,1109,0.6,557,230,-12.9,23,1658,52.4,2.3,1016.8,1029.6,0708,1024.2,1829,1027.3,10.6,4.4,,,,,,,,,5.9,5.0,-1.2,-19.4,,,,,,,,,,,,,,,2022,2,6,38,1,1,0,0
278,의성,2022-02-08,-3.0,-10.4,0705,6.7,1532,,,,,,,6.0,360,1323,3.0,360,1326,0.6,519,320,-12.0,22,1633,52.6,2.5,1016.2,1028.3,0941,1024.6,1650,1026.7,10.6,6.2,,,,,,,,,3.6,1.3,0.3,-17.2,,,,,,,,,,,,,,,2022,2,6,39,1,1,0,0
278,의성,2022-02-09,-1.2,-11.3,0658,9.0,1444,,,,,,,3.2,230,1413,1.9,320,1657,0.4,367,290,-11.5,16,1713,50.3,2.6,1014.6,1029.5,0904,1021.4,1738,1025.0,10.7,8.7,,,,,,,,,4.5,0.8,0.7,-17.7,,,,,,,,,,,,,,,2022,2,6,40,1,1,0,0
278,의성,2022-02-10,1.5,-5.6,2347,10.2,1412,,,,,,,7.7,290,1448,3.7,290,1603,0.8,728,270,-10.4,19,1249,45.0,2.8,1011.4,1024.6,2327,1019.0,1419,1021.7,10.7,8.6,,,,,,,,,2.4,1.3,3.6,-13.4,,,,,,,,,,,,,,,2022,2,6,41,1,1,0,0
278,의성,2022-02-11,-0.6,-9.3,0730,11.2,1532,,,,,,,4.0,160,1635,2.1,140,1636,0.5,408,90,-10.2,22,1527,52.5,2.8,1015.0,1028.1,0943,1023.1,1601,1025.3,10.7,9.0,,,,,,,,,1.8,0.1,1.8,-16.2,,,,,,,,,,,,,,,2022,2,6,42,1,1,0,0
278,의성,2022-02-12,1.8,-6.2,0410,12.1,1442,,,,,,,6.3,160,1724,2.8,110,1805,0.5,460,250,-7.3,21,1443,55.5,3.7,1014.2,1027.1,0826,1021.0,1618,1024.5,10.8,8.7,,,,,,,,,3.3,0.9,3.3,-11.4,,,,,,,,,,,,,,,2022,2,6,43,1,1,0,0
278,의성,2022-02-13,3.4,-3.6,0440,11.8,1411,,,,,,,6.0,20,1845,2.9,70,1837,0.7,601,20,-2.5,35,1558,69.4,5.1,1011.1,1023.9,0001,1018.2,1648,1021.3,10.8,4.3,,,,,,,,,6.5,1.5,3.6,-9.2,,,,,,,,,,,,,,,2022,2,6,44,1,1,0,0
278,의성,2022-02-14,4.5,-2.6,0212,12.3,1311,,,,,,,10.7,340,2331,5.6,290,2336,1.3,1083,290,-3.4,25,1711,62.4,4.9,1008.8,1022.0,0145,1015.5,1704,1018.9,10.8,6.0,,,,,,,,,5.9,4.8,4.3,-9.9,,,,,,,,,,,,,,,2022,2,7,45,1,1,0,0
278,의성,2022-02-15,-0.9,-5.4,2342,4.3,0001,,,,,,,11.7,320,0151,6.1,290,1446,3.6,3076,290,-10.4,33,1415,49.1,2.8,1008.9,1021.0,2234,1017.3,1452,1019.3,10.9,5.7,,,,,,,,,3.6,2.8,2.4,-9.2,,,,,,,,,,,,,,,2022,2,7,46,1,1,0,0
278,의성,2022-02-16,-4.6,-7.4,0747,-0.9,1427,,,,,,,13.1,290,1215,6.1,270,1217,3.4,2932,290,-15.2,23,1605,44.8,1.9,1011.0,1022.7,2352,1019.1,1600,1021.5,10.9,9.0,,,,,,,,,0.6,0.4,-0.6,-11.4,,,,,,,,,,,,,,,2022,2,7,47,1,1,0,0
278,의성,2022-02-17,-6.3,-12.9,0639,1.0,1638,,,,,,,8.9,320,0919,4.6,290,0103,1.7,1461,290,-18.4,19,1530,40.3,1.4,1016.3,1031.0,2352,1022.6,0001,1026.9,11.0,9.6,,,,,,,,,0.0,0.0,-0.8,-19.0,,,,,,,,,,,,,,,2022,2,7,48,1,1,0,0
278,의성,2022-02-18,-3.7,-14.7,0626,7.1,1519,,,,,,,4.6,290,1413,2.7,320,1413,0.6,483,340,-14.1,21,1446,48.4,2.1,1019.2,1034.8,0839,1025.9,2345,1029.7,11.0,9.7,,,,,,,,,4.0,1.9,0.6,-19.5,,,,,,,,,,,,,,,2022,2,7,49,1,1,0,0
278,의성,2022-02-19,0.5,-2.9,0037,6.1,1432,,,,,,,9.1,340,1542,5.0,340,1547,1.4,1192,290,-9.7,18,1421,47.6,3.0,1011.3,1026.5,0105,1019.0,1646,1021.6,11.0,3.7,,,,,,,,,6.8,3.4,2.8,-10.0,,,,,,,,,,,,,,,2022,2,7,50,1,1,0,0
278,의성,2022-02-20,-2.8,-7.3,2306,2.0,1447,,,,,,,12.3,270,1357,6.6,340,1416,3.1,2671,290,-17.5,15,1504,33.6,1.6,1013.7,1028.1,2313,1021.0,0001,1024.2,11.1,9.8,,,,,,,,,0.0,0.0,0.9,-15.8,,,,,,,,,,,,,,,2022,2,7,51,1,1,0,0
278,의성,2022-02-21,-2.1,-12.7,0654,6.4,1601,,,,,,,13.2,290,1622,6.4,270,1405,2.0,1740,270,-11.5,26,1413,52.3,2.6,1016.8,1030.4,0848,1023.8,1529,1027.3,11.1,7.9,,,,,,,,,2.1,0.0,1.2,-18.9,,,,,,,,,,,,,,,2022,2,8,52,1,1,0,0
278,의성,2022-02-22,-1.3,-8.9,0720,3.0,1459,,,,,,,11.5,270,1300,6.3,290,1228,2.6,2232,290,-14.3,21,1504,38.4,2.0,1019.4,1032.0,0921,1028.0,0003,1029.8,11.1,9.8,,,,,,,,,1.0,0.0,2.0,-15.9,,,,,,,,,,,,,,,2022,2,8,53,1,1,0,0
278,의성,2022-02-23,-3.4,-8.6,0711,2.9,1542,,,,,,,8.0,270,1635,4.2,290,1528,2.0,1688,270,-17.4,15,1356,36.3,1.6,1020.4,1033.9,0834,1027.8,1551,1030.9,11.2,9.1,,,,,,,,,3.6,0.0,0.8,-16.5,,,,,,,,,,,,,,,2022,2,8,54,1,1,0,0
278,의성,2022-02-24,-4.1,-14.6,0705,6.0,1538,,,,,,,7.9,320,1809,4.4,290,1617,1.4,1201,270,-16.0,12,1355,45.8,1.8,1018.9,1032.7,0753,1026.2,1627,1029.5,11.2,10.0,,,,,,,,,0.0,0.0,1.0,-20.5,,,,,,,,,,,,,,,2022,2,8,55,1,1,0,0
278,의성,2022-02-25,-0.1,-10.2,0643,11.0,1526,,,,,,,9.0,270,1438,4.6,290,1455,1.2,1077,290,-8.5,27,1552,57.1,3.3,1015.9,1029.7,0826,1022.9,1604,1026.2,11.2,9.7,,,,,,,,,0.0,0.0,2.7,-16.7,,,,,,,,,,,,,,,2022,2,8,56,1,1,0,0
278,의성,2022-02-26,4.1,-6.0,0645,14.4,1505,,,,,,0.3,11.5,320,2312,6.1,290,2315,1.4,1182,250,-5.0,18,1557,59.6,4.3,1007.8,1024.7,0012,1011.9,2219,1017.9,11.3,8.0,,,,,,,,,5.0,1.6,5.0,-12.3,,,,,,,,,,,,,,,2022,2,8,57,1,1,0,1
278,의성,2022-02-27,2.9,-5.6,0724,11.7,1455,,,,,,,10.1,270,1546,5.6,290,1551,1.9,1629,270,-8.1,18,1424,50.3,3.4,1010.6,1023.2,2346,1014.1,0001,1020.8,11.3,10.1,,,,,,,,,0.0,0.0,5.9,-12.6,,,,,,,,,,,,,,,2022,2,8,58,1,1,0,0
278,의성,2022-02-28,3.1,-6.9,0631,13.9,1503,,,,,,,4.2,200,1339,2.2,230,1251,0.5,470,110,-9.4,17,1258,44.9,3.0,1010.7,1025.9,0754,1016.9,2328,1020.9,11.4,6.6,,,,,,,,,4.8,2.8,5.0,-13.5,,,,,,,,,,,,,,,2022,2,9,59,1,1,0,0
278,의성,2022-03-01,6.6,-1.3,0135,15.3,1438,,,,,,0.0,8.3,290,1507,4.8,340,1602,1.4,1223,270,-2.1,43,2105,54.4,5.5,1003.4,1016.9,0001,1009.6,1439,1013.4,11.4,3.8,,,,,,,,,5.4,4.4,7.1,-6.8,,,,,,,,,,,,,,,2022,3,9,60,1,1,0,0
278,의성,2022-03-02,4.0,-4.6,0727,11.9,1509,,,,,,,7.2,270,1429,4.0,290,1437,1.6,1369,270,-7.4,21,1606,47.1,3.5,1006.1,1018.7,0924,1013.4,1611,1016.2,11.4,10.0,,,,,,,,,1.9,0.5,6.8,-12.2,,,,,,,,,,,,,,,2022,3,9,61,1,1,0,0
278,의성,2022-03-03,3.8,-5.3,0703,14.1,1558,,,,,,,9.9,320,1445,4.5,290,1454,1.2,1020,290,-6.6,19,1714,52.9,3.7,1007.2,1019.8,0911,1014.7,1700,1017.4,11.5,10.1,,,,,,,,,0.0,0.0,7.0,-13.0,,,,,,,,,,,,,,,2022,3,9,62,1,1,0,0
278,의성,2022-03-04,7.1,-4.7,0543,16.9,1438,,,,,,,10.0,290,2335,4.9,270,2328,1.5,1313,230,-3.6,22,1411,50.5,4.9,1002.4,1018.6,0533,1006.3,1735,1012.4,11.5,7.9,,,,,,,,,4.4,0.4,8.0,-11.5,,,,,,,,,,,,,,,2022,3,9,63,1,1,0,0
278,의성,2022-03-05,5.3,-1.4,2255,11.8,0003,,,,,,,14.5,320,1025,7.9,290,1053,4.1,3524,290,-11.1,13,1202,33.0,3.0,1003.0,1018.0,2340,1007.4,0041,1013.0,11.5,10.3,,,,,,,,,0.8,0.0,8.9,-5.4,,,,,,,,,,,,,,,2022,3,9,64,1,1,0,0
278,의성,2022-03-06,0.9,-8.1,0702,9.8,1544,,,,,,,8.6,340,1414,4.5,290,1123,1.3,1145,290,-14.1,12,1450,38.4,2.1,1009.5,1021.8,2322,1017.0,1634,1019.8,11.6,10.4,,,,,,,,,0.9,0.0,5.7,-17.2,,,,,,,,,,,,,,,2022,3,9,65,1,1,0,0
278,의성,2022-03-07,1.1,-7.7,0655,11.4,1549,,,,,,,5.7,290,1459,3.0,230,1341,0.6,540,200,-12.4,13,1549,40.4,2.4,1009.7,1022.9,0818,1016.3,1629,1019.9,11.6,8.2,,,,,,,,,5.4,1.6,5.2,-14.0,,,,,,,,,,,,,,,2022,3,10,66,1,1,0,0
278,의성,2022-03-08,3.7,-6.8,0657,14.7,1549,,,,,,,7.0,290,1447,3.2,270,1408,0.9,753,200,-7.8,23,1116,47.4,3.5,1008.2,1020.5,0800,1015.4,1622,1018.3,11.7,10.4,,,,,,,,,0.0,0.0,7.4,-13.8,,,,,,,,,,,,,,,2022,3,10,67,1,1,0,0
278,의성,2022-03-09,5.5,-4.4,0642,16.7,1534,,,,,,,4.4,90,1336,2.4,140,1402,0.6,552,110,-4.7,20,1249,54.9,4.3,1010.9,1023.3,0924,1018.8,0001,1021.0,11.7,10.4,,,,,,,,,0.0,0.0,9.1,-11.9,,,,,,,,,,,,,,,2022,3,10,68,1,1,0,0
278,의성,2022-03-10,6.7,-1.2,0413,17.7,1552,,,,,,,6.9,270,1404,3.0,290,1410,0.7,631,230,-2.6,17,1458,59.1,5.2,1010.3,1023.4,0837,1017.0,1715,1020.4,11.7,5.7,,,,,,,,,7.6,2.8,8.3,-8.2,,,,,,,,,,,,,,,2022,3,10,69,1,1,0,0
278,의성,2022-03-11,9.2,-2.4,0645,18.8,1548,,,,,,,6.4,250,1344,3.5,250,1405,0.9,742,230,1.4,39,1009,60.3,7.1,1007.7,1020.5,0728,1014.4,1631,1017.6,11.8,6.5,,,,,,,,,4.1,2.9,9.6,-8.2,,,,,,,,,,,,,,,2022,3,10,70,1,1,0,0
278,의성,2022-03-12,12.9,4.7,0715,21.2,1322,,,,,,,5.6,230,1322,2.8,200,1330,0.6,494,230,6.8,47,1323,69.4,10.0,1005.3,1019.1,0832,1011.5,2357,1015.1,11.8,2.1,,,,,,,,,8.6,5.3,12.7,-1.1,,,,,,,,,,,,,,,2022,3,10,71,1,0,0,0
278,의성,2022-03-13,13.4,9.4,0446,16.3,0212,,,,,,12.0,4.1,230,0213,2.2,230,0125,0.4,369,180,12.7,65,0224,95.9,14.8,1000.8,1012.6,2154,1008.0,1409,1010.5,11.8,0.0,,,,,,,,,8.8,5.4,11.3,5.8,,,,,,,,,,,,,,,2022,3,10,72,1,0,0,1
278,의성,2022-03-14,10.9,8.0,2352,14.2,1548,,,,,,1.7,7.8,290,2014,3.6,270,2009,1.6,1371,140,7.8,72,2119,81.5,10.6,1001.4,1014.7,0740,1006.0,1618,1011.2,11.9,0.0,,,,,,,,,8.5,8.1,10.2,5.6,,,,,,,,,,,,,,,2022,3,11,73,1,0,0,1
278,의성,2022-03-15,8.3,0.2,0634,17.5,1617,,,,,,,5.1,250,0036,2.9,290,0042,0.7,595,20,2.4,31,1554,71.9,7.3,1003.1,1016.6,0933,1010.4,1648,1013.0,11.9,9.9,,,,,,,,,0.6,0.4,10.4,-5.5,,,,,,,,,,,,,,,2022,3,11,74,1,0,0,0
278,의성,2022-03-16,9.9,-0.9,0625,20.8,1604,,,,,,,3.3,320,1647,1.9,340,1656,0.6,514,20,1.8,24,1519,65.4,7.0,1005.2,1018.0,2247,1012.5,1602,1015.1,12.0,7.8,,,,,,,,,4.3,0.4,10.9,-7.1,,,,,,,,,,,,,,,2022,3,11,75,1,1,0,0
278,의성,2022-03-17,7.7,5.5,2251,9.6,1012,,,,,,5.0,6.1,50,1341,3.5,50,1343,1.1,931,20,5.5,77,0539,86.5,9.0,1010.1,1022.0,1038,1017.7,0011,1020.1,12.0,0.0,,,,,,,,,10.0,9.3,7.7,2.7,,,,,,,,,,,,,,,2022,3,11,76,1,0,0,1
278,의성,2022-03-18,5.6,2.4,2200,8.7,1200,,,,,,6.1,10.3,50,1558,4.9,90,1627,1.9,1631,70,2.9,60,1556,83.9,7.6,1001.4,1018.4,0001,1008.6,2350,1011.4,12.0,0.1,,,,,,,,,9.3,8.4,6.7,-0.3,,,,,,,,,,,,,,,2022,3,11,77,1,0,0,1
278,의성,2022-03-19,2.9,0.6,0805,6.2,1606,,,,,,12.4,5.0,340,1703,2.8,320,1710,0.5,470,20,2.1,78,1609,94.9,7.1,999.5,1015.3,2358,1006.3,0805,1009.6,12.1,0.1,,,,,,,,,9.5,9.1,5.2,-0.1,,,,,,,,,,,,,,,2022,3,11,78,1,0,0,1
278,의성,2022-03-20,4.8,1.1,2358,10.2,1453,,,,,,0.0,4.9,230,1349,2.8,320,1235,0.9,800,160,1.2,48,1530,81.0,6.7,1008.1,1021.6,2350,1015.3,0001,1018.2,12.1,1.4,,,,,,,,,8.9,6.3,7.2,-2.3,,,,,,,,,,,,,,,2022,3,11,79,1,0,0,0
278,의성,2022-03-21,5.8,-1.9,0648,13.2,1446,,,,,,,4.8,290,1239,2.4,290,1655,0.7,619,320,-1.5,22,1335,66.1,5.6,1012.4,1026.0,0744,1019.6,1839,1022.5,12.2,8.3,,,,,,,,,8.1,3.4,8.8,-7.5,,,,,,,,,,,,,,,2022,3,12,80,1,1,0,0
278,의성,2022-03-22,6.2,-0.6,0652,14.1,1540,,,,,,,7.1,70,1718,4.3,90,1715,1.2,1003,50,-1.9,23,1502,62.4,5.4,1010.8,1023.0,0915,1018.2,1716,1020.9,12.2,9.0,,,,,,,,,4.1,0.9,10.3,-5.6,,,,,,,,,,,,,,,2022,3,12,81,1,1,0,0
278,의성,2022-03-23,3.5,-0.8,0213,10.7,1447,,,,,,0.0,7.6,320,1710,4.1,290,1642,0.9,787,290,-0.6,47,1506,76.5,5.9,1007.8,1021.7,0132,1015.0,1445,1017.9,12.2,0.8,,,,,,,,,6.1,3.0,5.7,-6.5,,,,,,,,,,,,,,,2022,3,12,82,1,1,0,0
278,의성,2022-03-24,5.4,-3.1,0632,15.3,1538,,,,,,,4.1,250,1541,2.3,340,1620,0.5,397,20,0.4,43,1437,74.3,6.4,1010.0,1022.6,2324,1017.8,1829,1020.1,12.3,5.5,,,,,,,,,2.4,1.1,7.9,-8.2,,,,,,,,,,,,,,,2022,3,12,83,1,1,0,0
278,의성,2022-03-25,11.7,1.5,0619,19.6,1350,,,,,,2.5,8.0,250,1427,4.2,250,1436,1.1,949,200,5.7,36,1345,70.6,9.4,1006.7,1022.2,0001,1007.4,2356,1016.5,12.3,3.2,,,,,,,,,7.8,2.8,11.6,-2.4,,,,,,,,,,,,,,,2022,3,12,84,1,0,0,1
278,의성,2022-03-26,12.7,6.7,2349,18.5,1218,,,,,,10.4,10.7,320,1410,6.3,290,1414,2.0,1708,290,10.0,63,1218,85.0,12.4,992.3,1010.6,2340,995.2,0917,1002.0,12.4,0.9,,,,,,,,,8.1,7.3,12.5,2.0,,,,,,,,,,,,,,,2022,3,12,85,1,0,0,1
278,의성,2022-03-27,10.2,3.1,0647,18.4,1433,,,,,,,12.4,320,1324,6.2,320,1333,2.1,1848,290,-0.4,17,1256,55.5,6.3,1004.1,1021.0,2400,1009.7,1449,1014.0,12.4,8.9,,,,,,,,,4.9,2.3,11.5,-3.2,,,,,,,,,,,,,,,2022,3,12,86,1,0,0,0
278,의성,2022-03-28,6.1,-2.7,0623,15.3,1619,,,,,,,5.8,50,1453,2.7,340,1506,0.8,693,360,-4.1,22,1553,54.8,4.5,1015.3,1028.0,2348,1021.0,0001,1025.4,12.4,11.0,,,,,,,,,2.6,0.6,9.9,-7.9,,,,,,,,,,,,,,,2022,3,13,87,1,1,0,0
278,의성,2022-03-29,8.1,-2.1,0612,18.7,1633,,,,,,,5.6,200,1253,3.0,230,1236,0.8,708,20,-1.1,23,1335,59.8,5.7,1014.2,1028.1,0032,1020.5,1658,1024.2,12.5,11.2,,,,,,,,,0.0,0.0,11.9,-7.1,,,,,,,,,,,,,,,2022,3,13,88,1,1,0,0
278,의성,2022-03-30,11.5,0.2,0514,21.1,1344,,,,,,0.2,7.8,50,1523,3.6,360,1528,0.7,612,340,4.7,32,1201,67.4,8.8,1009.8,1023.9,0738,1016.6,1505,1019.7,12.5,5.4,,,,,,,,,6.3,3.8,12.7,-4.6,,,,,,,,,,,,,,,2022,3,13,89,1,0,0,1
278,의성,2022-03-31,9.4,4.7,2350,13.5,1200,,,,,,1.2,7.3,70,1446,3.9,70,1450,1.8,1526,50,5.8,61,1200,79.5,9.3,1013.3,1028.5,2303,1018.0,0012,1023.3,12.5,0.0,,,,,,,,,9.4,8.4,11.8,3.8,,,,,,,,,,,,,,,2022,3,13,90,1,0,0,1
278,의성,2022-04-01,6.1,1.1,0733,14.2,1528,,,,,,,4.4,110,1817,2.2,270,1528,0.9,742,20,1.0,32,1633,75.1,6.6,1018.6,1031.3,0912,1026.1,1649,1028.7,12.6,5.1,,,,,,,,,5.8,3.1,8.9,-2.3,,,,,,,,,,,,,,,2022,4,13,91,1,0,0,0
278,의성,2022-04-02,6.9,-1.8,0623,16.3,1446,,,,,,,6.4,340,1350,3.4,270,1423,0.9,814,250,-3.0,18,1717,58.8,5.0,1016.3,1029.3,0009,1022.5,1650,1026.4,12.6,11.3,,,,,,,,,0.3,0.3,11.7,-6.9,,,,,,,,,,,,,,,2022,4,13,92,1,1,0,0
278,의성,2022-04-03,7.7,-2.6,0622,18.2,1503,,,,,,,5.5,230,1327,2.6,230,1336,0.8,652,360,-4.5,13,1726,52.4,4.5,1016.8,1028.9,0741,1023.9,1557,1026.8,12.7,11.3,,,,,,,,,0.9,0.0,12.9,-7.7,,,,,,,,,,,,,,,2022,4,13,93,1,1,0,0
278,의성,2022-04-04,9.4,-0.6,0611,20.1,1613,,,,,,,8.3,250,1422,4.0,250,1425,1.1,920,290,-1.7,13,1614,56.1,5.5,1016.3,1029.7,0714,1022.6,1744,1026.3,12.7,11.4,,,,,,,,,0.5,0.0,14.0,-5.4,,,,,,,,,,,,,,,2022,4,14,94,1,1,0,0
278,의성,2022-04-05,9.6,-1.5,0620,20.4,1455,,,,,,,9.6,320,1547,5.2,290,1519,1.4,1170,290,-4.2,11,1456,48.0,4.6,1011.1,1025.5,0002,1016.8,1635,1021.0,12.7,8.3,,,,,,,,,5.6,2.0,12.7,-6.3,,,,,,,,,,,,,,,2022,4,14,95,1,1,0,0
278,의성,2022-04-06,11.9,2.1,0601,22.4,1545,,,,,,,11.5,270,1552,4.1,360,1611,1.1,975,290,-2.3,17,1536,42.8,5.2,1009.3,1022.2,0652,1016.0,1612,1019.1,12.8,10.9,,,,,,,,,1.0,0.0,15.7,-2.7,,,,,,,,,,,,,,,2022,4,14,96,1,0,0,0
278,의성,2022-04-07,11.3,3.9,0234,19.9,1459,0.3,544,0.4,511,,0.4,10.8,250,1546,5.5,250,1250,1.7,1489,270,0.7,24,1607,53.9,6.5,1006.5,1019.6,2357,1012.6,1542,1016.3,12.8,7.9,,,,,,,,,3.1,2.4,13.7,-1.4,,,,,,,,,,,,,,,2022,4,14,97,1,0,0,1
278,의성,2022-04-08,11.7,-0.1,0607,23.4,1647,,,,,,,7.2,320,1458,4.3,320,1503,1.1,959,320,-1.1,18,1305,48.8,5.7,1008.5,1022.4,0717,1014.4,1656,1018.4,12.9,11.4,,,,,,,,,0.0,0.0,16.3,-5.0,,,,,,,,,,,,,,,2022,4,14,98,1,1,0,0
278,의성,2022-04-09,15.6,3.3,0618,28.3,1611,,,,,,,8.4,320,1615,4.2,290,1620,1.1,967,270,4.3,23,1640,52.9,8.4,1004.8,1017.0,0656,1010.5,1554,1014.4,12.9,10.9,,,,,,,,,0.3,0.3,18.3,-0.9,,,,,,,,,,,,,,,2022,4,14,99,1,0,1,0
278,의성,2022-04-10,17.0,5.6,0619,29.0,1439,,,,,,,6.8,270,1451,3.6,250,1434,1.0,858,230,4.1,11,1613,50.6,8.3,1005.7,1018.0,0722,1011.8,1624,1015.3,12.9,9.7,,,,,,,,,3.3,0.0,19.8,0.5,,,,,,,,,,,,,,,2022,4,14,100,1,0,1,0
278,의성,2022-04-11,19.3,9.2,0614,28.2,1518,,,,,,,6.2,230,1032,3.5,250,1038,1.2,1027,230,10.4,26,1451,61.1,12.7,1002.8,1016.2,0616,1007.9,1749,1012.3,13.0,10.7,,,,,,,,,2.3,0.0,22.9,4.5,,,,,,,,,,,,,,,2022,4,15,101,1,0,1,0
278,의성,2022-04-12,19.8,10.8,0543,30.2,1619,,,,,,,8.2,270,1519,3.9,270,1439,1.1,968,290,10.7,24,1627,62.4,12.9,999.8,1012.1,0606,1005.7,1627,1009.2,13.0,10.1,,,,,,,,,2.8,0.6,22.5,5.4,,,,,,,,,,,,,,,2022,4,15,102,1,0,1,0
278,의성,2022-04-13,11.8,8.0,2216,15.4,0445,0.5,2118,2.3,2301,,8.7,7.4,70,1654,4.1,90,1437,1.7,1429,70,8.6,66,1509,81.6,11.2,1005.5,1019.5,2148,1009.0,0007,1015.2,13.0,0.0,,,,,,,,,9.6,8.4,13.0,7.2,,,,,,,,,,,,,,,2022,4,15,103,1,0,0,1
278,의성,2022-04-14,10.3,7.9,0029,12.9,1505,0.5,1,1.7,1,,1.9,8.2,90,1224,4.1,90,1416,1.8,1559,70,5.1,58,1031,71.0,8.8,1008.7,1020.4,2239,1016.8,1559,1018.6,13.1,0.0,,,,,,,,,8.1,8.1,11.9,7.2,,,,,,,,,,,,,,,2022,4,15,104,1,0,0,1
278,의성,2022-04-15,12.1,8.4,2400,18.8,1453,0.0,,0.0,,,0.0,7.4,110,1735,4.1,90,1735,1.6,1368,50,2.8,30,1712,55.8,7.5,1006.8,1019.7,0001,1011.7,1648,1016.5,13.1,8.8,,,,,,,,,5.8,4.1,16.7,4.3,,,,,,,,,,,,,,,2022,4,15,105,1,0,0,0
278,의성,2022-04-16,10.8,1.4,0609,20.4,1641,,,,,,,9.8,270,1501,4.4,320,1447,1.2,1040,250,0.5,21,1720,54.8,6.4,1006.7,1019.5,0817,1012.4,1739,1016.5,13.2,11.6,,,,,,,,,1.6,0.0,17.0,-3.2,,,,,,,,,,,,,,,2022,4,15,106,1,0,0,0
278,의성,2022-04-17,11.7,-0.3,0554,22.6,1614,,,,,,,7.1,320,1730,3.8,320,1750,1.1,966,290,-2.9,13,1507,44.1,5.0,1007.1,1018.9,0630,1014.0,1633,1016.9,13.2,11.5,,,,,,,,,1.3,0.0,17.5,-4.9,,,,,,,,,,,,,,,2022,4,15,107,1,1,0,0
278,의성,2022-04-18,13.5,5.4,0409,23.3,1620,,,,,,,8.5,340,1555,4.0,320,1531,0.9,796,340,0.4,17,1621,46.8,6.4,1007.0,1018.8,0127,1013.2,1712,1016.7,13.2,6.4,,,,,,,,,7.4,3.0,17.8,1.6,,,,,,,,,,,,,,,2022,4,16,108,1,0,0,0
278,의성,2022-04-19,13.7,2.8,0612,25.1,1512,,,,,,,10.3,320,1534,4.4,270,1525,1.2,1017,270,0.0,14,1615,47.4,6.2,1006.4,1018.4,0706,1012.6,1614,1016.1,13.3,11.2,,,,,,,,,0.4,0.0,18.8,-2.3,,,,,,,,,,,,,,,2022,4,16,109,1,0,1,0
278,의성,2022-04-20,13.9,2.2,0606,25.7,1504,,,,,,,8.8,340,1215,4.0,290,1701,1.2,995,290,-0.2,14,1441,46.8,6.1,1005.1,1018.1,0755,1010.6,1632,1014.8,13.3,11.7,,,,,,,,,0.0,0.0,19.8,-3.3,,,,,,,,,,,,,,,2022,4,16,110,1,0,1,0
278,의성,2022-04-21,11.4,3.8,0558,19.4,1633,,,,,,,5.5,230,1633,2.9,230,1637,0.7,605,230,3.7,36,1638,62.8,8.0,1002.7,1015.3,0032,1009.7,1748,1012.4,13.3,1.9,,,,,,,,,6.1,2.0,12.5,-0.8,,,,,,,,,,,,,,,2022,4,16,111,1,0,0,0
278,의성,2022-04-22,16.8,3.8,0543,27.6,1602,,,,,,,9.1,320,1623,4.8,320,1613,1.5,1312,270,8.9,36,1601,64.9,11.7,1000.0,1013.0,0704,1005.3,1606,1009.6,13.4,9.5,,,,,,,,,3.1,2.0,19.4,-1.2,,,,,,,,,,,,,,,2022,4,16,112,1,0,1,0
278,의성,2022-04-23,18.5,12.3,2400,26.5,1458,,,,,,,6.5,200,1719,3.8,200,1717,1.4,1193,360,9.4,26,1440,59.4,11.8,1002.0,1014.5,0807,1008.5,1607,1011.5,13.4,8.1,,,,,,,,,8.1,2.3,23.7,6.8,,,,,,,,,,,,,,,2022,4,16,113,1,0,1,0
278,의성,2022-04-24,18.0,7.5,0555,28.8,1540,,,,,,,8.1,270,1558,4.1,320,1242,1.2,1038,290,8.8,24,1659,60.9,11.4,1000.2,1012.6,0636,1005.8,1615,1009.7,13.4,10.6,,,,,,,,,2.8,0.9,23.5,3.1,,,,,,,,,,,,,,,2022,4,16,114,1,0,1,0
278,의성,2022-04-25,19.5,10.5,0526,29.1,1504,0.4,2342,0.7,2326,,0.7,6.6,230,1452,3.1,200,1702,0.7,592,20,9.8,17,1453,61.5,12.5,1000.7,1013.8,0727,1007.1,1846,1010.2,13.5,6.2,,,,,,,,,7.9,1.3,22.6,5.4,,,,,,,,,,,,,,,2022,4,17,115,1,0,1,1
278,의성,2022-04-26,16.9,14.4,2333,20.7,1515,1.2,33,6.3,20,,13.9,3.4,250,1616,2.1,250,1525,0.6,539,20,15.9,79,1516,94.6,18.1,992.7,1007.5,0001,1000.0,1519,1002.1,13.5,0.0,,,,,,,,,8.6,5.1,18.1,10.0,,,,,,,,,,,,,,,2022,4,17,116,1,0,0,1
278,의성,2022-04-27,15.6,9.6,2337,22.6,1407,,,,,,,6.7,200,1548,3.2,230,1556,1.2,1051,140,7.8,31,1332,65.0,10.7,1004.1,1018.4,2400,1006.0,0001,1013.7,13.5,11.5,,,,,,,,,4.9,0.3,19.2,4.4,,,,,,,,,,,,,,,2022,4,17,117,1,0,0,0
278,의성,2022-04-28,15.2,7.1,0546,24.3,1409,,,,,,,7.4,250,1445,4.0,230,1453,1.5,1295,70,7.3,35,1712,63.9,10.3,1006.8,1019.9,0844,1013.1,1357,1016.4,13.6,8.8,,,,,,,,,5.4,3.5,20.3,4.8,,,,,,,,,,,,,,,2022,4,17,118,1,0,0,0
278,의성,2022-04-29,11.4,8.9,0914,14.3,1548,0.8,545,3.0,705,,8.4,8.1,70,1251,4.2,90,1450,1.7,1461,70,6.2,54,1601,71.4,9.5,1006.2,1020.6,2354,1011.9,0559,1016.0,13.6,0.7,,,,,,,,,9.5,8.5,13.5,8.6,,,,,,,,,,,,,,,2022,4,17,119,1,0,0,1
278,의성,2022-04-30,13.2,5.7,0533,18.0,1636,,,,,,,6.8,320,1414,3.8,290,1417,1.3,1155,320,6.3,46,1606,65.5,9.5,1006.9,1020.8,0600,1012.4,1815,1016.7,13.6,2.0,,,,,,,,,9.1,6.0,16.5,2.8,,,,,,,,,,,,,,,2022,4,17,120,1,0,0,0
278,의성,2022-05-01,12.5,4.8,0602,20.0,1440,,,,,,,8.7,270,1457,5.2,290,1501,1.7,1429,290,1.3,21,1443,53.4,6.9,1002.8,1014.9,0505,1009.6,1731,1012.5,13.7,10.4,,,,,,,,,2.3,0.8,18.0,1.3,,,,,,,,,,,,,,,2022,5,17,121,1,0,0,0
278,의성,2022-05-02,10.8,2.4,0554,20.4,1430,0.5,1850,0.5,1834,,0.5,8.0,250,1307,4.7,50,1851,1.4,1177,270,2.7,22,1406,65.5,7.6,1003.6,1018.0,2358,1010.4,1540,1013.4,13.7,7.4,,,,,,,,,3.5,3.3,17.9,-1.0,,,,,,,,,,,,,,,2022,5,18,122,1,0,0,1
278,의성,2022-05-03,12.0,3.3,0301,23.3,1633,,,,,,,7.7,270,1549,3.7,290,1350,1.3,1149,290,3.2,19,1539,64.9,7.8,1008.6,1021.0,0843,1015.5,1608,1018.4,13.7,9.9,,,,,,,,,2.8,2.1,19.0,0.0,,,,,,,,,,,,,,,2022,5,18,123,1,0,0,0
278,의성,2022-05-04,15.8,3.6,0535,27.6,1509,,,,,,,7.7,340,1523,3.7,270,1529,1.1,958,250,4.7,21,1529,56.0,8.6,1008.5,1020.5,0732,1014.8,1637,1018.1,13.8,12.6,,,,,,,,,0.4,0.0,22.5,-0.6,,,,,,,,,,,,,,,2022,5,18,124,1,0,1,0
278,의성,2022-05-05,17.3,6.1,0546,27.8,1600,,,,,,,5.4,230,1143,3.1,230,1152,0.9,768,320,7.6,23,1553,60.9,10.5,1008.0,1020.2,0650,1013.9,1752,1017.6,13.8,12.7,,,,,,,,,0.0,0.0,23.9,0.9,,,,,,,,,,,,,,,2022,5,18,125,1,0,1,0
278,의성,2022-05-06,18.2,7.1,0538,28.1,1511,,,,,,,7.1,290,1225,3.8,290,1559,1.2,1025,290,10.2,31,1535,65.0,12.5,1005.4,1017.9,0029,1011.8,1705,1015.0,13.8,12.5,,,,,,,,,2.3,1.1,26.2,2.0,,,,,,,,,,,,,,,2022,5,18,126,1,0,1,0
278,의성,2022-05-07,17.3,10.1,0544,25.2,1529,,,,,,,7.8,110,1857,4.5,90,1901,1.6,1408,270,10.3,34,1833,67.3,12.6,1006.4,1020.6,2350,1013.0,1609,1016.0,13.9,7.4,,,,,,,,,5.4,3.3,23.3,5.3,,,,,,,,,,,,,,,2022,5,18,127,1,0,1,0
278,의성,2022-05-08,15.8,9.0,0343,21.7,1604,,,,,,,4.9,160,1024,2.7,290,1239,1.1,940,110,6.4,32,1452,57.5,9.6,1008.7,1021.9,0739,1014.7,1825,1018.4,13.9,6.7,,,,,,,,,8.1,6.6,24.5,6.0,,,,,,,,,,,,,,,2022,5,18,128,1,0,0,0
278,의성,2022-05-09,15.6,8.0,2356,23.5,1333,0.1,,0.1,,,0.1,8.0,110,1304,4.0,90,1625,1.4,1173,70,5.2,20,1457,57.0,9.1,1008.3,1019.6,2126,1015.7,1535,1018.0,13.9,10.3,,,,,,,,,5.6,2.9,24.1,3.8,,,,,,,,,,,,,,,2022,5,19,129,1,0,0,1
278,의성,2022-05-10,15.1,5.0,0443,25.3,1511,,,,,,,6.8,200,1529,3.8,230,1524,1.2,1007,50,2.2,18,1410,49.0,7.2,1006.9,1019.9,0729,1013.0,1550,1016.6,13.9,9.8,,,,,,,,,6.6,2.5,23.6,1.1,,,,,,,,,,,,,,,2022,5,19,130,1,0,1,0
278,의성,2022-05-11,18.8,11.1,0218,26.8,1422,,,,,,,5.9,340,1509,3.0,320,1515,0.9,738,20,7.5,29,1423,50.9,10.5,1004.4,1016.1,0001,1011.4,1605,1013.9,14.0,8.5,,,,,,,,,6.1,3.0,28.0,8.6,,,,,,,,,,,,,,,2022,5,19,131,1,0,1,0
278,의성,2022-05-12,19.9,14.7,0009,26.7,1349,,,,,,,5.0,230,1555,3.0,230,1720,0.9,792,230,11.6,41,1409,61.0,13.7,1000.8,1013.3,0001,1007.8,1610,1010.2,14.0,2.7,,,,,,,,,8.8,6.1,24.3,11.6,,,,,,,,,,,,,,,2022,5,19,132,1,0,1,0
278,의성,2022-05-13,15.4,11.8,0342,18.9,1227,1.2,1556,3.7,1553,,4.8,3.3,290,1020,2.1,340,1021,0.7,565,200,12.4,61,0014,83.4,14.5,997.9,1009.6,0209,1005.5,1355,1007.5,14.0,0.0,,,,,,,,,8.6,6.3,17.9,8.6,,,,,,,,,,,,,,,2022,5,19,133,1,0,0,1
278,의성,2022-05-14,16.4,9.3,0510,23.0,1422,,,,,,,11.6,270,1550,6.1,320,1606,2.1,1828,270,4.0,21,1547,51.4,8.6,1001.1,1014.2,2349,1007.3,0001,1010.7,14.1,10.5,,,,,,,,,5.3,3.4,20.5,5.3,,,,,,,,,,,,,,,2022,5,19,134,1,0,0,0
278,의성,2022-05-15,14.1,6.2,0531,22.3,1430,,,,,,,7.5,290,1321,3.6,230,1230,1.3,1123,50,2.1,18,1441,49.9,7.2,1002.9,1015.5,0722,1009.3,1821,1012.6,14.1,11.7,,,,,,,,,3.5,1.1,22.7,3.0,,,,,,,,,,,,,,,2022,5,19,135,1,0,0,0
278,의성,2022-05-16,14.6,3.4,0521,24.9,1632,,,,,,,10.0,320,1316,4.4,290,1408,1.4,1234,250,2.5,21,1101,52.0,7.4,1001.7,1013.9,0615,1007.4,1705,1011.4,14.1,12.8,,,,,,,,,1.4,0.1,23.1,-0.9,,,,,,,,,,,,,,,2022,5,20,136,1,0,0,0
278,의성,2022-05-17,17.3,5.1,0541,28.2,1434,,,,,,,8.0,290,1502,3.9,270,1440,1.1,929,250,4.8,17,1618,52.3,8.7,1003.6,1015.6,2338,1010.6,1607,1013.2,14.1,11.4,,,,,,,,,1.3,0.3,25.2,0.2,,,,,,,,,,,,,,,2022,5,20,137,1,0,1,0
278,의성,2022-05-18,19.8,7.9,0530,29.9,1542,,,,,,,8.9,270,1618,4.1,270,1641,1.3,1156,270,6.8,24,1959,49.3,9.9,1006.3,1018.0,0702,1012.6,1626,1015.7,14.2,11.8,,,,,,,,,1.0,0.3,26.3,3.1,,,,,,,,,,,,,,,2022,5,20,138,1,0,1,0
278,의성,2022-05-19,18.2,9.8,0545,26.9,1449,,,,,,,7.9,270,1421,3.9,250,1428,1.0,878,360,6.1,22,1423,50.4,9.4,1006.6,1017.9,0653,1014.4,1708,1016.2,14.2,3.7,,,,,,,,,7.0,1.9,23.1,4.9,,,,,,,,,,,,,,,2022,5,20,139,1,0,1,0
278,의성,2022-05-20,18.5,11.1,0445,27.9,1533,,,,,,,5.6,270,1542,2.9,270,1621,0.9,820,270,8.0,23,1441,54.8,10.8,1002.8,1016.1,0052,1008.5,1805,1012.3,14.2,8.4,,,,,,,,,6.0,2.0,25.4,8.7,,,,,,,,,,,,,,,2022,5,20,140,1,0,1,0
278,의성,2022-05-21,19.7,9.2,0530,29.0,1452,,,,,,,8.4,290,1537,4.6,290,1543,1.3,1141,290,11.5,34,1436,64.0,13.7,998.1,1010.8,0711,1003.9,1740,1007.5,14.2,12.5,,,,,,,,,0.8,0.1,27.4,4.7,,,,,,,,,,,,,,,2022,5,20,141,1,0,1,0
278,의성,2022-05-22,22.1,12.2,0524,30.8,1537,,,,,,,10.4,270,1432,5.8,270,1458,2.0,1706,270,12.1,31,1534,58.4,14.1,996.8,1008.8,2353,1003.4,1646,1006.2,14.3,12.6,,,,,,,,,2.3,0.6,29.3,7.3,,,,,,,,,,,,,,,2022,5,20,142,1,0,1,0
278,의성,2022-05-23,22.2,11.6,0544,31.1,1528,,,,,,,7.8,270,1417,3.8,270,1423,1.2,1005,270,12.9,32,1507,59.5,14.9,1001.3,1012.7,2339,1008.8,0001,1010.7,14.3,11.1,,,,,,,,,4.3,0.1,29.8,8.0,,,,,,,,,,,,,,,2022,5,21,143,1,0,1,0
278,의성,2022-05-24,22.9,13.7,0551,33.0,1542,,,,,,,5.8,90,1837,3.3,90,1832,1.1,991,270,12.3,27,1354,57.3,14.4,1002.5,1014.8,0727,1008.3,1652,1011.8,14.3,12.1,,,,,,,,,2.3,0.3,31.2,9.0,,,,,,,,,,,,,,,2022,5,21,144,1,0,1,0
278,의성,2022-05-25,23.3,13.2,0517,31.8,1416,,,,,,,8.1,290,1733,4.5,290,1738,1.4,1224,270,12.0,24,1548,54.1,14.1,997.3,1011.0,0041,1002.3,1648,1006.6,14.3,10.2,,,,,,,,,4.9,3.3,31.6,9.6,,,,,,,,,,,,,,,2022,5,21,145,1,0,1,0
278,의성,2022-05-26,20.2,13.2,2400,26.7,1459,0.0,,0.0,,,0.0,9.0,270,1501,4.8,320,0407,2.1,1833,290,8.5,25,1401,50.4,11.2,993.6,1005.6,0851,1000.6,1829,1003.0,14.4,11.8,,,,,,,,,3.0,1.3,30.3,6.8,,,,,,,,,,,,,,,2022,5,21,146,1,0,1,0
278,의성,2022-05-27,19.6,8.7,0516,27.9,1626,,,,,,,13.0,290,1558,7.3,290,1614,2.5,2122,290,8.1,27,1631,51.1,10.9,990.8,1003.8,2346,997.7,1626,1000.2,14.4,12.1,,,,,,,,,2.1,0.6,27.1,3.9,,,,,,,,,,,,,,,2022,5,21,147,1,0,1,0
278,의성,2022-05-28,20.6,10.0,0528,30.4,1618,,,,,,,7.3,340,1423,3.9,320,1509,1.3,1143,320,9.0,25,1700,53.0,11.5,995.4,1006.8,2303,1003.0,1656,1004.8,14.4,12.5,,,,,,,,,3.4,0.6,27.8,4.9,,,,,,,,,,,,,,,2022,5,21,148,1,0,1,0
278,의성,2022-05-29,22.0,9.4,0517,31.8,1327,,,,,,,7.3,250,1327,3.3,200,1839,1.1,947,230,7.4,17,1408,45.0,10.3,994.8,1007.5,0510,1000.6,1710,1004.1,14.4,12.0,,,,,,,,,2.9,1.4,28.8,5.0,,,,,,,,,,,,,,,2022,5,21,149,1,0,1,0
278,의성,2022-05-30,22.6,17.7,0120,28.9,1341,,,,,,0.0,6.9,270,1841,4.1,270,1835,1.5,1326,290,12.4,34,1341,53.8,14.5,991.2,1003.5,0001,997.4,1621,1000.5,14.4,1.0,,,,,,,,,7.5,6.9,29.3,14.7,,,,,,,,,,,,,,,2022,5,22,150,1,0,1,0
278,의성,2022-05-31,22.0,13.4,0536,29.7,1507,,,,,,,8.1,250,1403,4.6,270,1501,1.9,1632,270,8.1,21,1445,46.6,11.0,996.9,1008.6,2340,1002.3,0004,1006.2,14.5,12.9,,,,,,,,,1.5,0.0,31.6,8.4,,,,,,,,,,,,,,,2022,5,22,151,1,0,1,0
278,의성,2022-06-01,21.9,13.0,0458,31.9,1516,,,,,,,7.3,250,1418,3.7,230,1419,1.2,1075,270,7.4,20,1324,44.4,10.3,995.6,1008.9,0652,1000.2,1757,1004.9,14.5,11.1,,,,,,,,,3.0,0.1,30.6,9.5,,,,,,,,,,,,,,,2022,6,22,152,0,0,1,0
278,의성,2022-06-02,21.9,10.2,0527,32.2,1524,,,,,,,7.8,270,1242,4.0,320,1406,1.3,1145,290,7.8,18,1148,46.8,10.7,996.3,1007.5,0550,1003.2,1633,1005.7,14.5,13.0,,,,,,,,,1.6,0.3,31.3,5.0,,,,,,,,,,,,,,,2022,6,22,153,0,0,1,0
278,의성,2022-06-03,22.1,13.3,0508,33.0,1324,,,,,,,8.1,140,1433,4.1,110,1652,1.3,1136,140,12.3,24,1311,58.1,14.4,999.9,1013.0,2352,1006.7,1407,1009.3,14.5,12.2,,,,,,,,,2.0,0.0,31.9,9.0,,,,,,,,,,,,,,,2022,6,22,154,0,0,1,0
278,의성,2022-06-04,21.7,13.1,0545,29.9,1447,,,,,,,6.4,230,1348,3.1,200,1354,1.2,1065,200,13.4,37,1358,62.3,15.4,1001.1,1013.8,0230,1007.1,1723,1010.5,14.5,8.8,,,,,,,,,7.0,3.4,30.5,10.8,,,,,,,,,,,,,,,2022,6,22,155,0,0,1,0
278,의성,2022-06-05,17.2,15.9,0429,19.0,0001,0.7,1705,3.0,1705,,17.4,8.3,90,2128,3.2,140,2132,0.9,752,50,15.5,65,0004,90.3,17.7,994.2,1009.3,0117,998.1,2129,1003.6,14.5,0.0,,,,,,,,,9.8,6.5,18.7,14.2,,,,,,,,,,,,,,,2022,6,22,156,0,0,0,1
278,의성,2022-06-06,17.4,12.7,2322,21.1,1452,3.2,1255,5.7,1251,,7.3,7.9,20,1446,4.4,50,1447,1.1,954,90,14.8,65,1508,86.4,17.0,991.1,1006.1,2348,997.9,0649,1000.5,14.5,2.3,,,,,,,,,6.9,4.8,20.8,10.5,,,,,,,,,,,,,,,2022,6,23,157,0,0,0,1
278,의성,2022-06-07,15.8,9.6,0535,21.9,1151,0.1,,0.1,,,0.2,5.2,230,1433,2.9,200,1420,1.0,826,230,12.1,52,1152,81.1,14.2,998.4,1011.3,2336,1005.8,0046,1008.0,14.6,3.3,,,,,,,,,6.9,5.4,18.3,6.7,,,,,,,,,,,,,,,2022,6,23,158,0,0,0,1
278,의성,2022-06-08,17.2,13.0,2400,23.2,1541,0.0,,0.0,,,0.0,4.5,140,1728,2.2,180,1729,0.8,730,230,12.5,50,1542,75.6,14.5,1002.3,1014.1,2327,1010.1,1521,1011.9,14.6,3.1,,,,,,,,,6.3,5.5,20.1,9.9,,,,,,,,,,,,,,,2022,6,23,159,0,0,0,0
278,의성,2022-06-09,19.3,11.4,0242,27.2,1610,,,,,,,4.7,230,1331,2.5,290,1453,0.9,796,20,13.5,43,1409,72.9,15.6,1003.5,1015.0,0834,1010.1,1633,1013.0,14.6,6.1,,,,,,,,,6.4,4.5,24.9,9.1,,,,,,,,,,,,,,,2022,6,23,160,0,0,1,0
278,의성,2022-06-10,21.5,13.1,0438,29.5,1518,,,,,,,8.6,250,1311,2.8,270,1608,0.9,741,360,14.1,39,1356,67.0,16.1,1003.3,1015.0,0706,1010.6,1826,1012.7,14.6,8.8,,,,,,,,,4.9,0.9,28.3,9.7,,,,,,,,,,,,,,,2022,6,23,161,0,0,1,0
278,의성,2022-06-11,21.4,15.6,0450,28.6,1341,,,,,,,8.5,70,1301,4.0,90,1646,1.2,1067,70,14.7,43,1343,68.0,16.7,1002.4,1013.4,2259,1009.6,1526,1011.8,14.6,6.4,,,,,,,,,5.4,1.9,29.0,12.9,,,,,,,,,,,,,,,2022,6,23,162,0,0,1,0
278,의성,2022-06-12,20.7,13.2,0527,27.0,1221,,,,,,,6.1,200,1550,3.0,200,1559,1.1,979,20,14.0,45,1315,68.1,16.0,1003.2,1015.3,0705,1010.4,1731,1012.6,14.6,6.3,,,,,,,,,5.9,1.3,27.2,10.5,,,,,,,,,,,,,,,2022,6,23,163,0,0,1,0
278,의성,2022-06-13,19.6,15.0,0514,24.9,1412,,,,,,,10.1,70,1702,4.8,70,1547,1.9,1635,70,12.7,38,1416,67.0,14.7,1000.9,1013.2,0019,1008.2,1624,1010.4,14.6,5.6,,,,,,,,,8.3,4.6,26.0,12.8,,,,,,,,,,,,,,,2022,6,24,164,0,0,0,0
278,의성,2022-06-14,17.0,15.6,2354,19.1,1044,0.2,,0.8,1128,,3.6,7.6,50,1455,3.2,50,1517,1.6,1404,50,14.1,68,0301,83.6,16.1,999.6,1010.6,1105,1007.7,2347,1009.1,14.6,0.0,,,,,,,,,7.6,4.0,19.1,14.0,,,,,,,,,,,,,,,2022,6,24,165,0,0,0,1
278,의성,2022-06-15,18.8,15.0,0439,24.7,1615,0.9,1932,0.9,1910,,1.8,5.2,230,1825,2.8,200,1834,0.8,669,200,16.4,58,1620,87.6,18.7,996.7,1007.8,0001,1004.3,1758,1006.2,14.6,2.3,,,,,,,,,7.6,5.6,21.8,14.6,,,,,,,,,,,,,,,2022,6,24,166,0,0,0,1
278,의성,2022-06-16,21.2,15.3,2357,26.9,1635,,,,,,,7.7,290,0932,4.6,320,0959,1.6,1398,290,15.1,42,1604,72.5,17.3,997.4,1008.3,2305,1005.5,1712,1006.8,14.6,9.6,,,,,,,,,4.0,3.3,28.3,12.1,,,,,,,,,,,,,,,2022,6,24,167,0,0,1,0
278,의성,2022-06-17,23.6,13.1,0507,31.9,1610,,,,,,,6.1,340,1230,3.3,270,1144,1.0,824,50,16.2,38,1401,67.6,18.5,997.3,1009.2,0635,1003.7,1732,1006.5,14.6,12.2,,,,,,,,,3.1,1.0,30.2,10.2,,,,,,,,,,,,,,,2022,6,24,168,0,0,1,0
278,의성,2022-06-18,26.2,20.6,0545,32.9,1410,,,,,,,7.5,270,1422,3.9,270,1425,1.3,1113,250,19.1,41,1332,67.8,22.1,996.4,1007.4,2358,1003.1,1544,1005.6,14.7,10.0,,,,,,,,,3.8,0.8,34.3,18.0,,,,,,,,,,,,,,,2022,6,24,169,0,0,1,0
278,의성,2022-06-19,26.4,19.9,0523,33.1,1559,,,,,,,6.9,290,1426,3.6,290,1432,1.3,1145,270,19.2,45,1337,67.8,22.3,996.5,1008.2,0621,1002.7,1741,1005.7,14.7,11.2,,,,,,,,,4.3,1.0,35.4,17.2,,,,,,,,,,,,,,,2022,6,24,170,0,0,1,0
278,의성,2022-06-20,27.0,18.8,0527,35.0,1521,,,,,,,6.0,270,1522,3.2,250,1635,1.1,930,270,19.4,38,1659,66.6,22.5,993.7,1005.4,0001,999.8,1739,1002.8,14.6,12.8,,,,,,,,,2.3,0.6,36.8,16.0,,,,,,,,,,,,,,,2022,6,25,171,0,0,1,0
278,의성,2022-06-21,27.7,20.2,0540,35.9,1440,,,,,,,7.0,230,1531,3.6,200,1539,1.1,918,50,19.8,37,1351,65.9,23.1,992.9,1004.6,2320,999.1,1513,1002.0,14.6,8.7,,,,,,,,,3.4,1.4,36.6,17.9,,,,,,,,,,,,,,,2022,6,25,172,0,0,1,0
278,의성,2022-06-22,28.4,20.3,0503,36.5,1444,,,,,,,7.2,270,1420,3.7,250,1428,1.2,1063,290,19.0,33,1533,61.1,21.9,996.0,1007.0,0749,1002.9,1653,1005.1,14.6,11.6,,,,,,,,,4.1,1.1,38.4,18.1,,,,,,,,,,,,,,,2022,6,25,173,0,0,1,0
278,의성,2022-06-23,26.2,20.0,0538,30.2,1701,1.0,2238,4.4,2205,,5.0,9.0,230,1413,4.6,230,1714,1.9,1623,230,21.3,63,1655,75.8,25.4,991.8,1005.6,0002,996.6,2356,1001.0,14.7,2.5,,,,,,,,,8.0,6.6,31.0,16.4,,,,,,,,,,,,,,,2022,6,25,174,0,0,1,1
278,의성,2022-06-24,26.1,21.5,2321,31.6,1647,4.7,519,11.4,433,,34.9,8.8,320,1200,4.2,290,1209,1.8,1547,290,21.4,49,1518,77.9,25.6,987.9,1001.1,2338,993.0,0411,997.0,14.7,6.9,,,,,,,,,6.6,1.9,27.5,18.5,,,,,,,,,,,,,,,2022,6,25,175,0,0,1,1
278,의성,2022-06-25,26.1,18.9,0527,33.4,1512,0.0,,0.0,,,0.0,7.5,250,1730,3.5,230,1732,1.2,998,200,20.6,44,1538,74.6,24.3,994.9,1007.1,2249,1000.6,0028,1004.1,14.6,10.0,,,,,,,,,3.8,1.1,29.7,15.7,,,,,,,,,,,,,,,2022,6,25,176,0,0,1,0
278,의성,2022-06-26,25.3,20.8,0349,30.0,1226,1.9,1446,2.3,1416,,2.5,5.6,230,1122,3.3,250,1125,0.8,679,200,23.0,65,1228,88.1,28.2,999.6,1011.4,2256,1006.4,0202,1008.8,14.6,2.4,,,,,,,,,7.6,4.4,26.1,18.5,,,,,,,,,,,,,,,2022,6,25,177,0,0,1,1
278,의성,2022-06-27,26.6,22.3,0518,30.6,1241,0.1,,0.1,,,0.1,8.7,180,1346,4.6,200,1354,1.6,1352,200,23.0,62,1334,82.1,28.2,999.1,1011.2,0001,1006.3,2315,1008.3,14.6,0.7,,,,,,,,,9.3,6.8,27.2,21.0,,,,,,,,,,,,,,,2022,6,26,178,0,0,1,1
278,의성,2022-06-28,29.0,26.0,0206,32.9,1511,0.0,,0.0,,,0.0,11.6,230,1549,5.8,230,1557,3.4,2967,200,22.0,54,1514,66.9,26.5,995.3,1006.6,0008,1002.6,1551,1004.4,14.6,4.8,,,,,,,,,8.1,2.9,32.2,23.5,,,,,,,,,,,,,,,2022,6,26,179,0,0,1,0
278,의성,2022-06-29,28.5,26.8,0544,32.5,1613,0.0,,0.0,,,0.0,8.9,200,1645,4.8,200,1651,2.3,2026,200,22.6,58,1616,70.6,27.4,996.1,1008.2,2332,1003.1,0410,1005.2,14.6,2.1,,,,,,,,,8.8,4.6,31.5,23.6,,,,,,,,,,,,,,,2022,6,26,180,0,0,1,0
278,의성,2022-06-30,27.5,23.5,2357,33.4,1413,0.7,1442,0.7,,,0.7,6.5,290,1446,3.5,290,1448,1.2,1054,50,23.5,59,1408,80.4,29.0,1000.8,1012.9,2323,1008.1,0001,1010.0,14.6,2.3,,,,,,,,,6.8,3.4,30.4,21.3,,,,,,,,,,,,,,,2022,6,26,181,0,0,1,1
278,의성,2022-07-01,28.0,21.1,0512,35.6,1417,,,,,,,5.6,290,1342,3.0,290,1329,1.0,898,290,21.8,40,1535,73.0,26.1,1004.0,1014.9,0640,1011.1,1740,1013.2,14.6,11.9,,,,,,,,,1.1,0.0,36.5,18.0,,,,,,,,,,,,,,,2022,7,26,182,0,0,1,0
278,의성,2022-07-02,29.3,20.6,0527,37.2,1343,,,,,,,6.4,250,1336,3.3,250,1515,1.1,924,200,20.7,28,1411,64.8,24.4,1002.2,1014.4,0540,1008.5,1732,1011.4,14.6,12.3,,,,,,,,,3.4,2.6,37.6,17.3,,,,,,,,,,,,,,,2022,7,26,183,0,0,1,0
278,의성,2022-07-03,28.4,22.8,0521,36.1,1532,3.4,1855,4.8,1853,,4.8,7.5,90,1901,3.8,140,1903,1.1,922,290,22.0,39,1633,72.4,26.5,998.5,1010.3,0006,1004.6,1722,1007.6,14.6,6.2,,,,,,,,,7.1,5.3,36.2,20.1,,,,,,,,,,,,,,,2022,7,26,184,0,0,1,1
278,의성,2022-07-04,27.6,22.1,0527,33.6,1423,,,,,,,7.3,140,1518,3.4,180,1542,0.9,772,50,22.6,51,1254,76.5,27.5,995.5,1006.9,0048,1002.4,1726,1004.6,14.6,6.4,,,,,,,,,6.8,2.0,31.3,20.7,,,,,,,,,,,,,,,2022,7,27,185,0,0,1,0
278,의성,2022-07-05,28.2,23.1,0520,34.4,1359,,,,,,,5.4,200,1741,3.1,200,1705,1.0,841,50,22.5,48,1401,73.4,27.3,995.1,1006.8,2339,1002.3,1537,1004.1,14.6,4.3,,,,,,,,,8.0,4.4,33.8,21.9,,,,,,,,,,,,,,,2022,7,27,186,0,0,1,0
278,의성,2022-07-06,28.4,24.8,0522,33.7,1553,0.0,,0.0,,,0.0,4.3,160,1832,1.8,160,0002,0.8,733,160,23.0,54,1557,73.8,28.1,998.2,1008.6,0841,1005.4,1732,1007.3,14.6,2.0,,,,,,,,,8.4,5.4,32.6,23.7,,,,,,,,,,,,,,,2022,7,27,187,0,0,1,0
278,의성,2022-07-07,29.3,23.7,0438,34.7,1405,,,,,,,8.6,200,1458,3.8,250,1349,1.5,1276,200,22.6,49,1345,69.5,27.5,997.0,1008.9,0626,1003.9,1614,1006.1,14.5,3.5,,,,,,,,,7.9,3.5,33.3,21.5,,,,,,,,,,,,,,,2022,7,27,188,0,0,1,0
278,의성,2022-07-08,28.4,23.1,2400,34.1,1436,0.0,,0.0,,,0.0,8.0,270,1333,4.8,270,1347,1.5,1274,270,22.6,45,1743,73.1,27.6,992.2,1004.2,0004,999.0,1739,1001.3,14.5,3.9,,,,,,,,,6.9,5.0,33.6,20.6,,,,,,,,,,,,,,,2022,7,27,189,0,0,1,0
278,의성,2022-07-09,27.9,22.6,0132,33.6,1624,,,,,,,6.8,320,1415,4.0,290,1418,1.2,1060,270,22.1,52,1611,72.8,26.5,991.8,1003.4,2339,999.4,1548,1000.9,14.5,6.3,,,,,,,,,7.1,4.6,33.1,19.9,,,,,,,,,,,,,,,2022,7,27,190,0,0,1,0
278,의성,2022-07-10,28.2,22.7,0420,35.8,1413,0.0,,0.0,,,0.0,8.6,110,1447,3.7,160,1449,1.4,1195,140,22.3,44,1349,72.1,26.9,994.9,1005.6,2210,1002.3,1732,1004.0,14.5,7.3,,,,,,,,,6.5,3.1,36.2,21.2,,,,,,,,,,,,,,,2022,7,27,191,0,0,1,0
278,의성,2022-07-11,25.4,23.6,2350,28.3,1657,0.3,901,0.9,841,,2.4,3.0,230,1146,1.8,320,1705,0.7,621,360,23.5,71,1652,89.9,28.9,996.0,1007.2,2308,1004.0,0244,1005.2,14.5,0.1,,,,,,,,,7.8,6.3,27.6,22.2,,,,,,,,,,,,,,,2022,7,28,192,0,0,1,1
278,의성,2022-07-12,25.7,22.4,0445,29.3,1530,,,,,,,4.9,180,1627,2.7,200,1657,1.0,857,160,21.0,61,1549,76.8,25.0,998.4,1009.0,2226,1006.3,1544,1007.6,14.5,1.4,,,,,,,,,8.4,7.0,29.4,19.9,,,,,,,,,,,,,,,2022,7,28,193,0,0,1,0
278,의성,2022-07-13,24.3,22.5,0543,28.5,1344,6.3,2007,16.4,1947,,29.0,4.2,290,2009,2.3,230,1429,1.0,827,200,21.1,65,1337,83.6,25.2,995.1,1008.0,0254,1000.2,1930,1004.3,14.4,0.0,,,,,,,,,8.8,6.9,27.1,22.0,,,,,,,,,,,,,,,2022,7,28,194,0,0,1,1
278,의성,2022-07-14,26.4,22.8,0257,31.5,1618,0.0,,0.0,,,0.0,8.7,250,1154,4.6,270,1201,1.2,1044,290,22.7,57,1718,81.9,27.5,989.6,1000.2,0001,997.9,1718,998.7,14.4,2.7,,,,,,,,,6.6,4.6,28.4,20.2,,,,,,,,,,,,,,,2022,7,28,195,0,0,1,0
278,의성,2022-07-15,25.6,20.1,0556,33.0,1552,,,,,,,6.0,270,1233,3.2,250,1259,1.2,1054,270,20.0,43,1444,75.0,23.5,989.3,1000.5,0526,996.1,1729,998.5,14.4,9.7,,,,,,,,,3.3,0.8,29.9,16.9,,,,,,,,,,,,,,,2022,7,28,196,0,0,1,0
278,의성,2022-07-16,25.0,18.4,0517,32.8,1520,0.0,,0.0,,,0.0,6.8,340,1634,3.9,320,1650,1.2,1014,320,19.6,43,1446,75.3,22.8,988.6,999.6,2155,995.9,1408,997.7,14.4,8.5,,,,,,,,,4.4,1.9,32.4,16.0,,,,,,,,,,,,,,,2022,7,28,197,0,0,1,0
278,의성,2022-07-17,25.1,19.9,0521,31.4,1611,,,,,,,7.1,340,1301,3.6,290,1108,1.3,1155,290,20.1,49,1518,76.4,23.5,990.7,1001.8,2319,998.4,1619,999.9,14.4,6.5,,,,,,,,,6.6,2.9,31.6,18.0,,,,,,,,,,,,,,,2022,7,28,198,0,0,1,0
278,의성,2022-07-18,22.2,21.2,0419,23.2,0949,1.8,1251,6.9,1211,,29.9,2.6,270,1101,1.5,200,1103,0.5,433,110,21.6,91,1558,96.6,25.8,990.4,1002.0,0742,997.9,1741,999.7,14.4,0.0,,,,,,,,,7.6,5.9,24.7,19.6,,,,,,,,,,,,,,,2022,7,29,199,0,0,0,1
278,의성,2022-07-19,25.8,21.9,0001,32.4,1602,,,,,,,6.2,230,1555,3.3,270,1631,0.9,798,320,21.9,49,1624,81.4,26.3,992.1,1004.9,2324,998.4,0100,1001.3,14.3,6.6,,,,,,,,,7.3,4.5,28.2,21.7,,,,,,,,,,,,,,,2022,7,29,200,0,0,1,0
278,의성,2022-07-20,27.1,21.8,0540,33.5,1527,,,,,,,6.6,290,1411,3.1,290,1447,1.0,877,290,21.6,44,1627,75.0,25.8,995.8,1006.7,0645,1003.5,1710,1005.0,14.3,8.7,,,,,,,,,7.6,3.3,30.7,20.5,,,,,,,,,,,,,,,2022,7,29,201,0,0,1,0
278,의성,2022-07-21,24.2,21.8,0450,27.8,1516,1.8,215,5.6,153,,12.3,8.7,250,1713,5.4,270,1714,1.5,1318,270,22.1,73,1728,88.6,26.6,991.5,1003.9,0001,997.5,1437,1000.7,14.3,0.3,,,,,,,,,8.1,6.6,26.7,21.4,,,,,,,,,,,,,,,2022,7,29,202,0,0,1,1
278,의성,2022-07-22,24.7,21.4,2328,30.1,1607,0.0,,0.0,,,0.0,6.3,270,1211,3.3,290,1138,1.2,1027,290,20.6,56,1626,79.8,24.3,995.3,1006.5,2331,1002.8,0015,1004.5,14.3,2.1,,,,,,,,,7.4,5.6,25.7,20.2,,,,,,,,,,,,,,,2022,7,29,203,0,0,1,0
278,의성,2022-07-23,24.6,19.8,0554,29.1,1455,0.0,,0.0,,,0.0,4.2,250,1440,2.5,200,1444,0.8,733,200,20.7,63,1407,80.1,24.4,995.8,1007.0,0716,1002.6,2346,1005.0,14.2,1.9,,,,,,,,,8.5,4.8,27.7,18.6,,,,,,,,,,,,,,,2022,7,29,204,0,0,1,0
278,의성,2022-07-24,25.9,21.6,0320,30.3,1430,3.7,231,8.6,226,,10.5,4.5,270,1416,2.4,270,1417,0.9,820,20,23.0,63,1433,85.8,28.2,992.9,1004.7,2358,1000.3,1430,1002.1,14.2,1.6,,,,,,,,,6.1,5.3,28.8,21.4,,,,,,,,,,,,,,,2022,7,29,205,0,0,1,1
278,의성,2022-07-25,27.2,23.1,2358,33.9,1551,0.2,,0.2,,,0.2,4.3,340,1515,2.4,320,1521,0.8,649,340,22.9,47,1555,80.4,28.0,998.1,1009.2,2355,1004.7,0001,1007.2,14.2,7.3,,,,,,,,,3.1,2.6,29.4,21.6,,,,,,,,,,,,,,,2022,7,30,206,0,0,1,1
278,의성,2022-07-26,25.7,21.0,2351,34.1,1446,10.3,1659,17.4,1641,,17.4,8.9,90,1648,3.8,110,1651,0.9,770,270,22.5,52,1237,85.0,27.3,1000.0,1010.8,2336,1006.8,1621,1009.2,14.2,8.7,,,,,,,,,3.5,1.1,30.2,19.1,,,,,,,,,,,,,,,2022,7,30,207,0,0,1,1
278,의성,2022-07-27,24.2,18.5,0531,30.1,1513,,,,,,,5.5,110,1700,3.1,140,1706,0.9,803,20,20.5,59,1306,81.9,24.1,1001.1,1011.7,2309,1008.9,1739,1010.3,14.1,7.4,,,,,,,,,6.4,2.3,27.3,16.6,,,,,,,,,,,,,,,2022,7,30,208,0,0,1,0
278,의성,2022-07-28,25.3,20.7,0142,30.0,1517,0.8,1623,1.0,1613,,1.0,4.7,160,1614,2.1,70,1403,0.6,555,70,23.0,67,1334,88.4,28.1,1002.1,1012.8,2345,1010.4,1446,1011.4,14.1,0.2,,,,,,,,,8.4,7.3,26.9,19.1,,,,,,,,,,,,,,,2022,7,30,209,0,0,1,1
278,의성,2022-07-29,27.8,21.9,0500,35.2,1540,,,,,,,6.2,140,1754,3.0,110,1822,0.9,801,50,23.0,45,1631,77.9,28.1,1002.7,1013.7,0732,1009.6,1546,1011.9,14.1,11.0,,,,,,,,,3.9,0.9,30.4,20.3,,,,,,,,,,,,,,,2022,7,30,210,0,0,1,0
278,의성,2022-07-30,27.1,22.1,0530,31.4,1113,0.0,,0.0,,,0.0,6.0,140,1047,3.2,110,1103,0.9,776,110,22.9,61,1302,79.4,27.8,1000.4,1012.0,0005,1007.8,1801,1009.6,14.1,2.7,,,,,,,,,7.1,3.9,28.1,20.4,,,,,,,,,,,,,,,2022,7,30,211,0,0,1,0
278,의성,2022-07-31,26.6,24.7,0539,30.2,1120,0.6,807,0.8,749,,2.0,6.5,160,1234,2.9,160,1149,0.7,641,70,24.3,68,1124,88.3,30.3,997.6,1008.5,0001,1005.8,1725,1006.8,14.0,0.2,,,,,,,,,9.4,5.8,27.3,24.3,,,,,,,,,,,,,,,2022,7,30,212,0,0,1,1
278,의성,2022-08-01,28.3,24.7,0558,31.1,1433,0.7,150,1.5,122,,2.0,6.9,200,2059,3.3,180,2104,1.1,964,200,23.7,65,1133,77.8,29.4,997.3,1007.5,0812,1005.4,1737,1006.5,14.0,0.1,,,,,,,,,9.0,7.8,27.1,24.6,,,,,,,,,,,,,,,2022,8,31,213,0,0,1,1
278,의성,2022-08-02,27.8,25.0,2350,32.8,1430,0.2,,0.2,,,0.2,7.9,250,1331,4.5,200,1334,1.4,1224,200,24.7,63,1432,84.3,31.0,999.8,1010.4,2326,1006.9,0022,1008.9,14.0,3.1,,,,,,,,,8.3,5.3,28.4,22.9,,,,,,,,,,,,,,,2022,8,31,214,0,0,1,1
278,의성,2022-08-03,28.0,22.8,0550,33.8,1234,,,,,,,7.4,270,1221,3.8,270,1226,1.1,974,270,24.2,56,1239,81.9,30.2,1000.1,1011.2,0729,1007.4,1758,1009.3,13.9,8.2,,,,,,,,,4.9,1.4,29.9,21.1,,,,,,,,,,,,,,,2022,8,31,215,0,0,1,0
278,의성,2022-08-04,28.3,23.0,0446,34.8,1357,,,,,,,7.4,270,1010,3.3,320,1041,1.1,946,290,23.6,50,1400,78.1,29.0,999.0,1010.5,0734,1006.1,1828,1008.2,13.9,7.1,,,,,,,,,5.3,1.6,31.6,21.1,,,,,,,,,,,,,,,2022,8,31,216,0,0,1,0
278,의성,2022-08-05,28.2,23.1,0610,33.6,1551,0.0,,0.0,,,0.0,6.2,270,1242,3.5,270,1249,0.9,763,230,24.2,60,1049,80.8,30.3,996.3,1007.7,0544,1002.5,1724,1005.4,13.9,4.8,,,,,,,,,5.5,2.0,31.9,21.6,,,,,,,,,,,,,,,2022,8,31,217,0,0,1,0
278,의성,2022-08-06,29.2,23.6,0552,35.6,1601,,,,,,,6.4,320,1346,3.5,320,1348,1.0,889,270,23.9,48,1509,76.3,29.7,995.8,1006.5,2357,1003.1,1512,1004.9,13.9,9.7,,,,,,,,,4.0,1.4,34.4,22.1,,,,,,,,,,,,,,,2022,8,31,218,0,0,1,0
278,의성,2022-08-07,28.4,23.6,0601,36.2,1412,,,,,,,9.9,270,1457,5.0,230,1502,0.8,689,290,23.6,49,1456,78.0,29.2,996.8,1007.4,0702,1003.9,1435,1006.0,13.8,4.5,,,,,,,,,5.9,1.3,33.5,22.1,,,,,,,,,,,,,,,2022,8,31,219,0,0,1,0
278,의성,2022-08-08,28.0,24.2,0446,32.3,1217,,,,,,,6.2,270,1155,3.2,250,1204,0.9,765,270,23.7,58,1156,79.5,29.3,997.4,1007.9,0750,1005.2,1756,1006.5,13.8,0.7,,,,,,,,,9.8,3.8,30.3,22.9,,,,,,,,,,,,,,,2022,8,32,220,0,0,1,0
278,의성,2022-08-09,27.7,24.2,0623,31.8,1351,0.2,,0.7,244,,1.9,5.5,270,1157,3.1,270,1157,0.8,721,200,23.9,59,1352,81.6,29.7,997.2,1008.1,0950,1004.5,1753,1006.3,13.8,0.3,,,,,,,,,10.0,,29.0,23.8,,,,,,,,,,,,,,,2022,8,32,221,0,0,1,1
278,의성,2022-08-10,25.9,24.0,0529,27.9,1542,1.5,2328,3.6,2233,,13.8,4.0,250,0224,1.7,230,0056,0.5,450,160,24.6,76,0249,92.9,30.9,996.5,1006.8,2150,1004.5,0202,1005.6,13.7,0.0,,,,,,,,,10.0,5.6,27.1,23.3,,,,,,,,,,,,,,,2022,8,32,222,0,0,1,1
278,의성,2022-08-11,24.6,23.9,0541,25.3,1419,1.3,1042,6.0,1036,,24.3,3.8,230,1344,1.9,200,1341,0.5,426,200,24.4,96,1302,99.6,30.6,995.2,1005.5,0001,1003.6,1911,1004.4,13.7,0.0,,,,,,,,,9.6,6.8,25.9,23.8,,,,,,,,,,,,,,,2022,8,32,223,0,0,1,1
278,의성,2022-08-12,27.7,23.3,2355,33.5,1621,0.2,,0.6,305,,0.7,5.2,250,1145,3.0,290,1151,0.9,812,270,23.7,52,1531,81.6,29.4,995.7,1006.2,2305,1003.0,1620,1004.8,13.7,8.1,,,,,,,,,4.8,3.4,30.3,21.7,,,,,,,,,,,,,,,2022,8,32,224,0,0,1,1
278,의성,2022-08-13,24.9,21.6,0517,30.6,1343,8.8,1624,13.8,1622,,28.0,7.7,200,1503,3.8,250,1508,0.7,619,320,23.7,67,1430,93.9,29.4,996.6,1006.6,1101,1004.0,1414,1005.8,13.6,0.7,,,,,,,,,8.0,4.3,26.6,20.6,,,,,,,,,,,,,,,2022,8,32,225,0,0,1,1
278,의성,2022-08-14,27.4,24.4,0001,32.4,1536,4.9,108,8.8,101,,12.2,3.3,200,1549,2.0,250,1537,0.5,470,160,25.6,69,1531,91.0,32.8,996.2,1006.4,0959,1004.3,1649,1005.3,13.6,0.2,,,,,,,,,8.4,5.8,28.7,24.2,,,,,,,,,,,,,,,2022,8,32,226,0,0,1,1
278,의성,2022-08-15,29.2,24.6,0552,33.8,1454,0.0,,0.0,,,0.0,6.9,200,1146,3.7,230,1155,1.4,1212,230,23.8,54,1538,74.8,29.5,992.4,1005.1,0001,998.5,1811,1001.4,13.6,2.3,,,,,,,,,9.0,1.9,29.9,23.5,,,,,,,,,,,,,,,2022,8,33,227,0,0,1,0
278,의성,2022-08-16,24.6,22.7,2340,28.8,1709,4.2,152,12.0,148,,28.8,6.1,320,0153,3.5,320,0157,1.1,968,200,23.2,72,1544,92.9,28.4,994.4,1005.6,2213,999.5,0017,1003.6,13.5,1.6,,,,,,,,,8.8,5.1,26.0,21.3,,,,,,,,,,,,,,,2022,8,33,228,0,0,1,1
278,의성,2022-08-17,25.4,21.9,2323,31.3,1615,2.0,2030,4.3,1947,,4.5,7.1,50,2000,3.8,50,2006,0.9,759,230,22.1,55,1615,83.9,26.6,996.2,1007.0,2330,1003.0,1642,1005.4,13.5,4.7,,,,,,,,,6.0,4.0,28.4,20.7,,,,,,,,,,,,,,,2022,8,33,229,0,0,1,1
278,의성,2022-08-18,24.4,21.0,0539,30.9,1443,,,,,,,4.4,340,1403,2.2,290,1407,0.8,696,20,20.7,48,1444,82.3,24.4,997.6,1008.2,0816,1005.9,1543,1006.9,13.5,5.1,,,,,,,,,7.5,3.9,27.7,20.0,,,,,,,,,,,,,,,2022,8,33,230,0,0,1,0
278,의성,2022-08-19,25.1,19.6,0448,31.0,1458,,,,,,,4.0,270,1214,2.0,230,1521,0.7,569,230,22.2,59,1500,86.0,26.9,993.7,1006.5,0001,1000.0,1841,1002.9,13.4,1.5,,,,,,,,,8.3,1.0,27.7,18.7,,,,,,,,,,,,,,,2022,8,33,231,0,0,1,0
278,의성,2022-08-20,25.6,23.0,2352,29.8,1628,3.9,743,6.0,654,,12.6,6.1,270,0846,2.7,250,0852,0.8,700,160,24.0,73,1630,91.5,30.0,992.5,1003.9,2201,999.7,0050,1001.6,13.4,2.2,,,,,,,,,7.6,4.6,26.9,21.7,,,,,,,,,,,,,,,2022,8,33,232,0,0,1,1
278,의성,2022-08-21,25.4,19.2,2400,32.1,1439,,,,,,,5.2,140,1233,1.8,110,1240,0.7,619,20,19.7,44,1439,74.6,23.0,995.7,1006.3,0937,1003.2,0157,1004.9,13.4,8.0,,,,,,,,,2.3,2.0,28.9,17.7,,,,,,,,,,,,,,,2022,8,33,233,0,0,1,0
278,의성,2022-08-22,24.4,16.2,0550,31.7,1447,,,,,,,5.4,110,1234,2.2,230,1259,0.8,683,50,20.1,51,1415,79.6,23.8,994.9,1006.0,0740,1001.9,1623,1004.1,13.3,9.1,,,,,,,,,4.6,1.5,27.9,15.1,,,,,,,,,,,,,,,2022,8,34,234,0,0,1,0
278,의성,2022-08-23,23.6,22.1,2357,26.6,0945,1.9,1046,3.3,1021,,10.9,2.5,200,1043,1.3,200,1046,0.5,393,50,23.1,76,1047,97.3,28.2,996.2,1007.5,2302,1003.4,0215,1005.4,13.3,0.0,,,,,,,,,9.4,7.4,26.0,22.1,,,,,,,,,,,,,,,2022,8,34,235,0,0,1,1
278,의성,2022-08-24,22.2,20.5,2357,25.2,1246,0.3,226,0.7,222,,1.7,6.8,140,1108,3.2,90,1116,0.9,802,20,19.4,55,1341,85.4,22.5,998.9,1010.7,0955,1007.2,1554,1008.3,13.3,0.0,,,,,,,,,8.0,8.0,24.3,19.6,,,,,,,,,,,,,,,2022,8,34,236,0,0,1,1
278,의성,2022-08-25,22.6,18.2,0610,29.0,1348,0.3,2045,0.3,,,0.3,5.0,270,1323,2.7,250,1219,0.7,647,20,20.0,57,1411,86.8,23.4,997.3,1008.0,0836,1004.3,1610,1006.6,13.2,1.9,,,,,,,,,7.5,5.3,25.6,17.8,,,,,,,,,,,,,,,2022,8,34,237,0,0,1,1
278,의성,2022-08-26,22.6,17.1,0554,29.5,1439,,,,,,,3.9,230,1615,2.1,270,1619,0.8,705,50,17.9,46,1440,77.8,20.5,996.9,1007.7,2359,1004.2,1551,1006.2,13.2,8.9,,,,,,,,,4.4,1.5,26.9,15.8,,,,,,,,,,,,,,,2022,8,34,238,0,0,1,0
278,의성,2022-08-27,21.0,14.5,2400,28.0,1515,,,,,,,7.5,320,1244,4.0,290,1251,1.2,1002,290,15.1,27,1552,75.0,17.4,999.4,1012.5,2320,1006.8,1509,1008.7,13.2,6.6,,,,,,,,,5.8,1.4,24.4,12.8,,,,,,,,,,,,,,,2022,8,34,239,0,0,1,0
278,의성,2022-08-28,19.9,12.0,0540,28.6,1525,,,,,,,5.8,200,1353,2.8,200,1356,0.9,813,90,13.4,35,1443,71.3,15.4,1005.3,1016.4,2135,1012.4,0017,1014.8,13.1,11.1,,,,,,,,,2.6,0.0,25.9,10.0,,,,,,,,,,,,,,,2022,8,34,240,0,0,1,0
278,의성,2022-08-29,18.8,15.2,0214,22.5,1154,1.3,1426,3.5,1354,,5.4,4.0,360,1642,2.2,360,1644,0.6,529,360,17.3,71,1214,91.4,19.8,1006.2,1016.5,1141,1014.9,1855,1015.7,13.1,0.0,,,,,,,,,9.9,7.1,21.9,13.6,,,,,,,,,,,,,,,2022,8,35,241,0,0,0,1
278,의성,2022-08-30,19.6,17.5,0453,22.2,1304,2.8,1502,7.6,1455,,25.6,3.2,340,1217,1.7,360,1222,0.4,356,50,19.3,85,1259,98.3,22.4,1001.2,1015.7,0026,1007.4,2342,1010.7,13.0,0.0,,,,,,,,,9.9,8.6,21.5,17.5,,,,,,,,,,,,,,,2022,8,35,242,0,0,0,1
278,의성,2022-08-31,21.0,19.8,2312,24.0,1528,2.1,820,6.5,806,,30.4,3.1,160,1709,1.8,140,1713,0.5,398,340,20.4,78,1632,96.9,23.9,998.2,1010.3,2339,1005.5,0447,1007.5,13.0,0.0,,,,,,,,,9.6,8.0,23.2,19.1,,,,,,,,,,,,,,,2022,8,35,243,0,0,0,1
278,의성,2022-09-01,20.6,17.5,2341,25.1,1635,,,,,,,3.7,360,1139,1.8,340,1142,0.6,496,50,19.0,72,1243,91.3,21.9,1003.7,1015.7,2354,1009.9,0110,1013.2,13.0,0.3,,,,,,,,,9.1,5.6,22.3,14.8,,,,,,,,,,,,,,,2022,9,35,244,0,0,1,0
278,의성,2022-09-02,21.3,16.3,0213,26.5,1158,0.0,,0.0,,,0.0,8.3,50,1458,3.9,90,1353,1.3,1085,70,17.7,59,1159,82.0,20.3,1006.5,1016.9,0934,1014.2,1516,1015.9,12.9,0.5,,,,,,,,,9.3,6.1,21.6,13.2,,,,,,,,,,,,,,,2022,9,35,245,0,0,1,0
278,의성,2022-09-03,22.2,19.8,0505,25.2,1423,0.6,1043,1.0,1038,,1.0,7.1,50,1539,3.7,50,1546,1.7,1445,50,18.5,65,1448,80.5,21.3,1005.3,1016.1,0001,1013.8,1520,1014.7,12.9,0.0,,,,,,,,,5.9,5.9,23.0,18.3,,,,,,,,,,,,,,,2022,9,35,246,0,0,1,1
278,의성,2022-09-04,24.2,19.8,0417,28.8,1451,0.0,,0.0,,,0.0,3.4,50,1550,1.8,360,1543,0.6,492,20,21.7,69,1453,87.0,26.1,1000.6,1014.3,0028,1007.1,1854,1009.9,12.9,0.1,,,,,,,,,8.8,7.8,25.2,18.9,,,,,,,,,,,,,,,2022,9,35,247,0,0,1,0
278,의성,2022-09-05,24.5,22.6,0329,28.6,1149,1.3,2341,4.1,2301,,11.1,6.4,70,2305,2.9,50,2248,0.6,540,50,23.4,72,1149,94.9,28.9,994.7,1008.1,0001,996.6,2355,1003.9,12.8,0.0,,,,,,,,,10.0,7.4,25.0,21.9,,,,,,,,,,,,,,,2022,9,36,248,0,0,1,1
278,의성,2022-09-06,20.9,15.1,2328,25.2,1500,1.0,334,4.1,419,,25.3,13.1,360,0614,5.6,270,1224,2.5,2137,250,17.8,62,1503,84.0,20.4,992.2,1012.4,2356,987.2,0619,1001.5,12.8,2.7,,,,,,,,,6.0,3.1,22.7,11.0,,,,,,,,,,,,,,,2022,9,36,249,0,0,1,1
278,의성,2022-09-07,19.4,13.3,0648,28.8,1526,,,,,,,6.6,320,1357,3.1,320,1404,0.9,751,340,14.4,35,1408,78.6,16.5,1006.6,1017.9,2400,1012.5,0001,1016.1,12.7,9.3,,,,,,,,,1.6,0.8,22.9,10.6,,,,,,,,,,,,,,,2022,9,36,250,0,0,1,0
278,의성,2022-09-08,19.9,11.8,0609,29.6,1520,,,,,,,4.6,90,1547,2.6,90,1554,0.7,585,70,14.6,33,1550,76.8,16.7,1007.9,1019.6,0715,1014.7,1618,1017.4,12.7,10.5,,,,,,,,,3.8,0.0,22.9,9.1,,,,,,,,,,,,,,,2022,9,36,251,0,0,1,0
278,의성,2022-09-09,20.0,13.4,0548,28.9,1454,,,,,,,6.7,70,1500,3.6,70,1443,1.1,974,90,14.4,33,1506,75.3,16.4,1008.1,1019.3,2344,1015.4,1621,1017.6,12.7,9.2,,,,,,,,,5.3,0.8,23.4,10.6,,,,,,,,,,,,,,,2022,9,36,252,0,0,1,0
278,의성,2022-09-10,19.8,15.5,0438,25.9,1453,0.2,,0.2,,,0.2,5.9,50,1410,2.7,50,1416,0.7,600,200,15.9,47,1457,80.6,18.0,1008.1,1019.3,0002,1015.8,1717,1017.6,12.6,1.3,,,,,,,,,9.0,6.6,23.1,13.8,,,,,,,,,,,,,,,2022,9,36,253,0,0,1,1
278,의성,2022-09-11,21.7,17.3,0010,28.2,1431,,,,,,,5.1,90,1653,2.8,90,1505,0.7,588,70,18.2,57,1431,82.1,20.9,1005.3,1017.4,0001,1012.8,1600,1014.7,12.6,1.9,,,,,,,,,8.1,6.0,25.1,16.1,,,,,,,,,,,,,,,2022,9,36,254,0,0,1,0
278,의성,2022-09-12,21.2,17.2,0626,25.0,1240,0.0,,0.0,,,0.0,2.6,230,1247,1.6,250,1249,0.5,400,50,18.9,64,1315,88.0,21.9,1004.6,1014.9,0715,1012.7,1721,1014.0,12.6,0.6,,,,,,,,,9.5,7.9,23.3,15.5,,,,,,,,,,,,,,,2022,9,37,255,0,0,1,0
278,의성,2022-09-13,22.8,18.6,0555,29.8,1417,,,,,,,7.3,90,1329,3.8,50,1637,1.0,894,70,17.9,46,1422,76.8,20.6,1006.1,1017.3,2315,1013.8,0125,1015.5,12.5,3.6,,,,,,,,,9.3,3.6,25.4,16.1,,,,,,,,,,,,,,,2022,9,37,256,0,0,1,0
278,의성,2022-09-14,22.7,18.2,0248,29.0,1200,,,,,,,8.7,70,1458,4.9,90,1224,1.4,1251,70,15.6,40,1217,67.3,17.8,1006.9,1017.6,0715,1014.8,1524,1016.2,12.5,7.1,,,,,,,,,7.4,2.1,25.4,15.2,,,,,,,,,,,,,,,2022,9,37,257,0,0,1,0
278,의성,2022-09-15,22.3,16.6,0547,28.7,1446,,,,,,,7.0,200,1052,3.4,90,0931,1.2,1064,70,17.3,54,1159,75.9,19.8,1003.2,1016.2,0001,1009.8,1554,1012.6,12.4,10.1,,,,,,,,,4.8,0.1,26.2,14.0,,,,,,,,,,,,,,,2022,9,37,258,0,0,1,0
278,의성,2022-09-16,23.5,17.7,0052,29.6,1430,,,,,,,4.3,90,1359,1.9,90,1404,0.6,531,50,20.4,64,1416,83.5,24.1,999.9,1011.7,0001,1007.4,1435,1009.1,12.4,1.9,,,,,,,,,7.5,6.6,26.8,15.4,,,,,,,,,,,,,,,2022,9,37,259,0,0,1,0
278,의성,2022-09-17,25.5,20.0,0620,32.9,1550,0.2,,0.2,,,0.3,3.8,180,1741,1.9,320,1207,0.6,552,50,21.8,49,1553,83.0,26.2,998.1,1009.8,0856,1004.8,1550,1007.3,12.4,6.3,,,,,,,,,6.8,3.1,28.1,17.3,,,,,,,,,,,,,,,2022,9,37,260,0,0,1,1
278,의성,2022-09-18,26.3,22.3,0546,31.2,1304,0.0,,0.0,,,0.0,9.8,20,1417,4.7,50,2158,1.9,1616,50,21.8,59,1305,78.3,26.2,992.4,1006.4,0038,995.7,2355,1001.5,12.3,1.1,,,,,,,,,9.4,6.5,27.6,20.6,,,,,,,,,,,,,,,2022,9,37,261,0,0,1,0
278,의성,2022-09-19,22.9,14.1,2357,28.8,1221,0.2,753,0.3,703,,0.4,14.2,50,0115,6.6,50,1015,3.1,2659,20,17.4,50,1225,73.0,20.4,988.9,1007.1,2400,992.9,0422,998.1,12.3,4.9,,,,,,,,,6.6,3.0,25.7,9.7,,,,,,,,,,,,,,,2022,9,38,262,0,0,1,1
278,의성,2022-09-20,17.1,11.7,2357,22.5,1419,,,,,,,7.3,70,1422,3.9,90,1350,1.2,1062,70,11.6,43,1344,73.0,13.7,1003.6,1016.3,2347,1007.0,0001,1013.1,12.3,4.0,,,,,,,,,7.4,4.9,22.8,7.7,,,,,,,,,,,,,,,2022,9,38,263,0,0,0,0
278,의성,2022-09-21,15.3,8.7,0610,24.4,1452,,,,,,,6.1,50,1344,3.8,90,1725,1.0,850,90,9.3,34,1447,73.0,11.7,1008.1,1019.2,0733,1015.8,1500,1017.8,12.2,8.7,,,,,,,,,0.8,0.1,20.5,4.3,,,,,,,,,,,,,,,2022,9,38,264,0,0,0,0
278,의성,2022-09-22,16.7,8.5,0610,24.6,1341,,,,,,,4.0,320,1208,2.1,340,1439,0.6,544,340,12.0,47,1333,77.0,14.2,1005.6,1018.8,0001,1012.0,1603,1015.2,12.2,6.2,,,,,,,,,7.3,3.9,21.1,4.4,,,,,,,,,,,,,,,2022,9,38,265,0,0,0,0
278,의성,2022-09-23,17.9,10.7,2358,27.1,1345,,,,,,,9.3,250,1424,5.2,270,1634,1.6,1352,270,12.4,36,1348,73.6,14.5,1002.5,1014.2,2150,1008.6,1513,1012.0,12.1,8.0,,,,,,,,,4.6,1.6,22.4,5.6,,,,,,,,,,,,,,,2022,9,38,266,0,0,1,0
278,의성,2022-09-24,16.0,8.0,0547,24.9,1454,,,,,,,6.7,340,1252,3.4,320,1535,0.9,811,320,9.2,30,1445,69.6,11.7,1006.3,1017.7,0817,1014.0,1553,1015.9,12.1,9.3,,,,,,,,,5.3,0.4,20.5,3.0,,,,,,,,,,,,,,,2022,9,38,267,0,0,0,0
278,의성,2022-09-25,16.7,12.0,0638,23.0,1505,,,,,,,2.8,230,1514,1.5,320,1725,0.5,462,360,12.7,52,1452,79.9,14.8,1006.5,1017.9,0856,1014.3,1654,1016.1,12.1,0.3,,,,,,,,,9.5,4.3,20.6,9.9,,,,,,,,,,,,,,,2022,9,38,268,0,0,0,0
278,의성,2022-09-26,16.5,12.8,0459,21.6,1432,,,,,,,2.1,180,1530,1.3,160,1531,0.4,354,200,14.1,64,1349,87.3,16.1,1006.8,1017.8,0947,1015.0,1450,1016.4,12.0,0.1,,,,,,,,,9.4,4.1,19.8,10.1,,,,,,,,,,,,,,,2022,9,39,269,0,0,0,0
278,의성,2022-09-27,17.8,12.2,2346,27.5,1434,,,,,,,3.8,90,1656,2.5,90,1657,0.7,563,20,13.2,39,1414,79.4,15.3,1006.0,1017.4,0942,1012.8,1604,1015.5,12.0,7.7,,,,,,,,,3.0,2.3,22.5,7.3,,,,,,,,,,,,,,,2022,9,39,270,0,0,1,0
278,의성,2022-09-28,16.5,9.9,0514,24.9,1346,,,,,,,3.3,250,1444,2.0,250,1451,0.6,503,230,12.8,45,1406,81.8,14.8,1004.2,1015.9,0001,1011.5,1515,1013.7,11.9,4.6,,,,,,,,,5.1,1.0,20.3,6.5,,,,,,,,,,,,,,,2022,9,39,271,0,0,0,0
278,의성,2022-09-29,17.2,9.9,0502,27.8,1503,0.0,,0.0,,,0.0,3.7,320,1420,1.8,200,1351,0.6,490,250,13.3,41,1540,81.5,15.4,1004.4,1015.6,2330,1011.7,1534,1014.0,11.9,9.3,,,,,,,,,2.6,0.8,22.7,6.0,,,,,,,,,,,,,,,2022,9,39,272,0,0,1,0
278,의성,2022-09-30,17.2,9.6,0612,29.1,1504,,,,,,,3.8,180,1311,2.2,200,1311,0.6,529,200,11.3,23,1645,73.5,13.4,1005.9,1017.4,0712,1013.1,1710,1015.5,11.9,10.2,,,,,,,,,2.0,0.0,22.6,5.4,,,,,,,,,,,,,,,2022,9,39,273,0,0,1,0
278,의성,2022-10-01,17.2,7.2,0621,28.9,1440,,,,,,,3.9,250,1534,2.2,250,1537,0.6,479,110,11.1,31,1532,72.8,13.4,1007.7,1019.1,0903,1015.1,1443,1017.3,11.8,8.4,,,,,,,,,6.3,1.4,21.9,2.7,,,,,,,,,,,,,,,2022,10,39,274,0,0,1,0
278,의성,2022-10-02,18.6,10.6,0542,26.8,1426,0.5,2255,0.8,2212,,0.8,2.8,270,1334,1.4,50,1521,0.5,413,20,14.4,44,1623,79.6,16.7,1007.5,1019.8,0739,1014.8,1730,1017.1,11.8,1.4,,,,,,,,,7.5,4.6,21.8,6.2,,,,,,,,,,,,,,,2022,10,39,275,0,0,1,1
278,의성,2022-10-03,23.2,18.4,0338,27.9,1329,0.9,413,3.8,411,,7.6,6.4,230,1302,3.2,230,1226,0.9,793,200,20.4,66,1330,85.9,24.1,1003.7,1016.3,0907,1009.9,2357,1013.0,11.8,0.9,,,,,,,,,8.8,4.9,23.1,17.7,,,,,,,,,,,,,,,2022,10,40,276,0,0,1,1
278,의성,2022-10-04,19.3,15.1,2344,23.5,1252,2.8,915,7.1,655,,21.7,7.2,270,0928,3.2,290,1421,1.1,940,70,18.1,77,1442,93.0,21.2,1002.1,1017.7,2300,1007.1,0550,1011.6,11.7,0.1,,,,,,,,,9.1,8.5,20.6,14.3,,,,,,,,,,,,,,,2022,10,40,277,0,0,0,1
278,의성,2022-10-05,16.1,14.1,2328,21.1,1531,,,,,,,4.0,20,1340,2.4,70,1347,0.8,722,50,12.4,57,1446,80.1,14.5,1009.6,1020.7,0853,1017.0,1620,1019.3,11.7,2.1,,,,,,,,,8.0,6.3,19.2,12.1,,,,,,,,,,,,,,,2022,10,40,278,0,0,0,0
278,의성,2022-10-06,16.9,13.3,0449,22.8,1412,,,,,,,4.0,340,1122,2.6,320,1345,0.8,658,50,13.3,51,1437,81.0,15.3,1008.1,1020.6,0054,1015.2,1600,1017.7,11.6,4.7,,,,,,,,,9.6,5.0,19.5,12.8,,,,,,,,,,,,,,,2022,10,40,279,0,0,0,0
278,의성,2022-10-07,14.8,10.3,2343,18.2,1134,0.7,1152,0.7,1150,,1.2,7.7,270,0926,3.3,290,0913,1.1,919,50,11.6,62,0923,82.3,13.7,1008.7,1023.4,2323,1015.3,0420,1018.4,11.6,0.7,,,,,,,,,6.5,4.6,17.0,6.7,,,,,,,,,,,,,,,2022,10,40,280,0,0,0,1
278,의성,2022-10-08,12.4,6.8,0648,20.1,1248,,,,,,,6.5,90,1615,3.6,90,1619,0.9,759,90,8.5,43,1316,81.5,11.1,1014.6,1026.1,0746,1022.6,1552,1024.4,11.6,6.2,,,,,,,,,4.1,0.6,14.7,3.8,,,,,,,,,,,,,,,2022,10,40,281,0,0,0,0
278,의성,2022-10-09,12.8,9.2,0205,15.8,1408,0.4,2115,0.8,2047,,2.2,6.6,250,2326,3.7,270,2335,0.6,529,230,11.7,82,0938,93.5,13.8,1007.9,1025.2,0001,1012.2,2126,1017.7,11.5,0.0,,,,,,,,,8.0,5.5,15.5,7.3,,,,,,,,,,,,,,,2022,10,40,282,0,0,0,1
278,의성,2022-10-10,11.6,8.6,1938,16.0,1405,0.9,1759,1.7,1746,,1.7,14.1,320,1522,6.7,270,1452,2.7,2373,270,5.8,40,1346,70.9,9.3,1003.3,1015.4,2339,1011.0,1427,1013.1,11.5,5.5,,,,,,,,,6.1,3.8,14.0,5.8,,,,,,,,,,,,,,,2022,10,41,283,0,0,0,1
278,의성,2022-10-11,11.2,5.7,2349,18.0,1527,,,,,,,8.1,320,0932,4.2,340,0911,1.5,1334,270,5.8,43,1530,71.9,9.2,1010.3,1024.4,2342,1015.1,0005,1020.2,11.5,8.1,,,,,,,,,1.6,0.8,13.7,1.8,,,,,,,,,,,,,,,2022,10,41,284,0,0,0,0
278,의성,2022-10-12,11.2,2.4,0622,21.5,1530,,,,,,,4.5,50,1610,2.5,110,1633,0.7,562,200,7.5,41,1607,82.3,10.5,1016.6,1027.9,0823,1024.4,0001,1026.5,11.4,8.0,,,,,,,,,3.1,1.3,13.2,-0.7,,,,,,,,,,,,,,,2022,10,41,285,0,0,0,0
278,의성,2022-10-13,13.6,7.2,0445,23.2,1454,,,,,,,6.2,360,1408,2.6,20,1441,0.7,600,50,9.7,43,1412,81.1,12.0,1014.8,1027.9,0226,1021.4,1538,1024.5,11.4,7.5,,,,,,,,,4.4,4.3,16.0,3.3,,,,,,,,,,,,,,,2022,10,41,286,0,0,0,0
278,의성,2022-10-14,13.9,6.3,0425,22.7,1543,,,,,,,4.1,360,1608,2.3,360,1519,0.6,479,20,11.1,54,1405,85.4,13.4,1010.3,1023.0,0001,1017.1,1530,1020.0,11.3,5.7,,,,,,,,,7.1,5.6,16.8,2.3,,,,,,,,,,,,,,,2022,10,41,287,0,0,0,0
278,의성,2022-10-15,16.7,10.3,0623,25.3,1513,,,,,,,3.9,360,1240,1.8,320,1631,0.5,454,20,13.0,45,1515,81.9,15.1,1009.1,1020.4,0903,1016.5,1414,1018.7,11.3,7.7,,,,,,,,,8.3,6.3,19.5,6.1,,,,,,,,,,,,,,,2022,10,41,288,0,0,1,0
278,의성,2022-10-16,17.6,12.2,0515,24.4,1336,,,,,,,5.2,270,1444,3.0,290,1533,0.7,563,50,13.7,49,1358,80.9,15.7,1007.5,1019.4,0001,1014.9,1414,1017.0,11.3,6.9,,,,,,,,,7.9,7.1,21.1,8.9,,,,,,,,,,,,,,,2022,10,41,289,0,0,0,0
278,의성,2022-10-17,12.3,3.4,2357,19.1,1315,,,,,,,10.6,320,1321,5.8,290,1513,1.9,1612,290,4.2,19,1515,65.1,8.9,1007.1,1020.1,2357,1014.7,1322,1016.9,11.2,7.7,,,,,,,,,3.4,2.1,16.6,-1.2,,,,,,,,,,,,,,,2022,10,42,290,0,0,0,0
278,의성,2022-10-18,6.6,-0.6,0644,16.5,1412,,,,,,,7.1,250,1404,3.4,270,1413,0.8,731,290,0.4,29,1454,70.9,6.3,1011.8,1023.8,2310,1019.4,1451,1021.8,11.2,9.9,,,,,,,,,0.0,0.0,12.1,-4.0,,,,,,,,,,,,,,,2022,10,42,291,0,0,0,0
278,의성,2022-10-19,6.4,-1.5,0628,17.8,1408,,,,,,,6.0,290,1459,3.2,320,1503,0.8,664,290,-0.4,22,1455,69.3,6.0,1015.3,1027.8,2309,1023.0,1415,1025.4,11.2,9.9,,,,,,,,,0.0,0.0,11.3,-5.2,,,,,,,,,,,,,,,2022,10,42,292,0,0,0,0
278,의성,2022-10-20,8.2,-1.5,0606,20.6,1520,,,,,,,3.8,200,1420,1.9,180,1443,0.5,393,230,1.8,27,1437,70.6,7.1,1017.2,1030.2,0758,1024.1,1640,1027.2,11.1,9.7,,,,,,,,,2.1,1.1,12.0,-5.4,,,,,,,,,,,,,,,2022,10,42,293,0,0,0,0
278,의성,2022-10-21,10.6,2.3,0651,19.1,1240,,,,,,,4.6,360,1253,2.8,320,1259,0.5,450,270,5.7,34,1319,76.0,9.2,1014.2,1026.7,0901,1021.8,1413,1024.1,11.1,2.5,,,,,,,,,8.1,6.5,13.0,-1.7,,,,,,,,,,,,,,,2022,10,42,294,0,0,0,0
278,의성,2022-10-22,12.2,5.6,0713,22.5,1437,,,,,,,6.0,250,1149,3.2,270,1009,0.8,733,270,6.0,25,1454,72.3,9.4,1010.1,1022.4,0001,1017.1,1713,1019.9,11.1,9.0,,,,,,,,,4.4,2.8,14.9,1.4,,,,,,,,,,,,,,,2022,10,42,295,0,0,0,0
278,의성,2022-10-23,12.4,5.9,0541,21.1,1400,,,,,,,7.4,110,1743,4.1,90,1747,0.9,757,50,7.5,39,1445,75.6,10.4,1007.5,1019.0,0001,1014.3,1550,1017.3,11.0,7.0,,,,,,,,,5.5,2.5,14.9,2.3,,,,,,,,,,,,,,,2022,10,42,296,0,0,0,0
278,의성,2022-10-24,8.8,2.9,0725,16.8,1430,,,,,,,7.4,320,1357,4.0,320,1419,1.1,949,20,3.0,29,1421,73.0,7.7,1010.1,1024.2,2353,1017.4,1407,1020.0,11.0,4.9,,,,,,,,,5.6,3.8,12.4,-1.6,,,,,,,,,,,,,,,2022,10,43,297,0,0,0,0
278,의성,2022-10-25,8.0,-0.1,0647,17.5,1442,,,,,,,8.5,50,1223,4.2,70,1227,1.1,984,70,2.3,34,1417,72.0,7.2,1017.6,1029.9,2311,1024.1,0001,1027.7,10.9,7.5,,,,,,,,,2.1,1.1,11.1,-4.5,,,,,,,,,,,,,,,2022,10,43,298,0,0,0,0
278,의성,2022-10-26,9.2,0.1,0651,18.9,1323,,,,,,,4.7,270,1329,2.1,270,1311,0.6,489,340,4.3,41,1316,75.5,8.4,1017.5,1030.7,0734,1024.8,1710,1027.5,10.9,8.5,,,,,,,,,5.4,1.4,11.6,-3.9,,,,,,,,,,,,,,,2022,10,43,299,0,0,0,0
278,의성,2022-10-27,10.8,4.5,0710,20.9,1434,,,,,,,3.7,180,1417,2.0,230,1443,0.5,409,70,5.9,35,1435,76.1,9.3,1014.5,1026.0,0220,1021.8,1506,1024.5,10.9,9.4,,,,,,,,,2.4,1.1,13.2,-0.3,,,,,,,,,,,,,,,2022,10,43,300,0,0,0,0
278,의성,2022-10-28,10.4,2.5,0645,20.3,1204,,,,,,,7.8,90,1435,4.6,90,1427,0.9,748,90,7.2,49,1230,83.3,10.3,1016.2,1027.7,2239,1024.3,1347,1026.2,10.8,7.6,,,,,,,,,4.4,0.6,12.4,-1.7,,,,,,,,,,,,,,,2022,10,43,301,0,0,0,0
278,의성,2022-10-29,12.4,6.5,0654,21.0,1429,,,,,,,4.6,110,1705,2.4,340,1446,0.7,605,110,7.8,37,1430,77.9,10.6,1016.5,1028.4,0840,1023.8,1525,1026.4,10.8,8.5,,,,,,,,,5.6,1.8,14.3,1.1,,,,,,,,,,,,,,,2022,10,43,302,0,0,0,0
278,의성,2022-10-30,10.5,4.4,0651,19.8,1252,,,,,,,7.1,90,1404,4.0,90,1411,0.8,732,90,6.9,46,1253,82.3,10.0,1016.0,1027.6,0828,1023.5,1402,1025.9,10.8,6.8,,,,,,,,,5.3,2.1,13.2,-0.1,,,,,,,,,,,,,,,2022,10,43,303,0,0,0,0
278,의성,2022-10-31,10.2,3.8,0649,20.5,1355,,,,,,,3.9,110,1144,2.0,270,1328,0.5,427,360,5.9,40,1357,78.3,9.3,1014.4,1026.8,0200,1021.7,1442,1024.3,10.7,7.4,,,,,,,,,5.8,3.0,12.6,-0.4,,,,,,,,,,,,,,,2022,10,44,304,0,0,0,0
278,의성,2022-11-01,10.3,2.6,0646,21.1,1447,,,,,,,5.6,320,1448,3.1,320,1456,0.6,520,270,5.5,34,1451,77.0,9.1,1011.2,1023.6,0001,1018.0,1426,1021.1,10.7,7.8,,,,,,,,,1.1,0.8,11.9,-1.6,,,,,,,,,,,,,,,2022,11,44,305,0,0,0,0
278,의성,2022-11-02,8.1,1.4,0638,20.3,1536,,,,,,,4.5,270,1523,2.2,270,1529,0.5,434,250,2.1,15,1557,72.9,7.2,1010.1,1023.4,0830,1017.2,1438,1020.1,10.7,7.8,,,,,,,,,2.8,0.5,10.7,-5.2,,,,,,,,,,,,,,,2022,11,44,306,0,0,0,0
278,의성,2022-11-03,7.5,-1.2,0609,17.8,1427,,,,,,,5.2,340,1451,2.8,290,1526,0.6,479,290,1.1,32,1428,68.6,6.7,1008.3,1020.2,0838,1015.9,1344,1018.3,10.6,1.7,,,,,,,,,5.4,2.3,9.4,-6.6,,,,,,,,,,,,,,,2022,11,44,307,0,0,0,0
278,의성,2022-11-04,5.9,-1.9,2400,13.2,1422,,,,,,,7.7,290,1543,4.2,270,1533,1.4,1186,270,-5.4,17,1337,50.5,4.3,1011.1,1024.1,2257,1018.4,0001,1021.2,10.6,8.8,,,,,,,,,3.3,0.5,8.0,-8.4,,,,,,,,,,,,,,,2022,11,44,308,0,0,0,0
278,의성,2022-11-05,3.0,-5.8,0641,15.2,1436,,,,,,,7.2,320,1419,3.1,270,1527,0.7,571,140,-7.1,14,1506,54.6,3.6,1014.4,1026.6,0812,1021.9,1419,1024.6,10.6,8.9,,,,,,,,,0.0,0.0,5.4,-12.4,,,,,,,,,,,,,,,2022,11,44,309,0,0,0,0
278,의성,2022-11-06,4.7,-4.9,0550,16.3,1505,,,,,,,6.4,320,1351,2.7,270,1555,0.6,495,270,-1.5,36,1343,67.6,5.6,1014.5,1027.6,0846,1021.8,1540,1024.7,10.5,8.8,,,,,,,,,1.0,0.0,6.4,-11.1,,,,,,,,,,,,,,,2022,11,44,310,0,0,0,0
278,의성,2022-11-07,6.4,-2.0,0657,17.6,1422,,,,,,,3.8,230,1427,1.8,270,1420,0.4,372,200,0.1,28,1428,69.4,6.2,1013.0,1025.2,0814,1020.0,1504,1023.0,10.5,8.3,,,,,,,,,3.9,1.8,7.9,-7.4,,,,,,,,,,,,,,,2022,11,45,311,0,0,0,0
278,의성,2022-11-08,8.2,0.1,0652,18.9,1344,,,,,,,5.8,110,1236,2.9,250,1353,0.6,500,250,2.5,38,1423,71.4,7.3,1014.4,1026.4,0810,1022.2,1425,1024.5,10.5,8.7,,,,,,,,,0.9,0.8,9.5,-5.8,,,,,,,,,,,,,,,2022,11,45,312,0,0,0,0
278,의성,2022-11-09,7.8,-0.5,0654,18.9,1516,,,,,,,4.3,270,1336,2.5,290,1337,0.5,446,250,2.4,33,1344,73.5,7.3,1014.7,1027.4,0821,1021.9,1512,1024.8,10.4,8.1,,,,,,,,,3.6,0.0,8.9,-5.7,,,,,,,,,,,,,,,2022,11,45,313,0,0,0,0
278,의성,2022-11-10,8.7,0.4,0700,20.0,1435,,,,,,,2.5,110,1303,1.6,230,1634,0.4,358,70,3.8,38,1510,75.5,8.1,1014.5,1026.2,2248,1021.5,1501,1024.5,10.4,8.6,,,,,,,,,2.0,0.0,9.4,-4.7,,,,,,,,,,,,,,,2022,11,45,314,0,0,0,0
278,의성,2022-11-11,11.1,3.5,0528,21.5,1446,,,,,,,2.9,360,1401,1.5,340,1404,0.3,272,50,6.9,46,1454,78.6,10.0,1015.9,1028.5,0823,1023.5,1503,1025.8,10.4,8.5,,,,,,,,,3.8,0.9,11.1,-1.5,,,,,,,,,,,,,,,2022,11,45,315,0,0,0,0
278,의성,2022-11-12,15.5,5.0,0640,24.6,1443,,,,,,,7.5,230,1502,3.8,230,1459,0.8,691,200,10.8,48,1432,76.9,13.3,1007.5,1025.1,0048,1008.7,2356,1017.2,10.3,5.5,,,,,,,,,6.8,3.8,14.6,0.4,,,,,,,,,,,,,,,2022,11,45,316,0,0,0,0
278,의성,2022-11-13,15.1,11.1,2350,21.2,0021,,,,,,12.4,8.8,290,0919,4.5,290,0907,1.9,1634,50,10.1,56,1307,73.3,13.0,1003.9,1019.6,2322,1007.5,0419,1013.6,10.3,2.1,,,,,,,,,8.1,6.6,15.5,8.4,,,,,,,,,,,,,,,2022,11,45,317,0,0,0,1
278,의성,2022-11-14,8.6,5.2,0639,14.0,1251,,,,,,,4.4,290,1430,2.5,270,1430,0.6,499,50,5.5,58,1332,82.3,9.0,1007.5,1019.9,0316,1014.9,1553,1017.4,10.3,0.9,,,,,,,,,7.0,4.9,9.7,0.1,,,,,,,,,,,,,,,2022,11,46,318,0,0,0,0
278,의성,2022-11-15,5.6,-0.8,0653,13.8,1301,,,,,,0.2,7.2,340,1815,3.8,290,1424,0.8,710,340,2.2,42,1255,82.1,7.2,1007.1,1018.4,0841,1014.8,1327,1017.1,10.3,6.3,,,,,,,,,1.8,1.6,6.2,-5.5,,,,,,,,,,,,,,,2022,11,46,319,0,0,0,1
278,의성,2022-11-16,6.1,0.4,2328,14.9,1430,,,,,,0.1,7.9,290,1406,4.5,270,1407,1.0,827,290,1.4,32,1549,76.6,6.8,1009.9,1022.7,2214,1017.9,0318,1020.0,10.2,7.2,,,,,,,,,2.4,0.9,6.7,-5.1,,,,,,,,,,,,,,,2022,11,46,320,0,0,0,1
278,의성,2022-11-17,5.6,-1.0,0330,16.0,1430,,,,,,,4.0,250,1415,1.9,230,1422,0.4,363,140,0.4,36,1331,74.3,6.3,1013.9,1026.1,2326,1021.6,1340,1024.0,10.2,8.2,,,,,,,,,2.6,1.5,6.3,-5.2,,,,,,,,,,,,,,,2022,11,46,321,0,0,0,0
278,의성,2022-11-18,5.9,-2.3,0645,18.9,1441,,,,,,,3.6,270,1424,1.9,250,1449,0.4,363,230,0.1,28,1503,72.3,6.2,1016.1,1028.7,0846,1023.2,1529,1026.2,10.2,8.6,,,,,,,,,0.0,0.0,5.3,-6.8,,,,,,,,,,,,,,,2022,11,46,322,0,0,0,0
278,의성,2022-11-19,7.8,-0.6,0656,18.7,1306,,,,,,,5.1,90,1518,2.6,90,1540,0.5,463,70,4.1,47,1307,81.0,8.4,1013.3,1026.7,0246,1019.7,1716,1023.3,10.2,5.0,,,,,,,,,4.0,0.3,7.1,-4.7,,,,,,,,,,,,,,,2022,11,46,323,0,0,0,0
278,의성,2022-11-20,9.1,3.6,0741,19.1,1451,,,,,,,3.8,340,1509,2.1,340,1500,0.4,375,290,5.3,39,1508,80.9,9.0,1010.0,1021.9,0839,1017.0,1443,1020.0,10.1,5.4,,,,,,,,,4.5,2.4,9.3,-0.7,,,,,,,,,,,,,,,2022,11,46,324,0,0,0,0
278,의성,2022-11-21,8.7,1.3,0653,19.7,1414,,,,,,,4.4,250,1536,2.5,270,1533,0.5,393,50,4.7,40,1513,79.6,8.6,1010.9,1023.3,0901,1017.9,1450,1020.9,10.1,7.2,,,,,,,,,7.0,2.6,9.1,-3.0,,,,,,,,,,,,,,,2022,11,47,325,0,0,0,0
278,의성,2022-11-22,9.5,5.0,0727,14.1,1230,,,,,,3.5,3.2,20,1217,1.8,20,1216,0.3,300,20,7.1,60,1232,86.5,10.2,1010.2,1023.0,0808,1016.8,2356,1020.1,10.1,0.0,,,,,,,,,9.5,4.8,9.3,1.3,,,,,,,,,,,,,,,2022,11,47,326,0,0,0,1
278,의성,2022-11-23,10.6,2.8,2355,18.2,1440,,,,,,1.4,7.3,340,1421,5.1,320,1427,0.9,775,290,7.7,48,1542,85.3,10.7,1005.9,1019.2,2350,1013.3,1327,1015.8,10.1,5.0,,,,,,,,,4.8,3.8,11.7,-2.9,,,,,,,,,,,,,,,2022,11,47,327,0,0,0,1
278,의성,2022-11-24,4.7,0.0,2356,14.3,1516,,,,,,,2.9,50,1713,1.4,20,1716,0.3,289,20,1.4,39,1513,83.1,6.8,1010.9,1023.0,2352,1018.8,1432,1021.0,10.0,4.3,,,,,,,,,4.5,1.3,6.2,-5.4,,,,,,,,,,,,,,,2022,11,47,328,0,0,0,0
278,의성,2022-11-25,4.9,-2.5,0657,16.5,1530,,,,,,,4.2,250,1512,2.3,230,1514,0.4,308,230,0.6,35,1512,78.4,6.5,1008.6,1023.4,0309,1014.7,1744,1018.7,10.0,7.7,,,,,,,,,3.5,0.5,4.4,-7.3,,,,,,,,,,,,,,,2022,11,47,329,0,0,0,0
278,의성,2022-11-26,6.2,-1.3,2359,16.6,1306,,,,,,,11.5,290,1440,5.6,290,1446,1.3,1109,270,-2.5,22,1638,61.9,5.3,1006.7,1020.7,2236,1014.3,0509,1016.7,10.0,8.2,,,,,,,,,1.3,0.6,4.7,-8.0,,,,,,,,,,,,,,,2022,11,47,330,0,0,0,0
278,의성,2022-11-27,3.4,-4.8,0659,14.9,1406,,,,,,,3.1,290,1407,1.9,270,1416,0.3,301,250,-5.5,14,1434,59.0,4.1,1011.2,1023.4,0856,1018.7,1502,1021.4,10.0,7.7,,,,,,,,,3.9,0.3,3.3,-10.3,,,,,,,,,,,,,,,2022,11,47,331,0,0,0,0
278,의성,2022-11-28,6.7,-1.8,0608,14.3,1440,,,,,,10.8,2.8,230,1552,1.5,270,1101,0.4,357,230,2.4,43,1249,77.8,7.7,1006.9,1022.0,0018,1009.7,2342,1016.9,9.9,2.4,,,,,,,,,8.0,5.1,5.8,-5.9,,,,,,,,,,,,,,,2022,11,48,332,0,0,0,1
278,의성,2022-11-29,10.4,5.5,2358,15.0,1236,,,,,,29.6,7.7,270,2138,4.0,270,2155,1.5,1315,270,4.3,30,2332,70.8,9.3,1003.6,1022.2,2353,1007.7,0436,1013.4,9.9,0.0,,,,,,,,,10.0,7.8,9.9,4.5,,,,,,,,,,,,,,,2022,11,48,333,0,0,0,1
278,의성,2022-11-30,-1.2,-5.7,2255,5.5,0001,,,,,,,10.0,320,0237,5.4,290,0245,2.8,2382,290,-15.0,19,1348,36.1,2.0,1018.4,1032.5,2205,1022.1,0002,1028.8,9.9,5.3,,,,,,,,,8.0,1.3,0.6,-11.9,,,,,,,,,,,,,,,2022,11,48,334,0,0,0,0
278,의성,2022-12-01,-3.3,-7.4,2359,2.1,1454,,,,,,,5.9,340,1444,3.4,340,1631,1.1,917,290,-13.6,23,1128,48.3,2.2,1020.2,1032.7,0909,1027.8,1518,1030.7,9.9,6.2,,,,,,,,,5.5,2.3,0.2,-12.8,,,,,,,,,,,,,,,2022,12,48,335,0,0,0,0
278,의성,2022-12-02,-3.9,-10.3,0733,4.6,1414,,,,,,,5.7,270,1351,3.2,270,1353,0.6,516,250,-9.3,34,1406,69.9,3.0,1019.5,1033.0,0825,1027.5,1716,1030.1,9.9,8.2,,,,,,,,,1.6,0.0,-0.8,-15.0,,,,,,,,,,,,,,,2022,12,48,336,0,0,0,0
278,의성,2022-12-03,0.2,-6.5,0136,7.2,1424,,,,,,,2.0,160,1207,1.1,110,1242,0.3,233,90,-4.0,47,1253,75.3,4.6,1015.3,1028.8,0038,1022.8,1532,1025.6,9.8,2.0,,,,,,,,,8.8,6.4,0.7,-11.3,,,,,,,,,,,,,,,2022,12,48,337,0,0,0,0
278,의성,2022-12-04,0.8,-2.3,2018,4.1,1403,,,,,,,6.0,290,0507,3.5,270,0531,1.2,995,250,-10.8,27,1405,44.6,2.8,1018.3,1030.6,2209,1025.2,0012,1028.6,9.8,3.1,,,,,,,,,9.1,4.4,1.8,-8.3,,,,,,,,,,,,,,,2022,12,48,338,0,0,0,0
278,의성,2022-12-05,-1.8,-8.1,2353,5.4,1520,,,,,,,5.8,270,1623,3.5,270,1630,0.8,650,270,-13.0,17,1534,46.3,2.3,1017.1,1030.4,0136,1024.4,1506,1027.5,9.8,6.5,,,,,,,,,4.8,2.6,1.0,-14.8,,,,,,,,,,,,,,,2022,12,49,339,0,0,0,0
278,의성,2022-12-06,-3.2,-10.3,0559,4.6,1345,,,,,,,7.2,270,1302,3.1,290,1304,0.5,435,290,-6.9,48,1140,76.9,3.8,1013.3,1027.1,0001,1021.4,1428,1023.7,9.8,2.1,,,,,,,,,4.3,3.3,-1.0,-15.3,,,,,,,,,,,,,,,2022,12,49,340,0,0,0,0
278,의성,2022-12-07,0.8,-4.7,0636,9.3,1419,,,,,,,8.7,320,1613,4.5,270,1458,0.8,691,270,-2.9,38,1356,79.1,4.9,1012.8,1025.5,2346,1021.3,1358,1023.1,9.8,1.9,,,,,,,,,4.1,3.6,1.3,-10.5,,,,,,,,,,,,,,,2022,12,49,341,0,0,0,0
278,의성,2022-12-08,-0.3,-5.5,0434,10.8,1521,,,,,,,3.5,200,1416,2.0,140,1349,0.3,289,20,-4.8,27,1542,75.9,4.3,1015.2,1028.0,0920,1023.7,1431,1025.6,9.8,7.7,,,,,,,,,2.1,0.4,1.2,-11.0,,,,,,,,,,,,,,,2022,12,49,342,0,0,0,0
278,의성,2022-12-09,0.0,-6.9,0659,11.1,1459,,,,,,,4.5,320,1532,2.3,320,1536,0.3,255,290,-4.1,38,1333,78.1,4.6,1012.6,1025.6,0232,1020.2,1456,1022.9,9.8,6.9,,,,,,,,,2.3,1.0,1.4,-12.0,,,,,,,,,,,,,,,2022,12,49,343,0,0,0,0
278,의성,2022-12-10,0.7,-6.4,0709,8.5,1258,,,,,,0.0,4.9,290,1216,2.4,290,1222,0.4,333,250,-4.0,40,1447,73.9,4.6,1009.5,1022.7,0248,1016.5,1430,1019.8,9.8,3.6,,,,,,,,,4.4,2.9,1.3,-11.4,,,,,,,,,,,,,,,2022,12,49,344,0,0,0,0
278,의성,2022-12-11,-0.2,-6.2,0736,10.1,1412,,,,,,,5.3,360,1445,2.9,340,1607,0.5,416,360,-5.5,31,1606,71.8,4.1,1011.8,1024.7,2339,1019.6,0001,1022.2,9.7,7.6,,,,,,,,,1.5,0.9,1.2,-11.7,,,,,,,,,,,,,,,2022,12,49,345,0,0,0,0
278,의성,2022-12-12,1.5,-5.1,0157,8.2,1359,,,,,,0.0,5.3,320,1658,1.7,290,1542,0.4,367,230,-4.4,42,1725,67.0,4.4,1009.7,1024.8,0036,1016.4,2046,1019.9,9.7,3.0,,,,,,,,,7.9,5.6,1.3,-10.8,,,,,,,,,,,,,,,2022,12,50,346,0,0,0,0
278,의성,2022-12-13,0.9,-2.8,0302,6.5,1013,,,,,,1.2,13.7,290,1122,7.1,290,1123,2.0,1718,270,-1.9,49,1050,82.0,5.3,1006.9,1019.1,2357,1015.6,1352,1017.1,9.7,1.8,,,,,,,,,7.1,4.3,1.3,-8.8,,,,,,,,,,,,,,,2022,12,50,347,0,0,0,1
278,의성,2022-12-14,-5.9,-10.7,2341,0.2,0001,,,,,,,10.9,340,0045,5.8,290,1317,2.7,2369,290,-13.6,38,1453,56.4,2.2,1015.8,1028.5,0913,1019.2,0001,1026.4,9.7,8.3,,,,,,,,,0.0,0.0,-1.7,-15.1,,,,,,,,,,,,,,,2022,12,50,348,0,0,0,0
278,의성,2022-12-15,-3.9,-12.8,0655,5.1,1558,,,,,,0.0,4.7,270,1457,2.3,250,1504,0.5,451,250,-8.5,42,1537,72.3,3.3,1014.6,1028.5,0842,1021.0,1634,1025.1,9.7,5.4,,,,,,,,,,,-1.7,-15.3,,,,,,,,,,,,,,,2022,12,50,349,0,0,0,0
278,의성,2022-12-16,-2.0,-6.6,0722,0.6,1433,,,,,,,4.9,290,0516,2.6,270,0523,0.9,759,270,-12.0,26,1608,47.9,2.5,1017.9,1030.9,1021,1024.4,0002,1028.4,9.7,2.0,,,,,,,,,8.4,2.1,0.0,-12.9,,,,,,,,,,,,,,,2022,12,50,350,0,0,0,0
278,의성,2022-12-17,-4.9,-11.0,2346,0.5,1354,,,,,,,6.7,250,1502,3.9,340,1118,1.1,961,290,-12.3,37,1453,57.4,2.4,1013.5,1028.6,0001,1021.0,1601,1024.0,9.7,3.4,,,,,,,,,5.9,3.9,-1.3,-16.7,,,,,,,,,,,,,,,2022,12,50,351,0,0,0,0
278,의성,2022-12-18,-8.9,-14.9,0726,-2.9,1444,,,,,,,11.3,290,1639,6.1,290,1412,1.7,1453,290,-16.2,29,1351,60.1,1.7,1011.9,1024.2,2328,1019.9,1440,1022.5,9.7,8.4,,,,,,,,,0.0,0.0,-5.7,-18.8,,,,,,,,,,,,,,,2022,12,50,352,0,0,0,0
278,의성,2022-12-19,-7.6,-15.0,0733,1.2,1453,,,,,,,8.0,270,1425,3.9,270,1323,0.9,736,290,-13.4,34,1330,66.6,2.2,1015.7,1028.6,2357,1024.2,0001,1026.4,9.7,8.4,,,,,,,,,0.0,0.0,-4.8,-18.9,,,,,,,,,,,,,,,2022,12,51,353,0,0,0,0
278,의성,2022-12-20,-4.8,-13.2,0730,4.3,1416,,,,,,,5.3,320,1240,3.2,290,1345,0.5,469,270,-10.2,36,1417,68.8,2.8,1016.1,1030.8,0948,1022.5,2159,1026.6,9.7,8.2,,,,,,,,,3.0,0.3,-3.1,-17.6,,,,,,,,,,,,,,,2022,12,51,354,0,0,0,0
278,의성,2022-12-21,-2.1,-5.5,0028,1.1,1553,,,,,,4.4,2.5,230,1833,1.5,230,1853,0.3,229,340,-3.5,74,0652,90.0,4.8,1002.4,1022.9,0001,1008.5,2331,1012.7,9.7,0.0,,,,,,,,,9.1,7.3,-1.3,-9.7,,,,,,,,,,,,,,,2022,12,51,355,0,0,0,1
278,의성,2022-12-22,-4.6,-9.3,0741,-0.8,0231,,,,,,,11.3,290,1617,6.0,290,1621,2.6,2259,290,-12.0,41,1729,57.9,2.5,997.8,1009.4,0911,1005.6,1333,1008.2,9.7,5.9,,,,,,,,,2.6,1.8,-1.2,-14.4,,,,,,,,,,,,,,,2022,12,51,356,0,0,0,0
278,의성,2022-12-23,-7.4,-9.3,0425,-4.4,1419,,,,,,,14.5,250,1342,7.2,270,1345,2.7,2373,290,-14.4,45,1400,57.5,2.0,1000.1,1015.5,2344,1008.3,0017,1010.6,9.7,7.7,,,,,,,,,1.0,1.0,-1.7,-13.6,,,,,,,,,,,,,,,2022,12,51,357,0,0,0,0
278,의성,2022-12-24,-9.7,-16.3,0759,-0.8,1529,,,,,,,5.9,270,0033,2.6,320,0016,0.5,430,90,-14.8,38,1531,68.5,2.0,1008.8,1021.0,0927,1015.5,0001,1019.4,9.7,8.4,,,,,,,,,0.5,0.0,-3.0,-17.9,,,,,,,,,,,,,,,2022,12,51,358,0,0,0,0
278,의성,2022-12-25,-7.2,-15.7,0721,2.9,1505,,,,,,,6.6,270,1446,3.6,270,1438,0.8,663,290,-12.1,38,1550,71.3,2.5,1011.8,1024.6,2303,1019.9,1317,1022.4,9.7,8.4,,,,,,,,,0.9,0.0,-3.4,-17.7,,,,,,,,,,,,,,,2022,12,51,359,0,0,0,0
278,의성,2022-12-26,-6.7,-13.7,0726,2.7,1509,,,,,,,2.4,180,1421,1.4,110,1240,0.3,239,70,-10.4,44,1512,76.9,2.8,1015.0,1027.4,2333,1023.6,1422,1025.6,9.7,7.6,,,,,,,,,5.0,0.6,-3.7,-16.8,,,,,,,,,,,,,,,2022,12,52,360,0,0,0,0
278,의성,2022-12-27,-5.5,-13.6,0733,5.6,1442,,,,,,,4.9,270,1533,3.0,270,1539,0.4,360,20,-11.0,30,1446,69.5,2.7,1017.9,1030.7,0848,1025.8,1454,1028.5,9.7,8.3,,,,,,,,,1.4,0.0,-3.9,-17.0,,,,,,,,,,,,,,,2022,12,52,361,0,0,0,0
278,의성,2022-12-28,-3.2,-8.0,0631,3.9,1320,,,,,,,10.5,290,1323,5.4,270,1330,1.3,1101,290,-8.4,35,1554,68.9,3.2,1018.5,1031.9,2340,1026.6,1340,1029.0,9.7,6.2,,,,,,,,,4.4,2.0,-2.9,-13.9,,,,,,,,,,,,,,,2022,12,52,362,0,0,0,0
278,의성,2022-12-29,-5.0,-11.8,0749,3.8,1429,,,,,,,10.3,340,1338,5.9,340,1342,0.9,820,270,-11.1,30,1424,66.8,2.6,1021.4,1033.3,2257,1029.4,1426,1032.1,9.7,7.4,,,,,,,,,1.6,0.0,-4.1,-17.2,,,,,,,,,,,,,,,2022,12,52,363,0,0,0,0
278,의성,2022-12-30,-4.3,-10.2,0527,4.3,1320,,,,,,,6.4,340,1246,3.8,290,1254,0.7,568,290,-8.4,46,1610,74.8,3.3,1020.8,1033.2,0001,1028.7,1446,1031.4,9.7,4.3,,,,,,,,,5.8,4.6,-3.1,-15.2,,,,,,,,,,,,,,,2022,12,52,364,0,0,0,0
278,의성,2022-12-31,-4.0,-10.9,0734,5.6,1353,,,,,,,8.5,340,1538,4.6,320,1539,1.0,825,320,-8.5,40,1507,73.9,3.2,1019.7,1032.1,0829,1028.2,1513,1030.3,9.7,6.4,,,,,,,,,2.6,1.8,-2.8,-16.6,,,,,,,,,,,,,,,2022,12,52,365,0,0,0,0
278,의성,2023-01-01,-2.5,-10.5,649,7.8,1414,,,,,,,9.9,278,1420,4.8,290,1429,1.0,83880,290,-10.1,20,1448,62.0,2.9,1018.6,1031.0,912,1026.8,1625,1029.1,9.6,7.3,,,,,,,,,2.3,0.8,-3.0,-15.4,,,,,,,,,,,,,,,2023,1,52,1,0,0,0,0
278,의성,2023-01-02,-4.8,-11.2,801,3.8,1438,,,,,,,5.7,256,1416,3.0,0,23,0.8,70560,250,-14.1,17,1454,55.0,2.1,1019.5,1032.4,909,1027.0,1438,1030.1,9.6,8.2,,,,,,,,,0.9,0.0,-4.3,-18.0,,,,,,,,,,,,,,,2023,1,1,2,0,0,0,0
278,의성,2023-01-03,-5.9,-13.7,659,4.2,1402,,,,,,,8.5,281,1534,4.6,290,1542,0.9,79920,270,-14.0,20,1356,59.0,2.1,1018.5,1031.5,729,1026.1,1509,1029.1,9.6,8.3,,,,,,,,,0.0,0.0,-5.1,-19.6,,,,,,,,,,,,,,,2023,1,1,3,0,0,0,0
278,의성,2023-01-04,-4.6,-12.8,707,5.6,1436,,,,,,,8.1,264,1423,4.2,320,1527,0.8,65520,320,-11.1,33,1523,63.0,2.7,1019.5,1031.8,812,1027.8,1418,1030.0,9.6,8.2,,,,,,,,,0.1,0.0,-4.0,-18.6,,,,,,,,,,,,,,,2023,1,1,4,0,0,0,0
278,의성,2023-01-05,-3.8,-11.7,731,6.4,1443,,,,,,,6.0,340,1719,3.2,320,1727,0.7,573,270,-9.0,32,1355,70.9,3.1,1019.8,1033.0,810,1027.7,1426,1030.4,9.8,7.5,,,,,,,,,2.5,0.0,-3.5,-17.2,,,,,,,,,,,,,,,2023,1,1,5,0,0,0,0
278,의성,2023-01-06,-2.8,-9.6,740,7.5,1453,,,,,,0.0,3.9,230,1233,1.9,230,1229,0.4,305,270,-7.8,31,1500,71.9,3.4,1012.5,1029.6,1,1016.5,2316,1022.9,9.8,7.5,,,,,,,,,2.9,1.1,-2.4,-14.9,,,,,,,,,,,,,,,2023,1,1,6,0,0,0,0
278,의성,2023-01-07,-0.5,-6.0,2355,6.0,1310,,,,,,0.3,11.4,270,1236,5.4,290,1240,1.2,999,290,-3.9,45,1609,79.8,4.6,1008.4,1024.1,2343,1014.4,117,1018.7,9.8,3.6,,,,,,,,,4.1,1.8,-0.8,-13.2,,,,,,,,,,,,,,,2023,1,1,7,0,0,0,0
278,의성,2023-01-08,-2.4,-9.6,731,8.5,1453,,,,,,,4.7,270,1410,2.8,250,1342,0.4,373,250,-7.3,30,1526,72.6,3.6,1014.5,1027.6,839,1022.7,1413,1025.0,9.8,7.6,,,,,,,,,0.8,0.4,-1.9,-15.3,,,,,,,,,,,,,,,2023,1,1,8,0,0,0,0
278,의성,2023-01-09,-1.0,-6.8,334,9.2,1540,,,,,,0.0,4.4,250,1533,2.5,250,1553,0.3,271,250,-4.2,54,1346,79.9,4.6,1013.1,1027.8,2358,1020.2,1448,1023.5,9.8,1.4,,,,,,,,,3.0,2.8,-1.0,-12.3,,,,,,,,,,,,,,,2023,1,2,9,0,0,0,0
278,의성,2023-01-10,-1.4,-8.8,724,10.2,1523,,,,,,,3.1,200,1347,1.7,200,1351,0.2,206,200,-5.5,39,1558,76.6,4.1,1018.1,1031.5,906,1026.0,1629,1028.6,9.9,8.2,,,,,,,,,1.9,0.0,-1.5,-14.5,,,,,,,,,,,,,,,2023,1,2,10,0,0,0,0
278,의성,2023-01-11,-0.4,-8.2,730,11.8,1500,,,,,,,5.4,290,1535,2.9,270,1544,0.4,369,270,-6.6,22,1535,68.4,3.8,1015.3,1028.1,916,1023.1,1504,1025.6,9.9,8.2,,,,,,,,,1.4,0.0,-0.9,-14.3,,,,,,,,,,,,,,,2023,1,2,11,0,0,0,0
278,의성,2023-01-12,1.7,-8.5,726,15.6,1526,,,,,,0.6,2.3,180,1424,1.4,270,1331,0.2,206,20,-7.2,10,1422,60.9,3.7,1012.9,1026.9,832,1020.0,2358,1023.2,9.9,8.2,,,,,,,,,1.8,1.4,0.1,-14.2,,,,,,,,,,,,,,,2023,1,2,12,0,0,0,0
278,의성,2023-01-13,6.1,2.3,1,9.4,1503,,,,,,13.6,3.2,320,926,1.7,270,1127,0.3,297,70,5.8,79,47,98.3,9.3,1001.8,1020.0,1,1008.1,1411,1011.8,9.9,0.0,,,,,,,,,8.8,8.8,3.6,1.7,,,,,,,,,,,,,,,2023,1,2,13,0,0,0,1
278,의성,2023-01-14,7.0,4.6,2316,9.7,1255,,,,,,0.7,6.3,50,1317,3.3,70,1325,0.9,735,70,5.6,78,1755,91.8,9.1,1003.2,1017.1,2154,1009.9,1,1013.1,9.9,0.0,,,,,,,,,9.0,8.6,4.0,2.2,,,,,,,,,,,,,,,2023,1,2,14,0,0,0,0
278,의성,2023-01-15,2.7,-0.4,2354,5.1,44,,,,,,3.8,6.6,270,1958,3.4,270,2001,1.0,881,270,1.1,65,2336,89.9,6.8,1006.2,1018.9,2400,1013.8,1458,1016.3,10.0,0.0,,,,,,,,,8.3,8.0,2.3,-1.8,,,,,,,,,,,,,,,2023,1,2,15,0,0,0,1
278,의성,2023-01-16,-1.8,-7.6,2344,3.0,1405,,,,,,,7.3,270,1454,3.9,270,1527,1.5,1313,270,-7.9,38,1501,65.3,3.4,1012.7,1026.2,2245,1018.9,1,1023.2,10.0,5.4,,,,,,,,,4.5,4.1,1.0,-13.9,,,,,,,,,,,,,,,2023,1,3,16,0,0,0,0
278,의성,2023-01-17,-3.4,-8.1,139,3.2,1503,,,,,,,5.7,290,1636,2.9,270,1644,0.7,622,230,-9.0,30,1500,69.9,3.1,1015.2,1027.8,428,1023.0,1407,1025.7,10.0,6.1,,,,,,,,,4.6,2.1,-1.1,-13.9,,,,,,,,,,,,,,,2023,1,3,17,0,0,0,0
278,의성,2023-01-18,-2.5,-7.3,443,5.3,1450,,,,,,,6.6,270,1558,3.8,250,1506,0.7,625,270,-6.7,43,1331,75.5,3.7,1015.1,1027.2,952,1023.1,1429,1025.5,10.0,4.6,,,,,,,,,3.8,2.5,-0.2,-13.7,,,,,,,,,,,,,,,2023,1,3,18,0,0,0,0
278,의성,2023-01-19,-3.3,-10.4,654,5.8,1451,,,,,,,7.7,290,1408,3.9,320,1411,0.7,582,290,-8.1,37,1314,73.4,3.4,1013.6,1026.9,913,1021.1,1518,1024.1,10.0,8.2,,,,,,,,,1.4,0.1,-1.1,-14.6,,,,,,,,,,,,,,,2023,1,3,19,0,0,0,0
278,의성,2023-01-20,-2.8,-8.6,2348,3.1,1107,,,,,,,13.4,290,956,7.0,290,1000,2.1,1844,290,-11.0,25,1304,60.0,2.8,1015.0,1030.6,2152,1021.1,217,1025.4,10.1,7.3,,,,,,,,,2.4,1.1,-1.1,-15.6,,,,,,,,,,,,,,,2023,1,3,20,0,0,0,0
278,의성,2023-01-21,-6.1,-13.5,703,3.2,1536,,,,,,,5.9,290,1322,3.5,290,1500,0.7,643,340,-13.8,16,1635,59.8,2.1,1019.5,1032.1,1000,1028.1,1631,1030.1,10.1,8.4,,,,,,,,,0.8,0.0,-3.1,-17.8,,,,,,,,,,,,,,,2023,1,3,21,0,0,0,0
278,의성,2023-01-22,-2.2,-8.1,308,4.9,1521,,,,,,,3.3,50,1530,1.8,20,1557,0.3,279,270,-10.2,26,1429,57.6,2.8,1016.1,1030.0,358,1023.7,1634,1026.5,10.1,0.8,,,,,,,,,8.5,4.5,-1.3,-12.8,,,,,,,,,,,,,,,2023,1,3,22,0,0,0,0
278,의성,2023-01-23,1.2,-7.2,659,9.1,1436,,,,,,,9.3,270,2213,4.6,270,2208,1.1,940,270,-6.7,30,1448,59.5,3.8,1011.0,1025.4,254,1016.8,1607,1021.3,10.1,7.6,,,,,,,,,4.9,1.4,0.3,-12.5,,,,,,,,,,,,,,,2023,1,4,23,0,0,0,0
278,의성,2023-01-24,-8.9,-13.2,2329,0.9,1,,,,,,,14.2,320,631,7.3,290,646,4.5,3888,290,-22.3,20,1251,34.3,1.1,1014.3,1030.1,2355,1020.3,318,1025.0,10.2,8.7,,,,,,,,,1.1,0.4,-4.4,-18.5,,,,,,,,,,,,,,,2023,1,4,24,0,0,0,0
278,의성,2023-01-25,-11.8,-19.2,730,-3.8,1605,,,,,,,6.2,290,1439,3.2,320,1259,1.1,965,270,-21.8,18,1408,48.3,1.1,1019.0,1033.0,836,1026.5,1619,1029.9,10.2,8.7,,,,,,,,,0.1,0.0,-6.7,-22.9,,,,,,,,,,,,,,,2023,1,4,25,0,0,0,0
278,의성,2023-01-26,-7.9,-15.9,422,-2.8,1419,,,,,,0.2,3.3,360,1425,1.6,360,1434,0.5,439,360,-13.1,40,1200,68.1,2.4,1013.7,1028.2,14,1021.5,2158,1024.4,10.2,1.3,,,,,,,,,8.9,6.3,-4.6,-19.5,,,,,,,,,,,,,,,2023,1,4,26,0,0,0,0
278,의성,2023-01-27,-6.6,-13.1,749,-0.3,1318,,,,,,,12.3,340,1557,6.9,340,1558,2.1,1832,270,-14.5,25,1523,59.3,2.1,1009.9,1022.6,2320,1017.7,1411,1020.5,10.2,8.7,,,,,,,,,0.0,0.0,-4.0,-19.1,,,,,,,,,,,,,,,2023,1,4,27,0,0,0,0
278,의성,2023-01-28,-7.7,-16.3,720,1.4,1431,,,,,,,10.5,320,1530,5.7,290,1532,1.3,1115,270,-15.3,27,1207,59.1,1.9,1011.0,1024.4,813,1018.7,1421,1021.6,10.3,8.8,,,,,,,,,1.6,0.1,-4.7,-22.1,,,,,,,,,,,,,,,2023,1,4,28,0,0,0,0
278,의성,2023-01-29,-2.8,-12.7,730,5.2,1604,,,,,,0.4,8.9,320,1315,4.4,320,1323,1.0,872,250,-8.8,34,1510,67.6,3.2,1009.0,1022.8,848,1016.4,1624,1019.4,10.3,7.5,,,,,,,,,3.5,2.9,-2.7,-18.2,,,,,,,,,,,,,,,2023,1,4,29,0,0,0,0
278,의성,2023-01-30,-2.6,-9.7,719,5.1,1443,,,,,,,8.6,290,1502,4.2,320,1259,1.4,1245,290,-11.3,21,1344,56.1,2.6,1011.8,1024.3,914,1017.7,2,1022.2,10.3,8.7,,,,,,,,,0.0,0.0,-0.9,-16.5,,,,,,,,,,,,,,,2023,1,5,30,0,0,0,0
278,의성,2023-01-31,-2.9,-11.9,718,9.8,1525,,,,,,,5.0,230,1526,2.7,250,1534,0.5,405,250,-11.3,19,1530,57.8,2.6,1008.9,1024.1,225,1015.3,1550,1019.3,10.4,8.7,,,,,,,,,1.0,0.0,-1.8,-16.8,,,,,,,,,,,,,,,2023,1,5,31,0,0,0,0
278,의성,2023-02-01,1.3,-6.2,59,11.0,1223,,,,,,,12.8,320,1448,7.0,340,1453,1.8,1513,290,-8.4,23,1510,51.9,3.3,1007.1,1023.7,2340,1013.4,1337,1017.4,10.4,8.4,,,,,,,,,3.3,1.5,0.5,-12.9,,,,,,,,,,,,,,,2023,2,5,32,1,0,0,0
278,의성,2023-02-02,-2.6,-8.4,610,6.0,1549,,,,,,,5.8,270,1408,2.4,290,1335,0.5,444,250,-10.8,25,1550,57.3,2.7,1015.0,1027.9,1007,1022.8,1645,1025.5,10.4,7.1,,,,,,,,,6.6,0.5,-1.0,-13.2,,,,,,,,,,,,,,,2023,2,5,33,1,0,0,0
278,의성,2023-02-03,-1.2,-6.8,2354,7.4,1530,,,,,,,5.8,320,1442,3.0,290,1444,0.8,662,290,-13.2,11,1558,45.8,2.3,1011.7,1024.3,1,1019.0,1617,1022.0,10.5,6.2,,,,,,,,,3.8,2.8,0.4,-14.6,,,,,,,,,,,,,,,2023,2,5,34,1,0,0,0
278,의성,2023-02-04,-3.2,-11.0,740,6.6,1540,,,,,,,8.5,250,1452,4.8,340,1330,1.0,875,290,-11.0,28,1523,58.1,2.7,1013.9,1026.3,2315,1022.2,1451,1024.3,10.5,8.7,,,,,,,,,0.0,0.0,-2.2,-16.5,,,,,,,,,,,,,,,2023,2,5,35,1,0,0,0
278,의성,2023-02-05,-2.6,-11.5,720,8.6,1554,,,,,,,5.6,320,1501,3.2,320,1509,0.7,608,270,-9.8,27,1451,63.1,2.9,1014.5,1027.6,943,1022.0,1539,1025.0,10.5,9.0,,,,,,,,,0.0,0.0,-1.7,-17.2,,,,,,,,,,,,,,,2023,2,5,36,1,0,0,0
278,의성,2023-02-06,-0.2,-9.9,645,11.0,1512,,,,,,,2.6,250,1235,1.3,270,1242,0.3,262,230,-8.6,19,1617,59.3,3.2,1011.7,1026.1,829,1018.3,1729,1022.0,10.6,7.1,,,,,,,,,4.5,0.1,-1.0,-15.4,,,,,,,,,,,,,,,2023,2,6,37,1,0,0,0
278,의성,2023-02-07,0.8,-7.0,519,12.7,1434,,,,,,,3.6,250,1535,2.1,250,1536,0.4,314,250,-8.0,21,1553,56.5,3.4,1010.2,1022.3,853,1017.8,1547,1020.5,10.6,5.0,,,,,,,,,4.0,0.9,1.0,-12.7,,,,,,,,,,,,,,,2023,2,6,38,1,0,0,0
278,의성,2023-02-08,0.3,-7.4,649,11.2,1453,,,,,,,7.3,290,1405,4.0,270,1353,0.9,790,270,-8.1,21,1701,61.4,3.3,1014.9,1028.6,2354,1021.9,1,1025.2,10.6,8.1,,,,,,,,,1.3,0.0,0.9,-13.4,,,,,,,,,,,,,,,2023,2,6,39,1,0,0,0
278,의성,2023-02-09,1.7,-8.5,722,11.5,1427,,,,,,0.4,7.7,110,1635,4.2,110,1621,0.9,779,90,-4.7,38,1421,65.6,4.5,1017.4,1031.9,841,1023.4,2351,1027.7,10.7,6.9,,,,,,,,,6.6,4.5,1.9,-14.7,,,,,,,,,,,,,,,2023,2,6,40,1,0,0,0
278,의성,2023-02-10,2.7,-1.5,2228,6.7,1620,,,,,,4.0,4.1,290,1748,2.2,270,1750,0.5,433,230,1.8,77,1739,94.4,7.0,1009.5,1023.4,1,1017.6,1436,1019.7,10.7,0.0,,,,,,,,,6.8,6.0,1.6,-9.1,,,,,,,,,,,,,,,2023,2,6,41,1,0,0,1
278,의성,2023-02-11,0.6,-2.6,618,7.2,1443,,,,,,,2.8,360,933,1.5,110,611,0.4,338,110,-0.5,66,1547,93.6,5.9,1013.1,1025.1,1032,1022.1,105,1023.4,10.7,0.9,,,,,,,,,7.5,6.1,2.3,-9.5,,,,,,,,,,,,,,,2023,2,6,42,1,0,0,0
278,의성,2023-02-12,2.0,-2.9,602,8.5,1444,,,,,,,3.6,50,1537,2.2,50,1539,0.5,425,50,0.0,58,1433,88.4,6.2,1011.2,1025.9,837,1018.0,2353,1021.4,10.8,0.9,,,,,,,,,9.3,7.4,2.5,-3.0,,,,,,,,,,,,,,,2023,2,6,43,1,0,0,0
278,의성,2023-02-13,5.5,2.2,2240,8.7,1201,,,,,,,7.4,90,1022,3.8,90,1027,1.5,1259,70,0.5,55,1145,71.4,6.4,1007.5,1019.5,2346,1015.9,1452,1017.6,10.8,0.3,,,,,,,,,8.3,6.6,4.1,-3.9,,,,,,,,,,,,,,,2023,2,7,44,1,0,0,0
278,의성,2023-02-14,3.0,-2.3,726,9.8,1439,,,,,,,8.9,90,1720,4.1,90,1726,1.0,881,70,-2.5,38,1448,69.8,5.1,1011.3,1025.7,2330,1018.7,1430,1021.4,10.8,4.9,,,,,,,,,8.6,7.5,4.4,-8.5,,,,,,,,,,,,,,,2023,2,7,45,1,0,0,0
278,의성,2023-02-15,2.6,-0.5,722,5.7,1307,,,,,,,6.4,50,1018,3.3,90,1025,1.3,1082,50,-3.3,51,1308,65.6,4.8,1019.1,1032.6,2320,1025.3,1,1029.4,10.9,1.6,,,,,,,,,7.5,6.9,2.7,-5.0,,,,,,,,,,,,,,,2023,2,7,46,1,0,0,0
278,의성,2023-02-16,1.8,-3.7,2356,8.8,1507,,,,,,,6.2,250,1511,3.1,250,1515,0.8,706,290,-2.8,50,1508,73.1,5.0,1019.8,1032.5,1,1027.8,1721,1030.1,10.9,1.1,,,,,,,,,4.0,3.8,3.2,-10.9,,,,,,,,,,,,,,,2023,2,7,47,1,0,0,0
278,의성,2023-02-17,2.6,-5.2,546,10.4,1559,,,,,,,3.3,230,1634,1.9,250,1635,0.5,402,230,-4.7,27,1613,64.3,4.3,1016.9,1030.3,812,1024.5,1552,1027.2,10.9,5.0,,,,,,,,,4.6,3.1,3.7,-11.4,,,,,,,,,,,,,,,2023,2,7,48,1,0,0,0
278,의성,2023-02-18,5.5,2.3,20,8.1,1511,,,,,,0.0,3.2,20,1032,1.5,50,1035,0.2,162,20,-1.8,43,1554,60.1,5.4,1009.6,1025.3,21,1015.5,2357,1019.7,11.0,0.0,,,,,,,,,8.5,8.3,4.3,-0.2,,,,,,,,,,,,,,,2023,2,7,49,1,0,0,0
278,의성,2023-02-19,5.2,-2.6,2400,10.1,1250,,,,,,0.0,11.8,290,1454,6.1,290,1455,2.4,2063,290,-4.5,22,1749,53.1,4.7,1007.0,1022.4,2334,1013.9,410,1017.1,11.0,5.6,,,,,,,,,4.8,4.8,5.0,-10.0,,,,,,,,,,,,,,,2023,2,7,50,1,0,0,0
278,의성,2023-02-20,-0.9,-7.7,710,7.0,1406,,,,,,,15.0,340,1316,6.9,320,1317,2.1,1791,290,-11.5,17,1431,51.0,2.6,1014.2,1029.9,2338,1021.5,1428,1024.6,11.0,9.1,,,,,,,,,0.9,0.3,1.1,-13.9,,,,,,,,,,,,,,,2023,2,8,51,1,0,0,0
278,의성,2023-02-21,-2.4,-10.6,646,6.9,1540,,,,,,,4.7,230,1551,2.3,270,1557,0.6,525,200,-12.8,14,1421,51.9,2.3,1023.0,1035.5,843,1029.8,1,1033.5,11.1,9.8,,,,,,,,,0.0,0.0,1.0,-16.0,,,,,,,,,,,,,,,2023,2,8,52,1,0,0,0
278,의성,2023-02-22,0.9,-9.2,700,9.7,1558,,,,,,,7.4,290,1403,4.1,290,1424,0.8,696,200,-6.7,33,1447,60.9,3.8,1019.1,1035.0,136,1024.2,2338,1029.5,11.1,8.9,,,,,,,,,4.3,0.1,2.4,-13.8,,,,,,,,,,,,,,,2023,2,8,53,1,0,0,0
278,의성,2023-02-23,4.4,-1.5,641,11.6,1530,,,,,,,5.8,270,1600,2.9,250,1607,1.0,879,230,-5.9,27,1407,49.6,4.0,1012.3,1025.3,852,1019.5,1538,1022.4,11.2,9.3,,,,,,,,,3.9,2.0,4.5,-9.9,,,,,,,,,,,,,,,2023,2,8,54,1,0,0,0
278,의성,2023-02-24,3.1,-3.6,2347,12.3,1450,,,,,,,9.0,320,1455,5.0,320,1456,1.2,1035,270,-6.3,23,1516,53.8,3.8,1012.5,1026.5,2341,1019.8,1441,1022.7,11.2,7.2,,,,,,,,,4.3,3.0,4.3,-12.2,,,,,,,,,,,,,,,2023,2,8,55,1,0,0,0
278,의성,2023-02-25,-0.3,-7.8,717,8.6,1452,,,,,,,7.5,270,1657,3.9,250,1527,1.0,867,290,-9.9,23,1547,52.9,2.9,1019.7,1034.6,2354,1026.5,1,1030.1,11.2,10.0,,,,,,,,,0.8,0.0,3.0,-13.5,,,,,,,,,,,,,,,2023,2,8,56,1,0,0,0
278,의성,2023-02-26,-0.2,-9.1,657,10.9,1620,,,,,,,7.5,270,1411,2.8,230,1419,0.6,524,110,-10.9,15,1454,52.0,2.7,1025.2,1038.4,818,1032.9,1539,1035.7,11.3,10.0,,,,,,,,,0.0,0.0,3.3,-14.5,,,,,,,,,,,,,,,2023,2,8,57,1,0,0,0
278,의성,2023-02-27,2.1,-8.7,707,15.8,1556,,,,,,,4.4,250,1607,2.3,250,1339,0.6,484,20,-9.5,12,1549,48.9,3.0,1022.8,1037.3,816,1029.2,1721,1033.2,11.3,10.1,,,,,,,,,0.0,0.0,4.2,-13.9,,,,,,,,,,,,,,,2023,2,9,58,1,0,0,0
278,의성,2023-02-28,4.1,-7.2,635,16.4,1515,,,,,,,7.2,320,1442,3.9,270,1220,1.0,903,290,-8.6,11,1414,48.4,3.3,1015.7,1030.7,1,1021.3,1722,1025.9,11.3,10.1,,,,,,,,,1.5,0.0,5.1,-13.2,,,,,,,,,,,,,,,2023,2,9,59,1,0,0,0
278,의성,2023-03-01,5.3,-1.5,2358,13.2,1421,,,,,,,9.7,290,1552,5.3,290,1616,1.5,1311,290,-2.2,41,1528,59.8,5.3,1010.3,1024.4,127,1015.9,1508,1020.4,11.4,0.5,,,,,,,,,5.3,4.1,6.2,-10.5,,,,,,,,,,,,,,,2023,3,9,60,1,1,0,0
278,의성,2023-03-02,0.9,-6.4,645,8.7,1523,,,,,,,9.7,320,1405,4.1,290,1434,1.4,1188,290,-12.9,14,1552,41.5,2.3,1015.4,1028.1,2251,1022.2,1,1025.7,11.4,10.0,,,,,,,,,0.0,0.0,3.6,-13.7,,,,,,,,,,,,,,,2023,3,9,61,1,1,0,0
278,의성,2023-03-03,2.6,-7.9,651,14.2,1540,,,,,,,7.9,270,1338,4.4,270,1346,1.1,935,230,-8.8,19,1441,48.4,3.2,1016.5,1029.6,827,1022.9,1540,1026.8,11.5,10.1,,,,,,,,,0.0,0.0,4.5,-13.5,,,,,,,,,,,,,,,2023,3,9,62,1,1,0,0
278,의성,2023-03-04,5.0,-4.2,602,15.8,1516,,,,,,,4.1,110,1908,2.2,270,1635,0.6,518,270,-3.1,24,1517,61.1,4.9,1017.9,1029.8,901,1025.0,1612,1028.1,11.5,6.4,,,,,,,,,4.5,0.6,7.0,-9.8,,,,,,,,,,,,,,,2023,3,9,63,1,1,0,0
278,의성,2023-03-05,5.7,-2.7,657,16.2,1519,,,,,,,6.3,290,1520,2.6,250,1507,0.6,518,250,-1.7,25,1522,65.0,5.4,1016.6,1030.6,805,1022.7,1744,1026.7,11.5,9.8,,,,,,,,,0.6,0.1,7.3,-8.4,,,,,,,,,,,,,,,2023,3,9,64,1,1,0,0
278,의성,2023-03-06,6.5,-3.7,642,18.6,1518,,,,,,,7.1,320,1238,4.0,320,1316,1.0,850,290,-6.6,11,1519,50.1,3.8,1012.7,1026.3,812,1018.8,1554,1022.7,11.6,10.1,,,,,,,,,0.8,0.0,7.5,-9.9,,,,,,,,,,,,,,,2023,3,10,65,1,1,0,0
278,의성,2023-03-07,8.9,-2.3,610,21.8,1544,,,,,,,5.7,250,1627,3.4,230,1610,0.8,692,230,-2.4,24,1403,49.4,5.2,1010.1,1023.1,823,1016.3,1553,1020.0,11.6,8.3,,,,,,,,,0.9,0.3,9.4,-8.0,,,,,,,,,,,,,,,2023,3,10,66,1,1,0,0
278,의성,2023-03-08,10.2,-0.6,650,22.2,1511,,,,,,,5.4,250,1604,3.0,230,1621,0.6,524,270,-1.8,16,1538,50.5,5.4,1008.8,1021.9,801,1015.6,1643,1018.7,11.7,9.9,,,,,,,,,3.1,0.8,10.9,-6.7,,,,,,,,,,,,,,,2023,3,10,67,1,1,1,0
278,의성,2023-03-09,11.8,2.2,401,22.2,1433,,,,,,,9.1,290,1543,4.9,320,1546,1.2,1055,290,3.1,25,1626,58.6,7.8,1004.7,1018.0,35,1010.8,1426,1014.5,11.7,8.4,,,,,,,,,1.9,0.1,12.2,-3.4,,,,,,,,,,,,,,,2023,3,10,68,1,1,1,0
278,의성,2023-03-10,11.5,0.2,711,24.4,1535,,,,,,,5.1,270,1640,2.7,230,1451,0.6,538,360,-0.7,15,1513,51.1,5.8,1009.2,1021.2,820,1016.2,1701,1019.0,11.7,9.8,,,,,,,,,0.0,0.0,12.7,-5.8,,,,,,,,,,,,,,,2023,3,10,69,1,1,1,0
278,의성,2023-03-11,13.3,2.8,708,24.8,1426,,,,,,,6.1,270,1310,3.0,320,1304,0.6,511,270,3.3,21,1257,56.8,7.7,1011.4,1023.6,805,1018.9,1721,1021.2,11.8,7.1,,,,,,,,,5.0,0.4,13.6,-2.4,,,,,,,,,,,,,,,2023,3,10,70,1,1,1,0
278,의성,2023-03-12,7.8,1.6,2359,18.9,1034,,,,,,8.0,12.2,320,1340,6.8,320,1341,1.8,1575,290,2.4,46,1114,69.1,7.6,1008.2,1021.3,2307,1013.4,1137,1018.1,11.8,2.6,,,,,,,,,7.3,4.6,7.7,-2.5,,,,,,,,,,,,,,,2023,3,10,71,1,1,0,1
278,의성,2023-03-13,3.9,-2.3,701,10.4,1531,,,,,,,12.1,270,35,6.6,290,38,2.6,2225,270,-11.6,16,1316,34.1,2.7,1011.1,1024.1,738,1018.5,1613,1021.3,11.8,10.0,,,,,,,,,2.5,2.0,5.0,-10.4,,,,,,,,,,,,,,,2023,3,11,72,1,1,0,0
278,의성,2023-03-14,7.0,-1.8,338,18.8,1504,,,,,,,8.1,200,1646,4.2,250,1543,0.9,803,360,-4.5,14,1433,52.1,4.4,1008.8,1021.3,809,1014.9,1644,1018.8,11.9,8.2,,,,,,,,,4.4,4.4,8.3,-7.1,,,,,,,,,,,,,,,2023,3,11,73,1,1,0,0
278,의성,2023-03-15,11.5,-0.8,518,22.6,1534,,,,,,,11.9,230,1401,5.3,250,1219,1.6,1395,250,2.4,26,1538,59.9,7.5,1009.1,1021.7,746,1015.0,1537,1018.9,11.9,8.8,,,,,,,,,2.3,1.3,9.9,-6.9,,,,,,,,,,,,,,,2023,3,11,74,1,1,1,0
278,의성,2023-03-16,7.8,2.3,712,14.2,1607,,,,,,,9.6,320,53,5.1,290,101,1.6,1406,270,-9.2,11,1623,32.3,3.2,1016.1,1028.9,855,1020.5,1,1026.1,12.0,6.4,,,,,,,,,7.6,4.4,12.0,-2.9,,,,,,,,,,,,,,,2023,3,11,75,1,1,0,0
278,의성,2023-03-17,7.6,0.8,600,14.3,1516,,,,,,,4.8,160,1756,2.7,160,1610,0.7,599,360,-1.4,31,938,54.5,5.7,1012.8,1026.9,151,1019.0,2356,1022.8,12.0,1.7,,,,,,,,,9.3,8.3,10.1,-2.6,,,,,,,,,,,,,,,2023,3,11,76,1,1,0,0
278,의성,2023-03-18,9.2,3.1,2358,17.6,1604,,,,,,,7.9,270,1648,4.2,270,1704,1.1,982,270,-2.0,16,1552,51.8,5.5,1007.3,1019.0,1,1013.7,1551,1017.2,12.0,7.5,,,,,,,,,4.5,4.5,12.1,-4.4,,,,,,,,,,,,,,,2023,3,11,77,1,1,0,0
278,의성,2023-03-19,6.9,-2.6,654,18.0,1547,,,,,,,5.3,270,1235,2.5,270,1243,0.8,663,70,-4.6,14,1640,50.8,4.4,1008.8,1022.2,803,1015.6,1646,1018.8,12.1,10.7,,,,,,,,,0.0,0.0,10.8,-8.8,,,,,,,,,,,,,,,2023,3,11,78,1,1,0,0
278,의성,2023-03-20,8.7,-2.1,634,20.4,1544,,,,,,,6.2,270,1432,3.2,250,1504,0.8,698,250,-3.2,17,1602,49.0,4.9,1005.0,1018.6,733,1011.1,1643,1014.9,12.1,9.7,,,,,,,,,5.0,1.0,11.4,-7.3,,,,,,,,,,,,,,,2023,3,12,79,1,1,0,0
278,의성,2023-03-21,12.2,1.1,633,23.5,1608,,,,,,,4.8,180,1809,2.4,320,1350,0.6,556,360,0.1,21,1522,50.3,6.2,1001.9,1014.9,719,1007.7,1659,1011.6,12.1,9.7,,,,,,,,,2.0,0.1,15.0,-3.9,,,,,,,,,,,,,,,2023,3,12,80,1,1,1,0
278,의성,2023-03-22,13.8,2.7,552,23.3,1627,,,,,,1.2,6.6,340,1214,2.2,360,1217,0.6,542,50,8.0,50,1627,70.0,11.4,1000.5,1013.6,729,1007.2,1845,1010.2,12.2,3.0,,,,,,,,,5.5,3.1,15.8,-1.9,,,,,,,,,,,,,,,2023,3,12,81,1,1,1,1
278,의성,2023-03-23,15.0,13.4,2116,16.9,1424,,,,,,26.1,2.8,70,1438,1.7,50,1439,0.4,369,20,14.6,86,1504,98.3,16.7,996.1,1009.8,2328,1003.6,1325,1005.6,12.2,0.0,,,,,,,,,9.1,6.5,15.0,10.5,,,,,,,,,,,,,,,2023,3,12,82,1,0,1,1
278,의성,2023-03-24,12.3,9.2,2328,15.8,1252,,,,,,,6.1,70,1552,3.5,90,1600,1.5,1318,90,7.9,54,1402,76.3,10.9,1005.5,1020.1,2359,1009.5,8,1015.3,12.3,0.0,,,,,,,,,9.1,9.1,12.9,8.5,,,,,,,,,,,,,,,2023,3,12,83,1,0,1,0
278,의성,2023-03-25,9.6,7.8,411,12.0,1546,,,,,,,6.0,90,611,3.0,90,619,1.1,925,70,4.9,60,1643,73.1,8.7,1009.0,1021.2,846,1017.1,1758,1018.9,12.3,0.0,,,,,,,,,9.3,8.0,10.3,6.3,,,,,,,,,,,,,,,2023,3,12,84,1,0,0,0
278,의성,2023-03-26,10.0,1.1,2352,17.9,1443,,,,,,,7.1,270,1431,3.9,270,1658,1.1,990,270,2.0,22,1658,62.9,7.4,1005.8,1019.6,2356,1012.1,1557,1015.7,12.4,5.0,,,,,,,,,4.1,3.1,12.0,-6.0,,,,,,,,,,,,,,,2023,3,12,85,1,1,1,0
278,의성,2023-03-27,5.7,-3.6,632,15.5,1506,,,,,,,6.7,270,1333,3.2,230,1335,0.9,785,290,-5.4,17,1519,52.8,4.1,1010.7,1023.5,2400,1018.1,1634,1020.8,12.4,10.7,,,,,,,,,0.6,0.0,10.7,-9.5,,,,,,,,,,,,,,,2023,3,13,86,1,1,0,0
278,의성,2023-03-28,7.9,-2.8,618,18.4,1418,,,,,,,6.7,340,1440,3.9,320,1440,1.0,871,320,-2.0,19,1216,57.3,5.4,1013.1,1026.2,824,1020.2,1733,1023.2,12.4,9.4,,,,,,,,,1.1,0.4,12.1,-7.7,,,,,,,,,,,,,,,2023,3,13,87,1,1,0,0
278,의성,2023-03-29,10.0,-0.4,621,21.0,1502,,,,,,,5.5,230,1712,2.8,270,1551,0.7,639,230,-0.3,19,1641,58.1,6.0,1011.6,1024.8,744,1018.1,1705,1021.5,12.5,10.7,,,,,,,,,0.3,0.1,14.2,-5.2,,,,,,,,,,,,,,,2023,3,13,88,1,1,1,0
278,의성,2023-03-30,11.5,0.2,610,23.9,1347,,,,,,,7.0,250,1701,3.0,250,1648,0.8,667,230,-1.1,13,1530,50.5,5.7,1008.6,1021.6,701,1014.6,1701,1018.4,12.5,10.1,,,,,,,,,3.8,0.6,14.6,-4.2,,,,,,,,,,,,,,,2023,3,13,89,1,1,1,0
278,의성,2023-03-31,13.0,0.4,551,25.1,1449,,,,,,,5.6,230,1546,2.8,250,1539,0.7,628,230,-1.2,13,1532,47.0,5.7,1007.4,1019.9,727,1013.4,1725,1017.2,12.5,11.4,,,,,,,,,0.8,0.1,16.7,-5.1,,,,,,,,,,,,,,,2023,3,13,90,1,1,1,0
278,의성,2023-04-01,13.0,1.9,557,25.0,1355,,,,,,,7.5,90,1437,4.7,90,1710,1.1,967,70,0.8,18,1313,51.1,6.5,1006.7,1018.6,759,1012.9,1529,1016.5,12.6,11.3,,,,,,,,,0.0,0.0,16.7,-2.8,,,,,,,,,,,,,,,2023,4,13,91,1,0,1,0
278,의성,2023-04-02,12.1,3.2,622,21.4,1259,,,,,,,10.9,90,1320,5.3,140,1211,1.6,1374,90,0.9,19,1407,54.6,6.7,1010.4,1023.1,2345,1018.5,1,1020.2,12.6,11.4,,,,,,,,,0.6,0.1,16.3,-3.1,,,,,,,,,,,,,,,2023,4,13,92,1,0,1,0
278,의성,2023-04-03,11.8,1.3,609,22.5,1442,,,,,,,10.2,90,1516,4.8,90,1316,1.4,1245,90,0.8,17,1657,53.4,6.6,1013.6,1025.3,725,1020.7,1556,1023.4,12.6,11.2,,,,,,,,,1.6,0.0,16.3,-3.6,,,,,,,,,,,,,,,2023,4,14,93,1,0,1,0
278,의성,2023-04-04,13.6,4.1,617,23.3,1511,0.4,2218.0,1.6,2143.0,,2.9,5.7,270,1743,3.0,250,1741,1.0,832,20,6.1,27,1546,65.8,9.7,1010.4,1024.5,1,1016.1,1556,1020.1,12.7,4.2,,,,,,,,,9.5,5.4,16.8,-0.5,,,,,,,,,,,,,,,2023,4,14,94,1,0,1,1
278,의성,2023-04-05,15.0,12.3,44,16.5,1436,0.8,1505.0,2.2,1447.0,,14.5,9.4,140,1000,3.4,200,1106,1.5,1298,200,13.3,77,639,90.3,15.3,1000.2,1017.3,29,1005.4,1922,1009.9,12.7,0.0,,,,,,,,,9.8,8.0,14.2,11.1,,,,,,,,,,,,,,,2023,4,14,95,1,0,1,1
278,의성,2023-04-06,11.9,9.5,2335,15.8,1402,0.4,2201.0,1.7,2158.0,,2.8,8.7,320,1835,4.6,320,1449,2.0,1744,290,7.9,62,1359,77.3,10.6,1000.1,1011.7,2107,1008.0,1551,1009.9,12.8,1.0,,,,,,,,,9.0,8.8,13.8,8.6,,,,,,,,,,,,,,,2023,4,14,96,1,0,1,1
278,의성,2023-04-07,11.2,4.9,641,18.5,1514,0.4,31.0,1.7,17.0,,2.5,10.4,320,1343,5.2,270,1356,2.4,2070,290,1.7,21,2245,57.3,7.2,1002.5,1016.1,2344,1009.5,1513,1012.3,12.8,9.2,,,,,,,,,2.6,1.4,13.9,1.1,,,,,,,,,,,,,,,2023,4,14,97,1,0,1,1
278,의성,2023-04-08,7.9,-1.4,555,16.4,1501,,,,,,,15.2,270,1330,6.9,320,1150,2.7,2290,290,-5.1,13,1642,46.4,4.3,1007.8,1020.4,2349,1015.4,1612,1017.8,12.9,11.2,,,,,,,,,0.0,0.0,11.8,-6.3,,,,,,,,,,,,,,,2023,4,14,98,1,0,0,0
278,의성,2023-04-09,9.8,-2.1,543,20.6,1456,,,,,,,11.0,320,1535,4.5,290,1541,1.4,1221,290,-3.3,14,1524,48.0,4.9,1008.4,1021.8,718,1014.2,1721,1018.3,12.9,11.3,,,,,,,,,0.5,0.0,14.4,-7.1,,,,,,,,,,,,,,,2023,4,14,99,1,0,0,0
278,의성,2023-04-10,11.4,-1.1,619,22.9,1609,,,,,,,7.6,230,1513,3.8,230,1516,1.2,1013,250,-0.1,17,1220,52.6,6.2,1005.3,1019.0,712,1011.1,1819,1015.1,12.9,10.6,,,,,,,,,2.0,0.0,14.9,-5.6,,,,,,,,,,,,,,,2023,4,15,100,1,0,1,0
278,의성,2023-04-11,14.7,4.1,542,25.4,1406,1.7,1917.0,4.0,1853.0,,4.0,10.3,200,1103,5.3,200,1130,1.9,1618,230,8.6,39,1407,70.0,11.4,1000.9,1014.4,114,1005.7,1555,1010.6,13.0,4.0,,,,,,,,,5.9,2.3,16.7,-1.0,,,,,,,,,,,,,,,2023,4,15,101,1,0,1,1
278,의성,2023-04-12,10.6,2.1,620,18.7,1409,,,,,,,11.8,290,1345,6.4,290,1320,2.0,1717,290,-4.9,12,1258,44.6,4.7,1006.4,1019.8,2400,1012.7,1,1016.2,13.0,11.2,,,,,,,,,0.3,0.3,13.6,-3.2,,,,,,,,,,,,,,,2023,4,15,102,1,0,1,0
278,의성,2023-04-13,11.7,-1.0,428,23.8,1620,,,,,,,5.7,270,1506,2.7,290,1512,0.7,647,320,-3.0,11,1415,45.0,5.1,1006.9,1021.2,700,1012.2,1723,1016.7,13.0,9.0,,,,,,,,,3.3,1.0,15.1,-5.2,,,,,,,,,,,,,,,2023,4,15,103,1,0,1,0
278,의성,2023-04-14,13.7,4.1,551,21.6,1543,0.0,,0.0,,,0.0,4.1,200,1448,2.4,230,1456,0.6,480,90,1.4,16,1546,48.5,6.9,1003.1,1016.5,823,1009.4,2336,1012.8,13.1,2.3,,,,,,,,,6.9,6.1,15.8,-0.3,,,,,,,,,,,,,,,2023,4,15,104,1,0,1,0
278,의성,2023-04-15,11.6,7.4,2141,17.2,1341,0.4,1513.0,0.6,1618.0,,1.3,6.0,320,1510,3.0,290,1459,0.5,454,290,9.0,54,1407,85.9,11.5,994.4,1009.5,1,1001.6,1353,1004.1,13.1,0.3,,,,,,,,,7.9,7.1,11.8,2.5,,,,,,,,,,,,,,,2023,4,15,105,1,0,1,1
278,의성,2023-04-16,10.2,5.0,627,17.3,1337,0.0,,0.0,,,0.0,9.1,320,1501,5.5,320,1510,1.1,940,20,4.2,30,1435,72.6,8.3,995.1,1011.2,2400,1001.8,217,1004.8,13.2,1.4,,,,,,,,,6.4,4.9,11.8,0.4,,,,,,,,,,,,,,,2023,4,15,106,1,0,1,0
278,의성,2023-04-17,12.0,1.1,537,21.3,1629,,,,,,,5.7,250,1247,3.1,270,1413,0.8,688,320,1.0,18,1631,56.5,6.7,1005.1,1016.7,2310,1011.2,1,1014.9,13.2,10.2,,,,,,,,,2.4,1.3,16.2,-2.6,,,,,,,,,,,,,,,2023,4,16,107,1,0,1,0
278,의성,2023-04-18,12.1,10.0,2351,14.0,1457,1.6,1104.0,2.5,1014.0,,2.9,5.1,360,1116,2.9,360,1122,0.7,609,360,9.6,62,134,85.6,12.1,1001.7,1016.5,1,1009.8,1326,1011.5,13.2,0.0,,,,,,,,,8.5,7.0,13.1,5.6,,,,,,,,,,,,,,,2023,4,16,108,1,0,1,1
278,의성,2023-04-19,17.5,9.7,25,26.9,1501,,,,,,,6.4,230,1632,3.6,230,1638,1.2,1022,360,12.5,32,1537,76.9,14.5,1000.3,1012.7,939,1006.1,1542,1009.8,13.2,7.7,,,,,,,,,5.4,5.4,18.5,9.6,,,,,,,,,,,,,,,2023,4,16,109,1,0,1,0
278,의성,2023-04-20,19.4,12.3,242,28.4,1555,,,,,,,7.7,250,1354,4.1,270,1245,1.4,1170,290,14.1,42,1556,75.0,16.1,998.6,1009.8,1,1004.5,1556,1008.0,13.3,6.0,,,,,,,,,5.1,3.1,21.2,8.4,,,,,,,,,,,,,,,2023,4,16,110,1,0,1,0
278,의성,2023-04-21,14.6,9.0,2355,20.0,1155,,,,,,,8.9,50,1354,5.3,50,1358,1.9,1610,70,6.5,33,959,62.6,9.9,1002.5,1016.7,2350,1008.5,408,1012.2,13.3,2.0,,,,,,,,,5.5,5.0,16.8,4.4,,,,,,,,,,,,,,,2023,4,16,111,1,0,1,0
278,의성,2023-04-22,13.3,5.3,558,20.3,1305,,,,,,,8.4,90,1542,4.2,90,1334,1.4,1226,90,2.4,19,1406,52.5,7.3,1010.2,1022.9,2400,1016.7,1,1020.0,13.4,8.4,,,,,,,,,4.4,2.9,18.5,0.6,,,,,,,,,,,,,,,2023,4,16,112,1,0,1,0
278,의성,2023-04-23,12.9,3.7,559,20.9,1516,,,,,,,7.4,180,1621,3.0,140,1635,1.0,891,20,2.7,24,1300,55.8,7.5,1013.3,1025.3,650,1020.7,1458,1023.1,13.4,5.4,,,,,,,,,6.6,5.5,19.5,-0.5,,,,,,,,,,,,,,,2023,4,16,113,1,0,1,0
278,의성,2023-04-24,11.8,4.9,2341,18.2,1236,,,,,,,6.9,160,1640,3.3,110,1606,1.2,1040,110,3.7,34,1228,60.9,8.0,1014.1,1026.0,830,1022.3,1553,1023.9,13.4,2.1,,,,,,,,,7.5,2.6,16.9,-0.4,,,,,,,,,,,,,,,2023,4,17,114,1,0,1,0
278,의성,2023-04-25,7.9,3.3,137,10.4,1342,0.3,823.0,1.0,825.0,,4.1,2.6,320,816,1.5,50,1147,0.5,421,270,6.5,79,812,91.8,9.8,1005.7,1023.4,3,1010.8,1906,1015.6,13.5,0.0,,,,,,,,,9.8,7.9,10.3,-1.2,,,,,,,,,,,,,,,2023,4,17,115,1,0,0,1
278,의성,2023-04-26,10.1,3.1,2358,17.8,1544,,,,,,,11.1,320,1421,5.5,270,1413,1.6,1410,290,4.9,36,1531,74.9,8.8,1003.1,1018.6,2400,1009.7,1350,1012.9,13.5,6.6,,,,,,,,,2.8,2.1,14.8,-1.3,,,,,,,,,,,,,,,2023,4,17,116,1,0,1,0
278,의성,2023-04-27,11.9,-0.3,536,23.7,1533,,,,,,,6.6,250,1434,2.9,270,1509,0.8,727,290,3.3,19,1539,63.6,7.8,1009.7,1022.1,717,1016.8,1626,1019.5,13.5,11.8,,,,,,,,,0.8,0.5,18.2,-3.8,,,,,,,,,,,,,,,2023,4,17,117,1,0,1,0
278,의성,2023-04-28,16.6,4.0,558,25.6,1618,,,,,,,7.8,270,1409,3.6,270,1413,1.4,1181,200,5.6,19,1325,56.5,9.3,1005.8,1019.8,547,1010.8,1727,1015.4,13.6,12.1,,,,,,,,,2.4,1.8,22.0,-1.8,,,,,,,,,,,,,,,2023,4,17,118,1,0,1,0
278,의성,2023-04-29,15.6,11.7,2250,20.6,1125,1.1,1243.0,2.0,1201.0,,5.4,9.3,320,1933,4.5,290,1954,1.5,1265,270,12.4,63,2043,82.5,14.8,996.4,1012.7,1,1003.0,1429,1006.0,13.6,0.0,,,,,,,,,9.3,6.9,15.4,9.5,,,,,,,,,,,,,,,2023,4,17,119,1,0,1,1
278,의성,2023-04-30,13.3,5.0,549,22.2,1532,,,,,,,12.5,340,1554,6.0,320,1444,2.1,1820,290,3.6,24,1731,58.0,7.9,999.7,1011.3,2350,1007.0,5,1009.3,13.6,12.1,,,,,,,,,0.9,0.1,17.7,-1.2,,,,,,,,,,,,,,,2023,4,17,120,1,0,1,0
278,의성,2023-05-01,13.4,4.8,539,21.7,1451,,,,,,,11.4,340,1149,5.6,340,1149,1.6,1418,270,2.0,20,1152,54.3,7.1,1006.3,1021.5,2351,1011.0,120,1016.0,13.7,11.6,,,,,,,,,1.5,0.9,19.4,-0.8,,,,,,,,,,,,,,,2023,5,18,121,0,0,1,0
278,의성,2023-05-02,14.4,2.0,551,25.4,1539,,,,,,,5.1,270,1512,2.5,340,1500,0.7,594,320,3.1,20,1123,54.6,7.7,1012.5,1024.9,737,1019.4,1853,1022.3,13.7,9.8,,,,,,,,,5.5,0.9,19.9,-2.4,,,,,,,,,,,,,,,2023,5,18,122,0,0,1,0
278,의성,2023-05-03,18.2,8.9,531,26.7,1355,,,,,,,6.6,250,1321,3.4,250,1324,1.2,1002,230,7.4,18,1316,55.5,10.5,1010.6,1023.3,749,1016.9,1657,1020.2,13.7,9.4,,,,,,,,,7.8,3.4,25.1,4.7,,,,,,,,,,,,,,,2023,5,18,123,0,0,1,0
278,의성,2023-05-04,18.5,10.7,542,25.5,1429,0.0,,0.0,,,0.0,7.8,200,1411,4.2,250,1630,1.3,1158,200,12.1,44,1352,68.8,14.1,1004.9,1019.7,5,1010.8,2352,1014.4,13.8,4.7,,,,,,,,,7.5,3.0,23.2,8.1,,,,,,,,,,,,,,,2023,5,18,124,0,0,1,0
278,의성,2023-05-05,18.7,16.2,128,21.0,1038,1.6,2146.0,4.8,1849.0,,37.0,5.7,200,1041,2.8,200,1048,0.7,562,230,18.4,78,1,98.4,21.2,994.9,1010.8,1,1001.1,1851,1004.3,13.8,0.0,,,,,,,,,9.9,7.9,19.4,15.3,,,,,,,,,,,,,,,2023,5,18,125,0,0,1,1
278,의성,2023-05-06,14.1,10.8,2337,19.7,143,2.7,46.0,6.6,20.0,,30.4,8.6,50,1304,3.4,70,1320,1.5,1327,70,12.8,78,1418,91.8,15.0,996.9,1012.0,2214,1000.3,329,1006.5,13.8,0.0,,,,,,,,,8.9,6.8,15.8,10.0,,,,,,,,,,,,,,,2023,5,18,126,0,0,1,1
278,의성,2023-05-07,10.9,5.1,2354,15.4,1129,0.3,1353.0,0.6,1333.0,,1.0,7.2,90,1138,3.7,70,1141,0.9,815,20,7.6,45,1138,82.8,10.5,1002.2,1014.2,2337,1010.4,1756,1012.0,13.9,0.0,,,,,,,,,7.9,5.5,13.0,0.5,,,,,,,,,,,,,,,2023,5,18,127,0,0,1,1
278,의성,2023-05-08,12.1,1.9,510,22.8,1536,,,,,,,7.9,90,1124,4.0,50,1222,1.0,875,20,3.6,19,1424,66.9,8.0,1006.0,1017.9,710,1014.1,1,1015.8,13.9,9.7,,,,,,,,,4.0,1.6,17.2,-1.7,,,,,,,,,,,,,,,2023,5,19,128,0,0,1,0
278,의성,2023-05-09,14.7,2.6,517,27.2,1554,,,,,,,7.0,270,1743,3.8,270,1714,1.0,905,290,5.5,19,1600,62.4,9.1,1005.5,1018.4,703,1011.1,1653,1015.1,13.9,12.3,,,,,,,,,1.1,0.1,20.5,-1.8,,,,,,,,,,,,,,,2023,5,19,129,0,0,1,0
278,의성,2023-05-10,16.5,5.7,526,26.8,1354,,,,,,,5.2,270,1501,2.7,270,1502,0.8,722,290,6.0,21,1356,58.3,9.4,1005.9,1017.9,2333,1012.5,1651,1015.5,13.9,12.6,,,,,,,,,3.9,0.5,22.5,0.9,,,,,,,,,,,,,,,2023,5,19,130,0,0,1,0
278,의성,2023-05-11,15.6,5.6,453,25.8,1455,,,,,,,6.1,110,1739,3.3,110,1740,1.0,875,160,8.0,38,1618,64.3,10.9,1008.7,1020.3,655,1015.9,1614,1018.4,14.0,10.1,,,,,,,,,3.0,0.8,23.5,1.0,,,,,,,,,,,,,,,2023,5,19,131,0,0,1,0
278,의성,2023-05-12,17.4,7.4,443,26.6,1551,,,,,,,4.8,230,1626,2.5,250,1826,0.8,665,200,7.3,26,1416,57.0,10.3,1006.6,1019.7,16,1012.1,1726,1016.2,14.0,8.8,,,,,,,,,7.5,6.3,23.9,4.2,,,,,,,,,,,,,,,2023,5,19,132,0,0,1,0
278,의성,2023-05-13,16.9,11.6,559,25.8,1429,4.2,1751.0,7.3,1748.0,,12.5,8.8,50,1750,5.0,50,1755,1.1,926,360,11.1,37,1434,73.0,13.2,1002.0,1015.6,31,1007.3,1711,1011.6,14.0,8.9,,,,,,,,,6.0,3.3,25.4,8.8,,,,,,,,,,,,,,,2023,5,19,133,0,0,1,1
278,의성,2023-05-14,16.9,9.6,543,26.5,1512,,,,,,,6.3,270,1731,3.4,250,1529,0.9,811,290,10.2,25,1403,72.4,12.5,998.7,1010.8,625,1005.2,1703,1008.2,14.1,9.7,,,,,,,,,3.4,2.5,21.9,7.8,,,,,,,,,,,,,,,2023,5,19,134,0,0,1,0
278,의성,2023-05-15,18.7,8.2,521,28.6,1631,,,,,,,5.9,250,1125,3.1,290,1257,1.0,822,270,10.4,27,1537,65.9,12.6,998.4,1009.6,815,1005.0,1756,1007.8,14.1,12.4,,,,,,,,,0.8,0.0,25.1,4.0,,,,,,,,,,,,,,,2023,5,20,135,0,0,1,0
278,의성,2023-05-16,21.5,11.1,508,33.0,1607,,,,,,,6.4,320,1256,3.6,270,1329,1.0,898,270,12.8,26,1608,65.0,14.9,1000.7,1012.8,2400,1007.2,1700,1010.1,14.1,11.6,,,,,,,,,1.6,0.0,27.1,7.2,,,,,,,,,,,,,,,2023,5,20,136,0,0,1,0
278,의성,2023-05-17,22.2,10.8,525,33.1,1520,,,,,,,8.3,180,1458,3.9,250,1656,1.2,1046,250,11.7,19,1319,59.9,13.9,1002.7,1014.8,727,1009.1,1726,1012.1,14.1,12.5,,,,,,,,,2.3,0.0,28.7,5.8,,,,,,,,,,,,,,,2023,5,20,137,0,0,1,0
278,의성,2023-05-18,17.4,14.4,401,20.8,1124,0.3,1603.0,0.8,1526.0,,2.3,4.1,110,1351,2.4,50,1557,0.8,711,50,14.8,61,1300,86.0,16.9,1001.5,1013.2,728,1008.9,1857,1011.0,14.2,0.0,,,,,,,,,9.4,6.1,19.0,10.8,,,,,,,,,,,,,,,2023,5,20,138,0,0,1,1
278,의성,2023-05-19,18.8,12.7,2346,24.6,1446,,,,,,,8.2,50,850,4.0,90,1238,1.6,1383,50,13.8,49,1704,75.5,15.8,999.4,1011.5,2330,1007.1,339,1008.8,14.2,3.3,,,,,,,,,5.3,4.9,20.8,8.1,,,,,,,,,,,,,,,2023,5,20,139,0,0,1,0
278,의성,2023-05-20,19.8,9.8,531,28.2,1527,,,,,,,5.3,290,1530,2.8,270,1257,1.0,846,270,12.6,35,1529,67.5,14.7,1000.2,1013.1,730,1006.2,1838,1009.6,14.2,11.8,,,,,,,,,2.1,0.3,26.5,5.7,,,,,,,,,,,,,,,2023,5,20,140,0,0,1,0
278,의성,2023-05-21,19.8,13.1,528,27.4,1519,,,,,,,8.9,290,1507,4.9,320,1500,1.6,1387,250,12.0,22,1523,65.0,14.1,998.2,1009.2,4,1005.9,1410,1007.6,14.2,9.8,,,,,,,,,5.9,1.1,26.6,8.9,,,,,,,,,,,,,,,2023,5,20,141,0,0,1,0
278,의성,2023-05-22,16.4,11.4,2347,21.2,1607,0.1,,0.1,,,0.1,4.1,140,1705,2.1,200,1401,0.7,598,50,11.7,52,1722,75.1,13.8,998.2,1009.3,2327,1006.6,1706,1007.7,14.3,2.1,,,,,,,,,6.5,3.8,19.1,7.1,,,,,,,,,,,,,,,2023,5,21,142,0,0,1,0
278,의성,2023-05-23,16.8,8.8,512,25.7,1409,,,,,,,7.6,70,1447,4.4,90,1510,1.1,929,20,8.6,21,1342,64.1,11.2,1000.2,1013.1,2320,1007.6,1439,1009.8,14.3,10.9,,,,,,,,,2.4,1.8,25.0,3.4,,,,,,,,,,,,,,,2023,5,21,143,0,0,1,0
278,의성,2023-05-24,17.5,7.4,535,26.2,1542,,,,,,,5.7,290,1511,2.5,250,1251,0.7,624,230,8.3,24,1157,61.6,11.0,1004.7,1016.2,2336,1012.4,1657,1014.3,14.3,5.8,,,,,,,,,5.4,2.0,24.3,2.9,,,,,,,,,,,,,,,2023,5,21,144,0,0,1,0
278,의성,2023-05-25,20.7,12.9,532,28.8,1444,,,,,,,5.5,290,1429,2.8,270,1325,1.0,837,200,9.2,24,1433,51.6,11.6,1005.7,1017.5,828,1012.3,1751,1015.1,14.3,7.1,,,,,,,,,7.0,4.6,29.1,10.7,,,,,,,,,,,,,,,2023,5,21,145,0,0,1,0
278,의성,2023-05-26,21.4,15.1,458,27.4,1603,,,,,,,5.3,230,1323,3.2,270,1554,1.0,852,250,12.0,39,1237,57.4,14.1,1007.9,1018.9,832,1015.7,1,1017.3,14.4,6.5,,,,,,,,,8.1,3.0,28.1,12.3,,,,,,,,,,,,,,,2023,5,21,146,0,0,1,0
278,의성,2023-05-27,22.1,17.4,539,26.0,1433,0.0,,0.0,,,0.0,6.3,230,1250,3.5,230,1232,1.0,822,230,16.5,54,1919,71.5,18.8,1007.3,1018.8,550,1014.5,1731,1016.7,14.4,0.4,,,,,,,,,9.4,7.4,26.5,15.6,,,,,,,,,,,,,,,2023,5,21,147,0,0,1,0
278,의성,2023-05-28,20.7,19.1,539,22.4,110,0.9,2132.0,4.0,2104.0,,18.1,3.8,230,400,1.9,230,403,0.5,401,230,19.7,67,1,95.3,23.1,1003.1,1015.3,1,1010.7,1823,1012.5,14.4,0.0,,,,,,,,,9.8,5.1,21.5,18.4,,,,,,,,,,,,,,,2023,5,21,148,0,0,1,1
278,의성,2023-05-29,20.2,16.1,2400,21.8,1156,1.7,47.0,7.1,343.0,,51.4,4.2,50,1228,1.9,20,1314,0.5,408,50,19.9,91,1752,99.3,23.4,1000.5,1012.2,2233,1008.8,600,1009.9,14.4,0.0,,,,,,,,,8.6,5.8,21.0,12.4,,,,,,,,,,,,,,,2023,5,22,149,0,0,1,1
278,의성,2023-05-30,18.9,14.7,437,24.3,1437,0.0,,0.0,,,0.0,6.3,90,1710,3.4,90,1648,1.1,936,90,15.5,60,1438,82.4,17.7,1001.4,1011.9,733,1009.6,1406,1010.8,14.4,0.2,,,,,,,,,7.5,6.6,21.1,11.9,,,,,,,,,,,,,,,2023,5,22,150,0,0,1,0
278,의성,2023-05-31,19.4,11.6,457,27.8,1515,,,,,,,6.0,200,1527,3.4,230,1539,1.0,893,180,10.5,26,1746,63.4,12.8,1001.3,1012.9,853,1008.2,1808,1010.8,14.4,12.7,,,,,,,,,3.4,1.6,24.8,7.8,,,,,,,,,,,,,,,2023,5,22,151,0,0,1,0
278,의성,2023-06-01,18.4,11.5,517,24.7,1444,0.5,2342.0,0.5,,,0.5,4.0,230,1441,1.9,230,1503,0.7,569,230,12.8,46,1051,72.4,15.0,996.5,1010.9,1,1002.7,1745,1006.0,14.5,1.3,,,,,,,,,8.5,5.8,21.9,9.8,,,,,,,,,,,,,,,2023,6,22,152,0,0,1,0
278,의성,2023-06-02,22.4,16.5,2400,29.6,1512,1.0,127.0,1.7,49.0,,1.9,8.1,290,1415,4.6,290,1415,1.3,1122,290,16.2,34,1517,72.9,18.5,991.3,1004.0,2346,998.4,1330,1000.5,14.5,8.8,,,,,,,,,5.5,2.3,27.4,13.6,,,,,,,,,,,,,,,2023,6,22,153,0,0,1,1
278,의성,2023-06-03,21.0,13.9,535,29.1,1452,,,,,,,9.2,290,1517,4.7,290,1436,1.5,1309,290,12.5,27,1436,64.0,14.6,997.2,1009.6,2327,1004.0,1,1006.6,14.5,11.4,,,,,,,,,2.5,0.1,27.7,10.8,,,,,,,,,,,,,,,2023,6,22,154,0,0,1,0
278,의성,2023-06-04,21.1,11.5,514,29.5,1511,,,,,,,9.4,360,1428,4.9,270,1317,1.5,1298,320,10.2,24,1457,55.4,12.5,999.9,1010.9,632,1007.3,1608,1009.3,14.5,12.8,,,,,,,,,5.9,0.1,28.8,8.9,,,,,,,,,,,,,,,2023,6,22,155,0,0,1,0
278,의성,2023-06-05,21.2,12.7,525,28.6,1421,,,,,,,7.8,250,1317,4.3,250,1442,1.5,1308,270,13.6,38,1216,65.3,15.6,1000.2,1011.3,537,1007.4,1642,1009.6,14.5,10.8,,,,,,,,,6.9,0.5,28.4,9.4,,,,,,,,,,,,,,,2023,6,23,156,0,0,1,0
278,의성,2023-06-06,21.2,14.0,508,29.2,1639,,,,,,,9.5,290,1257,3.3,270,1732,1.2,1002,230,14.2,36,1527,68.4,16.2,996.3,1009.6,4,1002.3,1632,1005.7,14.5,11.2,,,,,,,,,3.8,0.4,29.2,10.4,,,,,,,,,,,,,,,2023,6,23,157,0,0,1,0
278,의성,2023-06-07,21.1,14.0,430,27.8,1641,,,,,,,5.5,290,1416,3.0,320,1005,1.0,873,250,16.1,52,1328,75.8,18.4,998.4,1009.6,816,1006.0,1743,1007.8,14.6,5.6,,,,,,,,,6.6,1.4,27.6,9.2,,,,,,,,,,,,,,,2023,6,23,158,0,0,1,0
278,의성,2023-06-08,22.5,16.8,2347,30.8,1444,0.0,,0.0,,,0.0,8.3,230,1413,4.2,250,1417,1.1,966,250,15.9,27,1335,72.0,18.1,994.4,1007.1,6,1000.5,1605,1003.6,14.6,6.7,,,,,,,,,8.0,4.4,30.2,13.3,,,,,,,,,,,,,,,2023,6,23,159,0,0,1,0
278,의성,2023-06-09,22.1,15.6,259,29.7,1527,,,,,,,9.5,320,948,3.9,290,1419,1.3,1089,270,13.1,26,1632,63.5,15.3,993.8,1005.2,2203,1001.7,119,1003.0,14.6,11.2,,,,,,,,,1.4,0.3,29.6,11.5,,,,,,,,,,,,,,,2023,6,23,160,0,0,1,0
278,의성,2023-06-10,20.9,14.0,453,32.5,1528,11.4,1805.0,18.5,1758.0,,19.2,11.1,340,1815,5.9,320,1816,1.0,862,360,15.3,29,1344,75.5,17.5,995.6,1006.3,516,1001.6,1628,1004.9,14.6,6.2,,,,,,,,,7.1,4.9,28.6,10.4,,,,,,,,,,,,,,,2023,6,23,161,0,0,1,1
278,의성,2023-06-11,22.1,17.0,351,29.7,1516,10.1,1851.0,20.2,1810.0,,21.6,10.5,290,1816,6.4,320,1817,1.1,966,230,18.3,50,1420,82.3,21.0,995.1,1006.3,2224,1000.9,1719,1004.4,14.6,6.3,,,,,,,,,5.9,3.4,25.9,15.1,,,,,,,,,,,,,,,2023,6,23,162,0,0,1,1
278,의성,2023-06-12,22.5,18.0,245,29.5,1614,,,,,,,5.1,180,2057,2.3,160,1757,1.0,832,160,18.1,39,1622,78.9,20.8,995.2,1007.0,848,1001.6,1811,1004.5,14.6,7.3,,,,,,,,,6.1,4.8,24.9,17.1,,,,,,,,,,,,,,,2023,6,24,163,0,0,1,0
278,의성,2023-06-13,22.6,16.7,521,29.8,1644,,,,,,,4.7,250,1514,2.5,230,1245,1.0,826,340,16.5,36,1605,72.4,18.7,993.9,1004.8,622,1000.6,1718,1003.2,14.6,7.8,,,,,,,,,4.9,1.5,27.8,14.2,,,,,,,,,,,,,,,2023,6,24,164,0,0,1,0
278,의성,2023-06-14,20.3,14.7,545,29.1,1421,16.7,1850.0,26.9,1827.0,,29.2,6.5,160,1742,3.0,90,1859,1.0,880,20,15.7,38,1305,79.4,17.9,995.8,1008.2,2226,1002.8,1554,1005.2,14.6,7.6,,,,,,,,,5.5,1.8,26.3,12.2,,,,,,,,,,,,,,,2023,6,24,165,0,0,1,1
278,의성,2023-06-15,19.1,14.9,524,26.9,1417,1.3,1659.0,1.6,1657.0,,1.6,9.2,360,1646,4.7,20,1654,0.8,732,70,16.1,48,1435,84.8,18.3,998.8,1010.3,2355,1006.3,1327,1008.2,14.6,4.9,,,,,,,,,5.0,2.8,23.6,12.8,,,,,,,,,,,,,,,2023,6,24,166,0,0,1,1
278,의성,2023-06-16,22.2,14.3,544,31.3,1629,,,,,,,5.5,270,1523,2.8,270,1530,0.9,793,360,17.1,42,1630,77.6,19.6,1002.2,1013.6,904,1009.4,1741,1011.6,14.6,10.5,,,,,,,,,1.4,0.5,26.8,12.9,,,,,,,,,,,,,,,2023,6,24,167,0,0,1,0
278,의성,2023-06-17,24.5,15.7,515,33.4,1532,,,,,,,4.5,230,1255,2.6,270,1424,1.0,831,230,17.4,34,1445,70.0,19.9,1001.4,1013.7,547,1008.1,1715,1010.7,14.6,10.2,,,,,,,,,4.6,0.1,30.7,12.4,,,,,,,,,,,,,,,2023,6,24,168,0,0,1,0
278,의성,2023-06-18,24.8,18.4,505,34.0,1523,,,,,,,6.1,90,1811,3.2,90,1813,0.9,759,360,17.7,40,1537,69.3,20.3,996.9,1009.2,1,1003.1,1621,1006.1,14.6,8.6,,,,,,,,,4.4,0.5,30.7,17.3,,,,,,,,,,,,,,,2023,6,24,169,0,0,1,0
278,의성,2023-06-19,23.8,16.5,537,32.7,1353,,,,,,,6.2,140,1357,3.3,140,1404,1.2,1013,160,16.3,35,1354,67.8,18.6,997.5,1008.4,2140,1004.3,1509,1006.7,14.7,10.8,,,,,,,,,3.6,0.1,31.2,14.1,,,,,,,,,,,,,,,2023,6,25,170,0,0,1,0
278,의성,2023-06-20,22.4,16.0,513,28.7,1244,,,,,,,5.6,140,1141,2.9,140,1113,1.1,967,110,15.7,43,1248,68.1,17.8,996.1,1008.5,25,1003.4,2338,1005.4,14.6,4.4,,,,,,,,,7.5,3.4,27.0,14.0,,,,,,,,,,,,,,,2023,6,25,171,0,0,1,0
278,의성,2023-06-21,20.6,18.0,253,23.1,1737,4.8,242.0,13.3,205.0,,22.1,2.7,340,1014,1.5,340,1156,0.5,472,360,20.0,67,19,96.8,23.4,991.7,1003.7,30,999.0,1531,1001.0,14.6,0.0,,,,,,,,,7.3,5.9,22.3,17.6,,,,,,,,,,,,,,,2023,6,25,172,0,0,1,1
278,의성,2023-06-22,22.4,18.6,542,28.0,1512,0.0,,0.0,,,0.0,6.5,270,1356,3.6,320,1356,1.2,1020,250,18.9,54,1510,82.8,21.8,993.2,1005.0,2359,1001.0,1456,1002.4,14.6,1.7,,,,,,,,,6.4,4.3,24.8,16.3,,,,,,,,,,,,,,,2023,6,25,173,0,0,1,0
278,의성,2023-06-23,24.0,16.2,525,31.0,1626,,,,,,,8.0,250,1146,2.4,180,1947,0.9,772,230,17.4,42,1459,70.5,19.8,999.4,1012.7,2327,1004.8,32,1008.7,14.7,11.7,,,,,,,,,2.8,1.1,29.5,14.3,,,,,,,,,,,,,,,2023,6,25,174,0,0,1,0
278,의성,2023-06-24,24.8,17.7,455,32.1,1505,,,,,,,4.7,200,1850,2.7,200,1840,0.9,800,200,18.3,42,1530,70.8,21.0,1004.2,1015.1,802,1011.3,1705,1013.5,14.7,10.0,,,,,,,,,4.6,0.8,32.7,16.1,,,,,,,,,,,,,,,2023,6,25,175,0,0,1,0
278,의성,2023-06-25,24.4,17.6,517,31.2,1436,0.0,,0.0,,,0.0,4.8,140,1447,2.2,200,1456,0.9,784,140,18.8,46,1552,73.4,21.7,1002.8,1014.7,38,1009.7,1721,1012.1,14.6,3.9,,,,,,,,,7.8,1.1,32.4,16.0,,,,,,,,,,,,,,,2023,6,25,176,0,0,1,0
278,의성,2023-06-26,23.9,20.7,445,27.5,1518,2.1,357.0,6.3,622.0,,32.3,5.9,230,1532,2.9,200,1532,0.7,578,230,22.8,81,1521,94.4,27.8,998.3,1010.8,1,1005.8,1729,1007.6,14.6,0.0,,,,,,,,,9.9,5.5,25.6,20.3,,,,,,,,,,,,,,,2023,6,26,177,0,0,1,1
278,의성,2023-06-27,26.7,23.4,22,31.9,1445,4.4,437.0,6.7,406.0,,22.7,7.6,290,941,3.8,290,1002,1.4,1203,290,22.1,48,1436,78.8,26.7,998.5,1010.5,2348,1005.0,341,1007.6,14.6,7.9,,,,,,,,,5.4,1.6,29.1,22.8,,,,,,,,,,,,,,,2023,6,26,178,0,0,1,1
278,의성,2023-06-28,24.6,20.5,413,29.7,1617,0.8,451.0,3.5,416.0,,10.6,7.9,320,400,3.5,290,404,1.3,1084,230,21.5,60,1327,84.5,25.7,998.2,1010.5,18,1005.3,1644,1007.4,14.6,3.7,,,,,,,,,8.1,3.5,28.1,19.4,,,,,,,,,,,,,,,2023,6,26,179,0,0,1,1
278,의성,2023-06-29,24.9,22.3,131,28.3,1213,1.2,1649.0,4.8,1622.0,,11.2,4.4,250,1210,2.0,230,1149,0.8,657,180,23.6,73,1214,93.3,29.1,992.4,1006.3,31,997.5,1733,1001.5,14.6,0.0,,,,,,,,,8.6,3.4,27.0,20.8,,,,,,,,,,,,,,,2023,6,26,180,0,0,1,1
278,의성,2023-06-30,23.9,22.8,2348,25.0,1249,4.5,520.0,10.9,439.0,,33.7,5.5,140,58,2.4,180,100,0.6,512,200,23.6,92,1051,98.5,29.1,990.9,1002.7,2320,998.3,242,1000.1,14.6,0.0,,,,,,,,,9.5,4.5,25.5,22.2,,,,,,,,,,,,,,,2023,6,26,181,0,0,1,1
278,의성,2023-07-01,25.5,21.2,529,31.6,1616,,,,,,,3.8,360,1226,2.2,320,1242,0.7,639,200,21.5,51,1619,81.4,25.6,995.7,1006.9,2242,1002.6,1,1004.9,14.6,7.9,,,,,,,,,3.8,3.3,28.9,19.8,,,,,,,,,,,,,,,2023,7,26,182,0,0,1,0
278,의성,2023-07-02,26.6,20.6,228,33.2,1503,,,,,,,4.0,250,1505,2.4,250,1505,0.7,600,320,22.9,53,1449,82.5,28.0,998.1,1008.8,843,1005.4,1600,1007.3,14.6,4.7,,,,,,,,,6.4,2.9,31.9,18.8,,,,,,,,,,,,,,,2023,7,26,183,0,0,1,0
278,의성,2023-07-03,26.3,20.5,528,34.0,1444,,,,,,,5.9,230,1250,2.7,200,1257,1.0,843,50,20.6,37,1422,74.9,24.4,996.1,1007.8,6,1002.6,1648,1005.3,14.6,9.1,,,,,,,,,4.6,0.1,32.6,18.5,,,,,,,,,,,,,,,2023,7,27,184,0,0,1,0
278,의성,2023-07-04,24.6,21.8,59,29.0,1223,1.1,2236.0,5.3,2235.0,,14.7,3.9,230,1117,2.4,230,1246,0.7,637,200,22.4,65,1123,88.9,27.2,992.0,1005.1,7,996.3,2400,1001.2,14.6,1.2,,,,,,,,,8.8,4.4,28.0,20.6,,,,,,,,,,,,,,,2023,7,27,185,0,0,1,1
278,의성,2023-07-05,25.6,20.8,2359,29.9,1558,1.7,341.0,5.8,306.0,,11.6,10.6,270,1206,5.3,270,1232,2.0,1754,270,21.5,54,1643,80.1,25.7,985.7,1000.0,2345,991.4,444,994.8,14.6,6.8,,,,,,,,,4.0,3.1,28.7,18.5,,,,,,,,,,,,,,,2023,7,27,186,0,0,1,1
278,의성,2023-07-06,25.1,18.6,439,32.8,1247,,,,,,,5.3,270,1203,2.7,270,1248,0.8,707,70,19.8,38,1248,76.1,23.2,992.8,1003.6,2258,1000.0,1,1002.0,14.6,6.2,,,,,,,,,7.4,0.6,29.4,16.2,,,,,,,,,,,,,,,2023,7,27,187,0,0,1,0
278,의성,2023-07-07,20.8,18.0,1630,25.0,1137,5.6,1523.0,12.9,1523.0,,51.4,5.5,50,1435,3.0,50,1440,0.8,685,360,19.4,76,1340,92.5,22.6,994.0,1006.0,1420,1002.1,1722,1003.3,14.5,0.0,,,,,,,,,9.5,7.3,22.5,17.9,,,,,,,,,,,,,,,2023,7,27,188,0,0,1,1
278,의성,2023-07-08,24.0,18.7,1,30.3,1419,0.0,,0.0,,,0.0,4.2,200,1715,2.3,200,1555,0.8,685,200,21.2,66,1413,85.8,25.2,993.2,1004.1,741,1000.6,1430,1002.4,14.5,2.9,,,,,,,,,7.8,5.4,27.9,18.7,,,,,,,,,,,,,,,2023,7,27,189,0,0,1,0
278,의성,2023-07-09,25.9,22.0,420,31.9,1445,0.0,,0.0,,,0.0,6.1,250,1543,3.0,200,1543,0.9,804,360,23.1,64,1604,86.0,28.3,993.4,1004.0,550,1000.1,1525,1002.6,14.5,2.2,,,,,,,,,7.0,3.1,29.3,20.1,,,,,,,,,,,,,,,2023,7,27,190,0,0,1,0
278,의성,2023-07-10,26.8,23.0,255,33.2,1524,1.4,818.0,2.2,808.0,,2.2,5.9,320,808,3.2,230,1615,0.9,775,250,23.6,59,1612,85.0,29.2,994.4,1005.8,2321,1001.4,1711,1003.5,14.5,6.3,,,,,,,,,5.8,2.8,29.3,21.1,,,,,,,,,,,,,,,2023,7,28,191,0,0,1,1
278,의성,2023-07-11,23.7,22.3,1450,28.8,1224,26.7,1420.0,41.6,1402.0,,49.1,15.3,290,1424,6.5,320,1425,0.7,607,200,23.2,77,1315,97.5,28.5,996.1,1007.4,1424,1003.7,1648,1005.4,14.5,0.1,,,,,,,,,8.6,4.4,24.6,20.9,,,,,,,,,,,,,,,2023,7,28,192,0,0,1,1
278,의성,2023-07-12,25.8,22.0,454,31.7,1509,1.5,2120.0,1.7,,,1.7,5.1,20,1756,2.2,230,1145,0.7,639,340,23.1,62,1510,86.8,28.2,995.5,1005.8,2202,1002.9,1621,1004.7,14.5,2.4,,,,,,,,,7.4,4.8,28.7,21.2,,,,,,,,,,,,,,,2023,7,28,193,0,0,1,1
278,의성,2023-07-13,25.1,23.6,338,27.3,1113,2.7,1127.0,6.5,1120.0,,8.5,4.5,200,1124,2.2,230,1131,0.4,360,200,24.7,88,1110,98.3,31.2,995.5,1006.2,746,1002.9,2354,1004.7,14.5,0.0,,,,,,,,,10.0,3.4,26.7,23.4,,,,,,,,,,,,,,,2023,7,28,194,0,0,1,1
278,의성,2023-07-14,25.0,23.9,337,25.8,1244,2.6,1257.0,8.6,1304.0,,54.8,6.6,230,912,3.2,180,602,1.2,1075,180,24.5,94,848,97.8,30.8,990.5,1002.9,1,998.7,1644,999.6,14.4,0.0,,,,,,,,,9.6,3.6,25.4,23.8,,,,,,,,,,,,,,,2023,7,28,195,0,0,1,1
278,의성,2023-07-15,24.7,22.0,2343,27.3,1323,8.2,1639.0,19.4,1550.0,,73.3,4.8,160,243,2.6,180,248,0.8,708,200,24.0,87,338,96.4,29.9,992.2,1005.2,2319,998.5,244,1001.3,14.4,0.0,,,,,,,,,10.0,4.5,26.1,21.9,,,,,,,,,,,,,,,2023,7,28,196,0,0,1,1
278,의성,2023-07-16,24.4,21.8,211,27.9,1229,0.4,944.0,0.9,932.0,,1.3,5.0,250,1324,2.6,230,1304,0.8,680,250,23.2,73,1257,94.0,28.5,998.1,1010.4,2322,1004.8,224,1007.4,14.4,0.4,,,,,,,,,9.1,5.1,27.5,21.6,,,,,,,,,,,,,,,2023,7,28,197,0,0,1,1
278,의성,2023-07-17,25.7,22.8,347,33.1,1422,8.0,1632.0,19.2,1549.0,,51.4,12.0,270,1515,6.8,290,1521,0.9,795,230,23.6,59,1410,89.6,29.1,1002.0,1013.7,2006,1009.6,110,1011.2,14.4,3.5,,,,,,,,,8.4,4.8,29.5,22.1,,,,,,,,,,,,,,,2023,7,29,198,0,0,1,1
278,의성,2023-07-18,23.0,21.9,2358,25.8,1113,9.1,1738.0,26.3,1649.0,,96.0,6.1,70,1920,2.9,90,1924,0.6,522,20,22.7,78,1141,98.9,27.6,1001.1,1013.5,522,1006.0,1953,1010.4,14.4,0.0,,,,,,,,,9.5,5.8,24.3,21.4,,,,,,,,,,,,,,,2023,7,29,199,0,0,1,1
278,의성,2023-07-19,25.9,20.6,527,32.3,1601,,,,,,,4.0,250,1716,2.2,200,1745,0.8,685,200,22.5,53,1607,83.5,27.2,997.2,1007.8,750,1004.6,1705,1006.4,14.3,10.9,,,,,,,,,2.5,1.1,31.1,19.1,,,,,,,,,,,,,,,2023,7,29,200,0,0,1,0
278,의성,2023-07-20,26.6,22.2,204,33.1,1607,,,,,,,3.8,230,1608,2.2,230,1604,0.7,623,50,23.2,47,1557,83.9,28.4,998.9,1009.8,2355,1006.2,1723,1008.1,14.3,7.6,,,,,,,,,4.6,2.4,30.3,21.1,,,,,,,,,,,,,,,2023,7,29,201,0,0,1,0
278,의성,2023-07-21,26.0,22.5,2356,33.9,1433,0.0,,0.0,,,0.0,8.1,110,1506,4.0,140,1510,0.9,774,70,23.5,52,1434,88.1,29.0,1002.7,1014.3,2351,1009.8,1,1011.9,14.3,6.6,,,,,,,,,4.9,2.6,32.1,21.4,,,,,,,,,,,,,,,2023,7,29,202,0,0,1,0
278,의성,2023-07-22,24.9,19.4,528,30.7,1136,,,,,,,8.4,230,1425,3.0,200,1430,1.0,846,200,21.4,57,1140,82.9,25.6,1003.8,1015.0,453,1011.3,1718,1013.1,14.3,6.4,,,,,,,,,5.6,3.0,31.0,18.1,,,,,,,,,,,,,,,2023,7,29,203,0,0,1,0
278,의성,2023-07-23,26.3,23.5,108,29.7,1513,0.0,,0.0,,,0.0,3.7,200,1626,2.0,180,1402,0.7,577,200,24.0,72,1514,88.1,29.9,999.4,1012.1,1,1006.4,1819,1008.6,14.3,0.0,,,,,,,,,8.9,7.1,28.6,23.2,,,,,,,,,,,,,,,2023,7,29,204,0,0,1,0
278,의성,2023-07-24,26.5,24.1,2327,31.6,1422,6.6,817.0,9.3,816.0,,16.4,5.5,320,1213,3.0,320,1213,0.9,764,200,24.3,66,1409,88.8,30.5,999.4,1010.7,2229,1007.2,256,1008.6,14.2,2.2,,,,,,,,,9.0,5.9,28.3,23.4,,,,,,,,,,,,,,,2023,7,30,205,0,0,1,1
278,의성,2023-07-25,25.3,23.0,2345,32.0,1245,1.8,1444.0,2.9,1407.0,,5.0,9.8,320,1300,6.3,320,1308,0.7,638,70,24.0,60,1246,93.6,29.9,1003.5,1014.7,2359,1010.0,136,1012.7,14.2,2.4,,,,,,,,,8.1,5.3,27.6,22.8,,,,,,,,,,,,,,,2023,7,30,206,0,0,1,1
278,의성,2023-07-26,25.6,22.1,432,33.2,1543,8.8,1900.0,15.1,1858.0,,20.2,8.2,290,1856,4.2,270,1857,0.8,650,340,23.5,55,1641,89.9,28.9,1005.4,1016.3,1908,1012.1,1644,1014.7,14.2,4.0,,,,,,,,,7.5,5.3,28.8,22.1,,,,,,,,,,,,,,,2023,7,30,207,0,0,1,1
278,의성,2023-07-27,26.8,21.6,425,33.6,1514,,,,,,,4.8,270,1510,2.2,250,1357,0.8,712,270,23.2,51,1516,83.3,28.5,1004.7,1015.7,826,1011.6,1752,1014.0,14.2,9.2,,,,,,,,,3.4,1.0,30.7,21.4,,,,,,,,,,,,,,,2023,7,30,208,0,0,1,0
278,의성,2023-07-28,28.3,23.0,557,34.9,1623,,,,,,,4.4,320,1350,2.4,290,1357,0.8,656,270,24.2,51,1623,81.4,30.2,1004.2,1014.6,738,1011.4,1736,1013.4,14.1,9.8,,,,,,,,,2.9,0.6,32.5,22.8,,,,,,,,,,,,,,,2023,7,30,209,0,0,1,0
278,의성,2023-07-29,28.5,23.1,528,35.7,1556,,,,,,,4.4,320,1331,2.2,290,1337,0.8,692,320,23.7,39,1517,79.0,29.4,1004.3,1014.7,711,1011.6,1725,1013.5,14.1,10.8,,,,,,,,,1.8,0.4,34.2,22.2,,,,,,,,,,,,,,,2023,7,30,210,0,0,1,0
278,의성,2023-07-30,28.8,23.1,541,35.5,1531,,,,,,,4.4,270,1305,2.1,200,1423,0.8,727,200,23.7,46,1634,77.1,29.3,1003.0,1014.0,843,1009.5,1727,1012.2,14.1,11.2,,,,,,,,,4.4,0.4,35.6,22.2,,,,,,,,,,,,,,,2023,7,30,211,0,0,1,0
278,의성,2023-07-31,28.1,22.9,543,33.9,1727,,,,,,,5.6,90,1728,3.2,90,1736,0.8,665,90,23.8,51,1455,80.1,29.5,1002.3,1013.6,654,1009.5,1636,1011.5,14.0,9.4,,,,,,,,,5.4,0.4,34.5,21.6,,,,,,,,,,,,,,,2023,7,31,212,0,0,1,0
278,의성,2023-08-01,28.6,23.4,406,35.0,1630,,,,,,,4.5,250,1152,2.2,230,1152,0.8,732,50,23.5,47,1632,77.1,29.0,1000.7,1012.1,841,1007.6,1725,1009.9,14.0,11.6,,,,,,,,,4.9,0.5,35.2,22.6,,,,,,,,,,,,,,,2023,8,31,213,0,0,1,0
278,의성,2023-08-02,28.7,23.0,530,35.1,1523,0.0,,0.0,,,0.0,4.0,270,1233,2.2,250,1242,0.8,726,200,24.3,50,1618,79.5,30.3,997.8,1009.4,1,1004.1,1812,1007.0,14.0,10.2,,,,,,,,,5.8,1.1,35.8,22.1,,,,,,,,,,,,,,,2023,8,31,214,0,0,1,0
278,의성,2023-08-03,29.9,24.8,535,36.1,1528,0.2,,0.2,,,0.2,6.1,270,1140,3.0,290,1221,1.1,927,250,24.7,46,1435,76.8,31.1,996.1,1006.7,756,1003.1,1731,1005.1,14.0,10.5,,,,,,,,,4.6,1.3,38.1,24.2,,,,,,,,,,,,,,,2023,8,31,215,0,0,1,0
278,의성,2023-08-04,29.3,24.6,458,35.6,1453,,,,,,,5.3,270,1318,2.8,250,1332,0.9,794,20,25.0,50,1320,80.4,31.7,994.3,1005.4,809,1001.4,1752,1003.4,13.9,9.4,,,,,,,,,4.1,0.8,38.4,23.0,,,,,,,,,,,,,,,2023,8,31,216,0,0,1,0
278,의성,2023-08-05,29.7,24.0,529,36.7,1513,,,,,,,4.9,320,1610,2.8,290,1619,0.9,780,360,24.6,47,1503,77.5,30.9,990.4,1002.0,649,996.6,1819,999.4,13.9,11.0,,,,,,,,,2.4,0.5,38.5,22.4,,,,,,,,,,,,,,,2023,8,31,217,0,0,1,0
278,의성,2023-08-06,29.6,24.3,526,37.1,1443,,,,,,,5.4,270,1635,2.7,250,1637,0.8,727,20,24.3,46,1444,76.4,30.4,988.6,999.5,2244,995.3,1519,997.6,13.9,8.3,,,,,,,,,5.4,2.3,39.9,22.9,,,,,,,,,,,,,,,2023,8,31,218,0,0,1,0
278,의성,2023-08-07,29.6,23.8,521,36.2,1333,,,,,,,8.2,90,1458,3.6,90,1624,1.3,1119,70,23.9,46,1332,74.0,29.6,989.9,1000.5,2345,996.7,1520,998.9,13.8,9.4,,,,,,,,,4.6,1.6,37.0,22.3,,,,,,,,,,,,,,,2023,8,32,219,0,0,1,0
278,의성,2023-08-08,29.1,24.4,515,34.5,1245,,,,,,,8.5,70,1534,4.3,90,1613,1.6,1359,50,23.8,55,1259,74.8,29.5,992.8,1003.6,2135,1000.5,1,1001.8,13.8,8.2,,,,,,,,,4.8,2.8,37.1,22.6,,,,,,,,,,,,,,,2023,8,32,220,0,0,1,0
278,의성,2023-08-09,26.0,23.6,2341,29.3,913,2.5,1729.0,8.2,1645.0,,25.9,6.9,20,1203,3.1,50,1256,1.5,1263,50,23.6,70,905,87.6,29.1,993.1,1003.4,2,999.2,2400,1002.2,13.8,0.0,,,,,,,,,9.5,7.0,29.1,23.1,,,,,,,,,,,,,,,2023,8,32,221,0,0,1,1
278,의성,2023-08-10,23.1,21.8,2200,25.8,1346,5.9,1251.0,18.7,1218.0,,97.7,11.8,50,1114,5.6,50,909,2.5,2131,20,22.5,85,1438,96.5,27.2,983.1,999.1,1,983.9,1311,992.2,13.7,0.0,,,,,,,,,8.6,5.3,23.7,20.6,,,,,,,,,,,,,,,2023,8,32,222,0,0,1,1
278,의성,2023-08-11,26.6,21.4,403,32.9,1626,,,,,,,7.5,230,1205,3.5,200,1355,1.2,1023,200,21.6,47,1610,77.5,25.9,991.2,1002.8,2356,997.0,1,1000.3,13.7,8.8,,,,,,,,,4.3,2.5,29.7,,,,,,,,,,,,,,,,2023,8,32,223,0,0,1,0
278,의성,2023-08-12,25.4,22.2,551,30.0,1458,,,,,,,4.6,340,1448,2.8,270,1532,0.7,625,320,21.9,55,1500,83.0,26.3,994.2,1004.9,2303,1002.5,1453,1003.4,13.7,1.4,,,,,,,,,7.9,5.6,28.4,21.1,,,,,,,,,,,,,,,2023,8,32,224,0,0,1,0
278,의성,2023-08-13,26.5,21.3,421,32.6,1419,,,,,,,3.5,290,1419,1.8,20,1325,0.7,605,90,22.6,56,1352,81.1,27.5,995.1,1005.6,2343,1002.6,1622,1004.3,13.6,5.9,,,,,,,,,7.6,4.4,29.6,20.2,,,,,,,,,,,,,,,2023,8,32,225,0,0,1,0
278,의성,2023-08-14,26.8,22.3,555,32.4,1519,0.0,,0.0,,,0.0,4.0,110,1858,2.3,90,1839,0.8,667,70,22.2,53,1607,78.3,26.8,996.2,1006.6,1037,1003.6,1717,1005.4,13.6,7.1,,,,,,,,,6.3,3.6,31.4,21.8,,,,,,,,,,,,,,,2023,8,33,226,0,0,1,0
278,의성,2023-08-15,27.1,21.6,608,33.2,1528,,,,,,,3.9,340,1013,2.1,340,1534,0.7,626,360,21.8,48,1628,75.9,26.2,994.4,1005.9,642,1000.7,1736,1003.5,13.6,10.6,,,,,,,,,3.8,1.4,33.9,20.7,,,,,,,,,,,,,,,2023,8,33,227,0,0,1,0
278,의성,2023-08-16,27.1,22.2,143,33.4,1545,0.8,2142.0,1.7,2132.0,,1.7,4.5,230,1908,2.2,200,1913,0.9,735,200,22.2,51,1627,76.4,26.8,993.9,1004.8,2351,1001.0,1622,1003.0,13.5,6.3,,,,,,,,,6.8,3.1,34.2,21.4,,,,,,,,,,,,,,,2023,8,33,228,0,0,1,1
278,의성,2023-08-17,25.6,23.2,441,29.7,1711,,,,,,,3.3,90,1157,2.0,90,1201,0.6,491,340,23.4,69,1710,89.1,28.8,995.7,1006.2,2400,1003.5,1713,1004.9,13.5,1.5,,,,,,,,,8.3,6.6,27.6,22.9,,,,,,,,,,,,,,,2023,8,33,229,0,0,1,0
278,의성,2023-08-18,25.2,22.8,419,30.8,1240,3.8,1408.0,13.3,1444.0,,24.5,5.4,110,1416,2.5,110,1408,0.5,416,20,24.2,66,1202,95.4,30.2,997.5,1008.6,2325,1005.5,1341,1006.7,13.5,1.3,,,,,,,,,7.6,3.8,26.9,21.8,,,,,,,,,,,,,,,2023,8,33,230,0,0,1,1
278,의성,2023-08-19,27.2,23.3,611,33.0,1507,,,,,,,3.4,230,1455,2.0,230,1639,0.7,632,250,24.4,58,1508,86.9,30.7,1000.0,1010.5,850,1007.6,1714,1009.2,13.4,5.7,,,,,,,,,5.6,4.0,30.1,23.3,,,,,,,,,,,,,,,2023,8,33,231,0,0,1,0
278,의성,2023-08-20,27.5,24.3,514,34.4,1447,0.5,1740.0,0.5,1717.0,,1.0,4.6,140,2002,2.6,90,1952,0.7,581,270,25.2,57,1354,89.3,32.1,1001.1,1011.6,754,1007.9,1608,1010.2,13.4,3.7,,,,,,,,,6.0,4.9,30.8,23.8,,,,,,,,,,,,,,,2023,8,33,232,0,0,1,1
278,의성,2023-08-21,28.0,24.3,2358,34.2,1609,,,,,,,5.2,180,1147,2.5,230,1125,0.9,750,200,24.3,53,1550,82.9,30.3,998.6,1010.5,4,1005.2,1754,1007.8,13.4,6.7,,,,,,,,,4.0,2.5,31.2,23.0,,,,,,,,,,,,,,,2023,8,34,233,0,0,1,0
278,의성,2023-08-22,27.6,22.7,608,34.6,1531,,,,,,,6.3,250,1341,3.4,230,1346,1.0,884,200,23.8,52,1517,82.3,29.4,995.6,1007.0,1,1002.2,1532,1004.7,13.3,6.5,,,,,,,,,4.4,0.6,31.6,21.4,,,,,,,,,,,,,,,2023,8,34,234,0,0,1,0
278,의성,2023-08-23,28.1,22.3,520,34.3,1502,0.4,2331.0,1.0,2306.0,,1.0,6.1,250,1229,3.1,230,1229,1.0,891,200,23.3,51,1648,78.1,28.6,995.8,1006.5,2312,1002.6,1538,1004.9,13.3,7.0,,,,,,,,,6.6,3.8,33.4,21.0,,,,,,,,,,,,,,,2023,8,34,235,0,0,1,1
278,의성,2023-08-24,26.0,23.8,435,30.9,1438,6.5,2312.0,23.0,2244.0,,42.9,6.5,250,1803,3.2,250,1809,0.7,616,360,24.2,67,1439,90.9,30.2,996.6,1007.3,1020,1004.1,2341,1005.7,13.3,0.3,,,,,,,,,9.6,5.5,28.5,23.4,,,,,,,,,,,,,,,2023,8,34,236,0,0,1,1
278,의성,2023-08-25,26.2,21.0,2359,32.6,1542,2.9,234.0,5.4,1.0,,11.1,7.0,270,1351,3.9,270,1352,1.4,1236,270,21.5,45,1543,79.3,25.7,997.4,1009.1,2355,1003.9,33,1006.6,13.2,10.0,,,,,,,,,3.0,1.8,28.6,19.3,,,,,,,,,,,,,,,2023,8,34,237,0,0,1,1
278,의성,2023-08-26,25.0,18.8,545,32.1,1522,,,,,,,4.0,250,1522,2.6,320,1550,0.8,673,270,21.4,52,1354,83.3,25.6,999.3,1010.6,644,1006.0,1641,1008.5,13.2,8.7,,,,,,,,,3.4,1.0,28.9,18.1,,,,,,,,,,,,,,,2023,8,34,238,0,0,1,0
278,의성,2023-08-27,25.3,20.0,537,31.4,1443,0.0,,0.0,,,0.0,5.3,90,1709,2.6,90,1627,0.9,755,20,21.1,53,1507,80.0,25.0,999.0,1009.5,725,1006.1,1535,1008.3,13.2,5.9,,,,,,,,,5.9,3.5,29.3,19.1,,,,,,,,,,,,,,,2023,8,34,239,0,0,1,0
278,의성,2023-08-28,25.5,21.9,615,29.4,1343,,,,,,,5.3,140,1306,3.1,90,1309,0.8,669,50,22.4,62,1228,84.8,27.1,998.4,1008.8,1,1006.3,1515,1007.6,13.1,1.5,,,,,,,,,8.6,3.8,28.7,21.3,,,,,,,,,,,,,,,2023,8,35,240,0,0,1,0
278,의성,2023-08-29,25.7,21.9,533,29.7,1045,4.1,1539.0,5.8,1506.0,,5.8,6.3,230,1208,2.8,200,1213,0.8,730,200,23.7,69,911,90.1,29.3,996.8,1007.7,1,1004.6,1321,1005.9,13.1,0.9,,,,,,,,,8.5,4.5,27.0,20.5,,,,,,,,,,,,,,,2023,8,35,241,0,0,1,1
278,의성,2023-08-30,23.5,21.4,2353,25.5,1736,8.8,622.0,17.4,540.0,,74.3,4.3,230,534,1.9,270,539,0.5,437,250,23.3,95,1615,99.8,28.7,998.7,1009.6,2222,1006.6,1728,1008.0,13.0,0.0,,,,,,,,,8.8,6.3,25.7,21.3,,,,,,,,,,,,,,,2023,8,35,242,0,0,1,1
278,의성,2023-08-31,23.9,21.0,257,27.9,1458,5.9,255.0,18.7,211.0,,35.5,3.2,160,1508,1.6,200,1314,0.6,507,200,21.6,66,1336,88.5,25.8,1000.3,1010.5,1033,1008.5,1542,1009.6,13.0,1.2,,,,,,,,,7.6,5.4,26.7,20.7,,,,,,,,,,,,,,,2023,8,35,243,0,0,1,1
278,의성,2023-09-01,24.1,19.6,2345,29.7,1554,,,,,,,3.2,290,1426,1.9,320,1513,0.7,636,290,21.0,51,1613,85.3,24.9,1001.4,1011.9,1032,1009.4,1639,1010.7,13.0,5.8,,,,,,,,,6.6,3.1,26.7,17.8,,,,,,,,,,,,,,,2023,9,35,244,0,0,1,0
278,의성,2023-09-02,23.8,18.5,209,30.5,1402,0.0,,0.0,,,0.0,4.4,110,1635,2.3,140,1640,0.7,612,340,20.8,52,1344,85.1,24.5,1002.3,1012.7,944,1009.8,1532,1011.5,12.9,2.7,,,,,,,,,5.3,4.8,26.3,18.5,,,,,,,,,,,,,,,2023,9,35,245,0,0,1,0
278,의성,2023-09-03,25.9,22.2,431,32.1,1453,0.3,419.0,0.3,329.0,,0.3,6.0,110,1530,3.4,90,1616,0.8,673,360,22.6,56,1454,84.1,27.4,1002.7,1013.2,801,1010.4,1803,1012.0,12.9,5.0,,,,,,,,,6.6,5.5,29.0,22.2,,,,,,,,,,,,,,,2023,9,35,246,0,0,1,0
278,의성,2023-09-04,26.0,21.5,532,32.2,1539,0.0,,0.0,,,0.0,6.7,50,1400,3.4,70,1633,1.0,896,70,21.9,52,1503,80.6,26.2,1002.3,1012.6,406,1009.8,1525,1011.5,12.9,7.0,,,,,,,,,5.5,2.5,28.3,20.2,,,,,,,,,,,,,,,2023,9,36,247,0,0,1,0
278,의성,2023-09-05,25.2,20.6,2359,31.0,1324,,,,,,,8.6,50,1230,3.9,50,1234,1.2,1001,70,18.9,39,1309,72.1,22.0,1001.8,1012.5,1000,1009.5,1546,1011.0,12.8,6.9,,,,,,,,,7.1,4.4,28.1,18.9,,,,,,,,,,,,,,,2023,9,36,248,0,0,1,0
278,의성,2023-09-06,24.0,17.9,554,31.3,1409,,,,,,,7.1,90,1316,3.6,50,1226,1.1,961,70,18.8,45,1529,76.3,21.7,1002.2,1013.7,2229,1009.6,1616,1011.5,12.8,9.0,,,,,,,,,2.1,1.3,27.8,15.9,,,,,,,,,,,,,,,2023,9,36,249,0,0,1,0
278,의성,2023-09-07,22.1,15.3,606,30.3,1502,,,,,,,8.6,20,1103,4.1,50,1444,1.3,1162,50,16.5,39,1535,74.6,18.7,1005.0,1015.8,740,1012.8,1506,1014.4,12.8,10.3,,,,,,,,,0.9,0.9,26.6,11.4,,,,,,,,,,,,,,,2023,9,36,250,0,0,1,0
278,의성,2023-09-08,21.8,15.3,525,29.6,1622,,,,,,,5.0,110,1219,2.8,90,1055,0.8,649,50,16.8,42,1411,77.8,19.2,1003.3,1015.2,1,1010.0,1650,1012.7,12.7,10.7,,,,,,,,,0.8,0.1,29.4,12.0,,,,,,,,,,,,,,,2023,9,36,251,0,0,1,0
278,의성,2023-09-09,21.9,15.3,604,30.2,1510,,,,,,,4.0,360,1440,2.1,50,1440,0.7,586,340,16.9,39,1349,78.0,19.3,1001.6,1012.6,711,1008.6,1640,1011.0,12.7,10.7,,,,,,,,,1.3,0.3,29.3,12.1,,,,,,,,,,,,,,,2023,9,36,252,0,0,1,0
278,의성,2023-09-10,22.9,16.2,522,30.2,1317,,,,,,,3.5,270,1302,2.2,290,1313,0.7,613,20,18.8,49,1318,81.1,21.8,1000.8,1012.1,702,1008.1,1526,1010.2,12.6,8.8,,,,,,,,,3.6,1.0,28.7,13.1,,,,,,,,,,,,,,,2023,9,36,253,0,0,1,0
278,의성,2023-09-11,23.7,18.9,435,31.3,1628,,,,,,,4.7,340,1453,2.3,340,1306,0.8,655,50,19.4,41,1516,79.9,22.6,999.5,1010.2,2349,1006.5,1534,1008.8,12.6,10.0,,,,,,,,,4.1,1.3,30.8,16.7,,,,,,,,,,,,,,,2023,9,37,254,0,0,1,0
278,의성,2023-09-12,24.7,19.7,609,31.1,1359,,,,,,,3.3,160,1353,1.8,200,1353,0.6,538,50,21.0,51,1425,82.0,24.9,1000.6,1011.4,811,1007.8,1550,1009.9,12.6,3.9,,,,,,,,,8.6,2.1,30.3,18.3,,,,,,,,,,,,,,,2023,9,37,255,0,0,1,0
278,의성,2023-09-13,23.7,21.7,452,27.4,1434,5.8,1938.0,19.6,1848.0,,31.8,4.1,70,2005,1.6,90,1619,0.5,457,20,21.8,68,1201,90.9,26.2,1001.0,1011.8,952,1008.2,1552,1010.3,12.5,0.0,,,,,,,,,10.0,7.6,26.8,21.0,,,,,,,,,,,,,,,2023,9,37,256,0,0,1,1
278,의성,2023-09-14,22.3,20.8,453,25.0,1432,1.0,606.0,3.4,605.0,,11.3,3.7,50,1401,2.2,50,1408,0.6,501,20,21.5,82,1438,96.3,25.7,1002.8,1015.0,2206,1009.2,216,1012.2,12.5,0.0,,,,,,,,,9.8,8.3,24.7,20.7,,,,,,,,,,,,,,,2023,9,37,257,0,0,1,1
278,의성,2023-09-15,22.0,21.0,601,23.4,1533,4.7,1557.0,7.6,1541.0,,34.5,2.9,20,1428,1.7,50,1435,0.4,378,20,21.8,92,1538,99.9,26.2,1004.2,1015.1,934,1012.3,1513,1013.6,12.5,0.0,,,,,,,,,8.0,6.3,23.8,20.9,,,,,,,,,,,,,,,2023,9,37,258,0,0,1,1
278,의성,2023-09-16,23.1,21.0,240,27.0,1147,3.7,1715.0,9.4,1654.0,,20.5,3.8,230,1424,1.8,230,1428,0.5,419,230,22.3,78,1149,96.1,27.0,1002.8,1013.6,928,1010.2,1848,1012.1,12.4,0.7,,,,,,,,,8.6,5.9,25.2,19.8,,,,,,,,,,,,,,,2023,9,37,259,0,0,1,1
278,의성,2023-09-17,24.5,21.9,540,29.1,1256,0.9,400.0,2.6,341.0,,4.1,3.3,270,1334,1.8,270,1341,0.5,436,160,22.7,64,1306,91.3,27.6,1000.6,1011.3,941,1008.3,1451,1009.8,12.4,1.5,,,,,,,,,9.0,4.3,26.3,21.5,,,,,,,,,,,,,,,2023,9,37,260,0,0,1,1
278,의성,2023-09-18,25.2,22.1,2359,31.2,1332,0.3,214.0,0.8,216.0,,1.0,4.2,250,1425,2.1,270,1357,0.7,576,320,22.4,54,1334,87.0,27.1,1002.1,1012.8,2332,1009.7,1459,1011.4,12.3,7.1,,,,,,,,,5.5,3.8,27.5,20.4,,,,,,,,,,,,,,,2023,9,38,261,0,0,1,1
278,의성,2023-09-19,23.7,20.2,741,29.0,1515,,,,,,,4.4,250,1115,2.7,250,1500,0.8,668,250,20.5,53,1334,85.0,24.2,1004.0,1014.4,904,1011.7,1605,1013.3,12.3,,,,,,,,,,4.9,0.9,26.5,19.7,,,,,,,,,,,,,,,2023,9,38,262,0,0,1,0
278,의성,2023-09-20,21.0,20.0,2318,23.2,1106,3.2,2228.0,15.0,2138.0,,75.8,4.6,70,1629,2.3,360,2141,0.6,531,50,20.7,87,1038,99.0,24.5,1000.4,1013.7,11,1005.5,2207,1009.8,12.3,0.0,,,,,,,,,8.8,5.8,23.0,19.6,,,,,,,,,,,,,,,2023,9,38,263,0,0,1,1
278,의성,2023-09-21,19.6,18.3,2359,21.5,1056,1.3,1.0,4.7,1.0,,8.9,4.8,90,349,2.5,50,412,0.8,706,50,18.2,74,1104,92.5,20.9,1000.9,1013.8,2316,1005.0,151,1010.3,12.2,0.0,,,,,,,,,7.9,6.6,22.8,17.6,,,,,,,,,,,,,,,2023,9,38,264,0,0,1,1
278,의성,2023-09-22,19.1,15.2,2351,25.3,1504,,,,,,,3.7,270,1343,2.1,320,1603,0.7,573,340,15.9,48,1355,84.6,18.1,1005.7,1017.7,2344,1013.6,1559,1015.2,12.2,7.4,,,,,,,,,5.5,2.8,23.0,13.1,,,,,,,,,,,,,,,2023,9,38,265,0,0,1,0
278,의성,2023-09-23,18.6,13.4,603,26.1,1421,,,,,,,7.5,70,1534,3.2,90,1205,1.0,844,340,14.6,44,1519,81.8,16.6,1010.0,1021.7,2159,1017.6,1,1019.6,12.2,5.3,,,,,,,,,6.5,2.9,21.2,12.1,,,,,,,,,,,,,,,2023,9,38,266,0,0,1,0
278,의성,2023-09-24,19.0,13.2,610,26.0,1307,,,,,,,8.4,50,1155,4.6,50,1437,1.4,1182,70,13.6,39,1252,74.6,15.6,1010.5,1021.8,807,1018.2,1503,1020.0,12.1,7.9,,,,,,,,,4.8,1.8,20.3,10.2,,,,,,,,,,,,,,,2023,9,38,267,0,0,1,0
278,의성,2023-09-25,20.7,16.3,138,26.2,1504,0.7,2209.0,1.5,2150.0,,1.7,3.8,110,1505,2.0,50,1245,0.5,440,50,17.7,60,1501,84.6,20.3,1006.6,1019.0,1,1013.9,1502,1016.1,12.1,1.8,,,,,,,,,9.8,6.3,23.0,15.5,,,,,,,,,,,,,,,2023,9,39,268,0,0,1,1
278,의성,2023-09-26,20.3,19.4,124,21.2,1452,1.9,607.0,7.6,547.0,,29.0,1.8,20,1043,1.0,50,126,0.3,271,50,20.1,96,1456,99.6,23.6,1003.6,1015.1,1,1011.4,1547,1013.0,12.0,0.0,,,,,,,,,7.6,5.9,21.9,19.2,,,,,,,,,,,,,,,2023,9,39,269,0,0,1,1
278,의성,2023-09-27,22.0,20.2,228,26.3,1416,0.1,,0.4,819.0,,0.5,2.9,340,1520,2.0,320,1528,0.4,321,50,20.7,73,1419,92.8,24.4,1001.3,1011.8,1,1008.9,1506,1010.7,12.0,0.2,,,,,,,,,7.9,7.9,23.7,20.1,,,,,,,,,,,,,,,2023,9,39,270,0,0,1,0
278,의성,2023-09-28,21.9,16.6,2356,28.0,1402,,,,,,,6.4,270,1128,3.3,290,1227,1.1,918,290,18.6,54,1600,83.9,21.4,1003.1,1014.4,2327,1010.7,153,1012.4,12.0,6.4,,,,,,,,,3.6,3.0,23.9,13.9,,,,,,,,,,,,,,,2023,9,39,271,0,0,1,0
278,의성,2023-09-29,19.2,15.5,556,24.8,1515,,,,,,,2.4,360,1325,1.1,50,40,0.5,414,70,17.1,56,1525,89.0,19.5,1004.0,1016.2,908,1011.3,2400,1013.5,11.9,0.4,,,,,,,,,8.1,8.1,22.4,14.7,,,,,,,,,,,,,,,2023,9,39,272,0,0,1,0
278,의성,2023-09-30,18.4,14.8,2346,24.5,1533,0.6,425.0,1.5,416.0,,3.0,5.3,320,1452,3.0,290,1458,0.8,661,290,15.5,51,1334,85.5,17.6,1001.3,1013.4,753,1008.2,1546,1010.8,11.9,6.0,,,,,,,,,4.3,4.0,21.4,11.9,,,,,,,,,,,,,,,2023,9,39,273,0,0,1,1
278,의성,2023-10-01,16.7,10.6,2343,24.0,1454,,,,,,,7.3,20,1108,3.8,340,1134,1.1,910,340,11.5,34,1420,76.4,13.6,1003.8,1017.0,2359,1010.4,247,1013.4,11.8,9.2,,,,,,,,,1.3,0.3,19.0,8.0,,,,,,,,,,,,,,,2023,10,39,274,0,0,1,0
278,의성,2023-10-02,14.9,8.1,647,23.6,1514,,,,,,,5.8,50,1244,3.1,360,1254,0.7,622,360,10.1,33,1503,78.4,12.4,1008.1,1019.7,2335,1015.5,1633,1017.8,11.8,10.0,,,,,,,,,3.9,0.5,17.4,5.3,,,,,,,,,,,,,,,2023,10,40,275,0,0,1,0
278,의성,2023-10-03,14.2,9.2,454,19.3,1144,,,,,,,2.9,200,1658,1.7,20,1157,0.4,385,360,12.4,67,1236,90.1,14.5,1008.2,1019.8,146,1016.0,1528,1017.9,11.8,0.2,,,,,,,,,8.0,7.4,17.1,6.3,,,,,,,,,,,,,,,2023,10,40,276,0,0,1,0
278,의성,2023-10-04,16.8,12.5,539,23.9,1503,1.2,2213.0,1.4,2213.0,,1.4,8.2,360,2211,3.0,360,2217,0.7,645,250,13.7,48,1547,84.8,15.8,1003.6,1017.1,1,1010.0,1602,1013.2,11.7,4.5,,,,,,,,,7.6,4.0,19.4,12.5,,,,,,,,,,,,,,,2023,10,40,277,0,0,1,1
278,의성,2023-10-05,13.6,8.0,2337,20.4,1433,,,,,,,7.1,270,1532,4.0,290,1517,1.3,1155,290,5.8,29,1435,65.3,9.4,1004.9,1017.6,2339,1011.2,2,1014.7,11.7,9.9,,,,,,,,,2.1,0.0,16.1,5.0,,,,,,,,,,,,,,,2023,10,40,278,0,0,1,0
278,의성,2023-10-06,13.3,6.5,634,21.8,1517,,,,,,,3.3,290,1319,1.9,250,1309,0.6,520,70,8.1,28,1435,75.8,10.9,1008.7,1020.2,2350,1015.9,1430,1018.5,11.7,8.5,,,,,,,,,6.6,0.9,16.3,3.5,,,,,,,,,,,,,,,2023,10,40,279,0,0,1,0
278,의성,2023-10-07,15.7,9.2,529,22.0,1255,,,,,,,5.8,90,1638,2.9,90,1639,0.7,619,70,11.4,44,1258,78.6,13.6,1012.3,1024.0,2153,1020.0,3,1022.0,11.6,2.7,,,,,,,,,9.1,3.5,17.9,6.9,,,,,,,,,,,,,,,2023,10,40,280,0,0,1,0
278,의성,2023-10-08,16.2,11.9,2325,20.7,1338,0.0,,0.0,,,0.0,6.4,50,1443,3.2,50,1137,0.9,744,70,12.1,49,1445,79.5,14.2,1012.9,1024.0,725,1021.1,1442,1022.6,11.6,0.1,,,,,,,,,8.8,5.5,18.3,9.1,,,,,,,,,,,,,,,2023,10,40,281,0,0,1,0
278,의성,2023-10-09,16.1,10.9,223,22.5,1302,,,,,,,3.1,200,1303,1.9,230,1308,0.5,421,50,13.3,58,1303,85.5,15.4,1009.3,1022.1,54,1016.7,1439,1019.0,11.5,3.3,,,,,,,,,7.3,5.0,18.1,8.0,,,,,,,,,,,,,,,2023,10,41,282,0,0,1,0
278,의성,2023-10-10,15.2,10.4,525,23.2,1414,,,,,,,5.1,20,1118,2.4,360,1204,0.7,597,70,11.7,44,1415,83.3,13.8,1010.3,1023.1,2344,1017.9,248,1020.0,11.5,5.8,,,,,,,,,4.3,0.9,20.3,7.8,,,,,,,,,,,,,,,2023,10,41,283,0,0,1,0
278,의성,2023-10-11,13.7,8.4,518,23.5,1344,,,,,,,6.0,110,1447,3.0,110,1452,0.6,543,90,10.0,39,1358,82.6,12.3,1014.7,1026.5,901,1022.4,1439,1024.5,11.5,7.4,,,,,,,,,3.0,1.9,17.8,4.0,,,,,,,,,,,,,,,2023,10,41,284,0,0,1,0
278,의성,2023-10-12,13.8,5.9,634,23.8,1452,,,,,,,3.7,290,1617,2.0,250,1358,0.5,413,360,9.6,36,1453,80.4,12.0,1014.2,1027.1,840,1021.1,1601,1024.0,11.4,9.7,,,,,,,,,3.0,0.3,21.0,2.4,,,,,,,,,,,,,,,2023,10,41,285,0,0,1,0
278,의성,2023-10-13,15.6,10.3,642,23.8,1435,,,,,,,3.9,20,1539,2.1,320,1542,0.5,444,50,11.8,39,1416,81.8,13.9,1007.8,1022.6,5,1013.9,1631,1017.4,11.4,5.8,,,,,,,,,8.5,3.0,20.3,8.4,,,,,,,,,,,,,,,2023,10,41,286,0,0,1,0
278,의성,2023-10-14,14.0,8.8,636,20.2,1636,0.0,,0.0,,,0.0,4.5,290,2001,2.3,290,2005,0.5,469,50,11.7,56,1645,87.9,13.8,1000.1,1013.9,1,1006.8,1718,1009.8,11.3,4.7,,,,,,,,,5.8,4.3,18.4,5.3,,,,,,,,,,,,,,,2023,10,41,287,0,0,1,0
278,의성,2023-10-15,12.9,8.8,210,21.5,1440,,,,,,,8.6,250,1410,4.9,290,1415,1.0,845,320,10.2,47,1441,86.8,12.4,1000.6,1012.9,2349,1008.5,1403,1010.3,11.3,5.1,,,,,,,,,3.8,3.1,15.9,5.2,,,,,,,,,,,,,,,2023,10,41,288,0,0,1,0
278,의성,2023-10-16,12.6,7.2,700,21.7,1329,,,,,,,5.9,270,1026,3.4,270,1524,0.8,711,270,8.7,39,1519,81.9,11.3,1004.7,1016.7,2357,1012.6,1346,1014.4,11.3,7.8,,,,,,,,,2.3,1.5,18.3,2.1,,,,,,,,,,,,,,,2023,10,42,289,0,0,1,0
278,의성,2023-10-17,10.4,4.0,710,21.3,1513,,,,,,,3.9,270,1231,1.7,250,1350,0.5,450,50,6.1,33,1549,81.1,9.5,1009.0,1021.1,2306,1016.7,1,1018.9,11.3,8.7,,,,,,,,,0.0,0.0,17.3,-0.7,,,,,,,,,,,,,,,2023,10,42,290,0,0,1,0
278,의성,2023-10-18,11.7,2.8,637,23.8,1536,,,,,,,3.7,270,1536,2.3,270,1600,0.5,449,270,7.1,28,1535,78.8,10.2,1009.5,1022.5,754,1016.1,1523,1019.3,11.2,9.8,,,,,,,,,3.0,0.6,17.3,-1.4,,,,,,,,,,,,,,,2023,10,42,291,0,0,1,0
278,의성,2023-10-19,13.6,7.4,604,19.6,1511,0.6,1959.0,1.4,2301.0,,2.4,3.8,20,1958,1.9,50,1848,0.4,348,160,11.1,56,1519,86.9,13.3,1006.0,1018.7,818,1013.0,1621,1015.7,11.2,0.6,,,,,,,,,7.9,5.6,15.9,3.3,,,,,,,,,,,,,,,2023,10,42,292,0,0,1,1
278,의성,2023-10-20,12.7,6.3,2340,17.3,1323,0.3,258.0,1.1,219.0,,3.0,11.3,340,1409,5.8,320,1156,2.2,1913,290,3.7,27,1154,59.3,8.5,1005.3,1019.4,2352,1013.0,1325,1015.0,11.1,8.7,,,,,,,,,3.4,2.4,17.1,1.7,,,,,,,,,,,,,,,2023,10,42,293,0,0,1,1
278,의성,2023-10-21,7.5,0.0,621,17.4,1453,0.0,,0.0,,,0.0,9.5,290,1330,4.7,290,1521,1.0,827,290,2.8,35,1504,76.8,7.5,1010.2,1022.5,2345,1017.4,1412,1020.2,11.1,7.0,,,,,,,,,2.1,1.1,12.6,-3.9,,,,,,,,,,,,,,,2023,10,42,294,0,0,0,0
278,의성,2023-10-22,9.1,0.7,623,19.5,1414,,,,,,,5.7,250,1302,3.0,250,1031,0.8,677,250,4.2,27,1348,77.5,8.3,1012.8,1024.5,807,1020.3,1500,1022.7,11.1,7.7,,,,,,,,,2.6,0.5,13.2,-3.3,,,,,,,,,,,,,,,2023,10,42,295,0,0,0,0
278,의성,2023-10-23,11.1,3.7,650,21.3,1542,,,,,,,5.1,320,1414,3.0,340,1419,0.5,405,50,7.8,41,1416,83.9,10.7,1012.6,1025.1,745,1019.9,1634,1022.5,11.0,8.7,,,,,,,,,0.4,0.1,14.7,-0.5,,,,,,,,,,,,,,,2023,10,43,296,0,0,1,0
278,의성,2023-10-24,12.0,5.0,625,20.8,1455,,,,,,,4.6,290,1256,2.6,270,1208,0.5,454,70,8.1,41,1204,81.6,10.9,1010.2,1022.9,811,1017.0,1655,1020.0,11.0,7.2,,,,,,,,,4.4,1.1,14.9,1.5,,,,,,,,,,,,,,,2023,10,43,297,0,0,1,0
278,의성,2023-10-25,12.6,5.6,528,23.0,1515,,,,,,,4.0,270,1226,2.2,250,1230,0.5,414,230,9.5,47,1447,85.1,12.0,1007.8,1019.9,744,1015.0,1546,1017.6,10.9,8.9,,,,,,,,,1.5,0.4,16.5,1.6,,,,,,,,,,,,,,,2023,10,43,298,0,0,1,0
278,의성,2023-10-26,13.5,6.2,551,23.2,1435,0.0,,0.0,,,0.0,5.6,360,1228,2.7,250,1426,0.7,568,250,10.5,48,1436,85.8,12.9,1004.8,1017.8,820,1011.5,1557,1014.5,10.9,7.8,,,,,,,,,3.0,1.9,17.3,2.2,,,,,,,,,,,,,,,2023,10,43,299,0,0,1,0
278,의성,2023-10-27,11.5,6.3,2400,19.2,1202,0.0,,0.0,,,0.0,6.5,70,1521,3.4,50,1432,0.8,650,20,9.2,54,1204,87.9,11.6,1004.1,1017.6,2320,1011.4,319,1013.8,10.9,1.5,,,,,,,,,4.4,3.6,12.1,1.6,,,,,,,,,,,,,,,2023,10,43,300,0,0,1,0
278,의성,2023-10-28,10.5,4.1,503,20.4,1504,,,,,,,5.0,200,1453,2.0,200,1406,0.5,427,270,7.4,42,1509,84.9,10.3,1008.6,1021.0,2353,1016.0,1450,1018.5,10.8,7.6,,,,,,,,,2.0,1.4,14.8,0.2,,,,,,,,,,,,,,,2023,10,43,301,0,0,1,0
278,의성,2023-10-29,10.2,4.2,604,20.6,1452,,,,,,,3.8,230,1428,2.1,320,1303,0.5,396,230,6.4,36,1610,82.5,9.7,1012.0,1023.7,832,1019.7,1634,1021.9,10.8,7.8,,,,,,,,,1.6,0.4,14.4,-0.5,,,,,,,,,,,,,,,2023,10,43,302,0,0,1,0
278,의성,2023-10-30,10.9,3.2,640,22.1,1523,,,,,,,3.9,290,1313,2.0,270,1321,0.5,393,230,7.5,45,1507,83.1,10.4,1012.2,1023.9,756,1019.5,1514,1022.1,10.8,9.3,,,,,,,,,2.1,0.0,15.5,-0.5,,,,,,,,,,,,,,,2023,10,44,303,0,0,1,0
278,의성,2023-10-31,11.0,3.9,549,23.4,1535,,,,,,,6.7,270,1429,2.8,230,1217,0.6,534,250,5.6,22,1616,76.1,9.2,1011.7,1024.3,806,1018.9,1504,1021.6,10.7,8.3,,,,,,,,,2.1,1.3,14.9,-0.7,,,,,,,,,,,,,,,2023,10,44,304,0,0,1,0
278,의성,2023-11-01,12.4,3.2,635,23.8,1522,,,,,,,3.4,360,1341,1.5,340,1342,0.4,306,360,8.2,42,1548,79.9,11.1,1008.9,1021.4,821,1015.6,1618,1018.7,10.7,8.3,,,,,,,,,2.3,0.0,15.1,-0.8,,,,,,,,,,,,,,,2023,11,44,305,0,0,1,0
278,의성,2023-11-02,14.7,8.2,534,27.1,1449,,,,,,,4.5,270,1422,2.5,230,1402,0.5,400,50,10.2,33,1441,80.3,12.5,1007.5,1019.9,820,1014.7,1538,1017.2,10.7,7.8,,,,,,,,,2.4,1.1,16.9,4.0,,,,,,,,,,,,,,,2023,11,44,306,0,0,1,0
278,의성,2023-11-03,15.0,6.2,655,24.9,1429,,,,,,,5.9,290,1235,3.1,290,1239,0.6,535,250,10.2,41,1218,77.5,12.5,1006.1,1017.1,537,1013.4,1435,1015.7,10.6,8.9,,,,,,,,,2.3,0.9,16.7,1.4,,,,,,,,,,,,,,,2023,11,44,307,0,0,1,0
278,의성,2023-11-04,16.0,11.9,247,22.8,1142,,,,,,1.0,5.9,20,1326,3.0,20,1329,0.4,358,70,14.3,61,1143,91.1,16.4,1011.0,1023.4,2302,1016.7,1,1020.7,10.6,1.1,,,,,,,,,8.0,4.8,16.0,8.6,,,,,,,,,,,,,,,2023,11,44,308,0,0,1,1
278,의성,2023-11-05,18.8,13.9,447,24.1,1442,,,,,,1.1,6.7,200,2332,3.3,200,2339,0.7,622,160,15.7,57,1443,84.3,17.8,1008.1,1023.1,1,1009.8,2359,1017.6,10.6,1.0,,,,,,,,,8.5,6.0,18.9,10.2,,,,,,,,,,,,,,,2023,11,44,309,0,0,1,1
278,의성,2023-11-06,17.1,11.5,2359,22.1,504,,,,,,7.6,14.0,320,1949,7.0,270,2009,3.4,2970,270,9.8,37,1747,65.4,13.5,997.4,1012.4,2358,1002.1,818,1006.9,10.5,2.0,,,,,,,,,6.3,5.5,16.5,9.6,,,,,,,,,,,,,,,2023,11,45,310,0,0,1,1
278,의성,2023-11-07,8.8,0.6,2348,14.3,1412,,,,,,,11.4,270,1036,6.5,290,941,2.8,2446,270,-1.0,24,1424,54.1,5.8,1009.3,1023.4,2143,1012.3,1,1019.3,10.5,8.6,,,,,,,,,2.3,1.9,10.3,-2.8,,,,,,,,,,,,,,,2023,11,45,311,0,0,0,0
278,의성,2023-11-08,6.0,-1.8,613,17.7,1533,,,,,,,4.5,290,1501,1.7,320,1501,0.4,378,340,0.1,28,1502,71.5,6.2,1012.7,1025.3,808,1020.0,1430,1022.8,10.5,8.5,,,,,,,,,2.0,0.0,8.3,-6.4,,,,,,,,,,,,,,,2023,11,45,312,0,0,0,0
278,의성,2023-11-09,10.3,0.7,657,19.1,1311,,,,,,0.6,3.2,270,1406,1.9,270,1327,0.5,422,250,6.4,49,1314,80.0,9.9,1010.0,1023.1,757,1017.4,1755,1019.9,10.4,5.4,,,,,,,,,6.0,2.6,10.8,-2.9,,,,,,,,,,,,,,,2023,11,45,313,0,0,1,0
278,의성,2023-11-10,8.0,-1.1,2354,13.0,405,,,,,,6.5,8.1,270,1124,4.4,270,1309,1.5,1300,290,1.7,26,1611,68.3,7.5,1011.8,1027.3,2347,1016.9,309,1021.8,10.4,6.2,,,,,,,,,5.3,3.3,10.2,-5.2,,,,,,,,,,,,,,,2023,11,45,314,0,0,0,1
278,의성,2023-11-11,2.1,-2.9,709,8.0,1224,,,,,,,3.1,270,1547,1.8,250,1149,0.5,448,230,-2.8,42,1152,72.9,5.0,1016.9,1029.0,638,1025.1,1458,1027.2,10.4,3.4,,,,,,,,,4.6,2.3,4.1,-6.9,,,,,,,,,,,,,,,2023,11,45,315,0,0,0,0
278,의성,2023-11-12,1.0,-4.7,711,8.1,1444,,,,,,,9.9,320,1328,5.1,290,1332,1.4,1173,290,-4.9,32,1437,68.8,4.3,1015.7,1028.0,649,1023.2,1418,1026.0,10.4,8.8,,,,,,,,,0.0,0.0,3.3,-10.1,,,,,,,,,,,,,,,2023,11,45,316,0,0,0,0
278,의성,2023-11-13,0.5,-6.2,651,9.6,1521,,,,,,,8.0,270,1417,4.1,290,1417,1.0,895,270,-6.6,20,1444,66.6,3.8,1016.4,1028.4,838,1024.6,1522,1026.7,10.3,8.8,,,,,,,,,0.0,0.0,3.5,-12.0,,,,,,,,,,,,,,,2023,11,46,317,0,0,0,0
278,의성,2023-11-14,2.5,-5.1,708,12.2,1510,,,,,,,8.2,340,1421,3.3,290,1423,0.9,735,290,-2.2,39,1407,74.6,5.3,1015.9,1028.0,819,1023.6,1510,1026.2,10.3,8.7,,,,,,,,,2.1,0.8,4.9,-9.9,,,,,,,,,,,,,,,2023,11,46,318,0,0,0,0
278,의성,2023-11-15,3.8,-3.2,635,14.2,1440,,,,,,,4.6,290,1618,2.4,270,1534,0.5,442,290,-0.5,33,1345,77.8,5.9,1017.3,1029.6,757,1025.3,1431,1027.5,10.3,8.7,,,,,,,,,0.9,0.0,5.8,-8.6,,,,,,,,,,,,,,,2023,11,46,319,0,0,0,0
278,의성,2023-11-16,3.7,-1.3,147,7.6,1325,,,,,,7.5,2.4,230,2201,1.4,140,2116,0.4,312,250,2.6,71,1230,93.4,7.5,1010.1,1027.8,2,1015.2,2356,1020.3,10.2,0.0,,,,,,,,,7.5,2.1,5.1,-6.2,,,,,,,,,,,,,,,2023,11,46,320,0,0,0,1
278,의성,2023-11-17,4.6,0.8,2258,9.9,1343,,,,,,0.3,8.3,230,1433,4.2,270,1435,1.8,1551,270,-1.5,25,1241,68.5,5.6,1002.4,1015.4,857,1009.5,1408,1012.5,10.2,6.5,,,,,,,,,5.5,3.5,5.8,-3.1,,,,,,,,,,,,,,,2023,11,46,321,0,0,0,0
278,의성,2023-11-18,1.8,-2.3,653,6.4,1506,,,,,,,10.9,290,1128,5.3,290,1152,2.7,2358,290,-6.5,40,1145,55.1,3.9,1006.0,1020.1,2246,1011.2,202,1016.2,10.2,8.6,,,,,,,,,0.5,0.4,3.1,-4.6,,,,,,,,,,,,,,,2023,11,46,322,0,0,0,0
278,의성,2023-11-19,5.4,-3.9,557,14.4,1523,,,,,,,9.6,320,1146,4.9,290,1155,1.2,1017,270,1.0,47,1526,76.3,6.7,1006.9,1020.7,117,1013.4,1623,1017.0,10.2,3.8,,,,,,,,,3.4,2.6,4.6,-8.9,,,,,,,,,,,,,,,2023,11,46,323,0,0,0,0
278,의성,2023-11-20,4.1,-1.8,2348,13.6,1448,,,,,,,2.9,110,23,1.8,90,27,0.5,434,270,-1.1,30,1547,73.9,5.7,1012.8,1024.9,2319,1017.5,9,1022.9,10.1,8.6,,,,,,,,,0.0,0.0,5.6,-8.1,,,,,,,,,,,,,,,2023,11,47,324,0,0,0,0
278,의성,2023-11-21,3.7,-4.5,700,16.6,1510,,,,,,,4.5,250,1409,2.4,230,1403,0.5,408,270,-2.6,21,1516,71.0,5.1,1011.5,1024.7,4,1018.3,1529,1021.6,10.1,8.5,,,,,,,,,0.0,0.0,5.0,-10.1,,,,,,,,,,,,,,,2023,11,47,325,0,0,0,0
278,의성,2023-11-22,5.4,-3.3,701,17.8,1510,,,,,,,3.7,200,1315,2.3,230,1321,0.4,358,270,0.6,32,1541,75.5,6.5,1007.0,1020.9,133,1013.4,1603,1017.0,10.1,8.4,,,,,,,,,2.1,0.6,6.0,-8.9,,,,,,,,,,,,,,,2023,11,47,326,0,0,0,0
278,의성,2023-11-23,10.7,2.8,533,19.6,1318,,,,,,0.0,13.0,290,2146,6.7,290,2223,1.4,1252,290,1.7,23,1849,59.0,7.1,1002.4,1016.5,2354,1008.3,1332,1012.2,10.1,7.3,,,,,,,,,2.9,1.3,10.2,-0.3,,,,,,,,,,,,,,,2023,11,47,327,0,0,1,0
278,의성,2023-11-24,2.3,-4.3,2353,7.8,1,,,,,,,10.5,270,1208,5.1,270,1302,3.0,2568,290,-10.5,21,1456,40.1,2.8,1015.6,1031.8,2352,1016.6,1,1025.9,10.0,8.3,,,,,,,,,0.3,0.0,4.2,-9.7,,,,,,,,,,,,,,,2023,11,47,328,0,0,0,0
278,의성,2023-11-25,-2.5,-8.6,652,5.9,1507,,,,,,,2.9,290,1232,1.6,230,1437,0.5,402,180,-11.0,17,1618,57.4,2.7,1021.1,1034.8,805,1029.4,1623,1031.6,10.0,8.3,,,,,,,,,0.1,0.0,2.1,-13.7,,,,,,,,,,,,,,,2023,11,47,329,0,0,0,0
278,의성,2023-11-26,2.6,-6.1,210,10.1,1412,,,,,,0.6,3.0,270,1414,1.5,250,1419,0.4,374,230,-6.3,25,1159,56.9,4.0,1014.7,1030.1,15,1020.9,2205,1024.9,10.0,6.7,,,,,,,,,5.5,3.5,5.0,-10.0,,,,,,,,,,,,,,,2023,11,47,330,0,0,0,0
278,의성,2023-11-27,4.1,1.7,2144,7.8,1530,,,,,,1.2,2.3,90,1,1.0,50,8,0.3,248,20,3.4,81,1147,95.6,7.8,1004.8,1020.8,1,1012.1,1409,1014.8,10.0,0.4,,,,,,,,,7.6,4.8,5.7,-1.7,,,,,,,,,,,,,,,2023,11,48,331,0,0,0,1
278,의성,2023-11-28,3.0,-3.0,2341,8.0,1429,,,,,,,12.1,318,1359,5.7,320,1510,1.9,163080,270,-4.4,28,1203,63.0,4.5,1009.6,1023.5,2346,1014.6,1,1019.7,10.6,8.0,,,,,,,,,1.4,0.5,4.3,-7.8,,,,,,,,,,,,,,,2023,11,48,332,0,0,0,0
278,의성,2023-11-29,2.1,-4.4,704,7.7,1443,,,,,,,10.0,318,2217,5.4,290,2222,1.4,124200,290,-3.6,44,1421,69.0,4.7,1013.4,1026.0,928,1021.0,1541,1023.6,10.6,4.7,,,,,,,,,4.6,3.3,3.2,-9.4,,,,,,,,,,,,,,,2023,11,48,333,0,0,0,0
278,의성,2023-11-30,-1.6,-6.0,2400,2.4,1357,,,,,,,9.5,290,222,4.7,290,238,2.2,1923,290,-11.8,25,1252,47.5,2.5,1016.6,1029.4,911,1025.1,1,1027.0,9.9,8.2,,,,,,,,,0.0,0.0,1.4,-10.9,,,,,,,,,,,,,,,2023,11,48,334,0,0,0,0
278,의성,2023-12-01,-2.6,-9.2,638,5.0,1330,,,,,,,8.6,270,1154,4.7,290,1602,1.2,1019,270,-10.5,24,1425,60.6,2.8,1014.6,1027.1,2332,1022.5,1356,1025.0,9.9,8.2,,,,,,,,,0.0,0.0,0.4,-14.5,,,,,,,,,,,,,,,2023,12,48,335,0,0,0,0
278,의성,2023-12-02,-1.6,-9.3,632,8.0,1521,,,,,,0.0,3.9,290,1522,2.4,290,1527,0.4,366,290,-5.6,48,1358,75.8,4.2,1014.9,1028.3,835,1022.8,2021,1025.3,9.9,1.7,,,,,,,,,3.6,3.6,0.2,-14.1,,,,,,,,,,,,,,,2023,12,48,336,0,0,0,0
278,의성,2023-12-03,0.5,-5.5,2355,8.9,1407,,,,,,,5.5,250,1453,2.8,250,1437,0.8,674,270,-6.6,23,1451,65.9,3.8,1015.1,1026.9,1032,1023.0,31,1025.5,9.9,8.3,,,,,,,,,0.8,0.3,3.3,-11.5,,,,,,,,,,,,,,,2023,12,48,337,0,0,0,0
278,의성,2023-12-04,-0.1,-8.2,644,11.0,1508,,,,,,,4.9,320,1357,2.5,290,1405,0.5,400,20,-6.8,24,1334,65.5,3.7,1011.5,1026.4,1,1018.1,1529,1021.8,9.8,8.2,,,,,,,,,2.8,0.1,2.6,-13.3,,,,,,,,,,,,,,,2023,12,49,338,0,0,0,0
278,의성,2023-12-05,1.6,-4.8,447,12.9,1442,,,,,,,2.9,360,1234,1.6,250,1547,0.3,300,20,-4.8,27,1445,67.1,4.3,1007.7,1020.6,214,1014.8,1429,1017.9,9.8,7.3,,,,,,,,,4.0,1.4,2.4,-10.0,,,,,,,,,,,,,,,2023,12,49,339,0,0,0,0
278,의성,2023-12-06,2.3,-5.2,704,11.0,1318,,,,,,0.6,3.5,320,1948,1.7,340,1514,0.4,317,320,-1.1,47,1227,80.8,5.8,1001.0,1017.1,3,1005.8,1805,1011.1,9.8,4.2,,,,,,,,,4.6,1.9,2.5,-10.3,,,,,,,,,,,,,,,2023,12,49,340,0,0,0,0
278,의성,2023-12-07,,-0.4,805,12.2,1515,,,,,,,9.1,320,349,4.7,290,117,1.8,1530,290,,29,1454,,,,1017.9,2014,1008.3,2,,9.8,8.1,,,,,,,,,0.0,,6.0,-4.8,,,,,,,,,,,,,,,2023,12,49,341,0,0,0,0
278,의성,2023-12-08,4.8,-3.8,730,17.7,1527,,,,,,,6.3,250,1540,2.9,230,1556,0.5,455,250,1.1,46,1433,80.1,6.9,1005.6,1019.3,810,1011.6,1514,1015.7,9.8,8.1,,,,,,,,,0.1,0.0,4.9,-8.7,,,,,,,,,,,,,,,2023,12,49,342,0,0,0,0
278,의성,2023-12-09,7.7,0.2,716,19.2,1424,,,,,,,4.6,290,1249,2.6,250,1303,0.3,278,250,4.8,46,1447,85.4,8.8,1008.1,1021.4,2344,1014.4,31,1018.1,9.8,8.0,,,,,,,,,2.3,0.0,6.3,-4.8,,,,,,,,,,,,,,,2023,12,49,343,0,0,0,0
278,의성,2023-12-10,9.9,1.7,520,18.6,1450,,,,,,,3.3,110,1728,1.8,110,1737,0.4,345,140,5.9,55,1450,79.3,9.4,1012.8,1024.9,955,1020.2,1449,1022.7,9.8,6.5,,,,,,,,,7.5,4.0,9.2,-2.6,,,,,,,,,,,,,,,2023,12,49,344,0,0,0,0
278,의성,2023-12-11,11.9,9.6,30,14.0,750,,,,,,24.3,7.9,50,2334,4.2,70,2340,1.4,1219,70,10.0,78,132,88.4,12.3,1006.3,1023.4,1,1011.1,1833,1016.1,9.7,0.0,,,,,,,,,7.6,6.3,10.3,7.1,,,,,,,,,,,,,,,2023,12,50,345,0,0,1,1
278,의성,2023-12-12,7.7,1.8,2349,11.9,1,,,,,,,12.3,50,121,5.1,50,122,1.7,1488,70,2.7,54,1506,72.0,7.4,1010.4,1027.2,2349,1011.7,19,1020.3,9.7,0.7,,,,,,,,,5.3,4.5,8.4,-3.4,,,,,,,,,,,,,,,2023,12,50,346,0,0,0,0
278,의성,2023-12-13,5.1,-0.9,512,11.9,1452,,,,,,,3.8,20,1446,2.4,50,1455,0.5,422,20,2.7,60,1313,86.5,7.5,1018.3,1029.8,838,1027.1,1,1028.5,9.7,2.6,,,,,,,,,6.5,5.6,6.2,-6.2,,,,,,,,,,,,,,,2023,12,50,347,0,0,0,0
278,의성,2023-12-14,7.6,3.4,218,10.5,1318,,,,,,15.5,3.2,70,2353,1.7,20,2357,0.3,218,50,6.8,76,1240,95.1,9.9,1013.6,1029.3,217,1016.6,2400,1023.6,9.7,0.0,,,,,,,,,7.4,6.0,7.2,-0.5,,,,,,,,,,,,,,,2023,12,50,348,0,0,0,1
278,의성,2023-12-15,9.3,7.7,2239,10.5,1314,,,,,,38.9,5.7,290,2118,2.7,290,2110,0.5,419,20,9.1,88,2119,99.3,11.5,1001.6,1016.7,4,1007.5,1359,1011.4,9.7,0.0,,,,,,,,,8.8,8.0,9.0,7.0,,,,,,,,,,,,,,,2023,12,50,349,0,0,0,1
278,의성,2023-12-16,0.9,-5.5,2355,8.1,27,,,,,,0.0,17.3,320,1523,7.8,290,1526,3.5,3043,290,-4.3,50,1606,68.8,4.9,1008.9,1027.0,2359,1013.4,517,1019.2,9.7,2.9,,,,,,,,,5.8,4.0,3.0,-6.8,,,,,,,,,,,,,,,2023,12,50,350,0,0,0,0
278,의성,2023-12-17,-6.7,-10.1,2358,-3.2,1426,,,,,,,9.5,320,1208,5.2,290,1321,2.4,2110,290,-16.0,30,1442,49.1,1.8,1021.4,1036.0,2252,1027.0,1,1032.1,9.7,8.4,,,,,,,,,0.0,0.0,-3.3,-13.1,,,,,,,,,,,,,,,2023,12,50,351,0,0,0,0
278,의성,2023-12-18,-5.2,-12.1,542,-0.2,1457,,,,,,,5.7,250,1238,2.6,230,1235,0.7,603,270,-12.9,34,1328,58.8,2.3,1023.2,1037.1,938,1031.2,1646,1033.8,9.7,5.0,,,,,,,,,7.1,4.0,-2.4,-14.6,,,,,,,,,,,,,,,2023,12,51,352,0,0,0,0
278,의성,2023-12-19,-2.5,-7.0,742,2.5,1355,,,,,,,3.2,270,1531,1.9,270,1533,0.4,360,250,-10.2,31,1223,57.8,2.8,1017.3,1031.6,303,1025.1,2359,1027.8,9.7,3.0,,,,,,,,,7.5,2.9,-0.8,-9.8,,,,,,,,,,,,,,,2023,12,51,353,0,0,0,0
278,의성,2023-12-20,-3.7,-8.3,2338,0.0,1332,,,,,,0.0,10.7,250,1404,5.3,270,1140,2.1,1793,290,-11.3,42,1340,57.1,2.7,1014.5,1026.6,2250,1023.3,1414,1025.0,9.7,6.4,,,,,,,,,4.6,3.8,-1.2,-12.5,,,,,,,,,,,,,,,2023,12,51,354,0,0,0,0
278,의성,2023-12-21,-9.0,-13.0,627,-4.0,1416,,,,,,,10.5,320,1235,5.4,290,1330,1.7,1496,270,-16.0,30,1421,59.9,1.8,1017.9,1031.7,2328,1026.4,419,1028.6,9.7,8.4,,,,,,,,,0.0,0.0,-4.8,-17.4,,,,,,,,,,,,,,,2023,12,51,355,0,0,0,0
278,의성,2023-12-22,-9.0,-14.0,326,-3.4,1524,,,,,,,9.2,320,1202,5.2,290,1209,1.7,1474,270,-18.2,24,1431,51.0,1.5,1023.8,1038.5,2350,1031.2,39,1034.6,9.7,8.4,,,,,,,,,0.0,0.0,-5.6,-18.1,,,,,,,,,,,,,,,2023,12,51,356,0,0,0,0
278,의성,2023-12-23,-7.7,-14.9,455,1.5,1508,,,,,,,5.3,270,1408,2.6,270,1444,0.5,441,200,-13.7,28,1341,66.6,2.2,1025.7,1039.2,829,1034.5,1513,1036.4,9.7,8.0,,,,,,,,,2.3,0.1,-4.2,-18.9,,,,,,,,,,,,,,,2023,12,51,357,0,0,0,0
278,의성,2023-12-24,-4.2,-9.0,707,3.6,1433,,,,,,,5.8,270,1357,3.3,270,1350,0.6,521,290,-8.3,48,1352,74.5,3.3,1020.3,1034.7,1,1028.5,1645,1030.9,9.7,5.1,,,,,,,,,3.8,3.4,-1.0,-12.9,,,,,,,,,,,,,,,2023,12,51,358,0,0,0,0
278,의성,2023-12-25,-3.5,-10.7,707,4.6,1419,,,,,,,8.9,290,1324,4.4,270,1329,0.8,689,270,-7.3,47,1419,77.4,3.6,1018.4,1030.2,1005,1027.1,1403,1029.0,9.7,4.4,,,,,,,,,2.9,1.5,-2.4,-15.1,,,,,,,,,,,,,,,2023,12,52,359,0,0,0,0
278,의성,2023-12-26,-0.1,-6.4,39,7.6,1427,,,,,,,9.9,290,1245,5.5,270,1207,1.1,909,270,-4.1,46,1419,77.1,4.5,1018.7,1031.5,2357,1026.6,1424,1029.1,9.7,6.4,,,,,,,,,6.3,3.9,0.7,-12.4,,,,,,,,,,,,,,,2023,12,52,360,0,0,0,0
278,의성,2023-12-27,0.5,-4.7,744,9.9,1455,,,,,,,2.5,140,1304,1.2,320,1421,0.2,207,250,-4.3,31,1503,74.3,4.4,1020.0,1032.6,841,1028.7,1431,1030.3,9.7,8.1,,,,,,,,,2.9,1.5,1.4,-9.7,,,,,,,,,,,,,,,2023,12,52,361,0,0,0,0
278,의성,2023-12-28,-0.9,-6.9,701,8.5,1428,,,,,,,4.9,340,1431,3.0,270,1544,0.7,603,50,-4.8,40,1516,77.9,4.3,1017.6,1029.4,1,1025.4,1400,1028.0,9.7,7.9,,,,,,,,,0.3,0.0,0.0,-11.7,,,,,,,,,,,,,,,2023,12,52,362,0,0,0,0
278,의성,2023-12-29,-1.2,-7.5,719,8.1,1405,,,,,,,5.1,270,1500,2.4,250,1344,0.5,404,250,-4.7,45,1431,79.6,4.3,1016.2,1029.7,231,1024.1,1613,1026.6,9.7,7.9,,,,,,,,,1.8,0.0,0.1,-13.0,,,,,,,,,,,,,,,2023,12,52,363,0,0,0,0
278,의성,2023-12-30,0.3,-6.6,657,6.3,1242,,,,,,0.0,2.7,250,1042,1.8,270,1045,0.3,275,270,-2.4,58,1240,83.3,5.2,1008.2,1024.7,152,1013.0,2357,1018.4,9.7,1.7,,,,,,,,,5.1,5.0,-0.4,-11.1,,,,,,,,,,,,,,,2023,12,52,364,0,0,0,0
278,의성,2023-12-31,3.1,-0.5,2400,7.3,1458,,,,,,2.2,9.0,320,1313,4.6,290,1250,1.0,883,270,1.3,66,1459,89.4,6.8,1006.8,1026.1,2344,1010.5,521,1016.9,9.7,1.3,,,,,,,,,4.0,3.4,3.6,-5.4,,,,,,,,,,,,,,,2023,12,52,365,0,0,0,1
278,의성,2024-01-01,3.0,-2.5,230,9.1,1305,,,,,,,3.5,50,1309,1.7,110,1318,0.4,370,90,-0.1,51,1344,82.3,6.1,1016.7,1030.0,857,1024.4,2327,1027.0,9.7,3.9,,,,,,,,,2.6,2.6,2.8,-7.8,,,,,,,,,,,,,,,2024,1,1,1,0,0,0,0
278,의성,2024-01-02,3.2,-0.6,500,8.1,1402,,,,,,,7.1,320,1428,3.6,290,1437,0.6,557,290,0.1,56,1426,81.3,6.1,1011.2,1024.6,4,1019.4,1543,1021.4,9.7,0.3,,,,,,,,,7.3,6.0,3.4,-5.6,,,,,,,,,,,,,,,2024,1,1,2,0,0,0,0
278,의성,2024-01-03,2.6,-1.0,2306,6.2,1321,,,,,,1.4,6.9,340,1528,3.9,320,1548,1.1,974,270,-0.5,56,1554,82.0,5.9,1008.3,1021.0,2356,1015.7,1342,1018.5,9.8,2.0,,,,,,,,,6.5,5.8,3.2,-5.6,,,,,,,,,,,,,,,2024,1,1,3,0,0,0,1
278,의성,2024-01-04,-0.9,-5.9,714,7.4,1500,,,,,,,5.8,250,1325,3.3,250,1325,0.6,540,270,-5.0,36,1313,77.4,4.2,1011.9,1024.9,1023,1020.4,1513,1022.2,9.8,8.2,,,,,,,,,0.0,0.0,0.9,-11.3,,,,,,,,,,,,,,,2024,1,1,4,0,0,0,0
278,의성,2024-01-05,-0.1,-6.1,630,9.4,1547,,,,,,,2.4,250,1546,1.2,340,1737,0.2,146,50,-2.4,58,1454,86.0,5.3,1010.2,1022.5,909,1018.4,1544,1020.5,9.8,0.7,,,,,,,,,4.5,2.1,0.2,-10.7,,,,,,,,,,,,,,,2024,1,1,5,0,0,0,0
278,의성,2024-01-06,-0.2,-5.8,733,7.7,1434,,,,,,,6.8,270,1610,3.4,270,1448,0.9,761,270,-6.4,26,1612,69.6,3.8,1010.6,1022.5,925,1019.1,1407,1021.0,9.8,8.2,,,,,,,,,1.0,0.8,0.2,-11.3,,,,,,,,,,,,,,,2024,1,1,6,0,0,0,0
278,의성,2024-01-07,-1.9,-7.0,2400,1.9,1235,,,,,,,13.5,270,1630,6.4,290,1343,2.2,1940,290,-11.4,27,1317,51.1,2.7,1013.8,1027.2,2347,1021.5,118,1024.2,9.8,8.1,,,,,,,,,0.8,0.4,-1.6,-11.7,,,,,,,,,,,,,,,2024,1,1,7,0,0,0,0
278,의성,2024-01-08,-6.0,-12.5,709,2.9,1532,,,,,,,4.0,230,1441,2.3,270,1528,0.5,431,230,-13.6,19,1505,60.4,2.2,1015.9,1029.9,831,1023.9,1546,1026.5,9.8,8.2,,,,,,,,,0.8,0.0,-2.8,-17.0,,,,,,,,,,,,,,,2024,1,2,8,0,0,0,0
278,의성,2024-01-09,-1.9,-9.9,243,4.0,1306,,,,,,1.5,3.1,50,1459,1.9,20,1508,0.3,256,320,-6.2,51,1309,73.6,4.0,1009.7,1024.7,1,1017.5,1706,1020.0,9.8,0.1,,,,,,,,,7.6,7.5,-1.7,-13.4,,,,,,,,,,,,,,,2024,1,2,9,0,0,0,1
278,의성,2024-01-10,0.7,-2.1,2255,5.6,1528,,,,,,0.1,3.2,200,1351,2.1,160,1459,0.5,403,160,-0.3,72,1523,93.1,6.0,1009.2,1021.0,2137,1017.4,111,1019.4,9.9,4.6,,,,,,,,,2.4,1.8,1.5,-7.9,,,,,,,,,,,,,,,2024,1,2,10,0,0,0,0
278,의성,2024-01-11,-0.3,-5.2,807,4.9,1507,,,,,,,8.1,290,1437,4.7,270,1548,1.2,1015,270,-3.3,52,1412,82.3,4.8,1007.8,1021.2,900,1015.8,2209,1018.1,9.9,5.4,,,,,,,,,2.3,2.3,1.3,-6.7,,,,,,,,,,,,,,,2024,1,2,11,0,0,0,0
278,의성,2024-01-12,1.8,-4.6,2356,9.4,1410,,,,,,,8.6,270,1431,4.7,270,1515,1.2,1023,270,-6.3,19,1435,62.9,4.0,1007.1,1020.1,2355,1015.6,402,1017.4,9.9,8.2,,,,,,,,,1.1,1.1,1.6,-10.4,,,,,,,,,,,,,,,2024,1,2,12,0,0,0,0
278,의성,2024-01-13,-1.8,-8.1,755,7.3,1441,,,,,,,5.4,200,1243,2.7,230,1249,0.6,521,140,-10.3,20,1425,57.8,2.8,1013.9,1027.2,2132,1020.0,1,1024.3,9.9,8.2,,,,,,,,,0.0,0.0,-0.9,-13.8,,,,,,,,,,,,,,,2024,1,2,13,0,0,0,0
278,의성,2024-01-14,0.9,-8.7,724,11.8,1428,,,,,,0.9,4.3,250,1454,2.3,250,1456,0.5,405,70,-3.0,37,1413,79.5,5.3,1011.0,1026.5,1,1016.6,1512,1021.3,9.9,6.0,,,,,,,,,1.0,0.4,0.1,-12.4,,,,,,,,,,,,,,,2024,1,2,14,0,0,0,0
278,의성,2024-01-15,-1.6,-6.9,2359,4.9,1507,,,,,,,6.3,270,1538,3.6,270,1544,1.1,911,50,-6.9,35,1444,71.0,3.7,1015.4,1029.4,2231,1020.2,1,1025.8,10.0,8.2,,,,,,,,,0.8,0.0,0.3,-11.8,,,,,,,,,,,,,,,2024,1,3,15,0,0,0,0
278,의성,2024-01-16,-2.9,-10.4,720,7.0,1537,,,,,,,3.2,290,1444,1.6,290,1449,0.4,314,320,-9.2,29,1520,66.3,3.1,1021.6,1034.8,1002,1029.5,1,1032.1,10.0,7.9,,,,,,,,,2.4,0.0,-1.4,-14.8,,,,,,,,,,,,,,,2024,1,3,16,0,0,0,0
278,의성,2024-01-17,0.5,-6.3,141,5.0,1433,,,,,,2.4,2.8,20,1131,1.6,50,1137,0.3,226,290,-3.0,51,1325,79.3,5.1,1016.1,1032.0,6,1021.1,2346,1026.4,10.0,0.0,,,,,,,,,8.1,7.0,-0.2,-10.7,,,,,,,,,,,,,,,2024,1,3,17,0,0,0,1
278,의성,2024-01-18,4.8,1.9,1,7.7,1612,,,,,,2.1,6.0,20,2030,2.4,70,2039,0.6,492,70,3.3,73,2216,90.9,7.8,1012.6,1027.3,2311,1019.6,453,1022.7,10.0,0.0,,,,,,,,,8.5,7.5,3.7,1.4,,,,,,,,,,,,,,,2024,1,3,18,0,0,0,1
278,의성,2024-01-19,5.4,4.6,1914,6.6,12,,,,,,,7.9,90,1402,3.8,90,1405,1.7,1503,70,0.8,65,1304,72.6,6.5,1018.8,1030.3,1037,1027.2,34,1029.0,10.0,0.0,,,,,,,,,8.1,8.1,3.6,3.6,,,,,,,,,,,,,,,2024,1,3,19,0,0,0,0
278,의성,2024-01-20,4.5,3.4,2307,6.4,1013,,,,,,8.5,6.4,50,1442,3.2,50,1006,1.6,1424,50,2.9,78,1025,89.9,7.5,1015.1,1029.5,14,1022.7,2400,1025.3,10.1,0.0,,,,,,,,,9.5,7.5,3.7,2.3,,,,,,,,,,,,,,,2024,1,3,20,0,0,0,1
278,의성,2024-01-21,4.8,1.1,255,9.5,1332,,,,,,0.7,4.7,290,2251,2.5,50,1221,0.6,552,290,2.3,58,1253,86.1,7.2,1013.1,1024.8,1041,1021.6,1355,1023.2,10.1,0.5,,,,,,,,,4.5,4.0,4.9,-2.3,,,,,,,,,,,,,,,2024,1,3,21,0,0,0,0
278,의성,2024-01-22,-3.0,-7.9,2347,3.7,1,,,,,,,11.0,320,1323,5.8,290,1328,3.4,2914,290,-10.3,42,1534,58.1,3.0,1014.3,1026.5,2150,1022.8,1414,1024.7,10.1,5.1,,,,,,,,,4.8,4.0,0.3,-9.5,,,,,,,,,,,,,,,2024,1,4,22,0,0,0,0
278,의성,2024-01-23,-8.3,-10.9,720,-4.2,1314,,,,,,,11.7,290,1356,6.3,320,1353,3.3,2819,290,-16.0,37,1539,53.8,1.8,1013.2,1026.3,612,1020.8,1534,1023.9,10.1,7.3,,,,,,,,,1.9,0.6,-4.6,-12.9,,,,,,,,,,,,,,,2024,1,4,23,0,0,0,0
278,의성,2024-01-24,-8.0,-14.0,751,-1.4,1442,,,,,,,10.7,290,1347,5.5,290,1350,2.2,1886,290,-15.4,33,1424,57.5,1.9,1013.9,1027.3,2400,1022.1,1428,1024.6,10.2,8.5,,,,,,,,,0.0,0.0,-3.9,-16.9,,,,,,,,,,,,,,,2024,1,4,24,0,0,0,0
278,의성,2024-01-25,-6.4,-13.9,717,2.1,1514,,,,,,,7.2,270,1708,3.1,270,1323,0.8,726,270,-14.3,23,1354,60.1,2.0,1017.0,1029.2,915,1025.4,1630,1027.6,10.2,8.7,,,,,,,,,0.0,0.0,-3.0,-18.0,,,,,,,,,,,,,,,2024,1,4,25,0,0,0,0
278,의성,2024-01-26,-2.9,-11.5,720,6.8,1448,,,,,,,5.8,270,1508,3.2,290,1550,0.9,753,270,-9.6,23,1420,65.5,3.0,1017.7,1030.1,836,1025.3,1418,1028.2,10.2,8.7,,,,,,,,,0.1,0.0,-1.5,-15.6,,,,,,,,,,,,,,,2024,1,4,26,0,0,0,0
278,의성,2024-01-27,-1.7,-8.9,738,7.7,1355,,,,,,,6.3,270,1448,3.3,270,1455,0.7,619,270,-8.1,28,1553,66.9,3.3,1016.0,1029.2,811,1023.7,1614,1026.4,10.2,8.6,,,,,,,,,1.1,0.9,-0.4,-14.2,,,,,,,,,,,,,,,2024,1,4,27,0,0,0,0
278,의성,2024-01-28,-1.7,-7.1,744,5.6,1410,,,,,,,7.4,320,1518,3.9,290,1518,0.9,816,270,-7.6,37,1353,67.5,3.5,1017.7,1031.0,2357,1025.9,1,1028.1,10.3,8.7,,,,,,,,,2.5,2.5,-0.1,-11.9,,,,,,,,,,,,,,,2024,1,4,28,0,0,0,0
278,의성,2024-01-29,-3.1,-9.8,744,6.3,1526,,,,,,,4.2,230,1353,2.7,230,1348,0.5,464,230,-7.8,38,1547,73.1,3.4,1020.1,1032.7,818,1028.2,1538,1030.7,10.3,8.7,,,,,,,,,0.0,0.0,-0.6,-15.2,,,,,,,,,,,,,,,2024,1,5,29,0,0,0,0
278,의성,2024-01-30,-1.4,-10.0,740,9.3,1551,,,,,,,3.2,270,1357,1.6,270,1324,0.4,333,250,-7.0,30,1239,69.8,3.6,1018.8,1032.9,838,1026.6,1522,1029.2,10.3,8.7,,,,,,,,,3.6,1.9,-0.3,-15.2,,,,,,,,,,,,,,,2024,1,5,30,0,0,0,0
278,의성,2024-01-31,4.1,-2.5,1,13.8,1509,,,,,,,3.3,110,1427,2.0,270,1518,0.4,365,270,-3.7,25,1619,60.4,4.6,1013.1,1026.6,1,1019.7,1556,1023.3,10.4,7.6,,,,,,,,,4.4,4.3,2.9,-5.7,,,,,,,,,,,,,,,2024,1,5,31,0,0,0,0
278,의성,2024-02-01,3.8,0.0,247,9.4,1345,,,,,,,9.9,90,1547,5.1,70,1556,1.3,1101,70,-2.2,41,1235,66.4,5.2,1014.5,1027.4,2111,1022.3,1431,1024.7,10.4,0.0,,,,,,,,,9.8,9.6,2.5,-3.3,,,,,,,,,,,,,,,2024,2,5,32,1,0,0,0
278,의성,2024-02-02,3.6,-1.2,2343,8.7,1557,,,,,,,4.5,230,1528,2.2,200,1530,0.6,515,360,-1.0,52,1517,72.9,5.7,1017.2,1029.8,2359,1025.5,1415,1027.5,10.4,1.3,,,,,,,,,8.6,6.9,4.0,-5.7,,,,,,,,,,,,,,,2024,2,5,33,1,0,0,0
278,의성,2024-02-03,3.7,-0.7,1,8.3,1307,,,,,,1.9,4.5,90,1528,2.1,70,1533,0.4,369,70,1.6,63,1253,87.4,6.9,1017.7,1030.5,711,1025.7,1622,1027.9,10.5,0.1,,,,,,,,,8.1,6.3,2.4,-3.8,,,,,,,,,,,,,,,2024,2,5,34,1,0,0,1
278,의성,2024-02-04,4.8,0.5,509,8.9,1534,,,,,,0.2,4.5,90,1651,2.8,90,1704,0.7,569,50,2.1,63,1539,84.1,7.2,1015.4,1027.6,847,1023.2,2358,1025.5,10.5,0.0,,,,,,,,,9.3,9.3,4.7,-1.0,,,,,,,,,,,,,,,2024,2,5,35,1,0,0,0
278,의성,2024-02-05,4.4,2.1,2300,7.5,1316,,,,,,7.0,10.8,50,1253,5.1,70,1436,2.4,2065,70,1.2,67,1654,80.3,6.7,1010.3,1024.8,2358,1017.0,631,1020.4,10.5,0.4,,,,,,,,,10.0,6.1,4.8,1.2,,,,,,,,,,,,,,,2024,2,6,36,1,0,0,1
278,의성,2024-02-06,2.4,0.7,602,4.8,1352,,,,,,0.1,4.4,320,1543,2.2,320,1543,0.6,541,20,-0.1,69,1323,84.3,6.1,1013.9,1026.1,916,1022.7,1457,1024.1,10.6,0.0,,,,,,,,,9.6,9.6,3.7,-2.4,,,,,,,,,,,,,,,2024,2,6,37,1,0,0,0
278,의성,2024-02-07,0.5,-3.6,744,7.2,1431,,,,,,,3.9,180,1358,1.7,180,1404,0.5,471,320,-3.5,43,1425,78.3,4.7,1012.1,1024.6,918,1020.2,1515,1022.4,10.6,5.2,,,,,,,,,5.0,2.6,3.5,-8.0,,,,,,,,,,,,,,,2024,2,6,38,1,0,0,0
278,의성,2024-02-08,-0.4,-6.5,659,7.5,1539,,,,,,,4.6,270,1317,2.5,320,1214,0.6,555,250,-4.6,44,1545,76.6,4.3,1010.7,1023.2,848,1018.6,1453,1021.0,10.6,8.8,,,,,,,,,2.6,0.1,1.9,-11.5,,,,,,,,,,,,,,,2024,2,6,39,1,0,0,0
278,의성,2024-02-09,-0.2,-6.4,729,8.2,1443,,,,,,,7.2,340,1406,3.6,270,1602,0.9,802,270,-6.1,29,1435,70.1,3.9,1011.1,1023.2,911,1018.7,1509,1021.4,10.7,8.9,,,,,,,,,0.5,0.0,1.4,-11.0,,,,,,,,,,,,,,,2024,2,6,40,1,0,0,0
278,의성,2024-02-10,-0.7,-7.6,725,8.3,1418,,,,,,,7.7,290,1258,4.0,250,1449,1.0,904,290,-5.1,40,1513,75.4,4.2,1013.0,1024.8,906,1021.2,1501,1023.4,10.7,6.8,,,,,,,,,1.8,1.3,1.4,-12.8,,,,,,,,,,,,,,,2024,2,6,41,1,0,0,0
278,의성,2024-02-11,-0.1,-7.9,735,7.0,1424,,,,,,,9.6,340,1327,5.2,270,1450,1.4,1209,320,-5.1,47,1148,71.4,4.2,1013.7,1027.2,2357,1020.9,1356,1024.0,10.7,6.3,,,,,,,,,2.1,1.8,0.0,-13.3,,,,,,,,,,,,,,,2024,2,6,42,1,0,0,0
278,의성,2024-02-12,0.8,-6.6,707,11.6,1622,,,,,,,4.4,290,1308,2.4,290,1316,0.6,486,160,-5.9,21,1624,66.1,4.0,1018.9,1032.1,915,1026.6,1641,1029.3,10.8,9.4,,,,,,,,,0.0,0.0,2.2,-12.0,,,,,,,,,,,,,,,2024,2,7,43,1,0,0,0
278,의성,2024-02-13,3.9,-6.1,703,16.9,1513,,,,,,,7.3,230,1440,3.7,250,1433,0.8,663,250,-2.1,31,1400,69.5,5.4,1016.1,1029.5,150,1022.6,1559,1026.3,10.8,9.5,,,,,,,,,0.0,0.0,3.1,-11.0,,,,,,,,,,,,,,,2024,2,7,44,1,0,0,0
278,의성,2024-02-14,8.1,-0.1,134,19.7,1525,,,,,,1.0,4.8,290,1531,2.6,270,1546,0.5,459,270,5.6,54,1526,86.4,9.5,1011.5,1025.8,1,1017.9,1536,1021.5,10.8,3.1,,,,,,,,,5.8,4.6,7.3,-4.8,,,,,,,,,,,,,,,2024,2,7,45,1,0,0,1
278,의성,2024-02-15,6.7,3.5,2139,14.6,1140,,,,,,0.0,10.9,290,1506,5.5,290,1307,1.3,1123,290,4.0,66,2355,83.9,8.4,1007.5,1024.2,2314,1011.3,1235,1017.5,10.9,0.6,,,,,,,,,8.3,7.9,6.0,-0.2,,,,,,,,,,,,,,,2024,2,7,46,1,0,0,0
278,의성,2024-02-16,2.2,-3.0,2358,9.7,1608,,,,,,,5.3,340,1250,2.2,110,1107,0.7,625,50,-4.3,35,1546,65.1,4.4,1014.0,1027.5,827,1021.4,1630,1024.3,10.9,8.3,,,,,,,,,2.6,2.6,5.2,-8.4,,,,,,,,,,,,,,,2024,2,7,47,1,0,0,0
278,의성,2024-02-17,2.4,-6.2,723,14.4,1600,,,,,,,3.8,270,1329,1.9,270,1456,0.4,388,250,-4.2,24,1637,67.1,4.5,1011.8,1024.5,823,1019.2,1548,1022.1,10.9,9.7,,,,,,,,,0.0,0.0,4.5,-12.0,,,,,,,,,,,,,,,2024,2,7,48,1,0,0,0
278,의성,2024-02-18,6.3,-5.2,719,15.1,1452,,,,,,11.0,4.4,250,1453,2.5,250,1533,0.5,425,230,2.9,36,1214,82.5,8.4,1009.7,1023.9,823,1014.2,2400,1019.7,11.0,4.3,,,,,,,,,4.8,4.3,4.7,-11.5,,,,,,,,,,,,,,,2024,2,7,49,1,0,0,1
278,의성,2024-02-19,13.0,10.1,154,17.0,1431,,,,,,12.2,7.4,290,1828,3.3,290,1836,0.8,698,290,12.0,84,1433,94.0,14.1,1001.2,1016.4,2359,1007.3,1421,1010.9,11.0,0.0,,,,,,,,,8.4,8.4,11.1,9.2,,,,,,,,,,,,,,,2024,2,8,50,1,0,1,1
278,의성,2024-02-20,6.9,4.8,2233,11.7,1,,,,,,3.9,6.8,90,856,3.1,90,859,1.5,1261,50,5.4,81,1358,90.6,9.0,1013.0,1026.2,2115,1016.0,25,1023.1,11.0,0.0,,,,,,,,,9.8,9.8,7.4,3.8,,,,,,,,,,,,,,,2024,2,8,51,1,0,0,1
278,의성,2024-02-21,4.2,3.0,2337,5.3,1329,,,,,,5.8,7.7,50,1555,3.0,50,1528,1.5,1324,50,2.8,83,1334,91.3,7.5,1012.3,1025.4,1,1020.2,1520,1022.4,11.1,0.0,,,,,,,,,9.9,8.4,5.0,1.9,,,,,,,,,,,,,,,2024,2,8,52,1,0,0,1
278,의성,2024-02-22,2.4,1.4,512,4.2,1254,,,,,,2.6,7.9,50,553,3.4,70,1447,1.8,1517,50,-0.4,69,1624,82.3,6.0,1016.5,1028.9,2230,1022.5,22,1026.7,11.1,0.0,,,,,,,,,10.0,8.3,3.7,0.2,,,,,,,,,,,,,,,2024,2,8,53,1,0,0,1
278,의성,2024-02-23,2.5,1.0,346,5.2,1319,,,,,,,8.8,90,1625,4.9,90,1630,2.0,1766,50,-2.9,57,1145,67.9,4.9,1019.9,1033.5,2144,1027.4,401,1030.2,11.1,0.0,,,,,,,,,9.9,8.9,4.1,0.4,,,,,,,,,,,,,,,2024,2,8,54,1,0,0,0
278,의성,2024-02-24,2.6,0.7,630,5.1,1339,,,,,,0.7,6.2,90,1408,3.4,50,1322,1.3,1097,50,-2.3,55,1156,71.8,5.2,1018.8,1032.7,428,1024.9,2338,1029.1,11.2,0.0,,,,,,,,,10.0,10.0,3.4,-1.0,,,,,,,,,,,,,,,2024,2,8,55,1,0,0,0
278,의성,2024-02-25,3.1,0.6,205,6.0,1551,,,,,,1.4,3.0,50,1105,1.6,20,1108,0.4,361,50,1.9,78,1250,92.6,7.0,1012.6,1024.9,10,1020.8,1422,1022.8,11.2,0.0,,,,,,,,,9.6,9.3,4.6,-0.1,,,,,,,,,,,,,,,2024,2,8,56,1,0,0,1
278,의성,2024-02-26,3.8,-1.1,2358,9.3,1430,,,,,,,5.8,70,1546,3.2,90,1758,0.9,792,90,-1.0,43,1435,74.6,5.7,1017.1,1030.1,2400,1024.5,1,1027.3,11.3,1.6,,,,,,,,,7.1,6.0,5.4,-6.1,,,,,,,,,,,,,,,2024,2,9,57,1,0,0,0
278,의성,2024-02-27,1.0,-3.8,645,7.1,1529,,,,,,,6.3,90,1020,3.4,90,1026,0.7,637,110,-3.6,43,1456,74.4,4.7,1020.9,1032.5,913,1029.5,1658,1031.3,11.3,2.8,,,,,,,,,5.3,2.4,2.6,-8.7,,,,,,,,,,,,,,,2024,2,9,58,1,0,0,0
278,의성,2024-02-28,3.0,-5.0,645,11.9,1531,,,,,,,3.5,340,1328,1.9,70,1608,0.5,417,290,-2.2,38,1534,72.8,5.2,1018.7,1032.8,44,1025.8,1646,1029.0,11.3,7.4,,,,,,,,,3.9,1.9,3.5,-10.0,,,,,,,,,,,,,,,2024,2,9,59,1,0,0,0
278,의성,2024-02-29,2.6,-0.6,416,5.5,1121,,,,,,4.8,3.7,360,1427,1.9,360,1427,0.5,434,360,1.4,74,1123,92.0,6.8,1012.0,1027.6,127,1018.3,2330,1022.2,11.4,0.0,,,,,,,,,8.1,5.6,3.3,-4.6,,,,,,,,,,,,,,,2024,2,9,60,1,0,0,1
278,의성,2024-03-01,-0.5,-5.1,2352,3.1,1304,,,,,,,12.0,320,1121,6.6,290,1542,3.2,2766,290,-12.6,20,1500,43.1,2.6,1010.8,1024.9,2259,1018.5,1,1021.1,11.4,10.0,,,,,,,,,2.6,0.0,2.2,-7.4,,,,,,,,,,,,,,,2024,3,9,61,1,1,0,0
278,의성,2024-03-02,-2.0,-10.2,717,5.8,1608,,,,,,,7.7,250,1423,4.4,250,1439,1.3,1080,270,-11.0,27,1542,53.8,2.7,1010.9,1025.8,831,1017.0,1719,1021.3,11.5,9.8,,,,,,,,,0.0,0.0,1.7,-13.7,,,,,,,,,,,,,,,2024,3,9,62,1,1,0,0
278,의성,2024-03-03,3.0,-4.7,124,10.7,1625,,,,,,0.0,11.1,290,1340,6.4,270,1348,1.2,1077,270,-1.9,40,1629,72.1,5.4,1007.6,1019.6,2343,1015.2,1624,1017.8,11.5,2.7,,,,,,,,,4.9,4.0,3.1,-8.7,,,,,,,,,,,,,,,2024,3,9,63,1,1,0,0
278,의성,2024-03-04,5.0,-3.4,656,13.2,1439,,,,,,,3.8,110,1221,2.1,90,1202,0.5,450,320,-1.2,32,1631,68.6,5.6,1010.4,1023.7,828,1018.6,2355,1020.5,11.5,3.5,,,,,,,,,5.3,0.8,5.2,-8.6,,,,,,,,,,,,,,,2024,3,10,64,1,1,0,0
278,의성,2024-03-05,5.9,4.6,321,7.3,1551,,,,,,5.6,6.5,70,1816,3.1,70,1822,1.1,908,50,4.8,71,1,93.1,8.6,1005.0,1019.0,209,1011.7,1624,1015.0,11.6,0.0,,,,,,,,,10.0,7.3,6.0,3.7,,,,,,,,,,,,,,,2024,3,10,65,1,1,0,1
278,의성,2024-03-06,5.9,1.1,632,11.5,1227,,,,,,0.0,8.0,110,1752,3.7,70,1657,1.3,1158,70,1.2,47,1436,74.6,6.7,1006.1,1019.5,2356,1012.8,319,1016.1,11.6,2.0,,,,,,,,,8.1,7.9,6.3,-3.0,,,,,,,,,,,,,,,2024,3,10,66,1,1,0,0
278,의성,2024-03-07,3.3,-2.3,2400,8.7,1640,,,,,,0.3,6.7,320,1652,3.2,320,1654,0.7,601,360,-0.7,42,1812,76.3,5.9,1006.7,1019.8,135,1013.8,1622,1016.9,11.7,1.1,,,,,,,,,6.6,5.8,5.4,-8.3,,,,,,,,,,,,,,,2024,3,10,67,1,1,0,0
278,의성,2024-03-08,1.9,-5.4,600,9.3,1411,,,,,,,12.4,270,1552,6.4,290,1553,2.1,1838,290,-7.4,20,1533,57.1,3.6,1006.6,1020.4,2356,1013.8,1439,1016.8,11.7,8.8,,,,,,,,,1.1,0.5,3.3,-11.0,,,,,,,,,,,,,,,2024,3,10,68,1,1,0,0
278,의성,2024-03-09,0.6,-6.8,644,9.0,1531,,,,,,,6.1,250,1603,3.1,270,1642,0.9,752,250,-8.4,22,1601,57.4,3.3,1013.1,1026.7,2344,1020.4,1,1023.5,11.7,10.3,,,,,,,,,0.0,0.0,4.0,-12.2,,,,,,,,,,,,,,,2024,3,10,69,1,1,0,0
278,의성,2024-03-10,2.2,-7.2,634,13.1,1537,,,,,,,5.5,250,1541,3.4,290,1548,0.9,746,270,-7.4,20,1734,56.9,3.5,1017.3,1030.1,838,1024.7,1751,1027.6,11.8,10.3,,,,,,,,,0.9,0.0,4.6,-12.8,,,,,,,,,,,,,,,2024,3,10,70,1,1,0,0
278,의성,2024-03-11,4.7,-3.5,652,12.4,1250,,,,,,,4.5,270,1252,2.4,200,1537,0.6,531,180,-3.4,26,1434,59.9,4.8,1010.2,1027.4,1,1016.0,2355,1020.3,11.8,2.9,,,,,,,,,6.4,1.8,3.8,-9.0,,,,,,,,,,,,,,,2024,3,11,71,1,1,0,0
278,의성,2024-03-12,3.8,-2.8,616,12.1,1214,,,,,,0.2,7.3,20,1532,4.1,360,1539,0.7,599,20,0.8,46,1320,82.8,6.5,1004.8,1018.8,2353,1011.7,1416,1014.9,11.8,1.3,,,,,,,,,4.3,4.3,3.7,-8.0,,,,,,,,,,,,,,,2024,3,11,72,1,1,0,0
278,의성,2024-03-13,6.3,0.2,739,14.4,1557,,,,,,0.0,9.6,270,1404,4.5,270,1655,1.7,1444,270,-2.0,23,1607,63.8,5.4,1009.7,1022.3,852,1016.7,1653,1019.7,11.9,7.8,,,,,,,,,2.6,2.1,9.8,-4.7,,,,,,,,,,,,,,,2024,3,11,73,1,1,0,0
278,의성,2024-03-14,6.0,-3.0,628,17.2,1555,,,,,,,6.7,290,1304,3.7,320,1653,1.1,923,250,-3.3,16,1650,57.9,4.8,1010.8,1023.0,749,1017.9,1602,1020.9,11.9,10.1,,,,,,,,,0.0,0.0,8.1,-8.7,,,,,,,,,,,,,,,2024,3,11,74,1,1,0,0
278,의성,2024-03-15,7.9,-2.8,642,19.8,1543,,,,,,,9.2,360,1257,4.5,270,1306,1.3,1163,290,-2.8,17,1445,56.3,5.0,1012.8,1024.7,859,1019.3,1520,1022.8,12.0,9.8,,,,,,,,,0.0,0.0,8.9,-8.5,,,,,,,,,,,,,,,2024,3,11,75,1,1,0,0
278,의성,2024-03-16,10.3,-1.5,614,21.4,1556,,,,,,,6.8,180,1444,3.0,230,1453,0.8,673,270,-0.1,21,1626,54.4,6.1,1010.3,1025.0,143,1015.4,1720,1020.2,12.0,8.3,,,,,,,,,2.3,1.4,11.7,-6.1,,,,,,,,,,,,,,,2024,3,11,76,1,1,1,0
278,의성,2024-03-17,11.2,2.9,2354,17.2,1522,,,,,,,11.4,270,1309,6.4,290,1318,2.4,2048,290,0.3,20,1538,50.3,6.5,1004.6,1019.1,2356,1011.1,1455,1014.4,12.0,4.0,,,,,,,,,4.6,1.5,12.0,-3.1,,,,,,,,,,,,,,,2024,3,11,77,1,1,1,0
278,의성,2024-03-18,6.8,-2.6,644,15.7,1621,,,,,,,5.5,270,1333,3.1,320,1404,0.9,756,290,-5.2,13,1440,50.1,4.2,1010.4,1024.7,833,1017.3,1739,1020.4,12.1,9.5,,,,,,,,,2.9,0.0,10.5,-7.8,,,,,,,,,,,,,,,2024,3,12,78,1,1,0,0
278,의성,2024-03-19,7.4,2.8,553,14.3,1228,,,,,,0.0,13.6,290,2330,7.0,290,1459,2.4,2071,290,-1.4,35,1223,54.6,5.6,1004.9,1019.4,26,1009.6,1714,1014.8,12.1,2.2,,,,,,,,,7.1,3.6,7.9,0.6,,,,,,,,,,,,,,,2024,3,12,79,1,1,0,0
278,의성,2024-03-20,4.6,0.2,2347,10.4,1543,,,,,,0.1,12.9,270,27,6.2,290,29,2.6,2233,290,-6.5,21,1317,48.5,3.9,1008.1,1020.1,944,1014.3,207,1018.2,12.1,7.0,,,,,,,,,3.8,3.4,7.2,-6.0,,,,,,,,,,,,,,,2024,3,12,80,1,1,0,0
278,의성,2024-03-21,3.3,-5.2,637,11.9,1617,,,,,,,7.4,320,1626,3.7,290,1629,0.9,811,360,-5.7,25,1515,56.8,4.0,1008.2,1020.2,712,1015.2,1736,1018.3,12.2,9.8,,,,,,,,,0.5,0.1,7.7,-10.6,,,,,,,,,,,,,,,2024,3,12,81,1,1,0,0
278,의성,2024-03-22,9.1,-0.9,452,17.6,1546,,,,,,0.6,9.3,180,1441,5.6,200,1636,1.6,1368,200,1.8,31,1528,64.1,7.3,1004.8,1019.9,104,1009.7,2350,1014.7,12.2,6.3,,,,,,,,,7.8,3.8,11.1,-5.5,,,,,,,,,,,,,,,2024,3,12,82,1,1,0,0
278,의성,2024-03-23,14.6,8.3,649,22.8,1555,,,,,,0.0,6.4,320,1202,3.3,90,2107,1.3,1094,250,5.9,19,1544,64.1,9.5,1004.1,1018.1,2339,1009.3,125,1013.7,12.3,8.6,,,,,,,,,4.3,1.3,16.9,4.8,,,,,,,,,,,,,,,2024,3,12,83,1,0,1,0
278,의성,2024-03-24,11.7,7.9,100,18.1,1503,,,,,,,6.0,160,1630,3.4,90,1546,1.0,845,90,4.1,35,1251,62.1,8.2,1008.4,1020.3,845,1016.1,1620,1018.2,12.3,0.6,,,,,,,,,9.5,6.4,14.6,3.2,,,,,,,,,,,,,,,2024,3,12,84,1,0,1,0
278,의성,2024-03-25,9.4,6.2,2209,12.9,1113,,,,,,5.7,8.8,50,1458,4.3,70,1505,1.8,1560,70,5.1,56,1114,75.9,8.8,1006.7,1018.9,33,1014.0,1609,1016.5,12.3,0.0,,,,,,,,,9.8,7.3,10.5,3.4,,,,,,,,,,,,,,,2024,3,13,85,1,0,0,1
278,의성,2024-03-26,7.0,4.6,2357,9.7,1503,,,,,,15.6,8.2,90,455,3.9,50,752,1.2,1052,20,4.9,65,1527,87.9,8.7,1008.3,1023.6,2259,1011.6,301,1018.3,12.4,0.0,,,,,,,,,9.3,7.6,8.9,-0.7,,,,,,,,,,,,,,,2024,3,13,86,1,1,0,1
278,의성,2024-03-27,8.7,1.6,633,16.8,1608,,,,,,,3.8,320,1329,2.0,320,1338,0.7,621,50,4.6,44,1456,79.8,8.6,1012.5,1026.0,955,1019.4,2339,1022.5,12.4,5.1,,,,,,,,,6.8,2.1,12.0,-2.1,,,,,,,,,,,,,,,2024,3,13,87,1,1,0,0
278,의성,2024-03-28,8.5,6.9,529,9.5,1235,,,,,,27.2,3.9,50,1743,2.1,360,1430,0.7,629,360,8.1,90,844,97.6,10.8,999.8,1019.6,1,1003.6,1957,1009.6,12.5,0.0,,,,,,,,,8.5,6.9,9.6,3.5,,,,,,,,,,,,,,,2024,3,13,88,1,0,0,1
278,의성,2024-03-29,10.8,3.4,723,19.1,1228,,,,,,,11.9,270,1559,5.8,270,1526,2.0,1744,290,4.0,29,1213,68.1,8.3,996.6,1012.1,2400,1002.3,1203,1006.3,12.5,2.3,,,,,,,,,1.9,1.9,10.2,0.7,,,,,,,,,,,,,,,2024,3,13,89,1,1,1,0
278,의성,2024-03-30,8.7,-0.2,628,15.3,1111,,,,,,,8.5,200,1227,4.4,200,1232,0.8,706,200,1.7,26,1113,66.8,7.0,1001.4,1015.1,630,1006.8,1709,1011.3,12.5,4.2,,,,,,,,,3.4,2.9,9.2,-4.6,,,,,,,,,,,,,,,2024,3,13,90,1,1,0,0
278,의성,2024-03-31,10.0,0.7,641,19.3,1509,,,,,,,4.0,250,1425,2.2,250,1433,0.7,602,90,0.2,19,1534,60.6,6.3,1001.5,1015.6,629,1007.5,1625,1011.3,12.6,8.5,,,,,,,,,3.3,0.4,11.7,-4.2,,,,,,,,,,,,,,,2024,3,13,91,1,1,1,0
278,의성,2024-04-01,11.1,0.2,612,22.0,1620,,,,,,,8.5,290,1445,4.8,270,1435,1.2,1055,270,-0.3,17,1430,56.3,6.1,1003.5,1015.6,913,1010.4,1,1013.3,12.6,10.8,,,,,,,,,0.0,0.0,13.1,-4.5,,,,,,,,,,,,,,,2024,4,14,92,1,0,1,0
278,의성,2024-04-02,13.9,1.8,540,26.3,1547,,,,,,0.0,7.2,180,1600,3.5,230,1728,0.8,698,230,2.3,13,1549,54.5,7.4,1003.5,1016.8,805,1010.2,1546,1013.2,12.6,8.8,,,,,,,,,7.4,2.9,14.5,-1.3,,,,,,,,,,,,,,,2024,4,14,93,1,0,1,0
278,의성,2024-04-03,12.8,11.7,2311,14.3,1,0.9,1128.0,3.8,1116.0,,18.8,3.4,50,947,2.2,50,953,0.6,538,50,12.4,75,1,98.3,14.4,997.3,1011.6,13,1003.9,1605,1006.9,12.7,0.0,,,,,,,,,9.9,9.8,13.5,10.3,,,,,,,,,,,,,,,2024,4,14,94,1,0,1,1
278,의성,2024-04-04,12.6,9.5,2400,15.7,1442,0.0,,0.0,,,0.0,6.5,70,1442,3.6,90,1451,1.1,955,90,5.4,32,1446,65.8,9.3,1005.9,1020.5,2150,1009.2,227,1015.6,12.7,0.0,,,,,,,,,8.5,8.5,13.8,8.5,,,,,,,,,,,,,,,2024,4,14,95,1,0,1,0
278,의성,2024-04-05,12.2,7.0,611,19.4,1546,,,,,,,7.8,230,1429,2.6,250,1603,0.9,746,50,5.8,39,1356,68.5,9.3,1008.9,1020.9,744,1015.9,1552,1018.7,12.8,4.9,,,,,,,,,5.1,3.1,14.7,4.6,,,,,,,,,,,,,,,2024,4,14,96,1,0,1,0
278,의성,2024-04-06,11.6,4.6,632,20.7,1617,,,,,,,4.0,200,1645,2.1,200,1436,0.6,539,230,6.1,34,1618,74.5,9.4,1008.1,1020.4,700,1014.2,1830,1018.0,12.8,1.7,,,,,,,,,6.8,1.3,12.8,0.5,,,,,,,,,,,,,,,2024,4,14,97,1,0,1,0
278,의성,2024-04-07,14.2,4.1,602,25.1,1521,,,,,,,6.1,320,1332,2.6,200,1421,0.7,606,360,4.5,18,1321,61.4,8.5,1006.6,1019.0,728,1012.7,1628,1016.3,12.8,10.3,,,,,,,,,4.5,0.0,16.4,0.1,,,,,,,,,,,,,,,2024,4,14,98,1,0,1,0
278,의성,2024-04-08,15.7,5.5,621,24.3,1403,,,,,,,3.3,340,1226,1.8,250,1129,0.6,530,230,6.1,25,1350,59.0,9.5,1005.0,1017.7,740,1012.0,1609,1014.7,12.9,3.6,,,,,,,,,7.3,3.3,15.8,1.6,,,,,,,,,,,,,,,2024,4,15,99,1,0,1,0
278,의성,2024-04-09,12.9,3.7,2336,18.9,1500,,,,,,,9.1,70,1301,5.1,70,1309,2.4,2060,90,-0.4,17,1356,44.5,6.2,1011.8,1027.1,2357,1014.0,34,1021.5,12.9,8.9,,,,,,,,,2.3,0.9,17.7,0.7,,,,,,,,,,,,,,,2024,4,15,100,1,0,1,0
278,의성,2024-04-10,10.8,2.5,150,19.3,1633,,,,,,,5.1,200,1325,2.8,230,1304,0.9,747,20,3.7,31,1653,65.0,8.0,1015.1,1028.5,749,1022.0,1729,1025.0,12.9,6.1,,,,,,,,,6.6,2.9,15.0,-0.9,,,,,,,,,,,,,,,2024,4,15,101,1,0,1,0
278,의성,2024-04-11,13.5,7.4,515,22.5,1635,,,,,,,4.3,250,1129,2.7,230,1116,0.7,638,50,5.1,28,1727,62.1,8.8,1011.0,1024.1,34,1017.4,1731,1020.8,13.0,3.3,,,,,,,,,6.0,1.8,16.1,3.6,,,,,,,,,,,,,,,2024,4,15,102,1,0,1,0
278,의성,2024-04-12,15.1,4.5,534,25.8,1505,,,,,,,4.6,230,1406,2.1,250,1324,0.6,557,20,6.5,26,1536,63.0,9.7,1007.6,1020.6,654,1013.3,1700,1017.2,13.0,9.4,,,,,,,,,2.3,0.3,18.1,0.5,,,,,,,,,,,,,,,2024,4,15,103,1,0,1,0
278,의성,2024-04-13,17.4,6.6,614,28.8,1510,,,,,,,5.0,230,1613,2.6,250,1618,0.7,605,200,7.7,24,1254,61.1,10.6,1006.7,1018.2,725,1013.2,1600,1016.3,13.1,10.9,,,,,,,,,0.0,0.0,20.3,2.3,,,,,,,,,,,,,,,2024,4,15,104,1,0,1,0
278,의성,2024-04-14,18.1,6.9,606,28.6,1451,,,,,,,6.7,230,1219,3.8,200,1359,1.1,908,230,6.5,16,1334,53.9,9.8,1007.3,1019.6,656,1014.1,1545,1016.9,13.1,9.3,,,,,,,,,4.0,0.3,20.4,2.1,,,,,,,,,,,,,,,2024,4,15,105,1,0,1,0
278,의성,2024-04-15,14.6,11.9,507,19.4,1054,1.6,1138.0,7.2,1111.0,,14.1,5.4,90,1158,2.4,180,1133,0.4,385,70,12.7,62,1053,89.8,14.9,1001.4,1015.8,1,1009.3,1724,1011.0,13.1,0.0,,,,,,,,,7.0,5.4,14.7,7.8,,,,,,,,,,,,,,,2024,4,16,106,1,0,1,1
278,의성,2024-04-16,14.7,9.1,2350,21.6,1551,,,,,,0.0,10.1,270,1317,4.6,270,1321,1.4,1183,270,10.5,39,1632,80.6,12.8,1001.0,1012.3,2400,1008.8,1459,1010.7,13.2,5.3,,,,,,,,,2.1,2.1,17.4,5.1,,,,,,,,,,,,,,,2024,4,16,107,1,0,1,0
278,의성,2024-04-17,14.8,6.0,601,24.1,1516,,,,,,,4.6,320,1635,2.7,250,1525,0.8,662,290,6.8,26,1539,66.3,9.9,1000.9,1013.6,650,1007.1,1739,1010.5,13.2,9.4,,,,,,,,,3.6,0.4,18.0,1.8,,,,,,,,,,,,,,,2024,4,16,108,1,0,1,0
278,의성,2024-04-18,16.4,7.2,602,26.2,1507,,,,,,,7.5,270,1129,2.9,320,1526,0.8,690,360,6.2,16,1445,60.5,9.6,999.2,1011.4,2400,1005.7,1647,1008.8,13.2,10.7,,,,,,,,,0.0,0.0,19.7,3.3,,,,,,,,,,,,,,,2024,4,16,109,1,0,1,0
278,의성,2024-04-19,17.5,6.5,602,28.2,1527,,,,,,,6.7,270,1334,4.0,270,1352,1.0,853,250,6.4,20,1206,57.9,9.7,1001.5,1013.7,746,1007.8,1555,1011.1,13.3,9.9,,,,,,,,,2.8,0.0,20.8,2.0,,,,,,,,,,,,,,,2024,4,16,110,1,0,1,0
278,의성,2024-04-20,14.1,12.1,600,17.1,1312,0.3,1128.0,0.6,1507.0,,2.6,6.9,200,939,3.6,50,940,0.7,570,20,12.0,67,946,88.0,14.1,1000.4,1012.5,921,1008.4,1802,1010.1,13.3,0.0,,,,,,,,,10.0,5.0,15.4,10.3,,,,,,,,,,,,,,,2024,4,16,111,1,0,1,1
278,의성,2024-04-21,15.6,13.4,2341,18.2,1549,0.0,,0.0,,,0.0,7.2,70,1747,3.7,70,1808,1.5,1321,20,12.2,62,1713,81.5,14.3,1001.0,1012.4,2258,1008.8,142,1010.6,13.3,0.0,,,,,,,,,9.5,9.5,15.4,12.7,,,,,,,,,,,,,,,2024,4,16,112,1,0,1,0
278,의성,2024-04-22,15.8,12.9,450,21.2,1611,,,,,,,7.6,50,1511,3.7,50,1421,1.5,1326,70,8.4,31,1603,64.5,11.1,1003.9,1015.8,2123,1011.8,342,1013.5,13.4,2.5,,,,,,,,,8.0,8.0,17.7,7.6,,,,,,,,,,,,,,,2024,4,17,113,1,0,1,0
278,의성,2024-04-23,14.2,8.5,325,21.0,1348,0.7,2114.0,1.6,2043.0,,2.4,8.6,90,1145,4.2,90,1420,1.7,1501,70,7.9,36,1222,70.3,10.7,1002.3,1015.3,46,1008.7,1616,1012.0,13.4,6.6,,,,,,,,,8.4,5.3,18.4,4.3,,,,,,,,,,,,,,,2024,4,17,114,1,0,1,1
278,의성,2024-04-24,13.5,8.9,2358,19.3,1511,1.3,939.0,2.7,937.0,,4.2,6.8,270,1627,3.7,270,1635,1.2,1030,270,10.2,54,1515,82.8,12.4,997.5,1010.5,1,1005.3,1510,1007.2,13.5,2.3,,,,,,,,,5.9,5.0,18.0,4.7,,,,,,,,,,,,,,,2024,4,17,115,1,0,1,1
278,의성,2024-04-25,14.9,6.8,553,24.9,1605,,,,,,,4.6,230,1259,2.3,250,1608,0.8,702,290,9.6,37,1724,75.8,12.0,1000.3,1012.1,815,1007.1,1550,1009.9,13.5,8.5,,,,,,,,,1.6,0.6,18.9,2.6,,,,,,,,,,,,,,,2024,4,17,116,1,0,1,0
278,의성,2024-04-26,16.3,7.3,529,25.8,1353,,,,,,,4.2,320,1435,2.5,320,1438,0.7,577,20,9.9,22,1603,72.9,12.3,999.4,1010.8,438,1006.1,1617,1008.9,13.5,2.9,,,,,,,,,7.3,1.5,18.1,3.3,,,,,,,,,,,,,,,2024,4,17,117,1,0,1,0
278,의성,2024-04-27,18.2,8.2,534,29.7,1607,,,,,,,5.4,340,1451,3.0,320,1525,0.8,699,50,9.6,22,1716,66.4,12.1,999.9,1012.0,2355,1006.4,1607,1009.4,13.6,11.3,,,,,,,,,0.0,0.0,21.7,3.6,,,,,,,,,,,,,,,2024,4,17,118,1,0,1,0
278,의성,2024-04-28,18.8,8.0,548,29.9,1415,,,,,,,5.4,200,1549,3.0,250,1530,1.0,837,180,9.8,25,1426,62.4,12.1,1002.9,1014.3,726,1009.6,1619,1012.4,13.6,8.3,,,,,,,,,5.1,0.6,21.6,3.3,,,,,,,,,,,,,,,2024,4,17,119,1,0,1,0
278,의성,2024-04-29,14.7,12.8,636,17.3,1309,0.3,711.0,1.2,716.0,,4.4,3.2,90,1316,1.6,70,1617,0.5,447,50,13.2,78,19,91.5,15.2,999.7,1013.0,16,1006.6,1747,1009.4,13.6,0.0,,,,,,,,,10.0,6.1,16.8,12.0,,,,,,,,,,,,,,,2024,4,18,120,1,0,1,1
278,의성,2024-04-30,16.7,12.3,2351,22.0,1539,0.6,2329.0,1.5,2257.0,,1.5,5.7,180,1840,2.9,180,1847,0.9,801,200,13.3,61,1436,81.9,15.3,996.5,1010.1,2318,1003.3,1459,1006.0,13.7,0.4,,,,,,,,,9.6,6.8,19.6,11.8,,,,,,,,,,,,,,,2024,4,18,121,1,0,1,1
278,의성,2024-05-01,12.8,6.3,2355,20.9,1339,0.2,,0.2,,,0.4,6.7,50,1548,3.6,70,1439,1.3,1122,20,6.8,33,1333,71.4,10.0,1003.3,1017.8,2251,1009.7,17,1013.0,13.7,6.2,,,,,,,,,5.6,4.4,16.9,2.8,,,,,,,,,,,,,,,2024,5,18,122,0,0,1,0
278,의성,2024-05-02,13.8,3.2,534,24.7,1613,,,,,,,5.8,70,1555,2.5,50,1603,0.8,675,200,5.8,26,1055,66.9,9.3,1007.8,1020.3,714,1014.6,1748,1017.5,13.7,12.0,,,,,,,,,0.0,0.0,19.2,-0.7,,,,,,,,,,,,,,,2024,5,18,123,0,0,1,0
278,의성,2024-05-03,16.9,6.0,554,28.2,1603,,,,,,,4.3,200,1418,2.4,230,1424,0.7,570,50,8.5,27,1616,65.5,11.1,1007.5,1019.7,655,1013.9,1606,1017.1,13.8,12.0,,,,,,,,,0.0,0.0,21.5,1.6,,,,,,,,,,,,,,,2024,5,18,124,0,0,1,0
278,의성,2024-05-04,18.1,6.5,558,29.4,1503,,,,,,,5.7,250,1639,3.1,230,1721,0.9,755,250,7.7,13,1646,59.5,10.6,1006.2,1018.6,626,1012.7,1630,1015.8,13.8,12.2,,,,,,,,,1.5,0.9,22.6,1.5,,,,,,,,,,,,,,,2024,5,18,125,0,0,1,0
278,의성,2024-05-05,17.7,15.3,1,18.8,1111,0.9,1650.0,2.7,1137.0,,20.3,6.0,200,1854,2.8,200,1856,1.0,867,200,15.8,80,9,89.0,18.0,1001.7,1015.9,4,1006.2,2351,1011.2,13.8,0.0,,,,,,,,,9.8,7.1,18.5,13.2,,,,,,,,,,,,,,,2024,5,18,126,0,0,1,1
278,의성,2024-05-06,17.7,15.1,2321,20.4,1241,0.8,38.0,1.9,27.0,,6.4,8.9,270,1708,4.3,290,1502,1.5,1286,290,14.5,59,1658,82.8,16.7,996.8,1008.6,2148,1004.1,309,1006.2,13.8,0.2,,,,,,,,,8.9,8.3,19.1,14.2,,,,,,,,,,,,,,,2024,5,19,127,0,0,1,1
278,의성,2024-05-07,13.3,10.6,2329,16.4,1128,0.6,1312.0,0.7,2146.0,,3.4,5.0,70,1805,2.6,90,1312,0.8,673,70,12.0,79,1133,92.5,14.1,1001.5,1016.1,2333,1007.4,359,1011.2,13.9,0.0,,,,,,,,,9.9,8.5,15.8,10.0,,,,,,,,,,,,,,,2024,5,19,128,0,0,1,1
278,의성,2024-05-08,12.4,6.9,546,19.2,1611,,,,,,,6.5,90,1230,3.5,90,1236,0.9,809,70,6.9,37,1550,73.8,10.0,1007.4,1018.8,2334,1015.6,1712,1017.2,13.9,5.4,,,,,,,,,5.0,4.0,17.1,3.6,,,,,,,,,,,,,,,2024,5,19,129,0,0,1,0
278,의성,2024-05-09,14.3,4.3,502,24.3,1449,,,,,,,8.1,290,1531,4.4,290,1537,1.3,1156,270,7.0,29,1524,67.6,10.0,1007.8,1020.1,736,1014.2,1653,1017.5,13.9,11.5,,,,,,,,,0.0,0.0,18.8,1.0,,,,,,,,,,,,,,,2024,5,19,130,0,0,1,0
278,의성,2024-05-10,17.7,6.9,523,28.1,1607,,,,,,,4.7,270,1518,2.3,290,1515,0.8,696,270,8.9,28,1453,62.8,11.5,1007.1,1019.3,709,1013.2,1715,1016.6,14.0,11.4,,,,,,,,,1.6,0.0,21.6,3.3,,,,,,,,,,,,,,,2024,5,19,131,0,0,1,0
278,의성,2024-05-11,18.9,8.2,535,25.8,1440,3.2,2342.0,9.9,2300.0,,11.0,10.3,250,1135,5.2,200,1611,2.1,1833,200,12.7,46,1215,70.6,14.9,1002.2,1016.3,324,1007.9,1722,1011.7,14.0,5.8,,,,,,,,,5.3,4.3,21.3,4.4,,,,,,,,,,,,,,,2024,5,19,132,0,0,1,1
278,의성,2024-05-12,18.0,11.0,2358,23.7,1549,1.0,1.0,2.3,332.0,,5.2,6.9,290,1517,3.8,320,1231,1.5,1321,290,10.3,29,1509,67.4,13.0,999.1,1011.5,2355,1006.6,1452,1008.6,14.0,7.3,,,,,,,,,6.3,2.9,21.3,8.1,,,,,,,,,,,,,,,2024,5,19,133,0,0,1,1
278,의성,2024-05-13,16.2,7.4,533,25.6,1527,,,,,,,6.1,250,1458,3.3,290,1611,0.9,755,50,6.8,21,1733,63.3,10.0,1003.5,1015.0,2337,1010.9,1601,1013.1,14.1,13.1,,,,,,,,,0.0,0.0,21.4,4.5,,,,,,,,,,,,,,,2024,5,20,134,0,0,1,0
278,의성,2024-05-14,17.2,6.6,527,27.4,1453,,,,,,,8.4,320,1258,3.6,250,1503,1.1,911,270,8.1,24,1547,63.8,10.9,1004.8,1016.8,711,1011.8,1738,1014.4,14.1,13.0,,,,,,,,,0.0,0.0,22.0,2.9,,,,,,,,,,,,,,,2024,5,20,135,0,0,1,0
278,의성,2024-05-15,16.4,8.0,525,26.6,1601,1.3,2305.0,6.8,2248.0,,23.4,11.1,290,1846,6.3,270,1846,1.4,1204,250,8.2,25,1604,66.6,10.9,999.8,1014.6,605,1002.7,1728,1009.3,14.1,10.7,,,,,,,,,3.8,3.8,22.3,3.9,,,,,,,,,,,,,,,2024,5,20,136,0,0,1,1
278,의성,2024-05-16,13.7,8.1,412,21.2,1514,0.9,132.0,4.2,113.0,,12.9,12.0,270,1517,6.6,290,1338,2.8,2378,290,5.9,28,1333,64.4,9.3,998.0,1011.3,2400,1005.2,48,1007.6,14.1,7.9,,,,,,,,,3.8,1.9,17.9,4.6,,,,,,,,,,,,,,,2024,5,20,137,0,0,1,1
278,의성,2024-05-17,16.7,6.0,518,27.1,1514,,,,,,,5.2,270,1114,3.0,250,1236,0.9,758,290,9.1,30,1519,68.9,11.7,1004.1,1016.0,2331,1011.3,1,1013.7,14.2,8.9,,,,,,,,,1.6,0.9,20.7,2.8,,,,,,,,,,,,,,,2024,5,20,138,0,0,1,0
278,의성,2024-05-18,18.7,8.6,545,28.7,1705,,,,,,,5.6,270,1145,3.6,250,1214,0.9,779,230,10.0,25,1330,65.8,12.4,1006.2,1018.1,644,1012.7,1736,1015.7,14.2,12.4,,,,,,,,,0.0,0.0,23.1,5.0,,,,,,,,,,,,,,,2024,5,20,139,0,0,1,0
278,의성,2024-05-19,20.3,10.1,526,30.5,1544,,,,,,,4.6,250,1403,2.3,230,1412,0.8,672,270,13.0,24,1625,69.4,15.1,1003.9,1016.1,655,1010.1,1608,1013.4,14.2,12.5,,,,,,,,,0.0,0.0,24.8,7.4,,,,,,,,,,,,,,,2024,5,20,140,0,0,1,0
278,의성,2024-05-20,19.0,11.3,505,26.6,1547,,,,,,,6.0,320,1029,3.2,320,1511,0.9,782,320,12.7,34,1415,71.9,14.7,1004.6,1016.9,2319,1012.1,46,1014.2,14.2,5.7,,,,,,,,,4.1,3.1,24.0,7.7,,,,,,,,,,,,,,,2024,5,21,141,0,0,1,0
278,의성,2024-05-21,17.4,12.4,2400,24.7,1712,,,,,,,4.6,250,1356,2.1,110,1831,0.9,754,200,13.4,51,1656,79.8,15.4,1009.3,1021.2,948,1016.7,3,1018.9,14.3,3.9,,,,,,,,,4.5,4.3,21.2,9.3,,,,,,,,,,,,,,,2024,5,21,142,0,0,1,0
278,의성,2024-05-22,19.7,10.6,540,29.3,1521,,,,,,,5.1,290,1554,2.9,270,1527,0.9,745,290,13.5,34,1503,72.8,15.6,1005.1,1019.5,1,1010.6,1749,1014.6,14.3,10.4,,,,,,,,,3.4,0.3,25.8,6.5,,,,,,,,,,,,,,,2024,5,21,143,0,0,1,0
278,의성,2024-05-23,21.6,14.2,528,31.3,1523,,,,,,,6.6,340,1418,3.3,270,1648,1.1,944,270,13.8,30,1525,67.3,15.8,999.7,1012.5,1,1005.7,1654,1009.1,14.3,11.8,,,,,,,,,0.8,0.0,27.3,9.8,,,,,,,,,,,,,,,2024,5,21,144,0,0,1,0
278,의성,2024-05-24,19.9,10.9,442,28.5,1344,,,,,,,6.2,160,1623,2.9,90,1918,1.0,837,340,11.1,36,1225,60.6,13.4,1002.3,1015.9,2241,1009.3,1413,1011.8,14.3,9.9,,,,,,,,,4.1,4.1,26.2,6.4,,,,,,,,,,,,,,,2024,5,21,145,0,0,1,0
278,의성,2024-05-25,19.5,15.8,427,24.8,1522,,,,,,,4.9,90,1026,2.5,180,1730,1.1,908,200,8.4,34,1253,50.3,11.1,1006.5,1018.2,855,1014.4,1741,1016.0,14.4,3.8,,,,,,,,,8.1,7.4,25.7,15.0,,,,,,,,,,,,,,,2024,5,21,146,0,0,1,0
278,의성,2024-05-26,20.2,11.1,534,28.0,1423,3.0,2306.0,6.7,2247.0,,11.7,9.3,230,1234,4.9,200,1320,1.6,1353,230,14.0,36,910,71.3,16.8,996.7,1014.8,1,999.3,2258,1006.1,14.4,8.4,,,,,,,,,8.0,3.8,26.6,8.5,,,,,,,,,,,,,,,2024,5,21,147,0,0,1,1
278,의성,2024-05-27,19.6,13.2,2349,23.9,1239,0.0,,0.0,,,0.0,11.9,320,1114,6.2,290,1116,2.6,2268,290,11.2,38,1430,61.3,13.6,992.5,1004.6,2258,998.7,249,1001.9,14.4,7.8,,,,,,,,,6.0,0.8,22.4,10.9,,,,,,,,,,,,,,,2024,5,22,148,0,0,1,0
278,의성,2024-05-28,16.5,9.8,2356,24.5,1414,,,,,,,7.7,50,1628,4.0,20,1750,1.4,1199,50,10.4,41,1415,70.9,12.6,996.0,1010.5,2400,1002.7,1208,1005.5,14.4,7.3,,,,,,,,,5.5,2.0,21.0,6.2,,,,,,,,,,,,,,,2024,5,22,149,0,0,1,0
278,의성,2024-05-29,18.3,7.4,517,28.7,1534,,,,,,,5.7,270,1344,2.8,270,1349,0.9,801,250,10.8,26,1552,68.0,13.1,1002.2,1013.7,816,1008.9,1749,1011.7,14.4,13.2,,,,,,,,,1.3,0.0,24.4,4.4,,,,,,,,,,,,,,,2024,5,22,150,0,0,1,0
278,의성,2024-05-30,19.7,12.7,449,26.5,1210,,,,,,,4.1,270,1211,2.5,230,1449,0.7,619,230,14.3,45,1323,74.0,16.4,1000.8,1013.0,715,1007.4,1848,1010.2,14.4,2.0,,,,,,,,,9.5,3.9,22.8,9.6,,,,,,,,,,,,,,,2024,5,22,151,0,0,1,0
278,의성,2024-05-31,21.8,16.5,2241,28.7,1516,,,,,,,7.2,270,1604,3.8,250,1611,1.4,1167,270,12.5,23,1700,60.9,14.7,998.6,1009.7,2321,1005.8,1558,1007.9,14.5,11.5,,,,,,,,,4.5,3.5,28.1,12.7,,,,,,,,,,,,,,,2024,5,22,152,0,0,1,0
278,의성,2024-06-01,19.7,13.6,352,26.9,1444,,,,,,,6.9,290,1549,3.9,290,1556,1.3,1144,320,13.0,39,1557,68.4,15.0,999.3,1010.4,612,1006.4,1728,1008.7,14.5,8.4,,,,,,,,,5.3,1.8,26.8,10.0,,,,,,,,,,,,,,,2024,6,22,153,0,0,1,0
278,의성,2024-06-02,18.7,11.2,537,26.7,1611,0.5,2142.0,1.3,2135.0,,1.3,6.6,340,1209,3.6,320,1516,1.2,1070,340,12.0,33,1510,70.4,14.2,999.6,1011.0,2201,1006.7,1606,1009.1,14.5,8.9,,,,,,,,,5.8,4.1,26.2,7.0,,,,,,,,,,,,,,,2024,6,22,154,0,0,1,1
278,의성,2024-06-03,19.1,13.5,349,26.3,1440,,,,,,,7.7,140,1814,3.4,90,1855,1.1,965,50,12.3,33,1441,68.6,14.4,1001.4,1014.0,2353,1008.3,1539,1010.8,14.5,7.5,,,,,,,,,4.6,3.6,25.7,11.8,,,,,,,,,,,,,,,2024,6,23,155,0,0,1,0
278,의성,2024-06-04,19.0,9.8,528,27.3,1626,,,,,,,7.1,70,1616,3.3,70,917,1.1,972,20,10.0,29,1633,61.8,12.3,1005.9,1017.6,2243,1013.3,1525,1015.4,14.5,13.2,,,,,,,,,0.0,0.0,27.5,5.5,,,,,,,,,,,,,,,2024,6,23,156,0,0,1,0
278,의성,2024-06-05,20.4,10.0,524,30.3,1527,,,,,,,5.4,230,1638,2.7,250,1457,0.9,819,230,10.7,30,1603,59.3,12.9,1008.1,1019.5,754,1015.0,1644,1017.5,14.5,11.7,,,,,,,,,5.8,0.4,27.5,6.4,,,,,,,,,,,,,,,2024,6,23,157,0,0,1,0
278,의성,2024-06-06,20.3,12.4,510,28.1,1748,,,,,,,4.0,340,1649,2.1,360,1630,0.8,665,360,11.9,36,1800,61.9,14.0,1006.4,1018.2,24,1013.1,1833,1015.9,14.6,7.9,,,,,,,,,5.6,3.3,26.2,8.6,,,,,,,,,,,,,,,2024,6,23,158,0,0,1,0
278,의성,2024-06-07,22.6,12.3,459,30.3,1508,,,,,,,6.0,270,1556,3.5,250,1559,1.0,840,250,13.4,33,1509,60.5,15.4,1003.0,1015.6,540,1009.0,1708,1012.3,14.6,9.5,,,,,,,,,5.8,3.0,28.3,8.1,,,,,,,,,,,,,,,2024,6,23,159,0,0,1,0
278,의성,2024-06-08,20.1,18.0,2259,23.6,1049,1.9,1437.0,4.5,1203.0,,10.4,6.6,250,1050,3.3,250,1059,0.8,708,200,17.3,55,4,85.3,19.8,999.8,1011.1,1,1007.9,2358,1009.2,14.6,0.0,,,,,,,,,9.0,6.1,22.5,16.1,,,,,,,,,,,,,,,2024,6,23,160,0,0,1,1
278,의성,2024-06-09,22.2,18.0,1,29.2,1622,0.0,,0.0,,,0.0,4.5,270,1615,2.5,250,1636,0.8,654,20,18.1,47,1623,80.8,20.7,997.5,1008.1,21,1004.6,1714,1006.8,14.6,7.4,,,,,,,,,5.1,3.4,26.6,14.8,,,,,,,,,,,,,,,2024,6,23,161,0,0,1,0
278,의성,2024-06-10,24.1,15.5,507,32.6,1438,,,,,,,5.8,340,1215,3.4,320,1215,1.1,960,270,16.8,35,1403,68.9,19.1,997.0,1008.8,553,1003.3,1714,1006.3,14.6,11.8,,,,,,,,,1.3,0.6,31.4,12.8,,,,,,,,,,,,,,,2024,6,24,162,0,0,1,0
278,의성,2024-06-11,25.1,16.4,528,34.0,1520,,,,,,,6.5,270,1319,3.4,320,1137,1.3,1093,270,16.9,29,1444,66.0,19.3,996.3,1008.2,600,1003.0,1551,1005.6,14.6,12.3,,,,,,,,,0.8,0.0,33.3,12.7,,,,,,,,,,,,,,,2024,6,24,163,0,0,1,0
278,의성,2024-06-12,25.1,17.4,505,34.1,1504,,,,,,,7.2,290,1242,3.2,270,1039,1.0,873,320,14.7,24,1412,60.0,16.9,994.5,1006.2,548,1001.2,1651,1003.7,14.6,12.9,,,,,,,,,1.4,0.0,34.1,14.1,,,,,,,,,,,,,,,2024,6,24,164,0,0,1,0
278,의성,2024-06-13,25.6,16.0,511,35.4,1607,,,,,,,4.4,320,1639,2.3,270,1647,0.7,637,20,14.3,18,1608,57.1,16.5,994.0,1004.8,719,1001.0,1625,1003.2,14.6,12.3,,,,,,,,,1.6,0.5,32.5,12.8,,,,,,,,,,,,,,,2024,6,24,165,0,0,1,0
278,의성,2024-06-14,26.2,17.4,420,34.7,1555,,,,,,,5.8,270,1501,3.2,270,1507,1.0,874,270,16.3,28,1718,59.5,18.6,994.6,1006.5,540,1001.3,1708,1003.7,14.6,12.2,,,,,,,,,2.9,0.6,34.8,13.5,,,,,,,,,,,,,,,2024,6,24,166,0,0,1,0
278,의성,2024-06-15,23.3,18.4,519,32.9,1235,1.9,1856.0,1.9,1853.0,,2.5,8.2,320,1442,4.6,320,1451,0.9,791,290,19.5,41,1235,82.1,22.8,993.2,1004.3,25,999.2,1408,1002.4,14.6,6.4,,,,,,,,,7.5,3.6,28.1,15.9,,,,,,,,,,,,,,,2024,6,24,167,0,0,1,1
278,의성,2024-06-16,23.7,16.8,2355,30.9,1448,,,,,,,9.3,290,1327,4.5,320,1246,1.5,1322,270,15.8,32,1430,66.5,18.3,995.6,1008.0,2332,1002.5,217,1004.9,14.6,11.3,,,,,,,,,2.9,0.4,30.0,13.8,,,,,,,,,,,,,,,2024,6,24,168,0,0,1,0
278,의성,2024-06-17,22.2,13.8,536,29.7,1330,,,,,,,5.0,270,1116,3.0,270,1435,0.9,768,270,14.2,33,1345,64.9,16.3,997.4,1009.6,618,1004.2,1749,1006.7,14.6,5.1,,,,,,,,,8.3,0.8,26.7,10.6,,,,,,,,,,,,,,,2024,6,25,169,0,0,1,0
278,의성,2024-06-18,25.0,14.4,517,35.0,1621,,,,,,,7.9,320,1340,3.5,250,1513,1.2,1003,290,14.7,27,1648,59.5,16.7,995.8,1007.5,2357,1002.5,1609,1005.0,14.7,13.0,,,,,,,,,0.0,0.0,31.2,10.0,,,,,,,,,,,,,,,2024,6,25,170,0,0,1,0
278,의성,2024-06-19,26.5,15.8,511,37.1,1410,,,,,,,6.1,290,1541,3.1,270,1504,0.9,764,20,15.9,25,1415,58.1,18.1,997.7,1009.8,752,1004.4,1633,1006.9,14.7,11.8,,,,,,,,,4.8,0.1,32.3,12.6,,,,,,,,,,,,,,,2024,6,25,171,0,0,1,0
278,의성,2024-06-20,24.3,17.1,517,31.7,1251,,,,,,,6.1,180,1528,3.1,270,1338,1.0,881,200,15.0,30,1425,60.5,17.1,995.1,1007.0,54,1001.5,1750,1004.4,14.6,5.9,,,,,,,,,7.3,0.5,30.5,13.5,,,,,,,,,,,,,,,2024,6,25,172,0,0,1,0
278,의성,2024-06-21,24.8,16.5,437,31.6,1614,,,,,,,4.2,250,1705,2.5,230,1732,0.9,758,180,17.9,47,1615,68.3,20.6,992.8,1003.6,8,1000.3,1759,1002.0,14.6,7.4,,,,,,,,,6.9,0.6,29.9,14.0,,,,,,,,,,,,,,,2024,6,25,173,0,0,1,0
278,의성,2024-06-22,22.8,21.1,548,24.1,1617,1.9,1317.0,5.5,1317.0,,17.4,2.0,360,1630,1.1,360,1658,0.4,306,360,21.8,79,918,94.6,26.2,989.2,1003.1,1,994.8,1648,998.4,14.7,0.0,,,,,,,,,9.6,8.0,25.0,19.6,,,,,,,,,,,,,,,2024,6,25,174,0,0,1,1
278,의성,2024-06-23,24.3,21.7,2351,29.0,1701,0.4,553.0,1.2,503.0,,1.7,6.7,270,1424,4.0,270,1427,1.0,848,250,22.7,64,1702,92.1,27.6,988.3,1001.1,2246,995.1,251,997.5,14.7,2.7,,,,,,,,,7.8,5.3,25.6,20.0,,,,,,,,,,,,,,,2024,6,25,175,0,0,1,1
278,의성,2024-06-24,25.0,20.5,212,32.8,1415,5.5,1437.0,5.7,1436.0,,5.7,7.4,320,1444,3.5,290,2023,1.2,1043,290,19.5,47,1814,74.4,22.8,993.0,1005.4,2357,999.9,1625,1002.2,14.6,5.9,,,,,,,,,8.1,2.6,25.5,19.1,,,,,,,,,,,,,,,2024,6,26,176,0,0,1,1
278,의성,2024-06-25,22.2,16.8,602,28.4,1559,,,,,,,8.7,290,1427,4.8,290,1444,1.8,1551,270,14.9,36,1228,66.8,17.0,1000.1,1013.2,2354,1005.3,3,1009.4,14.6,10.5,,,,,,,,,7.1,0.9,26.3,15.4,,,,,,,,,,,,,,,2024,6,26,177,0,0,1,0
278,의성,2024-06-26,22.4,14.5,533,30.5,1710,,,,,,,4.2,200,2006,2.1,290,1706,0.8,677,20,15.3,36,1753,68.9,17.4,1004.6,1015.7,700,1011.7,1721,1014.0,14.6,11.9,,,,,,,,,4.8,0.5,28.2,12.4,,,,,,,,,,,,,,,2024,6,26,178,0,0,1,0
278,의성,2024-06-27,21.5,15.4,521,26.9,1332,,,,,,,3.2,320,1209,1.9,290,1211,0.7,596,50,17.1,57,1046,78.6,19.6,1002.0,1014.9,529,1008.5,2355,1011.4,14.6,1.2,,,,,,,,,7.9,1.1,25.5,13.2,,,,,,,,,,,,,,,2024,6,26,179,0,0,1,0
278,의성,2024-06-28,24.6,16.0,502,33.4,1530,,,,,,,4.9,250,1542,2.5,270,1548,0.8,719,290,15.8,22,1608,64.5,18.0,997.1,1008.4,1,1003.9,1652,1006.3,14.6,13.3,,,,,,,,,0.8,0.0,30.5,13.5,,,,,,,,,,,,,,,2024,6,26,180,0,0,1,0
278,의성,2024-06-29,24.8,19.2,512,32.2,1338,2.0,1940.0,4.5,1857.0,,10.7,8.3,270,1323,3.5,270,1145,1.1,954,200,20.8,48,1324,81.0,24.7,994.9,1007.5,546,999.3,2353,1004.1,14.6,7.0,,,,,,,,,8.5,3.8,29.7,17.2,,,,,,,,,,,,,,,2024,6,26,181,0,0,1,1
278,의성,2024-06-30,24.9,22.5,2314,28.7,1531,3.2,1149.0,7.7,1142.0,,16.9,5.6,200,1235,3.0,270,1242,1.2,1072,180,23.8,73,1828,94.5,29.5,988.5,1000.5,2154,995.8,705,997.7,14.6,0.5,,,,,,,,,9.6,5.9,26.2,20.9,,,,,,,,,,,,,,,2024,6,26,182,0,0,1,1
278,의성,2024-07-01,26.3,21.2,602,32.1,1450,,,,,,,5.2,250,1150,3.0,250,1210,1.0,828,290,20.4,42,1359,73.9,24.1,993.4,1005.3,2313,1000.4,6,1002.6,14.6,10.6,,,,,,,,,4.8,2.5,29.4,20.2,,,,,,,,,,,,,,,2024,7,27,183,0,0,1,0
278,의성,2024-07-02,23.4,21.9,1031,26.4,1718,3.0,807.0,9.3,729.0,,26.4,4.3,290,957,2.5,290,1003,0.7,624,20,22.7,84,1720,96.8,27.7,996.2,1006.5,819,1004.2,307,1005.5,14.6,0.2,,,,,,,,,9.9,6.6,25.4,21.1,,,,,,,,,,,,,,,2024,7,27,184,0,0,1,1
278,의성,2024-07-03,27.0,21.7,2358,32.6,1502,3.0,619.0,6.1,541.0,,10.7,9.0,250,1509,5.0,270,1527,1.8,1597,270,22.5,51,1520,78.9,27.4,998.2,1010.1,2228,1004.2,132,1007.4,14.6,6.6,,,,,,,,,5.9,4.0,28.0,20.0,,,,,,,,,,,,,,,2024,7,27,185,0,0,1,1
278,의성,2024-07-04,26.5,19.7,527,33.6,1525,,,,,,,5.6,290,1306,3.2,270,1234,1.0,821,250,21.7,46,1451,78.3,26.1,997.2,1010.0,1,1003.0,2349,1006.4,14.6,8.6,,,,,,,,,2.1,1.6,29.9,18.0,,,,,,,,,,,,,,,2024,7,27,186,0,0,1,0
278,의성,2024-07-05,26.9,21.6,2348,31.4,1532,4.4,311.0,5.7,309.0,,5.7,9.8,270,1048,5.0,250,1052,2.1,1806,290,20.8,48,1426,71.9,24.6,994.3,1005.3,2157,1001.0,215,1003.4,14.6,9.6,,,,,,,,,5.9,3.3,29.7,20.5,,,,,,,,,,,,,,,2024,7,27,187,0,0,1,1
278,의성,2024-07-06,27.5,21.0,154,33.5,1455,,,,,,,7.5,230,1519,3.7,230,1722,1.4,1198,230,22.7,58,1422,76.9,27.7,994.4,1005.3,143,1001.4,1646,1003.5,14.5,4.4,,,,,,,,,7.3,2.3,30.3,20.2,,,,,,,,,,,,,,,2024,7,27,188,0,0,1,0
278,의성,2024-07-07,26.4,24.5,2400,28.8,1537,19.9,2338.0,25.1,2313.0,,30.7,9.1,360,1114,3.6,320,2342,0.8,676,200,24.4,77,1440,89.6,30.6,994.2,1005.5,1113,1001.6,337,1003.4,14.5,0.0,,,,,,,,,8.9,4.0,27.9,23.4,,,,,,,,,,,,,,,2024,7,27,189,0,0,1,1
278,의성,2024-07-08,24.4,23.6,819,25.8,2229,22.4,2258.0,31.4,2252.0,,71.8,10.9,290,2300,5.4,290,2306,0.8,665,160,24.1,92,1424,98.8,29.9,993.9,1005.0,635,999.2,2231,1003.0,14.5,0.0,,,,,,,,,10.0,7.0,25.8,23.2,,,,,,,,,,,,,,,2024,7,28,190,0,0,1,1
278,의성,2024-07-09,23.7,22.4,2351,25.4,1233,2.5,759.0,5.5,744.0,,20.4,3.6,180,1443,2.0,200,1447,0.6,529,180,23.5,93,1324,99.4,29.0,995.3,1006.3,1424,1001.6,330,1004.5,14.5,0.0,,,,,,,,,9.6,5.8,25.0,22.0,,,,,,,,,,,,,,,2024,7,28,191,0,0,1,1
278,의성,2024-07-10,23.4,21.1,649,26.5,1708,8.9,437.0,35.5,432.0,,68.7,6.9,90,439,3.7,90,445,1.1,929,230,22.4,78,1544,95.0,27.0,990.6,1004.8,9,996.8,525,999.8,14.5,0.3,,,,,,,,,7.9,6.8,25.7,20.7,,,,,,,,,,,,,,,2024,7,28,192,0,0,1,1
278,의성,2024-07-11,25.1,21.4,230,30.2,1456,0.2,,0.2,,,0.2,3.7,270,1334,1.9,250,1215,0.6,532,230,22.4,61,1500,87.1,27.1,991.7,1002.4,853,999.2,1735,1000.9,14.5,3.2,,,,,,,,,7.3,3.5,27.8,20.5,,,,,,,,,,,,,,,2024,7,28,193,0,0,1,0
278,의성,2024-07-12,25.9,22.0,521,32.7,1507,,,,,,,4.8,90,1608,2.7,20,1650,0.8,660,360,22.8,52,1508,85.3,27.7,992.2,1003.4,2301,999.9,1535,1001.4,14.5,7.1,,,,,,,,,3.4,1.5,29.6,21.5,,,,,,,,,,,,,,,2024,7,28,194,0,0,1,0
278,의성,2024-07-13,25.9,20.2,539,32.3,1515,,,,,,,5.1,230,1607,3.0,230,1614,1.0,868,230,21.5,50,1527,79.3,25.7,996.3,1009.0,2333,1003.1,1,1005.5,14.4,10.8,,,,,,,,,5.0,1.6,30.1,19.8,,,,,,,,,,,,,,,2024,7,28,195,0,0,1,0
278,의성,2024-07-14,24.7,22.5,520,27.0,945,0.1,,0.1,,,0.1,5.0,70,1355,2.9,90,1357,0.9,738,70,21.6,69,954,83.5,25.8,1000.6,1011.9,2255,1007.9,258,1009.8,14.4,0.3,,,,,,,,,9.4,9.0,27.3,21.9,,,,,,,,,,,,,,,2024,7,28,196,0,0,1,0
278,의성,2024-07-15,25.4,22.3,447,29.6,1324,,,,,,,4.1,160,1704,2.3,230,1556,0.8,698,230,22.0,63,1329,82.6,26.4,1002.4,1012.7,829,1010.2,1712,1011.7,14.4,2.1,,,,,,,,,7.3,6.9,30.4,22.2,,,,,,,,,,,,,,,2024,7,29,197,0,0,1,0
278,의성,2024-07-16,24.8,22.4,240,30.3,1147,10.2,1743.0,16.0,1721.0,,35.9,3.9,180,1821,2.3,230,1206,0.7,642,200,23.0,64,1141,91.1,28.1,1001.7,1012.5,824,1009.4,1459,1010.9,14.4,1.7,,,,,,,,,8.9,7.4,28.6,20.9,,,,,,,,,,,,,,,2024,7,29,198,0,0,1,1
278,의성,2024-07-17,26.4,22.5,444,32.2,1408,0.2,,0.6,1.0,,1.2,4.9,270,1351,2.9,270,1320,0.8,671,200,23.8,63,1412,86.8,29.6,999.6,1011.4,1,1006.8,1752,1008.8,14.4,1.3,,,,,,,,,9.4,4.9,29.1,22.2,,,,,,,,,,,,,,,2024,7,29,199,0,0,1,1
278,의성,2024-07-18,26.4,23.9,510,30.8,945,7.9,1500.0,10.9,1422.0,,12.3,8.1,230,1658,3.8,230,1705,1.2,1029,200,24.6,64,947,90.5,30.9,994.1,1006.9,1,999.1,1646,1003.2,14.3,0.5,,,,,,,,,9.3,4.9,26.8,23.5,,,,,,,,,,,,,,,2024,7,29,200,0,0,1,1
278,의성,2024-07-19,26.2,23.0,2355,30.0,1727,0.1,,0.1,,,0.1,3.9,250,1615,2.2,250,1619,0.8,701,230,24.1,69,1813,89.8,30.1,995.7,1007.2,2327,1003.7,1,1004.9,14.3,1.7,,,,,,,,,7.9,5.5,28.1,21.4,,,,,,,,,,,,,,,2024,7,29,201,0,0,1,0
278,의성,2024-07-20,26.1,22.7,542,30.5,1725,1.1,1135.0,4.0,1116.0,,4.3,5.6,270,1030,3.0,250,1035,0.9,748,160,23.8,68,1715,88.3,29.5,997.9,1010.2,1124,1004.8,2357,1007.1,14.3,4.9,,,,,,,,,5.3,4.0,30.6,21.7,,,,,,,,,,,,,,,2024,7,29,202,0,0,1,1
278,의성,2024-07-21,28.7,24.7,455,33.9,1451,1.0,355.0,1.5,305.0,,1.9,7.0,320,1115,3.9,250,945,1.6,1408,270,24.4,57,1452,79.4,30.5,997.5,1008.4,2337,1003.9,213,1006.7,14.3,8.6,,,,,,,,,5.1,1.8,32.5,23.6,,,,,,,,,,,,,,,2024,7,29,203,0,0,1,1
278,의성,2024-07-22,29.1,23.5,539,33.4,1156,,,,,,,6.1,270,1152,3.2,230,1134,1.0,896,200,24.2,56,1204,76.8,30.3,997.0,1008.9,208,1003.4,2202,1006.0,14.3,7.8,,,,,,,,,4.9,0.8,32.6,22.6,,,,,,,,,,,,,,,2024,7,30,204,0,0,1,0
278,의성,2024-07-23,28.2,25.7,2354,32.3,1024,0.0,,0.0,,,0.0,6.5,180,46,3.6,270,927,1.2,1059,200,24.5,61,1018,81.4,30.7,995.3,1005.4,838,1002.7,1626,1004.4,14.2,3.8,,,,,,,,,9.6,5.3,31.5,24.9,,,,,,,,,,,,,,,2024,7,30,205,0,0,1,0
278,의성,2024-07-24,28.1,24.4,521,32.5,1451,0.0,,0.0,,,0.0,5.4,290,1055,2.7,270,1103,0.9,797,230,25.1,62,1445,85.8,31.9,995.1,1005.3,11,1002.7,1739,1004.2,14.2,6.7,,,,,,,,,4.6,1.9,35.0,23.4,,,,,,,,,,,,,,,2024,7,30,206,0,0,1,0
278,의성,2024-07-25,28.9,24.9,222,34.7,1618,,,,,,,4.6,270,1149,2.6,230,1151,0.8,684,230,24.9,54,1502,81.6,31.6,997.1,1008.6,2220,1004.5,1628,1006.2,14.2,7.1,,,,,,,,,7.4,4.6,37.5,23.8,,,,,,,,,,,,,,,2024,7,30,207,0,0,1,0
278,의성,2024-07-26,29.0,24.6,512,34.5,1224,0.0,,0.0,,,0.0,7.8,230,1212,3.7,230,1647,1.1,982,200,24.5,53,1225,79.3,30.7,1001.4,1013.8,2257,1008.2,252,1010.6,14.2,6.9,,,,,,,,,8.1,3.5,36.1,24.2,,,,,,,,,,,,,,,2024,7,30,208,0,0,1,0
278,의성,2024-07-27,28.5,25.4,221,33.4,1338,0.1,,0.1,,,0.1,6.6,200,1232,3.4,200,1240,1.0,879,200,25.4,62,1400,84.9,32.4,1005.6,1016.2,2217,1013.4,111,1014.8,14.1,2.1,,,,,,,,,8.6,5.5,32.4,24.9,,,,,,,,,,,,,,,2024,7,30,209,0,0,1,0
278,의성,2024-07-28,29.4,24.6,530,34.8,1326,,,,,,,6.4,250,1205,3.4,250,1213,1.2,1015,230,24.8,54,1318,79.3,31.4,1003.3,1015.9,1,1010.1,1729,1012.5,14.1,9.6,,,,,,,,,6.1,2.4,35.8,23.1,,,,,,,,,,,,,,,2024,7,30,210,0,0,1,0
278,의성,2024-07-29,29.3,23.5,552,34.7,1430,,,,,,,9.4,290,1211,4.5,270,1228,1.9,1625,290,23.5,51,1439,73.4,29.0,999.2,1010.9,52,1005.9,1726,1008.3,14.1,10.4,,,,,,,,,1.4,0.5,38.1,21.8,,,,,,,,,,,,,,,2024,7,31,211,0,0,1,0
278,의성,2024-07-30,28.2,24.5,257,33.5,1538,,,,,,,6.5,320,1539,3.3,320,1541,1.2,1070,270,23.8,57,1526,79.4,29.5,997.5,1007.7,733,1005.4,1735,1006.6,14.1,5.6,,,,,,,,,2.8,2.8,34.2,22.5,,,,,,,,,,,,,,,2024,7,31,212,0,0,1,0
278,의성,2024-07-31,28.7,22.5,530,34.8,1655,,,,,,,6.6,290,1348,3.4,270,1204,1.3,1089,290,23.3,52,1435,76.1,28.6,996.8,1008.5,718,1004.0,1720,1005.9,14.0,13.2,,,,,,,,,0.0,0.0,39.4,20.2,,,,,,,,,,,,,,,2024,7,31,213,0,0,1,0
278,의성,2024-08-01,29.3,23.4,551,35.2,1511,,,,,,,6.6,340,1141,3.5,290,1222,1.1,981,320,24.1,51,1427,76.5,30.0,995.0,1005.6,529,1001.8,1659,1004.0,14.0,10.6,,,,,,,,,1.6,1.3,40.5,21.7,,,,,,,,,,,,,,,2024,8,31,214,0,0,1,0
278,의성,2024-08-02,30.2,24.7,454,36.5,1612,,,,,,,6.2,320,1554,3.6,290,1556,1.1,926,270,25.4,49,1636,77.8,32.4,994.5,1005.1,2332,1001.7,1720,1003.5,14.0,9.2,,,,,,,,,3.0,2.1,40.3,23.2,,,,,,,,,,,,,,,2024,8,31,215,0,0,1,0
278,의성,2024-08-03,30.5,25.2,534,36.8,1438,,,,,,,5.4,250,1146,3.3,270,1334,1.2,1018,270,25.4,48,1622,77.1,32.4,997.0,1007.8,2330,1004.3,1638,1006.0,13.9,9.3,,,,,,,,,1.3,0.3,39.2,23.7,,,,,,,,,,,,,,,2024,8,31,216,0,0,1,0
278,의성,2024-08-04,28.2,24.6,531,36.0,1232,2.6,1444.0,2.6,,,2.6,5.9,110,1427,3.4,340,1500,0.8,666,340,25.4,52,1228,86.5,32.4,998.3,1008.6,2359,1005.5,1516,1007.4,13.9,5.8,,,,,,,,,3.9,2.1,33.6,22.8,,,,,,,,,,,,,,,2024,8,31,217,0,0,1,1
278,의성,2024-08-05,27.3,22.8,2345,34.9,1343,19.4,1550.0,56.1,1525.0,,61.2,8.5,180,1542,4.6,180,1551,0.9,781,290,24.4,57,1347,86.8,30.7,998.5,1009.4,1929,1004.9,1500,1007.7,13.9,4.6,,,,,,,,,6.1,3.3,33.2,21.8,,,,,,,,,,,,,,,2024,8,32,218,0,0,1,1
278,의성,2024-08-06,26.9,22.1,409,34.1,1505,,,,,,,6.6,270,1454,2.9,360,1645,0.9,765,50,23.9,58,1507,85.6,29.7,997.9,1009.2,730,1005.4,1752,1007.1,13.8,5.9,,,,,,,,,5.8,3.3,31.3,21.9,,,,,,,,,,,,,,,2024,8,32,219,0,0,1,0
278,의성,2024-08-07,28.5,23.4,603,35.8,1601,,,,,,,4.9,320,1226,2.2,320,1229,0.8,649,50,24.9,46,1601,83.5,31.6,996.1,1007.5,747,1002.8,1644,1005.2,13.8,5.7,,,,,,,,,4.4,1.8,32.4,22.8,,,,,,,,,,,,,,,2024,8,32,220,0,0,1,0
278,의성,2024-08-08,28.1,24.5,2400,33.6,1232,,,,,,,5.9,320,1312,3.4,320,1319,1.0,833,290,24.6,55,1234,83.3,30.9,994.7,1005.1,727,1002.4,1621,1003.8,13.8,4.1,,,,,,,,,7.1,2.5,32.5,23.5,,,,,,,,,,,,,,,2024,8,32,221,0,0,1,0
278,의성,2024-08-09,28.0,23.5,224,34.8,1554,,,,,,,4.4,320,1412,2.3,290,1258,0.8,718,290,23.6,47,1631,80.3,29.1,994.3,1004.9,711,1001.4,1718,1003.4,13.8,8.7,,,,,,,,,1.9,0.9,34.6,22.6,,,,,,,,,,,,,,,2024,8,32,222,0,0,1,0
278,의성,2024-08-10,28.0,22.2,556,35.2,1643,,,,,,,3.5,180,1415,2.0,180,1402,0.8,725,180,22.5,45,1338,74.9,27.2,994.1,1005.2,756,1001.1,1652,1003.2,13.7,8.6,,,,,,,,,2.4,0.5,35.8,21.5,,,,,,,,,,,,,,,2024,8,32,223,0,0,1,0
278,의성,2024-08-11,28.4,21.7,511,35.1,1542,,,,,,,4.9,290,1550,2.7,290,1551,0.8,733,270,22.6,49,1428,74.0,27.5,993.7,1004.2,813,1000.9,1630,1002.8,13.7,10.2,,,,,,,,,2.4,1.1,37.8,20.6,,,,,,,,,,,,,,,2024,8,32,224,0,0,1,0
278,의성,2024-08-12,28.5,22.4,531,36.5,1510,,,,,,,4.6,200,1712,2.2,320,1324,0.9,788,50,22.0,44,1511,70.6,26.5,995.4,1007.0,2357,1002.3,1523,1004.5,13.6,9.3,,,,,,,,,3.0,2.4,38.6,21.2,,,,,,,,,,,,,,,2024,8,33,225,0,0,1,0
278,의성,2024-08-13,27.8,21.2,538,36.2,1550,,,,,,,6.9,70,1108,3.2,20,1430,1.1,965,50,21.2,38,1311,70.9,25.2,998.4,1009.3,723,1005.1,1644,1007.6,13.6,10.4,,,,,,,,,2.3,0.5,37.6,19.5,,,,,,,,,,,,,,,2024,8,33,226,0,0,1,0
278,의성,2024-08-14,27.6,20.8,554,36.0,1407,,,,,,,5.0,180,1345,2.5,160,1350,0.9,802,360,21.0,38,1318,71.5,24.9,998.7,1009.5,622,1005.6,1725,1007.8,13.6,9.2,,,,,,,,,2.9,2.1,35.3,18.9,,,,,,,,,,,,,,,2024,8,33,227,0,0,1,0
278,의성,2024-08-15,27.1,21.8,538,35.6,1417,,,,,,,6.3,160,1636,3.4,90,1523,0.8,714,20,22.4,44,1418,77.9,27.0,998.4,1008.9,708,1005.4,1455,1007.6,13.6,6.4,,,,,,,,,4.5,2.1,35.0,19.6,,,,,,,,,,,,,,,2024,8,33,228,0,0,1,0
278,의성,2024-08-16,26.5,21.2,527,33.6,1705,,,,,,,7.0,20,1710,3.4,20,1702,1.1,979,20,22.0,49,1706,79.0,26.5,999.5,1010.6,2349,1006.4,1646,1008.7,13.5,4.7,,,,,,,,,5.8,2.9,31.4,19.1,,,,,,,,,,,,,,,2024,8,33,229,0,0,1,0
278,의성,2024-08-17,27.2,21.7,541,34.9,1531,,,,,,,4.9,140,1558,2.4,140,1549,0.8,697,20,22.4,47,1532,77.9,27.0,1000.8,1011.6,734,1007.8,1517,1010.0,13.5,5.2,,,,,,,,,4.8,2.0,35.6,19.4,,,,,,,,,,,,,,,2024,8,33,230,0,0,1,0
278,의성,2024-08-18,27.9,21.4,512,36.1,1531,,,,,,,4.9,250,1319,2.7,230,1337,1.0,827,200,21.4,40,1442,71.6,25.4,1000.1,1011.3,722,1006.4,1711,1009.3,13.4,9.5,,,,,,,,,4.0,1.3,36.4,19.0,,,,,,,,,,,,,,,2024,8,33,231,0,0,1,0
278,의성,2024-08-19,28.6,21.2,550,36.1,1452,0.1,,0.1,,,0.1,6.7,270,1410,3.1,270,1417,0.9,780,230,22.4,44,1402,72.8,27.2,999.0,1009.8,3,1005.5,1644,1008.1,13.4,8.9,,,,,,,,,4.6,2.8,37.9,18.7,,,,,,,,,,,,,,,2024,8,34,232,0,0,1,0
278,의성,2024-08-20,28.6,24.6,533,34.7,1401,0.5,1556.0,0.5,,,0.5,5.7,180,1518,3.4,180,1526,0.9,780,200,25.2,57,1401,83.3,32.0,1000.1,1010.4,2147,1008.1,1804,1009.3,13.4,2.3,,,,,,,,,7.4,4.6,33.5,22.7,,,,,,,,,,,,,,,2024,8,34,233,0,0,1,0
278,의성,2024-08-21,28.1,25.2,420,32.3,1320,0.8,13.0,0.8,,,1.3,7.2,230,1415,3.0,230,1413,1.1,911,200,25.5,65,1416,87.1,32.6,999.3,1010.4,6,1006.9,1840,1008.5,13.3,0.1,,,,,,,,,8.8,5.4,31.1,24.2,,,,,,,,,,,,,,,2024,8,34,234,0,0,1,1
278,의성,2024-08-22,28.8,23.9,549,34.9,1302,0.0,,0.0,,,0.0,8.4,270,1529,4.3,230,1538,1.4,1197,230,24.7,55,1303,80.6,31.2,996.1,1008.2,1,1002.3,1521,1005.2,13.3,3.5,,,,,,,,,8.1,4.9,33.0,22.2,,,,,,,,,,,,,,,2024,8,34,235,0,0,1,0
278,의성,2024-08-23,27.8,22.4,600,35.2,1449,,,,,,,8.1,250,1449,4.3,270,1455,1.3,1099,270,22.3,44,1449,75.5,27.0,998.5,1009.5,2324,1006.2,1,1007.6,13.3,9.4,,,,,,,,,1.5,0.8,37.9,19.5,,,,,,,,,,,,,,,2024,8,34,236,0,0,1,0
278,의성,2024-08-24,28.4,21.4,554,36.0,1533,,,,,,,5.9,270,1514,3.2,270,1520,0.9,817,250,22.2,42,1505,73.1,26.8,999.9,1010.9,631,1006.5,1754,1009.1,13.2,9.9,,,,,,,,,3.3,1.4,37.9,18.6,,,,,,,,,,,,,,,2024,8,34,237,0,0,1,0
278,의성,2024-08-25,28.8,23.4,609,35.9,1440,2.6,37.0,3.0,32.0,,3.0,5.0,250,1331,2.9,250,1331,1.0,893,140,23.2,41,1422,75.8,28.5,998.8,1009.9,736,1005.4,1620,1007.9,13.2,9.9,,,,,,,,,4.9,2.0,35.9,22.2,,,,,,,,,,,,,,,2024,8,34,238,0,0,1,1
278,의성,2024-08-26,27.9,24.1,2354,34.6,1510,0.4,2248.0,0.9,2239.0,,0.9,5.7,90,2010,2.5,90,2013,1.0,834,250,23.5,48,1437,79.5,28.9,996.9,1008.0,1,1003.7,1550,1006.0,13.2,3.1,,,,,,,,,8.5,4.0,34.8,23.2,,,,,,,,,,,,,,,2024,8,35,239,0,0,1,0
278,의성,2024-08-27,25.2,22.1,2358,32.0,1221,0.0,,0.0,,,0.0,6.1,200,1427,3.4,140,1434,0.9,818,50,22.7,60,1151,87.0,27.6,997.0,1009.0,2124,1004.4,431,1006.2,13.1,0.7,,,,,,,,,8.4,4.5,28.6,19.4,,,,,,,,,,,,,,,2024,8,35,240,0,0,1,0
278,의성,2024-08-28,25.5,19.9,509,31.6,1407,,,,,,,8.1,110,1350,3.6,90,1301,1.5,1299,90,20.4,53,1247,75.5,24.0,999.2,1009.5,559,1007.4,1413,1008.4,13.1,3.6,,,,,,,,,5.1,2.5,29.3,17.3,,,,,,,,,,,,,,,2024,8,35,241,0,0,1,0
278,의성,2024-08-29,27.4,22.8,554,32.8,1503,0.0,,0.0,,,0.0,10.1,50,1316,5.6,70,1322,2.2,1871,50,22.0,53,1427,73.6,26.4,995.8,1008.1,1,1003.0,1502,1004.9,13.1,5.9,,,,,,,,,3.6,2.0,35.4,20.1,,,,,,,,,,,,,,,2024,8,35,242,0,0,1,0
278,의성,2024-08-30,27.7,22.3,552,34.6,1525,,,,,,,7.7,20,1406,3.6,70,1451,1.3,1132,50,21.6,45,1509,72.5,25.9,993.7,1004.0,709,1000.9,1624,1002.8,13.0,7.4,,,,,,,,,1.6,1.4,36.4,19.8,,,,,,,,,,,,,,,2024,8,35,243,0,0,1,0
278,의성,2024-08-31,26.1,19.6,534,34.3,1404,,,,,,,6.5,200,1747,2.8,160,1805,0.9,773,50,20.2,37,1337,73.4,23.7,996.7,1008.5,2316,1003.6,1607,1005.9,13.0,10.0,,,,,,,,,1.9,1.4,35.7,15.5,,,,,,,,,,,,,,,2024,8,35,244,0,0,1,0
278,의성,2024-09-01,26.2,20.7,254,33.9,1622,,,,,,,6.6,270,1217,3.5,270,1331,1.1,982,270,19.5,36,1616,70.6,22.6,997.5,1008.4,1,1004.4,1615,1006.7,12.9,8.5,,,,,,,,,4.1,1.5,35.1,17.9,,,,,,,,,,,,,,,2024,9,35,245,0,0,1,0
278,의성,2024-09-02,25.8,18.9,607,31.3,1208,0.0,,0.0,,,0.0,5.7,70,2318,2.6,70,2227,1.0,824,70,20.1,48,1308,73.1,23.6,999.5,1011.9,2324,1007.0,204,1008.7,12.9,2.9,,,,,,,,,7.8,5.3,32.5,16.6,,,,,,,,,,,,,,,2024,9,36,246,0,0,1,0
278,의성,2024-09-03,25.3,18.9,2352,31.4,1526,0.0,,0.0,,,0.0,6.3,90,919,3.7,70,1208,1.4,1247,70,17.2,40,1604,63.1,19.7,1002.9,1014.0,906,1010.1,1605,1012.1,12.9,4.7,,,,,,,,,5.3,4.0,33.3,16.5,,,,,,,,,,,,,,,2024,9,36,247,0,0,1,0
278,의성,2024-09-04,24.3,16.8,419,33.5,1529,,,,,,,11.6,110,1459,3.0,180,1505,0.9,793,50,17.3,37,1530,69.4,19.8,1000.4,1012.6,4,1006.5,1716,1009.7,12.8,10.4,,,,,,,,,2.9,1.3,32.6,13.2,,,,,,,,,,,,,,,2024,9,36,248,0,0,1,0
278,의성,2024-09-05,26.9,17.4,550,34.7,1426,,,,,,,7.6,250,1342,3.7,320,1702,1.3,1143,290,19.2,38,1655,66.4,22.4,997.8,1009.3,5,1004.1,1542,1006.9,12.8,9.0,,,,,,,,,5.0,2.9,34.6,16.0,,,,,,,,,,,,,,,2024,9,36,249,0,0,1,0
278,의성,2024-09-06,25.4,22.0,2246,28.8,1158,1.1,2221.0,3.7,2149.0,,6.0,6.9,50,1159,3.0,50,1203,0.9,766,50,21.8,64,1248,81.5,26.1,1001.7,1013.6,2213,1007.5,1,1010.9,12.8,0.0,,,,,,,,,9.8,8.0,28.8,21.7,,,,,,,,,,,,,,,2024,9,36,250,0,0,1,1
278,의성,2024-09-07,23.9,21.4,433,28.1,1616,0.5,432.0,1.4,405.0,,1.6,2.6,360,1251,1.4,360,1127,0.6,543,360,22.6,75,1639,93.5,27.5,1004.0,1014.4,935,1012.0,1611,1013.3,12.7,1.8,,,,,,,,,8.1,7.1,25.9,21.1,,,,,,,,,,,,,,,2024,9,36,251,0,0,1,1
278,의성,2024-09-08,27.2,23.7,603,33.6,1348,,,,,,,5.4,140,1624,2.6,140,1645,0.9,759,20,23.1,52,1425,80.3,28.3,1003.6,1014.4,842,1010.6,1538,1012.8,12.7,5.2,,,,,,,,,5.1,4.0,31.1,22.8,,,,,,,,,,,,,,,2024,9,36,252,0,0,1,0
278,의성,2024-09-09,27.3,22.4,2359,33.3,1241,,,,,,,6.6,140,1607,3.2,140,1625,0.9,788,50,21.9,51,1235,74.9,26.3,1003.7,1014.4,739,1010.6,1537,1012.9,12.7,4.0,,,,,,,,,4.6,3.8,30.4,20.9,,,,,,,,,,,,,,,2024,9,37,253,0,0,1,0
278,의성,2024-09-10,27.7,20.4,527,36.4,1546,,,,,,,5.2,320,1512,2.7,290,1515,0.8,662,290,21.0,36,1412,71.6,24.9,1003.7,1014.6,822,1010.2,1609,1012.9,12.6,11.0,,,,,,,,,0.1,0.0,34.6,17.7,,,,,,,,,,,,,,,2024,9,37,254,0,0,1,0
278,의성,2024-09-11,26.5,23.1,242,34.8,1336,12.3,1800.0,38.4,1749.0,,60.5,9.3,90,1633,5.0,90,1636,0.9,746,320,23.6,50,1337,86.4,29.1,1006.3,1017.1,2135,1013.1,1501,1015.5,12.6,1.2,,,,,,,,,9.6,7.9,31.5,21.6,,,,,,,,,,,,,,,2024,9,37,255,0,0,1,1
278,의성,2024-09-12,26.5,24.0,240,30.4,1227,0.6,131.0,1.2,126.0,,1.3,4.2,50,1521,2.4,20,1521,0.7,565,360,24.8,70,1225,91.3,31.2,1005.1,1016.4,3,1012.7,1644,1014.4,12.5,0.1,,,,,,,,,9.4,3.9,28.3,23.6,,,,,,,,,,,,,,,2024,9,37,256,0,0,1,1
278,의성,2024-09-13,27.9,25.0,133,33.7,1357,0.0,,0.0,,,0.0,3.4,290,1303,2.0,250,1256,0.7,589,340,24.6,52,1531,84.4,30.9,999.4,1012.7,1,1005.8,1858,1008.6,12.5,4.4,,,,,,,,,7.3,5.1,29.6,24.8,,,,,,,,,,,,,,,2024,9,37,257,0,0,1,0
278,의성,2024-09-14,28.7,23.6,621,35.4,1520,,,,,,,5.1,110,1731,2.4,160,1733,0.9,766,320,23.7,43,1525,77.5,29.4,996.3,1006.9,2330,1002.8,1523,1005.4,12.5,9.4,,,,,,,,,3.8,1.5,31.4,22.4,,,,,,,,,,,,,,,2024,9,37,258,0,0,1,0
278,의성,2024-09-15,26.9,22.7,633,32.4,1336,,,,,,,8.0,70,1745,3.9,70,1750,1.4,1229,70,22.7,60,1541,79.3,27.6,1000.9,1014.4,2304,1006.7,1,1010.1,12.4,4.4,,,,,,,,,5.1,4.3,30.6,20.7,,,,,,,,,,,,,,,2024,9,37,259,0,0,1,0
278,의성,2024-09-16,26.3,24.4,547,29.0,1414,,,,,,,6.4,50,329,3.5,50,258,1.3,1128,50,22.4,69,1137,80.1,27.2,1006.3,1016.5,915,1014.3,1,1015.6,12.4,0.0,,,,,,,,,8.5,7.8,28.5,23.5,,,,,,,,,,,,,,,2024,9,38,260,0,0,1,0
278,의성,2024-09-17,28.5,23.5,534,35.8,1548,,,,,,,6.0,50,1745,3.4,50,1747,0.7,646,20,23.7,46,1428,78.5,29.3,1004.7,1016.0,1,1011.3,1605,1013.9,12.4,8.3,,,,,,,,,6.8,3.9,32.3,23.0,,,,,,,,,,,,,,,2024,9,38,261,0,0,1,0
278,의성,2024-09-18,27.5,23.5,2352,35.8,1427,2.2,1622.0,5.1,2011.0,,12.5,5.6,160,2019,2.8,50,1851,0.8,682,250,24.1,49,1436,84.4,30.1,1004.2,1015.9,2048,1010.2,1515,1013.4,12.3,5.8,,,,,,,,,7.3,2.8,32.4,22.9,,,,,,,,,,,,,,,2024,9,38,262,0,0,1,1
278,의성,2024-09-19,27.2,23.1,106,33.2,1340,,,,,,,3.9,270,1338,2.1,290,1344,0.6,525,340,24.9,55,1344,89.0,31.6,1004.7,1016.1,940,1012.1,1556,1013.9,12.3,2.7,,,,,,,,,8.3,5.6,29.4,22.8,,,,,,,,,,,,,,,2024,9,38,263,0,0,1,0
278,의성,2024-09-20,25.7,24.8,2343,28.3,1045,2.7,1112.0,10.0,1105.0,,23.0,3.3,160,1457,1.8,180,1608,0.4,363,180,25.5,83,1048,99.4,32.7,1001.0,1013.3,1,1007.2,2358,1010.3,12.2,0.0,,,,,,,,,9.9,6.5,27.5,24.7,,,,,,,,,,,,,,,2024,9,38,264,0,0,1,1
278,의성,2024-09-21,20.7,19.3,419,24.9,22,5.3,709.0,18.3,628.0,,94.5,9.2,20,312,5.0,20,319,0.9,789,70,20.4,93,2007,98.6,23.9,997.3,1009.0,710,1004.0,1944,1006.7,12.2,0.0,,,,,,,,,10.0,8.3,22.5,18.9,,,,,,,,,,,,,,,2024,9,38,265,0,0,1,1
278,의성,2024-09-22,21.5,19.4,2400,26.2,1428,,,,,,,8.0,70,1729,4.1,90,1543,1.7,1460,70,17.2,58,1426,77.9,19.7,1002.4,1016.9,2344,1006.0,25,1011.8,12.2,2.8,,,,,,,,,8.6,7.4,23.5,18.6,,,,,,,,,,,,,,,2024,9,38,266,0,0,1,0
278,의성,2024-09-23,18.9,12.6,2347,25.1,1347,,,,,,,9.3,70,904,3.7,70,905,1.6,1407,70,12.0,40,1442,67.5,14.1,1008.6,1019.5,915,1016.0,1523,1018.2,12.1,8.1,,,,,,,,,2.9,0.8,21.1,9.6,,,,,,,,,,,,,,,2024,9,39,267,0,0,1,0
278,의성,2024-09-24,19.0,11.4,541,27.1,1436,,,,,,,4.4,110,1724,2.1,140,1726,0.7,565,360,15.1,50,1437,81.0,17.3,1006.9,1019.3,1,1013.8,1512,1016.4,12.1,6.1,,,,,,,,,5.0,1.6,22.8,9.1,,,,,,,,,,,,,,,2024,9,39,268,0,0,1,0
278,의성,2024-09-25,22.1,16.4,625,28.7,1458,,,,,,0.0,4.9,360,1244,2.1,320,1151,0.7,615,290,18.5,53,1625,82.8,21.3,1004.7,1015.8,712,1011.5,1612,1014.0,12.0,6.2,,,,,,,,,4.6,3.1,27.5,14.5,,,,,,,,,,,,,,,2024,9,39,269,0,0,1,0
278,의성,2024-09-26,22.3,17.5,450,29.7,1409,0.0,,0.0,,,0.0,4.0,270,1426,2.0,230,1435,0.6,559,360,19.1,49,1506,84.6,22.1,1003.0,1014.5,848,1009.8,1621,1012.4,12.0,7.4,,,,,,,,,5.3,2.0,26.4,15.0,,,,,,,,,,,,,,,2024,9,39,270,0,0,1,0
278,의성,2024-09-27,22.5,18.6,2344,29.5,1527,,,,,,,4.8,90,1702,2.7,90,1720,0.7,628,360,18.9,45,1607,82.6,21.8,1003.3,1015.0,2400,1010.3,1500,1012.6,12.0,5.2,,,,,,,,,3.9,2.8,28.0,15.8,,,,,,,,,,,,,,,2024,9,39,271,0,0,1,0
278,의성,2024-09-28,20.8,16.7,613,26.1,1332,,,,,,,7.9,90,1319,3.9,70,1558,1.3,1155,70,17.4,59,1338,82.4,19.9,1008.7,1021.1,2140,1015.0,1,1018.2,11.9,1.8,,,,,,,,,5.6,3.8,25.5,14.0,,,,,,,,,,,,,,,2024,9,39,272,0,0,1,0
278,의성,2024-09-29,20.1,14.4,2337,26.9,1427,,,,,,,7.0,50,1012,3.6,50,1411,1.2,1006,70,14.8,42,1600,75.1,16.9,1010.6,1022.0,746,1018.3,1414,1020.1,11.9,7.6,,,,,,,,,2.9,1.5,24.8,10.9,,,,,,,,,,,,,,,2024,9,39,273,0,0,1,0
278,의성,2024-09-30,18.7,11.6,638,28.1,1419,,,,,,,5.6,250,1413,2.9,250,1416,0.7,646,320,14.2,43,1409,79.3,16.3,1006.0,1020.3,1,1012.1,1654,1015.5,11.8,9.3,,,,,,,,,1.3,0.9,24.9,8.1,,,,,,,,,,,,,,,2024,9,40,274,0,0,1,0
278,의성,2024-10-01,18.9,12.9,518,26.3,1236,,,,,,,7.5,270,1521,4.3,290,1612,1.5,1254,270,13.8,52,1227,75.1,16.0,1001.1,1013.2,2356,1007.6,1421,1010.6,11.8,2.4,,,,,,,,,7.9,6.8,25.8,9.6,,,,,,,,,,,,,,,2024,10,40,275,0,0,1,0
278,의성,2024-10-02,14.3,7.9,645,21.3,1433,,,,,,,6.3,320,1424,2.7,290,7,1.0,853,360,6.2,26,1336,62.4,9.5,1007.6,1021.0,2317,1013.1,11,1017.3,11.8,8.0,,,,,,,,,5.9,1.5,19.3,3.4,,,,,,,,,,,,,,,2024,10,40,276,0,0,1,0
278,의성,2024-10-03,15.4,10.5,12,20.9,1321,0.6,2101.0,1.7,2026.0,,3.2,9.8,20,1305,4.0,50,1324,1.2,1000,70,11.6,51,1316,80.4,13.7,1011.1,1021.8,2136,1018.8,1434,1020.8,11.7,0.0,,,,,,,,,10.0,8.8,18.1,7.6,,,,,,,,,,,,,,,2024,10,40,277,0,0,1,1
278,의성,2024-10-04,15.8,11.5,2357,24.1,1509,,,,,,,4.5,200,1754,2.2,340,1548,0.7,613,20,12.5,49,1509,83.6,14.5,1013.8,1025.8,934,1020.7,30,1023.5,11.7,6.1,,,,,,,,,4.0,3.6,18.8,7.6,,,,,,,,,,,,,,,2024,10,40,278,0,0,1,0
278,의성,2024-10-05,15.2,8.4,632,24.0,1457,,,,,,,4.4,20,1459,2.7,320,1553,0.7,580,320,12.1,51,1444,85.3,14.2,1012.9,1025.2,721,1019.9,1456,1022.6,11.7,6.7,,,,,,,,,4.8,1.5,19.7,5.3,,,,,,,,,,,,,,,2024,10,40,279,0,0,1,0
278,의성,2024-10-06,16.2,10.8,559,22.1,1151,0.0,,0.0,,,0.0,2.8,340,1224,1.6,340,1227,0.5,439,200,14.6,65,1151,91.9,16.8,1009.8,1022.4,145,1016.8,1501,1019.5,11.6,0.6,,,,,,,,,9.5,4.8,18.2,7.9,,,,,,,,,,,,,,,2024,10,40,280,0,0,1,0
278,의성,2024-10-07,16.8,14.6,635,19.8,1428,0.4,449.0,1.2,444.0,,3.8,3.4,290,1020,1.7,270,1025,0.4,377,230,15.1,65,1450,90.8,17.2,1007.0,1018.2,853,1014.5,1421,1016.6,11.6,0.1,,,,,,,,,9.5,6.3,19.2,13.2,,,,,,,,,,,,,,,2024,10,41,281,0,0,1,1
278,의성,2024-10-08,16.7,13.2,610,23.9,1507,,,,,,,8.3,70,1539,3.8,90,1547,0.9,769,50,13.9,51,1454,85.9,15.9,1006.5,1018.0,2221,1013.6,1444,1016.1,11.6,4.3,,,,,,,,,6.4,5.1,21.3,11.7,,,,,,,,,,,,,,,2024,10,41,282,0,0,1,0
278,의성,2024-10-09,15.6,10.4,602,23.0,1506,,,,,,,6.3,110,1057,3.1,90,1049,0.8,724,90,12.1,50,1509,82.6,14.1,1006.7,1018.7,722,1014.2,1555,1016.4,11.5,7.0,,,,,,,,,4.8,0.8,21.4,6.4,,,,,,,,,,,,,,,2024,10,41,283,0,0,1,0
278,의성,2024-10-10,14.9,8.4,602,23.5,1400,,,,,,,3.9,270,1320,2.0,230,1407,0.5,473,230,11.7,46,1451,84.4,13.8,1005.5,1016.9,804,1012.6,1534,1015.2,11.5,8.3,,,,,,,,,1.6,1.3,21.2,4.6,,,,,,,,,,,,,,,2024,10,41,284,0,0,1,0
278,의성,2024-10-11,14.9,9.7,610,24.0,1509,,,,,,,3.3,290,1532,1.7,320,1351,0.6,482,340,11.9,41,1620,85.5,14.0,1008.2,1020.8,2351,1015.8,1444,1017.9,11.4,7.4,,,,,,,,,0.1,0.0,20.3,6.4,,,,,,,,,,,,,,,2024,10,41,285,0,0,1,0
278,의성,2024-10-12,14.3,7.6,636,24.3,1500,,,,,,,4.4,270,1424,2.5,230,1501,0.6,488,230,10.1,33,1559,80.8,12.4,1012.9,1024.6,848,1020.7,1459,1022.7,11.4,9.9,,,,,,,,,0.0,0.0,20.1,3.5,,,,,,,,,,,,,,,2024,10,41,286,0,0,1,0
278,의성,2024-10-13,15.3,6.5,617,24.9,1342,,,,,,,8.1,90,1353,3.0,90,1356,0.7,577,70,11.6,48,1351,81.5,13.9,1013.8,1025.7,757,1021.6,1359,1023.5,11.4,4.2,,,,,,,,,5.6,3.0,19.5,2.1,,,,,,,,,,,,,,,2024,10,41,287,0,0,1,0
278,의성,2024-10-14,16.9,13.9,545,21.5,1248,0.4,1414.0,1.9,1739.0,,7.7,3.7,20,2339,2.0,20,2341,0.4,346,20,16.0,72,1252,95.4,18.3,1009.9,1022.6,26,1017.4,2345,1019.5,11.3,0.0,,,,,,,,,9.9,8.0,18.7,11.7,,,,,,,,,,,,,,,2024,10,42,288,0,0,1,1
278,의성,2024-10-15,17.8,16.1,254,20.0,1608,0.9,247.0,2.6,203.0,,6.0,3.2,160,1617,1.7,230,1412,0.4,323,180,17.3,90,1449,97.9,19.8,1007.6,1019.3,2243,1015.7,1310,1017.1,11.3,0.0,,,,,,,,,8.4,7.8,19.1,15.1,,,,,,,,,,,,,,,2024,10,42,289,0,0,1,1
278,의성,2024-10-16,18.8,14.5,2348,24.9,1501,,,,,,,3.5,230,1205,1.9,290,1342,0.7,607,50,16.4,55,1439,87.9,18.6,1012.2,1023.3,915,1019.2,1,1021.8,11.3,3.6,,,,,,,,,6.5,3.5,21.5,10.8,,,,,,,,,,,,,,,2024,10,42,290,0,0,1,0
278,의성,2024-10-17,16.8,13.4,524,24.2,1419,,,,,,,4.2,50,1557,2.2,20,1605,0.6,528,70,14.9,60,1417,90.3,16.9,1012.7,1024.5,915,1020.0,1626,1022.3,11.2,2.6,,,,,,,,,6.4,5.0,18.7,10.1,,,,,,,,,,,,,,,2024,10,42,291,0,0,1,0
278,의성,2024-10-18,19.8,14.6,1,24.8,1509,0.9,1523.0,1.3,1458.0,,1.4,3.8,180,1524,2.0,250,1726,0.5,452,250,18.2,71,1411,91.6,21.1,1004.5,1021.6,16,1009.1,1659,1014.0,11.2,0.3,,,,,,,,,8.3,6.8,20.6,12.2,,,,,,,,,,,,,,,2024,10,42,292,0,0,1,1
278,의성,2024-10-19,16.8,12.5,2307,23.2,1015,2.6,1118.0,4.3,1116.0,,7.9,10.9,50,1116,4.7,50,1116,1.7,1441,70,14.0,66,2353,84.6,16.9,1008.4,1029.1,2358,1008.7,219,1018.0,11.1,0.1,,,,,,,,,9.4,9.1,18.0,11.9,,,,,,,,,,,,,,,2024,10,42,293,0,0,1,1
278,의성,2024-10-20,12.6,7.6,735,14.4,1436,,,,,,,7.7,70,41,3.8,70,2,1.7,1502,70,6.7,56,457,67.8,9.8,1020.9,1033.3,830,1028.5,2355,1030.8,11.1,0.0,,,,,,,,,8.5,8.5,13.6,3.4,,,,,,,,,,,,,,,2024,10,42,294,0,0,1,0
278,의성,2024-10-21,14.2,10.8,638,17.0,1426,0.6,2231.0,1.6,2148.0,,3.3,2.3,320,147,1.1,20,8,0.4,334,180,12.2,75,1306,88.4,14.4,1014.2,1028.5,1,1021.5,2400,1024.0,11.1,0.0,,,,,,,,,9.9,9.8,16.3,8.4,,,,,,,,,,,,,,,2024,10,43,295,0,0,1,1
278,의성,2024-10-22,16.8,14.6,4,18.9,1531,0.8,303.0,3.0,249.0,,13.3,2.9,20,1212,1.6,270,1711,0.5,391,290,16.7,96,1536,99.8,19.0,1004.9,1021.5,1,1009.0,2359,1014.5,11.0,0.0,,,,,,,,,9.9,9.9,17.9,14.2,,,,,,,,,,,,,,,2024,10,43,296,0,0,1,1
278,의성,2024-10-23,14.5,7.3,2400,19.0,1453,,,,,,,11.8,320,1019,6.1,290,1222,2.2,1861,290,9.6,50,1338,74.9,12.1,1005.2,1020.0,2342,1008.9,9,1014.9,11.0,5.6,,,,,,,,,4.4,3.9,16.0,3.1,,,,,,,,,,,,,,,2024,10,43,297,0,0,1,0
278,의성,2024-10-24,10.3,4.9,723,20.0,1426,,,,,,,3.9,20,1520,2.1,360,1528,0.5,454,360,7.3,39,1522,85.5,10.3,1011.8,1024.8,2350,1018.9,1413,1021.7,11.0,7.3,,,,,,,,,1.3,1.3,12.7,1.1,,,,,,,,,,,,,,,2024,10,43,298,0,0,1,0
278,의성,2024-10-25,12.6,4.6,637,21.9,1418,,,,,,,3.3,340,1359,1.9,250,1453,0.5,412,290,10.2,53,1352,88.3,12.7,1015.4,1027.8,829,1023.5,1341,1025.2,10.9,5.5,,,,,,,,,7.4,3.0,15.5,0.9,,,,,,,,,,,,,,,2024,10,43,299,0,0,1,0
278,의성,2024-10-26,15.9,12.1,108,23.6,1209,,,,,,,6.1,90,1344,3.2,140,1332,0.8,662,70,12.8,51,1212,84.8,14.8,1011.4,1024.1,1,1018.8,1518,1021.1,10.9,3.1,,,,,,,,,6.4,5.6,17.4,8.2,,,,,,,,,,,,,,,2024,10,43,300,0,0,1,0
278,의성,2024-10-27,13.8,11.1,625,16.8,1213,0.3,1345.0,0.8,2007.0,,1.9,2.5,270,951,1.6,270,956,0.4,345,270,13.3,77,1135,97.8,15.3,1004.4,1019.3,4,1011.2,1611,1014.1,10.9,0.1,,,,,,,,,8.8,6.5,15.8,7.4,,,,,,,,,,,,,,,2024,10,43,301,0,0,1,1
278,의성,2024-10-28,14.3,11.9,2400,17.2,1516,,,,,,,6.8,90,1738,3.1,90,1742,0.9,757,70,12.2,70,1803,88.0,14.3,1005.6,1019.4,2231,1011.5,38,1015.3,10.8,0.0,,,,,,,,,9.0,8.8,15.6,10.7,,,,,,,,,,,,,,,2024,10,44,302,0,0,1,0
278,의성,2024-10-29,12.5,7.5,720,20.2,1523,,,,,,,4.3,160,1323,1.9,50,1326,0.5,464,50,9.8,50,1307,86.8,12.1,1009.1,1020.5,841,1016.7,1542,1018.9,10.8,3.8,,,,,,,,,5.6,2.5,15.3,3.6,,,,,,,,,,,,,,,2024,10,44,303,0,0,1,0
278,의성,2024-10-30,12.0,6.6,606,21.7,1513,,,,,,,3.1,290,1350,1.9,320,1531,0.5,421,360,9.3,45,1605,87.0,11.8,1012.3,1024.9,2400,1019.7,1,1022.2,10.8,6.4,,,,,,,,,1.3,1.3,13.8,2.7,,,,,,,,,,,,,,,2024,10,44,304,0,0,1,0
278,의성,2024-10-31,13.0,6.0,625,21.9,1420,,,,,,,3.0,70,1410,1.6,250,1354,0.4,347,230,10.5,54,1304,87.6,12.9,1013.2,1026.0,755,1020.2,1657,1023.0,10.7,7.0,,,,,,,,,6.0,0.8,14.5,1.9,,,,,,,,,,,,,,,2024,10,44,305,0,0,1,0
278,의성,2024-11-01,12.7,9.8,318,14.6,1450,,,,,,4.6,4.1,320,1331,2.4,320,1334,0.4,343,320,12.6,96,1449,99.8,14.6,1009.7,1023.2,926,1013.9,2354,1019.5,10.7,0.0,,,,,,,,,10.0,6.6,13.6,6.6,,,,,,,,,,,,,,,2024,11,44,306,0,0,1,1
278,의성,2024-11-02,15.5,9.8,2352,23.4,1304,,,,,,1.2,6.4,70,1441,3.4,70,1506,0.8,727,70,13.0,52,1259,87.1,15.0,1007.5,1023.4,2337,1012.8,419,1017.2,10.7,2.2,,,,,,,,,5.6,4.6,15.8,5.0,,,,,,,,,,,,,,,2024,11,44,307,0,0,1,1
278,의성,2024-11-03,12.6,7.5,609,21.8,1439,,,,,,,4.6,270,1528,2.5,250,1457,0.6,498,270,10.1,53,1440,87.8,12.4,1012.5,1025.5,904,1019.8,1541,1022.4,10.6,6.0,,,,,,,,,0.4,0.1,14.1,4.6,,,,,,,,,,,,,,,2024,11,44,308,0,0,1,0
278,의성,2024-11-04,11.8,7.2,2354,20.4,1507,,,,,,,5.4,290,1235,3.0,270,1354,0.6,487,50,9.7,49,1628,88.8,12.1,1009.8,1021.7,2232,1016.8,1425,1019.6,10.6,1.1,,,,,,,,,5.3,3.4,14.1,3.1,,,,,,,,,,,,,,,2024,11,45,309,0,0,1,0
278,의성,2024-11-05,9.6,4.1,2345,17.9,1357,,,,,,,6.3,270,1450,3.7,270,1454,0.7,618,270,5.5,44,1450,80.0,9.1,1010.1,1022.1,140,1016.7,1608,1020.0,10.6,5.4,,,,,,,,,3.6,0.6,11.4,-0.8,,,,,,,,,,,,,,,2024,11,45,310,0,0,0,0
278,의성,2024-11-06,5.3,-1.2,704,14.5,1426,,,,,,,7.5,290,1129,3.4,290,1324,0.9,780,250,-1.7,21,1343,68.6,5.5,1015.2,1029.2,2359,1021.3,1,1025.3,10.5,8.6,,,,,,,,,0.0,0.0,8.3,-7.0,,,,,,,,,,,,,,,2024,11,45,311,0,0,0,0
278,의성,2024-11-07,6.4,-1.9,545,17.7,1504,,,,,,,5.0,290,1421,2.1,270,1430,0.4,385,180,2.1,39,1524,78.5,7.2,1019.5,1032.2,840,1027.3,1519,1029.6,10.5,8.6,,,,,,,,,0.0,0.0,9.6,-6.4,,,,,,,,,,,,,,,2024,11,45,312,0,0,0,0
278,의성,2024-11-08,9.8,1.1,700,19.9,1446,,,,,,,4.2,290,1339,2.2,270,1327,0.4,379,250,6.0,39,1314,81.4,9.5,1018.0,1030.6,817,1025.1,1358,1028.0,10.5,8.4,,,,,,,,,2.1,1.6,11.4,-2.7,,,,,,,,,,,,,,,2024,11,45,313,0,0,0,0
278,의성,2024-11-09,11.7,5.2,658,20.7,1356,,,,,,,6.1,110,1347,2.2,200,1325,0.5,433,110,8.6,48,1339,84.9,11.2,1016.4,1028.3,807,1024.5,1437,1026.3,10.4,5.2,,,,,,,,,4.6,1.5,14.2,0.9,,,,,,,,,,,,,,,2024,11,45,314,0,0,1,0
278,의성,2024-11-10,11.1,6.8,2350,18.7,1341,,,,,,,2.6,270,1432,1.6,230,1528,0.3,272,230,9.4,59,1404,91.1,11.9,1012.3,1025.7,125,1019.2,1624,1022.2,10.4,1.3,,,,,,,,,6.1,2.9,12.5,1.5,,,,,,,,,,,,,,,2024,11,45,315,0,0,1,0
278,의성,2024-11-11,12.1,7.0,17,20.5,1418,,,,,,,2.9,360,1226,1.7,250,1501,0.4,357,50,10.0,55,1419,89.4,12.4,1009.9,1022.3,851,1017.3,1624,1019.7,10.4,5.2,,,,,,,,,5.5,4.4,14.3,4.2,,,,,,,,,,,,,,,2024,11,46,316,0,0,1,0
278,의성,2024-11-12,11.2,5.1,2357,21.3,1522,,,,,,,5.7,270,1219,2.9,270,1210,0.7,562,270,6.2,27,1450,78.3,9.6,1008.9,1021.7,2400,1016.0,1519,1018.7,10.3,6.6,,,,,,,,,1.6,1.6,12.4,-0.1,,,,,,,,,,,,,,,2024,11,46,317,0,0,1,0
278,의성,2024-11-13,11.2,3.3,337,20.3,1237,,,,,,,4.1,160,1551,1.8,200,1525,0.4,365,50,7.1,47,1451,79.5,10.2,1012.9,1024.5,829,1020.9,1409,1022.8,10.3,4.2,,,,,,,,,3.9,2.5,12.9,-1.1,,,,,,,,,,,,,,,2024,11,46,318,0,0,1,0
278,의성,2024-11-14,11.6,5.3,657,18.8,1343,,,,,,0.1,2.5,290,1328,1.3,270,1521,0.3,281,110,9.2,56,1343,86.9,11.7,1011.1,1024.1,838,1018.2,1734,1020.9,10.3,1.3,,,,,,,,,7.9,7.0,13.0,0.8,,,,,,,,,,,,,,,2024,11,46,319,0,0,1,0
278,의성,2024-11-15,13.1,11.1,417,17.9,1540,,,,,,0.9,3.5,340,1323,1.9,20,1448,0.4,306,320,12.0,70,1619,94.3,14.1,1009.5,1020.7,914,1017.6,1559,1019.3,10.3,0.5,,,,,,,,,9.0,6.0,14.1,7.7,,,,,,,,,,,,,,,2024,11,46,320,0,0,1,0
278,의성,2024-11-16,14.8,10.1,550,22.4,1332,,,,,,,4.1,270,1351,1.9,270,1410,0.5,410,270,12.0,53,1352,85.8,14.1,1006.3,1019.9,228,1012.3,1556,1016.0,10.2,5.5,,,,,,,,,5.0,3.1,16.0,6.5,,,,,,,,,,,,,,,2024,11,46,321,0,0,1,0
278,의성,2024-11-17,10.3,0.0,2354,16.2,330,,,,,,,7.6,290,1316,3.8,290,543,1.4,1224,270,4.3,42,1353,69.0,8.9,1010.2,1026.7,2356,1013.8,10,1020.1,10.2,0.0,,,,,,,,,7.3,6.1,11.5,-4.6,,,,,,,,,,,,,,,2024,11,46,322,0,0,1,0
278,의성,2024-11-18,1.8,-3.9,648,9.5,1420,,,,,,,5.1,340,1153,2.3,20,1119,0.6,531,70,-6.0,21,1255,62.4,4.0,1020.4,1033.5,2210,1026.7,1,1030.7,10.2,8.6,,,,,,,,,0.3,0.0,4.7,-10.4,,,,,,,,,,,,,,,2024,11,47,323,0,0,0,0
278,의성,2024-11-19,3.6,-4.2,609,12.6,1501,,,,,,,2.9,250,1236,1.6,230,1238,0.3,292,50,-0.1,50,1503,79.1,6.2,1019.7,1034.2,724,1026.5,2349,1029.9,10.1,4.6,,,,,,,,,3.1,1.5,5.6,-8.7,,,,,,,,,,,,,,,2024,11,47,324,0,0,0,0
278,의성,2024-11-20,5.3,-1.0,432,13.1,1438,,,,,,,4.8,290,1408,2.7,270,1413,0.6,534,270,1.4,40,1307,79.5,6.8,1013.4,1026.6,1,1021.2,1558,1023.5,10.1,3.0,,,,,,,,,5.6,4.0,7.7,-5.7,,,,,,,,,,,,,,,2024,11,47,325,0,0,0,0
278,의성,2024-11-21,6.2,-0.8,648,15.5,1406,,,,,,,7.7,270,1254,3.5,270,1255,0.7,588,250,3.0,47,1437,82.8,7.7,1010.0,1022.4,848,1017.6,1537,1020.0,10.1,3.7,,,,,,,,,2.5,2.1,7.3,-5.5,,,,,,,,,,,,,,,2024,11,47,326,0,0,0,0
278,의성,2024-11-22,5.0,-1.0,2359,13.3,1446,,,,,,,6.3,340,1102,3.7,340,1109,0.9,759,290,-1.6,25,1437,69.9,5.6,1011.7,1025.9,2340,1018.9,54,1021.8,10.1,8.3,,,,,,,,,0.0,0.0,6.6,-7.4,,,,,,,,,,,,,,,2024,11,47,327,0,0,0,0
278,의성,2024-11-23,3.2,-3.9,627,13.5,1240,,,,,,,5.7,50,1304,3.1,50,1304,0.6,485,20,-0.6,44,1244,79.0,5.9,1017.3,1029.5,2302,1025.4,1345,1027.5,10.1,4.0,,,,,,,,,3.0,1.3,4.2,-9.9,,,,,,,,,,,,,,,2024,11,47,328,0,0,0,0
278,의성,2024-11-24,4.4,-1.3,609,13.8,1420,,,,,,,2.9,320,1238,1.5,50,1428,0.4,349,20,1.2,46,1420,82.8,6.7,1019.4,1031.4,901,1027.1,1505,1029.7,10.0,7.7,,,,,,,,,2.4,0.9,6.3,-7.3,,,,,,,,,,,,,,,2024,11,47,329,0,0,0,0
278,의성,2024-11-25,7.1,-1.8,726,16.5,1400,,,,,,0.1,5.2,160,1440,2.5,140,1558,0.5,468,140,3.0,49,1401,78.1,7.7,1015.6,1030.7,152,1017.6,2345,1025.7,10.0,5.5,,,,,,,,,5.0,2.8,7.7,-7.1,,,,,,,,,,,,,,,2024,11,48,330,0,0,0,0
278,의성,2024-11-26,7.5,-0.2,2335,12.6,1354,,,,,,16.7,14.8,290,1250,6.7,270,1502,1.9,1653,270,3.4,36,1454,78.0,8.3,1001.7,1017.7,1,1007.8,701,1011.6,10.0,2.9,,,,,,,,,7.8,4.6,7.8,-3.8,,,,,,,,,,,,,,,2024,11,48,331,0,0,0,1
278,의성,2024-11-27,3.3,-0.4,37,6.6,1406,,,,,,2.0,9.6,270,1424,4.8,250,1440,2.1,1818,230,-0.7,56,1407,76.9,5.8,1001.9,1013.4,2100,1009.1,1407,1012.0,10.0,1.8,,,,,,,,,8.5,5.4,4.7,-3.7,,,,,,,,,,,,,,,2024,11,48,332,0,0,0,1
278,의성,2024-11-28,3.1,-2.5,622,10.0,1300,,,,,,0.0,11.9,290,1216,6.1,270,1220,1.7,1474,290,-0.5,42,1306,79.5,5.9,1000.5,1013.1,1,1007.6,1307,1010.6,9.9,4.0,,,,,,,,,5.4,5.1,2.8,-7.6,,,,,,,,,,,,,,,2024,11,48,333,0,0,0,0
278,의성,2024-11-29,3.0,-2.8,728,7.5,1329,,,,,,0.0,9.8,290,1419,5.1,290,1359,1.7,1489,270,-2.1,42,1308,70.6,5.3,1001.8,1013.6,829,1009.6,1401,1011.9,9.9,5.9,,,,,,,,,5.3,3.5,3.4,-7.9,,,,,,,,,,,,,,,2024,11,48,334,0,0,0,0
278,의성,2024-11-30,4.9,-1.2,741,11.0,1322,,,,,,,8.6,320,1259,5.2,320,1304,1.4,1217,270,-0.8,43,1120,69.0,5.8,1005.0,1016.6,852,1013.0,1,1015.0,9.9,4.6,,,,,,,,,4.0,2.5,3.9,-5.0,,,,,,,,,,,,,,,2024,11,48,335,0,0,0,0
278,의성,2024-12-01,5.5,-1.3,732,14.1,1430,,,,,,0.0,4.6,270,1234,2.0,320,1404,0.3,295,250,2.7,51,1417,85.1,7.5,1006.1,1018.0,836,1014.4,1625,1016.2,9.9,4.9,,,,,,,,,5.3,0.9,5.7,-6.0,,,,,,,,,,,,,,,2024,12,48,336,0,0,0,0
278,의성,2024-12-02,7.4,-0.6,728,17.4,1349,,,,,,,7.2,320,2028,3.9,270,1345,0.9,772,290,3.2,39,1355,78.4,7.8,1005.7,1018.3,2400,1012.9,1414,1015.7,9.9,6.9,,,,,,,,,0.9,0.5,6.8,-5.4,,,,,,,,,,,,,,,2024,12,49,337,0,0,0,0
278,의성,2024-12-03,2.4,-3.7,2357,9.1,1250,,,,,,,8.8,270,1449,4.6,270,1451,1.2,1056,270,-6.4,18,1449,60.3,4.1,1011.3,1024.1,2354,1018.2,33,1021.6,9.8,5.4,,,,,,,,,5.3,1.8,3.1,-9.7,,,,,,,,,,,,,,,2024,12,49,338,0,0,0,0
278,의성,2024-12-04,1.2,-3.9,47,8.3,1352,,,,,,,8.7,320,1359,4.4,290,1405,1.0,854,290,-7.6,21,1327,56.1,3.5,1010.6,1024.3,14,1018.4,1622,1020.9,9.8,8.2,,,,,,,,,2.6,1.1,2.0,-9.5,,,,,,,,,,,,,,,2024,12,49,339,0,0,0,0
278,의성,2024-12-05,3.2,-4.9,600,9.9,1312,,,,,,0.0,12.7,320,1453,5.9,290,1511,1.2,1034,270,-3.3,35,1429,65.1,4.9,1006.3,1019.1,1,1014.4,1428,1016.4,9.8,5.9,,,,,,,,,5.4,4.8,3.1,-9.6,,,,,,,,,,,,,,,2024,12,49,340,0,0,0,0
278,의성,2024-12-06,3.7,-1.9,754,9.1,1257,,,,,,0.1,9.7,320,1200,5.7,290,1201,1.9,1675,290,-4.5,24,1232,61.5,4.6,1009.2,1023.0,2253,1015.9,7,1019.3,9.8,8.2,,,,,,,,,1.6,1.1,3.4,-8.0,,,,,,,,,,,,,,,2024,12,49,341,0,0,0,0
278,의성,2024-12-07,0.6,-6.4,721,7.2,1415,,,,,,,10.4,290,1351,5.8,290,1351,1.5,1298,290,-6.4,31,1312,63.0,3.8,1012.2,1024.4,857,1020.4,1455,1022.5,9.8,8.1,,,,,,,,,1.4,1.0,0.8,-12.5,,,,,,,,,,,,,,,2024,12,49,342,0,0,0,0
278,의성,2024-12-08,0.1,-6.0,2331,6.3,1436,,,,,,,7.5,290,1123,4.7,270,1506,1.9,1670,290,-10.8,20,1424,46.8,2.7,1014.3,1026.8,2249,1021.7,4,1024.7,9.8,8.2,,,,,,,,,0.0,0.0,0.7,-11.8,,,,,,,,,,,,,,,2024,12,49,343,0,0,0,0
278,의성,2024-12-09,-1.8,-9.2,726,8.0,1406,,,,,,,7.0,290,1503,3.7,290,1534,0.7,576,270,-7.6,31,1249,68.4,3.5,1013.9,1027.1,845,1021.5,1512,1024.3,9.8,8.0,,,,,,,,,1.0,0.0,0.1,-14.2,,,,,,,,,,,,,,,2024,12,50,344,0,0,0,0
278,의성,2024-12-10,-0.4,-7.8,722,9.5,1503,,,,,,,5.8,230,1109,3.2,290,1322,0.7,608,290,-7.7,20,1514,64.1,3.4,1012.5,1025.1,845,1020.2,1534,1022.8,9.7,7.9,,,,,,,,,3.1,0.5,0.8,-13.6,,,,,,,,,,,,,,,2024,12,50,345,0,0,0,0
278,의성,2024-12-11,1.0,-3.5,228,9.7,1554,,,,,,,2.9,230,1212,1.1,230,1217,0.3,233,20,-4.5,37,1445,69.0,4.4,1011.4,1023.4,2323,1018.5,1443,1021.7,9.7,4.1,,,,,,,,,6.0,3.0,1.8,-7.9,,,,,,,,,,,,,,,2024,12,50,346,0,0,0,0
278,의성,2024-12-12,-0.4,-6.6,720,8.0,1336,,,,,,,6.4,320,1404,3.5,320,1410,0.5,442,270,-6.9,28,1504,65.9,3.6,1012.8,1025.9,922,1020.7,1434,1023.2,9.7,6.5,,,,,,,,,4.0,1.3,1.1,-13.1,,,,,,,,,,,,,,,2024,12,50,347,0,0,0,0
278,의성,2024-12-13,0.3,-4.6,2342,7.2,1419,,,,,,,7.5,270,1610,3.9,270,1529,0.9,818,270,-7.9,28,1548,57.6,3.4,1010.6,1024.1,253,1017.3,1504,1020.8,9.7,2.2,,,,,,,,,6.6,4.1,1.4,-11.6,,,,,,,,,,,,,,,2024,12,50,348,0,0,0,0
278,의성,2024-12-14,-1.6,-8.7,752,5.0,1502,,,,,,,10.2,290,1513,4.9,290,1359,1.6,1356,290,-9.0,28,1356,62.0,3.1,1013.3,1026.5,933,1021.5,1603,1023.7,9.7,8.3,,,,,,,,,1.0,0.3,-0.8,-15.7,,,,,,,,,,,,,,,2024,12,50,349,0,0,0,0
278,의성,2024-12-15,0.0,-5.2,48,4.2,1541,,,,,,0.1,6.2,270,2105,3.0,340,2228,0.8,713,230,-3.4,58,2222,78.0,4.8,1009.9,1022.9,1,1018.2,1610,1020.2,9.7,0.0,,,,,,,,,6.4,6.3,0.0,-10.3,,,,,,,,,,,,,,,2024,12,50,350,0,0,0,0
278,의성,2024-12-16,0.6,-7.5,753,6.8,1433,,,,,,,9.3,270,1434,4.7,270,1439,1.1,973,290,-6.8,32,1246,60.5,3.7,1011.3,1023.8,917,1019.5,1501,1021.6,9.7,7.9,,,,,,,,,4.9,4.4,0.5,-13.9,,,,,,,,,,,,,,,2024,12,51,351,0,0,0,0
278,의성,2024-12-17,0.1,-6.4,736,6.9,1331,,,,,,,9.8,290,1451,4.9,270,1423,1.3,1104,290,-7.0,32,1132,64.0,3.7,1013.7,1025.7,908,1021.5,21,1024.0,9.7,7.9,,,,,,,,,2.1,1.4,0.8,-13.8,,,,,,,,,,,,,,,2024,12,51,352,0,0,0,0
278,의성,2024-12-18,-3.9,-8.7,726,3.1,1421,,,,,,,6.9,270,1205,3.7,270,1332,1.0,870,250,-10.9,27,1432,63.1,2.7,1014.5,1027.5,2349,1021.8,1421,1025.0,9.7,8.4,,,,,,,,,0.0,0.0,-1.9,-15.0,,,,,,,,,,,,,,,2024,12,51,353,0,0,0,0
278,의성,2024-12-19,-4.1,-11.1,712,5.9,1536,,,,,,,3.5,290,1337,1.4,250,1107,0.3,292,180,-10.5,28,1449,65.4,2.8,1018.2,1032.0,930,1027.0,1550,1028.7,9.7,8.2,,,,,,,,,3.0,0.1,-2.4,-16.8,,,,,,,,,,,,,,,2024,12,51,354,0,0,0,0
278,의성,2024-12-20,-1.2,-7.2,740,7.3,1357,,,,,,,6.0,270,1354,3.3,270,1401,0.6,487,270,-6.3,44,1150,70.4,3.9,1012.3,1027.6,311,1019.4,2303,1022.7,9.7,4.8,,,,,,,,,8.0,3.6,-0.6,-10.9,,,,,,,,,,,,,,,2024,12,51,355,0,0,0,0
278,의성,2024-12-21,0.4,-2.3,2348,4.6,1231,,,,,,1.4,10.1,340,1341,5.4,290,1351,1.8,1528,290,-4.0,50,1345,73.9,4.6,1007.5,1021.6,2332,1015.2,1314,1017.8,9.7,1.2,,,,,,,,,7.8,6.5,0.7,-5.5,,,,,,,,,,,,,,,2024,12,51,356,0,0,0,1
278,의성,2024-12-22,-3.9,-9.4,738,1.9,1355,,,,,,,8.0,270,1204,4.5,270,1141,1.6,1396,270,-12.1,29,1237,56.5,2.5,1015.1,1027.7,2225,1021.4,1,1025.6,9.7,8.4,,,,,,,,,0.0,0.0,-2.8,-15.4,,,,,,,,,,,,,,,2024,12,51,357,0,0,0,0
278,의성,2024-12-23,-3.1,-11.5,621,7.5,1409,,,,,,,9.8,340,1414,4.7,340,1418,1.0,873,290,-8.0,41,1411,72.1,3.4,1015.4,1028.6,640,1022.8,1458,1025.9,9.7,8.2,,,,,,,,,1.0,0.1,-2.7,-16.4,,,,,,,,,,,,,,,2024,12,52,358,0,0,0,0
278,의성,2024-12-24,-3.0,-8.8,737,6.2,1504,,,,,,,6.4,320,1408,3.0,320,1306,0.6,526,250,-9.9,24,1417,65.4,2.9,1017.1,1029.2,2109,1025.7,8,1027.5,9.7,8.4,,,,,,,,,1.5,0.1,-2.6,-15.7,,,,,,,,,,,,,,,2024,12,52,359,0,0,0,0
278,의성,2024-12-25,-1.4,-7.0,631,7.2,1453,,,,,,,7.2,250,1501,3.9,250,1510,0.7,575,270,-5.9,48,1454,72.9,4.0,1014.9,1029.1,105,1021.8,1535,1025.3,9.7,3.8,,,,,,,,,7.8,1.8,-0.6,-11.8,,,,,,,,,,,,,,,2024,12,52,360,0,0,0,0
278,의성,2024-12-26,1.1,-4.1,641,7.3,1249,,,,,,,10.9,320,1138,5.7,290,1147,2.2,1911,290,-7.4,27,1445,58.5,3.6,1011.9,1024.6,2242,1020.0,1435,1022.2,9.7,7.3,,,,,,,,,2.3,1.6,0.7,-9.9,,,,,,,,,,,,,,,2024,12,52,361,0,0,0,0
278,의성,2024-12-27,-2.1,-6.9,809,3.6,1337,,,,,,,10.7,320,13,5.8,320,1358,2.1,1831,290,-11.6,25,1138,50.4,2.6,1014.1,1027.8,844,1022.2,2354,1024.6,9.7,8.2,,,,,,,,,0.6,0.0,-2.1,-12.3,,,,,,,,,,,,,,,2024,12,52,362,0,0,0,0
278,의성,2024-12-28,-2.3,-8.5,501,1.9,1513,,,,,,,10.6,320,1443,5.9,270,1423,2.0,1685,290,-10.5,33,1321,56.0,2.8,1012.4,1024.6,2347,1021.4,412,1022.8,9.7,8.2,,,,,,,,,0.8,0.0,-2.9,-15.0,,,,,,,,,,,,,,,2024,12,52,363,0,0,0,0
278,의성,2024-12-29,-1.4,-8.2,803,6.8,1414,,,,,,,7.3,270,1522,3.9,250,1525,0.8,713,250,-5.9,45,1415,73.9,4.0,1015.0,1028.0,958,1023.5,2352,1025.4,9.7,7.0,,,,,,,,,3.6,2.3,-1.0,-14.4,,,,,,,,,,,,,,,2024,12,52,364,0,0,0,0
278,의성,2024-12-30,0.7,-5.3,55,8.8,1536,,,,,,,1.4,200,1717,1.0,140,1552,0.1,117,140,-2.8,50,1537,78.8,5.0,1009.2,1024.2,242,1015.8,2358,1019.4,9.7,1.1,,,,,,,,,8.3,5.9,0.6,-11.7,,,,,,,,,,,,,,,2024,12,1,365,0,0,0,0
278,의성,2024-12-31,1.5,-7.7,2354,7.1,1432,,,,,,0.0,9.7,340,1207,5.4,340,1234,2.0,1700,290,-10.7,18,1402,44.4,3.0,1008.7,1023.0,2355,1014.7,127,1018.9,9.7,8.3,,,,,,,,,0.0,0.0,0.3,-14.1,,,,,,,,,,,,,,,2024,12,1,366,0,0,0,0
278,의성,2025-01-01,-2.0,-9.9,631,9.1,1445,,,,,,,7.1,270,1427,3.6,270,1353,0.8,651,270,-7.6,40,1513,68.3,3.6,1012.0,1024.2,829,1019.7,1437,1022.4,9.7,7.9,,,,,,,,,1.3,0.0,-1.7,-15.3,,,,,,,,,,,,,,,2025,1,1,1,0,0,0,0
278,의성,2025-01-02,-1.8,-8.4,741,9.1,1424,,,,,,,6.4,290,1511,3.4,290,1513,0.5,438,290,-9.8,15,1614,61.5,3.0,1013.3,1025.4,954,1021.1,1453,1023.7,9.8,8.2,,,,,,,,,1.4,0.0,-1.6,-14.6,,,,,,,,,,,,,,,2025,1,1,2,0,0,0,0
278,의성,2025-01-03,-3.5,-9.9,642,4.0,1457,,,,,,,9.3,320,1144,5.2,320,1444,1.2,1033,340,-12.6,20,1203,55.6,2.4,1014.9,1026.7,937,1024.1,1404,1025.4,9.8,8.2,,,,,,,,,1.5,1.1,-3.2,-17.8,,,,,,,,,,,,,,,2025,1,1,3,0,0,0,0
278,의성,2025-01-04,-3.5,-10.0,750,6.0,1423,,,,,,,6.7,320,1544,3.4,270,1556,0.8,664,270,-12.4,20,1415,56.8,2.4,1015.8,1027.7,948,1025.0,1444,1026.3,9.8,8.3,,,,,,,,,1.0,0.3,-2.5,-16.9,,,,,,,,,,,,,,,2025,1,1,4,0,0,0,0
278,의성,2025-01-05,-2.7,-8.9,319,5.2,1517,,,,,,,3.4,360,1700,1.9,360,1705,0.3,273,360,-7.4,50,1133,71.0,3.6,1011.3,1026.1,248,1018.6,2311,1021.7,9.8,0.2,,,,,,,,,6.6,2.9,-1.7,-14.2,,,,,,,,,,,,,,,2025,1,1,5,0,0,0,0
278,의성,2025-01-06,0.0,-4.3,1,5.2,1517,,,,,,0.6,10.6,320,2310,4.9,290,2318,1.4,1207,290,-4.3,50,2251,75.1,4.6,1005.6,1018.7,1,1012.9,1436,1015.8,9.8,2.2,,,,,,,,,5.4,2.5,-0.3,-9.7,,,,,,,,,,,,,,,2025,1,2,6,0,0,0,0
278,의성,2025-01-07,-2.4,-9.2,737,3.1,1334,,,,,,,10.7,290,1515,6.1,270,1523,1.7,1508,290,-9.9,30,1111,59.1,2.9,1007.4,1019.1,2108,1015.0,1401,1017.8,9.8,7.1,,,,,,,,,2.5,2.4,-2.7,-15.4,,,,,,,,,,,,,,,2025,1,2,7,0,0,0,0
278,의성,2025-01-08,-2.0,-8.1,749,3.3,1430,,,,,,,10.8,270,1236,4.6,270,1245,1.5,1261,290,-6.6,48,1218,72.9,3.8,1008.9,1020.9,850,1017.0,1427,1019.2,9.8,4.6,,,,,,,,,5.9,3.6,-1.7,-14.8,,,,,,,,,,,,,,,2025,1,2,8,0,0,0,0
278,의성,2025-01-09,-7.5,-13.9,2359,-2.5,1,,,,,,0.5,17.1,320,1622,7.0,270,1232,3.4,2905,290,-18.1,30,1255,43.4,1.5,1013.4,1029.5,2353,1019.7,4,1024.0,9.9,6.6,,,,,,,,,3.4,0.8,-3.1,-19.3,,,,,,,,,,,,,,,2025,1,2,9,0,0,0,0
278,의성,2025-01-10,-9.7,-17.1,742,-1.0,1531,,,,,,,6.4,270,1218,3.3,290,1450,0.8,721,270,-17.3,30,1310,57.8,1.6,1020.6,1033.0,905,1029.4,1449,1031.4,9.9,8.2,,,,,,,,,2.5,0.0,-6.5,-21.0,,,,,,,,,,,,,,,2025,1,2,10,0,0,0,0
278,의성,2025-01-11,-7.0,-15.4,705,1.6,1435,,,,,,,7.0,270,1405,3.5,290,1405,0.8,695,270,-12.7,39,1257,66.9,2.3,1018.0,1032.2,855,1025.9,2355,1028.7,9.9,7.7,,,,,,,,,0.3,0.0,-4.7,-20.7,,,,,,,,,,,,,,,2025,1,2,11,0,0,0,0
278,의성,2025-01-12,-5.2,-13.0,715,4.2,1439,,,,,,,11.6,340,1418,6.8,320,1425,1.1,935,290,-11.9,28,1419,65.0,2.5,1013.1,1025.9,1,1020.1,1434,1023.7,9.9,8.1,,,,,,,,,0.4,0.0,-3.7,-18.9,,,,,,,,,,,,,,,2025,1,2,12,0,0,0,0
278,의성,2025-01-13,-3.3,-12.6,751,5.9,1411,,,,,,,7.9,270,1427,4.5,270,1603,0.7,646,270,-8.9,40,1417,68.3,3.2,1015.3,1028.5,1007,1023.8,1520,1025.8,9.9,7.1,1700.0,,,,,,,,3.5,2.3,-2.6,-19.8,,,,,,,,,,,,,,,2025,1,3,13,0,0,0,0
278,의성,2025-01-14,2.8,-3.9,459,10.1,1442,,,,,,,9.3,290,1540,4.8,320,1430,1.4,1167,290,-5.4,33,1505,57.3,4.1,1013.2,1025.2,1,1020.7,1433,1023.4,10.0,6.6,,,,,,,,,4.8,3.4,1.4,-10.0,,,,,,,,,,,,,,,2025,1,3,14,0,0,0,0
278,의성,2025-01-15,-1.6,-7.6,2353,1.9,1,,,,,,,9.5,320,1143,5.1,320,1528,2.4,2079,270,-15.2,18,1140,38.0,2.0,1016.2,1028.6,2332,1024.3,43,1026.6,10.0,8.2,,,,,,,,,0.0,0.0,-1.7,-14.3,,,,,,,,,,,,,,,2025,1,3,15,0,0,0,0
278,의성,2025-01-16,-2.9,-10.2,304,4.2,1513,,,,,,,9.4,340,1545,4.8,290,1518,0.8,688,290,-8.5,47,1450,65.6,3.3,1014.3,1028.6,3,1022.1,1443,1024.8,10.0,1.0,,,,,,,,,7.3,6.4,-2.2,-16.9,,,,,,,,,,,,,,,2025,1,3,16,0,0,0,0
278,의성,2025-01-17,-0.8,-6.7,802,7.7,1400,,,,,,,4.7,270,1345,2.6,270,1453,0.5,395,250,-7.6,28,1629,62.9,3.5,1015.4,1027.5,1010,1023.8,1524,1025.8,10.0,8.2,,,,,,,,,1.1,1.1,0.4,-14.3,,,,,,,,,,,,,,,2025,1,3,17,0,0,0,0
278,의성,2025-01-18,-1.9,-10.2,720,10.0,1507,,,,,,,4.3,270,1558,2.3,230,1522,0.4,317,250,-11.4,12,1515,56.0,2.6,1013.2,1027.5,826,1020.2,1645,1023.6,10.0,7.3,,,,,,,,,2.6,0.0,-1.0,-17.0,,,,,,,,,,,,,,,2025,1,3,18,0,0,0,0
278,의성,2025-01-19,-2.0,-10.3,722,9.5,1521,,,,,,,4.1,250,1531,2.4,270,1613,0.4,358,20,-8.5,34,1202,64.4,3.3,1007.3,1021.0,2,1014.1,1632,1017.6,10.1,7.9,,,,,,,,,3.5,0.0,-1.4,-17.3,,,,,,,,,,,,,,,2025,1,3,19,0,0,0,0
278,의성,2025-01-20,-1.7,-8.2,632,9.4,1332,,,,,,,3.9,320,1329,2.5,320,1338,0.3,285,320,-5.9,40,1322,75.5,4.0,1006.3,1019.4,2322,1013.7,1436,1016.7,10.1,6.2,,,,,,,,,0.5,0.3,-2.4,-14.6,,,,,,,,,,,,,,,2025,1,4,20,0,0,0,0
278,의성,2025-01-21,-1.6,-8.6,720,9.2,1455,,,,,,,3.5,270,1301,2.1,250,1306,0.4,315,230,-5.9,41,1516,75.1,4.0,1011.6,1024.2,2349,1019.3,1,1022.0,10.1,8.0,,,,,,,,,0.0,0.0,-1.1,-14.7,,,,,,,,,,,,,,,2025,1,4,21,0,0,0,0
278,의성,2025-01-22,-1.0,-8.5,708,10.0,1437,,,,,,,7.8,320,1517,3.9,290,1556,0.6,509,270,-5.3,42,1606,74.8,4.2,1013.7,1026.0,634,1022.0,1514,1024.1,10.1,4.5,,,,,,,,,4.3,1.6,-0.7,-14.8,,,,,,,,,,,,,,,2025,1,4,22,0,0,0,0
278,의성,2025-01-23,-0.3,-6.9,737,11.1,1527,,,,,,,3.7,140,1426,2.0,250,1601,0.3,298,90,-8.1,19,1455,62.8,3.4,1014.0,1026.4,900,1021.6,1540,1024.4,10.2,8.2,,,,,,,,,0.9,0.6,0.4,-14.2,,,,,,,,,,,,,,,2025,1,4,23,0,0,0,0
278,의성,2025-01-24,-0.7,-9.7,730,11.4,1502,,,,,,,3.1,290,1402,2.0,290,1403,0.3,268,140,-7.6,23,1531,64.3,3.5,1015.5,1027.6,857,1022.9,1513,1025.9,10.2,8.6,,,,,,,,,0.0,0.0,0.0,-16.7,,,,,,,,,,,,,,,2025,1,4,24,0,0,0,0
278,의성,2025-01-25,1.6,-4.8,237,8.7,1543,,,,,,,8.4,50,1127,4.8,50,1130,1.3,1131,70,-3.0,47,1503,73.8,4.9,1018.4,1030.2,918,1026.8,1533,1028.7,10.2,1.9,,,,,,,,,5.6,4.4,1.1,-12.3,,,,,,,,,,,,,,,2025,1,4,25,0,0,0,0
278,의성,2025-01-26,2.9,-2.3,1,8.0,1305,,,,,,0.1,5.9,70,1151,2.8,90,804,0.7,637,90,-2.3,45,1505,69.6,5.2,1015.0,1030.2,733,1020.0,2352,1025.2,10.2,2.8,,,,,,,,,8.0,6.5,2.6,-5.3,,,,,,,,,,,,,,,2025,1,4,26,0,0,0,0
278,의성,2025-01-27,0.5,-2.4,1904,3.2,1343,,,,,,3.8,11.9,340,1631,5.2,290,1635,1.4,1182,250,-2.7,56,1454,80.5,5.1,1004.8,1019.9,1,1012.9,1441,1015.0,10.3,1.4,,,,,,,,,7.1,6.4,1.0,-7.2,,,,,,,,,,,,,,,2025,1,5,27,0,0,0,1
278,의성,2025-01-28,-1.1,-2.7,558,1.9,1442,,,,,,2.4,10.4,270,1523,5.8,270,1525,2.2,1894,270,-4.9,57,1507,76.1,4.3,1004.9,1018.7,2324,1012.9,1353,1015.2,10.3,0.8,,,,,,,,,7.5,6.9,-0.8,-9.2,,,,,,,,,,,,,,,2025,1,5,28,0,0,0,1
278,의성,2025-01-29,-2.7,-6.8,2353,0.6,1438,,,,,,,9.5,290,1836,4.8,320,134,2.3,1975,290,-8.4,48,1603,65.0,3.3,1012.6,1026.0,2313,1018.7,1,1023.0,10.3,2.0,,,,,,,,,5.6,5.6,-0.6,-11.9,,,,,,,,,,,,,,,2025,1,5,29,0,0,0,0
278,의성,2025-01-30,-3.3,-10.6,722,4.2,1522,,,,,,,8.6,320,1504,3.5,270,1629,0.9,803,270,-8.1,43,1506,71.9,3.4,1016.8,1028.8,809,1025.9,1,1027.3,10.4,8.4,,,,,,,,,3.6,3.0,-1.1,-14.9,,,,,,,,,,,,,,,2025,1,5,30,0,0,0,0
278,의성,2025-01-31,1.6,-3.7,504,7.6,1625,,,,,,,2.2,50,1824,1.4,50,1824,0.3,226,360,-3.1,48,1630,72.0,4.9,1015.8,1028.7,851,1023.5,1641,1026.1,10.4,1.6,,,,,,,,,9.1,7.6,1.9,-8.5,,,,,,,,,,,,,,,2025,1,5,31,0,0,0,0
278,의성,2025-02-01,2.3,-0.7,2352,4.9,1604,,,,,,0.9,2.2,90,2121,1.2,70,2122,0.3,225,20,1.0,76,122,91.6,6.7,1010.9,1024.6,1,1018.5,1451,1021.2,10.4,0.0,,,,,,,,,9.3,7.1,3.1,-0.8,,,,,,,,,,,,,,,2025,2,5,32,1,0,0,0
278,의성,2025-02-02,0.5,-2.8,2246,8.1,1516,,,,,,,3.2,250,1316,2.0,200,1453,0.7,572,360,-1.0,54,1556,91.1,5.7,1007.5,1020.5,256,1015.0,1617,1017.8,10.4,2.6,,,,,,,,,7.1,3.8,3.4,-8.2,,,,,,,,,,,,,,,2025,2,5,33,1,0,0,0
278,의성,2025-02-03,-0.6,-5.1,2359,2.3,1314,,,,,,,13.7,320,1158,7.1,290,1226,3.7,3169,290,-11.5,22,1545,46.1,2.8,1006.8,1019.3,2332,1015.2,658,1017.0,10.5,8.6,,,,,,,,,2.5,1.9,0.9,-7.2,,,,,,,,,,,,,,,2025,2,6,34,1,0,0,0
278,의성,2025-02-04,-6.5,-10.7,2350,-2.1,1354,,,,,,,12.2,320,1258,6.7,290,1553,3.0,2589,290,-16.0,29,1251,48.5,1.8,1006.7,1019.0,24,1014.6,1521,1017.2,10.5,9.0,,,,,,,,,0.0,0.0,-3.0,-15.9,,,,,,,,,,,,,,,2025,2,6,35,1,0,0,0
278,의성,2025-02-05,-7.0,-14.0,650,-1.4,1425,,,,,,,11.6,290,1516,6.0,290,1516,2.2,1887,290,-15.8,25,1145,54.5,1.8,1006.6,1020.0,2313,1014.8,1442,1017.2,10.6,8.8,,,,,,,,,0.1,0.0,-3.5,-19.8,,,,,,,,,,,,,,,2025,2,6,36,1,0,0,0
278,의성,2025-02-06,-5.4,-13.8,647,1.1,1542,,,,,,0.0,8.3,320,1500,4.1,270,1553,1.3,1154,250,-15.5,19,1453,50.4,1.9,1010.2,1023.5,843,1018.5,1800,1020.7,10.6,8.9,,,,,,,,,1.6,0.5,-3.0,-19.5,,,,,,,,,,,,,,,2025,2,6,37,1,0,0,0
278,의성,2025-02-07,-6.9,-10.6,2255,-0.4,1007,,,,,,0.4,15.2,290,1515,8.7,340,1412,2.6,2233,290,-13.9,26,1513,62.1,2.3,1008.3,1025.3,2338,1013.0,920,1018.8,10.6,4.9,,,,,,,,,5.6,2.5,-3.4,-15.9,,,,,,,,,,,,,,,2025,2,6,38,1,0,0,0
278,의성,2025-02-08,-8.9,-16.7,654,-0.8,1530,,,,,,,8.7,340,1443,4.7,270,1240,1.3,1098,290,-16.1,32,1343,59.4,1.8,1016.4,1028.9,2219,1025.1,1446,1027.1,10.6,9.2,,,,,,,,,2.5,0.0,-4.1,-21.4,,,,,,,,,,,,,,,2025,2,6,39,1,0,0,0
278,의성,2025-02-09,-6.8,-15.4,706,2.4,1443,,,,,,,10.0,290,1257,4.5,290,1344,1.1,928,290,-13.6,31,1507,62.6,2.2,1016.0,1029.4,801,1023.4,1542,1026.6,10.7,9.3,,,,,,,,,2.3,0.0,-2.9,-20.6,,,,,,,,,,,,,,,2025,2,6,40,1,0,0,0
278,의성,2025-02-10,-5.0,-12.9,722,3.2,1353,,,,,,,8.3,320,1259,4.9,290,1414,1.1,987,320,-10.2,40,1126,69.9,2.9,1016.4,1028.9,2329,1024.3,1356,1026.9,10.7,6.8,,,,,,,,,1.0,1.0,-2.8,-19.4,,,,,,,,,,,,,,,2025,2,7,41,1,0,0,0
278,의성,2025-02-11,-3.4,-12.2,647,7.8,1533,,,,,,,4.1,110,1426,2.1,110,1430,0.4,370,90,-11.6,19,1555,59.4,2.5,1018.0,1033.0,839,1023.6,2329,1028.5,10.7,9.3,,,,,,,,,2.9,0.0,-0.4,-18.2,,,,,,,,,,,,,,,2025,2,7,42,1,0,0,0
278,의성,2025-02-12,-0.4,-5.9,4,3.3,2043,,,,,,3.5,9.6,270,2248,5.1,290,2323,0.9,742,290,-4.3,50,2321,77.4,4.7,1006.0,1024.7,8,1010.5,1526,1016.3,10.8,0.0,,,,,,,,,7.4,6.9,-0.9,-8.0,,,,,,,,,,,,,,,2025,2,7,43,1,0,0,1
278,의성,2025-02-13,-1.1,-8.8,742,6.2,1506,,,,,,,10.3,320,1419,5.6,320,1421,1.8,1515,270,-10.6,21,1421,53.0,2.8,1012.1,1025.3,813,1017.8,1,1022.5,10.8,9.6,,,,,,,,,0.4,0.0,0.0,-13.1,,,,,,,,,,,,,,,2025,2,7,44,1,0,0,0
278,의성,2025-02-14,0.1,-8.6,730,10.9,1533,,,,,,,6.7,270,1258,3.3,320,1509,0.8,658,270,-6.4,27,1557,66.5,3.8,1011.6,1024.6,821,1019.1,1528,1021.9,10.9,9.5,,,,,,,,,1.0,0.8,1.1,-13.8,,,,,,,,,,,,,,,2025,2,7,45,1,0,0,0
278,의성,2025-02-15,0.0,-8.1,727,10.1,1600,,,,,,,4.4,270,1549,2.5,250,1550,0.5,404,250,-6.9,23,1602,64.8,3.7,1007.5,1021.4,42,1013.9,1720,1017.8,10.9,2.5,,,,,,,,,5.5,3.5,0.1,-13.7,,,,,,,,,,,,,,,2025,2,7,46,1,0,0,0
278,의성,2025-02-16,3.3,-7.1,731,12.8,1556,,,,,,,8.5,290,1639,4.1,290,1613,1.2,1071,270,-3.7,32,1549,63.3,4.7,1005.2,1018.1,727,1012.1,1555,1015.3,10.9,8.4,,,,,,,,,2.1,1.5,2.2,-12.6,,,,,,,,,,,,,,,2025,2,7,47,1,0,0,0
278,의성,2025-02-17,1.2,-5.8,2400,6.6,1444,,,,,,,12.5,340,1256,6.9,320,1210,3.1,2661,290,-14.4,14,1534,33.9,2.1,1011.0,1023.7,2234,1015.9,1,1021.2,11.0,9.7,,,,,,,,,0.0,0.0,2.4,-12.0,,,,,,,,,,,,,,,2025,2,8,48,1,0,0,0
278,의성,2025-02-18,-2.3,-9.7,632,4.0,1445,,,,,,,11.6,320,1602,5.9,290,1533,2.3,1948,290,-14.3,18,1447,44.9,2.0,1013.8,1026.1,746,1021.5,1610,1024.3,11.0,9.7,,,,,,,,,0.4,0.0,0.3,-15.8,,,,,,,,,,,,,,,2025,2,8,49,1,0,0,0
278,의성,2025-02-19,-2.9,-10.8,728,4.4,1546,,,,,,,9.5,320,1509,4.9,290,1403,1.6,1401,290,-13.8,20,1423,48.6,2.1,1016.3,1029.2,2357,1024.5,1427,1026.8,11.0,9.6,,,,,,,,,0.0,0.0,0.2,-16.8,,,,,,,,,,,,,,,2025,2,8,50,1,0,0,0
278,의성,2025-02-20,-3.5,-12.2,722,4.5,1457,,,,,,,9.9,270,1538,5.2,290,1542,1.6,1364,290,-14.9,20,1553,47.0,1.9,1018.1,1031.3,801,1025.6,1516,1028.7,11.1,9.7,,,,,,,,,1.1,0.0,0.4,-17.4,,,,,,,,,,,,,,,2025,2,8,51,1,0,0,0
278,의성,2025-02-21,-3.6,-11.6,655,4.5,1500,,,,,,,9.0,270,1318,4.6,290,1533,1.5,1271,320,-14.1,21,1435,49.1,2.1,1018.9,1031.4,814,1026.7,1458,1029.4,11.1,9.7,,,,,,,,,2.5,0.1,0.3,-17.1,,,,,,,,,,,,,,,2025,2,8,52,1,0,0,0
278,의성,2025-02-22,-2.5,-9.4,657,5.3,1547,,,,,,,7.2,270,1556,4.0,270,1712,1.3,1162,270,-12.7,22,1345,49.8,2.3,1020.0,1032.7,828,1028.3,1504,1030.5,11.1,9.9,,,,,,,,,0.0,0.0,1.1,-14.7,,,,,,,,,,,,,,,2025,2,8,53,1,0,0,0
278,의성,2025-02-23,-3.9,-11.5,724,2.9,1412,,,,,,,11.2,340,1313,5.9,290,1444,2.1,1836,290,-13.3,26,1244,51.9,2.2,1019.1,1032.2,600,1026.2,1640,1029.6,11.2,8.8,,,,,,,,,1.4,0.5,0.5,-16.8,,,,,,,,,,,,,,,2025,2,8,54,1,0,0,0
278,의성,2025-02-24,-3.4,-12.7,708,6.4,1539,,,,,,,9.7,250,1310,5.2,270,1429,1.4,1195,290,-13.5,21,1347,51.3,2.2,1019.8,1032.3,828,1027.8,1637,1030.3,11.2,10.0,,,,,,,,,0.0,0.0,0.7,-18.0,,,,,,,,,,,,,,,2025,2,9,55,1,0,0,0
278,의성,2025-02-25,0.3,-11.0,708,9.8,1502,,,,,,,9.1,270,2035,4.2,290,1610,1.6,1369,290,-9.2,22,1709,53.5,3.1,1016.0,1031.1,5,1021.9,1648,1026.3,11.3,8.4,,,,,,,,,3.8,3.0,2.7,-15.6,,,,,,,,,,,,,,,2025,2,9,56,1,0,0,0
278,의성,2025-02-26,3.5,-4.7,2357,11.7,1433,,,,,,,10.5,320,1445,5.3,270,1644,1.6,1418,270,-8.1,15,1758,49.1,3.6,1012.7,1024.7,2347,1020.5,1536,1022.9,11.3,9.6,,,,,,,,,0.3,0.3,4.8,-12.2,,,,,,,,,,,,,,,2025,2,9,57,1,0,0,0
278,의성,2025-02-27,3.0,-9.1,657,15.2,1505,,,,,,,4.2,230,1404,2.3,270,1406,0.5,428,320,-13.6,9,1547,35.0,2.2,1012.1,1027.2,837,1018.1,1741,1022.3,11.3,9.6,,,,,,,,,2.5,2.0,4.9,-14.0,,,,,,,,,,,,,,,2025,2,9,58,1,0,0,0
278,의성,2025-02-28,8.8,0.9,2359,17.7,1438,,,,,,0.0,8.5,250,1324,4.3,290,1310,1.2,995,250,0.3,31,15,58.1,6.3,1009.2,1020.7,2254,1017.3,1643,1019.2,11.4,10.0,,,,,,,,,2.1,2.1,10.8,-6.1,,,,,,,,,,,,,,,2025,2,9,59,1,0,0,0
278,의성,2025-03-01,6.3,-3.0,633,12.9,1408,,,,,,,3.8,250,1051,2.3,250,1054,0.4,388,340,1.2,51,1240,72.1,6.8,1008.2,1021.4,425,1015.1,1730,1018.2,11.4,1.6,,,,,,,,,7.8,5.4,5.0,-9.0,,,,,,,,,,,,,,,2025,3,9,60,1,1,0,0
278,의성,2025-03-02,8.0,3.8,2400,11.8,1317,,,,,,8.2,8.0,50,1738,4.8,50,1739,1.4,1221,70,4.5,55,1454,79.8,8.5,1006.6,1018.7,2147,1014.9,1303,1016.5,11.4,0.0,,,,,,,,,9.8,9.6,7.1,2.2,,,,,,,,,,,,,,,2025,3,9,61,1,1,0,1
278,의성,2025-03-03,2.4,1.0,821,4.0,1347,,,,,,15.7,10.9,50,1348,4.5,70,124,2.4,2089,70,-1.5,61,1556,76.4,5.5,1013.3,1026.6,2218,1016.9,118,1023.5,11.5,0.0,,,,,,,,,9.8,8.9,0.9,-0.1,,,,,,,,,,,,,,,2025,3,10,62,1,1,0,1
278,의성,2025-03-04,2.6,0.9,2200,4.6,1707,,,,,,3.1,8.7,20,1326,3.8,70,1251,1.7,1445,50,0.1,64,141,84.1,6.2,1011.0,1026.1,8,1018.5,1600,1021.2,11.5,0.2,,,,,,,,,8.6,4.5,2.8,-1.9,,,,,,,,,,,,,,,2025,3,10,63,1,1,0,1
278,의성,2025-03-05,4.1,0.6,239,8.5,1436,,,,,,0.0,5.2,50,1227,2.9,90,1207,0.7,562,50,1.2,54,1512,83.6,6.7,1011.5,1023.6,2208,1019.1,1,1021.6,11.5,0.0,,,,,,,,,9.6,8.4,5.5,-1.8,,,,,,,,,,,,,,,2025,3,10,64,1,1,0,0
278,의성,2025-03-06,3.5,-0.7,2305,10.7,1437,,,,,,0.0,9.4,360,1449,4.9,340,1458,0.9,778,20,-0.4,37,1320,79.3,6.0,1014.8,1028.3,2301,1022.8,1426,1025.0,11.6,4.7,,,,,,,,,6.0,4.5,5.7,-5.7,,,,,,,,,,,,,,,2025,3,10,65,1,1,0,0
278,의성,2025-03-07,4.6,-2.9,444,11.6,1404,,,,,,,3.9,230,1432,2.1,270,1133,0.7,567,360,-2.0,32,1405,66.6,5.3,1017.3,1030.6,858,1024.8,1721,1027.5,11.6,6.5,,,,,,,,,5.9,3.6,5.1,-8.8,,,,,,,,,,,,,,,2025,3,10,66,1,1,0,0
278,의성,2025-03-08,5.3,-0.9,2400,12.7,1521,,,,,,0.0,7.4,270,1532,3.8,270,1538,0.9,804,250,-0.8,38,1522,67.4,5.8,1015.4,1027.9,2358,1023.1,1558,1025.6,11.7,3.8,,,,,,,,,5.3,2.8,6.4,-6.9,,,,,,,,,,,,,,,2025,3,10,67,1,1,0,0
278,의성,2025-03-09,4.3,-4.4,640,14.8,1545,,,,,,,4.4,250,1559,2.4,230,1603,0.7,591,250,-3.3,23,1517,64.9,4.8,1019.0,1031.9,914,1026.8,1809,1029.3,11.7,10.0,,,,,,,,,0.0,0.0,5.4,-10.5,,,,,,,,,,,,,,,2025,3,10,68,1,1,0,0
278,의성,2025-03-10,5.0,-3.1,637,14.9,1456,,,,,,,5.4,270,1409,3.2,230,1638,0.7,625,250,-3.5,21,1554,61.4,4.8,1015.9,1030.0,110,1022.2,1806,1026.0,11.7,7.6,,,,,,,,,3.0,1.0,5.2,-9.0,,,,,,,,,,,,,,,2025,3,11,69,1,1,0,0
278,의성,2025-03-11,6.7,-3.8,637,18.2,1556,,,,,,,4.2,230,1359,2.2,230,1229,0.6,529,360,-4.1,13,1622,53.8,4.6,1009.8,1023.7,709,1015.3,1641,1019.8,11.8,10.0,,,,,,,,,1.8,0.1,7.2,-9.6,,,,,,,,,,,,,,,2025,3,11,70,1,1,0,0
278,의성,2025-03-12,9.1,-1.0,531,17.5,1442,,,,,,,10.1,290,1637,5.3,290,1642,1.6,1376,290,0.3,30,1110,56.9,6.4,1005.3,1018.0,6,1012.5,1615,1015.3,11.8,6.8,,,,,,,,,6.1,0.9,9.7,-5.6,,,,,,,,,,,,,,,2025,3,11,71,1,1,0,0
278,의성,2025-03-13,9.3,3.4,634,17.7,1615,,,,,,,8.3,340,1046,3.2,320,1337,0.9,775,250,-3.3,14,1446,49.6,5.1,1011.1,1024.1,2359,1017.3,1,1021.0,11.9,8.4,,,,,,,,,6.9,2.4,10.7,-1.7,,,,,,,,,,,,,,,2025,3,11,72,1,1,0,0
278,의성,2025-03-14,8.9,-1.4,641,19.8,1421,,,,,,,8.7,50,1413,4.1,90,1643,1.2,999,90,-3.2,14,1338,48.9,4.9,1015.4,1027.2,2147,1022.6,1413,1025.4,11.9,10.1,,,,,,,,,4.4,2.4,11.5,-6.7,,,,,,,,,,,,,,,2025,3,11,73,1,1,0,0
278,의성,2025-03-15,7.3,5.9,329,9.5,1341,,,,,,0.0,7.7,70,1127,3.9,90,1239,1.6,1347,50,1.7,53,1336,68.4,6.9,1013.1,1026.9,929,1018.3,2358,1023.2,11.9,0.0,,,,,,,,,10.0,9.6,6.8,3.3,,,,,,,,,,,,,,,2025,3,11,74,1,0,0,0
278,의성,2025-03-16,4.5,-0.1,2353,8.0,1202,,,,,,1.9,11.2,320,1934,5.6,290,1946,1.8,1584,270,-0.9,34,1833,70.0,6.1,1002.3,1018.3,1,1009.0,1406,1012.3,12.0,0.0,,,,,,,,,7.3,6.6,5.4,-3.1,,,,,,,,,,,,,,,2025,3,11,75,1,1,0,1
278,의성,2025-03-17,2.5,-2.8,2400,9.3,1337,,,,,,,8.4,340,1422,4.7,250,1307,1.9,1673,270,-9.4,19,1613,44.1,3.0,1005.5,1017.6,2157,1012.4,101,1015.7,12.0,7.2,,,,,,,,,3.1,2.0,3.6,-8.3,,,,,,,,,,,,,,,2025,3,12,76,1,1,0,0
278,의성,2025-03-18,1.8,-3.4,38,5.2,1554,,,,,,0.7,10.0,340,1639,5.1,320,1644,1.6,1390,320,-2.4,54,1602,73.6,5.2,1004.4,1021.3,2346,1011.0,1530,1014.6,12.1,1.3,,,,,,,,,7.8,5.6,5.7,-8.1,,,,,,,,,,,,,,,2025,3,12,77,1,1,0,0
278,의성,2025-03-19,1.1,-5.4,615,8.3,1332,,,,,,,9.7,290,1349,4.7,270,1415,1.4,1169,250,-6.5,25,1301,63.0,3.8,1012.8,1025.1,939,1021.1,1659,1023.0,12.1,10.1,,,,,,,,,0.1,0.1,4.6,-11.5,,,,,,,,,,,,,,,2025,3,12,78,1,1,0,0
278,의성,2025-03-20,5.3,-5.9,609,16.7,1517,,,,,,,9.8,290,1521,5.1,290,1526,1.5,1259,270,-3.4,27,1520,58.0,4.9,1008.4,1023.9,10,1014.0,1658,1018.5,12.1,9.6,,,,,,,,,0.0,0.0,7.3,-10.7,,,,,,,,,,,,,,,2025,3,12,79,1,1,0,0
278,의성,2025-03-21,10.9,-1.6,638,23.6,1510,,,,,,,13.2,290,1717,7.1,290,1723,1.8,1547,290,-2.0,14,1441,49.6,5.3,1001.5,1015.3,144,1006.5,1622,1011.3,12.2,10.5,,,,,,,,,0.0,0.0,11.5,-7.6,,,,,,,,,,,,,,,2025,3,12,80,1,1,1,0
278,의성,2025-03-22,14.1,1.1,644,25.2,1415,,,,,,,17.9,320,1557,7.5,290,1559,2.1,1774,270,-1.7,17,1405,39.8,5.4,999.7,1011.9,738,1005.9,1536,1009.4,12.2,8.7,,,,,,,,,0.0,0.0,13.9,-5.0,,,,,,,,,,,,,,,2025,3,12,81,1,1,1,0
278,의성,2025-03-23,14.3,2.5,621,26.4,1540,,,,,,,8.1,340,1434,3.5,320,1302,0.7,614,50,-0.2,13,1427,44.8,6.1,999.5,1012.6,914,1006.0,1648,1009.2,12.2,9.2,,,,,,,,,2.8,0.1,14.1,-4.0,,,,,,,,,,,,,,,2025,3,12,82,1,1,1,0
278,의성,2025-03-24,16.0,7.3,520,25.5,1440,,,,,,,10.3,230,1348,5.5,270,1453,1.8,1587,270,3.7,16,1536,50.3,8.0,993.4,1007.9,1,998.4,1640,1002.9,12.3,6.9,,,,,,,,,5.4,2.4,15.1,3.0,,,,,,,,,,,,,,,2025,3,13,83,1,0,1,0
278,의성,2025-03-25,16.5,5.8,654,28.0,1516,,,,,,,14.5,320,1710,7.7,270,1713,2.5,2130,270,3.3,13,1518,49.1,7.9,990.4,1003.7,2322,991.8,1648,999.9,12.3,8.6,,,,,,,,,0.8,0.0,16.7,-0.2,,,,,,,,,,,,,,,2025,3,13,84,1,0,1,0
278,의성,2025-03-26,15.4,3.4,624,27.0,1625,,,,,,,8.2,200,1600,4.1,230,1634,1.2,1046,200,0.6,13,1429,43.0,6.6,995.0,1009.2,832,1000.9,1849,1004.5,12.4,10.2,,,,,,,,,0.8,0.0,16.7,-3.2,,,,,,,,,,,,,,,2025,3,13,85,1,1,1,0
278,의성,2025-03-27,18.1,12.6,2344,26.0,1228,,,,,,1.0,9.3,270,1538,4.0,340,1511,1.6,1419,230,11.9,49,2356,68.8,14.4,989.9,1005.3,2349,995.0,1401,999.3,12.4,2.2,,,,,,,,,7.5,6.6,16.8,8.1,,,,,,,,,,,,,,,2025,3,13,86,1,0,1,1
278,의성,2025-03-28,9.1,6.7,828,12.6,1,,,,,,0.5,8.8,320,1616,4.9,340,1545,2.2,1869,290,-2.4,26,1640,46.6,5.3,1002.3,1018.3,2349,1005.0,11,1012.2,12.4,3.3,,,,,,,,,9.0,4.8,11.6,3.5,,,,,,,,,,,,,,,2025,3,13,87,1,0,0,0
278,의성,2025-03-29,4.2,-2.5,635,11.6,1338,,,,,,0.0,12.9,320,1524,6.7,290,1531,2.4,2045,290,-7.8,18,1144,45.6,3.6,1010.9,1025.5,2338,1017.9,1424,1021.0,12.5,9.2,,,,,,,,,5.3,0.8,10.6,-9.5,,,,,,,,,,,,,,,2025,3,13,88,1,1,0,0
278,의성,2025-03-30,3.1,-4.2,629,10.5,1408,,,,,,,11.7,340,1501,5.7,340,1338,1.9,1623,290,-10.5,16,1052,40.0,2.8,1017.2,1030.0,941,1025.1,1853,1027.4,12.5,10.0,,,,,,,,,3.3,0.5,10.3,-11.5,,,,,,,,,,,,,,,2025,3,13,89,1,1,0,0
278,의성,2025-03-31,5.6,-3.5,403,14.3,1618,,,,,,,7.3,270,1435,2.9,230,1054,0.8,723,160,-4.0,27,1548,53.5,4.6,1015.0,1028.3,8,1021.5,1631,1025.1,12.6,8.7,,,,,,,,,3.6,2.0,11.1,-9.4,,,,,,,,,,,,,,,2025,3,14,90,1,1,0,0
278,의성,2025-04-01,8.5,-1.9,620,19.0,1620,,,,,,,6.5,140,1732,3.3,140,1740,0.9,790,140,-4.2,19,1640,47.3,4.5,1011.9,1025.3,710,1017.9,1627,1021.9,12.6,10.2,,,,,,,,,0.6,0.1,15.0,-8.5,,,,,,,,,,,,,,,2025,4,14,91,1,0,0,0
278,의성,2025-04-02,8.6,-2.1,609,19.2,1518,0.0,,0.0,,,0.0,10.1,320,2013,4.6,290,2033,1.2,1028,250,-3.5,13,1519,49.8,4.9,1008.4,1021.7,124,1013.0,1629,1018.3,12.6,8.6,,,,,,,,,3.4,2.3,16.0,-9.5,,,,,,,,,,,,,,,2025,4,14,92,1,0,0,0
278,의성,2025-04-03,8.8,1.8,557,16.9,1351,,,,,,,5.7,230,1352,2.9,200,1750,0.9,779,140,1.8,29,1533,67.0,7.0,1009.6,1021.9,855,1017.0,1530,1019.5,12.7,5.9,,,,,,,,,4.9,3.5,14.8,-4.9,,,,,,,,,,,,,,,2025,4,14,93,1,0,0,0
278,의성,2025-04-04,8.9,-0.2,609,18.7,1538,,,,,,,6.0,250,1439,3.1,230,1554,0.8,708,250,0.6,27,1609,61.8,6.4,1008.8,1022.0,731,1015.5,1739,1018.8,12.7,9.4,,,,,,,,,1.4,0.8,14.4,-5.8,,,,,,,,,,,,,,,2025,4,14,94,1,0,0,0
278,의성,2025-04-05,8.9,3.9,411,15.2,1022,1.0,1509.0,3.5,1449.0,,4.9,7.8,180,1138,4.2,200,1143,0.9,779,200,4.8,28,1047,78.9,8.9,1002.3,1017.7,37,1008.6,1923,1012.2,12.8,0.5,,,,,,,,,8.0,4.0,9.0,-1.3,,,,,,,,,,,,,,,2025,4,14,95,1,0,0,1
278,의성,2025-04-06,11.7,6.2,49,18.1,1635,,,,,,,11.4,320,1439,5.7,290,1508,2.4,2066,270,0.4,19,1707,51.4,6.5,1004.4,1017.2,2359,1010.7,1,1014.2,12.8,9.4,,,,,,,,,3.0,2.6,14.6,0.5,,,,,,,,,,,,,,,2025,4,14,96,1,0,1,0
278,의성,2025-04-07,12.3,-0.2,612,23.3,1546,,,,,,,7.4,340,1455,3.6,270,1431,1.0,866,270,-1.2,15,1414,47.9,5.7,1006.1,1019.6,811,1012.3,1732,1015.9,12.8,10.8,,,,,,,,,0.6,0.0,16.3,-6.8,,,,,,,,,,,,,,,2025,4,15,97,1,0,1,0
278,의성,2025-04-08,13.9,5.4,352,22.7,1453,,,,,,,12.7,270,1408,6.3,290,913,2.1,1851,290,1.4,17,1541,48.4,6.9,1002.3,1015.4,2335,1009.8,1502,1012.0,12.9,10.9,,,,,,,,,0.6,0.0,18.0,-0.8,,,,,,,,,,,,,,,2025,4,15,98,1,0,1,0
278,의성,2025-04-09,13.2,2.7,616,21.6,1430,,,,,,,6.5,230,1215,3.6,250,1155,0.9,811,270,1.7,24,1453,50.8,6.9,1000.8,1015.6,45,1006.0,1927,1010.5,12.9,6.1,,,,,,,,,6.0,3.4,16.9,-2.8,,,,,,,,,,,,,,,2025,4,15,99,1,0,1,0
278,의성,2025-04-10,14.6,8.2,2353,21.5,1521,,,,,,,7.6,340,1504,4.3,340,1359,1.3,1080,290,4.9,30,1502,56.1,8.7,995.7,1008.3,2356,1002.4,1554,1005.2,12.9,8.0,,,,,,,,,1.6,1.1,19.1,0.7,,,,,,,,,,,,,,,2025,4,15,100,1,0,1,0
278,의성,2025-04-11,14.7,3.1,613,26.4,1412,,,,,,,6.3,230,1738,3.1,200,1713,0.9,735,50,2.6,17,1414,52.9,7.4,1000.0,1012.1,2328,1006.8,1654,1009.7,13.0,11.3,,,,,,,,,1.3,0.0,20.5,-3.8,,,,,,,,,,,,,,,2025,4,15,101,1,0,1,0
278,의성,2025-04-12,14.1,5.7,500,23.4,1310,0.5,1840.0,1.4,1828.0,,2.2,9.1,200,1328,4.2,200,1329,1.1,983,180,3.5,16,1145,56.1,8.2,996.9,1012.3,22,996.5,2358,1006.5,13.0,3.1,,,,,,,,,8.0,5.0,17.0,-1.0,,,,,,,,,,,,,,,2025,4,15,102,1,0,1,1
278,의성,2025-04-13,6.9,2.0,409,13.1,2,2.5,33.0,5.3,21.0,,10.5,15.9,340,1232,7.5,320,1237,3.2,2750,250,-0.6,27,1627,62.6,5.9,990.8,1003.7,2125,996.2,12,1000.6,13.0,5.3,,,,,,,,,6.1,4.4,11.5,-3.3,,,,,,,,,,,,,,,2025,4,15,103,1,0,0,1
278,의성,2025-04-14,5.0,-0.2,237,10.3,1312,0.6,1352.0,1.3,1543.0,,4.4,7.6,360,1347,4.0,340,1348,0.8,725,50,2.7,53,1325,86.4,7.5,988.9,1003.1,10,996.2,1745,998.8,13.1,0.4,,,,,,,,,9.1,7.3,8.4,-6.2,,,,,,,,,,,,,,,2025,4,16,104,1,0,0,1
278,의성,2025-04-15,9.0,0.4,629,15.8,1456,,,,,,,11.4,270,1125,5.3,320,1112,2.2,1871,270,1.0,32,1726,62.6,6.6,995.0,1008.5,2302,1000.2,1,1004.9,13.1,8.2,,,,,,,,,2.5,1.1,13.2,-3.8,,,,,,,,,,,,,,,2025,4,16,105,1,0,0,0
278,의성,2025-04-16,13.6,1.4,542,25.5,1623,,,,,,,7.3,270,1624,3.8,270,1632,0.8,666,90,5.1,28,1619,63.3,9.0,998.0,1010.7,716,1004.4,1607,1007.7,13.2,7.8,,,,,,,,,2.8,0.6,16.8,-3.7,,,,,,,,,,,,,,,2025,4,16,106,1,0,1,0
278,의성,2025-04-17,17.7,7.3,514,25.2,1322,,,,,,,9.5,230,1308,5.0,200,1332,1.6,1412,230,11.6,49,1320,70.3,13.9,997.1,1008.6,242,1003.5,1558,1006.6,13.2,5.6,,,,,,,,,3.4,0.6,19.5,2.0,,,,,,,,,,,,,,,2025,4,16,107,1,0,1,0
278,의성,2025-04-18,20.2,11.3,540,29.4,1533,,,,,,,7.2,270,1453,3.7,250,1232,1.2,1040,290,12.4,31,1544,66.1,14.4,998.6,1010.5,2359,1005.8,1609,1008.0,13.2,7.2,,,,,,,,,1.4,0.6,22.8,6.7,,,,,,,,,,,,,,,2025,4,16,108,1,0,1,0
278,의성,2025-04-19,20.9,13.0,605,28.6,1420,0.8,2109.0,1.7,,,1.7,10.2,200,1644,5.1,250,1321,1.8,1578,230,14.2,41,1418,68.4,16.3,998.1,1010.6,619,1003.7,1655,1007.5,13.3,7.5,,,,,,,,,5.5,2.9,25.0,8.3,,,,,,,,,,,,,,,2025,4,16,109,1,0,1,1
278,의성,2025-04-20,16.8,14.5,954,19.5,1516,0.6,150.0,1.3,125.0,,1.5,5.8,90,913,2.7,90,921,1.0,836,110,12.9,59,2034,79.5,15.2,1002.9,1016.6,2350,1007.3,139,1012.5,13.3,0.1,,,,,,,,,9.3,9.3,18.2,12.5,,,,,,,,,,,,,,,2025,4,16,110,1,0,1,1
278,의성,2025-04-21,18.1,10.8,607,26.6,1436,,,,,,,7.6,180,1348,3.5,230,1453,1.0,867,200,9.8,37,1439,61.3,12.1,1004.9,1018.1,643,1010.9,1826,1014.5,13.3,10.3,,,,,,,,,5.3,2.5,22.5,7.4,,,,,,,,,,,,,,,2025,4,17,111,1,0,1,0
278,의성,2025-04-22,15.5,12.9,131,17.6,1841,0.9,1219.0,3.3,1523.0,,15.2,4.5,70,2336,2.5,70,2344,0.6,554,360,14.5,78,1,94.1,16.7,995.8,1011.9,1,1001.1,1841,1005.4,13.4,0.0,,,,,,,,,9.6,5.1,16.2,9.2,,,,,,,,,,,,,,,2025,4,17,112,1,0,1,1
278,의성,2025-04-23,16.7,10.9,2359,22.3,1605,,,,,,,5.9,200,1228,3.1,230,1226,1.1,941,200,10.9,47,1614,72.3,13.2,995.9,1007.0,2400,1002.9,1,1005.4,13.4,7.9,,,,,,,,,5.3,1.8,20.3,7.1,,,,,,,,,,,,,,,2025,4,17,113,1,0,1,0
278,의성,2025-04-24,16.8,7.3,505,26.2,1456,,,,,,,11.6,290,2254,5.8,290,2258,2.2,1902,270,5.8,25,1553,55.4,9.6,997.3,1010.8,2354,1003.1,1554,1006.8,13.4,9.5,,,,,,,,,4.4,1.6,21.1,1.9,,,,,,,,,,,,,,,2025,4,17,114,1,0,1,0
278,의성,2025-04-25,13.5,6.6,622,20.1,1509,,,,,,,11.5,270,1555,5.8,270,1604,2.5,2135,290,-4.6,12,1612,32.8,4.5,1004.1,1017.1,2356,1010.8,1,1013.9,13.5,11.0,,,,,,,,,3.0,0.3,19.4,0.3,,,,,,,,,,,,,,,2025,4,17,115,1,0,1,0
278,의성,2025-04-26,13.9,1.0,529,24.6,1500,,,,,,,11.7,320,1320,5.8,270,1625,1.8,1570,290,-2.0,17,2030,39.4,5.4,1007.8,1020.5,651,1014.4,1522,1017.5,13.5,11.4,,,,,,,,,0.5,0.0,20.1,-5.2,,,,,,,,,,,,,,,2025,4,17,116,1,0,1,0
278,의성,2025-04-27,15.6,4.4,555,26.7,1328,,,,,,,8.9,270,1233,4.6,290,1525,1.3,1124,290,0.5,13,1441,43.0,6.5,1004.3,1018.5,1,1010.1,1839,1013.9,13.5,6.4,,,,,,,,,6.8,0.0,19.3,-1.0,,,,,,,,,,,,,,,2025,4,17,117,1,0,1,0
278,의성,2025-04-28,15.5,6.4,551,24.0,1455,,,,,,,13.7,340,1529,6.2,340,1533,2.0,1687,290,1.9,15,1724,46.0,7.3,998.3,1012.4,53,1003.6,1546,1007.9,13.6,11.1,,,,,,,,,2.3,0.9,22.3,1.1,,,,,,,,,,,,,,,2025,4,18,118,1,0,1,0
278,의성,2025-04-29,13.6,3.0,546,23.2,1618,,,,,,,7.7,230,1352,4.0,270,1358,1.2,1035,270,0.9,19,1520,49.1,6.6,1002.3,1014.0,2359,1009.4,1625,1012.0,13.6,12.1,,,,,,,,,0.0,0.0,21.4,-3.5,,,,,,,,,,,,,,,2025,4,18,119,1,0,1,0
278,의성,2025-04-30,17.3,5.0,513,29.0,1604,,,,,,,8.0,230,1747,4.0,250,1650,1.1,969,230,4.3,18,1408,50.1,8.4,1003.7,1016.3,714,1009.9,1651,1013.3,13.7,12.0,,,,,,,,,0.0,0.0,24.0,-0.5,,,,,,,,,,,,,,,2025,4,18,120,1,0,1,0
278,의성,2025-05-01,14.8,5.4,530,24.5,1245,3.4,1531.0,11.6,1514.0,,30.2,11.1,230,1341,5.8,230,1344,1.6,1360,200,10.5,39,1243,78.8,13.2,998.0,1013.4,4,1003.9,1746,1007.6,13.7,3.6,,,,,,,,,7.0,4.8,16.8,-1.7,,,,,,,,,,,,,,,2025,5,18,121,0,0,1,1
278,의성,2025-05-02,14.4,6.9,547,20.6,1503,,,,,,,11.3,270,1309,5.3,270,1312,2.2,1882,270,4.4,27,1811,56.9,8.5,998.9,1010.2,2359,1005.9,49,1008.5,13.7,11.1,,,,,,,,,4.5,2.6,18.9,2.3,,,,,,,,,,,,,,,2025,5,18,122,0,0,1,0
278,의성,2025-05-03,10.8,8.4,2359,13.6,1613,1.2,1004.0,5.4,1002.0,,14.2,5.8,270,1613,2.9,250,1631,0.9,758,250,8.9,62,1,88.9,11.4,998.0,1010.3,2,1005.2,1553,1007.8,13.8,0.1,,,,,,,,,8.1,6.4,14.0,4.1,,,,,,,,,,,,,,,2025,5,18,123,0,0,1,1
278,의성,2025-05-04,13.6,4.2,500,22.5,1438,,,,,,,10.0,230,1423,5.6,250,1523,2.0,1724,270,2.0,20,1258,55.8,7.4,1001.8,1014.9,2358,1009.0,1648,1011.5,13.8,10.3,,,,,,,,,0.6,0.3,17.6,-0.7,,,,,,,,,,,,,,,2025,5,18,124,0,0,1,0
278,의성,2025-05-05,11.2,3.0,518,18.6,1431,0.6,1640.0,1.4,1631.0,,1.4,4.5,50,1607,2.2,290,1241,0.6,528,270,5.0,28,1502,72.0,9.0,1002.0,1015.6,343,1008.4,1847,1011.8,13.8,2.3,,,,,,,,,8.0,6.9,14.3,-1.9,,,,,,,,,,,,,,,2025,5,19,125,0,0,1,1
278,의성,2025-05-06,12.3,9.2,2357,15.5,1625,,,,,,,3.2,250,1636,2.0,250,1733,0.6,514,250,9.3,62,1625,83.1,11.7,997.2,1010.0,2320,1004.4,1544,1006.9,13.8,0.0,,,,,,,,,8.1,8.1,14.2,3.5,,,,,,,,,,,,,,,2025,5,19,126,0,0,1,0
278,의성,2025-05-07,14.5,6.9,515,23.4,1538,,,,,,,5.9,270,1453,3.0,250,1500,1.0,883,140,8.0,31,1405,70.9,10.7,1002.8,1016.0,2354,1009.8,1528,1012.5,13.9,7.8,,,,,,,,,3.0,1.1,21.4,2.4,,,,,,,,,,,,,,,2025,5,19,127,0,0,1,0
278,의성,2025-05-08,17.3,8.3,602,25.5,1503,,,,,,,7.8,250,1215,3.0,250,1220,0.9,819,200,9.1,33,1506,63.8,11.6,1006.7,1018.5,729,1013.4,1547,1016.3,13.9,9.1,,,,,,,,,5.9,1.0,23.9,4.4,,,,,,,,,,,,,,,2025,5,19,128,0,0,1,0
278,의성,2025-05-09,14.3,12.0,602,16.3,1520,1.2,1556.0,5.0,1043.0,,18.4,2.6,50,900,1.5,50,902,0.4,324,70,13.4,72,35,94.9,15.5,996.7,1017.0,34,997.4,2357,1006.3,13.9,0.0,,,,,,,,,9.3,7.6,15.7,10.9,,,,,,,,,,,,,,,2025,5,19,129,0,0,1,1
278,의성,2025-05-10,14.9,12.9,2358,18.4,1256,0.0,,0.0,,,0.0,10.0,290,932,5.7,270,912,2.2,1875,270,11.1,60,932,79.0,13.3,990.8,1006.3,2245,995.6,235,1000.3,14.0,1.0,,,,,,,,,9.4,9.4,18.1,11.5,,,,,,,,,,,,,,,2025,5,19,130,0,0,1,0
278,의성,2025-05-11,14.9,9.1,2347,21.8,1625,3.3,1908.0,3.5,,,3.5,10.7,320,1909,6.1,320,1914,1.1,988,230,10.2,40,1729,77.3,12.5,995.7,1007.0,735,1002.2,1639,1005.3,14.0,1.6,,,,,,,,,6.9,4.1,16.8,3.9,,,,,,,,,,,,,,,2025,5,19,131,0,0,1,1
278,의성,2025-05-12,15.7,6.7,552,25.7,1548,,,,,,,7.0,320,1342,4.0,320,1351,1.2,1037,270,7.4,25,1406,66.5,10.4,1000.0,1012.6,2357,1006.9,1,1009.7,14.0,10.9,,,,,,,,,0.0,0.0,21.1,3.3,,,,,,,,,,,,,,,2025,5,20,132,0,0,1,0
278,의성,2025-05-13,17.7,6.9,541,28.7,1509,,,,,,,8.3,340,1226,4.2,320,1245,1.1,967,290,8.4,24,1619,61.6,11.1,1004.8,1015.7,805,1012.6,1,1014.3,14.0,10.1,,,,,,,,,4.9,0.9,22.2,2.5,,,,,,,,,,,,,,,2025,5,20,133,0,0,1,0
278,의성,2025-05-14,19.5,8.8,534,29.8,1535,,,,,,,6.9,250,1537,3.4,250,1308,1.1,930,200,9.3,18,1411,58.9,11.9,1005.5,1017.8,639,1012.1,1556,1015.0,14.1,11.7,,,,,,,,,3.1,0.6,26.3,4.0,,,,,,,,,,,,,,,2025,5,20,134,0,0,1,0
278,의성,2025-05-15,20.8,15.5,29,27.4,1524,0.5,808.0,1.2,756.0,,1.7,6.1,270,1644,3.8,250,1652,1.1,928,230,16.7,58,1516,78.6,19.2,1004.7,1015.6,2334,1012.3,1520,1014.1,14.1,1.5,,,,,,,,,8.8,5.5,22.5,12.3,,,,,,,,,,,,,,,2025,5,20,135,0,0,1,1
278,의성,2025-05-16,19.6,17.3,251,23.4,1206,1.5,2200.0,5.8,2156.0,,19.9,6.5,250,1538,2.5,230,1543,0.7,605,230,18.2,75,1538,92.6,20.9,1002.5,1015.6,24,1006.1,2400,1012.0,14.1,0.0,,,,,,,,,9.6,4.1,20.6,14.5,,,,,,,,,,,,,,,2025,5,20,136,0,0,1,1
278,의성,2025-05-17,21.7,16.5,606,27.7,1657,0.8,148.0,2.9,1.0,,4.8,8.4,290,1915,4.6,290,2241,1.8,1569,250,15.8,51,1610,71.5,18.0,994.4,1006.0,1,1002.1,1632,1003.8,14.2,7.3,,,,,,,,,5.9,2.6,24.4,15.7,,,,,,,,,,,,,,,2025,5,20,137,0,0,1,1
278,의성,2025-05-18,17.0,10.4,2349,23.0,1509,,,,,,,7.7,270,56,4.1,270,101,1.8,1523,270,9.2,31,1615,63.1,11.7,999.7,1011.2,2256,1005.6,1,1009.2,14.2,6.3,,,,,,,,,5.3,0.5,21.6,5.9,,,,,,,,,,,,,,,2025,5,20,138,0,0,1,0
278,의성,2025-05-19,18.9,7.9,506,27.9,1617,,,,,,,7.3,270,1522,3.9,250,1523,1.3,1136,250,11.9,38,1238,68.1,14.2,996.2,1011.1,1,1000.9,1741,1005.6,14.2,9.2,,,,,,,,,1.8,1.3,23.1,3.5,,,,,,,,,,,,,,,2025,5,21,139,0,0,1,0
278,의성,2025-05-20,24.2,15.2,500,32.9,1551,,,,,,,5.7,290,1335,3.0,230,1518,1.0,866,230,18.1,42,1450,72.9,21.0,997.8,1009.1,828,1004.7,1515,1007.1,14.2,12.0,,,,,,,,,0.9,0.0,29.2,12.4,,,,,,,,,,,,,,,2025,5,21,140,0,0,1,0
278,의성,2025-05-21,24.3,18.6,505,30.3,1516,,,,,,,5.7,180,1726,2.3,230,1033,0.9,762,160,19.4,51,1522,76.5,22.6,996.6,1008.9,306,1002.8,1724,1005.9,14.3,5.0,,,,,,,,,7.3,1.5,27.8,15.2,,,,,,,,,,,,,,,2025,5,21,141,0,0,1,0
278,의성,2025-05-22,18.4,15.0,2358,22.0,908,,,,,,,5.7,180,1045,3.0,160,1201,1.1,940,160,14.1,59,2145,76.6,16.3,998.3,1011.3,2202,1004.5,228,1007.8,14.3,0.6,,,,,,,,,8.9,8.1,21.8,10.6,,,,,,,,,,,,,,,2025,5,21,142,0,0,1,0
278,의성,2025-05-23,17.6,11.4,519,24.2,1332,,,,,,,7.4,140,1520,3.4,140,1520,1.5,1257,110,6.9,31,1333,53.0,10.0,1002.5,1013.4,2055,1010.4,1426,1012.1,14.3,2.2,,,,,,,,,9.0,7.4,22.5,8.8,,,,,,,,,,,,,,,2025,5,21,143,0,0,1,0
278,의성,2025-05-24,14.6,12.4,2219,17.2,947,0.1,,0.3,1820.0,,0.3,7.7,70,1855,3.5,70,1121,1.5,1311,90,9.1,49,838,71.5,11.6,999.6,1012.2,1,1007.4,1811,1009.3,14.3,0.0,,,,,,,,,9.8,9.6,16.4,11.2,,,,,,,,,,,,,,,2025,5,21,144,0,0,1,0
278,의성,2025-05-25,17.0,11.7,2359,24.9,1525,0.2,,0.2,,,0.2,6.9,290,1526,3.6,290,1506,1.2,1055,200,10.2,34,1757,69.0,12.5,1003.5,1016.3,2356,1010.8,1,1013.1,14.4,10.2,,,,,,,,,2.0,1.9,25.0,6.6,,,,,,,,,,,,,,,2025,5,21,145,0,0,1,0
278,의성,2025-05-26,18.0,9.5,458,27.2,1537,,,,,,,7.1,320,1318,2.9,270,1327,0.8,722,180,9.3,26,1756,63.4,11.8,1006.8,1018.3,726,1014.0,1659,1016.3,14.4,11.5,,,,,,,,,3.3,0.5,24.1,5.2,,,,,,,,,,,,,,,2025,5,22,146,0,0,1,0
278,의성,2025-05-27,19.4,10.9,525,27.8,1613,,,,,,,9.7,270,1507,3.8,290,1416,0.9,814,290,10.6,28,1518,62.8,12.9,1007.4,1019.3,707,1014.2,1646,1017.0,14.4,12.0,,,,,,,,,0.9,0.3,26.3,6.2,,,,,,,,,,,,,,,2025,5,22,147,0,0,1,0
278,의성,2025-05-28,19.2,11.5,512,28.8,1536,6.3,1932.0,13.7,1929.0,,17.5,14.9,50,1944,7.5,50,1947,1.1,988,230,12.9,29,1443,72.4,15.0,1007.3,1018.7,2123,1013.3,1647,1016.8,14.4,11.0,,,,,,,,,2.3,2.1,26.9,7.1,,,,,,,,,,,,,,,2025,5,22,148,0,0,1,1
278,의성,2025-05-29,17.2,12.6,422,26.7,1443,1.2,1714.0,1.6,,,1.6,6.9,160,1642,3.1,90,1718,0.8,656,20,14.2,42,1453,86.0,16.3,1004.8,1017.6,1,1010.8,1632,1014.4,14.4,5.0,,,,,,,,,3.0,1.9,20.8,10.1,,,,,,,,,,,,,,,2025,5,22,149,0,0,1,1
278,의성,2025-05-30,18.1,11.2,512,26.0,1505,,,,,,,5.7,20,1448,2.7,90,1636,1.0,860,70,10.3,30,1157,66.5,12.6,1002.9,1014.4,717,1010.1,1736,1012.5,14.4,9.8,,,,,,,,,0.3,0.3,24.0,7.7,,,,,,,,,,,,,,,2025,5,22,150,0,0,1,0
278,의성,2025-05-31,18.2,8.6,510,27.2,1701,,,,,,,4.8,250,1418,2.6,180,1256,0.9,758,230,11.1,38,1227,67.8,13.3,1000.8,1013.8,630,1006.9,1712,1010.4,14.5,10.4,,,,,,,,,3.9,0.6,23.1,3.3,,,,,,,,,,,,,,,2025,5,22,151,0,0,1,0
278,의성,2025-06-01,21.2,11.5,434,30.7,1549,,,,,,,5.3,270,1403,2.6,290,1334,0.8,662,270,13.1,24,1709,66.0,15.2,998.7,1011.6,721,1005.2,1818,1008.1,14.5,10.9,,,,,,,,,3.0,0.9,27.8,7.4,,,,,,,,,,,,,,,2025,6,22,152,0,0,1,0
278,의성,2025-06-02,20.2,16.1,511,25.3,1402,0.0,,0.0,,,0.0,5.7,250,1421,2.8,270,1429,0.7,569,230,15.5,52,1534,76.0,17.6,993.4,1006.8,1,999.4,2400,1002.8,14.5,0.0,,,,,,,,,9.5,4.5,22.0,12.1,,,,,,,,,,,,,,,2025,6,23,153,0,0,1,0
278,의성,2025-06-03,21.7,14.5,2356,28.6,1408,,,,,,,11.8,290,1705,5.4,270,1556,1.9,1669,270,11.3,25,2043,55.5,13.9,988.9,1001.4,2357,995.4,1531,998.2,14.5,8.7,,,,,,,,,4.9,3.4,28.5,8.8,,,,,,,,,,,,,,,2025,6,23,154,0,0,1,0
278,의성,2025-06-04,20.1,9.4,457,28.8,1328,,,,,,,12.8,270,1350,6.4,270,1428,2.4,2051,290,6.7,20,1229,47.9,9.8,993.9,1008.0,2356,1000.5,1508,1003.3,14.5,13.1,,,,,,,,,0.4,0.0,26.5,4.3,,,,,,,,,,,,,,,2025,6,23,155,0,0,1,0
278,의성,2025-06-05,20.3,10.3,507,29.2,1551,,,,,,,7.5,290,1220,4.0,270,1222,1.4,1238,270,10.5,30,1552,58.3,12.7,1000.1,1011.7,616,1007.2,1807,1009.5,14.5,11.0,,,,,,,,,3.0,0.1,27.7,4.5,,,,,,,,,,,,,,,2025,6,23,156,0,0,1,0
278,의성,2025-06-06,21.6,13.6,443,31.0,1334,,,,,,,6.4,230,1258,3.3,250,1222,1.0,824,230,12.9,27,1338,63.3,15.0,998.9,1010.2,746,1006.1,1442,1008.3,14.5,3.7,,,,,,,,,7.3,2.8,26.5,9.7,,,,,,,,,,,,,,,2025,6,23,157,0,0,1,0
278,의성,2025-06-07,23.3,13.6,528,32.4,1429,,,,,,,6.4,320,1554,3.4,320,1528,0.9,801,290,13.3,28,1525,59.1,15.3,997.8,1009.2,255,1004.3,1620,1007.2,14.6,10.8,,,,,,,,,6.4,0.4,30.0,8.9,,,,,,,,,,,,,,,2025,6,23,158,0,0,1,0
278,의성,2025-06-08,24.7,17.5,514,32.4,1516,,,,,,,5.5,290,1515,2.9,270,1601,0.9,738,230,16.4,37,1520,63.1,18.7,997.5,1008.5,758,1004.3,1655,1006.7,14.6,9.4,,,,,,,,,5.5,1.0,31.8,15.0,,,,,,,,,,,,,,,2025,6,23,159,0,0,1,0
278,의성,2025-06-09,25.0,18.3,531,33.4,1650,,,,,,,7.6,250,1325,3.2,250,1326,1.0,821,250,17.8,35,1644,67.8,20.4,996.4,1008.2,643,1002.6,1720,1005.6,14.6,9.3,,,,,,,,,4.9,1.1,31.9,15.6,,,,,,,,,,,,,,,2025,6,24,160,0,0,1,0
278,의성,2025-06-10,25.1,18.0,532,31.8,1305,,,,,,,7.8,320,1555,4.2,320,1603,2.1,1796,290,16.6,36,1249,62.5,18.9,995.5,1007.1,2335,1002.8,1438,1004.7,14.6,6.8,,,,,,,,,4.4,0.9,30.5,14.4,,,,,,,,,,,,,,,2025,6,24,161,0,0,1,0
278,의성,2025-06-11,23.7,16.7,450,31.0,1433,,,,,,,8.6,290,1448,4.7,290,1337,1.7,1511,290,12.2,26,1437,52.6,14.2,1000.5,1012.9,2400,1007.1,1,1009.8,14.6,11.6,,,,,,,,,3.8,0.0,32.0,12.6,,,,,,,,,,,,,,,2025,6,24,162,0,0,1,0
278,의성,2025-06-12,24.3,16.0,536,32.3,1637,,,,,,,7.5,180,1349,3.4,250,1424,1.0,832,290,13.1,26,1321,53.6,15.1,1004.1,1015.1,746,1011.3,1728,1013.4,14.6,9.7,,,,,,,,,8.1,0.5,32.6,12.9,,,,,,,,,,,,,,,2025,6,24,163,0,0,1,0
278,의성,2025-06-13,20.3,17.2,508,26.2,1446,2.6,2320.0,9.1,2300.0,,23.0,4.6,200,1804,2.5,200,1808,0.7,563,200,16.0,41,1428,79.1,18.3,1003.4,1015.4,539,1009.5,2356,1012.9,14.6,0.0,,,,,,,,,9.6,4.9,24.7,13.3,,,,,,,,,,,,,,,2025,6,24,164,0,0,1,1
278,의성,2025-06-14,22.7,18.0,1,29.7,1655,4.5,705.0,17.5,623.0,,81.2,4.3,230,1843,2.7,250,1727,0.8,699,200,20.2,58,1650,87.9,23.7,992.0,1009.8,5,997.2,1700,1001.2,14.6,4.9,,,,,,,,,8.1,4.3,24.5,17.7,,,,,,,,,,,,,,,2025,6,24,165,0,0,1,1
278,의성,2025-06-15,26.5,19.6,428,33.3,1504,0.0,,0.0,,,0.0,5.4,250,1517,3.5,250,1536,1.0,874,230,21.2,48,1505,75.6,25.2,989.4,1001.6,709,996.1,1808,998.5,14.6,7.0,,,,,,,,,4.8,2.5,28.7,17.3,,,,,,,,,,,,,,,2025,6,24,166,0,0,1,0
278,의성,2025-06-16,24.9,20.9,2338,29.7,1631,1.2,526.0,1.4,438.0,,3.2,5.1,230,1509,3.0,230,1531,1.0,892,200,22.1,57,1514,85.8,26.6,989.0,1002.4,2347,995.0,319,998.2,14.6,3.1,,,,,,,,,6.5,4.8,27.1,17.5,,,,,,,,,,,,,,,2025,6,25,167,0,0,1,1
278,의성,2025-06-17,24.6,18.9,420,30.6,1534,0.1,,0.1,,,0.1,6.1,230,1249,3.2,270,1335,1.0,890,230,20.5,57,1331,80.5,24.2,995.0,1006.7,2331,1001.9,111,1004.2,14.6,5.8,,,,,,,,,6.0,1.6,26.6,16.3,,,,,,,,,,,,,,,2025,6,25,168,0,0,1,0
278,의성,2025-06-18,25.9,20.8,552,32.4,1545,,,,,,,6.8,250,1243,3.6,270,1252,1.3,1153,270,19.1,39,1511,71.3,22.3,1000.3,1012.1,2350,1006.5,1,1009.5,14.7,11.9,,,,,,,,,0.9,0.0,30.5,17.9,,,,,,,,,,,,,,,2025,6,25,169,0,0,1,0
278,의성,2025-06-19,26.2,18.6,505,34.2,1531,,,,,,,5.7,250,1521,2.7,270,1551,0.8,698,200,20.0,33,1532,72.9,23.5,1002.7,1014.0,818,1010.3,1715,1011.9,14.7,8.6,,,,,,,,,5.0,1.3,30.6,15.8,,,,,,,,,,,,,,,2025,6,25,170,0,0,1,0
278,의성,2025-06-20,25.4,23.0,201,28.2,1108,0.5,1844.0,1.9,1821.0,,4.7,6.4,180,2045,3.1,180,2047,1.3,1081,200,22.6,71,1549,85.3,27.5,997.3,1011.1,2,1003.8,1926,1006.5,14.6,0.0,,,,,,,,,9.9,2.1,26.2,21.7,,,,,,,,,,,,,,,2025,6,25,171,0,0,1,1
278,의성,2025-06-21,21.9,18.0,2246,25.5,637,6.4,1344.0,21.6,1325.0,,89.9,6.7,200,644,2.9,200,644,1.1,955,200,21.1,83,620,96.1,25.2,994.0,1005.7,1931,1001.4,1318,1003.3,14.6,0.0,,,,,,,,,10.0,5.4,22.8,17.6,,,,,,,,,,,,,,,2025,6,25,172,0,0,1,1
278,의성,2025-06-22,22.1,17.7,332,29.2,1639,0.3,1.0,1.0,1.0,,1.3,6.0,250,1553,3.1,270,1614,1.2,1050,270,17.9,48,1602,80.6,20.5,996.2,1007.3,827,1003.8,1636,1005.6,14.7,7.3,,,,,,,,,7.1,4.3,24.7,15.8,,,,,,,,,,,,,,,2025,6,25,173,0,0,1,1
278,의성,2025-06-23,23.7,16.5,425,31.8,1543,,,,,,,4.9,250,1255,2.6,290,1248,0.7,628,230,18.1,44,1545,74.4,20.7,997.4,1008.0,720,1004.4,1702,1006.7,14.7,11.2,,,,,,,,,1.1,0.1,28.4,13.6,,,,,,,,,,,,,,,2025,6,26,174,0,0,1,0
278,의성,2025-06-24,20.7,16.7,506,27.8,1058,0.9,1612.0,2.6,1611.0,,8.7,3.7,180,1151,1.9,160,1152,0.6,508,20,17.3,46,1300,83.9,19.8,998.9,1009.3,603,1007.3,1430,1008.3,14.6,0.6,,,,,,,,,9.1,4.4,23.3,14.0,,,,,,,,,,,,,,,2025,6,26,175,0,0,1,1
278,의성,2025-06-25,21.6,18.7,56,26.9,1555,0.4,1443.0,0.4,,,0.9,5.4,320,1650,3.2,270,1703,0.8,694,250,19.8,58,1728,90.8,23.2,997.1,1008.4,1,1005.5,1413,1006.4,14.6,2.7,,,,,,,,,8.4,6.6,23.4,18.3,,,,,,,,,,,,,,,2025,6,26,176,0,0,1,0
278,의성,2025-06-26,23.1,19.9,2357,28.2,1651,0.0,,0.0,,,0.0,6.7,290,1537,3.9,290,1659,1.2,1036,290,19.6,58,1546,82.5,22.8,998.3,1008.4,1037,1006.9,1537,1007.7,14.6,2.5,,,,,,,,,8.8,7.6,25.4,17.7,,,,,,,,,,,,,,,2025,6,26,177,0,0,1,0
278,의성,2025-06-27,25.0,18.6,445,31.7,1509,,,,,,,4.8,250,1449,2.8,250,1510,0.8,667,230,20.8,51,1716,80.3,24.6,998.2,1008.8,757,1005.7,1658,1007.5,14.6,9.1,,,,,,,,,4.8,3.6,29.0,16.0,,,,,,,,,,,,,,,2025,6,26,178,0,0,1,0
278,의성,2025-06-28,26.8,21.4,518,34.0,1552,0.0,,0.0,,,0.0,4.1,290,1746,2.0,290,1747,0.6,524,200,22.9,52,1250,81.5,28.0,997.4,1008.1,812,1004.2,1629,1006.5,14.6,2.9,,,,,,,,,6.6,3.9,30.8,19.7,,,,,,,,,,,,,,,2025,6,26,179,0,0,1,0
278,의성,2025-06-29,28.3,23.0,422,35.0,1506,,,,,,,4.5,270,1401,2.6,230,1401,0.8,732,230,23.6,42,1457,78.9,29.1,997.7,1008.1,739,1005.4,1541,1006.8,14.6,9.7,,,,,,,,,1.3,0.8,32.6,21.3,,,,,,,,,,,,,,,2025,6,26,180,0,0,1,0
278,의성,2025-06-30,29.4,24.0,535,35.1,1521,,,,,,,5.5,230,1326,2.9,230,1051,1.0,875,250,23.8,48,1433,74.9,29.5,1000.4,1010.6,808,1008.1,1,1009.5,14.6,11.3,,,,,,,,,3.0,1.6,36.0,22.0,,,,,,,,,,,,,,,2025,6,27,181,0,0,1,0
278,의성,2025-07-01,29.6,23.9,454,35.4,1533,,,,,,,6.5,230,1051,3.4,290,1210,1.2,1025,270,24.5,51,1628,77.1,30.8,1002.2,1012.8,752,1009.4,1816,1011.3,14.6,10.5,,,,,,,,,4.4,1.0,36.7,21.9,,,,,,,,,,,,,,,2025,7,27,182,0,0,1,0
278,의성,2025-07-02,29.5,24.1,520,35.7,1349,,,,,,,8.3,290,1406,4.4,270,1350,1.3,1137,290,23.8,47,1349,74.5,29.5,1002.1,1013.1,718,1009.1,1745,1011.2,14.6,10.7,,,,,,,,,2.6,1.4,36.7,21.7,,,,,,,,,,,,,,,2025,7,27,183,0,0,1,0
278,의성,2025-07-03,29.0,24.0,2346,35.1,1323,,,,,,,7.2,320,1502,3.9,320,1416,1.2,1057,320,22.8,44,1351,72.5,27.8,999.7,1010.9,49,1006.8,1714,1008.8,14.6,9.0,,,,,,,,,4.4,1.3,35.9,21.6,,,,,,,,,,,,,,,2025,7,27,184,0,0,1,0
278,의성,2025-07-04,27.7,22.2,504,33.7,1331,,,,,,,7.2,230,1123,4.1,250,1102,1.4,1196,320,21.5,44,1257,72.3,25.7,997.1,1008.3,1,1003.9,1859,1006.2,14.6,8.8,,,,,,,,,6.4,2.4,36.0,19.2,,,,,,,,,,,,,,,2025,7,27,185,0,0,1,0
278,의성,2025-07-05,28.1,22.4,458,34.4,1538,,,,,,,8.0,320,1206,4.0,250,1346,1.5,1299,250,22.3,47,1438,73.9,26.9,995.6,1006.7,716,1002.7,1646,1004.7,14.6,11.5,,,,,,,,,3.1,1.6,38.0,19.6,,,,,,,,,,,,,,,2025,7,27,186,0,0,1,0
278,의성,2025-07-06,28.3,21.8,511,34.2,1523,,,,,,,6.5,340,1023,3.6,290,1032,1.3,1151,290,23.0,52,1525,75.9,28.1,994.8,1005.5,658,1001.9,1731,1003.9,14.5,10.2,,,,,,,,,5.3,1.0,36.1,18.5,,,,,,,,,,,,,,,2025,7,27,187,0,0,1,0
278,의성,2025-07-07,29.8,23.7,503,38.3,1446,14.4,1719.0,42.4,1701.0,,42.4,7.4,360,1744,4.3,340,1748,0.9,779,20,24.9,43,1448,79.3,31.6,995.5,1007.0,2336,1002.2,1624,1004.5,14.5,9.0,,,,,,,,,2.9,1.1,39.1,21.0,,,,,,,,,,,,,,,2025,7,28,188,0,0,1,1
278,의성,2025-07-08,28.3,23.2,507,34.4,1512,,,,,,,6.1,160,1535,3.0,200,1542,1.0,891,200,23.4,54,1428,77.4,28.8,998.5,1009.6,2357,1006.3,1646,1007.7,14.5,9.8,,,,,,,,,1.9,1.1,31.5,22.1,,,,,,,,,,,,,,,2025,7,28,189,0,0,1,0
278,의성,2025-07-09,27.8,21.3,519,35.9,1426,,,,,,,7.1,160,1454,3.7,140,1512,1.2,1059,20,18.0,27,1551,61.0,20.8,1000.2,1011.4,2252,1007.4,1534,1009.4,14.5,13.3,,,,,,,,,1.1,0.0,32.4,18.4,,,,,,,,,,,,,,,2025,7,28,190,0,0,1,0
278,의성,2025-07-10,26.9,19.1,443,34.5,1347,,,,,,,9.0,50,1627,4.3,50,1640,1.6,1351,70,16.3,32,1241,55.3,18.5,1001.8,1012.9,2348,1009.2,1402,1011.0,14.5,10.2,,,,,,,,,3.4,2.3,32.4,17.2,,,,,,,,,,,,,,,2025,7,28,191,0,0,1,0
278,의성,2025-07-11,26.3,19.4,458,33.5,1404,,,,,,,8.1,110,1049,4.0,70,1226,1.5,1339,70,16.4,30,1432,58.5,18.7,1003.1,1013.8,2235,1010.8,1443,1012.3,14.5,13.3,,,,,,,,,0.5,0.0,33.7,16.7,,,,,,,,,,,,,,,2025,7,28,192,0,0,1,0
278,의성,2025-07-12,25.7,17.9,516,34.0,1624,,,,,,,5.7,140,1105,2.7,180,1106,1.0,854,200,18.0,37,1423,66.3,20.6,999.8,1013.6,3,1005.6,1800,1009.1,14.5,13.0,,,,,,,,,4.5,0.6,34.2,14.5,,,,,,,,,,,,,,,2025,7,28,193,0,0,1,0
278,의성,2025-07-13,24.4,18.1,502,33.8,1231,1.6,2106.0,7.7,2136.0,,24.6,7.7,270,1554,3.6,340,1601,0.8,693,250,19.0,35,1146,76.3,22.3,992.1,1006.8,45,997.4,2400,1001.3,14.4,5.6,,,,,,,,,7.8,3.8,29.9,15.8,,,,,,,,,,,,,,,2025,7,28,194,0,0,1,1
278,의성,2025-07-14,22.7,20.1,124,29.4,1333,2.6,1715.0,7.7,143.0,,27.2,8.2,50,1445,4.3,20,1448,1.0,903,200,20.6,58,1438,89.4,24.2,983.8,997.4,1,990.7,1629,993.0,14.4,3.7,,,,,,,,,7.8,5.4,26.2,19.7,,,,,,,,,,,,,,,2025,7,29,195,0,0,1,1
278,의성,2025-07-15,22.7,19.8,138,26.2,1418,0.4,1527.0,0.4,,,0.4,5.4,270,1506,3.2,250,1514,0.9,789,200,20.9,69,1430,90.4,24.7,986.2,1000.3,2320,991.9,54,995.4,14.4,0.0,,,,,,,,,8.4,7.6,25.7,18.5,,,,,,,,,,,,,,,2025,7,29,196,0,0,1,0
278,의성,2025-07-16,22.5,19.9,453,26.2,1105,1.0,1902.0,1.9,1816.0,,4.9,5.8,230,1228,3.0,230,1232,0.5,420,200,21.7,77,1056,96.1,26.0,993.8,1004.8,2317,1000.3,1,1003.1,14.4,0.0,,,,,,,,,9.3,6.5,24.4,19.2,,,,,,,,,,,,,,,2025,7,29,197,0,0,1,1
278,의성,2025-07-17,22.1,21.0,231,23.7,1041,9.9,1342.0,18.4,1318.0,,44.9,5.6,50,1124,2.6,50,1124,0.7,639,360,21.8,91,1215,98.8,26.1,996.7,1008.0,2114,1003.9,215,1006.0,14.4,0.0,,,,,,,,,9.8,7.8,22.9,20.6,,,,,,,,,,,,,,,2025,7,29,198,0,0,1,1
278,의성,2025-07-18,25.1,20.9,540,32.0,1604,13.2,1625.0,15.8,1548.0,,35.9,12.2,230,1617,4.9,200,1626,0.8,731,230,22.9,61,1601,89.5,28.0,997.4,1008.4,2358,1004.3,335,1006.6,14.4,4.6,,,,,,,,,9.0,4.5,27.8,20.0,,,,,,,,,,,,,,,2025,7,29,199,0,0,1,1
278,의성,2025-07-19,22.7,22.0,1225,24.7,1615,2.9,930.0,9.3,853.0,,37.4,4.7,230,936,2.3,230,913,0.7,592,230,22.4,85,1621,98.6,27.0,1001.1,1012.5,2318,1007.7,218,1010.4,14.3,0.4,,,,,,,,,9.9,6.6,23.6,21.4,,,,,,,,,,,,,,,2025,7,29,200,0,0,1,1
278,의성,2025-07-20,25.0,20.6,424,29.7,1523,,,,,,,3.1,360,1705,1.7,360,1633,0.5,443,20,23.3,72,1350,91.5,28.8,1003.3,1013.9,817,1011.0,1550,1012.6,14.3,0.0,,,,,,,,,7.8,2.1,26.6,19.3,,,,,,,,,,,,,,,2025,7,29,201,0,0,1,0
278,의성,2025-07-21,26.7,22.0,529,32.5,1355,0.0,,0.0,,,0.0,4.3,200,1224,2.8,200,1232,0.8,722,200,24.0,63,1356,86.9,29.9,1004.2,1014.5,911,1012.1,1650,1013.5,14.3,3.9,,,,,,,,,5.5,3.5,29.7,20.7,,,,,,,,,,,,,,,2025,7,30,202,0,0,1,0
278,의성,2025-07-22,28.5,23.2,511,34.7,1503,,,,,,,5.2,250,1046,2.8,230,1353,1.0,840,230,24.1,50,1621,80.1,30.0,1004.0,1015.0,754,1011.2,1712,1013.2,14.3,10.0,,,,,,,,,4.9,2.8,33.4,22.0,,,,,,,,,,,,,,,2025,7,30,203,0,0,1,0
278,의성,2025-07-23,28.6,23.4,452,35.3,1557,,,,,,,4.4,270,1413,2.5,230,1518,0.7,634,230,24.0,46,1605,79.1,29.9,1002.5,1013.9,715,1009.1,1757,1011.7,14.2,9.9,,,,,,,,,3.0,0.0,34.8,21.8,,,,,,,,,,,,,,,2025,7,30,204,0,0,1,0
278,의성,2025-07-24,28.5,23.2,2400,36.2,1533,,,,,,,4.6,200,1658,2.5,200,1704,0.8,713,200,23.1,45,1825,76.6,28.3,1000.6,1011.7,648,1007.4,1552,1009.7,14.2,11.9,,,,,,,,,1.3,0.1,35.3,20.7,,,,,,,,,,,,,,,2025,7,30,205,0,0,1,0
278,의성,2025-07-25,28.2,21.0,543,35.7,1344,,,,,,,4.7,200,1054,2.4,200,1522,0.9,820,180,22.4,45,1349,74.4,27.2,999.4,1010.2,657,1006.4,1711,1008.5,14.2,13.1,,,,,,,,,0.1,0.0,35.4,18.9,,,,,,,,,,,,,,,2025,7,30,206,0,0,1,0
278,의성,2025-07-26,28.3,21.6,545,35.2,1534,,,,,,,6.4,90,1458,2.7,110,1059,0.8,730,200,22.7,49,1446,74.9,27.6,998.2,1009.3,1,1005.3,1726,1007.4,14.2,12.7,,,,,,,,,1.6,0.0,35.4,19.5,,,,,,,,,,,,,,,2025,7,30,207,0,0,1,0
278,의성,2025-07-27,29.3,22.5,524,36.2,1558,,,,,,,4.4,180,1517,2.4,250,1150,0.9,780,230,22.9,46,1550,71.6,27.9,996.2,1007.6,4,1002.8,1756,1005.3,14.1,13.0,,,,,,,,,0.1,0.1,37.4,20.1,,,,,,,,,,,,,,,2025,7,30,208,0,0,1,0
278,의성,2025-07-28,29.7,21.8,530,36.9,1600,,,,,,,5.2,250,1452,2.7,250,1512,0.9,809,230,23.6,49,1504,72.9,29.2,993.3,1005.4,127,999.3,1722,1002.3,14.1,13.2,,,,,,,,,0.0,0.0,38.5,19.5,,,,,,,,,,,,,,,2025,7,31,209,0,0,1,0
278,의성,2025-07-29,29.8,23.6,2344,37.4,1508,,,,,,,5.1,250,1415,2.6,250,1351,1.0,877,230,22.8,38,1420,70.3,27.8,991.4,1002.3,712,998.0,1723,1000.5,14.1,13.0,,,,,,,,,0.0,0.0,38.6,19.6,,,,,,,,,,,,,,,2025,7,31,210,0,0,1,0
278,의성,2025-07-30,28.4,20.4,546,36.7,1455,,,,,,,5.9,160,1759,2.8,110,1439,0.9,789,140,21.4,36,1635,70.4,25.4,991.8,1002.5,2358,998.7,1522,1000.9,14.1,12.3,,,,,,,,,3.5,0.0,37.0,17.2,,,,,,,,,,,,,,,2025,7,31,211,0,0,1,0
278,의성,2025-07-31,28.2,22.8,534,36.1,1611,,,,,,,4.6,270,1352,2.2,200,1333,0.7,621,200,22.6,43,1604,74.6,27.4,993.4,1004.3,709,1000.4,1732,1002.5,14.0,6.6,,,,,,,,,6.5,0.5,33.6,19.6,,,,,,,,,,,,,,,2025,7,31,212,0,0,1,0
278,의성,2025-08-01,28.7,20.7,533,37.2,1428,,,,,,,5.3,230,1620,2.6,250,1609,0.9,767,50,20.5,34,1533,65.9,24.1,993.1,1003.8,724,999.9,1720,1002.1,14.0,12.7,,,,,,,,,1.1,0.0,37.5,17.8,,,,,,,,,,,,,,,2025,8,31,213,0,0,1,0
278,의성,2025-08-02,29.5,22.8,539,37.5,1514,,,,,,,5.2,230,1625,3.0,250,1313,0.9,778,270,23.7,41,1523,74.0,29.3,992.4,1003.0,618,999.3,1657,1001.5,14.0,9.7,,,,,,,,,5.0,0.9,37.1,20.6,,,,,,,,,,,,,,,2025,8,31,214,0,0,1,0
278,의성,2025-08-03,28.2,22.8,2339,32.8,1402,1.2,2233.0,4.4,2159.0,,10.5,4.2,250,1246,2.2,250,1318,0.8,653,230,25.0,66,1422,84.6,31.8,991.8,1002.2,26,999.3,1825,1000.9,13.9,0.1,,,,,,,,,9.9,5.4,33.8,22.7,,,,,,,,,,,,,,,2025,8,31,215,0,0,1,1
278,의성,2025-08-04,28.5,23.0,1,33.2,1223,3.7,223.0,16.4,144.0,,35.5,6.0,180,208,3.4,180,1420,1.2,1039,180,25.7,65,1224,86.1,33.0,990.7,1003.2,2319,997.7,324,999.8,13.9,4.5,,,,,,,,,8.4,6.4,30.7,23.0,,,,,,,,,,,,,,,2025,8,32,216,0,0,1,1
278,의성,2025-08-05,29.7,26.3,538,34.9,1512,1.3,16.0,2.3,5.0,,4.1,5.9,320,1654,3.3,320,1657,1.1,977,250,25.2,53,1512,79.4,32.1,994.4,1004.7,2326,1001.8,1728,1003.5,13.9,7.0,,,,,,,,,6.5,5.0,32.2,25.8,,,,,,,,,,,,,,,2025,8,32,217,0,0,1,1
278,의성,2025-08-06,27.9,25.5,510,32.1,1218,0.8,1919.0,1.4,1916.0,,1.7,5.9,250,1231,3.0,250,1215,1.0,875,230,25.8,66,1204,89.8,33.2,992.1,1004.5,1,999.0,1716,1001.3,13.8,1.7,,,,,,,,,8.3,4.8,30.1,25.0,,,,,,,,,,,,,,,2025,8,32,218,0,0,1,1
278,의성,2025-08-07,27.3,23.5,603,32.4,1544,0.0,,0.0,,,0.0,6.6,270,950,3.7,270,958,1.1,967,230,23.4,57,1520,81.8,28.8,992.2,1003.3,2212,1000.0,1601,1001.3,13.8,5.9,,,,,,,,,5.5,1.3,29.3,21.6,,,,,,,,,,,,,,,2025,8,32,219,0,0,1,0
278,의성,2025-08-08,26.2,21.7,609,32.2,1425,,,,,,,5.2,270,1439,2.9,250,1502,0.8,713,270,21.9,51,1521,79.9,26.3,994.5,1005.4,2304,1002.3,1432,1003.7,13.8,8.3,,,,,,,,,6.6,1.5,31.6,20.4,,,,,,,,,,,,,,,2025,8,32,220,0,0,1,0
278,의성,2025-08-09,24.3,22.3,2340,26.6,1334,0.2,,0.6,1808.0,,1.9,3.7,160,2121,1.9,160,2129,0.5,436,230,23.4,80,1303,95.8,28.9,994.3,1005.1,1,1001.7,1756,1003.6,13.8,0.0,,,,,,,,,10.0,6.3,26.3,21.9,,,,,,,,,,,,,,,2025,8,32,221,0,0,1,1
278,의성,2025-08-10,25.4,21.4,214,32.3,1451,0.5,447.0,1.0,408.0,,1.0,4.1,70,1442,2.1,180,1635,0.8,672,160,21.4,51,1459,81.0,25.5,992.2,1004.1,2359,999.4,1512,1001.4,13.7,6.2,,,,,,,,,5.0,3.5,29.8,20.1,,,,,,,,,,,,,,,2025,8,32,222,0,0,1,1
278,의성,2025-08-11,23.9,20.1,607,30.2,1413,1.2,1720.0,2.3,1654.0,,3.2,3.7,180,1700,1.8,180,1703,0.7,568,140,20.9,54,1229,85.4,24.8,995.9,1006.5,2350,1003.8,1404,1005.1,13.7,1.9,,,,,,,,,8.8,5.6,28.3,18.0,,,,,,,,,,,,,,,2025,8,33,223,0,0,1,1
278,의성,2025-08-12,23.5,20.1,526,26.4,1620,0.8,1803.0,0.8,1758.0,,1.2,3.5,140,1605,1.9,140,1643,0.6,491,160,21.8,71,1043,91.4,26.2,1001.3,1013.1,2358,1006.6,1,1010.6,13.7,0.7,,,,,,,,,9.6,6.9,26.2,19.0,,,,,,,,,,,,,,,2025,8,33,224,0,0,1,1
278,의성,2025-08-13,26.7,23.2,556,32.9,1446,0.0,,0.0,,,0.0,7.4,320,1616,3.6,320,1621,0.8,717,360,24.3,59,1412,88.9,30.5,1003.7,1014.1,809,1011.0,1603,1012.9,13.6,3.4,,,,,,,,,8.0,4.4,29.3,22.8,,,,,,,,,,,,,,,2025,8,33,225,0,0,1,0
278,의성,2025-08-14,28.0,22.7,537,35.0,1433,,,,,,,6.9,230,1416,3.6,230,1251,1.2,1066,250,23.3,48,1522,78.9,28.7,1004.8,1015.0,638,1012.6,1512,1014.1,13.6,9.8,,,,,,,,,4.3,0.5,33.0,20.9,,,,,,,,,,,,,,,2025,8,33,226,0,0,1,0
278,의성,2025-08-15,27.9,22.9,541,34.1,1626,0.0,,0.0,,,0.0,6.0,320,1402,3.3,320,1408,0.9,814,320,23.7,52,1247,80.4,29.3,1004.8,1015.7,726,1012.3,1838,1014.0,13.6,8.1,,,,,,,,,2.9,1.8,34.1,21.5,,,,,,,,,,,,,,,2025,8,33,227,0,0,1,0
278,의성,2025-08-16,27.8,22.6,536,34.5,1435,,,,,,,5.9,250,1444,3.4,270,1449,1.1,916,250,22.5,43,1640,76.6,27.3,1003.4,1014.0,742,1010.7,1739,1012.6,13.5,10.1,,,,,,,,,1.3,0.3,34.3,20.1,,,,,,,,,,,,,,,2025,8,33,228,0,0,1,0
278,의성,2025-08-17,27.0,20.4,559,33.9,1556,,,,,,,5.7,230,1536,3.4,270,1428,1.1,951,250,21.6,48,1445,75.8,25.8,1004.5,1014.9,931,1012.2,115,1013.7,13.5,10.9,,,,,,,,,3.8,1.0,33.5,17.2,,,,,,,,,,,,,,,2025,8,33,229,0,0,1,0
278,의성,2025-08-18,27.5,22.2,529,34.6,1516,,,,,,,6.6,250,1349,3.3,320,1447,0.9,760,320,22.3,46,1644,76.5,27.0,1004.2,1015.6,651,1011.1,1725,1013.4,13.5,5.0,,,,,,,,,6.8,6.5,32.2,19.7,,,,,,,,,,,,,,,2025,8,34,230,0,0,1,0
278,의성,2025-08-19,28.9,23.3,536,35.5,1454,,,,,,,7.0,290,1235,3.7,250,1110,1.4,1201,250,23.1,45,1535,74.1,28.2,1001.5,1012.7,18,1008.2,1723,1010.7,13.4,8.7,,,,,,,,,4.5,2.1,35.9,21.3,,,,,,,,,,,,,,,2025,8,34,231,0,0,1,0
278,의성,2025-08-20,29.3,23.8,611,35.6,1445,,,,,,,6.0,250,1315,3.3,270,1356,1.1,980,270,23.3,43,1502,73.0,28.6,1000.0,1011.1,625,1006.7,1650,1009.1,13.4,9.4,,,,,,,,,3.4,2.1,37.9,21.9,,,,,,,,,,,,,,,2025,8,34,232,0,0,1,0
278,의성,2025-08-21,29.4,23.8,520,36.0,1454,,,,,,,5.9,320,1416,3.2,270,1417,1.0,863,290,22.8,41,1441,71.5,27.7,1000.0,1010.9,652,1007.1,1838,1009.2,13.4,10.3,,,,,,,,,2.5,0.6,37.7,21.0,,,,,,,,,,,,,,,2025,8,34,233,0,0,1,0
278,의성,2025-08-22,29.0,23.2,513,36.1,1423,,,,,,,5.9,250,1433,3.6,250,1241,1.1,916,20,22.9,42,1726,73.0,27.9,998.8,1009.8,658,1005.6,1642,1008.0,13.3,9.8,,,,,,,,,3.0,0.0,36.4,20.7,,,,,,,,,,,,,,,2025,8,34,234,0,0,1,0
278,의성,2025-08-23,29.2,22.0,527,36.0,1446,,,,,,,5.5,230,1252,3.3,270,1638,1.1,961,270,23.3,46,1438,73.9,28.6,1000.1,1010.7,737,1007.6,1503,1009.3,13.3,11.0,,,,,,,,,0.3,0.0,36.9,18.4,,,,,,,,,,,,,,,2025,8,34,235,0,0,1,0
278,의성,2025-08-24,30.1,23.9,604,37.4,1526,,,,,,,5.6,270,1526,2.8,290,1507,0.9,798,270,23.8,43,1526,72.8,29.5,1001.2,1012.1,742,1008.2,1701,1010.3,13.3,10.8,,,,,,,,,1.1,0.0,37.4,21.6,,,,,,,,,,,,,,,2025,8,34,236,0,0,1,0
278,의성,2025-08-25,29.7,23.9,545,36.8,1443,0.2,,0.2,,,0.2,6.5,270,1628,3.6,250,1631,1.1,957,250,24.3,42,1443,76.5,30.4,1000.1,1011.6,734,1006.6,1623,1009.2,13.2,8.3,,,,,,,,,1.9,1.0,36.9,21.7,,,,,,,,,,,,,,,2025,8,35,237,0,0,1,0
278,의성,2025-08-26,27.1,23.4,2354,32.5,1127,0.0,,0.0,,,0.0,9.5,230,818,5.2,250,827,1.3,1090,270,23.7,57,1128,83.4,29.3,999.0,1009.8,2349,1006.9,1421,1008.2,13.2,3.0,,,,,,,,,6.8,3.9,30.1,20.3,,,,,,,,,,,,,,,2025,8,35,238,0,0,1,0
278,의성,2025-08-27,27.5,21.6,441,35.0,1534,,,,,,,5.6,110,1930,2.7,290,1526,1.0,843,140,21.0,37,1509,71.3,25.0,1001.4,1013.4,2232,1008.6,1445,1010.7,13.1,6.9,,,,,,,,,4.9,2.5,33.3,18.0,,,,,,,,,,,,,,,2025,8,35,239,0,0,1,0
278,의성,2025-08-28,27.7,21.6,537,34.4,1533,,,,,,,5.7,90,1042,3.3,270,1542,0.9,797,270,21.2,43,1533,70.0,25.2,1003.0,1014.1,707,1010.3,1514,1012.2,13.1,4.5,,,,,,,,,7.6,3.3,33.4,19.4,,,,,,,,,,,,,,,2025,8,35,240,0,0,1,0
278,의성,2025-08-29,28.6,22.4,613,35.7,1438,,,,,,,8.5,320,1352,4.1,250,1310,1.2,1064,270,22.5,44,1441,73.3,27.3,1003.7,1014.4,2359,1011.1,1520,1012.8,13.1,8.3,,,,,,,,,3.8,1.1,35.1,19.4,,,,,,,,,,,,,,,2025,8,35,241,0,0,1,0
278,의성,2025-08-30,28.7,21.8,553,36.4,1519,,,,,,,5.8,250,1531,3.0,270,1418,0.9,756,270,21.8,39,1539,70.3,26.1,1003.8,1015.4,642,1010.6,1723,1012.9,13.0,9.2,,,,,,,,,1.6,0.1,34.8,18.7,,,,,,,,,,,,,,,2025,8,35,242,0,0,1,0
278,의성,2025-08-31,26.9,22.3,459,35.3,1311,0.0,,0.0,,,0.0,8.5,250,1307,4.7,290,1401,1.1,912,290,22.7,39,1308,80.0,27.6,1000.6,1012.5,1,1008.0,2027,1009.9,13.0,4.8,,,,,,,,,6.4,0.8,31.8,19.8,,,,,,,,,,,,,,,2025,8,35,243,0,0,1,0
278,의성,2025-09-01,27.8,24.2,621,33.8,1419,0.1,,0.1,,,0.1,7.9,250,1403,4.2,230,1305,1.4,1198,200,23.5,51,1300,79.9,29.0,997.1,1008.2,21,1003.9,1540,1006.2,13.0,4.0,,,,,,,,,7.4,3.0,32.4,22.2,,,,,,,,,,,,,,,2025,9,36,244,0,0,1,0
278,의성,2025-09-02,25.5,19.6,2351,31.0,1248,0.5,812.0,1.1,803.0,,1.2,6.3,270,1213,3.1,270,1254,0.9,781,270,21.6,44,1701,81.9,26.0,999.4,1011.7,2316,1006.2,330,1008.7,12.9,2.7,,,,,,,,,6.0,4.1,28.0,15.7,,,,,,,,,,,,,,,2025,9,36,245,0,0,1,1
278,의성,2025-09-03,25.5,18.6,549,33.2,1219,0.0,,0.0,,,0.0,5.3,250,1211,2.7,90,1453,0.9,785,70,20.3,52,1219,75.5,23.8,1001.7,1012.4,711,1008.7,1543,1011.0,12.9,5.5,,,,,,,,,4.9,3.1,29.0,15.5,,,,,,,,,,,,,,,2025,9,36,246,0,0,1,0
278,의성,2025-09-04,26.3,21.1,531,33.1,1319,0.5,1422.0,0.6,,,0.6,6.5,70,1544,3.4,90,1553,1.2,1005,50,21.6,51,1309,76.8,25.8,1000.0,1011.9,1,1006.7,1515,1009.3,12.8,4.0,,,,,,,,,7.5,4.5,29.1,18.3,,,,,,,,,,,,,,,2025,9,36,247,0,0,1,0
278,의성,2025-09-05,28.2,22.2,605,34.9,1442,,,,,,,7.3,250,1651,3.2,230,1658,1.1,915,200,20.6,44,1610,65.9,24.3,1000.4,1011.2,2127,1007.6,1541,1009.6,12.8,8.2,,,,,,,,,5.9,4.8,34.8,19.8,,,,,,,,,,,,,,,2025,9,36,248,0,0,1,0
278,의성,2025-09-06,27.3,23.4,601,34.4,1349,0.8,1438.0,0.8,,,0.8,9.5,270,1435,4.1,250,1441,1.2,1055,250,22.3,50,1234,75.9,27.1,998.9,1011.0,6,1005.9,1653,1008.0,12.8,6.4,,,,,,,,,5.6,4.0,30.2,22.0,,,,,,,,,,,,,,,2025,9,36,249,0,0,1,0
278,의성,2025-09-07,25.7,22.2,2350,29.7,1628,0.6,449.0,2.6,415.0,,9.0,4.7,250,1622,2.7,250,1616,0.9,746,230,23.8,70,1630,90.0,29.4,998.0,1009.5,2347,1005.4,105,1007.2,12.7,0.6,,,,,,,,,9.1,4.0,27.8,19.8,,,,,,,,,,,,,,,2025,9,36,250,0,0,1,1
278,의성,2025-09-08,22.9,19.7,2210,26.8,1116,0.3,2031.0,0.4,1959.0,,0.4,3.3,320,1119,1.9,270,1302,0.8,678,270,19.4,54,1502,82.9,22.6,1001.0,1011.9,2238,1009.2,129,1010.4,12.7,1.1,,,,,,,,,8.3,7.9,26.1,19.1,,,,,,,,,,,,,,,2025,9,37,251,0,0,1,0
278,의성,2025-09-09,19.9,18.7,755,21.2,1212,1.1,1256.0,3.0,1248.0,,11.3,3.9,110,913,1.9,160,913,0.7,588,200,19.0,83,232,95.0,21.9,1003.3,1014.4,1022,1010.9,47,1012.8,12.7,0.0,,,,,,,,,10.0,6.1,22.3,18.3,,,,,,,,,,,,,,,2025,9,37,252,0,0,1,1
278,의성,2025-09-10,22.7,18.3,2351,29.6,1517,1.5,259.0,4.7,209.0,,13.7,5.8,90,1128,2.8,90,1434,1.0,896,20,19.2,50,1653,83.4,22.3,1003.1,1014.5,2321,1010.6,1519,1012.4,12.6,2.8,,,,,,,,,6.1,5.0,24.8,14.7,,,,,,,,,,,,,,,2025,9,37,253,0,0,1,1
278,의성,2025-09-11,22.7,15.8,538,31.0,1344,,,,,,,8.0,50,1317,3.7,70,1321,1.2,1054,70,17.2,44,1517,75.5,19.7,1006.3,1017.5,857,1013.9,1513,1015.8,12.6,7.8,,,,,,,,,3.6,2.0,24.3,12.5,,,,,,,,,,,,,,,2025,9,37,254,0,0,1,0
278,의성,2025-09-12,22.0,18.3,140,27.2,1414,1.3,1652.0,3.7,1634.0,,7.7,5.8,90,1428,2.9,70,1436,0.8,655,50,20.0,66,1415,90.0,23.5,1003.9,1016.7,9,1009.0,2359,1013.3,12.5,0.1,,,,,,,,,9.6,5.6,23.7,15.9,,,,,,,,,,,,,,,2025,9,37,255,0,0,1,1
278,의성,2025-09-13,23.8,20.7,2340,29.4,1604,3.1,703.0,7.2,658.0,,21.3,4.5,250,1002,2.5,250,1004,0.8,727,180,22.9,73,1555,95.5,28.0,996.9,1009.8,2310,1003.6,924,1006.2,12.5,1.1,,,,,,,,,8.5,5.6,25.0,20.5,,,,,,,,,,,,,,,2025,9,37,256,0,0,1,1
278,의성,2025-09-14,23.2,20.4,618,28.1,1635,0.5,102.0,1.2,38.0,,1.2,4.4,230,1317,2.5,250,1438,0.7,594,250,20.9,63,1412,88.4,24.7,1002.0,1013.2,2311,1009.5,4,1011.4,12.5,1.7,,,,,,,,,8.9,7.6,25.9,19.5,,,,,,,,,,,,,,,2025,9,37,257,0,0,1,1
278,의성,2025-09-15,24.5,20.4,625,31.1,1448,,,,,,,3.0,250,1335,1.7,200,1352,0.5,443,200,21.3,43,1442,85.5,25.4,1005.3,1016.4,848,1012.6,1628,1014.6,12.4,4.0,,,,,,,,,8.6,6.0,26.7,18.5,,,,,,,,,,,,,,,2025,9,38,258,0,0,1,0
278,의성,2025-09-16,26.2,21.9,506,33.0,1452,,,,,,,6.0,360,1642,3.2,250,1523,0.9,746,180,23.4,55,1516,86.8,28.7,1002.5,1015.1,22,1008.5,1536,1011.7,12.4,5.8,,,,,,,,,5.9,3.3,28.4,20.7,,,,,,,,,,,,,,,2025,9,38,259,0,0,1,0
278,의성,2025-09-17,24.4,22.2,403,31.1,1202,2.3,1421.0,4.0,1358.0,,4.4,10.1,320,1411,5.3,320,1419,0.9,752,230,22.6,62,1216,91.3,27.5,1000.2,1011.2,705,1007.4,1714,1009.5,12.4,3.3,,,,,,,,,7.3,4.8,25.9,20.4,,,,,,,,,,,,,,,2025,9,38,260,0,0,1,1
278,의성,2025-09-18,20.6,16.4,2318,23.5,1423,0.2,,0.2,,,0.2,8.0,50,948,3.4,70,1006,1.2,1006,70,17.5,60,1606,83.6,20.1,1006.2,1019.3,2237,1010.0,39,1015.6,12.3,0.0,,,,,,,,,8.9,5.9,23.2,14.5,,,,,,,,,,,,,,,2025,9,38,261,0,0,1,0
278,의성,2025-09-19,20.4,16.2,16,23.8,1351,0.0,,0.0,,,0.0,4.0,90,1601,2.2,90,1608,0.6,545,90,16.1,55,1408,78.1,18.3,1007.1,1020.0,757,1011.7,2400,1016.6,12.3,0.1,,,,,,,,,9.8,6.3,22.5,14.9,,,,,,,,,,,,,,,2025,9,38,262,0,0,1,0
278,의성,2025-09-20,20.4,17.5,2304,25.2,1513,12.1,754.0,21.9,708.0,,34.1,8.6,320,1213,4.0,320,758,1.1,930,320,18.4,64,1538,90.1,21.2,998.9,1012.5,2355,1004.8,745,1008.3,12.3,1.7,,,,,,,,,8.3,6.8,21.9,14.3,,,,,,,,,,,,,,,2025,9,38,263,0,0,1,1
278,의성,2025-09-21,20.5,15.4,2351,26.5,1410,,,,,,,7.5,90,1447,4.4,90,942,1.4,1209,70,15.3,49,1432,75.6,17.5,1007.4,1021.3,2351,1012.5,1,1016.9,12.2,8.0,,,,,,,,,5.9,3.4,22.6,12.0,,,,,,,,,,,,,,,2025,9,38,264,0,0,1,0
278,의성,2025-09-22,19.3,15.0,348,25.4,1251,,,,,,,7.4,140,1537,3.5,110,1543,0.9,757,110,14.7,44,1409,78.0,16.7,1011.3,1021.9,812,1019.2,1617,1020.9,12.2,0.6,,,,,,,,,9.5,5.4,20.8,12.3,,,,,,,,,,,,,,,2025,9,39,265,0,0,1,0
278,의성,2025-09-23,20.2,16.1,52,27.2,1320,0.0,,0.0,,,0.0,5.8,70,1712,3.1,110,1304,0.9,776,110,15.5,45,1552,77.3,17.6,1009.7,1021.3,1,1017.2,1553,1019.3,12.1,4.4,,,,,,,,,7.4,5.0,22.0,14.0,,,,,,,,,,,,,,,2025,9,39,266,0,0,1,0
278,의성,2025-09-24,22.6,16.9,7,27.9,1455,,,,,,,3.7,230,1455,1.9,320,1842,0.5,448,250,20.0,69,1344,86.6,23.7,1005.0,1018.5,7,1011.7,1621,1014.5,12.1,0.8,,,,,,,,,9.3,5.8,24.5,14.7,,,,,,,,,,,,,,,2025,9,39,267,0,0,1,0
278,의성,2025-09-25,23.1,21.2,2353,26.5,1536,6.7,546.0,13.1,534.0,,21.9,3.8,290,1335,2.0,250,1357,0.6,476,200,22.3,75,1336,96.3,27.0,1007.2,1018.2,944,1014.2,12,1016.6,12.1,0.4,,,,,,,,,8.9,6.4,24.2,17.7,,,,,,,,,,,,,,,2025,9,39,268,0,0,1,1
278,의성,2025-09-26,20.7,17.0,2225,26.8,1353,,,,,,,3.7,250,1356,2.1,270,1401,0.6,533,250,18.1,49,1557,87.8,20.8,1008.9,1020.2,853,1016.7,1757,1018.4,12.0,5.2,,,,,,,,,7.3,3.8,23.0,14.0,,,,,,,,,,,,,,,2025,9,39,269,0,0,1,0
278,의성,2025-09-27,21.6,16.2,636,28.9,1357,,,,,,,4.7,250,1303,2.3,230,1251,0.7,581,230,17.3,47,1401,80.1,19.8,1007.8,1019.6,15,1015.3,2352,1017.3,12.0,6.3,,,,,,,,,6.4,4.1,23.9,12.6,,,,,,,,,,,,,,,2025,9,39,270,0,0,1,0
278,의성,2025-09-28,20.1,18.0,238,22.1,1122,0.8,1311.0,2.4,1236.0,,6.1,3.6,230,1253,1.6,270,1015,0.4,345,230,19.6,83,1005,97.6,22.9,1000.8,1015.5,2,1007.0,1602,1010.3,11.9,0.0,,,,,,,,,9.1,6.4,21.8,16.3,,,,,,,,,,,,,,,2025,9,39,271,0,0,1,1
278,의성,2025-09-29,20.2,15.8,2336,26.1,1440,,,,,,,4.2,270,1433,2.4,250,1653,0.7,590,50,16.7,46,1623,83.1,19.1,1002.3,1013.6,2333,1009.9,120,1011.8,11.9,6.8,,,,,,,,,6.0,3.3,22.9,12.9,,,,,,,,,,,,,,,2025,9,40,272,0,0,1,0
278,의성,2025-09-30,18.8,13.7,503,26.1,1446,,,,,,,4.4,250,1538,2.6,250,1541,0.6,523,270,15.8,51,1531,84.9,17.9,1002.8,1014.6,747,1009.9,1737,1012.3,11.9,6.5,,,,,,,,,5.5,1.8,21.7,10.7,,,,,,,,,,,,,,,2025,9,40,273,0,0,1,0
278,의성,2025-10-01,18.9,15.2,2333,27.4,1515,,,,,,,6.0,250,1417,2.7,290,1423,0.7,637,70,15.4,43,1506,83.9,17.6,1003.8,1015.7,2323,1011.1,1452,1013.3,11.8,6.8,,,,,,,,,4.1,2.5,21.9,12.5,,,,,,,,,,,,,,,2025,10,40,274,0,0,1,0
278,의성,2025-10-02,19.7,14.7,114,27.0,1422,,,,,,,3.4,230,1545,2.2,250,1545,0.5,459,180,16.5,52,1347,84.0,18.8,1007.7,1019.2,2327,1015.2,12,1017.3,11.8,3.9,,,,,,,,,9.3,2.9,21.9,11.9,,,,,,,,,,,,,,,2025,10,40,275,0,0,1,0
278,의성,2025-10-03,18.9,17.8,416,21.8,1404,0.7,830.0,2.0,810.0,,8.1,4.7,90,1409,2.6,90,1442,0.6,481,20,17.8,70,1502,94.0,20.4,1007.2,1019.3,853,1014.2,2400,1016.7,11.7,0.0,,,,,,,,,8.8,5.9,20.9,16.9,,,,,,,,,,,,,,,2025,10,40,276,0,0,1,1
278,의성,2025-10-04,20.3,18.4,1,22.7,1235,1.0,1729.0,2.7,1718.0,,4.7,2.6,180,1804,1.4,180,1811,0.4,328,50,20.0,86,1211,98.6,23.4,1003.9,1014.6,2230,1012.2,1425,1013.3,11.7,0.0,,,,,,,,,9.5,8.8,22.3,18.2,,,,,,,,,,,,,,,2025,10,40,277,0,0,1,1
278,의성,2025-10-05,21.6,18.8,610,26.0,1217,0.5,2337.0,0.5,,,0.8,4.9,360,1413,3.3,360,1423,0.6,477,230,20.1,68,1215,92.6,23.6,1004.3,1015.3,956,1011.9,1552,1013.7,11.7,0.8,,,,,,,,,9.1,7.0,23.3,17.0,,,,,,,,,,,,,,,2025,10,40,278,0,0,1,0
278,의성,2025-10-06,20.0,17.9,2216,22.6,1321,0.7,2119.0,1.9,2118.0,,6.3,5.8,50,949,2.1,50,950,0.8,679,50,18.9,74,1307,94.1,21.9,1006.3,1017.0,1004,1014.1,1,1015.8,11.6,0.0,,,,,,,,,9.9,8.3,21.8,17.8,,,,,,,,,,,,,,,2025,10,41,279,0,0,1,1
278,의성,2025-10-07,19.6,17.8,228,21.4,1506,0.9,358.0,2.9,116.0,,11.8,2.5,340,1312,1.5,340,1636,0.5,456,20,19.5,95,1543,100.0,22.8,1005.5,1016.4,17,1013.2,1601,1015.0,11.6,0.0,,,,,,,,,9.4,6.8,21.0,17.7,,,,,,,,,,,,,,,2025,10,41,280,0,0,1,1
278,의성,2025-10-08,21.0,18.6,2241,25.4,1347,0.1,,0.1,,,0.1,5.1,90,1655,2.5,90,1656,0.6,487,90,19.3,66,1648,90.8,22.3,1006.5,1018.0,2249,1014.5,1613,1015.9,11.6,0.9,,,,,,,,,8.8,7.6,22.3,16.2,,,,,,,,,,,,,,,2025,10,41,281,0,0,1,0
278,의성,2025-10-09,19.2,16.3,2157,22.9,1411,0.1,,0.1,,,0.1,7.7,50,1302,3.8,70,1140,1.1,1009,70,16.0,60,1333,83.6,18.3,1010.1,1020.8,2131,1017.6,316,1019.7,11.5,0.8,,,,,,,,,8.5,7.8,20.6,14.4,,,,,,,,,,,,,,,2025,10,41,282,0,0,1,0
278,의성,2025-10-10,20.0,16.9,1,24.9,1437,0.0,,0.0,,,0.0,3.2,160,1654,1.4,230,1500,0.5,424,20,16.7,59,1439,82.4,19.0,1008.4,1020.4,1,1015.8,1646,1017.9,11.5,0.9,,,,,,,,,9.3,7.0,22.3,16.4,,,,,,,,,,,,,,,2025,10,41,283,0,0,1,0
278,의성,2025-10-11,21.5,17.8,548,28.1,1454,0.1,,0.1,,,0.1,5.5,320,1347,3.1,340,1350,0.7,574,340,18.6,55,1459,85.6,21.4,1002.9,1016.8,1,1009.6,1505,1012.3,11.4,9.5,,,,,,,,,1.6,1.4,24.9,15.8,,,,,,,,,,,,,,,2025,10,41,284,0,0,1,0
278,의성,2025-10-12,18.6,17.7,1851,20.7,1028,1.0,1348.0,2.1,1324.0,,5.4,3.7,50,1440,1.9,50,1441,0.4,335,50,18.4,91,948,98.9,21.1,1003.5,1015.5,2117,1009.8,226,1013.0,11.4,0.0,,,,,,,,,9.3,8.6,20.3,16.4,,,,,,,,,,,,,,,2025,10,41,285,0,0,1,1
278,의성,2025-10-13,17.3,16.2,2301,18.1,1045,0.9,1432.0,3.1,1421.0,,13.8,3.6,90,1506,2.0,360,1413,0.6,483,20,17.2,96,1523,99.9,19.6,1005.4,1016.2,1050,1014.3,1502,1015.0,11.4,0.0,,,,,,,,,9.4,7.8,18.6,15.9,,,,,,,,,,,,,,,2025,10,42,286,0,0,1,1
278,의성,2025-10-14,17.9,15.5,200,20.9,1609,4.6,228.0,11.0,140.0,,31.9,3.7,50,1900,1.8,50,609,0.8,664,50,16.9,80,1607,94.6,19.2,1007.3,1020.5,2228,1013.8,353,1016.9,11.3,0.0,,,,,,,,,9.6,8.5,19.7,15.1,,,,,,,,,,,,,,,2025,10,42,287,0,0,1,1
278,의성,2025-10-15,19.0,14.3,513,24.0,1355,0.1,,0.1,,,0.1,7.0,90,1259,3.8,70,1239,0.7,584,90,16.4,58,1510,86.6,18.7,1009.4,1021.9,834,1015.5,2333,1019.0,11.3,3.4,,,,,,,,,7.5,6.6,22.8,10.9,,,,,,,,,,,,,,,2025,10,42,288,0,0,1,0
278,의성,2025-10-16,19.2,15.3,2351,23.7,1347,2.1,238.0,7.5,229.0,,22.7,7.4,340,231,3.8,340,239,0.9,759,70,17.5,66,1513,91.4,20.1,1008.4,1023.3,2251,1013.4,457,1017.9,11.3,0.3,,,,,,,,,7.8,7.1,21.8,11.9,,,,,,,,,,,,,,,2025,10,42,289,0,0,1,1
278,의성,2025-10-17,18.9,13.6,558,24.8,1213,0.4,2300.0,0.7,2250.0,,0.9,4.2,110,1535,2.1,140,1106,0.7,567,160,15.6,56,1357,83.3,17.7,1011.1,1024.7,833,1015.5,2350,1020.7,11.2,4.5,,,,,,,,,6.6,5.3,21.6,10.0,,,,,,,,,,,,,,,2025,10,42,290,0,0,1,0
278,의성,2025-10-18,17.6,15.6,2315,20.3,1412,0.9,1501.0,1.9,748.0,,6.7,3.8,50,1859,1.6,70,1908,0.4,366,20,17.4,83,1947,99.3,19.9,1008.5,1023.0,2331,1013.8,407,1018.2,11.2,0.0,,,,,,,,,10.0,8.5,19.0,15.0,,,,,,,,,,,,,,,2025,10,42,291,0,0,1,1
278,의성,2025-10-19,16.8,13.2,2353,21.5,1404,,,,,,,3.8,200,1236,2.2,250,1414,0.6,537,20,14.3,60,1409,87.4,16.4,1012.5,1024.5,823,1020.0,1428,1022.2,11.1,2.1,,,,,,,,,8.3,4.0,18.8,9.6,,,,,,,,,,,,,,,2025,10,42,292,0,0,1,0
278,의성,2025-10-20,13.4,10.4,513,19.6,1424,,,,,,,7.3,50,1321,4.1,70,1327,0.9,811,70,10.3,54,1406,83.3,12.5,1015.6,1027.3,2159,1022.2,20,1025.5,11.1,4.0,,,,,,,,,7.5,6.4,16.1,7.5,,,,,,,,,,,,,,,2025,10,43,293,0,0,1,0
278,의성,2025-10-21,13.8,9.8,620,17.9,1430,,,,,,,4.9,50,1247,2.0,320,1211,0.5,462,340,11.2,63,1428,85.4,13.3,1017.1,1028.5,809,1025.1,1423,1027.0,11.1,0.4,,,,,,,,,8.3,6.5,15.8,7.6,,,,,,,,,,,,,,,2025,10,43,294,0,0,1,0
278,의성,2025-10-22,14.8,10.5,706,18.2,1126,0.1,,0.1,,,0.2,6.1,90,1130,3.1,70,1256,0.8,721,70,11.5,65,1127,81.8,13.6,1017.5,1028.4,2204,1026.1,1356,1027.3,11.0,0.1,,,,,,,,,7.1,7.1,16.0,8.1,,,,,,,,,,,,,,,2025,10,43,295,0,0,1,0
278,의성,2025-10-23,13.6,10.0,2358,17.4,1036,2.9,1305.0,4.7,1235.0,,6.2,4.8,50,1501,2.5,90,1453,0.7,568,50,12.6,73,1038,94.1,14.6,1017.1,1027.9,801,1025.4,1507,1026.9,11.0,1.9,,,,,,,,,5.4,5.0,16.7,6.7,,,,,,,,,,,,,,,2025,10,43,296,0,0,1,1
278,의성,2025-10-24,13.1,9.6,451,18.2,1433,0.0,,0.0,,,0.0,5.1,50,1632,3.0,70,1646,0.7,642,90,11.7,68,1435,92.5,13.8,1015.7,1028.1,903,1023.9,1446,1025.5,11.0,1.8,,,,,,,,,7.9,7.3,15.4,8.1,,,,,,,,,,,,,,,2025,10,43,297,0,0,1,0
278,의성,2025-10-25,14.3,11.1,502,21.4,1605,,,,,,,4.9,340,1524,2.9,320,1530,0.5,437,250,12.2,53,1559,89.3,14.2,1010.6,1024.1,1,1017.7,1621,1020.4,10.9,5.6,,,,,,,,,7.0,5.0,15.6,9.0,,,,,,,,,,,,,,,2025,10,43,298,0,0,1,0
278,의성,2025-10-26,13.7,8.1,2320,19.7,1357,,,,,,,7.2,270,1456,3.6,290,1504,0.9,739,320,8.5,33,1503,76.0,11.3,1007.0,1018.9,1,1014.4,1347,1016.7,10.9,5.9,,,,,,,,,5.8,4.6,15.4,4.6,,,,,,,,,,,,,,,2025,10,43,299,0,0,1,0
278,의성,2025-10-27,9.0,2.4,2346,13.4,1339,,,,,,,9.7,290,1237,5.4,270,1241,2.2,1904,290,-0.8,20,1226,56.8,6.1,1010.2,1023.9,2353,1016.5,224,1020.2,10.9,9.4,,,,,,,,,0.3,0.1,11.8,-1.9,,,,,,,,,,,,,,,2025,10,44,300,0,0,0,0
278,의성,2025-10-28,6.1,-0.7,638,15.1,1456,,,,,,,9.0,340,1140,3.8,320,1538,0.9,780,340,-1.3,20,1231,69.0,5.7,1017.0,1029.9,2341,1023.9,1,1027.2,10.8,9.4,,,,,,,,,0.0,0.0,10.1,-5.4,,,,,,,,,,,,,,,2025,10,44,301,0,0,0,0
278,의성,2025-10-29,6.8,-0.5,611,17.2,1509,,,,,,,3.0,320,1410,1.7,250,1515,0.4,336,230,2.1,33,1459,77.9,7.2,1019.4,1032.3,813,1026.8,1507,1029.5,10.8,9.3,,,,,,,,,0.0,0.0,10.7,-4.8,,,,,,,,,,,,,,,2025,10,44,302,0,0,0,0
278,의성,2025-10-30,7.6,0.3,710,16.4,1408,,,,,,,3.0,270,1217,1.5,270,1223,0.4,331,250,4.3,38,1401,84.0,8.4,1015.6,1029.0,857,1023.0,1708,1025.7,10.8,5.7,,,,,,,,,5.4,0.4,10.6,-3.4,,,,,,,,,,,,,,,2025,10,44,303,0,0,0,0
278,의성,2025-10-31,9.8,3.1,710,20.4,1412,,,,,,,4.8,270,1557,2.5,250,1605,0.4,388,230,7.0,46,1547,86.3,10.1,1006.6,1023.2,1,1011.7,2359,1016.5,10.7,6.5,,,,,,,,,4.5,1.8,12.2,0.1,,,,,,,,,,,,,,,2025,10,44,304,0,0,0,0
278,의성,2025-11-01,11.8,6.4,2301,18.4,1356,,,,,,0.5,10.1,250,1234,5.4,290,1107,1.5,1288,270,6.1,32,1552,72.4,9.5,1002.1,1014.7,2240,1010.0,1354,1011.9,10.7,8.2,,,,,,,,,4.8,3.9,14.0,2.4,,,,,,,,,,,,,,,2025,11,44,305,0,0,1,0
278,의성,2025-11-02,9.4,4.2,2350,15.4,1027,,,,,,0.4,10.6,320,1337,5.5,290,1407,2.1,1817,290,3.0,33,1408,69.1,7.9,1007.5,1023.5,2357,1013.8,24,1017.4,10.7,6.7,,,,,,,,,2.4,1.9,12.0,1.1,,,,,,,,,,,,,,,2025,11,44,306,0,0,0,0
278,의성,2025-11-03,6.3,-1.1,551,15.9,1409,,,,,,,4.0,230,1515,2.1,250,1441,0.5,458,20,1.9,40,1336,78.1,7.1,1017.5,1030.1,830,1023.5,1,1027.6,10.6,9.0,,,,,,,,,0.8,0.4,9.5,-5.9,,,,,,,,,,,,,,,2025,11,45,307,0,0,0,0
278,의성,2025-11-04,8.3,1.6,653,18.2,1355,,,,,,,5.2,270,1509,2.9,250,1415,0.5,440,160,5.0,45,1510,83.4,8.8,1016.0,1028.7,154,1023.1,1538,1026.1,10.6,8.9,,,,,,,,,0.1,0.0,11.1,-1.9,,,,,,,,,,,,,,,2025,11,45,308,0,0,0,0
278,의성,2025-11-05,8.9,1.6,624,19.4,1459,,,,,,,2.5,290,1329,1.6,230,1541,0.4,336,200,5.2,41,1448,82.9,8.9,1013.7,1026.0,802,1020.8,1605,1023.7,10.6,8.2,,,,,,,,,0.5,0.0,11.4,-1.6,,,,,,,,,,,,,,,2025,11,45,309,0,0,0,0
278,의성,2025-11-06,9.5,4.0,339,19.3,1452,,,,,,,2.2,320,1556,1.1,110,1244,0.3,291,50,7.3,44,1620,88.9,10.3,1013.6,1025.5,820,1020.9,1611,1023.6,10.5,4.9,,,,,,,,,4.6,2.8,12.2,-0.1,,,,,,,,,,,,,,,2025,11,45,310,0,0,0,0
278,의성,2025-11-07,11.2,3.7,624,20.4,1445,,,,,,,4.5,110,1748,2.1,90,1704,0.5,420,70,7.3,48,1225,81.4,10.3,1015.1,1026.8,853,1022.5,1519,1025.0,10.5,7.2,,,,,,,,,2.6,1.6,13.1,0.2,,,,,,,,,,,,,,,2025,11,45,311,0,0,1,0
278,의성,2025-11-08,11.3,5.1,601,17.5,1432,,,,,,1.8,4.0,50,1341,2.3,50,1345,0.3,266,20,9.2,61,1326,88.8,11.8,1012.5,1027.1,817,1018.4,2357,1022.4,10.5,0.2,,,,,,,,,8.1,5.3,11.6,1.4,,,,,,,,,,,,,,,2025,11,45,312,0,0,1,1
278,의성,2025-11-09,12.7,5.3,2338,19.6,1424,,,,,,7.0,9.9,270,1504,5.2,290,1511,1.1,969,290,7.2,34,1455,75.6,10.6,1005.4,1018.9,2,1012.3,1424,1015.2,10.4,6.1,,,,,,,,,3.8,2.8,12.7,1.7,,,,,,,,,,,,,,,2025,11,45,313,0,0,1,1
278,의성,2025-11-10,8.5,0.4,2354,15.6,1411,,,,,,,9.5,320,1014,5.1,320,927,1.6,1371,270,-3.7,15,1501,49.5,4.9,1008.2,1020.7,2356,1015.4,2,1018.1,10.4,8.8,,,,,,,,,0.5,0.0,8.8,-2.9,,,,,,,,,,,,,,,2025,11,46,314,0,0,0,0
278,의성,2025-11-11,5.9,0.4,1,15.7,1515,,,,,,,3.0,270,1142,1.6,250,1502,0.4,353,270,-0.5,20,1307,70.3,6.0,1012.0,1024.6,2304,1020.2,1445,1022.1,10.4,7.1,,,,,,,,,5.1,3.8,8.3,-3.1,,,,,,,,,,,,,,,2025,11,46,315,0,0,0,0
278,의성,2025-11-12,6.5,-1.2,650,15.4,1500,,,,,,,2.7,250,1437,1.6,250,1450,0.3,275,230,3.0,48,1245,82.0,7.7,1012.7,1026.3,836,1019.7,1604,1022.8,10.3,5.6,,,,,,,,,5.5,0.0,8.2,-5.2,,,,,,,,,,,,,,,2025,11,46,316,0,0,0,0
278,의성,2025-11-13,7.5,1.0,756,18.0,1431,,,,,,,7.4,320,1518,3.7,340,1353,0.7,580,320,3.7,40,1529,81.3,8.0,1008.6,1021.6,133,1015.5,1421,1018.6,10.3,7.2,,,,,,,,,1.3,0.9,9.1,-2.3,,,,,,,,,,,,,,,2025,11,46,317,0,0,0,0
278,의성,2025-11-14,5.7,-0.4,701,16.5,1511,,,,,,,5.2,340,1459,3.3,320,1529,0.6,520,270,0.6,28,1452,76.3,6.4,1010.4,1023.7,2353,1018.1,1315,1020.5,10.3,7.8,,,,,,,,,0.0,0.0,7.9,-5.1,,,,,,,,,,,,,,,2025,11,46,318,0,0,0,0
278,의성,2025-11-15,5.7,-1.0,607,16.9,1457,,,,,,,2.8,230,1252,1.3,200,1301,0.3,254,250,-0.4,17,1506,72.4,6.0,1016.3,1028.2,2233,1023.8,1,1026.5,10.3,8.7,,,,,,,,,3.5,0.1,8.3,-4.9,,,,,,,,,,,,,,,2025,11,46,319,0,0,0,0
278,의성,2025-11-16,6.8,-0.4,318,18.5,1510,,,,,,,3.8,230,1432,2.1,230,1439,0.4,336,270,2.8,41,1522,79.5,7.6,1015.5,1028.4,149,1022.7,1445,1025.5,10.2,7.0,,,,,,,,,3.4,3.0,8.7,-4.9,,,,,,,,,,,,,,,2025,11,46,320,0,0,0,0
278,의성,2025-11-17,5.4,-0.4,2356,10.7,1357,,,,,,,9.5,270,1457,4.9,290,1350,2.1,1830,290,-5.4,18,1246,53.6,4.5,1015.2,1026.9,2056,1023.7,118,1025.4,10.2,5.3,,,,,,,,,5.3,3.1,7.0,-4.4,,,,,,,,,,,,,,,2025,11,47,321,0,0,0,0
278,의성,2025-11-18,1.6,-4.2,703,7.5,1424,,,,,,,10.8,290,1216,6.8,320,1223,1.7,1491,320,-7.8,28,1356,52.8,3.4,1015.3,1028.2,832,1023.0,1521,1025.6,10.2,8.7,,,,,,,,,0.3,0.1,3.1,-7.8,,,,,,,,,,,,,,,2025,11,47,322,0,0,0,0
278,의성,2025-11-19,1.1,-5.0,710,9.6,1510,,,,,,,4.9,250,1526,2.5,320,1622,0.6,488,270,-5.2,29,1526,67.5,4.1,1015.0,1027.4,907,1023.1,1647,1025.3,10.2,,,,,,,,,,1.0,0.0,-0.4,-8.8,,,,,,,,,,,,,,,2025,11,47,323,0,0,0,0
278,의성,2025-11-20,4.9,-4.8,526,14.6,1453,,,,,,,9.1,320,1309,4.9,290,1503,1.2,1034,270,-0.3,43,1458,72.1,6.1,1012.8,1026.1,829,1020.1,1613,1023.0,10.1,6.6,,,,,,,,,1.3,0.3,5.1,-8.9,,,,,,,,,,,,,,,2025,11,47,324,0,0,0,0
278,의성,2025-11-21,4.7,-1.7,721,12.9,1408,,,,,,,9.7,340,1515,5.7,320,1520,1.2,1057,270,-3.9,19,1514,59.3,4.6,1014.3,1026.6,2254,1021.9,1449,1024.5,10.1,8.4,,,,,,,,,0.0,0.0,5.6,-7.2,,,,,,,,,,,,,,,2025,11,47,325,0,0,0,0
278,의성,2025-11-22,5.3,-1.6,52,15.0,1449,,,,,,,6.2,270,1227,3.3,320,1310,0.7,607,290,0.0,40,1546,71.8,6.2,1014.9,1027.2,838,1023.1,1548,1025.0,10.1,8.2,,,,,,,,,2.1,1.4,7.3,-5.5,,,,,,,,,,,,,,,2025,11,47,326,0,0,0,0
278,의성,2025-11-23,5.4,-1.9,621,15.5,1410,,,,,,,5.3,230,1407,2.9,250,1414,0.5,446,230,1.5,41,1333,79.4,6.9,1012.1,1024.7,744,1019.3,1533,1022.2,10.1,6.9,,,,,,,,,5.3,2.1,6.2,-6.5,,,,,,,,,,,,,,,2025,11,47,327,0,0,0,0
278,의성,2025-11-24,8.4,2.6,2400,18.0,1447,,,,,,,4.0,230,1327,2.3,270,1409,0.4,377,230,3.2,34,1353,74.0,7.7,1007.1,1020.9,211,1014.0,1540,1017.1,10.0,7.7,,,,,,,,,2.6,1.4,9.3,-1.6,,,,,,,,,,,,,,,2025,11,48,328,0,0,0,0
278,의성,2025-11-25,3.7,-0.1,620,9.3,1350,,,,,,4.4,11.3,270,1304,4.6,270,1635,0.7,628,250,2.9,78,1621,95.1,7.6,1005.3,1021.2,2350,1012.1,1248,1015.4,10.0,0.9,,,,,,,,,5.1,2.1,4.4,-4.5,,,,,,,,,,,,,,,2025,11,48,329,0,0,0,1
278,의성,2025-11-26,3.3,-0.8,755,11.5,1355,,,,,,,3.5,270,1359,2.1,250,1404,0.4,342,230,1.2,52,1323,88.3,6.7,1013.8,1027.1,919,1021.2,1,1024.0,10.0,6.0,,,,,,,,,0.3,0.0,4.9,-4.5,,,,,,,,,,,,,,,2025,11,48,330,0,0,0,0
278,의성,2025-11-27,5.3,-0.4,125,12.6,1231,,,,,,0.8,9.5,290,2314,4.8,270,1251,1.4,1180,270,1.9,57,1232,80.8,7.1,1005.4,1022.1,1,1010.7,1220,1015.4,10.0,3.0,,,,,,,,,6.6,4.3,5.6,-4.3,,,,,,,,,,,,,,,2025,11,48,331,0,0,0,0
278,의성,2025-11-28,2.9,-3.4,2337,8.8,1429,,,,,,,9.1,290,255,4.2,320,303,1.6,1358,290,-5.8,25,1608,55.8,4.0,1010.0,1022.5,2119,1016.8,1,1020.2,9.9,8.2,,,,,,,,,1.3,0.0,2.9,-7.2,,,,,,,,,,,,,,,2025,11,48,332,0,0,0,0
278,의성,2025-11-29,1.2,-6.0,645,11.8,1452,,,,,,,3.7,290,1407,2.0,270,1338,0.4,312,250,-3.5,36,1144,75.1,4.8,1008.2,1021.9,139,1015.2,1532,1018.4,9.9,8.2,,,,,,,,,1.3,0.0,2.6,-10.0,,,,,,,,,,,,,,,2025,11,48,333,0,0,0,0
278,의성,2025-11-30,5.4,-2.4,444,17.7,1425,,,,,,,4.3,270,1436,2.7,270,1441,0.4,347,250,2.2,46,1430,83.0,7.3,1005.7,1018.7,855,1013.2,1524,1015.8,9.9,8.2,,,,,,,,,0.0,0.0,4.9,-6.1,,,,,,,,,,,,,,,2025,11,48,334,0,0,0,0
278,의성,2025-12-01,4.3,-2.4,2357,13.4,1416,,,,,,,7.3,290,1457,3.3,250,946,0.9,775,270,-2.7,20,1229,69.8,5.2,1007.9,1020.4,2305,1015.0,1,1018.1,9.9,8.0,,,,,,,,,2.4,0.1,4.7,-7.2,,,,,,,,,,,,,,,2025,12,49,335,0,0,0,0
278,의성,2025-12-02,1.9,-3.4,220,9.1,1323,,,,,,,9.2,290,1425,4.9,290,1430,1.4,1218,290,-7.9,24,1324,53.9,3.5,1011.1,1023.2,2305,1019.7,1358,1021.3,9.9,7.6,,,,,,,,,4.9,1.6,2.3,-7.5,,,,,,,,,,,,,,,2025,12,49,336,0,0,0,0
278,의성,2025-12-03,-2.3,-6.2,2317,1.7,1355,,,,,,,12.6,320,1620,6.3,320,1504,2.9,2538,290,-14.0,27,1055,41.6,2.1,1013.5,1026.5,2255,1021.1,1249,1024.0,9.8,8.2,,,,,,,,,1.6,0.4,0.4,-9.6,,,,,,,,,,,,,,,2025,12,49,337,0,0,0,0
278,의성,2025-12-04,-2.9,-9.9,631,3.8,1504,,,,,,,7.6,320,1116,4.1,270,1404,1.1,987,270,-10.6,24,1505,59.0,2.8,1014.6,1027.7,810,1021.5,2132,1025.0,9.8,8.3,,,,,,,,,1.0,1.0,-0.6,-13.4,,,,,,,,,,,,,,,2025,12,49,338,0,0,0,0
278,의성,2025-12-05,-1.4,-7.6,2352,4.8,1424,,,,,,,9.7,290,235,5.2,290,228,1.8,1537,290,-12.8,21,1455,44.8,2.3,1015.7,1028.6,948,1023.0,1,1026.2,9.8,8.3,,,,,,,,,0.0,0.0,0.8,-11.9,,,,,,,,,,,,,,,2025,12,49,339,0,0,0,0
278,의성,2025-12-06,-0.4,-9.6,608,10.4,1509,,,,,,,4.4,320,1314,2.7,290,1323,0.5,394,250,-6.1,39,1412,68.1,4.0,1011.3,1025.4,1,1018.3,1436,1021.7,9.8,8.1,,,,,,,,,2.1,0.6,1.0,-13.0,,,,,,,,,,,,,,,2025,12,49,340,0,0,0,0
278,의성,2025-12-07,4.2,-3.1,728,14.4,1421,,,,,,,4.3,230,1358,2.4,250,1355,0.4,345,250,-0.1,45,1355,76.3,6.2,1009.7,1022.1,936,1018.0,1507,1019.8,9.8,7.8,,,,,,,,,2.6,1.1,3.8,-7.1,,,,,,,,,,,,,,,2025,12,49,341,0,0,0,0
278,의성,2025-12-08,3.0,-5.2,2358,10.2,1402,,,,,,,8.4,340,1500,3.9,360,1133,1.3,1085,290,-9.7,11,1433,45.8,3.2,1014.8,1028.2,2331,1019.4,7,1025.1,9.8,8.2,,,,,,,,,1.6,0.0,2.9,-10.5,,,,,,,,,,,,,,,2025,12,50,342,0,0,0,0
278,의성,2025-12-09,-1.3,-8.7,630,8.9,1457,,,,,,,7.6,290,1344,4.3,290,1345,0.8,685,290,-7.8,33,1336,65.1,3.5,1016.9,1029.2,908,1024.5,1410,1027.4,9.8,8.3,,,,,,,,,1.0,0.0,0.8,-13.0,,,,,,,,,,,,,,,2025,12,50,343,0,0,0,0
278,의성,2025-12-10,1.1,-6.0,715,10.5,1516,,,,,,,2.6,270,1221,1.6,270,1222,0.3,254,160,-3.2,44,1441,75.4,4.9,1015.0,1028.7,604,1021.1,2242,1025.4,9.7,7.1,,,,,,,,,6.1,0.8,2.0,-10.2,,,,,,,,,,,,,,,2025,12,50,344,0,0,0,0
278,의성,2025-12-11,4.0,-1.9,2350,12.0,1342,,,,,,0.6,7.4,250,1534,4.2,340,1416,1.0,883,270,0.2,51,1646,77.5,6.3,1010.0,1027.3,2358,1016.6,634,1020.1,9.7,2.4,,,,,,,,,6.0,4.6,3.6,-6.5,,,,,,,,,,,,,,,2025,12,50,345,0,0,0,0
278,의성,2025-12-12,1.4,-5.1,707,9.4,1438,,,,,,,6.0,110,1508,2.8,140,1511,0.6,483,110,-2.4,47,1356,77.9,5.2,1020.3,1032.5,934,1027.3,1,1030.7,9.7,4.3,,,,,,,,,5.3,3.5,2.5,-9.5,,,,,,,,,,,,,,,2025,12,50,346,0,0,0,0
278,의성,2025-12-13,2.9,-2.7,628,7.7,1425,,,,,,5.7,3.3,270,1853,1.5,20,1413,0.6,481,20,0.9,65,1406,88.0,6.6,1011.7,1030.8,1,1015.8,2314,1022.0,9.7,1.0,,,,,,,,,7.9,6.1,3.0,-6.5,,,,,,,,,,,,,,,2025,12,50,347,0,0,0,1
278,의성,2025-12-14,0.6,-4.5,2342,4.7,1411,,,,,,,11.0,320,1244,5.8,290,1321,1.8,1519,270,-3.7,50,1534,74.5,4.7,1008.4,1022.9,2308,1014.9,33,1018.7,9.7,5.1,,,,,,,,,3.8,2.6,1.8,-8.8,,,,,,,,,,,,,,,2025,12,50,348,0,0,0,0
278,의성,2025-12-15,-1.0,-7.0,653,8.1,1350,,,,,,,5.5,270,1544,3.2,290,1538,0.5,465,270,-4.5,43,1531,80.1,4.4,1014.2,1027.0,937,1022.8,1528,1024.6,9.7,7.7,,,,,,,,,0.8,0.0,0.9,-11.3,,,,,,,,,,,,,,,2025,12,51,349,0,0,0,0
278,의성,2025-12-16,1.7,-5.2,316,6.9,1551,,,,,,,1.3,90,1746,0.5,340,1125,0.1,95,20,-1.2,63,1425,82.4,5.7,1012.5,1025.2,939,1020.7,2357,1022.7,9.7,0.0,,,,,,,,,8.1,8.1,1.6,-9.3,,,,,,,,,,,,,,,2025,12,51,350,0,0,0,0
278,의성,2025-12-17,3.5,-3.1,2358,10.3,1400,,,,,,,7.8,320,1229,4.5,340,1135,0.9,817,290,-1.1,37,1434,75.4,5.7,1011.8,1026.3,2316,1019.0,547,1022.0,9.7,7.4,,,,,,,,,3.4,3.0,4.1,-8.3,,,,,,,,,,,,,,,2025,12,51,351,0,0,0,0
278,의성,2025-12-18,-0.4,-6.3,726,9.6,1523,,,,,,,2.3,250,1406,1.3,230,1431,0.3,242,290,-5.3,27,1528,74.1,4.1,1015.8,1029.2,901,1024.2,1617,1026.2,9.7,8.4,,,,,,,,,0.5,0.0,1.4,-11.0,,,,,,,,,,,,,,,2025,12,51,352,0,0,0,0
278,의성,2025-12-19,0.9,-6.6,712,12.7,1439,,,,,,,2.8,50,1508,1.6,20,1508,0.3,244,200,-3.0,38,1423,78.3,5.0,1012.4,1025.7,753,1019.6,1600,1022.7,9.7,4.6,,,,,,,,,1.9,1.9,1.1,-10.6,,,,,,,,,,,,,,,2025,12,51,353,0,0,0,0
278,의성,2025-12-20,5.1,-2.4,449,13.0,1430,,,,,,,6.7,290,2325,3.4,270,2308,0.5,445,290,1.7,57,1412,80.5,7.1,1008.6,1021.6,205,1015.5,1507,1018.7,9.7,1.7,,,,,,,,,6.4,4.3,4.2,-5.8,,,,,,,,,,,,,,,2025,12,51,354,0,0,0,0
278,의성,2025-12-21,0.3,-7.6,2356,8.7,1,,,,,,,8.5,270,338,4.4,290,546,1.9,1669,270,-11.5,21,1503,44.3,2.6,1016.3,1030.7,2346,1019.6,1,1026.6,9.7,3.9,,,,,,,,,4.8,3.3,1.8,-12.1,,,,,,,,,,,,,,,2025,12,51,355,0,0,0,0
278,의성,2025-12-22,-2.8,-10.2,656,7.4,1557,,,,,,,2.7,230,1235,1.4,200,1244,0.3,286,180,-8.9,31,1251,67.3,3.2,1020.2,1033.9,856,1028.3,1437,1030.7,9.7,8.4,,,,,,,,,1.3,0.0,-0.7,-14.2,,,,,,,,,,,,,,,2025,12,52,356,0,0,0,0
278,의성,2025-12-23,-0.4,-7.1,639,5.1,1605,,,,,,0.3,2.6,270,925,1.5,290,1041,0.3,263,110,-3.3,59,1518,81.5,4.9,1013.0,1030.9,128,1018.5,2217,1023.4,9.7,0.3,,,,,,,,,7.4,5.1,-0.3,-10.6,,,,,,,,,,,,,,,2025,12,52,357,0,0,0,0
278,의성,2025-12-24,3.9,2.2,43,6.8,1525,,,,,,1.5,3.8,250,1644,1.6,270,1532,0.5,438,230,2.4,76,2330,90.3,7.3,1006.2,1018.5,1,1014.6,1411,1016.4,9.7,0.0,,,,,,,,,10.0,10.0,4.0,1.7,,,,,,,,,,,,,,,2025,12,52,358,0,0,0,1
278,의성,2025-12-25,-1.0,-5.5,2349,4.5,1214,,,,,,,13.2,290,1251,7.1,320,1239,2.7,2346,290,-9.6,28,1639,58.5,3.3,1007.2,1020.5,2324,1014.9,1411,1017.5,9.7,8.0,,,,,,,,,2.4,0.3,0.4,-7.9,,,,,,,,,,,,,,,2025,12,52,359,0,0,0,0
278,의성,2025-12-26,-6.4,-10.6,2341,-1.7,1429,,,,,,,10.1,290,150,5.8,270,153,2.3,1989,290,-19.9,17,1525,36.5,1.3,1014.6,1027.8,2322,1020.5,1,1025.2,9.7,8.4,,,,,,,,,1.0,0.0,-4.4,-14.4,,,,,,,,,,,,,,,2025,12,52,360,0,0,0,0
278,의성,2025-12-27,-3.6,-11.6,449,4.6,1445,,,,,,,6.3,320,1417,3.4,290,1420,0.6,549,250,-8.6,45,1119,69.8,3.4,1015.1,1028.1,941,1022.9,1442,1025.6,9.7,6.5,,,,,,,,,6.1,2.6,-2.7,-14.9,,,,,,,,,,,,,,,2025,12,52,361,0,0,0,0
278,의성,2025-12-28,0.3,-5.0,347,7.7,1405,,,,,,,3.2,230,1427,1.7,290,1505,0.3,251,320,-2.4,56,1406,82.8,5.2,1011.9,1025.2,951,1019.7,2346,1022.2,9.7,3.0,,,,,,,,,6.9,5.5,1.0,-9.8,,,,,,,,,,,,,,,2025,12,52,362,0,0,0,0
278,의성,2025-12-29,1.1,-4.6,634,10.9,1333,,,,,,0.0,5.5,230,1245,3.2,230,1247,0.5,424,70,-1.0,51,1222,88.0,5.8,1007.9,1020.1,2340,1015.1,1331,1018.2,9.7,2.5,,,,,,,,,1.5,0.8,1.0,-9.3,,,,,,,,,,,,,,,2025,12,1,363,0,0,0,0
278,의성,2025-12-30,-1.6,-6.7,818,6.7,1437,,,,,,,8.2,320,1302,4.5,320,1325,0.8,655,320,-8.0,22,1506,68.9,3.4,1013.1,1025.7,2306,1020.1,1,1023.5,9.7,8.3,,,,,,,,,0.4,0.1,0.8,-10.7,,,,,,,,,,,,,,,2025,12,1,364,0,0,0,0
278,의성,2025-12-31,-4.9,-10.0,802,1.5,1333,,,,,,,8.9,250,1251,4.3,270,1254,1.4,1206,290,-15.8,16,1237,51.3,1.9,1014.9,1027.1,2306,1023.4,1427,1025.4,9.7,8.2,,,,,,,,,1.6,0.0,-3.1,-13.6,,,,,,,,,,,,,,,2025,12,1,365,0,0,0,0
278,의성,2026-01-01,-7.7,-12.7,532,-1.1,1544,,,,,,,7.8,340,1310,4.0,290,1324,1.1,991,270,-17.0,19,1603,52.9,1.6,1013.9,1026.8,1,1022.8,1451,1024.5,9.7,6.8,,,,,,,,,3.4,0.4,-6.6,-16.3,,,,,,,,,,,,,,,2026,1,1,1,0,0,0,0
278,의성,2026-01-02,-7.6,-13.8,757,-0.8,1504,,,,,,,7.7,320,1349,3.7,320,1353,1.3,1095,270,-15.8,24,1402,56.5,1.8,1013.2,1025.5,2352,1021.7,1504,1023.9,9.7,8.3,,,,,,,,,0.0,0.0,-5.6,-18.4,,,,,,,,,,,,,,,2026,1,1,2,0,0,0,0
278,의성,2026-01-03,-5.0,-14.3,751,4.3,1508,,,,,,,9.3,340,1326,5.2,340,1436,1.1,974,290,-11.1,24,1317,66.6,2.7,1015.5,1028.6,943,1024.2,1502,1026.1,9.8,7.4,,,,,,,,,2.6,2.1,-4.2,-19.2,,,,,,,,,,,,,,,2026,1,1,3,0,0,0,0
278,의성,2026-01-04,0.3,-5.4,1,6.7,1427,,,,,,,7.0,320,1231,3.7,270,1146,0.9,761,270,-5.3,43,1509,67.5,4.1,1012.0,1025.7,1,1020.1,2304,1022.3,9.8,4.1,,,,,,,,,7.8,4.5,0.0,-8.0,,,,,,,,,,,,,,,2026,1,1,4,0,0,0,0
278,의성,2026-01-05,-1.4,-8.1,2358,6.2,1429,,,,,,,8.3,270,1439,4.1,290,1441,1.2,1042,290,-11.1,15,1438,54.9,2.7,1010.2,1024.1,2355,1017.6,1427,1020.6,9.8,8.3,,,,,,,,,2.4,1.6,-1.1,-13.6,,,,,,,,,,,,,,,2026,1,2,5,0,0,0,0
278,의성,2026-01-06,-3.7,-11.7,746,6.4,1520,,,,,,,5.0,270,1228,2.7,250,1622,0.6,492,250,-12.8,17,1523,55.1,2.3,1012.0,1025.4,802,1019.8,1547,1022.4,9.8,8.1,,,,,,,,,1.9,0.0,-2.4,-16.6,,,,,,,,,,,,,,,2026,1,2,6,0,0,0,0
278,의성,2026-01-07,-0.3,-6.4,525,7.3,1318,,,,,,,11.2,270,1341,6.0,270,1427,1.9,1653,290,-10.0,20,1630,51.4,2.9,1008.7,1022.3,2352,1016.1,1321,1019.0,9.8,5.6,,,,,,,,,3.1,1.9,-0.7,-10.7,,,,,,,,,,,,,,,2026,1,2,7,0,0,0,0
278,의성,2026-01-08,-5.1,-10.8,805,1.2,1527,,,,,,,7.2,270,29,3.5,290,100,1.4,1182,270,-17.7,18,1353,40.4,1.5,1015.0,1027.3,2151,1022.2,1,1025.5,9.8,8.3,,,,,,,,,0.0,0.0,-3.7,-16.9,,,,,,,,,,,,,,,2026,1,2,8,0,0,0,0
278,의성,2026-01-09,-4.4,-13.0,433,7.2,1441,,,,,,,6.4,270,1456,3.3,250,1501,0.6,487,250,-10.1,41,1411,66.5,3.0,1011.0,1027.4,209,1016.2,2351,1021.5,9.8,8.2,,,,,,,,,1.0,0.0,-3.0,-17.3,,,,,,,,,,,,,,,2026,1,2,9,0,0,0,0
278,의성,2026-01-10,0.1,-7.3,251,10.5,1057,,,,,,1.4,17.2,290,1117,9.0,270,1119,3.1,2704,270,-6.1,24,1219,67.1,3.9,1001.3,1016.6,2336,1007.5,1035,1011.5,9.9,4.1,,,,,,,,,5.1,3.9,-0.1,-11.9,,,,,,,,,,,,,,,2026,1,2,10,0,0,0,1
278,의성,2026-01-11,-4.1,-7.8,819,-1.1,1347,,,,,,,13.1,320,1730,6.5,290,1652,3.2,2743,290,-16.0,24,1122,40.5,1.8,1011.9,1025.7,2308,1016.5,2,1022.4,9.9,8.2,,,,,,,,,0.0,0.0,-2.6,-17.9,,,,,,,,,,,,,,,2026,1,2,11,0,0,0,0
278,의성,2026-01-12,-5.0,-13.1,636,4.3,1520,,,,,,0.0,5.8,270,1417,2.6,290,1441,0.5,446,290,-10.2,42,1521,68.9,2.9,1008.6,1025.6,1,1011.1,2347,1019.1,9.9,6.4,,,,,,,,,3.6,2.9,-3.2,-17.7,,,,,,,,,,,,,,,2026,1,3,12,0,0,0,0
278,의성,2026-01-13,-0.4,-5.5,718,4.0,1223,,,,,,0.2,15.3,250,1319,7.4,290,1356,2.8,2429,290,-10.4,26,1650,51.0,2.9,1005.3,1021.8,2348,1009.8,435,1015.5,9.9,7.7,,,,,,,,,1.1,0.8,-0.6,-9.9,,,,,,,,,,,,,,,2026,1,3,13,0,0,0,0
278,의성,2026-01-14,-2.8,-11.1,731,5.2,1512,,,,,,,3.9,290,49,2.5,270,115,0.5,471,110,-12.7,20,1313,50.6,2.3,1011.9,1026.0,951,1019.0,2332,1022.4,9.9,8.1,,,,,,,,,1.9,1.0,-1.2,-15.3,,,,,,,,,,,,,,,2026,1,3,14,0,0,0,0
278,의성,2026-01-15,4.1,-3.3,19,14.4,1511,,,,,,,9.3,320,1756,4.1,320,1759,0.9,748,290,-3.3,40,1120,60.5,5.0,1004.6,1019.3,1,1010.6,1514,1014.7,10.0,7.5,,,,,,,,,3.1,2.4,2.9,-7.4,,,,,,,,,,,,,,,2026,1,3,15,0,0,0,0
278,의성,2026-01-16,1.3,-5.4,806,13.6,1543,,,,,,,3.3,250,1440,1.9,250,1447,0.3,280,250,-4.3,26,1440,72.3,4.5,1007.9,1020.5,932,1015.8,1658,1018.1,10.0,8.1,,,,,,,,,0.0,0.0,1.5,-10.9,,,,,,,,,,,,,,,2026,1,3,16,0,0,0,0
278,의성,2026-01-17,0.2,-5.2,2353,9.6,1500,,,,,,,4.1,270,1036,2.3,250,1044,0.5,431,250,-5.9,28,1644,67.3,4.0,1009.6,1021.6,2149,1018.0,1,1019.9,10.0,8.2,,,,,,,,,0.0,0.0,1.0,-10.4,,,,,,,,,,,,,,,2026,1,3,17,0,0,0,0
278,의성,2026-01-18,1.1,-7.6,726,11.8,1426,,,,,,,3.1,320,1507,1.7,290,1610,0.4,318,290,-3.5,47,1541,72.6,4.9,1010.4,1023.4,627,1016.8,1554,1020.7,10.0,7.5,,,,,,,,,2.0,1.5,1.1,-11.7,,,,,,,,,,,,,,,2026,1,3,18,0,0,0,0
278,의성,2026-01-19,1.1,-4.8,2346,4.6,647,,,,,,0.0,9.8,320,1754,5.2,290,1758,2.1,1856,290,-6.8,30,1811,58.0,4.0,1010.6,1024.7,2349,1018.0,1505,1020.9,10.0,1.2,,,,,,,,,9.3,5.1,1.4,-8.7,,,,,,,,,,,,,,,2026,1,4,19,0,0,0,0
278,의성,2026-01-20,-4.0,-10.0,2352,2.4,1518,,,,,,,5.3,270,1514,2.7,290,1543,1.2,1023,270,-16.4,23,1609,39.0,1.7,1014.6,1027.3,936,1022.5,1500,1025.1,10.1,7.9,,,,,,,,,4.3,2.3,-0.8,-14.9,,,,,,,,,,,,,,,2026,1,4,20,0,0,0,0
278,의성,2026-01-21,-7.1,-12.5,522,-1.3,1409,,,,,,,10.5,270,1415,6.0,290,1443,2.3,1961,290,-17.1,20,1435,49.4,1.6,1014.4,1026.8,246,1022.5,1406,1025.0,10.1,8.5,,,,,,,,,0.0,0.0,-4.5,-17.4,,,,,,,,,,,,,,,2026,1,4,21,0,0,0,0
278,의성,2026-01-22,-6.8,-13.1,756,-2.1,1500,,,,,,,12.0,270,1114,6.1,320,1526,2.5,2140,290,-19.0,18,1407,40.0,1.4,1015.4,1027.6,1006,1024.5,1431,1026.1,10.1,8.6,,,,,,,,,0.0,0.0,-4.8,-17.3,,,,,,,,,,,,,,,2026,1,4,22,0,0,0,0
278,의성,2026-01-23,-6.0,-14.0,659,2.3,1412,,,,,,,7.5,230,1426,3.9,270,1408,1.0,897,270,-13.4,26,1255,60.4,2.2,1014.7,1027.9,744,1022.9,1651,1025.3,10.1,7.3,,,,,,,,,1.6,0.6,-4.0,-19.4,,,,,,,,,,,,,,,2026,1,4,23,0,0,0,0
278,의성,2026-01-24,-4.0,-9.4,204,1.0,1328,,,,,,0.1,10.9,340,1541,6.0,320,1542,2.3,1968,290,-14.7,15,1525,49.1,2.1,1013.5,1026.8,2306,1021.5,408,1024.0,10.2,8.6,,,,,,,,,1.6,1.3,-2.1,-13.4,,,,,,,,,,,,,,,2026,1,4,24,0,0,0,0
278,의성,2026-01-25,-5.1,-12.1,739,2.8,1512,,,,,,,7.0,270,400,3.8,230,1405,1.1,913,250,-17.2,18,1349,41.9,1.6,1017.9,1030.6,2154,1026.4,15,1028.5,10.2,8.6,,,,,,,,,1.3,0.0,-3.5,-17.9,,,,,,,,,,,,,,,2026,1,4,25,0,0,0,0
278,의성,2026-01-26,-4.6,-13.2,742,3.2,1326,,,,,,,6.9,320,1332,3.5,250,1335,0.7,568,250,-14.7,25,1326,48.3,2.0,1014.9,1030.1,5,1021.3,1644,1025.5,10.2,5.5,,,,,,,,,9.3,1.3,-3.3,-17.4,,,,,,,,,,,,,,,2026,1,5,26,0,0,0,0
278,의성,2026-01-27,-1.5,-5.6,2146,4.2,1430,,,,,,,9.1,290,922,4.9,270,1529,2.0,1685,270,-13.5,21,1431,42.4,2.2,1013.1,1026.3,2349,1021.2,1459,1023.5,10.3,8.7,,,,,,,,,3.4,2.3,-0.6,-11.7,,,,,,,,,,,,,,,2026,1,5,27,0,0,0,0
278,의성,2026-01-28,-4.6,-11.3,755,2.7,1426,,,,,,,8.7,340,1454,5.1,320,1523,1.3,1148,250,-16.8,17,1414,42.5,1.7,1016.7,1028.8,831,1025.2,1349,1027.2,10.3,8.7,,,,,,,,,2.3,0.0,-2.6,-16.4,,,,,,,,,,,,,,,2026,1,5,28,0,0,0,0
278,의성,2026-01-29,-4.6,-12.4,724,3.7,1521,,,,,,,11.3,270,1351,5.7,290,1624,1.7,1507,290,-17.3,18,1351,42.1,1.6,1017.7,1030.3,903,1025.9,1437,1028.3,10.3,8.6,,,,,,,,,0.5,0.0,-3.5,-17.1,,,,,,,,,,,,,,,2026,1,5,29,0,0,0,0
278,의성,2026-01-30,-6.0,-11.8,437,1.8,1604,,,,,,,7.1,340,1536,3.8,320,1545,1.1,961,270,-18.0,18,1447,42.4,1.5,1018.4,1031.9,808,1026.4,1530,1029.0,10.4,8.3,,,,,,,,,3.0,0.0,-3.7,-18.0,,,,,,,,,,,,,,,2026,1,5,30,0,0,0,0
278,의성,2026-01-31,-4.8,-13.3,741,4.8,1521,,,,,,,8.2,290,1521,4.6,290,1635,1.1,953,290,-15.8,16,1500,48.0,1.8,1016.2,1029.2,817,1023.6,1556,1026.8,10.4,8.7,,,,,,,,,3.0,0.0,-2.8,-17.4,,,,,,,,,,,,,,,2026,1,5,31,0,0,0,0
278,의성,2026-02-01,-3.1,-9.2,251,4.6,1436,,,,,,,10.3,320,1617,5.1,270,1534,1.4,1182,290,-12.9,24,1426,50.0,2.3,1014.8,1026.8,7,1022.7,1444,1025.3,10.4,7.7,,,,,,,,,1.8,1.1,-2.0,-14.1,,,,,,,,,,,,,,,2026,2,5,32,1,0,0,0
278,의성,2026-02-02,-3.8,-9.3,2400,2.6,1340,,,,,,0.3,9.8,270,1348,5.5,270,1349,1.4,1241,290,-11.2,30,1331,58.8,2.7,1015.4,1030.2,2340,1023.1,601,1025.9,10.4,6.1,,,,,,,,,4.0,3.6,-3.2,-14.7,,,,,,,,,,,,,,,2026,2,6,33,1,0,0,0
278,의성,2026-02-03,-3.4,-12.7,721,7.3,1522,,,,,,,8.5,320,1505,4.2,320,1420,1.0,844,270,-11.2,24,1413,59.8,2.6,1017.5,1032.1,828,1024.8,1616,1028.0,10.5,8.9,,,,,,,,,2.6,0.0,-1.6,-17.8,,,,,,,,,,,,,,,2026,2,6,34,1,0,0,0
278,의성,2026-02-04,-1.2,-9.8,716,8.7,1437,,,,,,,6.1,230,1155,3.4,320,1242,0.7,632,290,-6.7,42,1525,68.6,3.8,1012.1,1026.1,246,1019.4,1605,1022.5,10.5,6.2,,,,,,,,,6.3,1.1,-0.6,-14.7,,,,,,,,,,,,,,,2026,2,6,35,1,0,0,0
278,의성,2026-02-05,1.8,-5.9,325,12.7,1533,,,,,,,8.8,270,1710,4.3,290,1617,0.9,766,250,-3.6,39,1531,70.5,4.8,1007.3,1020.2,1,1013.7,1518,1017.5,10.5,7.2,,,,,,,,,3.8,1.0,1.5,-10.2,,,,,,,,,,,,,,,2026,2,6,36,1,0,0,0
278,의성,2026-02-06,0.5,-4.0,2213,5.6,1457,,,,,,,6.9,270,504,3.6,290,1317,1.5,1278,270,-14.0,14,1602,35.4,2.2,1010.6,1023.0,917,1017.5,1,1020.9,10.6,7.2,,,,,,,,,7.6,0.6,1.1,-8.7,,,,,,,,,,,,,,,2026,2,6,37,1,0,0,0
278,의성,2026-02-07,-3.7,-7.5,2353,1.3,1403,,,,,,,9.9,270,1551,5.3,270,1540,2.6,2261,290,-19.5,14,1400,30.3,1.3,1011.4,1023.4,2235,1019.2,1453,1021.9,10.6,8.1,,,,,,,,,3.4,2.4,-0.4,-12.4,,,,,,,,,,,,,,,2026,2,6,38,1,0,0,0
278,의성,2026-02-08,-6.7,-13.3,739,-1.2,1524,,,,,,,8.0,340,1359,4.8,320,1400,2.2,1932,290,-20.3,18,1437,34.6,1.2,1016.0,1030.0,2400,1022.9,1,1026.7,10.6,9.2,,,,,,,,,0.0,0.0,-3.9,-18.1,,,,,,,,,,,,,,,2026,2,6,39,1,0,0,0
278,의성,2026-02-09,-4.3,-13.7,731,6.4,1542,,,,,,,8.2,320,1344,3.9,320,1422,0.9,814,250,-13.6,25,1349,52.1,2.2,1016.8,1030.8,751,1023.7,1722,1027.3,10.7,9.2,,,,,,,,,4.6,0.0,-1.5,-18.2,,,,,,,,,,,,,,,2026,2,7,40,1,0,0,0
278,의성,2026-02-10,0.0,-7.5,219,8.4,1507,,,,,,,5.4,200,1319,3.0,250,1328,0.7,568,70,-7.2,39,1250,59.8,3.7,1010.2,1025.7,1,1016.7,1719,1020.5,10.7,1.5,,,,,,,,,9.3,4.6,1.1,-11.7,,,,,,,,,,,,,,,2026,2,7,41,1,0,0,0
278,의성,2026-02-11,0.7,-5.3,2327,8.8,1429,,,,,,,6.9,320,1459,3.9,290,1400,1.0,905,270,-3.7,46,1431,74.4,4.7,1009.7,1021.5,2247,1018.4,2,1020.0,10.7,1.5,,,,,,,,,4.0,3.4,0.9,-12.4,,,,,,,,,,,,,,,2026,2,7,42,1,0,0,0
278,의성,2026-02-12,-0.4,-8.9,650,10.2,1551,,,,,,,7.5,270,1515,3.8,270,1450,0.9,763,250,-8.2,24,1603,62.3,3.3,1011.5,1024.6,842,1019.3,1700,1021.8,10.8,9.1,,,,,,,,,0.0,0.0,0.6,-15.1,,,,,,,,,,,,,,,2026,2,7,43,1,0,0,0
278,의성,2026-02-13,1.5,-8.0,649,13.5,1528,,,,,,,7.7,270,1533,4.4,320,1341,0.8,711,250,-6.4,25,1523,60.6,3.8,1009.1,1022.2,829,1016.5,1517,1019.4,10.8,8.9,,,,,,,,,1.0,0.0,2.5,-13.0,,,,,,,,,,,,,,,2026,2,7,44,1,0,0,0
278,의성,2026-02-14,3.3,-4.1,513,14.1,1602,,,,,,,7.2,270,1620,3.7,270,1620,0.7,630,250,-2.3,39,1314,69.6,5.3,1006.6,1019.6,108,1013.3,1605,1016.7,10.8,4.8,,,,,,,,,4.8,0.4,2.5,-8.2,,,,,,,,,,,,,,,2026,2,7,45,1,0,0,0
278,의성,2026-02-15,3.9,-4.6,659,15.0,1411,,,,,,,8.3,270,1501,4.6,250,1506,1.0,896,270,-1.1,44,1345,72.8,5.8,1007.8,1020.2,2332,1015.6,1422,1018.0,10.9,8.4,,,,,,,,,1.6,0.3,3.6,-9.6,,,,,,,,,,,,,,,2026,2,7,46,1,0,0,0
278,의성,2026-02-16,2.3,-3.1,306,10.7,1510,,,,,,,8.8,70,1624,4.3,90,1633,0.7,609,70,-4.2,34,1606,64.4,4.5,1011.9,1024.3,2231,1019.7,1425,1022.2,10.9,5.2,,,,,,,,,7.6,4.0,4.2,-8.4,,,,,,,,,,,,,,,2026,2,8,47,1,0,0,0
278,의성,2026-02-17,1.6,-4.9,744,10.3,1414,,,,,,,7.6,230,1333,3.7,270,1325,1.1,929,250,-8.4,18,1736,55.9,3.4,1010.8,1024.3,222,1017.3,1641,1021.1,11.0,9.6,,,,,,,,,1.1,1.1,4.2,-11.3,,,,,,,,,,,,,,,2026,2,8,48,1,0,0,0
278,의성,2026-02-18,1.5,-6.4,708,11.6,1419,,,,,,,13.1,270,1312,6.3,290,1349,1.5,1306,270,-10.5,10,1646,49.1,2.9,1010.1,1023.9,2327,1017.4,1454,1020.4,11.0,9.5,,,,,,,,,0.0,0.0,2.7,-12.0,,,,,,,,,,,,,,,2026,2,8,49,1,0,0,0
278,의성,2026-02-19,-0.2,-9.5,700,11.0,1524,,,,,,,6.8,250,1331,3.5,270,1535,0.9,800,270,-12.5,11,1519,45.6,2.4,1012.6,1026.2,847,1019.6,1732,1022.9,11.0,9.7,,,,,,,,,0.0,0.0,2.8,-14.2,,,,,,,,,,,,,,,2026,2,8,50,1,0,0,0
278,의성,2026-02-20,2.2,-7.9,659,14.5,1528,,,,,,,8.0,290,1301,3.4,320,1256,0.7,604,110,-8.8,20,1506,48.4,3.2,1007.7,1021.9,145,1013.9,1702,1017.9,11.1,9.4,,,,,,,,,1.4,0.1,3.9,-12.2,,,,,,,,,,,,,,,2026,2,8,51,1,0,0,0
278,의성,2026-02-21,6.7,-6.0,719,18.9,1512,,,,,,,6.8,230,1421,3.1,230,1521,0.9,808,200,-3.6,23,1513,52.8,4.9,1002.6,1016.8,839,1008.4,1753,1012.5,11.1,9.5,,,,,,,,,0.0,0.0,6.6,-10.3,,,,,,,,,,,,,,,2026,2,8,52,1,0,0,0
278,의성,2026-02-22,8.3,0.0,629,20.5,1236,,,,,,,13.8,290,1514,6.7,290,1453,2.7,2339,290,-3.1,15,1718,52.1,5.8,999.7,1019.1,2356,1001.8,1334,1009.6,11.1,4.7,,,,,,,,,1.0,0.3,6.0,-5.0,,,,,,,,,,,,,,,2026,2,8,53,1,0,0,0
278,의성,2026-02-23,3.3,-5.9,708,10.9,1449,,,,,,,13.2,270,17,5.6,290,21,1.8,1568,270,-12.9,13,1356,32.6,2.3,1013.2,1025.6,2241,1019.1,1,1023.4,11.2,8.0,,,,,,,,,4.1,0.9,4.9,-11.6,,,,,,,,,,,,,,,2026,2,9,54,1,0,0,0
278,의성,2026-02-24,1.0,-0.8,317,4.5,1227,,,,,,6.8,5.7,360,1210,2.6,340,1210,0.4,345,20,-5.0,32,1212,70.4,4.6,1013.9,1025.8,1022,1023.4,613,1024.2,11.2,0.0,,,,,,,,,9.9,8.5,0.2,-4.3,,,,,,,,,,,,,,,2026,2,9,55,1,0,0,1
278,의성,2026-02-25,4.7,-0.4,817,12.5,1506,,,,,,,9.7,50,1417,5.0,50,1425,1.1,991,90,0.4,43,1410,77.4,6.3,1013.1,1025.0,2032,1021.5,1455,1023.2,11.2,7.3,,,,,,,,,4.4,4.1,5.0,-2.9,,,,,,,,,,,,,,,2026,2,9,56,1,0,0,0
278,의성,2026-02-26,7.1,1.6,6,11.0,1441,,,,,,,5.8,90,1835,3.2,90,1838,1.1,947,90,2.0,54,1326,71.0,7.1,1009.9,1024.0,11,1017.1,1616,1019.9,11.3,0.0,,,,,,,,,9.5,9.5,6.0,0.2,,,,,,,,,,,,,,,2026,2,9,57,1,0,0,0
278,의성,2026-02-27,7.2,1.8,2400,10.2,1507,,,,,,0.0,6.6,50,1245,3.8,50,1243,1.1,946,50,2.4,56,1701,72.9,7.3,1006.0,1018.0,1,1013.6,1702,1016.0,11.3,0.0,,,,,,,,,7.4,7.4,6.6,-2.1,,,,,,,,,,,,,,,2026,2,9,58,1,0,0,0
278,의성,2026-02-28,5.4,-3.0,700,12.4,1408,,,,,,,6.5,140,1555,3.3,70,1149,1.1,926,70,0.2,46,1409,71.8,6.2,1012.5,1026.1,2259,1018.0,1,1022.6,11.4,7.2,,,,,,,,,2.8,2.6,7.0,-7.5,,,,,,,,,,,,,,,2026,2,9,59,1,0,0,0
278,의성,2026-03-01,7.4,5.8,651,9.0,1131,,,,,,,7.2,90,1607,3.7,70,1616,1.3,1139,70,1.4,59,1217,66.1,6.8,1014.8,1026.4,218,1023.8,1557,1024.9,11.4,0.0,,,,,,,,,9.9,9.9,6.3,4.5,,,,,,,,,,,,,,,2026,3,9,60,1,0,0,0
278,의성,2026-03-02,6.6,4.8,2216,7.8,153,,,,,,10.7,7.7,20,1650,3.7,50,1725,1.9,1660,50,3.2,61,216,80.3,7.7,1010.9,1024.3,124,1018.3,1718,1021.0,11.4,0.0,,,,,,,,,10.0,9.1,5.7,3.8,,,,,,,,,,,,,,,2026,3,10,61,1,1,0,1
278,의성,2026-03-03,7.7,4.9,409,12.2,1445,,,,,,0.4,10.3,90,853,4.8,50,1355,1.8,1582,70,1.6,42,1625,67.4,6.9,1010.8,1024.0,2220,1017.7,348,1020.8,11.5,2.9,,,,,,,,,8.6,7.3,9.0,3.9,,,,,,,,,,,,,,,2026,3,10,62,1,1,0,0
278,의성,2026-03-04,5.9,0.1,714,13.3,1444,,,,,,,5.1,250,1408,3.0,270,1503,0.8,686,270,-0.7,32,1622,66.5,5.8,1013.3,1025.0,2345,1021.0,1601,1023.4,11.5,8.7,,,,,,,,,3.1,2.6,8.3,-3.0,,,,,,,,,,,,,,,2026,3,10,63,1,1,0,0
278,의성,2026-03-05,7.0,-2.4,658,15.1,1515,,,,,,0.2,6.3,230,1256,3.4,230,1301,0.9,760,200,1.4,38,1522,71.0,6.8,1012.0,1026.4,859,1018.1,2350,1022.1,11.5,6.5,,,,,,,,,4.3,3.1,8.0,-6.6,,,,,,,,,,,,,,,2026,3,10,64,1,1,0,0
278,의성,2026-03-06,4.6,0.4,2347,8.5,1,,,,,,1.0,11.4,270,1258,5.3,290,1306,2.5,2173,270,-0.5,51,1325,70.9,6.1,1009.7,1022.8,2351,1017.7,310,1019.8,11.6,1.9,,,,,,,,,8.0,5.4,6.2,-2.2,,,,,,,,,,,,,,,2026,3,10,65,1,1,0,1
278,의성,2026-03-07,2.0,-3.8,2349,7.9,1453,,,,,,,10.3,320,1520,5.6,290,1525,2.1,1846,290,-7.3,26,1506,53.3,3.6,1015.1,1028.6,2357,1022.7,27,1025.4,11.6,9.9,,,,,,,,,1.9,1.4,5.1,-7.9,,,,,,,,,,,,,,,2026,3,10,66,1,1,0,0
278,의성,2026-03-08,1.2,-7.6,640,10.6,1459,,,,,,,6.6,270,1537,3.1,290,1631,0.8,648,290,-8.8,15,1449,55.3,3.2,1016.4,1029.5,740,1023.3,1718,1026.7,11.7,8.1,,,,,,,,,1.9,0.1,4.1,-11.2,,,,,,,,,,,,,,,2026,3,10,67,1,1,0,0
278,의성,2026-03-09,1.1,-5.3,543,9.2,1515,,,,,,,8.1,340,1343,4.7,340,1539,1.2,1031,320,-5.0,34,1518,66.3,4.2,1015.4,1027.6,2327,1022.9,1503,1025.7,11.7,4.4,,,,,,,,,3.1,1.9,2.0,-8.4,,,,,,,,,,,,,,,2026,3,11,68,1,1,0,0
278,의성,2026-03-10,2.0,-5.9,628,11.3,1545,,,,,,,5.0,270,1327,2.6,230,1336,0.6,509,320,-5.3,27,1634,64.5,4.1,1015.5,1028.8,844,1022.7,1652,1025.8,11.7,9.9,,,,,,,,,1.0,0.1,4.9,-10.5,,,,,,,,,,,,,,,2026,3,11,69,1,1,0,0
278,의성,2026-03-11,3.6,-4.9,527,13.3,1502,,,,,,,4.7,290,1523,2.7,270,1531,0.6,508,250,-7.0,13,1557,54.8,3.7,1014.2,1026.9,820,1021.3,1610,1024.4,11.8,8.8,,,,,,,,,2.3,1.5,6.0,-8.3,,,,,,,,,,,,,,,2026,3,11,70,1,1,0,0
278,의성,2026-03-12,4.1,-2.8,707,13.5,1339,,,,,,0.0,9.1,50,1401,5.2,90,1424,1.5,1300,90,-1.2,34,1337,70.5,5.7,1016.0,1029.0,2259,1023.7,1530,1026.2,11.8,6.0,,,,,,,,,2.1,1.5,6.3,-6.3,,,,,,,,,,,,,,,2026,3,11,71,1,1,0,0
278,의성,2026-03-13,3.0,-3.3,645,9.9,1354,,,,,,0.0,9.2,110,1417,4.7,90,1428,1.4,1239,70,-2.6,40,1456,69.8,5.1,1019.7,1031.4,2246,1028.7,1506,1030.0,11.8,7.2,,,,,,,,,1.8,1.3,5.9,-8.4,,,,,,,,,,,,,,,2026,3,11,72,1,1,0,0
278,의성,2026-03-14,4.1,-4.7,553,13.8,1541,,,,,,,8.0,180,1406,3.0,270,1328,0.6,547,20,-3.9,24,1651,61.9,4.6,1017.7,1031.2,3,1024.7,1702,1028.0,11.9,7.4,,,,,,,,,4.3,2.8,7.2,-9.5,,,,,,,,,,,,,,,2026,3,11,73,1,1,0,0
278,의성,2026-03-15,6.2,0.9,40,10.3,1710,,,,,,0.0,4.6,270,1608,2.4,200,1142,0.9,749,270,-0.2,41,1039,65.3,6.1,1014.4,1026.5,815,1022.3,1658,1024.5,11.9,0.1,,,,,,,,,9.4,8.0,6.7,-2.1,,,,,,,,,,,,,,,2026,3,11,74,1,1,0,0
278,의성,2026-03-16,7.8,-0.7,654,16.2,1512,,,,,,,6.1,250,1312,2.9,230,1313,0.7,634,360,0.6,31,1513,66.0,6.4,1012.2,1025.3,742,1018.9,1729,1022.3,12.0,5.4,,,,,,,,,5.1,2.6,10.3,-4.2,,,,,,,,,,,,,,,2026,3,12,75,1,1,0,0
278,의성,2026-03-17,8.3,-0.9,651,18.1,1546,,,,,,,5.2,200,1340,2.8,230,1343,0.7,571,230,-0.2,21,1517,62.4,6.1,1010.3,1023.3,747,1017.2,1715,1020.3,12.0,9.7,,,,,,,,,0.8,0.8,11.3,-6.0,,,,,,,,,,,,,,,2026,3,12,76,1,1,0,0
278,의성,2026-03-18,7.9,4.2,111,10.3,1555,,,,,,5.2,4.4,270,2216,2.5,270,2219,0.7,569,270,5.5,73,1,85.5,9.1,1003.6,1019.2,1,1009.6,1734,1013.6,12.1,0.0,,,,,,,,,9.8,6.3,8.3,0.7,,,,,,,,,,,,,,,2026,3,12,77,1,1,0,1
278,의성,2026-03-19,6.4,-0.9,652,14.3,1545,,,,,,,6.8,270,1817,3.7,270,1619,1.2,1062,270,-1.3,24,1450,64.5,5.7,1006.5,1019.0,2400,1014.0,1653,1016.5,12.1,9.3,,,,,,,,,0.0,0.0,9.0,-4.9,,,,,,,,,,,,,,,2026,3,12,78,1,1,0,0
278,의성,2026-03-20,5.9,-3.3,642,16.1,1512,,,,,,,10.3,290,1550,5.7,290,1523,1.4,1232,290,-4.5,20,1239,54.0,4.4,1009.6,1023.3,2352,1017.0,1452,1019.6,12.1,9.9,,,,,,,,,2.0,0.0,7.6,-6.8,,,,,,,,,,,,,,,2026,3,12,79,1,1,0,0
278,의성,2026-03-21,6.7,-2.8,629,17.8,1546,,,,,,,7.0,320,1455,4.6,320,1500,0.8,727,290,-5.2,12,1815,52.5,4.3,1012.5,1025.4,843,1019.6,1711,1022.6,12.2,10.4,,,,,,,,,0.0,0.0,9.5,-7.0,,,,,,,,,,,,,,,2026,3,12,80,1,1,0,0
278,의성,2026-03-22,7.9,0.0,148,18.5,1543,,,,,,,5.8,230,1427,3.0,250,1430,0.6,538,20,-3.6,16,1651,49.4,4.7,1008.6,1022.4,303,1015.1,1639,1018.6,12.2,6.7,,,,,,,,,5.5,1.9,11.2,-4.0,,,,,,,,,,,,,,,2026,3,12,81,1,1,0,0
278,의성,2026-03-23,9.1,-2.1,636,20.9,1523,,,,,,,6.7,90,1655,3.8,90,1701,1.1,941,90,-2.8,14,1303,52.0,5.1,1009.1,1022.1,2357,1016.2,1503,1019.1,12.2,10.4,,,,,,,,,0.5,0.0,12.8,-6.6,,,,,,,,,,,,,,,2026,3,13,82,1,1,0,0
278,의성,2026-03-24,10.7,-0.6,642,19.4,1427,,,,,,,4.7,290,1525,2.8,230,1926,0.9,735,50,1.5,27,1531,58.5,6.9,1007.9,1022.3,59,1013.7,1728,1017.7,12.3,7.5,,,,,,,,,5.4,3.9,14.2,-4.6,,,,,,,,,,,,,,,2026,3,13,83,1,1,1,0
278,의성,2026-03-25,11.5,5.4,2359,18.7,1611,,,,,,,3.4,250,1449,1.9,250,1456,0.5,461,250,3.9,34,1604,62.5,8.1,1003.3,1015.2,16,1010.2,1609,1013.1,12.3,3.0,,,,,,,,,6.0,2.4,12.9,0.1,,,,,,,,,,,,,,,2026,3,13,84,1,0,1,0
278,의성,2026-03-26,11.2,1.1,634,23.1,1540,,,,,,,8.0,270,1609,4.4,320,1639,1.0,845,320,1.3,17,1608,59.4,6.8,1003.7,1016.5,742,1009.7,1539,1013.5,12.4,9.7,,,,,,,,,0.0,0.0,14.4,-3.5,,,,,,,,,,,,,,,2026,3,13,85,1,1,1,0
278,의성,2026-03-27,12.9,1.0,614,23.2,1609,,,,,,,8.2,270,1806,4.5,290,1659,1.4,1200,270,1.6,24,1348,52.4,6.9,1002.4,1015.6,654,1008.0,1603,1012.1,12.4,9.1,,,,,,,,,1.5,0.1,14.8,-3.0,,,,,,,,,,,,,,,2026,3,13,86,1,1,1,0
278,의성,2026-03-28,12.8,3.5,617,22.4,1606,,,,,,,6.3,230,1451,3.4,270,1650,1.0,899,180,2.7,21,1612,57.1,7.5,1004.4,1016.7,2344,1011.2,1624,1014.2,12.4,10.8,,,,,,,,,1.4,0.0,16.5,-1.9,,,,,,,,,,,,,,,2026,3,13,87,1,1,1,0
278,의성,2026-03-29,12.3,3.2,618,22.7,1537,,,,,,,6.3,290,1513,3.0,270,1515,0.8,656,250,3.4,22,1710,61.1,7.9,1005.6,1017.8,759,1012.4,1601,1015.4,12.5,7.3,,,,,,,,,3.3,0.5,16.2,-1.4,,,,,,,,,,,,,,,2026,3,13,88,1,1,1,0
278,의성,2026-03-30,11.9,5.0,422,20.1,1330,,,,,,8.9,7.5,200,1628,4.3,200,1636,0.7,578,230,6.8,36,1452,75.8,10.1,1003.0,1017.0,822,1006.3,2400,1012.7,12.5,0.2,,,,,,,,,8.4,5.8,12.8,-0.1,,,,,,,,,,,,,,,2026,3,14,89,1,0,1,1
278,의성,2026-03-31,12.8,9.9,2400,15.7,1050,,,,,,15.0,7.7,20,1051,4.1,50,1154,1.5,1324,50,8.7,58,1442,78.0,11.3,999.5,1014.1,2054,1002.9,332,1009.2,12.5,0.7,,,,,,,,,9.0,7.4,12.9,7.3,,,,,,,,,,,,,,,2026,3,14,90,1,0,1,1
278,의성,2026-04-01,12.4,7.7,551,17.4,1348,0.4,1927.0,0.6,1917.0,,0.6,6.7,290,1920,3.1,290,1924,0.8,733,20,8.9,54,1213,81.5,11.4,1002.5,1014.6,644,1009.4,1554,1012.2,12.6,1.5,,,,,,,,,9.0,7.1,13.0,5.6,,,,,,,,,,,,,,,2026,4,14,91,1,0,1,0
278,의성,2026-04-02,11.8,4.7,610,19.7,1513,,,,,,,9.2,290,1543,5.0,290,1549,1.5,1291,270,2.5,24,1545,59.9,7.4,1004.0,1016.6,2344,1011.2,1537,1013.7,12.6,11.0,,,,,,,,,0.0,0.0,14.1,0.2,,,,,,,,,,,,,,,2026,4,14,92,1,0,1,0
278,의성,2026-04-03,14.4,3.9,602,22.9,1445,,,,,,,6.3,250,1441,3.3,230,1442,1.1,909,200,3.4,23,1539,52.4,7.8,1003.2,1017.5,413,1008.9,1750,1012.9,12.7,6.4,,,,,,,,,7.8,2.0,14.4,-0.5,,,,,,,,,,,,,,,2026,4,14,93,1,0,1,0
278,의성,2026-04-04,12.8,8.8,2352,18.9,1428,1.4,620.0,6.8,539.0,,37.4,7.9,360,1020,3.7,290,1534,1.7,1505,20,10.9,46,1,89.6,13.1,991.0,1009.3,3,995.3,1302,1000.6,12.7,1.5,,,,,,,,,7.1,4.9,13.1,4.9,,,,,,,,,,,,,,,2026,4,14,94,1,0,1,1
278,의성,2026-04-05,11.5,4.4,640,20.4,1614,,,,,,,5.3,320,1538,2.6,230,1438,0.9,753,70,4.1,20,1552,65.6,8.2,997.8,1009.4,800,1005.3,1636,1007.6,12.7,10.2,,,,,,,,,1.6,0.5,14.2,-0.3,,,,,,,,,,,,,,,2026,4,14,95,1,0,1,0
278,의성,2026-04-06,9.2,4.5,2351,11.4,1331,2.6,802.0,7.9,801.0,,13.7,5.0,180,1129,2.8,230,1136,0.7,577,180,8.1,75,253,93.5,10.9,999.6,1013.2,823,1007.2,1505,1009.4,12.8,0.0,,,,,,,,,7.3,6.1,10.0,-0.7,,,,,,,,,,,,,,,2026,4,15,96,1,0,0,1
278,의성,2026-04-07,7.3,-0.4,618,15.0,1557,,,,,,,10.3,290,1338,4.9,360,1159,1.7,1458,270,-3.8,17,1211,54.6,4.8,1004.9,1018.9,2355,1011.6,1,1014.9,12.8,11.0,,,,,,,,,0.0,0.0,11.6,-4.4,,,,,,,,,,,,,,,2026,4,15,97,1,0,0,0
