stnId,stnNm,tm,avgTa,minTa,minTaHrmt,maxTa,maxTaHrmt,mi10MaxRn,mi10MaxRnHrmt,hr1MaxRn,hr1MaxRnHrmt,sumRnDur,sumRn,maxInsWs,maxInsWsWd,maxInsWsHrmt,maxWs,maxWsWd,maxWsHrmt,avgWs,hr24SumRws,maxWd,avgTd,minRhm,minRhmHrmt,avgRhm,avgPv,avgPa,maxPs,maxPsHrmt,minPs,minPsHrmt,avgPs,ssDur,sumSsHr,hr1MaxIcsrHrmt,hr1MaxIcsr,sumGsr,ddMefs,ddMefsHrmt,ddMes,ddMesHrmt,sumDpthFhsc,avgTca,avgLmac,avgTs,minTg,avgCm5Te,avgCm10Te,avgCm20Te,avgCm30Te,avgM05Te,avgM10Te,avgM15Te,avgM30Te,avgM50Te,sumLrgEv,sumSmlEv,n99Rn,iscs,sumFogDur,year,month,week,doy,is_spring,cold_stress,warm_day,rain_day
184,제주,2019-01-01,5.6,4.8,2040,7.0,1238,,,,,2.58,0.0,13.6,320,1503,7.6,320,1709,5.3,4560,290,-1.3,47,1602,61.1,5.6,1031.7,1035.5,0257,1032.3,1444,1034.3,10.0,0.1,1200,0.66,2.27,,,,,,9.0,9.0,4.8,4.3,6.4,6.2,6.0,9.3,10.3,12.2,12.4,17.7,19.5,1.6,2.3,0.0,{비}0736-0742. {비}0827-0836. {비}0904-0937. {비}1007-1058. {비}1105-1116. {소낙성진눈깨비}1536-1547. {소낙성진눈깨비}1732-1757. {소낙성진눈깨비}1811-1820.,,2019,1,1,1,0,0,0,0
184,제주,2019-01-02,5.1,4.5,0320,6.1,1353,,,,,,,11.4,20,0323,6.2,360,0752,4.0,3427,360,-1.8,53,0421,60.9,5.3,1031.7,1035.9,1002,1032.2,1342,1034.3,10.0,0.0,1200,0.56,2.1,,,,,,8.8,8.8,4.6,2.9,6.3,6.0,5.7,9.1,10.2,11.8,12.0,18.1,19.5,1.1,1.6,,,,2019,1,1,2,0,0,0,0
184,제주,2019-01-03,5.1,3.5,2251,8.0,1406,,,,,,,8.2,20,0848,5.1,20,0901,2.6,2217,20,-2.0,41,1416,60.1,5.3,1031.8,1036.6,0955,1033.2,1453,1034.4,10.0,5.0,1300,2.01,8.89,,,,,,4.1,4.1,5.5,-1.8,6.4,6.2,5.8,8.8,9.7,11.5,11.9,18.2,19.4,1.3,1.9,,,,2019,1,1,3,0,0,0,0
184,제주,2019-01-04,5.8,2.6,0320,10.0,1257,,,,,9.35,1.6,7.6,20,1632,4.6,20,1636,2.1,1799,160,2.1,63,0001,77.5,7.2,1027.2,1033.7,0001,1027.2,2326,1029.8,10.0,0.1,1200,0.71,3.02,,,,,,8.1,6.3,5.2,-2.6,6.2,5.9,5.6,8.7,9.4,11.2,12.0,18.1,19.4,0.8,1.1,1.6,{비}1346-{비}{강도0}1500-{비}{강도0}1800-1912. {비}2005-{비}{강도0}2100-{비}{강도0}2400- {박무}2153-{박무}{강도0}2400-,,2019,1,1,4,0,0,0,1
184,제주,2019-01-05,7.0,5.2,2041,9.0,1233,,,,,3.07,0.0,8.9,360,0935,5.1,20,0408,3.0,2612,360,1.2,50,2129,66.8,6.7,1023.5,1027.5,0001,1024.6,1801,1026.0,10.0,3.6,1400,1.14,6.14,,,,,,5.9,5.1,6.6,0.1,7.3,7.0,7.0,8.7,9.3,11.1,12.4,18.0,19.5,1.4,2.0,,-{비}-0121. -{박무}-0151. {비}0311-0438. {비}0609-0625. {박무}0615-{박무}{강도0}0900-{박무}{강도1}1200-1412. {연무}1407-{연무}{강도0}1500-1609.,,2019,1,1,5,0,0,0,0
184,제주,2019-01-06,5.7,4.5,2151,7.7,1408,,,,,,,7.8,360,1141,4.4,360,0420,2.6,2257,360,-0.5,54,1401,64.4,5.9,1025.7,1029.8,2201,1025.7,0041,1028.3,10.0,2.3,1300,1.64,7.57,,,,,,6.5,5.5,5.8,-0.5,7.0,6.8,6.6,8.8,9.5,11.5,12.2,18.0,19.5,1.2,1.7,,,,2019,1,1,6,0,0,0,0
184,제주,2019-01-07,5.9,3.1,0747,8.8,1254,,,,,,,6.8,20,2049,3.8,20,1317,2.2,1897,340,-0.1,56,1348,65.5,6.1,1025.4,1029.9,1014,1026.7,1504,1028.0,10.0,5.2,1300,1.94,9.6,,,,,,6.6,4.6,6.1,-1.6,6.7,6.5,6.2,8.7,9.3,11.4,12.1,18.0,19.5,1.6,2.3,,{연무}1824-{연무}{강도0}2100-2212.,,2019,1,2,7,0,0,0,0
184,제주,2019-01-08,6.6,4.5,2151,8.8,1346,,,,,0.4,0.0,13.6,320,1727,7.0,320,1706,4.3,3730,360,-0.1,55,1811,62.5,6.1,1026.1,1031.9,2316,1026.6,1359,1028.6,10.1,0.3,1300,1.04,2.96,,,,,,9.3,7.8,6.4,3.8,7.3,7.1,7.0,8.8,9.6,11.5,12.4,17.9,19.5,1.5,2.2,0.0,{소나기}1020-1026. {소나기}1104-1122. {연무}1110-{연무}{강도0}1200-1420.,,2019,1,2,8,0,0,0,0
184,제주,2019-01-09,4.5,2.2,0637,5.8,2207,,,,,0.1,0.0,12.1,360,0038,7.0,360,0031,3.2,2744,50,-3.6,48,0932,55.5,4.7,1028.8,1034.0,0942,1027.8,2357,1031.4,10.1,1.2,1100,1.35,7.36,,,,,,8.5,3.6,6.2,1.4,6.8,6.5,6.3,8.8,9.8,11.8,12.3,17.8,19.4,1.2,1.8,0.0,{소나기}0028-0034.,,2019,1,2,9,0,0,0,0
184,제주,2019-01-10,6.9,5.6,0044,7.8,2039,,,,,1.87,0.0,9.1,20,2236,5.2,360,2237,3.0,2620,320,0.8,58,0005,65.1,6.5,1023.9,1027.9,1032,1025.1,2222,1026.4,10.1,0.1,1200,0.7,3.72,,,,,,9.6,6.4,6.6,2.3,7.3,7.0,7.0,8.8,9.8,11.6,12.2,17.7,19.4,1.2,1.7,,{비}0347-0355. {비}0405-0549.,,2019,1,2,10,0,0,0,0
184,제주,2019-01-11,7.9,5.9,0741,9.4,1503,,,,,4.58,1.7,9.4,20,0753,5.0,20,0733,2.3,1980,360,2.8,60,1525,70.9,7.6,1021.5,1026.9,0945,1020.7,2304,1024.0,10.1,0.5,1200,1.14,5.63,,,,,,9.4,6.5,8.8,4.7,7.8,7.6,7.8,8.9,9.8,11.6,12.2,17.7,19.4,0.9,1.4,3.2,{박무}0719-{박무}{강도0}0900-1045. {연무}1040-{연무}{강도0}1200-{연무}{강도0}1500-1630. {비}1925-{비}{강도0}2100-{비}{강도0}2400- {박무}1955-{박무}{강도0}2100-2355.,,2019,1,2,11,0,0,0,1
184,제주,2019-01-12,8.9,8.1,0714,10.9,1346,,,,,7.62,2.0,7.8,20,0350,4.9,360,0712,2.7,2318,360,4.0,49,1557,72.8,8.2,1019.7,1024.3,2200,1019.8,0427,1022.2,10.1,4.7,1300,1.85,8.35,,,,,,7.3,6.3,9.4,3.6,8.9,8.6,8.9,9.3,10.2,11.6,12.3,17.6,19.4,1.7,2.5,0.5,{박무}0020-{박무}{강도0}0300-{박무}{강도0}0600-0826. -{비}-{비}{강도0}0300-0347. {비}0402-0433. {비}0658-{비}{강도0}0900-1017. {연무}1608-{연무}{강도0}1800-{연무}{강도0}2100-2101. {연무}2340-{연무}{강도0}2400-,,2019,1,2,12,0,0,0,1
184,제주,2019-01-13,7.9,6.6,2315,10.0,1333,,,,,,,10.3,50,0757,5.8,360,0916,3.5,3003,360,1.8,53,1622,65.6,7.0,1022.6,1026.1,2206,1023.6,0001,1025.1,10.1,2.3,1300,1.45,6.89,,,,,,5.3,5.3,7.2,3.7,8.5,8.3,8.2,9.6,10.5,11.8,12.4,17.6,19.3,1.5,2.1,,-{연무}-0013. {연무}1012-{연무}{강도0}1200-{연무}{강도0}1500-1641. {연무}1721-{연무}{강도0}1800-{연무}{강도0}2100-{연무}{강도0}2400-,,2019,1,2,13,0,0,0,0
184,제주,2019-01-14,7.3,5.5,0740,9.7,1232,,,,,,,6.8,360,0257,3.2,290,1447,2.0,1751,200,1.3,58,1440,66.1,6.7,1023.0,1027.2,0807,1024.4,1810,1025.5,10.2,5.0,1200,1.88,9.93,,,,,,5.6,4.5,7.2,2.7,8.2,7.9,7.8,9.6,10.4,11.7,12.1,17.6,19.3,1.5,2.2,,-{연무}-{연무}{강도0}0300-{연무}{강도0}0600-{연무}{강도0}0900-{연무}{강도0}1200-{연무}{강도0}1500-{연무}{강도0}1800-{연무}{강도1}2100-{연무}{강도0}2400-,,2019,1,3,14,0,0,0,0
184,제주,2019-01-15,7.0,3.6,2347,9.9,1419,,,,,,,14.3,320,1835,7.6,320,2031,4.1,3515,320,-0.1,50,1420,61.0,6.1,1022.5,1027.5,2317,1023.6,0539,1025.0,10.2,3.1,1200,1.92,8.16,,,,,,7.8,6.9,7.2,2.8,8.1,7.8,7.7,9.6,10.3,11.6,12.1,17.4,19.3,1.9,2.7,,-{연무}-{연무}{강도0}0300-{연무}{강도0}0600-{연무}{강도1}0900-{연무}{강도0}1200-1245. {연무}1744-{연무}{강도0}1800-1922.,,2019,1,3,15,0,0,0,0
184,제주,2019-01-16,3.1,2.0,0503,4.0,2323,,,,,,,13.4,20,0403,7.8,320,0016,4.2,3666,320,-3.1,56,0036,63.5,4.9,1024.6,1028.8,1117,1026.1,1313,1027.2,10.2,0.0,1300,0.56,2.33,,,,,,9.1,8.8,4.0,2.2,6.7,6.5,5.7,9.5,10.3,11.6,11.5,16.6,19.2,1.2,1.7,,,,2019,1,3,16,0,0,0,0
184,제주,2019-01-17,5.6,3.9,0112,6.5,1053,,,,,0.1,0.0,11.1,320,1942,7.2,320,1453,4.3,3704,320,-2.4,50,1541,56.4,5.1,1023.4,1028.9,2352,1024.1,1410,1026.0,10.2,0.0,1200,0.34,1.95,,,,,,8.4,8.0,4.8,3.5,6.2,6.0,5.7,8.9,9.7,11.2,11.3,16.9,19.2,1.3,1.9,0.0,{소나기}1147-1153.,,2019,1,3,17,0,0,0,0
184,제주,2019-01-18,6.4,3.9,0612,9.8,1443,,,,,,,7.3,290,0053,3.9,360,0227,1.9,1643,180,-0.1,51,1150,63.4,6.1,1025.4,1030.7,0918,1026.6,1627,1028.0,10.2,7.8,1200,2.2,12.79,,,,,,2.5,2.3,6.7,-1.1,6.6,6.3,6.1,8.6,9.1,10.9,11.2,17.0,19.2,1.9,2.7,,,,2019,1,3,18,0,0,0,0
184,제주,2019-01-19,8.9,3.6,0548,12.6,2002,,,,,5.77,1.0,10.3,270,2322,5.2,250,2323,2.3,1969,160,4.4,62,0935,73.8,8.7,1019.2,1026.8,0001,1017.7,2218,1021.7,10.3,1.8,0900,0.98,3.38,,,,,,7.4,5.5,6.4,-1.8,6.9,6.5,6.5,8.7,9.1,10.7,11.4,17.2,19.2,1.0,1.5,1.0,{비}1439-{비}{강도0}1500-{비}{강도0}1800-2025. {박무}1451-{박무}{강도0}1500-{박무}{강도0}1800-1835. {박무}2050-{박무}{강도0}2100-{박무}{강도0}2400-,,2019,1,3,19,0,0,0,1
184,제주,2019-01-20,6.7,3.9,2336,11.6,0001,,,,,1.63,0.0,14.6,320,1923,7.7,320,1005,5.6,4860,320,0.8,49,1443,66.4,6.6,1021.2,1027.1,2327,1017.9,0057,1023.7,10.3,2.0,1400,1.2,6.36,,,,,,8.0,7.3,7.3,3.3,8.0,7.7,7.7,8.9,9.4,10.7,11.3,16.0,18.8,1.8,2.6,,{비}0045-0152. {비}0223-0233. -{박무}-{박무}{강도0}0300-0510. {비}0445-0506. {박무}0917-1023.,,2019,1,3,20,0,0,0,0
184,제주,2019-01-21,6.2,3.9,0103,8.1,1427,,,,,,,12.3,340,0212,6.9,320,0220,4.4,3759,270,-1.2,51,1151,59.0,5.6,1022.3,1027.2,0002,1023.0,1641,1024.8,10.3,2.9,1200,1.8,8.87,,,,,,7.1,7.1,7.0,1.7,7.1,6.8,6.8,8.9,9.3,10.7,10.5,16.0,18.9,1.8,2.5,,,,2019,1,4,21,0,0,0,0
184,제주,2019-01-22,8.3,5.8,0222,10.9,1320,,,,,,,9.7,270,2125,5.1,290,2132,3.3,2894,270,0.3,40,1542,57.4,6.2,1019.5,1023.5,0001,1021.0,1413,1022.0,10.3,5.5,1300,2.13,9.77,,,,,,4.5,3.8,8.1,2.0,7.5,7.2,7.3,8.9,9.2,10.3,10.4,16.2,19.0,2.1,3.1,,{연무}1806-{연무}{강도0}2100-{연무}{강도0}2400-,,2019,1,4,22,0,0,0,0
184,제주,2019-01-23,8.6,6.7,0119,11.9,1411,,,,,,,9.2,270,1438,5.3,270,1155,3.5,2987,230,0.2,40,2305,56.4,6.3,1019.7,1024.0,2342,1020.6,0548,1022.2,10.3,7.8,1200,2.15,12.13,,,,,,0.9,0.9,7.7,0.9,7.6,7.3,7.3,8.9,9.1,10.0,10.4,16.1,18.9,2.4,3.4,,-{연무}-{연무}{강도0}0300-{연무}{강도0}0600-0633. {연무}0936-1010. {연무}1351-{연무}{강도0}1500-{연무}{강도0}1800-1912.,,2019,1,4,23,0,0,0,0
184,제주,2019-01-24,6.2,3.4,0651,9.6,1325,,,,,,,7.5,20,0025,4.4,360,0032,2.0,1757,180,-2.0,40,1027,56.1,5.3,1022.2,1026.2,1049,1023.6,1410,1024.8,10.4,9.7,1200,2.31,14.28,,,,,,0.0,0.0,6.3,-2.4,7.1,6.7,6.1,8.9,9.0,9.9,10.4,16.4,19.0,2.2,3.1,,,,2019,1,4,24,0,0,0,0
184,제주,2019-01-25,5.7,3.6,0420,10.1,1250,,,,,,,16.7,320,2109,9.0,320,2303,4.1,3549,320,-1.4,42,1138,60.4,5.6,1022.5,1026.9,2300,1023.0,1514,1025.0,10.4,4.3,1200,1.97,7.95,,,,,,5.3,4.6,5.2,-2.5,6.6,6.3,5.6,8.6,8.8,9.8,10.6,16.6,19.1,2.1,3.0,,,,2019,1,4,25,0,0,0,0
184,제주,2019-01-26,4.3,2.9,0545,5.8,1151,,,,,,,18.0,20,1025,9.7,360,0902,5.6,4822,360,-3.7,44,1158,56.1,4.7,1026.2,1031.0,2053,1026.5,0056,1028.8,10.4,4.8,1200,1.94,10.38,,,,,,4.6,4.6,5.7,1.1,6.2,6.0,5.5,8.6,9.0,10.0,10.3,15.9,18.7,1.7,2.5,,,,2019,1,4,26,0,0,0,0
184,제주,2019-01-27,5.6,2.4,0647,8.5,1402,,,,,,,6.9,250,1247,4.2,290,1256,2.4,2073,290,-1.1,50,1053,62.0,5.7,1026.1,1031.7,0853,1025.3,2327,1028.6,10.4,6.6,1300,2.18,13.04,,,,,,4.6,4.6,6.7,-2.3,6.4,6.1,5.9,8.2,8.5,9.9,10.2,16.3,18.9,2.1,3.0,,,,2019,1,4,27,0,0,0,0
184,제주,2019-01-28,7.7,4.8,2400,10.8,1008,,,,,,,12.5,290,1029,6.6,290,1124,4.4,3770,230,-0.3,42,1821,57.1,6.1,1021.7,1026.6,2337,1022.6,1404,1024.2,10.5,2.1,1300,1.22,6.69,,,,,,6.3,5.6,7.4,1.3,7.4,7.2,7.2,8.5,8.7,9.7,10.3,14.8,18.4,1.8,2.5,,{연무}1306-{연무}{강도0}1500-1654.,,2019,1,5,28,0,0,0,0
184,제주,2019-01-29,6.3,2.8,0733,9.2,1540,,,,,,,6.5,360,0414,4.2,20,1355,2.0,1721,20,-0.2,53,1054,63.6,6.1,1024.5,1028.8,0928,1025.8,1827,1027.0,10.5,8.7,1200,2.33,14.21,,,,,,2.4,1.9,7.5,-1.2,6.9,6.6,6.3,8.4,8.6,9.6,10.0,16.2,18.8,1.9,2.7,,,,2019,1,5,29,0,0,0,0
184,제주,2019-01-30,8.2,6.8,0001,10.1,1145,,,,,4.13,0.0,5.5,320,1448,3.7,290,1346,1.6,1390,230,2.8,56,2045,68.9,7.5,1022.0,1027.0,1025,1021.5,2359,1024.5,10.5,0.0,1100,1.0,4.44,,,,,,9.5,5.8,8.5,4.3,8.1,7.8,8.1,8.6,8.7,9.8,10.4,16.4,18.8,1.0,1.4,5.9,{비}1738-{비}{강도0}1800-1939. {비}2015-{비}{강도0}2100-2222.,,2019,1,5,30,0,0,0,0
184,제주,2019-01-31,4.9,3.3,1520,8.2,0305,,,,,12.37,17.9,21.2,20,1228,13.2,360,1254,5.2,4456,360,0.9,57,0112,76.3,6.7,1018.4,1025.5,2356,1017.1,0805,1020.9,10.6,0.0,1300,0.2,1.09,,,,,,9.0,7.4,5.4,2.1,7.3,7.1,6.5,8.8,9.1,10.0,11.1,16.4,18.8,1.1,1.6,12.0,{비}0222-{비}{강도0}0300-{비}{강도0}0600-{비}{강도1}0900-{비}{강도1}1200-1444. {박무}0347-{박무}{강도0}0600-{박무}{강도1}0900-{박무}{강도0}1200-1321.,,2019,1,5,31,0,0,0,1
184,제주,2019-02-01,5.0,3.4,0006,6.8,1349,,,,,0.17,0.0,15.8,340,0251,8.6,290,0443,4.8,4186,290,-2.7,46,1120,57.5,5.0,1023.4,1027.7,0956,1025.2,1541,1026.0,10.6,1.6,1100,1.7,6.9,,,,,,7.6,7.6,4.1,1.1,6.1,6.0,5.6,8.3,8.6,10.2,10.2,14.9,18.4,1.6,2.2,0.0,{소낙성진눈깨비}0943-0953.,,2019,2,5,32,1,0,0,0
184,제주,2019-02-02,9.3,5.0,0001,12.0,1610,,,,,,,6.0,50,1746,3.7,200,0816,2.2,1893,200,1.4,47,1043,58.3,6.8,1019.4,1025.7,0114,1017.6,2359,1021.9,10.6,7.5,1200,2.28,13.69,,,,,,6.6,4.6,9.0,1.6,7.3,7.0,7.6,8.1,8.3,9.9,10.1,16.0,18.7,2.1,3.0,8.7,{연무}0634-0850.,,2019,2,5,33,1,0,0,0
184,제주,2019-02-03,13.3,8.6,1940,18.4,0625,,,,,6.48,9.8,19.9,230,0633,10.2,230,0635,5.5,4719,250,10.4,61,0001,83.5,13.0,1012.9,1021.3,2355,1011.5,0621,1015.3,10.6,0.1,1100,1.21,3.13,,,,,,9.9,6.6,11.6,7.7,10.5,10.0,11.0,9.1,9.4,9.7,10.3,13.5,17.3,1.4,1.9,1.1,{비}0151-0240. {비}0310-{비}{강도1}0600-0703. {박무}1233-{박무}{강도0}1500-{박무}{강도0}1800-{박무}{강도0}2100-2130. {비}1452-{비}{강도0}1500-1524. {비}1919-1957. {비}2057-{비}{강도0}2100-2134.,,2019,2,5,34,1,0,0,1
184,제주,2019-02-04,6.9,4.9,2326,9.5,0030,,,,,,,14.3,320,0200,8.0,320,0123,3.4,2936,320,-3.1,30,1119,49.9,4.9,1023.4,1028.2,1049,1021.2,0001,1025.9,10.7,9.5,1200,2.41,15.14,,,,,,3.0,2.5,7.7,0.0,9.0,8.8,8.5,9.7,9.7,10.0,9.9,15.2,18.5,2.5,3.5,,{박무}0210-{박무}{강도0}0300-0415. {연무}0410-0510.,,2019,2,6,35,1,0,0,0
184,제주,2019-02-05,9.3,4.0,0642,13.6,1601,,,,,,,12.2,50,1450,7.1,50,1455,2.7,2344,50,1.1,47,1609,57.0,6.7,1018.2,1025.5,0051,1017.5,2248,1020.8,10.7,8.4,1200,2.36,14.52,,,,,,3.9,3.3,7.8,-0.7,8.1,7.9,7.8,9.4,9.5,10.0,10.0,15.7,18.7,2.5,3.5,,,,2019,2,6,36,1,0,0,0
184,제주,2019-02-06,11.8,9.1,2351,15.5,1054,,,,,,,5.5,270,1427,3.8,290,1617,1.8,1551,160,4.9,49,0310,63.5,8.8,1014.1,1017.7,2158,1015.4,1310,1016.5,10.7,3.0,1000,1.75,8.87,,,,,,5.3,4.4,9.7,3.6,9.8,9.5,10.1,9.6,9.8,10.1,10.6,15.8,18.6,1.5,2.2,3.3,,,2019,2,6,37,1,0,0,0
184,제주,2019-02-07,6.5,1.9,2348,12.1,0559,,,,,4.58,3.8,13.3,50,0917,8.3,20,0938,3.5,3021,360,1.4,49,1731,70.5,7.2,1018.3,1025.9,2255,1014.2,0416,1020.8,10.7,1.0,1400,0.67,2.73,,,,,,7.4,5.6,6.9,-0.4,8.8,8.6,8.3,10.0,10.1,10.3,10.7,15.7,18.5,1.1,1.5,0.5,{비}0654-{비}{강도0}0900-0931. {박무}0708-{박무}{강도1}0900-{박무}{강도0}1200-1331. {비}1004-1051. {비}1217-1328.,,2019,2,6,38,1,0,0,1
184,제주,2019-02-08,3.4,1.5,0603,5.6,1253,,,,,,,9.1,20,0300,4.9,360,0301,2.8,2453,360,-4.7,39,1631,55.3,4.3,1021.5,1026.7,0523,1021.1,1635,1024.1,10.8,5.9,1100,2.32,12.46,,,,,,8.5,2.3,5.2,-0.3,7.0,6.8,6.2,9.2,9.5,10.6,10.9,15.8,18.7,1.9,2.6,0.0,,,2019,2,6,39,1,0,0,0
184,제주,2019-02-09,3.0,1.5,1955,4.7,0200,,,,,2.45,0.0,13.6,340,1224,7.1,320,1253,4.3,3723,320,-3.9,50,0233,60.4,4.6,1024.9,1030.3,1942,1022.8,0001,1027.5,10.8,0.9,1100,0.97,4.92,,,,,,9.3,6.3,3.4,0.2,6.5,6.4,5.7,8.9,9.3,10.5,10.7,15.7,18.6,1.4,1.9,,{비}0317-0327. {비}0422-0523. {비}0606- {진눈깨비}0710-0722.,,2019,2,6,40,1,0,0,0
184,제주,2019-02-10,3.1,2.0,0141,4.9,1145,,,,,,,8.8,50,0133,5.7,20,0141,3.1,2664,290,-4.8,50,0529,56.1,4.3,1026.5,1030.7,1009,1027.7,1350,1029.1,10.8,1.1,1100,1.8,6.38,,,,,,8.4,4.1,3.5,0.2,6.0,5.9,5.3,8.3,8.8,10.3,10.9,15.8,18.6,1.5,2.1,0.0,,,2019,2,6,41,1,0,0,0
184,제주,2019-02-11,3.7,2.9,2357,4.7,1511,,,,,0.32,0.0,14.3,320,0334,7.4,320,0721,4.4,3775,320,-2.9,54,1406,61.5,4.9,1029.4,1034.4,2131,1029.2,0103,1032.0,10.9,0.0,1300,0.41,2.55,,,,,,8.1,8.1,3.6,-2.4,5.7,5.5,5.1,8.1,8.7,10.2,10.4,14.9,18.2,1.0,1.4,0.0,{소낙성진눈깨비}0644-0649. {소낙성진눈깨비}0950-1004.,,2019,2,7,42,1,0,0,0
184,제주,2019-02-12,5.7,1.0,0350,8.7,1519,,,,,,,8.7,20,1255,5.4,50,1157,2.3,1967,180,-2.8,36,1320,55.3,5.0,1029.8,1034.8,1016,1030.3,1832,1032.4,10.9,8.1,1200,2.5,14.89,,,,,,5.8,3.3,6.6,-4.6,5.7,5.3,5.1,7.7,8.0,9.8,10.4,15.7,18.5,2.3,3.3,,,,2019,2,7,43,1,0,0,0
184,제주,2019-02-13,6.8,5.2,2357,8.7,1315,,,,,,,8.6,50,2018,5.5,360,2023,3.3,2845,360,-2.7,36,1135,51.3,5.0,1028.3,1032.1,1035,1029.3,1632,1030.9,10.9,9.5,1200,2.47,15.74,,,,,,3.9,1.4,9.2,2.0,7.3,7.0,7.2,8.0,8.5,9.8,10.9,15.7,18.5,2.8,4.0,,{연무}0838-{연무}{강도0}0900-0912. {연무}1705-{연무}{강도0}1800-{연무}{강도0}2100-2352.,,2019,2,7,44,1,0,0,0
184,제주,2019-02-14,5.6,4.2,2227,8.0,1530,,,,,,,7.7,360,0358,4.9,360,0426,2.2,1915,20,-2.0,48,0231,58.3,5.3,1027.1,1031.9,0821,1027.7,1728,1029.7,11.0,2.7,1500,1.5,8.42,,,,,,6.3,6.3,7.1,-1.7,7.4,7.1,7.0,8.5,8.9,10.2,10.9,15.8,18.5,1.3,1.8,0.0,{연무}0134-0217. {연무}2248-{연무}{강도0}2400-,,2019,2,7,45,1,0,0,0
184,제주,2019-02-15,6.4,4.3,0143,7.7,0955,,,,,6.87,0.0,8.8,290,2353,5.2,320,2329,2.4,2102,320,1.4,57,0307,71.4,6.8,1021.8,1027.9,0001,1022.7,1757,1024.3,11.0,0.0,1200,0.33,2.07,,,,,,9.5,6.5,5.7,-1.4,6.8,6.5,6.2,8.4,8.9,10.2,10.7,15.8,18.5,1.1,1.6,0.0,-{연무}-0050. {비}0413-{비}{강도0}0600-0818. {박무}0551-{박무}{강도0}0600- {비}0849-{비}{강도0}0900-1136. {박무}{강도0}0900-1144.,,2019,2,7,46,1,0,0,0
184,제주,2019-02-16,4.2,3.1,2239,7.0,0037,,,,,,,12.5,290,0836,7.3,320,0747,4.7,4070,320,-2.1,53,1511,63.1,5.3,1022.4,1026.3,0953,1023.1,0212,1025.0,11.0,0.0,1200,0.44,2.18,,,,,,9.5,8.8,4.7,2.6,6.3,6.2,5.7,8.1,8.8,10.2,10.5,14.5,17.9,1.2,1.7,,{연무}0110-{연무}{강도0}0300-0311.,,2019,2,7,47,1,0,0,0
184,제주,2019-02-17,4.4,3.1,0005,6.9,1411,,,,,,,8.4,360,0728,4.7,290,0944,3.1,2658,320,-3.1,48,1514,58.5,4.9,1024.2,1027.9,0914,1025.2,1526,1026.8,11.1,1.6,1400,1.61,8.79,,,,,,7.5,5.9,6.8,-1.8,6.2,5.9,5.7,7.9,8.4,10.0,10.0,14.8,18.2,1.4,2.0,,,,2019,2,7,48,1,0,0,0
184,제주,2019-02-18,7.1,2.9,0212,9.8,1434,,,,,8.4,2.1,8.7,90,2202,4.5,70,2200,2.1,1802,180,1.5,46,1148,68.3,7.0,1021.2,1027.5,0001,1019.3,2357,1023.7,11.1,0.0,1100,1.19,4.87,,,,,,9.8,5.5,6.4,-2.1,6.4,6.2,6.2,7.8,8.2,9.5,10.0,15.6,18.4,1.1,1.5,17.1,{달무리}0034-0245. {비}1111-1123. {비}1248-1345. {비}1432-{비}{강도0}1500-1637. {비}1710-1805. {비}1945-{비}{강도0}2100-{비}{강도0}2400- {박무}2252-2335.,,2019,2,8,49,1,0,0,1
184,제주,2019-02-19,9.3,6.4,2259,13.0,1206,,,,,8.77,15.9,15.8,50,0623,10.1,20,0626,4.1,3550,270,7.1,77,2107,87.0,10.3,1015.4,1023.7,2358,1012.6,0422,1017.9,11.1,0.0,1100,0.72,2.75,,,,,,8.9,7.0,8.8,3.7,8.6,8.2,8.7,8.2,8.5,9.5,11.2,15.6,18.3,0.8,1.1,0.9,-{비}-{비}{강도0}0300-{비}{강도1}0600-0805. {박무}0453-{박무}{강도1}0600-0654. {비}0950-1010. {박무}1227-1343. {비}1257-1318. {박무}1418-1445.,,2019,2,8,50,1,0,0,1
184,제주,2019-02-20,6.9,4.8,0459,9.4,1354,,,,,,,7.8,20,1200,4.7,360,1151,2.5,2117,270,1.3,59,1641,68.3,6.7,1023.3,1027.8,2309,1022.8,0139,1025.8,11.1,1.4,1300,1.79,7.62,,,,,,8.3,5.3,7.9,0.3,7.7,7.5,7.6,8.6,8.7,9.9,10.5,15.3,18.3,1.4,2.0,,{달코로나}0350-0455. {연무}1819-{연무}{강도0}2100-{연무}{강도0}2400-,,2019,2,8,51,1,0,0,0
184,제주,2019-02-21,7.1,5.6,0819,8.7,1332,,,,,,,7.1,20,0443,4.4,360,0449,2.4,2079,20,0.3,51,1418,62.0,6.2,1023.4,1027.9,0203,1024.1,2334,1026.0,11.2,7.1,1200,2.35,14.58,,,,,,7.0,2.8,8.7,4.3,8.3,8.0,8.2,8.6,8.9,10.0,10.7,15.5,18.3,1.9,2.7,0.0,-{연무}-{연무}{강도0}0300-{연무}{강도0}0600-{연무}{강도0}0900-{연무}{강도0}1200-1231. {연무}1957-{연무}{강도0}2100-{연무}{강도0}2400-,,2019,2,8,52,1,0,0,0
184,제주,2019-02-22,8.3,6.5,0153,10.9,1043,,,,,4.05,1.6,6.7,290,2136,4.5,20,1226,2.0,1687,160,3.3,61,2357,71.0,7.8,1018.2,1024.2,0001,1018.8,1445,1020.7,11.2,0.0,1000,0.73,2.74,,,,,,9.8,6.6,7.8,3.4,8.4,8.1,8.2,9.0,9.4,10.1,10.7,15.5,18.3,1.0,1.4,1.6,-{연무}-{연무}{강도0}0300-{연무}{강도0}0600-{연무}{강도0}0900-{연무}{강도0}1200-1206. {비}0857-{비}{강도0}0900-0903. {박무}1203-{박무}{강도0}1500-{박무}{강도0}1800-{박무}{강도0}2100-2146. {비}1610-{비}{강도0}1800-2007. {박무}2308-2332.,,2019,2,8,53,1,0,0,1
184,제주,2019-02-23,9.3,4.2,0606,13.7,1611,,,,,,,9.5,50,1523,5.9,50,1528,2.4,2080,50,2.3,50,1607,62.3,7.2,1020.1,1024.0,2334,1021.1,0024,1022.6,11.3,7.7,1200,2.63,16.02,,,,,,4.9,1.0,9.1,-1.0,8.4,8.1,8.5,9.0,9.1,10.2,10.6,15.5,18.3,2.4,3.4,,{박무}0208-{박무}{강도0}0300-0332. {박무}0410-{박무}{강도0}0600-0846. {연무}0841-{연무}{강도0}0900-{연무}{강도0}1200-{연무}{강도0}1500-1517.,,2019,2,8,54,1,0,0,0
184,제주,2019-02-24,11.0,8.6,0536,14.1,1440,,,,,,,8.1,50,1146,5.5,50,1142,2.5,2126,140,2.0,37,1653,54.8,7.1,1020.5,1024.9,0842,1021.3,1518,1023.0,11.3,10.3,1200,2.74,18.29,,,,,,3.1,1.9,11.5,2.1,9.5,9.2,9.6,9.4,9.5,10.3,10.8,15.5,18.2,3.0,4.2,,,,2019,2,8,55,1,0,0,0
184,제주,2019-02-25,9.4,7.3,2400,13.1,1448,,,,,,,6.9,270,1612,4.5,270,1550,2.6,2247,270,0.9,35,1100,56.4,6.6,1019.6,1023.8,2341,1020.3,1446,1022.1,11.3,8.7,1200,2.73,17.15,,,,,,3.3,1.1,11.4,1.2,9.8,9.5,9.8,9.8,10.2,10.7,11.1,15.1,18.1,2.7,3.8,,{연무}1430-{연무}{강도0}1500-{연무}{강도0}1800-{연무}{강도0}2100-2253.,,2019,2,9,56,1,0,0,0
184,제주,2019-02-26,8.9,5.3,0639,12.2,1505,,,,,,,5.8,20,1231,3.3,320,1139,1.8,1598,360,-0.4,39,1246,52.8,6.0,1021.0,1026.6,1000,1021.3,1706,1023.5,11.4,9.3,1200,2.7,18.12,,,,,,3.9,1.3,11.7,-1.0,9.6,9.2,9.2,10.1,10.3,10.8,10.9,15.2,18.1,2.6,3.7,0.0,,,2019,2,9,57,1,0,0,0
184,제주,2019-02-27,10.9,9.4,0056,11.9,1430,,,,,11.87,4.6,8.5,50,1956,5.6,20,2333,2.3,1988,90,6.4,57,0001,74.9,9.7,1017.6,1023.7,0057,1017.6,1639,1020.1,11.4,0.0,1100,0.49,2.35,,,,,,10.0,6.6,9.9,6.0,9.9,9.7,10.0,10.3,10.5,10.9,11.1,15.3,18.0,0.9,1.3,4.7,{비}0749-0811. {비}0906-0950. {박무}0912-1104. {비}1012-1104. {비}1157-{비}{강도0}1200-1349. {박무}1201-1740. {비}1453-{비}{강도0}1500-1715. {비}1812-2056. {박무}1814-1930. {비}2104-{비}{강도0}2400- {박무}2155-2210.,,2019,2,9,58,1,0,0,1
184,제주,2019-02-28,10.4,8.0,2343,13.2,1442,,,,,1.25,0.1,8.5,20,0353,5.5,20,0340,3.1,2684,20,4.2,43,1420,66.5,8.3,1016.7,1021.3,2248,1017.5,0415,1019.2,11.4,5.5,1200,2.51,14.19,,,,,,6.8,4.9,11.7,3.0,10.8,10.5,11.1,10.4,10.5,11.0,11.6,15.3,18.0,2.3,3.3,,-{비}-0026. {비}0118-0149. {비}0204-0222. {박무}0340-{박무}{강도0}0600-0610. {박무}0716-{박무}{강도0}0900-1026. {연무}1719-{연무}1800-{연무}{강도2}2100-{연무}{강도1}2400-,,2019,2,9,59,1,0,0,1
184,제주,2019-03-01,9.4,6.4,0651,12.3,1422,,,,,,,5.8,320,1319,3.9,320,1443,2.1,1824,290,1.5,41,1449,59.3,6.9,1019.9,1024.2,0859,1021.3,0001,1022.4,11.5,7.4,1200,2.69,16.6,,,,,,5.1,2.9,10.8,1.5,10.5,10.2,10.3,10.7,10.8,11.1,11.3,15.2,18.0,2.5,3.6,,-{연무}-{연무}{강도1}0300-{연무}{강도2}0600-{연무}{강도1}0900-{연무}{강도0}1200-1453. {연무}1618-{연무}{강도0}1800-{연무}{강도0}2100-2206. {연무}2258-{연무}{강도0}2400-,,2019,3,9,60,1,0,0,0
184,제주,2019-03-02,11.0,7.3,0141,14.3,1407,,,,,5.28,0.4,9.1,110,1418,4.8,110,1420,2.1,1834,110,5.0,52,1511,66.9,8.8,1014.9,1021.4,0009,1015.0,2330,1017.4,11.5,0.0,1200,0.73,4.19,,,,,,10.0,7.0,9.7,2.1,10.3,10.1,10.3,10.8,11.1,11.1,11.3,15.2,18.0,1.4,2.0,0.4,-{연무}-{연무}{강도0}0300-{연무}{강도0}0600-{연무}{강도0}0900-{연무}{강도0}1200-1212. {박무}1206-1357. {비}1617-{비}{강도0}1800-{비}{강도0}2100-2134. {박무}1706-{박무}{강도0}1800-1920.,,2019,3,9,61,1,0,0,1
184,제주,2019-03-03,11.8,10.5,2156,13.3,1204,,,,,6.27,5.9,10.6,50,0409,6.8,20,2054,3.0,2588,70,7.0,53,0623,73.4,10.1,1009.4,1015.3,0027,1008.9,1623,1011.9,11.5,0.0,1100,0.75,3.63,,,,,,10.0,6.9,10.8,8.9,10.8,10.5,11.0,10.8,11.0,11.2,11.5,15.2,18.0,1.1,1.6,7.9,{비}0240-0247. {비}1628-{비}{강도0}1800-{비}{강도0}2100-2237. {박무}1653-{박무}{강도0}1800-1946.,,2019,3,9,62,1,0,0,1
184,제주,2019-03-04,10.0,8.4,2338,12.2,1255,,,,,7.33,2.0,10.9,20,0621,5.9,360,0538,3.5,3005,230,5.1,59,1739,72.5,8.8,1013.5,1021.2,2317,1010.2,0046,1016.0,11.6,2.8,1200,2.52,10.8,,,,,,5.1,3.5,10.8,2.3,10.9,10.7,11.0,10.9,11.1,11.4,12.0,15.0,17.9,1.9,2.7,,{비}0116-{비}{강도0}0300-{비}{강도0}0600-0836. {박무}0414-{박무}{강도0}0600-{박무}{강도1}0900-{박무}{강도1}1200-1218. {연무}1212-{연무}{강도1}1500-{연무}{강도1}1800-{연무}{강도1}2100-{연무}{강도1}2400-,,2019,3,10,63,1,0,0,1
184,제주,2019-03-05,10.7,6.2,0639,13.4,1131,,,,,2.7,0.0,5.2,50,1146,3.9,20,1146,2.0,1710,160,2.9,40,0912,59.9,7.8,1018.2,1022.1,0900,1019.2,2358,1020.7,11.6,3.4,1100,1.73,9.25,,,,,,6.0,3.0,8.6,0.8,9.9,9.7,9.6,10.9,10.9,11.5,11.6,15.1,17.9,1.6,2.3,9.8,-{연무}-{연무}{강도0}0300-{연무}{강도0}0600-{연무}{강도0}0900-{연무}{강도1}1200-{연무}{강도1}1500-{연무}{강도1}1800-2056. {비}1853-1953. {비}2032-2050. {박무}2049-{박무}{강도1}2100-{박무}{강도0}2400- {비}2117-2136. {비}2202-2211. {비}2304-{비}{강도0}2400-,,2019,3,10,64,1,0,0,0
184,제주,2019-03-06,10.4,8.4,2336,13.8,1608,,,,,11.25,11.3,10.2,290,2334,6.5,50,1123,3.5,2982,320,6.7,62,1545,78.5,9.8,1013.8,1019.2,0001,1013.8,1529,1016.3,11.6,4.3,1400,2.49,10.05,,,,,,6.5,5.1,12.9,7.1,10.9,10.6,11.2,10.9,11.0,11.4,12.0,15.3,18.0,1.8,2.6,1.5,-{비}-{비}{강도0}0300-{비}{강도0}0600-{비}{강도0}0900-1115. -{박무}-{박무}{강도0}0300-{박무}{강도0}0600-0616. {박무}1840-1907. {연무}1903-{연무}{강도1}2100-2251. {박무}2244-{박무}{강도1}2400-,,2019,3,10,65,1,0,0,1
184,제주,2019-03-07,8.3,7.3,0052,10.4,1500,,,,,,,15.2,360,0502,7.8,320,1032,4.6,3967,320,3.4,57,1507,71.8,7.8,1019.2,1025.0,2308,1017.4,0412,1021.8,11.7,7.5,1200,2.14,16.2,,,,,,3.8,3.8,10.5,4.0,10.5,10.3,10.5,11.0,11.2,11.6,11.5,13.8,17.1,2.1,3.0,,-{박무}-{박무}{강도1}0300-{박무}{강도0}0600-0628.,,2019,3,10,66,1,0,0,0
184,제주,2019-03-08,8.5,3.7,0636,12.3,1510,,,,,,,4.9,50,1422,2.8,20,1107,1.7,1506,180,1.3,51,1548,61.0,6.7,1023.1,1027.2,0939,1024.6,0359,1025.6,11.7,10.5,1200,3.08,20.92,,,,,,2.6,0.1,11.2,-1.4,10.3,10.0,9.8,10.9,11.0,11.6,11.4,14.8,17.8,2.9,4.2,,,,2019,3,10,67,1,0,0,0
184,제주,2019-03-09,11.6,6.5,0629,16.6,1434,,,,,9.22,9.0,11.5,110,2303,6.6,90,2302,2.5,2178,160,4.0,22,1035,63.1,8.7,1017.1,1025.4,0031,1013.7,2359,1019.6,11.7,2.6,1100,2.07,9.55,,,,,,8.9,4.6,10.1,0.7,10.6,10.4,10.6,11.1,11.2,11.5,11.5,14.9,17.8,1.8,2.6,15.3,{비}1447-{비}{강도0}1500-{비}{강도0}1800-{비}{강도0}2100-{비}{강도0}2400-,,2019,3,10,68,1,0,0,1
184,제주,2019-03-10,10.7,8.9,2400,13.1,0013,,,,,15.78,22.1,15.2,50,0841,8.1,50,1206,4.1,3555,70,9.3,74,2313,91.4,11.8,1008.7,1013.7,0001,1009.2,1535,1011.2,11.8,0.0,1400,0.3,1.74,,,,,,8.4,6.8,11.1,4.3,11.3,11.1,11.3,11.4,11.5,11.5,11.9,14.9,17.7,0.7,1.0,15.8,{박무}0102-0151. -{비}-{비}{강도0}0300-{비}{강도0}0600-{비}{강도0}0900-{비}{강도0}1200-{비}{강도0}1500-1547. {박무}0304-{박무}{강도1}0600-{박무}{강도1}0900-{박무}{강도1}1200-1323. {박무}2034-2251.,,2019,3,10,69,1,0,0,1
184,제주,2019-03-11,10.0,6.9,0622,13.6,1322,,,,,1.45,1.2,16.4,270,2026,9.3,290,2020,4.2,3610,250,5.2,58,1519,72.5,8.9,1009.9,1014.1,0942,1009.4,1714,1012.4,11.8,7.0,1300,2.73,16.5,,,,,,6.1,4.3,10.1,1.0,10.6,10.4,10.4,11.2,11.1,11.7,11.9,14.8,17.7,2.7,3.8,1.2,{박무}0005-0034. {소나기}1428-1439. {연무}1555-1740. {소나기}1727- {박무}1730-{박무}{강도0}1800-{박무}{강도1}2100-{박무}{강도0}2400- {비}1746-{비}{강도0}1800-1843.,,2019,3,11,70,1,0,0,1
184,제주,2019-03-12,10.7,6.1,2343,16.0,1421,,,,,,,15.3,20,1949,8.8,290,0018,5.4,4626,250,2.5,39,1128,58.3,7.4,1012.3,1020.7,2340,1011.4,1730,1014.8,11.8,9.7,1200,2.91,19.74,,,,,,2.0,2.0,11.9,1.2,11.2,11.1,11.6,11.3,11.2,11.6,11.5,13.8,17.2,4.3,6.1,,-{박무}-0017. {박무}0218-{박무}{강도0}0300-0556. {연무}0554-{연무}{강도0}0600-{연무}{강도0}0900-1113. {연무}1611-{연무}{강도0}1800-1907. {박무}1905-2007.,,2019,3,11,71,1,0,0,0
184,제주,2019-03-13,8.4,5.1,0348,11.7,1438,,,,,,,13.1,320,0158,7.3,320,0201,4.9,4252,290,-2.4,34,1237,47.1,5.2,1021.7,1026.3,2221,1020.7,0001,1024.2,11.9,10.5,1200,3.09,21.74,,,,,,1.9,1.9,11.3,1.8,10.4,10.3,10.0,11.5,11.5,11.6,11.2,13.5,17.1,3.8,5.5,,,,2019,3,11,72,1,0,0,0
184,제주,2019-03-14,10.0,7.0,0513,14.0,1511,,,,,,,7.8,290,0005,5.2,290,0007,3.0,2613,230,-1.7,25,1316,45.5,5.4,1022.7,1026.8,0938,1023.3,1500,1025.2,11.9,6.1,1400,2.77,14.8,,,,,,3.6,2.3,13.3,2.6,10.6,10.4,10.6,11.3,11.3,11.4,11.1,14.0,17.3,3.2,4.5,0.0,{햇무리}1210-1315.,,2019,3,11,73,1,0,0,0
184,제주,2019-03-15,10.2,6.2,0302,15.8,1613,,,,,0.57,0.0,16.3,320,2214,9.6,320,2144,5.1,4405,270,2.5,39,2254,59.1,7.5,1019.0,1025.2,0001,1017.8,1603,1021.5,11.9,8.0,1200,2.71,17.95,,,,,,4.0,3.3,12.4,-0.9,10.9,10.7,10.8,11.3,11.2,11.3,11.2,13.7,17.2,3.5,5.0,,{비}0556-{비}{강도0}0600-0603. {비}0622-0649. {연무}1635-{연무}{강도0}1800-1841.,,2019,3,11,74,1,0,0,0
184,제주,2019-03-16,10.1,6.0,0209,14.1,2209,,,,,,,12.5,290,0014,6.8,320,0053,4.1,3574,290,0.3,26,1948,52.3,6.3,1019.8,1025.4,0856,1020.2,2129,1022.3,12.0,8.5,1200,3.07,19.86,,,,,,3.3,3.0,14.8,4.4,11.1,10.9,11.2,11.4,11.3,11.2,10.7,13.3,16.9,3.6,5.2,,,,2019,3,11,75,1,0,0,0
184,제주,2019-03-17,11.2,8.0,2359,14.1,1523,,,,,,,11.4,230,0132,6.4,230,0132,2.8,2382,320,2.7,39,0001,57.1,7.6,1021.6,1026.1,1146,1020.4,0130,1024.1,12.0,10.6,1200,3.17,22.01,,,,,,2.8,0.9,16.9,2.4,12.3,12.0,12.4,11.8,11.7,11.3,10.8,13.2,17.0,3.2,4.6,,{박무}0655-0822.,,2019,3,11,76,1,0,0,0
184,제주,2019-03-18,10.7,6.9,0340,14.2,1057,,,,,6.9,1.9,8.0,140,1804,4.9,160,1736,1.9,1671,160,3.2,42,0905,60.5,7.9,1017.6,1024.2,0001,1017.3,2356,1020.1,12.0,1.5,1000,1.84,7.79,,,,,,9.1,5.5,10.7,1.3,11.5,11.4,11.1,12.2,12.0,11.6,11.1,14.1,17.3,1.6,2.2,1.9,{비}1511-{비}{강도0}1800-{비}{강도0}2100-2205.,,2019,3,12,77,1,0,0,1
184,제주,2019-03-19,12.3,9.2,0645,16.1,1451,,,,,,,7.7,270,1529,5.2,250,1600,2.3,1983,250,6.2,55,1246,67.3,9.5,1015.9,1020.0,1031,1016.3,0310,1018.4,12.1,10.5,1200,2.99,20.59,,,,,,1.8,0.5,14.9,3.6,12.5,12.3,13.0,12.0,11.5,11.6,11.6,14.0,17.3,3.0,4.4,,{박무}2032-{박무}{강도0}2100-2121. {연무}2120-2308.,,2019,3,12,78,1,0,0,0
184,제주,2019-03-20,16.3,9.9,0526,21.2,1957,,,,,3.8,1.7,26.5,160,2023,14.3,200,2215,4.0,3480,200,8.8,37,1208,62.6,11.9,1007.2,1019.0,0001,1002.7,1848,1009.6,12.1,0.8,1100,1.59,5.74,,,,,,7.9,3.6,12.5,3.6,12.3,12.2,12.5,12.4,12.1,11.7,11.4,14.1,17.3,2.1,3.0,1.7,{연무}0553-{연무}{강도0}0600-{연무}{강도0}0900-0954. {비}1251-{비}{강도0}1500-1503. {비}1531-1536. {비}1749-1754. {소나기}1819-{비}1830-1856. {비}2020-2038. {비}2123-2137. {폭풍}2206-2225. {비}2233-2250.,,2019,3,12,79,1,0,0,1
184,제주,2019-03-21,10.7,7.3,2359,20.0,0003,,,,,,,16.6,230,0039,9.7,230,0046,4.9,4271,270,7.5,70,2305,81.1,10.6,1009.9,1017.9,2314,1004.6,0001,1012.4,12.2,0.0,1200,0.61,4.39,,,,,,9.0,5.9,12.4,7.2,13.0,12.9,13.2,12.7,12.5,11.9,11.3,12.8,16.4,1.2,1.7,,{박무}0102-{박무}{강도0}0300-{박무}{강도0}0600-0623.,,2019,3,12,80,1,0,0,0
184,제주,2019-03-22,7.8,6.4,0526,10.6,1512,,,,,,,10.3,360,2303,5.6,320,0128,3.7,3180,290,0.2,49,2017,59.3,6.2,1018.0,1023.1,2357,1017.3,0009,1020.5,12.2,8.0,1300,3.22,19.95,,,,,,6.0,4.0,14.2,3.7,11.8,11.6,11.6,12.4,12.1,11.9,11.2,13.1,16.9,3.1,4.4,,,,2019,3,12,81,1,0,0,0
184,제주,2019-03-23,8.5,6.2,2338,11.8,1220,,,,,,,16.1,290,1755,8.8,320,1723,4.8,4128,320,-1.3,40,0402,50.5,5.6,1021.5,1025.7,2336,1021.6,1650,1024.0,12.2,8.2,1200,3.13,20.27,,,,,,4.6,3.6,12.2,3.2,11.3,11.3,11.0,12.2,12.0,11.8,11.3,13.9,17.1,3.4,4.9,,{연무}1709-1736.,,2019,3,12,82,1,0,0,0
184,제주,2019-03-24,7.5,3.6,0654,11.0,1446,,,,,,,9.0,20,0059,5.1,320,0020,2.8,2388,290,-1.7,43,1152,52.3,5.4,1021.3,1026.0,0833,1021.9,2358,1023.8,12.3,10.2,1200,3.34,23.66,,,,,,3.5,0.5,13.8,-0.6,11.1,11.0,10.9,12.0,11.8,11.7,11.1,13.8,17.1,3.2,4.5,,,,2019,3,12,83,1,0,0,0
184,제주,2019-03-25,9.9,6.4,0330,13.2,1517,,,,,,,8.5,270,1645,5.3,290,1804,2.2,1893,160,0.7,40,0113,52.9,6.5,1016.7,1021.9,0001,1017.8,1527,1019.2,12.3,0.1,1000,1.16,8.25,,,,,,8.6,5.9,11.1,2.1,11.1,11.0,10.8,12.1,11.9,11.7,11.3,14.1,17.1,2.0,2.9,,,,2019,3,13,84,1,0,0,0
184,제주,2019-03-26,14.2,10.1,0026,16.7,1222,,,,,,,11.1,250,1043,7.2,270,1012,3.6,3110,230,7.7,48,2345,65.6,10.6,1017.6,1021.5,2212,1018.4,0316,1020.1,12.3,10.2,1300,2.88,20.52,,,,,,1.4,0.0,16.8,5.1,12.5,12.2,13.1,12.0,11.7,11.7,11.4,13.0,16.8,3.5,5.0,,{연무}0743-{연무}{강도0}0900-{연무}{강도0}1200-{연무}{강도0}1500-{연무}{강도1}1800-1843. {박무}1838-2021. {연무}2016-{연무}{강도0}2100-2241.,,2019,3,13,85,1,0,0,0
184,제주,2019-03-27,16.4,10.3,0629,22.0,1530,,,,,,,13.0,20,1513,6.2,50,1343,2.8,2403,50,4.7,17,1529,46.8,8.8,1013.7,1020.6,0002,1012.7,1630,1016.1,12.4,9.5,1200,3.12,21.99,,,,,,4.0,1.3,19.2,2.3,13.8,13.4,14.7,12.6,12.2,11.8,11.5,13.8,17.0,4.1,5.9,,,,2019,3,13,86,1,0,0,0
184,제주,2019-03-28,14.6,12.8,0435,16.9,0001,,,,,,,8.3,250,0105,5.2,250,0003,2.5,2125,20,11.0,63,1447,79.6,13.1,1011.1,1014.8,2352,1012.1,1611,1013.5,12.4,6.2,1200,2.97,17.83,,,,,,8.4,5.9,21.1,10.8,15.5,15.2,16.3,13.5,13.4,12.2,11.6,13.8,17.0,2.5,3.6,,{박무}0344-{박무}{강도0}0600-{박무}{강도0}0900-{박무}{강도0}1200-1239. {연무}1233-{연무}{강도0}1500-{연무}{강도0}1800-1858. {박무}1853-{박무}{강도0}2100-{박무}{강도0}2400-,,2019,3,13,87,1,0,0,0
184,제주,2019-03-29,13.9,12.2,0600,17.0,1336,,,,,,,7.0,340,1009,4.3,320,1013,2.0,1735,250,7.2,36,1552,65.6,10.3,1011.4,1015.2,1027,1012.6,0525,1013.8,12.4,10.1,1200,2.94,20.31,,,,,,4.8,1.3,19.6,6.0,15.6,15.4,16.1,14.2,13.8,12.6,11.7,13.2,16.9,3.4,4.9,,-{박무}-{박무}{강도0}0300-{박무}{강도0}0600-0643. {햇무리}1119-1320.,,2019,3,13,88,1,0,0,0
184,제주,2019-03-30,11.0,7.9,2321,14.6,0158,,,,,0.05,0.0,18.5,340,2210,8.8,320,2229,4.7,4080,290,3.4,43,0642,60.1,7.9,1014.1,1021.1,2327,1012.4,0156,1016.6,12.5,5.5,1200,2.94,17.31,,,,,,6.8,6.1,16.5,7.1,14.9,14.8,15.1,14.4,14.3,13.0,11.7,13.1,16.6,3.9,5.5,0.0,{비}2207-2210.,,2019,3,13,89,1,0,0,0
184,제주,2019-03-31,8.4,7.1,2016,11.4,1241,,,,,,,17.4,290,0249,9.2,320,0147,6.5,5588,320,-3.6,33,1032,42.8,4.7,1021.3,1026.1,2135,1020.8,0001,1023.8,12.5,7.9,1200,3.02,20.01,,,,,,5.8,5.1,12.3,4.9,12.8,12.9,12.2,14.1,13.7,13.0,11.2,12.5,16.1,4.2,6.0,,,,2019,3,13,90,1,0,0,0
184,제주,2019-04-01,10.5,7.1,0128,13.2,1420,,,,,,,11.1,250,1641,6.4,270,1629,4.6,3974,270,-0.3,28,1340,47.9,6.1,1022.6,1027.1,0948,1023.3,1848,1025.1,12.5,10.3,1200,3.26,23.52,,,,,,1.6,1.6,15.7,4.1,12.8,12.7,12.8,13.6,13.2,12.5,11.0,12.9,16.4,4.1,5.9,,,,2019,4,14,91,1,0,0,0
184,제주,2019-04-02,10.6,8.6,2339,14.0,1516,,,,,,,10.1,290,0052,6.0,270,0019,3.0,2635,290,1.7,33,1029,55.5,7.0,1021.6,1025.3,0756,1022.7,1831,1024.1,12.6,10.8,1300,3.24,23.31,,,,,,3.9,1.9,18.3,3.1,14.2,14.0,14.4,13.7,13.2,12.5,11.0,12.9,16.5,3.7,5.2,,{박무}0210-{박무}{강도0}0300-0535.,,2019,4,14,92,1,0,0,0
184,제주,2019-04-03,10.5,6.6,0524,14.4,1500,,,,,,,6.7,320,2005,4.2,270,1902,2.5,2133,180,-3.3,21,1638,39.3,4.9,1023.0,1026.6,1003,1024.4,1816,1025.5,12.6,11.7,1200,3.44,25.23,,,,,,1.3,0.0,17.3,0.5,13.8,13.6,13.5,13.8,13.4,12.5,11.2,13.7,16.9,4.6,6.6,,,,2019,4,14,93,1,0,0,0
184,제주,2019-04-04,11.3,6.2,0512,14.6,1238,,,,,,,11.1,250,2058,6.3,270,2141,3.0,2590,270,-0.1,35,0410,45.9,6.2,1018.2,1025.3,0001,1017.1,2400,1020.7,12.6,9.4,1100,3.13,21.78,,,,,,5.0,2.5,16.7,0.2,13.7,13.5,13.6,13.8,13.4,12.6,11.4,13.4,16.9,3.9,5.6,,,,2019,4,14,94,1,0,0,0
184,제주,2019-04-05,14.5,11.9,0002,18.2,1156,,,,,,,11.8,250,0123,6.3,250,0123,4.0,3416,270,8.1,33,0054,67.0,11.0,1011.0,1017.1,0001,1011.7,1552,1013.4,12.7,10.2,1200,3.27,22.29,,,,,,3.9,1.9,19.6,8.0,15.0,14.8,15.8,13.9,13.5,12.7,11.5,12.5,16.2,3.3,4.7,,{연무}1518-{연무}{강도0}1800-{연무}{강도1}2100-{연무}{강도1}2400-,,2019,4,14,95,1,0,0,0
184,제주,2019-04-06,15.0,11.0,0510,20.8,1619,,,,,,,8.8,270,1302,5.4,290,1306,2.1,1839,270,9.9,54,1620,71.9,12.3,1010.1,1014.5,0003,1009.9,1639,1012.5,12.7,10.0,1200,3.0,21.96,,,,,,0.9,0.0,20.3,4.1,15.9,15.6,16.4,14.3,13.9,12.9,11.6,12.9,16.5,3.4,4.9,,-{연무}-{연무}{강도1}0300-{연무}{강도0}0600-{연무}{강도1}0900-{연무}{강도0}1200-{연무}{강도0}1500-{연무}{강도0}1800-1850. {박무}1840-{박무}{강도1}2100-{박무}{강도1}2400-,,2019,4,14,96,1,0,0,0
184,제주,2019-04-07,16.4,13.0,0447,21.4,1812,0.9,1639,2.7,1605,1.62,2.7,13.0,250,1525,7.6,250,1535,2.4,2063,160,11.0,46,1811,71.3,13.2,1007.6,1012.2,2315,1005.7,1739,1010.0,12.7,7.4,1200,2.88,16.68,,,,,,3.5,3.0,18.4,6.0,16.2,16.0,16.9,14.9,14.5,13.2,11.7,13.0,16.6,2.8,3.9,2.7,-{박무}-{박무}{강도0}0300-0310. {연무}0305- {연무}{강도0}0600-{연무}{강도0}0900-{연무}{강도0}1200-1215. {비}1534-1659. {박무}1540-1655. {비}1703-1715. {박무}1918-2036. {박무}2307-{박무}{강도0}2400-,,2019,4,14,97,1,0,0,1
184,제주,2019-04-08,14.8,11.7,0607,18.1,1452,,,,,,,5.0,320,1329,3.7,320,0958,1.6,1416,320,7.8,27,1904,66.4,10.9,1012.9,1017.9,2111,1011.8,0232,1015.3,12.8,10.2,1200,3.19,23.46,,,,,,3.5,3.0,20.2,7.6,16.9,16.7,17.5,15.3,15.0,13.5,11.9,12.9,16.6,3.6,5.1,,-{박무}-{박무}{강도0}0300-{박무}{강도0}0600-{박무}{강도0}0900-1036.,,2019,4,15,98,1,0,0,0
184,제주,2019-04-09,15.0,14.1,0218,17.4,1242,1.9,2029,2.9,1948,5.13,6.0,18.7,140,1545,9.6,110,1544,5.2,4524,90,10.0,35,0002,73.5,12.4,1007.5,1017.5,0004,1001.9,2358,1009.9,12.8,2.4,0900,1.44,9.22,,,,,,8.4,4.8,15.3,9.9,15.4,15.3,15.4,15.6,15.3,13.9,12.0,13.4,16.5,1.9,2.7,12.7,{비}1028-1043. {비}1426-1445. {비}1626-1629. {비}1810-2049. {비}2208-{비}{강도0}2400- {박무}2310-{박무}{강도1}2400-,,2019,4,15,99,1,0,0,1
184,제주,2019-04-10,10.4,9.6,1840,14.2,0001,0.5,450,2.1,433,9.73,6.7,13.0,70,0441,7.6,50,0459,4.0,3444,320,8.3,73,2148,87.3,11.0,1008.5,1015.9,2130,1001.6,0021,1011.0,12.8,0.0,1100,0.46,2.6,,,,,,9.4,8.8,11.9,9.3,14.0,13.9,13.4,15.0,15.0,14.0,12.3,13.8,16.9,0.8,1.2,0.0,-{비}-{비}{강도0}0300-{안개비}0345-{안개비}{강도0}0600-0657. -{박무}-{박무}{강도1}0300-{박무}{강도1}0600-{박무}{강도0}0900-0936. {비}0713-0751. {비}0849-{비}{강도0}0900-0942. {비}1055-{비}{강도0}1200-1211. {박무}1102-{박무}{강도0}1200-1223.,,2019,4,15,100,1,0,0,1
184,제주,2019-04-11,11.6,9.7,0055,13.8,1312,0.0,,0.0,,0.9,0.0,8.2,50,1337,5.8,50,1342,2.4,2116,50,7.4,68,2331,76.0,10.3,1013.0,1017.2,2344,1014.0,0407,1015.5,12.9,0.0,1300,1.35,5.09,,,,,,9.3,7.0,11.5,9.4,12.9,12.7,12.6,14.2,14.1,13.8,12.3,13.8,16.8,1.5,2.1,0.0,{비}0651-0737. {비}1613-1621.,,2019,4,15,101,1,0,0,0
184,제주,2019-04-12,12.7,9.2,0647,16.6,1609,0.0,,0.0,,0.67,0.0,6.4,320,0429,4.1,320,1636,2.2,1878,320,4.3,36,1151,57.8,8.4,1017.2,1021.5,2345,1016.8,0243,1019.7,12.9,11.7,1200,3.42,25.72,,,,,,1.1,0.9,16.8,4.4,14.4,14.2,15.0,13.9,13.6,13.4,12.5,13.8,16.7,4.0,5.7,,{비}0035-0115.,,2019,4,15,102,1,0,0,0
184,제주,2019-04-13,13.7,9.4,0429,17.7,1525,,,,,,,6.9,50,1557,4.8,20,1559,2.0,1755,20,3.5,40,0832,50.5,7.9,1018.0,1022.2,1007,1019.1,2400,1020.5,12.9,6.9,1500,2.34,18.6,,,,,,4.1,2.5,15.9,3.9,14.5,14.3,14.7,14.4,14.2,13.5,12.7,13.8,16.7,3.3,4.7,,,,2019,4,15,103,1,0,0,0
184,제주,2019-04-14,13.6,10.6,2356,17.1,1148,,,,,,,10.1,250,1125,6.3,320,1442,2.5,2151,270,7.3,54,0731,67.0,10.4,1015.3,1020.2,2157,1016.2,0459,1017.8,13.0,0.0,1200,1.0,7.1,,,,,,7.4,3.6,14.0,5.3,14.4,14.2,14.5,14.5,14.5,13.7,12.8,13.7,16.7,1.9,2.7,,{박무}1620-1655.,,2019,4,15,104,1,0,0,0
184,제주,2019-04-15,13.0,8.7,0604,17.1,1154,,,,,,,7.1,270,1529,4.2,340,1435,2.1,1836,270,0.0,14,1156,42.8,6.3,1018.2,1022.3,1032,1019.6,0101,1020.7,13.0,12.0,1200,3.55,26.59,,,,,,2.1,0.0,17.5,1.6,14.3,14.1,14.9,14.3,14.1,13.7,12.8,13.7,16.6,4.7,6.8,,,,2019,4,16,105,1,0,0,0
184,제주,2019-04-16,16.8,10.7,0430,25.0,1400,,,,,,,9.1,110,1212,5.6,140,1228,2.0,1745,160,4.6,15,1149,47.9,9.0,1014.2,1021.1,0013,1013.9,1550,1016.7,13.0,7.3,1200,3.32,19.43,,,,,,7.8,3.0,18.0,4.1,15.3,15.2,,14.6,14.4,13.9,12.8,13.7,16.6,4.2,6.0,,,,2019,4,16,106,1,0,1,0
184,제주,2019-04-17,15.8,13.6,2346,18.6,1415,,,,,,,9.9,50,1309,7.3,20,1304,2.9,2502,20,10.7,59,0153,71.9,12.9,1010.8,1015.5,0011,1012.0,1634,1013.2,13.1,7.2,1100,3.33,21.44,,,,,,4.8,2.6,20.5,7.8,16.9,16.6,17.5,15.3,15.2,14.1,12.9,13.8,16.5,3.3,4.6,,,,2019,4,16,107,1,0,0,0
184,제주,2019-04-18,16.7,12.3,0552,22.1,1450,,,,,,,8.1,50,1546,5.4,50,1503,2.2,1941,20,10.9,55,1442,69.0,13.1,1011.1,1014.7,1038,1012.0,0325,1013.5,13.1,12.1,1200,3.41,26.02,,,,,,0.8,0.0,22.5,6.0,17.4,17.0,18.5,15.9,15.5,14.3,13.0,13.6,16.5,3.9,5.6,,,,2019,4,16,108,1,0,0,0
184,제주,2019-04-19,16.8,14.3,0542,21.6,1543,,,,,,,12.7,70,1432,7.4,50,1449,3.1,2671,50,12.9,62,0111,78.3,14.9,1013.2,1017.3,1113,1013.9,0235,1015.6,13.1,10.4,1300,3.12,23.78,,,,,,2.8,2.5,22.3,7.6,17.9,17.7,18.8,16.5,16.2,14.7,13.1,13.7,16.5,3.7,5.3,,{박무}0649-0852.,,2019,4,16,109,1,0,0,0
184,제주,2019-04-20,17.1,14.5,0536,20.0,1019,,,,,,,11.5,20,1304,7.1,50,1338,3.1,2672,50,12.9,63,1245,76.8,14.9,1012.3,1016.4,0009,1012.5,1548,1014.7,13.2,11.7,1300,3.14,24.33,,,,,,1.0,1.0,23.5,10.6,18.6,18.5,19.7,17.0,16.7,15.0,13.2,13.3,16.3,3.7,5.4,,{연무}0904-0954.,,2019,4,16,110,1,0,0,0
184,제주,2019-04-21,18.5,15.0,0446,23.1,1452,,,,,,,6.6,20,1139,4.8,20,1136,1.7,1453,20,12.3,44,1500,68.1,14.3,1010.9,1014.6,2146,1011.9,1553,1013.3,13.2,7.9,1000,2.62,20.37,,,,,,5.8,4.1,23.3,8.3,18.8,18.6,,17.4,17.2,15.4,13.4,13.5,16.3,3.3,4.7,,{박무}2353-{박무}{강도0}2400-,,2019,4,16,111,1,0,0,0
184,제주,2019-04-22,19.3,16.6,0330,24.0,1628,,,,,,,13.7,50,1420,8.3,50,1428,3.4,2926,50,13.6,53,1032,70.4,15.7,1012.1,1015.5,2039,1013.3,1419,1014.5,13.2,9.5,1100,3.14,22.93,,,,,,6.0,2.5,24.0,12.1,19.5,19.3,20.8,17.8,17.6,15.7,13.6,13.7,16.5,3.8,5.4,3.2,-{박무}-0012. {박무}0147-{박무}{강도0}0300-0418. {박무}0646-0715.,,2019,4,17,112,1,0,0,0
184,제주,2019-04-23,19.1,17.3,1212,22.5,1718,2.4,859,6.5,1120,7.25,18.7,18.3,110,1558,8.4,110,1559,3.7,3169,110,15.6,58,0009,80.9,17.7,1007.0,1015.1,0102,1005.7,1726,1009.4,13.3,4.3,1400,2.39,11.0,,,,,,6.8,5.3,20.4,14.0,18.9,18.8,19.5,18.2,18.1,16.2,13.7,13.8,16.4,2.2,3.2,15.5,{비}0539-0542. {비}0611-{비}{강도0}0900-{비}{강도1}1200-1323. {박무}0703-{박무}{강도0}0900-1015. {박무}1145-{박무}{강도0}1200-1225.,,2019,4,17,113,1,0,0,1
184,제주,2019-04-24,18.0,15.7,2117,21.2,1357,,,,,,,12.7,270,1240,7.7,290,1418,3.6,3129,270,15.9,70,1310,87.6,18.0,1004.9,1008.8,2037,1006.0,0219,1007.3,13.3,3.2,1100,2.97,16.9,,,,,,7.8,6.9,19.9,14.1,19.3,19.2,20.3,18.1,18.1,16.4,14.0,13.6,16.0,2.5,3.5,,{박무}0346-0418. {박무}2055-{박무}{강도0}2100-2240.,,2019,4,17,114,1,0,0,0
184,제주,2019-04-25,15.8,14.1,0550,17.9,1115,,,,,,,6.5,250,0855,4.1,290,0935,2.2,1920,250,14.3,79,1105,91.3,16.3,1006.1,1010.4,2352,1006.7,0138,1008.5,13.3,0.4,1100,2.37,10.18,,,,,,10.0,7.8,17.8,14.7,18.9,18.7,19.1,18.3,18.2,16.6,14.2,13.7,16.1,1.6,2.3,0.3,{박무}0210-{박무}{강도0}0300-{시정(미만)}{1km}{안개}0420-{시정(미만)}{0.5km}{안개}0430-{시정(이상)}{0.5km}{안개}0540-{시정(이상)}{1km}{박무}0545-{박무}{강도2}0600-{박무}{강도0}0900-{박무}{강도0}1200-{박무}{강도0}1500-{박무}{강도0}1800-{박무}{강도0}2100-{박무}{강도0}2400-,1.42,2019,4,17,115,1,0,0,0
184,제주,2019-04-26,12.2,11.3,2108,15.9,0001,0.1,,0.2,,3.37,0.3,11.8,320,2035,6.2,320,0244,4.3,3743,290,7.5,63,1017,73.6,10.4,1011.9,1019.1,2338,1009.9,0113,1014.3,13.4,0.0,1000,1.0,4.87,,,,,,9.1,9.1,13.2,10.7,16.8,16.7,16.1,18.0,18.0,16.7,14.4,13.8,16.0,1.7,2.5,0.0,{안개비}0014-0140. {안개비}0218-{안개비}{강도0}0300-0330. -{박무}-{박무}{강도1}0300-0435. {비}1336-1345. {비}1516-1543. {비}1609-1613. {비}1745-1749.,,2019,4,17,116,1,0,0,1
184,제주,2019-04-27,14.0,11.7,0001,17.0,1629,,,,,,,10.9,50,1349,7.4,50,1434,3.8,3279,50,7.1,48,1735,64.1,10.1,1018.5,1023.1,1012,1018.4,0320,1020.9,13.4,8.4,1200,3.63,24.84,,,,,,7.3,3.8,19.1,8.2,16.6,16.4,17.1,17.1,16.9,16.5,14.4,14.0,16.4,4.0,5.7,,,,2019,4,17,117,1,0,0,0
184,제주,2019-04-28,15.0,12.1,0143,17.5,1101,0.1,,0.1,,2.88,0.1,12.1,70,1638,7.0,50,1647,2.9,2529,70,8.1,47,1041,64.4,10.9,1016.5,1022.2,0001,1016.7,2400,1018.9,13.4,0.0,1000,1.13,6.38,,,,,,9.1,7.9,15.1,8.2,16.0,15.9,15.8,17.1,17.0,16.4,14.5,14.0,16.4,1.6,2.3,1.5,{비}1301-1319. {비}1339-1359. {비}1448-1454. {비}1511-1547. {비}1620-1753.,,2019,4,17,118,1,0,0,1
184,제주,2019-04-29,16.1,14.5,1715,20.3,1338,1.1,2039,4.1,2025,15.45,10.5,12.3,20,1623,7.7,50,1446,3.7,3220,70,15.2,76,0013,94.6,17.3,1008.4,1016.7,0001,1007.0,1449,1010.8,13.5,0.7,1300,2.82,9.29,,,,,,9.9,5.9,17.2,13.7,16.8,16.5,17.2,16.8,16.7,16.3,14.7,14.0,16.4,1.3,1.9,10.5,{비}0213-{비}{강도0}0300-{비}{강도0}0600-0607. {박무}0217-0243. {박무}0306-{박무}{강도0}0600-{박무}{강도0}0900-1114. {비}0707-{비}{강도0}0900-1026. {박무}1508-1528. {비}1509-1515. {비}1552-{비}{강도0}1800-{비}{강도1}2100-{비}{강도0}2400- {박무}1605-1737. {박무}2317-{박무}{강도0}2400-,,2019,4,18,119,1,0,0,1
184,제주,2019-04-30,15.6,14.5,0455,17.6,1436,0.2,,0.6,-2333,7.87,1.4,6.8,360,0015,4.9,50,1449,2.3,2005,50,14.2,79,1437,91.6,16.2,1006.6,1010.5,1021,1007.7,1527,1009.0,13.5,0.0,1200,1.3,8.12,,,,,,8.8,6.4,17.1,12.5,17.0,16.8,17.5,16.9,16.9,16.3,14.8,14.1,16.2,1.4,2.1,0.0,-{비}-0118. -{박무}-0152. {박무}0218-{박무}{강도0}0300-{박무}{강도1}0600-{박무}{강도1}0900-1005. {비}0252-{비}{강도0}0300-{비}{강도0}0600-{안개비}0735-{안개비}{강도0}0900-0917. {안개비}1031-1040. {박무}1035-1050. {박무}2218-{박무}{강도0}2400-,,2019,4,18,120,1,0,0,1
184,제주,2019-05-01,14.7,12.4,2309,18.6,1304,,,,,,,10.2,270,1410,6.2,290,1447,3.5,3022,270,9.8,48,1020,74.6,12.3,1007.1,1011.6,2348,1008.2,0243,1009.5,13.5,4.2,1300,3.17,16.79,,,,,,7.3,3.3,17.9,8.6,17.4,17.2,17.9,17.1,16.8,16.2,14.9,14.1,16.2,3.3,4.8,,-{박무}-0016. {박무}0155-{박무}{강도0}0300-0417. {햇무리}0920-0950. {박무}1520-{박무}{강도1}1800-{박무}{강도1}2100-2336.,,2019,5,18,121,1,0,0,0
184,제주,2019-05-02,17.2,12.8,0628,21.5,1404,,,,,,,8.0,290,1203,5.2,270,1437,3.2,2755,250,3.2,25,2347,40.9,8.0,1012.6,1017.3,2203,1011.6,0025,1015.0,13.5,12.6,1200,3.64,28.56,,,,,,1.5,0.1,19.9,5.2,17.5,17.4,18.5,17.1,16.9,16.3,14.9,14.2,16.1,5.8,8.3,,{연무}0113-{연무}{강도0}0300- {황사}0328-0335.{황사}{강도0}0600-0735.,,2019,5,18,122,1,0,0,0
184,제주,2019-05-03,18.9,16.0,0259,21.9,1500,,,,,,,6.5,270,1042,4.6,290,1142,2.6,2221,230,7.3,25,0025,49.0,10.7,1015.5,1019.2,2120,1016.3,0309,1017.9,13.6,12.5,1200,3.55,27.63,,,,,,0.0,0.0,23.2,6.9,18.5,18.4,19.9,17.6,17.3,16.4,15.0,14.2,16.0,4.8,6.9,,{박무}1955-{박무}{강도0}2100-2215.,,2019,5,18,123,1,0,0,0
184,제주,2019-05-04,19.2,14.7,0524,23.3,1537,,,,,,,4.7,250,0237,2.8,250,0237,1.4,1203,20,7.3,31,1147,48.0,10.3,1016.3,1020.5,1045,1016.9,1742,1018.7,13.6,10.5,1200,2.92,21.84,,,,,,5.6,0.0,22.1,6.7,18.9,18.8,,18.1,17.9,16.6,15.1,14.2,16.3,4.3,6.1,,{박무}0250-{박무}{강도0}0300-0405. {연무}2211-2301.,,2019,5,18,124,1,0,0,0
184,제주,2019-05-05,19.0,16.4,0541,22.2,1008,,,,,,,6.0,20,1034,4.3,20,1036,2.0,1739,20,8.5,33,0415,51.9,11.4,1015.0,1019.1,0906,1015.6,1744,1017.4,13.6,11.3,1200,3.4,25.95,,,,,,3.1,0.0,25.2,8.4,19.7,19.4,20.7,18.5,18.3,17.0,15.1,14.2,16.3,4.6,6.5,,,,2019,5,18,125,1,0,0,0
184,제주,2019-05-06,15.9,13.4,2336,19.2,1428,,,,,,,9.5,360,2238,6.0,20,2239,3.2,2762,320,6.0,37,1420,53.5,9.6,1014.8,1018.7,2137,1015.7,0340,1017.2,13.6,11.7,1200,3.65,27.36,,,,,,3.8,1.0,24.0,9.4,19.8,19.7,20.3,19.0,18.8,17.2,15.2,14.4,16.2,5.1,7.3,,{박무}0425-{박무}{강도0}0600-0712.,,2019,5,19,126,1,0,0,0
184,제주,2019-05-07,15.6,12.3,0616,19.5,1619,,,,,,,6.7,20,0212,4.1,20,0048,2.6,2214,20,4.5,28,1559,48.4,8.5,1015.5,1019.6,1031,1016.5,1752,1018.0,13.7,12.3,1200,3.61,28.73,,,,,,2.8,1.4,24.6,8.5,19.7,19.5,20.2,19.1,18.8,17.4,15.2,14.5,16.3,5.0,7.2,,,,2019,5,19,127,1,0,0,0
184,제주,2019-05-08,16.3,11.9,0543,19.6,1249,,,,,,,5.4,20,1041,3.9,20,1036,1.8,1550,160,3.2,27,0852,42.5,7.9,1012.2,1018.0,0006,1011.9,1755,1014.6,13.7,7.4,1300,3.19,21.3,,,,,,7.8,4.6,21.4,5.7,19.2,19.1,19.6,19.2,18.9,17.5,15.3,14.4,16.3,4.0,5.7,,{햇무리}0920-1235.,,2019,5,19,128,1,0,0,0
184,제주,2019-05-09,17.4,14.7,0447,20.3,1413,,,,,,,5.9,20,1230,3.6,360,1213,2.0,1709,180,4.6,35,0631,43.3,8.7,1009.4,1013.2,2301,1010.4,1554,1011.8,13.7,9.8,1100,3.52,26.39,,,,,,5.8,3.3,25.6,8.5,20.1,19.9,,19.2,18.9,17.6,15.6,14.5,16.2,5.0,7.1,,,,2019,5,19,129,1,0,0,0
184,제주,2019-05-10,17.6,14.3,0414,21.4,1630,,,,,,,5.1,320,1552,3.3,320,1551,1.8,1530,360,6.6,33,0218,49.6,10.1,1011.0,1014.5,2338,1012.0,0432,1013.4,13.8,12.1,1200,3.57,27.21,,,,,,4.0,0.0,24.9,6.7,20.3,20.2,,19.5,19.0,17.8,15.6,14.5,16.2,4.7,6.7,,,,2019,5,19,130,1,0,0,0
184,제주,2019-05-11,18.5,15.0,0537,23.4,1423,,,,,,,5.4,340,1059,3.9,320,1007,2.1,1775,180,5.3,19,1418,42.8,9.1,1012.1,1015.8,1009,1013.2,1733,1014.5,13.8,12.1,1200,3.6,27.2,,,,,,2.5,0.0,22.9,6.1,20.6,20.5,,19.7,19.1,17.9,15.8,14.6,16.2,4.9,7.0,,,,2019,5,19,131,1,0,0,0
184,제주,2019-05-12,18.7,15.7,0535,21.5,1317,,,,,,,10.3,50,1545,6.1,50,1553,2.0,1687,20,10.6,35,0209,60.9,13.4,1013.0,1016.6,1128,1014.3,1747,1015.4,13.8,11.1,1100,3.31,24.62,,,,,,4.8,0.1,22.8,7.5,20.8,20.7,,19.9,19.4,18.0,15.8,14.7,16.3,3.8,5.5,,,,2019,5,19,132,1,0,0,0
184,제주,2019-05-13,20.1,17.4,0620,23.7,1354,0.0,,0.0,,0.03,0.0,10.4,50,1037,6.1,50,1041,2.2,1862,50,15.1,53,0001,73.6,17.2,1011.8,1015.6,0001,1012.6,2306,1014.2,13.8,2.2,0900,2.4,11.98,,,,,,9.0,6.3,22.1,13.5,20.6,20.6,21.6,20.1,19.8,18.2,15.9,14.7,16.2,2.3,3.3,0.0,{박무}0351-0507. {박무}0651-0824. {박무}1736-{박무}{강도0}1800-{박무}{강도0}2100-{박무}{강도0}2400- {비}2211-2213.,,2019,5,20,133,1,0,0,0
184,제주,2019-05-14,20.5,18.6,2258,23.2,1602,0.0,,0.0,,0.05,0.0,9.6,160,0109,6.6,50,1726,2.7,2334,50,16.8,57,0132,80.0,19.2,1010.6,1014.5,1100,1010.8,0146,1013.0,13.9,6.6,1300,3.32,20.68,,,,,,6.8,3.6,27.8,14.7,21.8,21.6,23.4,20.2,19.8,18.3,16.0,14.8,16.0,3.4,4.9,,-{박무}-0057. {비}0119-0122. {박무}0147-{박무}{강도0}0300-{박무}{강도0}0600-0737. {박무}0953-1026. {박무}2243-{박무}{강도0}2400-,,2019,5,20,134,1,0,0,0
184,제주,2019-05-15,21.2,16.9,0311,26.6,1755,,,,,,,12.2,50,1418,7.8,50,1220,2.9,2513,50,14.3,34,1756,67.5,16.5,1010.3,1014.2,0842,1011.1,1634,1012.7,13.9,10.5,1200,3.55,26.0,,,,,,7.4,2.8,27.1,12.7,22.2,22.1,23.6,20.8,20.3,18.7,16.1,14.7,16.3,4.4,6.2,,-{박무}-{박무}{강도1}0300-0522.,,2019,5,20,135,1,0,1,0
184,제주,2019-05-16,23.2,18.0,0629,28.3,1510,,,,,,,11.6,140,1824,6.7,110,1410,2.4,2086,110,14.3,40,1537,58.4,16.3,1009.2,1012.7,2223,1010.5,1401,1011.5,13.9,9.4,1000,2.81,22.71,,,,,,6.5,3.3,28.2,12.9,22.4,22.3,24.1,21.2,20.7,19.0,16.2,14.9,16.0,5.4,7.7,,,,2019,5,20,136,1,0,1,0
184,제주,2019-05-17,21.2,18.4,2106,26.3,1025,1.0,2230,4.1,2148,10.68,12.0,16.1,90,2238,7.9,70,2236,3.6,3085,110,15.8,45,1019,73.1,18.0,1008.1,1012.8,0022,1006.4,2238,1010.5,13.9,2.4,1000,2.46,10.52,,,,,,9.0,5.1,21.6,14.4,21.5,21.4,22.1,21.4,21.1,19.2,16.5,15.0,16.1,2.4,3.5,26.4,{비}1133-{비}{강도0}1200-1255. {비}1350-1357. {비}1429-{비}{강도0}1500-{비}{강도0}1800-1908. {박무}1645-{박무}{강도0}1800-1813. {박무}1906-{박무}{강도0}2100-2243. {비}1927-{비}{강도0}2100-{비}{강도0}2400- {박무}2345-{박무}{강도0}2400-,,2019,5,20,137,1,0,1,1
184,제주,2019-05-18,20.6,17.4,0732,23.3,1306,1.4,916,4.3,838,22.07,19.6,19.2,20,0616,11.3,20,0620,5.6,4835,50,19.1,74,0420,91.6,22.2,1003.3,1008.4,2339,1000.9,0245,1005.7,14.0,3.9,1100,2.39,15.26,,,,,,9.0,8.0,21.4,17.9,20.9,20.8,21.5,20.9,20.6,19.5,16.5,14.9,16.3,2.6,3.7,5.2,-{박무}-0135. -{비}-{비}{강도0}0300-{비}{강도0}0600-{비}{강도0}0900-{비}{강도0}1200-{안개비}1327-{안개비}{강도0}1500-{안개비}{강도0}1800-2050. {박무}0415-0514. {박무}0606-{박무}{강도0}0900-{박무}{강도0}1200-{박무}{강도0}1500-{박무}{강도0}1800-2045. {무지개}1655-1902. {안개비}2113-2124. {안개비}2257-{안개비}{강도0}2400-,,2019,5,20,138,1,0,0,1
184,제주,2019-05-19,21.4,18.8,2125,26.3,1517,0.0,,0.0,,0.7,0.0,12.3,20,0703,7.3,50,0706,4.6,3955,50,18.5,68,1502,84.1,21.3,1004.6,1008.3,0001,1004.4,1640,1007.0,14.0,3.8,1200,3.1,17.7,,,,,,8.0,5.8,23.5,17.8,22.0,21.8,23.0,20.9,20.6,19.4,16.7,14.9,16.3,3.2,4.5,0.8,-{안개비}-0030. {안개비}0638-0650.,,2019,5,20,139,1,0,1,0
184,제주,2019-05-20,17.3,14.9,2333,19.8,1434,0.3,722,0.4,446,1.95,0.8,10.6,360,1534,6.6,320,1710,4.0,3415,290,10.4,42,1417,66.6,13.2,1007.2,1012.2,2235,1006.5,0407,1009.6,14.0,4.6,1500,2.77,13.99,,,,,,7.6,4.8,19.3,10.5,20.9,20.8,20.9,21.2,21.0,19.6,16.9,15.7,16.2,3.9,5.5,,{박무}0430-{박무}{강도1}0600-0747. {안개비}0436-0555. {비}0639-0656. {비}0718-0739.,,2019,5,21,140,1,0,0,1
184,제주,2019-05-21,19.2,14.5,0358,23.0,1449,,,,,,,10.1,270,1249,6.5,270,1332,3.5,3009,230,5.2,23,2325,41.1,9.1,1007.9,1011.9,0001,1008.9,1749,1010.3,14.0,13.1,1200,3.68,29.86,,,,,,2.5,0.0,22.6,8.1,20.0,20.0,20.8,20.5,20.3,19.5,17.0,15.7,16.1,7.4,10.6,,,,2019,5,21,141,1,0,0,0
184,제주,2019-05-22,23.4,19.5,0622,27.6,1309,,,,,,,11.7,290,1238,7.2,290,1407,4.1,3532,250,4.6,15,0433,30.5,9.0,1006.6,1010.0,0001,1007.2,1748,1008.9,14.0,12.8,1200,3.43,27.16,,,,,,0.9,0.0,25.6,10.2,20.6,20.6,22.0,20.6,20.4,19.4,17.1,15.9,15.9,8.6,12.3,,,,2019,5,21,142,1,0,1,0
184,제주,2019-05-23,26.2,22.0,0554,31.3,1438,,,,,,,12.1,270,1502,7.9,250,1224,4.7,4055,250,5.8,10,0808,28.3,9.6,1008.5,1012.0,2242,1009.4,0001,1010.8,14.1,12.8,1200,3.49,27.78,,,,,,0.0,0.0,28.5,16.1,21.7,21.7,23.8,20.9,20.7,19.5,17.1,16.1,16.0,10.6,15.2,,,,2019,5,21,143,1,0,1,0
184,제주,2019-05-24,28.4,23.8,2354,33.1,1516,,,,,,,13.0,250,1223,8.0,250,1038,4.9,4198,250,1.3,12,1422,17.9,6.8,1011.1,1015.1,2244,1011.2,0035,1013.4,14.1,12.5,1200,3.38,27.01,,,,,,2.0,0.0,30.9,14.0,22.8,22.7,25.2,21.5,21.4,19.6,17.1,16.2,16.1,10.6,15.2,,,,2019,5,21,144,1,0,1,0
184,제주,2019-05-25,23.3,20.4,0422,27.2,0209,,,,,,,8.0,20,1347,6.0,50,1408,2.6,2268,50,12.0,15,0127,51.6,14.6,1013.6,1017.0,1118,1014.2,0112,1016.0,14.1,9.9,1200,3.27,24.18,,,,,,6.8,0.0,29.2,13.6,23.1,22.9,24.5,21.9,21.8,19.9,17.4,16.1,16.1,4.7,6.7,,,,2019,5,21,145,1,0,1,0
184,제주,2019-05-26,23.1,20.3,0227,25.4,1813,0.0,,0.0,,0.83,0.0,10.9,140,1817,5.3,140,2302,2.1,1792,270,15.2,49,1812,61.5,17.3,1011.6,1016.1,0231,1010.6,2344,1014.0,14.1,1.2,0800,1.38,10.89,,,,,,9.0,3.6,25.5,14.2,22.5,22.3,23.5,22.3,22.1,20.2,17.4,16.1,16.2,2.7,3.9,3.4,{비}1752-{비}{강도0}1800-1829. {비}1903-1910. {비}2336-2342.,,2019,5,21,146,1,0,1,0
184,제주,2019-05-27,20.7,15.8,2107,25.5,1109,1.0,855,3.7,815,12.72,9.8,21.3,200,1012,11.2,200,1019,4.5,3883,270,17.7,55,0154,84.1,20.4,1005.6,1012.2,2305,1005.1,0532,1008.0,14.1,0.0,1300,1.2,5.64,,,,,,9.9,7.4,20.9,14.9,21.9,21.7,22.1,22.1,21.9,20.4,17.6,15.9,16.2,2.1,2.9,6.4,{비}0031-0051. {비}0211-0221. {비}0319-0347. {비}0415-{비}{강도0}0600-{비}{강도0}0900-{비}{강도0}1200-1208. {박무}0858-{박무}0900-0913. {박무}1154-{박무}{강도0}1200-1210. {박무}1709-{박무}{강도2}1800-{박무}{강도1}2100-2125. {비}1720-{안개비}1736-{안개비}{강도0}1800-{안개비}{강도0}2100-2112.,,2019,5,22,147,1,0,1,1
184,제주,2019-05-28,18.9,15.5,0406,21.7,1400,,,,,,,7.9,270,1437,4.8,270,1434,2.6,2276,250,9.5,39,2304,55.9,12.0,1011.0,1014.3,1204,1011.8,0001,1013.4,14.2,10.9,1100,3.53,28.35,,,,,,4.3,0.1,20.5,12.3,21.6,21.6,22.5,21.6,21.2,20.2,17.7,16.3,16.2,5.7,8.2,,,,2019,5,22,148,1,0,0,0
184,제주,2019-05-29,22.3,18.7,2329,27.0,1425,,,,,,,7.1,270,1735,5.0,270,1748,2.8,2454,250,9.2,23,0149,46.3,12.4,1010.9,1014.2,0817,1012.0,1627,1013.3,14.2,11.1,1200,3.64,28.39,,,,,,2.5,0.0,25.7,13.8,22.5,22.5,24.0,21.9,21.5,20.3,17.8,16.4,16.2,5.9,8.5,,,,2019,5,22,149,1,0,1,0
184,제주,2019-05-30,21.7,18.0,0110,25.9,0938,0.0,,0.0,,1.8,0.0,5.6,270,2042,4.3,270,2047,1.8,1532,20,10.8,31,1315,51.3,13.0,1010.4,1014.1,0635,1011.5,1641,1012.8,14.2,6.3,1100,3.54,20.7,,,,,,7.6,4.0,23.7,11.8,22.5,22.4,23.6,22.2,21.9,20.4,17.9,16.4,16.2,4.2,6.0,0.5,{비}1743-1746. {비}1804-1949.,,2019,5,22,150,1,0,1,0
184,제주,2019-05-31,17.9,15.6,1030,21.4,0056,0.2,544,0.4,459,6.9,0.6,11.8,50,1244,6.8,50,1250,2.9,2479,50,12.8,41,0254,73.9,14.9,1009.0,1013.1,0956,1009.8,1725,1011.4,14.2,0.7,1300,1.92,10.06,,,,,,9.1,5.5,19.9,12.5,21.3,21.1,21.1,22.2,22.2,20.6,18.0,16.2,16.3,2.1,2.9,0.1,{비}0115-0156. {비}0221-0244. {비}0327-{비}{강도0}0600-0644. {비}0710-0743. {비}0827-{비}{강도0}0900-0948. {비}1006-1045. {박무}1007-1057.,,2019,5,22,151,1,0,0,1
184,제주,2019-06-01,19.0,15.9,0441,22.4,1535,,,,,,,6.8,20,1201,5.1,20,1210,2.0,1698,20,14.7,59,0913,77.1,16.8,1008.4,1012.6,0203,1009.5,1800,1010.8,14.2,8.4,1200,3.62,24.75,,,,,,7.5,1.9,23.7,12.5,21.5,21.4,22.3,21.6,21.3,20.4,18.1,16.3,16.3,3.8,5.5,,{박무}0432-0533. {박무}2324-{박무}{강도0}2400-,,2019,6,22,152,0,0,0,0
184,제주,2019-06-02,20.1,17.9,0207,24.6,1636,,,,,,,5.2,70,1336,4.0,20,1320,1.8,1547,20,14.4,44,1236,70.1,16.4,1005.7,1010.4,0001,1006.7,1813,1008.1,14.2,4.8,1200,2.35,18.95,,,,,,6.0,2.0,23.8,12.5,22.3,22.2,23.0,21.9,21.6,20.4,18.2,16.2,16.3,3.6,5.1,,-{박무}-{박무}{강도0}0300-0307.,,2019,6,22,153,0,0,0,0
184,제주,2019-06-03,20.9,17.9,0435,24.5,1402,,,,,,,4.7,20,1148,3.4,20,1154,1.7,1448,20,13.2,33,1005,62.3,15.2,1006.4,1009.6,0903,1007.8,0412,1008.8,14.3,11.5,1100,3.37,27.7,,,,,,4.1,0.0,26.7,11.9,22.8,22.6,24.0,22.0,21.7,20.5,18.2,16.4,16.3,4.8,6.8,,,,2019,6,23,154,0,0,0,0
184,제주,2019-06-04,22.8,19.4,0023,29.0,1537,,,,,,,8.9,70,1632,6.1,50,1304,2.7,2364,50,17.6,57,1344,73.4,20.3,1006.9,1010.7,2217,1007.6,1550,1009.3,14.3,6.9,1200,3.15,23.0,,,,,,6.4,5.9,27.1,14.2,23.7,23.7,24.8,22.6,22.3,20.7,18.4,16.4,16.3,4.1,5.8,,{박무}0839-{박무}{강도0}0900-0912. {박무}0951-1058. {박무}2005-{박무}{강도0}2100-{박무}{강도0}2400-,,2019,6,23,155,0,0,1,0
184,제주,2019-06-05,22.5,19.2,0518,26.1,1510,,,,,,,4.9,320,0246,3.7,320,1319,1.7,1474,320,17.4,49,1116,74.9,20.0,1010.2,1013.9,1247,1010.1,0354,1012.6,14.3,11.8,1200,3.48,27.89,,,,,,1.9,1.6,29.6,15.7,25.0,25.0,26.8,23.1,22.9,21.1,18.5,16.7,16.3,4.6,6.6,,-{박무}-{박무}{강도0}0300-{박무}{강도0}0600-0717.,,2019,6,23,156,0,0,1,0
184,제주,2019-06-06,23.6,19.1,0555,28.1,1935,2.4,1510,7.8,1458,6.07,13.3,20.7,180,2229,11.4,200,2229,3.2,2774,200,20.4,68,1221,82.6,24.1,1005.0,1013.3,0039,1000.4,2158,1007.4,14.3,6.0,1200,3.42,18.06,,,,,,7.3,3.4,24.9,15.0,24.6,24.7,25.6,23.7,23.4,21.3,18.5,16.9,16.3,3.4,4.9,13.3,{박무}0012-0054. {박무}0146-{박무}{강도0}0300-{박무}{강도0}0600-0752. {비}1408-{비}{강도0}1500-{비}{강도0}1800-1802. {비}2014-2053. {비}2108-2136. {비}2239-2342.,,2019,6,23,157,0,0,1,1
184,제주,2019-06-07,19.6,18.2,2324,25.3,0120,,,,,,,17.4,360,0503,10.2,250,0456,6.1,5248,250,17.6,78,0430,88.8,20.2,1001.7,1008.6,2327,999.4,0614,1004.1,14.3,0.0,1300,0.49,3.65,,,,,,9.6,8.4,20.8,18.3,22.6,22.7,22.7,23.5,23.5,21.5,18.5,17.5,16.6,1.2,1.6,0.2,{박무}0215-0248. {박무}1605-{박무}{강도0}1800-{박무}{강도0}2100-{박무}{강도0}2400-,,2019,6,23,158,0,0,1,0
184,제주,2019-06-08,19.9,17.5,0511,23.2,1110,0.1,,0.2,,1.03,0.2,10.3,70,1304,6.0,50,1304,2.7,2351,90,17.5,72,1110,86.6,20.0,1006.0,1009.8,0811,1007.0,2400,1008.4,14.3,0.4,1000,2.07,13.1,,,,,,8.6,8.3,22.0,16.5,21.9,22.0,22.6,22.6,22.5,21.3,18.9,17.1,16.4,2.4,3.4,,-{박무}-{박무}{강도0}0300-{박무}{강도0}0600-0726. {비}0330-0432. {박무}1544-{박무}{강도0}1800-1812.,,2019,6,23,159,0,0,0,1
184,제주,2019-06-09,20.2,17.0,0507,23.2,1734,,,,,,,10.8,50,1511,7.0,50,1526,3.1,2665,50,15.3,51,1830,74.8,17.4,1003.5,1007.7,0712,1003.7,1730,1005.9,14.3,10.5,1200,3.45,25.81,,,,,,5.6,1.4,24.1,14.5,22.3,22.4,22.9,22.4,22.3,21.4,18.9,16.7,16.3,4.2,6.0,,{박무}0527-{박무}{강도0}0600-0730.,,2019,6,23,160,0,0,0,0
184,제주,2019-06-10,20.2,17.5,0306,24.8,1102,,,,,,,12.1,50,1409,7.2,50,1500,3.2,2785,50,14.6,53,1743,71.3,16.7,1003.8,1008.2,2221,1005.1,0242,1006.2,14.3,7.2,1200,3.45,23.55,,,,,,4.5,3.9,24.0,14.6,22.5,22.6,23.2,22.7,22.4,21.3,19.0,16.9,16.3,3.9,5.6,0.0,,,2019,6,24,161,0,0,0,0
184,제주,2019-06-11,20.2,18.4,0529,22.9,1453,0.0,,0.0,,0.05,0.0,9.9,70,1057,5.8,50,1251,2.7,2367,50,14.7,57,1649,71.5,16.8,1006.8,1011.1,2321,1007.4,0146,1009.2,14.3,7.3,1300,3.31,22.84,,,,,,6.0,5.5,26.2,14.6,22.7,22.8,23.5,22.7,22.6,21.4,19.1,16.9,16.3,4.0,5.7,,{비}0740-0743.,,2019,6,24,162,0,0,0,0
184,제주,2019-06-12,19.9,17.6,0524,22.9,1436,,,,,,,6.4,20,1243,4.8,20,1253,2.1,1825,20,15.9,62,1438,78.5,18.1,1008.9,1012.1,0835,1010.5,0225,1011.3,14.4,11.3,1200,3.58,27.86,,,,,,5.1,3.1,27.1,14.0,23.7,23.8,24.8,22.9,22.8,21.5,19.1,17.0,16.3,4.2,6.0,,,,2019,6,24,163,0,0,0,0
184,제주,2019-06-13,21.9,17.6,0400,28.0,1643,,,,,,,12.6,50,1356,7.2,50,1438,2.6,2250,70,15.9,48,1643,70.3,18.1,1007.4,1011.8,0003,1007.0,1642,1009.8,14.4,9.3,1400,3.19,24.66,,,,,,6.0,2.0,27.3,13.7,23.9,24.2,24.9,23.3,23.0,21.8,19.2,17.1,16.3,4.1,5.8,19.0,{박무}0110-{박무}{강도0}0300-0435.,,2019,6,24,164,0,0,1,0
184,제주,2019-06-14,19.4,17.4,2010,21.4,0024,3.6,1602,7.3,410,19.08,43.5,12.7,50,1628,6.8,50,1636,2.9,2512,50,18.6,79,0001,95.3,21.4,1002.3,1008.6,0001,1003.0,1652,1004.7,14.4,0.0,1000,1.03,4.73,,,,,,10.0,6.4,21.4,17.3,22.6,22.9,22.3,23.4,23.3,22.0,19.4,17.1,16.5,1.2,1.7,24.8,{박무}0004-0034. {박무}0143-0204. {박무}0308-{박무}{강도0}0600-{박무}{강도0}0900-{박무}{강도0}1200-{박무}{강도0}1500-{박무}{강도0}1800-{박무}{강도0}2100-2308. {비}0348-{비}{강도0}0600-{비}{강도1}0900-{비}{강도0}1200-1311. {비}1418-{비}{강도0}1500-{비}{강도0}1800-{비}{강도0}2100-{비}{강도0}2400-,,2019,6,24,165,0,0,0,1
184,제주,2019-06-15,20.1,18.2,0001,22.5,1115,0.2,,0.3,1,0.48,0.3,10.6,320,1402,6.6,270,1341,3.7,3155,270,17.7,72,1218,86.8,20.3,1001.2,1006.0,2342,1002.0,0433,1003.6,14.4,4.4,1100,3.23,20.54,,,,,,6.5,5.8,22.3,17.4,22.1,22.4,23.1,22.6,22.5,21.9,19.4,17.7,16.4,3.4,4.8,,{박무}0005-{박무}{강도1}0300-{박무}{강도1}0600-0722. -{비}-0029. {박무}1908-{박무}{강도0}2100-{박무}{강도0}2400-,,2019,6,24,166,0,0,0,1
184,제주,2019-06-16,20.6,18.6,0539,23.3,1156,,,,,,,8.3,270,1016,5.1,290,1409,3.5,2992,270,16.6,66,1200,78.1,18.9,1006.9,1012.7,2318,1005.5,0207,1009.3,14.4,6.4,1000,2.63,20.35,,,,,,6.0,2.5,21.4,15.5,22.3,22.6,23.3,22.7,22.5,21.7,19.4,17.8,16.5,3.2,4.6,,-{박무}-0027.,,2019,6,24,167,0,0,0,0
184,제주,2019-06-17,20.8,17.8,0343,23.3,1630,,,,,,,4.9,50,1339,3.2,20,1250,1.7,1466,20,16.4,70,1329,76.4,18.8,1011.0,1014.5,0923,1012.2,0230,1013.4,14.4,8.6,1200,3.4,25.14,,,,,,6.0,1.0,25.6,14.6,23.1,23.3,24.1,22.8,22.6,21.7,19.6,17.7,16.5,3.6,5.2,0.0,,,2019,6,25,168,0,0,0,0
184,제주,2019-06-18,21.6,20.5,0103,23.3,0700,0.3,1100,0.9,1031,6.63,1.0,6.1,290,0801,4.2,20,1248,1.6,1358,270,18.2,58,0654,82.0,21.0,1008.9,1013.5,0004,1009.3,1812,1011.3,14.4,0.1,1200,1.73,9.64,,,,,,9.9,4.8,23.1,18.5,23.2,23.4,23.8,23.2,23.1,21.9,19.6,17.8,16.5,1.8,2.6,1.0,{비}0732-{비}{강도0}0900-{비}{강도0}1200-1232. {박무}0808-{박무}{강도0}0900-{박무}{강도0}1200-{박무}{강도0}1500-{박무}{강도0}1800-{박무}{강도0}2100-{박무}{강도0}2400- {비}1324-1458. {비}1502-1506.,,2019,6,25,169,0,0,0,1
184,제주,2019-06-19,21.7,19.4,0528,24.4,1534,,,,,,,8.1,50,0746,5.6,20,1247,2.5,2132,50,18.5,66,1523,82.9,21.3,1005.0,1009.3,0001,1006.4,1517,1007.4,14.4,9.8,1200,3.48,23.87,,,,,,4.3,2.0,26.5,16.6,23.7,23.9,24.7,23.2,23.0,21.9,19.8,17.3,16.5,4.0,5.8,,-{박무}-{박무}{강도0}0300-{박무}{강도0}0600-0648. {박무}0852-{박무}{강도0}0900-1052. {박무}1830-{박무}{강도0}2100-{박무}{강도0}2400-,,2019,6,25,170,0,0,0,0
184,제주,2019-06-20,22.0,19.8,0248,24.4,1257,,,,,,,4.2,20,1220,2.8,320,1451,1.5,1323,360,18.9,70,0721,83.4,22.0,1005.5,1008.7,0835,1007.0,1752,1007.9,14.4,7.4,1100,2.99,20.45,,,,,,6.1,0.0,25.6,16.2,24.1,24.3,25.2,23.6,23.3,22.0,19.7,17.7,16.4,3.2,4.6,,-{박무}-0008. {박무}0235-{박무}{강도0}0300-0435. {박무}0735-{박무}{강도0}0900-{박무}{강도0}1200-1454. {박무}1753-{박무}{강도0}1800-{박무}{강도0}2100-{박무}{강도0}2400-,,2019,6,25,171,0,0,0,0
184,제주,2019-06-21,22.6,20.3,0305,26.4,1356,,,,,,,5.6,20,1437,3.4,360,1439,1.8,1584,270,18.6,59,0906,79.1,21.4,1003.7,1008.0,0006,1004.8,1527,1006.1,14.4,9.4,1200,3.25,24.22,,,,,,3.9,1.9,26.9,16.8,24.6,24.9,26.0,23.9,23.7,22.2,19.8,18.0,16.4,3.9,5.5,,-{박무}-{박무}{강도0}0300-{박무}{강도0}0600-0855. {박무}1011-1141. {박무}1437-{박무}{강도0}1500-1556.,,2019,6,25,172,0,0,1,0
184,제주,2019-06-22,22.1,19.7,0451,25.5,1620,,,,,,,11.7,70,1243,7.2,50,1253,2.9,2506,50,19.0,69,1724,83.5,22.0,1003.9,1008.0,2222,1005.2,0332,1006.3,14.4,7.0,1300,3.1,23.03,,,,,,5.1,3.6,27.3,15.8,24.5,24.9,25.4,24.2,24.0,22.6,19.8,17.9,16.6,3.8,5.4,,{박무}0441-0503. {박무}0652-{박무}{강도0}0900-1154.,,2019,6,25,173,0,0,1,0
184,제주,2019-06-23,21.1,19.3,0323,25.6,1630,,,,,,,8.6,50,1728,6.1,20,1642,2.8,2420,50,17.3,61,1624,79.1,19.8,1006.4,1011.2,2138,1006.7,0202,1008.8,14.4,6.2,1500,2.58,17.93,,,,,,3.0,2.8,26.2,16.0,24.0,24.3,24.5,24.3,24.1,22.7,19.9,17.6,16.5,3.1,4.5,,,,2019,6,25,174,0,0,1,0
184,제주,2019-06-24,21.6,18.8,0509,24.4,1354,,,,,,,8.2,50,1202,6.1,50,1205,2.2,1875,20,16.9,63,1001,74.9,19.2,1011.4,1016.4,2239,1010.9,0053,1013.8,14.4,11.3,1200,3.5,27.54,,,,,,1.0,0.3,27.7,14.2,24.4,24.8,25.5,24.1,23.9,22.7,20.0,17.8,16.5,4.8,6.8,,,,2019,6,26,175,0,0,0,0
184,제주,2019-06-25,24.2,19.1,0429,28.9,1227,,,,,,,11.9,110,1536,6.0,110,1001,3.3,2832,110,15.6,38,1317,60.9,17.8,1011.3,1016.0,0001,1012.0,1657,1013.7,14.4,10.5,1100,3.07,23.73,,,,,,5.6,0.4,27.5,15.8,24.7,25.1,25.9,24.3,24.2,22.8,20.1,18.0,16.6,5.0,7.1,36.8,{박무}0042-0134. {박무}0306-{박무}{강도0}0600-0705.,,2019,6,26,176,0,0,1,0
184,제주,2019-06-26,22.1,19.8,0401,25.9,1649,9.3,155,23.3,912,16.23,85.1,11.0,140,0055,5.3,50,0910,2.3,2000,50,21.6,56,0001,97.6,25.9,1003.9,1012.6,0001,1002.6,2354,1006.3,14.4,1.0,1500,1.84,7.57,,,,,,10.0,5.1,23.7,19.5,23.3,23.8,23.7,24.2,24.1,23.1,20.4,17.4,16.6,1.4,2.0,48.3,{비}0025-0028. {비}0044-{소나기}0148-{비}0158-{비}{강도1}0300-0502. {박무}0155-{박무}{강도1}0300-{박무}{강도0}0600-{박무}{강도2}0900-{박무}{강도0}1200-1320. {비}0533-{비}{강도0}0600-{비}{강도1}0900-{비}{강도1}1200-1350. {비}1414-1455. {박무}1445-{박무}{강도0}1500-1510. {비}1727-1745. {비}1826-2050. {박무}1855-2052. {비}2221-2234.,,2019,6,26,177,0,0,1,1
184,제주,2019-06-27,23.1,21.9,2343,25.9,1259,0.0,,0.0,,2.12,0.0,8.1,250,0115,5.0,290,1114,2.9,2464,270,21.7,80,1357,92.5,26.0,999.6,1003.9,2132,1000.5,0324,1002.0,14.4,2.7,1300,3.34,18.03,,,,,,8.5,6.1,25.6,20.2,24.7,25.2,26.1,24.1,24.1,23.2,20.8,19.0,17.0,3.2,4.6,0.0,{박무}0515-{박무}{강도0}0600-0608. {비}0518-0523. {안개비}0709-0829. {박무}0711-{박무}{강도0}0900-1022. {안개비}0850-{안개비}{강도0}0900-0932. {박무}1556-1624. {박무}2315-{박무}{강도0}2400-,,2019,6,26,178,0,0,1,0
184,제주,2019-06-28,23.5,21.0,0427,25.8,1620,,,,,,,4.9,20,1137,3.6,20,1423,1.8,1544,360,19.8,67,1711,80.4,23.1,1000.9,1004.0,1109,1002.3,1440,1003.3,14.4,12.4,1100,3.28,27.39,,,,,,2.6,0.5,26.9,18.3,25.4,25.9,26.8,24.7,24.4,23.2,20.9,18.6,16.7,4.1,5.8,0.0,-{박무}-{박무}{강도0}0300-0550.,,2019,6,26,179,0,0,1,0
184,제주,2019-06-29,25.2,22.6,0405,29.8,1631,0.4,1318,1.5,1242,4.98,2.0,18.9,270,1836,11.4,230,1842,3.5,3046,250,22.2,73,0120,84.0,26.9,995.5,1003.4,0001,992.5,1650,997.8,14.4,0.9,1600,1.16,6.14,,,,,,9.1,6.6,24.5,19.9,25.0,25.4,25.7,25.1,25.2,23.5,21.0,18.9,16.7,1.5,2.2,2.4,{박무}0520-{박무}{강도0}0600-0810. {비}0612-0621. {비}0926-1005. {비}1117-{비}{강도0}1200-1442. {안개비}2314-{안개비}{강도0}2400- {박무}2318-{박무}{강도1}2400-,,2019,6,26,180,0,0,1,1
184,제주,2019-06-30,23.4,21.4,0433,26.9,1317,0.1,,0.2,,4.48,0.4,7.9,250,0007,5.1,250,0001,2.5,2186,270,21.2,70,1320,88.0,25.2,1000.8,1006.0,2237,1000.2,0210,1003.2,14.4,0.8,1200,2.35,12.39,,,,,,9.0,6.4,24.7,21.1,25.0,25.4,25.9,24.9,24.9,23.6,21.1,19.4,17.0,2.3,3.3,0.0,-{안개비}-0055. -{박무}-0055. {박무}0122-{박무}{강도1}0300-0440. {안개비}0124-{안개비}{강도0}0300-0419. {박무}0856-{박무}{강도0}0900-1009. {비}1354-1357. {비}1654-1730.,,2019,6,26,181,0,0,1,1
184,제주,2019-07-01,23.4,22.3,2244,25.6,1201,0.4,1420,1.2,1418,5.73,1.9,5.1,20,1638,3.7,20,1649,1.4,1191,250,21.7,81,1007,90.3,25.9,1004.6,1009.8,2339,1004.3,0254,1007.0,14.4,0.5,1000,2.06,9.64,,,,,,9.4,5.9,24.4,20.4,24.9,25.3,25.5,24.9,24.9,23.6,21.1,19.3,16.8,1.8,2.5,1.9,{비}0704-0710. {비}0852-0855. {비}0911-0943. {비}1244-1250. {비}1314-1319. {비}1348-{비}{강도0}1500-{비}{강도0}1800-1840. {박무}1424-1449. {박무}1637-1754. {박무}1828-{박무}{강도0}2100-2305.,,2019,7,27,182,0,0,1,1
184,제주,2019-07-02,23.3,21.8,0340,25.7,1710,,,,,,,5.2,290,1758,3.5,340,1658,1.8,1538,250,20.5,68,1355,84.9,24.1,1008.0,1011.2,2109,1008.7,0337,1010.4,14.3,2.0,1600,1.58,13.26,,,,,,8.8,2.4,24.1,19.7,24.7,25.1,25.5,24.8,24.8,23.7,21.2,19.4,16.8,2.2,3.1,,{박무}2156-2233.,,2019,7,27,183,0,0,1,0
184,제주,2019-07-03,22.6,21.6,0123,24.9,1345,,,,,,,7.9,50,1311,5.5,50,1524,2.0,1746,20,20.1,74,1347,86.1,23.5,1005.6,1010.8,0001,1005.8,1603,1008.0,14.3,1.9,1300,2.21,13.89,,,,,,8.8,4.1,24.1,18.5,24.4,24.8,24.9,24.7,24.8,23.7,21.4,19.3,16.8,2.6,3.8,,{박무}0855-{박무}{강도0}0900-{박무}{강도0}1200-1255. {박무}1853-{박무}{강도0}2100-{박무}{강도0}2400-,,2019,7,27,184,0,0,0,0
184,제주,2019-07-04,22.3,20.4,0523,25.9,1607,,,,,,,4.9,340,1435,3.5,340,1418,1.7,1454,360,19.0,70,0308,82.3,22.0,1004.8,1008.3,0727,1005.7,1835,1007.2,14.3,9.4,1200,3.63,25.42,,,,,,5.4,1.4,27.5,16.1,25.0,25.4,26.2,24.7,24.6,23.7,21.4,19.4,16.8,4.0,5.7,,-{박무}-0024. {박무}0654-{시정(미만)}{1km}{안개}0850-{시정(미만)}{0.5km}{안개}0855-{안개}{강도1}0900-{시정(이상)}{0.5km}{안개}0920-{시정(이상)}{1km}{박무}0930-{박무}{강도0}1200-1445. {박무}2125-{박무}{강도0}2400-,0.67,2019,7,27,185,0,0,1,0
184,제주,2019-07-05,23.9,21.6,0150,28.7,1523,,,,,,,10.3,360,1553,6.4,50,1555,2.3,1977,50,17.5,50,2251,68.1,20.2,1000.8,1006.2,0003,1001.5,1526,1003.1,14.3,7.7,1400,2.58,20.15,,,,,,5.4,1.3,27.2,17.1,25.1,25.5,26.1,25.1,25.0,23.7,21.5,19.4,16.8,3.8,5.4,,-{박무}-0045. {박무}0137-0236. {박무}1122-{박무}{강도0}1200-1205. {박무}1249-1341. {박무}1737-{박무}{강도0}1800-1822.,,2019,7,27,186,0,0,1,0
184,제주,2019-07-06,23.8,20.8,0224,27.2,1438,,,,,,,11.6,90,1539,6.6,50,1418,3.2,2744,70,19.7,63,0001,78.6,23.0,1001.3,1005.9,2324,1002.0,0311,1003.7,14.3,5.2,1200,2.87,20.44,,,,,,6.0,5.0,28.0,17.4,24.9,25.3,26.1,25.1,25.2,23.9,21.5,19.1,17.0,3.7,5.3,,{박무}0120-{박무}{강도0}0300-{박무}{강도0}0600-0727.,,2019,7,27,187,0,0,1,0
184,제주,2019-07-07,23.3,22.2,0240,26.4,1435,0.0,,0.0,,0.75,0.0,12.6,110,1138,7.4,90,1145,4.0,3484,90,19.3,64,1152,78.9,22.4,1003.4,1007.1,2003,1004.6,0236,1005.8,14.3,0.8,1100,1.72,12.8,,,,,,9.0,4.4,25.9,19.8,24.7,25.1,25.3,25.1,25.2,24.0,21.5,19.0,17.0,2.7,3.8,3.7,{비}2026-2049. {비}2120-2142.,,2019,7,27,188,0,0,1,0
184,제주,2019-07-08,21.8,20.6,0809,22.7,0030,1.4,59,3.5,50,2.72,3.7,9.5,90,0441,5.3,70,0930,3.1,2682,70,19.7,79,0051,88.5,23.0,1003.9,1007.2,0809,1005.5,0346,1006.3,14.3,0.0,1100,0.57,4.3,,,,,,9.5,7.4,22.6,20.4,23.7,24.1,23.7,24.8,24.9,24.0,21.6,18.7,17.0,1.3,1.9,0.0,{비}0050-0149. {비}0540-{비}{강도0}0600-0605. {비}0641-0702. {비}0752-0805. {박무}0757-0842. {비}1214-1256. {비}1402-1405.,,2019,7,28,189,0,0,0,1
184,제주,2019-07-09,22.0,20.9,1351,23.6,0904,0.4,1759,1.3,1734,7.53,2.2,9.1,90,2219,4.4,50,1053,2.8,2377,70,19.7,72,0850,87.4,22.9,1003.2,1006.6,0003,1003.9,1810,1005.6,14.3,0.0,0900,0.97,4.89,,,,,,9.1,7.5,22.5,19.7,23.1,23.4,23.4,24.2,24.5,23.8,21.7,19.2,17.0,1.0,1.5,5.9,{비}1218-1229. {비}1256-1349. {박무}1306-1437. {비}1404-1411. {비}1507-1551. {비}1639-{비}{강도0}1800-2007. {비}2113-2322. {박무}2117-2308.,,2019,7,28,190,0,0,0,1
184,제주,2019-07-10,21.4,20.5,2209,22.0,1045,3.9,1812,19.9,1731,19.3,104.7,13.9,360,1323,6.9,50,1301,3.7,3177,70,20.9,88,0408,97.3,24.7,999.6,1005.4,0006,999.4,1719,1002.0,14.3,0.0,1200,0.25,1.67,,,,,,10.0,8.3,21.8,20.4,22.3,22.6,22.4,23.7,23.9,23.6,21.7,18.8,17.0,0.6,0.9,102.2,{비}0009-0107. {박무}0017-0112. {비}0212-0215. {비}0455-{비}{강도0}0600-{비}{강도0}0900-0922. {박무}0637-0656. {박무}0707-{박무}{강도0}0900-{박무}{강도1}1200-{박무}{강도1}1500-{박무}{강도2}1800-{박무}{강도2}2100-{박무}{강도1}2400- {비}1010-{비}{강도1}1200-{비}{강도1}1500-{비}{강도2}1800-{비}{강도1}2100-{비}{강도0}2400-,,2019,7,28,191,0,0,0,1
184,제주,2019-07-11,23.2,20.6,0021,26.7,1242,0.3,30,0.9,7,2.13,1.2,11.0,270,1447,6.9,270,1442,4.0,3426,250,21.1,71,1346,88.4,25.0,1004.9,1009.6,2214,1002.6,0001,1007.3,14.2,7.4,1200,3.54,22.81,,,,,,6.9,4.4,25.4,20.0,23.2,23.6,24.7,23.0,23.1,23.4,22.2,20.3,17.5,4.2,6.0,,-{비}-0208. -{박무}-0236.,,2019,7,28,192,0,0,1,1
184,제주,2019-07-12,23.3,21.7,0244,25.8,1104,0.1,,0.3,2023,2.42,0.4,5.5,340,1030,3.8,320,1015,2.2,1875,250,20.9,75,1002,86.8,24.8,1005.8,1010.1,0745,1006.7,1643,1008.2,14.2,6.2,1100,3.08,21.03,,,,,,8.1,2.6,25.7,19.6,24.8,25.3,26.3,24.0,23.8,23.4,22.1,20.3,17.3,3.0,4.3,9.9,{비}2004-{비}{강도0}2100-2137. {비}2152-2240. {비}2342-2346.,,2019,7,28,193,0,0,1,1
184,제주,2019-07-13,21.6,20.4,0714,22.9,0001,1.2,908,4.0,823,11.92,13.4,7.3,50,1308,4.5,50,1312,2.2,1873,50,20.1,85,0549,91.8,23.6,999.9,1006.7,0001,1000.3,1533,1002.3,14.2,0.0,1200,1.1,7.32,,,,,,10.0,5.1,23.2,20.1,24.2,24.5,24.4,24.6,24.6,23.6,22.2,19.7,17.2,1.5,2.1,3.9,{비}0008-{비}{강도0}0300-0423. {박무}0055-{박무}{강도0}0300-0454. {비}0515-{비}{강도0}0600-{비}{강도0}0900-{비}{강도0}1200-1233. {비}2108-2130.,,2019,7,28,194,0,0,0,1
184,제주,2019-07-14,24.2,21.5,0009,27.1,1407,,,,,,,5.0,340,1243,3.7,320,1246,1.8,1586,320,21.5,72,1219,85.3,25.7,1001.3,1006.5,2233,1001.2,0458,1003.7,14.2,9.0,1200,3.28,24.84,,,,,,7.0,3.4,26.9,19.8,25.2,25.7,26.9,24.4,24.4,23.7,22.1,20.2,17.2,4.0,5.7,,{박무}0023-0043. {박무}0547-{박무}{강도0}0600-{박무}{강도0}0900-{박무}{강도0}1200-{박무}{강도0}1500-{박무}{강도0}1800-{박무}{강도0}2100-{박무}{강도0}2400-,,2019,7,28,195,0,0,1,0
184,제주,2019-07-15,24.2,22.2,0536,26.5,1529,,,,,,,6.8,70,1758,4.5,20,1026,2.1,1825,20,21.9,74,1013,87.3,26.2,1005.6,1010.1,2341,1006.0,0216,1008.0,14.2,5.4,1200,3.18,19.87,,,,,,4.1,2.4,26.5,19.6,26.1,26.5,26.9,25.3,25.3,23.8,22.1,20.2,17.2,3.5,5.0,,-{박무}-{박무}{강도1}0300-{박무}{강도0}0600-{박무}{강도0}0900-{박무}{강도0}1200-{박무}{강도0}1500-1647. {박무}1956-{박무}{강도0}2100-2103. {박무}2204-{박무}{강도0}2400-,,2019,7,29,196,0,0,1,0
184,제주,2019-07-16,24.8,22.2,0628,27.2,1524,,,,,,,12.2,20,1320,8.0,50,1324,3.2,2778,50,20.8,59,2215,79.1,24.6,1008.2,1011.6,2337,1009.5,1732,1010.6,14.2,11.4,1200,3.32,25.69,,,,,,3.4,0.5,28.6,19.7,25.8,26.3,27.1,25.6,25.6,24.2,22.1,20.2,17.2,4.6,6.5,,-{박무}-{박무}{강도0}0300-{박무}{강도0}0600-0852.,,2019,7,29,197,0,0,1,0
184,제주,2019-07-17,25.0,22.9,0420,28.0,1225,2.4,1916,5.5,1847,3.63,6.8,12.6,90,1334,6.4,110,1139,2.9,2516,90,22.0,65,1023,84.4,26.5,1008.1,1011.6,0020,1009.2,1609,1010.5,14.1,2.2,1100,2.27,14.51,,,,,,8.9,4.0,26.8,20.2,25.5,26.0,26.6,25.8,26.0,24.5,22.0,19.7,17.2,2.5,3.5,22.1,{비}1640-1718. {박무}1722-1755. {비}1738-{비}{강도0}1800-2029. {박무}1843-{박무}{강도1}2100-2137. {비}2113-2122. {박무}2306-{박무}{강도0}2400-,,2019,7,29,198,0,0,1,1
184,제주,2019-07-18,24.2,22.9,0545,25.9,1922,6.0,424,7.3,414,8.0,21.3,9.6,90,1456,5.0,70,1634,2.5,2120,90,23.7,89,1933,97.0,29.2,1005.1,1010.6,0002,1004.6,2050,1007.5,14.1,0.0,1400,1.25,5.3,,,,,,9.9,6.6,25.1,23.1,25.1,25.5,25.6,25.6,26.0,24.6,22.2,20.1,17.4,1.0,1.4,97.5,{비}0039-0116. -{박무}-{박무}{강도0}0300-{박무}{강도1}0600-0708. {비}0414-0512. {비}0633-{비}{강도1}0900-0917. {박무}0837-{박무}{강도0}0900-0914. {비}1056-1122. {비}1236-1310. {비}1547-1723. {박무}1654-1710. {무지개}1944-1948. {비}2004-{비}{강도0}2100-2103. {비}2354-{비}{강도0}2400-,,2019,7,29,199,0,0,1,1
184,제주,2019-07-19,24.1,22.3,0443,26.2,2345,13.9,541,35.9,524,24.0,187.7,17.1,50,2230,8.4,70,2210,3.8,3285,70,23.9,95,1622,99.4,29.7,999.5,1006.4,0001,993.3,2358,1001.9,14.1,0.0,1100,0.33,2.16,,,,,,10.0,7.8,24.1,22.5,24.0,24.3,24.3,25.1,25.5,25.3,23.0,20.1,17.5,0.7,1.0,118.0,{박무}0016-{박무}{강도0}0300-0310. -{비}-{비}{강도1}0300-{비}{강도2}0600-{비}{강도0}0900-{비}{강도0}1200-{비}{강도1}1500-{비}{강도1}1800-{비}{강도1}2100-{비}{강도1}2400- {박무}0432-{박무}{강도2}0600-0846. {박무}1317-{박무}{강도0}1500-1511. {박무}1725-{박무}{강도0}1800-{박무}{강도0}2100-{박무}{강도0}2400-,,2019,7,29,200,0,0,1,1
184,제주,2019-07-20,25.7,24.6,1811,28.2,0503,2.4,130,9.1,1806,16.38,43.8,18.1,140,0512,9.6,230,1825,5.4,4650,230,23.5,71,0503,88.4,29.0,993.7,1003.2,2358,989.4,0339,996.0,14.1,0.0,1200,1.77,7.86,,,,,,10.0,6.4,24.8,23.2,24.2,24.4,24.9,24.7,24.9,25.0,23.7,20.9,18.0,2.4,3.4,22.0,-{비}-{비}{강도1}0300-0425. -{박무}-{박무}{강도0}0300-0405. {비}0508-0550. {비}0614-{비}{강도0}0900-1037. {비}1402-{비}{강도0}1500-{비}{강도1}1800-2016. {박무}1407-{박무}{강도0}1500-{박무}{강도0}1800-{박무}{강도0}2100-2118. {비}2237-2316.,,2019,7,29,201,0,0,1,1
184,제주,2019-07-21,27.3,24.8,0141,30.7,1616,,,,,,,13.2,230,0311,7.7,230,0252,3.9,3360,250,23.5,66,1205,80.6,29.0,1004.1,1008.2,2139,1003.1,0004,1006.5,14.1,8.8,1300,3.42,23.59,,,,,,5.8,3.4,27.8,23.0,25.7,26.0,27.6,25.0,25.1,24.9,23.7,22.2,19.0,4.0,5.7,108.3,,,2019,7,29,202,0,0,1,0
184,제주,2019-07-22,27.1,23.8,0631,32.7,1220,14.7,625,66.0,609,2.55,108.3,9.6,250,0539,5.7,230,0545,2.1,1786,360,25.1,63,1340,89.6,31.9,1005.4,1008.7,0714,1006.9,1620,1007.7,14.0,5.0,1200,3.46,19.17,,,,,,7.4,5.3,27.7,23.1,26.6,26.8,28.0,26.1,26.2,25.9,24.2,21.9,18.4,3.1,4.5,0.0,{박무}0005-{박무}{강도0}0300-0452. {비}0509-{비}{강도2}0600-0738. {박무}0517-{박무}{강도1}0600-0728. {소나기}1642-1644. {소나기}1807-1809. {박무}2228-2313.,,2019,7,30,203,0,0,1,1
184,제주,2019-07-23,27.6,24.3,0628,30.3,1503,,,,,,,7.1,50,1243,5.0,50,1357,2.3,1951,50,24.2,68,1641,82.5,30.2,1004.1,1008.2,0109,1004.2,1746,1006.4,14.0,11.6,1300,3.38,26.49,,,,,,5.5,2.3,30.2,23.4,27.9,28.0,29.8,26.8,26.9,25.8,24.1,21.5,18.2,4.8,6.8,,{박무}0244-{박무}{강도0}0300-{박무}{강도1}0600-0826.,,2019,7,30,204,0,0,1,0
184,제주,2019-07-24,27.9,25.7,0620,30.9,1645,,,,,,,7.6,50,1454,4.9,20,1455,2.3,2016,50,24.1,66,1127,80.4,30.1,1003.4,1007.4,2257,1004.7,1924,1005.8,14.0,10.0,1200,3.46,24.84,,,,,,5.9,2.8,31.6,22.7,28.5,28.6,30.3,27.7,27.7,26.1,24.0,21.7,18.3,4.5,6.4,,,,2019,7,30,205,0,0,1,0
184,제주,2019-07-25,27.9,25.9,0125,31.1,1658,,,,,,,6.5,20,1045,5.0,50,1048,2.2,1877,50,25.2,73,1657,85.8,32.1,1004.1,1007.6,2158,1004.7,1748,1006.4,14.0,8.3,1400,2.91,20.8,,,,,,4.8,2.5,32.0,24.5,28.8,29.0,30.4,28.2,28.4,26.6,24.1,21.7,18.2,3.9,5.5,,{박무}0124-0150.,,2019,7,30,206,0,0,1,0
184,제주,2019-07-26,27.8,25.3,0357,31.2,1335,,,,,,,6.2,50,1537,4.4,20,1516,1.9,1643,20,25.3,72,1336,86.8,32.3,1003.0,1006.8,0022,1003.9,1553,1005.3,14.0,9.4,1300,3.27,24.7,,,,,,6.6,3.0,32.9,24.1,29.4,29.5,31.3,28.6,28.7,26.9,24.1,21.6,18.2,4.4,6.3,,{박무}0014-{박무}{강도0}0300-{박무}{강도0}0600-0727.,,2019,7,30,207,0,0,1,0
184,제주,2019-07-27,28.1,26.5,0406,31.0,0936,8.7,1445,14.7,1432,1.42,14.7,4.9,50,0046,4.0,20,1027,1.6,1423,20,25.8,70,0937,87.6,33.2,1004.5,1009.0,2306,1004.8,0001,1006.8,13.9,3.8,0900,2.81,15.09,,,,,,7.6,3.5,29.4,24.9,29.4,29.4,30.3,29.1,29.3,27.4,24.3,21.8,18.2,2.8,4.0,14.7,{박무}0347-0435. {비}1251-1331. {비}1432-{비}{강도1}1500-1517. {박무}1438-{박무}{강도2}1500-1513.,,2019,7,30,208,0,0,1,1
184,제주,2019-07-28,29.3,27.0,0458,31.8,1501,,,,,,,8.1,20,1319,6.2,50,1325,2.4,2080,50,24.4,64,1501,75.8,30.6,1007.5,1011.4,2244,1007.5,0125,1009.9,13.9,10.5,1300,3.3,25.26,,,,,,3.1,2.0,30.3,24.2,29.4,29.4,31.0,29.1,29.3,27.6,24.5,22.2,18.3,5.0,7.1,,,,2019,7,30,209,0,0,1,0
184,제주,2019-07-29,28.7,26.1,0336,31.3,1802,,,,,,,7.4,50,1417,5.0,50,1400,2.1,1853,50,23.4,60,1800,73.5,28.8,1008.5,1012.2,1017,1009.5,1755,1010.8,13.9,12.6,1000,2.91,24.0,,,,,,4.4,0.6,30.5,22.9,29.3,29.3,30.6,29.4,29.5,27.7,24.6,21.7,18.3,4.6,6.6,,,,2019,7,31,210,0,0,1,0
184,제주,2019-07-30,30.4,27.3,0422,35.4,1418,,,,,,,11.3,230,1619,6.5,200,1608,2.4,2049,20,24.1,48,1439,70.0,29.9,1007.2,1010.7,0001,1008.1,1647,1009.6,13.9,12.9,1200,3.41,27.79,,,,,,2.8,1.4,33.7,23.7,29.9,29.9,31.9,29.5,29.7,27.9,24.7,21.9,18.3,6.1,8.6,,,,2019,7,31,211,0,0,1,0
184,제주,2019-07-31,29.5,27.9,0547,32.3,1341,,,,,,,6.9,20,1557,5.3,20,1615,2.3,2008,20,25.0,63,1441,76.9,31.6,1008.7,1012.4,2303,1010.0,0300,1011.0,13.8,13.1,1200,3.38,26.81,,,,,,1.8,1.5,34.5,24.6,30.5,30.4,32.2,29.9,30.1,28.2,24.9,21.8,18.4,5.2,7.5,,,,2019,7,31,212,0,0,1,0
184,제주,2019-08-01,29.2,26.9,0619,32.1,1458,,,,,,,7.4,270,1512,4.9,270,1529,2.0,1724,20,25.5,69,0910,81.1,32.8,1009.9,1013.5,0938,1011.0,1746,1012.2,13.8,11.4,1200,3.35,25.05,,,,,,3.6,3.1,34.5,23.7,30.7,30.6,32.4,30.3,30.4,28.5,25.1,22.2,18.4,4.5,6.4,,,,2019,8,31,213,0,0,1,0
184,제주,2019-08-02,28.8,26.7,2307,31.2,1824,,,,,,,9.9,50,1414,6.9,50,1417,2.9,2534,50,25.2,67,1143,81.5,32.0,1009.2,1012.9,0320,1009.4,1746,1011.6,13.8,12.2,1200,3.44,25.91,,,,,,2.5,1.5,34.0,23.8,30.6,30.5,32.1,30.4,30.5,28.7,25.3,22.0,18.4,4.7,6.7,,,,2019,8,31,214,0,0,1,0
184,제주,2019-08-03,29.0,25.4,0451,31.7,1457,,,,,,,10.3,50,1226,6.8,50,1241,2.7,2295,50,23.7,58,0835,74.0,29.3,1008.0,1011.9,0001,1008.6,1719,1010.3,13.8,2.4,1000,2.7,14.86,,,,,,7.0,1.1,31.1,23.3,29.7,29.7,30.8,30.4,30.6,28.9,25.3,22.2,18.5,3.3,4.7,,,,2019,8,31,215,0,0,1,0
184,제주,2019-08-04,27.9,25.9,0829,30.2,1106,,,,,,,12.4,50,1439,7.6,50,1314,3.3,2885,50,24.9,67,0736,84.5,31.6,1007.8,1011.0,0822,1008.9,1721,1010.2,13.7,10.1,1300,3.28,23.42,,,,,,2.4,1.6,33.0,23.6,29.5,29.4,30.8,30.0,30.3,29.0,25.5,21.4,18.4,4.0,5.8,,{박무}0803-{박무}{강도0}0900-1021. {박무}1652-{박무}{강도0}1800-{박무}{강도0}2100-2143.,,2019,8,31,216,0,0,1,0
184,제주,2019-08-05,27.8,24.9,0625,30.9,1700,,,,,,,7.0,50,1414,5.1,50,1513,2.4,2078,50,23.6,64,1638,78.1,29.2,1007.0,1011.1,0746,1007.8,1822,1009.3,13.7,8.8,1200,3.44,22.75,,,,,,4.3,2.8,32.0,21.6,29.7,29.6,30.7,30.0,30.1,29.0,25.6,21.8,18.4,4.2,5.9,,{박무}0807-{박무}{강도0}0900-{박무}{강도0}1200-1211. {박무}1328-1424. {박무}2043-{박무}{강도0}2100-{박무}{강도0}2400-,,2019,8,32,217,0,0,1,0
184,제주,2019-08-06,28.8,26.2,0205,32.2,1716,,,,,,,6.5,70,0816,4.0,20,1115,2.2,1886,20,22.9,55,1717,71.1,28.0,1003.7,1008.4,0001,1004.4,1659,1006.0,13.7,9.6,1200,3.35,24.01,,,,,,5.0,3.8,34.8,23.7,30.3,30.0,31.8,30.1,30.1,28.7,25.7,22.3,18.6,4.8,6.9,,-{박무}-0027. {박무}0253-{박무}{강도0}0300-0347. {박무}1039-{박무}{강도0}1200-1222.,,2019,8,32,218,0,0,1,0
184,제주,2019-08-07,29.6,26.6,0136,34.2,1636,,,,,,,7.5,140,2035,5.0,20,1248,2.0,1752,20,23.6,56,1615,70.4,29.2,1004.3,1007.5,1235,1005.3,0058,1006.6,13.7,12.8,1200,3.31,26.34,,,,,,1.6,1.3,35.4,23.1,30.9,30.6,32.8,30.4,30.3,28.8,25.9,22.4,18.4,5.1,7.3,,,,2019,8,32,219,0,0,1,0
184,제주,2019-08-08,31.1,27.7,0109,34.7,1218,,,,,,,11.9,110,1308,6.4,90,1052,3.0,2590,70,23.5,51,1411,65.0,29.1,1005.2,1008.4,2136,1006.8,0045,1007.5,13.6,9.0,1100,3.35,20.42,,,,,,3.8,2.8,33.4,25.7,31.0,30.9,32.7,30.7,30.7,28.9,26.0,22.7,18.7,5.0,7.1,,,,2019,8,32,220,0,0,1,0
184,제주,2019-08-09,30.1,27.7,0306,33.3,1249,,,,,,,12.5,110,1151,5.9,110,1156,3.4,2910,110,24.4,56,1218,72.6,30.5,1003.8,1007.4,0001,1005.1,1613,1006.1,13.6,4.2,1100,2.33,16.6,,,,,,8.5,3.4,33.3,25.5,30.5,30.3,31.8,30.6,30.8,29.0,26.0,22.6,18.7,4.4,6.3,,{햇무리}1155-1238.,,2019,8,32,221,0,0,1,0
184,제주,2019-08-10,29.5,28.8,0612,30.9,1350,0.0,,0.0,,0.37,0.0,17.1,110,1608,6.7,110,1202,4.7,4075,110,23.9,64,1320,71.9,29.6,1000.7,1005.4,0001,1001.3,1622,1003.0,13.6,0.0,1300,1.14,8.14,,,,,,8.9,4.8,31.0,25.9,29.6,29.5,30.5,30.4,30.6,29.0,26.1,22.5,18.8,3.4,4.8,1.2,{비}2243-2305.,,2019,8,32,222,0,0,1,0
184,제주,2019-08-11,28.7,27.7,0912,30.5,1806,1.4,2049,4.8,1038,18.37,25.0,18.9,140,1834,10.1,140,0758,5.7,4919,140,25.8,72,0001,84.6,33.2,996.6,1002.9,0005,997.0,1441,998.9,13.5,0.2,1400,0.95,5.55,,,,,,10.0,7.3,28.3,25.6,28.4,28.2,28.9,29.8,30.0,29.0,26.1,22.8,19.3,1.6,2.3,35.7,{비}0242-{비}{강도0}0300-0403. {비}0532-0539. {비}0634-0722. {박무}0736-{박무}{강도0}0900-0946. {비}0754-{비}{강도0}0900-{비}{강도1}1200-{비}{강도0}1500-{비}{강도0}1800-{비}{강도0}2100-{비}{강도0}2400- {박무}1037-{박무}{강도0}1200-1232. {박무}1348-1454. {박무}1507-1752.,,2019,8,32,223,0,0,1,1
184,제주,2019-08-12,29.7,27.2,0612,33.9,1253,1.6,18,5.2,8,7.67,12.0,9.8,250,0213,5.7,20,1714,2.2,1886,360,26.2,60,1256,81.9,33.9,998.1,1002.4,2329,998.8,0329,1000.4,13.5,6.0,1200,3.17,18.23,,,,,,6.5,6.0,30.1,25.8,29.2,29.0,30.5,29.2,29.3,28.6,26.3,23.5,18.9,3.9,5.6,0.1,-{비}-{비}{강도0}0300-{비}{강도0}0600-0718. {비}0805-0819. {소나기}1355-1401. {소나기}1446-1448.,,2019,8,33,224,0,0,1,1
184,제주,2019-08-13,29.2,26.8,0615,31.2,1125,,,,,,,9.6,50,1304,5.7,50,1142,2.5,2163,50,25.5,66,0825,81.1,32.6,999.7,1002.8,1041,1001.3,1748,1002.0,13.5,10.0,1300,3.27,21.43,,,,,,2.3,2.0,31.6,24.1,29.9,29.6,31.2,29.8,29.7,28.6,26.3,23.0,18.7,4.2,6.0,,,,2019,8,33,225,0,0,1,0
184,제주,2019-08-14,28.6,26.8,2144,31.6,1332,1.0,2119,1.2,2054,0.62,1.2,7.0,270,1951,4.7,270,2047,2.4,2111,270,25.4,69,1605,83.3,32.5,996.5,1002.2,0001,995.9,2354,998.8,13.5,8.1,1200,2.77,22.32,,,,,,7.3,5.1,32.1,25.4,30.3,30.0,31.5,30.2,30.1,28.9,26.3,23.7,19.0,3.8,5.4,1.2,{비}2054-{비}{강도0}2100-2102. {비}2113-2140. {박무}2115-{박무}{강도0}2400- {비}2256-2258.,,2019,8,33,226,0,0,1,1
184,제주,2019-08-15,27.1,26.4,0654,27.9,1155,0.0,,0.0,,0.08,0.0,10.6,270,1459,6.6,270,1501,4.1,3561,270,25.0,80,1652,88.5,31.6,991.9,995.9,0002,993.1,1540,994.2,13.4,0.0,1200,0.61,4.57,,,,,,8.9,6.8,27.4,25.5,29.0,28.7,29.2,30.2,30.3,29.0,26.5,23.8,19.5,1.6,2.3,4.5,-{박무}-{박무}{강도0}0300-{박무}{강도0}0600-{박무}{강도0}0900-{박무}{강도0}1200-1346. {비}2324-2329.,,2019,8,33,227,0,0,1,0
184,제주,2019-08-16,27.7,25.7,0721,30.9,1407,1.6,715,3.5,715,1.8,4.5,11.2,270,1352,7.1,290,1226,4.4,3802,270,23.3,64,1449,77.4,28.6,997.2,1003.0,2305,995.1,0025,999.5,13.4,9.4,1200,3.39,24.02,,,,,,4.6,4.4,28.9,23.7,28.6,28.4,29.4,29.5,29.6,28.7,26.4,24.7,20.3,5.3,7.6,,{비}0240-0242. {비}0437-0443. {비}0556-{비}{강도0}0600-0654. {비}0715-0757.,,2019,8,33,228,0,0,1,1
184,제주,2019-08-17,28.8,25.7,0415,32.6,1701,,,,,,,8.9,270,1752,5.8,270,1831,3.1,2671,230,21.5,51,1353,65.4,25.7,1001.7,1006.0,2334,1002.4,0226,1004.0,13.4,11.6,1200,3.32,25.45,,,,,,0.0,0.0,30.9,22.3,28.9,28.6,30.0,29.5,29.5,28.4,26.4,24.4,19.5,5.3,7.5,,,,2019,8,33,229,0,0,1,0
184,제주,2019-08-18,27.2,25.9,2341,29.7,1550,,,,,,,5.6,290,1553,3.5,290,1600,2.0,1735,20,21.3,52,1648,70.9,25.5,1004.9,1008.9,2301,1005.1,0355,1007.3,13.3,5.0,1100,2.8,17.66,,,,,,7.0,4.5,30.0,22.4,28.9,28.5,29.3,29.6,29.6,28.4,26.4,23.8,19.2,3.6,5.1,,{박무}0406-{박무}{강도0}0600-0628.,,2019,8,33,230,0,0,1,0
184,제주,2019-08-19,26.3,24.6,0628,29.1,1235,,,,,,,5.6,20,1448,4.0,20,1514,1.9,1652,20,22.5,65,1238,80.1,27.3,1006.6,1009.8,0800,1008.1,0355,1009.0,13.3,5.5,1300,2.67,17.54,,,,,,6.3,1.3,30.0,21.2,28.5,28.2,29.0,29.4,29.5,28.4,26.4,23.6,19.1,3.1,4.4,0.0,,,2019,8,34,231,0,0,1,0
184,제주,2019-08-20,27.1,25.7,0152,30.1,1043,0.1,,0.1,,2.3,0.1,11.4,50,1632,6.9,50,1515,3.4,2977,50,24.9,72,1029,88.1,31.5,1006.2,1009.6,0939,1007.3,1527,1008.5,13.3,3.5,1400,2.6,14.92,,,,,,6.6,4.0,31.4,24.3,28.6,28.2,29.4,29.4,29.5,28.4,26.4,23.0,19.2,2.9,4.2,0.2,{박무}0006-{박무}{강도0}0300-{박무}{강도1}0600-{박무}{강도0}0900-1140. {비}0201-0213. {소나기}1157-{소나기}{강도0}1200-1256. {비}1825-1835. {비}1951-1958. {비}2016-{비}{강도0}2100-2106.,,2019,8,34,232,0,0,1,1
184,제주,2019-08-21,28.1,25.3,0421,31.6,1425,1.6,1721,2.0,1716,2.95,3.4,5.4,110,0020,3.9,20,1306,1.3,1159,20,24.8,67,1303,83.1,31.4,1005.9,1009.4,0911,1007.0,1544,1008.2,13.2,3.7,1200,3.39,17.14,,,,,,6.8,5.6,31.3,23.0,29.2,28.8,30.1,29.3,29.3,28.4,26.2,23.7,19.2,3.1,4.5,6.1,{비}0604-0651. {무지개}0621-0713. {비}0902-1019. {박무}0915-0930. {비}1716-1747. {비}2033-2048. {비}2256-2303.,,2019,8,34,233,0,0,1,1
184,제주,2019-08-22,28.5,25.8,0343,31.8,1220,3.0,1318,3.5,1309,1.82,6.3,13.4,230,0639,7.2,250,1051,3.2,2762,250,24.9,69,1231,81.8,31.6,1005.5,1009.7,2130,1006.4,0516,1007.9,13.2,4.9,1400,2.81,15.13,,,,,,6.5,3.4,29.6,23.4,29.1,28.8,29.8,29.5,29.5,28.3,26.2,24.4,20.3,3.2,4.6,3.5,{비}0125-0156. {비}0250-{비}{강도0}0300-0336. {소나기}1309-1341. {박무}1854-{박무}{강도0}2100-{박무}{강도0}2400-,,2019,8,34,234,0,0,1,1
184,제주,2019-08-23,27.4,26.2,0122,30.7,1334,0.0,,0.0,,0.2,0.0,6.1,340,1318,4.3,320,1354,2.1,1787,320,21.2,51,2357,70.1,25.4,1008.2,1011.9,2220,1009.2,0104,1010.5,13.2,1.5,1300,2.72,14.39,,,,,,8.0,5.4,27.9,23.0,28.8,28.5,29.3,29.4,29.5,28.3,26.2,24.3,19.5,3.4,4.9,0.0,-{박무}-0144. {박무}0258-{박무}{강도0}0300-{박무}{강도0}0600-0708. {비}0345-0352. {소나기}1506-1511.,,2019,8,34,235,0,0,1,0
184,제주,2019-08-24,27.0,25.2,0558,28.8,1523,,,,,,,7.1,20,1215,4.8,20,1217,2.1,1788,180,17.0,42,1913,55.3,19.6,1009.6,1013.4,2215,1011.0,0225,1012.0,13.1,4.8,1200,3.03,18.08,,,,,,8.3,6.0,28.3,20.4,28.0,27.7,28.4,29.1,29.2,28.2,26.2,23.8,19.4,3.8,5.4,0.1,,,2019,8,34,236,0,0,1,0
184,제주,2019-08-25,25.5,23.3,1910,27.7,1336,0.1,,0.1,,0.67,0.1,10.7,20,1814,7.1,20,1817,2.1,1849,50,18.7,52,0001,66.6,21.7,1011.1,1014.8,1034,1012.1,0444,1013.5,13.1,0.1,1300,1.42,8.01,,,,,,9.8,8.4,26.6,21.6,27.1,26.8,27.0,28.8,29.2,28.2,26.2,24.0,19.4,2.4,3.4,0.1,{비}0841-{비}{강도0}0900-0908. {비}1003-1010. {비}2232-2238.,,2019,8,34,237,0,0,1,1
184,제주,2019-08-26,25.9,23.5,0359,28.3,1240,0.2,,0.2,,3.7,0.3,10.8,110,1435,6.1,90,1444,2.5,2173,50,22.8,67,0035,83.5,27.8,1008.7,1013.4,0006,1009.4,1518,1011.1,13.1,0.7,1200,1.4,9.68,,,,,,9.1,6.1,26.5,21.7,26.7,26.5,27.0,28.2,28.5,28.1,26.2,22.7,19.4,2.1,3.0,14.8,{비}0046-0051. {비}0110-0203. {비}0642-0828. {비}1330-1428.,,2019,8,35,238,0,0,1,1
184,제주,2019-08-27,26.9,24.5,1212,31.0,0922,15.4,1137,46.6,1131,10.93,87.2,10.9,290,1143,6.5,290,1152,3.0,2567,250,24.8,71,0918,89.1,31.3,1005.2,1009.8,0001,1005.7,1630,1007.5,13.1,0.1,0800,0.88,3.26,,,,,,9.9,6.0,26.5,24.1,26.3,26.0,26.8,27.8,28.3,27.7,26.1,24.2,20.0,0.9,1.3,77.9,{비}0045-{소나기}0050-0251. {박무}0118-0220. {비}0548-0554. {비}1012-1037. {비}1113-{시정(미만)}{1km}{소나기}1132-{소나기}{강도2}1200-{시정(이상)}{1km}{소나기}1206-1238. {비}1327-1340. {비}1428-{비}{강도0}1500-1634. {비}1704-{비}{강도0}1800-2026. {비}2112-2153. {비}2328-{소나기}2340-{소나기}{강도1}2400- {박무}2346-{박무}{강도2}2400-,,2019,8,35,239,0,0,1,1
184,제주,2019-08-28,24.8,23.0,1025,27.0,1220,3.2,1529,8.8,1522,12.38,33.3,9.0,20,0820,6.0,20,0824,2.0,1742,180,23.2,72,1424,91.8,28.6,1005.8,1010.3,1021,1006.5,0352,1008.2,13.0,0.0,1100,0.85,3.4,,,,,,10.0,5.8,25.4,22.0,25.9,25.6,26.2,27.2,27.7,27.6,26.5,23.4,19.7,0.9,1.2,72.9,-{소나기}-0030. -{박무}-0043. {비}0155-0226. {비}0706-{비}{강도0}0900-1148. {박무}0903-1056. {비}1348-{비}{강도0}1500-{비}{강도1}1800-1834. {박무}1527-1744. {비}2018-2036. {비}2108-2216. {비}2332-{비}{강도0}2400-,,2019,8,35,240,0,0,1,1
184,제주,2019-08-29,23.3,21.3,1032,25.4,1538,6.5,526,16.4,521,14.15,68.9,7.5,180,0543,4.6,290,1403,2.4,2063,230,20.9,73,1546,87.1,24.8,1006.4,1010.1,1013,1006.4,1440,1008.8,13.0,0.0,1400,0.87,4.0,,,,,,9.8,6.0,23.7,20.7,24.1,23.8,24.2,26.3,26.9,27.4,26.7,23.8,19.9,1.4,2.0,24.0,-{비}-0011. {비}0122-{비}{강도1}0300-{비}{강도1}0600-{비}{강도0}0900-{비}{강도1}1200-1309. {박무}0156-0233. {박무}0522-{박무}{강도0}0600-0746. {박무}0917-{박무}{강도0}1200-1207. {비}1432-{비}{강도0}1500-1643.,,2019,8,35,241,0,0,1,1
184,제주,2019-08-30,25.5,22.2,2348,28.8,1620,,,,,,,6.5,270,1518,4.2,320,1327,2.6,2216,290,19.1,53,1046,69.0,22.3,1009.1,1013.9,2334,1008.7,0241,1011.4,13.0,10.0,1300,3.28,24.09,,,,,,2.5,1.8,26.3,18.1,25.2,24.8,26.4,25.8,26.1,26.7,26.7,24.4,20.2,4.9,7.1,,{박무}0117-{박무}{강도0}0300-{박무}{강도0}0600-0654.,,2019,8,35,242,0,0,1,0
184,제주,2019-08-31,24.9,20.8,0455,28.2,1441,,,,,,,5.0,180,0452,3.6,20,1216,2.1,1822,180,17.5,51,1326,64.4,20.1,1012.7,1016.7,2314,1013.6,0011,1015.1,12.9,10.9,1300,3.34,23.57,,,,,,5.0,1.3,27.4,16.9,25.8,25.4,26.5,26.5,26.6,26.7,26.4,24.0,20.1,4.4,6.2,0.0,,,2019,8,35,243,0,0,1,0
184,제주,2019-09-01,23.3,20.6,1943,26.3,1003,3.0,2123,9.8,1759,13.4,26.1,7.6,70,1923,4.2,70,1926,2.0,1735,180,19.5,58,1135,80.6,22.8,1014.3,1017.9,1114,1015.7,0518,1016.7,12.9,0.0,1000,0.81,5.21,,,,,,9.8,5.5,23.9,19.8,25.3,24.9,25.1,26.8,27.1,26.7,26.2,24.1,20.1,1.2,1.7,50.3,{비}0644-0649. {비}0718-0830. {비}1116-1128. {비}1205-{비}{강도0}1500-{비}{강도0}1800-{비}{강도0}2100-{비}{강도0}2400- {박무}1725-{박무}{강도0}1800-{박무}{강도0}2100-2206.,,2019,9,35,244,0,0,1,1
184,제주,2019-09-02,24.1,21.9,0001,26.6,1655,4.4,804,16.7,758,6.25,25.7,11.1,20,0744,6.8,20,0753,2.4,2031,70,23.0,80,1622,93.8,28.0,1012.5,1016.8,0844,1013.7,1507,1014.9,12.9,2.4,1400,1.77,9.02,,,,,,9.4,4.5,25.1,21.1,24.7,24.2,25.2,26.0,26.6,26.7,26.2,23.3,20.2,1.6,2.3,13.6,-{비}-0203. {비}0326-0335. {비}0527-{비}{강도0}0600-{비}{강도2}0900-0930. {박무}0528-{박무}{강도0}0600-{박무}{강도1}0900-1035. {박무}2337-{박무}{강도0}2400-,,2019,9,36,245,0,0,1,1
184,제주,2019-09-03,24.8,22.4,0505,26.7,1454,3.8,501,6.8,619,5.32,13.9,11.1,270,0450,6.2,250,0454,2.2,1883,50,23.5,83,0907,93.3,29.0,1011.3,1015.8,0836,1012.5,1534,1013.7,12.8,0.4,1500,1.33,7.11,,,,,,8.8,5.3,25.8,21.7,25.4,24.9,26.0,26.1,26.4,26.5,26.1,24.1,20.3,1.2,1.7,35.2,-{박무}-0127. {비}0344-0402. {박무}0347-0512. {소나기}0446-0549. {소나기}0605-0732. {비}1038-1134. {비}1301-1315. {비}1456-{비}{강도0}1500-1506. {비}1634-1745.,,2019,9,36,246,0,0,1,1
184,제주,2019-09-04,24.7,23.7,0230,27.9,1647,17.7,815,33.2,757,9.55,43.0,7.4,140,1117,4.5,140,1118,1.6,1366,180,23.2,76,1649,91.6,28.5,1009.7,1014.5,0843,1010.6,1627,1012.1,12.8,0.9,1600,0.94,2.52,,,,,,8.4,6.0,23.9,21.5,24.6,24.2,24.7,26.0,26.4,26.5,26.1,24.4,20.5,0.8,1.2,9.7,{비}0055-0127. {비}0643-{소나기}0802-{비}0856-{비}{강도2}0900-{비}{강도0}1200-{비}{강도0}1500-1544.,,2019,9,36,247,0,0,1,1
184,제주,2019-09-05,26.2,23.4,0221,30.4,1207,1.3,1411,2.8,1412,7.12,7.0,7.6,90,1623,4.2,110,1627,1.6,1403,110,24.1,71,1116,89.3,30.1,1008.1,1012.2,0003,1009.3,1818,1010.5,12.8,2.2,1100,1.95,11.68,,,,,,8.1,5.6,25.7,20.8,25.3,24.9,26.1,25.7,26.1,26.1,26.1,24.2,20.4,2.2,3.1,6.9,{비}0528-0543. {소나기}1158-{소나기}{강도0}1200-1203. {소나기}1243-{비}1325-{비}{강도0}1500-{소나기}1547-1708. {소나기}1757-{소나기}{강도0}1800-2019.,,2019,9,36,248,0,0,1,1
184,제주,2019-09-06,26.8,25.1,1841,28.6,0935,13.3,1840,26.7,1751,13.6,68.8,20.9,110,2231,10.6,110,2342,4.2,3650,70,24.9,78,0941,89.9,31.6,1000.3,1009.9,0001,992.4,2353,1002.6,12.7,0.0,0900,0.66,3.95,,,,,,9.8,7.4,25.7,23.7,25.7,25.2,26.3,26.2,26.4,26.1,26.0,24.0,20.5,1.8,2.6,103.1,{비}0111-0133. {소나기}0210-0225. {비}0602-0607. {비}1106-{비}{강도0}1200-{비}{강도0}1500-{비}{강도1}1800-{비}{강도0}2100-{비}{강도1}2400- {박무}1652-{박무}{강도1}1800-1918. {박무}2104-2352.,,2019,9,36,249,0,0,1,1
184,제주,2019-09-07,27.6,24.9,2257,30.3,1416,3.9,147,16.3,146,8.68,34.3,28.5,110,0141,12.4,160,0339,6.5,5656,230,23.7,63,1516,80.0,29.3,998.4,1008.2,2238,987.9,0316,1000.7,12.7,8.2,1200,3.24,21.93,,,,,,6.5,4.4,28.0,22.0,25.9,25.5,27.2,26.2,26.4,26.3,26.0,24.5,21.8,4.5,6.4,0.0,{박무}0112-{박무}{강도0}0300-0438. -{비}-{비}{강도1}0300-{비}{강도0}0600-0824. {박무}0654-0712. {소나기}0837-0849. {소나기}0924-0929.,,2019,9,36,250,0,0,1,1
184,제주,2019-09-08,24.5,23.4,2014,26.3,0909,2.4,1542,7.6,1515,9.9,19.0,6.4,110,2130,4.4,110,2141,2.0,1714,50,23.5,85,0907,94.5,29.0,1005.8,1009.3,2048,1007.2,0248,1008.2,12.7,0.0,0900,1.16,6.02,,,,,,9.4,5.8,25.7,22.3,26.0,25.5,26.3,26.5,26.9,26.5,26.0,24.5,21.0,1.0,1.4,40.4,{비}0650-0803. {비}1003-{비}{강도0}1200-{비}{강도1}1500-1639. {박무}1417-{박무}{강도0}1500-1619. {비}1736-{비}{강도0}1800-1806. {박무}1747-{박무}{강도0}1800-1814. {비}2040-{비}{강도0}2100-2215. {박무}2119-{박무}{강도0}2400-,,2019,9,36,251,0,0,1,1
184,제주,2019-09-09,26.2,23.7,0001,29.0,1109,4.5,416,12.5,403,12.2,24.7,9.3,110,0857,5.3,50,0101,2.7,2311,70,24.8,81,1124,92.9,31.4,1004.7,1010.0,2325,1004.9,1341,1007.0,12.6,1.0,1600,0.97,5.9,,,,,,8.9,4.9,25.7,22.3,25.7,25.2,26.2,26.4,26.8,26.6,25.9,24.0,21.0,1.4,2.1,3.3,{비}0025-0031. -{박무}-0049. {비}0106-{비}{강도0}0300-{비}{강도1}0600-{비}{강도0}0900-1020. {박무}0136-{박무}{강도0}0300-0306. {박무}0407-{박무}{강도0}0600-0633. {박무}0738-0817. {비}1152-{비}{강도0}1200-1230. {비}1252-{비}{강도0}1500-1506. {박무}1415-{박무}{강도1}1500-1543.,,2019,9,37,252,0,0,1,1
184,제주,2019-09-10,27.0,24.0,0626,29.4,1502,0.0,,0.0,,0.33,0.0,5.9,70,0217,3.9,20,1338,1.7,1473,20,23.0,64,0957,79.5,28.0,1010.4,1014.7,2305,1009.6,0110,1012.7,12.6,7.3,1200,2.9,18.7,,,,,,7.0,4.1,27.8,21.1,26.5,25.9,27.6,26.4,26.7,26.6,26.0,24.4,21.1,3.2,4.6,5.0,{비}1717-1737. {박무}2127-{박무}{강도0}2400-,,2019,9,37,253,0,0,1,0
184,제주,2019-09-11,26.0,24.1,0754,29.3,1454,1.4,657,4.1,634,2.7,5.0,5.8,290,1608,3.8,20,1054,1.8,1595,360,23.9,76,1456,88.5,29.6,1012.0,1015.5,0844,1013.2,1500,1014.4,12.6,5.6,1300,3.03,17.45,,,,,,7.4,7.1,28.3,22.6,27.4,26.8,28.2,27.1,27.3,26.6,25.9,24.3,21.1,3.0,4.3,0.6,-{박무}-0024. {박무}0457-{박무}{강도0}0600-{박무}{강도0}0900-1054. {소나기}0626-{소나기}{강도0}0900-0908. {박무}1704-{박무}{강도0}1800-2045. {박무}2208-2320.,,2019,9,37,254,0,0,1,1
184,제주,2019-09-12,24.1,23.0,2359,25.1,0015,0.3,510,0.6,453,3.23,0.6,10.7,70,1312,4.9,90,1438,3.2,2724,70,21.6,76,2107,86.3,25.8,1012.0,1015.6,1038,1013.4,1548,1014.4,12.5,0.0,1400,0.63,4.05,,,,,,9.4,7.1,25.2,22.5,26.6,26.2,26.7,27.4,27.8,26.9,25.8,24.0,21.1,1.4,2.0,0.0,{박무}0105-{박무}{강도0}0300-{박무}{강도0}0600-0625. {비}0311-{비}{강도0}0600-0612. {비}0921-0934.,,2019,9,37,255,0,0,1,1
184,제주,2019-09-13,24.0,22.1,0612,26.7,1359,,,,,,,11.3,50,1115,7.0,50,1232,3.0,2593,70,18.8,65,1537,73.4,21.7,1010.4,1014.1,0001,1011.0,1507,1012.8,12.5,5.2,1100,2.56,16.62,,,,,,3.9,3.9,25.5,18.8,25.7,25.2,26.2,26.9,27.3,26.8,25.8,23.8,21.0,3.5,4.9,,,,2019,9,37,256,0,0,1,0
184,제주,2019-09-14,24.3,21.7,0535,26.9,1615,,,,,,,5.3,50,1029,4.1,20,1032,2.1,1824,20,19.7,56,1552,76.5,23.0,1009.7,1013.1,1029,1010.9,1525,1012.1,12.5,11.2,1200,3.08,22.5,,,,,,1.6,1.4,26.8,18.1,25.8,25.2,26.3,26.7,27.1,26.7,25.7,23.6,21.0,3.9,5.6,,,,2019,9,37,257,0,0,1,0
184,제주,2019-09-15,24.6,22.9,0556,26.9,1140,,,,,,,5.1,320,1146,3.7,360,1219,1.9,1669,20,21.7,75,1141,84.3,26.0,1007.9,1012.2,0001,1008.9,1736,1010.3,12.4,9.0,1300,2.83,19.98,,,,,,3.9,3.1,28.3,19.5,26.5,25.9,27.1,26.9,27.3,26.7,25.8,24.1,21.1,3.3,4.7,0.0,{박무}2106-2230.,,2019,9,37,258,0,0,1,0
184,제주,2019-09-16,24.6,23.6,0346,27.0,1353,0.0,,0.0,,0.17,0.0,5.9,360,1114,4.0,20,1116,1.9,1671,20,21.4,71,1515,82.8,25.5,1007.8,1011.5,2248,1008.9,0439,1010.2,12.4,7.1,1300,2.87,17.86,,,,,,5.3,5.0,28.8,21.2,26.9,26.3,27.4,27.2,27.6,26.8,25.7,23.5,21.0,3.4,4.8,,{소나기}0203-0213.,,2019,9,38,259,0,0,1,0
184,제주,2019-09-17,23.8,22.0,0553,25.8,1429,,,,,,,10.5,50,1041,6.0,50,1233,2.8,2430,50,17.3,58,0809,67.3,19.8,1011.5,1015.4,2055,1011.4,0010,1013.9,12.4,8.3,1000,2.36,17.56,,,,,,2.5,2.5,26.4,17.1,26.0,25.4,26.2,27.3,27.7,26.8,25.7,23.5,21.0,3.4,4.8,,,,2019,9,38,260,0,0,1,0
184,제주,2019-09-18,23.3,20.6,2334,27.6,1433,,,,,,,7.5,360,1823,4.6,360,1217,2.4,2078,320,17.3,55,2058,69.9,20.1,1013.7,1017.6,2121,1013.7,0442,1016.1,12.3,9.1,1200,2.97,20.29,,,,,,3.9,2.4,27.1,16.3,25.6,24.8,25.8,26.9,27.3,26.8,25.6,23.5,21.0,3.9,5.6,,,,2019,9,38,261,0,0,1,0
184,제주,2019-09-19,22.8,19.3,0203,25.9,1340,,,,,,,13.7,50,1149,7.3,50,1228,3.2,2757,50,15.9,48,1625,65.9,18.1,1014.3,1018.0,0937,1015.8,2359,1016.7,12.3,7.8,1200,3.18,19.53,,,,,,3.5,2.9,27.0,15.1,24.9,24.3,24.9,26.7,27.1,26.6,25.6,23.4,21.0,4.4,6.2,,,,2019,9,38,262,0,0,1,0
184,제주,2019-09-20,22.5,19.9,0456,25.0,1450,0.0,,0.0,,2.6,0.0,15.3,70,1526,7.6,50,1341,3.9,3401,70,17.3,61,1711,72.9,19.8,1012.2,1015.9,0025,1013.1,1501,1014.6,12.2,3.6,1300,2.21,13.88,,,,,,7.0,4.3,25.7,15.8,24.4,23.7,24.5,26.3,26.8,26.6,25.5,23.3,21.0,3.1,4.5,1.3,{비}1955-2056. {비}2225-{비}{강도0}2400-,,2019,9,38,263,0,0,1,0
184,제주,2019-09-21,20.5,19.1,1144,21.7,0001,8.7,2204,21.4,2151,19.85,156.0,18.7,50,2346,10.4,70,2355,5.3,4538,70,19.0,77,0256,91.4,22.0,1010.3,1015.2,0001,1007.7,2354,1012.7,12.2,0.0,1200,0.27,1.49,,,,,,10.0,6.6,21.2,18.7,22.5,21.9,22.1,25.5,26.5,26.3,25.4,23.3,21.0,0.6,0.8,247.2,-{비}-0059. {비}0218-0230. {비}0410-0415. {비}0525-{비}{강도0}0600-{비}{강도0}0900-{비}{강도1}1200-{비}{강도1}1500-{비}{강도1}1800-{비}{강도1}2100-{비}{강도1}2400- {박무}0911-{박무}{강도1}1200-{박무}{강도0}1500-{박무}{강도0}1800-{박무}{강도0}2100-{박무}{강도1}2400-,,2019,9,38,264,0,0,0,1
184,제주,2019-09-22,20.4,19.1,2019,21.7,2118,3.5,525,15.8,444,21.23,126.2,30.4,50,1514,17.4,50,1514,9.2,7919,70,18.8,71,2120,90.6,21.7,999.4,1008.0,0003,995.0,1437,1001.8,12.2,0.0,1100,0.19,0.81,,,,,,9.8,7.6,19.8,17.9,19.9,19.3,20.0,21.8,23.0,23.7,24.9,23.5,21.7,0.9,1.2,33.7,-{비}-{비}{강도1}0300-{비}{강도2}0600-{비}{강도1}0900-{비}{강도1}1200-{비}{강도1}1500-{비}{강도0}1800-2056. -{박무}-{박무}{강도1}0300-{박무}{강도2}0600-{박무}{강도1}0900-{박무}{강도1}1200-{박무}{강도2}1500-1707. {폭풍}1121-1556. {폭풍}1625-1648. {박무}1925-2036. {비}2202-2209. {비}2349-{비}{강도0}2400-,,2019,9,38,265,0,0,0,1
184,제주,2019-09-23,21.0,18.4,2339,24.5,1511,0.0,,0.0,,2.08,0.0,7.7,320,1645,5.1,360,1906,2.5,2149,,16.0,59,1438,73.9,18.3,1012.2,1018.1,2243,1007.7,0001,1014.6,12.1,4.3,1400,2.68,14.43,,,,,,6.4,6.0,22.1,13.1,20.9,20.3,21.9,21.7,22.5,23.3,24.2,23.5,21.7,3.3,4.7,,-{비}-0205.,,2019,9,39,266,0,0,0,0
184,제주,2019-09-24,20.4,16.7,0415,25.2,1317,,,,,,,6.3,50,1320,3.5,320,1309,2.0,1712,180,12.6,46,1223,62.3,14.7,1016.7,1020.6,2203,1017.6,0132,1019.1,12.1,10.3,1200,3.13,20.83,,,,,,2.9,0.5,20.3,12.6,21.4,20.7,21.4,22.4,22.8,23.5,24.0,23.3,21.7,3.9,5.5,,,,2019,9,39,267,0,0,1,0
184,제주,2019-09-25,21.8,18.3,0328,25.2,1329,,,,,,,8.1,20,1129,5.7,50,1156,2.5,2181,160,15.3,46,1540,67.5,17.5,1018.7,1022.4,2057,1019.9,0030,1021.1,12.1,7.0,1300,2.85,18.61,,,,,,6.6,2.4,22.4,13.1,21.8,21.1,22.2,22.7,23.1,23.5,23.9,23.3,21.6,3.6,5.1,0.5,,,2019,9,39,268,0,0,1,0
184,제주,2019-09-26,23.8,21.3,0130,27.7,1340,0.5,934,0.5,844,4.18,1.0,12.8,90,1323,6.5,50,1545,3.6,3141,70,21.1,66,1320,85.0,25.0,1019.0,1022.2,0830,1020.6,0305,1021.4,12.0,5.3,1300,2.84,16.34,,,,,,5.1,5.1,24.9,18.5,23.0,22.4,24.0,23.1,23.5,23.6,23.8,23.3,21.6,3.0,4.3,0.5,{비}0344-0351. {비}0420-0449. {소나기}0532-{소나기}{강도0}0600-0657. {비}0705-0750. {비}0825-{비}{강도0}0900-0950.,,2019,9,39,269,0,0,1,1
184,제주,2019-09-27,23.8,22.7,1907,25.7,0905,6.2,1914,21.3,1904,7.2,36.0,9.3,90,2005,5.6,20,0804,3.1,2659,70,22.8,86,0906,94.4,27.8,1018.0,1022.0,0935,1019.1,2355,1020.4,12.0,0.5,0900,1.35,7.53,,,,,,8.0,6.3,24.3,20.6,23.6,22.9,24.3,23.8,24.0,23.8,23.8,23.3,21.5,1.2,1.7,36.0,{비}0250-0254. {비}0342-0344. {비}1151-{비}{강도0}1200-1407. {박무}1207-1415. {비}1602-1657. {비}1710-{비}{강도0}1800-{비}{강도0}2100-2105. {박무}1807-2045.,,2019,9,39,270,0,0,1,1
184,제주,2019-09-28,24.1,23.1,0001,25.6,1155,0.4,1615,0.7,1525,1.12,0.7,6.5,90,0035,4.6,20,1218,2.0,1724,50,23.7,92,1314,97.9,29.2,1015.2,1019.1,0001,1016.4,1500,1017.6,12.0,0.1,1100,1.5,7.61,,,,,,9.0,5.1,24.9,21.3,24.1,23.4,24.9,24.0,24.4,24.1,23.8,23.3,21.6,1.2,1.7,0.7,{박무}0734-0854. {박무}1422-{박무}{강도0}1500-{박무}{강도0}1800-{박무}{강도0}2100-2355. {비}1522-1629.,,2019,9,39,271,0,0,1,1
184,제주,2019-09-29,24.1,22.9,0400,26.3,0929,0.0,,0.0,,3.02,0.0,5.2,20,1138,3.9,20,1140,1.5,1313,20,22.9,79,1152,93.8,27.9,1014.0,1017.3,0946,1015.2,1615,1016.4,11.9,2.9,1100,2.81,11.51,,,,,,8.6,7.3,25.3,22.2,24.8,24.1,25.6,24.4,24.6,24.2,24.0,23.5,21.6,1.9,2.8,0.0,{박무}0025-{시정(미만)}{1km}{안개}0245-{안개}{강도0}0300-{시정(이상)}{1km}{박무}0355-{시정(미만)}{1km}{안개}0555-{안개}{강도0}0600-{시정(이상)}{1km}{박무}0715-{박무}{강도0}0900-0918. {안개비}0402-0450. {안개비}0745-0818. {박무}1426-{박무}{강도0}1500-{박무}{강도0}1800-{박무}{강도1}2100-2352. {비}1823-2003.,2.5,2019,9,39,272,0,0,1,0
184,제주,2019-09-30,23.6,22.0,2037,26.8,1113,5.6,2031,16.6,1948,3.05,22.6,7.0,180,2032,4.2,160,2037,1.2,1062,20,22.2,78,1118,92.0,26.7,1014.1,1017.7,2018,1015.7,0325,1016.5,11.9,1.2,1100,1.72,8.87,,,,,,8.0,5.0,24.5,19.8,24.8,24.1,25.2,24.8,25.1,24.3,24.0,23.4,21.5,1.5,2.2,28.4,{박무}0514-{박무}{강도0}0600-{박무}{강도0}0900-{박무}{강도0}1200-{박무}{강도0}1500-{박무}{강도1}1800-2053. {비}1224-1226. {비}1620-1651. {비}1816-{소나기}1927-{비}1958-{소나기}2020-2046. ]{우박}[(d 2.0)(E 30)/제주시 구좌읍 일대/제주MBC2055-2105.,,2019,9,40,273,0,0,1,1
184,제주,2019-10-01,23.4,20.5,2355,26.4,1015,6.7,1355,9.6,1316,15.52,36.3,10.5,110,1603,4.9,110,1516,2.5,2169,90,21.5,79,0559,89.4,25.7,1014.1,1018.5,1224,1015.1,2359,1016.5,11.9,0.0,0800,0.66,3.44,,,,,,10.0,6.3,23.7,19.8,24.1,23.3,24.3,24.9,25.2,24.6,24.0,23.4,21.7,0.8,1.1,140.6,{박무}0352-{박무}{강도0}0600-0614. {소나기}0354-{소나기}{강도0}0600-0637. {비}1041-{비}{강도0}1200-{비}{강도1}1500-1534. {박무}1353-1417. {비}1605-{비}{강도0}1800-{비}{강도0}2100-{비}{강도1}2400- {박무}2143-{박무}{강도0}2400-,,2019,10,40,274,0,0,1,1
184,제주,2019-10-02,24.8,20.6,0001,27.3,1103,16.2,651,38.7,619,19.27,136.2,18.1,230,1854,9.6,230,2056,4.9,4214,180,22.6,73,1103,88.3,27.3,1001.1,1015.1,0025,995.9,1847,1003.5,11.8,0.0,1300,0.49,3.06,,,,,,8.8,6.5,23.0,20.0,22.8,22.0,23.2,23.7,24.2,24.6,24.3,23.5,21.9,1.3,1.9,26.3,-{비}-{비}{강도1}0300-{비}{강도1}0600-{비}{강도1}0900-{비}{강도1}1200-{비}{강도0}1500-1641. -{박무}-{박무}{강도2}0300-{박무}{강도1}0600-0728. {박무}1138-{박무}{강도0}1200-1244. {무지개}1652-1657. {비}1705-1750. {비}1806-1821. {안개비}2210-{비}2305-2345. {박무}2215-2352.,,2019,10,40,275,0,0,1,1
184,제주,2019-10-03,23.4,21.9,0652,26.2,1332,0.1,,0.1,,7.1,0.2,18.3,250,0026,10.5,250,0030,5.0,4278,270,20.9,77,1334,86.5,24.8,1007.5,1013.1,2307,1001.4,0001,1009.9,11.8,2.8,1100,2.1,10.49,,,,,,7.1,4.0,23.5,18.6,23.2,22.5,23.8,23.7,24.1,24.4,24.3,23.9,22.6,2.3,3.3,0.0,{비}0002-0115. {박무}0056-0108. {비}0208-{비}{강도0}0300-0305. {비}0414-{비}{강도0}0600-0840. {박무}0513-{박무}{강도0}0600-0750. {박무}1105-{박무}{강도0}1200-1335. {비}1235-1305. {박무}1805-1912. {박무}2044-{박무}{강도0}2100-{박무}{강도0}2400-,,2019,10,40,276,0,0,1,1
184,제주,2019-10-04,23.1,21.2,0605,26.1,1201,,,,,,,5.6,320,1212,3.6,320,1218,2.0,1703,230,19.6,69,1212,81.3,22.8,1011.6,1015.3,2248,1012.4,0407,1014.0,11.8,5.6,1100,2.67,13.66,,,,,,2.6,2.6,22.8,17.3,23.3,22.6,23.6,23.9,24.1,24.3,24.2,23.6,22.2,2.4,3.4,,-{박무}-{박무}{강도0}0300-{박무}{강도0}0600-0855. {박무}1315-1450. {박무}1545-{박무}{강도0}1800-{박무}{강도0}2100-2143. {박무}2242-{박무}{강도0}2400-,,2019,10,40,277,0,0,1,0
184,제주,2019-10-05,20.8,18.4,2356,23.2,1309,,,,,,,8.5,290,1348,5.5,320,1417,3.0,2609,320,16.4,70,1254,76.1,18.7,1015.0,1019.9,2220,1015.0,0409,1017.4,11.7,0.2,1200,1.33,6.21,,,,,,8.1,6.5,21.5,15.4,22.8,22.1,22.8,24.0,24.4,24.3,24.1,23.5,22.2,1.7,2.5,0.8,-{박무}-{박무}{강도0}0300-{박무}{강도0}0600-{박무}{강도0}0900-0908.,,2019,10,40,278,0,0,0,0
184,제주,2019-10-06,20.8,17.0,0327,24.6,1244,0.7,854,1.0,804,3.22,1.0,12.0,360,1326,6.2,70,1453,2.7,2290,70,16.6,64,1600,77.8,19.0,1018.3,1022.0,0848,1019.6,0258,1020.7,11.7,5.2,1200,2.61,14.23,,,,,,5.8,5.0,21.5,13.4,22.3,21.5,22.3,23.7,23.9,24.2,24.0,23.4,22.0,2.8,4.1,0.2,{비}0708-{비}{강도0}0900-0952. {비}1008-1010. {비}1220-1247.,,2019,10,40,279,0,0,0,1
184,제주,2019-10-07,21.8,20.2,2216,23.6,1414,0.0,,0.0,,0.67,0.0,11.1,270,1534,6.7,270,1532,3.3,2823,320,17.0,66,1045,74.4,19.4,1015.0,1020.6,0024,1015.6,1415,1017.4,11.7,0.0,1400,0.87,3.78,,,,,,8.9,6.0,21.4,18.5,22.2,21.4,22.3,23.5,23.9,24.1,23.8,23.3,22.0,1.7,2.5,0.0,{비}1225-1255. {비}1555-1605.,,2019,10,41,280,0,0,0,0
184,제주,2019-10-08,20.5,17.4,2343,24.0,1250,,,,,,,9.5,290,1916,5.7,320,1624,3.6,3094,320,12.8,51,2214,61.5,14.8,1017.4,1021.9,2211,1017.7,0326,1019.8,11.6,4.8,1200,2.2,13.29,,,,,,5.4,5.0,20.7,12.2,21.8,21.1,21.9,23.2,23.7,23.8,23.8,23.3,22.0,3.2,4.5,,,,2019,10,41,281,0,0,0,0
184,제주,2019-10-09,17.6,14.2,0648,21.5,1402,,,,,,,6.1,20,1353,3.5,360,1303,1.9,1607,180,6.8,40,1027,50.4,10.0,1016.9,1021.6,0022,1017.3,1732,1019.3,11.6,10.8,1200,2.95,20.31,,,,,,0.5,0.0,19.5,7.5,20.8,19.8,20.0,22.9,23.3,23.7,23.6,23.3,22.0,4.1,5.9,,,,2019,10,41,282,0,0,0,0
184,제주,2019-10-10,19.0,14.0,0543,23.1,1248,,,,,,,5.8,50,1217,4.1,20,1219,2.1,1792,160,8.3,34,0942,51.0,11.2,1013.3,1017.6,0001,1014.1,1543,1015.7,11.6,10.8,1200,2.78,19.04,,,,,,0.0,0.0,19.8,7.3,20.2,19.2,19.6,22.5,22.9,23.5,23.5,23.1,21.9,4.0,5.7,,,,2019,10,41,283,0,0,0,0
184,제주,2019-10-11,21.0,17.1,0608,23.9,1028,,,,,,,5.8,50,1421,4.2,20,1441,2.1,1834,160,12.2,47,1102,57.8,14.4,1010.8,1015.2,0001,1011.6,1614,1013.2,11.5,10.9,1200,2.72,18.5,,,,,,0.0,0.0,21.7,12.0,20.9,19.9,20.8,22.3,22.9,23.4,23.5,23.0,21.8,3.8,5.5,,,,2019,10,41,284,0,0,0,0
184,제주,2019-10-12,21.4,18.7,0532,24.8,1502,,,,,,,10.2,50,1205,5.9,50,1055,2.4,2036,50,13.6,45,1503,62.3,15.6,1011.7,1017.4,2358,1011.9,0145,1014.1,11.5,10.6,1200,2.7,18.15,,,,,,1.5,1.5,22.4,13.8,21.3,20.4,21.4,22.5,23.0,23.3,23.3,22.9,21.8,4.0,5.7,,,,2019,10,41,285,0,0,0,0
184,제주,2019-10-13,19.7,17.1,0657,22.8,1135,,,,,,,11.3,50,1451,6.8,50,1200,2.9,2542,110,12.4,51,1649,63.0,14.4,1018.6,1023.1,2232,1017.2,0003,1021.0,11.5,8.3,1100,2.73,15.89,,,,,,2.6,2.6,21.2,13.2,21.0,20.1,20.7,22.6,23.0,23.3,23.2,22.9,21.8,3.1,4.5,,,,2019,10,41,286,0,0,0,0
184,제주,2019-10-14,19.3,16.7,2345,23.2,1411,,,,,,,11.3,360,1436,5.8,360,1446,2.9,2498,360,13.0,60,1104,67.4,15.1,1022.5,1027.3,2217,1022.8,0019,1024.9,11.4,4.2,1100,2.33,12.23,,,,,,4.4,4.4,21.3,14.0,20.9,20.0,20.6,22.4,22.9,23.1,23.2,22.8,21.8,2.8,4.1,,,,2019,10,42,287,0,0,0,0
184,제주,2019-10-15,17.4,15.2,0632,19.1,1554,0.6,1441,1.0,1356,6.98,3.2,10.1,20,0017,5.8,360,0017,2.3,2024,140,12.0,56,0436,71.4,14.2,1024.0,1027.7,1020,1025.3,1507,1026.5,11.4,0.0,1000,0.74,3.93,,,,,,7.9,7.0,18.7,11.7,19.9,19.1,19.4,22.2,22.7,22.9,23.1,22.8,21.8,1.3,1.8,3.2,{비}1221-1257. {비}1309-{비}{강도0}1500-1523. {박무}1352-1408. {비}1537-1654. {비}1717-1733. {비}1817-1852. {비}1907-{비}{강도0}2100-2108.,,2019,10,42,288,0,0,0,1
184,제주,2019-10-16,18.1,15.8,0701,21.3,1201,,,,,,,8.3,50,1244,4.8,50,1131,2.4,2047,70,10.2,46,1323,61.1,12.5,1022.9,1026.9,0052,1024.1,1519,1025.4,11.4,7.8,1200,2.72,16.44,,,,,,3.3,3.0,19.2,10.4,19.8,18.9,19.5,21.7,22.1,22.8,23.1,22.9,21.8,3.4,4.8,,,,2019,10,42,289,0,0,0,0
184,제주,2019-10-17,19.3,16.2,0153,21.8,1049,,,,,,,13.1,90,2200,7.1,70,2156,3.1,2644,70,13.3,52,1043,68.6,15.3,1020.0,1024.3,0001,1021.3,1547,1022.4,11.3,3.5,1000,1.99,11.96,,,,,,8.8,5.5,20.1,12.2,19.9,19.1,20.0,21.5,22.0,22.6,23.0,22.7,21.8,2.4,3.4,7.5,,,2019,10,42,290,0,0,0,0
184,제주,2019-10-18,19.1,18.1,0619,20.5,0040,0.8,539,3.2,503,12.87,8.3,12.0,50,0942,6.1,50,0942,3.3,2881,50,17.2,65,0001,89.3,19.6,1016.8,1021.5,0001,1017.4,1434,1019.2,11.3,0.0,1400,0.2,1.16,,,,,,9.9,7.9,19.3,17.3,20.0,19.2,19.9,21.5,22.1,22.5,22.8,22.7,21.8,0.9,1.2,0.8,{비}0046-{비}{강도0}0300-{비}{강도1}0600-0648. {박무}0252-{박무}{강도0}0300-0423. {비}0747-{비}{강도0}0900-1148. {비}1222-1241. {비}1357-1404. {비}1942-2017. {비}2154-2342. {박무}2254-2348.,,2019,10,42,291,0,0,0,1
184,제주,2019-10-19,19.8,17.7,2327,22.7,1451,0.0,,0.0,,0.63,0.0,7.0,340,0413,4.0,360,0412,2.3,1981,360,15.3,62,1302,75.6,17.4,1018.1,1021.7,2010,1018.6,0253,1020.5,11.3,5.7,1200,2.6,14.45,,,,,,6.0,6.0,20.9,14.4,20.6,19.8,21.0,21.4,21.7,22.2,22.7,22.7,21.7,2.7,3.8,,{비}0234-0246. {비}0311-0337.,,2019,10,42,292,0,0,0,0
184,제주,2019-10-20,19.1,15.4,0627,21.8,0958,,,,,,,7.6,50,1449,5.2,50,1453,2.3,1988,160,14.1,62,1655,73.0,16.1,1018.1,1022.7,0843,1019.2,2353,1020.6,11.2,5.3,1200,1.84,10.43,,,,,,4.0,4.0,18.5,11.3,20.3,19.4,19.9,21.6,22.0,22.2,22.6,22.7,21.7,2.2,3.1,,,,2019,10,42,293,0,0,0,0
184,제주,2019-10-21,19.9,17.4,0428,22.9,1307,,,,,,,9.2,50,1346,5.8,50,1322,2.8,2456,140,13.1,53,1057,65.5,15.1,1014.7,1019.2,0001,1015.6,1456,1017.1,11.2,7.9,1100,2.58,16.44,,,,,,4.1,4.1,19.2,12.7,20.1,19.2,20.0,21.4,21.8,22.2,22.6,22.6,21.6,3.5,4.9,0.0,,,2019,10,43,294,0,0,0,0
184,제주,2019-10-22,20.8,18.6,0505,22.5,1446,0.5,1856,0.5,1853,0.8,0.5,10.6,70,1947,5.8,70,1954,2.9,2493,50,14.8,62,0408,69.0,16.9,1013.7,1017.3,1027,1015.3,1331,1016.1,11.2,4.1,1300,2.21,11.84,,,,,,7.6,6.6,20.9,14.1,20.5,19.6,21.0,21.5,21.8,22.1,22.6,22.6,21.6,2.5,3.5,0.5,{비}0114-0125. {비}1853-1930.,,2019,10,43,295,0,0,0,1
184,제주,2019-10-23,20.3,19.2,0636,21.8,1215,0.6,2143,0.6,2053,3.67,0.6,10.5,50,1220,6.7,50,1158,3.1,2638,70,16.4,70,1050,78.9,18.7,1013.5,1017.2,0934,1014.8,1653,1015.9,11.1,0.5,1100,1.51,6.01,,,,,,9.4,4.8,20.0,16.5,20.6,19.7,20.7,21.6,22.0,22.1,22.5,22.5,21.6,1.8,2.6,2.9,{비}0425-0440. {비}1641-1708. {비}2034-{비}{강도0}2100-2154. {비}2222-{비}{강도0}2400-,,2019,10,43,296,0,0,0,1
184,제주,2019-10-24,20.1,18.4,2356,22.3,1524,0.5,210,1.2,214,5.43,2.3,12.7,50,0134,8.3,50,0137,3.4,2907,50,14.5,58,1513,71.1,16.6,1014.4,1018.1,1001,1015.2,1434,1016.8,11.1,2.1,1400,1.34,7.78,,,,,,7.3,4.4,19.7,13.6,20.4,19.6,20.7,21.5,21.9,22.0,22.5,22.5,21.5,2.0,2.9,0.0,-{비}-{비}{강도0}0300-0327. {비}0634-0651. {비}1108-{비}{강도0}1200-1250.,,2019,10,43,297,0,0,0,1
184,제주,2019-10-25,20.1,16.8,0621,23.5,1144,,,,,,,7.3,20,2305,4.2,290,1137,2.5,2193,340,14.3,52,1341,70.0,16.3,1015.7,1019.9,2125,1016.5,0317,1018.2,11.1,8.0,1100,2.33,14.43,,,,,,4.4,1.5,19.2,12.0,20.2,19.3,20.2,21.4,21.7,22.0,22.5,22.5,21.6,3.1,4.5,,,,2019,10,43,298,0,0,0,0
184,제주,2019-10-26,16.5,15.5,2244,19.4,0001,,,,,,,11.3,340,0207,6.3,320,0351,4.3,3719,320,9.3,52,1323,62.9,11.8,1017.4,1021.0,0808,1018.7,1755,1019.9,11.0,1.2,1100,1.49,7.23,,,,,,8.5,7.3,17.5,14.0,19.4,18.6,19.1,21.4,21.7,22.0,22.2,22.5,21.7,2.5,3.5,,,,2019,10,43,299,0,0,0,0
184,제주,2019-10-27,16.0,13.7,2359,18.7,1320,,,,,,,7.8,290,0404,4.5,20,0803,2.6,2260,320,7.6,47,1140,57.6,10.4,1017.6,1021.8,0923,1018.9,1444,1020.1,11.0,6.4,1200,2.51,14.53,,,,,,5.8,3.6,17.9,8.0,18.6,17.7,18.3,20.9,21.3,21.8,21.9,22.5,21.6,2.9,4.2,,,,2019,10,43,300,0,0,0,0
184,제주,2019-10-28,15.7,11.9,0458,19.2,1405,,,,,,,5.3,50,1206,3.5,180,0402,2.0,1698,180,9.0,47,2216,65.0,11.6,1015.3,1020.0,0001,1015.9,1633,1017.8,11.0,8.8,1200,2.49,15.12,,,,,,5.8,1.4,17.4,7.4,18.1,17.1,17.4,20.5,20.8,21.6,21.9,22.4,21.5,2.8,4.0,,,,2019,10,44,301,0,0,0,0
184,제주,2019-10-29,17.9,15.2,2400,20.8,1305,,,,,,,8.1,320,1958,5.0,320,1910,3.1,2659,290,9.1,42,1436,57.5,11.7,1015.5,1020.7,2216,1015.2,0508,1017.9,11.0,7.0,1200,2.08,11.97,,,,,,3.3,2.9,18.1,9.5,18.4,17.4,18.0,20.2,20.7,21.4,21.8,22.4,21.4,3.1,4.4,,{황사}1034-{황사}{강도0}1200-{황사}{강도0}1500-{황사}{강도0}1800-1855.,,2019,10,44,302,0,0,0,0
184,제주,2019-10-30,16.3,13.7,2359,19.5,1516,,,,,,,8.5,20,0301,4.1,290,1534,2.7,2311,320,8.2,50,1218,59.3,10.9,1020.0,1024.0,2201,1020.5,0014,1022.5,10.9,8.1,1200,2.54,15.77,,,,,,3.0,3.0,18.3,7.9,18.2,17.2,17.8,20.0,20.6,21.2,21.6,22.4,21.6,3.1,4.5,,,,2019,10,44,303,0,0,0,0
184,제주,2019-10-31,16.5,12.1,0640,20.7,1315,,,,,,,6.6,340,1439,3.8,320,1155,2.4,2043,160,8.9,50,1247,61.5,11.5,1020.1,1023.8,1003,1021.1,1411,1022.6,10.9,10.1,1200,2.52,16.37,,,,,,0.0,0.0,17.0,6.5,17.7,16.7,16.8,19.8,20.3,21.1,21.5,22.2,21.4,3.3,4.6,,,,2019,10,44,304,0,0,0,0
184,제주,2019-11-01,18.3,15.6,0005,22.0,1116,,,,,,,5.0,340,1559,3.6,200,0141,2.3,1960,180,12.1,52,0436,67.5,14.3,1019.5,1023.5,0758,1020.6,1412,1021.9,10.9,8.6,1200,2.27,14.38,,,,,,2.4,2.4,18.6,8.2,18.3,17.2,18.0,19.7,20.1,21.0,21.4,22.2,21.4,2.6,3.7,,{황사}0035-{황사}{강도0}0300-{황사}{강도0}0600-{황사}{강도0}0900-{황사}{강도0}1200-{황사}{강도0}1500-{황사}{강도0}1800-{황사}{강도0}2100-{황사}{강도0}2400-,,2019,11,44,305,0,0,0,0
184,제주,2019-11-02,18.6,15.6,0322,22.7,1033,,,,,,,9.0,50,1424,6.2,50,1221,2.5,2160,160,13.9,56,1031,74.6,15.9,1017.2,1021.5,0001,1018.0,1557,1019.6,10.8,4.5,1100,1.94,10.96,,,,,,5.4,3.1,18.4,10.0,18.4,17.4,18.2,19.7,20.3,20.9,21.3,22.1,21.4,2.0,2.9,,-{황사}-{황사}{강도0}0300-0410.,,2019,11,44,306,0,0,0,0
184,제주,2019-11-03,17.5,15.2,2341,20.4,1505,,,,,0.28,0.0,5.0,20,1145,3.3,360,1141,1.7,1492,160,12.9,58,1542,75.1,15.0,1016.9,1021.3,2247,1018.2,0248,1019.4,10.8,0.4,1400,1.03,4.92,,,,,,6.9,4.3,17.9,9.6,18.5,17.5,18.1,19.8,20.3,20.8,21.3,22.1,21.4,1.2,1.8,0.0,{박무}0917-{박무}{강도0}1200-1307. {비}0920-0937.,,2019,11,44,307,0,0,0,0
184,제주,2019-11-04,17.3,13.5,0350,20.6,1536,,,,,0.45,0.0,8.1,50,1307,5.6,20,1253,2.3,2024,160,12.4,56,1128,73.4,14.5,1018.4,1022.3,0947,1019.8,1528,1020.8,10.8,7.6,1200,2.35,12.94,,,,,,4.4,3.8,17.9,8.1,17.8,16.8,17.4,19.6,20.0,20.6,21.3,22.1,21.3,2.3,3.2,0.0,{비}0948-1015.,,2019,11,45,308,0,0,0,0
184,제주,2019-11-05,17.3,14.6,2349,20.3,1036,,,,,0.45,0.0,6.3,20,1036,4.0,50,1015,2.1,1815,360,11.0,56,1523,66.8,13.1,1017.0,1020.8,0841,1018.5,1525,1019.5,10.7,7.5,1200,2.33,13.67,,,,,,4.3,3.9,18.8,8.9,18.3,17.4,18.2,19.6,19.9,20.6,21.3,22.0,21.3,2.7,3.8,,{비}0138-0144. {비}0203-0224.,,2019,11,45,309,0,0,0,0
184,제주,2019-11-06,15.8,12.3,0626,19.4,1049,,,,,,,5.3,20,1329,3.6,20,1247,2.1,1772,180,8.2,47,1247,61.3,10.9,1015.1,1019.5,0814,1015.8,1549,1017.6,10.7,8.3,1200,2.41,14.56,,,,,,1.6,0.3,17.2,6.7,17.7,16.6,16.7,19.5,19.9,20.5,21.2,21.9,21.3,2.8,4.1,,,,2019,11,45,310,0,0,0,0
184,제주,2019-11-07,15.9,13.4,2330,19.3,1124,,,,,,,9.2,320,1445,5.3,320,1620,2.9,2488,320,8.6,49,1106,62.0,11.2,1016.3,1021.0,2219,1016.7,0207,1018.8,10.7,3.5,1100,2.2,10.0,,,,,,6.9,4.3,17.3,7.9,17.5,16.5,17.0,19.2,19.8,20.5,21.2,21.9,21.3,2.5,3.6,,,,2019,11,45,311,0,0,0,0
184,제주,2019-11-08,13.8,12.4,2345,17.3,1355,,,,,,,8.3,290,1752,4.9,320,1821,3.1,2714,320,5.7,50,1112,58.3,9.1,1018.6,1022.2,0934,1020.1,1437,1021.1,10.7,4.8,1100,2.22,11.84,,,,,,3.6,3.6,16.5,9.1,16.9,15.9,16.2,19.1,19.7,20.4,20.9,21.9,21.3,2.9,4.2,,,,2019,11,45,312,0,0,0,0
184,제주,2019-11-09,14.4,11.9,2315,18.1,1540,,,,,,,9.9,360,0636,5.9,360,0901,3.1,2662,360,5.4,41,1551,55.5,9.0,1019.0,1023.4,0926,1020.4,2314,1021.5,10.6,9.8,1200,2.3,14.78,,,,,,0.0,0.0,15.3,5.9,16.3,15.3,15.5,18.8,19.6,20.3,20.7,21.8,21.3,3.0,4.2,,,,2019,11,45,313,0,0,0,0
184,제주,2019-11-10,15.5,10.3,0418,19.7,1625,,,,,0.43,2.9,14.5,360,2206,8.4,270,2326,3.2,2746,160,8.6,51,1647,64.0,11.4,1011.5,1020.5,0001,1008.8,2029,1013.9,10.6,3.2,1000,1.53,8.7,,,,,,7.3,3.0,15.3,4.4,16.1,15.0,15.3,18.4,19.1,20.2,20.5,21.8,21.3,3.0,4.3,2.9,{비}2050-{비}{강도0}2100-2116. {박무}2052-{박무}{강도0}2100-2110. {박무}2142-2207.,,2019,11,45,314,0,0,0,1
184,제주,2019-11-11,17.1,15.3,2337,19.5,1423,,,,,0.67,0.0,15.2,290,0508,8.9,270,0145,5.3,4552,290,9.3,48,0527,60.3,11.7,1012.3,1019.4,2318,1010.3,0005,1014.8,10.6,4.4,1100,1.96,10.01,,,,,,6.3,6.3,15.8,12.8,16.7,15.7,16.7,18.4,19.1,19.8,20.0,21.2,21.3,2.6,3.7,0.0,{소나기}0733-0736. {소나기}0808-0824. {소나기}1033-1054.,,2019,11,46,315,0,0,0,0
184,제주,2019-11-12,14.7,12.1,0706,17.9,1515,,,,,,,6.1,290,0035,4.2,360,1425,1.8,1526,180,7.1,51,2216,60.9,10.1,1018.5,1022.6,1035,1019.0,0003,1021.0,10.5,7.0,1100,2.17,12.11,,,,,,4.8,2.5,14.4,6.6,16.3,15.3,15.5,18.3,18.9,19.6,19.6,21.7,21.2,2.3,3.3,,{채운}1620-1640.,,2019,11,46,316,0,0,0,0
184,제주,2019-11-13,15.0,11.8,0313,18.3,1307,,,,,3.33,1.7,20.9,320,2332,9.7,320,2339,2.9,2508,180,8.9,49,1707,67.8,11.6,1017.0,1021.9,2350,1016.5,1538,1019.5,10.5,0.1,1000,0.64,3.75,,,,,,8.4,7.3,14.5,6.4,15.8,14.7,15.2,18.0,18.5,19.5,19.8,21.7,21.2,2.0,2.8,1.7,{비}1250-1430. {비}1855-1927. {비}2023-{비}{강도0}2100-2131.,,2019,11,46,317,0,0,0,1
184,제주,2019-11-14,11.2,7.9,2358,14.5,0001,,,,,,,15.6,320,0016,8.8,320,0330,4.1,3549,340,1.2,40,1917,50.8,6.8,1021.6,1026.0,1017,1021.7,0008,1024.1,10.5,6.7,1200,2.29,12.4,,,,,,3.0,3.0,12.8,1.5,15.2,14.3,14.4,17.9,18.5,19.0,19.1,21.4,21.2,2.5,3.6,,,,2019,11,46,318,0,0,0,0
184,제주,2019-11-15,12.1,7.0,0530,17.2,1339,,,,,,,6.8,50,1519,4.1,50,1525,2.0,1708,160,2.1,38,0916,50.8,7.3,1018.8,1023.8,0001,1019.6,1733,1021.3,10.5,9.7,1200,2.24,13.97,,,,,,0.0,0.0,11.6,0.3,13.9,12.8,12.5,17.2,17.7,18.9,19.2,21.6,21.2,2.7,3.9,,,,2019,11,46,319,0,0,0,0
184,제주,2019-11-16,16.0,10.6,0041,21.3,1201,,,,,,,7.9,320,1212,5.2,320,1139,2.3,1957,160,8.3,47,0222,61.1,11.4,1017.8,1021.3,2047,1019.3,1501,1020.2,10.4,7.5,1200,2.22,12.04,,,,,,2.3,1.9,14.0,3.8,14.5,13.4,13.8,16.7,17.4,18.8,19.4,21.5,21.1,2.3,3.3,,,,2019,11,46,320,0,0,0,0
184,제주,2019-11-17,20.1,14.9,0632,24.3,1345,,,,,1.68,0.0,10.3,200,2333,5.8,250,2305,2.4,2033,160,12.9,53,1126,63.8,15.0,1014.7,1020.7,0059,1014.2,2356,1017.1,10.4,3.8,1100,2.23,10.21,,,,,,7.4,4.9,17.8,10.4,16.3,15.2,16.8,16.9,17.4,18.4,19.3,21.5,21.1,2.5,3.6,6.1,{비}2029-2039. {비}2129-2217. {비}2317-{비}{강도0}2400-,,2019,11,46,321,0,0,0,0
184,제주,2019-11-18,13.7,11.2,2224,22.7,0009,,,,,5.42,6.1,18.6,340,0323,9.5,320,0329,5.5,4716,320,8.6,55,1449,72.4,11.6,1018.1,1023.8,2251,1013.5,0115,1020.6,10.4,0.0,1400,0.65,2.34,,,,,,9.8,7.0,14.9,10.6,16.4,15.6,16.2,17.6,18.2,18.7,19.1,21.1,21.1,2.0,2.9,0.0,{박무}0208-{박무}{강도0}0300-0408. -{비}-{비}{강도0}0300-0431. {비}0606-0632. {비}0839-0851. {비}1121-1134. {황사}1537-{황사}{강도0}1800-{황사}{강도0}2100-2130. {비}2251-2254.,,2019,11,47,322,0,0,0,1
184,제주,2019-11-19,10.6,9.9,0750,12.3,1242,,,,,0.35,0.0,14.9,340,0215,8.1,320,0219,5.3,4549,340,1.2,47,1224,52.4,6.7,1023.7,1029.0,2233,1023.3,0354,1026.2,10.4,0.7,1200,0.85,4.51,,,,,,8.5,8.5,11.0,8.7,13.9,13.2,13.3,17.3,18.1,18.5,17.9,20.8,21.1,2.3,3.4,0.0,{비}0458-0503. {비}1746-{비}{강도0}1800-1802.,,2019,11,47,323,0,0,0,0
184,제주,2019-11-20,9.9,7.8,2320,12.5,1249,,,,,,,14.7,50,0339,7.4,20,0225,3.2,2801,360,1.7,48,1341,57.0,6.9,1027.6,1031.9,1036,1028.3,0139,1030.2,10.3,8.2,1200,2.19,13.12,,,,,,3.5,3.0,11.4,2.0,13.5,12.5,12.7,16.6,17.3,18.0,18.1,21.2,21.0,2.2,3.1,,,,2019,11,47,324,0,0,0,0
184,제주,2019-11-21,13.1,7.8,0054,17.1,1430,,,,,,,11.4,20,1220,7.1,50,1446,2.8,2461,50,6.8,51,0939,65.9,10.0,1026.1,1030.9,0001,1026.7,2353,1028.6,10.3,8.0,1200,1.95,12.19,,,,,,3.1,2.5,11.5,1.6,13.2,12.1,12.5,16.0,16.7,17.8,18.3,21.1,21.0,2.3,3.3,,,,2019,11,47,325,0,0,0,0
184,제주,2019-11-22,17.1,13.5,0335,21.8,1156,,,,,,,12.3,70,1247,7.1,50,1410,2.9,2485,90,12.8,57,1118,76.4,14.8,1022.2,1026.7,0001,1023.3,1605,1024.7,10.3,7.3,1100,1.97,11.36,,,,,,3.5,3.3,14.8,8.2,14.8,13.8,15.0,16.0,16.5,17.5,18.4,21.1,21.0,2.0,2.9,,,,2019,11,47,326,0,0,0,0
184,제주,2019-11-23,18.1,14.5,0704,21.7,1452,,,,,,,11.6,90,1236,5.4,70,1228,2.9,2471,90,13.3,58,1453,74.4,15.4,1019.7,1025.0,0954,1019.9,1525,1022.1,10.3,7.8,1200,2.15,12.56,,,,,,3.5,2.4,16.1,9.9,15.7,14.6,16.0,16.4,16.8,17.8,18.5,21.1,20.9,2.2,3.1,4.7,,,2019,11,47,327,0,0,0,0
184,제주,2019-11-24,17.3,13.7,2321,19.5,1345,,,,,6.13,4.7,12.8,320,1938,6.6,320,1929,2.7,2317,50,15.7,69,2357,91.4,18.1,1017.6,1025.6,2338,1017.5,1253,1020.0,10.3,0.6,1300,1.09,4.69,,,,,,9.0,6.0,18.1,11.9,17.2,16.1,17.8,16.9,17.4,18.0,18.5,21.0,21.0,1.3,1.9,0.0,{비}0130-{비}{강도0}0300-{비}{강도0}0600-0640. {박무}0215-{박무}{강도0}0300-{박무}{강도0}0600-{박무}{강도1}0900-{박무}{강도0}1200-1217. {비}0953-1002. {박무}2226-2307. {비}2238-2327.,,2019,11,47,328,0,0,0,1
184,제주,2019-11-25,10.1,9.2,1942,13.9,0014,,,,,0.5,0.0,9.9,320,0602,5.8,320,0210,3.6,3123,320,3.6,54,1518,64.6,8.0,1025.3,1029.3,1017,1025.3,0050,1027.9,10.2,0.0,1400,0.61,3.68,,,,,,8.8,7.0,12.4,7.4,15.2,14.3,14.4,17.2,17.7,18.2,18.3,20.8,21.0,1.1,1.6,6.9,{비}1245-1315.,,2019,11,48,329,0,0,0,0
184,제주,2019-11-26,13.5,9.7,0001,15.3,1410,,,,,11.7,8.2,14.0,50,0907,8.4,50,0910,2.5,2121,90,9.6,66,1545,77.8,12.0,1024.1,1028.3,0001,1025.1,1504,1026.7,10.2,0.0,1100,0.47,1.86,,,,,,9.9,8.8,13.2,9.5,14.2,13.3,13.8,16.4,17.0,18.1,18.5,20.9,20.9,1.0,1.5,1.3,{비}0413-{비}{강도0}0600-{비}{강도1}0900-1120. {박무}0435-{박무}{강도1}0600-{박무}{강도0}0900-1117. {비}1634-{비}{강도0}1800-1948. {비}2145-2306.,,2019,11,48,330,0,0,0,1
184,제주,2019-11-27,11.1,9.3,1617,14.8,0137,,,,,19.3,3.8,13.0,20,0934,7.6,360,1035,4.6,4010,20,6.7,57,1829,74.6,9.9,1023.7,1027.7,1117,1025.4,0345,1026.2,10.2,0.0,1400,0.24,0.98,,,,,,10.0,7.4,12.3,7.0,13.9,13.0,13.3,16.1,16.7,17.9,18.6,20.9,20.9,1.3,1.8,3.8,{비}0152-0202. {비}0312-{비}{강도0}0600-{비}{강도0}0900-{비}{강도0}1200-{비}{강도0}1500-{비}{강도0}1800-{비}{강도0}2100-2220.,,2019,11,48,331,0,0,0,1
184,제주,2019-11-28,10.8,8.8,0410,14.0,1318,,,,,,,11.0,20,0408,7.0,360,0420,3.9,3402,360,4.4,50,1228,64.9,8.4,1025.3,1029.9,2247,1025.9,0156,1027.8,10.2,1.1,1100,1.42,7.37,,,,,,7.6,5.9,11.1,6.2,12.9,12.6,12.8,15.6,16.6,18.0,18.4,20.8,21.0,1.8,2.5,,,,2019,11,48,332,0,0,0,0
184,제주,2019-11-29,9.7,6.9,2355,12.6,1413,,,,,,,9.0,50,0557,5.1,20,0604,2.8,2460,360,0.8,38,1350,54.5,6.6,1028.1,1031.9,1058,1029.5,0009,1030.7,10.1,9.3,1200,2.16,13.02,,,,,,1.6,1.6,9.8,0.7,12.8,12.9,13.9,15.2,16.8,17.9,18.3,20.8,20.9,2.4,3.4,,,,2019,11,48,333,0,0,0,0
184,제주,2019-11-30,12.5,6.9,0004,18.0,1248,,,,,2.25,0.1,7.2,340,1921,4.0,320,1921,2.1,1834,160,4.4,38,1257,59.3,8.6,1025.1,1030.2,0226,1025.6,1704,1027.6,10.1,6.5,1200,2.05,11.0,,,,,,4.9,3.0,10.4,1.0,12.2,12.2,13.2,14.8,16.5,17.8,18.1,20.7,20.9,2.1,3.1,0.9,{비}1646-1656. {비}2005-2020. {비}2135-2325.,,2019,11,48,334,0,0,0,1
184,제주,2019-12-01,12.5,11.1,2345,15.1,1755,,,,,16.97,18.9,19.4,340,1836,9.6,360,1859,2.7,2290,70,10.3,73,2358,87.0,12.6,1016.9,1026.0,0001,1013.1,1641,1019.4,10.1,0.0,1100,0.2,1.13,,,,,,9.9,7.4,12.3,9.0,13.4,13.4,13.9,14.8,16.2,17.4,18.0,20.7,20.9,0.9,1.2,18.1,{비}0030-0140. {비}0243-{비}{강도0}0300-0310. {비}0525-{비}{강도0}0600-{비}{강도0}0900-{비}{강도0}1200-{비}{강도0}1500-1736. {박무}1252-1344. {비}1830-{비}{강도0}2100-2140. {박무}1910-2025.,,2019,12,48,335,0,0,0,1
184,제주,2019-12-02,9.9,7.4,1935,11.8,0232,,,,,3.8,0.0,18.2,320,1719,10.4,340,1724,6.1,5241,320,2.9,44,1425,62.1,7.6,1020.4,1026.8,2253,1018.6,0326,1022.9,10.1,1.0,1200,0.94,3.63,,,,,,9.3,8.3,9.8,6.0,12.4,12.6,13.6,14.8,16.2,17.4,17.9,20.4,20.9,2.1,3.1,0.0,{비}0912-1028. {비}1504-1602. {비}1704-{비}{강도0}1800-1803. {비}1915-1938. {비}2004-2016.,,2019,12,49,336,0,0,0,0
184,제주,2019-12-03,9.5,7.5,0009,10.8,1252,,,,,0.33,0.0,11.4,320,0102,6.8,320,0230,4.0,3495,320,0.3,44,0733,52.8,6.2,1024.6,1028.7,2352,1025.6,0443,1027.2,10.1,0.1,1200,0.9,3.46,,,,,,8.3,8.3,8.5,5.8,11.3,11.6,12.7,14.4,16.1,17.1,16.8,20.3,20.8,2.0,2.8,,{비}0003-0011. {비}0408-0420.,,2019,12,49,337,0,0,0,0
184,제주,2019-12-04,11.3,10.0,0402,14.1,1052,,,,,,,9.6,340,0230,5.7,290,0253,3.6,3110,320,1.6,42,0915,51.9,6.9,1027.1,1031.7,2342,1028.3,0043,1029.6,10.1,3.8,1000,1.62,7.47,,,,,,6.0,5.8,9.0,5.1,11.4,11.6,12.5,13.9,15.7,16.6,16.3,20.3,20.9,2.3,3.3,,,,2019,12,49,338,0,0,0,0
184,제주,2019-12-05,8.7,5.7,2356,11.5,0947,,,,,,,14.4,20,2338,7.4,360,1724,4.4,3836,360,-0.1,43,0509,54.3,6.1,1031.5,1037.4,1953,1030.8,0424,1034.1,10.1,1.8,1300,1.21,6.41,,,,,,7.4,4.8,8.3,3.2,11.0,11.2,12.2,13.8,15.3,16.2,16.2,20.3,20.9,2.0,2.8,,,,2019,12,49,339,0,0,0,0
184,제주,2019-12-06,4.2,3.2,0702,5.8,0001,,,,,,,11.3,50,0954,6.7,20,0725,4.2,3655,360,-3.7,42,0947,56.4,4.7,1032.3,1037.8,0916,1032.4,2341,1034.9,10.1,0.2,1000,0.64,3.93,,,,,,7.8,4.9,5.7,-0.7,9.7,9.9,11.5,13.4,15.1,16.2,16.2,20.3,20.8,1.4,2.1,,,,2019,12,49,340,0,0,0,0
184,제주,2019-12-07,7.5,4.3,0034,9.5,1258,,,,,,,12.0,360,0637,5.8,360,0632,3.8,3304,360,-1.0,41,0042,55.1,5.7,1028.0,1032.6,1014,1029.2,1623,1030.6,10.0,2.3,1300,1.84,6.84,,,,,,8.1,8.1,7.1,-0.9,9.2,9.4,10.6,12.6,14.6,16.0,16.1,20.3,20.8,1.9,2.7,,{연무}1914-{연무}{강도0}2100-2132.,,2019,12,49,341,0,0,0,0
184,제주,2019-12-08,8.7,6.0,2344,10.2,0257,,,,,,,11.5,50,0328,6.1,20,0308,2.9,2509,340,1.3,51,0003,60.0,6.7,1025.7,1030.3,1004,1027.4,1509,1028.3,10.0,0.2,1300,0.65,3.92,,,,,,6.6,6.6,8.3,0.6,10.1,10.3,11.0,12.5,14.4,15.8,15.9,20.2,20.8,1.2,1.8,,,,2019,12,49,342,0,0,0,0
184,제주,2019-12-09,10.7,5.9,0012,15.2,1450,,,,,,,8.9,290,1445,4.8,270,1404,2.4,2071,180,2.8,46,1309,58.9,7.5,1022.1,1027.6,0016,1023.0,1443,1024.7,10.0,8.1,1100,1.82,10.57,,,,,,2.6,2.6,8.5,1.0,10.3,10.3,11.0,12.4,13.9,15.5,15.6,20.2,20.7,2.3,3.3,,,,2019,12,50,343,0,0,0,0
184,제주,2019-12-10,13.3,8.5,0255,18.7,1158,,,,,,,8.8,270,1358,5.5,270,1451,2.7,2367,180,4.3,41,0915,55.4,8.5,1018.3,1023.7,0001,1019.1,1437,1020.8,10.0,7.7,1100,1.83,10.5,,,,,,3.5,1.1,9.5,2.3,10.8,10.8,11.3,12.4,13.6,15.0,15.7,20.2,20.7,2.4,3.4,,,,2019,12,50,344,0,0,0,0
184,제주,2019-12-11,12.9,9.6,2153,18.0,1219,,,,,,,14.3,320,1600,8.2,320,1619,4.1,3574,180,5.8,50,1210,62.4,9.3,1017.3,1024.2,2358,1016.8,1432,1019.8,10.0,6.0,1200,1.87,8.85,,,,,,4.6,4.0,10.3,3.5,11.5,11.5,11.8,12.7,13.7,14.8,15.7,20.1,20.6,2.7,3.9,,{연무}1414-{연무}{강도0}1500-{연무}{강도0}1800-2014.,,2019,12,50,345,0,0,0,0
184,제주,2019-12-12,8.3,5.4,2400,10.3,1132,,,,,,,14.4,320,0230,6.8,320,0235,3.7,3168,320,-0.6,43,1134,53.8,5.9,1025.8,1030.3,2055,1024.2,0001,1028.4,10.0,5.2,1300,1.77,9.43,,,,,,4.6,3.9,8.6,-0.4,11.0,11.1,11.9,12.9,14.1,15.0,15.1,19.6,20.6,1.8,2.6,,,,2019,12,50,346,0,0,0,0
184,제주,2019-12-13,8.6,4.6,0611,12.9,1333,,,,,,,4.9,180,0343,3.2,180,0350,1.7,1497,160,2.6,51,1036,66.9,7.5,1024.7,1030.0,0001,1025.6,1449,1027.3,10.0,9.2,1300,1.69,10.43,,,,,,3.5,0.8,7.7,-1.3,10.1,10.1,11.2,12.6,13.8,15.0,15.3,20.0,20.7,1.5,2.2,,,,2019,12,50,347,0,0,0,0
184,제주,2019-12-14,10.0,6.9,2329,12.7,0800,,,,,,,11.8,20,0805,6.8,20,0907,2.6,2269,360,3.4,45,1648,64.8,8.0,1025.0,1029.2,1015,1025.7,0320,1027.6,10.0,3.6,1200,1.84,7.3,,,,,,6.8,4.1,9.3,0.2,10.6,10.5,11.2,12.4,13.6,14.8,15.5,19.7,20.4,1.6,2.2,,{박무}0805- {박무}{강도1}0900-1050.,,2019,12,50,348,0,0,0,0
184,제주,2019-12-15,12.5,6.9,0001,17.4,1401,,,,,,,9.3,50,1220,5.4,70,1225,2.4,2113,90,6.4,57,1452,67.0,9.8,1024.4,1028.4,0158,1025.4,2350,1026.9,10.0,5.2,1300,1.7,8.25,,,,,,6.4,5.3,9.4,0.1,10.5,10.6,11.1,12.2,13.4,14.9,15.5,19.9,20.5,1.7,2.4,,,,2019,12,50,349,0,0,0,0
184,제주,2019-12-16,14.9,12.2,0213,18.2,1327,,,,,3.08,0.1,9.0,140,1232,5.0,70,1335,2.6,2272,90,8.1,52,1200,64.4,10.8,1019.4,1025.4,0001,1018.3,2330,1021.9,10.0,7.6,1200,1.85,10.31,,,,,,5.6,3.4,11.8,5.6,11.7,11.8,11.9,12.5,13.5,14.8,15.7,19.8,20.4,2.0,2.9,5.2,{비}2055-{비}{강도0}2100-{비}{강도0}2400-,,2019,12,51,350,0,0,0,1
184,제주,2019-12-17,14.1,10.9,2346,17.6,0858,,,,,9.93,7.3,11.6,320,2203,6.1,320,2319,3.3,2814,270,12.2,69,2239,89.3,14.6,1014.8,1020.9,2328,1015.0,1357,1017.3,10.0,0.2,1100,0.61,2.15,,,,,,9.9,6.3,13.1,9.1,13.0,13.1,12.9,13.1,13.8,15.0,15.7,19.5,20.4,1.0,1.4,2.2,{박무}0025-0120. -{비}-0125. {비}0230-{비}{강도0}0300-{비}{강도0}0600-0723. {박무}0430-{박무}{강도0}0600-{박무}{강도0}0900-{박무}{강도0}1200-1453. {비}0831-0845. {비}1008-1153. {비}1223-1236. {비}1310-1331. {비}2255-{비}{강도0}2400-,,2019,12,51,351,0,0,0,1
184,제주,2019-12-18,8.8,7.4,2146,10.9,0001,,,,,0.37,0.0,9.5,340,0948,5.6,320,0344,4.0,3434,320,2.9,59,1402,66.9,7.6,1021.4,1026.0,1006,1020.3,0133,1024.0,9.9,0.6,1300,1.03,4.33,,,,,,8.8,7.9,9.6,6.3,12.0,12.2,12.8,13.4,14.3,15.1,15.3,19.3,20.4,1.5,2.1,,-{비}-0010. {비}0113-0125.,,2019,12,51,352,0,0,0,0
184,제주,2019-12-19,7.8,7.0,2148,9.4,1023,,,,,,,10.1,340,0504,5.7,320,0507,3.7,3227,320,0.6,56,1021,60.5,6.4,1023.7,1030.0,2249,1023.7,0447,1026.3,9.9,0.7,1000,0.97,5.58,,,,,,8.8,6.6,8.4,3.7,10.9,11.2,11.9,13.1,14.2,15.1,15.0,19.2,20.4,1.6,2.2,,,,2019,12,51,353,0,0,0,0
184,제주,2019-12-20,8.4,6.9,0003,11.1,1100,,,,,,,9.9,340,1258,5.3,320,1301,2.9,2497,320,0.2,46,1055,56.4,6.2,1026.7,1031.7,2133,1027.3,1522,1029.3,9.9,1.0,1100,1.22,4.98,,,,,,8.1,7.0,7.8,0.3,10.3,10.5,11.3,12.6,13.8,14.9,14.9,19.5,20.4,1.4,2.0,,,,2019,12,51,354,0,0,0,0
184,제주,2019-12-21,8.0,5.6,0537,10.1,1446,,,,,,,5.6,140,1947,3.7,20,0614,1.7,1433,140,1.0,48,1447,61.6,6.6,1023.9,1029.4,0001,1022.6,2313,1026.5,9.9,0.0,1400,0.59,3.17,,,,,,8.9,7.5,7.3,0.0,9.7,9.8,10.7,12.2,13.5,14.7,14.9,19.4,20.3,1.0,1.4,0.6,,,2019,12,51,355,0,0,0,0
184,제주,2019-12-22,9.6,6.8,2322,11.6,1526,,,,,5.48,1.0,9.9,70,0952,5.3,70,0951,2.3,1968,70,4.3,52,1650,70.0,8.3,1017.2,1022.9,0005,1017.5,1358,1019.7,9.9,0.5,1500,0.55,2.06,,,,,,6.3,4.5,8.5,0.3,9.9,10.0,10.6,11.8,13.1,14.5,15.4,19.4,20.3,0.9,1.3,0.4,{비}0534-{비}{강도0}0600-0845. {박무}0605-0815. {비}1025-{비}{강도0}1200-1243.,,2019,12,51,356,0,0,0,1
184,제주,2019-12-23,9.4,6.7,0018,12.4,1322,,,,,,,10.5,20,0944,5.4,360,1053,3.0,2576,290,3.1,58,1334,65.4,7.7,1020.3,1025.9,2202,1020.1,0001,1022.9,9.9,1.1,1300,0.85,4.32,,,,,,5.5,5.3,7.7,-0.5,9.3,9.3,10.1,11.5,12.6,14.3,15.2,19.3,20.3,1.4,2.0,,{박무}1036-{박무}{강도0}1200-{박무}{강도0}1500-1620. {연무}1618-1717.,,2019,12,52,357,0,0,0,0
184,제주,2019-12-24,9.2,7.3,0748,11.9,1222,,,,,,,6.8,50,0404,4.6,50,1513,2.3,1948,20,2.6,53,1354,64.1,7.4,1023.0,1027.3,0925,1023.7,1542,1025.6,9.9,6.3,1300,1.81,9.25,,,,,,4.6,2.1,8.3,1.1,9.7,9.8,10.3,11.4,12.6,14.4,15.3,19.3,20.3,1.6,2.3,,{연무}0705-{연무}{강도0}0900-0915. {연무}1845-2035. {연무}2205-2308.,,2019,12,52,358,0,0,0,0
184,제주,2019-12-25,11.4,7.0,0423,15.1,1401,,,,,1.47,0.1,9.0,50,1444,5.3,50,1438,2.2,1926,50,7.6,60,0646,78.1,10.7,1018.4,1025.8,0001,1016.7,2357,1021.0,9.9,0.4,1300,1.2,4.61,,,,,,7.3,4.3,9.5,-0.4,9.8,9.9,10.3,11.4,12.7,14.5,15.4,19.3,20.2,0.9,1.3,2.0,{박무}0835-{박무}{강도0}0900-{박무}{강도0}1200-1214. {비}1650-{비}{강도0}1800-1818. {박무}1950-{박무}{강도0}2100-2155.,,2019,12,52,359,0,0,0,1
184,제주,2019-12-26,9.9,6.7,2331,13.1,0258,,,,,16.05,9.4,18.9,340,2146,10.4,320,2211,4.2,3615,320,6.1,60,2242,77.6,9.6,1014.0,1022.0,2357,1013.2,0859,1016.5,9.9,0.0,0900,0.12,0.81,,,,,,9.8,7.1,9.6,4.6,10.6,10.8,11.0,11.7,12.9,14.7,15.5,19.2,20.2,1.4,2.0,7.5,{비}0118-{비}{강도0}0300-{비}{강도0}0600-{비}{강도0}0900-{비}{강도0}1200-{비}{강도0}1500-1541. {박무}0706-{박무}{강도0}0900-{박무}{강도0}1200-{박무}{강도0}1500-1619. {비}2121-2227. {비}2326-{비}{강도0}2400-,,2019,12,52,360,0,0,0,1
184,제주,2019-12-27,6.7,5.7,0447,7.3,1548,,,,,1.92,0.0,17.5,290,0034,9.5,320,0058,5.0,4344,320,-1.7,47,0308,55.1,5.4,1023.0,1028.1,2328,1021.8,0001,1025.6,10.0,0.0,1300,0.43,2.17,,,,,,8.6,8.6,6.2,4.1,9.1,9.4,10.4,11.7,13.5,14.8,14.6,18.5,20.0,1.3,1.9,0.0,-{비}-0111. {비}0446-0517. {비}0609-0614. {비}0718-0723. {비}1515-1518.,,2019,12,52,361,0,0,0,0
184,제주,2019-12-28,7.7,6.1,0603,9.7,1503,,,,,,,6.6,320,0106,4.0,320,0123,2.0,1714,110,-0.2,47,1109,57.8,6.0,1025.7,1030.2,1010,1027.1,0436,1028.3,10.0,7.4,1200,1.89,10.06,,,,,,4.8,3.8,7.2,1.1,8.9,9.1,9.8,11.2,13.0,14.3,14.5,18.8,20.2,1.9,2.7,0.0,,,2019,12,52,362,0,0,0,0
184,제주,2019-12-29,11.8,7.1,0030,16.4,2019,,,,,16.83,11.4,10.8,270,2036,5.9,290,2124,2.9,2539,90,8.7,65,0327,82.4,11.6,1020.3,1028.3,0001,1019.5,1648,1022.9,10.0,0.0,1200,0.22,1.29,,,,,,9.6,7.0,9.3,1.1,9.5,9.7,10.0,11.2,12.8,14.2,14.9,18.9,20.1,0.7,0.9,11.4,{비}0650-{비}{강도0}0900-{비}{강도0}1200-{비}{강도0}1500-{비}{강도0}1800-{비}{강도0}2100-2340. {박무}2031-{박무}{강도1}2100-{박무}{강도0}2400-,,2019,12,52,363,0,0,0,1
184,제주,2019-12-30,11.5,6.3,2354,13.6,1157,,,,,0.18,0.0,14.0,290,2228,7.7,320,2011,3.9,3380,290,7.3,61,2350,76.0,10.4,1021.7,1029.8,2347,1020.7,0001,1024.2,10.0,0.4,1400,0.77,3.08,,,,,,8.5,7.1,10.8,5.8,11.0,11.2,11.0,11.5,12.6,14.1,14.7,18.8,20.1,1.5,2.1,0.0,-{박무}-0156. {비}1806-1817. {박무}1909-2014.,,2019,12,1,364,0,0,0,0
184,제주,2019-12-31,2.9,1.8,1209,6.4,0001,,,,,1.05,0.0,17.3,320,0409,10.0,320,0452,5.4,4691,320,-3.8,50,1425,61.6,4.6,1031.3,1036.4,1101,1029.7,0001,1033.9,10.0,0.5,1400,1.05,4.1,,,,,,8.6,8.6,5.4,1.5,9.0,9.4,10.4,11.8,13.1,14.1,13.7,18.4,19.8,1.2,1.7,0.0,{소나기}0332-0344. {소낙눈}0820-{소낙눈}{강도0}0900-0911.,,2019,12,1,365,0,0,0,0
184,제주,2020-01-01,5.2,2.4,0001,7.3,1337,,,,,,,8.2,360,0543,4.9,20,0645,2.5,2149,320,-1.3,54,1338,62.9,5.6,1030.2,1034.9,0959,1031.4,1950,1032.8,10.0,0.1,1300,0.95,3.86,,,,,,9.0,9.0,6.0,2.2,8.1,8.4,9.4,11.0,12.7,13.9,13.9,18.8,20.1,1.0,1.4,,,,2020,1,1,1,0,0,0,0
184,제주,2020-01-02,8.1,5.5,0335,9.2,1502,,,,,,,6.0,290,1711,3.6,320,2053,1.9,1641,320,2.2,62,0012,66.8,7.2,1027.4,1031.8,0001,1028.7,1446,1030.0,10.0,0.0,1000,0.34,2.17,,,,,,8.3,7.8,7.2,1.9,8.6,8.9,9.4,10.8,12.1,13.6,13.8,18.7,20.0,0.9,1.2,,,,2020,1,1,2,0,0,0,0
184,제주,2020-01-03,8.8,6.4,2400,11.4,1043,,,,,,,8.5,340,1849,4.6,290,1555,2.3,2014,290,2.9,60,0921,66.9,7.5,1024.7,1029.3,0001,1025.8,1415,1027.3,10.0,0.5,1100,1.08,4.96,,,,,,6.4,5.9,8.2,0.0,9.2,9.5,9.6,10.7,12.0,13.5,14.0,18.7,20.0,1.1,1.6,,{연무}1525-{연무}{강도0}1800-1852. {연무}2215-2310. {박무}2305-{박무}{강도0}2400-,,2020,1,1,3,0,0,0,0
184,제주,2020-01-04,7.9,5.1,0331,11.4,1225,,,,,,,7.1,270,1625,4.3,290,1627,2.2,1861,180,1.9,55,1516,66.5,7.0,1024.0,1028.5,2247,1025.2,1357,1026.6,10.0,6.1,1200,2.03,10.1,,,,,,2.0,2.0,7.3,-0.5,9.0,9.2,9.6,10.7,11.9,13.4,13.8,18.6,20.0,1.9,2.7,,-{박무}-0245. {연무}0734-{연무}{강도0}0900-0930. {연무}1856-{연무}{강도0}2100-{연무}{강도0}2400-,,2020,1,1,4,0,0,0,0
184,제주,2020-01-05,8.5,4.3,0640,11.1,1235,,,,,,,5.8,110,2354,3.9,50,1322,2.0,1769,70,1.4,44,1004,61.9,6.8,1026.6,1031.2,0937,1027.7,2356,1029.2,10.0,5.2,1200,1.94,9.79,,,,,,6.0,4.9,7.1,-2.0,8.7,8.9,9.4,10.6,11.9,13.4,13.8,18.6,20.0,1.8,2.6,0.0,{박무}0010-{박무}{강도0}0300-0453. -{연무}-0015. {연무}1812-{연무}{강도0}2100-2124.,,2020,1,1,5,0,0,0,0
184,제주,2020-01-06,14.5,10.1,0132,18.9,2106,,,,,3.58,0.3,11.6,180,2230,6.2,230,2135,2.3,2013,230,7.1,43,0543,62.5,10.7,1020.3,1027.8,0001,1018.5,2320,1022.8,10.0,0.0,1000,0.36,1.3,,,,,,10.0,6.3,10.1,8.2,9.9,10.2,10.0,10.8,11.9,13.4,14.2,18.6,19.9,1.5,2.1,0.3,{비}0410-0517. {비}0901-0908. {비}1541-1707. {비}1804-1810. {비}2007-2015. {비}2144-2225.,,2020,1,2,6,0,0,0,1
184,제주,2020-01-07,19.2,12.8,2359,23.6,1325,,,,,5.47,12.4,23.5,250,1911,11.5,200,1804,7.0,6043,200,13.4,54,1457,69.8,15.4,1009.9,1018.5,0001,1006.8,1759,1012.3,10.0,2.6,1300,2.5,8.37,,,,,,8.9,6.6,15.3,10.9,12.8,13.0,11.8,11.4,12.1,13.1,13.7,17.4,19.6,3.2,4.5,13.8,{비}0451-0518. {비}0705-0717. {무지개}0810-0933. {비}1601-1640. {비}1736-{비}{강도0}1800-{비}{강도0}2100-2129. {비}2321-2338.,,2020,1,2,7,0,0,0,1
184,제주,2020-01-08,8.1,6.9,2259,13.2,0027,,,,,7.75,1.4,20.2,270,0356,11.4,270,0146,7.2,6229,290,2.7,58,1847,68.9,7.5,1017.5,1024.7,2146,1010.9,0004,1020.1,10.1,0.1,1000,0.45,2.03,,,,,,9.0,9.0,8.6,6.3,11.7,12.1,12.4,12.6,12.9,13.2,13.1,16.1,18.7,1.5,2.1,,{비}0048-{비}{강도0}0300-{비}{강도0}0600-0833.,,2020,1,2,8,0,0,0,1
184,제주,2020-01-09,7.3,6.7,2332,8.2,1315,,,,,,,9.2,290,0227,5.2,320,0229,3.1,2665,320,1.2,60,1414,65.5,6.7,1021.8,1025.3,1043,1023.5,1429,1024.4,10.1,0.0,1100,0.67,3.75,,,,,,9.4,7.0,7.7,4.3,10.0,10.4,11.0,12.0,12.7,13.1,12.9,17.5,19.6,1.0,1.5,,,,2020,1,2,9,0,0,0,0
184,제주,2020-01-10,8.0,4.3,0728,11.0,1420,,,,,,,6.3,50,1207,4.7,20,1210,1.9,1662,20,1.2,45,1603,63.0,6.7,1019.8,1024.7,0911,1020.6,2341,1022.4,10.1,7.8,1200,2.1,11.44,,,,,,5.5,5.3,7.9,-1.0,9.6,9.9,10.4,11.5,12.2,13.0,13.0,18.0,19.8,2.0,2.9,,,,2020,1,2,10,0,0,0,0
184,제주,2020-01-11,8.0,6.9,0730,9.1,1233,,,,,,,9.0,20,0752,5.4,360,0758,3.2,2730,360,0.8,52,0919,60.4,6.5,1017.2,1022.4,0923,1017.9,1752,1019.8,10.1,0.4,1200,0.93,4.78,,,,,,9.1,5.0,7.8,3.4,9.8,10.1,10.4,11.4,12.1,13.1,13.6,18.0,19.7,1.5,2.1,0.0,,,2020,1,2,11,0,0,0,0
184,제주,2020-01-12,7.5,6.7,2146,8.5,1358,,,,,0.08,0.0,13.3,320,1316,7.3,320,1243,5.3,4540,320,-0.1,48,1400,59.1,6.1,1017.0,1022.3,2311,1017.6,0520,1019.6,10.1,0.2,1300,0.62,3.32,,,,,,8.6,8.1,7.0,4.7,9.2,9.6,10.2,11.3,12.2,13.3,13.6,17.1,19.4,2.0,2.8,,{비}0201-0204. {비}0517-0519.,,2020,1,2,12,0,0,0,0
184,제주,2020-01-13,7.1,6.1,2354,8.8,1319,,,,,0.07,0.0,10.8,320,0338,6.5,320,0344,4.0,3488,320,-1.0,48,1321,56.6,5.7,1021.0,1025.1,2335,1021.4,0042,1023.6,10.1,1.2,1200,1.06,5.47,,,,,,9.0,8.6,6.9,4.5,8.7,9.1,9.6,11.0,12.0,13.0,12.7,17.4,19.5,1.4,2.0,1.2,{비}1546-1550.,,2020,1,3,13,0,0,0,0
184,제주,2020-01-14,4.8,3.4,0928,6.2,0001,,,,,11.62,4.6,9.7,20,1058,5.6,20,1112,2.4,2086,20,0.4,59,1741,73.5,6.3,1022.6,1027.2,2240,1023.3,0519,1025.2,10.2,0.5,1500,0.47,1.52,,,,,,8.3,6.8,5.8,-0.5,8.3,8.6,9.3,10.7,11.9,12.8,12.9,18.0,19.7,0.8,1.2,3.4,{비}0414-{비}{강도0}0600-{비}{강도0}0900-{비}{강도0}1200-{비}{강도0}1500-1515. {박무}0827-{박무}{강도0}0900-{박무}{강도0}1200-1246. {비}2034-{비}{강도0}2100-2105. {비}2257-2302.,,2020,1,3,14,0,0,0,1
184,제주,2020-01-15,5.6,4.6,2340,7.2,1326,,,,,0.77,0.0,11.5,20,0344,6.2,20,0439,3.5,3020,360,-1.1,51,1317,61.8,5.6,1025.1,1029.5,1003,1026.5,0201,1027.7,10.2,0.0,1300,0.68,3.5,,,,,,8.9,7.4,5.7,0.9,7.6,8.0,8.6,10.2,11.4,12.8,13.2,17.9,19.7,1.1,1.6,,{비}0212-0258.,,2020,1,3,15,0,0,0,0
184,제주,2020-01-16,6.3,4.6,0121,8.0,1328,,,,,,,6.9,20,0421,3.8,360,0437,1.9,1599,320,-2.0,42,1804,55.8,5.3,1022.7,1027.4,0001,1023.6,1536,1025.3,10.2,0.6,1300,1.45,6.69,,,,,,9.4,3.0,6.8,2.7,7.9,8.2,8.5,9.8,11.1,12.6,13.1,18.0,19.6,1.3,1.9,,,,2020,1,3,16,0,0,0,0
184,제주,2020-01-17,6.9,6.0,2119,9.2,1427,,,,,,,8.4,320,1928,5.1,320,1754,3.1,2694,320,-2.3,39,1331,52.0,5.2,1020.2,1024.2,0926,1021.5,1707,1022.8,10.2,5.6,1200,2.14,10.62,,,,,,5.5,5.3,6.8,2.0,8.3,8.6,8.9,9.9,11.1,12.7,13.3,18.0,19.5,2.4,3.4,,,,2020,1,3,17,0,0,0,0
184,제주,2020-01-18,7.0,6.2,0001,9.0,1318,,,,,,,11.8,360,0736,5.7,320,1336,4.0,3454,320,-0.7,52,0015,58.0,5.8,1019.4,1023.1,1017,1020.8,1502,1022.0,10.2,2.0,1100,1.22,6.7,,,,,,5.8,5.8,6.3,2.4,8.1,8.4,8.8,10.1,11.4,12.8,13.1,17.7,19.5,1.7,2.4,0.0,,,2020,1,3,18,0,0,0,0
184,제주,2020-01-19,8.6,5.9,0233,10.0,1451,,,,,0.08,0.0,11.0,290,1436,6.2,320,1641,4.0,3438,290,0.7,48,1445,58.0,6.5,1018.9,1022.7,1044,1020.0,1438,1021.5,10.3,0.0,1100,0.51,1.88,,,,,,8.8,7.9,6.4,0.8,8.0,8.4,8.7,10.0,11.4,12.7,12.7,17.1,19.5,1.8,2.5,0.0,{연무}0750-{연무}{강도0}0900-{연무}{강도0}1200-{연무}{강도0}1500-{연무}{강도0}1800-{연무}{강도0}2100-{연무}{강도0}2400- {비}0812-0815. {비}1303-1305.,,2020,1,3,19,0,0,0,0
184,제주,2020-01-20,8.4,7.1,2329,10.9,1247,,,,,,,10.7,320,0601,6.0,320,0710,4.6,3934,320,-1.4,39,1242,50.3,5.5,1022.1,1028.0,2335,1022.0,0119,1024.7,10.3,3.6,1200,2.04,8.71,,,,,,5.5,5.5,7.1,3.8,8.3,8.7,8.8,10.0,11.4,12.3,12.1,16.9,19.4,2.2,3.1,,-{연무}-{연무}{강도0}0300-{연무}{강도0}0600-0645. {연무}0944-1034.,,2020,1,4,20,0,0,0,0
184,제주,2020-01-21,7.4,4.9,0610,10.5,1637,,,,,,,7.8,290,0119,4.5,50,1429,2.7,2359,20,-0.5,46,1247,57.8,5.9,1026.2,1031.1,0826,1026.5,2337,1028.8,10.3,8.9,1200,2.26,13.61,,,,,,3.1,2.3,6.8,0.0,8.1,8.4,8.8,10.0,11.2,12.1,12.0,17.6,19.5,2.0,2.8,0.3,,,2020,1,4,21,0,0,0,0
184,제주,2020-01-22,11.4,8.6,0501,13.5,2134,,,,,18.25,25.8,4.6,230,0558,2.8,180,0001,1.0,882,200,8.8,55,0101,85.1,11.6,1018.9,1027.0,0001,1018.2,2253,1021.5,10.3,0.0,1100,0.37,1.78,,,,,,10.0,6.0,9.3,6.4,9.3,9.6,9.3,10.1,11.1,12.0,12.4,17.7,19.5,0.4,0.6,26.2,{비}0115-0143. {비}0327-0505. {비}0612-0803. {비}0916-{비}{강도0}1200-{비}{강도0}1500-{비}{강도0}1800-{비}{강도1}2100-2334. {박무}1925-{박무}{강도1}2100-{박무}{강도1}2400-,,2020,1,4,22,0,0,0,1
184,제주,2020-01-23,11.2,10.5,1734,13.6,0145,,,,,3.25,0.7,7.2,360,0233,4.9,20,0242,2.3,1989,320,9.0,76,1559,87.3,11.6,1019.6,1025.7,2359,1018.3,0040,1022.1,10.3,0.1,1200,1.03,4.34,,,,,,9.3,7.4,11.2,7.7,10.7,11.1,10.4,10.5,11.1,11.9,12.6,17.6,19.5,1.0,1.4,,-{박무}-{박무}{강도0}0300-{박무}{강도1}0600-{박무}{강도0}0900-0925. {안개비}0525-{안개비}{강도0}0600-0840.,,2020,1,4,23,0,0,0,1
184,제주,2020-01-24,11.3,9.5,0453,12.7,1458,,,,,,,8.0,20,0706,4.5,20,0426,2.5,2150,20,4.7,50,1610,64.5,8.6,1025.1,1029.0,0912,1025.4,0125,1027.6,10.4,0.7,1300,1.37,7.88,,,,,,9.0,6.6,10.5,7.5,10.7,11.2,10.8,11.1,11.5,12.3,12.8,17.6,19.4,1.5,2.2,,{박무}0007-{박무}{강도0}0300-{박무}{강도0}0600-0815. {연무}0810-{연무}{강도0}0900-1113.,,2020,1,4,24,0,0,0,0
184,제주,2020-01-25,11.9,10.6,1925,14.0,1319,,,,,2.68,1.0,11.5,90,0940,6.3,70,1152,3.2,2738,70,8.1,64,0101,77.9,10.8,1024.2,1028.5,1035,1025.3,1701,1026.7,10.4,0.0,1300,0.45,1.57,,,,,,10.0,5.3,10.4,7.4,10.9,11.3,11.0,11.2,11.8,12.5,13.1,17.6,19.4,1.0,1.4,1.0,{비}1529-1540. {비}1628-{비}{강도0}1800-1858.,,2020,1,4,25,0,0,0,1
184,제주,2020-01-26,11.6,10.6,0202,13.0,1845,,,,,4.58,10.1,15.7,90,2258,7.1,70,2024,4.0,3431,70,7.0,56,1711,74.0,10.1,1019.9,1026.6,0001,1017.9,2315,1022.4,10.4,0.0,1100,0.78,3.51,,,,,,9.8,6.8,10.1,7.6,10.6,11.0,10.9,11.3,11.9,12.8,13.2,17.5,19.4,1.3,1.8,50.7,{비}1925-{비}{강도0}2100-{비}{강도1}2400-,,2020,1,4,26,0,0,0,1
184,제주,2020-01-27,9.8,8.1,1636,11.5,0141,,,,,21.42,60.3,22.2,50,0910,11.3,50,1340,6.6,5731,20,7.2,74,2327,84.1,10.2,1011.9,1018.3,0001,1012.4,0942,1014.4,10.4,0.0,1400,0.28,1.44,,,,,,10.0,7.6,9.4,6.9,10.2,10.6,10.6,11.2,11.9,12.9,14.1,17.2,19.4,1.0,1.4,19.7,-{비}-{비}{강도1}0300-{비}{강도1}0600-{비}{강도1}0900-{비}{강도0}1200-{비}{강도0}1500-{비}{강도0}1800-{비}{강도0}2100-2125. {박무}0550-{박무}{강도0}0600-{박무}{강도0}0900-0954. {박무}1550-1649.,,2020,1,5,27,0,0,0,1
184,제주,2020-01-28,9.9,9.1,0003,11.1,1247,,,,,1.43,0.0,9.2,320,1923,5.5,20,0042,3.3,2841,290,5.3,63,0456,73.4,8.9,1014.4,1018.4,2053,1015.2,0109,1016.9,10.5,0.0,1300,0.79,3.96,,,,,,9.5,7.5,9.3,6.9,9.9,10.2,10.2,10.9,12.0,13.3,14.2,17.1,19.3,1.2,1.7,,{비}0038-0049. {비}0156-{비}{강도0}0300-0311.,,2020,1,5,28,0,0,0,0
184,제주,2020-01-29,9.6,8.5,2034,11.3,1152,,,,,0.85,0.0,11.0,20,1931,6.6,360,2323,4.2,3618,290,3.8,60,0201,67.8,8.0,1013.3,1018.0,0001,1014.4,2239,1015.8,10.5,0.7,1200,1.3,6.41,,,,,,7.6,7.6,8.8,5.3,10.0,10.3,10.3,11.0,12.1,13.2,13.6,16.9,19.2,1.8,2.5,0.1,{소나기}1512-1517. {소나기}2128-2135. {소나기}2304-2343.,,2020,1,5,29,0,0,0,0
184,제주,2020-01-30,8.3,7.5,2320,10.2,1204,,,,,0.88,0.1,15.3,20,0651,9.1,20,0700,5.3,4609,320,1.3,51,2355,61.8,6.8,1013.2,1018.8,2256,1013.1,0534,1015.7,10.5,0.6,1100,0.96,4.23,,,,,,8.5,8.5,7.6,5.3,9.4,9.8,10.2,11.0,12.1,13.1,13.5,17.0,19.2,1.8,2.6,0.0,{비}0320-0323. {소나기}0648-0723. {소나기}2005-2020.,,2020,1,5,30,0,0,0,1
184,제주,2020-01-31,7.2,5.9,2253,8.0,1048,,,,,1.6,0.0,10.1,290,1009,6.4,290,0038,3.9,3393,290,-0.8,49,1051,56.9,5.8,1018.7,1024.3,2338,1018.4,0142,1021.3,10.5,0.0,1300,0.68,3.41,,,,,,8.4,8.4,6.7,2.0,8.8,9.2,9.6,10.8,12.0,12.9,12.8,16.5,19.2,1.3,1.9,,{소나기}0126-0230. {소나기}0322-0324. {소나기}0725-0755.,,2020,1,5,31,0,0,0,0
184,제주,2020-02-01,8.2,4.5,0408,10.9,1256,,,,,,,6.6,290,0045,4.1,290,1938,2.6,2218,290,0.9,51,1519,60.3,6.5,1023.3,1027.3,1108,1024.2,0020,1025.9,10.6,4.6,1200,1.87,9.43,,,,,,4.0,4.0,7.0,-2.2,8.4,8.6,9.1,10.4,11.7,12.4,12.6,16.9,19.2,1.8,2.6,,{연무}1015-{연무}{강도0}1200-{연무}{강도0}1500-1550. {연무}1745-{연무}{강도0}1800-{연무}{강도0}2100-{연무}{강도0}2400-,,2020,2,5,32,1,0,0,0
184,제주,2020-02-02,7.7,6.0,0608,10.7,1308,,,,,,,7.0,270,0026,4.2,290,1431,2.5,2179,290,0.7,51,1414,61.8,6.4,1023.7,1028.2,0953,1024.9,1627,1026.3,10.6,5.3,1300,2.21,12.06,,,,,,3.0,2.6,7.8,-0.8,8.9,9.1,9.3,10.3,11.4,12.3,12.5,17.0,19.2,1.9,2.7,,-{연무}-{연무}{강도0}0300-{연무}{강도0}0600-0845.,,2020,2,5,33,1,0,0,0
184,제주,2020-02-03,6.9,5.1,2335,9.3,1350,,,,,0.22,0.0,11.5,20,1004,5.9,340,1546,3.0,2549,340,0.7,50,1635,65.0,6.5,1024.4,1028.6,2240,1025.5,0124,1027.0,10.6,0.7,1300,0.8,4.89,,,,,,6.9,5.5,6.7,-1.5,8.4,8.7,9.1,10.3,11.2,12.1,12.5,16.9,19.3,1.2,1.7,0.0,{비}0919-0932.,,2020,2,6,34,1,0,0,0
184,제주,2020-02-04,5.6,2.6,0744,8.2,1628,,,,,,,6.1,20,1438,3.4,20,1427,1.7,1495,180,-1.6,49,1706,60.3,5.5,1024.6,1028.9,0901,1025.1,1540,1027.2,10.6,8.2,1200,2.48,15.17,,,,,,1.4,1.3,6.7,-3.1,8.0,8.3,8.7,10.0,11.0,12.0,12.5,17.0,19.2,2.0,2.9,0.7,,,2020,2,6,35,1,0,0,0
184,제주,2020-02-05,3.4,1.2,2345,7.7,0350,,,,,0.55,0.7,14.5,360,0434,8.7,360,0414,3.9,3332,340,-2.8,51,1556,63.6,5.1,1028.0,1033.5,2042,1026.1,0359,1030.6,10.7,2.0,1300,1.84,8.35,,,,,,7.0,6.8,5.4,-2.7,7.7,8.0,8.6,9.9,11.0,12.0,12.8,16.8,19.1,1.4,2.0,,{비}0342-{진눈깨비}0346-{비}0356-0415.,,2020,2,6,36,1,0,0,1
184,제주,2020-02-06,3.3,0.8,0442,5.4,1455,,,,,,,7.7,50,1041,4.7,20,1048,2.4,2055,20,-5.4,38,1500,53.8,4.1,1029.5,1034.7,0953,1030.0,1917,1032.1,10.7,5.1,1300,2.39,12.62,,,,,,6.3,5.0,5.6,-4.1,7.1,7.3,8.0,9.5,10.9,12.2,12.8,16.9,19.2,1.7,2.5,,,,2020,2,6,37,1,0,0,0
184,제주,2020-02-07,6.4,4.8,0001,8.9,1259,,,,,,,9.5,360,2115,5.1,360,2333,2.4,2102,360,-0.8,43,1300,60.5,5.8,1026.3,1030.6,0001,1027.3,1507,1028.9,10.7,3.8,1200,2.25,9.63,,,,,,8.5,6.5,7.5,2.3,7.9,8.1,8.3,9.4,10.7,12.1,12.9,16.9,19.1,1.9,2.7,,{연무}1537-1633.,,2020,2,6,38,1,0,0,0
184,제주,2020-02-08,6.9,4.7,2316,9.0,1215,,,,,2.75,0.0,13.4,340,1629,7.4,320,1342,5.1,4429,340,-0.7,51,1811,58.8,5.8,1025.5,1029.9,2334,1026.5,1438,1028.1,10.8,0.1,1200,0.94,3.23,,,,,,8.3,8.0,6.1,1.5,7.9,8.3,8.7,9.7,11.1,12.3,12.7,16.2,18.7,1.6,2.3,0.0,{연무}0608-{연무}{강도0}0900-{연무}{강도0}1200-{연무}{강도0}1500-1610. {비}0905-1150.,,2020,2,6,39,1,0,0,0
184,제주,2020-02-09,6.6,4.9,0001,8.9,1255,,,,,0.12,0.0,11.3,270,1740,6.7,270,1750,4.2,3662,290,-1.2,46,1253,57.4,5.6,1024.2,1029.8,0001,1024.9,1626,1026.8,10.8,0.8,1300,1.08,5.11,,,,,,6.6,6.4,6.0,0.4,7.5,7.9,8.3,9.6,11.2,12.2,12.2,16.6,19.1,1.8,2.6,0.0,{소나기}0945-0952. {연무}1447-{연무}{강도0}1500-1710.,,2020,2,6,40,1,0,0,0
184,제주,2020-02-10,10.6,6.1,0040,14.1,1323,,,,,,,11.3,270,0315,6.4,290,0449,3.5,3009,270,4.5,53,1250,66.4,8.4,1022.6,1027.3,2225,1023.6,0346,1025.2,10.8,6.2,1200,2.0,12.39,,,,,,2.9,2.9,8.9,-0.1,8.3,8.5,8.5,9.5,11.0,11.8,11.6,15.6,18.7,2.1,2.9,,{연무}0017-{연무}{강도0}0300-{연무}{강도0}0600-{연무}{강도0}0900-{연무}{강도0}1200-{연무}{강도0}1500-1755. {박무}1750-{박무}{강도1}1800-{박무}{강도1}2100-{박무}{강도0}2400-,,2020,2,7,41,1,0,0,0
184,제주,2020-02-11,11.2,6.7,0733,15.1,1217,,,,,5.4,0.0,5.4,250,1117,3.1,360,1229,1.7,1510,160,3.0,39,1037,57.9,7.7,1023.9,1028.9,1056,1022.7,2344,1026.4,10.9,2.1,1100,1.49,7.92,,,,,,8.0,4.4,8.3,-0.4,9.0,9.3,9.2,9.9,10.7,11.6,11.5,16.5,18.9,1.5,2.1,0.0,{연무}0015-{연무}{강도0}0300-{연무}{강도0}0600-{연무}{강도0}0900-{연무}{강도0}1200-{연무}{강도0}1500-{연무}{강도0}1800-1855. -{박무}-0022. {비}1805-1854. {연무}1920-{연무}{강도0}2100-2240. {비}1925-{비}{강도0}2100-{비}{강도0}2400- {박무}2237-{박무}{강도0}2400-,,2020,2,7,42,1,0,0,0
184,제주,2020-02-12,13.3,11.1,0032,16.7,1230,,,,,14.67,1.1,10.7,270,1230,6.5,270,1745,3.5,3058,250,10.4,73,2237,83.5,12.8,1014.4,1022.8,0002,1014.7,1512,1016.9,10.9,0.4,1200,1.51,5.5,,,,,,9.3,5.9,11.4,8.9,10.6,10.8,10.2,10.3,10.9,11.5,11.9,16.5,18.8,1.2,1.8,1.1,-{비}-0105. -{박무}-0145. {비}0235-{비}{강도0}0300-{비}{강도0}0600-{비}{강도0}0900-{비}{강도0}1200-{비}{강도0}1500-1610.,,2020,2,7,43,1,0,0,1
184,제주,2020-02-13,12.3,11.1,0443,14.9,1136,,,,,,,7.7,270,0241,4.9,270,0240,2.1,1843,250,7.9,63,1138,74.6,10.6,1017.2,1021.2,1034,1018.2,0001,1019.7,10.9,4.9,1200,2.34,12.37,,,,,,7.6,7.1,12.4,8.2,11.4,11.7,11.1,11.0,11.1,11.3,11.5,15.7,18.7,1.8,2.5,,,,2020,2,7,44,1,0,0,0
184,제주,2020-02-14,13.6,11.1,0510,16.4,0940,,,,,,,5.0,20,0949,3.8,20,1004,1.7,1429,20,9.3,52,0941,75.8,11.7,1016.9,1021.7,2132,1017.5,0607,1019.4,11.0,9.1,1200,2.54,16.04,,,,,,5.0,3.0,13.4,6.5,12.2,12.4,11.9,11.6,11.6,11.6,11.7,16.3,18.7,2.7,3.8,0.0,,,2020,2,7,45,1,0,0,0
184,제주,2020-02-15,16.2,12.2,0104,21.6,1228,,,,,2.05,0.8,11.7,360,1204,6.6,270,2331,2.7,2332,90,11.7,47,0627,75.8,13.9,1013.8,1020.8,0007,1012.8,2310,1016.3,11.0,4.7,1200,2.43,11.47,,,,,,8.8,4.6,14.3,6.7,13.0,13.2,12.6,12.2,12.1,11.8,12.0,16.4,18.7,2.0,2.9,7.8,{비}0731-0749. {비}2215-{비}{강도0}2400- {박무}2330-{박무}{강도0}2400-,,2020,2,7,46,1,0,0,1
184,제주,2020-02-16,5.4,3.0,2348,12.5,0001,,,,,14.38,7.0,18.1,290,1541,10.2,320,1528,7.2,6260,290,1.1,51,1635,74.4,6.7,1015.6,1021.1,2254,1013.1,0022,1018.2,11.0,0.0,1100,0.57,2.7,,,,,,9.6,8.1,7.7,0.9,11.5,11.9,12.4,12.7,12.7,12.3,11.8,14.9,18.3,1.7,2.4,0.2,-{박무}-0113. -{비}-{비}{강도0}0300-{비}{강도0}0600-0810. {박무}0544-{박무}{강도0}0600-0633. {진눈깨비}1105-{진눈깨비}{강도0}1200-1210. {싸락눈}1315-1333. {진눈깨비}1450-{진눈깨비}{강도0}1500-1543. {싸락눈}1720-1752. {소낙성진눈깨비}1820-1915. {소낙성진눈깨비}2012-{소낙성진눈깨비}{강도0}2100-2139. {소낙눈}2204-2255. {소낙눈}2338-2350.,,2020,2,7,47,1,0,0,1
184,제주,2020-02-17,2.6,0.8,1142,4.2,0005,,,,,17.95,2.0,23.5,340,1601,12.9,320,1633,8.9,7721,320,-2.0,49,2131,71.6,5.3,1019.3,1025.6,2344,1019.1,1452,1021.9,11.0,0.5,1200,0.84,4.61,,,,,,8.4,8.4,3.9,-0.2,8.0,8.5,10.0,11.7,12.0,11.9,10.7,14.1,17.8,1.6,2.3,1.9,{소낙눈}0009-0124. {소낙눈}0327-{소낙눈}{강도0}0600-0715. {소낙눈}0805-{소낙눈}{강도0}0900-{소낙눈}{강도0}1200-{소낙눈}{강도0}1500-{싸락우박}1530-{소낙눈}1536-{소낙눈}{강도0}1800-1925. {박무}1045-{박무}{강도0}1200-1210. {소낙눈}2018-2046. {소낙눈}2254-{소낙눈}{강도0}2400-,,2020,2,8,48,1,0,0,1
184,제주,2020-02-18,4.9,0.5,0102,7.8,1507,,,,,2.1,0.1,19.5,320,0030,11.2,320,0019,5.0,4340,320,-2.7,45,1432,57.9,5.0,1026.0,1030.5,2316,1025.1,0003,1028.6,11.1,4.2,1400,2.2,11.29,,,,,,4.5,4.5,6.1,-3.1,7.3,7.7,8.7,10.6,11.1,10.9,9.7,13.8,17.8,1.8,2.6,,-{소낙눈}-0206.,,2020,2,8,49,1,0,0,1
184,제주,2020-02-19,6.6,2.2,0543,10.7,1514,,,,,,,4.9,50,1341,3.4,20,1341,1.8,1578,160,-1.1,40,1835,58.6,5.7,1027.4,1031.6,0931,1028.6,1534,1030.0,11.1,6.2,1200,2.63,15.29,,,,,,4.6,1.6,7.7,-4.2,7.9,8.1,8.6,10.0,10.4,10.7,10.0,15.6,18.6,2.2,3.1,,,,2020,2,8,50,1,0,0,0
184,제주,2020-02-20,10.0,6.7,0735,13.2,1521,,,,,,,7.1,50,1544,4.9,50,1544,2.3,1955,180,2.3,47,1713,59.5,7.2,1030.1,1034.8,2109,1029.5,0001,1032.6,11.1,10.1,1200,2.65,17.29,,,,,,2.4,1.8,9.4,0.2,9.3,9.5,9.5,10.1,10.3,10.6,10.6,15.9,18.7,3.1,4.4,,,,2020,2,8,51,1,0,0,0
184,제주,2020-02-21,12.4,6.4,0626,16.9,1306,,,,,5.62,0.0,10.7,230,2146,5.8,270,2400,2.4,2078,160,3.6,38,1106,56.9,8.4,1026.8,1034.8,0130,1024.7,2329,1029.3,11.2,5.5,1200,2.64,11.39,,,,,,4.8,3.4,8.5,-0.7,9.7,9.8,9.9,10.3,10.4,10.7,11.0,16.0,18.6,2.4,3.4,0.0,{비}1546-1755. {무지개}1714-1720. {비}1858-1908. {비}2017-{비}{강도0}2100-2335.,,2020,2,8,52,1,0,0,0
184,제주,2020-02-22,10.8,7.6,2333,14.3,0001,,,,,0.13,0.0,13.7,290,1839,7.8,270,0253,5.1,4428,320,2.6,41,2028,58.3,7.6,1026.4,1031.8,2337,1024.8,0001,1028.9,11.2,7.0,1200,2.51,14.07,,,,,,5.0,4.5,10.8,5.0,11.0,11.2,10.8,10.7,10.6,10.8,10.8,14.7,18.1,2.9,4.2,,{비}0043-0051. {황사}1145-{황사}{강도0}1200-{황사}{강도0}1500-{황사}{강도0}1800- {연무}1812-1817.1940.,,2020,2,8,53,1,0,0,0
184,제주,2020-02-23,7.8,5.9,2327,11.1,1553,,,,,,,9.1,340,0003,5.6,320,0004,2.6,2283,320,-0.5,48,1244,55.9,5.9,1027.8,1033.1,0948,1027.6,2351,1030.4,11.2,9.6,1200,2.8,18.7,,,,,,1.8,1.8,9.9,-1.4,10.2,10.4,10.6,11.0,11.0,10.9,10.5,15.2,18.5,2.6,3.7,,,,2020,2,8,54,1,0,0,0
184,제주,2020-02-24,11.5,5.4,0338,15.8,1407,,,,,,,5.3,90,1402,3.8,50,1418,1.8,1580,160,1.9,37,1413,52.1,7.2,1021.5,1027.9,0026,1019.9,2356,1024.0,11.3,9.0,1200,2.3,14.76,,,,,,5.5,3.6,9.8,-1.2,10.2,10.3,10.4,10.9,11.1,10.9,10.7,15.6,18.6,2.7,3.8,0.0,,,2020,2,9,55,1,0,0,0
184,제주,2020-02-25,16.6,11.5,2335,21.8,1142,,,,,5.72,0.1,18.6,230,1209,9.9,230,1115,5.1,4406,200,12.8,58,0001,79.8,14.9,1012.7,1020.0,0009,1012.4,1554,1015.2,11.3,2.5,1100,2.24,9.47,,,,,,9.8,5.4,13.8,9.4,12.4,12.7,11.7,11.2,11.2,11.0,11.1,14.6,18.0,1.8,2.6,0.2,{비}0634-0640. {비}0740-0835. {박무}1430-{박무}{강도0}1500-{박무}{강도0}1800-{박무}{강도1}2100-2338. {비}1445-{비}{강도0}1500-{비}{강도0}1800-1815. {비}2214-2326.,,2020,2,9,56,1,0,0,1
184,제주,2020-02-26,11.4,8.4,2400,12.7,1303,,,,,4.62,0.1,6.4,50,1103,4.7,50,1058,2.6,2249,320,8.4,70,2400,82.0,11.1,1020.2,1026.8,2218,1017.1,0001,1022.7,11.3,0.0,1500,0.57,3.7,,,,,,7.1,6.5,11.8,4.8,12.5,12.8,12.5,12.0,11.9,11.2,11.1,15.1,18.4,1.0,1.5,0.0,{박무}0328-{박무}{강도0}0600-0652. {비}0348-{비}{강도0}0600-0812. {비}0935-0948.,,2020,2,9,57,1,0,0,1
184,제주,2020-02-27,10.0,6.8,0532,13.4,1459,,,,,,,10.1,50,1534,6.0,50,1634,2.7,2309,50,3.3,56,1705,63.8,7.8,1024.6,1028.7,1035,1026.3,1447,1027.2,11.4,3.1,1300,1.69,10.56,,,,,,3.0,3.0,10.4,1.3,11.2,11.5,11.6,11.9,11.9,11.5,11.2,15.4,18.5,2.0,2.8,,,,2020,2,9,58,1,0,0,0
184,제주,2020-02-28,10.4,8.7,1656,11.6,0958,,,,,8.47,3.7,10.3,70,2001,5.7,110,1355,3.3,2808,110,6.0,58,0305,75.4,9.4,1018.3,1026.4,0001,1016.7,2359,1020.8,11.4,0.0,1200,0.37,2.08,,,,,,9.6,7.0,9.1,3.9,10.6,10.9,11.2,11.7,11.8,11.6,11.6,15.6,18.5,0.8,1.1,7.0,{비}0930-0936. {비}1043-{비}{강도0}1200-1202. {비}1330-{비}{강도0}1500-{비}{강도0}1800-1925. {비}2252-{비}{강도0}2400-,,2020,2,9,59,1,0,0,1
184,제주,2020-02-29,11.6,10.9,0001,12.2,2354,,,,,16.95,14.2,8.6,90,0011,4.2,70,0004,2.3,1968,70,10.6,90,2247,94.0,12.8,1013.7,1017.7,2323,1014.7,0616,1016.2,11.4,0.0,1100,0.36,1.81,,,,,,10.0,7.1,10.9,9.6,11.0,11.2,11.1,11.3,11.6,11.6,12.0,15.7,18.5,0.5,0.7,10.9,{박무}0005-0235. -{비}-0228. {비}0311-{비}{강도0}0600-{비}{강도0}0900-{비}{강도0}1200-{비}{강도0}1500-1740. {박무}0335-{박무}{강도1}0600-{박무}{강도0}0900-1025. {박무}1430-{박무}{강도0}1500-1520. {박무}2205-{박무}{강도0}2400-,,2020,2,9,60,1,0,0,1
184,제주,2020-03-01,11.2,8.1,2359,12.7,1213,,,,,11.97,4.2,11.6,360,1816,7.0,360,1842,2.9,2504,70,8.9,71,2252,86.1,11.5,1016.0,1022.6,2352,1016.3,1427,1018.5,11.5,0.0,1200,0.35,1.31,,,,,,9.9,6.3,10.8,7.1,11.2,11.5,11.2,11.4,11.5,11.7,12.0,15.6,18.4,0.9,1.3,4.2,-{박무}-0015. {비}0740-{비}{강도0}0900-{비}{강도0}1200-{비}{강도0}1500-1708. {박무}1005-1145. {박무}1230-{박무}{강도0}1500-1610. {박무}1830-2037. {비}1840-2005. {비}2146-2232. {박무}2154-2235. {비}2341-{비}{강도0}2400-,,2020,3,9,61,1,0,0,1
184,제주,2020-03-02,8.0,6.0,2237,10.4,1531,,,,,1.15,0.0,11.6,20,0743,6.0,360,0329,3.3,2859,340,1.0,49,1434,61.9,6.6,1021.6,1026.0,1110,1022.1,0242,1024.2,11.5,8.5,1200,2.85,18.16,,,,,,4.1,3.4,10.8,0.4,10.8,11.1,11.1,11.5,11.6,12.0,12.2,15.4,18.3,2.5,3.6,,-{비}-0109.,,2020,3,10,62,1,0,0,0
184,제주,2020-03-03,10.7,6.2,0001,15.0,1250,,,,,0.63,0.0,9.7,360,2334,5.6,360,2346,1.7,1507,160,5.3,54,1316,70.3,9.1,1020.5,1025.3,0211,1021.3,1513,1023.1,11.5,0.4,1200,1.39,7.49,,,,,,9.1,6.9,10.4,2.2,10.9,11.1,11.1,11.5,11.6,11.9,12.1,15.6,18.4,1.5,2.2,0.0,{비}1735-{비}{강도0}1800-1813. {박무}2325-{박무}{강도0}2400-,,2020,3,10,63,1,0,0,0
184,제주,2020-03-04,8.0,5.2,2313,10.6,1205,,,,,,,17.0,340,2125,9.6,320,2331,4.9,4269,320,0.2,44,2334,58.6,6.4,1022.3,1027.1,2207,1022.0,0034,1024.9,11.6,5.0,1100,2.5,13.9,,,,,,7.9,5.6,10.3,4.4,11.2,11.4,11.4,11.7,11.8,12.0,12.2,15.2,18.3,2.9,4.1,,-{박무}-0053.,,2020,3,10,64,1,0,0,0
184,제주,2020-03-05,6.1,4.0,2349,9.6,1337,,,,,,,17.1,320,0010,9.3,340,0015,3.8,3253,320,-2.2,44,0024,55.3,5.2,1023.8,1028.7,0945,1024.8,1746,1026.4,11.6,8.3,1200,2.93,18.57,,,,,,2.8,2.8,8.5,-2.4,10.2,10.4,10.8,11.6,11.8,11.9,11.6,14.8,18.0,2.5,3.5,,,,2020,3,10,65,1,0,0,0
184,제주,2020-03-06,7.4,2.5,0619,11.9,1430,,,,,,,5.2,20,1228,3.3,320,1657,1.7,1494,180,1.2,52,1401,65.3,6.7,1019.7,1024.9,0003,1019.5,2348,1022.2,11.7,9.4,1100,2.85,18.62,,,,,,3.3,0.9,8.9,-4.1,9.9,10.1,10.5,11.3,11.6,11.8,11.5,15.6,18.3,2.2,3.2,1.7,,,2020,3,10,66,1,0,0,0
184,제주,2020-03-07,10.3,8.0,0009,11.0,1218,,,,,9.78,8.1,8.3,20,1741,5.8,20,1748,2.3,1966,20,7.6,64,0611,84.3,10.5,1014.4,1019.7,0001,1014.8,1441,1016.9,11.7,0.0,1100,0.46,2.1,,,,,,9.4,7.8,9.6,3.1,10.6,10.7,10.9,11.3,11.5,11.8,11.9,15.5,18.3,0.7,1.0,6.4,{비}0620-{비}{강도0}0900-{비}{강도0}1200-{비}{강도0}1500-1607. {박무}0814-{박무}{강도0}0900-{박무}{강도0}1200-{박무}{강도0}1500-1645.,,2020,3,10,67,1,0,0,1
184,제주,2020-03-08,12.0,7.3,0711,15.4,1701,,,,,,,10.6,20,1436,6.9,50,1237,2.9,2488,50,6.6,56,1212,70.6,9.7,1015.6,1020.3,1006,1016.8,1524,1018.1,11.7,10.7,1200,3.0,20.69,,,,,,1.9,1.6,12.7,1.6,11.2,11.4,11.1,11.3,11.5,11.8,12.2,15.6,18.3,3.0,4.2,,,,2020,3,10,68,1,0,0,0
184,제주,2020-03-09,13.1,11.3,0334,14.6,1109,,,,,11.5,25.3,13.0,90,2052,6.0,50,1903,2.7,2317,70,9.6,59,1140,80.9,12.1,1008.0,1017.1,0001,1004.3,2344,1010.5,11.8,0.0,1200,0.43,2.55,,,,,,9.6,4.4,10.9,5.7,11.6,11.8,11.7,11.8,11.8,12.0,12.4,15.6,18.3,0.7,1.0,38.6,{달무리}0230-0325. {비}1230-{비}{강도0}1500-{비}{강도1}1800-{비}{강도1}2100-{비}{강도0}2400- {박무}1633-1752. {박무}1809-1948. {박무}2015-{박무}{강도0}2100-{박무}{강도1}2400-,,2020,3,11,69,1,0,0,1
184,제주,2020-03-10,9.6,7.7,2323,13.4,0035,,,,,11.58,21.5,16.6,320,1859,10.4,320,1828,6.2,5396,320,6.0,52,2354,79.9,9.7,1008.2,1017.7,2343,1004.1,0317,1010.7,11.8,0.0,1300,0.31,1.38,,,,,,8.0,6.1,9.7,4.8,11.2,11.5,11.6,12.0,12.1,12.3,12.7,14.8,17.9,1.9,2.7,8.2,-{비}-{비}{강도0}0300-{비}{강도0}0600-{비}{강도0}0900-1110. -{박무}-{박무}{강도1}0300-{시정(미만)}{1km}{안개}0450-{시정(이상)}{1km}{박무}0515-{박무}{강도1}0600-{박무}{강도0}0900-1052. {비}1426-1438. {박무}1431-{박무}{강도0}1500-{박무}{강도0}1800-1805. {비}1733-1746.,0.42,2020,3,11,70,1,0,0,1
184,제주,2020-03-11,8.4,5.5,2350,11.1,1315,,,,,,,15.5,290,0153,8.7,320,0056,4.7,4050,320,-1.7,38,1319,49.1,5.4,1018.6,1024.2,2341,1017.4,0006,1021.1,11.8,10.7,1200,3.11,21.98,,,,,,1.5,1.3,9.8,-1.3,10.2,10.4,10.7,11.5,11.9,12.2,11.6,14.1,17.6,3.4,4.8,,,,2020,3,11,71,1,0,0,0
184,제주,2020-03-12,9.4,3.8,0628,13.7,1423,,,,,,,5.1,360,1439,3.2,360,1408,2.0,1695,160,1.6,40,1107,58.9,7.0,1020.4,1024.9,0917,1021.0,1809,1022.9,11.9,9.9,1200,3.07,21.34,,,,,,2.5,0.0,10.7,-3.0,10.5,10.6,10.8,11.4,11.8,11.9,11.6,15.2,18.1,3.0,4.3,,,,2020,3,11,72,1,0,0,0
184,제주,2020-03-13,11.2,8.2,2345,14.5,1343,,,,,,,9.4,20,1054,5.7,20,1057,2.7,2302,320,2.7,34,2114,56.8,7.6,1018.8,1023.4,1022,1019.3,1600,1021.3,11.9,3.7,1100,2.24,13.45,,,,,,8.3,6.8,12.1,4.0,11.7,11.9,11.6,11.7,11.8,11.9,12.0,15.3,18.0,2.7,3.9,,,,2020,3,11,73,1,0,0,0
184,제주,2020-03-14,8.4,5.9,0715,10.6,1612,,,,,,,14.2,290,2254,7.0,270,2313,4.8,4115,320,-1.9,32,1420,48.6,5.4,1016.4,1021.7,0046,1016.8,2357,1018.9,11.9,7.0,1300,3.09,18.2,,,,,,2.1,1.5,11.2,1.5,10.9,11.1,11.5,12.0,12.0,12.0,11.9,14.8,17.9,3.8,5.4,,,,2020,3,11,74,1,0,0,0
184,제주,2020-03-15,11.1,6.8,2356,15.3,1245,,,,,,,16.7,270,1219,9.8,320,2218,6.5,5634,290,1.0,29,1058,50.8,6.6,1013.6,1020.8,2345,1013.9,1512,1016.1,12.0,10.6,1300,2.92,21.49,,,,,,1.8,1.8,12.8,5.9,11.1,11.4,11.4,11.8,11.9,11.8,11.3,13.7,17.1,4.5,6.4,,{연무}0024-{연무}{강도0}0300-{연무}{강도0}0600-0845.,,2020,3,11,75,1,0,0,0
184,제주,2020-03-16,7.3,4.6,0525,10.6,1513,,,,,,,14.8,320,0002,8.6,320,0004,3.7,3212,360,-1.6,41,1425,53.5,5.5,1021.2,1025.6,0844,1020.6,0001,1023.8,12.0,8.8,1200,3.14,20.51,,,,,,5.3,2.5,12.8,1.0,11.1,11.3,11.5,11.9,11.9,11.7,10.8,14.5,17.8,3.0,4.3,,{햇무리}1745-1825.,,2020,3,12,76,1,0,0,0
184,제주,2020-03-17,13.0,6.2,0340,19.8,1514,,,,,,,11.5,250,1601,6.7,250,1534,3.6,3128,270,2.4,22,1007,51.8,7.4,1016.2,1023.0,0001,1015.9,1617,1018.7,12.0,10.0,1200,3.11,21.54,,,,,,2.0,0.0,14.0,-0.8,11.7,11.9,11.8,12.1,11.9,11.6,11.2,14.8,17.8,4.7,6.8,,,,2020,3,12,77,1,0,0,0
184,제주,2020-03-18,14.0,10.1,0551,16.7,1154,,,,,,,6.7,250,0011,4.2,250,0014,1.8,1579,20,8.4,51,0852,69.9,11.0,1012.8,1017.9,0917,1012.8,2335,1015.3,12.1,10.4,1200,2.78,19.36,,,,,,0.9,0.8,15.5,2.6,13.0,13.1,12.7,12.5,12.3,11.7,11.3,14.6,17.7,3.6,5.2,,{연무}0858-{연무}{강도0}0900-0906. {박무}2035-{박무}{강도0}2100-2130.,,2020,3,12,78,1,0,0,0
184,제주,2020-03-19,13.9,9.9,2003,21.2,0937,,,,,,,17.7,250,1058,9.6,250,1053,4.7,4096,290,1.7,23,0541,46.3,7.2,1010.6,1018.7,2357,1008.6,0704,1013.1,12.1,8.8,1300,2.83,16.67,,,,,,1.8,0.6,14.5,3.1,13.0,13.2,13.1,13.0,12.7,11.9,11.5,13.9,17.3,4.0,5.7,,{연무}1225-1304.,,2020,3,12,79,1,0,0,0
184,제주,2020-03-20,12.0,7.2,0649,16.0,1723,,,,,,,10.5,270,1633,6.5,290,1634,2.9,2484,320,-2.5,17,1014,37.4,5.2,1014.8,1019.5,0940,1014.9,2357,1017.3,12.1,10.9,1200,3.21,22.86,,,,,,0.0,0.0,14.3,-1.1,12.4,12.6,12.7,12.9,12.7,12.0,11.3,14.4,17.7,4.5,6.5,,,,2020,3,12,80,1,0,0,0
184,제주,2020-03-21,17.4,9.9,0027,22.8,1153,,,,,,,8.8,70,1331,5.7,50,1308,2.2,1875,160,5.1,30,0336,45.0,9.3,1011.3,1015.9,0838,1011.5,1712,1013.7,12.2,9.8,1200,2.9,19.83,,,,,,3.8,0.0,16.1,0.2,13.2,13.4,13.0,13.0,12.8,12.0,11.6,14.6,17.8,3.7,5.3,1.0,,,2020,3,12,81,1,0,0,0
184,제주,2020-03-22,14.4,11.3,2353,18.5,0012,,,,,2.37,1.0,9.2,20,1016,5.1,360,2316,2.3,1949,320,8.8,45,2224,71.3,11.8,1011.5,1018.6,2354,1010.6,0248,1014.0,12.2,3.6,1400,2.23,10.22,,,,,,7.1,3.6,15.4,4.0,14.4,14.6,14.1,13.6,13.4,12.3,11.9,14.7,17.8,2.3,3.2,,{비}0504-{비}{강도0}0600-0726. {박무}0516-{박무}{강도2}0600-0738. {박무}0935-{박무}{강도0}1200-{박무}{강도0}1500-1537.,,2020,3,12,82,1,0,0,1
184,제주,2020-03-23,12.7,9.3,0503,16.3,1321,,,,,,,7.9,270,1822,5.1,270,1828,2.8,2447,320,2.7,31,1759,51.6,7.5,1017.5,1021.1,1143,1018.5,0020,1020.0,12.2,10.9,1200,3.2,22.76,,,,,,1.9,0.0,14.9,1.0,13.6,13.7,13.7,13.6,13.4,12.5,12.0,14.7,17.8,3.8,5.4,,,,2020,3,13,83,1,0,0,0
184,제주,2020-03-24,12.6,8.8,0628,15.8,1557,,,,,,,9.4,360,1532,6.3,50,1429,2.7,2348,50,5.6,46,0757,62.8,9.1,1018.3,1022.1,1015,1019.9,1507,1020.8,12.3,10.9,1200,3.26,23.21,,,,,,0.0,0.0,15.6,-0.2,13.6,13.7,13.8,13.7,13.5,12.7,11.9,14.6,17.8,3.5,5.0,,,,2020,3,13,84,1,0,0,0
184,제주,2020-03-25,16.3,10.8,0125,20.9,1407,,,,,3.0,0.0,11.7,110,0833,5.7,110,0841,2.5,2197,110,7.3,35,1002,56.4,10.3,1017.1,1021.8,0034,1017.4,2341,1019.5,12.3,9.1,1200,3.2,21.87,,,,,,3.9,2.3,17.8,2.8,14.3,14.4,14.1,13.8,13.6,12.8,12.3,14.8,17.8,3.9,5.6,2.2,{햇무리}1647-1715. {비}1905-{비}{강도0}2100-2205.,,2020,3,13,85,1,0,0,0
184,제주,2020-03-26,17.9,15.0,0717,23.2,1528,,,,,10.93,17.0,13.6,200,1403,6.1,110,0529,1.9,1669,70,15.3,63,0001,85.5,17.6,1011.2,1018.0,0157,1011.1,1654,1013.6,12.3,0.1,1500,1.06,3.09,,,,,,9.9,7.3,16.2,13.0,15.3,15.4,15.0,14.4,14.1,13.1,12.2,14.5,17.7,0.9,1.2,14.8,{비}0105-{비}{강도0}0300-0336. {비}0445-{비}{강도0}0600-0749. {비}0839-{비}{강도0}0900-{비}{강도1}1200-1312. {박무}0854-{박무}{강도0}0900-1153. {비}1754-{비}{강도0}1800-1834. {비}2230-2238.,,2020,3,13,86,1,0,0,1
184,제주,2020-03-27,12.0,8.4,2303,19.9,0427,,,,,0.42,0.0,12.5,290,0520,7.1,270,0531,3.8,3267,270,9.0,62,2205,82.5,12.1,1013.3,1021.5,2345,1009.5,0354,1015.8,12.4,0.7,1700,0.63,2.68,,,,,,8.4,5.4,13.2,5.6,14.9,15.1,15.1,14.8,14.5,13.3,12.3,13.4,16.8,1.2,1.7,,{박무}0525-{박무}{강도2}0600-0728. {비}0653-0718. {박무}0940-{박무}{강도0}1200-1413.,,2020,3,13,87,1,0,0,0
184,제주,2020-03-28,9.0,7.1,1232,9.9,0820,,,,,4.55,3.9,7.8,20,0520,4.3,360,0637,2.3,1965,360,1.8,45,0843,61.6,7.0,1017.9,1021.9,0029,1019.0,1401,1020.4,12.4,0.0,1300,0.74,4.19,,,,,,9.3,6.3,9.9,3.3,12.4,12.6,13.4,14.1,14.2,13.4,12.4,14.5,17.6,1.1,1.6,3.9,{비}0910-{비}{강도0}1200-1343.,,2020,3,13,88,1,0,0,1
184,제주,2020-03-29,11.2,6.6,0427,14.4,1123,,,,,,,10.1,20,1255,7.0,50,1241,2.5,2176,50,5.3,46,1232,67.8,9.0,1018.6,1022.2,0253,1019.6,1708,1021.1,12.4,3.8,1100,2.67,14.73,,,,,,8.0,4.8,11.9,0.9,12.0,12.3,12.6,13.3,13.5,13.3,12.6,14.8,17.7,2.4,3.4,,{햇무리}1225-1310.,,2020,3,13,89,1,0,0,0
184,제주,2020-03-30,13.5,11.7,0538,15.9,1306,,,,,,,10.1,50,1053,5.5,50,1055,2.3,1958,50,7.0,51,1307,65.3,10.0,1017.5,1021.4,1035,1018.7,1655,1020.0,12.5,4.3,1400,2.57,15.65,,,,,,8.3,3.3,15.3,7.3,13.5,13.7,13.5,13.4,13.4,13.2,12.9,14.8,17.7,2.6,3.7,,,,2020,3,14,90,1,0,0,0
184,제주,2020-03-31,13.9,11.3,0619,17.2,1314,,,,,1.75,0.6,9.5,50,1433,6.1,50,1432,2.7,2321,50,7.6,46,1311,66.8,10.4,1014.6,1020.2,0010,1014.3,1814,1017.1,12.5,10.0,1200,3.3,23.3,,,,,,4.3,2.4,16.4,5.9,14.4,14.6,14.3,13.9,13.6,13.2,13.1,14.8,17.7,3.7,5.3,,{비}2215-{비}{강도0}2400-,,2020,3,14,91,1,0,0,1
184,제주,2020-04-01,11.6,8.4,0458,15.4,1256,0.4,444,1.0,616,7.28,3.4,10.5,290,1332,6.6,290,1337,3.7,3182,290,4.6,43,2235,62.8,8.6,1015.2,1021.8,2355,1014.3,0100,1017.7,12.5,7.4,1200,3.08,19.03,,,,,,6.4,2.6,14.2,3.3,14.7,14.9,14.8,14.5,14.1,13.4,13.0,14.7,17.7,3.4,4.8,,-{비}-0126. {비}0219-{비}{강도0}0300-{비}{강도0}0600-0810.,,2020,4,14,92,1,0,0,1
184,제주,2020-04-02,11.8,8.7,0132,14.7,1616,,,,,,,6.3,20,1318,4.8,20,1529,2.1,1841,20,3.6,45,1612,57.4,7.9,1020.6,1024.8,1037,1021.1,0109,1023.1,12.6,9.9,1300,3.02,21.91,,,,,,4.3,0.3,13.8,2.0,14.1,14.3,14.5,14.4,14.2,13.6,13.0,14.6,17.6,3.3,4.6,,,,2020,4,14,93,1,0,0,0
184,제주,2020-04-03,12.8,10.9,0512,16.3,1429,,,,,,,6.6,320,1555,4.2,320,1557,2.1,1833,270,2.2,34,1343,49.4,7.3,1020.0,1023.9,0120,1020.9,1608,1022.5,12.6,8.1,1200,3.24,21.36,,,,,,4.0,2.9,15.8,3.8,14.8,15.0,14.8,14.6,14.3,13.5,13.1,14.8,17.7,4.0,5.8,,,,2020,4,14,94,1,0,0,0
184,제주,2020-04-04,11.6,7.6,2359,16.9,1245,,,,,,,10.2,250,1535,7.0,270,1541,3.6,3109,270,2.3,35,0917,53.4,7.3,1019.6,1024.1,2229,1020.7,1440,1022.1,12.7,10.7,1200,3.26,23.8,,,,,,1.5,0.0,14.7,2.0,14.6,14.8,14.8,14.7,14.6,13.8,13.1,14.6,17.4,4.5,6.5,,{연무}0533-{연무}{강도0}0600-0725. {연무}1415-1446.,,2020,4,14,95,1,0,0,0
184,제주,2020-04-05,9.7,7.4,0601,13.4,1440,,,,,,,8.3,20,0425,5.2,20,0542,3.2,2797,360,-0.5,34,1336,49.6,5.9,1021.6,1025.6,0950,1022.6,1707,1024.1,12.7,11.1,1200,3.46,25.57,,,,,,2.4,0.4,14.8,2.4,14.0,14.3,14.5,14.6,14.5,14.0,13.1,14.6,17.4,4.0,5.7,,,,2020,4,14,96,1,0,0,0
184,제주,2020-04-06,10.7,6.0,0606,14.3,1559,,,,,,,6.0,250,1845,3.6,290,1828,2.4,2041,270,2.3,36,1719,56.8,7.2,1019.2,1024.4,0006,1019.2,1658,1021.7,12.7,9.5,1100,3.27,22.81,,,,,,4.1,1.8,14.5,-0.4,13.9,14.2,14.4,14.5,14.4,13.9,13.1,14.6,17.4,3.4,4.9,,,,2020,4,15,97,1,0,0,0
184,제주,2020-04-07,13.4,8.9,0606,17.9,1137,,,,,,,8.7,250,1526,5.3,270,1709,2.8,2420,230,0.7,16,1042,45.5,6.7,1016.2,1020.2,0005,1017.3,1849,1018.7,12.8,11.4,1200,3.25,23.91,,,,,,0.8,0.6,16.6,1.6,14.5,14.8,14.8,14.6,14.5,14.0,13.2,14.6,17.3,4.6,6.6,,,,2020,4,15,98,1,0,0,0
184,제주,2020-04-08,12.9,10.5,0521,16.8,1227,,,,,,,6.1,270,1710,4.4,250,0016,2.4,2035,250,0.7,20,1218,46.5,6.7,1017.8,1022.9,2208,1017.7,0259,1020.3,12.8,10.6,1200,2.99,21.65,,,,,,0.8,0.4,16.9,4.1,15.1,15.4,15.1,14.9,14.7,14.0,13.2,14.6,17.3,4.3,6.1,,{박무}0135-{박무}{강도0}0300-{박무}{강도0}0600-0735.,,2020,4,15,99,1,0,0,0
184,제주,2020-04-09,12.1,8.8,0458,15.3,1458,,,,,,,7.3,20,2318,4.8,360,2323,2.2,1923,180,-0.5,30,1332,42.8,6.0,1021.0,1025.8,2258,1022.3,0407,1023.6,12.8,11.1,1200,3.18,23.12,,,,,,0.4,0.0,16.6,1.8,14.9,15.2,15.1,15.0,14.9,14.1,13.3,14.8,17.3,4.0,5.8,,,,2020,4,15,100,1,0,0,0
184,제주,2020-04-10,12.9,9.9,0209,15.9,1550,,,,,,,7.3,20,0352,4.0,360,1300,1.9,1599,360,5.1,44,1102,59.9,8.9,1022.1,1026.7,0955,1023.0,1731,1024.6,12.9,8.5,1200,3.22,22.15,,,,,,4.6,2.9,18.4,3.8,15.5,15.8,15.4,15.2,15.1,14.1,13.3,14.7,17.3,3.5,5.0,,,,2020,4,15,101,1,0,0,0
184,제주,2020-04-11,12.3,9.7,2023,16.8,1237,1.0,1523,5.1,1513,11.48,23.9,12.7,360,1333,8.7,50,1340,3.6,3141,50,8.7,61,1220,80.1,11.3,1016.3,1023.6,0001,1015.3,2355,1018.8,12.9,0.4,1000,1.43,6.86,,,,,,9.1,4.4,13.6,6.3,14.8,15.3,15.4,15.4,15.2,14.2,13.5,14.7,17.3,1.4,1.9,28.1,{비}1151-{비}{강도0}1200-1213. {비}1253-{비}{강도0}1500-{비}{강도0}1800-{비}{강도0}2100-{비}{강도0}2400- {박무}1441-{박무}{강도0}1500-1612.,,2020,4,15,102,1,0,0,1
184,제주,2020-04-12,9.8,7.5,1913,11.2,2323,2.9,1835,7.0,1810,16.55,25.4,11.6,50,1836,7.0,20,0857,4.5,3893,20,6.7,67,1212,81.5,9.8,1009.8,1015.3,0001,1011.4,1445,1012.3,12.9,0.0,1100,0.52,2.18,,,,,,8.9,5.6,10.3,6.1,12.6,13.2,13.8,14.8,14.9,14.3,13.7,14.8,17.4,1.4,1.9,21.2,-{비}-{비}{강도0}0300-{비}{강도0}0600-0628. {비}0915-1015. {박무}0935-1008. {비}1045-1135. {비}1218-{비}{강도0}1500-{비}{강도0}1800-2033. {박무}1603-1648. {박무}1812-1943.,,2020,4,15,103,1,0,0,1
184,제주,2020-04-13,11.6,9.6,2225,13.8,1608,,,,,,,13.9,320,1445,7.2,320,1000,4.5,3884,360,3.9,40,1435,60.4,8.1,1012.3,1018.9,2342,1011.1,0156,1014.8,13.0,11.9,1100,3.44,25.58,,,,,,1.8,0.8,12.4,4.0,12.5,13.0,13.1,13.8,14.1,14.1,13.7,14.8,17.3,4.1,5.9,,,,2020,4,16,104,1,0,0,0
184,제주,2020-04-14,13.2,8.3,0609,16.6,1227,,,,,,,5.8,320,1227,3.6,340,1507,2.1,1809,180,1.0,28,1914,44.1,6.6,1016.0,1020.1,0944,1017.1,1632,1018.5,13.0,10.5,1100,3.27,24.21,,,,,,4.1,0.0,13.6,1.1,13.7,14.2,13.8,14.0,13.8,14.0,13.6,14.8,17.2,4.1,5.8,,{햇무리}1315-1430.,,2020,4,16,105,1,0,0,0
184,제주,2020-04-15,13.4,10.1,0421,16.9,1138,,,,,,,5.5,340,1302,3.9,340,1305,1.8,1563,360,3.6,37,0426,52.5,8.1,1013.3,1017.5,0001,1014.6,1624,1015.8,13.0,5.0,1100,2.91,17.52,,,,,,6.5,2.9,13.8,3.9,14.5,15.1,14.6,14.4,14.2,14.0,13.6,14.8,17.3,3.1,4.4,,,,2020,4,16,106,1,0,0,0
184,제주,2020-04-16,15.9,10.3,0554,21.4,1425,,,,,,,12.3,50,1229,8.0,50,1318,3.0,2618,160,7.3,42,0826,58.0,10.3,1014.5,1019.7,1005,1015.1,1707,1017.0,13.1,11.5,1200,3.57,24.49,,,,,,3.5,0.5,16.8,3.0,14.9,15.5,14.9,14.6,14.5,13.9,13.6,14.9,17.2,4.3,6.2,0.0,,,2020,4,16,107,1,0,0,0
184,제주,2020-04-17,16.0,13.6,2236,18.7,0927,1.9,1053,6.4,1047,8.18,9.7,12.6,230,1456,7.4,200,1505,3.4,2966,250,10.9,50,0424,72.8,13.2,1010.8,1016.3,0735,1010.2,1503,1013.3,13.1,1.0,1500,1.18,5.65,,,,,,8.4,4.4,15.4,8.2,15.4,15.9,15.6,15.2,14.9,14.0,13.8,14.8,17.2,1.4,2.0,9.7,{비}0218-{비}{강도0}0300-0344. {비}0417-0433. {비}0524-{비}{강도0}0600-0710. {비}0935-{비}{강도1}1200-1418. {박무}1055-{박무}{강도0}1200-1355.,,2020,4,16,108,1,0,0,1
184,제주,2020-04-18,12.9,11.1,2345,16.2,1224,,,,,,,9.2,290,0332,5.4,270,0307,3.2,2784,290,8.3,56,1227,74.5,11.0,1015.6,1019.3,1039,1014.4,0055,1018.1,13.1,7.4,1200,3.33,22.06,,,,,,5.1,3.6,15.3,5.8,15.4,15.9,15.4,15.1,15.0,14.3,13.7,14.1,16.8,3.1,4.5,2.2,{박무}0255-{박무}{강도0}0300-{박무}{강도0}0600-0605. {박무}2235-{박무}{강도0}2400-,,2020,4,16,109,1,0,0,0
184,제주,2020-04-19,13.3,11.0,0224,15.6,0554,0.7,2159,2.5,922,14.73,19.5,19.0,110,1302,9.5,90,1308,4.5,3919,90,10.8,63,0450,85.4,13.0,1007.9,1018.5,0001,1003.0,1816,1010.4,13.2,0.0,1500,0.37,2.55,,,,,,9.9,6.1,12.9,6.5,14.5,15.0,15.1,15.3,15.1,14.3,13.7,14.8,17.2,0.9,1.3,17.7,-{박무}-0223. {비}0553-{비}{강도0}0600-{비}{강도0}0900-{비}{강도0}1200-{비}{강도0}1500-1549. {비}1726-{비}{강도0}1800-1834. {비}2020-{비}{강도0}2100-{비}{강도0}2400- {박무}2025-{박무}{강도1}2100-{박무}{강도1}2400-,,2020,4,16,110,1,0,0,1
184,제주,2020-04-20,13.8,11.6,0614,18.0,1451,0.3,5,0.4,1,0.52,0.4,11.2,230,1754,7.0,250,1755,4.1,3524,290,9.1,53,1531,74.1,11.6,1012.3,1018.4,2359,1009.1,0001,1014.8,13.2,5.8,1200,3.33,19.2,,,,,,7.1,6.0,16.5,10.5,15.0,15.5,14.9,14.9,14.9,14.3,13.8,14.5,17.0,3.7,5.2,0.0,-{비}-0031. -{박무}-0033. {박무}1839-{박무}{강도0}2100-2240.,,2020,4,17,111,1,0,0,1
184,제주,2020-04-21,12.8,10.2,2339,16.5,1321,0.0,,0.0,,0.38,0.0,10.3,320,1835,6.2,320,1332,3.9,3397,290,0.1,19,0417,42.3,6.2,1017.0,1021.8,2324,1017.1,0030,1019.5,13.2,6.8,1200,3.6,22.96,,,,,,7.1,4.3,15.8,7.0,15.6,16.2,15.7,15.3,15.0,14.3,13.7,14.2,16.8,4.9,7.0,,{비}0016-0039.,,2020,4,17,112,1,0,0,0
184,제주,2020-04-22,11.1,8.7,0551,14.8,1424,,,,,,,14.1,290,1750,9.3,320,1640,5.7,4961,290,0.1,33,1153,47.1,6.2,1018.2,1021.8,0001,1019.0,1706,1020.7,13.3,11.4,1200,3.53,26.79,,,,,,3.5,1.4,15.0,4.8,14.6,15.3,15.4,15.4,15.1,14.4,13.6,14.0,16.3,5.0,7.2,,,,2020,4,17,113,1,0,0,0
184,제주,2020-04-23,11.1,8.7,0430,14.1,1455,,,,,,,14.8,320,0820,7.5,320,0832,5.1,4437,270,1.1,36,1417,50.6,6.7,1017.9,1021.7,1042,1019.5,1630,1020.4,13.3,8.1,1300,3.44,21.99,,,,,,3.0,2.6,15.9,5.2,14.3,15.0,14.9,15.2,15.0,14.3,13.1,14.0,16.3,4.2,6.0,,,,2020,4,17,114,1,0,0,0
184,제주,2020-04-24,13.1,9.1,0322,16.8,1433,,,,,,,10.9,270,1349,7.1,270,1353,3.8,3257,290,0.4,23,2400,43.6,6.4,1016.6,1020.8,1021,1017.8,1638,1019.1,13.3,11.7,1200,3.63,27.46,,,,,,0.1,0.0,16.9,1.2,14.9,15.5,15.1,15.1,14.9,14.1,13.0,14.0,16.5,6.3,9.0,,,,2020,4,17,115,1,0,0,0
184,제주,2020-04-25,18.3,10.2,0056,23.0,1250,,,,,,,19.5,230,1134,10.1,230,1429,6.1,5258,230,3.2,17,0714,39.9,8.3,1012.3,1018.2,0001,1012.4,1708,1014.7,13.3,12.0,1200,3.5,26.24,,,,,,1.0,1.0,18.9,1.0,15.3,15.9,15.5,15.3,15.1,14.2,13.3,14.1,16.5,6.6,9.5,,{박무}2345-{박무}{강도0}2400-,,2020,4,17,116,1,0,0,0
184,제주,2020-04-26,14.2,11.1,0558,18.9,1459,,,,,,,7.9,290,0005,4.7,270,0120,2.3,1985,290,4.2,24,1258,53.3,8.3,1016.7,1021.1,2350,1016.9,0001,1019.2,13.4,11.6,1200,3.37,25.33,,,,,,4.1,1.8,20.2,6.4,16.8,17.2,16.5,15.8,15.4,14.4,13.5,14.0,16.6,4.4,6.3,,-{박무}-0105. {햇무리}0838-1134.,,2020,4,17,117,1,0,0,0
184,제주,2020-04-27,14.3,11.0,0618,17.7,1620,,,,,,,8.2,50,1226,4.8,270,1915,2.6,2255,270,4.5,28,1808,53.1,8.6,1019.5,1023.7,2243,1020.1,0317,1022.0,13.4,11.2,1200,3.44,25.57,,,,,,2.1,0.9,19.3,4.4,17.0,17.5,17.0,16.4,15.8,14.6,13.6,14.4,16.8,4.4,6.2,,,,2020,4,18,118,1,0,0,0
184,제주,2020-04-28,15.2,10.4,0623,19.7,1425,,,,,,,7.1,250,2141,4.8,270,1851,2.7,2366,250,-0.6,17,1343,37.6,6.1,1020.6,1025.3,1033,1021.3,1724,1023.0,13.4,12.5,1200,3.52,26.86,,,,,,0.0,0.0,19.5,3.0,17.1,17.7,17.2,16.6,16.1,14.8,13.6,14.1,16.7,6.2,8.8,,,,2020,4,18,119,1,0,0,0
184,제주,2020-04-29,15.9,13.0,0627,20.0,1019,,,,,,,6.6,320,1138,4.5,320,1138,2.2,1935,20,1.6,19,0422,39.9,7.3,1018.3,1022.4,1003,1019.3,1918,1020.8,13.5,12.6,1200,3.49,26.97,,,,,,0.0,0.0,19.2,2.6,17.2,17.8,17.4,16.7,16.4,15.0,13.7,14.5,16.9,5.0,7.2,,,,2020,4,18,120,1,0,0,0
184,제주,2020-04-30,19.0,12.5,0243,24.8,1553,,,,,,,7.7,50,1333,5.7,50,1401,2.4,2056,50,10.6,38,0436,58.9,13.4,1014.8,1020.1,0002,1015.1,1839,1017.2,13.5,12.0,1200,3.45,25.83,,,,,,1.5,1.0,20.7,8.5,18.0,18.6,17.8,17.1,16.6,15.1,13.9,14.4,16.8,4.5,6.4,,,,2020,4,18,121,1,0,0,0
184,제주,2020-05-01,20.5,17.4,2400,24.6,1607,,,,,,,7.0,50,1453,4.8,50,1459,2.1,1797,20,14.9,54,1204,71.4,16.9,1012.8,1016.4,1045,1013.9,1805,1015.2,13.5,11.5,1200,3.35,24.01,,,,,,3.8,0.0,21.8,10.8,19.5,20.0,19.0,17.8,17.1,15.4,14.0,14.0,16.7,3.8,5.4,,{박무}2106-{박무}{강도0}2400-,,2020,5,18,122,1,0,0,0
184,제주,2020-05-02,19.2,16.4,0111,21.9,1338,0.6,2122,2.1,2035,6.67,3.2,5.4,200,2028,3.8,230,2033,1.1,956,270,16.1,64,1307,83.1,18.3,1009.0,1015.0,0001,1007.9,2358,1011.4,13.6,0.0,1100,1.32,7.08,,,,,,9.4,4.6,19.2,11.6,19.1,19.7,19.3,18.4,17.7,15.7,14.3,14.1,16.6,1.5,2.1,4.1,-{박무}-0233. {박무}0745-{박무}{강도0}0900-0934. {비}1603-1619. {비}1711-{비}{강도0}1800-{비}{강도0}2100-2150. {박무}2105-{박무}{강도0}2400- {비}2215-{비}{강도0}2400-,,2020,5,18,123,1,0,0,1
184,제주,2020-05-03,19.2,16.0,2341,23.6,1125,0.3,106,0.3,16,5.58,0.9,9.2,200,0631,5.0,230,0607,1.9,1639,230,17.2,73,0922,88.8,19.6,1002.7,1008.0,0001,1003.5,1540,1005.1,13.6,1.8,1200,3.14,10.92,,,,,,8.9,7.9,20.1,16.6,19.5,20.1,19.3,18.4,17.9,16.1,14.4,14.1,16.4,1.7,2.4,0.0,-{박무}-0115. {박무}0216-{박무}{강도0}0300-0314. -{비}-{비}{강도0}0300-0332. {비}0408-{비}{강도0}0600-0611. {박무}1725-{박무}{강도0}1800-{박무}{강도1}2100-{시정(미만)}{1km}{안개}2315-{안개}{강도0}2400-,0.75,2020,5,18,124,1,0,0,1
184,제주,2020-05-04,18.5,15.5,2320,23.7,1440,0.0,,0.0,,0.67,0.0,9.6,270,1629,6.0,290,1632,2.2,1898,270,15.5,65,1440,83.6,17.6,1007.5,1012.2,2228,1006.2,0144,1009.9,13.6,6.8,1200,3.37,18.43,,,,,,4.0,3.8,21.5,12.8,20.1,20.7,19.7,18.7,18.2,16.4,14.6,14.1,16.6,3.2,4.5,,{안개비}0105-0145. -{박무}-{시정(이상)}{1km}{박무}0135-{박무}{강도0}0300-{박무}{강도2}0600-{시정(미만)}{1km}{안개}0725-{시정(미만)}{0.5km}{안개}0746-{시정(이상)}{0.5km}{안개}0806-{안개}{강도0}0900-{시정(이상)}{1km}{박무}0919-1012.,3.48,2020,5,19,125,1,0,0,0
184,제주,2020-05-05,17.6,14.2,0253,24.6,1234,,,,,,,10.9,50,1851,6.7,50,1144,2.9,2530,50,15.1,61,1235,86.0,17.2,1008.2,1012.1,0817,1009.3,1124,1010.6,13.6,6.7,1000,2.83,18.85,,,,,,6.1,2.6,20.0,10.7,19.6,20.2,19.7,18.9,18.4,16.6,14.7,14.5,16.7,2.8,4.0,,{박무}0837-{박무}{강도0}0900-0952. {박무}1554-{박무}{강도0}1800-2052.,,2020,5,19,126,1,0,0,0
184,제주,2020-05-06,19.5,15.9,0641,24.5,1518,,,,,,,12.4,70,1244,7.2,50,1241,3.2,2771,50,13.8,43,1433,72.6,15.9,1010.1,1015.3,2224,1009.0,0038,1012.5,13.7,10.7,1200,3.39,25.92,,,,,,2.0,1.3,22.8,13.1,20.1,20.8,20.2,19.1,18.5,16.8,14.9,14.4,16.6,5.0,7.1,,{박무}0055-{박무}{강도0}0300-{박무}{강도1}0600-0725.,,2020,5,19,127,1,0,0,0
184,제주,2020-05-07,17.8,14.8,0447,22.9,1307,,,,,,,14.8,50,1547,8.7,50,1555,4.2,3632,90,10.8,36,1331,65.1,13.0,1014.4,1017.9,0811,1015.2,0001,1016.8,13.7,12.3,1200,3.67,27.87,,,,,,1.6,0.4,22.2,11.1,20.0,20.8,20.3,19.4,18.9,17.1,15.0,14.6,16.7,5.4,7.7,,,,2020,5,19,128,1,0,0,0
184,제주,2020-05-08,20.9,15.5,0211,26.5,1134,0.1,,0.2,,1.08,0.2,12.7,70,0357,6.2,70,0402,3.3,2830,90,13.8,47,1134,65.0,15.8,1009.8,1017.0,0006,1007.8,2359,1012.3,13.7,8.8,1200,3.47,23.83,,,,,,5.4,2.6,23.7,11.8,20.5,21.1,20.4,19.5,19.0,17.3,15.2,14.6,16.6,5.1,7.3,3.6,{비}2205-2245. {비}2335-{비}{강도0}2400-,,2020,5,19,129,1,0,1,1
184,제주,2020-05-09,21.3,15.5,2337,27.7,1032,1.5,521,3.2,445,4.92,3.4,21.5,200,0956,10.4,230,0926,5.2,4477,270,15.8,51,0128,71.8,18.1,1003.6,1009.2,2152,1003.1,0437,1005.9,13.8,2.5,1000,2.61,13.69,,,,,,8.8,6.6,20.9,15.6,20.9,21.7,21.0,20.0,19.4,17.4,15.4,14.7,16.5,3.2,4.5,,-{비}-0011. {비}0240-{비}{강도0}0300-{비}{강도1}0600-0724. {무지개}0915-0935.,,2020,5,19,130,1,0,1,1
184,제주,2020-05-10,16.0,15.0,0556,18.1,1424,,,,,,,10.5,250,0109,5.8,250,0014,3.9,3340,250,12.8,71,1812,81.9,14.8,1008.2,1013.8,2341,1008.3,0428,1010.7,13.8,0.3,1500,1.27,6.71,,,,,,7.0,5.5,17.3,10.9,19.0,19.7,19.9,19.8,19.7,17.9,15.7,14.8,16.2,1.6,2.3,,{박무}2014-{박무}{강도0}2100-{박무}{강도0}2400-,,2020,5,19,131,1,0,0,0
184,제주,2020-05-11,17.3,14.6,0445,23.2,1326,,,,,,,7.7,270,2133,4.7,270,2134,2.7,2351,270,13.1,54,1321,77.0,15.1,1008.7,1013.8,0005,1008.4,2352,1011.1,13.8,12.0,1200,3.59,28.01,,,,,,0.8,0.0,21.0,9.1,19.6,20.2,19.6,19.2,19.1,17.9,15.9,14.8,16.4,4.4,6.4,,-{박무}-{박무}{강도0}0300-{박무}{강도0}0600-{박무}{강도0}0900-{박무}{강도0}1200-1235. {박무}1705-{박무}{강도0}1800-{박무}{강도1}2100-2245. {연무}2235-2345.,,2020,5,20,132,1,0,0,0
184,제주,2020-05-12,18.5,14.9,2342,25.1,1320,,,,,,,17.3,250,1328,10.1,250,1335,5.0,4355,270,8.9,25,1332,57.9,11.7,1007.7,1014.8,2357,1007.9,1307,1010.1,13.8,11.0,1200,3.59,27.61,,,,,,2.1,1.1,22.0,9.7,20.2,20.9,20.4,19.7,19.3,17.9,15.9,14.8,16.2,6.4,9.1,,{연무}0015-0120. {박무}0110-{박무}{강도1}0300-0548. {연무}0538-{연무}{강도0}0600-0640.,,2020,5,20,133,1,0,1,0
184,제주,2020-05-13,17.0,13.2,0549,20.4,1334,,,,,,,6.2,340,1235,4.1,340,1158,2.1,1821,320,5.5,32,1733,47.4,9.2,1015.7,1019.6,2207,1014.8,0001,1018.1,13.9,12.9,1200,3.69,29.3,,,,,,0.1,0.0,21.6,6.5,20.0,20.7,20.3,19.8,19.4,18.0,16.0,14.9,16.5,5.0,7.1,,,,2020,5,20,134,1,0,0,0
184,제주,2020-05-14,20.2,15.2,0502,25.8,1511,,,,,,,5.5,290,1656,4.0,270,1704,1.5,1317,250,5.8,25,1500,40.4,9.4,1013.4,1019.3,0832,1012.2,2304,1015.8,13.9,6.9,1400,3.42,22.32,,,,,,6.5,2.6,22.9,7.6,20.1,20.8,20.3,19.8,19.5,18.1,16.2,14.8,16.5,4.3,6.1,2.5,,,2020,5,20,135,1,0,1,0
184,제주,2020-05-15,22.1,19.0,2349,27.1,1531,0.9,846,1.7,814,7.83,2.9,14.4,200,1105,8.0,230,1032,3.3,2868,230,17.9,59,0002,78.5,20.7,1005.4,1013.0,0007,1006.0,1752,1007.8,13.9,2.4,1500,1.97,11.26,,,,,,9.4,6.5,21.3,17.4,20.7,21.4,20.8,20.1,19.8,18.2,16.3,14.9,16.4,2.4,3.5,5.7,{비}0325-{비}{강도0}0600-{비}{강도0}0900-1115. {박무}2112-{시정(미만)}{1km}{안개}2313-{시정(미만)}{0.5km}{안개}2337-{안개}{강도1}2400-,0.78,2020,5,20,136,1,0,1,1
184,제주,2020-05-16,16.6,14.0,2234,19.1,0014,1.3,11,2.9,12,3.65,5.3,5.4,290,1737,4.0,290,1737,1.8,1522,290,15.9,85,1622,96.5,18.2,1005.1,1009.0,0917,1005.3,1624,1007.6,13.9,0.3,1600,1.46,8.35,,,,,,10.0,9.6,19.8,15.6,20.6,21.3,20.9,20.4,19.9,18.4,16.6,15.2,16.4,1.2,1.8,,{비}0005-0229. -{안개}-{시정(이상)}{0.5km}{안개}0148-{시정(이상)}{1km}{박무}0213-{박무}{강도2}0300-{시정(미만)}{1km}{안개}0304-{시정(이상)}{1km}{박무}0339-{시정(미만)}{1km}{안개}0514-{시정(미만)}{0.5km}{안개}0550-{안개}{강도1}0600-{시정(이상)}{0.5km}{안개}0641-{시정(이상)}{1km}{박무}0650-{박무}{강도2}0900-{박무}{강도1}1200-{박무}{강도1}1500-{박무}{강도0}1800-{시정(미만)}{1km}{안개}1928- {비}0302-0324. {비}0405-0435. {비}0625-0648. {시정(미만)}{0.5km}{안개}1938-{안개}{강도1}2100-{시정(이상)}{0.5km}{안개}2223-{시정(이상)}{1km}{박무}2230-{박무}{강도1}2400-,7.43,2020,5,20,137,1,0,0,1
184,제주,2020-05-17,17.0,13.6,0322,21.9,1608,,,,,,,7.3,50,1235,5.2,50,1155,2.0,1768,270,14.7,67,1709,87.1,16.7,1003.8,1008.3,0933,1004.4,2349,1006.3,14.0,6.3,1200,2.85,20.25,,,,,,8.3,4.5,20.8,13.3,20.4,21.1,20.6,20.1,19.8,18.7,16.7,15.1,16.5,2.8,4.0,,-{안개}-{시정(미만)}{1km}{안개}0102-{시정(미만)}{0.5km}{안개}0110-{시정(이상)}{0.5km}{안개}0205-{시정(이상)}{1km}{박무}0220-{박무}{강도1}0300-{박무}{강도1}0600-{박무}{강도0}0900-1010. {박무}2310-{박무}{강도0}2400-,1.3,2020,5,20,138,1,0,0,0
184,제주,2020-05-18,19.2,15.9,2355,29.5,1424,0.4,1920,0.4,1830,1.0,0.4,15.2,270,1820,9.5,270,1821,2.6,2222,250,15.8,54,1423,81.6,18.3,998.4,1004.4,0001,995.7,1408,1000.7,14.0,4.0,1400,2.86,16.26,,,,,,7.9,4.6,21.4,11.4,21.0,21.6,21.0,20.4,19.9,18.7,16.7,15.3,16.5,3.6,5.2,0.4,-{박무}-{박무}{강도0}0300-{박무}{강도0}0600-{박무}{강도0}0900-1003. {박무}1810-1933. {비}1835-1935.,,2020,5,21,139,1,0,1,1
184,제주,2020-05-19,17.2,14.4,0451,21.1,1124,,,,,,,19.0,250,0941,12.1,250,1111,5.8,5038,250,10.8,45,0847,67.1,13.0,1002.2,1009.5,2319,1002.0,0524,1004.7,14.0,11.0,1300,3.45,27.3,,,,,,1.3,1.3,19.5,10.6,19.9,20.6,20.6,20.3,20.1,18.8,16.7,15.7,16.3,4.8,6.9,,,,2020,5,21,140,1,0,0,0
184,제주,2020-05-20,16.6,13.8,0352,20.6,1501,,,,,,,7.5,270,1613,5.0,320,1526,3.0,2590,290,11.3,59,1457,71.6,13.4,1009.7,1014.3,2247,1008.9,0106,1012.1,14.0,11.6,1200,3.63,28.86,,,,,,3.6,0.6,21.5,9.6,20.2,20.9,20.5,20.1,19.8,18.8,16.9,15.7,16.3,4.4,6.3,,,,2020,5,21,141,1,0,0,0
184,제주,2020-05-21,18.8,14.5,0452,24.6,1359,,,,,,,11.3,90,1553,7.1,50,1247,3.1,2678,50,12.3,49,1408,66.9,14.3,1012.0,1015.2,0736,1012.8,1549,1014.4,14.0,12.1,1200,3.53,27.53,,,,,,3.1,0.1,22.6,9.2,20.6,21.3,20.9,20.3,19.9,18.7,16.9,15.4,16.6,4.7,6.7,,{햇무리}0915-1135.,,2020,5,21,142,1,0,0,0
184,제주,2020-05-22,19.1,16.3,0308,23.9,1405,,,,,,,13.0,140,1337,7.8,50,1812,4.1,3501,90,13.4,51,1413,70.4,15.4,1009.9,1014.6,0001,1010.2,1708,1012.3,14.1,9.6,1200,3.57,26.41,,,,,,2.4,0.5,23.8,11.2,21.1,21.8,21.3,20.6,20.1,18.8,16.9,15.4,16.7,5.0,7.1,,,,2020,5,21,143,1,0,0,0
184,제주,2020-05-23,19.6,16.1,0503,22.4,1710,,,,,,,10.9,50,1312,6.8,50,1105,2.8,2406,50,14.5,55,0309,73.1,16.7,1009.0,1012.8,2302,1009.8,1742,1011.4,14.1,9.9,1200,3.27,24.83,,,,,,2.5,0.1,23.0,10.8,21.1,21.9,21.4,20.7,20.4,19.0,17.0,15.4,16.5,3.8,5.4,,,,2020,5,21,144,1,0,0,0
184,제주,2020-05-24,20.4,17.9,0636,26.1,1609,,,,,,,9.3,290,1644,5.7,290,1644,2.3,1956,290,16.1,60,1030,77.3,18.5,1009.0,1013.1,2343,1010.0,0506,1011.4,14.1,9.5,1200,3.39,25.13,,,,,,4.5,3.9,24.4,11.8,22.0,22.7,22.0,21.1,20.6,19.1,17.2,15.5,16.6,3.7,5.2,,{박무}1930-{박무}{강도0}2100-{박무}{강도0}2400-,,2020,5,21,145,1,0,1,0
184,제주,2020-05-25,17.7,16.4,0905,20.6,1223,0.0,,0.0,,0.6,0.0,6.4,320,1252,4.6,320,1257,2.0,1770,290,15.0,60,2359,85.5,17.2,1010.1,1013.7,1126,1011.4,1858,1012.5,14.1,0.9,1200,3.03,11.34,,,,,,9.3,6.4,22.1,14.2,22.0,22.8,22.3,21.5,21.0,19.4,17.4,15.7,16.5,2.0,2.8,0.0,-{박무}-{박무}{강도0}0300-{박무}{강도2}0600-{시정(미만)}{1km}{안개}0705-{시정(미만)}{0.5km}{안개}0815-{안개}{강도1}0900- {시정(이상)}{0.5km}{안개}0905- {시정(이상)}{1km}{박무}0915-1150. {비}1608-1644.,2.17,2020,5,22,146,1,0,0,0
184,제주,2020-05-26,18.4,16.5,0408,21.1,1700,0.0,,0.0,,6.03,0.0,6.6,290,1114,4.7,270,1119,2.6,2288,270,12.9,58,0007,71.0,14.9,1008.3,1012.2,1002,1009.4,1756,1010.7,14.1,3.7,1500,2.25,11.88,,,,,,7.3,5.3,20.1,13.2,20.6,21.3,21.3,21.2,21.0,19.6,17.5,16.0,16.4,2.8,3.9,0.0,{박무}0145-0220. {박무}0313-0540. {비}0340-0425. {비}0505-{비}{강도0}0600-0840. {비}0955-1105. {비}1243-1315.,,2020,5,22,147,1,0,0,0
184,제주,2020-05-27,18.2,16.0,0449,21.1,1603,,,,,,,8.5,320,0432,4.6,320,0438,2.8,2420,250,13.2,56,0041,73.0,15.2,1008.2,1011.6,1055,1009.8,0217,1010.6,14.2,7.3,1200,3.34,23.46,,,,,,6.4,3.1,22.6,10.7,21.3,22.0,21.4,20.9,20.7,19.5,17.6,16.1,16.5,3.7,5.3,,{박무}0305-{박무}{강도0}0600-0635.,,2020,5,22,148,1,0,0,0
184,제주,2020-05-28,19.7,15.9,0413,25.0,1029,,,,,,,9.8,250,1058,6.5,270,1100,3.0,2588,270,11.8,28,0843,63.0,14.1,1009.0,1013.8,2306,1009.9,0503,1011.4,14.2,6.8,1000,2.89,21.4,,,,,,5.4,2.8,21.5,9.2,21.1,21.9,21.4,21.1,20.8,19.6,17.6,16.2,16.4,4.3,6.2,,{박무}1905-{박무}{강도0}2100-{박무}{강도0}2400-,,2020,5,22,149,1,0,1,0
184,제주,2020-05-29,18.5,14.7,0535,20.5,1053,,,,,,,5.9,20,1420,4.3,20,1542,2.2,1915,250,14.5,64,2359,78.3,16.6,1013.0,1016.9,2258,1013.4,0326,1015.4,14.2,8.3,1100,2.83,21.98,,,,,,6.6,0.0,22.1,11.6,21.3,22.0,21.6,21.2,20.7,19.6,17.7,16.2,16.5,3.0,4.2,,-{박무}-{박무}{강도0}0300-{박무}{강도0}0600-0729. {햇무리}1033-1224. {박무}2125-2356.,,2020,5,22,150,1,0,0,0
184,제주,2020-05-30,20.0,17.8,0513,23.6,1350,0.3,2317,0.6,2240,7.52,0.6,8.4,50,1218,5.3,50,1216,2.3,1948,50,16.2,55,2117,79.5,18.5,1013.5,1017.7,0739,1013.7,1921,1015.9,14.2,0.0,1300,1.11,7.77,,,,,,9.8,6.1,21.0,15.7,20.9,21.6,21.5,21.3,20.9,19.7,17.7,16.1,16.6,1.7,2.5,4.2,{박무}0050-{박무}{강도0}0300-{박무}{강도0}0600-{박무}{강도1}0900-0945. {비}1425-1440. {비}1529-{비}{강도0}1800-2012. {박무}1648-{박무}{강도0}1800-1937. {비}2048-{비}{강도0}2100-2148. {비}2227-{비}{강도0}2400-,,2020,5,22,151,1,0,0,1
184,제주,2020-05-31,19.7,17.1,0731,23.6,1256,0.3,348,1.1,515,8.63,3.7,12.4,90,1324,6.2,70,1314,3.5,2996,70,17.6,70,1432,88.1,20.1,1008.6,1014.5,0002,1008.7,1836,1011.0,14.2,2.1,1100,3.04,16.42,,,,,,8.9,8.3,21.6,17.1,21.2,21.9,21.4,21.1,20.7,19.7,17.8,15.8,16.6,2.6,3.7,0.5,-{비}-0025. {비}0046-0114. {비}0248-{비}{강도0}0300-{비}{강도0}0600-{비}{강도0}0900-1022. {박무}0405-{박무}{강도1}0600-{박무}{강도0}0900-1040. {박무}1740-{박무}{강도0}1800-1807. {박무}2029-{박무}{강도0}2100-{박무}{강도1}2400- {비}2349-{비}{강도0}2400-,,2020,5,22,152,1,0,0,1
184,제주,2020-06-01,18.7,16.7,2306,21.7,1459,0.2,,0.3,225,1.88,0.4,6.1,290,1521,4.1,270,1205,1.9,1633,270,15.5,58,2358,83.0,17.9,1009.7,1013.7,1237,1010.6,0337,1012.1,14.2,4.1,1400,2.18,13.53,,,,,,6.0,5.9,21.6,10.0,21.5,22.1,21.7,21.3,20.8,19.7,18.0,16.2,16.5,2.7,3.8,,-{비}-0047. {비}0227-{비}{강도0}0300-0333. -{안개}-{시정(미만)}{1km}{안개}0253-{안개}{강도0}0300-{시정(이상)}{1km}{박무}0355-{시정(미만)}{1km}{안개}0454-{안개}{강도0}0600-{시정(이상)}{1km}{박무}0633-{박무}{강도0}0900-0940. {박무}1050-{박무}{강도0}1200-1315.,2.68,2020,6,23,153,0,0,0,1
184,제주,2020-06-02,18.6,15.0,0357,22.5,1052,,,,,,,6.0,20,1346,4.5,20,1606,2.0,1701,20,12.4,42,0319,69.3,15.1,1006.3,1012.3,0001,1006.8,1951,1008.7,14.2,12.2,1200,3.52,28.38,,,,,,2.4,0.0,22.0,7.9,21.1,21.7,21.4,21.0,20.8,19.8,18.1,16.1,16.6,4.2,6.0,,{박무}2304-{박무}{강도0}2400-,,2020,6,23,154,0,0,0,0
184,제주,2020-06-03,20.5,18.1,0021,24.7,1226,0.0,,0.0,,1.05,0.0,6.1,50,1811,3.9,180,1209,1.0,899,20,17.5,66,0330,83.6,20.0,1002.7,1007.0,0001,1003.7,1739,1005.1,14.3,0.0,0900,0.73,5.58,,,,,,9.0,2.1,20.6,14.5,21.2,21.9,21.7,21.4,20.9,19.8,18.1,16.3,16.5,1.3,1.8,0.0,-{박무}-0140. {박무}1235-1327. {박무}1445-{박무}{강도0}1500-1550. {박무}1650-{박무}{강도0}1800-{박무}{강도0}2100-{박무}{강도0}2400- {비}1722-{비}{강도0}1800-1825.,,2020,6,23,155,0,0,0,0
184,제주,2020-06-04,21.2,18.7,0223,25.3,1024,,,,,,,4.9,360,1047,3.8,20,1052,1.4,1203,20,18.7,66,1144,86.4,21.5,1003.5,1008.0,2301,1004.7,0535,1005.9,14.3,7.5,1100,2.76,20.49,,,,,,8.4,2.0,23.9,16.1,22.2,22.8,22.0,21.3,21.0,19.9,18.2,16.5,16.5,3.2,4.6,,-{박무}-{박무}{강도1}0300-{박무}{강도1}0600-{박무}{강도0}0900-0925. {햇무리}1310-1810. {박무}2135-{시정(미만)}{1km}{안개}2303-{시정(미만)}{0.5km}{안개}2308-{시정(미만)}{0.2km}{안개}2310-{시정(이상)}{0.2km}{안개}2325-{시정(이상)}{0.5km}{안개}2335-{시정(이상)}{1km}{박무}2345-{박무}{강도1}2400-,0.7,2020,6,23,156,0,0,1,0
184,제주,2020-06-05,19.9,17.4,0340,24.2,1525,,,,,,,5.5,340,1444,3.2,50,2203,1.4,1216,20,18.6,74,1523,92.9,21.4,1005.5,1009.0,1302,1006.7,0248,1007.9,14.3,4.1,1100,2.13,17.24,,,,,,7.9,2.6,23.4,14.4,22.4,23.1,22.5,21.9,21.2,20.0,18.3,16.6,16.5,2.3,3.3,,{시정(미만)}{1km}{안개}0125-{시정(이상)}{1km}{박무}0138-{박무}{강도0}0300-{시정(미만)}{1km}{안개}0315-{시정(미만)}{0.5km}{안개}0319-{시정(미만)}{0.2km}{안개}0327-{시정(이상)}{0.2km}{안개}0445-{시정(이상)}{0.5km}{안개}0448-{시정(이상)}{1km}{박무}0455-{시정(미만)}{1km}{안개}0545-{시정(미만)}{0.5km}{안개}0550-{시정(이상)}{0.5km}{안개}0555-{시정(이상)}{1km}{박무}0558-{박무}{강도2}0600-0635. {햇무리}0832-1035. {박무}1155-{박무}{강도0}1200-1205. {박무}1309-{시정(미만)}{1km}{안개}1328-{안개}{강도0}1500-{시정(이상)}{1km}{박무}1520-{박무}{강도2}1800-1936. {박무}2315-{박무}{강도0}2400-,3.97,2020,6,23,157,0,0,0,0
184,제주,2020-06-06,21.2,19.2,0101,26.5,1056,,,,,,,11.5,50,1338,7.0,50,1311,3.1,2667,50,18.6,64,1056,85.8,21.5,1006.4,1011.4,2348,1007.4,0416,1008.8,14.3,7.5,1300,2.97,21.63,,,,,,6.8,3.1,25.2,16.3,22.9,23.6,23.0,22.2,21.7,20.2,18.4,16.4,16.6,3.6,5.1,,-{박무}-0245. {박무}0330-0421. {박무}0952-1036. {햇무리}1043-1127. {박무}1213-{박무}{강도0}1500-1652. {햇무리}1237-1339. {박무}2015-{박무}{강도0}2100-{박무}{강도0}2400-,,2020,6,23,158,0,0,1,0
184,제주,2020-06-07,21.3,18.5,0515,23.9,1610,,,,,,,12.1,20,1441,8.1,50,1439,2.9,2535,50,16.9,46,2347,77.5,19.5,1009.5,1013.3,2359,1010.8,1735,1011.9,14.3,11.6,1200,3.29,26.83,,,,,,0.6,0.0,25.8,13.9,23.1,23.9,23.4,22.5,21.9,20.3,18.4,16.5,16.6,4.5,6.4,,-{박무}-{박무}{강도0}0300-{박무}{강도0}0600-0833.,,2020,6,23,159,0,0,0,0
184,제주,2020-06-08,23.4,18.6,0053,29.7,1726,,,,,,,11.5,50,1457,7.6,50,1458,3.0,2635,50,15.7,42,0124,62.8,18.0,1011.4,1015.6,2311,1013.0,0242,1013.8,14.3,13.0,1200,3.51,28.91,,,,,,0.3,0.0,26.0,12.4,23.3,24.1,23.6,22.7,22.2,20.5,18.4,16.2,16.7,5.4,7.7,,,,2020,6,24,160,0,0,1,0
184,제주,2020-06-09,26.7,22.2,0119,30.1,1254,,,,,,,14.9,160,1823,7.3,110,1013,3.6,3137,110,19.3,52,2241,64.1,22.4,1010.8,1015.3,0002,1011.5,1639,1013.2,14.3,11.2,1200,3.59,28.4,,,,,,1.4,1.4,28.3,16.1,24.8,25.5,24.5,23.2,22.5,20.8,18.6,16.6,16.6,6.3,8.9,,,,2020,6,24,161,0,0,1,0
184,제주,2020-06-10,24.7,22.7,1346,28.9,0901,0.3,1233,0.4,,2.02,0.4,8.9,160,0013,4.6,140,0020,1.7,1501,270,20.0,54,0023,76.5,23.5,1006.0,1012.8,0003,1005.3,2352,1008.4,14.3,4.6,0800,2.08,14.34,,,,,,6.5,4.3,25.7,18.2,24.6,25.5,24.9,23.9,23.1,21.0,18.8,17.0,16.5,2.4,3.5,0.4,{비}1007-1050. {비}1126-1132. {비}1222-1245. {비}2030-2043. {비}2229-2240. {비}2313-2338.,,2020,6,24,162,0,0,1,1
184,제주,2020-06-11,24.5,21.6,2354,28.9,1236,0.0,,0.0,,0.22,0.0,9.6,270,0519,5.4,250,0416,3.2,2738,290,21.7,69,1231,85.1,26.0,1001.9,1006.5,2206,1003.0,0445,1004.2,14.4,5.5,1200,3.59,20.12,,,,,,8.0,6.4,28.3,21.4,25.5,26.1,25.1,23.9,23.3,21.4,19.0,17.5,16.7,3.4,4.9,,{비}0038-0051. {박무}1050-1125. {박무}2253- {시정(미만)}{1km}{안개}2345-{안개}{강도0}2400-,0.25,2020,6,24,163,0,0,1,0
184,제주,2020-06-12,22.7,21.1,0105,24.2,1955,0.8,1551,1.1,1544,3.1,1.1,6.7,50,1428,4.4,50,1435,2.2,1870,50,21.2,84,1419,92.1,25.2,1003.0,1007.4,1118,1003.5,2011,1005.4,14.4,0.3,1400,1.64,9.46,,,,,,9.4,6.1,25.7,21.3,24.8,25.5,25.2,24.2,23.6,21.7,19.2,17.3,16.7,1.7,2.4,14.2,{시정(이상)}{1km}{박무}0055-0134. {박무}0205-{박무}{강도0}0300-0308. {비}1210-1245. {비}1342-1442. {비}1544-1715. {박무}1545-1613.,0.92,2020,6,24,164,0,0,0,1
184,제주,2020-06-13,25.6,22.8,0037,29.6,1432,3.7,535,8.0,504,13.12,24.3,15.6,230,0412,7.5,230,0406,3.1,2649,250,23.4,72,0303,88.5,28.8,1003.2,1007.2,1031,1002.8,0127,1005.6,14.4,0.3,1400,1.73,7.18,,,,,,10.0,6.8,25.4,22.0,24.5,25.2,24.7,24.0,23.7,21.8,19.3,17.9,17.0,1.8,2.6,11.5,{비}0049-0132. {비}0408-{비}{강도1}0600-{비}{강도0}0900-{비}{강도0}1200-1315. {박무}0514-{박무}{강도0}0600-0605. {비}1626-1632. {비}1755-{비}{강도0}1800-{비}{강도0}2100-2106. {박무}2213-2350.,,2020,6,24,165,0,0,1,1
184,제주,2020-06-14,24.2,20.8,2152,27.7,0711,10.4,1102,19.9,1051,5.47,26.0,13.7,270,0501,7.5,250,0510,4.5,3861,250,22.7,73,0658,91.9,27.6,1005.0,1010.4,2207,1004.7,0411,1007.4,14.4,0.0,1200,1.15,5.74,,,,,,9.9,7.0,24.3,21.3,24.4,25.1,24.7,24.2,23.7,22.0,19.6,18.0,17.0,1.2,1.7,25.7,{비}0510-0518. {비}0805-{비}{강도0}0900-{비}{강도2}1200-1234. {박무}1034-1153. {비}1355-1425. {박무}1615-{박무}{강도1}1800-1843. {비}1713-1734. {박무}2125-{박무}{강도1}2400-,,2020,6,24,166,0,0,1,1
184,제주,2020-06-15,22.2,20.2,0626,25.0,1223,,,,,,,5.1,320,1534,3.5,360,1436,2.3,2018,250,19.7,68,2359,86.3,23.0,1006.4,1010.1,0245,1007.3,1810,1008.8,14.4,4.4,1200,3.42,19.77,,,,,,7.8,3.8,25.5,18.9,24.5,25.3,24.7,24.0,23.7,22.2,19.9,18.0,16.9,3.5,5.1,,-{박무}-{박무}{강도1}0300-{박무}{강도0}0600-0816.,,2020,6,25,167,0,0,1,0
184,제주,2020-06-16,23.3,21.4,0148,26.9,1259,,,,,,,5.8,320,1411,4.4,320,1331,2.5,2132,290,20.1,64,0010,82.8,23.5,1004.8,1008.7,0751,1005.7,1624,1007.2,14.4,8.9,1200,3.48,25.88,,,,,,7.1,1.1,25.4,18.3,25.1,26.0,25.2,24.3,23.7,22.3,20.1,18.1,16.8,4.0,5.7,0.0,{박무}1812-{박무}{강도0}2100-{박무}{강도1}2400-,,2020,6,25,168,0,0,1,0
184,제주,2020-06-17,20.9,18.3,2256,23.2,0916,4.0,2108,8.6,1811,14.88,30.9,5.4,50,1530,4.2,20,0904,1.8,1594,20,19.3,68,1548,91.0,22.4,1003.6,1007.9,1112,1004.7,2353,1006.0,14.4,0.0,0800,0.96,6.49,,,,,,9.9,6.0,23.2,18.2,24.2,25.0,25.0,24.7,24.2,22.6,20.3,17.9,16.8,1.1,1.6,69.8,{비}0049-0110. -{박무}-{박무}{강도1}0300-{박무}{강도0}0600-{박무}{강도0}0900-{박무}{강도0}1200-1245. {비}0441-0518. {비}1005-{비}{강도0}1200-{비}{강도0}1500-{비}{강도1}1800-{비}{강도1}2100-{비}{강도0}2400- {박무}1725-{박무}{강도0}1800-{박무}{강도0}2100-2306.,,2020,6,25,169,0,0,0,1
184,제주,2020-06-18,19.5,18.3,0650,22.5,1316,6.4,947,17.6,617,16.52,49.3,12.8,70,0707,7.4,50,0413,4.2,3617,70,18.8,87,1319,95.8,21.7,998.0,1004.6,0001,997.4,1651,1000.4,14.4,0.0,1200,0.86,3.72,,,,,,10.0,7.3,20.2,17.7,21.2,22.1,22.6,23.5,24.0,23.4,20.8,17.2,17.0,0.8,1.2,19.7,-{비}-{비}{강도0}0300-{비}{강도1}0600-{소나기}0640-{비}0735-0820. {박무}0350-0513. {박무}0623-0715. {비}0928-{소나기}0935-{비}0955-1008. {박무}0945-1015. {박무}1425-{박무}{강도0}1500-1525. {비}1437-{비}{강도0}1500-{비}{강도0}1800-{비}{강도0}2100-{안개비}2115-2208. {박무}1745-{박무}{강도0}1800-1809. {박무}1936-{박무}{강도0}2100-2213. {박무}2345-{박무}{강도0}2400-,,2020,6,25,170,0,0,0,1
184,제주,2020-06-19,19.9,18.3,0556,22.6,1325,0.5,352,2.2,355,11.58,11.4,8.9,70,0256,4.7,70,0231,2.1,1848,20,18.4,76,1327,91.8,21.2,1004.7,1011.7,2342,1000.5,0018,1007.1,14.4,4.3,1500,2.65,13.7,,,,,,7.0,3.3,22.4,16.2,21.7,22.4,22.3,22.7,23.1,22.9,20.9,17.3,16.9,2.4,3.4,2.1,{안개비}0033-{비}0223-{비}{강도0}0300-{비}{강도0}0600-{비}{강도0}0900-{비}{강도0}1200-1208. -{박무}-{박무}{강도2}0300-{박무}{강도2}0600-{박무}{강도1}0900-{박무}{강도1}1200-1255.,,2020,6,25,171,0,0,0,1
184,제주,2020-06-20,21.9,19.7,0001,24.9,0937,,,,,,,11.7,50,1324,6.8,50,1320,3.0,2564,50,18.0,70,1848,78.9,20.7,1008.2,1012.4,0852,1009.2,1847,1010.6,14.4,9.3,1200,3.4,25.41,,,,,,7.0,0.3,24.0,17.2,22.9,23.7,23.2,22.9,22.9,22.7,21.1,17.5,16.8,4.0,5.7,,,,2020,6,25,172,0,0,0,0
184,제주,2020-06-21,21.8,20.1,0538,24.3,1135,,,,,,,12.2,50,1508,7.3,50,1502,4.0,3415,50,18.4,68,1130,81.8,21.1,1005.5,1009.5,0043,1006.2,1500,1007.9,14.4,10.2,1200,3.62,24.82,,,,,,3.8,2.4,24.5,17.5,23.6,24.4,24.1,23.5,23.3,22.7,21.0,17.4,16.8,4.1,5.9,,,,2020,6,25,173,0,0,0,0
184,제주,2020-06-22,22.7,20.1,0044,28.9,1616,,,,,,,13.5,50,1256,7.8,50,1308,3.0,2561,50,19.5,59,1619,82.6,22.6,1006.4,1010.8,2303,1007.2,1557,1008.8,14.4,11.0,1200,3.6,28.6,,,,,,1.8,1.0,25.7,16.1,24.1,24.9,24.5,23.9,23.7,22.7,20.9,17.5,16.8,4.7,6.7,,{박무}0415-{박무}{강도0}0600-0613. {박무}2230-2348.,,2020,6,26,174,0,0,1,0
184,제주,2020-06-23,25.6,20.0,0457,30.9,1022,,,,,,,10.2,70,0855,4.4,320,1459,1.6,1408,320,18.7,45,1023,66.6,21.7,1005.7,1010.4,0001,1006.0,2355,1008.0,14.4,9.5,1100,3.44,24.46,,,,,,4.3,1.1,26.1,16.7,25.0,25.9,25.3,24.4,24.1,22.8,20.9,17.9,16.8,4.5,6.4,0.9,{박무}0127-0225. {햇무리}1340-1640.,,2020,6,26,175,0,0,1,0
184,제주,2020-06-24,24.9,21.9,0954,27.1,1207,8.5,1440,23.3,1415,7.52,38.3,7.6,360,0917,4.2,20,1411,2.0,1702,270,21.5,52,0131,83.1,25.9,1001.0,1006.0,0001,1001.5,1704,1003.4,14.4,0.0,1100,0.66,3.81,,,,,,9.8,7.3,23.4,20.2,24.4,25.3,25.2,24.8,24.5,23.0,21.1,18.6,17.0,0.9,1.3,38.0,{비}0825-{비}{강도0}0900-1040. {박무}0940-1036. {비}1141-{비}{강도0}1200-1206. {비}1230-{비}{강도2}1500-1611. {박무}1248-{박무}{강도2}1500-1606. {비}2105-2134. {박무}2130-{박무}{강도0}2400- {비}2241-2322.,,2020,6,26,176,0,0,1,1
184,제주,2020-06-25,22.9,21.6,2339,24.9,1100,2.0,1549,8.4,1508,10.68,14.2,8.2,270,1350,4.9,270,1423,2.2,1870,250,21.7,86,2315,93.3,26.1,1001.8,1007.1,2301,1002.6,0232,1004.2,14.4,0.0,1100,0.8,4.71,,,,,,9.6,5.5,23.6,20.7,24.2,25.2,24.7,24.6,24.5,23.4,21.4,18.9,17.0,1.4,2.0,13.6,{비}0033-0048. {비}0254-{비}{강도0}0300-0308. -{박무}-{박무}{강도0}0300-{박무}{강도1}0600-{박무}{강도2}0900-{박무}{강도1}1200-1250. {비}0505-0527. {비}0613-{비}{강도0}0900-{비}{강도0}1200-1230. {박무}1353-{박무}{강도1}1500-1705. {비}1405-{비}{강도0}1500-1738.,,2020,6,26,177,0,0,0,1
184,제주,2020-06-26,22.9,20.7,0539,25.4,1737,,,,,,,5.4,270,0318,3.4,20,1322,2.2,1935,20,19.5,63,1646,82.0,22.7,1005.9,1009.8,0902,1005.9,0037,1008.3,14.4,12.1,1200,3.55,29.06,,,,,,1.9,0.4,25.9,18.7,24.8,,25.0,24.4,24.5,23.5,21.6,19.3,17.1,4.5,6.4,,{박무}0044-{박무}{강도0}0300-0410.,,2020,6,26,178,0,0,1,0
184,제주,2020-06-27,23.1,20.8,0538,26.8,1145,0.1,,0.1,,1.52,0.1,8.1,50,1429,5.3,50,1330,2.3,2004,50,21.2,75,1146,89.9,25.2,1002.5,1007.9,0001,1002.6,1632,1004.9,14.4,4.3,1000,2.5,15.58,,,,,,8.8,5.3,24.7,19.7,25.1,27.3,25.7,25.1,24.6,23.4,21.6,18.8,16.9,2.7,3.8,0.1,{박무}0125-{박무}{강도0}0300-{박무}{강도0}0600-{박무}{강도0}0900-0952. {비}1644-{비}{강도0}1800-1815. {박무}1705-{박무}{강도0}1800-{박무}{강도0}2100-{박무}{강도2}2400-,,2020,6,26,179,0,0,1,1
184,제주,2020-06-28,23.5,20.5,2400,28.7,0955,,,,,,,6.4,270,1553,4.8,270,1610,2.1,1856,290,19.7,53,0942,80.4,23.0,1003.5,1007.6,2205,1003.7,0130,1005.9,14.4,6.3,1100,3.25,20.95,,,,,,8.1,3.3,25.2,19.7,25.4,27.6,25.9,25.2,24.9,23.5,21.6,19.4,17.1,3.3,4.7,0.6,-{박무}-0155. {박무}1625-{박무}{강도0}1800-{박무}{강도0}2100-{박무}{강도1}2400-,,2020,6,26,180,0,0,1,0
184,제주,2020-06-29,23.2,19.1,0339,27.6,1618,10.3,1313,18.9,1246,10.55,25.1,27.2,230,2215,12.8,230,2257,3.2,2798,270,20.8,67,1618,87.4,24.6,997.3,1006.5,0003,990.7,2142,999.7,14.4,0.0,1100,0.77,4.05,,,,,,9.8,6.5,23.0,18.5,24.2,26.4,25.3,25.3,25.1,23.5,21.7,19.4,17.1,1.8,2.6,24.5,-{안개}-{시정(미만)}{1km}{안개}0145-{시정(미만)}{0.5km}{안개}0152-{시정(미만)}{0.2km}{안개}0155-{시정(이상)}{0.2km}{안개}0245-{시정(이상)}{0.5km}{안개}0253-{안개}{강도0}0300-{시정(미만)}{0.5km}{안개}0330-{시정(이상)}{0.5km}{안개}0405-{시정(이상)}{1km}{박무}0420-{박무}{강도0}0600-{박무}{강도0}0900-0945. {비}0627-0805. {비}1030-{비}{강도0}1200-{비}{강도0}1500-{비}{강도0}1800-1925.,2.58,2020,6,27,181,0,0,1,1
184,제주,2020-06-30,21.8,20.0,2312,24.0,1329,0.0,,0.0,,3.72,0.0,21.9,250,0012,12.8,250,0217,7.0,6040,270,18.9,73,1300,84.3,21.9,997.0,1003.9,2400,992.4,0021,999.4,14.4,2.2,1300,3.02,15.77,,,,,,9.0,8.1,23.4,19.3,23.6,25.7,24.4,24.6,24.8,23.6,21.8,20.3,18.6,3.1,4.4,0.0,{비}0605-0618. {비}0731-{비}{강도0}0900-1023. {박무}0738-{박무}{강도0}0900-1014. {비}2232-2310.,,2020,6,27,182,0,0,0,0
184,제주,2020-07-01,22.6,19.7,0525,26.8,1339,,,,,,,8.0,270,0017,4.9,270,0032,2.9,2501,290,17.4,53,1339,73.1,19.9,1004.4,1010.1,2317,1003.6,0240,1006.8,14.3,10.8,1200,3.55,28.25,,,,,,2.6,1.6,25.3,17.4,24.5,26.6,24.9,24.4,24.5,23.5,22.0,20.2,17.6,5.1,7.3,,,,2020,7,27,183,0,0,1,0
184,제주,2020-07-02,23.0,20.2,0512,25.2,1207,,,,,,,7.8,50,1539,5.0,50,1546,2.2,1900,20,16.3,53,1200,66.4,18.5,1008.4,1012.1,2157,1009.2,0244,1010.8,14.3,3.0,1100,2.42,16.53,,,,,,7.8,3.5,23.5,15.8,24.3,26.1,25.1,24.8,24.6,23.5,22.0,19.9,17.2,3.1,4.4,0.7,{햇무리}0950-1050.,,2020,7,27,184,0,0,1,0
184,제주,2020-07-03,21.4,19.7,2042,23.8,0034,1.5,1115,4.4,1053,15.63,17.0,12.2,140,1424,6.4,50,1453,3.6,3102,70,20.3,63,0037,93.8,23.7,1005.7,1011.5,0001,1005.1,1430,1008.1,14.3,0.0,1200,0.7,4.31,,,,,,10.0,6.9,22.3,19.7,23.4,24.1,24.5,24.7,24.7,23.5,21.8,18.9,17.3,0.9,1.3,16.7,{비}0034-0047. {박무}0244-{박무}{강도0}0300-0305. {비}0345-0412. {박무}0534-{박무}{강도0}0600-{박무}{강도0}0900-{박무}{강도0}1200-1210. {비}0547-{비}{강도0}0600-{비}{강도0}0900-{비}{강도1}1200-{비}{강도1}1500-1535. {박무}1350-1445. {비}1850-{비}{강도0}2100-{비}{강도0}2400- {박무}1935-2030. {박무}2204-{박무}{강도0}2400-,,2020,7,27,185,0,0,0,1
184,제주,2020-07-04,20.2,19.5,0817,21.7,1355,0.2,,0.2,,4.6,0.4,9.0,50,0230,4.7,50,1154,2.7,2304,50,18.8,82,1356,91.6,21.6,1004.9,1008.3,1107,1005.9,0248,1007.3,14.3,0.0,1000,1.15,7.13,,,,,,9.9,8.0,22.3,19.7,22.7,23.4,23.7,24.0,24.3,23.5,21.8,18.9,17.2,1.4,2.0,0.0,-{비}-0035. -{박무}-{박무}{강도0}0300-{박무}{강도0}0600-0740. {비}0320-0438. {비}0808-0840. {안개비}1140-1155. {안개비}1230-1245. {비}1430-1453. {비}1533-1615. {박무}1555-1635. {비}1903-1939. {박무}2320-{박무}{강도0}2400-,,2020,7,27,186,0,0,0,1
184,제주,2020-07-05,21.2,19.2,0444,24.2,1333,,,,,,,4.9,20,1106,3.6,50,1113,1.4,1211,20,19.9,82,1336,93.3,23.3,1002.2,1007.9,0003,1002.4,1846,1004.6,14.3,0.5,1300,2.03,12.58,,,,,,9.5,6.5,23.7,19.2,23.3,24.2,23.8,23.8,23.8,23.4,21.9,19.3,17.1,1.9,2.7,14.2,-{박무}-{박무}{강도0}0300-{박무}{강도2}0600-{박무}{강도0}0900-0910. {박무}2035-{박무}{강도0}2100-{박무}{강도0}2400-,,2020,7,27,187,0,0,0,0
184,제주,2020-07-06,22.5,20.7,0546,26.1,1544,4.0,633,11.0,556,9.82,15.7,10.2,50,1705,6.2,20,1709,1.5,1287,20,21.6,83,1545,95.5,25.9,999.2,1004.1,2350,998.2,0650,1001.6,14.3,0.0,1100,0.86,6.47,,,,,,9.4,6.5,23.6,20.6,23.6,24.4,24.2,24.0,23.9,23.3,22.0,19.4,17.2,1.3,1.9,26.1,{비}0044-{비}{강도0}0300-0330. -{박무}-{박무}{강도1}0300-{박무}{강도2}0600-0655. {비}0420-{비}{강도0}0600-0710. {박무}0920-1045. {박무}1255-1315. {비}1328-1407. {비}1503-1637. {비}1935-{비}{강도0}2100-2135. {박무}2005-{박무}{강도0}2100-2350.,,2020,7,28,188,0,0,1,1
184,제주,2020-07-07,22.5,21.2,2238,25.5,1012,6.6,506,17.8,503,9.15,35.1,6.3,290,0004,3.8,270,0010,1.8,1548,250,21.6,80,1012,95.5,25.8,1002.5,1006.9,2250,1003.0,1432,1004.9,14.3,3.4,0900,2.38,9.14,,,,,,8.1,4.8,23.2,20.6,23.5,24.4,24.1,24.0,24.0,23.4,22.1,19.6,17.2,1.4,2.0,10.5,{박무}0215-{박무}{강도0}0300-{박무}{강도2}0600-0650. {비}0347-{소나기}0502-{비}0555-{비}{강도2}0600-0645. {비}1057-{비}{강도0}1200-{비}{강도0}1500-1708. {박무}1152-{박무}{강도0}1200-1335. {박무}2015-{박무}{강도0}2100-{시정(미만)}{1km}{안개}2205-{시정(미만)}{0.5km}{안개}2216-{시정(이상)}{0.5km}{안개}2310-{시정(이상)}{1km}{박무}2317-{박무}{강도0}2400-,1.2,2020,7,28,189,0,0,1,1
184,제주,2020-07-08,22.3,20.0,0553,25.6,1414,,,,,,,4.9,50,1224,3.2,320,1322,1.9,1668,360,20.5,72,1418,90.3,24.1,1003.4,1006.9,0018,1004.2,1802,1005.8,14.3,7.4,1200,3.23,22.85,,,,,,7.8,5.0,26.0,20.1,24.6,25.7,24.7,24.2,24.0,23.4,22.2,20.1,17.3,3.5,5.0,,-{박무}-0013. {박무}0223-{박무}{강도0}0300-{시정(미만)}{1km}{안개}0505-{안개}{강도0}0600-{시정(이상)}{1km}{박무}0614-0805. {박무}1724-{박무}{강도0}1800-{박무}{강도0}2100-{박무}{강도1}2400-,1.15,2020,7,28,190,0,0,1,0
184,제주,2020-07-09,23.2,20.9,0253,27.6,1103,0.9,2051,2.0,2313,2.82,2.0,10.1,50,1336,6.1,50,1332,2.1,1855,50,21.7,73,1055,91.9,26.0,1000.3,1004.8,0001,1001.0,2347,1002.7,14.3,1.8,1100,2.68,15.28,,,,,,8.4,7.0,25.0,19.2,24.8,25.8,25.4,24.8,24.5,23.4,22.1,19.6,17.3,2.3,3.3,18.4,-{박무}-{박무}{강도1}0300-{박무}{강도0}0600-{박무}{강도0}0900-1035. {박무}1215-{박무}{강도0}1500-{박무}{강도0}1800-{박무}{강도1}2100-{박무}{강도0}2400- {비}2013-{비}{강도0}2100-2208. {비}2306-{비}{강도0}2400-,,2020,7,28,191,0,0,1,1
184,제주,2020-07-10,25.6,21.9,0030,29.8,1159,6.5,139,7.5,113,6.22,16.4,12.9,270,1224,7.2,270,1236,3.3,2885,270,23.4,71,1153,88.3,28.8,999.0,1005.7,2306,998.2,0322,1001.4,14.2,7.5,1100,3.33,23.16,,,,,,6.5,5.5,27.1,21.8,25.7,26.8,25.9,25.1,24.8,23.5,22.1,20.1,17.4,3.9,5.6,0.0,-{소나기}-{소나기}0017-{비}0041-{소나기}0115-{비}0204-{비}{강도0}0300-{비}{강도0}0600-0613. -{박무}-0234. {박무}1939-{박무}{강도0}2100-{박무}{강도1}2400-,,2020,7,28,192,0,0,1,1
184,제주,2020-07-11,23.3,22.5,0320,25.8,1352,0.0,,0.0,,0.2,0.0,7.7,250,0444,4.4,270,0450,2.2,1892,270,21.3,75,1119,88.9,25.4,1005.4,1009.8,2144,1005.3,0032,1007.8,14.2,0.1,1300,1.74,11.51,,,,,,8.6,5.8,24.9,21.1,25.6,26.5,26.1,25.5,25.2,23.7,22.2,20.4,17.8,2.0,2.9,3.8,-{박무}-{박무}{강도0}0300-{박무}{강도0}0600-0855. {비}0820-0832. {박무}2304-{박무}{강도0}2400-,,2020,7,28,193,0,0,1,0
184,제주,2020-07-12,24.6,22.6,0036,26.5,1640,2.7,710,3.3,632,9.38,4.3,11.2,70,1431,6.3,50,1547,2.6,2262,70,22.6,80,1645,89.4,27.4,1004.8,1009.7,0930,1004.3,2400,1007.2,14.2,0.0,1600,1.02,7.76,,,,,,10.0,6.8,24.8,22.3,25.0,25.8,25.6,25.4,25.3,23.8,22.2,19.7,17.5,1.6,2.3,1.3,{비}0002-0125. -{박무}-0220. {비}0430-0520. {박무}0520-{박무}{강도0}0600-0725. {비}0603-{비}{강도0}0900-{비}{강도0}1200-1230. {비}2250-2303. {비}2330-{비}{강도0}2400-,,2020,7,28,194,0,0,1,1
184,제주,2020-07-13,25.6,22.6,2344,30.6,1302,0.3,603,0.5,1726,10.45,1.5,17.1,230,1342,9.7,250,1343,5.7,4951,250,23.1,67,1306,86.9,28.5,1000.1,1004.3,0001,1001.1,0416,1002.5,14.2,0.7,1200,2.44,12.7,,,,,,10.0,6.1,25.8,21.4,25.4,26.3,25.8,25.4,25.3,23.9,22.2,20.6,18.1,3.0,4.3,0.8,-{비}-0108. {비}0430-{비}{강도0}0600-0625. {비}0706-0840. {비}0933-1033. {비}1350-{비}{강도0}1500-{비}{강도0}1800-1835. {비}2220-2225.,,2020,7,29,195,0,0,1,1
184,제주,2020-07-14,21.6,19.8,2150,23.6,1429,0.3,2145,0.3,2130,4.63,0.5,11.6,250,1025,6.9,250,0057,4.8,4173,270,19.1,75,1520,85.8,22.1,1002.6,1006.8,2236,1003.2,0244,1005.0,14.2,0.2,1400,1.64,11.82,,,,,,9.9,7.1,23.7,19.7,24.3,25.1,25.2,25.2,25.2,23.9,22.4,21.2,18.9,2.2,3.1,0.4,{비}0250-0255. {비}0315-0325. {비}0616-0625. {비}0733-0750. {비}0820-0830. {비}1140-{비}{강도0}1200-1237. {비}1935-1955. {비}2130-{비}{강도0}2400- {박무}2255-2340.,,2020,7,29,196,0,0,0,1
184,제주,2020-07-15,21.6,20.2,0031,24.6,1400,0.0,,0.0,,2.23,0.0,6.7,320,1232,4.1,270,0229,2.8,2380,270,18.9,72,1638,85.0,21.8,1004.3,1007.6,2149,1005.6,0240,1006.7,14.2,4.5,1300,3.09,14.87,,,,,,8.1,6.6,23.7,18.7,24.0,24.9,24.7,24.8,24.9,24.0,22.4,20.9,18.0,2.6,3.8,0.4,-{비}-0050. {비}0245-0250. {비}0520-0534. {비}0815-{비}{강도0}0900-0910. {비}1145-1155.,,2020,7,29,197,0,0,0,0
184,제주,2020-07-16,22.2,20.2,0643,24.5,1150,0.3,658,0.4,627,0.88,0.4,8.8,50,1332,6.4,50,1318,2.8,2378,50,18.8,69,2130,81.3,21.7,1004.9,1009.0,2359,1005.9,1807,1007.3,14.1,7.6,1200,3.4,22.85,,,,,,5.1,3.6,24.9,17.8,24.5,25.4,25.0,24.7,24.7,23.8,22.4,20.3,17.8,4.0,5.8,,{박무}0620-0709. {비}0627-0720.,,2020,7,29,198,0,0,0,1
184,제주,2020-07-17,23.1,20.1,0349,25.8,1438,,,,,,,8.6,50,1340,6.1,50,1339,2.8,2428,50,17.5,53,1808,71.4,20.1,1006.7,1009.9,0805,1008.3,0216,1009.1,14.1,11.6,1200,3.52,28.14,,,,,,3.8,1.1,25.7,17.2,24.9,25.9,25.5,25.1,24.9,23.8,22.4,19.9,17.7,4.8,6.8,0.1,,,2020,7,29,199,0,0,1,0
184,제주,2020-07-18,24.2,20.7,0221,26.7,1357,0.1,,0.1,,4.98,0.2,8.7,110,1551,5.1,50,0657,1.7,1480,180,19.5,62,1358,75.4,22.7,1005.5,1009.3,0001,1006.2,1453,1007.9,14.1,0.0,1200,1.14,7.87,,,,,,9.3,4.4,23.7,17.9,24.5,25.3,25.3,25.3,25.2,23.8,22.4,20.0,17.8,1.8,2.5,0.1,{비}0640-0745. {비}0841-{비}{강도0}0900-1050. {비}1150-{비}{강도0}1200-1335.,,2020,7,29,200,0,0,1,1
184,제주,2020-07-19,29.1,23.0,0237,34.3,1442,0.0,,0.0,,0.22,0.0,20.3,200,2325,10.7,200,2358,3.2,2789,200,22.8,48,1439,70.8,27.8,1003.0,1007.4,0001,1003.8,1543,1005.3,14.1,3.3,1400,2.93,15.39,,,,,,7.8,3.0,27.0,21.6,25.4,26.6,25.7,25.2,25.1,23.9,22.5,20.4,17.9,5.2,7.4,0.0,{비}1040-1053.,,2020,7,29,201,0,0,1,0
184,제주,2020-07-20,26.4,22.8,2325,29.9,0004,0.5,2127,1.1,2057,3.95,1.2,18.0,180,0248,12.1,200,0125,4.2,3635,230,23.4,69,0003,84.1,28.8,1006.4,1011.9,2238,1005.0,0003,1008.8,14.1,3.8,1000,2.57,13.71,,,,,,8.9,6.4,26.5,22.8,26.3,27.3,26.5,25.8,25.4,23.9,22.5,21.3,19.0,2.2,3.1,5.6,{비}0203-0250. {비}0746-0759. {무지개}0750-0810. {비}2030-{비}{강도0}2100-2215. {박무}2120-{박무}{강도1}2400- {비}2248-{비}{강도0}2400-,,2020,7,30,202,0,0,1,1
184,제주,2020-07-21,24.6,22.6,0354,27.2,1749,0.9,248,3.5,228,5.07,4.4,6.9,50,1547,4.6,50,1554,1.6,1393,50,22.6,77,1519,89.4,27.5,1009.6,1013.5,1221,1010.7,1730,1012.0,14.1,0.9,1500,2.21,12.5,,,,,,9.8,6.3,26.6,22.5,26.0,26.8,26.4,26.0,25.6,24.2,22.6,20.4,17.9,2.5,3.6,0.0,-{비}-{비}{강도0}0300-0437. -{박무}-{박무}{강도0}0300-{박무}{강도0}0600-0625. {박무}0745-{박무}{강도0}0900-0905. {비}0915-0925. {비}2203-2210. {비}2305-2315.,,2020,7,30,203,0,0,1,1
184,제주,2020-07-22,26.8,23.8,1357,30.4,1150,0.0,,0.0,,0.6,0.0,10.4,250,0907,6.6,290,1218,2.8,2448,20,24.1,72,1028,85.8,30.0,1008.0,1011.8,0005,1009.8,0800,1010.4,14.0,2.1,1100,2.67,15.0,,,,,,9.8,6.1,27.0,23.7,26.5,27.6,26.8,26.2,25.7,24.2,22.7,21.0,18.4,2.4,3.4,6.7,{비}0150-0205. {비}0453-0504. {박무}1325-1435. {비}1340-1350. {박무}2255-{박무}{강도0}2400-,,2020,7,30,204,0,0,1,0
184,제주,2020-07-23,26.5,23.6,0251,30.5,1609,2.8,822,5.3,743,8.7,9.2,17.7,230,2253,10.5,230,2325,4.3,3693,250,23.1,57,1206,82.8,28.3,1002.2,1010.2,0001,1000.6,1843,1004.6,14.0,0.0,1500,1.15,6.89,,,,,,9.4,6.4,25.5,22.3,26.0,26.8,26.6,26.3,26.0,24.4,22.9,20.9,18.0,2.9,4.2,4.4,-{박무}-0145. {박무}0235-{박무}{강도0}0300-0555. {비}0618-{비}{강도1}0900-0935. {박무}0812-{박무}{강도0}0900-0905. {비}1229-1305. {비}1524-{비}{강도0}1800-2013.,,2020,7,30,205,0,0,1,1
184,제주,2020-07-24,23.0,21.3,1729,25.1,1204,1.1,651,1.9,635,8.8,2.4,16.6,230,0030,9.9,250,0946,6.6,5682,250,20.1,74,1152,84.3,23.5,997.8,1002.4,2300,998.4,1508,1000.2,14.0,1.6,1100,1.85,12.22,,,,,,9.6,8.3,24.5,20.3,24.8,25.6,25.8,26.0,26.0,24.4,22.9,21.7,19.4,2.3,3.3,0.5,{비}0007-0033. {비}0507-{비}{강도0}0600-0740. {박무}0645-0741. {비}0921-0931. {비}1004-{비}{강도0}1200-1405. {비}1606-1731. {박무}1645-1745. {비}2347-{비}{강도0}2400-,,2020,7,30,206,0,0,1,1
184,제주,2020-07-25,23.7,21.2,0127,26.6,1505,0.0,,0.0,,6.35,0.0,13.3,270,0216,6.7,270,0235,4.5,3847,250,19.7,61,1731,79.5,23.0,1002.2,1007.5,2204,1002.1,0104,1004.6,14.0,4.2,1400,2.61,17.2,,,,,,5.6,5.1,24.9,19.0,24.5,25.4,25.3,25.3,25.6,24.5,23.0,21.7,19.0,3.6,5.2,,-{비}-0125. {비}0210-{비}{강도0}0300-0503. {박무}0220-{박무}{강도0}0300-0508. {비}0610-0813. {박무}0627-0710.,,2020,7,30,207,0,0,1,0
184,제주,2020-07-26,23.4,20.7,0544,25.5,1433,,,,,,,8.6,20,1524,5.8,20,1545,2.4,2056,20,20.1,72,1337,82.0,23.6,1005.4,1008.5,0915,1006.5,0359,1007.8,13.9,9.8,1200,3.47,24.68,,,,,,4.1,0.6,26.1,16.7,25.1,26.0,25.6,25.3,25.4,24.4,23.1,21.0,18.3,3.8,5.4,0.7,,,2020,7,30,208,0,0,1,0
184,제주,2020-07-27,24.8,22.6,0512,27.9,2215,10.7,1503,36.0,1500,9.82,71.5,8.7,70,0936,4.5,70,1227,1.9,1652,50,23.2,78,2215,91.8,28.6,1004.9,1008.2,0001,1005.9,1806,1007.3,13.9,0.0,1200,0.77,3.9,,,,,,9.9,6.5,24.3,20.9,24.9,25.7,25.6,25.7,25.6,24.4,23.0,20.8,18.2,1.3,1.8,72.8,{박무}0125-{박무}{강도0}0300-0322. {비}0352-0542. {박무}0511-{박무}{강도0}0600-{박무}{강도0}0900-{박무}{강도0}1200-1215. {비}0604-0619. {비}0812-{비}{강도0}0900-{비}{강도1}1200-1205. {비}1345-{비}{강도2}1500-1639. {박무}1355-{박무}{강도1}1500-1615. {비}2303-{비}{강도0}2400-,,2020,7,31,209,0,0,1,1
184,제주,2020-07-28,28.7,25.1,0001,33.8,1228,1.2,446,1.8,440,3.07,2.0,10.2,250,0407,5.9,250,1136,2.7,2371,250,24.5,55,1223,79.1,30.8,1007.7,1012.1,2341,1007.7,0004,1010.1,13.9,6.5,1200,2.71,20.31,,,,,,7.8,4.6,27.9,23.7,26.1,27.3,26.2,25.6,25.6,24.7,23.3,21.7,18.9,4.1,5.8,,-{비}-0108. {비}0434-0553. {비}0711-0748.,,2020,7,31,210,0,0,1,1
184,제주,2020-07-29,27.9,25.7,0549,30.9,1257,0.5,1222,0.5,1132,0.78,0.5,7.3,50,1412,4.9,20,1429,1.8,1545,50,25.0,73,1624,84.6,31.6,1010.4,1014.0,2113,1011.3,0409,1012.7,13.9,6.8,1200,2.59,19.54,,,,,,6.3,4.8,28.7,22.9,27.4,28.5,27.5,26.5,26.1,24.8,23.4,21.3,18.4,3.6,5.1,0.5,{비}1148-{비}{강도0}1200-1235.,,2020,7,31,211,0,0,1,1
184,제주,2020-07-30,27.8,25.4,0452,31.0,1502,,,,,,,5.9,50,1251,4.6,50,1246,1.8,1544,20,24.7,68,1505,83.8,31.2,1012.3,1015.5,1047,1013.8,0001,1014.7,13.8,7.7,1200,3.11,20.44,,,,,,5.3,2.8,28.7,23.0,28.0,29.2,28.3,27.2,26.7,25.0,23.4,21.0,18.3,3.7,5.3,,,,2020,7,31,212,0,0,1,0
184,제주,2020-07-31,26.9,25.1,0502,29.5,1442,,,,,,,7.8,50,1105,5.5,50,1132,1.9,1608,20,24.6,78,1212,87.6,31.0,1012.3,1016.4,0848,1013.6,1941,1014.7,13.8,8.6,1100,3.12,21.66,,,,,,7.0,1.8,28.9,22.1,28.1,29.2,28.6,27.6,27.2,25.3,23.5,20.9,18.3,3.5,5.1,,{박무}0455-0535.,,2020,7,31,213,0,0,1,0
184,제주,2020-08-01,28.2,25.5,0201,30.7,1522,,,,,,,6.3,50,1717,4.8,50,1717,1.6,1401,20,23.3,62,1242,74.9,28.6,1009.8,1014.1,0001,1010.6,1704,1012.2,13.8,6.7,1200,3.42,21.56,,,,,,6.6,1.1,29.4,21.5,28.4,29.5,28.7,27.9,27.6,25.6,23.6,21.6,18.3,4.2,6.0,,,,2020,8,31,214,0,0,1,0
184,제주,2020-08-02,29.3,26.7,0521,34.0,1537,,,,,,,12.5,230,1504,6.0,200,1621,2.2,1941,200,23.6,49,1520,72.8,29.2,1008.1,1012.0,0001,1009.0,1821,1010.5,13.8,11.2,1200,3.21,24.19,,,,,,5.5,0.0,30.2,22.5,28.6,29.8,29.1,28.3,27.8,25.8,23.7,21.7,18.3,5.0,7.2,,,,2020,8,31,215,0,0,1,0
184,제주,2020-08-03,28.8,26.7,0052,32.5,1350,,,,,,,8.7,360,1414,5.4,50,1414,2.0,1721,20,23.7,61,1332,74.5,29.3,1008.2,1011.3,2059,1009.8,0149,1010.5,13.7,7.7,1300,3.38,23.52,,,,,,6.4,0.0,31.1,22.4,28.9,30.2,29.4,28.5,28.1,25.9,23.9,21.7,18.4,4.8,6.9,,{박무}0039-0129. {박무}1635-{박무}{강도0}1800-{박무}{강도0}2100-{박무}{강도0}2400-,,2020,8,32,216,0,0,1,0
184,제주,2020-08-04,30.2,27.1,0132,34.9,1343,,,,,,,6.7,320,1413,4.4,290,1420,1.9,1666,360,24.5,54,1411,71.9,30.7,1009.2,1012.6,1032,1010.4,0204,1011.5,13.7,10.7,1200,3.32,24.79,,,,,,5.0,3.1,31.9,22.7,29.6,30.9,29.9,28.9,28.4,26.3,24.1,21.8,18.4,4.9,6.9,1.6,-{박무}-{박무}{강도0}0300-{박무}{강도0}0600-{박무}{강도0}0900-1115. {박무}1821-1933.,,2020,8,32,217,0,0,1,0
184,제주,2020-08-05,30.3,26.4,1111,34.1,1537,3.6,908,6.0,828,2.9,9.7,11.1,200,2342,6.1,180,2347,2.1,1857,180,23.6,54,1549,68.8,29.2,1009.3,1013.8,1041,1010.2,1830,1011.6,13.7,3.2,1300,2.44,11.66,,,,,,8.0,4.1,29.7,25.5,29.2,30.3,29.8,29.2,28.7,26.6,24.4,21.8,18.6,3.7,5.3,8.1,{비}0610-0643. {비}0705-0715. {비}0810-{비}{강도0}0900-0930. {비}1034-{소나기}1040-{비}1105-1125. {박무}1040-1126.,,2020,8,32,218,0,0,1,1
184,제주,2020-08-06,30.2,27.9,2322,32.7,1412,0.0,,0.0,,1.72,0.0,15.3,200,0311,7.9,230,0407,4.8,4159,230,24.3,57,0013,71.1,30.4,1007.3,1011.0,0004,1008.3,1714,1009.6,13.7,0.4,1400,2.03,10.42,,,,,,9.0,4.3,28.3,25.1,28.4,29.5,29.2,29.0,28.9,26.7,24.3,22.0,19.0,3.6,5.2,0.0,{비}0807-{비}{강도0}0900-0950.,,2020,8,32,219,0,0,1,0
184,제주,2020-08-07,30.6,27.8,0101,32.7,1229,0.0,,0.0,,2.52,0.0,12.9,250,1336,7.1,200,1411,4.0,3432,230,22.8,53,1146,63.9,27.8,1004.6,1009.4,0050,1005.5,1718,1006.9,13.6,0.0,1300,1.53,10.92,,,,,,9.6,4.1,28.0,25.3,28.0,29.0,28.8,28.6,28.6,26.8,24.6,22.2,18.8,4.1,5.9,0.0,{연무}0412-{연무}{강도0}0600-{연무}{강도0}0900-1015. {비}1619-{비}{강도0}1800-1815. {비}2145-2220.,,2020,8,32,220,0,0,1,0
184,제주,2020-08-08,30.9,29.7,0028,32.7,1430,,,,,,,17.4,230,1423,9.1,230,1427,5.4,4652,230,22.7,52,2308,62.3,27.7,1001.9,1005.9,0005,1003.4,0559,1004.2,13.6,1.5,1400,2.25,14.02,,,,,,8.9,4.1,28.3,26.1,27.8,28.9,28.7,28.5,28.5,26.8,24.7,22.5,19.2,5.5,7.9,,,,2020,8,32,221,0,0,1,0
184,제주,2020-08-09,30.4,28.0,2332,33.9,1214,,,,,,,12.5,20,1033,7.7,50,1047,3.9,3330,20,22.6,47,0251,64.5,27.6,1002.1,1005.6,0004,1003.5,0231,1004.4,13.6,10.9,1200,3.33,23.77,,,,,,6.0,3.5,29.9,24.5,28.4,29.5,29.0,28.5,28.4,26.9,24.9,22.5,19.1,5.1,7.3,0.2,,,2020,8,32,222,0,0,1,0
184,제주,2020-08-10,29.4,26.6,1055,32.3,1601,0.9,914,2.5,958,4.4,4.2,15.6,250,2150,8.5,230,2158,3.3,2871,230,24.4,60,1601,75.0,30.6,1002.2,1008.4,2350,1002.5,0457,1004.5,13.5,1.1,1500,1.12,7.87,,,,,,8.3,4.8,28.1,25.9,28.3,29.4,29.1,28.8,28.5,26.9,25.0,22.4,18.7,2.9,4.2,4.6,{비}0702-0724. {무지개}0710-0746. {비}0803-{비}{강도0}0900-{비}{강도0}1200-1205.,,2020,8,33,223,0,0,1,1
184,제주,2020-08-11,30.4,27.6,0832,33.6,1457,0.7,1139,1.0,1049,8.03,2.0,15.3,230,1709,8.8,200,1545,4.5,3919,230,24.5,61,1547,70.9,30.7,1008.3,1013.4,2345,1007.1,0307,1010.6,13.5,4.8,1400,3.02,16.2,,,,,,7.4,4.1,29.1,24.3,28.1,29.2,28.8,28.6,28.5,26.9,25.0,22.6,18.9,4.1,5.8,1.4,{무지개}0648-0744. {비}0810-0835. {무지개}0840-0905. {비}0925-{비}{강도0}1200-1203. {비}1233-{비}{강도0}1500-1504. {비}1722-1758. {비}1815-2007.,,2020,8,33,224,0,0,1,1
184,제주,2020-08-12,31.0,28.2,0432,34.5,1229,0.0,,0.0,,0.17,0.0,14.6,250,1351,8.9,250,1354,3.1,2662,230,24.6,54,1159,70.0,31.0,1010.8,1013.9,0814,1012.3,1508,1013.1,13.5,9.2,1100,3.23,22.77,,,,,,5.3,3.5,30.1,25.3,28.8,30.1,29.4,28.7,28.5,27.0,25.2,22.7,19.0,5.8,8.3,,{비}0815-0825.,,2020,8,33,225,0,0,1,0
184,제주,2020-08-13,31.3,28.2,2304,36.1,1357,,,,,,,13.4,200,1048,7.6,230,1000,2.9,2490,230,24.1,47,1221,67.6,30.2,1008.6,1013.5,0001,1009.1,1653,1010.9,13.5,12.0,1200,3.38,25.77,,,,,,2.0,1.1,31.3,24.8,29.5,30.8,30.0,29.1,28.8,27.1,25.2,23.0,19.2,6.5,9.3,,,,2020,8,33,226,0,0,1,0
184,제주,2020-08-14,32.2,27.6,0128,36.3,1136,,,,,,,11.1,250,0717,6.3,230,0805,3.5,3012,290,23.9,47,1759,62.9,29.7,1006.4,1009.6,2110,1007.6,1745,1008.7,13.4,12.4,1300,3.12,24.38,,,,,,2.8,0.0,31.8,23.9,29.8,31.1,30.4,29.5,29.2,27.3,25.2,23.4,19.6,6.0,8.5,,,,2020,8,33,227,0,0,1,0
184,제주,2020-08-15,31.1,27.8,0526,36.3,1326,,,,,,,9.0,250,0939,5.2,50,1108,2.3,2012,50,23.4,34,1009,65.5,29.0,1008.1,1012.1,2317,1008.7,0414,1010.4,13.4,12.5,1200,3.32,25.54,,,,,,2.1,0.0,32.5,22.9,30.0,31.3,30.7,29.8,29.3,27.5,25.4,23.3,19.3,5.8,8.2,,,,2020,8,33,228,0,0,1,0
184,제주,2020-08-16,29.9,27.5,0454,32.7,1330,,,,,,,7.0,50,1702,4.7,20,1021,2.3,1964,20,24.2,61,0932,72.0,30.3,1009.9,1013.6,2352,1011.0,1701,1012.2,13.4,12.1,1300,3.22,24.59,,,,,,1.1,1.1,32.6,23.0,30.1,31.3,30.9,30.0,29.5,27.7,25.5,22.6,18.9,5.0,7.2,,,,2020,8,33,229,0,0,1,0
184,제주,2020-08-17,29.4,27.0,0417,32.3,1440,,,,,,,5.7,20,0858,4.0,20,1032,2.1,1854,20,24.1,64,1133,73.6,30.1,1011.6,1014.9,1005,1012.8,0148,1013.9,13.3,10.5,1200,3.25,24.6,,,,,,1.6,1.6,32.3,22.4,30.1,31.3,30.9,30.2,29.6,27.8,25.7,22.7,18.9,4.9,7.0,,,,2020,8,34,230,0,0,1,0
184,제주,2020-08-18,29.0,26.8,0522,30.8,1036,,,,,,,5.3,20,0940,3.9,20,1221,2.2,1884,20,22.6,57,1135,69.0,27.6,1011.0,1014.8,0946,1011.8,1817,1013.3,13.3,10.4,1100,3.16,23.33,,,,,,1.1,1.1,32.3,22.2,30.1,31.3,31.0,30.3,29.7,28.0,25.8,22.9,18.9,4.6,6.5,,,,2020,8,34,231,0,0,1,0
184,제주,2020-08-19,28.3,26.0,0538,31.2,1512,,,,,,,5.2,20,1018,3.7,360,1047,2.1,1775,20,23.2,63,1549,74.5,28.6,1009.6,1013.1,0351,1010.0,1717,1011.9,13.3,12.2,1200,3.33,25.24,,,,,,1.8,1.4,32.7,22.4,30.1,31.3,31.0,30.3,29.9,28.1,26.0,23.1,19.0,4.9,7.0,,{박무}0955-1135. {박무}2044-{박무}{강도0}2100-2117.,,2020,8,34,232,0,0,1,0
184,제주,2020-08-20,28.2,26.0,0551,31.3,1538,,,,,,,5.8,360,1222,4.1,20,1145,2.0,1746,20,22.9,67,0539,73.4,28.0,1010.4,1014.0,2356,1011.8,1455,1012.7,13.2,11.3,1200,3.26,24.25,,,,,,1.6,1.0,32.7,21.5,30.2,31.3,31.0,30.3,29.9,28.2,26.0,23.4,19.1,4.5,6.5,,,,2020,8,34,233,0,0,1,0
184,제주,2020-08-21,28.0,25.4,0643,30.3,1037,,,,,,,8.7,50,1635,6.4,50,1629,2.8,2423,50,23.3,61,0742,76.4,28.9,1011.3,1014.8,0820,1012.5,1841,1013.6,13.2,10.5,1200,3.31,22.81,,,,,,0.8,0.8,31.1,20.9,29.7,30.8,30.8,30.3,29.7,28.3,26.1,23.4,19.1,4.4,6.2,,{박무}1235-1405. {박무}1720-{박무}{강도0}1800-{박무}{강도0}2100-2340.,,2020,8,34,234,0,0,1,0
184,제주,2020-08-22,27.4,24.3,1437,33.3,1106,0.7,1430,1.8,1428,4.0,2.8,11.5,50,1220,6.6,50,1153,2.3,2018,70,23.9,59,1101,82.0,29.7,1009.3,1013.7,0001,1009.9,1828,1011.7,13.2,5.5,1100,3.12,12.83,,,,,,6.0,3.8,28.9,22.6,29.1,30.2,30.4,30.3,29.7,28.3,26.1,22.6,19.0,2.7,3.8,2.8,{박무}0035-0120. {비}1405-{소나기}1412-{비}1452-{비}{강도0}1500-{비}{강도0}1800-1805. {박무}1410-{박무}{강도0}1500-{박무}{강도0}1800-2345.,,2020,8,34,235,0,0,1,1
184,제주,2020-08-23,28.3,24.8,0206,31.2,1404,,,,,,,9.7,50,1215,6.2,50,1240,2.5,2181,50,24.0,67,1404,77.8,29.8,1005.7,1010.5,0003,1006.2,1829,1008.0,13.2,9.4,1100,3.16,22.22,,,,,,5.1,3.0,30.4,22.9,29.0,30.1,30.0,29.8,29.5,28.3,26.3,22.8,19.0,4.2,6.1,,{박무}0105-0245. {박무}0445-{박무}{강도0}0600-0710.,,2020,8,34,236,0,0,1,0
184,제주,2020-08-24,30.0,26.2,0619,35.1,1427,,,,,,,7.2,90,1901,4.3,110,1921,2.0,1771,70,23.6,46,1427,70.0,29.2,1002.5,1007.2,0002,1003.5,1605,1004.8,13.1,11.0,1200,3.24,23.41,,,,,,3.1,1.5,31.7,22.5,29.8,31.0,30.5,29.9,29.5,28.3,26.3,23.6,19.2,5.0,7.1,0.0,{박무}0310-0510. {박무}2210-{박무}{강도0}2400-,,2020,8,35,237,0,0,1,0
184,제주,2020-08-25,29.8,27.7,0026,33.6,1403,1.3,1103,1.3,902,9.95,2.9,13.3,110,1407,6.9,110,1413,3.4,2961,90,25.2,60,1403,76.9,32.0,999.9,1004.3,0001,1000.8,1830,1002.2,13.1,6.0,1300,3.18,16.87,,,,,,7.9,5.0,30.8,24.8,29.8,31.0,30.7,30.1,29.6,28.3,26.4,23.2,19.3,3.9,5.5,31.1,{소나기}0235-0255. -{박무}-{박무}{강도0}0300-0310. {소나기}0344-0350. {소나기}0543-{소나기}{강도0}0600-0604. {소나기}0840-0850. {무지개}0853-0902. {비}0905-{비}{강도0}1200-1243. {비}1503-1709. {비}1802-{비}{강도0}2100-2110. {비}2320-2328.,,2020,8,35,238,0,0,1,1
184,제주,2020-08-26,28.4,25.4,0637,29.8,2239,9.0,1311,26.0,1241,18.03,114.3,27.3,140,1416,13.5,140,1120,6.7,5818,140,24.3,67,2242,79.1,30.4,993.7,1001.1,0019,991.8,1449,996.0,13.1,0.0,0800,0.46,3.08,,,,,,9.9,6.9,26.2,23.8,27.2,27.9,28.6,29.5,29.8,28.3,26.4,23.2,19.7,2.5,3.6,86.1,{비}0022-{소나기}0105-{비}0120-0213. {비}0323-{비}{강도0}0600-{비}{강도0}0900-{비}{강도1}1200-{비}{강도2}1500-{비}{강도0}1800-1934. {박무}0545-{박무}{강도0}0600-0650. {박무}1105-{박무}{강도1}1200-1345. {박무}1405-1455.,,2020,8,35,239,0,0,1,1
184,제주,2020-08-27,28.7,27.2,2223,30.8,1110,0.6,1141,0.7,,0.83,0.7,13.4,200,0010,8.2,200,0014,2.8,2377,20,25.2,68,0023,81.9,32.1,1000.9,1006.5,2312,999.0,0015,1003.2,13.0,6.6,1200,3.06,18.99,,,,,,6.1,2.5,29.2,24.7,27.7,28.8,28.3,28.3,28.7,28.3,26.8,23.6,19.5,3.4,4.8,0.7,{비}0105-0138. {비}1135-1152.,,2020,8,35,240,0,0,1,1
184,제주,2020-08-28,28.4,26.4,0604,32.6,1442,1.2,2056,1.8,2053,2.6,2.3,7.0,160,1649,4.5,290,1418,1.7,1502,320,25.6,61,1631,85.4,32.7,1004.4,1008.7,2316,1005.6,1624,1006.8,13.0,9.3,1400,2.97,21.07,,,,,,7.3,3.1,30.2,23.6,29.2,30.2,29.6,29.0,28.8,28.2,26.8,24.1,19.4,3.8,5.4,3.8,{비}2034-{비}{강도0}2100-2252. {비}2312-2330.,,2020,8,35,241,0,0,1,1
184,제주,2020-08-29,28.4,26.3,0152,31.3,1205,0.5,124,1.3,54,1.9,1.5,5.4,360,1247,4.1,20,1255,1.8,1528,20,25.2,71,1048,83.3,32.0,1006.9,1011.3,2237,1007.5,0357,1009.3,13.0,5.3,1100,3.36,18.62,,,,,,6.1,4.0,30.4,24.5,29.7,30.7,30.3,29.6,29.2,28.3,26.9,23.9,19.5,3.6,5.1,,{비}0046-0240.,,2020,8,35,242,0,0,1,1
184,제주,2020-08-30,28.1,26.1,0451,31.4,1034,,,,,,,6.6,50,1528,4.2,20,1218,1.9,1663,20,25.0,70,1031,84.1,31.8,1008.7,1012.2,2205,1010.1,1558,1011.1,12.9,9.4,1300,3.23,22.55,,,,,,4.0,3.4,30.2,23.3,29.8,30.9,30.5,29.9,29.3,28.3,26.8,23.6,19.4,3.9,5.5,,,,2020,8,35,243,0,0,1,0
184,제주,2020-08-31,27.8,25.9,0444,31.6,1338,0.0,,0.0,,5.25,0.0,11.7,50,1038,6.7,50,1156,3.1,2689,70,24.3,68,1315,82.1,30.5,1008.5,1011.9,0019,1009.8,1648,1010.9,12.9,5.7,1200,2.73,17.91,,,,,,5.6,4.1,29.6,22.9,29.4,30.4,30.4,30.1,29.5,28.3,26.8,23.4,19.5,3.4,4.9,0.0,{비}1755-{비}{강도0}1800-1916. {비}2006-{비}{강도0}2100-{비}{강도0}2400- {박무}2225-2315.,,2020,8,36,244,0,0,1,0
184,제주,2020-09-01,26.8,25.6,0520,28.0,2243,0.1,,0.1,,14.3,0.1,10.9,50,1701,5.9,50,1658,3.8,3270,70,24.9,86,0105,89.6,31.5,1004.4,1010.5,0001,1004.2,2358,1006.8,12.9,0.0,1500,0.78,4.91,,,,,,10.0,7.1,27.6,23.9,28.5,29.2,29.7,29.9,29.5,28.5,26.7,22.6,19.4,1.3,1.8,0.5,-{비}-0030. {비}0109-{비}{강도0}0300-0520. {비}0706-0745. {비}0814-0830. {비}0901-{비}{강도0}1200-{비}{강도0}1500-1505. {비}1725-{비}{강도0}1800-2003.,,2020,9,36,245,0,0,1,1
184,제주,2020-09-02,25.1,23.1,2309,27.9,0001,6.9,1848,27.6,1828,18.97,183.6,37.1,20,1726,25.0,20,1742,11.6,10034,50,24.4,90,0001,96.0,30.5,989.4,1004.3,0001,978.6,1947,991.7,12.8,0.0,1100,0.29,1.39,,,,,,10.0,6.8,25.5,22.5,26.5,26.8,27.6,28.4,29.3,28.5,26.5,22.2,19.5,1.0,1.5,183.5,{비}0209-{비}{강도0}0300-0535. {박무}0210-{박무}{강도0}0300-0530. {비}0828-{비}{강도0}0900-{비}{강도1}1200-{비}{강도1}1500-{비}{강도2}1800-{비}{강도1}2100-{비}{강도1}2400- {박무}0950-{박무}{강도1}1200-{박무}{강도2}1500-{시정(미만)}{1km}{안개}1610-{시정(미만)}{0.5km}{안개}1628-{안개}{강도1}1800-{시정(이상)}{0.5km}{안개}2040-{안개}{강도0}2100-{시정(미만)}{0.5km}{안개}2240-{시정(이상)}{0.5km}{안개}2315-{시정(이상)}{1km}{박무}2320-{박무}{강도1}2400- {폭풍}1241-1258. {폭풍}1306-1341. {폭풍}1350-2033. {폭풍}2104-2149. {폭풍}2203-2207. {폭풍}2223-2238. {폭풍}2341-2343.,7.17,2020,9,36,246,0,0,1,1
184,제주,2020-09-03,25.2,23.2,0200,28.7,1351,0.3,2,0.3,1,0.63,0.3,20.2,250,0022,11.8,320,0002,5.7,4964,270,20.4,63,1311,75.5,24.0,1003.6,1012.9,2338,987.0,0001,1005.9,12.8,9.2,1300,3.18,21.79,,,,,,3.9,3.0,25.8,19.4,24.4,25.4,25.4,25.8,27.6,27.9,27.1,25.1,21.8,4.9,7.1,,-{비}-0038. -{박무}-0220. {박무}0810-{박무}{강도0}0900-1035.,,2020,9,36,247,0,0,1,1
184,제주,2020-09-04,25.5,21.5,0505,29.3,1442,,,,,,,5.7,340,1352,4.3,320,1358,2.3,1962,200,17.8,42,0847,63.4,20.8,1011.1,1014.2,1029,1012.5,1516,1013.5,12.8,10.6,1200,3.17,22.21,,,,,,2.5,0.4,25.5,15.4,25.4,26.2,26.3,26.6,27.3,27.6,27.1,23.7,20.3,4.1,5.8,0.0,,,2020,9,36,248,0,0,1,0
184,제주,2020-09-05,21.9,19.3,1751,24.1,0826,0.5,1712,2.3,1652,13.38,7.6,9.2,110,1444,5.1,110,1502,2.4,2067,110,17.4,48,1227,76.9,20.0,1010.1,1014.2,0911,1010.3,1951,1012.5,12.7,0.0,1000,0.94,5.29,,,,,,9.9,6.1,23.5,18.7,25.0,25.3,26.1,26.7,27.6,27.4,26.9,23.7,20.3,1.5,2.1,15.5,{비}0615-0715. {비}0822-{비}{강도0}0900-0930. {비}1002-1146. {비}1306-1405. {비}1528-{비}{강도0}1800-{비}{강도0}2100-{비}{강도0}2400-,,2020,9,36,249,0,0,0,1
184,제주,2020-09-06,21.7,20.5,0126,23.1,1806,6.3,2227,21.6,2206,24.0,71.7,17.1,20,2339,9.3,20,1820,3.9,3405,20,20.7,90,0939,94.4,24.4,1000.5,1011.7,0001,992.3,2355,1002.9,12.7,0.0,1000,0.23,1.36,,,,,,10.0,8.0,22.4,20.1,23.7,23.8,24.8,25.6,27.0,27.3,26.7,23.0,20.2,0.6,0.9,142.8,-{비}-{비}{강도0}0300-{비}{강도0}0600-{비}{강도0}0900-{비}{강도0}1200-{비}{강도0}1500-{비}{강도0}1800-{비}{강도1}2100-{비}{강도1}2400- {박무}1908-{박무}{강도0}2100-{박무}{강도1}2400-,,2020,9,36,250,0,0,0,1
184,제주,2020-09-07,23.0,20.7,0602,26.3,1459,5.6,538,26.5,448,12.53,79.8,21.8,20,0051,13.0,360,0059,6.9,5977,250,20.4,73,1500,86.1,24.0,996.8,1009.0,2328,987.7,0312,999.2,12.7,2.6,1400,2.33,8.55,,,,,,5.8,4.0,22.7,20.1,21.9,22.5,22.7,23.4,25.3,26.0,26.4,24.8,21.9,2.5,3.6,0.8,-{비}-{비}{강도1}0300-{비}{강도2}0600-{비}{강도0}0900-{비}{강도0}1200-1232. -{박무}-{박무}{강도0}0300-{박무}{강도2}0600-{박무}{강도0}0900-1005. {박무}1055-1138.,,2020,9,37,251,0,0,1,1
184,제주,2020-09-08,26.7,22.4,0323,30.7,1224,,,,,,,9.5,250,2352,5.3,230,0536,2.8,2402,250,19.9,52,0953,66.9,23.4,1010.1,1014.2,2109,1008.8,0043,1012.5,12.6,10.8,1200,2.91,21.46,,,,,,0.6,0.0,25.6,16.5,23.5,24.4,24.1,24.0,24.9,25.8,26.1,24.8,21.3,4.7,6.7,,{박무}1845-2050.,,2020,9,37,252,0,0,1,0
184,제주,2020-09-09,25.8,24.4,2309,28.7,1106,0.0,,0.0,,0.1,0.0,8.1,250,1315,5.3,290,1245,2.5,2203,230,19.3,45,0828,68.3,22.5,1008.9,1013.8,0001,1009.0,1526,1011.3,12.6,7.2,1200,2.81,17.9,,,,,,5.6,3.9,26.2,20.3,24.9,25.7,25.5,25.3,25.4,25.7,25.9,24.3,21.0,3.5,5.0,0.0,{비}2027-2033.,,2020,9,37,253,0,0,1,0
184,제주,2020-09-10,24.5,22.7,0107,26.6,1455,0.0,,0.0,,1.03,0.0,9.0,270,0040,5.3,270,0049,2.1,1781,20,17.9,49,2316,67.3,20.7,1007.1,1011.4,2305,1008.1,0458,1009.5,12.6,6.1,1100,2.96,18.33,,,,,,7.9,3.3,27.1,18.3,25.4,26.1,26.1,25.9,26.0,25.7,25.7,24.0,20.7,3.2,4.6,0.0,{비}0018-0120.,,2020,9,37,254,0,0,1,0
184,제주,2020-09-11,23.5,21.8,0504,26.0,1128,0.2,,0.4,1705,8.0,0.6,8.6,110,1900,5.0,50,1154,2.0,1748,50,18.7,48,0042,75.9,21.9,1009.1,1013.2,1004,1009.8,1801,1011.5,12.5,0.0,1100,1.08,4.85,,,,,,9.6,4.6,23.0,18.5,24.7,25.1,25.6,25.9,26.2,25.9,25.6,23.9,20.8,1.3,1.8,0.6,{비}0330-0446. {비}0542-0551. {박무}0920-1114. {비}1302-1430. {박무}1408-{박무}{강도0}1500-1635. {비}1624-{비}{강도0}1800-{비}{강도0}2100-2131.,,2020,9,37,255,0,0,1,1
184,제주,2020-09-12,23.1,21.6,0225,25.5,1224,,,,,,,6.8,20,1330,5.0,20,1333,1.6,1419,20,19.6,72,1220,81.1,22.8,1010.7,1015.1,2155,1010.8,0051,1013.1,12.5,2.0,1300,2.36,10.78,,,,,,7.8,7.8,24.5,18.6,24.4,25.0,25.3,25.4,26.1,25.8,25.4,23.7,20.8,2.2,3.1,,,,2020,9,37,256,0,0,1,0
184,제주,2020-09-13,23.0,21.7,1856,26.1,1028,1.0,1827,3.7,1752,5.27,5.2,8.8,70,1230,4.4,50,1201,1.9,1623,70,20.3,72,1036,85.4,23.9,1012.3,1015.6,0944,1013.6,1554,1014.7,12.5,3.5,1000,2.25,11.67,,,,,,8.6,7.4,24.0,19.0,24.6,25.2,25.5,25.5,26.0,25.8,25.4,23.5,20.7,2.0,2.9,5.2,{비}1245-1250. {비}1310-{비}{강도0}1500-1541. {비}1621-1637. {비}1733-{비}{강도0}1800-1912. {박무}1735-{박무}{강도1}1800-1925. {비}2135-2220.,,2020,9,37,257,0,0,1,1
184,제주,2020-09-14,23.3,21.8,0223,25.9,1344,,,,,,,8.4,50,1227,6.5,50,1441,2.6,2248,50,20.2,69,1344,83.3,23.7,1012.0,1015.4,0943,1013.4,1434,1014.4,12.4,3.2,1200,2.87,14.38,,,,,,7.5,5.1,25.1,19.1,24.7,25.3,25.5,25.6,26.0,25.8,25.4,23.3,20.6,2.7,3.8,,,,2020,9,38,258,0,0,1,0
184,제주,2020-09-15,23.7,21.0,0644,25.8,1403,,,,,,,8.5,50,1305,5.5,50,1259,1.9,1606,180,20.1,70,0802,80.4,23.5,1010.2,1014.2,0018,1010.9,2351,1012.6,12.4,4.2,1000,2.26,11.29,,,,,,8.5,2.3,23.4,17.7,24.4,24.9,25.3,25.6,26.0,25.7,25.3,23.3,20.7,1.9,2.7,2.6,,,2020,9,38,259,0,0,1,0
184,제주,2020-09-16,23.5,21.5,0935,28.3,1314,1.5,921,4.9,833,6.32,6.1,6.1,50,1051,3.5,50,1054,1.7,1453,270,21.7,69,1312,90.3,26.0,1007.3,1011.2,0153,1007.6,1636,1009.7,12.4,2.5,1200,2.55,12.13,,,,,,9.1,4.9,25.5,20.5,25.0,25.7,25.6,25.7,26.0,25.7,25.3,23.6,20.7,2.1,3.0,7.3,{비}0105-0225. {비}0607-{비}{강도0}0900-1010. {박무}0813-{박무}{강도0}0900-1005. {비}1754-{비}{강도0}1800-1822. {비}1940-2008.,,2020,9,38,260,0,0,1,1
184,제주,2020-09-17,21.2,19.3,2113,23.3,0001,1.5,927,4.5,1422,20.47,26.6,5.7,90,1434,3.1,70,1344,1.6,1413,70,19.6,84,2024,91.4,22.9,1009.2,1012.9,2128,1010.1,1605,1011.6,12.3,0.0,1200,0.55,2.73,,,,,,10.0,7.6,21.9,18.4,24.5,24.9,25.4,25.6,26.1,25.7,25.2,23.5,20.8,0.8,1.1,34.0,{비}0332-{비}{강도0}0600-{비}{강도0}0900-{비}{강도0}1200-{비}{강도0}1500-{비}{강도0}1800-{비}{강도0}2400- {박무}0840-{박무}{강도0}0900-1110. {박무}1415-{박무}{강도1}1500-{박무}{강도0}1800-1825. {박무}2155-{박무}{강도0}2400-,,2020,9,38,261,0,0,0,1
184,제주,2020-09-18,20.5,17.8,0543,23.1,1209,1.4,105,3.7,102,10.77,11.3,8.4,360,0537,4.7,20,0545,1.9,1651,230,16.1,55,1252,76.9,18.4,1013.6,1018.1,2346,1012.6,0001,1016.0,12.3,0.0,1200,0.91,5.82,,,,,,8.1,4.4,20.2,14.8,23.0,23.3,23.9,24.5,25.6,25.7,25.3,23.3,20.9,2.0,2.8,0.1,-{비}-{비}{강도0}0300-{비}{강도0}0600-0720. -{박무}-{박무}{강도0}0300-0435. {비}0821-{비}{강도0}0900-1147.,,2020,9,38,262,0,0,0,1
184,제주,2020-09-19,21.2,16.8,0609,25.6,1327,,,,,,,5.2,180,0424,4.0,180,0433,2.1,1853,180,12.5,47,1106,57.9,14.7,1015.5,1019.1,1004,1016.8,1531,1017.9,12.3,4.9,1100,2.36,15.08,,,,,,5.6,0.0,20.6,12.0,22.5,22.8,23.3,23.8,25.2,25.5,25.3,23.2,20.8,3.2,4.6,,,,2020,9,38,263,0,0,1,0
184,제주,2020-09-20,22.0,18.0,0620,25.6,1141,,,,,,,5.1,20,1131,3.4,50,1125,2.0,1768,160,12.7,31,1531,57.4,14.7,1015.4,1019.1,0957,1016.6,0231,1017.8,12.2,11.0,1200,3.1,21.5,,,,,,0.8,0.0,23.7,13.4,22.7,22.9,23.5,23.9,24.7,25.3,25.1,23.2,20.9,4.4,6.2,,,,2020,9,38,264,0,0,1,0
184,제주,2020-09-21,21.5,18.5,0604,25.0,1328,,,,,,,7.2,50,1334,5.3,50,1521,2.4,2037,50,14.1,52,1813,63.1,16.1,1014.8,1018.7,0807,1015.5,1527,1017.2,12.2,6.4,1400,2.64,16.81,,,,,,4.4,0.4,23.9,13.3,22.7,22.9,23.5,23.9,24.7,25.0,24.9,23.1,20.9,3.4,4.9,,,,2020,9,39,265,0,0,1,0
184,제주,2020-09-22,21.2,19.5,0327,22.6,1430,,,,,,,12.4,50,1323,7.3,70,1351,3.6,3112,70,15.2,62,2359,69.0,17.3,1013.6,1017.2,0001,1014.9,1858,1016.0,12.2,0.4,1300,1.34,7.53,,,,,,7.9,6.6,20.9,15.1,22.3,22.5,23.1,23.7,24.6,25.0,24.7,22.8,20.7,2.4,3.4,0.0,,,2020,9,39,266,0,0,0,0
184,제주,2020-09-23,20.9,20.1,0340,21.7,1234,0.3,1912,0.8,1834,7.77,1.3,10.3,90,1254,4.6,70,1557,2.8,2428,70,16.9,60,0008,78.0,19.2,1012.3,1016.0,0815,1014.0,1435,1014.7,12.1,0.0,1200,0.54,3.32,,,,,,9.3,6.9,20.6,17.5,22.0,22.3,22.8,23.3,24.5,24.8,24.6,22.8,20.9,1.3,1.8,1.3,{비}0827-0832. {비}1135-1148. {비}1431-{비}{강도0}1500-{비}{강도0}1800-2040. {비}2140-2150. {비}2251-{비}{강도0}2400-,,2020,9,39,267,0,0,0,1
184,제주,2020-09-24,21.3,20.6,0230,22.7,1557,0.0,,0.0,,4.32,0.0,9.4,90,0456,5.1,50,1314,2.7,2347,70,17.4,69,1553,78.5,19.8,1010.2,1014.3,0001,1011.6,1602,1012.6,12.1,0.1,1400,0.83,4.55,,,,,,10.0,6.0,20.7,18.5,22.0,22.4,22.7,23.1,24.3,24.6,24.5,22.8,20.9,1.5,2.1,0.6,-{비}-0240. {비}0357-0414. {비}0703-0732. {비}1439-1446. {비}1637-1643. {비}1748-{비}{강도0}1800-1807. {비}2021-2042.,,2020,9,39,268,0,0,0,0
184,제주,2020-09-25,22.5,20.1,0634,25.3,1052,0.5,249,0.6,234,0.52,0.6,5.8,340,1211,3.8,360,1211,1.7,1481,180,17.0,59,1240,71.9,19.4,1009.1,1013.3,2200,1010.3,1444,1011.5,12.1,10.2,1200,2.99,20.85,,,,,,6.1,4.3,24.9,16.5,22.8,23.3,23.4,23.3,24.0,24.4,24.4,23.2,20.9,3.7,5.2,,{비}0234-{비}{강도0}0300-0305.,,2020,9,39,269,0,0,1,1
184,제주,2020-09-26,22.1,20.5,2328,25.8,1203,,,,,,,8.6,50,1205,5.7,50,1211,2.4,2066,50,16.2,54,1334,69.9,18.4,1011.9,1016.4,2311,1011.9,0205,1014.3,12.0,8.1,1200,3.11,18.44,,,,,,4.0,3.3,24.3,15.9,23.1,23.7,23.9,24.0,24.2,24.3,24.3,22.8,20.9,3.6,5.2,5.7,,,2020,9,39,270,0,0,1,0
184,제주,2020-09-27,21.4,19.0,0450,24.1,1249,5.4,442,5.7,357,2.43,5.7,11.4,50,1223,6.6,50,1152,2.9,2487,110,16.1,58,1345,72.5,18.3,1014.9,1018.2,0859,1016.1,0031,1017.3,12.0,7.6,1300,2.5,17.03,,,,,,4.9,4.0,22.7,15.7,22.6,23.1,23.6,23.9,24.4,24.3,24.2,22.7,20.8,3.3,4.8,,{비}0245-{비}{강도0}0300-0503. {비}0608-0616.,,2020,9,39,271,0,0,0,1
184,제주,2020-09-28,20.9,19.3,0226,23.4,1332,,,,,,,10.9,50,0959,6.1,50,1006,2.9,2487,50,14.5,54,1001,67.0,16.5,1013.7,1018.0,0001,1014.5,2358,1016.1,11.9,7.5,1200,2.63,17.45,,,,,,3.4,3.4,22.6,14.9,22.4,22.8,23.3,23.7,24.3,24.3,24.0,22.7,20.8,3.5,5.0,,,,2020,9,40,272,0,0,0,0
184,제주,2020-09-29,21.2,18.1,0511,23.8,1233,,,,,,,5.6,50,1223,4.1,20,1247,2.0,1733,20,13.3,49,1941,61.6,15.4,1009.0,1014.6,0020,1009.2,1541,1011.4,11.9,7.7,1200,3.04,18.7,,,,,,4.8,2.8,24.1,13.5,22.2,22.6,23.0,23.5,24.2,24.3,24.0,22.6,20.7,3.7,5.3,,,,2020,9,40,273,0,0,0,0
184,제주,2020-09-30,21.9,19.0,0454,24.9,1421,,,,,,,7.8,20,1830,4.4,360,1426,2.3,1996,360,16.1,49,1434,70.6,18.3,1008.3,1012.3,2039,1009.1,0353,1010.7,11.9,8.5,1200,2.85,18.43,,,,,,4.8,3.8,25.7,15.2,22.7,23.2,23.4,23.6,24.1,24.2,24.1,22.6,20.8,3.5,4.9,,,,2020,9,40,274,0,0,0,0
184,제주,2020-10-01,21.5,19.4,0711,24.1,1109,,,,,,,6.6,250,1649,4.1,20,1255,2.1,1796,180,16.8,65,1130,74.6,19.1,1011.6,1015.6,1033,1012.1,0114,1014.0,11.8,6.8,1100,2.69,15.38,,,,,,5.4,4.5,23.6,15.2,23.1,23.5,23.8,24.0,24.1,24.2,23.9,22.6,20.8,2.9,4.1,,,,2020,10,40,275,0,0,0,0
184,제주,2020-10-02,21.7,17.6,0643,25.5,1330,,,,,,,4.9,20,1255,3.4,360,1506,1.9,1666,180,14.1,48,1347,62.3,16.1,1013.5,1016.9,2226,1014.9,0608,1015.9,11.8,9.8,1200,2.82,18.62,,,,,,3.8,0.6,24.9,13.2,22.7,23.0,23.5,23.8,24.3,24.2,23.8,22.6,20.7,3.6,5.1,0.0,,,2020,10,40,276,0,0,1,0
184,제주,2020-10-03,22.5,20.2,0001,25.3,1122,0.0,,0.0,,1.43,0.0,5.7,20,1349,4.0,20,1350,1.7,1469,20,16.4,58,1005,68.9,18.7,1013.3,1017.2,1004,1014.1,1604,1015.7,11.8,4.2,1200,2.89,13.98,,,,,,8.4,3.5,26.0,16.9,23.1,23.6,23.8,23.9,24.2,24.1,23.8,22.6,20.7,2.5,3.6,0.3,{비}0650-0657. {비}2241-{비}{강도0}2400-,,2020,10,40,277,0,0,1,0
184,제주,2020-10-04,21.4,19.5,0630,23.5,1025,0.4,1636,0.4,1546,8.33,1.1,14.8,360,2359,8.0,360,2400,2.3,2001,180,17.0,67,2118,76.5,19.4,1011.0,1015.6,0001,1011.1,1526,1013.4,11.7,0.0,1100,1.23,6.23,,,,,,10.0,6.0,21.6,17.2,23.1,23.6,23.8,24.0,24.3,24.2,23.7,22.6,20.8,2.4,3.4,0.8,-{비}-0006. {비}0133-0140. {비}0331-{비}{강도0}0600-0625. {비}0824-0845. {비}1251-1405. {비}1432-{비}{강도0}1500-{비}{강도0}1800-1810.,,2020,10,40,278,0,0,0,1
184,제주,2020-10-05,18.4,16.8,0724,21.1,1510,,,,,,,13.0,360,0002,8.2,360,0002,4.9,4235,360,8.6,36,1133,53.4,11.2,1016.1,1020.4,2202,1014.7,0001,1018.5,11.7,7.9,1200,2.93,18.29,,,,,,5.1,3.1,22.0,14.6,21.7,21.9,22.9,23.6,24.1,24.1,23.4,22.4,20.9,4.6,6.5,,,,2020,10,41,279,0,0,0,0
184,제주,2020-10-06,18.6,17.1,0430,20.4,1203,,,,,,,8.9,20,0245,5.6,20,0304,2.9,2534,20,8.7,37,1512,53.5,11.3,1018.6,1022.8,2327,1019.4,0200,1021.1,11.7,9.6,1200,2.94,19.6,,,,,,2.8,1.3,23.4,13.1,21.2,21.4,22.3,23.0,23.8,23.7,23.2,22.3,20.7,4.1,5.9,,,,2020,10,41,280,0,0,0,0
184,제주,2020-10-07,20.5,17.0,0048,22.2,1258,,,,,,,11.3,90,1446,6.4,50,1332,3.7,3235,50,11.9,49,1639,58.4,14.0,1020.0,1024.0,0954,1021.6,1448,1022.5,11.6,8.3,1100,2.5,16.77,,,,,,5.6,4.3,22.7,12.2,21.2,21.4,22.1,22.7,23.6,23.6,23.3,22.3,20.6,4.3,6.1,,,,2020,10,41,281,0,0,0,0
184,제주,2020-10-08,20.3,19.1,2356,22.5,1321,,,,,,,16.3,90,1218,8.8,70,1338,5.6,4855,70,12.0,48,1612,59.4,14.1,1019.8,1023.8,1017,1020.9,1437,1022.2,11.6,4.0,1300,2.26,12.15,,,,,,5.6,5.5,22.0,15.1,21.2,21.5,22.1,22.6,23.4,23.5,23.0,22.1,20.5,4.1,5.9,,,,2020,10,41,282,0,0,0,0
184,제주,2020-10-09,20.1,18.6,0531,21.5,1702,,,,,,,14.5,90,0153,7.0,70,0851,5.0,4335,70,11.9,51,1531,59.3,13.9,1017.8,1022.1,0002,1018.8,1719,1020.2,11.6,0.1,1400,0.82,5.45,,,,,,7.9,7.9,21.0,15.8,20.6,20.7,21.5,22.2,23.2,23.4,23.0,22.0,20.6,2.6,3.7,,,,2020,10,41,283,0,0,0,0
184,제주,2020-10-10,20.3,18.9,0512,22.4,1538,,,,,,,9.1,20,0120,6.3,20,0018,2.2,1865,50,13.3,53,1538,64.6,15.3,1015.6,1019.7,0912,1016.1,1657,1018.0,11.5,2.7,1100,1.57,9.96,,,,,,7.1,7.1,21.5,13.7,21.1,21.4,21.7,22.1,23.0,23.2,23.0,22.1,20.6,2.2,3.1,,,,2020,10,41,284,0,0,0,0
184,제주,2020-10-11,20.4,18.9,2340,23.3,1411,,,,,,,9.2,50,1356,5.8,50,1205,2.1,1843,50,13.8,55,1412,66.4,15.8,1013.2,1017.4,0001,1014.0,1736,1015.6,11.5,4.6,1200,2.73,14.39,,,,,,6.1,5.3,23.9,12.9,21.5,22.0,22.1,22.3,22.9,23.1,23.0,22.1,20.6,3.0,4.3,0.0,,,2020,10,41,285,0,0,0,0
184,제주,2020-10-12,20.4,18.0,0315,23.5,1431,0.0,,0.0,,0.3,0.0,8.5,320,2049,4.7,320,2108,2.8,2419,320,14.0,51,1626,67.1,16.0,1014.0,1018.5,2326,1014.9,0155,1016.4,11.5,7.9,1200,2.72,16.79,,,,,,4.1,4.1,23.9,12.7,21.6,21.9,22.1,22.4,22.9,23.0,22.9,22.2,20.8,3.6,5.2,,{비}0426-0433. {비}0509-0520.,,2020,10,42,286,0,0,0,0
184,제주,2020-10-13,18.4,16.1,2346,21.0,1319,,,,,,,7.9,20,1113,4.9,360,2012,3.0,2564,360,9.0,46,2150,54.9,11.5,1018.2,1022.3,2142,1018.2,0111,1020.6,11.4,8.8,1200,2.76,17.2,,,,,,4.1,3.1,21.4,9.4,21.2,21.3,21.9,22.4,22.9,22.8,22.6,22.0,20.7,3.6,5.2,,,,2020,10,42,287,0,0,0,0
184,제주,2020-10-14,19.1,15.7,0119,21.7,1545,,,,,,,11.4,20,2020,7.6,20,1954,3.3,2851,20,7.8,30,1616,48.8,10.7,1021.4,1025.5,1100,1021.5,0019,1023.8,11.4,10.4,1200,2.69,18.01,,,,,,2.0,0.5,21.2,9.2,20.3,20.2,21.2,21.9,22.9,22.8,22.4,22.0,20.6,4.9,7.0,,,,2020,10,42,288,0,0,0,0
184,제주,2020-10-15,17.9,15.6,0447,20.3,1332,0.0,,0.0,,0.95,0.0,8.8,20,0016,5.5,20,0018,2.3,2019,20,5.2,32,1151,43.6,8.9,1021.7,1025.9,0913,1022.7,1456,1024.2,11.4,7.3,1200,2.71,16.1,,,,,,6.4,3.1,20.9,10.9,20.2,20.2,21.0,21.6,22.5,22.7,22.3,22.0,20.5,3.4,4.8,0.0,{비}2036-{비}{강도0}2100-2133.,,2020,10,42,289,0,0,0,0
184,제주,2020-10-16,17.2,14.4,2139,20.0,1022,0.5,1407,1.6,1357,9.85,4.0,10.5,50,1600,6.1,20,1439,2.3,2024,160,10.0,39,1626,63.3,12.3,1020.1,1023.9,0941,1021.2,1520,1022.6,11.3,0.1,1000,0.78,3.88,,,,,,9.5,7.8,17.0,12.0,19.7,19.6,20.6,21.4,22.4,22.6,22.3,21.9,20.5,1.6,2.3,4.0,{비}1106-{비}{강도0}1200-{비}{강도0}1500-1506. {비}1607-1612. {비}1720-{비}{강도0}1800-{비}{강도0}2100-2306.,,2020,10,42,290,0,0,0,1
184,제주,2020-10-17,17.5,13.7,0633,20.7,1313,,,,,,,6.4,50,0933,3.9,20,0936,2.0,1734,20,7.9,33,1213,54.9,10.8,1020.5,1024.1,1002,1021.7,1536,1022.9,11.3,10.4,1200,2.7,17.76,,,,,,3.4,2.6,18.3,10.2,19.0,19.0,19.9,20.5,21.9,22.5,22.4,21.8,20.6,3.6,5.1,,,,2020,10,42,291,0,0,0,0
184,제주,2020-10-18,17.7,15.6,0538,20.9,1105,,,,,,,6.5,360,1237,4.0,20,1241,1.9,1642,180,10.3,50,1644,62.5,12.6,1020.6,1024.6,0938,1021.7,1434,1023.1,11.3,5.5,1100,2.32,12.47,,,,,,6.0,4.3,18.7,13.6,19.5,19.6,20.2,20.6,21.6,22.3,22.3,21.8,20.6,2.4,3.5,,,,2020,10,42,292,0,0,0,0
184,제주,2020-10-19,17.7,14.2,0515,21.1,1333,,,,,,,7.7,70,1303,5.9,50,1309,2.3,1997,50,9.7,48,1557,59.8,12.0,1021.5,1025.9,2321,1022.4,1355,1024.0,11.2,7.3,1200,2.68,12.33,,,,,,3.5,0.0,18.5,11.0,19.2,19.2,19.9,20.6,21.6,22.1,22.2,21.8,20.6,2.9,4.1,,,,2020,10,43,293,0,0,0,0
184,제주,2020-10-20,18.7,15.6,0012,22.2,1213,,,,,,,11.8,70,1543,6.4,50,1309,2.8,2428,50,12.2,52,1001,66.0,14.2,1021.9,1026.3,0823,1022.7,2359,1024.4,11.2,7.1,1200,2.26,14.27,,,,,,3.1,1.9,18.0,10.8,18.9,19.4,19.9,20.6,21.3,22.0,22.2,21.7,20.6,3.0,4.2,,,,2020,10,43,294,0,0,0,0
184,제주,2020-10-21,18.3,16.3,1903,22.2,1126,6.0,1422,12.0,1355,11.25,46.4,11.6,20,1748,8.3,20,1717,2.7,2357,20,13.8,52,1121,77.0,16.0,1015.6,1022.8,0003,1015.7,2350,1018.0,11.2,0.0,1100,0.76,3.69,,,,,,9.6,5.5,17.4,13.0,19.0,19.5,19.8,20.6,21.2,21.9,22.0,21.8,20.5,1.0,1.5,48.6,{비}1245-{비}{강도1}1500-{비}{강도1}1800-{비}{강도0}2100-{비}{강도0}2400- {박무}1405-{박무}{강도0}1500-{박무}{강도0}1800-1950. {박무}2225-{박무}{강도0}2400-,,2020,10,43,295,0,0,0,1
184,제주,2020-10-22,17.5,15.4,2353,20.5,1245,0.5,13,1.7,1,3.38,2.2,13.7,20,1948,8.3,360,1957,3.0,2595,320,11.7,49,2310,69.8,14.0,1012.4,1016.8,2245,1013.0,1512,1014.9,11.1,0.2,1100,1.48,6.24,,,,,,9.1,4.1,16.4,13.3,18.8,19.3,19.6,20.2,20.9,21.7,21.8,21.7,20.6,2.8,4.0,,-{박무}-0205. -{비}-{비}{강도0}0300-0323. {연무}1455-{연무}{강도0}1500- {황사}1705-1710.{황사}{강도0}1800-2020.,,2020,10,43,296,0,0,0,1
184,제주,2020-10-23,15.2,14.3,2348,16.7,1055,,,,,,,18.5,340,0427,8.2,320,0354,5.9,5115,320,5.2,44,2043,51.5,8.9,1014.5,1019.0,2345,1015.3,0511,1017.0,11.1,3.4,1000,2.04,11.11,,,,,,6.9,6.9,13.8,13.3,17.7,18.3,19.0,20.1,20.6,21.3,21.3,21.7,20.9,3.8,5.4,,,,2020,10,43,297,0,0,0,0
184,제주,2020-10-24,15.4,14.0,0707,17.6,1233,,,,,,,13.8,340,0040,8.5,320,0041,4.6,3958,320,6.4,46,0001,55.4,9.6,1018.4,1022.7,2302,1018.1,0326,1020.9,11.1,5.3,1100,2.04,12.83,,,,,,4.5,4.5,15.3,10.6,17.2,17.8,18.5,19.6,20.1,20.6,20.5,21.6,20.9,2.8,4.0,,,,2020,10,43,298,0,0,0,0
184,제주,2020-10-25,16.3,13.2,0225,19.9,1210,,,,,,,6.4,320,1143,3.9,320,1202,2.3,1956,290,8.7,50,1211,61.1,11.3,1019.0,1022.9,0858,1019.9,1446,1021.5,11.0,1.8,1200,1.64,8.85,,,,,,5.6,4.4,16.2,9.5,17.4,17.8,18.3,19.2,19.8,20.5,20.2,21.7,20.7,2.1,3.0,,,,2020,10,43,299,0,0,0,0
184,제주,2020-10-26,15.6,12.1,0701,20.8,1151,,,,,,,5.3,20,1118,3.4,340,1159,1.9,1681,160,8.6,48,1342,63.6,11.2,1017.8,1021.7,0835,1018.9,1656,1020.2,11.0,9.3,1300,2.46,15.52,,,,,,2.0,0.0,15.5,7.9,17.3,17.6,18.1,19.0,19.7,20.3,20.2,21.7,20.6,2.8,4.0,,,,2020,10,44,300,0,0,0,0
184,제주,2020-10-27,16.5,12.5,0348,20.3,1523,,,,,,,5.4,50,1323,3.8,20,1504,2.1,1796,180,9.9,51,1339,65.9,12.2,1018.5,1022.4,0926,1019.4,0231,1021.0,11.0,9.2,1200,2.41,15.34,,,,,,4.9,2.3,16.8,7.3,17.2,17.7,18.0,18.8,19.3,20.3,20.3,21.6,20.6,2.8,3.9,,,,2020,10,44,301,0,0,0,0
184,제주,2020-10-28,17.4,15.5,2245,20.0,1119,,,,,,,6.1,320,1723,3.4,290,1737,1.7,1504,320,11.1,51,2312,67.3,13.3,1020.6,1024.6,2318,1022.0,0047,1023.1,11.0,0.1,1100,1.1,6.14,,,,,,8.5,6.5,17.4,9.5,17.8,18.3,18.4,18.9,19.3,20.2,20.3,21.6,20.6,1.8,2.6,,{박무}1640-{박무}{강도0}1800-1850.,,2020,10,44,302,0,0,0,0
184,제주,2020-10-29,15.8,12.8,0630,18.7,1455,,,,,,,7.0,20,0339,4.2,360,0243,2.6,2246,360,5.5,34,1157,51.6,9.1,1021.2,1025.3,0953,1022.2,1434,1023.7,10.9,9.0,1100,2.48,15.04,,,,,,3.4,2.3,14.9,6.1,17.3,17.7,18.0,18.7,19.1,19.9,20.2,21.4,20.5,3.4,4.9,,,,2020,10,44,303,0,0,0,0
184,제주,2020-10-30,16.1,13.7,0437,18.5,1224,,,,,,,6.6,360,0607,3.8,20,0940,2.2,1874,20,6.2,39,1225,52.8,9.5,1021.9,1025.7,2150,1022.8,0052,1024.4,10.9,9.5,1200,2.43,15.19,,,,,,2.8,1.6,15.1,8.0,16.9,17.4,17.7,18.5,18.9,19.7,20.1,21.3,20.6,2.9,4.1,,,,2020,10,44,304,0,0,0,0
184,제주,2020-10-31,16.5,14.3,0549,19.6,0932,,,,,,,10.7,50,1250,5.9,50,1237,2.6,2229,140,8.2,45,1606,58.4,10.9,1022.1,1026.6,0955,1022.8,1530,1024.6,10.9,9.4,1200,2.45,15.39,,,,,,1.9,1.0,15.5,7.2,16.9,17.3,17.5,18.2,18.7,19.7,20.1,21.3,20.6,3.2,4.6,,,,2020,10,44,305,0,0,0,0
184,제주,2020-11-01,18.1,13.7,0040,22.3,1321,,,,,2.48,1.0,8.5,20,1748,4.2,360,1750,2.1,1785,160,11.4,43,1329,66.3,13.7,1018.7,1022.9,0216,1019.3,1637,1021.1,10.8,7.5,1200,2.38,14.1,,,,,,7.0,6.3,18.3,6.1,17.2,17.6,17.6,18.2,18.6,19.6,20.1,21.3,20.5,2.7,3.9,5.4,{비}2131-{비}{강도0}2400-,,2020,11,44,306,0,0,0,1
184,제주,2020-11-02,15.7,12.8,2349,18.5,1504,,,,,10.9,5.4,6.3,20,1951,3.7,20,1321,1.8,1588,360,10.2,44,1649,70.9,12.6,1018.1,1021.9,0918,1019.2,1407,1020.6,10.8,2.6,1400,1.67,6.07,,,,,,5.6,3.4,15.6,6.5,17.7,18.2,18.2,18.5,18.9,19.6,20.0,21.2,20.5,1.8,2.6,1.0,-{비}-{비}{강도0}0300-{비}{강도0}0600-{비}{강도0}0900-1048. {박무}0325-0515. {박무}0725-{박무}{강도0}0900-{박무}{강도0}1200-1210. {비}1138-1144. {황사}1535-{황사}{강도0}1800-1935.,,2020,11,45,307,0,0,0,1
184,제주,2020-11-03,13.1,11.8,2112,16.0,0618,,,,,,,15.8,20,1947,8.6,360,0844,4.9,4253,360,4.1,41,1425,55.0,8.3,1019.9,1025.0,2338,1020.1,0609,1022.4,10.8,4.1,1300,1.98,11.31,,,,,,5.3,5.3,11.3,4.6,16.1,16.7,17.2,18.3,18.8,19.6,20.0,21.1,20.5,3.4,4.9,,,,2020,11,45,308,0,0,0,0
184,제주,2020-11-04,12.0,9.2,2232,15.1,1205,,,,,,,11.6,20,0046,6.4,360,0004,3.1,2655,360,2.9,46,0137,54.1,7.5,1023.1,1026.5,0908,1024.3,1407,1025.6,10.7,9.5,1200,2.37,15.45,,,,,,3.5,2.6,11.4,3.1,15.5,15.9,16.4,17.6,18.2,19.5,19.6,21.1,20.4,2.7,3.9,,,,2020,11,45,309,0,0,0,0
184,제주,2020-11-05,14.0,8.2,0307,17.9,1334,,,,,0.48,0.0,8.2,70,1336,5.5,50,1257,2.4,2046,180,5.9,43,0818,58.9,9.4,1023.6,1028.1,1031,1024.7,1615,1026.1,10.7,6.7,1200,2.38,13.31,,,,,,6.3,2.6,12.0,2.3,14.9,15.3,15.8,17.1,17.7,19.1,19.5,21.0,20.5,2.8,4.1,0.0,{비}2321-2350.,,2020,11,45,310,0,0,0,0
184,제주,2020-11-06,17.8,13.8,0559,21.7,1052,,,,,0.08,0.0,4.2,160,0447,2.6,180,0107,1.3,1101,180,12.1,49,0313,71.1,14.8,1018.9,1025.7,0001,1019.4,1526,1021.4,10.7,0.5,1000,1.01,5.12,,,,,,7.5,6.4,16.2,7.6,16.2,16.5,16.4,17.0,17.6,18.9,19.5,21.0,20.4,1.0,1.4,,{비}0115-0120. {박무}2310-{박무}{강도0}2400-,,2020,11,45,311,0,0,0,0
184,제주,2020-11-07,17.6,14.5,2359,21.0,1415,,,,,,,6.5,340,1509,3.9,320,1450,1.6,1404,230,13.5,54,2356,77.9,15.7,1017.4,1021.9,2218,1018.3,1353,1019.9,10.7,2.8,1400,1.72,7.83,,,,,,5.8,5.8,17.6,5.5,17.3,17.7,17.3,17.5,17.9,18.8,19.4,20.9,20.4,1.7,2.5,,-{박무}-{박무}{강도0}0300-0550. {박무}2130-2330.,,2020,11,45,312,0,0,0,0
184,제주,2020-11-08,14.6,11.5,2352,19.2,1311,,,,,,,12.5,320,1847,6.6,320,1555,3.8,3266,340,5.6,37,1307,55.5,9.2,1021.6,1026.8,2206,1021.7,0002,1024.1,10.6,9.0,1200,2.3,14.39,,,,,,2.0,2.0,13.3,4.1,16.3,16.7,16.9,17.7,18.2,18.9,19.3,20.9,20.4,3.7,5.3,,,,2020,11,45,313,0,0,0,0
184,제주,2020-11-09,12.0,10.1,2347,14.5,1513,,,,,,,11.3,320,0205,5.8,320,0121,3.2,2793,360,1.1,31,1619,48.3,6.7,1024.1,1028.0,2347,1025.2,1432,1026.6,10.6,8.9,1200,2.37,14.78,,,,,,1.5,1.5,12.1,3.2,15.3,15.7,16.2,17.3,17.9,18.8,19.0,20.8,20.4,2.9,4.1,,,,2020,11,46,314,0,0,0,0
184,제주,2020-11-10,13.0,9.2,0154,17.2,1132,,,,,,,8.0,20,1255,4.9,360,1303,2.5,2131,180,4.3,41,1648,55.9,8.4,1026.0,1030.2,2213,1027.0,0515,1028.5,10.6,7.7,1200,2.24,12.58,,,,,,1.9,1.9,11.9,2.7,14.8,15.2,15.6,16.8,17.4,18.7,19.0,20.8,20.4,2.6,3.6,,,,2020,11,46,315,0,0,0,0
184,제주,2020-11-11,12.4,8.6,0705,15.9,1109,,,,,,,6.8,50,1507,4.4,20,1410,2.1,1776,160,4.9,49,1025,60.5,8.7,1028.8,1032.6,0907,1029.7,0043,1031.3,10.5,9.3,1200,2.28,14.17,,,,,,0.0,0.0,10.9,1.9,14.3,14.6,15.2,16.4,17.0,18.5,18.8,20.7,20.4,2.5,3.5,,,,2020,11,46,316,0,0,0,0
184,제주,2020-11-12,14.4,11.6,0032,17.9,1048,,,,,,,8.7,50,1203,5.6,50,1221,2.4,2046,160,8.8,58,1524,69.5,11.3,1027.2,1031.6,0001,1028.1,1456,1029.7,10.5,8.4,1200,2.25,13.16,,,,,,1.6,1.6,12.5,4.3,14.5,14.7,15.1,16.1,16.8,18.3,19.0,20.7,20.4,2.4,3.4,,,,2020,11,46,317,0,0,0,0
184,제주,2020-11-13,14.4,10.6,0641,18.7,1146,,,,,,,5.2,360,1129,3.2,360,1026,1.9,1655,160,6.4,40,1454,60.3,9.6,1025.5,1029.4,0907,1026.5,1444,1028.0,10.5,9.3,1200,2.3,14.12,,,,,,0.0,0.0,12.2,3.5,14.5,14.8,15.1,16.0,16.7,18.2,19.0,20.6,20.4,2.7,3.8,,,,2020,11,46,318,0,0,0,0
184,제주,2020-11-14,15.8,12.0,0110,19.4,1411,,,,,,,10.3,70,1329,6.0,50,1420,2.5,2134,160,9.8,37,1544,69.0,12.3,1025.6,1029.6,0923,1027.4,0415,1028.1,10.5,6.3,1100,1.95,10.51,,,,,,2.5,2.5,14.3,5.3,14.8,15.1,15.2,16.0,16.6,18.1,18.9,20.6,20.4,2.1,3.0,,{박무}0533-{박무}{강도0}0600-{박무}{강도0}0900-0955.,,2020,11,46,319,0,0,0,0
184,제주,2020-11-15,16.6,13.3,0516,19.7,1257,,,,,0.58,0.0,7.4,50,1122,4.8,50,1148,2.2,1897,160,11.4,60,1258,72.0,13.5,1024.2,1028.8,0943,1025.7,1440,1026.7,10.4,4.4,1200,2.25,10.57,,,,,,5.6,4.4,15.6,6.1,15.2,15.5,15.5,16.1,16.7,18.1,18.9,20.4,20.3,1.9,2.8,1.4,{비}1628-1638. {비}2305-2330.,,2020,11,46,320,0,0,0,0
184,제주,2020-11-16,16.8,14.5,0614,19.4,1412,,,,,3.52,1.4,6.7,50,1531,4.0,50,1537,1.8,1571,70,13.8,68,0104,83.3,15.8,1022.1,1026.5,0943,1023.0,1423,1024.6,10.4,1.2,1300,1.21,6.6,,,,,,8.9,7.5,16.8,11.3,16.4,16.8,16.4,16.6,17.1,18.2,18.9,20.5,20.3,1.3,1.8,,{비}0228-0250. {비}0404-{비}{강도0}0600-0705. {박무}0525-{박무}{강도0}0600-0715. {비}0840-0848. {박무}1805-{박무}{강도1}2100-2315.,,2020,11,47,321,0,0,0,1
184,제주,2020-11-17,21.0,16.3,0002,26.7,1227,,,,,,,6.6,110,1040,3.8,20,1141,1.7,1461,160,15.2,51,1224,70.6,17.4,1019.8,1024.0,0001,1020.9,1419,1022.2,10.4,7.1,1200,2.14,11.79,,,,,,2.4,2.3,18.0,10.5,17.2,17.5,17.1,17.0,17.5,18.3,18.8,20.4,20.4,2.6,3.7,0.0,,,2020,11,47,322,0,0,1,0
184,제주,2020-11-18,22.4,18.5,0640,25.9,1426,,,,,2.03,0.0,12.3,160,1214,5.7,110,1142,2.4,2041,140,16.1,53,1242,68.3,18.4,1013.5,1021.1,0001,1011.9,2253,1015.9,10.4,0.6,1400,1.12,5.55,,,,,,7.1,3.0,18.7,12.6,17.6,18.0,17.7,17.5,18.1,18.3,18.6,20.3,20.3,2.2,3.1,0.3,{비}0829-{비}{강도0}0900-1031.,,2020,11,47,323,0,0,1,0
184,제주,2020-11-19,20.4,15.6,2320,25.8,1036,,,,,8.18,12.2,17.2,230,1056,9.9,200,1010,4.6,3945,230,16.1,52,0339,78.0,18.7,1009.2,1015.4,2332,1008.6,1306,1011.6,10.3,1.0,1000,1.31,4.46,,,,,,9.0,5.5,18.3,13.7,18.5,19.0,18.5,18.0,18.5,18.4,18.5,19.8,20.2,1.5,2.1,11.9,{비}0701-{비}{강도0}0900-{비}{강도1}1200-1223. {비}1322-{비}{강도0}1500-1611. {박무}1325-{박무}{강도2}1500-1638.,,2020,11,47,324,0,0,1,1
184,제주,2020-11-20,12.9,10.9,2346,15.6,0001,,,,,1.37,0.0,11.4,320,1023,6.3,320,0936,4.0,3415,320,7.2,61,1253,68.5,10.2,1017.2,1023.2,2228,1014.8,0005,1019.7,10.3,0.2,1100,0.94,3.48,,,,,,9.4,8.0,12.4,10.3,16.9,17.4,17.7,18.2,18.6,18.7,18.4,20.0,20.3,1.4,2.1,,{비}0446-0453. {비}0518-0524. {비}0614-0723.,,2020,11,47,325,0,0,0,0
184,제주,2020-11-21,13.7,8.7,0614,16.4,1437,,,,,,,10.8,50,1421,6.1,50,1246,2.5,2165,50,9.3,66,0948,75.0,11.9,1019.1,1023.7,0748,1020.0,1420,1021.6,10.3,3.6,1200,1.58,8.79,,,,,,6.8,6.8,13.0,3.9,15.5,16.0,16.3,17.3,17.9,18.4,18.4,20.3,20.3,1.4,2.0,1.3,,,2020,11,47,326,0,0,0,0
184,제주,2020-11-22,13.2,11.3,2348,15.6,0638,,,,,10.08,4.2,13.4,340,2343,8.0,320,2341,3.6,3072,320,9.8,63,2124,80.4,12.3,1020.0,1026.1,2341,1018.7,0415,1022.5,10.3,0.0,1400,0.21,0.88,,,,,,9.9,7.5,12.7,9.4,15.5,16.0,16.2,16.9,17.4,18.2,18.7,20.2,20.3,1.3,1.9,2.9,{비}0548-{비}{강도0}0600-{비}{강도0}0900-1017. {박무}0715-0835. {비}1114-{비}{강도0}1200-{비}{강도0}1500-1650. {박무}1155-{박무}{강도0}1200-1245. {박무}1405-{박무}{강도0}1500-1655.,,2020,11,47,327,0,0,0,1
184,제주,2020-11-23,10.0,9.2,2356,11.2,0001,,,,,,,12.8,320,0011,7.6,320,0008,4.0,3483,340,2.8,54,0708,61.3,7.5,1024.9,1028.9,1006,1025.9,0001,1027.5,10.3,0.0,1100,0.72,3.23,,,,,,9.3,8.8,9.3,8.5,14.1,14.5,15.2,16.5,17.0,18.1,18.3,20.1,20.3,1.5,2.1,0.0,,,2020,11,48,328,0,0,0,0
184,제주,2020-11-24,10.5,8.7,0359,12.9,1350,,,,,2.87,0.0,8.6,20,0143,4.6,360,0023,2.5,2145,320,-0.2,28,1512,48.6,6.1,1025.0,1029.0,0930,1026.3,1432,1027.6,10.2,8.6,1200,2.17,13.0,,,,,,4.5,1.4,8.9,1.9,13.6,13.9,14.4,15.7,16.3,17.8,18.1,20.2,20.2,2.7,3.8,,{비}0318-{비}{강도0}0600-0610.,,2020,11,48,329,0,0,0,0
184,제주,2020-11-25,12.1,9.6,0748,14.7,1344,,,,,,,6.6,360,0301,3.7,360,0117,2.3,1962,360,3.2,45,0622,54.8,7.7,1024.2,1028.5,0753,1025.2,2347,1026.7,10.2,8.7,1200,2.11,12.59,,,,,,4.3,2.3,9.9,4.0,13.4,13.7,14.0,15.3,,,,,,2.3,3.2,3.7,,,2020,11,48,330,0,0,0,0
184,제주,2020-11-26,11.8,9.4,0759,14.1,1153,,,,,7.77,3.8,7.4,20,2203,3.9,360,2206,2.0,1707,290,5.1,52,1308,64.0,8.8,1023.6,1027.7,0924,1024.3,1546,1026.1,10.2,1.1,1200,1.55,7.16,,,,,,9.6,6.9,11.4,6.8,13.7,14.0,14.2,15.2,15.8,17.4,17.8,20.1,20.2,1.5,2.2,0.1,{비}0330-{비}{강도0}0600-{비}{강도0}0900-1035. {비}1436-{비}{강도0}1500-1507. {연무}2050-{연무}{강도0}2100-{연무}{강도0}2400- {비}2350-{비}{강도0}2400-,,2020,11,48,331,0,0,0,1
184,제주,2020-11-27,11.0,9.1,2231,12.9,1056,,,,,2.15,0.0,15.1,320,1722,9.1,340,1559,4.5,3862,320,3.9,50,2147,62.1,8.2,1024.8,1029.5,2242,1025.6,1534,1027.3,10.2,0.0,1000,1.02,3.15,,,,,,9.8,6.9,9.6,7.6,13.5,13.9,14.2,15.2,15.8,17.3,17.8,20.1,20.3,2.2,3.2,0.0,-{연무}-0020. -{비}-0132. {비}0425-0450. {비}1513-1525.,,2020,11,48,332,0,0,0,0
184,제주,2020-11-28,8.6,7.9,1658,9.4,0015,,,,,,,14.4,360,0807,7.6,360,0801,4.9,4243,340,0.6,49,0532,57.3,6.4,1026.5,1031.0,1013,1028.0,1533,1029.1,10.2,0.0,1200,0.62,2.88,,,,,,9.4,8.3,7.7,7.1,12.2,12.6,13.4,14.8,15.7,17.1,16.9,19.6,20.2,1.6,2.3,0.0,,,2020,11,48,333,0,0,0,0
184,제주,2020-11-29,9.2,7.6,0710,12.0,1224,,,,,4.77,0.0,11.1,360,1535,6.1,360,1559,3.8,3272,360,2.6,56,1221,63.4,7.3,1027.1,1032.0,2320,1028.0,0128,1029.7,10.1,0.3,1200,0.93,3.18,,,,,,8.6,7.4,8.3,5.9,11.8,12.1,12.7,14.2,15.0,16.5,16.8,19.9,20.2,1.5,2.1,0.2,{비}0445-{비}{강도0}0600-{비}{강도0}0900-0913. {비}1531-1549.,,2020,11,48,334,0,0,0,0
184,제주,2020-11-30,8.7,7.8,0215,10.1,1452,,,,,2.98,0.2,11.4,20,1850,6.0,20,0345,3.7,3186,20,1.4,54,2033,60.6,6.8,1031.4,1035.7,2201,1031.8,0010,1034.0,10.1,0.9,1400,0.94,4.71,,,,,,8.0,7.1,8.3,5.4,11.7,11.9,12.5,13.8,14.6,16.4,16.8,20.0,20.2,1.7,2.4,,{비}0133-{비}{강도0}0300-0432.,,2020,11,49,335,0,0,0,1
184,제주,2020-12-01,7.8,6.1,2353,10.3,1209,,,,,,,10.3,360,0447,6.2,20,0451,2.7,2358,20,-1.5,41,0920,52.1,5.5,1030.3,1035.4,0009,1030.4,1657,1032.9,10.1,8.9,1200,2.1,12.61,,,,,,2.5,2.0,7.0,-1.1,11.3,11.5,12.0,13.5,14.3,16.2,16.8,19.9,20.2,2.1,2.9,,,,2020,12,49,336,0,0,0,0
184,제주,2020-12-02,9.3,6.0,0030,12.4,1412,,,,,,,8.4,360,1909,4.8,360,1917,2.4,2085,360,0.7,40,1610,55.5,6.5,1026.0,1030.4,0001,1027.1,1350,1028.6,10.1,3.8,1300,1.6,6.95,,,,,,3.9,3.6,8.1,-1.2,10.9,11.0,11.6,13.1,14.1,16.1,16.6,19.9,20.2,1.8,2.5,,,,2020,12,49,337,0,0,0,0
184,제주,2020-12-03,8.2,5.8,0655,10.5,0948,,,,,,,11.9,20,1733,7.2,360,1618,3.3,2848,360,0.5,47,0012,58.5,6.4,1027.0,1030.9,1946,1027.7,1301,1029.6,10.1,2.5,1200,1.15,5.8,,,,,,5.6,5.6,6.7,-1.1,10.6,10.8,11.3,12.8,13.6,15.9,16.6,19.8,20.1,1.8,2.6,,,,2020,12,49,338,0,0,0,0
184,제주,2020-12-04,7.8,6.8,0407,9.4,1347,,,,,,,11.2,360,0738,7.1,360,0743,3.9,3338,360,-0.1,50,0016,57.5,6.1,1027.5,1031.3,0851,1028.8,1445,1030.1,10.1,3.6,1100,1.47,8.1,,,,,,6.5,5.9,7.9,3.2,10.5,10.7,11.2,12.6,13.8,16.0,16.6,19.6,20.1,1.7,2.4,,,,2020,12,49,339,0,0,0,0
184,제주,2020-12-05,8.8,6.0,0401,12.3,1342,,,,,,,7.0,50,0841,4.2,20,0839,1.9,1667,360,0.6,44,1200,56.6,6.4,1027.5,1031.8,0938,1028.8,1519,1030.1,10.1,5.1,1300,1.92,9.51,,,,,,5.6,5.6,8.3,-0.2,10.5,10.7,11.1,12.4,13.7,15.7,16.2,19.6,20.0,1.7,2.5,,,,2020,12,49,340,0,0,0,0
184,제주,2020-12-06,8.3,5.3,0644,11.7,1248,,,,,,,5.6,360,0246,3.4,20,1140,1.9,1605,180,0.8,49,1238,59.5,6.5,1026.2,1030.0,0758,1027.2,1554,1028.8,10.0,8.0,1200,2.04,11.44,,,,,,0.6,0.6,7.4,-0.9,10.5,10.7,11.0,12.4,13.6,15.7,16.0,19.6,20.0,1.9,2.7,,,,2020,12,49,341,0,0,0,0
184,제주,2020-12-07,10.1,6.3,0213,13.1,1202,,,,,,,9.4,360,1849,5.4,320,1824,2.3,1947,180,2.7,49,1029,60.4,7.5,1025.5,1029.3,0939,1026.3,1407,1028.0,10.0,2.6,1100,1.83,7.76,,,,,,7.8,5.5,9.4,-0.4,10.6,10.7,10.9,12.2,13.4,15.5,16.0,19.5,20.1,1.8,2.6,,{연무}2007-{연무}{강도0}2100-{연무}{강도0}2400-,,2020,12,50,342,0,0,0,0
184,제주,2020-12-08,8.2,6.8,2357,10.3,0030,,,,,,,11.2,360,0153,6.9,20,0156,3.0,2598,360,1.5,55,1213,63.0,6.8,1025.8,1030.0,0918,1027.0,0538,1028.4,10.0,3.1,1100,1.66,7.47,,,,,,5.9,5.9,8.6,3.1,11.0,11.2,11.4,12.4,13.5,15.5,16.2,19.5,20.1,1.4,2.1,,-{연무}-{연무}{강도0}0300-0420.,,2020,12,50,343,0,0,0,0
184,제주,2020-12-09,7.7,4.2,0730,10.6,1123,,,,,,,6.5,20,0035,4.0,20,1334,1.9,1632,180,0.9,53,1124,62.4,6.6,1022.9,1028.6,0111,1023.4,2358,1025.5,10.0,8.5,1200,2.02,11.61,,,,,,2.6,2.6,7.5,-1.6,10.5,10.7,11.1,12.3,13.6,15.5,16.0,19.4,20.0,1.8,2.5,,,,2020,12,50,344,0,0,0,0
184,제주,2020-12-10,10.3,7.6,0018,12.4,1202,,,,,,,5.8,50,1849,3.7,20,1855,1.6,1408,180,1.3,29,1345,55.0,6.8,1020.1,1024.6,0953,1020.8,1448,1022.6,10.0,0.3,1100,1.38,4.76,,,,,,8.8,7.0,9.7,2.7,10.8,10.9,11.1,12.2,13.5,15.5,16.1,19.4,20.0,1.3,1.8,,,,2020,12,50,345,0,0,0,0
184,제주,2020-12-11,11.1,8.9,0043,12.5,1254,,,,,2.62,0.0,3.6,160,1522,2.3,140,0100,1.2,1012,160,5.2,58,1125,67.8,8.9,1017.4,1022.3,0001,1017.9,1532,1019.9,10.0,0.0,1100,0.33,1.91,,,,,,9.3,7.5,9.8,2.5,11.0,11.2,11.2,12.2,13.4,15.4,15.9,19.3,19.9,1.0,1.4,0.0,{비}1628-{비}{강도0}1800-1905.,,2020,12,50,346,0,0,0,0
184,제주,2020-12-12,9.7,6.5,2342,11.5,0043,,,,,,,10.3,20,1112,6.7,20,0956,3.0,2555,360,0.9,39,1826,55.0,6.7,1016.7,1020.6,1012,1018.1,0609,1019.3,10.0,4.9,1300,1.65,8.18,,,,,,5.5,4.5,9.2,-1.6,11.2,11.3,11.5,12.4,13.5,15.3,16.1,19.3,19.9,1.8,2.5,,{연무}0045-0105. {연무}0355-{연무}{강도0}0600-{연무}{강도0}0900-1010.,,2020,12,50,347,0,0,0,0
184,제주,2020-12-13,8.7,5.7,2358,14.6,1435,,,,,0.13,0.0,18.1,50,2237,10.8,360,1934,4.0,3450,160,0.7,38,1057,57.6,6.6,1017.4,1024.4,2400,1016.5,1437,1020.0,10.0,2.4,1300,1.68,6.76,,,,,,7.6,4.0,8.1,-1.5,10.3,10.5,10.9,12.2,13.4,15.5,15.9,19.3,19.9,2.3,3.2,0.0,{비}1514-1522. {연무}1535-{연무}{강도0}1800-1915.,,2020,12,50,348,0,0,0,0
184,제주,2020-12-14,3.2,1.7,1105,5.9,0028,,,,,11.92,0.1,18.4,20,0815,9.0,360,0721,6.4,5489,20,-2.4,52,0147,66.9,5.1,1025.2,1030.3,2258,1023.9,0054,1027.8,10.0,0.0,1200,0.58,3.13,,,,,,9.8,7.6,5.1,0.2,9.5,9.8,10.6,12.1,13.6,15.5,15.6,19.1,19.9,1.2,1.8,0.1,{비}0205-0233. {진눈깨비}0310-{싸락눈}0525-{진눈깨비}0535-{진눈깨비}{강도0}0600-{눈}0650-0720. {눈}0913-0918. {눈}0955-{눈}{강도0}1200-1310. {눈}1426-{눈}{강도0}1500-1708. {눈}1815-1930.,,2020,12,51,349,0,0,0,1
184,제주,2020-12-15,3.0,2.0,1010,4.3,2353,,,,,5.43,0.0,14.1,20,0713,8.2,20,0622,4.5,3853,20,-3.2,57,1252,63.8,4.8,1027.4,1032.1,1030,1028.7,0451,1030.0,10.0,0.2,1200,0.84,3.78,,,,,,8.9,7.0,4.6,-0.6,8.4,8.7,9.6,11.6,13.5,15.6,15.9,19.2,19.9,1.1,1.6,1.2,{진눈깨비}0140-{진눈깨비}{강도0}0300-{진눈깨비}{강도0}0600-0706.,,2020,12,51,350,0,0,0,0
184,제주,2020-12-16,3.9,3.0,0843,5.3,0815,,,,,7.38,1.5,15.7,20,1429,7.9,20,1059,4.9,4222,360,-1.3,58,0029,69.3,5.6,1027.8,1032.4,2139,1028.9,0125,1030.4,10.0,0.0,1200,0.4,2.35,0.1,0813,0.1,0813,0.1,8.9,8.5,3.7,0.0,8.0,8.2,9.1,11.1,13.0,15.4,15.3,19.0,19.8,1.2,1.7,0.3,{진눈깨비}0146-0220. {진눈깨비}0323-0403. {진눈깨비}0608-{싸락눈}0637-{진눈깨비}0653-0705. {무지개}0811-0830. {진눈깨비}0813-{소낙눈}0835-{소낙눈}{강도0}0900-{진눈깨비}0905-{비}0922-1005. {싸락눈}1245-1337. {비}1404-{비}{강도0}1500-{진눈깨비}1533-{비}1619-1632.,,2020,12,51,351,0,0,0,1
184,제주,2020-12-17,5.7,3.8,0025,7.2,1214,,,,,2.3,0.0,11.1,360,0231,6.4,20,0328,3.5,2983,20,-0.3,55,1216,65.1,6.0,1027.6,1031.8,1035,1029.1,1806,1030.2,9.9,0.5,1100,0.82,4.06,,,,,,8.8,8.4,5.3,2.1,8.1,8.3,8.8,10.7,12.7,15.0,15.2,19.0,19.9,1.1,1.5,0.0,{비}0208-0216. {비}1438-{비}{강도0}1500-1638. {비}1720-1730.,,2020,12,51,352,0,0,0,0
184,제주,2020-12-18,7.7,6.1,2338,10.8,1222,,,,,0.1,0.0,13.8,50,2019,9.2,20,2101,3.8,3260,360,-0.4,42,1154,57.3,6.0,1026.4,1030.7,2339,1027.0,1602,1029.0,10.0,1.4,1200,1.6,5.38,,,,,,8.6,7.9,7.1,4.7,8.8,8.9,9.2,10.7,12.3,14.6,14.8,19.0,19.8,2.0,2.8,,{비}0824-0830.,,2020,12,51,353,0,0,0,0
184,제주,2020-12-19,4.4,2.8,2045,6.3,0016,,,,,,,14.8,20,0646,7.2,20,1152,5.0,4282,360,-4.0,32,1340,54.5,4.6,1030.1,1034.3,1043,1030.4,0005,1032.7,9.9,5.8,1300,1.89,9.82,,,,,,5.4,5.4,5.2,0.2,8.5,8.7,9.3,10.9,12.7,14.6,14.6,18.8,19.8,2.0,2.8,0.0,,,2020,12,51,354,0,0,0,0
184,제주,2020-12-20,6.8,3.6,0016,7.9,1511,,,,,0.8,0.0,11.3,20,2336,7.3,20,0715,4.0,3451,320,-1.7,45,2054,54.9,5.4,1029.4,1033.8,0030,1030.9,1630,1032.0,9.9,0.5,1300,0.81,4.33,,,,,,8.1,7.8,6.2,0.1,8.1,8.3,8.9,10.6,12.5,14.4,14.4,18.8,19.7,1.7,2.4,0.0,{비}0655-0716. {비}2155-2158. {비}2301-2325.,,2020,12,51,355,0,0,0,0
184,제주,2020-12-21,7.9,6.4,0934,10.2,1445,,,,,0.75,0.0,10.6,20,0041,5.7,20,0617,3.2,2757,290,-0.8,42,2109,54.4,5.8,1027.1,1031.9,1004,1028.5,1542,1029.7,9.9,0.5,1400,0.86,3.54,,,,,,7.9,7.9,7.2,1.9,8.6,8.7,9.1,10.5,12.1,14.1,13.9,18.8,19.8,1.4,2.0,0.0,{비}0202-0230. {비}1046-1103.,,2020,12,52,356,0,0,0,0
184,제주,2020-12-22,8.9,6.0,2359,13.1,1302,,,,,,,7.2,250,1338,5.0,270,1324,2.3,1964,180,-0.3,37,1513,52.8,6.0,1024.7,1028.6,0003,1025.5,1518,1027.3,9.9,4.3,1300,1.77,7.85,,,,,,4.6,4.6,7.5,-0.3,8.9,9.0,9.3,10.5,11.9,13.6,13.6,18.7,19.7,1.8,2.6,,,,2020,12,52,357,0,0,0,0
184,제주,2020-12-23,10.1,4.5,0559,15.0,1359,,,,,0.35,0.0,4.7,320,1531,3.3,180,0003,1.6,1363,160,0.7,34,1050,53.4,6.6,1020.5,1028.1,0001,1019.0,2400,1023.1,9.9,4.2,1300,1.96,8.97,,,,,,7.1,2.8,8.0,-2.4,8.9,8.9,9.2,10.5,11.5,13.4,13.7,18.7,19.7,1.8,2.6,0.0,{비}1934-1949. {비}2228-2234.,,2020,12,52,358,0,0,0,0
184,제주,2020-12-24,10.5,8.0,2034,13.5,1046,,,,,0.13,0.0,12.4,320,2214,7.4,320,2223,3.7,3179,320,2.5,42,1748,58.0,7.5,1017.0,1022.0,2349,1017.5,0441,1019.6,9.9,4.5,1200,1.64,7.69,,,,,,6.5,4.5,9.7,4.3,10.1,10.2,10.1,10.8,11.7,13.3,13.9,18.5,19.6,2.5,3.6,,{비}0326-0334. {연무}1148-{연무}{강도0}1200-1430.,,2020,12,52,359,0,0,0,0
184,제주,2020-12-25,6.8,4.8,2400,10.0,1236,,,,,,,15.4,320,0320,8.2,320,0223,4.0,3454,320,-2.0,42,0254,53.5,5.3,1022.4,1026.7,2134,1021.7,0014,1025.0,9.9,1.9,1100,1.18,6.14,,,,,,6.6,6.3,7.0,-2.0,9.3,9.6,9.9,11.1,12.0,13.5,13.1,17.6,19.4,1.4,2.1,,,,2020,12,52,360,0,0,0,0
184,제주,2020-12-26,7.4,3.8,0354,10.6,1245,,,,,,,6.6,340,1336,4.2,20,1323,2.0,1730,160,-0.7,43,1336,56.8,5.8,1023.1,1028.4,0934,1023.5,2235,1025.7,10.0,8.5,1200,1.96,11.93,,,,,,4.8,3.0,6.4,-2.8,8.8,8.9,9.4,10.7,11.7,13.2,13.0,18.5,19.5,1.9,2.7,0.2,,,2020,12,52,361,0,0,0,0
184,제주,2020-12-27,10.1,8.1,0001,11.5,1244,,,,,13.07,14.4,12.8,50,1901,8.3,50,1910,2.7,2352,70,6.1,42,0133,78.6,9.8,1017.5,1023.5,0001,1015.8,1422,1020.0,9.9,0.0,1100,0.19,1.09,,,,,,9.8,6.9,8.6,3.8,9.4,9.6,9.6,10.6,11.5,13.1,13.5,18.5,19.5,0.5,0.8,14.2,{비}0637-{비}{강도0}0900-{비}{강도0}1200-1440. {박무}1315-1445. {비}1545-1610. {비}1755-{비}{강도0}1800-{비}{강도0}2100-2221. {박무}1825-{박무}{강도0}2100-2225. {비}2311-2321.,,2020,12,52,362,0,0,0,1
184,제주,2020-12-28,11.4,8.3,0745,14.5,1242,,,,,,,8.3,50,1407,4.7,50,1406,2.1,1785,160,6.7,54,1248,74.0,9.8,1020.2,1024.9,1036,1020.9,0004,1022.7,10.0,8.2,1200,2.03,11.44,,,,,,3.4,2.4,9.0,1.8,10.0,10.2,10.2,10.8,11.5,13.1,13.8,18.4,19.5,1.9,2.8,,{달무리}2330-,,2020,12,53,363,0,0,0,0
184,제주,2020-12-29,9.6,3.0,2355,14.6,1117,,,,,10.38,5.4,17.4,360,1947,10.3,360,1942,3.7,3197,360,6.0,66,0958,79.0,9.5,1016.6,1022.1,0506,1014.6,1521,1019.1,10.0,0.9,1100,0.84,3.91,,,,,,8.9,4.9,8.2,2.7,10.2,10.4,10.5,11.1,11.8,13.2,13.8,18.4,19.4,1.2,1.8,5.9,-{달무리}-0120. {비}1337-{비}{강도0}1500-{비}{강도0}1800-{비}{강도0}2100-{비}{강도0}2400- {박무}1555-{박무}{강도1}1800-{박무}{강도0}2100-2155. {박무}2225-{박무}{강도0}2400-,,2020,12,53,364,0,0,0,1
184,제주,2020-12-30,0.9,-1.4,1800,4.3,0128,,,,,23.02,4.3,23.8,340,2019,12.7,320,1430,8.5,7318,320,-3.1,54,1318,74.9,4.9,1020.9,1026.2,2357,1020.9,0037,1023.6,10.0,0.9,1200,1.15,4.37,2.0,2150,2.0,2150,2.9,9.1,8.4,2.1,-0.4,8.3,8.6,9.6,11.0,12.2,13.6,13.2,16.4,18.7,1.2,1.7,4.0,-{박무}-0115. -{비}-0136. {비}0235-{진눈깨비}0350-{진눈깨비}{강도0}0600-{눈}0608-{눈}{강도0}0900-{소낙눈}0934-{소낙눈}{강도0}1200-{눈}1205-{소낙눈}1440-{소낙눈}{강도0}1500-{눈}1525-{소낙눈}1550-{눈}1620-{눈}{강도0}1800-{소낙눈}1830-{소낙눈}{강도0}2100-{소낙눈}{강도0}2400- {박무}0825-{박무}{강도0}0900-1125. {박무}1625-{박무}{강도1}1800-{박무}{강도0}2100-2245. {박무}2352-{박무}{강도0}2400-,,2020,12,53,365,0,0,0,1
184,제주,2020-12-31,2.9,-0.3,0001,4.6,2337,,,,,17.08,3.8,18.1,340,0028,9.9,320,0122,6.1,5258,320,-2.6,50,2117,67.9,5.1,1024.3,1028.4,1051,1025.5,0042,1026.9,10.0,0.2,1100,0.56,3.0,1.6,1155,2.1,1155,1.7,8.8,8.8,2.4,0.0,7.0,7.3,8.2,10.2,11.4,12.6,11.9,17.6,19.3,1.4,2.0,3.6,-{박무}-0015. -{소낙눈}-0232. {소낙눈}0320-{소낙눈}{강도0}0600-{소낙눈}{강도0}0900-{소낙눈}{강도0}1200-1245. {박무}0735-{박무}{강도0}0900-{박무}{강도0}1200-1210. {소낙눈}1333-1425. {소낙눈}1540-1725. {소낙눈}1833-{소낙눈}{강도0}2100-2104.,,2020,12,53,366,0,0,0,1
184,제주,2021-01-01,5.5,4.0,0235,7.2,2358,,,,,3.42,0.0,13.4,320,0039,6.9,320,0133,3.8,3261,290,-3.0,46,0401,54.4,4.9,1024.3,1028.8,0954,1025.6,2244,1026.9,10.0,0.1,1000,0.47,2.55,,,,,,9.3,8.8,3.6,2.2,6.7,6.8,7.6,9.4,10.4,11.7,11.3,17.0,19.4,1.6,2.3,0.0,{소낙눈}0021-0029. {소낙성진눈깨비}0512-{소낙성진눈깨비}{강도0}0600-0734. {비}1140-{비}{강도0}1200-1205. {비}1602-1612. {비}2327-2347.,,2021,1,53,1,0,0,0,0
184,제주,2021-01-02,5.9,2.8,2316,8.4,1035,,,,,0.33,0.0,11.8,270,0235,6.4,320,0509,4.3,3739,290,-2.2,43,0800,56.4,5.3,1025.9,1032.7,2400,1025.5,0010,1028.5,10.0,1.4,1300,1.2,5.45,,,,,,6.8,6.8,4.5,-2.1,7.3,7.4,7.8,9.1,9.8,11.3,11.1,16.7,19.2,1.4,2.1,0.0,{비}0943-0953. {비}1201-1211.,,2021,1,53,2,0,0,0,0
184,제주,2021-01-03,4.5,2.7,0027,6.3,1206,,,,,,,7.9,20,1020,4.6,20,0619,2.5,2129,20,-3.3,48,2304,57.0,4.8,1030.7,1035.2,1029,1032.2,1552,1033.3,10.0,3.1,1200,1.65,7.85,,,,,,7.8,4.4,3.6,-2.0,7.0,7.0,7.5,8.9,9.5,11.0,11.6,17.7,19.3,1.3,1.8,,,,2021,1,53,3,0,0,0,0
184,제주,2021-01-04,5.9,2.2,0712,9.2,1307,,,,,,,5.9,50,1313,3.8,20,1219,1.7,1507,160,-1.8,48,0001,57.8,5.4,1027.9,1033.4,0303,1028.1,1600,1030.5,10.0,4.4,1200,1.68,8.38,,,,,,6.0,3.1,4.2,-4.0,7.0,7.0,7.4,8.6,9.1,11.0,11.6,17.8,19.4,1.5,2.2,0.0,,,2021,1,1,4,0,0,0,0
184,제주,2021-01-05,5.6,2.6,2046,9.0,0415,,,,,3.67,0.0,15.6,20,1151,8.6,360,0920,4.0,3482,360,-0.3,57,0313,66.0,6.1,1025.9,1030.4,2028,1026.3,0628,1028.5,10.0,0.0,1200,0.55,2.77,,,,,,9.5,6.4,4.8,1.5,7.4,7.4,7.7,8.6,9.3,11.1,12.2,17.6,19.3,1.2,1.7,0.1,{비}0525-{비}{강도0}0600-{비}{강도0}0900-0905.,,2021,1,1,5,0,0,0,0
184,제주,2021-01-06,4.0,1.7,0509,5.6,2219,,,,,9.08,0.6,20.2,320,2355,11.7,320,2354,5.3,4594,320,-3.1,41,1512,60.8,4.9,1022.5,1029.6,0025,1021.6,2305,1025.1,10.0,1.6,1300,1.68,5.71,,,,,,9.0,7.5,3.8,-0.3,6.7,6.8,7.3,8.6,9.5,11.7,11.9,16.9,19.3,1.8,2.5,1.3,{진눈깨비}0006-0017. {싸락눈}0127-{싸락눈}{강도0}0300-{소낙성진눈깨비}0305-{싸락눈}0444-{소낙성진눈깨비}0456-{소낙성진눈깨비}{강도0}0600-0630. {소낙성진눈깨비}0733-0830. {눈}1053-1115. {눈}1238-1316. {진눈깨비}2105-2127. {비}2228-{진눈깨비}2240-{비}2304-{비}{강도0}2400- {박무}2235-{박무}{강도0}2400-,,2021,1,1,6,0,0,0,1
184,제주,2021-01-07,-1.1,-3.1,1511,4.4,0002,,,,,22.23,7.9,23.4,320,0002,12.2,320,0042,7.5,6468,340,-4.8,49,0822,76.5,4.3,1022.7,1026.9,0908,1022.6,0001,1025.4,10.1,0.0,1200,0.63,3.14,6.5,2240,6.5,2240,6.7,9.0,9.0,1.0,-2.2,5.9,6.0,6.8,8.4,9.7,11.2,10.4,14.8,18.2,0.8,1.2,8.3,-{박무}-0010. -{진눈깨비}-{진눈깨비}0020-0034. {소낙눈}0220-{소낙눈}{강도0}0300-{소낙눈}{강도0}0600-{소낙눈}{강도0}0900-{소낙눈}{강도0}1200-{소낙눈}{강도0}1500-{소낙눈}{강도0}1800-{소낙눈}{강도1}2100-{소낙눈}{강도0}2400- {박무}0245-{박무}{강도0}0300-{박무}{강도0}0600-{박무}{강도1}0900-{박무}{강도1}1200-{박무}{강도0}1500-{박무}{강도0}1800-{시정(미만)}{1km}{안개}{강도0}1935-{안개}{강도0}2100-{시정(이상)}{1km}{박무}2108-2145.,1.55,2021,1,1,7,0,0,0,1
184,제주,2021-01-08,-1.1,-2.7,1010,1.0,1603,,,,,24.0,6.1,22.2,320,2141,11.7,320,1747,7.2,6196,320,-5.1,43,0724,74.9,4.2,1021.2,1025.6,1009,1021.7,1521,1023.9,10.1,0.2,1300,0.85,3.41,4.5,2350,9.2,2350,5.7,8.9,8.9,1.2,0.1,5.6,5.7,6.3,8.0,9.1,10.1,8.9,14.7,18.2,1.0,1.5,5.0,{박무}0125-{박무}{강도1}0300-0345. -{소낙눈}-{소낙눈}{강도0}0300-{소낙눈}{강도0}0600-{소낙눈}{강도0}0900-{소낙눈}{강도0}1200-{소낙눈}{강도0}1500-{소낙눈}{강도0}1800-{소낙눈}{강도0}2100-{소낙눈}{강도0}2400- {박무}0548-{박무}{강도0}0600-{박무}{강도2}0900-{박무}{강도0}1200-{박무}{강도0}1500-1520. {박무}2145-{박무}{강도2}2400-,,2021,1,1,8,0,0,0,1
184,제주,2021-01-09,1.2,-2.1,0001,3.1,1431,,,,,19.67,0.9,19.0,340,1838,11.0,320,1844,6.7,5765,320,-3.4,52,0359,71.4,4.8,1021.8,1027.5,2347,1022.4,1359,1024.5,10.1,0.4,1400,0.81,3.75,0.0,,9.2,0001,0.0,8.3,8.3,1.1,0.1,5.4,5.4,5.9,7.7,8.2,9.1,8.0,13.8,17.9,1.1,1.6,0.8,-{박무}-0010. -{소낙눈}-{소낙눈}{강도0}0300-{소낙눈}{강도0}0600-{소낙눈}{강도0}0900-{소낙눈}{강도0}1200-{소낙눈}{강도0}1500-{소낙눈}{강도0}1800-1940.,,2021,1,1,9,0,0,0,1
184,제주,2021-01-10,3.6,0.8,0007,5.1,1627,,,,,6.3,0.0,13.9,340,1758,8.0,320,1846,4.4,3796,320,-2.8,49,2039,62.9,5.0,1024.9,1028.4,2028,1026.2,1401,1027.5,10.1,0.0,1100,0.4,2.63,,,4.6,0001,,8.9,8.1,1.6,0.3,5.0,5.0,5.5,7.1,7.5,8.5,7.9,15.8,18.7,1.3,1.9,0.2,{소낙눈}0723-{소낙눈}{강도0}0900-0914. {비}1025-1035. {비}1215-{비}{강도0}1500-1605. {비}1738-{비}{강도0}1800-1805.,,2021,1,1,10,0,0,0,0
184,제주,2021-01-11,3.4,1.5,0949,5.1,0443,,,,,12.8,10.8,10.4,340,2319,6.2,320,2326,2.3,1951,180,-0.1,50,0006,79.0,6.1,1023.1,1029.3,1006,1022.6,2348,1025.7,10.1,0.0,1400,0.26,1.24,,,,,,10.0,7.3,3.1,0.0,4.9,4.8,5.1,6.6,7.0,8.1,8.0,16.1,19.0,0.7,1.0,10.8,{비}0324-0351. {비}0703-{비}{강도0}0900-{진눈깨비}0934-1135. {박무}0845-{박무}{강도0}0900-1055. {비}1307-{비}{강도0}1500-1510. {비}1814-{비}{강도0}2100-{비}{강도0}2400- {박무}2025-{박무}{강도0}2100-2255.,,2021,1,2,11,0,0,0,1
184,제주,2021-01-12,4.7,2.6,0001,6.4,1247,,,,,5.0,1.2,13.6,320,0220,7.3,320,0252,3.8,3281,290,-2.0,49,0734,62.3,5.3,1017.3,1022.9,0001,1018.1,1555,1019.9,10.1,1.0,1200,1.64,3.74,,,,,,7.9,7.4,3.1,-0.3,5.0,4.9,5.1,6.2,6.5,7.9,8.3,15.7,18.7,1.3,1.9,1.0,-{진눈깨비}-{진눈깨비}0055-{비}0120-{비}{강도0}0300-0305. {비}1323-{비}{강도0}1500-1511. {박무}1410-{박무}{강도0}1500-1725. {비}1613-1620.,,2021,1,2,12,0,0,0,1
184,제주,2021-01-13,10.0,5.2,0003,13.6,1339,,,,,,,13.1,250,1251,7.8,250,1359,4.4,3840,230,-0.4,39,2016,48.9,6.0,1015.6,1019.7,2209,1016.1,1437,1018.1,10.2,8.6,1200,2.01,12.05,,,,,,2.4,2.4,5.5,1.4,5.8,5.8,5.6,6.2,6.5,7.9,8.4,16.4,19.1,3.0,4.3,,{황사}0005-{황사}{강도0}0300-{황사}{강도0}0600-{황사}{강도0}0900-{황사}{강도0}1200-1420.,,2021,1,2,13,0,0,0,0
184,제주,2021-01-14,10.8,7.9,0841,15.4,1547,,,,,,,7.7,230,0141,4.7,250,0118,2.5,2126,180,3.8,50,1559,62.5,8.1,1018.1,1022.9,1026,1019.4,1446,1020.6,10.2,8.5,1200,1.96,11.67,,,,,,0.3,0.3,6.9,0.0,7.0,6.9,6.6,6.8,7.2,7.9,8.5,16.0,18.8,2.0,2.9,,,,2021,1,2,14,0,0,0,0
184,제주,2021-01-15,12.1,7.7,0101,18.2,1309,,,,,,,13.1,360,2231,7.2,250,1629,3.6,3104,230,6.0,46,1410,67.9,9.4,1015.4,1020.1,0211,1015.1,1544,1017.9,10.2,7.7,1200,2.15,12.33,,,,,,5.4,3.8,8.8,-0.1,7.8,7.7,7.4,7.3,7.8,8.1,8.8,16.3,18.9,2.7,3.9,,{박무}2145-{박무}{강도0}2400-,,2021,1,2,15,0,0,0,0
184,제주,2021-01-16,5.1,2.8,2236,8.6,0014,,,,,,,14.2,20,2002,6.7,320,0628,4.7,4075,320,-1.1,57,1320,64.6,5.7,1023.4,1029.5,2400,1019.9,0001,1026.0,10.2,1.3,1300,1.39,5.63,,,,,,9.0,8.4,6.0,2.4,8.1,8.2,8.1,8.1,8.3,8.6,8.8,14.0,18.3,1.4,2.1,1.6,{황사}0010-{황사}{강도0}0300-{황사}{강도0}0600-0720. -{박무}-{박무}{강도0}0300-0306.,,2021,1,2,16,0,0,0,0
184,제주,2021-01-17,3.1,1.2,1925,4.4,2337,,,,,19.35,2.0,15.7,360,0856,8.5,360,0902,5.0,4277,340,-2.1,47,2301,69.0,5.3,1026.0,1030.7,1025,1026.6,2400,1028.6,10.2,0.4,1100,0.75,3.56,,,,,,9.0,8.4,3.1,0.0,6.5,6.6,7.1,7.9,8.3,8.7,8.7,15.2,18.7,1.2,1.7,0.4,{눈}0036-{눈}{강도0}0300-{눈}{강도0}0600-{싸락눈}0653-{진눈깨비}0715-{진눈깨비}{강도0}0900-{소낙눈}0935-{소낙눈}{강도0}1200-1405. {소낙눈}1515-{소낙눈}{강도0}1800-{소낙눈}{강도0}2100-2107.,,2021,1,2,17,0,0,0,1
184,제주,2021-01-18,6.6,3.1,0259,9.9,1403,,,,,1.63,0.0,18.6,270,1145,10.1,320,1928,6.0,5159,320,-3.1,39,1510,50.6,4.9,1021.5,1027.8,2359,1021.3,1426,1024.1,10.3,3.1,1300,1.42,7.57,,,,,,6.1,6.1,4.1,0.0,6.3,6.3,6.5,7.4,7.9,8.6,8.4,13.1,17.7,2.5,3.5,0.0,{진눈깨비}0147-{소낙눈}0230-{소낙눈}{강도0}0300-0305. {비}0829-0839. {비}1036-1046.,,2021,1,3,18,0,0,0,0
184,제주,2021-01-19,4.0,2.0,0627,6.3,1449,,,,,,,9.5,20,0131,4.8,320,0017,2.3,1987,20,-4.8,37,1558,53.3,4.3,1028.0,1032.4,1016,1027.7,0003,1030.6,10.3,9.0,1200,2.27,13.79,,,,,,0.6,0.6,2.7,-5.8,6.1,6.1,6.3,7.2,7.5,8.4,8.2,15.2,18.6,1.9,2.7,,,,2021,1,3,19,0,0,0,0
184,제주,2021-01-20,9.2,3.8,0518,15.9,1452,,,,,,,8.7,110,1221,4.7,270,1414,2.2,1864,160,1.3,39,1318,58.3,6.8,1025.4,1030.8,0001,1025.9,1358,1027.9,10.3,7.3,1200,2.21,12.79,,,,,,1.8,1.8,5.4,-4.7,6.3,6.2,6.2,7.0,7.2,8.3,8.6,15.7,18.7,2.2,3.1,,,,2021,1,3,20,0,0,0,0
184,제주,2021-01-21,12.6,7.3,0224,17.9,1443,,,,,7.47,0.5,5.1,250,1641,3.3,250,1648,1.7,1493,160,6.3,45,1225,66.8,9.7,1019.6,1026.6,0001,1018.7,2325,1022.1,10.3,5.4,1300,1.94,9.89,,,,,,7.4,4.9,9.1,-0.4,7.8,7.6,7.3,7.4,7.5,8.4,9.0,15.8,18.7,1.7,2.5,5.1,{비}1632-{비}{강도0}1800-{비}{강도0}2100-{비}{강도0}2400-,,2021,1,3,21,0,0,0,1
184,제주,2021-01-22,12.7,11.5,2255,14.5,0208,,,,,21.37,8.2,6.7,250,0255,4.2,250,0208,1.7,1453,250,11.3,80,0123,91.4,13.4,1015.6,1019.6,0955,1016.8,2333,1018.1,10.3,0.0,1400,0.39,1.68,,,,,,10.0,6.9,11.7,10.2,9.7,9.7,9.0,8.5,8.5,8.6,9.2,15.3,18.6,0.5,0.7,15.1,{박무}0245-{박무}{강도0}0300-0545. -{비}-{비}{강도0}0300-{비}{강도0}0600-0826. {박무}0655-0725. {비}1104-{비}{강도0}1200-{비}{강도0}1500-{비}{강도0}2100-{비}{강도0}2400- {박무}1215-1318. {박무}2135-{박무}{강도0}2400-,,2021,1,3,22,0,0,0,1
184,제주,2021-01-23,12.5,11.1,2355,13.5,1609,,,,,24.0,57.8,15.2,50,1546,8.0,70,1726,4.0,3457,70,10.8,78,2340,90.0,13.0,1013.1,1018.7,2320,1012.4,1415,1015.6,10.4,0.0,1300,0.21,0.76,,,,,,10.0,7.5,11.3,9.3,10.4,10.4,9.9,9.4,9.4,9.1,9.5,15.6,18.8,0.9,1.3,46.5,-{비}-{비}{강도0}0300-{비}{강도0}0600-{비}{강도0}0900-{비}{강도0}1200-{비}{강도0}1500-{비}{강도1}1800-{비}{강도0}2100-{비}{강도0}2400- -{박무}-{박무}{강도1}0300-{박무}{강도1}0600-{박무}{강도1}0900-{박무}{강도1}1200-{박무}{강도0}1500-{박무}{강도0}1800-1925. {박무}2110-2304.,,2021,1,3,23,0,0,0,1
184,제주,2021-01-24,11.8,10.4,0511,13.6,1305,,,,,3.22,0.2,13.1,90,0017,6.9,70,0205,3.9,3388,70,5.2,54,1515,64.3,8.8,1021.1,1026.4,2333,1018.6,0018,1023.6,10.4,6.0,1200,1.98,11.27,,,,,,6.8,4.5,10.5,6.7,10.5,10.6,10.3,10.0,10.2,9.9,10.4,15.5,18.7,2.3,3.3,,-{비}-{비}{강도0}0300-0313.,,2021,1,3,24,0,0,0,1
184,제주,2021-01-25,12.6,11.3,0503,15.3,1400,,,,,,,13.3,90,1410,6.3,90,1339,3.5,2983,70,6.5,56,1402,66.9,9.7,1021.0,1026.4,0015,1020.3,2335,1023.5,10.4,2.7,1400,1.68,8.71,,,,,,8.4,7.0,11.5,9.1,10.7,10.8,10.5,10.2,10.4,10.2,10.5,15.5,18.6,1.8,2.5,6.5,,,2021,1,4,25,0,0,0,0
184,제주,2021-01-26,10.4,8.8,2400,12.8,0341,,,,,13.0,19.7,12.1,20,2118,7.7,20,0918,3.4,2901,360,7.8,70,2042,84.6,10.7,1016.3,1022.1,2356,1016.7,0556,1018.9,10.4,0.0,1500,0.25,1.41,,,,,,9.4,7.9,10.1,7.1,10.7,10.9,10.6,10.5,10.7,10.7,10.9,15.6,18.6,0.8,1.2,13.2,{비}0050-0230. {비}0355-{비}{강도0}0600-{비}{강도1}0900-{비}{강도0}1200-{비}{강도0}1500-1505. {박무}0745-{박무}{강도0}0900-{박무}{강도0}1200-{박무}{강도0}1500-1505. {비}1610-1620.,,2021,1,4,26,0,0,0,1
184,제주,2021-01-27,7.6,5.8,2232,10.0,1436,,,,,,,8.4,340,0025,4.9,320,0103,2.3,2007,180,-1.7,38,1229,52.8,5.5,1019.6,1024.2,0718,1020.1,2358,1022.2,10.5,9.0,1200,2.34,14.36,,,,,,1.8,1.4,6.7,-2.7,9.6,9.7,9.9,10.3,10.7,10.9,10.8,15.3,18.6,2.3,3.4,,,,2021,1,4,27,0,0,0,0
184,제주,2021-01-28,6.2,0.4,2352,10.6,1114,,,,,5.92,0.5,22.2,320,2047,11.8,320,2055,5.9,5088,320,-1.2,43,1656,60.3,5.7,1018.0,1025.8,2349,1017.0,0519,1020.6,10.5,2.1,1000,1.22,6.49,0.5,2350,0.5,2350,0.5,6.9,6.5,4.5,-1.4,8.5,8.6,9.0,9.9,10.3,10.8,10.7,14.4,18.3,2.1,3.0,0.7,{연무}1315-{연무}{강도0}1500-1530. {비}1324-1335. {비}1546-1558. {진눈깨비}1828-{소낙눈}1950-{소낙눈}{강도0}2100-{소낙눈}{강도0}2400-,,2021,1,4,28,0,0,0,1
184,제주,2021-01-29,2.5,0.3,0027,5.3,1450,,,,,8.32,0.2,20.7,320,0015,9.3,320,0005,5.2,4480,320,-4.8,46,1249,58.4,4.3,1024.6,1028.2,1144,1025.3,0001,1027.2,10.5,2.8,1200,1.7,8.81,0.3,0001,0.8,0001,0.3,6.4,6.1,3.1,-3.7,7.0,7.1,7.9,9.3,9.9,10.6,9.9,13.4,17.7,1.6,2.4,0.0,-{소낙눈}-{소낙눈}{강도0}0300-0305. {소낙눈}0501-{소낙눈}{강도0}0600-{소낙눈}{강도0}0900-1015.,,2021,1,4,29,0,0,0,1
184,제주,2021-01-30,7.8,2.2,0007,11.7,1312,,,,,,,10.2,270,1316,6.4,270,1224,3.6,3112,180,-0.9,43,1145,54.5,5.7,1025.4,1028.9,2111,1026.7,1507,1028.0,10.5,7.4,1100,2.13,12.94,,,,,,3.6,3.3,5.2,-3.1,7.0,7.0,7.4,8.6,8.9,10.1,10.0,14.8,18.4,2.3,3.3,,,,2021,1,4,30,0,0,0,0
184,제주,2021-01-31,10.7,5.6,0511,14.9,1458,,,,,2.7,0.0,5.4,20,1426,3.6,20,1410,1.8,1566,140,3.0,44,1302,59.9,7.7,1023.8,1029.6,0332,1022.1,2351,1026.4,10.6,3.0,1300,2.07,10.1,,,,,,7.1,3.6,8.4,-1.4,8.1,8.1,8.0,8.6,8.7,9.9,10.0,14.9,18.4,1.8,2.6,15.5,{비}1940-1956. {비}2134-{비}{강도0}2400-,,2021,1,4,31,0,0,0,0
184,제주,2021-02-01,11.6,9.8,1332,15.8,0348,,,,,15.55,22.4,14.1,250,0500,7.5,200,0249,3.6,3082,250,8.2,59,1816,80.8,11.0,1016.5,1022.1,0009,1017.0,1408,1019.0,10.6,0.0,1400,0.38,2.03,,,,,,9.9,7.3,10.7,7.9,9.8,9.8,9.4,9.3,9.2,9.7,10.2,13.3,17.8,1.0,1.5,6.9,-{비}-{비}{강도0}0300-{비}{강도1}0600-{비}{강도0}0900-{비}{강도0}1200-{비}{강도0}1500-1505. {박무}0510-{박무}{강도1}0600-{박무}{강도0}0900-1030. {박무}1240-{박무}{강도0}1500-1720. {비}1605-1633. {박무}1910-{박무}{강도0}2100-{박무}{강도1}2400-,,2021,2,5,32,1,0,0,1
184,제주,2021-02-02,4.2,2.9,1655,10.0,0001,,,,,,,13.1,20,0013,7.2,360,0028,4.4,3773,320,-3.6,48,2218,57.1,4.7,1024.3,1028.5,2236,1020.6,0001,1026.9,10.6,5.6,1200,2.29,11.84,,,,,,5.4,5.4,5.0,-0.5,8.8,8.9,9.2,9.5,9.6,9.9,10.1,14.7,18.2,2.1,3.0,,-{박무}-{박무}{강도0}0300-0315.,,2021,2,5,33,1,0,0,0
184,제주,2021-02-03,5.8,3.6,0724,8.6,1508,,,,,,,11.9,320,0042,7.1,290,0056,2.7,2369,320,-4.1,32,1232,49.5,4.6,1024.3,1029.8,1013,1024.6,1624,1026.9,10.6,8.6,1200,2.41,14.72,,,,,,3.1,3.1,5.9,-2.5,7.8,7.9,8.3,9.1,9.1,9.9,9.9,14.6,18.1,2.3,3.3,0.1,,,2021,2,5,34,1,0,0,0
184,제주,2021-02-04,6.4,3.6,2300,9.5,0334,,,,,0.42,0.1,16.5,320,0418,9.2,360,0612,3.4,2919,320,-1.8,38,2127,56.3,5.5,1024.5,1029.3,1118,1023.7,0348,1027.1,10.7,8.1,1200,2.51,15.1,,,,,,3.4,3.0,7.5,-6.3,8.3,8.3,8.4,9.0,8.9,9.8,10.0,14.2,18.0,2.2,3.1,,{비}0350-0415. {박무}0355-0535. {연무}0530-{연무}{강도0}0600-{연무}{강도0}0900-0935.,,2021,2,5,35,1,0,0,1
184,제주,2021-02-05,7.1,2.2,0428,9.9,1553,,,,,4.02,0.0,6.2,180,2130,4.9,180,2118,1.6,1346,160,-0.9,39,1107,57.6,5.9,1019.7,1027.0,0009,1018.1,2302,1022.2,10.7,0.0,1100,0.78,4.26,,,,,,8.1,5.0,5.4,-5.4,7.5,7.5,7.8,8.8,8.7,9.8,10.0,14.8,18.3,1.1,1.5,0.0,{비}1917-{비}{강도0}2100-2318.,,2021,2,5,36,1,0,0,0
184,제주,2021-02-06,10.6,7.5,0524,14.6,1438,,,,,,,11.0,250,2143,6.2,290,1417,3.4,2903,200,5.3,57,1643,70.4,8.9,1015.8,1019.3,1053,1017.3,1337,1018.3,10.7,9.5,1200,2.45,15.52,,,,,,1.1,0.9,8.8,0.5,8.4,8.3,8.2,8.6,8.6,9.6,10.3,14.9,18.3,2.6,3.8,,{연무}2225-{연무}{강도0}2400-,,2021,2,5,37,1,0,0,0
184,제주,2021-02-07,11.0,7.5,2358,15.1,1313,,,,,,,8.8,230,0036,5.5,250,0024,2.9,2527,320,5.4,49,2012,68.8,9.0,1019.2,1025.8,2345,1018.8,0058,1021.7,10.8,8.0,1200,2.13,12.89,,,,,,1.9,1.4,10.1,2.7,9.4,9.4,9.1,9.1,9.0,9.4,10.0,14.4,18.0,2.4,3.5,,-{연무}-{연무}{강도0}0300-{연무}{강도1}0600-{연무}{강도1}0900-{연무}{강도1}1200-{연무}{강도1}1500-{연무}{강도0}1800-2008.,,2021,2,5,38,1,0,0,0
184,제주,2021-02-08,4.1,2.3,2007,7.5,0001,,,,,,,11.0,360,1813,5.8,360,1833,3.7,3218,360,-3.6,45,1550,57.3,4.7,1026.4,1031.7,2201,1025.2,0233,1029.0,10.8,4.8,1300,2.19,11.53,,,,,,5.5,4.0,6.3,-0.4,8.7,8.8,8.9,9.4,9.4,9.8,10.1,14.3,18.0,1.9,2.7,,,,2021,2,6,39,1,0,0,0
184,제주,2021-02-09,4.8,2.9,0001,7.8,1500,,,,,,,9.1,20,0054,5.0,320,0046,2.4,2109,360,-2.4,47,1541,59.4,5.1,1026.6,1031.5,0918,1027.3,2343,1029.2,10.8,7.8,1300,2.5,14.77,,,,,,4.1,3.3,8.0,-2.2,8.1,8.0,8.3,9.1,9.1,10.0,10.2,14.8,18.2,2.0,2.8,,,,2021,2,6,40,1,0,0,0
184,제주,2021-02-10,7.0,3.1,0705,10.9,1600,,,,,,,4.9,360,1343,3.3,320,1516,1.7,1497,160,0.6,50,1211,64.6,6.4,1023.6,1027.6,0021,1024.8,1325,1026.2,10.9,9.0,1200,2.29,14.01,,,,,,6.8,0.4,7.1,-4.6,7.9,7.9,8.1,8.9,8.9,9.9,10.3,14.9,18.2,1.8,2.6,,{햇무리}1050-1550.,,2021,2,6,41,1,0,0,0
184,제주,2021-02-11,9.7,6.0,0248,13.0,1542,,,,,,,7.0,50,1405,4.4,50,1358,2.0,1727,180,4.3,58,1152,69.8,8.4,1022.0,1026.8,0001,1022.3,1713,1024.5,10.9,0.0,1200,1.12,6.8,,,,,,9.0,2.8,8.2,0.2,8.4,8.4,8.4,8.9,8.9,9.9,10.4,14.9,18.2,1.3,1.9,,{햇무리}0950-1250. {박무}1820-1925.,,2021,2,6,42,1,0,0,0
184,제주,2021-02-12,12.2,10.2,0537,14.1,1153,,,,,,,5.5,20,1203,3.6,20,1452,1.6,1380,50,3.6,39,2256,57.0,8.0,1021.6,1024.8,1102,1023.4,0509,1024.1,10.9,1.6,1100,1.8,9.17,,,,,,9.3,7.4,11.5,5.9,9.5,9.5,9.2,9.2,9.2,10.1,10.6,14.9,18.1,1.9,2.7,,,,2021,2,6,43,1,0,0,0
184,제주,2021-02-13,13.0,10.1,0334,16.3,1507,,,,,,,7.4,20,1314,5.2,50,1227,2.0,1749,50,4.4,37,2343,56.0,8.4,1020.7,1025.2,0822,1020.7,2341,1023.2,10.9,5.3,1400,2.15,12.72,,,,,,5.4,3.9,12.7,3.3,10.4,10.5,10.1,9.8,9.8,10.2,10.7,15.0,18.1,2.2,3.2,,,,2021,2,6,44,1,0,0,0
184,제주,2021-02-14,13.3,10.8,0425,16.0,1214,,,,,6.3,2.4,7.3,360,2305,4.7,50,1331,1.4,1210,180,9.8,54,0001,80.1,12.3,1012.3,1020.7,0001,1010.3,1718,1014.8,11.0,0.4,1200,1.45,5.44,,,,,,9.4,7.4,11.3,2.8,10.8,10.9,10.6,10.4,9.8,10.2,10.7,15.0,18.1,1.1,1.5,2.4,{비}1050-{비}{강도0}1200-1228. {박무}1050-{박무}{강도0}1200-{박무}{강도0}1500-{박무}{강도0}1800-{박무}{강도0}2100-{박무}{강도0}2400- {비}1322-1408. {비}1533-1730. {비}1913-{비}{강도0}2100-2110.,,2021,2,6,45,1,0,0,1
184,제주,2021-02-15,7.5,3.5,2225,12.4,0024,,,,,0.98,0.0,14.8,340,1530,8.4,320,1747,5.5,4780,320,2.3,53,1805,70.4,7.7,1012.9,1020.3,2308,1010.6,0318,1015.4,11.0,0.5,1400,0.95,3.33,,,,,,8.9,7.6,8.3,2.8,10.4,10.6,10.7,10.7,11.1,11.0,11.0,13.7,17.5,1.5,2.2,0.0,-{박무}-0010. {박무}0145-{박무}{강도0}0300-0310. {박무}1010-{박무}{강도0}1200-1311. {비}1108-{비}{강도0}1200-1207.,,2021,2,7,46,1,0,0,0
184,제주,2021-02-16,5.7,3.3,0644,9.1,1352,,,,,2.35,0.0,18.1,290,2031,9.9,320,1936,5.2,4506,320,-1.9,47,1322,58.5,5.4,1016.0,1020.8,2353,1015.7,1814,1018.6,11.0,7.0,1300,2.67,14.7,,,,,,6.1,5.9,7.7,-0.7,8.8,8.9,9.3,10.2,10.5,11.0,10.5,14.4,17.8,2.8,4.0,0.1,{비}1655-{비}{강도0}1800-1907. {박무}1845-2010. {비}2243-2252.,,2021,2,7,47,1,0,0,0
184,제주,2021-02-17,1.3,-1.2,2131,3.8,0024,,,,,13.48,0.9,20.8,340,1803,11.3,320,1805,8.2,7091,320,-5.4,46,0047,61.8,4.1,1018.9,1024.2,2322,1020.0,0506,1021.5,11.1,1.5,1200,1.23,6.94,0.4,1854,0.4,1854,0.4,8.4,8.4,2.6,-2.5,7.5,7.8,8.6,9.9,10.2,10.6,9.8,12.3,16.7,1.5,2.1,2.5,{소낙눈}0703-0820. {소낙눈}0950-{소낙눈}{강도0}1200-1215. {소낙눈}1413-{소낙눈}{강도0}1500-{소낙눈}{강도0}2100-{소낙눈}{강도0}2400-,,2021,2,7,48,1,1,0,1
184,제주,2021-02-18,2.5,-1.0,0100,3.8,2337,,,,,13.28,1.9,20.6,320,0434,10.9,290,0059,7.2,6239,320,-2.7,52,0005,68.3,5.0,1021.8,1026.1,2244,1022.7,0452,1024.4,11.1,0.4,1100,1.26,4.06,1.6,0850,1.8,0850,1.6,8.8,8.8,2.1,-1.4,6.2,6.4,7.4,9.1,9.2,9.5,8.8,12.0,16.2,1.4,1.9,0.2,-{소낙눈}-{소낙눈}{강도0}0300-{소낙눈}{강도0}0600-{소낙눈}{강도0}0900-1105. {소낙눈}1304-{소낙눈}{강도0}1500-1516.,,2021,2,7,49,1,1,0,1
184,제주,2021-02-19,8.5,2.8,0522,13.4,2249,,,,,,,11.1,250,1604,7.4,250,1549,4.0,3443,250,-1.4,22,2215,51.5,5.6,1018.4,1025.9,0010,1016.3,2300,1020.9,11.1,10.6,1200,2.75,18.28,,,,,,1.6,1.6,7.2,-1.9,6.9,6.8,7.1,8.3,8.2,9.2,8.7,13.7,17.6,4.4,6.3,,,,2021,2,7,50,1,0,0,0
184,제주,2021-02-20,15.6,11.7,0017,17.7,1330,,,,,,,16.2,230,0345,9.1,250,1253,6.1,5267,230,3.4,28,2359,45.1,8.0,1012.1,1016.4,0001,1013.3,1410,1014.6,11.2,10.2,1200,2.55,16.43,,,,,,0.0,0.0,12.0,5.9,8.9,8.9,8.5,8.7,8.4,9.0,9.1,11.4,16.3,5.3,7.6,,,,2021,2,7,51,1,0,0,0
184,제주,2021-02-21,18.9,16.4,0241,23.7,1230,,,,,,,18.7,250,1822,10.8,250,1813,6.4,5554,230,4.0,23,1020,39.3,8.4,1011.6,1015.4,1112,1012.7,1707,1014.0,11.2,10.6,1200,2.75,18.23,,,,,,0.1,0.1,16.0,10.8,10.7,10.7,10.1,9.6,9.4,9.1,9.2,11.7,16.5,6.5,9.2,,,,2021,2,7,52,1,0,0,0
184,제주,2021-02-22,15.3,8.7,2359,23.4,1028,,,,,,,14.1,290,1123,8.9,230,0114,4.5,3854,250,3.2,25,0924,47.8,7.9,1013.9,1023.6,2333,1012.5,0708,1016.3,11.2,9.2,1200,2.57,16.44,,,,,,0.9,0.0,14.5,3.0,11.9,11.9,11.3,10.6,10.4,9.4,9.4,11.5,16.6,4.0,5.8,,{박무}1630-{박무}{강도0}1800-1950.,,2021,2,8,53,1,0,0,0
184,제주,2021-02-23,7.5,5.0,0732,10.6,1344,,,,,,,6.5,290,0413,3.9,320,0436,2.3,2021,320,-1.9,37,1517,52.0,5.3,1022.4,1026.4,0700,1023.6,0001,1025.0,11.3,8.9,1200,2.81,17.18,,,,,,4.8,0.0,10.0,-0.9,10.7,10.8,10.8,11.0,10.8,9.8,9.2,12.9,17.3,2.4,3.4,,{햇무리}1450-1535.,,2021,2,8,54,1,0,0,0
184,제주,2021-02-24,9.9,5.2,0616,13.2,1450,,,,,,,8.8,50,1655,5.1,50,1306,2.5,2135,50,2.8,44,1049,62.0,7.6,1021.2,1025.3,0851,1022.2,1550,1023.7,11.3,9.6,1200,2.58,16.95,,,,,,2.4,1.0,10.4,-2.9,10.0,10.1,10.2,10.6,10.6,10.0,9.5,13.7,17.6,2.7,3.9,,,,2021,2,8,55,1,0,0,0
184,제주,2021-02-25,11.6,9.8,2325,15.2,1118,,,,,7.7,19.6,13.4,70,1929,7.9,70,1957,3.6,3107,70,6.3,54,1042,71.3,9.6,1017.2,1022.8,0004,1017.5,2304,1019.7,11.3,2.2,1100,1.59,7.03,,,,,,8.3,4.8,10.1,6.6,10.5,10.6,10.5,10.6,10.6,10.1,9.9,13.8,17.7,1.5,2.2,25.0,{비}1455-{비}{강도0}1500-1607. {비}1730-{비}{강도0}1800-{비}{강도1}2100-{비}{강도0}2400- {박무}1922-{박무}{강도0}2100-{박무}{강도0}2400-,,2021,2,8,56,1,0,0,1
184,제주,2021-02-26,11.2,9.8,0246,13.0,1515,,,,,9.65,5.4,22.2,90,1547,10.3,70,1708,6.7,5752,70,6.6,57,1929,74.0,9.8,1016.4,1022.1,2245,1016.6,0318,1018.9,11.4,0.0,1300,0.71,3.21,,,,,,9.9,7.6,9.9,8.6,10.4,10.5,10.5,10.6,10.6,10.3,10.7,14.0,17.6,2.2,3.2,0.0,-{박무}-0135. {박무}0240-{박무}{강도0}0300-0545. -{비}-{비}{강도0}0300-{비}{강도0}0600-0736. {비}0928-1005. {비}1139-{비}{강도0}1200-1305.,,2021,2,8,57,1,0,0,1
184,제주,2021-02-27,11.4,10.8,1909,12.6,1326,,,,,,,20.0,50,0233,10.3,70,0239,5.7,4923,70,4.6,54,1327,63.1,8.5,1022.1,1026.9,2035,1021.3,0043,1024.6,11.4,0.7,1300,1.33,7.22,,,,,,9.3,7.3,9.7,9.9,10.4,10.5,10.4,10.5,10.5,10.8,11.3,13.9,17.4,2.1,3.0,,,,2021,2,8,58,1,0,0,0
184,제주,2021-02-28,14.4,11.3,0001,17.1,2335,,,,,3.68,0.1,12.8,110,1236,7.2,110,1335,4.0,3471,90,9.4,61,1135,72.5,11.9,1020.6,1025.9,0225,1019.6,2358,1023.1,11.4,1.1,1100,1.79,10.34,,,,,,8.6,4.1,13.4,10.4,11.1,11.2,10.8,10.6,10.5,10.8,11.1,14.1,17.6,2.2,3.1,0.1,{비}1655-{비}{강도0}1800-2036.,,2021,2,8,59,1,0,0,1
184,제주,2021-03-01,15.5,7.8,2206,21.9,1403,,,,,17.93,11.2,14.2,160,0306,7.6,230,1458,4.0,3480,270,11.5,61,1404,78.3,13.8,1012.3,1019.7,0042,1009.8,1446,1014.7,11.5,0.1,1000,0.58,2.33,,,,,,9.9,5.8,13.2,7.0,12.3,12.5,12.0,11.3,11.3,10.8,11.0,13.4,17.3,1.1,1.6,11.2,{비}0030-0052. {비}0531-{비}{강도0}0600-{비}{강도0}0900-{비}{강도0}1200-{비}{강도0}1500-{비}{강도0}1800-{비}{강도0}2100-2305. {박무}1610-{박무}{강도0}1800-1820. {박무}2045-{박무}{강도0}2100-2255.,,2021,3,9,60,1,0,0,1
184,제주,2021-03-02,7.5,6.2,0641,9.8,1436,,,,,2.18,0.0,13.9,320,0414,8.1,320,0219,4.3,3734,340,1.6,52,1501,67.4,6.9,1022.4,1029.1,2255,1016.0,0001,1025.0,11.5,5.8,1200,2.54,14.26,,,,,,6.9,6.3,10.3,4.0,11.2,11.5,11.5,11.6,11.5,11.1,10.7,12.7,16.7,2.1,3.0,,{비}0023-0224. {비}0355-0405.,,2021,3,9,61,1,0,0,0
184,제주,2021-03-03,9.2,4.8,0422,12.8,1401,,,,,,,11.7,50,1306,6.1,50,1335,2.6,2216,90,1.7,45,1103,60.6,6.9,1025.9,1030.4,0904,1026.5,1646,1028.4,11.5,10.0,1200,2.75,17.64,,,,,,5.1,1.1,9.3,-1.1,10.5,10.7,10.8,11.3,11.1,11.1,10.7,13.9,17.5,2.6,3.8,0.0,{햇무리}1450-1535.,,2021,3,9,62,1,0,0,0
184,제주,2021-03-04,10.9,9.2,0009,12.0,1308,,,,,14.83,26.9,11.8,20,2041,7.6,50,1748,3.2,2741,50,7.7,59,0410,82.4,10.7,1019.1,1026.9,0001,1018.8,1537,1021.6,11.6,0.0,1200,0.57,2.58,,,,,,9.9,7.4,9.7,6.4,10.7,10.9,10.9,11.1,11.1,11.0,11.1,14.0,17.6,0.7,1.0,27.0,{비}0805-{비}{강도0}0900-0933. {비}1038-{비}{강도0}1200-{비}{강도0}1500-{비}{강도0}1800-{비}{강도0}2100-{비}{강도0}2400- {박무}1455-{박무}{강도0}1500-{박무}{강도0}1800-{박무}{강도0}2100-2340.,,2021,3,9,63,1,0,0,1
184,제주,2021-03-05,11.9,10.7,0719,14.2,1317,,,,,0.42,0.1,8.6,20,0328,5.3,20,0326,2.0,1764,320,8.8,68,1321,82.0,11.3,1017.5,1022.3,2246,1017.4,0107,1020.0,11.6,6.0,1300,2.8,16.24,,,,,,7.3,2.9,14.1,8.4,11.7,11.8,11.4,11.2,11.1,11.2,11.5,13.8,17.3,2.1,3.0,,-{비}-0025.,,2021,3,9,64,1,0,0,1
184,제주,2021-03-06,11.3,9.2,0601,14.2,1335,,,,,,,13.3,90,1645,6.3,70,1710,2.8,2443,90,7.0,66,1251,75.3,10.0,1022.3,1028.0,2311,1021.6,0400,1024.8,11.7,0.0,1200,1.44,7.39,,,,,,9.1,4.5,11.1,3.7,11.9,12.1,11.9,11.8,11.7,11.3,11.3,13.9,17.3,1.6,2.4,,{박무}1355-1435.,,2021,3,9,65,1,0,0,0
184,제주,2021-03-07,10.1,9.1,2017,11.1,1210,,,,,,,13.1,50,0320,6.8,70,0523,3.5,3063,70,5.3,63,1709,72.4,8.9,1024.9,1028.9,0914,1026.2,1645,1027.5,11.7,0.9,1200,1.14,7.71,,,,,,8.8,6.6,10.7,5.5,11.6,11.8,11.8,11.8,11.7,11.5,11.6,14.0,17.3,1.3,1.9,,,,2021,3,9,66,1,0,0,0
184,제주,2021-03-08,10.4,8.7,0633,12.7,1647,,,,,,,7.0,20,1257,4.8,50,1535,2.6,2289,20,5.6,64,1258,72.5,9.1,1024.0,1028.5,0936,1025.1,1506,1026.5,11.7,6.9,1200,2.84,16.14,,,,,,6.6,4.0,13.6,6.1,11.6,11.7,11.7,11.7,11.7,11.7,11.8,14.1,17.3,2.4,3.4,,{박무}0235-{박무}{강도0}0300-{박무}{강도0}0600-{박무}{강도0}0900-{박무}{강도0}1200-1215. {연무}1210-{연무}{강도0}1500-1545.,,2021,3,10,67,1,0,0,0
184,제주,2021-03-09,10.6,7.9,2354,13.5,1337,,,,,,,6.6,360,1109,4.8,20,1131,2.3,1958,180,2.7,37,1710,59.5,7.6,1023.2,1027.8,2309,1024.2,1520,1025.7,11.7,2.5,1300,2.16,11.76,,,,,,6.5,4.3,11.6,1.5,11.7,11.9,11.9,11.9,11.8,11.8,11.8,14.1,17.3,2.2,3.1,,,,2021,3,10,68,1,0,0,0
184,제주,2021-03-10,11.5,7.0,0430,16.5,1556,,,,,,,11.2,50,1450,6.5,50,1351,2.5,2186,90,4.4,47,0906,62.1,8.5,1025.3,1029.7,0929,1026.1,1559,1027.8,11.8,10.2,1200,2.92,19.45,,,,,,0.8,0.0,12.7,-0.3,11.3,11.4,11.5,11.8,11.7,11.8,11.6,14.1,17.2,3.1,4.4,,{연무}0525-{연무}{강도0}0600-{연무}{강도0}0900-{연무}{강도0}1200-{연무}{강도0}1500-1533.,,2021,3,10,69,1,0,0,0
184,제주,2021-03-11,14.1,10.9,0310,19.0,1314,,,,,5.42,7.6,12.7,50,1220,7.3,50,1226,3.4,2922,50,10.0,57,1314,77.0,12.4,1021.6,1027.9,0832,1019.7,2357,1024.1,11.8,3.7,1100,2.43,12.58,,,,,,8.9,2.0,13.9,6.8,12.2,12.4,12.2,12.0,11.9,11.8,12.0,14.2,17.3,2.0,2.8,18.7,{비}1835-{비}{강도0}2100-{비}{강도0}2400- {박무}1855-{박무}{강도0}2100-2225.,,2021,3,10,70,1,0,0,1
184,제주,2021-03-12,11.3,10.3,2155,13.4,0002,,,,,11.18,14.2,11.4,70,0644,7.0,20,0921,3.7,3170,320,9.4,78,1716,88.3,11.9,1016.1,1021.7,2343,1015.7,0446,1018.6,11.8,0.0,1200,0.35,2.0,,,,,,9.6,7.5,11.4,8.6,12.5,12.8,12.6,12.6,12.6,12.0,12.3,14.4,17.3,0.8,1.1,3.1,{박무}0135-0235. -{비}-{비}{강도0}0300-{비}{강도0}0600-0625. {박무}0320-{박무}{강도1}0600-{박무}{강도1}0900-{박무}{강도0}1200-1235. {비}0737-{비}{강도0}0900-{비}{강도0}1200-1223. {박무}1510-{박무}{강도0}1800-1830. {박무}2310-{박무}{강도0}2400-,,2021,3,10,71,1,0,0,1
184,제주,2021-03-13,11.7,9.4,2328,14.7,1321,,,,,,,6.6,340,1410,4.6,20,0405,2.4,2110,20,7.4,59,1619,75.4,10.3,1019.4,1023.7,0911,1021.1,1613,1021.9,11.9,8.3,1200,2.94,18.33,,,,,,3.5,2.6,13.5,4.6,12.5,12.7,12.5,12.4,12.3,12.3,12.1,14.1,17.2,2.6,3.8,,-{박무}-{박무}{강도0}0300-0325. {박무}1705-{박무}{강도0}1800-{박무}{강도0}2100-{박무}{강도1}2400-,,2021,3,10,72,1,0,0,0
184,제주,2021-03-14,11.4,8.5,0245,15.2,1438,,,,,,,4.9,290,1142,3.1,340,1411,1.8,1594,200,4.6,50,2137,64.1,8.6,1018.8,1023.2,0938,1020.0,1746,1021.3,11.9,10.4,1200,2.98,20.32,,,,,,0.6,0.0,13.8,1.6,12.8,12.9,12.7,12.7,12.6,12.2,12.1,14.0,17.1,2.9,4.1,,-{박무}-0223. {박무}0325-{박무}{강도0}0600-{박무}{강도0}0900-1015. {연무}1715-{연무}{강도0}2100-2110.,,2021,3,10,73,1,0,0,0
184,제주,2021-03-15,13.9,7.9,0627,19.2,2229,,,,,0.25,0.0,9.8,180,2227,5.4,230,2344,2.0,1750,160,6.9,50,0902,63.3,10.5,1014.7,1020.7,0001,1013.7,2348,1017.2,12.0,6.4,1100,2.57,16.49,,,,,,8.1,3.5,13.5,2.5,12.7,12.9,12.8,12.8,12.7,12.3,12.1,14.1,17.2,2.5,3.6,2.8,{연무}0110-0250. {연무}0925-1025. {박무}1715-{박무}{강도0}1800-1810. {비}2345-{비}{강도0}2400-,,2021,3,11,74,1,0,0,0
184,제주,2021-03-16,12.6,7.9,2355,19.1,0059,,,,,8.47,3.1,13.5,250,0112,7.1,250,0242,3.4,2966,270,8.1,36,1540,75.8,11.4,1013.6,1018.6,2329,1012.5,0301,1016.1,12.0,6.1,1300,2.58,13.61,,,,,,4.8,3.9,14.7,4.8,14.2,14.4,13.9,13.4,13.4,12.5,12.1,13.3,16.9,2.5,3.5,0.3,-{비}-0035. {비}0115-0138. {비}0210-{비}{강도0}0300-{비}{강도0}0600-{비}{강도0}0900-0940. {박무}0415-{박무}{강도0}0600-{박무}{강도1}0900-1045. {황사}1130-{황사}{강도0}1200-{황사}{강도0}1500-{황사}{강도0}1800-{황사}{강도0}2100-{황사}{강도0}2400- {박무}1135-{박무}{강도0}1200-1335.,,2021,3,11,75,1,0,0,1
184,제주,2021-03-17,11.3,6.3,0633,15.7,1521,,,,,,,9.6,50,1544,5.9,50,1451,2.7,2299,50,5.1,51,1001,66.0,9.0,1016.1,1020.0,2100,1017.3,1426,1018.7,12.0,9.5,1200,3.13,21.33,,,,,,2.3,0.1,13.0,-0.1,12.9,13.2,13.3,13.4,13.3,12.5,12.2,13.9,17.2,2.8,4.1,,-{황사}-0255. {황사}2320-{황사}{강도0}2400-,,2021,3,11,76,1,0,0,0
184,제주,2021-03-18,13.7,10.8,0337,17.1,1134,,,,,,,12.5,50,1344,7.4,50,1325,3.1,2694,70,9.2,61,1122,74.6,11.6,1016.3,1020.1,0751,1016.7,1606,1018.8,12.1,5.7,1200,3.05,18.94,,,,,,6.6,4.4,17.3,5.2,13.4,13.7,13.5,13.4,13.4,12.7,12.4,14.0,17.2,2.8,4.0,,-{황사}-{황사}{강도0}0300-0355.,,2021,3,11,77,1,0,0,0
184,제주,2021-03-19,14.2,12.9,2358,16.2,1259,,,,,4.25,6.2,11.4,70,1117,5.3,70,1105,3.3,2883,70,10.2,64,1259,77.5,12.5,1014.9,1019.9,0814,1015.5,1723,1017.4,12.1,0.1,1200,1.65,7.46,,,,,,9.1,7.3,15.3,12.1,14.1,14.5,14.2,13.8,13.8,12.8,12.6,14.0,17.1,1.4,2.1,11.7,{비}1945-{비}{강도0}2100-{비}{강도0}2400- {박무}2145-2230. {박무}2355-{박무}{강도0}2400-,,2021,3,11,78,1,0,0,1
184,제주,2021-03-20,12.8,9.6,2353,15.7,1130,,,,,10.42,7.6,10.4,90,0901,6.2,20,1339,3.5,3028,70,11.5,80,2302,92.5,13.7,1009.4,1016.0,0001,1009.0,1434,1011.9,12.1,0.0,1100,0.55,2.41,,,,,,10.0,7.3,13.2,8.7,13.9,14.2,14.1,14.0,14.2,13.1,12.7,14.3,17.1,0.8,1.2,2.1,-{박무}-0205. -{비}-0240. {비}0555-{비}{강도0}0600-0650. {비}0803-0835. {비}1055-1140. {박무}1110-{박무}{강도0}1200-{박무}{강도1}1500-{박무}{강도1}1800-1935. {비}1347-{비}{강도0}1500-{비}{강도0}1800-1920.,,2021,3,11,79,1,0,0,1
184,제주,2021-03-21,9.2,7.3,2201,12.5,1223,,,,,,,17.8,290,1729,10.5,320,1733,6.0,5179,320,1.9,43,1459,61.5,7.1,1016.3,1024.0,2351,1015.0,0023,1018.8,12.2,5.0,1300,2.67,15.88,,,,,,7.9,6.8,11.3,6.3,12.8,13.2,13.4,13.8,13.7,13.2,12.8,13.5,16.7,3.5,5.0,,{박무}0140-{박무}{강도0}0300-{박무}{강도0}0600-0710.,,2021,3,11,80,1,0,0,0
184,제주,2021-03-22,9.8,6.4,0644,12.8,1508,,,,,,,15.1,340,0302,8.0,320,0013,5.3,4539,320,-1.2,33,1227,46.4,5.6,1022.1,1025.9,2225,1023.1,0330,1024.6,12.2,10.1,1200,3.28,23.09,,,,,,2.1,2.0,12.1,5.0,11.7,12.2,12.6,13.2,13.1,13.0,12.2,13.4,16.4,4.2,6.0,,,,2021,3,12,81,1,0,0,0
184,제주,2021-03-23,12.3,9.0,0346,16.5,1242,,,,,,,12.3,270,1501,7.3,270,1459,3.8,3278,230,3.1,39,1832,53.8,7.7,1021.4,1026.3,0941,1021.8,1745,1023.9,12.2,10.9,1200,3.14,22.39,,,,,,0.0,0.0,14.2,3.2,12.3,12.6,12.7,13.1,12.9,12.7,12.2,13.3,16.5,3.9,5.6,,,,2021,3,12,82,1,0,0,0
184,제주,2021-03-24,13.3,8.8,0207,17.3,1609,,,,,,,6.5,70,1150,4.7,50,1152,1.9,1675,20,5.2,46,1441,58.6,9.1,1018.4,1023.2,0937,1018.6,1524,1020.9,12.3,6.0,1200,3.13,19.23,,,,,,7.0,2.0,14.7,3.5,12.9,13.2,13.1,13.3,13.0,12.7,12.2,13.9,17.0,3.1,4.4,,,,2021,3,12,83,1,0,0,0
184,제주,2021-03-25,14.1,11.6,0649,17.7,1559,,,,,,,5.0,360,1318,3.2,20,1325,1.8,1564,160,7.7,39,2346,66.5,10.7,1019.3,1023.7,1048,1019.8,0306,1021.8,12.3,11.0,1200,3.24,23.36,,,,,,1.6,1.3,18.3,2.9,14.1,14.2,14.0,13.6,13.5,12.8,12.4,14.0,17.0,3.7,5.3,,,,2021,3,12,84,1,0,0,0
184,제주,2021-03-26,14.6,9.7,0611,21.2,1341,,,,,,,7.9,270,1411,5.6,250,1415,2.3,1952,180,5.2,37,0231,54.4,9.3,1018.3,1023.3,0915,1018.5,2359,1020.8,12.3,10.9,1200,3.23,23.25,,,,,,1.4,0.0,17.0,2.0,14.2,14.4,14.3,14.1,14.0,13.0,12.5,14.0,17.0,3.8,5.4,,,,2021,3,12,85,1,0,0,0
184,제주,2021-03-27,17.5,12.2,0502,21.5,1154,,,,,9.97,4.2,14.1,200,1711,8.0,230,1837,3.1,2709,180,12.3,50,0926,73.1,14.6,1008.0,1018.6,0001,1005.8,1655,1010.5,12.4,0.4,0900,0.69,3.98,,,,,,8.1,3.9,14.6,4.9,14.2,14.4,14.4,14.3,14.3,13.2,12.6,13.8,16.8,1.5,2.2,4.2,{비}1217-{비}{강도0}1500-{비}{강도0}1800-{비}{강도0}2100-2215. {박무}2105-2145. {박무}2320-{박무}{강도0}2400-,,2021,3,12,86,1,0,0,1
184,제주,2021-03-28,14.5,12.7,0454,17.5,1249,,,,,,,12.3,250,0112,7.6,270,0153,4.1,3510,270,10.3,59,2355,76.4,12.5,1005.6,1009.2,2321,1005.6,0039,1008.1,12.4,7.5,1300,2.98,18.95,,,,,,4.3,3.0,16.1,6.8,15.0,15.4,15.0,14.4,14.5,13.4,12.7,13.1,16.1,3.2,4.6,,-{박무}-{박무}{강도0}0300-0310. {박무}0550-{박무}{강도0}0600-{박무}{강도0}0900-1038. {연무}1026-{연무}{강도0}1200-{연무}{강도0}1500-{연무}{강도1}1800-1815. {박무}1810-{박무}{강도1}2100-2350.,,2021,3,12,87,1,0,0,0
184,제주,2021-03-29,15.2,12.0,0754,17.8,1132,,,,,,,10.1,250,0344,5.7,250,0400,2.6,2235,250,4.2,29,1654,50.9,8.7,1007.8,1011.8,1001,1008.6,0001,1010.3,12.4,8.0,1200,2.64,18.2,,,,,,6.8,6.8,16.9,6.7,15.2,15.6,15.2,14.8,14.8,13.5,12.7,13.2,16.3,3.4,4.9,,{박무}0343-{박무}{강도1}0600-{박무}{강도1}0900-0930. {황사}0610-{황사}{강도0}0900-{황사}{강도2}1200-{황사}{강도2}1500-{황사}{강도2}1800-{황사}{강도2}2100-{황사}{강도2}2400-,,2021,3,13,88,1,0,0,0
184,제주,2021-03-30,14.3,11.4,0631,19.1,1305,,,,,,,6.7,360,1317,4.8,20,1335,1.7,1496,20,3.3,14,1300,48.9,7.9,1009.6,1013.9,2335,1009.7,0518,1012.1,12.5,10.0,1200,3.17,22.27,,,,,,2.1,0.9,17.9,5.1,15.0,15.3,15.2,15.0,15.0,13.8,12.8,13.8,16.7,4.1,5.9,,-{황사}-{황사}{강도2}0300-{황사}{강도1}0600-{황사}{강도2}0900-{황사}{강도1}1200-{황사}{강도1}1500-{황사}{강도1}1800-{황사}{강도1}2100-{황사}{강도1}2400-,,2021,3,13,89,1,0,0,0
184,제주,2021-03-31,16.2,12.1,0124,20.6,1042,,,,,,,12.2,70,1236,6.9,50,1236,3.3,2853,70,8.0,37,1617,58.6,10.8,1010.7,1014.1,0915,1011.4,1511,1013.1,12.5,4.6,1000,2.51,13.98,,,,,,8.1,1.3,15.3,5.5,14.8,15.2,15.2,15.1,15.1,13.9,12.9,14.0,16.9,3.2,4.6,,-{황사}-{황사}{강도0}0300-{황사}{강도0}0600-{황사}{강도0}0900-{황사}{강도0}1200-{황사}{강도0}1500-1635. {햇무리}1240-1325.,,2021,3,13,90,1,0,0,0
184,제주,2021-04-01,15.2,13.8,2012,17.5,1122,0.6,1540,2.7,1933,9.63,8.8,15.0,70,1108,6.8,70,1024,4.0,3480,90,11.1,63,1102,76.9,13.2,1012.8,1016.3,2249,1013.5,0148,1015.3,12.5,0.1,1000,1.29,4.75,,,,,,9.8,6.6,14.5,12.4,14.9,15.2,15.2,15.1,15.3,14.0,13.2,14.0,16.7,1.5,2.2,13.0,{비}1422-{비}{강도0}1500-{비}{강도0}1800-{비}{강도0}2100-{비}{강도0}2400-,,2021,4,13,91,1,0,0,1
184,제주,2021-04-02,17.2,13.8,0154,19.9,1402,1.7,2151,5.6,2129,6.33,9.8,15.3,90,0926,7.9,110,1130,4.6,4010,90,13.5,67,1123,79.3,15.5,1013.5,1016.9,2105,1014.8,1839,1016.0,12.6,0.9,1100,2.23,12.09,,,,,,9.8,4.8,16.7,12.6,15.0,15.4,15.1,14.9,15.1,14.1,13.3,13.9,16.6,2.4,3.5,5.6,-{비}-{비}{강도0}0300-0305. {비}2045-{비}{강도0}2100-{비}{강도0}2400- {박무}2145-{박무}{강도0}2400-,,2021,4,13,92,1,0,0,1
184,제주,2021-04-03,18.0,13.0,2345,22.8,1125,0.0,,0.0,,5.0,0.0,12.3,20,1431,7.7,20,1437,4.1,3502,70,15.4,66,1124,85.3,17.5,1009.3,1016.0,0001,1009.4,1724,1011.7,12.6,1.0,1500,1.36,6.78,,,,,,9.4,7.3,17.4,12.8,16.2,16.6,16.0,15.4,15.5,14.2,13.5,14.2,16.7,1.4,2.0,1.1,-{박무}-0135. -{비}-{비}{강도0}0300-0305. {비}1120-{비}{강도0}1200-1315. {박무}2205-{박무}{강도0}2400-,,2021,4,13,93,1,0,0,0
184,제주,2021-04-04,11.4,10.8,2333,13.2,0020,0.4,1744,1.5,1734,7.52,5.2,11.2,20,2304,6.9,270,0049,4.0,3491,270,10.2,85,1029,92.8,12.5,1013.2,1019.8,2323,1011.5,0002,1015.7,12.6,0.0,1200,0.29,1.76,,,,,,10.0,9.1,12.2,10.2,15.2,15.5,15.7,15.7,15.7,14.5,13.5,13.5,15.9,0.7,1.0,8.2,{안개비}0126-{안개비}{강도0}0300-0345. -{박무}-{박무}{강도1}0300-0545. {비}1615-{비}{강도0}1800-{비}{강도0}2100-2127. {박무}1625-{박무}{강도2}1800-{박무}{강도1}2100-{박무}{강도0}2400-,,2021,4,13,94,1,0,0,1
184,제주,2021-04-05,12.6,10.6,0403,14.6,1053,0.7,205,2.2,120,4.68,4.1,11.4,20,0203,5.5,50,1549,2.7,2362,50,5.3,39,1717,64.3,9.1,1018.9,1023.0,1030,1018.9,0150,1021.4,12.7,9.2,1200,3.43,23.37,,,,,,3.6,3.1,16.1,5.6,14.5,15.0,15.0,15.0,15.0,14.4,13.6,14.0,16.7,3.8,5.4,,-{박무}-0015. {안개비}0042-{안개비}{강도0}0300-0523. {박무}0055-{박무}{강도0}0300-0505.,,2021,4,14,95,1,0,0,1
184,제주,2021-04-06,13.9,11.3,0012,17.4,1443,,,,,,,7.3,340,1605,4.8,290,1657,2.2,1865,180,5.5,43,2223,57.5,9.1,1019.0,1023.2,2350,1020.1,0414,1021.5,12.7,10.7,1200,3.39,24.86,,,,,,3.1,2.0,17.7,5.5,15.2,15.6,15.5,15.2,15.1,14.3,13.6,14.0,16.7,4.0,5.8,,,,2021,4,14,96,1,0,0,0
184,제주,2021-04-07,14.8,11.2,0531,18.3,1315,,,,,,,6.3,270,1321,3.9,340,1307,2.0,1756,250,5.0,41,0836,52.6,8.8,1018.4,1023.0,0001,1019.0,1718,1020.9,12.8,10.9,1200,3.28,23.13,,,,,,4.5,0.0,16.6,3.1,15.3,15.8,15.7,15.5,15.3,14.5,13.7,13.9,16.4,3.9,5.5,,,,2021,4,14,97,1,0,0,0
184,제주,2021-04-08,14.4,11.2,2325,18.6,1218,,,,,,,7.5,270,1631,4.6,270,1540,2.6,2207,250,3.1,21,1215,48.1,7.7,1017.6,1021.0,0941,1019.0,0353,1020.0,12.8,8.9,1300,3.28,23.05,,,,,,4.0,2.1,18.9,3.9,16.0,16.4,16.2,15.8,15.8,14.7,13.7,13.7,16.4,4.5,6.4,,{박무}0515-{박무}{강도0}0600-0650.,,2021,4,14,98,1,0,0,0
184,제주,2021-04-09,13.8,9.7,0525,17.5,1411,,,,,,,11.3,50,1735,6.5,50,1737,3.0,2588,20,5.3,41,0906,57.1,9.1,1021.5,1027.9,2304,1020.5,0158,1024.0,12.8,10.3,1200,3.27,24.43,,,,,,2.6,1.4,18.4,2.6,15.3,15.8,15.9,15.9,15.8,14.8,13.7,13.9,16.5,4.2,6.1,,,,2021,4,14,99,1,0,0,0
184,제주,2021-04-10,14.0,11.4,0324,17.5,1354,,,,,,,13.4,50,1401,7.4,50,1105,3.6,3132,110,6.3,48,1327,60.4,9.6,1027.2,1031.4,0934,1027.8,0001,1029.7,12.9,10.2,1400,2.92,22.5,,,,,,2.6,1.3,19.0,7.1,15.4,16.0,16.1,15.9,16.0,14.9,13.9,14.1,16.6,3.8,5.4,,{햇무리}1240-1330.,,2021,4,14,100,1,0,0,0
184,제주,2021-04-11,16.6,12.2,0314,21.5,1415,,,,,,,12.6,110,1500,6.2,90,1710,3.4,2923,90,6.2,30,1400,51.5,9.5,1025.4,1030.8,0008,1025.4,1641,1027.9,12.9,10.4,1200,3.38,24.87,,,,,,4.4,2.5,20.8,7.3,15.5,16.1,16.1,15.9,16.0,15.0,14.0,14.1,16.5,4.9,7.0,1.1,,,2021,4,14,101,1,0,0,0
184,제주,2021-04-12,16.5,14.3,2332,19.9,2135,1.9,1631,5.5,1606,15.43,16.9,13.7,360,2216,8.6,20,1852,4.0,3448,70,13.3,47,0232,82.4,15.4,1014.5,1025.3,0001,1010.5,1857,1016.9,12.9,0.0,1500,0.66,3.26,,,,,,10.0,6.1,16.0,13.4,15.9,16.4,16.5,16.2,16.5,15.1,14.1,14.2,16.5,1.1,1.6,15.8,{비}0346-{비}{강도0}0600-{비}{강도0}0900-{비}{강도0}1200-{비}{강도0}1500-{비}{강도0}1800-1817. {박무}0832-{박무}{강도0}0900-1015. {박무}1235-1328. {박무}2225-2335. {안개비}2235-2330.,,2021,4,15,102,1,0,0,1
184,제주,2021-04-13,11.8,8.5,2337,14.4,1319,,,,,,,12.1,250,0124,6.2,270,0132,4.3,3749,290,7.7,63,2315,76.8,10.7,1014.9,1020.5,2241,1013.9,0034,1017.4,13.0,0.3,1300,1.54,7.32,,,,,,8.6,7.0,12.4,7.3,15.4,15.9,16.0,16.1,16.1,15.2,14.3,14.0,16.1,1.9,2.6,,{박무}0530-{박무}{강도0}0600-0715.,,2021,4,15,103,1,0,0,0
184,제주,2021-04-14,11.0,8.2,0335,14.9,1414,,,,,,,8.8,20,1015,4.6,290,0040,3.0,2632,320,1.8,43,1201,54.0,7.0,1018.2,1022.3,1047,1019.3,0537,1020.7,13.0,9.1,1200,3.51,23.99,,,,,,5.5,1.0,14.8,4.4,14.5,14.9,15.1,15.6,15.4,15.2,14.3,14.1,16.4,3.8,5.5,,,,2021,4,15,104,1,0,0,0
184,제주,2021-04-15,13.1,8.6,0509,17.9,1645,,,,,,,10.4,20,1539,6.7,20,1514,2.5,2195,180,4.3,43,0938,55.8,8.4,1016.6,1021.5,0005,1016.5,1709,1019.1,13.0,9.2,1100,3.32,22.57,,,,,,5.3,1.1,15.5,2.8,14.7,15.2,15.2,15.4,15.2,15.0,14.2,14.3,16.5,3.6,5.1,,,,2021,4,15,105,1,0,0,0
184,제주,2021-04-16,15.1,11.1,0402,19.7,1258,,,,,,,5.8,290,1329,3.7,320,1329,1.7,1472,360,9.1,59,1228,67.6,11.6,1014.7,1018.3,0939,1016.0,2352,1017.2,13.0,8.8,1200,3.14,21.17,,,,,,5.4,2.9,16.1,5.1,15.5,15.8,15.8,15.6,15.4,14.9,14.3,14.3,16.5,3.1,4.5,,,,2021,4,15,106,1,0,0,0
184,제주,2021-04-17,13.7,11.3,2318,16.3,1413,,,,,,,13.8,290,1903,8.1,320,1823,4.4,3799,320,5.7,32,1728,60.8,9.6,1015.7,1020.7,2115,1015.7,0438,1018.2,13.1,9.0,1200,3.16,22.77,,,,,,2.3,1.9,19.7,9.1,16.2,16.7,16.5,16.1,15.3,14.0,13.2,14.0,16.7,5.0,7.1,,{박무}0750-{박무}{강도0}0900-0915. {황사}1110-{황사}{강도0}1200-{황사}{강도0}1500-1730.,,2021,4,15,107,1,0,0,0
184,제주,2021-04-18,13.0,11.1,0242,16.5,1253,,,,,,,12.2,290,0809,6.9,320,0545,4.8,4113,290,2.2,37,1356,48.4,7.2,1017.8,1021.7,1004,1018.8,1551,1020.3,13.1,11.0,1200,3.53,26.43,,,,,,2.0,0.0,18.4,6.4,15.3,16.0,16.1,16.1,16.0,15.1,14.3,13.9,15.9,5.0,7.2,,,,2021,4,15,108,1,0,0,0
184,제주,2021-04-19,14.5,9.9,0550,19.1,1123,,,,,,,7.9,270,1139,4.8,270,1653,2.6,2229,290,-1.7,16,0913,33.8,5.6,1017.5,1020.6,1110,1018.7,1604,1020.0,13.2,12.0,1200,3.56,27.33,,,,,,0.0,0.0,15.2,1.3,15.5,16.0,16.1,16.1,16.0,15.0,14.2,14.2,16.3,5.7,8.2,,,,2021,4,16,109,1,0,0,0
184,제주,2021-04-20,14.8,10.3,0605,18.5,1602,,,,,,,5.1,320,1618,3.3,360,1546,1.9,1610,160,1.9,27,0925,42.4,7.3,1018.7,1022.4,1013,1019.7,0208,1021.2,13.2,12.2,1200,3.51,26.88,,,,,,2.1,0.0,17.8,2.8,15.9,16.3,16.4,16.2,16.1,15.1,14.2,14.3,16.5,4.5,6.5,,,,2021,4,16,110,1,0,0,0
184,제주,2021-04-21,17.5,12.3,0352,22.8,1458,,,,,,,6.1,250,1710,4.0,290,1622,1.8,1561,270,7.5,29,0746,53.1,10.9,1018.6,1022.4,0857,1019.6,1548,1021.0,13.2,5.9,1200,2.7,20.16,,,,,,7.1,3.5,19.4,3.7,16.6,17.0,16.9,16.5,16.5,15.3,14.3,14.1,16.4,3.7,5.3,,,,2021,4,16,111,1,0,0,0
184,제주,2021-04-22,21.0,16.8,0109,25.9,1416,,,,,,,10.9,90,1809,6.8,110,2155,3.1,2654,110,8.2,16,1428,46.3,11.1,1014.9,1020.7,0006,1014.8,1818,1017.3,13.2,4.3,1000,2.52,17.45,,,,,,8.8,8.3,20.3,13.2,17.5,18.1,17.8,17.0,17.1,15.5,14.4,14.1,16.3,5.1,7.2,,,,2021,4,16,112,1,0,1,0
184,제주,2021-04-23,19.3,16.5,2358,25.0,1442,,,,,,,13.8,90,1332,6.6,110,1223,3.9,3393,90,12.8,42,1338,67.0,14.8,1013.5,1018.7,2348,1013.9,1506,1015.9,13.3,5.3,1200,3.47,20.41,,,,,,7.6,6.6,22.4,14.9,18.2,18.8,18.4,17.5,17.7,15.8,14.5,14.3,16.3,4.2,5.9,,,,2021,4,16,113,1,0,1,0
184,제주,2021-04-24,17.5,15.9,0326,21.9,1400,,,,,,,12.7,70,1539,8.0,50,1512,3.7,3225,70,14.1,63,1403,80.9,16.1,1016.2,1020.1,2228,1017.5,1525,1018.7,13.3,5.8,1200,3.23,19.62,,,,,,6.4,5.3,23.2,13.5,18.5,19.2,18.8,18.0,18.2,16.0,14.7,14.5,16.5,3.3,4.6,,{박무}0435-{박무}{강도0}0600-{박무}{강도0}0900-0910. {박무}2235-{박무}{강도0}2400-,,2021,4,16,114,1,0,0,0
184,제주,2021-04-25,16.9,14.7,0533,20.7,1546,,,,,,,13.5,50,1508,7.6,50,1442,2.5,2173,90,11.0,51,1610,69.0,13.1,1017.1,1021.8,2314,1018.3,0152,1019.6,13.3,11.8,1200,3.39,25.82,,,,,,2.0,0.9,23.4,8.3,18.5,19.2,19.1,18.2,18.4,16.3,14.8,14.3,16.3,4.2,6.0,,-{박무}-0015. {박무}0430-0540.,,2021,4,16,115,1,0,0,0
184,제주,2021-04-26,16.5,13.5,0427,20.9,1444,,,,,,,12.9,70,1339,6.3,50,1127,3.5,3012,90,7.8,34,1453,58.1,10.6,1018.5,1022.1,1011,1019.5,1658,1020.9,13.4,11.3,1200,3.47,25.92,,,,,,3.8,0.4,23.0,10.0,18.3,19.1,19.1,18.5,18.5,16.5,15.0,14.5,16.3,4.9,6.9,,,,2021,4,17,116,1,0,0,0
184,제주,2021-04-27,17.1,14.0,0357,21.5,1155,0.3,2032,0.8,1959,5.98,0.8,7.4,110,0656,4.5,110,0543,2.0,1727,20,10.5,39,1150,67.3,12.9,1016.3,1021.1,0001,1017.1,1549,1018.8,13.4,1.4,1300,2.66,13.47,,,,,,9.0,4.8,21.2,9.4,18.2,18.9,18.9,18.5,18.8,16.7,15.1,14.5,16.2,2.3,3.2,0.8,{비}1603-{비}{강도0}1800-{비}{강도0}2100-2142. {비}2220-2240.,,2021,4,17,117,1,0,0,1
184,제주,2021-04-28,17.0,14.9,2352,19.5,1422,0.0,,0.0,,0.72,0.0,5.8,20,1052,4.3,20,1334,1.9,1620,20,13.3,69,1339,79.6,15.3,1014.4,1019.4,0840,1013.9,2348,1016.9,13.4,5.9,1200,3.48,21.19,,,,,,7.5,3.8,24.2,13.4,19.0,19.5,19.2,18.6,18.7,17.0,15.3,14.5,16.4,3.2,4.5,,{비}0330-0413.,,2021,4,17,118,1,0,0,0
184,제주,2021-04-29,18.8,14.7,0547,23.3,1758,0.0,,0.0,,1.43,0.0,22.9,200,2255,9.3,230,2315,3.8,3270,290,9.7,12,2226,61.6,12.6,1006.1,1014.2,0012,1003.7,2006,1008.5,13.5,9.8,1200,3.5,25.17,,,,,,4.1,1.5,25.5,13.0,19.3,20.1,19.8,19.0,19.1,17.1,15.4,14.5,16.1,6.0,8.6,7.5,{박무}0115-{박무}{강도0}0300-0310. {연무}0930-0940. {비}2234-{비}{강도0}2400-,,2021,4,17,119,1,0,0,0
184,제주,2021-04-30,16.3,11.3,2321,19.9,1050,2.6,21,7.5,1,6.25,13.2,18.6,200,0043,10.7,200,0132,4.8,4148,250,8.6,32,1752,61.8,11.4,1004.7,1010.2,1911,1003.2,2340,1007.1,13.5,11.0,1200,3.54,26.79,,,,,,3.5,2.4,18.4,9.7,18.8,19.5,19.7,19.2,19.1,17.2,15.4,14.7,15.6,4.4,6.3,15.8,{박무}0006-0048. -{비}-0047. {박무}0452-{박무}{강도0}0600-0622. {비}1832-{소나기}1850-{비}1925-{비}{강도0}2100-{소나기}2220-{비}2255-{소나기}2340-{소나기}{강도0}2400- {박무}2222-2305.,,2021,4,17,120,1,0,0,1
184,제주,2021-05-01,13.3,11.5,0402,16.3,1403,1.5,49,6.3,30,2.33,10.1,13.3,50,0134,8.1,50,0142,4.5,3895,320,7.8,45,1518,71.0,10.7,1006.9,1014.5,2319,1001.8,0203,1009.4,13.5,5.8,1200,3.42,19.04,,,,,,4.1,4.1,15.0,7.3,17.4,18.1,18.6,18.9,18.9,17.3,15.7,14.6,16.1,3.7,5.3,,{박무}0017-0203. -{비}-{비}0203-0210. {비}0740-0750.,,2021,5,17,121,1,0,0,1
184,제주,2021-05-02,13.8,10.9,2318,16.7,1327,,,,,,,11.5,320,0533,6.7,320,0623,3.9,3334,320,7.4,54,1311,65.6,10.3,1016.1,1021.7,2118,1013.2,0340,1018.6,13.5,10.8,1200,3.42,26.22,,,,,,4.0,4.0,18.6,5.9,17.2,17.8,18.1,18.3,18.1,17.2,15.7,14.8,16.1,4.1,5.8,,,,2021,5,17,122,1,0,0,0
184,제주,2021-05-03,15.0,9.4,0524,18.9,1458,,,,,,,5.4,20,1108,4.0,20,1045,2.1,1804,20,9.1,58,1353,68.3,11.7,1016.7,1021.8,0007,1016.6,2357,1019.2,13.6,10.1,1100,3.33,24.82,,,,,,5.0,0.4,19.7,4.4,17.6,18.1,18.2,18.1,17.8,17.1,15.8,14.7,16.3,3.5,5.1,,{햇무리}1245-1315.,,2021,5,18,123,1,0,0,0
184,제주,2021-05-04,19.0,15.1,0013,23.1,1802,1.6,1358,5.6,1440,8.73,12.8,13.4,250,1931,7.7,200,1901,3.2,2759,160,12.7,44,0624,68.5,15.3,1008.2,1017.0,0023,1004.4,1648,1010.6,13.6,0.0,0900,0.82,4.21,,,,,,9.8,5.5,17.1,10.4,17.7,18.2,18.4,18.3,18.2,17.2,15.8,14.8,16.3,1.7,2.4,12.8,{비}1145-{비}{강도0}1200-{비}{강도1}1500-1718. {박무}1445-{박무}{강도0}1500-1545. {비}1815-{비}{강도0}2100-2126. {박무}1925-{박무}{강도0}2100-2125.,,2021,5,18,124,1,0,0,1
184,제주,2021-05-05,17.1,12.9,0604,22.6,1211,0.0,,0.0,,0.18,0.0,10.4,270,0020,6.6,270,0024,3.3,2818,270,5.4,20,1156,51.4,9.5,1014.3,1020.4,2154,1009.5,0003,1016.7,13.6,11.2,1200,3.57,27.24,,,,,,3.5,2.3,18.1,6.1,18.4,18.9,18.7,18.2,18.1,17.2,15.9,14.8,16.1,5.4,7.7,,{박무}0045-0235. {비}0143-0154.,,2021,5,18,125,1,0,0,0
184,제주,2021-05-06,18.4,13.1,0548,23.4,1346,,,,,,,6.0,360,1248,4.0,20,1628,1.8,1553,360,5.4,27,0758,43.1,9.1,1014.9,1020.0,0003,1013.7,1844,1017.3,13.7,10.8,1300,3.51,26.87,,,,,,5.0,3.4,20.2,3.9,18.3,18.8,18.9,18.4,18.2,17.2,15.9,14.8,16.3,5.2,7.5,,,,2021,5,18,126,1,0,0,0
184,제주,2021-05-07,19.5,14.4,2315,26.6,1133,,,,,,,16.8,290,1329,9.2,270,1418,3.5,2991,250,9.9,39,1057,54.9,12.5,1007.8,1013.8,0001,1008.3,1318,1010.3,13.7,7.5,1200,3.47,21.62,,,,,,5.3,1.9,19.3,8.8,19.3,19.9,19.6,18.9,19.0,17.3,15.9,14.8,16.3,4.8,6.8,,{박무}1616-1720. {연무}1715- {황사}1740-1745.{황사}{강도0}1800-{황사}{강도0}2100-{황사}{강도0}2400-,,2021,5,18,127,1,0,1,0
184,제주,2021-05-08,18.3,12.7,0357,25.3,1644,,,,,,,13.8,230,1700,7.5,230,1705,2.9,2476,250,9.0,36,0817,56.4,12.2,1005.3,1011.8,0005,1004.0,1709,1007.7,13.7,8.3,1000,2.79,21.32,,,,,,5.8,1.8,19.8,6.0,18.6,19.2,19.3,19.1,19.0,17.5,16.1,14.8,16.2,4.1,5.9,,-{황사}-{황사}{강도0}0300-{황사}{강도0}0600-{황사}{강도0}0900-{황사}{강도0}1200-{황사}{강도0}1500-{황사}{강도0}1800-{황사}{강도0}2100- {연무}2210-2215.2320. {박무}2315-{박무}{강도0}2400-,,2021,5,18,128,1,0,1,0
184,제주,2021-05-09,18.9,14.9,0448,23.9,1137,,,,,,,6.9,270,0033,4.6,50,1221,2.2,1861,20,7.7,13,1102,54.6,11.3,1008.8,1012.9,0953,1008.3,0219,1011.2,13.8,11.1,1200,3.33,25.63,,,,,,1.4,1.4,23.8,9.5,19.5,20.0,19.9,19.3,19.3,17.6,16.1,14.9,16.2,5.6,8.1,,-{박무}-{박무}{강도0}0300-{박무}{강도0}0600-0620. {황사}0410-{황사}{강도0}0600- {연무}0615-0815.{황사}{강도0}0900-{황사}{강도0}1200-1440.,,2021,5,18,129,1,0,0,0
184,제주,2021-05-10,20.3,17.3,0455,23.4,1129,,,,,,,8.1,50,1447,5.7,50,1451,1.8,1590,50,12.7,35,1105,63.8,15.3,1008.4,1013.1,0944,1009.5,1805,1010.8,13.8,11.7,1200,3.4,26.43,,,,,,2.6,1.0,26.2,10.2,20.2,20.8,20.5,19.7,19.8,17.8,16.2,15.0,16.2,4.1,5.8,,,,2021,5,19,130,1,0,0,0
184,제주,2021-05-11,18.6,17.4,2114,20.6,0032,0.1,,0.2,,7.57,0.4,14.7,110,1646,7.3,90,1229,4.1,3514,90,16.0,75,1413,85.4,18.2,1007.9,1011.8,1013,1008.5,1649,1010.3,13.8,0.0,1300,0.57,4.32,,,,,,9.4,8.3,19.3,13.9,19.8,20.5,20.6,20.2,20.5,18.1,16.3,14.9,16.2,1.4,2.0,1.0,{박무}0050-{박무}{강도0}0300-{박무}{강도0}0600-0735. {비}1531-{비}{강도0}1800-{비}{강도0}2100-2305.,,2021,5,19,131,1,0,0,1
184,제주,2021-05-12,18.3,16.1,0336,21.0,1453,0.2,,0.5,134,2.93,0.6,14.6,50,0224,7.0,70,0253,4.2,3600,70,14.4,62,1431,78.5,16.4,1008.0,1011.9,2339,1009.2,0136,1010.4,13.8,0.7,1400,2.37,13.54,,,,,,8.6,8.5,21.2,14.9,19.2,19.8,19.8,19.7,19.9,18.3,16.4,15.1,16.2,2.9,4.1,,{비}0035-{비}{강도0}0300-0331.,,2021,5,19,132,1,0,0,1
184,제주,2021-05-13,19.6,17.7,0313,22.2,0929,,,,,,,10.7,70,1108,6.3,50,1050,3.5,3004,50,15.1,55,1049,76.4,17.3,1009.4,1012.7,0811,1010.7,1731,1011.8,13.9,11.8,1200,3.52,27.46,,,,,,4.5,3.1,26.0,15.2,19.8,20.5,20.3,19.7,19.7,18.2,16.6,15.1,16.2,4.2,6.0,0.0,,,2021,5,19,133,1,0,0,0
184,제주,2021-05-14,21.5,17.9,0238,26.5,1356,0.0,,0.0,,2.67,0.0,10.9,110,1145,5.8,50,1034,2.8,2401,70,17.7,61,1324,80.4,20.3,1008.3,1012.8,0100,1009.1,2030,1010.7,13.9,1.2,1000,2.31,14.71,,,,,,9.4,5.6,23.7,16.7,20.8,21.5,21.1,20.3,20.5,18.4,16.6,15.1,16.3,2.8,4.0,6.1,{박무}0220-{박무}{강도1}0300-{박무}{강도0}0600-0845. {안개비}0312-0443. {비}1525-1542. {비}2219-2311.,,2021,5,19,134,1,0,1,0
184,제주,2021-05-15,23.7,19.6,0544,30.9,1539,2.8,427,4.2,350,3.95,6.1,15.9,230,1204,8.7,230,1204,3.0,2584,230,19.7,56,1539,79.6,22.9,1004.2,1009.5,0001,1004.9,1739,1006.6,13.9,7.2,1300,3.36,23.4,,,,,,8.5,4.8,25.9,18.1,22.0,22.6,22.0,20.8,20.9,18.7,16.8,15.3,16.2,4.9,7.0,5.7,{비}0026-0052. {비}0419-0512. {박무}0423-0453. {비}0624-0814. {박무}0650-0821. {비}2040-{비}{강도0}2100-2128.,,2021,5,19,135,1,0,1,1
184,제주,2021-05-16,23.5,17.4,2348,28.5,1251,2.8,704,6.4,1333,10.47,22.5,15.5,230,1912,8.3,230,1740,4.3,3731,230,20.3,61,1249,83.1,23.9,1001.4,1005.9,2350,1001.3,1516,1003.8,13.9,0.5,1200,1.74,7.59,,,,,,10.0,5.8,22.3,17.0,22.3,22.9,22.5,21.5,21.7,19.0,17.0,15.5,16.1,1.9,2.7,19.1,{비}0331-{비}{강도0}0600-{소나기}0701-{비}0720-0825. {비}0920-1020. {비}1108-1152. {비}1306-{소나기}1337-{비}1405-{비}{강도1}1500-1505. {박무}1338-{박무}{강도0}1500-1503. {비}1732-{비}{강도0}1800-1808. {박무}2049-{박무}{강도0}2100-2353. {비}2245-{비}{강도0}2400-,,2021,5,19,136,1,0,1,1
184,제주,2021-05-17,16.7,15.7,2345,18.8,1310,0.5,41,0.9,1,5.75,2.4,10.3,270,0222,6.0,250,0227,4.2,3654,270,14.0,68,1649,85.4,16.1,1007.0,1012.3,2132,1005.8,0142,1009.4,14.0,1.7,1500,1.46,8.89,,,,,,8.0,6.1,17.9,12.9,20.7,21.4,21.6,21.5,21.6,19.5,17.3,16.0,16.1,1.9,2.7,0.1,{박무}0028-0057. -{비}-0110. {박무}0232-{박무}{강도0}0300-{박무}{강도1}0600-{박무}{강도2}0900-0935. {안개비}0505-{안개비}{강도0}0600-{안개비}{강도0}0900-0940.,,2021,5,20,137,1,0,0,1
184,제주,2021-05-18,18.6,15.3,0200,22.9,1540,,,,,,,7.1,270,1221,4.9,290,1237,2.8,2440,250,11.1,43,1111,63.0,13.3,1009.2,1013.0,0714,1010.3,0332,1011.6,14.0,8.2,1200,3.55,24.1,,,,,,7.4,1.4,20.7,12.7,20.3,20.9,20.8,20.7,20.8,19.5,17.5,16.0,16.2,4.9,7.0,,,,2021,5,20,138,1,0,0,0
184,제주,2021-05-19,19.7,17.2,0340,21.8,1451,0.0,,0.0,,0.08,0.0,6.0,50,1456,4.4,50,1500,2.0,1732,360,13.6,47,0001,68.4,15.7,1009.1,1013.3,1054,1009.3,1754,1011.5,14.0,8.6,1100,3.45,24.12,,,,,,7.8,3.6,22.1,12.0,21.0,21.6,21.4,20.9,20.8,19.5,17.5,15.8,16.2,3.4,4.9,23.5,{햇무리}1245-1340. {햇무리}1425-1520. {비}2305-2310.,,2021,5,20,139,1,0,0,0
184,제주,2021-05-20,18.3,15.9,2138,23.4,1507,2.7,641,8.0,553,9.1,24.4,14.1,90,0825,7.8,250,1620,4.0,3414,70,16.2,75,0403,88.4,18.5,1002.1,1011.0,0055,1000.9,1336,1004.5,14.0,0.3,1300,1.44,7.28,,,,,,9.9,8.3,19.8,15.0,20.5,21.1,21.3,21.2,21.2,19.7,17.6,15.6,16.3,1.8,2.6,0.9,{박무}0035-{박무}{강도0}0300-0305. {비}0049-0227. {비}0406-{비}{강도1}0600-{비}{강도1}0900-0956. {박무}0415-{박무}{강도0}0600-0705. {박무}0815-{박무}{강도0}0900-0905. {박무}1250-1415. {박무}1745-{박무}{강도0}1800-1835. {비}1747-{비}{강도0}1800-1816. {비}2126-2235.,,2021,5,20,140,1,0,0,1
184,제주,2021-05-21,18.2,16.1,0500,21.9,1543,,,,,,,10.1,250,0324,5.7,250,0326,3.8,3296,270,11.5,44,1515,66.3,13.6,1007.9,1012.6,2337,1006.0,0045,1010.3,14.0,10.6,1000,3.02,24.79,,,,,,5.8,2.8,19.9,14.0,20.3,21.0,20.9,20.8,20.7,19.8,17.9,16.3,16.2,4.6,6.6,,,,2021,5,20,141,1,0,0,0
184,제주,2021-05-22,19.0,17.2,0558,22.0,1640,,,,,,,6.5,250,0200,4.1,250,0209,2.7,2350,250,13.1,54,1412,69.3,15.1,1009.5,1013.4,2323,1010.4,1539,1011.9,14.1,11.1,1200,3.54,27.49,,,,,,3.4,0.8,24.2,13.9,21.2,21.8,21.6,21.0,20.8,19.6,18.1,16.4,16.2,4.5,6.4,,,,2021,5,20,142,1,0,0,0
184,제주,2021-05-23,19.8,17.3,0532,23.3,1450,0.0,,0.0,,0.72,0.0,4.5,360,1308,3.1,20,1028,1.7,1459,360,13.9,53,0711,69.1,16.0,1008.8,1013.1,0001,1009.8,1737,1011.2,14.1,9.3,1100,3.44,26.25,,,,,,5.9,2.8,25.5,10.6,21.7,22.3,22.1,21.4,21.3,19.7,18.0,16.2,16.3,4.1,5.9,3.0,{비}2138-2221.,,2021,5,20,143,1,0,0,0
184,제주,2021-05-24,19.4,16.1,0458,23.2,1100,0.7,313,1.6,309,5.53,3.0,8.9,270,1551,5.5,270,1610,2.9,2531,270,14.1,53,1051,71.9,16.1,1007.5,1012.2,2313,1008.6,0338,1009.9,14.1,8.6,1200,3.56,26.13,,,,,,6.6,1.6,24.2,14.6,22.4,23.2,22.9,22.0,21.8,19.9,18.2,16.3,16.3,4.9,7.0,,{비}0003-{비}{강도0}0300-0535. {박무}0348-0549.,,2021,5,21,144,1,0,0,1
184,제주,2021-05-25,20.2,16.1,0454,25.0,1200,,,,,,,19.0,270,1044,10.1,250,1223,3.8,3313,270,11.8,20,0824,59.3,14.1,1008.1,1012.6,2157,1008.0,0713,1010.5,14.1,10.0,1200,3.46,25.84,,,,,,5.3,1.3,23.8,8.9,21.6,22.4,22.4,22.1,21.9,20.1,18.2,16.7,16.3,4.8,6.9,,{황사}0050-{황사}{강도0}0300-{황사}{강도0}0600-{황사}{강도0}0900- {연무}0945-0950.{연무}{강도0}1200-1359.,,2021,5,21,145,1,0,1,0
184,제주,2021-05-26,18.8,15.3,2117,25.4,1403,1.2,2335,4.2,2018,9.72,15.6,10.5,160,1703,5.2,160,1419,1.5,1324,160,7.6,17,1407,54.1,10.9,1006.5,1012.6,0119,1004.2,2352,1009.0,14.1,0.0,1200,1.32,6.84,,,,,,10.0,8.5,19.3,11.6,20.6,21.3,21.7,21.8,21.7,20.2,18.4,16.5,16.3,2.1,3.1,18.4,{비}1030-1103. {비}1450-{비}{강도0}1500-{비}{강도0}1800-{비}{강도1}2100-{비}{강도1}2400- {박무}2023-{박무}{강도0}2100-{박무}{강도1}2400-,,2021,5,21,146,1,0,1,1
184,제주,2021-05-27,19.1,15.5,0001,24.0,1622,0.5,54,1.2,52,3.7,2.8,11.1,250,1244,6.9,270,1321,2.7,2369,270,15.6,49,1623,80.9,17.7,1002.5,1007.9,2312,1002.0,0558,1004.9,14.2,7.5,1300,3.54,22.8,,,,,,5.6,3.0,21.4,15.3,20.5,21.2,21.1,21.1,20.9,20.2,18.4,16.6,16.2,4.3,6.1,,-{비}-{비}{강도0}0300-0342. -{박무}-{박무}{강도1}0300-0335. {박무}1925-{박무}{강도0}2100-2315.,,2021,5,21,147,1,0,0,1
184,제주,2021-05-28,20.7,16.4,0454,29.2,1108,,,,,,,19.1,230,1132,10.9,230,1322,3.8,3318,270,13.2,37,1103,63.3,15.6,1002.2,1008.3,2337,1000.6,1226,1004.6,14.2,10.0,1200,3.5,22.02,,,,,,2.3,1.1,21.7,13.1,20.7,21.5,21.4,21.2,21.0,20.1,18.5,16.4,16.3,4.8,6.9,,{박무}1511-1618.,,2021,5,21,148,1,0,1,0
184,제주,2021-05-29,19.7,16.5,0213,23.8,1232,,,,,,,7.0,270,1409,5.0,290,1342,2.4,2042,230,13.0,42,0823,66.1,15.0,1006.1,1009.3,2138,1007.7,0139,1008.5,14.2,12.6,1200,3.63,29.22,,,,,,2.0,0.1,25.5,14.5,21.2,21.9,21.7,21.3,21.1,20.1,18.6,16.7,16.3,4.8,6.8,,,,2021,5,21,149,1,0,0,0
184,제주,2021-05-30,21.4,16.6,0436,27.7,1428,,,,,,,5.9,270,1417,4.4,270,1643,1.7,1498,50,14.3,32,1421,65.0,16.3,1006.7,1010.5,2118,1007.9,1427,1009.1,14.2,12.6,1200,3.44,28.07,,,,,,0.8,0.0,27.0,16.5,22.0,22.7,22.4,21.7,21.6,20.2,18.6,16.6,16.3,5.2,7.4,,,,2021,5,21,150,1,0,1,0
184,제주,2021-05-31,22.0,19.2,0520,27.5,1135,,,,,,,7.4,20,1017,4.6,50,1022,1.5,1312,360,15.3,46,1138,67.0,17.6,1008.7,1012.9,2145,1009.6,0252,1011.1,14.2,11.7,1200,3.42,27.27,,,,,,2.6,0.0,28.3,17.6,22.7,23.4,23.1,22.2,22.2,20.3,18.6,16.9,16.3,4.9,6.9,,{박무}2208-{박무}{강도0}2400-,,2021,5,22,151,1,0,1,0
184,제주,2021-06-01,22.9,19.0,0519,27.4,1458,,,,,,,8.0,50,1306,5.1,20,1756,1.9,1683,180,15.6,41,1005,65.0,18.0,1011.1,1014.9,1946,1011.5,0049,1013.5,14.2,10.4,1300,3.34,25.9,,,,,,5.0,0.4,29.3,17.8,23.0,23.8,23.5,22.7,22.9,20.5,18.8,16.9,16.3,4.3,6.1,,-{박무}-0010.,,2021,6,22,152,0,0,1,0
184,제주,2021-06-02,24.5,21.4,0526,29.1,1157,,,,,,,13.5,90,1634,6.0,110,1122,2.4,2089,160,15.1,36,1156,57.0,17.2,1009.4,1014.1,0826,1009.4,2107,1011.8,14.2,0.4,1100,1.82,11.72,,,,,,8.3,4.0,25.8,21.2,23.0,23.8,23.7,23.0,23.3,20.9,18.8,17.1,16.3,3.3,4.7,1.2,,,2021,6,22,153,0,0,1,0
184,제주,2021-06-03,23.7,19.2,0454,30.9,1418,0.9,343,1.2,255,4.5,1.5,13.0,290,1449,7.6,250,1428,3.3,2808,270,18.9,57,1154,76.0,22.0,1000.6,1009.9,0001,999.1,1627,1002.9,14.3,3.4,1300,3.14,17.5,,,,,,9.0,4.8,26.2,19.1,23.3,24.0,23.6,23.0,23.1,21.1,19.0,16.9,16.4,3.6,5.2,3.2,{비}0133-{비}{강도0}0300-0409. {비}1026-1030. {비}2108-2258.,,2021,6,22,154,0,0,1,1
184,제주,2021-06-04,20.6,18.4,0459,23.4,1500,0.6,325,1.7,251,5.68,2.9,8.2,290,1540,5.2,320,1321,3.2,2788,290,14.0,28,2334,69.4,16.6,1002.7,1006.2,2213,1003.0,0143,1005.1,14.3,6.8,1200,3.63,24.39,,,,,,8.3,3.8,24.3,18.3,23.4,24.2,23.9,23.2,23.3,21.3,19.1,17.6,16.5,4.8,6.9,,{비}0002-{비}{강도0}0300-0543.,,2021,6,22,155,0,0,0,1
184,제주,2021-06-05,24.1,19.7,0102,29.3,1410,,,,,,,9.8,250,0950,6.2,250,0940,3.2,2774,250,15.2,29,0005,59.4,17.6,1002.1,1006.0,0001,1002.6,1717,1004.4,14.3,8.3,1300,2.97,23.41,,,,,,5.9,0.0,26.4,18.3,23.0,23.8,23.6,23.2,23.2,21.3,19.1,17.7,16.6,5.0,7.2,,{연무}0605-{연무}{강도0}0900-1135.,,2021,6,22,156,0,0,1,0
184,제주,2021-06-06,22.1,19.4,0423,26.3,1717,,,,,,,6.3,20,1335,4.8,50,1321,1.7,1427,20,16.7,52,1244,72.3,19.1,1006.3,1012.3,2301,1005.4,0018,1008.7,14.3,12.4,1200,3.45,27.39,,,,,,1.8,0.0,27.7,19.2,23.4,24.2,24.0,23.3,23.2,21.3,19.4,17.5,16.4,4.8,6.8,,{박무}0821-{박무}{강도0}0900-0936.,,2021,6,22,157,0,0,1,0
184,제주,2021-06-07,21.8,19.4,0516,24.7,1514,,,,,,,6.3,20,1528,4.2,20,1513,1.8,1591,20,16.7,56,0337,73.8,19.2,1012.1,1015.9,2230,1012.2,0001,1014.5,14.3,12.5,1200,3.43,27.51,,,,,,2.1,0.0,28.1,19.2,23.6,24.4,24.3,23.6,23.6,21.6,19.6,17.3,16.4,4.3,6.1,,{박무}0055-0215.,,2021,6,23,158,0,0,0,0
184,제주,2021-06-08,24.2,20.2,0407,30.5,1539,,,,,,,7.9,140,1955,4.4,110,2002,1.7,1471,290,19.4,49,1244,75.3,22.6,1012.2,1015.8,1029,1013.5,1721,1014.6,14.3,11.7,1200,3.49,26.87,,,,,,5.3,1.3,29.6,19.8,24.5,25.2,24.9,23.9,23.8,21.8,19.7,17.5,16.3,4.7,6.7,,{박무}0245-{박무}{강도0}0300-0345. {박무}0425-0455.,,2021,6,23,159,0,0,1,0
184,제주,2021-06-09,26.3,22.5,0413,31.5,1633,,,,,,,9.5,90,1058,6.1,20,1446,2.6,2243,50,21.2,56,1635,74.5,25.2,1011.7,1015.2,0820,1012.6,1640,1014.1,14.3,11.1,1100,3.35,26.51,,,,,,4.6,2.6,30.8,21.8,25.5,26.3,25.8,24.5,24.5,22.0,19.8,17.6,16.4,4.9,6.9,,,,2021,6,23,160,0,0,1,0
184,제주,2021-06-10,25.7,22.2,0513,28.2,1532,0.9,2136,2.5,2109,8.42,5.3,14.4,140,1940,6.5,160,1820,2.6,2210,160,19.4,49,1519,69.5,22.6,1008.4,1014.2,0036,1008.4,2007,1010.8,14.3,1.5,1000,1.15,8.51,,,,,,7.9,4.6,26.5,22.1,25.0,25.9,25.7,25.0,25.3,22.4,19.9,17.8,16.5,2.2,3.1,56.7,{비}1410-{비}{강도0}1500-1505. {비}1630-{비}{강도0}1800-{비}{강도0}2100-{비}{강도0}2400-,,2021,6,23,161,0,0,1,1
184,제주,2021-06-11,21.6,18.9,0219,25.7,0028,6.6,810,22.5,734,15.47,86.8,10.8,20,0104,6.6,340,0109,2.2,1940,50,21.0,75,0026,96.4,24.9,1007.6,1011.2,2318,1008.3,0442,1010.0,14.4,0.0,1400,1.35,6.66,,,,,,10.0,9.3,23.0,18.8,23.1,23.9,24.1,24.4,24.7,23.0,20.2,18.0,16.5,1.3,1.9,36.6,{박무}0111-{박무}{강도0}0300-0348. -{비}-{비}{강도1}0300-{비}{강도0}0600-{비}{강도2}0900-{비}{강도1}1200-1318. {박무}0735-{박무}{강도0}0900-{박무}{강도0}1200-1335. {안개비}1520-1730. {박무}2009-{박무}{강도0}2100-{시정(미만)}{1km}{안개}2352-{안개}{강도0}2400-,0.13,2021,6,23,162,0,0,1,1
184,제주,2021-06-12,22.7,20.7,0139,26.4,1046,0.2,,0.7,229,4.42,1.2,5.1,340,1634,3.4,340,1643,1.5,1282,290,20.8,74,1527,89.9,24.6,1009.5,1013.2,0939,1010.7,1711,1011.9,14.4,7.5,1300,3.29,24.2,,,,,,8.0,6.0,26.5,20.6,24.4,25.2,24.7,24.1,24.1,23.0,21.0,18.3,16.6,3.7,5.3,,-{박무}-{시정(이상)}{1km}{박무}0019-{시정(미만)}{1km}{안개}0108-{시정(미만)}{0.5km}{안개}0112-{시정(이상)}{0.5km}{안개}0247-{안개}{강도0}0300-{시정(이상)}{1km}{박무}0406-{박무}{강도1}0600-0644. {안개비}0215-{안개비}{강도1}0300-{안개비}{강도0}0600-0640. {박무}0855-{박무}{강도0}0900-0915. {박무}1850-{박무}{강도0}2100-{박무}{강도0}2400-,3.28,2021,6,23,163,0,0,1,1
184,제주,2021-06-13,20.2,18.5,0700,23.1,1432,,,,,,,6.1,250,2103,4.0,340,1445,2.4,2090,270,18.2,74,1418,88.9,20.9,1007.3,1012.4,0007,1007.7,1829,1009.7,14.4,5.4,1300,3.44,20.99,,,,,,8.4,8.4,25.5,18.4,24.8,25.7,25.4,24.7,24.6,23.1,21.0,18.6,16.7,3.5,5.0,,-{안개}-{시정(미만)}{1km}{안개}0035-{시정(미만)}{0.5km}{안개}0105-{시정(이상)}{0.5km}{안개}0115-{시정(이상)}{1km}{박무}0135-{시정(미만)}{1km}{안개}0215-{시정(미만)}{0.5km}{안개}0225-{안개}{강도1}0300-{시정(이상)}{0.5km}{안개}0405-{안개}{강도0}0600-{시정(이상)}{1km}{박무}0710-{박무}{강도0}0900-1015. {박무}2205-{박무}{강도0}2400-,5.92,2021,6,23,164,0,0,0,0
184,제주,2021-06-14,21.4,19.3,0107,24.3,1651,,,,,,,5.6,270,1601,3.8,360,1326,2.0,1695,20,18.8,76,1652,85.3,21.7,1003.9,1008.0,0533,1004.4,2004,1006.3,14.4,4.3,1000,2.52,18.76,,,,,,8.5,4.1,26.2,19.2,24.6,25.4,25.3,24.8,24.6,23.1,21.1,18.0,16.5,2.8,4.0,0.0,-{박무}-{박무}{강도0}0300-{박무}{강도0}0600-{박무}{강도0}0900-{박무}{강도0}1200-{박무}{강도0}1500-{박무}{강도0}1800-{박무}{강도0}2100-{박무}{강도0}2400-,,2021,6,24,165,0,0,0,0
184,제주,2021-06-15,23.1,21.1,0032,25.3,1808,1.6,1010,4.2,1422,9.5,17.6,9.8,90,0823,4.8,50,2336,2.0,1752,50,20.9,73,0433,87.9,24.7,997.7,1005.3,0001,996.1,1612,1000.1,14.4,0.0,0700,0.66,4.54,,,,,,9.9,4.9,23.5,21.0,24.0,24.7,24.8,24.7,24.7,23.2,21.1,18.1,16.6,0.9,1.2,24.7,-{박무}-{박무}{강도0}0300-0320. {비}0831-{비}{강도0}0900-{비}{강도0}1200-{비}{강도1}1500-1703. {박무}0903-1105. {박무}1302-1340. {비}1847-1945. {박무}2255-{박무}{강도1}2400-,,2021,6,24,166,0,0,1,1
184,제주,2021-06-16,21.1,20.1,0601,22.0,1808,0.4,602,1.7,602,8.37,7.1,12.8,70,1348,6.6,70,1344,3.8,3311,70,19.1,79,1756,89.0,22.1,1000.5,1006.3,2123,998.0,0047,1002.9,14.4,0.0,1200,1.07,5.54,,,,,,9.9,8.0,22.0,19.4,23.2,23.9,24.0,24.3,24.3,23.4,21.3,18.0,16.6,1.4,1.9,0.0,{안개비}0105-{안개비}{강도0}0300-{안개비}{강도0}0600-0850. -{박무}-{박무}{강도2}0300-{박무}{강도2}0600-0851. {안개비}1132-{안개비}{강도0}1200-1209. {박무}1142-{박무}{강도0}1200-1210.,,2021,6,24,167,0,0,0,1
184,제주,2021-06-17,21.4,20.8,0428,22.6,1253,,,,,,,8.4,90,1351,4.7,70,1355,2.7,2306,70,18.6,80,0225,84.1,21.4,1003.7,1007.4,1029,1005.1,2355,1006.1,14.4,0.0,1300,1.14,6.01,,,,,,9.6,6.5,21.8,20.3,22.7,23.3,23.4,23.7,23.7,23.1,21.3,18.1,16.6,1.3,1.9,0.0,,,2021,6,24,168,0,0,0,0
184,제주,2021-06-18,22.1,21.0,0513,24.4,1429,0.0,,0.0,,5.15,0.0,4.9,20,1215,3.8,20,1221,1.4,1195,20,20.1,80,1429,88.8,23.6,1000.6,1005.1,0001,1001.7,1519,1003.0,14.4,0.0,1100,2.0,11.33,,,,,,9.9,6.3,23.7,20.9,23.2,23.8,23.5,23.4,23.4,22.9,21.5,18.6,16.6,2.1,3.0,0.0,{박무}0530-{박무}{강도0}0600-{박무}{강도0}0900-1105. {비}0705-0831. {비}1002-1038. {비}1624-1646. {비}1733-{비}{강도0}1800-2018.,,2021,6,24,169,0,0,0,0
184,제주,2021-06-19,23.1,20.7,0620,27.2,1239,0.0,,0.0,,0.62,0.0,6.7,290,1809,4.6,290,1323,2.6,2204,270,18.7,48,2353,78.0,21.9,1000.3,1003.6,2209,1001.5,1630,1002.6,14.4,10.2,1200,3.57,27.72,,,,,,5.1,2.6,28.1,20.6,24.5,25.2,24.6,23.8,23.7,22.9,21.4,18.9,16.7,5.0,7.1,,{비}0318-0340. {비}0425-0440. {박무}1625-{박무}{강도0}1800-{박무}{강도1}2100-2322.,,2021,6,24,170,0,0,1,0
184,제주,2021-06-20,23.6,19.5,0536,26.9,1833,,,,,,,6.2,360,1039,3.9,320,1031,1.7,1491,180,12.8,29,1831,52.0,15.1,1001.0,1004.6,2205,1002.4,0146,1003.4,14.4,11.5,1300,3.43,27.81,,,,,,3.0,0.6,28.5,18.8,24.6,25.4,25.2,24.4,24.2,22.9,21.4,18.9,16.7,5.2,7.5,,{박무}0915-{박무}{강도0}1200-1425.,,2021,6,24,171,0,0,1,0
184,제주,2021-06-21,24.7,21.4,0512,28.5,1228,,,,,,,6.5,320,1243,4.4,320,1332,2.0,1741,340,15.9,38,0250,59.3,18.7,1003.0,1007.3,2300,1003.5,0212,1005.4,14.4,11.0,1200,3.42,27.6,,,,,,4.3,0.5,29.8,20.0,25.0,25.8,25.5,24.8,24.6,23.1,21.3,19.1,16.7,4.9,7.0,,{박무}1245-{박무}{강도0}1500-{박무}{강도0}1800-1925.,,2021,6,25,172,0,0,1,0
184,제주,2021-06-22,24.0,21.6,0422,28.1,1053,,,,,,,10.9,50,1320,6.9,50,0828,3.0,2552,50,19.2,52,0026,74.9,22.3,1006.3,1010.7,2250,1006.7,0203,1008.7,14.4,12.0,1200,3.47,28.5,,,,,,3.6,1.3,30.3,21.5,25.2,26.1,25.9,25.2,25.2,23.4,21.4,18.6,16.7,4.8,6.8,,{박무}0445-{박무}{강도0}0600-0635.,,2021,6,25,173,0,0,1,0
184,제주,2021-06-23,24.0,21.8,0557,26.3,1404,,,,,,,6.7,50,1226,4.8,50,1226,1.9,1642,20,19.1,67,1258,74.9,22.2,1008.6,1012.3,2214,1009.6,0412,1011.0,14.4,10.5,1200,3.34,26.28,,,,,,3.9,3.5,30.7,21.7,25.7,26.6,26.2,25.5,25.6,23.5,21.5,19.0,16.7,4.4,6.3,,,,2021,6,25,174,0,0,1,0
184,제주,2021-06-24,24.7,21.7,0527,28.5,1436,,,,,,,7.9,20,1456,5.1,50,1144,1.9,1662,20,18.8,58,1331,70.1,21.7,1008.9,1012.1,0013,1010.4,1645,1011.3,14.4,7.1,1100,3.12,22.39,,,,,,8.0,3.9,30.1,21.5,25.7,26.6,26.4,25.9,26.0,23.7,21.6,19.1,16.7,4.1,5.9,,,,2021,6,25,175,0,0,1,0
184,제주,2021-06-25,25.2,22.1,0526,29.2,1452,0.0,,0.0,,1.87,0.0,8.9,20,1329,5.2,50,1332,2.0,1690,20,19.1,53,1453,70.0,22.1,1008.5,1011.9,0008,1009.3,1522,1010.8,14.4,5.7,1100,2.93,17.54,,,,,,7.9,6.0,30.1,21.6,25.8,26.7,26.5,26.0,26.1,23.9,21.7,19.3,16.8,3.3,4.7,0.0,{비}2208-{비}{강도0}2400-,,2021,6,25,176,0,0,1,0
184,제주,2021-06-26,25.7,22.1,0416,30.8,1451,0.0,,0.0,,3.33,0.0,9.0,110,1221,5.7,110,1225,2.2,1874,110,19.0,49,1451,67.4,22.0,1006.8,1011.6,0001,1007.6,1600,1009.1,14.4,2.8,1300,2.86,15.95,,,,,,9.0,7.8,28.9,22.0,25.7,26.6,26.4,26.0,26.1,24.1,21.8,19.2,16.9,3.9,5.6,0.0,-{비}-{비}{강도0}0300-0320.,,2021,6,25,177,0,0,1,0
184,제주,2021-06-27,24.7,23.7,0542,28.0,0939,0.0,,0.0,,1.97,0.0,12.3,50,1141,6.7,50,1105,3.5,2997,50,20.6,62,0918,78.4,24.3,1004.1,1008.4,0021,1005.2,1732,1006.5,14.4,6.9,1300,3.27,22.7,,,,,,7.0,3.9,30.6,23.6,25.8,26.8,26.6,26.0,26.2,24.2,21.9,19.0,16.8,3.8,5.4,,{비}0010-0035. {비}0255-{비}{강도0}0300-0428. {박무}1745-{박무}{강도0}1800-1848.,,2021,6,25,178,0,0,1,0
184,제주,2021-06-28,24.3,22.7,0223,27.1,0944,,,,,,,11.9,50,1422,6.8,50,1321,3.5,3047,50,20.7,63,1832,81.3,24.5,1002.3,1005.9,2219,1003.3,1716,1004.7,14.4,9.8,1300,3.38,25.79,,,,,,6.1,4.8,30.8,22.6,25.9,27.0,26.8,26.2,26.3,24.3,22.0,18.7,16.9,4.7,6.7,,,,2021,6,26,179,0,0,1,0
184,제주,2021-06-29,24.6,22.3,0420,27.1,0908,,,,,,,10.1,50,1350,6.1,50,1454,3.0,2588,50,20.1,63,0807,76.6,23.5,1003.6,1007.1,2255,1005.1,0405,1006.0,14.4,9.7,1200,3.42,25.05,,,,,,4.4,1.4,31.0,22.2,26.0,27.2,27.0,26.4,26.5,24.4,22.1,19.1,16.9,4.3,6.2,,,,2021,6,26,180,0,0,1,0
184,제주,2021-06-30,24.9,22.3,0311,28.5,1452,,,,,,,11.2,360,1644,6.2,50,1417,3.2,2783,90,20.1,58,1105,75.1,23.5,1004.0,1007.2,0823,1005.4,1606,1006.3,14.4,7.2,1300,2.94,19.91,,,,,,5.3,2.5,29.6,22.2,25.9,26.9,26.9,26.5,26.5,24.5,22.2,19.2,17.0,4.0,5.7,,,,2021,6,26,181,0,0,1,0
184,제주,2021-07-01,24.6,22.9,0246,27.1,1520,,,,,,,10.4,50,1219,6.2,50,1438,3.0,2626,50,20.9,71,1101,80.3,24.7,1004.1,1007.7,2356,1005.1,1650,1006.5,14.3,10.3,1200,3.4,26.14,,,,,,4.8,3.1,31.3,22.8,26.1,27.2,27.0,26.5,26.5,24.6,22.4,18.9,16.9,4.3,6.2,0.0,{박무}0515-{박무}{강도0}0600-0720.,,2021,7,26,182,0,0,1,0
184,제주,2021-07-02,24.8,23.2,0129,26.9,1534,0.0,,0.0,,2.1,0.0,8.4,50,1537,4.8,70,1601,2.9,2534,70,22.0,75,1117,85.1,26.5,1005.8,1009.5,2326,1007.1,0309,1008.2,14.3,0.4,1500,1.52,9.77,,,,,,9.1,5.8,27.9,22.9,26.1,27.1,27.0,26.7,26.8,24.7,22.4,18.9,16.9,2.0,2.8,17.3,{박무}0125-0235. {박무}0410-0455. {비}0842-{비}{강도0}0900-1013. {비}1220-1255.,,2021,7,26,183,0,0,1,0
184,제주,2021-07-03,27.4,23.8,0536,31.9,1329,2.2,759,7.6,747,6.58,20.3,20.3,200,2217,10.7,230,2350,5.3,4622,200,22.7,58,1330,76.5,27.5,1002.7,1009.2,0024,1003.0,1725,1005.0,14.3,0.2,1300,1.94,6.33,,,,,,10.0,6.4,25.4,23.5,25.4,26.4,26.4,26.3,26.5,24.7,22.5,18.8,17.0,3.3,4.8,8.9,{비}0501-{비}{강도0}0600-{비}{강도1}0900-1136. {박무}0517-{박무}{강도0}0600-0655. {박무}0749-0853.,,2021,7,26,184,0,0,1,1
184,제주,2021-07-04,24.4,22.7,2157,28.4,0001,3.9,2143,10.5,2119,19.23,35.7,17.2,250,0057,9.5,200,0023,3.5,2994,270,22.6,73,1436,90.6,27.5,1006.0,1011.4,2212,1003.9,0024,1008.4,14.3,0.0,1300,0.83,4.23,,,,,,10.0,8.3,25.0,22.6,25.1,25.9,26.0,26.1,26.2,24.6,22.7,20.2,17.4,1.5,2.2,32.3,{박무}0255-{박무}{강도0}0300-{박무}{강도0}0600-0609. {비}0303-{비}{강도0}0600-{비}{강도0}0900-{비}{강도0}1200-1405. {박무}0855-{박무}{강도0}0900-1005. {비}1548-{비}{강도1}1800-{비}{강도1}2100-{비}{강도0}2400- {박무}1715-{박무}{강도0}1800-1805. {박무}2123-2354.,,2021,7,26,185,0,0,1,1
184,제주,2021-07-05,27.6,23.4,0001,31.2,1259,0.8,133,2.1,56,5.1,2.6,15.0,200,2335,8.5,200,2344,4.0,3429,250,23.4,65,1422,78.8,28.8,1007.3,1011.3,1030,1007.9,1921,1009.6,14.3,1.5,1000,2.31,14.93,,,,,,9.3,5.1,26.7,23.3,25.5,26.2,25.9,25.7,25.8,24.7,22.8,20.6,17.8,4.6,6.6,0.1,-{비}-{비}{강도0}0300-0310. {비}1327-1351. {비}1522-1617. {비}1833-1910.,,2021,7,27,186,0,0,1,1
184,제주,2021-07-06,29.5,28.1,2305,32.0,1359,,,,,,,17.8,230,0138,10.5,230,0817,6.8,5888,230,22.9,60,1300,68.0,28.0,1006.0,1009.9,2357,1006.5,0238,1008.3,14.3,2.8,1200,2.98,16.69,,,,,,8.1,2.8,27.7,24.4,26.1,26.9,26.5,26.2,26.1,24.6,22.9,21.0,18.4,4.8,6.9,0.1,,,2021,7,27,187,0,0,1,0
184,제주,2021-07-07,28.8,25.9,1048,32.1,1257,5.2,1036,14.9,956,6.32,15.0,14.3,230,1428,7.5,230,1513,4.2,3589,230,24.7,65,1252,78.9,31.1,1005.8,1010.3,0033,1006.0,1833,1008.1,14.3,1.2,1200,3.12,10.66,,,,,,8.5,6.5,27.4,25.8,26.6,27.4,27.0,26.5,26.4,24.7,23.1,20.7,17.5,2.7,3.8,14.9,{비}0601-{비}{강도0}0900-1132. {박무}1015-1105. {비}1437-1451. {비}1514-1548.,,2021,7,27,188,0,0,1,1
184,제주,2021-07-08,27.8,26.4,0537,32.0,1340,0.1,,0.1,,6.23,0.1,10.7,250,1355,6.5,250,1549,3.5,3004,250,24.1,58,1341,81.0,30.1,1004.3,1007.7,1201,1005.7,0348,1006.7,14.3,1.3,1300,2.8,11.26,,,,,,9.8,5.8,27.3,25.6,26.8,27.6,27.2,26.8,26.7,25.0,23.3,21.2,17.6,2.9,4.1,2.8,{비}0741-{비}{강도0}0900-{비}{강도0}1200-1210. {박무}0947-{박무}{강도0}1200-1216. {비}1553-1658. {비}2315-2355.,,2021,7,27,189,0,0,1,1
184,제주,2021-07-09,27.3,24.8,0635,30.5,1319,1.3,633,2.7,545,2.07,2.7,11.4,290,1458,7.4,290,1349,3.7,3225,250,22.8,63,1738,77.1,27.8,1004.5,1008.3,2302,1005.1,0400,1006.8,14.3,6.9,1400,3.11,20.73,,,,,,7.1,3.4,27.7,24.7,27.0,27.8,27.4,26.9,26.9,25.1,23.3,21.3,18.0,4.5,6.5,,{비}0025-0051. {비}0106-0117. {비}0542-{비}{강도0}0600-0648. {박무}0625-0645. {비}0822-0843.,,2021,7,27,190,0,0,1,1
184,제주,2021-07-10,28.0,25.5,0146,32.6,1548,0.0,,0.0,,0.43,0.0,11.7,250,1729,7.6,270,1704,2.7,2354,270,22.3,53,1548,71.9,26.9,1006.7,1011.7,2217,1007.3,0638,1009.1,14.2,7.0,1500,2.64,18.45,,,,,,6.0,2.1,28.8,24.7,27.3,28.1,27.7,27.1,27.0,25.3,23.5,21.1,17.7,4.3,6.2,0.0,{비}0927-0953.,,2021,7,27,191,0,0,1,0
184,제주,2021-07-11,28.4,25.3,0253,33.0,1538,,,,,,,6.8,250,1447,3.6,50,1056,1.8,1519,180,23.7,61,1601,76.5,29.4,1008.7,1011.9,0042,1010.0,1434,1011.0,14.2,9.3,1300,3.08,21.89,,,,,,5.6,4.0,31.1,24.8,27.7,28.5,28.0,27.3,27.1,25.3,23.6,21.4,17.6,4.1,5.9,,{박무}2350-{박무}{강도0}2400-,,2021,7,27,192,0,0,1,0
184,제주,2021-07-12,29.0,26.1,0552,32.4,1500,,,,,,,6.6,50,1017,4.5,20,1315,2.2,1879,20,24.1,60,1514,76.0,30.1,1008.2,1012.0,0802,1009.3,1609,1010.5,14.2,7.2,1200,3.11,22.85,,,,,,6.3,1.5,32.9,26.0,28.4,29.3,28.8,27.9,27.8,25.6,23.6,21.4,17.7,4.6,6.6,,-{박무}-0135. {햇무리}1150-1330.,,2021,7,28,193,0,0,1,0
184,제주,2021-07-13,29.0,26.5,0528,32.4,1344,,,,,,,6.4,70,1126,4.2,20,1130,1.9,1603,20,23.4,59,1345,72.5,28.8,1007.9,1011.1,2234,1009.3,0330,1010.2,14.2,7.0,1300,3.41,22.71,,,,,,6.8,0.0,32.7,24.0,28.6,29.4,29.1,28.3,28.3,25.9,23.8,21.0,17.7,4.3,6.1,,,,2021,7,28,194,0,0,1,0
184,제주,2021-07-14,29.0,27.2,2347,30.9,1144,,,,,,,6.3,20,1552,4.0,20,1545,1.5,1305,20,24.0,64,1102,75.3,29.9,1010.0,1013.7,2245,1010.6,0001,1012.4,14.2,3.1,1100,2.08,16.86,,,,,,8.6,1.9,32.1,23.9,28.6,29.5,29.2,28.6,28.4,26.4,24.0,21.5,17.7,3.3,4.8,,,,2021,7,28,195,0,0,1,0
184,제주,2021-07-15,29.0,26.5,0611,32.3,1437,,,,,,,5.8,20,1239,3.7,20,1248,1.8,1583,270,24.0,61,1844,75.0,29.9,1011.9,1015.4,1251,1013.1,0408,1014.2,14.2,11.4,1200,3.59,26.23,,,,,,6.4,1.3,34.0,22.3,29.0,29.8,29.4,28.7,28.5,26.6,24.1,22.1,17.7,5.2,7.4,,,,2021,7,28,196,0,0,1,0
184,제주,2021-07-16,28.5,26.4,0524,31.9,0924,,,,,,,10.9,50,1356,6.3,50,1356,2.9,2519,50,23.3,59,0923,74.3,28.7,1011.4,1015.0,0646,1012.3,1651,1013.8,14.2,11.0,1200,3.17,24.19,,,,,,6.4,3.6,33.5,23.0,28.8,29.9,29.7,29.1,28.8,26.9,24.3,21.4,17.7,4.7,6.8,0.2,,,2021,7,28,197,0,0,1,0
184,제주,2021-07-17,26.9,25.0,2303,30.7,1530,0.3,2212,0.3,2124,2.92,0.5,11.6,70,1237,7.3,50,1144,3.1,2686,50,23.0,59,1535,79.8,28.1,1008.5,1013.3,0001,1009.2,1451,1010.9,14.1,5.9,1100,3.11,21.23,,,,,,8.1,5.4,32.6,22.8,28.5,29.6,29.6,29.2,28.9,27.1,24.4,20.6,17.7,3.9,5.5,10.7,{소나기}0135-0156. {소나기}0217-0236. {소나기}0312-0336. {비}1936-1947. {비}2124-2241. {비}2337-{비}{강도0}2400-,,2021,7,28,198,0,0,1,1
184,제주,2021-07-18,27.0,23.7,0123,31.1,1501,2.1,1,2.9,201,10.2,12.9,13.1,160,1823,6.2,140,1826,2.9,2534,70,22.6,59,1707,78.1,27.4,1007.2,1010.9,2217,1008.8,1503,1009.6,14.1,5.6,1100,2.82,18.57,,,,,,7.4,5.9,28.1,22.1,27.8,29.0,29.1,29.0,28.9,27.3,24.6,20.9,17.8,4.2,6.0,2.5,{박무}0235-0255. -{비}-{비}{강도0}0300-0419. {비}0531-{비}{강도0}0600-0608. {비}0706-{비}{강도0}0900-0907. {비}1247-1338. {무지개}1730-1910. {비}1845-{소나기}1858-{비}1940-2013. {박무}1854-1945. {비}2209-2305.,,2021,7,28,199,0,0,1,1
184,제주,2021-07-19,29.0,25.4,0528,33.2,1441,0.0,,0.0,,0.65,0.0,10.8,110,1358,5.9,110,1347,3.1,2695,110,22.4,50,1639,69.0,27.1,1009.4,1013.5,2228,1010.6,0120,1011.7,14.1,11.9,1200,3.34,26.59,,,,,,3.9,3.1,30.4,22.1,28.2,29.3,29.2,28.7,28.7,27.3,24.7,21.3,18.0,5.8,8.3,,{비}0201-0240.,,2021,7,29,200,0,0,1,0
184,제주,2021-07-20,27.7,26.5,2301,29.8,1303,,,,,,,9.8,70,1417,5.8,50,1457,3.2,2739,50,24.3,74,1707,82.1,30.4,1010.8,1014.2,0841,1011.9,1818,1013.1,14.1,8.9,1200,2.93,22.02,,,,,,6.6,2.4,31.1,23.1,28.6,29.7,29.4,28.9,28.8,27.3,24.9,21.3,17.8,4.1,5.8,,{햇무리}1550-1730.,,2021,7,29,201,0,0,1,0
184,제주,2021-07-21,27.8,26.0,0225,29.8,1718,,,,,,,13.0,50,1542,7.6,50,1544,3.5,3001,50,24.6,70,1718,83.4,30.9,1008.9,1012.9,0011,1009.5,1738,1011.2,14.1,7.8,1400,3.07,22.87,,,,,,5.8,5.8,32.3,23.0,28.5,29.6,29.5,29.1,28.9,27.5,24.9,21.0,17.8,4.3,6.1,,,,2021,7,29,202,0,0,1,0
184,제주,2021-07-22,27.6,26.3,0606,30.5,1118,,,,,,,10.3,50,1531,6.4,50,1539,3.6,3095,50,24.6,64,1744,83.8,30.8,1007.2,1010.9,0001,1008.5,1732,1009.5,14.0,4.8,1100,2.03,16.7,,,,,,6.6,4.3,31.3,24.1,28.3,29.4,29.4,29.2,29.1,27.5,25.1,21.0,17.9,3.2,4.5,,,,2021,7,29,203,0,0,1,0
184,제주,2021-07-23,27.1,26.3,0501,29.2,1545,0.0,,0.0,,0.5,0.0,10.1,50,1359,5.9,50,1349,3.3,2812,50,24.6,71,1545,86.4,30.8,1005.9,1010.0,0906,1007.0,1616,1008.3,14.0,0.1,1500,1.24,9.54,,,,,,9.3,5.6,29.5,24.2,27.9,29.0,29.1,29.1,28.9,27.7,25.2,20.9,17.9,2.0,2.8,0.0,{비}0912-0942.,,2021,7,29,204,0,0,1,0
184,제주,2021-07-24,27.9,26.0,0046,31.8,1258,,,,,,,10.9,50,1114,6.3,50,1148,3.3,2814,50,24.2,61,1257,80.8,30.2,1004.2,1008.1,0001,1005.1,2006,1006.5,14.0,2.5,1200,2.97,15.71,,,,,,8.9,4.0,30.6,24.7,28.0,29.1,28.9,28.7,28.7,27.6,25.3,21.3,17.9,3.5,5.0,0.0,{박무}0045-{박무}{강도0}0300-0315. {햇무리}1155-1330.,,2021,7,29,205,0,0,1,0
184,제주,2021-07-25,27.2,26.0,0629,28.3,1631,0.1,,0.1,,8.08,0.2,11.1,90,1224,5.1,90,1328,3.4,2908,70,23.3,70,1701,79.5,28.6,1001.9,1006.0,0001,1003.2,1624,1004.2,14.0,0.0,1200,1.01,6.61,,,,,,10.0,5.5,27.2,24.7,27.5,28.5,28.6,28.8,28.7,27.5,25.3,21.4,18.0,2.3,3.3,0.2,{비}0611-0638. {비}0712-0745. {비}0825-{비}{강도0}0900-{비}{강도0}1200-{비}{강도0}1500-1530.,,2021,7,29,206,0,0,1,1
184,제주,2021-07-26,27.9,26.4,0631,30.5,1401,0.0,,0.0,,1.95,0.0,13.2,110,1020,5.9,110,1021,3.8,3243,90,22.7,61,1405,73.5,27.5,1000.3,1004.2,0001,1002.0,0248,1002.6,14.0,0.5,1300,1.82,11.52,,,,,,8.9,5.5,28.6,23.9,27.1,28.1,28.1,28.3,28.3,27.5,25.3,21.7,18.1,3.4,4.9,0.0,{비}0619-0632. {비}0802-{비}{강도0}0900-0910. {비}1120-1140. {비}1302-1318.,,2021,7,30,207,0,0,1,0
184,제주,2021-07-27,29.1,26.3,0306,33.6,1216,,,,,,,10.5,90,0912,6.0,110,0919,3.4,2917,90,21.8,45,1705,66.1,26.1,999.6,1003.1,0002,1000.8,1526,1001.9,13.9,12.4,1300,3.32,26.71,,,,,,3.3,1.6,33.6,23.4,27.8,28.7,28.5,28.2,28.0,27.3,25.3,21.8,18.1,5.9,8.5,,,,2021,7,30,208,0,0,1,0
184,제주,2021-07-28,29.4,26.1,0334,34.2,1425,,,,,,,11.2,110,1229,5.8,90,1600,3.0,2590,90,21.2,48,1356,62.6,25.3,1000.1,1003.5,0802,1000.5,1647,1002.4,13.9,12.1,1200,3.45,27.14,,,,,,1.5,0.5,34.9,22.6,28.4,29.4,29.2,28.7,28.4,27.3,25.4,21.9,18.1,6.4,9.2,,,,2021,7,30,209,0,0,1,0
184,제주,2021-07-29,28.5,25.3,0549,33.6,1433,,,,,,,6.9,270,1437,4.7,270,1518,2.2,1896,180,22.4,50,1439,70.4,27.2,999.9,1003.2,0001,1001.3,1748,1002.3,13.9,11.4,1200,3.41,25.5,,,,,,6.4,1.1,34.9,20.4,28.8,29.8,29.6,29.1,28.7,27.4,25.3,22.7,18.4,5.1,7.2,,,,2021,7,30,210,0,0,1,0
184,제주,2021-07-30,28.0,25.4,0607,30.6,1049,1.6,2349,1.6,2259,1.85,1.8,4.8,20,1412,3.4,20,1419,1.5,1325,20,23.6,63,1025,77.4,29.2,999.3,1002.5,0216,1000.4,1722,1001.6,13.9,5.8,1000,2.79,17.2,,,,,,7.3,4.8,32.9,22.6,28.9,29.9,29.9,29.3,28.9,27.4,25.5,22.6,18.1,2.9,4.2,10.5,{비}1707-1758. {비}1940-2005. {비}2325-{비}{강도0}2400-,,2021,7,30,211,0,0,1,1
184,제주,2021-07-31,27.0,24.1,1418,31.1,1214,22.6,1416,99.2,1339,5.65,155.3,9.6,160,1407,6.1,140,1409,1.3,1085,20,25.7,79,1220,93.1,33.0,999.2,1002.3,0746,1000.8,1634,1001.5,13.8,1.2,1200,1.85,9.22,,,,,,8.8,6.5,27.1,23.3,27.0,28.2,29.0,29.4,29.0,27.6,25.5,22.9,18.2,1.7,2.4,146.6,-{비}-0105. {비}0210-0240. {비}0310-0335. {박무}0525-{박무}{강도0}0600-0740. {박무}0825-{박무}{강도0}0900-1025. {비}1323-{소나기}1335-{비}1441-{비}{강도2}1500-1506. {박무}1335-1445. {비}1546-1610. {비}1654-{비}{강도2}1800-1826. {박무}1735-{박무}{강도2}1800-1825.,,2021,7,30,212,0,0,1,1
184,제주,2021-08-01,28.4,26.1,0251,31.8,1300,0.5,2108,0.9,2019,0.62,0.9,6.1,360,1423,4.3,360,1427,1.7,1500,20,25.5,70,1244,84.9,32.6,998.6,1002.3,2210,999.5,1639,1000.9,13.8,4.9,1300,3.26,18.54,,,,,,7.9,5.9,29.8,23.8,27.4,28.5,28.2,28.4,28.0,28.2,26.5,23.5,18.7,3.9,5.5,0.9,{비}2042-{비}{강도0}2100-2119.,,2021,8,30,213,0,0,1,1
184,제주,2021-08-02,27.7,25.8,2027,31.0,0928,5.8,1944,15.2,1943,4.75,20.1,6.7,320,1115,4.8,320,1117,1.8,1581,200,25.4,75,0920,87.6,32.4,1000.8,1005.4,2308,1000.6,0249,1003.1,13.8,3.5,1200,2.28,14.9,,,,,,8.3,6.5,29.7,24.6,28.7,29.7,29.5,29.0,28.5,27.9,26.4,23.5,18.7,2.7,3.9,21.5,{비}1205-1220. {비}1433-1440. {비}1502-1523. {비}1605-1632. {비}1807-1842. {비}1939-{비}{강도1}2100-2108. {박무}1945-2035. {비}2229-{비}{강도0}2400-,,2021,8,31,214,0,0,1,1
184,제주,2021-08-03,29.1,25.8,0343,33.0,1652,0.6,3,1.4,1,1.12,1.4,9.0,270,1253,5.0,290,1301,2.2,1868,180,23.9,49,1657,74.6,29.7,1004.6,1009.0,2154,1004.9,0251,1006.9,13.7,7.8,1300,3.31,22.89,,,,,,6.9,2.6,29.9,24.5,28.9,30.0,29.7,29.3,28.7,28.1,26.4,23.7,18.7,4.9,7.0,,-{비}-0043. {비}0112-0127. {비}0238-0247.,,2021,8,31,215,0,0,1,1
184,제주,2021-08-04,29.9,26.2,0456,33.8,1255,,,,,,,10.2,110,1510,5.6,140,1207,2.7,2364,110,22.4,50,1209,64.8,27.1,1005.8,1009.6,0810,1006.7,1547,1008.2,13.7,9.9,1100,3.41,24.86,,,,,,3.6,2.4,31.8,23.3,29.3,30.2,30.1,29.6,29.1,28.1,26.4,23.8,18.7,5.8,8.2,,,,2021,8,31,216,0,0,1,0
184,제주,2021-08-05,29.8,27.4,0520,33.7,1030,,,,,,,9.9,50,1243,6.1,50,1248,2.4,2078,50,22.6,54,0935,65.6,27.4,1003.4,1007.7,0007,1003.9,1906,1005.7,13.7,10.2,1000,2.9,22.83,,,,,,2.8,2.3,31.9,24.3,29.3,30.3,30.3,29.8,29.3,28.2,26.4,23.8,18.8,4.9,7.0,,,,2021,8,31,217,0,0,1,0
184,제주,2021-08-06,28.9,26.3,0347,31.9,1129,,,,,,,9.7,70,1425,6.4,50,1603,2.6,2216,50,23.9,65,1148,75.0,29.9,1000.7,1005.3,0009,1001.4,1458,1003.0,13.7,10.8,1200,3.41,26.18,,,,,,1.1,1.0,33.9,23.3,29.3,30.3,30.3,29.9,29.4,28.2,26.5,23.5,18.7,5.0,7.1,,,,2021,8,31,218,0,0,1,0
184,제주,2021-08-07,28.9,26.9,0531,31.4,1634,,,,,,,6.0,20,1258,4.4,20,1251,2.0,1740,20,24.0,66,1125,75.0,29.8,1000.5,1003.7,1155,1001.6,1721,1002.8,13.7,11.7,1300,3.33,25.69,,,,,,3.8,1.1,35.0,23.5,29.8,30.8,30.8,30.2,29.7,28.4,26.7,23.6,18.8,4.6,6.6,,,,2021,8,31,219,0,0,1,0
184,제주,2021-08-08,27.9,26.6,2307,29.5,1653,1.3,1407,1.8,1323,1.52,1.8,10.1,70,1552,6.4,70,1553,2.5,2174,50,24.2,71,0604,80.8,30.3,999.4,1003.3,0001,1000.0,1810,1001.7,13.6,0.6,1500,1.6,9.06,,,,,,8.1,3.6,29.5,24.4,29.3,30.3,30.5,30.4,30.1,28.6,26.8,23.9,18.8,2.0,2.9,1.8,{비}1016-1027. {비}1104-1113. {비}1327-1438.,,2021,8,31,220,0,0,1,1
184,제주,2021-08-09,28.3,26.3,0240,31.2,1352,0.0,,0.0,,0.08,0.0,7.9,270,1030,5.5,90,1204,3.3,2894,270,24.0,64,1418,78.3,29.9,1001.9,1006.8,2357,1001.7,0147,1004.2,13.6,7.4,1100,3.15,21.97,,,,,,6.3,4.0,31.3,23.1,29.2,30.1,30.1,30.0,29.8,28.7,26.8,24.2,19.3,4.6,6.6,,{비}0553-0558.,,2021,8,32,221,0,0,1,0
184,제주,2021-08-10,27.9,26.3,0640,30.7,1017,4.2,1419,4.6,1401,0.88,4.6,6.0,230,0733,3.9,110,0859,1.9,1669,20,23.0,65,0936,74.9,28.1,1006.5,1010.7,2355,1006.5,0113,1008.8,13.6,7.2,1200,2.87,18.65,,,,,,6.9,2.5,30.5,22.3,29.1,30.1,30.1,30.0,29.7,28.5,26.7,24.5,19.4,3.2,4.6,34.4,{비}1401-{소나기}1420-{비}1430-1439. {비}1610-1625.,,2021,8,32,222,0,0,1,1
184,제주,2021-08-11,25.5,23.3,0636,27.3,1506,3.3,541,13.7,540,8.73,32.0,10.3,50,1608,5.9,50,1613,2.7,2332,70,23.7,75,0138,90.4,29.4,1006.8,1010.6,0001,1008.0,1505,1009.2,13.5,0.6,1500,2.09,8.29,,,,,,9.8,6.3,26.8,22.7,27.7,28.8,29.2,29.8,29.6,28.6,26.9,23.3,19.0,1.6,2.3,2.2,{비}0234-{비}{강도0}0300-0344. {비}0453-{비}{강도1}0600-{비}{강도1}0900-0907. {박무}0515-{박무}{강도1}0600-0842. {비}1014-{비}{강도0}1200-1223. {비}1312-1423.,,2021,8,32,223,0,0,1,1
184,제주,2021-08-12,25.7,23.9,1120,29.6,1355,4.2,1109,5.9,1029,8.03,13.8,7.9,360,1107,4.2,180,1111,1.7,1477,70,23.4,60,1352,87.8,28.9,1006.4,1011.1,0955,1006.5,2355,1008.8,13.5,0.0,1200,1.28,6.61,,,,,,9.5,5.3,27.0,23.3,27.6,28.5,28.6,29.1,29.1,28.5,26.9,23.5,19.0,1.4,2.0,44.4,{박무}0115-0210. {비}0840-{비}{강도0}0900-1142. {비}1208-1305. {비}1415-1453. {비}1540-{비}{강도0}1800-1905. {박무}1655-1745.,,2021,8,32,224,0,0,1,1
184,제주,2021-08-13,24.4,23.1,0712,26.3,1542,2.5,442,9.4,704,13.07,34.8,8.4,90,1220,4.5,110,1030,2.4,2086,110,22.3,73,1347,88.4,26.9,1002.9,1006.9,0047,1003.7,1544,1005.3,13.5,0.0,1300,1.21,7.46,,,,,,10.0,6.1,25.8,22.6,26.6,27.4,27.8,28.5,28.7,28.5,27.1,23.4,19.2,1.5,2.2,36.7,{비}0140-{비}{강도0}0300-{비}{강도0}0600-0845. {박무}0150-0222. {박무}0306-0507. {박무}0648-0850. {비}0928-{비}{강도0}1200-1230. {비}1745-{비}{강도0}1800-2042.,,2021,8,32,225,0,0,1,1
184,제주,2021-08-14,23.1,22.2,1154,24.5,0103,3.4,657,12.9,613,17.67,57.7,12.9,20,0900,9.1,20,0915,2.8,2453,70,22.0,88,0001,93.9,26.5,1004.1,1010.6,2332,1003.4,0519,1006.5,13.4,0.0,1200,0.57,3.09,,,,,,10.0,7.4,23.8,21.2,25.3,26.1,26.7,27.7,28.0,28.3,27.2,23.6,19.4,0.9,1.3,25.2,{비}0114-0250. {비}0304-{비}{강도1}0600-{비}{강도1}0900-{비}{강도1}1200-{비}{강도0}1500-{비}{강도0}1800-1850. {비}1940-1958.,,2021,8,32,226,0,0,0,1
184,제주,2021-08-15,24.9,22.8,0418,26.8,1109,0.1,,0.2,,4.4,0.2,9.1,90,2140,4.8,110,2141,2.2,1894,110,21.6,73,2232,82.5,25.8,1010.3,1013.8,2229,1010.0,0043,1012.7,13.4,0.0,1000,1.03,6.75,,,,,,9.8,5.5,24.5,20.3,25.2,26.0,26.1,27.0,27.1,27.6,27.3,23.8,19.4,1.7,2.4,0.2,{비}1349-{비}{강도0}1500-1508. {비}1526-1547. {비}1638-{비}{강도0}1800-1825. {비}1934-2010. {비}2244-2305.,,2021,8,32,227,0,0,1,1
184,제주,2021-08-16,24.5,23.6,0408,26.9,1244,0.9,1332,2.5,1315,7.22,3.1,11.0,70,2011,6.8,70,2003,3.5,3021,70,22.2,70,0033,87.4,26.8,1009.3,1013.6,0001,1010.6,1623,1011.7,13.4,0.3,1200,1.3,7.18,,,,,,9.8,7.3,24.6,21.5,25.4,26.2,26.3,26.9,26.9,27.4,27.0,23.3,19.5,1.7,2.5,3.6,{비}0716-0754. {비}1131-1144. {비}1257-1435. {비}1512-1531. {안개비}1642-1707. {비}1905-{비}{강도0}2100-2305.,,2021,8,33,228,0,0,1,1
184,제주,2021-08-17,25.5,23.3,0615,28.3,1502,0.3,358,0.5,313,2.63,0.5,8.9,70,0050,3.5,70,0443,1.9,1627,50,20.5,62,1329,74.6,24.2,1006.5,1010.9,0001,1007.6,1550,1008.9,13.4,6.5,1300,3.08,18.43,,,,,,5.5,3.9,27.4,20.5,26.2,26.9,26.8,26.9,26.9,27.3,26.8,23.5,19.4,3.5,5.0,,{비}0020-0035. {비}0230-{비}{강도0}0300-0425. {비}0542-{비}{강도0}0600-0610.,,2021,8,33,229,0,0,1,1
184,제주,2021-08-18,26.1,23.1,0419,28.6,1437,,,,,,,7.4,50,1333,5.2,50,1315,2.5,2131,50,20.5,61,1439,71.5,24.1,1006.6,1010.1,2249,1007.6,1555,1009.0,13.3,10.4,1200,3.23,23.39,,,,,,2.1,2.0,27.6,19.6,26.8,27.6,27.5,27.4,27.0,27.1,26.6,23.5,19.5,4.7,6.8,,,,2021,8,33,230,0,0,1,0
184,제주,2021-08-19,25.6,23.3,0607,28.6,1417,0.0,,0.0,,1.0,0.0,6.3,50,1029,4.5,50,1036,1.8,1571,70,19.8,58,1349,70.8,23.1,1009.2,1013.1,2158,1009.7,0014,1011.6,13.3,7.2,1400,2.41,16.41,,,,,,5.3,4.0,27.6,18.8,26.8,27.6,27.7,27.7,27.3,27.1,26.4,23.5,19.4,3.3,4.7,0.0,{비}1250-1350.,,2021,8,33,231,0,0,1,0
184,제주,2021-08-20,27.9,23.3,0303,32.0,1402,,,,,,,6.8,70,1021,4.1,20,1256,1.9,1599,140,20.6,51,1131,65.6,24.4,1008.6,1012.5,0001,1009.2,2351,1010.9,13.3,9.8,1300,3.37,23.27,,,,,,6.0,3.1,30.4,19.1,27.3,28.0,27.9,27.8,27.4,27.1,26.3,24.1,19.5,4.6,6.6,4.6,,,2021,8,33,232,0,0,1,0
184,제주,2021-08-21,27.0,24.7,1349,29.4,1203,1.8,253,4.2,1219,12.27,13.4,22.9,110,1317,10.2,110,1318,3.3,2889,110,23.3,67,1005,81.0,28.7,1004.2,1009.2,0001,1004.1,1409,1006.5,13.2,0.5,1100,1.05,4.71,,,,,,9.5,6.3,25.8,23.7,27.1,28.0,28.1,28.2,27.8,27.2,26.3,23.8,19.7,1.8,2.5,8.8,{비}0135-{비}{강도0}0300-0430. {비}0610-{비}{강도0}0900-0935. {비}1030-{비}{강도0}1200-{비}{강도0}1500-1626.,,2021,8,33,233,0,0,1,1
184,제주,2021-08-22,26.0,24.9,1705,27.6,1141,4.0,1653,8.0,1613,4.17,15.3,5.8,110,0257,3.7,140,0309,1.4,1190,70,24.0,79,1135,89.1,29.9,1007.7,1011.2,2354,1007.9,0304,1010.1,13.2,0.1,1300,0.75,5.24,,,,,,8.5,5.9,26.5,23.2,26.8,27.5,27.6,27.8,27.7,27.1,26.2,24.3,19.6,1.1,1.6,15.3,{비}1150-{비}{강도0}1200-1310. {비}1430-{비}{강도0}1500-1720.,,2021,8,33,234,0,0,1,1
184,제주,2021-08-23,27.0,25.1,0012,31.6,1137,0.4,1356,0.7,1324,8.07,1.3,11.6,110,1446,6.3,110,2211,2.6,2275,110,23.9,64,1137,84.0,29.7,1003.5,1011.2,0007,998.9,1959,1005.8,13.2,1.3,1100,2.45,11.25,,,,,,9.9,6.9,27.0,23.3,26.9,27.7,27.6,27.7,27.6,27.2,26.3,24.7,19.9,3.0,4.2,1.3,{비}0418-0430. {비}1115-{비}{강도0}1200-1442. {비}1540-{비}{강도0}1800-2005. {박무}1705-{박무}{강도0}1800-2010.,,2021,8,34,235,0,0,1,1
184,제주,2021-08-24,28.4,26.5,2354,31.1,1241,0.4,2151,0.4,2101,4.27,0.4,18.8,110,0639,10.5,140,0851,5.1,4441,110,25.2,70,0155,83.6,32.1,1001.1,1006.4,2328,1001.2,0632,1003.4,13.1,0.9,1200,2.02,10.21,,,,,,10.0,5.9,27.2,24.6,27.1,27.9,27.8,27.8,27.7,27.0,26.2,24.4,20.5,2.4,3.5,25.7,{비}0835-{비}{강도0}0900-0927. {비}1409-1452. {박무}1459-{박무}{강도0}1500-1549. {비}1502-1517. {박무}1702-{박무}{강도0}1800-{박무}{강도0}2100-{박무}{강도0}2400- {비}1733-1755. {비}2055-{비}{강도0}2100-2244. {비}2320-2335.,,2021,8,34,236,0,0,1,1
184,제주,2021-08-25,27.8,24.1,0615,31.2,1511,8.2,212,8.8,137,10.3,25.6,11.7,230,1643,6.7,180,1537,3.1,2693,110,24.8,72,1642,84.5,31.3,1005.2,1011.1,2331,1005.6,1454,1007.5,13.1,1.9,1500,1.82,11.15,,,,,,8.1,6.6,27.8,23.5,27.2,28.0,27.9,28.0,27.7,27.3,26.3,24.6,20.1,2.7,3.9,0.3,{비}0137-{비}{강도1}0300-{비}{강도1}0600-0630. -{박무}-{박무}{강도0}0300-{박무}{강도1}0600-0630. {비}0720-0725. {비}0820-0838. {비}0903-0930. {비}1055-{비}{강도0}1200-1453. {비}1648-1725.,,2021,8,34,237,0,0,1,1
184,제주,2021-08-26,27.5,25.7,0414,29.4,1301,0.0,,0.0,,0.38,0.0,7.1,110,0104,4.3,200,0111,2.0,1699,70,24.3,74,1301,83.0,30.3,1011.3,1015.1,2128,1011.0,0003,1013.6,13.1,8.5,1100,2.88,20.57,,,,,,6.3,4.3,29.1,23.1,27.9,28.6,28.4,28.2,27.9,27.2,26.3,24.4,20.2,3.7,5.2,0.9,{비}2135-2146. {비}2214-2226.,,2021,8,34,238,0,0,1,0
184,제주,2021-08-27,29.5,25.9,0616,33.2,1335,0.8,109,0.9,19,0.95,0.9,13.7,110,1410,8.0,230,1618,3.8,3278,110,22.7,50,1336,68.4,27.7,1010.9,1014.5,0011,1012.0,1614,1013.2,13.0,11.9,1200,3.31,24.85,,,,,,3.4,2.1,30.2,23.1,28.2,29.1,29.0,28.6,28.1,27.3,26.3,24.3,20.2,6.8,9.7,,{비}0027-0124.,,2021,8,34,239,0,0,1,1
184,제주,2021-08-28,29.2,26.5,2359,33.0,1317,,,,,,,12.1,250,1501,7.7,270,1327,4.0,3483,250,23.1,54,1526,70.8,28.4,1011.5,1014.6,0705,1012.8,0139,1013.8,13.0,10.8,1200,3.28,24.42,,,,,,4.0,3.8,31.6,23.3,28.4,29.4,29.2,28.9,28.5,27.4,26.3,25.2,21.3,5.6,8.0,,,,2021,8,34,240,0,0,1,0
184,제주,2021-08-29,29.3,25.1,0430,33.6,1234,,,,,,,10.7,70,1400,6.9,70,1532,3.1,2687,110,22.0,54,1202,65.6,26.5,1011.5,1015.5,2345,1012.5,1556,1013.9,13.0,11.6,1200,3.26,23.79,,,,,,2.5,1.6,31.9,21.6,28.6,29.5,29.4,29.2,28.7,27.6,26.3,24.8,20.4,5.5,7.9,,,,2021,8,34,241,0,0,1,0
184,제주,2021-08-30,28.1,26.6,0425,30.9,1358,0.0,,0.0,,0.25,0.0,8.3,70,1736,5.4,90,1740,2.2,1903,70,23.7,69,1409,77.1,29.3,1013.2,1016.7,2114,1014.2,0210,1015.5,12.9,4.7,1100,2.91,16.12,,,,,,5.6,3.8,31.2,23.3,28.8,29.6,29.6,29.4,28.9,27.7,26.4,24.6,20.4,3.3,4.6,0.0,{비}1255-1310.,,2021,8,35,242,0,0,1,0
184,제주,2021-08-31,27.9,24.8,0513,30.5,1507,,,,,,,5.2,20,1444,3.9,20,1452,1.9,1652,70,22.3,62,1451,72.3,27.0,1012.2,1016.4,0705,1012.9,2356,1014.6,12.9,9.5,1400,2.81,21.77,,,,,,4.6,1.8,31.8,21.7,28.6,29.4,29.5,29.4,29.0,27.9,26.5,24.6,20.4,4.3,6.2,,,,2021,8,35,243,0,0,1,0
184,제주,2021-09-01,28.4,25.6,0348,33.3,1354,6.9,2021,14.3,1959,1.6,14.5,12.3,250,1234,6.9,250,1131,3.5,3032,250,23.7,61,1339,76.6,29.5,1008.1,1015.2,1041,1008.3,1903,1010.4,12.9,5.3,1200,2.58,17.16,,,,,,9.0,2.8,31.5,22.2,29.1,29.6,29.7,29.4,28.9,28.0,26.5,24.8,20.6,4.1,5.9,14.5,{비}1948-{비}{강도1}2100-2124. {박무}1950-{박무}{강도0}2100-2105.,,2021,9,35,244,0,0,1,1
184,제주,2021-09-02,25.0,23.0,2000,27.5,1204,8.2,1825,11.8,1738,9.68,37.8,5.9,290,0112,4.1,50,1953,2.2,1878,20,22.6,70,1149,87.1,27.4,1006.9,1011.2,1024,1006.9,2316,1009.3,12.8,1.1,0800,1.22,6.75,,,,,,9.5,6.1,26.8,21.8,28.0,28.5,29.1,29.2,29.0,27.6,26.3,24.2,20.3,1.2,1.7,59.2,{비}1230-{비}{강도0}1500-{비}{강도0}1800-1857. {비}1911-2007. {비}2018-2027. {비}2151-{비}{강도1}2400-,,2021,9,35,245,0,0,1,1
184,제주,2021-09-03,24.2,23.3,0315,25.6,1529,3.4,10,7.2,125,7.3,21.8,11.1,50,0942,7.3,50,0957,3.0,2630,70,23.0,85,1546,93.1,28.0,1005.6,1011.6,2147,1005.2,0350,1008.0,12.8,0.0,1300,1.12,4.9,,,,,,8.1,6.8,25.7,21.9,26.3,26.6,27.2,27.8,28.1,27.8,26.6,23.5,20.3,1.2,1.7,0.4,-{비}-{비}{강도1}0300-0312. {비}0357-0513. {비}0549-0557. {비}0653-0805. {박무}0715-0816. {박무}0902-1018. {비}0905-1035.,,2021,9,35,246,0,0,1,1
184,제주,2021-09-04,25.3,23.1,0536,28.7,1350,,,,,,,11.3,50,1308,6.5,50,1134,3.2,2778,70,22.0,70,1341,82.5,26.5,1011.0,1015.6,2200,1011.1,0021,1013.4,12.8,3.1,1200,2.75,15.85,,,,,,7.9,6.6,26.8,20.6,27.3,27.4,27.5,27.5,27.6,27.5,26.6,23.5,20.3,3.2,4.6,0.0,,,2021,9,35,247,0,0,1,0
184,제주,2021-09-05,24.5,23.5,1504,26.5,1045,2.1,1205,4.0,1205,6.73,7.6,10.0,110,1018,4.7,90,1020,3.2,2759,90,22.2,77,1039,87.1,26.7,1013.3,1017.3,2303,1014.5,0526,1015.7,12.7,0.0,1000,0.68,2.91,,,,,,9.6,5.5,24.9,21.8,26.7,27.0,27.4,27.6,27.6,26.9,26.5,23.4,20.3,1.1,1.6,12.8,{비}0325-0410. {비}0620-0625. {비}1148-{비}{강도0}1200-{비}{강도0}1500-1742.,,2021,9,35,248,0,0,1,1
184,제주,2021-09-06,25.5,23.5,0214,28.2,0956,4.6,112,5.2,26,3.48,5.3,11.9,110,1229,6.4,110,1253,4.0,3442,110,22.1,67,1001,82.4,26.6,1012.0,1017.2,0006,1012.6,2358,1014.4,12.7,0.7,0900,2.04,9.04,,,,,,8.9,7.1,25.8,22.0,26.3,26.5,26.8,27.1,27.2,27.2,26.4,23.3,20.3,2.2,3.2,1.4,{비}0050-0135. {비}1327-{비}{강도0}1500-1551. {비}1722-1742.,,2021,9,36,249,0,0,1,1
184,제주,2021-09-07,26.2,24.4,2331,30.8,1313,1.1,624,1.3,601,2.33,1.3,10.6,290,1530,6.4,270,1530,3.3,2839,290,23.4,67,1338,85.0,28.9,1008.6,1012.6,0001,1009.5,1429,1011.0,12.7,3.3,1100,2.8,13.45,,,,,,8.9,7.6,26.7,22.8,27.2,27.3,27.2,27.1,27.0,27.0,26.3,24.2,20.6,3.3,4.7,0.0,{비}0601-0658. {비}0838-0850. {비}1448-{비}{강도0}1500-1525. {비}1626-1639. {비}1754-{비}{강도0}1800-1815.,,2021,9,36,250,0,0,1,1
184,제주,2021-09-08,25.2,21.9,2355,28.7,1502,,,,,,,8.4,340,0837,5.0,340,0819,3.5,2994,320,20.0,59,1557,73.8,23.5,1009.7,1013.8,2248,1010.7,0216,1012.1,12.6,7.4,1200,3.22,20.08,,,,,,5.5,3.5,27.5,18.3,27.2,27.4,27.5,27.4,27.1,26.8,26.3,24.2,20.8,4.1,5.9,,,,2021,9,36,251,0,0,1,0
184,제주,2021-09-09,25.4,20.9,0234,29.4,1521,,,,,,,6.3,340,1606,4.5,270,1631,2.6,2257,180,20.6,68,1201,75.3,24.4,1011.5,1014.6,0654,1012.7,1525,1013.9,12.6,11.6,1200,3.22,23.18,,,,,,5.8,3.1,29.0,17.7,27.3,27.3,27.5,27.3,27.0,26.7,26.1,23.6,20.3,4.1,5.8,5.7,,,2021,9,36,252,0,0,1,0
184,제주,2021-09-10,24.0,21.7,0644,27.4,1346,1.0,926,3.3,853,9.17,8.9,8.8,20,0729,5.3,320,1400,2.2,1873,140,22.0,71,1343,89.0,26.5,1011.2,1015.2,1124,1011.4,1324,1013.6,12.6,0.1,1200,0.98,5.29,,,,,,8.6,5.4,25.4,20.6,26.7,26.9,27.3,27.4,27.1,26.6,26.0,23.7,20.4,1.3,1.9,3.2,{비}0110-{비}{강도0}0300-{비}{강도0}0600-{비}{강도0}0900-1015. {비}1125-1130.,,2021,9,36,253,0,0,1,1
184,제주,2021-09-11,25.5,22.6,0245,28.6,1310,,,,,,,10.0,70,1408,7.5,50,1325,2.8,2405,70,22.6,73,1313,84.3,27.4,1009.9,1014.4,0018,1010.5,1453,1012.3,12.5,7.6,1200,2.78,17.62,,,,,,5.6,2.5,27.0,20.0,27.0,27.1,27.1,27.0,26.8,26.6,26.0,23.7,20.4,3.3,4.7,,,,2021,9,36,254,0,0,1,0
184,제주,2021-09-12,25.8,23.7,0507,27.6,1351,,,,,,,9.1,70,1456,5.8,70,1240,3.1,2669,70,23.5,78,1440,87.5,28.9,1009.8,1013.7,2036,1010.5,0420,1012.2,12.5,3.9,1300,2.28,13.71,,,,,,9.3,6.0,27.5,21.1,27.2,27.3,27.4,27.2,26.8,26.5,25.8,23.3,20.4,2.5,3.6,1.3,,,2021,9,36,255,0,0,1,0
184,제주,2021-09-13,24.5,22.9,1922,26.2,0346,2.1,1950,7.1,1914,20.03,27.8,18.9,90,2132,6.2,90,2219,4.2,3652,90,23.2,85,0913,93.1,28.5,1010.1,1014.1,1211,1011.4,2400,1012.5,12.5,0.0,1200,0.32,1.81,,,,,,10.0,6.6,24.9,22.1,26.4,26.7,27.1,27.2,27.0,26.4,25.7,23.3,20.5,0.7,0.9,72.0,{비}0235-0240. {비}0403-{비}{강도0}0600-{비}{강도0}0900-{비}{강도0}1200-{비}{강도0}1500-{비}{강도0}1800-{비}{강도1}2100-{비}{강도0}2400- {박무}1852-2047. {박무}2340-{박무}{강도0}2400-,,2021,9,37,256,0,0,1,1
184,제주,2021-09-14,23.9,23.1,2051,25.3,0451,6.3,816,21.8,808,23.5,89.6,17.6,90,2233,9.4,90,2022,6.1,5274,90,23.7,94,0115,99.3,29.3,1005.6,1011.4,0001,1006.0,0525,1008.0,12.4,0.0,1100,0.44,1.82,,,,,,10.0,7.4,24.4,22.8,25.0,25.2,25.7,26.0,26.4,26.5,25.7,23.2,20.6,0.5,0.7,55.7,-{박무}-0013. -{비}-0015. {비}0045-{비}{강도0}0300-{비}{강도1}0600-{비}{강도2}0900-{비}{강도0}1200-{비}{강도0}1500-{비}{강도1}1800-{비}{강도0}2100-{비}{강도0}2400- {박무}1330-{박무}{강도0}1500-{박무}{강도0}1800-{박무}{강도1}2100-{박무}{강도1}2400-,,2021,9,37,257,0,0,1,1
184,제주,2021-09-15,23.4,22.2,0606,24.4,1213,1.1,310,3.8,231,10.33,11.7,19.5,70,0008,9.4,70,0153,6.1,5263,90,20.9,71,2033,86.6,24.8,1009.0,1013.0,2141,1008.8,0410,1011.4,12.4,0.0,1100,0.4,1.44,,,,,,10.0,7.5,22.9,20.7,24.2,24.5,25.0,25.4,25.8,26.2,25.5,22.9,20.7,1.3,1.9,1.0,-{비}-{비}{강도0}0300-{비}{강도0}0600-{비}{강도0}0900-0940. -{박무}-{박무}{강도0}0300-{박무}{강도1}0600-0751. {비}2315-2355.,,2021,9,37,258,0,0,0,1
184,제주,2021-09-16,22.9,21.8,0511,23.5,0244,9.0,1522,13.7,1434,17.37,63.8,18.5,70,1926,10.2,70,2256,5.9,5064,90,22.0,81,0244,95.3,26.4,1004.8,1012.8,0001,1003.1,2342,1007.2,12.4,0.0,1500,0.07,0.13,,,,,,10.0,7.9,22.4,20.5,23.6,23.8,24.3,24.9,25.4,25.9,25.4,22.9,20.8,0.3,0.5,217.5,{비}0425-{비}{강도0}0600-0840. {비}1028-{비}{강도1}1200-{비}{강도1}1500-1723. {비}1748-{비}{강도0}1800-{비}{강도0}2100-{비}{강도1}2400-,,2021,9,37,259,0,0,0,1
184,제주,2021-09-17,23.3,22.2,0820,25.6,1359,22.3,424,71.7,358,10.53,155.0,24.2,50,0719,15.3,50,0846,6.6,5711,290,22.6,88,1314,96.0,27.4,1002.3,1011.1,2221,997.5,0520,1004.6,12.3,0.0,1300,0.69,2.84,,,,,,9.1,8.3,23.5,22.0,23.3,23.4,23.4,23.5,23.5,24.7,24.7,23.0,21.0,1.0,1.4,0.4,-{비}-{비}{강도0}0300-{비}{강도2}0600-{비}{강도1}0900-0939. {폭풍}0654-0657. {폭풍}0720-0756. {폭풍}0822-0824. {폭풍}0841-0853. {폭풍}0901-0902. {비}0956-1049.,,2021,9,37,260,0,0,1,1
184,제주,2021-09-18,24.7,22.7,0001,29.0,1400,,,,,,,8.4,70,1525,5.6,50,1129,2.6,2204,70,21.3,69,1315,82.1,25.5,1011.5,1016.4,2344,1010.9,0241,1013.9,12.3,6.3,1200,2.78,17.98,,,,,,5.5,5.5,25.7,18.7,24.6,24.6,24.3,23.8,23.7,24.5,24.9,23.5,21.4,3.4,4.9,,,,2021,9,37,261,0,0,1,0
184,제주,2021-09-19,24.5,21.8,0622,27.3,1330,,,,,,,11.8,70,1508,7.0,70,1439,3.1,2702,110,20.5,68,1059,78.9,24.1,1012.8,1016.8,0954,1014.0,1448,1015.2,12.3,9.8,1200,2.94,20.65,,,,,,2.1,2.1,25.7,17.8,24.6,24.8,24.8,24.5,24.2,24.5,24.8,23.4,21.3,4.0,5.7,,,,2021,9,37,262,0,0,1,0
184,제주,2021-09-20,26.5,22.4,0131,31.9,1346,,,,,,,8.4,110,0833,4.3,290,1050,2.1,1856,90,21.9,57,1347,76.8,26.4,1008.4,1014.9,0001,1008.7,1513,1010.7,12.2,9.4,1200,3.1,19.93,,,,,,3.0,2.5,27.7,18.7,25.5,25.3,25.2,24.9,24.5,24.6,24.7,23.3,21.3,4.0,5.8,6.8,,,2021,9,38,263,0,0,1,0
184,제주,2021-09-21,25.2,21.8,2353,29.1,1329,3.5,717,6.7,635,4.03,6.8,12.3,290,0551,7.3,270,0624,3.2,2749,290,21.0,64,1332,78.4,25.1,1006.0,1009.8,2302,1005.7,0452,1008.4,12.2,5.4,1300,2.93,14.96,,,,,,5.8,4.3,25.9,16.1,25.8,25.9,25.8,25.4,25.0,24.7,24.7,23.8,21.7,3.8,5.5,,{비}0348-0405. {비}0435-0506. {비}0540-{비}{강도0}0600-0854.,,2021,9,38,264,0,0,1,1
184,제주,2021-09-22,27.3,21.4,0024,32.2,1552,,,,,,,10.2,290,1231,6.9,290,1137,3.7,3180,270,21.7,56,1544,72.3,26.3,1009.0,1014.1,2341,1009.1,0410,1011.3,12.2,10.9,1200,3.03,21.26,,,,,,0.4,0.4,26.2,16.2,25.7,25.7,25.7,25.4,25.0,24.8,24.8,24.0,21.9,4.6,6.5,,,,2021,9,38,265,0,0,1,0
184,제주,2021-09-23,24.9,20.8,2351,29.2,1110,,,,,,,6.3,250,0025,4.0,250,0009,2.4,2038,20,18.9,54,1225,70.3,21.9,1015.8,1020.8,2339,1014.1,0001,1018.2,12.1,9.8,1100,2.92,19.85,,,,,,4.1,1.3,26.9,15.7,26.2,26.2,26.2,25.7,25.3,24.0,24.8,23.6,21.4,4.1,5.9,,{박무}0041-{박무}{강도0}0300-0505.,,2021,9,38,266,0,0,1,0
184,제주,2021-09-24,23.4,19.0,0452,28.1,1310,,,,,,,11.6,70,1604,6.9,70,1539,2.9,2530,70,18.5,58,1715,74.8,21.5,1018.6,1022.2,1032,1020.1,1527,1021.0,12.1,8.3,1300,2.82,16.35,,,,,,3.9,2.8,25.9,14.1,25.0,25.1,25.5,25.5,25.3,24.9,24.8,23.5,21.3,3.3,4.8,0.3,,,2021,9,38,267,0,0,1,0
184,제주,2021-09-25,24.2,22.0,0539,27.2,1613,0.2,,0.2,,2.55,0.3,11.8,70,1323,7.7,50,0948,3.7,3230,90,20.8,74,1605,82.0,24.6,1017.7,1022.0,0932,1018.7,1603,1020.1,12.1,2.8,1100,1.8,10.81,,,,,,7.0,3.6,25.0,18.9,25.0,25.1,25.4,25.3,25.1,25.0,24.7,23.3,21.3,2.3,3.3,0.0,{비}0351-0409. {비}0453-0505. {비}0542-{비}{강도0}0600-0650. {비}0705-0736. {비}1057-1109. {비}1254-1259. {비}1311-1318.,,2021,9,38,268,0,0,1,1
184,제주,2021-09-26,24.4,22.6,0140,28.4,1442,,,,,,,13.0,70,1327,7.4,70,1159,3.6,3127,90,20.3,63,1500,78.4,23.8,1016.0,1020.1,0001,1016.8,1445,1018.4,12.0,5.6,1300,2.5,15.92,,,,,,6.9,3.9,26.8,18.9,25.2,25.2,25.3,25.2,25.1,24.9,24.7,23.2,21.3,3.4,4.8,,,,2021,9,38,269,0,0,1,0
184,제주,2021-09-27,24.0,22.0,0529,27.4,1300,,,,,,,9.9,70,1322,6.4,70,1132,3.1,2683,90,20.6,69,1048,81.5,24.3,1012.5,1017.6,0001,1013.3,1630,1014.9,12.0,5.5,1100,2.75,15.71,,,,,,6.0,4.3,27.1,19.2,25.4,25.4,25.4,25.2,25.2,24.9,24.6,23.3,21.3,3.1,4.5,,,,2021,9,39,270,0,0,1,0
184,제주,2021-09-28,25.3,23.2,0534,28.1,1125,,,,,,,10.9,70,1507,6.8,70,1302,3.0,2622,90,22.6,73,1120,85.3,27.4,1009.5,1013.8,0001,1010.6,1528,1011.9,12.0,3.4,1100,2.84,14.68,,,,,,7.0,4.6,28.4,20.6,25.9,25.9,25.8,25.4,25.4,24.9,24.6,23.1,21.2,2.8,4.0,,,,2021,9,39,271,0,0,1,0
184,제주,2021-09-29,26.2,23.2,0356,30.2,1240,3.8,2248,9.0,2256,1.33,13.0,5.9,50,1248,4.4,50,1255,1.8,1546,50,23.0,66,1231,83.8,28.2,1006.4,1010.8,0001,1006.8,1509,1008.8,11.9,7.3,1100,2.77,16.17,,,,,,5.3,3.9,28.8,19.1,26.4,26.2,26.2,25.7,25.6,24.9,24.6,23.4,21.2,2.8,4.0,38.8,{박무}0005-0138. {비}2240-{비}{강도1}2400- {박무}2304-{박무}{강도0}2400-,,2021,9,39,272,0,0,1,1
184,제주,2021-09-30,23.0,21.8,2352,25.4,1302,4.1,554,15.4,519,6.8,27.9,10.1,50,1703,6.3,50,1711,2.4,2100,50,21.7,74,1305,93.0,26.0,1005.6,1009.4,2217,1006.7,1414,1008.0,11.9,0.7,1200,2.2,6.24,,,,,,7.1,6.0,24.8,17.7,25.4,25.6,25.9,25.9,26.0,25.2,24.6,23.2,21.3,1.4,2.0,2.1,-{박무}-0030. -{비}-0125. {비}0445-{비}{강도1}0600-0754. {비}1556-{비}{강도0}1800-1810.,,2021,9,39,273,0,0,1,1
184,제주,2021-10-01,22.9,19.3,0631,27.1,1101,,,,,,,5.7,20,1203,4.1,340,1614,2.2,1872,200,19.7,70,1510,82.6,23.1,1007.7,1012.7,2343,1008.2,0340,1010.1,11.9,9.2,1200,2.8,18.57,,,,,,2.4,2.1,24.6,15.6,25.0,25.1,25.4,25.4,25.6,25.1,24.6,23.3,21.3,3.5,5.0,,,,2021,10,39,274,0,0,1,0
184,제주,2021-10-02,23.5,19.6,0321,28.0,1344,,,,,,,5.6,50,1428,3.9,50,1424,2.1,1852,180,18.6,62,1332,74.5,21.6,1012.7,1018.1,2332,1011.8,0243,1015.1,11.8,9.7,1200,2.9,18.67,,,,,,0.4,0.4,24.5,14.7,24.9,25.0,25.3,25.3,25.4,25.1,24.7,23.2,21.2,3.7,5.3,,,,2021,10,39,275,0,0,1,0
184,제주,2021-10-03,24.7,19.2,0556,31.1,1345,,,,,,,7.3,290,1452,4.9,290,1458,2.5,2130,160,18.0,40,1216,67.9,20.9,1016.8,1021.0,2111,1017.8,0412,1019.2,11.8,10.6,1200,2.95,19.99,,,,,,0.0,0.0,24.9,12.9,24.9,24.9,25.1,25.2,25.2,25.0,24.7,23.2,21.3,4.5,6.4,,,,2021,10,39,276,0,0,1,0
184,제주,2021-10-04,25.5,21.6,0421,30.1,1113,,,,,,,5.2,70,1338,3.6,50,1339,1.9,1637,180,19.7,56,1116,71.0,23.1,1018.5,1022.8,2112,1018.6,0204,1020.9,11.8,10.0,1300,2.62,17.79,,,,,,4.3,0.3,26.2,15.6,25.3,25.2,25.3,25.3,25.2,25.0,24.7,23.4,21.3,3.5,5.0,,,,2021,10,40,277,0,0,1,0
184,제주,2021-10-05,25.7,21.4,0539,31.0,1233,,,,,,,7.7,50,1248,5.1,50,1257,1.9,1642,180,21.0,58,0945,75.9,25.2,1018.6,1022.4,0850,1019.6,1440,1021.0,11.7,8.8,1200,2.87,18.33,,,,,,2.5,2.5,26.9,16.3,25.7,25.6,25.6,25.4,25.3,25.0,24.7,23.3,21.3,3.5,5.0,,,,2021,10,40,278,0,0,1,0
184,제주,2021-10-06,25.1,22.5,0440,27.7,1348,,,,,,,10.7,70,1535,6.3,70,1540,2.8,2392,70,21.4,70,1707,80.1,25.6,1016.3,1020.9,0001,1016.1,1725,1018.7,11.7,8.3,1100,2.77,16.74,,,,,,2.8,2.6,27.2,17.8,25.9,25.8,25.9,25.7,25.5,25.0,24.6,23.3,21.3,3.3,4.7,,,,2021,10,40,279,0,0,1,0
184,제주,2021-10-07,24.6,21.2,0636,28.4,1310,,,,,,,5.9,50,1557,4.5,50,1617,2.1,1797,180,20.1,68,1052,76.3,23.6,1014.5,1017.7,0022,1015.9,0519,1016.9,11.7,10.3,1200,2.8,18.61,,,,,,2.0,1.4,27.3,15.6,25.7,25.6,25.7,25.6,25.6,25.0,24.6,23.3,21.3,3.3,4.8,,,,2021,10,40,280,0,0,1,0
184,제주,2021-10-08,24.5,21.8,0252,27.8,1221,,,,,,,11.5,70,1550,6.7,70,1535,3.1,2665,70,21.3,70,1223,82.6,25.4,1016.4,1020.4,2247,1017.3,0403,1018.8,11.6,7.4,1200,2.72,15.08,,,,,,4.5,3.4,26.4,17.0,25.5,25.5,25.7,25.6,25.6,25.0,24.6,23.2,21.3,2.9,4.1,2.4,,,2021,10,40,281,0,0,1,0
184,제주,2021-10-09,24.3,23.4,1010,25.5,1510,1.8,745,2.4,717,4.85,5.2,9.0,70,1637,5.4,70,1641,2.7,2355,90,22.9,86,0001,92.4,28.0,1018.0,1022.0,0955,1019.1,1553,1020.4,11.6,0.0,1400,0.99,4.44,,,,,,6.1,3.6,25.1,20.5,25.3,25.4,25.6,25.5,25.6,25.0,24.5,23.1,21.3,1.1,1.6,2.8,{비}0703-0823. {비}0842-{비}{강도0}0900-{비}{강도0}1200-1213. {박무}1312-{박무}{강도0}1500-{박무}{강도0}1800-2058.,,2021,10,40,282,0,0,1,1
184,제주,2021-10-10,26.1,22.2,0528,31.8,1428,0.0,,0.0,,0.68,0.0,6.3,140,0031,4.2,270,2323,1.4,1226,20,21.9,60,1424,78.8,26.4,1015.6,1020.3,0001,1016.4,1600,1018.0,11.5,5.5,1400,2.29,12.52,,,,,,5.4,4.4,26.5,18.4,25.7,25.6,25.5,25.4,25.4,25.0,24.5,23.3,21.3,2.4,3.5,0.0,{비}1309-1317. {무지개}1650-1705. {비}2310-2343.,,2021,10,40,283,0,0,1,0
184,제주,2021-10-11,22.0,20.9,0726,24.1,0001,0.1,,0.1,,1.17,0.1,9.3,20,0544,6.0,50,0407,2.3,2021,20,20.0,79,1137,88.9,23.4,1016.2,1019.8,2237,1016.8,0332,1018.6,11.5,0.2,1100,1.64,5.4,,,,,,9.1,7.3,23.9,20.5,25.1,25.3,25.6,25.6,25.6,25.0,24.5,23.1,21.3,1.1,1.6,9.5,{비}0353-0403. {비}0417-0435. {박무}2242-{박무}{강도0}2400- {비}2318-{비}{강도0}2400-,,2021,10,41,284,0,0,0,1
184,제주,2021-10-12,22.2,21.3,0001,22.9,0528,1.9,432,4.3,549,22.7,16.4,11.8,110,1324,6.4,90,1052,3.2,2796,90,21.6,92,2342,96.9,25.9,1018.6,1022.5,2126,1019.0,0310,1021.0,11.5,0.0,1100,0.37,1.7,,,,,,10.0,6.5,23.4,21.2,24.3,24.6,24.9,25.1,25.2,25.0,24.5,22.9,21.3,0.5,0.8,7.0,-{박무}-0231. -{비}-{비}{강도0}0300-{비}{강도0}0600-{비}{강도0}0900-{비}{강도0}1200-{비}{강도0}1500-{비}{강도0}1800-{비}{강도0}2100-2135. {박무}1510-{박무}{강도1}1800-{박무}{강도0}2100-2125. {비}2253-{비}{강도0}2400-,,2021,10,41,285,0,0,0,1
184,제주,2021-10-13,22.5,21.6,0202,23.8,1541,0.8,1334,1.5,1302,14.67,2.1,9.9,90,1226,4.4,90,1233,3.0,2632,90,21.4,90,1501,93.9,25.5,1019.4,1023.3,1036,1020.5,1531,1021.8,11.4,0.0,1400,0.92,2.81,,,,,,9.8,6.5,23.9,21.1,24.0,24.2,24.4,24.6,24.8,24.9,24.5,22.9,21.3,0.8,1.1,2.1,-{비}-{비}{강도0}0300-{안개비}0335-{안개비}{강도0}0600-{비}0640-{비}{강도0}0900-{비}{강도0}1200-1440.,,2021,10,41,286,0,0,0,1
184,제주,2021-10-14,24.0,22.3,0448,28.0,1243,,,,,,,9.0,70,0944,6.3,50,1346,3.0,2559,70,21.5,72,1245,86.3,25.6,1017.0,1021.4,0820,1017.8,1606,1019.4,11.4,6.7,1200,2.43,14.01,,,,,,5.6,4.5,25.6,19.0,24.8,24.7,24.6,24.5,24.6,24.7,24.4,23.0,21.3,2.5,3.6,,,,2021,10,41,287,0,0,1,0
184,제주,2021-10-15,23.5,20.7,0544,27.1,1159,,,,,,,10.0,20,2139,6.5,20,2145,2.5,2186,50,18.8,57,1409,76.4,21.8,1014.6,1018.3,0920,1015.8,1333,1017.0,11.4,7.0,1200,2.68,15.73,,,,,,6.6,4.3,24.3,16.9,24.6,24.7,24.8,24.7,24.7,24.6,24.4,22.9,21.2,3.2,4.5,5.6,,,2021,10,41,288,0,0,1,0
184,제주,2021-10-16,17.0,14.4,2305,21.1,0001,0.7,829,3.1,830,10.62,7.6,16.7,20,0621,10.5,20,0634,6.4,5520,20,12.5,51,1258,76.3,14.9,1019.7,1026.6,2207,1016.7,0306,1022.2,11.3,0.0,1200,0.54,1.94,,,,,,9.9,7.0,18.2,12.5,21.6,22.7,23.8,24.4,24.7,24.5,24.0,22.6,21.1,2.4,3.4,2.0,{비}0254-{비}{강도0}0300-0307. {비}0348-{비}{강도0}0600-{비}{강도0}0900-1045. {비}1205-1234. {비}1307-{비}{강도0}1500-1540. {비}1927-1952.,,2021,10,41,289,0,0,0,1
184,제주,2021-10-17,13.3,11.0,0810,16.1,1542,,,,,,,15.7,20,0105,9.5,20,0309,5.9,5137,20,4.4,39,1515,55.6,8.4,1023.9,1029.0,0823,1025.0,1629,1026.4,11.3,9.2,1200,2.87,18.15,,,,,,2.6,2.5,15.7,4.4,18.7,19.9,21.5,22.8,23.5,24.2,23.6,22.4,21.1,3.7,5.2,,,,2021,10,41,290,0,0,0,0
184,제주,2021-10-18,14.0,9.0,0433,18.4,1242,,,,,,,5.8,20,1349,3.7,50,1427,2.2,1902,180,6.0,43,1326,59.9,9.4,1021.1,1025.5,0001,1021.9,1824,1023.6,11.3,8.4,1200,2.77,16.57,,,,,,3.4,1.8,15.9,3.4,18.3,18.8,20.2,21.5,22.2,23.8,23.7,22.5,21.1,3.3,4.7,,,,2021,10,42,291,0,0,0,0
184,제주,2021-10-19,16.2,12.3,0149,20.8,1422,0.4,910,0.5,903,0.77,0.5,15.0,20,1720,8.6,20,1728,4.1,3502,340,8.9,51,2151,62.5,11.5,1018.4,1023.0,2300,1018.9,1413,1020.9,11.2,4.9,1300,2.21,11.4,,,,,,7.3,4.3,16.2,6.0,18.5,18.9,19.9,20.9,21.5,23.4,23.5,22.5,21.1,3.3,4.7,0.5,{비}0903-0934. {비}1509-1524. {달무리}2318-2350.,,2021,10,42,292,0,0,0,1
184,제주,2021-10-20,14.4,13.7,0724,16.3,1258,,,,,,,11.9,20,0040,6.3,20,0042,3.1,2670,20,6.8,50,1318,60.4,9.9,1019.1,1023.6,1042,1020.3,1437,1021.6,11.2,0.2,1200,1.34,5.6,,,,,,8.6,3.0,15.1,10.8,17.9,18.5,19.5,20.5,21.2,22.8,22.9,22.4,21.0,1.7,2.5,,,,2021,10,42,293,0,0,0,0
184,제주,2021-10-21,15.6,13.6,0055,18.9,1401,,,,,,,9.4,360,2200,5.2,20,2130,3.2,2770,20,8.2,52,1539,61.6,10.9,1017.6,1021.2,0907,1018.5,1454,1020.1,11.2,4.9,1200,2.34,12.0,,,,,,6.9,3.9,17.1,9.6,18.3,18.6,19.3,20.1,20.8,22.6,22.7,22.4,21.0,3.0,4.3,,,,2021,10,42,294,0,0,0,0
184,제주,2021-10-22,16.5,14.8,0024,19.6,1320,,,,,,,14.5,360,2028,8.9,20,1744,5.5,4757,20,7.9,44,1356,57.5,10.7,1020.3,1025.7,2328,1020.2,0325,1022.8,11.1,6.0,1200,2.35,12.7,,,,,,3.3,3.0,16.9,10.2,18.0,18.4,19.2,19.9,20.7,22.2,22.3,22.4,21.0,3.6,5.1,,,,2021,10,42,295,0,0,0,0
184,제주,2021-10-23,16.2,12.1,0707,20.0,1204,,,,,,,11.5,50,0002,7.7,50,0009,2.6,2248,160,8.3,45,0016,60.4,11.0,1025.2,1028.9,0848,1025.5,0001,1027.7,11.1,10.3,1200,2.64,16.43,,,,,,2.5,1.0,17.5,5.1,17.8,18.0,18.8,19.6,20.3,21.8,22.0,22.3,21.0,3.2,4.5,,,,2021,10,42,296,0,0,0,0
184,제주,2021-10-24,17.4,13.6,0010,20.5,1427,,,,,,,8.1,70,1544,5.4,70,1541,2.4,2100,70,11.7,61,0356,69.8,13.9,1022.7,1027.6,0001,1023.2,1529,1025.2,11.1,1.1,1200,1.73,8.0,,,,,,8.9,4.1,18.1,7.1,18.2,18.4,18.8,19.4,20.1,21.7,21.9,22.3,21.0,1.8,2.5,,,,2021,10,42,297,0,0,0,0
184,제주,2021-10-25,16.8,13.5,2359,20.8,1316,,,,,,,7.3,50,1344,4.9,20,1344,2.3,2006,180,10.9,52,1104,69.0,13.0,1019.8,1024.0,0001,1021.0,1544,1022.3,11.1,8.6,1200,2.57,15.28,,,,,,2.6,1.8,19.0,8.1,18.8,18.9,19.3,19.6,20.1,21.5,21.8,22.2,21.0,3.1,4.5,,,,2021,10,43,298,0,0,0,0
184,제주,2021-10-26,16.3,12.2,0647,21.1,1353,,,,,,,6.4,20,0940,3.9,180,0324,2.5,2199,180,8.7,40,1459,62.9,11.3,1018.2,1022.9,0919,1019.2,1729,1020.6,11.0,9.5,1200,2.62,16.16,,,,,,3.9,2.1,18.2,6.8,18.3,18.3,19.0,19.5,20.0,21.4,21.7,22.2,20.9,3.2,4.6,,,,2021,10,43,299,0,0,0,0
184,제주,2021-10-27,17.6,13.8,0428,22.1,1315,,,,,,,8.1,320,1554,4.8,340,1703,2.9,2474,340,11.2,57,1056,67.0,13.5,1018.4,1022.1,2244,1019.4,1511,1020.9,11.0,7.7,1200,2.34,12.86,,,,,,3.6,3.6,18.4,7.9,18.5,18.6,19.0,19.4,19.9,21.2,21.6,22.2,20.9,2.8,4.0,,{연무}1355-{연무}{강도0}1500-1605.,,2021,10,43,300,0,0,0,0
184,제주,2021-10-28,16.7,13.3,0705,20.9,1250,,,,,,,6.0,50,0010,4.4,20,0019,2.1,1851,160,9.3,42,1240,63.0,11.8,1020.2,1023.8,0908,1021.0,1523,1022.7,11.0,9.9,1200,2.64,16.36,,,,,,3.0,1.5,17.8,6.8,18.2,18.3,18.9,19.3,19.8,21.0,21.4,22.1,20.9,3.3,4.7,,,,2021,10,43,301,0,0,0,0
184,제주,2021-10-29,18.4,15.9,0209,21.8,1320,,,,,,,14.2,70,1253,7.8,70,1241,3.2,2729,140,12.6,54,1626,69.5,14.6,1021.1,1025.1,0840,1022.3,1430,1023.5,10.9,8.2,1200,2.56,13.86,,,,,,4.1,3.8,19.1,9.4,18.5,18.6,18.9,19.3,19.7,20.9,21.3,22.0,20.9,2.8,4.1,,,,2021,10,43,302,0,0,0,0
184,제주,2021-10-30,17.3,14.8,2252,21.5,1058,0.2,,0.2,,1.57,0.2,7.4,50,1119,5.1,50,1123,2.2,1867,70,12.4,60,1100,73.8,14.5,1020.9,1024.7,2205,1022.2,0404,1023.4,10.9,1.1,1000,1.62,5.77,,,,,,6.1,2.0,17.2,9.3,18.4,18.6,19.0,19.3,19.8,20.1,21.3,22.0,20.9,1.5,2.1,0.2,{비}1505-1639.,,2021,10,43,303,0,0,0,1
184,제주,2021-10-31,17.3,13.6,0646,22.1,1119,,,,,,,5.8,20,1321,4.3,50,1331,2.3,2026,180,11.1,52,1254,68.1,13.3,1021.8,1025.2,2254,1022.9,1401,1024.2,10.9,10.2,1200,2.48,15.51,,,,,,1.1,0.6,17.8,8.2,18.1,18.2,18.7,19.1,19.6,20.7,21.3,21.9,20.9,3.0,4.3,,,,2021,10,43,304,0,0,0,0
184,제주,2021-11-01,17.6,14.4,0658,21.5,1125,,,,,,,8.4,20,2221,5.0,20,2056,2.7,2308,20,12.4,62,1148,72.3,14.5,1021.9,1025.9,0926,1023.0,1536,1024.3,10.8,5.0,1100,1.97,10.65,,,,,,6.0,3.5,18.7,8.9,18.4,18.4,18.7,19.0,19.5,20.7,21.2,21.9,20.9,2.7,3.9,,{박무}0808-{박무}{강도0}0900-0917. {연무}1122-{연무}{강도0}1200-1440. {박무}2012-{박무}{강도0}2100-2152.,,2021,11,44,305,0,0,0,0
184,제주,2021-11-02,16.4,14.9,2326,19.8,1245,,,,,,,9.0,50,0029,5.5,20,0928,3.8,3314,340,8.4,47,1501,59.9,11.0,1020.1,1024.6,0001,1021.1,1507,1022.5,10.8,5.7,1200,2.28,12.24,,,,,,7.1,6.1,17.9,10.3,18.2,18.4,18.9,19.1,19.6,20.6,21.1,21.8,20.9,3.0,4.3,,,,2021,11,44,306,0,0,0,0
184,제주,2021-11-03,16.1,14.1,0454,19.5,1303,,,,,,,8.2,320,0644,4.6,340,0628,3.1,2680,340,9.5,53,1111,65.6,11.9,1018.2,1022.1,0928,1019.0,1438,1020.7,10.8,8.2,1200,2.32,14.08,,,,,,4.3,3.1,17.9,8.1,18.0,18.1,18.6,19.0,19.5,20.6,20.8,21.8,20.9,2.8,4.0,,,,2021,11,44,307,0,0,0,0
184,제주,2021-11-04,16.5,13.0,0412,21.5,1522,,,,,,,5.8,20,1138,3.4,20,1146,2.2,1901,180,10.0,51,1502,66.3,12.4,1018.1,1022.0,2237,1019.4,1427,1020.6,10.7,7.8,1200,2.33,13.32,,,,,,4.0,1.5,17.8,6.8,17.8,17.9,18.4,18.8,19.3,20.4,20.6,21.7,20.9,2.8,4.1,,,,2021,11,44,308,0,0,0,0
184,제주,2021-11-05,17.5,13.0,0327,20.9,1028,,,,,0.22,0.0,7.6,140,1231,4.7,140,1233,2.3,1975,160,10.4,47,1220,64.3,12.7,1016.7,1021.5,0034,1017.1,2102,1019.1,10.7,2.9,1000,1.49,6.34,,,,,,6.9,1.9,16.3,6.4,17.3,17.5,18.1,18.5,19.1,20.3,20.6,21.6,20.8,1.9,2.7,0.0,{박무}0408-0548. {비}2238-2251.,,2021,11,44,309,0,0,0,0
184,제주,2021-11-06,19.2,17.5,0358,22.7,1417,,,,,,,13.3,70,1539,7.3,70,1537,3.8,3314,90,12.6,55,1128,65.6,14.6,1015.1,1019.8,2221,1015.6,0558,1017.6,10.7,3.9,1100,1.66,9.43,,,,,,7.1,4.9,19.2,13.0,18.5,18.4,18.4,18.6,19.0,20.1,20.6,21.6,20.8,2.7,3.9,,,,2021,11,44,310,0,0,0,0
184,제주,2021-11-07,19.1,16.3,0614,23.2,1406,,,,,,,12.2,90,1408,6.2,70,1201,3.8,3311,110,13.1,52,1454,68.9,15.1,1015.6,1020.9,0849,1014.6,2321,1018.0,10.7,4.2,1400,1.74,10.09,,,,,,6.9,3.6,19.8,10.5,18.9,18.8,18.8,18.9,19.2,19.8,20.8,21.5,20.8,2.4,3.5,25.8,,,2021,11,44,311,0,0,0,0
184,제주,2021-11-08,13.6,11.6,1947,19.4,0347,,,,,7.45,34.5,16.1,290,0819,8.5,320,1039,5.7,4941,320,8.8,53,2204,74.3,11.8,1013.7,1018.8,2013,1010.7,0456,1016.2,10.6,0.0,1400,0.3,0.97,,,,,,9.5,7.0,13.9,10.0,16.3,17.1,18.1,18.7,19.4,20.1,20.6,21.2,21.0,2.1,3.0,8.7,{비}0505-{비}{강도0}0600-{비}{강도1}0900-{비}{강도0}1200-1232.,,2021,11,45,312,0,0,0,1
184,제주,2021-11-09,12.3,9.1,1913,14.6,1111,,,,,5.63,3.1,17.3,320,2236,10.4,320,2243,7.0,6026,290,4.8,47,1025,61.0,8.7,1013.0,1018.3,0022,1013.3,2326,1015.5,10.6,1.3,1100,1.33,4.69,,,,,,8.8,8.1,11.5,3.2,14.2,15.2,16.4,17.5,18.5,19.8,19.8,20.8,20.9,2.2,3.2,5.6,{비}0822-0847. {비}1212-1322. {비}1634-1639. {비}1713-1718. {비}1739-{비}{강도0}1800-1935. {비}2146-2258. {비}2310-2355.,,2021,11,45,313,0,0,0,1
184,제주,2021-11-10,11.7,9.1,0608,13.7,1130,,,,,6.3,4.0,18.8,320,0506,10.0,290,1737,7.0,6075,320,6.1,46,1136,69.8,9.4,1009.8,1013.8,0001,1010.6,1411,1012.3,10.6,0.1,1000,0.55,1.62,,,,,,9.1,7.6,11.1,7.3,13.3,14.2,15.3,16.6,17.6,19.2,19.0,20.4,20.8,2.0,2.8,3.2,{비}0040-0055. {비}0502-0553. {비}0702-0733. {비}0818-0848. {비}1232-1330. {비}1421-1442. {비}1543-1619. {비}1840-1859. {비}2011-{비}{강도0}2100-2208.,,2021,11,45,314,0,0,0,1
184,제주,2021-11-11,13.2,10.8,2349,17.2,1340,,,,,4.05,4.4,22.5,320,2328,12.6,340,2337,5.9,5118,320,8.2,43,1349,72.9,10.9,1012.2,1017.2,2336,1012.6,1408,1014.7,10.5,3.4,1300,2.03,8.25,,,,,,7.9,6.9,12.5,8.5,13.9,14.4,15.1,16.1,17.0,18.5,18.3,20.6,20.8,2.5,3.5,8.1,{비}0030-0053. {비}0247-{비}{강도0}0300-0427. {비}1250-1258. {비}1502-1507. {비}1837-1949. {비}2118-2127. {비}2326-2352.,,2021,11,45,315,0,0,0,1
184,제주,2021-11-12,12.6,9.5,0342,15.4,1304,,,,,2.5,5.4,15.3,340,0049,8.6,340,0049,5.9,5065,290,5.7,45,1249,63.8,9.2,1017.3,1020.9,0850,1016.7,0035,1019.8,10.5,3.5,1200,2.23,9.33,,,,,,7.3,6.8,11.2,4.8,13.6,14.0,14.8,15.8,16.6,17.9,17.6,20.3,20.7,2.9,4.1,,{비}0034-{싸락우박}0039-{비}0044-0053. {비}0125-0152. {비}0323-0449. {비}0507-0520. {비}0547-0552.,,2021,11,45,316,0,0,0,1
184,제주,2021-11-13,14.1,12.0,0118,17.1,1338,,,,,,,9.6,340,0305,5.4,320,0234,3.4,2964,320,5.8,46,1036,58.0,9.3,1018.4,1022.0,0858,1019.5,1529,1020.9,10.5,6.1,1200,1.98,11.08,,,,,,6.1,3.4,12.3,6.6,14.2,14.5,14.9,15.6,16.2,17.5,17.3,20.6,20.7,2.6,3.8,,{연무}2145-2205.,,2021,11,45,317,0,0,0,0
184,제주,2021-11-14,15.5,12.8,0001,19.6,1427,,,,,,,8.3,290,1408,5.7,270,1410,3.4,2920,250,6.7,41,1103,56.5,9.8,1018.2,1021.7,0928,1019.5,1558,1020.7,10.5,8.6,1200,2.16,12.56,,,,,,1.5,1.5,12.9,6.2,14.7,14.8,15.1,15.7,16.1,17.5,17.5,20.6,20.7,3.0,4.3,,{연무}0520-{연무}{강도0}0600-0635.,,2021,11,45,318,0,0,0,0
184,제주,2021-11-15,14.2,11.2,2244,19.4,1329,,,,,,,5.2,50,1229,3.5,20,1207,2.3,2012,180,7.3,48,1546,63.9,10.3,1019.9,1023.8,1034,1020.5,1444,1022.4,10.4,8.9,1200,2.15,12.9,,,,,,1.6,1.0,12.4,4.2,14.7,14.7,15.1,15.6,16.0,17.4,17.6,20.8,20.7,2.5,3.5,,,,2021,11,46,319,0,0,0,0
184,제주,2021-11-16,13.3,10.7,2349,18.6,1116,,,,,,,4.7,50,1122,3.2,20,1607,1.9,1634,180,6.7,46,1139,65.4,9.9,1022.1,1026.2,2342,1023.1,0048,1024.6,10.4,3.0,1000,1.61,7.63,,,,,,5.8,2.8,12.6,2.8,14.4,14.5,15.0,15.5,16.0,17.3,17.8,20.8,20.7,1.8,2.5,,,,2021,11,46,320,0,0,0,0
184,제주,2021-11-17,13.0,8.7,0640,18.3,1304,,,,,,,5.5,360,1132,3.4,360,1135,2.2,1898,180,5.9,36,1306,62.9,9.3,1021.8,1026.4,0809,1022.7,1414,1024.4,10.4,7.7,1200,2.22,12.24,,,,,,4.3,0.9,11.8,2.0,14.0,14.0,14.5,15.2,15.7,17.2,17.8,20.8,20.7,2.4,3.4,,,,2021,11,46,321,0,0,0,0
184,제주,2021-11-18,13.6,9.7,0713,18.6,1314,,,,,,,4.5,50,1338,3.4,50,1347,2.0,1691,180,5.9,40,1353,61.1,9.4,1018.0,1022.8,0001,1018.9,1518,1020.4,10.4,8.6,1200,2.17,12.57,,,,,,1.3,0.4,12.5,1.7,14.4,14.3,14.7,15.1,15.7,17.1,17.9,20.7,20.6,2.7,3.8,,,,2021,11,46,322,0,0,0,0
184,제주,2021-11-19,13.4,9.1,0458,19.5,1026,,,,,,,5.8,20,1216,4.1,20,1214,2.2,1870,180,6.0,42,0923,62.0,9.7,1016.9,1020.5,0944,1018.2,1737,1019.4,10.3,8.9,1200,2.25,13.26,,,,,,0.0,0.0,11.4,1.5,13.8,13.7,14.3,15.0,15.6,17.1,17.9,20.7,20.6,2.3,3.3,,,,2021,11,46,323,0,0,0,0
184,제주,2021-11-20,13.9,10.2,0553,19.0,1404,,,,,,,6.2,50,1259,4.5,50,1300,2.6,2223,160,9.2,58,2129,74.0,11.8,1018.0,1021.4,1753,1019.5,0208,1020.5,10.3,8.3,1200,2.18,12.0,,,,,,2.5,0.0,12.4,2.5,14.1,14.0,14.3,14.9,15.5,17.1,17.9,20.6,20.6,2.2,3.2,,{박무}0408-{박무}{강도0}0600-0726. {연무}0912-{연무}{강도0}1200-1236. {연무}1426-{연무}{강도0}1500-1718. {박무}1713-{박무}{강도0}1800-2028. {연무}2023-{연무}{강도0}2100-2105. {연무}2250-2333.,,2021,11,46,324,0,0,0,0
184,제주,2021-11-21,15.8,12.2,0002,18.7,1210,,,,,0.1,0.0,7.0,320,2343,4.8,50,1309,2.2,1933,50,13.1,60,0316,84.6,15.3,1014.4,1020.6,0615,1014.4,2126,1016.8,10.3,0.2,1100,0.87,4.77,,,,,,8.5,3.1,14.0,4.3,14.5,14.5,14.6,15.0,15.5,17.1,18.0,20.6,20.6,1.3,1.8,1.9,{박무}0031-{박무}{강도0}0300-0308. {박무}0622-{박무}{강도0}0900-{박무}{강도0}1200-{박무}{강도0}1500-{박무}{강도0}1800-2005. {박무}2240-{박무}{강도0}2400- {비}2354-{비}{강도0}2400-,,2021,11,46,325,0,0,0,0
184,제주,2021-11-22,10.8,7.5,2041,16.3,0001,,,,,6.13,2.0,18.4,20,0340,9.6,340,1233,7.0,6080,340,4.4,41,1302,65.4,8.6,1015.9,1021.1,2222,1014.5,0041,1018.4,10.3,0.6,1300,0.96,3.63,,,,,,9.0,8.1,11.3,5.0,13.7,14.1,14.7,15.2,16.0,17.4,18.0,19.9,20.5,2.5,3.5,0.1,-{박무}-0055. -{비}-{비}{강도0}0300-0438. {비}1843-1852. {비}1905-2004. {비}2025-2041. {비}2120-2126.,,2021,11,47,326,0,0,0,1
184,제주,2021-11-23,10.2,8.0,0043,11.2,1300,,,,,0.57,0.0,14.6,360,0102,8.7,340,0638,6.7,5780,320,1.2,46,2338,53.9,6.7,1018.2,1022.2,2302,1019.4,0524,1020.7,10.3,0.1,1200,0.68,2.83,,,,,,8.9,8.9,9.2,5.7,11.8,12.4,13.4,14.6,15.8,17.3,17.2,19.5,20.5,2.5,3.6,0.0,{비}0028-0045. {비}0105-0116. {비}1046-1052.,,2021,11,47,327,0,0,0,0
184,제주,2021-11-24,11.9,10.3,0001,14.7,1438,,,,,,,12.4,270,0106,6.8,270,1421,4.8,4115,290,3.4,47,0002,56.6,7.8,1018.6,1022.7,0926,1020.0,1431,1021.1,10.2,4.5,1200,1.56,8.6,,,,,,5.9,5.9,10.6,5.1,12.3,12.5,13.1,14.1,15.2,16.7,16.6,19.3,20.4,2.4,3.4,,,,2021,11,47,328,0,0,0,0
184,제주,2021-11-25,13.6,10.3,2352,17.9,1225,,,,,,,11.1,290,1204,7.2,290,1252,3.0,2567,250,6.0,47,1232,60.9,9.4,1018.2,1023.3,2400,1019.1,0514,1020.7,10.2,7.0,1200,1.97,10.51,,,,,,1.8,1.8,11.3,1.5,12.9,13.0,13.3,14.0,14.8,16.4,16.5,19.8,20.5,2.1,3.0,,,,2021,11,47,329,0,0,0,0
184,제주,2021-11-26,11.5,8.9,0547,15.8,1342,,,,,,,7.4,20,1852,4.9,20,2250,1.8,1582,20,4.6,45,1433,63.8,8.5,1024.7,1031.0,2259,1023.2,0017,1027.3,10.2,7.9,1200,2.11,11.65,,,,,,0.8,0.8,10.5,1.5,12.7,12.7,13.2,13.9,14.6,16.1,16.6,20.0,20.4,2.3,3.2,,,,2021,11,47,330,0,0,0,0
184,제주,2021-11-27,10.6,8.3,0144,14.4,1244,,,,,,,10.9,50,0723,7.9,50,0730,2.1,1779,50,3.1,41,1515,60.6,7.7,1030.8,1035.4,2130,1030.8,0013,1033.4,10.2,8.4,1200,2.16,12.52,,,,,,1.9,1.9,9.8,-0.3,12.2,12.2,12.9,13.7,14.4,16.1,17.0,20.1,20.4,2.1,3.1,,,,2021,11,47,331,0,0,0,0
184,제주,2021-11-28,13.1,8.6,0204,18.7,1231,,,,,,,10.4,70,1425,6.3,70,1459,2.5,2137,140,6.6,46,1149,65.8,9.8,1029.8,1034.8,0852,1030.4,2356,1032.3,10.2,8.9,1200,2.12,12.49,,,,,,1.8,0.6,10.2,-1.5,12.0,12.0,12.6,13.4,14.1,16.2,16.9,20.1,20.4,2.4,3.5,,,,2021,11,47,332,0,0,0,0
184,제주,2021-11-29,13.9,9.0,0705,19.9,1542,,,,,,,10.5,70,1109,6.1,70,1404,2.5,2132,70,8.5,50,1543,70.1,11.3,1023.3,1030.4,0001,1021.8,2400,1025.9,10.1,7.4,1100,1.76,10.55,,,,,,2.5,2.0,11.7,0.7,12.7,12.6,12.9,13.4,14.1,16.2,17.0,20.0,20.4,1.8,2.5,7.4,,,2021,11,48,333,0,0,0,0
184,제주,2021-11-30,12.5,7.0,2308,16.1,0816,,,,,11.62,10.4,21.6,340,2041,11.7,320,1656,6.2,5355,320,9.1,63,1921,80.5,11.9,1013.4,1021.8,0001,1011.7,1356,1015.9,10.1,0.1,1500,0.11,0.36,,,,,,9.5,6.4,11.8,5.5,12.9,13.1,13.4,13.7,14.4,16.3,17.0,19.1,20.3,1.7,2.4,3.1,{비}0050-0111. {비}0349-0407. {비}0453-0523. {비}0541-{비}{강도0}0600-{비}{강도0}0900-1045. {비}1216-1425. {비}1718-1752. {비}1935-2007. {비}2036-2058. {비}2119-2207. {비}2227-2326.,,2021,11,48,334,0,0,0,1
184,제주,2021-12-01,8.0,7.0,0040,9.4,1150,,,,,4.53,1.0,19.6,340,0413,11.7,340,0110,7.7,6636,340,1.4,52,1836,63.8,6.8,1020.9,1026.0,2236,1019.6,0001,1023.5,10.1,0.2,1100,0.52,2.5,,,,,,9.4,8.3,8.0,5.7,10.8,11.3,12.4,13.5,14.7,16.0,15.7,18.5,19.9,1.6,2.3,1.0,{비}0025-0047. {비}0206-0214. {비}0249-0257. {비}0948-{싸락우박}1013-{비}1019-{비}{강도0}1200-1342.,,2021,12,48,335,0,0,0,1
184,제주,2021-12-02,9.1,7.0,0823,12.4,1308,,,,,1.67,1.1,11.4,270,2324,6.7,290,2236,3.7,3169,340,2.7,49,2337,65.0,7.4,1019.2,1025.4,0007,1019.4,2029,1021.7,10.1,0.5,1200,1.27,4.29,,,,,,8.4,8.4,8.8,5.4,10.7,11.1,11.8,12.8,13.9,15.4,15.4,19.5,20.2,1.9,2.8,1.0,{비}0753-0834. {비}0944-1043.,,2021,12,48,336,0,0,0,1
184,제주,2021-12-03,11.2,8.6,2305,14.5,1345,,,,,,,14.5,340,1739,8.0,320,1345,6.1,5233,290,2.6,39,1340,56.0,7.4,1018.3,1025.5,2347,1018.6,1443,1020.9,10.1,3.2,1300,1.54,6.78,,,,,,7.6,7.6,9.1,6.5,11.1,11.3,11.9,12.7,13.5,15.1,15.1,18.0,19.9,2.5,3.6,,,,2021,12,48,337,0,0,0,0
184,제주,2021-12-04,11.3,8.7,0001,14.4,1352,,,,,,,12.0,20,0104,6.7,20,0111,4.0,3484,340,3.8,47,1644,60.6,8.0,1024.7,1028.9,1006,1025.1,0528,1027.2,10.1,7.4,1200,2.0,11.37,,,,,,4.9,4.6,9.7,6.3,11.6,11.6,12.0,12.6,13.3,14.7,14.9,19.3,20.2,2.6,3.8,,,,2021,12,48,338,0,0,0,0
184,제주,2021-12-05,9.7,7.1,0537,14.3,1402,,,,,,,7.8,50,0109,5.1,20,0115,2.1,1832,180,2.3,37,1145,62.0,7.2,1025.8,1030.2,0927,1026.9,2337,1028.4,10.1,8.4,1200,2.08,11.93,,,,,,2.4,1.9,8.6,1.0,11.5,11.5,12.0,12.7,13.2,14.6,14.8,19.4,20.2,2.3,3.3,,,,2021,12,48,339,0,0,0,0
184,제주,2021-12-06,10.5,7.2,0205,16.8,1320,,,,,,,5.1,20,1351,3.7,20,1359,2.3,1963,180,6.3,60,1321,75.8,9.7,1023.7,1027.1,0906,1025.3,1340,1026.3,10.0,4.3,1200,1.82,8.03,,,,,,3.4,3.1,9.5,0.7,11.3,11.3,11.7,12.4,12.9,14.5,15.0,19.4,20.2,1.5,2.2,,,,2021,12,49,340,0,0,0,0
184,제주,2021-12-07,11.5,7.8,0021,15.3,1122,,,,,,,10.5,20,2102,6.5,50,2148,3.5,3034,20,5.0,45,1103,65.0,8.7,1025.6,1029.8,2318,1026.3,0034,1028.2,10.0,8.2,1100,1.92,10.8,,,,,,0.8,0.8,8.8,-0.4,11.2,11.2,11.7,12.3,12.8,14.5,15.3,19.4,20.2,2.4,3.4,,{연무}1833-{연무}{강도0}2100-{연무}{강도0}2400-,,2021,12,49,341,0,0,0,0
184,제주,2021-12-08,11.3,8.0,0506,16.0,1317,,,,,,,8.7,50,1416,5.5,70,1350,2.6,2253,160,5.5,49,1442,68.8,9.0,1028.5,1032.3,1014,1029.3,0107,1031.1,10.0,7.0,1200,1.94,10.12,,,,,,2.0,2.0,9.1,0.5,11.3,11.3,11.6,12.2,12.9,14.8,15.5,19.4,20.1,2.0,2.8,,{박무}0006-{박무}{강도0}0300-0553. -{연무}-0011.,,2021,12,49,342,0,0,0,0
184,제주,2021-12-09,12.6,9.9,0050,15.4,1517,,,,,1.22,0.5,8.8,90,1254,5.0,70,1058,2.4,2062,110,9.1,70,2356,80.1,11.6,1025.3,1030.9,0001,1025.6,2357,1027.8,10.0,1.0,1400,0.61,2.61,,,,,,7.8,5.8,10.6,2.8,11.5,11.5,11.8,12.2,12.9,14.9,15.7,19.4,20.1,0.9,1.3,0.5,{비}1040-1120. {비}1142-1156. {비}1201-1206. {비}1409-1423.,,2021,12,49,343,0,0,0,1
184,제주,2021-12-10,13.6,11.6,0049,16.3,1253,,,,,0.25,0.0,7.7,50,2146,5.2,20,2150,2.9,2526,320,9.2,65,1546,75.3,11.7,1023.3,1027.1,2214,1024.4,1400,1025.8,10.0,1.9,1200,1.06,5.1,,,,,,6.4,6.3,11.5,6.0,12.3,12.2,12.2,12.4,13.1,14.9,15.6,19.2,20.1,1.5,2.1,,{비}0313-0328.,,2021,12,49,344,0,0,0,0
184,제주,2021-12-11,12.3,11.2,2349,13.3,1504,,,,,,,6.6,50,1202,3.9,340,1801,2.8,2443,20,7.0,65,1325,70.4,10.0,1024.0,1028.5,0957,1025.0,1530,1026.5,10.0,0.2,1400,0.53,2.24,,,,,,9.4,7.0,11.7,8.0,12.5,12.5,12.6,12.7,13.5,15.1,15.9,19.3,20.1,1.2,1.7,,{박무}0645-{박무}{강도0}0900-0927. {연무}0922-{연무}{강도0}1200-{연무}{강도0}1500-{연무}{강도0}1800-{연무}{강도0}2100-{연무}{강도0}2400-,,2021,12,49,345,0,0,0,0
184,제주,2021-12-12,10.6,6.4,2347,13.6,1435,,,,,0.17,0.0,16.5,20,1542,8.7,20,1606,5.0,4278,340,4.4,55,1135,66.0,8.5,1023.9,1029.5,2242,1024.4,0434,1026.4,10.0,1.1,1100,1.16,3.8,,,,,,8.6,7.3,10.5,5.9,12.1,12.2,12.5,12.8,13.7,15.2,15.6,18.9,20.0,1.9,2.8,0.0,{박무}0245-{박무}{강도0}0300-{박무}{강도0}0600-0811. -{연무}-0250. {연무}1416-{연무}{강도0}1500-1524. {비}1514-1524.,,2021,12,49,346,0,0,0,0
184,제주,2021-12-13,6.6,6.0,2232,7.4,1303,,,,,,,14.4,20,0244,7.5,20,0406,4.5,3928,340,0.0,56,0536,62.8,6.1,1025.4,1029.6,0916,1026.9,1734,1028.0,10.0,0.0,1200,0.55,1.91,,,,,,9.0,9.0,7.8,5.2,10.2,10.7,11.6,12.4,13.7,15.1,15.2,18.8,20.0,1.2,1.7,,,,2021,12,50,347,0,0,0,0
184,제주,2021-12-14,8.5,5.8,0751,12.7,1513,,,,,,,8.5,290,1337,5.6,290,1428,2.5,2177,180,1.3,50,1047,60.8,6.7,1021.4,1027.0,0001,1021.9,1546,1024.0,10.0,6.0,1200,1.72,9.68,,,,,,4.1,3.3,8.6,0.4,10.4,10.6,11.1,11.9,13.1,15.0,15.1,19.0,20.0,1.9,2.7,,,,2021,12,50,348,0,0,0,0
184,제주,2021-12-15,11.3,7.4,0001,16.2,1127,,,,,0.52,0.1,6.5,320,1239,4.0,320,1245,2.3,1974,180,6.9,52,0154,74.9,10.1,1019.4,1023.7,0031,1020.9,1406,1022.0,10.0,1.2,1100,1.04,3.7,,,,,,6.5,5.3,8.8,1.1,10.5,10.5,11.0,11.7,12.7,14.7,15.1,19.0,19.9,1.0,1.4,18.0,{비}0935-1003. {비}1223-1226. {박무}1840-2005.,,2021,12,50,349,0,0,0,1
184,제주,2021-12-16,10.9,9.6,0828,12.1,2006,,,,,9.22,21.5,10.0,360,0539,5.4,20,0543,2.2,1914,160,7.9,52,2237,82.5,10.7,1016.7,1021.7,0001,1017.0,1449,1019.2,10.0,0.0,1200,0.46,1.0,,,,,,9.9,5.5,10.3,6.5,11.0,11.0,11.2,11.7,12.6,14.5,15.3,19.0,19.9,1.1,1.6,3.6,{비}0319-{비}{강도1}0600-{비}{강도0}0900-{비}{강도0}1200-1232. {박무}1923-{박무}{강도0}2100-2210. {연무}2205-2231.,,2021,12,50,350,0,0,0,1
184,제주,2021-12-17,5.9,2.6,1810,11.8,0224,,,,,5.12,0.7,25.2,340,1451,14.0,340,1457,8.7,7479,340,1.4,48,1701,73.1,6.9,1021.8,1029.1,2329,1018.4,0212,1024.4,9.9,0.7,1200,0.76,2.63,,,,,,9.1,8.0,6.8,0.1,9.7,10.1,11.0,11.7,12.8,14.5,14.9,17.7,19.5,1.5,2.1,0.7,{박무}0023-{박무}{강도1}0300-0439. {비}0222-0227. {비}1009-1023. {소낙눈}1051-{진눈깨비}1116-1154. {소낙눈}1209-1227. {소낙눈}1402-1421. {소낙눈}1444-1456. {진눈깨비}1713-{소낙눈}1733-{소낙눈}{강도0}1800-1855. {진눈깨비}1917-1936. {소낙눈}2155-2235. {눈}2345-{눈}{강도0}2400-,,2021,12,50,351,0,0,0,1
184,제주,2021-12-18,4.0,2.0,0621,7.8,2313,,,,,4.07,0.7,15.7,20,0253,10.0,20,0002,4.3,3681,20,-0.6,55,2316,72.5,5.9,1025.1,1030.6,1016,1024.6,2240,1027.7,10.0,0.1,1200,0.57,2.24,,,,,,9.3,8.6,5.2,0.7,7.8,8.4,9.6,11.0,12.4,14.0,14.4,18.6,19.8,1.3,1.9,0.8,-{눈}-0010. {소낙눈}0037-0148. {진눈깨비}1347-1431. {진눈깨비}1552-1653. {진눈깨비}1935-1945. {비}2052-{비}{강도0}2100-2140.,,2021,12,50,352,0,0,0,1
184,제주,2021-12-19,8.0,5.4,2253,10.5,1409,,,,,1.47,0.1,15.1,290,0829,8.8,320,0831,5.4,4705,320,-0.1,45,0847,56.8,6.1,1022.1,1025.8,0936,1023.6,0533,1024.7,9.9,2.6,1300,1.22,6.24,,,,,,5.6,5.1,6.2,-0.8,8.4,8.7,9.4,10.5,11.9,13.8,13.9,17.3,19.4,1.9,2.7,,{비}0025-0034. {비}0124-0137. {비}0349-0445. {비}0505-0515.,,2021,12,50,353,0,0,0,1
184,제주,2021-12-20,11.3,5.6,0001,15.0,1442,,,,,,,13.7,290,1311,7.2,270,1512,4.2,3665,230,2.3,43,1325,54.4,7.2,1018.4,1024.9,0001,1019.0,1525,1020.9,9.9,8.1,1100,1.79,10.36,,,,,,5.3,3.1,7.2,0.6,9.0,9.1,9.5,10.3,11.3,13.6,13.8,18.6,19.8,2.8,4.0,,,,2021,12,51,354,0,0,0,0
184,제주,2021-12-21,12.4,8.4,2400,17.4,1401,,,,,,,9.3,290,1339,5.8,270,1320,3.3,2827,230,5.9,51,1042,65.1,9.3,1016.2,1020.8,2353,1016.8,1339,1018.7,9.9,3.0,1300,1.44,7.24,,,,,,3.5,0.5,9.0,1.5,10.2,10.1,10.2,10.6,11.3,13.2,13.8,18.4,19.8,1.7,2.4,,{연무}1752-{연무}{강도0}1800-{연무}{강도0}2100-{연무}{강도0}2400-,,2021,12,51,355,0,0,0,0
184,제주,2021-12-22,10.0,5.8,0726,16.7,1403,,,,,,,5.5,180,1937,3.7,200,1942,2.3,1951,180,1.8,30,1254,58.4,7.0,1019.6,1023.9,2059,1020.3,0351,1022.1,9.9,8.6,1200,2.05,11.58,,,,,,0.0,0.0,7.1,-1.5,9.8,9.7,10.1,10.7,11.3,12.9,13.8,18.4,19.7,2.5,3.5,,-{연무}-0003.,,2021,12,51,356,0,0,0,0
184,제주,2021-12-23,9.9,5.9,0634,16.2,1114,,,,,,,5.9,50,1423,4.0,50,1428,2.4,2079,160,1.4,37,1333,56.4,6.8,1020.6,1025.3,1020,1021.6,2354,1023.2,9.9,8.3,1200,1.96,10.88,,,,,,0.0,0.0,6.6,-1.0,9.4,9.3,9.8,10.5,11.2,12.9,13.9,18.5,19.7,2.4,3.4,,,,2021,12,51,357,0,0,0,0
184,제주,2021-12-24,9.3,5.5,2351,14.1,1216,,,,,,,14.2,20,2038,8.1,20,1751,4.1,3585,20,3.1,50,0255,66.3,7.8,1019.2,1026.5,2345,1018.8,1359,1021.7,9.9,0.0,1100,0.74,2.81,,,,,,6.9,6.5,7.5,-0.7,9.3,9.3,9.7,10.4,11.1,13.1,14.2,18.5,19.7,1.6,2.2,,{연무}1531-1740.,,2021,12,51,358,0,0,0,0
184,제주,2021-12-25,2.5,1.3,1850,5.5,0001,,,,,13.53,0.0,18.4,50,2317,9.2,340,0310,7.3,6324,340,-2.7,61,1426,68.4,5.0,1028.3,1033.8,2241,1026.4,0001,1031.0,9.9,0.0,1300,0.2,0.52,,,,,,9.0,9.0,4.2,-0.1,7.6,8.2,9.3,10.4,11.6,13.6,13.9,17.4,19.4,1.0,1.4,2.1,{눈}0933-{싸락눈}1029-{싸락눈}{강도0}1200-{싸락눈}{강도0}1500-{싸락눈}{강도0}1800-1940. {싸락눈}2035-{싸락눈}{강도0}2100-{소낙눈}2150-{소낙눈}{강도0}2400-,,2021,12,51,359,0,0,0,0
184,제주,2021-12-26,1.0,-0.5,1025,3.0,1841,,,,,21.7,5.2,20.3,20,0154,10.6,20,0706,7.3,6312,20,-1.6,63,0426,83.4,5.5,1030.5,1035.5,0959,1031.3,1726,1033.2,10.0,0.4,1400,0.77,2.27,4.4,1130,4.4,1130,5.7,8.5,8.5,2.5,-1.0,6.0,6.7,8.0,9.6,11.3,13.1,13.2,17.8,19.5,0.7,1.0,3.2,-{소낙눈}-{소낙눈}{강도0}0300-{소낙눈}{강도0}0600-{소낙눈}{강도0}0900-{소낙눈}{강도0}1200-{소낙눈}{강도0}1500-1727. {소낙눈}1830-{싸락눈}2027-{소낙눈}2045-{소낙눈}{강도0}2100-2245.,,2021,12,51,360,0,0,0,1
184,제주,2021-12-27,4.1,0.8,0104,6.5,2255,,,,,2.5,0.1,12.8,20,0818,6.8,20,0731,4.4,3807,20,-0.6,59,2316,71.8,5.9,1029.6,1033.6,1026,1031.2,1418,1032.2,9.9,0.1,0900,0.35,1.37,0.5,0440,1.2,0440,0.5,8.1,8.1,3.9,0.4,5.9,6.4,7.4,8.9,10.5,12.7,12.9,18.0,19.6,1.0,1.4,,{눈}0308-0538.,,2021,12,52,361,0,0,0,1
184,제주,2021-12-28,7.2,5.9,0625,8.4,1459,,,,,,,9.1,360,0046,5.3,340,0046,2.6,2214,200,1.0,58,0053,65.1,6.6,1026.2,1031.9,0001,1026.0,2331,1028.8,10.0,0.0,1200,0.24,0.91,,,,,,8.3,8.0,5.6,1.5,6.9,7.2,7.7,8.7,10.0,12.5,12.7,18.2,19.6,0.9,1.3,0.4,,,2021,12,52,362,0,0,0,0
184,제주,2021-12-29,9.3,6.6,0231,11.5,1121,,,,,1.87,0.4,12.8,340,2010,7.9,320,2001,5.0,4343,320,2.6,49,2308,63.3,7.4,1020.4,1026.0,0001,1020.7,1427,1022.9,10.0,1.6,1100,1.5,4.94,,,,,,8.5,7.8,6.9,0.8,7.8,8.0,8.2,8.8,9.9,12.2,12.8,17.0,19.4,2.3,3.3,,{비}0551-{비}{강도0}0600-0743.,,2021,12,52,363,0,0,0,1
184,제주,2021-12-30,6.9,5.8,0836,8.4,0001,,,,,,,18.1,340,2342,10.1,340,2057,6.9,5941,320,-1.7,46,2203,54.3,5.4,1024.7,1029.0,2358,1024.4,0009,1027.3,10.0,1.6,1200,1.25,4.85,,,,,,8.0,8.0,5.9,4.6,7.7,7.9,8.4,9.1,10.1,11.9,12.0,16.5,19.2,2.3,3.2,0.0,,,2021,12,52,364,0,0,0,0
184,제주,2021-12-31,4.9,3.5,2302,6.4,0001,,,,,0.35,0.0,16.4,340,0008,9.5,340,0106,5.8,4971,340,-1.6,51,0427,62.9,5.4,1028.9,1033.1,1034,1028.6,0057,1031.5,10.0,0.2,1100,0.57,2.3,,,,,,8.5,8.5,4.9,1.6,7.1,7.4,8.2,9.0,10.1,11.4,10.9,16.1,19.1,1.3,1.8,,{비}0038-0046. {비}0123-0131. {비}0227-0232.,,2021,12,52,365,0,0,0,0
184,제주,2022-01-01,4.9,0.9,0736,8.9,1345,,,,,,,7.9,20,0006,4.4,20,0010,2.3,2008,20,-3.4,39,1117,56.4,4.8,1027.5,1032.9,0010,1027.8,1610,1030.1,10.0,7.4,1200,2.0,10.76,,,,,,4.6,3.0,4.3,-5.0,6.8,7.0,7.6,8.6,9.5,11.0,11.2,17.5,19.4,1.8,2.5,,,,2022,1,52,1,0,0,0,0
184,제주,2022-01-02,7.2,4.2,0105,11.4,1453,,,,,,,11.2,20,1622,6.1,20,1707,3.0,2602,230,1.5,50,0949,67.1,6.8,1025.0,1028.8,1018,1025.9,1501,1027.6,10.0,1.3,0900,0.75,4.4,,,,,,5.1,4.3,5.2,-2.4,7.0,7.1,7.6,8.4,9.1,11.0,11.5,17.7,19.4,1.2,1.7,,{연무}1703-{연무}{강도0}1800-1926.,,2022,1,52,2,0,0,0,0
184,제주,2022-01-03,6.0,2.5,0809,10.7,1451,,,,,,,7.7,250,1314,4.2,320,1501,2.5,2147,180,0.4,53,1442,67.6,6.3,1024.2,1028.4,1000,1024.9,1551,1026.8,10.0,5.1,1300,1.83,9.72,,,,,,5.3,4.3,5.1,-4.8,7.1,7.1,7.6,8.3,8.9,10.9,11.7,17.7,19.4,1.7,2.4,,,,2022,1,1,3,0,0,0,0
184,제주,2022-01-04,6.8,4.8,0006,9.3,1104,,,,,,,10.8,360,0930,6.4,20,1406,3.4,2948,20,0.1,42,2020,62.9,6.3,1025.1,1028.7,2112,1026.7,0001,1027.7,10.0,0.9,1200,0.6,3.36,,,,,,6.8,6.0,5.4,0.2,7.2,7.3,7.8,8.3,9.0,10.9,11.8,17.6,19.4,1.2,1.8,2.6,{연무}1007-{연무}{강도0}1200-1331. {박무}1326-1439.,,2022,1,1,4,0,0,0,0
184,제주,2022-01-05,5.8,3.3,0846,6.8,1804,,,,,16.27,18.8,8.5,20,1902,5.4,50,1922,2.2,1884,160,2.8,52,0017,82.1,7.6,1022.9,1028.0,0010,1023.3,1435,1025.5,10.0,0.0,1000,0.12,0.35,,,,,,10.0,8.0,5.5,1.4,6.9,7.2,7.6,8.2,9.0,11.2,12.0,17.6,19.4,0.7,1.0,16.2,{비}0730-{진눈깨비}0825-{비}0848-{비}{강도0}0900-{비}{강도0}1200-{비}{강도0}1500-{비}{강도0}1800-{비}{강도0}2100-2346.,,2022,1,1,5,0,0,0,1
184,제주,2022-01-06,7.3,5.3,2357,10.1,1332,,,,,,,13.3,20,0718,8.2,20,0359,4.5,3903,20,0.9,45,1206,64.6,6.6,1025.5,1030.2,2146,1023.6,0116,1028.1,10.0,7.1,1200,2.1,10.97,,,,,,4.9,4.0,6.6,1.7,7.6,7.6,7.8,8.1,9.1,11.5,12.8,17.5,19.4,1.9,2.7,,,,2022,1,1,6,0,0,0,0
184,제주,2022-01-07,5.6,2.2,0749,10.4,1449,,,,,,,6.1,320,1224,3.9,340,1335,2.5,2175,180,-0.4,46,1443,66.4,6.0,1026.6,1030.9,0943,1028.0,2358,1029.2,10.0,8.1,1200,2.05,11.24,,,,,,1.4,0.0,4.4,-4.8,7.1,7.1,7.6,8.2,9.3,11.7,12.4,17.5,19.3,1.9,2.7,,,,2022,1,1,7,0,0,0,0
184,제주,2022-01-08,6.6,3.5,0118,8.3,1250,,,,,,,7.6,50,2057,4.5,360,2105,3.0,2571,320,1.3,60,1508,69.4,6.7,1023.2,1028.0,0001,1024.1,1615,1025.8,10.1,0.0,1200,0.77,2.71,,,,,,7.5,7.5,5.2,-2.3,6.9,7.0,7.4,8.0,9.3,11.6,12.4,17.5,19.3,1.1,1.5,,,,2022,1,1,8,0,0,0,0
184,제주,2022-01-09,7.7,5.2,0246,9.6,1545,,,,,,,7.1,320,1800,4.3,50,1217,2.7,2344,20,2.2,58,1716,68.5,7.2,1020.1,1024.6,0001,1021.0,1558,1022.7,10.1,0.1,1500,0.39,1.13,,,,,,8.3,7.9,5.9,1.6,7.3,7.4,7.6,8.1,9.3,11.5,12.3,17.4,19.3,0.8,1.2,,{연무}0645-{연무}{강도0}0900-{연무}{강도0}1200-{연무}{강도0}1500-{연무}{강도0}1800-2043. {연무}2138-{연무}{강도0}2400-,,2022,1,1,9,0,0,0,0
184,제주,2022-01-10,7.6,5.5,0744,10.3,1237,,,,,1.75,0.1,10.1,340,2340,5.7,340,2347,2.8,2382,320,2.5,61,1143,70.4,7.3,1018.1,1023.3,0922,1018.1,2357,1020.6,10.1,1.2,1200,1.53,5.36,,,,,,8.6,8.3,7.2,2.4,7.9,7.9,8.0,8.3,9.3,11.5,12.3,17.4,19.3,1.4,2.0,1.4,-{연무}-{연무}{강도0}0300-{연무}{강도0}0600-0705. {비}2215-{비}{강도0}2400-,,2022,1,2,10,0,0,0,1
184,제주,2022-01-11,3.6,1.3,1254,7.7,0132,,,,,17.45,2.1,20.5,320,1602,10.8,340,0845,7.6,6591,340,0.0,57,2213,77.8,6.2,1018.6,1024.8,2239,1016.4,0433,1021.2,10.1,0.3,1400,0.51,2.32,0.4,1835,0.4,1835,0.4,9.4,7.6,4.5,0.0,6.8,7.2,7.9,8.5,9.9,11.7,11.9,15.4,18.5,1.2,1.7,0.8,-{비}-0033. {비}0129-{비}{강도0}0300-0535. {비}0617-0621. {비}0715-0737. {비}0836-0847. {비}0922-{진눈깨비}0929-{눈}0937-1033. {눈}1145-{눈}{강도0}1200-1351. {눈}1428-{눈}{강도0}1500-{눈}{강도0}1800-1916. {소낙눈}1954-{소낙눈}{강도0}2100-{소낙눈}{강도0}2400-,,2022,1,2,11,0,0,0,1
184,제주,2022-01-12,3.8,1.6,0048,5.5,1405,,,,,7.0,0.0,14.5,20,0206,7.6,20,0214,5.1,4432,340,-1.5,57,0823,68.4,5.5,1020.7,1024.7,0942,1021.9,2349,1023.3,10.1,0.3,1300,0.86,3.75,,,,,,8.6,8.1,3.9,0.1,5.7,6.2,6.9,8.0,9.6,11.3,11.2,16.0,18.9,1.1,1.6,1.4,-{소낙눈}-{소낙눈}{강도0}0300-0322. {소낙눈}0448-{소낙눈}{강도0}0600-0735. {진눈깨비}2243-{비}2253-2334.,,2022,1,2,12,0,0,0,0
184,제주,2022-01-13,4.0,3.1,1924,6.2,0812,,,,,5.6,2.1,17.7,340,1025,10.1,340,0958,6.1,5260,340,-1.3,53,1757,68.9,5.7,1020.0,1025.8,2302,1017.9,0614,1022.6,10.2,0.1,1200,0.48,1.79,,,,,,9.4,8.4,3.9,1.8,5.7,6.1,6.8,7.8,9.2,10.9,10.9,15.6,18.7,1.4,1.9,0.7,{비}0235-0257. {비}0416-{비}{강도0}0600-0645. {싸락눈}0817-0822. {비}0856-{비}{강도0}0900-0918. {비}0945-{싸락눈}0952-1010. {비}1049-1105. {소낙눈}1250-1330. {소낙눈}1408-1417. {소낙눈}1542-1607. {소낙눈}1813-1836.,,2022,1,2,13,0,0,0,1
184,제주,2022-01-14,4.3,3.0,2112,7.6,1400,,,,,0.15,0.0,13.3,50,0136,6.8,340,0042,3.8,3256,360,-1.5,50,1330,65.8,5.5,1023.4,1027.8,1050,1024.6,1747,1026.0,10.2,2.6,1300,2.06,6.64,,,,,,8.0,6.4,4.6,-1.4,5.9,6.1,6.6,7.6,8.8,10.4,10.2,16.1,18.9,1.2,1.7,,{소낙눈}0346-0355.,,2022,1,2,14,0,0,0,0
184,제주,2022-01-15,7.4,3.8,0001,11.5,1438,,,,,1.1,0.0,5.1,340,0546,3.3,20,1207,1.9,1654,230,1.8,53,1501,68.3,7.0,1021.5,1025.8,2110,1022.5,1414,1024.1,10.2,3.7,1400,1.64,8.93,,,,,,7.1,6.4,6.6,-0.3,6.9,6.9,7.1,7.6,8.5,10.2,10.6,16.8,19.1,1.6,2.3,0.3,{비}2112-2218.,,2022,1,2,15,0,0,0,0
184,제주,2022-01-16,7.0,3.9,2351,9.5,0334,,,,,1.03,0.3,12.2,340,1240,7.1,340,1237,4.8,4131,320,1.5,54,1535,68.4,7.0,1023.9,1028.8,2116,1023.6,0430,1026.5,10.2,1.1,1300,0.95,4.84,,,,,,8.4,7.1,6.9,0.7,7.6,7.7,7.8,8.1,8.8,10.1,10.7,15.4,18.8,1.4,2.0,,{비}0142-0244. {박무}0812-{박무}{강도0}0900-0948. {연무}0943-{연무}{강도0}1200-1252.,,2022,1,2,16,0,0,0,1
184,제주,2022-01-17,5.5,3.8,0651,7.2,1437,,,,,,,13.8,340,2032,7.6,340,2335,4.5,3905,340,-0.4,55,1310,65.4,6.0,1026.0,1030.3,0932,1027.2,1729,1028.6,10.2,0.7,1300,0.95,3.82,,,,,,8.5,7.6,5.3,1.0,6.8,7.1,7.5,8.1,8.7,10.2,10.5,16.5,19.0,1.5,2.1,,,,2022,1,3,17,0,0,0,0
184,제주,2022-01-18,3.8,1.4,2355,7.0,1419,,,,,,,15.0,340,0033,7.1,340,0033,3.4,2958,20,-4.0,40,1643,56.8,4.6,1025.4,1030.8,1034,1026.6,2351,1028.0,10.2,6.6,1200,2.23,10.87,,,,,,3.0,3.0,5.2,-5.7,6.8,6.9,7.3,7.9,8.7,10.1,10.2,16.3,18.9,1.7,2.5,,,,2022,1,3,18,0,0,0,0
184,제주,2022-01-19,5.3,0.7,0733,10.4,1500,,,,,0.83,0.0,13.4,20,2153,7.8,320,2119,3.1,2662,180,-3.2,25,1458,57.1,4.9,1022.5,1027.2,1104,1023.1,1450,1025.1,10.3,8.8,1200,2.09,12.39,,,,,,3.0,2.8,4.4,-7.4,6.0,6.0,6.6,7.5,8.2,10.0,10.4,16.6,19.0,2.3,3.2,0.0,{비}2106-2156.,,2022,1,3,19,0,0,0,0
184,제주,2022-01-20,2.9,0.8,2339,5.9,0001,,,,,,,16.3,340,0144,8.1,340,0133,4.1,3505,360,-3.7,50,1032,61.8,4.6,1025.1,1029.5,2352,1024.3,0047,1027.7,10.3,2.3,1100,1.22,6.76,,,,,,6.3,6.3,4.6,-5.2,6.3,6.5,7.0,7.5,8.3,10.0,10.4,16.2,18.9,1.1,1.6,,,,2022,1,3,20,0,0,0,0
184,제주,2022-01-21,6.0,0.3,0240,10.7,1156,,,,,,,7.8,70,1336,4.9,70,1339,2.4,2072,180,0.6,55,1033,68.9,6.5,1025.8,1030.6,1010,1026.7,2346,1028.4,10.3,3.9,1100,1.95,8.26,,,,,,3.3,2.4,4.1,-5.5,5.9,6.0,6.5,7.2,7.9,9.9,10.5,16.5,18.9,1.5,2.1,,,,2022,1,3,21,0,0,0,0
184,제주,2022-01-22,10.6,7.2,0001,14.4,1356,,,,,3.3,1.3,10.1,140,1417,5.5,140,1405,3.3,2864,110,5.2,54,1347,70.0,8.9,1021.4,1027.0,0046,1022.1,1412,1023.9,10.3,2.0,1300,2.09,8.39,,,,,,8.6,5.5,8.4,-1.3,7.6,7.4,7.3,7.4,8.0,9.9,10.9,16.6,19.0,1.6,2.3,6.4,{달코로나}0050-0145. {달코로나}0435-0510. {비}2042-{비}{강도0}2100-{비}{강도0}2400-,,2022,1,3,22,0,0,0,1
184,제주,2022-01-23,10.5,9.4,0401,12.2,1247,,,,,12.97,5.6,10.3,70,1409,6.2,50,2308,3.3,2810,110,7.8,72,1803,83.9,10.6,1016.5,1022.4,0004,1017.7,1421,1019.0,10.3,0.0,1200,0.55,2.33,,,,,,10.0,6.4,9.6,7.8,8.9,8.9,8.6,8.3,8.7,10.1,11.0,16.5,18.9,0.9,1.3,0.5,-{비}-{비}{강도0}0300-{비}{강도0}0600-0851. {비}0933-1042. {비}1118-{비}{강도0}1200-1242. {비}1423-{비}{강도0}1500-1506. {비}1533-1624. {박무}2104-{박무}{강도0}2400-,,2022,1,3,23,0,0,0,1
184,제주,2022-01-24,10.3,9.0,2009,12.4,1410,,,,,,,11.2,110,1331,6.0,70,0625,3.3,2884,90,5.7,64,1418,73.6,9.2,1017.4,1021.9,2117,1017.9,0442,1019.9,10.4,1.3,1100,1.1,5.79,,,,,,8.1,7.3,9.6,5.7,9.4,9.4,9.1,8.9,9.4,10.6,11.6,16.5,18.9,1.2,1.8,0.2,-{박무}-{박무}{강도0}0300-0505.,,2022,1,4,24,0,0,0,0
184,제주,2022-01-25,8.8,7.5,1332,9.5,0800,,,,,5.6,3.3,9.3,50,1145,6.3,20,1153,2.1,1823,140,5.8,71,0001,82.1,9.2,1019.4,1023.3,2324,1020.4,0422,1021.9,10.4,0.0,1100,0.01,0.06,,,,,,9.6,6.6,8.3,5.8,9.1,9.1,9.2,9.2,9.9,10.8,11.4,16.5,18.9,0.6,0.9,3.1,{비}0253-{비}{강도0}0300-0350. {박무}0835-{박무}{강도0}0900-{박무}{강도1}1200-{박무}{강도0}1500-1503. {비}0852-{비}{강도0}0900-{비}{강도0}1200-1331. {박무}1637-{박무}{강도0}1800-2025. {박무}2315-{박무}{강도0}2400-,,2022,1,4,25,0,0,0,1
184,제주,2022-01-26,7.5,6.5,0603,9.6,1326,,,,,,,9.4,20,0524,5.5,20,0547,3.3,2864,20,1.6,54,1509,66.9,6.9,1022.5,1027.1,1021,1023.3,0001,1025.1,10.4,0.8,1300,1.35,5.19,,,,,,8.4,6.6,7.8,3.7,8.6,8.8,8.9,9.1,10.0,11.0,11.7,16.3,18.9,1.3,1.9,,-{박무}-0255. {박무}0615-0739. {연무}0734-{연무}{강도0}0900-{연무}{강도0}1200-{연무}{강도0}1500-{연무}{강도0}1800-{연무}{강도0}2100-{연무}{강도0}2400-,,2022,1,4,26,0,0,0,0
184,제주,2022-01-27,5.9,4.7,2347,7.5,1315,,,,,,,8.9,50,0848,5.6,20,0833,3.6,3099,340,0.3,60,0659,67.5,6.3,1022.4,1026.0,0945,1023.4,1521,1025.0,10.5,0.4,1200,1.05,4.82,,,,,,7.1,5.0,6.5,1.2,8.1,8.4,8.7,9.0,10.0,11.3,12.0,16.3,18.9,1.2,1.7,,-{연무}-{연무}{강도0}0300-0306.,,2022,1,4,27,0,0,0,0
184,제주,2022-01-28,5.2,4.2,2342,7.9,1341,,,,,,,8.6,50,0931,5.2,50,1008,3.4,2959,340,-0.7,57,1417,65.9,5.8,1022.4,1027.2,0905,1023.4,1556,1025.0,10.5,2.4,1300,1.64,7.59,,,,,,6.8,5.6,6.1,1.7,7.7,7.9,8.3,8.8,9.8,11.3,11.7,16.2,18.8,1.4,2.0,,,,2022,1,4,28,0,0,0,0
184,제주,2022-01-29,4.6,4.0,2204,6.6,1517,,,,,,,9.6,20,2348,5.5,20,2243,3.7,3179,20,-2.0,50,1625,62.6,5.3,1019.7,1024.6,0001,1020.5,1753,1022.3,10.5,1.5,1400,1.13,6.2,,,,,,8.4,5.4,5.8,2.0,7.4,7.6,8.1,8.7,9.7,11.3,11.8,16.3,18.8,1.5,2.1,,,,2022,1,4,29,0,0,0,0
184,제주,2022-01-30,4.8,3.5,2343,7.9,1330,,,,,,,10.7,20,2249,6.1,340,1906,4.3,3700,20,-2.8,43,1447,58.3,5.0,1020.1,1025.3,2306,1020.2,0508,1022.7,10.5,5.9,1300,1.99,11.4,,,,,,5.6,4.3,5.8,0.1,7.3,7.5,7.9,8.5,9.6,11.4,12.0,16.3,18.8,2.1,3.0,,,,2022,1,4,30,0,0,0,0
184,제주,2022-01-31,5.9,3.4,0003,9.1,1347,,,,,,,8.8,340,0622,5.0,20,0048,3.4,2920,340,-1.4,47,1338,59.5,5.5,1023.5,1027.7,1019,1024.8,1308,1026.1,10.6,4.9,1300,2.22,10.88,,,,,,5.4,5.3,6.2,-0.2,7.2,7.3,7.7,8.4,9.5,11.4,11.6,16.0,18.7,2.1,3.1,,,,2022,1,5,31,0,0,0,0
184,제주,2022-02-01,6.3,4.3,2349,8.4,0244,,,,,,,13.5,360,0359,8.0,320,1237,5.2,4515,320,-1.0,47,1255,59.5,5.7,1025.1,1030.1,2337,1024.7,0357,1027.7,10.6,2.0,1300,1.22,6.72,,,,,,6.5,6.5,6.3,2.0,7.3,7.5,7.9,8.4,9.5,11.1,11.3,15.1,18.5,1.7,2.4,,{연무}0108-{연무}{강도0}0300-{연무}{강도0}0600-0605. {연무}0807-{연무}{강도0}0900-1106.,,2022,2,5,32,1,0,0,0
184,제주,2022-02-02,5.0,3.7,2349,7.5,1441,,,,,,,8.4,340,1306,4.9,340,1422,3.5,2982,340,-1.7,52,1430,61.9,5.4,1026.4,1031.1,0937,1027.6,1427,1029.0,10.6,0.8,1400,1.22,5.53,,,,,,9.0,6.1,6.1,1.7,7.1,7.3,7.7,8.3,9.4,10.9,11.1,15.9,18.7,1.5,2.1,,,,2022,2,5,33,1,0,0,0
184,제주,2022-02-03,5.0,3.2,0234,8.3,1206,,,,,,,10.6,50,0744,6.0,20,2343,4.0,3461,20,-2.8,47,1927,57.0,5.0,1024.5,1029.1,0221,1024.9,1647,1027.1,10.6,2.6,1200,2.02,8.3,,,,,,7.5,4.3,6.2,0.5,7.0,7.2,7.7,8.2,9.2,10.8,11.4,16.1,18.7,1.9,2.7,,,,2022,2,5,34,1,0,0,0
184,제주,2022-02-04,4.4,1.9,0539,7.3,1252,,,,,0.32,0.0,13.6,320,2222,7.9,340,2400,5.1,4364,340,-2.7,45,0212,60.6,5.1,1023.8,1027.7,1009,1024.7,1704,1026.4,10.7,1.1,1200,0.95,4.91,,,,,,7.0,5.8,4.7,-0.9,6.3,6.6,7.3,8.1,9.2,10.9,11.3,15.9,18.6,1.7,2.4,0.1,{비}1653-1704. {진눈깨비}2352-{진눈깨비}{강도0}2400-,,2022,2,5,35,1,0,0,0
184,제주,2022-02-05,3.6,1.9,0421,4.6,1158,,,,,6.92,0.1,15.9,290,1220,8.8,320,0221,6.9,5970,320,-3.2,47,1340,61.3,4.8,1025.2,1029.6,2341,1025.6,0301,1027.8,10.7,1.9,1100,1.43,6.74,,,,,,7.3,7.3,4.4,0.2,5.8,6.2,6.9,7.9,9.1,10.7,10.3,14.0,17.9,1.8,2.5,0.1,-{진눈깨비}-0112. {소낙성진눈깨비}0146-0253. {소낙눈}0411-0443. {소낙눈}0823-0847. {소낙눈}0903-0916. {소낙눈}1011-1029. {소낙눈}1309-1348. {소낙눈}1407-1444. {소낙눈}1547-1611. {소낙눈}1641-{소낙눈}{강도0}1800-1810.,,2022,2,5,36,1,0,0,1
184,제주,2022-02-06,4.5,2.3,0611,7.2,1347,,,,,2.5,0.1,15.7,50,0449,9.2,20,0643,5.2,4469,340,-2.4,46,1621,61.4,5.2,1027.4,1032.0,1035,1028.3,1721,1030.0,10.7,3.0,1200,2.25,9.3,,,,,,7.5,7.5,5.5,0.7,6.1,6.3,6.8,7.6,8.8,9.9,9.5,15.0,18.2,1.8,2.6,,{소낙눈}0102-0110. {소낙눈}0135-0154. {소낙눈}0445-0455. {소낙눈}0531-0541. {소낙눈}0552-{소낙눈}{강도0}0600-0617. {소낙눈}0715-0833.,,2022,2,5,37,1,0,0,1
184,제주,2022-02-07,4.4,3.0,2318,6.6,1340,,,,,2.1,0.0,9.2,340,0052,6.1,20,2046,3.1,2665,20,-2.6,47,1805,60.6,5.1,1025.3,1030.1,0949,1025.7,1703,1027.9,10.8,1.0,1000,1.5,6.45,,,,,,8.5,4.8,6.2,0.6,6.6,6.8,7.1,7.8,8.5,9.6,9.4,15.4,18.4,1.3,1.9,0.0,{비}2041-{비}{강도0}2100-2247.,,2022,2,6,38,1,0,0,0
184,제주,2022-02-08,5.4,2.6,0557,8.9,1255,,,,,,,9.6,50,2131,5.9,20,2139,3.6,3109,20,-2.6,38,1315,56.5,5.1,1024.6,1028.9,1156,1025.3,0524,1027.2,10.8,8.2,1200,2.38,14.06,,,,,,4.4,2.4,7.0,-2.8,7.0,7.0,7.3,7.8,8.3,9.5,10.1,15.7,18.5,2.3,3.3,,,,2022,2,6,39,1,0,0,0
184,제주,2022-02-09,5.9,1.6,0619,9.9,1142,,,,,4.07,3.7,7.4,50,1356,4.7,50,1248,2.4,2089,180,1.4,56,0008,73.4,6.9,1022.0,1027.5,0023,1022.3,1616,1024.6,10.8,3.1,1200,1.58,6.94,,,,,,5.9,4.1,5.7,-5.2,6.7,6.9,7.3,7.8,8.3,9.6,10.2,15.7,18.5,1.2,1.7,10.9,{비}1956-{비}{강도0}2100-{비}{강도0}2400- {박무}2052-{박무}{강도0}2100-{박무}{강도0}2400-,,2022,2,6,40,1,0,0,1
184,제주,2022-02-10,6.9,4.9,0423,9.8,1257,,,,,6.42,7.2,9.4,20,1128,5.5,20,2103,3.6,3077,360,-0.3,40,1317,61.8,6.0,1021.3,1025.3,2206,1022.6,0105,1023.9,10.8,6.4,1200,2.54,13.77,,,,,,4.9,3.8,7.7,1.0,7.7,7.7,7.8,8.0,8.4,9.7,10.6,15.6,18.5,2.5,3.5,,-{비}-{비}{강도1}0300-{비}{강도0}0600-0625. -{박무}-{박무}{강도0}0300-0405.,,2022,2,6,41,1,0,0,1
184,제주,2022-02-11,7.5,2.8,0707,11.4,1308,,,,,,,7.5,20,0207,5.0,20,0239,2.5,2195,180,-2.3,37,1557,50.4,5.2,1022.7,1027.5,1050,1023.9,1654,1025.3,10.9,9.9,1200,2.55,15.62,,,,,,2.4,0.5,6.7,-3.3,7.6,7.6,7.9,8.1,8.5,9.9,10.5,15.7,18.4,2.6,3.7,,,,2022,2,6,42,1,0,0,0
184,제주,2022-02-12,10.0,7.6,0204,12.6,1436,,,,,,,9.6,70,1512,5.4,70,1504,2.3,1999,70,1.1,36,1632,54.5,6.6,1020.7,1025.2,0204,1021.5,2349,1023.2,10.9,0.0,1400,1.37,6.37,,,,,,9.5,7.0,8.7,4.6,8.5,8.5,8.4,8.4,8.8,10.0,10.7,15.7,18.4,1.6,2.3,0.0,,,2022,2,6,43,1,0,0,0
184,제주,2022-02-13,10.1,8.1,2357,11.9,1235,,,,,4.83,0.0,11.7,50,0651,7.7,70,0728,3.3,2872,70,4.7,46,1740,69.6,8.6,1017.2,1021.5,0001,1018.3,1503,1019.7,10.9,0.0,1100,0.9,3.55,,,,,,9.9,6.0,8.8,4.7,9.1,9.1,9.0,8.8,9.3,10.2,11.3,15.7,18.4,1.2,1.7,0.0,{비}0516-{비}{강도0}0600-0825. {박무}0710-{박무}{강도0}0900-1010. {비}1525-1706.,,2022,2,6,44,1,0,0,0
184,제주,2022-02-14,9.3,7.3,0516,13.7,1223,,,,,1.55,0.0,9.3,320,2224,5.8,340,2338,3.0,2579,180,4.0,40,1810,70.9,8.2,1018.6,1023.1,2314,1019.5,0454,1021.1,11.0,2.0,1200,1.82,7.54,,,,,,6.6,6.0,8.6,1.9,9.1,9.1,9.1,9.0,9.5,10.5,11.1,15.7,18.4,1.8,2.6,0.0,{박무}0215-{박무}{강도0}0300-{박무}{강도0}0600-0844. {안개비}0628-0651. {비}0713-0740. {비}0838-{비}{강도0}0900-0921. {박무}1441-{박무}{강도0}1500-1606. {연무}1942-{연무}{강도0}2100-2207. {박무}2202-{박무}{강도0}2400-,,2022,2,7,45,1,0,0,0
184,제주,2022-02-15,3.9,1.9,2225,7.5,0001,,,,,0.13,0.0,12.5,340,0111,7.2,340,0113,5.7,4902,320,-2.5,53,1047,62.6,5.1,1021.8,1025.5,1040,1022.8,0101,1024.4,11.0,2.3,1100,1.64,8.17,,,,,,8.3,8.1,6.1,1.1,8.0,8.4,8.9,9.1,9.8,10.7,10.8,14.1,17.8,1.7,2.4,0.0,-{박무}-0223. {눈}2352-{눈}{강도0}2400-,,2022,2,7,46,1,0,0,0
184,제주,2022-02-16,2.3,0.8,2201,4.3,1355,,,,,8.28,0.0,14.6,340,1243,8.1,340,1233,6.3,5410,340,-3.5,50,1539,65.3,4.7,1022.7,1026.2,2345,1024.4,1537,1025.3,11.0,1.0,1400,1.2,5.8,,,,,,8.0,8.0,4.4,-0.1,6.3,6.9,7.7,8.5,9.5,10.5,10.2,13.7,17.8,1.4,2.1,0.0,-{눈}-0015. {소낙눈}0235-{소낙눈}{강도0}0300-0350. {소낙눈}0628-0722. {소낙눈}0827-{소낙눈}{강도0}0900-0924. {소낙눈}1023-{소낙눈}{강도0}1200-1256. {소낙눈}1311-1339. {소낙눈}1453-{소낙눈}{강도0}1500-1522. {소낙눈}1545-1557. {소낙눈}1656-1708. {소낙눈}1955-2012. {소낙눈}2118-2132. {소낙눈}2253-2324.,,2022,2,7,47,1,0,0,0
184,제주,2022-02-17,1.1,0.2,0732,2.6,1428,,,,,6.07,0.0,13.6,20,0115,7.6,320,0151,4.6,4010,20,-5.7,51,1428,60.9,4.0,1025.6,1029.4,1048,1026.2,0001,1028.3,11.1,1.8,1400,1.33,6.97,,,,,,8.3,4.8,3.6,-3.7,5.5,6.0,6.9,7.8,8.9,9.9,9.6,14.4,17.9,1.2,1.7,0.0,{소낙눈}0026-0046. {소낙눈}0133-{소낙눈}{강도0}0300-0428. {소낙눈}0548-{소낙눈}{강도0}0600-0611. {소낙눈}0724-0838. {소낙눈}0922-1034. {달무리}2340-,,2022,2,7,48,1,0,0,0
184,제주,2022-02-18,6.0,0.2,0020,11.1,1401,,,,,4.2,2.6,11.8,70,1529,5.8,70,1538,2.5,2117,90,1.0,50,1122,71.3,6.8,1024.7,1029.9,0848,1024.4,2320,1027.3,11.1,1.1,1300,1.53,7.73,,,,,,8.8,6.3,5.9,-6.9,6.2,6.3,6.6,7.4,8.1,9.7,10.0,15.1,18.2,1.2,1.7,13.0,-{달무리}-0250. {비}1633-1652. {비}1712-{비}{강도0}1800-1813. {비}2108-{비}{강도0}2400-,,2022,2,7,49,1,0,0,1
184,제주,2022-02-19,5.2,2.9,2346,6.9,0001,,,,,15.27,11.3,17.9,340,2341,10.2,340,2349,4.5,3904,340,2.0,61,1427,80.5,7.1,1021.5,1025.8,1101,1022.0,1744,1024.1,11.1,0.1,1400,1.01,2.0,,,,,,9.6,7.0,6.4,1.9,7.0,7.1,7.4,7.7,8.2,9.5,10.2,15.2,18.2,1.1,1.6,1.0,-{비}-{비}{강도0}0300-{비}{강도0}0600-{비}{강도0}0900-{비}{강도0}1200-1243. {비}2127-{싸락눈}2140-{비}2141-{비}{강도0}2400-,,2022,2,7,50,1,0,0,1
184,제주,2022-02-20,1.8,0.0,0623,3.4,1527,,,,,11.0,0.1,20.0,340,0537,10.0,20,0838,6.7,5750,340,-3.5,53,1423,68.4,4.7,1025.8,1030.5,2109,1024.8,0413,1028.4,11.2,2.6,1300,1.65,9.18,0.3,0755,0.3,0755,0.3,7.9,7.4,3.3,-2.2,5.4,5.8,6.7,7.4,8.3,9.6,9.4,13.5,17.2,1.7,2.4,0.0,-{눈}-{눈}0055-{싸락눈}0117-{눈}0141-{눈}{강도0}0300-{소낙눈}0347-{소낙눈}{강도0}0600-{소낙눈}{강도0}0900-1038. {소낙눈}1224-1246.,,2022,2,7,51,1,0,0,1
184,제주,2022-02-21,5.0,2.2,0230,8.0,1524,,,,,,,12.5,320,0246,6.5,340,0110,4.6,3944,320,-2.8,40,1056,57.5,5.0,1028.1,1032.0,0907,1029.6,1650,1030.7,11.2,2.6,1300,1.78,9.18,,,,,,6.5,5.5,4.4,-0.7,5.7,6.0,6.4,7.1,7.8,9.2,9.0,13.8,17.8,2.0,2.9,,{달코로나}0430-0455.,,2022,2,8,52,1,0,0,0
184,제주,2022-02-22,4.4,3.1,0719,7.1,1258,,,,,,,11.0,50,1008,5.9,20,0609,4.3,3749,340,-3.3,46,1447,57.6,4.8,1030.0,1034.0,1035,1031.2,0001,1032.6,11.2,4.3,1200,2.53,11.93,,,,,,7.3,6.8,5.8,1.0,6.5,6.6,6.8,7.2,7.8,8.9,8.7,14.4,17.9,2.0,2.9,,{햇무리}1335-1440.,,2022,2,8,53,1,0,0,0
184,제주,2022-02-23,1.9,0.6,2242,4.1,0001,,,,,,,12.3,20,0148,7.3,20,0152,4.3,3745,20,-4.7,47,1949,61.6,4.3,1030.8,1035.0,1052,1031.8,1606,1033.4,11.3,1.0,1600,1.01,6.13,,,,,,7.8,6.5,4.0,-2.0,5.9,6.2,6.8,7.3,7.8,8.7,8.6,14.4,17.9,1.4,2.0,,,,2022,2,8,54,1,0,0,0
184,제주,2022-02-24,3.4,0.5,0124,6.7,1606,,,,,,,10.0,20,0019,6.1,320,1737,4.2,3601,320,-3.8,50,1610,59.4,4.6,1029.9,1034.4,1016,1031.1,1843,1032.6,11.3,0.2,1200,0.59,3.91,,,,,,6.4,6.4,3.2,-1.8,5.2,5.5,6.1,6.9,7.4,8.7,8.9,14.7,18.0,1.3,1.9,,,,2022,2,8,55,1,0,0,0
184,제주,2022-02-25,6.6,2.9,0310,11.7,1500,,,,,,,6.8,340,0951,4.0,270,1137,2.6,2218,320,-2.1,34,1349,54.6,5.3,1026.9,1032.0,0918,1027.2,2400,1029.5,11.3,10.4,1200,2.93,19.56,,,,,,1.4,1.4,6.8,-3.4,6.5,6.4,6.4,6.7,7.1,8.6,8.8,14.6,18.0,2.9,4.2,,,,2022,2,8,56,1,0,0,0
184,제주,2022-02-26,9.8,3.6,0405,16.2,1501,,,,,,,13.6,340,2350,8.5,320,2348,4.5,3846,270,-0.4,24,1506,51.8,6.1,1020.0,1027.2,0001,1018.8,1555,1022.5,11.4,10.5,1200,2.85,19.04,,,,,,1.8,1.8,8.6,-4.4,7.5,7.2,7.2,7.1,7.3,8.4,9.0,14.8,18.0,4.2,6.0,,{연무}2213-2338. {박무}2333-{박무}{강도1}2400-,,2022,2,8,57,1,0,0,0
184,제주,2022-02-27,7.4,4.2,2355,11.6,1430,,,,,,,15.1,340,0025,8.4,340,0003,3.3,2873,340,-2.8,26,1201,49.9,5.0,1022.1,1026.5,1025,1021.6,0001,1024.6,11.4,10.9,1200,3.07,20.32,,,,,,0.1,0.1,9.5,-3.4,8.5,8.3,8.2,7.8,7.9,8.3,8.7,13.9,17.6,3.3,4.7,,{연무}0004-0115. -{박무}-0009.,,2022,2,8,58,1,0,0,0
184,제주,2022-02-28,8.7,3.1,0501,13.2,1350,,,,,,,4.5,290,1322,3.2,160,0625,1.9,1634,160,0.6,37,1229,57.0,6.5,1018.9,1025.1,0001,1017.0,2333,1021.4,11.4,1.5,1200,1.51,7.34,,,,,,6.4,5.5,7.5,-4.4,7.9,7.8,8.0,8.0,8.2,8.4,8.9,14.4,17.9,1.4,2.0,3.5,,,2022,2,9,59,1,0,0,0
184,제주,2022-03-01,10.1,6.4,2339,13.6,1358,,,,,4.98,3.8,8.9,320,1110,5.7,320,1126,3.4,2914,270,7.8,60,0001,86.8,10.8,1014.6,1021.0,2253,1013.6,0429,1017.1,11.5,0.5,1300,1.55,4.01,,,,,,9.8,7.4,10.5,3.7,9.4,9.2,8.9,8.4,8.5,8.6,9.1,12.5,17.1,1.1,1.5,0.3,{비}0347-{비}{강도0}0600-0606. {비}0711-0734. {비}0747-{비}{강도0}0900-0908. {박무}0905-1053. {비}0936-1010. {비}1025-1047. {박무}1117-{박무}{강도0}1200-1353. {박무}1417-{박무}{강도0}1500-{박무}{강도0}1800-{박무}{강도0}2100-2250.,,2022,3,9,60,1,0,0,1
184,제주,2022-03-02,6.4,4.8,0540,8.9,1556,,,,,,,11.0,290,1518,6.6,290,1526,4.3,3720,290,-1.2,45,1638,58.6,5.6,1018.4,1022.7,1022,1020.0,1457,1021.0,11.5,5.6,1100,2.04,13.6,,,,,,3.9,3.9,7.4,-1.1,8.5,8.7,8.9,8.7,8.8,8.7,8.9,12.9,17.5,2.4,3.4,,,,2022,3,9,61,1,0,0,0
184,제주,2022-03-03,10.0,5.0,0546,14.7,1239,,,,,,,8.8,290,1311,5.8,270,1432,3.3,2847,290,0.9,34,0951,53.8,6.7,1017.6,1022.1,0933,1018.7,1736,1020.2,11.5,10.0,1200,2.71,17.83,,,,,,0.4,0.0,8.5,-3.9,8.5,8.5,8.5,8.4,8.6,8.7,9.0,14.0,17.7,3.2,4.6,,{연무}1646-{연무}{강도0}1800-2046. {연무}2122-2355.,,2022,3,9,62,1,0,0,0
184,제주,2022-03-04,12.6,7.0,0408,16.6,1529,,,,,,,12.7,200,2227,7.6,230,2229,2.9,2475,50,3.6,40,2205,54.6,8.1,1013.0,1019.3,0001,1012.8,2210,1015.6,11.6,6.0,1200,2.72,13.44,,,,,,4.6,2.8,10.6,-1.0,9.6,9.4,9.1,8.8,8.8,8.8,9.1,14.0,17.7,2.9,4.1,0.0,{연무}0217-{연무}{강도0}0300-0312. {연무}0831-{연무}{강도0}0900-0953. {연무}1030-1146. {연무}1304-1316.,,2022,3,9,63,1,0,0,0
184,제주,2022-03-05,8.9,5.6,2359,14.8,0001,,,,,0.5,0.0,13.9,360,2209,7.6,320,2217,5.0,4287,320,1.5,37,1410,61.5,7.2,1016.6,1023.0,2353,1013.5,0001,1019.1,11.6,9.4,1300,2.76,18.57,,,,,,4.3,2.4,11.6,3.7,10.4,10.3,10.1,9.5,9.4,8.9,9.3,12.7,17.2,3.6,5.1,,{비}0251-{비}{강도0}0300-0321. {박무}0437-{박무}{강도0}0600-0758. {황사}0755-{황사}{강도0}0900-{황사}{강도0}1200-1410.,,2022,3,9,64,1,0,0,0
184,제주,2022-03-06,6.4,4.5,0512,10.0,1445,,,,,,,11.1,320,0505,6.4,320,0017,4.1,3516,340,-2.5,37,1408,53.5,5.1,1020.8,1025.5,1033,1021.9,2400,1023.4,11.6,9.8,1200,3.03,20.19,,,,,,5.1,2.4,10.7,2.7,9.5,9.6,9.7,9.5,9.5,9.1,8.9,13.0,17.2,3.0,4.3,,{햇무리}1625-1655.,,2022,3,9,65,1,0,0,0
184,제주,2022-03-07,7.5,4.6,0436,11.5,1558,,,,,,,6.5,340,1440,3.8,360,0311,2.5,2184,200,-0.3,45,1640,58.0,6.0,1018.7,1022.3,0015,1019.7,1412,1021.2,11.7,9.5,1400,2.39,16.93,,,,,,5.4,0.1,10.9,0.0,9.8,9.8,9.9,9.6,9.5,9.2,9.1,13.7,17.6,2.5,3.6,,{햇무리}0840-1515.,,2022,3,10,66,1,0,0,0
184,제주,2022-03-08,9.5,5.0,0606,14.1,1600,,,,,,,6.9,290,1249,4.3,290,1531,2.4,2042,200,0.8,40,1601,55.3,6.6,1017.6,1021.1,0001,1019.2,1643,1020.2,11.7,10.4,1200,2.92,19.6,,,,,,0.0,0.0,11.2,-1.6,10.0,9.9,9.9,9.6,9.5,9.3,9.4,14.0,17.6,3.0,4.2,,,,2022,3,10,67,1,0,0,0
184,제주,2022-03-09,11.0,7.5,0059,15.1,1642,,,,,,,5.7,340,1247,3.9,340,1204,2.2,1920,340,6.3,35,1630,73.8,9.7,1020.0,1024.0,1051,1019.9,0008,1022.5,11.7,10.4,1200,2.95,19.82,,,,,,0.1,0.1,12.7,-3.9,10.9,10.6,10.4,9.9,9.7,9.4,9.5,13.3,17.5,,,,{연무}0009-{연무}{강도0}0300-0351. {박무}0346-{박무}{강도0}0600-{박무}{강도1}0900-1132. {연무}1128-{연무}{강도0}1200-{연무}{강도0}1500-1615. {연무}1715-{연무}{강도0}1800-1838. {박무}1833-{박무}{강도0}2100-2152.,,2022,3,10,68,1,0,0,0
184,제주,2022-03-10,12.5,6.5,0449,17.7,1428,,,,,,,5.7,50,1609,4.2,50,1623,2.2,1870,160,3.3,32,0859,55.0,8.4,1018.8,1023.4,0923,1019.1,2341,1021.3,11.8,10.2,1200,3.0,20.29,,,,,,5.6,0.3,12.7,-4.1,11.2,10.8,10.7,10.3,10.1,9.6,9.7,14.0,17.6,3.1,4.4,,,,2022,3,10,69,1,0,0,0
184,제주,2022-03-11,16.5,12.3,0001,21.4,1634,,,,,,,9.4,200,1629,5.9,200,1630,2.2,1907,50,9.9,54,1142,65.6,12.3,1015.3,1019.4,0110,1016.4,1543,1017.8,11.8,2.1,1600,1.36,8.83,,,,,,6.3,5.4,14.5,5.9,12.6,12.3,11.8,11.0,10.7,9.8,9.9,13.8,17.6,2.0,2.8,,,,2022,3,10,70,1,0,0,0
184,제주,2022-03-12,17.0,12.9,0613,22.3,1417,,,,,,,6.9,50,1421,5.0,50,1343,2.3,1989,50,12.0,53,1305,72.9,14.1,1014.4,1019.3,0929,1014.2,2400,1016.8,11.8,10.0,1200,2.98,20.24,,,,,,2.6,1.1,16.9,6.4,14.0,13.6,12.9,11.8,11.3,10.1,10.1,13.8,17.5,4.2,6.0,,,,2022,3,10,71,1,0,0,0
184,제주,2022-03-13,17.7,13.9,2359,20.3,0822,,,,,4.02,5.8,20.6,230,0759,10.3,230,0803,5.4,4634,200,13.7,55,0331,79.3,15.8,1010.0,1014.4,0001,1009.9,1549,1012.5,11.9,0.2,1500,0.96,3.12,,,,,,9.0,6.8,15.9,11.6,14.5,14.2,13.7,12.7,12.3,10.4,10.3,13.0,17.0,1.0,1.5,5.8,{비}0921-1022. {비}1056-{비}{강도0}1200-1246. {박무}1805-{박무}{강도1}2100-{시정(미만)}{1km}{안개}2140-{시정(이상)}{1km}{박무}2226-{박무}{강도2}2400- {안개비}1815-1925.,0.77,2022,3,10,72,1,0,0,1
184,제주,2022-03-14,13.8,9.6,2355,17.1,1533,,,,,,,11.7,290,1551,6.5,290,1557,2.5,2135,50,12.9,88,0926,94.9,15.0,1011.3,1016.1,2344,1008.6,1509,1013.8,11.9,0.6,0900,1.22,5.12,,,,,,9.5,7.0,15.6,5.9,14.6,14.5,14.1,13.1,12.8,10.8,10.5,13.1,17.3,1.0,1.4,,-{안개}-{시정(미만)}{1km}{안개}0020-{시정(이상)}{1km}{박무}0116-{박무}{강도1}0300-{시정(미만)}{1km}{안개}0340-{시정(미만)}{0.5km}{안개}0343-{시정(이상)}{0.5km}{안개}0430-{시정(이상)}{1km}{박무}0507-{박무}{강도2}0600-0847. {박무}1137-{박무}{강도0}1200-1336. {박무}1405-{박무}{강도0}1500-1607. {박무}1855-1915. {박무}1937-2043. {박무}2133-2323.,2.38,2022,3,11,73,1,0,0,0
184,제주,2022-03-15,10.4,6.3,0637,14.5,1449,,,,,,,6.1,340,0224,4.0,50,2150,2.3,1988,20,6.9,62,1451,79.8,10.0,1012.6,1017.6,0227,1013.4,1523,1015.2,11.9,10.6,1200,3.29,22.58,,,,,,2.8,1.6,13.1,0.0,13.5,13.5,13.5,13.0,12.9,11.1,10.6,13.4,17.3,2.9,4.1,,{박무}0242-{박무}{강도0}0300-{박무}{강도0}0600-{박무}{강도0}0900-0934. {박무}2017-{박무}{강도0}2100-{박무}{강도0}2400-,,2022,3,11,74,1,0,0,0
184,제주,2022-03-16,13.7,9.0,0453,18.4,1331,,,,,,,5.6,20,1400,3.9,20,1407,2.0,1718,50,9.1,60,0654,74.8,11.8,1013.9,1018.4,2213,1014.2,0011,1016.4,12.0,9.4,1200,3.0,20.37,,,,,,2.3,1.6,15.2,0.9,13.9,13.7,13.5,13.0,12.8,11.4,10.9,13.7,17.4,2.9,4.1,0.0,-{박무}-0113. {박무}2128-{박무}{강도0}2400-,,2022,3,11,75,1,0,0,0
184,제주,2022-03-17,13.4,11.3,2106,17.2,1102,,,,,10.72,25.9,12.9,90,2115,6.6,110,1207,3.7,3170,90,9.5,32,0621,79.6,12.1,1012.5,1018.4,0028,1010.7,2400,1015.0,12.0,0.0,0900,0.77,3.29,,,,,,9.5,6.3,13.4,8.4,14.1,14.1,14.1,13.5,13.3,11.6,11.1,13.9,17.4,0.9,1.4,56.1,-{박무}-0155. {박무}0405-0431. {비}0644-0730. {비}1228-1458. {비}1633-{비}{강도0}1800-{비}{강도0}2100-{비}{강도1}2400-,,2022,3,11,76,1,0,0,1
184,제주,2022-03-18,10.3,8.9,2345,11.8,0127,,,,,12.75,32.1,16.2,90,0151,9.0,70,0308,4.4,3839,70,9.3,81,1541,94.0,11.8,1006.3,1010.7,0001,1006.9,0513,1008.8,12.1,0.0,1400,0.43,1.75,,,,,,9.8,7.3,12.0,8.4,12.5,12.7,13.0,13.1,13.1,12.1,11.8,13.8,17.3,0.5,0.8,5.1,-{비}-{비}{강도1}0300-{비}{강도0}0600-{비}{강도0}0900-{비}{강도0}1200-1245. {박무}1753-{박무}{강도0}1800-1905.,,2022,3,11,77,1,0,0,1
184,제주,2022-03-19,7.7,6.3,1553,9.4,0520,,,,,6.53,3.3,15.3,290,1248,9.6,290,1248,4.7,4090,320,4.1,63,1353,79.3,8.4,1010.1,1018.0,2338,1008.5,0454,1012.6,12.1,0.4,1300,1.41,4.23,,,,,,9.3,6.6,9.6,5.7,11.3,11.7,12.2,12.4,12.7,12.1,11.6,12.6,16.7,1.2,1.7,0.1,{비}0457-{비}{강도0}0600-{비}{강도0}0900-1129. {박무}0635-0748.,,2022,3,11,78,1,0,0,1
184,제주,2022-03-20,7.9,6.6,0645,10.2,1417,,,,,,,7.4,320,0326,4.7,320,0323,3.0,2610,290,3.2,63,1419,72.4,7.7,1018.2,1023.6,2353,1017.4,0224,1020.8,12.1,0.0,1400,1.31,5.84,,,,,,9.3,7.1,9.8,3.7,10.6,10.8,11.2,11.7,11.9,12.0,11.5,13.0,16.9,1.3,1.9,,,,2022,3,11,79,1,0,0,0
184,제주,2022-03-21,9.3,6.4,0651,12.2,1458,,,,,3.87,11.8,10.1,70,2103,6.2,70,2120,2.9,2536,70,4.4,43,0950,72.9,8.5,1020.4,1026.1,0737,1020.3,1514,1023.0,12.2,1.6,1000,1.61,7.79,,,,,,9.0,6.1,9.9,2.4,10.8,10.9,11.1,11.4,11.5,11.9,11.6,13.7,17.2,1.5,2.2,16.2,{비}2008-{비}{강도0}2100-{비}{강도1}2400-,,2022,3,12,80,1,0,0,1
184,제주,2022-03-22,9.4,7.1,0133,12.5,1234,,,,,1.88,4.4,7.3,50,0819,4.7,50,0859,2.4,2073,20,2.5,42,1419,64.3,7.4,1019.2,1024.0,1105,1020.4,1654,1021.8,12.2,6.8,1200,2.63,16.89,,,,,,7.5,1.4,11.4,3.1,11.2,11.2,11.4,11.3,11.3,11.7,11.9,13.7,17.1,2.3,3.3,0.1,-{비}-0153.,,2022,3,12,81,1,0,0,1
184,제주,2022-03-23,9.0,6.6,2343,12.8,1502,,,,,3.83,2.0,8.8,50,1058,6.1,50,1103,2.3,2014,200,5.2,67,1457,77.9,8.9,1016.7,1020.8,0149,1017.6,1409,1019.2,12.2,3.1,1300,2.94,10.88,,,,,,5.8,3.5,11.6,0.0,11.5,11.5,11.6,11.5,11.5,11.7,11.8,13.8,17.1,1.7,2.4,1.9,{박무}0235-{박무}{강도0}0300-0353. {박무}0732-0815. {비}0807-{비}{강도0}0900-1157. {박무}1146-{박무}{강도0}1200-1215. {박무}1554-1617.,,2022,3,12,82,1,0,0,1
184,제주,2022-03-24,11.2,5.3,0501,15.4,1442,,,,,,,8.2,70,1711,5.8,50,1713,2.8,2408,180,3.4,39,1357,60.0,7.9,1018.5,1022.2,1109,1019.5,1752,1021.1,12.3,10.7,1200,3.17,22.09,,,,,,0.0,0.0,11.5,-1.9,11.5,11.5,11.6,11.4,11.4,11.7,11.9,13.9,17.1,3.4,4.9,,{연무}0614-0835. {연무}2310-2354.,,2022,3,12,83,1,0,0,0
184,제주,2022-03-25,16.4,9.3,0536,21.1,1840,,,,,7.72,1.7,21.0,180,1451,12.1,180,1458,3.9,3370,180,10.3,48,1347,67.9,13.0,1010.0,1021.3,0119,1001.9,2357,1012.4,12.3,0.0,1100,1.16,7.46,,,,,,8.5,4.0,12.7,2.1,12.4,12.3,12.2,11.9,11.7,11.7,12.0,13.9,17.1,2.3,3.3,6.1,{연무}0244-{연무}{강도0}0300-0500. {박무}0455-0534. {연무}0530-0540. {비}1617-{비}{강도0}1800-{비}{강도0}2100-{비}{강도0}2400-,,2022,3,12,84,1,0,0,1
184,제주,2022-03-26,12.1,9.0,2340,21.4,0142,,,,,4.83,4.4,18.3,200,0143,11.0,230,0151,6.2,5380,270,9.7,75,2125,85.6,12.4,1006.2,1015.9,2336,1001.4,0242,1008.7,12.3,0.0,1500,0.4,2.14,,,,,,9.5,4.5,13.1,6.0,13.5,13.5,13.2,12.6,12.4,11.7,11.9,12.5,15.6,1.2,1.7,,-{비}-{비}{강도0}0300-0405. {비}0505-0550. {박무}0841-0904.,,2022,3,12,85,1,0,0,1
184,제주,2022-03-27,12.7,8.5,2348,18.5,1335,,,,,,,13.3,270,1558,7.0,290,1603,3.3,2858,250,0.0,18,1020,46.1,6.5,1016.1,1023.2,2350,1015.9,0001,1018.6,12.4,8.9,1300,3.31,22.41,,,,,,6.3,2.9,13.4,3.2,13.0,13.0,12.7,12.4,12.3,11.8,11.9,13.3,16.7,4.8,6.9,,{연무}1733-{연무}{강도0}1800-1815. {박무}1810-1913.,,2022,3,12,86,1,0,0,0
184,제주,2022-03-28,10.8,7.3,0545,14.5,1613,,,,,,,10.4,50,1423,6.2,70,1343,3.2,2726,70,2.3,40,0036,56.4,7.4,1022.8,1026.9,2157,1023.0,0003,1025.4,12.4,2.8,1400,2.44,14.6,,,,,,7.5,2.8,12.7,2.9,12.8,12.9,13.0,12.7,12.5,11.9,11.8,13.5,16.8,2.6,3.6,,,,2022,3,13,87,1,0,0,0
184,제주,2022-03-29,13.1,8.7,0610,16.9,1037,,,,,,,15.1,70,1518,10.2,50,1336,3.7,3193,50,7.9,52,1035,71.5,10.7,1022.1,1027.0,0014,1021.5,1628,1024.6,12.4,11.0,1200,3.29,23.63,,,,,,1.3,0.0,14.5,1.1,13.1,13.1,13.1,12.7,12.5,12.1,12.1,13.7,16.9,3.5,5.0,,,,2022,3,13,88,1,0,0,0
184,제주,2022-03-30,15.4,11.5,0121,19.8,1232,,,,,1.12,0.0,6.8,50,1130,4.9,50,1122,2.2,1889,50,12.8,66,0330,85.3,15.1,1017.9,1022.8,0001,1017.8,1630,1020.4,12.5,3.7,1200,2.52,14.14,,,,,,8.4,5.8,16.2,4.2,14.4,14.2,13.9,13.2,12.9,12.2,12.3,13.7,16.9,1.8,2.6,0.9,{비}1438-1452. {박무}1639-{박무}{강도0}1800-{박무}{강도1}2100-{시정(미만)}{1km}{안개}2225-{시정(미만)}{0.5km}{안개}2231-{시정(미만)}{0.2km}{안개}2241-{시정(이상)}{0.2km}{안개}2253-{시정(이상)}{0.5km}{안개}2321-{시정(미만)}{0.5km}{안개}2341-{안개}{강도1}2400- {비}1713-1726. {비}1840-1920.,1.58,2022,3,13,89,1,0,0,0
184,제주,2022-03-31,11.5,9.5,2347,14.4,0001,,,,,3.12,0.9,7.8,320,1629,5.1,340,1636,2.8,2378,290,9.0,73,1422,85.8,11.6,1022.1,1027.8,2340,1021.0,0103,1024.6,12.5,0.1,1100,1.42,7.51,,,,,,9.3,7.6,14.9,8.3,14.8,14.8,14.7,13.9,13.6,12.4,12.3,13.3,16.7,1.4,2.0,,{안개비}0003-{안개비}{강도0}0300-0310. -{안개}-{시정(이상)}{0.5km}{안개}0030-{시정(이상)}{1km}{박무}0051-{박무}{강도1}0300-0304. {박무}0507-{박무}{강도0}0600-0650.,0.85,2022,3,13,90,1,0,0,1
184,제주,2022-04-01,11.9,9.3,0101,14.6,1413,,,,,,,10.4,70,1457,7.3,50,1334,3.8,3290,70,5.9,50,1815,67.9,9.3,1026.1,1030.0,1018,1026.7,0258,1028.6,12.5,8.1,1200,3.34,21.82,,,,,,5.6,4.3,16.2,6.4,14.4,14.5,14.4,13.8,13.6,12.5,12.3,13.7,16.8,3.3,4.7,,,,2022,4,13,91,1,0,0,0
184,제주,2022-04-02,10.8,7.9,2217,14.7,1439,,,,,,,7.0,50,1243,5.0,320,1553,2.7,2304,20,2.7,32,1702,59.1,7.6,1026.1,1030.0,0038,1027.2,1549,1028.7,12.6,10.4,1200,3.41,23.5,,,,,,3.8,1.9,16.3,1.8,14.4,14.5,14.6,14.0,13.8,12.7,12.5,13.8,16.8,3.8,5.5,,,,2022,4,13,92,1,0,0,0
184,제주,2022-04-03,10.4,5.6,0511,14.8,1437,,,,,,,6.0,20,1424,3.9,20,1141,2.5,2140,200,2.8,45,1329,60.0,7.5,1026.1,1029.7,2219,1027.6,1540,1028.7,12.6,11.7,1200,3.42,24.92,,,,,,0.0,0.0,15.4,-0.7,13.8,13.8,14.1,13.9,13.8,12.9,12.5,13.9,16.8,3.8,5.5,,,,2022,4,13,93,1,0,0,0
184,제주,2022-04-04,11.9,6.8,0630,16.7,1615,,,,,,,5.1,50,1109,3.6,20,1209,2.4,2039,200,4.1,45,1718,59.5,8.3,1025.9,1030.0,0958,1027.1,2020,1028.5,12.6,11.7,1200,3.4,24.66,,,,,,0.9,0.0,16.3,0.3,14.2,14.1,14.3,13.9,13.7,12.9,12.6,13.8,16.8,4.2,5.9,,,,2022,4,14,94,1,0,0,0
184,제주,2022-04-05,13.0,7.9,0557,17.8,1434,,,,,,,8.4,320,1719,5.6,290,1724,2.9,2533,180,3.3,36,0807,52.3,7.9,1021.4,1027.4,0004,1021.8,1739,1023.9,12.7,7.1,1000,2.83,17.99,,,,,,5.5,0.0,16.2,0.5,14.0,14.0,14.3,14.0,13.9,13.0,12.7,13.8,16.8,3.3,4.7,,{햇무리}0940-1235.,,2022,4,14,95,1,0,0,0
184,제주,2022-04-06,13.7,9.8,0336,17.7,1426,,,,,,,5.8,20,1547,4.0,20,1223,2.4,2047,250,8.6,57,0239,72.4,11.4,1019.5,1023.8,1100,1020.5,1641,1022.0,12.7,11.6,1200,3.31,24.33,,,,,,0.5,0.5,17.5,2.0,14.8,14.6,14.6,14.1,13.9,13.1,12.7,13.9,16.7,3.3,4.7,,,,2022,4,14,96,1,0,0,0
184,제주,2022-04-07,13.1,10.1,2327,19.4,1130,,,,,,,9.4,290,1255,5.8,290,1645,3.6,3080,270,9.4,39,1125,79.4,11.8,1017.6,1022.0,2353,1018.5,0542,1020.1,12.8,9.9,1200,3.17,21.75,,,,,,2.1,2.1,18.0,3.2,15.5,15.5,15.4,14.6,14.3,13.2,12.8,13.2,16.4,3.2,4.6,,{박무}0006-{박무}{강도0}0300-0446. {박무}0515-{박무}{강도0}0600-0605. {박무}0714-0815. {박무}2148-2308.,,2022,4,14,97,1,0,0,0
184,제주,2022-04-08,15.1,9.7,0427,19.9,1621,,,,,,,6.3,70,1349,4.8,50,1325,2.2,1883,50,4.8,35,1059,51.1,8.7,1018.0,1022.6,0859,1018.5,1755,1020.5,12.8,12.1,1200,3.43,25.28,,,,,,0.0,0.0,18.1,1.8,15.4,15.3,15.3,14.8,14.6,13.3,12.8,13.8,16.7,4.9,7.0,,,,2022,4,14,98,1,0,0,0
184,제주,2022-04-09,17.2,12.5,0545,21.7,1349,,,,,,,7.6,70,1517,5.2,50,1520,2.6,2288,50,7.3,38,1306,52.8,10.5,1015.1,1018.9,0001,1016.1,1510,1017.5,12.8,12.0,1200,3.43,25.48,,,,,,0.0,0.0,19.8,4.2,16.3,16.0,15.9,15.1,14.9,13.5,12.9,13.7,16.7,4.8,6.9,,,,2022,4,14,99,1,0,0,0
184,제주,2022-04-10,17.4,12.4,0606,21.1,1146,,,,,,,5.4,50,1539,3.7,50,1454,2.0,1687,50,9.2,42,1151,59.0,11.7,1015.0,1018.8,0952,1016.2,2346,1017.4,12.8,8.4,1200,3.08,19.87,,,,,,6.4,0.0,19.8,5.0,16.8,16.6,16.4,15.6,15.4,13.7,13.1,13.7,16.7,3.5,5.0,,{햇무리}0810-1825.,,2022,4,14,100,1,0,0,0
184,제주,2022-04-11,19.8,16.5,0001,25.3,1412,,,,,,,5.3,320,1522,3.7,290,1703,1.7,1490,20,15.3,56,0843,76.1,17.6,1011.1,1016.5,0001,1011.7,1829,1013.6,12.9,10.6,1200,3.35,24.67,,,,,,3.8,3.3,23.4,10.0,18.7,18.3,17.6,16.3,15.8,13.9,13.2,13.5,16.6,4.0,5.7,,{박무}1827-{시정(미만)}{1km}{안개}1840-{시정(이상)}{1km}{박무}1911-2016. {박무}2110-2203.,0.52,2022,4,15,101,1,0,1,0
184,제주,2022-04-12,18.8,15.5,0440,23.3,1219,,,,,,,7.0,50,1234,5.3,50,1233,2.1,1829,50,16.4,70,1153,87.1,18.7,1009.7,1013.4,0008,1010.7,1546,1012.2,12.9,10.3,1200,3.38,24.82,,,,,,2.8,2.8,23.6,9.6,19.6,19.3,18.8,17.3,16.8,14.2,13.3,13.4,16.5,3.7,5.3,,{박무}0354-{시정(미만)}{1km}{안개}0410-{시정(이상)}{1km}{박무}0527-{박무}{강도0}0600-0707. {박무}1702-{박무}{강도0}1800-1812. {박무}1915-2000. {박무}2056-{박무}{강도0}2100-2329.,1.28,2022,4,15,102,1,0,0,0
184,제주,2022-04-13,17.9,14.5,2342,22.9,1427,0.7,2037,2.3,1953,5.13,5.7,11.5,140,1620,6.8,110,1627,3.5,2984,90,16.0,73,1428,89.5,18.3,1010.2,1015.1,2123,1010.5,1540,1012.6,12.9,4.4,1000,2.74,15.72,,,,,,8.8,7.0,22.2,12.7,19.7,19.6,19.2,18.0,17.6,14.6,13.4,13.5,16.5,2.2,3.1,12.9,{박무}0338-{시정(미만)}{1km}{안개}0501-{안개}{강도0}0600-{시정(이상)}{1km}{박무}0603-0721. {박무}0910-0951. {비}1852-{비}{강도0}2100-{비}{강도0}2400-,1.03,2022,4,15,103,1,0,0,1
184,제주,2022-04-14,14.1,12.8,0913,14.6,0849,1.1,905,2.1,824,10.32,9.0,17.1,70,0911,10.8,50,0912,4.2,3608,90,12.2,78,1933,88.9,14.2,1012.8,1018.3,2143,1012.7,0758,1015.3,13.0,0.0,1000,0.29,1.58,,,,,,9.5,7.9,15.8,12.7,17.3,17.5,18.0,17.7,17.7,15.0,13.6,14.0,16.6,0.8,1.1,1.8,-{비}-{비}{강도0}0300-{비}{강도0}0600-{비}{강도0}0900-1019.,,2022,4,15,104,1,0,0,1
184,제주,2022-04-15,14.0,11.6,2353,17.6,1510,,,,,,,10.3,320,1939,5.4,320,1936,3.0,2575,90,9.0,45,1612,72.8,11.5,1015.1,1019.5,2153,1015.8,1539,1017.6,13.0,4.5,1200,3.33,17.65,,,,,,7.9,4.0,17.3,7.7,17.1,17.2,17.2,16.8,16.9,15.2,13.8,13.9,16.6,3.1,4.5,,,,2022,4,15,105,1,0,0,0
184,제주,2022-04-16,13.6,10.6,0536,17.3,1521,,,,,,,7.3,340,1655,4.6,340,1657,2.7,2323,20,6.6,47,2359,63.5,9.8,1016.4,1020.2,1044,1017.7,1547,1018.9,13.0,10.6,1200,3.52,25.54,,,,,,5.8,1.8,17.6,5.7,17.1,17.1,17.2,16.8,16.7,15.3,14.0,13.9,16.5,4.4,6.2,,{연무}0058-0248.,,2022,4,15,106,1,0,0,0
184,제주,2022-04-17,14.3,9.6,0536,18.9,1433,,,,,,,6.5,290,1353,4.5,290,1629,2.5,2166,290,3.3,25,0853,49.0,8.1,1017.8,1021.9,1011,1018.8,1529,1020.3,13.1,11.3,1200,3.59,26.98,,,,,,2.4,0.0,18.3,1.9,16.8,16.9,17.1,16.7,16.6,15.3,14.1,13.9,16.5,4.7,6.6,,,,2022,4,15,107,1,0,0,0
184,제주,2022-04-18,15.1,12.1,0001,18.2,1621,,,,,,,4.7,50,1206,3.4,20,1253,1.9,1672,20,5.8,37,0114,54.0,9.3,1016.3,1020.3,2356,1016.9,1730,1018.8,13.1,3.9,1200,2.78,16.92,,,,,,6.9,2.0,18.6,5.4,17.3,17.1,17.3,16.9,16.7,15.4,14.3,13.9,16.5,3.2,4.6,,,,2022,4,16,108,1,0,0,0
184,제주,2022-04-19,15.6,12.3,0627,19.5,1348,,,,,,,5.5,340,1519,3.8,340,1540,2.2,1882,230,4.2,34,1346,46.8,8.3,1016.3,1020.2,0001,1017.6,0445,1018.8,13.1,11.2,1100,3.24,24.28,,,,,,4.1,4.1,20.1,5.3,17.7,17.4,17.5,17.0,16.7,15.5,14.4,13.8,16.4,4.7,6.7,,{달코로나}0250-0530.,,2022,4,16,109,1,0,0,0
184,제주,2022-04-20,15.7,11.3,0518,19.9,1230,,,,,,,5.8,320,1037,3.9,340,1038,2.1,1789,20,2.5,30,0829,41.8,7.4,1015.1,1019.7,0001,1015.9,1709,1017.6,13.2,11.2,1200,3.49,25.5,,,,,,3.0,1.5,20.5,3.2,17.8,17.5,17.6,17.2,16.9,15.5,14.4,13.9,16.4,4.5,6.4,0.7,,,2022,4,16,110,1,0,0,0
184,제주,2022-04-21,14.7,12.8,1227,18.1,1441,0.5,1219,1.8,1135,5.45,2.7,8.3,50,1451,5.4,50,1457,2.0,1758,180,8.9,43,0123,69.6,11.5,1011.9,1016.4,0004,1012.9,1804,1014.4,13.2,5.2,1300,3.04,12.84,,,,,,4.9,3.0,18.1,7.9,17.3,17.2,17.5,17.3,17.2,15.1,14.5,14.1,16.5,2.6,3.7,2.0,{비}0712-{비}{강도0}0900-{비}{강도0}1200-1239.,,2022,4,16,111,1,0,0,1
184,제주,2022-04-22,17.2,11.8,0458,22.9,1424,,,,,,,7.3,50,1528,5.2,50,1608,2.5,2199,50,11.7,51,0953,70.9,13.9,1011.0,1015.3,0133,1011.3,1558,1013.5,13.2,10.9,1200,3.33,24.79,,,,,,3.6,0.0,20.4,5.8,18.1,17.7,17.6,17.1,16.8,15.7,14.6,14.0,16.5,4.1,5.8,,,,2022,4,16,112,1,0,0,0
184,제주,2022-04-23,18.0,16.2,0800,21.5,1527,,,,,,,11.2,70,1409,7.2,70,1410,2.8,2442,50,16.3,77,1536,90.5,18.6,1009.8,1014.1,0015,1010.0,1507,1012.2,13.3,0.2,1200,2.03,9.71,,,,,,9.8,8.1,20.5,14.5,19.0,18.8,18.6,17.9,17.4,15.8,14.7,14.1,16.5,1.5,2.2,,{박무}0513-0548. {박무}0735-{박무}{강도0}0900-1045. {박무}1834-{박무}{강도0}2100-{박무}{강도2}2400-,,2022,4,16,113,1,0,0,0
184,제주,2022-04-24,17.7,15.4,0723,21.5,1700,,,,,,,7.8,50,1233,4.9,50,1235,1.9,1648,50,16.3,73,1656,92.1,18.5,1010.0,1014.0,2243,1010.9,1544,1012.4,13.3,6.9,1200,3.39,20.71,,,,,,5.5,4.4,23.0,12.9,20.3,19.9,19.3,18.3,17.8,15.9,14.8,14.0,16.4,3.2,4.5,,-{안개}-{시정(미만)}{1km}{안개}0245-{시정(미만)}{0.5km}{안개}0249-{안개}{강도0}0300-{시정(이상)}{0.5km}{안개}0301-{시정(이상)}{1km}{박무}0324-{시정(미만)}{1km}{안개}0350-{시정(미만)}{0.5km}{안개}0401-{시정(미만)}{0.2km}{안개}0535-{시정(미만)}{0.1km}{안개}0549-{안개}{강도2}0600-{시정(이상)}{0.1km}{안개}0604-{시정(이상)}{0.2km}{안개}0726-{시정(이상)}{0.5km}{안개}0741-{시정(이상)}{1km}{박무}0747-{박무}{강도0}0900-0945. {박무}1850-2011. {박무}2035-{박무}{강도0}2100-2136. {박무}2246-{박무}{강도0}2400-,4.6,2022,4,16,114,1,0,0,0
184,제주,2022-04-25,21.2,14.6,0557,26.7,1340,4.7,2251,9.2,2216,5.12,14.8,19.5,230,2205,9.8,230,2229,2.7,2315,20,17.6,54,1341,81.9,20.4,1007.1,1013.6,0806,1003.9,2320,1009.5,13.3,7.6,1200,3.12,20.21,,,,,,7.1,3.3,23.8,10.3,20.8,20.4,19.9,19.0,18.5,16.2,14.9,14.1,16.4,3.6,5.2,25.8,-{박무}-0108. {박무}0251-{박무}{강도0}0300-0503. {햇무리}1115-1240. {비}1853-{비}{강도1}2100-{비}{강도0}2400-,,2022,4,17,115,1,0,1,1
184,제주,2022-04-26,19.3,14.5,2024,24.3,0001,2.7,1454,6.9,1451,13.33,25.8,20.1,250,0733,10.0,250,0140,5.5,4760,250,17.9,77,2339,92.1,20.7,1002.3,1010.6,2331,1001.2,0642,1004.8,13.4,0.0,0700,0.28,1.55,,,,,,9.6,7.0,20.4,13.0,20.7,20.7,20.6,19.9,19.6,16.6,15.1,14.3,15.8,0.9,1.2,14.8,-{비}-{비}{강도0}0300-{비}{강도0}0600-0720. {비}0902-1020. {박무}1041-{박무}{강도0}1200-1402. {비}1153-{비}{강도0}1200-{비}{강도1}1500-1635. {박무}1730-{박무}{강도0}1800-{박무}{강도1}2100-2153.,,2022,4,17,116,1,0,0,1
184,제주,2022-04-27,17.1,14.0,0526,22.3,1035,,,,,,,10.5,50,1641,5.9,70,1648,3.0,2620,50,11.6,27,1006,71.9,13.7,1012.7,1018.4,2141,1010.5,0001,1015.1,13.4,10.1,1200,3.52,24.54,,,,,,6.0,0.0,20.3,11.8,19.9,19.9,19.8,19.3,19.1,17.1,15.4,14.2,16.2,4.0,5.7,,{박무}0415-0534. {햇무리}1430-1645.,,2022,4,17,117,1,0,0,0
184,제주,2022-04-28,17.5,14.5,0416,20.3,1451,,,,,,,14.6,70,1515,8.9,70,1532,4.3,3704,70,13.6,58,0905,78.9,15.6,1012.7,1018.1,0035,1012.2,2345,1015.1,13.4,8.7,1200,3.53,22.5,,,,,,6.0,4.6,21.1,10.8,19.8,19.8,19.8,19.4,19.1,17.2,15.5,14.3,16.3,3.1,4.4,25.9,,,2022,4,17,118,1,0,0,0
184,제주,2022-04-29,13.6,11.7,0530,17.6,0021,2.9,352,7.3,313,8.18,26.0,14.8,50,0334,8.2,70,0421,3.7,3217,70,11.7,78,1144,88.6,13.7,1013.0,1020.0,2208,1010.4,0329,1015.5,13.5,0.0,1100,1.68,6.23,,,,,,9.4,7.9,16.5,11.0,17.9,18.1,18.8,19.0,19.0,17.4,15.6,14.4,16.2,1.3,1.9,0.1,{비}0040-{비}{강도1}0300-{비}{강도1}0600-0749. {박무}1945-2016. {비}1950-2052.,,2022,4,17,119,1,0,0,1
184,제주,2022-04-30,15.1,13.3,0509,17.8,1332,,,,,,,9.0,50,1129,6.5,50,1236,3.1,2678,110,10.1,58,1659,72.9,12.4,1016.4,1020.6,0815,1017.0,1747,1018.9,13.5,6.0,1300,3.65,22.93,,,,,,7.9,5.1,19.1,12.1,18.6,18.6,18.6,18.3,18.2,17.4,15.9,14.4,16.3,3.9,5.5,,,,2022,4,17,120,1,0,0,0
184,제주,2022-05-01,14.8,12.2,0600,18.3,1611,,,,,,,8.1,320,1721,4.9,290,1540,3.2,2761,320,6.7,38,1718,59.9,9.9,1014.5,1018.2,0003,1015.6,1623,1017.0,13.5,11.2,1200,3.63,26.95,,,,,,7.3,2.1,20.5,7.7,19.0,19.1,19.2,18.8,18.3,17.3,16.0,14.5,16.1,5.2,7.4,,,,2022,5,17,121,1,0,0,0
184,제주,2022-05-02,16.7,13.2,0001,20.3,1323,,,,,,,12.7,270,0938,7.3,270,0943,4.2,3670,320,6.2,25,0119,52.0,10.2,1013.9,1019.6,2351,1014.5,1500,1016.3,13.5,11.9,1100,3.15,24.36,,,,,,1.6,0.5,20.4,6.0,18.6,18.6,18.9,18.8,18.4,17.3,16.0,14.9,15.9,4.5,6.5,,,,2022,5,18,122,1,0,0,0
184,제주,2022-05-03,14.8,9.5,0541,18.8,1453,,,,,,,6.4,50,1105,4.7,50,1153,2.5,2196,20,6.2,43,0103,56.9,9.8,1018.7,1022.4,1257,1019.4,0003,1021.2,13.6,12.7,1200,3.49,27.25,,,,,,0.0,0.0,21.3,2.8,18.8,18.6,19.0,18.7,18.4,17.3,16.1,14.6,16.2,4.7,6.7,,,,2022,5,18,123,1,0,0,0
184,제주,2022-05-04,16.6,11.3,0600,20.7,1115,,,,,,,7.1,50,1503,4.5,50,1444,2.5,2171,50,9.0,38,0116,62.1,12.1,1018.4,1022.3,1100,1019.7,1717,1020.9,13.6,12.7,1200,3.54,27.61,,,,,,0.0,0.0,22.7,3.3,19.5,19.2,19.4,19.0,18.6,17.3,16.1,14.6,16.2,4.6,6.5,,,,2022,5,18,124,1,0,0,0
184,제주,2022-05-05,20.7,13.2,0541,27.5,1503,,,,,,,11.3,50,1104,7.4,50,1109,2.8,2408,160,12.5,45,1343,60.3,14.8,1016.2,1020.9,0001,1016.4,1818,1018.6,13.6,12.3,1100,3.34,26.66,,,,,,0.6,0.6,24.9,6.3,20.7,20.3,20.2,19.5,19.0,17.4,16.1,14.7,16.2,5.2,7.4,,,,2022,5,18,125,1,0,1,0
184,제주,2022-05-06,20.5,16.5,0609,24.6,1017,,,,,,,12.0,50,1250,7.7,50,1419,3.1,2649,50,15.7,60,0853,74.8,18.1,1013.7,1017.5,0001,1014.8,1539,1016.1,13.7,11.2,1100,3.39,25.21,,,,,,1.0,1.0,25.7,11.2,21.5,21.3,21.2,20.3,19.8,17.6,16.2,14.8,16.1,4.0,5.7,,,,2022,5,18,126,1,0,0,0
184,제주,2022-05-07,19.3,15.9,2344,23.6,1557,,,,,,,6.7,290,1721,4.6,290,1728,2.3,1960,290,14.4,60,2332,73.9,16.6,1015.6,1019.7,2153,1016.2,0141,1018.0,13.7,8.4,1000,3.0,20.43,,,,,,2.5,2.5,24.4,10.9,21.6,21.4,21.5,20.8,20.4,17.8,16.3,14.9,16.1,3.5,5.0,,,,2022,5,18,127,1,0,0,0
184,제주,2022-05-08,18.5,14.7,0312,22.4,1139,,,,,,,10.7,90,1119,6.1,70,1739,3.5,2996,90,14.1,55,0127,76.3,16.2,1015.2,1019.8,0100,1015.8,1605,1017.6,13.7,5.5,1100,2.9,20.02,,,,,,6.3,5.9,24.2,9.2,21.4,21.4,21.3,20.8,20.5,18.1,16.4,14.9,16.2,3.3,4.7,,,,2022,5,18,128,1,0,0,0
184,제주,2022-05-09,17.6,15.7,2357,19.8,1303,,,,,,,11.8,50,1130,7.1,70,1134,3.7,3154,70,12.2,57,1059,71.9,14.3,1014.8,1018.3,0953,1016.0,0226,1017.3,13.7,8.1,1200,3.3,21.45,,,,,,6.8,3.6,24.2,11.7,21.5,21.6,21.6,20.9,20.7,18.2,16.5,14.9,16.1,3.9,5.6,,,,2022,5,19,129,1,0,0,0
184,제주,2022-05-10,17.8,15.3,0227,19.9,1241,0.1,,0.2,,1.03,0.2,12.3,70,1417,7.5,70,1441,3.8,3291,90,14.4,74,0642,81.0,16.5,1013.3,1017.5,0820,1014.1,1537,1015.8,13.8,2.5,1300,2.93,13.78,,,,,,9.1,5.3,22.8,11.9,20.7,20.9,21.1,20.8,20.7,18.4,16.6,15.0,16.2,2.3,3.2,0.2,{비}2005-2030. {비}2123-2200.,,2022,5,19,130,1,0,0,1
184,제주,2022-05-11,18.7,17.6,1425,20.8,1129,0.0,,0.0,,2.25,0.0,10.1,70,1324,5.6,70,1228,3.3,2882,70,17.4,84,0053,92.5,19.9,1012.1,1015.4,1011,1013.6,1823,1014.5,13.8,0.0,1100,1.45,5.87,,,,,,9.4,6.9,21.1,17.1,20.6,20.8,20.9,20.6,20.6,18.5,16.7,14.9,16.2,1.3,1.9,0.0,{비}0515-0525. {안개비}0842-{안개비}{강도0}0900-0938. {박무}1436-1457. {박무}1515-{박무}{강도0}1800-{박무}{강도0}2100-2335. {안개비}1523-1632.,,2022,5,19,131,1,0,0,0
184,제주,2022-05-12,19.1,17.3,0336,22.2,0945,,,,,,,8.3,70,1021,5.8,50,1046,2.9,2493,50,17.3,69,0921,89.6,19.7,1008.9,1013.8,0001,1009.7,1756,1011.3,13.8,1.8,0900,2.24,11.63,,,,,,9.0,6.5,23.1,16.4,21.0,21.0,20.9,20.5,20.3,18.6,16.9,15.0,16.2,1.5,2.2,1.3,{박무}0225-{박무}{강도0}0300-0308. {박무}1255-1453. {박무}1508-1645. {박무}1814-1831. {박무}1946-{박무}{강도0}2100-{시정(미만)}{1km}{안개}2343-{안개}{강도0}2400-,0.28,2022,5,19,132,1,0,0,0
184,제주,2022-05-13,16.9,14.8,1720,18.8,1245,1.3,1608,3.3,1650,8.55,8.9,13.7,20,1622,8.3,20,1626,2.7,2310,70,16.1,83,2250,95.5,18.4,1006.7,1011.7,2346,1007.0,1401,1009.1,13.9,0.0,1300,0.64,2.41,,,,,,8.5,7.0,20.1,11.6,20.4,20.6,20.7,20.5,20.5,18.7,17.0,15.0,16.2,1.1,1.6,7.6,-{안개}-{시정(미만)}{0.5km}{안개}0003-{시정(이상)}{0.5km}{안개}0020-{시정(미만)}{0.5km}{안개}0115-{시정(이상)}{0.5km}{안개}0125-{시정(이상)}{1km}{박무}0135-{박무}{강도1}0300-{박무}{강도1}0600-{박무}{강도1}0900-{박무}{강도0}1200-{박무}{강도0}1500-{박무}{강도1}1800-1927. {비}0733-{비}{강도0}0900-{비}{강도0}1200-1243. {비}1325-1337. {비}1542-{비}{강도0}1800-1853.,1.58,2022,5,19,133,1,0,0,1
184,제주,2022-05-14,16.6,13.2,0621,21.3,1354,,,,,,,8.5,290,1446,5.4,290,1623,2.9,2473,290,8.8,32,1323,61.6,11.4,1012.8,1017.8,2219,1011.7,0001,1015.2,13.9,10.2,1100,3.56,25.95,,,,,,4.5,3.1,20.3,7.9,19.9,20.0,20.1,19.9,19.7,18.7,17.1,15.3,16.1,4.6,6.6,,,,2022,5,19,134,1,0,0,0
184,제주,2022-05-15,16.3,14.4,0534,19.7,1342,,,,,,,9.2,320,1742,5.5,340,1746,3.1,2644,320,7.3,44,0010,55.5,10.3,1013.7,1017.8,0806,1014.0,1724,1016.1,13.9,6.7,1400,2.61,20.5,,,,,,8.9,2.4,20.0,11.7,19.8,19.9,20.2,20.0,19.7,18.7,17.2,15.5,16.1,4.2,6.0,,,,2022,5,19,135,1,0,0,0
184,제주,2022-05-16,18.0,13.4,0500,22.0,1418,,,,,,,7.0,290,1608,4.9,290,1633,2.7,2353,250,6.1,29,0943,47.4,9.7,1012.2,1015.9,0003,1013.0,1817,1014.7,13.9,11.3,1200,3.51,24.96,,,,,,6.0,0.4,22.6,9.6,20.1,20.1,20.2,20.0,19.6,18.6,17.3,15.4,16.1,5.5,7.8,,,,2022,5,20,136,1,0,0,0
184,제주,2022-05-17,21.0,14.7,0535,26.5,1514,,,,,,,9.6,320,1536,5.9,290,1253,3.2,2735,290,8.0,29,1505,44.0,10.8,1013.5,1018.0,2350,1014.3,0311,1016.0,13.9,12.9,1200,3.5,27.67,,,,,,0.3,0.3,25.0,7.6,20.9,20.8,20.8,20.4,19.9,18.6,17.3,15.7,16.0,7.0,10.0,,,,2022,5,20,137,1,0,1,0
184,제주,2022-05-18,21.6,16.7,0540,25.8,1235,,,,,,,8.1,320,1126,5.1,290,1131,2.7,2359,180,6.3,25,0849,38.3,9.8,1017.0,1020.7,2139,1017.8,0110,1019.5,14.0,12.8,1200,3.45,27.28,,,,,,1.8,0.1,26.2,9.1,21.7,21.5,21.5,21.0,20.5,18.6,17.3,15.7,16.0,6.0,8.6,,,,2022,5,20,138,1,0,1,0
184,제주,2022-05-19,20.6,17.7,0239,23.7,1425,,,,,,,6.1,70,1105,4.5,50,1102,2.0,1753,50,9.0,31,0911,48.6,11.7,1016.4,1020.8,0918,1016.8,2330,1018.8,14.0,2.0,1000,1.94,14.63,,,,,,8.9,3.1,24.0,12.4,21.5,21.4,21.7,21.4,21.1,18.8,17.4,15.8,16.1,3.5,5.0,,{햇무리}1145-1240.,,2022,5,20,139,1,0,0,0
184,제주,2022-05-20,20.9,18.3,2335,23.3,1317,,,,,,,8.4,160,1722,4.8,50,1243,2.4,2038,250,15.4,43,1729,71.9,17.8,1011.6,1016.8,0001,1011.6,1753,1014.0,14.0,0.6,1100,1.8,11.8,,,,,,8.3,4.0,23.4,14.8,21.6,21.5,21.6,21.3,21.1,19.0,17.4,15.9,16.1,2.6,3.6,,,,2022,5,20,140,1,0,0,0
184,제주,2022-05-21,20.4,16.3,0515,24.9,1532,,,,,,,7.4,270,1606,4.8,320,1542,2.6,2211,290,14.6,56,1259,70.0,16.7,1008.7,1012.8,0001,1009.7,1935,1011.1,14.0,13.1,1200,3.51,27.89,,,,,,0.1,0.1,26.9,12.5,22.7,22.5,22.2,21.5,21.1,19.1,17.5,15.9,16.0,4.8,6.9,,,,2022,5,20,141,1,0,0,0
184,제주,2022-05-22,21.4,15.1,0328,26.2,1135,,,,,,,8.7,270,1612,5.9,270,1618,3.0,2579,290,12.3,38,1124,60.0,14.5,1008.5,1012.1,2209,1009.9,1617,1010.9,14.1,13.0,1200,3.57,28.5,,,,,,1.9,0.0,27.7,11.4,23.1,23.1,23.0,22.2,21.6,19.3,17.6,16.2,16.0,6.4,9.1,,{박무}0118-0214.,,2022,5,20,142,1,0,1,0
184,제주,2022-05-23,22.4,19.8,0520,26.6,1411,,,,,,,8.4,290,1838,5.5,270,1751,2.7,2362,250,11.4,39,1037,50.0,13.6,1011.7,1016.4,2222,1011.5,0105,1014.1,14.1,7.5,1100,3.12,21.35,,,,,,7.8,3.1,27.0,14.3,23.3,23.3,23.3,22.6,22.2,19.5,17.7,16.3,16.1,4.9,7.1,,,,2022,5,21,143,1,0,1,0
184,제주,2022-05-24,21.5,18.0,0452,25.1,1533,,,,,,,6.0,290,1649,4.2,290,1649,2.2,1911,20,13.5,41,1112,61.6,15.7,1012.0,1016.4,0001,1012.8,1758,1014.4,14.1,11.8,1200,3.58,26.5,,,,,,3.4,2.6,28.5,12.0,23.8,23.7,23.6,22.8,22.4,19.7,17.8,16.2,16.1,4.7,6.7,,,,2022,5,21,144,1,0,1,0
184,제주,2022-05-25,21.2,18.2,0528,24.7,1512,,,,,,,6.2,340,1450,4.1,340,1457,2.4,2051,270,15.7,58,1509,71.4,17.9,1008.2,1013.1,0001,1008.2,1633,1010.6,14.1,12.3,1200,3.34,25.71,,,,,,3.8,1.6,28.8,15.0,24.4,24.3,24.2,23.4,22.9,19.9,17.9,16.2,16.1,4.2,6.1,,,,2022,5,21,145,1,0,0,0
184,제주,2022-05-26,19.5,17.3,2342,22.7,1331,,,,,,,8.4,270,1722,5.7,290,1714,3.0,2599,270,13.2,47,1333,67.8,15.3,1004.8,1010.1,0001,1005.7,1758,1007.2,14.1,5.3,1400,2.97,17.79,,,,,,6.3,3.1,25.9,12.8,23.3,23.5,23.8,23.5,23.2,20.2,18.0,16.4,16.1,4.7,6.7,,,,2022,5,21,146,1,0,0,0
184,제주,2022-05-27,23.2,16.5,0214,29.0,1300,,,,,,,10.6,270,0841,6.8,270,0850,4.3,3727,270,7.4,20,1230,37.6,10.5,1003.6,1007.6,2333,1004.9,1709,1006.0,14.1,13.4,1200,3.61,28.75,,,,,,1.5,0.0,27.7,10.4,23.1,23.4,23.4,23.1,22.8,20.4,18.1,16.8,16.2,8.6,12.2,,,,2022,5,21,147,1,0,1,0
184,제주,2022-05-28,21.9,19.3,2317,24.8,0826,,,,,,,8.3,50,1301,5.6,50,1302,3.0,2590,50,12.8,27,0538,60.8,15.7,1005.5,1009.1,2304,1006.3,0353,1007.9,14.2,5.2,1200,2.66,19.06,,,,,,7.8,3.5,27.1,14.3,23.5,23.6,23.8,23.4,23.1,20.5,18.3,16.4,16.1,3.4,4.9,,{햇무리}0810-1245. {박무}2237-2304.,,2022,5,21,148,1,0,0,0
184,제주,2022-05-29,21.1,18.0,0550,24.0,0946,0.0,,0.0,,0.22,0.0,11.5,90,1953,6.3,90,1958,2.6,2288,90,16.5,57,1411,76.0,18.9,1002.1,1009.0,0001,1001.4,1958,1004.5,14.2,2.6,0900,2.15,12.27,,,,,,8.1,5.6,25.0,13.5,22.9,23.1,23.4,23.3,23.1,20.6,18.4,16.7,16.1,2.2,3.1,0.0,{비}1715-1728.,,2022,5,21,149,1,0,0,0
184,제주,2022-05-30,20.3,18.8,0935,23.3,1630,0.0,,0.0,,2.17,0.0,7.5,250,0532,5.1,290,2052,3.2,2784,290,18.3,73,1631,88.5,21.0,1001.0,1007.7,2357,1000.6,0240,1003.4,14.2,2.5,1300,2.66,12.47,,,,,,9.1,7.6,25.7,18.7,23.3,23.4,23.5,23.1,23.0,20.7,18.6,16.5,16.2,2.7,3.8,0.0,{안개비}0830-{안개비}{강도0}0900-1040.,,2022,5,22,150,1,0,0,0
184,제주,2022-05-31,20.9,17.6,0515,24.7,1355,,,,,,,6.9,290,0318,3.9,290,0131,2.1,1831,20,12.7,40,0809,59.9,14.8,1007.4,1011.5,1034,1007.4,0057,1009.8,14.2,11.7,1300,3.48,26.78,,,,,,6.9,0.6,28.0,10.5,24.1,24.0,23.8,23.3,22.9,20.8,18.7,16.6,16.2,4.4,6.3,,,,2022,5,22,151,1,0,0,0
184,제주,2022-06-01,21.0,18.2,0529,24.9,1426,,,,,,,5.5,20,1424,4.3,360,1427,1.9,1660,20,14.8,48,1129,69.0,17.0,1005.0,1010.0,0001,1005.7,1616,1007.4,14.2,7.2,1200,3.59,23.5,,,,,,6.8,3.1,28.2,14.9,24.5,24.5,24.5,23.8,23.3,20.9,18.8,16.8,16.2,4.3,6.2,,,,2022,6,22,152,0,0,0,0
184,제주,2022-06-02,21.7,17.8,0243,25.5,1428,,,,,,,6.2,270,1701,4.3,340,1608,2.3,1989,340,17.5,66,0120,77.8,20.1,1006.5,1010.3,2334,1007.4,0010,1008.9,14.2,9.3,1200,3.45,25.92,,,,,,5.1,5.1,28.9,14.0,25.0,25.0,24.9,24.2,23.6,21.0,18.9,16.8,16.2,4.4,6.2,,,,2022,6,22,153,0,0,1,0
184,제주,2022-06-03,21.2,18.6,0433,23.5,1428,,,,,,,7.2,70,1555,5.3,50,1559,2.4,2037,50,18.1,75,1246,83.4,20.9,1008.1,1011.8,2349,1009.0,0324,1010.5,14.3,11.7,1200,3.42,27.24,,,,,,3.4,1.3,29.9,15.4,25.7,25.7,25.7,24.8,24.1,21.2,19.0,16.7,16.2,4.1,5.9,,{박무}2111-2246.,,2022,6,22,154,0,0,0,0
184,제주,2022-06-04,23.5,19.8,0122,26.6,1216,0.0,,0.0,,1.4,0.0,14.5,90,1519,7.5,90,1218,4.5,3861,110,17.5,54,2130,70.3,20.1,1006.1,1011.9,0514,1005.7,2358,1008.5,14.3,7.1,1200,3.26,20.8,,,,,,6.8,2.8,28.3,17.0,25.2,25.5,25.6,25.0,24.5,21.4,19.0,16.6,16.2,4.2,6.0,29.0,{박무}0035-0121. {비}2236-{비}{강도0}2400-,,2022,6,22,155,0,0,1,0
184,제주,2022-06-05,19.1,17.3,1948,23.0,0001,4.5,437,13.0,405,19.63,45.0,15.7,110,0635,9.0,90,0640,4.5,3914,90,18.1,66,0005,94.5,20.9,996.8,1005.6,0001,995.9,1549,999.2,14.3,0.0,1100,0.74,3.61,,,,,,10.0,7.6,21.6,17.2,22.6,23.1,23.9,24.3,24.4,21.8,19.2,16.4,16.3,0.8,1.2,16.8,-{비}-{비}{강도0}0300-{비}{강도1}0600-0745. {비}0841-{비}{강도0}0900-{비}{강도0}1200-{비}{강도0}1500-1546. {박무}1007-1118. {비}1642-{비}{강도1}1800-{비}{강도0}2100-2130. {박무}1653-{박무}{강도0}1800-2024.,,2022,6,22,156,0,0,0,1
184,제주,2022-06-06,20.3,17.9,0527,24.1,1436,0.7,839,0.8,822,0.88,0.8,8.1,320,1524,5.6,290,1533,2.7,2370,290,17.9,70,1323,86.5,20.4,999.7,1005.8,2348,998.9,0509,1002.1,14.3,7.2,1200,3.58,21.81,,,,,,6.5,5.3,23.5,15.6,23.1,23.4,23.3,23.1,23.1,21.9,19.5,17.0,16.2,3.7,5.2,,{안개비}0245-{안개비}{강도0}0300-0305. {박무}0813-{박무}{강도0}0900-0902. {비}0822-0855.,,2022,6,23,157,0,0,0,1
184,제주,2022-06-07,20.7,17.9,0411,25.6,1605,0.7,1902,0.7,1830,1.52,0.7,8.0,50,1545,4.8,20,1547,2.1,1779,20,17.9,67,1533,84.5,20.5,1004.5,1009.5,2334,1004.7,0237,1006.9,14.3,2.3,1400,2.41,13.03,,,,,,7.1,5.6,23.8,15.9,23.5,23.5,23.6,23.5,23.1,21.8,19.7,17.4,16.3,2.5,3.5,0.7,{비}1309-1345. {비}1830-1925.,,2022,6,23,158,0,0,1,1
184,제주,2022-06-08,21.4,18.9,0527,25.3,1319,,,,,,,11.1,90,1003,5.5,110,1108,3.5,3051,90,16.8,60,1305,76.3,19.2,1008.9,1013.7,2233,1009.1,0042,1011.3,14.3,10.5,1200,3.55,27.2,,,,,,4.0,3.1,26.6,17.2,24.6,24.5,24.2,23.6,23.0,21.7,19.8,17.1,16.2,4.8,6.9,,,,2022,6,23,159,0,0,1,0
184,제주,2022-06-09,21.4,18.6,0537,25.5,1141,,,,,,,12.0,70,1245,7.4,70,1406,3.8,3301,90,17.1,60,1113,77.3,19.5,1010.7,1014.2,2230,1011.8,1805,1013.1,14.3,11.9,1200,3.45,27.04,,,,,,4.5,1.1,26.9,16.9,24.5,24.5,24.5,24.0,23.4,21.7,19.8,17.0,16.3,4.5,6.4,,,,2022,6,23,160,0,0,1,0
184,제주,2022-06-10,23.0,18.2,0516,27.4,1112,,,,,,,7.7,110,0841,4.5,70,0938,1.8,1522,50,17.7,52,1045,72.8,20.4,1010.5,1014.0,0721,1012.0,1717,1012.9,14.3,2.5,1000,1.8,13.25,,,,,,8.8,3.0,25.7,15.3,24.2,24.2,24.4,24.1,23.7,21.8,19.8,17.2,16.3,2.6,3.6,0.4,{햇무리}0745-1135.,,2022,6,23,161,0,0,1,0
184,제주,2022-06-11,21.6,20.0,0630,24.1,1445,0.2,,0.4,532,4.42,0.4,9.4,70,1700,6.1,50,1700,2.9,2504,50,18.6,71,1226,83.5,21.4,1009.5,1013.2,0001,1010.8,1638,1011.9,14.4,4.8,1200,3.46,19.92,,,,,,6.5,4.0,27.3,18.3,24.7,24.6,24.6,24.2,23.8,21.9,20.0,17.5,16.3,3.5,5.0,,{비}0030-0045. {박무}0102-0120. {비}0240-{비}{강도0}0300-{비}{강도0}0600-0650.,,2022,6,23,162,0,0,0,1
184,제주,2022-06-12,22.0,19.5,0534,25.9,1415,,,,,,,11.0,90,0913,5.5,90,0921,3.5,3036,90,17.7,58,1343,77.4,20.3,1010.0,1014.1,0836,1011.2,1736,1012.4,14.4,8.2,1300,3.23,20.56,,,,,,7.5,1.9,27.5,17.8,24.9,24.9,24.8,24.4,24.0,21.9,20.0,17.3,16.3,3.6,5.1,5.7,,,2022,6,23,163,0,0,1,0
184,제주,2022-06-13,20.6,19.4,2300,22.2,1120,1.0,1204,2.8,645,12.73,11.6,10.8,110,0423,5.7,110,1753,3.7,3163,90,18.6,73,1636,88.9,21.5,1005.0,1011.2,0001,1005.4,1751,1007.4,14.4,0.0,1100,0.77,4.66,,,,,,9.9,7.5,22.7,19.3,23.4,23.7,24.2,24.2,24.1,22.0,20.0,17.1,16.3,1.1,1.6,13.3,{비}0435-{비}{강도0}0600-{비}{강도0}0900-1050. {비}1130-{비}{강도0}1200-1325. {박무}1131-{박무}{강도1}1200-1322. {비}1352-{비}{강도0}1500-1508. {비}2042-{비}{강도0}2100-{비}{강도0}2400- {박무}2115-{박무}{강도0}2400-,,2022,6,24,164,0,0,0,1
184,제주,2022-06-14,19.0,18.7,0235,19.6,1538,0.5,22,1.6,1321,18.87,13.6,12.7,70,0801,6.2,90,0002,3.9,3403,70,18.6,96,2255,98.3,21.5,1004.4,1007.9,2150,1005.2,0428,1006.8,14.4,0.0,1100,0.43,2.65,,,,,,9.9,7.6,21.2,18.6,22.1,22.4,22.8,23.1,23.3,22.1,20.0,17.0,16.4,0.9,1.3,6.2,-{비}-0245. -{박무}-{박무}{강도0}0300-{박무}{강도1}0600-{박무}{강도1}0900-{박무}{강도1}1500-{박무}{강도1}1800-1844. {비}0313-{비}{강도0}0600-{비}{강도0}0900-{비}{강도0}1500-{비}{강도0}1800-1920.,,2022,6,24,165,0,0,0,1
184,제주,2022-06-15,23.0,17.9,0528,29.0,1609,,,,,,,9.8,270,1510,5.6,270,1513,2.4,2063,290,19.3,49,1750,81.1,22.4,1006.0,1009.8,2236,1007.3,0105,1008.4,14.4,10.5,1300,3.11,24.44,,,,,,4.1,2.9,25.1,15.8,23.6,23.5,23.1,22.7,22.5,22.0,20.2,17.4,16.3,4.4,6.3,,{박무}1944-{박무}{강도0}2100-{박무}{강도0}2400-,,2022,6,24,166,0,0,1,0
184,제주,2022-06-16,22.3,19.4,0517,25.7,1436,,,,,,,8.4,290,1025,5.5,290,1038,2.3,1949,50,19.7,69,1433,85.8,22.9,1007.3,1011.2,1136,1008.3,1856,1009.7,14.4,7.4,1000,2.81,21.94,,,,,,4.8,4.8,26.0,16.9,24.7,24.5,24.4,23.7,23.0,21.8,20.3,18.1,16.4,3.2,4.6,,-{박무}-{박무}{강도0}0300-{박무}{강도0}0600-{박무}{강도0}0900-1015. {박무}1655-{박무}{강도0}1800-{박무}{강도0}2100-{박무}{강도0}2400-,,2022,6,24,167,0,0,1,0
184,제주,2022-06-17,22.5,20.2,0552,26.0,1251,,,,,,,10.3,70,1416,6.5,50,1041,2.6,2251,50,20.5,73,1251,89.1,24.1,1006.5,1011.0,1122,1007.3,1710,1008.9,14.4,7.4,1200,3.49,23.19,,,,,,4.9,4.8,27.7,19.4,25.7,25.5,25.1,24.3,23.5,21.9,20.3,17.7,16.4,4.0,5.7,0.0,-{박무}-{박무}{강도0}0300-{박무}{강도1}0600-{박무}{강도0}0900-0915.,,2022,6,24,168,0,0,1,0
184,제주,2022-06-18,23.9,21.7,2353,26.9,1226,0.0,,0.0,,0.08,0.0,8.0,70,1515,6.2,50,1507,2.6,2235,50,21.2,72,1222,85.4,25.1,1006.4,1010.0,2357,1007.7,1840,1008.8,14.4,11.8,1300,3.32,27.19,,,,,,3.0,2.6,30.8,21.0,27.0,26.7,26.3,25.2,24.3,22.0,20.3,17.9,16.3,4.3,6.1,,{비}0425-0430.,,2022,6,24,169,0,0,1,0
184,제주,2022-06-19,25.1,21.5,0027,30.5,1354,,,,,,,6.2,290,1349,4.4,290,1419,2.1,1829,320,21.8,65,1355,83.3,26.2,1005.3,1010.1,0015,1005.9,1648,1007.6,14.4,8.6,1100,3.23,24.47,,,,,,7.3,5.1,31.5,20.9,27.5,27.4,27.0,26.0,25.1,22.3,20.4,18.3,16.4,4.2,6.1,,{박무}2328-{박무}{강도0}2400-,,2022,6,24,170,0,0,1,0
184,제주,2022-06-20,23.7,21.3,0610,27.4,1624,,,,,,,8.3,50,1334,5.7,50,1234,2.7,2319,50,21.5,71,1624,88.3,25.6,1002.3,1007.1,0002,1003.0,2327,1004.7,14.4,1.5,1300,1.67,14.29,,,,,,8.3,5.3,28.8,21.3,26.8,26.9,27.0,26.4,25.8,22.6,20.5,17.8,16.4,2.3,3.3,0.1,-{박무}-{박무}{강도0}0300-0451. {박무}0509-{박무}{강도1}0600-{시정(미만)}{1km}{안개}0603-{시정(미만)}{0.5km}{안개}0605-{시정(이상)}{0.5km}{안개}0624-{시정(이상)}{1km}{박무}0632-0713.,0.48,2022,6,25,171,0,0,1,0
184,제주,2022-06-21,24.0,21.5,0651,27.3,1518,0.1,,0.1,,1.15,0.1,8.4,90,0458,5.3,50,1046,3.5,2992,70,22.0,73,1521,89.5,26.4,1002.1,1008.2,2320,1001.4,0212,1004.5,14.4,7.5,1300,3.42,22.57,,,,,,6.1,5.4,30.0,21.4,27.1,27.2,26.8,26.2,25.7,22.9,20.6,17.8,16.4,3.9,5.6,,{박무}0104-0238. {비}0129-0211. {박무}0320-0333. {비}0322-0332. {박무}0441-0554. {비}0511-0528. {박무}0641-0804. {박무}2251-{박무}{강도0}2400-,,2022,6,25,172,0,0,1,1
184,제주,2022-06-22,23.7,20.7,0651,26.8,1141,,,,,,,9.3,50,1517,6.4,50,1517,2.5,2152,50,21.7,76,1045,89.1,26.0,1005.9,1009.5,1025,1007.6,0316,1008.3,14.4,10.9,1200,3.47,27.39,,,,,,2.0,1.8,31.7,20.6,27.6,27.8,27.5,26.7,26.0,23.1,20.7,18.3,16.4,4.5,6.4,,-{박무}-0121. {박무}0207-{박무}{강도0}0300-{박무}{강도0}0600-{시정(미만)}{1km}{안개}0721-{시정(미만)}{0.5km}{안개}0730-{시정(이상)}{0.5km}{안개}0747-{시정(이상)}{1km}{박무}0754-{박무}{강도0}0900-0905.,0.55,2022,6,25,173,0,0,1,0
184,제주,2022-06-23,28.7,23.0,0354,33.4,1148,,,,,,,17.5,230,1429,9.8,250,1524,5.1,4391,230,23.0,58,1149,72.6,28.1,1001.5,1007.9,0001,1000.5,2357,1003.8,14.4,10.1,1200,3.47,26.11,,,,,,6.4,2.6,33.5,22.8,28.4,28.5,28.3,27.4,26.6,23.4,20.9,18.5,16.5,6.7,9.6,59.6,{박무}0353-{시정(미만)}{1km}{안개}0422-{시정(이상)}{1km}{박무}0442-{박무}{강도0}0600-0641.,0.33,2022,6,25,174,0,0,1,0
184,제주,2022-06-24,26.1,23.8,0302,29.5,1629,7.2,256,21.4,252,12.05,71.4,22.3,250,0114,11.7,250,0127,6.0,5158,250,23.8,68,0102,87.8,29.4,1000.3,1005.2,2215,999.9,0104,1002.7,14.4,4.1,1400,2.35,11.46,,,,,,7.1,4.0,26.8,23.1,26.4,26.7,27.3,27.6,27.6,24.3,21.5,19.5,17.2,2.8,4.0,11.8,{비}0037-{비}{강도2}0300-{비}{강도0}0600-{비}{강도1}0900-{비}{강도0}1200-1240. {박무}0122-0230. {박무}0249-{박무}{강도2}0300-0348. {박무}0437-0508. {박무}0632-0731. {박무}2341-{박무}{강도0}2400-,,2022,6,25,175,0,0,1,1
184,제주,2022-06-25,27.4,23.8,0634,32.3,1422,,,,,,,10.6,250,1128,6.9,270,1123,2.6,2282,20,22.9,57,1142,77.6,27.8,1004.4,1009.8,2317,1004.4,0356,1006.8,14.4,10.5,1100,3.11,23.71,,,,,,5.6,2.8,28.8,22.7,27.9,27.9,27.6,27.1,26.8,24.2,22.0,19.4,16.8,5.3,7.6,,-{박무}-{박무}{강도0}0300-0407.,,2022,6,25,176,0,0,1,0
184,제주,2022-06-26,30.0,25.3,0156,34.4,1708,,,,,,,17.6,230,0906,9.1,230,1059,4.4,3810,230,23.2,47,1725,68.0,28.5,1008.0,1012.3,2214,1008.6,0251,1010.3,14.4,10.9,1100,3.43,24.37,,,,,,5.9,3.3,31.3,23.4,28.4,28.5,28.4,27.8,27.0,24.6,22.0,19.4,16.9,6.0,8.6,0.0,,,2022,6,25,177,0,0,1,0
184,제주,2022-06-27,30.5,27.8,0001,33.1,1238,0.0,,0.0,,2.48,0.0,16.2,200,1354,8.4,230,1336,4.2,3597,230,23.3,57,2300,66.1,28.6,1006.8,1011.7,0001,1007.2,2041,1009.1,14.4,2.0,1200,2.94,16.37,,,,,,8.6,4.4,32.0,25.2,29.0,29.0,28.9,28.3,27.6,24.7,22.3,19.7,16.8,5.4,7.8,0.0,{비}0202-{비}{강도0}0300-0340. {비}0524-{비}{강도0}0600-0615.,,2022,6,26,178,0,0,1,0
184,제주,2022-06-28,30.5,28.9,0338,33.3,1439,0.0,,0.0,,0.55,0.0,16.2,200,1206,7.5,230,0529,5.0,4360,230,23.0,55,1447,64.6,28.1,1004.0,1008.0,0006,1005.0,1929,1006.3,14.4,4.5,0900,2.83,18.45,,,,,,7.8,2.3,33.0,26.1,28.6,28.8,28.8,28.4,27.9,24.4,22.4,19.9,17.1,5.5,7.9,,{비}0315-0348.,,2022,6,26,179,0,0,1,0
184,제주,2022-06-29,30.2,27.8,2353,33.9,1409,0.0,,0.0,,0.97,0.0,16.4,200,0109,8.3,230,1328,5.0,4311,230,24.1,58,1151,70.9,30.1,1005.3,1010.5,2354,1005.4,0315,1007.6,14.4,9.4,1100,3.54,25.4,,,,,,6.9,3.4,35.3,26.2,29.7,29.8,29.5,28.8,28.2,23.7,22.5,20.3,17.2,5.9,8.4,0.0,{비}2302-{비}{강도0}2400-,,2022,6,26,180,0,0,1,0
184,제주,2022-06-30,28.7,26.4,2337,32.1,1338,0.0,,0.0,,2.5,0.0,9.0,50,1142,6.1,50,1132,2.9,2510,50,24.1,62,0927,76.9,30.0,1009.5,1014.2,2244,1010.2,0458,1011.8,14.4,13.1,1200,3.53,28.86,,,,,,4.3,1.5,35.7,24.3,30.9,30.9,30.5,29.5,28.7,25.3,22.8,20.2,16.9,5.6,8.0,,-{비}-0230.,,2022,6,26,181,0,0,1,0
184,제주,2022-07-01,28.3,25.5,0612,32.4,1231,,,,,,,7.6,340,1345,5.2,320,1439,2.3,2000,340,24.7,62,1220,81.6,31.0,1011.9,1015.0,0731,1013.5,0417,1014.2,14.4,13.5,1200,3.52,29.15,,,,,,1.4,1.1,35.8,23.9,30.7,31.1,30.8,30.1,29.2,25.6,22.9,20.3,16.9,5.5,7.8,,,,2022,7,26,182,0,0,1,0
184,제주,2022-07-02,27.6,24.5,0519,30.7,1429,,,,,,,11.7,50,1112,8.8,50,1515,3.5,2991,70,23.1,63,1718,77.1,28.3,1009.7,1014.4,0047,1010.0,1917,1012.1,14.3,12.2,1400,3.7,25.55,,,,,,3.4,1.5,34.3,22.9,30.1,30.4,30.6,30.2,29.5,25.9,23.1,20.5,16.9,4.9,7.0,,,,2022,7,26,183,0,0,1,0
184,제주,2022-07-03,28.6,25.6,0352,33.1,1403,0.0,,0.0,,1.78,0.0,10.9,110,1503,5.9,140,1507,3.3,2846,110,23.7,57,1408,76.0,29.3,1005.9,1011.2,0121,1006.2,1905,1008.2,14.3,6.9,1200,3.28,21.53,,,,,,7.3,4.3,34.9,25.5,30.4,31.0,30.6,30.1,29.5,26.2,23.2,19.6,16.9,4.7,6.7,0.0,{햇무리}1245-1510. {비}1543-1730.,,2022,7,26,184,0,0,1,0
184,제주,2022-07-04,28.0,26.1,0409,31.2,1212,0.0,,0.0,,0.07,0.0,10.6,90,1425,6.5,70,1342,3.4,2940,70,24.4,67,1213,81.3,30.5,1002.4,1006.5,0001,1003.2,1809,1004.7,14.3,10.3,1100,2.85,23.42,,,,,,6.1,5.0,34.3,25.0,30.5,30.8,30.9,30.2,29.7,26.4,23.4,20.4,17.0,4.4,6.2,0.7,{비}2356-{비}{강도0}2400-,,2022,7,27,185,0,0,1,0
184,제주,2022-07-05,28.2,25.6,0201,30.9,1410,0.5,32,0.7,1,0.87,0.7,5.4,50,1217,4.1,50,1215,2.1,1854,20,24.7,68,1840,81.6,31.1,1003.7,1007.6,2207,1004.7,0231,1006.1,14.3,8.0,1100,3.4,22.16,,,,,,5.9,4.3,33.8,25.5,30.8,31.0,31.0,30.4,29.8,26.7,23.6,20.6,16.9,4.2,5.9,,-{비}-0052. {햇무리}1540-1820.,,2022,7,27,186,0,0,1,1
184,제주,2022-07-06,30.3,26.9,0437,33.9,1224,,,,,,,7.2,50,1647,5.2,50,1649,2.4,2085,50,25.3,62,1112,75.4,32.2,1005.2,1008.3,2224,1006.5,1648,1007.5,14.3,11.4,1200,3.18,25.45,,,,,,6.5,1.9,36.1,25.6,31.5,31.9,31.5,30.6,30.0,26.9,23.9,20.9,16.9,5.4,7.7,,{햇무리}0950-1420.,,2022,7,27,187,0,0,1,0
184,제주,2022-07-07,31.8,28.6,0531,35.9,1204,,,,,,,16.3,250,1243,9.6,250,1514,3.6,3096,250,25.0,51,1017,68.9,31.7,1004.7,1008.6,0604,1005.5,1505,1007.0,14.3,13.3,1300,3.41,27.81,,,,,,4.3,1.8,37.3,26.5,32.2,32.4,32.3,31.2,30.4,27.1,24.0,20.1,16.9,6.6,9.4,,,,2022,7,27,188,0,0,1,0
184,제주,2022-07-08,29.5,27.5,2359,32.8,1305,,,,,,,11.8,320,1342,7.5,290,1344,3.7,3216,290,26.0,73,1308,81.5,33.5,1002.0,1006.9,0001,1002.8,1700,1004.3,14.3,6.3,1400,2.93,18.69,,,,,,5.1,3.1,35.2,27.2,31.7,32.1,32.1,31.6,31.0,27.3,24.3,21.1,17.2,4.1,5.9,,,,2022,7,27,189,0,0,1,0
184,제주,2022-07-09,28.7,26.2,0555,32.1,1659,,,,,,,6.5,290,1550,4.3,290,1303,3.1,2683,290,23.6,56,1149,74.9,29.1,1001.5,1005.6,2339,1002.7,0211,1003.8,14.3,12.9,1200,3.48,28.23,,,,,,1.4,1.4,36.3,25.3,31.8,32.1,32.3,31.4,30.8,27.6,24.5,21.7,17.3,5.6,8.0,,{박무}0004-{박무}{강도0}0300-0306.,,2022,7,27,190,0,0,1,0
184,제주,2022-07-10,28.6,25.6,0443,32.5,1628,,,,,,,5.5,50,1355,4.2,50,1355,2.3,2029,50,24.6,66,1624,79.6,31.1,1003.1,1006.6,1239,1004.5,1733,1005.4,14.3,8.5,1400,2.23,18.59,,,,,,5.3,1.6,34.3,24.1,31.4,31.6,31.9,31.5,30.9,27.7,24.7,21.7,17.2,3.3,4.7,6.8,{햇무리}0940-1040.,,2022,7,27,191,0,0,1,0
184,제주,2022-07-11,27.9,24.9,1034,31.6,1408,1.8,331,4.0,926,8.22,13.8,9.5,20,0311,6.0,20,0317,2.1,1855,290,25.3,69,1413,86.4,32.2,1004.0,1008.4,2305,1004.4,0444,1006.3,14.2,2.1,1300,2.46,11.45,,,,,,8.9,5.3,30.4,24.8,30.4,30.8,31.1,31.1,30.8,27.9,24.8,21.9,17.3,2.8,4.0,7.0,{비}0114-0126. {비}0319-0548. {비}0622-{비}{강도0}0900-1154.,,2022,7,28,192,0,0,1,1
184,제주,2022-07-12,29.3,26.6,0506,32.6,1508,,,,,,,8.8,90,1534,5.4,50,1320,2.6,2265,50,25.5,70,1218,80.8,32.7,1005.1,1008.5,1046,1006.7,1641,1007.4,14.2,8.0,1200,3.08,22.68,,,,,,7.3,2.6,31.8,26.0,31.1,31.1,31.0,30.6,30.1,27.9,25.0,21.5,17.2,4.5,6.5,,,,2022,7,28,193,0,0,1,0
184,제주,2022-07-13,29.4,27.0,0548,33.1,1323,,,,,,,8.0,140,0051,4.6,50,1715,2.2,1926,50,25.4,64,1356,79.5,32.4,1002.7,1007.3,0905,1002.9,2354,1005.0,14.2,4.7,1300,1.95,16.39,,,,,,7.4,2.8,31.4,26.5,31.2,31.1,31.1,30.8,30.1,27.9,25.1,22.0,17.3,3.3,4.8,3.6,{달코로나}2210-,,2022,7,28,194,0,0,1,0
184,제주,2022-07-14,28.8,26.6,2354,33.2,1247,3.3,848,5.9,834,2.25,6.2,11.5,340,0812,7.6,320,0819,3.1,2712,290,25.5,67,0801,82.5,32.7,999.8,1003.5,0844,1000.6,0547,1002.1,14.2,2.4,1200,2.75,13.65,,,,,,6.9,5.0,29.7,25.5,30.4,30.6,30.7,30.6,30.0,27.9,25.3,22.7,18.0,3.0,4.2,2.6,-{달코로나}-0045. {달코로나}0140-0310. {비}0821-{비}{강도1}0900-1036. {박무}1624-1707.,,2022,7,28,195,0,0,1,1
184,제주,2022-07-15,26.8,25.2,2325,29.5,1452,1.9,1554,5.5,1533,8.15,14.4,7.2,50,1511,4.8,50,1734,2.2,1908,50,24.8,77,0018,89.5,31.3,998.2,1002.9,0026,998.3,1705,1000.6,14.2,0.6,1400,2.42,6.99,,,,,,8.8,5.8,29.2,24.6,29.4,29.6,29.9,30.1,29.7,27.9,25.3,22.1,17.4,1.6,2.2,14.4,{비}0446-0508. {비}0943-{비}{강도0}1200-1316. {비}1522-{비}{강도0}1800-1842. {비}1942-2036.,,2022,7,28,196,0,0,1,1
184,제주,2022-07-16,27.2,23.2,0619,31.1,1613,,,,,,,8.3,320,1646,5.7,290,1526,3.2,2733,270,23.9,64,1610,83.0,29.6,998.7,1002.9,2239,999.3,0246,1001.0,14.2,7.1,1400,3.08,21.72,,,,,,7.3,3.6,29.0,22.6,29.1,29.2,29.3,29.3,29.0,27.8,25.3,22.7,17.6,4.2,6.0,0.2,,,2022,7,28,197,0,0,1,0
184,제주,2022-07-17,28.0,26.3,0235,31.3,1527,0.1,,0.1,,4.07,0.2,6.4,70,1729,4.8,70,1732,2.4,2085,50,22.9,54,1104,75.0,28.0,999.8,1003.9,0923,1000.6,2345,1002.1,14.1,1.5,1400,2.68,11.08,,,,,,9.8,6.5,28.9,24.8,29.2,29.2,29.3,29.4,28.9,27.6,25.4,23.1,17.8,2.7,3.8,0.8,{비}0020-0054. {비}0123-0131. {비}0230-0250. {비}0405-0430. {비}0715-{비}{강도0}0900-0952.,,2022,7,28,198,0,0,1,1
184,제주,2022-07-18,29.1,26.8,0013,32.6,1550,1.4,2148,1.8,2058,8.43,4.1,13.5,270,1732,7.4,250,1711,4.3,3704,250,25.6,67,1642,81.9,32.8,997.0,1000.9,0004,997.7,1606,999.3,14.1,1.2,1400,1.94,10.38,,,,,,9.6,7.0,28.9,25.3,29.0,29.0,29.1,29.2,28.7,27.5,25.3,22.8,17.9,2.8,4.0,6.6,{비}0147-0157. {비}0304-0417. {비}0502-{비}{강도0}0600-0625. {비}0724-0734. {비}0757-0811. {비}0841-0851. {비}0922-0945. {비}1015-1040. {비}1101-{비}{강도0}1200-1205. {비}1253-1340. {비}2020-{비}{강도0}2100-2247.,,2022,7,29,199,0,0,1,1
184,제주,2022-07-19,27.8,25.2,0459,30.8,1637,1.8,140,2.8,104,1.83,3.3,10.6,250,0142,6.4,270,0149,3.4,2934,290,23.7,58,1717,79.4,29.4,1002.5,1008.0,2342,1000.5,0047,1004.9,14.1,10.2,1200,3.33,26.26,,,,,,4.6,3.3,30.5,24.1,30.0,30.0,29.7,29.2,28.5,27.3,25.5,23.3,18.1,5.2,7.4,,{비}0053-0208. {비}0323-0358.,,2022,7,29,200,0,0,1,1
184,제주,2022-07-20,27.4,24.6,0344,30.1,1444,,,,,,,6.5,50,1044,4.7,50,1218,2.5,2154,50,22.7,67,0620,75.6,27.7,1004.9,1008.6,0809,1005.7,2236,1007.2,14.1,7.1,1300,3.32,21.56,,,,,,7.1,4.1,31.0,23.1,30.1,30.0,30.0,29.6,28.7,27.2,25.4,22.7,17.8,4.5,6.5,0.0,,,2022,7,29,201,0,0,1,0
184,제주,2022-07-21,27.7,25.0,2348,31.7,0451,0.0,,0.0,,1.65,0.0,15.6,250,0514,9.3,250,0556,5.3,4599,290,23.4,66,0343,77.6,28.8,1003.9,1009.1,2218,1003.0,0418,1006.2,14.1,3.4,1400,2.89,16.98,,,,,,7.0,5.8,31.2,24.4,29.7,29.8,30.0,29.7,28.9,27.2,25.3,23.9,20.0,,,,{비}0020-0113. {비}0530-0553. {비}0706-0729.,,2022,7,29,202,0,0,1,0
184,제주,2022-07-22,27.2,24.6,0158,30.5,1548,,,,,,,7.9,290,1353,5.3,320,1400,3.2,2775,320,22.4,65,1205,75.4,27.1,1005.7,1009.1,0745,1006.9,1811,1008.0,14.0,9.9,1200,3.39,25.63,,,,,,4.4,4.4,32.9,23.0,29.7,29.8,29.8,29.4,28.6,27.1,25.3,23.3,18.3,5.2,7.4,0.0,,,2022,7,29,203,0,0,1,0
184,제주,2022-07-23,28.3,25.5,0558,31.1,1621,0.0,,0.0,,0.17,0.0,7.7,50,1213,5.4,50,1217,2.6,2236,50,23.4,62,1701,75.6,28.9,1003.1,1008.1,0001,1002.6,2337,1005.4,14.0,7.0,1200,3.12,20.87,,,,,,8.0,2.4,33.1,24.3,30.2,30.2,30.3,29.8,28.8,27.1,25.3,22.7,18.0,3.9,5.5,10.7,{박무}0131-{박무}{강도0}0300-0506. {비}0334-0340. {비}2356-{비}{강도0}2400-,,2022,7,29,204,0,0,1,0
184,제주,2022-07-24,27.4,25.0,2319,29.8,1357,4.5,346,6.7,324,1.57,10.7,11.1,270,0847,6.6,270,1001,3.8,3317,290,24.0,67,1348,82.4,29.8,1003.1,1008.5,2227,1001.9,0319,1005.4,14.0,6.0,1200,3.21,19.62,,,,,,7.4,5.9,29.8,24.3,30.0,30.1,30.3,29.9,29.0,27.1,25.2,23.6,19.2,4.0,5.8,,-{비}-0030. {비}0114-0120. {비}0129-0150. {비}0324-0401.,,2022,7,29,205,0,0,1,1
184,제주,2022-07-25,26.9,24.1,2355,30.0,1553,,,,,,,6.3,20,1430,4.0,20,0955,2.6,2247,20,22.1,61,1357,75.9,26.6,1007.5,1010.8,1057,1008.0,0157,1009.8,14.0,11.5,1200,3.6,27.7,,,,,,3.3,3.3,32.2,23.0,30.4,30.3,30.2,29.7,28.8,27.1,25.2,22.6,18.1,5.3,7.5,,,,2022,7,30,206,0,0,1,0
184,제주,2022-07-26,27.6,23.3,0300,32.7,1554,,,,,,,10.5,90,1417,6.9,70,1413,3.0,2598,50,22.7,60,1540,75.5,27.8,1007.3,1011.0,0858,1007.8,1530,1009.7,14.0,12.5,1200,3.47,27.43,,,,,,0.5,0.5,33.1,22.1,30.2,30.3,30.4,29.9,28.7,27.0,25.2,22.6,18.1,5.3,7.6,,,,2022,7,30,207,0,0,1,0
184,제주,2022-07-27,28.9,25.3,0428,33.4,1549,,,,,,,10.9,90,1249,6.0,110,1101,3.5,3008,90,24.0,62,1511,75.6,29.8,1006.5,1010.0,2329,1007.7,1824,1008.9,13.9,12.6,1200,3.36,26.03,,,,,,3.0,2.6,34.9,25.0,31.2,31.1,30.9,30.2,29.0,27.1,25.1,22.5,18.2,5.4,7.8,,,,2022,7,30,208,0,0,1,0
184,제주,2022-07-28,30.3,26.5,0536,36.0,1515,,,,,,,10.7,70,1111,5.5,70,1055,3.4,2905,110,24.5,49,1406,72.6,30.8,1007.4,1011.3,2335,1008.4,1438,1009.7,13.9,9.7,1200,3.33,24.18,,,,,,3.5,2.9,35.7,25.7,31.6,31.7,31.4,30.5,29.3,27.1,25.2,22.4,18.3,5.2,7.5,,,,2022,7,30,209,0,0,1,0
184,제주,2022-07-29,28.9,26.8,0750,32.1,1641,,,,,,,13.1,70,1314,8.4,70,1241,4.4,3809,70,26.0,69,1632,84.8,33.5,1008.0,1011.8,0808,1008.9,1726,1010.4,13.9,9.5,1200,3.41,23.56,,,,,,5.8,4.8,35.1,26.6,31.5,31.7,31.7,30.9,29.7,27.3,25.2,22.1,18.2,4.4,6.3,1.0,,,2022,7,30,210,0,0,1,0
184,제주,2022-07-30,27.2,26.3,1230,28.1,2234,4.3,1440,15.5,1350,17.5,48.3,11.3,110,2233,6.5,70,1629,4.0,3466,70,26.1,88,2304,94.5,33.8,1003.5,1009.8,0006,1003.7,2343,1005.8,13.9,0.0,1300,0.42,2.42,,,,,,9.8,8.0,28.9,26.2,29.7,30.0,30.6,30.7,29.9,27.4,25.2,22.0,18.3,0.8,1.1,61.9,{비}0455-{비}{강도0}0600-0605. {비}0740-{비}{강도0}0900-{비}{강도1}1200-{비}{강도1}1500-{비}{강도0}1800-{비}{강도0}2100-{비}{강도0}2400-,,2022,7,30,211,0,0,1,1
184,제주,2022-07-31,28.0,26.3,0843,30.4,1424,6.2,1116,16.3,1050,22.63,47.3,19.3,180,1606,7.9,160,1302,3.7,3178,160,26.1,77,1337,89.9,33.7,1000.0,1004.5,2221,999.9,1718,1002.3,13.8,0.3,1300,1.45,5.39,,,,,,10.0,7.5,27.9,25.9,28.3,28.5,28.9,29.3,29.1,27.7,25.5,22.9,18.3,1.8,2.6,38.6,-{비}-0110. {비}0232-{비}{강도0}0300-{비}{강도0}0600-{비}{강도1}0900-{비}{강도1}1200-{비}{강도0}1500-{비}{강도0}1800-{비}{강도0}2100-{비}{강도0}2400-,,2022,7,30,212,0,0,1,1
184,제주,2022-08-01,29.3,27.0,0037,30.8,1454,1.7,23,4.2,1,11.8,7.0,13.8,250,1206,8.7,250,1206,3.7,3205,160,26.1,73,1658,83.0,33.7,1001.6,1008.2,2251,999.0,1127,1003.9,13.8,2.6,1100,1.98,14.51,,,,,,9.5,6.6,29.5,25.7,28.9,29.1,28.9,28.8,28.5,27.8,25.9,22.9,18.7,2.9,4.1,3.0,-{비}-{비}{강도0}0300-{비}{강도0}0600-{비}{강도0}0900-1145. {무지개}0650-0840. {비}1520-1523.,,2022,8,31,213,0,0,1,1
184,제주,2022-08-02,29.7,27.4,0718,33.5,1307,1.8,2030,1.9,611,5.62,3.7,9.3,250,0935,5.9,270,0937,2.3,1976,70,26.9,70,1254,85.8,35.4,1008.5,1012.7,2318,1007.9,0001,1010.8,13.8,5.9,1000,2.92,20.91,,,,,,7.1,4.9,31.2,26.6,30.6,30.5,30.0,29.4,28.6,27.6,26.0,23.7,18.7,3.9,5.6,1.8,{비}0123-{비}{강도0}0300-0318. {비}0448-0506. {비}0611-0733. {비}0819-0834. {비}0925-0949. {비}1004-1012. {비}1915-1940. {비}2012-2037. {비}2120-2145.,,2022,8,31,214,0,0,1,1
184,제주,2022-08-03,29.8,27.5,0148,32.9,1639,0.0,,0.0,,0.33,0.0,7.9,50,1635,5.4,50,1441,2.2,1900,70,26.7,72,0932,83.8,34.9,1009.5,1013.0,1016,1010.7,1815,1011.8,13.8,9.1,1300,3.36,24.56,,,,,,5.6,5.0,31.9,26.6,31.6,31.5,31.0,30.2,29.1,27.6,26.0,23.8,18.6,4.9,6.9,,{비}0242-{비}{강도0}0300-0302.,,2022,8,31,215,0,0,1,0
184,제주,2022-08-04,30.6,27.1,0536,33.7,1458,,,,,,,11.2,320,1423,7.2,290,1426,3.1,2660,290,25.7,62,1458,75.9,33.1,1008.5,1012.5,0652,1009.4,1842,1010.9,13.7,12.3,1200,3.44,26.47,,,,,,2.3,1.5,34.7,24.8,31.5,31.5,31.3,30.7,29.6,27.7,26.0,23.5,18.6,5.7,8.1,,,,2022,8,31,216,0,0,1,0
184,제주,2022-08-05,31.3,27.8,0329,35.7,1348,,,,,,,12.4,270,1753,7.3,270,0915,4.0,3449,270,25.4,54,1324,71.9,32.5,1005.7,1009.8,0001,1006.1,1838,1008.0,13.7,12.1,1300,3.3,25.67,,,,,,2.0,1.9,37.0,24.9,31.4,31.4,31.2,30.8,30.0,27.8,26.0,24.3,19.7,6.0,8.5,,,,2022,8,31,217,0,0,1,0
184,제주,2022-08-06,30.9,28.0,0425,33.8,1536,,,,,,,9.6,290,1347,6.0,290,1313,2.7,2315,70,26.8,67,0926,79.5,35.2,1005.0,1008.4,2205,1006.0,1531,1007.3,13.7,8.4,1300,3.09,17.93,,,,,,4.1,2.3,38.0,25.7,31.6,31.6,31.5,31.1,30.4,27.9,26.1,24.0,18.9,3.6,5.2,,,,2022,8,31,218,0,0,1,0
184,제주,2022-08-07,31.4,28.8,0605,34.6,1608,,,,,,,14.0,250,1624,8.6,250,1708,2.9,2546,50,26.1,58,1606,74.5,33.9,1005.9,1009.1,2221,1007.4,1636,1008.2,13.7,11.0,1200,3.34,23.75,,,,,,3.9,1.8,37.7,26.5,32.1,32.1,32.1,31.5,30.8,28.1,26.1,24.1,18.9,5.4,7.7,,,,2022,8,31,219,0,0,1,0
184,제주,2022-08-08,31.7,28.5,0402,36.5,1400,,,,,,,11.5,230,1547,6.8,70,1421,2.5,2165,200,24.3,43,1332,65.6,30.3,1007.2,1010.3,0717,1008.3,1412,1009.5,13.6,12.0,1200,3.31,25.21,,,,,,5.1,0.6,39.1,25.0,32.0,32.1,32.2,31.7,31.1,28.3,26.2,23.9,19.1,6.0,8.6,,{햇무리}0940-1225. {햇무리}1530-1833.,,2022,8,32,220,0,0,1,0
184,제주,2022-08-09,31.1,27.2,0553,36.0,1229,,,,,,,13.6,250,1211,6.5,250,1700,3.0,2602,180,23.5,44,1235,65.1,28.9,1006.9,1010.7,0605,1007.9,1756,1009.3,13.6,7.4,1200,3.25,22.17,,,,,,7.4,2.9,37.3,24.6,31.9,32.1,32.3,31.9,31.5,28.5,26.3,24.1,19.0,5.6,7.9,,{햇무리}0730-1025. {햇무리}1135-1310. {햇무리}1640-1735.,,2022,8,32,221,0,0,1,0
184,제주,2022-08-10,31.5,28.3,0221,37.5,1421,,,,,,,10.7,270,1113,6.5,270,1505,3.3,2890,180,24.2,42,1429,66.8,30.4,1005.7,1009.0,2141,1006.8,1502,1008.0,13.6,7.2,1300,3.23,20.51,,,,,,8.0,2.0,36.8,25.2,31.7,31.9,32.1,31.9,31.6,28.7,26.4,24.2,19.3,5.4,7.7,,{해코로나}0745-1310.,,2022,8,32,222,0,0,1,0
184,제주,2022-08-11,31.6,28.3,0401,35.8,1510,,,,,,,12.8,290,1240,7.5,270,1326,3.6,3138,250,24.4,49,1137,67.3,30.7,1004.5,1008.1,1031,1005.7,1507,1006.8,13.5,3.8,1100,2.82,16.69,,,,,,8.8,6.1,36.5,25.4,31.4,31.6,31.9,31.8,31.6,28.8,26.6,24.6,19.5,4.9,6.9,,{달코로나}2320-,,2022,8,32,223,0,0,1,0
184,제주,2022-08-12,30.2,27.0,1035,33.8,1654,4.1,950,4.2,909,2.1,4.2,10.4,270,0821,6.4,270,0748,3.0,2590,270,25.9,61,1629,78.5,33.4,1004.9,1010.1,1054,1005.8,1900,1007.2,13.5,5.4,1400,2.27,13.65,,,,,,7.3,4.4,32.3,26.5,31.2,31.4,31.6,31.6,31.5,29.0,26.7,25.1,20.5,3.2,4.6,4.2,-{달코로나}-0025. {비}0909-0915. {비}0935-1135. {햇무리}1240-1450.,,2022,8,32,224,0,0,1,1
184,제주,2022-08-13,31.1,27.7,0549,34.5,1245,,,,,,,7.3,50,1418,5.1,70,1423,2.4,2091,50,26.0,51,1635,75.1,33.6,1004.7,1008.2,2339,1005.8,1701,1007.0,13.5,10.1,1200,3.16,22.39,,,,,,5.3,2.3,34.3,25.7,31.7,31.7,31.7,31.4,30.9,28.9,26.8,24.3,19.2,4.7,6.6,,,,2022,8,32,225,0,0,1,0
184,제주,2022-08-14,31.1,28.1,0524,35.9,1551,,,,,,,10.8,270,1531,5.7,270,1535,2.4,2034,50,25.5,53,1554,72.5,32.6,1005.5,1008.8,1120,1006.9,0226,1007.8,13.5,9.3,1200,3.22,22.38,,,,,,4.8,3.3,36.2,25.3,32.2,32.1,32.0,31.6,31.1,29.0,26.9,24.5,19.2,5.2,7.5,,{달코로나}0010-0120. {햇무리}1315-1445.,,2022,8,32,226,0,0,1,0
184,제주,2022-08-15,32.2,28.2,0541,36.7,1415,,,,,,,17.5,250,1516,9.1,250,2013,5.0,4291,230,24.1,45,1445,63.8,30.1,1003.1,1008.0,0001,1003.1,1832,1005.4,13.4,11.7,1300,3.16,23.58,,,,,,5.9,1.6,39.1,25.8,31.7,31.9,32.2,31.9,31.4,29.1,26.9,24.6,19.3,8.1,11.5,,,,2022,8,33,227,0,0,1,0
184,제주,2022-08-16,31.0,27.5,2130,34.1,1426,5.1,2120,7.6,2044,3.38,13.9,15.3,290,1200,9.1,250,1209,6.2,5349,250,25.8,60,1427,74.8,33.2,1002.9,1006.7,2156,1003.8,0143,1005.2,13.4,4.6,1400,2.43,16.49,,,,,,8.5,4.5,34.8,26.1,31.1,31.4,31.8,31.8,31.6,29.1,27.1,25.8,21.9,4.1,5.8,23.0,{햇무리}1435-1530. {비}1820-1915. {비}1936-1958. {비}2044-{비}{강도0}2100-2245. {비}2337-2342.,,2022,8,33,228,0,0,1,1
184,제주,2022-08-17,26.8,25.2,1233,28.4,0010,14.1,1220,40.2,1217,13.3,94.3,12.0,250,0211,6.5,270,0219,3.5,3047,290,25.7,82,2230,94.1,33.1,1004.6,1009.2,2339,1004.9,0149,1006.9,13.4,0.1,1500,0.57,2.09,,,,,,9.4,7.6,27.1,24.4,28.3,28.7,29.5,30.4,31.3,29.3,27.3,25.7,21.0,1.0,1.4,85.2,{비}0011-0018. {비}0028-0120. {비}0251-{비}{강도0}0300-0342. {비}0353-0450. {비}0512-{비}{강도0}0600-0604. {비}0738-{비}{강도0}0900-{시정(미만)}{1km}{비}1054-{시정(미만)}{0.5km}{비}1058-{시정(이상)}{0.5km}{비}1103-{시정(이상)}{1km}{비}1112-{비}{강도2}1200-{시정(미만)}{1km}{비}1226-{시정(이상)}{1km}{비}1236-{비}{강도0}1500-1717.,,2022,8,33,229,0,0,1,1
184,제주,2022-08-18,27.5,24.1,0452,30.6,1512,,,,,,,6.0,50,1546,4.6,50,1256,2.3,1967,50,22.5,58,1514,75.0,27.2,1006.2,1009.5,0856,1007.6,2348,1008.5,13.3,11.0,1200,3.07,24.46,,,,,,6.0,2.1,29.0,22.0,28.7,28.8,28.9,29.2,29.3,29.5,27.9,24.7,20.0,4.9,7.0,,,,2022,8,33,230,0,0,1,0
184,제주,2022-08-19,30.9,26.7,0137,35.4,1327,,,,,,,14.1,230,1458,8.9,250,1343,3.7,3180,250,24.8,57,1328,71.0,31.4,1003.0,1007.6,0001,1003.8,1946,1005.3,13.3,11.6,1200,3.24,24.37,,,,,,5.9,1.3,34.3,24.3,30.0,30.1,30.0,29.9,29.4,29.1,27.7,24.7,19.9,6.0,8.5,0.0,{햇무리}1418-1545.,,2022,8,33,231,0,0,1,0
184,제주,2022-08-20,29.3,27.4,2333,32.6,1215,0.0,,0.0,,0.77,0.0,9.7,340,1258,5.9,290,1255,2.8,2433,290,25.4,65,1028,80.5,32.5,1001.7,1005.3,2209,1002.4,1629,1004.0,13.3,0.5,1500,0.59,5.21,,,,,,8.4,7.1,29.8,25.6,29.8,29.9,30.2,30.3,29.9,28.9,27.7,25.4,20.1,1.8,2.5,0.0,{비}0810-0839. {비}1521-1538.,,2022,8,33,232,0,0,1,0
184,제주,2022-08-21,27.9,26.0,0617,30.8,1254,,,,,,,9.7,70,1438,5.9,70,1541,3.1,2668,20,24.1,68,1051,80.5,30.0,1003.0,1006.4,0947,1004.0,0223,1005.3,13.2,8.7,1200,3.25,21.88,,,,,,5.3,4.1,34.1,24.9,30.3,30.2,30.2,30.0,29.6,28.9,27.6,24.8,20.1,4.5,6.4,,{햇무리}0925-1130. {햇무리}1240-1405.,,2022,8,33,233,0,0,1,0
184,제주,2022-08-22,28.3,24.9,0614,31.4,1404,,,,,,,7.5,70,1137,5.6,50,1238,2.6,2283,50,23.8,59,2248,77.0,29.6,1003.0,1006.4,2109,1004.3,1702,1005.3,13.2,10.7,1200,3.25,22.31,,,,,,5.3,1.1,34.4,22.4,30.4,30.4,30.6,30.4,29.9,28.7,27.4,25.1,20.0,4.6,6.6,,,,2022,8,34,234,0,0,1,0
184,제주,2022-08-23,29.8,25.8,0549,33.4,1300,,,,,,,5.4,20,1507,3.9,50,1501,2.4,2061,50,24.2,51,0107,73.1,31.3,1003.9,1007.3,1018,1005.4,0226,1006.3,13.2,6.7,1000,2.82,19.39,,,,,,8.0,5.3,36.9,22.5,30.6,30.6,30.7,30.6,30.1,28.7,27.3,24.9,19.9,3.8,5.4,,,,2022,8,34,235,0,0,1,0
184,제주,2022-08-24,27.1,23.6,2400,31.0,1303,,,,,,,6.8,340,1352,4.7,340,1358,3.1,2707,340,21.5,57,1615,72.4,25.7,1005.8,1009.3,1026,1006.6,0007,1008.1,13.1,6.7,1300,3.33,18.87,,,,,,5.9,4.4,34.3,20.9,30.8,30.8,31.1,30.9,30.6,28.8,27.4,25.4,20.3,4.6,6.6,,,,2022,8,34,236,0,0,1,0
184,제주,2022-08-25,26.8,22.8,0534,30.7,1316,,,,,,,7.6,270,1627,4.7,320,1645,3.3,2814,200,20.2,56,1319,67.9,23.7,1006.5,1009.6,0925,1007.7,1504,1008.8,13.1,10.1,1200,3.34,23.44,,,,,,4.5,3.4,35.5,20.0,29.8,29.9,30.4,30.5,30.4,28.7,27.3,25.3,20.3,5.1,7.2,,,,2022,8,34,237,0,0,1,0
184,제주,2022-08-26,26.3,24.9,0607,29.2,1609,,,,,,,6.7,20,0601,4.3,20,0600,2.9,2539,290,20.3,53,1702,70.3,23.9,1006.3,1010.4,2340,1007.1,1541,1008.7,13.1,3.1,1600,1.69,11.2,,,,,,7.4,4.9,29.7,23.2,29.1,29.3,30.0,30.3,30.4,26.8,27.2,25.1,20.1,3.0,4.3,,,,2022,8,34,238,0,0,1,0
184,제주,2022-08-27,26.1,22.7,2333,30.4,1447,0.0,,0.0,,0.2,0.0,7.9,50,2015,5.4,20,2106,3.0,2576,20,19.2,51,1937,66.4,22.4,1008.4,1013.2,2352,1009.4,0254,1010.8,13.0,6.3,1200,3.12,19.31,,,,,,5.8,2.8,32.6,19.3,29.2,29.2,29.6,29.8,29.8,28.7,27.1,24.7,20.1,4.5,6.4,0.0,{비}0941-0953.,,2022,8,34,239,0,0,1,0
184,제주,2022-08-28,24.4,21.2,0338,28.4,1724,,,,,,,12.9,70,1505,7.4,70,1427,3.5,3030,70,18.7,59,1704,70.8,21.7,1011.4,1015.3,2122,1012.4,1544,1013.8,13.0,6.3,1300,2.76,16.82,,,,,,5.0,2.5,30.8,17.3,28.0,28.2,29.0,29.5,29.6,28.5,26.9,24.3,20.0,3.6,5.1,,,,2022,8,34,240,0,0,1,0
184,제주,2022-08-29,25.9,22.7,0627,28.0,1730,,,,,,,11.4,50,1114,6.8,70,1115,3.5,3053,70,21.3,65,2241,76.4,25.5,1011.1,1014.8,0006,1012.6,1721,1013.5,13.0,7.1,1200,3.07,19.01,,,,,,6.1,1.4,31.4,19.1,28.2,28.3,28.8,29.1,29.1,28.3,26.8,24.0,20.0,3.9,5.6,,,,2022,8,35,241,0,0,1,0
184,제주,2022-08-30,28.2,24.3,0418,32.7,1205,0.0,,0.0,,0.57,0.0,7.6,320,1257,4.9,290,1408,2.5,2134,180,21.9,50,1620,69.0,26.8,1007.0,1012.9,0014,1007.7,2315,1009.4,13.0,7.6,1100,3.04,18.14,,,,,,5.4,3.1,31.9,20.2,29.0,29.0,29.3,29.3,29.1,28.1,26.7,24.2,19.9,3.7,5.3,1.2,{비}1307-1341.,,2022,8,35,242,0,0,1,0
184,제주,2022-08-31,25.9,24.4,0518,29.1,1356,0.3,423,0.9,348,3.15,1.2,7.8,320,0403,5.1,270,0102,3.1,2642,340,22.2,66,0006,80.8,26.9,1006.5,1010.8,2353,1006.9,0151,1008.9,12.9,3.0,1300,2.86,14.68,,,,,,8.8,4.9,30.4,23.6,29.1,29.2,29.5,29.5,29.4,28.0,26.7,24.9,20.3,3.1,4.5,0.0,{비}0247-{비}{강도0}0300-0545. {박무}0308-0512. {비}0627-0638.,,2022,8,35,243,0,0,1,1
184,제주,2022-09-01,24.8,24.0,0421,25.9,1020,0.0,,0.0,,0.78,0.0,9.7,70,2136,6.6,50,1731,3.7,3217,70,21.6,77,1033,82.8,25.9,1009.8,1013.6,2230,1009.9,0221,1012.2,12.9,0.0,1200,0.8,4.73,,,,,,9.9,7.9,27.3,23.5,27.6,27.7,28.5,29.0,29.1,27.9,26.4,23.7,20.1,1.5,2.1,14.0,{비}0246-0257. {비}1626-1638. {비}1924-1948.,,2022,9,35,244,0,0,1,0
184,제주,2022-09-02,23.2,21.9,0622,25.0,0038,1.5,1044,5.7,1132,20.77,49.3,12.2,90,0434,6.5,70,0530,3.9,3404,90,22.3,84,0001,95.4,27.0,1009.7,1013.4,0036,1011.4,1459,1012.1,12.9,0.0,0900,0.25,1.44,,,,,,10.0,8.0,23.8,21.6,26.0,26.2,27.0,27.9,28.4,27.8,26.3,23.6,20.1,0.5,0.7,39.1,{비}0156-{비}{강도0}0300-{비}{강도0}0600-{비}{강도0}0900-{비}{강도1}1200-{비}{강도1}1500-{비}{강도1}1800-{비}{강도0}2100-2105. {비}2213-2215. {비}2225-{비}{강도0}2400-,,2022,9,35,245,0,0,1,1
184,제주,2022-09-03,25.9,23.6,0006,29.3,1521,0.6,918,1.3,302,20.12,6.4,12.7,90,1113,5.9,90,1117,3.9,3382,90,24.7,79,1523,93.4,31.1,1007.6,1012.2,0001,1008.8,1506,1010.0,12.8,1.4,1100,1.95,10.46,,,,,,9.6,6.1,26.7,23.3,26.6,26.6,26.6,26.9,27.1,27.5,26.4,23.6,20.3,2.2,3.1,3.7,-{비}-0050. {비}0110-{비}{강도0}0300-0443. {비}0505-{비}{강도0}0600-{비}{강도0}0900-{비}{강도0}1200-1433. {비}1602-{비}{강도0}1800-2022. {비}2204-{비}{강도0}2400-,,2022,9,35,246,0,0,1,1
184,제주,2022-09-04,26.4,24.0,2008,30.2,1118,1.7,2155,3.6,2105,16.37,10.4,10.8,110,1005,4.5,110,1108,3.1,2676,90,24.9,76,1037,91.8,31.5,1005.2,1010.2,0001,1005.4,2356,1007.6,12.8,2.2,0900,1.45,6.73,,,,,,9.8,7.0,26.1,23.9,27.3,27.2,27.3,27.3,27.2,27.2,26.3,23.8,20.2,1.2,1.8,55.2,-{비}-{비}{강도0}0300-{비}{강도0}0600-0706. {비}0740-0759. {비}0905-0933. {비}1218-{비}{강도0}1500-1630. {비}1730-{비}{강도0}1800-1931. {비}2046-{비}{강도0}2100-2302.,,2022,9,35,247,0,0,1,1
184,제주,2022-09-05,26.5,25.7,1355,27.4,1634,7.4,909,22.3,1348,23.82,174.0,22.8,50,2326,16.2,50,2340,5.9,5073,90,25.8,84,1215,96.3,33.1,990.7,1005.4,0001,974.8,2345,993.0,12.8,0.0,1100,0.54,1.87,,,,,,10.0,8.4,25.6,25.2,26.3,26.4,26.6,26.9,27.0,27.1,26.4,23.8,20.6,1.0,1.4,131.0,{비}0011-{비}{강도1}0300-{비}{강도1}0600-{비}{강도1}0900-{비}{강도1}1200-{비}{강도2}1500-{비}{강도1}1800-{비}{강도1}2100-{비}{강도0}2400- {폭풍}2330-2358.,,2022,9,36,248,0,0,1,1
184,제주,2022-09-06,23.4,21.0,2340,26.6,1537,1.0,17,2.5,1,5.4,2.9,27.8,340,0109,17.7,20,0017,7.0,6044,320,19.8,68,1407,81.1,23.1,1004.8,1015.6,2355,975.0,0001,1007.2,12.7,3.4,1300,2.41,12.22,,,,,,6.3,5.3,23.7,18.1,25.1,25.3,25.7,26.2,26.3,26.6,26.2,24.6,21.8,3.0,4.3,,{폭풍}0004-0045. -{비}-{시정(미만)}{1km}{비}0016-{시정(이상)}{1km}{비}0029-{비}{강도0}0300-0524. {폭풍}0047-0049. {폭풍}0104-0118. {폭풍}0122-0141. {폭풍}0145-0147. {폭풍}0225-0228.,,2022,9,36,249,0,0,1,1
184,제주,2022-09-07,24.2,18.7,0550,28.9,1651,,,,,,,5.2,20,1443,3.7,20,1209,2.1,1829,180,15.7,25,1656,61.5,18.1,1015.1,1018.7,1019,1015.6,0001,1017.5,12.7,10.9,1200,3.32,23.56,,,,,,2.1,0.9,26.0,15.2,25.3,25.1,25.5,25.9,25.7,26.4,26.2,24.1,21.0,5.1,7.4,,,,2022,9,36,250,0,0,1,0
184,제주,2022-09-08,24.3,20.5,0619,27.6,1614,,,,,,,6.9,50,1050,5.0,50,1055,2.6,2274,160,18.3,52,1553,70.1,21.1,1014.9,1018.6,1012,1016.1,1616,1017.3,12.7,11.3,1300,3.17,22.81,,,,,,5.4,1.5,28.0,17.7,26.0,25.7,26.1,26.1,25.7,26.2,26.0,23.8,20.9,4.6,6.6,,,,2022,9,36,251,0,0,1,0
184,제주,2022-09-09,24.4,22.1,0601,27.6,1336,,,,,,,10.0,50,1611,6.1,50,1021,3.0,2582,70,19.5,60,1155,75.1,22.7,1014.3,1017.7,1013,1015.3,1639,1016.7,12.6,8.1,1200,3.15,20.11,,,,,,5.5,2.4,27.7,18.9,26.3,26.1,26.3,26.3,25.9,26.1,25.8,23.7,20.9,,,,,,2022,9,36,252,0,0,1,0
184,제주,2022-09-10,23.9,22.2,0129,27.4,1418,0.2,,0.2,,9.33,0.5,12.2,70,1613,7.5,70,1530,3.9,3360,70,21.4,73,1348,86.1,25.6,1013.4,1017.2,0001,1014.2,1528,1015.8,12.6,1.2,1300,2.07,9.31,,,,,,9.4,7.4,25.8,19.9,26.0,26.0,26.2,26.3,26.1,26.1,25.7,23.5,20.9,2.0,2.9,0.3,{비}0347-{비}{강도0}0600-0610. {비}1003-1021. {비}1058-{비}{강도0}1200-1232. {비}1539-1619. {비}1703-{비}{강도0}1800-1942. {비}2023-{비}{강도0}2100-2132. {비}2323-{비}{강도0}2400-,,2022,9,36,253,0,0,1,1
184,제주,2022-09-11,24.7,23.0,0048,27.6,1233,0.0,,0.0,,4.4,0.0,12.1,70,1349,6.9,70,1318,3.5,3011,70,22.9,79,1236,90.3,27.9,1011.2,1015.8,0001,1012.5,1634,1013.6,12.6,1.4,1200,2.44,10.28,,,,,,8.6,6.8,26.6,22.3,26.4,26.3,26.3,26.2,26.0,26.0,25.5,23.5,20.9,1.9,2.7,2.3,-{비}-0122. {비}0627-{비}{강도0}0900-0916. {안개비}1153-{안개비}{강도0}1200-1206.,,2022,9,36,254,0,0,1,0
184,제주,2022-09-12,24.5,23.9,2229,24.9,0036,0.6,452,1.8,404,3.7,2.4,8.5,90,1540,4.8,90,1542,3.0,2614,90,22.9,87,1950,91.3,27.9,1010.5,1014.0,1140,1012.0,1957,1012.9,12.5,0.0,1400,0.3,2.24,,,,,,10.0,5.4,24.7,22.6,26.0,26.0,26.2,26.2,26.1,25.9,25.4,23.4,20.9,0.8,1.2,0.1,{비}0312-0525. {비}0954-1010. {비}1314-1427.,,2022,9,37,255,0,0,0,1
184,제주,2022-09-13,24.4,23.8,2218,25.0,0956,1.4,1204,5.3,1148,12.45,16.3,14.5,90,1835,7.6,70,1532,4.7,4067,70,23.3,89,0628,93.9,28.5,1010.1,1013.5,1046,1011.6,1545,1012.5,12.5,0.0,1500,0.14,0.41,,,,,,10.0,7.8,23.8,23.1,25.3,25.3,25.5,25.8,25.8,25.8,25.3,23.3,20.8,0.6,0.8,16.5,{비}1013-{비}{강도1}1200-{비}{강도0}1500-1751. {비}1911-{비}{강도0}2100-{비}{강도0}2400-,,2022,9,37,256,0,0,1,1
184,제주,2022-09-14,24.8,24.4,0008,25.2,0835,0.1,,0.2,,17.95,0.5,13.8,110,0952,6.3,70,1147,4.8,4155,90,23.5,91,2022,92.9,29.0,1009.0,1012.4,0940,1009.9,1546,1011.4,12.4,0.0,1500,0.22,1.03,,,,,,10.0,7.0,24.2,23.4,25.1,25.1,25.2,25.4,25.4,25.7,25.2,23.3,21.0,0.7,0.9,1.2,-{비}-{비}{강도0}0300-{비}{강도0}0600-0702. {비}0838-0858. {비}1104-{비}{강도0}1200-{비}{강도0}1500-{비}{강도0}1800-1951. {비}2050-{비}{강도0}2100-2140. {비}2225-2240. {박무}2241-{박무}{강도0}2400- {비}2303-2316. {비}2330-{비}{강도0}2400-,,2022,9,37,257,0,0,1,1
184,제주,2022-09-15,25.3,24.7,0001,26.9,1550,0.2,,0.4,1046,19.48,2.1,13.6,90,0602,6.8,70,1433,4.3,3736,70,24.5,89,1543,95.3,30.7,1006.2,1011.2,0001,1006.8,1537,1008.6,12.4,0.0,1500,0.26,1.16,,,,,,10.0,7.1,24.4,23.7,25.2,25.2,25.2,25.3,25.3,25.5,25.0,23.1,20.9,0.9,1.3,1.5,-{비}-0025. {비}0110-{비}{강도0}0300-{비}{강도0}0600-{비}{강도0}0900-{비}{강도0}1200-{비}{강도0}1500-1747. -{박무}-{박무}{강도0}0300-{박무}{강도0}0600-{박무}{강도0}0900-0943. {박무}1751-{박무}{강도0}1800-1810. {박무}1901-1953. {비}1951-2034. {박무}2032-{박무}{강도0}2100-2102. {비}2137-2302. {비}2341-{비}{강도0}2400- {박무}2342-{박무}{강도0}2400-,,2022,9,37,258,0,0,1,1
184,제주,2022-09-16,28.7,25.4,0007,32.8,1116,0.2,,0.3,1,0.97,0.3,10.1,140,1517,5.7,50,0323,3.1,2640,90,23.9,58,1306,76.3,29.6,1005.0,1008.3,2340,1006.2,1414,1007.4,12.4,7.0,1000,2.66,15.71,,,,,,5.0,4.1,27.4,23.2,26.6,26.4,26.1,25.6,25.3,25.3,25.0,23.5,20.8,3.4,4.9,,-{박무}-0009. -{비}-0011. {비}0028-0115.,,2022,9,37,259,0,0,1,1
184,제주,2022-09-17,26.4,24.9,0622,28.6,1209,0.0,,0.0,,3.47,0.0,8.7,70,1104,5.4,70,1126,2.8,2413,70,23.2,71,1425,83.1,28.5,1004.7,1008.8,0750,1005.3,2400,1007.1,12.3,3.2,1100,2.77,13.8,,,,,,8.9,5.6,27.5,23.2,27.3,27.1,26.9,26.4,25.9,25.3,25.0,23.4,20.8,2.7,3.9,0.0,{박무}0326-0545. {비}1659-1740. {비}1816-1955. {비}2124-2228. {비}2356-{비}{강도0}2400-,,2022,9,37,260,0,0,1,0
184,제주,2022-09-18,27.1,25.2,0124,30.5,1238,0.0,,0.0,,4.18,0.0,11.6,20,2152,6.7,20,2057,2.3,1955,20,24.1,72,1239,84.1,30.0,996.4,1005.3,0001,993.9,2323,998.7,12.3,5.1,1200,2.95,17.18,,,,,,8.4,4.5,29.6,24.1,28.2,27.8,27.5,26.8,26.2,25.4,25.0,23.7,20.9,3.4,4.8,,-{비}-0253. {비}0336-0454.,,2022,9,37,261,0,0,1,0
184,제주,2022-09-19,25.1,22.0,2354,27.9,1339,,,,,,,14.1,340,0418,8.1,340,0426,5.1,4380,340,20.6,67,1709,77.0,24.5,998.3,1008.3,2312,993.4,0252,1000.7,12.3,5.7,1300,2.5,15.72,,,,,,6.8,5.6,29.0,20.0,27.3,27.2,27.4,27.2,26.7,25.5,24.9,24.0,21.6,,,,,,2022,9,38,262,0,0,1,0
184,제주,2022-09-20,22.9,21.4,2348,25.3,1452,0.0,,0.0,,0.33,0.0,12.7,70,1021,7.0,70,1228,3.4,2938,70,15.9,55,1428,65.3,18.1,1009.8,1015.2,2153,1008.1,0005,1012.2,12.2,4.1,1200,2.57,14.91,,,,,,7.1,5.9,27.2,18.6,25.8,25.7,26.3,26.5,26.3,25.5,24.8,23.4,21.1,3.5,5.0,0.0,{비}1929-1949.,,2022,9,38,263,0,0,1,0
184,제주,2022-09-21,22.0,20.1,2334,24.8,1340,0.0,,0.0,,0.83,0.0,11.0,70,1142,6.3,70,1214,3.2,2757,70,14.7,51,1338,64.4,16.8,1014.0,1017.7,1022,1014.8,0135,1016.4,12.2,4.7,1100,3.18,16.26,,,,,,6.6,4.8,26.1,17.1,25.0,25.0,25.5,25.9,25.8,25.5,24.8,23.2,20.9,3.6,5.2,,{비}0235-0256. {비}0503-0519. {비}0643-0656.,,2022,9,38,264,0,0,0,0
184,제주,2022-09-22,22.2,20.1,0001,25.2,1359,,,,,,,9.8,50,1114,6.1,50,1258,3.0,2596,70,17.9,68,1400,77.0,20.5,1012.2,1016.8,0003,1012.6,1538,1014.6,12.2,3.2,1200,2.61,13.12,,,,,,6.4,5.4,25.9,17.2,24.6,24.5,25.0,25.3,25.4,25.4,24.7,23.2,20.9,,,,,,2022,9,38,265,0,0,1,0
184,제주,2022-09-23,22.4,19.4,2324,26.8,1103,,,,,,,9.5,20,2016,5.9,20,2036,2.9,2516,20,17.0,54,1431,72.3,19.5,1012.2,1017.4,2349,1012.9,0322,1014.6,12.1,6.3,1100,2.84,16.94,,,,,,6.3,3.5,26.5,16.6,24.9,24.7,25.1,25.3,25.1,25.2,24.7,23.1,20.8,3.9,5.6,,,,2022,9,38,266,0,0,1,0
184,제주,2022-09-24,21.4,19.0,0631,24.4,1409,,,,,,,8.6,50,0557,5.5,50,0558,2.7,2370,20,12.2,47,1129,56.6,14.2,1014.5,1018.7,0952,1015.6,1802,1016.9,12.1,6.4,1100,3.04,18.93,,,,,,6.6,4.9,26.2,16.4,24.3,24.1,24.8,25.1,25.1,25.0,24.5,23.0,20.8,3.6,5.2,,,,2022,9,38,267,0,0,0,0
184,제주,2022-09-25,22.4,20.2,0146,25.4,1154,0.0,,0.0,,0.18,0.0,9.1,50,1225,6.0,70,1232,2.7,2305,70,17.0,61,0001,72.0,19.4,1013.5,1016.9,0855,1014.6,1442,1015.9,12.1,1.4,1100,2.36,12.48,,,,,,8.3,3.8,24.7,17.7,24.4,24.3,24.7,25.0,25.0,24.9,24.6,23.1,20.8,2.7,3.8,0.0,{비}1455-{비}{강도0}1500-1506.,,2022,9,38,268,0,0,1,0
184,제주,2022-09-26,22.7,20.6,0138,26.4,1358,,,,,,,6.7,50,1437,4.8,50,1407,2.3,1952,50,16.6,56,1359,69.0,19.0,1014.2,1017.7,0914,1015.3,1503,1016.6,12.0,3.3,1300,2.33,14.15,,,,,,8.5,7.8,27.1,16.7,24.6,24.4,24.8,25.0,24.9,24.9,24.5,23.1,20.8,3.1,4.4,0.7,,,2022,9,39,269,0,0,1,0
184,제주,2022-09-27,22.7,19.5,0415,25.8,1100,0.3,233,0.6,143,2.65,0.7,6.8,70,1613,4.7,50,1549,2.4,2088,50,17.0,49,1513,71.3,19.5,1012.9,1017.8,0005,1013.7,1656,1015.3,12.0,10.0,1200,2.87,19.21,,,,,,5.4,2.3,27.5,17.4,24.8,24.6,25.1,25.1,25.0,24.8,24.4,23.0,20.8,3.5,5.0,,{비}0007-0246. {햇무리}1305-1420.,,2022,9,39,270,0,0,1,1
184,제주,2022-09-28,23.2,21.1,0016,26.1,1200,0.0,,0.0,,1.72,0.0,8.7,50,1211,5.2,70,1212,2.3,1944,70,19.3,65,2400,79.1,22.5,1011.4,1015.0,0001,1012.8,1715,1013.8,12.0,0.5,1100,1.99,8.29,,,,,,9.3,4.3,25.9,17.6,24.6,24.5,24.8,25.1,25.0,24.7,24.3,22.9,21.1,1.9,2.7,0.0,{비}2008-{비}{강도0}2100-2151.,,2022,9,39,271,0,0,1,0
184,제주,2022-09-29,22.4,18.3,2327,26.7,1345,0.0,,0.0,,1.15,0.0,6.0,340,1430,4.2,340,1430,2.3,2025,180,16.5,52,1631,69.5,19.1,1012.7,1016.4,2128,1013.7,0329,1015.1,11.9,7.6,1300,2.55,16.71,,,,,,4.6,2.9,23.1,16.1,25.0,25.0,24.8,24.8,24.7,24.7,24.3,23.1,21.1,3.7,5.3,,{비}0232-0247. {비}0721-0815.,,2022,9,39,272,0,0,1,0
184,제주,2022-09-30,21.7,17.2,0625,26.2,1359,,,,,,,5.9,20,1505,4.5,50,1423,2.5,2202,180,15.1,50,0114,66.6,17.5,1014.1,1017.5,0953,1015.3,1535,1016.5,11.9,10.9,1200,2.99,20.57,,,,,,0.8,0.0,24.6,14.8,23.6,23.9,24.2,24.5,24.7,24.6,24.3,22.8,21.0,4.3,6.2,,,,2022,9,39,273,0,0,1,0
184,제주,2022-10-01,22.8,17.7,0601,26.8,1514,,,,,,,6.5,50,1500,4.7,50,1244,2.8,2435,180,13.6,46,0855,56.9,16.0,1015.4,1019.1,1014,1016.6,1732,1017.8,11.9,10.0,1200,2.96,20.04,,,,,,1.0,0.8,27.3,14.4,23.3,23.5,23.6,24.0,24.3,24.5,24.2,22.8,21.1,4.8,6.9,,,,2022,10,39,274,0,0,1,0
184,제주,2022-10-02,24.9,18.9,0546,30.6,1355,,,,,,,4.8,340,1221,3.6,320,1555,2.1,1842,180,17.4,46,0735,64.0,20.6,1014.3,1018.3,0934,1015.0,1630,1016.6,11.8,10.8,1200,2.76,19.0,,,,,,1.1,0.4,25.8,15.3,24.4,24.2,24.0,24.1,23.8,24.3,24.2,22.7,21.1,3.8,5.5,,,,2022,10,39,275,0,0,1,0
184,제주,2022-10-03,26.1,22.6,0520,29.5,1324,,,,,,,5.6,20,1331,4.4,50,1141,2.1,1791,50,21.5,63,1107,76.5,25.8,1012.6,1016.8,0909,1012.9,2400,1014.9,11.8,10.6,1200,2.73,18.09,,,,,,1.9,0.3,27.5,20.3,24.8,24.9,24.8,24.7,24.0,24.2,24.2,23.0,21.3,3.8,5.4,0.9,,,2022,10,40,276,0,0,1,0
184,제주,2022-10-04,21.3,18.2,2342,27.8,0809,1.0,854,1.7,841,4.48,1.7,15.9,340,0848,8.7,250,0800,3.5,3038,320,18.0,69,0756,81.8,21.0,1013.3,1019.6,2357,1010.2,0454,1015.7,11.8,0.5,1000,0.85,3.02,,,,,,7.1,5.3,20.8,17.3,23.9,24.2,24.5,24.6,25.0,24.3,24.2,23.4,22.0,1.4,2.0,0.8,{비}0841-{비}{강도0}0900-0944. {비}1054-{비}{강도0}1200-1420.,,2022,10,40,277,0,0,1,1
184,제주,2022-10-05,19.4,17.5,2349,22.6,1510,0.1,,0.1,,2.88,0.1,7.2,320,0204,4.5,340,0045,3.0,2626,340,12.8,53,1233,66.4,14.8,1018.0,1022.0,0933,1016.4,1633,1020.4,11.7,6.5,1200,2.84,16.29,,,,,,7.8,6.0,20.5,17.4,22.5,22.5,23.0,23.7,24.3,24.4,24.0,22.9,21.6,3.2,4.5,0.5,{비}2107-{비}{강도0}2400-,,2022,10,40,278,0,0,0,1
184,제주,2022-10-06,18.7,16.7,0357,21.6,1454,0.2,,0.5,2136,12.15,0.9,7.9,340,2216,4.5,20,0447,2.8,2384,20,13.1,57,1444,70.6,15.1,1017.5,1021.5,0041,1018.1,1501,1019.9,11.7,1.0,1200,1.76,8.76,,,,,,9.4,5.4,20.5,14.3,22.3,22.4,23.2,23.4,23.9,24.3,24.0,22.8,21.5,2.3,3.3,0.5,-{비}-{비}{강도0}0300-{비}{강도0}0600-0622. {비}1656-1741. {비}1858-{비}{강도0}2100-{비}{강도0}2400-,,2022,10,40,279,0,0,0,1
184,제주,2022-10-07,17.8,15.6,0640,21.1,1535,0.0,,0.0,,4.7,0.0,12.7,50,1209,6.0,360,1058,4.0,3445,340,10.6,49,1306,63.3,12.8,1018.3,1023.1,2220,1019.0,1448,1020.8,11.7,4.5,1300,2.66,12.66,,,,,,8.3,5.1,19.7,12.4,21.3,21.5,22.5,22.7,23.4,24.0,23.7,23.0,21.7,2.8,4.0,3.7,-{비}-0017. {비}0057-0248. {비}0308-0356. {비}0421-{비}{강도0}0600-0607.,,2022,10,40,280,0,0,0,0
184,제주,2022-10-08,18.0,15.5,0619,20.6,1422,0.8,824,1.7,808,9.27,5.4,13.1,70,1205,7.3,70,1420,3.2,2804,90,14.4,66,1545,80.3,16.5,1019.6,1023.7,0845,1020.5,1603,1022.1,11.6,0.3,1400,1.17,5.15,,,,,,9.8,7.5,18.5,12.9,20.8,21.1,22.0,22.1,22.8,23.7,23.5,22.7,21.5,1.5,2.2,2.5,{비}0414-{비}{강도0}0600-{비}{강도0}0900-{비}{강도0}1200-1210. {비}1735-{비}{강도0}1800-1855.,,2022,10,40,281,0,0,0,1
184,제주,2022-10-09,18.6,16.4,1918,20.5,1520,5.2,940,8.6,921,7.97,12.1,19.5,320,1909,10.8,340,1918,3.2,2806,320,15.7,70,2348,84.1,17.9,1015.1,1021.8,0004,1014.0,1544,1017.5,11.6,0.4,1200,1.27,4.91,,,,,,9.8,7.0,19.2,15.6,20.8,20.9,21.6,21.6,22.3,23.4,23.4,22.7,21.5,2.1,3.0,11.3,{비}0508-{비}{강도0}0600-{비}{강도0}0900-1154. {비}1841-1953.,,2022,10,40,282,0,0,0,1
184,제주,2022-10-10,16.2,14.4,1426,18.3,1122,1.3,1416,1.4,1330,2.42,1.9,15.0,320,1918,8.9,320,1919,6.5,5642,320,9.1,49,2117,63.8,11.6,1016.8,1021.7,2317,1017.7,0343,1019.3,11.6,2.9,1000,2.23,9.82,,,,,,7.1,6.3,15.3,12.6,19.4,19.8,21.0,21.2,21.9,22.9,22.8,22.7,21.7,3.0,4.3,1.9,{비}0821-0826. {비}1130-{비}{강도0}1200-1220. {비}1337-1346. {비}1411-1450. {비}1546-1558. {무지개}1600-1610. {비}1623-1640. {비}2212-2221. {비}2352-2356.,,2022,10,41,283,0,0,0,1
184,제주,2022-10-11,17.1,15.6,0353,20.1,1354,,,,,,,13.8,340,0147,8.2,320,0151,4.6,3958,340,10.1,52,1250,64.0,12.4,1020.4,1024.5,2208,1020.8,0035,1022.9,11.5,4.9,1200,2.61,14.11,,,,,,7.3,6.8,17.2,13.1,19.5,19.4,20.3,20.5,21.2,22.2,22.0,22.5,21.6,3.1,4.4,,,,2022,10,41,284,0,0,0,0
184,제주,2022-10-12,18.2,12.9,0526,20.6,1629,,,,,,,10.8,50,2209,6.5,70,2238,3.1,2704,70,12.6,56,1142,70.4,14.6,1022.5,1026.0,1012,1024.1,0010,1025.0,11.5,9.2,1200,2.87,18.48,,,,,,2.3,2.1,20.5,8.5,20.6,20.4,20.8,20.5,21.0,22.0,21.9,22.5,21.4,3.9,5.5,,,,2022,10,41,285,0,0,0,0
184,제주,2022-10-13,19.4,17.7,2346,21.9,1027,,,,,,,11.7,50,0925,7.9,50,1117,4.2,3621,70,14.1,63,1029,72.0,16.1,1020.4,1024.9,0019,1021.1,2356,1022.9,11.4,3.1,1000,1.69,10.31,,,,,,6.1,6.1,20.1,12.8,20.8,20.8,21.3,20.8,21.0,21.8,22.1,22.4,21.4,2.4,3.5,,,,2022,10,41,286,0,0,0,0
184,제주,2022-10-14,19.5,17.7,2334,22.1,1451,,,,,,,9.4,50,0554,6.1,50,1223,3.2,2772,70,15.1,69,1432,76.3,17.2,1017.0,1021.2,0008,1017.7,1453,1019.4,11.4,6.3,1200,2.47,14.34,,,,,,3.8,3.8,21.4,12.7,21.1,20.9,21.2,20.6,20.9,21.8,22.1,22.4,21.4,2.6,3.7,,,,2022,10,41,287,0,0,0,0
184,제주,2022-10-15,20.4,17.9,0001,23.0,1158,,,,,,,8.5,70,1515,5.7,50,1220,2.7,2310,70,15.7,61,1033,75.5,17.9,1016.3,1020.1,0847,1017.6,1455,1018.7,11.4,8.7,1200,2.75,17.14,,,,,,4.8,4.4,22.8,13.6,22.2,21.7,21.7,20.8,21.0,21.7,22.0,22.4,21.4,3.1,4.4,,,,2022,10,41,288,0,0,0,0
184,제주,2022-10-16,20.4,18.3,2356,23.1,1227,,,,,,,7.9,70,1009,5.0,50,1203,2.6,2205,50,16.3,67,1221,78.1,18.6,1016.0,1019.4,0839,1017.3,0403,1018.4,11.4,3.8,1200,2.13,11.46,,,,,,5.3,5.0,22.8,13.4,22.6,22.3,22.3,21.3,21.3,21.7,22.0,22.3,21.4,2.4,3.4,,,,2022,10,41,289,0,0,0,0
184,제주,2022-10-17,16.9,14.0,2359,20.4,1142,,,,,,,15.2,20,2130,7.9,20,2130,4.5,3863,340,8.8,40,1315,60.1,11.6,1018.3,1022.9,2152,1018.6,0100,1020.8,11.3,7.2,1300,2.5,15.43,,,,,,5.1,5.1,19.9,11.8,21.9,21.8,22.2,21.4,21.4,21.7,21.8,22.2,21.4,4.6,6.5,,{박무}0444-{박무}{강도0}0600-0712.,,2022,10,42,290,0,0,0,0
184,제주,2022-10-18,14.7,13.1,0618,17.8,1316,,,,,,,15.2,20,0520,9.3,50,0548,6.2,5330,20,5.3,42,1427,54.1,9.0,1021.2,1025.3,2313,1021.9,0335,1023.7,11.3,9.0,1300,2.46,16.69,,,,,,2.9,2.9,18.8,10.2,20.3,20.5,21.3,20.9,21.1,21.6,21.4,22.1,21.3,4.2,6.0,,,,2022,10,42,291,0,0,0,0
184,제주,2022-10-19,15.1,12.4,2358,18.8,1512,,,,,,,9.5,50,0631,5.8,20,0008,3.8,3254,20,6.7,42,1247,58.4,9.8,1023.9,1027.5,2320,1024.9,0019,1026.4,11.3,9.7,1200,2.72,17.37,,,,,,1.6,1.6,18.9,7.2,19.9,20.0,20.6,20.3,20.6,20.9,21.3,22.0,21.2,3.4,4.9,,,,2022,10,42,292,0,0,0,0
184,제주,2022-10-20,15.9,11.5,0406,20.2,1527,,,,,,,8.3,50,1314,5.6,50,1300,2.8,2411,50,9.6,49,1134,67.1,12.0,1024.7,1028.4,0907,1026.0,1517,1027.2,11.2,10.5,1200,2.68,17.62,,,,,,0.1,0.0,19.3,6.0,19.6,19.6,20.2,19.9,20.2,21.1,21.2,22.0,21.3,3.3,4.7,,,,2022,10,42,293,0,0,0,0
184,제주,2022-10-21,18.5,13.4,0403,22.3,1308,,,,,,,9.4,70,1231,6.0,50,1343,2.6,2247,70,14.5,66,1219,78.0,16.8,1022.1,1026.6,0856,1022.5,2346,1024.6,11.2,5.9,1200,2.45,13.3,,,,,,6.3,2.4,20.3,8.7,20.1,20.0,20.3,19.8,20.0,21.0,21.2,22.0,21.2,2.3,3.3,,,,2022,10,42,294,0,0,0,0
184,제주,2022-10-22,20.0,17.5,2353,24.3,1346,,,,,,,7.1,20,0706,4.6,50,0712,1.9,1644,20,15.4,53,1338,75.8,17.5,1018.8,1022.9,0153,1019.6,1807,1021.2,11.2,2.2,1100,2.17,9.43,,,,,,6.1,3.5,22.2,13.1,21.7,21.4,21.3,20.2,20.2,20.9,21.1,22.0,21.2,2.0,2.9,,,,2022,10,42,295,0,0,0,0
184,제주,2022-10-23,17.5,15.2,2134,20.6,1250,,,,,,,15.4,20,2335,9.6,20,2356,3.9,3347,340,11.2,51,1342,67.6,13.5,1017.6,1021.3,2240,1018.7,1523,1020.1,11.1,5.9,1200,2.58,13.86,,,,,,3.6,3.6,21.5,11.6,21.3,21.1,21.3,20.4,20.4,20.9,21.0,21.9,21.3,3.8,5.4,,,,2022,10,42,296,0,0,0,0
184,제주,2022-10-24,15.4,13.1,2344,17.8,1321,,,,,,,14.7,20,0002,9.3,20,0001,6.0,5219,20,6.2,39,1447,54.9,9.6,1020.0,1024.6,2342,1020.6,0001,1022.5,11.1,8.4,1200,2.41,15.52,,,,,,2.6,2.6,19.1,10.1,20.2,20.2,20.7,20.2,20.4,20.8,20.5,21.7,21.2,4.2,6.1,,,,2022,10,43,297,0,0,0,0
184,제주,2022-10-25,14.8,11.9,0653,18.4,1324,,,,,,,12.8,20,0007,8.5,20,0013,3.9,3334,70,5.8,43,1459,55.8,9.3,1024.2,1028.0,2239,1024.5,0001,1026.7,11.1,8.2,1200,2.55,15.03,,,,,,2.6,2.6,17.9,6.6,19.4,19.4,20.0,19.6,19.9,20.5,20.3,21.7,21.2,3.0,4.2,,,,2022,10,43,298,0,0,0,0
184,제주,2022-10-26,17.6,13.8,0006,20.6,1558,,,,,,,12.3,70,1030,7.3,70,1243,3.3,2846,110,10.9,54,1943,65.1,13.1,1023.5,1027.7,0946,1024.8,1459,1025.9,11.0,6.9,1200,2.25,14.23,,,,,,7.4,5.6,20.6,11.0,19.9,19.7,20.0,19.3,19.6,20.4,20.4,20.7,21.1,2.9,4.1,,,,2022,10,43,299,0,0,0,0
184,제주,2022-10-27,16.9,13.4,2346,21.1,1453,,,,,,,5.3,20,1407,3.6,20,1426,2.0,1755,180,9.7,39,1521,63.6,12.2,1022.5,1026.0,0942,1023.7,1453,1025.0,11.0,4.1,1400,1.94,9.43,,,,,,5.1,3.1,20.1,8.1,20.1,19.9,20.2,19.5,19.6,20.3,20.5,21.6,21.1,2.4,3.4,,,,2022,10,43,300,0,0,0,0
184,제주,2022-10-28,16.5,12.5,0657,20.8,1428,,,,,,,6.5,50,1340,4.5,50,1520,2.4,2066,180,11.6,58,1210,73.3,13.7,1022.7,1026.3,0852,1024.1,1627,1025.2,11.0,9.2,1300,2.33,14.91,,,,,,4.4,1.9,19.6,7.6,19.6,19.4,19.8,19.2,19.4,20.2,20.3,21.6,21.1,2.7,3.8,0.0,,,2022,10,43,301,0,0,0,0
184,제주,2022-10-29,18.0,14.6,0142,20.7,1319,0.0,,0.0,,0.83,0.0,12.2,70,1502,6.5,70,1502,3.8,3260,70,13.6,67,1717,76.0,15.6,1022.5,1026.0,0944,1024.1,1411,1025.0,10.9,6.3,1100,2.06,11.74,,,,,,4.4,3.9,20.4,9.7,20.2,19.9,20.1,19.3,19.4,20.1,20.5,21.5,21.1,2.4,3.4,,{비}0258-{비}{강도0}0300-0348.,,2022,10,43,302,0,0,0,0
184,제주,2022-10-30,17.6,15.7,2302,20.0,1134,,,,,,,10.5,70,1406,6.1,70,1456,3.6,3075,70,12.6,65,1429,73.0,14.7,1021.7,1025.3,0855,1023.2,1438,1024.1,10.9,5.6,1100,2.11,12.08,,,,,,4.3,4.3,20.0,9.9,20.2,20.0,20.1,19.3,19.4,20.1,20.5,21.4,21.0,2.7,3.8,,,,2022,10,43,303,0,0,0,0
184,제주,2022-10-31,17.2,15.8,0225,19.7,1354,,,,,,,11.3,70,0730,5.9,70,0823,3.8,3319,70,12.0,63,1355,71.8,14.1,1020.7,1024.5,0954,1021.8,1444,1023.2,10.9,4.4,1300,2.11,10.28,,,,,,5.0,4.9,19.5,10.1,20.0,19.8,20.0,19.3,19.5,20.1,20.6,21.3,21.0,2.2,3.1,,,,2022,10,44,304,0,0,0,0
184,제주,2022-11-01,17.5,14.5,0500,21.5,1424,,,,,,,7.9,50,0558,5.7,50,0627,2.4,2087,20,12.7,52,1319,74.9,14.7,1019.4,1023.6,0914,1020.4,1445,1021.8,10.8,9.1,1200,2.38,14.88,,,,,,2.9,2.9,20.2,8.6,20.1,19.9,20.0,19.2,19.4,20.2,20.5,21.4,21.0,2.8,3.9,,{박무}2213-{박무}{강도0}2400-,,2022,11,44,305,0,0,0,0
184,제주,2022-11-02,16.2,12.7,2346,19.9,1326,,,,,,,6.5,50,1225,4.5,50,1225,2.5,2124,50,11.1,63,1517,72.4,13.3,1017.9,1022.2,0854,1018.9,2359,1020.4,10.8,9.5,1200,2.3,14.43,,,,,,2.3,2.3,19.7,7.4,20.4,20.1,20.3,19.3,19.4,19.8,20.3,21.3,21.0,2.6,3.7,,-{박무}-{박무}{강도0}0300-0523. {연무}0904-{연무}{강도0}1200-1428.,,2022,11,44,306,0,0,0,0
184,제주,2022-11-03,15.9,11.3,0715,20.5,1245,,,,,,,13.1,360,2007,7.9,20,2014,3.2,2730,180,7.9,39,1332,60.6,10.7,1016.8,1021.3,2305,1017.2,1323,1019.2,10.8,9.1,1200,2.5,15.69,,,,,,3.0,2.0,18.4,6.1,19.4,19.2,19.7,19.1,19.4,20.0,20.3,21.2,20.9,3.7,5.3,,,,2022,11,44,307,0,0,0,0
184,제주,2022-11-04,12.4,10.6,2144,14.9,0001,,,,,,,10.8,320,1311,6.3,320,1249,4.4,3759,360,4.6,51,1816,59.8,8.6,1021.5,1025.6,2218,1021.1,0003,1024.0,10.8,5.2,1000,1.76,10.47,,,,,,5.4,5.4,16.4,6.6,18.8,18.9,19.5,18.9,19.2,19.9,20.1,21.1,21.0,2.6,3.7,,,,2022,11,44,308,0,0,0,0
184,제주,2022-11-05,12.7,10.8,0645,16.2,1436,,,,,,,11.9,20,0735,6.5,20,0726,4.0,3452,20,4.8,47,1253,59.3,8.6,1023.6,1028.1,0936,1025.0,0021,1026.1,10.7,4.9,1300,2.22,11.07,,,,,,5.5,5.0,16.3,7.5,17.8,17.8,18.5,18.3,18.8,19.7,19.8,21.1,20.9,2.6,3.7,,,,2022,11,44,309,0,0,0,0
184,제주,2022-11-06,12.6,8.5,0700,17.0,1358,,,,,,,8.9,50,0410,5.5,20,0425,2.7,2348,180,4.6,46,1346,58.9,8.5,1022.9,1027.5,0912,1023.8,1656,1025.4,10.7,9.0,1300,2.17,13.42,,,,,,1.8,1.3,15.6,3.5,17.4,17.4,18.1,17.9,18.4,19.5,19.7,21.1,20.9,2.5,3.6,,,,2022,11,44,310,0,0,0,0
184,제주,2022-11-07,13.7,9.5,0704,18.3,1453,,,,,,,6.0,20,1327,4.2,50,1336,2.2,1897,180,7.2,51,1118,66.1,10.2,1021.3,1024.8,0923,1022.3,1440,1023.8,10.7,9.4,1200,2.23,13.92,,,,,,0.6,0.6,15.8,3.9,17.2,17.1,17.7,17.5,18.0,19.3,19.6,21.0,20.8,2.7,3.8,,,,2022,11,45,311,0,0,0,0
184,제주,2022-11-08,15.0,10.5,0625,20.8,1309,,,,,,,5.5,50,1411,3.9,50,1411,2.2,1934,180,6.4,31,1450,58.5,9.7,1022.8,1026.4,0939,1024.2,0109,1025.2,10.6,9.5,1200,2.27,14.17,,,,,,0.0,0.0,16.4,5.5,17.5,17.3,17.8,17.3,17.8,19.1,19.6,21.0,20.8,3.1,4.4,,,,2022,11,45,312,0,0,0,0
184,제주,2022-11-09,16.5,12.1,0031,21.4,1506,,,,,,,7.5,50,1654,4.8,50,1230,2.7,2321,160,9.9,52,1023,66.0,12.4,1022.5,1026.8,0906,1023.2,1643,1025.0,10.6,9.1,1200,2.11,13.08,,,,,,2.1,0.6,16.1,6.2,17.8,17.5,17.8,17.3,17.7,19.0,19.6,20.9,20.8,2.5,3.5,5.7,{달코로나}2352-,,2022,11,45,313,0,0,0,0
184,제주,2022-11-10,18.7,14.8,0026,23.5,1357,,,,,2.67,5.7,9.5,110,1005,5.6,70,1526,3.0,2575,90,15.2,68,1308,81.0,17.4,1020.5,1024.2,0001,1021.4,1349,1023.0,10.6,3.2,1300,2.04,8.16,,,,,,6.5,5.4,19.1,9.9,18.9,18.5,18.4,17.6,17.8,18.9,19.6,20.9,20.8,1.8,2.6,,-{달코로나}-0058. {비}0309-0549.,,2022,11,45,314,0,0,0,1
184,제주,2022-11-11,20.4,18.1,0655,24.0,1327,,,,,,,11.5,90,1423,6.0,110,1505,3.3,2885,110,16.1,59,1328,77.3,18.3,1021.1,1025.1,0909,1022.4,2358,1023.6,10.6,8.8,1200,2.13,12.9,,,,,,3.3,2.9,20.5,14.4,20.4,19.7,19.5,18.2,18.2,19.0,19.6,20.9,20.7,2.7,3.8,0.9,,,2022,11,45,315,0,0,0,0
184,제주,2022-11-12,20.2,17.1,0532,24.0,1557,,,,,2.93,3.5,8.0,90,0041,4.1,110,0041,1.9,1605,180,17.4,78,0215,84.8,20.1,1014.9,1022.4,0001,1013.2,2349,1017.3,10.5,1.7,1400,0.91,4.01,,,,,,6.1,4.4,19.9,12.5,20.0,19.8,19.8,18.7,18.7,19.0,19.4,20.8,20.7,1.0,1.4,3.2,{비}0827-{비}{강도0}0900-1009. {비}1111-1157. {비}1905-1933.,,2022,11,45,316,0,0,0,1
184,제주,2022-11-13,14.9,12.9,2229,21.2,0156,,,,,1.6,0.6,13.2,320,0406,7.8,320,0413,4.8,4141,320,11.3,65,1843,79.6,13.8,1015.4,1020.8,2122,1012.7,0219,1017.9,10.5,0.0,1200,0.24,1.12,,,,,,9.9,8.4,15.9,11.4,18.6,18.8,19.5,18.7,19.0,19.1,19.3,20.3,20.7,1.3,1.9,,{비}0257-{비}{강도0}0300-0433.,,2022,11,45,317,0,0,0,1
184,제주,2022-11-14,13.7,12.3,2343,16.4,1330,,,,,,,9.7,340,1818,5.5,340,2014,3.8,3310,340,8.0,60,1331,68.6,10.7,1017.1,1020.9,0900,1018.5,1459,1019.6,10.5,2.1,1200,1.39,7.18,,,,,,7.9,6.6,14.7,9.8,17.0,17.1,17.9,17.7,18.4,19.0,18.9,20.5,20.7,2.2,3.1,,,,2022,11,46,318,0,0,0,0
184,제주,2022-11-15,13.1,10.2,2357,16.7,1403,,,,,,,9.1,50,0737,5.9,20,0822,3.2,2762,320,5.6,47,1106,61.4,9.1,1017.1,1021.4,2234,1018.3,0532,1019.6,10.5,6.6,1200,2.27,12.56,,,,,,3.9,3.8,14.5,5.9,17.1,16.9,17.6,17.3,17.9,18.7,18.7,20.5,20.7,2.4,3.4,,,,2022,11,46,319,0,0,0,0
184,제주,2022-11-16,13.5,9.7,0254,18.7,1403,,,,,,,7.1,340,1214,4.6,290,1151,2.6,2208,180,7.8,54,1119,69.0,10.6,1019.4,1023.0,2230,1020.7,0414,1021.9,10.4,6.5,1300,1.79,10.54,,,,,,3.0,3.0,13.5,4.9,16.2,16.3,17.0,16.8,17.3,18.5,18.6,20.5,20.6,2.0,2.9,,,,2022,11,46,320,0,0,0,0
184,제주,2022-11-17,14.2,11.4,0604,18.2,1344,,,,,,,8.5,70,1444,5.4,50,1436,2.1,1796,110,9.4,53,1021,73.6,11.9,1020.4,1024.1,0935,1021.4,1401,1022.9,10.4,0.9,1300,1.48,5.13,,,,,,8.4,6.8,14.7,8.4,16.2,16.3,16.9,16.5,17.0,18.3,18.6,20.5,20.6,1.3,1.9,,,,2022,11,46,321,0,0,0,0
184,제주,2022-11-18,16.0,13.9,0740,18.9,1042,,,,,,,11.9,70,1243,6.7,70,1301,3.1,2662,110,12.0,68,1041,78.0,14.1,1021.4,1025.5,0938,1022.8,1337,1023.9,10.4,5.9,1300,1.77,10.58,,,,,,4.9,4.5,16.5,9.3,17.1,16.9,17.2,16.6,16.9,18.2,18.7,20.5,20.6,,,,,,2022,11,46,322,0,0,0,0
184,제주,2022-11-19,17.1,14.9,0216,19.9,1539,,,,,0.4,0.0,11.8,70,1333,7.2,70,1340,3.2,2723,110,12.9,65,1635,76.9,14.9,1018.0,1023.1,0001,1018.6,1509,1020.5,10.3,3.4,1300,1.6,7.18,,,,,,6.6,5.4,16.9,9.5,17.4,17.2,17.5,16.8,17.0,18.2,18.8,20.4,20.6,1.6,2.3,4.4,{비}0509-0533.,,2022,11,46,323,0,0,0,0
184,제주,2022-11-20,15.7,14.4,2248,17.0,0454,,,,,12.53,23.3,9.4,70,1525,5.5,70,1529,2.5,2175,110,14.2,77,0022,91.0,16.2,1016.3,1020.4,0911,1017.4,1408,1018.8,10.3,0.0,1000,0.26,0.52,,,,,,7.4,5.6,15.8,10.9,17.1,17.1,17.6,16.9,17.2,18.2,18.9,20.4,20.5,0.4,0.6,18.9,{비}0537-{비}{강도0}0600-{비}{강도0}0900-{비}{강도0}1200-{비}{강도0}1500-{비}{강도0}1800-1809. {박무}0905-1020. {박무}1231-1333. {박무}1408-{박무}{강도1}1500-1509. {박무}1601-1704.,,2022,11,46,324,0,0,0,1
184,제주,2022-11-21,16.2,13.9,0222,20.0,1239,,,,,,,7.3,20,1307,5.1,50,1327,2.2,1897,160,12.1,61,2256,78.3,14.4,1018.7,1022.8,2234,1019.6,0005,1021.1,10.3,8.1,1200,2.18,12.22,,,,,,4.5,3.0,16.3,10.1,17.1,17.0,17.3,16.6,17.0,18.2,18.8,20.3,20.5,2.3,3.2,,,,2022,11,47,325,0,0,0,0
184,제주,2022-11-22,15.7,13.9,0158,18.2,1252,,,,,8.97,9.8,11.8,70,1903,6.8,70,1804,2.8,2431,90,12.3,62,0001,81.5,14.5,1015.9,1022.0,0119,1014.6,2353,1018.4,10.3,0.0,1200,0.4,1.92,,,,,,9.6,7.3,14.9,10.3,16.4,16.5,17.1,16.6,17.0,18.2,18.8,20.3,20.5,0.8,1.2,16.7,{비}1136-{비}{강도0}1200-1254. {비}1336-{비}{강도0}1500-1523. {비}1638-{비}{강도0}1800-{비}{강도0}2100-2109. {비}2238-{비}{강도0}2400-,,2022,11,47,326,0,0,0,1
184,제주,2022-11-23,14.2,10.9,2312,16.2,1305,,,,,5.45,6.9,10.7,20,0841,7.0,20,0645,3.7,3233,340,10.1,58,1926,76.8,12.6,1015.7,1021.3,2351,1014.4,0016,1018.2,10.3,0.7,1100,1.0,4.82,,,,,,6.1,4.5,14.9,7.6,16.4,16.5,17.0,16.4,16.9,18.2,19.1,20.2,20.5,1.3,1.8,,-{비}-{비}{강도0}0300-0521. {비}0602-0608.,,2022,11,47,327,0,0,0,1
184,제주,2022-11-24,12.8,9.5,0607,18.1,1425,,,,,,,6.6,20,1521,3.7,20,1527,2.2,1868,180,6.9,57,1420,68.0,10.1,1019.1,1023.1,2344,1019.9,1342,1021.6,10.2,7.3,1100,1.72,10.78,,,,,,2.9,1.4,12.8,6.1,14.9,15.1,15.9,15.8,16.5,18.1,18.8,20.2,20.4,2.1,3.0,,,,2022,11,47,328,0,0,0,0
184,제주,2022-11-25,15.1,9.2,0600,21.6,1356,,,,,,,5.3,20,1439,3.6,160,0655,2.3,1993,180,5.5,26,1148,55.3,9.3,1016.6,1023.1,0001,1016.9,1439,1019.1,10.2,8.4,1200,2.05,11.88,,,,,,4.4,1.6,12.6,4.9,14.8,14.7,15.4,15.3,16.0,17.9,18.7,20.1,20.4,2.6,3.8,0.0,,,2022,11,47,329,0,0,0,0
184,제주,2022-11-26,14.6,10.6,2346,18.6,1350,,,,,0.82,0.0,10.6,20,1424,6.9,20,1432,3.0,2564,20,8.6,43,1425,68.5,11.3,1015.9,1021.1,2325,1015.8,0353,1018.4,10.2,5.1,1300,1.75,7.95,,,,,,3.6,3.6,14.6,6.9,15.9,15.6,16.0,15.4,15.9,17.6,18.6,20.2,20.4,2.1,3.0,,{비}0009-0058.,,2022,11,47,330,0,0,0,0
184,제주,2022-11-27,14.3,8.8,0519,19.8,1426,,,,,,,9.7,50,1347,6.4,50,1351,2.4,2064,160,6.5,44,0941,60.1,9.8,1016.9,1021.2,0110,1017.5,1502,1019.4,10.2,6.5,1200,1.75,9.7,,,,,,5.8,3.0,12.5,5.2,14.9,14.9,15.5,15.1,15.8,17.6,18.5,20.1,20.4,2.3,3.3,,{햇무리}1255-1550.,,2022,11,47,331,0,0,0,0
184,제주,2022-11-28,21.9,15.4,0019,27.4,1411,,,,,3.75,19.4,12.3,200,0649,5.8,110,0346,3.3,2813,50,16.4,41,1342,72.9,18.7,1010.9,1018.4,0017,1008.3,2400,1013.3,10.2,4.6,1100,1.93,8.95,,,,,,8.9,6.4,19.2,12.0,17.9,17.0,16.6,15.6,15.9,17.6,18.6,20.0,20.3,2.3,3.3,28.7,{비}1819-1825. {비}2021-{비}{강도0}2100-{비}{강도1}2400-,,2022,11,48,332,0,0,1,1
184,제주,2022-11-29,14.1,8.7,2347,21.0,0044,,,,,8.13,18.6,13.7,360,2311,7.2,20,0637,4.8,4133,360,10.5,51,1937,80.5,13.7,1014.0,1026.4,2317,1007.5,0038,1016.5,10.1,0.0,1300,0.3,0.99,,,,,,10.0,7.3,15.8,8.5,17.9,17.9,18.2,17.0,16.9,17.3,18.3,19.7,20.3,1.4,2.0,9.3,-{비}-0015. {비}0155-0212. {비}0240-{비}{강도0}0300-0312. {박무}0332-0438. {비}0512-{비}{강도0}0600-0605. {비}0705-{비}{강도1}0900-1150. {비}1657-1755. {비}2035-{비}{강도0}2100-2103.,,2022,11,48,333,0,0,0,1
184,제주,2022-11-30,5.7,4.1,2019,8.8,0010,,,,,1.72,0.0,17.6,20,0424,8.7,50,1810,6.4,5570,20,0.3,57,1513,68.5,6.3,1028.0,1033.1,2105,1026.1,0027,1030.6,10.1,0.0,1200,0.32,1.04,,,,,,9.4,8.0,7.6,4.3,12.6,13.6,15.3,15.7,16.7,17.8,18.2,19.7,20.3,1.3,1.9,0.0,{비}0612-0618. {비}1436-1458. {비}1515-{싸락눈}1547-{비}1558-1625. {싸락눈}1730-1735.,,2022,11,48,334,0,0,0,0
184,제주,2022-12-01,5.5,4.0,0337,7.0,1503,,,,,,0.0,13.1,20,0042,7.9,20,0049,3.9,3403,20,-0.8,55,2304,63.9,5.8,1028.1,1032.6,0239,1029.2,1622,1030.7,10.1,0.7,1000,0.63,3.68,,,,,,7.6,6.3,7.1,3.6,10.4,11.2,12.8,13.8,15.4,17.6,18.3,19.8,20.3,1.1,1.6,0.1,,,2022,12,48,335,0,0,0,0
184,제주,2022-12-02,7.1,5.4,0748,10.1,1456,,,,,2.83,0.1,10.4,20,0349,6.6,20,0406,2.7,2317,70,1.0,50,1454,66.0,6.6,1026.3,1031.5,1034,1026.3,2340,1028.9,10.1,3.2,1400,1.45,7.33,,,,,,6.6,5.1,8.3,2.4,10.7,11.0,12.2,12.8,14.5,17.2,18.2,19.8,20.3,1.4,2.0,0.2,{비}0346-0410. {비}0557-0823.,,2022,12,48,336,0,0,0,1
184,제주,2022-12-03,10.4,5.9,0057,12.3,1555,,,,,9.73,1.3,7.3,20,2342,4.8,20,2345,2.0,1738,110,8.0,72,0009,85.4,10.9,1022.7,1026.7,0850,1023.2,1605,1025.3,10.1,0.0,1000,0.49,1.64,,,,,,10.0,6.6,10.5,3.5,11.3,11.4,12.2,12.5,14.1,16.9,18.1,19.8,20.3,0.8,1.2,1.4,{비}0458-{비}{강도0}0600-0645. {비}0758-{비}{강도0}0900-0921. {비}1157-{비}{강도0}1200-1213. {비}1742-{비}{강도0}1800-{비}{강도0}2100-{비}{강도0}2400-,,2022,12,48,337,0,0,0,1
184,제주,2022-12-04,8.1,6.5,2216,10.9,0001,,,,,4.18,0.3,14.8,20,0508,9.2,20,0541,4.3,3675,20,1.5,50,1807,63.9,7.0,1026.0,1030.2,1007,1025.4,0027,1028.6,10.1,0.4,1300,1.04,5.57,,,,,,9.3,7.9,10.3,4.9,11.9,12.1,12.8,12.7,14.2,16.7,18.1,19.7,20.2,1.7,2.4,,-{비}-0111. {비}0122-0246. {박무}0208-0230. {비}0301-0416. {비}0445-0506. {달코로나}2132-2205. {달코로나}2220-2315.,,2022,12,48,338,0,0,0,1
184,제주,2022-12-05,5.8,4.6,2300,7.8,1443,,,,,,,12.7,20,1921,7.5,20,2214,5.2,4498,20,-1.1,50,0002,61.0,5.6,1026.1,1030.7,0917,1027.3,1436,1028.7,10.1,1.7,1300,1.1,5.33,,,,,,7.1,4.1,7.2,2.4,10.3,10.8,12.0,12.4,14.1,16.8,17.9,19.7,20.2,1.6,2.3,,,,2022,12,49,339,0,0,0,0
184,제주,2022-12-06,8.6,3.7,0449,12.3,1406,,,,,,,13.3,50,0033,7.3,20,0052,4.4,3816,320,0.0,43,1148,55.4,6.1,1023.8,1029.0,0009,1024.5,1502,1026.3,10.0,3.8,1100,1.73,7.77,,,,,,6.1,5.8,7.3,0.3,10.0,10.1,11.1,11.7,13.7,16.7,17.6,19.5,20.2,2.4,3.4,,,,2022,12,49,340,0,0,0,0
184,제주,2022-12-07,10.2,6.4,2400,14.1,1316,,,,,,,9.2,290,0805,5.6,320,0912,3.4,2967,320,2.0,44,1541,57.5,7.1,1023.9,1027.4,1037,1025.0,0449,1026.4,10.0,5.9,1200,1.73,8.55,,,,,,4.3,3.0,9.8,1.4,11.3,11.1,11.6,11.7,13.5,16.3,16.9,19.3,20.1,2.1,3.0,,,,2022,12,49,341,0,0,0,0
184,제주,2022-12-08,9.0,5.2,0548,12.5,1403,,,,,,,5.7,70,1300,3.6,70,1352,2.0,1760,160,1.8,49,2353,61.5,7.0,1023.5,1028.1,1000,1024.6,2121,1026.1,10.0,0.8,1000,1.09,6.03,,,,,,7.3,5.1,8.7,0.7,10.6,10.8,11.5,11.6,13.2,15.8,16.6,19.5,20.1,1.4,2.0,,{달코로나}2032-2250.,,2022,12,49,342,0,0,0,0
184,제주,2022-12-09,11.2,8.1,0640,14.6,1236,,,,,,,6.3,70,1617,4.6,50,1625,2.0,1752,160,3.2,28,1221,59.4,7.8,1020.1,1024.9,0001,1021.2,1442,1022.6,10.0,0.7,1100,0.84,4.25,,,,,,8.0,8.0,10.0,4.5,11.4,11.3,11.8,11.7,13.1,15.5,16.6,19.6,20.1,1.3,1.9,,,,2022,12,49,343,0,0,0,0
184,제주,2022-12-10,11.1,8.7,0447,14.5,1334,,,,,4.35,0.0,8.0,20,1851,5.2,20,1846,2.5,2133,20,5.4,48,2019,69.0,9.0,1017.2,1021.4,0001,1017.2,1454,1019.7,10.0,0.8,1200,1.25,5.83,,,,,,8.9,7.8,11.5,5.0,12.1,12.0,12.4,12.0,13.1,15.4,16.5,19.5,20.1,1.7,2.5,0.0,{비}1425-1458. {비}1616-1907. {비}2003-2028. {달코로나}2252-2336. {비}2305-2337.,,2022,12,49,344,0,0,0,0
184,제주,2022-12-11,9.1,5.7,2335,10.7,0001,,,,,0.15,0.0,18.7,20,0902,10.0,20,0904,5.1,4448,20,2.1,51,1228,62.1,7.1,1020.1,1024.0,2357,1020.5,0635,1022.6,10.0,3.6,1100,1.51,6.46,,,,,,5.3,4.5,10.1,0.6,12.1,12.1,12.6,12.3,13.4,15.5,16.5,19.2,20.0,1.7,2.5,,{비}0449-0458.,,2022,12,49,345,0,0,0,0
184,제주,2022-12-12,8.4,5.3,0105,10.5,2208,,,,,0.12,0.0,13.1,290,2238,7.5,290,2306,3.4,2964,180,2.6,51,2332,67.8,7.4,1019.0,1024.5,0110,1019.7,2107,1021.5,10.0,0.6,0900,0.61,1.64,,,,,,7.4,5.1,7.1,1.3,10.1,10.5,11.6,11.8,13.3,15.7,16.4,19.4,20.0,1.7,2.4,0.0,{비}1205-1212.,,2022,12,50,346,0,0,0,0
184,제주,2022-12-13,9.6,7.4,2354,12.0,1356,,,,,,,18.1,320,2349,10.6,320,2315,6.4,5537,320,0.6,46,1320,53.6,6.4,1019.8,1025.3,2358,1020.3,0043,1022.3,10.0,2.3,1300,1.45,5.68,,,,,,7.0,6.6,10.0,6.5,11.1,11.0,11.6,11.5,12.9,15.3,15.7,18.3,19.8,2.7,3.8,0.0,{황사}0735-{황사}{강도0}0900-{황사}{강도0}1200-{황사}{강도0}1500-{황사}{강도0}1800-{황사}{강도0}2400-,,2022,12,50,347,0,0,0,0
184,제주,2022-12-14,4.2,2.5,1940,7.4,0001,,,,,12.28,2.1,18.2,320,0011,10.3,320,0017,5.9,5064,320,-0.9,46,0011,70.9,5.8,1025.0,1029.7,0927,1025.3,0001,1027.6,10.0,1.1,1200,1.12,4.05,,,,,,7.8,6.9,7.0,0.8,9.8,10.3,11.4,11.6,12.9,14.7,14.4,17.2,19.3,1.0,1.4,2.1,-{황사}-0040. {비}0042-{비}{강도0}0300-0420. {비}0540-0547. {비}0631-{눈}0723-0759. {비}0906-0941. {싸락눈}1051-1103. {소낙눈}1241-1243. {싸락눈}1258-1324. {싸락눈}1409-{진눈깨비}1442-{진눈깨비}{강도0}1500-1513. {박무}1445-1458. {싸락눈}1546-{진눈깨비}1552-{싸락눈}1606-{비}1616-{비}{강도0}1800-{진눈깨비}1823-1950. {비}2314-2355.,,2022,12,50,348,0,0,0,1
184,제주,2022-12-15,7.0,2.4,0026,11.0,1436,,,,,,,8.3,360,0604,4.8,320,0534,2.6,2225,200,-0.2,47,1439,60.9,6.0,1023.5,1027.6,1003,1024.1,1650,1026.1,10.0,4.5,1100,2.1,8.88,,,,,,4.1,4.1,7.6,1.0,9.3,9.6,10.5,10.8,12.2,14.2,14.5,18.8,19.9,1.8,2.6,0.0,,,2022,12,50,349,0,0,0,0
184,제주,2022-12-16,5.7,4.5,1851,9.2,0310,,,,,1.42,0.0,15.7,20,0337,9.5,20,0432,4.3,3719,20,0.1,48,2121,68.3,6.3,1026.0,1031.2,1037,1025.1,0141,1028.6,10.0,0.0,1300,0.31,1.02,,,,,,9.9,7.0,6.6,4.0,8.9,9.3,10.3,10.6,11.9,13.9,15.1,18.9,19.9,0.9,1.3,0.5,{비}0446-{비}{강도0}0600-0607. {비}1423-1427.,,2022,12,50,350,0,0,0,0
184,제주,2022-12-17,3.4,0.3,2308,5.7,1151,,,,,14.72,1.2,20.5,340,1404,11.6,340,1502,7.0,6052,320,-0.4,56,1153,76.9,6.0,1024.1,1029.6,0001,1024.8,1711,1026.7,9.9,0.5,1200,0.76,2.54,0.4,2123,0.4,2123,0.4,9.1,7.9,4.7,0.1,7.9,8.4,9.6,10.1,11.5,14.1,14.8,18.5,19.8,1.3,1.9,1.6,{비}0629-{비}{강도0}0900-{진눈깨비}0935-1041. {비}1109-1112. {눈}1236-{진눈깨비}1438-{진눈깨비}{강도0}1500-{눈}1543-1636. {눈}1732-{눈}{강도0}1800-{진눈깨비}1908-{눈}2046-{눈}{강도0}2100-{눈}{강도0}2400-,,2022,12,50,351,0,0,0,1
184,제주,2022-12-18,2.5,-0.3,0245,4.0,1144,,,,,17.02,1.0,22.3,340,0156,12.0,340,0136,9.0,7818,320,-2.4,52,0059,70.5,5.1,1021.8,1025.9,0242,1022.4,1427,1024.4,9.9,0.9,1100,0.8,3.71,1.2,0355,1.2,0355,1.0,8.5,8.4,3.0,-0.5,6.2,6.9,8.5,9.4,11.1,13.3,12.7,16.0,18.7,1.5,2.2,0.4,-{눈}-0111. {눈}0152-{눈}{강도0}0300-0328. {소낙눈}0423-0427. {눈}0507-{눈}{강도0}0600-0632. {소낙눈}0715-0739. {소낙눈}0804-{소낙눈}{강도0}0900-1044. {소낙눈}1216-1406. {싸락눈}1520-{싸락눈}{강도0}1800-{싸락눈}{강도0}2100-2132. {싸락눈}2221-{싸락눈}{강도0}2400-,,2022,12,50,352,0,0,0,1
184,제주,2022-12-19,6.3,2.5,0149,8.5,1938,,,,,0.37,0.3,14.7,340,0206,8.7,340,0026,4.2,3640,320,-1.1,46,0917,59.4,5.7,1024.0,1027.7,1029,1024.8,0115,1026.6,9.9,0.8,1200,0.93,3.8,,,,,,8.0,6.9,5.2,0.2,6.7,7.1,8.1,8.8,10.2,12.1,11.7,16.4,19.1,1.2,1.7,,-{싸락눈}-{싸락눈}{강도0}0300-0322.,,2022,12,51,353,0,0,0,1
184,제주,2022-12-20,8.3,4.1,0743,12.1,1101,,,,,,,8.5,70,1432,5.5,70,1436,2.7,2320,160,3.0,53,1057,70.0,7.6,1022.3,1029.1,0945,1019.1,2124,1024.8,9.9,8.0,1200,1.71,9.85,,,,,,3.6,2.5,7.7,0.4,8.5,8.4,8.9,8.9,9.8,11.9,12.2,18.1,19.6,1.7,2.5,5.0,,,2022,12,51,354,0,0,0,0
184,제주,2022-12-21,9.3,7.7,2349,10.9,0657,,,,,12.7,17.7,15.7,340,2359,8.4,340,2400,4.1,3530,200,5.8,50,2159,79.9,9.3,1010.5,1020.0,0001,1009.9,1425,1013.0,9.9,0.0,1100,0.4,0.97,,,,,,9.5,7.5,8.4,4.9,9.3,9.2,9.6,9.3,10.0,11.8,12.5,18.3,19.6,1.4,2.0,13.0,{비}0036-0056. {비}0217-{비}{강도0}0300-0443. {비}0706-{비}{강도0}0900-{비}{강도0}1200-{비}{강도0}1500-1658. {비}2116-2120.,,2022,12,51,355,0,0,0,1
184,제주,2022-12-22,3.4,0.4,2115,7.7,0041,,,,,19.02,4.5,22.2,340,1930,12.2,340,2310,8.2,7110,340,-1.3,48,0046,72.0,5.6,1009.2,1014.2,2310,1010.3,1225,1011.8,9.9,0.0,1300,0.08,0.32,0.2,2122,0.2,2122,0.2,9.3,7.9,3.8,0.1,7.2,7.7,8.9,9.1,10.0,11.7,11.9,15.9,18.9,0.8,1.2,6.7,{비}0028-0036. {비}0117-0121. {비}0242-{비}{강도0}0300-0444. {비}0604-0710. {진눈깨비}0819-{진눈깨비}{강도0}0900-{진눈깨비}{강도0}1200-{눈}1235-{눈}{강도0}1500-{싸락눈}1758-{싸락눈}{강도0}1800-{싸락눈}{강도0}2100-{싸락눈}{강도0}2400-,,2022,12,51,356,0,0,0,1
184,제주,2022-12-23,1.7,-0.4,0816,2.8,1149,,,,,21.92,3.5,22.9,340,0511,12.4,340,0030,9.8,8453,320,-1.8,54,1911,78.0,5.4,1013.5,1018.3,2240,1013.6,0017,1016.1,9.9,0.3,1000,0.59,2.41,2.5,0832,2.7,0832,2.0,8.6,8.0,1.8,-0.5,5.0,5.7,7.3,8.1,9.2,10.7,10.0,13.6,17.7,1.1,1.6,3.7,-{싸락눈}-{싸락눈}{강도0}0300-{싸락눈}{강도0}0600-{싸락눈}{강도0}0900-1120. {싸락눈}1245-{진눈깨비}1355-{진눈깨비}{강도0}1500-1650. {진눈깨비}1730-{진눈깨비}{강도0}1800-{싸락눈}1804-{싸락눈}{강도0}2100-{눈}2341-{눈}{강도0}2400-,,2022,12,51,357,0,0,0,1
184,제주,2022-12-24,3.5,1.8,0345,4.1,0835,,,,,13.4,3.3,17.8,320,0339,10.7,320,0208,6.6,5687,360,0.0,61,0041,78.0,6.1,1017.2,1022.2,2313,1017.5,0024,1019.8,9.9,0.0,1200,0.11,0.31,0.3,0555,0.8,0555,0.6,9.0,8.1,3.1,0.9,4.8,5.2,6.4,7.1,8.1,9.3,8.7,13.4,17.7,0.8,1.1,0.6,-{눈}-0023. {싸락눈}0118-{소낙눈}0235-{소낙눈}{강도0}0300-{싸락눈}0331-{싸락우박}0348-{싸락눈}0355-{싸락우박}0425-{싸락눈}0428-{싸락눈}{강도0}0600-{싸락눈}{강도0}0900-{싸락눈}{강도0}1200-{소낙성진눈깨비}1237-1407. {소낙성진눈깨비}1505-1517.,,2022,12,51,358,0,0,0,1
184,제주,2022-12-25,5.7,3.9,0143,7.8,1409,,,,,,,13.5,360,1351,7.2,340,1353,4.4,3805,340,0.4,60,1938,69.4,6.3,1021.7,1026.1,2320,1022.1,0001,1024.3,9.9,0.1,1200,0.55,2.8,,,,,,6.5,6.4,4.6,0.9,5.8,6.0,6.7,6.8,7.4,8.8,9.1,16.4,19.1,1.2,1.7,,,,2022,12,51,359,0,0,0,0
184,제주,2022-12-26,6.8,5.0,0001,8.2,1256,,,,,,,9.8,20,2336,5.6,20,2208,3.7,3173,340,1.3,61,0918,68.4,6.7,1023.6,1027.6,2342,1024.9,1332,1026.2,9.9,0.1,1200,0.84,3.33,,,,,,8.0,7.0,5.8,2.2,6.5,6.5,7.0,6.8,7.3,8.8,9.1,16.1,19.1,1.2,1.8,,,,2022,12,52,360,0,0,0,0
184,제주,2022-12-27,6.5,5.6,0622,8.1,1404,,,,,,,10.7,50,0008,5.9,20,0029,3.5,3022,340,0.5,57,1425,65.8,6.3,1026.8,1030.6,1034,1027.4,0008,1029.4,9.9,0.6,1300,0.79,3.75,,,,,,6.9,6.9,6.1,2.1,7.1,7.1,7.5,7.0,7.4,8.8,9.5,16.9,19.2,1.1,1.6,,,,2022,12,52,361,0,0,0,0
184,제주,2022-12-28,6.8,5.3,0143,8.9,1128,,,,,0.35,0.0,10.9,20,2001,6.2,20,2011,3.8,3297,20,0.4,51,1657,63.9,6.3,1028.1,1032.9,2304,1029.1,1507,1030.7,10.0,0.7,1100,0.72,3.62,,,,,,7.9,7.3,5.9,2.6,7.2,7.2,7.6,7.1,7.5,9.0,9.7,17.1,19.3,1.4,2.0,0.0,{비}1235-1256.,,2022,12,52,362,0,0,0,0
184,제주,2022-12-29,6.0,4.9,0259,7.7,1451,,,,,,,11.8,50,0251,7.7,20,0152,4.0,3496,20,-0.4,53,1541,63.9,6.0,1030.4,1034.0,2252,1031.7,1407,1033.0,10.0,0.3,1400,0.65,3.09,,,,,,8.0,6.9,5.8,2.8,7.1,7.0,7.5,7.0,7.6,9.2,10.0,17.1,19.3,1.4,2.0,,,,2022,12,52,363,0,0,0,0
184,제주,2022-12-30,7.0,5.9,0606,8.6,1427,,,,,,,9.3,50,0104,5.4,320,1608,3.7,3213,320,-1.4,48,1541,55.1,5.5,1030.0,1033.9,0729,1031.2,1411,1032.6,10.0,0.7,1400,0.8,4.04,,,,,,7.5,7.3,6.0,2.9,7.4,7.2,7.6,7.0,7.6,9.5,10.1,17.1,19.3,1.6,2.3,,,,2022,12,52,364,0,0,0,0
184,제주,2022-12-31,7.0,5.4,2258,9.8,1432,,,,,,,10.9,320,0403,5.9,320,0325,4.0,3436,320,-0.7,47,1424,58.0,5.8,1029.6,1033.7,0947,1031.4,1458,1032.2,10.0,5.6,1200,1.61,8.77,,,,,,6.0,6.0,7.1,0.8,8.1,7.7,7.9,7.2,7.7,9.5,9.8,15.7,19.0,1.8,2.6,,,,2022,12,52,365,0,0,0,0
184,제주,2023-01-01,8.1,5.2,210,10.9,1415,,,,,,,9.7,342,916,5.3,320,937,3.8,324720.0,320.0,1.0,45,2331,61.0,6.6,1028.8,1032.8,2227,1029.9,1505,1031.4,9.9,1.7,1300.0,1.01,5.02,,,,,,7.3,6.1,6.8,0.5,7.9,7.7,7.9,7.3,,,,,,,,,{연무}0823-{연무}{강도0}0900-0927. {연무}1030-{연무}{강도0}1200-{연무}{강도0}1500-{연무}{강도0}1800-{연무}{강도0}2100-2103.,,2023,1,52,1,0,0,0,0
184,제주,2023-01-02,5.2,3.7,1938,7.8,1429,,,,,,,11.5,328,1853,6.3,340,1856,4.3,373320.0,20.0,-1.6,46,29,62.0,5.5,1029.9,1034.1,904,1030.8,1515,1032.5,9.9,3.2,1400.0,1.4,6.42,,,,,,7.5,6.4,6.6,1.5,7.9,7.7,8.1,7.4,,,,,,,,,,,2023,1,1,2,0,0,0,0
184,제주,2023-01-03,6.2,4.5,1,8.5,1355,,,,,,,10.9,331,1900,6.2,320,1718,4.6,393480.0,320.0,-1.0,49,1342,60.0,5.7,1028.3,1032.1,253,1029.5,1539,1030.9,9.9,1.9,1400.0,1.42,5.7,,,,,,7.8,7.8,7.0,3.1,7.8,7.6,7.9,7.3,,,,,,,,,,,2023,1,1,3,0,0,0,0
184,제주,2023-01-04,6.2,4.1,746,9.9,1258,,,,,,,8.9,17,240,5.5,340,240,2.7,232920.0,20.0,-0.4,47,1405,63.0,6.0,1029.2,1033.5,1004,1030.3,54,1031.8,9.9,7.6,1300.0,1.94,10.91,,,,,,2.4,2.4,7.6,-0.6,8.4,8.0,8.2,7.4,,,,,,,,,{연무}2248-{연무}{강도0}2400-,,2023,1,1,4,0,0,0,0
184,제주,2023-01-05,8.0,4.2,114,13.4,1339,,,,,,,7.8,320,1406,4.4,290,1415,2.6,2239.0,180.0,1.7,46,1331,65.1,7.0,1028.2,1032.6,1003,1029.4,1318,1030.8,10.0,5.1,1300.0,1.77,8.02,,,,,,3.1,2.8,7.7,-1.0,8.3,8.0,8.2,7.6,8.0,9.4,9.9,16.7,19.2,1.6,2.3,,-{연무}-{연무}{강도0}0300-0423. {연무}0508-{연무}{강도0}0600-0743. {연무}1952-2017.,,2023,1,1,5,0,0,0,0
184,제주,2023-01-06,9.2,5.6,410,12.3,1540,,,,,2.92,1.7,14.8,270,2317,8.9,290,2344,2.8,2376.0,180.0,3.7,57,1011,69.6,8.1,1021.0,1029.6,1,1018.8,2345,1023.6,10.0,1.0,1000.0,0.87,5.01,,,,,,8.0,6.9,8.2,0.8,8.6,8.3,8.5,7.7,8.1,9.3,10.0,16.7,19.2,2.0,2.9,1.7,{박무}0245-{박무}{강도0}0300-{박무}{강도0}0600-0651. {비}1853-1948. {비}2018-2053. {비}2221-2346. {연무}2234-{연무}{강도0}2400-,,2023,1,1,6,0,0,0,1
184,제주,2023-01-07,8.5,6.1,2359,11.4,5,,,,,0.38,0.0,18.2,340,22,10.5,320,106,6.1,5297.0,320.0,0.3,42,350,57.1,6.3,1020.2,1025.6,2306,1018.7,4,1022.8,10.0,6.8,1300.0,1.78,9.91,,,,,,4.0,3.8,8.1,1.2,9.2,8.8,9.0,8.1,8.4,9.4,9.9,13.5,17.7,2.1,2.9,,{비}0004-0027. -{연무}-0114.,,2023,1,1,7,0,0,0,0
184,제주,2023-01-08,8.6,3.8,715,14.6,1412,,,,,,,4.8,180,422,3.4,180,734,2.1,1810.0,180.0,1.4,36,1341,62.1,6.8,1022.8,1027.2,1039,1024.2,1554,1025.4,10.1,8.4,1200.0,1.83,11.01,,,,,,0.0,0.0,7.4,-0.6,8.8,8.4,8.7,8.0,8.3,9.4,9.7,16.1,18.9,2.0,2.9,,,,2023,1,1,8,0,0,0,0
184,제주,2023-01-09,9.9,6.6,547,16.4,1254,,,,,,,9.4,250,1111,5.9,290,1248,3.5,3011.0,320.0,4.0,52,625,67.4,8.4,1022.3,1027.7,2301,1022.6,1327,1024.8,10.1,2.6,1200.0,1.62,5.91,,,,,,3.9,3.4,8.4,-0.4,9.3,8.9,8.9,8.1,8.3,9.4,10.0,16.3,19.0,1.4,2.1,,{박무}1435-{박무}{강도0}1500-{박무}{강도0}1800-1812.,,2023,1,2,9,0,0,0,0
184,제주,2023-01-10,8.8,3.6,639,15.3,1358,,,,,,,10.7,70,1606,6.1,70,1419,2.7,2362.0,160.0,3.9,45,1224,71.9,8.2,1025.0,1029.2,1006,1025.9,1617,1027.6,10.1,7.8,1200.0,1.96,11.49,,,,,,1.8,0.6,6.9,-2.5,9.3,8.9,9.0,8.2,8.4,9.4,10.2,16.2,18.9,2.0,2.8,,,,2023,1,2,10,0,0,0,0
184,제주,2023-01-11,10.9,7.1,315,16.7,1247,,,,,,,4.9,50,1253,3.3,20,1319,2.2,1942.0,160.0,4.3,47,1048,65.0,8.4,1023.1,1027.3,1,1024.4,1452,1025.7,10.1,8.7,1200.0,1.94,11.42,,,,,,0.3,0.0,9.4,1.5,10.2,9.5,9.5,8.4,8.6,9.6,10.4,16.3,18.9,2.3,3.2,,,,2023,1,2,11,0,0,1,0
184,제주,2023-01-12,13.1,7.4,513,17.7,2337,,,,,6.7,2.5,7.2,160,2305,4.0,140,2331,2.1,1800.0,160.0,7.5,36,1023,70.9,11.1,1018.2,1024.5,1,1016.1,2312,1020.7,10.1,1.5,900.0,0.95,3.57,,,,,,5.6,4.1,9.5,1.9,10.1,9.6,9.7,8.7,8.9,9.9,10.6,16.4,18.9,1.2,1.7,7.8,{비}1113-{비}{강도0}1200-{비}{강도0}1500-1755.,,2023,1,2,12,0,0,1,1
184,제주,2023-01-13,17.3,14.5,2341,20.7,635,,,,,18.35,17.7,17.6,230,726,9.2,230,650,4.1,3514.0,230.0,15.7,69,227,91.8,17.9,1009.5,1017.3,9,1010.6,827,1011.9,10.1,0.0,1100.0,0.59,1.5,,,,,,10.0,7.1,16.0,12.3,13.8,13.0,11.9,9.9,9.7,10.1,10.5,14.8,18.4,0.4,0.6,14.0,{비}0335-{비}{강도0}0600-{비}{강도0}0900-{비}{강도0}1200-{비}{강도0}1500-1518. {박무}1513-{박무}{강도1}1800-{박무}{강도0}2100-{박무}{강도1}2400- {안개비}1722-{안개비}{강도0}1800-{비}2018-{비}{강도0}2100-{비}{강도0}2400-,,2023,1,2,13,0,0,1,1
184,제주,2023-01-14,10.9,8.9,2240,14.5,1,,,,,11.25,2.2,9.4,360,2206,6.0,20,2005,3.1,2652.0,20.0,10.0,88,1237,94.4,12.3,1011.2,1017.1,2345,1010.1,37,1013.7,10.2,0.0,1200.0,0.19,0.61,,,,,,9.9,9.4,12.5,8.8,13.1,12.9,12.8,11.2,11.0,10.3,10.6,14.7,18.6,0.5,0.6,4.2,-{박무}-0242. -{비}-0243. {안개비}0318-0436. {박무}0411-0437. {비}1627-1659. {안개비}1718-{안개비}{강도0}1800-{비}2056-{비}{강도0}2100-{안개비}2122-{비}2343-{비}{강도0}2400- {박무}1902-{박무}{강도0}2100-{박무}{강도0}2400-,,2023,1,2,14,0,0,1,1
184,제주,2023-01-15,5.8,3.8,2352,9.0,30,,,,,4.95,3.6,13.0,340,1815,7.6,340,2241,5.2,4491.0,340.0,2.2,66,2207,78.3,7.3,1017.4,1022.7,2400,1017.1,1,1020.0,10.2,0.0,1200.0,0.14,0.72,,,,,,10.0,8.8,7.3,3.6,10.1,10.5,11.3,10.6,11.1,10.9,11.0,14.2,18.0,1.1,1.6,,-{박무}-0058. -{비}-{비}{강도0}0300-0424. {비}0824-0857.,,2023,1,2,15,0,0,0,1
184,제주,2023-01-16,3.4,2.9,2103,4.0,10,,,,,,,14.1,340,141,7.5,340,450,5.4,4677.0,340.0,-2.1,61,1656,67.3,5.2,1022.9,1026.9,1754,1022.3,34,1025.5,10.2,0.0,1200.0,0.53,2.08,,,,,,9.3,8.6,4.1,2.3,7.3,7.9,9.1,9.3,10.2,10.9,10.5,14.0,17.9,1.1,1.5,0.0,,,2023,1,3,16,0,0,0,0
184,제주,2023-01-17,4.3,3.0,1,4.9,1527,,,,,9.03,0.0,11.1,360,1834,6.0,320,1522,4.2,3661.0,340.0,-1.1,56,2327,67.8,5.6,1024.2,1028.1,2314,1025.3,1505,1026.8,10.2,0.0,1000.0,0.21,1.26,,,,,,9.6,8.3,4.1,2.8,6.4,6.8,7.9,8.2,9.2,10.5,10.6,14.9,18.4,1.1,1.6,0.0,{비}0811-{비}{강도0}0900-{비}{강도0}1200-{비}{강도0}1500-1713.,,2023,1,3,17,0,0,0,0
184,제주,2023-01-18,6.1,4.7,5,7.9,1349,,,,,1.93,0.0,10.4,340,1917,5.6,340,2027,3.7,3170.0,340.0,-1.0,49,2246,60.4,5.7,1024.2,1028.2,916,1025.5,1603,1026.8,10.2,0.5,1300.0,1.16,3.16,,,,,,8.9,7.5,5.9,3.6,6.9,6.9,7.6,7.6,8.5,10.1,10.6,15.5,18.6,1.4,2.0,0.0,{비}1452-{비}{강도0}1500-1627. {비}1831-1852.,,2023,1,3,18,0,0,0,0
184,제주,2023-01-19,7.1,6.1,412,9.5,1632,,,,,1.08,0.0,11.3,340,643,5.6,340,732,3.6,3138.0,320.0,-0.7,51,1633,57.6,5.8,1022.8,1027.1,954,1023.7,1618,1025.4,10.3,0.8,1400.0,1.01,4.5,,,,,,8.6,8.1,6.9,3.4,7.7,7.6,7.9,7.7,8.4,9.9,10.4,14.3,18.1,1.7,2.4,0.0,{비}0156-0217. {비}0512-0556.,,2023,1,3,19,0,0,0,0
184,제주,2023-01-20,6.2,2.3,2341,9.8,607,,,,,0.15,0.0,14.5,340,1445,8.7,20,722,5.2,4501.0,360.0,-1.4,49,1359,58.3,5.6,1025.7,1031.6,2209,1024.2,521,1028.3,10.3,1.7,1300.0,1.26,6.02,,,,,,7.5,7.1,6.6,2.0,8.1,7.9,8.3,7.8,8.4,9.8,10.3,14.8,18.3,1.6,2.3,,{비}0450-0459. {황사}0930-{황사}{강도0}1200-1450.,,2023,1,3,20,0,0,0,0
184,제주,2023-01-21,2.8,1.7,2307,5.3,1648,,,,,,,9.0,50,442,5.3,20,445,2.9,2524.0,20.0,-2.7,61,131,67.1,5.0,1026.9,1031.9,950,1026.2,2357,1029.5,10.3,0.6,1500.0,0.55,3.1,,,,,,6.3,6.3,4.3,-1.1,6.8,7.0,7.8,7.6,8.2,9.7,10.5,15.5,18.5,0.8,1.2,,,,2023,1,3,21,0,0,0,0
184,제주,2023-01-22,7.0,2.0,7,9.5,1123,,,,,13.17,5.8,10.0,90,1912,5.7,70,2319,2.7,2320.0,90.0,3.5,54,401,78.9,8.0,1021.1,1027.7,320,1021.1,1437,1023.6,10.3,0.0,1100.0,0.35,1.3,,,,,,9.3,6.6,5.5,-1.7,6.3,6.5,7.1,7.0,7.8,9.7,10.6,15.7,18.5,0.7,1.0,5.9,{비}1004-{비}{강도0}1200-{비}{강도0}1500-1751. {비}1837-{비}{강도0}2100-{비}{강도0}2400-,,2023,1,3,22,0,0,0,1
184,제주,2023-01-23,7.8,5.2,2356,12.0,1406,,,,,2.53,0.1,16.6,20,2259,9.7,20,2300,4.7,4039.0,20.0,2.5,45,1406,70.3,7.4,1019.8,1024.6,2400,1019.6,1547,1022.4,10.3,3.0,1200.0,2.0,8.39,,,,,,8.1,5.8,8.2,2.9,8.2,7.8,8.0,7.3,7.7,9.7,10.9,15.7,18.5,1.9,2.7,0.4,-{비}-0232. {햇무리}1435-1520.,,2023,1,4,23,0,0,0,0
184,제주,2023-01-24,-1.3,-3.4,1541,5.2,1,,,,,16.82,2.3,24.3,340,1604,13.0,340,1412,9.4,8143.0,340.0,-5.0,50,1426,75.8,4.2,1025.8,1031.6,2348,1024.6,1,1028.4,10.4,0.4,1100.0,0.72,2.78,1.6,2255.0,1.6,2255.0,2.1,8.8,8.4,2.2,-3.5,5.8,6.4,7.5,7.4,8.4,10.2,10.5,13.3,16.7,0.9,1.2,2.0,{눈}0353-{눈}{강도0}0600-{소낙눈}0846-{소낙눈}{강도0}0900-1128. {소낙눈}1235-1310. {소낙눈}1431-{소낙눈}{강도0}1500-{소낙눈}{강도0}1800-{소낙눈}{강도0}2100-2310.,,2023,1,4,24,0,0,0,1
184,제주,2023-01-25,-0.7,-3.1,517,1.8,1433,,,,,4.93,0.1,20.4,50,39,10.0,360,45,3.9,3411.0,20.0,-5.8,55,1155,68.4,4.0,1027.4,1033.7,1023,1026.5,2243,1030.1,10.4,3.4,1200.0,1.53,8.1,0.1,255.0,1.7,255.0,0.1,8.5,8.1,2.8,-3.2,4.7,5.2,6.3,6.6,7.9,9.4,9.8,15.1,18.2,1.0,1.4,0.4,{소낙눈}0015-{소낙눈}{강도0}0300-0325. {눈}0838-{눈}{강도0}0900-1024. {해코로나}1235-1310.,,2023,1,4,25,0,0,0,0
184,제주,2023-01-26,5.8,0.4,1,9.6,1429,,,,,6.15,0.5,10.5,360,2337,7.0,20,2350,2.6,2277.0,230.0,0.3,47,1433,69.4,6.3,1020.9,1026.8,48,1021.1,1649,1023.5,10.4,1.8,1200.0,1.5,6.61,,,,,,9.4,7.8,5.9,0.3,5.9,5.8,6.2,6.1,7.2,9.2,10.0,15.5,18.3,1.4,2.0,0.7,{비}0342-0526. {비}0613-0745. {비}2002-2029. {비}2134-{비}{강도0}2400-,,2023,1,4,26,0,0,0,0
184,제주,2023-01-27,2.3,-0.1,1755,6.1,27,,,,,21.47,4.8,19.6,360,1112,10.9,20,1116,7.3,6278.0,360.0,-0.4,64,1316,82.6,6.0,1020.4,1025.0,2116,1020.0,541,1023.0,10.4,0.3,1200.0,0.64,2.44,3.7,1955.0,3.7,1955.0,3.3,9.3,8.5,4.0,-0.2,5.9,6.2,6.9,6.6,7.4,9.2,10.1,14.6,18.0,0.8,1.2,4.7,-{비}-0020. {비}0153-{비}{강도0}0300-{비}{강도0}0600-{진눈깨비}0610-{싸락눈}0647-0758. {눈}0857-{눈}{강도0}0900-{소낙눈}1045-{소낙눈}{강도0}1200-{소낙눈}{강도0}1500-{소낙눈}{강도1}1800-{소낙눈}{강도1}2100-{소낙눈}{강도1}2400-,,2023,1,4,27,0,0,0,1
184,제주,2023-01-28,2.4,-0.7,848,4.7,2303,,,,,14.03,0.8,16.9,20,439,9.7,20,836,6.0,5221.0,320.0,-2.9,49,2329,68.8,4.9,1021.9,1026.6,1034,1023.6,438,1024.5,10.5,0.7,1100.0,1.1,4.17,1.5,855.0,3.6,855.0,1.6,8.8,8.5,3.0,-0.8,4.4,4.9,5.8,6.1,7.3,9.1,9.2,14.7,18.0,1.5,2.2,0.3,-{소낙눈}-{소낙눈}{강도0}0300-{소낙눈}{강도0}0600-{소낙눈}{강도0}0900-{눈}0935-1040. {눈}1218-{눈}{강도0}1500-1540.,,2023,1,4,28,0,0,0,0
184,제주,2023-01-29,6.7,4.4,153,8.3,1435,,,,,0.07,0.0,13.1,320,2354,8.1,320,2354,5.5,4763.0,320.0,-1.2,43,2336,57.0,5.6,1019.6,1023.8,1,1020.3,1529,1022.2,10.5,0.1,1200.0,0.64,3.19,,,,,,8.0,6.8,4.4,1.3,5.1,5.1,5.7,5.7,6.8,8.7,8.6,13.0,17.3,2.0,2.8,,{비}0003-0007.,,2023,1,4,29,0,0,0,0
184,제주,2023-01-30,6.2,2.5,2336,9.5,1158,,,,,,,12.9,290,103,8.4,320,8,4.0,3492.0,340.0,-3.0,35,1218,52.3,4.9,1022.2,1027.2,1013,1022.1,56,1024.8,10.5,8.0,1200.0,2.3,13.82,,,,,,2.6,2.6,6.5,-0.3,7.0,6.5,6.6,6.1,6.7,8.2,8.0,12.8,17.3,2.3,3.2,,,,2023,1,5,30,0,0,0,0
184,제주,2023-01-31,7.2,1.1,736,14.4,1608,,,,,,,7.8,270,1609,4.7,50,1355,2.5,2134.0,180.0,-1.3,32,1635,55.9,5.7,1017.5,1024.3,25,1016.6,2351,1020.0,10.6,9.1,1200.0,2.3,14.29,,,,,,0.9,0.0,5.9,-1.5,6.9,6.6,6.8,6.3,6.7,8.0,8.4,14.7,18.1,2.5,3.6,,,,2023,1,5,31,0,0,0,0
184,제주,2023-02-01,8.8,4.3,2354,13.5,1204,,,,,,,11.2,20,1743,6.9,20,1744,3.5,3059.0,290.0,3.1,47,1611,68.5,7.8,1017.8,1025.2,2338,1016.1,443,1020.3,10.6,6.2,1200.0,2.0,10.66,,,,,,5.5,2.5,8.3,2.7,8.8,8.0,7.9,6.8,7.0,8.0,8.7,14.6,18.1,2.1,3.0,,,,2023,2,5,32,1,0,0,0
184,제주,2023-02-02,5.0,3.4,532,8.3,1436,,,,,,,10.4,20,521,6.6,20,512,3.7,3155.0,20.0,-2.8,37,1532,57.6,5.0,1023.4,1028.3,1116,1024.5,2330,1026.0,10.6,8.0,1300.0,2.26,13.42,,,,,,5.8,3.9,6.9,1.7,8.5,8.1,8.3,7.3,7.4,8.2,9.0,14.8,18.1,2.0,2.9,,{달코로나}2030-2115.,,2023,2,5,33,1,0,0,0
184,제주,2023-02-03,4.8,3.6,47,6.6,1300,,,,,,,8.7,340,1341,5.1,340,1321,3.4,2920.0,340.0,-1.6,51,1241,63.3,5.5,1021.6,1025.6,1039,1022.6,613,1024.2,10.6,1.3,1200.0,1.24,6.37,,,,,,7.9,7.0,6.1,2.2,7.8,7.7,8.1,7.3,7.6,8.5,9.0,14.5,18.0,1.4,2.0,,,,2023,2,5,34,1,0,0,0
184,제주,2023-02-04,5.8,4.0,711,9.0,1402,,,,,,,7.8,20,723,4.9,50,752,3.1,2663.0,20.0,-1.3,47,1302,60.5,5.6,1023.5,1027.6,943,1024.5,38,1026.1,10.7,8.4,1300.0,2.23,13.61,,,,,,3.6,3.5,8.0,1.0,8.3,7.9,8.1,7.2,7.5,8.6,8.9,14.7,18.1,2.0,2.8,,,,2023,2,5,35,1,0,0,0
184,제주,2023-02-05,5.9,1.8,453,10.5,1319,,,,,,,6.0,50,1440,4.3,50,1515,2.2,1927.0,180.0,-2.7,35,1036,55.4,5.0,1022.5,1026.9,14,1023.3,1615,1025.1,10.7,9.5,1300.0,2.31,14.37,,,,,,2.8,0.0,7.1,-0.9,8.1,7.9,8.1,7.3,7.5,8.6,9.0,14.9,18.1,2.4,3.5,,,,2023,2,5,36,1,0,0,0
184,제주,2023-02-06,8.2,4.6,3,11.2,1144,,,,,12.72,5.3,6.8,90,1909,3.5,90,1129,2.2,1908.0,90.0,3.0,50,1004,70.8,7.8,1018.1,1024.4,15,1018.1,1549,1020.6,10.7,0.0,1200.0,0.45,2.27,,,,,,9.8,5.4,7.2,2.2,7.9,7.8,8.1,7.4,7.6,8.7,9.4,15.0,18.1,0.8,1.2,5.3,{달무리}0110-0340. {비}1117-{비}{강도0}1200-{비}{강도0}1500-{비}{강도0}1800-{비}{강도0}2100-{비}{강도0}2400-,,2023,2,6,37,1,0,0,1
184,제주,2023-02-07,10.1,6.7,2353,14.7,1351,,,,,4.63,0.0,8.7,70,120,5.4,70,122,2.3,2021.0,20.0,4.3,48,1618,68.4,8.4,1017.7,1022.9,2354,1017.7,316,1020.2,10.7,6.1,1200.0,2.35,12.28,,,,,,4.5,3.3,10.4,4.0,9.9,9.3,9.1,7.7,7.8,8.9,9.5,15.0,18.1,2.0,2.9,,-{비}-0153. {비}0203-{비}{강도0}0300-0342. {비}0444-0550.,,2023,2,6,38,1,0,1,0
184,제주,2023-02-08,8.6,4.6,725,12.8,1443,,,,,,,8.1,20,1502,5.6,20,2059,2.6,2242.0,360.0,0.3,35,1433,57.5,6.3,1023.7,1028.1,1942,1022.8,10,1026.3,10.8,9.4,1200.0,2.38,14.65,,,,,,3.4,0.3,8.3,1.8,9.5,9.1,9.2,8.2,8.3,9.1,9.6,14.9,18.0,2.6,3.7,,{박무}0219-{박무}{강도0}0300-0518.,,2023,2,6,39,1,0,0,0
184,제주,2023-02-09,9.6,6.8,131,13.5,1120,,,,,8.17,11.8,11.8,110,1609,6.4,110,1417,2.8,2448.0,90.0,4.6,50,1049,72.3,8.6,1020.9,1027.5,151,1017.3,2350,1023.4,10.8,0.0,1100.0,0.78,4.56,,,,,,9.8,6.6,8.8,4.7,9.6,9.3,9.4,8.4,8.7,9.4,9.9,15.0,18.0,1.2,1.7,28.7,{비}1550-{비}{강도0}1800-{비}{강도0}2100-{비}{강도0}2400- {박무}1848-{박무}{강도0}2100-{박무}{강도0}2400-,,2023,2,6,40,1,0,0,1
184,제주,2023-02-10,8.4,5.8,2216,10.6,1515,,,,,6.48,16.9,16.1,20,110,10.6,50,127,3.7,3183.0,320.0,5.7,70,1519,83.3,9.2,1017.5,1023.3,2157,1015.3,451,1020.0,10.8,0.8,1300.0,1.12,5.99,,,,,,7.8,6.4,9.9,4.0,10.2,9.8,9.9,8.7,8.9,9.7,10.7,15.0,18.0,1.0,1.4,,-{박무}-0239. -{비}-{비}{강도0}0300-0546. {비}0645-0728.,,2023,2,6,41,1,0,0,1
184,제주,2023-02-11,9.2,4.8,301,13.0,1333,,,,,0.13,0.0,10.1,70,1527,7.1,50,1531,2.3,1977.0,90.0,6.3,60,1352,82.5,9.7,1019.6,1023.6,908,1020.0,457,1022.1,10.9,0.0,1300.0,0.9,4.94,,,,,,8.5,5.5,9.1,3.1,9.2,9.1,9.3,8.6,9.1,9.8,10.2,14.9,17.9,1.0,1.5,0.0,{비}1713-1721.,,2023,2,6,42,1,0,0,0
184,제주,2023-02-12,10.9,9.7,214,13.7,1124,,,,,10.87,28.1,13.2,70,1804,6.8,70,2132,3.6,3134.0,90.0,8.0,59,1239,84.1,10.8,1016.0,1023.0,1,1013.7,1630,1018.5,10.9,1.3,900.0,0.9,3.18,,,,,,8.5,3.6,9.7,5.7,9.9,9.7,9.8,8.8,9.2,9.9,10.4,14.9,17.9,0.8,1.1,35.3,{비}1308-{비}{강도0}1500-{비}{강도1}1800-{비}{강도1}2100-{비}{강도0}2400- {박무}1318-{박무}{강도0}1500-{박무}{강도0}1800-{박무}{강도0}2100-{박무}{강도1}2400-,,2023,2,6,43,1,0,1,1
184,제주,2023-02-13,9.0,7.2,2349,10.5,322,,,,,12.28,8.3,10.3,70,102,6.8,70,438,3.8,3271.0,340.0,6.5,67,1401,85.0,9.7,1015.1,1020.6,2210,1012.6,157,1017.6,10.9,0.1,1300.0,1.03,3.79,,,,,,10.0,8.6,10.5,7.1,10.7,10.4,10.4,9.2,9.5,10.2,11.3,14.8,17.9,1.0,1.4,1.1,-{비}-{비}{강도0}0300-{비}{강도0}0600-{비}{강도0}0900-{비}{강도0}1200-1217. -{박무}-{박무}{강도0}0300-{박무}{강도0}0600-0651. {박무}0721-{박무}{강도0}0900-0945. {박무}1240-1348. {연무}1343-{연무}{강도0}1500-1734. {박무}1729-{박무}{강도0}1800-1803.,,2023,2,7,44,1,0,0,1
184,제주,2023-02-14,6.4,4.2,2346,9.2,1357,,,,,,,9.4,20,530,6.3,20,536,3.9,3382.0,340.0,0.7,49,1424,67.3,6.5,1020.6,1025.1,2257,1020.4,1,1023.2,11.0,6.4,1300.0,2.51,13.68,,,,,,6.3,6.1,9.1,3.5,10.1,10.0,10.2,9.3,9.8,10.5,10.9,14.2,17.7,2.0,2.8,0.3,,,2023,2,7,45,1,0,0,0
184,제주,2023-02-15,5.4,3.5,417,6.9,1112,,,,,13.45,6.6,7.0,50,2339,4.4,20,1526,2.2,1882.0,50.0,2.8,66,1,84.3,7.6,1025.9,1031.6,2201,1024.4,331,1028.5,11.0,0.0,1000.0,0.5,1.32,,,,,,9.8,7.9,6.5,3.3,8.2,8.5,9.2,8.9,9.6,10.4,10.6,14.5,17.7,0.4,0.6,6.9,{비}0638-0838. {비}1233-{비}{강도0}1500-{비}{강도0}1800-{비}{강도0}2100-{비}{강도0}2400- {박무}1237-{박무}{강도0}1500-{박무}{강도0}1800-{박무}{강도0}2100-2347.,,2023,2,7,46,1,0,0,1
184,제주,2023-02-16,7.0,5.3,2305,8.2,1219,,,,,8.73,0.9,6.5,340,1317,4.3,20,1313,1.9,1683.0,20.0,5.0,79,1728,87.8,8.7,1028.3,1032.2,1004,1029.5,2349,1030.9,11.0,0.0,1100.0,0.15,0.6,,,,,,9.3,7.5,7.5,3.5,8.4,8.4,8.8,8.4,9.2,10.3,10.8,14.7,17.7,0.4,0.6,0.3,-{비}-0017. {박무}0156-0256. {박무}0319-0322. {박무}0455-{박무}{강도0}0600-0633. {비}0529-{비}{강도0}0600-0752. {비}0818-{비}{강도0}0900-{비}{강도0}1200-1422.,,2023,2,7,47,1,0,0,0
184,제주,2023-02-17,9.6,4.5,309,12.8,1242,,,,,1.97,0.0,8.2,90,2219,5.0,70,2206,2.0,1693.0,160.0,7.5,68,1217,87.5,10.5,1023.9,1029.7,1,1023.3,2356,1026.5,11.1,0.6,1100.0,1.71,5.54,,,,,,9.3,6.6,8.7,2.9,8.9,8.7,8.9,8.2,8.9,10.2,10.8,14.7,17.7,1.0,1.4,0.0,{해코로나}1030-1120. {비}1442-{비}{강도0}1500-1504. {비}1544-1548. {비}1643-{비}{강도0}1800-1815. {박무}2125-{박무}{강도0}2400-,,2023,2,7,48,1,0,0,0
184,제주,2023-02-18,13.5,11.5,41,16.2,1158,,,,,4.47,2.3,9.2,320,920,5.2,290,927,2.2,1928.0,290.0,11.4,73,650,88.1,13.5,1017.5,1023.3,1,1017.5,2100,1020.0,11.1,0.0,1100.0,0.84,3.06,,,,,,9.5,7.1,12.5,9.6,11.4,10.8,10.5,9.2,9.3,10.2,10.8,13.8,17.5,0.9,1.2,6.2,-{박무}-{박무}{강도0}0300-0435. {비}1406-{비}{강도0}1500-1606. {비}1727-{비}{강도0}1800-1955. {박무}1933-{박무}{강도0}2100-2119. {박무}2250-2311.,,2023,2,7,49,1,0,1,1
184,제주,2023-02-19,8.0,4.2,2354,13.6,126,,,,,4.4,3.9,13.6,320,316,7.8,320,1259,5.4,4649.0,320.0,3.9,62,1925,76.1,8.4,1019.8,1025.7,2351,1017.7,40,1022.4,11.1,0.4,1100.0,0.95,4.48,,,,,,8.8,7.8,9.4,2.9,10.9,10.9,11.1,9.9,10.0,10.3,10.6,12.7,16.5,1.4,2.0,,{비}0124-{비}{강도0}0300-0548. {박무}0143-{박무}{강도0}0300-0520. {박무}0905-{박무}{강도0}1200-1415.,,2023,2,7,50,1,0,0,1
184,제주,2023-02-20,5.9,2.9,2315,10.1,1211,,,,,,,15.1,360,1831,8.6,340,1819,5.0,4362.0,340.0,-2.2,44,1541,56.1,5.2,1025.8,1032.4,2349,1025.5,420,1028.4,11.2,7.1,1100.0,2.67,14.89,,,,,,4.5,4.5,5.7,2.0,8.6,8.7,9.4,9.0,9.7,10.4,10.6,14.0,17.4,2.8,4.0,,,,2023,2,8,51,1,0,0,0
184,제주,2023-02-21,3.5,1.1,753,6.6,1403,,,,,,,14.0,20,38,8.4,20,618,4.5,3908.0,20.0,-4.9,40,1736,54.9,4.3,1031.4,1035.8,1046,1032.0,4,1034.0,11.2,8.6,1200.0,2.8,16.65,,,,,,3.4,2.9,5.8,1.0,8.3,8.2,8.8,8.5,9.2,10.2,10.6,14.1,17.4,2.1,3.0,,,,2023,2,8,52,1,0,0,0
184,제주,2023-02-22,7.3,2.4,226,10.7,1039,,,,,1.25,0.5,7.2,20,2219,4.1,20,1314,2.0,1760.0,180.0,3.6,61,22,77.6,8.0,1027.0,1033.7,17,1026.2,2111,1029.6,11.2,3.1,1000.0,2.0,8.14,,,,,,7.1,5.3,6.7,0.7,8.2,8.1,8.6,8.3,8.9,10.2,10.7,14.4,17.5,1.1,1.6,3.2,{비}2245-{비}{강도0}2400- {박무}2340-{박무}{강도0}2400-,,2023,2,8,53,1,0,0,0
184,제주,2023-02-23,7.3,6.5,846,8.7,1610,,,,,5.98,3.0,8.8,20,100,5.0,20,109,2.7,2306.0,20.0,4.1,63,1854,81.0,8.3,1021.5,1026.5,20,1021.9,2313,1024.1,11.3,0.1,1500.0,0.88,4.78,,,,,,9.8,7.6,9.3,6.4,9.4,9.2,9.4,8.6,9.0,10.1,10.9,14.3,17.5,1.0,1.5,2.3,-{박무}-0157. -{비}-{비}{강도0}0300-0457. {비}2258-{비}{강도0}2400-,,2023,2,8,54,1,0,0,1
184,제주,2023-02-24,8.5,6.4,2353,12.3,1436,,,,,4.13,2.0,11.4,20,1830,6.8,20,716,3.9,3354.0,20.0,1.6,45,1909,62.8,6.9,1022.6,1029.5,2212,1021.6,328,1025.2,11.3,5.9,1400.0,2.28,13.07,,,,,,5.1,1.0,10.0,4.4,10.0,9.7,9.8,8.8,9.2,10.2,11.0,14.4,17.4,2.6,3.7,,{박무}0033-0232. -{비}-{비}{강도0}0300-0408. {연무}1048-1134.,,2023,2,8,55,1,0,0,1
184,제주,2023-02-25,4.8,3.4,2310,7.2,1544,,,,,,,12.1,340,2227,6.7,20,1810,4.9,4225.0,340.0,-2.4,46,1603,60.0,5.1,1030.9,1036.9,2236,1029.3,7,1033.5,11.3,3.7,1300.0,1.97,9.57,,,,,,6.3,6.3,6.3,2.9,8.4,8.5,9.3,8.8,9.4,10.4,10.7,13.5,17.1,1.8,2.6,,,,2023,2,8,56,1,0,0,0
184,제주,2023-02-26,5.9,3.4,213,10.1,1619,,,,,,,10.0,20,46,5.6,20,23,2.9,2484.0,20.0,-2.8,34,1559,54.9,5.0,1034.5,1038.6,859,1036.2,1613,1037.1,11.4,9.5,1200.0,3.06,20.06,,,,,,2.1,2.1,8.2,2.0,9.1,8.6,8.9,8.3,9.0,10.2,10.5,14.1,17.3,2.8,3.9,,,,2023,2,8,57,1,0,0,0
184,제주,2023-02-27,7.8,2.2,713,13.7,1455,,,,,,,4.8,20,1136,3.1,180,2125,1.7,1507.0,180.0,1.0,42,1312,63.1,6.7,1032.2,1036.8,844,1032.8,2350,1034.8,11.4,9.9,1200.0,3.07,20.46,,,,,,0.5,0.5,9.2,0.1,9.8,9.3,9.4,8.6,9.0,10.1,10.5,14.3,17.4,3.0,4.2,,,,2023,2,9,58,1,0,0,0
184,제주,2023-02-28,11.4,5.5,446,16.4,1510,,,,,,,6.8,50,1457,4.8,50,1540,2.3,1981.0,50.0,5.1,48,1137,66.4,8.9,1025.4,1032.8,1,1024.8,2354,1027.9,11.4,10.8,1200.0,2.99,20.28,,,,,,2.5,1.8,11.9,2.6,11.4,10.7,10.5,9.3,9.3,10.0,10.6,14.4,17.4,2.9,4.1,2.5,,,2023,2,9,59,1,0,1,0
184,제주,2023-03-01,10.9,7.5,2352,13.7,500,,,,,7.67,4.0,13.0,360,2041,8.4,20,2155,3.8,3312.0,250.0,5.8,42,2249,72.4,9.7,1021.1,1027.5,2349,1021.1,1400,1023.6,11.5,0.4,1200.0,0.87,4.07,,,,,,7.6,4.5,11.1,4.8,12.4,11.9,11.8,10.3,10.1,10.3,10.7,13.9,17.3,2.0,2.8,1.5,{비}0451-{비}{강도0}0600-{비}{강도0}0900-{비}{강도0}1200-1231. {박무}0650-0809. {박무}1017-1136.,,2023,3,9,60,1,0,1,1
184,제주,2023-03-02,6.7,4.7,2246,9.0,1433,,,,,,,15.0,20,601,8.6,20,601,5.0,4321.0,340.0,-3.2,37,1118,49.4,4.8,1027.1,1031.1,949,1027.2,403,1029.7,11.5,10.3,1300.0,2.98,20.2,,,,,,2.5,1.9,8.5,3.6,10.3,10.1,10.6,9.9,10.2,10.5,10.6,13.7,17.0,3.0,4.3,,,,2023,3,9,61,1,1,0,0
184,제주,2023-03-03,7.6,2.4,654,11.7,1531,,,,,,,5.9,340,17,3.6,340,40,1.7,1441.0,180.0,-1.5,39,1531,52.9,5.5,1026.7,1031.3,919,1027.1,1452,1029.3,11.5,8.9,1200.0,2.76,17.37,,,,,,5.8,0.0,9.0,0.6,10.1,9.7,10.1,9.4,9.8,10.4,10.5,14.2,17.2,2.5,3.5,,{햇무리}1310-1545.,,2023,3,9,62,1,1,0,0
184,제주,2023-03-04,9.7,5.8,643,14.7,1534,,,,,,,6.0,50,1501,4.1,50,1431,2.2,1906.0,180.0,1.1,42,1754,55.4,6.7,1025.9,1029.5,946,1026.9,1516,1028.5,11.6,8.9,1300.0,2.78,17.25,,,,,,4.0,0.0,11.9,3.9,11.6,11.0,10.9,9.8,9.8,10.4,10.6,14.3,17.3,2.9,4.2,,,,2023,3,9,63,1,0,0,0
184,제주,2023-03-05,11.0,6.2,617,16.0,1327,,,,,,,8.9,70,1338,6.3,50,1232,2.8,2394.0,180.0,3.2,45,941,59.0,7.9,1025.0,1029.6,909,1025.7,1656,1027.5,11.6,9.6,1200.0,2.82,17.75,,,,,,1.3,0.4,12.2,3.0,12.1,11.6,11.5,10.3,10.1,10.4,10.8,14.3,17.3,2.9,4.1,,,,2023,3,9,64,1,0,1,0
184,제주,2023-03-06,12.3,7.2,610,17.3,1532,,,,,,,11.2,290,1555,6.8,290,1558,2.8,2389.0,180.0,3.8,40,1442,57.1,8.1,1022.3,1026.9,1,1022.6,1654,1024.8,11.6,10.5,1200.0,2.88,19.66,,,,,,0.0,0.0,13.4,4.5,12.9,12.4,12.2,10.8,10.4,10.6,10.9,14.4,17.3,3.6,5.1,,,,2023,3,10,65,1,0,1,0
184,제주,2023-03-07,14.6,8.8,701,22.4,1436,,,,,,,11.4,270,1558,7.9,270,1605,2.6,2234.0,160.0,3.7,26,1452,49.6,8.1,1020.2,1024.0,810,1021.1,1724,1022.6,11.7,10.2,1200.0,2.74,17.95,,,,,,1.8,0.0,15.1,5.9,14.0,13.3,12.9,11.3,10.9,10.7,10.9,14.2,17.2,4.2,6.0,,,,2023,3,10,66,1,0,1,0
184,제주,2023-03-08,14.8,9.7,628,20.5,1502,,,,,,,8.0,70,1624,5.7,50,1405,2.5,2142.0,160.0,6.0,38,1458,56.8,9.5,1018.1,1022.8,1,1018.3,2327,1020.6,11.7,9.4,1300.0,2.45,16.16,,,,,,4.5,0.0,15.5,6.1,14.5,13.8,13.5,11.9,11.4,10.8,10.9,14.1,17.2,3.0,4.3,,{햇무리}1050-1420.,,2023,3,10,67,1,0,1,0
184,제주,2023-03-09,14.5,10.1,2358,20.8,1103,,,,,,,11.7,270,1241,7.7,270,1245,2.8,2413.0,290.0,10.7,54,1100,79.4,13.0,1014.5,1019.7,2330,1015.0,1327,1017.0,11.7,7.9,1200.0,2.39,15.4,,,,,,3.3,0.3,17.0,9.4,15.7,14.9,14.4,12.5,11.9,11.1,11.1,14.1,17.2,2.3,3.2,,{박무}1202-{박무}{강도0}1500-{박무}{강도0}1800-{박무}{강도1}2400-,,2023,3,10,68,1,0,1,0
184,제주,2023-03-10,13.2,8.0,647,17.5,1536,,,,,,,5.3,50,1322,3.6,340,1454,1.1,934.0,20.0,10.5,69,2258,84.5,12.7,1018.2,1022.1,2253,1019.2,312,1020.7,11.8,9.9,1200.0,2.83,18.39,,,,,,0.0,0.0,16.3,6.2,15.5,15.0,14.7,13.0,12.4,11.4,11.2,14.0,17.1,2.4,3.5,,-{박무}-{박무}{강도0}0300-{시정(미만)}{1km}{낮은안개}0430-{시정(미만)}{0.5km}{낮은안개}0431-{시정(미만)}{0.2km}{낮은안개}0439-{시정(이상)}{0.2km}{낮은안개}0458-{시정(이상)}{0.5km}{낮은안개}0501-{시정(이상)}{1km}{박무}0503-{박무}{강도1}0600-0644. {박무}0826-{박무}{강도0}0900-{박무}{강도0}1200-{박무}{강도1}1500-{박무}{강도0}1800-{박무}{강도0}2100-2250. {박무}2330-{박무}{강도0}2400-,0.55,2023,3,10,69,1,0,1,0
184,제주,2023-03-11,14.1,10.0,735,20.6,1526,,,,,,,4.5,320,1143,3.2,270,2127,1.2,1041.0,340.0,9.2,39,1528,74.4,11.9,1020.4,1024.3,1018,1021.5,346,1022.9,11.8,8.8,1300.0,2.61,16.7,,,,,,5.4,2.1,17.4,7.1,15.8,15.2,14.9,13.3,12.7,11.6,11.4,14.1,17.1,2.6,3.7,,-{박무}-0150. {박무}0750-{박무}{강도0}0900-{박무}{강도0}1200-1415. {연무}1546-1642. {박무}1637-{박무}{강도1}1800-{시정(미만)}{1km}{안개}1851-{시정(미만)}{0.5km}{안개}1929-{시정(이상)}{0.5km}{안개}1951-{시정(이상)}{1km}{박무}1953-{박무}{강도0}2100-2153.,1.03,2023,3,10,70,1,0,1,0
184,제주,2023-03-12,11.1,5.6,2345,21.6,1042,,,,,6.18,9.6,15.5,340,2212,8.8,270,1055,4.5,3928.0,320.0,5.4,49,451,69.5,9.4,1020.8,1028.3,2300,1018.8,1028,1023.3,11.8,1.8,1000.0,1.41,3.31,,,,,,8.9,6.5,11.6,5.5,14.4,14.4,14.9,13.5,13.1,11.9,11.5,13.9,17.1,1.8,2.6,9.6,{비}1044-{비}{강도0}1200-{비}{강도0}1500-1655. {박무}1055-{박무}{강도0}1200-1445.,,2023,3,10,71,1,0,1,1
184,제주,2023-03-13,6.7,4.1,645,10.4,1514,,,,,,,16.1,320,59,8.4,340,20,3.8,3260.0,20.0,-3.8,35,1456,47.5,4.7,1022.7,1028.2,18,1022.3,2151,1025.3,11.9,10.7,1200.0,3.25,22.64,,,,,,1.4,1.4,9.4,3.4,12.2,12.1,12.8,12.2,12.4,12.0,11.3,13.4,16.7,3.2,4.6,,,,2023,3,11,72,1,1,0,0
184,제주,2023-03-14,10.7,3.9,334,15.9,1344,,,,,,,6.3,20,1436,4.4,50,1437,2.4,2050.0,50.0,2.4,40,1,57.6,7.6,1017.7,1022.6,114,1018.6,1630,1020.2,11.9,11.0,1200.0,3.23,23.09,,,,,,0.0,0.0,11.8,2.6,12.9,12.4,12.6,11.8,11.8,11.8,11.5,14.0,17.0,3.4,4.8,,,,2023,3,11,73,1,1,1,0
184,제주,2023-03-15,15.0,8.7,355,20.6,1508,,,,,,,7.2,70,1352,4.8,50,1306,2.3,1952.0,160.0,9.3,49,1108,69.9,11.8,1018.7,1024.3,2357,1019.1,38,1021.2,11.9,9.2,1300.0,2.95,20.64,,,,,,5.5,2.8,15.6,6.7,15.0,14.2,13.9,12.4,11.9,11.8,11.7,14.0,17.0,3.6,5.1,,,,2023,3,11,74,1,0,1,0
184,제주,2023-03-16,11.0,7.9,703,14.6,1626,,,,,,,7.9,20,654,4.9,20,1437,2.8,2378.0,20.0,2.5,31,1622,57.1,7.4,1024.1,1028.8,915,1024.3,1,1026.6,12.0,10.0,1200.0,3.07,20.56,,,,,,4.0,1.1,16.3,7.8,16.2,15.5,15.3,13.4,12.6,11.9,11.8,13.3,16.7,3.1,4.4,,,,2023,3,11,75,1,0,1,0
184,제주,2023-03-17,11.5,9.6,123,14.7,1137,,,,,7.75,19.2,11.3,70,1237,6.6,70,1242,2.7,2355.0,110.0,7.9,66,1,79.1,10.7,1019.0,1025.6,24,1018.8,1950,1021.5,12.0,0.1,1000.0,0.7,3.36,,,,,,9.5,6.1,12.9,9.1,14.3,14.3,14.7,13.5,13.0,12.1,11.9,14.0,17.0,1.3,1.8,19.2,{비}1235-{비}{강도1}1500-{비}{강도1}1800-1945. {비}2040-{비}{강도0}2100-2115.,,2023,3,11,76,1,0,1,1
184,제주,2023-03-18,11.3,8.6,2334,14.7,1233,,,,,,,9.8,50,152,6.1,50,201,3.9,3409.0,20.0,3.8,39,1234,60.9,8.1,1017.9,1022.7,2216,1018.3,129,1020.4,12.0,9.2,1200.0,3.28,22.6,,,,,,3.6,1.9,14.3,8.2,14.7,14.2,14.2,13.0,12.7,12.4,12.3,14.1,16.9,3.5,5.0,,,,2023,3,11,77,1,0,1,0
184,제주,2023-03-19,10.2,7.5,146,13.8,1524,,,,,,,5.4,360,1310,3.4,20,1141,1.5,1315.0,20.0,4.1,57,1516,66.4,8.3,1018.6,1023.5,824,1019.2,1540,1021.1,12.1,7.7,1200.0,3.03,19.44,,,,,,4.5,0.6,13.7,6.6,14.4,14.0,14.2,13.1,12.8,12.4,12.1,14.0,16.9,2.5,3.5,,,,2023,3,11,78,1,0,1,0
184,제주,2023-03-20,12.5,7.3,339,15.6,1452,,,,,,,5.1,50,1156,3.8,50,956,1.3,1111.0,50.0,6.6,53,1441,67.4,9.9,1013.5,1019.5,24,1013.1,2359,1016.1,12.1,0.8,1100.0,1.31,8.92,,,,,,8.8,7.8,13.7,6.3,14.1,13.9,14.1,13.0,12.8,12.4,12.2,14.1,16.9,1.4,1.9,0.3,{연무}0929-1048.,,2023,3,12,79,1,0,1,0
184,제주,2023-03-21,15.1,13.3,829,16.8,1511,,,,,5.93,1.4,9.2,110,2214,5.0,110,2221,2.8,2461.0,90.0,13.4,62,251,90.3,15.5,1008.4,1013.1,1,1009.1,1727,1010.9,12.2,0.0,1400.0,0.64,2.54,,,,,,9.3,8.1,15.8,13.1,15.2,14.8,14.7,13.3,13.0,12.5,12.3,14.1,16.9,0.7,1.0,1.1,{비}0451-0519. {박무}0635-{박무}{강도1}0900-{박무}{강도0}1200-1423. {비}0753-{비}{강도0}0900-{비}{강도0}1200-1217. {안개비}1304-1408.,,2023,3,12,80,1,0,1,1
184,제주,2023-03-22,17.8,15.4,923,21.7,1200,,,,,2.48,0.0,10.4,70,1237,6.8,50,1240,2.9,2501.0,90.0,16.1,73,1355,90.4,18.3,1005.4,1010.9,144,1004.5,2357,1007.8,12.2,0.8,1100.0,2.19,9.1,,,,,,8.3,5.5,18.7,14.0,17.1,16.3,15.8,13.9,13.3,12.6,12.5,14.2,16.8,1.3,1.9,6.2,{박무}0306-0349. {박무}0805-{박무}{강도0}0900-1043. {비}1550-{비}{강도0}1800-1819.,,2023,3,12,81,1,0,1,0
184,제주,2023-03-23,13.9,11.7,2400,16.4,1,,,,,7.33,6.3,8.0,270,1507,5.5,270,1319,2.9,2477.0,270.0,12.4,73,2400,91.0,14.6,1004.8,1012.7,2213,1002.3,407,1007.2,12.2,0.0,1000.0,0.68,2.98,,,,,,10.0,8.6,16.1,11.6,16.9,16.6,16.5,14.8,14.2,12.8,12.5,13.6,16.7,1.0,1.4,0.1,{박무}0015-{시정(미만)}{1km}{안개}0138-{시정(미만)}{0.5km}{안개}0155-{시정(이상)}{0.5km}{안개}0210-{시정(이상)}{1km}{박무}0215-{박무}{강도0}0300-{박무}{강도1}0600-0645. {비}0250-{비}{강도0}0300-{비}{강도1}0600-0640. {비}0703-{비}{강도0}0900-{안개비}0904-1033. {박무}0804-{박무}{강도1}0900-1046. {박무}1114-1154. {박무}1219-{박무}{강도0}1500-1645. {황사}2015-{황사}{강도0}2100-{황사}{강도0}2400- {박무}2205-{박무}{강도0}2400-,0.62,2023,3,12,82,1,0,1,1
184,제주,2023-03-24,11.5,10.8,1436,12.6,2334,,,,,9.83,8.3,6.8,90,2227,4.0,290,209,2.3,2005.0,270.0,8.8,67,145,84.5,11.4,1013.1,1018.5,2352,1012.1,435,1015.6,12.3,0.0,1000.0,0.65,2.86,,,,,,10.0,8.4,13.0,10.6,14.6,14.7,15.2,14.3,14.2,13.0,12.4,13.2,16.4,0.7,1.0,8.9,-{박무}-0005. -{황사}-{황사}{강도0}0300-{황사}{강도0}0600-{황사}{강도0}0900-0930. {비}1410-{비}{강도0}1500-{비}{강도0}1800-{비}{강도0}2100-{비}{강도0}2400- {박무}1425-{박무}{강도0}1500-{박무}{강도0}1800-2042. {박무}2346-{박무}{강도0}2400-,,2023,3,12,83,1,0,1,1
184,제주,2023-03-25,12.9,12.0,639,14.0,1516,,,,,3.72,0.6,9.3,70,345,5.3,70,407,2.8,2448.0,90.0,10.2,74,1704,84.4,12.5,1015.7,1020.1,1043,1016.6,1815,1018.2,12.3,0.0,1400.0,0.61,3.13,,,,,,10.0,7.3,13.9,12.0,14.3,14.2,14.5,13.7,13.8,13.1,12.6,13.9,16.7,1.0,1.4,0.2,-{박무}-0006. -{비}-{비}{강도0}0300-0343.,,2023,3,12,84,1,0,1,0
184,제주,2023-03-26,11.9,9.0,2352,14.9,1319,,,,,3.75,0.2,10.2,20,503,6.4,20,511,3.5,2981.0,320.0,4.5,39,1923,62.4,8.8,1016.3,1022.4,2239,1015.7,406,1018.8,12.3,8.2,1200.0,2.93,19.2,,,,,,5.0,3.3,14.8,8.5,15.3,14.8,14.8,13.6,13.5,13.1,12.8,13.6,16.4,3.7,5.2,,{비}0355-{비}{강도0}0600-0740.,,2023,3,12,85,1,0,1,0
184,제주,2023-03-27,10.7,8.0,2352,14.3,1530,,,,,,,7.5,20,223,4.2,20,131,3.0,2568.0,290.0,-1.5,35,958,42.9,5.5,1020.7,1024.7,2131,1020.9,122,1023.2,12.4,10.8,1200.0,3.23,24.49,,,,,,2.4,0.0,14.6,7.4,15.2,14.7,14.8,13.7,13.6,13.1,12.7,13.7,16.5,4.2,5.9,,,,2023,3,13,86,1,0,1,0
184,제주,2023-03-28,12.3,7.1,545,16.6,1147,,,,,,,5.0,50,1218,3.6,20,1225,2.2,1923.0,180.0,2.0,32,135,50.0,7.3,1022.6,1026.8,950,1023.9,1643,1025.1,12.4,10.5,1200.0,3.01,21.96,,,,,,0.4,0.4,15.3,5.5,15.2,14.8,15.0,13.8,13.5,13.1,12.7,13.9,16.6,3.4,4.9,,,,2023,3,13,87,1,0,1,0
184,제주,2023-03-29,13.4,10.3,635,16.2,1610,,,,,,,5.6,50,1229,4.0,50,1341,2.2,1904.0,50.0,6.1,47,2258,62.1,9.5,1020.2,1024.7,1,1021.1,1748,1022.7,12.4,10.9,1200.0,3.27,22.69,,,,,,3.1,0.8,17.5,8.5,16.4,15.8,15.7,14.2,13.6,13.2,12.8,13.9,16.6,3.3,4.8,,{연무}0441-{연무}{강도0}0600-{연무}{강도0}0900-{연무}{강도0}1200-1254.,,2023,3,13,88,1,0,1,0
184,제주,2023-03-30,14.6,9.6,554,17.9,1415,,,,,,,11.5,50,1601,8.0,50,1209,3.1,2637.0,160.0,6.8,38,818,60.3,10.3,1016.8,1022.2,1,1017.0,1602,1019.3,12.5,3.8,1100.0,2.6,15.51,,,,,,7.3,4.9,17.3,7.7,16.4,16.0,16.0,14.5,13.9,13.2,12.9,14.1,16.6,2.8,4.0,,{박무}1542-1622.,,2023,3,13,89,1,0,1,0
184,제주,2023-03-31,16.5,13.7,651,20.4,1439,,,,,,,5.1,110,226,3.7,50,935,1.9,1648.0,20.0,8.3,43,2330,59.4,11.1,1015.6,1019.6,16,1016.4,1744,1018.1,12.5,10.8,1200.0,3.2,22.58,,,,,,4.3,1.6,20.6,10.4,18.3,17.5,17.0,15.0,14.3,13.4,13.1,14.1,16.6,3.7,5.3,,,,2023,3,13,90,1,0,1,0
184,제주,2023-04-01,16.4,12.9,434,19.9,1045,,,,,,,11.8,70,1424,7.4,70,1459,3.5,3041.0,70.0,11.4,42,21,73.4,13.7,1013.1,1017.5,35,1013.9,1637,1015.5,12.5,9.7,1200.0,2.92,19.68,,,,,,5.8,1.3,19.4,9.8,18.2,17.6,17.4,15.7,14.8,13.6,13.1,14.1,16.6,3.3,4.7,,{박무}0520-{박무}{강도0}0600-0803. {햇무리}1045-1440.,,2023,4,13,91,1,0,1,0
184,제주,2023-04-02,16.4,13.3,630,19.2,1721,,,,,,,13.7,140,2212,7.3,70,1214,4.2,3650.0,70.0,7.4,38,1739,56.6,10.4,1015.4,1019.7,2324,1015.8,332,1017.9,12.6,11.4,1200.0,3.27,23.81,,,,,,0.4,0.4,20.8,10.6,18.8,18.2,17.9,16.0,15.2,13.9,13.3,14.1,16.5,4.9,7.0,,,,2023,4,13,92,1,0,1,0
184,제주,2023-04-03,16.1,13.2,321,20.2,1447,,,,,,,14.3,90,1124,7.9,90,1134,4.7,4056.0,90.0,9.8,51,1359,67.0,12.1,1018.6,1022.0,919,1019.5,1,1021.1,12.6,9.6,1200.0,3.26,22.48,,,,,,4.9,2.3,20.9,10.6,19.1,18.4,18.1,16.3,15.5,13.9,13.5,14.1,16.5,4.2,5.9,,{달무리}2210-,,2023,4,14,93,1,0,1,0
184,제주,2023-04-04,18.3,15.0,24,20.4,1717,0.5,2247.0,1.5,2229.0,12.7,1.6,16.2,110,1636,7.6,160,2234,4.6,3982.0,90.0,12.9,52,1719,71.8,14.9,1014.3,1021.6,1,1012.1,2354,1016.8,12.6,0.0,1100.0,0.53,3.16,,,,,,9.3,6.4,17.8,14.0,18.2,17.9,18.0,16.5,15.9,14.3,13.6,14.2,16.5,2.1,3.0,5.8,-{달무리}-0040. {비}1118-{비}{강도0}1200-{비}{강도0}1500-{비}{강도0}1800-{비}{강도0}2100-{비}{강도0}2400- {박무}2241-2309.,,2023,4,14,94,1,0,1,1
184,제주,2023-04-05,16.2,12.4,2319,21.5,348,0.6,1233.0,1.6,552.0,13.6,8.4,18.1,70,444,10.6,50,626,5.1,4424.0,290.0,13.5,59,347,84.4,15.6,1008.8,1014.5,2232,1008.2,436,1011.2,12.7,0.0,1300.0,0.54,1.92,,,,,,9.8,7.5,16.9,12.3,17.6,17.3,17.5,16.2,15.8,14.5,13.8,14.3,16.5,0.9,1.3,4.2,-{비}-{비}{강도0}0300-{비}{강도0}0600-{비}{강도0}0900-{비}{강도0}1200-1332. {박무}0624-0645. {비}1401-1405. {박무}1540-1735. {박무}1804-2003. {박무}2223-2308.,,2023,4,14,95,1,0,1,1
184,제주,2023-04-06,11.8,9.5,2351,13.9,1551,0.8,2055.0,3.2,2207.0,4.25,6.8,9.4,290,11,5.8,270,410,3.9,3380.0,290.0,9.2,71,1010,84.8,11.7,1011.6,1015.4,2336,1012.3,1600,1014.1,12.7,0.0,1000.0,0.71,4.23,,,,,,9.3,8.5,13.9,11.3,15.7,15.8,16.4,15.6,15.6,14.6,13.7,13.7,16.1,1.1,1.6,7.4,{박무}1625-{박무}{강도0}1800-{박무}{강도1}2100-{박무}{강도1}2400- {비}1901-1926. {비}2010-{비}{강도0}2100-{비}{강도0}2400-,,2023,4,14,96,1,0,1,1
184,제주,2023-04-07,11.3,9.1,2351,15.0,1316,0.2,1.0,0.6,1.0,1.25,0.6,11.9,320,2342,6.8,320,2005,4.3,3679.0,320.0,7.1,61,2351,75.8,10.1,1015.6,1021.9,2358,1014.9,104,1018.1,12.7,2.4,1300.0,2.54,14.13,,,,,,6.5,6.0,14.4,9.0,15.3,15.2,15.6,14.9,15.0,14.6,13.8,13.6,16.0,2.7,3.9,,-{비}-0115. -{박무}-{박무}{강도0}0300-0548. {박무}1625-{박무}{강도0}1800-2043.,,2023,4,14,97,1,0,1,0
184,제주,2023-04-08,11.5,7.7,600,15.4,1450,,,,,,,12.9,340,50,7.2,340,57,4.5,3926.0,320.0,2.3,30,1053,54.1,7.3,1021.0,1025.1,934,1021.9,1,1023.6,12.8,12.2,1200.0,3.43,25.66,,,,,,0.4,0.3,14.8,7.1,15.2,14.9,15.3,14.6,14.7,14.5,13.7,13.7,15.9,4.5,6.5,,,,2023,4,14,98,1,0,1,0
184,제주,2023-04-09,13.2,8.4,647,18.2,1344,,,,,,,8.5,290,1410,5.2,290,1418,2.9,2533.0,230.0,-0.5,28,920,39.5,6.0,1019.2,1024.3,12,1019.6,2334,1021.8,12.8,12.1,1200.0,3.42,25.54,,,,,,0.3,0.0,17.0,6.1,16.3,15.7,15.8,14.7,14.5,14.3,13.7,13.9,16.2,5.0,7.1,,,,2023,4,14,99,1,0,1,0
184,제주,2023-04-10,14.1,9.1,620,17.9,1433,,,,,,,7.3,50,1357,5.0,50,1219,2.7,2368.0,50.0,6.8,49,915,62.1,10.1,1015.1,1020.2,756,1014.8,1935,1017.6,12.8,11.4,1200.0,2.97,22.66,,,,,,4.0,0.0,18.5,7.6,17.0,16.5,16.5,15.1,14.6,14.2,13.7,14.0,16.3,3.8,5.4,,,,2023,4,15,100,1,0,1,0
184,제주,2023-04-11,18.9,12.2,317,25.2,1325,0.0,,,,0.67,0.0,19.8,230,1229,10.9,200,1238,5.0,4296.0,230.0,12.1,47,922,66.5,14.5,1011.3,1016.2,2359,1010.8,1501,1013.7,12.9,8.8,1200.0,3.27,22.59,,,,,,6.6,3.9,21.7,10.3,18.5,17.9,17.4,15.7,15.0,14.3,13.8,14.0,16.3,5.2,7.4,0.0,{비}1805-1845.,,2023,4,15,101,1,0,1,0
184,제주,2023-04-12,14.5,10.6,2347,19.4,1623,,,,,,,8.1,320,10,5.0,320,15,2.5,2130.0,290.0,-0.3,14,1236,38.3,6.2,1016.9,1021.1,949,1016.1,3,1019.4,12.9,11.0,1200.0,3.51,25.07,,,,,,0.5,0.0,21.5,7.2,19.8,19.0,18.7,16.7,15.7,14.4,13.9,13.8,16.0,5.6,8.0,,{황사}0355-{황사}{강도0}0600-{황사}{강도0}0900-{황사}{강도0}1200-{황사}{강도0}1500-{황사}{강도0}1800-{황사}{강도0}2100-{황사}{강도0}2400-,,2023,4,15,102,1,0,1,0
184,제주,2023-04-13,15.3,9.4,537,19.9,1707,,,,,,,7.7,20,1232,5.3,50,1502,2.2,1913.0,50.0,4.1,23,457,50.3,9.3,1015.9,1021.4,52,1015.2,1658,1018.3,12.9,11.0,1200.0,3.26,23.87,,,,,,4.3,0.6,20.6,5.9,18.9,18.4,18.3,16.8,16.0,14.7,13.9,14.1,16.3,3.7,5.3,1.1,-{황사}-{황사}{강도0}0300-{황사}{강도0}0600-{황사}{강도0}0900-{황사}{강도0}1200-{황사}{강도0}1500-{황사}{강도0}1800-1950.,,2023,4,15,103,1,0,1,0
184,제주,2023-04-14,15.5,14.1,958,16.8,1615,1.8,1419.0,6.2,1329.0,14.45,19.8,15.3,110,1722,7.7,110,1727,3.0,2615.0,90.0,13.3,64,806,87.5,15.4,1008.8,1017.6,1,1007.0,1814,1011.3,13.0,0.0,1600.0,0.3,1.48,,,,,,10.0,6.8,16.7,14.0,18.1,18.0,18.3,16.9,16.4,14.9,14.0,14.0,16.3,0.6,0.8,24.5,{비}0251-{비}{강도0}0300-{비}{강도0}0600-0620. {비}0741-{비}{강도0}0900-{비}{강도0}1200-{비}{강도1}1500-1657. {안개비}2106-2228. {박무}2143-{박무}{강도0}2400- {비}2340-{비}{강도0}2400-,,2023,4,15,104,1,0,1,1
184,제주,2023-04-15,14.7,12.9,2358,18.6,1451,0.5,431.0,1.7,415.0,8.8,5.8,10.3,70,135,6.0,70,124,3.4,2930.0,270.0,12.8,72,1438,89.1,14.8,1003.9,1007.6,1108,1005.3,1548,1006.4,13.0,2.2,1400.0,2.58,11.61,,,,,,8.8,5.5,18.6,12.8,17.9,17.6,17.6,16.4,16.1,15.1,14.2,14.2,16.3,2.2,3.1,,-{비}-{비}{강도0}0300-{비}{강도0}0600-0848. -{박무}-{박무}{강도1}0300-{박무}{강도1}0600-0749.,,2023,4,15,105,1,0,1,1
184,제주,2023-04-16,14.0,11.0,2347,17.4,842,,,,,,,17.5,290,859,10.1,270,907,4.8,4117.0,270.0,8.9,58,702,72.0,11.5,1005.2,1013.8,2324,1002.6,356,1007.7,13.0,8.0,1200.0,3.29,21.83,,,,,,4.0,2.8,17.6,10.7,17.7,17.4,17.5,16.4,16.2,15.2,14.2,13.9,15.4,3.6,5.1,,,,2023,4,15,106,1,0,1,0
184,제주,2023-04-17,15.9,9.0,447,22.4,1543,,,,,,,8.8,70,1058,6.0,50,1051,2.4,2090.0,50.0,6.8,37,1548,55.1,10.0,1013.2,1017.5,1119,1013.7,18,1015.6,13.1,11.5,1100.0,3.2,24.53,,,,,,1.4,0.0,19.9,9.0,18.2,17.6,17.6,16.3,16.1,15.2,14.3,14.2,16.1,5.8,8.3,,,,2023,4,16,107,1,0,1,0
184,제주,2023-04-18,23.3,15.8,1,28.6,1201,,,,,,,26.1,200,916,14.0,230,924,6.9,5962.0,230.0,15.0,23,748,63.3,17.4,1007.9,1014.8,1,1008.9,1711,1010.3,13.1,10.8,1200.0,3.18,23.78,,,,,,6.1,2.0,24.9,14.0,20.7,19.8,19.1,17.2,16.4,15.3,14.4,14.1,15.7,6.0,8.6,,,,2023,4,16,108,1,0,1,0
184,제주,2023-04-19,19.1,17.0,1952,22.7,1118,,,,,,,8.0,70,101,4.7,70,104,2.1,1840.0,50.0,17.3,77,1115,89.9,19.8,1007.4,1011.3,1,1008.1,1807,1009.8,13.1,1.0,1200.0,2.01,12.53,,,,,,8.1,4.8,23.1,16.9,21.7,21.1,20.5,18.3,17.3,15.5,14.6,14.0,15.8,2.2,3.1,,{박무}0235-0258. {박무}0532-0553. {햇무리}1045-1140. {박무}1805-{시정(미만)}{1km}{안개}1821-{시정(미만)}{0.5km}{안개}1823-{시정(미만)}{0.2km}{안개}1838-{시정(이상)}{0.2km}{안개}1854-{시정(이상)}{0.5km}{안개}1859-{시정(미만)}{0.5km}{안개}1909-{시정(이상)}{0.5km}{안개}1949-{시정(이상)}{1km}{박무}1957-2008.,1.6,2023,4,16,109,1,0,1,0
184,제주,2023-04-20,18.5,15.3,625,22.1,1535,,,,,,,6.7,20,1006,4.7,20,1013,2.1,1783.0,50.0,15.1,68,1226,81.6,17.2,1007.5,1011.4,42,1007.7,1545,1010.0,13.2,11.5,1200.0,3.29,24.04,,,,,,2.5,0.1,25.0,14.0,22.0,21.3,20.8,18.7,17.8,15.8,14.7,14.0,15.8,3.4,4.8,,,,2023,4,16,110,1,0,1,0
184,제주,2023-04-21,16.6,14.4,738,22.7,1304,,,,,,,11.0,70,1520,6.8,70,1449,3.1,2706.0,70.0,13.1,39,1301,80.6,15.2,1009.2,1014.9,2355,1009.2,415,1011.6,13.2,6.8,1200.0,3.3,19.04,,,,,,3.8,2.8,23.8,14.3,22.2,21.6,21.2,19.2,18.3,16.2,14.8,14.1,15.9,3.8,5.4,,{박무}0635-0824. {연무}2140- {황사}2340-2345.{황사}{강도0}2400-,,2023,4,16,111,1,0,1,0
184,제주,2023-04-22,15.9,14.2,2209,18.2,1254,,,,,,,15.1,70,1055,8.7,70,1420,4.7,4067.0,90.0,7.4,41,1742,57.9,10.3,1015.8,1021.0,2302,1014.9,1,1018.3,13.2,10.2,1200.0,3.3,23.0,,,,,,3.5,2.4,22.4,13.4,21.3,20.9,20.9,19.2,18.5,16.5,15.0,14.3,16.0,4.4,6.3,,-{황사}-{황사}{강도0}0300-{황사}{강도0}0600-{황사}{강도0}0900-{황사}{강도0}1200-{황사}{강도0}1500-{황사}{강도0}1800-2030.,,2023,4,16,112,1,0,1,0
184,제주,2023-04-23,15.3,13.6,315,17.5,1334,,,,,,,14.8,70,909,7.7,70,1320,4.9,4195.0,70.0,8.5,55,1313,64.1,11.1,1019.5,1024.0,1055,1020.4,1,1022.0,13.3,1.8,1300.0,2.77,14.81,,,,,,8.1,4.9,21.4,12.9,20.2,20.0,20.2,18.9,18.4,16.7,15.1,14.4,16.1,2.9,4.1,0.1,,,2023,4,16,113,1,0,1,0
184,제주,2023-04-24,14.0,13.0,1437,14.9,1,0.6,1148.0,1.9,1137.0,9.65,4.1,9.7,110,2054,5.8,70,557,3.2,2743.0,90.0,9.3,65,1,73.8,11.7,1020.0,1024.5,942,1020.3,2349,1022.5,13.3,0.0,1300.0,0.67,3.44,,,,,,10.0,4.1,16.1,12.9,18.6,18.7,19.3,18.4,18.2,16.8,15.2,14.4,16.1,1.1,1.6,5.7,{비}0546-{비}{강도0}0600-{비}{강도0}0900-{비}{강도0}1200-{비}{강도0}1500-1525. {박무}1150-{박무}{강도0}1200-1225.,,2023,4,17,114,1,0,1,1
184,제주,2023-04-25,12.5,11.7,1805,14.1,1,0.4,710.0,1.5,1426.0,15.92,8.9,8.8,70,1358,5.6,70,1410,2.8,2376.0,90.0,11.1,69,1,92.0,13.3,1012.4,1020.4,1,1012.0,1523,1014.9,13.3,0.0,1200.0,0.21,1.08,,,,,,9.6,6.9,14.8,11.6,16.9,17.0,17.8,17.3,17.5,16.8,15.4,14.4,16.2,0.8,1.1,7.2,{비}0350-{비}{강도0}0600-{비}{강도0}0900-{안개비}0949-{비}1030-{비}{강도0}1200-{비}{강도0}1500-{비}{강도0}1800-1945.,,2023,4,17,115,1,0,1,1
184,제주,2023-04-26,12.9,9.6,546,17.6,1228,,,,,,,10.4,290,1248,6.5,290,1223,3.7,3228.0,290.0,7.2,44,1439,69.5,10.2,1014.9,1020.4,2255,1014.9,507,1017.4,13.4,11.8,1300.0,3.14,25.81,,,,,,1.3,1.3,17.3,9.5,17.3,17.0,17.3,16.5,16.8,16.6,15.5,14.4,15.8,4.0,5.7,,,,2023,4,17,116,1,0,1,0
184,제주,2023-04-27,12.9,7.4,542,17.1,1704,,,,,,,7.6,50,1656,4.8,50,1642,2.6,2269.0,20.0,7.3,56,253,69.1,10.5,1018.5,1022.6,1033,1019.7,138,1021.0,13.4,12.4,1200.0,3.58,27.58,,,,,,2.9,0.0,19.8,7.3,18.0,17.6,17.7,16.7,16.6,16.4,15.6,14.5,16.1,3.7,5.3,,,,2023,4,17,117,1,0,1,0
184,제주,2023-04-28,18.1,10.7,452,23.6,1513,0.0,,0.0,,0.42,0.0,7.5,290,1230,4.5,290,1148,1.9,1642.0,180.0,11.3,43,737,65.8,13.8,1014.1,1020.8,1,1013.2,2345,1016.5,13.4,4.0,1100.0,3.4,15.13,,,,,,7.6,4.8,21.0,10.6,19.2,18.7,18.6,17.2,16.8,16.3,15.5,14.5,16.1,2.5,3.5,0.0,{비}1745-{비}{강도0}1800-1810.,,2023,4,17,118,1,0,1,0
184,제주,2023-04-29,16.1,11.8,2352,21.1,1136,0.6,1247.0,2.1,1221.0,7.33,6.1,10.9,340,1629,6.3,290,1916,2.8,2425.0,290.0,13.9,69,1132,87.4,16.3,1008.2,1014.3,2320,1008.7,1006,1010.7,13.5,0.0,1100.0,0.51,2.34,,,,,,8.5,5.8,17.6,8.9,19.3,19.1,19.2,17.8,17.2,16.3,15.6,14.5,16.0,1.3,1.9,6.1,{비}1122-{비}{강도0}1200-{비}{강도0}1500-{비}{강도0}1800-1842. {박무}1155-{박무}{강도0}1200-{박무}{강도0}1500-{박무}{강도0}1800-1853.,,2023,4,17,119,1,0,1,1
184,제주,2023-04-30,15.7,10.0,605,21.2,1511,,,,,,,10.1,290,1552,6.7,290,1547,3.5,3032.0,290.0,5.4,37,1512,51.8,9.0,1012.0,1015.7,2145,1013.3,1515,1014.5,13.5,12.5,1200.0,3.61,28.08,,,,,,1.4,0.0,19.8,5.0,18.6,18.1,18.3,17.2,17.0,16.4,15.6,14.6,15.9,5.9,8.4,,,,2023,4,17,120,1,0,1,0
184,제주,2023-05-01,17.4,14.9,2307,21.2,1624,,,,,,,10.0,270,453,5.6,250,454,3.1,2646.0,20.0,6.3,28,338,49.5,9.9,1016.2,1021.9,2320,1014.8,252,1018.7,13.5,12.4,1200.0,3.6,27.82,,,,,,0.0,0.0,22.9,6.6,20.3,19.5,19.3,17.7,17.2,16.4,15.6,14.8,15.6,5.0,7.1,,,,2023,5,18,121,0,0,1,0
184,제주,2023-05-02,18.4,13.6,603,24.5,1534,,,,,,,8.4,250,1536,5.4,270,1540,2.4,2095.0,50.0,8.8,32,1605,54.0,11.7,1019.9,1024.4,826,1021.1,1806,1022.4,13.5,11.4,1200.0,3.48,26.59,,,,,,4.9,0.5,24.1,5.6,21.0,20.4,20.0,18.3,17.5,16.5,15.6,14.7,16.0,4.8,6.8,,,,2023,5,18,122,0,0,1,0
184,제주,2023-05-03,17.4,15.2,350,20.7,1225,5.5,2040.0,21.5,2013.0,11.7,50.7,11.8,160,2046,5.3,160,2049,1.7,1492.0,200.0,11.8,44,627,72.5,14.3,1017.9,1022.2,1029,1018.0,2340,1020.4,13.6,0.2,700.0,0.48,2.91,,,,,,9.0,5.3,18.4,7.8,19.9,19.7,20.0,18.7,18.0,16.6,15.7,14.7,16.0,0.7,0.9,94.9,{비}1218-{비}{강도0}1500-{비}{강도0}1800-{비}{강도2}2100-{비}{강도0}2400-,,2023,5,18,123,0,0,1,1
184,제주,2023-05-04,18.6,15.9,425,23.4,2327,4.5,1102.0,13.4,852.0,21.92,74.0,15.1,110,1154,8.4,110,1144,3.1,2713.0,110.0,17.4,83,1412,93.0,19.9,1009.2,1018.2,1,1007.5,2351,1011.6,13.6,0.0,1200.0,0.22,0.54,,,,,,10.0,7.3,18.1,15.4,18.5,18.3,18.6,17.8,17.7,17.2,16.3,14.9,15.7,0.8,1.1,37.1,-{비}-{비}{강도0}0300-{비}{강도1}0600-{비}{강도1}0900-{비}{강도0}1500-{비}{강도0}1800-1820. {비}1835-1910. {비}2025-{비}{강도0}2100-2115. {비}2125-2230. {비}2245-2350.,,2023,5,18,124,0,0,1,1
184,제주,2023-05-05,23.4,21.8,908,26.2,1639,2.1,902.0,5.7,859.0,19.0,23.6,17.0,200,659,8.4,200,1455,4.3,3726.0,200.0,20.5,66,1639,84.1,24.2,1001.1,1007.9,22,1000.5,1827,1003.5,13.6,0.0,1500.0,0.46,2.31,,,,,,10.0,6.9,21.9,19.2,20.5,19.9,19.5,18.0,18.4,17.4,16.5,15.2,15.6,1.4,2.0,16.7,{비}0030-{비}{강도0}0300-0325. {비}0350-0405. {비}0415-{비}{강도0}0600-{비}{강도0}0900-{비}{강도0}1200-{비}{강도0}1500-{비}{강도0}1800-2005.,,2023,5,18,125,0,0,1,1
184,제주,2023-05-06,18.3,15.7,1929,22.7,109,0.1,,0.1,,2.0,0.1,12.1,270,413,7.1,270,416,4.0,3430.0,270.0,16.2,71,1403,88.0,18.5,1002.4,1008.1,2357,1000.8,252,1004.8,13.6,3.3,1100.0,3.39,17.01,,,,,,8.6,7.5,22.6,15.4,21.9,21.2,20.7,19.0,18.8,17.2,16.5,15.0,15.8,2.5,3.6,3.0,{박무}1902-2054. {비}1927-2057. {박무}2311-{박무}{강도0}2400- {안개비}2330-{안개비}{강도0}2400-,,2023,5,18,126,0,0,1,0
184,제주,2023-05-07,14.0,12.5,2248,15.8,1,1.0,1228.0,3.9,958.0,20.37,18.6,12.7,70,1212,6.3,70,1448,3.8,3280.0,90.0,12.8,85,1733,92.8,14.8,1007.5,1014.4,2359,1007.5,241,1010.0,13.7,0.0,1300.0,0.21,0.69,,,,,,10.0,9.1,16.4,12.4,19.1,19.2,19.8,19.0,18.8,17.2,16.5,15.0,15.8,0.8,1.2,15.7,-{안개비}-{안개비}{강도0}0300-{안개비}{강도0}0600-{비}0652-{비}{강도0}0900-{비}{강도0}1200-{안개비}1440-{안개비}{강도0}1500-1730. -{박무}-{박무}{강도0}0300-{박무}{강도0}0600-{박무}{강도0}0900-{박무}{강도0}1200-1354. {안개비}2040-{안개비}{강도0}2100-2332. {박무}2045-{박무}{강도1}2100-2335.,,2023,5,18,127,0,0,1,1
184,제주,2023-05-08,14.8,11.4,553,17.9,1416,,,,,,,8.6,50,1611,6.1,70,1618,2.7,2302.0,50.0,7.8,34,1719,65.0,10.7,1014.6,1019.0,2150,1014.4,1,1017.1,13.7,10.2,1100.0,3.16,23.82,,,,,,6.3,0.5,18.8,8.4,18.7,18.4,18.6,17.9,18.2,17.7,16.5,14.9,15.8,3.9,5.6,,{햇무리}1255-1520.,,2023,5,19,128,0,0,1,0
184,제주,2023-05-09,16.7,11.9,355,21.1,1455,,,,,,,6.0,270,1602,4.1,50,847,2.6,2257.0,160.0,7.6,33,1503,56.0,10.6,1015.6,1019.6,907,1016.3,1755,1018.0,13.7,12.8,1200.0,3.64,28.43,,,,,,1.9,0.0,22.2,6.7,19.8,19.2,19.2,18.0,18.0,17.6,16.6,15.0,15.8,5.1,7.2,,,,2023,5,19,129,0,0,1,0
184,제주,2023-05-10,19.0,13.9,331,23.0,1156,,,,,,,7.4,320,1555,4.9,340,1524,2.6,2252.0,180.0,8.3,36,814,50.5,11.3,1015.1,1018.5,903,1016.2,1638,1017.6,13.8,12.2,1100.0,3.47,27.52,,,,,,4.5,0.0,24.6,8.1,21.1,20.5,20.3,18.7,18.2,17.5,16.7,15.2,15.7,5.0,7.1,,,,2023,5,19,130,0,0,1,0
184,제주,2023-05-11,18.2,15.3,554,21.4,1256,,,,,,,11.5,50,1436,7.1,70,1404,3.0,2608.0,70.0,13.1,40,1,73.6,15.5,1015.9,1019.5,2312,1017.0,1757,1018.4,13.8,10.4,1200.0,3.35,23.39,,,,,,5.5,0.8,24.2,10.6,21.9,21.4,21.1,19.4,18.6,17.6,16.7,15.1,15.8,3.1,4.4,,,,2023,5,19,131,0,0,1,0
184,제주,2023-05-12,17.5,14.5,224,20.5,1352,0.7,2208.0,2.1,2149.0,3.78,3.4,5.7,90,350,3.6,290,1208,2.0,1709.0,50.0,14.1,60,1025,81.4,16.2,1015.0,1019.3,17,1016.1,1701,1017.5,13.8,0.0,1300.0,1.47,9.04,,,,,,9.9,6.0,21.3,10.8,21.3,21.0,21.1,19.6,19.0,17.7,16.7,15.3,15.7,1.6,2.3,9.7,{비}1610-1625. {비}1725-1750. {비}2053-{비}{강도0}2100-{비}{강도0}2400-,,2023,5,19,132,0,0,1,1
184,제주,2023-05-13,15.7,14.0,338,18.4,1711,0.8,3.0,1.9,1.0,8.08,6.6,7.7,50,1318,5.5,50,1347,2.5,2149.0,50.0,14.4,80,1715,92.4,16.4,1011.2,1016.9,1,1011.5,1702,1013.7,13.8,2.1,1500.0,1.33,8.83,,,,,,7.4,5.6,19.6,12.2,20.2,20.1,20.3,19.3,19.0,17.8,16.7,15.2,15.8,1.6,2.3,0.3,-{비}-{비}{강도0}0300-{비}{강도0}0600-0645. {박무}0925-1005. {비}0940-1010. {비}1120-1150. {박무}1125-{박무}{강도1}1200-1245. {비}1210-1230.,,2023,5,19,133,0,0,1,1
184,제주,2023-05-14,17.2,13.2,440,21.4,1301,,,,,,,6.0,340,1242,4.3,340,1250,1.9,1670.0,20.0,13.8,59,952,81.5,15.9,1008.2,1013.1,1,1009.2,1743,1010.7,13.9,7.8,1200.0,3.43,22.09,,,,,,3.9,3.1,21.4,10.2,20.7,20.2,20.1,18.9,18.7,17.9,16.8,15.2,15.8,3.1,4.5,,,,2023,5,19,134,0,0,1,0
184,제주,2023-05-15,18.7,14.4,524,26.1,1429,2.3,1030.0,4.1,1028.0,2.73,4.8,13.7,320,1021,7.3,340,1028,1.6,1423.0,50.0,13.9,47,1326,75.3,16.0,1007.5,1015.3,1027,1007.2,1422,1009.9,13.9,6.7,1500.0,2.44,12.45,,,,,,4.1,1.3,20.8,11.1,20.5,20.1,20.3,19.1,18.9,17.9,16.9,15.3,15.8,2.6,3.7,4.8,{소나기}1016-{비}1110-1150. {소나기}1230- {비}1240-1340. {박무}2130-2230.,,2023,5,20,135,0,0,1,1
184,제주,2023-05-16,20.7,15.2,514,26.2,1135,,,,,,,5.6,50,1755,4.4,50,1800,2.0,1756.0,50.0,15.2,48,1127,72.4,17.4,1010.7,1015.2,2356,1011.1,207,1013.2,13.9,12.7,1200.0,3.51,28.03,,,,,,1.3,0.0,24.8,10.7,22.2,21.4,20.9,19.3,19.4,18.1,17.0,15.4,15.8,4.9,7.0,,,,2023,5,20,136,0,0,1,0
184,제주,2023-05-17,21.0,15.5,417,25.5,1446,0.0,,0.0,,0.58,0.0,6.1,20,1451,4.3,50,1457,1.8,1535.0,50.0,15.9,49,1158,74.9,18.1,1011.7,1015.7,806,1011.9,2331,1014.1,13.9,8.5,1200.0,3.38,22.59,,,,,,7.4,2.0,25.9,12.7,23.3,22.7,22.2,20.3,20.1,18.3,17.0,15.4,15.8,3.7,5.3,21.5,{박무}0108-{시정(미만)}{1km}{안개}0134-{시정(미만)}{0.5km}{안개}0138-{시정(이상)}{0.5km}{안개}0204-{시정(이상)}{1km}{박무}0209-{박무}{강도0}0300-0318. {박무}0344-{시정(미만)}{1km}{안개}0351-{시정(미만)}{0.5km}{안개}0415-{시정(이상)}{0.5km}{안개}0424-{시정(이상)}{1km}{박무}0427-0436. {비}2325-{비}{강도0}2400-,1.18,2023,5,20,137,0,0,1,0
184,제주,2023-05-18,18.6,17.1,2028,21.7,1,1.6,511.0,7.3,438.0,24.0,27.4,17.0,90,2204,8.7,70,1647,4.5,3864.0,70.0,17.2,55,204,91.9,19.7,1004.1,1012.1,1,1003.7,1731,1006.5,14.0,0.2,1400.0,1.55,6.76,,,,,,9.9,7.8,21.3,16.0,21.8,22.0,22.2,20.8,19.9,18.6,17.2,15.5,15.8,1.2,1.7,16.3,-{비}-{비}{강도0}0300-{비}{강도1}0600-{비}{강도0}0900-{비}{강도0}1200-{비}{강도0}1500-{비}{강도0}1800-{비}{강도0}2100-{비}{강도0}2400-,,2023,5,20,138,0,0,1,1
184,제주,2023-05-19,19.0,16.7,430,23.9,1528,0.8,45.0,3.5,27.0,6.28,10.4,11.6,90,17,5.9,90,127,2.4,2062.0,90.0,16.5,59,1522,86.3,18.7,1006.7,1012.2,2356,1005.5,307,1009.1,14.0,5.0,1400.0,3.15,16.54,,,,,,7.9,6.0,22.8,15.0,21.7,21.6,21.5,20.2,19.9,18.6,17.2,15.5,15.8,2.9,4.2,,-{비}-{비}{강도0}0300-{비}{강도0}0600-0617.,,2023,5,20,139,0,0,1,1
184,제주,2023-05-20,19.3,17.0,2400,23.2,1401,,,,,,,7.2,70,1134,5.7,50,1159,2.8,2410.0,50.0,16.0,63,1323,82.1,18.2,1010.1,1013.8,818,1011.2,332,1012.5,14.0,7.4,1200.0,3.46,24.73,,,,,,7.0,4.5,25.1,13.0,23.0,22.8,22.4,20.7,20.2,18.8,17.4,15.5,15.8,3.7,5.2,,{햇무리}1252-1435.,,2023,5,20,140,0,0,1,0
184,제주,2023-05-21,17.7,15.9,527,21.2,1353,,,,,,,8.5,290,1158,5.7,290,1207,3.2,2727.0,290.0,15.1,71,1355,85.4,17.1,1009.2,1013.6,1,1010.3,1800,1011.7,14.0,5.2,1200.0,3.45,18.64,,,,,,7.8,6.8,23.3,14.5,23.1,23.0,22.9,21.2,20.7,18.9,17.4,15.9,15.8,3.0,4.3,,{박무}0245-{박무}{강도0}0300-0550.,,2023,5,20,141,0,0,1,0
184,제주,2023-05-22,17.1,15.0,2338,21.1,1638,0.3,1254.0,0.3,1219.0,3.68,0.3,9.3,20,1731,5.5,20,1729,2.3,1971.0,270.0,13.4,40,1644,80.1,15.5,1007.0,1010.7,1,1007.5,1636,1009.5,14.0,0.8,1600.0,0.81,7.41,,,,,,6.0,4.3,20.0,10.5,21.6,21.9,22.3,21.1,20.8,19.1,17.6,16.0,15.8,1.8,2.5,0.3,{황사}1040-{황사}{강도0}1200-{황사}{강도0}1500-{황사}{강도0}1800-{황사}{강도0}2100-{황사}{강도0}2400- {비}1219-1348. {비}1431-{비}{강도0}1500-1643.,,2023,5,21,142,0,0,1,0
184,제주,2023-05-23,18.7,14.1,507,23.3,1610,,,,,,,7.3,320,1140,5.0,320,1201,2.4,2059.0,290.0,11.5,44,1756,64.6,13.7,1009.5,1014.4,2339,1010.2,58,1011.9,14.1,12.5,1200.0,3.47,27.91,,,,,,0.5,0.1,25.3,8.8,22.0,21.8,21.7,20.5,20.3,18.8,17.7,16.0,15.8,4.8,6.8,,-{황사}-{황사}{강도0}0300-{황사}{강도0}0600-{황사}{강도0}0900-{황사}{강도0}1200-1240.,,2023,5,21,143,0,0,1,0
184,제주,2023-05-24,18.2,15.2,334,21.1,1113,0.0,,0.0,,0.42,0.0,5.8,70,1327,4.0,70,1330,2.0,1695.0,50.0,13.9,49,18,77.0,16.3,1013.1,1017.6,2344,1013.9,511,1015.5,14.1,4.6,1000.0,2.8,13.91,,,,,,8.1,5.0,22.0,9.1,21.9,22.0,22.2,20.9,20.5,19.2,17.8,15.9,15.8,2.6,3.7,0.0,{비}2210-2235.,,2023,5,21,144,0,0,1,0
184,제주,2023-05-25,21.4,17.5,28,26.3,1144,,,,,,,8.6,50,1037,5.5,290,1250,2.4,2049.0,90.0,12.4,34,1112,57.6,14.6,1014.0,1017.6,744,1015.1,1743,1016.4,14.1,10.6,1100.0,3.42,26.49,,,,,,4.8,3.0,28.5,14.1,23.5,23.1,22.6,21.0,20.4,19.2,17.8,15.9,15.8,4.9,6.9,,,,2023,5,21,145,0,0,1,0
184,제주,2023-05-26,22.1,18.0,324,26.7,1520,,,,,,,6.3,50,1150,4.6,50,1234,1.9,1643.0,50.0,17.4,61,1514,75.0,20.0,1015.8,1019.7,850,1016.7,240,1018.2,14.1,5.7,1200.0,3.51,21.96,,,,,,5.9,5.0,28.9,13.1,24.6,24.3,23.7,21.8,20.9,19.3,17.9,16.1,15.9,3.8,5.4,,,,2023,5,21,146,0,0,1,0
184,제주,2023-05-27,23.4,20.7,105,26.4,1202,,,,,,,13.6,160,1412,6.1,160,1413,2.3,1965.0,290.0,17.8,58,1203,71.3,20.3,1014.2,1018.6,1017,1014.9,1934,1016.6,14.1,0.3,1100.0,1.52,10.05,,,,,,9.0,4.9,26.3,18.2,24.8,24.6,24.3,22.4,21.5,19.5,18.0,16.3,15.9,2.6,3.8,,,,2023,5,21,147,0,0,1,0
184,제주,2023-05-28,24.2,21.3,507,26.9,1308,,,,,,,7.7,50,1518,5.1,50,1318,2.2,1899.0,50.0,20.3,72,943,79.1,23.9,1011.2,1015.5,53,1012.1,1739,1013.6,14.2,7.8,1200.0,3.6,23.79,,,,,,6.8,3.9,31.7,17.8,25.8,25.4,24.6,22.6,22.4,20.0,18.2,16.6,15.9,3.9,5.5,,,,2023,5,21,148,0,0,1,0
184,제주,2023-05-29,24.3,21.0,2343,29.9,1350,2.1,2020.0,5.1,2016.0,5.33,6.4,11.5,270,1914,6.8,270,2003,2.5,2200.0,140.0,21.7,66,1347,86.1,25.9,1008.5,1013.1,1,1009.3,2218,1010.9,14.2,3.0,1300.0,3.46,15.85,,,,,,8.5,6.0,30.6,20.8,26.6,26.3,25.5,23.4,22.8,20.3,18.3,16.6,15.9,2.9,4.1,17.7,{비}1820-{비}{강도1}2100-2340.,,2023,5,22,149,0,0,1,1
184,제주,2023-05-30,21.0,19.6,2015,23.6,1159,3.8,1715.0,10.5,1645.0,21.17,32.8,10.0,140,2139,5.5,50,1311,2.7,2297.0,50.0,20.4,90,1217,96.9,24.0,1007.3,1011.3,114,1007.9,1656,1009.7,14.2,0.0,1100.0,1.13,4.81,,,,,,10.0,8.1,23.8,19.3,24.9,25.0,25.1,23.5,22.7,20.8,18.6,16.1,16.0,1.0,1.4,31.7,{비}0115-{비}{강도1}0300-{비}{강도0}0600-{안개비}0635-{안개비}{강도0}0900-1120. {안개비}1255-{안개비}{강도0}1500-{비}1637-{비}{강도1}1800-{비}{강도0}2100-{비}{강도0}2400-,,2023,5,22,150,0,0,1,1
184,제주,2023-05-31,20.5,18.4,526,24.4,1412,2.9,229.0,5.8,227.0,6.75,10.2,13.7,70,1514,8.3,70,1543,4.2,3655.0,90.0,18.0,67,1409,86.1,20.6,1007.5,1011.6,1019,1008.8,202,1009.9,14.2,6.5,1300.0,3.37,20.27,,,,,,6.9,4.0,23.9,18.4,24.2,24.0,24.0,22.9,22.7,20.8,18.6,16.1,16.0,3.7,5.2,,-{비}-{비}{강도1}0300-{비}{강도0}0600-0645.,,2023,5,22,151,0,0,1,1
184,제주,2023-06-01,20.7,19.6,1451,25.0,946,2.0,1856.0,4.7,1449.0,10.78,16.4,8.4,70,33,4.6,50,1038,2.4,2090.0,50.0,19.7,75,948,94.3,22.9,1003.6,1009.7,1,1003.2,2400,1006.0,14.2,2.8,800.0,1.95,10.37,,,,,,8.6,5.0,24.2,18.6,24.0,24.0,24.2,22.9,22.7,20.9,18.8,16.3,15.9,1.2,1.8,20.9,{박무}1041-{박무}{강도0}1200-1205. {비}1134-{비}{강도0}1200-{비}{강도0}1500-{비}{강도0}1800-{비}{강도0}2100-2203. {박무}1315-{박무}{강도0}1500-1703. {박무}1810-{박무}{강도0}2100-2140. {박무}2250-{박무}{강도0}2400- {안개비}2335-2353.,,2023,6,22,152,0,0,1,1
184,제주,2023-06-02,21.4,19.1,2350,25.4,1353,1.0,509.0,2.0,448.0,4.7,4.5,8.7,320,1441,6.0,290,1447,2.5,2160.0,270.0,19.0,64,1757,87.4,22.0,1001.2,1007.4,2353,1001.3,339,1003.6,14.2,7.1,1300.0,3.45,21.08,,,,,,6.5,5.1,25.2,19.0,25.0,24.7,24.3,22.9,22.7,21.1,19.2,16.9,16.0,3.9,5.6,,-{박무}-0010. {박무}0302-{시정(미만)}{1km}{안개}0335-{시정(이상)}{1km}{박무}0415-{박무}{강도1}0600-0755. {비}0350-{비}{강도0}0600-0832. {박무}0955-1023.,0.67,2023,6,22,153,0,0,1,1
184,제주,2023-06-03,21.3,17.7,614,24.6,1353,,,,,,,7.0,270,1613,5.2,320,1450,2.9,2508.0,270.0,15.5,45,2135,71.0,17.8,1008.0,1013.0,2229,1007.1,223,1010.4,14.3,11.9,1200.0,3.64,29.05,,,,,,1.8,0.9,27.7,14.7,25.4,25.1,24.9,23.3,22.9,21.2,19.4,17.2,16.1,5.1,7.3,0.0,,,2023,6,22,154,0,0,1,0
184,제주,2023-06-04,23.1,18.7,349,28.0,1453,0.0,,0.0,,0.5,0.0,6.0,340,1148,3.9,320,1639,2.3,1948.0,270.0,11.2,29,1130,49.4,13.5,1011.2,1014.6,810,1011.8,101,1013.6,14.3,4.5,1400.0,2.93,20.39,,,,,,8.3,6.8,27.2,13.0,25.1,25.0,25.0,23.5,23.2,21.3,19.4,17.2,16.0,5.2,7.4,0.1,{비}0835-{비}{강도0}0900-0905.,,2023,6,22,155,0,0,1,0
184,제주,2023-06-05,20.1,17.2,2327,22.5,152,0.3,2115.0,0.4,1620.0,12.67,1.3,5.8,340,1434,3.9,270,248,2.1,1811.0,200.0,13.3,39,30,66.0,15.3,1010.9,1015.6,913,1011.5,1834,1013.3,14.3,0.0,1300.0,0.71,4.92,,,,,,10.0,7.8,21.9,17.1,23.9,24.1,24.6,23.5,23.2,21.4,19.5,17.3,16.1,1.3,1.8,23.7,{비}0412-0420. {비}0603-0740. {비}0840-{비}{강도0}0900-0950. {비}1030-1130. {비}1145-{비}{강도0}1200-1250. {비}1620-{비}{강도0}1800-{비}{강도0}2100-{비}{강도0}2400-,,2023,6,23,156,0,0,1,1
184,제주,2023-06-06,18.5,16.7,401,22.3,1709,1.8,454.0,7.1,444.0,10.75,22.8,8.8,70,905,5.2,70,1158,2.8,2423.0,70.0,17.0,77,1704,91.5,19.3,1005.9,1011.5,1,1006.5,941,1008.3,14.3,4.1,1500.0,2.22,10.54,,,,,,6.8,5.4,21.8,14.4,22.3,22.5,23.0,22.4,22.6,21.5,19.7,16.7,16.1,2.0,2.9,0.3,-{비}-{비}{강도1}0300-{비}{강도1}0600-{비}{강도0}0900-0945. {박무}0835-{박무}{강도0}0900-{박무}{강도0}1200-1235. {비}1125-1155. {비}1215-1245.,,2023,6,23,157,0,0,1,1
184,제주,2023-06-07,19.8,15.8,507,23.4,1538,,,,,,,7.0,50,1653,4.5,50,1702,2.5,2160.0,70.0,16.7,73,1556,82.6,19.1,1008.5,1012.2,807,1009.6,1622,1010.9,14.3,9.9,1300.0,3.51,24.87,,,,,,6.4,1.5,25.2,11.7,23.3,23.1,23.1,22.1,22.1,21.4,19.8,17.1,16.1,3.4,4.9,0.2,,,2023,6,23,158,0,0,1,0
184,제주,2023-06-08,21.2,19.1,231,26.2,1455,0.2,,0.2,,1.5,0.2,9.8,50,1347,7.0,50,1353,2.1,1780.0,50.0,18.4,68,1507,84.6,21.2,1003.8,1010.2,1,1004.5,1503,1006.2,14.3,4.0,1300.0,3.54,17.48,,,,,,6.8,3.8,26.9,16.0,24.7,24.5,24.2,22.7,22.4,21.3,19.9,17.4,16.1,3.2,4.5,,{비}0440-0515. {비}0615-0710.,,2023,6,23,159,0,0,1,0
184,제주,2023-06-09,22.3,18.6,234,26.5,917,,,,,,,7.9,320,1038,5.1,320,1051,2.4,2089.0,50.0,18.7,68,915,80.5,21.6,1003.3,1006.8,2023,1004.7,401,1005.7,14.3,10.3,1200.0,3.33,25.64,,,,,,3.5,1.4,29.0,15.1,25.5,25.2,24.8,23.1,23.0,21.4,19.9,17.3,16.2,4.0,5.8,,,,2023,6,23,160,0,0,1,0
184,제주,2023-06-10,23.8,19.8,626,30.0,1501,,,,,,,10.6,270,1828,6.9,270,1832,2.8,2384.0,290.0,19.8,57,1458,80.5,23.2,1003.0,1007.8,618,1003.5,1225,1005.4,14.3,9.6,1200.0,3.54,26.26,,,,,,6.3,4.8,30.9,15.8,26.8,26.4,25.7,23.8,23.6,21.6,19.9,17.5,16.2,4.8,6.9,,{박무}0155-0215. {박무}2043-{시정(미만)}{1km}{안개}2057-{안개}{강도1}2100-{시정(이상)}{1km}{박무}2140-{시정(미만)}{1km}{안개}2245-{시정(미만)}{0.5km}{안개}2320-{시정(이상)}{0.5km}{안개}2355-{안개}{강도0}2400-,1.97,2023,6,23,161,0,0,1,0
184,제주,2023-06-11,21.9,19.5,310,25.3,1338,,,,,,,6.0,250,416,4.4,50,1143,2.4,2106.0,50.0,20.1,75,1339,89.9,23.6,1003.4,1007.4,2157,1003.5,225,1005.8,14.4,5.0,1100.0,2.94,18.74,,,,,,7.6,5.6,29.5,17.2,27.2,26.8,26.4,24.5,23.8,21.8,20.0,17.7,16.2,2.9,4.1,,-{박무}-{시정(이상)}{1km}{박무}0025-0145. {박무}0535-{박무}{강도2}0600-0655. {박무}1003-1042. {박무}2330-{박무}{강도0}2400-,0.42,2023,6,23,162,0,0,1,0
184,제주,2023-06-12,22.2,20.0,523,25.2,1414,,,,,,,7.3,70,1412,5.1,50,1418,2.2,1933.0,50.0,20.4,78,1011,90.4,24.0,1003.9,1007.4,31,1005.1,1816,1006.3,14.4,5.8,1300.0,2.9,19.45,,,,,,7.9,7.0,30.8,18.5,27.1,26.8,26.4,24.6,23.8,21.8,20.0,17.4,16.2,2.9,4.1,0.0,-{박무}-0006. {박무}0209-{박무}{강도0}0300-{박무}{강도0}0600-0637. {박무}2156-{박무}{강도1}2400-,,2023,6,24,163,0,0,1,0
184,제주,2023-06-13,21.5,19.9,609,25.0,1540,0.0,,0.0,,0.75,0.0,5.5,340,1546,4.3,340,1551,2.0,1694.0,20.0,18.8,69,1538,85.5,21.8,1003.0,1006.6,807,1004.3,1816,1005.4,14.4,2.7,1300.0,2.71,11.58,,,,,,9.4,4.6,27.9,18.8,26.6,26.6,26.4,24.8,24.1,22.0,20.1,17.8,16.3,2.2,3.2,0.0,-{박무}-0215. {박무}0543-{박무}{강도0}0600-{박무}{강도0}0900-0905. {안개비}0550-{안개비}{강도0}0600-0635.,,2023,6,24,164,0,0,1,0
184,제주,2023-06-14,22.7,19.9,335,26.5,1615,,,,,,,5.4,20,1146,3.8,20,1432,2.2,1906.0,290.0,16.8,47,1054,70.5,19.2,1004.1,1008.5,2257,1004.5,227,1006.5,14.4,8.9,1500.0,2.52,5.91,,,,,,5.1,2.1,29.7,15.8,26.5,26.5,26.1,24.8,24.5,22.5,20.0,18.4,16.5,2.4,3.4,,,,2023,6,24,165,0,0,1,0
184,제주,2023-06-15,22.3,19.2,453,26.1,1448,,,,,,,6.8,340,1647,4.6,320,1835,2.4,2047.0,20.0,16.1,56,1133,68.8,18.4,1007.0,1012.2,2351,1007.4,337,1009.4,14.4,12.0,1200.0,3.39,27.35,,,,,,1.6,1.6,32.4,14.7,26.8,26.8,26.5,25.0,24.6,22.7,20.1,18.3,16.5,5.1,7.3,,,,2023,6,24,166,0,0,1,0
184,제주,2023-06-16,22.3,18.7,504,26.0,1440,,,,,,,6.0,50,1222,4.9,50,1224,2.1,1776.0,20.0,14.1,45,820,60.1,16.3,1011.3,1015.2,2238,1011.9,110,1013.7,14.4,10.7,1200.0,3.31,24.77,,,,,,4.0,0.0,31.7,12.8,26.6,26.6,26.4,25.2,24.7,22.8,20.2,18.1,16.5,4.5,6.4,,,,2023,6,24,167,0,0,1,0
184,제주,2023-06-17,23.0,19.3,459,27.1,1602,,,,,,,8.7,50,1112,6.7,50,1116,2.5,2192.0,50.0,17.0,55,1202,69.8,19.7,1010.7,1015.1,7,1011.3,2018,1013.1,14.4,9.4,1200.0,3.55,26.25,,,,,,5.4,0.5,32.8,13.6,26.7,26.7,26.4,25.1,24.6,22.9,20.3,17.9,16.5,4.5,6.4,0.0,,,2023,6,24,168,0,0,1,0
184,제주,2023-06-18,23.4,21.9,516,26.4,1302,0.0,,0.0,,3.37,0.0,4.9,340,1345,3.6,340,1348,2.0,1714.0,320.0,16.3,45,1221,65.4,18.6,1005.7,1011.4,17,1005.9,1728,1008.1,14.4,0.4,1100.0,2.06,12.37,,,,,,8.3,5.8,27.4,16.5,27.0,26.9,26.7,25.5,24.9,23.0,20.4,18.6,16.6,3.4,4.9,,{비}0418-{비}{강도0}0600-0645. {비}0745-0815. {비}0830-0855.,,2023,6,24,169,0,0,1,0
184,제주,2023-06-19,24.4,19.4,539,29.9,1400,,,,,,,13.4,70,1041,7.7,70,1045,3.4,2902.0,90.0,17.3,45,1358,65.8,19.9,1003.5,1007.4,1,1004.3,1436,1005.8,14.4,10.6,1100.0,3.43,25.38,,,,,,5.3,0.3,31.4,14.3,26.5,26.5,26.3,25.2,24.8,23.1,20.6,18.0,16.6,5.3,7.6,,,,2023,6,25,170,0,0,1,0
184,제주,2023-06-20,24.8,22.3,2335,27.4,1427,2.0,1740.0,3.6,1655.0,6.4,3.9,12.3,140,759,7.2,110,707,3.4,2900.0,110.0,20.4,60,917,77.3,24.0,1000.5,1006.0,3,1001.1,1708,1002.8,14.4,3.1,900.0,1.81,10.75,,,,,,8.3,5.4,28.7,20.0,26.7,26.6,26.6,25.4,24.9,23.2,20.6,18.4,16.7,2.1,3.0,3.9,{비}1035-{비}{강도0}1200-1205. {비}1345-{비}{강도0}1500-1530. {비}1706-{비}{강도1}1800-{안개비}1818-1940. {안개비}2035-{안개비}{강도0}2100-2110. {박무}2210-2350.,,2023,6,25,171,0,0,1,1
184,제주,2023-06-21,22.3,21.5,2335,23.8,1140,0.2,,0.2,,4.17,0.2,10.8,250,418,6.5,270,419,4.2,3624.0,270.0,19.9,82,1435,86.6,23.3,1000.7,1005.4,2211,1001.1,318,1003.1,14.4,0.0,1000.0,0.56,4.6,,,,,,9.0,8.5,23.4,20.4,25.6,25.5,25.7,25.0,24.6,22.8,20.9,19.5,17.3,1.6,2.3,0.2,{안개비}0715-{안개비}{강도0}0900-1015. {안개비}1625-1735.,,2023,6,25,172,0,0,1,0
184,제주,2023-06-22,23.3,20.7,320,27.3,1431,,,,,,,8.7,270,1619,5.8,270,1630,3.9,3381.0,270.0,17.5,49,1703,71.0,20.0,1003.9,1007.3,2356,1005.1,55,1006.3,14.4,8.0,1300.0,3.1,23.24,,,,,,7.8,2.3,29.7,18.6,25.8,25.8,25.6,24.6,24.7,23.2,21.0,19.1,16.9,4.7,6.7,,,,2023,6,25,173,0,0,1,0
184,제주,2023-06-23,23.5,20.8,540,26.0,1910,,,,,,,8.1,50,1705,5.7,50,1712,2.4,2081.0,50.0,18.0,51,2050,72.1,20.7,1007.3,1012.2,2354,1007.1,16,1009.7,14.4,10.3,1300.0,3.53,26.94,,,,,,7.1,0.0,31.1,16.2,26.7,26.7,26.4,25.0,25.0,23.2,21.0,18.8,16.8,4.7,6.8,,{박무}0707-{시정(미만)}{1km}{안개}0748-{시정(이상)}{1km}{박무}0756-0855. {박무}0952-1008.,0.13,2023,6,25,174,0,0,1,0
184,제주,2023-06-24,25.3,22.3,219,29.8,1411,0.0,,0.0,,0.25,0.0,11.9,140,1439,6.2,110,1531,3.2,2736.0,110.0,18.3,48,1407,65.9,21.0,1010.6,1014.2,2235,1011.8,100,1013.0,14.4,5.3,1300.0,3.66,19.71,,,,,,9.3,4.1,31.1,19.0,27.3,27.3,27.0,25.6,25.0,23.2,21.0,18.8,16.8,4.2,6.1,37.0,{비}2345-{비}{강도0}2400-,,2023,6,25,175,0,0,1,0
184,제주,2023-06-25,23.0,21.4,751,25.4,1553,6.7,1656.0,21.4,710.0,22.33,80.9,10.9,110,818,6.0,90,1216,2.7,2290.0,90.0,20.7,74,1,87.1,24.4,1008.2,1013.8,1,1008.6,1507,1010.6,14.4,0.0,1500.0,0.45,2.42,,,,,,10.0,7.5,23.3,20.5,25.4,25.2,25.7,25.2,25.1,23.3,21.0,18.6,16.8,1.5,2.1,43.9,-{비}-{비}{강도0}0300-{비}{강도0}0600-{비}{강도1}0900-{비}{강도1}1200-{비}{강도1}1500-{비}{강도1}1800-{비}{강도0}2100-{안개비}2125-2220.,,2023,6,25,176,0,0,1,1
184,제주,2023-06-26,28.5,21.9,3,31.0,1233,0.0,,0.0,,1.0,0.0,15.7,230,2153,9.1,230,2202,5.2,4464.0,230.0,22.1,62,1225,68.6,26.5,1006.4,1010.0,1,1006.9,1853,1008.7,14.4,1.6,1200.0,2.55,15.89,,,,,,8.4,6.3,26.6,21.5,26.0,26.0,25.8,24.7,24.8,23.6,21.4,19.7,17.3,4.7,6.8,0.4,{비}2020-{비}{강도0}2100-2120.,,2023,6,26,177,0,0,1,0
184,제주,2023-06-27,27.3,25.8,2025,29.3,1054,9.2,1120.0,10.2,1053.0,9.97,13.1,14.8,250,221,8.1,250,320,4.9,4219.0,250.0,23.3,66,2301,79.0,28.6,1008.0,1011.6,1117,1008.9,1,1010.4,14.4,1.0,1000.0,1.61,8.93,,,,,,8.6,5.5,26.8,23.9,26.8,26.7,26.7,25.5,25.3,23.6,21.6,20.4,18.0,2.8,3.9,12.7,{비}0323-0346. {비}0613-0644. {비}0702-0851. {비}0932-1003. {비}1053-{비}{강도1}1200-{비}{강도0}1500-1613. {비}1826-1950.,,2023,6,26,178,0,0,1,1
184,제주,2023-06-28,28.6,27.0,2400,31.2,1505,0.0,,0.0,,0.33,0.0,15.2,250,1511,9.2,250,1137,6.0,5210.0,250.0,23.1,64,1433,72.6,28.3,1006.7,1010.8,121,1007.3,2342,1009.1,14.4,7.7,1200.0,3.53,25.08,,,,,,5.6,3.0,28.8,24.1,27.7,27.7,27.4,25.8,25.6,23.8,21.7,20.5,18.1,5.9,8.4,,{안개비}0146-0206.,,2023,6,26,179,0,0,1,0
184,제주,2023-06-29,28.1,25.2,2341,31.4,1340,0.8,2317.0,0.9,2303.0,0.78,0.9,18.7,200,1506,10.9,230,1511,5.5,4728.0,230.0,23.0,62,1341,74.6,28.1,1001.6,1007.6,4,1001.4,1518,1004.0,14.4,3.5,1300.0,3.12,18.06,,,,,,8.5,4.0,30.5,24.2,28.3,28.2,28.1,26.5,26.1,24.0,21.9,20.3,17.6,4.7,6.7,38.0,{비}2303-2350.,,2023,6,26,180,0,0,1,0
184,제주,2023-06-30,25.8,24.2,723,28.0,319,6.7,726.0,19.9,659.0,12.43,68.8,14.3,230,1700,9.3,230,1700,4.2,3611.0,270.0,23.3,72,315,86.5,28.5,999.6,1004.3,1,1000.0,1657,1001.9,14.4,0.0,1700.0,0.61,1.5,,,,,,10.0,8.0,25.3,23.7,27.0,26.9,27.3,26.6,26.6,24.6,22.2,20.5,17.7,1.0,1.4,32.5,{비}0330-{비}{강도1}0600-{비}{강도1}0900-{비}{강도1}1200-{비}{강도0}1500-1540. {비}1620-1636.,,2023,6,26,181,0,0,1,1
184,제주,2023-07-01,25.4,23.5,625,28.4,1452,0.3,430.0,0.4,427.0,2.13,0.8,8.1,270,21,5.1,270,1,2.4,2077.0,50.0,22.0,65,1506,82.5,26.4,1003.8,1008.2,2212,1003.0,126,1006.2,14.4,2.0,1600.0,2.09,13.96,,,,,,8.5,7.8,27.6,22.8,27.0,27.1,27.0,26.2,26.3,24.9,22.7,20.9,17.7,3.0,4.2,,{비}0427-{비}{강도0}0600-0635. {박무}0505-{박무}{강도1}0600-{박무}{강도0}0900-1018.,,2023,7,26,182,0,0,1,0
184,제주,2023-07-02,26.0,24.2,30,28.7,1616,2.3,2302.0,4.5,2216.0,3.08,5.6,8.2,50,1338,6.1,50,1339,2.0,1760.0,50.0,22.8,73,1627,83.3,27.8,1005.6,1009.3,1027,1006.9,1449,1008.0,14.3,4.6,1200.0,2.4,20.62,,,,,,8.4,5.0,29.2,22.6,27.9,28.0,27.9,26.6,26.5,24.9,22.7,20.4,17.5,3.1,4.4,44.9,{비}2055-{비}{강도0}2100-{비}{강도1}2400-,,2023,7,26,183,0,0,1,1
184,제주,2023-07-03,25.1,24.0,237,26.7,1531,5.1,648.0,14.5,600.0,10.67,40.5,8.3,290,1814,4.5,50,233,1.8,1598.0,20.0,23.3,85,1809,89.9,28.6,1003.8,1007.8,8,1004.6,1926,1006.2,14.3,0.0,1400.0,0.98,4.01,,,,,,9.6,8.0,26.5,23.5,27.5,27.5,27.7,27.0,26.9,24.5,23.1,21.0,17.6,1.2,1.6,1.2,-{비}-{비}{강도1}0300-{비}{강도0}0600-0830. {박무}0950-1015. {박무}1155-{박무}{강도0}1200-1409. {비}1248-1423. {비}1607-1642.,,2023,7,27,184,0,0,1,1
184,제주,2023-07-04,27.1,23.9,717,31.9,1522,,,,,,,4.9,50,1006,3.4,320,1431,1.5,1300.0,20.0,23.6,62,1304,81.9,29.1,998.8,1005.4,1,997.8,2354,1001.1,14.3,0.4,1200.0,2.08,14.48,,,,,,9.8,6.5,28.6,23.8,28.0,28.1,27.9,26.8,27.4,25.8,23.4,21.8,18.7,3.1,4.4,34.5,{박무}0010-{박무}{강도0}0300-0305. {박무}0645-{시정(미만)}{1km}{안개}0705-{시정(이상)}{1km}{박무}0720-0820.,0.25,2023,7,27,185,0,0,1,0
184,제주,2023-07-05,26.6,23.6,2356,30.4,303,7.2,454.0,21.8,454.0,4.83,34.5,13.9,270,354,7.8,270,359,4.2,3586.0,290.0,21.6,60,1732,75.1,26.0,997.1,1002.5,2341,995.7,309,999.4,14.3,7.4,1300.0,3.51,21.15,,,,,,4.8,3.9,28.0,20.0,28.3,28.4,28.3,27.3,27.3,25.8,23.5,20.7,17.7,4.7,6.7,,{비}0142-0147. {비}0310-{비}{강도2}0600-0755. {박무}0810-{박무}{강도0}0900-{박무}{강도0}1200-1232.,,2023,7,27,186,0,0,1,1
184,제주,2023-07-06,24.9,21.8,514,27.5,1553,,,,,,,6.7,70,954,4.9,50,1308,2.3,2019.0,50.0,20.1,63,241,75.3,23.8,1001.2,1004.7,1129,1002.3,14,1003.6,14.3,11.4,1100.0,3.52,27.59,,,,,,5.5,0.0,30.7,17.9,28.1,28.2,28.2,27.4,27.3,25.8,23.5,20.7,17.7,4.3,6.2,0.7,{박무}0818-{박무}{강도0}0900-1104. {박무}1248-{박무}{강도0}1500-{박무}{강도0}1800-{박무}{강도0}2100-2203.,,2023,7,27,187,0,0,1,0
184,제주,2023-07-07,27.1,24.0,305,31.5,1423,0.2,,0.3,330.0,6.25,0.7,10.0,250,1713,6.0,270,1506,2.4,2044.0,250.0,22.8,60,1951,78.0,27.8,999.3,1003.7,1,999.9,1400,1001.6,14.3,0.0,1200.0,1.42,9.38,,,,,,9.4,5.9,28.1,22.3,28.3,28.4,28.5,27.5,27.5,25.8,23.6,21.5,17.9,2.3,3.3,38.2,{비}0245-{비}{강도0}0300-{비}{강도0}0600-0841. {박무}0814-{박무}{강도0}0900-1012. {비}1145-{비}{강도0}1200-1204.,,2023,7,27,188,0,0,1,0
184,제주,2023-07-08,26.2,24.9,639,29.5,1726,11.8,657.0,25.7,631.0,10.08,43.5,11.9,200,700,6.4,230,707,2.5,2192.0,250.0,23.8,72,1724,87.0,29.4,1000.6,1005.3,2231,1001.2,238,1003.0,14.3,0.1,1600.0,0.95,4.48,,,,,,9.5,6.3,26.1,24.3,27.7,27.8,28.0,27.4,27.4,26.2,23.7,22.0,18.6,1.4,2.0,20.5,{비}0108-0119. {비}0308-0347. {달코로나}0357-0425. {박무}0444-{박무}{강도0}0600-0740. {비}0618-{시정(미만)}{1km}{비}0649-{시정(미만)}{0.5km}{비}0656-{시정(이상)}{0.5km}{비}0706-{시정(이상)}{1km}{비}0713-{비}{강도1}0900-{비}{강도0}1200-{비}{강도0}1500-1521. {비}2128-2140.,,2023,7,27,189,0,0,1,1
184,제주,2023-07-09,29.5,25.4,1,33.0,1244,8.0,422.0,14.8,422.0,3.58,15.2,12.9,230,1028,7.3,230,1036,3.3,2888.0,250.0,23.7,55,2220,72.0,29.4,1001.8,1005.9,2237,1003.2,1451,1004.1,14.3,0.4,1100.0,1.9,11.31,,,,,,8.4,4.6,28.6,24.8,28.1,28.2,28.1,27.3,27.4,26.2,24.0,21.9,18.2,3.9,5.6,0.0,{비}0224-0237. {비}0407-0548. {비}1557-1738.,,2023,7,27,190,0,0,1,1
184,제주,2023-07-10,29.1,25.7,2352,37.3,1321,,,,,,,13.5,230,1214,7.8,270,1051,3.8,3265.0,50.0,23.6,39,1322,73.5,29.2,1003.3,1007.8,2232,1002.8,1213,1005.6,14.3,7.9,1200.0,3.12,23.95,,,,,,6.8,3.9,31.4,24.5,29.2,29.2,28.9,27.7,27.6,26.2,24.0,22.5,19.0,5.4,7.8,0.0,{박무}2319-{박무}{강도0}2400-,,2023,7,28,191,0,0,1,0
184,제주,2023-07-11,30.2,25.5,9,33.6,1302,0.0,,0.0,,0.52,0.0,16.1,250,1711,8.8,250,1717,4.8,4111.0,250.0,22.7,50,1114,65.6,27.6,1004.5,1008.4,638,1004.3,2242,1006.8,14.2,8.3,1200.0,3.59,25.59,,,,,,7.4,2.9,35.2,24.1,30.2,30.2,29.9,28.4,28.1,26.3,24.0,22.5,19.0,7.8,11.2,,-{박무}-0120. {비}0602-0633.,,2023,7,28,192,0,0,1,0
184,제주,2023-07-12,30.2,27.0,2311,35.1,1639,,,,,,,16.7,270,1508,9.6,250,1153,5.5,4771.0,250.0,23.3,50,1640,67.4,28.6,1003.7,1007.5,2229,1004.0,1644,1006.0,14.2,12.0,1100.0,3.52,27.61,,,,,,6.6,2.1,39.0,25.2,30.9,30.9,30.5,29.0,28.5,26.4,24.1,22.9,19.8,6.4,9.2,,,,2023,7,28,193,0,0,1,0
184,제주,2023-07-13,29.7,26.3,238,32.5,1211,,,,,,,14.8,250,1727,7.9,230,2216,4.4,3774.0,230.0,22.6,53,1218,66.9,27.5,1003.0,1007.3,25,1003.8,2356,1005.3,14.2,0.1,1100.0,1.97,12.01,,,,,,9.4,4.5,32.6,24.7,30.5,30.5,30.5,29.3,28.9,26.7,24.3,22.4,18.7,5.6,8.0,,,,2023,7,28,194,0,0,1,0
184,제주,2023-07-14,30.4,29.1,237,32.9,1257,,,,,,,19.5,230,1310,10.8,230,1331,7.9,6795.0,230.0,22.0,53,1322,61.3,26.5,1000.7,1005.1,13,1001.9,1729,1003.0,14.2,3.3,1300.0,3.27,18.06,,,,,,8.8,2.3,33.6,26.7,30.1,30.1,30.0,29.0,28.8,26.8,24.4,22.6,19.4,7.4,10.6,,,,2023,7,28,195,0,0,1,0
184,제주,2023-07-15,30.8,28.4,2355,33.5,1357,0.2,,0.4,2248.0,1.2,0.4,18.3,250,444,9.1,250,521,6.2,5347.0,230.0,23.3,56,1350,65.1,28.7,1001.5,1006.4,2308,1001.8,517,1003.8,14.2,6.9,1100.0,3.56,22.59,,,,,,7.4,2.9,34.5,26.1,30.6,30.7,30.3,29.1,28.9,26.9,24.7,22.9,18.9,5.8,8.2,7.1,{비}2248-{비}{강도0}2400-,,2023,7,28,196,0,0,1,0
184,제주,2023-07-16,28.2,26.4,2020,32.1,1032,3.1,218.0,4.1,126.0,12.68,11.8,12.2,270,1508,6.5,290,1512,2.2,1918.0,230.0,24.6,63,1016,81.6,31.0,1005.7,1010.8,2320,1005.5,423,1008.1,14.2,5.2,1000.0,1.98,16.32,,,,,,6.9,6.0,30.1,25.4,30.7,30.7,30.6,29.4,29.0,27.1,24.7,22.9,18.9,3.2,4.5,5.1,-{비}-{비}{강도1}0300-0520. {무지개}0550-0905. {비}0902-{비}{강도0}1200-{비}{강도0}1500-1623.,,2023,7,28,197,0,0,1,1
184,제주,2023-07-17,27.8,26.0,1851,31.4,1002,4.0,1337.0,7.2,1323.0,11.75,20.2,6.9,70,1902,4.7,70,1905,1.8,1591.0,50.0,24.4,67,1209,82.4,30.5,1009.2,1013.0,2010,1009.5,301,1011.6,14.1,1.7,900.0,2.26,11.24,,,,,,7.4,5.4,32.4,24.1,30.1,30.1,30.2,29.3,29.0,27.3,24.8,22.8,18.9,2.0,2.9,27.4,{비}1215-{비}{강도0}1500-{비}{강도0}1800-{비}{강도0}2100-{비}{강도0}2400-,,2023,7,29,198,0,0,1,1
184,제주,2023-07-18,27.5,25.7,347,30.9,1510,9.8,1627.0,20.1,1619.0,16.17,38.2,11.1,230,2214,6.9,250,2221,3.0,2554.0,270.0,24.3,68,1540,83.5,30.5,1005.8,1011.9,5,1006.1,1744,1008.1,14.1,1.6,1100.0,2.21,10.32,,,,,,8.0,6.9,28.5,24.9,29.6,29.6,29.7,29.0,29.1,27.6,25.2,23.4,19.7,2.3,3.4,31.3,-{비}-{비}{강도0}0300-{비}{강도0}0600-{비}{강도0}0900-{비}{강도0}1200-1332. {비}1528-{시정(미만)}{1km}{비}1619-{시정(이상)}{1km}{비}1632-1751. {비}1829-1844.,,2023,7,29,199,0,0,1,1
184,제주,2023-07-19,25.4,24.0,810,27.8,1602,0.1,,0.2,,4.45,0.3,10.5,290,224,6.0,270,241,3.1,2712.0,290.0,22.6,75,1607,85.1,27.5,1005.8,1009.0,1018,1006.9,1,1008.2,14.1,1.4,1500.0,1.73,10.61,,,,,,9.5,8.3,27.0,23.9,29.0,29.0,29.3,28.8,29.1,27.6,25.2,23.4,19.7,2.2,3.1,,{안개비}0020-0155. {안개비}0227-0258. {안개비}0315-{비}0356-0445. {안개비}0725-0816.,,2023,7,29,200,0,0,1,0
184,제주,2023-07-20,26.0,25.0,425,27.6,1334,0.0,,0.0,,1.57,0.0,6.1,70,1239,4.5,50,1257,1.8,1592.0,50.0,23.0,78,30,83.6,28.0,1007.0,1010.6,2211,1008.6,346,1009.4,14.1,0.0,1300.0,1.2,8.76,,,,,,9.6,6.8,27.1,23.9,28.8,28.9,29.0,28.5,28.8,27.5,25.2,22.7,18.8,1.9,2.7,0.0,{비}1352-{비}{강도0}1500-1526.,,2023,7,29,201,0,0,1,0
184,제주,2023-07-21,27.6,24.8,439,30.5,1025,,,,,,,8.9,140,1524,4.8,110,1521,1.9,1669.0,110.0,21.6,58,1022,70.3,25.7,1008.5,1012.3,2233,1009.9,1823,1010.9,14.1,1.2,900.0,1.58,11.31,,,,,,8.3,6.4,28.2,23.7,28.9,28.9,29.0,28.4,28.6,27.4,25.3,23.1,18.9,2.6,3.7,51.5,,,2023,7,29,202,0,0,1,0
184,제주,2023-07-22,26.7,23.9,622,29.6,1348,8.7,404.0,22.8,359.0,10.37,52.0,7.0,70,609,4.1,50,2358,1.7,1503.0,70.0,22.6,62,1334,79.1,27.5,1009.3,1012.6,102,1010.8,654,1011.7,14.0,0.3,1200.0,1.06,5.75,,,,,,10.0,6.1,26.2,23.2,28.0,28.1,28.3,28.1,27.9,27.6,25.6,23.0,19.1,1.9,2.7,0.5,{비}0047-{비}{강도1}0300-{시정(미만)}{1km}{비}0401-{시정(이상)}{1km}{비}0414-{비}{강도1}0600-{비}{강도0}0900-1043. {비}1544-1610.,,2023,7,29,203,0,0,1,1
184,제주,2023-07-23,29.3,27.3,259,31.8,1404,0.0,,0.0,,4.03,0.0,12.0,250,1349,6.5,230,1353,2.8,2422.0,230.0,22.7,56,1036,68.6,27.6,1007.0,1011.6,118,1007.8,1722,1009.4,14.0,0.2,1300.0,1.43,10.76,,,,,,9.3,4.9,28.4,25.3,28.6,28.7,28.7,28.0,28.0,27.4,25.6,23.0,19.2,3.0,4.3,0.3,{비}1046-1148. {비}1203-1228. {비}1910-{비}{강도0}2100-2145.,,2023,7,29,204,0,0,1,0
184,제주,2023-07-24,27.6,26.1,2352,30.4,1357,1.4,1247.0,1.4,,6.0,3.1,10.9,250,724,6.3,250,731,2.2,1913.0,270.0,23.7,65,1214,79.4,29.2,1007.1,1011.4,2206,1007.8,355,1009.4,14.0,0.0,1300.0,1.17,7.03,,,,,,9.5,6.4,27.3,24.4,28.8,28.9,28.9,28.2,28.3,27.3,25.5,23.9,20.0,1.7,2.5,2.8,{비}0252-{비}{강도0}0300-0310. {비}0346-0358. {비}0716-0752. {비}0809-0826. {비}0846-{비}{강도0}0900-0920. {비}1007-1016. {비}1025-1056. {비}1243-1308. {비}1437-{비}{강도0}1500-1735.,,2023,7,30,205,0,0,1,1
184,제주,2023-07-25,27.4,25.7,220,29.5,1737,0.1,,0.1,,11.27,0.1,4.3,110,442,2.9,290,1627,1.4,1167.0,50.0,22.9,65,1723,77.1,28.0,1010.6,1014.2,1225,1011.2,1,1013.0,14.0,0.1,1300.0,1.3,9.41,,,,,,9.4,5.3,27.6,23.9,28.6,28.6,28.7,28.1,28.3,27.3,25.6,23.5,19.2,2.4,3.5,0.1,{비}0434-0506. {비}0621-{비}{강도0}0900-{비}{강도0}1200-{비}{강도0}1500-1705.,,2023,7,30,206,0,0,1,0
184,제주,2023-07-26,29.3,26.4,511,33.0,1433,1.7,2311.0,3.0,2245.0,2.8,3.0,5.4,360,1512,3.8,340,1450,2.0,1745.0,360.0,23.9,59,1451,73.3,29.6,1011.8,1015.5,2224,1012.9,1730,1014.1,14.0,10.0,1100.0,2.96,24.77,,,,,,7.4,3.9,32.5,24.3,29.8,29.8,29.6,28.4,28.3,27.2,25.5,23.4,19.2,4.8,6.8,3.0,{비}0535-0553. {무지개}1830-1840. {비}1950-{비}{강도0}2100-2105. {비}2245-{비}{강도1}2400-,,2023,7,30,207,0,0,1,1
184,제주,2023-07-27,30.0,26.4,450,34.0,1238,0.0,,0.0,,0.33,0.0,10.9,110,1402,6.2,160,1538,2.8,2456.0,110.0,23.4,50,1413,68.6,28.7,1010.6,1015.0,9,1011.7,1704,1012.9,13.9,9.6,1200.0,3.48,24.72,,,,,,6.4,2.9,32.0,25.1,30.8,30.8,30.6,29.2,28.8,27.3,25.4,23.6,19.4,5.9,8.4,0.0,-{비}-0020.,,2023,7,30,208,0,0,1,0
184,제주,2023-07-28,28.9,26.9,1608,32.1,1029,2.3,1430.0,3.1,1416.0,4.05,3.3,10.1,160,1008,5.7,160,1040,2.6,2249.0,110.0,23.8,60,1025,74.6,29.5,1010.8,1014.4,2244,1012.0,334,1013.2,13.9,2.0,1100.0,2.3,12.4,,,,,,9.1,4.0,29.3,25.8,30.5,30.5,30.6,29.5,29.3,27.5,25.4,23.1,19.3,3.0,4.3,3.3,{비}0443-0504. {비}0949-0951. {비}1036-1138. {비}1208-1240. {비}1416-{비}{강도0}1500-1622.,,2023,7,30,209,0,0,1,1
184,제주,2023-07-29,30.5,28.0,319,34.9,1612,,,,,,,11.1,110,1508,6.0,160,1042,3.4,2945.0,110.0,22.0,40,1600,62.0,26.5,1010.8,1014.3,1,1011.9,1546,1013.1,13.9,7.0,1200.0,3.37,21.34,,,,,,6.3,4.0,32.1,24.8,30.4,30.5,30.4,29.4,29.3,27.6,25.4,22.8,19.2,5.9,8.5,,,,2023,7,30,210,0,0,1,0
184,제주,2023-07-30,30.0,26.5,428,34.1,1302,,,,,,,9.2,110,1204,5.4,290,1344,2.5,2146.0,200.0,22.3,50,1248,64.1,27.0,1010.0,1013.6,1,1011.1,1907,1012.4,13.9,9.0,1200.0,3.26,22.26,,,,,,2.6,2.5,32.5,23.4,30.7,30.7,30.7,29.6,29.4,27.7,25.4,23.3,19.2,5.0,7.1,,,,2023,7,30,211,0,0,1,0
184,제주,2023-07-31,29.7,27.0,536,32.7,1718,0.0,,0.0,,0.18,0.0,10.8,50,1416,6.8,70,1419,3.1,2707.0,70.0,22.9,55,916,67.8,28.0,1009.1,1012.9,13,1010.1,1757,1011.5,13.8,10.5,1300.0,3.15,23.7,,,,,,5.4,1.1,37.1,24.3,31.1,31.2,31.1,29.9,29.6,27.8,25.5,22.9,19.3,5.1,7.3,0.0,{소나기}1004-1015.,,2023,7,31,212,0,0,1,0
184,제주,2023-08-01,29.0,27.2,525,31.1,1225,,,,,,,12.0,70,1431,7.7,70,1436,3.7,3181.0,70.0,25.0,73,1,79.3,31.6,1007.3,1011.1,19,1008.4,1642,1009.6,13.8,10.5,1200.0,3.5,24.97,,,,,,4.5,2.0,34.6,25.5,31.5,31.7,31.5,30.1,29.8,27.9,25.5,22.8,19.2,4.9,7.0,,,,2023,8,31,213,0,0,1,0
184,제주,2023-08-02,30.2,27.6,135,33.8,1725,,,,,,,13.5,50,1334,7.9,70,1331,3.7,3162.0,70.0,24.2,52,1728,71.8,30.2,1005.0,1009.1,1,1005.6,1800,1007.3,13.8,10.2,1300.0,3.39,24.57,,,,,,2.1,1.3,38.4,25.8,31.8,32.0,31.8,30.4,30.0,28.1,25.5,22.3,19.1,5.2,7.4,,,,2023,8,31,214,0,0,1,0
184,제주,2023-08-03,31.0,27.9,650,34.8,1451,0.0,,0.0,,0.3,0.0,11.5,140,1026,6.1,140,1404,3.3,2889.0,90.0,24.1,51,1429,67.8,29.9,1002.8,1006.6,42,1003.9,1611,1005.1,13.8,12.2,1200.0,3.42,27.3,,,,,,4.0,3.6,38.6,25.9,32.2,32.4,32.2,30.7,30.2,28.2,25.6,22.9,19.3,6.5,9.3,0.0,{소나기}2058-{소나기}{강도0}2100-2116.,,2023,8,31,215,0,0,1,0
184,제주,2023-08-04,30.7,28.4,109,34.2,1259,0.0,,0.0,,0.35,0.0,9.8,110,1309,5.3,110,953,3.4,2902.0,110.0,24.3,55,1249,69.4,30.4,1000.7,1004.7,19,1001.8,1723,1003.0,13.7,10.7,1200.0,3.44,24.58,,,,,,3.8,3.1,40.1,26.2,32.5,32.7,32.5,31.1,30.5,27.9,25.7,23.3,19.6,5.4,7.7,0.4,{소나기}0013-0034.,,2023,8,31,216,0,0,1,0
184,제주,2023-08-05,30.2,27.6,535,33.3,1637,0.2,,0.4,51.0,1.15,0.4,8.7,70,1245,6.7,50,1100,3.2,2791.0,70.0,24.3,52,1651,72.0,30.5,997.4,1002.1,1,997.9,1823,999.7,13.7,11.2,1200.0,3.36,26.2,,,,,,2.3,2.3,39.4,26.5,32.7,32.9,32.6,31.2,30.7,28.7,25.9,22.6,19.3,5.5,7.9,,{소나기}0048-0157.,,2023,8,31,217,0,0,1,0
184,제주,2023-08-06,30.0,28.0,302,32.8,1416,0.0,,0.0,,0.15,0.0,8.9,50,1511,5.4,70,1531,2.8,2456.0,70.0,24.8,64,1409,74.4,31.3,995.1,998.7,1,996.1,1536,997.4,13.7,7.4,1400.0,2.73,20.62,,,,,,3.4,3.1,38.9,26.1,32.5,32.7,32.5,31.3,30.8,28.8,26.0,23.2,19.4,4.7,6.7,0.0,{소나기}2351-{소나기}{강도0}2400-,,2023,8,31,218,0,0,1,0
184,제주,2023-08-07,30.5,28.6,440,33.1,1526,0.0,,0.0,,0.45,0.0,8.6,50,424,4.8,70,242,3.2,2803.0,70.0,24.8,59,1450,72.4,31.2,996.1,999.1,852,997.3,104,998.4,13.7,7.9,1200.0,3.3,23.01,,,,,,4.0,3.9,39.6,27.5,32.9,33.2,32.8,31.4,30.9,29.0,26.1,23.3,19.3,5.1,7.3,,-{소나기}-0027.,,2023,8,32,219,0,0,1,0
184,제주,2023-08-08,29.7,27.9,306,32.5,1458,,,,,,,10.4,70,1406,6.1,50,256,3.9,3343.0,70.0,24.7,63,1501,74.9,31.1,997.6,1000.6,945,998.7,150,999.9,13.6,3.4,1400.0,3.0,15.02,,,,,,6.6,5.3,37.8,27.4,32.6,32.7,32.7,31.5,31.1,29.2,26.2,22.6,19.3,3.8,5.4,0.0,,,2023,8,32,220,0,0,1,0
184,제주,2023-08-09,27.3,26.3,1127,29.0,105,0.4,1103.0,0.6,1032.0,6.25,1.3,18.8,50,2307,12.1,20,2309,7.1,6103.0,50.0,24.1,74,447,83.0,30.0,995.1,999.9,1,994.6,2400,997.4,13.6,0.0,1000.0,0.51,2.32,,,,,,9.6,7.0,27.7,25.3,31.2,31.2,31.5,31.1,30.9,29.3,26.1,21.8,19.1,2.1,3.0,2.2,{비}0851-0914. {비}1032-1138. {비}1351-{비}{강도0}1500-1652. {비}1928-1958. {비}2245-{비}{강도0}2400-,,2023,8,32,221,0,0,1,1
184,제주,2023-08-10,27.8,25.9,404,31.0,1701,0.3,211.0,0.4,128.0,5.98,0.9,16.5,20,46,10.3,20,338,6.0,5224.0,320.0,23.1,58,1603,76.5,28.3,995.2,1001.7,2348,992.7,338,997.5,13.6,6.3,1200.0,3.41,17.2,,,,,,7.1,5.5,31.2,25.3,30.0,30.3,30.3,30.0,30.1,29.0,26.0,23.2,20.0,4.8,6.9,0.4,-{비}-{비}{강도0}0300-0559.,,2023,8,32,222,0,0,1,0
184,제주,2023-08-11,29.6,26.6,457,34.1,1412,0.2,,0.4,401.0,0.57,0.4,12.0,290,1351,8.1,290,1438,4.0,3468.0,270.0,22.0,43,1403,64.6,26.4,1000.1,1004.4,2351,1001.0,1619,1002.4,13.5,10.8,1300.0,3.19,24.36,,,,,,4.8,3.3,35.8,24.1,30.8,30.8,30.8,29.9,29.7,28.6,26.3,24.2,20.3,6.3,9.1,,{소나기}0401-0420. {소나기}0431-0446.,,2023,8,32,223,0,0,1,0
184,제주,2023-08-12,29.7,27.2,619,33.3,1424,,,,,,,7.5,320,1116,4.5,340,1148,2.7,2340.0,340.0,22.7,52,1432,66.6,27.6,1001.8,1005.0,2252,1003.4,1544,1004.1,13.5,9.1,1200.0,3.19,22.69,,,,,,5.6,2.4,36.1,24.3,31.5,31.5,31.4,30.2,29.7,28.0,26.4,24.4,20.1,5.1,7.3,,,,2023,8,32,224,0,0,1,0
184,제주,2023-08-13,29.2,26.3,507,32.6,1405,,,,,,,9.9,50,1254,7.3,50,1332,3.0,2589.0,180.0,21.9,58,750,65.3,26.6,1001.8,1004.9,1008,1003.2,1801,1004.1,13.5,8.7,1200.0,3.18,21.9,,,,,,2.8,1.6,32.8,22.1,31.7,31.7,31.6,30.5,29.9,28.5,26.4,24.1,19.8,5.0,7.2,,,,2023,8,32,225,0,0,1,0
184,제주,2023-08-14,28.9,26.4,624,32.3,1044,,,,,,,12.4,70,1419,7.7,70,1420,3.4,2937.0,110.0,22.7,55,1024,69.9,27.6,1002.5,1005.6,1029,1003.8,1717,1004.8,13.5,12.1,1200.0,3.28,24.67,,,,,,1.0,1.0,37.2,23.6,31.7,31.7,31.6,30.5,30.0,28.5,26.4,23.7,19.8,5.3,7.5,,,,2023,8,33,226,0,0,1,0
184,제주,2023-08-15,29.4,27.0,522,32.0,1706,,,,,,,7.4,50,1018,4.6,50,1027,2.8,2415.0,110.0,23.2,61,1603,69.9,28.5,1002.2,1005.4,734,1003.1,1721,1004.5,13.4,10.9,1200.0,3.35,24.32,,,,,,4.8,3.4,36.1,24.1,32.0,32.1,31.9,30.6,30.1,28.1,26.4,23.9,19.8,5.2,7.5,,,,2023,8,33,227,0,0,1,0
184,제주,2023-08-16,29.6,27.8,412,33.0,1510,,,,,,,6.2,50,1422,4.2,20,1247,2.6,2224.0,340.0,22.9,53,1656,67.9,27.9,1002.0,1005.4,905,1003.2,1813,1004.3,13.4,8.1,1200.0,3.28,21.85,,,,,,5.6,3.4,36.0,25.3,32.4,32.4,32.2,30.9,30.3,28.7,26.5,24.3,20.1,5.0,7.1,,,,2023,8,33,228,0,0,1,0
184,제주,2023-08-17,28.3,26.1,618,31.5,1332,0.9,1447.0,0.9,1430.0,1.25,0.9,8.3,70,1439,5.3,50,1334,2.4,2053.0,50.0,22.5,61,811,70.8,27.2,1002.3,1005.9,2245,1003.5,1712,1004.6,13.4,6.8,1100.0,2.78,16.2,,,,,,4.1,1.9,32.1,22.8,31.8,31.8,31.9,30.9,30.4,28.7,26.4,24.0,19.8,3.3,4.8,23.7,{소나기}1430-{소나기}{강도0}1500-1518. {소나기}1617-1644.,,2023,8,33,229,0,0,1,0
184,제주,2023-08-18,28.3,26.1,749,31.2,1407,9.1,745.0,21.7,721.0,5.33,34.7,9.2,70,1340,6.2,50,1138,3.0,2610.0,70.0,23.9,64,1355,77.5,29.6,1003.9,1008.1,2336,1005.0,353,1006.2,13.3,9.7,1200.0,3.41,22.61,,,,,,5.1,4.4,30.3,23.9,31.2,31.2,31.3,30.4,30.2,28.8,26.5,23.8,19.8,4.8,6.9,12.0,{소나기}0438-0504. {소나기}0640-0825. {비}2051-{비}{강도0}2100-{비}{강도0}2400-,,2023,8,33,230,0,0,1,1
184,제주,2023-08-19,29.0,27.0,144,32.1,1359,0.1,,0.1,,1.5,0.1,5.9,50,110,4.1,50,118,2.0,1751.0,20.0,24.3,64,1402,76.3,30.3,1007.5,1011.5,2307,1007.9,127,1009.8,13.3,7.9,1200.0,3.41,23.21,,,,,,3.8,3.6,31.1,25.8,31.9,32.0,32.0,30.7,30.3,28.8,26.5,24.2,19.9,5.0,7.1,,-{비}-0042. {비}0121-0209.,,2023,8,33,231,0,0,1,0
184,제주,2023-08-20,29.6,26.7,515,33.1,1322,,,,,,,8.0,20,1253,5.0,320,1355,2.5,2172.0,160.0,24.2,64,902,73.0,30.2,1008.7,1011.8,659,1010.0,1831,1011.0,13.3,8.6,1100.0,3.32,22.09,,,,,,2.4,2.1,32.0,24.7,32.2,32.1,32.2,31.0,30.6,28.9,26.6,23.9,19.9,4.6,6.6,,,,2023,8,33,232,0,0,1,0
184,제주,2023-08-21,30.2,27.0,453,33.4,1642,,,,,,,6.1,50,1310,4.3,50,1403,2.3,2013.0,20.0,23.7,58,1923,68.8,29.4,1005.5,1010.6,1,1005.8,1854,1007.8,13.2,10.9,1200.0,3.08,23.02,,,,,,4.8,1.6,34.7,23.9,32.3,32.3,32.3,31.1,30.7,28.5,26.6,24.2,19.9,4.6,6.6,6.3,,,2023,8,34,233,0,0,1,0
184,제주,2023-08-22,29.5,26.5,722,33.2,1437,3.6,708.0,5.7,708.0,2.17,7.5,7.0,50,1612,5.2,50,1617,2.1,1826.0,50.0,23.7,56,1359,71.4,29.3,1002.5,1006.7,1,1002.9,1816,1004.8,13.2,5.6,1300.0,2.94,17.25,,,,,,6.1,4.6,29.8,23.5,32.0,32.0,32.1,31.1,30.9,29.1,26.8,24.6,20.2,3.8,5.5,5.7,{비}0649-0828. {비}1944-2015.,,2023,8,34,234,0,0,1,1
184,제주,2023-08-23,26.8,25.2,751,28.8,9,10.2,1256.0,17.3,855.0,12.48,58.2,8.1,290,740,4.9,270,744,1.8,1512.0,140.0,24.0,74,40,85.5,29.9,1002.2,1006.2,729,1003.1,1617,1004.5,13.2,0.0,1300.0,0.35,1.5,,,,,,9.9,6.1,26.5,24.3,30.1,30.1,30.6,30.6,30.8,29.2,26.8,24.7,20.4,0.6,0.9,70.6,{비}0257-{비}{강도0}0300-0308. {비}0545-{비}{강도0}0600-{비}{강도0}0900-{비}{강도0}1200-{시정(미만)}{1km}{비}1253-{시정(미만)}{0.5km}{비}1254-{시정(미만)}{0.2km}{비}1255-{시정(이상)}{0.2km}{비}1257-{시정(이상)}{0.5km}{비}1258-{시정(이상)}{1km}{비}1259-{시정(미만)}{1km}{비}1404-{시정(미만)}{0.5km}{비}1405-{시정(미만)}{0.2km}{비}1406-{시정(이상)}{0.2km}{비}1408-{시정(이상)}{0.5km}{비}1411-{시정(이상)}{1km}{비}1413-{시정(미만)}{1km}{비}{강도1}1500-{시정(이상)}{1km}{비}1502-1723. {비}1935-2015.,,2023,8,34,235,0,0,1,1
184,제주,2023-08-24,27.0,25.5,2359,29.9,1736,5.9,450.0,11.7,443.0,11.35,18.5,9.5,270,1807,6.2,270,1615,2.9,2514.0,290.0,23.4,67,1733,81.4,28.8,1004.4,1009.1,2318,1004.5,306,1006.8,13.1,2.0,1400.0,1.53,9.54,,,,,,7.3,5.1,27.5,22.2,28.9,29.0,29.2,29.3,29.8,29.3,27.2,24.9,20.3,2.9,4.1,1.6,{비}0017-0147. {비}0358-{시정(미만)}{1km}{비}0450-{시정(미만)}{0.5km}{비}0451-{시정(이상)}{0.5km}{비}0452-{시정(미만)}{0.5km}{비}0453-{시정(이상)}{0.5km}{비}0454-{시정(이상)}{1km}{비}0455-{비}{강도1}0600-0640. {비}0724-{비}{강도0}0900-{비}{강도0}1200-1433.,,2023,8,34,236,0,0,1,1
184,제주,2023-08-25,28.0,24.6,532,31.8,1522,,,,,,,5.7,320,1330,3.9,20,1347,2.6,2244.0,180.0,20.6,51,1731,65.0,24.3,1006.7,1010.3,2307,1008.0,313,1009.1,13.1,10.7,1200.0,3.43,25.62,,,,,,1.9,1.9,29.6,21.3,29.7,29.7,29.8,29.1,29.4,29.0,27.3,25.2,20.8,5.4,7.7,,,,2023,8,34,237,0,0,1,0
184,제주,2023-08-26,27.2,23.7,611,30.2,1314,,,,,,,6.3,50,1333,4.4,50,1229,2.6,2265.0,180.0,20.4,58,1457,67.0,24.0,1006.5,1010.3,15,1007.3,1713,1008.9,13.1,11.0,1100.0,3.34,24.68,,,,,,1.5,0.6,30.7,20.5,30.4,30.3,30.4,29.6,29.6,28.8,27.2,24.6,20.3,5.1,7.2,,,,2023,8,34,238,0,0,1,0
184,제주,2023-08-27,28.5,24.4,225,32.6,1527,,,,,,,11.6,50,1357,8.3,50,1255,3.1,2648.0,90.0,22.8,57,1658,71.8,27.9,1004.5,1008.9,1,1005.1,1610,1006.8,13.1,10.8,1300.0,3.25,23.38,,,,,,3.5,2.4,32.7,20.7,30.7,30.7,30.7,29.8,29.7,28.8,27.1,24.6,20.4,5.0,7.1,0.5,,,2023,8,34,239,0,0,1,0
184,제주,2023-08-28,29.6,26.4,516,33.7,1358,1.7,1654.0,1.9,1646.0,5.23,4.1,12.1,160,1339,6.4,160,1247,2.9,2546.0,160.0,23.2,47,1243,69.5,28.4,1002.5,1006.4,1,1003.2,1641,1004.8,13.0,8.3,1400.0,2.76,19.67,,,,,,7.6,4.8,36.0,23.6,31.1,31.1,31.1,30.1,29.9,28.7,27.0,24.8,20.4,4.4,6.3,4.3,{비}0311-0330. {비}0346-0425. {비}1646-1709. {비}1722-1746. {비}1756-{비}{강도0}1800-1820. {비}1855-2057. {비}2127-2220. {비}2350-{비}{강도0}2400-,,2023,8,35,240,0,0,1,1
184,제주,2023-08-29,28.0,25.9,2333,32.7,1302,0.8,1415.0,3.9,1547.0,5.82,6.3,9.8,270,1516,4.9,290,1520,1.9,1676.0,50.0,24.6,59,1641,82.3,30.9,1003.9,1008.5,2204,1003.2,1642,1006.2,13.0,3.5,1000.0,2.9,13.64,,,,,,9.1,5.4,29.9,25.8,31.1,31.1,31.1,30.2,30.1,28.8,27.0,24.8,20.5,2.8,3.9,36.6,-{비}-0030. {비}0220-{비}{강도0}0300-0348. {비}0815-0842. {비}1112-1136. {비}1356-1443. {비}1502-1512. {비}1531-1650. {비}2028-{비}{강도0}2100-2112.,,2023,8,35,241,0,0,1,1
184,제주,2023-08-30,23.9,22.1,1948,26.0,10,8.2,723.0,11.0,723.0,13.2,47.7,9.3,50,1207,6.1,50,1258,2.3,1995.0,20.0,21.5,78,1835,87.0,25.8,1006.4,1010.2,2323,1007.2,248,1008.8,13.0,0.0,1400.0,0.48,1.38,,,,,,9.5,7.0,26.4,22.0,29.3,29.3,29.9,29.9,30.2,29.1,27.1,24.9,20.6,1.0,1.4,18.2,{비}0015-0022. {비}0044-0113. {비}0205-0211. {비}0241-{비}{강도0}0300-0309. {비}0321-0417. {비}0446-{비}{강도1}0600-0652. {비}0658-{비}{강도1}0900-{비}{강도0}1200-1425. {비}1640-{비}{강도0}1800-1813.,,2023,8,35,242,0,0,1,1
184,제주,2023-08-31,24.6,21.6,357,27.8,1400,1.2,339.0,1.5,320.0,0.62,1.5,7.4,20,1051,5.0,20,1051,2.2,1925.0,20.0,19.0,60,1738,71.4,21.9,1007.6,1010.8,1052,1009.2,1513,1010.0,12.9,7.6,1100.0,3.23,20.45,,,,,,6.5,3.4,28.1,21.5,28.9,29.0,29.1,28.9,29.4,29.0,27.2,24.3,20.5,3.9,5.6,,{비}0320-0357. {무지개}0630-0720.,,2023,8,35,243,0,0,1,1
184,제주,2023-09-01,25.0,23.0,546,26.9,1228,1.1,2228.0,1.2,1406.0,3.43,2.4,7.0,70,1647,4.8,50,1310,2.1,1824.0,200.0,21.8,75,32,83.0,26.2,1007.4,1011.0,1045,1008.0,1847,1009.8,12.9,1.1,1200.0,1.4,7.83,,,,,,8.4,4.8,27.2,22.3,29.0,29.0,29.3,29.0,29.3,28.7,27.2,24.7,20.6,1.8,2.6,2.5,{달무리}0247-0315. {비}1119-{비}{강도0}1200-1218. {비}1321-{비}{강도0}1500-1530. {박무}1408-1439. {비}2221-2239.,,2023,9,35,244,0,0,1,1
184,제주,2023-09-02,27.4,24.6,11,31.0,1725,0.1,,0.1,,0.38,0.1,7.5,140,1824,4.3,160,1824,2.2,1920.0,20.0,21.8,53,1753,72.6,26.1,1007.1,1011.2,2227,1008.0,341,1009.5,12.9,7.3,1100.0,2.79,19.31,,,,,,6.6,4.8,29.5,24.5,29.8,29.8,29.8,29.0,29.1,28.6,27.1,25.2,21.0,4.2,6.0,,{비}0136-0159.,,2023,9,35,245,0,0,1,0
184,제주,2023-09-03,28.2,24.8,557,33.3,1416,,,,,,,8.8,90,1253,5.3,290,1513,2.5,2189.0,180.0,21.6,48,1327,68.1,25.8,1008.3,1011.9,2147,1009.5,1355,1010.7,12.8,8.4,1200.0,3.14,22.36,,,,,,5.3,2.9,32.3,23.4,30.7,30.7,30.6,29.5,29.4,28.5,27.1,25.1,20.8,4.8,6.8,,,,2023,9,35,246,0,0,1,0
184,제주,2023-09-04,26.7,24.8,452,28.7,1421,,,,,,,10.6,70,1251,6.1,70,1255,3.2,2770.0,70.0,22.6,67,55,78.9,27.4,1008.5,1011.8,1015,1010.1,1533,1010.9,12.8,9.8,1200.0,3.1,21.68,,,,,,4.5,3.1,32.7,23.2,30.9,30.9,30.8,29.9,29.7,28.5,27.0,24.2,20.6,3.9,5.6,0.8,,,2023,9,36,247,0,0,1,0
184,제주,2023-09-05,26.9,25.1,718,28.9,1159,0.6,654.0,0.7,649.0,1.67,0.8,9.4,70,1141,5.9,50,1535,2.6,2281.0,70.0,20.0,49,1733,67.6,23.7,1008.2,1011.5,1042,1009.6,1829,1010.6,12.8,7.5,1100.0,3.13,20.2,,,,,,7.0,3.9,33.4,24.5,31.0,31.0,31.0,30.0,29.8,28.6,26.9,24.7,20.7,4.6,6.6,,{비}0122-0226. {비}0649-0725.,,2023,9,36,248,0,0,1,0
184,제주,2023-09-06,26.9,24.2,333,29.9,1353,,,,,,,8.3,50,1507,5.6,70,1455,2.6,2268.0,50.0,19.7,52,1353,65.5,22.9,1008.6,1012.6,2330,1009.8,135,1011.0,12.7,11.7,1200.0,3.21,23.67,,,,,,2.8,2.3,33.8,23.9,30.7,30.8,30.8,29.9,29.8,28.6,26.8,24.2,20.6,5.0,7.1,0.3,,,2023,9,36,249,0,0,1,0
184,제주,2023-09-07,25.8,23.8,527,28.4,1203,0.3,44.0,0.3,,0.62,0.3,8.9,70,1312,5.7,70,1354,2.9,2463.0,70.0,18.1,52,1326,63.3,20.8,1010.6,1014.2,1008,1011.7,339,1013.0,12.7,10.4,1200.0,3.24,23.59,,,,,,2.1,2.0,33.2,23.5,30.8,30.8,30.9,29.9,29.7,28.6,26.8,24.2,20.7,5.1,7.3,0.0,{비}0038-0059. {비}0610-0619. {비}0651-0658.,,2023,9,36,250,0,0,1,0
184,제주,2023-09-08,25.1,22.8,517,28.0,1207,0.0,,0.0,,0.17,0.0,8.9,50,1153,5.2,50,1253,2.8,2422.0,70.0,16.6,51,1612,60.0,19.0,1010.0,1013.8,951,1011.2,1624,1012.4,12.7,11.2,1200.0,3.26,23.35,,,,,,1.8,1.1,32.7,22.3,30.4,30.4,30.5,29.8,29.6,28.6,26.8,23.8,20.3,5.0,7.2,,{비}0042-0047. {비}0126-0131.,,2023,9,36,251,0,0,1,0
184,제주,2023-09-09,24.9,21.6,615,28.2,1545,,,,,,,7.2,20,1246,5.0,50,1228,2.7,2317.0,180.0,16.5,50,1753,60.4,18.8,1008.7,1012.0,3,1010.0,1526,1011.1,12.6,11.4,1200.0,3.23,23.72,,,,,,2.0,0.4,32.7,21.3,30.0,30.0,30.1,29.5,29.4,28.5,26.8,24.5,20.4,5.0,7.1,,,,2023,9,36,252,0,0,1,0
184,제주,2023-09-10,24.9,21.5,313,28.2,1442,,,,,,,9.1,70,1312,6.5,50,1319,2.7,2356.0,70.0,17.3,56,1439,63.1,19.8,1007.6,1011.4,1,1008.6,1615,1010.0,12.6,5.8,1300.0,2.43,16.64,,,,,,6.3,2.5,30.7,21.2,29.5,29.6,29.7,29.3,29.2,28.4,26.7,24.1,20.4,4.1,5.8,,,,2023,9,36,253,0,0,1,0
184,제주,2023-09-11,25.7,21.9,524,29.3,1354,,,,,,,6.7,50,1612,4.8,50,1619,2.6,2212.0,50.0,18.0,50,1338,63.3,20.8,1006.9,1011.0,2338,1007.9,1608,1009.2,12.6,9.6,1200.0,3.15,22.05,,,,,,4.3,1.0,32.2,21.2,29.5,29.6,29.6,29.0,28.9,28.3,26.7,24.0,20.4,4.6,6.6,,,,2023,9,37,254,0,0,1,0
184,제주,2023-09-12,25.8,22.8,556,29.5,1238,1.5,1311.0,1.6,1252.0,1.38,1.6,9.0,70,1201,6.6,50,1142,2.4,2107.0,180.0,19.7,61,954,69.6,23.1,1007.7,1011.0,2214,1008.7,1709,1010.1,12.5,4.7,1200.0,2.48,16.43,,,,,,7.4,2.8,28.9,22.1,29.7,29.7,29.8,29.1,29.0,28.1,26.7,24.2,20.4,3.4,4.9,1.6,{소나기}1252-1415.,,2023,9,37,255,0,0,1,1
184,제주,2023-09-13,27.1,23.5,2357,32.4,1545,3.4,2157.0,3.8,2150.0,1.72,4.6,9.7,340,2147,5.2,20,2048,2.4,2050.0,180.0,20.7,48,1518,69.0,24.4,1006.7,1010.3,1,1007.1,1545,1009.1,12.5,5.4,1100.0,2.7,16.58,,,,,,8.6,3.8,33.0,23.4,29.9,29.8,29.9,29.1,29.0,28.1,26.6,24.5,20.4,3.7,5.2,4.9,{비}2150-2222. {비}2249-{비}{강도0}2400-,,2023,9,37,256,0,0,1,1
184,제주,2023-09-14,24.3,23.3,15,26.0,1219,0.6,-2356.0,0.9,-2331.0,5.78,0.4,8.7,50,1247,5.9,50,1304,2.4,2054.0,90.0,20.4,68,1138,79.0,24.0,1008.6,1012.3,2045,1009.2,210,1011.0,12.5,0.2,1200.0,1.07,5.56,,,,,,9.8,7.3,25.7,22.8,29.0,29.1,29.4,29.0,29.1,28.1,26.6,24.5,20.5,1.9,2.7,0.1,-{비}-0038. {비}0056-{비}{강도0}0300-0426. {비}0535-0554. {비}0806-0812. {비}0847-0851. {비}0912-0938. {비}1610-1614. {비}2040-{비}{강도0}2100-2120.,,2023,9,37,257,0,0,1,0
184,제주,2023-09-15,27.4,23.3,623,30.5,1422,,,,,,,7.1,90,115,4.5,50,1200,2.2,1875.0,50.0,21.8,62,854,72.3,26.1,1009.3,1013.1,2259,1010.4,514,1011.6,12.4,10.3,1100.0,2.88,21.34,,,,,,4.3,3.1,31.0,21.7,29.3,29.3,29.3,28.5,28.7,28.0,26.5,24.7,20.6,4.0,5.7,14.1,,,2023,9,37,258,0,0,1,0
184,제주,2023-09-16,25.6,23.6,1356,27.3,1735,5.4,940.0,13.2,1235.0,11.8,43.0,11.3,250,1300,6.6,270,1337,1.7,1455.0,160.0,22.3,73,1740,82.5,26.9,1009.1,1013.0,936,1010.0,1703,1011.5,12.4,1.5,1100.0,1.39,6.51,,,,,,9.0,6.9,27.5,23.5,29.2,29.2,29.4,28.8,28.9,27.9,26.5,24.7,20.7,1.4,2.0,41.9,{비}0317-0445. {비}0546-{비}{강도0}0600-{비}{강도1}0900-{비}{강도0}1200-1447. {무지개}0640-0700. {비}1525-1559. {무지개}1754-1820. {비}2315-{비}{강도0}2400-,,2023,9,37,259,0,0,1,1
184,제주,2023-09-17,24.3,22.2,910,26.9,1312,3.7,828.0,10.2,812.0,9.43,25.0,7.0,320,735,4.1,320,741,1.8,1579.0,180.0,21.2,69,1314,83.4,25.2,1008.3,1012.2,849,1009.3,509,1010.7,12.4,1.3,1100.0,1.58,8.1,,,,,,7.4,4.4,26.0,22.1,28.5,28.6,28.8,28.4,28.7,27.9,26.5,24.7,20.8,1.8,2.6,12.0,-{비}-0237. {비}0316-0348. {비}0748-{비}{강도1}0900-0916. {박무}0820-{박무}{강도0}0900-0914. {비}1333-{비}{강도0}1500-1717. {비}1925-2030.,,2023,9,37,260,0,0,1,1
184,제주,2023-09-18,25.7,22.6,330,29.2,1443,,,,,,,6.0,360,816,4.3,360,821,2.2,1922.0,20.0,20.8,54,1719,75.0,24.5,1010.7,1014.6,2249,1011.1,131,1013.0,12.3,7.8,1200.0,3.22,19.37,,,,,,2.4,2.0,27.6,21.5,28.9,28.7,28.7,28.1,28.4,27.8,26.6,24.3,20.8,4.0,5.8,,,,2023,9,38,261,0,0,1,0
184,제주,2023-09-19,25.9,22.6,507,29.4,1014,,,,,,,6.3,50,1220,4.6,50,1229,2.5,2189.0,180.0,20.2,61,1018,71.3,23.8,1012.0,1015.2,942,1013.2,1512,1014.3,12.3,7.0,1200.0,2.98,17.54,,,,,,4.4,1.1,26.7,19.6,29.8,28.6,28.8,28.3,28.4,27.8,26.8,24.8,21.1,3.4,4.9,,,,2023,9,38,262,0,0,1,0
184,제주,2023-09-20,27.5,24.0,249,31.7,1255,0.0,,0.0,,0.8,0.0,15.6,270,2231,9.2,250,2216,3.8,3305.0,180.0,20.9,50,1245,68.0,24.8,1006.0,1013.6,1,1005.1,1905,1008.4,12.2,0.4,1000.0,1.71,9.89,,,,,,9.4,4.0,27.1,20.9,29.6,28.4,28.6,28.2,28.4,27.7,26.8,24.9,21.1,3.8,5.4,0.5,{비}2019-{비}{강도0}2100-2105. {비}2358-{비}{강도0}2400-,,2023,9,38,263,0,0,1,0
184,제주,2023-09-21,24.0,22.8,421,26.2,1204,0.4,410.0,0.5,328.0,5.23,0.5,16.1,270,41,8.8,270,50,4.9,4254.0,290.0,18.7,61,1201,72.9,21.6,1009.2,1013.8,2332,1005.7,1,1011.6,12.2,2.3,1100.0,2.01,11.91,,,,,,9.1,6.5,26.2,21.0,29.1,27.9,28.2,27.9,28.2,27.6,26.7,25.6,22.5,2.9,4.2,0.0,-{비}-0116. {비}0216-{비}{강도0}0300-0529. {비}2032-{비}{강도0}2100-2107. {비}2210-2220.,,2023,9,38,264,0,0,1,0
184,제주,2023-09-22,23.9,22.6,618,25.5,1613,0.2,,0.2,,0.27,0.2,7.0,360,18,4.8,20,26,2.3,2001.0,20.0,18.8,63,1507,73.8,21.7,1012.3,1016.2,2259,1013.2,346,1014.7,12.2,0.7,1200.0,1.49,7.57,,,,,,9.4,7.1,26.1,21.9,28.4,27.3,27.6,27.4,27.8,27.5,26.5,24.2,21.2,2.1,2.9,0.9,{비}1822-1838.,,2023,9,38,265,0,0,1,0
184,제주,2023-09-23,24.4,22.8,653,26.7,1030,0.2,,0.4,29.0,1.67,0.7,9.8,70,2312,5.6,50,1140,3.7,3158.0,70.0,17.5,48,1949,66.0,20.1,1014.9,1018.5,2053,1015.9,321,1017.3,12.1,2.7,1000.0,2.44,12.51,,,,,,8.5,3.3,26.3,20.2,28.5,27.4,27.6,27.3,27.5,27.2,26.4,24.1,21.1,3.6,5.1,,{비}0003-0048. {비}0117-0212.,,2023,9,38,266,0,0,1,0
184,제주,2023-09-24,24.2,23.0,658,26.2,1525,0.0,,0.0,,0.28,0.0,15.3,70,1305,8.0,70,1144,4.7,4086.0,90.0,18.3,59,1516,69.9,21.0,1014.0,1018.0,1,1015.3,1518,1016.4,12.1,3.2,1200.0,2.08,12.82,,,,,,7.8,5.1,26.5,20.7,28.1,27.0,27.2,26.9,27.3,27.1,26.2,23.7,21.0,3.4,4.9,0.0,{비}0941-0943. {비}1101-1106. {비}1119-1124. {달코로나}2026-2157. {비}2302-2307.,,2023,9,38,267,0,0,1,0
184,제주,2023-09-25,25.1,22.9,405,27.5,1642,0.0,,0.0,,1.23,0.0,11.7,70,1311,7.1,70,1337,3.6,3152.0,70.0,20.5,70,1044,76.0,24.2,1011.8,1015.6,905,1012.4,1642,1014.2,12.1,4.4,1100.0,2.31,15.6,,,,,,7.1,5.1,29.2,20.5,28.6,27.4,27.4,26.8,27.0,26.8,26.1,23.9,21.1,3.4,4.8,0.0,{비}0006-0055. {비}0255-{비}{강도0}0300-0303. {비}1913-1930.,,2023,9,39,268,0,0,1,0
184,제주,2023-09-26,26.0,23.0,623,29.3,1312,,,,,,,8.2,340,1543,5.2,320,1451,3.1,2643.0,180.0,20.5,63,1309,72.1,24.1,1011.1,1014.7,1007,1012.3,1535,1013.5,12.0,8.9,1200.0,2.89,17.23,,,,,,2.8,2.5,30.6,19.8,29.2,28.0,27.9,27.0,27.1,26.7,26.0,24.5,21.4,4.0,5.7,0.0,,,2023,9,39,269,0,0,1,0
184,제주,2023-09-27,25.8,23.5,628,28.6,1152,0.0,,0.0,,0.05,0.0,7.8,340,1436,5.1,320,1440,3.3,2883.0,320.0,19.9,60,1119,70.5,23.3,1010.9,1014.5,2153,1011.5,1555,1013.3,12.0,9.1,1100.0,2.8,19.14,,,,,,5.0,3.8,31.6,21.1,29.7,28.5,28.4,27.4,27.3,26.7,25.9,24.8,21.7,4.1,5.9,0.2,{비}0137-0140.,,2023,9,39,270,0,0,1,0
184,제주,2023-09-28,25.3,23.3,2352,28.5,1528,0.2,,0.2,,0.4,0.2,6.5,320,1042,4.3,340,1117,2.9,2544.0,340.0,19.4,46,1627,70.8,22.6,1012.2,1015.9,2303,1013.4,208,1014.6,12.0,7.0,1200.0,2.79,15.61,,,,,,5.3,3.8,30.7,20.6,29.9,28.7,28.6,27.6,27.5,25.8,25.8,24.7,21.7,3.8,5.4,,{비}0517-0541.,,2023,9,39,271,0,0,1,0
184,제주,2023-09-29,24.0,21.1,647,27.6,1530,,,,,,,5.8,20,1447,3.9,20,1422,2.2,1886.0,200.0,16.7,46,1626,64.8,19.1,1011.8,1016.0,914,1012.2,2353,1014.2,11.9,9.5,1200.0,2.91,19.35,,,,,,3.4,3.1,30.1,18.2,29.6,28.4,28.4,27.6,27.5,26.7,25.7,24.4,21.4,4.2,5.9,2.5,{연무}0836-{연무}{강도0}0900-1022. {달무리}2054-2055. {달코로나}2102-2103. {달코로나}2257-,,2023,9,39,272,0,0,1,0
184,제주,2023-09-30,20.9,18.2,1112,23.5,1710,1.7,830.0,2.6,824.0,2.65,4.7,9.7,20,758,6.7,50,804,2.6,2243.0,20.0,15.2,53,534,70.5,17.3,1009.7,1013.9,853,1010.8,1526,1012.1,11.9,2.0,1500.0,1.39,6.45,,,,,,8.1,6.3,22.2,16.8,27.9,26.9,27.3,27.2,27.3,26.6,25.6,23.8,21.2,1.9,2.7,2.2,-{달코로나}-0042. {달코로나}0244-0330. {비}0656-0737. {비}0824-{비}{강도0}0900-0906. {비}1032-1148.,,2023,9,39,273,0,0,1,1
184,제주,2023-10-01,22.6,19.9,308,26.0,1459,,,,,,,11.0,50,2201,7.6,50,2153,3.7,3186.0,20.0,12.8,34,1549,55.8,14.9,1012.3,1016.5,2348,1012.3,333,1014.7,11.9,8.6,1100.0,2.87,19.99,,,,,,4.1,1.9,25.6,16.8,27.4,26.3,26.5,26.3,26.6,26.4,25.5,23.6,21.1,5.6,7.9,,,,2023,10,39,274,0,0,1,0
184,제주,2023-10-02,21.8,19.0,611,24.9,1314,,,,,,,9.4,50,220,5.5,70,229,2.8,2434.0,50.0,8.4,28,1204,43.3,11.0,1014.8,1019.0,927,1016.1,1646,1017.2,11.8,9.0,1200.0,3.03,20.19,,,,,,6.8,5.4,25.6,13.8,27.0,25.9,26.1,26.0,26.2,26.2,25.3,23.4,21.0,5.0,7.1,0.0,{달코로나}0245-0625.,,2023,10,40,275,0,0,1,0
184,제주,2023-10-03,21.7,20.4,1,23.4,1226,0.3,1026.0,0.3,949.0,4.55,0.3,9.3,70,1507,5.0,90,1439,2.6,2251.0,110.0,16.7,49,17,73.4,19.0,1013.2,1017.1,56,1014.5,1440,1015.6,11.8,0.0,1200.0,0.83,3.92,,,,,,9.9,5.0,22.8,17.2,26.3,25.2,25.5,25.6,25.9,25.9,25.3,23.5,21.1,1.6,2.2,0.3,{비}0854-{비}{강도0}0900-0907. {비}0949-1105. {비}1121-{비}{강도0}1200-1219. {비}1424-1444. {비}1540-1726.,,2023,10,40,276,0,0,1,0
184,제주,2023-10-04,22.2,19.2,655,25.5,1610,,,,,,,7.0,20,1519,4.3,20,1522,2.3,1956.0,20.0,15.2,44,1547,65.6,17.3,1012.2,1015.9,752,1012.8,1426,1014.6,11.8,9.7,1200.0,2.88,19.06,,,,,,4.8,1.5,26.4,15.4,26.6,25.4,25.5,25.2,25.4,25.6,25.3,23.4,21.1,4.7,6.7,,,,2023,10,40,277,0,0,1,0
184,제주,2023-10-05,20.1,17.4,2309,22.8,1413,,,,,,,14.4,20,552,8.7,20,552,4.7,4059.0,20.0,8.9,37,1131,49.4,11.5,1014.4,1018.7,2216,1014.4,154,1016.8,11.7,8.8,1200.0,2.95,18.78,,,,,,4.6,2.4,25.6,12.3,26.7,25.6,25.7,25.3,25.4,25.4,24.8,23.1,21.0,4.6,6.6,,,,2023,10,40,278,0,0,1,0
184,제주,2023-10-06,19.1,16.9,218,21.8,1315,0.0,,0.0,,0.08,0.0,6.9,20,2218,4.5,20,2214,2.4,2044.0,50.0,8.4,34,1323,51.4,11.1,1016.4,1020.0,951,1017.5,1433,1018.8,11.7,2.2,1000.0,2.27,11.81,,,,,,9.0,7.9,22.4,12.6,25.6,24.5,24.8,24.8,25.1,23.0,24.7,23.2,21.0,2.9,4.1,0.0,{비}2335-2340.,,2023,10,40,279,0,0,1,0
184,제주,2023-10-07,18.9,17.7,1946,21.0,1155,1.7,2303.0,5.6,2301.0,11.97,11.4,8.9,50,1721,5.7,70,1727,1.8,1575.0,140.0,13.4,51,56,71.3,15.5,1018.0,1021.7,2048,1019.0,401,1020.4,11.7,0.0,1100.0,0.71,3.66,,,,,,9.9,8.9,20.4,15.7,24.8,23.8,24.1,24.3,24.7,24.9,24.5,23.2,21.0,1.2,1.8,20.2,{비}0705-0743. {비}1040-{비}{강도0}1200-{비}{강도0}1500-{비}{강도0}1800-2007. {비}2207-{비}{강도1}2400-,,2023,10,40,280,0,0,1,1
184,제주,2023-10-08,20.1,17.9,33,22.9,1221,1.8,320.0,4.3,1.0,8.38,10.8,13.4,50,241,7.2,70,248,3.2,2770.0,90.0,15.1,61,1224,73.5,17.2,1016.3,1021.0,22,1017.6,1619,1018.7,11.6,1.2,1200.0,1.53,6.5,,,,,,8.9,6.1,20.4,14.9,24.1,23.1,23.4,23.6,24.1,24.7,24.4,23.1,21.0,2.0,2.8,2.0,-{비}-0118. {비}0221-{비}{강도0}0300-{비}{강도0}0600-0658. {비}0934-1037. {비}1445-{비}{강도0}1500-1610.,,2023,10,40,281,0,0,1,1
184,제주,2023-10-09,20.9,18.6,1,23.6,1459,,,,,,,8.2,360,1744,5.2,50,1044,3.1,2703.0,20.0,14.7,53,1503,68.5,16.8,1016.8,1020.6,2228,1017.4,1437,1019.2,11.6,2.6,1100.0,2.04,11.92,,,,,,7.8,5.0,21.4,16.0,24.3,23.2,23.4,23.3,23.8,24.4,24.3,23.0,21.0,3.3,4.7,,,,2023,10,41,282,0,0,1,0
184,제주,2023-10-10,20.5,18.8,2333,23.4,1414,,,,,,,10.6,20,445,6.6,20,451,3.4,2907.0,20.0,12.3,48,1425,59.8,14.3,1018.4,1021.9,928,1019.6,1445,1020.8,11.6,7.6,1200.0,2.9,18.12,,,,,,6.1,3.3,21.1,14.8,24.7,23.6,23.7,23.4,23.8,24.1,24.0,22.9,20.9,3.5,5.0,,,,2023,10,41,283,0,0,1,0
184,제주,2023-10-11,20.5,17.9,336,23.3,1408,,,,,,,11.0,70,1309,6.6,70,1255,3.1,2686.0,70.0,12.9,51,1712,62.4,14.9,1020.4,1024.0,944,1021.6,1,1022.8,11.5,8.2,1100.0,2.35,15.58,,,,,,3.3,2.8,22.1,13.6,24.6,23.5,23.7,23.4,23.7,,,23.0,21.0,3.7,5.3,,,,2023,10,41,284,0,0,1,0
184,제주,2023-10-12,20.1,16.9,637,23.8,1329,,,,,,,8.7,50,1204,5.5,70,1159,2.8,2377.0,160.0,10.7,34,1511,55.6,12.9,1020.6,1024.8,933,1021.6,1519,1023.0,11.5,10.4,1200.0,2.73,18.37,,,,,,1.8,1.0,21.9,11.4,24.2,23.1,23.3,23.1,23.5,23.8,23.7,22.8,20.9,4.1,5.8,,,,2023,10,41,285,0,0,1,0
184,제주,2023-10-13,20.3,18.2,1,23.0,1249,,,,,,,7.5,50,1220,5.5,50,1425,2.4,2079.0,50.0,12.8,55,1054,62.3,14.8,1014.7,1022.2,1,1014.2,2352,1017.1,11.5,3.0,1200.0,2.37,12.23,,,,,,7.9,3.8,22.7,13.0,24.4,23.2,23.3,23.0,23.3,23.6,23.7,22.8,21.0,2.8,4.0,,,,2023,10,41,286,0,0,1,0
184,제주,2023-10-14,20.7,17.5,2158,24.4,1216,4.3,2111.0,4.7,2058.0,0.75,5.2,15.7,340,2109,6.9,320,2114,3.2,2782.0,290.0,12.0,39,1133,58.9,14.1,1009.1,1014.3,1,1009.9,1641,1011.5,11.4,9.3,1100.0,2.58,15.74,,,,,,7.0,3.5,22.7,13.9,24.5,23.4,23.4,23.0,23.3,23.5,23.6,22.8,20.9,4.3,6.1,5.2,{비}2058-{비}{강도0}2100-2129. {비}2343-2357.,,2023,10,41,287,0,0,1,1
184,제주,2023-10-15,20.1,17.6,2356,23.4,1236,0.0,,0.0,,0.05,0.0,10.6,290,150,6.0,320,49,4.5,3845.0,320.0,11.3,48,1520,57.3,13.4,1010.8,1015.4,2256,1010.9,31,1013.2,11.4,6.5,1200.0,2.41,15.02,,,,,,4.0,4.0,19.2,12.1,23.7,22.6,22.9,22.8,23.1,23.3,23.3,22.9,21.2,3.8,5.4,,{비}0104-0107.,,2023,10,41,288,0,0,1,0
184,제주,2023-10-16,18.9,16.5,616,22.9,1311,,,,,,,10.5,320,1551,6.0,320,1521,3.8,3240.0,320.0,10.2,51,1346,57.5,12.5,1014.8,1018.9,2328,1015.4,1,1017.2,11.4,6.3,1200.0,2.38,14.85,,,,,,3.8,3.8,19.2,10.1,23.0,22.0,22.3,22.3,22.8,23.1,23.0,22.9,21.2,3.9,5.5,,,,2023,10,42,289,0,0,1,0
184,제주,2023-10-17,18.3,15.1,2344,22.7,1437,,,,,,,7.1,340,156,4.3,290,1451,3.1,2679.0,320.0,9.8,48,1122,58.8,12.2,1017.6,1021.3,2209,1018.9,1,1020.1,11.3,10.4,1200.0,2.75,18.2,,,,,,1.1,1.1,20.7,10.4,23.0,21.9,22.1,22.0,22.5,22.8,22.7,22.8,21.2,3.8,5.4,,,,2023,10,42,290,0,0,1,0
184,제주,2023-10-18,18.3,13.7,615,22.4,1456,,,,,,,5.0,50,1316,3.5,20,1331,2.2,1869.0,180.0,12.5,57,1502,69.9,14.6,1017.9,1022.3,1009,1018.9,1621,1020.3,11.3,10.4,1200.0,2.7,17.92,,,,,,1.5,1.3,20.6,9.1,22.9,21.8,21.9,21.8,22.2,22.7,22.6,22.6,21.0,3.4,4.8,,,,2023,10,42,291,0,0,1,0
184,제주,2023-10-19,21.4,16.4,8,26.1,1434,,,,,,,7.8,320,1659,5.0,290,1600,2.7,2311.0,180.0,13.7,48,937,62.3,15.8,1014.3,1020.0,7,1014.1,2349,1016.7,11.3,8.8,1300.0,2.52,16.14,,,,,,5.8,3.1,23.7,12.1,23.5,22.3,22.3,21.8,22.1,22.5,22.6,22.6,21.0,3.8,5.5,8.3,,,2023,10,42,292,0,0,1,0
184,제주,2023-10-20,16.8,15.1,2319,20.8,36,4.3,115.0,8.3,37.0,1.47,8.3,15.7,320,1937,9.8,20,202,5.6,4866.0,20.0,7.4,37,1421,55.0,10.4,1016.3,1022.1,2314,1013.4,41,1018.8,11.2,3.9,1200.0,2.7,11.6,,,,,,7.8,7.4,17.3,13.2,23.0,21.9,22.2,22.0,22.3,22.4,22.4,22.4,21.0,4.5,6.4,,{비}0037-0147. {비}0202-0220.,,2023,10,42,293,0,0,1,1
184,제주,2023-10-21,17.4,15.0,11,20.2,1440,,,,,,,12.4,340,348,7.1,340,337,4.2,3648.0,290.0,6.6,30,1129,50.0,9.8,1020.6,1024.3,1031,1021.3,326,1023.1,11.2,9.6,1200.0,2.81,18.21,,,,,,3.6,3.6,17.4,11.9,21.8,20.7,21.0,21.2,21.8,22.1,21.8,22.3,21.0,4.3,6.1,,,,2023,10,42,294,0,0,1,0
184,제주,2023-10-22,17.4,13.4,642,21.8,1534,,,,,,,6.7,340,29,4.1,340,3,2.2,1936.0,340.0,8.6,45,951,56.9,11.2,1021.7,1025.3,1044,1023.2,1512,1024.2,11.2,7.6,1200.0,2.6,15.55,,,,,,3.8,1.6,18.4,8.1,21.8,20.7,20.9,20.8,21.3,21.8,21.6,22.3,21.0,3.2,4.5,,,,2023,10,42,295,0,0,1,0
184,제주,2023-10-23,17.2,13.7,633,21.9,1110,,,,,,,5.3,50,1138,3.6,50,1146,1.6,1390.0,180.0,9.0,41,1021,59.6,11.5,1020.8,1025.2,832,1021.9,1642,1023.3,11.1,10.0,1200.0,2.56,16.5,,,,,,1.4,1.4,18.8,8.7,21.8,20.7,20.8,20.7,21.1,21.7,21.7,22.2,20.9,2.9,4.2,,,,2023,10,43,296,0,0,1,0
184,제주,2023-10-24,17.7,13.3,326,22.1,1356,,,,,,,5.4,50,1331,4.2,50,1345,1.5,1312.0,180.0,9.6,49,1113,60.0,12.0,1017.9,1022.4,1,1018.6,1712,1020.3,11.1,7.7,1100.0,2.58,14.44,,,,,,2.5,0.3,19.8,8.8,21.6,20.5,20.6,20.5,21.0,21.6,21.7,22.2,20.9,3.0,4.4,,,,2023,10,43,297,0,0,1,0
184,제주,2023-10-25,19.8,16.1,328,25.1,1513,,,,,,,5.5,320,1344,3.9,340,1421,2.2,1864.0,180.0,12.1,50,1004,61.9,14.2,1015.9,1019.9,34,1016.9,1603,1018.3,11.1,10.1,1200.0,2.53,16.42,,,,,,1.4,1.1,23.4,12.4,22.3,21.0,21.0,20.5,20.9,21.4,21.7,22.2,20.9,3.6,5.1,,,,2023,10,43,298,0,0,1,0
184,제주,2023-10-26,20.4,16.5,243,24.8,1303,,,,,,,9.5,320,1444,6.1,290,1447,3.5,3040.0,180.0,13.7,50,1423,66.3,15.8,1013.7,1018.0,1,1015.0,1503,1016.2,11.0,9.3,1200.0,2.43,14.91,,,,,,1.5,0.8,22.1,12.6,22.5,21.2,21.2,20.7,21.1,21.4,21.6,22.1,20.9,3.6,5.2,,,,2023,10,43,299,0,0,1,0
184,제주,2023-10-27,18.3,14.8,2342,21.1,1455,,,,,,,10.8,320,1159,6.5,320,1421,3.8,3268.0,320.0,9.5,37,1339,58.3,12.1,1013.8,1018.1,2311,1014.6,143,1016.2,11.0,8.9,1300.0,2.42,15.87,,,,,,3.6,3.6,21.3,11.2,22.8,21.5,21.6,20.9,21.3,21.3,21.3,21.9,21.2,3.7,5.3,,{박무}0020-{박무}{강도0}0300-0540.,,2023,10,43,300,0,0,1,0
184,제주,2023-10-28,17.2,13.8,233,21.7,1543,,,,,,,5.7,20,1231,3.7,20,1210,2.2,1912.0,180.0,9.7,39,1504,62.1,12.0,1016.4,1020.2,2128,1017.5,319,1018.9,11.0,9.0,1200.0,2.53,15.81,,,,,,3.1,2.8,20.3,10.7,22.0,20.8,20.9,20.6,21.2,21.2,21.2,22.0,20.9,3.2,4.6,,,,2023,10,43,301,0,0,1,0
184,제주,2023-10-29,17.9,14.2,552,22.5,1343,,,,,,,6.5,50,1208,4.7,50,1212,2.5,2147.0,180.0,10.4,47,1103,62.1,12.7,1018.3,1022.0,2222,1019.8,27,1020.8,11.0,9.2,1200.0,2.51,15.89,,,,,,1.6,0.8,20.1,10.7,21.9,20.7,20.8,20.4,21.0,21.1,21.2,21.9,20.9,3.4,4.8,,,,2023,10,43,302,0,0,1,0
184,제주,2023-10-30,18.2,14.6,643,22.7,1329,,,,,,,6.8,50,1221,4.8,50,1227,2.6,2285.0,50.0,11.0,55,1202,63.1,13.2,1019.7,1023.7,2307,1020.9,1433,1022.2,10.9,10.1,1200.0,2.46,15.82,,,,,,0.1,0.1,19.8,11.7,21.8,20.6,20.7,20.3,20.9,20.3,21.3,21.9,20.9,3.3,4.8,,,,2023,10,44,303,0,0,1,0
184,제주,2023-10-31,17.7,13.4,643,23.5,1416,,,,,,,4.9,340,1409,3.4,340,1312,1.9,1622.0,180.0,8.3,41,1349,54.9,11.1,1020.4,1024.1,844,1021.8,1442,1022.8,10.9,10.1,1200.0,2.5,15.81,,,,,,0.0,0.0,19.1,8.5,21.5,20.3,20.4,20.1,,21.0,21.3,21.8,20.9,3.5,5.1,,,,2023,10,44,304,0,0,1,0
184,제주,2023-11-01,20.0,14.2,238,28.4,1506,,,,,,,9.1,270,1320,5.9,270,1334,2.4,2069.0,160.0,6.8,19,1435,44.4,10.4,1017.9,1022.2,1,1018.9,1428,1020.4,10.9,10.1,1200.0,2.44,15.56,,,,,,0.0,0.0,19.4,8.0,21.3,20.1,20.2,19.9,20.6,20.9,21.2,21.8,20.8,4.3,6.2,,,,2023,11,44,305,0,0,1,0
184,제주,2023-11-02,19.8,15.5,705,24.4,1410,,,,,,,5.7,70,1237,4.2,50,1259,2.3,2004.0,160.0,10.7,36,321,58.1,13.8,1016.2,1020.5,941,1017.4,1520,1018.6,10.8,10.0,1200.0,2.45,15.35,,,,,,0.5,0.5,19.9,8.7,21.6,20.3,20.3,19.9,20.5,20.7,21.1,21.7,20.9,3.2,4.6,,,,2023,11,44,306,0,0,1,0
184,제주,2023-11-03,21.2,16.6,326,26.4,1150,,,,,,,6.4,50,1540,4.6,50,1335,2.2,1935.0,180.0,12.8,42,934,60.0,15.0,1014.0,1017.6,1,1014.9,1504,1016.4,10.8,8.5,1100.0,2.32,13.76,,,,,,1.1,1.1,21.1,10.3,22.0,20.7,20.7,20.1,20.5,20.7,21.1,21.7,20.8,2.8,4.0,0.0,,,2023,11,44,307,0,0,1,0
184,제주,2023-11-04,22.3,19.1,252,25.4,1514,,,,,1.35,0.0,8.8,70,1127,5.6,50,1042,1.8,1570.0,70.0,17.4,60,1947,74.0,19.9,1016.1,1019.7,1909,1016.9,7,1018.5,10.8,5.9,1000.0,2.17,12.65,,,,,,8.0,3.0,23.7,14.9,23.0,21.7,21.5,20.5,20.7,20.7,21.1,21.7,20.8,2.0,2.9,,{비}0554-{비}{강도0}0600-0715. {무지개}0722-0752.,,2023,11,44,308,0,0,1,0
184,제주,2023-11-05,23.6,21.9,705,26.0,2346,,,,,2.72,0.6,15.0,200,2345,7.2,200,2354,2.1,1846.0,,16.8,49,2333,66.3,19.2,1012.8,1019.5,1,1009.6,2359,1015.2,10.7,0.3,1300.0,0.91,4.04,,,,,,9.0,6.6,22.1,18.2,23.4,22.1,22.1,21.1,21.2,20.8,21.1,21.6,20.9,2.2,3.2,18.6,{비}0902-0937. {비}1033-1055. {비}1103-1112. {비}1138-{비}{강도0}1200-1239. {비}1416-1452.,,2023,11,44,309,0,0,1,0
184,제주,2023-11-06,19.0,15.7,2125,25.8,134,,,,,5.07,18.3,18.0,230,354,10.2,200,305,6.8,5892.0,290.0,11.5,42,2049,63.5,14.3,1010.9,1018.8,2304,1004.4,409,1013.4,10.7,0.0,1200.0,0.62,2.85,,,,,,8.8,6.4,17.8,13.9,22.5,21.4,21.7,21.1,21.5,21.0,21.0,21.3,21.1,3.2,4.6,0.3,{비}0231-0239. {비}0302-{시정(미만)}{1km}{비}0455-{시정(미만)}{0.5km}{비}0458- {시정(이상)}{0.5km}{비}0502-{시정(이상)}{1km}{비}0505-{시정(미만)}{1km}{비}0510-{시정(이상)}{1km}{비}0512-0550. {비}0623-0658. {비}0825-{비}{강도0}0900-0915. {비}1118-1140. {비}1310-1331.,,2023,11,45,310,0,0,1,1
184,제주,2023-11-07,14.9,13.7,744,17.7,1343,,,,,,,14.2,320,320,8.1,320,419,4.7,4064.0,320.0,6.0,44,444,55.5,9.4,1019.3,1023.3,2147,1018.8,2,1021.8,10.7,2.1,900.0,1.5,8.39,,,,,,6.9,6.9,14.0,11.4,20.0,18.9,19.5,19.9,20.8,20.8,20.5,21.2,20.9,2.3,3.3,,,,2023,11,45,311,0,0,1,0
184,제주,2023-11-08,15.6,10.4,637,21.0,1615,,,,,,,6.7,50,1255,4.3,50,1231,2.5,2129.0,200.0,8.9,52,1030,65.3,11.5,1018.9,1023.0,908,1019.5,1614,1021.4,10.7,8.6,1200.0,2.46,15.19,,,,,,4.3,2.8,15.5,7.0,19.5,18.5,18.8,19.0,19.9,20.4,20.5,21.4,20.8,2.8,4.1,,,,2023,11,45,312,0,0,1,0
184,제주,2023-11-09,18.5,14.0,643,21.8,1607,,,,,3.5,2.8,4.5,180,2032,3.2,180,2035,1.6,1396.0,200.0,11.9,46,936,66.3,14.2,1016.9,1021.6,16,1017.3,1912,1019.4,10.6,1.7,1100.0,1.07,5.86,,,,,,7.6,5.4,17.3,9.0,20.0,18.9,19.1,18.9,19.6,20.2,20.6,21.4,20.8,1.6,2.2,6.8,{비}2030-{비}{강도0}2100-{비}{강도0}2400-,,2023,11,45,313,0,0,1,1
184,제주,2023-11-10,12.9,10.3,2346,17.7,1,,,,,5.07,4.0,12.8,20,323,8.7,20,332,4.4,3827.0,20.0,5.0,42,2318,59.6,9.1,1020.9,1027.4,2313,1017.5,312,1023.4,10.6,1.6,1100.0,1.19,7.35,,,,,,7.9,4.5,14.0,8.0,19.7,18.6,19.0,19.0,19.6,20.1,20.5,21.3,20.8,2.7,3.8,,{비}{강도1}0300-0336. {박무}0305-0337. {비}0511-0537. {비}0555-{비}{강도0}0600-0645. {비}0728-0740.,,2023,11,45,314,0,0,1,1
184,제주,2023-11-11,11.0,9.3,732,13.4,1304,,,,,,,11.4,20,1835,6.2,20,241,4.4,3842.0,360.0,1.3,35,236,51.9,6.8,1024.9,1028.4,1030,1026.2,202,1027.4,10.6,5.5,1200.0,2.37,11.45,,,,,,6.8,4.6,10.0,6.3,17.3,16.3,17.0,17.8,18.9,19.8,20.4,21.2,20.7,2.9,4.1,,,,2023,11,45,315,0,0,1,0
184,제주,2023-11-12,10.2,8.6,2354,11.4,1123,,,,,0.6,0.0,14.0,20,129,8.7,20,2346,5.5,4723.0,20.0,2.5,52,2051,59.3,7.3,1024.4,1028.2,102,1025.1,1454,1027.0,10.5,0.2,1100.0,0.8,3.64,,,,,,9.1,7.9,9.5,6.3,16.3,15.4,16.1,16.9,18.2,19.3,20.0,21.2,20.7,2.1,3.1,1.7,{비}1305-1330. {비}2349-{비}{강도0}2400-,,2023,11,45,316,0,0,1,0
184,제주,2023-11-13,9.5,7.1,321,10.7,1231,,,,,3.72,1.7,18.0,20,311,9.7,20,816,5.5,4732.0,20.0,1.7,47,1337,59.1,7.0,1025.6,1029.7,958,1026.7,341,1028.2,10.5,1.9,1000.0,1.22,5.96,,,,,,8.0,7.4,9.3,5.4,15.1,14.2,14.9,15.9,17.5,18.8,19.6,21.0,20.6,2.0,2.9,,-{비}-0141. {비}0212-{비}{강도0}0300-0325. {비}0402-0423. {비}0653-0721.,,2023,11,46,317,0,0,0,1
184,제주,2023-11-14,11.6,9.8,25,12.8,1734,,,,,,,8.6,20,410,4.8,360,414,3.0,2575.0,290.0,2.8,44,1753,55.0,7.5,1024.5,1028.6,1,1025.6,1653,1027.0,10.5,0.0,1300.0,0.28,1.33,,,,,,9.3,9.0,10.0,5.4,14.8,13.8,14.4,15.3,16.9,18.5,19.2,21.1,20.7,1.6,2.3,,,,2023,11,46,318,0,0,1,0
184,제주,2023-11-15,12.9,9.7,2306,16.6,1432,,,,,,,8.0,50,300,5.3,20,304,2.8,2412.0,20.0,3.6,37,1524,54.0,7.9,1025.3,1029.3,1013,1026.7,27,1027.8,10.5,7.6,1200.0,2.22,12.55,,,,,,4.4,3.5,12.6,4.6,15.8,14.7,14.9,15.1,16.5,18.2,19.1,21.1,20.6,2.6,3.8,,,,2023,11,46,319,0,0,1,0
184,제주,2023-11-16,12.0,9.3,252,17.2,1159,,,,,6.57,27.3,17.5,320,2345,9.7,320,2352,3.8,3316.0,320.0,5.6,52,1159,66.3,9.2,1018.6,1027.1,3,1018.7,1406,1021.1,10.4,0.1,1100.0,0.74,1.42,,,,,,9.1,4.1,10.6,4.7,15.1,14.1,14.6,15.1,16.5,18.0,19.0,21.0,20.6,1.9,2.7,27.6,{비}1022-1050. {비}1201-{비}{강도1}1500-1735. {박무}1220-{박무}{강도0}1500-1705. {비}1854-1907. {비}2341-{비}{강도0}2400-,,2023,11,46,320,0,0,1,1
184,제주,2023-11-17,10.0,7.6,1457,13.4,1227,,,,,7.47,12.6,21.8,290,1256,11.5,340,1905,7.5,6506.0,320.0,3.3,38,1226,64.0,7.7,1014.2,1019.4,1,1014.8,1419,1016.7,10.4,1.0,1100.0,1.21,3.74,,,,,,9.0,7.9,8.3,6.3,14.1,12.9,13.7,14.4,16.0,17.5,18.0,20.1,20.5,2.2,3.1,14.1,-{비}-0009. {비}0158-0232. {비}0502-0520. {비}1250-{우박}(d 1.0)1423-{싸락우박}1442-{비}1450-{비}{강도1}1500-1552. {비}1609-1627. {무지개}1642-1655. {비}1650-{비}{강도0}1800-1820. {비}1945-1958. {비}2104-2122. {비}2151-2223. {비}2326-{비}{강도0}2400-,,2023,11,46,321,0,0,1,1
184,제주,2023-11-18,8.8,5.8,402,10.7,2054,,,,,4.58,1.8,22.9,340,528,12.6,340,536,7.2,6245.0,320.0,1.3,48,715,60.1,6.8,1018.6,1023.2,941,1015.8,11,1021.2,10.4,0.0,1100.0,0.44,2.5,,,,,,8.4,8.0,7.5,4.0,12.4,11.4,12.3,13.5,15.0,16.4,16.2,19.2,20.1,2.0,2.8,,-{비}-0220. {비}0325-0540.,,2023,11,46,322,0,0,0,1
184,제주,2023-11-19,13.6,9.9,4,17.0,1455,,,,,,,11.6,270,1402,7.1,270,1538,4.5,3890.0,270.0,5.0,43,1526,56.8,8.8,1017.8,1022.2,1,1018.6,1504,1020.3,10.4,6.1,1300.0,2.1,11.66,,,,,,4.9,4.9,11.2,7.8,13.5,12.6,12.7,13.2,14.4,15.8,16.0,20.0,20.5,3.1,4.5,,,,2023,11,46,323,0,0,1,0
184,제주,2023-11-20,12.3,8.8,2351,15.7,1502,,,,,,,9.5,340,121,6.0,320,59,2.9,2492.0,20.0,3.6,43,1623,56.0,8.0,1020.9,1025.0,1004,1020.1,1,1023.4,10.3,9.0,1200.0,2.31,14.09,,,,,,1.1,1.1,11.4,4.0,15.0,13.9,14.0,13.8,14.5,15.6,16.0,20.1,20.4,2.6,3.7,,,,2023,11,47,324,0,0,1,0
184,제주,2023-11-21,12.5,8.0,159,18.1,1233,,,,,,,5.2,50,1246,3.4,20,1247,2.0,1721.0,180.0,6.5,47,1011,67.4,9.9,1019.1,1023.7,19,1019.9,1514,1021.6,10.3,5.5,1100.0,2.17,10.9,,,,,,2.5,2.3,10.7,1.5,14.6,13.4,13.7,13.8,14.6,15.3,16.3,20.4,20.5,1.9,2.8,,,,2023,11,47,325,0,0,1,0
184,제주,2023-11-22,14.7,9.6,421,20.2,1404,,,,,,,4.6,50,1317,3.5,50,1316,2.1,1806.0,160.0,8.4,48,1149,66.8,11.1,1014.8,1020.3,1,1015.0,2243,1017.2,10.3,8.8,1200.0,2.09,12.36,,,,,,2.0,0.0,12.2,3.2,15.3,14.1,14.2,13.9,14.6,15.2,16.4,20.4,20.4,2.5,3.6,,,,2023,11,47,326,0,0,1,0
184,제주,2023-11-23,17.3,12.1,2400,22.2,1436,,,,,,,15.1,340,2050,8.8,320,2035,4.7,4061.0,290.0,11.5,49,1433,69.5,14.0,1013.4,1021.0,2345,1012.4,1435,1015.8,10.3,5.9,1100.0,1.73,9.09,,,,,,5.5,3.0,15.6,10.6,16.7,15.5,15.3,14.6,15.0,15.5,16.5,20.1,20.4,3.1,4.4,,{연무}1612-{연무}{강도0}1800-1906. {연무}2045-{연무}{강도0}2100-2158.,,2023,11,47,327,0,0,1,0
184,제주,2023-11-24,8.6,6.2,2331,12.1,1,,,,,,,17.1,50,2037,8.7,20,1615,6.4,5504.0,20.0,-0.4,42,28,53.4,6.0,1025.4,1032.1,2358,1021.0,2,1028.0,10.3,0.1,1100.0,0.7,3.09,,,,,,8.3,8.3,9.0,5.0,15.2,14.1,14.6,14.7,15.4,15.7,15.9,19.3,20.2,2.1,3.1,,,,2023,11,47,328,0,0,0,0
184,제주,2023-11-25,6.3,4.9,2358,9.7,1437,,,,,,,11.9,50,537,7.2,20,454,3.4,2916.0,20.0,-2.6,39,1527,53.0,5.0,1028.3,1033.6,848,1029.1,2346,1030.9,10.2,5.0,1300.0,1.96,9.03,,,,,,5.5,5.5,8.9,0.1,13.2,12.2,12.8,13.5,14.6,15.5,16.3,20.0,20.3,1.6,2.3,,,,2023,11,47,329,0,0,0,0
184,제주,2023-11-26,8.9,4.6,107,13.8,1452,,,,,,,5.2,50,1132,3.1,20,1342,2.0,1706.0,180.0,1.3,38,1543,60.4,6.8,1021.5,1029.1,1,1019.9,2350,1024.1,10.2,6.1,1200.0,2.02,8.52,,,,,,1.5,1.0,10.3,-0.4,13.0,11.9,12.2,12.8,13.9,15.3,16.1,20.0,20.3,1.9,2.7,,,,2023,11,47,330,0,0,0,0
184,제주,2023-11-27,13.1,8.2,136,16.3,1333,,,,,0.17,0.0,12.9,270,1318,7.1,290,1412,4.1,3514.0,290.0,6.8,56,1339,66.1,9.9,1014.2,1020.1,27,1014.7,1501,1016.3,10.2,0.9,1300.0,1.02,3.43,,,,,,7.1,5.9,11.7,2.5,13.6,12.4,12.6,12.8,13.7,15.1,16.2,20.0,20.3,2.1,3.0,0.0,{비}0949-0959.,,2023,11,48,331,0,0,1,0
184,제주,2023-11-28,10.7,7.3,2228,13.4,1,,,,,0.0,,12.1,306,1407,7.3,320,1408,4.7,401760.0,320.0,2.0,43,1522,56.0,7.2,1019.6,1024.5,2319,1017.7,1,1022.1,10.8,2.0,1400.0,1.17,4.8,,,,,,5.9,5.9,10.4,3.4,14.0,12.8,13.0,13.0,,,,,,,,,{연무}0020-0240. {비}0640-0655.,,2023,11,48,332,0,0,1,0
184,제주,2023-11-29,11.2,8.0,1,13.9,1154,,,,,0.0,,11.5,17,2352,6.6,20,2326,3.0,260280.0,20.0,3.3,46,1550,59.0,7.8,1021.9,1026.9,2343,1022.6,1550,1024.4,10.8,2.6,1200.0,1.6,6.82,,,,,,7.9,6.6,11.1,5.8,13.5,12.4,12.6,12.7,,,,,,,,,{달코로나}0025-0645. {비}2325-2339.,,2023,11,48,333,0,0,1,0
184,제주,2023-11-30,6.6,5.5,1054,9.1,17,,,,,2.3,0.0,15.8,340,626,10.0,20,943,5.7,4927.0,20.0,0.2,48,809,63.6,6.2,1025.1,1029.3,1008,1026.7,7,1027.7,10.1,0.0,1100.0,0.23,0.82,,,,,,9.4,8.3,7.5,4.1,12.8,11.7,12.2,12.6,13.6,14.8,15.5,18.4,19.9,1.1,1.6,2.1,{비}0822-0850. {비}0920-0954. {비}2244-{비}{강도0}2400-,,2023,11,48,334,0,0,0,0
184,제주,2023-12-01,7.1,5.3,19,8.5,1512,,,,,3.12,2.9,15.1,320,733,8.7,20,1640,5.2,4453.0,360.0,0.2,46,1518,62.3,6.2,1023.6,1027.8,2058,1024.3,1432,1026.2,10.1,0.0,1300.0,0.13,0.62,,,,,,9.1,7.6,6.1,2.1,11.3,10.3,11.0,11.8,13.2,14.7,15.4,18.7,20.0,1.6,2.2,0.8,-{비}-0057. {비}0245-{비}{강도0}0300-0314. {비}0424-0442. {비}0703-0745. {비}1608-{싸락우박}1626-{비}1636-1649.,,2023,12,48,335,0,0,0,1
184,제주,2023-12-02,9.1,7.0,552,10.8,2140,,,,,,,10.3,20,42,5.5,20,110,3.0,2625.0,270.0,-0.1,42,2316,52.9,6.1,1024.4,1028.6,952,1025.7,1640,1026.9,10.1,0.0,1100.0,0.59,2.53,,,,,,8.1,8.1,7.4,5.6,11.2,10.2,10.6,11.2,12.6,14.4,15.1,19.5,20.2,1.9,2.8,,,,2023,12,48,336,0,0,0,0
184,제주,2023-12-03,10.1,6.3,2336,12.9,1308,,,,,,,10.5,70,810,5.9,20,812,3.4,2932.0,320.0,1.3,40,346,55.0,6.8,1023.7,1027.9,1031,1025.3,539,1026.2,10.1,2.4,1200.0,1.35,6.07,,,,,,5.1,5.1,9.2,1.6,12.1,11.0,11.2,11.3,12.5,14.0,15.0,19.2,20.1,1.6,2.2,,,,2023,12,48,337,0,0,1,0
184,제주,2023-12-04,8.5,4.5,728,13.1,1241,,,,,,,5.1,50,1356,3.4,50,1333,2.0,1717.0,180.0,2.9,53,1305,68.5,7.5,1019.2,1025.9,1,1018.9,2359,1021.7,10.1,6.4,1200.0,2.08,10.41,,,,,,4.0,2.5,7.3,-1.5,11.8,10.7,11.0,11.3,12.3,13.9,14.9,19.5,20.1,1.7,2.5,,,,2023,12,49,338,0,0,0,0
184,제주,2023-12-05,11.7,7.6,720,18.6,1208,,,,,,,4.7,50,1131,3.2,50,1244,1.9,1619.0,180.0,3.6,33,1151,60.0,7.9,1014.7,1019.2,4,1015.5,1346,1017.2,10.1,8.7,1200.0,2.02,11.36,,,,,,1.1,0.0,10.2,1.1,12.6,11.4,11.6,11.4,12.3,13.7,15.0,19.5,20.1,2.4,3.4,,,,2023,12,49,339,0,0,1,0
184,제주,2023-12-06,13.6,8.9,1,21.0,1233,,,,,0.25,0.1,16.0,290,2012,9.2,320,1937,,,230.0,6.1,33,1230,61.4,9.5,1010.7,1017.7,6,1008.8,1729,1013.2,10.1,3.0,1000.0,1.47,4.94,,,,,,5.4,1.9,10.5,3.4,13.1,11.9,11.9,11.7,12.3,13.8,15.0,19.4,20.1,3.0,4.3,0.1,{비}1729-1744. {연무}1821-{연무}{강도1}2100-2230.,,2023,12,49,340,0,0,1,0
184,제주,2023-12-07,12.0,8.5,2347,17.1,1403,,,,,,,14.4,320,220,8.5,320,149,4.1,3561.0,320.0,0.3,30,1326,45.1,6.3,1015.3,1019.3,1020,1014.8,1,1017.8,10.0,8.5,1200.0,2.11,12.54,,,,,,0.6,0.6,10.4,2.5,13.6,12.4,12.5,12.1,12.7,13.8,14.7,18.1,19.8,3.1,4.4,,,,2023,12,49,341,0,0,1,0
184,제주,2023-12-08,13.9,8.2,55,22.2,1022,,,,,,,5.4,70,1454,4.0,50,1427,2.3,2001.0,160.0,4.4,29,1320,53.6,8.6,1013.8,1018.3,1,1014.5,1422,1016.3,10.0,8.6,1200.0,2.1,12.38,,,,,,0.3,0.0,10.8,2.8,13.4,12.1,12.2,12.0,12.6,13.7,14.6,19.1,20.0,2.8,3.9,,,,2023,12,49,342,0,0,1,0
184,제주,2023-12-09,15.8,11.4,430,21.4,1224,,,,,,,5.7,70,1403,4.0,50,1338,2.5,2125.0,160.0,9.0,50,1152,64.8,11.5,1015.7,1019.9,2327,1016.3,1,1018.2,10.0,5.8,1200.0,1.56,8.28,,,,,,4.4,0.8,13.4,6.2,14.4,13.0,13.0,12.4,12.8,13.7,14.7,19.1,20.0,2.0,2.8,,{해코로나}0955-1022.,,2023,12,49,343,0,0,1,0
184,제주,2023-12-10,17.0,13.3,729,23.1,1257,,,,,6.57,13.8,10.3,70,2111,6.0,70,1358,3.0,2579.0,110.0,11.6,40,1304,71.5,13.9,1017.1,1021.8,1011,1017.4,1602,1019.5,10.0,3.6,1200.0,1.67,7.57,,,,,,6.4,2.8,15.1,6.6,15.4,14.1,13.9,13.0,13.3,13.9,14.9,19.1,20.0,2.0,2.8,19.4,{비}1726-{비}{강도0}1800-{비}{강도0}2100-{비}{강도0}2400-,,2023,12,49,344,0,0,1,1
184,제주,2023-12-11,17.0,14.8,2336,21.2,1138,,,,,7.43,10.1,14.9,140,741,8.0,110,741,4.7,4025.0,110.0,13.6,61,1133,80.9,15.7,1009.9,1019.1,1,1008.0,1517,1012.3,10.0,0.2,1100.0,0.68,2.17,,,,,,9.9,5.5,16.4,13.6,16.9,15.6,15.4,14.1,14.2,14.4,15.2,19.0,19.9,1.3,1.8,4.5,-{비}-{비}{강도0}0300-0358. {비}1206-1240. {비}1254-1446. {비}1502-1511. {비}1716-1732. {비}2037-{비}{강도0}2100-2114.,,2023,12,50,345,0,0,1,1
184,제주,2023-12-12,11.3,10.6,1324,14.8,1,,,,,4.67,0.1,12.0,340,136,7.3,320,144,3.8,3326.0,320.0,7.6,72,1822,78.0,10.4,1017.4,1025.0,2349,1013.1,1,1019.9,10.0,0.0,1200.0,0.2,0.86,,,,,,10.0,6.4,12.0,10.1,15.8,14.7,14.9,14.3,14.8,14.7,14.9,17.6,19.6,0.7,1.0,0.9,{안개비}0230-{안개비}{강도0}0300-0445. {안개비}0635-0710. {안개비}0836-0854. {비}1129-1144. {비}1237-1354.,,2023,12,50,346,0,0,1,0
184,제주,2023-12-13,14.0,10.9,236,18.7,1459,,,,,2.85,0.8,10.0,50,1323,6.0,70,1325,2.4,2050.0,90.0,8.9,52,1447,72.5,11.4,1022.9,1026.8,939,1023.4,1529,1025.4,10.0,3.9,1300.0,1.63,6.77,,,,,,7.0,4.6,13.9,9.8,15.3,14.2,14.3,13.8,14.4,14.7,15.0,18.7,19.8,1.8,2.6,1.9,{비}0119-{비}{강도0}0300-0410.,,2023,12,50,347,0,0,1,0
184,제주,2023-12-14,16.5,14.3,1,17.6,2008,,,,,10.38,5.4,8.8,140,41,4.7,90,1035,2.5,2186.0,90.0,13.5,72,1,83.3,15.6,1017.2,1025.5,5,1015.7,2346,1019.7,10.0,0.0,1300.0,0.18,0.76,,,,,,9.0,5.4,15.0,11.6,15.9,14.8,14.8,14.1,14.5,14.8,15.3,18.8,19.9,0.8,1.2,3.5,{비}0042-0110. {비}0702-{비}{강도0}0900-{비}{강도0}1200-{비}{강도0}1500-1607. {비}1704-1754.,,2023,12,50,348,0,0,1,1
184,제주,2023-12-15,15.3,10.1,2350,20.8,841,,,,,8.17,4.1,14.5,250,658,8.4,250,730,5.3,4614.0,320.0,12.1,73,2224,81.5,14.5,1011.9,1019.7,2347,1011.0,832,1014.4,10.0,0.1,900.0,0.22,0.65,,,,,,9.0,7.6,14.9,9.0,16.7,15.5,15.5,14.6,14.9,14.8,15.1,17.3,19.4,1.1,1.6,5.3,{비}0931-1005. {비}1040-{안개비}1102-{비}1145-{비}{강도0}1200-1221. {안개비}1250-{비}1321-{비}{강도0}1500-1611. {비}1831-1842. {비}1904-2054. {비}2302-2315. {비}2340-{비}{강도0}2400-,,2023,12,50,349,0,0,1,1
184,제주,2023-12-16,5.8,2.4,2036,10.0,1,,,,,15.08,1.8,21.0,320,1927,11.7,340,2152,8.7,7476.0,320.0,0.5,49,1620,69.0,6.4,1022.0,1029.1,2313,1018.6,29,1024.6,10.0,0.0,1100.0,0.27,1.22,,,,,,9.5,7.0,6.5,0.1,13.4,12.5,13.3,13.9,14.7,14.7,14.8,16.6,18.8,1.8,2.5,1.1,-{비}-0020. {비}0042-0130. {비}0145-{비}{강도0}0300-0410. {비}0525-{비}{강도0}0600-{비}{강도0}0900-1005. {비}1053-{비}{강도0}1200-1250. {비}1335-1358. {싸락눈}1457-{싸락눈}{강도0}1500-1503. {싸락눈}1721-{비}1745-{비}{강도0}1800-{싸락눈}1831-{비}1840-{싸락눈}2004-{소낙눈}2035-{비}2054-{비}{강도0}2100-2120. {소낙눈}2139-2146. {소낙눈}2208-2222. {소낙눈}2320-2326.,,2023,12,50,350,0,0,0,1
184,제주,2023-12-17,2.7,1.6,1357,3.9,1224,,,,,10.58,3.0,18.6,340,28,10.7,340,37,7.1,6133.0,340.0,-3.0,42,731,66.9,4.9,1029.3,1034.3,2229,1028.8,119,1031.9,10.0,0.0,1200.0,0.49,1.29,,,,,,8.5,7.4,3.1,0.0,9.8,9.0,10.2,11.9,13.1,14.1,13.9,16.8,19.1,1.0,1.4,2.5,{싸락눈}0142-0243. {눈}0327-0334. {싸락눈}0758-{소낙성진눈깨비}0824-0835. {소낙성진눈깨비}0908-1058. {소낙성진눈깨비}1115-{소낙성진눈깨비}{강도0}1200-{싸락눈}1225-{소낙성진눈깨비}1257-{눈}1345-{눈}{강도0}1500-{눈}{강도0}1800-1815.,,2023,12,50,351,0,0,0,1
184,제주,2023-12-18,3.7,2.3,559,5.0,1845,,,,,4.97,2.9,8.7,50,345,5.1,50,357,2.8,2399.0,70.0,-2.0,56,1134,67.1,5.3,1029.7,1034.7,115,1030.2,2314,1032.3,9.9,0.1,1100.0,0.78,2.39,,,,,,10.0,8.4,4.7,1.8,9.1,8.3,9.0,10.3,11.5,13.4,14.6,18.2,19.6,0.8,1.1,7.2,{비}1902-{비}{강도0}2100-{비}{강도0}2400-,,2023,12,51,352,0,0,0,1
184,제주,2023-12-19,5.9,3.0,2,7.5,1357,,,,,7.5,4.3,12.6,20,1938,8.0,20,1945,2.8,2462.0,160.0,0.8,51,2106,70.9,6.5,1024.8,1030.3,3,1025.9,1438,1027.4,9.9,0.0,1300.0,0.46,1.48,,,,,,9.1,7.3,6.0,2.9,9.4,8.5,9.0,9.9,10.9,13.1,14.6,18.4,19.6,1.5,2.1,0.0,-{비}-{비}{강도0}0300-0505. {비}0615-0748. {비}1748-{비}{강도0}1800-1840.,,2023,12,51,353,0,0,0,1
184,제주,2023-12-20,4.7,2.0,2342,7.6,17,,,,,6.53,0.0,17.1,340,921,9.5,340,920,7.0,6019.0,320.0,-2.8,45,322,58.8,5.0,1024.4,1028.6,1026,1026.0,559,1027.0,9.9,0.0,1100.0,0.34,1.88,,,,,,9.1,9.0,4.4,0.6,9.2,8.2,8.8,9.7,10.7,13.1,14.2,16.9,19.0,1.7,2.5,0.4,{비}0734-{비}{강도0}0900-0905. {싸락눈}1546-{싸락눈}{강도0}1800-1845. {소낙눈}2035-{소낙눈}{강도0}2100-2131. {소낙눈}2153-2234. {소낙눈}2335-{소낙눈}{강도0}2400-,,2023,12,51,354,0,0,0,0
184,제주,2023-12-21,1.3,-0.4,1430,3.4,1308,,,,,21.77,7.1,20.6,340,958,11.4,320,635,7.8,6750.0,340.0,-2.3,44,1312,77.4,5.2,1026.6,1032.6,2317,1026.3,422,1029.3,9.9,0.4,1300.0,0.62,2.39,5.4,2050.0,5.4,2050.0,6.9,8.8,8.1,2.0,0.0,7.5,6.7,7.6,8.9,10.3,12.4,12.8,15.8,18.6,1.0,1.4,10.3,-{소낙눈}-0036. {소낙눈}0046-{소낙눈}{강도0}0300-{소낙눈}{강도0}0600-0645. {소낙눈}0657-{눈}0840-{눈}{강도0}0900-{소낙눈}0928-1101. {소낙눈}1158-{소낙눈}{강도0}1200-1226. {소낙눈}1321-{눈}1412-{시정(미만)}{1km}{눈}1418-{눈}{강도1}1500-{시정(이상)}{1km}{눈}1502-{시정(미만)}{1km}{눈}1514-{시정(이상)}{1km}{눈}1610-{눈}{강도0}1800-{소낙눈}2005-{소낙눈}{강도0}2100-{싸락눈}2135-{눈}2150-{눈}{강도0}2400-,,2023,12,51,355,0,0,0,1
184,제주,2023-12-22,1.6,-0.6,838,2.5,2334,,,,,11.77,8.2,19.4,340,411,10.8,340,417,6.5,5649.0,20.0,-3.0,48,558,72.8,4.9,1032.2,1038.0,2105,1031.0,400,1034.9,9.9,0.0,1300.0,0.31,1.39,8.3,1145.0,12.2,1145.0,8.5,7.1,7.1,1.5,0.4,6.9,6.1,6.8,8.2,9.4,11.4,11.8,17.0,19.1,1.0,1.4,4.6,-{싸락눈}-{싸락눈}0015-{눈}0245-{눈}{강도0}0300-{눈}{강도1}0600-{싸락눈}0607-{눈}0720-{시정(미만)}{1km}{눈}0755-{시정(미만)}{0.5km}{눈}0830-{눈}{강도1}0900-{시정(이상)}{0.5km}{눈}1030-{시정(이상)}{1km}{눈}1050-{시정(미만)}{1km}{눈}1105-{시정(미만)}{0.5km}{눈}1110-{시정(이상)}{0.5km}{눈}1125-{시정(이상)}{1km}{눈}1140-1146. ]{용오름}[(SW 41)/제주시 한림읍 차귀도 일대/KCTV0803-0804.,,2023,12,51,356,0,0,0,1
184,제주,2023-12-23,3.6,2.4,10,4.8,1540,,,,,,,10.6,50,5,6.5,20,410,3.0,2602.0,20.0,-1.9,61,56,67.1,5.3,1033.2,1037.4,1025,1033.4,2353,1035.8,9.9,0.1,1500.0,0.56,2.75,,,7.7,1.0,,9.0,8.0,3.0,0.3,6.7,5.7,6.3,7.5,8.8,10.9,12.4,17.9,19.4,0.8,1.2,1.3,,,2023,12,51,357,0,0,0,0
184,제주,2023-12-24,5.4,3.3,214,7.1,1037,,,,,5.58,9.2,12.3,320,1300,6.4,20,756,4.1,3516.0,20.0,0.2,55,2050,69.4,6.2,1028.1,1033.4,1,1029.1,2353,1030.7,9.9,0.0,1100.0,0.33,0.49,,,1.3,1.0,,9.6,7.5,3.8,0.0,6.7,5.7,6.1,6.9,8.3,10.7,12.4,17.9,19.5,1.4,1.9,7.9,{비}0706-0740. {비}0833-{우박}(d 0.5)0842-{싸락우박}0850-{비}0855-{비}{강도0}0900-0925. {비}1118-{비}{강도0}1200-1338. {비}1416-{비}{강도0}1500-1605.,,2023,12,51,358,0,0,0,1
184,제주,2023-12-25,6.5,5.3,2256,7.5,1426,,,,,1.33,0.0,14.2,320,816,7.3,320,820,4.6,3967.0,340.0,-1.9,43,1120,55.1,5.3,1027.6,1031.5,1048,1028.4,447,1030.2,9.9,0.1,1400.0,0.67,2.69,,,,,,8.6,8.3,4.9,1.9,7.4,6.3,6.6,7.0,8.1,10.7,12.0,16.4,19.0,1.4,2.0,,{비}0016-0120. {비}0306-0322.,,2023,12,52,359,0,0,0,0
184,제주,2023-12-26,8.3,5.2,21,10.8,1206,,,,,,,6.3,270,1017,4.1,250,1001,2.4,2046.0,180.0,1.4,49,1040,62.1,6.8,1027.4,1031.5,950,1028.9,1428,1030.0,9.9,0.6,1000.0,0.75,3.53,,,,,,8.1,6.8,6.2,1.6,8.2,7.1,7.2,7.3,8.3,10.7,11.8,17.8,19.4,1.1,1.6,,{달코로나}2048-2130.,,2023,12,52,360,0,0,0,0
184,제주,2023-12-27,9.6,7.1,825,13.5,1417,,,,,,,5.2,70,1322,3.4,50,1324,1.9,1609.0,180.0,3.4,52,1200,66.3,7.8,1027.2,1031.4,1021,1028.7,1552,1029.8,10.0,6.2,1100.0,1.68,9.6,,,,,,5.9,3.5,8.4,3.0,9.7,8.5,8.4,8.0,8.6,10.5,11.8,17.8,19.4,1.7,2.4,,,,2023,12,52,361,0,0,0,0
184,제주,2023-12-28,9.7,7.0,403,13.9,1114,,,,,,,8.7,50,2101,5.5,20,2101,2.9,2542.0,20.0,3.0,50,1121,63.9,7.6,1025.4,1029.5,2300,1026.6,1432,1028.0,10.0,3.3,1100.0,1.37,8.07,,,,,,6.0,6.0,8.6,2.3,10.5,9.3,9.3,8.7,9.3,10.7,11.9,17.9,19.4,1.9,2.8,,,,2023,12,52,362,0,0,0,0
184,제주,2023-12-29,8.5,7.2,807,10.9,1344,,,,,,,7.4,20,325,4.5,20,330,2.6,2289.0,20.0,1.8,51,1225,63.4,7.0,1024.2,1029.4,3,1024.3,2352,1026.8,10.0,3.0,1200.0,1.89,8.92,,,,,,6.8,5.9,8.5,1.7,11.0,9.9,9.9,9.3,9.9,11.4,12.5,17.8,19.4,1.4,2.0,,{연무}1149-{연무}{강도0}1200-{연무}{강도0}1500-{연무}{강도0}1800-{연무}{강도0}2100-{연무}{강도0}2400-,,2023,12,52,363,0,0,0,0
184,제주,2023-12-30,11.2,5.5,532,16.5,1422,,,,,1.37,0.0,9.2,250,2244,5.2,250,2244,2.1,1800.0,160.0,5.3,45,1405,68.4,9.0,1014.8,1024.3,1,1012.9,2348,1017.3,10.0,5.6,1200.0,1.93,9.85,,,,,,6.4,3.4,9.0,0.8,10.8,9.7,9.7,9.3,10.1,11.5,12.3,17.8,19.4,2.3,3.3,0.1,{박무}0215-{박무}{강도0}0300-{박무}{강도0}0600-0640. -{연무}-0220. {달코로나}0350-0422. {달코로나}0526-0630. {비}1849-1946. {비}2025-2050.,,2023,12,52,364,0,0,1,0
184,제주,2023-12-31,10.1,8.4,2352,14.4,1,,,,,0.32,0.1,17.6,340,755,10.6,320,748,6.8,5872.0,340.0,2.4,47,904,59.5,7.4,1017.5,1025.8,2349,1013.1,26,1020.0,10.0,0.2,900.0,0.57,3.01,,,,,,9.1,8.5,8.4,7.6,11.8,10.6,10.7,10.0,10.8,11.7,12.1,15.0,18.1,1.9,2.7,,{비}0002-0017. {연무}0148-{연무}{강도0}0300-{연무}{강도1}0600-{연무}{강도0}0900-0927. {비}0436-0440.,,2023,12,52,365,0,0,1,0
184,제주,2024-01-01,8.5,6.4,838,11.3,1128,,,,,3.13,0.4,9.4,20,103,6.2,50,251,2.2,1891.0,50.0,2.9,53,502,68.5,7.6,1024.0,1028.7,1023,1025.4,2358,1026.6,10.0,1.2,1100.0,1.41,4.92,,,,,,8.3,6.9,7.5,1.8,10.9,9.8,10.0,9.8,10.6,11.6,11.8,17.1,19.2,1.0,1.5,0.4,{해코로나}0943-1120. {비}1439-{비}{강도0}1500-1521. {비}1608-{비}{강도0}1800-1834.,,2024,1,1,1,0,0,0,0
184,제주,2024-01-02,9.9,6.9,816,13.9,1240,,,,,,,6.5,50,1941,4.2,320,1330,2.1,1838.0,180.0,4.2,49,1232,68.4,8.2,1019.5,1025.4,1,1019.8,2322,1022.0,10.0,4.0,1100.0,1.74,6.87,,,,,,7.5,6.6,8.8,3.1,11.4,10.3,10.3,9.8,10.5,11.5,12.0,17.3,19.3,1.6,2.2,3.9,,,2024,1,1,2,0,0,0,0
184,제주,2024-01-03,8.4,7.2,841,9.9,202,,,,,5.03,3.9,15.7,320,1911,8.5,320,1915,5.2,4488.0,320.0,0.5,37,2054,58.8,6.5,1018.0,1023.4,2211,1018.0,452,1020.6,10.0,0.1,1400.0,0.6,2.75,,,,,,7.5,6.4,7.3,4.7,11.2,10.1,10.4,10.1,10.8,11.6,12.2,16.1,18.9,2.0,2.8,0.0,{비}0510-{비}{강도0}0600-{비}{강도0}0900-1012.,,2024,1,1,3,0,0,0,1
184,제주,2024-01-04,8.2,5.6,813,11.7,1452,,,,,,,10.1,320,29,5.6,320,2,3.2,2752.0,200.0,-0.5,41,1210,54.8,5.9,1020.7,1025.2,1009,1022.5,1424,1023.3,10.0,7.4,1200.0,2.07,11.38,,,,,,2.4,2.4,7.3,-0.5,10.5,9.4,9.6,9.6,10.4,11.6,11.8,16.9,19.1,2.3,3.3,,,,2024,1,1,4,0,0,0,0
184,제주,2024-01-05,10.5,4.1,422,15.5,1418,,,,,,,10.1,250,1242,5.8,270,1317,3.3,2809.0,230.0,2.2,40,1421,57.0,7.3,1019.0,1023.4,958,1019.7,1537,1021.6,10.0,2.4,1300.0,1.65,7.15,,,,,,5.5,5.1,7.6,-2.8,10.3,9.2,9.4,9.4,10.1,11.3,11.9,17.0,19.2,2.1,2.9,,,,2024,1,1,5,0,0,1,0
184,제주,2024-01-06,9.4,7.5,2138,11.9,1355,,,,,,,10.1,320,2259,5.1,20,344,3.5,2995.0,340.0,0.4,37,1349,54.6,6.4,1019.9,1024.4,2240,1020.4,326,1022.5,10.0,7.8,1200.0,2.07,11.47,,,,,,4.0,3.4,9.6,4.6,11.6,10.4,10.4,9.8,10.2,11.1,12.0,16.6,19.1,2.9,4.2,0.0,{연무}0225-{연무}{강도0}0300-{연무}{강도0}0600-{연무}{강도0}0900-0910.,,2024,1,1,6,0,0,0,0
184,제주,2024-01-07,6.1,4.5,2330,8.1,56,,,,,0.5,0.0,16.4,340,1549,8.0,340,748,5.9,5128.0,340.0,-2.7,38,933,53.6,5.0,1023.7,1028.4,2249,1023.7,347,1026.3,10.0,0.2,1100.0,0.72,3.49,,,,,,8.4,8.4,6.0,4.0,10.2,9.2,9.6,9.7,10.3,11.3,11.7,15.0,18.4,1.7,2.4,0.0,{비}0516-0535. {비}1748-1759.,,2024,1,1,7,0,0,0,0
184,제주,2024-01-08,4.6,2.8,547,7.4,1233,,,,,,,9.8,50,15,6.0,20,24,2.8,2417.0,20.0,-2.5,48,1141,59.9,5.1,1023.7,1028.5,828,1024.1,2254,1026.3,10.1,2.8,1200.0,2.21,8.53,,,,,,6.4,5.5,6.4,-0.7,9.5,8.4,8.8,9.0,9.7,11.1,11.7,16.8,19.1,1.4,2.0,,,,2024,1,2,8,0,0,0,0
184,제주,2024-01-09,8.8,3.2,223,11.7,1547,,,,,2.75,5.4,8.6,270,2010,5.2,320,2351,2.4,2061.0,160.0,2.9,52,1127,67.4,7.7,1016.7,1024.1,1,1016.3,1817,1019.3,10.1,0.0,1000.0,0.53,1.78,,,,,,8.4,6.0,6.9,-1.8,9.2,8.1,8.4,8.7,9.4,10.9,11.9,17.0,19.1,1.1,1.6,5.5,{비}1323-1340. {비}1740-{비}{강도0}1800-1835. {비}1951-{비}{강도1}2100-2124.,,2024,1,2,9,0,0,0,1
184,제주,2024-01-10,6.9,5.1,2330,10.6,1,,,,,3.58,0.1,14.1,20,1003,8.3,20,953,5.3,4545.0,20.0,0.6,49,1344,64.3,6.4,1017.2,1022.4,2139,1016.0,205,1019.8,10.1,2.2,1300.0,1.27,5.56,,,,,,7.5,6.8,7.3,2.6,10.1,9.0,9.1,8.9,9.5,11.0,12.2,16.7,19.0,1.7,2.4,0.0,{비}0235-0250. {비}0410-{비}{강도0}0600-0630. {비}0845-{비}{강도0}0900-0945.,,2024,1,2,10,0,0,0,0
184,제주,2024-01-11,7.4,4.9,218,10.3,1533,,,,,,,8.2,270,1822,5.2,270,1706,3.7,3194.0,320.0,-0.6,47,1410,56.8,5.9,1017.5,1022.1,1023,1018.5,1732,1020.1,10.1,2.7,1400.0,1.31,7.23,,,,,,6.0,6.0,6.5,1.7,9.5,8.4,8.7,8.8,9.5,11.1,11.8,16.1,19.0,2.0,2.8,,,,2024,1,2,11,0,0,0,0
184,제주,2024-01-12,10.3,7.6,2356,12.6,1339,,,,,,,8.9,340,638,5.3,290,617,3.6,3117.0,320.0,2.6,42,2205,59.3,7.5,1016.8,1021.7,2237,1017.9,509,1019.3,10.1,0.3,1300.0,1.07,4.28,,,,,,6.4,6.4,8.3,1.2,10.3,9.2,9.2,8.9,9.5,10.9,11.6,15.6,18.8,1.5,2.2,,{연무}0659-{연무}{강도0}0900-{연무}{강도0}1200-{연무}{강도0}1500-{연무}{강도0}1800-2009.,,2024,1,2,12,0,0,1,0
184,제주,2024-01-13,6.6,3.8,723,11.0,1558,,,,,,,5.6,50,1033,3.6,20,1037,1.9,1662.0,180.0,-2.6,34,1036,52.6,5.1,1022.4,1026.9,1036,1021.6,1,1025.0,10.1,8.9,1200.0,2.15,12.82,,,,,,0.0,0.0,5.7,-2.0,9.9,8.7,8.9,8.9,9.4,10.7,11.6,16.6,19.0,2.3,3.3,,,,2024,1,2,13,0,0,0,0
184,제주,2024-01-14,10.4,4.2,123,18.4,1327,,,,,1.42,0.3,12.7,270,1452,7.6,270,1449,3.8,3273.0,160.0,1.9,23,1329,56.9,7.4,1019.6,1025.3,1,1019.3,1611,1022.1,10.2,8.5,1200.0,2.2,13.26,,,,,,3.4,3.0,7.7,-2.1,9.9,8.7,8.8,8.6,9.1,10.7,11.7,16.8,19.0,3.2,4.6,0.3,{비}1915-1943. {박무}1948-{박무}{강도0}2100-2125. {비}2017-2030. {비}2140-2224. {박무}2308-{박무}{강도0}2400-,,2024,1,2,14,0,0,1,0
184,제주,2024-01-15,6.1,4.5,829,8.7,1,,,,,,,9.9,340,357,6.1,320,44,4.1,3555.0,340.0,-2.8,42,1210,53.4,5.0,1025.1,1030.4,2205,1022.8,2,1027.7,10.2,6.3,1200.0,2.09,11.18,,,,,,3.0,3.0,6.6,-0.6,10.7,9.5,9.7,9.2,9.6,10.6,11.7,15.6,18.7,2.1,3.0,,-{박무}-0035.,,2024,1,3,15,0,0,0,0
184,제주,2024-01-16,7.5,2.2,749,12.0,1536,,,,,,,8.9,70,1536,5.9,50,1524,2.6,2226.0,50.0,-1.2,40,1159,55.0,5.7,1028.0,1032.1,1001,1029.5,1457,1030.6,10.2,7.3,1200.0,2.18,12.62,,,,,,3.1,2.1,6.2,-2.6,9.5,8.4,8.6,8.8,9.3,10.7,11.6,16.4,18.9,2.4,3.4,,{달코로나}2058-2200.,,2024,1,3,16,0,0,0,0
184,제주,2024-01-17,14.0,8.1,218,18.7,1450,,,,,,,10.5,230,1951,6.2,250,1957,2.9,2463.0,180.0,3.0,39,1447,48.1,7.7,1021.9,1030.5,3,1020.9,2358,1024.4,10.2,3.0,1100.0,1.73,8.41,,,,,,7.4,6.1,10.9,3.3,11.1,9.9,9.7,9.1,9.4,10.7,11.8,16.7,18.9,2.6,3.8,0.0,{달코로나}1900-2305.,,2024,1,3,17,0,0,1,0
184,제주,2024-01-18,13.2,10.5,2046,17.2,119,,,,,6.68,3.6,10.0,200,118,5.6,250,221,3.0,2595.0,270.0,9.5,57,18,79.1,11.9,1018.7,1022.6,2236,1019.8,510,1021.2,10.2,0.1,1200.0,0.66,1.76,,,,,,9.9,7.0,12.1,10.2,12.9,11.6,11.3,10.1,10.3,10.8,11.7,15.2,18.6,0.7,1.0,15.4,{비}0745-0755. {박무}0840-{박무}{강도0}0900-1055. {비}0930-0949. {비}1555-1612. {비}1640-{비}{강도0}1800-1913. {비}2038-{비}{강도0}2100-{비}{강도0}2400- {박무}2215-{박무}{강도0}2400-,,2024,1,3,18,0,0,1,1
184,제주,2024-01-19,10.9,10.4,1629,11.8,349,,,,,24.0,19.1,10.8,90,1459,4.9,90,1526,3.3,2892.0,90.0,9.0,84,1309,88.3,11.4,1020.5,1024.7,1004,1021.9,110,1023.0,10.3,0.0,1100.0,0.28,0.6,,,,,,10.0,6.8,10.9,10.1,12.6,11.4,11.4,10.6,10.9,11.1,11.8,16.3,18.9,0.6,0.9,16.6,-{비}-{비}{강도0}0300-{비}{강도0}0600-{비}{강도0}0900-{비}{강도0}1200-{비}{강도0}1500-{비}{강도0}1800-{비}{강도0}2100-{비}{강도0}2400- -{박무}-{박무}{강도0}0300-{박무}{강도1}0600-{박무}{강도0}0900-{박무}{강도0}1200-{박무}{강도0}1500-{박무}{강도0}1800-{박무}{강도0}2100-{박무}{강도1}2400-,,2024,1,3,19,0,0,1,1
184,제주,2024-01-20,11.1,9.0,2356,11.9,1516,,,,,24.0,41.1,13.6,70,2208,6.9,70,2133,4.0,3490.0,90.0,9.2,85,315,88.1,11.6,1016.2,1022.8,1,1015.9,1614,1018.7,10.3,0.0,1300.0,0.08,0.24,,,,,,10.0,8.1,11.1,9.1,12.5,11.4,11.4,10.7,11.1,11.4,12.0,16.3,18.9,0.5,0.8,38.5,-{박무}-0216. -{비}-{비}{강도0}0300-{비}{강도0}0600-{비}{강도0}0900-{비}{강도1}1200-{비}{강도0}1500-{비}{강도0}1800-{비}{강도0}2100-{비}{강도0}2400- {박무}0318-{박무}{강도0}0600-0745. {박무}0910-{박무}{강도0}1200-{박무}{강도0}1500-{박무}{강도1}1800-{박무}{강도1}2100-{박무}{강도0}2400-,,2024,1,3,20,0,0,1,1
184,제주,2024-01-21,8.2,5.9,2350,10.1,1153,,,,,17.78,8.3,12.9,20,2100,7.1,20,2108,4.2,3645.0,20.0,5.3,72,2117,82.4,8.9,1021.4,1027.5,2309,1019.1,1,1024.0,10.3,0.0,1100.0,0.25,0.65,,,,,,10.0,6.9,8.8,5.5,11.9,10.9,11.1,10.7,11.2,11.7,12.6,16.4,18.8,1.1,1.6,1.6,-{비}-{비}{강도0}0300-{비}{강도0}0600-0605. -{박무}-{박무}{강도0}0300-0535. {비}0647-{안개비}0710-{비}0820-{비}{강도0}0900-0948. {박무}0655-0815. {비}1345-{비}{강도0}1500-{안개비}1520-{비}1706-{비}{강도0}1800-2016. {비}2150-{비}{강도0}2400- {박무}2210-2342.,,2024,1,3,21,0,0,0,1
184,제주,2024-01-22,2.0,-0.1,2213,6.1,19,,,,,14.78,0.7,18.9,340,1928,10.7,340,1651,7.7,6659.0,340.0,-3.3,53,1144,67.8,4.8,1026.3,1030.1,956,1027.5,1,1028.9,10.3,0.0,1100.0,0.19,0.92,0.8,2340.0,0.8,2340.0,0.8,9.5,8.0,2.6,0.0,9.2,8.3,9.1,9.8,10.8,11.9,12.2,14.5,17.8,1.2,1.7,3.0,-{비}-0020. {눈}0840-{눈}{강도0}0900-1052. {눈}1145-{눈}{강도0}1200-{소낙눈}1240-{소낙눈}{강도0}1500-{소낙눈}{강도0}1800-{소낙눈}{강도0}2100-{소낙눈}{강도0}2400-,,2024,1,4,22,0,0,0,0
184,제주,2024-01-23,0.6,-1.0,912,2.0,1253,,,,,21.33,5.7,20.7,320,1212,11.3,340,1613,8.6,7398.0,340.0,-4.1,52,1022,71.1,4.5,1024.7,1029.1,909,1025.3,1604,1027.3,10.3,0.5,1200.0,0.93,3.22,2.6,2400.0,3.3,2400.0,4.5,8.3,8.3,1.1,0.2,7.0,6.2,7.0,8.3,9.6,11.1,11.1,13.9,17.5,1.2,1.8,5.0,-{소낙눈}-{소낙눈}{강도0}0300-{싸락눈}0415-0510. {소낙눈}0525-{소낙눈}{강도0}0600-{소낙눈}{강도0}0900-0950. {소낙눈}1045-{소낙눈}{강도0}1200-{소낙눈}{강도0}1500-{소낙눈}{강도0}1800-1905. {소낙눈}2035-{소낙눈}{강도0}2100-{시정(미만)}{1km}{소낙눈}2317-{소낙눈}{강도1}2400-,,2024,1,4,23,0,0,0,1
184,제주,2024-01-24,2.9,-0.1,1,4.2,1251,,,,,12.32,2.0,20.2,340,448,10.6,340,459,7.6,6558.0,340.0,-2.6,57,2309,67.0,5.1,1024.6,1029.1,2301,1025.7,130,1027.2,10.4,0.1,1000.0,0.38,1.62,0.4,55.0,3.7,55.0,0.5,8.8,8.8,1.7,1.0,6.4,5.5,6.2,7.4,8.5,9.8,9.8,12.8,17.0,1.4,2.0,0.4,-{소낙눈}-{시정(이상)}{1km}{소낙눈}0015-0040. {소낙눈}0108-0222. {소낙눈}0345-{소낙눈}{강도0}0600-{소낙눈}{강도0}0900-{소낙눈}{강도0}1200-1245. {소낙눈}1315-{소낙성진눈깨비}1355-1420. {소낙성진눈깨비}1515-1535.,,2024,1,4,24,0,0,0,1
184,제주,2024-01-25,4.0,2.9,54,4.8,1408,,,,,,,12.1,340,202,7.0,340,204,4.9,4196.0,340.0,-2.8,57,212,61.0,5.0,1026.8,1030.5,2305,1028.2,104,1029.4,10.4,0.0,1400.0,0.35,1.19,,,,,,9.3,9.1,3.1,2.0,6.4,5.5,6.0,6.8,7.6,9.0,9.1,13.7,17.8,1.2,1.8,,,,2024,1,4,25,0,0,0,0
184,제주,2024-01-26,5.8,4.2,8,6.7,1409,,,,,,,10.3,20,612,6.0,20,539,4.0,3434.0,340.0,-1.9,51,1443,57.6,5.3,1026.7,1030.6,47,1028.5,1450,1029.3,10.4,0.0,1200.0,0.6,1.69,,,,,,9.1,9.0,4.3,3.4,7.1,6.1,6.4,6.8,7.3,8.6,9.2,14.6,18.2,1.4,2.0,,,,2024,1,4,26,0,0,0,0
184,제주,2024-01-27,7.1,5.6,225,9.6,1406,,,,,,,8.7,20,35,5.3,320,1802,3.5,3063.0,320.0,-1.6,45,1117,53.9,5.4,1024.8,1029.6,1058,1025.8,1528,1027.4,10.4,2.5,1300.0,1.42,6.37,,,,,,8.0,7.5,6.0,2.5,8.0,6.9,7.0,7.0,7.4,8.5,9.2,14.8,18.3,2.0,2.8,0.0,{달코로나}2340-,,2024,1,4,27,0,0,0,0
184,제주,2024-01-28,6.1,4.2,2357,7.9,1407,,,,,0.42,0.0,11.6,340,612,7.2,320,625,4.3,3744.0,320.0,-2.2,42,1316,55.0,5.2,1026.6,1031.4,2209,1026.1,414,1029.2,10.5,1.1,1300.0,1.04,5.27,,,,,,7.6,7.4,5.7,0.2,8.5,7.4,7.6,7.4,7.6,8.5,9.0,13.6,17.7,1.5,2.2,,-{달코로나}-0020. {비}0447-0512.,,2024,1,4,28,0,0,0,0
184,제주,2024-01-29,5.7,3.2,204,9.9,1410,,,,,,,6.3,320,1441,4.1,340,1502,2.4,2098.0,200.0,-1.0,52,1348,62.1,5.7,1028.1,1031.8,1106,1029.5,1546,1030.7,10.5,5.4,1300.0,2.05,9.33,,,,,,5.5,4.4,6.0,-0.6,8.2,7.2,7.3,7.2,7.5,8.4,9.0,15.2,18.4,1.5,2.2,,{달코로나}2315-,,2024,1,5,29,0,0,0,0
184,제주,2024-01-30,7.7,3.0,224,10.6,2354,,,,,6.82,0.5,10.5,110,2152,5.3,90,2145,2.8,2450.0,90.0,3.5,56,1307,74.8,8.0,1024.3,1030.6,5,1022.8,2349,1026.9,10.5,0.0,1300.0,0.41,2.16,,,,,,9.3,5.5,6.2,-0.8,8.2,7.2,7.3,7.2,7.5,8.4,9.3,15.4,18.4,0.8,1.1,0.8,-{달코로나}-0010. {달코로나}0355-0520. {비}1155-{비}{강도0}1200-{비}{강도0}1500-1708. {비}2036-{비}{강도0}2100-2212.,,2024,1,5,30,0,0,0,0
184,제주,2024-01-31,12.2,9.5,213,15.8,1313,,,,,7.37,2.3,10.5,250,217,5.6,70,1407,2.6,2237.0,90.0,9.5,70,1309,84.3,11.9,1019.4,1023.6,959,1020.0,1519,1021.9,10.5,2.8,1300.0,2.21,8.14,,,,,,8.4,7.3,12.2,5.5,10.7,9.5,9.0,7.8,7.9,8.5,9.6,15.4,18.4,1.3,1.9,13.6,{비}0115-0132. {박무}1018-1144. {비}1655-{비}{강도0}1800-{비}{강도0}2100-{비}{강도0}2400- {박무}2116-{박무}{강도0}2400-,,2024,1,5,31,0,0,1,1
184,제주,2024-02-01,9.7,8.4,1145,11.9,1,,,,,21.02,21.0,10.0,70,2006,6.8,70,2008,4.0,3421.0,70.0,8.0,83,933,89.4,10.7,1019.7,1024.4,2225,1020.1,321,1022.3,10.6,0.0,1100.0,0.02,0.03,,,,,,10.0,8.0,10.1,8.7,11.7,10.5,10.4,9.2,9.2,9.1,10.4,15.6,18.4,0.5,0.7,17.6,-{비}-{비}{강도1}0300-{비}{강도0}0600-0730. -{박무}-{박무}{강도0}0300-{박무}{강도0}0600-0628. {비}0922-{안개비}1115-{안개비}{강도0}1200-{비}1210-{비}{강도0}1500-{비}{강도0}1800-{비}{강도0}2100-{안개비}2145-2215. {박무}0936-{박무}{강도1}1200-{박무}{강도0}1500-{박무}{강도1}1800-{박무}{강도0}2100-{박무}{강도1}2400- {안개비}2322-{안개비}{강도0}2400-,,2024,2,5,32,1,0,0,1
184,제주,2024-02-02,8.8,8.3,901,9.3,257,,,,,15.92,9.3,10.9,50,435,7.0,50,357,3.3,2860.0,70.0,6.9,82,1636,88.5,10.0,1023.1,1027.4,2052,1023.2,352,1025.7,10.6,0.0,1100.0,0.08,0.27,,,,,,9.8,7.9,9.2,8.1,10.9,9.9,9.9,9.2,9.6,9.9,11.2,15.6,18.4,0.5,0.7,2.9,-{비}-{비}0110-{비}{강도0}0300-0505. -{박무}-{박무}{강도1}0300-{박무}{강도0}0600-{박무}{강도1}0900-0933. {비}0542-{비}{강도0}0600-{안개비}0845-{안개비}{강도0}0900-{비}0931-{비}{강도0}1200-{안개비}1215-1447. {박무}1019-{박무}{강도0}1200-1429. {안개비}1613-1758.,,2024,2,5,33,1,0,0,1
184,제주,2024-02-03,9.7,9.1,2106,10.3,950,,,,,18.58,13.0,10.2,140,1414,4.7,110,1433,2.7,2368.0,110.0,7.3,75,952,85.8,10.2,1021.4,1026.9,12,1021.5,1632,1024.0,10.6,0.0,1400.0,0.18,0.73,,,,,,10.0,8.0,9.5,8.4,10.9,9.8,9.8,9.1,9.7,10.2,10.7,15.4,18.3,0.6,0.8,12.1,{비}0105-0133. {비}0317-{비}{강도0}0600-0720. {비}0956-{비}{강도0}1200-{비}{강도0}1500-{비}{강도0}1800-{비}{강도0}2100-{비}{강도0}2400- {박무}1721-{박무}{강도0}1800-{박무}{강도0}2100-2140. {박무}2226-2335.,,2024,2,5,34,1,0,0,1
184,제주,2024-02-04,10.9,9.3,1,12.3,1327,,,,,12.6,20.1,9.5,90,604,5.5,90,543,3.3,2844.0,90.0,8.1,76,1201,83.3,10.8,1018.8,1024.5,910,1017.4,2359,1021.3,10.6,0.0,1000.0,0.61,2.14,,,,,,9.8,8.0,10.4,8.7,11.4,10.3,10.2,9.4,9.9,10.3,10.8,15.4,18.3,0.9,1.2,31.4,-{비}-0205. {비}0333-0440. {비}0842-{비}{강도0}0900-0920. {비}1514-{비}{강도0}1800-{비}{강도1}2100-{비}{강도1}2400- {박무}1929-{박무}{강도0}2100-{박무}{강도0}2400-,,2024,2,5,35,1,0,1,1
184,제주,2024-02-05,9.9,8.1,2359,13.2,1034,,,,,14.93,17.6,14.8,50,1233,10.0,50,1237,4.6,3941.0,320.0,6.4,66,2158,79.8,9.7,1014.8,1024.4,2339,1011.8,932,1017.3,10.7,0.4,900.0,0.69,2.04,,,,,,9.5,8.3,9.9,6.5,11.9,10.7,10.7,9.9,10.3,10.4,10.8,13.7,17.8,1.0,1.5,8.0,-{박무}-0038. -{비}-0230. {비}0418-{비}{강도0}0600-0805. {박무}0427-0530. {박무}0605-0655. {무지개}0950-1015. {비}1102-{비}{강도0}1200-{비}{강도0}1500-1645. {비}2025-{비}{강도0}2100-2235. {비}2314-{비}{강도0}2400-,,2024,2,6,36,1,0,0,1
184,제주,2024-02-06,7.3,6.8,526,8.1,1,,,,,9.08,2.3,9.4,20,2302,5.7,20,2329,3.4,2927.0,320.0,1.6,56,1706,67.6,6.9,1022.1,1026.4,957,1023.7,306,1024.7,10.7,0.0,1300.0,0.16,0.85,,,,,,9.8,8.4,7.2,5.9,10.5,9.5,9.8,9.6,10.2,10.6,10.9,14.6,18.1,1.3,1.8,0.0,-{비}-{비}{강도0}0300-{비}{강도0}0600-{비}{강도0}0900-0905.,,2024,2,6,37,1,0,0,1
184,제주,2024-02-07,5.7,4.4,2222,7.4,1230,,,,,,,8.9,320,1418,5.3,340,1423,3.8,3320.0,340.0,-1.9,52,1233,57.8,5.3,1020.9,1025.4,910,1021.8,1437,1023.5,10.7,0.8,1100.0,1.05,5.32,,,,,,8.0,8.0,6.0,1.9,9.6,8.6,8.9,9.0,9.7,10.5,10.9,14.4,18.0,1.6,2.3,,,,2024,2,6,38,1,0,0,0
184,제주,2024-02-08,5.4,4.3,134,6.9,1600,,,,,,,9.6,20,945,5.3,20,951,3.4,2963.0,320.0,-2.2,51,1335,58.0,5.2,1019.3,1022.9,1,1020.4,1505,1021.9,10.8,0.5,1300.0,1.02,4.76,,,,,,8.4,7.6,5.8,2.2,8.9,8.0,8.4,8.5,9.3,10.3,10.8,14.6,18.0,1.5,2.2,,,,2024,2,6,39,1,0,0,0
184,제주,2024-02-09,6.4,5.6,1,8.0,1411,,,,,,,10.2,360,1327,6.1,320,1336,4.3,3685.0,320.0,-2.3,47,1445,53.6,5.2,1020.7,1024.7,2119,1021.8,108,1023.3,10.8,0.4,1400.0,0.86,3.76,,,,,,8.0,8.0,6.6,3.8,8.9,7.9,8.2,8.3,9.0,10.1,10.7,14.4,18.0,1.7,2.5,0.0,,,2024,2,6,40,1,0,0,0
184,제주,2024-02-10,7.9,6.4,438,10.3,1424,,,,,2.35,0.3,11.7,340,1930,6.5,340,1936,3.5,3057.0,320.0,0.2,46,2307,58.8,6.3,1022.3,1026.0,2159,1023.5,1520,1024.9,10.8,0.9,1400.0,1.14,4.75,,,,,,6.1,5.3,7.1,2.3,9.0,7.9,8.1,8.1,8.8,9.9,10.4,14.3,17.9,1.7,2.5,0.3,{연무}0658-{연무}{강도0}0900-0921. {비}0848-{비}{강도0}0900-0933. {박무}0911-1055. {비}1012-1036. {연무}1045-{연무}{강도0}1200-{연무}{강도0}1500-1654. {비}1130-{비}{강도0}1200-1212. {비}1623-1653. {박무}1642-1727. {연무}1715-{연무}{강도0}1800-{연무}{강도0}2100-{연무}{강도0}2400-,,2024,2,6,41,1,0,0,0
184,제주,2024-02-11,8.7,6.1,744,11.8,1446,,,,,,,15.3,290,1501,8.7,290,1520,5.0,4279.0,320.0,-1.6,30,1523,48.8,5.5,1024.0,1029.4,2350,1024.6,1429,1026.6,10.9,5.7,1100.0,1.62,10.05,,,,,,2.1,1.3,6.9,0.4,9.2,8.1,8.3,8.2,8.7,9.7,10.3,14.5,18.0,2.8,4.0,,-{연무}-{연무}{강도0}0300-{연무}{강도0}0600-{연무}{강도0}0900-{연무}{강도0}1200-1450.,,2024,2,6,42,1,0,0,0
184,제주,2024-02-12,8.9,4.3,736,14.6,1419,,,,,,,7.7,320,16,4.6,320,31,2.3,2021.0,180.0,-0.3,29,1246,53.8,6.0,1027.3,1031.3,854,1029.0,2352,1029.9,10.9,9.8,1200.0,2.5,15.19,,,,,,0.0,0.0,8.2,-1.4,9.7,8.6,8.6,8.2,8.5,9.5,10.1,14.4,17.9,2.8,4.0,,,,2024,2,7,43,1,0,0,0
184,제주,2024-02-13,12.8,6.2,701,19.7,1612,,,,,,,12.6,200,1539,7.3,230,1541,2.7,2364.0,180.0,3.2,27,1412,53.1,7.7,1024.1,1029.1,1,1024.5,2356,1026.7,10.9,10.1,1200.0,2.47,15.63,,,,,,2.4,0.0,10.0,0.8,10.8,9.6,9.5,8.7,8.8,9.5,10.3,14.7,18.0,3.4,4.8,0.3,,,2024,2,7,44,1,0,1,0
184,제주,2024-02-14,15.7,12.9,2355,18.2,1522,,,,,3.77,0.3,7.7,200,504,4.0,230,647,1.8,1551.0,50.0,10.3,50,4,71.1,12.6,1019.0,1024.5,4,1019.1,1649,1021.5,11.0,0.0,1400.0,0.74,3.28,,,,,,6.8,4.1,13.0,7.5,12.8,11.5,11.2,9.8,9.6,9.6,10.4,14.5,17.9,1.0,1.4,0.0,{비}0520-{비}{강도0}0600-0605. {비}0620-0638. {비}0652-0850. {비}0903-0917. {비}1323-1354.,,2024,2,7,45,1,0,1,0
184,제주,2024-02-15,9.4,5.2,2346,15.9,939,,,,,1.5,0.0,14.8,320,1151,8.2,340,1159,4.0,3421.0,340.0,4.6,45,2214,72.9,9.0,1018.0,1025.9,2246,1017.1,923,1020.5,11.0,0.8,900.0,0.84,1.33,,,,,,6.0,4.0,8.8,2.6,12.2,11.0,11.1,10.3,10.3,9.9,10.4,14.5,17.9,1.3,1.9,0.0,{박무}1146-{박무}{강도0}1200-1329. {비}1207-1337.,,2024,2,7,46,1,0,0,0
184,제주,2024-02-16,6.7,3.4,802,9.8,1708,,,,,,,9.3,20,5,4.7,20,7,2.7,2306.0,50.0,0.3,53,21,63.8,6.3,1021.5,1025.8,942,1022.4,1643,1024.1,11.0,4.4,1000.0,1.86,9.08,,,,,,4.8,4.5,6.2,-1.2,10.2,9.2,9.5,9.4,9.8,10.1,10.5,14.7,17.9,1.5,2.2,,,,2024,2,7,47,1,0,0,0
184,제주,2024-02-17,9.7,4.1,639,16.8,1539,,,,,,,7.3,20,1413,5.0,50,1418,2.6,2216.0,160.0,2.5,41,1549,61.4,7.4,1018.6,1023.0,846,1019.4,1545,1021.2,11.0,10.4,1200.0,2.61,17.02,,,,,,0.1,0.0,9.1,-0.9,10.5,9.4,9.4,9.0,9.3,10.1,10.7,14.8,17.9,2.8,4.0,,,,2024,2,7,48,1,0,0,0
184,제주,2024-02-18,15.3,8.2,46,20.6,2213,,,,,6.77,2.8,19.4,200,2352,9.7,200,2141,2.9,2507.0,180.0,8.9,51,523,66.4,12.1,1013.9,1020.6,6,1010.9,2321,1016.3,11.1,0.3,1000.0,0.62,3.06,,,,,,8.4,6.8,11.8,3.6,11.9,10.7,10.6,9.6,9.7,10.1,10.8,14.8,17.9,1.9,2.8,3.9,{비}0924-0939. {비}1523-{비}{강도0}1800-2005. {비}2141-2150. {비}2220-{비}{강도0}2400-,,2024,2,7,49,1,0,1,1
184,제주,2024-02-19,15.1,10.4,2026,20.7,254,,,,,8.1,1.4,22.3,230,422,12.1,230,429,5.8,5016.0,250.0,12.1,71,104,83.0,14.4,1011.5,1019.5,2400,1009.0,423,1014.0,11.1,0.8,900.0,0.63,3.29,,,,,,8.6,8.0,14.9,10.5,14.9,13.6,13.0,11.1,10.9,10.2,10.6,12.6,16.4,1.0,1.4,0.5,-{비}-0015. {비}0435-{비}{강도0}0600-0710. {박무}1344-{박무}{강도0}1500-{박무}{강도2}1800-2023. {안개비}1502-{안개비}{강도0}1800-2018.,,2024,2,8,50,1,0,1,1
184,제주,2024-02-20,11.0,8.7,456,13.9,1740,,,,,9.5,4.7,11.8,90,2141,5.7,90,1945,3.1,2692.0,90.0,8.7,80,637,86.3,11.4,1016.4,1021.2,916,1016.2,1639,1018.9,11.1,0.0,1300.0,0.2,0.62,,,,,,10.0,8.0,11.4,9.0,13.4,12.4,12.4,11.5,11.5,10.6,10.7,14.2,17.7,0.6,0.9,20.5,{비}0723-0737. {비}0909-{비}{강도0}1200-1213. {박무}1103-1131. {비}1608-1632. {박무}1802-{박무}{강도0}2100-2345. {안개비}1812-{안개비}{강도0}2100-{안개비}{강도0}2400-,,2024,2,8,51,1,0,1,1
184,제주,2024-02-21,12.4,11.8,2353,14.4,1346,,,,,14.98,22.1,14.1,90,826,6.6,70,1426,4.9,4256.0,90.0,10.6,83,1348,89.3,12.8,1012.7,1018.4,1,1012.1,1310,1015.2,11.2,0.0,1300.0,1.08,2.09,,,,,,10.0,7.9,12.6,11.3,13.6,12.5,12.4,11.4,11.6,10.9,11.2,14.6,17.8,0.8,1.1,15.6,{박무}0003-{박무}{강도0}0300-0450. -{안개비}-{안개비}{강도0}0300-{비}0530-{비}{강도0}0600-{시정(미만)}{1km}{비}0619-{시정(이상)}{1km}{비}0627-0844. {박무}0855-{박무}{강도0}0900-0925. {비}0938-1012. {비}1050-{비}{강도0}1200-1250. {박무}1205-1245. {박무}1525-1705. {박무}1735-{박무}{강도0}1800-1825. {비}1755-{비}{강도0}1800-1820. {비}2044-{비}{강도0}2100-{비}{강도0}2400- {박무}2050-{박무}{강도0}2100-2150. {박무}2250-{박무}{강도0}2400-,,2024,2,8,52,1,0,1,1
184,제주,2024-02-22,9.0,8.0,2211,11.8,1,,,,,24.0,28.3,14.9,70,1118,7.5,70,1127,4.6,3946.0,90.0,7.3,89,554,89.6,10.3,1019.3,1024.6,2015,1015.9,23,1021.8,11.2,0.0,1300.0,0.07,0.37,,,,,,10.0,9.5,10.3,8.2,12.9,11.9,12.1,11.4,11.8,11.3,11.7,14.6,17.8,0.5,0.8,26.5,-{박무}-0030. {박무}0110-{박무}{강도1}0300-{박무}{강도1}0600-{박무}{강도1}0900-{박무}{강도1}1200-{박무}{강도1}1500-{박무}{강도0}1800-{박무}{강도1}2100-{박무}{강도0}2400- -{안개비}-{안개비}0120-{안개비}{강도0}0300-{비}0411-{비}{강도0}0600-{비}{강도0}0900-{비}{강도0}1200-{비}{강도0}1500-{비}{강도0}1800-{비}{강도0}2100-{비}{강도0}2400-,,2024,2,8,53,1,0,0,1
184,제주,2024-02-23,7.6,7.2,2329,8.1,115,,,,,23.78,19.6,11.1,70,706,6.3,50,651,3.4,2942.0,110.0,5.4,82,1029,86.1,9.0,1023.7,1028.1,2111,1023.8,337,1026.3,11.3,0.0,1100.0,0.2,0.95,,,,,,10.0,8.1,8.7,7.0,11.5,10.5,10.8,10.7,11.3,11.5,12.1,14.7,17.8,0.6,0.8,21.5,-{비}-{비}{강도0}0300-{비}{강도0}0600-{비}{강도0}0900-{비}{강도0}1200-{비}{강도0}1500-{비}{강도0}1800-{비}{강도0}2100-2250. -{박무}-{박무}{강도0}0300-{박무}{강도0}0600-0820. {박무}1325-{박무}{강도0}1500-{박무}{강도0}1800-1955. {박무}2045-{박무}{강도0}2100-2125. {비}2303-{비}{강도0}2400-,,2024,2,8,54,1,0,0,1
184,제주,2024-02-24,7.7,6.6,649,9.1,1350,,,,,18.87,13.4,10.1,110,1021,5.5,110,914,3.2,2727.0,90.0,5.0,68,1415,83.4,8.7,1022.1,1027.8,40,1020.9,2318,1024.7,11.3,0.0,1000.0,0.71,2.33,,,,,,10.0,7.8,8.3,6.5,10.9,9.9,10.2,10.1,10.7,11.3,11.9,14.5,17.7,0.8,1.1,14.8,{박무}0035-{박무}{강도0}0300-0345. -{비}-{비}{강도0}0300-{비}{강도0}0600-{비}{강도0}0900-1040. {박무}0405-0445. {박무}0655-0830. {비}1133-{비}{강도0}1200-1222. {비}1435-{비}{강도0}1500-{비}{강도0}1800-1848. {박무}1752-{박무}{강도0}1800-1806. {비}2050-{비}{강도0}2100-{비}{강도0}2400- {박무}2101-2205. {박무}2339-{박무}{강도0}2400-,,2024,2,8,55,1,0,0,1
184,제주,2024-02-25,7.9,6.5,2348,8.9,1251,,,,,9.2,11.2,12.5,70,332,8.2,70,332,4.9,4262.0,20.0,4.0,68,1500,77.4,8.2,1019.4,1025.5,2354,1019.0,446,1022.0,11.3,0.0,1100.0,0.6,2.87,,,,,,9.5,8.1,8.5,6.1,10.8,9.8,10.0,9.8,10.4,11.2,12.4,14.7,17.6,1.2,1.7,0.2,-{박무}-0045. {박무}0203-{박무}{강도1}0300-{박무}{강도0}0600-0755. -{비}-{비}{강도0}0300-{비}{강도0}0600-0845. {비}1010-1037.,,2024,2,8,56,1,0,0,1
184,제주,2024-02-26,7.5,6.0,718,10.5,1411,,,,,,,9.2,20,606,5.7,50,834,3.2,2805.0,20.0,0.5,49,1525,61.5,6.3,1023.9,1027.7,1011,1025.5,1,1026.5,11.3,6.6,1300.0,2.73,15.58,,,,,,6.0,4.8,10.1,2.7,11.4,10.4,10.3,9.8,10.2,11.3,12.4,14.6,17.6,2.2,3.2,0.0,,,2024,2,9,57,1,0,0,0
184,제주,2024-02-27,9.4,6.3,1,12.8,1433,,,,,1.02,0.0,14.5,140,1100,6.8,110,1355,3.2,2727.0,110.0,1.6,42,1340,60.0,6.9,1025.2,1029.1,2256,1026.5,448,1027.7,11.4,7.3,1300.0,2.5,16.04,,,,,,4.4,3.5,10.7,2.5,12.0,11.0,10.9,10.3,10.6,11.4,12.2,14.7,17.5,2.8,4.0,,{비}0022-0055. {비}0203-0231. {달코로나}0255-0430.,,2024,2,9,58,1,0,0,0
184,제주,2024-02-28,10.2,7.3,451,13.0,1401,,,,,,,11.7,70,1239,6.2,70,1259,3.1,2678.0,110.0,2.4,46,1404,58.9,7.3,1023.7,1029.1,11,1023.7,2313,1026.2,11.4,1.1,1300.0,1.8,8.89,,,,,,8.5,3.1,9.8,3.6,11.8,10.7,10.8,10.4,10.7,11.4,12.1,14.6,17.5,2.0,2.8,7.3,,,2024,2,9,59,1,0,1,0
184,제주,2024-02-29,8.2,7.4,1425,10.9,1,,,,,21.33,18.0,13.6,70,1102,9.2,50,1109,4.8,4152.0,50.0,5.0,64,1,80.8,8.8,1018.0,1024.6,53,1018.3,1453,1020.6,11.5,0.0,,,,,,,,,10.0,7.9,8.6,6.4,11.5,10.5,10.7,10.4,10.9,11.4,12.1,14.6,17.5,,,10.7,{비}0020-{비}{강도0}0300-{비}{강도0}0600-{비}{강도1}0900-{비}{강도0}1200-{비}{강도0}1500-{비}{강도0}1800-{비}{강도0}2100-2140. {박무}0440-{박무}{강도0}0600-0615. {박무}0645-0710.,,2024,2,9,60,1,0,0,1
184,제주,2024-03-01,3.3,1.3,2337,7.6,1,,,,,0.37,0.0,16.9,320,1843,8.8,340,1808,5.9,5083.0,360.0,-3.9,47,1649,59.3,4.6,1022.6,1027.2,1137,1022.2,1,1025.2,11.5,0.4,1200.0,0.65,4.29,,,,,,8.9,8.6,4.3,1.1,9.5,8.6,9.2,9.6,10.5,11.6,12.5,14.3,17.2,1.6,2.2,0.0,{눈}2338-{눈}{강도0}2400-,,2024,3,9,61,1,1,0,0
184,제주,2024-03-02,4.7,1.3,234,8.6,1522,,,,,6.08,0.0,13.5,20,227,7.5,20,105,4.2,3601.0,20.0,-4.5,37,1256,52.5,4.4,1021.1,1026.7,28,1021.2,1855,1023.7,11.5,6.8,1300.0,3.03,17.62,,,,,,7.4,6.9,7.3,0.1,9.1,8.3,8.4,8.7,9.5,11.2,12.1,14.4,17.3,2.9,4.1,,-{눈}-0015. {눈}0040-0140. {눈}0220-0245. {눈}0310-0535. {눈}0650-0850.,,2024,3,9,62,1,1,0,0
184,제주,2024-03-03,8.6,5.1,210,12.5,1537,,,,,0.65,0.0,10.9,270,1410,7.0,290,1411,4.0,3499.0,230.0,-1.1,38,1607,50.5,5.7,1018.5,1022.1,142,1019.5,1626,1021.1,11.5,2.5,1300.0,1.94,8.8,,,,,,7.1,6.0,7.7,2.7,10.1,9.1,9.3,9.1,9.7,11.0,11.9,14.4,17.4,2.5,3.5,0.0,{비}1007-1046.,,2024,3,9,63,1,0,0,0
184,제주,2024-03-04,10.2,6.1,648,14.9,1220,,,,,8.58,9.7,11.2,140,1229,5.9,140,1229,3.5,3040.0,110.0,3.0,39,1221,62.9,7.8,1016.3,1022.6,223,1013.3,2354,1018.8,11.6,2.9,1100.0,2.51,8.52,,,,,,7.6,3.4,8.3,2.1,10.6,9.6,9.6,9.3,9.7,10.8,11.7,14.5,17.3,1.9,2.8,10.5,{비}1525-{비}{강도0}1800-{비}{강도0}2100-{비}{강도0}2400- {박무}1755-{박무}{강도0}1800-1815. {박무}1916-{박무}{강도0}2100-2326.,,2024,3,10,64,1,0,1,1
184,제주,2024-03-05,10.9,9.7,2244,11.5,1033,,,,,18.08,19.4,13.7,110,104,8.0,110,104,4.2,3662.0,90.0,8.8,81,105,87.5,11.4,1006.6,1013.8,10,1006.4,1450,1009.1,11.6,0.0,1200.0,0.12,0.52,,,,,,9.8,7.4,10.7,9.3,11.7,10.6,10.5,9.8,10.1,10.5,11.9,14.6,17.3,0.8,1.2,18.6,-{비}-0044. {비}0415-0511. {비}0735-{비}{강도0}0900-{안개비}0925-{비}1020-{비}{강도0}1200-{비}{강도1}1500-{비}{강도0}1800-{비}{강도0}2100-{비}{강도0}2400- {박무}0755-{박무}{강도0}0900-{박무}{강도1}1200-{박무}{강도0}1500-1720.,,2024,3,10,65,1,0,1,1
184,제주,2024-03-06,10.4,8.5,2350,12.1,1651,,,,,0.83,0.0,12.6,50,45,6.9,70,45,4.1,3553.0,70.0,4.5,56,1616,67.3,8.4,1012.5,1019.1,2348,1010.0,28,1015.0,11.7,0.3,1300.0,0.82,4.44,,,,,,8.3,6.5,9.9,5.1,11.8,10.8,10.8,10.1,10.4,11.0,12.4,14.6,17.4,1.5,2.1,,-{비}-0050.,,2024,3,10,66,1,0,1,0
184,제주,2024-03-07,8.0,6.0,2326,10.9,1315,,,,,,,11.3,340,1920,6.6,340,1923,3.8,3295.0,340.0,-0.5,42,1213,56.1,6.0,1016.5,1020.3,821,1017.7,1515,1019.1,11.7,6.9,1200.0,2.75,16.02,,,,,,5.5,3.1,9.4,2.9,11.9,10.9,10.9,10.2,10.5,11.3,12.2,14.3,17.2,3.0,4.3,,,,2024,3,10,67,1,0,0,0
184,제주,2024-03-08,7.9,6.0,8,11.1,1414,,,,,0.08,0.0,13.8,340,2300,8.3,340,2218,5.4,4697.0,340.0,-2.9,26,1430,47.0,5.0,1018.4,1023.0,2353,1019.3,357,1021.0,11.7,6.6,1200.0,2.97,16.79,,,,,,5.1,5.1,9.4,2.7,11.4,10.4,10.6,10.2,10.7,11.4,11.9,13.9,16.9,3.6,5.2,0.0,{비}1010-1015.,,2024,3,10,68,1,0,0,0
184,제주,2024-03-09,6.9,5.3,349,9.9,1540,,,,,,,12.9,340,6,7.2,340,5,4.0,3468.0,340.0,-3.1,37,1539,49.0,4.9,1022.7,1027.2,2356,1022.9,6,1025.3,11.8,7.9,1300.0,3.08,19.34,,,,,,3.5,3.5,10.7,0.2,11.6,10.6,10.7,10.2,10.6,11.3,11.4,13.8,16.9,2.9,4.2,,,,2024,3,10,69,1,0,0,0
184,제주,2024-03-10,7.7,2.9,718,12.0,1406,,,,,,,5.5,20,1214,3.7,50,1228,2.1,1794.0,180.0,-4.2,27,1257,44.1,4.5,1026.1,1030.6,942,1027.2,1,1028.7,11.8,10.8,1200.0,3.21,22.8,,,,,,1.0,0.0,10.1,-3.3,11.5,10.5,10.6,10.2,10.5,11.1,11.4,14.3,17.1,3.8,5.4,,,,2024,3,10,70,1,1,0,0
184,제주,2024-03-11,9.4,5.3,310,13.7,1337,,,,,5.02,9.7,8.9,270,1457,4.5,270,1505,2.1,1813.0,160.0,3.1,41,320,66.4,7.9,1017.5,1028.0,1,1015.3,2357,1020.0,11.8,1.3,1000.0,1.13,7.09,,,,,,5.9,2.9,8.4,-1.2,11.4,10.3,10.5,10.2,10.5,11.0,11.5,14.4,17.2,1.3,1.9,9.7,{비}1434-{비}{강도0}1500-{비}{강도0}1800-1935. {박무}1507-1645. {박무}1743-{박무}{강도0}1800-1922.,,2024,3,11,71,1,0,0,1
184,제주,2024-03-12,9.7,6.9,2356,13.6,1153,,,,,0.12,0.0,13.8,320,1804,8.1,340,1913,3.8,3271.0,340.0,4.1,54,1048,69.0,8.3,1014.1,1021.5,2340,1014.2,359,1016.6,11.9,1.7,1100.0,1.81,7.8,,,,,,7.1,6.3,9.8,2.5,12.0,10.9,11.0,10.3,10.6,10.8,11.6,14.5,17.2,2.1,3.1,0.0,{소나기}1438- [{싸락우박}](S 1)/제주시 이도일동 부근/ 제주청 직원 관측1440-1445.1445. {연무}1652-{연무}{강도0}1800-1859.,,2024,3,11,72,1,0,0,0
184,제주,2024-03-13,9.6,6.1,739,13.2,1408,,,,,,,8.4,20,335,4.7,320,252,3.0,2603.0,320.0,-0.7,34,1446,49.1,5.8,1020.7,1024.5,800,1021.0,2,1023.3,11.9,10.1,1200.0,3.02,21.11,,,,,,5.1,1.9,10.6,2.0,12.2,11.1,11.0,10.4,10.5,11.1,11.5,14.3,17.1,3.8,5.4,,,,2024,3,11,73,1,0,0,0
184,제주,2024-03-14,10.6,6.7,651,14.7,1708,,,,,,,5.4,20,1522,3.5,20,1318,2.3,2015.0,180.0,1.8,38,1608,55.4,7.0,1020.6,1024.3,2314,1021.9,453,1023.1,11.9,8.0,1100.0,2.75,16.62,,,,,,4.1,2.3,11.7,0.7,13.2,12.0,11.9,10.9,10.9,11.1,11.5,14.4,17.1,3.0,4.3,,,,2024,3,11,74,1,0,1,0
184,제주,2024-03-15,11.5,6.6,513,16.3,1535,,,,,,,5.5,50,1225,3.8,20,1133,2.4,2036.0,180.0,1.5,33,1505,51.1,6.9,1022.2,1025.7,849,1023.6,305,1024.7,12.0,10.9,1200.0,3.06,21.69,,,,,,0.0,0.0,12.9,0.6,13.6,12.4,12.3,11.3,11.2,11.2,11.6,14.4,17.1,3.7,5.3,,,,2024,3,11,75,1,0,1,0
184,제주,2024-03-16,13.4,8.4,646,17.9,1314,,,,,0.65,0.0,5.5,70,1027,4.3,50,1007,2.1,1855.0,50.0,5.0,30,948,57.9,9.0,1018.7,1025.2,2,1017.8,2400,1021.2,12.0,5.6,1100.0,2.94,15.83,,,,,,5.8,3.8,12.6,2.2,14.2,13.1,13.0,11.8,11.6,11.2,11.7,14.5,17.1,2.6,3.7,3.0,{비}1446-{비}{강도0}1500-1520. {비}1802-1807.,,2024,3,11,76,1,0,1,0
184,제주,2024-03-17,11.5,7.6,2349,14.2,1306,,,,,4.33,3.0,8.6,50,807,5.8,20,812,2.9,2466.0,320.0,6.6,46,1652,73.3,10.2,1015.4,1021.8,2326,1014.8,424,1017.9,12.0,2.2,1200.0,1.19,6.63,,,,,,8.0,3.8,13.0,3.7,15.1,13.9,13.8,12.5,12.4,11.7,11.8,14.4,17.1,1.7,2.4,0.0,{비}0004-0012. {비}0115-0202. {박무}0116-0230. {비}0550-{비}{강도0}0600-{비}{강도0}0900-0915. {박무}0552-{박무}{강도0}0600-0855. {박무}1335-{박무}{강도0}1500-1525. {황사}1610-{황사}{강도0}1800-{황사}{강도0}2100-{황사}{강도0}2400-,,2024,3,11,77,1,0,1,1
184,제주,2024-03-18,11.0,5.7,657,14.6,1602,,,,,,,10.3,50,1344,7.2,50,1339,3.3,2809.0,70.0,3.2,46,924,59.5,7.8,1019.3,1023.8,835,1019.8,1635,1021.8,12.1,9.7,1200.0,3.01,20.31,,,,,,4.3,2.8,12.9,1.2,13.8,12.9,12.9,12.1,12.2,11.6,11.8,14.3,17.0,3.3,4.7,0.1,-{황사}-0015.,,2024,3,12,78,1,0,1,0
184,제주,2024-03-19,11.8,8.3,2355,15.7,1201,,,,,0.85,0.1,16.2,340,2246,9.3,320,2243,5.0,4308.0,290.0,2.6,32,1414,54.5,7.5,1017.8,1022.7,2238,1017.5,1456,1020.3,12.1,5.7,1200.0,3.01,17.03,,,,,,5.3,3.6,15.3,6.2,15.2,14.1,13.9,12.6,12.5,11.9,11.9,14.3,17.0,4.5,6.4,0.0,{비}0710-0745. {비}0835-0851. {황사}1855-{황사}{강도0}2100-2130.,,2024,3,12,79,1,0,1,0
184,제주,2024-03-20,8.2,6.6,2327,10.8,1304,,,,,0.17,0.0,17.5,320,744,8.9,340,748,6.2,5394.0,340.0,-2.7,31,129,46.5,5.0,1020.5,1025.0,948,1021.9,312,1023.1,12.1,5.8,1200.0,3.2,18.46,,,,,,4.8,4.8,11.3,4.4,13.6,12.5,12.8,12.4,12.5,12.0,11.5,12.9,16.1,3.7,5.3,,{비}0845-0855.,,2024,3,12,80,1,0,0,0
184,제주,2024-03-21,8.4,5.8,509,12.2,1530,,,,,,,7.8,360,39,4.6,320,8,3.0,2551.0,320.0,-2.6,32,1503,46.3,5.0,1017.5,1022.7,1,1017.5,1818,1020.0,12.2,11.0,1200.0,3.4,24.56,,,,,,2.0,0.6,13.1,1.0,13.5,12.4,12.4,11.8,11.9,11.9,11.3,13.5,16.7,3.7,5.3,,,,2024,3,12,81,1,0,0,0
184,제주,2024-03-22,15.2,6.5,1,21.3,1510,,,,,,,17.1,200,1947,9.8,230,2216,4.1,3527.0,180.0,3.2,22,1348,45.5,8.2,1010.9,1018.8,18,1009.3,1809,1013.4,12.2,7.7,1200.0,3.1,19.28,,,,,,4.4,2.5,15.7,-0.9,14.1,13.0,12.9,12.0,11.9,11.7,11.5,14.1,17.0,5.1,7.2,,,,2024,3,12,82,1,0,1,0
184,제주,2024-03-23,16.9,14.9,759,18.8,1,,,,,1.83,2.3,16.1,270,26,9.1,250,53,3.9,3396.0,50.0,12.5,53,1,75.9,14.5,1011.2,1015.8,1132,1010.5,320,1013.7,12.2,6.6,1200.0,2.78,15.97,,,,,,7.4,3.3,20.4,14.1,17.1,15.9,15.3,13.2,12.8,11.8,11.5,13.0,16.3,2.4,3.4,12.2,{박무}2202-{박무}{강도0}2400- {비}2210-{비}{강도0}2400-,,2024,3,12,83,1,0,1,1
184,제주,2024-03-24,14.4,12.8,1915,15.9,200,,,,,10.78,9.9,13.7,90,746,6.5,90,1256,4.7,4054.0,90.0,12.1,81,1412,86.6,14.2,1011.6,1015.5,939,1012.9,300,1014.1,12.3,0.0,1400.0,0.65,2.57,,,,,,10.0,7.4,15.6,12.4,17.1,15.9,15.8,14.3,13.9,12.0,11.8,14.1,16.9,1.2,1.6,0.0,-{비}-0035. {비}0158-{비}{강도0}0300-{비}{강도0}0600-{비}{강도0}0900-0925. -{박무}-{박무}{강도0}0300-0541. {박무}0606-0645. {비}1650-{안개비}1710-{안개비}{강도0}1800-1935. {박무}1655-{박무}{강도0}1800-1920.,,2024,3,12,84,1,0,1,1
184,제주,2024-03-25,14.3,13.0,2325,15.7,953,,,,,5.05,19.7,14.5,110,1157,8.4,70,1234,5.2,4473.0,90.0,11.6,78,955,84.1,13.6,1008.4,1014.9,1,1007.5,1616,1010.9,12.3,0.4,900.0,1.05,4.98,,,,,,9.8,7.0,15.4,12.7,16.2,15.1,15.1,14.1,14.0,12.3,12.2,14.2,16.9,1.2,1.7,34.7,{소나기}1128-{비}1145-{비}{강도0}1200-{소나기}1215-{비}1252-1338. {박무}1225-1315. {비}1602-1635. {박무}2045-{박무}{강도0}2100- {안개비}2140-{비}2250-{비}{강도1}2400-,,2024,3,13,85,1,0,1,1
184,제주,2024-03-26,10.6,9.3,1748,14.2,418,,,,,4.37,15.0,14.8,50,634,10.9,50,642,4.1,3571.0,320.0,6.7,69,1825,77.1,9.9,1015.3,1024.0,2231,1005.6,218,1017.9,12.3,0.0,1100.0,0.66,3.06,,,,,,9.9,8.5,12.2,8.8,15.2,14.2,14.4,13.8,14.0,13.0,12.6,13.9,16.8,1.1,1.6,,-{박무}-0025. -{비}-0140. {비}0408-{비}{강도1}0600-0650. {박무}0455-{박무}{강도2}0600-0645.,,2024,3,13,86,1,0,1,1
184,제주,2024-03-27,13.4,8.0,427,19.5,1423,,,,,,,10.1,90,1409,6.7,250,1526,2.8,2402.0,90.0,6.4,39,1352,64.0,9.6,1019.7,1024.8,715,1017.0,2219,1022.2,12.4,6.4,1200.0,3.22,17.7,,,,,,6.3,3.0,13.9,3.9,15.3,14.2,14.0,13.3,13.4,12.5,12.5,14.1,16.8,3.1,4.4,0.4,,,2024,3,13,87,1,0,1,0
184,제주,2024-03-28,13.2,11.7,2356,15.2,1341,,,,,11.55,9.3,12.2,270,1445,7.2,270,1452,3.5,2992.0,270.0,9.9,66,206,81.3,12.3,1006.5,1019.4,11,1003.7,1528,1009.0,12.4,0.0,1300.0,0.23,1.29,,,,,,9.9,7.1,13.5,11.1,15.7,14.6,14.6,13.8,13.8,13.0,12.5,14.0,16.8,1.0,1.4,8.9,{비}0213-0232. {비}0415-{비}{강도0}0600-0752. {비}0933-{비}{강도0}1200-{비}{강도0}1500-1710. {박무}1225-1440.,,2024,3,13,88,1,0,1,1
184,제주,2024-03-29,15.2,8.9,651,22.3,1301,,,,,,,18.3,270,1353,11.5,270,1442,4.7,4085.0,250.0,7.5,18,1057,64.4,10.6,1008.3,1014.0,2211,1007.9,1259,1010.8,12.4,10.0,1200.0,3.12,21.84,,,,,,2.0,1.6,16.2,4.3,16.0,15.0,14.7,13.7,13.7,13.0,12.6,13.7,16.6,4.8,6.9,,{연무}1830-{연무}{강도0}2100-2350. {박무}2345-{박무}{강도0}2400-,,2024,3,13,89,1,0,1,0
184,제주,2024-03-30,17.4,11.8,657,26.7,1538,,,,,,,12.9,250,1517,7.8,250,1531,3.1,2640.0,270.0,9.9,27,1522,64.5,12.2,1009.5,1014.5,150,1008.4,1515,1012.0,12.5,9.8,1300.0,2.67,18.49,,,,,,6.0,2.0,18.8,8.1,17.6,16.5,16.1,14.5,14.2,12.5,12.6,13.5,16.5,4.3,6.2,,-{박무}-{박무}{강도0}0300-{박무}{강도0}0600-0830. {햇무리}1223-1354. {박무}2315-{박무}{강도0}2400-,,2024,3,13,90,1,0,1,0
184,제주,2024-03-31,14.3,11.5,646,16.9,1403,,,,,,,8.8,70,1120,5.8,50,1655,2.6,2223.0,70.0,9.4,54,1356,73.5,11.8,1008.4,1013.5,723,1007.5,1457,1010.9,12.5,1.8,1000.0,1.76,7.97,,,,,,6.3,2.1,15.8,4.6,17.6,16.4,16.4,15.2,14.9,13.4,12.7,13.7,16.6,1.8,2.6,,-{박무}-{박무}{강도0}0300-{박무}{강도0}0600-0655. {박무}2033-{박무}{강도0}2100-2238.,,2024,3,13,91,1,0,1,0
184,제주,2024-04-01,15.2,10.3,618,19.9,1507,,,,,,,4.8,20,1436,3.5,20,1425,1.9,1650.0,180.0,6.6,28,1340,58.4,9.8,1012.4,1016.8,1055,1011.6,1,1014.8,12.5,11.3,1200.0,3.33,24.15,,,,,,1.6,1.0,18.1,4.1,17.5,16.4,16.2,14.9,14.7,13.6,12.8,13.8,16.6,4.2,6.0,,,,2024,4,14,92,1,0,1,0
184,제주,2024-04-02,16.4,13.1,242,19.2,2317,3.1,1717.0,4.3,1730.0,7.55,10.8,13.0,110,1846,7.4,90,2202,3.2,2739.0,90.0,11.1,48,459,71.5,13.5,1007.7,1014.7,1,1003.5,2325,1010.2,12.6,0.0,1200.0,0.74,3.61,,,,,,9.5,4.5,15.4,7.3,17.2,16.1,16.2,15.2,15.1,13.8,12.9,13.8,16.6,1.2,1.8,12.9,{비}1154-{비}{강도0}1200-{비}{강도0}1500-1615. {박무}1510-1555. {비}1657-1744. {비}1915-2055. {비}2226-2311.,,2024,4,14,93,1,0,1,1
184,제주,2024-04-03,16.1,14.2,2327,18.4,1,0.9,124.0,1.8,1337.0,12.88,8.5,8.8,270,1521,5.5,270,1528,2.5,2121.0,270.0,14.4,80,1,90.3,16.5,1001.9,1010.1,2359,1001.6,226,1004.4,12.6,0.0,1100.0,0.65,1.84,,,,,,10.0,8.8,16.8,14.3,17.9,16.7,16.5,15.3,15.3,13.9,13.1,13.8,16.6,0.7,0.9,7.8,{비}0036-{비}{강도0}0300-0325. {박무}0121-0143. {비}0516-0548. {박무}0523-{박무}{강도0}0600-{박무}{강도1}0900-{박무}{강도0}1200-{박무}{강도0}1500-1620. {비}0715-0825. {비}1155-{비}{강도0}1200-{비}{강도0}1500-1625. {안개비}1943-{비}2030-{비}{강도0}2100-2110. {박무}1948-{박무}{강도1}2100-{박무}{강도1}2400- {비}2135-{비}{강도0}2400-,,2024,4,14,94,1,0,1,1
184,제주,2024-04-04,14.4,12.7,645,15.5,1632,0.4,3.0,1.0,1.0,6.07,2.6,6.6,90,1615,3.7,290,1209,2.0,1708.0,90.0,12.0,79,1636,86.3,14.1,1012.4,1018.0,2144,1010.1,146,1014.9,12.7,0.0,900.0,0.59,3.05,,,,,,9.3,7.5,15.8,12.6,17.4,16.3,16.3,15.4,15.4,14.1,13.2,13.8,16.6,1.0,1.5,1.2,-{안개비}-{안개비}0127-0203. -{박무}-0208. {안개비}0520-{안개비}{강도0}0600-0725. {박무}0535-{박무}{강도1}0600-0808. {박무}0946-1010. {안개비}1250-1446. {박무}1253-1453.,,2024,4,14,95,1,0,1,1
184,제주,2024-04-05,14.7,12.6,2331,17.1,1425,,,,,,,10.2,70,1353,6.1,70,1215,3.3,2830.0,70.0,8.9,53,2149,68.6,11.4,1016.3,1020.1,2135,1017.4,31,1018.8,12.7,9.6,1200.0,3.18,21.1,,,,,,6.3,2.1,17.3,8.1,17.9,16.9,16.6,15.4,15.3,14.2,13.3,14.0,16.6,3.3,4.7,,,,2024,4,14,96,1,0,1,0
184,제주,2024-04-06,14.0,11.4,513,17.2,1513,,,,,,,6.3,20,1620,4.6,50,1625,2.1,1820.0,50.0,8.1,59,1514,68.1,10.8,1016.2,1020.8,1052,1016.1,1944,1018.7,12.7,1.5,1400.0,1.51,9.8,,,,,,6.8,3.6,15.6,6.9,17.4,16.4,16.5,15.6,15.5,14.4,13.5,14.1,16.6,2.0,2.9,,,,2024,4,14,97,1,0,1,0
184,제주,2024-04-07,15.5,10.3,628,19.3,1607,,,,,,,9.3,50,1256,6.9,50,1257,2.5,2142.0,50.0,9.2,46,847,67.0,11.8,1014.4,1018.3,754,1014.7,1730,1016.9,12.8,10.1,1100.0,2.99,20.41,,,,,,6.4,1.1,17.3,4.3,17.5,16.4,16.3,15.4,15.3,14.4,13.6,14.1,16.6,3.1,4.4,0.0,{박무}2011-{박무}{강도0}2100-2206.,,2024,4,14,98,1,0,1,0
184,제주,2024-04-08,16.3,14.6,1,19.1,1142,0.2,,0.6,1532.0,7.12,0.9,10.4,340,2311,4.6,340,2309,1.9,1650.0,160.0,8.9,44,907,62.6,11.4,1013.1,1017.2,2,1014.7,1338,1015.6,12.8,0.0,1100.0,0.84,4.01,,,,,,9.1,6.5,16.2,12.0,17.9,16.8,16.8,15.8,15.7,14.5,13.7,14.0,16.6,1.8,2.6,0.9,{비}0356-0557. {박무}0511-0533. {비}1406-{비}{강도0}1500-1655. {박무}1525-1610. {비}1805-1832. {비}2010-{비}{강도0}2100-2128. {비}2145-2217.,,2024,4,15,99,1,0,1,0
184,제주,2024-04-09,15.4,12.2,539,20.3,1350,,,,,,,9.4,140,1357,5.2,110,1848,3.0,2559.0,110.0,7.9,48,1434,61.4,10.7,1018.1,1024.8,2354,1015.4,252,1020.6,12.8,10.3,1100.0,3.05,21.42,,,,,,2.4,2.4,18.1,7.3,18.0,16.9,16.8,15.6,15.5,14.6,13.7,13.9,16.5,3.7,5.4,,,,2024,4,15,100,1,0,1,0
184,제주,2024-04-10,14.8,11.8,546,19.1,1635,,,,,,,13.7,70,1327,8.0,70,1312,4.0,3475.0,90.0,7.3,43,1730,61.4,10.2,1021.5,1026.0,754,1022.2,1721,1024.0,12.9,11.3,1200.0,3.21,22.24,,,,,,3.5,0.3,18.7,10.1,18.5,17.4,17.2,16.0,15.8,14.7,13.8,14.2,16.5,3.8,5.4,0.3,,,2024,4,15,101,1,0,1,0
184,제주,2024-04-11,16.2,13.4,339,21.0,1318,0.7,914.0,1.7,851.0,1.93,1.8,5.7,110,20,3.6,110,25,1.5,1315.0,20.0,9.8,49,1347,66.6,12.2,1018.2,1023.0,37,1019.1,1626,1020.7,12.9,0.0,1200.0,1.46,5.9,,,,,,8.8,2.9,16.4,9.6,18.2,17.1,17.1,16.1,16.0,14.8,14.0,14.1,16.6,1.8,2.5,1.5,{비}0822-{비}{강도0}0900-1018. {박무}0909-1005.,,2024,4,15,102,1,0,1,1
184,제주,2024-04-12,16.9,13.3,436,20.0,1749,,,,,,,13.1,70,1307,7.9,70,1313,3.4,2921.0,70.0,11.8,57,1745,72.3,14.0,1014.8,1020.0,1,1015.1,1702,1017.3,12.9,6.7,1200.0,3.4,18.71,,,,,,8.0,3.6,18.4,8.1,18.6,17.5,17.3,16.1,15.9,14.9,14.0,14.1,16.5,2.9,4.2,0.0,,,2024,4,15,103,1,0,1,0
184,제주,2024-04-13,18.0,15.2,612,22.1,1657,0.0,,0.0,,2.58,0.0,10.7,50,1420,6.8,50,1044,2.7,2359.0,50.0,13.4,56,1711,75.4,15.4,1014.7,1018.1,941,1015.8,1535,1017.1,13.0,11.0,1200.0,3.28,23.77,,,,,,2.1,1.0,22.9,9.1,20.3,19.2,18.7,16.8,16.4,15.1,14.2,14.3,16.5,3.8,5.4,,{비}0245-{비}{강도0}0300-0520.,,2024,4,15,104,1,0,1,0
184,제주,2024-04-14,19.5,14.5,424,22.8,1149,0.0,,0.0,,2.03,0.0,19.3,180,2238,7.8,160,1049,3.9,3400.0,140.0,12.7,48,1055,65.9,14.9,1012.9,1018.0,19,1011.6,2236,1015.3,13.0,5.4,1000.0,2.43,15.93,,,,,,6.6,3.6,20.9,7.5,20.1,19.0,18.8,17.4,17.0,15.3,14.2,14.2,16.4,3.9,5.6,0.4,{햇무리}1040-1320. {비}1653-1740. {비}1805-1920.,,2024,4,15,105,1,0,1,0
184,제주,2024-04-15,18.0,14.2,2235,23.6,958,0.4,203.0,0.4,142.0,1.88,0.4,14.5,160,245,9.3,50,552,4.3,3705.0,140.0,13.5,58,910,76.1,15.5,1008.3,1014.3,2253,1006.9,544,1010.7,13.0,0.3,1200.0,0.92,6.36,,,,,,7.8,7.8,19.3,12.0,20.5,19.3,19.1,17.7,17.4,15.6,14.3,14.3,16.4,1.6,2.2,,{비}0142-0218. {비}0411-0528.,,2024,4,16,106,1,0,1,0
184,제주,2024-04-16,16.0,13.3,525,20.3,1204,,,,,,,8.6,340,1204,5.2,340,1224,2.7,2351.0,270.0,10.2,34,2346,70.3,12.8,1011.2,1015.0,1004,1011.9,438,1013.6,13.1,6.9,1200.0,3.27,19.99,,,,,,6.5,2.3,20.8,7.4,20.3,19.2,18.8,17.5,17.3,15.6,14.5,14.1,16.2,3.4,4.9,,{연무}1621-1749.,,2024,4,16,107,1,0,1,0
184,제주,2024-04-17,14.7,11.6,619,17.2,1056,,,,,,,4.2,20,1106,3.1,20,1113,1.7,1497.0,20.0,7.9,34,11,64.5,10.9,1008.9,1014.0,1,1009.4,2101,1011.4,13.1,1.8,1000.0,1.65,10.63,,,,,,8.0,2.8,18.0,5.2,19.2,18.1,18.2,17.4,17.4,16.0,14.6,14.2,16.3,2.1,3.0,,{햇무리}0850-1145. {황사}0920-{황사}{강도0}1200-{황사}{강도0}1500-{황사}{강도0}1800-{황사}{강도0}2100-{황사}{강도0}2400-,,2024,4,16,108,1,0,1,0
184,제주,2024-04-18,16.3,11.9,614,21.1,1518,,,,,,,7.6,270,1417,5.2,290,1215,2.8,2412.0,290.0,7.6,39,1046,57.4,10.5,1008.6,1013.7,2137,1009.0,311,1011.1,13.1,11.8,1200.0,3.39,25.03,,,,,,0.6,0.0,22.4,6.1,19.8,18.6,18.3,17.2,17.0,16.0,14.8,14.2,16.3,4.8,6.9,,-{황사}-{황사}{강도0}0300-{황사}{강도0}0600-{황사}{강도0}0900-{황사}{강도0}1200-{황사}{강도0}1500-{황사}{강도0}1800-{황사}{강도0}2100-2125.,,2024,4,16,109,1,0,1,0
184,제주,2024-04-19,17.7,13.4,533,21.8,1351,,,,,,,5.0,270,806,4.1,50,1340,1.9,1646.0,180.0,7.5,40,1423,51.8,10.5,1010.3,1015.0,916,1010.8,1635,1012.8,13.2,8.8,1100.0,2.83,19.81,,,,,,6.1,1.6,21.8,6.8,20.4,19.3,19.0,17.6,17.3,16.1,14.9,14.2,16.3,3.8,5.4,1.0,{황사}0840-{황사}{강도0}0900-{황사}{강도0}1200-{황사}{강도0}1500-{황사}{강도0}1800-{황사}{강도0}2100-{황사}{강도0}2400-,,2024,4,16,110,1,0,1,0
184,제주,2024-04-20,18.0,14.7,2359,21.9,1543,0.5,917.0,1.4,850.0,4.82,2.4,16.8,110,651,8.7,50,840,3.9,3340.0,270.0,12.3,44,402,70.3,14.5,1003.5,1012.4,14,1003.4,1548,1005.9,13.2,0.7,1500.0,1.56,4.44,,,,,,9.6,8.1,20.3,13.2,20.2,19.0,19.0,18.0,17.7,16.2,15.0,14.4,16.2,1.4,2.0,1.4,-{황사}-{황사}{강도0}0300-{황사}{강도0}0600-0640. {비}0318-0435. {비}0613-0737. {비}0805-{비}{강도0}0900-1013.,,2024,4,16,111,1,0,1,1
184,제주,2024-04-21,15.5,14.4,131,16.1,1610,0.1,,0.2,,1.28,0.2,6.8,250,2,4.8,270,2,2.4,2068.0,50.0,13.0,78,32,85.5,15.0,1006.6,1011.0,2318,1006.8,209,1009.1,13.2,0.0,1300.0,0.41,2.22,,,,,,10.0,7.9,16.7,14.0,19.2,18.1,18.2,17.5,17.6,16.4,15.1,14.3,16.3,0.8,1.1,1.1,{비}1043-1116. {안개비}2101-2145. {박무}2104-2149.,,2024,4,16,112,1,0,1,0
184,제주,2024-04-22,16.4,15.6,613,18.3,1022,0.2,,0.7,507.0,4.82,0.9,9.7,110,1837,4.7,110,1853,2.9,2510.0,90.0,13.4,75,1830,82.6,15.4,1009.5,1013.9,2307,1010.2,338,1011.9,13.3,0.2,1000.0,1.38,5.06,,,,,,10.0,7.0,17.5,14.4,19.3,18.2,18.2,17.3,17.4,16.4,15.1,14.4,16.4,1.4,2.0,0.0,{박무}0025-0250. {안개비}0421-{비}0509-{비}{강도0}0600-{안개비}0630-{안개비}{강도0}0900-0910. {박무}0425-{박무}{강도1}0600-{박무}{강도0}0900-0915.,,2024,4,17,113,1,0,1,0
184,제주,2024-04-23,15.3,14.7,850,16.5,1304,0.7,1639.0,2.2,1619.0,11.35,4.1,10.7,110,1306,5.6,110,1322,3.2,2730.0,90.0,12.5,73,1307,83.8,14.5,1007.8,1013.7,1,1008.6,1637,1010.3,13.3,0.0,1200.0,0.83,2.88,,,,,,10.0,7.1,16.4,14.0,18.8,17.7,17.8,17.2,17.3,16.4,15.2,14.5,16.3,1.2,1.6,4.1,{안개비}0350-{안개비}{강도0}0600-0640. {비}0818-{비}{강도0}0900-0948. {박무}0820-{박무}{강도0}0900-0955. {안개비}1105-1135. {박무}1110-1140. {비}1554-{비}{강도0}1800-{비}{강도0}2100-2155. {박무}1615-{박무}{강도0}1800-1806. {박무}1845-{박무}{강도0}2100-2325. {비}2216-2246.,,2024,4,17,114,1,0,1,1
184,제주,2024-04-24,15.9,12.7,2353,19.1,1243,,,,,,,11.2,290,1255,6.7,290,1528,3.9,3351.0,270.0,10.7,50,1211,72.4,13.0,1007.9,1012.7,2306,1007.8,51,1010.3,13.3,8.5,1200.0,3.48,22.62,,,,,,5.3,4.8,20.0,9.3,20.0,18.7,18.3,17.1,17.1,16.4,15.3,14.6,15.9,3.9,5.5,,,,2024,4,17,115,1,0,1,0
184,제주,2024-04-25,16.0,11.8,621,20.6,1547,,,,,,,7.4,320,1424,5.1,340,1422,2.2,1936.0,20.0,9.7,47,1610,67.5,12.1,1009.2,1013.0,758,1010.6,1706,1011.7,13.3,11.8,1200.0,3.56,26.91,,,,,,5.1,1.4,22.5,8.5,20.9,19.3,19.0,17.6,17.3,16.4,15.4,14.6,16.3,4.1,5.9,0.0,,,2024,4,17,116,1,0,1,0
184,제주,2024-04-26,16.7,15.1,1,19.4,1731,0.2,,0.4,910.0,1.62,0.4,6.8,50,1527,4.9,50,1548,2.0,1693.0,50.0,12.1,56,1734,74.8,14.1,1007.8,1011.8,1002,1008.8,1551,1010.3,13.4,3.5,1500.0,2.16,11.4,,,,,,7.4,4.5,19.5,11.6,21.1,19.5,19.4,18.2,17.9,14.9,15.4,14.6,16.3,2.3,3.3,0.4,{비}0845-{비}{강도0}0900-1022.,,2024,4,17,117,1,0,1,0
184,제주,2024-04-27,18.6,15.5,1,22.5,1722,,,,,,,6.3,50,1312,4.7,20,1304,1.8,1566.0,20.0,11.6,45,1551,64.8,13.7,1008.7,1013.8,2314,1009.8,1549,1011.1,13.4,12.6,1200.0,3.49,26.95,,,,,,1.9,1.9,27.2,10.2,22.4,20.8,20.2,18.5,18.0,16.7,15.5,14.6,16.2,,,,,,2024,4,17,118,1,0,1,0
184,제주,2024-04-28,19.2,15.0,543,22.6,1156,2.8,2311.0,7.9,2221.0,3.8,11.1,7.8,140,445,4.4,70,2354,1.9,1635.0,180.0,11.1,46,1555,60.4,13.4,1009.5,1013.9,1119,1009.5,2350,1011.9,13.4,5.5,1200.0,2.74,17.71,,,,,,8.5,2.1,22.6,9.0,22.7,21.0,20.8,19.2,18.6,16.9,15.6,14.7,16.3,3.0,4.3,44.7,{비}1910-1920. {비}2022-{비}{강도0}2100-{비}{강도1}2400- {박무}2211-{박무}{강도1}2400-,,2024,4,17,119,1,0,1,1
184,제주,2024-04-29,18.0,15.5,2131,20.6,1145,5.0,242.0,10.7,210.0,19.33,35.8,11.7,70,2135,6.5,90,2048,3.6,3093.0,90.0,16.1,82,1148,89.5,18.4,1003.4,1009.6,1,1003.3,1604,1005.8,13.5,0.0,1100.0,1.58,4.79,,,,,,10.0,8.3,19.6,15.7,22.5,20.8,20.8,19.5,19.2,17.4,15.8,14.8,16.2,1.1,1.6,2.5,-{비}-{비}{강도1}0300-{비}{강도1}0600-0835. -{박무}-{박무}{강도0}0300-0335. {박무}0405-{박무}{강도1}0600-0720. {안개비}1255-{안개비}{강도0}1500-{안개비}{강도0}1800-{안개비}{강도0}2100-2340. {박무}1345-{박무}{강도0}1500-{박무}{강도1}1800-{박무}{강도0}2100-2348.,,2024,4,18,120,1,0,1,1
184,제주,2024-04-30,16.5,14.3,2355,20.1,1210,0.1,,0.3,34.0,4.0,0.3,7.5,340,1138,4.8,320,1145,2.6,2258.0,290.0,12.9,64,1249,80.4,15.0,1005.2,1009.4,2128,1006.2,159,1007.7,13.5,2.5,1100.0,3.28,14.52,,,,,,9.5,6.4,20.0,13.2,22.2,20.6,20.5,19.3,19.2,17.6,15.9,14.9,16.1,2.6,3.7,0.0,{비}0034-{안개비}0145-{안개비}{강도0}0300-0315. {박무}0037-0214. {안개비}0730-0815. {박무}0735-0810. {비}2143-2217.,,2024,4,18,121,1,0,1,0
184,제주,2024-05-01,15.4,14.0,510,18.1,1608,0.0,,0.0,,0.87,0.0,11.0,90,1124,5.5,90,1521,2.8,2462.0,110.0,10.0,57,1625,70.8,12.3,1009.0,1016.2,2306,1008.1,1,1011.5,13.5,2.4,1500.0,1.72,8.03,,,,,,6.1,4.8,17.2,9.9,21.1,19.5,19.7,19.1,19.2,17.8,16.1,14.9,16.2,2.3,3.2,0.0,{안개비}0943-1035.,,2024,5,18,122,0,0,1,0
184,제주,2024-05-02,16.1,12.8,604,19.3,1434,,,,,,,8.8,70,1033,5.8,70,1202,2.9,2482.0,50.0,8.0,36,1551,60.0,10.7,1016.0,1019.6,2118,1015.6,36,1018.5,13.6,9.4,1200.0,3.4,23.81,,,,,,7.1,1.0,19.8,7.7,20.9,19.4,19.3,18.5,18.6,17.8,16.2,14.9,16.3,4.1,5.8,,,,2024,5,18,123,0,0,1,0
184,제주,2024-05-03,17.0,13.3,543,20.3,1453,,,,,,,8.3,70,1654,5.8,70,1227,2.8,2460.0,180.0,9.4,40,2055,62.4,12.1,1015.5,1019.7,838,1016.2,1654,1017.9,13.6,12.6,1200.0,3.52,27.28,,,,,,1.1,0.0,22.0,7.8,22.1,20.6,20.3,19.0,18.7,17.7,16.3,14.9,16.3,4.7,6.8,,,,2024,5,18,124,0,0,1,0
184,제주,2024-05-04,20.8,13.9,331,24.6,1159,0.0,,0.0,,3.25,0.0,12.7,110,1122,7.8,110,1127,3.9,3350.0,110.0,13.8,46,1147,65.3,16.2,1012.5,1017.8,123,1012.9,1735,1014.9,13.6,3.7,1100.0,2.42,13.53,,,,,,7.0,4.3,21.4,7.4,22.1,20.5,20.4,19.3,19.1,17.8,16.3,15.0,16.2,3.1,4.4,2.6,{햇무리}1212-1248. {비}1830-1853. {비}1923-{비}{강도0}2100-2215.,,2024,5,18,125,0,0,1,0
184,제주,2024-05-05,21.9,17.7,2356,25.9,1213,3.9,2109.0,9.5,2040.0,23.75,21.6,15.3,160,1608,8.2,50,1918,3.6,3085.0,160.0,17.7,60,1052,78.3,20.3,1006.6,1013.6,1,1005.8,1821,1009.0,13.6,0.0,1100.0,0.29,1.39,,,,,,10.0,7.0,20.9,17.4,22.8,21.1,20.9,19.6,19.4,17.9,16.4,15.1,16.2,1.7,2.4,19.0,{비}0015-{비}{강도0}0300-{비}{강도0}0600-{비}{강도0}0900-{비}{강도0}1200-{비}{강도0}1500-{비}{강도0}1800-{비}{강도0}2100-{비}{강도0}2400- {박무}1905-1935. {박무}2017-2035. {박무}2055-{박무}{강도0}2100-2135. {박무}2228-2305.,,2024,5,18,126,0,0,1,1
184,제주,2024-05-06,18.1,15.8,615,21.4,1324,0.0,,0.3,-2331.0,0.82,0.0,10.2,290,1724,6.6,290,1442,4.6,3969.0,270.0,13.1,52,1335,73.5,15.1,1008.5,1012.4,2243,1008.7,118,1011.0,13.7,7.3,1200.0,3.33,20.79,,,,,,8.3,5.3,21.0,14.2,22.8,21.2,21.0,19.7,19.5,18.1,16.6,15.5,15.9,4.0,5.8,0.0,-{비}-0041. {박무}2023-{박무}{강도0}2100-{박무}{강도1}2400- {비}2247-2255.,,2024,5,19,127,0,0,1,0
184,제주,2024-05-07,17.7,15.5,323,21.2,1300,,,,,,,13.2,270,1317,8.7,270,1114,5.5,4764.0,270.0,11.9,53,1238,69.5,13.9,1010.8,1014.5,2216,1012.2,1,1013.2,13.7,11.9,1200.0,3.3,24.88,,,,,,3.1,3.1,22.1,13.2,23.0,21.4,21.2,20.0,19.8,18.3,16.6,15.9,15.9,4.5,6.4,3.1,-{박무}-{박무}{강도0}0300-{박무}{강도0}0600-0750. {연무}1316-{연무}{강도0}1500-1512.,,2024,5,19,128,0,0,1,0
184,제주,2024-05-08,14.9,13.8,825,17.0,1724,0.7,814.0,2.5,733.0,6.22,3.3,13.5,70,814,7.4,70,829,3.4,2939.0,90.0,10.1,57,1818,73.8,12.4,1014.2,1019.9,2313,1013.1,557,1016.7,13.7,1.3,1600.0,1.2,6.07,,,,,,8.0,6.8,17.0,9.8,21.6,20.0,20.4,19.8,19.9,18.4,16.8,15.5,16.1,1.8,2.5,0.2,{비}0405-0450. {비}0525-{비}{강도0}0600-0625. {비}0719-{비}{강도0}0900-1035. {박무}0726-{박무}{강도0}0900-0933. {비}1333-1445. {박무}1347-1438.,,2024,5,19,129,0,0,1,1
184,제주,2024-05-09,16.7,12.4,541,21.1,1544,,,,,,,6.9,290,1721,4.7,290,1723,2.8,2411.0,200.0,8.9,43,1425,61.6,11.5,1017.8,1021.4,834,1019.3,1520,1020.2,13.8,12.7,1200.0,3.6,27.92,,,,,,0.4,0.0,22.0,7.7,21.8,20.2,20.1,19.1,19.2,18.4,16.9,15.4,16.1,4.9,7.0,,,,2024,5,19,130,0,0,1,0
184,제주,2024-05-10,17.3,12.7,552,20.6,1353,,,,,,,7.4,50,1451,5.3,50,1459,2.6,2209.0,50.0,9.7,42,819,61.8,12.2,1016.6,1020.8,1022,1017.3,1725,1019.0,13.8,12.9,1200.0,3.53,27.55,,,,,,0.0,0.0,23.3,7.3,22.8,21.1,20.9,19.7,19.4,18.3,17.0,15.4,16.2,4.5,6.5,,,,2024,5,19,131,0,0,1,0
184,제주,2024-05-11,20.1,15.4,150,25.9,1241,1.5,2224.0,3.8,2043.0,5.1,7.0,12.5,250,1131,6.2,230,1139,2.6,2269.0,180.0,12.5,35,1207,64.0,14.7,1010.7,1017.7,1,1010.0,1754,1013.1,13.8,2.0,1200.0,1.75,10.25,,,,,,8.3,5.6,21.1,9.2,22.7,21.0,21.0,20.0,19.7,18.4,17.0,15.5,16.2,2.6,3.7,10.2,{비}1854-{비}{강도0}2100-{비}{강도0}2400- {박무}2036-{박무}{강도1}2100-2107. {박무}2119-2227.,,2024,5,19,132,0,0,1,1
184,제주,2024-05-12,17.5,14.6,2358,19.9,150,0.9,517.0,1.7,429.0,5.15,3.2,9.7,250,309,5.6,270,309,2.8,2456.0,270.0,9.7,35,1318,63.0,12.5,1009.1,1013.6,2245,1009.6,207,1011.5,13.8,0.6,1100.0,1.64,8.41,,,,,,8.0,6.8,18.9,8.1,22.5,20.8,20.9,20.0,19.8,18.5,17.1,15.8,16.0,2.8,4.0,,-{비}-0020. {비}0104-{안개비}0232-{안개비}{강도0}0300-{비}0430-0548. {박무}0154-0235. {박무}0352-0536. {비}0810-0815. {황사}0955-{황사}{강도0}1200-{황사}{강도0}1500-{황사}{강도0}1800-1940.,,2024,5,19,133,0,0,1,1
184,제주,2024-05-13,17.8,13.3,518,22.0,1506,,,,,,,5.4,50,1331,4.0,20,1105,2.4,2069.0,200.0,9.2,47,905,57.8,11.8,1012.5,1016.3,2232,1013.2,315,1014.9,13.9,12.8,1300.0,3.49,27.98,,,,,,1.4,0.0,22.7,6.6,22.1,20.6,20.5,19.5,19.4,18.6,17.2,15.7,16.1,4.9,7.0,,,,2024,5,20,134,0,0,1,0
184,제주,2024-05-14,18.0,13.7,519,22.8,1729,,,,,,,5.3,50,1202,3.9,50,1206,2.1,1839.0,180.0,7.6,29,1805,51.8,10.7,1013.9,1017.5,946,1015.5,346,1016.3,13.9,13.1,1200.0,3.59,28.63,,,,,,0.0,0.0,24.6,7.2,23.3,21.6,21.4,20.0,19.7,18.6,17.2,15.7,16.2,5.5,7.9,,,,2024,5,20,135,0,0,1,0
184,제주,2024-05-15,17.5,14.2,2000,23.5,1054,0.0,,0.0,,0.63,0.0,13.9,320,1615,8.5,320,1600,4.7,4018.0,290.0,5.7,21,1021,48.5,9.5,1012.4,1016.4,1,1013.3,1452,1014.9,13.9,9.4,1200.0,3.73,24.94,,,,,,2.5,2.1,23.7,6.4,23.1,21.4,21.4,20.4,20.0,18.7,17.3,16.0,16.1,6.8,9.7,0.0,{비}1732-{비}{강도0}1800-1810.,,2024,5,20,136,0,0,1,0
184,제주,2024-05-16,19.0,15.1,1,22.7,1640,,,,,,,17.2,270,1346,10.2,270,1409,6.8,5862.0,270.0,3.2,12,2353,38.3,8.2,1011.7,1015.6,906,1012.3,1626,1014.2,13.9,12.9,1200.0,3.73,30.38,,,,,,0.0,0.0,23.5,13.0,22.8,21.0,21.0,20.1,19.8,18.8,17.3,16.4,16.1,9.3,13.3,,,,2024,5,20,137,0,0,1,0
184,제주,2024-05-17,19.9,15.6,645,27.0,1049,,,,,,,12.1,200,1026,7.9,50,1104,3.3,2862.0,70.0,5.1,7,1028,41.8,9.8,1013.0,1017.0,2250,1013.9,18,1015.4,14.0,12.8,1200.0,3.81,31.12,,,,,,2.3,0.0,25.8,7.2,23.6,21.8,21.5,20.2,19.8,18.7,17.4,16.0,16.2,6.6,9.4,,{햇무리}1255-1503.,,2024,5,20,138,0,0,1,0
184,제주,2024-05-18,20.3,16.2,535,26.7,1724,,,,,,,6.7,50,1751,4.4,50,1758,2.0,1707.0,50.0,12.0,36,1728,59.3,14.2,1013.9,1018.1,1024,1014.5,1743,1016.3,14.0,12.9,1200.0,3.83,30.33,,,,,,1.5,0.0,27.3,9.9,24.8,23.1,22.6,20.8,20.2,18.8,17.4,16.1,16.1,5.6,8.0,,,,2024,5,20,139,0,0,1,0
184,제주,2024-05-19,20.1,15.8,548,23.5,1151,,,,,,,6.2,20,1445,4.6,50,1332,2.1,1849.0,20.0,10.3,37,2010,53.9,12.9,1012.4,1016.0,1,1013.7,1826,1014.9,14.0,13.2,1200.0,3.76,31.18,,,,,,0.6,0.0,27.7,8.2,25.4,23.7,23.3,21.4,20.6,19.0,17.5,16.2,16.1,5.7,8.1,,,,2024,5,20,140,0,0,1,0
184,제주,2024-05-20,21.6,17.6,602,25.5,1731,,,,,,,7.0,160,749,3.8,320,1814,2.2,1928.0,20.0,9.6,35,825,47.5,12.2,1013.3,1017.6,2255,1013.4,148,1015.7,14.0,11.4,1100.0,3.29,26.14,,,,,,5.5,0.0,26.6,11.0,25.6,23.9,23.5,21.8,21.1,19.3,17.6,16.2,16.2,5.2,7.4,,{햇무리}1350-1618.,,2024,5,21,141,0,0,1,0
184,제주,2024-05-21,19.9,16.8,555,23.5,1606,,,,,,,13.0,70,1340,7.8,70,1235,4.0,3415.0,90.0,12.7,48,259,64.0,15.0,1015.0,1018.7,916,1016.2,1721,1017.4,14.0,11.1,1200.0,3.63,28.13,,,,,,4.6,0.0,26.9,10.6,25.7,24.0,23.6,22.0,21.3,19.5,17.7,16.1,16.2,4.7,6.6,,{달무리}2350-,,2024,5,21,142,0,0,1,0
184,제주,2024-05-22,19.9,17.8,516,23.0,1535,,,,,,,11.8,70,1052,7.4,70,1105,3.3,2887.0,90.0,15.2,64,1523,75.0,17.3,1012.7,1018.1,5,1013.3,1912,1015.1,14.1,2.1,1100.0,2.32,17.31,,,,,,8.5,0.9,25.1,15.3,25.5,23.8,23.6,22.1,21.5,19.7,17.7,15.8,16.3,2.8,4.0,,-{달무리}-0125.,,2024,5,21,143,0,0,1,0
184,제주,2024-05-23,20.4,17.3,539,24.6,1621,,,,,,,6.3,90,846,4.3,340,1439,2.1,1796.0,20.0,15.2,50,2338,73.1,17.4,1008.9,1013.8,1,1009.9,1749,1011.3,14.1,10.4,1200.0,3.16,24.69,,,,,,7.6,2.0,28.3,14.8,26.3,24.6,24.1,22.3,21.6,19.9,17.9,16.2,16.2,4.4,6.4,,{박무}0307-{박무}{강도0}0600-{시정(미만)}{1km}{안개}0737-{시정(미만)}{0.5km}{안개}0752-{시정(이상)}{0.5km}{안개}0802-{시정(이상)}{1km}{박무}0810-0832. {햇무리}1240-1525.,0.55,2024,5,21,144,0,0,1,0
184,제주,2024-05-24,20.0,17.7,552,23.6,1315,,,,,,,7.4,340,1159,5.0,320,1229,2.3,2013.0,320.0,13.9,49,110,68.5,16.0,1010.2,1014.3,2128,1010.6,223,1012.6,14.1,12.0,1200.0,3.51,27.13,,,,,,0.9,0.1,29.2,11.8,26.7,25.0,24.6,22.8,22.0,20.1,18.1,16.5,16.2,4.6,6.6,,{박무}1915-2015. {박무}2055-{박무}{강도0}2100-2135.,,2024,5,21,145,0,0,1,0
184,제주,2024-05-25,21.2,18.3,38,25.7,1226,,,,,,,14.9,70,1522,8.7,70,1537,4.4,3842.0,90.0,14.2,51,1215,65.3,16.3,1011.8,1016.1,855,1012.7,1955,1014.2,14.1,11.9,1200.0,3.43,27.13,,,,,,1.9,0.0,31.3,12.7,27.0,25.3,24.8,23.0,22.3,20.3,18.2,16.2,16.2,5.5,7.8,,,,2024,5,21,146,0,0,1,0
184,제주,2024-05-26,22.2,17.7,424,26.6,1151,1.1,1522.0,3.1,1432.0,4.22,3.3,11.7,290,2258,6.6,270,2300,1.9,1664.0,20.0,17.0,50,900,73.9,19.8,1004.4,1013.1,1,1002.4,1916,1006.8,14.1,5.8,1100.0,3.25,14.82,,,,,,6.0,4.4,25.7,11.9,26.5,24.8,24.6,23.2,22.5,20.6,18.3,16.4,16.2,2.6,3.8,3.9,{비}1324-{비}{강도0}1500-1617. {박무}1435-{박무}{강도0}1500-1545. {비}1640-1656. {비}1815-1847. {박무}2325-{박무}{강도1}2400- {안개비}2328-{안개비}{강도0}2400-,,2024,5,21,147,0,0,1,1
184,제주,2024-05-27,20.5,18.4,602,23.9,1137,0.2,,0.5,138.0,3.87,0.6,7.9,270,7,4.9,250,7,2.4,2069.0,290.0,12.4,32,1138,62.4,14.7,1003.3,1006.9,919,1003.8,102,1005.7,14.2,4.3,1100.0,3.12,16.89,,,,,,9.0,6.4,24.6,16.4,26.5,24.9,24.7,23.2,22.7,20.8,18.5,16.8,16.2,3.8,5.4,0.0,-{안개비}-{안개비}{강도0}0300-0330. -{박무}-{박무}{강도1}0300-0343. {박무}0412-0538. {비}1513-1524. {비}1625-1636.,,2024,5,22,148,0,0,1,0
184,제주,2024-05-28,19.9,16.8,548,23.7,1503,,,,,,,7.6,340,1428,5.1,340,1430,2.7,2330.0,340.0,12.7,49,953,63.8,14.8,1003.7,1010.6,2347,1003.2,445,1006.1,14.2,12.1,1200.0,3.65,29.36,,,,,,2.3,1.4,,12.5,26.3,24.6,24.4,23.0,22.6,20.9,18.7,16.6,16.2,5.3,7.5,,,,2024,5,22,149,0,0,1,0
184,제주,2024-05-29,19.8,16.3,252,24.0,1318,,,,,,,7.0,50,1121,5.4,50,1045,2.3,1949.0,50.0,13.6,57,851,68.1,15.7,1010.6,1014.4,827,1010.5,1,1013.1,14.2,13.0,1200.0,3.58,28.31,,,,,,2.4,0.0,21.5,10.9,26.4,24.8,24.5,23.1,22.6,21.0,18.8,16.6,16.3,4.4,6.2,,,,2024,5,22,150,0,0,1,0
184,제주,2024-05-30,20.0,16.3,340,23.6,1103,0.6,2119.0,1.4,2258.0,5.35,2.4,5.9,50,1340,4.2,50,1322,1.9,1606.0,50.0,14.1,37,1100,69.4,16.3,1008.8,1012.9,6,1009.7,1337,1011.2,14.2,3.3,1200.0,3.58,17.77,,,,,,8.3,4.0,25.6,9.7,26.2,24.6,24.4,23.2,22.7,20.1,18.9,16.9,16.3,3.2,4.6,3.9,{비}1735-{비}{강도0}1800-1835. {비}1905-1913. {비}1947-{비}{강도0}2100-{비}{강도0}2400- {박무}2253-{박무}{강도0}2400-,,2024,5,22,151,0,0,1,1
184,제주,2024-05-31,19.4,16.8,429,22.8,1610,0.3,-2357.0,0.9,-2358.0,5.37,1.5,7.0,290,1927,4.6,290,1943,2.3,1973.0,160.0,14.1,59,1351,72.1,16.1,1008.7,1013.0,2228,1009.7,1514,1011.1,14.2,4.6,1300.0,2.83,15.68,,,,,,8.3,5.9,24.1,15.5,25.7,24.2,24.2,23.1,22.7,21.2,19.0,16.8,16.3,3.1,4.4,,-{박무}-0013. -{비}-0139. {비}0215-{비}{강도0}0300-0440. {박무}0305-0409. {비}0507-{비}{강도0}0600-0625.,,2024,5,22,152,0,0,1,1
184,제주,2024-06-01,19.8,17.7,227,22.8,1626,0.0,,0.0,,0.28,0.0,8.4,270,1723,5.5,290,1448,3.4,2948.0,270.0,13.8,54,1724,69.0,15.8,1010.1,1013.3,923,1011.6,1701,1012.5,14.2,8.3,1200.0,3.4,22.63,,,,,,5.1,2.8,24.2,14.4,25.6,24.1,23.9,22.9,22.5,21.3,19.1,17.4,16.3,4.3,6.1,0.0,{비}0855-{비}{강도0}0900-0912.,,2024,6,22,153,0,0,1,0
184,제주,2024-06-02,20.2,17.4,459,23.7,1428,,,,,,,7.8,290,1820,5.1,290,1624,3.1,2685.0,290.0,12.7,46,1738,62.9,14.7,1009.2,1013.1,746,1010.2,1744,1011.6,14.2,6.8,1100.0,3.07,20.54,,,,,,8.3,0.3,25.2,14.7,25.7,24.1,23.9,22.8,22.5,21.2,19.3,17.3,16.3,4.5,6.5,,,,2024,6,22,154,0,0,1,0
184,제주,2024-06-03,21.5,17.8,545,24.4,1502,,,,,,,9.3,50,1607,6.3,50,1612,3.1,2712.0,50.0,12.0,37,837,56.0,14.3,1008.4,1013.0,2354,1009.4,1421,1010.8,14.3,9.0,1000.0,2.99,22.84,,,,,,4.9,2.1,28.5,11.7,25.8,24.2,24.0,22.9,22.4,21.2,19.3,17.2,16.3,4.6,6.6,,,,2024,6,23,155,0,0,1,0
184,제주,2024-06-04,20.2,17.3,544,23.8,1431,,,,,,,10.9,70,1007,6.9,70,1029,3.5,3006.0,70.0,12.9,49,1422,63.8,14.9,1013.3,1018.5,2245,1012.9,1,1015.7,14.3,12.9,1200.0,3.57,28.19,,,,,,3.3,2.0,29.6,12.9,26.3,24.8,24.4,23.1,22.5,21.2,19.3,16.8,16.3,4.9,7.0,,,,2024,6,23,156,0,0,1,0
184,제주,2024-06-05,19.9,16.8,424,22.5,1250,,,,,,,12.1,70,1212,7.0,50,1259,3.5,3046.0,70.0,13.7,59,1235,67.9,15.7,1015.4,1018.8,847,1016.0,1628,1017.8,14.3,3.2,1200.0,3.64,16.71,,,,,,7.5,1.9,24.1,11.9,26.1,24.5,24.4,23.3,22.7,21.3,19.4,17.0,16.4,3.3,4.8,0.0,,,2024,6,23,157,0,0,1,0
184,제주,2024-06-06,20.2,19.2,446,22.5,1029,0.4,1711.0,0.9,1657.0,9.33,1.1,8.6,70,1434,5.5,70,1437,2.9,2508.0,90.0,15.7,59,944,76.4,17.9,1013.9,1017.9,1,1015.3,1634,1016.3,14.3,0.0,900.0,0.94,5.56,,,,,,9.5,4.5,22.2,16.5,25.2,23.6,23.7,23.0,22.7,21.4,19.4,17.0,16.4,1.6,2.3,1.1,{비}0516-0537. {비}0850-{비}{강도0}0900-1020. {비}1052-1137. {비}1222-{비}{강도0}1500-1515. {비}1605-{비}{강도0}1800-1940. {박무}1702-1725. {비}2152-2208.,,2024,6,23,158,0,0,1,1
184,제주,2024-06-07,22.6,19.0,56,25.4,1331,0.0,,0.0,,0.27,0.0,10.6,160,1152,5.9,110,1139,2.4,2074.0,140.0,15.5,49,1325,65.4,17.6,1010.5,1015.5,101,1011.0,1725,1012.9,14.3,2.6,1100.0,2.9,16.89,,,,,,8.9,6.8,26.6,15.9,25.5,23.9,23.6,22.6,22.4,21.4,19.5,17.2,16.4,3.5,5.0,4.6,{비}0454-0510.,,2024,6,23,159,0,0,1,0
184,제주,2024-06-08,21.3,19.7,2229,23.4,1650,0.9,630.0,2.9,626.0,10.03,7.9,4.5,50,1643,3.5,50,1645,1.8,1515.0,50.0,18.7,72,14,85.4,21.5,1005.4,1011.3,2,1005.4,1644,1007.8,14.3,0.8,1600.0,1.55,8.6,,,,,,9.0,7.6,23.9,18.5,25.9,24.3,24.2,23.0,22.7,21.4,19.7,17.6,16.4,1.6,2.2,4.1,{비}0520-{비}{강도0}0600-{비}{강도0}0900-1052. {박무}0629-{박무}{강도0}0900-1036. {비}1122-{비}{강도0}1200-{비}{강도0}1500-1552. {박무}1136-{박무}{강도0}1200-{박무}{강도1}1500-1537. {박무}1753-{박무}{강도0}1800-{시정(미만)}{1km}{안개}1803-{시정(미만)}{0.5km}{안개}1819-{시정(이상)}{0.5km}{안개}1856-{시정(이상)}{1km}{박무}1903-{박무}{강도0}2100-{박무}{강도0}2400-,1.0,2024,6,23,160,0,0,1,1
184,제주,2024-06-09,21.5,19.1,457,26.1,1701,0.2,,0.4,324.0,3.92,0.8,7.9,50,455,5.3,20,328,2.8,2452.0,50.0,17.9,61,1700,81.3,20.5,1006.0,1010.5,2200,1005.5,120,1008.4,14.3,5.5,1400.0,3.15,14.05,,,,,,7.1,5.5,25.3,15.2,26.0,24.5,24.3,23.1,22.8,21.5,19.7,17.4,16.4,3.3,4.7,,{안개비}0110-{안개비}{강도0}0300-{비}0402-0505. -{박무}-{박무}{강도2}0300-0510.,,2024,6,23,161,0,0,1,0
184,제주,2024-06-10,23.6,18.9,144,29.2,1330,,,,,,,7.6,270,1615,4.8,320,1536,2.6,2268.0,290.0,14.5,34,1319,58.5,16.7,1006.8,1010.5,633,1007.5,1740,1009.2,14.4,11.7,1200.0,3.51,26.2,,,,,,2.9,0.0,28.3,13.9,26.7,25.2,24.8,23.3,22.8,21.5,19.7,18.0,16.4,5.4,7.7,,,,2024,6,24,162,0,0,1,0
184,제주,2024-06-11,21.7,19.2,437,24.8,1406,,,,,,,4.7,20,1302,3.5,20,1309,1.8,1529.0,50.0,17.0,59,746,75.4,19.5,1005.8,1009.9,505,1006.9,1839,1008.2,14.4,6.2,1300.0,2.76,19.78,,,,,,6.1,0.5,28.1,13.6,27.1,25.6,25.3,23.8,23.1,21.6,19.8,17.9,16.4,3.4,4.9,,{박무}2119-{박무}{강도0}2400-,,2024,6,24,163,0,0,1,0
184,제주,2024-06-12,22.1,19.0,540,26.1,1634,,,,,,,7.6,50,45,4.7,20,1337,1.8,1520.0,50.0,18.1,69,1324,78.6,20.9,1003.2,1007.2,15,1004.2,1710,1005.6,14.4,9.5,1000.0,2.6,20.12,,,,,,3.5,2.3,26.7,13.9,27.0,25.4,25.2,23.9,23.2,21.8,19.9,17.9,16.4,3.4,4.9,,-{박무}-0211. {박무}0249-{박무}{강도0}0300-0411. {박무}0746-{박무}{강도0}0900-1105.,,2024,6,24,164,0,0,1,0
184,제주,2024-06-13,23.7,20.2,519,28.8,1538,,,,,,,6.2,320,1608,4.1,320,1550,2.1,1850.0,20.0,17.8,37,1433,70.1,20.4,1002.5,1006.2,2159,1004.0,1232,1004.9,14.4,13.1,1200.0,3.49,27.53,,,,,,1.4,0.5,31.5,16.1,28.2,26.6,26.1,24.5,23.4,21.9,20.0,17.9,16.4,5.1,7.3,,,,2024,6,24,165,0,0,1,0
184,제주,2024-06-14,25.4,21.5,559,31.4,1417,,,,,,,8.3,110,1307,5.8,50,1050,2.3,1997.0,20.0,19.1,49,1322,69.4,22.1,1002.6,1006.7,706,1003.5,1404,1005.0,14.4,9.4,1200.0,2.91,23.34,,,,,,5.8,4.0,33.0,17.9,29.0,27.5,26.9,25.5,24.0,22.1,20.1,18.3,16.5,4.5,6.4,,,,2024,6,24,166,0,0,1,0
184,제주,2024-06-15,24.9,22.0,440,27.5,1814,,,,,,,6.6,290,1859,4.7,270,2057,2.3,2018.0,20.0,20.1,62,1811,75.0,23.5,1001.5,1006.0,2327,1002.4,1440,1003.9,14.4,10.3,1200.0,3.45,25.83,,,,,,5.1,1.9,34.2,18.3,29.8,28.3,27.7,26.1,24.6,22.4,20.2,18.1,16.5,4.6,6.6,,{박무}0839-{박무}{강도0}0900-0937.,,2024,6,24,167,0,0,1,0
184,제주,2024-06-16,25.0,22.3,2355,28.8,1452,,,,,,,6.3,270,924,4.3,340,1105,2.9,2468.0,290.0,19.2,51,1430,70.9,22.3,1005.5,1009.8,2137,1005.1,155,1007.9,14.4,9.3,1200.0,3.39,24.2,,,,,,5.5,1.4,39.2,18.6,30.2,28.8,28.3,26.7,25.2,22.7,20.3,18.7,16.8,4.4,6.3,,,,2024,6,24,168,0,0,1,0
184,제주,2024-06-17,22.5,20.4,2355,24.6,1231,0.3,1418.0,0.3,1328.0,4.37,0.3,7.2,20,1601,5.3,20,1603,1.7,1488.0,20.0,17.3,54,1136,73.3,19.8,1005.6,1009.7,952,1006.2,1659,1008.0,14.4,1.2,1200.0,0.81,5.7,,,,,,7.4,5.0,23.8,15.6,28.2,26.8,27.0,26.5,25.4,23.0,20.5,18.6,16.6,2.1,3.0,0.3,{비}0950-{비}{강도0}1200-1223. {비}1308-1457.,,2024,6,25,169,0,0,1,0
184,제주,2024-06-18,25.0,19.2,209,31.2,1351,,,,,,,7.7,320,1722,4.3,290,1725,2.7,2356.0,290.0,12.5,17,1139,49.4,14.7,1005.6,1009.2,2152,1006.4,159,1008.0,14.4,13.5,1200.0,3.59,29.36,,,,,,1.4,0.0,32.4,14.2,28.1,26.7,26.3,25.5,24.6,23.2,20.7,18.7,16.6,7.1,10.2,,,,2024,6,25,170,0,0,1,0
184,제주,2024-06-19,24.9,22.1,514,29.0,1257,,,,,,,8.9,50,1908,6.3,50,1913,2.3,2007.0,180.0,15.8,39,1227,58.0,18.2,1005.9,1009.4,629,1006.7,2006,1008.3,14.4,6.4,1100.0,2.87,17.83,,,,,,8.1,2.0,31.2,16.7,28.8,27.3,27.1,26.1,24.4,22.7,20.4,18.3,16.6,3.5,5.0,2.7,,,2024,6,25,171,0,0,1,0
184,제주,2024-06-20,22.6,21.7,2354,24.5,1707,8.0,1329.0,30.6,1329.0,14.28,92.9,15.0,50,1752,9.4,70,1759,2.8,2410.0,110.0,19.4,70,1656,82.4,22.5,1000.3,1007.6,1,998.0,1604,1002.7,14.4,0.0,1000.0,0.15,0.84,,,,,,9.9,6.5,23.0,20.5,26.7,25.2,25.6,25.8,24.5,22.7,20.3,17.9,16.7,,,,{비}0250-{비}{강도0}0300-0510. {비}0555-{비}{강도0}0600-{비}{강도0}0900-{비}{강도1}1200-{비}{강도2}1500-1752. {박무}0652-0708. {박무}1028-{박무}{강도2}1200-{시정(미만)}{1km}{안개}1256-{시정(이상)}{1km}{박무}1436-{박무}{강도0}1500-1525.,,2024,6,25,172,0,0,1,1
184,제주,2024-06-21,24.9,21.7,1,28.5,1443,0.0,,0.0,,0.13,0.0,6.7,70,206,3.5,90,200,1.7,1494.0,20.0,20.7,65,1423,78.3,24.4,1000.5,1004.3,2142,1001.6,252,1002.9,14.4,5.2,1100.0,2.9,18.44,,,,,,8.3,5.3,26.4,20.7,27.2,25.9,25.5,24.9,22.5,21.8,19.7,17.3,16.7,,,,{비}2352-{비}{강도0}2400-,,2024,6,25,173,0,0,1,0
184,제주,2024-06-22,25.9,23.3,521,29.4,1601,7.8,1201.0,12.9,1143.0,8.43,24.4,16.6,250,1713,9.3,250,1722,4.0,3441.0,250.0,22.6,65,1557,82.5,27.3,997.3,1003.6,1,996.4,1655,999.6,14.4,0.0,1300.0,1.23,5.58,,,,,,10.0,5.3,26.4,22.7,27.9,26.6,26.5,25.9,23.0,21.5,19.6,17.2,16.8,2.2,3.1,39.8,{박무}0001-0125. -{비}-0138. {박무}0247-{박무}{강도0}0300-{박무}{강도0}0600-0732. {비}0647-0827. {비}1052-{비}{강도1}1200-1454. {박무}1151-{박무}{강도2}1200-1235. {비}1625-1714. {비}1841-1858.,,2024,6,25,174,0,0,1,1
184,제주,2024-06-23,24.6,21.8,836,27.4,1718,3.9,125.0,7.1,745.0,8.1,27.0,13.2,270,356,7.3,270,320,3.5,3010.0,270.0,20.8,68,2400,80.1,24.7,999.1,1003.9,2226,999.0,226,1001.5,14.4,0.8,1100.0,1.59,10.54,,,,,,9.4,4.0,25.4,20.6,27.8,26.5,26.5,25.9,23.1,21.7,19.7,17.8,17.2,2.6,3.8,1.5,{비}0108-0237. {박무}0128-0136. {박무}0407-0456. {비}0423-0455. {비}0519-{비}{강도0}0600-{비}{강도1}0900-1035. {박무}0527-{박무}{강도0}0600-{박무}{강도0}0900-0931. {비}1425-{비}{강도0}1500-1514.,,2024,6,25,175,0,0,1,1
184,제주,2024-06-24,25.6,23.8,2351,29.8,1313,,,,,,,11.9,290,1443,7.4,290,1318,4.3,3712.0,270.0,20.8,54,1310,75.6,24.6,1003.4,1008.9,2223,1003.1,443,1005.7,14.4,5.0,1200.0,3.32,19.5,,,,,,7.8,2.8,27.4,22.5,28.5,27.2,26.9,26.0,23.3,21.3,20.2,17.6,17.1,4.2,6.0,,{박무}2152-{박무}{강도0}2400-,,2024,6,26,176,0,0,1,0
184,제주,2024-06-25,22.6,21.5,2348,23.8,1,0.0,,0.0,,2.9,0.0,4.5,270,18,3.1,290,27,1.9,1670.0,20.0,17.7,58,1912,74.4,20.3,1009.8,1015.2,2315,1008.6,5,1012.2,14.4,0.0,1600.0,0.84,5.8,,,,,,9.6,5.8,24.5,18.6,27.7,26.5,26.6,26.3,23.8,22.3,20.3,17.8,17.0,1.6,2.3,0.0,-{박무}-0017. {비}1147-{비}{강도0}1200-1208. {비}1310-{비}{강도0}1500-1543.,,2024,6,26,177,0,0,1,0
184,제주,2024-06-26,23.1,21.0,317,26.4,1436,,,,,,,9.6,320,2045,4.6,50,1223,2.0,1728.0,50.0,16.4,49,1422,66.8,18.7,1012.9,1016.2,849,1014.1,1446,1015.3,14.4,1.9,1400.0,2.41,14.04,,,,,,8.1,5.4,26.2,18.2,26.9,25.7,25.7,25.6,23.6,22.5,20.6,18.3,17.0,2.8,4.0,1.4,,,2024,6,26,178,0,0,1,0
184,제주,2024-06-27,22.0,20.4,2229,23.7,1146,6.4,1816.0,19.9,1737.0,15.55,74.7,7.9,70,1127,4.5,50,2110,1.5,1318.0,50.0,19.9,72,120,88.3,23.3,1008.2,1015.1,37,1007.3,1841,1010.6,14.4,0.0,1100.0,0.23,1.39,,,,,,10.0,7.8,23.3,19.8,26.3,25.1,25.3,25.4,23.6,22.6,20.8,18.4,17.0,0.9,1.2,74.0,{비}0510-0549. {비}0627-0753. {박무}0631-0743. {비}0835-{비}{강도0}0900-{비}{강도1}1200-{비}{강도1}1500-{비}{강도1}1800-{비}{강도0}2100-2150. {박무}0903-1004. {박무}1038-{박무}{강도0}1200-{박무}{강도1}1500-{박무}{강도2}1800-1840. {박무}1948-{박무}{강도0}2100-{박무}{강도0}2400- {비}2215-2228.,,2024,6,26,179,0,0,1,1
184,제주,2024-06-28,24.1,20.3,53,27.7,1411,0.3,53.0,0.4,215.0,4.12,0.7,6.3,70,1221,4.7,50,1220,2.0,1737.0,50.0,20.7,67,1414,81.6,24.4,1005.4,1009.1,21,1006.4,1421,1007.8,14.4,2.4,1100.0,2.21,15.98,,,,,,8.9,5.1,26.7,20.1,26.9,25.6,25.4,25.0,23.3,23.0,21.6,18.7,17.0,,,,{비}0018-0111. -{박무}-0127. {비}0215-{비}{강도0}0300-0516. {박무}0216-0255. {비}0705-0718. {박무}2320-{박무}{강도0}2400-,,2024,6,26,180,0,0,1,0
184,제주,2024-06-29,25.5,22.4,335,28.5,1736,10.0,1137.0,16.2,1054.0,12.1,36.6,18.5,230,2350,10.9,230,2221,4.1,3585.0,230.0,21.9,67,1926,81.5,26.4,1002.3,1008.5,340,1001.8,1657,1004.7,14.4,0.0,1600.0,0.47,2.57,,,,,,9.9,5.5,24.5,21.4,27.1,25.8,25.9,25.6,23.8,22.8,21.5,18.8,17.2,2.7,3.9,27.2,-{박무}-0114. {박무}0132-{박무}{강도0}0300-0320. {비}0354-0447. {박무}0405-0435. {비}0633-{비}{강도1}0900-{비}{강도2}1200-{비}{강도0}1500-1545. {박무}0727-{박무}{강도1}0900-0948. {박무}1031-{박무}{강도0}1200-1226. {비}1615-1707. {비}1732-{비}{강도0}1800-1823. {비}1952-2010.,,2024,6,26,181,0,0,1,1
184,제주,2024-06-30,26.8,25.1,2254,28.0,15,2.6,954.0,3.2,950.0,8.5,5.4,23.8,200,355,12.0,230,319,7.5,6516.0,250.0,23.2,73,133,81.0,28.4,999.1,1003.7,2352,1000.0,1431,1001.4,14.4,0.0,1300.0,1.33,6.85,,,,,,9.9,5.9,26.2,24.2,27.5,26.2,26.0,25.6,23.8,22.8,21.5,19.8,18.3,2.5,3.5,5.4,{비}0737-{비}{강도0}0900-{비}{강도0}1200-1440. {비}1543-1550. {비}2240-{비}{강도0}2400-,,2024,6,26,182,0,0,1,1
184,제주,2024-07-01,25.6,24.5,2340,28.0,1207,0.0,,0.0,,5.98,0.0,8.0,290,519,5.2,250,3,2.5,2158.0,320.0,22.6,74,1209,83.6,27.4,1001.9,1005.2,2159,1002.7,46,1004.2,14.3,2.5,1200.0,2.35,11.14,,,,,,8.9,5.5,27.1,23.4,28.3,27.0,26.7,26.0,24.1,23.0,21.8,19.8,17.6,2.5,3.5,0.0,-{비}-0237. {비}0928-0938. {비}1508-1540. {비}1615-1730. {비}1825-1937. {비}2043-2056.,,2024,7,27,183,0,0,1,0
184,제주,2024-07-02,29.7,24.0,143,33.2,1349,,,,,,,23.5,230,1841,12.5,230,2014,7.5,6468.0,230.0,22.3,52,1723,65.6,27.0,1001.9,1007.0,2343,1002.5,1655,1004.2,14.3,8.5,1300.0,3.51,25.23,,,,,,6.5,1.5,29.6,22.9,29.3,27.9,27.6,26.6,24.5,21.2,21.6,19.7,17.9,8.8,12.5,0.0,,,2024,7,27,184,0,0,1,0
184,제주,2024-07-03,29.1,25.9,2336,31.8,1413,0.0,,0.0,,0.67,0.0,18.0,250,218,9.7,230,47,5.2,4510.0,290.0,24.0,65,1,74.4,29.7,1007.8,1012.3,2136,1006.8,1,1010.2,14.3,9.2,1300.0,3.36,23.06,,,,,,4.9,3.6,33.4,24.3,30.4,29.0,28.4,27.3,25.1,23.3,21.8,20.2,17.9,,,,{비}0250-{비}{강도0}0300-0330.,,2024,7,27,185,0,0,1,0
184,제주,2024-07-04,27.2,24.5,549,30.0,1404,,,,,,,7.9,70,1841,5.2,50,1808,2.8,2400.0,50.0,23.4,70,1323,80.5,28.8,1006.5,1012.0,1,1005.7,2010,1008.8,14.3,12.5,1200.0,3.38,27.39,,,,,,1.4,1.3,35.0,23.5,31.5,30.1,29.5,28.1,25.7,23.6,21.9,19.9,17.5,5.2,7.4,8.3,{박무}0402-{시정(미만)}{1km}{안개}0552-{안개}{강도0}0600-{시정(이상)}{1km}{박무}0645-0720.,0.88,2024,7,27,186,0,0,1,0
184,제주,2024-07-05,28.7,25.4,50,34.0,1523,5.3,527.0,8.3,521.0,0.7,8.3,14.4,250,107,7.6,250,116,3.7,3231.0,50.0,24.2,59,1513,77.5,30.2,1004.1,1007.6,550,1005.2,405,1006.4,14.3,8.8,1300.0,3.29,23.39,,,,,,4.3,4.1,31.6,24.1,31.6,30.5,30.1,28.8,26.2,23.8,21.7,20.0,17.8,5.3,7.6,,{박무}0520-{박무}{강도0}0600-0605. {비}0521-{비}{강도1}0600-0603.,,2024,7,27,187,0,0,1,1
184,제주,2024-07-06,30.6,25.3,408,34.8,1330,,,,,,,16.9,230,1543,9.9,230,1124,5.2,4525.0,230.0,21.2,37,1216,59.3,25.3,1003.7,1007.2,2255,1004.9,1755,1006.0,14.3,11.2,1100.0,3.4,24.24,,,,,,6.8,1.5,32.5,27.1,31.0,30.1,30.0,29.2,26.8,24.3,22.0,19.8,17.7,8.3,11.9,,{박무}0210-{박무}{강도0}0300-0404.,,2024,7,27,188,0,0,1,0
184,제주,2024-07-07,30.7,27.7,2301,34.5,1614,,,,,,,16.9,200,847,9.6,230,921,5.1,4432.0,230.0,23.2,48,1207,65.5,28.5,1003.9,1007.3,142,1005.2,1701,1006.2,14.3,3.4,1100.0,2.56,17.09,,,,,,7.5,2.3,32.4,27.6,30.9,29.9,29.8,29.1,27.0,24.6,22.2,20.3,18.3,6.1,8.7,,,,2024,7,27,189,0,0,1,0
184,제주,2024-07-08,31.3,27.7,117,35.1,1443,,,,,,,17.6,230,652,9.4,230,844,5.8,4993.0,230.0,22.7,48,1106,61.0,27.7,1002.3,1006.2,1,1003.4,1436,1004.6,14.3,8.6,1300.0,3.43,21.46,,,,,,8.4,0.4,35.0,25.5,31.3,30.2,30.0,29.2,27.2,24.9,22.5,20.7,18.5,6.4,9.2,,,,2024,7,28,190,0,0,1,0
184,제주,2024-07-09,31.0,28.7,514,34.1,1228,,,,,,,18.7,250,1125,9.8,230,1331,5.6,4870.0,230.0,21.6,46,1126,58.3,25.9,1002.4,1006.0,1059,1003.7,2114,1004.7,14.3,5.6,1100.0,3.0,20.0,,,,,,7.3,2.9,35.4,26.8,31.6,30.5,30.4,29.5,27.5,25.2,22.8,21.0,18.6,6.7,9.6,3.8,,,2024,7,28,191,0,0,1,0
184,제주,2024-07-10,26.2,23.5,2231,29.7,1,12.0,1432.0,38.3,1419.0,9.75,61.7,18.9,200,325,10.3,230,328,5.5,4777.0,270.0,23.2,62,58,84.3,28.5,999.9,1004.1,4,1000.3,1804,1002.2,14.2,0.0,1100.0,0.99,2.85,,,,,,9.8,7.1,27.1,23.2,30.0,29.0,29.4,29.4,27.6,25.3,22.9,21.6,19.6,1.2,1.7,57.9,{비}0720-{비}{강도1}0900-1117. {박무}0811-{박무}{강도0}0900-0921. {비}1210-{시정(미만)}{1km}{비}1419-{시정(이상)}{1km}{비}1445-{비}{강도2}1500-1707. {박무}1235-{박무}{강도2}1500-1653. {비}1801-1810. {비}1925-1942. {비}2010-2035.,,2024,7,28,192,0,0,1,1
184,제주,2024-07-11,24.0,22.9,2346,25.5,1204,0.2,,0.2,,6.13,0.2,8.4,290,1414,4.9,290,1433,2.3,1945.0,290.0,21.2,79,1216,84.5,25.2,1000.6,1003.9,1,1001.8,1639,1003.0,14.2,0.0,1100.0,0.75,4.96,,,,,,9.8,5.3,26.2,21.8,28.2,27.6,27.9,28.2,27.0,25.9,23.6,21.3,18.2,1.5,2.2,0.2,{비}0650-0657. {비}0913-1022. {비}1253-{비}{강도0}1500-1745.,,2024,7,28,193,0,0,1,0
184,제주,2024-07-12,24.7,22.6,134,27.1,1125,0.0,,0.0,,0.13,0.0,5.4,20,1200,3.9,20,1204,2.1,1836.0,50.0,20.6,65,1054,78.6,24.3,1000.9,1004.5,2302,1002.2,222,1003.3,14.2,4.9,1100.0,3.25,15.99,,,,,,6.6,4.9,27.9,20.9,28.6,28.0,28.0,27.9,26.5,25.7,23.7,20.8,18.0,2.8,4.0,,{박무}0004-0158. {비}0430-0438.,,2024,7,28,194,0,0,1,0
184,제주,2024-07-13,25.2,23.2,558,27.5,1623,0.8,1122.0,1.1,1116.0,1.98,1.2,7.6,110,1838,4.2,110,1509,1.7,1443.0,50.0,21.8,72,1915,82.1,26.1,1002.5,1006.6,2212,1003.4,1854,1004.9,14.2,0.1,1400.0,0.72,4.09,,,,,,9.4,6.8,26.5,21.1,28.4,27.7,27.9,28.0,26.6,25.6,23.7,20.9,18.0,1.2,1.8,1.2,{박무}0645-{박무}{강도0}0900-0920. {비}1106-{비}{강도0}1200-1221. {박무}1112-1139. {비}1355-1422. {비}2343-{비}{강도0}2400-,,2024,7,28,195,0,0,1,1
184,제주,2024-07-14,26.2,24.6,1611,29.7,1408,0.0,,0.0,,2.35,0.0,15.4,160,1926,5.8,250,1051,2.1,1798.0,50.0,22.5,65,1410,80.8,27.2,1005.8,1010.6,2307,1005.7,429,1008.1,14.2,0.1,1100.0,0.88,5.21,,,,,,10.0,6.6,26.8,23.9,28.5,27.8,27.8,27.8,26.5,25.6,23.8,21.5,18.1,1.5,2.2,0.0,-{비}-0005. {비}0152-0245. {비}0545-{비}{강도0}0600-0608. {비}0722-0735. {비}0929-1005. {비}1845-1856.,,2024,7,28,196,0,0,1,0
184,제주,2024-07-15,25.7,24.2,323,28.1,1122,1.2,1427.0,2.1,1433.0,8.03,6.2,5.5,70,758,3.6,50,1217,1.4,1252.0,50.0,23.3,74,1139,87.0,28.7,1008.7,1012.1,1207,1009.7,247,1011.1,14.2,0.5,1000.0,1.94,7.42,,,,,,9.9,4.8,27.7,22.8,28.8,28.0,28.0,27.8,26.4,25.5,23.8,21.4,18.1,1.8,2.6,6.2,{박무}0312-0530. {비}0608-0654. {비}0731-0742. {비}0924-0935. {비}1322-1355. {박무}1329-1354. {비}1415-1456. {박무}1421-1451. {비}1510-{비}{강도0}1800-2050. {박무}1515-{박무}{강도0}1800-1807.,,2024,7,29,197,0,0,1,1
184,제주,2024-07-16,29.8,25.7,309,33.3,1203,,,,,,,12.8,230,1407,7.6,250,1408,3.4,2920.0,230.0,22.9,45,1731,67.8,28.0,1008.5,1012.0,708,1008.9,341,1010.8,14.1,4.0,1100.0,2.78,18.95,,,,,,8.5,2.3,29.9,24.7,29.8,28.9,28.7,28.1,26.6,25.5,23.7,21.6,18.3,5.2,7.5,,,,2024,7,29,198,0,0,1,0
184,제주,2024-07-17,30.1,26.6,523,35.2,1601,,,,,,,11.8,230,1207,7.4,230,1258,2.9,2504.0,50.0,22.6,44,1407,65.4,27.4,1007.4,1011.7,9,1007.3,2356,1009.7,14.1,10.1,1300.0,3.5,24.73,,,,,,7.6,2.0,32.5,22.7,31.1,30.1,29.7,28.9,27.0,25.5,23.8,21.5,18.2,6.0,8.6,,,,2024,7,29,199,0,0,1,0
184,제주,2024-07-18,30.1,27.6,50,34.2,1442,2.0,1210.0,2.0,1203.0,1.25,2.0,15.5,200,1004,8.5,230,1007,4.0,3456.0,250.0,23.8,57,1038,69.8,29.5,1003.6,1007.4,1,1004.9,1553,1005.9,14.1,4.0,1400.0,2.96,15.31,,,,,,8.6,4.1,30.9,25.1,31.2,30.3,30.1,29.5,27.7,25.7,23.7,21.4,18.5,4.3,6.1,13.3,{비}1203-1242. {비}1929-2005.,,2024,7,29,200,0,0,1,1
184,제주,2024-07-19,28.0,23.9,1026,34.2,1455,12.6,940.0,19.9,938.0,5.82,32.3,13.8,230,517,7.4,270,1340,3.1,2704.0,290.0,24.0,57,1456,80.1,29.8,1004.5,1009.8,1003,1004.6,1127,1006.8,14.1,3.0,1300.0,3.22,11.59,,,,,,8.3,5.0,29.8,23.7,30.6,29.7,29.7,29.4,27.9,25.9,23.8,21.2,18.4,3.3,4.8,21.0,{비}0038-0058. {비}0415-{비}{강도1}0600-0631. {박무}0421-{박무}{강도0}0600-0614. {비}0809-{비}{강도0}0900-0902. {비}0933-1130. {비}2220-2243.,,2024,7,29,201,0,0,1,1
184,제주,2024-07-20,31.1,26.7,332,35.5,1305,0.0,,0.0,,0.58,0.0,13.4,250,1204,7.7,230,911,3.4,2939.0,230.0,23.4,44,1240,65.5,28.9,1006.1,1009.2,959,1007.1,1813,1008.4,14.1,10.8,1200.0,3.46,26.51,,,,,,4.9,2.4,32.7,26.2,31.8,30.8,30.4,29.6,27.9,26.2,24.0,22.0,18.9,7.1,10.1,0.0,{비}0105-0140. {달코로나}2055-2340.,,2024,7,29,202,0,0,1,0
184,제주,2024-07-21,30.4,26.2,516,35.1,1312,0.0,,0.0,,0.6,0.0,12.4,360,156,7.1,230,215,3.9,3352.0,50.0,24.3,49,1248,70.9,30.3,1006.9,1010.5,805,1007.7,208,1009.2,14.1,4.7,1500.0,2.22,16.01,,,,,,5.9,3.6,30.5,24.8,32.0,31.1,30.9,30.2,28.5,26.4,24.2,22.6,19.5,4.2,6.1,,{비}0448-0512. {비}0840-0852.,,2024,7,29,203,0,0,1,0
184,제주,2024-07-22,29.7,26.9,333,33.0,1317,,,,,,,9.1,50,1153,6.0,50,1142,2.6,2265.0,50.0,24.7,61,1303,74.9,31.0,1005.4,1010.4,5,1005.6,2344,1007.7,14.0,11.3,1200.0,3.43,24.9,,,,,,5.0,1.9,35.0,25.2,32.7,31.7,31.3,30.4,28.5,26.5,24.2,21.4,18.4,5.1,7.3,,{햇무리}1355-1435.,,2024,7,30,204,0,0,1,0
184,제주,2024-07-23,29.9,27.8,447,32.7,1534,,,,,,,8.3,50,1426,5.6,50,1219,2.7,2302.0,50.0,24.2,62,1109,71.9,30.2,1003.5,1007.4,446,1004.4,1657,1005.8,14.0,10.6,1200.0,3.45,25.66,,,,,,5.3,1.0,35.8,25.2,33.3,32.3,31.9,30.9,29.0,26.8,24.3,22.0,18.5,5.7,8.1,,{햇무리}1350-1535.,,2024,7,30,205,0,0,1,0
184,제주,2024-07-24,30.3,28.3,626,33.0,1312,0.0,,0.0,,0.12,0.0,7.0,110,126,4.9,50,1353,2.2,1903.0,50.0,25.0,59,1314,73.8,31.7,1002.4,1005.9,1037,1003.7,1727,1004.7,14.0,11.9,1300.0,3.24,23.03,,,,,,5.3,1.9,36.6,26.8,33.7,32.8,32.4,31.4,29.4,27.1,24.5,22.1,18.5,4.6,6.6,0.0,{비}1120-1127. {햇무리}1250-1725.,,2024,7,30,206,0,0,1,0
184,제주,2024-07-25,30.6,28.1,441,34.5,1115,2.0,1305.0,2.0,1228.0,4.47,2.0,13.2,140,1259,6.9,160,1305,3.3,2865.0,160.0,23.8,49,1043,67.8,29.4,1002.5,1006.2,2054,1003.4,553,1004.8,14.0,6.4,1000.0,2.94,17.64,,,,,,6.6,4.5,32.2,26.1,33.3,32.3,32.2,31.5,29.7,27.3,24.5,21.7,18.6,4.3,6.1,21.4,{비}1228-1326. {비}1343-{비}{강도0}1500-1535. {소나기}1840-1935. {무지개}1847-1854. {비}2027-{비}{강도0}2100-2110.,,2024,7,30,207,0,0,1,1
184,제주,2024-07-26,28.2,26.9,839,29.6,1347,6.4,716.0,8.1,659.0,22.37,35.9,16.0,70,557,5.4,160,1348,2.3,1944.0,140.0,24.6,72,1103,81.1,30.9,1006.0,1012.3,2240,1004.9,411,1008.3,13.9,0.0,1400.0,0.43,2.62,,,,,,10.0,6.5,28.7,26.1,31.4,30.6,30.8,31.0,29.6,27.6,24.8,22.1,18.7,1.2,1.8,22.1,{비}0046-{비}{강도1}0300-0446. {비}0510-{비}{강도0}0600-{비}{강도0}0900-1034. {비}1102-{비}{강도0}1200-{비}{강도0}1500-{비}{강도0}1800-{비}{강도0}2100-{비}{강도0}2400- {무지개}1839-1858.,,2024,7,30,208,0,0,1,1
184,제주,2024-07-27,30.5,27.1,42,34.6,1807,2.3,-2356.0,6.1,-2348.0,10.27,6.2,9.2,320,741,5.0,50,1431,2.2,1930.0,140.0,23.9,50,1755,68.9,29.6,1011.4,1015.9,2233,1010.8,237,1013.8,13.9,2.9,1300.0,2.6,12.2,,,,,,8.4,5.6,30.9,26.3,31.4,30.6,30.5,30.3,29.1,27.8,25.2,22.6,18.8,3.6,5.1,0.6,-{비}-0120. {비}0415-{비}{강도0}0600-{비}{강도0}0900-{비}{강도0}1200-1311. {무지개}1825-1845.,,2024,7,30,209,0,0,1,1
184,제주,2024-07-28,30.1,27.7,550,32.7,1723,,,,,,,8.2,70,1416,5.6,50,1259,2.9,2498.0,50.0,23.8,60,1009,69.6,29.6,1011.4,1015.7,1,1012.4,1818,1013.7,13.9,12.3,1200.0,3.38,25.18,,,,,,2.3,1.3,31.9,25.0,32.6,31.8,31.4,30.7,29.2,27.8,25.4,22.1,18.6,5.3,7.6,,,,2024,7,30,210,0,0,1,0
184,제주,2024-07-29,30.0,26.6,524,33.3,1619,,,,,,,10.5,290,1611,6.4,290,1550,2.9,2529.0,50.0,24.1,61,1620,71.0,30.0,1008.5,1013.2,1,1009.0,1750,1010.8,13.9,12.1,1200.0,3.41,25.22,,,,,,0.8,0.8,33.5,24.2,33.1,32.2,32.0,31.2,29.6,27.4,25.5,22.6,18.7,5.6,7.9,,,,2024,7,31,211,0,0,1,0
184,제주,2024-07-30,30.6,27.5,623,33.9,1455,,,,,,,10.8,290,1317,7.1,290,1241,3.9,3395.0,290.0,23.8,54,1050,68.0,29.5,1006.5,1010.3,1,1007.9,1639,1008.8,13.8,13.1,1200.0,3.4,27.07,,,,,,0.0,0.0,35.6,25.6,33.4,32.4,32.2,31.5,29.8,28.0,25.5,23.4,19.7,6.2,8.9,,,,2024,7,31,212,0,0,1,0
184,제주,2024-07-31,30.2,27.0,501,32.7,1413,,,,,,,7.3,50,1454,5.3,70,1541,2.8,2426.0,50.0,24.2,61,922,70.8,30.3,1005.2,1008.9,632,1006.2,2358,1007.5,13.8,11.8,1200.0,3.36,24.65,,,,,,2.3,2.3,36.7,25.2,33.7,32.8,32.4,31.6,30.0,27.6,25.7,23.3,19.1,5.2,7.5,,,,2024,7,31,213,0,0,1,0
184,제주,2024-08-01,30.8,28.3,505,33.5,1514,,,,,,,8.5,50,1425,5.6,50,1721,3.0,2599.0,50.0,25.0,58,1101,72.1,31.8,1003.0,1006.6,715,1003.6,1751,1005.3,13.8,12.1,1200.0,3.35,26.33,,,,,,1.4,1.4,37.7,26.4,34.4,33.5,33.1,32.0,30.3,28.3,25.7,22.7,18.9,5.6,8.0,,,,2024,8,31,214,0,0,1,0
184,제주,2024-08-02,31.0,28.0,537,34.7,1600,,,,,,,6.0,290,1527,4.2,320,1528,2.3,1982.0,50.0,25.5,52,1618,73.3,32.6,1003.2,1007.4,2219,1004.1,320,1005.5,13.8,11.9,1200.0,3.24,24.75,,,,,,1.0,1.0,37.7,26.8,34.9,33.9,33.5,32.4,,,,,,5.0,7.2,,,,2024,8,31,215,0,0,1,0
184,제주,2024-08-03,31.2,28.8,609,33.6,1322,,,,,,,7.6,160,706,4.3,290,904,2.3,1964.0,20.0,25.7,52,1845,73.5,33.2,1005.5,1008.8,2318,1006.3,140,1007.8,13.7,12.4,1300.0,3.3,22.76,,,,,,1.5,0.8,37.0,27.7,35.2,34.2,33.8,32.7,30.8,28.7,26.0,23.3,19.2,4.7,6.7,,,,2024,8,31,216,0,0,1,0
184,제주,2024-08-04,31.1,29.1,358,34.5,1628,,,,,,,5.9,50,900,4.0,20,1501,2.2,1897.0,20.0,26.0,64,1639,74.8,33.7,1005.6,1009.0,937,1006.7,1931,1007.9,13.7,12.1,1200.0,3.27,25.18,,,,,,2.4,1.9,38.3,27.3,35.3,34.4,33.9,32.9,30.9,28.9,26.1,23.6,19.3,5.1,7.3,,,,2024,8,31,217,0,0,1,0
184,제주,2024-08-05,30.4,28.8,553,33.1,1034,0.0,,0.0,,1.8,0.0,12.0,50,1306,6.9,70,1300,,,70.0,25.7,49,1436,76.4,33.0,1005.1,1008.8,2214,1006.4,1453,1007.4,13.7,4.8,,,11.91,,,,,,5.1,2.9,34.6,27.8,35.2,34.2,34.0,33.1,31.2,29.1,26.3,23.5,19.2,,,0.0,{소나기}1445-{소나기}{강도0}1500-1513. {소나기}1720-{소나기}{강도0}1800-1840.,,2024,8,32,218,0,0,1,0
184,제주,2024-08-06,30.3,28.3,147,32.3,848,,,,,,,9.2,70,1258,6.0,70,1344,3.3,2847.0,70.0,24.6,55,2141,72.1,31.0,1004.5,1008.2,913,1005.8,246,1006.8,13.7,11.8,1300.0,3.21,22.38,,,,,,3.4,1.4,35.9,26.6,34.7,33.8,33.5,32.9,31.2,29.3,26.4,23.5,19.3,4.7,6.7,,,,2024,8,32,219,0,0,1,0
184,제주,2024-08-07,30.3,27.7,521,33.2,1504,,,,,,,6.1,50,1050,5.1,50,1159,2.4,2051.0,50.0,24.2,62,1438,70.3,30.3,1004.0,1007.7,728,1005.1,1531,1006.3,13.6,12.8,1200.0,3.26,25.15,,,,,,0.1,0.0,37.9,25.7,34.9,34.1,33.7,32.9,31.2,29.5,26.6,22.9,19.0,5.3,7.5,,,,2024,8,32,220,0,0,1,0
184,제주,2024-08-08,30.6,28.0,557,33.5,1513,,,,,,,5.7,20,1248,4.3,20,1240,2.2,1938.0,20.0,24.8,64,1013,71.6,31.4,1002.8,1006.2,2,1004.3,1601,1005.1,13.6,11.6,1200.0,3.35,24.31,,,,,,3.8,2.4,38.6,26.2,35.3,34.5,34.0,33.1,31.3,29.6,26.8,23.5,19.1,5.2,7.4,,,,2024,8,32,221,0,0,1,0
184,제주,2024-08-09,30.7,28.5,600,32.9,1219,,,,,,,5.5,50,1542,3.7,50,840,2.1,1841.0,50.0,24.3,61,922,69.1,30.4,1002.0,1005.2,720,1003.2,1739,1004.3,13.6,11.9,1200.0,3.27,25.15,,,,,,2.5,0.6,38.9,25.8,35.6,34.8,34.3,33.4,31.4,29.7,26.9,23.4,19.1,5.3,7.6,,,,2024,8,32,222,0,0,1,0
184,제주,2024-08-10,30.9,28.0,544,34.4,1725,,,,,,,9.1,70,1500,6.1,50,1349,2.8,2460.0,180.0,23.8,52,1718,66.4,29.6,1001.0,1004.2,1,1002.0,1741,1003.3,13.5,12.1,1200.0,3.27,24.58,,,,,,2.5,1.1,37.8,24.8,35.6,34.8,34.4,33.5,31.6,29.8,27.1,23.6,19.2,5.5,7.9,,,,2024,8,32,223,0,0,1,0
184,제주,2024-08-11,30.9,27.9,307,34.9,1344,,,,,,,10.0,90,1328,6.9,50,1147,2.9,2514.0,110.0,22.6,53,1324,62.0,27.5,1000.2,1003.4,833,1001.6,1613,1002.5,13.5,12.0,1300.0,3.31,24.95,,,,,,2.4,1.0,38.9,24.3,35.7,34.7,34.4,33.6,31.6,30.0,27.2,23.9,19.2,,,,,,2024,8,32,224,0,0,1,0
184,제주,2024-08-12,30.1,27.6,530,33.3,1329,,,,,,,11.1,70,1544,6.6,70,1553,3.2,2775.0,70.0,22.3,50,130,63.5,27.0,1001.9,1006.2,2310,1002.7,131,1004.2,13.5,12.4,1200.0,3.34,25.76,,,,,,2.0,0.0,38.3,23.2,35.6,34.7,34.4,33.6,31.7,30.0,27.3,24.0,19.4,5.9,8.5,,,,2024,8,33,225,0,0,1,0
184,제주,2024-08-13,29.8,27.7,506,32.8,1343,,,,,,,10.2,70,1359,7.1,50,1238,3.4,2904.0,70.0,23.5,56,1321,69.6,28.9,1004.9,1008.2,2228,1006.0,1,1007.2,13.5,10.0,1200.0,3.4,22.22,,,,,,2.9,2.0,37.7,24.0,35.3,34.4,34.2,33.5,31.7,30.1,27.4,23.2,19.2,4.9,7.0,6.4,,,2024,8,33,226,0,0,1,0
184,제주,2024-08-14,28.7,25.9,744,31.1,1742,2.8,714.0,6.4,629.0,2.03,6.5,9.0,50,1157,5.5,50,1714,2.5,2175.0,90.0,23.9,60,1750,76.0,29.7,1004.9,1008.3,651,1005.6,1729,1007.2,13.4,3.7,1500.0,1.7,10.41,,,,,,6.3,4.5,30.8,25.0,33.9,32.9,33.2,33.1,31.7,29.7,27.5,24.1,19.3,2.8,4.0,0.1,{비}0627-0734. {박무}0638-0723. {비}1416-{비}{강도0}1500-1503. {비}1625-1633.,,2024,8,33,227,0,0,1,1
184,제주,2024-08-15,27.6,25.6,1500,32.0,1242,14.4,1422.0,31.9,1347.0,3.27,31.9,10.0,50,1300,6.0,50,1308,2.4,,90.0,23.7,62,1155,79.8,29.3,1004.6,1008.0,2319,1005.7,1717,1006.9,13.4,3.3,1200.0,2.66,10.54,,,,,,7.3,2.1,28.1,24.3,,,,,31.2,29.6,27.6,24.1,19.3,2.1,3.0,34.3,{비}0302-0310. {비}1052-1056. {비}1303-{비}{강도2}1500-1607.,,2024,8,33,228,0,0,1,1
184,제주,2024-08-16,28.3,25.4,433,32.1,1654,0.4,252.0,1.2,220.0,7.92,2.4,8.5,50,1254,6.1,50,1258,2.6,2266.0,50.0,23.8,59,1657,77.3,29.5,1005.8,1009.7,2200,1007.0,336,1008.1,13.4,6.4,1200.0,2.95,18.02,,,,,,6.5,2.8,30.0,24.7,32.1,31.4,31.3,31.3,30.4,29.9,27.7,24.3,19.4,4.1,5.9,,{비}0057-{비}{강도0}0300-{비}{강도0}0600-0852.,,2024,8,33,229,0,0,1,1
184,제주,2024-08-17,29.4,26.6,313,33.0,1539,0.0,,0.0,,0.25,0.0,10.2,20,1110,5.9,50,1112,2.7,2308.0,50.0,24.1,59,1523,73.5,30.0,1007.6,1010.9,951,1008.5,1727,1009.9,13.3,8.2,1400.0,3.31,20.82,,,,,,5.4,2.9,31.5,24.7,32.6,31.8,31.7,31.6,30.5,29.7,27.7,24.4,19.5,4.6,6.6,0.0,{비}1340-1355. {채운}1345-1405.,,2024,8,33,230,0,0,1,0
184,제주,2024-08-18,29.5,27.6,617,32.9,1351,0.0,,0.0,,1.2,0.0,10.8,90,1212,6.3,50,1522,3.1,2640.0,110.0,24.2,54,1452,74.3,30.3,1006.5,1010.6,13,1007.1,1722,1008.8,13.3,8.1,1300.0,3.43,22.89,,,,,,7.1,5.1,32.6,26.4,33.2,32.4,32.2,31.7,30.6,29.6,27.7,24.3,19.5,5.2,7.4,0.0,{비}0155-0240. {비}0838-{비}{강도0}0900-0905.,,2024,8,33,231,0,0,1,0
184,제주,2024-08-19,30.6,27.2,312,35.0,1430,,,,,,,11.0,70,1641,6.3,50,1658,3.0,2551.0,90.0,23.7,49,1402,67.5,29.3,1004.6,1008.5,1,1005.1,1624,1006.9,13.3,11.2,1200.0,3.26,25.55,,,,,,1.3,1.1,35.0,24.8,33.5,32.7,32.4,31.9,30.7,29.6,27.6,24.3,19.7,5.5,7.9,0.0,,,2024,8,34,232,0,0,1,0
184,제주,2024-08-20,30.4,28.0,358,32.8,1032,1.6,1851.0,2.6,2221.0,9.67,4.6,11.5,250,2110,6.4,230,2112,2.4,2099.0,160.0,24.8,61,943,72.5,31.3,1004.3,1009.4,2348,1002.9,1627,1006.6,13.2,1.7,1000.0,1.62,9.64,,,,,,8.3,4.3,30.9,25.2,33.1,32.2,32.3,32.0,30.8,29.6,27.6,24.8,19.7,2.7,3.8,4.7,{비}0507-0530. {비}1035-1049. {비}1134-{비}{강도0}1200-{비}{강도0}1500-1508. {비}1537-1715. {비}1752-{비}{강도0}1800-1920. {비}2102-2325.,,2024,8,34,233,0,0,1,1
184,제주,2024-08-21,31.3,28.4,424,34.3,1436,0.1,,0.1,,0.48,0.1,9.5,230,124,5.2,50,1607,2.6,2229.0,20.0,24.8,56,1607,68.8,31.2,1006.0,1009.5,9,1007.1,1603,1008.3,13.2,5.7,1200.0,2.46,15.83,,,,,,7.4,4.5,31.8,26.5,33.1,32.3,32.1,31.7,30.7,29.6,27.7,25.1,19.7,4.2,6.0,0.0,{비}0548-{비}{강도0}0600-0605. {비}1335-1347.,,2024,8,34,234,0,0,1,0
184,제주,2024-08-22,30.7,29.1,601,34.3,955,0.0,,0.0,,1.85,0.0,17.2,200,1008,8.8,230,1013,3.9,3344.0,250.0,24.5,52,930,70.5,30.8,1004.4,1008.5,2250,1005.3,1553,1006.7,13.2,6.5,1200.0,3.07,17.23,,,,,,6.1,4.9,32.0,25.6,33.0,32.2,32.1,31.8,30.8,29.6,27.6,24.8,20.0,4.4,6.3,0.0,{비}0450-0459. {비}0511-0530. {비}0545-0557. {비}1007-1030. {비}1148-1154. {비}1251-1258. {비}1750-{비}{강도0}1800-1825. {박무}2247-{박무}{강도0}2400-,,2024,8,34,235,0,0,1,0
184,제주,2024-08-23,30.1,28.1,540,33.0,1450,,,,,,,6.5,340,1411,4.3,320,1309,2.5,2137.0,340.0,24.5,63,1138,72.5,30.8,1007.2,1010.5,2213,1008.3,448,1009.5,13.2,6.2,1100.0,2.78,19.23,,,,,,4.6,3.4,34.1,25.4,33.3,32.4,32.2,31.7,30.7,29.5,27.7,25.7,20.4,4.4,6.2,,-{박무}-{박무}{강도0}0300-{박무}{강도0}0600-{박무}{강도0}0900-0930.,,2024,8,34,236,0,0,1,0
184,제주,2024-08-24,29.7,26.7,611,32.3,1443,,,,,,,6.4,20,1220,4.7,20,1238,2.5,2163.0,20.0,23.0,59,1724,67.6,28.2,1008.0,1011.8,942,1008.9,1743,1010.3,13.1,11.1,1300.0,2.97,22.55,,,,,,1.3,1.0,34.3,24.2,33.4,32.5,32.2,31.8,30.7,29.5,27.7,25.3,19.9,4.8,6.8,,,,2024,8,34,237,0,0,1,0
184,제주,2024-08-25,29.7,27.0,528,32.8,1445,,,,,,,5.6,50,1211,3.9,20,1159,2.2,1900.0,20.0,23.2,57,1451,68.9,28.5,1006.8,1010.3,724,1007.9,1707,1009.1,13.1,11.3,1100.0,3.24,23.51,,,,,,1.8,0.9,35.5,24.3,33.6,32.7,32.4,31.8,30.7,29.5,27.7,25.1,19.9,5.2,7.4,,,,2024,8,34,238,0,0,1,0
184,제주,2024-08-26,29.3,26.2,539,32.1,1404,,,,,,,8.5,50,1719,5.2,20,1253,2.7,2312.0,20.0,23.0,61,2302,69.3,28.3,1003.9,1008.6,1,1004.9,1637,1006.2,13.1,9.9,1300.0,3.15,21.57,,,,,,3.4,0.3,34.5,23.0,33.6,32.8,32.4,31.9,30.7,29.5,27.7,25.1,19.9,4.6,6.6,,,,2024,8,35,239,0,0,1,0
184,제주,2024-08-27,29.5,27.1,202,31.9,1136,,,,,,,11.3,50,1420,7.8,50,1446,3.2,2758.0,50.0,24.6,61,1,75.3,31.1,1001.5,1005.0,1,1002.4,1446,1003.8,13.0,5.1,1200.0,2.85,16.28,,,,,,7.0,4.0,35.0,23.2,33.4,32.5,32.3,31.8,30.7,29.0,27.7,25.2,20.1,3.7,5.3,1.2,,,2024,8,35,240,0,0,1,0
184,제주,2024-08-28,28.1,27.3,151,29.6,1502,0.7,30.0,1.1,16.0,7.0,1.5,15.6,50,1538,9.2,50,1113,6.3,5445.0,70.0,24.1,70,1745,78.9,29.9,1001.6,1004.9,1016,1003.3,424,1003.9,13.0,1.5,1400.0,1.58,8.75,,,,,,7.8,6.9,30.4,26.2,32.5,31.6,31.7,31.6,30.7,29.6,27.5,23.6,19.9,3.1,4.4,0.3,{비}0008-0225. {비}0445-{비}{강도0}0600-0645. {비}0902-1037. {비}1105-{비}{강도0}1200-1213.,,2024,8,35,241,0,0,1,1
184,제주,2024-08-29,29.4,26.9,442,33.3,1458,,,,,,,9.7,50,7,5.6,70,9,3.4,2915.0,360.0,23.9,60,1437,72.8,29.6,1000.7,1003.9,1,1001.9,1850,1003.0,13.0,5.6,1400.0,2.85,17.08,,,,,,5.1,4.4,34.5,25.8,32.3,31.5,31.3,31.1,30.2,29.4,27.5,24.2,19.9,4.0,5.7,,,,2024,8,35,242,0,0,1,0
184,제주,2024-08-30,29.5,27.0,533,33.0,1541,,,,,,,8.9,320,1221,5.6,320,1225,3.3,2893.0,290.0,23.3,57,1545,70.0,28.7,1002.7,1007.0,2219,1003.1,227,1005.0,12.9,10.5,1200.0,3.1,23.16,,,,,,3.5,3.5,35.6,24.2,33.0,32.1,31.8,31.2,30.2,29.3,27.6,25.2,20.3,5.8,8.3,,,,2024,8,35,243,0,0,1,0
184,제주,2024-08-31,28.2,25.2,653,32.0,1439,,,,,,,7.6,320,131,4.7,270,1424,3.4,2925.0,290.0,20.4,56,1232,63.0,24.0,1005.3,1009.1,909,1006.5,1522,1007.7,12.9,11.3,1200.0,3.3,23.91,,,,,,3.0,3.0,34.9,20.7,33.2,32.2,31.9,31.4,30.2,28.7,27.6,25.4,20.7,,,,,,2024,8,35,244,0,0,1,0
184,제주,2024-09-01,28.0,23.9,639,31.9,1359,,,,,,,6.0,50,1245,4.0,20,1219,2.5,2141.0,20.0,20.5,56,1346,64.1,24.2,1005.4,1008.4,1,1006.8,1801,1007.7,12.9,10.2,1300.0,3.15,22.88,,,,,,3.3,2.1,34.6,20.1,32.9,32.0,31.7,31.3,30.1,29.1,27.6,25.3,20.3,5.0,7.2,,,,2024,9,35,245,0,0,1,0
184,제주,2024-09-02,28.2,23.9,622,31.5,1238,,,,,,,6.6,20,1304,4.2,20,1239,2.4,2076.0,20.0,19.8,45,1157,61.0,23.1,1006.7,1010.3,2320,1007.7,401,1009.0,12.8,10.3,1300.0,3.09,21.97,,,,,,5.8,2.8,34.4,20.4,33.1,32.2,31.8,31.3,30.2,29.1,27.5,25.3,20.3,5.0,7.1,0.0,,,2024,9,36,246,0,0,1,0
184,제주,2024-09-03,27.8,26.0,618,33.0,1055,0.6,1515.0,0.7,1425.0,2.28,0.7,10.4,70,1406,6.1,50,1406,2.9,2505.0,110.0,20.2,41,908,64.6,24.1,1007.9,1011.4,914,1009.1,1809,1010.2,12.8,2.2,1000.0,2.86,12.98,,,,,,8.3,7.1,31.1,22.1,33.7,31.8,31.8,31.4,30.4,29.2,27.5,25.3,20.3,3.4,4.9,0.7,{비}0440-0509. {비}1406-{비}{강도0}1500-1554.,,2024,9,36,247,0,0,1,0
184,제주,2024-09-04,27.8,25.5,547,30.4,1730,,,,,,,13.4,70,1427,7.9,50,1328,3.9,3352.0,50.0,22.0,60,1724,71.3,26.5,1006.4,1010.4,1,1007.1,1800,1008.7,12.8,8.9,1200.0,2.96,19.98,,,,,,3.1,2.6,34.6,23.1,33.9,31.2,31.1,30.9,30.0,29.2,27.5,24.6,20.3,4.6,6.6,,,,2024,9,36,248,0,0,1,0
184,제주,2024-09-05,28.6,25.4,630,31.9,1527,,,,,,,7.0,50,1350,5.3,50,1352,2.5,2177.0,20.0,21.3,54,944,65.4,25.5,1006.1,1009.8,2254,1007.2,1506,1008.4,12.7,11.9,1200.0,3.08,22.56,,,,,,0.4,0.0,31.1,22.5,34.1,31.5,31.3,31.0,29.9,29.0,27.4,25.0,20.3,5.3,7.5,,,,2024,9,36,249,0,0,1,0
184,제주,2024-09-06,29.3,25.4,608,33.0,1335,,,,,,,6.5,50,1236,4.5,250,1558,2.4,2111.0,20.0,20.9,50,1140,61.0,24.8,1008.6,1012.6,2250,1009.3,313,1011.0,12.7,9.0,1200.0,3.06,19.64,,,,,,2.8,2.1,31.4,23.1,33.7,31.1,31.1,30.9,29.9,29.0,27.4,25.2,20.3,4.8,6.8,,,,2024,9,36,250,0,0,1,0
184,제주,2024-09-07,28.9,25.9,545,33.2,1221,1.4,1635.0,3.0,1625.0,2.78,3.0,6.9,360,1612,4.1,20,1456,2.0,1769.0,20.0,21.5,47,1207,65.8,25.7,1011.0,1014.2,2154,1012.5,301,1013.4,12.7,8.5,1200.0,3.03,19.18,,,,,,3.6,1.6,33.6,23.0,33.9,31.4,31.4,31.0,30.1,28.0,27.4,25.1,20.4,4.3,6.1,3.0,{소나기}1555-{소나기}{강도0}1800-1842. {박무}1612-1656.,,2024,9,36,251,0,0,1,1
184,제주,2024-09-08,28.4,26.4,542,32.1,1319,0.0,,0.0,,0.58,0.0,6.8,20,1404,4.8,20,1404,1.9,1669.0,20.0,23.3,66,1320,74.4,28.7,1010.8,1014.7,916,1011.9,1707,1013.2,12.6,4.8,1200.0,3.03,13.04,,,,,,3.8,3.4,29.4,24.3,33.7,31.0,31.1,30.9,30.1,29.1,27.5,25.1,20.4,3.0,4.3,0.0,{소나기}0908-0925. {소나기}1605-1623.,,2024,9,36,252,0,0,1,0
184,제주,2024-09-09,28.7,25.8,325,31.4,1337,,,,,,,11.8,50,1249,7.2,70,1317,3.6,3077.0,50.0,23.6,65,1256,74.4,29.2,1009.6,1013.1,907,1010.5,1533,1011.9,12.6,8.7,1300.0,3.02,19.07,,,,,,2.5,2.5,33.4,24.0,33.5,30.9,30.8,30.6,29.8,29.0,27.5,25.5,20.7,4.5,6.5,,{박무}0549-{박무}{강도0}0600-0724.,,2024,9,37,253,0,0,1,0
184,제주,2024-09-10,28.8,27.3,42,30.5,1142,0.4,2348.0,1.0,2325.0,1.62,0.7,11.3,70,1300,6.6,70,1341,3.8,3283.0,70.0,24.8,70,1952,79.5,31.3,1009.3,1012.5,2252,1010.6,337,1011.6,12.6,2.4,1100.0,2.38,10.91,,,,,,8.0,6.0,31.5,25.5,33.7,31.1,31.1,30.8,30.0,29.0,27.4,24.2,20.4,2.8,4.0,3.8,{비}1003-1015. {비}1105-1125. {비}1935-2005. {비}2325-{비}{강도0}2400- {박무}2345-{박무}{강도0}2400-,,2024,9,37,254,0,0,1,0
184,제주,2024-09-11,29.5,27.2,2029,33.1,1153,1.6,1919.0,4.0,1915.0,17.15,11.4,9.7,140,1207,4.7,110,1006,2.3,2011.0,140.0,24.5,59,1208,75.5,30.7,1011.4,1014.7,2249,1012.4,1,1013.8,12.5,3.4,1100.0,2.33,12.02,,,,,,9.3,4.3,30.4,25.6,33.6,31.0,31.0,30.8,29.9,28.9,27.4,25.0,20.6,2.9,4.2,8.3,-{박무}-0010. -{비}-{비}{강도0}0300-{비}{강도0}0600-0615. {비}0705-0725. {비}1047-1122. {비}1212-1246. {비}1356-1453. {비}1532-{비}{강도0}1800-{비}{강도1}2100-{비}{강도0}2400- {박무}1915-{박무}{강도0}2100-2116.,,2024,9,37,255,0,0,1,1
184,제주,2024-09-12,30.4,26.8,619,35.1,1541,0.0,,0.0,,0.62,0.0,7.2,290,1726,5.6,270,749,2.4,2078.0,160.0,23.8,51,1527,68.9,29.6,1010.9,1015.0,750,1012.0,1506,1013.3,12.5,9.8,1100.0,2.93,21.28,,,,,,4.3,2.5,31.6,24.9,33.9,31.3,31.1,30.7,29.8,28.9,27.4,25.5,20.7,5.2,7.4,,-{비}-0037.,,2024,9,37,256,0,0,1,0
184,제주,2024-09-13,29.1,26.4,553,32.3,1402,,,,,,,7.3,20,1134,5.2,20,1137,2.5,2125.0,20.0,22.8,58,1021,69.3,28.0,1006.9,1012.1,1,1007.2,1923,1009.2,12.5,8.3,1200.0,2.98,19.19,,,,,,2.1,2.1,31.1,23.9,34.1,31.4,31.3,31.0,30.0,28.9,27.5,25.2,20.6,4.1,5.8,,,,2024,9,37,257,0,0,1,0
184,제주,2024-09-14,29.3,26.3,602,32.3,1428,,,,,,,8.5,50,1335,6.2,50,1341,2.8,2437.0,50.0,23.5,60,35,71.3,29.0,1003.3,1007.4,1,1003.7,1529,1005.6,12.4,10.8,1200.0,3.07,21.43,,,,,,1.3,1.3,33.9,23.6,34.0,31.4,31.2,30.9,30.1,29.0,27.5,25.5,20.7,4.5,6.4,4.0,,,2024,9,37,258,0,0,1,0
184,제주,2024-09-15,29.7,28.4,59,32.5,1505,3.5,802.0,3.5,748.0,4.27,7.9,13.0,70,827,7.2,50,1250,4.0,3454.0,70.0,25.8,61,1535,80.3,33.2,1004.7,1010.0,2218,1004.7,322,1007.0,12.4,2.6,1300.0,2.24,10.91,,,,,,9.5,5.6,30.4,26.0,34.1,31.4,31.3,31.0,30.2,29.0,27.5,24.2,20.6,2.8,3.9,27.4,{비}0246-{비}{강도0}0300-0323. {비}0350-0417. {비}0442-0526. {비}0748-{비}{강도1}0900-0920. {비}1032-1051. {비}1118-1130. {비}2320-2345.,,2024,9,37,259,0,0,1,1
184,제주,2024-09-16,28.8,27.4,840,31.6,1651,4.9,830.0,8.8,820.0,8.05,23.7,9.9,90,45,5.7,50,1507,3.4,2968.0,70.0,25.3,69,1653,82.1,32.3,1010.1,1014.9,2223,1008.9,239,1012.4,12.4,1.7,1300.0,1.97,8.41,,,,,,7.9,4.0,29.5,26.5,33.4,30.7,30.8,30.7,30.2,29.0,27.5,24.6,20.7,2.0,2.9,0.2,{비}0125-{비}{강도0}0300-{비}{강도0}0600-0726. {비}0820-{비}{강도1}0900-0915. {비}1010-1021. {비}1320-1416.,,2024,9,38,260,0,0,1,1
184,제주,2024-09-17,28.2,27.1,640,30.9,1622,1.8,1244.0,2.3,1211.0,4.48,3.0,5.8,90,1000,3.2,110,912,1.6,1424.0,70.0,24.9,72,1623,82.8,31.6,1011.7,1015.6,1004,1013.1,1711,1014.1,12.3,2.9,1600.0,1.26,6.73,,,,,,4.8,3.6,28.4,25.1,32.8,30.2,30.3,30.4,29.9,29.0,27.5,25.3,20.9,1.7,2.5,3.0,{비}0911-{비}{강도0}1200-1340.,,2024,9,38,261,0,0,1,1
184,제주,2024-09-18,30.0,26.9,513,35.0,1427,,,,,,,9.6,140,1633,5.7,70,1055,3.0,2563.0,90.0,24.4,47,1359,73.0,30.5,1010.3,1013.9,2211,1011.3,1545,1012.6,12.3,10.2,1200.0,2.99,19.87,,,,,,0.6,0.5,29.8,25.0,33.4,30.7,30.5,30.3,29.6,28.9,27.5,25.3,20.9,4.8,6.8,,,,2024,9,38,262,0,0,1,0
184,제주,2024-09-19,29.1,26.2,2036,33.1,1206,3.2,1925.0,7.5,1558.0,10.5,26.6,10.5,50,1307,5.5,50,1016,2.9,2527.0,70.0,24.3,57,1146,75.9,30.3,1009.5,1013.2,1,1010.2,1533,1011.9,12.3,3.2,1100.0,2.33,10.98,,,,,,6.9,6.1,29.3,25.0,33.2,30.5,30.6,30.6,29.9,28.9,27.6,25.2,21.0,2.8,3.9,41.9,{소나기}1330-{소나기}{강도0}1500-{비}1540-{비}{강도0}1800-{비}{강도0}2100-{비}{강도0}2400-,,2024,9,38,263,0,0,1,1
184,제주,2024-09-20,28.4,26.5,242,32.1,1640,1.8,709.0,3.5,127.0,13.3,18.6,15.2,160,127,6.4,110,128,2.5,2198.0,20.0,24.1,60,1641,78.0,30.0,1006.6,1011.4,1,1007.6,1452,1008.9,12.2,0.8,1300.0,1.72,7.13,,,,,,9.0,5.9,28.2,24.4,32.2,29.6,29.7,30.0,29.6,29.0,27.6,25.3,21.3,1.9,2.8,9.0,-{비}-{비}{강도1}0300-{비}{강도0}0600-{비}{강도0}0900-1145. {비}1405-{비}{강도0}1500-1503. {비}1555-1610. {비}1805-1825.,,2024,9,38,264,0,0,1,1
184,제주,2024-09-21,27.4,25.4,2342,29.5,1647,1.9,931.0,3.9,48.0,12.23,12.1,16.3,250,1727,9.2,250,1730,3.1,2652.0,140.0,24.0,70,1644,82.4,29.9,1002.3,1008.4,135,1000.1,1547,1004.6,12.2,0.1,1100.0,0.73,2.98,,,,,,9.1,4.9,27.4,24.0,32.0,29.4,29.6,29.8,29.4,28.9,27.7,25.4,21.4,1.5,2.1,7.3,{비}0043-0158. {소나기}0623-{비}0705-{소나기}0726-0743. {비}0852-{비}{강도0}0900-{비}{강도0}1200-{비}{강도0}1500-1623. {비}1743-1752. {비}1832-2031.,,2024,9,38,265,0,0,1,1
184,제주,2024-09-22,23.7,23.0,1342,25.4,1,1.4,1438.0,4.3,1408.0,20.78,16.3,10.7,20,2127,7.2,20,1113,4.4,3838.0,20.0,21.2,79,19,86.5,25.2,1007.7,1013.2,2359,1006.6,1,1010.1,12.2,0.0,1300.0,0.42,2.33,,,,,,10.0,8.3,24.9,22.5,30.3,27.8,28.2,29.1,29.0,28.7,27.7,24.6,21.2,1.4,2.0,15.6,{비}0041-{비}{강도0}0300-{비}{강도0}0600-{비}{강도0}0900-1010. {박무}0823-{박무}{강도0}0900-0947. {비}1148-{비}{강도0}1200-{비}{강도1}1500-{비}{강도0}1800-1958. {박무}1233-{박무}{강도1}1500-1553. {박무}1801-1945. {비}2022-{비}{강도0}2100-2245. {비}2315-{비}{강도0}2400-,,2024,9,38,266,0,0,1,1
184,제주,2024-09-23,24.2,21.6,2319,26.9,1456,0.1,,0.2,,5.12,0.2,14.7,70,1105,7.3,70,516,4.3,3710.0,90.0,17.9,54,1506,68.5,20.5,1012.7,1016.3,2129,1013.1,24,1015.1,12.1,0.8,1300.0,2.24,14.04,,,,,,5.5,5.0,25.6,18.6,29.8,27.2,27.4,28.1,28.1,28.4,27.5,24.3,21.2,3.5,5.1,,-{비}-{비}{강도0}0300-0320. {비}0458-{비}{강도0}0600-0645.,,2024,9,39,267,0,0,1,0
184,제주,2024-09-24,23.8,21.1,519,26.2,1117,,,,,,,10.5,70,1152,6.3,50,1215,3.0,2582.0,90.0,18.3,61,953,72.1,21.1,1011.9,1016.0,1,1012.9,1553,1014.3,12.1,,1100.0,2.13,13.43,,,,,,6.6,5.0,24.2,17.7,29.2,26.6,27.0,27.7,27.6,28.0,27.5,24.4,21.2,2.8,4.1,0.0,{달코로나}0445-0615.,,2024,9,39,268,0,0,1,0
184,제주,2024-09-25,25.0,22.9,410,28.5,1626,0.2,,0.2,,1.78,0.2,10.3,50,1252,6.0,50,1149,2.7,2375.0,90.0,20.9,64,1704,78.3,24.7,1010.4,1013.9,1018,1011.1,1608,1012.8,12.0,,1200.0,1.88,10.44,,,,,,4.6,3.6,26.0,19.7,29.4,26.9,27.0,27.5,27.3,27.3,27.4,24.7,21.2,2.5,3.6,0.2,{비}0708-0720. {비}0834-0847. {비}0858-{비}{강도0}0900-0959. {비}1016-1024. {비}1031-1035. {비}1318-1327.,,2024,9,39,269,0,0,1,0
184,제주,2024-09-26,25.6,22.7,552,28.8,1315,,,,,,,8.3,50,1351,6.0,50,1400,2.6,2205.0,50.0,20.4,64,1329,73.4,24.0,1010.4,1013.7,916,1011.2,1543,1012.7,12.0,,1300.0,2.78,18.0,,,,,,5.8,3.1,27.4,19.6,30.1,27.5,27.5,27.7,27.2,27.5,27.2,24.7,21.1,3.7,5.3,,,,2024,9,39,270,0,0,1,0
184,제주,2024-09-27,25.5,23.1,2257,28.5,1332,,,,,,,8.0,20,928,4.6,360,930,2.5,2197.0,20.0,18.2,48,1334,65.0,20.9,1010.4,1013.9,946,1011.7,1404,1012.8,12.0,,1200.0,2.83,16.84,,,,,,5.5,3.3,28.3,19.2,30.5,27.9,27.8,28.0,27.4,27.4,27.0,24.2,21.1,3.7,5.2,1.1,,,2024,9,39,271,0,0,1,0
184,제주,2024-09-28,25.3,23.1,502,27.9,1642,1.0,602.0,1.1,545.0,1.35,1.8,11.6,70,1255,6.7,50,1322,3.2,2784.0,90.0,20.1,61,1616,73.4,23.5,1013.2,1017.7,2205,1013.3,251,1015.6,11.9,,1200.0,2.25,13.17,,,,,,4.8,4.3,26.7,19.5,29.9,27.4,27.5,27.9,27.4,27.3,26.9,24.7,21.2,3.3,4.7,0.7,{소나기}0545-{소나기}{강도0}0600-0624. {비}2318-{비}{강도0}2400-,,2024,9,39,272,0,0,1,1
184,제주,2024-09-29,25.0,22.8,2242,28.1,1443,0.0,,0.0,,2.88,0.0,13.6,50,1601,6.4,90,1420,3.7,3204.0,70.0,18.0,48,1436,66.0,20.6,1015.0,1018.4,2130,1016.2,1525,1017.4,11.9,,1300.0,2.06,13.49,,,,,,4.4,3.5,26.8,19.0,29.7,27.1,27.3,27.7,27.3,27.2,26.7,24.3,21.3,3.7,5.3,0.0,-{비}-0011. {비}0124-0141. {비}0256-{비}{강도0}0300-0309. {비}0457-0520. {비}0625-0635. {비}0745-0752. {비}0822-{비}{강도0}0900-0910. {비}1106-1150.,,2024,9,39,273,0,0,1,0
184,제주,2024-09-30,24.4,22.2,622,26.9,1324,,,,,,,12.5,50,1223,7.0,50,1342,3.3,2831.0,90.0,19.8,67,958,75.9,23.1,1012.1,1017.8,1,1012.7,1543,1014.5,11.9,,1200.0,2.87,17.26,,,,,,2.5,1.6,26.7,19.1,29.4,26.9,26.9,27.4,27.0,27.1,26.6,24.5,21.3,3.5,5.0,,,,2024,9,40,274,0,0,1,0
184,제주,2024-10-01,23.3,18.4,2201,28.3,1119,0.7,1610.0,2.5,1702.0,9.45,4.9,14.9,20,1835,10.3,20,1648,3.5,3048.0,20.0,17.5,56,2322,70.4,20.3,1009.6,1015.5,2325,1008.8,1518,1012.0,11.8,4.5,1000.0,2.14,10.87,,,,,,7.1,5.6,24.6,16.6,29.2,26.7,26.9,27.4,26.9,26.9,26.5,24.8,21.2,3.6,5.2,4.9,{비}1321-1410. {비}1522-{비}{강도0}1800-{비}{강도0}2100-{비}{강도0}2400- {박무}1604-{박무}{강도0}1800-1822.,,2024,10,40,275,0,0,1,1
184,제주,2024-10-02,20.3,18.8,2149,22.7,1350,0.0,,0.0,,2.17,0.0,13.4,20,746,8.4,20,750,4.5,3896.0,20.0,9.6,40,1309,51.0,12.0,1014.5,1018.8,2127,1014.4,309,1016.9,11.8,4.2,1300.0,2.37,13.34,,,,,,8.3,4.5,21.0,15.7,27.2,24.9,25.3,26.6,26.5,26.7,25.9,23.4,20.9,3.9,5.6,,-{비}-0210.,,2024,10,40,276,0,0,1,0
184,제주,2024-10-03,19.1,16.9,2352,20.6,650,0.0,,0.0,,2.27,0.0,11.1,20,1022,7.3,20,1045,3.4,2965.0,20.0,11.6,46,640,62.5,13.7,1017.2,1020.9,2252,1017.5,356,1019.6,11.8,0.0,1100.0,0.87,3.13,,,,,,8.6,5.5,19.2,12.9,25.8,23.3,23.9,25.5,25.7,26.4,25.9,23.5,21.0,1.8,2.6,0.0,{비}1430-1455. {비}1515-1618. {비}1710-1758.,,2024,10,40,277,0,0,1,0
184,제주,2024-10-04,21.1,16.9,1,24.2,1527,0.0,,0.0,,0.63,0.0,9.4,70,1254,5.5,50,1512,3.1,2636.0,50.0,13.3,50,1450,61.9,15.3,1019.6,1023.5,1000,1020.6,213,1022.1,11.7,6.5,1300.0,2.6,14.24,,,,,,5.5,4.4,22.8,15.1,25.9,23.4,23.6,24.8,24.9,25.9,25.8,23.6,21.0,3.6,5.2,0.0,{비}0316-0354.,,2024,10,40,278,0,0,1,0
184,제주,2024-10-05,22.5,20.0,1,24.9,1551,0.0,,0.0,,1.33,0.0,9.2,50,1213,6.2,50,1214,3.3,2853.0,50.0,15.1,51,901,63.1,17.2,1018.3,1022.3,1,1019.5,1446,1020.8,11.7,5.0,1300.0,1.95,13.38,,,,,,7.4,6.3,24.1,14.9,26.4,23.9,24.0,24.8,24.7,25.6,25.6,23.7,21.1,3.1,4.4,0.0,{비}2025-2030. {비}2127-2150. {비}2210-2240. {비}2320-2342.,,2024,10,40,279,0,0,1,0
184,제주,2024-10-06,21.1,17.4,1857,24.5,1126,1.6,1802.0,5.7,1708.0,9.37,10.7,10.1,20,1652,6.8,20,1655,2.4,2035.0,110.0,15.3,51,1510,70.5,17.4,1016.3,1020.1,945,1017.5,1512,1018.8,11.7,0.2,1300.0,1.37,6.81,,,,,,9.6,4.4,23.1,16.7,26.9,24.3,24.5,25.0,24.8,25.3,25.5,23.9,21.1,2.3,3.4,10.7,{비}0053-0120. {비}0905-0914. {비}0950-0958. {비}1206-1239. {비}1327-1336. {비}1456-{비}{강도0}1500-{비}{강도1}1800-{비}{강도0}2100-2252. {박무}1650-{박무}{강도0}1800-1844.,,2024,10,40,280,0,0,1,1
184,제주,2024-10-07,19.0,17.6,2311,21.1,1235,0.8,1812.0,2.7,1729.0,9.1,8.4,10.6,20,640,6.9,20,658,3.1,2643.0,20.0,12.7,49,504,67.9,14.8,1015.2,1019.1,1107,1016.5,1507,1017.6,11.6,0.0,1200.0,1.12,5.63,,,,,,10.0,6.5,20.7,15.6,25.7,23.2,23.6,24.5,24.5,25.2,25.1,23.3,20.9,1.8,2.6,8.4,{비}0650-0756. {비}1251-1452. {비}1516-{비}{강도0}1800-{비}{강도0}2100-2115. {박무}1702-{박무}{강도0}1800-{박무}{강도0}2100-2110.,,2024,10,41,281,0,0,1,1
184,제주,2024-10-08,21.3,17.7,1,24.3,1238,0.0,,0.0,,0.28,0.0,7.8,50,622,4.8,20,1318,3.2,2729.0,20.0,14.1,54,948,63.8,16.1,1013.8,1017.3,849,1015.2,1427,1016.2,11.6,5.2,1200.0,2.54,12.93,,,,,,6.3,4.0,21.0,16.0,25.7,23.3,23.4,24.0,24.0,24.5,25.1,23.4,21.0,3.1,4.4,2.4,{비}0453-0510.,,2024,10,41,282,0,0,1,0
184,제주,2024-10-09,19.2,17.5,614,20.6,1304,4.1,1401.0,9.5,1322.0,13.15,22.5,8.2,70,1329,3.9,230,1244,2.0,1742.0,90.0,15.2,58,1,78.0,17.3,1012.3,1016.7,1,1013.3,1446,1014.7,11.6,0.0,1100.0,0.5,2.76,,,,,,8.1,6.0,20.3,14.0,25.2,22.7,23.1,23.8,23.9,24.7,24.9,23.4,21.0,0.9,1.4,20.3,{비}0704-{비}{강도0}0900-1040. {비}1135-{비}{강도0}1200-{비}{강도1}1500-1608. {박무}1140-{박무}{강도0}1200-1420. {비}1735-{비}{강도0}1800-2235. {박무}1830-1910.,,2024,10,41,283,0,0,1,1
184,제주,2024-10-10,20.3,18.1,2351,23.9,1328,1.7,2335.0,3.9,2314.0,3.22,4.1,7.6,50,1252,5.2,50,1318,2.4,2057.0,20.0,14.6,56,1118,70.1,16.6,1012.0,1015.8,2203,1012.9,141,1014.4,11.5,2.3,1300.0,2.28,10.45,,,,,,9.0,5.0,21.3,15.9,25.5,23.1,23.1,23.5,23.5,24.4,24.8,23.5,21.1,2.5,3.5,4.4,{비}0124-0225. {비}0328-0430. {비}0755-0812. {비}0905-0912. {비}2314-{비}{강도1}2400- {박무}2324-2358.,,2024,10,41,284,0,0,1,1
184,제주,2024-10-11,20.4,17.0,646,24.2,1519,1.3,-2357.0,4.2,-2331.0,0.25,0.5,6.0,20,1310,4.0,20,1312,2.2,1859.0,160.0,14.8,56,1526,71.3,16.8,1015.3,1020.3,2347,1015.5,1,1017.8,11.5,7.2,1200.0,1.97,13.13,,,,,,2.0,2.0,20.7,14.3,25.3,22.9,23.0,23.5,23.4,24.3,24.7,23.3,21.0,2.7,3.9,,-{비}-0015.,,2024,10,41,285,0,0,1,0
184,제주,2024-10-12,21.1,17.2,245,25.4,1405,,,,,,,8.4,90,1504,5.3,50,1538,2.3,1992.0,160.0,14.3,55,1010,65.6,16.3,1019.3,1022.8,1042,1020.2,17,1021.7,11.5,,900.0,1.49,,,,,,,4.8,0.9,20.7,13.5,25.4,22.8,23.0,23.3,23.2,24.1,24.5,23.3,21.0,1.9,2.7,,,,2024,10,41,286,0,0,1,0
184,제주,2024-10-13,22.6,18.8,301,26.0,1416,,,,,,,10.3,20,1507,6.0,50,1257,2.8,2386.0,110.0,13.6,43,1102,57.5,15.6,1018.5,1022.7,914,1019.3,1608,1020.9,11.4,7.5,1200.0,2.61,16.33,,,,,,6.5,3.4,21.6,13.9,25.7,23.2,23.2,23.4,23.2,24.0,24.4,23.4,21.1,3.7,5.3,0.6,,,2024,10,41,287,0,0,1,0
184,제주,2024-10-14,23.7,21.2,316,28.2,1444,0.3,638.0,0.6,642.0,2.97,0.7,7.7,50,1311,4.2,70,1155,2.1,1783.0,90.0,17.4,50,1437,68.6,20.1,1014.5,1019.3,1,1014.8,1553,1016.9,11.4,0.2,1300.0,1.54,5.03,,,,,,9.6,6.3,22.9,17.5,26.2,23.6,23.6,23.7,23.4,23.9,24.3,23.3,21.2,1.5,2.2,0.4,{비}0430-0444. {비}0633-0747. {비}0910-0940. {비}1920-2002. {비}2104-2106. {비}2223-2231. {비}2352-{비}{강도0}2400-,,2024,10,42,288,0,0,1,0
184,제주,2024-10-15,23.3,21.8,2129,26.1,1117,0.3,853.0,0.3,810.0,2.38,0.4,7.3,320,1319,4.9,320,1327,2.1,1854.0,320.0,19.1,69,1358,78.0,22.2,1015.0,1019.8,2252,1015.3,457,1017.4,11.4,0.9,1100.0,1.6,7.17,,,,,,8.6,6.6,23.6,18.8,27.1,24.5,24.4,24.1,23.6,23.8,24.2,23.6,21.3,1.8,2.6,0.1,-{비}-0040. {비}0810-{비}{강도0}0900-0907. {비}1912-1958.,,2024,10,42,289,0,0,1,0
184,제주,2024-10-16,22.9,21.1,249,25.4,1325,,,,,,,7.6,50,1348,5.5,50,1225,2.5,2122.0,50.0,17.9,65,1239,74.1,20.5,1018.2,1021.8,943,1019.3,213,1020.6,11.3,3.6,1200.0,2.38,11.9,,,,,,7.4,5.6,23.6,19.3,27.2,24.7,24.6,24.4,23.9,23.8,24.1,23.5,21.2,2.6,3.7,,,,2024,10,42,290,0,0,1,0
184,제주,2024-10-17,23.1,21.9,318,24.2,1310,,,,,,,10.0,70,1426,6.2,70,1428,3.3,2847.0,70.0,18.9,71,1140,77.5,21.9,1017.2,1021.9,901,1017.5,2331,1019.6,11.3,0.3,1100.0,0.85,4.8,,,,,,6.8,5.1,22.6,18.9,27.0,24.4,24.5,24.5,24.1,23.9,24.0,23.3,21.2,1.6,2.3,0.3,,,2024,10,42,291,0,0,1,0
184,제주,2024-10-18,26.5,22.5,350,31.3,1611,1.6,942.0,1.7,856.0,2.7,2.0,10.7,200,1513,6.2,230,1519,2.9,2544.0,230.0,20.8,51,1640,71.8,24.5,1010.8,1017.6,1,1010.1,1653,1013.1,11.3,5.0,1200.0,2.13,11.03,,,,,,7.9,4.0,25.3,18.9,27.8,25.2,25.0,24.6,24.1,23.9,23.9,23.4,21.3,3.2,4.6,1.7,{비}0507-0523. {비}0727-{비}{강도0}0900-0953. {채운}1355-1440.,,2024,10,42,292,0,0,1,1
184,제주,2024-10-19,21.7,18.1,2324,26.2,1,1.0,2150.0,3.5,2109.0,5.87,8.8,15.3,50,2258,8.5,70,2242,5.0,4279.0,340.0,17.4,66,1535,77.4,20.2,1014.8,1023.1,2354,1011.8,313,1017.2,11.2,0.0,1400.0,0.6,2.72,,,,,,9.9,7.0,22.5,17.3,27.6,25.0,25.2,25.1,24.6,23.9,23.9,23.7,22.0,1.9,2.8,12.0,{비}1728-1735. {비}1815-{비}{강도0}2100-{비}{강도0}2400- {박무}2011-{박무}{강도1}2100-{박무}{강도0}2400-,,2024,10,42,293,0,0,1,1
184,제주,2024-10-20,19.0,17.4,355,20.2,1318,0.3,-2357.0,1.6,-2331.0,9.37,3.2,18.0,70,1049,10.1,70,1012,6.1,5302.0,70.0,12.1,53,1310,65.0,14.2,1023.0,1027.5,915,1023.0,1,1025.5,11.2,0.4,1200.0,1.32,6.12,,,,,,9.9,8.3,18.9,15.9,25.1,22.6,23.0,23.9,23.9,24.0,23.7,23.1,21.3,2.7,3.9,0.0,-{박무}-0153. -{비}-{비}{강도0}0300-{비}{강도0}0600-0735. {박무}0333-0406. {비}1650-1734. {비}1911-1940. {비}2102-2136.,,2024,10,42,294,0,0,1,1
184,제주,2024-10-21,21.1,19.1,519,22.9,929,3.3,2047.0,7.4,2014.0,8.02,16.0,10.2,70,1051,5.7,70,1058,2.9,2495.0,70.0,17.3,62,1,79.5,19.9,1018.0,1023.8,5,1016.5,2354,1020.4,11.2,0.8,900.0,1.11,4.25,,,,,,9.9,7.4,21.1,16.7,25.0,22.5,22.7,23.2,23.2,23.7,23.7,23.2,21.3,1.3,1.9,47.9,{비}0113-0127. {비}0405-0457. {비}0534-{비}{강도0}0600-0627. {비}1310-1319. {비}1402-1420. {비}1618-1743. {비}1909-{비}{강도1}2100-2319. {박무}1917-{박무}{강도1}2100-2249.,,2024,10,43,295,0,0,1,1
184,제주,2024-10-22,21.7,19.4,2350,24.4,1338,11.2,606.0,21.9,525.0,7.63,32.6,14.4,320,2321,7.9,320,2322,4.0,3474.0,50.0,18.9,76,1910,84.3,21.9,1012.1,1016.6,26,1012.3,1416,1014.5,11.1,0.7,1000.0,1.2,6.15,,,,,,9.3,7.4,22.9,18.2,25.7,23.2,23.2,23.3,22.9,23.0,23.7,23.2,21.3,2.4,3.4,0.7,{비}0045-0052. {비}0145-0153. {비}0220-{비}{강도0}0300-{비}{강도1}0600-0621. {박무}0338-{시정(미만)}{1km}{안개}0553-{안개}{강도0}0600-{시정(이상)}{1km}{박무}0615-0623. {비}1653-1730. {비}2115-{비}{강도0}2400- {박무}2135-2210.,0.37,2024,10,43,296,0,0,1,1
184,제주,2024-10-23,17.7,14.7,2356,20.9,1338,0.0,,0.0,,1.7,0.0,17.0,320,105,8.9,320,106,5.1,4395.0,320.0,9.4,47,1339,58.9,11.8,1016.6,1021.1,2332,1015.4,6,1019.1,11.1,3.0,1300.0,2.25,9.22,,,,,,5.8,5.8,18.0,10.9,24.6,22.1,22.5,23.1,23.0,23.2,23.4,23.2,21.6,2.9,4.2,,-{비}-0110. {비}0210-0235. {비}0430-0437.,,2024,10,43,297,0,0,1,0
184,제주,2024-10-24,17.3,14.5,25,20.3,1423,,,,,,,8.0,20,511,4.8,20,518,2.6,2285.0,20.0,7.9,36,1300,55.0,10.6,1018.0,1021.6,925,1018.6,1421,1020.5,11.1,10.4,1200.0,2.7,17.78,,,,,,1.1,1.1,16.5,9.9,23.5,20.8,21.1,22.2,22.2,23.0,23.3,22.9,21.3,3.7,5.3,,,,2024,10,43,298,0,0,1,0
184,제주,2024-10-25,21.5,16.4,1,25.0,1411,0.0,,0.0,,0.13,0.0,15.0,90,1329,7.4,70,1217,3.6,3112.0,70.0,15.5,53,1345,69.9,17.7,1018.8,1022.6,945,1020.3,1441,1021.2,11.0,6.4,1200.0,2.38,14.12,,,,,,5.4,3.9,20.6,11.5,23.9,21.1,21.2,21.8,21.8,22.8,23.2,22.9,21.3,3.3,4.7,0.0,{비}2009-2017.,,2024,10,43,299,0,0,1,0
184,제주,2024-10-26,21.5,20.9,928,23.0,1540,0.0,,0.0,,0.82,0.0,10.4,50,840,5.9,70,831,3.2,2749.0,70.0,17.1,72,1,76.5,19.5,1016.2,1020.7,1,1016.3,1550,1018.6,11.0,0.2,1500.0,0.77,2.73,,,,,,9.6,7.5,21.1,17.6,25.0,22.2,22.2,22.3,22.1,22.7,23.1,22.8,21.3,1.2,1.7,3.1,{비}0652-0705. {비}0912-0948.,,2024,10,43,300,0,0,1,0
184,제주,2024-10-27,19.3,18.0,2148,21.4,1,1.5,1250.0,4.1,1233.0,18.37,15.9,9.0,50,2001,5.8,20,2004,2.7,2300.0,70.0,15.8,59,2311,81.1,18.1,1011.7,1017.3,1,1012.1,1607,1014.1,11.0,0.0,1300.0,0.41,1.79,,,,,,10.0,7.8,20.4,16.0,24.7,22.0,22.2,22.4,22.2,22.6,23.0,22.8,21.3,1.2,1.7,12.8,{비}0242-{비}{강도0}0300-0450. {비}0538-{비}{강도0}0600-{비}{강도0}0900-{비}{강도0}1200-{비}{강도0}1500-{비}{강도0}1800-{비}{강도0}2100-2152. {박무}0709-{박무}{강도0}0900-{박무}{강도1}1200-1347.,,2024,10,43,301,0,0,1,1
184,제주,2024-10-28,17.8,15.6,2226,19.0,1159,,,,,,,9.1,20,200,5.3,20,206,2.9,2477.0,20.0,11.7,56,201,67.8,13.8,1011.8,1016.1,2331,1012.7,402,1014.3,11.0,0.0,1200.0,0.65,3.04,,,,,,9.1,5.3,17.5,12.9,23.6,20.9,21.3,22.0,22.0,22.5,22.9,22.7,21.2,1.2,1.8,3.9,,,2024,10,44,302,0,0,1,0
184,제주,2024-10-29,19.3,15.9,244,22.7,1300,0.5,328.0,1.2,141.0,8.2,3.9,12.0,70,1146,5.9,70,1318,2.9,2542.0,70.0,14.5,58,1122,74.3,16.5,1014.3,1018.9,2329,1015.2,1306,1016.7,10.9,4.6,1200.0,2.15,12.01,,,,,,8.8,7.8,20.1,15.6,23.8,21.1,21.1,21.5,21.5,22.4,22.8,22.7,21.3,2.8,4.0,0.0,{비}0110-{비}{강도0}0300-{비}{강도0}0600-{비}{강도0}0900-0922. {박무}0112-{박무}{강도1}0300-0517.,,2024,10,44,303,0,0,1,1
184,제주,2024-10-30,19.7,17.6,2159,23.1,1501,,,,,,,8.3,20,859,5.7,20,902,2.8,2425.0,50.0,12.3,48,1505,63.3,14.4,1018.5,1022.4,1044,1018.8,15,1020.9,10.9,7.8,1300.0,2.01,12.29,,,,,,7.4,2.0,19.0,12.1,24.2,21.4,21.6,21.9,21.6,22.2,22.8,22.6,21.2,2.8,4.0,,,,2024,10,44,304,0,0,1,0
184,제주,2024-10-31,20.3,18.1,1,23.2,1109,0.1,,0.2,,4.57,0.6,10.9,110,1125,5.3,90,1110,2.8,2422.0,90.0,13.9,51,1157,67.6,16.0,1017.9,1021.8,1,1018.7,1546,1020.3,10.9,1.1,1100.0,1.49,7.43,,,,,,9.6,3.4,19.2,14.3,23.9,21.0,21.1,21.6,21.5,22.2,22.7,22.6,21.2,2.1,3.1,43.2,{비}1853-{비}{강도0}2100-2235. {비}2308-{비}{강도0}2400-,,2024,10,44,305,0,0,1,0
184,제주,2024-11-01,18.5,16.3,1106,19.8,12,,,,,24.0,238.4,13.5,50,1028,7.8,50,1048,3.8,3317.0,70.0,16.3,79,20,87.3,18.5,1013.9,1020.9,1057,1011.0,2245,1016.3,10.8,0.0,1100.0,0.01,0.02,,,,,,10.0,8.5,18.5,15.7,22.8,19.7,20.0,20.6,21.3,21.9,22.6,22.5,21.3,0.8,1.1,232.1,-{비}-{비}{강도0}0300-{비}{강도0}0600-{비}{강도1}0900-{비}{강도1}1200-{비}{강도1}1500-{비}{강도1}1800-{비}{강도2}2100-{비}{강도1}2400- {박무}0324-{박무}{강도0}0600-{박무}{강도1}0900-{박무}{강도2}1200-{박무}{강도1}1500-{박무}{강도2}1800-{박무}{강도2}2100-{박무}{강도2}2400-,,2024,11,44,306,0,0,1,1
184,제주,2024-11-02,19.3,17.8,2359,20.9,1534,,,,,7.6,36.5,13.8,20,601,9.9,20,553,3.5,3053.0,20.0,16.0,74,2246,81.8,18.3,1013.2,1021.7,2326,1008.6,420,1015.6,10.8,0.9,1400.0,0.76,3.63,,,,,,7.3,5.4,19.5,13.0,22.6,19.5,19.5,19.4,19.2,20.0,22.0,22.6,21.5,1.1,1.6,0.2,-{비}-{비}{강도1}0300-0554. -{박무}-{박무}{강도1}0300-0528. {비}1046-1056. {비}1225-1357.,,2024,11,44,307,0,0,1,1
184,제주,2024-11-03,18.9,16.1,658,22.9,1114,,,,,,,9.2,50,1154,5.8,70,1236,2.6,2285.0,110.0,13.4,53,1048,70.8,15.4,1019.2,1023.1,914,1020.3,1446,1021.6,10.8,8.0,1100.0,2.46,13.7,,,,,,1.3,1.3,17.5,10.2,22.5,19.4,19.5,19.7,19.6,20.4,21.8,22.6,21.6,2.9,4.1,,,,2024,11,44,308,0,0,1,0
184,제주,2024-11-04,18.3,14.8,213,23.6,1108,,,,,1.35,0.0,13.3,360,1225,6.9,360,1229,2.9,2486.0,360.0,11.1,47,1013,63.4,13.3,1018.8,1023.0,2317,1019.8,1643,1021.3,10.7,5.5,1000.0,1.75,9.43,,,,,,2.8,2.0,16.5,9.0,22.0,18.9,19.2,19.6,19.7,20.6,21.6,22.5,21.6,2.6,3.8,0.0,{비}1226-1347.,,2024,11,45,309,0,0,1,0
184,제주,2024-11-05,15.1,14.0,2228,17.7,1412,,,,,,,11.8,340,2157,7.1,320,1539,4.4,3795.0,320.0,5.8,40,1622,54.5,9.3,1020.1,1024.5,2358,1021.1,1502,1022.6,10.7,3.3,1300.0,1.47,8.43,,,,,,6.8,6.3,13.7,10.8,18.4,16.8,18.1,19.0,19.5,20.6,21.6,22.4,21.7,3.3,4.7,,,,2024,11,45,310,0,0,1,0
184,제주,2024-11-06,14.2,12.2,2400,17.0,1112,,,,,,,14.5,20,453,8.4,20,501,4.9,4254.0,360.0,4.6,40,1436,52.8,8.5,1023.7,1028.2,2214,1023.8,451,1026.2,10.7,5.5,1100.0,2.39,11.66,,,,,,3.5,3.5,12.5,7.0,15.8,15.5,18.0,17.6,19.0,20.4,21.8,22.3,21.6,3.0,4.3,,,,2024,11,45,311,0,0,1,0
184,제주,2024-11-07,13.8,8.9,520,18.2,1244,,,,,,,8.5,20,1300,5.1,50,1305,2.4,2033.0,160.0,6.5,45,1048,62.1,9.7,1025.7,1029.7,822,1027.2,238,1028.2,10.7,7.4,1100.0,2.31,13.23,,,,,,2.3,2.1,9.0,3.9,,,,16.6,18.4,20.2,21.9,22.2,21.5,2.5,3.6,0.1,,,2024,11,45,312,0,0,1,0
184,제주,2024-11-08,17.7,13.9,1,21.6,1147,,,,,0.55,0.1,8.7,90,1137,5.4,70,1252,2.4,2060.0,140.0,10.0,43,1211,62.0,12.3,1023.5,1028.3,24,1024.6,1409,1026.0,10.6,5.4,1100.0,2.08,11.79,,,,,,7.4,2.6,,8.3,,,,16.5,18.5,19.9,22.0,22.4,21.5,2.7,3.9,,{비}0505-0538.,,2024,11,45,313,0,0,1,0
184,제주,2024-11-09,18.1,15.7,242,20.3,1125,,,,,,,9.0,70,1454,5.4,70,1456,2.8,2407.0,70.0,12.1,58,1145,68.3,14.1,1021.5,1025.6,1,1022.3,2359,1024.0,10.6,1.7,1100.0,1.52,7.79,,,,,,8.1,5.5,,11.5,,,,17.0,19.0,20.4,22.0,22.5,21.5,1.9,2.7,8.8,,,2024,11,45,314,0,0,1,0
184,제주,2024-11-10,18.2,17.1,612,19.8,1243,,,,,16.12,17.4,6.8,50,2213,4.1,70,1408,2.2,1933.0,90.0,15.3,65,2,83.5,17.4,1018.0,1022.3,28,1018.6,1359,1020.5,10.6,0.0,1100.0,0.53,1.73,,,,,,9.9,8.1,,15.8,,,,17.6,19.7,20.9,22.3,22.8,21.5,0.8,1.2,8.6,{비}0308-{비}{강도0}0600-{비}{강도0}0900-{비}{강도0}1200-{비}{강도0}1500-{비}{강도0}1800-1915. {박무}0354-{박무}{강도0}0600-0610. {박무}1412-{박무}{강도0}1500-1613.,,2024,11,45,315,0,0,1,1
184,제주,2024-11-11,17.3,14.2,2321,21.1,1334,,,,,,,7.3,110,131,3.9,50,1533,1.9,1673.0,20.0,11.3,50,1453,69.1,13.5,1017.2,1021.3,826,1017.7,1555,1019.6,10.5,9.3,1200.0,2.28,13.83,,,,,,1.8,1.8,,9.5,,,,18.0,20.0,20.2,22.3,23.0,21.5,2.9,4.2,,,,2024,11,46,316,0,0,1,0
184,제주,2024-11-12,17.5,14.2,1,20.9,1259,,,,,,,7.4,360,849,4.7,360,907,2.4,2069.0,360.0,11.7,53,1146,69.5,13.8,1017.3,1021.3,939,1018.6,227,1019.8,10.5,6.2,1100.0,2.1,11.34,,,,,,3.8,3.8,,9.8,,,,18.2,20.3,21.5,22.6,23.3,21.5,2.4,3.4,,,,2024,11,46,317,0,0,1,0
184,제주,2024-11-13,17.5,12.9,514,22.9,1448,,,,,,,12.0,70,1228,6.9,50,1328,2.8,2394.0,90.0,11.2,52,1454,67.3,13.4,1018.2,1022.2,2145,1019.6,1425,1020.6,10.5,8.1,1200.0,2.18,12.59,,,,,,0.9,0.9,,8.4,,,,18.3,20.3,21.6,22.6,23.3,21.4,2.8,4.0,0.0,,,2024,11,46,318,0,0,1,0
184,제주,2024-11-14,18.7,15.6,501,23.5,1307,,,,,0.23,0.0,10.5,50,1439,6.4,50,1354,2.7,2343.0,90.0,12.2,48,1252,66.4,14.3,1016.6,1021.7,47,1017.1,1455,1019.0,10.5,6.4,1200.0,2.27,12.09,,,,,,5.9,2.5,,9.9,,,,18.3,20.3,21.6,22.7,23.4,21.4,2.6,3.7,16.1,{비}0629-0643.,,2024,11,46,319,0,0,1,0
184,제주,2024-11-15,18.2,16.8,539,20.2,1234,,,,,9.95,16.1,7.9,70,1204,4.4,90,1223,2.4,2069.0,70.0,15.6,64,133,84.9,17.7,1014.3,1018.1,1,1015.5,1340,1016.7,10.4,0.0,1100.0,0.9,3.5,,,,,,10.0,4.8,,15.9,,,,18.6,20.4,21.5,22.5,23.2,21.4,1.1,1.6,0.0,{비}0014-0028. {비}0115-{비}{강도0}0300-{비}{강도0}0600-0820. {박무}0135-0149. {박무}0229-0249. {박무}0344-{박무}{강도0}0600-0752. {비}1342-{안개비}1416-1455. {박무}1342-{박무}{강도0}1500-1718. {비}1545-1710.,,2024,11,46,320,0,0,1,1
184,제주,2024-11-16,20.4,18.9,102,23.6,1144,,,,,2.03,0.0,9.5,20,2326,5.8,360,2329,2.7,2303.0,50.0,16.7,67,1103,79.6,19.0,1013.5,1016.9,11,1013.7,1413,1015.9,10.4,6.2,1100.0,1.95,10.57,,,,,,7.5,6.1,,16.0,,,,18.9,20.7,21.6,22.6,23.3,21.4,2.3,3.3,0.0,{비}0540-{비}{강도0}0600-0720. {비}0845-{비}{강도0}0900-0907.,,2024,11,46,321,0,0,1,0
184,제주,2024-11-17,15.8,11.9,2315,19.3,1,,,,,,,12.8,360,2310,7.2,360,743,4.5,3887.0,360.0,6.5,34,1309,55.5,10.1,1019.8,1027.4,2328,1016.5,1,1022.3,10.4,6.5,1200.0,2.2,12.01,,,,,,6.0,4.3,,10.1,,,,19.3,21.1,21.8,22.5,23.0,21.4,3.7,5.3,,,,2024,11,46,322,0,0,1,0
184,제주,2024-11-18,9.9,7.7,2356,12.4,1516,,,,,,,17.3,20,846,11.6,20,853,4.9,4241.0,20.0,-1.8,24,1635,45.1,5.5,1027.4,1032.8,1014,1027.3,1,1030.0,10.4,8.9,1300.0,2.16,13.83,,,,,,3.5,2.0,,2.7,,,,18.2,20.6,21.8,22.6,22.9,21.2,3.1,4.4,0.0,,,2024,11,47,323,0,0,0,0
184,제주,2024-11-19,12.8,7.5,115,16.0,1314,,,,,5.5,2.6,9.3,50,1037,5.7,20,2219,2.4,2034.0,140.0,7.1,53,1,68.6,10.2,1024.8,1030.6,106,1025.2,2325,1027.3,10.3,1.1,1200.0,1.36,5.65,,,,,,9.0,5.9,14.2,2.2,,,,16.9,19.5,21.4,22.7,23.1,21.3,1.4,2.0,3.3,{비}0808-0835. {비}0920-0940. {비}1033-{비}{강도0}1200-1220. {무지개}1222-1243. {비}1315-{비}{강도0}1500-1508. {비}2155-2258.,,2024,11,47,324,0,0,1,1
184,제주,2024-11-20,12.7,11.6,547,14.1,1,,,,,10.18,0.9,8.4,290,1118,5.3,20,552,3.0,2553.0,360.0,5.7,38,1435,64.1,9.3,1020.9,1025.4,29,1022.0,1556,1023.4,10.3,0.0,1400.0,0.76,2.71,,,,,,8.9,7.1,13.6,9.8,14.7,15.8,18.2,16.7,19.2,21.0,22.7,23.1,21.3,1.7,2.4,0.2,{비}0020-0235. {비}0405-{비}{강도0}0600-0624. {박무}0507-0556. {비}0715-{비}{강도0}0900-1005. {박무}0732-{박무}{강도0}0900-0933. {비}1438-{비}{강도0}1500-1725.,,2024,11,47,325,0,0,1,0
184,제주,2024-11-21,14.6,12.1,755,18.2,1400,,,,,,,9.5,50,112,5.7,20,113,3.4,2909.0,20.0,5.1,40,1027,53.5,8.8,1019.5,1023.3,846,1020.8,1318,1022.0,10.3,6.8,1200.0,2.11,11.77,,,,,,4.5,4.3,13.8,9.6,15.0,15.8,18.0,16.3,18.9,20.9,22.6,23.1,21.2,3.5,5.0,,,,2024,11,47,326,0,0,1,0
184,제주,2024-11-22,13.4,11.0,2247,16.4,1110,,,,,,,11.0,360,832,6.2,360,849,4.2,3594.0,320.0,3.8,41,1037,52.6,8.0,1020.7,1025.2,2325,1021.6,529,1023.2,10.3,3.1,1000.0,1.44,8.21,,,,,,4.1,4.1,12.5,8.2,14.5,15.5,17.9,16.4,19.0,20.8,22.2,23.1,21.2,2.6,3.7,,,,2024,11,47,327,0,0,1,0
184,제주,2024-11-23,11.3,9.9,2335,12.6,1415,,,,,,,9.0,50,348,5.3,20,310,3.1,2646.0,20.0,2.6,47,1611,55.4,7.4,1024.1,1027.8,1002,1024.8,121,1026.6,10.3,0.0,1300.0,0.72,3.41,,,,,,9.3,7.6,11.7,5.9,13.2,14.4,17.0,15.8,18.6,20.6,22.1,23.0,21.2,1.3,1.9,,,,2024,11,47,328,0,0,1,0
184,제주,2024-11-24,11.8,8.9,233,14.8,1626,,,,,5.42,7.5,10.4,50,1317,5.6,20,1321,1.7,1428.0,180.0,7.6,60,6,76.0,10.6,1024.9,1029.0,910,1026.1,1539,1027.4,10.2,0.4,1400.0,0.8,2.99,,,,,,6.3,3.4,12.1,5.0,12.8,13.9,16.4,15.2,18.1,20.2,21.8,23.0,21.2,1.0,1.4,7.5,{비}1008-{비}{강도0}1200-{비}{강도0}1500-1533. {박무}1033-{박무}{강도1}1200-1347.,,2024,11,47,329,0,0,1,1
184,제주,2024-11-25,15.7,13.0,1,17.9,1016,,,,,6.17,2.3,12.9,110,1723,6.0,110,1150,3.5,3019.0,110.0,9.1,51,1120,65.8,11.7,1019.1,1027.4,3,1013.7,2323,1021.6,10.2,2.9,1100.0,1.43,6.94,,,,,,7.9,4.9,13.1,7.7,13.8,14.4,16.6,15.1,17.8,19.9,21.7,23.0,21.1,2.2,3.1,7.8,{비}1750-{비}{강도0}1800-{비}{강도0}2100-{비}{강도0}2400- {박무}1820-1838.,,2024,11,48,330,0,0,1,1
184,제주,2024-11-26,12.4,9.9,2055,17.9,119,,,,,9.73,5.5,18.0,320,1043,10.0,320,1104,7.3,6336.0,320.0,4.7,40,1307,60.9,9.0,1014.6,1019.1,2104,1012.7,101,1017.1,10.2,0.5,1200.0,1.2,3.88,,,,,,8.9,7.9,12.1,8.7,13.8,14.8,17.2,15.4,17.9,19.8,21.3,22.6,21.2,2.9,4.2,1.9,-{비}-{비}{강도0}0300-{비}{강도0}0600-0855. {박무}0317-0404. {박무}0458-{박무}{강도0}0600-0647. {비}0915-0924. {비}1340-1348. {비}1553-1557. {비}2327-2355.,,2024,11,48,331,0,0,1,1
184,제주,2024-11-27,9.3,7.3,1533,11.1,459,,,,,14.78,2.8,20.5,290,1038,11.1,320,1004,8.1,7025.0,290.0,1.3,40,521,58.1,6.8,1013.9,1017.8,1,1014.9,1426,1016.4,10.2,0.6,1300.0,0.87,2.99,,,,,,9.1,7.5,8.9,5.4,11.1,12.6,15.4,14.7,17.4,19.4,20.5,22.1,21.1,2.6,3.7,1.9,{비}0013-0133. {비}0204-0235. {비}0444-{비}{강도0}0600-{싸락우박}0604-{비}0608-0910. {비}0940-1108. {비}1158-1238. {비}1306-1312. {비}1401-{싸락우박}1402-{비}1404-1453. {비}1518-{비}{강도0}1800-2005. {비}2148-2155. {비}2330-{비}{강도0}2400-,,2024,11,48,332,0,0,0,1
184,제주,2024-11-28,9.7,7.3,202,10.8,1529,,,,,13.13,5.6,20.7,290,950,11.8,320,1540,7.3,6345.0,320.0,2.2,40,607,60.5,7.2,1012.7,1017.7,43,1012.6,1453,1015.2,10.2,1.6,1300.0,1.08,3.68,,,,,,7.6,6.9,8.6,5.1,10.2,11.5,14.2,13.6,16.5,18.7,19.5,22.0,21.0,2.5,3.6,4.6,-{비}-{비}{강도0}0300-0505. {비}0728-0807. {무지개}0730-0740. {비}0848-{싸락우박}0859-{싸락우박}{강도0}0900-{비}0906-0959. {비}1046-1147. {비}1229-1251. {비}1343-1349. {비}1404-{싸락우박}1456-{비}1459-{비}{강도0}1500-1538. {비}1649-{비}{강도0}1800-1843. {비}2006-2023. {비}2059-{비}{강도0}2100-2158.,,2024,11,48,333,0,0,0,1
184,제주,2024-11-29,10.4,8.4,256,12.5,2348,,,,,5.12,0.0,18.5,320,732,9.9,320,741,7.7,6626.0,320.0,0.1,33,2224,49.1,6.2,1013.0,1017.3,2224,1014.0,329,1015.5,10.1,0.2,1200.0,0.66,2.5,,,,,,9.0,8.6,8.2,5.9,10.0,11.1,13.8,13.0,15.8,17.8,18.5,21.3,20.8,3.3,4.7,0.0,{비}0148-{비}{강도0}0300-0311. {비}0353-0417. {비}0508-{비}{강도0}0600-0733. {비}0913-0919. {비}1344-1351. {비}1523-1605.,,2024,11,48,334,0,0,1,0
184,제주,2024-11-30,12.1,9.0,2400,15.3,1440,,,,,,,12.2,320,423,7.3,320,426,3.9,3379.0,320.0,1.9,39,1527,50.8,7.1,1015.2,1019.5,959,1016.6,411,1017.7,10.1,8.2,1200.0,2.03,12.03,,,,,,2.1,2.1,10.3,4.9,11.7,12.2,14.4,12.9,15.3,17.2,17.9,21.9,21.0,2.6,3.8,,,,2024,11,48,335,0,0,1,0
184,제주,2024-12-01,12.7,8.3,506,17.8,1158,,,,,0.58,0.0,9.3,250,1521,5.5,250,1526,2.5,2163.0,160.0,3.2,39,1048,53.4,7.8,1013.5,1018.0,1,1014.4,1505,1016.0,10.1,3.9,1100.0,1.73,7.32,,,,,,3.4,2.0,10.1,3.6,11.4,12.2,14.5,13.0,15.2,16.9,18.2,22.4,21.0,2.2,3.1,0.0,{비}1340-1410. {비}2129-2134.,,2024,12,48,336,0,0,1,0
184,제주,2024-12-02,15.3,12.0,733,19.8,1405,,,,,,,11.0,20,2217,7.0,360,2218,3.5,3060.0,180.0,6.8,40,1244,58.3,9.9,1015.2,1020.7,2346,1015.3,38,1017.7,10.1,7.8,1200.0,1.86,10.42,,,,,,2.5,2.4,12.1,7.4,13.0,13.0,15.2,13.2,15.3,17.0,18.3,22.4,21.0,2.8,4.1,,{연무}2050-{연무}{강도0}2100-{연무}{강도0}2400-,,2024,12,49,337,0,0,1,0
184,제주,2024-12-03,9.8,7.2,2357,12.6,1,,,,,,,8.7,320,1206,4.8,20,1853,3.4,2961.0,320.0,0.7,37,2101,53.9,6.6,1020.3,1025.2,2348,1020.7,1,1022.8,10.1,0.7,1100.0,1.16,4.96,,,,,,6.6,5.0,10.5,3.8,12.6,13.0,15.6,13.6,15.6,17.0,18.3,22.2,21.0,1.9,2.7,,-{연무}-0005.,,2024,12,49,338,0,0,0,0
184,제주,2024-12-04,9.3,5.7,535,12.5,1302,,,,,,,8.4,290,1732,4.9,20,152,3.3,2859.0,320.0,-0.6,39,29,50.5,5.9,1020.1,1025.2,1,1020.5,2308,1022.6,10.1,2.8,1200.0,1.45,6.9,,,,,,6.0,5.8,8.4,1.8,10.6,11.1,14.0,12.9,15.2,17.1,18.5,22.3,20.9,2.5,3.6,,,,2024,12,49,339,0,0,0,0
184,제주,2024-12-05,11.3,10.3,325,13.2,1202,,,,,,,12.3,290,1022,6.6,320,1022,5.1,4437.0,320.0,0.5,40,1213,47.6,6.4,1017.2,1020.9,1,1018.6,1423,1019.7,10.1,1.8,1100.0,1.54,5.47,,,,,,7.1,6.4,9.9,8.2,11.1,11.4,14.1,12.5,14.9,17.1,18.3,21.9,20.9,3.0,4.2,,,,2024,12,49,340,0,0,1,0
184,제주,2024-12-06,11.2,8.7,2351,13.2,1225,,,,,,,12.0,20,1951,7.0,20,2010,5.0,4299.0,320.0,0.2,38,1130,47.3,6.2,1018.8,1024.1,2332,1019.6,241,1021.3,10.0,0.7,1100.0,1.05,5.08,,,,,,8.0,4.9,10.4,7.1,11.3,11.4,14.1,12.5,14.9,17.0,17.9,21.7,20.9,2.3,3.4,,,,2024,12,49,341,0,0,1,0
184,제주,2024-12-07,9.2,6.9,2205,12.9,1238,,,,,8.5,0.8,18.5,290,2157,9.6,320,2204,4.1,3560.0,20.0,0.2,31,1250,54.5,6.3,1021.5,1025.7,928,1022.0,1511,1024.1,10.0,5.8,1200.0,1.92,9.07,,,,,,6.6,4.9,9.5,2.6,11.0,11.2,13.9,12.3,14.8,16.9,18.1,22.1,20.9,2.7,3.8,1.4,{비}1530-{비}{강도0}1800-{비}{강도0}2100-{비}{강도0}2400-,,2024,12,49,342,0,0,0,0
184,제주,2024-12-08,7.7,5.7,241,8.5,3,,,,,5.63,0.6,20.0,340,139,11.3,340,143,5.7,4927.0,360.0,-1.0,35,632,54.5,5.7,1023.8,1028.4,1047,1024.3,48,1026.4,10.0,0.0,1100.0,0.22,0.97,,,,,,8.5,8.0,6.8,3.3,9.3,10.0,13.1,12.1,14.8,16.9,17.8,21.8,20.8,1.5,2.2,,-{싸락우박}-{싸락우박}0007-{비}0010-{싸락우박}0135-{비}0140-{싸락우박}0230-{비}0234-{비}{강도0}0300-{싸락우박}0450-{비}0453-0533. {비}0835-0840.,,2024,12,49,343,0,0,0,0
184,제주,2024-12-09,9.1,6.7,106,10.8,1244,,,,,,,10.6,20,633,6.4,20,635,3.2,2791.0,340.0,0.5,44,1126,55.5,6.4,1022.3,1026.6,1,1023.1,1455,1024.8,10.0,0.1,1200.0,0.8,2.8,,,,,,8.8,8.6,8.4,3.0,9.5,9.8,12.6,11.4,14.3,16.6,17.9,22.0,20.8,1.8,2.6,,,,2024,12,50,344,0,0,0,0
184,제주,2024-12-10,9.8,8.3,2215,13.1,1424,,,,,,,10.0,20,933,5.1,20,1010,3.3,2831.0,340.0,0.3,39,1333,51.9,6.2,1020.6,1024.8,936,1021.7,1504,1023.2,10.0,3.0,1300.0,1.92,7.36,,,,,,7.1,7.1,9.6,4.4,10.5,10.4,13.0,11.4,14.1,16.5,17.7,21.9,20.8,2.1,3.0,,,,2024,12,50,345,0,0,0,0
184,제주,2024-12-11,9.4,8.5,2347,12.0,1534,,,,,,,10.4,360,1948,5.6,360,1953,3.6,3140.0,360.0,1.2,38,1532,57.1,6.7,1019.3,1024.2,2328,1019.5,1439,1021.9,10.0,1.4,1500.0,0.93,4.81,,,,,,7.3,5.4,9.3,6.1,10.3,10.4,13.1,11.6,14.2,16.5,17.9,21.9,20.8,1.8,2.6,,,,2024,12,50,346,0,0,0,0
184,제주,2024-12-12,8.6,7.0,2305,11.5,1446,,,,,,,9.0,360,146,5.2,20,150,3.4,2909.0,360.0,0.0,42,1436,55.3,6.1,1021.8,1026.4,930,1023.2,1439,1024.4,10.0,5.1,1200.0,1.87,10.08,,,,,,5.5,5.5,9.9,3.6,10.6,10.6,13.1,11.5,14.2,16.7,18.0,21.8,20.7,2.1,3.0,0.0,,,2024,12,50,347,0,0,0,0
184,제주,2024-12-13,7.7,5.1,133,10.3,1318,,,,,5.37,0.3,17.8,360,1858,10.0,20,2003,5.1,4390.0,320.0,-0.2,45,2113,57.5,6.0,1019.6,1025.1,2335,1019.2,1429,1022.1,10.0,0.5,1200.0,0.94,3.76,,,,,,7.1,6.1,7.5,1.2,9.5,9.9,12.7,11.4,14.6,16.6,17.8,21.5,20.7,2.3,3.3,0.3,{비}0710-{비}{강도0}0900-0933. {비}1218-1243. {비}1432-{비}{강도0}1500-1505. {비}1620- [{싸락우박}](SW 4)/제주시 오라동 부근/JIBS1630-1640.1722. {비}1822- ]{싸락우박}[(S 6)/제주시 오등동 부근/제주청 직원 관측1855-1900.1921.,,2024,12,50,348,0,0,0,0
184,제주,2024-12-14,6.9,5.8,235,8.3,1036,,,,,11.87,0.0,17.4,20,712,9.0,20,11,6.3,5407.0,320.0,-1.3,39,800,55.6,5.6,1023.4,1028.3,1018,1025.0,1540,1026.0,10.0,0.2,1000.0,0.7,2.1,,,,,,8.8,8.5,6.5,3.2,8.4,8.9,11.9,11.0,14.2,16.7,17.7,21.1,20.6,2.3,3.3,0.0,{비}0202-0241. {비}0327-0333. {비}0424-0427. {비}0808-{비}{강도0}0900-0905. {비}0936-1003. {비}1103-1120. {비}1237-{비}{강도0}1500-1745. {비}1850-{비}{강도0}2100-2137. {비}2220-2348.,,2024,12,50,349,0,0,0,0
184,제주,2024-12-15,8.6,5.9,3,9.6,1301,,,,,4.95,0.0,15.1,320,558,8.5,320,519,6.4,,320.0,-1.9,41,121,47.4,5.3,1021.1,1025.6,1,1022.3,1447,1023.6,10.0,0.0,1200.0,0.54,2.3,,,,,,9.1,8.5,7.4,3.5,8.4,8.6,11.5,10.6,13.9,16.2,16.5,20.4,20.4,,,0.4,{비}0342-0523. {비}0630-0820. {비}0903-0933. {비}1017-1108. {비}2355-{비}{강도0}2400-,,2024,12,50,350,0,0,0,0
184,제주,2024-12-16,9.3,7.7,321,10.7,1301,,,,,5.02,0.4,14.1,320,435,8.2,320,59,4.7,4101.0,320.0,0.8,43,1253,55.8,6.5,1020.2,1024.0,950,1021.6,1408,1022.7,10.0,0.1,1000.0,0.51,2.95,,,,,,7.8,7.8,8.2,5.3,9.1,9.1,11.8,10.5,13.6,15.6,15.9,21.0,20.6,2.1,3.0,,-{비}-{비}{강도0}0300-0344. {비}0436-0553.,,2024,12,51,351,0,0,0,0
184,제주,2024-12-17,9.6,8.0,815,13.0,1251,,,,,0.97,0.0,9.8,20,1301,6.1,20,1304,3.4,2917.0,340.0,-0.6,36,1031,49.0,5.9,1021.6,1025.1,943,1023.2,1335,1024.2,9.9,1.7,1200.0,1.54,5.24,,,,,,8.1,7.6,8.5,4.4,9.5,9.5,12.2,10.7,13.3,15.2,15.7,21.2,20.6,2.0,2.9,2.0,{비}1309-1347. {비}2232-2252.,,2024,12,51,352,0,0,0,0
184,제주,2024-12-18,6.4,4.9,1706,8.9,1,,,,,13.55,2.2,18.0,360,1714,10.2,360,1723,6.3,5478.0,360.0,-1.1,44,1250,59.4,5.7,1023.0,1027.9,2250,1023.5,1313,1025.6,10.0,0.1,1200.0,0.59,1.87,,,,,,9.1,8.3,5.4,3.1,8.3,8.9,11.8,10.6,13.3,15.1,16.2,20.9,20.5,2.0,2.8,0.2,{비}0110-0257. {박무}0202-0244. {비}0602-0650. {비}1302-{싸락우박}1411-{비}1413-{비}{강도0}1500-{싸락우박}1525-{비}1528-{싸락우박}1653-{비}1658-{비}{강도0}1800-{비}{강도0}2100-{싸락눈}2233-{비}2250-{비}{강도0}2400-,,2024,12,51,353,0,0,0,1
184,제주,2024-12-19,5.6,3.5,2253,9.0,1339,,,,,0.08,0.0,15.4,360,3,8.6,20,535,4.1,3556.0,20.0,-4.2,36,1346,49.9,4.5,1025.6,1031.0,1005,1027.0,146,1028.2,9.9,6.6,1200.0,2.08,10.86,,,,,,5.9,3.3,6.6,-0.7,8.1,8.2,11.1,10.0,12.9,15.1,16.2,21.2,20.5,2.0,2.8,0.0,-{비}-0005.,,2024,12,51,354,0,0,0,0
184,제주,2024-12-20,7.1,3.9,1,9.6,1350,,,,,5.02,0.6,5.8,320,1443,3.5,340,1442,2.1,1832.0,180.0,1.4,51,1,67.1,6.8,1020.6,1027.3,1,1020.2,2400,1023.2,9.9,0.4,1200.0,0.79,3.33,,,,,,8.1,6.6,6.0,0.3,7.9,8.1,10.8,9.7,12.4,14.7,15.8,21.2,20.5,1.3,1.9,0.9,{비}0635-0703. {비}0743-0751. {비}1111-{비}{강도0}1200-1222. {비}1247-1255. {비}1401-{비}{강도0}1500-1524. {비}1810-1845. {비}1926-1953. {비}2214-2238. {비}2330-2347.,,2024,12,51,355,0,0,0,0
184,제주,2024-12-21,7.3,5.1,1816,9.9,407,,,,,13.38,0.7,18.2,320,1215,10.3,320,1454,7.1,6160.0,320.0,-0.7,44,1249,56.9,5.9,1018.7,1024.3,2203,1018.8,518,1021.3,9.9,0.1,1200.0,0.48,1.48,,,,,,8.9,8.6,5.8,1.9,8.0,8.3,11.1,9.7,12.4,14.6,15.8,19.7,20.1,2.3,3.3,0.4,{비}0220-0247. {비}0416-0514. {비}0626-0702. {비}0750- {비}{강도0}0900-0902. {비}1305-1430. {비}1450-{비}{강도0}1500-1651. {비}1716-{비}{강도0}1800-{싸락우박}1802-{비}1804-{싸락눈}1809-{비}1815-{싸락눈}1930-{비}1948-{싸락눈}2026-{비}2029-{비}{강도0}2100-{싸락눈}2149-{비}2208-{싸락눈}2247-{비}2249-{비}{강도0}2400-,,2024,12,51,356,0,0,0,0
184,제주,2024-12-22,5.4,4.8,2300,5.9,41,,,,,4.87,0.0,16.6,20,113,9.8,360,440,5.1,4426.0,360.0,-2.7,43,36,55.6,5.0,1024.9,1029.7,955,1023.6,24,1027.5,9.9,0.0,1000.0,0.25,1.24,,,,,,8.3,8.0,4.8,1.6,6.8,7.2,10.3,9.4,12.2,14.4,15.0,20.1,20.3,1.4,2.0,,-{비}-{비}{강도0}0300-0452.,,2024,12,51,357,0,0,0,0
184,제주,2024-12-23,7.6,4.9,13,9.8,1431,,,,,,,10.0,20,612,6.1,20,729,3.8,3259.0,320.0,-1.8,41,2046,51.4,5.3,1025.0,1029.3,947,1026.1,1717,1027.6,9.9,0.7,1400.0,0.81,4.11,,,,,,7.4,7.0,6.8,1.8,7.4,7.4,10.1,8.9,11.8,14.0,15.2,20.8,20.4,2.0,2.8,,,,2024,12,52,358,0,0,0,0
184,제주,2024-12-24,8.1,4.7,2354,11.3,1417,,,,,,,11.4,320,336,6.2,320,542,3.6,3097.0,320.0,-0.7,43,410,54.1,5.8,1025.4,1029.4,1027,1026.8,1415,1028.0,9.9,3.2,1200.0,1.61,8.07,,,,,,4.8,4.5,8.4,0.7,8.7,8.5,10.9,9.2,11.8,14.0,15.0,20.6,20.3,1.8,2.5,,,,2024,12,52,359,0,0,0,0
184,제주,2024-12-25,8.9,4.6,23,12.5,1254,,,,,6.25,0.0,6.9,320,1250,4.2,290,1342,2.3,2003.0,180.0,2.2,46,1256,63.5,7.2,1023.7,1028.5,4,1024.3,1554,1026.3,9.9,4.0,1100.0,1.89,8.1,,,,,,8.1,6.3,9.1,0.2,9.1,8.9,11.3,9.5,11.9,13.9,14.8,20.7,20.3,2.0,2.8,0.1,{비}1635-1755. {비}1815-{비}{강도0}2100-2310.,,2024,12,52,360,0,0,0,0
184,제주,2024-12-26,8.7,6.1,2316,11.3,1206,,,,,1.35,0.1,13.4,340,614,7.7,320,534,5.4,4685.0,320.0,-0.4,35,1022,53.1,6.0,1023.5,1028.4,2314,1024.2,1423,1026.1,10.0,3.7,1100.0,1.78,7.12,,,,,,7.1,6.6,9.5,5.1,9.7,9.6,12.1,10.0,12.2,14.0,14.9,19.6,20.1,2.5,3.6,,{비}0230-0250. {비}0305-0315. {비}0419-0510. {연무}0739-{연무}{강도0}0900-0908.,,2024,12,52,361,0,0,0,0
184,제주,2024-12-27,6.8,5.8,125,8.2,1403,,,,,2.15,0.0,15.8,320,2328,8.4,320,2339,5.6,4865.0,320.0,-2.4,45,1446,51.6,5.2,1024.3,1028.7,931,1025.5,2348,1026.9,9.9,0.4,1300.0,0.76,2.95,,,,,,8.6,8.6,8.0,4.0,8.4,8.5,11.3,9.8,12.2,14.1,14.4,19.5,20.1,2.2,3.2,0.0,{비}2135-2344.,,2024,12,52,362,0,0,0,0
184,제주,2024-12-28,5.7,3.8,717,6.9,19,,,,,15.78,0.1,20.2,340,417,11.8,320,339,7.2,6203.0,320.0,-3.3,43,1126,52.6,4.8,1022.8,1026.6,1037,1024.5,1409,1025.4,10.0,0.9,1100.0,1.15,3.53,,,,,,8.5,8.3,5.6,2.2,7.2,7.6,10.5,9.3,11.9,13.7,13.6,18.3,19.7,2.1,3.0,0.1,{비}0305-0331. {비}0423-{진눈깨비}0517-{비}0554-{비}{강도0}0600-{비}{강도0}0900-0946. {소낙성진눈깨비}1032-1048. {소낙성진눈깨비}1128-{비}1136-{비}{강도0}1200-1216. {싸락눈}1245-{소낙성진눈깨비}1250-1351. {비}1438-{비}{강도0}1500-{소낙성진눈깨비}1552-{비}1618-{비}{강도0}1800-1847. {비}1926-{비}{강도0}2100-2305.,,2024,12,52,363,0,0,0,0
184,제주,2024-12-29,8.2,6.4,122,11.5,1451,,,,,1.92,0.0,11.0,320,23,5.9,320,20,3.5,3007.0,320.0,-2.8,33,1400,46.4,5.0,1024.0,1029.0,952,1024.7,2330,1026.6,10.0,2.5,1300.0,1.58,6.59,,,,,,7.3,6.6,10.1,1.6,8.3,7.9,10.5,9.0,11.4,13.1,13.2,19.5,20.0,1.9,2.7,,{비}0025-0033. {비}0137-0142. {비}0220-0238. {비}0455-0557. {비}0618-0640.,,2024,12,52,364,0,0,0,0
184,제주,2024-12-30,10.1,6.1,101,14.5,1440,,,,,0.47,0.0,11.0,250,1543,6.7,270,1602,3.7,3222.0,250.0,0.6,38,1440,52.1,6.4,1018.6,1025.2,210,1018.4,2345,1021.1,10.0,5.7,1300.0,1.55,8.6,,,,,,5.9,1.9,9.8,0.7,8.9,8.5,11.0,9.1,11.2,12.8,13.5,20.0,20.1,2.8,4.1,0.0,{비}1938-2006.,,2024,12,1,365,0,0,1,0
184,제주,2024-12-31,8.2,5.6,2120,11.0,15,,,,,,,12.3,320,602,6.6,290,43,4.5,3925.0,320.0,-1.4,35,1117,51.1,5.6,1019.1,1024.2,2343,1018.2,38,1021.6,10.0,5.9,1100.0,1.87,10.17,,,,,,4.9,4.9,10.1,1.1,9.4,9.1,11.6,9.5,11.4,12.7,13.5,18.7,19.8,2.1,3.0,,,,2024,12,1,366,0,0,0,0
184,제주,2025-01-01,7.3,4.7,714,11.3,1326,,,,,,,6.9,320,11,4.0,320,1334,2.3,2022.0,180.0,-1.2,41,1058,54.9,5.6,1021.1,1025.0,1035,1022.5,1636,1023.7,10.0,5.8,1100.0,1.82,9.68,,,,,,4.4,4.0,8.2,0.2,8.9,8.8,11.3,9.3,11.2,12.6,13.5,19.8,20.0,1.8,2.6,,,,2025,1,1,1,0,0,0,0
184,제주,2025-01-02,8.6,5.2,219,12.2,1258,,,,,,,8.1,20,1121,4.6,20,1130,2.9,2474.0,320.0,-0.6,33,1949,53.0,5.9,1021.8,1025.6,2327,1022.8,1409,1024.3,10.0,4.8,1200.0,1.8,8.17,,,,,,3.5,3.5,8.9,-0.3,9.1,8.9,11.3,9.3,11.2,12.6,13.8,19.9,20.0,2.3,3.2,0.0,,,2025,1,1,2,0,0,0,0
184,제주,2025-01-03,6.3,5.2,1856,8.6,1423,,,,,,,11.1,20,836,6.0,360,751,4.1,3515.0,360.0,-4.1,36,1410,47.5,4.5,1024.1,1028.0,2008,1025.1,52,1026.7,10.0,3.2,1100.0,1.5,7.87,,,,,,4.9,4.9,7.3,2.0,8.3,8.3,11.0,9.2,9.2,11.2,13.1,14.2,19.6,2.1,3.1,,,,2025,1,1,3,0,0,0,0
184,제주,2025-01-04,6.7,3.7,2315,10.3,1331,,,,,,,11.0,320,407,5.4,320,514,3.2,2735.0,320.0,-3.5,37,1456,48.4,4.7,1024.4,1028.3,1101,1025.7,2351,1027.0,10.0,5.1,1300.0,2.02,9.16,,,,,,5.1,4.3,8.3,-1.4,8.5,8.3,10.7,9.0,11.2,13.2,14.1,19.6,19.9,1.9,2.6,0.1,,,2025,1,1,4,0,0,0,0
184,제주,2025-01-05,8.1,3.9,1,12.1,1335,,,,,11.82,6.7,10.2,250,1157,5.6,250,1422,2.4,2081.0,160.0,2.3,44,1241,67.8,7.4,1018.8,1025.9,1,1018.1,2348,1021.3,10.0,0.0,1200.0,0.75,2.4,,,,,,9.6,7.5,7.2,0.6,8.0,8.0,10.5,8.8,11.2,13.1,13.9,19.8,19.9,1.3,1.9,6.6,{비}0718-{비}{강도0}0900-{비}{강도0}1200-1220. {비}1355-{비}{강도0}1500-1625. {박무}1503-1537. {비}1822-2055. {비}2216-{비}{강도0}2400- {박무}2307-{박무}{강도0}2400-,,2025,1,1,5,0,0,0,1
184,제주,2025-01-06,8.2,5.3,2144,11.1,551,,,,,7.0,0.1,17.5,290,1240,9.4,320,1421,6.4,5507.0,320.0,-1.2,33,1512,52.0,5.7,1016.2,1021.8,2318,1016.2,450,1018.7,10.0,0.9,1300.0,0.9,4.09,,,,,,8.5,7.9,6.9,3.3,8.5,8.5,11.1,9.0,11.2,13.1,14.1,18.4,19.6,2.6,3.8,0.2,-{비}-0011. -{박무}-0019. {비}0323-0327. {연무}0705-{연무}{강도0}0900-{연무}{강도0}1200-1209. {비}0715-0720. {비}1545-1552. {비}1632-1655. {비}1750-{비}{강도0}1800-{비}{강도0}2100-{비}{강도0}2400-,,2025,1,2,6,0,0,0,0
184,제주,2025-01-07,6.5,4.3,531,7.7,1252,,,,,8.0,0.1,18.3,290,1453,10.2,320,1530,7.4,6422.0,320.0,-4.2,34,2310,46.9,4.5,1018.3,1022.2,948,1019.5,1414,1020.9,10.1,2.3,1100.0,1.47,6.07,,,,,,7.1,7.1,5.8,2.3,7.0,7.3,10.1,8.7,11.2,13.1,13.3,17.7,19.3,3.2,4.5,0.0,-{비}-0248. {비}0419-0435. {비}0601-0629. {싸락눈}0727-{비}0742-{싸락눈}0855-{싸락눈}{강도0}0900-0920. {비}1020-1036. {비}1323-1340. {비}1505-1640. {비}1817-1840. {비}1942-1946.,,2025,1,2,7,0,0,0,0
184,제주,2025-01-08,6.8,4.7,2201,7.9,1028,,,,,10.73,4.1,17.4,20,2400,9.4,320,1946,5.4,4643.0,320.0,-1.6,34,146,56.8,5.6,1018.7,1022.8,2334,1019.4,1708,1021.3,10.1,0.0,1000.0,0.29,0.89,,,,,,9.3,8.4,6.1,3.3,6.8,7.0,9.8,8.4,10.9,12.5,12.5,17.7,19.4,1.5,2.1,4.1,{비}0255-{비}{강도0}0300-0307. {비}1135-{비}{강도0}1200-{비}{강도0}1500-{비}{강도0}1800-1810. {비}1850-{비}{강도0}2100-2247. {박무}2141-2203.,,2025,1,2,8,0,0,0,1
184,제주,2025-01-09,2.2,-0.6,2141,5.0,1233,,,,,17.53,2.3,20.9,340,1707,11.7,340,1844,8.2,7067.0,320.0,-4.1,41,1237,64.0,4.6,1023.0,1030.2,2334,1022.7,1,1025.7,10.1,1.1,1200.0,1.15,4.34,0.8,2155.0,0.8,2155.0,0.8,8.8,8.8,2.4,-1.7,5.4,6.1,9.1,8.0,10.5,12.0,12.2,16.7,18.9,1.5,2.2,2.3,{비}0001-0109. {비}0226-0233. {싸락눈}0354-0358. {싸락눈}0414-{소낙눈}0517-0545. {비}0635-0648. {소낙눈}0750-0852. {소낙눈}1033-{소낙눈}{강도0}1200-{싸락눈}1439-{소낙눈}1445-{소낙눈}{강도0}1500-{싸락눈}1523-{소낙눈}1528-{소낙눈}{강도0}1800-{소낙눈}{강도0}2100-{소낙눈}{강도0}2400-,,2025,1,2,9,0,0,0,1
184,제주,2025-01-10,2.6,0.2,129,4.3,2257,,,,,13.0,0.5,16.1,20,45,9.4,20,440,6.2,5337.0,360.0,-3.5,53,50,64.4,4.7,1029.0,1033.4,1059,1030.1,2,1031.6,10.1,0.0,1200.0,0.48,1.89,0.1,155.0,0.6,155.0,0.1,8.5,8.5,2.2,-1.4,4.4,5.0,8.0,7.3,9.7,11.2,12.0,18.4,19.4,1.3,1.8,0.9,-{소낙눈}-0215. {소낙눈}0348-0410. {소낙눈}0505-0518. {소낙눈}0625-0640. {소낙눈}0752-{소낙눈}{강도0}0900-{소낙눈}{강도0}1200-{소낙눈}{강도0}1500-1536. {소낙눈}1620-1640. {비}1847-1902. {비}1939-1945. {비}2018-2020. {비}2052-{비}{강도0}2100-2112. {비}2137-2200. {비}2244-2247. {싸락눈}2313-2355.,,2025,1,2,10,0,0,0,0
184,제주,2025-01-11,4.7,2.7,606,5.8,1250,,,,,6.47,0.4,12.9,360,319,7.7,320,2,5.1,4427.0,320.0,-3.6,43,1133,55.9,4.7,1026.1,1031.2,1,1026.2,2358,1028.7,10.1,0.1,1200.0,0.74,3.38,,,,,,8.9,8.1,3.6,0.7,5.1,5.3,8.0,6.8,9.2,11.0,11.8,18.0,19.4,2.0,2.8,0.0,{비}0151-0155. {비}0224-0259. {비}0409-0503. {비}0520-{소낙눈}0537-{비}0550-{비}{강도0}0600-0611. {비}0636-0658. {비}0717-0830. {비}1552-{비}{강도0}1800-1806. {비}2025-2040.,,2025,1,2,11,0,0,0,0
184,제주,2025-01-12,5.4,4.3,410,7.3,1253,,,,,0.55,0.0,12.0,340,254,6.5,320,2216,4.3,3738.0,320.0,-5.2,38,539,46.3,4.2,1022.5,1026.9,2256,1023.4,1419,1025.1,10.1,2.2,1200.0,1.59,6.34,,,,,,7.6,6.4,4.7,1.7,5.7,5.6,8.3,6.7,9.0,10.8,11.5,17.6,19.3,1.9,2.7,0.0,{비}2137-2149. {비}2302-2323.,,2025,1,2,12,0,0,0,0
184,제주,2025-01-13,6.8,4.8,2047,10.0,1523,,,,,0.88,0.0,10.5,320,51,6.5,320,26,3.0,2601.0,320.0,-2.3,41,37,52.9,5.2,1024.2,1029.1,1042,1025.8,1740,1026.8,10.2,5.7,1400.0,1.74,10.04,,,,,,4.3,4.3,7.8,-1.2,6.9,6.5,8.9,6.9,9.0,10.7,11.5,18.6,19.5,2.0,2.9,,{비}0613-0706.,,2025,1,3,13,0,0,0,0
184,제주,2025-01-14,10.3,6.3,1,14.4,1451,,,,,0.48,0.0,9.7,270,1525,5.6,360,2154,3.5,3006.0,200.0,1.5,39,1505,55.1,6.8,1022.7,1026.7,2354,1023.6,1533,1025.3,10.2,6.7,1300.0,1.78,9.53,,,,,,5.4,3.3,9.6,2.9,8.0,7.3,9.5,7.2,9.1,10.7,11.7,18.8,19.5,2.5,3.6,0.0,{박무}2044-{박무}{강도0}2100-2302. {비}2306-2335.,,2025,1,3,14,0,0,1,0
184,제주,2025-01-15,4.8,3.4,1114,8.2,1,,,,,11.17,0.0,15.8,360,516,8.5,360,838,5.9,5118.0,360.0,-3.9,46,1447,53.5,4.6,1026.0,1030.1,1052,1026.5,35,1028.6,10.2,0.0,1000.0,0.46,2.15,,,,,,9.1,8.9,6.1,3.2,7.0,7.2,9.9,7.8,9.7,11.1,12.2,18.0,19.3,1.7,2.4,0.0,{비}0312-0738. {비}0831-{비}{강도0}0900-0944. {눈}1031-1144. {눈}1226-1236. {눈}1528-1616. {눈}1713-{눈}{강도0}1800-2005. {눈}2030-2058.,,2025,1,3,15,0,0,0,0
184,제주,2025-01-16,6.2,4.0,1,8.0,1441,,,,,3.23,0.0,13.7,20,539,6.8,360,544,4.7,4026.0,290.0,-3.8,41,1443,49.0,4.7,1024.0,1029.4,1,1024.9,1715,1026.6,10.2,0.6,1400.0,1.0,3.72,,,,,,8.0,7.9,6.8,3.0,6.3,6.2,8.9,7.2,9.5,11.3,11.7,17.3,19.2,1.9,2.8,,{눈}0030-{비}0049-{눈}0111-{눈}{강도0}0300-0344.,,2025,1,3,16,0,0,0,0
184,제주,2025-01-17,6.0,3.0,2320,8.8,1526,,,,,,,10.5,360,942,6.2,360,940,3.3,2813.0,270.0,-2.7,39,1519,54.1,5.1,1023.8,1027.7,1026,1025.6,523,1026.4,10.2,4.0,1400.0,1.86,7.63,,,,,,4.4,4.4,8.6,-2.0,7.1,6.8,9.2,7.2,9.4,11.0,11.6,18.2,19.4,1.6,2.2,,,,2025,1,3,17,0,0,0,0
184,제주,2025-01-18,5.8,2.0,325,11.0,1601,,,,,,,4.9,20,1230,3.3,180,2221,2.0,1752.0,180.0,-2.0,42,1254,58.1,5.3,1021.3,1027.0,26,1020.9,2329,1023.9,10.3,8.1,1200.0,1.81,10.82,,,,,,3.0,0.0,5.7,-3.6,6.3,6.2,8.7,7.0,9.1,10.8,11.6,18.5,19.4,1.8,2.6,,{햇무리}1355-1450.,,2025,1,3,18,0,0,0,0
184,제주,2025-01-19,8.1,3.6,231,13.3,1342,,,,,,,8.1,290,1517,5.3,290,1526,2.6,2216.0,180.0,0.5,44,1042,59.3,6.4,1015.3,1021.0,1,1015.8,1610,1017.8,10.3,7.9,1200.0,2.12,11.95,,,,,,3.9,2.5,7.5,-1.6,7.7,7.1,9.4,7.1,9.0,10.7,11.7,18.6,19.4,2.4,3.4,,,,2025,1,3,19,0,0,0,0
184,제주,2025-01-20,9.1,7.2,1,11.8,1236,,,,,,,9.2,340,1948,5.2,320,1956,3.5,3022.0,320.0,-0.3,28,1251,52.3,6.0,1014.7,1019.9,2239,1015.3,456,1017.3,10.3,5.6,1200.0,1.88,9.72,,,,,,5.5,5.5,9.1,3.1,8.7,8.1,10.3,7.7,9.5,11.0,12.1,18.0,19.3,2.2,3.2,,{연무}0442-{연무}{강도0}0600-0715. {연무}0915-1115.,,2025,1,4,20,0,0,0,0
184,제주,2025-01-21,7.6,4.7,2346,11.4,1449,,,,,,,8.6,20,13,4.3,360,44,2.5,2130.0,320.0,-0.8,45,1500,55.8,5.8,1019.9,1023.9,2012,1019.8,1,1022.4,10.3,8.3,1200.0,2.17,12.53,,,,,,1.9,1.9,8.7,-1.4,8.7,8.3,10.5,8.0,9.9,11.4,12.1,18.4,19.4,2.0,2.9,,,,2025,1,4,21,0,0,0,0
184,제주,2025-01-22,8.1,4.4,707,12.9,1426,,,,,,,5.1,50,1148,3.6,20,1506,2.0,1689.0,160.0,-1.5,33,1329,51.8,5.5,1021.8,1025.7,851,1023.3,1427,1024.3,10.3,5.0,1300.0,1.7,9.31,,,,,,6.1,0.3,7.7,-1.5,7.9,7.7,10.1,8.0,9.9,11.5,12.2,18.5,19.3,1.9,2.7,,,,2025,1,4,22,0,0,0,0
184,제주,2025-01-23,9.0,5.2,742,14.4,1322,,,,,,,7.9,50,1415,5.5,20,1428,1.8,1597.0,160.0,0.8,35,1630,57.5,6.6,1020.7,1024.9,934,1021.6,1501,1023.3,10.4,8.5,1200.0,2.16,12.63,,,,,,2.4,0.0,8.8,0.1,8.7,8.3,10.5,8.1,9.9,11.6,12.4,18.5,19.3,2.3,3.2,,,,2025,1,4,23,0,0,0,0
184,제주,2025-01-24,9.7,6.6,555,13.3,1146,,,,,,,8.6,70,1420,4.8,70,1440,2.5,2119.0,140.0,2.7,49,2,61.8,7.5,1020.7,1024.6,2158,1021.5,1453,1023.2,10.4,3.1,1100.0,1.46,7.88,,,,,,4.4,0.9,9.8,2.1,9.0,8.6,10.9,8.4,10.3,11.9,12.6,18.5,19.3,1.7,2.4,,,,2025,1,4,24,0,0,0,0
184,제주,2025-01-25,9.7,8.1,115,12.0,1154,,,,,1.92,0.0,13.2,50,1736,7.4,70,1758,4.4,3798.0,70.0,1.1,43,1132,55.6,6.6,1022.7,1026.6,1038,1024.0,33,1025.3,10.4,4.0,1100.0,2.18,8.25,,,,,,4.3,4.0,8.4,3.3,9.2,8.9,11.2,8.7,10.6,12.3,13.0,18.5,19.3,2.4,3.4,0.0,{비}1432-1435. {비}1452-{비}{강도0}1500-1633. {비}1651-1702.,,2025,1,4,25,0,0,0,0
184,제주,2025-01-26,8.0,7.1,617,8.7,1,,,,,2.43,0.9,10.4,70,206,5.2,70,902,2.6,2255.0,90.0,0.8,51,2352,60.6,6.5,1020.7,1026.9,1046,1018.7,2400,1023.3,10.4,0.0,1200.0,0.73,3.0,,,,,,8.8,4.9,7.9,4.0,8.5,8.5,11.0,8.7,11.0,12.7,13.6,18.5,19.3,1.1,1.6,10.0,{비}1037-1148. {비}1242-1352. {비}1423-1428.,,2025,1,4,26,0,0,0,0
184,제주,2025-01-27,4.6,1.6,1833,8.3,1,,,,,16.85,9.4,20.1,340,832,10.0,320,2257,6.7,5801.0,320.0,-1.9,48,44,63.1,5.4,1016.2,1020.6,2323,1016.5,607,1018.8,10.5,0.3,1300.0,0.75,2.4,,,,,,9.0,8.3,5.0,-0.1,7.0,7.4,10.2,8.5,11.0,12.8,13.6,16.6,18.5,1.9,2.7,0.5,{비}0026-{비}{강도0}0300-{비}{강도0}0600-{비}{강도0}0900-1130. {박무}0249-{박무}{강도0}0300-0408. {박무}0636-0705. {눈}1423-{눈}{강도0}1500-1635. {눈}1712-{눈}{강도0}1800-1909. {눈}1952-2054. {소낙눈}2105-2115. {소낙눈}2158-2205. {소낙눈}2251-2310.,,2025,1,5,27,0,0,0,1
184,제주,2025-01-28,3.1,1.5,1847,5.2,1313,,,,,18.63,0.9,19.3,290,221,10.4,320,1906,8.4,7234.0,320.0,-4.3,42,1316,58.9,4.5,1019.0,1024.6,2304,1019.6,354,1021.6,10.5,1.0,1200.0,1.1,4.82,,,,,,8.8,8.8,3.3,0.0,5.1,5.7,8.7,7.6,10.5,12.4,12.7,15.8,18.2,2.0,2.8,0.7,{소낙눈}0017-{소낙눈}{강도0}0300-0343. {소낙눈}0706-0852. {소낙눈}0939-{소낙눈}{강도0}1200-1255. {소낙눈}1350-{소낙눈}{강도0}1500-{소낙눈}{강도0}1800-{소낙눈}{강도0}2100-{소낙눈}{강도0}2400-,,2025,1,5,28,0,0,0,0
184,제주,2025-01-29,3.7,2.6,2358,5.3,1436,,,,,5.7,0.0,17.3,320,19,9.9,320,151,6.4,5532.0,320.0,-5.8,41,1603,49.9,4.0,1023.9,1028.1,2346,1024.4,341,1026.5,10.5,1.0,1100.0,1.17,5.56,,,,,,7.4,7.4,3.5,-2.0,5.0,5.3,8.1,7.0,9.8,11.6,11.8,15.5,18.1,1.8,2.5,,-{소낙눈}-{소낙눈}{강도0}0300-0532. {소낙눈}0655-0705.,,2025,1,5,29,0,0,0,0
184,제주,2025-01-30,4.5,0.1,335,9.8,1454,,,,,,,6.6,20,17,3.6,20,1324,2.3,1974.0,180.0,-4.7,36,1120,52.5,4.3,1025.3,1029.7,1054,1026.4,1607,1027.9,10.5,9.2,1200.0,2.38,14.35,,,,,,1.9,1.1,5.4,-4.5,5.7,5.6,8.1,6.7,9.1,11.0,11.8,17.5,18.9,2.3,3.3,,,,2025,1,5,30,0,0,0,0
184,제주,2025-01-31,8.4,2.8,151,14.7,1359,,,,,6.97,0.0,9.4,110,1801,5.3,110,1807,2.8,2411.0,160.0,0.3,41,1258,57.1,6.5,1021.0,1027.7,939,1020.4,2400,1023.6,10.6,4.0,1300.0,2.04,8.83,,,,,,6.9,3.9,7.1,-2.4,7.0,6.6,8.8,6.9,9.0,10.8,12.1,17.8,19.0,1.9,2.7,19.5,{비}1702-{비}{강도0}1800-{비}{강도0}2100-{비}{강도0}2400-,,2025,1,5,31,0,0,0,0
184,제주,2025-02-01,8.8,7.6,1458,10.1,133,,,,,16.25,40.3,17.5,50,1228,11.5,50,1231,5.4,4644.0,70.0,5.3,69,143,79.3,8.9,1014.1,1020.4,1,1014.2,857,1016.6,10.6,0.0,1300.0,0.15,0.41,,,,,,10.0,8.8,8.4,6.8,8.6,8.2,10.5,7.8,9.6,11.1,12.6,17.8,19.0,1.0,1.5,20.8,{박무}0237-{박무}{강도0}0300-0307. -{비}-{비}{강도0}0300-{비}{강도1}0600-{비}{강도1}0900-{비}{강도1}1200-{비}{강도0}1500-1615. {박무}0507-{박무}{강도0}0600-{박무}{강도0}0900-{박무}{강도1}1200-1248.,,2025,2,5,32,1,0,0,1
184,제주,2025-02-02,8.7,6.7,2240,11.2,1236,,,,,,,9.8,20,19,6.0,20,21,3.8,3245.0,20.0,1.3,44,1450,60.4,6.8,1015.7,1020.0,1101,1016.3,827,1018.3,10.6,4.8,1200.0,2.31,10.47,,,,,,8.3,5.0,9.5,4.7,9.6,9.0,11.1,8.2,10.2,11.9,13.7,17.9,18.9,2.4,3.4,0.0,,,2025,2,5,33,1,0,0,0
184,제주,2025-02-03,4.6,1.0,2355,7.5,357,,,,,10.83,1.5,20.4,320,2322,10.6,320,2323,7.1,6131.0,320.0,-3.0,42,1039,58.6,5.0,1018.2,1022.3,1030,1018.4,547,1020.8,10.6,1.0,1100.0,0.96,5.04,0.7,2300.0,0.7,2300.0,0.7,8.6,8.0,5.9,-0.1,7.4,7.8,10.6,8.5,10.9,12.5,12.9,16.0,18.1,1.9,2.7,3.3,{비}0335-0457. {비}0536-{비}{강도0}0600-0657. {비}0820-{비}{강도0}0900-0903. {소낙눈}1436-{소낙눈}{강도0}1500-{소낙눈}{강도0}1800-1910. {소낙눈}2110-{소낙눈}{강도0}2400-,,2025,2,6,34,1,0,0,1
184,제주,2025-02-04,1.3,-0.5,1139,2.5,1543,,,,,17.77,2.3,19.0,340,1416,10.6,320,209,7.9,6797.0,320.0,-4.8,43,1849,64.1,4.3,1017.7,1022.3,115,1018.8,1504,1020.3,10.7,0.9,1400.0,0.77,4.73,1.6,1150.0,2.2,1150.0,2.2,7.9,7.9,1.9,-1.0,4.4,5.2,8.4,7.5,10.4,12.0,11.7,15.5,17.7,1.9,2.7,0.5,-{소낙눈}-{소낙눈}{강도0}0300-{소낙눈}{강도0}0600-{소낙눈}{강도0}0900-{소낙눈}{강도0}1200-{소낙눈}{강도0}1500-1726. {소낙눈}1905-1925.,,2025,2,6,35,1,0,0,1
184,제주,2025-02-05,2.6,0.3,2213,4.2,1233,,,,,12.02,1.2,20.2,320,1858,10.8,320,1938,7.7,6692.0,320.0,-5.3,33,633,57.5,4.2,1016.8,1022.8,2342,1017.2,1518,1019.4,10.7,1.4,1200.0,1.17,5.13,0.1,55.0,0.7,55.0,0.1,8.4,8.4,2.8,-1.2,4.0,4.4,7.4,6.5,9.4,11.0,10.7,14.6,17.4,1.8,2.5,1.6,{소낙눈}0018-0035. {소낙눈}0425-{소낙눈}{강도0}0600-0620. {소낙눈}0730-0754. {소낙눈}1140-{소낙눈}{강도0}1200-{소낙눈}{강도0}1500-1725. {소낙눈}2020-{소낙눈}{강도0}2100-{소낙눈}{강도0}2400-,,2025,2,6,36,1,0,0,1
184,제주,2025-02-06,3.1,0.2,131,4.7,1513,,,,,10.92,0.4,13.7,340,335,7.7,360,111,4.6,3972.0,320.0,-5.8,37,2100,52.6,4.0,1019.6,1024.6,955,1021.2,1553,1022.2,10.7,1.0,1100.0,1.32,6.0,0.8,255.0,0.8,255.0,0.9,8.4,7.3,2.9,-1.1,4.2,4.4,7.2,6.1,8.6,10.1,10.4,15.8,18.2,1.9,2.7,0.9,-{소낙눈}-0224. {소낙눈}0340-0421. {소낙눈}0537-{소낙눈}{강도0}0600-{소낙눈}{강도0}0900-{소낙눈}{강도0}1200-1242. {소낙눈}1430-1437. {소낙눈}1540-1613. {눈}2355-{눈}{강도0}2400-,,2025,2,6,37,1,0,0,0
184,제주,2025-02-07,2.0,-1.7,1947,5.9,740,,,,,22.38,2.2,22.7,320,1942,11.9,320,1314,8.4,7284.0,320.0,-4.1,40,149,64.8,4.6,1020.1,1027.9,2345,1018.0,734,1022.8,10.8,0.4,1400.0,0.77,3.65,0.1,2055.0,0.1,2055.0,0.1,9.0,8.8,2.6,-2.3,4.0,4.3,7.2,6.0,8.3,9.7,10.2,13.9,16.9,1.3,1.9,4.3,-{눈}-0150. {비}0223-{비}{강도0}0300-{비}{강도0}0600-0637. {진눈깨비}0706-{눈}0831-{비}0841-{비}{강도0}0900-{진눈깨비}1027-{소낙눈}1114-{소낙눈}{강도0}1200-{소낙눈}{강도0}1500-1606. {소낙눈}1641-{소낙눈}{강도0}1800-{소낙눈}{강도0}2100-{소낙눈}{강도0}2400-,,2025,2,6,38,1,0,0,1
184,제주,2025-02-08,0.9,-1.5,344,2.2,1536,,,,,13.55,3.0,21.7,320,244,10.6,360,207,5.8,4975.0,360.0,-5.3,51,1636,63.6,4.1,1026.0,1030.1,1020,1027.0,355,1028.6,10.8,0.0,1100.0,0.71,3.35,2.8,755.0,2.8,755.0,2.9,9.0,9.0,0.9,-1.1,3.0,3.4,6.4,5.5,7.7,8.9,9.3,15.3,17.8,1.1,1.6,0.1,-{소낙눈}-{소낙눈}{강도0}0300-{시정(미만)}{1km}{소낙눈}0302-{시정(이상)}{1km}{소낙눈}0320-{시정(미만)}{1km}{소낙눈}0336-{시정(이상)}{1km}{소낙눈}0349-{소낙눈}{강도0}0600-{소낙눈}{강도0}0900-{소낙눈}{강도0}1200-1333.,,2025,2,6,39,1,0,0,1
184,제주,2025-02-09,2.8,1.2,2,4.2,1244,,,,,18.67,2.0,12.8,20,1637,7.1,320,1048,3.3,2847.0,320.0,-3.3,52,1235,64.5,4.8,1024.9,1029.5,21,1025.8,1519,1027.5,10.8,0.2,1200.0,1.14,2.98,0.1,855.0,0.5,855.0,0.2,8.9,8.9,2.1,-0.4,3.3,3.4,6.3,5.0,7.2,8.6,9.0,15.6,18.1,1.1,1.6,1.9,{눈}0120-{눈}{강도0}0300-0452. {눈}0620-{싸락눈}0840-{싸락눈}{강도0}0900-{눈}1045-1148. {진눈깨비}1210-1250. {싸락눈}1325-{눈}1450-{눈}{강도0}1500-{진눈깨비}1610-{진눈깨비}{강도0}1800-2058. {진눈깨비}2153-2255. {진눈깨비}2335-{진눈깨비}{강도0}2400-,,2025,2,6,40,1,0,0,1
184,제주,2025-02-10,3.6,0.6,2346,6.5,1524,,,,,0.12,0.0,9.7,320,123,4.2,320,211,1.8,1522.0,320.0,-5.2,43,1610,53.1,4.2,1025.1,1028.9,2247,1026.7,1443,1027.7,10.9,2.7,1400.0,1.38,7.7,,,,,,5.5,5.3,4.1,-4.4,4.4,4.2,6.7,4.9,6.9,8.3,9.2,15.6,18.2,1.2,1.8,,-{진눈깨비}-0007.,,2025,2,7,41,1,0,0,0
184,제주,2025-02-11,6.4,-0.2,323,11.7,1342,,,,,2.32,0.0,10.5,90,1327,4.6,70,1334,1.6,1371.0,140.0,-3.2,30,1113,51.3,4.9,1023.9,1030.1,844,1021.8,2400,1026.5,10.9,9.8,1200.0,2.47,15.89,,,,,,2.8,1.8,6.6,-4.4,5.6,4.9,7.1,5.0,6.8,8.3,9.5,16.6,18.4,2.4,3.4,4.9,{비}2123-2250. {비}2308-{비}{강도0}2400-,,2025,2,7,42,1,0,0,0
184,제주,2025-02-12,9.4,5.3,2340,13.3,824,,,,,10.32,4.9,18.7,320,2106,9.5,320,2111,5.1,4408.0,320.0,4.7,49,2243,73.1,8.8,1015.1,1023.9,2347,1013.7,1407,1017.6,10.9,0.0,1000.0,0.78,1.94,,,,,,9.3,7.3,8.9,3.9,8.2,7.4,9.3,6.2,7.7,8.6,9.7,13.8,16.9,1.9,2.7,0.0,-{비}-{비}{강도0}0300-{비}{강도0}0600-0848. {비}1801-1833. {비}1949-2048.,,2025,2,7,43,1,0,0,1
184,제주,2025-02-13,4.8,2.5,731,8.0,1504,,,,,,,16.9,360,400,8.6,20,633,3.7,3209.0,20.0,-5.7,37,635,46.6,4.0,1023.2,1027.9,854,1023.8,2,1025.8,10.9,6.6,1100.0,2.4,6.88,,,,,,3.0,3.0,7.4,-1.8,7.2,6.9,9.2,6.6,8.2,9.1,9.5,15.9,18.0,,,,,,2025,2,7,44,1,0,0,0
184,제주,2025-02-14,6.2,2.0,645,10.8,1339,,,,,,,4.9,50,1432,3.1,360,1312,2.0,1707.0,160.0,-1.7,42,1320,57.8,5.4,1020.4,1025.7,25,1020.8,1803,1023.0,11.0,6.1,1100.0,2.23,12.98,,,,,,5.5,5.4,6.8,-3.2,6.8,6.6,8.9,6.5,8.1,9.1,9.6,16.3,18.3,1.9,2.7,,,,2025,2,7,45,1,0,0,0
184,제주,2025-02-15,7.8,5.9,239,9.9,1331,,,,,9.78,1.6,4.0,180,154,2.8,180,156,1.4,1211.0,160.0,2.4,59,855,69.1,7.3,1015.5,1021.5,19,1016.0,1422,1018.1,11.0,0.0,1100.0,0.82,2.48,,,,,,9.6,6.5,7.5,2.3,7.7,7.3,9.6,6.9,8.5,9.3,9.9,16.5,18.3,0.8,1.1,1.6,{비}0904-{비}{강도0}1200-1211. {비}1458-{비}{강도0}1500-{비}{강도0}1800-{비}{강도0}2100-2138.,,2025,2,7,46,1,0,0,1
184,제주,2025-02-16,9.2,5.8,339,13.4,1426,,,,,,,10.3,320,2238,6.0,320,2241,3.3,2884.0,270.0,3.8,42,1411,69.9,8.0,1015.6,1021.7,2355,1016.3,1508,1018.2,11.0,7.8,1100.0,2.29,14.62,,,,,,5.0,4.0,9.8,0.5,9.1,8.3,10.3,7.2,8.8,9.6,10.2,16.6,18.3,2.8,4.1,,{연무}1618-{연무}{강도0}1800-{연무}{강도0}2100-{연무}{강도0}2400-,,2025,2,7,47,1,0,0,0
184,제주,2025-02-17,5.6,4.0,2353,7.7,1247,,,,,,0.0,16.5,20,433,8.2,20,825,5.8,4997.0,340.0,-4.1,33,1249,50.3,4.6,1022.9,1027.3,1227,1021.7,1,1025.5,11.1,5.6,1200.0,2.42,12.82,,,,,,7.1,6.6,8.0,2.6,8.4,8.3,10.7,7.9,9.5,10.1,10.3,15.8,18.0,2.7,3.9,,-{연무}-0151.,,2025,2,8,48,1,0,0,0
184,제주,2025-02-18,4.1,3.2,334,6.2,1401,,,,,,,12.8,320,1452,6.9,320,458,5.3,4549.0,320.0,-5.4,35,1352,49.9,4.1,1025.2,1029.1,2130,1026.2,1,1027.8,11.1,3.6,1300.0,2.5,11.78,,,,,,7.4,7.3,8.0,2.6,7.3,7.3,9.8,7.5,9.4,10.3,10.0,14.9,17.7,2.5,3.6,,,,2025,2,8,49,1,0,0,0
184,제주,2025-02-19,4.2,2.3,2351,6.7,1517,,,,,,,14.0,320,802,7.3,320,751,5.4,4648.0,320.0,-5.2,36,1520,50.4,4.1,1026.9,1031.1,2348,1027.5,427,1029.5,11.1,4.4,1200.0,2.48,13.07,,,,,,7.1,6.9,8.6,1.5,7.1,7.0,9.4,7.3,9.2,10.0,9.8,13.9,17.3,2.4,3.5,,,,2025,2,8,50,1,0,0,0
184,제주,2025-02-20,3.7,2.1,56,6.8,1353,,,,,,,11.8,20,1846,6.7,360,1851,4.2,3634.0,360.0,-6.1,33,1600,49.1,3.9,1028.3,1032.0,831,1029.4,1656,1030.9,11.2,4.2,1300.0,2.37,11.33,,,,,,7.1,5.1,7.7,1.2,6.8,6.7,9.2,7.1,8.9,9.8,9.8,15.6,18.0,2.4,3.5,,,,2025,2,8,51,1,0,0,0
184,제주,2025-02-21,3.7,2.4,715,6.5,1313,,,,,,,11.8,20,628,5.4,320,1637,3.8,3325.0,340.0,-5.8,35,1415,50.0,4.0,1029.1,1033.0,2358,1030.7,406,1031.7,11.2,3.7,1200.0,2.4,11.96,,,,,,7.5,6.5,8.1,0.1,6.8,6.7,9.1,7.0,8.7,9.7,10.0,15.6,18.0,2.1,3.0,,,,2025,2,8,52,1,0,0,0
184,제주,2025-02-22,3.5,2.3,21,5.7,1226,,,,,0.45,0.0,10.9,290,1401,6.0,320,1300,4.3,3732.0,320.0,-5.0,45,1816,53.6,4.2,1030.5,1034.1,1007,1031.3,1722,1033.1,11.2,1.4,1200.0,1.31,7.39,,,,,,8.3,7.6,5.7,0.3,6.0,6.1,8.8,6.8,8.6,9.7,9.9,15.2,18.0,1.9,2.7,0.0,{비}1055-1122.,,2025,2,8,53,1,0,0,0
184,제주,2025-02-23,2.4,0.7,2400,4.4,1259,,,,,6.47,0.0,22.8,360,1724,10.9,360,1727,6.2,5314.0,340.0,-5.7,40,1427,55.5,4.0,1030.1,1033.7,916,1031.4,1524,1032.7,11.3,1.4,1200.0,1.55,6.71,0.4,2355.0,0.4,2355.0,0.4,8.8,8.8,4.7,-0.2,5.3,5.4,8.2,6.5,8.4,9.6,9.7,14.4,17.6,2.0,2.8,0.1,{소낙눈}0823-0835. {소낙눈}0910-1126. {소낙눈}1307-1318. {소낙눈}1435-{소낙눈}{강도0}1500-1640. {소낙눈}1717-{소낙눈}{강도0}1800-1803. {소낙눈}2121-2148. {소낙눈}2250-2258. {소낙눈}2337-{소낙눈}{강도0}2400-,,2025,2,8,54,1,0,0,0
184,제주,2025-02-24,3.4,0.4,11,6.3,1438,,,,,2.75,0.1,16.1,320,315,8.3,320,434,5.3,4549.0,320.0,-5.3,41,1432,52.8,4.1,1030.7,1035.2,1135,1031.9,257,1033.3,11.3,1.5,1400.0,1.74,7.58,0.1,50.0,0.5,50.0,,6.9,6.9,5.5,-1.8,5.1,5.1,7.7,6.0,8.0,9.2,9.0,13.4,17.0,1.6,2.3,,-{소낙눈}-0032. {소낙눈}0120-0250. {소낙눈}0305-0348.,,2025,2,9,55,1,0,0,0
184,제주,2025-02-25,4.9,-0.4,608,9.2,1416,,,,,,,8.7,290,1351,5.5,290,1359,3.2,2779.0,180.0,-2.4,46,1102,59.4,5.2,1026.4,1033.5,1,1026.3,2350,1029.1,11.3,4.6,1100.0,2.49,12.44,,,,,,5.1,2.8,5.1,-5.5,5.6,5.3,7.8,5.8,7.6,8.8,9.1,15.6,17.9,2.2,3.2,,,,2025,2,9,56,1,0,0,0
184,제주,2025-02-26,8.5,5.6,2359,12.2,1431,,,,,,,9.0,290,358,5.0,320,1314,3.4,2941.0,270.0,0.1,40,2359,56.3,6.3,1023.5,1027.9,944,1025.0,1707,1026.1,11.4,7.8,1200.0,2.63,16.15,,,,,,3.3,1.8,11.0,-1.1,8.5,7.5,9.4,6.4,7.9,8.8,9.3,14.5,17.7,2.7,3.8,,{연무}1210-{연무}{강도0}1500-{연무}{강도0}1800-{연무}{강도0}2100-2205.,,2025,2,9,57,1,0,0,0
184,제주,2025-02-27,8.0,3.3,618,12.9,1255,,,,,5.5,1.9,8.2,90,1326,4.4,250,1350,1.9,1617.0,160.0,-0.1,31,1321,58.1,6.3,1019.2,1025.3,1,1018.7,2400,1021.8,11.4,0.3,1200.0,1.16,6.15,,,,,,8.6,3.4,7.7,-1.6,7.8,7.4,9.7,7.1,8.5,9.0,9.4,15.6,17.9,1.3,1.8,1.9,{연무}0644-0748. {연무}0903-1102. {비}1352-{비}{강도0}1500-{비}{강도0}1800-1913. {박무}1637-1725. {비}2000-2009.,,2025,2,9,58,1,0,0,1
184,제주,2025-02-28,11.8,8.9,1,15.0,1222,,,,,,,6.4,20,1248,4.3,20,1245,1.9,1667.0,160.0,8.1,69,1157,78.8,10.9,1017.2,1020.9,1050,1017.8,228,1019.7,11.4,1.3,1100.0,2.16,7.82,,,,,,8.4,8.1,12.9,7.6,10.7,9.6,11.3,7.7,9.0,9.3,9.7,15.6,17.9,1.4,1.9,0.1,,,2025,2,9,59,1,0,1,0
184,제주,2025-03-01,14.8,9.4,316,21.3,1527,,,,,3.45,3.1,14.9,230,1534,7.0,230,1539,2.4,2061.0,160.0,11.0,65,1534,78.6,13.5,1013.7,1020.2,41,1012.5,1549,1016.1,11.5,3.0,1100.0,2.1,8.34,,,,,,6.6,5.8,14.9,5.3,12.4,11.3,12.9,9.0,10.1,9.9,10.0,15.7,17.9,1.6,2.3,3.0,{비}0842-0854. {비}0908-0940. {비}1008-1024. {비}1203-1350. {박무}1225-1351. {비}1405-1419. {비}1553-1559. {박무}2312-{시정(미만)}{1km}{안개}2336-{시정(미만)}{0.5km}{안개}2348-{안개}{강도1}2400- {안개비}2340-{안개비}{강도2}2400-,0.4,2025,3,9,60,1,0,1,1
184,제주,2025-03-02,16.0,13.8,2358,19.6,1108,,,,,16.28,4.7,11.9,50,2324,6.4,50,2330,1.6,1374.0,20.0,14.2,72,1034,89.1,16.2,1009.2,1015.8,836,1007.8,2232,1011.6,11.5,1.6,1000.0,1.59,5.84,,,,,,9.8,9.1,16.5,13.4,14.8,13.6,15.1,10.5,11.5,10.7,10.1,14.9,17.8,1.2,1.7,19.4,-{안개}-{시정(이상)}{0.5km}{안개}0005-{시정(이상)}{1km}{박무}0048-{박무}{강도2}0300-{시정(미만)}{1km}{안개}0401-{시정(미만)}{0.5km}{안개}0406-{안개}{강도1}0600-{시정(이상)}{0.5km}{안개}0616-{시정(이상)}{1km}{박무}0636-0853. -{안개비}-{안개비}{강도0}0300-{안개비}{강도2}0600-0705. {비}1202-1237. {비}1320-{비}{강도0}1500-{비}{강도0}1800-2046. {박무}1405-{박무}{강도0}1500-1509. {박무}1639-1653. {비}2110-2126. {비}2305-{비}{강도0}2400-,3.38,2025,3,9,61,1,0,1,1
184,제주,2025-03-03,9.0,7.4,1140,13.8,1,,,,,23.08,25.5,17.8,90,1530,7.5,70,1707,5.4,4697.0,90.0,6.1,72,1801,82.5,9.6,1012.8,1019.8,2222,1006.1,438,1015.4,11.5,0.0,1200.0,0.27,0.77,,,,,,10.0,8.6,10.2,6.8,12.1,12.2,14.7,11.3,12.7,11.6,10.5,15.4,17.8,0.9,1.2,20.5,{박무}0103-{박무}{강도1}0300-0356. -{비}-{비}{강도0}0300-0455. {안개비}0550-{안개비}{강도0}0600-{비}0705-{비}{강도0}0900-{비}{강도0}1200-{비}{강도0}1500-{비}{강도0}1800-{비}{강도0}2100-{비}{강도0}2400- {박무}0610-{박무}{강도0}0900-{박무}{강도0}1200-1332. {박무}1402-{박무}{강도0}1500-1513. {박무}1840-2002. {박무}2230-{박무}{강도0}2400-,,2025,3,10,62,1,0,0,1
184,제주,2025-03-04,7.3,6.6,1608,8.6,1242,,,,,22.13,16.3,14.9,90,1329,7.6,70,1328,4.4,3793.0,90.0,4.9,79,2159,85.1,8.7,1013.5,1019.8,2310,1013.5,1336,1016.1,11.6,0.0,1200.0,0.45,1.28,,,,,,10.0,9.3,8.3,6.5,9.5,9.6,12.3,10.0,12.1,12.0,11.1,15.4,17.7,0.6,0.9,6.6,-{비}-{비}{강도0}0300-{비}{강도1}0600-{안개비}0735-{안개비}{강도0}0900-{비}1054-{비}{강도0}1200-{안개비}1435-{안개비}{강도0}1500-{비}1647-{비}{강도0}1800-{비}{강도0}2100-2112. -{박무}-{박무}{강도0}0300-{박무}{강도0}0600-{박무}{강도0}0900-{박무}{강도1}1200-{박무}{강도0}1500-1639. {박무}1916-2053. {비}2258-2354. {박무}2307-2344.,,2025,3,10,63,1,0,0,1
184,제주,2025-03-05,7.8,6.9,17,9.2,1153,,,,,2.67,0.1,7.6,360,1809,4.7,20,1811,2.5,2127.0,110.0,3.5,63,1240,74.5,7.8,1018.4,1023.6,2212,1017.3,103,1021.0,11.6,0.0,1100.0,0.64,2.33,,,,,,10.0,8.6,8.2,4.9,9.2,9.2,11.7,9.4,11.5,11.9,11.4,15.6,17.8,1.1,1.6,0.1,{비}0215-0223. {비}1609-1741. {비}1946-2003. {비}2020-2050. {비}2104-2108. {비}2135-2144.,,2025,3,10,64,1,0,0,0
184,제주,2025-03-06,7.8,5.8,2325,10.5,1332,,,,,0.57,0.0,11.9,360,722,6.8,20,830,4.5,3913.0,360.0,0.6,44,1324,61.3,6.4,1023.5,1029.1,2248,1022.4,25,1026.1,11.7,5.2,1200.0,2.92,14.97,,,,,,5.3,3.8,9.9,3.0,10.3,9.9,12.0,9.4,11.2,11.8,12.0,15.7,17.7,2.5,3.6,,{비}0101-0115. {비}0445-0450. {비}0615-0630.,,2025,3,10,65,1,0,0,0
184,제주,2025-03-07,8.4,3.5,624,12.6,1424,,,,,0.23,0.0,11.0,70,1510,6.7,50,1401,3.0,2624.0,50.0,0.0,40,1606,56.1,6.1,1024.4,1029.1,714,1024.6,1524,1026.9,11.7,7.7,1300.0,2.84,17.32,,,,,,6.0,3.6,11.1,0.0,10.3,9.9,12.2,9.6,11.2,11.9,11.8,15.7,17.7,2.8,4.0,0.0,{비}1743-1755. {비}1839-1841.,,2025,3,10,66,1,1,0,0
184,제주,2025-03-08,8.8,6.4,2251,12.4,1153,,,,,12.5,1.1,8.0,70,1151,4.9,50,1143,1.9,1672.0,180.0,2.5,45,1124,65.5,7.4,1023.2,1027.9,2328,1024.3,252,1025.8,11.7,0.6,1100.0,1.49,4.86,,,,,,9.1,7.5,8.8,1.8,10.3,10.3,12.7,9.9,11.5,12.0,12.0,15.8,17.7,1.2,1.7,1.1,{비}0236-0256. {비}0355-{비}{강도0}0600-{비}{강도0}0900-0945. {비}1212-{비}{강도0}1500-1610. {비}1648-{비}{강도0}1800-1910.,,2025,3,10,67,1,0,0,1
184,제주,2025-03-09,9.2,5.8,626,12.8,1302,,,,,,,6.7,50,1336,4.7,50,1436,2.1,1852.0,50.0,1.2,41,1014,58.6,6.7,1026.6,1030.9,927,1027.8,321,1029.2,11.8,10.4,1200.0,2.76,18.5,,,,,,2.1,0.3,11.1,1.1,10.7,10.4,12.5,9.7,11.3,12.0,12.0,15.8,17.7,2.9,4.2,,,,2025,3,10,68,1,0,0,0
184,제주,2025-03-10,10.8,7.4,408,13.2,1406,,,,,,,8.9,70,1540,4.9,50,1544,2.4,2107.0,90.0,3.2,50,1159,59.9,7.8,1022.5,1028.8,1,1021.8,2347,1025.0,11.8,0.4,1000.0,0.99,5.39,,,,,,7.8,4.9,10.4,1.0,10.2,10.0,12.5,10.0,11.5,12.2,12.3,15.9,17.6,1.5,2.1,,,,2025,3,11,69,1,0,1,0
184,제주,2025-03-11,12.4,9.9,250,15.0,1357,,,,,,,9.5,50,1201,5.5,50,1207,2.5,2152.0,50.0,6.5,51,229,67.9,9.8,1017.3,1021.9,1,1017.6,1708,1019.8,11.8,5.6,1300.0,2.84,14.78,,,,,,6.5,3.8,15.9,5.0,12.7,11.8,13.6,10.3,11.7,12.3,12.3,15.9,17.6,2.4,3.4,,{달코로나}0250-0340.,,2025,3,11,70,1,0,1,0
184,제주,2025-03-12,11.8,9.4,458,14.1,1435,,,,,,,4.7,20,1510,3.3,20,1513,1.6,1372.0,20.0,6.9,61,1503,72.8,10.0,1014.9,1019.1,2331,1015.9,633,1017.4,11.8,0.0,1000.0,0.66,4.26,,,,,,8.4,5.5,12.5,4.3,11.9,11.7,14.0,11.0,12.4,12.6,12.5,15.8,17.6,1.0,1.4,,,,2025,3,11,71,1,0,1,0
184,제주,2025-03-13,12.0,9.6,657,14.5,1717,,,,,,,8.0,50,1510,4.6,50,1348,2.5,2178.0,50.0,1.5,27,1655,52.3,7.0,1018.2,1022.8,2317,1018.7,424,1020.7,11.9,1.6,1300.0,1.9,9.24,,,,,,8.1,6.5,14.4,6.1,12.5,12.0,14.0,11.1,12.5,12.9,12.6,15.9,17.6,2.6,3.7,,{박무}0227-{박무}{강도0}0300-0314. {박무}0409-{박무}{강도0}0600-0816.,,2025,3,11,72,1,0,1,0
184,제주,2025-03-14,13.0,10.9,551,15.7,1459,,,,,1.05,0.2,13.3,50,1251,8.1,50,1335,3.8,3298.0,90.0,4.6,45,948,57.3,8.5,1019.9,1024.7,810,1020.6,2247,1022.4,11.9,2.5,1200.0,2.93,13.69,,,,,,8.8,7.8,16.2,5.9,13.2,12.5,14.5,11.3,12.7,13.0,12.7,15.9,17.6,2.9,4.2,21.9,{비}2257-{비}{강도0}2400-,,2025,3,11,73,1,0,1,0
184,제주,2025-03-15,9.7,8.7,817,12.3,1,,,,,20.07,24.6,20.1,50,806,10.9,50,716,6.7,5800.0,50.0,5.3,60,2330,74.9,9.0,1016.6,1022.1,1,1017.1,1539,1019.1,12.0,0.0,1000.0,0.07,0.33,,,,,,10.0,8.5,9.7,7.8,11.2,11.4,14.1,11.6,13.1,13.3,13.5,16.0,17.5,1.3,1.8,2.9,{박무}0137-{박무}{강도0}0300-0414. -{비}-{비}{강도1}0300-{비}{강도0}0600-{비}{강도0}0900-{비}{강도0}1200-{비}{강도0}1500-1639. {박무}0550-{박무}{강도0}0600-{박무}{강도0}0900-0909. {박무}0933-1102. {박무}1422-{박무}{강도0}1500-1609. {비}1721-{비}{강도0}1800-2020. {비}2207-2233.,,2025,3,11,74,1,0,0,1
184,제주,2025-03-16,6.8,2.6,2310,10.0,11,,,,,3.52,0.0,21.2,320,2327,12.1,320,2333,6.5,5595.0,320.0,-0.8,37,1940,59.1,6.0,1015.1,1020.9,2306,1015.6,426,1017.6,12.0,0.5,1600.0,0.72,2.87,,,,,,9.1,7.0,6.5,1.3,9.0,9.5,12.4,10.6,12.6,13.4,13.6,14.9,17.0,2.4,3.5,0.0,{비}1045-1122. {비}1243-1304. {비}1902-1906. {비}2047-2055. {소낙성진눈깨비}2115-{소낙눈}2219-2336.,,2025,3,11,75,1,1,0,0
184,제주,2025-03-17,5.6,4.0,258,8.6,1657,,,,,0.63,0.0,19.7,340,44,11.1,320,100,5.7,4931.0,320.0,-5.9,30,1739,43.5,3.9,1017.6,1022.2,1055,1018.8,2357,1020.2,12.0,5.6,1300.0,2.58,15.01,,,,,,4.1,4.1,6.8,1.1,8.0,8.2,10.9,9.5,11.7,12.9,12.6,14.1,16.4,3.0,4.2,1.3,{소낙눈}0236-0242. {비}0307-0339.,,2025,3,12,76,1,1,0,0
184,제주,2025-03-18,5.8,4.3,2220,7.8,205,,,,,5.6,1.3,19.4,320,1309,10.5,320,1244,7.3,6329.0,320.0,-4.5,33,1119,47.4,4.4,1017.6,1025.1,2334,1017.4,438,1020.2,12.1,4.2,1300.0,2.71,13.39,,,,,,7.9,7.6,7.2,0.9,7.8,8.0,10.8,9.2,11.2,12.4,12.5,14.2,16.5,3.1,4.4,0.0,{비}0206-{비}{강도0}0300-0505. {소낙눈}1102-{소낙눈}{강도0}1200-1315. {소낙눈}1419-1430. {소낙눈}1805-1818.,,2025,3,12,77,1,1,0,1
184,제주,2025-03-19,5.8,3.9,458,9.0,1604,,,,,0.87,0.0,16.1,320,5,8.1,20,203,4.5,3917.0,320.0,-3.7,33,1243,50.8,4.6,1023.4,1027.5,945,1024.5,402,1026.0,12.1,6.0,1300.0,2.55,16.03,,,,,,4.5,4.5,8.7,1.0,8.3,8.1,10.7,8.9,10.7,11.8,11.8,14.4,16.7,2.9,4.1,,{소낙눈}0231-{소낙눈}{강도0}0300-0323.,,2025,3,12,78,1,1,0,0
184,제주,2025-03-20,11.1,4.7,7,15.1,1432,,,,,,,14.0,270,1136,8.4,270,1344,5.2,4505.0,230.0,-0.3,32,2355,46.1,6.0,1019.9,1026.3,1,1019.6,2346,1022.4,12.1,10.6,1200.0,2.98,20.37,,,,,,0.0,0.0,12.7,1.6,10.2,9.5,11.7,9.1,10.6,11.7,11.9,14.2,16.6,5.5,7.9,,,,2025,3,12,79,1,1,1,0
184,제주,2025-03-21,17.0,11.8,1,21.0,1424,,,,,,,14.5,250,529,8.6,200,247,6.3,5422.0,250.0,-1.6,16,1910,29.1,5.6,1014.1,1019.6,1,1014.7,1705,1016.6,12.2,11.0,1200.0,3.11,22.01,,,,,,0.0,0.0,18.7,8.4,13.2,12.0,13.7,10.2,11.3,11.8,11.8,13.3,15.8,7.8,11.1,,,,2025,3,12,80,1,0,1,0
184,제주,2025-03-22,18.9,15.6,510,22.4,1424,,,,,,,14.4,270,1539,8.5,270,1447,6.0,5204.0,250.0,-2.1,14,1644,25.0,5.3,1012.1,1016.0,2,1013.2,1648,1014.5,12.2,11.1,1200.0,3.2,22.87,,,,,,0.0,0.0,20.8,10.2,15.2,13.9,15.5,11.5,12.3,12.1,11.8,12.8,15.3,9.7,13.9,,,,2025,3,12,81,1,0,1,0
184,제주,2025-03-23,19.6,15.6,2350,25.0,1213,,,,,,,12.1,230,111,6.7,230,52,4.0,3466.0,250.0,1.5,9,1152,34.8,7.4,1009.7,1015.0,932,1009.4,2358,1012.2,12.2,10.3,1200.0,3.24,21.99,,,,,,4.0,0.9,22.9,12.0,16.9,15.5,17.0,12.5,13.2,12.6,11.8,12.8,15.5,6.5,9.2,0.0,,,2025,3,12,82,1,0,1,0
184,제주,2025-03-24,20.4,14.9,702,24.5,1626,,,,,1.92,0.0,15.1,250,2359,9.1,250,315,5.6,4870.0,250.0,4.6,13,1659,37.1,8.7,1004.8,1010.2,434,1005.0,1941,1007.2,12.3,10.2,1200.0,2.93,20.4,,,,,,2.4,2.0,21.2,9.5,18.2,16.8,18.3,13.8,14.3,13.2,11.8,12.8,15.4,7.0,10.1,,{비}0357-0552.,,2025,3,13,83,1,0,1,0
184,제주,2025-03-25,20.7,14.7,706,28.8,1515,,,,,,,16.8,270,1540,9.2,250,1245,5.2,4499.0,250.0,4.6,13,1401,39.8,8.7,1001.6,1007.0,2357,1000.8,1500,1004.1,12.3,10.4,1200.0,2.93,20.7,,,,,,0.0,0.0,22.1,8.5,19.0,17.7,19.2,14.5,15.0,13.7,11.9,13.1,16.2,8.0,11.4,,{황사}0830-{황사}{강도0}0900-{황사}{강도0}1200-{황사}{강도0}1500-1755.,,2025,3,13,84,1,0,1,0
184,제주,2025-03-26,17.8,12.7,505,22.1,1446,,,,,,,8.8,50,2241,5.5,20,2148,2.1,1848.0,20.0,9.3,42,1342,58.1,12.0,1002.3,1007.5,110,1001.8,2109,1004.7,12.3,11.0,1200.0,3.19,22.67,,,,,,0.8,0.8,21.7,7.2,19.1,18.1,19.7,15.2,15.7,14.4,12.2,13.1,16.3,4.4,6.3,0.0,,,2025,3,13,85,1,0,1,0
184,제주,2025-03-27,16.3,9.0,2350,25.2,141,,,,,6.25,4.7,19.1,250,1235,9.6,250,1238,4.1,3560.0,250.0,11.3,54,159,72.9,13.9,1000.5,1012.3,2400,996.6,1411,1003.0,12.4,0.8,1000.0,0.99,4.15,,,,,,6.4,4.5,17.8,7.2,18.3,18.0,20.1,15.9,16.6,14.9,12.4,13.4,16.0,1.5,2.2,5.6,{비}0203-0215. {비}1140-{비}{강도0}1200-1335. {비}1400-{비}{강도0}1500-{비}{강도0}1800-1808. {박무}1438-{박무}{강도1}1500-1543.,,2025,3,13,86,1,0,1,1
184,제주,2025-03-28,8.4,7.3,605,10.8,1323,,,,,3.9,0.9,10.8,340,1241,6.3,320,1203,4.5,3893.0,320.0,-0.3,33,2030,55.4,6.1,1014.9,1022.8,2400,1011.7,214,1017.5,12.4,3.6,1200.0,2.6,14.49,,,,,,9.0,4.8,11.7,6.2,13.4,14.2,17.0,14.7,15.0,13.7,11.9,13.1,16.2,2.8,4.0,,{비}0203-{비}{강도0}0300-0415. {비}0507-{비}{강도0}0600-0649.,,2025,3,13,87,1,0,0,0
184,제주,2025-03-29,7.7,5.4,2300,10.9,1136,,,,,0.25,0.0,14.5,320,1550,7.2,320,1714,4.2,3661.0,320.0,-3.3,28,1215,46.4,4.9,1022.1,1028.9,2345,1021.8,25,1024.7,12.4,3.3,1100.0,2.25,13.64,,,,,,6.5,3.4,11.0,3.0,11.8,12.4,15.3,13.4,15.1,15.0,12.9,13.6,16.2,3.3,4.7,0.0,{비}1544-1553. {비}1636-1642.,,2025,3,13,88,1,0,0,0
184,제주,2025-03-30,6.9,4.4,503,10.0,1527,,,,,,,11.9,20,242,6.6,20,320,3.7,3183.0,20.0,-7.3,20,1102,36.5,3.6,1027.5,1032.1,1155,1028.6,2,1030.1,12.5,8.2,1100.0,3.08,20.53,,,,,,5.1,0.3,11.7,1.4,11.2,11.5,14.3,12.5,14.0,14.5,13.0,14.6,16.7,3.4,4.9,,,,2025,3,13,89,1,1,0,0
184,제주,2025-03-31,9.1,4.8,508,13.1,1418,,,,,,,5.9,290,1628,3.9,360,1326,2.4,2115.0,180.0,0.1,39,1056,53.8,6.2,1024.2,1029.6,131,1024.7,1730,1026.8,12.5,8.6,1300.0,3.18,21.04,,,,,,6.8,0.4,14.6,1.5,12.6,12.3,14.6,12.2,13.5,14.1,13.1,14.6,16.7,3.0,4.3,,,,2025,3,14,90,1,1,0,0
184,제주,2025-04-01,10.6,6.5,612,14.4,1345,,,,,,,8.4,50,1433,5.9,50,1439,2.5,2171.0,50.0,0.6,28,1718,51.8,6.4,1019.6,1025.5,28,1020.0,1709,1022.1,12.5,8.8,1200.0,3.3,21.05,,,,,,4.3,0.1,15.0,2.3,13.7,13.4,15.5,12.6,13.6,14.0,13.2,14.8,16.8,3.9,5.6,,{햇무리}1000-1030.,,2025,4,14,91,1,0,1,0
184,제주,2025-04-02,11.7,7.2,635,16.9,1518,,,,,,,10.3,20,853,5.6,320,1735,2.6,2256.0,160.0,0.0,23,1421,46.3,6.1,1017.4,1021.5,5,1018.7,1546,1019.9,12.6,10.5,1200.0,3.34,23.86,,,,,,2.0,1.4,16.6,1.9,14.6,14.1,16.1,12.9,13.8,13.8,13.4,15.0,16.7,4.7,6.7,,,,2025,4,14,92,1,0,1,0
184,제주,2025-04-03,10.1,7.2,2328,13.2,1232,,,,,,,9.4,360,447,5.3,320,927,3.2,2759.0,290.0,2.4,44,1202,59.6,7.3,1018.5,1022.3,838,1020.0,113,1021.0,12.6,4.1,1200.0,2.69,15.87,,,,,,7.0,6.0,15.3,4.5,14.6,14.4,16.6,13.4,14.3,14.2,13.3,14.1,16.3,2.6,3.8,,,,2025,4,14,93,1,0,1,0
184,제주,2025-04-04,10.5,6.9,335,13.9,1550,,,,,,,6.6,270,1724,4.3,290,1732,2.3,2011.0,20.0,4.4,57,1507,66.3,8.4,1017.8,1021.7,37,1017.7,2353,1020.3,12.6,3.2,1100.0,2.3,13.43,,,,,,6.9,4.8,14.0,3.9,13.6,13.6,16.0,13.2,14.3,14.3,13.4,15.0,16.7,2.1,3.0,,,,2025,4,14,94,1,0,1,0
184,제주,2025-04-05,13.1,10.2,242,18.7,1628,0.2,1255.0,0.2,1205.0,2.03,0.2,13.2,200,1126,7.4,250,1156,3.3,2865.0,250.0,6.5,25,1117,65.6,9.7,1012.1,1017.9,5,1011.8,1525,1014.6,12.7,4.1,1500.0,2.12,11.86,,,,,,7.5,4.4,14.3,7.0,14.3,14.0,16.3,13.2,14.3,14.4,13.6,14.9,16.7,2.9,4.2,0.2,{비}1202-1342. {비}1436-1458. {박무}2151-{박무}{강도0}2400-,,2025,4,14,95,1,0,1,0
184,제주,2025-04-06,12.1,7.6,513,17.0,1506,,,,,,,8.0,340,1500,5.2,320,1437,2.5,2147.0,180.0,0.0,29,1540,43.9,6.2,1015.5,1019.6,2232,1015.7,218,1018.1,12.7,12.2,1200.0,3.49,25.81,,,,,,0.0,0.0,16.3,2.5,15.2,14.7,16.7,13.4,14.4,14.4,13.6,14.6,16.5,4.9,7.0,,-{박무}-0010.,,2025,4,14,96,1,0,1,0
184,제주,2025-04-07,14.3,7.7,630,20.2,1611,,,,,,,7.4,50,1433,5.3,50,1400,2.6,2239.0,50.0,2.5,25,1146,45.5,7.6,1016.2,1020.5,1037,1017.1,1612,1018.7,12.8,11.2,1200.0,3.4,24.8,,,,,,3.0,0.0,17.3,2.0,16.0,15.4,17.3,13.8,14.6,14.2,13.7,15.0,16.7,7.2,10.3,,,,2025,4,15,97,1,0,1,0
184,제주,2025-04-08,18.5,12.6,2356,23.5,950,,,,,,,16.7,250,1025,9.6,250,1039,5.2,4461.0,230.0,-1.4,8,209,35.8,6.9,1012.7,1017.6,1,1014.1,432,1015.1,12.8,11.3,1200.0,3.25,23.95,,,,,,2.9,0.0,20.3,5.9,18.1,17.0,18.7,14.6,15.4,14.9,13.8,14.1,15.3,6.3,9.0,,,,2025,4,15,98,1,0,1,0
184,제주,2025-04-09,15.5,10.3,534,22.0,1418,0.0,,0.0,,0.62,0.0,8.5,20,1858,5.4,50,1130,2.3,1950.0,50.0,5.2,24,829,54.3,9.8,1008.6,1015.8,1,1008.1,1729,1011.0,12.8,8.8,1100.0,2.83,20.06,,,,,,4.3,1.3,18.7,2.8,17.7,17.0,18.9,15.0,15.8,15.3,13.9,14.7,16.5,3.3,4.7,0.0,{비}1729-{비}{강도0}1800-1806. {박무}2254-2341.,,2025,4,15,99,1,0,1,0
184,제주,2025-04-10,13.8,10.5,2350,18.3,1051,,,,,,,9.3,320,1407,5.6,320,1324,3.1,2706.0,270.0,8.8,50,1612,72.9,11.5,1005.5,1009.6,2327,1006.8,420,1008.0,12.9,9.3,1100.0,2.97,21.28,,,,,,4.1,1.3,19.3,6.2,18.4,17.9,19.8,15.7,16.4,15.4,13.9,14.4,16.3,3.6,5.1,,{박무}0445-0507. {박무}0524-{박무}{강도0}0600-0611.,,2025,4,15,100,1,0,1,0
184,제주,2025-04-11,14.1,9.2,624,18.4,1603,,,,,,,5.9,20,1307,4.5,20,1313,2.0,1706.0,20.0,7.9,53,342,67.3,11.0,1008.4,1012.1,2023,1009.4,40,1010.9,12.9,10.9,1200.0,3.32,24.13,,,,,,3.0,0.0,19.1,2.1,18.0,17.6,19.5,15.7,16.6,15.9,14.1,14.9,16.5,3.5,5.0,0.0,{박무}2202-{박무}{강도0}2400-,,2025,4,15,101,1,0,1,0
184,제주,2025-04-12,15.8,8.2,2243,20.3,1159,1.3,2236.0,3.6,2146.0,11.58,8.5,19.2,320,2136,10.7,320,2149,3.1,2649.0,90.0,9.5,41,1118,67.3,12.1,1003.0,1011.4,112,997.0,1901,1005.5,12.9,0.0,1000.0,0.83,3.44,,,,,,9.8,6.0,16.3,7.6,17.1,17.0,19.3,16.1,17.0,16.2,14.2,14.6,16.4,2.5,3.6,8.5,-{박무}-0021. {비}0810-0840. {비}1255-{비}{강도0}1500-{비}{강도0}1800-{비}{강도0}2100-{비}{강도0}2400- {박무}1358-1444. {박무}2110-2250.,,2025,4,15,102,1,0,1,1
184,제주,2025-04-13,10.7,7.9,228,14.0,1233,0.0,,0.0,,0.48,0.0,20.5,270,1154,11.6,270,1217,7.0,6020.0,270.0,-1.3,22,1210,44.6,5.6,1003.4,1007.5,11,1004.5,1508,1005.9,13.0,8.4,1200.0,3.14,20.32,,,,,,3.3,3.3,12.2,5.8,13.8,14.5,17.4,15.1,16.5,16.2,14.3,14.1,15.0,4.9,7.0,2.0,-{비}-0023. {비}1140-1146.,,2025,4,15,103,1,0,1,0
184,제주,2025-04-14,12.1,8.9,3,15.6,1100,0.5,234.0,1.7,211.0,4.17,2.3,20.2,290,1944,11.3,270,1336,7.7,6671.0,270.0,3.2,29,1159,56.5,7.8,999.8,1006.6,2339,999.9,503,1002.3,13.0,8.0,1200.0,3.45,21.98,,,,,,6.0,5.6,15.3,5.4,14.4,14.3,16.8,14.3,15.8,15.9,14.3,14.3,15.4,5.1,7.2,0.3,{비}0122-{비}{강도0}0300-0414. {박무}0205-{박무}{강도0}0300-0306. {비}1924-2030. {비}2253-2259. {비}2339-2345.,,2025,4,16,104,1,0,1,1
184,제주,2025-04-15,12.2,8.5,536,16.1,1545,,,,,,,14.9,320,201,8.3,320,119,4.8,4163.0,320.0,3.2,36,1426,55.1,7.8,1007.2,1011.6,2116,1005.6,114,1009.7,13.0,10.5,1200.0,3.5,25.61,,,,,,2.3,2.3,16.5,5.1,15.3,14.9,17.1,14.2,15.5,15.6,14.1,14.2,15.6,5.0,7.2,,,,2025,4,16,105,1,0,1,0
184,제주,2025-04-16,20.5,11.1,123,24.8,1237,,,,,,,20.8,250,2220,10.6,250,1446,5.8,4986.0,250.0,3.7,18,1158,34.9,8.1,1006.8,1011.2,29,1008.0,1913,1009.2,13.0,11.0,1300.0,2.92,21.28,,,,,,4.8,0.0,18.9,5.0,17.2,16.2,18.1,14.7,15.8,15.7,14.2,14.2,15.2,8.6,12.3,,{햇무리}1040-1435.,,2025,4,16,106,1,0,1,0
184,제주,2025-04-17,20.8,18.4,2328,25.0,1319,,,,,,,18.1,160,152,9.2,200,153,3.3,2893.0,50.0,12.3,29,3,59.3,14.5,1005.2,1009.2,2336,1006.1,1639,1007.6,13.1,10.5,1200.0,3.27,23.99,,,,,,5.3,0.5,22.5,14.3,20.6,19.1,20.5,15.9,,,,,,5.8,8.2,,,,2025,4,16,107,1,0,1,0
184,제주,2025-04-18,22.0,17.2,2359,27.5,1541,0.0,,0.0,,0.25,0.0,15.1,200,15,8.0,230,45,3.9,3403.0,50.0,12.8,33,356,58.8,15.2,1008.5,1013.0,2054,1008.0,33,1010.9,13.1,11.3,1200.0,3.21,23.99,,,,,,2.0,1.4,26.9,15.2,22.6,21.2,22.4,17.5,17.9,16.6,14.7,14.4,15.7,4.4,6.3,0.0,{박무}2335-{시정(미만)}{1km}{안개}2342-{안개}{강도0}2400- {안개비}2345-{안개비}{강도1}2400-,0.3,2025,4,16,108,1,0,1,0
184,제주,2025-04-19,18.9,15.7,153,23.4,1340,0.0,,0.0,,6.0,0.0,9.0,20,1638,5.4,20,1643,1.9,1662.0,20.0,14.3,55,1334,76.3,16.3,1007.3,1012.8,18,1007.6,1631,1009.8,13.2,6.7,1200.0,3.24,20.19,,,,,,8.3,5.8,26.0,15.7,22.9,22.0,23.4,18.6,19.0,17.4,14.8,14.5,16.0,3.4,4.9,0.0,-{안개}-{시정(미만)}{0.5km}{안개}0007-{시정(이상)}{0.5km}{안개}0025-{시정(이상)}{1km}{박무}0133-{박무}{강도0}0300-{시정(미만)}{1km}{안개}0312-{시정(미만)}{0.5km}{안개}0342-{시정(미만)}{0.2km}{안개}0355-{시정(이상)}{0.2km}{안개}0445-{시정(이상)}{0.5km}{안개}0458-{시정(이상)}{1km}{박무}0505-{박무}{강도0}0600-0608. -{안개비}-0216. {안개비}0316-{안개비}{강도0}0600-0635. {박무}0727-0753. {박무}0841-0856. {햇무리}1245-1340. {비}1732-1751. {비}1807-1813.,3.43,2025,4,16,109,1,0,1,0
184,제주,2025-04-20,18.3,16.8,559,19.8,1513,,,,,,,9.2,70,2350,4.4,20,1459,2.2,1876.0,20.0,14.7,71,909,80.4,16.8,1008.7,1014.2,2144,1007.5,517,1011.1,13.2,4.3,1400.0,2.91,16.73,,,,,,6.9,5.5,26.0,14.3,22.2,21.5,23.3,18.8,19.4,17.7,14.7,14.2,15.8,2.7,3.9,,{박무}0916-1053. {박무}1130-{박무}{강도0}1200-1316. {박무}1608-{박무}{강도0}1800-1804.,,2025,4,16,110,1,0,1,0
184,제주,2025-04-21,20.9,16.7,610,26.9,1529,,,,,,,12.6,90,1248,6.6,70,1222,3.0,2586.0,70.0,14.8,49,1534,69.8,16.9,1010.3,1015.1,754,1010.2,2351,1012.7,13.2,10.1,1300.0,3.47,24.9,,,,,,5.9,2.6,28.3,13.7,23.5,22.4,23.8,19.0,19.8,18.2,15.0,14.4,15.8,4.2,6.1,8.7,,,2025,4,17,111,1,0,1,0
184,제주,2025-04-22,19.0,14.5,2358,24.1,1150,1.0,811.0,2.2,723.0,8.08,8.7,11.5,250,1621,6.7,270,1400,3.3,2837.0,270.0,15.4,66,1156,80.5,17.6,1001.8,1010.4,1,1000.9,1540,1004.2,13.2,1.8,1100.0,2.55,11.64,,,,,,9.0,6.9,22.1,14.8,22.3,22.1,24.0,19.4,20.3,18.5,15.0,14.2,15.6,2.3,3.3,0.0,{비}0015-0018. {비}0221-{비}{강도0}0300-{비}{강도0}0600-{비}{강도0}0900-1023. {박무}0327-0423. {박무}0535-{박무}{강도0}0600-0843. {박무}1856-1940. {박무}2129-2153. {박무}2239-2254.,,2025,4,17,112,1,0,1,1
184,제주,2025-04-23,15.6,13.4,208,18.7,1438,,,,,,,8.6,20,1505,5.3,20,1505,2.8,2394.0,360.0,11.5,64,1503,77.5,13.6,1005.1,1009.7,2142,1005.2,213,1007.6,13.3,2.1,1400.0,2.77,14.07,,,,,,7.6,6.3,21.5,12.3,20.5,20.5,22.7,19.0,20.2,18.8,15.3,14.3,15.7,2.5,3.5,,{박무}0020-0116.,,2025,4,17,113,1,0,1,0
184,제주,2025-04-24,16.1,12.5,601,19.9,1452,,,,,,,9.2,270,1529,6.0,290,1331,3.2,2748.0,270.0,8.2,30,1909,62.3,11.2,1008.6,1014.2,2358,1008.7,507,1011.1,13.3,9.0,1100.0,3.45,24.84,,,,,,6.8,1.9,23.1,8.1,20.8,20.4,22.5,18.9,20.1,19.1,15.8,14.6,15.9,4.5,6.5,,{박무}0018-0051. {박무}0111-0130. {햇무리}1250-1450.,,2025,4,17,114,1,0,1,0
184,제주,2025-04-25,14.5,11.8,2344,19.0,1527,,,,,,,9.1,270,1730,5.1,290,1601,2.4,2074.0,290.0,-0.8,20,1604,35.4,5.9,1015.3,1020.0,2226,1014.2,1,1017.8,13.3,7.8,1300.0,3.25,21.62,,,,,,4.3,0.0,21.5,5.8,19.9,19.8,22.1,18.8,20.1,19.3,16.1,14.9,16.1,5.1,7.3,,{햇무리}1225-1250.,,2025,4,17,115,1,0,1,0
184,제주,2025-04-26,15.7,10.6,536,20.2,1506,,,,,,,6.8,50,1228,4.8,20,1234,2.5,2125.0,20.0,-2.4,12,805,31.9,5.6,1018.0,1021.6,941,1019.2,26,1020.5,13.4,12.4,1200.0,3.6,27.98,,,,,,2.3,0.0,22.4,3.4,19.7,19.3,21.6,18.4,19.6,19.2,16.4,15.0,16.1,6.0,8.6,,,,2025,4,17,116,1,0,1,0
184,제주,2025-04-27,16.6,12.8,341,21.0,1310,0.4,1825.0,1.1,1744.0,6.85,4.1,5.8,50,2400,4.0,20,1117,1.6,1371.0,20.0,6.2,26,853,53.0,9.9,1013.3,1020.7,1,1011.7,2349,1015.8,13.4,6.5,1200.0,3.19,17.53,,,,,,8.8,3.6,21.4,6.8,19.9,19.7,21.9,18.6,19.6,19.2,16.6,15.1,16.1,3.1,4.4,4.2,{비}1709-{비}{강도0}1800-{비}{강도0}2100-{비}{강도0}2400- {박무}2248-2302.,,2025,4,17,117,1,0,1,1
184,제주,2025-04-28,15.5,12.2,2340,19.5,1230,0.1,,0.1,,2.52,0.1,10.1,20,518,6.8,20,527,3.9,3376.0,270.0,9.1,50,1733,67.3,11.7,1009.1,1014.0,2335,1010.3,520,1011.6,13.4,8.7,1200.0,3.56,23.6,,,,,,3.8,2.9,21.7,8.6,20.6,20.3,22.4,18.7,19.7,19.2,16.7,15.2,16.2,4.7,6.7,,-{비}-0056. {안개비}0430-{안개비}{강도0}0600-0605. {박무}0441-0507.,,2025,4,18,118,1,0,1,0
184,제주,2025-04-29,14.5,9.7,615,17.9,1752,,,,,,,6.8,250,31,4.1,340,1056,2.4,2078.0,320.0,4.8,37,1735,52.8,8.7,1012.4,1016.0,2204,1013.5,307,1014.9,13.5,12.6,1200.0,3.67,28.83,,,,,,1.5,0.0,21.7,5.1,19.9,19.7,21.9,18.6,19.7,19.2,16.8,15.3,15.9,4.6,6.6,,,,2025,4,18,119,1,0,1,0
184,제주,2025-04-30,16.5,12.3,535,20.5,1535,,,,,,,5.7,270,330,3.8,20,1755,1.9,1614.0,20.0,7.9,43,1608,57.0,10.8,1012.3,1016.9,1002,1013.0,2341,1014.7,13.5,12.6,1300.0,3.43,26.99,,,,,,4.3,0.0,23.6,8.3,20.9,20.4,22.3,18.8,19.7,19.3,17.0,15.4,16.2,4.7,6.7,,{햇무리}1050-1255.,,2025,4,18,120,1,0,1,0
184,제주,2025-05-01,16.9,13.9,2353,22.6,1015,11.2,1441.0,20.7,1432.0,6.4,23.4,18.1,200,1120,7.9,200,1128,3.4,2959.0,250.0,10.6,36,957,68.9,13.2,1007.1,1013.1,7,1005.6,1322,1009.5,13.5,3.0,900.0,1.82,7.67,,,,,,6.8,4.0,19.7,10.4,18.9,19.1,21.9,18.9,20.0,19.4,17.1,15.5,16.2,2.4,3.4,23.4,{비}1013-1042. {비}1105-{비}{강도0}1200-1302. {비}1353-{시정(미만)}{1km}{비}1435-{시정(이상)}{1km}{비}1452-{비}{강도2}1500-1736. {비}1812-1827. {박무}2021-{박무}{강도0}2100-2347.,,2025,5,18,121,0,0,1,1
184,제주,2025-05-02,15.3,11.4,558,18.9,1402,,,,,,,8.2,320,1206,5.0,320,1523,2.9,2523.0,290.0,3.4,25,934,47.5,8.0,1010.1,1014.9,1208,1011.3,2358,1012.6,13.5,12.4,1200.0,3.56,28.08,,,,,,0.0,0.0,20.0,8.6,19.0,18.9,21.2,18.2,19.5,19.4,17.2,15.7,15.9,5.4,7.7,,{박무}0217-{박무}{강도0}0300-0323.,,2025,5,18,122,0,0,1,0
184,제주,2025-05-03,16.8,12.2,2347,24.9,937,0.0,,0.0,,1.18,0.0,24.2,200,858,13.4,200,945,4.5,3854.0,270.0,8.7,26,859,61.4,11.6,1005.9,1014.3,2359,1002.9,859,1008.4,13.6,4.9,1100.0,2.67,15.58,,,,,,5.6,4.0,18.4,9.8,18.6,18.8,21.3,18.3,19.6,19.3,17.3,15.9,15.9,3.9,5.6,0.0,{비}1404-1438. {박무}1502-1602. {비}1503-1540.,,2025,5,18,123,0,0,1,0
184,제주,2025-05-04,14.9,10.6,556,18.9,1550,,,,,,,6.0,20,1348,3.8,20,1353,2.2,1866.0,20.0,4.8,37,825,51.9,8.7,1012.7,1016.4,2138,1013.9,106,1015.2,13.6,12.7,1200.0,3.7,29.44,,,,,,0.4,0.0,22.6,7.0,19.0,18.9,21.1,18.0,19.2,19.2,17.4,15.8,16.0,5.3,7.6,,,,2025,5,18,124,0,0,1,0
184,제주,2025-05-05,15.4,11.5,342,21.1,1121,0.3,1930.0,0.8,1849.0,8.22,2.7,11.1,140,1114,5.7,110,1022,2.6,2240.0,90.0,3.2,19,957,48.8,8.2,1007.0,1016.1,1,1005.1,2329,1009.4,13.6,1.5,1000.0,1.1,5.95,,,,,,8.1,6.1,15.7,7.2,17.2,17.8,20.6,18.1,19.4,19.2,17.4,15.9,16.1,2.0,2.9,3.8,{비}1207-{비}{강도0}1500-1605. {비}1725-{비}{강도0}1800-2018. {비}2040-{비}{강도0}2100-2202. {박무}2053-{박무}{강도0}2100-2151.,,2025,5,19,125,0,0,1,1
184,제주,2025-05-06,13.8,11.7,2329,15.4,1346,0.4,304.0,0.7,249.0,5.05,1.1,10.5,70,220,5.7,70,210,3.0,2565.0,70.0,10.4,67,2315,80.5,12.7,1005.0,1012.3,2312,1004.4,340,1007.5,13.7,1.0,1300.0,1.08,5.07,,,,,,6.5,6.1,15.4,9.2,16.9,17.2,19.8,17.3,18.8,19.0,17.5,15.9,16.1,1.6,2.2,0.0,{박무}0048-{박무}{강도0}0300-0342. {안개비}0054-{비}0252-{비}{강도0}0300-0357. {박무}0506-{박무}{강도0}0600-0653. {안개비}0550-{안개비}{강도0}0600-0634. {박무}1150-{박무}{강도0}1200-1225. {안개비}1456-{안개비}{강도0}1500-1612. {박무}1502-1616.,,2025,5,19,126,0,0,1,1
184,제주,2025-05-07,14.3,10.2,539,18.4,1427,,,,,,,6.1,20,1258,4.4,20,1251,2.2,1866.0,20.0,7.9,56,1308,65.8,10.7,1011.9,1017.3,2350,1012.1,38,1014.4,13.7,10.7,1200.0,3.42,25.72,,,,,,1.3,0.3,19.7,8.1,17.9,17.7,19.8,16.9,18.3,18.8,17.6,16.0,16.1,3.9,5.5,,,,2025,5,19,127,0,0,1,0
184,제주,2025-05-08,18.1,11.7,533,24.4,1304,0.0,,0.0,,0.63,0.0,11.7,110,1427,5.5,90,1434,2.2,1882.0,160.0,7.5,29,1218,52.0,10.4,1013.1,1017.8,810,1013.1,2210,1015.5,13.7,8.6,1200.0,3.47,23.84,,,,,,5.8,3.8,22.5,9.1,19.8,19.3,21.2,17.7,18.7,18.8,17.6,16.1,16.0,4.7,6.7,4.9,{햇무리}1355-1550. {비}2120-2148. {비}2257-2307.,,2025,5,19,128,0,0,1,0
184,제주,2025-05-09,18.6,14.9,2351,23.1,1312,2.8,1027.0,3.8,1002.0,16.2,12.3,20.8,270,2137,11.8,50,942,5.9,5059.0,250.0,15.1,46,17,80.9,17.4,1001.1,1013.7,1,999.8,1555,1003.5,13.8,0.0,1400.0,0.58,2.19,,,,,,10.0,7.1,18.9,14.6,19.6,19.4,21.8,18.4,19.4,19.0,17.4,16.1,16.2,1.7,2.5,7.4,{비}0022-{비}{강도0}0300-{비}{강도0}0600-{비}{강도0}0900-{비}{강도0}1200-{비}{강도0}1500-1610. {박무}0201-{박무}{강도0}0300-0404. {비}1701-1725.,,2025,5,19,129,0,0,1,1
184,제주,2025-05-10,14.9,13.5,545,18.0,1338,,,,,,,15.4,250,9,8.8,270,1103,6.1,5229.0,270.0,10.2,58,1056,73.5,12.4,1005.6,1011.8,2219,1005.0,1,1008.1,13.8,3.7,1100.0,2.8,15.89,,,,,,8.1,7.0,17.0,12.5,18.2,18.5,20.9,18.0,19.4,19.1,17.4,16.6,15.6,3.3,4.7,,,,2025,5,19,130,0,0,1,0
184,제주,2025-05-11,16.6,13.9,1,21.1,1419,,,,,,,11.5,290,1451,7.4,290,1502,4.3,3730.0,250.0,10.2,50,2233,66.5,12.5,1006.6,1011.0,1,1007.4,1627,1009.1,13.8,7.1,1400.0,3.04,19.15,,,,,,5.6,2.1,19.8,11.8,18.7,18.6,20.8,17.8,19.2,19.1,17.5,16.6,15.7,4.2,6.0,,,,2025,5,19,131,0,0,1,0
184,제주,2025-05-12,17.8,12.3,518,22.0,948,,,,,,,7.6,20,1155,5.5,50,1339,2.6,2262.0,50.0,7.5,30,906,52.5,10.5,1009.4,1013.7,2152,1010.2,25,1011.8,13.8,12.8,1200.0,3.48,27.38,,,,,,0.0,0.0,23.3,8.8,20.0,19.6,21.5,18.1,19.2,18.8,17.6,16.6,15.8,5.1,7.2,,,,2025,5,20,132,0,0,1,0
184,제주,2025-05-13,17.6,13.2,613,21.5,1439,,,,,,,8.0,20,1712,5.7,50,1602,2.2,1943.0,20.0,10.3,40,121,62.9,12.7,1013.5,1017.5,1338,1013.4,2,1016.0,13.9,12.9,1300.0,3.31,26.25,,,,,,2.0,0.0,24.1,8.9,20.8,20.4,22.3,18.8,19.6,19.2,17.6,16.4,16.0,2.4,3.4,,{박무}0852-{박무}{강도0}0900-0914. {햇무리}1055-1230.,,2025,5,20,133,0,0,1,0
184,제주,2025-05-14,20.0,15.4,515,24.3,1323,,,,,,,6.5,50,1135,4.1,50,1138,1.8,1571.0,20.0,10.9,42,1222,56.5,13.3,1013.5,1017.6,654,1013.7,1825,1015.9,13.9,7.3,1000.0,2.62,20.12,,,,,,6.8,1.4,24.5,11.4,21.4,21.0,23.0,19.3,20.2,19.5,17.7,16.6,16.0,3.6,5.2,,{햇무리}1000-1330.,,2025,5,20,134,0,0,1,0
184,제주,2025-05-15,21.6,19.1,340,25.8,1544,,,,,,,10.8,20,346,6.9,20,347,1.8,1562.0,20.0,16.6,61,1549,74.1,19.0,1013.0,1016.8,2127,1013.0,255,1015.4,13.9,1.7,1200.0,2.07,12.7,,,,,,9.0,3.3,25.5,16.3,22.1,21.6,22.3,21.0,20.7,19.8,17.8,16.6,15.8,1.1,1.6,,,,2025,5,20,135,0,0,1,0
184,제주,2025-05-16,21.6,19.3,1,23.2,2341,3.3,1649.0,12.5,1606.0,7.72,31.2,18.1,200,2314,9.3,200,2021,3.3,2857.0,230.0,17.9,61,2340,79.9,20.6,1006.7,1016.2,1,1002.9,2326,1009.1,13.9,0.0,1300.0,0.42,2.53,,,,,,8.4,6.5,20.9,18.0,21.0,21.5,21.0,21.5,19.6,17.7,17.6,16.1,15.9,,,29.9,{비}0935-{비}{강도0}1200-1251. {비}1310-{비}{강도1}1500-1737. {박무}1320-{박무}{강도0}1500-1722.,,2025,5,20,136,0,0,1,1
184,제주,2025-05-17,19.0,16.0,634,21.9,1436,,,,,,,17.7,250,44,9.5,250,56,4.5,3873.0,250.0,15.0,64,1453,77.9,17.0,1006.1,1010.9,2213,1003.0,1,1008.5,14.0,7.0,1200.0,3.66,24.41,,,,,,7.6,3.0,23.6,15.6,21.9,22.1,21.3,20.9,19.6,18.0,17.7,16.3,15.8,3.8,5.5,,{박무}2052-{박무}{강도0}2100-{박무}{강도0}2400-,,2025,5,20,137,0,0,1,0
184,제주,2025-05-18,16.2,14.6,2352,19.1,1245,,,,,,,7.8,340,1244,4.7,290,5,3.0,2600.0,290.0,10.6,54,2354,70.6,12.9,1009.2,1013.5,922,1010.3,138,1011.7,14.0,5.4,1300.0,3.29,20.98,,,,,,8.4,4.5,23.3,10.4,21.7,22.3,21.8,21.4,20.0,18.2,17.8,16.3,15.9,3.4,4.8,,-{박무}-{박무}{강도0}0300-0417. {햇무리}1455-1550.,,2025,5,20,138,0,0,1,0
184,제주,2025-05-19,19.5,13.4,428,24.6,1459,,,,,,,11.4,70,638,4.9,50,1231,2.3,1949.0,50.0,10.8,38,1041,58.8,13.4,1006.2,1012.1,46,1006.5,1812,1008.6,14.0,10.4,1200.0,3.47,25.78,,,,,,4.1,1.0,26.9,8.1,21.8,22.0,21.4,21.1,20.1,18.4,17.9,16.2,16.0,5.2,7.4,,,,2025,5,21,139,0,0,1,0
184,제주,2025-05-20,21.2,18.2,419,26.3,1312,,,,,,,9.7,50,1328,6.0,50,1333,2.0,1766.0,50.0,16.9,60,1048,77.3,19.2,1006.6,1010.5,909,1007.4,2007,1009.0,14.0,9.7,1200.0,3.54,25.12,,,,,,5.5,2.3,29.3,13.8,23.9,23.7,22.8,21.8,20.4,18.6,18.1,16.3,16.0,4.1,5.8,,,,2025,5,21,140,0,0,1,0
184,제주,2025-05-21,20.3,17.4,2121,24.3,759,0.6,1355.0,2.2,1342.0,8.53,7.3,10.5,50,1510,5.2,50,1224,2.2,1929.0,50.0,17.7,71,801,85.6,20.3,1003.0,1008.6,25,1002.2,1506,1005.4,14.0,0.3,700.0,0.82,4.16,,,,,,9.4,7.4,22.4,17.1,22.6,23.2,22.9,22.4,21.2,18.9,18.2,16.4,16.0,1.0,1.4,7.3,{비}1023-{비}{강도0}1200-{비}{강도0}1500-1720. {박무}1145-{박무}{강도0}1200-1230. {박무}1312-1455. {비}1748-{비}{강도0}1800-1807. {박무}1809-{시정(미만)}{1km}{안개}1925-{시정(미만)}{0.5km}{안개}1933-{시정(이상)}{0.5km}{안개}2006-{시정(미만)}{0.5km}{안개}2032-{안개}{강도1}2100-{시정(미만)}{0.2km}{안개}2115-{시정(이상)}{0.2km}{안개}2203-{시정(이상)}{0.5km}{안개}2221-{시정(이상)}{1km}{박무}2227-{박무}{강도1}2400- {비}2243-2359.,3.03,2025,5,21,141,0,0,1,1
184,제주,2025-05-22,20.5,17.9,2029,24.4,1238,0.0,,0.0,,1.83,0.0,10.0,290,1247,5.3,290,1253,2.0,1744.0,290.0,17.4,65,1248,83.4,19.9,1005.7,1009.4,2259,1005.8,236,1008.1,14.1,3.0,1000.0,2.83,18.13,,,,,,9.4,7.9,23.5,17.6,23.2,23.4,22.7,22.0,21.1,19.2,18.4,16.7,15.9,3.1,4.4,0.0,-{박무}-0022. {박무}1732-{박무}{강도1}1800-1932. {안개비}1740-{안개비}{강도0}1800-1930. {박무}1955-{박무}{강도0}2100-2118.,,2025,5,21,142,0,0,1,0
184,제주,2025-05-23,18.0,17.3,1448,19.9,26,0.2,1526.0,0.6,2314.0,10.03,1.0,13.3,110,1722,6.9,110,1734,4.1,3562.0,70.0,14.7,74,1417,81.5,16.7,1006.4,1010.1,1000,1007.6,2359,1008.8,14.1,0.0,1500.0,0.62,4.83,,,,,,9.9,7.6,18.9,16.6,21.2,22.1,22.1,22.1,21.4,19.4,18.5,16.4,16.0,1.3,1.9,3.4,{비}1358-{비}{강도0}1500-{비}{강도0}1800-{비}{강도0}2100-{비}{강도0}2400- {박무}2323-{박무}{강도0}2400-,,2025,5,21,143,0,0,1,1
184,제주,2025-05-24,15.5,14.1,749,18.0,1516,0.3,554.0,0.9,620.0,11.72,2.8,11.4,70,147,6.6,70,148,3.5,3027.0,70.0,12.6,67,1637,83.3,14.6,1005.8,1011.8,2329,1006.3,354,1008.3,14.1,0.0,1500.0,1.13,4.95,,,,,,9.8,8.6,17.3,14.3,19.2,20.2,20.4,20.9,20.8,19.5,18.6,16.3,16.1,1.4,2.0,0.4,-{박무}-0011. {박무}0102-0200. -{비}-0235. {비}0315-{비}{강도0}0600-{비}{강도0}0900-{비}{강도0}1200-1223. {박무}0544-{박무}{강도1}0600-{박무}{강도1}0900-1105. {박무}1134-{박무}{강도0}1200-1239.,,2025,5,21,144,0,0,1,1
184,제주,2025-05-25,17.0,14.4,441,20.7,1542,,,,,,,7.1,290,1732,4.5,270,1654,2.7,2372.0,250.0,11.6,59,1411,71.5,13.7,1013.0,1018.0,2211,1011.5,211,1015.5,14.1,10.4,1200.0,3.51,26.53,,,,,,4.6,2.4,22.4,11.1,20.9,21.2,20.7,20.4,20.2,19.3,18.8,16.6,16.0,4.4,6.2,,,,2025,5,21,145,0,0,1,0
184,제주,2025-05-26,19.0,15.0,610,23.1,1506,,,,,,,6.8,270,1534,4.4,290,1538,2.1,1813.0,180.0,6.2,28,1847,44.0,9.6,1015.8,1019.0,2153,1017.3,250,1018.3,14.1,11.5,1200.0,3.54,27.27,,,,,,3.1,0.0,25.5,10.0,21.8,22.1,21.5,21.0,20.4,19.2,18.9,16.6,16.1,5.4,7.7,,{햇무리}0900-0935.,,2025,5,22,146,0,0,1,0
184,제주,2025-05-27,19.8,15.4,542,24.2,1623,,,,,,,4.6,290,1758,3.3,320,1644,1.9,1641.0,20.0,5.6,21,1542,41.0,9.2,1016.7,1020.3,802,1018.0,1740,1019.2,14.2,12.7,1200.0,3.38,26.69,,,,,,0.1,0.0,27.2,9.3,22.1,22.3,21.9,21.3,20.6,19.3,18.9,16.8,16.1,5.4,7.7,,,,2025,5,22,147,0,0,1,0
184,제주,2025-05-28,20.1,16.7,531,23.7,1240,,,,,,,8.6,50,1402,5.7,50,1404,2.3,2016.0,50.0,9.8,27,841,53.9,12.5,1015.0,1019.3,1,1015.9,1729,1017.5,14.2,8.6,1100.0,3.1,21.66,,,,,,7.3,0.0,26.8,10.1,22.4,22.7,22.2,21.6,20.7,19.3,19.0,16.9,16.0,4.4,6.2,,{박무}2332-{박무}{강도0}2400- {햇무리}1254-1540.,,2025,5,22,148,0,0,1,0
184,제주,2025-05-29,19.3,16.4,444,23.6,1642,,,,,,,11.0,50,1151,8.0,50,1158,3.1,2642.0,50.0,11.4,28,1638,61.6,13.8,1012.0,1017.1,1,1012.8,2400,1014.4,14.2,12.7,1200.0,3.45,27.43,,,,,,1.4,0.0,28.3,12.6,23.3,23.4,22.7,21.9,20.9,19.4,19.0,16.7,16.1,4.9,7.0,,-{박무}-0020. {박무}0116-0133.,,2025,5,22,149,0,0,1,0
184,제주,2025-05-30,19.4,16.4,601,23.2,1658,,,,,,,6.6,340,1703,4.4,290,1717,2.1,1785.0,20.0,10.7,41,1743,57.6,12.9,1010.4,1014.1,939,1011.3,1812,1012.8,14.2,12.7,1200.0,3.35,26.52,,,,,,0.0,0.0,28.7,11.0,23.6,23.7,23.1,22.2,21.2,19.7,19.2,17.1,16.1,4.4,6.3,,,,2025,5,22,150,0,0,1,0
184,제주,2025-05-31,18.6,15.9,541,22.2,1336,,,,,,,6.3,50,1141,4.1,50,1145,1.7,1504.0,20.0,13.2,60,5,71.5,15.3,1009.2,1013.7,838,1010.0,1931,1011.6,14.2,6.2,1200.0,3.0,19.75,,,,,,7.6,0.8,25.6,11.2,23.2,23.6,23.2,22.4,21.5,19.8,19.2,17.2,16.1,3.3,4.7,,,,2025,5,22,151,0,0,1,0
184,제주,2025-06-01,20.1,16.1,523,23.5,1730,,,,,,,6.0,20,1405,4.4,20,1356,2.2,1865.0,20.0,13.3,52,1615,66.0,15.3,1007.2,1012.0,741,1007.6,2354,1009.7,14.2,12.3,1200.0,3.49,28.16,,,,,,5.5,2.3,30.0,11.5,24.3,24.3,23.5,22.5,21.5,20.0,19.4,17.3,16.1,4.5,6.5,0.0,{박무}0150-0257.,,2025,6,22,152,0,0,1,0
184,제주,2025-06-02,18.6,16.7,2335,20.0,1325,0.9,2019.0,3.3,1955.0,17.13,14.0,12.3,70,2232,6.8,70,2235,3.7,3159.0,70.0,14.2,54,609,77.0,16.3,999.3,1007.6,1,998.2,1658,1001.7,14.2,0.0,1200.0,1.25,6.58,,,,,,10.0,8.5,20.4,15.6,22.5,23.4,23.3,22.9,22.0,20.2,19.5,17.1,16.1,1.9,2.7,14.9,{비}0238-0244. {비}0351-{비}{강도0}0600-0633. {비}0857-{비}{강도0}0900-1002. {비}1045-{비}{강도0}1200-{비}{강도0}1500-{비}{강도0}1800-{비}{강도1}2100-{안개비}2306-{안개비}{강도0}2400- {박무}1452-{박무}{강도0}1500-{박무}{강도0}1800-{박무}{강도0}2100-{박무}{강도1}2400-,,2025,6,23,153,0,0,1,1
184,제주,2025-06-03,19.1,16.5,57,22.4,1446,0.2,,0.5,-2331.0,5.43,0.9,10.1,250,1511,6.3,270,1657,3.7,3227.0,270.0,14.4,61,1450,75.1,16.4,1000.6,1006.5,2306,999.1,103,1003.0,14.3,10.0,1200.0,3.62,27.93,,,,,,5.3,4.3,25.1,15.2,23.0,23.3,22.8,22.1,21.6,19.9,19.5,17.6,16.1,5.2,7.4,,-{안개비}-{안개비}{강도0}0300-0526.  -{박무}-0136. {박무}0245-{박무}{강도1}0300-0522.,,2025,6,23,154,0,0,1,0
184,제주,2025-06-04,21.8,16.0,606,27.9,1054,,,,,,,15.5,270,1229,8.6,250,1111,4.2,3664.0,270.0,9.2,12,824,48.1,12.3,1005.7,1011.4,2232,1005.1,12,1008.1,14.3,11.6,1100.0,3.29,26.34,,,,,,0.3,0.1,26.1,9.4,22.6,23.1,22.9,22.4,21.7,20.1,19.5,17.7,16.1,6.8,9.8,,{연무}1212-{연무}{강도0}1500-1520.,,2025,6,23,155,0,0,1,0
184,제주,2025-06-05,21.2,16.9,522,25.0,1519,,,,,,,4.9,20,1356,3.3,20,1057,1.7,1447.0,20.0,7.8,22,1707,43.1,11.0,1009.6,1013.4,844,1010.7,1735,1012.0,14.3,11.3,1300.0,3.67,29.56,,,,,,4.3,0.9,29.0,8.8,23.3,23.6,23.0,22.3,21.6,20.1,19.7,19.4,16.2,5.2,7.4,,,,2025,6,23,156,0,0,1,0
184,제주,2025-06-06,22.6,19.4,338,26.5,1249,,,,,,,6.0,50,1332,4.1,20,1302,1.7,1481.0,20.0,9.5,23,1231,45.1,12.0,1007.7,1011.3,9,1008.7,1939,1010.1,14.3,2.6,1100.0,2.48,16.41,,,,,,7.9,3.9,26.8,13.5,23.6,24.0,23.6,22.8,22.0,20.2,19.8,17.8,16.1,4.2,6.0,,,,2025,6,23,157,0,0,1,0
184,제주,2025-06-07,22.4,20.2,255,25.2,1623,0.0,,0.0,,1.0,0.0,5.5,50,1132,4.2,20,1135,1.2,1009.0,20.0,14.6,39,1617,62.9,16.8,1006.4,1009.8,945,1007.6,1736,1008.8,14.3,1.8,1100.0,2.71,11.63,,,,,,9.1,8.5,26.6,16.5,23.5,23.8,23.5,22.8,22.0,20.4,19.9,17.9,16.1,2.2,3.1,0.2,{비}1318-1328. {비}1510-1600.,,2025,6,23,158,0,0,1,0
184,제주,2025-06-08,21.8,20.4,2400,24.1,1449,0.3,905.0,0.4,811.0,4.47,0.6,6.3,360,835,3.2,360,843,1.4,1245.0,20.0,17.2,63,33,75.5,19.6,1005.4,1009.6,2204,1006.2,318,1007.8,14.3,0.0,1400.0,1.21,6.93,,,,,,9.6,8.0,23.7,19.0,23.1,23.6,23.3,22.7,22.1,20.7,20.0,17.9,16.2,1.7,2.4,0.4,{비}0250-{비}{강도0}0300-0303. {비}0742-{비}{강도0}0900-1157.  {박무}0754-{박무}{강도0}0900-1141. {박무}2240-{박무}{강도0}2400-,,2025,6,23,159,0,0,1,0
184,제주,2025-06-09,21.9,19.8,616,25.0,1208,0.0,,0.0,,0.33,0.0,10.4,50,1612,6.8,50,1613,3.2,2743.0,50.0,17.2,61,1207,75.1,19.6,1004.3,1009.1,1,1005.4,1531,1006.7,14.3,2.5,1500.0,2.12,13.4,,,,,,7.6,5.6,25.7,16.3,23.3,23.6,23.2,22.6,22.2,20.8,20.1,17.6,16.2,2.7,3.9,0.0,{비}0941-0952. {비}1110-1119.  -{박무}-0214. {박무}0521-0545. {박무}0601-0650. {박무}0703-0722.,,2025,6,24,160,0,0,1,0
184,제주,2025-06-10,20.5,18.7,629,22.7,1232,0.0,,0.0,,9.18,0.0,6.8,290,1934,4.2,250,1835,2.2,1931.0,290.0,17.2,71,1301,82.0,19.6,1005.8,1010.9,2253,1005.3,340,1008.2,14.3,0.7,1000.0,1.6,9.07,,,,,,9.4,7.6,24.9,17.2,23.0,23.4,23.1,22.6,22.2,20.7,20.1,17.7,16.2,1.9,2.8,0.0,{비}1203-{비}{강도0}1500-1514. {비}1603-{비}{강도0}1800-1835. {비}1945-{비}{강도0}2100-2313.  {박무}0207-{박무}{강도0}0300-{시정(미만)}{1km}{안개}0549-{시정(미만)}{0.5km}{안개}0552-{시정(미만)}{0.2km}{안개}0556-{안개}{강도2}0600-{시정(이상)}{0.2km}{안개}0611-{시정(미만)}{0.2km}{안개}0622-{시정(이상)}{0.2km}{안개}0628-{시정(이상)}{0.5km}{안개}0633-{시정(이상)}{1km}{박무}0638-0705. {박무}1052-1109. {박무}1406-{박무}{강도0}1500-1545.,0.82,2025,6,24,161,0,0,1,0
184,제주,2025-06-11,21.6,18.9,534,24.5,1545,0.0,,0.0,,1.07,0.0,6.3,290,23,4.0,290,22,2.5,2201.0,340.0,15.4,53,1152,69.3,17.6,1009.8,1014.1,2134,1009.8,241,1012.2,14.4,9.6,1300.0,3.57,25.44,,,,,,7.8,1.9,31.7,17.8,24.5,24.3,23.6,22.8,22.2,20.4,20.4,18.3,16.3,4.5,6.5,0.0,{비}0028-0132.  {박무}0354-0411.  {햇무리}1055-1240.,,2025,6,24,162,0,0,1,0
184,제주,2025-06-12,20.9,20.0,513,22.7,1136,0.0,,0.0,,6.55,0.0,5.2,20,1015,3.6,20,1020,1.4,1216.0,20.0,15.2,52,220,70.3,17.3,1012.0,1015.8,1306,1012.7,247,1014.4,14.4,0.0,1000.0,0.94,6.54,,,,,,9.6,5.4,22.6,17.9,23.3,24.1,23.9,23.3,22.4,20.8,20.3,18.1,16.3,1.8,2.5,0.0,{비}0545-0559. {비}0941-1015. {비}1208-{비}{강도0}1500-1652. {비}1733-{비}{강도0}1800-1812. {비}1853-1903. {비}2020-2032.,,2025,6,24,163,0,0,1,0
184,제주,2025-06-13,23.5,19.7,36,28.1,1512,3.1,1855.0,5.9,1850.0,7.18,11.6,8.1,50,1115,5.3,50,1112,1.6,1412.0,50.0,19.6,63,1357,79.6,23.0,1008.6,1015.0,1,1006.9,2353,1011.0,14.4,1.3,900.0,1.83,11.82,,,,,,9.8,6.1,28.1,18.8,24.0,24.1,23.6,22.9,22.4,21.0,20.4,18.1,16.2,2.2,3.1,16.1,{비}1542-1707. {비}1814-{비}{강도0}2100-{비}{강도1}2400- {박무}0223-{박무}{강도0}0300-0328. {박무}1818-1917. {박무}2309-{박무}{강도1}2400-,,2025,6,24,164,0,0,1,1
184,제주,2025-06-14,24.1,20.7,1946,28.5,1115,1.5,809.0,2.0,733.0,6.83,4.5,12.6,200,536,6.9,230,545,3.9,3373.0,270.0,20.6,67,1116,81.9,24.4,999.6,1007.0,1,999.6,1350,1002.0,14.4,2.6,1400.0,3.08,15.53,,,,,,8.6,7.1,25.6,20.5,25.2,25.4,24.8,23.6,22.8,21.1,20.5,18.4,16.3,3.2,4.5,,-{비}-{비}{강도0}0300-0510. {비}0710-0850.  -{박무}-0039. {박무}0806-0830. {박무}1223-1245.,,2025,6,24,165,0,0,1,1
184,제주,2025-06-15,22.9,20.2,324,26.7,1543,3.9,2047.0,15.0,2000.0,5.0,22.8,6.3,50,1720,4.4,50,1725,1.9,1655.0,20.0,19.9,67,1141,83.6,23.2,998.3,1003.6,38,998.3,2200,1000.7,14.4,2.6,1200.0,3.15,16.13,,,,,,8.8,6.4,26.3,20.2,25.3,25.7,25.1,24.0,23.1,21.3,20.6,18.6,16.4,3.0,4.3,34.2,{비}1713-{비}{강도0}1800-{시정(미만)}{1km}{비}2035-{시정(이상)}{1km}{비}2053-{비}{강도2}2100-2213.  {박무}1732-1758. {박무}1837-{박무}{강도1}2100-2236.,,2025,6,24,166,0,0,1,1
184,제주,2025-06-16,24.4,21.5,752,28.6,1707,1.5,705.0,7.0,703.0,6.22,15.1,15.4,250,1525,8.8,250,1553,4.6,3969.0,250.0,18.9,49,1719,72.4,21.9,999.5,1004.4,2312,998.0,42,1001.9,14.4,6.0,1200.0,3.19,16.87,,,,,,6.4,2.9,24.5,18.8,25.3,25.7,25.4,24.5,23.7,21.5,20.6,18.9,16.7,4.6,6.6,3.7,{비}0250-0255. {비}0347-0458. {비}0555-{비}{강도0}0600-{비}{강도1}0900-1052.  {박무}0442-0504. {박무}0634-{박무}{강도1}0900-0946.,,2025,6,25,167,0,0,1,1
184,제주,2025-06-17,25.5,21.0,112,33.0,1337,,,,,,,10.8,250,1249,6.6,250,1308,2.8,2402.0,250.0,18.6,43,1335,67.0,21.5,1003.9,1009.4,2302,1004.0,418,1006.3,14.4,8.1,1300.0,3.11,21.78,,,,,,4.9,0.5,28.4,18.6,25.7,25.9,25.4,24.4,23.8,22.0,21.0,18.7,16.5,5.0,7.1,,{박무}2220-2345. ,,2025,6,25,168,0,0,1,0
184,제주,2025-06-18,22.2,19.2,2358,25.6,1146,,,,,,,5.8,20,1522,4.5,20,1727,2.3,2015.0,20.0,18.2,53,440,78.9,21.0,1009.4,1013.4,2236,1009.0,139,1011.8,14.4,11.7,1200.0,3.53,28.34,,,,,,0.8,0.1,30.0,15.3,26.2,26.6,26.0,24.8,24.0,22.2,21.2,19.0,16.5,4.5,6.5,,{박무}0042-0201. {박무}0652-{시정(미만)}{1km}{안개}0727-{시정(미만)}{0.5km}{안개}0733-{시정(이상)}{0.5km}{안개}0740-{시정(이상)}{1km}{박무}0805-{박무}{강도0}0900-0915. {박무}1412-1454. {박무}1802-1847. {박무}2110-{시정(미만)}{1km}{안개}2239-{시정(미만)}{0.5km}{안개}2306-{시정(이상)}{0.5km}{안개}2316-{시정(이상)}{1km}{박무}2321-{박무}{강도0}2400-,1.33,2025,6,25,169,0,0,1,0
184,제주,2025-06-19,25.9,18.9,216,30.8,1458,,,,,,,6.1,50,1636,4.4,50,1642,1.7,1459.0,20.0,20.1,57,1132,71.8,23.6,1009.9,1013.6,105,1011.1,1811,1012.3,14.4,9.0,1200.0,3.55,24.99,,,,,,5.4,3.5,32.9,18.0,27.6,27.6,26.9,25.3,24.4,22.4,21.3,19.1,16.5,4.9,7.0,,-{박무}-{시정(미만)}{1km}{안개}0022-{시정(미만)}{0.5km}{안개}0048-{시정(이상)}{0.5km}{안개}0115-{시정(이상)}{1km}{박무}0118-{시정(미만)}{1km}{안개}0201-{시정(이상)}{1km}{박무}0225-{박무}{강도0}0300-0308.,1.33,2025,6,25,170,0,0,1,0
184,제주,2025-06-20,28.1,24.6,101,30.7,1110,0.0,,0.0,,3.82,0.0,17.4,200,1134,8.8,200,1139,4.3,3749.0,200.0,20.7,49,1900,64.9,24.4,1006.0,1011.7,1,1006.5,1904,1008.3,14.4,0.2,1200.0,1.67,10.59,,,,,,9.3,4.6,29.5,22.5,27.3,27.7,27.3,26.1,25.0,22.2,21.4,19.0,16.6,5.0,7.2,0.0,{비}1705-{비}{강도0}1800-2054.,,2025,6,25,171,0,0,1,0
184,제주,2025-06-21,28.0,24.9,2356,31.9,1238,2.5,2339.0,3.2,2313.0,5.35,3.3,17.7,200,1046,9.8,230,1113,6.5,5615.0,230.0,21.9,57,1239,70.4,26.3,1002.4,1007.5,22,1003.3,1644,1004.7,14.4,2.3,1200.0,3.26,15.86,,,,,,9.6,6.0,30.9,24.3,27.7,27.8,27.3,26.0,25.3,22.8,21.6,19.4,16.8,4.2,5.9,15.6,{비}0308-0455. {비}1613-{비}{강도0}1800-1915. {비}2328-{비}{강도1}2400- {박무}2335-{박무}{강도0}2400-,,2025,6,25,172,0,0,1,1
184,제주,2025-06-22,22.6,21.0,816,25.4,1512,4.2,52.0,11.0,14.0,6.25,12.3,10.1,250,3,5.7,250,3,2.2,1938.0,20.0,18.0,57,1714,76.1,20.7,1004.8,1008.8,2236,1004.9,1,1007.2,14.4,2.1,1100.0,2.65,16.44,,,,,,9.3,4.9,24.5,19.6,25.9,26.9,26.8,26.0,25.3,23.0,21.8,19.4,16.7,3.5,5.0,,-{비}-{소나기}0101-{비}0116-{비}{강도0}0300-0453. {비}0643-0805.  -{박무}-0219. ,,2025,6,25,173,0,0,1,1
184,제주,2025-06-23,23.7,19.5,528,27.6,1718,,,,,,,10.5,50,1314,7.1,50,1428,3.0,2565.0,20.0,17.3,45,1720,68.3,19.9,1004.1,1008.5,1,1004.7,1547,1006.5,14.4,9.1,1300.0,3.41,24.3,,,,,,7.0,4.5,28.6,15.6,25.9,26.5,26.2,25.6,25.1,23.2,22.1,19.4,16.6,4.3,6.1,0.0,,,2025,6,26,174,0,0,1,0
184,제주,2025-06-24,23.6,21.1,2358,26.1,1224,0.0,,0.0,,2.57,0.0,9.3,270,2202,6.0,270,2129,2.8,2446.0,50.0,20.4,75,1226,82.5,24.0,1003.2,1007.4,2254,1004.5,357,1005.6,14.4,1.7,1500.0,1.35,12.14,,,,,,8.6,6.9,27.0,21.1,26.1,26.7,26.4,25.7,25.2,23.3,22.2,19.4,16.6,2.9,4.1,0.0,{비}0315-0340. {비}0425-0505. {안개비}0535-{안개비}{강도0}0600-0623. {비}0803-0810. {비}1224-1258.  {박무}0530-{박무}{강도1}0600-{시정(미만)}{1km}{안개}0603-{시정(이상)}{1km}{박무}0635-0654.,0.53,2025,6,26,175,0,0,1,0
184,제주,2025-06-25,24.2,20.9,31,28.0,1627,,,,,,,12.8,290,45,7.3,270,46,4.2,3632.0,250.0,17.8,52,1642,68.4,20.5,1006.9,1010.7,2227,1007.4,1,1009.3,14.4,10.2,1300.0,3.41,41.28,,,,,,5.3,2.8,30.8,18.7,26.4,26.7,26.4,25.6,25.1,23.4,22.2,20.2,17.3,3.7,5.3,,,,2025,6,26,176,0,0,1,0
184,제주,2025-06-26,24.7,22.3,118,27.8,1421,,,,,,,6.3,320,1129,4.4,320,1118,2.4,2080.0,340.0,17.0,48,747,62.8,19.6,1007.8,1011.0,830,1009.5,1814,1010.2,14.4,11.3,1100.0,3.62,28.52,,,,,,4.8,3.6,33.4,18.0,27.6,27.8,27.2,25.9,25.2,23.4,22.5,20.0,16.9,5.8,8.2,,,,2025,6,26,177,0,0,1,0
184,제주,2025-06-27,26.1,22.2,243,29.8,1414,,,,,,,7.5,50,1129,5.2,50,1120,2.3,1963.0,20.0,19.3,52,202,67.0,22.9,1006.3,1009.8,1,1007.4,1826,1008.7,14.4,12.6,1300.0,3.36,27.71,,,,,,2.8,0.3,35.5,17.7,28.9,28.9,28.2,26.6,25.6,23.6,22.5,19.7,16.7,5.3,7.5,,,,2025,6,26,178,0,0,1,0
184,제주,2025-06-28,26.7,23.7,522,29.3,944,,,,,,,6.6,50,1336,4.6,50,1531,2.5,2175.0,20.0,22.5,65,950,78.1,27.3,1005.6,1009.1,525,1006.9,1757,1008.0,14.4,13.3,1200.0,3.48,28.69,,,,,,1.0,1.0,37.4,22.2,30.2,30.1,29.4,27.4,26.1,23.9,22.6,20.1,16.8,5.3,7.5,,{박무}0147-0158. ,,2025,6,26,179,0,0,1,0
184,제주,2025-06-29,26.9,21.8,538,30.6,1529,,,,,,,5.8,20,1232,4.2,20,1232,2.0,1753.0,20.0,21.7,60,1536,74.3,26.0,1006.3,1010.0,2400,1007.4,321,1008.6,14.4,13.4,1200.0,3.51,29.17,,,,,,0.9,0.9,38.1,20.8,30.9,30.8,30.1,28.2,26.8,24.3,22.8,19.9,16.8,5.5,7.9,,{박무}0524-{시정(미만)}{1km}{안개}0525-{시정(미만)}{0.5km}{안개}0526-{시정(미만)}{0.2km}{안개}0528-{시정(이상)}{0.2km}{안개}0534-{시정(이상)}{0.5km}{안개}0548-{시정(이상)}{1km}{박무}0549-0550. ,0.4,2025,6,26,180,0,0,1,0
184,제주,2025-06-30,27.3,24.0,701,30.4,1509,,,,,,,5.8,20,1044,4.4,20,1048,1.7,1495.0,20.0,22.3,63,1432,74.5,26.9,1018.4,1012.3,2217,1009.9,244,1011.2,14.4,13.5,1200.0,3.42,28.65,,,,,,1.4,0.6,38.6,22.0,31.3,31.3,30.6,28.7,27.4,24.8,22.9,20.3,16.8,5.2,7.4,,{박무}0728-{시정(미만)}{1km}{낮은안개}0730-{시정(미만)}{0.5km}{낮은안개}0734-{시정(미만)}{0.2km}{낮은안개}0735-{시정(이상)}{0.2km}{낮은안개}0738-{시정(이상)}{0.5km}{낮은안개}0739-{시정(이상)}{1km}{박무}0747-0750. ,0.28,2025,6,27,181,0,0,1,0
184,제주,2025-07-01,28.4,25.7,520,31.2,958,,,,,,,6.2,20,1446,4.4,20,1450,2.0,1693.0,20.0,23.2,60,830,74.0,28.4,1010.8,1013.8,1242,1011.7,19,1013.1,14.3,11.2,1200.0,3.5,27.49,,,,,,1.8,1.6,39.0,23.3,32.0,31.9,31.1,29.2,28.0,25.2,23.3,20.3,16.9,5.1,7.3,,,,2025,7,27,182,0,0,1,0
184,제주,2025-07-02,28.2,25.6,519,31.1,1608,,,,,,,7.0,160,553,4.7,20,1742,2.6,2220.0,20.0,23.2,62,1550,74.8,28.4,1010.8,1014.3,847,1011.7,1720,1013.1,14.3,11.9,1200.0,3.43,27.87,,,,,,2.8,2.6,39.4,23.7,32.3,32.3,31.6,29.8,28.4,25.3,23.5,20.1,16.9,5.3,7.5,,{박무}0419-0502. ,,2025,7,27,183,0,0,1,0
184,제주,2025-07-03,28.1,25.8,531,30.4,1416,,,,,,,8.0,50,1344,5.4,50,1137,2.6,2245.0,50.0,22.3,63,1413,71.0,27.0,1008.8,1012.8,1,1009.7,1833,1011.1,14.3,13.4,1200.0,3.47,28.45,,,,,,1.8,1.1,36.8,22.6,32.1,32.4,31.7,30.1,28.8,26.1,23.8,20.5,16.9,5.5,7.8,,,,2025,7,27,184,0,0,1,0
184,제주,2025-07-04,28.2,25.4,543,31.2,1430,,,,,,,7.9,20,1501,5.1,20,1452,2.6,2264.0,50.0,22.5,60,1220,72.1,27.3,1006.0,1010.6,1,1006.8,1736,1008.3,14.3,11.8,1200.0,3.39,26.53,,,,,,5.1,0.5,36.1,23.1,32.0,32.4,31.8,30.3,29.0,26.3,24.1,20.2,16.9,5.4,7.7,,{햇무리}1155-1634. {채운}1757-1830. ,,2025,7,27,185,0,0,1,0
184,제주,2025-07-05,29.1,25.4,529,34.1,1623,,,,,,,7.2,70,1804,4.9,50,1239,2.4,2056.0,20.0,22.2,54,1520,67.0,26.9,1004.5,1008.1,524,1005.4,1731,1006.8,14.3,12.9,1200.0,3.53,28.74,,,,,,2.5,2.4,38.1,22.5,32.5,32.7,32.0,30.4,29.0,26.4,24.1,20.6,17.0,6.1,8.8,,,,2025,7,27,186,0,0,1,0
184,제주,2025-07-06,30.1,25.8,611,33.7,1039,,,,,,,10.8,290,1346,6.8,290,1207,3.5,3038.0,290.0,22.4,50,1014,64.1,27.2,1003.6,1006.8,759,1004.0,1648,1005.9,14.3,13.6,1200.0,3.56,29.49,,,,,,2.3,0.9,37.9,23.4,32.7,33.0,32.3,30.8,29.4,26.4,24.5,21.4,17.4,6.9,9.8,,,,2025,7,27,187,0,0,1,0
184,제주,2025-07-07,29.0,26.2,412,31.6,1159,,,,,,,6.6,20,1305,4.5,50,1317,2.3,1996.0,20.0,22.4,58,2349,67.9,27.4,1003.6,1006.5,637,1005.1,1707,1006.0,14.3,12.1,1200.0,3.57,27.72,,,,,,3.5,2.3,37.5,23.2,32.9,33.1,32.5,31.0,29.5,26.9,24.9,21.3,17.3,5.4,7.7,,,,2025,7,28,188,0,0,1,0
184,제주,2025-07-08,28.5,26.4,458,32.4,1341,,,,,,,13.1,70,1535,8.2,50,1539,3.6,3147.0,50.0,22.9,60,2,71.9,28.0,1004.1,1007.6,2314,1005.4,1525,1006.4,14.3,11.5,1200.0,3.52,25.83,,,,,,2.9,2.9,36.8,24.2,32.7,33.1,32.5,31.2,29.8,27.4,25.3,20.8,17.1,5.3,7.6,,,,2025,7,28,189,0,0,1,0
184,제주,2025-07-09,27.3,25.2,2302,29.6,1639,,,,,,,9.6,70,1105,5.5,70,309,3.5,3011.0,70.0,23.0,69,1238,77.6,28.1,1005.6,1008.8,2158,1006.8,1704,1007.9,14.3,1.6,1200.0,1.6,12.47,,,,,,5.9,5.6,31.8,24.0,31.0,31.8,31.6,30.9,29.9,27.5,25.3,21.4,17.4,2.8,4.0,0.0,{박무}2138-2205. {박무}2307-{박무}{강도0}2400-,,2025,7,28,190,0,0,1,0
184,제주,2025-07-10,26.5,25.1,228,28.1,1645,0.0,,0.0,,1.23,0.0,12.2,50,1415,7.0,50,1406,4.4,3813.0,70.0,22.5,71,1650,79.3,27.3,1006.2,1009.5,2149,1007.9,1737,1008.6,14.2,1.2,1300.0,1.9,11.64,,,,,,8.6,7.1,31.3,24.5,30.1,30.9,30.6,30.2,29.3,27.5,25.4,20.6,17.2,3.1,4.5,0.0,{비}0216-0228. {안개비}0425-0445. {안개비}0505-0536. {비}0624-0635.  -{박무}-0240. {박무}0427-0442. {박무}0508-0525. ,,2025,7,28,191,0,0,1,0
184,제주,2025-07-11,25.6,25.1,2320,26.2,1634,0.0,,0.0,,1.98,0.0,13.1,70,956,6.1,90,1122,4.6,3979.0,90.0,21.4,74,48,77.9,25.5,1006.9,1010.9,2229,1007.9,320,1009.3,14.2,0.0,1600.0,0.44,3.6,,,,,,10.0,7.1,27.7,24.9,28.4,29.5,29.5,29.6,29.1,27.5,25.6,21.1,17.4,1.9,2.7,0.0,{비}0134-0138. {안개비}0455-{안개비}{강도0}0600-0650.,,2025,7,28,192,0,0,1,0
184,제주,2025-07-12,24.8,24.1,947,25.3,1659,0.0,,0.0,,6.17,0.0,11.9,70,700,5.4,70,714,3.7,3154.0,70.0,21.3,77,2,81.0,25.3,1005.6,1010.1,1,1006.0,2351,1008.0,14.2,0.0,1100.0,0.21,1.64,,,,,,10.0,9.0,26.1,23.5,27.1,28.2,28.3,28.7,28.6,27.0,26.0,21.2,17.4,1.1,1.5,27.5,{안개비}0620-{안개비}{강도0}0900-1015. {안개비}1448-{안개비}{강도0}1500-1655. {비}2105-2113.  {박무}0910-1002. ,,2025,7,28,193,0,0,1,0
184,제주,2025-07-13,23.4,22.6,818,24.7,30,8.5,815.0,25.3,1544.0,17.37,71.3,10.4,20,1711,6.3,20,1715,2.6,2232.0,70.0,21.2,83,255,87.8,25.2,999.1,1006.0,1,998.2,2400,1001.5,14.2,0.0,1000.0,0.34,1.53,,,,,,9.6,7.8,24.2,21.4,25.4,26.7,26.9,27.7,27.8,27.1,25.9,20.9,17.2,1.2,1.8,43.8,{안개비}0252-{안개비}{강도0}0300-{비}0440-{비}{강도1}0600-{시정(미만)}{1km}{비}0805-{시정(미만)}{0.5km}{비}0812-{시정(이상)}{0.5km}{비}0817-{시정(이상)}{1km}{비}0821-{비}{강도2}0900-{비}{강도0}1200-{비}{강도0}1500-{시정(미만)}{1km}{비}1548-{시정(미만)}{0.5km}{비}1601-{시정(이상)}{0.5km}{비}1605-{시정(이상)}{1km}{비}1625-{비}{강도1}1800-1832. {비}1910-1922. {비}2008-{비}{강도0}2100-2106. {비}2218-2250.  {박무}0305-{박무}{강도1}0600-{박무}{강도0}0900-1043. {박무}1107-{박무}{강도0}1200-{박무}{강도1}1500-{박무}{강도0}1800-1811.,,2025,7,28,194,0,0,1,1
184,제주,2025-07-14,26.4,22.6,550,30.3,1548,,,,,,,9.6,290,1201,6.3,270,1220,3.8,3271.0,270.0,21.2,64,932,73.8,25.2,994.2,998.2,1,995.2,1556,996.6,14.2,9.6,1200.0,3.42,24.85,,,,,,3.8,3.0,28.3,20.4,27.0,27.4,27.0,26.7,26.9,26.8,26.0,22.9,17.9,5.4,7.7,,,,2025,7,29,195,0,0,1,0
184,제주,2025-07-15,27.3,24.3,545,31.2,1514,,,,,,,11.0,270,1408,7.2,270,1409,4.0,3447.0,270.0,19.7,50,1847,63.9,23.0,996.1,1001.9,2322,995.4,110,998.4,14.2,9.2,1300.0,3.55,25.53,,,,,,6.3,3.3,31.8,22.0,28.3,28.7,28.3,27.0,26.5,25.7,25.2,22.6,18.4,5.9,8.4,,{햇무리}1155-1258.,,2025,7,29,196,0,0,1,0
184,제주,2025-07-16,28.1,24.7,139,30.9,1649,0.0,,0.0,,1.07,0.0,8.5,200,2331,4.6,50,1032,2.1,1832.0,50.0,20.0,47,1435,62.4,23.5,1000.0,1003.9,2400,1000.8,1738,1002.4,14.2,0.0,1300.0,1.49,7.97,,,,,,9.5,5.4,28.7,21.9,27.5,28.2,28.1,27.4,27.0,25.8,25.3,22.1,17.6,2.9,4.2,0.0,{비}1457-{비}{강도0}1500-1517. {비}1532-1557. {비}2011-2030.,,2025,7,29,197,0,0,1,0
184,제주,2025-07-17,30.5,27.9,2200,34.0,1500,0.1,,0.1,,1.58,0.1,14.8,230,1339,8.7,250,1354,4.3,3683.0,230.0,22.8,47,1535,64.1,27.7,1001.7,1006.2,2220,1002.9,1658,1004.0,14.1,5.9,1200.0,2.53,18.83,,,,,,7.4,2.5,32.2,25.5,29.0,29.2,28.7,27.5,27.0,25.8,25.2,21.8,17.8,5.4,7.7,2.6,{비}0552-{비}{강도0}0600-0605. {비}0748-0815. {비}0842-{비}{강도0}0900-0905. {비}1058-1130.  {무지개}0835-0840. {해코로나}1602-1620. ,,2025,7,29,198,0,0,1,0
184,제주,2025-07-18,27.3,24.5,523,33.4,1204,13.2,1415.0,21.8,1412.0,9.07,68.6,12.7,50,425,7.9,20,432,2.3,1969.0,50.0,23.6,54,1202,81.5,29.1,1003.9,1007.7,2326,1003.9,1027,1006.2,14.1,5.0,1100.0,3.15,14.79,,,,,,7.9,6.3,28.1,23.4,28.4,29.4,29.2,28.2,27.3,25.9,25.3,22.5,17.8,3.2,4.5,67.6,{비}0449-0520. {비}1345-{소나기}1410-{비}1440-{비}{강도2}1500-{시정(미만)}{1km}{비}1749-{비}{강도1}1800-{시정(이상)}{1km}{비}1801-{시정(미만)}{1km}{비}1815-{시정(이상)}{1km}{비}1823-2003. {비}2145-{비}{강도0}2400- {박무}0455-0514. {박무}1401-{박무}{강도1}1500-1549. {박무}1619-{박무}{강도2}1800-1826. ,,2025,7,29,199,0,0,1,1
184,제주,2025-07-19,29.2,26.0,37,32.5,1556,1.5,512.0,1.5,501.0,1.63,1.6,8.7,20,248,5.9,20,808,2.8,2408.0,360.0,23.3,59,1740,71.6,28.7,1006.5,1011.4,2158,1005.8,229,1008.8,14.1,3.9,1500.0,2.65,16.67,,,,,,8.6,4.6,28.6,25.3,29.0,29.5,29.1,28.2,27.8,26.5,25.8,22.2,18.1,3.9,5.6,0.1,-{비}-0017. {비}0340-0402. {비}0501-0548. {비}1150-{비}{강도0}1200-1202. ,,2025,7,29,200,0,0,1,1
184,제주,2025-07-20,29.7,26.9,338,33.2,1543,,,,,,,11.8,140,1437,5.7,140,1452,2.7,2303.0,110.0,22.8,52,1532,66.9,27.8,1008.9,1013.5,2353,1009.5,312,1011.3,14.1,6.3,1200.0,3.54,21.13,,,,,,6.3,4.3,31.1,24.5,29.9,30.3,29.8,28.6,28.0,26.5,25.9,23.0,18.0,5.0,7.2,0.0,,,2025,7,29,201,0,0,1,0
184,제주,2025-07-21,29.5,26.8,558,32.1,1437,0.2,,0.2,,1.15,0.2,6.2,20,137,4.4,20,1500,2.1,1843.0,20.0,23.7,62,934,71.6,29.3,1011.1,1014.8,1138,1012.4,613,1013.5,14.1,11.9,1300.0,3.48,25.04,,,,,,2.8,2.3,34.6,24.8,30.8,31.0,30.4,28.9,28.2,26.6,25.9,23.0,18.1,5.0,7.1,0.2,{비}0010-0020. {소나기}1055-1154. ,,2025,7,30,202,0,0,1,0
184,제주,2025-07-22,29.8,26.7,608,34.7,1557,,,,,,,7.2,290,1251,5.3,290,1257,2.5,2175.0,340.0,22.6,51,1558,65.9,27.4,1011.1,1014.3,946,1012.3,1559,1013.4,14.0,11.3,1200.0,3.38,24.54,,,,,,2.1,1.9,34.4,24.6,31.1,31.4,30.9,29.4,28.6,26.8,25.9,23.3,18.4,5.5,7.8,,,,2025,7,30,203,0,0,1,0
184,제주,2025-07-23,29.0,25.8,534,31.5,1400,,,,,,,10.4,50,1559,7.2,50,1605,3.2,2795.0,50.0,21.8,54,2225,66.0,26.3,1009.9,1014.1,820,1010.4,1807,1012.2,14.0,13.0,1200.0,3.5,28.47,,,,,,0.8,0.6,36.0,23.1,31.4,31.7,31.2,29.7,28.8,27.0,26.0,22.4,18.0,6.0,8.6,,,,2025,7,30,204,0,0,1,0
184,제주,2025-07-24,29.0,26.0,502,31.9,1415,,,,,,,10.5,70,1504,6.5,50,1507,3.2,2771.0,50.0,21.9,53,932,66.0,26.3,1007.3,1011.7,1,1007.7,1710,1009.7,14.0,13.4,1200.0,3.48,28.53,,,,,,0.3,0.0,36.5,22.8,31.8,32.0,31.4,29.9,29.0,27.2,26.1,22.5,18.1,5.9,8.5,,,,2025,7,30,205,0,0,1,0
184,제주,2025-07-25,28.8,26.9,128,31.9,1549,,,,,,,11.5,70,1202,7.0,70,1206,3.9,3331.0,70.0,24.5,61,1550,78.0,30.8,1005.0,1008.8,1,1006.0,1508,1007.4,14.0,9.3,1200.0,3.32,23.87,,,,,,2.4,2.4,35.0,25.0,31.8,32.2,31.7,30.2,29.2,27.4,26.2,22.4,18.1,5.0,7.2,,,,2025,7,30,206,0,0,1,0
184,제주,2025-07-26,28.8,27.0,606,30.8,1357,,,,,,,11.8,70,1256,7.1,70,1253,4.3,3735.0,50.0,25.1,72,1520,80.6,31.8,1003.2,1007.1,1,1004.5,1735,1005.5,14.0,9.1,1300.0,3.46,24.94,,,,,,5.9,5.8,35.9,26.4,32.2,32.5,31.9,30.3,29.4,27.6,26.3,22.2,18.1,5.0,7.1,0.0,,,2025,7,30,207,0,0,1,0
184,제주,2025-07-27,28.3,26.7,451,30.8,1712,0.0,,0.0,,0.08,0.0,12.3,70,1031,7.3,50,1351,4.5,3925.0,50.0,24.6,68,1730,80.9,30.8,1001.6,1004.6,1,1003.0,1805,1003.9,13.9,5.5,1300.0,2.64,19.26,,,,,,6.1,5.8,34.1,26.5,32.0,32.4,31.9,30.5,29.6,27.8,26.4,21.9,18.1,4.4,6.3,,{비}0825-0830.,,2025,7,30,208,0,0,1,0
184,제주,2025-07-28,29.3,26.3,39,33.5,1032,,,,,,,11.4,110,929,7.2,50,1114,3.6,3134.0,50.0,22.5,42,1027,68.5,27.4,1000.1,1004.4,40,1000.8,1829,1002.4,13.9,13.4,1200.0,3.53,28.85,,,,,,1.4,1.0,37.3,25.0,32.5,32.6,32.0,30.5,29.6,27.9,26.5,22.9,18.5,6.6,9.5,,,,2025,7,31,209,0,0,1,0
184,제주,2025-07-29,29.7,26.2,205,34.5,1413,,,,,,,12.8,50,1046,8.3,50,1132,3.5,3035.0,90.0,22.5,44,1415,67.3,27.4,997.7,1001.7,1,998.1,1750,1000.0,13.9,12.5,1200.0,3.39,27.85,,,,,,4.9,2.0,37.4,24.4,32.6,32.8,32.2,30.8,29.8,28.0,26.6,23.3,18.5,6.6,9.4,,,,2025,7,31,210,0,0,1,0
184,제주,2025-07-30,29.0,27.4,608,30.5,1102,0.1,,0.1,,2.57,0.1,12.9,110,843,5.9,110,1538,3.6,3117.0,110.0,21.7,53,953,65.4,26.0,997.1,1000.6,2312,998.1,1536,999.4,13.9,1.8,700.0,1.22,8.47,,,,,,7.8,3.0,30.4,25.5,30.6,31.5,31.4,30.7,30.0,28.1,26.8,23.2,18.6,3.4,4.9,0.1,{비}1540-{비}{강도0}1800-1814.,,2025,7,31,211,0,0,1,0
184,제주,2025-07-31,30.3,27.8,557,34.1,1421,,,,,,,12.0,160,1237,5.8,110,1146,3.8,3246.0,110.0,21.4,42,1412,60.3,25.5,998.9,1003.2,2257,1000.0,307,1001.2,13.8,12.7,1200.0,3.51,27.91,,,,,,5.0,2.8,37.3,27.0,31.8,31.8,31.2,30.0,29.5,28.2,26.9,23.2,18.5,6.8,9.7,,,,2025,7,31,212,0,0,1,0
184,제주,2025-08-01,30.0,27.5,601,34.4,1704,,,,,,,12.5,70,1259,7.3,50,1304,3.6,3120.0,50.0,24.1,47,1725,71.6,30.1,999.8,1003.5,2305,1000.9,1647,1002.1,13.8,11.0,1200.0,3.01,24.03,,,,,,4.1,1.9,36.7,26.3,32.4,32.6,32.1,30.7,29.7,28.2,27.1,22.9,18.4,5.1,7.3,,,,2025,8,31,213,0,0,1,0
184,제주,2025-08-02,29.9,27.1,554,32.6,1454,,,,,,,6.1,20,1455,4.4,20,1500,2.2,1887.0,20.0,23.2,58,2043,67.6,28.5,1000.5,1003.7,2317,1001.5,1742,1002.8,13.8,11.7,1200.0,3.45,26.85,,,,,,4.1,2.1,37.6,24.0,33.0,33.2,32.5,31.0,30.0,28.3,27.2,24.1,18.6,5.2,7.4,0.0,,,2025,8,31,214,0,0,1,0
184,제주,2025-08-03,29.5,27.1,655,31.5,1454,1.1,1041.0,1.1,1039.0,14.93,1.6,10.0,200,2236,5.1,230,2242,2.1,1834.0,20.0,23.3,60,203,69.8,28.7,998.5,1003.3,1,998.9,1641,1000.8,13.7,0.3,1400.0,1.01,7.67,,,,,,9.9,6.4,30.0,24.5,31.1,32.1,31.9,31.3,30.4,28.6,27.4,24.4,18.7,2.8,4.1,2.2,{비}0512-{비}{강도0}0600-0646. {비}0841-{비}{강도0}0900-0932. {비}1039-{비}{강도0}1200-{비}{강도0}1500-{비}{강도0}1800-2002. {비}2052-{비}{강도0}2100-{비}{강도0}2400-,,2025,8,31,215,0,0,1,1
184,제주,2025-08-04,31.2,28.7,108,34.9,1513,0.6,54.0,0.6,4.0,2.35,1.0,12.5,250,1738,7.9,250,1241,4.4,3826.0,250.0,24.5,54,1455,68.4,30.8,999.5,1004.6,2310,999.4,333,1001.8,13.7,8.3,1400.0,3.07,21.38,,,,,,6.4,5.4,34.0,26.3,31.3,31.7,31.3,30.6,30.1,28.6,27.3,25.0,19.8,5.2,7.5,0.7,-{비}-0110. {비}0650-0658. {비}0810-0815. {비}0918-0923. {비}1258-1312. {비}1902-1941.,,2025,8,32,216,0,0,1,1
184,제주,2025-08-05,31.5,28.4,546,35.4,1602,0.3,440.0,0.3,,0.48,0.3,18.7,230,1253,10.8,250,1234,3.8,3240.0,250.0,23.6,47,1502,64.4,29.2,1003.1,1006.7,2236,1004.3,333,1005.4,13.7,10.2,1200.0,3.46,25.01,,,,,,3.9,3.1,36.7,26.5,32.4,32.6,32.0,30.9,30.2,28.6,27.6,24.6,18.9,7.5,10.7,0.0,{비}0430-0451. {비}0656-0704.,,2025,8,32,217,0,0,1,0
184,제주,2025-08-06,31.1,29.2,210,34.7,1340,0.0,,0.0,,0.23,0.0,16.9,250,1127,9.8,230,1242,5.9,5072.0,250.0,23.7,55,1343,65.3,29.3,1001.7,1005.6,1,1002.6,1835,1004.0,13.7,8.7,1200.0,3.48,25.08,,,,,,5.6,3.6,36.9,27.1,32.9,33.1,32.6,31.3,30.4,28.6,27.5,25.0,19.9,6.9,9.9,0.3,{소나기}0834-0840. {소나기}1132-1140.,,2025,8,32,218,0,0,1,0
184,제주,2025-08-07,29.8,27.9,619,32.8,1512,0.2,,0.2,,1.47,0.3,12.5,250,215,6.6,250,117,4.3,3717.0,250.0,25.6,68,1430,78.6,32.9,1001.8,1005.5,2124,1003.1,408,1004.1,13.7,0.9,1400.0,2.09,11.33,,,,,,8.9,6.8,33.2,27.0,31.8,32.5,32.3,31.4,30.6,28.7,27.7,25.8,20.6,2.9,4.2,,{비}0405-0422. {비}0453-0526. {비}0559-{비}{강도0}0600-0637. {박무}0608-0644. {박무}1846-1904. {박무}2325-{박무}{강도0}2400-,,2025,8,32,219,0,0,1,0
184,제주,2025-08-08,28.6,27.1,618,31.5,1500,0.0,,0.0,,3.73,0.0,5.5,320,56,3.5,20,1156,2.2,1892.0,20.0,22.6,51,1503,70.6,27.4,1002.8,1006.4,2154,1004.2,229,1005.1,13.6,2.0,1200.0,2.72,14.37,,,,,,9.4,5.6,34.3,25.6,31.6,32.2,31.8,31.1,30.4,28.8,27.9,25.2,19.5,3.3,4.6,3.4,-{박무}-0002. {비}1610-1725. {비}1759-{비}{강도0}1800-1827. {비}1939-2038. {비}2221-2323.,,2025,8,32,220,0,0,1,0
184,제주,2025-08-09,28.3,26.3,225,30.8,1113,0.7,619.0,2.4,549.0,12.27,5.4,9.4,290,1107,5.7,250,1125,2.3,1957.0,20.0,24.6,70,23,80.6,31.0,1000.5,1006.0,1,1001.5,1415,1002.9,13.6,0.2,900.0,1.33,6.54,,,,,,9.9,5.4,28.7,24.6,30.0,31.0,31.0,30.7,30.2,28.8,27.9,25.2,19.4,2.3,3.4,2.7,{비}0005-0203. {박무}0103-0116. {박무}0139-0152. {비}0340-{비}{강도0}0600-0725. {박무}0555-{박무}{강도0}0600-0648. {비}1157-{비}{강도0}1200-1359. {비}1455-{비}{강도0}1500-1559. {박무}1816-1912. {비}1927-1940. {비}2046-{비}{강도0}2100-{비}{강도0}2400- {박무}2056-{박무}{강도0}2100-2244. {박무}2306-2333.,,2025,8,32,221,0,0,1,1
184,제주,2025-08-10,28.3,26.5,2046,31.1,1112,0.3,31.0,0.7,0.0,3.88,0.9,16.3,230,939,8.7,250,945,4.7,4079.0,250.0,23.0,63,2122,73.5,28.2,999.4,1004.4,2135,999.3,301,1001.7,13.6,0.1,1000.0,1.61,7.71,,,,,,9.5,7.1,27.4,25.7,28.9,30.0,30.1,30.1,30.0,28.7,27.8,26.0,21.3,2.5,3.6,4.0,-{비}-0110. {비}0839-{비}{강도0}0900-1030. {비}1153-{비}{강도0}1200-1210. {비}1323-1350. {비}1607-1615.,,2025,8,32,222,0,0,1,0
184,제주,2025-08-11,25.2,22.5,916,27.2,1619,10.4,2324.0,19.6,854.0,11.47,59.8,20.1,20,2321,8.2,360,2327,1.8,1562.0,20.0,21.9,59,654,82.9,26.5,1002.2,1008.0,2324,1002.8,1527,1004.5,13.5,0.0,1400.0,0.66,2.59,,,,,,9.5,6.3,25.4,21.2,26.5,27.8,28.3,29.0,29.5,28.6,28.0,25.3,20.1,0.9,1.3,56.0,{비}0804-{비}{강도1}0900-{소나기}1155-{소나기}{강도1}1200-{비}1210-1416. {박무}0835-{박무}{강도2}0900-{박무}{강도0}1200-1353. {비}1517-1540. {비}1656-{비}{강도0}1800-2054. {박무}1705-{박무}{강도1}1800-{박무}{강도0}2100-2103. {비}2305-{소나기}2318-{시정(미만)}{1km}{소나기}2320- {박무}2319-2337. {시정(이상)}{1km}{소나기}2327-{비}2335-{비}{강도1}2400-,,2025,8,33,223,0,0,1,1
184,제주,2025-08-12,27.5,24.1,1,31.9,1723,0.0,,0.0,,1.87,0.0,8.0,70,1328,5.1,50,1307,1.9,1652.0,50.0,24.1,62,1727,82.4,30.0,1006.9,1012.3,2347,1005.9,52,1009.3,13.5,1.4,1500.0,1.55,11.33,,,,,,8.4,4.3,27.6,23.3,27.7,28.2,28.1,28.2,28.5,28.2,28.1,25.1,19.5,2.6,3.7,0.0,-{비}-0015. {비}0935-1045. {비}1224-1235. {비}1312-1322. {비}1403-1409.,,2025,8,33,224,0,0,1,0
184,제주,2025-08-13,29.3,26.1,615,33.3,1618,,,,,,,8.0,50,1444,6.1,50,1449,2.5,2123.0,20.0,24.2,58,1331,74.6,30.1,1011.2,1015.0,2339,1012.1,1,1013.6,13.5,12.5,1200.0,3.34,26.33,,,,,,3.8,1.1,32.4,23.4,30.0,30.1,29.6,28.9,28.6,27.1,28.1,25.5,19.6,5.3,7.6,,{달코로나}0255-0350. {햇무리}0655-0745.,,2025,8,33,225,0,0,1,0
184,제주,2025-08-14,29.4,26.4,628,31.9,1351,,,,,,,6.8,20,1350,5.1,20,1409,2.2,1878.0,20.0,24.3,63,927,74.5,30.4,1013.4,1016.7,1210,1014.6,144,1015.8,13.4,11.1,1300.0,3.37,23.95,,,,,,1.8,1.5,34.5,24.0,30.9,31.2,30.6,29.7,29.1,27.9,27.9,25.3,19.6,4.7,6.7,,,,2025,8,33,226,0,0,1,0
184,제주,2025-08-15,29.0,26.2,528,32.0,1605,,,,,,,6.0,50,1259,4.2,20,1042,2.2,1864.0,20.0,23.4,64,2302,72.3,28.9,1013.0,1016.7,721,1014.3,2358,1015.3,13.4,9.8,1200.0,3.39,24.15,,,,,,2.8,2.0,34.7,23.6,31.3,31.6,31.1,30.2,29.5,28.1,27.8,24.9,19.5,4.8,6.9,,,,2025,8,33,227,0,0,1,0
184,제주,2025-08-16,28.8,25.8,600,32.1,1549,,,,,,,6.0,20,1428,4.6,20,1400,2.4,2105.0,20.0,22.5,62,1520,69.1,27.4,1011.8,1014.9,903,1013.3,1738,1014.2,13.4,9.8,1100.0,3.25,23.81,,,,,,1.6,1.5,36.4,23.4,31.3,31.7,31.2,30.5,29.9,28.3,27.9,25.1,19.5,4.9,7.0,,,,2025,8,33,228,0,0,1,0
184,제주,2025-08-17,29.3,25.4,607,32.4,1347,,,,,,,7.3,50,1541,5.1,50,1543,2.6,2214.0,20.0,22.6,59,1043,67.6,27.5,1012.5,1016.1,956,1013.5,217,1014.9,13.3,10.9,1200.0,3.34,24.69,,,,,,2.8,1.5,36.3,22.4,31.7,31.9,31.4,30.6,30.0,28.5,27.9,25.5,19.9,5.2,7.4,,,,2025,8,33,229,0,0,1,0
184,제주,2025-08-18,29.8,27.1,419,32.2,1133,,,,,,,5.8,20,1209,4.2,20,1128,2.2,1868.0,20.0,23.7,60,1351,70.3,29.3,1012.5,1016.3,743,1013.5,1623,1014.9,13.3,8.9,1100.0,3.18,21.9,,,,,,4.3,2.9,36.6,24.3,32.0,32.2,31.7,30.8,30.2,28.6,27.9,25.1,19.6,4.6,6.6,,,,2025,8,34,230,0,0,1,0
184,제주,2025-08-19,29.7,26.7,616,33.2,1555,,,,,,,7.7,90,2102,4.6,50,1132,2.5,2129.0,20.0,23.2,58,913,68.5,28.4,1009.9,1014.3,1,1010.7,1811,1012.2,13.3,9.4,1300.0,3.25,22.94,,,,,,3.4,1.5,40.7,23.8,32.3,32.4,31.8,30.9,30.4,28.7,28.0,25.6,19.9,5.0,7.1,,,,2025,8,34,231,0,0,1,0
184,제주,2025-08-20,30.1,27.4,315,34.4,1447,0.0,,0.0,,0.53,0.0,8.7,360,1312,6.0,20,1312,2.7,2308.0,180.0,23.6,50,1450,68.6,29.2,1007.4,1011.0,4,1008.2,1801,1009.8,13.3,9.3,1200.0,3.2,21.72,,,,,,3.5,3.5,37.3,24.6,32.5,32.7,32.1,31.2,30.5,28.9,28.1,25.0,19.7,4.7,6.8,0.0,{소나기}1510-1537. {소나기}1735-1740.,,2025,8,34,232,0,0,1,0
184,제주,2025-08-21,29.5,27.0,633,32.0,1331,,,,,,,8.0,50,1416,5.9,20,1338,3.1,2654.0,20.0,23.4,65,1155,70.3,28.9,1007.8,1011.2,1024,1008.9,1718,1010.1,13.2,10.1,1200.0,3.35,24.25,,,,,,3.0,2.5,36.0,24.3,32.5,32.8,32.3,31.3,30.7,29.0,28.1,25.0,19.7,5.3,7.6,,,,2025,8,34,233,0,0,1,0
184,제주,2025-08-22,30.4,27.0,533,34.1,1536,,,,,,,9.4,270,1450,5.7,320,1457,2.5,2197.0,180.0,23.6,56,1034,67.5,29.2,1007.4,1010.6,2358,1008.5,1622,1009.7,13.2,10.8,1200.0,3.26,23.63,,,,,,2.9,2.9,37.7,24.3,32.6,32.9,32.4,31.4,30.7,29.1,28.1,25.4,20.0,5.4,7.6,,,,2025,8,34,234,0,0,1,0
184,제주,2025-08-23,30.5,26.8,308,34.3,1551,,,,,,,11.0,270,1517,6.6,290,1626,3.2,2782.0,180.0,22.9,55,1517,64.1,28.1,1008.5,1012.1,2344,1009.6,1604,1010.9,13.2,12.2,1200.0,3.36,25.47,,,,,,3.1,2.5,39.6,24.2,32.7,33.0,32.5,31.5,30.7,29.1,28.1,25.7,20.3,5.7,8.2,0.0,,,2025,8,34,235,0,0,1,0
184,제주,2025-08-24,30.2,27.4,542,33.4,1344,0.0,,0.0,,2.52,0.0,9.6,290,1511,5.8,290,1356,2.4,2104.0,180.0,23.5,58,915,67.9,29.0,1009.6,1013.1,1003,1010.7,1633,1011.9,13.1,5.3,1100.0,3.02,15.58,,,,,,3.8,3.3,36.4,24.7,32.3,32.8,32.4,31.6,30.8,29.1,28.3,25.7,20.1,3.9,5.5,0.0,{소나기}0808-0820. {소나기}1535-1545. {소나기}1736-{소나기}{강도0}1800-1945.,,2025,8,34,236,0,0,1,0
184,제주,2025-08-25,30.2,27.0,603,33.9,1557,0.0,,0.0,,0.28,0.0,11.0,290,1310,6.6,290,1311,2.4,2056.0,50.0,23.3,50,1144,67.1,28.7,1009.0,1012.8,951,1009.8,1654,1011.3,13.1,8.0,1000.0,2.61,16.79,,,,,,2.6,2.6,35.6,24.4,31.6,32.1,31.9,31.2,30.8,29.2,28.4,26.0,20.2,4.2,6.0,0.0,{소나기}1405-1422.,,2025,8,35,237,0,0,1,0
184,제주,2025-08-26,31.0,28.1,230,36.3,1552,0.3,2228.0,0.3,,0.28,0.3,12.6,250,1707,7.5,250,926,4.5,3917.0,250.0,23.5,46,1536,65.1,29.1,1008.0,1011.4,947,1008.4,1530,1010.3,13.1,9.9,1100.0,3.15,23.03,,,,,,2.8,2.5,38.6,25.2,32.4,32.7,32.1,31.2,30.6,29.2,28.3,26.2,21.2,6.3,9.0,1.6,{무지개}0846-0855. {소나기}2228-2245.,,2025,8,35,238,0,0,1,0
184,제주,2025-08-27,30.0,27.6,613,32.6,1528,0.8,224.0,1.3,,0.8,1.3,6.4,20,1012,4.1,20,1217,2.4,2059.0,20.0,23.8,62,930,70.0,29.5,1009.0,1012.9,2213,1009.9,321,1011.3,13.0,11.4,1200.0,3.35,24.73,,,,,,4.3,3.0,36.0,25.4,33.0,33.2,32.6,31.6,30.8,29.2,28.5,26.3,20.8,5.1,7.2,,{소나기}0134-0150. {소나기}0206-0233. {소나기}0631-0636.,,2025,8,35,239,0,0,1,1
184,제주,2025-08-28,29.8,27.2,451,32.9,1306,,,,,,,6.8,50,1319,4.8,20,1312,2.2,1919.0,20.0,23.2,59,1630,68.1,28.5,1010.6,1014.1,2210,1012.0,1650,1012.9,13.0,8.4,1200.0,2.99,18.48,,,,,,3.8,2.8,34.2,24.8,32.1,32.7,32.4,31.6,30.9,29.3,28.6,25.9,20.3,4.2,5.9,,,,2025,8,35,240,0,0,1,0
184,제주,2025-08-29,30.1,27.0,558,33.3,1651,,,,,,,5.8,20,1010,4.2,50,1011,2.2,1904.0,20.0,23.2,58,1653,67.1,28.5,1012.3,1015.8,2118,1013.3,128,1014.6,13.0,7.4,1000.0,2.65,19.45,,,,,,5.0,3.4,35.4,24.4,32.2,32.6,32.2,31.5,30.8,29.4,28.7,26.0,20.3,4.3,6.2,,,,2025,8,35,241,0,0,1,0
184,제주,2025-08-30,29.4,26.7,603,34.5,1334,0.6,1614.0,0.6,1554.0,0.68,0.6,7.6,200,1731,4.5,360,1529,2.2,1936.0,180.0,22.5,53,1557,66.9,27.4,1011.6,1015.7,650,1012.5,2357,1014.0,12.9,8.3,1300.0,2.81,19.9,,,,,,5.6,1.3,37.0,24.2,32.2,32.6,32.3,31.5,30.8,29.4,28.7,26.1,20.3,4.3,6.1,0.6,{소나기}1554-1635.,,2025,8,35,242,0,0,1,0
184,제주,2025-08-31,29.2,27.1,559,33.1,1450,0.4,1011.0,0.6,1004.0,3.13,0.6,8.4,320,1249,5.4,320,1254,2.3,1999.0,180.0,23.6,59,1458,72.5,29.2,1007.5,1012.5,1,1007.8,1731,1009.8,12.9,3.4,1300.0,3.15,14.03,,,,,,7.5,4.5,34.1,24.9,31.3,31.9,31.6,31.3,30.7,29.4,28.6,26.1,20.4,3.1,4.5,3.6,{소나기}0504-0530. {소나기}0955-1140. {소나기}1225-1235. {채운}1255-1335. {햇무리}1755-1810. {소나기}1936-2008. {소나기}2112-2127.,,2025,8,35,243,0,0,1,0
184,제주,2025-09-01,29.5,25.8,512,33.9,1417,2.8,432.0,3.0,,0.77,3.0,8.7,200,1419,5.7,320,1230,2.1,1840.0,20.0,23.6,58,1250,71.0,29.1,1005.3,1008.7,32,1006.7,1713,1007.7,12.9,6.2,1200.0,3.06,17.98,,,,,,5.9,3.8,33.7,24.5,31.2,31.7,31.5,31.0,30.6,29.5,28.8,26.2,20.5,4.5,6.4,1.2,{소나기}0308-0335. {소나기}0426-0445.,,2025,9,36,244,0,0,1,1
184,제주,2025-09-02,28.8,26.4,607,32.1,1013,0.8,658.0,1.2,654.0,2.25,1.2,9.9,140,1247,4.5,250,521,2.3,1963.0,180.0,22.6,59,1629,69.5,27.4,1007.0,1011.5,2205,1007.9,56,1009.4,12.8,6.0,1000.0,2.63,14.46,,,,,,6.4,5.4,29.8,24.2,30.2,31.1,31.1,30.8,30.5,29.3,28.8,26.3,20.7,3.2,4.5,0.0,{소나기}0431-0442. {소나기}0522-0527. {소나기}0558-{소나기}{강도0}0600-0613. {소나기}0652-0725. {소나기}1141-1150. {비}1308-1410.,,2025,9,36,245,0,0,1,1
184,제주,2025-09-03,28.3,25.4,607,31.0,1049,0.8,1213.0,1.2,1133.0,2.32,1.2,10.7,50,1356,7.5,50,1158,2.9,2542.0,50.0,23.0,59,912,73.3,28.1,1007.7,1011.0,713,1008.7,1709,1010.0,12.8,6.0,1100.0,2.46,13.37,,,,,,4.0,3.6,28.6,22.9,29.1,30.2,30.2,30.4,30.3,29.4,28.9,26.4,20.5,3.0,4.3,1.2,{소나기}1133-{소나기}{강도0}1200-1240. {박무}1206-1230. {소나기}1418-{소나기}{강도0}1500-1530.,,2025,9,36,246,0,0,1,1
184,제주,2025-09-04,28.7,26.8,557,31.7,1626,,,,,,,10.3,50,1359,6.2,70,1405,3.0,2613.0,50.0,23.9,65,1628,75.6,29.7,1005.8,1010.1,1,1006.7,1607,1008.1,12.8,8.9,1200.0,3.22,21.18,,,,,,3.4,2.9,34.6,24.2,30.6,30.8,30.4,30.1,30.0,29.2,28.9,25.5,20.4,4.6,6.6,,,,2025,9,36,247,0,0,1,0
184,제주,2025-09-05,29.0,26.7,626,32.2,1105,0.0,,0.0,,1.12,0.0,7.3,50,1125,5.0,20,1118,2.1,1850.0,50.0,22.8,59,1442,69.5,27.8,1007.9,1011.5,2111,1008.1,47,1010.2,12.7,7.1,1000.0,2.55,14.67,,,,,,3.1,3.1,31.8,23.8,30.2,30.8,30.7,30.3,30.0,29.1,28.8,26.0,20.5,3.5,5.0,0.0,{소나기}1255-1320. {소나기}1450-{소나기}{강도0}1500-1517. {소나기}1530-1545.,,2025,9,36,248,0,0,1,0
184,제주,2025-09-06,30.2,26.5,602,34.6,1521,0.0,,0.0,,0.22,0.0,12.2,270,1322,7.6,250,1426,3.0,2599.0,160.0,22.4,46,1530,63.8,27.1,1007.6,1011.3,1,1008.6,1724,1009.9,12.7,8.9,1000.0,2.68,18.27,,,,,,2.4,2.3,36.1,23.7,30.3,30.7,30.5,30.1,29.8,28.4,28.7,26.0,20.5,4.9,7.0,3.8,{소나기}1427-1440.,,2025,9,36,249,0,0,1,0
184,제주,2025-09-07,29.7,27.4,2328,34.9,1403,5.2,1549.0,5.2,1540.0,2.53,9.0,13.1,270,1547,6.8,290,1533,3.3,2893.0,250.0,24.1,50,1357,72.8,30.1,1006.5,1010.2,2351,1007.4,1412,1008.8,12.7,7.8,1100.0,2.72,18.62,,,,,,5.0,3.0,32.7,24.5,30.8,31.2,30.9,30.3,30.0,28.0,28.8,26.7,21.4,4.3,6.2,5.2,{소나기}0815-0859. {소나기}1540-1728.,,2025,9,36,250,0,0,1,1
184,제주,2025-09-08,28.7,27.2,240,31.3,1538,3.7,1125.0,3.8,1111.0,1.52,4.3,11.3,360,1055,5.6,360,1102,1.8,1554.0,50.0,24.0,65,1058,76.4,29.9,1007.6,1011.3,1057,1008.5,1549,1010.0,12.6,3.7,1200.0,1.87,13.27,,,,,,7.8,4.4,29.8,25.1,30.3,30.9,30.6,30.3,30.0,29.0,28.8,26.3,20.7,2.6,3.8,4.8,{소나기}0450-0506. {비}1111-1153. {비}1426-1430. {비}1635-1704.,,2025,9,37,251,0,0,1,1
184,제주,2025-09-09,26.2,24.5,1719,28.1,1215,12.0,1404.0,32.5,1314.0,5.93,44.2,10.5,20,701,6.1,20,707,2.8,2376.0,50.0,23.3,71,49,84.5,28.7,1007.6,1011.3,1014,1009.0,1744,1010.0,12.6,0.2,1000.0,0.98,4.48,,,,,,9.3,6.6,26.3,23.8,28.1,29.2,29.6,29.9,30.0,29.0,28.8,25.7,20.7,1.4,1.9,43.9,{비}0048-0140. {달코로나}0255-0354. {비}0708-0715. {비}0810-0815. {비}1258-{시정(미만)}{1km}{비}1308-{시정(미만)}{0.5km}{비}1351-{시정(미만)}{0.2km}{비}1403-{시정(이상)}{0.2km}{비}1407-{시정(이상)}{0.5km}{비}1410-{시정(이상)}{1km}{비}1418-{비}{강도2}1500-1536. {박무}1307-{박무}{강도0}1500-1532. {비}1618-1759. {박무}1648-1740. {비}2002-2009. {비}2203-2208. {비}2243-2304.,,2025,9,37,252,0,0,1,1
184,제주,2025-09-10,25.7,24.3,857,27.6,1457,0.5,1013.0,0.7,954.0,4.13,1.0,7.9,50,612,5.6,20,720,2.5,2117.0,20.0,22.2,72,1503,81.4,26.7,1008.7,1012.9,2148,1009.0,137,1011.1,12.6,0.8,1400.0,1.65,6.1,,,,,,8.0,7.1,26.4,23.4,27.4,28.3,28.3,28.9,29.3,28.8,28.7,25.0,20.5,1.7,2.4,0.8,{안개비}0454-{비}0535-{비}{강도0}0600-0607. {비}0832-{비}{강도0}0900-1105. {박무}0844-{박무}{강도0}0900-0904. {안개비}2003-2015. {비}2125-2135.,,2025,9,37,253,0,0,1,1
184,제주,2025-09-11,26.5,24.9,629,28.2,1633,0.4,2325.0,1.1,2313.0,5.1,0.6,12.2,70,1608,7.0,70,1613,3.9,3392.0,70.0,22.2,69,1100,77.8,26.8,1010.7,1015.0,1019,1012.0,1730,1013.1,12.5,1.0,1100.0,1.8,10.88,,,,,,8.5,7.3,26.3,23.5,27.7,28.5,28.4,28.6,28.9,28.6,28.8,25.4,20.7,2.9,4.2,40.9,{비}1656-{비}{강도0}1800-1927. {비}2125-{비}{강도0}2400- {박무}2320-{박무}{강도0}2400-,,2025,9,37,254,0,0,1,0
184,제주,2025-09-12,28.3,23.4,640,34.0,1244,9.0,452.0,28.6,452.0,7.4,40.3,12.0,50,118,6.9,50,512,3.1,2714.0,70.0,22.8,44,1200,73.9,27.8,1007.6,1012.5,1,1008.6,2348,1010.0,12.5,7.3,1200.0,3.08,19.57,,,,,,6.1,4.4,29.7,22.2,28.5,28.9,28.6,28.5,28.6,28.4,28.7,24.8,20.6,4.7,6.8,0.0,-{박무}-0107. -{비}-{비}{강도0}0300-{시정(미만)}{1km}{비}0447-{시정(이상)}{1km}{비}0543-{비}{강도2}0600-0645. {박무}0301-{박무}{강도1}0600-0603. {비}0730-0745. {소나기}1740-{소나기}{강도0}1800-1804.,,2025,9,37,255,0,0,1,1
184,제주,2025-09-13,28.7,26.8,27,31.6,1542,3.6,1204.0,5.4,1135.0,5.85,9.1,14.4,250,637,7.4,250,1159,4.3,3750.0,250.0,23.5,66,1529,73.9,29.1,1005.9,1010.5,2309,1006.4,503,1008.3,12.5,3.5,1400.0,1.9,10.88,,,,,,5.3,3.8,29.0,24.4,28.6,29.2,29.0,28.9,28.8,28.2,28.6,26.8,22.2,2.8,4.0,9.6,{비}0357-0505. {비}0750-0825. {비}0857-{비}{강도0}0900-{비}{강도0}1200-{시정(미만)}{1km}{비}1204-{시정(이상)}{1km}{비}1209-1305. {박무}0904-0932. {박무}1150-{박무}{강도0}1200-1259.,,2025,9,37,256,0,0,1,1
184,제주,2025-09-14,27.4,25.7,2323,30.0,1156,0.7,2226.0,3.2,2154.0,7.02,8.1,7.4,250,56,4.8,20,1243,2.4,2111.0,50.0,23.0,63,1243,77.5,28.1,1009.6,1014.3,2229,1009.8,53,1012.0,12.4,4.5,1000.0,2.46,15.07,,,,,,8.4,5.5,28.6,24.1,28.9,29.5,29.2,29.0,28.9,28.2,28.7,26.4,21.2,3.2,4.6,7.6,{비}0206-0250. {비}1730-{비}{강도0}1800-{비}{강도0}2100-2347. {박무}2126-2305.,,2025,9,37,257,0,0,1,1
184,제주,2025-09-15,27.6,25.1,622,31.7,1043,16.4,1157.0,42.4,1134.0,2.03,42.4,10.0,340,1141,5.3,340,1145,1.9,1670.0,20.0,23.4,63,1010,78.6,28.7,1012.3,1016.4,1156,1013.4,224,1014.6,12.4,8.5,1300.0,3.03,17.37,,,,,,4.4,3.0,29.4,23.3,28.8,29.4,29.3,29.1,29.0,28.2,28.6,26.4,21.0,3.5,5.0,42.4,{비}0006-0015. {비}0110-0123. {소나기}1105-{시정(미만)}{1km}{소나기}1137-{시정(이상)}{1km}{소나기}1214-1245.,,2025,9,38,258,0,0,1,1
184,제주,2025-09-16,29.7,25.7,648,33.8,1544,,,,,,,9.7,270,1439,6.2,290,1341,2.7,2319.0,180.0,23.8,51,1659,71.4,29.6,1010.8,1015.5,9,1011.4,1535,1013.2,12.4,11.0,1300.0,3.03,22.45,,,,,,2.4,2.1,30.6,24.0,29.4,30.0,29.7,29.2,29.1,28.3,28.7,26.5,21.2,5.2,7.4,,,,2025,9,38,259,0,0,1,0
184,제주,2025-09-17,29.1,26.1,2357,34.1,1228,4.5,2110.0,8.0,2029.0,2.27,8.9,14.9,250,1319,8.0,250,1327,3.4,2930.0,180.0,22.5,48,1231,68.6,27.4,1009.0,1012.8,2232,1009.6,1604,1011.4,12.3,9.1,1200.0,3.03,20.04,,,,,,6.1,3.8,30.1,23.9,29.2,30.1,29.9,29.5,29.3,28.4,28.6,26.4,21.3,5.0,7.2,8.9,{비}1405-1435. {박무}1412-1434. {비}2003-2020. {비}2046-{비}{강도0}2100-2215. {박무}2047-{박무}{강도0}2100-2126. {박무}2147-2159.,,2025,9,38,260,0,0,1,1
184,제주,2025-09-18,26.2,24.6,600,28.8,1420,0.0,,0.0,,0.45,0.0,9.0,320,528,5.1,340,532,2.9,2463.0,360.0,19.6,56,927,67.5,22.8,1012.3,1016.3,2026,1011.9,31,1014.7,12.3,8.6,1200.0,2.99,21.0,,,,,,6.5,3.6,28.7,23.7,28.7,29.7,29.5,29.4,29.3,28.4,28.7,26.4,21.6,4.1,5.9,3.2,{비}2242-2257. {비}2348-{비}{강도0}2400- {박무}2350-{박무}{강도0}2400-,,2025,9,38,261,0,0,1,0
184,제주,2025-09-19,26.3,23.6,206,29.2,1432,1.0,11.0,2.8,1.0,1.85,3.2,10.8,110,1556,5.6,110,1417,3.1,2705.0,110.0,21.0,62,1434,73.0,24.9,1011.3,1017.0,811,1010.2,2342,1013.7,12.3,4.7,1000.0,2.49,16.1,,,,,,8.3,3.6,27.1,23.3,28.0,29.0,28.9,29.0,29.2,27.9,28.6,26.1,21.4,3.8,5.5,4.0,-{박무}-0108. -{비}-0113. {비}0802-0840.,,2025,9,38,262,0,0,1,1
184,제주,2025-09-20,25.1,22.0,2358,28.5,509,2.9,818.0,3.7,728.0,3.62,4.0,12.7,250,819,7.0,250,826,3.7,3161.0,320.0,19.3,57,2103,70.9,22.7,1008.4,1013.8,2159,1007.4,648,1010.8,12.2,0.7,1300.0,1.91,7.12,,,,,,7.6,5.5,24.2,19.4,26.8,28.1,28.0,28.6,28.9,28.3,28.6,26.9,22.5,2.7,3.9,0.0,{비}0525-{비}{강도0}0600-0856. {비}0958-1004.,,2025,9,38,263,0,0,1,1
184,제주,2025-09-21,24.4,21.3,102,27.1,1231,0.2,,0.3,2231.0,2.13,0.3,10.3,70,1553,5.9,50,1503,3.3,2822.0,50.0,17.7,53,1232,66.4,20.2,1012.8,1018.0,2348,1013.1,217,1015.2,12.2,6.2,1200.0,2.68,17.09,,,,,,6.3,4.8,24.8,19.5,25.7,26.9,26.8,27.7,28.2,28.1,28.5,25.6,21.3,3.8,5.4,0.3,{비}2035-2039. {비}2156-{비}{강도0}2400-,,2025,9,38,264,0,0,1,0
184,제주,2025-09-22,25.0,23.2,459,27.8,1505,0.0,,0.0,,0.53,0.0,12.9,50,1201,7.1,70,1610,4.2,3661.0,70.0,18.6,61,1244,68.0,21.4,1015.0,1018.7,957,1015.8,1456,1017.4,12.2,4.5,1200.0,2.57,15.44,,,,,,6.0,5.8,27.5,21.7,26.3,27.2,27.0,27.4,27.8,27.7,28.4,25.7,21.4,3.9,5.6,,-{비}-0032.,,2025,9,39,265,0,0,1,0
184,제주,2025-09-23,24.6,22.8,627,26.9,1619,0.0,,0.0,,9.92,0.0,9.9,70,23,5.6,50,1052,3.6,3100.0,70.0,19.8,68,24,75.1,23.2,1013.9,1018.2,953,1014.7,2356,1016.3,12.1,1.2,1400.0,1.5,9.1,,,,,,6.3,6.3,26.4,20.8,25.7,26.7,26.5,27.2,27.6,27.5,28.2,25.4,21.3,2.3,3.3,0.0,{비}0908-1010. {비}1215-{비}{강도0}1500-{비}{강도0}1800-{비}{강도0}2100-2108.,,2025,9,39,266,0,0,1,0
184,제주,2025-09-24,28.2,23.9,559,32.6,1518,,,,,,,7.5,70,16,5.8,50,1418,2.0,1739.0,20.0,22.0,55,1700,69.9,26.6,1011.3,1015.3,2221,1012.4,1502,1013.6,12.1,7.2,1300.0,2.81,17.2,,,,,,6.3,2.4,32.0,22.0,27.6,27.9,27.6,27.3,27.3,27.3,28.1,25.8,21.3,3.8,5.4,,,,2025,9,39,267,0,0,1,0
184,제주,2025-09-25,26.8,24.8,1435,31.5,937,7.4,1432.0,20.4,1343.0,3.58,21.5,10.4,20,1415,6.8,20,1416,2.0,1730.0,180.0,22.1,63,908,76.1,26.7,1014.6,1018.5,2105,1014.8,442,1017.0,12.1,2.2,900.0,1.93,9.22,,,,,,8.5,5.0,28.1,23.4,27.2,28.2,28.1,27.9,27.7,27.2,28.0,26.3,21.4,2.0,2.9,22.0,{비}1321-{비}{강도0}1500-1620. {박무}1334-1443. {비}1902-1928. {비}2055-{비}{강도0}2100-2105.,,2025,9,39,268,0,0,1,1
184,제주,2025-09-26,25.9,25.4,227,27.2,1039,0.5,1348.0,2.2,1346.0,7.03,3.3,5.5,140,2258,3.6,50,1143,1.6,1400.0,50.0,22.8,77,2,83.6,27.8,1015.6,1019.1,750,1017.1,1618,1018.0,12.0,0.1,1000.0,0.87,5.29,,,,,,9.3,5.5,26.4,24.6,26.9,27.8,27.6,27.7,27.8,27.3,28.0,26.0,21.4,1.2,1.7,28.2,{비}0505-0515. {비}0657-0846. {비}1120-{비}{강도0}1200-{비}{강도0}1500-1540. {박무}1345-1424. {비}1656-1729. {무지개}1819-1827. {비}2048-2058.,,2025,9,39,269,0,0,1,1
184,제주,2025-09-27,24.6,23.3,1057,25.6,1546,3.1,653.0,10.1,747.0,6.87,26.6,10.2,290,443,6.0,360,517,2.4,2041.0,90.0,21.2,73,2237,82.0,25.2,1013.5,1017.4,1,1013.9,2359,1015.9,12.0,0.0,1200.0,1.06,3.91,,,,,,9.8,6.0,24.7,23.8,26.0,27.0,26.9,27.4,27.7,27.3,28.0,26.2,21.5,1.3,1.9,83.8,{비}0407-{비}{강도0}0600-{비}{강도1}0900-0911. {박무}0509-{박무}{강도0}0600-{박무}{강도1}0900-0909. {비}0945-1115. {박무}1026-1106. {비}1432-1450.,,2025,9,39,270,0,0,1,1
184,제주,2025-09-28,25.7,23.0,423,30.0,1322,16.3,409.0,53.7,329.0,7.32,94.4,11.1,250,1328,6.5,270,1044,3.4,2947.0,270.0,21.9,63,1328,80.0,26.3,1009.8,1013.9,1,1010.3,1626,1012.2,12.0,3.6,1200.0,2.45,13.39,,,,,,8.8,6.3,26.5,22.6,25.9,26.4,26.3,26.4,26.7,27.1,28.2,26.4,22.1,3.2,4.6,11.8,{비}0203-{시정(미만)}{1km}{비}0248-{시정(미만)}{0.5km}{비}0250-{비}{강도1}0300-{시정(이상)}{0.5km}{비}0301-{시정(이상)}{1km}{비}0334-{시정(미만)}{1km}{비}0345-{시정(미만)}{0.5km}{비}0400-{시정(미만)}{0.2km}{비}0407-{시정(이상)}{0.2km}{비}0413-{시정(이상)}{0.5km}{비}0433-{시정(이상)}{1km}{비}0434-{안개비}0549-{안개비}{강도0}0600-{비}0620-0716. {박무}0231-{박무}{강도2}0300-0506. {박무}0537-0545. {비}1550-1605. {비}1633-{시정(미만)}{1km}{비}1740-{시정(이상)}{1km}{비}1756-{비}{강도1}1800-1815. {박무}1718-{박무}{강도1}1800-1812. {비}1943-1952.,,2025,9,39,271,0,0,1,1
184,제주,2025-09-29,24.4,21.8,2352,27.6,1510,,,,,,,6.9,320,1719,4.8,320,1726,2.7,2347.0,320.0,17.3,50,1826,65.4,19.8,1010.9,1014.3,2126,1012.1,118,1013.3,11.9,5.1,1400.0,2.39,15.43,,,,,,6.6,4.8,25.7,20.1,26.0,26.9,26.7,26.7,26.8,26.8,28.1,26.2,22.0,3.4,4.9,,,,2025,9,40,272,0,0,1,0
184,제주,2025-09-30,22.5,20.0,353,26.0,1222,,,,,,,7.9,110,903,3.5,20,1405,1.8,1597.0,180.0,15.1,54,1229,63.5,17.2,1010.7,1014.5,840,1011.7,1745,1013.1,11.9,0.9,1200.0,1.96,11.01,,,,,,6.1,5.3,23.2,18.0,24.5,25.8,25.7,26.4,26.8,26.7,27.9,25.8,21.8,2.7,3.8,,,,2025,9,40,273,0,0,1,0
184,제주,2025-10-01,23.5,19.3,536,28.2,1505,,,,,,,6.0,320,1358,3.7,320,1452,2.2,1902.0,180.0,13.5,35,1440,54.8,15.6,1011.8,1016.4,2329,1012.5,217,1014.2,11.9,9.3,1200.0,3.06,19.77,,,,,,2.4,2.0,26.9,16.9,24.5,25.4,25.3,25.9,26.4,26.6,27.8,25.8,21.8,4.7,6.7,,,,2025,10,40,274,0,0,1,0
184,제주,2025-10-02,24.0,20.0,511,28.4,1047,0.2,,0.4,2313.0,3.5,0.4,8.2,50,1347,4.7,50,1340,2.6,2233.0,70.0,15.8,31,1055,61.0,18.1,1013.7,1017.2,729,1015.1,228,1016.1,11.8,4.9,1100.0,2.49,15.02,,,,,,7.6,3.9,27.0,17.4,24.6,25.5,25.3,25.9,26.2,26.4,27.7,25.4,21.7,3.7,5.2,17.2,{비}2030-{비}{강도0}2100-{비}{강도0}2400- {박무}2350-{박무}{강도0}2400-,,2025,10,40,275,0,0,1,0
184,제주,2025-10-03,24.6,21.0,411,27.1,1315,8.6,1545.0,22.4,1458.0,19.07,65.5,15.9,140,646,8.7,140,653,3.7,3155.0,250.0,21.1,64,831,81.6,25.2,1009.7,1015.5,2,1009.9,645,1012.1,11.8,0.0,1200.0,1.07,2.26,,,,,,10.0,6.6,23.2,20.7,24.2,25.1,25.0,25.6,26.1,26.2,27.5,25.0,21.7,1.3,1.9,48.7,-{박무}-0039. {박무}0155-0250. -{비}-{비}{강도0}0300-{비}{강도0}0600-{소나기}0635-{비}0710-{비}{강도1}0900-{비}{강도0}1200-1217. {박무}0349-0455. {박무}0547-{박무}{강도0}0600-0823. {박무}0927-1116. {비}1323-1405. {비}1452-{비}{강도0}1500-1719. {박무}1454-{박무}{강도1}1500-1711. {비}1858-{비}{강도1}2100-2204. {박무}2146-{박무}{강도0}2400- {비}2235-2307.,,2025,10,40,276,0,0,1,1
184,제주,2025-10-04,25.6,23.9,2348,28.8,1218,0.0,,0.0,,0.38,0.0,10.8,270,1227,7.1,270,1234,4.1,3526.0,250.0,20.7,62,1124,74.8,24.5,1011.0,1014.8,2146,1012.0,257,1013.4,11.8,3.8,1100.0,2.8,13.35,,,,,,6.3,4.9,25.8,22.8,25.7,26.0,25.8,25.5,25.8,26.0,27.5,26.5,22.9,3.3,4.7,0.0,-{박무}-0112. {비}0932-0955. {달코로나}2355-,,2025,10,40,277,0,0,1,0
184,제주,2025-10-05,25.2,22.7,422,28.4,1223,,,,,,,6.2,340,1224,4.0,320,1213,2.4,2092.0,230.0,18.9,57,1458,68.9,21.9,1012.2,1016.0,1040,1013.3,1625,1014.6,11.7,10.0,1200.0,2.84,18.54,,,,,,3.1,2.4,27.3,21.2,26.0,26.6,26.3,26.0,26.0,25.9,27.4,26.2,22.4,3.9,5.5,,-{달코로나}-0055.,,2025,10,40,278,0,0,1,0
184,제주,2025-10-06,26.0,22.5,650,28.9,1359,,,,,,,7.1,50,1332,4.7,50,1536,2.0,1728.0,50.0,19.9,55,1130,69.8,23.2,1012.0,1015.3,1039,1013.3,1403,1014.4,11.7,8.7,1200.0,2.76,18.21,,,,,,3.8,3.1,29.5,20.1,26.3,26.8,26.5,26.2,26.3,25.9,27.2,25.7,22.0,3.7,5.3,0.9,,,2025,10,41,279,0,0,1,0
184,제주,2025-10-07,24.8,22.2,2115,27.6,1301,0.9,550.0,0.9,,4.1,0.9,8.4,290,1922,4.9,320,1424,3.2,2760.0,320.0,20.3,66,1316,76.1,23.9,1012.5,1016.5,2113,1013.1,451,1014.9,11.7,0.4,1200.0,1.72,6.47,,,,,,8.8,8.0,26.3,21.9,26.1,26.9,26.7,26.5,26.6,26.0,27.2,25.9,22.3,2.2,3.1,0.2,{비}0540-{비}{강도0}0600-0606. {비}2020-{비}{강도0}2100-{안개비}2240-{안개비}{강도0}2400-,,2025,10,41,280,0,0,1,0
184,제주,2025-10-08,23.7,22.1,538,25.3,1422,0.2,,0.2,,5.85,0.4,8.1,360,407,4.9,360,414,2.9,2543.0,20.0,19.6,71,1430,78.3,22.8,1012.7,1016.3,942,1013.5,1532,1015.1,11.6,0.4,1000.0,1.27,7.29,,,,,,8.5,8.1,25.1,22.1,25.1,26.0,25.8,26.2,26.4,26.1,27.0,25.3,22.0,1.9,2.7,0.2,-{안개비}-0009. {안개비}0256-{안개비}{강도0}0300-0315. {비}0427-0446. {비}0508-{비}{강도0}0600-0720. {비}0904-0929. {비}1635-{비}{강도0}1800-1830. {비}2025-2040. {비}2121-2138.,,2025,10,41,281,0,0,1,0
184,제주,2025-10-09,24.1,22.2,2356,27.1,1501,0.0,,0.0,,0.22,0.0,11.9,70,1410,6.7,50,1417,3.3,2865.0,90.0,18.2,56,1503,69.0,20.5,1014.6,1018.1,2101,1015.8,5,1017.0,11.6,4.6,1400.0,1.67,11.56,,,,,,3.6,3.6,26.8,19.8,25.1,25.9,25.7,26.0,26.3,26.0,27.0,25.4,22.1,3.0,4.4,0.0,{비}0320-0328. {비}1335-1340.,,2025,10,41,282,0,0,1,0
184,제주,2025-10-10,24.1,21.7,558,27.6,1051,,,,,,,12.5,70,1209,7.1,70,1351,3.2,2758.0,70.0,18.1,54,1047,70.0,20.8,1013.6,1017.7,1,1014.9,1613,1016.0,11.5,10.1,1200.0,2.74,18.4,,,,,,0.8,0.8,27.2,19.4,25.0,25.7,25.4,25.7,26.0,25.9,26.9,25.2,22.0,4.1,5.9,,,,2025,10,41,283,0,0,1,0
184,제주,2025-10-11,25.0,22.5,650,28.3,1024,,,,,,,7.7,50,1230,5.7,50,1234,2.2,1886.0,50.0,19.6,58,921,72.5,22.8,1010.4,1015.0,1,1011.1,1459,1012.8,11.5,10.8,1200.0,2.69,18.27,,,,,,1.6,1.6,28.6,20.0,25.6,26.1,25.8,25.7,25.9,25.7,26.8,25.4,22.0,3.5,5.0,,,,2025,10,41,284,0,0,1,0
184,제주,2025-10-12,25.4,22.0,631,29.1,1311,,,,,,,5.8,320,1404,4.1,340,1409,2.1,1790.0,180.0,20.1,61,1016,73.3,23.6,1010.6,1014.2,2207,1011.6,311,1013.0,11.5,7.1,1100.0,2.61,15.15,,,,,,3.5,3.5,27.8,19.9,25.9,26.4,26.2,26.0,26.0,25.7,26.8,25.4,22.0,3.0,4.3,0.0,,,2025,10,41,285,0,0,1,0
184,제주,2025-10-13,26.9,23.9,628,31.0,1415,0.0,,0.0,,0.1,0.0,9.7,270,1506,5.8,270,1512,2.2,1928.0,20.0,20.5,47,1449,69.0,24.1,1011.5,1014.9,1016,1012.7,1418,1013.9,11.4,8.7,1200.0,2.43,16.11,,,,,,3.3,3.3,30.4,22.2,27.0,27.2,26.9,26.3,26.2,25.7,26.8,25.6,22.1,3.6,5.1,9.5,{비}0207-0213.,,2025,10,42,286,0,0,1,0
184,제주,2025-10-14,24.1,23.1,1934,25.8,1,4.5,453.0,9.1,403.0,2.23,9.5,9.5,340,631,5.2,320,553,2.5,2170.0,320.0,19.6,63,1344,76.8,22.9,1013.2,1018.0,2222,1012.6,327,1015.6,11.4,0.2,1300.0,1.58,6.05,,,,,,8.8,6.3,24.1,22.6,25.8,26.7,26.5,26.4,26.5,25.8,26.7,25.7,22.4,1.7,2.4,0.0,{비}0303-{소나기}0404-{비}0418-0510. {박무}0326-0503. {비}1601-1608.,,2025,10,42,287,0,0,1,1
184,제주,2025-10-15,24.4,22.9,443,27.5,1523,0.3,1815.0,0.5,1733.0,5.37,0.5,10.0,70,1528,5.1,50,1256,2.5,2128.0,70.0,20.9,69,1526,81.0,24.7,1014.1,1018.1,903,1014.9,2400,1016.5,11.4,2.6,1400.0,1.5,9.29,,,,,,7.3,6.3,25.3,22.7,25.7,26.3,26.1,26.1,26.3,25.8,26.7,25.4,22.1,2.2,3.2,7.4,{비}0325-0355. {박무}0338-0348. {안개비}0645-{비}0853-{비}{강도0}0900-0912. {비}1733-{비}{강도0}1800-1958.,,2025,10,42,288,0,0,1,0
184,제주,2025-10-16,24.2,22.3,2227,26.5,443,1.6,648.0,5.1,605.0,5.32,7.7,11.8,250,637,6.2,270,656,2.9,2499.0,250.0,20.0,71,336,77.9,23.4,1014.3,1019.8,2333,1013.1,412,1016.7,11.3,0.1,1200.0,0.65,2.86,,,,,,8.4,6.9,23.0,20.8,24.8,25.8,25.7,26.0,26.3,25.8,26.7,25.6,22.5,1.4,2.0,0.8,{비}0502-{비}{강도0}0600-{비}{강도0}0900-1005. {박무}0606-0703. {박무}0814-{박무}{강도0}0900-0913. {비}2304-2320.,,2025,10,42,289,0,0,1,1
184,제주,2025-10-17,24.3,22.4,505,26.8,1148,0.0,,0.0,,1.05,0.0,11.6,110,1449,6.2,110,1132,3.3,2826.0,90.0,18.5,56,1251,70.8,21.3,1015.9,1020.5,803,1016.3,2236,1018.3,11.3,3.5,1000.0,2.14,12.18,,,,,,7.1,4.3,23.6,21.0,24.5,25.3,25.2,25.5,25.8,25.6,26.6,25.2,22.1,2.8,4.0,3.5,{비}0110-0145. {비}1810-1838.,,2025,10,42,290,0,0,1,0
184,제주,2025-10-18,22.0,20.1,2046,24.5,304,1.8,625.0,2.5,542.0,7.38,3.8,10.1,20,1609,6.1,20,1612,3.3,2824.0,20.0,17.5,70,1433,75.6,20.1,1015.9,1020.9,2152,1014.6,341,1018.3,11.3,0.0,1200.0,0.53,2.04,,,,,,8.9,7.3,21.3,18.8,23.4,24.7,24.6,25.3,25.7,25.5,26.6,25.5,22.4,1.4,2.1,3.1,{비}0538-{비}{강도0}0600-{비}{강도0}0900-1115. {박무}0607-0638. {박무}0816-{박무}{강도0}0900-0923. {비}1445-{비}{강도0}1500-1519. {비}1543-1655.,,2025,10,42,291,0,0,1,1
184,제주,2025-10-19,21.3,19.4,2324,23.1,1016,0.9,437.0,2.5,426.0,10.92,4.7,13.9,50,1106,7.7,70,845,4.9,4265.0,70.0,16.5,68,1042,74.1,18.7,1018.2,1023.1,2341,1019.1,529,1020.6,11.2,0.0,1100.0,0.67,2.51,,,,,,10.0,7.1,20.4,19.0,22.2,23.5,23.4,24.5,25.1,25.3,26.4,24.8,21.9,2.3,3.3,1.9,{비}0243-0545. {박무}0421-0528. {비}0622-{비}{강도0}0900-0910. {비}0945-1010. {비}1045-1105. {비}1502-{비}{강도0}1800-1852. {박무}1647-1703. {박무}1742-1757. {비}2035-{비}{강도0}2100-2105.,,2025,10,42,292,0,0,1,1
184,제주,2025-10-20,17.8,16.4,723,20.5,1402,,,,,,,13.7,20,39,7.8,20,236,4.1,3551.0,360.0,10.1,40,1419,61.3,12.4,1022.0,1025.6,903,1022.9,11,1024.5,11.2,5.7,1200.0,2.55,12.42,,,,,,6.6,4.4,18.7,15.4,20.9,22.4,22.3,23.7,24.4,24.9,26.0,24.6,21.8,3.0,4.3,,,,2025,10,43,293,0,0,1,0
184,제주,2025-10-21,18.1,17.4,2045,19.1,1105,0.0,,0.0,,3.55,0.0,11.6,50,444,7.4,20,1606,4.9,4268.0,20.0,12.5,64,1,70.1,14.5,1022.8,1026.3,941,1024.3,401,1025.3,11.2,0.0,1000.0,0.57,2.8,,,,,,9.8,7.1,17.3,16.7,19.8,21.4,21.3,23.0,23.7,24.4,25.8,24.4,21.7,1.9,2.7,0.0,{비}0945-1026. {비}1414-1425. {비}1453-{비}{강도0}1500-1513. {비}1555-1626. {비}1805-1820. {비}1845-2020.,,2025,10,43,294,0,0,1,0
184,제주,2025-10-22,19.9,17.4,1,21.7,1416,0.0,,0.0,,0.82,0.0,13.8,50,2336,7.9,50,2323,5.5,4717.0,50.0,14.0,61,1453,69.3,16.0,1021.9,1025.6,1,1023.3,1424,1024.3,11.1,1.5,1400.0,1.59,8.38,,,,,,7.9,7.3,19.6,17.4,20.1,21.1,21.0,22.3,23.1,23.9,25.5,24.3,21.6,3.1,4.5,0.0,{비}2105-2126. {비}2214-2227. {비}2318-2330. {비}2357-{비}{강도0}2400-,,2025,10,43,295,0,0,1,0
184,제주,2025-10-23,20.7,19.3,2340,23.6,1235,0.0,,0.0,,0.27,0.0,13.0,50,210,8.2,20,2204,5.6,4836.0,50.0,13.5,44,1644,63.9,15.5,1021.9,1025.6,2137,1023.3,400,1024.4,11.1,6.3,1200.0,2.43,13.45,,,,,,5.4,5.4,21.1,16.9,21.0,21.8,21.7,22.3,22.9,23.6,25.3,24.2,21.6,4.1,5.9,,-{비}-0016.,,2025,10,43,296,0,0,1,0
184,제주,2025-10-24,20.7,18.6,2226,23.4,1318,0.0,,0.0,,0.67,0.0,8.8,50,1234,6.3,20,2,3.6,3110.0,50.0,12.6,48,948,60.5,14.7,1020.7,1025.0,825,1021.9,1417,1023.2,11.1,8.2,1200.0,2.62,15.67,,,,,,4.5,4.3,22.7,16.4,21.2,22.1,22.0,22.4,22.8,23.4,25.2,24.2,21.6,3.6,5.2,0.0,{비}2320-{비}{강도0}2400-,,2025,10,43,297,0,0,1,0
184,제주,2025-10-25,19.4,18.3,2231,21.1,1336,0.0,,0.0,,0.58,0.0,9.9,20,233,6.2,20,236,4.1,3566.0,20.0,13.6,62,1448,69.4,15.6,1017.5,1022.1,4,1018.2,2334,1020.0,11.0,0.7,1300.0,1.17,5.96,,,,,,8.8,6.4,21.1,18.0,20.7,21.8,21.9,22.4,22.9,23.3,25.0,24.1,21.5,2.5,3.6,0.0,-{비}-0035.,,2025,10,43,298,0,0,1,0
184,제주,2025-10-26,18.3,17.1,549,21.2,1336,0.0,,0.0,,5.12,0.0,12.9,360,1728,7.6,20,544,4.9,4205.0,340.0,8.9,40,1304,55.0,11.4,1016.0,1019.7,2051,1017.1,1418,1018.5,11.0,3.4,1200.0,2.4,9.67,,,,,,7.3,4.8,19.6,15.2,19.9,21.1,21.3,22.0,22.6,23.1,24.9,24.1,21.5,3.6,5.1,0.0,{비}0209-0243. {비}0405-0425. {비}0524-0553. {비}0613-0641. {비}0709-{비}{강도0}0900-1025.,,2025,10,43,299,0,0,1,0
184,제주,2025-10-27,15.9,14.1,1832,18.2,124,0.0,,0.0,,1.72,0.0,15.3,20,507,8.6,360,512,4.9,4239.0,340.0,5.6,41,1522,50.8,9.2,1019.7,1024.2,2223,1019.1,329,1022.2,11.0,3.3,1100.0,1.92,9.87,,,,,,7.0,6.8,19.1,12.8,18.6,20.0,20.4,21.5,22.1,22.8,24.7,24.2,21.8,3.6,5.2,,{비}0323-0506.,,2025,10,44,300,0,0,1,0
184,제주,2025-10-28,14.2,11.6,2251,17.4,1615,,,,,,,12.0,20,140,7.8,20,145,3.8,3260.0,20.0,2.4,33,1657,45.1,7.3,1024.2,1028.1,2210,1023.9,1,1026.7,11.0,8.3,1200.0,2.51,15.34,,,,,,3.3,3.1,19.2,8.4,18.0,19.1,19.5,20.8,21.5,22.4,24.3,24.0,21.5,3.4,4.9,,,,2025,10,44,301,0,0,1,0
184,제주,2025-10-29,15.5,11.4,148,19.6,1313,,,,,,,10.3,50,1323,5.6,50,1351,2.9,2474.0,160.0,5.8,38,1037,52.8,9.4,1024.3,1028.6,858,1025.4,1626,1026.8,10.9,10.1,1200.0,2.54,16.09,,,,,,1.4,0.6,17.6,7.8,17.4,18.5,18.7,20.1,20.9,22.3,24.3,24.0,21.5,3.4,4.9,,,,2025,10,44,302,0,0,1,0
184,제주,2025-10-30,18.0,15.1,1,21.0,1243,0.0,,0.0,,0.4,0.0,8.6,70,1123,4.9,50,1130,2.3,1998.0,140.0,10.4,42,1216,62.4,12.7,1020.8,1025.6,49,1021.1,2359,1023.3,10.9,4.8,1200.0,2.03,9.79,,,,,,8.4,3.4,18.7,11.1,18.2,19.0,19.1,19.9,20.6,21.3,24.1,24.0,21.5,2.3,3.3,0.0,{비}2125-2149.,,2025,10,44,303,0,0,1,0
184,제주,2025-10-31,18.6,16.3,2156,21.7,1332,0.0,,0.0,,2.05,0.0,8.9,320,2335,5.3,320,2311,2.7,2324.0,320.0,10.7,30,1534,60.8,13.0,1013.7,1021.1,1,1013.9,2358,1016.1,10.9,4.9,1200.0,1.71,9.46,,,,,,5.8,4.1,19.6,12.1,19.1,19.7,19.5,20.1,20.7,21.9,23.9,24.0,21.5,3.4,4.8,0.5,{비}0055-0225. {비}0940-1013.,,2025,10,44,304,0,0,1,0
184,제주,2025-11-01,17.8,16.6,713,20.1,1340,,,,,1.32,0.5,13.8,320,432,7.9,320,349,5.8,4984.0,320.0,7.6,41,1604,51.9,10.5,1013.6,1018.3,2303,1013.6,52,1016.1,10.8,6.0,1100.0,1.98,11.95,,,,,,5.8,4.9,17.9,12.8,18.3,19.2,18.9,20.1,20.8,21.6,23.3,23.9,21.8,4.1,5.8,,{비}0010-0111. {비}0302-0320.,,2025,11,44,305,0,0,1,0
184,제주,2025-11-02,16.3,13.0,2351,20.1,1151,,,,,,,14.8,320,1426,8.4,340,1439,5.7,4919.0,320.0,6.2,34,1024,51.5,9.5,1018.2,1025.1,2348,1017.0,509,1020.7,10.8,4.7,1100.0,2.29,11.65,,,,,,6.4,5.1,18.3,12.3,18.1,18.8,18.6,19.9,20.5,21.4,22.8,23.7,21.8,4.1,5.8,,{연무}0701-0831.,,2025,11,44,306,0,0,1,0
184,제주,2025-11-03,13.0,11.2,808,15.4,1502,,,,,,,13.2,20,130,6.9,360,139,3.5,3015.0,20.0,3.9,40,1306,54.6,8.2,1024.3,1028.9,934,1025.1,2,1026.8,10.8,8.6,1200.0,2.47,15.36,,,,,,5.5,3.8,16.4,10.0,17.2,18.3,18.0,19.5,20.2,20.9,22.4,23.7,21.5,2.7,3.9,,,,2025,11,45,307,0,0,1,0
184,제주,2025-11-04,16.5,12.5,1,19.0,1308,,,,,,,6.6,20,1305,4.2,20,1313,1.9,1615.0,160.0,10.7,62,1041,68.8,12.9,1022.0,1026.3,126,1023.1,1741,1024.5,10.7,0.8,1200.0,1.25,6.55,,,,,,9.0,5.8,17.7,11.6,17.6,18.4,18.1,19.2,19.9,20.8,22.4,23.7,21.5,1.7,2.4,,{달코로나}2355-,,2025,11,45,308,0,0,1,0
184,제주,2025-11-05,17.8,14.9,728,21.3,1317,,,,,,,8.5,70,1510,5.2,70,1225,2.7,2295.0,140.0,10.7,48,1030,63.8,12.9,1019.2,1023.3,1,1019.7,1439,1021.7,10.7,7.9,1200.0,2.22,13.24,,,,,,3.6,2.9,21.7,12.3,18.2,18.8,18.5,19.2,16.3,17.5,17.1,19.1,19.8,2.8,4.0,,-{달코로나}-0015. {달코로나}0255-0420.,,2025,11,45,309,0,0,1,0
184,제주,2025-11-06,18.2,15.5,658,22.1,1221,,,,,,,7.6,50,1255,4.7,50,1303,2.3,2016.0,140.0,9.8,39,1243,59.6,12.2,1019.6,1023.5,909,1020.8,1613,1022.1,10.7,8.7,1200.0,2.36,14.31,,,,,,3.9,1.3,19.5,12.8,18.7,19.2,18.9,19.3,19.8,20.6,22.5,23.6,21.4,3.3,4.7,,{달코로나}1920-2220.,,2025,11,45,310,0,0,1,0
184,제주,2025-11-07,19.0,16.5,553,22.8,1139,,,,,,,10.9,50,1323,6.0,70,1144,2.5,2137.0,140.0,11.4,45,1528,62.0,13.5,1019.9,1024.0,852,1021.0,1615,1022.4,10.7,5.6,1100.0,2.02,10.86,,,,,,3.5,1.9,19.4,13.2,18.8,19.4,19.1,19.5,19.9,20.5,22.5,23.6,21.4,2.6,3.7,,{달코로나}0130-0520.,,2025,11,45,311,0,0,1,0
184,제주,2025-11-08,17.9,16.8,500,19.5,935,,,,,13.0,37.6,10.7,70,1926,6.3,70,1927,3.0,2564.0,70.0,13.6,64,255,76.8,15.6,1016.4,1022.1,858,1016.0,2135,1018.9,10.6,0.0,1200.0,0.36,1.48,,,,,,8.3,4.8,16.9,13.4,17.9,18.7,18.4,19.3,19.9,20.4,22.4,23.5,21.4,1.0,1.4,40.3,{달코로나}0330-0410. {비}0947-1135. {비}1248-{비}{강도0}1500-{비}{강도1}1800-{비}{강도1}2100-{비}{강도0}2400- {박무}1325-{박무}{강도0}1500-{박무}{강도1}1800-{박무}{강도1}2100-{박무}{강도0}2400-,,2025,11,45,312,0,0,1,1
184,제주,2025-11-09,17.3,16.1,323,21.0,1351,,,,,6.25,2.7,8.8,50,800,6.0,20,254,3.4,2965.0,320.0,10.8,40,2310,67.0,13.2,1014.9,1019.4,2309,1015.0,626,1017.4,10.6,4.0,1200.0,2.18,9.93,,,,,,7.9,6.8,16.9,14.1,18.5,19.1,18.9,19.1,19.6,20.3,22.6,23.4,21.4,3.1,4.4,,-{비}-{비}{강도0}0300-0607. -{박무}-{박무}{강도0}0300-0351. {비}0713-0721. {달코로나}2355-,,2025,11,45,313,0,0,1,1
184,제주,2025-11-10,14.5,10.3,2333,17.3,1533,,,,,,,11.3,320,343,6.6,20,753,4.0,3472.0,340.0,4.0,35,1158,50.5,8.2,1017.4,1021.4,1048,1018.8,238,1019.9,10.6,8.5,1200.0,2.44,14.54,,,,,,2.4,2.4,14.3,9.1,16.8,18.1,17.8,19.0,19.6,20.3,22.3,23.3,21.4,3.5,5.0,,-{달코로나}-0200.,,2025,11,46,314,0,0,1,0
184,제주,2025-11-11,13.6,10.2,10,17.1,1408,,,,,,,8.4,360,232,5.0,20,433,2.5,2189.0,20.0,4.2,38,1339,54.0,8.3,1018.4,1022.2,2118,1019.6,1336,1020.9,10.5,6.8,1200.0,2.28,12.89,,,,,,4.4,3.6,13.5,8.8,15.3,16.6,16.2,18.1,19.0,20.1,22.2,23.3,21.4,2.7,3.9,,,,2025,11,46,315,0,0,1,0
184,제주,2025-11-12,15.4,12.6,8,18.1,1033,,,,,,,9.0,20,1220,5.0,70,1014,2.2,1884.0,70.0,9.1,55,1,66.4,11.6,1018.5,1022.7,1009,1019.7,1514,1021.0,10.5,0.1,1000.0,0.82,3.58,,,,,,9.0,6.9,13.7,10.1,15.2,16.3,15.9,17.6,18.5,19.9,22.2,23.2,21.4,1.3,1.9,,,,2025,11,46,316,0,0,1,0
184,제주,2025-11-13,15.9,13.4,729,20.0,1328,,,,,,,9.1,360,2229,4.8,360,2323,2.4,2043.0,180.0,7.2,28,1300,57.6,10.2,1016.6,1020.9,942,1017.3,1535,1019.1,10.5,5.1,1300.0,2.23,10.96,,,,,,5.6,2.4,16.6,11.4,16.1,16.7,16.5,17.4,18.2,19.6,22.0,23.2,21.4,2.9,4.2,,,,2025,11,46,317,0,0,1,0
184,제주,2025-11-14,14.3,11.0,2348,18.5,1418,,,,,,,7.0,20,37,4.3,320,1456,2.6,2285.0,320.0,5.8,41,1359,57.6,9.2,1018.7,1023.6,2324,1018.8,121,1021.2,10.5,7.8,1200.0,2.34,13.69,,,,,,2.1,1.4,15.0,9.0,15.7,16.6,16.3,17.4,18.2,19.5,21.9,23.1,21.3,2.7,3.9,,,,2025,11,46,318,0,0,1,0
184,제주,2025-11-15,13.9,9.5,658,18.9,1426,,,,,,,7.3,50,1521,4.5,70,1513,2.4,2070.0,160.0,6.0,38,1100,60.4,9.4,1023.1,1026.8,2206,1023.5,15,1025.6,10.4,9.1,1200.0,2.35,14.22,,,,,,0.6,0.6,14.1,7.8,14.9,16.0,15.6,17.1,17.9,19.4,21.7,23.1,21.3,3.0,4.3,,,,2025,11,46,319,0,0,1,0
184,제주,2025-11-16,16.2,11.2,550,21.9,1216,,,,,,,6.1,20,1450,4.0,50,1436,2.1,1810.0,160.0,8.9,45,944,62.5,11.8,1023.1,1027.0,1010,1024.0,1426,1025.5,10.4,7.2,1200.0,2.17,12.82,,,,,,3.3,2.9,15.7,8.1,15.6,16.2,15.9,16.8,17.6,19.2,21.6,23.0,21.3,2.7,3.9,,,,2025,11,46,320,0,0,1,0
184,제주,2025-11-17,12.2,9.5,2301,16.2,131,,,,,,,13.7,360,511,8.6,360,514,4.5,3888.0,340.0,4.1,48,1023,57.9,8.4,1025.3,1029.3,2236,1025.6,1,1027.8,10.4,0.9,1000.0,1.06,3.72,,,,,,8.1,7.0,13.1,9.7,15.0,16.3,15.9,17.2,17.9,19.1,21.7,22.9,21.2,2.4,3.5,0.0,{연무}0441-0538.,,2025,11,47,321,0,0,1,0
184,제주,2025-11-18,10.3,8.7,2306,11.9,1234,,,,,11.43,2.9,14.3,320,824,7.9,320,2305,5.5,4793.0,340.0,2.3,44,1904,58.3,7.2,1023.9,1028.8,10,1024.8,1707,1026.5,10.4,0.1,1200.0,0.79,2.36,,,,,,10.0,8.5,10.5,7.4,12.6,14.2,13.9,16.3,17.7,19.2,21.3,22.6,21.3,2.0,2.9,5.4,{비}0217-0250. {비}0439-0535. {비}0551-{비}{강도0}0600-0605. {비}0703-{비}{강도0}0900-0902. {비}1040-1156. {비}1435-{비}{강도0}1500-1523. {비}1713-{비}{강도0}1800-1833. {비}1940-{비}{강도0}2100-{싸락우박}2258-{비}2302-{비}{강도0}2400-,,2025,11,47,322,0,0,1,1
184,제주,2025-11-19,10.4,8.2,515,13.1,1018,,,,,9.2,4.5,14.0,320,53,8.0,320,148,4.0,3455.0,340.0,3.7,50,1021,63.6,7.9,1023.0,1027.2,938,1024.3,1510,1025.6,10.3,1.1,1100.0,0.99,4.25,,,,,,8.1,7.8,8.8,7.7,11.1,12.5,12.2,15.5,17.1,18.8,21.0,22.7,21.2,1.5,2.2,2.0,-{싸락우박}-{싸락우박}0048-{비}0052-0206. {비}0333-0545. {비}1040-{비}{강도0}1200-1230. {비}1525-1608. {비}1952-{비}{강도0}2100-2213.,,2025,11,47,323,0,0,1,1
184,제주,2025-11-20,12.5,9.8,614,15.0,1221,,,,,,,10.0,20,8,5.4,290,1807,3.3,2823.0,270.0,4.6,45,1224,59.0,8.5,1023.4,1027.3,820,1024.6,1550,1025.9,10.3,0.3,1100.0,0.9,4.38,,,,,,7.1,7.1,9.4,8.0,11.5,12.5,12.2,15.1,16.6,18.5,20.8,22.7,21.2,2.0,2.9,,,,2025,11,47,324,0,0,1,0
184,제주,2025-11-21,13.2,11.3,1954,16.2,1413,,,,,,,9.9,340,510,5.3,340,421,3.2,2771.0,320.0,4.5,41,1315,56.0,8.4,1023.6,1027.2,1041,1024.4,427,1026.1,10.3,6.8,1200.0,2.14,11.59,,,,,,5.3,4.8,11.1,8.8,12.5,13.2,13.0,15.1,16.4,18.2,20.4,22.6,21.2,2.5,3.6,,,,2025,11,47,325,0,0,1,0
184,제주,2025-11-22,12.3,9.1,2359,16.5,1310,,,,,,,5.7,50,1252,3.4,20,939,2.1,1800.0,180.0,4.6,47,1516,60.0,8.5,1023.6,1027.6,905,1024.9,2400,1026.1,10.3,6.7,1100.0,2.08,11.08,,,,,,4.5,3.8,11.6,7.2,12.8,13.7,13.4,15.2,16.3,17.7,20.2,22.6,21.2,2.2,3.1,,,,2025,11,47,326,0,0,1,0
184,제주,2025-11-23,13.5,8.6,128,19.4,1455,,,,,,,7.1,250,1754,4.4,250,1758,2.6,2271.0,180.0,4.9,40,1409,56.9,8.7,1020.2,1024.9,1,1020.5,2237,1022.7,10.3,8.9,1200.0,2.19,13.3,,,,,,2.5,2.0,11.4,6.2,12.6,13.4,13.1,15.0,16.1,17.7,20.1,22.5,21.1,3.0,4.2,,,,2025,11,47,327,0,0,1,0
184,제주,2025-11-24,16.8,13.8,1,21.3,1321,,,,,,,7.7,340,1438,4.4,320,1508,2.8,2439.0,230.0,8.2,44,1156,57.5,10.9,1015.9,1021.1,53,1016.2,2344,1018.4,10.2,5.1,1200.0,1.89,9.99,,,,,,6.8,5.1,15.3,11.1,14.4,14.7,14.5,15.3,16.1,17.4,20.0,22.5,21.1,2.9,4.1,4.2,,,2025,11,48,328,0,0,1,0
184,제주,2025-11-25,12.5,10.1,838,15.7,624,,,,,1.17,4.2,20.4,290,833,9.9,320,837,6.0,5190.0,320.0,3.8,38,1126,56.1,8.2,1016.3,1023.4,2313,1014.7,419,1018.8,10.2,1.2,1200.0,1.18,4.71,,,,,,7.4,7.0,9.7,2.6,12.8,14.1,13.8,15.5,16.5,17.4,19.8,21.7,21.1,2.8,4.0,0.0,{연무}0538-{연무}{강도0}0600-0651. {소나기}0620-{우박}(d 1.0)0628-{소나기}0633-0650. {연무}0746-0847. {소나기}0830-{싸락우박}0832-{소나기}0839-0850. {비}1350-1410.,,2025,11,48,329,0,0,1,1
184,제주,2025-11-26,10.9,8.7,2400,13.8,1155,,,,,,,9.6,20,45,5.4,320,3,2.8,2462.0,320.0,2.0,42,1158,54.8,7.1,1021.9,1026.9,1002,1023.0,2353,1024.5,10.2,4.3,1100.0,1.87,8.71,,,,,,5.1,5.1,9.9,7.0,12.3,13.3,13.0,14.9,15.9,17.4,19.3,22.1,21.1,2.0,2.9,0.6,,,2025,11,48,330,0,0,1,0
184,제주,2025-11-27,12.1,8.7,1,16.7,1019,,,,,3.63,0.6,17.5,340,2109,10.2,250,1025,6.0,5198.0,320.0,3.0,35,1134,54.4,7.7,1016.2,1023.3,16,1016.3,1009,1018.7,10.2,2.5,1000.0,1.09,4.36,,,,,,7.0,5.9,9.2,6.9,11.4,12.6,12.3,14.4,15.6,17.1,19.2,21.5,21.0,3.2,4.5,0.0,{소나기}0717-0810. {소나기}1125-1143. {황사}1220-{황사}{강도0}1500-{황사}{강도0}1800-{황사}{강도0}2100-2210. {소나기}1257-1315. {비}2011-{비}{강도0}2100-2127. {비}2225-2234. {비}2316-{비}{강도0}2400-,,2025,11,48,331,0,0,1,0
184,제주,2025-11-28,10.0,6.3,2355,13.7,1408,,,,,0.37,0.0,14.4,340,12,7.6,340,15,3.5,3055.0,320.0,0.9,42,1410,54.1,6.5,1018.6,1022.6,1003,1020.2,435,1021.1,10.2,5.0,1300.0,1.62,8.93,,,,,,4.0,4.0,10.4,4.0,11.6,12.5,12.2,14.1,15.2,16.7,18.6,21.7,21.0,1.8,2.6,,-{비}-0008. {비}0109-0123.,,2025,11,48,332,0,0,1,0
184,제주,2025-11-29,11.9,5.5,537,18.5,1503,,,,,,,5.5,50,1359,3.9,50,1335,2.2,1938.0,160.0,4.0,38,1107,59.6,8.2,1015.5,1020.8,1,1015.9,1433,1018.0,10.1,8.6,1200.0,2.11,12.36,,,,,,0.3,0.3,10.3,3.5,11.2,12.1,11.7,13.6,14.7,16.5,18.7,22.0,21.0,2.7,3.9,,,,2025,11,48,333,0,0,1,0
184,제주,2025-11-30,16.6,10.8,225,23.0,1320,,,,,,,11.2,270,1500,6.5,250,1457,3.3,2892.0,230.0,7.8,37,1406,57.4,10.7,1014.0,1017.7,914,1014.3,1349,1016.4,10.1,8.5,1200.0,2.09,12.47,,,,,,0.6,0.3,13.6,7.4,13.1,13.4,13.1,13.8,14.7,16.3,18.7,22.0,20.9,3.3,4.8,,,,2025,11,48,334,0,0,1,0
184,제주,2025-12-01,13.0,8.3,2328,16.5,8,,,,,,,9.9,50,948,6.2,20,806,2.9,2514.0,360.0,4.6,35,1528,58.5,8.8,1016.5,1020.9,952,1016.9,4,1019.0,10.1,5.8,1200.0,1.77,9.12,,,,,,3.5,2.0,12.8,5.5,13.3,14.0,13.6,14.5,15.2,16.1,18.7,21.9,20.9,2.3,3.2,,{연무}0625-{연무}{강도0}0900-1015.,,2025,12,49,335,0,0,1,0
184,제주,2025-12-02,9.6,7.0,2349,12.2,1208,,,,,0.22,0.0,15.7,20,2029,9.3,20,2018,4.6,3956.0,360.0,0.6,39,1435,54.4,6.5,1019.3,1024.8,2324,1019.2,326,1021.9,10.1,5.6,1100.0,1.96,9.57,,,,,,5.8,3.0,9.5,6.1,11.3,12.5,12.1,14.1,15.0,16.3,19.0,21.9,20.9,2.7,3.8,0.5,{비}2347-{비}{강도0}2400-,,2025,12,49,336,0,0,0,0
184,제주,2025-12-03,6.4,4.4,1714,8.9,1107,,,,,14.88,1.6,19.1,340,1344,10.6,320,1438,6.6,5696.0,320.0,-0.2,39,1552,63.1,6.0,1022.1,1027.1,2101,1022.7,518,1024.7,10.1,0.9,1200.0,0.83,3.43,,,,,,8.8,8.4,6.2,4.2,9.4,11.1,10.8,13.4,14.9,16.7,19.1,21.4,20.8,1.7,2.4,1.1,-{비}-0055. {비}0352-{비}{강도0}0600-{비}{강도0}0900-0958. {비}1135-{싸락우박}1156-1159. {비}1220-{싸락우박}1227-{비}1230-1238. {비}1342-{싸락눈}1414-{싸락눈}{강도0}1500-1508. {싸락눈}1553-{싸락눈}{강도0}1800-1810. {비}1840-{비}{강도0}2100-2120. {비}2203-2240. {비}2350-{비}{강도0}2400-,,2025,12,49,337,0,0,0,1
184,제주,2025-12-04,8.5,5.3,447,10.6,2349,,,,,5.2,0.0,13.5,290,2205,7.2,290,2309,4.4,3776.0,290.0,-1.2,38,1954,51.5,5.6,1023.3,1027.2,232,1024.8,1512,1025.9,10.1,0.1,1200.0,0.68,2.97,,,,,,8.6,8.6,6.4,4.9,8.9,10.2,9.8,12.5,14.3,16.5,18.4,21.4,20.9,2.5,3.5,0.0,-{비}-0020. {비}0110-{비}{강도0}0300-0457. {비}0525-0555. {비}0655-0730.,,2025,12,49,338,0,0,0,0
184,제주,2025-12-05,7.3,3.9,2253,10.8,143,,,,,0.2,0.0,15.5,340,157,8.4,320,159,4.5,3890.0,360.0,-2.3,39,1320,50.9,5.2,1024.1,1029.6,1027,1024.9,2400,1026.7,10.1,3.0,1100.0,1.59,7.53,,,,,,6.3,6.3,7.6,2.1,9.4,10.5,10.2,12.3,14.0,15.9,17.8,21.4,20.7,1.7,2.4,,{비}0138-0150.,,2025,12,49,339,0,0,0,0
184,제주,2025-12-06,10.7,4.1,32,15.8,1443,,,,,,,9.7,270,1603,5.9,270,1431,3.1,2693.0,180.0,3.0,40,1302,60.3,7.6,1019.9,1024.9,1,1020.4,1536,1022.5,10.0,8.3,1200.0,2.04,11.91,,,,,,3.8,3.8,9.5,2.4,9.7,10.5,10.2,12.0,13.5,15.6,17.8,21.6,20.8,3.0,4.3,,,,2025,12,49,340,0,0,1,0
184,제주,2025-12-07,14.7,12.0,502,18.5,1443,,,,,,,9.8,270,1421,5.7,290,1414,3.7,3200.0,200.0,5.8,43,1108,55.5,9.2,1019.3,1023.0,1003,1020.6,1355,1021.8,10.0,7.8,1200.0,1.82,10.87,,,,,,2.1,2.1,12.3,6.9,11.7,12.0,11.8,12.4,13.5,15.2,17.7,21.5,20.7,3.1,4.5,,,,2025,12,49,341,0,0,1,0
184,제주,2025-12-08,11.0,7.8,2206,14.1,1,,,,,,,10.8,20,244,5.8,20,755,3.9,3379.0,360.0,-0.1,31,1245,46.9,6.1,1024.0,1028.3,2003,1022.4,8,1026.5,10.0,7.3,1200.0,2.05,10.97,,,,,,3.3,2.4,10.9,5.3,11.7,12.4,12.1,13.0,13.8,15.0,17.6,21.3,20.7,2.8,4.0,,{연무}0027-0249.,,2025,12,50,342,0,0,1,0
184,제주,2025-12-09,8.8,7.0,2351,12.3,1359,,,,,,,8.1,360,443,4.7,360,456,2.7,2305.0,360.0,-0.4,37,1306,52.6,5.9,1025.0,1028.6,823,1026.7,1537,1027.6,10.0,8.0,1200.0,2.07,11.76,,,,,,4.4,2.3,9.6,1.1,10.4,11.4,11.0,12.7,13.7,15.3,17.8,21.4,20.7,2.3,3.3,,{채운}1555-1616.,,2025,12,50,343,0,0,0,0
184,제주,2025-12-10,11.3,6.5,39,15.5,1207,,,,,,,8.8,50,1416,5.9,50,1434,2.5,2142.0,160.0,0.3,30,1102,47.3,6.3,1021.5,1027.5,148,1020.4,2400,1024.1,10.0,7.0,1200.0,2.06,10.81,,,,,,8.6,3.5,10.1,1.4,10.3,11.1,10.7,12.3,13.4,15.3,17.6,21.4,20.7,2.8,4.0,6.4,,,2025,12,50,344,0,0,1,0
184,제주,2025-12-11,12.4,8.0,2353,16.0,1308,,,,,4.03,6.4,12.4,320,1455,7.0,290,843,3.7,3235.0,360.0,5.0,45,37,61.6,9.1,1018.7,1027.6,2356,1016.0,611,1021.2,10.0,1.4,1200.0,1.14,4.62,,,,,,6.9,5.4,10.5,4.5,11.9,12.4,12.1,12.7,13.5,15.3,17.7,20.6,20.6,1.8,2.6,,{비}0405-0437. {비}0515-{비}{강도0}0600-0845. {박무}0601-0608. {박무}0727-0823. {연무}1720-{연무}{강도0}1800-1803.,,2025,12,50,345,0,0,1,1
184,제주,2025-12-12,10.0,4.9,706,13.4,1345,,,,,1.42,0.0,9.7,70,1701,5.0,20,24,2.8,2432.0,70.0,3.0,48,217,62.1,7.8,1024.3,1029.0,1007,1024.8,2356,1026.8,10.0,4.9,1200.0,1.87,8.93,,,,,,3.3,3.3,7.6,-0.1,10.3,11.4,11.0,12.5,13.6,15.4,17.7,21.2,20.6,1.8,2.6,0.0,{비}1505-1509. {비}1545-1621. {비}1702-1735. {비}1825-1832. {비}1930-1935.,,2025,12,50,346,0,0,1,0
184,제주,2025-12-13,11.5,7.9,2349,15.5,1034,,,,,7.18,3.3,14.7,320,1821,8.0,340,1830,3.9,3402.0,90.0,6.2,53,1038,70.6,9.5,1017.5,1025.0,9,1016.0,1555,1020.1,10.0,0.5,1000.0,1.23,3.7,,,,,,8.3,6.5,9.8,5.7,11.1,11.7,11.5,12.5,13.5,15.4,17.7,21.2,20.6,1.9,2.7,4.0,{비}1304-1413. {비}1551-{비}{강도0}1800-1924. {박무}1702-1746. {비}2030-{비}{강도0}2100-2132. {비}2215-2240. {비}2258-{비}{강도0}2400-,,2025,12,50,347,0,0,1,1
184,제주,2025-12-14,8.4,7.1,223,9.0,2032,,,,,14.83,0.8,20.9,320,815,10.7,320,256,7.4,6371.0,320.0,0.3,46,728,57.3,6.3,1018.8,1023.7,2253,1018.6,145,1021.4,10.0,0.3,1000.0,0.61,1.57,,,,,,9.6,8.0,6.3,3.4,9.3,10.7,10.3,12.3,13.7,15.4,17.0,19.6,20.1,2.2,3.2,0.1,-{비}-0255. {비}0320-0340. {비}0407-0455. {비}0510-0530. {비}0602-{싸락우박}0814-{비}0816-{비}{강도0}0900-{싸락우박}0911-{비}0913-0922. {비}1127-1136. {비}1247-1346. {비}1433-{비}{강도0}1500-1625. {비}1738-{비}{강도0}1800-1858. {비}2011-2030. {비}2132-{비}{강도0}2400-,,2025,12,50,348,0,0,0,0
184,제주,2025-12-15,8.7,6.0,2248,12.6,1420,,,,,0.28,0.0,12.3,320,31,6.8,320,31,3.3,2843.0,320.0,-0.7,41,1128,52.5,5.8,1022.4,1026.5,1008,1023.5,2,1025.0,10.0,4.9,1200.0,2.13,9.53,,,,,,5.4,5.4,7.2,1.2,9.7,10.5,10.2,11.7,13.2,14.9,16.3,20.5,20.4,2.0,2.8,,-{비}-0009. {비}0050-0058.,,2025,12,51,349,0,0,0,0
184,제주,2025-12-16,12.0,6.3,341,17.7,1348,,,,,,,6.5,250,1622,4.4,290,1427,2.6,2244.0,180.0,3.2,37,1321,56.1,7.7,1019.4,1024.9,1,1020.0,2347,1021.9,10.0,6.3,1300.0,1.67,9.83,,,,,,3.8,3.4,8.7,0.4,10.1,10.7,10.4,11.7,12.8,14.5,16.5,20.8,20.5,2.3,3.3,2.2,,,2025,12,51,350,0,0,1,0
184,제주,2025-12-17,10.9,7.8,2400,14.5,148,,,,,1.75,2.2,11.8,320,300,6.8,360,950,4.4,3819.0,320.0,3.8,46,1536,62.4,8.2,1021.0,1027.4,2246,1019.4,137,1023.5,9.9,1.1,1100.0,0.62,3.38,,,,,,6.4,6.4,9.4,2.9,10.9,11.5,11.3,12.1,12.9,14.2,16.5,20.1,20.4,1.6,2.2,,{비}0135-{비}{강도0}0300-0320. {박무}0157-0258.,,2025,12,51,351,0,0,1,1
184,제주,2025-12-18,8.6,5.5,354,12.9,1543,,,,,,,6.9,360,53,3.6,20,1133,1.9,1656.0,160.0,0.5,40,1512,57.6,6.3,1023.0,1028.1,1000,1023.7,2345,1025.6,10.0,8.4,1200.0,2.03,11.84,,,,,,0.6,0.6,7.2,-0.1,9.7,10.6,10.3,11.8,12.7,14.2,16.3,20.7,20.4,2.1,3.0,,,,2025,12,51,352,0,0,0,0
184,제주,2025-12-19,13.2,7.0,1,19.4,1415,,,,,,,5.7,180,215,3.9,180,218,2.3,1947.0,160.0,7.4,49,1029,69.0,10.5,1018.0,1023.7,1,1018.6,1353,1020.5,9.9,6.4,1200.0,1.91,10.03,,,,,,3.3,3.3,9.9,2.2,10.6,11.0,10.7,11.6,12.7,14.2,16.3,20.7,20.4,2.0,2.8,,,,2025,12,51,353,0,0,1,0
184,제주,2025-12-20,15.3,11.0,2358,20.5,1302,,,,,2.02,1.4,10.2,320,2242,5.8,340,2239,3.1,2709.0,160.0,11.1,64,2332,76.5,13.5,1017.0,1023.6,2333,1016.8,1344,1019.4,9.9,1.7,1200.0,1.44,4.78,,,,,,8.9,7.3,13.7,7.7,13.0,12.9,12.8,12.3,12.8,14.1,16.5,20.6,20.4,1.7,2.5,1.4,{비}0948-{소나기}1036-{비}1050-1055. {박무}1039-1049. {비}1526-1545. {박무}1532-1541. {비}1636-1645. {비}1707-1721. {비}1743-1755. {박무}1751-{박무}{강도0}1800-{박무}{강도0}2100-2242. {연무}2233-2323.,,2025,12,51,354,0,0,1,1
184,제주,2025-12-21,6.8,4.7,2200,11.0,1,,,,,,,13.2,320,349,6.7,340,354,4.7,4062.0,20.0,-1.5,47,1854,55.5,5.5,1025.1,1030.1,2247,1023.5,2,1027.7,9.9,0.6,1200.0,0.89,3.19,,,,,,5.5,4.6,5.9,0.5,10.3,11.8,11.4,12.8,13.5,14.4,16.4,19.8,20.2,1.5,2.2,,,,2025,12,51,355,0,0,0,0
184,제주,2025-12-22,7.6,2.1,724,12.4,1543,,,,,,,9.8,50,1220,5.0,50,1237,2.7,2298.0,140.0,0.3,43,1034,60.8,6.5,1025.0,1029.7,858,1026.1,1416,1027.6,9.9,8.5,1100.0,1.9,10.69,,,,,,2.8,1.0,6.2,-2.7,8.2,9.4,9.0,11.4,12.8,14.5,16.6,20.5,20.3,1.9,2.8,,,,2025,12,52,356,0,0,0,0
184,제주,2025-12-23,13.9,8.9,1,18.2,1302,,,,,,,8.6,90,647,4.4,110,656,1.9,1645.0,140.0,6.0,44,1051,59.4,9.4,1017.7,1026.5,1,1016.3,2340,1020.2,9.9,3.1,1200.0,1.62,7.2,,,,,,8.6,2.0,10.6,2.3,10.4,10.7,10.5,11.2,12.3,14.3,16.7,20.5,20.3,1.6,2.3,0.2,,,2025,12,52,357,0,0,1,0
184,제주,2025-12-24,10.3,8.0,2157,15.5,10,,,,,5.92,0.2,11.0,340,1527,6.3,320,1514,3.9,3369.0,320.0,5.5,57,2300,72.5,9.3,1014.0,1017.9,2007,1015.2,1513,1016.5,9.9,0.0,1100.0,0.05,0.1,,,,,,9.9,8.3,9.7,6.3,11.2,11.8,11.6,12.1,12.8,14.3,16.7,20.1,20.2,1.4,1.9,0.0,{비}0021-0034. {비}0102-0125. {비}0147-{비}{강도0}0300-{안개비}0325-0450. {박무}0220-0229. {박무}0340-0406. {안개비}0520-0557. {비}0618-0702. {비}0911-1006.,,2025,12,52,358,0,0,1,0
184,제주,2025-12-25,6.3,2.9,2318,8.2,204,,,,,10.87,0.0,20.3,340,1516,10.5,320,2341,7.1,6140.0,340.0,-2.0,41,1910,55.6,5.3,1018.3,1024.2,2239,1017.3,53,1020.9,9.9,0.2,1300.0,0.62,2.4,,,,,,9.1,8.6,6.0,0.5,8.6,10.0,9.6,11.6,12.9,14.4,16.3,19.5,20.0,2.2,3.1,0.1,{비}0852-{비}{강도0}0900-1043. {비}1140-{비}{강도0}1200-1224. {비}1334-1355. {소낙성진눈깨비}1430-{소낙성진눈깨비}{강도0}1500-1532. {무지개}1518-1523. {소낙성진눈깨비}1550-1611. {소낙성진눈깨비}1635-{소낙성진눈깨비}{강도0}1800-1958. {소낙성진눈깨비}2010-2025. {소낙성진눈깨비}2047-{소낙성진눈깨비}{강도0}2100-2105. {싸락눈}2123-{소낙눈}2230-{소낙눈}{강도0}2400-,,2025,12,52,359,0,0,0,0
184,제주,2025-12-26,2.3,1.3,515,3.8,49,,,,,11.37,0.1,22.0,320,14,10.6,320,46,6.5,5585.0,360.0,-5.4,46,447,56.8,4.1,1024.1,1028.2,1009,1023.5,47,1026.7,10.0,0.6,1300.0,0.7,3.2,,,,,,8.5,8.0,2.7,-0.4,6.1,7.9,7.6,10.6,12.4,13.7,15.0,19.4,19.9,1.4,1.9,0.0,-{소낙눈}-{소낙눈}{강도0}0300-0422. {소낙눈}0450-{소낙눈}{강도0}0600-{소낙눈}{강도0}0900-1150.,,2025,12,52,360,0,0,0,0
184,제주,2025-12-27,4.9,2.0,1,7.6,1213,,,,,,,8.9,50,51,4.7,20,10,2.4,2090.0,180.0,-3.6,44,1733,54.4,4.7,1023.7,1027.9,944,1024.5,1535,1026.3,9.9,2.1,1100.0,1.7,5.88,,,,,,7.1,7.1,5.0,-0.3,6.4,7.6,7.3,9.7,11.4,13.3,15.4,20.1,20.1,1.4,2.0,,,,2025,12,52,361,0,0,0,0
184,제주,2025-12-28,8.6,3.5,438,13.6,1316,,,,,0.13,0.0,4.8,20,1404,3.5,180,150,2.2,1868.0,180.0,-1.0,36,1053,51.6,5.7,1019.8,1025.5,1,1019.9,2307,1022.4,10.0,6.2,1200.0,1.97,10.03,,,,,,2.6,2.3,7.9,-2.1,7.5,8.2,7.9,9.6,10.9,13.1,15.4,20.1,20.1,2.3,3.2,0.0,{비}1957-2005.,,2025,12,52,362,0,0,0,0
184,제주,2025-12-29,12.6,9.7,342,16.7,1410,,,,,,,10.7,270,1541,6.6,270,1325,3.9,3402.0,200.0,4.3,43,1226,58.1,8.4,1016.6,1020.5,2144,1017.1,1345,1019.1,10.0,6.8,1200.0,1.86,9.62,,,,,,3.6,3.6,10.5,3.8,9.6,9.7,9.6,10.1,11.0,12.8,15.4,20.0,20.1,2.8,4.0,,{박무}2348-{박무}{강도0}2400-,,2025,12,1,363,0,0,1,0
184,제주,2025-12-30,8.2,5.6,2358,11.5,1,,,,,,,10.2,20,49,5.7,20,434,3.2,2752.0,20.0,-2.5,28,1337,48.3,5.2,1020.5,1025.1,1029,1020.1,19,1023.1,10.0,8.3,1300.0,1.96,11.33,,,,,,3.5,1.8,9.4,-1.6,9.9,10.4,10.2,10.8,11.4,12.8,15.6,19.9,20.0,2.6,3.7,,{연무}0203-{연무}{강도0}0300-0352. -{박무}-0226.,,2025,12,1,364,0,0,0,0
184,제주,2025-12-31,4.6,1.9,2400,7.6,206,,,,,,,14.6,20,932,8.6,20,929,5.2,4497.0,20.0,-4.4,26,209,52.6,4.5,1023.5,1027.7,1910,1024.4,112,1026.1,10.0,0.3,1300.0,0.68,3.32,,,,,,7.4,5.9,5.3,-1.3,7.1,8.5,8.0,10.2,11.5,13.2,16.0,19.9,20.0,1.6,2.3,,,,2025,12,1,365,0,0,0,0
184,제주,2026-01-01,2.1,1.1,711,3.9,2359,,,,,3.4,0.4,13.3,320,2249,7.4,320,2255,5.0,4337.0,20.0,-5.0,50,33,59.1,4.2,1022.7,1027.2,1015,1022.6,2400,1025.3,10.0,0.1,1200.0,0.56,2.44,,,,,,8.5,7.6,2.7,-1.3,5.2,6.8,6.4,9.3,11.3,13.7,16.3,20.0,20.0,1.3,1.8,2.8,{눈}1330-1337. {눈}1420-1530. {비}2023-2055. {비}2205-2225. {싸락눈}2245-{진눈깨비}2310-{눈}2335-{진눈깨비}2358-{진눈깨비}{강도0}2400-,,2026,1,1,1,0,0,0,0
184,제주,2026-01-02,2.6,-0.2,729,4.4,2305,,,,,21.82,4.0,20.0,360,33,12.3,360,44,7.3,6299.0,340.0,-2.7,48,1954,68.3,5.0,1022.7,1027.0,2153,1022.3,18,1025.3,10.0,0.0,1200.0,0.22,0.87,1.0,855.0,1.0,855.0,1.0,8.8,8.8,1.0,-0.4,4.2,5.7,5.4,8.6,11.1,13.6,15.3,19.1,19.7,1.6,2.3,1.6,-{싸락눈}-{싸락눈}0033-{진눈깨비}0040-0058. {눈}0230-{진눈깨비}0255-{진눈깨비}{강도0}0300-{눈}0320-{진눈깨비}0356-{소낙눈}0438-{소낙성진눈깨비}0457-{소낙눈}0536-{소낙성진눈깨비}0557-{소낙성진눈깨비}{강도0}0600-{소낙눈}0650-{시정(미만)}{1km}{소낙눈}0715-{시정(이상)}{1km}{소낙눈}0727-{소낙눈}{강도0}0900-0950. ]{용오름}[(W 15)/제주시 애월읍 구엄리 3km 해상/제주MBC0815-0825. {소낙눈}1007-{소낙눈}{강도0}1200-{싸락눈}1238-1243. {싸락눈}1257-{소낙눈}1440-{소낙눈}{강도0}1500-{싸락눈}1543-{소낙눈}1555-{싸락눈}1720-{소낙눈}1730-{소낙눈}{강도0}1800-{소낙성진눈깨비}1815-{소낙눈}1907-{싸락눈}2017-{소낙눈}2021-{싸락눈}2043-{소낙눈}2048-{소낙눈}{강도0}2100-2352.,,2026,1,1,2,0,0,0,1
184,제주,2026-01-03,6.2,4.4,1,8.2,1404,,,,,,,15.7,320,7,8.1,320,115,5.0,4357.0,290.0,-2.7,42,1355,53.0,5.0,1024.9,1028.9,1110,1026.5,22,1027.5,10.0,0.6,1200.0,0.81,3.24,,,,,,8.4,8.4,3.8,2.0,5.4,6.2,5.9,8.2,10.6,12.8,14.0,18.7,19.7,1.7,2.5,,,,2026,1,1,3,0,0,0,0
184,제주,2026-01-04,8.3,5.8,153,9.6,1354,,,,,0.97,0.0,9.1,320,956,5.5,320,1001,3.4,2902.0,290.0,-0.2,47,1216,55.0,6.1,1021.8,1027.2,1,1022.4,2355,1024.4,10.0,0.0,1300.0,0.6,2.62,,,,,,9.1,8.1,5.6,2.7,6.7,7.2,7.0,8.5,10.3,12.2,13.7,18.8,19.8,1.6,2.3,0.1,{비}2302-{비}{강도0}2400-,,2026,1,1,4,0,0,0,0
184,제주,2026-01-05,7.0,4.3,2334,8.9,1,,,,,7.93,0.1,10.6,340,527,6.2,320,552,4.4,3814.0,320.0,-0.8,43,1849,58.0,5.8,1019.8,1025.0,2302,1020.0,521,1022.4,10.0,0.5,1200.0,0.48,2.28,,,,,,6.9,4.9,5.2,-0.4,7.1,7.8,7.6,8.9,10.3,11.8,13.4,18.8,19.7,1.4,2.0,,{박무}0135-0216. -{비}-{비}{강도0}0300-{비}{강도0}0600-0756.,,2026,1,2,5,0,0,0,0
184,제주,2026-01-06,6.4,3.3,811,9.9,1410,,,,,,,7.3,320,2000,4.4,320,2255,2.7,2334.0,290.0,-1.5,40,1351,57.1,5.5,1020.8,1025.0,223,1021.5,1648,1023.4,10.0,7.2,1200.0,2.1,11.74,,,,,,4.6,3.8,5.8,-2.4,6.8,7.4,7.1,8.6,9.9,11.5,13.2,19.3,19.8,2.4,3.5,0.4,,,2026,1,2,6,0,0,0,0
184,제주,2026-01-07,7.9,5.8,2230,9.6,1119,,,,,1.67,0.4,15.5,320,1712,7.9,320,1952,5.8,4988.0,320.0,-1.0,44,134,53.8,5.7,1019.5,1024.6,2252,1020.1,435,1022.1,10.0,0.2,1200.0,0.7,3.35,,,,,,7.4,6.6,5.8,3.5,7.2,7.9,7.7,8.9,9.9,11.2,13.1,17.8,19.5,2.3,3.3,0.0,{비}0335-0420. {비}0720-0736. {비}0832-0838. {연무}0834-{연무}{강도0}0900-{연무}{강도0}1200-{연무}{강도0}1500-1549. {비}1009-1013. {비}2324-2353.,,2026,1,2,7,0,0,0,0
184,제주,2026-01-08,4.3,3.5,1621,5.8,1,,,,,3.73,0.0,15.2,20,804,7.8,320,450,5.0,4285.0,320.0,-4.9,44,29,51.1,4.2,1024.3,1028.2,1944,1024.4,19,1026.9,10.1,0.3,1200.0,1.17,3.62,,,,,,8.6,8.6,4.7,2.6,6.2,7.2,7.0,8.7,9.8,11.0,12.2,18.0,19.5,1.4,2.1,,{비}0317-{소낙성진눈깨비}0406-0530. {소낙성진눈깨비}0613-0708. {소낙성진눈깨비}0813-0849.,,2026,1,2,8,0,0,0,0
184,제주,2026-01-09,7.5,4.3,1,11.4,1551,,,,,,,10.7,250,1758,6.7,250,1804,3.2,2795.0,250.0,-2.2,37,1421,50.9,5.2,1019.8,1027.3,1,1017.3,2355,1022.4,10.1,7.8,1200.0,2.16,12.5,,,,,,4.1,3.5,7.9,0.0,7.2,7.6,7.4,8.4,9.4,10.7,12.3,19.0,19.7,3.0,4.2,,,,2026,1,2,9,0,0,0,0
184,제주,2026-01-10,9.1,3.1,2317,13.1,956,,,,,1.45,0.0,20.6,320,2241,11.1,320,2233,7.1,6115.0,250.0,-0.7,27,1543,50.8,5.9,1015.6,1022.8,2315,1014.8,707,1018.1,10.1,3.5,1300.0,1.19,6.81,,,,,,6.0,4.8,8.4,1.3,7.7,8.2,7.9,8.7,9.5,10.5,12.2,15.8,18.4,3.1,4.4,0.2,{황사}1310-{황사}{강도0}1500-1720. {비}2146-{동우}2207-{비}2220-2244. {비}2306-2324. {싸락눈}2349-{싸락눈}{강도0}2400-,,2026,1,2,10,0,0,0,0
184,제주,2026-01-11,2.6,1.6,137,4.6,1453,,,,,12.67,0.3,21.4,320,1025,11.5,320,216,7.5,6458.0,320.0,-3.5,39,728,64.0,4.7,1022.0,1027.2,1951,1022.3,423,1024.6,10.1,2.3,1300.0,1.61,6.5,,,,,,7.1,7.1,3.1,-0.7,5.5,6.8,6.5,8.5,9.4,10.0,11.1,15.1,17.9,1.5,2.2,0.1,-{소낙성진눈깨비}-{소낙성진눈깨비}0012-{싸락눈}0051-{소낙성진눈깨비}0058-0204. {싸락눈}0338-0353. {소낙성진눈깨비}0429-0438. {소낙성진눈깨비}0519-0546. {소낙성진눈깨비}0622-0641. {소낙성진눈깨비}0803-{소낙눈}0825-{소낙성진눈깨비}0845-{소낙눈}0855-{소낙눈}{강도0}0900-{소낙성진눈깨비}0938-0945. {소낙성진눈깨비}1013-{소낙눈}1023-1036. {소낙눈}1120-{소낙성진눈깨비}1156-{소낙성진눈깨비}{강도0}1200-{소낙눈}1213-1250. {소낙눈}1315-1457. {소낙눈}1629-1736. {소낙눈}2015-{소낙눈}{강도0}2100-2130. {소낙눈}2158-2345.,,2026,1,2,11,0,0,0,0
184,제주,2026-01-12,7.4,2.2,1,11.5,2358,,,,,,,13.0,250,1441,8.1,250,1434,3.8,3268.0,250.0,-1.9,40,1232,52.3,5.4,1016.9,1025.7,1,1013.0,2150,1019.5,10.1,6.1,1200.0,2.05,10.74,,,,,,6.0,5.3,6.3,-2.2,6.5,7.0,6.7,7.9,8.7,9.7,11.3,18.0,19.3,2.8,3.9,,,,2026,1,3,12,0,0,0,0
184,제주,2026-01-13,8.6,4.3,2353,12.3,128,,,,,,,15.2,320,312,8.9,270,129,4.7,4070.0,320.0,-1.0,36,1024,51.3,5.7,1016.2,1023.3,2252,1013.2,35,1018.8,10.2,6.7,1200.0,1.96,10.63,,,,,,2.9,2.9,9.2,-2.0,8.2,8.4,8.1,8.4,8.9,9.5,11.3,16.2,18.8,2.3,3.2,,,,2026,1,3,13,0,0,0,0
184,제주,2026-01-14,7.7,2.1,518,13.4,1436,,,,,,,4.2,50,1454,2.8,20,1447,1.7,1501.0,160.0,-0.1,39,1129,58.6,6.2,1018.8,1024.3,828,1017.6,2355,1021.4,10.2,8.0,1200.0,1.94,11.17,,,,,,2.0,0.3,6.6,-3.6,7.1,7.7,7.3,8.3,8.8,9.5,11.4,17.9,19.3,2.4,3.5,,,,2026,1,3,14,0,0,0,0
184,제주,2026-01-15,13.7,8.4,2358,18.5,1501,,,,,0.52,0.0,16.9,200,417,9.1,250,1230,4.7,4049.0,250.0,6.6,43,1526,63.4,9.9,1013.8,1018.9,2226,1013.7,1451,1016.3,10.2,5.7,1200.0,1.59,8.84,,,,,,3.5,1.6,11.4,1.4,9.6,9.3,9.1,8.7,9.0,9.6,11.6,15.6,18.1,2.4,3.4,0.0,{비}1104-1135. {연무}1635-{연무}{강도0}1800-{연무}{강도1}2100-{연무}{강도0}2400-,,2026,1,3,15,0,0,1,0
184,제주,2026-01-16,11.1,5.5,524,17.7,1424,,,,,,,5.0,320,1303,3.4,320,1344,2.0,1688.0,160.0,0.5,24,711,50.0,6.8,1015.4,1018.9,259,1016.5,1458,1017.9,10.2,8.7,1200.0,2.22,13.03,,,,,,0.8,0.6,8.9,-1.8,9.1,9.3,9.0,9.2,9.5,9.7,11.7,17.7,19.2,2.6,3.6,,-{연무}-0043.,,2026,1,3,16,0,0,1,0
184,제주,2026-01-17,8.6,5.9,2333,11.3,118,,,,,,,7.9,320,227,4.3,360,246,2.3,1989.0,20.0,2.0,46,205,63.5,7.1,1017.1,1020.8,1023,1018.5,1,1019.6,10.2,4.1,1400.0,1.56,7.2,,,,,,3.5,2.9,8.9,-0.3,8.9,9.4,9.0,9.4,9.7,9.9,12.0,18.0,19.3,1.5,2.1,,{연무}1055-{연무}{강도0}1200-{연무}{강도0}1500-1522.,,2026,1,3,17,0,0,0,0
184,제주,2026-01-18,10.6,5.5,128,15.5,1442,,,,,,,8.6,50,2247,5.6,20,2343,2.5,2166.0,160.0,3.7,44,1008,62.8,8.3,1016.5,1020.7,934,1017.2,1442,1019.1,10.2,5.5,1200.0,1.98,10.13,,,,,,3.5,3.5,8.6,-1.3,8.5,8.9,8.5,9.1,9.6,10.1,12.2,18.1,19.3,1.8,2.6,,{박무}2227-2332.,,2026,1,3,18,0,0,1,0
184,제주,2026-01-19,6.1,2.2,2231,11.8,2,,,,,,,12.4,320,1534,6.8,320,1535,3.8,3294.0,340.0,0.5,57,2143,67.0,6.5,1020.2,1025.0,1855,1019.3,151,1022.8,10.3,0.1,1000.0,0.2,0.9,,,,,,9.8,8.9,7.3,1.8,8.4,9.2,8.9,9.5,9.9,10.4,12.7,17.8,19.2,1.2,1.8,,{박무}0026-0221. {박무}0433-0501. {연무}0520-{연무}{강도0}0600-0607.,,2026,1,4,19,0,0,0,0
184,제주,2026-01-20,2.3,1.2,427,4.7,1431,,,,,,,14.3,20,843,8.0,360,936,5.8,5005.0,360.0,-5.4,37,1326,57.1,4.1,1022.8,1026.5,1029,1023.3,1509,1025.4,10.3,3.6,1200.0,1.67,8.07,,,,,,7.1,4.4,5.0,-0.5,5.9,7.1,6.7,8.7,9.7,10.8,13.0,17.8,19.2,1.9,2.7,0.0,,,2026,1,4,20,0,0,0,0
184,제주,2026-01-21,1.5,0.8,1435,2.4,1042,,,,,17.83,0.0,17.0,360,731,9.1,360,1606,6.6,5736.0,360.0,-5.6,42,2221,59.4,4.0,1024.5,1028.7,2019,1025.8,1447,1027.1,10.3,0.0,1400.0,0.47,2.23,,,,,,8.9,8.9,2.1,-0.2,4.4,5.8,5.5,8.0,9.4,10.9,12.7,17.3,19.0,1.5,2.2,0.5,{소낙눈}0610-{소낙눈}{강도0}0900-{소낙눈}{강도0}1200-{소낙눈}{강도0}1500-{소낙눈}{강도0}1800-{소낙눈}{강도0}2100-{소낙눈}{강도0}2400-,,2026,1,4,21,0,0,0,0
184,제주,2026-01-22,1.6,0.4,939,2.9,2243,,,,,23.85,1.1,16.5,20,904,8.6,360,912,5.6,4860.0,340.0,-4.3,50,717,64.9,4.5,1025.5,1029.8,1040,1026.9,548,1028.2,10.3,0.0,1200.0,0.45,2.0,0.7,955.0,0.7,955.0,0.9,8.9,8.9,1.1,-0.9,3.6,4.9,4.6,7.2,8.9,10.4,11.9,16.8,18.8,1.2,1.7,0.6,-{소낙눈}-{소낙눈}{강도0}0300-{소낙눈}{강도0}0600-{소낙눈}{강도0}0900-{소낙눈}{강도0}1200-{소낙눈}{강도0}1500-{소낙눈}{강도0}1800-{소낙눈}{강도0}2100-2351.,,2026,1,4,22,0,0,0,1
184,제주,2026-01-23,5.3,2.5,59,8.1,1529,,,,,4.22,0.0,12.4,20,7,6.8,290,1758,4.6,3997.0,320.0,-4.8,35,1312,48.4,4.3,1024.2,1028.5,14,1025.2,1631,1026.8,10.4,2.0,1300.0,1.57,6.48,,,,,,8.0,8.0,4.3,-0.7,4.9,5.5,5.2,6.9,8.4,10.0,11.6,17.1,19.0,2.4,3.4,0.0,{소낙눈}0153-0215. {눈}0419-0506. {비}1547-{비}{강도0}1800-1825. {비}2002-2020. {비}2045-2053.,,2026,1,4,23,0,0,0,0
184,제주,2026-01-24,5.5,3.1,2356,8.4,1245,,,,,1.42,0.0,12.8,290,235,7.2,320,624,4.8,4121.0,290.0,-4.6,39,45,48.0,4.4,1023.7,1028.9,2327,1024.3,434,1026.3,10.4,5.8,1400.0,1.74,10.21,,,,,,3.9,3.9,6.5,-2.4,6.0,6.4,6.3,7.3,8.3,9.6,11.0,15.1,18.2,2.2,3.2,0.0,{비}0021-0035. {비}0221-{비}{강도0}0300-0305. {비}0455-0510. {비}0603-0615.,,2026,1,4,24,0,0,0,0
184,제주,2026-01-25,3.9,1.0,2353,7.4,1403,,,,,0.47,0.0,12.6,20,750,8.2,20,729,3.7,3228.0,20.0,-5.8,33,1541,49.5,4.0,1027.1,1031.7,1022,1028.1,31,1029.7,10.4,7.5,1200.0,2.26,12.29,,,,,,3.9,2.8,4.8,-5.4,5.5,6.2,5.9,7.3,8.2,9.3,11.2,17.5,19.0,2.2,3.2,,{비}0707-0735.,,2026,1,4,25,0,0,0,0
184,제주,2026-01-26,3.9,0.4,209,6.4,1457,,,,,6.93,0.4,6.7,20,1225,3.7,200,2207,2.3,1966.0,180.0,-3.3,52,1423,59.4,4.8,1023.2,1029.8,1,1023.3,1502,1025.8,10.4,0.1,1200.0,0.88,4.79,,,,,,8.9,4.0,5.1,-5.5,5.1,5.8,5.5,7.0,7.9,9.2,11.3,17.5,19.1,1.3,1.9,0.4,{비}1611-{비}{강도0}1800-{비}{강도0}2100-2307.,,2026,1,5,26,0,0,0,0
184,제주,2026-01-27,4.6,2.6,2330,6.8,1213,,,,,3.65,0.0,11.7,320,748,6.4,360,1236,4.3,3720.0,360.0,-3.4,42,1445,56.4,4.8,1023.5,1028.0,2224,1024.0,421,1026.1,10.5,2.3,1400.0,1.37,6.06,,,,,,7.3,7.3,5.3,-0.5,5.7,6.3,6.0,7.1,7.9,9.2,11.4,16.9,18.8,1.7,2.4,0.0,{비}0432-{비}{강도0}0600-0610. {비}0824-{비}{강도0}0900-1025.,,2026,1,5,27,0,0,0,0
184,제주,2026-01-28,3.4,1.9,726,6.3,1446,,,,,,,10.6,20,335,5.8,20,835,3.5,3025.0,360.0,-8.0,26,1128,44.0,3.4,1026.0,1029.9,2140,1027.4,452,1028.6,10.5,7.9,1300.0,2.27,12.35,,,,,,3.4,1.9,4.5,-3.4,5.4,6.0,5.7,6.9,7.8,9.4,11.6,17.6,19.1,2.3,3.3,,,,2026,1,5,28,0,0,0,0
184,제주,2026-01-29,3.9,0.2,650,7.8,1338,,,,,1.03,0.0,11.6,20,1740,6.0,360,1838,3.5,2990.0,360.0,-3.9,39,12,57.3,4.6,1027.9,1031.8,930,1028.9,1553,1030.5,10.5,5.0,1200.0,2.24,9.45,,,,,,5.3,4.0,3.3,-6.2,5.1,5.8,5.4,6.7,7.7,9.4,11.5,17.7,19.1,1.9,2.7,0.0,{비}1450-{비}{강도0}1500-1552.,,2026,1,5,29,0,0,0,0
184,제주,2026-01-30,3.2,1.8,655,5.2,1112,,,,,,,10.5,360,559,5.9,360,606,3.0,2603.0,340.0,-5.6,44,1403,52.5,4.0,1027.7,1032.0,344,1028.6,1530,1030.3,10.5,1.7,1300.0,1.36,7.46,,,,,,7.9,4.4,5.0,-2.4,5.3,6.0,5.7,6.8,7.8,9.5,11.7,17.6,19.0,1.5,2.1,,,,2026,1,5,30,0,0,0,0
184,제주,2026-01-31,4.5,2.6,205,7.7,1355,,,,,,,8.9,360,1807,5.2,360,1814,3.2,2775.0,340.0,-4.1,36,1411,53.9,4.5,1025.5,1029.7,1025,1026.8,1425,1028.1,10.6,7.2,1200.0,2.4,13.29,,,,,,6.6,6.0,6.2,-0.6,6.0,6.3,6.1,6.8,7.8,9.6,11.8,17.6,19.0,2.5,3.5,0.0,,,2026,1,5,31,0,0,0,0
184,제주,2026-02-01,5.6,3.1,2348,8.0,1237,,,,,2.93,0.0,12.9,340,453,6.7,320,503,4.2,3621.0,290.0,-3.2,38,1517,53.4,4.9,1024.3,1028.5,3,1025.8,1443,1026.9,10.6,2.9,1200.0,1.47,7.56,,,,,,6.4,6.3,6.8,-1.9,6.5,6.9,6.6,7.3,8.2,9.6,11.4,15.8,18.5,1.9,2.7,0.3,{비}0405-0436. {비}0520-{비}{강도0}0600-0715. {비}0919-0940. {비}1147-1156.,,2026,2,5,32,1,0,0,0
184,제주,2026-02-02,4.9,2.9,24,7.7,739,,,,,6.3,0.3,15.1,290,827,8.7,320,819,5.2,4457.0,320.0,-3.2,41,1249,56.4,4.9,1025.3,1031.3,2238,1025.0,704,1027.9,10.6,1.2,1200.0,1.4,4.9,,,,,,7.3,7.0,4.2,-2.4,5.5,6.2,5.8,7.2,8.2,9.4,11.2,15.5,18.3,1.9,2.7,0.0,{비}0436-0555. {비}0619-0630. {비}0750-{비}{강도0}0900-1044. {박무}0805-{박무}{강도0}0900-1039. {비}1510-{소낙성진눈깨비}1531-1704.,,2026,2,6,33,1,0,0,0
184,제주,2026-02-03,5.2,3.5,2345,9.4,1409,,,,,,,8.9,320,324,4.7,340,55,3.0,2570.0,340.0,-3.4,41,1458,53.9,4.8,1026.9,1032.4,724,1026.4,2359,1029.5,10.6,8.2,1200.0,2.48,15.36,,,,,,5.3,2.1,7.0,-1.1,6.6,6.7,6.5,7.1,8.0,9.3,10.5,16.9,18.8,2.4,3.4,,,,2026,2,6,34,1,0,0,0
184,제주,2026-02-04,8.0,2.8,255,13.5,1400,,,,,,,9.0,270,1618,5.0,290,1624,2.4,2083.0,160.0,-0.3,43,1344,56.5,6.0,1019.8,1026.5,1,1019.3,2326,1022.4,10.7,6.9,1300.0,2.24,12.86,,,,,,5.1,2.8,8.2,-2.2,7.3,7.4,7.1,7.4,8.1,9.1,11.0,17.2,18.9,2.2,3.1,0.1,,,2026,2,6,35,1,0,0,0
184,제주,2026-02-05,10.8,7.7,2345,13.7,1415,,,,,1.78,0.1,8.1,320,1444,5.1,320,1447,2.5,2197.0,270.0,4.5,39,1558,65.9,8.5,1016.2,1020.7,2331,1016.7,1330,1018.7,10.7,3.8,1400.0,1.81,8.18,,,,,,5.6,4.4,11.2,1.6,9.0,8.8,8.6,8.2,8.4,9.2,11.2,17.2,18.9,1.7,2.5,,{비}0513-0522. {비}0659-0837. {연무}2135-{연무}{강도0}2400-,,2026,2,6,36,1,0,1,0
184,제주,2026-02-06,4.3,2.1,2355,8.2,9,,,,,,,9.4,20,1807,5.1,360,1809,3.2,2778.0,340.0,-3.6,40,1607,56.5,4.7,1020.2,1024.3,1025,1020.5,23,1022.8,10.7,0.4,1200.0,1.21,6.82,,,,,,8.5,5.6,6.7,1.4,7.8,8.3,8.0,8.5,8.9,9.3,11.3,17.0,18.8,1.6,2.3,0.0,-{연무}-{연무}{강도0}0300-0342.,,2026,2,6,37,1,0,0,0
184,제주,2026-02-07,1.3,-1.2,2133,2.3,234,,,,,16.48,0.9,17.9,290,2224,9.2,320,1502,6.4,5551.0,320.0,-4.7,48,2251,64.3,4.3,1022.2,1026.5,2152,1022.8,25,1024.8,10.8,0.0,1400.0,0.39,1.16,1.3,2255.0,1.3,2255.0,1.3,9.3,9.0,1.8,-1.5,5.0,6.3,6.0,7.9,8.8,9.6,11.2,14.9,17.9,1.2,1.7,3.5,{소낙눈}0711-{소낙눈}{강도0}0900-{소낙눈}{강도0}1200-{소낙눈}{강도0}1500-1557. {소낙눈}1617-{싸락눈}1655-{소낙눈}1725-{소낙눈}{강도0}1800-{소낙눈}{강도0}2100-{소낙눈}{강도0}2400-,,2026,2,6,38,1,0,0,0
184,제주,2026-02-08,0.3,-1.9,610,1.6,2347,,,,,17.4,3.1,21.9,360,714,11.5,320,317,7.7,6665.0,340.0,-5.8,50,2234,63.9,4.0,1026.6,1032.1,2331,1025.8,52,1029.3,10.8,0.6,1300.0,1.29,4.53,2.7,855.0,3.8,855.0,2.9,8.5,8.5,0.0,-0.6,3.6,4.9,4.6,6.9,8.2,9.2,10.1,14.8,17.8,1.4,2.0,0.5,-{소낙눈}-{시정(미만)}{1km}{소낙눈}0110-{시정(미만)}{0.5km}{소낙눈}0113-{시정(이상)}{0.5km}{소낙눈}0120-{시정(이상)}{1km}{소낙눈}0121-{소낙눈}{강도0}0300-{시정(미만)}{1km}{소낙눈}0417-{시정(미만)}{0.5km}{소낙눈}0418-{시정(이상)}{0.5km}{소낙눈}0425-{시정(이상)}{1km}{소낙눈}0438-{소낙눈}{강도0}0600-{시정(미만)}{1km}{소낙눈}0824-{시정(미만)}{0.5km}{소낙눈}0826-{시정(미만)}{0.2km}{소낙눈}0828-{시정(이상)}{0.2km}{소낙눈}0830-{시정(이상)}{0.5km}{소낙눈}0831-{시정(이상)}{1km}{소낙눈}0834-{소낙눈}{강도0}0900-0904. {소낙눈}0925-0945. {소낙눈}1030-{소낙눈}{강도0}1200-1350. {소낙눈}1415-{소낙눈}{강도0}1500-{소낙눈}{강도0}1800-1855.,,2026,2,6,39,1,0,0,1
184,제주,2026-02-09,4.7,1.5,1,8.0,1258,,,,,,,10.1,320,107,6.0,320,52,3.0,2608.0,320.0,-3.6,44,1358,55.0,4.7,1025.6,1032.1,1,1025.6,2352,1028.2,10.8,6.0,1200.0,2.55,13.46,,,1.4,1.0,,7.9,5.5,5.2,0.0,5.5,5.8,5.6,6.6,7.6,8.6,9.8,16.2,18.5,2.1,3.0,0.2,,,2026,2,7,40,1,0,0,0
184,제주,2026-02-10,7.9,4.7,1,9.7,1411,,,,,13.23,1.8,11.3,250,1405,6.4,250,1426,3.2,2760.0,250.0,2.6,56,141,69.8,7.5,1017.8,1025.6,1,1017.7,1438,1020.4,10.8,0.0,1200.0,0.51,1.61,,,,,,9.9,7.1,6.2,1.7,6.7,7.0,6.8,7.3,7.8,8.5,10.2,16.8,18.7,1.2,1.7,1.6,{비}0541-0555. {비}0711-{비}{강도0}0900-{비}{강도0}1200-1345. {박무}1302-1337. {비}1730-{비}{강도0}1800-{비}{강도0}2100-2356. {박무}2134-2241.,,2026,2,7,41,1,0,0,1
184,제주,2026-02-11,8.0,6.0,2232,10.8,1336,,,,,0.47,0.0,12.0,320,342,6.7,320,411,4.6,3948.0,320.0,0.5,41,1422,59.8,6.4,1019.8,1023.8,1110,1019.1,56,1022.4,10.9,3.6,1300.0,1.8,10.02,,,,,,6.4,5.6,7.8,2.2,8.0,8.0,7.9,7.7,8.0,8.5,10.1,15.3,18.2,2.0,2.8,,{비}0428-0456. {연무}2007-{연무}{강도0}2100-2115. {연무}2322-{연무}{강도0}2400-,,2026,2,7,42,1,0,0,0
184,제주,2026-02-12,7.2,4.0,351,12.1,1404,,,,,,,6.3,20,1430,3.6,20,1434,2.4,2039.0,200.0,-3.0,25,1453,50.4,5.0,1020.6,1025.3,842,1021.5,2357,1023.2,10.9,9.3,1200.0,2.57,15.97,,,,,,2.6,0.9,7.2,-2.0,8.0,8.2,8.0,8.0,8.2,8.5,10.1,16.4,18.5,2.9,4.2,,-{연무}-{연무}{강도0}0300-{연무}{강도0}0600-0740.,,2026,2,7,43,1,0,0,0
184,제주,2026-02-13,9.4,4.9,150,15.0,1541,,,,,,,6.8,290,1411,4.4,320,1342,2.5,2164.0,160.0,1.1,41,1,57.0,6.7,1017.5,1021.6,11,1018.5,1630,1020.0,10.9,10.0,1200.0,2.56,16.27,,,,,,0.0,0.0,8.8,-1.9,8.6,8.7,8.4,8.3,8.4,8.6,10.4,16.7,18.6,2.9,4.1,0.0,,,2026,2,7,44,1,0,0,0
184,제주,2026-02-14,11.5,6.8,135,15.0,1415,,,,,2.68,0.3,5.9,50,1701,3.7,50,1708,1.6,1383.0,160.0,5.3,52,632,66.9,9.2,1013.6,1019.5,2,1013.6,1432,1016.1,11.0,0.0,1300.0,0.99,3.59,,,,,,8.4,7.6,9.7,1.2,9.2,9.2,9.0,8.7,8.7,8.8,10.7,16.7,18.6,1.0,1.4,0.3,{비}0743-0835. {비}0906-1055. {박무}1954-{박무}{강도0}2100-2106. {박무}2204-{박무}{강도0}2400-,,2026,2,7,45,1,0,1,0
184,제주,2026-02-15,10.6,7.5,2355,15.1,1248,,,,,,,7.1,320,1347,4.5,320,1352,2.6,2229.0,320.0,5.3,55,1242,70.4,9.0,1017.1,1022.6,2241,1016.1,1,1019.7,11.0,6.9,1200.0,2.46,14.23,,,,,,3.8,3.8,12.5,3.1,11.2,10.9,10.8,9.4,9.2,9.1,10.8,16.3,18.5,2.3,3.3,,-{박무}-0038. {연무}1433-{연무}{강도0}1500-{연무}{강도0}1800-{연무}{강도0}2100-2212.,,2026,2,7,46,1,0,1,0
184,제주,2026-02-16,6.0,4.9,537,8.6,1600,,,,,,,7.7,20,1119,4.2,360,651,2.8,2419.0,320.0,-2.7,39,1647,53.8,5.0,1020.7,1025.2,843,1021.4,148,1023.3,11.0,1.6,1500.0,1.25,8.01,,,,,,7.3,2.3,7.3,-0.1,8.7,9.5,9.2,9.7,9.8,9.4,10.9,16.5,18.5,1.8,2.6,,,,2026,2,8,47,1,0,0,0
184,제주,2026-02-17,6.8,4.6,208,10.4,1510,,,,,,,8.2,270,1536,5.2,290,1540,3.1,2695.0,290.0,-1.8,31,1438,55.3,5.4,1020.6,1024.7,844,1021.6,1446,1023.2,11.1,9.1,1300.0,2.72,17.15,,,,,,3.1,2.5,9.8,0.5,8.7,9.1,8.9,9.1,9.4,9.6,11.1,16.2,18.5,3.0,4.3,,,,2026,2,8,48,1,0,0,0
184,제주,2026-02-18,8.0,5.3,1,12.2,1424,,,,,,,11.3,290,1611,6.4,290,1337,4.2,3604.0,290.0,-2.6,29,1237,48.1,5.1,1021.3,1025.8,2220,1022.6,408,1023.9,11.1,9.7,1200.0,2.63,16.82,,,,,,1.4,1.4,9.0,1.0,8.7,9.2,8.9,9.1,9.4,9.6,11.0,15.9,18.4,3.3,4.7,,,,2026,2,8,49,1,0,0,0
184,제주,2026-02-19,6.9,3.4,714,9.8,1341,,,,,,,8.4,320,37,5.1,320,1423,2.9,2529.0,290.0,-1.4,41,1401,55.6,5.5,1021.9,1026.8,933,1022.4,2120,1024.5,11.1,7.6,1200.0,2.71,16.02,,,,,,6.3,4.9,9.2,-2.3,8.7,9.1,8.8,9.1,9.3,9.5,10.9,16.1,18.4,2.6,3.7,,{햇무리}1450-1610.,,2026,2,8,50,1,0,0,0
184,제주,2026-02-20,10.6,7.3,11,15.1,1453,,,,,,,10.8,290,1516,6.8,290,1522,3.2,2730.0,180.0,0.9,30,105,51.9,6.6,1016.4,1022.7,14,1016.6,1512,1019.0,11.2,10.2,1200.0,2.57,17.03,,,,,,1.6,1.4,11.4,-0.1,10.0,10.0,9.7,9.4,9.4,9.5,11.1,16.3,18.4,3.6,5.1,,,,2026,2,8,51,1,0,1,0
184,제주,2026-02-21,11.7,6.7,713,17.5,1454,,,,,,,7.5,50,1345,5.0,50,1344,2.6,2224.0,160.0,0.6,37,1308,46.5,6.5,1011.1,1017.3,1,1010.5,2221,1013.6,11.2,10.5,1200.0,2.71,17.95,,,,,,0.0,0.0,12.0,-0.7,10.4,10.4,10.1,9.6,9.6,9.6,11.2,16.3,18.4,3.6,5.2,,,,2026,2,8,52,1,0,1,0
184,제주,2026-02-22,12.4,6.7,2354,21.0,1018,,,,,,,15.0,270,1226,8.5,290,1226,4.0,3419.0,290.0,2.1,31,2205,50.3,7.4,1011.1,1023.7,2359,1009.0,902,1013.6,11.2,7.8,1200.0,2.58,14.87,,,,,,1.1,1.1,10.5,2.3,11.3,11.2,11.0,10.2,10.0,9.8,11.5,16.3,18.3,3.7,5.3,,{황사}1515-{황사}{강도0}1800-2040.,,2026,2,8,53,1,0,1,0
184,제주,2026-02-23,8.4,5.6,237,12.3,1335,,,,,,,9.1,20,640,5.3,20,706,2.4,2106.0,20.0,-8.2,13,1357,31.3,3.3,1021.7,1026.3,947,1022.8,2330,1024.2,11.3,9.7,1200.0,2.73,17.86,,,,,,2.3,0.0,10.2,-2.0,10.1,10.5,10.1,10.3,10.2,10.0,11.5,16.1,18.2,3.6,5.1,7.0,,,2026,2,9,54,1,0,0,0
184,제주,2026-02-24,8.3,6.6,235,9.7,517,,,,,19.22,54.9,14.5,50,1809,8.3,50,1810,3.9,3340.0,70.0,4.5,33,49,78.1,8.6,1016.2,1022.8,1,1016.4,1517,1018.8,11.3,0.0,1200.0,0.11,0.39,,,,,,9.5,6.3,6.7,-0.3,8.5,9.3,8.9,9.9,10.1,10.2,11.9,16.3,18.3,0.7,1.0,48.0,{비}0447-{비}{강도0}0600-{비}{강도1}0900-{비}{강도0}1200-{비}{강도1}1500-{비}{강도1}1800-{비}{강도0}2100-{비}{강도0}2400- {박무}0738-{박무}{강도0}0900-{박무}{강도0}1200-{박무}{강도0}1500-{박무}{강도0}1800-1835. {박무}2022-{박무}{강도0}2100-{박무}{강도0}2400-,,2026,2,9,55,1,0,0,1
184,제주,2026-02-25,10.0,8.4,142,11.8,1731,,,,,0.42,0.1,9.8,50,108,5.7,50,37,3.4,2975.0,70.0,5.0,60,2357,71.6,8.7,1017.6,1021.4,2055,1018.3,14,1020.2,11.3,0.4,1500.0,0.67,2.79,,,,,,7.9,7.4,8.3,2.6,9.0,9.4,9.2,9.3,9.7,10.2,12.5,16.2,18.3,1.1,1.5,,-{비}-0025. -{박무}-0025.,,2026,2,9,56,1,0,1,0
184,제주,2026-02-26,10.7,9.7,424,11.2,1403,,,,,8.48,2.1,10.0,50,1014,5.9,70,939,2.3,1985.0,90.0,6.4,59,14,75.4,9.7,1014.4,1021.2,20,1014.2,1810,1016.9,11.4,0.0,1300.0,0.24,0.97,,,,,,9.9,7.6,9.2,8.2,9.5,9.7,9.5,9.6,9.8,10.3,12.4,16.2,18.2,0.7,1.1,15.0,{비}1531-{비}{강도0}1800-{비}{강도0}2100-{비}{강도0}2400- {박무}1550-1733. {박무}1901-2020. {박무}2308-{박무}{강도0}2400-,,2026,2,9,57,1,0,1,1
184,제주,2026-02-27,10.6,10.1,1651,11.2,38,,,,,18.17,16.7,9.2,70,39,5.0,70,56,2.9,2528.0,70.0,8.3,79,2339,86.4,11.0,1011.6,1016.9,2334,1012.4,413,1014.1,11.4,0.0,1200.0,0.37,1.38,,,,,,9.3,8.0,10.2,7.8,10.2,10.4,10.2,9.9,10.1,10.5,12.4,16.2,18.2,0.6,0.9,3.8,-{비}-{비}{강도0}0300-{비}{강도0}0600-{비}{강도0}0900-{비}{강도0}1200-{비}{강도0}1500-{비}{강도0}1800-1810. -{박무}-{박무}{강도0}0300-{박무}{강도0}0600-0635. {박무}0802-{박무}{강도0}0900-0956. {박무}1113-{박무}{강도0}1200-1240. {박무}1404-{박무}{강도1}1500-1756.,,2026,2,9,58,1,0,1,1
184,제주,2026-02-28,11.8,10.3,520,15.2,1345,,,,,,,11.3,50,1408,6.6,50,1405,3.0,2625.0,90.0,5.5,47,1351,66.4,9.1,1017.3,1022.7,2241,1016.8,9,1019.8,11.4,7.3,1300.0,2.76,17.03,,,,,,5.6,5.0,13.4,6.2,12.1,11.8,11.7,10.4,10.4,10.7,12.5,16.2,18.1,3.3,4.6,0.0,,,2026,2,9,59,1,0,1,0
184,제주,2026-03-01,11.8,10.1,2258,15.5,1255,,,,,9.58,4.4,11.6,90,2252,6.4,70,555,4.0,3460.0,90.0,7.0,54,1140,73.6,10.0,1017.2,1022.5,18,1018.0,2339,1019.7,11.5,0.7,1100.0,1.72,6.38,,,,,,9.1,7.0,11.1,8.3,11.9,12.1,11.9,11.2,11.1,11.0,12.7,16.1,18.1,1.5,2.2,19.7,{비}0536-0542. {비}0602-0606. {비}1435-{비}{강도0}1500-{비}{강도0}1800-{비}{강도0}2100-{비}{강도0}2400- {박무}1452-{박무}{강도0}1500-{박무}{강도0}1800-{박무}{강도0}2100-{박무}{강도0}2400-,,2026,3,9,60,1,0,1,1
184,제주,2026-03-02,10.7,8.5,2323,11.9,1335,,,,,24.0,33.0,17.5,90,1444,10.1,50,2039,5.6,4828.0,70.0,8.2,82,1129,84.8,10.9,1010.5,1018.7,19,1008.0,1350,1013.0,11.5,0.0,1300.0,0.47,1.31,,,,,,10.0,8.0,10.6,8.2,11.2,11.6,11.4,11.3,11.4,11.3,12.9,16.0,17.9,0.9,1.3,19.2,-{비}-{비}{강도0}0300-{비}{강도0}0600-{비}{강도0}0900-{비}{강도0}1200-{비}{강도0}1500-{비}{강도0}1800-{비}{강도0}2100-{비}{강도0}2400- -{박무}-{박무}{강도0}0300-{박무}{강도0}0600-{박무}{강도0}0900-1026. {박무}1101-{박무}{강도0}1200-{박무}{강도1}1500-{박무}{강도0}1800-{박무}{강도1}2100-2355.,,2026,3,10,61,1,0,1,1
184,제주,2026-03-03,10.2,8.5,119,12.2,1525,,,,,4.33,1.5,10.4,20,125,6.0,20,847,3.5,3032.0,20.0,6.0,61,1445,75.9,9.3,1017.5,1024.7,2355,1015.6,349,1020.1,11.5,0.2,1100.0,1.27,6.24,,,,,,9.1,8.4,10.5,7.3,11.0,11.4,11.2,11.1,11.4,11.5,13.5,16.1,18.0,1.4,1.9,,{박무}0025-0144. {박무}0233-{박무}{강도0}0300-0320. -{비}-{비}{강도0}0300-0350. {비}0610-0640.,,2026,3,10,62,1,0,1,1
184,제주,2026-03-04,10.2,7.8,2357,13.9,1459,,,,,,,7.0,20,41,4.0,360,5,2.1,1855.0,20.0,4.4,52,1615,68.3,8.4,1021.1,1024.6,1,1021.6,1731,1023.6,11.6,7.4,1200.0,2.98,16.58,,,,,,5.5,3.5,11.8,3.4,11.9,12.1,11.9,11.3,11.5,11.7,13.2,16.0,17.9,2.4,3.5,,,,2026,3,10,63,1,0,1,0
184,제주,2026-03-05,12.3,6.8,325,18.1,1539,,,,,1.88,0.6,10.4,90,1141,5.8,70,1138,2.4,2047.0,90.0,4.9,44,1200,62.3,8.8,1018.8,1023.6,1,1018.9,1650,1021.4,11.6,6.0,1100.0,2.61,14.9,,,,,,6.8,3.5,12.0,1.7,12.0,12.2,12.0,11.7,11.7,11.7,13.1,16.1,17.9,2.6,3.8,9.5,{비}2207-{비}{강도0}2400- {박무}2345-{박무}{강도0}2400-,,2026,3,10,64,1,0,1,0
184,제주,2026-03-06,7.5,4.6,2343,11.3,1,,,,,4.63,8.9,13.6,320,1657,8.3,320,1705,4.7,4102.0,320.0,1.2,51,1550,64.9,6.8,1020.6,1025.9,2307,1019.6,2,1023.2,11.6,2.1,1200.0,2.14,9.34,,,,,,6.6,5.1,9.3,3.9,11.3,12.1,11.9,12.0,12.0,11.8,13.1,15.4,17.7,2.2,3.1,,-{비}-{비}{강도1}0300-0438. -{박무}-{박무}{강도0}0300-0326.,,2026,3,10,65,1,1,0,1
184,제주,2026-03-07,5.3,3.6,2349,8.4,1553,,,,,,,10.5,340,630,6.1,340,635,4.3,3685.0,320.0,-3.7,41,1600,52.3,4.7,1025.5,1029.6,958,1025.6,344,1028.1,11.7,4.6,1400.0,2.26,13.6,,,,,,5.9,5.3,7.6,-0.9,9.1,10.2,9.9,11.1,11.7,11.8,12.9,14.7,17.2,2.3,3.2,,,,2026,3,10,66,1,1,0,0
184,제주,2026-03-08,6.0,1.5,656,10.8,1505,,,,,,,6.3,20,1542,4.0,320,1513,2.2,1943.0,20.0,-2.1,37,1537,56.4,5.2,1024.9,1029.3,1,1025.9,1810,1027.5,11.7,8.4,1100.0,2.68,16.81,,,,,,3.1,0.1,8.1,-3.1,8.5,9.4,9.1,10.3,10.9,11.5,12.9,15.8,17.7,2.4,3.5,,{햇무리}1040-1440.,,2026,3,10,67,1,1,0,0
184,제주,2026-03-09,6.4,3.7,335,9.9,1446,,,,,0.07,0.0,13.8,340,1642,7.6,320,1559,3.8,3320.0,320.0,-1.8,36,1514,56.0,5.4,1025.5,1029.5,2208,1026.8,1405,1028.1,11.7,3.0,1400.0,2.07,9.72,,,,,,5.8,3.4,7.7,-2.0,8.0,9.0,8.7,10.1,10.6,11.3,13.1,15.8,17.7,2.1,3.0,0.0,{연무}1213-{연무}{강도0}1500-1502. {비}1341-1345.,,2026,3,11,68,1,1,0,0
184,제주,2026-03-10,6.4,3.6,323,10.4,1540,,,,,,,8.0,50,5,4.3,20,40,2.4,2061.0,180.0,-1.8,42,1324,55.8,5.4,1024.3,1029.0,1,1025.2,1650,1026.9,11.8,8.2,1200.0,2.9,18.2,,,,,,1.9,1.9,10.2,-0.8,8.9,9.4,9.1,9.7,10.1,11.0,12.9,15.8,17.7,2.6,3.7,,,,2026,3,11,69,1,1,0,0
184,제주,2026-03-11,7.4,3.2,319,11.1,1304,,,,,,,7.0,20,1035,4.1,360,1037,2.4,2055.0,180.0,-0.6,45,1736,57.4,5.9,1022.1,1026.0,846,1023.2,1701,1024.7,11.8,8.2,1200.0,2.98,18.29,,,,,,3.1,2.1,10.4,-1.1,9.6,10.0,9.8,10.0,10.2,11.0,12.9,15.9,17.7,2.6,3.7,,,,2026,3,11,70,1,1,0,0
184,제주,2026-03-12,8.9,5.2,431,12.8,1403,,,,,,,8.2,340,1611,4.8,20,2316,2.9,2471.0,360.0,2.4,45,1323,64.8,7.3,1022.5,1026.5,2309,1023.9,1630,1025.1,11.8,7.7,1200.0,2.8,17.15,,,,,,3.9,3.5,11.4,0.1,10.3,10.6,10.4,10.4,10.4,11.0,13.0,16.0,17.7,2.8,4.0,,{연무}1950-{연무}{강도0}2100-{연무}{강도0}2400-,,2026,3,11,71,1,0,0,0
184,제주,2026-03-13,10.0,7.8,633,12.5,1534,,,,,,,11.1,50,1122,6.4,50,423,3.5,3053.0,50.0,-0.5,28,1640,48.6,5.9,1025.5,1029.4,2311,1025.4,338,1028.0,11.9,10.0,1200.0,3.11,20.86,,,,,,1.8,1.8,14.3,2.3,11.7,11.8,11.6,10.9,10.8,11.2,13.4,16.1,17.7,3.3,4.8,,-{연무}-0239.,,2026,3,11,72,1,0,1,0
184,제주,2026-03-14,10.0,6.5,706,13.9,1519,,,,,,,7.3,50,1019,5.2,50,1113,2.5,2179.0,140.0,-0.1,40,1622,49.8,6.1,1025.7,1030.5,936,1027.0,1708,1028.2,11.9,10.9,1200.0,3.08,21.15,,,,,,1.3,1.3,14.3,0.9,11.7,12.0,11.8,11.4,11.2,11.6,13.4,16.1,17.7,3.4,4.9,,,,2026,3,11,73,1,0,1,0
184,제주,2026-03-15,8.8,5.5,525,12.2,1612,,,,,,,7.2,290,1617,4.7,320,1622,2.7,2304.0,320.0,-0.5,37,632,53.6,6.1,1023.4,1027.7,835,1024.6,1712,1025.9,11.9,1.4,1500.0,1.47,10.41,,,,,,6.5,5.6,11.3,-0.3,10.6,11.3,11.0,11.4,11.5,11.7,13.3,16.1,17.7,2.1,3.0,,{연무}2010-{연무}{강도0}2100-{연무}{강도0}2400-,,2026,3,11,74,1,0,0,0
184,제주,2026-03-16,9.0,7.0,610,10.8,1442,,,,,,,5.5,320,7,3.7,320,48,1.9,1672.0,360.0,2.5,54,1504,64.6,7.3,1020.4,1025.5,1,1021.2,1732,1023.0,12.0,0.8,900.0,1.34,8.72,,,,,,7.6,6.0,12.0,2.7,11.0,11.4,11.2,11.3,11.5,11.7,13.3,15.8,17.6,1.5,2.1,,-{연무}-0212.,,2026,3,12,75,1,0,0,0
184,제주,2026-03-17,11.6,6.6,555,15.7,1709,,,,,1.45,0.1,7.3,50,1508,5.2,50,1405,2.1,1846.0,180.0,6.4,57,1125,71.0,9.8,1017.7,1022.4,809,1017.4,2355,1020.2,12.0,6.5,1200.0,2.87,17.14,,,,,,7.0,2.4,14.8,2.5,11.9,12.0,11.8,11.3,11.4,11.7,13.3,16.1,17.6,2.3,3.3,12.9,{박무}2143-{박무}{강도0}2400- {비}2233-{비}{강도0}2400-,,2026,3,12,76,1,0,1,0
184,제주,2026-03-18,10.5,7.3,2104,14.3,1034,,,,,17.22,24.6,11.9,270,1044,6.7,270,1043,3.2,2742.0,290.0,7.7,65,2223,83.3,10.7,1011.9,1018.1,2229,1011.3,942,1014.5,12.1,0.0,1100.0,0.41,1.08,,,,,,10.0,7.6,10.8,6.2,12.3,12.7,12.5,12.2,12.0,11.8,13.5,16.0,17.6,1.0,1.5,11.8,-{비}-{비}{강도0}0300-{비}{강도0}0600-{비}{강도0}0900-{비}{강도0}1200-{안개비}1330-{비}1405-{안개비}1440-{안개비}{강도0}1500-1552. -{박무}-{박무}{강도0}0300-{박무}{강도0}0600-{박무}{강도0}0900-{박무}{강도0}1200-{박무}{강도0}1500-1535. {비}1955-{비}{강도0}2100-2116.,,2026,3,12,77,1,0,1,1
184,제주,2026-03-19,9.1,6.3,651,12.6,1453,,,,,,,8.0,320,330,4.9,320,358,3.0,2564.0,320.0,-0.3,34,1201,53.4,6.0,1016.1,1020.5,2312,1017.0,1802,1018.7,12.1,10.8,1200.0,3.29,23.35,,,,,,2.1,2.1,11.3,1.9,11.8,12.1,11.9,11.7,11.9,11.9,13.3,15.5,17.4,3.5,5.0,,,,2026,3,12,78,1,0,0,0
184,제주,2026-03-20,10.0,5.9,222,14.6,1522,,,,,,,6.0,320,1558,4.0,340,1557,2.1,1810.0,180.0,-1.5,21,1235,46.9,5.5,1019.1,1023.5,2253,1019.4,333,1021.7,12.1,10.1,1100.0,3.14,21.61,,,,,,6.6,1.9,12.7,-0.2,11.9,12.4,12.2,12.0,11.9,11.9,13.4,15.9,17.5,3.9,5.6,,,,2026,3,12,79,1,0,1,0
184,제주,2026-03-21,10.9,5.6,645,15.6,1420,,,,,,,6.2,50,1142,4.3,20,1306,2.4,2041.0,160.0,0.5,36,242,48.6,6.5,1020.5,1024.5,956,1021.7,2337,1023.1,12.2,11.0,1200.0,3.29,23.33,,,,,,1.1,0.0,13.9,0.3,12.2,12.6,12.4,12.1,12.0,12.0,13.4,16.0,17.5,3.9,5.6,,,,2026,3,12,80,1,0,1,0
184,제주,2026-03-22,11.9,8.2,617,16.2,1137,,,,,,,8.1,20,1227,5.4,50,1510,2.5,2124.0,160.0,3.1,37,940,55.0,7.8,1016.1,1022.1,1,1015.8,1435,1018.6,12.2,3.8,1100.0,3.02,14.01,,,,,,5.1,2.4,12.8,2.9,12.3,12.9,12.6,12.4,12.2,12.1,13.5,16.0,17.5,2.9,4.1,,,,2026,3,12,81,1,0,1,0
184,제주,2026-03-23,13.1,8.2,612,16.6,1443,,,,,,,6.5,50,1748,4.0,20,1643,2.5,2185.0,20.0,0.1,31,506,41.9,6.4,1016.3,1019.9,910,1017.9,1534,1018.9,12.2,10.6,1200.0,3.3,23.02,,,,,,2.0,0.4,16.7,1.0,13.0,13.1,12.9,12.4,12.3,12.2,13.7,16.0,17.5,4.1,5.8,,,,2026,3,13,82,1,0,1,0
184,제주,2026-03-24,14.8,12.2,539,19.0,1125,,,,,3.15,3.0,12.7,70,1310,5.7,70,1304,3.6,3087.0,90.0,8.1,40,1152,65.3,10.8,1013.4,1019.2,1,1013.6,1722,1015.9,12.3,3.4,1100.0,2.71,12.3,,,,,,7.4,4.5,15.6,8.3,14.1,14.2,14.0,13.1,12.7,12.3,13.8,15.9,17.4,2.8,3.9,10.3,{비}1905-1926. {비}2112-{비}{강도0}2400- {박무}2222-{박무}{강도0}2400-,,2026,3,13,83,1,0,1,1
184,제주,2026-03-25,11.9,10.6,857,16.5,1538,,,,,11.48,10.3,11.0,20,126,6.6,50,701,3.4,2913.0,50.0,7.1,54,1546,73.1,10.1,1012.2,1017.3,2351,1012.2,450,1014.7,12.3,3.7,1500.0,2.04,9.54,,,,,,6.3,4.0,13.5,6.8,13.7,14.0,13.8,13.3,13.1,12.6,14.2,16.1,17.5,1.7,2.5,3.0,-{박무}-0136. {박무}0254-{박무}{강도0}0300-0342. -{비}-{비}{강도0}0300-0506. {비}0548-{비}{강도0}0600-0608. {비}0707-{비}{강도0}0900-{비}{강도0}1200-1310. {박무}0713-0748. {박무}0811-{박무}{강도0}0900-0912. {박무}1028-{박무}{강도0}1200-1215.,,2026,3,13,84,1,0,1,1
184,제주,2026-03-26,12.8,8.6,715,17.2,1639,,,,,,,5.6,20,1344,3.9,290,1755,2.4,2082.0,250.0,7.0,45,1325,69.0,10.0,1013.5,1017.2,1,1014.0,1621,1016.0,12.3,9.8,1200.0,2.98,20.63,,,,,,5.1,1.6,15.2,5.4,14.3,14.5,14.3,13.4,13.1,12.7,13.9,15.7,17.4,3.4,4.8,,{박무}0202-{박무}{강도0}0300-0451. {박무}0523-0536.,,2026,3,13,85,1,0,1,0
184,제주,2026-03-27,15.4,10.7,647,20.7,1448,,,,,,,7.0,320,1559,5.0,320,1608,2.6,2278.0,160.0,1.3,25,924,39.4,6.8,1012.9,1016.7,1,1013.2,1539,1015.3,12.4,9.7,1300.0,2.97,20.59,,,,,,2.9,0.0,16.7,5.2,14.9,15.1,14.9,13.9,13.6,12.9,13.9,15.9,17.4,4.5,6.5,,{연무}0725-0834.,,2026,3,13,86,1,0,1,0
184,제주,2026-03-28,13.9,11.0,738,19.4,1436,,,,,,,6.6,270,1624,4.5,320,1459,2.9,2497.0,320.0,5.3,24,1411,58.3,9.2,1013.6,1017.5,1043,1014.7,429,1016.1,12.4,10.4,1200.0,3.17,22.58,,,,,,1.9,0.0,18.4,6.6,15.5,15.6,15.5,14.4,13.9,13.0,13.9,15.1,17.1,4.1,5.8,,{연무}0250-{연무}{강도0}0300-0555. {박무}0540-{박무}{강도0}0600-{박무}{강도0}0900-0927. {연무}0910-1122.,,2026,3,13,87,1,0,1,0
184,제주,2026-03-29,16.3,11.4,703,22.8,1408,,,,,,,7.7,290,1438,4.6,290,1447,1.8,1518.0,180.0,4.9,18,1352,48.5,9.1,1012.7,1016.7,1,1013.9,1415,1015.1,12.4,6.0,1000.0,2.2,15.61,,,,,,5.9,3.4,18.6,5.7,15.5,15.6,15.5,14.7,14.2,13.2,14.0,15.7,17.3,3.2,4.5,0.0,,,2026,3,13,88,1,0,1,0
184,제주,2026-03-30,16.7,14.3,56,18.7,1514,,,,,12.15,4.1,13.9,270,2318,7.9,250,2321,3.1,2681.0,50.0,12.9,51,542,79.1,15.1,1006.0,1015.4,26,1001.7,2248,1008.4,12.5,0.1,900.0,0.66,4.48,,,,,,10.0,8.9,16.1,8.7,15.5,15.7,15.5,14.9,14.5,13.4,14.1,15.7,17.3,1.1,1.6,4.1,{비}0540-0555. {비}0835-{비}{강도0}0900-{안개비}0925-1017. {박무}1023-{박무}{강도0}1200-1412. {비}1040-{비}{강도0}1200-{비}{강도0}1500-{비}{강도0}1800-1819. {박무}1540-1722. {비}2013-{비}{강도0}2100-2246. {박무}2101-2203.,,2026,3,14,89,1,0,1,1
184,제주,2026-03-31,13.3,11.2,836,16.9,1525,,,,,,,15.9,250,209,8.3,250,203,3.9,3346.0,270.0,9.7,64,1350,79.4,12.1,1008.0,1014.4,2400,1000.9,118,1010.5,12.5,4.4,1300.0,2.95,14.82,,,,,,8.0,6.6,16.6,11.6,16.1,16.2,16.1,15.0,14.7,13.5,14.1,14.6,16.3,2.2,3.1,0.3,{박무}0015-0028. {박무}0149-0204. {박무}0445-0517. {박무}0641-{박무}{강도0}0900-1012.,,2026,3,14,90,1,0,1,0
184,제주,2026-04-01,14.0,11.4,2356,16.2,1450,0.3,623.0,0.4,1217.0,3.3,1.0,8.0,340,1827,4.7,320,1819,2.3,1995.0,50.0,10.0,63,2359,77.3,12.4,1010.8,1015.6,2352,1011.8,1535,1013.3,12.5,0.1,1400.0,1.23,6.75,,,,,,8.5,5.0,15.1,8.0,15.5,16.0,15.8,15.2,15.0,13.7,14.2,15.5,17.2,1.8,2.5,0.7,{비}0255-{비}{강도0}0300-0310. {박무}0256-{박무}{강도0}0300-0340. {박무}0516-{박무}{강도0}0600-0724. {비}0618-0638. {비}0715-0736. {비}0910-1008. {비}1052-1106. {비}1217-1327.,,2026,4,14,91,1,0,1,1
184,제주,2026-04-02,14.0,9.5,650,18.3,1322,,,,,,,7.8,290,1642,5.4,270,1523,3.1,2650.0,250.0,4.3,36,924,52.8,8.4,1014.7,1018.8,1123,1015.4,8,1017.2,12.6,11.3,1200.0,3.3,23.87,,,,,,1.5,0.0,16.4,4.0,15.1,15.6,15.4,14.9,14.8,13.8,14.3,15.0,16.9,4.3,6.1,,{연무}1410-{연무}{강도0}1500-1541. {연무}1828-1859.,,2026,4,14,92,1,0,1,0
184,제주,2026-04-03,15.9,12.5,635,20.8,1124,0.9,2131.0,2.7,2046.0,7.67,5.2,11.9,70,2052,6.9,50,2130,2.9,2489.0,160.0,7.6,43,1114,59.0,10.6,1009.4,1018.3,104,1000.7,2400,1011.9,12.6,3.2,1000.0,2.48,12.01,,,,,,8.4,4.9,16.0,7.1,15.4,15.8,15.7,15.1,14.9,13.9,14.4,15.6,17.1,2.8,4.0,24.1,{햇무리}1050-1130. {비}1620-{비}{강도0}1800-{비}{강도0}2100-{비}{강도0}2400- {박무}2035-{박무}{강도0}2100-2142. {박무}2323-{박무}{강도0}2400-,,2026,4,14,93,1,0,1,1
184,제주,2026-04-04,13.3,10.1,2356,18.8,340,1.8,233.0,8.3,120.0,5.22,18.9,15.7,270,522,9.0,250,531,5.3,4588.0,270.0,10.5,74,2206,83.5,12.9,999.5,1009.6,2159,991.7,336,1002.0,12.6,0.1,1100.0,1.17,4.9,,,,,,9.0,7.8,13.7,8.4,15.0,15.6,15.5,15.3,15.1,14.0,14.5,14.8,16.2,1.5,2.1,0.0,-{비}-{비}{강도1}0300-0333. -{박무}-{박무}{강도0}0300-0325. {박무}0730-0858. {비}0735-{비}{강도0}0900-0915.,,2026,4,14,94,1,0,1,1
184,제주,2026-04-05,13.3,7.4,651,18.4,1519,,,,,,,10.1,270,1303,5.8,290,1415,3.1,2707.0,270.0,7.3,50,1332,67.9,10.3,1007.7,1011.5,1010,1009.2,1907,1010.2,12.7,11.0,1200.0,3.51,24.55,,,,,,2.9,1.5,15.8,4.2,14.8,15.2,15.1,14.8,14.8,14.1,14.6,15.2,16.8,3.6,5.2,,,,2026,4,14,95,1,0,1,0
184,제주,2026-04-06,16.5,12.0,2348,24.4,1405,0.3,1811.0,0.3,1721.0,3.9,0.4,13.5,250,1454,7.8,230,1517,3.1,2655.0,50.0,11.2,49,1317,71.9,13.5,1006.9,1012.4,2354,1006.4,1723,1009.4,12.7,1.7,1300.0,2.38,13.44,,,,,,9.0,5.6,18.1,9.2,16.3,16.4,16.3,15.3,15.0,14.1,14.7,15.3,16.9,3.1,4.5,0.4,{비}1645-{소나기}1715-{비}1745-{비}{강도0}1800-2034. {박무}1747-{박무}{강도0}1800-2039. {비}2142-2147.,,2026,4,15,96,1,0,1,0
184,제주,2026-04-07,12.3,8.7,2336,15.7,1224,,,,,,,9.4,290,1817,5.4,320,1745,3.2,2759.0,320.0,-2.2,18,1200,38.1,5.3,1014.6,1020.8,2223,1011.7,337,1017.1,12.7,10.9,1200.0,3.6,23.34,,,,,,3.0,0.0,17.2,4.3,15.8,16.4,16.3,15.7,15.3,14.2,14.8,15.5,16.9,5.2,7.5,,,,2026,4,15,97,1,0,1,0
